2445000.00000 3.33552
2445001.00005 3.93394
2445002.00009 3.58410
2445003.00014 3.48321
2445004.00018 4.01287
2445005.00023 2.99224
2445006.00027 2.70478
2445007.00032 2.00642
2445008.00037 1.76206
2445009.00041 1.14576
2445010.00046 0.86511
2445011.00050 0.12804
2445012.00055 -0.51693
2445013.00059 -1.21459
2445014.00064 -2.19325
2445015.00068 -2.51115
2445016.00073 -3.53018
2445017.00078 -3.93537
2445018.00082 -6.19717
2445019.00087 -6.18299
2445020.00091 -6.56888
2445021.00096 -6.49236
2445022.00100 -8.33270
2445023.00105 -5.89809
2445024.00110 -6.98667
2445025.00114 -7.20337
2445026.00119 -7.26504
2445027.00123 -8.13444
2445028.00128 -9.61011
2445029.00132 -8.18815
2445030.00137 -8.85709
2445031.00141 -8.40777
2445032.00146 -7.23505
2445033.00151 -7.95360
2445034.00155 -7.51108
2445035.00160 -5.92592
2445036.00164 -6.46755
2445037.00169 -5.51517
2445038.00173 -4.71883
2445039.00178 -3.74566
2445040.00183 -3.01306
2445041.00187 -2.67889
2445042.00192 -2.06648
2445043.00196 -0.90336
2445044.00201 -0.39072
2445045.00205 0.38584
2445046.00210 1.01894
2445047.00214 1.67376
2445048.00219 2.25180
2445049.00224 2.61246
2445050.00228 3.07358
2445051.00233 3.56370
2445052.00237 3.81839
2445053.00242 2.82077
2445054.00246 3.98207
2445055.00251 4.34806
2445056.00256 3.67010
2445057.00260 3.97567
2445058.00265 3.92421
2445059.00269 3.27177
2445060.00274 2.88209
2445061.00278 2.05896
2445062.00283 1.83669
2445063.00287 1.33283
2445064.00292 0.60948
2445065.00297 -0.03550
2445066.00301 -0.69736
2445067.00306 -1.40516
2445068.00310 -2.08649
2445069.00315 -3.37826
2445070.00319 -3.48708
2445071.00324 -5.03732
2445072.00329 -5.14740
2445073.00333 -4.54952
2445074.00338 -5.87406
2445075.00342 -6.53330
2445076.00347 -7.82099
2445077.00351 -6.43632
2445078.00356 -7.68127
2445079.00361 -10.05899
2445080.00365 -8.88427
2445081.00370 -8.15759
2445082.00374 -8.55755
2445083.00379 -7.36925
2445084.00383 -8.98570
2445085.00388 -7.66619
2445086.00392 -7.91879
2445087.00397 -6.91497
2445088.00402 -6.89155
2445089.00406 -5.94208
2445090.00411 -4.55827
2445091.00415 -5.45943
2445092.00420 -3.19540
2445093.00424 -2.15603
2445094.00429 -2.70010
2445095.00434 -1.57299
2445096.00438 -0.99187
2445097.00443 -0.33566
2445098.00447 0.31331
2445099.00452 0.91370
2445100.00456 1.55886
2445101.00461 2.12020
2445102.00465 2.39721
2445103.00470 2.93562
2445104.00475 3.92720
2445105.00479 4.47059
2445106.00484 3.72398
2445107.00488 5.26853
2445108.00493 3.67250
2445109.00497 3.75023
2445110.00502 3.35436
2445111.00507 3.22048
2445112.00511 4.06095
2445113.00516 3.12396
2445114.00520 2.83285
2445115.00525 2.25898
2445116.00529 1.54352
2445117.00534 0.96154
2445118.00538 0.39712
2445119.00543 -0.18133
2445120.00548 -0.86041
2445121.00552 -1.78950
2445122.00557 -2.91285
2445123.00561 -2.83378
2445124.00566 -3.43732
2445125.00570 -5.16676
2445126.00575 -5.81275
2445127.00580 -5.36747
2445128.00584 -7.58937
2445129.00589 -7.80219
2445130.00593 -6.25097
2445131.00598 -8.05426
2445132.00602 -7.89783
2445133.00607 -9.06596
2445134.00611 -7.29676
2445135.00616 -8.31259
2445136.00621 -7.35837
2445137.00625 -8.43835
2445138.00630 -8.65822
2445139.00634 -7.54617
2445140.00639 -7.64549
2445141.00643 -6.92159
2445142.00648 -6.55200
2445143.00653 -6.12944
2445144.00657 -4.43493
2445145.00662 -3.92083
2445146.00666 -3.72751
2445147.00671 -2.18558
2445148.00675 -2.03432
2445149.00680 -1.04663
2445150.00684 -0.49676
2445151.00689 0.31064
2445152.00694 0.80538
2445153.00698 1.48495
2445154.00703 2.31118
2445155.00707 2.83619
2445156.00712 2.97515
2445157.00716 3.64874
2445158.00721 4.08708
2445159.00726 3.94371
2445160.00730 4.69220
2445161.00735 4.54113
2445162.00739 4.23435
2445163.00744 5.21827
2445164.00748 4.06199
2445165.00753 3.55166
2445166.00758 4.02980
2445167.00762 3.47146
2445168.00767 2.21929
2445169.00771 1.81305
2445170.00776 1.77080
2445171.00780 0.98543
2445172.00785 0.40981
2445173.00789 -0.31689
2445174.00794 -0.98639
2445175.00799 -1.65199
2445176.00803 -2.99343
2445177.00808 -3.57936
2445178.00812 -3.34303
2445179.00817 -4.43967
2445366.01670 2.64450
2445367.01675 3.82343
2445368.01679 4.10962
2445369.01684 4.23384
2445370.01688 4.10591
2445371.01693 5.72109
2445372.01698 6.08671
2445373.01702 5.72966
2445374.01707 6.88074
2445375.01711 6.03225
2445376.01716 5.88079
2445377.01720 6.42063
2445378.01725 5.81156
2445379.01729 5.66254
2445380.01734 3.85150
2445381.01739 4.64013
2445382.01743 3.78557
2445383.01748 3.23640
2445384.01752 2.75666
2445385.01757 2.02185
2445386.01761 1.59471
2445387.01766 0.68344
2445388.01771 0.04254
2445389.01775 -0.68927
2445390.01780 -1.21794
2445391.01784 -2.22779
2445392.01789 -2.87698
2445393.01793 -3.55367
2445394.01798 -3.03945
2445395.01803 -4.18128
2445396.01807 -5.41738
2445397.01812 -5.65400
2445398.01816 -6.35849
2445399.01821 -5.02274
2445400.01825 -7.34673
2445401.01830 -7.11262
2445402.01834 -5.92633
2445403.01839 -5.34547
2445404.01844 -6.30414
2445405.01848 -6.22858
2445406.01853 -5.72741
2445407.01857 -5.31859
2445408.01862 -3.86965
2445409.01866 -4.18126
2445410.01871 -3.92896
2445411.01876 -3.02984
2445412.01880 -2.24851
2445413.01885 -1.94225
2445414.01889 -1.01869
2445415.01894 -0.30343
2445416.01898 0.38870
2445417.01903 1.12481
2445418.01907 1.80065
2445419.01912 2.45293
2445420.01917 3.83866
2445421.01921 3.84692
2445422.01926 4.54329
2445423.01930 5.20057
2445424.01935 5.26583
2445425.01939 5.39582
2445426.01944 6.79521
2445427.01949 7.01153
2445428.01953 6.75927
2445429.01958 6.14094
2445430.01962 6.35111
2445431.01967 5.49022
2445432.01971 5.79065
2445433.01976 4.77458
2445434.01980 5.41381
2445435.01985 5.29536
2445436.01990 3.56379
2445437.01994 4.03324
2445438.01999 2.97337
2445439.02003 1.96092
2445440.02008 1.46177
2445441.02012 0.81334
2445442.02017 -0.02188
2445443.02022 -0.66296
2445444.02026 -1.52703
2445445.02031 -2.37289
2445446.02035 -2.83655
2445447.02040 -3.42087
2445448.02044 -4.12726
2445449.02049 -4.83998
2445450.02053 -5.52502
2445451.02058 -5.02022
2445452.02063 -6.11951
2445453.02067 -5.46698
2445454.02072 -6.27494
2445455.02076 -6.21283
2445456.02081 -6.85014
2445457.02085 -5.77470
2445458.02090 -5.97993
2445459.02095 -6.13644
2445460.02099 -5.30092
2445461.02104 -5.16077
2445462.02108 -4.92189
2445463.02113 -3.41328
2445464.02117 -3.43183
2445465.02122 -2.31021
2445466.02126 -1.33133
2445467.02131 -1.09959
2445468.02136 -0.25542
2445469.02140 0.45646
2445470.02145 1.24605
2445471.02149 1.59787
2445472.02154 2.75228
2445473.02158 3.34773
2445474.02163 4.88905
2445475.02168 3.59202
2445476.02172 4.78752
2445477.02177 5.73120
2445478.02181 6.37465
2445479.02186 6.08325
2445480.02190 7.18529
2445481.02195 6.55565
2445482.02200 6.65173
2445483.02204 5.39471
2445484.02209 6.77537
2445485.02213 7.13224
2445486.02218 5.31872
2445487.02222 5.29246
2445488.02227 4.37604
2445489.02231 4.80714
2445490.02236 3.96481
2445491.02241 3.69308
2445492.02245 2.73804
2445493.02250 2.04936
2445494.02254 1.34747
2445495.02259 0.63931
2445496.02263 -0.10180
2445497.02268 -0.79093
2445498.02273 -1.31436
2445499.02277 -1.99806
2445500.02282 -2.35645
2445501.02286 -3.86203
2445502.02291 -4.30639
2445503.02295 -3.99053
2445504.02300 -5.40127
2445505.02304 -4.39803
2445506.02309 -5.79387
2445507.02314 -5.77712
2445508.02318 -6.00732
2445509.02323 -5.79566
2445510.02327 -4.77744
2445511.02332 -4.83183
2445512.02336 -4.27904
2445513.02341 -3.85548
2445514.02346 -4.80485
2445515.02350 -4.54008
2445516.02355 -3.52882
2445517.02359 -2.89810
2445518.02364 -2.70217
2445519.02368 -1.54203
2445520.02373 -1.06471
2445521.02377 -0.24244
2445522.02382 0.54708
2445523.02387 1.31133
2445524.02391 1.99984
2445525.02396 2.76375
2445526.02400 3.60430
2445527.02405 3.78470
2445528.02409 4.77668
2445529.02414 5.16447
2445530.02419 5.72336
2445531.02423 6.75495
2445532.02428 6.57110
2445533.02432 7.58699
2445534.02437 6.47466
2445535.02441 6.83292
2445536.02446 5.84611
2445537.02450 6.15203
2445538.02455 6.38596
2445539.02460 6.68055
2445540.02464 5.74115
2445541.02469 5.02005
2445542.02473 5.33388
2445543.02478 3.84734
2445544.02482 3.36697
2445545.02487 3.10512
2445731.03336 -1.45414
2445732.03340 -0.93575
2445733.03345 -0.16905
2445734.03349 0.58769
2445735.03354 1.34200
2445736.03359 2.37379
2445737.03363 2.80879
2445738.03368 3.98745
2445739.03372 4.45597
2445740.03377 4.67458
2445741.03381 4.96723
2445742.03386 6.17266
2445743.03391 5.73877
2445744.03395 6.89812
2445745.03400 7.32604
2445746.03404 8.65530
2445747.03409 7.40209
2445748.03413 8.46806
2445749.03418 7.37213
2445750.03422 8.84027
2445751.03427 9.23228
2445752.03432 7.16804
2445753.03436 7.64210
2445754.03441 9.03094
2445755.03445 6.24185
2445756.03450 5.33267
2445757.03454 5.80907
2445758.03459 4.52920
2445759.03464 4.57984
2445760.03468 4.05110
2445761.03473 2.70504
2445762.03477 1.94954
2445763.03482 1.71297
2445764.03486 0.97060
2445765.03491 0.11295
2445766.03495 -0.48980
2445767.03500 -1.00309
2445768.03505 -1.69370
2445769.03509 -2.34324
2445770.03514 -2.67404
2445771.03518 -3.00732
2445772.03523 -4.46413
2445773.03527 -3.96536
2445774.03532 -4.64907
2445775.03537 -4.59889
2445776.03541 -4.10241
2445777.03546 -4.21252
2445778.03550 -4.00729
2445779.03555 -3.83418
2445780.03559 -3.53359
2445781.03564 -3.08032
2445782.03568 -2.20466
2445783.03573 -1.95002
2445784.03578 -1.64019
2445785.03582 -0.90332
2445786.03587 -0.17679
2445787.03591 0.50297
2445788.03596 1.30915
2445789.03600 1.98086
2445790.03605 2.78429
2445791.03610 3.90091
2445792.03614 4.34161
2445793.03619 5.80012
2445794.03623 5.14314
2445795.03628 5.54884
2445796.03632 6.91891
2445797.03637 6.98385
2445798.03642 7.65228
2445799.03646 8.17426
2445800.03651 7.09883
2445801.03655 6.51361
2445802.03660 9.02679
2445803.03664 7.21663
2445804.03669 7.91820
2445805.03673 8.03492
2445806.03678 7.86144
2445807.03683 8.19241
2445808.03687 7.67316
2445809.03692 6.88119
2445810.03696 6.53704
2445811.03701 5.01900
2445812.03705 4.58464
2445813.03710 5.82039
2445814.03715 3.63070
2445815.03719 3.10398
2445816.03724 1.87733
2445817.03728 1.49245
2445818.03733 0.65428
2445819.03737 -0.02751
2445820.03742 -0.57052
2445821.03746 -1.11475
2445822.03751 -1.89954
2445823.03756 -2.35366
2445824.03760 -2.97623
2445825.03765 -3.62231
2445826.03769 -3.52516
2445827.03774 -3.69171
2445828.03778 -3.51533
2445829.03783 -3.74783
2445830.03788 -4.34648
2445831.03792 -4.62487
2445832.03797 -3.75450
2445833.03801 -3.78769
2445834.03806 -3.02699
2445835.03810 -2.44727
2445836.03815 -1.99350
2445837.03819 -1.56704
2445838.03824 -0.84950
2445839.03829 -0.19589
2445840.03833 0.48559
2445841.03838 1.23175
2445842.03842 1.82207
2445843.03847 2.71315
2445844.03851 3.92777
2445845.03856 4.10915
2445846.03861 4.67979
2445847.03865 6.16995
2445848.03870 6.02873
2445849.03874 7.09939
2445850.03879 7.36798
2445851.03883 8.05875
2445852.03888 8.70613
2445853.03892 9.39004
2445854.03897 9.44754
2445855.03902 9.93246
2445856.03906 8.49881
2445857.03911 7.63097
2445858.03915 8.40483
2445859.03920 10.70337
2445860.03924 7.94943
2445861.03929 6.23068
2445862.03934 9.11043
2445863.03938 6.82369
2445864.03943 5.61225
2445865.03947 4.85965
2445866.03952 4.90338
2445867.03956 4.44622
2445868.03961 3.64504
2445869.03966 2.92017
2445870.03970 1.65439
2445871.03975 1.07007
2445872.03979 0.49798
2445873.03984 -0.16351
2445874.03988 -0.86035
2445875.03993 -1.74613
2445876.03997 -1.79224
2445877.04002 -3.12056
2445878.04007 -2.99545
2445879.04011 -2.93816
2445880.04016 -3.18858
2445881.04020 -4.23396
2445882.04025 -3.38384
2445883.04029 -3.21384
2445884.04034 -3.40878
2445885.04039 -3.57200
2445886.04043 -3.08808
2445887.04048 -3.13117
2445888.04052 -2.24194
2445889.04057 -1.73168
2445890.04061 -1.57619
2445891.04066 -0.85005
2445892.04070 -0.25678
2445893.04075 0.38557
2445894.04080 0.85672
2445895.04084 1.87098
2445896.04089 1.79049
2445897.04093 3.86812
2445898.04098 4.31128
2445899.04102 4.65911
2445900.04107 5.98017
2445901.04112 5.39086
2445902.04116 7.46216
2445903.04121 7.40043
2445904.04125 7.89916
2445905.04130 7.77078
2445906.04134 8.17923
2445907.04139 9.15669
2445908.04143 8.02752
2445909.04148 7.79004
2445910.04153 9.83991
2446096.05001 -3.00619
2446097.05006 -3.46101
2446098.05010 -3.02150
2446099.05015 -2.85233
2446100.05020 -2.78122
2446101.05024 -2.19559
2446102.05029 -1.82622
2446103.05033 -1.20907
2446104.05038 -0.74355
2446105.05042 -0.17854
2446106.05047 0.45532
2446107.05052 1.22183
2446108.05056 1.54691
2446109.05061 2.32257
2446110.05065 3.29411
2446111.05070 4.03705
2446112.05074 5.28904
2446113.05079 4.73114
2446114.05084 5.89981
2446115.05088 6.79293
2446116.05093 7.13181
2446117.05097 7.29404
2446118.05102 7.79989
2446119.05106 8.92438
2446120.05111 8.75712
2446121.05115 8.87074
2446122.05120 8.24927
2446123.05125 11.54629
2446124.05129 9.49329
2446125.05134 10.68551
2446126.05138 8.76565
2446127.05143 8.83276
2446128.05147 8.78144
2446129.05152 7.81855
2446130.05157 7.49592
2446131.05161 7.00095
2446132.05166 6.08596
2446133.05170 5.50349
2446134.05175 5.36742
2446135.05179 3.74346
2446136.05184 4.00825
2446137.05188 2.83278
2446138.05193 1.89037
2446139.05198 1.34463
2446140.05202 0.59102
2446141.05207 -0.10308
2446142.05211 -0.72031
2446143.05216 -1.47187
2446144.05220 -1.87990
2446145.05225 -2.16589
2446146.05230 -2.40832
2446147.05234 -2.78343
2446148.05239 -2.86915
2446149.05243 -3.17513
2446150.05248 -2.91764
2446151.05252 -2.38835
2446152.05257 -2.84924
2446153.05261 -2.69471
2446154.05266 -2.34639
2446155.05271 -1.79345
2446156.05275 -1.49564
2446157.05280 -0.88645
2446158.05284 -0.34505
2446159.05289 0.29818
2446160.05293 0.97082
2446161.05298 1.65168
2446162.05303 2.44399
2446163.05307 3.09972
2446164.05312 3.91066
2446165.05316 5.19683
2446166.05321 5.03351
2446167.05325 5.18416
2446168.05330 6.69342
2446169.05334 7.33701
2446170.05339 8.50359
2446171.05344 8.08957
2446172.05348 8.23264
2446173.05353 8.40371
2446174.05357 8.62567
2446175.05362 8.58433
2446176.05366 8.31676
2446177.05371 7.37875
2446178.05376 10.11407
2446179.05380 9.34998
2446180.05385 10.77633
2446181.05389 7.30710
2446182.05394 9.74452
2446183.05398 7.55024
2446184.05403 5.99184
2446185.05408 5.21221
2446186.05412 5.56149
2446187.05417 5.66083
2446188.05421 4.59984
2446189.05426 3.61259
2446190.05430 3.35430
2446191.05435 2.30481
2446192.05439 1.30902
2446193.05444 0.96377
2446194.05449 0.16571
2446195.05453 -0.48943
2446196.05458 -1.04198
2446197.05462 -1.48779
2446198.05467 -2.12245
2446199.05471 -2.79630
2446200.05476 -2.84731
2446201.05481 -2.62222
2446202.05485 -3.05397
2446203.05490 -2.76182
2446204.05494 -2.91921
2446205.05499 -3.12537
2446206.05503 -2.95960
2446207.05508 -2.43079
2446208.05512 -2.07556
2446209.05517 -1.66373
2446210.05522 -1.15801
2446211.05526 -0.62988
2446212.05531 -0.00816
2446213.05535 0.59606
2446214.05540 1.19887
2446215.05544 2.21113
2446216.05549 2.51340
2446217.05554 2.86542
2446218.05558 4.11162
2446219.05563 5.11353
2446220.05567 5.57284
2446221.05572 5.56959
2446222.05576 7.70486
2446223.05581 7.67459
2446224.05585 8.92753
2446225.05590 8.39838
2446226.05595 9.22964
2446227.05599 8.04822
2446228.05604 6.43287
2446229.05608 9.43294
2446230.05613 8.16942
2446231.05617 10.18884
2446232.05622 10.08795
2446233.05627 9.28733
2446234.05631 7.96962
2446235.05636 8.30853
2446236.05640 8.29750
2446237.05645 7.64040
2446238.05649 6.14458
2446239.05654 4.97870
2446240.05658 5.67466
2446241.05663 4.75826
2446242.05668 4.27573
2446243.05672 3.30234
2446244.05677 2.53001
2446245.05681 1.80855
2446246.05686 1.09403
2446247.05690 0.55309
2446248.05695 -0.20509
2446249.05700 -0.82664
2446250.05704 -1.24877
2446251.05709 -1.74740
2446252.05713 -2.22510
2446253.05718 -2.80678
2446254.05722 -3.21937
2446255.05727 -3.04118
2446256.05731 -3.17821
2446257.05736 -3.28106
2446258.05741 -2.80172
2446259.05745 -2.61319
2446260.05750 -2.32782
2446261.05754 -2.53880
2446262.05759 -1.70202
2446263.05763 -1.69649
2446264.05768 -0.89518
2446265.05773 -0.27283
2446266.05777 0.30546
2446267.05782 0.88191
2446268.05786 1.71587
2446269.05791 2.85636
2446270.05795 3.73013
2446271.05800 4.38270
2446272.05805 4.18257
2446273.05809 5.35129
2446274.05814 7.36896
2446275.05818 7.25460
2446461.06667 -0.22997
2446462.06672 -0.76728
2446463.06676 -1.52514
2446464.06681 -2.00597
2446465.06685 -2.23441
2446466.06690 -2.91060
2446467.06694 -3.28902
2446468.06699 -3.00114
2446469.06703 -3.25278
2446470.06708 -3.46630
2446471.06713 -2.81547
2446472.06717 -3.38817
2446473.06722 -3.16662
2446474.06726 -3.09436
2446475.06731 -2.90614
2446476.06735 -2.54175
2446477.06740 -1.58498
2446478.06745 -1.23511
2446479.06749 -0.42790
2446480.06754 0.06630
2446481.06758 0.70122
2446482.06763 1.51964
2446483.06767 1.97342
2446484.06772 2.49545
2446485.06776 3.91226
2446486.06781 3.42170
2446487.06786 5.17334
2446488.06790 5.85674
2446489.06795 6.93595
2446490.06799 7.24115
2446491.06804 9.47902
2446492.06808 7.55619
2446493.06813 7.12610
2446494.06818 10.84663
2446495.06822 8.79933
2446496.06827 8.06044
2446497.06831 7.46544
2446498.06836 8.53949
2446499.06840 8.00239
2446500.06845 7.80587
2446501.06850 6.46360
2446502.06854 7.48794
2446503.06859 7.63795
2446504.06863 6.12276
2446505.06868 5.95923
2446506.06872 5.33166
2446507.06877 4.97932
2446508.06881 4.94145
2446509.06886 3.58158
2446510.06891 2.44896
2446511.06895 2.00264
2446512.06900 1.33950
2446513.06904 0.50538
2446514.06909 -0.12507
2446515.06913 -0.84031
2446516.06918 -1.40290
2446517.06923 -2.00442
2446518.06927 -2.83371
2446519.06932 -3.01601
2446520.06936 -3.21285
2446521.06941 -3.10119
2446522.06945 -4.14930
2446523.06950 -4.11503
2446524.06954 -4.21754
2446525.06959 -4.32845
2446526.06964 -4.50823
2446527.06968 -3.17979
2446528.06973 -2.97458
2446529.06977 -2.50903
2446530.06982 -2.09659
2446531.06986 -1.69813
2446532.06991 -1.10961
2446533.06996 -0.36691
2446534.07000 0.27783
2446535.07005 0.94997
2446536.07009 1.51556
2446537.07014 2.43853
2446538.07018 3.20932
2446539.07023 3.62797
2446540.07027 4.68271
2446541.07032 5.54900
2446542.07037 6.13529
2446543.07041 7.08293
2446544.07046 7.59129
2446545.07050 8.23193
2446546.07055 7.43485
2446547.07059 8.81619
2446548.07064 8.82324
2446549.07069 9.27147
2446550.07073 8.75052
2446551.07078 9.05068
2446552.07082 7.66012
2446553.07087 8.73441
2446554.07091 9.05611
2446555.07096 9.00047
2446556.07100 7.21232
2446557.07105 8.02859
2446558.07110 6.15620
2446559.07114 6.04469
2446560.07119 5.03056
2446561.07123 4.85652
2446562.07128 3.66553
2446563.07132 2.68613
2446564.07137 2.33550
2446565.07142 1.30808
2446566.07146 0.67026
2446567.07151 -0.06272
2446568.07155 -0.66467
2446569.07160 -1.60790
2446570.07164 -2.02935
2446571.07169 -2.78832
2446572.07173 -3.23409
2446573.07178 -3.30343
2446574.07183 -3.83989
2446575.07187 -3.54160
2446576.07192 -4.06259
2446577.07196 -3.95268
2446578.07201 -4.31451
2446579.07205 -3.58141
2446580.07210 -3.60175
2446581.07215 -3.20669
2446582.07219 -2.79337
2446583.07224 -2.36508
2446584.07228 -2.00131
2446585.07233 -1.50104
2446586.07237 -0.81432
2446587.07242 -0.25572
2446588.07247 0.41187
2446589.07251 1.24864
2446590.07256 2.06839
2446591.07260 2.59234
2446592.07265 3.53988
2446593.07269 4.22909
2446594.07274 4.77321
2446595.07278 4.59060
2446596.07283 5.32799
2446597.07288 6.29928
2446598.07292 7.06312
2446599.07297 6.58197
2446600.07301 6.17666
2446601.07306 8.00311
2446602.07310 8.28503
2446603.07315 9.11030
2446604.07320 10.03041
2446605.07324 7.20694
2446606.07329 8.46746
2446607.07333 9.84337
2446608.07338 6.62946
2446609.07342 6.53539
2446610.07347 7.43776
2446611.07351 6.36860
2446612.07356 5.82076
2446613.07361 5.34136
2446614.07365 4.67561
2446615.07370 3.80059
2446616.07374 3.07629
2446617.07379 1.91561
2446618.07383 1.57495
2446619.07388 0.81005
2446620.07393 -0.01278
2446621.07397 -0.66574
2446622.07402 -1.09451
2446623.07406 -1.91421
2446624.07411 -2.24913
2446625.07415 -2.47623
2446626.07420 -3.51919
2446627.07424 -3.24587
2446628.07429 -4.44806
2446629.07434 -4.53382
2446630.07438 -4.68456
2446631.07443 -5.18839
2446632.07447 -4.48945
2446633.07452 -3.98972
2446634.07456 -3.88847
2446635.07461 -3.88316
2446636.07466 -3.78933
2446637.07470 -2.75910
2446638.07475 -2.20294
2446639.07479 -1.16676
2446640.07484 -0.80304
2446827.08337 4.23480
2446828.08342 2.70526
2446829.08346 2.42823
2446830.08351 1.49724
2446831.08355 0.65939
2446832.08360 -0.02406
2446833.08365 -0.77055
2446834.08369 -1.50797
2446835.08374 -2.49545
2446836.08378 -2.22900
2446837.08383 -3.17945
2446838.08387 -4.32375
2446839.08392 -4.18437
2446840.08396 -4.91190
2446841.08401 -4.35349
2446842.08406 -5.45255
2446843.08410 -5.47449
2446844.08415 -5.85976
2446845.08419 -5.22899
2446846.08424 -5.39457
2446847.08428 -4.54415
2446848.08433 -4.76692
2446849.08438 -3.44991
2446850.08442 -4.19764
2446851.08447 -3.93548
2446852.08451 -3.31708
2446853.08456 -2.66577
2446854.08460 -1.98568
2446855.08465 -0.97603
2446856.08469 -0.45134
2446857.08474 0.29509
2446858.08479 0.88866
2446859.08483 1.74640
2446860.08488 1.88353
2446861.08492 3.25864
2446862.08497 3.59905
2446863.08501 5.11696
2446864.08506 5.37979
2446865.08511 5.90690
2446866.08515 5.38271
2446867.08520 6.48386
2446868.08524 7.81723
2446869.08529 6.22497
2446870.08533 6.27580
2446871.08538 6.91484
2446872.08542 6.98871
2446873.08547 7.12419
2446874.08552 6.79304
2446875.08556 6.27602
2446876.08561 5.34023
2446877.08565 6.33782
2446878.08570 5.48439
2446879.08574 4.37915
2446880.08579 3.99353
2446881.08584 2.86404
2446882.08588 1.90578
2446883.08593 1.56529
2446884.08597 0.60511
2446885.08602 -0.04317
2446886.08606 -0.87729
2446887.08611 -1.29021
2446888.08615 -1.77813
2446889.08620 -3.22756
2446890.08625 -3.94857
2446891.08629 -3.79094
2446892.08634 -3.78711
2446893.08638 -4.55405
2446894.08643 -5.68528
2446895.08647 -4.65516
2446896.08652 -4.41229
2446897.08657 -6.35373
2446898.08661 -5.58888
2446899.08666 -5.37731
2446900.08670 -5.74227
2446901.08675 -5.82930
2446902.08679 -5.56696
2446903.08684 -5.46496
2446904.08689 -3.80967
2446905.08693 -3.83649
2446906.08698 -2.55390
2446907.08702 -2.30551
2446908.08707 -1.78760
2446909.08711 -0.91902
2446910.08716 -0.36336
2446911.08720 0.34950
2446912.08725 1.18617
2446913.08730 1.72895
2446914.08734 2.57404
2446915.08739 3.31695
2446916.08743 3.85575
2446917.08748 4.58263
2446918.08752 5.12939
2446919.08757 5.49893
2446920.08762 5.48531
2446921.08766 5.47339
2446922.08771 5.86845
2446923.08775 6.04808
2446924.08780 6.97753
2446925.08784 7.64610
2446926.08789 6.40975
2446927.08793 6.98111
2446928.08798 5.52384
2446929.08803 5.50191
2446930.08807 5.06395
2446931.08812 4.92688
2446932.08816 3.83951
2446933.08821 3.73377
2446934.08825 2.91484
2446935.08830 2.15488
2446936.08835 1.31763
2446937.08839 0.54824
2446938.08844 -0.09318
2446939.08848 -0.76662
2446940.08853 -1.83058
2446941.08857 -2.61491
2446942.08862 -3.01355
2446943.08866 -3.85760
2446944.08871 -2.80489
2446945.08876 -4.54189
2446946.08880 -5.31305
2446947.08885 -4.86330
2446948.08889 -5.82939
2446949.08894 -6.06556
2446950.08898 -5.02818
2446951.08903 -7.49636
2446952.08908 -6.76431
2446953.08912 -5.72589
2446954.08917 -6.40006
2446955.08921 -6.09225
2446956.08926 -4.76078
2446957.08930 -5.07459
2446958.08935 -4.09306
2446959.08939 -3.78114
2446960.08944 -2.96649
2446961.08949 -2.44167
2446962.08953 -1.58357
2446963.08958 -0.91809
2446964.08962 -0.30715
2446965.08967 0.37309
2446966.08971 1.15454
2446967.08976 1.77030
2446968.08981 2.37958
2446969.08985 2.65295
2446970.08990 3.65533
2446971.08994 4.37717
2446972.08999 4.55982
2446973.09003 5.23975
2446974.09008 5.97684
2446975.09013 6.71264
2446976.09017 6.99492
2446977.09022 5.76350
2446978.09026 5.71408
2446979.09031 5.25986
2446980.09035 6.42927
2446981.09040 5.80600
2446982.09044 6.14120
2446983.09049 5.06839
2446984.09054 4.25689
2446985.09058 3.95424
2446986.09063 3.30880
2446987.09067 2.54466
2446988.09072 2.07906
2446989.09076 1.23216
2446990.09081 0.70388
2446991.09086 -0.14691
2446992.09090 -0.76492
2446993.09095 -1.68497
2446994.09099 -2.99362
2446995.09104 -3.54686
2446996.09108 -3.67771
2446997.09113 -4.43334
2446998.09117 -4.60265
2446999.09122 -5.50431
2447000.09127 -5.36280
2447001.09131 -6.02182
2447002.09136 -5.87569
2447003.09140 -5.89862
2447004.09145 -6.21421
2447005.09149 -6.74232
2447006.09154 -5.54293
2447192.10003 4.79367
2447193.10007 4.38208
2447194.10012 4.34641
2447195.10016 4.43560
2447196.10021 4.31391
2447197.10026 3.73354
2447198.10030 3.21048
2447199.10035 2.36511
2447200.10039 2.04887
2447201.10044 1.19505
2447202.10048 0.47586
2447203.10053 -0.25665
2447204.10057 -0.89444
2447205.10062 -1.79578
2447206.10067 -2.70334
2447207.10071 -3.57304
2447208.10076 -3.52751
2447209.10080 -4.47088
2447210.10085 -4.91570
2447211.10089 -5.88964
2447212.10094 -6.26358
2447213.10099 -6.77660
2447214.10103 -7.96426
2447215.10108 -6.83863
2447216.10112 -8.33394
2447217.10117 -8.24391
2447218.10121 -7.58828
2447219.10126 -7.03872
2447220.10131 -8.21666
2447221.10135 -6.96447
2447222.10140 -7.01924
2447223.10144 -7.05145
2447224.10149 -6.52198
2447225.10153 -6.02550
2447226.10158 -5.28643
2447227.10162 -4.24665
2447228.10167 -4.02402
2447229.10172 -3.55042
2447230.10176 -2.86628
2447231.10181 -1.98545
2447232.10185 -1.34126
2447233.10190 -0.65065
2447234.10194 0.17844
2447235.10199 0.83638
2447236.10204 1.47225
2447237.10208 2.39147
2447238.10213 2.52588
2447239.10217 3.29193
2447240.10222 3.58354
2447241.10226 4.07537
2447242.10231 3.96410
2447243.10235 4.80854
2447244.10240 5.32190
2447245.10245 4.11645
2447246.10249 4.81808
2447247.10254 4.38015
2447248.10258 4.24447
2447249.10263 3.95413
2447250.10267 2.96278
2447251.10272 2.69301
2447252.10277 2.33811
2447253.10281 2.03245
2447254.10286 1.13995
2447255.10290 0.52275
2447256.10295 -0.20748
2447257.10299 -0.93233
2447258.10304 -1.65521
2447259.10308 -2.62215
2447260.10313 -3.20889
2447261.10318 -4.03597
2447262.10322 -4.59213
2447263.10327 -5.57107
2447264.10331 -4.76412
2447265.10336 -7.45814
2447266.10340 -8.00620
2447267.10345 -6.96505
2447268.10350 -6.99105
2447269.10354 -6.61587
2447270.10359 -8.27373
2447271.10363 -8.15438
2447272.10368 -7.75679
2447273.10372 -6.95465
2447274.10377 -8.96189
2447275.10381 -7.52775
2447276.10386 -6.87858
2447277.10391 -7.17874
2447278.10395 -6.19425
2447279.10400 -6.30389
2447280.10404 -4.69661
2447281.10409 -5.54332
2447282.10413 -4.14127
2447283.10418 -3.14192
2447284.10423 -2.68239
2447285.10427 -1.71393
2447286.10432 -1.13397
2447287.10436 -0.40849
2447288.10441 0.29399
2447289.10445 0.94168
2447290.10450 1.31399
2447291.10455 2.53088
2447292.10459 3.04094
2447293.10464 3.35907
2447294.10468 3.39112
2447295.10473 3.99993
2447296.10477 3.35753
2447297.10482 3.54678
2447298.10486 5.29082
2447299.10491 3.71098
2447300.10496 3.99730
2447301.10500 3.98017
2447302.10505 3.76801
2447303.10509 3.28242
2447304.10514 2.74405
2447305.10518 2.32439
2447306.10523 1.98934
2447307.10528 1.24596
2447308.10532 0.54621
2447309.10537 -0.21992
2447310.10541 -0.85825
2447311.10546 -1.62296
2447312.10550 -2.53964
2447313.10555 -2.55186
2447314.10559 -4.41945
2447315.10564 -4.57062
2447316.10569 -4.60532
2447317.10573 -5.75613
2447318.10578 -7.67995
2447319.10582 -5.93486
2447320.10587 -8.63763
2447321.10591 -8.68409
2447322.10596 -7.27432
2447323.10601 -9.06487
2447324.10605 -8.61371
2447325.10610 -9.26583
2447326.10614 -8.33995
2447327.10619 -7.28145
2447328.10623 -9.33012
2447329.10628 -7.57489
2447330.10632 -8.66411
2447331.10637 -5.48875
2447332.10642 -7.03121
2447333.10646 -5.53930
2447334.10651 -5.09615
2447335.10655 -4.52629
2447336.10660 -4.06486
2447337.10664 -3.61077
2447338.10669 -2.08444
2447339.10674 -1.87167
2447340.10678 -0.99459
2447341.10683 -0.28225
2447342.10687 0.45069
2447343.10692 1.29734
2447344.10696 1.54501
2447345.10701 2.23589
2447346.10705 2.98011
2447347.10710 3.52184
2447348.10715 3.39773
2447349.10719 3.67194
2447350.10724 4.39720
2447351.10728 3.25629
2447352.10733 4.36800
2447353.10737 3.61220
2447354.10742 3.81906
2447355.10747 3.53838
2447356.10751 2.99590
2447357.10756 2.87345
2447358.10760 2.23095
2447359.10765 1.95667
2447360.10769 1.09275
2447361.10774 0.48502
2447362.10778 -0.13808
2447363.10783 -0.85735
2447364.10788 -1.34393
2447365.10792 -2.33147
2447366.10797 -3.06843
2447367.10801 -4.26004
2447368.10806 -4.42613
2447369.10810 -5.78894
2447370.10815 -5.94853
2447371.10820 -7.02419
2447557.11668 0.54101
2447558.11673 1.08992
2447559.11677 1.82057
2447560.11682 1.88897
2447561.11687 2.50584
2447562.11691 2.85205
2447563.11696 3.01074
2447564.11700 3.56050
2447565.11705 3.25890
2447566.11709 2.92447
2447567.11714 3.29007
2447568.11719 3.50842
2447569.11723 2.52004
2447570.11728 2.33887
2447571.11732 1.97145
2447572.11737 1.57593
2447573.11741 0.95381
2447574.11746 0.28351
2447575.11750 -0.38921
2447576.11755 -1.11447
2447577.11760 -1.69697
2447578.11764 -2.69678
2447579.11769 -3.70928
2447580.11773 -4.08914
2447581.11778 -4.96809
2447582.11782 -5.63274
2447583.11787 -5.76947
2447584.11792 -6.65854
2447585.11796 -7.46738
2447586.11801 -8.74164
2447587.11805 -8.59842
2447588.11810 -10.04346
2447589.11814 -9.63986
2447590.11819 -9.90477
2447591.11823 -9.29261
2447592.11828 -9.29860
2447593.11833 -9.54927
2447594.11837 -10.23807
2447595.11842 -10.52900
2447596.11846 -7.51935
2447597.11851 -9.02692
2447598.11855 -8.10946
2447599.11860 -7.72986
2447600.11865 -6.22070
2447601.11869 -6.00793
2447602.11874 -5.92288
2447603.11878 -4.58216
2447604.11883 -4.66765
2447605.11887 -3.41143
2447606.11892 -3.43171
2447607.11897 -1.84712
2447608.11901 -1.24148
2447609.11906 -0.51240
2447610.11910 0.17165
2447611.11915 0.70540
2447612.11919 1.22565
2447613.11924 1.54417
2447614.11928 2.25253
2447615.11933 2.57805
2447616.11938 3.08027
2447617.11942 3.05317
2447618.11947 3.27804
2447619.11951 3.35957
2447620.11956 3.24059
2447621.11960 2.93665
2447622.11965 2.88720
2447623.11970 2.57986
2447624.11974 2.23432
2447625.11979 1.92413
2447626.11983 0.93478
2447627.11988 0.47630
2447628.11992 -0.18233
2447629.11997 -0.84019
2447630.12001 -1.44551
2447631.12006 -2.24092
2447632.12011 -3.35407
2447633.12015 -3.96822
2447634.12020 -4.24495
2447635.12024 -5.61967
2447636.12029 -6.54860
2447637.12033 -6.74215
2447638.12038 -8.17321
2447639.12043 -8.26873
2447640.12047 -6.57967
2447641.12052 -9.04041
2447642.12056 -8.56503
2447643.12061 -9.91613
2447644.12065 -8.74422
2447645.12070 -9.66384
2447646.12074 -8.67114
2447647.12079 -9.62783
2447648.12084 -9.58111
2447649.12088 -9.03078
2447650.12093 -8.55503
2447651.12097 -7.96094
2447652.12102 -8.19875
2447653.12106 -7.76258
2447654.12111 -7.44625
2447655.12116 -6.22400
2447656.12120 -6.07455
2447657.12125 -5.05773
2447658.12129 -3.84483
2447659.12134 -2.83900
2447660.12138 -2.35541
2447661.12143 -1.24404
2447662.12147 -0.82483
2447663.12152 -0.17588
2447664.12157 0.39957
2447665.12161 1.09090
2447666.12166 1.64310
2447667.12170 1.82056
2447668.12175 2.40691
2447669.12179 3.12123
2447670.12184 3.01239
2447671.12189 3.34203
2447672.12193 3.03243
2447673.12198 2.56412
2447674.12202 3.13890
2447675.12207 2.75052
2447676.12211 2.57280
2447677.12216 2.16164
2447678.12220 1.58236
2447679.12225 1.22348
2447680.12230 0.61226
2447681.12234 0.03505
2447682.12239 -0.57133
2447683.12243 -1.42492
2447684.12248 -2.06356
2447685.12252 -3.01462
2447686.12257 -3.00181
2447687.12262 -4.03726
2447688.12266 -5.45992
2447689.12271 -5.65877
2447690.12275 -6.30825
2447691.12280 -6.86713
2447692.12284 -7.97170
2447693.12289 -8.55258
2447694.12294 -7.20156
2447695.12298 -9.60780
2447696.12303 -10.05508
2447697.12307 -11.01092
2447698.12312 -9.67088
2447699.12316 -10.68667
2447700.12321 -7.34421
2447701.12325 -10.53674
2447702.12330 -9.74661
2447703.12335 -6.84563
2447704.12339 -7.46134
2447705.12344 -9.35671
2447706.12348 -7.38388
2447707.12353 -6.65318
2447708.12357 -6.79751
2447709.12362 -5.17922
2447710.12367 -5.50226
2447711.12371 -4.79194
2447712.12376 -3.03700
2447713.12380 -2.46674
2447714.12385 -1.53727
2447715.12389 -1.18189
2447716.12394 -0.40730
2447717.12398 0.15766
2447718.12403 0.85801
2447719.12408 1.56368
2447720.12412 1.63842
2447721.12417 1.82306
2447722.12421 2.62055
2447723.12426 2.88295
2447724.12430 2.96032
2447725.12435 3.40383
2447726.12440 2.76189
2447727.12444 2.99671
2447728.12449 2.64768
2447729.12453 3.05013
2447730.12458 2.47268
2447731.12462 1.75757
2447732.12467 1.42523
2447733.12471 0.86710
2447734.12476 0.25164
2447735.12481 -0.29528
2447736.12485 -1.07560
2447922.13334 -3.96021
2447923.13339 -5.02404
2447924.13343 -3.78763
2447925.13348 -3.58339
2447926.13352 -2.76315
2447927.13357 -2.19653
2447928.13361 -1.62525
2447929.13366 -0.55640
2447930.13370 0.01041
2447931.13375 0.74471
2447932.13380 1.49834
2447933.13384 1.65517
2447934.13389 2.05039
2447935.13393 2.48330
2447936.13398 2.39295
2447937.13402 3.30883
2447938.13407 3.78913
2447939.13412 3.10067
2447940.13416 3.56829
2447941.13421 3.22992
2447942.13425 3.04744
2447943.13430 2.83916
2447944.13434 2.57720
2447945.13439 1.93810
2447946.13443 1.57978
2447947.13448 0.96283
2447948.13453 0.42278
2447949.13457 -0.25632
2447950.13462 -0.83920
2447951.13466 -1.69512
2447952.13471 -2.66551
2447953.13475 -3.17407
2447954.13480 -3.86990
2447955.13485 -4.78487
2447956.13489 -6.10510
2447957.13494 -5.99716
2447958.13498 -6.43377
2447959.13503 -6.80787
2447960.13507 -6.84517
2447961.13512 -7.65608
2447962.13516 -8.15176
2447963.13521 -8.22556
2447964.13526 -9.43832
2447965.13530 -8.21198
2447966.13535 -9.16688
2447967.13539 -9.22119
2447968.13544 -10.02606
2447969.13548 -8.31111
2447970.13553 -8.11164
2447971.13558 -7.41992
2447972.13562 -8.61297
2447973.13567 -6.54169
2447974.13571 -6.58744
2447975.13576 -6.36879
2447976.13580 -5.41430
2447977.13585 -4.83695
2447978.13589 -3.62163
2447979.13594 -3.13512
2447980.13599 -2.27890
2447981.13603 -1.59402
2447982.13608 -0.81254
2447983.13612 -0.12109
2447984.13617 0.43836
2447985.13621 1.46924
2447986.13626 1.72509
2447987.13631 2.86925
2447988.13635 2.62392
2447989.13640 2.98896
2447990.13644 3.17714
2447991.13649 3.65998
2447992.13653 3.60758
2447993.13658 3.10891
2447994.13662 3.15270
2447995.13667 2.96251
2447996.13672 3.16960
2447997.13676 2.86209
2447998.13681 2.45155
2447999.13685 1.82051
2448000.13690 1.25946
2448001.13694 0.94573
2448002.13699 0.22026
2448003.13704 -0.43184
2448004.13708 -1.05268
2448005.13713 -2.27673
2448006.13717 -2.61123
2448007.13722 -2.98969
2448008.13726 -4.59791
2448009.13731 -5.34372
2448010.13736 -6.11052
2448011.13740 -7.05478
2448012.13745 -6.32686
2448013.13749 -7.11278
2448014.13754 -8.68513
2448015.13758 -9.61193
2448016.13763 -9.17565
2448017.13767 -7.76805
2448018.13772 -9.90452
2448019.13777 -10.50555
2448020.13781 -9.07988
2448021.13786 -9.93242
2448022.13790 -7.23121
2448023.13795 -8.30085
2448024.13799 -8.38343
2448025.13804 -7.92960
2448026.13809 -7.58155
2448027.13813 -6.92549
2448028.13818 -4.55731
2448029.13822 -4.82207
2448030.13827 -4.73058
2448031.13831 -3.82083
2448032.13836 -3.39384
2448033.13840 -2.16845
2448034.13845 -2.21032
2448035.13850 -0.97479
2448036.13854 -0.22718
2448037.13859 0.50659
2448038.13863 1.08444
2448039.13868 1.36036
2448040.13872 2.14244
2448041.13877 2.61053
2448042.13882 3.44260
2448043.13886 3.38645
2448044.13891 3.49837
2448045.13895 3.67413
2448046.13900 2.83948
2448047.13904 3.36996
2448048.13909 2.84499
2448049.13913 4.06461
2448050.13918 2.93869
2448051.13923 2.92032
2448052.13927 2.07155
2448053.13932 1.75022
2448054.13936 1.23119
2448055.13941 0.71170
2448056.13945 0.03298
2448057.13950 -0.71722
2448058.13955 -1.69231
2448059.13959 -1.69029
2448060.13964 -3.06482
2448061.13968 -3.80660
2448062.13973 -4.65028
2448063.13977 -4.41048
2448064.13982 -6.15565
2448065.13986 -6.71196
2448066.13991 -6.83908
2448067.13996 -6.60084
2448068.14000 -7.94251
2448069.14005 -8.25630
2448070.14009 -8.67864
2448071.14014 -9.18438
2448072.14018 -7.29036
2448073.14023 -9.62543
2448074.14028 -8.50916
2448075.14032 -9.17833
2448076.14037 -7.96775
2448077.14041 -8.18333
2448078.14046 -7.55112
2448079.14050 -7.19846
2448080.14055 -7.44276
2448081.14060 -6.15612
2448082.14064 -6.43659
2448083.14069 -4.66945
2448084.14073 -4.24585
2448085.14078 -3.36847
2448086.14082 -2.52740
2448087.14087 -1.74467
2448088.14091 -1.24348
2448089.14096 -0.28852
2448090.14101 0.41886
2448091.14105 1.21219
2448092.14110 2.06748
2448093.14114 2.61330
2448094.14119 2.44690
2448095.14123 3.22699
2448096.14128 3.78169
2448097.14133 3.90179
2448098.14137 3.81628
2448099.14142 4.04421
2448100.14146 4.10007
2448101.14151 3.62664
2448288.15004 -7.41759
2448289.15009 -8.33374
2448290.15013 -5.48234
2448291.15018 -7.04309
2448292.15022 -6.01643
2448293.15027 -5.73022
2448294.15031 -5.23806
2448295.15036 -4.40632
2448296.15041 -3.58108
2448297.15045 -3.29605
2448298.15050 -2.39184
2448299.15054 -1.76709
2448300.15059 -1.24065
2448301.15063 -0.34660
2448302.15068 0.37781
2448303.15073 1.16084
2448304.15077 1.89362
2448305.15082 2.43451
2448306.15086 3.10833
2448307.15091 3.57704
2448308.15095 3.75700
2448309.15100 4.92999
2448310.15104 4.98156
2448311.15109 5.89144
2448312.15114 5.00435
2448313.15118 4.86774
2448314.15123 4.05804
2448315.15127 6.21692
2448316.15132 5.11670
2448317.15136 4.94990
2448318.15141 4.96635
2448319.15146 3.87085
2448320.15150 3.08732
2448321.15155 3.02067
2448322.15159 2.11305
2448323.15164 1.23577
2448324.15168 0.94916
2448325.15173 0.09878
2448326.15178 -0.66557
2448327.15182 -1.25128
2448328.15187 -2.50907
2448329.15191 -2.78137
2448330.15196 -3.41301
2448331.15200 -3.71617
2448332.15205 -4.48735
2448333.15209 -4.95162
2448334.15214 -5.31833
2448335.15219 -5.35908
2448336.15223 -6.94720
2448337.15228 -7.61453
2448338.15232 -7.79985
2448339.15237 -6.79544
2448340.15241 -7.48713
2448341.15246 -7.65549
2448342.15251 -6.31930
2448343.15255 -6.45770
2448344.15260 -5.51275
2448345.15264 -5.98065
2448346.15269 -5.37693
2448347.15273 -5.37146
2448348.15278 -5.54614
2448349.15282 -4.15311
2448350.15287 -3.50386
2448351.15292 -2.89883
2448352.15296 -1.78911
2448353.15301 -0.97576
2448354.15305 -0.34087
2448355.15310 0.43141
2448356.15314 1.07252
2448357.15319 1.80509
2448358.15324 2.34176
2448359.15328 3.19794
2448360.15333 3.87661
2448361.15337 4.87181
2448362.15342 4.32407
2448363.15346 4.83390
2448364.15351 5.80067
2448365.15355 5.22009
2448366.15360 5.78580
2448367.15365 5.24776
2448368.15369 5.67239
2448369.15374 5.61813
2448370.15378 5.72233
2448371.15383 4.38006
2448372.15387 4.55906
2448373.15392 3.82509
2448374.15397 2.80046
2448375.15401 2.59071
2448376.15406 1.96915
2448377.15410 1.51632
2448378.15415 0.68405
2448379.15419 0.02535
2448380.15424 -0.70862
2448381.15428 -1.35042
2448382.15433 -2.27167
2448383.15438 -3.29685
2448384.15442 -3.21671
2448385.15447 -4.41331
2448386.15451 -4.24024
2448387.15456 -5.30244
2448388.15460 -5.71654
2448389.15465 -5.77587
2448390.15470 -6.05129
2448391.15474 -6.75521
2448392.15479 -7.15554
2448393.15483 -6.95533
2448394.15488 -8.15021
2448395.15492 -6.12939
2448396.15497 -7.17100
2448397.15502 -6.65187
2448398.15506 -6.20951
2448399.15511 -5.33471
2448400.15515 -5.10949
2448401.15520 -4.18472
2448402.15524 -3.66936
2448403.15529 -3.47026
2448404.15533 -2.71511
2448405.15538 -1.83581
2448406.15543 -0.97104
2448407.15547 -0.28131
2448408.15552 0.47670
2448409.15556 1.14993
2448410.15561 2.07875
2448411.15565 2.65412
2448412.15570 3.00923
2448413.15575 3.68112
2448414.15579 4.65391
2448415.15584 5.47749
2448416.15588 4.25647
2448417.15593 5.59914
2448418.15597 4.76842
2448419.15602 5.38496
2448420.15606 6.15034
2448421.15611 5.91010
2448422.15616 5.25769
2448423.15620 5.27610
2448424.15625 5.71826
2448425.15629 4.90568
2448426.15634 4.42887
2448427.15638 4.32545
2448428.15643 3.62233
2448429.15648 2.64001
2448430.15652 2.21428
2448431.15657 1.35807
2448432.15661 0.68257
2448433.15666 -0.06519
2448434.15670 -0.83651
2448435.15675 -1.49775
2448436.15679 -2.48543
2448437.15684 -3.01830
2448438.15689 -4.14839
2448439.15693 -3.88641
2448440.15698 -4.07350
2448441.15702 -5.75160
2448442.15707 -6.54276
2448443.15711 -5.67492
2448444.15716 -6.11554
2448445.15721 -6.16964
2448446.15725 -6.10206
2448447.15730 -6.48676
2448448.15734 -5.61784
2448449.15739 -5.41011
2448450.15743 -4.93898
2448451.15748 -4.59200
2448452.15752 -5.77010
2448453.15757 -4.38869
2448454.15762 -4.29584
2448455.15766 -4.50918
2448456.15771 -2.98065
2448457.15775 -2.63643
2448458.15780 -1.74644
2448459.15784 -1.12579
2448460.15789 -0.22896
2448461.15794 0.44154
2448462.15798 1.13396
2448463.15803 2.16602
2448464.15807 2.70777
2448465.15812 3.87773
2448466.15816 4.23853
2448467.15821 4.93066
2448653.16670 -3.29934
2448654.16674 -3.40000
2448655.16679 -3.26426
2448656.16683 -4.87427
2448657.16688 -4.71686
2448658.16693 -5.01662
2448659.16697 -4.98805
2448660.16702 -4.80790
2448661.16706 -5.12216
2448662.16711 -4.06089
2448663.16715 -6.06491
2448664.16720 -5.88691
2448665.16724 -4.39954
2448666.16729 -3.37542
2448667.16734 -3.42956
2448668.16738 -2.94059
2448669.16743 -2.63182
2448670.16747 -1.60243
2448671.16752 -0.90598
2448672.16756 -0.14013
2448673.16761 0.59457
2448674.16766 1.44556
2448675.16770 2.00755
2448676.16775 2.59201
2448677.16779 3.55194
2448678.16784 4.21725
2448679.16788 4.26728
2448680.16793 5.65568
2448681.16797 5.22519
2448682.16802 6.86619
2448683.16807 6.47811
2448684.16811 6.33939
2448685.16816 9.43454
2448686.16820 7.61551
2448687.16825 8.40147
2448688.16829 7.51785
2448689.16834 8.44075
2448690.16839 7.79950
2448691.16843 6.79185
2448692.16848 7.27002
2448693.16852 6.93052
2448694.16857 5.45777
2448695.16861 5.12746
2448696.16866 5.46768
2448697.16870 3.94191
2448698.16875 3.52751
2448699.16880 2.66059
2448700.16884 1.91328
2448701.16889 1.08593
2448702.16893 0.18548
2448703.16898 -0.48650
2448704.16902 -1.18861
2448705.16907 -1.75758
2448706.16912 -2.63641
2448707.16916 -3.01547
2448708.16921 -3.92042
2448709.16925 -4.70530
2448710.16930 -3.12577
2448711.16934 -4.74883
2448712.16939 -4.14512
2448713.16944 -4.42607
2448714.16948 -5.09129
2448715.16953 -4.08979
2448716.16957 -5.09466
2448717.16962 -4.47709
2448718.16966 -3.87664
2448719.16971 -3.72475
2448720.16975 -3.32428
2448721.16980 -3.27900
2448722.16985 -1.98937
2448723.16989 -1.37828
2448724.16994 -0.87761
2448725.16998 -0.11378
2448726.17003 0.62412
2448727.17007 1.50544
2448728.17012 2.26950
2448729.17017 2.76088
2448730.17021 4.31608
2448731.17026 3.88296
2448732.17030 3.43107
2448733.17035 4.08000
2448734.17039 6.35484
2448735.17044 5.08682
2448736.17048 6.55573
2448737.17053 8.16995
2448738.17058 5.70200
2448739.17062 7.61189
2448740.17067 7.83878
2448741.17071 6.69108
2448742.17076 8.03177
2448743.17080 7.52318
2448744.17085 7.88178
2448745.17090 7.06302
2448746.17094 6.36970
2448747.17099 6.45010
2448748.17103 6.41151
2448749.17108 5.80064
2448750.17112 4.72416
2448751.17117 4.08914
2448752.17121 2.86885
2448753.17126 2.28139
2448754.17131 1.68099
2448755.17135 0.89084
2448756.17140 0.15297
2448757.17144 -0.47920
2448758.17149 -1.24736
2448759.17153 -2.14198
2448760.17158 -2.66768
2448761.17163 -2.91371
2448762.17167 -3.56544
2448763.17172 -4.29790
2448764.17176 -4.15943
2448765.17181 -4.69809
2448766.17185 -4.25828
2448767.17190 -3.88839
2448768.17194 -4.02781
2448769.17199 -4.86024
2448770.17204 -4.51406
2448771.17208 -4.57978
2448772.17213 -3.20457
2448773.17217 -3.13069
2448774.17222 -2.24464
2448775.17226 -1.97932
2448776.17231 -1.55606
2448777.17236 -0.97324
2448778.17240 -0.12324
2448779.17245 0.72499
2448780.17249 1.45599
2448781.17254 2.06391
2448782.17258 3.07520
2448783.17263 3.82823
2448784.17268 4.81684
2448785.17272 4.52524
2448786.17277 5.82087
2448787.17281 5.24128
2448788.17286 5.42629
2448789.17290 7.62911
2448790.17295 8.44562
2448791.17299 7.81352
2448792.17304 7.95875
2448793.17309 8.44999
2448794.17313 9.16077
2448795.17318 8.90476
2448796.17322 8.30998
2448797.17327 8.37285
2448798.17331 8.15971
2448799.17336 6.39965
2448800.17341 7.08586
2448801.17345 5.41402
2448802.17350 6.25199
2448803.17354 5.44852
2448804.17359 4.38543
2448805.17363 3.59348
2448806.17368 3.27806
2448807.17372 2.26524
2448808.17377 1.50406
2448809.17382 0.75909
2448810.17386 0.02050
2448811.17391 -0.59005
2448812.17395 -1.53192
2448813.17400 -1.94753
2448814.17404 -2.97848
2448815.17409 -2.84848
2448816.17414 -3.60622
2448817.17418 -3.68275
2448818.17423 -4.31306
2448819.17427 -4.53149
2448820.17432 -4.47405
2448821.17436 -4.26435
2448822.17441 -3.93409
2448823.17445 -4.36151
2448824.17450 -3.76320
2448825.17455 -3.34748
2448826.17459 -3.23647
2448827.17464 -2.51170
2448828.17468 -2.34036
2448829.17473 -1.60897
2448830.17477 -0.74261
2448831.17482 -0.17801
2448832.17487 0.55093
2449018.18335 5.07271
2449019.18340 4.43401
2449020.18344 3.69992
2449021.18349 2.79465
2449022.18354 2.03700
2449023.18358 1.26932
2449024.18363 0.78137
2449025.18367 -0.00320
2449026.18372 -0.62526
2449027.18376 -1.24505
2449028.18381 -1.87783
2449029.18386 -2.25465
2449030.18390 -2.89992
2449031.18395 -2.56209
2449032.18399 -3.49568
2449033.18404 -3.79436
2449034.18408 -2.42085
2449035.18413 -3.48069
2449036.18417 -3.61877
2449037.18422 -2.90211
2449038.18427 -3.25553
2449039.18431 -2.69661
2449040.18436 -1.92810
2449041.18440 -1.25841
2449042.18445 -0.93808
2449043.18449 -0.40232
2449044.18454 0.25481
2449045.18459 0.89208
2449046.18463 1.40021
2449047.18468 2.21374
2449048.18472 3.55753
2449049.18477 3.41258
2449050.18481 4.53894
2449051.18486 5.33632
2449052.18490 6.24141
2449053.18495 7.02196
2449054.18500 7.67374
2449055.18504 10.01507
2449056.18509 8.81296
2449057.18513 9.80962
2449058.18518 8.93045
2449059.18522 10.92273
2449060.18527 8.52537
2449061.18532 10.24603
2449062.18536 9.16811
2449063.18541 10.04699
2449064.18545 9.42886
2449065.18550 9.75864
2449066.18554 8.69901
2449067.18559 7.80169
2449068.18563 8.06935
2449069.18568 6.20686
2449070.18573 5.05504
2449071.18577 4.27577
2449072.18582 5.64601
2449073.18586 4.15865
2449074.18591 3.47424
2449075.18595 2.48151
2449076.18600 1.89315
2449077.18605 1.03458
2449078.18609 0.41678
2449079.18614 -0.28528
2449080.18618 -1.01675
2449081.18623 -1.60167
2449082.18627 -2.07908
2449083.18632 -2.02605
2449084.18636 -2.01940
2449085.18641 -2.64211
2449086.18646 -4.19290
2449087.18650 -2.70813
2449088.18655 -3.44144
2449089.18659 -3.75877
2449090.18664 -2.50862
2449091.18668 -2.97961
2449092.18673 -2.79215
2449093.18678 -2.26914
2449094.18682 -1.74271
2449095.18687 -1.08648
2449096.18691 -0.55660
2449097.18696 0.06546
2449098.18700 0.60409
2449099.18705 1.34717
2449100.18710 2.24950
2449101.18714 2.72559
2449102.18719 3.73996
2449103.18723 4.42706
2449104.18728 5.73266
2449105.18732 5.99967
2449106.18737 7.05260
2449107.18741 6.93141
2449108.18746 8.89170
2449109.18751 7.75420
2449110.18755 7.81935
2449111.18760 10.06683
2449112.18764 8.56328
2449113.18769 8.29889
2449114.18773 8.35007
2449115.18778 8.93473
2449116.18783 9.06930
2449117.18787 9.52558
2449118.18792 9.57548
2449119.18796 8.57920
2449120.18801 8.91415
2449121.18805 8.28512
2449122.18810 6.45752
2449123.18814 5.87890
2449124.18819 5.60565
2449125.18824 4.06754
2449126.18828 4.50144
2449127.18833 3.64702
2449128.18837 3.47532
2449129.18842 2.49370
2449130.18846 1.47152
2449131.18851 0.88804
2449132.18856 0.13053
2449133.18860 -0.47878
2449134.18865 -1.29776
2449135.18869 -1.70517
2449136.18874 -2.04287
2449137.18878 -2.53320
2449138.18883 -2.42091
2449139.18887 -2.90464
2449140.18892 -2.96642
2449141.18897 -3.15138
2449142.18901 -3.18810
2449143.18906 -2.79587
2449144.18910 -2.36522
2449145.18915 -3.14027
2449146.18919 -2.46141
2449147.18924 -1.78929
2449148.18929 -1.12135
2449149.18933 -0.67353
2449150.18938 -0.12200
2449151.18942 0.52887
2449152.18947 1.34327
2449153.18951 1.85588
2449154.18956 2.79188
2449155.18960 3.22610
2449156.18965 4.40911
2449157.18970 5.24500
2449158.18974 4.11748
2449159.18979 7.43549
2449160.18983 8.24763
2449161.18988 5.97331
2449162.18992 7.82768
2449163.18997 7.07580
2449164.19002 6.94607
2449165.19006 9.85911
2449166.19011 11.02092
2449167.19015 9.43340
2449168.19020 10.97608
2449169.19024 8.81820
2449170.19029 7.95743
2449171.19033 8.73095
2449172.19038 8.09353
2449173.19043 8.76023
2449174.19047 8.80989
2449175.19052 6.56868
2449176.19056 5.91963
2449177.19061 6.76321
2449178.19065 5.35043
2449179.19070 5.21637
2449180.19075 3.77269
2449181.19079 3.14799
2449182.19084 2.89449
2449183.19088 2.04361
2449184.19093 1.33212
2449185.19097 0.46775
2449186.19102 -0.15378
2449187.19107 -0.74988
2449188.19111 -1.28413
2449189.19116 -1.98581
2449190.19120 -2.10295
2449191.19125 -2.66495
2449192.19129 -2.33291
2449193.19134 -3.05070
2449194.19138 -3.20533
2449195.19143 -2.75506
2449196.19148 -3.05571
2449197.19152 -3.16667
2449383.20001 7.91388
2449384.20005 8.35625
2449385.20010 7.29576
2449386.20015 8.51252
2449387.20019 8.88771
2449388.20024 7.26658
2449389.20028 8.97467
2449390.20033 5.63125
2449391.20037 6.22632
2449392.20042 5.45264
2449393.20047 4.31693
2449394.20051 3.71146
2449395.20056 3.52544
2449396.20060 2.52018
2449397.20065 1.68398
2449398.20069 0.74761
2449399.20074 0.14735
2449400.20078 -0.46263
2449401.20083 -1.00374
2449402.20088 -1.86523
2449403.20092 -2.03786
2449404.20097 -2.42842
2449405.20101 -2.51917
2449406.20106 -3.16208
2449407.20110 -3.61407
2449408.20115 -3.62722
2449409.20120 -3.17826
2449410.20124 -2.82433
2449411.20129 -3.11735
2449412.20133 -2.65538
2449413.20138 -2.87251
2449414.20142 -2.37517
2449415.20147 -1.39346
2449416.20152 -0.86477
2449417.20156 -0.27419
2449418.20161 0.28588
2449419.20165 1.20824
2449420.20170 1.67569
2449421.20174 2.36032
2449422.20179 3.47404
2449423.20183 4.03026
2449424.20188 5.52415
2449425.20193 5.81801
2449426.20197 7.03711
2449427.20202 6.44315
2449428.20206 8.19364
2449429.20211 6.07843
2449430.20215 8.19312
2449431.20220 7.47737
2449432.20225 9.05366
2449433.20229 9.32013
2449434.20234 10.16970
2449435.20238 9.56311
2449436.20243 8.60245
2449437.20247 8.72999
2449438.20252 9.11383
2449439.20256 8.07515
2449440.20261 9.23700
2449441.20266 7.51043
2449442.20270 8.03020
2449443.20275 6.25123
2449444.20279 6.45363
2449445.20284 5.28737
2449446.20288 5.24061
2449447.20293 4.72008
2449448.20298 3.28328
2449449.20302 2.93600
2449450.20307 1.69776
2449451.20311 1.01786
2449452.20316 0.29533
2449453.20320 -0.40110
2449454.20325 -0.83831
2449455.20329 -1.52144
2449456.20334 -2.13349
2449457.20339 -2.65823
2449458.20343 -2.30189
2449459.20348 -3.16359
2449460.20352 -3.36578
2449461.20357 -3.07326
2449462.20361 -2.91384
2449463.20366 -3.55633
2449464.20371 -3.02833
2449465.20375 -2.80709
2449466.20380 -2.72245
2449467.20384 -2.36809
2449468.20389 -1.92484
2449469.20393 -1.14984
2449470.20398 -0.67694
2449471.20402 -0.05586
2449472.20407 0.57798
2449473.20412 1.47089
2449474.20416 2.12882
2449475.20421 2.56179
2449476.20425 3.42553
2449477.20430 4.60811
2449478.20434 4.11641
2449479.20439 5.66038
2449480.20444 6.85426
2449481.20448 7.09449
2449482.20453 8.01461
2449483.20457 6.28356
2449484.20462 7.26165
2449485.20466 9.45537
2449486.20471 9.28727
2449487.20475 8.85127
2449488.20480 9.42583
2449489.20485 9.71610
2449490.20489 8.62609
2449491.20494 8.26836
2449492.20498 7.46784
2449493.20503 9.47347
2449494.20507 7.90526
2449495.20512 8.47557
2449496.20517 5.88995
2449497.20521 6.27126
2449498.20526 4.87512
2449499.20530 5.68958
2449500.20535 5.23657
2449501.20539 3.79652
2449502.20544 2.33010
2449503.20549 1.65914
2449504.20553 1.12979
2449505.20558 0.43416
2449506.20562 -0.23900
2449507.20567 -0.84841
2449508.20571 -1.47618
2449509.20576 -2.05400
2449510.20580 -2.67488
2449511.20585 -2.66928
2449512.20590 -3.93311
2449513.20594 -3.37535
2449514.20599 -3.47540
2449515.20603 -3.69638
2449516.20608 -3.29621
2449517.20612 -3.13117
2449518.20617 -3.20548
2449519.20622 -2.29712
2449520.20626 -2.80853
2449521.20631 -2.29059
2449522.20635 -1.75479
2449523.20640 -0.99319
2449524.20644 -0.48326
2449525.20649 0.13001
2449526.20653 0.83026
2449527.20658 1.48672
2449528.20663 2.71265
2449529.20667 2.81581
2449530.20672 3.79564
2449531.20676 3.81244
2449532.20681 5.30455
2449533.20685 6.99215
2449534.20690 5.96095
2449535.20695 7.72616
2449536.20699 7.41586
2449537.20704 7.99249
2449538.20708 8.88993
2449539.20713 7.56684
2449540.20717 8.17571
2449541.20722 8.15700
2449542.20726 10.51815
2449543.20731 9.87864
2449544.20736 9.65712
2449545.20740 9.42089
2449546.20745 8.90858
2449547.20749 6.57586
2449548.20754 6.94510
2449549.20758 6.70651
2449550.20763 6.34935
2449551.20768 5.05487
2449552.20772 4.26087
2449553.20777 3.78682
2449554.20781 3.23141
2449555.20786 2.64703
2449556.20790 2.08251
2449557.20795 1.23554
2449558.20799 0.59534
2449559.20804 -0.15495
2449560.20809 -0.84883
2449561.20813 -1.36989
2449562.20818 -2.01071
2449749.21671 5.86704
2449750.21676 6.75558
2449751.21680 7.42379
2449752.21685 8.21290
2449753.21689 9.42177
2449754.21694 8.89532
2449755.21698 7.17991
2449756.21703 6.70055
2449757.21708 8.90155
2449758.21712 7.60879
2449759.21717 6.91859
2449760.21721 8.25869
2449761.21726 6.55608
2449762.21730 6.12418
2449763.21735 5.27967
2449764.21740 4.00775
2449765.21744 3.97082
2449766.21749 3.44491
2449767.21753 2.46964
2449768.21758 2.22748
2449769.21762 1.49540
2449770.21767 0.76843
2449771.21771 -0.03910
2449772.21776 -0.89686
2449773.21781 -1.49025
2449774.21785 -2.35105
2449775.21790 -2.69361
2449776.21794 -2.94561
2449777.21799 -3.89530
2449778.21803 -4.13039
2449779.21808 -5.33241
2449780.21813 -4.85017
2449781.21817 -4.05219
2449782.21822 -4.62429
2449783.21826 -5.26198
2449784.21831 -5.31218
2449785.21835 -4.59711
2449786.21840 -4.09199
2449787.21844 -4.26157
2449788.21849 -3.59819
2449789.21854 -3.61872
2449790.21858 -2.27369
2449791.21863 -2.02226
2449792.21867 -1.12900
2449793.21872 -0.49411
2449794.21876 0.21756
2449795.21881 0.91983
2449796.21886 1.96423
2449797.21890 2.26719
2449798.21895 3.67169
2449799.21899 3.94575
2449800.21904 4.56890
2449801.21908 5.01610
2449802.21913 5.76761
2449803.21917 6.21870
2449804.21922 7.81404
2449805.21927 6.16974
2449806.21931 7.16987
2449807.21936 6.80711
2449808.21940 7.20021
2449809.21945 7.68673
2449810.21949 8.76540
2449811.21954 7.83812
2449812.21959 6.55658
2449813.21963 6.73680
2449814.21968 7.30791
2449815.21972 5.73591
2449816.21977 5.63983
2449817.21981 5.18130
2449818.21986 4.24434
2449819.21991 3.32459
2449820.21995 3.01832
2449821.22000 2.71496
2449822.22004 1.38721
2449823.22009 0.66297
2449824.22013 -0.04339
2449825.22018 -0.59167
2449826.22022 -1.60510
2449827.22027 -2.39832
2449828.22032 -2.54404
2449829.22036 -3.05612
2449830.22041 -4.20518
2449831.22045 -4.39111
2449832.22050 -5.15775
2449833.22054 -5.08020
2449834.22059 -5.24176
2449835.22064 -4.70773
2449836.22068 -4.58362
2449837.22073 -5.20484
2449838.22077 -4.24947
2449839.22082 -4.30474
2449840.22086 -5.02704
2449841.22091 -3.58560
2449842.22095 -3.28583
2449843.22100 -2.45717
2449844.22105 -2.38593
2449845.22109 -1.49065
2449846.22114 -1.32873
2449847.22118 -0.44120
2449848.22123 0.24712
2449849.22127 1.01700
2449850.22132 1.82037
2449851.22137 2.51534
2449852.22141 3.53347
2449853.22146 4.88276
2449854.22150 4.39028
2449855.22155 5.80031
2449856.22159 6.08461
2449857.22164 6.38066
2449858.22168 7.11196
2449859.22173 6.63949
2449860.22178 7.86744
2449861.22182 6.22355
2449862.22187 7.45937
2449863.22191 7.10116
2449864.22196 9.01632
2449865.22200 6.27112
2449866.22205 7.08509
2449867.22210 7.20463
2449868.22214 5.63035
2449869.22219 5.48488
2449870.22223 4.65214
2449871.22228 4.09678
2449872.22232 4.22876
2449873.22237 2.36586
2449874.22241 2.24659
2449875.22246 1.13867
2449876.22251 0.74863
2449877.22255 -0.07142
2449878.22260 -0.94694
2449879.22264 -1.54549
2449880.22269 -2.47186
2449881.22273 -2.56275
2449882.22278 -3.07681
2449883.22283 -4.41692
2449884.22287 -4.18543
2449885.22292 -5.12847
2449886.22296 -5.27779
2449887.22301 -4.29088
2449888.22305 -5.71059
2449889.22310 -4.74582
2449890.22315 -4.55200
2449891.22319 -5.58223
2449892.22324 -5.05875
2449893.22328 -5.15150
2449894.22333 -4.54546
2449895.22337 -3.84219
2449896.22342 -3.63739
2449897.22346 -2.92052
2449898.22351 -2.58939
2449899.22356 -1.91606
2449900.22360 -1.09982
2449901.22365 -0.33381
2449902.22369 0.45104
2449903.22374 1.12257
2449904.22378 1.95869
2449905.22383 2.35884
2449906.22388 3.58211
2449907.22392 3.80495
2449908.22397 4.47209
2449909.22401 5.16570
2449910.22406 5.32807
2449911.22410 5.39248
2449912.22415 6.71259
2449913.22419 7.30405
2449914.22424 5.97259
2449915.22429 7.17119
2449916.22433 7.18012
2449917.22438 6.69672
2449918.22442 6.54266
2449919.22447 7.24791
2449920.22451 7.57194
2449921.22456 6.57832
2449922.22461 5.63829
2449923.22465 5.37743
2449924.22470 4.41102
2449925.22474 3.32019
2449926.22479 2.97960
2449927.22483 1.86510
2449928.22488 1.30661
2450114.23337 -2.02443
2450115.23341 -1.53424
2450116.23346 -0.82812
2450117.23350 -0.02380
2450118.23355 0.62492
2450119.23359 1.47257
2450120.23364 2.02153
2450121.23369 2.69002
2450122.23373 3.49463
2450123.23378 4.03009
2450124.23382 3.85626
2450125.23387 4.23113
2450126.23391 5.07712
2450127.23396 5.71162
2450128.23401 5.15859
2450129.23405 5.30996
2450130.23410 5.67627
2450131.23414 5.56760
2450132.23419 5.28837
2450133.23423 5.24097
2450134.23428 4.27188
2450135.23433 4.91952
2450136.23437 3.66402
2450137.23442 3.75942
2450138.23446 2.03723
2450139.23451 1.61306
2450140.23455 1.23151
2450141.23460 0.56418
2450142.23464 -0.22938
2450143.23469 -1.00176
2450144.23474 -1.69567
2450145.23478 -2.49286
2450146.23483 -2.57799
2450147.23487 -4.09553
2450148.23492 -3.96225
2450149.23496 -5.51670
2450150.23501 -5.84020
2450151.23506 -6.74086
2450152.23510 -5.98491
2450153.23515 -6.03121
2450154.23519 -7.22582
2450155.23524 -6.85989
2450156.23528 -7.22797
2450157.23533 -6.86559
2450158.23537 -6.33901
2450159.23542 -7.79204
2450160.23547 -7.42223
2450161.23551 -6.70423
2450162.23556 -6.18121
2450163.23560 -5.30497
2450164.23565 -4.85005
2450165.23569 -4.32392
2450166.23574 -3.60411
2450167.23579 -2.81670
2450168.23583 -2.32320
2450169.23588 -1.71942
2450170.23592 -0.73595
2450171.23597 0.07167
2450172.23601 0.58447
2450173.23606 1.65633
2450174.23610 2.02953
2450175.23615 3.00718
2450176.23620 2.99707
2450177.23624 2.88022
2450178.23629 3.91424
2450179.23633 4.58455
2450180.23638 5.12144
2450181.23642 4.40672
2450182.23647 5.44566
2450183.23652 5.28997
2450184.23656 4.89318
2450185.23661 5.12631
2450186.23665 4.87694
2450187.23670 4.75584
2450188.23674 4.20679
2450189.23679 3.69583
2450190.23683 3.74221
2450191.23688 2.03953
2450192.23693 1.64284
2450193.23697 1.33480
2450194.23702 0.41425
2450195.23706 -0.23280
2450196.23711 -0.97746
2450197.23715 -1.99712
2450198.23720 -2.26573
2450199.23725 -2.85960
2450200.23729 -3.93526
2450201.23734 -4.65776
2450202.23738 -4.55127
2450203.23743 -6.77605
2450204.23747 -5.85442
2450205.23752 -7.69017
2450206.23757 -6.66433
2450207.23761 -7.44339
2450208.23766 -7.56341
2450209.23770 -6.38228
2450210.23775 -8.85331
2450211.23779 -7.03619
2450212.23784 -7.47319
2450213.23788 -7.10317
2450214.23793 -6.26029
2450215.23798 -5.92415
2450216.23802 -5.59832
2450217.23807 -5.90419
2450218.23811 -4.53698
2450219.23816 -3.87261
2450220.23820 -3.33125
2450221.23825 -2.61735
2450222.23830 -2.04014
2450223.23834 -1.46928
2450224.23839 -0.59632
2450225.23843 0.15180
2450226.23848 0.87305
2450227.23852 1.48913
2450228.23857 2.58636
2450229.23861 2.90779
2450230.23866 3.29481
2450231.23871 3.88889
2450232.23875 4.35545
2450233.23880 5.47286
2450234.23884 4.94811
2450235.23889 4.69018
2450236.23893 4.44475
2450237.23898 5.04133
2450238.23903 5.80563
2450239.23907 4.54782
2450240.23912 3.93320
2450241.23916 4.37109
2450242.23921 3.58231
2450243.23925 2.53872
2450244.23930 2.51675
2450245.23934 2.05257
2450246.23939 0.92713
2450247.23944 0.50160
2450248.23948 -0.29790
2450249.23953 -1.03526
2450250.23957 -1.85523
2450251.23962 -2.24384
2450252.23966 -2.93797
2450253.23971 -4.51777
2450254.23976 -5.58826
2450255.23980 -6.10134
2450256.23985 -5.63500
2450257.23989 -7.87537
2450258.23994 -7.31403
2450259.23998 -6.58234
2450260.24003 -7.11209
2450261.24007 -9.11143
2450262.24012 -7.77151
2450263.24017 -8.74393
2450264.24021 -8.45565
2450265.24026 -8.26518
2450266.24030 -7.95300
2450267.24035 -7.37662
2450268.24039 -7.45276
2450269.24044 -6.94809
2450270.24049 -5.44807
2450271.24053 -5.40623
2450272.24058 -5.30476
2450273.24062 -4.07248
2450274.24067 -3.91825
2450275.24071 -2.65313
2450276.24076 -1.83353
2450277.24080 -1.10041
2450278.24085 -0.43885
2450279.24090 0.23525
2450280.24094 0.90465
2450281.24099 1.80175
2450282.24103 2.16010
2450283.24108 2.76461
2450284.24112 3.50782
2450285.24117 4.27242
2450286.24122 4.03408
2450287.24126 4.16823
2450288.24131 5.38376
2450289.24135 5.53844
2450290.24140 4.65982
2450291.24144 4.57714
2450292.24149 4.80692
2450293.24154 4.34266
2450479.25002 -8.78628
2450480.25007 -7.93869
2450481.25011 -8.78269
2450482.25016 -6.97559
2450483.25021 -6.88886
2450484.25025 -6.53190
2450485.25030 -6.31537
2450486.25034 -5.95264
2450487.25039 -5.78898
2450488.25043 -4.94655
2450489.25048 -4.04918
2450490.25052 -2.38902
2450491.25057 -2.10407
2450492.25062 -1.38611
2450493.25066 -0.52365
2450494.25071 0.15252
2450495.25075 0.78433
2450496.25080 1.49422
2450497.25084 1.89333
2450498.25089 2.35552
2450499.25094 2.83620
2450500.25098 2.72814
2450501.25103 3.51873
2450502.25107 4.09417
2450503.25112 3.52508
2450504.25116 3.68275
2450505.25121 3.24955
2450506.25125 3.11656
2450507.25130 3.39079
2450508.25135 2.77876
2450509.25139 2.45939
2450510.25144 1.85669
2450511.25148 1.22754
2450512.25153 0.70687
2450513.25157 -0.03915
2450514.25162 -0.79404
2450515.25167 -1.51987
2450516.25171 -2.20197
2450517.25176 -3.05603
2450518.25180 -3.64280
2450519.25185 -3.84994
2450520.25189 -5.77379
2450521.25194 -4.96875
2450522.25199 -6.64528
2450523.25203 -6.95686
2450524.25208 -7.60702
2450525.25212 -7.86449
2450526.25217 -7.46149
2450527.25221 -9.80544
2450528.25226 -9.67452
2450529.25230 -8.59583
2450530.25235 -9.96794
2450531.25240 -10.91583
2450532.25244 -8.49135
2450533.25249 -9.55630
2450534.25253 -7.82811
2450535.25258 -8.58336
2450536.25262 -6.88569
2450537.25267 -7.07674
2450538.25272 -7.15697
2450539.25276 -6.80806
2450540.25281 -5.52147
2450541.25285 -4.66552
2450542.25290 -4.21627
2450543.25294 -3.63334
2450544.25299 -2.52423
2450545.25303 -1.45883
2450546.25308 -0.97079
2450547.25313 -0.31222
2450548.25317 0.37875
2450549.25322 1.05745
2450550.25326 1.41800
2450551.25331 2.01597
2450552.25335 2.47026
2450553.25340 2.75516
2450554.25345 2.76514
2450555.25349 3.57582
2450556.25354 2.73728
2450557.25358 3.26266
2450558.25363 3.18072
2450559.25367 3.09592
2450560.25372 3.48727
2450561.25376 2.64024
2450562.25381 2.57587
2450563.25386 1.88346
2450564.25390 1.38259
2450565.25395 0.70771
2450566.25399 0.09076
2450567.25404 -0.63880
2450568.25408 -1.37916
2450569.25413 -2.16867
2450570.25418 -3.10901
2450571.25422 -3.57735
2450572.25427 -3.94161
2450573.25431 -5.21445
2450574.25436 -6.20127
2450575.25440 -5.15431
2450576.25445 -7.28897
2450577.25449 -7.01842
2450578.25454 -8.06131
2450579.25459 -7.57446
2450580.25463 -8.87954
2450581.25468 -9.14343
2450582.25472 -9.33340
2450583.25477 -9.61257
2450584.25481 -9.32056
2450585.25486 -10.01149
2450586.25491 -8.67289
2450587.25495 -6.46354
2450588.25500 -9.33121
2450589.25504 -7.86389
2450590.25509 -7.62447
2450591.25513 -7.89121
2450592.25518 -5.97786
2450593.25522 -6.09035
2450594.25527 -5.49361
2450595.25532 -3.81461
2450596.25536 -3.80380
2450597.25541 -2.58659
2450598.25545 -2.06203
2450599.25550 -1.42900
2450600.25554 -0.68110
2450601.25559 -0.04034
2450602.25564 0.58817
2450603.25568 1.14717
2450604.25573 1.87301
2450605.25577 2.80279
2450606.25582 2.16967
2450607.25586 2.58365
2450608.25591 2.84124
2450609.25596 3.18793
2450610.25600 3.03068
2450611.25605 3.53670
2450612.25609 2.75314
2450613.25614 2.89011
2450614.25618 2.59966
2450615.25623 2.60700
2450616.25627 1.92276
2450617.25632 1.23353
2450618.25637 0.87962
2450619.25641 0.20889
2450620.25646 -0.49180
2450621.25650 -1.01834
2450622.25655 -1.95882
2450623.25659 -2.49801
2450624.25664 -3.54317
2450625.25669 -4.03116
2450626.25673 -4.18830
2450627.25678 -5.47594
2450628.25682 -6.48392
2450629.25687 -7.79964
2450630.25691 -6.80756
2450631.25696 -7.60795
2450632.25700 -8.17046
2450633.25705 -8.89368
2450634.25710 -8.09734
2450635.25714 -9.74727
2450636.25719 -8.94621
2450637.25723 -7.78139
2450638.25728 -9.38647
2450639.25732 -9.64232
2450640.25737 -9.61268
2450641.25742 -9.30350
2450642.25746 -8.39015
2450643.25751 -6.64736
2450644.25755 -7.12020
2450645.25760 -6.71953
2450646.25764 -6.13476
2450647.25769 -6.40813
2450648.25773 -4.88364
2450649.25778 -4.48210
2450650.25783 -2.84903
2450651.25787 -2.82940
2450652.25792 -2.10622
2450653.25796 -1.32635
2450654.25801 -0.46589
2450655.25805 0.16278
2450656.25810 0.86052
2450657.25815 1.43817
2450658.25819 1.69552
2450844.26668 -7.09990
2450845.26672 -8.40563
2450846.26677 -8.82739
2450847.26682 -8.26054
2450848.26686 -8.26166
2450849.26691 -10.46833
2450850.26695 -10.98092
2450851.26700 -9.97511
2450852.26704 -8.05429
2450853.26709 -10.09025
2450854.26714 -8.23184
2450855.26718 -9.63649
2450856.26723 -8.49947
2450857.26727 -8.34234
2450858.26732 -7.03955
2450859.26736 -6.63791
2450860.26741 -6.62862
2450861.26745 -5.65131
2450862.26750 -5.16463
2450863.26755 -3.83236
2450864.26759 -3.49010
2450865.26764 -2.39034
2450866.26768 -1.60316
2450867.26773 -0.88399
2450868.26777 -0.23709
2450869.26782 0.41101
2450870.26787 0.89194
2450871.26791 1.41097
2450872.26796 1.84810
2450873.26800 2.41656
2450874.26805 3.06420
2450875.26809 2.80125
2450876.26814 3.07625
2450877.26818 3.63989
2450878.26823 2.79305
2450879.26828 3.61177
2450880.26832 3.12958
2450881.26837 2.48600
2450882.26841 2.24047
2450883.26846 2.21109
2450884.26850 1.32154
2450885.26855 0.88861
2450886.26860 0.25549
2450887.26864 -0.45317
2450888.26869 -1.15316
2450889.26873 -1.46487
2450890.26878 -2.91230
2450891.26882 -3.38582
2450892.26887 -3.95347
2450893.26891 -5.61644
2450894.26896 -6.22630
2450895.26901 -6.61420
2450896.26905 -6.61126
2450897.26910 -7.83872
2450898.26914 -8.06991
2450899.26919 -7.79581
2450900.26923 -8.30813
2450901.26928 -11.01821
2450902.26933 -9.19421
2450903.26937 -8.97858
2450904.26942 -9.62422
2450905.26946 -9.00481
2450906.26951 -8.65262
2450907.26955 -8.86006
2450908.26960 -8.94225
2450909.26964 -8.26429
2450910.26969 -9.89124
2450911.26974 -6.44392
2450912.26978 -6.00468
2450913.26983 -5.49844
2450914.26987 -5.53479
2450915.26992 -4.61360
2450916.26996 -4.09693
2450917.27001 -3.29270
2450918.27006 -2.28367
2450919.27010 -2.23038
2450920.27015 -1.10986
2450921.27019 -0.49128
2450922.27024 0.19239
2450923.27028 0.83198
2450924.27033 1.23651
2450925.27038 1.68116
2450926.27042 1.96951
2450927.27047 2.59489
2450928.27051 3.17052
2450929.27056 3.47543
2450930.27060 3.98097
2450931.27065 3.21277
2450932.27069 3.54635
2450933.27074 3.18898
2450934.27079 2.93879
2450935.27083 2.67152
2450936.27088 2.35197
2450937.27092 1.78898
2450938.27097 1.12495
2450939.27101 0.61058
2450940.27106 -0.07207
2450941.27111 -0.70946
2450942.27115 -1.45427
2450943.27120 -2.62396
2450944.27124 -3.00284
2450945.27129 -3.36794
2450946.27133 -4.51325
2450947.27138 -5.06155
2450948.27142 -6.15504
2450949.27147 -6.70719
2450950.27152 -6.45772
2450951.27156 -8.01503
2450952.27161 -9.10920
2450953.27165 -10.45436
2450954.27170 -9.59962
2450955.27174 -10.18415
2450956.27179 -10.73563
2450957.27184 -10.44190
2450958.27188 -10.35754
2450959.27193 -10.31693
2450960.27197 -7.88300
2450961.27202 -10.34760
2450962.27206 -8.04129
2450963.27211 -7.67604
2450964.27215 -7.14715
2450965.27220 -7.09049
2450966.27225 -5.62679
2450967.27229 -5.77919
2450968.27234 -5.18564
2450969.27238 -3.84139
2450970.27243 -3.66215
2450971.27247 -3.29432
2450972.27252 -1.98208
2450973.27257 -1.19758
2450974.27261 -0.60427
2450975.27266 0.06347
2450976.27270 0.73094
2450977.27275 1.39730
2450978.27279 1.65419
2450979.27284 1.84247
2450980.27288 2.67517
2450981.27293 3.34601
2450982.27298 2.89661
2450983.27302 2.98083
2450984.27307 3.55165
2450985.27311 3.37477
2450986.27316 3.10913
2450987.27320 3.50438
2450988.27325 2.66237
2450989.27330 2.57809
2450990.27334 2.22074
2450991.27339 1.50793
2450992.27343 1.05102
2450993.27348 0.36820
2450994.27352 -0.31829
2450995.27357 -1.06800
2450996.27362 -1.50862
2450997.27366 -2.28021
2450998.27371 -3.01952
2450999.27375 -3.98495
2451000.27380 -4.99610
2451001.27384 -6.50134
2451002.27389 -5.79854
2451003.27393 -6.97094
2451004.27398 -7.15793
2451005.27403 -5.90007
2451006.27407 -7.24151
2451007.27412 -8.25916
2451008.27416 -9.02610
2451009.27421 -8.42827
2451010.27425 -8.42297
2451011.27430 -9.65241
2451012.27435 -9.47631
2451013.27439 -8.87553
2451014.27444 -9.52697
2451015.27448 -9.12836
2451016.27453 -9.06704
2451017.27457 -6.34338
2451018.27462 -8.11180
2451019.27466 -7.41470
2451020.27471 -7.25916
2451021.27476 -4.90012
2451022.27480 -4.92961
2451023.27485 -3.47514
2451209.28333 -0.38213
2451210.28338 -0.97471
2451211.28343 -2.02464
2451212.28347 -2.60190
2451213.28352 -2.98687
2451214.28356 -3.58841
2451215.28361 -4.26103
2451216.28365 -5.13615
2451217.28370 -6.06273
2451218.28375 -6.21528
2451219.28379 -8.01934
2451220.28384 -7.79339
2451221.28388 -6.74515
2451222.28393 -7.36544
2451223.28397 -9.30180
2451224.28402 -8.08446
2451225.28406 -9.13524
2451226.28411 -8.52682
2451227.28416 -6.91205
2451228.28420 -9.28125
2451229.28425 -8.46799
2451230.28429 -6.98072
2451231.28434 -6.28583
2451232.28438 -6.22049
2451233.28443 -4.79614
2451234.28448 -4.87088
2451235.28452 -3.94952
2451236.28457 -3.30827
2451237.28461 -2.64113
2451238.28466 -1.67828
2451239.28470 -1.13793
2451240.28475 -0.26417
2451241.28480 0.46551
2451242.28484 1.23082
2451243.28489 2.18143
2451244.28493 2.48166
2451245.28498 2.96440
2451246.28502 3.56856
2451247.28507 3.66060
2451248.28511 4.11239
2451249.28516 4.03026
2451250.28521 5.17753
2451251.28525 4.16629
2451252.28530 4.23970
2451253.28534 4.41784
2451254.28539 3.84626
2451255.28543 3.78430
2451256.28548 3.56096
2451257.28553 3.52004
2451258.28557 2.36030
2451259.28562 2.08169
2451260.28566 1.62535
2451261.28571 0.95948
2451262.28575 0.26782
2451263.28580 -0.44007
2451264.28584 -1.05229
2451265.28589 -2.32107
2451266.28594 -2.66740
2451267.28598 -3.27349
2451268.28603 -4.71577
2451269.28607 -4.99146
2451270.28612 -5.06000
2451271.28616 -5.55608
2451272.28621 -5.75984
2451273.28626 -6.95836
2451274.28630 -7.82800
2451275.28635 -7.25345
2451276.28639 -7.77344
2451277.28644 -7.68148
2451278.28648 -9.60357
2451279.28653 -8.03953
2451280.28657 -7.56652
2451281.28662 -7.67337
2451282.28667 -7.46314
2451283.28671 -7.06928
2451284.28676 -7.08373
2451285.28680 -5.46630
2451286.28685 -5.54900
2451287.28689 -5.93865
2451288.28694 -4.30715
2451289.28699 -3.59271
2451290.28703 -2.67618
2451291.28708 -1.95085
2451292.28712 -1.08075
2451293.28717 -0.30658
2451294.28721 0.39247
2451295.28726 1.14364
2451296.28730 1.93246
2451297.28735 2.35298
2451298.28740 3.21152
2451299.28744 3.98902
2451300.28749 3.58944
2451301.28753 4.45521
2451302.28758 5.54946
2451303.28762 4.92543
2451304.28767 4.51473
2451305.28772 5.18586
2451306.28776 4.79616
2451307.28781 4.12586
2451308.28785 4.40802
2451309.28790 3.68494
2451310.28794 3.14362
2451311.28799 3.57451
2451312.28804 2.10731
2451313.28808 2.45594
2451314.28813 1.59475
2451315.28817 0.94506
2451316.28822 0.12152
2451317.28826 -0.56366
2451318.28831 -1.44448
2451319.28835 -2.26820
2451320.28840 -2.84373
2451321.28845 -3.23921
2451322.28849 -3.47517
2451323.28854 -5.43261
2451324.28858 -5.08830
2451325.28863 -6.05696
2451326.28867 -6.53212
2451327.28872 -6.51365
2451328.28877 -9.17460
2451329.28881 -7.52203
2451330.28886 -8.65827
2451331.28890 -7.20771
2451332.28895 -7.52136
2451333.28899 -6.36279
2451334.28904 -6.35234
2451335.28908 -7.62612
2451336.28913 -6.64622
2451337.28918 -5.36869
2451338.28922 -5.61355
2451339.28927 -4.94260
2451340.28931 -3.92687
2451341.28936 -3.43055
2451342.28940 -3.25061
2451343.28945 -2.30128
2451344.28950 -1.65947
2451345.28954 -0.88281
2451346.28959 -0.30200
2451347.28963 0.49964
2451348.28968 1.12562
2451349.28972 1.95618
2451350.28977 2.74788
2451351.28981 3.34029
2451352.28986 3.78210
2451353.28991 4.13181
2451354.28995 4.86618
2451355.29000 5.11425
2451356.29004 5.15676
2451357.29009 5.60328
2451358.29013 4.52114
2451359.29018 5.50398
2451360.29023 4.28757
2451361.29027 4.52096
2451362.29032 4.81834
2451363.29036 4.27205
2451364.29041 3.20065
2451365.29045 2.70686
2451366.29050 2.66114
2451367.29054 1.74016
2451368.29059 1.25144
2451369.29064 0.69652
2451370.29068 0.00668
2451371.29073 -0.82595
2451372.29077 -1.81244
2451373.29082 -1.93611
2451374.29086 -2.71398
2451375.29091 -3.53891
2451376.29096 -4.35526
2451377.29100 -3.92466
2451378.29105 -5.35371
2451379.29109 -5.98677
2451380.29114 -6.59091
2451381.29118 -6.54044
2451382.29123 -7.64098
2451383.29127 -6.50317
2451384.29132 -6.46097
2451385.29137 -6.50204
2451386.29141 -7.41847
2451387.29146 -6.95682
2451388.29150 -7.91358
2451575.30004 5.47339
2451576.30008 6.40110
2451577.30013 6.05789
2451578.30017 4.19760
2451579.30022 3.96665
2451580.30026 3.59070
2451581.30031 3.43173
2451582.30036 2.51928
2451583.30040 1.69313
2451584.30045 1.14038
2451585.30049 0.41255
2451586.30054 -0.29602
2451587.30058 -1.09725
2451588.30063 -1.53068
2451589.30068 -2.99554
2451590.30072 -2.99869
2451591.30077 -2.96213
2451592.30081 -4.35780
2451593.30086 -4.91877
2451594.30090 -5.54438
2451595.30095 -6.34319
2451596.30099 -5.17956
2451597.30104 -6.43346
2451598.30109 -5.49701
2451599.30113 -5.80137
2451600.30118 -5.55082
2451601.30122 -6.30148
2451602.30127 -5.30002
2451603.30131 -5.13436
2451604.30136 -4.61852
2451605.30141 -5.26648
2451606.30145 -3.45304
2451607.30150 -2.34856
2451608.30154 -2.65518
2451609.30159 -1.49076
2451610.30163 -0.93047
2451611.30168 -0.16801
2451612.30172 0.57041
2451613.30177 1.57869
2451614.30182 2.19149
2451615.30186 2.82374
2451616.30191 2.99753
2451617.30195 4.44461
2451618.30200 5.33778
2451619.30204 5.52520
2451620.30209 5.17519
2451621.30214 6.57750
2451622.30218 7.79902
2451623.30223 6.71147
2451624.30227 7.70109
2451625.30232 6.89133
2451626.30236 6.90241
2451627.30241 7.06167
2451628.30246 6.48102
2451629.30250 6.14869
2451630.30255 6.09343
2451631.30259 6.19071
2451632.30264 5.18218
2451633.30268 4.55475
2451634.30273 4.02631
2451635.30277 3.80041
2451636.30282 2.32212
2451637.30287 1.96824
2451638.30291 1.18929
2451639.30296 0.33793
2451640.30300 -0.35538
2451641.30305 -1.03192
2451642.30309 -1.69275
2451643.30314 -2.84107
2451644.30319 -3.31792
2451645.30323 -3.97330
2451646.30328 -3.93191
2451647.30332 -4.26172
2451648.30337 -5.18246
2451649.30341 -5.47883
2451650.30346 -4.31864
2451651.30350 -5.55725
2451652.30355 -5.44019
2451653.30360 -5.77491
2451654.30364 -4.76314
2451655.30369 -5.04387
2451656.30373 -4.85370
2451657.30378 -4.44498
2451658.30382 -4.24434
2451659.30387 -3.87213
2451660.30392 -2.93793
2451661.30396 -1.93414
2451662.30401 -1.64307
2451663.30405 -0.77868
2451664.30410 -0.12512
2451665.30414 0.52253
2451666.30419 1.33593
2451667.30423 1.81642
2451668.30428 3.12682
2451669.30433 2.95764
2451670.30437 4.33165
2451671.30442 4.55400
2451672.30446 5.15301
2451673.30451 6.52381
2451674.30455 6.36472
2451675.30460 6.78144
2451676.30465 7.01536
2451677.30469 6.98853
2451678.30474 6.79442
2451679.30478 6.16678
2451680.30483 7.60911
2451681.30487 7.38427
2451682.30492 7.71499
2451683.30496 6.86043
2451684.30501 5.91039
2451685.30506 5.61925
2451686.30510 5.46284
2451687.30515 5.06817
2451688.30519 3.75765
2451689.30524 3.58045
2451690.30528 2.48297
2451691.30533 1.64271
2451692.30538 0.94203
2451693.30542 0.24639
2451694.30547 -0.48877
2451695.30551 -1.06988
2451696.30556 -1.54001
2451697.30560 -2.60181
2451698.30565 -3.58154
2451699.30569 -3.90581
2451700.30574 -4.28829
2451701.30579 -4.43868
2451702.30583 -5.76945
2451703.30588 -4.59098
2451704.30592 -5.76567
2451705.30597 -5.19368
2451706.30601 -5.40252
2451707.30606 -5.57607
2451708.30611 -4.35436
2451709.30615 -4.95950
2451710.30620 -4.80045
2451711.30624 -3.73162
2451712.30629 -3.12904
2451713.30633 -2.91363
2451714.30638 -2.18688
2451715.30643 -1.40232
2451716.30647 -0.85544
2451717.30652 -0.09862
2451718.30656 0.71540
2451719.30661 1.40875
2451720.30665 2.02398
2451721.30670 2.94223
2451722.30674 3.31612
2451723.30679 4.33155
2451724.30684 5.49399
2451725.30688 4.92245
2451726.30693 6.11376
2451727.30697 7.00291
2451728.30702 6.96106
2451729.30706 8.33600
2451730.30711 7.59048
2451731.30716 7.99135
2451732.30720 8.81862
2451733.30725 8.10998
2451734.30729 7.57565
2451735.30734 7.06002
2451736.30738 6.97528
2451737.30743 6.93899
2451738.30747 5.77648
2451739.30752 6.49760
2451740.30757 6.35134
2451741.30761 4.53571
2451742.30766 3.19556
2451743.30770 3.38829
2451744.30775 2.43408
2451745.30779 1.76839
2451746.30784 0.90002
2451747.30789 0.16914
2451748.30793 -0.61832
2451749.30798 -1.22760
2451750.30802 -1.88644
2451751.30807 -2.46653
2451752.30811 -2.89085
2451753.30816 -3.30560
2451754.30820 -4.53791
2451940.31669 8.08216
2451941.31674 8.07556
2451942.31678 8.13617
2451943.31683 8.82647
2451944.31688 8.99471
2451945.31692 8.98467
2451946.31697 7.35104
2451947.31701 8.97980
2451948.31706 8.52889
2451949.31710 8.75403
2451950.31715 8.09464
2451951.31719 9.38130
2451952.31724 7.11713
2451953.31729 5.69500
2451954.31733 6.06039
2451955.31738 5.22670
2451956.31742 4.87789
2451957.31747 3.87299
2451958.31751 3.52033
2451959.31756 2.55080
2451960.31761 1.86087
2451961.31765 1.20454
2451962.31770 0.32486
2451963.31774 -0.42424
2451964.31779 -1.08094
2451965.31783 -1.86538
2451966.31788 -2.31925
2451967.31792 -3.61586
2451968.31797 -2.82995
2451969.31802 -3.93327
2451970.31806 -3.41295
2451971.31811 -4.09235
2451972.31815 -4.03099
2451973.31820 -3.27760
2451974.31824 -3.93382
2451975.31829 -3.97925
2451976.31834 -3.52103
2451977.31838 -3.37076
2451978.31843 -2.34747
2451979.31847 -1.94858
2451980.31852 -1.53946
2451981.31856 -0.80376
2451982.31861 -0.18696
2451983.31865 0.49739
2451984.31870 1.28120
2451985.31875 1.96076
2451986.31879 2.59153
2451987.31884 2.63484
2451988.31888 4.16600
2451989.31893 5.00977
2451990.31897 4.91070
2451991.31902 6.89347
2451992.31907 6.80010
2451993.31911 7.81138
2451994.31916 8.18642
2451995.31920 8.27353
2451996.31925 8.18468
2451997.31929 8.28233
2451998.31934 7.52675
2451999.31938 10.46795
2452000.31943 9.39732
2452001.31948 8.10847
2452002.31952 9.27412
2452003.31957 7.50078
2452004.31961 8.60819
2452005.31966 8.00583
2452006.31970 6.69368
2452007.31975 5.53892
2452008.31980 5.65596
2452009.31984 5.33383
2452010.31989 3.85170
2452011.31993 3.56644
2452012.31998 3.48527
2452013.32002 2.30821
2452014.32007 1.99095
2452015.32011 0.87456
2452016.32016 0.12551
2452017.32021 -0.59836
2452018.32025 -1.31631
2452019.32030 -1.73309
2452020.32034 -2.38474
2452021.32039 -2.80918
2452022.32043 -3.03492
2452023.32048 -3.61246
2452024.32053 -3.27882
2452025.32057 -3.60139
2452026.32062 -3.95122
2452027.32066 -3.58396
2452028.32071 -4.32095
2452029.32075 -3.15182
2452030.32080 -2.84753
2452031.32085 -3.08006
2452032.32089 -2.46609
2452033.32094 -1.58618
2452034.32098 -0.99573
2452035.32103 -0.28454
2452036.32107 0.41427
2452037.32112 1.31408
2452038.32116 1.82200
2452039.32121 2.81439
2452040.32126 3.25699
2452041.32130 4.33741
2452042.32135 4.70896
2452043.32139 4.88083
2452044.32144 5.90530
2452045.32148 7.17754
2452046.32153 6.61237
2452047.32158 8.04517
2452048.32162 8.68299
2452049.32167 9.06215
2452050.32171 9.70791
2452051.32176 11.10196
2452052.32180 8.13329
2452053.32185 8.97544
2452054.32189 9.19665
2452055.32194 8.62232
2452056.32199 9.85874
2452057.32203 9.54600
2452058.32208 9.88253
2452059.32212 7.47928
2452060.32217 6.22531
2452061.32221 6.27754
2452062.32226 5.20860
2452063.32231 5.48961
2452064.32235 4.66756
2452065.32240 3.86854
2452066.32244 3.42555
2452067.32249 2.07880
2452068.32253 1.24399
2452069.32258 0.60228
2452070.32262 -0.09640
2452071.32267 -0.79100
2452072.32272 -1.33974
2452073.32276 -1.79119
2452074.32281 -2.55705
2452075.32285 -3.12633
2452076.32290 -2.86800
2452077.32294 -3.62115
2452078.32299 -3.43230
2452079.32304 -3.14445
2452080.32308 -3.24101
2452081.32313 -3.21121
2452082.32317 -2.86288
2452083.32322 -2.85648
2452084.32326 -2.84176
2452085.32331 -1.59491
2452086.32335 -1.53030
2452087.32340 -0.97578
2452088.32345 -0.38563
2452089.32349 0.23700
2452090.32354 0.91325
2452091.32358 2.02850
2452092.32363 2.01996
2452093.32367 3.22924
2452094.32372 4.13828
2452095.32377 4.60942
2452096.32381 6.61269
2452097.32386 5.23578
2452098.32390 6.33457
2452099.32395 7.66158
2452100.32399 8.26777
2452101.32404 8.49803
2452102.32409 9.03807
2452103.32413 8.52515
2452104.32418 9.01126
2452105.32422 8.46947
2452106.32427 9.88810
2452107.32431 7.85292
2452108.32436 8.05653
2452109.32440 9.91128
2452110.32445 8.28621
2452111.32450 10.45442
2452112.32454 7.59411
2452113.32459 7.09560
2452114.32463 7.75123
2452115.32468 6.81616
2452116.32472 5.41596
2452117.32477 4.76094
2452118.32482 4.47027
2452119.32486 3.37151
2452305.33335 2.21265
2452306.33339 2.99444
2452307.33344 4.56793
2452308.33349 4.43000
2452309.33353 5.14476
2452310.33358 5.99889
2452311.33362 6.73755
2452312.33367 6.78061
2452313.33371 9.15424
2452314.33376 8.09342
2452315.33380 9.28088
2452316.33385 10.70869
2452317.33390 9.16087
2452318.33394 10.05787
2452319.33399 8.57772
2452320.33403 9.03229
2452321.33408 9.85399
2452322.33412 9.17406
2452323.33417 10.00460
2452324.33422 8.51012
2452325.33426 8.33468
2452326.33431 7.56861
2452327.33435 8.35245
2452328.33440 6.77127
2452329.33444 5.84289
2452330.33449 5.06145
2452331.33454 4.28643
2452332.33458 4.33254
2452333.33463 3.26118
2452334.33467 3.26279
2452335.33472 1.67055
2452336.33476 0.87250
2452337.33481 0.32225
2452338.33485 -0.25698
2452339.33490 -0.91006
2452340.33495 -1.50828
2452341.33499 -2.08884
2452342.33504 -2.47617
2452343.33508 -2.40704
2452344.33513 -3.23917
2452345.33517 -3.14705
2452346.33522 -3.18753
2452347.33527 -3.22045
2452348.33531 -3.21929
2452349.33536 -3.35908
2452350.33540 -2.60100
2452351.33545 -2.36478
2452352.33549 -1.63772
2452353.33554 -1.38652
2452354.33558 -0.79887
2452355.33563 -0.16735
2452356.33568 0.52606
2452357.33572 0.99448
2452358.33577 2.01225
2452359.33581 2.24887
2452360.33586 3.34424
2452361.33590 4.50526
2452362.33595 6.01234
2452363.33600 5.13917
2452364.33604 5.86444
2452365.33609 5.85654
2452366.33613 7.08432
2452367.33618 10.04298
2452368.33622 7.26436
2452369.33627 6.22034
2452370.33631 10.16322
2452371.33636 10.38877
2452372.33641 9.75458
2452373.33645 9.88340
2452374.33650 10.48300
2452375.33654 10.36381
2452376.33659 8.41600
2452377.33663 7.93838
2452378.33668 7.81711
2452379.33673 7.59929
2452380.33677 8.26622
2452381.33682 7.87115
2452382.33686 6.25645
2452383.33691 5.95566
2452384.33695 5.02333
2452385.33700 3.96235
2452386.33704 3.24769
2452387.33709 2.81276
2452388.33714 2.18760
2452389.33718 1.34217
2452390.33723 0.56049
2452391.33727 -0.09365
2452392.33732 -0.62735
2452393.33736 -1.52332
2452394.33741 -2.05900
2452395.33746 -2.61944
2452396.33750 -2.41909
2452397.33755 -3.03161
2452398.33759 -3.13492
2452399.33764 -3.07278
2452400.33768 -3.30081
2452401.33773 -3.44210
2452402.33777 -3.42042
2452403.33782 -2.91011
2452404.33787 -2.31862
2452405.33791 -2.47671
2452406.33796 -1.72342
2452407.33800 -1.31372
2452408.33805 -0.45295
2452409.33809 0.12847
2452410.33814 0.71282
2452411.33819 1.70850
2452412.33823 2.17690
2452413.33828 2.52779
2452414.33832 4.05651
2452415.33837 4.65903
2452416.33841 6.37813
2452417.33846 5.30631
2452418.33851 6.04732
2452419.33855 6.78387
2452420.33860 8.66260
2452421.33864 6.72335
2452422.33869 8.48202
2452423.33873 9.37029
2452424.33878 10.50988
2452425.33882 8.73645
2452426.33887 9.92752
2452427.33892 9.03498
2452428.33896 8.37023
2452429.33901 9.26469
2452430.33905 8.84741
2452431.33910 9.19856
2452432.33914 9.97832
2452433.33919 8.17730
2452434.33924 7.26767
2452435.33928 7.01729
2452436.33933 5.53792
2452437.33937 5.69379
2452438.33942 4.23866
2452439.33946 3.90718
2452440.33951 2.95202
2452441.33955 2.19663
2452442.33960 1.74842
2452443.33965 0.70956
2452444.33969 0.08867
2452445.33974 -0.59866
2452446.33978 -1.07631
2452447.33983 -1.95728
2452448.33987 -2.28454
2452449.33992 -2.85739
2452450.33997 -2.48324
2452451.34001 -2.77808
2452452.34006 -3.57792
2452453.34010 -3.79843
2452454.34015 -3.53332
2452455.34019 -3.00571
2452456.34024 -2.97543
2452457.34028 -2.88050
2452458.34033 -2.13046
2452459.34038 -1.88747
2452460.34042 -1.56104
2452461.34047 -1.03728
2452462.34051 -0.17912
2452463.34056 0.43948
2452464.34060 0.88854
2452465.34065 1.96498
2452466.34070 2.21835
2452467.34074 3.86799
2452468.34079 4.69840
2452469.34083 4.81645
2452470.34088 5.02339
2452471.34092 6.64108
2452472.34097 7.81660
2452473.34101 7.47880
2452474.34106 7.77348
2452475.34111 7.89325
2452476.34115 8.60023
2452477.34120 9.06246
2452478.34124 8.95359
2452479.34129 8.61866
2452480.34133 11.16343
2452481.34138 9.29385
2452482.34143 8.88273
2452483.34147 9.32784
2452484.34152 9.04437
2452670.35000 -3.74010
2452671.35005 -3.79186
2452672.35010 -3.01448
2452673.35014 -2.50811
2452674.35019 -1.94586
2452675.35023 -1.37808
2452676.35028 -0.75414
2452677.35032 -0.08657
2452678.35037 0.80961
2452679.35042 1.45598
2452680.35046 2.31653
2452681.35051 3.09404
2452682.35055 3.62655
2452683.35060 3.96590
2452684.35064 5.00172
2452685.35069 5.22848
2452686.35073 5.42857
2452687.35078 8.42097
2452688.35083 8.07327
2452689.35087 7.97315
2452690.35092 8.29938
2452691.35096 9.03098
2452692.35101 8.58302
2452693.35105 8.24145
2452694.35110 9.98231
2452695.35115 7.89890
2452696.35119 9.53090
2452697.35124 8.27799
2452698.35128 8.11158
2452699.35133 7.22285
2452700.35137 6.18467
2452701.35142 5.95272
2452702.35146 5.98248
2452703.35151 4.68930
2452704.35156 4.04730
2452705.35160 3.95325
2452706.35165 3.04530
2452707.35169 1.87462
2452708.35174 1.54940
2452709.35178 0.70622
2452710.35183 -0.11413
2452711.35188 -0.95974
2452712.35192 -1.69492
2452713.35197 -2.22131
2452714.35201 -2.34326
2452715.35206 -3.10218
2452716.35210 -4.00118
2452717.35215 -3.33374
2452718.35219 -4.17687
2452719.35224 -3.97588
2452720.35229 -4.54017
2452721.35233 -5.22992
2452722.35238 -5.03838
2452723.35242 -4.43579
2452724.35247 -3.69879
2452725.35251 -3.30695
2452726.35256 -2.45757
2452727.35261 -2.51703
2452728.35265 -1.95977
2452729.35270 -1.44195
2452730.35274 -0.58202
2452731.35279 0.08075
2452732.35283 0.75788
2452733.35288 1.54556
2452734.35293 2.40830
2452735.35297 2.83650
2452736.35302 3.14970
2452737.35306 4.61546
2452738.35311 5.53729
2452739.35315 5.32935
2452740.35320 6.45570
2452741.35324 8.43727
2452742.35329 8.27447
2452743.35334 8.23039
2452744.35338 7.70109
2452745.35343 8.88379
2452746.35347 7.09579
2452747.35352 8.44150
2452748.35356 8.03350
2452749.35361 8.96431
2452750.35366 6.34285
2452751.35370 9.75810
2452752.35375 7.07955
2452753.35379 8.05988
2452754.35384 6.86851
2452755.35388 5.99325
2452756.35393 5.27682
2452757.35397 4.49236
2452758.35402 3.54738
2452759.35407 3.09795
2452760.35411 2.15811
2452761.35416 1.50696
2452762.35420 0.68881
2452763.35425 -0.09190
2452764.35429 -0.85180
2452765.35434 -1.45608
2452766.35439 -2.04442
2452767.35443 -2.85120
2452768.35448 -3.56228
2452769.35452 -3.59086
2452770.35457 -3.91256
2452771.35461 -4.29537
2452772.35466 -4.59279
2452773.35470 -4.29490
2452774.35475 -5.14712
2452775.35480 -5.01364
2452776.35484 -4.72814
2452777.35489 -4.27992
2452778.35493 -4.15362
2452779.35498 -3.71640
2452780.35502 -2.74967
2452781.35507 -2.49977
2452782.35512 -1.72519
2452783.35516 -1.22058
2452784.35521 -0.56240
2452785.35525 0.22561
2452786.35530 0.91460
2452787.35534 1.77251
2452788.35539 2.65861
2452789.35543 3.16784
2452790.35548 3.86073
2452791.35553 4.29712
2452792.35557 5.37922
2452793.35562 5.48037
2452794.35566 6.30906
2452795.35571 6.72584
2452796.35575 6.97107
2452797.35580 7.93214
2452798.35585 8.89247
2452799.35589 8.78246
2452800.35594 6.62706
2452801.35598 8.24719
2452802.35603 9.91179
2452803.35607 7.99337
2452804.35612 7.39024
2452805.35617 8.21477
2452806.35621 6.82828
2452807.35626 7.07869
2452808.35630 5.66610
2452809.35635 5.34539
2452810.35639 4.16971
2452811.35644 4.10759
2452812.35648 2.97305
2452813.35653 2.25090
2452814.35658 1.58308
2452815.35662 0.70682
2452816.35667 -0.08493
2452817.35671 -0.93360
2452818.35676 -1.53944
2452819.35680 -2.26051
2452820.35685 -2.78558
2452821.35690 -3.40785
2452822.35694 -3.33909
2452823.35699 -3.99645
2452824.35703 -4.70600
2452825.35708 -4.45646
2452826.35712 -4.23089
2452827.35717 -5.32433
2452828.35721 -5.09283
2452829.35726 -5.19184
2452830.35731 -4.48687
2452831.35735 -3.45691
2452832.35740 -3.52310
2452833.35744 -3.66096
2452834.35749 -2.83684
2452835.35753 -2.14884
2452836.35758 -2.11240
2452837.35763 -1.25041
2452838.35767 -0.38175
2452839.35772 0.27386
2452840.35776 1.08683
2452841.35781 1.97598
2452842.35785 2.68372
2452843.35790 3.31050
2452844.35794 4.61571
2452845.35799 5.13238
2452846.35804 6.55527
2452847.35808 5.28351
2452848.35813 6.12565
2452849.35817 6.86742
2453036.36671 -4.65803
2453037.36675 -5.31064
2453038.36680 -6.28131
2453039.36684 -6.86247
2453040.36689 -7.07078
2453041.36693 -5.29401
2453042.36698 -6.37198
2453043.36703 -6.08825
2453044.36707 -6.57398
2453045.36712 -5.64494
2453046.36716 -5.71687
2453047.36721 -4.73161
2453048.36725 -4.39754
2453049.36730 -3.91833
2453050.36735 -2.64622
2453051.36739 -2.01695
2453052.36744 -1.50770
2453053.36748 -0.98725
2453054.36753 -0.08309
2453055.36757 0.61867
2453056.36762 1.71482
2453057.36766 2.40982
2453058.36771 3.27688
2453059.36776 3.28552
2453060.36780 3.52957
2453061.36785 5.21020
2453062.36789 4.03992
2453063.36794 5.69315
2453064.36798 6.35430
2453065.36803 5.55370
2453066.36808 7.40010
2453067.36812 6.32991
2453068.36817 6.72364
2453069.36821 6.75798
2453070.36826 6.35006
2453071.36830 5.62558
2453072.36835 5.15149
2453073.36839 5.37079
2453074.36844 4.96141
2453075.36849 4.49835
2453076.36853 3.41751
2453077.36858 2.81323
2453078.36862 1.89014
2453079.36867 1.46057
2453080.36871 0.50997
2453081.36876 -0.20721
2453082.36881 -0.89524
2453083.36885 -1.58490
2453084.36890 -2.84296
2453085.36894 -3.70743
2453086.36899 -4.23505
2453087.36903 -4.96989
2453088.36908 -3.98376
2453089.36912 -5.33390
2453090.36917 -6.70690
2453091.36922 -6.91434
2453092.36926 -5.51573
2453093.36931 -5.83467
2453094.36935 -7.67317
2453095.36940 -6.23486
2453096.36944 -6.86059
2453097.36949 -6.58644
2453098.36954 -7.00912
2453099.36958 -6.03753
2453100.36963 -5.92365
2453101.36967 -4.24167
2453102.36972 -4.69580
2453103.36976 -3.22761
2453104.36981 -3.08884
2453105.36985 -2.69343
2453106.36990 -1.61812
2453107.36995 -0.85601
2453108.36999 0.00553
2453109.37004 0.67176
2453110.37008 1.43389
2453111.37013 2.28865
2453112.37017 2.54580
2453113.37022 4.02464
2453114.37027 4.19592
2453115.37031 4.67211
2453116.37036 4.31081
2453117.37040 5.17160
2453118.37045 5.59185
2453119.37049 5.22263
2453120.37054 6.61143
2453121.37059 6.13360
2453122.37063 5.52662
2453123.37068 5.70267
2453124.37072 5.69429
2453125.37077 6.43226
2453126.37081 5.15719
2453127.37086 4.11859
2453128.37090 3.68054
2453129.37095 3.20828
2453130.37100 2.84960
2453131.37104 2.07640
2453132.37109 1.32772
2453133.37113 0.50840
2453134.37118 -0.29882
2453135.37122 -0.98925
2453136.37127 -1.96405
2453137.37132 -2.44689
2453138.37136 -3.72187
2453139.37141 -4.01594
2453140.37145 -4.31496
2453141.37150 -4.21214
2453142.37154 -6.07112
2453143.37159 -5.32026
2453144.37163 -5.91200
2453145.37168 -7.11801
2453146.37173 -7.06588
2453147.37177 -7.57373
2453148.37182 -7.72452
2453149.37186 -8.16120
2453150.37191 -7.65643
2453151.37195 -8.41251
2453152.37200 -6.29948
2453153.37205 -5.07353
2453154.37209 -5.34569
2453155.37214 -4.89960
2453156.37218 -4.57142
2453157.37223 -2.95623
2453158.37227 -2.63622
2453159.37232 -2.48283
2453160.37236 -1.14583
2453161.37241 -0.57551
2453162.37246 0.07857
2453163.37250 0.90431
2453164.37255 1.53882
2453165.37259 1.81869
2453166.37264 2.65638
2453167.37268 3.80230
2453168.37273 4.34173
2453169.37278 5.82915
2453170.37282 5.06537
2453171.37287 4.34195
2453172.37291 5.00541
2453173.37296 5.45512
2453174.37300 5.60910
2453175.37305 5.56951
2453176.37309 5.83242
2453177.37314 6.27087
2453178.37319 5.37177
2453179.37323 3.86988
2453180.37328 4.51703
2453181.37332 3.14513
2453182.37337 3.04775
2453183.37341 3.09065
2453184.37346 1.54782
2453185.37351 1.46962
2453186.37355 0.50548
2453187.37360 -0.27995
2453188.37364 -1.21832
2453189.37369 -1.84165
2453190.37373 -2.75515
2453191.37378 -3.66019
2453192.37382 -4.13208
2453193.37387 -3.63826
2453194.37392 -4.94104
2453195.37396 -6.03894
2453196.37401 -6.15499
2453197.37405 -7.08669
2453198.37410 -6.62328
2453199.37414 -8.25744
2453200.37419 -6.87297
2453201.37424 -8.71650
2453202.37428 -7.75103
2453203.37433 -6.59817
2453204.37437 -5.90358
2453205.37442 -8.44023
2453206.37446 -7.28672
2453207.37451 -6.05111
2453208.37456 -5.13460
2453209.37460 -5.23883
2453210.37465 -4.30581
2453211.37469 -3.59117
2453212.37474 -2.89713
2453213.37478 -2.12925
2453214.37483 -1.35209
2453215.37487 -0.49017
2453401.38336 -1.86918
2453402.38341 -2.28149
2453403.38345 -3.40084
2453404.38350 -4.43274
2453405.38354 -4.99984
2453406.38359 -6.51787
2453407.38364 -6.88152
2453408.38368 -7.29150
2453409.38373 -7.22107
2453410.38377 -6.49487
2453411.38382 -8.43706
2453412.38386 -9.31787
2453413.38391 -7.91804
2453414.38396 -8.60052
2453415.38400 -7.76998
2453416.38405 -7.87825
2453417.38409 -8.09043
2453418.38414 -8.03639
2453419.38418 -7.22709
2453420.38423 -6.91589
2453421.38427 -6.44809
2453422.38432 -5.96659
2453423.38437 -6.01008
2453424.38441 -5.74025
2453425.38446 -4.59697
2453426.38450 -4.03299
2453427.38455 -3.41017
2453428.38459 -1.97773
2453429.38464 -1.58712
2453430.38469 -0.91323
2453431.38473 -0.07585
2453432.38478 0.62800
2453433.38482 1.41736
2453434.38487 1.83744
2453435.38491 2.61515
2453436.38496 3.15232
2453437.38501 3.42000
2453438.38505 3.49348
2453439.38510 4.14662
2453440.38514 4.40854
2453441.38519 3.73177
2453442.38523 5.25805
2453443.38528 4.80719
2453444.38532 4.00267
2453445.38537 3.98213
2453446.38542 3.30427
2453447.38546 2.69100
2453448.38551 2.58736
2453449.38555 1.64169
2453450.38560 1.19760
2453451.38564 0.44195
2453452.38569 -0.26877
2453453.38574 -0.98407
2453454.38578 -1.58430
2453455.38583 -2.48082
2453456.38587 -3.30300
2453457.38592 -4.82229
2453458.38596 -4.92606
2453459.38601 -6.31808
2453460.38605 -6.16585
2453461.38610 -6.81779
2453462.38615 -7.40898
2453463.38619 -7.87433
2453464.38624 -7.84421
2453465.38628 -8.10140
2453466.38633 -8.53336
2453467.38637 -8.11659
2453468.38642 -11.24000
2453469.38647 -9.93306
2453470.38651 -8.51938
2453471.38656 -8.70196
2453472.38660 -9.14099
2453473.38665 -7.69222
2453474.38669 -7.03483
2453475.38674 -7.60801
2453476.38678 -6.90735
2453477.38683 -6.80735
2453478.38688 -5.21657
2453479.38692 -4.46378
2453480.38697 -4.08672
2453481.38701 -3.08335
2453482.38706 -2.17132
2453483.38710 -1.26678
2453484.38715 -0.67029
2453485.38720 0.07086
2453486.38724 0.87846
2453487.38729 1.50414
2453488.38733 1.73442
2453489.38738 2.69701
2453490.38742 2.81532
2453491.38747 3.69197
2453492.38751 3.49284
2453493.38756 3.16189
2453494.38761 3.74824
2453495.38765 3.65316
2453496.38770 3.68201
2453497.38774 2.92269
2453498.38779 3.51186
2453499.38783 2.57227
2453500.38788 2.78901
2453501.38793 1.77903
2453502.38797 1.59937
2453503.38802 1.25197
2453504.38806 0.56147
2453505.38811 -0.19517
2453506.38815 -0.87002
2453507.38820 -1.99082
2453508.38824 -2.21962
2453509.38829 -2.85711
2453510.38834 -4.09384
2453511.38838 -4.97095
2453512.38843 -6.77115
2453513.38847 -6.20490
2453514.38852 -6.35427
2453515.38856 -7.11337
2453516.38861 -7.77550
2453517.38866 -9.52903
2453518.38870 -8.58447
2453519.38875 -9.75131
2453520.38879 -7.86773
2453521.38884 -8.71453
2453522.38888 -9.03779
2453523.38893 -9.16924
2453524.38898 -9.89551
2453525.38902 -9.49858
2453526.38907 -6.82656
2453527.38911 -8.74010
2453528.38916 -7.51705
2453529.38920 -6.90109
2453530.38925 -6.35186
2453531.38929 -5.58383
2453532.38934 -4.04657
2453533.38939 -4.17657
2453534.38943 -3.30445
2453535.38948 -2.78916
2453536.38952 -1.97474
2453537.38957 -1.12340
2453538.38961 -0.37980
2453539.38966 0.29666
2453540.38971 0.63302
2453541.38975 1.27935
2453542.38980 2.52334
2453543.38984 2.43739
2453544.38989 2.87091
2453545.38993 3.12393
2453546.38998 3.09848
2453547.39002 3.43503
2453548.39007 3.58611
2453549.39012 3.58090
2453550.39016 3.29903
2453551.39021 3.77180
2453552.39025 3.13711
2453553.39030 2.83623
2453554.39034 2.36720
2453555.39039 1.73011
2453556.39044 1.15330
2453557.39048 0.51121
2453558.39053 -0.08177
2453559.39057 -0.82647
2453560.39062 -1.37637
2453561.39066 -2.25238
2453562.39071 -2.62658
2453563.39075 -4.04379
2453564.39080 -5.10837
2453565.39085 -4.38860
2453566.39089 -5.38987
2453567.39094 -8.00536
2453568.39098 -7.01480
2453569.39103 -7.33506
2453570.39107 -8.55124
2453571.39112 -9.88584
2453572.39117 -9.24323
2453573.39121 -9.12369
2453574.39126 -10.10745
2453575.39130 -8.80992
2453576.39135 -10.97158
2453577.39139 -9.15614
2453578.39144 -7.33429
2453579.39148 -8.26767
2453580.39153 -7.19072
2453766.40002 2.54061
2453767.40006 2.22581
2453768.40011 1.63542
2453769.40016 1.12230
2453770.40020 0.59536
2453771.40025 -0.09776
2453772.40029 -0.72409
2453773.40034 -1.45091
2453774.40038 -2.56322
2453775.40043 -2.76328
2453776.40047 -3.02927
2453777.40052 -4.19905
2453778.40057 -6.40105
2453779.40061 -4.64045
2453780.40066 -8.27278
2453781.40070 -8.68438
2453782.40075 -9.39818
2453783.40079 -8.74696
2453784.40084 -10.69956
2453785.40089 -11.42195
2453786.40093 -10.28254
2453787.40098 -10.52975
2453788.40102 -10.22635
2453789.40107 -9.47514
2453790.40111 -8.42701
2453791.40116 -9.74152
2453792.40120 -9.03750
2453793.40125 -9.39002
2453794.40130 -7.69398
2453795.40134 -6.96883
2453796.40139 -8.10705
2453797.40143 -7.98097
2453798.40148 -6.74131
2453799.40152 -5.91929
2453800.40157 -5.01982
2453801.40162 -4.14319
2453802.40166 -3.44221
2453803.40171 -2.91854
2453804.40175 -1.86952
2453805.40180 -1.04762
2453806.40184 -0.30804
2453807.40189 0.29222
2453808.40193 0.92901
2453809.40198 1.47424
2453810.40203 1.88548
2453811.40207 2.29219
2453812.40212 2.23952
2453813.40216 3.14758
2453814.40221 3.39716
2453815.40225 3.12948
2453816.40230 3.41818
2453817.40235 2.60427
2453818.40239 3.40348
2453819.40244 2.47960
2453820.40248 2.26551
2453821.40253 2.06383
2453822.40257 1.17798
2453823.40262 0.76434
2453824.40266 0.15811
2453825.40271 -0.48519
2453826.40276 -1.35295
2453827.40280 -1.83900
2453828.40285 -2.69050
2453829.40289 -4.09087
2453830.40294 -3.95395
2453831.40298 -4.13376
2453832.40303 -6.34596
2453833.40308 -6.85772
2453834.40312 -8.11437
2453835.40317 -7.83693
2453836.40321 -7.43028
2453837.40326 -9.41326
2453838.40330 -10.06571
2453839.40335 -8.32682
2453840.40340 -10.51653
2453841.40344 -10.62347
2453842.40349 -10.20936
2453843.40353 -11.66105
2453844.40358 -10.63459
2453845.40362 -7.80714
2453846.40367 -8.62306
2453847.40371 -8.35669
2453848.40376 -7.91071
2453849.40381 -7.40907
2453850.40385 -7.60599
2453851.40390 -6.70269
2453852.40394 -5.74127
2453853.40399 -5.47328
2453854.40403 -3.87773
2453855.40408 -4.31501
2453856.40413 -3.00332
2453857.40417 -1.90104
2453858.40422 -1.24381
2453859.40426 -0.68450
2453860.40431 0.04190
2453861.40435 0.70727
2453862.40440 1.55451
2453863.40444 1.65949
2453864.40449 2.30670
2453865.40454 2.52868
2453866.40458 3.38208
2453867.40463 3.10093
2453868.40467 3.06221
2453869.40472 3.53755
2453870.40476 2.97454
2453871.40481 3.13746
2453872.40486 3.02908
2453873.40490 2.07719
2453874.40495 1.93426
2453875.40499 1.93432
2453876.40504 1.09741
2453877.40508 0.41017
2453878.40513 -0.19737
2453879.40517 -1.07624
2453880.40522 -1.61871
2453881.40527 -2.31370
2453882.40531 -3.21179
2453883.40536 -4.25613
2453884.40540 -3.88369
2453885.40545 -5.65906
2453886.40549 -7.36875
2453887.40554 -6.98750
2453888.40559 -6.62588
2453889.40563 -6.76872
2453890.40568 -10.89500
2453891.40572 -9.76752
2453892.40577 -9.71941
2453893.40581 -9.47892
2453894.40586 -11.15966
2453895.40590 -9.36366
2453896.40595 -8.99522
2453897.40600 -10.69397
2453898.40604 -9.69068
2453899.40609 -8.61331
2453900.40613 -7.42896
2453901.40618 -7.68709
2453902.40622 -8.51169
2453903.40627 -7.17845
2453904.40632 -7.05233
2453905.40636 -6.67738
2453906.40641 -5.22056
2453907.40645 -4.51320
2453908.40650 -3.97701
2453909.40654 -2.87483
2453910.40659 -2.48585
2453911.40664 -1.66682
2453912.40668 -0.89063
2453913.40673 -0.19187
2453914.40677 0.42604
2453915.40682 1.29008
2453916.40686 1.75109
2453917.40691 2.12866
2453918.40695 2.54698
2453919.40700 2.85172
2453920.40705 3.57724
2453921.40709 3.59433
2453922.40714 3.56111
2453923.40718 4.14966
2453924.40723 3.40153
2453925.40727 2.73705
2453926.40732 2.91842
2453927.40737 2.46909
2453928.40741 2.15614
2453929.40746 1.47373
2453930.40750 0.79633
2453931.40755 0.15739
2453932.40759 -0.63708
2453933.40764 -1.21099
2453934.40768 -1.91020
2453935.40773 -3.16976
2453936.40778 -3.52981
2453937.40782 -4.63502
2453938.40787 -5.32792
2453939.40791 -5.29748
2453940.40796 -7.20784
2453941.40800 -7.34704
2453942.40805 -8.50142
2453943.40810 -8.12695
2453944.40814 -8.48467
2453945.40819 -10.34618
2454131.41667 2.76207
2454132.41672 3.18958
2454133.41677 3.60132
2454134.41681 4.14096
2454135.41686 3.54063
2454136.41690 3.79587
2454137.41695 4.41943
2454138.41699 4.06115
2454139.41704 3.19627
2454140.41708 3.18405
2454141.41713 2.94111
2454142.41718 2.55946
2454143.41722 1.86655
2454144.41727 1.25432
2454145.41731 0.57166
2454146.41736 -0.15260
2454147.41740 -1.02961
2454148.41745 -1.73162
2454149.41750 -2.12247
2454150.41754 -2.92270
2454151.41759 -3.97273
2454152.41763 -4.83127
2454153.41768 -5.84058
2454154.41772 -6.64789
2454155.41777 -6.11235
2454156.41782 -7.56000
2454157.41786 -7.60713
2454158.41791 -6.28506
2454159.41795 -8.54858
2454160.41800 -9.58370
2454161.41804 -8.30351
2454162.41809 -8.20876
2454163.41813 -10.99418
2454164.41818 -7.98284
2454165.41823 -9.75189
2454166.41827 -7.28067
2454167.41832 -7.27002
2454168.41836 -7.80178
2454169.41841 -8.02739
2454170.41845 -6.08145
2454171.41850 -5.94299
2454172.41855 -5.95085
2454173.41859 -4.55060
2454174.41864 -4.50669
2454175.41868 -3.18782
2454176.41873 -2.41972
2454177.41877 -1.62561
2454178.41882 -0.82099
2454179.41886 -0.19163
2454180.41891 0.50259
2454181.41896 1.21793
2454182.41900 1.99130
2454183.41905 2.35752
2454184.41909 2.44013
2454185.41914 3.24448
2454186.41918 3.73560
2454187.41923 3.63089
2454188.41928 3.14276
2454189.41932 4.32010
2454190.41937 3.63200
2454191.41941 4.47078
2454192.41946 4.77851
2454193.41950 3.28178
2454194.41955 3.35478
2454195.41959 2.88294
2454196.41964 1.93475
2454197.41969 1.29320
2454198.41973 0.92598
2454199.41978 0.37573
2454200.41982 -0.25316
2454201.41987 -1.02345
2454202.41991 -2.01854
2454203.41996 -2.86603
2454204.42001 -3.63684
2454205.42005 -4.94470
2454206.42010 -5.32997
2454207.42014 -5.33783
2454208.42019 -6.39182
2454209.42023 -7.13062
2454210.42028 -6.77353
2454211.42032 -8.74423
2454212.42037 -7.89805
2454213.42042 -9.53929
2454214.42046 -8.05779
2454215.42051 -8.86653
2454216.42055 -8.82154
2454217.42060 -9.04132
2454218.42064 -8.30469
2454219.42069 -9.28470
2454220.42074 -7.40739
2454221.42078 -8.04519
2454222.42083 -7.00691
2454223.42087 -6.37736
2454224.42092 -6.69768
2454225.42096 -5.28629
2454226.42101 -5.21654
2454227.42106 -4.76756
2454228.42110 -3.28151
2454229.42115 -2.00905
2454230.42119 -1.89368
2454231.42124 -0.94617
2454232.42128 -0.21513
2454233.42133 0.44277
2454234.42137 1.12414
2454235.42142 2.07923
2454236.42147 2.60204
2454237.42151 2.99235
2454238.42156 2.88843
2454239.42160 3.58917
2454240.42165 4.31955
2454241.42169 2.95886
2454242.42174 4.79530
2454243.42179 4.96850
2454244.42183 5.19180
2454245.42188 4.78590
2454246.42192 4.16244
2454247.42197 3.95944
2454248.42201 3.14805
2454249.42206 2.62668
2454250.42210 2.32556
2454251.42215 1.48239
2454252.42220 0.91017
2454253.42224 0.29690
2454254.42229 -0.53326
2454255.42233 -1.22933
2454256.42238 -2.36391
2454257.42242 -3.04029
2454258.42247 -3.86613
2454259.42252 -4.37488
2454260.42256 -5.47899
2454261.42261 -5.87406
2454262.42265 -6.65817
2454263.42270 -7.03973
2454264.42274 -8.63518
2454265.42279 -9.05135
2454266.42283 -7.54047
2454267.42288 -8.92374
2454268.42293 -8.44292
2454269.42297 -8.35685
2454270.42302 -8.62303
2454271.42306 -9.74062
2454272.42311 -10.11621
2454273.42315 -8.45516
2454274.42320 -7.72648
2454275.42325 -6.29113
2454276.42329 -5.45935
2454277.42334 -5.99720
2454278.42338 -5.62062
2454279.42343 -4.92409
2454280.42347 -4.17524
2454281.42352 -3.62707
2454282.42356 -2.26108
2454283.42361 -1.90130
2454284.42366 -1.00347
2454285.42370 -0.25624
2454286.42375 0.37035
2454287.42379 1.07414
2454288.42384 1.93294
2454289.42388 2.79565
2454290.42393 3.10333
2454291.42398 3.77383
2454292.42402 3.51317
2454293.42407 4.29713
2454294.42411 3.99952
2454295.42416 5.05447
2454296.42420 4.77860
2454297.42425 5.55490
2454298.42429 4.60718
2454299.42434 3.71466
2454300.42439 4.25322
2454301.42443 3.57059
2454302.42448 3.60239
2454303.42452 2.56360
2454304.42457 2.44885
2454305.42461 1.31986
2454306.42466 0.96117
2454307.42471 0.09896
2454308.42475 -0.69015
2454309.42480 -1.31482
2454310.42484 -1.71880
2454497.43338 -0.22050
2454498.43342 0.48398
2454499.43347 1.02073
2454500.43351 2.27204
2454501.43356 3.23795
2454502.43360 3.81448
2454503.43365 4.10989
2454504.43370 4.23108
2454505.43374 5.30784
2454506.43379 5.62984
2454507.43383 6.88352
2454508.43388 6.27602
2454509.43392 6.63798
2454510.43397 6.06313
2454511.43401 5.48239
2454512.43406 5.91436
2454513.43411 4.32369
2454514.43415 5.37360
2454515.43420 5.13845
2454516.43424 4.25338
2454517.43429 4.10032
2454518.43433 3.71252
2454519.43438 2.72633
2454520.43443 1.96828
2454521.43447 1.20032
2454522.43452 0.47528
2454523.43456 -0.23026
2454524.43461 -1.14865
2454525.43465 -1.94887
2454526.43470 -2.33750
2454527.43474 -3.55546
2454528.43479 -3.63031
2454529.43484 -5.04167
2454530.43488 -5.18747
2454531.43493 -5.15968
2454532.43497 -6.87140
2454533.43502 -5.99933
2454534.43506 -6.13527
2454535.43511 -7.10741
2454536.43516 -6.11530
2454537.43520 -7.13348
2454538.43525 -6.98965
2454539.43529 -6.25185
2454540.43534 -5.66320
2454541.43538 -7.82746
2454542.43543 -6.84446
2454543.43548 -5.81646
2454544.43552 -4.28879
2454545.43557 -3.84958
2454546.43561 -3.85982
2454547.43566 -2.03023
2454548.43570 -1.65856
2454549.43575 -1.00322
2454550.43579 -0.17791
2454551.43584 0.58355
2454552.43589 1.53089
2454553.43593 2.42372
2454554.43598 3.30627
2454555.43602 3.71053
2454556.43607 4.21269
2454557.43611 5.22365
2454558.43616 6.12275
2454559.43621 5.50974
2454560.43625 6.87459
2454561.43630 5.91460
2454562.43634 5.92233
2454563.43639 6.74669
2454564.43643 6.01214
2454565.43648 5.17248
2454566.43652 6.06873
2454567.43657 7.33018
2454568.43662 4.50676
2454569.43666 5.52975
2454570.43671 4.45454
2454571.43675 3.70683
2454572.43680 3.06462
2454573.43684 2.68509
2454574.43689 1.87892
2454575.43694 1.25082
2454576.43698 0.49836
2454577.43703 -0.36113
2454578.43707 -1.21298
2454579.43712 -1.82775
2454580.43716 -2.80440
2454581.43721 -3.48624
2454582.43725 -4.25680
2454583.43730 -4.14588
2454584.43735 -4.67008
2454585.43739 -5.67858
2454586.43744 -6.84071
2454587.43748 -6.83227
2454588.43753 -6.52045
2454589.43757 -5.84407
2454590.43762 -8.67261
2454591.43767 -6.44046
2454592.43771 -6.01861
2454593.43776 -5.78292
2454594.43780 -5.47289
2454595.43785 -4.90780
2454596.43789 -5.12092
2454597.43794 -4.12166
2454598.43798 -4.55241
2454599.43803 -3.31513
2454600.43808 -2.37507
2454601.43812 -1.79565
2454602.43817 -1.03256
2454603.43821 -0.15892
2454604.43826 0.68528
2454605.43830 1.41168
2454606.43835 2.18561
2454607.43840 3.04594
2454608.43844 3.73034
2454609.43849 4.91231
2454610.43853 5.45321
2454611.43858 5.63833
2454612.43862 5.70205
2454613.43867 7.08962
2454614.43871 7.64198
2454615.43876 5.71250
2454616.43881 6.81068
2454617.43885 6.76317
2454618.43890 6.16865
2454619.43894 6.33391
2454620.43899 6.17409
2454621.43903 6.72991
2454622.43908 4.87984
2454623.43913 5.30328
2454624.43917 4.26125
2454625.43922 4.49163
2454626.43926 3.36445
2454627.43931 2.86272
2454628.43935 1.89009
2454629.43940 0.92644
2454630.43945 0.30995
2454631.43949 -0.37234
2454632.43954 -1.14527
2454633.43958 -1.56577
2454634.43963 -2.26188
2454635.43967 -3.55156
2454636.43972 -4.49014
2454637.43976 -4.02389
2454638.43981 -4.49953
2454639.43986 -5.42650
2454640.43990 -6.62919
2454641.43995 -6.36721
2454642.43999 -6.10457
2454643.44004 -5.79760
2454644.44008 -6.89290
2454645.44013 -5.52438
2454646.44018 -5.48445
2454647.44022 -5.21219
2454648.44027 -5.01913
2454649.44031 -5.90529
2454650.44036 -4.19294
2454651.44040 -3.88353
2454652.44045 -2.91295
2454653.44049 -2.77805
2454654.44054 -1.99596
2454655.44059 -0.84259
2454656.44063 -0.12192
2454657.44068 0.53548
2454658.44072 1.31428
2454659.44077 2.20868
2454660.44081 3.33504
2454661.44086 3.72905
2454662.44091 4.13454
2454663.44095 4.87788
2454664.44100 5.98574
2454665.44104 6.38649
2454666.44109 6.92807
2454667.44113 7.98138
2454668.44118 7.07228
2454669.44122 7.70147
2454670.44127 5.70032
2454671.44132 7.35628
2454672.44136 6.14519
2454673.44141 6.45800
2454674.44145 6.29125
2454675.44150 6.20983
2454676.44154 5.41793
2454862.45003 -3.93869
2454863.45008 -3.10255
2454864.45012 -2.74759
2454865.45017 -2.17674
2454866.45021 -1.49795
2454867.45026 -0.80426
2454868.45031 -0.03505
2454869.45035 0.72778
2454870.45040 1.86770
2454871.45044 2.42236
2454872.45049 3.33599
2454873.45053 3.75179
2454874.45058 4.87272
2454875.45063 5.86420
2454876.45067 6.10523
2454877.45072 6.32540
2454878.45076 7.89571
2454879.45081 9.06601
2454880.45085 6.78041
2454881.45090 7.87655
2454882.45094 8.44527
2454883.45099 8.29743
2454884.45104 8.58620
2454885.45108 7.71805
2454886.45113 9.21025
2454887.45117 8.20597
2454888.45122 8.05195
2454889.45126 7.23451
2454890.45131 6.48096
2454891.45136 5.98472
2454892.45140 6.72415
2454893.45145 4.62000
2454894.45149 4.23781
2454895.45154 3.00392
2454896.45158 3.04008
2454897.45163 2.30712
2454898.45167 1.10371
2454899.45172 0.52499
2454900.45177 -0.20100
2454901.45181 -0.94008
2454902.45186 -1.50091
2454903.45190 -2.22528
2454904.45195 -2.79133
2454905.45199 -3.76591
2454906.45204 -3.74285
2454907.45209 -3.68920
2454908.45213 -4.29828
2454909.45218 -5.42824
2454910.45222 -4.02251
2454911.45227 -3.97964
2454912.45231 -4.24679
2454913.45236 -3.91011
2454914.45240 -3.84026
2454915.45245 -3.42840
2454916.45250 -3.41187
2454917.45254 -2.49506
2454918.45259 -2.60112
2454919.45263 -1.50617
2454920.45268 -0.71745
2454921.45272 -0.04806
2454922.45277 0.73699
2454923.45282 1.67028
2454924.45286 2.27182
2454925.45291 3.27209
2454926.45295 4.12916
2454927.45300 3.52128
2454928.45304 5.74815
2454929.45309 6.08127
2454930.45313 6.78149
2454931.45318 7.84488
2454932.45323 7.28409
2454933.45327 8.13556
2454934.45332 8.51134
2454935.45336 9.03978
2454936.45341 6.95881
2454937.45345 9.53467
2454938.45350 9.54634
2454939.45355 7.65032
2454940.45359 7.95679
2454941.45364 9.24132
2454942.45368 7.14713
2454943.45373 8.58021
2454944.45377 6.29469
2454945.45382 6.96716
2454946.45387 5.15223
2454947.45391 5.42108
2454948.45396 4.37083
2454949.45400 3.59795
2454950.45405 2.45317
2454951.45409 1.95094
2454952.45414 1.08204
2454953.45418 0.37463
2454954.45423 -0.28265
2454955.45428 -0.73205
2454956.45432 -1.80815
2454957.45437 -2.18120
2454958.45441 -2.54721
2454959.45446 -3.48271
2454960.45450 -3.98604
2454961.45455 -3.96485
2454962.45460 -4.17332
2454963.45464 -5.39294
2454964.45469 -4.22786
2454965.45473 -3.93460
2454966.45478 -3.92436
2454967.45482 -3.98721
2454968.45487 -4.07510
2454969.45491 -3.00306
2454970.45496 -2.86633
2454971.45501 -2.17027
2454972.45505 -1.48347
2454973.45510 -0.74629
2454974.45514 -0.08420
2454975.45519 0.67205
2454976.45523 1.43960
2454977.45528 2.39610
2454978.45533 2.75370
2454979.45537 3.54351
2454980.45542 5.23774
2454981.45546 6.08597
2454982.45551 4.94562
2454983.45555 6.32211
2454984.45560 7.91675
2454985.45564 8.06580
2454986.45569 8.09903
2454987.45574 7.55237
2454988.45578 8.42787
2454989.45583 8.31461
2454990.45587 10.44048
2454991.45592 8.50753
2454992.45596 9.24568
2454993.45601 9.33524
2454994.45606 8.60792
2454995.45610 8.32583
2454996.45615 6.92213
2454997.45619 7.14894
2454998.45624 6.64839
2454999.45628 5.86735
2455000.45633 6.34039
2455001.45637 5.77814
2455002.45642 4.50006
2455003.45647 3.82699
2455004.45651 2.38038
2455005.45656 1.72059
2455006.45660 0.90124
2455007.45665 0.23884
2455008.45669 -0.52435
2455009.45674 -1.27946
2455010.45679 -2.26695
2455011.45683 -2.23672
2455012.45688 -2.50408
2455013.45692 -2.91057
2455014.45697 -3.32181
2455015.45701 -3.53488
2455016.45706 -4.13958
2455017.45711 -4.73386
2455018.45715 -4.50561
2455019.45720 -4.07554
2455020.45724 -4.56557
2455021.45729 -3.26441
2455022.45733 -2.95457
2455023.45738 -2.48774
2455024.45742 -1.90789
2455025.45747 -1.77729
2455026.45752 -0.92200
2455027.45756 -0.17226
2455028.45761 0.55108
2455029.45765 1.25626
2455030.45770 1.67510
2455031.45774 3.13401
2455032.45779 4.22199
2455033.45784 4.16630
2455034.45788 4.91581
2455035.45793 6.46482
2455036.45797 6.58385
2455037.45802 7.65487
2455038.45806 7.01056
2455039.45811 8.79029
2455040.45815 9.03366
2455041.45820 8.60766
2455227.46669 -2.72455
2455228.46673 -3.67081
2455229.46678 -3.34545
2455230.46682 -3.38323
2455231.46687 -3.58219
2455232.46692 -3.68036
2455233.46696 -2.80168
2455234.46701 -2.64502
2455235.46705 -2.69131
2455236.46710 -2.21833
2455237.46714 -2.15448
2455238.46719 -1.41765
2455239.46724 -0.69313
2455240.46728 0.00427
2455241.46733 0.78965
2455242.46737 1.37463
2455243.46742 1.96955
2455244.46746 3.63540
2455245.46751 4.52679
2455246.46755 4.94584
2455247.46760 4.33177
2455248.46765 7.01813
2455249.46769 7.79785
2455250.46774 6.17618
2455251.46778 6.23774
2455252.46783 8.11900
2455253.46787 9.37990
2455254.46792 10.77530
2455255.46797 7.89183
2455256.46801 11.72818
2455257.46806 8.36177
2455258.46810 10.93713
2455259.46815 9.96344
2455260.46819 11.06357
2455261.46824 9.93598
2455262.46829 9.17610
2455263.46833 9.41641
2455264.46838 7.66074
2455265.46842 7.66008
2455266.46847 6.16800
2455267.46851 6.92043
2455268.46856 6.40097
2455269.46860 5.19745
2455270.46865 4.28730
2455271.46870 3.30465
2455272.46874 3.24635
2455273.46879 1.83100
2455274.46883 0.91040
2455275.46888 0.37208
2455276.46892 -0.33152
2455277.46897 -0.76710
2455278.46902 -1.54481
2455279.46906 -2.32823
2455280.46911 -2.06110
2455281.46915 -2.74871
2455282.46920 -3.27721
2455283.46924 -2.53701
2455284.46929 -3.37262
2455285.46933 -3.54110
2455286.46938 -2.94307
2455287.46943 -2.76698
2455288.46947 -2.52481
2455289.46952 -2.08921
2455290.46956 -2.34221
2455291.46961 -1.32746
2455292.46965 -0.85513
2455293.46970 -0.21433
2455294.46975 0.45310
2455295.46979 1.16077
2455296.46984 1.92781
2455297.46988 2.79772
2455298.46993 2.77206
2455299.46997 4.65463
2455300.47002 5.62021
2455301.47006 6.14666
2455302.47011 6.97861
2455303.47016 7.96485
2455304.47020 8.06941
2455305.47025 10.28591
2455306.47029 8.93233
2455307.47034 10.25183
2455308.47038 8.80498
2455309.47043 9.77949
2455310.47048 11.17985
2455311.47052 9.95553
2455312.47057 9.52502
2455313.47061 10.30654
2455314.47066 9.78925
2455315.47070 8.56678
2455316.47075 8.70733
2455317.47079 8.77496
2455318.47084 6.09537
2455319.47089 7.47828
2455320.47093 6.17243
2455321.47098 5.92239
2455322.47102 4.65920
2455323.47107 4.40286
2455324.47111 4.46020
2455325.47116 2.68422
2455326.47121 2.05565
2455327.47125 1.37905
2455328.47130 0.54293
2455329.47134 -0.01778
2455330.47139 -0.63706
2455331.47143 -1.35252
2455332.47148 -1.48927
2455333.47153 -2.49518
2455334.47157 -2.17366
2455335.47162 -3.49365
2455336.47166 -3.24083
2455337.47171 -3.61167
2455338.47175 -3.09073
2455339.47180 -3.50065
2455340.47184 -3.30072
2455341.47189 -2.91724
2455342.47194 -1.90371
2455343.47198 -1.84762
2455344.47203 -1.73047
2455345.47207 -1.19894
2455346.47212 -0.51351
2455347.47216 0.18051
2455348.47221 1.01547
2455349.47226 1.54776
2455350.47230 2.74384
2455351.47235 3.62515
2455352.47239 3.96438
2455353.47244 4.09294
2455354.47248 6.00650
2455355.47253 5.51270
2455356.47257 7.00430
2455357.47262 8.79767
2455358.47267 6.22841
2455359.47271 8.50128
2455360.47276 8.59210
2455361.47280 9.10802
2455362.47285 8.43607
2455363.47289 12.10920
2455364.47294 10.29123
2455365.47299 8.05154
2455366.47303 10.41228
2455367.47308 10.97343
2455368.47312 9.51994
2455369.47317 10.74329
2455370.47321 6.96327
2455371.47326 9.23577
2455372.47330 7.51744
2455373.47335 6.44004
2455374.47340 6.89285
2455375.47344 6.09308
2455376.47349 5.63766
2455377.47353 4.71725
2455378.47358 3.34554
2455379.47362 2.12272
2455380.47367 1.43193
2455381.47372 0.82290
2455382.47376 0.25948
2455383.47381 -0.39910
2455384.47385 -0.98006
2455385.47390 -1.51184
2455386.47394 -2.27508
2455387.47399 -2.17792
2455388.47403 -2.40347
2455389.47408 -3.43374
2455390.47413 -3.31702
2455391.47417 -3.12525
2455392.47422 -2.84710
2455393.47426 -3.02476
2455394.47431 -3.19277
2455395.47435 -2.99762
2455396.47440 -2.59333
2455397.47445 -1.93132
2455398.47449 -1.42179
2455399.47454 -0.85362
2455400.47458 -0.09615
2455401.47463 0.57655
2455402.47467 1.39540
2455403.47472 1.83112
2455404.47476 3.18203
2455405.47481 3.98813
2455406.47486 4.98705
2455592.48334 2.63229
2455593.48339 1.82639
2455594.48344 1.16087
2455595.48348 0.38445
2455596.48353 -0.37610
2455597.48357 -1.20779
2455598.48362 -1.73375
2455599.48366 -1.90934
2455600.48371 -2.47889
2455601.48375 -2.99102
2455602.48380 -3.54774
2455603.48385 -3.01146
2455604.48389 -4.15837
2455605.48394 -3.80675
2455606.48398 -3.58358
2455607.48403 -3.46778
2455608.48407 -3.65978
2455609.48412 -2.81676
2455610.48417 -2.50947
2455611.48421 -2.14853
2455612.48426 -1.56804
2455613.48430 -1.07928
2455614.48435 -0.28993
2455615.48439 0.40594
2455616.48444 1.03412
2455617.48448 1.85047
2455618.48453 2.97699
2455619.48458 3.69249
2455620.48462 4.30240
2455621.48467 4.52264
2455622.48471 5.24596
2455623.48476 6.50786
2455624.48480 8.29365
2455625.48485 8.59623
2455626.48490 8.74152
2455627.48494 9.32315
2455628.48499 6.98361
2455629.48503 9.62338
2455630.48508 9.81672
2455631.48512 8.22122
2455632.48517 11.78918
2455633.48521 10.00537
2455634.48526 9.91608
2455635.48531 8.43477
2455636.48535 9.00021
2455637.48540 8.46044
2455638.48544 9.32174
2455639.48549 7.93792
2455640.48553 6.73277
2455641.48558 5.01742
2455642.48563 4.52647
2455643.48567 3.27549
2455644.48572 3.49389
2455645.48576 2.95837
2455646.48581 2.02828
2455647.48585 1.30139
2455648.48590 0.55177
2455649.48595 -0.30581
2455650.48599 -1.06071
2455651.48604 -1.58520
2455652.48608 -2.52457
2455653.48613 -2.70725
2455654.48617 -3.26774
2455655.48622 -3.92107
2455656.48626 -4.23093
2455657.48631 -4.12661
2455658.48636 -4.28227
2455659.48640 -4.13861
2455660.48645 -3.36888
2455661.48649 -3.31099
2455662.48654 -3.28262
2455663.48658 -2.84333
2455664.48663 -2.87001
2455665.48668 -1.95443
2455666.48672 -1.64764
2455667.48677 -0.80168
2455668.48681 -0.12930
2455669.48686 0.63556
2455670.48690 1.46411
2455671.48695 1.90394
2455672.48699 2.92277
2455673.48704 3.82219
2455674.48709 4.96523
2455675.48713 4.87447
2455676.48718 5.91406
2455677.48722 7.71796
2455678.48727 7.30687
2455679.48731 6.07112
2455680.48736 7.37400
2455681.48741 8.13594
2455682.48745 8.12631
2455683.48750 9.51044
2455684.48754 10.48984
2455685.48759 10.71677
2455686.48763 10.73166
2455687.48768 8.74300
2455688.48772 8.85662
2455689.48777 8.65803
2455690.48782 10.76085
2455691.48786 8.16887
2455692.48791 7.20431
2455693.48795 6.08386
2455694.48800 6.72704
2455695.48804 4.62971
2455696.48809 4.63849
2455697.48814 3.70808
2455698.48818 2.83579
2455699.48823 2.53001
2455700.48827 1.39819
2455701.48832 0.59817
2455702.48836 -0.23388
2455703.48841 -0.81921
2455704.48845 -1.35248
2455705.48850 -2.11668
2455706.48855 -2.83647
2455707.48859 -3.44015
2455708.48864 -3.55998
2455709.48868 -3.94718
2455710.48873 -4.33183
2455711.48877 -4.00756
2455712.48882 -4.15357
2455713.48887 -4.33786
2455714.48891 -4.17073
2455715.48896 -4.42930
2455716.48900 -3.50756
2455717.48905 -3.41715
2455718.48909 -2.64831
2455719.48914 -1.93096
2455720.48918 -1.62609
2455721.48923 -0.71834
2455722.48928 0.01955
2455723.48932 0.65612
2455724.48937 1.45831
2455725.48941 2.03162
2455726.48946 3.40851
2455727.48950 3.67067
2455728.48955 4.36207
2455729.48960 5.87103
2455730.48964 5.94265
2455731.48969 7.95360
2455732.48973 7.70318
2455733.48978 8.18082
2455734.48982 8.66417
2455735.48987 9.73360
2455736.48992 6.12510
2455737.48996 9.68696
2455738.49001 8.39939
2455739.49005 8.05787
2455740.49010 8.91309
2455741.49014 8.77246
2455742.49019 7.06640
2455743.49023 7.22509
2455744.49028 6.65614
2455745.49033 6.62108
2455746.49037 6.97399
2455747.49042 5.76178
2455748.49046 5.44168
2455749.49051 4.18864
2455750.49055 4.29250
2455751.49060 2.84925
2455752.49065 2.38004
2455753.49069 1.39382
2455754.49074 0.55188
2455755.49078 -0.12910
2455756.49083 -0.78358
2455757.49087 -1.61321
2455758.49092 -2.00768
2455759.49096 -2.78570
2455760.49101 -3.37088
2455761.49106 -3.96497
2455762.49110 -4.05051
2455763.49115 -4.16539
2455764.49119 -4.36773
2455765.49124 -4.27078
2455766.49128 -4.52174
2455767.49133 -4.96767
2455768.49138 -4.02001
2455769.49142 -4.17661
2455770.49147 -4.09850
2455771.49151 -3.12956
2455957.50000 6.42163
