2445000.00000 17.80389
2445001.00005 14.19287
2445002.00009 14.79049
2445003.00014 13.51766
2445004.00018 14.80609
2445005.00023 13.75158
2445006.00027 11.99890
2445007.00032 13.54648
2445008.00037 13.16337
2445009.00041 12.68847
2445010.00046 12.94419
2445011.00050 12.00824
2445012.00055 13.25005
2445013.00059 10.76727
2445014.00064 14.69015
2445015.00068 14.50804
2445016.00073 14.68911
2445017.00078 13.71478
2445018.00082 15.61939
2445019.00087 15.66023
2445020.00091 21.54533
2445021.00096 16.29806
2445022.00100 16.60697
2445023.00105 16.77132
2445024.00110 19.47280
2445025.00114 20.05586
2445026.00119 22.68385
2445027.00123 17.76808
2445028.00128 18.70917
2445029.00132 23.21650
2445030.00137 15.84353
2445031.00141 22.21987
2445032.00146 21.83326
2445033.00151 20.31348
2445034.00155 20.02624
2445035.00160 19.12970
2445036.00164 20.04364
2445037.00169 16.18746
2445038.00173 14.49860
2445039.00178 16.98821
2445040.00183 17.38611
2445041.00187 15.08278
2445042.00192 14.43159
2445043.00196 13.24799
2445044.00201 13.42387
2445045.00205 14.21905
2445046.00210 14.80357
2445047.00214 12.09353
2445048.00219 13.11656
2445049.00224 14.82030
2445050.00228 13.77719
2445051.00233 14.07203
2445052.00237 14.61597
2445053.00242 15.16003
2445054.00246 17.70801
2445055.00251 15.94800
2445056.00256 16.75757
2445057.00260 17.02408
2445058.00265 20.30078
2445059.00269 18.86773
2445060.00274 22.73944
2445061.00278 22.11204
2445062.00283 20.87035
2445063.00287 22.47858
2445064.00292 16.47241
2445065.00297 23.92777
2445066.00301 19.82354
2445067.00306 24.32044
2445068.00310 20.60676
2445069.00315 18.52145
2445070.00319 20.21413
2445071.00324 21.21193
2445072.00329 20.93023
2445073.00333 18.11090
2445074.00338 19.07576
2445075.00342 20.12221
2445076.00347 17.90401
2445077.00351 15.96555
2445078.00356 13.99606
2445079.00361 15.62990
2445080.00365 16.29521
2445081.00370 13.79105
2445082.00374 16.32360
2445083.00379 14.45453
2445084.00383 14.84833
2445085.00388 16.80518
2445086.00392 17.71418
2445087.00397 15.09934
2445088.00402 18.11731
2445089.00406 14.59940
2445090.00411 15.69182
2445091.00415 19.44923
2445092.00420 16.56025
2445093.00424 15.69362
2445094.00429 20.27073
2445095.00434 21.30902
2445096.00438 22.11648
2445097.00443 18.93628
2445098.00447 24.54885
2445099.00452 20.05433
2445100.00456 22.19814
2445101.00461 19.58445
2445102.00465 21.24825
2445103.00470 20.30775
2445104.00475 19.53597
2445105.00479 19.75697
2445106.00484 16.00527
2445107.00488 20.16671
2445108.00493 17.34220
2445109.00497 18.23148
2445110.00502 18.17083
2445111.00507 17.06016
2445112.00511 18.66067
2445113.00516 15.36242
2445114.00520 13.47728
2445115.00525 14.13294
2445116.00529 13.26734
2445117.00534 14.95466
2445118.00538 13.83338
2445119.00543 15.98986
2445120.00548 14.22732
2445121.00552 16.00698
2445122.00557 14.43546
2445123.00561 15.54768
2445124.00566 15.08341
2445125.00570 17.93643
2445126.00575 17.16745
2445127.00580 20.69226
2445128.00584 18.91158
2445129.00589 23.96497
2445130.00593 20.07138
2445131.00598 25.43308
2445132.00602 24.23728
2445133.00607 21.08978
2445134.00611 21.24507
2445135.00616 25.60215
2445136.00621 21.36516
2445137.00625 18.99080
2445138.00630 23.88114
2445139.00634 21.73264
2445140.00639 22.45503
2445141.00643 19.70225
2445142.00648 21.58582
2445143.00653 20.82572
2445144.00657 17.95544
2445145.00662 22.20731
2445146.00666 18.60053
2445147.00671 16.65219
2445148.00675 15.56049
2445149.00680 17.39924
2445150.00684 14.93518
2445151.00689 15.54604
2445152.00694 16.22297
2445153.00698 14.94906
2445154.00703 13.02916
2445155.00707 15.75142
2445156.00712 16.75065
2445157.00716 16.83462
2445158.00721 15.15650
2445159.00726 15.23946
2445160.00730 18.86180
2445161.00735 16.44459
2445162.00739 15.11089
2445163.00744 19.97483
2445164.00748 15.90928
2445165.00753 20.35983
2445166.00758 25.47140
2445167.00762 24.25304
2445168.00767 21.97366
2445169.00771 22.04386
2445170.00776 24.17861
2445171.00780 27.16670
2445172.00785 22.21964
2445173.00789 22.19897
2445174.00794 21.13302
2445175.00799 21.38269
2445176.00803 22.63345
2445177.00808 21.67156
2445178.00812 20.01065
2445179.00817 23.53961
2445366.01670 16.40719
2445367.01675 16.81239
2445368.01679 16.55082
2445369.01684 15.02732
2445370.01688 15.44825
2445371.01693 14.98339
2445372.01698 13.48612
2445373.01702 13.45218
2445374.01707 16.32787
2445375.01711 16.21647
2445376.01716 18.12052
2445377.01720 18.82133
2445378.01725 17.19159
2445379.01729 21.98280
2445380.01734 19.81435
2445381.01739 22.28124
2445382.01743 20.79353
2445383.01748 25.13962
2445384.01752 27.82656
2445385.01757 24.87840
2445386.01761 20.50245
2445387.01766 22.73453
2445388.01771 27.96263
2445389.01775 22.79719
2445390.01780 21.48243
2445391.01784 22.54695
2445392.01789 21.09204
2445393.01793 20.14222
2445394.01798 19.65191
2445395.01803 20.34584
2445396.01807 21.30267
2445397.01812 16.84316
2445398.01816 17.10307
2445399.01821 15.11535
2445400.01825 14.80740
2445401.01830 16.08135
2445402.01834 14.53735
2445403.01839 16.86090
2445404.01844 14.74644
2445405.01848 13.60358
2445406.01853 14.64961
2445407.01857 15.80839
2445408.01862 14.00648
2445409.01866 15.58576
2445410.01871 18.34774
2445411.01876 16.32045
2445412.01880 19.37571
2445413.01885 17.75157
2445414.01889 19.18400
2445415.01894 16.12436
2445416.01898 19.64759
2445417.01903 21.90718
2445418.01907 17.04567
2445419.01912 21.04635
2445420.01917 18.60028
2445421.01921 24.32750
2445422.01926 25.49359
2445423.01930 25.07142
2445424.01935 22.27443
2445425.01939 23.14449
2445426.01944 23.77480
2445427.01949 25.42097
2445428.01953 19.10842
2445429.01958 18.80869
2445430.01962 21.47174
2445431.01967 19.57499
2445432.01971 18.72942
2445433.01976 17.77710
2445434.01980 15.87075
2445435.01985 14.86286
2445436.01990 12.67614
2445437.01994 16.08374
2445438.01999 14.51120
2445439.02003 14.79307
2445440.02008 15.56176
2445441.02012 13.43435
2445442.02017 12.01765
2445443.02022 14.99794
2445444.02026 13.38556
2445445.02031 14.80960
2445446.02035 14.03613
2445447.02040 14.32530
2445448.02044 15.10819
2445449.02049 13.67699
2445450.02053 19.07902
2445451.02058 17.73758
2445452.02063 17.99368
2445453.02067 22.38379
2445454.02072 22.85243
2445455.02076 19.71297
2445456.02081 19.72793
2445457.02085 17.69252
2445458.02090 19.49999
2445459.02095 19.31622
2445460.02099 20.60615
2445461.02104 23.17251
2445462.02108 23.59568
2445463.02113 21.70771
2445464.02117 20.03147
2445465.02122 21.32617
2445466.02126 21.59763
2445467.02131 18.93893
2445468.02136 19.60053
2445469.02140 13.97177
2445470.02145 18.79884
2445471.02149 17.68609
2445472.02154 17.27739
2445473.02158 14.09179
2445474.02163 14.79713
2445475.02168 13.37181
2445476.02172 12.62603
2445477.02177 14.34855
2445478.02181 12.08404
2445479.02186 14.14296
2445480.02190 12.84992
2445481.02195 13.35408
2445482.02200 14.38645
2445483.02204 14.67473
2445484.02209 17.30131
2445485.02213 17.05093
2445486.02218 17.58289
2445487.02222 15.42227
2445488.02227 18.02863
2445489.02231 18.60423
2445490.02236 19.76568
2445491.02241 22.86405
2445492.02245 17.43067
2445493.02250 22.04035
2445494.02254 22.41215
2445495.02259 18.48199
2445496.02263 22.72218
2445497.02268 19.87146
2445498.02273 21.89153
2445499.02277 19.83621
2445500.02282 18.27838
2445501.02286 20.08589
2445502.02291 18.06019
2445503.02295 17.47147
2445504.02300 17.82502
2445505.02304 14.87306
2445506.02309 16.99970
2445507.02314 14.30066
2445508.02318 14.59998
2445509.02323 14.72579
2445510.02327 12.80943
2445511.02332 12.82672
2445512.02336 12.17278
2445513.02341 14.01852
2445514.02346 12.70761
2445515.02350 12.31487
2445516.02355 13.82097
2445517.02359 14.67292
2445518.02364 14.32663
2445519.02368 13.56249
2445520.02373 12.60998
2445521.02377 16.49303
2445522.02382 17.80587
2445523.02387 14.03188
2445524.02391 16.28747
2445525.02396 18.49689
2445526.02400 19.47660
2445527.02405 17.57800
2445528.02409 20.83290
2445529.02414 20.07463
2445530.02419 22.79657
2445531.02423 21.40506
2445532.02428 23.00247
2445533.02432 22.37175
2445534.02437 19.92079
2445535.02441 17.01171
2445536.02446 20.07196
2445537.02450 20.68306
2445538.02455 21.17828
2445539.02460 16.25240
2445540.02464 17.94367
2445541.02469 16.19109
2445542.02473 15.47351
2445543.02478 15.78198
2445544.02482 15.56973
2445545.02487 12.30370
2445731.03336 6.73331
2445732.03340 6.91344
2445733.03345 6.49403
2445734.03349 7.34249
2445735.03354 8.58106
2445736.03359 9.63626
2445737.03363 9.98107
2445738.03368 11.42298
2445739.03372 9.00422
2445740.03377 11.81780
2445741.03381 10.27126
2445742.03386 12.10650
2445743.03391 12.86704
2445744.03395 13.60602
2445745.03400 13.48716
2445746.03404 11.57017
2445747.03409 13.78846
2445748.03413 14.49918
2445749.03418 12.50035
2445750.03422 13.48051
2445751.03427 14.39093
2445752.03432 12.71081
2445753.03436 15.09278
2445754.03441 11.84972
2445755.03445 9.82043
2445756.03450 10.17547
2445757.03454 9.47336
2445758.03459 10.91574
2445759.03464 9.39511
2445760.03468 7.20553
2445761.03473 7.26379
2445762.03477 7.24477
2445763.03482 7.58570
2445764.03486 6.23995
2445765.03491 6.09526
2445766.03495 6.49212
2445767.03500 6.15929
2445768.03505 5.69528
2445769.03509 6.66718
2445770.03514 7.50903
2445771.03518 6.81593
2445772.03523 6.28699
2445773.03527 8.54963
2445774.03532 10.38343
2445775.03537 8.96811
2445776.03541 8.91557
2445777.03546 11.48818
2445778.03550 11.98127
2445779.03555 10.94128
2445780.03559 11.08838
2445781.03564 14.36583
2445782.03568 15.64713
2445783.03573 13.08642
2445784.03578 14.06548
2445785.03582 12.81856
2445786.03587 14.00275
2445787.03591 12.92899
2445788.03596 10.53465
2445789.03600 11.52240
2445790.03605 11.53505
2445791.03610 11.90503
2445792.03614 9.07594
2445793.03619 9.27789
2445794.03623 7.49397
2445795.03628 5.13793
2445796.03632 7.21709
2445797.03637 6.19733
2445798.03642 6.47512
2445799.03646 6.13804
2445800.03651 5.29158
2445801.03655 4.91457
2445802.03660 5.41285
2445803.03664 5.18315
2445804.03669 5.41099
2445805.03673 6.43199
2445806.03678 6.39555
2445807.03683 7.07067
2445808.03687 7.38025
2445809.03692 8.34748
2445810.03696 9.70742
2445811.03701 10.06810
2445812.03705 10.40035
2445813.03710 10.09619
2445814.03715 11.36591
2445815.03719 12.52472
2445816.03724 14.48487
2445817.03728 9.62231
2445818.03733 13.79713
2445819.03737 14.65114
2445820.03742 12.69768
2445821.03746 14.72918
2445822.03751 14.27912
2445823.03756 11.90971
2445824.03760 11.31304
2445825.03765 10.06909
2445826.03769 11.35130
2445827.03774 8.14741
2445828.03778 9.01016
2445829.03783 8.73507
2445830.03788 6.51393
2445831.03792 6.73648
2445832.03797 7.06291
2445833.03801 5.30279
2445834.03806 4.89850
2445835.03810 5.09696
2445836.03815 4.83625
2445837.03819 3.49041
2445838.03824 4.29919
2445839.03829 4.24330
2445840.03833 4.73517
2445841.03838 5.53252
2445842.03842 4.91300
2445843.03847 6.71204
2445844.03851 5.72707
2445845.03856 6.28979
2445846.03861 7.51644
2445847.03865 7.03746
2445848.03870 9.00383
2445849.03874 8.71440
2445850.03879 10.56969
2445851.03883 8.95463
2445852.03888 10.98009
2445853.03892 10.48899
2445854.03897 12.24921
2445855.03902 11.98071
2445856.03906 9.24884
2445857.03911 10.12294
2445858.03915 11.99222
2445859.03920 11.98760
2445860.03924 10.75667
2445861.03929 11.39807
2445862.03934 8.72279
2445863.03938 8.58187
2445864.03943 7.51872
2445865.03947 7.11475
2445866.03952 6.83119
2445867.03956 6.13667
2445868.03961 5.60268
2445869.03966 4.58345
2445870.03970 3.57534
2445871.03975 4.09835
2445872.03979 3.87824
2445873.03984 3.15102
2445874.03988 3.15142
2445875.03993 3.51124
2445876.03997 3.54224
2445877.04002 4.07781
2445878.04007 4.51817
2445879.04011 4.64696
2445880.04016 6.05942
2445881.04020 4.53684
2445882.04025 6.16900
2445883.04029 7.63419
2445884.04034 7.96155
2445885.04039 7.99311
2445886.04043 10.46832
2445887.04048 7.69619
2445888.04052 13.18911
2445889.04057 10.38527
2445890.04061 10.13418
2445891.04066 12.96865
2445892.04070 11.49571
2445893.04075 11.15095
2445894.04080 9.59047
2445895.04084 8.69614
2445896.04089 10.75948
2445897.04093 10.71384
2445898.04098 7.97407
2445899.04102 8.46150
2445900.04107 7.23637
2445901.04112 6.01104
2445902.04116 6.93337
2445903.04121 5.26166
2445904.04125 4.07448
2445905.04130 4.19823
2445906.04134 3.16649
2445907.04139 3.36954
2445908.04143 3.02736
2445909.04148 2.53657
2445910.04153 2.75168
2446096.05001 2.44337
2446097.05006 3.67595
2446098.05010 3.54923
2446099.05015 4.05778
2446100.05020 5.44803
2446101.05024 5.31810
2446102.05029 7.17807
2446103.05033 7.56836
2446104.05038 7.33773
2446105.05042 7.68504
2446106.05047 5.74225
2446107.05052 7.62829
2446108.05056 7.40383
2446109.05061 8.58830
2446110.05065 7.28459
2446111.05070 7.51026
2446112.05074 6.38381
2446113.05079 6.63269
2446114.05084 5.37426
2446115.05088 5.22470
2446116.05093 5.13665
2446117.05097 4.15600
2446118.05102 2.61184
2446119.05106 2.43341
2446120.05111 1.67251
2446121.05115 0.90526
2446122.05120 0.62736
2446123.05125 0.37691
2446124.05129 0.12668
2446125.05134 0.02694
2446126.05138 0.02669
2446127.05143 0.13080
2446128.05147 0.38031
2446129.05152 0.68718
2446130.05157 1.32055
2446131.05161 1.65994
2446132.05166 2.18579
2446133.05170 3.50194
2446134.05175 3.43829
2446135.05179 4.50293
2446136.05184 4.59946
2446137.05188 6.05135
2446138.05193 6.25978
2446139.05198 6.12670
2446140.05202 8.37489
2446141.05207 7.19046
2446142.05211 7.24507
2446143.05216 7.89881
2446144.05220 8.19196
2446145.05225 7.40448
2446146.05230 8.10691
2446147.05234 7.87899
2446148.05239 7.62848
2446149.05243 5.33764
2446150.05248 6.15044
2446151.05252 5.22170
2446152.05257 4.23694
2446153.05261 2.95125
2446154.05266 3.35500
2446155.05271 2.21667
2446156.05275 1.34766
2446157.05280 1.13846
2446158.05284 0.67603
2446159.05289 0.43665
2446160.05293 0.16782
2446161.05298 0.03070
2446162.05303 0.02869
2446163.05307 0.16147
2446164.05312 0.43344
2446165.05316 0.77760
2446166.05321 1.10271
2446167.05325 1.52033
2446168.05330 1.81264
2446169.05334 2.78115
2446170.05339 4.15396
2446171.05344 4.21673
2446172.05348 4.81862
2446173.05353 5.06789
2446174.05357 7.10185
2446175.05362 6.80060
2446176.05366 6.90981
2446177.05371 7.37747
2446178.05376 8.10663
2446179.05380 7.52839
2446180.05385 9.52106
2446181.05389 8.20648
2446182.05394 8.04024
2446183.05398 7.55102
2446184.05403 7.17096
2446185.05408 6.79942
2446186.05412 5.84477
2446187.05417 5.10465
2446188.05421 3.89835
2446189.05426 3.17355
2446190.05430 2.82709
2446191.05435 1.98786
2446192.05439 1.39322
2446193.05444 1.33563
2446194.05449 0.81848
2446195.05453 0.59905
2446196.05458 0.26603
2446197.05462 0.15778
2446198.05467 0.20399
2446199.05471 0.37618
2446200.05476 0.53639
2446201.05481 1.03123
2446202.05485 1.32576
2446203.05490 2.04582
2446204.05494 2.46230
2446205.05499 2.86180
2446206.05503 4.49407
2446207.05508 4.34727
2446208.05512 4.85651
2446209.05517 6.13092
2446210.05522 6.37742
2446211.05526 5.95566
2446212.05531 7.77566
2446213.05535 7.18654
2446214.05540 7.83125
2446215.05544 9.70289
2446216.05549 7.29130
2446217.05554 8.30913
2446218.05558 7.68565
2446219.05563 7.20775
2446220.05567 6.70790
2446221.05572 8.37058
2446222.05576 6.44562
2446223.05581 4.46685
2446224.05585 4.74041
2446225.05590 3.52682
2446226.05595 3.30121
2446227.05599 2.80025
2446228.05604 2.02802
2446229.05608 1.82337
2446230.05613 1.12695
2446231.05617 0.64233
2446232.05622 0.47122
2446233.05627 0.41444
2446234.05631 0.43485
2446235.05636 0.67447
2446236.05640 0.92261
2446237.05645 1.10180
2446238.05649 1.72555
2446239.05654 2.21097
2446240.05658 2.64666
2446241.05663 3.36893
2446242.05668 3.93884
2446243.05672 4.84416
2446244.05677 5.42915
2446245.05681 6.42520
2446246.05686 6.97600
2446247.05690 7.51950
2446248.05695 7.85950
2446249.05700 8.20521
2446250.05704 8.67373
2446251.05709 8.19122
2446252.05713 7.46506
2446253.05718 6.91977
2446254.05722 8.90850
2446255.05727 8.69411
2446256.05731 6.74413
2446257.05736 6.26068
2446258.05741 6.29794
2446259.05745 6.50153
2446260.05750 5.26337
2446261.05754 4.21103
2446262.05759 3.60238
2446263.05763 2.92222
2446264.05768 2.36877
2446265.05773 1.80926
2446266.05777 1.41601
2446267.05782 1.16147
2446268.05786 0.78847
2446269.05791 0.80945
2446270.05795 0.82473
2446271.05800 1.12460
2446272.05805 1.12302
2446273.05809 1.90943
2446274.05814 2.07654
2446275.05818 2.48452
2446461.06667 8.76559
2446462.06672 11.16419
2446463.06676 10.23988
2446464.06681 10.32404
2446465.06685 13.75784
2446466.06690 13.49326
2446467.06694 14.19995
2446468.06699 10.93661
2446469.06703 12.70021
2446470.06708 13.30834
2446471.06713 11.43785
2446472.06717 10.61261
2446473.06722 11.20549
2446474.06726 10.47582
2446475.06731 9.76243
2446476.06735 8.89518
2446477.06740 9.23781
2446478.06745 8.13711
2446479.06749 7.62225
2446480.06754 7.82560
2446481.06758 7.53228
2446482.06763 6.50975
2446483.06767 5.74900
2446484.06772 5.37738
2446485.06776 5.52218
2446486.06781 4.39130
2446487.06786 6.23053
2446488.06790 5.83105
2446489.06795 6.31659
2446490.06799 6.27778
2446491.06804 6.68216
2446492.06808 8.55604
2446493.06813 8.27672
2446494.06818 10.42378
2446495.06822 8.97081
2446496.06827 9.67971
2446497.06831 10.33893
2446498.06836 10.36564
2446499.06840 13.72696
2446500.06845 12.77156
2446501.06850 12.50056
2446502.06854 14.89504
2446503.06859 11.72625
2446504.06863 14.56808
2446505.06868 13.00400
2446506.06872 13.58679
2446507.06877 13.35830
2446508.06881 13.65460
2446509.06886 12.58888
2446510.06891 12.07093
2446511.06895 11.39110
2446512.06900 9.01991
2446513.06904 8.34943
2446514.06909 7.20810
2446515.06913 7.36136
2446516.06918 7.78110
2446517.06923 6.28719
2446518.06927 7.54638
2446519.06932 5.55472
2446520.06936 6.65367
2446521.06941 6.01767
2446522.06945 6.10199
2446523.06950 5.84975
2446524.06954 7.96831
2446525.06959 6.15851
2446526.06964 7.90685
2446527.06968 7.38306
2446528.06973 9.12894
2446529.06977 9.21074
2446530.06982 10.88507
2446531.06986 11.55541
2446532.06991 11.80695
2446533.06996 13.19145
2446534.07000 10.80444
2446535.07005 12.33976
2446536.07009 12.40072
2446537.07014 12.19275
2446538.07018 15.12606
2446539.07023 15.78811
2446540.07027 15.89428
2446541.07032 13.84839
2446542.07037 15.74476
2446543.07041 14.63173
2446544.07046 14.75703
2446545.07050 12.61479
2446546.07055 11.18859
2446547.07059 11.90457
2446548.07064 10.87288
2446549.07069 10.22358
2446550.07073 10.63622
2446551.07078 8.65971
2446552.07082 10.21977
2446553.07087 7.95239
2446554.07091 8.35122
2446555.07096 6.63077
2446556.07100 6.41835
2446557.07105 6.53514
2446558.07110 6.44521
2446559.07114 6.58557
2446560.07119 8.50728
2446561.07123 9.26566
2446562.07128 9.44420
2446563.07132 9.28300
2446564.07137 10.87918
2446565.07142 10.36843
2446566.07146 10.79031
2446567.07151 10.02899
2446568.07155 10.99799
2446569.07160 13.20078
2446570.07164 14.09999
2446571.07169 15.92743
2446572.07173 15.88805
2446573.07178 16.49053
2446574.07183 15.43571
2446575.07187 15.51266
2446576.07192 14.60085
2446577.07196 15.96272
2446578.07201 13.60855
2446579.07205 15.98578
2446580.07210 12.77379
2446581.07215 14.24377
2446582.07219 12.59193
2446583.07224 12.96808
2446584.07228 11.89639
2446585.07233 10.39268
2446586.07237 8.49857
2446587.07242 9.48358
2446588.07247 9.62398
2446589.07251 8.59791
2446590.07256 9.31115
2446591.07260 7.81809
2446592.07265 8.00907
2446593.07269 8.06118
2446594.07274 7.91358
2446595.07278 8.64999
2446596.07283 8.52198
2446597.07288 7.72763
2446598.07292 9.98069
2446599.07297 9.57411
2446600.07301 10.71969
2446601.07306 9.96226
2446602.07310 11.40143
2446603.07315 14.91758
2446604.07320 13.31124
2446605.07324 15.55288
2446606.07329 14.84178
2446607.07333 15.32224
2446608.07338 15.16025
2446609.07342 18.04442
2446610.07347 14.37556
2446611.07351 19.45848
2446612.07356 18.89786
2446613.07361 19.74508
2446614.07365 14.08825
2446615.07370 14.40582
2446616.07374 15.27272
2446617.07379 15.02466
2446618.07383 12.86997
2446619.07388 12.26964
2446620.07393 12.16151
2446621.07397 11.92000
2446622.07402 10.45074
2446623.07406 11.11091
2446624.07411 10.28560
2446625.07415 10.28969
2446626.07420 9.20533
2446627.07424 9.69707
2446628.07429 8.86626
2446629.07434 10.81313
2446630.07438 9.80347
2446631.07443 10.91581
2446632.07447 10.46983
2446633.07452 10.40915
2446634.07456 11.20864
2446635.07461 12.13527
2446636.07466 13.00919
2446637.07470 11.85868
2446638.07475 15.11654
2446639.07479 14.70951
2446640.07484 13.89047
2446827.08337 23.41791
2446828.08342 22.89707
2446829.08346 18.63943
2446830.08351 21.18133
2446831.08355 21.41841
2446832.08360 22.81947
2446833.08365 22.14456
2446834.08369 21.23714
2446835.08374 17.38403
2446836.08378 20.34319
2446837.08383 21.07429
2446838.08387 14.79033
2446839.08392 18.12915
2446840.08396 17.31794
2446841.08401 12.86341
2446842.08406 14.49830
2446843.08410 12.54191
2446844.08415 11.95027
2446845.08419 13.67734
2446846.08424 14.34439
2446847.08428 15.06330
2446848.08433 15.07786
2446849.08438 13.89992
2446850.08442 16.39469
2446851.08447 19.80877
2446852.08451 17.99752
2446853.08456 17.05097
2446854.08460 19.43262
2446855.08465 20.90384
2446856.08469 20.87459
2446857.08474 18.83019
2446858.08479 21.56212
2446859.08483 23.46858
2446860.08488 21.81506
2446861.08492 24.86187
2446862.08497 23.44182
2446863.08501 22.10564
2446864.08506 21.81495
2446865.08511 22.21484
2446866.08515 22.28415
2446867.08520 19.96386
2446868.08524 24.92377
2446869.08529 20.26726
2446870.08533 18.55981
2446871.08538 19.37176
2446872.08542 18.21799
2446873.08547 18.16891
2446874.08552 15.42784
2446875.08556 14.07680
2446876.08561 17.17826
2446877.08565 14.93335
2446878.08570 18.78021
2446879.08574 14.19736
2446880.08579 12.42150
2446881.08584 14.83236
2446882.08588 13.75798
2446883.08593 14.01016
2446884.08597 13.93258
2446885.08602 16.68126
2446886.08606 17.48397
2446887.08611 17.00377
2446888.08615 17.96393
2446889.08620 20.21411
2446890.08625 21.71399
2446891.08629 18.10238
2446892.08634 18.62398
2446893.08638 20.20602
2446894.08643 22.22187
2446895.08647 19.83002
2446896.08652 23.13036
2446897.08657 21.08623
2446898.08661 23.24548
2446899.08666 21.34820
2446900.08670 19.42439
2446901.08675 17.58510
2446902.08679 24.08826
2446903.08684 23.88561
2446904.08689 18.17112
2446905.08693 20.24400
2446906.08698 20.34775
2446907.08702 20.15381
2446908.08707 20.71410
2446909.08711 16.74667
2446910.08716 17.98121
2446911.08720 17.86576
2446912.08725 16.17371
2446913.08730 15.06696
2446914.08734 13.50378
2446915.08739 16.30315
2446916.08743 12.67613
2446917.08748 13.35718
2446918.08752 15.32155
2446919.08757 17.20051
2446920.08762 16.83520
2446921.08766 18.21257
2446922.08771 17.19649
2446923.08775 15.34037
2446924.08780 15.76778
2446925.08784 15.75129
2446926.08789 20.06329
2446927.08793 19.46672
2446928.08798 18.73175
2446929.08803 15.93067
2446930.08807 23.29797
2446931.08812 19.11245
2446932.08816 23.46058
2446933.08821 22.32079
2446934.08825 22.71127
2446935.08830 20.77021
2446936.08835 20.18057
2446937.08839 22.58529
2446938.08844 21.98213
2446939.08848 22.12409
2446940.08853 20.71455
2446941.08857 21.40913
2446942.08862 21.12555
2446943.08866 20.04513
2446944.08871 19.36537
2446945.08876 16.77120
2446946.08880 18.13574
2446947.08885 19.54606
2446948.08889 18.99859
2446949.08894 16.82820
2446950.08898 13.61572
2446951.08903 15.17625
2446952.08908 15.23422
2446953.08912 16.66717
2446954.08917 15.87357
2446955.08921 15.42784
2446956.08926 17.10887
2446957.08930 17.07943
2446958.08935 16.54160
2446959.08939 17.05280
2446960.08944 20.93387
2446961.08949 19.73890
2446962.08953 18.97394
2446963.08958 20.61686
2446964.08962 20.17301
2446965.08967 23.40278
2446966.08971 22.85942
2446967.08976 21.41831
2446968.08981 22.42532
2446969.08985 23.34670
2446970.08990 24.02576
2446971.08994 22.43858
2446972.08999 21.54570
2446973.09003 22.30312
2446974.09008 24.90106
2446975.09013 21.48203
2446976.09017 22.34109
2446977.09022 24.05717
2446978.09026 22.09288
2446979.09031 17.81727
2446980.09035 16.01731
2446981.09040 18.47026
2446982.09044 17.63711
2446983.09049 18.01529
2446984.09054 14.54031
2446985.09058 17.45776
2446986.09063 15.88255
2446987.09067 17.00702
2446988.09072 16.13317
2446989.09076 14.66858
2446990.09081 14.99967
2446991.09086 16.24268
2446992.09090 17.92687
2446993.09095 14.73752
2446994.09099 15.45854
2446995.09104 20.37930
2446996.09108 17.98851
2446997.09113 21.96006
2446998.09117 21.60005
2446999.09122 19.22911
2447000.09127 19.28947
2447001.09131 20.63411
2447002.09136 24.38632
2447003.09140 24.62500
2447004.09145 24.46171
2447005.09149 23.45206
2447006.09154 20.95069
2447192.10003 21.89271
2447193.10007 19.22548
2447194.10012 22.89789
2447195.10016 17.49872
2447196.10021 17.31810
2447197.10026 18.30865
2447198.10030 18.94938
2447199.10035 18.13708
2447200.10039 17.89604
2447201.10044 12.86646
2447202.10048 14.63557
2447203.10053 12.61449
2447204.10057 14.70491
2447205.10062 13.78369
2447206.10067 14.36304
2447207.10071 13.37431
2447208.10076 15.94160
2447209.10080 16.76161
2447210.10085 16.43624
2447211.10089 15.33695
2447212.10094 16.90239
2447213.10099 15.70481
2447214.10103 18.15528
2447215.10108 18.20882
2447216.10112 17.34785
2447217.10117 19.13064
2447218.10121 19.68485
2447219.10126 22.46491
2447220.10131 21.58584
2447221.10135 21.38474
2447222.10140 21.00916
2447223.10144 19.03068
2447224.10149 17.75236
2447225.10153 19.77185
2447226.10158 20.37875
2447227.10162 21.94294
2447228.10167 20.46677
2447229.10172 19.03271
2447230.10176 18.16452
2447231.10181 20.89334
2447232.10185 16.80709
2447233.10190 16.86391
2447234.10194 14.19908
2447235.10199 15.05782
2447236.10204 15.60107
2447237.10208 14.89296
2447238.10213 14.30582
2447239.10217 12.68272
2447240.10222 12.39875
2447241.10226 11.88393
2447242.10231 16.15078
2447243.10235 15.39123
2447244.10240 14.48462
2447245.10245 13.96863
2447246.10249 12.38586
2447247.10254 14.59724
2447248.10258 13.99336
2447249.10263 16.89474
2447250.10267 16.14324
2447251.10272 17.63316
2447252.10277 16.06313
2447253.10281 19.68108
2447254.10286 23.74379
2447255.10290 21.89587
2447256.10295 18.34079
2447257.10299 19.29520
2447258.10304 18.57312
2447259.10308 20.40568
2447260.10313 20.18415
2447261.10318 22.25808
2447262.10322 20.78326
2447263.10327 17.42479
2447264.10331 18.35078
2447265.10336 21.33154
2447266.10340 15.70693
2447267.10345 15.40722
2447268.10350 17.18644
2447269.10354 14.04476
2447270.10359 17.43295
2447271.10363 12.76908
2447272.10368 13.29792
2447273.10372 13.57073
2447274.10377 13.19400
2447275.10381 12.26639
2447276.10386 13.87378
2447277.10391 10.00014
2447278.10395 10.52565
2447279.10400 12.20303
2447280.10404 12.06450
2447281.10409 12.68117
2447282.10413 12.20092
2447283.10418 12.94178
2447284.10423 12.78424
2447285.10427 15.00388
2447286.10432 17.09714
2447287.10436 16.27525
2447288.10441 17.26384
2447289.10445 16.63292
2447290.10450 17.51308
2447291.10455 18.68742
2447292.10459 20.64898
2447293.10464 22.82633
2447294.10468 22.20099
2447295.10473 20.74687
2447296.10477 20.92445
2447297.10482 18.43938
2447298.10486 20.37267
2447299.10491 16.62425
2447300.10496 19.69379
2447301.10500 19.20699
2447302.10505 13.32269
2447303.10509 15.69206
2447304.10514 15.57176
2447305.10518 13.31694
2447306.10523 17.00235
2447307.10528 14.92516
2447308.10532 11.73909
2447309.10537 12.75423
2447310.10541 12.14314
2447311.10546 10.99613
2447312.10550 12.83749
2447313.10555 12.77906
2447314.10559 14.70749
2447315.10564 15.06541
2447316.10569 12.31443
2447317.10573 10.97935
2447318.10578 12.07625
2447319.10582 13.58655
2447320.10587 14.95903
2447321.10591 14.05986
2447322.10596 17.02199
2447323.10601 12.88008
2447324.10605 18.86862
2447325.10610 15.64680
2447326.10614 16.88300
2447327.10619 18.50007
2447328.10623 19.55008
2447329.10628 16.20735
2447330.10632 18.57794
2447331.10637 17.34537
2447332.10642 19.53403
2447333.10646 20.43739
2447334.10651 13.48296
2447335.10655 14.41333
2447336.10660 16.87782
2447337.10664 17.33767
2447338.10669 15.24978
2447339.10674 15.68837
2447340.10678 15.72704
2447341.10683 13.40562
2447342.10687 11.92107
2447343.10692 14.58795
2447344.10696 11.82107
2447345.10701 10.06994
2447346.10705 11.07773
2447347.10710 7.72928
2447348.10715 10.10832
2447349.10719 10.07912
2447350.10724 9.77128
2447351.10728 11.72691
2447352.10733 9.96661
2447353.10737 10.85271
2447354.10742 12.78650
2447355.10747 12.84634
2447356.10751 14.83180
2447357.10756 13.89369
2447358.10760 15.05714
2447359.10765 13.53019
2447360.10769 17.54183
2447361.10774 18.88627
2447362.10778 16.29992
2447363.10783 17.46112
2447364.10788 17.82569
2447365.10792 16.03815
2447366.10797 20.98569
2447367.10801 20.21301
2447368.10806 16.32916
2447369.10810 16.57154
2447370.10815 19.50578
2447371.10820 18.64053
2447557.11668 9.40427
2447558.11673 5.97493
2447559.11677 5.92554
2447560.11682 5.44993
2447561.11687 5.88530
2447562.11691 4.19926
2447563.11696 3.95739
2447564.11700 3.57040
2447565.11705 5.11783
2447566.11709 4.94369
2447567.11714 6.07759
2447568.11719 5.03207
2447569.11723 6.31418
2447570.11728 6.32941
2447571.11732 7.00296
2447572.11737 7.10288
2447573.11741 7.49590
2447574.11746 9.40762
2447575.11750 9.63749
2447576.11755 9.26524
2447577.11760 11.13893
2447578.11764 10.80180
2447579.11769 13.36903
2447580.11773 12.59737
2447581.11778 12.21363
2447582.11782 12.09428
2447583.11787 10.79401
2447584.11792 10.39206
2447585.11796 9.88032
2447586.11801 11.53618
2447587.11805 11.06245
2447588.11810 12.22953
2447589.11814 10.44726
2447590.11819 9.68323
2447591.11823 7.54288
2447592.11828 6.50469
2447593.11833 6.60843
2447594.11837 5.37532
2447595.11842 5.26597
2447596.11846 4.69549
2447597.11851 4.32505
2447598.11855 4.91615
2447599.11860 4.34261
2447600.11865 3.57869
2447601.11869 5.14555
2447602.11874 4.16459
2447603.11878 4.33998
2447604.11883 4.45216
2447605.11887 4.72145
2447606.11892 6.30285
2447607.11897 7.06207
2447608.11901 6.88738
2447609.11906 6.65741
2447610.11910 7.57522
2447611.11915 9.06638
2447612.11919 9.33682
2447613.11924 11.16505
2447614.11928 10.90553
2447615.11933 10.53974
2447616.11938 9.70151
2447617.11942 11.24308
2447618.11947 10.83615
2447619.11951 12.50089
2447620.11956 12.15683
2447621.11960 10.92852
2447622.11965 11.42158
2447623.11970 9.49274
2447624.11974 8.50515
2447625.11979 9.33469
2447626.11983 9.23712
2447627.11988 7.78893
2447628.11992 6.99710
2447629.11997 6.79507
2447630.12001 5.70830
2447631.12006 5.36474
2447632.12011 3.55189
2447633.12015 4.13249
2447634.12020 3.59354
2447635.12024 3.39286
2447636.12029 3.62422
2447637.12033 3.23192
2447638.12038 3.03947
2447639.12043 3.45236
2447640.12047 4.40601
2447641.12052 4.38763
2447642.12056 5.25651
2447643.12061 5.80508
2447644.12065 5.25215
2447645.12070 6.44940
2447646.12074 5.48954
2447647.12079 7.95969
2447648.12084 10.12708
2447649.12088 9.95689
2447650.12093 9.52818
2447651.12097 8.13692
2447652.12102 10.10744
2447653.12106 11.08520
2447654.12111 11.56661
2447655.12116 10.58121
2447656.12120 9.92640
2447657.12125 8.06114
2447658.12129 7.95594
2447659.12134 7.50216
2447660.12138 8.84416
2447661.12143 9.58104
2447662.12147 6.95458
2447663.12152 6.92999
2447664.12157 6.96481
2447665.12161 5.99911
2447666.12166 5.11418
2447667.12170 4.17203
2447668.12175 3.57022
2447669.12179 3.48739
2447670.12184 3.02576
2447671.12189 2.56055
2447672.12193 2.28853
2447673.12198 2.92404
2447674.12202 2.92919
2447675.12207 2.43878
2447676.12211 3.52126
2447677.12216 3.90827
2447678.12220 4.25325
2447679.12225 5.04289
2447680.12230 4.45144
2447681.12234 6.71094
2447682.12239 8.08337
2447683.12243 7.78706
2447684.12248 7.27426
2447685.12252 8.79818
2447686.12257 9.58811
2447687.12262 8.95846
2447688.12266 9.82759
2447689.12271 9.33364
2447690.12275 11.95690
2447691.12280 9.62233
2447692.12284 9.76322
2447693.12289 8.73809
2447694.12294 8.32089
2447695.12298 10.15693
2447696.12303 7.62795
2447697.12307 7.37016
2447698.12312 7.36336
2447699.12316 5.90387
2447700.12321 6.21617
2447701.12325 4.55473
2447702.12330 3.98122
2447703.12335 3.05363
2447704.12339 2.52681
2447705.12344 2.22638
2447706.12348 2.04093
2447707.12353 1.75415
2447708.12357 1.91730
2447709.12362 1.91339
2447710.12367 1.78483
2447711.12371 2.17888
2447712.12376 3.05705
2447713.12380 3.03901
2447714.12385 3.75966
2447715.12389 4.12706
2447716.12394 5.29762
2447717.12398 5.74678
2447718.12403 5.60936
2447719.12408 6.31495
2447720.12412 6.23323
2447721.12417 7.98373
2447722.12421 6.99386
2447723.12426 9.95253
2447724.12430 9.60210
2447725.12435 8.54725
2447726.12440 8.47069
2447727.12444 9.30231
2447728.12449 6.57185
2447729.12453 9.66251
2447730.12458 7.14358
2447731.12462 9.86817
2447732.12467 8.38613
2447733.12471 6.54343
2447734.12476 6.86117
2447735.12481 5.26288
2447736.12485 4.64934
2447922.13334 0.92167
2447923.13339 0.55681
2447924.13343 0.59713
2447925.13348 0.46976
2447926.13352 0.72307
2447927.13357 0.99301
2447928.13361 1.09905
2447929.13366 1.94763
2447930.13370 2.45724
2447931.13375 3.29275
2447932.13380 4.06754
2447933.13384 3.65269
2447934.13389 5.53873
2447935.13393 5.16530
2447936.13398 6.38760
2447937.13402 7.18656
2447938.13407 6.70637
2447939.13412 7.94168
2447940.13416 7.12512
2447941.13421 7.85129
2447942.13425 8.03132
2447943.13430 6.51939
2447944.13434 7.33426
2447945.13439 8.02529
2447946.13443 7.39168
2447947.13448 7.40136
2447948.13453 6.12767
2447949.13457 5.71778
2447950.13462 5.17529
2447951.13466 4.10427
2447952.13471 3.57137
2447953.13475 3.33210
2447954.13480 2.76023
2447955.13485 2.07748
2447956.13489 2.00228
2447957.13494 1.37102
2447958.13498 0.98583
2447959.13503 0.83511
2447960.13507 0.74702
2447961.13512 0.84841
2447962.13516 0.94435
2447963.13521 1.19085
2447964.13526 1.59146
2447965.13530 2.35057
2447966.13535 2.57352
2447967.13539 3.00524
2447968.13544 3.37020
2447969.13548 3.68479
2447970.13553 4.65945
2447971.13558 6.14087
2447972.13562 5.98123
2447973.13567 7.98551
2447974.13571 7.17309
2447975.13576 8.73003
2447976.13580 7.59141
2447977.13585 7.48459
2447978.13589 6.66591
2447979.13594 6.96185
2447980.13599 8.72749
2447981.13603 8.33652
2447982.13608 6.66498
2447983.13612 6.47536
2447984.13617 7.08907
2447985.13621 6.22732
2447986.13626 4.49927
2447987.13631 3.79868
2447988.13635 3.44484
2447989.13640 3.77807
2447990.13644 3.32215
2447991.13649 2.57816
2447992.13653 1.89160
2447993.13658 1.45490
2447994.13662 1.16503
2447995.13667 0.79850
2447996.13672 1.15458
2447997.13676 1.05082
2447998.13681 1.13872
2447999.13685 1.70362
2448000.13690 2.24810
2448001.13694 2.62764
2448002.13699 2.79645
2448003.13704 3.80217
2448004.13708 4.31800
2448005.13713 5.45093
2448006.13717 5.64504
2448007.13722 6.64483
2448008.13726 6.12491
2448009.13731 6.72720
2448010.13736 8.41116
2448011.13740 8.42987
2448012.13745 7.51387
2448013.13749 9.03486
2448014.13754 9.49200
2448015.13758 7.70593
2448016.13763 7.89287
2448017.13767 8.27594
2448018.13772 8.18630
2448019.13777 7.43728
2448020.13781 8.27097
2448021.13786 6.77090
2448022.13790 5.88554
2448023.13795 5.45856
2448024.13799 4.87618
2448025.13804 3.08935
2448026.13809 3.63318
2448027.13813 2.28021
2448028.13818 2.46232
2448029.13822 1.97925
2448030.13827 1.69724
2448031.13831 1.11050
2448032.13836 1.62151
2448033.13840 1.74388
2448034.13845 1.64297
2448035.13850 1.80812
2448036.13854 2.43884
2448037.13859 2.66059
2448038.13863 3.53397
2448039.13868 3.38804
2448040.13872 4.12762
2448041.13877 4.96036
2448042.13882 5.93694
2448043.13886 7.15515
2448044.13891 7.86586
2448045.13895 8.99872
2448046.13900 9.27626
2448047.13904 9.61150
2448048.13909 8.54028
2448049.13913 7.18124
2448050.13918 8.93114
2448051.13923 9.53256
2448052.13927 9.53786
2448053.13932 10.33339
2448054.13936 8.64881
2448055.13941 8.18997
2448056.13945 7.57743
2448057.13950 6.57516
2448058.13955 6.87514
2448059.13959 5.04874
2448060.13964 4.58193
2448061.13968 4.26021
2448062.13973 3.63785
2448063.13977 3.04997
2448064.13982 3.08877
2448065.13986 2.56642
2448066.13991 2.43841
2448067.13996 2.28483
2448068.14000 1.70874
2448069.14005 1.95999
2448070.14009 2.32541
2448071.14014 2.67079
2448072.14018 2.68651
2448073.14023 3.56304
2448074.14028 4.01519
2448075.14032 4.26321
2448076.14037 5.35809
2448077.14041 5.74960
2448078.14046 6.43552
2448079.14050 7.58029
2448080.14055 6.88432
2448081.14060 9.53134
2448082.14064 8.80076
2448083.14069 8.17843
2448084.14073 8.43492
2448085.14078 10.81738
2448086.14082 9.83170
2448087.14087 10.38531
2448088.14091 9.81892
2448089.14096 8.35518
2448090.14101 10.14994
2448091.14105 8.77110
2448092.14110 6.92255
2448093.14114 8.95911
2448094.14119 6.81960
2448095.14123 6.09892
2448096.14128 4.29694
2448097.14133 4.62687
2448098.14137 4.57027
2448099.14142 3.65832
2448100.14146 2.96833
2448101.14151 3.23729
2448288.15004 7.21023
2448289.15009 9.02625
2448290.15013 9.51786
2448291.15018 10.63863
2448292.15022 10.78806
2448293.15027 10.62186
2448294.15031 10.77001
2448295.15036 10.25604
2448296.15041 11.94129
2448297.15045 12.74897
2448298.15050 16.41802
2448299.15054 19.04293
2448300.15059 14.08430
2448301.15063 14.81820
2448302.15068 16.34796
2448303.15073 17.31337
2448304.15077 14.42187
2448305.15082 14.36222
2448306.15086 11.61839
2448307.15091 12.21895
2448308.15095 13.63995
2448309.15100 11.63956
2448310.15104 11.33064
2448311.15109 11.46986
2448312.15114 10.05644
2448313.15118 11.57643
2448314.15123 9.41759
2448315.15127 8.40365
2448316.15132 8.10701
2448317.15136 7.73493
2448318.15141 8.17947
2448319.15146 8.13656
2448320.15150 7.00895
2448321.15155 8.63359
2448322.15159 7.13474
2448323.15164 8.07378
2448324.15168 9.90688
2448325.15173 8.47650
2448326.15178 9.24133
2448327.15182 11.82379
2448328.15187 12.53754
2448329.15191 11.02646
2448330.15196 12.46495
2448331.15200 14.11780
2448332.15205 14.47216
2448333.15209 13.45971
2448334.15214 13.97501
2448335.15219 14.41806
2448336.15223 15.21789
2448337.15228 16.44722
2448338.15232 15.08536
2448339.15237 14.82056
2448340.15241 15.31460
2448341.15246 16.60153
2448342.15251 15.39558
2448343.15255 13.66187
2448344.15260 11.24199
2448345.15264 16.19581
2448346.15269 14.46641
2448347.15273 12.19067
2448348.15278 11.65811
2448349.15282 10.64364
2448350.15287 11.58967
2448351.15292 9.68120
2448352.15296 9.35890
2448353.15301 9.22791
2448354.15305 9.72775
2448355.15310 8.99455
2448356.15314 9.01984
2448357.15319 8.94336
2448358.15324 9.42530
2448359.15328 9.64482
2448360.15333 9.30949
2448361.15337 8.70605
2448362.15342 10.07603
2448363.15346 11.42483
2448364.15351 12.90711
2448365.15355 13.19873
2448366.15360 14.65518
2448367.15365 11.61595
2448368.15369 16.59439
2448369.15374 15.22033
2448370.15378 14.38911
2448371.15383 15.67052
2448372.15387 17.68068
2448373.15392 16.96552
2448374.15397 17.38490
2448375.15401 17.60367
2448376.15406 15.99177
2448377.15410 12.97405
2448378.15415 16.44609
2448379.15419 16.85868
2448380.15424 13.01204
2448381.15428 17.52299
2448382.15433 15.00613
2448383.15438 14.25022
2448384.15442 12.33711
2448385.15447 10.91359
2448386.15451 11.04524
2448387.15456 10.48121
2448388.15460 9.61266
2448389.15465 10.95434
2448390.15470 9.28722
2448391.15474 10.07263
2448392.15479 8.45909
2448393.15483 10.95851
2448394.15488 11.92723
2448395.15492 10.47104
2448396.15497 10.97236
2448397.15502 9.66241
2448398.15506 12.92618
2448399.15511 13.34555
2448400.15515 14.61464
2448401.15520 13.80542
2448402.15524 13.83008
2448403.15529 17.27867
2448404.15533 15.84755
2448405.15538 15.56643
2448406.15543 15.85922
2448407.15547 17.10667
2448408.15552 14.77978
2448409.15556 17.64736
2448410.15561 20.53780
2448411.15565 16.62762
2448412.15570 19.37775
2448413.15575 15.04551
2448414.15579 17.08296
2448415.15584 15.92675
2448416.15588 14.38932
2448417.15593 13.12989
2448418.15597 15.55151
2448419.15602 12.53705
2448420.15606 12.77483
2448421.15611 11.51293
2448422.15616 13.36573
2448423.15620 12.14245
2448424.15625 11.01689
2448425.15629 10.92948
2448426.15634 9.80120
2448427.15638 9.62465
2448428.15643 12.05726
2448429.15648 10.13246
2448430.15652 11.71821
2448431.15657 10.70575
2448432.15661 9.51390
2448433.15666 14.10779
2448434.15670 11.79452
2448435.15675 12.64863
2448436.15679 14.38164
2448437.15684 14.76201
2448438.15689 13.72014
2448439.15693 16.59744
2448440.15698 15.23584
2448441.15702 18.41834
2448442.15707 15.68795
2448443.15711 17.56584
2448444.15716 18.35242
2448445.15721 20.66446
2448446.15725 21.41506
2448447.15730 17.36211
2448448.15734 20.30883
2448449.15739 18.60876
2448450.15743 17.92285
2448451.15748 15.88131
2448452.15752 14.49688
2448453.15757 16.36991
2448454.15762 16.99545
2448455.15766 13.77676
2448456.15771 14.44852
2448457.15775 10.57939
2448458.15780 12.99979
2448459.15784 12.12351
2448460.15789 12.94090
2448461.15794 11.91437
2448462.15798 12.27317
2448463.15803 12.27104
2448464.15807 13.24407
2448465.15812 12.95658
2448466.15816 13.08617
2448467.15821 14.47190
2448653.16670 20.21245
2448654.16674 19.98661
2448655.16679 23.30093
2448656.16683 22.05571
2448657.16688 20.25871
2448658.16693 23.64372
2448659.16697 25.13232
2448660.16702 24.83103
2448661.16706 22.01485
2448662.16711 23.36656
2448663.16715 22.15361
2448664.16720 24.48949
2448665.16724 18.04640
2448666.16729 23.73506
2448667.16734 19.20082
2448668.16738 17.93331
2448669.16743 20.24115
2448670.16747 20.40535
2448671.16752 13.64574
2448672.16756 19.02565
2448673.16761 16.46618
2448674.16766 20.09750
2448675.16770 17.88256
2448676.16775 14.88793
2448677.16779 13.52665
2448678.16784 15.00489
2448679.16788 13.44268
2448680.16793 16.34459
2448681.16797 14.78444
2448682.16802 14.98114
2448683.16807 17.32165
2448684.16811 16.80763
2448685.16816 13.22301
2448686.16820 17.39297
2448687.16825 18.29606
2448688.16829 18.10675
2448689.16834 17.59895
2448690.16839 20.27819
2448691.16843 19.91359
2448692.16848 20.48396
2448693.16852 21.18512
2448694.16857 22.70528
2448695.16861 23.63137
2448696.16866 21.75066
2448697.16870 20.40710
2448698.16875 20.04532
2448699.16880 21.03750
2448700.16884 22.48127
2448701.16889 23.81470
2448702.16893 19.39963
2448703.16898 20.20096
2448704.16902 18.44769
2448705.16907 19.43455
2448706.16912 17.86486
2448707.16916 17.14251
2448708.16921 16.40964
2448709.16925 17.65760
2448710.16930 16.80613
2448711.16934 14.85117
2448712.16939 16.65606
2448713.16944 17.06111
2448714.16948 16.31565
2448715.16953 13.31526
2448716.16957 15.32325
2448717.16962 17.31796
2448718.16966 17.50925
2448719.16971 14.83900
2448720.16975 18.18449
2448721.16980 15.68061
2448722.16985 16.57902
2448723.16989 16.61162
2448724.16994 17.71909
2448725.16998 18.99703
2448726.17003 20.26124
2448727.17007 21.63634
2448728.17012 27.04130
2448729.17017 23.03782
2448730.17021 21.74369
2448731.17026 22.10624
2448732.17030 27.03435
2448733.17035 22.89479
2448734.17039 21.46889
2448735.17044 20.45582
2448736.17048 19.45512
2448737.17053 18.03127
2448738.17058 16.80906
2448739.17062 16.88094
2448740.17067 21.96155
2448741.17071 19.30336
2448742.17076 17.45600
2448743.17080 16.51590
2448744.17085 17.34391
2448745.17090 18.79430
2448746.17094 19.27176
2448747.17099 14.75343
2448748.17103 14.36669
2448749.17108 14.71009
2448750.17112 16.64391
2448751.17117 15.26028
2448752.17121 13.69262
2448753.17126 14.43156
2448754.17131 15.04664
2448755.17135 17.09542
2448756.17140 16.82237
2448757.17144 15.72416
2448758.17149 13.71432
2448759.17153 17.15672
2448760.17158 20.45234
2448761.17163 20.24761
2448762.17167 21.12395
2448763.17172 21.48215
2448764.17176 16.73048
2448765.17181 23.77821
2448766.17185 19.64385
2448767.17190 21.29987
2448768.17194 24.40083
2448769.17199 25.57521
2448770.17204 25.60775
2448771.17208 21.44323
2448772.17213 24.85624
2448773.17217 21.84621
2448774.17222 24.47755
2448775.17226 21.95537
2448776.17231 18.83586
2448777.17236 21.22552
2448778.17240 20.00520
2448779.17245 19.43699
2448780.17249 17.10980
2448781.17254 17.66818
2448782.17258 15.49453
2448783.17263 16.70578
2448784.17268 17.48329
2448785.17272 14.44812
2448786.17277 13.90977
2448787.17281 13.79974
2448788.17286 13.91586
2448789.17290 15.00135
2448790.17295 15.92962
2448791.17299 18.52691
2448792.17304 15.47884
2448793.17309 15.33341
2448794.17313 17.31775
2448795.17318 19.12881
2448796.17322 18.44583
2448797.17327 15.63137
2448798.17331 20.51702
2448799.17336 18.25468
2448800.17341 19.44841
2448801.17345 17.98185
2448802.17350 21.93256
2448803.17354 17.54750
2448804.17359 18.87750
2448805.17363 26.70576
2448806.17368 22.65008
2448807.17372 19.29404
2448808.17377 17.52598
2448809.17382 22.36430
2448810.17386 22.73614
2448811.17391 23.47959
2448812.17395 19.65357
2448813.17400 19.33446
2448814.17404 21.27707
2448815.17409 14.81413
2448816.17414 16.35395
2448817.17418 17.87744
2448818.17423 18.71555
2448819.17427 16.25917
2448820.17432 13.07854
2448821.17436 15.74692
2448822.17441 14.24669
2448823.17445 13.94295
2448824.17450 14.75014
2448825.17455 16.05862
2448826.17459 18.13534
2448827.17464 16.35926
2448828.17468 17.31941
2448829.17473 14.85701
2448830.17477 19.88635
2448831.17482 18.49268
2448832.17487 17.98917
2449018.18335 19.22298
2449019.18340 20.06417
2449020.18344 20.31511
2449021.18349 20.65588
2449022.18354 20.03918
2449023.18358 18.60159
2449024.18363 18.89463
2449025.18367 17.69515
2449026.18372 17.77774
2449027.18376 18.28562
2449028.18381 16.47689
2449029.18386 16.20238
2449030.18390 16.74933
2449031.18395 14.10353
2449032.18399 15.75381
2449033.18404 14.72149
2449034.18408 13.88110
2449035.18413 14.35719
2449036.18417 11.31450
2449037.18422 13.18025
2449038.18427 13.52375
2449039.18431 12.58860
2449040.18436 10.42944
2449041.18440 12.73100
2449042.18445 11.99431
2449043.18449 12.35848
2449044.18454 13.96664
2449045.18459 12.75440
2449046.18463 15.71584
2449047.18468 14.61574
2449048.18472 13.37208
2449049.18477 14.18817
2449050.18481 15.79752
2449051.18486 14.79503
2449052.18490 18.58151
2449053.18495 19.97859
2449054.18500 19.54056
2449055.18504 19.30180
2449056.18509 17.24932
2449057.18513 20.80725
2449058.18518 19.37208
2449059.18522 20.54572
2449060.18527 19.68842
2449061.18532 16.38006
2449062.18536 19.74527
2449063.18541 14.86295
2449064.18545 18.13741
2449065.18550 17.90216
2449066.18554 14.79500
2449067.18559 13.22500
2449068.18563 13.66674
2449069.18568 13.92082
2449070.18573 13.76398
2449071.18577 11.69705
2449072.18582 12.53215
2449073.18586 10.11351
2449074.18591 11.36613
2449075.18595 12.87457
2449076.18600 10.23088
2449077.18605 12.05892
2449078.18609 11.05582
2449079.18614 11.94806
2449080.18618 11.32193
2449081.18623 13.00900
2449082.18627 15.06040
2449083.18632 15.13278
2449084.18636 14.28350
2449085.18641 15.50873
2449086.18646 14.97668
2449087.18650 16.30067
2449088.18655 17.84576
2449089.18659 19.31120
2449090.18664 14.47611
2449091.18668 16.10305
2449092.18673 19.32610
2449093.18678 14.12999
2449094.18682 16.14468
2449095.18687 17.96832
2449096.18691 19.25588
2449097.18696 15.60895
2449098.18700 19.65845
2449099.18705 15.89798
2449100.18710 16.00164
2449101.18714 13.89079
2449102.18719 14.41992
2449103.18723 13.24059
2449104.18728 13.95943
2449105.18732 12.75836
2449106.18737 12.92815
2449107.18741 12.86605
2449108.18746 10.17528
2449109.18751 11.49760
2449110.18755 9.91933
2449111.18760 9.49646
2449112.18764 10.44508
2449113.18769 9.17178
2449114.18773 11.94340
2449115.18778 9.60712
2449116.18783 9.97447
2449117.18787 11.80889
2449118.18792 13.99514
2449119.18796 13.46795
2449120.18801 12.69117
2449121.18805 13.87833
2449122.18810 15.77587
2449123.18814 13.32503
2449124.18819 17.02700
2449125.18824 16.25813
2449126.18828 14.62562
2449127.18833 19.49354
2449128.18837 19.13956
2449129.18842 18.52037
2449130.18846 16.17380
2449131.18851 14.92621
2449132.18856 14.48544
2449133.18860 17.18694
2449134.18865 16.30808
2449135.18869 14.80366
2449136.18874 15.08482
2449137.18878 13.57448
2449138.18883 11.95413
2449139.18887 11.99996
2449140.18892 12.03274
2449141.18897 13.14528
2449142.18901 10.99749
2449143.18906 9.46557
2449144.18910 10.57929
2449145.18915 10.77781
2449146.18919 8.85792
2449147.18924 10.24030
2449148.18929 9.60450
2449149.18933 9.07156
2449150.18938 8.07262
2449151.18942 9.11663
2449152.18947 9.62522
2449153.18951 9.34951
2449154.18956 8.60117
2449155.18960 12.94588
2449156.18965 11.29498
2449157.18970 14.28761
2449158.18974 14.32354
2449159.18979 14.70061
2449160.18983 16.13731
2449161.18988 14.49859
2449162.18992 15.72855
2449163.18997 14.05172
2449164.19002 18.63700
2449165.19006 15.44871
2449166.19011 16.74671
2449167.19015 19.30112
2449168.19020 13.65351
2449169.19024 17.14611
2449170.19029 13.77394
2449171.19033 14.06454
2449172.19038 13.97571
2449173.19043 13.39361
2449174.19047 11.82826
2449175.19052 13.86457
2449176.19056 11.54725
2449177.19061 9.09384
2449178.19065 10.38813
2449179.19070 9.79245
2449180.19075 10.04006
2449181.19079 9.15245
2449182.19084 9.34079
2449183.19088 9.32300
2449184.19093 8.06505
2449185.19097 9.63614
2449186.19102 7.61294
2449187.19107 6.78453
2449188.19111 10.85252
2449189.19116 11.14762
2449190.19120 11.51774
2449191.19125 12.34780
2449192.19129 12.03296
2449193.19134 11.99646
2449194.19138 13.94023
2449195.19143 11.49126
2449196.19148 13.80208
2449197.19152 13.77872
2449383.20001 9.68636
2449384.20005 9.82579
2449385.20010 9.37872
2449386.20015 7.88943
2449387.20019 10.63553
2449388.20024 9.83846
2449389.20028 7.37578
2449390.20033 6.06747
2449391.20037 6.16772
2449392.20042 6.49905
2449393.20047 5.28801
2449394.20051 4.48746
2449395.20056 4.47424
2449396.20060 3.45132
2449397.20065 3.77808
2449398.20069 3.55028
2449399.20074 3.39657
2449400.20078 3.41077
2449401.20083 3.69995
2449402.20088 4.37271
2449403.20092 3.90536
2449404.20097 4.38688
2449405.20101 4.99584
2449406.20106 5.24656
2449407.20110 6.00419
2449408.20115 7.10491
2449409.20120 7.59632
2449410.20124 8.42814
2449411.20129 8.73141
2449412.20133 8.78613
2449413.20138 10.60477
2449414.20142 9.61571
2449415.20147 9.23374
2449416.20152 11.80113
2449417.20156 8.86582
2449418.20161 9.51262
2449419.20165 11.62748
2449420.20170 7.74187
2449421.20174 9.81504
2449422.20179 8.49956
2449423.20183 9.60476
2449424.20188 8.22871
2449425.20193 7.53753
2449426.20197 6.55671
2449427.20202 6.23712
2449428.20206 5.61499
2449429.20211 5.25046
2449430.20215 3.51662
2449431.20220 3.80877
2449432.20225 3.29348
2449433.20229 2.72176
2449434.20234 2.99158
2449435.20238 2.42407
2449436.20243 2.26472
2449437.20247 2.69611
2449438.20252 3.08240
2449439.20256 3.38719
2449440.20261 3.56958
2449441.20266 4.84212
2449442.20270 6.18493
2449443.20275 5.84671
2449444.20279 4.91913
2449445.20284 5.19468
2449446.20288 7.79327
2449447.20293 7.12067
2449448.20298 8.83758
2449449.20302 9.37374
2449450.20307 9.63673
2449451.20311 8.09639
2449452.20316 9.82836
2449453.20320 9.80348
2449454.20325 8.41321
2449455.20329 11.15464
2449456.20334 10.49609
2449457.20339 9.25794
2449458.20343 8.41789
2449459.20348 7.95082
2449460.20352 7.35142
2449461.20357 6.34675
2449462.20361 6.83656
2449463.20366 4.61015
2449464.20371 4.60385
2449465.20375 4.10971
2449466.20380 3.00515
2449467.20384 3.50883
2449468.20389 2.68186
2449469.20393 2.25289
2449470.20398 2.62120
2449471.20402 2.42399
2449472.20407 2.46586
2449473.20412 2.34478
2449474.20416 2.50026
2449475.20421 3.35008
2449476.20425 3.46916
2449477.20430 3.94156
2449478.20434 4.88172
2449479.20439 5.35449
2449480.20444 5.47518
2449481.20448 6.51262
2449482.20453 5.78357
2449483.20457 7.16499
2449484.20462 9.12985
2449485.20466 9.42868
2449486.20471 10.10586
2449487.20475 9.73066
2449488.20480 8.12449
2449489.20485 9.70549
2449490.20489 9.64381
2449491.20494 9.34764
2449492.20498 10.05590
2449493.20503 8.48346
2449494.20507 7.21727
2449495.20512 7.82949
2449496.20517 6.39836
2449497.20521 6.23199
2449498.20526 5.84786
2449499.20530 3.98843
2449500.20535 4.13127
2449501.20539 3.36810
2449502.20544 3.28971
2449503.20549 2.41941
2449504.20553 2.38842
2449505.20558 2.02216
2449506.20562 1.58646
2449507.20567 1.95401
2449508.20571 1.69237
2449509.20576 2.22652
2449510.20580 2.39733
2449511.20585 2.51878
2449512.20590 3.50175
2449513.20594 3.93475
2449514.20599 3.38403
2449515.20603 4.30450
2449516.20608 5.15045
2449517.20612 6.56928
2449518.20617 6.56227
2449519.20622 6.63668
2449520.20626 6.45478
2449521.20631 7.02721
2449522.20635 8.29851
2449523.20640 9.54325
2449524.20644 8.71819
2449525.20649 8.90943
2449526.20653 9.14453
2449527.20658 8.60184
2449528.20663 7.48165
2449529.20667 7.73944
2449530.20672 7.36848
2449531.20676 6.25594
2449532.20681 5.30717
2449533.20685 5.29280
2449534.20690 5.02835
2449535.20695 4.29597
2449536.20699 3.58641
2449537.20704 3.05996
2449538.20708 2.42135
2449539.20713 2.14258
2449540.20717 1.80410
2449541.20722 1.65504
2449542.20726 1.09338
2449543.20731 1.35144
2449544.20736 1.49466
2449545.20740 1.43541
2449546.20745 2.18048
2449547.20749 1.96275
2449548.20754 2.94205
2449549.20758 3.21975
2449550.20763 3.96350
2449551.20768 4.72719
2449552.20772 5.47245
2449553.20777 5.06698
2449554.20781 6.74299
2449555.20786 7.60836
2449556.20790 8.42296
2449557.20795 8.49512
2449558.20799 7.82063
2449559.20804 8.60932
2449560.20809 8.65952
2449561.20813 8.64594
2449562.20818 8.78592
2449749.21671 6.34271
2449750.21676 5.38536
2449751.21680 4.67977
2449752.21685 3.80977
2449753.21689 3.63743
2449754.21694 2.48308
2449755.21698 2.52515
2449756.21703 1.94553
2449757.21708 1.27141
2449758.21712 1.50762
2449759.21717 1.62875
2449760.21721 1.94850
2449761.21726 2.26916
2449762.21730 2.25427
2449763.21735 3.09859
2449764.21740 3.43976
2449765.21744 3.47695
2449766.21749 3.62009
2449767.21753 5.04965
2449768.21758 5.53781
2449769.21762 6.14767
2449770.21767 6.18527
2449771.21771 7.16737
2449772.21776 8.79810
2449773.21781 7.83535
2449774.21785 8.23805
2449775.21790 9.66190
2449776.21794 9.64109
2449777.21799 10.09582
2449778.21803 7.97950
2449779.21808 7.31566
2449780.21813 7.92471
2449781.21817 9.01698
2449782.21822 7.35659
2449783.21826 7.71973
2449784.21831 6.11659
2449785.21835 6.09486
2449786.21840 5.65778
2449787.21844 4.50055
2449788.21849 3.39855
2449789.21854 3.61290
2449790.21858 3.32595
2449791.21863 3.21808
2449792.21867 2.63092
2449793.21872 2.36356
2449794.21876 2.20485
2449795.21881 2.28942
2449796.21886 2.10267
2449797.21890 2.37244
2449798.21895 2.60457
2449799.21899 2.44778
2449800.21904 3.58791
2449801.21908 3.70844
2449802.21913 5.75054
2449803.21917 6.39601
2449804.21922 5.23950
2449805.21927 6.74124
2449806.21931 7.99713
2449807.21936 7.86474
2449808.21940 8.35321
2449809.21945 9.37716
2449810.21949 9.90545
2449811.21954 10.90551
2449812.21959 11.25148
2449813.21963 9.48744
2449814.21968 11.16180
2449815.21972 9.23318
2449816.21977 9.56606
2449817.21981 9.61768
2449818.21986 8.51011
2449819.21991 6.96030
2449820.21995 6.73621
2449821.22000 6.09562
2449822.22004 6.53812
2449823.22009 5.56470
2449824.22013 4.71101
2449825.22018 3.73865
2449826.22022 4.12258
2449827.22027 2.88733
2449828.22032 2.92183
2449829.22036 3.19109
2449830.22041 2.38142
2449831.22045 2.82243
2449832.22050 2.53437
2449833.22054 3.41059
2449834.22059 3.84670
2449835.22064 4.23338
2449836.22068 4.66615
2449837.22073 4.65650
2449838.22077 5.77824
2449839.22082 6.95329
2449840.22086 7.41656
2449841.22091 6.90215
2449842.22095 8.25077
2449843.22100 7.33255
2449844.22105 6.84716
2449845.22109 9.58386
2449846.22114 9.80143
2449847.22118 9.79126
2449848.22123 9.78206
2449849.22127 9.74329
2449850.22132 8.99015
2449851.22137 10.49210
2449852.22141 8.86392
2449853.22146 10.11473
2449854.22150 8.11913
2449855.22155 8.31440
2449856.22159 9.13653
2449857.22164 7.71745
2449858.22168 6.60582
2449859.22173 5.14742
2449860.22178 5.15414
2449861.22182 5.96577
2449862.22187 4.58162
2449863.22191 3.69166
2449864.22196 3.74773
2449865.22200 3.28280
2449866.22205 3.59755
2449867.22210 3.24124
2449868.22214 3.32931
2449869.22219 3.18393
2449870.22223 3.95749
2449871.22228 4.14888
2449872.22232 5.60273
2449873.22237 5.49365
2449874.22241 6.06625
2449875.22246 6.78251
2449876.22251 8.51587
2449877.22255 7.10417
2449878.22260 9.85602
2449879.22264 8.89578
2449880.22269 10.13481
2449881.22273 10.94202
2449882.22278 11.43234
2449883.22283 12.36356
2449884.22287 9.90145
2449885.22292 10.08419
2449886.22296 11.03341
2449887.22301 9.92423
2449888.22305 9.80810
2449889.22310 11.81920
2449890.22315 8.53766
2449891.22319 7.97690
2449892.22324 7.97929
2449893.22328 6.98797
2449894.22333 6.93548
2449895.22337 6.89621
2449896.22342 5.94984
2449897.22346 6.01014
2449898.22351 5.22248
2449899.22356 5.30510
2449900.22360 4.29043
2449901.22365 4.69619
2449902.22369 4.42826
2449903.22374 4.20823
2449904.22378 4.06665
2449905.22383 4.44127
2449906.22388 4.34911
2449907.22392 6.00794
2449908.22397 6.05012
2449909.22401 6.35350
2449910.22406 6.88628
2449911.22410 7.88091
2449912.22415 8.64080
2449913.22419 8.47824
2449914.22424 7.91292
2449915.22429 11.39975
2449916.22433 12.35825
2449917.22438 10.63354
2449918.22442 9.98581
2449919.22447 8.67264
2449920.22451 10.08863
2449921.22456 11.49265
2449922.22461 12.50813
2449923.22465 10.71977
2449924.22470 9.68094
2449925.22474 10.35126
2449926.22479 10.73090
2449927.22483 9.23911
2449928.22488 9.62750
2450114.23337 8.25894
2450115.23341 11.64259
2450116.23346 10.95750
2450117.23350 9.03168
2450118.23355 9.14093
2450119.23359 9.52209
2450120.23364 8.85972
2450121.23369 7.53416
2450122.23373 10.86673
2450123.23378 9.80313
2450124.23382 13.22621
2450125.23387 11.89825
2450126.23391 14.30746
2450127.23396 11.85163
2450128.23401 13.29755
2450129.23405 14.99253
2450130.23410 14.11232
2450131.23414 12.36891
2450132.23419 17.42016
2450133.23423 18.43664
2450134.23428 18.59447
2450135.23433 19.16778
2450136.23437 16.21789
2450137.23442 17.90474
2450138.23446 16.46970
2450139.23451 16.41306
2450140.23455 13.48203
2450141.23460 17.79504
2450142.23464 19.92911
2450143.23469 14.56286
2450144.23474 16.28649
2450145.23478 14.29110
2450146.23483 12.14846
2450147.23487 13.13467
2450148.23492 10.68979
2450149.23496 13.70784
2450150.23501 11.13926
2450151.23506 10.44703
2450152.23510 11.66864
2450153.23515 8.90039
2450154.23519 11.20748
2450155.23524 11.12283
2450156.23528 11.38111
2450157.23533 10.62435
2450158.23537 10.25627
2450159.23542 10.01973
2450160.23547 10.97909
2450161.23551 13.12675
2450162.23556 12.45283
2450163.23560 12.36820
2450164.23565 13.37057
2450165.23569 16.65818
2450166.23574 15.33758
2450167.23579 14.36562
2450168.23583 16.31663
2450169.23588 17.96329
2450170.23592 18.33524
2450171.23597 15.82128
2450172.23601 17.65212
2450173.23606 16.84838
2450174.23610 17.46988
2450175.23615 15.78083
2450176.23620 18.32272
2450177.23624 18.91285
2450178.23629 14.87415
2450179.23633 15.00494
2450180.23638 15.36500
2450181.23642 13.74523
2450182.23647 13.64895
2450183.23652 14.65231
2450184.23656 10.47584
2450185.23661 11.12166
2450186.23665 10.00375
2450187.23670 11.26787
2450188.23674 10.05939
2450189.23679 11.54098
2450190.23683 9.96726
2450191.23688 11.71596
2450192.23693 10.29678
2450193.23697 11.96902
2450194.23702 11.58146
2450195.23706 13.30602
2450196.23711 12.51500
2450197.23715 14.26811
2450198.23720 12.15803
2450199.23725 14.20142
2450200.23729 16.51503
2450201.23734 16.39786
2450202.23738 16.24799
2450203.23743 16.89743
2450204.23747 18.39047
2450205.23752 19.84353
2450206.23757 18.48862
2450207.23761 16.48444
2450208.23766 18.04793
2450209.23770 20.48068
2450210.23775 19.27689
2450211.23779 16.61531
2450212.23784 19.48118
2450213.23788 18.15024
2450214.23793 19.00317
2450215.23798 16.97504
2450216.23802 17.06169
2450217.23807 13.95001
2450218.23811 17.42533
2450219.23816 15.39633
2450220.23820 14.51147
2450221.23825 14.20350
2450222.23830 14.02141
2450223.23834 10.88013
2450224.23839 13.80883
2450225.23843 13.77862
2450226.23848 13.21655
2450227.23852 12.03103
2450228.23857 14.84198
2450229.23861 12.39539
2450230.23866 13.10287
2450231.23871 12.75137
2450232.23875 12.82354
2450233.23880 16.20131
2450234.23884 15.18234
2450235.23889 16.84209
2450236.23893 13.37621
2450237.23898 17.71119
2450238.23903 15.93761
2450239.23907 20.37124
2450240.23912 18.71729
2450241.23916 17.39416
2450242.23921 19.53585
2450243.23925 17.83584
2450244.23930 22.51510
2450245.23934 15.97990
2450246.23939 20.17299
2450247.23944 22.07983
2450248.23948 19.35524
2450249.23953 20.12611
2450250.23957 16.59486
2450251.23962 17.21260
2450252.23966 17.34879
2450253.23971 17.73762
2450254.23976 13.34718
2450255.23980 12.77224
2450256.23985 12.64123
2450257.23989 12.49435
2450258.23994 12.42825
2450259.23998 12.53579
2450260.24003 10.20662
2450261.24007 11.73727
2450262.24012 12.31879
2450263.24017 12.03386
2450264.24021 11.95517
2450265.24026 13.32420
2450266.24030 15.20697
2450267.24035 14.96898
2450268.24039 15.07151
2450269.24044 18.43843
2450270.24049 17.36332
2450271.24053 13.63912
2450272.24058 17.65049
2450273.24062 15.60239
2450274.24067 17.06383
2450275.24071 18.80494
2450276.24076 18.98728
2450277.24080 19.96986
2450278.24085 17.59344
2450279.24090 22.33753
2450280.24094 18.34531
2450281.24099 19.78910
2450282.24103 24.67535
2450283.24108 20.78352
2450284.24112 18.63050
2450285.24117 18.58383
2450286.24122 23.13761
2450287.24126 16.33397
2450288.24131 15.73813
2450289.24135 15.53980
2450290.24140 18.34317
2450291.24144 18.11900
2450292.24149 12.47194
2450293.24154 12.51384
2450479.25002 14.93640
2450480.25007 16.96485
2450481.25011 14.57178
2450482.25016 14.65181
2450483.25021 12.00950
2450484.25025 17.67435
2450485.25030 20.85652
2450486.25034 17.53672
2450487.25039 17.98917
2450488.25043 21.26758
2450489.25048 17.36467
2450490.25052 20.31531
2450491.25057 21.64158
2450492.25062 22.13803
2450493.25066 25.82324
2450494.25071 21.41012
2450495.25075 22.54747
2450496.25080 21.75073
2450497.25084 26.29836
2450498.25089 21.81525
2450499.25094 24.95482
2450500.25098 24.70845
2450501.25103 19.86011
2450502.25107 24.18603
2450503.25112 18.97489
2450504.25116 20.77266
2450505.25121 19.36259
2450506.25125 16.33962
2450507.25130 14.07096
2450508.25135 18.45492
2450509.25139 15.82706
2450510.25144 16.31897
2450511.25148 13.62951
2450512.25153 14.09142
2450513.25157 14.00030
2450514.25162 13.71702
2450515.25167 14.15455
2450516.25171 16.47116
2450517.25176 16.20714
2450518.25180 16.48766
2450519.25185 16.86254
2450520.25189 17.95806
2450521.25194 16.25354
2450522.25199 17.20247
2450523.25203 17.39245
2450524.25208 21.33802
2450525.25212 23.84104
2450526.25217 20.03383
2450527.25221 22.11656
2450528.25226 25.46399
2450529.25230 23.38023
2450530.25235 20.30243
2450531.25240 22.04966
2450532.25244 22.08443
2450533.25249 20.88256
2450534.25253 22.46847
2450535.25258 22.09515
2450536.25262 26.49307
2450537.25267 22.71950
2450538.25272 19.42521
2450539.25276 18.42772
2450540.25281 18.89573
2450541.25285 18.05138
2450542.25290 17.74821
2450543.25294 16.50301
2450544.25299 16.93842
2450545.25303 15.56296
2450546.25308 17.81546
2450547.25313 14.75777
2450548.25317 13.58104
2450549.25322 16.40201
2450550.25326 12.17112
2450551.25331 14.85229
2450552.25335 14.33491
2450553.25340 15.60025
2450554.25345 15.43479
2450555.25349 14.51846
2450556.25354 18.31615
2450557.25358 20.73568
2450558.25363 15.86676
2450559.25367 16.47091
2450560.25372 18.04975
2450561.25376 16.91039
2450562.25381 24.68799
2450563.25386 23.74093
2450564.25390 21.70929
2450565.25395 20.29074
2450566.25399 21.49047
2450567.25404 23.32078
2450568.25408 24.19635
2450569.25413 20.86692
2450570.25418 23.82188
2450571.25422 19.84584
2450572.25427 20.38286
2450573.25431 20.72255
2450574.25436 23.44752
2450575.25440 19.39025
2450576.25445 20.32399
2450577.25449 20.22930
2450578.25454 17.46336
2450579.25459 18.75645
2450580.25463 18.87232
2450581.25468 17.28237
2450582.25472 15.68937
2450583.25477 15.71326
2450584.25481 14.95747
2450585.25486 14.03246
2450586.25491 14.62863
2450587.25495 16.47269
2450588.25500 14.71102
2450589.25504 15.47773
2450590.25509 14.14220
2450591.25513 17.45559
2450592.25518 17.07990
2450593.25522 13.61799
2450594.25527 17.56984
2450595.25532 14.68444
2450596.25536 21.77922
2450597.25541 20.09044
2450598.25545 16.97239
2450599.25550 25.64601
2450600.25554 22.31690
2450601.25559 23.91441
2450602.25564 19.34901
2450603.25568 23.35317
2450604.25573 27.05100
2450605.25577 19.54245
2450606.25582 20.13763
2450607.25586 20.34368
2450608.25591 24.79395
2450609.25596 16.61463
2450610.25600 22.09771
2450611.25605 19.48866
2450612.25609 17.43554
2450613.25614 20.24127
2450614.25618 22.47657
2450615.25623 15.34100
2450616.25627 17.94780
2450617.25632 16.73915
2450618.25637 15.20441
2450619.25641 14.65023
2450620.25646 14.95322
2450621.25650 12.48864
2450622.25655 13.39570
2450623.25659 12.80984
2450624.25664 15.04723
2450625.25669 15.28176
2450626.25673 14.85285
2450627.25678 15.40844
2450628.25682 15.27042
2450629.25687 16.80355
2450630.25691 16.38724
2450631.25696 15.79289
2450632.25700 14.26316
2450633.25705 19.47194
2450634.25710 22.40564
2450635.25714 20.53283
2450636.25719 18.28014
2450637.25723 20.93065
2450638.25728 21.43300
2450639.25732 24.07223
2450640.25737 24.65467
2450641.25742 21.08104
2450642.25746 20.66971
2450643.25751 20.31794
2450644.25755 20.72627
2450645.25760 22.58701
2450646.25764 19.58868
2450647.25769 18.89362
2450648.25773 19.47085
2450649.25778 19.13432
2450650.25783 16.63828
2450651.25787 17.13361
2450652.25792 15.74548
2450653.25796 15.32944
2450654.25801 15.15785
2450655.25805 13.26112
2450656.25810 13.62826
2450657.25815 14.09517
2450658.25819 13.47113
2450844.26668 11.64282
2450845.26672 13.78895
2450846.26677 11.78871
2450847.26682 13.70135
2450848.26686 14.51237
2450849.26691 14.61002
2450850.26695 15.96574
2450851.26700 17.96507
2450852.26704 17.29643
2450853.26709 14.40574
2450854.26714 17.24012
2450855.26718 15.26447
2450856.26723 14.61637
2450857.26727 17.08412
2450858.26732 14.33218
2450859.26736 14.64643
2450860.26741 16.48651
2450861.26745 16.72183
2450862.26750 17.02302
2450863.26755 13.16297
2450864.26759 16.19125
2450865.26764 17.15459
2450866.26768 12.87604
2450867.26773 9.74146
2450868.26777 11.00629
2450869.26782 10.94873
2450870.26787 9.29707
2450871.26791 7.94627
2450872.26796 10.48433
2450873.26800 9.63949
2450874.26805 11.25707
2450875.26809 10.83885
2450876.26814 10.72117
2450877.26818 9.67150
2450878.26823 11.01266
2450879.26828 10.93572
2450880.26832 11.11044
2450881.26837 10.14947
2450882.26841 12.71871
2450883.26846 11.47850
2450884.26850 12.64167
2450885.26855 14.54948
2450886.26860 12.48624
2450887.26864 14.52918
2450888.26869 15.76250
2450889.26873 17.91768
2450890.26878 15.76221
2450891.26882 19.48424
2450892.26887 16.56813
2450893.26891 17.65522
2450894.26896 17.95559
2450895.26901 14.45367
2450896.26905 15.34252
2450897.26910 16.02579
2450898.26914 12.67395
2450899.26919 13.33748
2450900.26923 11.29402
2450901.26928 15.37813
2450902.26933 12.36000
2450903.26937 10.66993
2450904.26942 10.71966
2450905.26946 12.69434
2450906.26951 9.67589
2450907.26955 8.63129
2450908.26960 9.62233
2450909.26964 9.67091
2450910.26969 8.60798
2450911.26974 7.73720
2450912.26978 9.88991
2450913.26983 9.09339
2450914.26987 10.83137
2450915.26992 11.68909
2450916.26996 10.82043
2450917.27001 10.36947
2450918.27006 12.54040
2450919.27010 11.47425
2450920.27015 14.00933
2450921.27019 13.15760
2450922.27024 12.63964
2450923.27028 15.16973
2450924.27033 17.13515
2450925.27038 16.17418
2450926.27042 16.49959
2450927.27047 15.51699
2450928.27051 14.46464
2450929.27056 15.80233
2450930.27060 16.67367
2450931.27065 16.13589
2450932.27069 14.46203
2450933.27074 10.63052
2450934.27079 13.79774
2450935.27083 14.68205
2450936.27088 11.26950
2450937.27092 12.47234
2450938.27097 10.12614
2450939.27101 9.86992
2450940.27106 10.03263
2450941.27111 9.47490
2450942.27115 8.27748
2450943.27120 9.53507
2450944.27124 7.43052
2450945.27129 9.51987
2450946.27133 8.56242
2450947.27138 8.35770
2450948.27142 9.87104
2450949.27147 10.27045
2450950.27152 8.54298
2450951.27156 9.94576
2450952.27161 10.86060
2450953.27165 11.29976
2450954.27170 12.51582
2450955.27174 11.64418
2450956.27179 12.35295
2450957.27184 11.07577
2450958.27188 15.69418
2450959.27193 15.71820
2450960.27197 12.67558
2450961.27202 16.21489
2450962.27206 13.74132
2450963.27211 14.48247
2450964.27215 15.42627
2450965.27220 14.43687
2450966.27225 14.55718
2450967.27229 13.91201
2450968.27234 13.43780
2450969.27238 14.23610
2450970.27243 12.78032
2450971.27247 12.13336
2450972.27252 12.82827
2450973.27257 10.49170
2450974.27261 8.54864
2450975.27266 9.72597
2450976.27270 8.48664
2450977.27275 7.70430
2450978.27279 8.01852
2450979.27284 7.95214
2450980.27288 7.73161
2450981.27293 7.94651
2450982.27298 6.73993
2450983.27302 7.03760
2450984.27307 7.95751
2450985.27311 8.76744
2450986.27316 7.97274
2450987.27320 9.33518
2450988.27325 8.67117
2450989.27330 9.03873
2450990.27334 10.50209
2450991.27339 12.67014
2450992.27343 11.34164
2450993.27348 10.52895
2450994.27352 10.99862
2450995.27357 14.18421
2450996.27362 13.73271
2450997.27366 15.07361
2450998.27371 12.42778
2450999.27375 11.97883
2451000.27380 14.06306
2451001.27384 13.67163
2451002.27389 13.37663
2451003.27393 12.98798
2451004.27398 12.15620
2451005.27403 11.29488
2451006.27407 13.05615
2451007.27412 12.10129
2451008.27416 10.09108
2451009.27421 10.07579
2451010.27425 8.66453
2451011.27430 8.05234
2451012.27435 8.83383
2451013.27439 7.83745
2451014.27444 6.76082
2451015.27448 6.84665
2451016.27453 6.32889
2451017.27457 5.91520
2451018.27462 6.22611
2451019.27466 6.79248
2451020.27471 7.35051
2451021.27476 6.95000
2451022.27480 7.91397
2451023.27485 5.94464
2451209.28333 6.85621
2451210.28338 7.12074
2451211.28343 6.92963
2451212.28347 8.80756
2451213.28352 9.82396
2451214.28356 9.65649
2451215.28361 10.82322
2451216.28365 9.51562
2451217.28370 8.35155
2451218.28375 6.77592
2451219.28379 8.18428
2451220.28384 7.83304
2451221.28388 9.41186
2451222.28393 7.93586
2451223.28397 6.35989
2451224.28402 6.62688
2451225.28406 6.41658
2451226.28411 5.37995
2451227.28416 3.89652
2451228.28420 4.46024
2451229.28425 2.67472
2451230.28429 2.92998
2451231.28434 2.69560
2451232.28438 2.51842
2451233.28443 2.39421
2451234.28448 2.15085
2451235.28452 2.82947
2451236.28457 2.86685
2451237.28461 2.95837
2451238.28466 3.53753
2451239.28470 3.64195
2451240.28475 4.64788
2451241.28480 4.89811
2451242.28484 6.28493
2451243.28489 5.19939
2451244.28493 5.30690
2451245.28498 6.81395
2451246.28502 7.80503
2451247.28507 7.14570
2451248.28511 7.13331
2451249.28516 7.82113
2451250.28521 9.41560
2451251.28525 10.64231
2451252.28530 10.30271
2451253.28534 8.67707
2451254.28539 9.16661
2451255.28543 8.36833
2451256.28548 6.57883
2451257.28553 5.90839
2451258.28557 7.37620
2451259.28562 8.12041
2451260.28566 6.23163
2451261.28571 5.33321
2451262.28575 4.26522
2451263.28580 4.07380
2451264.28584 3.28271
2451265.28589 2.78458
2451266.28594 3.15391
2451267.28598 2.51923
2451268.28603 2.17837
2451269.28607 2.00676
2451270.28612 1.75883
2451271.28616 2.08395
2451272.28621 1.97968
2451273.28626 2.54041
2451274.28630 2.70808
2451275.28635 3.05532
2451276.28639 4.29231
2451277.28644 4.33565
2451278.28648 4.83365
2451279.28653 5.35803
2451280.28657 7.48272
2451281.28662 6.09816
2451282.28667 8.21011
2451283.28671 6.10512
2451284.28676 8.74114
2451285.28680 9.84082
2451286.28685 7.75759
2451287.28689 8.12045
2451288.28694 7.84442
2451289.28699 8.32293
2451290.28703 9.33986
2451291.28708 7.88497
2451292.28712 8.18024
2451293.28717 7.60172
2451294.28721 7.07190
2451295.28726 5.63840
2451296.28730 5.52264
2451297.28735 5.35782
2451298.28740 4.17068
2451299.28744 4.22263
2451300.28749 2.81979
2451301.28753 2.76332
2451302.28758 2.09552
2451303.28762 2.09124
2451304.28767 1.91604
2451305.28772 1.64465
2451306.28776 1.70422
2451307.28781 1.99624
2451308.28785 2.28513
2451309.28790 2.43039
2451310.28794 2.58462
2451311.28799 3.01728
2451312.28804 3.85650
2451313.28808 4.75501
2451314.28813 4.40687
2451315.28817 5.92532
2451316.28822 6.48699
2451317.28826 5.09247
2451318.28831 8.51268
2451319.28835 7.43321
2451320.28840 9.63319
2451321.28845 7.84468
2451322.28849 7.72295
2451323.28854 7.72745
2451324.28858 8.71261
2451325.28863 7.50029
2451326.28867 9.65110
2451327.28872 7.99803
2451328.28877 6.96554
2451329.28881 7.15258
2451330.28886 6.09647
2451331.28890 5.69840
2451332.28895 5.51747
2451333.28899 4.51847
2451334.28904 4.00001
2451335.28908 3.64590
2451336.28913 3.16009
2451337.28918 3.14053
2451338.28922 2.07530
2451339.28927 1.58789
2451340.28931 1.25147
2451341.28936 1.48506
2451342.28940 1.44726
2451343.28945 2.12259
2451344.28950 1.64664
2451345.28954 2.41966
2451346.28959 2.39600
2451347.28963 3.40975
2451348.28968 3.61284
2451349.28972 4.17569
2451350.28977 4.75385
2451351.28981 4.71670
2451352.28986 5.46143
2451353.28991 7.12888
2451354.28995 7.45290
2451355.29000 7.32658
2451356.29004 7.23437
2451357.29009 8.19408
2451358.29013 7.93710
2451359.29018 8.69932
2451360.29023 6.70781
2451361.29027 7.61733
2451362.29032 8.92568
2451363.29036 8.16444
2451364.29041 6.53538
2451365.29045 6.41986
2451366.29050 6.81628
2451367.29054 6.05563
2451368.29059 4.90473
2451369.29064 4.67475
2451370.29068 3.83853
2451371.29073 3.14997
2451372.29077 2.79178
2451373.29082 2.37019
2451374.29086 2.34718
2451375.29091 1.98304
2451376.29096 1.64042
2451377.29100 1.25167
2451378.29105 1.87101
2451379.29109 1.54519
2451380.29114 1.63837
2451381.29118 2.31993
2451382.29123 2.49242
2451383.29127 2.97198
2451384.29132 3.75909
2451385.29137 4.17576
2451386.29141 4.24690
2451387.29146 5.03867
2451388.29150 5.09363
2451575.30004 9.39579
2451576.30008 11.17563
2451577.30013 9.64079
2451578.30017 10.56896
2451579.30022 9.87064
2451580.30026 9.39295
2451581.30031 10.01942
2451582.30036 8.59040
2451583.30040 7.77263
2451584.30045 6.55216
2451585.30049 5.72134
2451586.30054 5.72721
2451587.30058 4.45807
2451588.30063 6.07235
2451589.30068 3.59179
2451590.30072 3.33911
2451591.30077 4.05758
2451592.30081 3.73618
2451593.30086 3.66086
2451594.30090 4.30625
2451595.30095 4.06787
2451596.30099 4.40971
2451597.30104 4.38134
2451598.30109 4.54315
2451599.30113 5.60346
2451600.30118 4.79842
2451601.30122 6.69504
2451602.30127 6.78702
2451603.30131 7.04107
2451604.30136 8.19292
2451605.30141 8.68689
2451606.30145 9.92079
2451607.30150 9.02966
2451608.30154 9.57809
2451609.30159 10.41109
2451610.30163 10.61165
2451611.30168 8.90028
2451612.30172 10.73391
2451613.30177 10.73306
2451614.30182 11.99641
2451615.30186 11.16767
2451616.30191 9.20358
2451617.30195 8.80540
2451618.30200 7.68147
2451619.30204 7.55416
2451620.30209 7.97053
2451621.30214 5.87651
2451622.30218 5.83154
2451623.30223 5.71993
2451624.30227 5.44706
2451625.30232 4.84476
2451626.30236 4.92943
2451627.30241 4.87608
2451628.30246 4.22100
2451629.30250 3.53770
2451630.30255 3.25373
2451631.30259 3.89675
2451632.30264 5.07275
2451633.30268 5.11796
2451634.30273 5.29152
2451635.30277 6.09710
2451636.30282 6.78323
2451637.30287 7.91659
2451638.30291 7.91159
2451639.30296 8.77194
2451640.30300 8.44933
2451641.30305 10.16633
2451642.30309 9.35763
2451643.30314 10.44784
2451644.30319 10.37441
2451645.30323 11.50887
2451646.30328 11.35286
2451647.30332 11.29866
2451648.30337 11.20854
2451649.30341 11.67903
2451650.30346 9.75158
2451651.30350 11.15172
2451652.30355 10.05893
2451653.30360 10.98139
2451654.30364 9.64571
2451655.30369 8.41900
2451656.30373 7.59976
2451657.30378 7.49284
2451658.30382 6.25869
2451659.30387 6.85076
2451660.30392 6.70481
2451661.30396 4.02919
2451662.30401 4.87870
2451663.30405 5.08242
2451664.30410 4.83338
2451665.30414 4.67223
2451666.30419 4.30195
2451667.30423 4.69685
2451668.30428 5.25208
2451669.30433 5.10197
2451670.30437 6.36241
2451671.30442 7.13243
2451672.30446 7.43130
2451673.30451 8.65809
2451674.30455 8.94267
2451675.30460 10.36119
2451676.30465 9.80323
2451677.30469 9.75527
2451678.30474 12.39644
2451679.30478 11.54310
2451680.30483 12.33066
2451681.30487 13.71285
2451682.30492 10.65514
2451683.30496 12.22787
2451684.30501 12.17182
2451685.30506 11.44572
2451686.30510 12.69289
2451687.30515 14.18479
2451688.30519 10.95075
2451689.30524 11.57616
2451690.30528 10.45305
2451691.30533 8.05203
2451692.30538 9.81826
2451693.30542 7.53361
2451694.30547 8.66973
2451695.30551 7.60058
2451696.30556 6.32148
2451697.30560 7.40897
2451698.30565 5.26901
2451699.30569 5.67918
2451700.30574 5.70796
2451701.30579 5.10909
2451702.30583 5.68979
2451703.30588 5.30676
2451704.30592 7.25812
2451705.30597 7.41118
2451706.30601 5.40968
2451707.30606 7.31702
2451708.30611 9.31089
2451709.30615 10.65564
2451710.30620 9.86379
2451711.30624 8.19545
2451712.30629 11.21522
2451713.30633 11.47662
2451714.30638 13.85221
2451715.30643 12.15564
2451716.30647 12.21522
2451717.30652 11.08253
2451718.30656 12.82230
2451719.30661 11.96067
2451720.30665 13.00010
2451721.30670 12.46943
2451722.30674 14.21656
2451723.30679 9.82813
2451724.30684 13.55188
2451725.30688 9.49962
2451726.30693 12.01123
2451727.30697 9.53119
2451728.30702 7.82481
2451729.30706 7.72702
2451730.30711 7.70330
2451731.30716 8.71064
2451732.30720 8.91870
2451733.30725 7.24851
2451734.30729 6.67155
2451735.30734 7.15615
2451736.30738 6.95229
2451737.30743 5.11382
2451738.30747 6.23248
2451739.30752 7.61969
2451740.30757 6.56665
2451741.30761 7.40852
2451742.30766 7.57932
2451743.30770 8.38142
2451744.30775 10.20218
2451745.30779 8.76885
2451746.30784 8.90738
2451747.30789 11.33471
2451748.30793 11.13242
2451749.30798 11.64782
2451750.30802 12.03915
2451751.30807 14.10426
2451752.30811 13.96225
2451753.30816 11.06238
2451754.30820 15.43443
2451940.31669 17.92657
2451941.31674 17.36272
2451942.31678 14.70664
2451943.31683 14.72128
2451944.31688 18.49549
2451945.31692 13.73615
2451946.31697 15.24887
2451947.31701 11.97539
2451948.31706 13.16462
2451949.31710 13.73889
2451950.31715 11.17944
2451951.31719 11.53209
2451952.31724 12.50976
2451953.31729 10.37705
2451954.31733 11.96989
2451955.31738 11.54399
2451956.31742 12.64930
2451957.31747 12.42962
2451958.31751 13.37603
2451959.31756 13.66500
2451960.31761 15.59823
2451961.31765 11.41185
2451962.31770 16.26953
2451963.31774 15.93616
2451964.31779 16.52578
2451965.31783 18.80722
2451966.31788 17.73042
2451967.31792 16.15285
2451968.31797 19.61104
2451969.31802 18.64796
2451970.31806 20.92073
2451971.31811 20.64017
2451972.31815 18.69482
2451973.31820 16.31790
2451974.31824 16.81243
2451975.31829 17.63344
2451976.31834 17.74037
2451977.31838 14.64385
2451978.31843 19.92481
2451979.31847 15.53375
2451980.31852 13.69239
2451981.31856 15.69080
2451982.31861 13.84162
2451983.31865 15.36127
2451984.31870 14.23671
2451985.31875 11.96894
2451986.31879 13.72709
2451987.31884 11.74701
2451988.31888 12.53651
2451989.31893 12.01683
2451990.31897 13.12789
2451991.31902 14.03808
2451992.31907 12.71250
2451993.31911 14.13658
2451994.31916 12.57346
2451995.31920 14.68597
2451996.31925 11.92054
2451997.31929 18.54351
2451998.31934 14.90425
2451999.31938 16.43549
2452000.31943 16.83026
2452001.31948 18.66244
2452002.31952 20.46594
2452003.31957 16.53311
2452004.31961 19.25330
2452005.31966 18.66059
2452006.31970 19.59377
2452007.31975 19.34886
2452008.31980 22.17856
2452009.31984 15.56022
2452010.31989 20.38916
2452011.31993 19.30383
2452012.31998 18.65370
2452013.32002 17.56615
2452014.32007 18.31626
2452015.32011 16.03402
2452016.32016 19.17831
2452017.32021 15.91131
2452018.32025 14.84663
2452019.32030 16.24372
2452020.32034 12.54335
2452021.32039 12.87776
2452022.32043 13.31435
2452023.32048 14.07554
2452024.32053 11.32065
2452025.32057 15.40891
2452026.32062 11.80074
2452027.32066 14.46647
2452028.32071 12.79247
2452029.32075 15.94016
2452030.32080 14.24634
2452031.32085 15.40872
2452032.32089 14.58017
2452033.32094 16.05779
2452034.32098 13.62178
2452035.32103 17.15982
2452036.32107 16.85071
2452037.32112 19.70793
2452038.32116 20.55607
2452039.32121 18.54769
2452040.32126 18.64521
2452041.32130 15.76904
2452042.32135 16.21118
2452043.32139 22.64568
2452044.32144 19.56107
2452045.32148 19.74498
2452046.32153 19.52614
2452047.32158 15.90875
2452048.32162 19.98377
2452049.32167 14.77771
2452050.32171 18.22142
2452051.32176 19.60396
2452052.32180 16.93021
2452053.32185 14.76375
2452054.32189 17.35791
2452055.32194 14.84363
2452056.32199 14.63521
2452057.32203 15.77140
2452058.32208 13.55095
2452059.32212 12.60785
2452060.32217 14.66380
2452061.32221 12.07896
2452062.32226 11.50698
2452063.32231 13.83869
2452064.32235 12.72983
2452065.32240 13.78593
2452066.32244 12.56108
2452067.32249 15.68769
2452068.32253 12.27410
2452069.32258 17.31173
2452070.32262 20.46025
2452071.32267 21.24650
2452072.32272 17.78181
2452073.32276 19.57135
2452074.32281 19.34207
2452075.32285 23.18063
2452076.32290 21.44891
2452077.32294 19.26136
2452078.32299 17.93066
2452079.32304 24.16538
2452080.32308 19.46788
2452081.32313 19.78388
2452082.32317 17.99859
2452083.32322 20.83981
2452084.32326 16.75750
2452085.32331 21.64110
2452086.32335 20.45324
2452087.32340 17.94468
2452088.32345 14.20038
2452089.32349 13.87315
2452090.32354 17.14031
2452091.32358 18.23780
2452092.32363 14.22813
2452093.32367 11.26782
2452094.32372 13.22553
2452095.32377 14.68606
2452096.32381 13.86493
2452097.32386 14.06485
2452098.32390 14.07656
2452099.32395 15.46372
2452100.32399 15.94719
2452101.32404 12.70508
2452102.32409 16.20726
2452103.32413 15.49007
2452104.32418 18.05551
2452105.32422 18.01381
2452106.32427 16.61632
2452107.32431 19.24535
2452108.32436 20.67421
2452109.32440 17.66273
2452110.32445 20.98127
2452111.32450 19.26594
2452112.32454 21.08202
2452113.32459 21.16931
2452114.32463 18.82481
2452115.32468 20.81961
2452116.32472 22.36673
2452117.32477 18.50180
2452118.32482 17.72297
2452119.32486 20.49995
2452305.33335 19.24612
2452306.33339 15.07742
2452307.33344 17.91728
2452308.33349 15.55797
2452309.33353 16.98578
2452310.33358 14.29730
2452311.33362 13.98698
2452312.33367 13.75452
2452313.33371 14.26938
2452314.33376 14.25607
2452315.33380 15.97705
2452316.33385 14.04942
2452317.33390 13.76547
2452318.33394 16.61260
2452319.33399 16.73099
2452320.33403 18.55786
2452321.33408 18.48022
2452322.33412 18.34294
2452323.33417 19.94564
2452324.33422 17.67726
2452325.33426 19.23878
2452326.33431 22.74611
2452327.33435 20.62022
2452328.33440 21.64477
2452329.33444 23.77776
2452330.33449 20.06576
2452331.33454 23.01095
2452332.33458 22.18377
2452333.33463 25.37499
2452334.33467 18.43744
2452335.33472 18.73437
2452336.33476 18.95738
2452337.33481 21.29916
2452338.33485 17.45637
2452339.33490 21.30298
2452340.33495 15.31951
2452341.33499 19.86644
2452342.33504 14.74681
2452343.33508 16.27013
2452344.33513 16.84059
2452345.33517 15.88848
2452346.33522 12.94184
2452347.33527 14.72758
2452348.33531 14.51126
2452349.33536 15.55633
2452350.33540 14.55235
2452351.33545 15.10175
2452352.33549 10.82535
2452353.33554 17.82017
2452354.33558 16.50765
2452355.33563 12.24838
2452356.33568 18.98656
2452357.33572 16.61710
2452358.33577 18.58383
2452359.33581 19.16956
2452360.33586 20.88647
2452361.33590 20.58462
2452362.33595 20.04494
2452363.33600 18.81352
2452364.33604 21.08075
2452365.33609 21.45466
2452366.33613 17.54179
2452367.33618 20.83291
2452368.33622 23.30907
2452369.33627 23.12061
2452370.33631 21.85578
2452371.33636 19.78796
2452372.33641 16.07809
2452373.33645 19.54613
2452374.33650 20.23983
2452375.33654 18.16597
2452376.33659 17.93263
2452377.33663 17.35069
2452378.33668 19.12489
2452379.33673 14.18142
2452380.33677 12.82701
2452381.33682 15.53887
2452382.33686 15.27926
2452383.33691 15.30636
2452384.33695 13.88653
2452385.33700 16.24243
2452386.33704 14.21531
2452387.33709 14.57330
2452388.33714 13.79458
2452389.33718 13.85081
2452390.33723 11.62563
2452391.33727 16.36049
2452392.33732 16.52295
2452393.33736 19.65854
2452394.33741 16.02250
2452395.33746 21.50454
2452396.33750 21.85251
2452397.33755 19.16932
2452398.33759 16.61248
2452399.33764 17.19850
2452400.33768 17.77434
2452401.33773 18.66043
2452402.33777 19.08122
2452403.33782 23.03504
2452404.33787 20.88639
2452405.33791 18.09929
2452406.33796 19.68185
2452407.33800 16.06858
2452408.33805 21.01503
2452409.33809 23.19279
2452410.33814 17.22275
2452411.33819 18.17877
2452412.33823 16.97951
2452413.33828 18.17201
2452414.33832 15.69773
2452415.33837 15.73536
2452416.33841 12.48442
2452417.33846 11.80952
2452418.33851 14.05738
2452419.33855 14.00523
2452420.33860 13.62607
2452421.33864 15.76309
2452422.33869 16.66636
2452423.33873 15.56720
2452424.33878 14.17741
2452425.33882 14.74699
2452426.33887 11.80787
2452427.33892 15.72265
2452428.33896 16.17045
2452429.33901 17.62456
2452430.33905 17.59947
2452431.33910 21.25100
2452432.33914 20.49093
2452433.33919 17.60455
2452434.33924 20.88946
2452435.33928 19.08991
2452436.33933 20.47452
2452437.33937 18.07171
2452438.33942 18.14458
2452439.33946 22.62524
2452440.33951 20.55265
2452441.33955 20.04866
2452442.33960 19.21887
2452443.33965 22.72866
2452444.33969 16.52455
2452445.33974 19.79324
2452446.33978 16.69389
2452447.33983 14.31217
2452448.33987 19.49610
2452449.33992 15.25373
2452450.33997 16.48528
2452451.34001 12.89271
2452452.34006 14.78896
2452453.34010 12.68578
2452454.34015 11.05895
2452455.34019 13.32779
2452456.34024 15.38312
2452457.34028 13.92423
2452458.34033 12.56881
2452459.34038 12.81878
2452460.34042 13.96485
2452461.34047 15.08736
2452462.34051 15.27065
2452463.34056 14.21406
2452464.34060 18.58129
2452465.34065 17.59982
2452466.34070 15.92332
2452467.34074 17.09139
2452468.34079 18.49987
2452469.34083 17.84062
2452470.34088 16.15170
2452471.34092 22.16469
2452472.34097 22.91729
2452473.34101 19.34550
2452474.34106 20.43577
2452475.34111 20.02799
2452476.34115 22.45101
2452477.34120 18.63471
2452478.34124 17.79841
2452479.34129 19.90193
2452480.34133 17.42369
2452481.34138 14.55228
2452482.34143 16.50326
2452483.34147 13.31199
2452484.34152 13.34601
2452670.35000 8.78831
2452671.35005 8.64077
2452672.35010 9.71089
2452673.35014 8.30428
2452674.35019 10.14876
2452675.35023 8.88842
2452676.35028 8.76564
2452677.35032 10.42829
2452678.35037 9.95463
2452679.35042 10.93016
2452680.35046 11.64921
2452681.35051 12.89993
2452682.35055 12.48355
2452683.35060 11.10511
2452684.35064 12.46299
2452685.35069 12.77126
2452686.35073 13.21395
2452687.35078 16.15215
2452688.35083 14.79753
2452689.35087 16.07678
2452690.35092 14.20556
2452691.35096 14.46695
2452692.35101 15.88733
2452693.35105 15.50327
2452694.35110 13.54030
2452695.35115 13.70395
2452696.35119 13.22895
2452697.35124 12.41521
2452698.35128 12.83505
2452699.35133 11.60831
2452700.35137 11.67594
2452701.35142 9.56832
2452702.35146 10.10148
2452703.35151 9.00885
2452704.35156 7.34832
2452705.35160 6.50126
2452706.35165 7.87651
2452707.35169 6.37410
2452708.35174 8.14769
2452709.35178 9.19791
2452710.35183 7.93907
2452711.35188 7.66551
2452712.35192 9.80768
2452713.35197 10.14675
2452714.35201 9.76885
2452715.35206 10.35997
2452716.35210 11.55928
2452717.35215 11.05600
2452718.35219 11.06418
2452719.35224 12.31229
2452720.35229 13.35463
2452721.35233 13.39843
2452722.35238 13.72219
2452723.35242 13.58970
2452724.35247 14.21100
2452725.35251 14.11924
2452726.35256 12.39938
2452727.35261 13.68317
2452728.35265 15.07892
2452729.35270 13.83660
2452730.35274 12.09415
2452731.35279 13.76757
2452732.35283 11.05471
2452733.35288 12.70857
2452734.35293 11.11435
2452735.35297 10.55422
2452736.35302 9.56953
2452737.35306 8.55001
2452738.35311 10.08061
2452739.35315 6.86567
2452740.35320 7.29696
2452741.35324 7.37145
2452742.35329 7.69657
2452743.35334 7.36509
2452744.35338 7.83066
2452745.35343 6.26833
2452746.35347 6.42718
2452747.35352 6.67799
2452748.35356 8.37840
2452749.35361 6.83571
2452750.35366 10.46266
2452751.35370 7.00854
2452752.35375 8.96254
2452753.35379 9.85049
2452754.35384 10.50412
2452755.35388 11.56737
2452756.35393 12.51960
2452757.35397 12.21110
2452758.35402 12.11869
2452759.35407 9.29295
2452760.35411 11.51804
2452761.35416 15.28845
2452762.35420 11.57496
2452763.35425 15.65599
2452764.35429 12.43309
2452765.35434 9.44902
2452766.35439 13.80011
2452767.35443 10.95688
2452768.35448 10.41638
2452769.35452 11.67267
2452770.35457 9.33807
2452771.35461 8.33378
2452772.35466 9.12571
2452773.35470 8.44127
2452774.35475 9.14302
2452775.35480 8.02328
2452776.35484 7.94038
2452777.35489 6.45439
2452778.35493 6.94913
2452779.35498 5.92055
2452780.35502 5.83861
2452781.35507 6.41767
2452782.35512 6.17047
2452783.35516 6.26181
2452784.35521 7.75745
2452785.35525 5.64418
2452786.35530 6.56918
2452787.35534 8.38072
2452788.35539 9.08070
2452789.35543 8.12009
2452790.35548 8.86765
2452791.35553 8.91458
2452792.35557 12.20659
2452793.35562 12.35868
2452794.35566 11.44089
2452795.35571 13.56467
2452796.35575 13.70103
2452797.35580 12.98424
2452798.35585 11.83283
2452799.35589 13.12893
2452800.35594 12.14255
2452801.35598 13.92516
2452802.35603 10.94838
2452803.35607 11.47882
2452804.35612 10.88004
2452805.35617 10.26476
2452806.35621 10.24095
2452807.35626 8.09281
2452808.35630 8.46699
2452809.35635 8.22452
2452810.35639 7.84900
2452811.35644 7.13016
2452812.35648 6.18747
2452813.35653 5.97844
2452814.35658 7.84150
2452815.35662 5.35885
2452816.35667 5.14147
2452817.35671 4.15846
2452818.35676 5.71746
2452819.35680 6.33863
2452820.35685 5.99025
2452821.35690 5.59206
2452822.35694 7.37069
2452823.35699 6.58613
2452824.35703 7.07345
2452825.35708 9.15321
2452826.35712 8.35205
2452827.35717 8.24866
2452828.35721 10.01577
2452829.35726 10.59537
2452830.35731 10.64627
2452831.35735 12.76556
2452832.35740 13.64508
2452833.35744 12.10688
2452834.35749 11.49532
2452835.35753 12.01599
2452836.35758 13.81030
2452837.35763 11.58402
2452838.35767 11.48849
2452839.35772 10.70728
2452840.35776 9.84343
2452841.35781 8.26836
2452842.35785 8.92944
2452843.35790 9.44952
2452844.35794 9.34751
2452845.35799 8.11574
2452846.35804 7.42327
2452847.35808 7.35911
2452848.35813 5.96945
2452849.35817 6.37122
2453036.36671 2.91669
2453037.36675 3.40242
2453038.36680 4.09127
2453039.36684 5.51092
2453040.36689 3.97788
2453041.36693 5.50558
2453042.36698 6.64854
2453043.36703 6.29347
2453044.36707 7.71831
2453045.36712 7.44825
2453046.36716 8.78791
2453047.36721 7.14660
2453048.36725 9.78267
2453049.36730 10.55456
2453050.36735 9.77345
2453051.36739 8.08180
2453052.36744 9.30387
2453053.36748 8.51525
2453054.36753 9.28701
2453055.36757 8.43922
2453056.36762 6.70948
2453057.36766 4.25294
2453058.36771 5.62755
2453059.36776 6.09023
2453060.36780 5.02932
2453061.36785 4.25251
2453062.36789 3.52994
2453063.36794 3.36639
2453064.36798 2.24937
2453065.36803 2.83751
2453066.36808 2.54850
2453067.36812 2.47258
2453068.36817 2.06007
2453069.36821 2.20001
2453070.36826 2.42091
2453071.36830 2.36669
2453072.36835 2.90660
2453073.36839 3.86412
2453074.36844 3.60672
2453075.36849 3.70427
2453076.36853 5.56451
2453077.36858 6.80649
2453078.36862 5.54954
2453079.36867 6.24372
2453080.36871 7.40593
2453081.36876 8.24685
2453082.36881 7.72839
2453083.36885 7.23645
2453084.36890 7.90264
2453085.36894 8.76723
2453086.36899 9.25072
2453087.36903 10.43374
2453088.36908 8.72369
2453089.36912 6.60379
2453090.36917 8.61576
2453091.36922 7.20554
2453092.36926 6.08077
2453093.36931 7.27766
2453094.36935 5.41366
2453095.36940 5.15239
2453096.36944 5.27231
2453097.36949 4.31428
2453098.36954 3.22591
2453099.36958 2.99874
2453100.36963 3.02176
2453101.36967 2.81710
2453102.36972 1.89464
2453103.36976 2.16042
2453104.36981 1.75360
2453105.36985 1.97254
2453106.36990 2.25716
2453107.36995 2.64466
2453108.36999 2.01790
2453109.37004 3.13833
2453110.37008 3.65080
2453111.37013 4.82966
2453112.37017 4.70917
2453113.37022 5.75238
2453114.37027 5.37516
2453115.37031 5.72016
2453116.37036 5.79298
2453117.37040 7.92593
2453118.37045 8.12558
2453119.37049 8.21416
2453120.37054 6.23243
2453121.37059 8.45196
2453122.37063 8.58475
2453123.37068 7.29354
2453124.37072 8.70881
2453125.37077 8.50303
2453126.37081 8.73049
2453127.37086 6.02253
2453128.37090 6.32530
2453129.37095 7.21220
2453130.37100 6.31835
2453131.37104 5.40501
2453132.37109 4.45920
2453133.37113 3.94639
2453134.37118 3.86170
2453135.37122 3.24460
2453136.37127 2.82218
2453137.37132 2.60161
2453138.37136 2.25828
2453139.37141 2.09448
2453140.37145 2.27973
2453141.37150 1.80937
2453142.37154 2.26468
2453143.37159 2.04783
2453144.37163 3.20803
2453145.37168 3.15335
2453146.37173 3.92880
2453147.37177 3.43941
2453148.37182 4.20346
2453149.37186 5.63722
2453150.37191 5.78576
2453151.37195 5.58522
2453152.37200 6.67516
2453153.37205 6.55214
2453154.37209 7.68451
2453155.37214 9.74224
2453156.37218 8.90594
2453157.37223 8.45081
2453158.37227 8.63802
2453159.37232 8.88837
2453160.37236 7.25634
2453161.37241 8.53700
2453162.37246 8.64244
2453163.37250 8.26746
2453164.37255 6.88712
2453165.37259 6.99067
2453166.37264 4.98575
2453167.37268 5.81001
2453168.37273 4.30232
2453169.37278 4.31270
2453170.37282 3.81057
2453171.37287 3.17222
2453172.37291 2.22792
2453173.37296 2.10030
2453174.37300 2.02457
2453175.37305 1.99294
2453176.37309 2.15761
2453177.37314 2.44162
2453178.37319 2.13325
2453179.37323 3.08733
2453180.37328 3.26261
2453181.37332 4.24664
2453182.37337 4.76874
2453183.37341 4.98189
2453184.37346 4.36389
2453185.37351 5.49648
2453186.37355 5.25115
2453187.37360 5.76384
2453188.37364 7.41335
2453189.37369 7.05272
2453190.37373 7.17197
2453191.37378 9.08905
2453192.37382 7.70544
2453193.37387 9.05715
2453194.37392 9.59779
2453195.37396 9.66381
2453196.37401 9.19500
2453197.37405 8.39188
2453198.37410 5.86714
2453199.37414 6.75898
2453200.37419 6.47780
2453201.37424 6.62077
2453202.37428 6.55525
2453203.37433 6.36225
2453204.37437 5.50234
2453205.37442 4.22966
2453206.37446 4.36255
2453207.37451 2.94997
2453208.37456 3.50086
2453209.37460 2.48949
2453210.37465 2.26645
2453211.37469 2.88033
2453212.37474 2.51626
2453213.37478 2.31300
2453214.37483 2.25922
2453215.37487 3.10590
2453401.38336 8.21693
2453402.38341 8.43502
2453403.38345 9.22791
2453404.38350 10.65763
2453405.38354 10.97101
2453406.38359 10.77470
2453407.38364 9.74568
2453408.38368 13.55689
2453409.38373 12.84910
2453410.38377 13.40953
2453411.38382 11.96334
2453412.38386 10.75503
2453413.38391 10.20688
2453414.38396 11.85979
2453415.38400 10.03778
2453416.38405 9.33835
2453417.38409 9.06620
2453418.38414 6.90468
2453419.38418 8.23097
2453420.38423 8.20165
2453421.38427 8.02308
2453422.38432 6.78576
2453423.38437 6.48751
2453424.38441 7.31732
2453425.38446 5.61933
2453426.38450 6.68905
2453427.38455 5.14958
2453428.38459 6.20370
2453429.38464 6.09772
2453430.38469 6.72540
2453431.38473 5.99826
2453432.38478 6.79575
2453433.38482 7.75872
2453434.38487 9.19178
2453435.38491 8.49864
2453436.38496 8.60664
2453437.38501 9.17677
2453438.38505 10.18038
2453439.38510 9.53753
2453440.38514 10.38782
2453441.38519 11.87141
2453442.38523 13.68900
2453443.38528 10.80693
2453444.38532 12.31935
2453445.38537 12.16645
2453446.38542 11.59294
2453447.38546 13.82586
2453448.38551 10.36968
2453449.38555 11.79077
2453450.38560 9.83416
2453451.38564 11.54655
2453452.38569 10.15383
2453453.38574 11.10154
2453454.38578 9.98136
2453455.38583 8.74632
2453456.38587 8.26646
2453457.38592 6.83673
2453458.38596 8.47883
2453459.38601 8.01359
2453460.38605 5.83446
2453461.38610 7.61104
2453462.38615 6.42427
2453463.38619 5.93861
2453464.38624 6.28278
2453465.38628 6.85943
2453466.38633 6.75329
2453467.38637 7.27420
2453468.38642 6.41905
2453469.38647 8.25835
2453470.38651 7.62185
2453471.38656 9.43485
2453472.38660 9.29004
2453473.38665 10.94371
2453474.38669 9.29831
2453475.38674 10.75711
2453476.38678 10.63814
2453477.38683 10.50488
2453478.38688 13.09740
2453479.38692 13.94900
2453480.38697 11.72404
2453481.38701 13.78501
2453482.38706 14.37011
2453483.38710 15.67566
2453484.38715 11.62475
2453485.38720 14.55335
2453486.38724 11.71106
2453487.38729 13.41561
2453488.38733 11.55608
2453489.38738 12.25748
2453490.38742 12.37226
2453491.38747 10.12205
2453492.38751 8.95217
2453493.38756 9.07461
2453494.38761 9.10898
2453495.38765 8.64560
2453496.38770 7.62877
2453497.38774 8.06072
2453498.38779 6.32595
2453499.38783 8.43991
2453500.38788 7.37490
2453501.38793 6.43445
2453502.38797 7.92920
2453503.38802 7.05231
2453504.38806 7.85211
2453505.38811 6.94844
2453506.38815 8.31498
2453507.38820 8.23053
2453508.38824 11.46987
2453509.38829 9.49909
2453510.38834 11.29588
2453511.38838 12.55669
2453512.38843 12.90775
2453513.38847 13.58335
2453514.38852 15.11366
2453515.38856 12.79247
2453516.38861 12.69724
2453517.38866 15.97167
2453518.38870 12.31354
2453519.38875 14.47246
2453520.38879 13.52016
2453521.38884 12.95673
2453522.38888 14.98390
2453523.38893 12.49369
2453524.38898 11.45883
2453525.38902 11.38341
2453526.38907 10.17899
2453527.38911 12.00043
2453528.38916 9.75346
2453529.38920 10.11255
2453530.38925 9.76674
2453531.38929 8.42624
2453532.38934 8.86768
2453533.38939 9.89433
2453534.38943 8.26056
2453535.38948 7.13433
2453536.38952 7.49706
2453537.38957 8.23760
2453538.38961 8.65407
2453539.38966 9.26423
2453540.38971 10.34785
2453541.38975 9.45326
2453542.38980 10.66482
2453543.38984 10.62260
2453544.38989 10.15367
2453545.38993 10.87598
2453546.38998 11.30447
2453547.39002 11.97820
2453548.39007 11.81104
2453549.39012 14.02105
2453550.39016 15.66755
2453551.39021 16.44691
2453552.39025 14.87148
2453553.39030 13.54024
2453554.39034 14.53000
2453555.39039 18.17980
2453556.39044 16.61591
2453557.39048 13.16720
2453558.39053 12.70264
2453559.39057 12.12533
2453560.39062 13.55306
2453561.39066 13.91547
2453562.39071 12.42437
2453563.39075 11.21742
2453564.39080 11.89692
2453565.39085 10.19408
2453566.39089 10.62143
2453567.39094 9.38925
2453568.39098 9.31225
2453569.39103 9.58987
2453570.39107 7.54630
2453571.39112 10.89983
2453572.39117 8.47563
2453573.39121 8.70182
2453574.39126 9.48566
2453575.39130 9.57989
2453576.39135 10.66639
2453577.39139 10.97716
2453578.39144 9.64994
2453579.39148 11.34474
2453580.39153 10.43802
2453766.40002 18.39091
2453767.40006 22.74954
2453768.40011 20.16875
2453769.40016 19.04253
2453770.40020 16.97503
2453771.40025 15.59452
2453772.40029 18.39569
2453773.40034 18.40634
2453774.40038 15.69669
2453775.40043 18.24581
2453776.40047 16.94387
2453777.40052 16.69733
2453778.40057 16.44225
2453779.40061 15.25190
2453780.40066 13.35966
2453781.40070 17.90388
2453782.40075 15.15827
2453783.40079 14.44412
2453784.40084 15.13083
2453785.40089 15.11805
2453786.40093 12.48005
2453787.40098 13.06789
2453788.40102 10.51498
2453789.40107 12.45533
2453790.40111 11.61026
2453791.40116 13.83070
2453792.40120 13.12585
2453793.40125 14.61739
2453794.40130 16.30017
2453795.40134 17.89628
2453796.40139 16.55266
2453797.40143 17.72079
2453798.40148 17.52319
2453799.40152 17.26731
2453800.40157 17.83361
2453801.40162 19.37247
2453802.40166 21.01053
2453803.40171 20.28367
2453804.40175 19.85716
2453805.40180 17.47713
2453806.40184 17.80124
2453807.40189 19.54113
2453808.40193 18.68697
2453809.40198 18.72828
2453810.40203 16.05105
2453811.40207 18.74474
2453812.40212 18.55939
2453813.40216 15.27545
2453814.40221 17.59526
2453815.40225 20.59320
2453816.40230 15.05574
2453817.40235 13.91845
2453818.40239 12.90847
2453819.40244 13.41631
2453820.40248 13.62870
2453821.40253 13.71238
2453822.40257 16.39913
2453823.40262 14.91155
2453824.40266 15.41247
2453825.40271 14.83704
2453826.40276 12.16361
2453827.40280 14.52822
2453828.40285 15.17825
2453829.40289 13.94934
2453830.40294 14.89596
2453831.40298 17.96964
2453832.40303 18.68614
2453833.40308 19.44603
2453834.40312 15.50273
2453835.40317 19.94642
2453836.40321 18.95878
2453837.40326 20.08119
2453838.40330 19.56420
2453839.40335 21.00863
2453840.40340 22.74845
2453841.40344 19.81492
2453842.40349 21.79302
2453843.40353 19.01343
2453844.40358 19.97748
2453845.40362 19.76921
2453846.40367 18.61399
2453847.40371 19.11156
2453848.40376 19.39712
2453849.40381 15.92892
2453850.40385 17.09085
2453851.40390 16.68817
2453852.40394 15.86860
2453853.40399 15.04197
2453854.40403 16.66209
2453855.40408 14.63955
2453856.40413 13.56879
2453857.40417 13.75797
2453858.40422 13.06996
2453859.40426 13.77098
2453860.40431 13.81011
2453861.40435 14.78440
2453862.40440 16.94846
2453863.40444 16.15443
2453864.40449 14.24715
2453865.40454 13.60229
2453866.40458 14.65958
2453867.40463 18.05588
2453868.40467 17.31558
2453869.40472 14.67544
2453870.40476 18.05892
2453871.40481 20.48488
2453872.40486 18.33693
2453873.40490 19.31676
2453874.40495 22.36691
2453875.40499 20.13363
2453876.40504 18.64411
2453877.40508 20.03081
2453878.40513 22.27915
2453879.40517 19.84367
2453880.40522 20.48330
2453881.40527 21.45064
2453882.40531 20.97354
2453883.40536 18.83071
2453884.40540 17.81982
2453885.40545 16.88688
2453886.40549 20.35930
2453887.40554 18.35769
2453888.40559 17.85045
2453889.40563 16.49957
2453890.40568 18.63473
2453891.40572 14.35346
2453892.40577 15.19916
2453893.40581 14.27590
2453894.40586 13.23879
2453895.40590 13.10008
2453896.40595 13.93669
2453897.40600 13.07398
2453898.40604 14.88010
2453899.40609 17.19152
2453900.40613 16.99923
2453901.40618 16.89580
2453902.40622 16.42122
2453903.40627 18.18915
2453904.40632 17.62607
2453905.40636 20.14206
2453906.40641 20.94126
2453907.40645 19.95762
2453908.40650 17.20373
2453909.40654 21.60356
2453910.40659 20.25006
2453911.40664 21.17652
2453912.40668 19.20518
2453913.40673 23.86200
2453914.40677 22.54179
2453915.40682 20.32661
2453916.40686 24.01027
2453917.40691 19.43951
2453918.40695 22.83731
2453919.40700 19.80927
2453920.40705 18.13058
2453921.40709 22.15775
2453922.40714 17.71492
2453923.40718 15.83301
2453924.40723 17.18728
2453925.40727 17.02809
2453926.40732 13.64847
2453927.40737 16.45510
2453928.40741 13.31597
2453929.40746 12.17672
2453930.40750 14.66333
2453931.40755 16.25752
2453932.40759 13.42708
2453933.40764 17.75309
2453934.40768 15.62694
2453935.40773 19.54452
2453936.40778 18.24679
2453937.40782 17.64513
2453938.40787 17.93112
2453939.40791 16.56991
2453940.40796 15.47349
2453941.40800 16.81176
2453942.40805 21.39886
2453943.40810 18.41436
2453944.40814 18.99621
2453945.40819 23.62470
2454131.41667 22.11035
2454132.41672 19.57073
2454133.41677 18.53894
2454134.41681 18.32620
2454135.41686 20.83955
2454136.41690 20.41227
2454137.41695 15.99285
2454138.41699 17.04593
2454139.41704 17.75569
2454140.41708 17.65369
2454141.41713 16.50133
2454142.41718 14.76377
2454143.41722 14.38813
2454144.41727 14.09745
2454145.41731 14.12395
2454146.41736 12.70811
2454147.41740 14.11356
2454148.41745 11.70309
2454149.41750 12.89171
2454150.41754 13.12339
2454151.41759 14.67293
2454152.41763 14.24174
2454153.41768 16.00531
2454154.41772 16.51062
2454155.41777 17.81955
2454156.41782 15.60596
2454157.41786 17.08894
2454158.41791 15.71358
2454159.41795 19.59704
2454160.41800 14.13793
2454161.41804 20.12114
2454162.41809 21.04593
2454163.41813 18.24880
2454164.41818 21.61352
2454165.41823 21.26768
2454166.41827 23.08611
2454167.41832 19.08261
2454168.41836 21.39943
2454169.41841 17.05954
2454170.41845 16.80137
2454171.41850 19.35515
2454172.41855 17.86094
2454173.41859 19.20471
2454174.41864 15.29960
2454175.41868 17.63114
2454176.41873 16.51033
2454177.41877 14.30523
2454178.41882 16.44804
2454179.41886 15.05756
2454180.41891 14.41283
2454181.41896 14.56994
2454182.41900 12.48358
2454183.41905 12.79856
2454184.41909 13.16524
2454185.41914 13.93839
2454186.41918 12.13930
2454187.41923 15.62541
2454188.41928 14.66518
2454189.41932 16.41402
2454190.41937 16.68130
2454191.41941 18.25144
2454192.41946 13.01287
2454193.41950 17.63456
2454194.41955 16.77411
2454195.41959 16.11656
2454196.41964 19.23543
2454197.41969 17.16266
2454198.41973 19.45237
2454199.41978 20.17089
2454200.41982 19.23098
2454201.41987 20.21879
2454202.41991 22.54032
2454203.41996 17.07524
2454204.42001 16.69858
2454205.42005 19.12753
2454206.42010 15.34000
2454207.42014 17.74126
2454208.42019 18.54399
2454209.42023 14.41948
2454210.42028 16.63575
2454211.42032 15.44675
2454212.42037 12.85586
2454213.42042 17.35427
2454214.42046 13.22397
2454215.42051 16.23194
2454216.42055 12.00235
2454217.42060 12.79129
2454218.42064 12.14073
2454219.42069 11.45693
2454220.42074 12.98389
2454221.42078 11.27649
2454222.42083 13.44666
2454223.42087 11.63492
2454224.42092 12.89247
2454225.42096 16.56381
2454226.42101 12.21987
2454227.42106 12.46094
2454228.42110 14.65667
2454229.42115 14.18470
2454230.42119 18.85491
2454231.42124 15.82819
2454232.42128 18.55624
2454233.42133 18.64344
2454234.42137 17.85915
2454235.42142 20.35857
2454236.42147 16.90989
2454237.42151 18.98565
2454238.42156 15.77045
2454239.42160 18.96043
2454240.42165 15.61311
2454241.42169 17.81652
2454242.42174 21.09496
2454243.42179 14.33929
2454244.42183 14.42112
2454245.42188 19.30302
2454246.42192 13.78055
2454247.42197 15.91819
2454248.42201 17.10315
2454249.42206 13.35862
2454250.42210 12.16780
2454251.42215 14.38951
2454252.42220 13.48755
2454253.42224 11.96321
2454254.42229 10.09325
2454255.42233 11.92472
2454256.42238 14.18796
2454257.42242 13.43050
2454258.42247 12.02983
2454259.42252 12.44282
2454260.42256 13.70615
2454261.42261 13.10830
2454262.42265 12.72248
2454263.42270 14.43666
2454264.42274 16.08373
2454265.42279 17.12994
2454266.42283 17.66615
2454267.42288 17.36133
2454268.42293 17.77153
2454269.42297 13.83674
2454270.42302 20.76221
2454271.42306 19.11434
2454272.42311 13.27445
2454273.42315 14.63133
2454274.42320 18.98905
2454275.42325 14.51317
2454276.42329 19.32667
2454277.42334 17.86282
2454278.42338 13.97113
2454279.42343 15.62823
2454280.42347 18.29139
2454281.42352 14.40940
2454282.42356 14.45135
2454283.42361 13.22460
2454284.42366 12.93287
2454285.42370 12.56434
2454286.42375 10.43245
2454287.42379 11.81751
2454288.42384 16.09064
2454289.42388 15.16645
2454290.42393 11.72811
2454291.42398 9.28525
2454292.42402 11.03090
2454293.42407 12.41856
2454294.42411 12.59270
2454295.42416 12.63961
2454296.42420 12.75941
2454297.42425 14.02178
2454298.42429 12.18437
2454299.42434 13.07084
2454300.42439 11.87298
2454301.42443 15.68712
2454302.42448 18.07496
2454303.42452 17.14495
2454304.42457 15.45143
2454305.42461 16.40430
2454306.42466 15.03610
2454307.42471 17.12238
2454308.42475 18.51232
2454309.42480 18.72983
2454310.42484 18.85909
2454497.43338 9.12165
2454498.43342 10.51363
2454499.43347 9.23536
2454500.43351 11.33567
2454501.43356 9.60487
2454502.43360 7.57114
2454503.43365 7.94772
2454504.43370 9.26085
2454505.43374 7.64314
2454506.43379 7.67167
2454507.43383 8.10823
2454508.43388 6.47091
2454509.43392 6.82482
2454510.43397 7.61866
2454511.43401 7.87077
2454512.43406 8.15229
2454513.43411 9.01100
2454514.43415 8.90340
2454515.43420 8.35438
2454516.43424 10.89329
2454517.43429 10.77642
2454518.43433 10.41794
2454519.43438 11.01917
2454520.43443 10.50829
2454521.43447 10.45027
2454522.43452 9.74725
2454523.43456 13.00891
2454524.43461 14.79188
2454525.43465 12.81472
2454526.43470 12.86175
2454527.43474 11.86271
2454528.43479 12.16037
2454529.43484 10.09169
2454530.43488 12.42336
2454531.43493 13.10489
2454532.43497 11.30956
2454533.43502 9.98339
2454534.43506 7.53337
2454535.43511 9.41880
2454536.43516 9.71298
2454537.43520 7.93730
2454538.43525 7.69366
2454539.43529 7.54499
2454540.43534 6.08707
2454541.43538 6.35338
2454542.43543 6.86411
2454543.43548 6.24811
2454544.43552 7.45560
2454545.43557 7.43365
2454546.43561 6.10899
2454547.43566 7.26597
2454548.43570 6.81559
2454549.43575 6.27327
2454550.43579 7.96492
2454551.43584 8.82818
2454552.43589 12.20555
2454553.43593 7.74706
2454554.43598 10.88103
2454555.43602 8.95672
2454556.43607 10.08618
2454557.43611 12.46119
2454558.43616 12.68337
2454559.43621 13.10256
2454560.43625 13.54054
2454561.43630 11.55635
2454562.43634 10.66933
2454563.43639 12.64088
2454564.43643 11.27111
2454565.43648 10.56096
2454566.43652 12.87079
2454567.43657 10.27345
2454568.43662 10.18628
2454569.43666 9.85784
2454570.43671 9.15478
2454571.43675 7.70688
2454572.43680 6.98256
2454573.43684 5.54031
2454574.43689 6.47125
2454575.43694 5.25109
2454576.43698 5.93874
2454577.43703 5.03151
2454578.43707 5.52005
2454579.43712 5.14143
2454580.43716 6.02992
2454581.43721 5.97544
2454582.43725 6.24711
2454583.43730 5.43942
2454584.43735 7.83140
2454585.43739 7.24482
2454586.43744 7.89724
2454587.43748 7.86713
2454588.43753 7.75486
2454589.43757 9.56569
2454590.43762 10.61128
2454591.43767 8.58700
2454592.43771 9.56214
2454593.43776 12.53163
2454594.43780 10.42683
2454595.43785 9.75655
2454596.43789 12.60508
2454597.43794 11.73872
2454598.43798 9.03747
2454599.43803 10.35404
2454600.43808 11.77957
2454601.43812 10.32856
2454602.43817 10.53189
2454603.43821 10.10593
2454604.43826 10.76989
2454605.43830 8.67356
2454606.43835 7.36601
2454607.43840 5.85507
2454608.43844 8.10295
2454609.43849 6.09510
2454610.43853 5.94876
2454611.43858 5.32907
2454612.43862 6.39088
2454613.43867 5.46738
2454614.43871 4.03828
2454615.43876 5.24258
2454616.43881 4.61139
2454617.43885 4.28443
2454618.43890 5.54997
2454619.43894 4.65930
2454620.43899 5.09465
2454621.43903 6.11364
2454622.43908 8.05651
2454623.43913 6.50836
2454624.43917 6.29465
2454625.43922 7.62428
2454626.43926 8.60441
2454627.43931 10.88265
2454628.43935 9.79295
2454629.43940 11.49900
2454630.43945 10.97029
2454631.43949 10.93582
2454632.43954 11.88064
2454633.43958 10.88576
2454634.43963 11.91658
2454635.43967 10.86096
2454636.43972 8.62975
2454637.43976 10.54485
2454638.43981 8.76137
2454639.43986 9.25560
2454640.43990 8.64716
2454641.43995 9.25686
2454642.43999 7.88198
2454643.44004 7.20554
2454644.44008 5.88081
2454645.44013 5.11923
2454646.44018 5.94621
2454647.44022 5.65872
2454648.44027 4.14077
2454649.44031 5.35142
2454650.44036 4.34371
2454651.44040 3.09572
2454652.44045 4.76822
2454653.44049 4.64326
2454654.44054 4.79998
2454655.44059 6.15546
2454656.44063 6.15333
2454657.44068 5.15969
2454658.44072 6.88449
2454659.44077 6.65403
2454660.44081 8.45283
2454661.44086 8.67886
2454662.44091 8.41709
2454663.44095 8.42265
2454664.44100 10.67612
2454665.44104 9.51674
2454666.44109 11.98330
2454667.44113 9.47462
2454668.44118 9.96790
2454669.44122 10.04877
2454670.44127 9.57977
2454671.44132 9.90491
2454672.44136 11.77245
2454673.44141 7.97670
2454674.44145 7.95806
2454675.44150 9.81540
2454676.44154 8.30170
2454862.45003 3.34280
2454863.45008 3.87589
2454864.45012 2.46595
2454865.45017 2.71103
2454866.45021 2.33810
2454867.45026 2.31639
2454868.45031 3.01683
2454869.45035 2.33156
2454870.45040 3.09479
2454871.45044 3.27215
2454872.45049 3.87120
2454873.45053 4.47879
2454874.45058 5.39086
2454875.45063 5.06699
2454876.45067 5.41039
2454877.45072 6.79363
2454878.45076 6.51928
2454879.45081 6.62639
2454880.45085 8.86643
2454881.45090 7.49523
2454882.45094 10.56208
2454883.45099 7.95942
2454884.45104 8.02190
2454885.45108 9.73637
2454886.45113 10.38394
2454887.45117 9.09048
2454888.45122 9.26764
2454889.45126 8.49502
2454890.45131 8.32625
2454891.45136 7.34883
2454892.45140 6.34641
2454893.45145 5.40252
2454894.45149 6.03764
2454895.45154 5.47774
2454896.45158 4.50362
2454897.45163 3.72217
2454898.45167 2.97462
2454899.45172 2.88851
2454900.45177 3.05447
2454901.45181 2.75050
2454902.45186 3.32701
2454903.45190 2.58641
2454904.45195 2.64199
2454905.45199 3.25172
2454906.45204 3.27419
2454907.45209 3.77613
2454908.45213 3.54649
2454909.45218 4.17332
2454910.45222 4.78988
2454911.45227 5.18778
2454912.45231 5.91983
2454913.45236 6.79217
2454914.45240 8.29639
2454915.45245 7.19077
2454916.45250 7.11108
2454917.45254 6.79841
2454918.45259 7.15386
2454919.45263 9.56253
2454920.45268 8.47373
2454921.45272 9.43972
2454922.45277 8.29395
2454923.45282 8.67636
2454924.45286 9.86331
2454925.45291 8.36064
2454926.45295 6.88541
2454927.45300 6.62575
2454928.45304 6.39554
2454929.45309 6.31527
2454930.45313 6.60596
2454931.45318 5.68384
2454932.45323 4.48405
2454933.45327 4.38208
2454934.45332 3.78717
2454935.45336 3.60736
2454936.45341 3.22978
2454937.45345 2.18329
2454938.45350 3.10474
2454939.45355 2.99302
2454940.45359 3.24084
2454941.45364 3.82527
2454942.45368 3.24759
2454943.45373 3.54312
2454944.45377 4.18147
2454945.45382 4.92753
2454946.45387 5.79223
2454947.45391 5.44080
2454948.45396 6.37344
2454949.45400 7.42335
2454950.45405 6.73364
2454951.45409 6.54701
2454952.45414 9.19361
2454953.45418 9.78845
2454954.45423 9.98887
2454955.45428 9.46745
2454956.45432 8.47994
2454957.45437 9.33609
2454958.45441 9.35317
2454959.45446 7.74172
2454960.45450 7.37865
2454961.45455 7.70712
2454962.45460 8.76875
2454963.45464 7.62237
2454964.45469 6.92282
2454965.45473 6.61252
2454966.45478 6.41172
2454967.45482 5.42860
2454968.45487 5.29118
2454969.45491 4.65798
2454970.45496 3.82418
2454971.45501 3.82393
2454972.45505 2.86898
2454973.45510 3.31171
2454974.45514 2.96930
2454975.45519 3.10057
2454976.45523 2.81379
2454977.45528 2.73209
2454978.45533 3.41635
2454979.45537 4.30390
2454980.45542 3.94711
2454981.45546 5.52804
2454982.45551 4.26605
2454983.45555 5.76971
2454984.45560 6.46814
2454985.45564 7.01197
2454986.45569 7.37774
2454987.45574 8.18712
2454988.45578 8.10552
2454989.45583 8.72412
2454990.45587 10.56798
2454991.45592 8.46310
2454992.45596 11.00641
2454993.45601 8.85350
2454994.45606 10.20431
2454995.45610 10.05827
2454996.45615 9.77100
2454997.45619 8.14248
2454998.45624 9.28391
2454999.45628 6.51781
2455000.45633 8.59319
2455001.45637 7.01463
2455002.45642 6.85077
2455003.45647 4.62771
2455004.45651 5.37447
2455005.45656 4.17698
2455006.45660 4.53207
2455007.45665 3.86343
2455008.45669 3.38620
2455009.45674 3.92902
2455010.45679 3.14925
2455011.45683 3.00052
2455012.45688 3.61568
2455013.45692 3.15074
2455014.45697 4.01127
2455015.45701 4.30612
2455016.45706 5.27533
2455017.45711 4.75081
2455018.45715 6.13038
2455019.45720 5.81450
2455020.45724 6.59423
2455021.45729 7.60131
2455022.45733 6.68900
2455023.45738 9.19951
2455024.45742 8.25036
2455025.45747 9.56227
2455026.45752 10.30479
2455027.45756 9.10394
2455028.45761 9.75195
2455029.45765 10.31677
2455030.45770 9.02988
2455031.45774 9.08934
2455032.45779 9.29417
2455033.45784 8.91376
2455034.45788 8.25447
2455035.45793 7.01002
2455036.45797 7.52087
2455037.45802 7.56379
2455038.45806 6.76830
2455039.45811 5.48948
2455040.45815 4.98439
2455041.45820 5.12681
2455227.46669 6.71440
2455228.46673 7.62407
2455229.46678 7.57071
2455230.46682 7.61266
2455231.46687 7.68079
2455232.46692 8.33918
2455233.46696 10.44452
2455234.46701 10.26821
2455235.46705 10.55217
2455236.46710 8.91909
2455237.46714 10.75695
2455238.46719 11.23072
2455239.46724 13.36159
2455240.46728 13.04631
2455241.46733 11.54225
2455242.46737 12.07940
2455243.46742 14.75187
2455244.46746 13.52809
2455245.46751 14.93636
2455246.46755 12.14847
2455247.46760 12.52516
2455248.46765 14.86500
2455249.46769 12.09233
2455250.46774 12.56414
2455251.46778 11.48276
2455252.46783 11.83840
2455253.46787 11.45925
2455254.46792 9.46459
2455255.46797 10.41252
2455256.46801 9.11904
2455257.46806 7.23441
2455258.46810 9.29375
2455259.46815 8.08735
2455260.46819 8.52295
2455261.46824 7.63412
2455262.46829 6.79860
2455263.46833 6.42185
2455264.46838 7.69647
2455265.46842 7.43529
2455266.46847 7.97848
2455267.46851 11.10463
2455268.46856 10.02102
2455269.46860 8.08156
2455270.46865 10.46530
2455271.46870 10.20110
2455272.46874 9.77832
2455273.46879 13.40117
2455274.46883 13.01885
2455275.46888 12.85879
2455276.46892 14.71491
2455277.46897 13.57574
2455278.46902 12.50502
2455279.46906 14.49456
2455280.46911 14.86842
2455281.46915 13.57517
2455282.46920 13.91055
2455283.46924 14.34025
2455284.46929 15.33753
2455285.46933 13.45209
2455286.46938 10.67669
2455287.46943 13.00098
2455288.46947 13.27898
2455289.46952 13.79989
2455290.46956 11.40252
2455291.46961 10.48166
2455292.46965 10.84416
2455293.46970 10.47292
2455294.46975 9.27179
2455295.46979 8.30359
2455296.46984 7.78088
2455297.46988 7.73985
2455298.46993 8.71126
2455299.46997 9.11042
2455300.47002 9.97010
2455301.47006 7.69965
2455302.47011 9.06833
2455303.47016 10.78674
2455304.47020 9.89676
2455305.47025 12.07755
2455306.47029 10.78809
2455307.47034 9.68294
2455308.47038 11.41898
2455309.47043 11.62612
2455310.47048 14.69685
2455311.47052 16.41974
2455312.47057 13.80983
2455313.47061 16.24532
2455314.47066 16.99162
2455315.47070 16.13763
2455316.47075 16.32056
2455317.47079 14.46465
2455318.47084 15.96234
2455319.47089 14.56560
2455320.47093 15.94513
2455321.47098 12.00653
2455322.47102 13.14123
2455323.47107 12.50425
2455324.47111 12.45930
2455325.47116 11.41905
2455326.47121 13.29759
2455327.47125 11.38225
2455328.47130 12.32167
2455329.47134 9.18725
2455330.47139 11.50601
2455331.47143 10.69950
2455332.47148 8.34641
2455333.47153 9.38292
2455334.47157 7.71095
2455335.47162 8.65647
2455336.47166 9.80473
2455337.47171 8.13327
2455338.47175 11.45478
2455339.47180 10.34731
2455340.47184 9.41603
2455341.47189 11.41489
2455342.47194 12.44436
2455343.47198 11.35460
2455344.47203 10.76170
2455345.47207 13.94044
2455346.47212 13.67473
2455347.47216 11.15580
2455348.47221 14.09069
2455349.47226 13.83159
2455350.47230 15.82616
2455351.47235 13.83724
2455352.47239 15.53983
2455353.47244 16.35059
2455354.47248 15.43710
2455355.47253 15.72413
2455356.47257 13.21253
2455357.47262 16.43338
2455358.47267 15.07393
2455359.47271 13.62809
2455360.47276 15.89034
2455361.47280 15.10796
2455362.47285 11.87854
2455363.47289 11.84640
2455364.47294 8.17021
2455365.47299 11.12224
2455366.47303 9.30735
2455367.47308 8.85184
2455368.47312 11.06869
2455369.47317 9.88297
2455370.47321 10.48133
2455371.47326 12.25641
2455372.47330 10.37661
2455373.47335 10.38936
2455374.47340 11.28167
2455375.47344 12.36336
2455376.47349 14.63283
2455377.47353 13.27584
2455378.47358 13.83499
2455379.47362 13.43379
2455380.47367 15.11946
2455381.47372 12.02948
2455382.47376 13.44180
2455383.47381 14.87943
2455384.47385 14.30086
2455385.47390 16.73049
2455386.47394 16.65619
2455387.47399 16.87749
2455388.47403 16.15852
2455389.47408 15.70647
2455390.47413 16.47037
2455391.47417 13.34923
2455392.47422 13.84485
2455393.47426 15.36248
2455394.47431 14.70839
2455395.47435 12.67330
2455396.47440 12.57086
2455397.47445 13.93289
2455398.47449 13.46868
2455399.47454 12.63166
2455400.47458 12.49291
2455401.47463 11.38249
2455402.47467 10.42397
2455403.47472 12.81338
2455404.47476 11.59172
2455405.47481 10.65327
2455406.47486 11.58824
2455592.48334 14.84449
2455593.48339 14.95941
2455594.48344 15.39531
2455595.48348 20.83293
2455596.48353 18.03740
2455597.48357 19.58355
2455598.48362 18.40347
2455599.48366 20.51375
2455600.48371 17.84260
2455601.48375 16.19515
2455602.48380 19.70725
2455603.48385 21.12660
2455604.48389 21.46183
2455605.48394 17.28584
2455606.48398 15.09974
2455607.48403 20.62702
2455608.48407 19.17356
2455609.48412 19.85394
2455610.48417 20.52175
2455611.48421 17.01615
2455612.48426 16.36470
2455613.48430 15.68504
2455614.48435 19.10856
2455615.48439 15.85883
2455616.48444 16.38098
2455617.48448 16.85356
2455618.48453 17.18574
2455619.48458 11.63492
2455620.48462 13.23557
2455621.48467 12.83178
2455622.48471 15.99464
2455623.48476 15.52261
2455624.48480 12.66718
2455625.48485 14.16501
2455626.48490 17.49909
2455627.48494 13.36586
2455628.48499 17.98338
2455629.48503 16.01893
2455630.48508 19.37252
2455631.48512 16.70237
2455632.48517 11.62489
2455633.48521 21.30975
2455634.48526 19.02811
2455635.48531 19.65294
2455636.48535 19.78496
2455637.48540 21.88602
2455638.48544 20.62881
2455639.48549 18.56406
2455640.48553 22.47707
2455641.48558 19.71952
2455642.48563 17.75494
2455643.48567 20.92051
2455644.48572 21.51576
2455645.48576 16.55327
2455646.48581 21.23555
2455647.48585 17.73724
2455648.48590 16.34712
2455649.48595 16.50200
2455650.48599 16.30352
2455651.48604 18.97104
2455652.48608 16.94649
2455653.48613 16.10602
2455654.48617 13.09508
2455655.48622 16.21564
2455656.48626 15.62912
2455657.48631 14.44084
2455658.48636 14.68908
2455659.48640 14.44136
2455660.48645 13.81577
2455661.48649 15.95451
2455662.48654 16.37548
2455663.48658 18.42771
2455664.48663 14.67243
2455665.48668 14.87937
2455666.48672 14.78138
2455667.48677 20.04280
2455668.48681 17.22625
2455669.48686 19.26094
2455670.48690 18.08918
2455671.48695 21.14463
2455672.48699 20.02959
2455673.48704 22.54268
2455674.48709 19.55940
2455675.48713 22.51733
2455676.48718 18.74340
2455677.48722 19.39600
2455678.48727 21.47170
2455679.48731 18.68912
2455680.48736 19.65483
2455681.48741 18.77039
2455682.48745 21.32286
2455683.48750 18.80536
2455684.48754 17.49317
2455685.48759 17.00400
2455686.48763 17.98097
2455687.48768 14.96293
2455688.48772 15.41998
2455689.48777 14.35501
2455690.48782 16.02077
2455691.48786 16.18833
2455692.48791 13.99892
2455693.48795 14.91814
2455694.48800 13.17740
2455695.48804 16.29306
2455696.48809 13.87927
2455697.48814 12.19874
2455698.48818 14.71193
2455699.48823 12.98547
2455700.48827 14.32213
2455701.48832 16.99320
2455702.48836 14.72996
2455703.48841 17.04887
2455704.48845 16.42685
2455705.48850 18.85658
2455706.48855 18.99846
2455707.48859 20.05918
2455708.48864 18.82930
2455709.48868 19.20537
2455710.48873 19.70827
2455711.48877 22.00740
2455712.48882 21.46602
2455713.48887 22.40837
2455714.48891 21.51440
2455715.48896 21.79283
2455716.48900 21.52327
2455717.48905 16.72841
2455718.48909 22.33616
2455719.48914 20.16703
2455720.48918 20.49459
2455721.48923 17.36179
2455722.48928 15.72138
2455723.48932 15.85749
2455724.48937 15.50226
2455725.48941 16.36612
2455726.48946 15.74998
2455727.48950 15.07948
2455728.48955 12.67382
2455729.48960 14.18066
2455730.48964 13.10927
2455731.48969 14.21309
2455732.48973 12.05536
2455733.48978 17.26038
2455734.48982 13.74016
2455735.48987 16.35906
2455736.48992 17.91687
2455737.48996 16.87529
2455738.49001 16.19113
2455739.49005 18.48617
2455740.49010 17.45329
2455741.49014 16.18077
2455742.49019 18.68138
2455743.49023 25.21951
2455744.49028 17.39117
2455745.49033 20.05262
2455746.49037 19.83989
2455747.49042 17.46532
2455748.49046 22.53148
2455749.49051 24.29529
2455750.49055 23.56250
2455751.49060 22.82226
2455752.49065 17.79602
2455753.49069 20.38706
2455754.49074 16.51511
2455755.49078 18.20773
2455756.49083 17.06893
2455757.49087 16.78646
2455758.49092 16.65451
2455759.49096 18.95980
2455760.49101 15.95681
2455761.49106 16.22222
2455762.49110 15.93854
2455763.49115 14.69850
2455764.49119 13.75801
2455765.49124 14.02163
2455766.49128 15.28964
2455767.49133 15.64012
2455768.49138 14.98122
2455769.49142 13.72397
2455770.49147 17.02172
2455771.49151 19.59056
2455957.50000 17.52978
