2445000.00000 -3.97020
2445001.00005 -3.30291
2445002.00009 -1.77747
2445003.00014 1.42755
2445004.00018 4.84954
2445005.00023 9.28771
2445006.00027 10.07195
2445007.00032 10.73994
2445008.00037 6.29734
2445009.00041 3.73494
2445010.00046 -0.54703
2445011.00050 -3.29135
2445012.00055 -3.88925
2445013.00059 -2.50887
2445014.00064 0.14783
2445015.00068 4.18922
2445016.00073 6.80533
2445017.00078 12.78251
2445018.00082 8.57124
2445019.00087 7.50022
2445020.00091 5.12981
2445021.00096 0.92571
2445022.00100 -2.02488
2445023.00105 -3.76762
2445024.00110 -3.60479
2445025.00114 -1.01285
2445026.00119 2.53275
2445027.00123 6.28220
2445028.00128 6.78277
2445029.00132 9.85221
2445030.00137 8.19169
2445031.00141 6.40072
2445032.00146 3.09153
2445033.00151 -1.01300
2445034.00155 -3.69210
2445035.00160 -3.29073
2445036.00164 -2.00945
2445037.00169 1.09700
2445038.00173 5.13942
2445039.00178 6.98072
2445040.00183 9.00108
2445041.00187 9.43168
2445042.00192 7.23311
2445043.00196 4.80664
2445044.00201 0.58397
2445045.00205 -2.81695
2445046.00210 -3.50484
2445047.00214 -3.04730
2445048.00219 -0.30826
2445049.00224 3.48209
2445050.00228 7.22556
2445051.00233 7.89739
2445052.00237 11.47310
2445053.00242 7.89357
2445054.00246 6.60374
2445055.00251 2.08706
2445056.00256 -1.06011
2445057.00260 -3.00699
2445058.00265 -3.27665
2445059.00269 -1.40768
2445060.00274 1.79102
2445061.00278 4.99840
2445062.00283 7.04463
2445063.00287 10.22068
2445064.00292 9.51243
2445065.00297 7.08465
2445066.00301 4.07816
2445067.00306 0.05669
2445068.00310 -2.68031
2445069.00315 -3.24483
2445070.00319 -2.93135
2445071.00324 0.49801
2445072.00329 4.67187
2445073.00333 8.27067
2445074.00338 9.21602
2445075.00342 11.01135
2445076.00347 9.77641
2445077.00351 5.16072
2445078.00356 1.50439
2445079.00361 -1.65150
2445080.00365 -2.90914
2445081.00370 -3.10719
2445082.00374 -0.62600
2445083.00379 2.93530
2445084.00383 6.78495
2445085.00388 8.48093
2445086.00392 9.96345
2445087.00397 9.76109
2445088.00402 6.40652
2445089.00406 2.56421
2445090.00411 -0.42547
2445091.00415 -2.56145
2445092.00420 -3.46150
2445093.00424 -1.44409
2445094.00429 1.33979
2445095.00434 6.57119
2445096.00438 8.96735
2445097.00443 10.67114
2445098.00447 10.79314
2445099.00452 8.24987
2445100.00456 4.46111
2445101.00461 1.08003
2445102.00465 -1.62935
2445103.00470 -3.30622
2445104.00475 -2.37989
2445105.00479 0.06250
2445106.00484 3.88305
2445107.00488 8.67777
2445108.00493 10.21606
2445109.00497 10.04240
2445110.00502 9.67828
2445111.00507 6.45152
2445112.00511 2.42490
2445113.00516 -0.83573
2445114.00520 -2.74266
2445115.00525 -2.35155
2445116.00529 -1.27186
2445117.00534 2.10533
2445118.00538 5.84356
2445119.00543 8.91984
2445120.00548 9.51000
2445121.00552 9.78744
2445122.00557 9.47485
2445123.00561 3.94212
2445124.00566 0.56261
2445125.00570 -2.10955
2445126.00575 -3.16294
2445127.00580 -1.98306
2445128.00584 0.93972
2445129.00589 4.40699
2445130.00593 7.88753
2445131.00598 8.35709
2445132.00602 12.63605
2445133.00607 8.48292
2445134.00611 4.91727
2445135.00616 2.01687
2445136.00621 -1.19787
2445137.00625 -3.03910
2445138.00630 -2.24929
2445139.00634 -0.32602
2445140.00639 2.46690
2445141.00643 6.93018
2445142.00648 8.92147
2445143.00653 9.88328
2445144.00657 10.35541
2445145.00662 7.78894
2445146.00666 3.68879
2445147.00671 0.01573
2445148.00675 -2.70402
2445149.00680 -3.05431
2445150.00684 -1.36056
2445151.00689 2.02517
2445152.00694 5.28807
2445153.00698 6.93020
2445154.00703 10.34268
2445155.00707 10.53658
2445156.00712 8.60871
2445157.00716 4.75412
2445158.00721 1.32523
2445159.00726 -1.54568
2445160.00730 -2.38867
2445161.00735 -2.44360
2445162.00739 0.39012
2445163.00744 3.13540
2445164.00748 8.96532
2445165.00753 10.41133
2445166.00758 9.37878
2445167.00762 8.31925
2445168.00767 7.62465
2445169.00771 3.07932
2445170.00776 -0.50921
2445171.00780 -2.64273
2445172.00785 -2.66784
2445173.00789 -0.75851
2445174.00794 2.58286
2445175.00799 6.60104
2445176.00803 8.44243
2445177.00808 10.49760
2445178.00812 9.37778
2445179.00817 8.10521
2445366.01670 -1.86403
2445367.01675 0.08567
2445368.01679 3.76880
2445369.01684 6.61155
2445370.01688 9.27112
2445371.01693 9.83876
2445372.01698 13.30873
2445373.01702 8.65775
2445374.01707 5.21116
2445375.01711 0.87024
2445376.01716 -1.53174
2445377.01720 -2.69389
2445378.01725 -0.92642
2445379.01729 1.87397
2445380.01734 5.16209
2445381.01739 9.88258
2445382.01743 9.77698
2445383.01748 11.11696
2445384.01752 9.15379
2445385.01757 5.96361
2445386.01761 2.44399
2445387.01766 -0.89015
2445388.01771 -2.67435
2445389.01775 -1.73556
2445390.01780 0.61025
2445391.01784 4.75657
2445392.01789 9.22560
2445393.01793 12.20964
2445394.01798 10.75942
2445395.01803 11.30676
2445396.01807 7.29520
2445397.01812 3.38892
2445398.01816 0.21325
2445399.01821 -2.17958
2445400.01825 -2.13790
2445401.01830 -0.49637
2445402.01834 2.81196
2445403.01839 6.62914
2445404.01844 8.90337
2445405.01848 11.77047
2445406.01853 10.64377
2445407.01857 9.50454
2445408.01862 5.66383
2445409.01866 1.50969
2445410.01871 -1.25244
2445411.01876 -2.21398
2445412.01880 -1.38953
2445413.01885 1.34572
2445414.01889 5.75756
2445415.01894 8.55092
2445416.01898 9.34083
2445417.01903 11.56936
2445418.01907 8.91683
2445419.01912 6.79618
2445420.01917 2.77771
2445421.01921 -0.31637
2445422.01926 -1.83847
2445423.01930 -2.01597
2445424.01935 -0.02094
2445425.01939 3.11607
2445426.01944 7.37682
2445427.01949 9.57756
2445428.01953 12.62450
2445429.01958 11.03448
2445430.01962 8.22109
2445431.01967 4.91499
2445432.01971 0.79233
2445433.01976 -1.86387
2445434.01980 -2.55303
2445435.01985 -1.16686
2445436.01990 1.90590
2445437.01994 4.84870
2445438.01999 7.23570
2445439.02003 9.90643
2445440.02008 10.41613
2445441.02012 7.98416
2445442.02017 6.65959
2445443.02022 2.52075
2445444.02026 -0.88701
2445445.02031 -2.04720
2445446.02035 -1.87218
2445447.02040 0.50847
2445448.02044 3.60547
2445449.02049 7.02172
2445450.02053 11.10339
2445451.02058 9.93494
2445452.02063 10.84139
2445453.02067 7.91076
2445454.02072 3.86708
2445455.02076 0.22698
2445456.02081 -2.09424
2445457.02085 -2.57914
2445458.02090 -0.63502
2445459.02095 2.38554
2445460.02099 6.53165
2445461.02104 10.05302
2445462.02108 9.82008
2445463.02113 10.55724
2445464.02117 8.57253
2445465.02122 5.78894
2445466.02126 1.41995
2445467.02131 -1.49307
2445468.02136 -2.69261
2445469.02140 -1.70224
2445470.02145 0.79873
2445471.02149 4.50450
2445472.02154 7.95980
2445473.02158 10.06257
2445474.02163 11.41580
2445475.02168 8.20694
2445476.02172 7.36881
2445477.02177 3.28839
2445478.02181 -0.34603
2445479.02186 -2.51776
2445480.02190 -2.28712
2445481.02195 -0.22126
2445482.02200 3.23848
2445483.02204 7.29368
2445484.02209 9.63817
2445485.02213 10.30946
2445486.02218 9.20186
2445487.02222 8.46194
2445488.02227 3.69543
2445489.02231 0.79779
2445490.02236 -1.60487
2445491.02241 -2.66750
2445492.02245 -1.25543
2445493.02250 1.82110
2445494.02254 5.78895
2445495.02259 7.74821
2445496.02263 12.58761
2445497.02268 9.33422
2445498.02273 9.38246
2445499.02277 6.23985
2445500.02282 2.07764
2445501.02286 -1.06368
2445502.02291 -2.74591
2445503.02295 -1.84226
2445504.02300 0.34125
2445505.02304 3.20691
2445506.02309 6.96124
2445507.02314 10.60627
2445508.02318 11.00648
2445509.02323 11.26317
2445510.02327 7.27910
2445511.02332 3.41989
2445512.02336 0.07115
2445513.02341 -2.22654
2445514.02346 -2.66681
2445515.02350 -0.95125
2445516.02355 2.20285
2445517.02359 6.36897
2445518.02364 10.05937
2445519.02368 8.39036
2445520.02373 11.80247
2445521.02377 8.66184
2445522.02382 5.34396
2445523.02387 1.49946
2445524.02391 -1.31888
2445525.02396 -3.13642
2445526.02400 -1.82011
2445527.02405 0.75808
2445528.02409 4.59818
2445529.02414 7.56049
2445530.02419 10.76238
2445531.02423 10.60753
2445532.02428 8.10880
2445533.02432 6.41774
2445534.02437 2.70676
2445535.02441 -0.65891
2445536.02446 -3.11659
2445537.02450 -2.47710
2445538.02455 -0.45588
2445539.02460 2.40006
2445540.02464 6.18838
2445541.02469 8.77552
2445542.02473 10.97495
2445543.02478 10.05255
2445544.02482 6.76608
2445545.02487 3.31859
2445731.03336 -3.45956
2445732.03340 -1.52497
2445733.03345 2.40341
2445734.03349 6.12948
2445735.03354 9.43521
2445736.03359 9.44538
2445737.03363 8.47019
2445738.03368 6.53178
2445739.03372 2.44760
2445740.03377 -1.31578
2445741.03381 -3.55754
2445742.03386 -3.99448
2445743.03391 -2.84030
2445744.03395 0.57110
2445745.03400 4.38602
2445746.03404 7.16853
2445747.03409 9.84159
2445748.03413 8.62123
2445749.03418 6.97436
2445750.03422 3.87468
2445751.03427 0.08944
2445752.03432 -2.50035
2445753.03436 -4.47369
2445754.03441 -2.71253
2445755.03445 -0.98896
2445756.03450 3.33159
2445757.03454 5.98407
2445758.03459 8.67686
2445759.03464 7.52979
2445760.03468 8.46715
2445761.03473 4.61166
2445762.03477 1.59011
2445763.03482 -1.99888
2445764.03486 -4.16975
2445765.03491 -4.45891
2445766.03495 -2.46479
2445767.03500 0.87837
2445768.03505 4.74139
2445769.03509 7.42759
2445770.03514 8.43338
2445771.03518 9.13493
2445772.03523 6.04199
2445773.03527 3.24913
2445774.03532 -0.80373
2445775.03537 -3.81044
2445776.03541 -4.27185
2445777.03546 -3.04552
2445778.03550 -0.45066
2445779.03555 3.14736
2445780.03559 6.53589
2445781.03564 9.12433
2445782.03568 9.94160
2445783.03573 7.13573
2445784.03578 4.46735
2445785.03582 0.54562
2445786.03587 -2.65915
2445787.03591 -3.94949
2445788.03596 -4.23571
2445789.03600 -1.69332
2445790.03605 1.56197
2445791.03610 4.57387
2445792.03614 6.95324
2445793.03619 9.63077
2445794.03623 7.68027
2445795.03628 5.47652
2445796.03632 1.78744
2445797.03637 -1.52085
2445798.03642 -4.69716
2445799.03646 -4.30608
2445800.03651 -3.56024
2445801.03655 -0.08733
2445802.03660 3.85809
2445803.03664 8.33175
2445804.03669 9.47784
2445805.03673 9.14853
2445806.03678 8.32787
2445807.03683 3.43163
2445808.03687 -0.40553
2445809.03692 -3.51183
2445810.03696 -4.64655
2445811.03701 -4.39449
2445812.03705 -1.57532
2445813.03710 1.76861
2445814.03715 5.66238
2445815.03719 7.54616
2445816.03724 8.09591
2445817.03728 6.66090
2445818.03733 4.26144
2445819.03737 0.98392
2445820.03742 -2.20708
2445821.03746 -4.74657
2445822.03751 -3.94080
2445823.03756 -3.22704
2445824.03760 0.45924
2445825.03765 4.00584
2445826.03769 5.11934
2445827.03774 8.84690
2445828.03778 6.32905
2445829.03783 5.36132
2445830.03788 2.79737
2445831.03792 -1.09110
2445832.03797 -3.49750
2445833.03801 -5.54391
2445834.03806 -4.35387
2445835.03810 -1.22053
2445836.03815 2.24995
2445837.03819 4.79818
2445838.03824 8.51766
2445839.03829 9.08140
2445840.03833 6.52778
2445841.03838 3.21020
2445842.03842 0.03740
2445843.03847 -3.20086
2445844.03851 -4.80006
2445845.03856 -5.41171
2445846.03861 -2.40287
2445847.03865 0.99850
2445848.03870 4.19349
2445849.03874 7.67164
2445850.03879 7.86959
2445851.03883 7.52685
2445852.03888 4.74172
2445853.03892 1.36050
2445854.03897 -1.95070
2445855.03902 -4.54111
2445856.03906 -4.80547
2445857.03911 -3.54962
2445858.03915 -0.74225
2445859.03920 3.16903
2445860.03924 6.35636
2445861.03929 7.87283
2445862.03934 8.73013
2445863.03938 6.07078
2445864.03943 2.86689
2445865.03947 -0.82640
2445866.03952 -3.69251
2445867.03956 -5.48107
2445868.03961 -4.23535
2445869.03966 -2.36975
2445870.03970 1.47733
2445871.03975 4.29639
2445872.03979 7.78496
2445873.03984 9.35488
2445874.03988 9.15728
2445875.03993 4.52062
2445876.03997 0.51572
2445877.04002 -3.33433
2445878.04007 -5.48816
2445879.04011 -5.37125
2445880.04016 -3.50279
2445881.04020 -0.28283
2445882.04025 3.52082
2445883.04029 5.70758
2445884.04034 7.66729
2445885.04039 8.84112
2445886.04043 6.10615
2445887.04048 1.77561
2445888.04052 -1.67936
2445889.04057 -4.12591
2445890.04061 -5.95626
2445891.04066 -4.89984
2445892.04070 -1.75779
2445893.04075 2.13487
2445894.04080 6.01687
2445895.04084 8.14295
2445896.04089 6.90732
2445897.04093 7.19460
2445898.04098 3.04530
2445899.04102 -0.52680
2445900.04107 -3.95967
2445901.04112 -5.04134
2445902.04116 -5.65857
2445903.04121 -2.76765
2445904.04125 0.18744
2445905.04130 4.35255
2445906.04134 5.27928
2445907.04139 7.76288
2445908.04143 7.41013
2445909.04148 5.15024
2445910.04153 0.87413
2446096.05001 -7.16347
2446097.05006 -5.00826
2446098.05010 -1.43167
2446099.05015 2.31840
2446100.05020 5.16708
2446101.05024 6.26782
2446102.05029 4.65766
2446103.05033 1.83728
2446104.05038 -1.44808
2446105.05042 -5.79139
2446106.05047 -7.28464
2446107.05052 -8.19222
2446108.05056 -5.80511
2446109.05061 -3.25806
2446110.05065 0.75671
2446111.05070 4.13418
2446112.05074 4.33007
2446113.05079 4.94461
2446114.05084 3.17694
2446115.05088 -0.33767
2446116.05093 -4.42455
2446117.05097 -8.13118
2446118.05102 -9.16020
2446119.05106 -5.94952
2446120.05111 -3.87608
2446121.05115 -0.91262
2446122.05120 2.44854
2446123.05125 4.61963
2446124.05129 5.02606
2446125.05134 3.79406
2446126.05138 0.96318
2446127.05143 -3.10736
2446128.05147 -6.15437
2446129.05152 -8.74436
2446130.05157 -7.45314
2446131.05161 -5.90606
2446132.05166 -2.57918
2446133.05170 1.14262
2446134.05175 4.53242
2446135.05179 6.61531
2446136.05184 4.61989
2446137.05188 2.72180
2446138.05193 -1.40348
2446139.05198 -5.54800
2446140.05202 -7.60207
2446141.05207 -7.27240
2446142.05211 -6.28559
2446143.05216 -4.78035
2446144.05220 -0.40282
2446145.05225 3.10795
2446146.05230 5.51207
2446147.05234 4.79512
2446148.05239 3.34116
2446149.05243 0.10396
2446150.05248 -3.63473
2446151.05252 -7.43837
2446152.05257 -8.66452
2446153.05261 -7.92313
2446154.05266 -4.51689
2446155.05271 -2.11206
2446156.05275 1.46375
2446157.05280 4.22653
2446158.05284 5.16902
2446159.05289 3.20421
2446160.05293 1.47362
2446161.05298 -2.42406
2446162.05303 -5.15687
2446163.05307 -6.49669
2446164.05312 -9.00897
2446165.05316 -7.53463
2446166.05321 -3.59169
2446167.05325 0.05259
2446168.05330 3.60088
2446169.05334 6.76347
2446170.05339 5.46451
2446171.05344 2.48411
2446172.05348 -0.90579
2446173.05353 -4.71774
2446174.05357 -7.15589
2446175.05362 -8.76718
2446176.05366 -7.90918
2446177.05371 -4.63152
2446178.05376 -1.65325
2446179.05380 2.19787
2446180.05385 5.19790
2446181.05389 6.09865
2446182.05394 3.90680
2446183.05398 0.45088
2446184.05403 -3.30924
2446185.05408 -6.89071
2446186.05412 -8.13101
2446187.05417 -8.71182
2446188.05421 -6.68496
2446189.05426 -3.66819
2446190.05430 0.42392
2446191.05435 3.57360
2446192.05439 5.21065
2446193.05444 4.37183
2446194.05449 1.64740
2446195.05453 -1.73165
2446196.05458 -6.16143
2446197.05462 -8.63975
2446198.05467 -7.61892
2446199.05471 -8.53624
2446200.05476 -4.60140
2446201.05481 -1.25871
2446202.05485 2.26764
2446203.05490 4.92171
2446204.05494 4.46460
2446205.05499 2.89872
2446206.05503 -0.44264
2446207.05508 -4.34102
2446208.05512 -7.02993
2446209.05517 -8.80363
2446210.05522 -7.76410
2446211.05526 -5.29813
2446212.05531 -2.99458
2446213.05535 0.88906
2446214.05540 3.37286
2446215.05544 4.66219
2446216.05549 3.99715
2446217.05554 0.78351
2446218.05558 -2.84905
2446219.05563 -6.69360
2446220.05567 -11.50389
2446221.05572 -9.11895
2446222.05576 -7.75757
2446223.05581 -4.87158
2446224.05585 -0.63981
2446225.05590 2.84663
2446226.05595 4.09898
2446227.05599 4.32559
2446228.05604 2.18686
2446229.05608 -1.12840
2446230.05613 -5.83895
2446231.05617 -7.14867
2446232.05622 -7.64293
2446233.05627 -7.57058
2446234.05631 -6.83001
2446235.05636 -1.84441
2446236.05640 1.28276
2446237.05645 3.78632
2446238.05649 4.78404
2446239.05654 3.03236
2446240.05658 0.01669
2446241.05663 -4.08142
2446242.05668 -5.99016
2446243.05672 -7.81849
2446244.05677 -8.67601
2446245.05681 -6.91432
2446246.05686 -3.38209
2446247.05690 -0.10569
2446248.05695 2.78564
2446249.05700 4.80720
2446250.05704 3.57244
2446251.05709 1.04693
2446252.05713 -2.37325
2446253.05718 -6.42652
2446254.05722 -9.19115
2446255.05727 -9.26027
2446256.05731 -7.16960
2446257.05736 -6.13717
2446258.05741 -1.43937
2446259.05745 1.91202
2446260.05750 3.39406
2446261.05754 3.89174
2446262.05759 2.51450
2446263.05763 -0.86343
2446264.05768 -4.84304
2446265.05773 -7.11162
2446266.05777 -9.62177
2446267.05782 -7.74656
2446268.05786 -6.50927
2446269.05791 -3.37808
2446270.05795 0.34113
2446271.05800 2.88911
2446272.05805 3.99248
2446273.05809 3.64365
2446274.05814 0.43354
2446275.05818 -3.43514
2446461.06667 -10.49664
2446462.06672 -8.71208
2446463.06676 -4.23086
2446464.06681 -0.53396
2446465.06685 2.01724
2446466.06690 3.46127
2446467.06694 1.63345
2446468.06699 -1.64325
2446469.06703 -4.37234
2446470.06708 -8.10083
2446471.06713 -11.68296
2446472.06717 -10.37553
2446473.06722 -9.54949
2446474.06726 -5.05749
2446475.06731 -2.11652
2446476.06735 1.27491
2446477.06740 3.36107
2446478.06745 2.57559
2446479.06749 -0.10379
2446480.06754 -3.53797
2446481.06758 -7.73734
2446482.06763 -9.46525
2446483.06767 -10.09091
2446484.06772 -9.52549
2446485.06776 -7.27978
2446486.06781 -3.69944
2446487.06786 -0.03889
2446488.06790 1.99291
2446489.06795 2.74223
2446490.06799 0.97056
2446491.06804 -2.56799
2446492.06808 -5.99720
2446493.06813 -10.20874
2446494.06818 -10.37121
2446495.06822 -10.42203
2446496.06827 -9.03752
2446497.06831 -4.39759
2446498.06836 -1.50394
2446499.06840 1.41507
2446500.06845 2.63639
2446501.06850 1.65050
2446502.06854 -0.95962
2446503.06859 -3.83057
2446504.06863 -8.60572
2446505.06868 -9.87968
2446506.06872 -9.70056
2446507.06877 -10.11487
2446508.06881 -5.97007
2446509.06886 -2.98372
2446510.06891 0.49970
2446511.06895 2.99909
2446512.06900 2.10228
2446513.06904 0.34744
2446514.06909 -3.33076
2446515.06913 -7.07981
2446516.06918 -11.26234
2446517.06923 -11.20681
2446518.06927 -11.74776
2446519.06932 -9.32489
2446520.06936 -5.08948
2446521.06941 -0.77396
2446522.06945 1.47836
2446523.06950 2.36169
2446524.06954 1.24212
2446525.06959 -1.58054
2446526.06964 -5.49705
2446527.06968 -9.68906
2446528.06973 -12.19034
2446529.06977 -11.15926
2446530.06982 -9.48345
2446531.06986 -6.51026
2446532.06991 -2.27471
2446533.06996 1.02358
2446534.07000 2.59837
2446535.07005 1.96523
2446536.07009 -0.21305
2446537.07014 -4.28072
2446538.07018 -7.42355
2446539.07023 -11.14610
2446540.07027 -13.20190
2446541.07032 -10.95499
2446542.07037 -7.57586
2446543.07041 -4.07794
2446544.07046 -0.27328
2446545.07050 1.51251
2446546.07055 2.73953
2446547.07059 0.82572
2446548.07064 -2.40648
2446549.07069 -5.67108
2446550.07073 -9.48833
2446551.07078 -13.99372
2446552.07082 -9.41768
2446553.07087 -8.20522
2446554.07091 -5.08630
2446555.07096 -1.50328
2446556.07100 1.11325
2446557.07105 2.11853
2446558.07110 1.56100
2446559.07114 -0.88999
2446560.07119 -5.39844
2446561.07123 -8.39296
2446562.07128 -10.10188
2446563.07132 -12.68018
2446564.07137 -8.09309
2446565.07142 -7.72172
2446566.07146 -3.17679
2446567.07151 0.21055
2446568.07155 2.17597
2446569.07160 1.89818
2446570.07164 0.25452
2446571.07169 -3.34433
2446572.07173 -7.28510
2446573.07178 -11.86952
2446574.07183 -10.78759
2446575.07187 -9.25418
2446576.07192 -7.89483
2446577.07196 -3.79579
2446578.07201 -1.23190
2446579.07205 1.39488
2446580.07210 2.49256
2446581.07215 1.12738
2446582.07219 -1.74978
2446583.07224 -5.57029
2446584.07228 -7.21177
2446585.07233 -10.21640
2446586.07237 -10.63234
2446587.07242 -10.31149
2446588.07247 -6.37225
2446589.07251 -2.66514
2446590.07256 0.68464
2446591.07260 2.79588
2446592.07265 1.79423
2446593.07269 -0.32976
2446594.07274 -4.31654
2446595.07278 -7.73641
2446596.07283 -10.64803
2446597.07288 -11.80100
2446598.07292 -10.12604
2446599.07297 -8.12488
2446600.07301 -3.86355
2446601.07306 -0.54422
2446602.07310 2.14419
2446603.07315 2.70638
2446604.07320 0.82302
2446605.07324 -2.52548
2446606.07329 -6.58426
2446607.07333 -9.44078
2446608.07338 -10.92894
2446609.07342 -9.93505
2446610.07347 -10.57871
2446611.07351 -5.66956
2446612.07356 -1.73658
2446613.07361 1.20235
2446614.07365 2.34758
2446615.07370 1.44303
2446616.07374 -1.01036
2446617.07379 -4.50790
2446618.07383 -9.48687
2446619.07388 -10.13892
2446620.07393 -10.85578
2446621.07397 -10.43351
2446622.07402 -6.28132
2446623.07406 -3.17527
2446624.07411 0.06114
2446625.07415 2.28942
2446626.07420 1.85347
2446627.07424 0.19715
2446628.07429 -2.77135
2446629.07434 -5.60513
2446630.07438 -9.46473
2446631.07443 -12.04701
2446632.07447 -12.11501
2446633.07452 -7.47934
2446634.07456 -4.82908
2446635.07461 -1.05586
2446636.07466 1.46404
2446637.07470 2.34656
2446638.07475 1.36036
2446639.07479 -1.11052
2446640.07484 -5.62838
2446827.08337 -6.27575
2446828.08342 -3.77749
2446829.08346 -0.33017
2446830.08351 1.91775
2446831.08355 2.63945
2446832.08360 1.27907
2446833.08365 -1.70184
2446834.08369 -5.11708
2446835.08374 -10.28186
2446836.08378 -11.07595
2446837.08383 -10.97638
2446838.08387 -8.36910
2446839.08392 -5.41571
2446840.08396 -1.78389
2446841.08401 1.40952
2446842.08406 3.37226
2446843.08410 2.55385
2446844.08415 -0.33409
2446845.08419 -4.02530
2446846.08424 -7.35708
2446847.08428 -10.69642
2446848.08433 -8.32150
2446849.08438 -11.42407
2446850.08442 -7.54273
2446851.08447 -3.35155
2446852.08451 0.32962
2446853.08456 2.65300
2446854.08460 2.56850
2446855.08465 0.97921
2446856.08469 -2.05757
2446857.08474 -5.48643
2446858.08479 -8.94281
2446859.08483 -10.65780
2446860.08488 -10.44204
2446861.08492 -7.37077
2446862.08497 -4.72832
2446863.08501 -0.90263
2446864.08506 2.25045
2446865.08511 3.26704
2446866.08515 1.96149
2446867.08520 -0.87177
2446868.08524 -4.73046
2446869.08529 -7.19020
2446870.08533 -10.86938
2446871.08538 -9.73277
2446872.08542 -9.06077
2446873.08547 -5.59919
2446874.08552 -2.02404
2446875.08556 0.91083
2446876.08561 2.91725
2446877.08565 2.39800
2446878.08570 0.49701
2446879.08574 -3.27949
2446880.08579 -7.01553
2446881.08584 -10.47641
2446882.08588 -9.27221
2446883.08593 -9.73761
2446884.08597 -7.38705
2446885.08602 -3.58859
2446886.08606 -0.09866
2446887.08611 2.32262
2446888.08615 3.32526
2446889.08620 1.68062
2446890.08625 -1.40543
2446891.08629 -5.95047
2446892.08634 -9.04556
2446893.08638 -9.28164
2446894.08643 -10.66960
2446895.08647 -7.31288
2446896.08652 -5.99816
2446897.08657 -1.34987
2446898.08661 1.57212
2446899.08666 3.65569
2446900.08670 2.42922
2446901.08675 0.07707
2446902.08679 -3.83575
2446903.08684 -6.07194
2446904.08689 -11.09600
2446905.08693 -11.78159
2446906.08698 -9.09067
2446907.08702 -6.80623
2446908.08707 -2.58007
2446909.08711 0.63565
2446910.08716 2.87234
2446911.08720 3.01116
2446912.08725 1.48911
2446913.08730 -1.85782
2446914.08734 -6.04159
2446915.08739 -8.59749
2446916.08743 -10.91254
2446917.08748 -10.28013
2446918.08752 -7.77099
2446919.08757 -4.12335
2446920.08762 -0.63902
2446921.08766 2.35011
2446922.08771 3.10602
2446923.08775 2.29244
2446924.08780 -0.36890
2446925.08784 -4.33026
2446926.08789 -8.10465
2446927.08793 -9.27128
2446928.08798 -9.08223
2446929.08803 -8.36052
2446930.08807 -6.02864
2446931.08812 -2.05146
2446932.08816 1.38842
2446933.08821 3.01586
2446934.08825 2.58042
2446935.08830 0.87877
2446936.08835 -2.63556
2446937.08839 -6.80350
2446938.08844 -8.00413
2446939.08848 -9.33392
2446940.08853 -8.61212
2446941.08857 -7.45014
2446942.08862 -3.01630
2446943.08866 0.20704
2446944.08871 2.83819
2446945.08876 3.78953
2446946.08880 1.79044
2446947.08885 -0.94686
2446948.08889 -4.33646
2446949.08894 -8.36025
2446950.08898 -9.56337
2446951.08903 -11.28656
2446952.08908 -8.18410
2446953.08912 -4.00067
2446954.08917 -1.12652
2446955.08921 1.91331
2446956.08926 3.93774
2446957.08930 3.07812
2446958.08935 0.48404
2446959.08939 -3.43623
2446960.08944 -6.57736
2446961.08949 -9.50177
2446962.08953 -9.89519
2446963.08958 -9.51835
2446964.08962 -6.49758
2446965.08967 -2.09195
2446966.08971 0.86503
2446967.08976 3.32015
2446968.08981 3.28089
2446969.08985 1.74227
2446970.08990 -1.63407
2446971.08994 -6.29091
2446972.08999 -7.31624
2446973.09003 -9.89775
2446974.09008 -9.70775
2446975.09013 -7.13447
2446976.09017 -3.61259
2446977.09022 -0.26099
2446978.09026 2.61086
2446979.09031 4.10815
2446980.09035 2.98818
2446981.09040 0.07336
2446982.09044 -3.73228
2446983.09049 -6.84460
2446984.09054 -9.59329
2446985.09058 -9.12494
2446986.09063 -8.84628
2446987.09067 -5.02911
2446988.09072 -1.72445
2446989.09076 1.68357
2446990.09081 3.77366
2446991.09086 2.93344
2446992.09090 1.44209
2446993.09095 -2.01122
2446994.09099 -5.93885
2446995.09104 -8.15910
2446996.09108 -9.55668
2446997.09113 -8.29434
2446998.09117 -7.32953
2446999.09122 -2.88644
2447000.09127 0.62502
2447001.09131 2.57521
2447002.09136 3.61493
2447003.09140 2.43145
2447004.09145 -0.40155
2447005.09149 -4.42392
2447006.09154 -7.38400
2447192.10003 -4.00076
2447193.10007 -0.65333
2447194.10012 2.66332
2447195.10016 5.62228
2447196.10021 4.57004
2447197.10026 4.64209
2447198.10030 0.98594
2447199.10035 -3.01438
2447200.10039 -5.51753
2447201.10044 -6.44857
2447202.10048 -8.64224
2447203.10053 -5.69037
2447204.10057 -1.87619
2447205.10062 1.53527
2447206.10067 4.45413
2447207.10071 5.26850
2447208.10076 4.89224
2447209.10080 2.59393
2447210.10085 -1.13938
2447211.10089 -4.96331
2447212.10094 -7.99733
2447213.10099 -8.78989
2447214.10103 -6.36424
2447215.10108 -3.44417
2447216.10112 0.39118
2447217.10117 3.98740
2447218.10121 6.76814
2447219.10126 5.47478
2447220.10131 3.72924
2447221.10135 0.53721
2447222.10140 -2.80865
2447223.10144 -5.51051
2447224.10149 -6.49992
2447225.10153 -6.61960
2447226.10158 -4.61951
2447227.10162 -1.01970
2447228.10167 2.53497
2447229.10172 5.83497
2447230.10176 6.20393
2447231.10181 5.23948
2447232.10185 1.95273
2447233.10190 -1.45525
2447234.10194 -5.73608
2447235.10199 -6.52459
2447236.10204 -7.31042
2447237.10208 -5.96162
2447238.10213 -2.23332
2447239.10217 1.36258
2447240.10222 3.78437
2447241.10226 5.93501
2447242.10231 5.85088
2447243.10235 3.21826
2447244.10240 0.05692
2447245.10245 -4.15358
2447246.10249 -5.72792
2447247.10254 -7.01971
2447248.10258 -6.03474
2447249.10263 -3.48835
2447250.10267 -0.06625
2447251.10272 3.46515
2447252.10277 5.63676
2447253.10281 6.43053
2447254.10286 4.90273
2447255.10290 1.64001
2447256.10295 -1.84037
2447257.10299 -5.79066
2447258.10304 -7.02627
2447259.10308 -6.58457
2447260.10313 -5.71783
2447261.10318 -1.54525
2447262.10322 1.78527
2447263.10327 5.69175
2447264.10331 5.51897
2447265.10336 5.78210
2447266.10340 3.07101
2447267.10345 -0.47538
2447268.10350 -4.37848
2447269.10354 -6.83821
2447270.10359 -7.43334
2447271.10363 -6.12655
2447272.10368 -2.31850
2447273.10372 0.85459
2447274.10377 3.76275
2447275.10381 5.30312
2447276.10386 7.01878
2447277.10391 3.89021
2447278.10395 1.18277
2447279.10400 -2.75566
2447280.10404 -5.15254
2447281.10409 -6.26677
2447282.10413 -7.66644
2447283.10418 -4.45364
2447284.10423 -0.51329
2447285.10427 3.41137
2447286.10432 6.74916
2447287.10436 6.85167
2447288.10441 4.90757
2447289.10445 2.72719
2447290.10450 -0.91556
2447291.10455 -4.61625
2447292.10459 -6.93718
2447293.10464 -6.52689
2447294.10468 -4.80529
2447295.10473 -2.04911
2447296.10477 2.05269
2447297.10482 5.27016
2447298.10486 6.46906
2447299.10491 5.49600
2447300.10496 3.76023
2447301.10500 0.73110
2447302.10505 -3.15523
2447303.10509 -6.08361
2447304.10514 -7.44803
2447305.10518 -5.99740
2447306.10523 -3.20073
2447307.10528 0.49501
2447308.10532 3.96447
2447309.10537 6.91179
2447310.10541 7.33639
2447311.10546 4.62167
2447312.10550 1.93415
2447313.10555 -1.24061
2447314.10559 -4.87339
2447315.10564 -7.49070
2447316.10569 -5.69329
2447317.10573 -4.74947
2447318.10578 -0.89690
2447319.10582 2.87485
2447320.10587 4.18263
2447321.10591 7.56600
2447322.10596 5.27398
2447323.10601 4.35813
2447324.10605 0.30342
2447325.10610 -3.53351
2447326.10614 -4.97498
2447327.10619 -8.19169
2447328.10623 -4.51195
2447329.10628 -2.18977
2447330.10632 1.71624
2447331.10637 5.77662
2447332.10642 6.75896
2447333.10646 8.16212
2447334.10651 5.73760
2447335.10655 2.26266
2447336.10660 -1.69238
2447337.10664 -5.27253
2447338.10669 -6.36446
2447339.10674 -5.91229
2447340.10678 -3.34107
2447341.10683 0.06568
2447342.10687 4.10617
2447343.10692 7.06639
2447344.10696 8.45309
2447345.10701 6.69957
2447346.10705 3.03750
2447347.10710 -0.18635
2447348.10715 -4.22834
2447349.10719 -5.64979
2447350.10724 -6.05454
2447351.10728 -4.91517
2447352.10733 -1.31512
2447353.10737 2.35570
2447354.10742 5.23543
2447355.10747 8.33198
2447356.10751 7.36241
2447357.10756 3.80608
2447358.10760 1.27849
2447359.10765 -2.22724
2447360.10769 -4.85222
2447361.10774 -5.52575
2447362.10778 -5.95097
2447363.10783 -2.85686
2447364.10788 0.94802
2447365.10792 4.59244
2447366.10797 7.13017
2447367.10801 7.45129
2447368.10806 6.63123
2447369.10810 3.48636
2447370.10815 -0.74619
2447371.10820 -3.84192
2447557.11668 -0.17102
2447558.11673 3.21414
2447559.11677 7.25867
2447560.11682 11.37485
2447561.11687 9.09235
2447562.11691 7.57194
2447563.11696 4.70186
2447564.11700 0.83720
2447565.11705 -2.39330
2447566.11709 -4.21842
2447567.11714 -3.40849
2447568.11719 -1.28066
2447569.11723 2.13364
2447570.11728 6.41199
2447571.11732 8.64185
2447572.11737 10.40324
2447573.11741 8.79283
2447574.11746 5.83165
2447575.11750 2.40279
2447576.11755 -1.13478
2447577.11760 -3.37785
2447578.11764 -3.16161
2447579.11769 -2.69527
2447580.11773 0.59250
2447581.11778 4.47589
2447582.11782 7.02267
2447583.11787 10.82944
2447584.11792 9.69341
2447585.11796 8.30639
2447586.11801 4.49134
2447587.11805 0.27946
2447588.11810 -2.30511
2447589.11814 -3.75232
2447590.11819 -2.94475
2447591.11823 -0.63059
2447592.11828 2.98740
2447593.11833 7.37811
2447594.11837 9.36810
2447595.11842 8.00904
2447596.11846 7.99994
2447597.11851 5.82034
2447598.11855 2.02768
2447599.11860 -1.65836
2447600.11865 -3.48274
2447601.11869 -3.38798
2447602.11874 -1.43921
2447603.11878 1.54925
2447604.11883 5.09512
2447605.11887 7.39080
2447606.11892 9.44343
2447607.11897 9.14358
2447608.11901 7.42615
2447609.11906 3.02440
2447610.11910 -0.15975
2447611.11915 -3.20743
2447612.11919 -3.72083
2447613.11924 -2.39879
2447614.11928 0.27143
2447615.11933 3.84457
2447616.11938 7.96485
2447617.11942 9.08196
2447618.11947 10.33855
2447619.11951 8.84476
2447620.11956 5.26850
2447621.11960 1.30391
2447622.11965 -1.91501
2447623.11970 -4.06318
2447624.11974 -3.06010
2447625.11979 -0.91586
2447626.11983 2.32859
2447627.11988 7.18890
2447628.11992 10.29661
2447629.11997 8.93404
2447630.12001 8.65224
2447631.12006 7.70306
2447632.12011 2.93990
2447633.12015 -0.62828
2447634.12020 -2.66291
2447635.12024 -3.72826
2447636.12029 -1.97424
2447637.12033 1.05408
2447638.12038 5.03212
2447639.12043 8.96074
2447640.12047 10.60932
2447641.12052 9.22896
2447642.12056 8.01141
2447643.12061 4.32854
2447644.12065 0.73297
2447645.12070 -2.17363
2447646.12074 -3.96276
2447647.12079 -2.15822
2447648.12084 -0.22746
2447649.12088 3.05449
2447650.12093 7.72853
2447651.12097 10.29899
2447652.12102 9.04048
2447653.12106 7.34224
2447654.12111 6.54082
2447655.12116 2.72760
2447656.12120 -1.16854
2447657.12125 -3.30724
2447658.12129 -3.35003
2447659.12134 -1.29104
2447660.12138 1.73563
2447661.12143 5.79465
2447662.12147 8.51840
2447663.12152 8.58006
2447664.12157 9.23673
2447665.12161 6.29097
2447666.12166 3.54605
2447667.12170 0.26430
2447668.12175 -1.95150
2447669.12179 -3.50004
2447670.12184 -2.20055
2447671.12189 0.58604
2447672.12193 3.85593
2447673.12198 8.35591
2447674.12202 9.00939
2447675.12207 11.99381
2447676.12211 10.29083
2447677.12216 5.17487
2447678.12220 1.72166
2447679.12225 -1.53424
2447680.12230 -3.24205
2447681.12234 -2.77861
2447682.12239 -0.57901
2447683.12243 2.55850
2447684.12248 6.70122
2447685.12252 9.07937
2447686.12257 10.49171
2447687.12262 10.44840
2447688.12266 7.46073
2447689.12271 3.42406
2447690.12275 -0.16642
2447691.12280 -2.70515
2447692.12284 -2.88297
2447693.12289 -1.52144
2447694.12294 1.38637
2447695.12298 5.11167
2447696.12303 8.36975
2447697.12307 12.12911
2447698.12312 10.01802
2447699.12316 9.21056
2447700.12321 5.32258
2447701.12325 1.14841
2447702.12330 -1.82627
2447703.12335 -2.60201
2447704.12339 -2.68713
2447705.12344 0.10961
2447706.12348 3.43738
2447707.12353 8.40628
2447708.12357 10.71318
2447709.12362 9.62811
2447710.12367 11.02422
2447711.12371 7.39960
2447712.12376 3.07016
2447713.12380 -0.54090
2447714.12385 -2.68409
2447715.12389 -3.02193
2447716.12394 -0.97504
2447717.12398 2.30182
2447718.12403 6.19220
2447719.12408 7.33587
2447720.12412 12.43343
2447721.12417 10.59055
2447722.12421 8.10563
2447723.12426 4.32936
2447724.12430 0.86200
2447725.12435 -1.88671
2447726.12440 -3.14006
2447727.12444 -2.05749
2447728.12449 0.94278
2447729.12453 3.55271
2447730.12458 7.74688
2447731.12462 11.46893
2447732.12467 10.40888
2447733.12471 7.62966
2447734.12476 5.89348
2447735.12481 1.87130
2447736.12485 -1.01471
2447922.13334 1.81094
2447923.13339 6.06593
2447924.13343 8.41580
2447925.13348 10.57727
2447926.13352 10.95811
2447927.13357 9.38112
2447928.13361 5.50608
2447929.13366 2.65791
2447930.13370 -0.96009
2447931.13375 -2.23384
2447932.13380 -1.83721
2447933.13384 0.52422
2447934.13389 4.57100
2447935.13393 8.28007
2447936.13398 11.40600
2447937.13402 10.11443
2447938.13407 10.34050
2447939.13412 8.28132
2447940.13416 3.09161
2447941.13421 0.29196
2447942.13425 -1.99665
2447943.13430 -2.14192
2447944.13434 -0.55830
2447945.13439 2.70389
2447946.13443 6.04033
2447947.13448 9.99821
2447948.13453 11.72199
2447949.13457 9.39484
2447950.13462 10.06207
2447951.13466 5.08775
2447952.13471 1.77561
2447953.13475 -1.22585
2447954.13480 -2.87716
2447955.13485 -1.35059
2447956.13489 1.27317
2447957.13494 3.82134
2447958.13498 8.61579
2447959.13503 11.15780
2447960.13507 12.07404
2447961.13512 8.75075
2447962.13516 6.39968
2447963.13521 3.21166
2447964.13526 -0.23136
2447965.13530 -2.24628
2447966.13535 -1.94820
2447967.13539 -0.00827
2447968.13544 3.63699
2447969.13548 7.14278
2447970.13553 10.02449
2447971.13558 11.92236
2447972.13562 10.66330
2447973.13567 8.41165
2447974.13571 3.98939
2447975.13576 1.09174
2447976.13580 -1.55374
2447977.13585 -2.58615
2447978.13589 -1.02524
2447979.13594 1.96307
2447980.13599 5.37426
2447981.13603 9.01313
2447982.13608 10.32169
2447983.13612 10.13374
2447984.13617 9.59497
2447985.13621 5.52936
2447986.13626 2.38853
2447987.13631 -0.71067
2447988.13635 -2.39397
2447989.13640 -1.90306
2447990.13644 0.50275
2447991.13649 3.84061
2447992.13653 7.03236
2447993.13658 9.41096
2447994.13662 9.41829
2447995.13667 9.10728
2447996.13672 8.45176
2447997.13676 4.09491
2447998.13681 0.28681
2447999.13685 -1.77173
2448000.13690 -2.24405
2448001.13694 -0.76205
2448002.13699 2.61127
2448003.13704 5.86638
2448004.13708 8.12104
2448005.13713 11.00457
2448006.13717 9.40213
2448007.13722 8.31224
2448008.13726 5.69855
2448009.13731 1.64396
2448010.13736 -1.28360
2448011.13740 -2.47221
2448012.13745 -1.54976
2448013.13749 1.25846
2448014.13754 5.06738
2448015.13758 8.13179
2448016.13763 11.31901
2448017.13767 11.99159
2448018.13772 9.67884
2448019.13777 7.25413
2448020.13781 2.73532
2448021.13786 -0.26788
2448022.13790 -2.10408
2448023.13795 -2.17542
2448024.13799 -0.11693
2448025.13804 3.63865
2448026.13809 6.84989
2448027.13813 10.64880
2448028.13818 11.45440
2448029.13822 11.82819
2448030.13827 7.71109
2448031.13831 4.93926
2448032.13836 0.95509
2448033.13840 -1.76947
2448034.13845 -2.73412
2448035.13850 -1.23130
2448036.13854 1.67304
2448037.13859 5.90626
2448038.13863 9.44963
2448039.13868 12.41860
2448040.13872 10.37929
2448041.13877 10.78615
2448042.13882 5.57818
2448043.13886 2.02440
2448044.13891 -0.78954
2448045.13895 -2.82848
2448046.13900 -1.78832
2448047.13904 0.35329
2448048.13909 3.95133
2448049.13913 8.40044
2448050.13918 9.74373
2448051.13923 10.65790
2448052.13927 10.57536
2448053.13932 6.70415
2448054.13936 3.63426
2448055.13941 0.26168
2448056.13945 -1.62686
2448057.13950 -2.70323
2448058.13955 -0.85850
2448059.13959 2.12876
2448060.13964 6.83938
2448061.13968 8.73478
2448062.13973 10.91497
2448063.13977 11.34644
2448064.13982 9.38798
2448065.13986 5.90675
2448066.13991 1.30069
2448067.13996 -1.35006
2448068.14000 -2.30320
2448069.14005 -1.62819
2448070.14009 0.89507
2448071.14014 3.41521
2448072.14018 8.92872
2448073.14023 10.60450
2448074.14028 13.15228
2448075.14032 9.62753
2448076.14037 6.94325
2448077.14041 2.70633
2448078.14046 -0.48845
2448079.14050 -2.44309
2448080.14055 -2.51496
2448081.14060 -0.36848
2448082.14064 3.10861
2448083.14069 6.53585
2448084.14073 9.44901
2448085.14078 11.44046
2448086.14082 9.23394
2448087.14087 6.43276
2448088.14091 4.06846
2448089.14096 0.77623
2448090.14101 -1.88145
2448091.14105 -2.77794
2448092.14110 -1.08558
2448093.14114 1.41100
2448094.14119 5.18637
2448095.14123 9.70356
2448096.14128 9.31509
2448097.14133 10.76707
2448098.14137 9.71921
2448099.14142 6.72919
2448100.14146 2.14111
2448101.14151 -1.09683
2448288.15004 4.42546
2448289.15009 7.89804
2448290.15013 9.18659
2448291.15018 10.35273
2448292.15022 7.88573
2448293.15027 4.44122
2448294.15031 0.48272
2448295.15036 -2.46157
2448296.15041 -4.28993
2448297.15045 -3.47322
2448298.15050 -0.72995
2448299.15054 2.53976
2448300.15059 6.05673
2448301.15063 9.95711
2448302.15068 9.65809
2448303.15073 7.41248
2448304.15077 5.87078
2448305.15082 1.59586
2448306.15086 -1.62765
2448307.15091 -3.35979
2448308.15095 -3.49160
2448309.15100 -2.35641
2448310.15104 1.26008
2448311.15109 5.65591
2448312.15114 8.78402
2448313.15118 8.51818
2448314.15123 10.31666
2448315.15127 6.97070
2448316.15132 3.54472
2448317.15136 -0.43542
2448318.15141 -3.01250
2448319.15146 -4.36984
2448320.15150 -2.59418
2448321.15155 -0.23550
2448322.15159 3.37279
2448323.15164 5.80036
2448324.15168 8.22044
2448325.15173 10.59233
2448326.15178 6.89143
2448327.15182 4.58049
2448328.15187 0.77722
2448329.15191 -2.35551
2448330.15196 -4.03754
2448331.15200 -4.39617
2448332.15205 -1.47040
2448333.15209 1.60514
2448334.15214 4.65557
2448335.15219 8.36327
2448336.15223 8.67419
2448337.15228 8.41596
2448338.15232 6.58760
2448339.15237 2.11224
2448340.15241 -1.43324
2448341.15246 -3.46555
2448342.15251 -4.97517
2448343.15255 -2.47418
2448344.15260 0.21480
2448345.15264 3.78644
2448346.15269 6.07669
2448347.15273 7.31511
2448348.15278 8.00573
2448349.15282 6.98032
2448350.15287 3.62370
2448351.15292 -0.02229
2448352.15296 -3.17538
2448353.15301 -5.17844
2448354.15305 -3.31433
2448355.15310 -1.14671
2448356.15314 2.33959
2448357.15319 5.74439
2448358.15324 7.51882
2448359.15328 9.34304
2448360.15333 6.67844
2448361.15337 5.70117
2448362.15342 1.38666
2448363.15346 -1.93329
2448364.15351 -5.15556
2448365.15355 -4.18651
2448366.15360 -2.65421
2448367.15365 0.77211
2448368.15369 5.02949
2448369.15374 7.97353
2448370.15378 10.02141
2448371.15383 7.93082
2448372.15387 6.44129
2448373.15392 2.97396
2448374.15397 -0.89826
2448375.15401 -3.64190
2448376.15406 -5.07639
2448377.15410 -3.70083
2448378.15415 -0.97962
2448379.15419 3.07078
2448380.15424 7.10537
2448381.15428 8.50464
2448382.15433 8.46114
2448383.15438 6.93212
2448384.15442 3.85215
2448385.15447 0.41396
2448386.15451 -2.70399
2448387.15456 -4.96414
2448388.15460 -4.11401
2448389.15465 -2.44903
2448390.15470 1.31117
2448391.15474 5.06850
2448392.15479 8.11533
2448393.15483 9.21488
2448394.15488 7.86272
2448395.15492 5.02668
2448396.15497 1.88420
2448397.15502 -1.63147
2448398.15506 -3.62882
2448399.15511 -4.73680
2448400.15515 -3.23815
2448401.15520 -0.37514
2448402.15524 3.44873
2448403.15529 6.18914
2448404.15533 8.34415
2448405.15538 9.79955
2448406.15543 5.87143
2448407.15547 3.10054
2448408.15552 -0.43098
2448409.15556 -3.46239
2448410.15561 -5.01964
2448411.15565 -4.09862
2448412.15570 -1.86294
2448413.15575 1.90341
2448414.15579 5.26499
2448415.15584 8.19881
2448416.15588 8.48291
2448417.15593 7.18572
2448418.15597 4.48259
2448419.15602 0.88072
2448420.15606 -2.42465
2448421.15611 -4.70457
2448422.15616 -4.84258
2448423.15620 -3.09249
2448424.15625 0.07227
2448425.15629 4.17643
2448426.15634 5.54898
2448427.15638 7.40825
2448428.15643 7.60505
2448429.15648 6.04041
2448430.15652 2.42197
2448431.15657 -1.26937
2448432.15661 -4.57046
2448433.15666 -4.90802
2448434.15670 -4.00847
2448435.15675 -1.39066
2448436.15679 2.40082
2448437.15684 5.94784
2448438.15689 8.06776
2448439.15693 7.31007
2448440.15698 6.87369
2448441.15702 3.14617
2448442.15707 -0.06925
2448443.15711 -3.34511
2448444.15716 -5.77715
2448445.15721 -5.15996
2448446.15725 -3.04268
2448447.15730 0.63817
2448448.15734 3.73652
2448449.15739 7.29035
2448450.15743 6.13811
2448451.15748 6.52152
2448452.15752 5.05192
2448453.15757 1.40062
2448454.15762 -1.97115
2448455.15766 -5.30005
2448456.15771 -4.97697
2448457.15775 -3.80536
2448458.15780 -0.94063
2448459.15784 2.59193
2448460.15789 6.62359
2448461.15794 8.66108
2448462.15798 7.69160
2448463.15803 5.23123
2448464.15807 2.90738
2448465.15812 -0.85796
2448466.15816 -4.25886
2448467.15821 -6.45924
2448653.16670 1.08771
2448654.16674 4.15451
2448655.16679 6.75076
2448656.16683 5.77335
2448657.16688 4.13865
2448658.16693 0.08290
2448659.16697 -3.49272
2448660.16702 -6.25672
2448661.16706 -7.68604
2448662.16711 -7.36943
2448663.16715 -4.61547
2448664.16720 -0.55827
2448665.16724 2.79946
2448666.16729 5.61283
2448667.16734 6.20096
2448668.16738 4.97043
2448669.16743 1.63671
2448670.16747 -2.71802
2448671.16752 -6.15083
2448672.16756 -7.67805
2448673.16761 -7.81752
2448674.16766 -5.70095
2448675.16770 -2.06811
2448676.16775 1.81700
2448677.16779 5.33712
2448678.16784 6.07570
2448679.16788 4.24898
2448680.16793 2.48237
2448681.16797 -0.73543
2448682.16802 -5.59191
2448683.16807 -6.95331
2448684.16811 -8.31517
2448685.16816 -6.51895
2448686.16820 -3.12971
2448687.16825 -0.07060
2448688.16829 3.96743
2448689.16834 5.09021
2448690.16839 4.40341
2448691.16843 3.66261
2448692.16848 0.51234
2448693.16852 -2.97658
2448694.16857 -5.80501
2448695.16861 -7.74162
2448696.16866 -7.14595
2448697.16870 -5.40901
2448698.16875 -1.55572
2448699.16880 1.87436
2448700.16884 5.26023
2448701.16889 5.57898
2448702.16893 4.43662
2448703.16898 1.94166
2448704.16902 -1.90183
2448705.16907 -5.10996
2448706.16912 -8.26880
2448707.16916 -8.87638
2448708.16921 -5.81538
2448709.16925 -3.54108
2448710.16930 0.38898
2448711.16934 3.81808
2448712.16939 5.89092
2448713.16944 5.02980
2448714.16948 2.46649
2448715.16953 -0.45006
2448716.16957 -3.95188
2448717.16962 -7.13550
2448718.16966 -8.66271
2448719.16971 -6.89274
2448720.16975 -4.48766
2448721.16980 -1.23498
2448722.16985 2.51133
2448723.16989 5.22397
2448724.16994 4.85092
2448725.16998 3.81383
2448726.17003 0.80019
2448727.17007 -3.31389
2448728.17012 -6.45820
2448729.17017 -7.94237
2448730.17021 -8.20253
2448731.17026 -6.30869
2448732.17030 -2.59070
2448733.17035 0.69458
2448734.17039 4.06867
2448735.17044 4.80302
2448736.17048 5.03440
2448737.17053 1.88282
2448738.17058 -1.43431
2448739.17062 -5.38475
2448740.17067 -7.45142
2448741.17071 -8.91643
2448742.17076 -7.52660
2448743.17080 -4.20426
2448744.17085 -0.87270
2448745.17090 2.69273
2448746.17094 4.60939
2448747.17099 4.81691
2448748.17103 3.23327
2448749.17108 -0.03246
2448750.17112 -3.59583
2448751.17117 -6.48516
2448752.17121 -8.75864
2448753.17126 -8.21051
2448754.17131 -6.21218
2448755.17135 -2.43424
2448756.17140 1.00270
2448757.17144 4.08240
2448758.17149 5.33975
2448759.17153 4.34558
2448760.17158 1.24811
2448761.17163 -2.29308
2448762.17167 -4.62790
2448763.17172 -8.10537
2448764.17176 -9.08041
2448765.17181 -6.82046
2448766.17185 -3.64957
2448767.17190 -0.23268
2448768.17194 2.97321
2448769.17199 5.05235
2448770.17204 5.32743
2448771.17208 2.53500
2448772.17213 -0.90980
2448773.17217 -3.54852
2448774.17222 -7.29332
2448775.17226 -8.77857
2448776.17231 -8.58492
2448777.17236 -5.35697
2448778.17240 -1.81546
2448779.17245 2.03244
2448780.17249 4.82189
2448781.17254 6.13782
2448782.17258 3.04967
2448783.17263 0.33083
2448784.17268 -3.33638
2448785.17272 -7.22745
2448786.17277 -8.72283
2448787.17281 -8.66187
2448788.17286 -6.03383
2448789.17290 -3.09049
2448790.17295 0.18118
2448791.17299 3.34010
2448792.17304 4.48856
2448793.17309 4.02094
2448794.17313 1.65171
2448795.17318 -1.85232
2448796.17322 -5.39715
2448797.17327 -7.83296
2448798.17331 -9.34293
2448799.17336 -8.61986
2448800.17341 -5.70310
2448801.17345 -1.22925
2448802.17350 2.20131
2448803.17354 4.49475
2448804.17359 4.71608
2448805.17363 2.63773
2448806.17368 -0.55126
2448807.17372 -4.29650
2448808.17377 -6.77485
2448809.17382 -8.88625
2448810.17386 -8.38334
2448811.17391 -6.44356
2448812.17395 -3.11088
2448813.17400 0.60183
2448814.17404 2.59301
2448815.17409 4.90497
2448816.17414 3.38003
2448817.17418 0.73741
2448818.17423 -3.03820
2448819.17427 -6.31726
2448820.17432 -9.82672
2448821.17436 -10.80150
2448822.17441 -7.74577
2448823.17445 -4.64770
2448824.17450 -0.79430
2448825.17455 2.30772
2448826.17459 5.09278
2448827.17464 3.63859
2448828.17468 1.83634
2448829.17473 -1.27928
2448830.17477 -5.23849
2448831.17482 -7.05157
2448832.17487 -8.17388
2449018.18335 -1.79032
2449019.18340 1.19331
2449020.18344 3.06844
2449021.18349 2.08770
2449022.18354 0.09391
2449023.18358 -3.35219
2449024.18363 -6.63985
2449025.18367 -10.02186
2449026.18372 -10.72767
2449027.18376 -9.48669
2449028.18381 -7.22820
2449029.18386 -3.53467
2449030.18390 0.10214
2449031.18395 2.68265
2449032.18399 3.00232
2449033.18404 0.96444
2449034.18408 -2.08791
2449035.18413 -6.22160
2449036.18417 -9.05656
2449037.18422 -10.15300
2449038.18427 -8.06380
2449039.18431 -7.25855
2449040.18436 -4.65156
2449041.18440 -1.44814
2449042.18445 1.48448
2449043.18449 2.88348
2449044.18454 1.93175
2449045.18459 -0.62181
2449046.18463 -3.86070
2449047.18468 -8.24029
2449048.18472 -10.30609
2449049.18477 -11.47921
2449050.18481 -9.33656
2449051.18486 -6.13361
2449052.18490 -3.09577
2449053.18495 0.43491
2449054.18500 2.81985
2449055.18504 2.64151
2449056.18509 0.53174
2449057.18513 -2.91551
2449058.18518 -5.47126
2449059.18522 -8.25499
2449060.18527 -11.39628
2449061.18532 -11.39045
2449062.18536 -7.20684
2449063.18541 -5.03010
2449064.18545 -0.79144
2449065.18550 1.75871
2449066.18554 2.62094
2449067.18559 1.52748
2449068.18563 -1.59180
2449069.18568 -5.57084
2449070.18573 -8.96871
2449071.18577 -8.72318
2449072.18582 -10.58350
2449073.18586 -9.31053
2449074.18591 -5.64516
2449075.18595 -2.53048
2449076.18600 0.94680
2449077.18605 2.73691
2449078.18609 1.92006
2449079.18614 -0.10518
2449080.18618 -3.93957
2449081.18623 -7.08734
2449082.18627 -9.63470
2449083.18632 -11.33078
2449084.18636 -10.39282
2449085.18641 -7.20077
2449086.18646 -3.32400
2449087.18650 -0.19011
2449088.18655 2.13377
2449089.18659 2.37646
2449090.18664 0.96257
2449091.18668 -2.29438
2449092.18673 -6.84585
2449093.18678 -9.99320
2449094.18682 -9.66745
2449095.18687 -10.90714
2449096.18691 -8.59748
2449097.18696 -4.18263
2449098.18700 -1.38568
2449099.18705 1.42040
2449100.18710 2.44658
2449101.18714 1.81720
2449102.18719 -0.72514
2449103.18723 -4.23061
2449104.18728 -7.64996
2449105.18732 -10.51530
2449106.18737 -8.87495
2449107.18741 -11.15504
2449108.18746 -6.62579
2449109.18751 -2.51800
2449110.18755 0.27224
2449111.18760 2.53815
2449112.18764 2.08869
2449113.18769 0.31212
2449114.18773 -3.25532
2449115.18778 -7.28354
2449116.18783 -9.52479
2449117.18787 -8.67275
2449118.18792 -10.45216
2449119.18796 -6.73013
2449120.18801 -5.65322
2449121.18805 -0.88638
2449122.18810 1.79105
2449123.18814 2.21413
2449124.18819 1.41734
2449125.18824 -1.59911
2449126.18828 -5.45447
2449127.18833 -9.73404
2449128.18837 -11.86864
2449129.18842 -12.32161
2449130.18846 -9.84478
2449131.18851 -6.11650
2449132.18856 -2.25497
2449133.18860 0.76211
2449134.18865 2.05220
2449135.18869 2.07123
2449136.18874 -0.25225
2449137.18878 -3.32972
2449138.18883 -7.16662
2449139.18887 -9.66318
2449140.18892 -10.48722
2449141.18897 -11.95474
2449142.18901 -7.43902
2449143.18906 -4.06088
2449144.18910 -0.43588
2449145.18915 1.56554
2449146.18919 2.75338
2449147.18924 0.81500
2449148.18929 -2.01024
2449149.18933 -7.00493
2449150.18938 -9.12638
2449151.18942 -9.93509
2449152.18947 -10.45178
2449153.18951 -7.99125
2449154.18956 -5.10863
2449155.18960 -1.98267
2449156.18965 1.20310
2449157.18970 2.43632
2449158.18974 1.55252
2449159.18979 -1.00095
2449160.18983 -4.74661
2449161.18988 -7.96185
2449162.18992 -11.80962
2449163.18997 -12.33764
2449164.19002 -9.63532
2449165.19006 -6.81708
2449166.19011 -3.54166
2449167.19015 0.08959
2449168.19020 2.23751
2449169.19024 2.54738
2449170.19029 0.26663
2449171.19033 -2.53973
2449172.19038 -7.81081
2449173.19043 -7.20568
2449174.19047 -11.33136
2449175.19052 -12.02873
2449176.19056 -9.83629
2449177.19061 -4.79895
2449178.19065 -1.15680
2449179.19070 1.45125
2449180.19075 2.44863
2449181.19079 1.32632
2449182.19084 -1.75891
2449183.19088 -5.92512
2449184.19093 -9.41840
2449185.19097 -10.50183
2449186.19102 -11.78623
2449187.19107 -8.24663
2449188.19111 -6.36491
2449189.19116 -2.51940
2449190.19120 0.43928
2449191.19125 2.05191
2449192.19129 1.99523
2449193.19134 -0.30873
2449194.19138 -4.34442
2449195.19143 -6.96093
2449196.19148 -10.90952
2449197.19152 -11.78768
2449383.20001 -1.78624
2449384.20005 1.19289
2449385.20010 2.26331
2449386.20015 1.99865
2449387.20019 -0.42674
2449388.20024 -4.43955
2449389.20028 -7.01932
2449390.20033 -9.15216
2449391.20037 -11.74118
2449392.20042 -10.40283
2449393.20047 -6.03817
2449394.20051 -3.32534
2449395.20056 0.18195
2449396.20060 2.82214
2449397.20065 2.48534
2449398.20069 0.82014
2449399.20074 -2.16706
2449400.20078 -5.69645
2449401.20083 -10.33813
2449402.20088 -11.61436
2449403.20092 -11.04715
2449404.20097 -7.85958
2449405.20101 -4.49508
2449406.20106 -1.06789
2449407.20110 1.77061
2449408.20115 2.72055
2449409.20120 1.72438
2449410.20124 -1.09174
2449411.20129 -4.41725
2449412.20133 -8.16214
2449413.20138 -10.17863
2449414.20142 -8.74431
2449415.20147 -8.77406
2449416.20152 -6.43569
2449417.20156 -2.66561
2449418.20161 0.85924
2449419.20165 2.65009
2449420.20170 2.74352
2449421.20174 0.39611
2449422.20179 -2.73699
2449423.20183 -7.20711
2449424.20188 -8.56541
2449425.20193 -11.26574
2449426.20197 -9.14829
2449427.20202 -6.72358
2449428.20206 -3.38248
2449429.20211 -0.34736
2449430.20215 1.92459
2449431.20220 2.53289
2449432.20225 1.38726
2449433.20229 -1.59488
2449434.20234 -4.52039
2449435.20238 -7.63576
2449436.20243 -11.06547
2449437.20247 -10.71797
2449438.20252 -7.31406
2449439.20256 -5.63487
2449440.20261 -1.59734
2449441.20266 1.22218
2449442.20270 2.85330
2449443.20275 2.41040
2449444.20279 -0.10059
2449445.20284 -3.41347
2449446.20288 -7.65017
2449447.20293 -9.74416
2449448.20298 -10.16707
2449449.20302 -9.83075
2449450.20307 -6.27078
2449451.20311 -3.16702
2449452.20316 0.45212
2449453.20320 2.53761
2449454.20325 2.40488
2449455.20329 1.21188
2449456.20334 -1.92250
2449457.20339 -5.19755
2449458.20343 -9.03364
2449459.20348 -10.04681
2449460.20352 -10.21780
2449461.20357 -8.43887
2449462.20361 -5.08077
2449463.20366 -0.76511
2449464.20371 1.84950
2449465.20375 3.16570
2449466.20380 2.04537
2449467.20384 -0.52944
2449468.20389 -4.48224
2449469.20393 -7.26093
2449470.20398 -10.41455
2449471.20402 -9.29258
2449472.20407 -9.82139
2449473.20412 -5.05608
2449474.20416 -2.36244
2449475.20421 1.10291
2449476.20425 2.86801
2449477.20430 2.42574
2449478.20434 0.50678
2449479.20439 -2.76055
2449480.20444 -7.32162
2449481.20448 -10.63862
2449482.20453 -8.39637
2449483.20457 -9.80550
2449484.20462 -8.38817
2449485.20466 -3.41959
2449486.20471 -0.05050
2449487.20475 2.38608
2449488.20480 3.21131
2449489.20485 1.87208
2449490.20489 -0.94517
2449491.20494 -4.78169
2449492.20498 -8.72992
2449493.20503 -11.96653
2449494.20507 -9.97767
2449495.20512 -8.33302
2449496.20517 -5.53324
2449497.20521 -1.15901
2449498.20526 1.51071
2449499.20530 2.74596
2449500.20535 2.66041
2449501.20539 0.33513
2449502.20544 -2.64119
2449503.20549 -6.36029
2449504.20553 -9.42790
2449505.20558 -9.48376
2449506.20562 -8.84258
2449507.20567 -6.62683
2449508.20571 -2.31347
2449509.20576 0.62327
2449510.20580 2.69987
2449511.20585 3.37588
2449512.20590 1.35511
2449513.20594 -1.76679
2449514.20599 -5.77386
2449515.20603 -10.45541
2449516.20608 -11.38729
2449517.20612 -9.77257
2449518.20617 -8.27627
2449519.20622 -4.01850
2449520.20626 -0.49079
2449521.20631 2.28407
2449522.20635 3.02288
2449523.20640 2.40960
2449524.20644 -0.15321
2449525.20649 -3.79947
2449526.20653 -8.64078
2449527.20658 -8.74526
2449528.20663 -9.21229
2449529.20667 -8.69452
2449530.20672 -5.73956
2449531.20676 -2.00091
2449532.20681 1.39239
2449533.20685 3.03122
2449534.20690 2.67124
2449535.20695 1.06265
2449536.20699 -2.28111
2449537.20704 -5.86036
2449538.20708 -7.58282
2449539.20713 -11.93802
2449540.20717 -9.70851
2449541.20722 -7.69540
2449542.20726 -2.84009
2449543.20731 0.29820
2449544.20736 2.55747
2449545.20740 3.72665
2449546.20745 2.46750
2449547.20749 -0.57418
2449548.20754 -4.07488
2449549.20758 -6.43195
2449550.20763 -10.42473
2449551.20768 -7.22640
2449552.20772 -6.47527
2449553.20777 -4.43820
2449554.20781 -1.13190
2449555.20786 1.72776
2449556.20790 3.10557
2449557.20795 3.64505
2449558.20799 0.75251
2449559.20804 -2.81559
2449560.20809 -7.20450
2449561.20813 -9.03736
2449562.20818 -9.65736
2449749.21671 4.72006
2449750.21676 5.08035
2449751.21680 3.92491
2449752.21685 1.67137
2449753.21689 -1.37864
2449754.21694 -5.23391
2449755.21698 -8.26995
2449756.21703 -7.56363
2449757.21708 -6.26894
2449758.21712 -3.31880
2449759.21717 -0.05862
2449760.21721 3.35004
2449761.21726 5.84894
2449762.21730 5.51405
2449763.21735 4.05651
2449764.21740 0.18554
2449765.21744 -3.79267
2449766.21749 -5.78652
2449767.21753 -7.56930
2449768.21758 -7.93694
2449769.21762 -4.30842
2449770.21767 -1.55034
2449771.21771 2.14344
2449772.21776 3.91216
2449773.21781 6.46659
2449774.21785 4.88741
2449775.21790 1.88248
2449776.21794 -1.93645
2449777.21799 -5.03940
2449778.21803 -6.96650
2449779.21808 -7.00689
2449780.21813 -6.31574
2449781.21817 -2.86785
2449782.21822 0.76460
2449783.21826 4.50601
2449784.21831 5.51529
2449785.21835 4.90282
2449786.21840 2.99801
2449787.21844 -0.32103
2449788.21849 -4.15861
2449789.21854 -6.87249
2449790.21858 -6.90371
2449791.21863 -7.90557
2449792.21867 -3.89671
2449793.21872 -0.46441
2449794.21876 3.36332
2449795.21881 5.21063
2449796.21886 5.71928
2449797.21890 3.86615
2449798.21895 1.34017
2449799.21899 -2.23321
2449800.21904 -5.37743
2449801.21908 -6.99399
2449802.21913 -7.34245
2449803.21917 -5.87883
2449804.21922 -2.17397
2449805.21927 1.62829
2449806.21931 4.93339
2449807.21936 5.44876
2449808.21940 5.94467
2449809.21945 2.67621
2449810.21949 -0.64348
2449811.21954 -5.32733
2449812.21959 -7.42377
2449813.21963 -8.92208
2449814.21968 -6.07883
2449815.21972 -3.46481
2449816.21977 0.40660
2449817.21981 4.14562
2449818.21986 6.12021
2449819.21991 6.79799
2449820.21995 3.25648
2449821.22000 0.83108
2449822.22004 -2.29378
2449823.22009 -4.40726
2449824.22013 -6.43040
2449825.22018 -6.57977
2449826.22022 -3.92828
2449827.22027 -0.88923
2449828.22032 2.93917
2449829.22036 5.16669
2449830.22041 6.01221
2449831.22045 4.33226
2449832.22050 2.34772
2449833.22054 -1.26160
2449834.22059 -4.56738
2449835.22064 -5.29864
2449836.22068 -7.28795
2449837.22073 -6.49187
2449838.22077 -2.42765
2449839.22082 1.54969
2449840.22086 5.44545
2449841.22091 7.19663
2449842.22095 6.47313
2449843.22100 3.85826
2449844.22105 0.40267
2449845.22109 -2.47535
2449846.22114 -5.78988
2449847.22118 -7.56783
2449848.22123 -6.51669
2449849.22127 -4.11978
2449850.22132 0.05640
2449851.22137 3.59992
2449852.22141 7.01887
2449853.22146 6.45607
2449854.22150 4.67312
2449855.22155 2.00804
2449856.22159 -1.58314
2449857.22164 -5.73276
2449858.22168 -7.74290
2449859.22173 -6.02665
2449860.22178 -5.25765
2449861.22182 -1.56710
2449862.22187 2.02001
2449863.22191 4.98604
2449864.22196 7.57118
2449865.22200 5.08329
2449866.22205 3.77868
2449867.22210 -0.07983
2449868.22214 -3.81972
2449869.22219 -6.40183
2449870.22223 -6.99626
2449871.22228 -5.92748
2449872.22232 -2.91483
2449873.22237 1.18484
2449874.22241 3.61331
2449875.22246 6.72904
2449876.22251 7.55500
2449877.22255 4.59808
2449878.22260 1.74254
2449879.22264 -1.86757
2449880.22269 -5.09545
2449881.22273 -6.49129
2449882.22278 -7.00479
2449883.22283 -4.28393
2449884.22287 -0.37813
2449885.22292 2.73677
2449886.22296 7.29828
2449887.22301 6.88544
2449888.22305 5.38727
2449889.22310 3.63078
2449890.22315 -0.50268
2449891.22319 -3.49484
2449892.22324 -5.97253
2449893.22328 -5.79615
2449894.22333 -5.17317
2449895.22337 -1.41151
2449896.22342 1.65194
2449897.22346 4.62984
2449898.22351 8.03599
2449899.22356 6.97322
2449900.22360 4.54743
2449901.22365 0.94495
2449902.22369 -2.60381
2449903.22374 -5.60885
2449904.22378 -7.33060
2449905.22383 -4.88042
2449906.22388 -2.61961
2449907.22392 0.59877
2449908.22397 4.63463
2449909.22401 5.76486
2449910.22406 6.96474
2449911.22410 6.36754
2449912.22415 3.19169
2449913.22419 -0.99918
2449914.22424 -3.79517
2449915.22429 -6.44796
2449916.22433 -5.76741
2449917.22438 -3.77514
2449918.22442 -0.71461
2449919.22447 2.95523
2449920.22451 5.54931
2449921.22456 6.57997
2449922.22461 6.01594
2449923.22465 4.65378
2449924.22470 0.65316
2449925.22474 -2.41445
2449926.22479 -5.41732
2449927.22483 -5.73457
2449928.22488 -3.95336
2450114.23337 7.64759
2450115.23341 10.48809
2450116.23346 8.43208
2450117.23350 5.64086
2450118.23355 1.89838
2450119.23359 -1.47735
2450120.23364 -3.83606
2450121.23369 -4.26618
2450122.23373 -1.83010
2450123.23378 0.35161
2450124.23382 3.66558
2450125.23387 7.25637
2450126.23391 10.24750
2450127.23396 9.64260
2450128.23401 6.36996
2450129.23405 3.47807
2450130.23410 0.00722
2450131.23414 -2.91846
2450132.23419 -3.32980
2450133.23423 -3.77944
2450134.23428 -0.73736
2450135.23433 2.64906
2450136.23437 7.14083
2450137.23442 8.07585
2450138.23446 10.43910
2450139.23451 8.22454
2450140.23455 4.54009
2450141.23460 1.40997
2450142.23464 -1.84179
2450143.23469 -3.59687
2450144.23474 -4.25036
2450145.23478 -1.74960
2450146.23483 1.32103
2450147.23487 5.12867
2450148.23492 5.88339
2450149.23496 10.11576
2450150.23501 9.43549
2450151.23506 7.33038
2450152.23510 3.21253
2450153.23515 -0.42299
2450154.23519 -3.07595
2450155.23524 -3.79025
2450156.23528 -3.17185
2450157.23533 -0.09820
2450158.23537 3.16321
2450159.23542 7.42772
2450160.23547 8.72288
2450161.23551 9.76213
2450162.23556 7.12870
2450163.23560 4.70586
2450164.23565 1.23681
2450165.23569 -1.84388
2450166.23574 -3.94829
2450167.23579 -3.18499
2450168.23583 -1.32069
2450169.23588 1.92262
2450170.23592 6.14050
2450171.23597 8.59025
2450172.23601 9.85108
2450173.23606 8.18277
2450174.23610 5.89766
2450175.23615 2.64866
2450176.23620 -0.90700
2450177.23624 -2.67951
2450178.23629 -4.01915
2450179.23633 -2.27244
2450180.23638 0.70018
2450181.23642 3.85398
2450182.23647 7.15807
2450183.23652 8.73501
2450184.23656 9.03781
2450185.23661 6.86582
2450186.23665 4.34729
2450187.23670 0.59279
2450188.23674 -2.77853
2450189.23679 -3.78935
2450190.23683 -3.57922
2450191.23688 -0.52242
2450192.23693 3.02064
2450193.23697 6.39796
2450194.23702 9.62495
2450195.23706 8.85621
2450196.23711 8.91649
2450197.23715 6.30786
2450198.23720 2.13109
2450199.23725 -1.27399
2450200.23729 -3.53564
2450201.23734 -3.39934
2450202.23738 -1.82653
2450203.23743 1.48758
2450204.23747 5.34662
2450205.23752 8.61836
2450206.23757 10.45052
2450207.23761 9.40275
2450208.23766 7.90454
2450209.23770 4.06436
2450210.23775 0.07457
2450211.23779 -2.73061
2450212.23784 -3.97747
2450213.23788 -2.49666
2450214.23793 0.31651
2450215.23798 3.62929
2450216.23802 7.20663
2450217.23807 10.83518
2450218.23811 9.37301
2450219.23816 8.80975
2450220.23820 5.52310
2450221.23825 1.50312
2450222.23830 -1.37868
2450223.23834 -3.66595
2450224.23839 -3.40153
2450225.23843 -0.88745
2450226.23848 2.41092
2450227.23852 4.03554
2450228.23857 8.26853
2450229.23861 10.88748
2450230.23866 8.36736
2450231.23871 7.14296
2450232.23875 3.36705
2450233.23880 -0.35574
2450234.23884 -3.20293
2450235.23889 -3.50787
2450236.23893 -2.05024
2450237.23898 1.27740
2450238.23903 5.18725
2450239.23907 8.09666
2450240.23912 11.42125
2450241.23916 12.57980
2450242.23921 7.11696
2450243.23925 3.83817
2450244.23930 1.13073
2450245.23934 -1.98839
2450246.23939 -3.27307
2450247.23944 -2.92730
2450248.23948 -0.15364
2450249.23953 3.55896
2450250.23957 6.38968
2450251.23962 10.09424
2450252.23966 12.13782
2450253.23971 10.28461
2450254.23976 6.56141
2450255.23980 2.85177
2450256.23985 -0.89226
2450257.23989 -2.84116
2450258.23994 -3.17118
2450259.23998 -1.32084
2450260.24003 2.32163
2450261.24007 6.64325
2450262.24012 8.51650
2450263.24017 9.77109
2450264.24021 10.28751
2450265.24026 7.54538
2450266.24030 4.32257
2450267.24035 0.55155
2450268.24039 -1.94958
2450269.24044 -2.98486
2450270.24049 -1.76482
2450271.24053 0.55366
2450272.24058 4.39333
2450273.24062 7.33671
2450274.24067 7.62811
2450275.24071 8.79879
2450276.24076 6.59902
2450277.24080 5.68050
2450278.24085 2.36837
2450279.24090 -1.16570
2450280.24094 -2.69296
2450281.24099 -2.65487
2450282.24103 -0.60600
2450283.24108 2.61993
2450284.24112 6.90130
2450285.24117 9.33796
2450286.24122 10.56613
2450287.24126 9.80342
2450288.24131 7.63337
2450289.24135 3.94032
2450290.24140 0.04753
2450291.24144 -2.37534
2450292.24149 -3.20795
2450293.24154 -1.67177
2450479.25002 10.17554
2450480.25007 11.44073
2450481.25011 9.17577
2450482.25016 7.22190
2450483.25021 3.96597
2450484.25025 0.34002
2450485.25030 -2.47997
2450486.25034 -1.95987
2450487.25039 -0.59872
2450488.25043 2.20442
2450489.25048 5.83327
2450490.25052 9.24677
2450491.25057 9.54025
2450492.25062 9.26068
2450493.25066 8.80616
2450494.25071 5.04632
2450495.25075 1.94931
2450496.25080 -1.33563
2450497.25084 -1.85382
2450498.25089 -1.58345
2450499.25094 1.08149
2450500.25098 4.51125
2450501.25103 6.83999
2450502.25107 9.95431
2450503.25112 10.52915
2450504.25116 11.40324
2450505.25121 6.81426
2450506.25125 3.17453
2450507.25130 -0.23461
2450508.25135 -2.14466
2450509.25139 -1.87388
2450510.25144 -0.02790
2450511.25148 3.11687
2450512.25153 6.41973
2450513.25157 8.56818
2450514.25162 10.56091
2450515.25167 12.31626
2450516.25171 7.28288
2450517.25176 4.52848
2450518.25180 1.01867
2450519.25185 -1.65929
2450520.25189 -1.91601
2450521.25194 -1.02901
2450522.25199 1.85156
2450523.25203 6.00213
2450524.25208 8.12451
2450525.25212 10.84903
2450526.25217 10.51049
2450527.25221 11.46237
2450528.25226 7.19510
2450529.25230 2.57470
2450530.25235 -0.71558
2450531.25240 -2.10848
2450532.25244 -1.64833
2450533.25249 0.61213
2450534.25253 4.30627
2450535.25258 5.54599
2450536.25262 9.96651
2450537.25267 12.05385
2450538.25272 9.93989
2450539.25276 8.36032
2450540.25281 3.29249
2450541.25285 0.39048
2450542.25290 -1.52486
2450543.25294 -2.01892
2450544.25299 -0.55712
2450545.25303 2.42247
2450546.25308 7.19508
2450547.25313 8.27107
2450548.25317 11.68055
2450549.25322 9.94490
2450550.25326 7.74419
2450551.25331 5.58476
2450552.25335 1.71158
2450553.25340 -1.17731
2450554.25345 -2.32923
2450555.25349 -1.61832
2450556.25354 1.24100
2450557.25358 4.77249
2450558.25363 10.55891
2450559.25367 11.90785
2450560.25372 11.48461
2450561.25376 9.52813
2450562.25381 6.55707
2450563.25386 3.11895
2450564.25390 -0.14733
2450565.25395 -2.14565
2450566.25399 -2.18541
2450567.25404 -0.11419
2450568.25408 3.00318
2450569.25413 6.37946
2450570.25418 11.05129
2450571.25422 10.71556
2450572.25427 11.76530
2450573.25431 9.61421
2450574.25436 4.30575
2450575.25440 0.99840
2450576.25445 -1.59259
2450577.25449 -2.20251
2450578.25454 -1.02410
2450579.25459 1.49174
2450580.25463 4.69300
2450581.25468 9.23963
2450582.25472 12.09808
2450583.25477 12.52860
2450584.25481 8.96645
2450585.25486 5.61291
2450586.25491 2.24772
2450587.25495 -0.75478
2450588.25500 -2.54827
2450589.25504 -1.92402
2450590.25509 0.47933
2450591.25513 3.15842
2450592.25518 7.56806
2450593.25522 10.53446
2450594.25527 12.77670
2450595.25532 9.55053
2450596.25536 9.33127
2450597.25541 3.50139
2450598.25545 0.36196
2450599.25550 -2.11519
2450600.25554 -2.49290
2450601.25559 -0.68114
2450602.25564 2.44222
2450603.25568 6.35989
2450604.25573 8.35537
2450605.25577 12.84217
2450606.25582 11.25407
2450607.25586 8.71317
2450608.25591 5.47184
2450609.25596 1.82806
2450610.25600 -1.33131
2450611.25605 -2.65627
2450612.25609 -1.70727
2450613.25614 0.67964
2450614.25618 3.86032
2450615.25623 7.06469
2450616.25627 10.46906
2450617.25632 10.55509
2450618.25637 10.85954
2450619.25641 6.67263
2450620.25646 2.92122
2450621.25650 -0.27447
2450622.25655 -1.81195
2450623.25659 -2.37345
2450624.25664 -0.26339
2450625.25669 3.18255
2450626.25673 6.77656
2450627.25678 8.20622
2450628.25682 12.53026
2450629.25687 10.02805
2450630.25691 6.66548
2450631.25696 4.59070
2450632.25700 1.08343
2450633.25705 -1.92985
2450634.25710 -2.44907
2450635.25714 -1.33245
2450636.25719 1.44296
2450637.25723 4.47129
2450638.25728 8.94463
2450639.25732 10.86985
2450640.25737 10.60987
2450641.25742 9.58944
2450642.25746 6.18546
2450643.25751 2.08249
2450644.25755 -0.88451
2450645.25760 -2.92487
2450646.25764 -2.08348
2450647.25769 0.24502
2450648.25773 3.34671
2450649.25778 7.61990
2450650.25783 10.69780
2450651.25787 12.77885
2450652.25792 10.53069
2450653.25796 7.60222
2450654.25801 4.33309
2450655.25805 0.27193
2450656.25810 -1.91097
2450657.25815 -2.82423
2450658.25819 -1.00359
2450844.26668 10.03686
2450845.26672 10.14524
2450846.26677 9.25289
2450847.26682 6.41492
2450848.26686 1.92181
2450849.26691 -1.09943
2450850.26695 -3.43453
2450851.26700 -3.89593
2450852.26704 -1.72451
2450853.26709 1.44509
2450854.26714 5.31197
2450855.26718 8.83420
2450856.26723 8.46806
2450857.26727 8.64977
2450858.26732 7.68717
2450859.26736 3.66282
2450860.26741 -0.10396
2450861.26745 -2.81648
2450862.26750 -3.10623
2450863.26755 -2.66101
2450864.26759 0.01320
2450865.26764 3.70022
2450866.26768 5.92410
2450867.26773 6.41978
2450868.26777 9.62681
2450869.26782 7.20058
2450870.26787 5.42184
2450871.26791 1.30857
2450872.26796 -1.70706
2450873.26800 -3.76655
2450874.26805 -3.53551
2450875.26809 -1.43709
2450876.26814 1.78544
2450877.26818 4.70829
2450878.26823 8.05637
2450879.26828 10.00336
2450880.26832 9.23876
2450881.26837 6.49171
2450882.26841 2.65925
2450883.26846 -0.91966
2450884.26850 -3.51788
2450885.26855 -3.79761
2450886.26860 -2.96520
2450887.26864 0.46591
2450888.26869 3.76837
2450889.26873 8.06006
2450890.26878 7.14149
2450891.26882 8.49903
2450892.26887 7.74474
2450893.26891 4.30628
2450894.26896 0.33464
2450895.26901 -2.77728
2450896.26905 -4.06335
2450897.26910 -4.31114
2450898.26914 -1.16658
2450899.26919 2.02372
2450900.26923 7.28387
2450901.26928 9.20846
2450902.26933 8.05516
2450903.26937 10.69839
2450904.26942 5.35122
2450905.26946 1.51513
2450906.26951 -1.65548
2450907.26955 -4.12099
2450908.26960 -4.43863
2450909.26964 -2.18877
2450910.26969 0.64170
2450911.26974 4.85087
2450912.26978 8.85922
2450913.26983 9.66105
2450914.26987 9.41121
2450915.26992 7.07976
2450916.26996 3.62029
2450917.27001 -0.51048
2450918.27006 -2.67964
2450919.27010 -4.23560
2450920.27015 -3.05700
2450921.27019 -0.48128
2450922.27024 2.82945
2450923.27028 6.46714
2450924.27033 8.56442
2450925.27038 9.06608
2450926.27042 8.16985
2450927.27047 5.02569
2450928.27051 0.71058
2450929.27056 -2.74184
2450930.27060 -4.54350
2450931.27065 -3.83384
2450932.27069 -1.59771
2450933.27074 1.45843
2450934.27079 5.85142
2450935.27083 9.14027
2450936.27088 7.74291
2450937.27092 9.66559
2450938.27097 6.10840
2450939.27101 2.18995
2450940.27106 -1.39878
2450941.27111 -4.05453
2450942.27115 -4.27188
2450943.27120 -2.88692
2450944.27124 -0.08612
2450945.27129 4.02198
2450946.27133 7.03211
2450947.27138 8.46167
2450948.27142 9.83126
2450949.27147 8.05921
2450950.27152 2.85123
2450951.27156 -0.14759
2450952.27161 -3.59049
2450953.27165 -4.52697
2450954.27170 -3.82527
2450955.27174 -1.59442
2450956.27179 1.95649
2450957.27184 4.55452
2450958.27188 5.84413
2450959.27193 8.07434
2450960.27197 8.87672
2450961.27202 5.19090
2450962.27206 1.21162
2450963.27211 -2.12961
2450964.27215 -3.77347
2450965.27220 -4.29827
2450966.27225 -2.53671
2450967.27229 0.37830
2450968.27234 4.45664
2450969.27238 7.46044
2450970.27243 9.18673
2450971.27247 7.35482
2450972.27252 6.41336
2450973.27257 2.60092
2450974.27261 -0.88370
2450975.27266 -4.40870
2450976.27270 -4.19620
2450977.27275 -3.73987
2450978.27279 -1.00124
2450979.27284 2.17263
2450980.27288 6.88339
2450981.27293 9.27728
2450982.27298 8.27499
2450983.27302 7.63606
2450984.27307 4.43123
2450985.27311 0.28806
2450986.27316 -2.59859
2450987.27320 -4.84676
2450988.27325 -4.52573
2450989.27330 -2.14234
2450990.27334 0.67437
2450991.27339 5.07015
2450992.27343 6.62756
2450993.27348 8.72967
2450994.27352 8.38794
2450995.27357 5.82953
2450996.27362 1.61833
2450997.27366 -1.99920
2450998.27371 -4.21639
2450999.27375 -4.20516
2451000.27380 -3.33990
2451001.27384 -0.70949
2451002.27389 3.39617
2451003.27393 4.29484
2451004.27398 10.00668
2451005.27403 7.09476
2451006.27407 6.91853
2451007.27412 2.92564
2451008.27416 -0.58069
2451009.27421 -3.89700
2451010.27425 -4.95498
2451011.27430 -3.94572
2451012.27435 -2.01760
2451013.27439 1.34028
2451014.27444 4.95278
2451015.27448 7.16361
2451016.27453 8.71530
2451017.27457 7.00763
2451018.27462 4.56968
2451019.27466 0.64334
2451020.27471 -2.89775
2451021.27476 -3.92854
2451022.27480 -5.56266
2451023.27485 -3.22421
2451209.28333 6.59755
2451210.28338 7.11771
2451211.28343 5.13023
2451212.28347 1.75144
2451213.28352 -1.79277
2451214.28356 -4.82267
2451215.28361 -6.23270
2451216.28365 -7.76645
2451217.28370 -5.22432
2451218.28375 -1.59111
2451219.28379 1.77918
2451220.28384 4.86962
2451221.28388 5.97694
2451222.28393 5.47987
2451223.28397 2.84598
2451224.28402 -0.55659
2451225.28406 -4.38762
2451226.28411 -6.57078
2451227.28416 -9.25366
2451228.28420 -7.04946
2451229.28425 -3.61449
2451230.28429 0.29200
2451231.28434 3.59217
2451232.28438 5.05679
2451233.28443 5.75672
2451234.28448 3.73039
2451235.28452 0.89493
2451236.28457 -2.36253
2451237.28461 -6.30977
2451238.28466 -8.59859
2451239.28470 -7.58952
2451240.28475 -3.85245
2451241.28480 -1.46147
2451242.28484 2.33303
2451243.28489 5.34955
2451244.28493 6.14249
2451245.28498 5.25312
2451246.28502 2.10969
2451247.28507 -1.58062
2451248.28511 -4.90816
2451249.28516 -6.15704
2451250.28521 -8.79030
2451251.28525 -5.45535
2451252.28530 -2.78605
2451253.28534 0.78266
2451254.28539 4.43018
2451255.28543 6.48475
2451256.28548 5.34059
2451257.28553 3.46323
2451258.28557 -0.05562
2451259.28562 -3.48429
2451260.28566 -6.49193
2451261.28571 -7.86644
2451262.28575 -7.27338
2451263.28580 -3.71146
2451264.28584 -0.73907
2451265.28589 2.90551
2451266.28594 4.35845
2451267.28598 6.10397
2451268.28603 3.85883
2451269.28607 1.35923
2451270.28612 -2.04103
2451271.28616 -7.09831
2451272.28621 -8.79444
2451273.28626 -7.55134
2451274.28630 -5.26974
2451275.28635 -2.33625
2451276.28639 1.20976
2451277.28644 4.51646
2451278.28648 5.96749
2451279.28653 5.32672
2451280.28657 2.52653
2451281.28662 -0.88332
2451282.28667 -4.91546
2451283.28671 -7.70141
2451284.28676 -7.13630
2451285.28680 -6.85785
2451286.28685 -4.31699
2451287.28689 -0.38579
2451288.28694 3.10866
2451289.28699 4.89558
2451290.28703 4.91655
2451291.28708 3.96304
2451292.28712 0.37610
2451293.28717 -3.41600
2451294.28721 -5.93070
2451295.28726 -9.33968
2451296.28730 -7.59230
2451297.28735 -5.21965
2451298.28740 -2.19742
2451299.28744 1.73433
2451300.28749 4.48735
2451301.28753 5.24005
2451302.28758 4.01064
2451303.28762 1.74002
2451304.28767 -1.64390
2451305.28772 -6.90827
2451306.28776 -6.42978
2451307.28781 -8.90952
2451308.28785 -6.66604
2451309.28790 -3.30536
2451310.28794 0.05570
2451311.28799 2.85766
2451312.28804 3.96116
2451313.28808 5.30366
2451314.28813 2.82951
2451315.28817 -0.54486
2451316.28822 -3.91897
2451317.28826 -7.01862
2451318.28831 -7.44178
2451319.28835 -6.79887
2451320.28840 -4.80226
2451321.28845 -1.65914
2451322.28849 2.13064
2451323.28854 3.74446
2451324.28858 5.38851
2451325.28863 3.52068
2451326.28867 0.91160
2451327.28872 -2.97992
2451328.28877 -7.30381
2451329.28881 -8.70396
2451330.28886 -8.76543
2451331.28890 -6.00134
2451332.28895 -2.76033
2451333.28899 0.49282
2451334.28904 3.65708
2451335.28908 4.67876
2451336.28913 3.98188
2451337.28918 2.32507
2451338.28922 -1.79281
2451339.28927 -5.00632
2451340.28931 -8.24017
2451341.28936 -7.72748
2451342.28940 -6.90544
2451343.28945 -4.08501
2451344.28950 -1.13002
2451345.28954 2.67783
2451346.28959 4.52059
2451347.28963 4.95332
2451348.28968 2.85754
2451349.28972 -0.15172
2451350.28977 -3.71002
2451351.28981 -6.82614
2451352.28986 -8.27588
2451353.28991 -7.56956
2451354.28995 -6.60864
2451355.29000 -2.59254
2451356.29004 0.95396
2451357.29009 3.57826
2451358.29013 6.05201
2451359.29018 3.33210
2451360.29023 1.15875
2451361.29027 -2.62991
2451362.29032 -5.87822
2451363.29036 -8.74781
2451364.29041 -9.11016
2451365.29045 -5.98483
2451366.29050 -4.18843
2451367.29054 -0.51920
2451368.29059 3.10788
2451369.29064 4.93499
2451370.29068 4.65618
2451371.29073 2.17439
2451372.29077 -1.00735
2451373.29082 -5.18054
2451374.29086 -7.73616
2451375.29091 -8.73384
2451376.29096 -8.60938
2451377.29100 -4.70508
2451378.29105 -2.02127
2451379.29109 1.18599
2451380.29114 4.55882
2451381.29118 5.09470
2451382.29123 3.32697
2451383.29127 0.27840
2451384.29132 -3.49745
2451385.29137 -7.05578
2451386.29141 -9.76545
2451387.29146 -9.58235
2451388.29150 -8.27531
2451575.30004 3.00751
2451576.30008 1.26693
2451577.30013 -2.02143
2451578.30017 -6.28433
2451579.30022 -9.80742
2451580.30026 -9.49612
2451581.30031 -10.08746
2451582.30036 -7.85326
2451583.30040 -5.45278
2451584.30045 -1.04760
2451585.30049 1.72301
2451586.30054 2.85631
2451587.30058 2.17368
2451588.30063 -0.50067
2451589.30068 -3.82662
2451590.30072 -6.71236
2451591.30077 -10.49911
2451592.30081 -12.04568
2451593.30086 -9.90121
2451594.30090 -7.14080
2451595.30095 -2.43167
2451596.30099 0.61275
2451597.30104 2.76583
2451598.30109 2.29267
2451599.30113 0.78849
2451600.30118 -2.63487
2451601.30122 -5.01964
2451602.30127 -10.75870
2451603.30131 -11.32132
2451604.30136 -10.35753
2451605.30141 -8.18236
2451606.30145 -4.53694
2451607.30150 -0.61707
2451608.30154 2.24806
2451609.30159 2.97927
2451610.30163 1.61964
2451611.30168 -1.17108
2451612.30172 -4.96318
2451613.30177 -9.16033
2451614.30182 -9.60067
2451615.30186 -9.91772
2451616.30191 -8.22015
2451617.30195 -6.04332
2451618.30200 -1.64455
2451619.30204 1.06650
2451620.30209 3.07221
2451621.30214 2.20853
2451622.30218 0.06740
2451623.30223 -3.30439
2451624.30227 -7.47886
2451625.30232 -9.80558
2451626.30236 -10.73559
2451627.30241 -9.60273
2451628.30246 -7.61968
2451629.30250 -3.13759
2451630.30255 -0.09099
2451631.30259 1.91941
2451632.30264 2.24368
2451633.30268 1.17427
2451634.30273 -1.61743
2451635.30277 -6.36663
2451636.30282 -8.28182
2451637.30287 -10.82718
2451638.30291 -11.24522
2451639.30296 -8.52882
2451640.30300 -4.87081
2451641.30305 -1.34838
2451642.30309 1.38236
2451643.30314 2.89988
2451644.30319 1.92492
2451645.30323 -0.57776
2451646.30328 -4.77704
2451647.30332 -7.24475
2451648.30337 -10.36573
2451649.30341 -10.94249
2451650.30346 -9.32474
2451651.30350 -6.35671
2451652.30355 -3.23788
2451653.30360 0.36330
2451654.30364 2.11633
2451655.30369 2.55780
2451656.30373 0.46605
2451657.30378 -2.39075
2451658.30382 -6.26898
2451659.30387 -9.80339
2451660.30392 -7.95587
2451661.30396 -9.54915
2451662.30401 -7.46856
2451663.30405 -4.17898
2451664.30410 -0.93547
2451665.30414 1.81627
2451666.30419 2.88891
2451667.30423 1.34217
2451668.30428 -1.43411
2451669.30433 -4.68995
2451670.30437 -6.29897
2451671.30442 -11.13393
2451672.30446 -12.84265
2451673.30451 -10.36205
2451674.30455 -5.87622
2451675.30460 -2.23578
2451676.30465 0.67975
2451677.30469 2.72309
2451678.30474 1.91778
2451679.30478 -0.10805
2451680.30483 -3.19742
2451681.30487 -7.08143
2451682.30492 -9.16019
2451683.30496 -12.66394
2451684.30501 -9.56613
2451685.30506 -8.63615
2451686.30510 -4.54614
2451687.30515 -0.37861
2451688.30519 1.71672
2451689.30524 2.23844
2451690.30528 0.76664
2451691.30533 -1.90593
2451692.30538 -4.93842
2451693.30542 -8.63171
2451694.30547 -12.25145
2451695.30551 -10.69607
2451696.30556 -8.02718
2451697.30560 -5.37019
2451698.30565 -1.35274
2451699.30569 1.06429
2451700.30574 2.38387
2451701.30579 1.95348
2451702.30583 -0.64681
2451703.30588 -3.94790
2451704.30592 -8.59265
2451705.30597 -10.25202
2451706.30601 -12.40218
2451707.30606 -8.99258
2451708.30611 -8.02314
2451709.30615 -3.29989
2451710.30620 0.11792
2451711.30624 1.96458
2451712.30629 2.13126
2451713.30633 0.34000
2451714.30638 -3.21390
2451715.30643 -7.12644
2451716.30647 -9.82470
2451717.30652 -10.10359
2451718.30656 -9.89679
2451719.30661 -8.36103
2451720.30665 -4.75647
2451721.30670 -1.15494
2451722.30674 1.58235
2451723.30679 2.19725
2451724.30684 1.53885
2451725.30688 -1.35023
2451726.30693 -5.25011
2451727.30697 -7.55170
2451728.30702 -7.63104
2451729.30706 -12.42900
2451730.30711 -9.61178
2451731.30716 -5.00999
2451732.30720 -2.39348
2451733.30725 0.45453
2451734.30729 1.98471
2451735.30734 1.70226
2451736.30738 -0.23096
2451737.30743 -4.01975
2451738.30747 -7.47374
2451739.30752 -9.35482
2451740.30757 -10.50849
2451741.30761 -10.12754
2451742.30766 -7.85354
2451743.30770 -3.54911
2451744.30775 -0.58656
2451745.30779 1.96557
2451746.30784 2.44604
2451747.30789 0.84955
2451748.30793 -2.04486
2451749.30798 -5.20744
2451750.30802 -9.57912
2451751.30807 -11.78945
2451752.30811 -12.35456
2451753.30816 -7.96986
2451754.30820 -5.60700
2451940.31669 2.50239
2451941.31674 0.58609
2451942.31678 -2.35429
2451943.31683 -5.91878
2451944.31688 -7.69142
2451945.31692 -11.80897
2451946.31697 -10.71878
2451947.31701 -9.83632
2451948.31706 -5.10711
2451949.31710 -1.14026
2451950.31715 1.64804
2451951.31719 2.89209
2451952.31724 1.72586
2451953.31729 -0.94678
2451954.31733 -5.09745
2451955.31738 -7.81987
2451956.31742 -9.46447
2451957.31747 -11.68399
2451958.31751 -9.22084
2451959.31756 -7.18203
2451960.31761 -2.39231
2451961.31765 0.53492
2451962.31770 2.68476
2451963.31774 2.08370
2451964.31779 0.27308
2451965.31783 -3.17256
2451966.31788 -7.91425
2451967.31792 -9.31519
2451968.31797 -10.66837
2451969.31802 -11.23383
2451970.31806 -7.58568
2451971.31811 -3.72052
2451972.31815 -0.49606
2451973.31820 1.89184
2451974.31824 2.55019
2451975.31829 1.06740
2451976.31834 -1.80842
2451977.31838 -5.34578
2451978.31843 -9.31702
2451979.31847 -11.23882
2451980.31852 -11.48593
2451981.31856 -8.19423
2451982.31861 -4.69981
2451983.31865 -1.91177
2451984.31870 1.17247
2451985.31875 2.04155
2451986.31879 1.93313
2451987.31884 -0.19453
2451988.31888 -3.10335
2451989.31893 -5.81882
2451990.31897 -8.99706
2451991.31902 -9.99862
2451992.31907 -10.22376
2451993.31911 -6.22818
2451994.31916 -3.34936
2451995.31920 0.16687
2451996.31925 2.53499
2451997.31929 2.77810
2451998.31934 1.02492
2451999.31938 -2.14897
2452000.31943 -4.85679
2452001.31948 -8.70150
2452002.31952 -10.89497
2452003.31957 -10.33214
2452004.31961 -7.27410
2452005.31966 -4.18059
2452006.31970 -0.96137
2452007.31975 2.00416
2452008.31980 2.99206
2452009.31984 1.68705
2452010.31989 -0.74024
2452011.31993 -4.06202
2452012.31998 -9.25095
2452013.32002 -12.63155
2452014.32007 -11.73669
2452015.32011 -8.62741
2452016.32016 -6.44929
2452017.32021 -2.30399
2452018.32025 0.76103
2452019.32030 2.45300
2452020.32034 2.99253
2452021.32039 0.54830
2452022.32043 -2.81747
2452023.32048 -6.37138
2452024.32053 -8.47927
2452025.32057 -9.22259
2452026.32062 -8.71693
2452027.32066 -6.02353
2452028.32071 -3.44996
2452029.32075 -0.24524
2452030.32080 2.21356
2452031.32085 3.60225
2452032.32089 1.35671
2452033.32094 -1.48990
2452034.32098 -4.79876
2452035.32103 -7.75253
2452036.32107 -10.75489
2452037.32112 -9.80044
2452038.32116 -8.60460
2452039.32121 -6.00342
2452040.32126 -1.67041
2452041.32130 1.49650
2452042.32135 2.76666
2452043.32139 2.43612
2452044.32144 0.11618
2452045.32148 -3.23230
2452046.32153 -6.41495
2452047.32158 -10.29947
2452048.32162 -10.92437
2452049.32167 -9.67783
2452050.32171 -6.59380
2452051.32176 -3.19553
2452052.32180 0.48423
2452053.32185 2.72432
2452054.32189 3.31179
2452055.32194 1.35603
2452056.32199 -1.55818
2452057.32203 -5.05730
2452058.32208 -9.92434
2452059.32212 -10.34954
2452060.32217 -10.27922
2452061.32221 -7.31108
2452062.32226 -4.37507
2452063.32231 -0.79154
2452064.32235 2.14158
2452065.32240 3.31378
2452066.32244 2.21672
2452067.32249 -0.34103
2452068.32253 -3.75882
2452069.32258 -8.66889
2452070.32262 -8.53090
2452071.32267 -7.61308
2452072.32272 -10.07509
2452073.32276 -5.98987
2452074.32281 -2.11093
2452075.32285 0.92331
2452076.32290 3.01069
2452077.32294 3.30289
2452078.32299 0.93307
2452079.32304 -2.27856
2452080.32308 -5.19556
2452081.32313 -8.51372
2452082.32317 -9.38767
2452083.32322 -8.61228
2452084.32326 -7.64902
2452085.32331 -4.30832
2452086.32335 -0.00039
2452087.32340 3.01689
2452088.32345 3.30954
2452089.32349 2.04062
2452090.32354 -0.80493
2452091.32358 -4.19708
2452092.32363 -7.04867
2452093.32367 -10.13265
2452094.32372 -10.28563
2452095.32377 -8.44051
2452096.32381 -3.97918
2452097.32386 -1.29555
2452098.32390 1.40594
2452099.32395 3.17884
2452100.32399 2.43597
2452101.32404 0.47833
2452102.32409 -3.18115
2452103.32413 -6.27868
2452104.32418 -9.95936
2452105.32422 -8.69924
2452106.32427 -9.63292
2452107.32431 -7.07407
2452108.32436 -2.60969
2452109.32440 0.73306
2452110.32445 3.92534
2452111.32450 2.95258
2452112.32454 1.98015
2452113.32459 -1.34884
2452114.32463 -4.94051
2452115.32468 -8.30528
2452116.32472 -8.50828
2452117.32477 -9.07292
2452118.32482 -6.74212
2452119.32486 -4.43338
2452305.33335 5.39258
2452306.33339 2.80003
2452307.33344 -0.13353
2452308.33349 -3.96389
2452309.33353 -7.36191
2452310.33358 -7.71137
2452311.33362 -8.42781
2452312.33367 -5.27638
2452313.33371 -1.91426
2452314.33376 1.83972
2452315.33380 5.10168
2452316.33385 5.41630
2452317.33390 4.40619
2452318.33394 1.45482
2452319.33399 -2.32819
2452320.33403 -5.32557
2452321.33408 -7.07200
2452322.33412 -8.03837
2452323.33417 -7.43977
2452324.33422 -3.08921
2452325.33426 0.50415
2452326.33431 3.81449
2452327.33435 5.76414
2452328.33440 4.68265
2452329.33444 2.69662
2452330.33449 -0.55499
2452331.33454 -4.70715
2452332.33458 -7.55478
2452333.33463 -6.74972
2452334.33467 -8.00990
2452335.33472 -4.57580
2452336.33476 -1.03257
2452337.33481 2.83477
2452338.33485 4.72938
2452339.33490 5.17672
2452340.33495 3.70372
2452341.33499 1.13015
2452342.33504 -2.28136
2452343.33508 -5.50483
2452344.33513 -8.03802
2452345.33517 -7.31161
2452346.33522 -5.89618
2452347.33527 -2.38869
2452348.33531 1.43440
2452349.33536 4.16008
2452350.33540 6.27474
2452351.33545 6.03838
2452352.33549 1.95365
2452353.33554 -1.03981
2452354.33558 -5.19641
2452355.33563 -6.97711
2452356.33568 -8.06715
2452357.33572 -6.95425
2452358.33577 -3.87493
2452359.33581 0.06626
2452360.33586 3.00745
2452361.33590 5.11338
2452362.33595 5.73920
2452363.33600 3.63587
2452364.33604 0.55560
2452365.33609 -3.37542
2452366.33613 -5.81439
2452367.33618 -8.63449
2452368.33622 -5.66320
2452369.33627 -4.62112
2452370.33631 -1.27782
2452371.33636 2.38862
2452372.33641 4.64347
2452373.33645 5.10167
2452374.33650 5.33607
2452375.33654 2.05942
2452376.33659 -1.56574
2452377.33663 -5.74012
2452378.33668 -6.21914
2452379.33673 -6.74689
2452380.33677 -6.17240
2452381.33682 -2.78374
2452382.33686 0.90321
2452383.33691 3.86723
2452384.33695 6.34623
2452385.33700 5.59506
2452386.33704 3.23282
2452387.33709 0.04839
2452388.33714 -3.63074
2452389.33718 -7.25306
2452390.33723 -7.51155
2452391.33727 -6.97044
2452392.33732 -4.43585
2452393.33736 -0.33079
2452394.33741 2.84022
2452395.33746 5.16974
2452396.33750 6.48992
2452397.33755 4.77772
2452398.33759 1.40901
2452399.33764 -2.01641
2452400.33768 -5.49826
2452401.33773 -7.31290
2452402.33777 -6.26417
2452403.33782 -4.35949
2452404.33787 -1.47504
2452405.33791 1.72915
2452406.33796 5.44530
2452407.33800 4.96020
2452408.33805 6.52962
2452409.33809 2.85683
2452410.33814 -0.29986
2452411.33819 -4.34397
2452412.33823 -7.28187
2452413.33828 -6.85797
2452414.33832 -4.84722
2452415.33837 -3.11819
2452416.33841 0.60591
2452417.33846 3.56994
2452418.33851 6.75005
2452419.33855 6.50836
2452420.33860 4.25686
2452421.33864 1.27175
2452422.33869 -2.06726
2452423.33873 -5.72053
2452424.33878 -7.08502
2452425.33882 -5.33268
2452426.33887 -3.77076
2452427.33892 -0.79218
2452428.33896 2.52941
2452429.33901 5.57324
2452430.33905 6.96671
2452431.33910 5.56980
2452432.33914 2.53319
2452433.33919 -0.94494
2452434.33924 -3.81924
2452435.33928 -6.70092
2452436.33933 -6.60680
2452437.33937 -4.97977
2452438.33942 -2.32954
2452439.33946 1.42019
2452440.33951 4.17950
2452441.33955 6.41005
2452442.33960 6.06208
2452443.33965 3.83374
2452444.33969 0.64024
2452445.33974 -2.78473
2452446.33978 -6.52062
2452447.33983 -6.91132
2452448.33987 -5.06907
2452449.33992 -3.83035
2452450.33997 0.18577
2452451.34001 4.10479
2452452.34006 5.92974
2452453.34010 6.45678
2452454.34015 5.33277
2452455.34019 2.46152
2452456.34024 -1.26577
2452457.34028 -5.38331
2452458.34033 -6.68009
2452459.34038 -6.16609
2452460.34042 -4.81228
2452461.34047 -1.18002
2452462.34051 1.89390
2452463.34056 5.05009
2452464.34060 7.25592
2452465.34065 5.97287
2452466.34070 3.94780
2452467.34074 0.23311
2452468.34079 -3.95003
2452469.34083 -4.79190
2452470.34088 -6.89901
2452471.34092 -5.27173
2452472.34097 -2.88475
2452473.34101 1.13767
2452474.34106 4.31507
2452475.34111 6.52863
2452476.34115 6.47223
2452477.34120 5.68384
2452478.34124 1.83695
2452479.34129 -1.69975
2452480.34133 -5.42693
2452481.34138 -6.52946
2452482.34143 -5.56430
2452483.34147 -3.31330
2452484.34152 -0.21479
2452670.35000 8.69873
2452671.35005 6.07680
2452672.35010 3.74707
2452673.35014 -0.26699
2452674.35019 -3.61299
2452675.35023 -5.75374
2452676.35028 -3.57112
2452677.35032 -1.20260
2452678.35037 2.05751
2452679.35042 5.86274
2452680.35046 9.70482
2452681.35051 8.22629
2452682.35055 6.30650
2452683.35060 4.55836
2452684.35064 1.26137
2452685.35069 -1.85600
2452686.35073 -4.30443
2452687.35078 -3.86811
2452688.35083 -2.41432
2452689.35087 0.97041
2452690.35092 4.22323
2452691.35096 7.66344
2452692.35101 8.49238
2452693.35105 8.92014
2452694.35110 5.63773
2452695.35115 2.98777
2452696.35119 -0.82689
2452697.35124 -3.54675
2452698.35128 -4.20469
2452699.35133 -3.03243
2452700.35137 -0.38355
2452701.35142 2.91548
2452702.35146 5.97227
2452703.35151 9.12606
2452704.35156 9.54595
2452705.35160 6.78458
2452706.35165 4.46762
2452707.35169 0.74277
2452708.35174 -2.13779
2452709.35178 -3.99272
2452710.35183 -2.90926
2452711.35188 -1.55953
2452712.35192 1.89574
2452713.35197 5.67586
2452714.35201 7.43821
2452715.35206 6.73964
2452716.35210 8.12496
2452717.35215 6.58777
2452718.35219 2.22706
2452719.35224 -1.15456
2452720.35229 -3.20716
2452721.35233 -3.62246
2452722.35238 -2.53833
2452723.35242 0.47125
2452724.35247 4.34593
2452725.35251 7.09446
2452726.35256 10.12127
2452727.35261 9.34562
2452728.35265 8.21345
2452729.35270 4.17907
2452730.35274 0.34425
2452731.35279 -2.89011
2452732.35283 -4.14132
2452733.35288 -2.75176
2452734.35293 -0.85522
2452735.35297 3.01303
2452736.35302 6.18031
2452737.35306 8.42158
2452738.35311 9.56304
2452739.35315 8.71513
2452740.35320 4.71952
2452741.35324 1.78381
2452742.35329 -1.35584
2452743.35334 -2.97654
2452744.35338 -4.00580
2452745.35343 -1.95587
2452746.35347 1.16711
2452747.35352 5.57344
2452748.35356 7.32372
2452749.35361 10.69848
2452750.35366 7.80669
2452751.35370 7.89344
2452752.35375 3.28845
2452753.35379 -0.15943
2452754.35384 -2.91363
2452755.35388 -4.22457
2452756.35393 -2.63288
2452757.35397 0.00201
2452758.35402 3.33727
2452759.35407 8.04207
2452760.35411 9.67788
2452761.35416 8.95547
2452762.35420 7.37659
2452763.35425 5.71168
2452764.35429 1.38685
2452765.35434 -1.76210
2452766.35439 -3.18665
2452767.35443 -3.43259
2452768.35448 -1.06271
2452769.35452 2.16629
2452770.35457 5.77130
2452771.35461 8.96091
2452772.35466 7.15846
2452773.35470 9.31651
2452774.35475 7.84150
2452775.35480 3.47205
2452776.35484 -0.32203
2452777.35489 -2.87382
2452778.35493 -3.17597
2452779.35498 -2.31918
2452780.35502 0.83421
2452781.35507 4.06897
2452782.35512 8.28256
2452783.35516 8.94495
2452784.35521 11.90265
2452785.35525 8.96726
2452786.35530 4.02727
2452787.35534 0.90464
2452788.35539 -1.93151
2452789.35543 -3.15289
2452790.35548 -2.72501
2452791.35553 -0.35691
2452792.35557 3.43389
2452793.35562 6.11865
2452794.35566 6.70739
2452795.35571 9.31052
2452796.35575 8.16441
2452797.35580 5.39126
2452798.35585 2.29158
2452799.35589 -1.08620
2452800.35594 -3.20244
2452801.35598 -3.46573
2452802.35603 -1.33350
2452803.35607 1.34937
2452804.35612 5.47461
2452805.35617 10.32535
2452806.35621 10.42204
2452807.35626 8.53262
2452808.35630 6.84429
2452809.35635 3.81747
2452810.35639 0.32864
2452811.35644 -2.40761
2452812.35648 -3.14849
2452813.35653 -1.98181
2452814.35658 0.35134
2452815.35662 3.89652
2452816.35667 7.35680
2452817.35671 11.42089
2452818.35676 10.89708
2452819.35680 8.64714
2452820.35685 5.82023
2452821.35690 1.87027
2452822.35694 -1.29440
2452823.35699 -2.83623
2452824.35703 -2.92144
2452825.35708 -0.64460
2452826.35712 2.42770
2452827.35717 6.26593
2452828.35721 8.98253
2452829.35726 10.07589
2452830.35731 8.48490
2452831.35735 6.24391
2452832.35740 3.79256
2452833.35744 -0.13086
2452834.35749 -2.69252
2452835.35753 -3.23769
2452836.35758 -1.80286
2452837.35763 1.28632
2452838.35767 5.40554
2452839.35772 7.74826
2452840.35776 9.74199
2452841.35781 9.56183
2452842.35785 8.41203
2452843.35790 5.62105
2452844.35794 1.51122
2452845.35799 -1.99543
2452846.35804 -3.20587
2452847.35808 -2.46343
2452848.35813 -0.08637
2452849.35817 3.22060
2453036.36671 9.24001
2453037.36675 5.07740
2453038.36680 1.40791
2453039.36684 -1.22272
2453040.36689 -2.54168
2453041.36693 -1.15763
2453042.36698 0.91045
2453043.36703 5.35481
2453044.36707 9.63778
2453045.36712 11.19851
2453046.36716 8.41493
2453047.36721 9.38780
2453048.36725 7.20299
2453049.36730 3.30823
2453050.36735 -0.22532
2453051.36739 -1.96042
2453052.36744 -1.71039
2453053.36748 -0.07699
2453054.36753 3.23320
2453055.36757 6.83333
2453056.36762 9.61055
2453057.36766 10.44659
2453058.36771 10.51557
2453059.36776 7.64080
2453060.36780 4.83292
2453061.36785 0.72640
2453062.36789 -1.52904
2453063.36794 -2.24607
2453064.36798 -1.14320
2453065.36803 1.72588
2453066.36808 5.57101
2453067.36812 8.40746
2453068.36817 11.01516
2453069.36821 9.86407
2453070.36826 7.55312
2453071.36830 4.62055
2453072.36835 1.97450
2453073.36839 -0.67450
2453074.36844 -2.55432
2453075.36849 -1.66979
2453076.36853 0.38187
2453077.36858 3.41654
2453078.36862 8.05665
2453079.36867 10.11237
2453080.36871 11.41950
2453081.36876 10.87785
2453082.36881 8.99501
2453083.36885 4.02865
2453084.36890 0.37133
2453085.36894 -1.94218
2453086.36899 -2.40821
2453087.36903 -0.58173
2453088.36908 2.69291
2453089.36912 5.67489
2453090.36917 9.54935
2453091.36922 11.08493
2453092.36926 10.38704
2453093.36931 9.02862
2453094.36935 5.20709
2453095.36940 1.50607
2453096.36944 -1.10681
2453097.36949 -1.98753
2453098.36954 -1.44294
2453099.36958 1.07258
2453100.36963 5.51002
2453101.36967 9.48175
2453102.36972 9.37576
2453103.36976 10.88792
2453104.36981 9.14556
2453105.36985 7.01128
2453106.36990 3.31594
2453107.36995 -0.15546
2453108.36999 -1.94146
2453109.37004 -2.24213
2453110.37008 -0.08832
2453111.37013 2.85488
2453112.37017 6.42687
2453113.37022 8.04636
2453114.37027 9.75800
2453115.37031 11.50186
2453116.37036 8.36494
2453117.37040 4.95939
2453118.37045 0.91547
2453119.37049 -1.38225
2453120.37054 -2.45609
2453121.37059 -1.20634
2453122.37063 1.98406
2453123.37068 5.39087
2453124.37072 9.10359
2453125.37077 8.94692
2453126.37081 9.68931
2453127.37086 8.86794
2453128.37090 6.76741
2453129.37095 2.70275
2453130.37100 -0.59656
2453131.37104 -2.48915
2453132.37109 -1.63560
2453133.37113 0.49341
2453134.37118 3.77464
2453135.37122 8.82143
2453136.37127 11.95710
2453137.37132 12.35177
2453138.37136 9.66783
2453139.37141 7.51087
2453140.37145 3.61372
2453141.37150 0.39725
2453142.37154 -2.04610
2453143.37159 -2.33400
2453144.37163 -0.62725
2453145.37168 2.24798
2453146.37173 6.08566
2453147.37177 11.00183
2453148.37182 12.11839
2453149.37186 8.73412
2453150.37191 10.00268
2453151.37195 5.04462
2453152.37200 1.64933
2453153.37205 -1.12871
2453154.37209 -2.00956
2453155.37214 -1.41811
2453156.37218 0.97779
2453157.37223 4.48251
2453158.37227 7.95603
2453159.37232 9.54233
2453160.37236 11.15202
2453161.37241 9.30033
2453162.37246 7.07943
2453163.37250 3.18743
2453164.37255 -0.15904
2453165.37259 -2.34372
2453166.37264 -2.32810
2453167.37268 -0.20709
2453168.37273 2.54869
2453169.37278 6.22879
2453170.37282 9.98554
2453171.37287 12.75905
2453172.37291 9.78087
2453173.37296 8.96900
2453174.37300 5.21951
2453175.37305 1.11504
2453176.37309 -1.54233
2453177.37314 -2.71448
2453178.37319 -1.17937
2453179.37323 1.82039
2453180.37328 5.01938
2453181.37332 8.81656
2453182.37337 11.62784
2453183.37341 10.61719
2453184.37346 9.32288
2453185.37351 6.25064
2453186.37355 2.42317
2453187.37360 -0.75907
2453188.37364 -2.19789
2453189.37369 -2.01075
2453190.37373 0.30750
2453191.37378 4.14280
2453192.37382 6.86597
2453193.37387 9.90295
2453194.37392 11.70096
2453195.37396 10.13858
2453196.37401 6.99293
2453197.37405 4.27062
2453198.37410 0.36315
2453199.37414 -1.97818
2453200.37419 -2.08701
2453201.37424 -0.84926
2453202.37428 2.50610
2453203.37433 5.98635
2453204.37437 8.57110
2453205.37442 9.67462
2453206.37446 9.98438
2453207.37451 9.61055
2453208.37456 5.43536
2453209.37460 1.89097
2453210.37465 -1.08568
2453211.37469 -2.15846
2453212.37474 -1.32347
2453213.37478 0.80777
2453214.37483 3.61904
2453215.37487 8.55764
2453401.38336 5.74298
2453402.38341 3.86615
2453403.38345 0.18011
2453404.38350 -2.58117
2453405.38354 -3.73491
2453406.38359 -2.42259
2453407.38364 0.24546
2453408.38368 4.25174
2453409.38373 7.10826
2453410.38377 10.54946
2453411.38382 10.55889
2453412.38386 10.17206
2453413.38391 5.40150
2453414.38396 1.67845
2453415.38400 -1.37183
2453416.38405 -3.81820
2453417.38409 -3.17043
2453418.38414 -0.98015
2453419.38418 2.33460
2453420.38423 5.97987
2453421.38427 9.65584
2453422.38432 8.77934
2453423.38437 8.73551
2453424.38441 5.96030
2453425.38446 2.43052
2453426.38450 -0.56396
2453427.38455 -3.05353
2453428.38459 -3.80228
2453429.38464 -2.40919
2453430.38469 0.65116
2453431.38473 4.62270
2453432.38478 8.69347
2453433.38482 9.46423
2453434.38487 6.62114
2453435.38491 7.74793
2453436.38496 3.86308
2453437.38501 0.65929
2453438.38505 -2.11342
2453439.38510 -4.12370
2453440.38514 -3.02071
2453441.38519 -0.59837
2453442.38523 2.91621
2453443.38528 5.99649
2453444.38532 7.72702
2453445.38537 10.51871
2453446.38542 8.28695
2453447.38546 6.12572
2453448.38551 1.72959
2453449.38555 -1.26569
2453450.38560 -3.15801
2453451.38564 -3.42094
2453452.38569 -1.88207
2453453.38574 1.33764
2453454.38578 4.90707
2453455.38583 9.13651
2453456.38587 9.99934
2453457.38592 7.78970
2453458.38596 7.03783
2453459.38601 3.50352
2453460.38605 -0.19924
2453461.38610 -3.05879
2453462.38615 -4.34378
2453463.38619 -2.88300
2453464.38624 -0.29049
2453465.38628 3.29616
2453466.38633 7.00021
2453467.38637 9.68932
2453468.38642 10.12315
2453469.38647 8.28597
2453470.38651 4.77263
2453471.38656 1.10703
2453472.38660 -2.05265
2453473.38665 -4.37648
2453474.38669 -3.26337
2453475.38674 -1.71020
2453476.38678 1.49998
2453477.38683 5.58360
2453478.38688 7.94269
2453479.38692 9.84635
2453480.38697 9.13437
2453481.38701 5.75377
2453482.38706 2.54413
2453483.38710 -0.96509
2453484.38715 -3.04100
2453485.38720 -3.79998
2453486.38724 -3.00577
2453487.38729 0.18313
2453488.38733 3.75615
2453489.38738 6.69557
2453490.38742 8.95205
2453491.38747 10.88957
2453492.38751 6.61990
2453493.38756 4.40441
2453494.38761 0.26593
2453495.38765 -2.54908
2453496.38770 -4.30244
2453497.38774 -3.73895
2453498.38779 -1.20158
2453499.38783 2.07688
2453500.38788 5.77079
2453501.38793 6.76706
2453502.38797 10.62642
2453503.38802 7.74335
2453504.38806 4.64562
2453505.38811 1.46141
2453506.38815 -2.05546
2453507.38820 -4.06240
2453508.38824 -3.61027
2453509.38829 -2.85124
2453510.38834 0.59789
2453511.38838 4.02405
2453512.38843 7.42310
2453513.38847 8.12225
2453514.38852 8.73656
2453515.38856 6.50169
2453516.38861 2.84344
2453517.38866 -0.55344
2453518.38870 -2.98443
2453519.38875 -5.12556
2453520.38879 -3.17575
2453521.38884 -0.75724
2453522.38888 2.98696
2453523.38893 6.30427
2453524.38898 8.57742
2453525.38902 9.48018
2453526.38907 6.82161
2453527.38911 4.72847
2453528.38916 0.74612
2453529.38920 -2.52293
2453530.38925 -4.97305
2453531.38929 -3.85621
2453532.38934 -2.20588
2453533.38939 1.26924
2453534.38943 5.26514
2453535.38948 8.11824
2453536.38952 9.56436
2453537.38957 7.71669
2453538.38961 5.28665
2453539.38966 1.86356
2453540.38971 -1.50577
2453541.38975 -3.58706
2453542.38980 -4.83616
2453543.38984 -3.82525
2453544.38989 -0.34026
2453545.38993 3.23821
2453546.38998 5.97505
2453547.39002 8.79878
2453548.39007 9.72892
2453549.39012 6.53087
2453550.39016 3.62427
2453551.39021 -0.25333
2453552.39025 -2.92026
2453553.39030 -4.27132
2453554.39034 -4.00507
2453555.39039 -2.06917
2453556.39044 1.80847
2453557.39048 5.35645
2453558.39053 6.89021
2453559.39057 7.82144
2453560.39062 8.64484
2453561.39066 4.46861
2453562.39071 0.86855
2453563.39075 -2.46449
2453564.39080 -4.79261
2453565.39085 -4.17717
2453566.39089 -3.24268
2453567.39094 0.06633
2453568.39098 3.85026
2453569.39103 6.04066
2453570.39107 9.33475
2453571.39112 6.82902
2453572.39117 5.52916
2453573.39121 2.39904
2453574.39126 -1.14763
2453575.39130 -4.25499
2453576.39135 -4.48968
2453577.39139 -4.27396
2453578.39144 -1.51276
2453579.39148 2.07945
2453580.39153 5.54674
2453766.40002 3.87053
2453767.40006 -0.06169
2453768.40011 -3.27342
2453769.40016 -7.09773
2453770.40020 -7.41914
2453771.40025 -5.70961
2453772.40029 -3.11129
2453773.40034 0.65791
2453774.40038 3.71401
2453775.40043 7.34567
2453776.40047 6.63947
2453777.40052 4.61049
2453778.40057 1.47943
2453779.40061 -2.43568
2453780.40066 -5.65353
2453781.40070 -8.54564
2453782.40075 -7.10276
2453783.40079 -4.25814
2453784.40084 -0.92467
2453785.40089 2.80324
2453786.40093 4.81913
2453787.40098 6.27303
2453788.40102 4.27793
2453789.40107 2.46094
2453790.40111 -1.03921
2453791.40116 -3.95785
2453792.40120 -6.63211
2453793.40125 -6.82790
2453794.40130 -5.72755
2453795.40134 -2.50988
2453796.40139 1.14814
2453797.40143 4.52013
2453798.40148 5.19886
2453799.40152 6.15951
2453800.40157 3.76427
2453801.40162 0.40152
2453802.40166 -3.84827
2453803.40171 -5.39522
2453804.40175 -7.08298
2453805.40180 -7.67755
2453806.40184 -4.32645
2453807.40189 -0.56797
2453808.40193 3.10959
2453809.40198 4.57418
2453810.40203 6.74259
2453811.40207 4.52679
2453812.40212 1.42584
2453813.40216 -1.62088
2453814.40221 -5.46412
2453815.40225 -7.48137
2453816.40230 -6.08023
2453817.40235 -4.97249
2453818.40239 -1.63411
2453819.40244 1.46766
2453820.40248 4.46959
2453821.40253 5.59470
2453822.40257 4.67040
2453823.40262 2.69388
2453824.40266 -0.48556
2453825.40271 -3.38960
2453826.40276 -7.20697
2453827.40280 -7.73855
2453828.40285 -5.42842
2453829.40289 -3.63911
2453830.40294 -0.06979
2453831.40298 3.37346
2453832.40303 5.82854
2453833.40308 6.05026
2453834.40312 3.73579
2453835.40317 0.63616
2453836.40321 -2.83168
2453837.40326 -6.41707
2453838.40330 -8.37762
2453839.40335 -7.88561
2453840.40340 -5.33431
2453841.40344 -1.89745
2453842.40349 1.76278
2453843.40353 4.82054
2453844.40358 6.62753
2453845.40362 4.95990
2453846.40367 2.70018
2453847.40371 -1.56713
2453848.40376 -5.00298
2453849.40381 -7.07063
2453850.40385 -8.58115
2453851.40390 -5.61528
2453852.40394 -3.33815
2453853.40399 0.35329
2453854.40403 3.73217
2453855.40408 4.99478
2453856.40413 5.12452
2453857.40417 2.74412
2453858.40422 -0.14821
2453859.40426 -2.95010
2453860.40431 -8.01270
2453861.40435 -6.20475
2453862.40440 -6.93320
2453863.40444 -3.93429
2453864.40449 -1.16890
2453865.40454 2.42247
2453866.40458 4.38403
2453867.40463 5.70441
2453868.40467 4.18558
2453869.40472 1.31829
2453870.40476 -2.08638
2453871.40481 -6.18396
2453872.40486 -8.43060
2453873.40490 -7.85827
2453874.40495 -5.46049
2453875.40499 -2.61475
2453876.40504 0.81495
2453877.40508 3.37448
2453878.40513 4.86502
2453879.40517 4.17426
2453880.40522 2.36792
2453881.40527 -1.21608
2453882.40531 -4.50707
2453883.40536 -8.46329
2453884.40540 -8.07749
2453885.40545 -7.23960
2453886.40549 -4.36452
2453887.40554 -0.70271
2453888.40559 2.74540
2453889.40563 4.61606
2453890.40568 5.99495
2453891.40572 3.49134
2453892.40577 0.24845
2453893.40581 -3.83013
2453894.40586 -6.42172
2453895.40590 -7.09419
2453896.40595 -7.02716
2453897.40600 -5.88646
2453898.40604 -2.02847
2453899.40609 1.20541
2453900.40613 3.50781
2453901.40618 4.49512
2453902.40622 4.65154
2453903.40627 1.49042
2453904.40632 -1.95865
2453905.40636 -4.81240
2453906.40641 -7.94532
2453907.40645 -8.14529
2453908.40650 -7.61105
2453909.40654 -3.42012
2453910.40659 -0.27214
2453911.40664 2.62514
2453912.40668 6.11577
2453913.40673 5.06298
2453914.40677 2.43717
2453915.40682 -0.81838
2453916.40686 -4.84492
2453917.40691 -7.41902
2453918.40695 -8.88956
2453919.40700 -7.20275
2453920.40705 -5.32450
2453921.40709 -1.77728
2453922.40714 1.92348
2453923.40718 4.16185
2453924.40723 4.40701
2453925.40727 3.38394
2453926.40732 0.70057
2453927.40737 -2.89240
2453928.40741 -6.97006
2453929.40746 -9.31988
2453930.40750 -8.17908
2453931.40755 -6.22245
2453932.40759 -2.99208
2453933.40764 0.22351
2453934.40768 4.05936
2453935.40773 5.97833
2453936.40778 4.66353
2453937.40782 1.84957
2453938.40787 -1.65147
2453939.40791 -5.19699
2453940.40796 -8.11291
2453941.40800 -10.79883
2453942.40805 -8.16224
2453943.40810 -4.02825
2453944.40814 -1.38356
2453945.40819 1.95524
2454131.41667 -0.15802
2454132.41672 -3.48069
2454133.41677 -6.69574
2454134.41681 -11.85235
2454135.41686 -10.26535
2454136.41690 -8.79562
2454137.41695 -6.73590
2454138.41699 -2.41529
2454139.41704 0.99210
2454140.41708 2.22856
2454141.41713 2.45220
2454142.41718 1.09444
2454143.41722 -2.19890
2454144.41727 -5.63913
2454145.41731 -9.80262
2454146.41736 -10.54227
2454147.41740 -9.68148
2454148.41745 -6.66682
2454149.41750 -4.26910
2454150.41754 -0.44491
2454151.41759 1.87896
2454152.41763 2.78047
2454153.41768 1.60364
2454154.41772 -0.83740
2454155.41777 -5.02041
2454156.41782 -7.11391
2454157.41786 -8.40821
2454158.41791 -9.89029
2454159.41795 -6.74853
2454160.41800 -5.71676
2454161.41804 -1.91362
2454162.41809 1.12808
2454163.41813 2.96245
2454164.41818 2.38547
2454165.41823 0.28874
2454166.41827 -3.19223
2454167.41832 -6.20565
2454168.41836 -9.47221
2454169.41841 -9.75453
2454170.41845 -8.47075
2454171.41850 -6.77838
2454172.41855 -3.58507
2454173.41859 0.07063
2454174.41864 2.04453
2454175.41868 2.70490
2454176.41873 1.58269
2454177.41877 -1.61434
2454178.41882 -6.10969
2454179.41886 -7.27615
2454180.41891 -9.53659
2454181.41896 -12.19276
2454182.41900 -6.87649
2454183.41905 -4.66335
2454184.41909 -1.24822
2454185.41914 1.69483
2454186.41918 2.74037
2454187.41923 2.11413
2454188.41928 -0.50817
2454189.41932 -4.53041
2454190.41937 -7.35202
2454191.41941 -10.69570
2454192.41946 -10.66554
2454193.41950 -9.71367
2454194.41955 -5.95311
2454195.41959 -2.74175
2454196.41964 0.44415
2454197.41969 2.63145
2454198.41973 2.83427
2454199.41978 0.69419
2454200.41982 -2.71834
2454201.41987 -6.47746
2454202.41991 -9.82214
2454203.41996 -11.17081
2454204.42001 -9.40689
2454205.42005 -8.22994
2454206.42010 -4.86438
2454207.42014 -0.68292
2454208.42019 1.99499
2454209.42023 2.44129
2454210.42028 1.44790
2454211.42032 -1.14621
2454212.42037 -4.95229
2454213.42042 -8.21197
2454214.42046 -10.32208
2454215.42051 -8.91376
2454216.42055 -9.37644
2454217.42060 -6.68199
2454218.42064 -2.43011
2454219.42069 0.78139
2454220.42074 2.75178
2454221.42078 2.37025
2454222.42083 0.05251
2454223.42087 -3.11724
2454224.42092 -6.42478
2454225.42096 -10.81030
2454226.42101 -9.64525
2454227.42106 -9.95524
2454228.42110 -7.37042
2454229.42115 -3.19015
2454230.42119 -0.27850
2454231.42124 1.92256
2454232.42128 2.34477
2454233.42133 0.98305
2454234.42137 -1.72015
2454235.42142 -5.30996
2454236.42147 -10.10295
2454237.42151 -10.09150
2454238.42156 -12.66661
2454239.42160 -9.13489
2454240.42165 -4.13137
2454241.42169 -1.35122
2454242.42174 1.20801
2454243.42179 2.46229
2454244.42183 1.78724
2454245.42188 -0.55665
2454246.42192 -4.38555
2454247.42197 -7.66315
2454248.42201 -9.28891
2454249.42206 -9.71532
2454250.42210 -10.77102
2454251.42215 -5.33827
2454252.42220 -3.05290
2454253.42224 0.18897
2454254.42229 2.05100
2454255.42233 2.19277
2454256.42238 0.49095
2454257.42242 -2.82932
2454258.42247 -6.83902
2454259.42252 -8.64401
2454260.42256 -9.71457
2454261.42261 -10.73672
2454262.42265 -7.12338
2454263.42270 -5.16999
2454264.42274 -1.02221
2454265.42279 1.54499
2454266.42283 2.33602
2454267.42288 1.41302
2454268.42293 -1.27233
2454269.42297 -5.16412
2454270.42302 -9.16566
2454271.42306 -8.47487
2454272.42311 -11.12173
2454273.42315 -10.22674
2454274.42320 -5.95570
2454275.42325 -2.96733
2454276.42329 0.55655
2454277.42334 1.83044
2454278.42338 2.51604
2454279.42343 -0.10633
2454280.42347 -3.42265
2454281.42352 -6.76610
2454282.42356 -9.41741
2454283.42361 -11.34830
2454284.42366 -11.80898
2454285.42370 -7.24859
2454286.42375 -3.13747
2454287.42379 -0.53672
2454288.42384 1.80994
2454289.42388 2.10144
2454290.42393 0.72401
2454291.42398 -1.97150
2454292.42402 -5.91109
2454293.42407 -10.10788
2454294.42411 -11.27084
2454295.42416 -10.93415
2454296.42420 -9.49245
2454297.42425 -4.96534
2454298.42429 -1.89163
2454299.42434 1.22861
2454300.42439 2.43064
2454301.42443 1.87346
2454302.42448 -0.71336
2454303.42452 -4.44151
2454304.42457 -5.90478
2454305.42461 -10.40921
2454306.42466 -10.91794
2454307.42471 -8.54115
2454308.42475 -7.53254
2454309.42480 -3.03529
2454310.42484 0.00100
2454497.43338 -4.48003
2454498.43342 -8.91931
2454499.43347 -8.33747
2454500.43351 -12.14746
2454501.43356 -9.69836
2454502.43360 -5.60425
2454503.43365 -2.98567
2454504.43370 0.40897
2454505.43374 2.34469
2454506.43379 2.13475
2454507.43383 0.13803
2454508.43388 -3.50377
2454509.43392 -7.21407
2454510.43397 -10.81459
2454511.43401 -9.45093
2454512.43406 -11.75659
2454513.43411 -6.83922
2454514.43415 -4.26503
2454515.43420 -0.75541
2454516.43424 1.67539
2454517.43429 2.68294
2454518.43433 1.26765
2454519.43438 -1.47163
2454520.43443 -5.28926
2454521.43447 -7.76791
2454522.43452 -9.76635
2454523.43456 -10.15948
2454524.43461 -10.14790
2454525.43465 -5.95643
2454526.43470 -2.05501
2454527.43474 0.92317
2454528.43479 2.42246
2454529.43484 1.73326
2454530.43488 -0.33688
2454531.43493 -4.02950
2454532.43497 -6.46810
2454533.43502 -10.38568
2454534.43506 -12.16937
2454535.43511 -8.42764
2454536.43516 -7.85199
2454537.43520 -3.28838
2454538.43525 -0.00178
2454539.43529 2.38675
2454540.43534 1.94880
2454541.43538 0.88455
2454542.43543 -2.12605
2454543.43548 -6.27576
2454544.43552 -9.74360
2454545.43557 -10.70264
2454546.43561 -10.84893
2454547.43566 -7.31465
2454548.43570 -4.41686
2454549.43575 -1.22831
2454550.43579 1.67411
2454551.43584 2.94476
2454552.43589 1.90224
2454553.43593 -0.98909
2454554.43598 -3.84064
2454555.43602 -8.05318
2454556.43607 -10.24719
2454557.43611 -9.15863
2454558.43616 -9.64924
2454559.43621 -6.57986
2454560.43625 -2.54633
2454561.43630 0.62458
2454562.43634 2.89275
2454563.43639 2.58906
2454564.43643 0.40906
2454565.43648 -2.68134
2454566.43652 -6.44799
2454567.43657 -10.70907
2454568.43662 -9.62693
2454569.43666 -9.70120
2454570.43671 -8.57545
2454571.43675 -3.20868
2454572.43680 -0.43824
2454573.43684 1.95827
2454574.43689 2.24234
2454575.43694 1.32987
2454576.43698 -1.31311
2454577.43703 -4.78298
2454578.43707 -8.32146
2454579.43712 -10.13557
2454580.43716 -11.32767
2454581.43721 -8.17950
2454582.43725 -5.86803
2454583.43730 -1.87078
2454584.43735 1.20406
2454585.43739 2.76225
2454586.43744 1.95060
2454587.43748 -0.06205
2454588.43753 -3.00123
2454589.43757 -5.54195
2454590.43762 -9.39197
2454591.43767 -11.23030
2454592.43771 -9.11400
2454593.43776 -7.76330
2454594.43780 -3.05989
2454595.43785 0.19329
2454596.43789 2.45392
2454597.43794 2.63377
2454598.43798 1.16513
2454599.43803 -1.90700
2454600.43808 -5.65372
2454601.43812 -8.32847
2454602.43817 -11.13687
2454603.43821 -10.17114
2454604.43826 -8.08923
2454605.43830 -4.68614
2454606.43835 -0.89587
2454607.43840 1.55846
2454608.43844 3.37881
2454609.43849 2.34977
2454610.43853 -0.61985
2454611.43858 -4.66019
2454612.43862 -6.97294
2454613.43867 -9.67652
2454614.43871 -9.00107
2454615.43876 -8.57612
2454616.43881 -6.82689
2454617.43885 -2.35504
2454618.43890 0.81568
2454619.43894 2.79226
2454620.43899 2.82749
2454621.43903 0.57208
2454622.43908 -2.53051
2454623.43913 -5.67943
2454624.43917 -9.81107
2454625.43922 -11.45928
2454626.43926 -10.96412
2454627.43931 -7.26066
2454628.43935 -4.10093
2454629.43940 -0.23407
2454630.43945 2.37783
2454631.43949 2.77967
2454632.43954 1.59913
2454633.43958 -0.90949
2454634.43963 -5.32242
2454635.43967 -7.45725
2454636.43972 -10.84073
2454637.43976 -9.19814
2454638.43981 -9.24211
2454639.43986 -5.51209
2454640.43990 -1.44418
2454641.43995 1.54086
2454642.43999 3.12788
2454643.44004 2.77986
2454644.44008 0.31670
2454645.44013 -2.98458
2454646.44018 -4.85912
2454647.44022 -10.04042
2454648.44027 -10.09720
2454649.44031 -11.30154
2454650.44036 -6.17143
2454651.44040 -3.57778
2454652.44045 0.46384
2454653.44049 2.41439
2454654.44054 3.18300
2454655.44059 1.40175
2454656.44063 -1.58716
2454657.44068 -5.88732
2454658.44072 -7.73438
2454659.44077 -9.99736
2454660.44081 -10.07507
2454661.44086 -7.37937
2454662.44091 -4.50067
2454663.44095 -0.71196
2454664.44100 1.98177
2454665.44104 2.97233
2454666.44109 2.39506
2454667.44113 -0.13796
2454668.44118 -3.64970
2454669.44122 -7.70671
2454670.44127 -9.85804
2454671.44132 -10.05873
2454672.44136 -8.86442
2454673.44141 -5.23789
2454674.44145 -1.94336
2454675.44150 1.24947
2454676.44154 3.01240
2454862.45003 -2.60196
2454863.45008 -5.72813
2454864.45012 -7.94040
2454865.45017 -9.29025
2454866.45021 -6.79911
2454867.45026 -3.80905
2454868.45031 0.09075
2454869.45035 3.01149
2454870.45040 4.58320
2454871.45044 4.40532
2454872.45049 2.68529
2454873.45053 -0.81203
2454874.45058 -4.28009
2454875.45063 -7.95669
2454876.45067 -8.44920
2454877.45072 -9.04176
2454878.45076 -5.42360
2454879.45081 -1.37686
2454880.45085 2.19494
2454881.45090 4.96618
2454882.45094 5.56975
2454883.45099 3.14860
2454884.45104 0.61814
2454885.45108 -2.98728
2454886.45113 -6.00720
2454887.45117 -6.73521
2454888.45122 -6.92725
2454889.45126 -4.96503
2454890.45131 -2.47156
2454891.45136 0.95605
2454892.45140 3.63985
2454893.45145 5.01219
2454894.45149 4.23197
2454895.45154 2.27780
2454896.45158 -1.13190
2454897.45163 -4.21405
2454898.45167 -7.06033
2454899.45172 -8.05289
2454900.45177 -6.69565
2454901.45181 -4.30252
2454902.45186 -0.34933
2454903.45190 3.13698
2454904.45195 5.76836
2454905.45199 5.05785
2454906.45204 3.26780
2454907.45209 0.16967
2454908.45213 -3.68202
2454909.45218 -7.04522
2454910.45222 -7.54290
2454911.45227 -8.15204
2454912.45231 -5.27568
2454913.45236 -1.79501
2454914.45240 1.96499
2454915.45245 4.80519
2454916.45250 4.79750
2454917.45254 4.37658
2454918.45259 1.62931
2454919.45263 -1.77797
2454920.45268 -4.57217
2454921.45272 -7.45503
2454922.45277 -7.88627
2454923.45282 -6.70291
2454924.45286 -2.76451
2454925.45291 0.59594
2454926.45295 3.88376
2454927.45300 4.85497
2454928.45304 6.02177
2454929.45309 3.03333
2454930.45313 -0.29075
2454931.45318 -3.73082
2454932.45323 -7.06633
2454933.45327 -8.32630
2454934.45332 -7.00095
2454935.45336 -4.55825
2454936.45341 -0.94455
2454937.45345 2.94173
2454938.45350 3.78185
2454939.45355 5.86652
2454940.45359 4.44451
2454941.45364 1.15318
2454942.45368 -2.20461
2454943.45373 -6.15463
2454944.45377 -7.45022
2454945.45382 -6.69621
2454946.45387 -5.57606
2454947.45391 -1.97332
2454948.45396 1.56693
2454949.45400 3.80952
2454950.45405 4.90574
2454951.45409 6.04930
2454952.45414 2.50035
2454953.45418 -0.73826
2454954.45423 -4.11186
2454955.45428 -7.01270
2454956.45432 -6.97496
2454957.45437 -6.12068
2454958.45441 -3.86326
2454959.45446 0.17848
2454960.45450 3.39533
2454961.45455 4.98263
2454962.45460 6.56483
2454963.45464 3.78520
2454964.45469 0.73717
2454965.45473 -2.99845
2454966.45478 -5.31578
2454967.45482 -7.48207
2454968.45487 -6.29263
2454969.45491 -3.47062
2454970.45496 -1.21624
2454971.45501 2.23924
2454972.45505 4.94083
2454973.45510 5.96277
2454974.45514 4.78822
2454975.45519 1.73875
2454976.45523 -1.36583
2454977.45528 -4.40995
2454978.45533 -6.18687
2454979.45537 -6.62108
2454980.45542 -6.19692
2454981.45546 -2.69803
2454982.45551 1.08297
2454983.45555 4.12302
2454984.45560 6.50005
2454985.45564 4.86036
2454986.45569 3.90422
2454987.45574 0.40184
2454988.45578 -3.45461
2454989.45583 -6.53315
2454990.45587 -7.55220
2454991.45592 -6.09851
2454992.45596 -4.05889
2454993.45601 -0.22180
2454994.45606 3.49149
2454995.45610 5.30549
2454996.45615 5.39072
2454997.45619 4.95742
2454998.45624 2.22992
2454999.45628 -1.78643
2455000.45633 -4.21909
2455001.45637 -6.62497
2455002.45642 -6.12545
2455003.45647 -4.39554
2455004.45651 -1.36499
2455005.45656 1.99223
2455006.45660 4.76232
2455007.45665 6.15003
2455008.45669 4.90563
2455009.45674 2.98137
2455010.45679 -0.07644
2455011.45683 -3.90700
2455012.45688 -6.47977
2455013.45692 -5.73120
2455014.45697 -6.07311
2455015.45701 -3.71325
2455016.45706 0.65488
2455017.45711 4.51272
2455018.45715 5.85565
2455019.45720 5.52904
2455020.45724 4.12879
2455021.45729 1.42450
2455022.45733 -2.35953
2455023.45738 -5.37388
2455024.45742 -5.60110
2455025.45747 -7.02207
2455026.45752 -4.13463
2455027.45756 -0.54230
2455028.45761 3.31946
2455029.45765 4.98897
2455030.45770 6.41168
2455031.45774 6.89330
2455032.45779 3.01750
2455033.45784 -0.54376
2455034.45788 -4.15888
2455035.45793 -7.31338
2455036.45797 -6.76169
2455037.45802 -5.41240
2455038.45806 -1.69294
2455039.45811 1.39762
2455040.45815 5.04760
2455041.45820 5.65527
2455227.46669 0.88197
2455228.46673 -1.93144
2455229.46678 -3.95576
2455230.46682 -4.17196
2455231.46687 -3.00011
2455232.46692 0.63926
2455233.46696 4.58521
2455234.46701 7.59437
2455235.46705 8.29216
2455236.46710 6.41739
2455237.46714 6.94189
2455238.46719 2.69351
2455239.46724 -1.17897
2455240.46728 -3.73529
2455241.46733 -4.36912
2455242.46737 -3.65105
2455243.46742 -0.84051
2455244.46746 2.82264
2455245.46751 5.57406
2455246.46755 8.94959
2455247.46760 9.07100
2455248.46765 6.04033
2455249.46769 3.78860
2455250.46774 0.47024
2455251.46778 -2.87564
2455252.46783 -3.77623
2455253.46787 -4.15135
2455254.46792 -2.02763
2455255.46797 1.36535
2455256.46801 4.24926
2455257.46806 6.55329
2455258.46810 9.40544
2455259.46815 8.37920
2455260.46819 6.46733
2455261.46824 1.96021
2455262.46829 -1.55390
2455263.46833 -3.63976
2455264.46838 -3.21476
2455265.46842 -2.89552
2455266.46847 0.08377
2455267.46851 3.84525
2455268.46856 7.30308
2455269.46860 9.59737
2455270.46865 8.39268
2455271.46870 6.37009
2455272.46874 2.78080
2455273.46879 0.01079
2455274.46883 -2.95233
2455275.46888 -3.84310
2455276.46892 -3.77541
2455277.46897 -1.19161
2455278.46902 2.08126
2455279.46906 6.15036
2455280.46911 8.78104
2455281.46915 7.90529
2455282.46920 7.43195
2455283.46924 4.61980
2455284.46929 1.56938
2455285.46933 -1.69498
2455286.46938 -4.40569
2455287.46943 -4.30957
2455288.46947 -1.89729
2455289.46952 0.93751
2455290.46956 4.38599
2455291.46961 8.36785
2455292.46965 10.17550
2455293.46970 7.81677
2455294.46975 6.76651
2455295.46979 2.97229
2455296.46984 -0.44044
2455297.46988 -3.43852
2455298.46993 -3.62097
2455299.46997 -3.03065
2455300.47002 -0.28002
2455301.47006 2.69132
2455302.47011 6.06806
2455303.47016 7.76409
2455304.47020 8.53975
2455305.47025 7.21975
2455306.47029 4.83619
2455307.47034 0.97194
2455308.47038 -2.35543
2455309.47043 -3.74833
2455310.47048 -3.73020
2455311.47052 -1.29824
2455312.47057 1.71471
2455313.47061 6.22537
2455314.47066 9.14812
2455315.47070 8.11481
2455316.47075 7.46694
2455317.47079 6.64300
2455318.47084 2.53863
2455319.47089 -0.71198
2455320.47093 -3.63214
2455321.47098 -3.47718
2455322.47102 -2.55289
2455323.47107 0.50485
2455324.47111 5.08177
2455325.47116 7.74988
2455326.47121 9.59277
2455327.47125 9.48687
2455328.47130 7.24182
2455329.47134 4.17107
2455330.47139 0.44509
2455331.47143 -2.30554
2455332.47148 -3.61795
2455333.47153 -2.53687
2455334.47157 -0.69372
2455335.47162 2.68780
2455336.47166 6.64101
2455337.47171 9.81618
2455338.47175 9.08958
2455339.47180 7.73979
2455340.47184 5.75263
2455341.47189 1.96401
2455342.47194 -1.20230
2455343.47198 -3.59775
2455344.47203 -3.40768
2455345.47207 -1.71632
2455346.47212 1.28226
2455347.47216 4.66735
2455348.47221 7.58872
2455349.47226 8.11109
2455350.47230 8.14537
2455351.47235 7.65708
2455352.47239 3.51659
2455353.47244 0.08646
2455354.47248 -3.02565
2455355.47253 -3.77462
2455356.47257 -2.50021
2455357.47262 0.08946
2455358.47267 3.70953
2455359.47271 5.56879
2455360.47276 10.48058
2455361.47280 10.94892
2455362.47285 7.70938
2455363.47289 5.71691
2455364.47294 1.62402
2455365.47299 -1.52584
2455366.47303 -3.42360
2455367.47308 -3.42763
2455368.47312 -1.19392
2455369.47317 2.19472
2455370.47321 6.18085
2455371.47326 8.46385
2455372.47330 9.74044
2455373.47335 10.29252
2455374.47340 7.43127
2455375.47344 2.87688
2455376.47349 -0.35440
2455377.47353 -2.75977
2455378.47358 -2.97536
2455379.47362 -2.09709
2455380.47367 0.99624
2455381.47372 5.12186
2455382.47376 8.14210
2455383.47381 9.60230
2455384.47385 8.80058
2455385.47390 8.19563
2455386.47394 4.86390
2455387.47399 1.14787
2455388.47403 -1.96863
2455389.47408 -3.75933
2455390.47413 -2.76161
2455391.47417 -0.31667
2455392.47422 3.23334
2455393.47426 6.68951
2455394.47431 9.30136
2455395.47435 11.13758
2455396.47440 8.60595
2455397.47445 5.32671
2455398.47449 2.33405
2455399.47454 -0.71381
2455400.47458 -3.58321
2455401.47463 -3.08042
2455402.47467 -1.19624
2455403.47472 1.65757
2455404.47476 5.87784
2455405.47481 8.90714
2455406.47486 11.49307
2455592.48334 3.16770
2455593.48339 -0.25403
2455594.48344 -2.18998
2455595.48348 -2.00228
2455596.48353 -0.16059
2455597.48357 3.04368
2455598.48362 6.32901
2455599.48366 9.73410
2455600.48371 9.77498
2455601.48375 9.96592
2455602.48380 8.15010
2455603.48385 4.90026
2455604.48389 1.02395
2455605.48394 -1.63407
2455606.48398 -2.14701
2455607.48403 -1.23981
2455608.48407 1.73414
2455609.48412 5.64404
2455610.48417 8.41647
2455611.48421 10.81447
2455612.48426 10.12044
2455613.48430 8.71844
2455614.48435 4.89609
2455615.48439 2.32336
2455616.48444 -0.61219
2455617.48448 -2.31690
2455618.48453 -1.95604
2455619.48458 0.43587
2455620.48462 3.50315
2455621.48467 8.66973
2455622.48471 9.76653
2455623.48476 10.89587
2455624.48480 9.48587
2455625.48485 7.13208
2455626.48490 4.03461
2455627.48494 0.40194
2455628.48499 -1.79554
2455629.48503 -2.07875
2455630.48508 -0.60483
2455631.48512 2.51506
2455632.48517 6.07411
2455633.48521 9.33260
2455634.48526 11.54530
2455635.48531 10.55328
2455636.48535 6.36633
2455637.48540 5.10181
2455638.48544 1.56859
2455639.48549 -1.06957
2455640.48553 -2.39766
2455641.48558 -1.37955
2455642.48563 1.11571
2455643.48567 4.35571
2455644.48572 6.42071
2455645.48576 10.48700
2455646.48581 10.56652
2455647.48585 8.50947
2455648.48590 7.12876
2455649.48595 2.93527
2455650.48599 -0.13432
2455651.48604 -2.26933
2455652.48608 -2.21078
2455653.48613 -0.14727
2455654.48617 2.39879
2455655.48622 6.62518
2455656.48626 9.88089
2455657.48631 9.88543
2455658.48636 10.18299
2455659.48640 7.02693
2455660.48645 5.11128
2455661.48649 1.12629
2455662.48654 -1.48045
2455663.48658 -2.24631
2455664.48663 -0.95224
2455665.48668 1.54400
2455666.48672 6.21034
2455667.48677 9.85738
2455668.48681 10.24818
2455669.48686 11.89555
2455670.48690 8.37830
2455671.48695 6.46741
2455672.48699 2.64809
2455673.48704 -0.64307
2455674.48709 -2.09039
2455675.48713 -1.80492
2455676.48718 0.42728
2455677.48722 2.91003
2455678.48727 8.40821
2455679.48731 10.33070
2455680.48736 9.70844
2455681.48741 9.71094
2455682.48745 6.34415
2455683.48750 4.04749
2455684.48754 0.47147
2455685.48759 -2.09243
2455686.48763 -2.23395
2455687.48768 -0.70430
2455688.48772 2.74099
2455689.48777 6.16582
2455690.48782 8.77473
2455691.48786 11.29547
2455692.48791 9.79139
2455693.48795 9.78625
2455694.48800 5.13958
2455695.48804 1.77272
2455696.48809 -1.21429
2455697.48814 -2.27674
2455698.48818 -1.44959
2455699.48823 1.19400
2455700.48827 4.04037
2455701.48832 7.57898
2455702.48836 10.73217
2455703.48841 10.35681
2455704.48845 9.25962
2455705.48850 5.95298
2455706.48855 3.10012
2455707.48859 -0.08776
2455708.48864 -1.95663
2455709.48868 -1.92401
2455710.48873 -0.16244
2455711.48877 2.97179
2455712.48882 6.45615
2455713.48887 9.59419
2455714.48891 8.55587
2455715.48896 11.75786
2455716.48900 7.94322
2455717.48905 4.60565
2455718.48909 1.10339
2455719.48914 -1.44799
2455720.48918 -2.20182
2455721.48923 -1.09578
2455722.48928 1.65268
2455723.48932 5.27236
2455724.48937 8.88499
2455725.48941 11.36075
2455726.48946 11.78221
2455727.48950 9.36478
2455728.48955 5.93773
2455729.48960 2.68355
2455730.48964 -0.58245
2455731.48969 -2.04975
2455732.48973 -1.91148
2455733.48978 0.31008
2455734.48982 3.07279
2455735.48987 9.52199
2455736.48992 9.91018
2455737.48996 10.32919
2455738.49001 10.63588
2455739.49005 7.05612
2455740.49010 4.38696
2455741.49014 0.50579
2455742.49019 -1.82800
2455743.49023 -2.23567
2455744.49028 -0.77105
2455745.49033 2.51573
2455746.49037 5.92338
2455747.49042 9.94980
2455748.49046 9.73234
2455749.49051 10.36058
2455750.49055 6.98494
2455751.49060 4.78709
2455752.49065 1.66418
2455753.49069 -0.96805
2455754.49074 -2.48606
2455755.49078 -1.68810
2455756.49083 0.79488
2455757.49087 3.83755
2455758.49092 7.14337
2455759.49096 9.72248
2455760.49101 11.04437
2455761.49106 9.83685
2455762.49110 6.96397
2455763.49115 2.99936
2455764.49119 -0.12178
2455765.49124 -2.23460
2455766.49128 -2.36465
2455767.49133 -0.31067
2455768.49138 2.88953
2455769.49142 6.36396
2455770.49147 8.68642
2455771.49151 9.97431
2455957.50000 1.64136
