2445000.00000 2.38489
2445001.00005 -0.98962
2445002.00009 7.53380
2445003.00014 5.35890
2445004.00018 -4.07761
2445005.00023 3.24956
2445006.00027 5.65576
2445007.00032 -4.45304
2445008.00037 -3.22551
2445009.00041 5.06778
2445010.00046 -3.26335
2445011.00050 -10.01636
2445012.00055 0.96056
2445013.00059 -1.74018
2445014.00064 -9.13601
2445015.00068 -4.39853
2445016.00073 -0.08103
2445017.00078 -9.82765
2445018.00082 -8.81849
2445019.00087 -0.15734
2445020.00091 -7.71532
2445021.00096 -14.44623
2445022.00100 -2.10843
2445023.00105 -3.64827
2445024.00110 -10.15576
2445025.00114 -5.30293
2445026.00119 0.60822
2445027.00123 -8.33102
2445028.00128 -8.02047
2445029.00132 2.33072
2445030.00137 -3.38556
2445031.00141 -7.05992
2445032.00146 2.37474
2445033.00151 2.71342
2445034.00155 -5.87947
2445035.00160 0.56848
2445036.00164 6.88765
2445037.00169 -1.61293
2445038.00173 -1.01978
2445039.00178 8.07607
2445040.00183 4.74632
2445041.00187 -1.24620
2445042.00192 7.01524
2445043.00196 10.69204
2445044.00201 0.15899
2445045.00205 5.34794
2445046.00210 12.96110
2445047.00214 3.66668
2445048.00219 1.87790
2445049.00224 10.45394
2445050.00228 6.93317
2445051.00233 -0.20268
2445052.00237 9.24039
2445053.00242 11.56984
2445054.00246 -0.61503
2445055.00251 2.24984
2445056.00256 9.22722
2445057.00260 0.52846
2445058.00265 -2.34382
2445059.00269 7.82982
2445060.00274 2.74973
2445061.00278 -5.67871
2445062.00283 1.23516
2445063.00287 3.95363
2445064.00292 -7.67952
2445065.00297 -4.73593
2445066.00301 2.95500
2445067.00306 -5.87921
2445068.00310 -11.45579
2445069.00315 -0.15165
2445070.00319 -3.95757
2445071.00324 -13.13488
2445072.00329 -4.34661
2445073.00333 -1.00581
2445074.00338 -10.37378
2445075.00342 -9.56837
2445076.00347 -0.16786
2445077.00351 -8.00704
2445078.00356 -11.63546
2445079.00361 -1.37190
2445080.00365 -2.54278
2445081.00370 -11.57270
2445082.00374 -3.27956
2445083.00379 1.98249
2445084.00383 -6.99588
2445085.00388 -5.27992
2445086.00392 5.47758
2445087.00397 -1.75879
2445088.00402 -5.04181
2445089.00406 4.58942
2445090.00411 5.39837
2445091.00415 -3.92412
2445092.00420 3.10620
2445093.00424 10.18540
2445094.00429 0.14897
2445095.00434 1.04650
2445096.00438 12.62989
2445097.00443 5.72180
2445098.00447 -0.10765
2445099.00452 7.90960
2445100.00456 8.25052
2445101.00461 0.56281
2445102.00465 6.14707
2445103.00470 13.22677
2445104.00475 3.00292
2445105.00479 1.69888
2445106.00484 12.52585
2445107.00488 6.76050
2445108.00493 -1.20158
2445109.00497 7.04995
2445110.00502 9.22545
2445111.00507 -2.79980
2445112.00511 1.54883
2445113.00516 8.32774
2445114.00520 -2.09757
2445115.00525 -5.24946
2445116.00529 4.98903
2445117.00534 -0.06273
2445118.00538 -7.96718
2445119.00543 -0.14413
2445120.00548 1.50513
2445121.00552 -9.20913
2445122.00557 -5.98108
2445123.00561 1.28402
2445124.00566 -7.77135
2445125.00570 -8.35721
2445126.00575 -0.98549
2445127.00580 -4.60276
2445128.00584 -11.04357
2445129.00589 -4.45516
2445130.00593 -1.46164
2445131.00598 -8.69603
2445132.00602 -8.32770
2445133.00607 0.54913
2445134.00611 -7.35556
2445135.00616 -11.44031
2445136.00621 0.41101
2445137.00625 -1.65228
2445138.00630 -9.25541
2445139.00634 -1.15304
2445140.00639 3.94394
2445141.00643 -5.30168
2445142.00648 -3.16492
2445143.00653 6.42893
2445144.00657 0.13967
2445145.00662 -2.71601
2445146.00666 7.22876
2445147.00671 6.31971
2445148.00675 -2.38660
2445149.00680 4.65424
2445150.00684 12.11392
2445151.00689 1.14976
2445152.00694 2.68055
2445153.00698 10.65936
2445154.00703 6.17322
2445155.00707 0.55706
2445156.00712 11.37321
2445157.00716 9.77316
2445158.00721 0.28220
2445159.00726 6.47282
2445160.00730 12.29264
2445161.00735 1.85192
2445162.00739 1.15283
2445163.00744 10.35742
2445164.00748 3.52083
2445165.00753 -3.43586
2445166.00758 5.51743
2445167.00762 5.68273
2445168.00767 -4.94993
2445169.00771 -0.14258
2445170.00776 4.85510
2445171.00780 -4.11053
2445172.00785 -5.56552
2445173.00789 3.09335
2445174.00794 -2.70099
2445175.00799 -9.54442
2445176.00803 -1.64252
2445177.00808 -0.49708
2445178.00812 -13.75468
2445179.00817 -7.41979
2445366.01670 -1.59784
2445367.01675 8.82364
2445368.01679 11.03711
2445369.01684 0.35603
2445370.01688 5.13059
2445371.01693 12.69193
2445372.01698 4.07768
2445373.01702 1.82433
2445374.01707 13.31885
2445375.01711 7.41330
2445376.01716 -0.26808
2445377.01720 7.47106
2445378.01725 10.17843
2445379.01729 -0.44536
2445380.01734 2.65195
2445381.01739 12.23372
2445382.01743 1.02485
2445383.01748 -2.56338
2445384.01752 6.99591
2445385.01757 2.97392
2445386.01761 -6.06413
2445387.01766 1.09064
2445388.01771 3.59451
2445389.01775 -7.18044
2445390.01780 -5.08674
2445391.01784 3.06742
2445392.01789 -5.64910
2445393.01793 -9.20418
2445394.01798 -0.47885
2445395.01803 -2.57933
2445396.01807 -11.73670
2445397.01812 -4.75176
2445398.01816 -0.84872
2445399.01821 -10.16544
2445400.01825 -9.44205
2445401.01830 -0.21317
2445402.01834 -6.65676
2445403.01839 -11.04549
2445404.01844 -1.60622
2445405.01848 -2.16439
2445406.01853 -11.97095
2445407.01857 -3.91792
2445408.01862 2.22489
2445409.01866 -8.15615
2445410.01871 -5.88180
2445411.01876 3.33086
2445412.01880 -1.04429
2445413.01885 -5.41506
2445414.01889 3.92979
2445415.01894 5.55979
2445416.01898 -4.19251
2445417.01903 2.71706
2445418.01907 10.74342
2445419.01912 0.57937
2445420.01917 0.56473
2445421.01921 10.21338
2445422.01926 6.15666
2445423.01930 -0.25070
2445424.01935 10.51894
2445425.01939 12.33771
2445426.01944 0.75157
2445427.01949 6.79141
2445428.01953 11.42652
2445429.01958 3.33636
2445430.01962 1.90234
2445431.01967 11.38083
2445432.01971 7.09990
2445433.01976 -1.39256
2445434.01980 7.03915
2445435.01985 8.09256
2445436.01990 -2.73150
2445437.01994 1.20458
2445438.01999 9.33079
2445439.02003 -1.66060
2445440.02008 -4.32264
2445441.02012 4.87882
2445442.02017 0.38223
2445443.02022 -8.35363
2445444.02026 -0.55885
2445445.02031 1.57686
2445446.02035 -9.01816
2445447.02040 -5.52557
2445448.02044 1.21861
2445449.02049 -7.18173
2445450.02053 -11.96121
2445451.02058 -1.04556
2445452.02063 -4.27387
2445453.02067 -13.65664
2445454.02072 -5.16864
2445455.02076 -1.06901
2445456.02081 -12.65655
2445457.02085 -9.33584
2445458.02090 0.50623
2445459.02095 -6.35653
2445460.02099 -10.74126
2445461.02104 0.13716
2445462.02108 -0.91410
2445463.02113 -9.73808
2445464.02117 -1.43814
2445465.02122 3.76336
2445466.02126 -5.28858
2445467.02131 -3.56489
2445468.02136 6.01589
2445469.02140 0.54851
2445470.02145 -3.67568
2445471.02149 6.94369
2445472.02154 6.12049
2445473.02158 -2.41949
2445474.02163 5.27304
2445475.02168 11.12605
2445476.02172 1.66762
2445477.02177 2.41959
2445478.02181 13.52081
2445479.02186 6.71208
2445480.02190 0.41661
2445481.02195 8.43394
2445482.02200 9.53934
2445483.02204 0.39617
2445484.02209 6.77467
2445485.02213 13.83411
2445486.02218 2.02389
2445487.02222 0.87189
2445488.02227 8.69665
2445489.02231 4.34890
2445490.02236 -2.54385
2445491.02241 5.09001
2445492.02245 5.60934
2445493.02250 -4.83161
2445494.02254 -0.63679
2445495.02259 6.25681
2445496.02263 -4.36829
2445497.02268 -5.90872
2445498.02273 2.80849
2445499.02277 -1.98805
2445500.02282 -11.43666
2445501.02286 -2.28628
2445502.02291 -0.21550
2445503.02295 -10.78630
2445504.02300 -8.55695
2445505.02304 0.17849
2445506.02309 -7.68329
2445507.02314 -12.94785
2445508.02318 -1.18581
2445509.02323 -4.29082
2445510.02327 -10.79936
2445511.02332 -4.89187
2445512.02336 -0.67036
2445513.02341 -10.22322
2445514.02346 -7.90042
2445515.02350 1.64229
2445516.02355 -5.57213
2445517.02359 -9.54841
2445518.02364 2.08024
2445519.02368 0.54116
2445520.02373 -8.30975
2445521.02377 0.92833
2445522.02382 6.00513
2445523.02387 -3.58932
2445524.02391 -1.07715
2445525.02396 8.54023
2445526.02400 2.36489
2445527.02405 -1.94770
2445528.02409 9.86219
2445529.02414 7.74800
2445530.02419 -0.88892
2445531.02423 6.50560
2445532.02428 9.40342
2445533.02432 2.37902
2445534.02437 3.15594
2445535.02441 12.65369
2445536.02446 6.05173
2445537.02450 0.48366
2445538.02455 11.89404
2445539.02460 9.32466
2445540.02464 -0.57813
2445541.02469 6.04967
2445542.02473 11.82685
2445543.02478 0.29984
2445544.02482 -0.49789
2445545.02487 7.96108
2445731.03336 -10.94451
2445732.03340 -3.98461
2445733.03345 2.48133
2445734.03349 -7.74858
2445735.03354 -5.76272
2445736.03359 4.24339
2445737.03363 -0.64652
2445738.03368 -6.67204
2445739.03372 3.68178
2445740.03377 6.00195
2445741.03381 -4.08441
2445742.03386 2.35169
2445743.03391 9.64751
2445744.03395 0.90160
2445745.03400 0.29342
2445746.03404 10.65872
2445747.03409 6.00129
2445748.03413 -0.32149
2445749.03418 9.24560
2445750.03422 10.11436
2445751.03427 0.93457
2445752.03432 5.57710
2445753.03436 14.78333
2445754.03441 3.84360
2445755.03445 1.49173
2445756.03450 11.72060
2445757.03454 7.37344
2445758.03459 -1.58098
2445759.03464 6.81723
2445760.03468 8.13940
2445761.03473 -2.29758
2445762.03477 0.56386
2445763.03482 10.34163
2445764.03486 -0.97174
2445765.03491 -5.39959
2445766.03495 3.69127
2445767.03500 0.77887
2445768.03505 -8.33319
2445769.03509 -1.06491
2445770.03514 2.05799
2445771.03518 -9.50196
2445772.03523 -7.45851
2445773.03527 1.22630
2445774.03532 -7.38169
2445775.03537 -10.92275
2445776.03541 -1.43611
2445777.03546 -4.09743
2445778.03550 -10.99898
2445779.03555 -5.74731
2445780.03559 -1.01228
2445781.03564 -11.98702
2445782.03568 -10.58869
2445783.03573 0.41308
2445784.03578 -5.89974
2445785.03582 -12.52540
2445786.03587 -0.23481
2445787.03591 -0.63779
2445788.03596 -8.70022
2445789.03600 -1.90538
2445790.03605 4.32795
2445791.03610 -4.50039
2445792.03614 -3.32565
2445793.03619 6.87576
2445794.03623 0.91091
2445795.03628 -4.11490
2445796.03632 5.68811
2445797.03637 6.82190
2445798.03642 -1.91258
2445799.03646 4.31704
2445800.03651 10.88789
2445801.03655 1.79693
2445802.03660 1.64151
2445803.03664 14.13075
2445804.03669 6.62382
2445805.03673 0.30200
2445806.03678 9.45613
2445807.03683 11.72535
2445808.03687 0.63912
2445809.03692 6.27142
2445810.03696 14.10070
2445811.03701 2.07941
2445812.03705 0.51629
2445813.03710 11.76652
2445814.03715 5.87495
2445815.03719 -3.14688
2445816.03724 5.52946
2445817.03728 6.57309
2445818.03733 -4.68675
2445819.03737 -0.83074
2445820.03742 6.20929
2445821.03746 -3.88913
2445822.03751 -7.18532
2445823.03756 2.77202
2445824.03760 -1.75061
2445825.03765 -9.57947
2445826.03769 -2.65665
2445827.03774 0.07667
2445828.03778 -10.64092
2445829.03783 -7.09555
2445830.03788 0.17540
2445831.03792 -8.18097
2445832.03797 -13.51411
2445833.03801 -1.30197
2445834.03806 -4.35646
2445835.03810 -12.05235
2445836.03815 -5.08382
2445837.03819 -0.47160
2445838.03824 -11.25044
2445839.03829 -8.03162
2445840.03833 1.62284
2445841.03838 -5.72300
2445842.03842 -9.45027
2445843.03847 2.10786
2445844.03851 0.83602
2445845.03856 -8.37641
2445846.03861 0.36816
2445847.03865 4.68379
2445848.03870 -3.16452
2445849.03874 -1.36654
2445850.03879 7.64168
2445851.03883 3.12849
2445852.03888 -1.88309
2445853.03892 8.37948
2445854.03897 7.65595
2445855.03902 -0.66392
2445856.03906 5.26801
2445857.03911 11.75348
2445858.03915 2.78698
2445859.03920 2.42994
2445860.03924 10.65162
2445861.03929 6.39715
2445862.03934 0.31822
2445863.03938 10.25869
2445864.03943 11.76301
2445865.03947 -0.41994
2445866.03952 5.09423
2445867.03956 9.71226
2445868.03961 0.77844
2445869.03966 -0.67523
2445870.03970 9.46991
2445871.03975 2.76203
2445872.03979 -5.19505
2445873.03984 2.79198
2445874.03988 4.08497
2445875.03993 -7.94222
2445876.03997 -2.93009
2445877.04002 4.01886
2445878.04007 -5.89119
2445879.04011 -10.12531
2445880.04016 1.16210
2445881.04020 -3.81241
2445882.04025 -12.64093
2445883.04029 -2.88194
2445884.04034 -1.39090
2445885.04039 -12.36636
2445886.04043 -9.29619
2445887.04048 -0.19593
2445888.04052 -8.19493
2445889.04057 -11.02796
2445890.04061 -0.91142
2445891.04066 -3.42282
2445892.04070 -12.77381
2445893.04075 -3.34437
2445894.04080 0.57407
2445895.04084 -9.00151
2445896.04089 -6.35204
2445897.04093 3.89977
2445898.04098 -3.80030
2445899.04102 -6.76176
2445900.04107 4.44322
2445901.04112 2.82016
2445902.04116 -6.51724
2445903.04121 3.49282
2445904.04125 6.77214
2445905.04130 -1.45174
2445906.04134 0.83941
2445907.04139 9.07545
2445908.04143 3.72404
2445909.04148 -0.34713
2445910.04153 12.09162
2446096.05001 -8.35214
2446097.05006 -6.88221
2446098.05010 0.83666
2446099.05015 -5.94915
2446100.05020 -11.03732
2446101.05024 -1.71613
2446102.05029 -3.70597
2446103.05033 -11.47423
2446104.05038 -5.28185
2446105.05042 -0.59395
2446106.05047 -10.86094
2446107.05052 -8.63447
2446108.05056 0.34313
2446109.05061 -5.71187
2446110.05065 -14.03604
2446111.05070 -0.53654
2446112.05074 -0.22122
2446113.05079 -10.09814
2446114.05084 -2.31196
2446115.05088 4.51477
2446116.05093 -4.79163
2446117.05097 -3.19308
2446118.05102 6.76696
2446119.05106 1.65387
2446120.05111 -4.23086
2446121.05115 5.94300
2446122.05120 7.39608
2446123.05125 -2.11969
2446124.05129 3.98388
2446125.05134 13.35545
2446126.05138 2.55246
2446127.05143 1.52142
2446128.05147 10.78863
2446129.05152 6.95961
2446130.05157 0.22713
2446131.05161 9.47774
2446132.05166 12.64141
2446133.05170 0.84229
2446134.05175 5.23927
2446135.05179 11.60233
2446136.05184 3.27320
2446137.05188 0.19453
2446138.05193 8.92051
2446139.05198 6.95264
2446140.05202 -3.35217
2446141.05207 5.12449
2446142.05211 6.58448
2446143.05216 -3.55483
2446144.05220 -1.46774
2446145.05225 5.56164
2446146.05230 -3.38189
2446147.05234 -6.45127
2446148.05239 1.99571
2446149.05243 -1.19506
2446150.05248 -8.79064
2446151.05252 -2.84063
2446152.05257 0.33219
2446153.05261 -9.99948
2446154.05266 -8.05901
2446155.05271 0.17285
2446156.05275 -8.17929
2446157.05280 -12.42395
2446158.05284 -1.96108
2446159.05289 -3.87294
2446160.05293 -13.36529
2446161.05298 -5.77978
2446162.05303 -0.21081
2446163.05307 -10.44702
2446164.05312 -8.52598
2446165.05316 1.58072
2446166.05321 -5.04377
2446167.05325 -8.83667
2446168.05330 1.81644
2446169.05334 1.35195
2446170.05339 -9.63767
2446171.05344 -0.01764
2446172.05348 6.29082
2446173.05353 -3.00204
2446174.05357 -1.78950
2446175.05362 7.96814
2446176.05366 3.57646
2446177.05371 -2.59217
2446178.05376 9.06372
2446179.05380 7.95886
2446180.05385 -0.59942
2446181.05389 5.49745
2446182.05394 11.51593
2446183.05398 2.43526
2446184.05403 2.19545
2446185.05408 11.74631
2446186.05412 6.29492
2446187.05417 0.22193
2446188.05421 11.64051
2446189.05426 9.93758
2446190.05430 -0.21103
2446191.05435 4.70636
2446192.05439 10.74124
2446193.05444 1.08698
2446194.05449 -1.20586
2446195.05453 9.26636
2446196.05458 3.06141
2446197.05462 -5.71306
2446198.05467 2.81290
2446199.05471 4.07018
2446200.05476 -6.33806
2446201.05481 -3.38279
2446202.05485 4.07503
2446203.05490 -5.78761
2446204.05494 -8.47528
2446205.05499 0.95133
2446206.05503 -3.58188
2446207.05508 -13.73723
2446208.05512 -4.63464
2446209.05517 -1.04221
2446210.05522 -10.62098
2446211.05526 -9.43111
2446212.05531 -0.22420
2446213.05535 -9.10446
2446214.05540 -13.10728
2446215.05544 -1.52384
2446216.05549 -3.72594
2446217.05554 -14.04016
2446218.05558 -3.17507
2446219.05563 0.86970
2446220.05567 -9.58528
2446221.05572 -6.05017
2446222.05576 3.63744
2446223.05581 -3.81231
2446224.05585 -6.03103
2446225.05590 4.36900
2446226.05595 3.40384
2446227.05599 -5.27893
2446228.05604 2.37947
2446229.05608 8.18735
2446230.05613 -1.07917
2446231.05617 0.60829
2446232.05622 10.64090
2446233.05627 3.74616
2446234.05631 -0.50227
2446235.05636 9.26284
2446236.05640 9.82722
2446237.05645 0.21033
2446238.05649 5.86782
2446239.05654 11.73593
2446240.05658 2.63345
2446241.05663 2.58561
2446242.05668 13.68333
2446243.05672 6.48780
2446244.05677 -0.56074
2446245.05681 9.64669
2446246.05686 8.93154
2446247.05690 -1.74761
2446248.05695 2.65863
2446249.05700 9.50863
2446250.05704 -1.30823
2446251.05709 -2.35219
2446252.05713 5.48126
2446253.05718 0.68897
2446254.05722 -6.65782
2446255.05727 1.29071
2446256.05731 2.34411
2446257.05736 -7.55802
2446258.05741 -4.79668
2446259.05745 1.61771
2446260.05750 -7.91612
2446261.05754 -9.58021
2446262.05759 -0.23968
2446263.05763 -4.89018
2446264.05768 -12.45070
2446265.05773 -4.25987
2446266.05777 -1.86425
2446267.05782 -12.02456
2446268.05786 -7.81117
2446269.05791 0.07954
2446270.05795 -8.62560
2446271.05800 -9.37985
2446272.05805 -0.04244
2446273.05809 -2.57148
2446274.05814 -10.56711
2446275.05818 -1.61247
2446461.06667 3.62695
2446462.06672 -0.07514
2446463.06676 10.35152
2446464.06681 6.79619
2446465.06685 -2.60271
2446466.06690 5.14541
2446467.06694 8.46760
2446468.06699 -3.56805
2446469.06703 -2.16850
2446470.06708 6.81770
2446471.06713 -2.56746
2446472.06717 -7.76109
2446473.06722 2.27328
2446474.06726 -0.64663
2446475.06731 -10.66356
2446476.06735 -3.55564
2446477.06740 0.69183
2446478.06745 -8.38465
2446479.06749 -8.88069
2446480.06754 0.10183
2446481.06758 -6.59002
2446482.06763 -11.23282
2446483.06767 -2.51806
2446484.06772 -3.55333
2446485.06776 -12.59340
2446486.06781 -6.93792
2446487.06786 -0.00689
2446488.06790 -9.34266
2446489.06795 -9.67566
2446490.06799 1.85936
2446491.06804 -4.00065
2446492.06808 -9.48451
2446493.06813 1.11504
2446494.06818 1.66773
2446495.06822 -5.80885
2446496.06827 -0.52575
2446497.06831 6.89649
2446498.06836 -2.47451
2446499.06840 -2.11381
2446500.06845 7.68757
2446501.06850 4.47595
2446502.06854 -2.17683
2446503.06859 7.59072
2446504.06863 8.71256
2446505.06868 -0.36598
2446506.06872 5.08790
2446507.06877 12.86216
2446508.06881 3.63317
2446509.06886 1.85033
2446510.06891 15.97056
2446511.06895 6.61016
2446512.06900 0.11961
2446513.06904 7.94598
2446514.06909 12.04044
2446515.06913 -0.00696
2446516.06918 4.07474
2446517.06923 10.62245
2446518.06927 1.46509
2446519.06932 -1.38533
2446520.06936 9.51505
2446521.06941 3.73484
2446522.06945 -6.16228
2446523.06950 2.50093
2446524.06954 4.57287
2446525.06959 -6.21074
2446526.06964 -3.38468
2446527.06968 4.07745
2446528.06973 -5.01279
2446529.06977 -9.97568
2446530.06982 0.58356
2446531.06986 -2.57036
2446532.06991 -11.46760
2446533.06996 -3.58072
2446534.07000 -0.76106
2446535.07005 -10.08168
2446536.07009 -9.12124
2446537.07014 -0.21292
2446538.07018 -8.52089
2446539.07023 -12.57040
2446540.07027 -1.76186
2446541.07032 -2.88885
2446542.07037 -13.05781
2446543.07041 -5.06384
2446544.07046 1.08911
2446545.07050 -9.55337
2446546.07055 -7.14772
2446547.07059 3.88731
2446548.07064 -2.17379
2446549.07069 -7.78146
2446550.07073 4.08607
2446551.07078 3.84117
2446552.07082 -5.20540
2446553.07087 1.75290
2446554.07091 8.57625
2446555.07096 -0.95880
2446556.07100 0.16046
2446557.07105 10.31727
2446558.07110 4.36824
2446559.07114 -0.78082
2446560.07119 9.58422
2446561.07123 9.93731
2446562.07128 0.41535
2446563.07132 6.81198
2446564.07137 13.96907
2446565.07142 3.39062
2446566.07146 3.00912
2446567.07151 11.12063
2446568.07155 6.83334
2446569.07160 -0.53930
2446570.07164 7.31178
2446571.07169 9.00376
2446572.07173 -1.75289
2446573.07178 2.81983
2446574.07183 9.70924
2446575.07187 -0.63211
2446576.07192 -3.16874
2446577.07196 5.54570
2446578.07201 1.25696
2446579.07205 -8.70920
2446580.07210 1.09276
2446581.07215 2.55275
2446582.07219 -8.65061
2446583.07224 -4.65032
2446584.07228 2.08908
2446585.07233 -5.17536
2446586.07237 -8.52040
2446587.07242 -0.44405
2446588.07247 -4.81024
2446589.07251 -13.34979
2446590.07256 -4.35426
2446591.07260 -1.44873
2446592.07265 -15.03487
2446593.07269 -9.83211
2446594.07274 0.09287
2446595.07278 -7.04024
2446596.07283 -9.98463
2446597.07288 -0.28673
2446598.07292 -2.17453
2446599.07297 -10.26034
2446600.07301 -1.88891
2446601.07306 2.39211
2446602.07310 -6.74457
2446603.07315 -4.22193
2446604.07320 5.61450
2446605.07324 -0.91791
2446606.07329 -5.03933
2446607.07333 5.11573
2446608.07338 5.07030
2446609.07342 -3.32321
2446610.07347 4.65194
2446611.07351 9.34617
2446612.07356 0.54947
2446613.07361 1.69247
2446614.07365 12.31293
2446615.07370 5.43516
2446616.07374 0.37092
2446617.07379 9.45243
2446618.07383 9.87572
2446619.07388 0.49826
2446620.07393 4.87840
2446621.07397 13.01923
2446622.07402 2.34342
2446623.07406 1.94027
2446624.07411 11.52719
2446625.07415 5.86592
2446626.07420 -1.88157
2446627.07424 7.77779
2446628.07429 7.34962
2446629.07434 -3.74430
2446630.07438 1.08666
2446631.07443 6.97172
2446632.07447 -3.27080
2446633.07452 -4.80519
2446634.07456 4.29577
2446635.07461 -1.52991
2446636.07466 -10.78219
2446637.07470 -0.71126
2446638.07475 0.27448
2446639.07479 -10.38230
2446640.07484 -5.70784
2446827.08337 -2.44163
2446828.08342 7.08116
2446829.08346 10.47703
2446830.08351 -0.16483
2446831.08355 5.27733
2446832.08360 13.10788
2446833.08365 3.70247
2446834.08369 1.97147
2446835.08374 12.76511
2446836.08378 7.40456
2446837.08383 0.07611
2446838.08387 10.37282
2446839.08392 12.34032
2446840.08396 0.28991
2446841.08401 2.98027
2446842.08406 10.84313
2446843.08410 2.00902
2446844.08415 -1.96467
2446845.08419 7.95194
2446846.08424 4.46777
2446847.08428 -5.34009
2446848.08433 2.49319
2446849.08438 4.66274
2446850.08442 -6.64601
2446851.08447 -3.73982
2446852.08451 4.32125
2446853.08456 -5.11486
2446854.08460 -10.11726
2446855.08465 0.26576
2446856.08469 -2.76476
2446857.08474 -12.75913
2446858.08479 -5.30141
2446859.08483 -0.52412
2446860.08488 -11.19377
2446861.08492 -10.14358
2446862.08497 -0.34510
2446863.08501 -9.71563
2446864.08506 -12.32819
2446865.08511 -1.96092
2446866.08515 -3.03398
2446867.08520 -11.31726
2446868.08524 -3.45964
2446869.08529 1.43757
2446870.08533 -7.39861
2446871.08538 -7.14576
2446872.08542 3.51677
2446873.08547 -2.49182
2446874.08552 -7.36555
2446875.08556 3.82472
2446876.08561 4.29865
2446877.08565 -4.61486
2446878.08570 1.46496
2446879.08574 8.57956
2446880.08579 -0.33745
2446881.08584 -0.21885
2446882.08588 11.75582
2446883.08593 4.96213
2446884.08597 -0.80131
2446885.08602 9.69433
2446886.08606 10.52275
2446887.08611 0.45715
2446888.08615 5.97184
2446889.08620 11.69590
2446890.08625 3.54309
2446891.08629 2.02295
2446892.08634 14.17331
2446893.08638 7.33015
2446894.08643 -0.65377
2446895.08647 7.88089
2446896.08652 9.91671
2446897.08657 -1.54826
2446898.08661 1.99628
2446899.08666 10.10747
2446900.08670 -0.32901
2446901.08675 -3.79034
2446902.08679 7.57184
2446903.08684 1.58927
2446904.08689 -6.07570
2446905.08693 0.52054
2446906.08698 3.08962
2446907.08702 -8.54823
2446908.08707 -6.93729
2446909.08711 2.15435
2446910.08716 -7.04820
2446911.08720 -10.40844
2446912.08725 -0.69963
2446913.08730 -4.12198
2446914.08734 -13.38301
2446915.08739 -4.87202
2446916.08743 -1.15276
2446917.08748 -8.93253
2446918.08752 -8.50574
2446919.08757 0.04362
2446920.08762 -7.72260
2446921.08766 -12.44022
2446922.08771 -0.71460
2446923.08775 -2.02889
2446924.08780 -8.85250
2446925.08784 -2.93955
2446926.08789 2.72877
2446927.08793 -6.56282
2446928.08798 -4.11043
2446929.08803 5.93131
2446930.08807 -0.46139
2446931.08812 -5.21398
2446932.08816 5.79457
2446933.08821 6.05614
2446934.08825 -2.80892
2446935.08830 3.57457
2446936.08835 9.73414
2446937.08839 0.71395
2446938.08844 1.66249
2446939.08848 13.97384
2446940.08853 6.94843
2446941.08857 0.27204
2446942.08862 9.42827
2446943.08866 10.92887
2446944.08871 0.66848
2446945.08876 5.82179
2446946.08880 13.23130
2446947.08885 2.60871
2446948.08889 1.74808
2446949.08894 10.70026
2446950.08898 4.99963
2446951.08903 -1.87294
2446952.08908 7.03510
2446953.08912 6.49324
2446954.08917 -3.37315
2446955.08921 0.52758
2446956.08926 6.84809
2446957.08930 -3.20264
2446958.08935 -5.73512
2446959.08939 4.32574
2446960.08944 -1.04762
2446961.08949 -7.78405
2446962.08953 -1.05911
2446963.08958 0.59170
2446964.08962 -10.51755
2446965.08967 -5.99017
2446966.08971 0.63345
2446967.08976 -8.02945
2446968.08981 -12.26150
2446969.08985 -1.18433
2446970.08990 -4.12018
2446971.08994 -11.13867
2446972.08999 -3.74315
2446973.09003 -1.15012
2446974.09008 -11.28610
2446975.09013 -9.04846
2446976.09017 0.99497
2446977.09022 -6.17401
2446978.09026 -11.07766
2446979.09031 1.13599
2446980.09035 -0.57622
2446981.09040 -9.16394
2446982.09044 -0.21901
2446983.09049 5.08988
2446984.09054 -4.08337
2446985.09058 -1.85634
2446986.09063 7.48995
2446987.09067 0.98175
2446988.09072 -2.54774
2446989.09076 8.67509
2446990.09081 6.30145
2446991.09086 -1.79565
2446992.09090 5.28441
2446993.09095 12.03674
2446994.09099 1.60714
2446995.09104 2.77578
2446996.09108 13.04446
2446997.09113 6.24718
2446998.09117 0.65364
2446999.09122 10.22479
2447000.09127 10.60336
2447001.09131 -0.02648
2447002.09136 5.25794
2447003.09140 10.35310
2447004.09145 1.07864
2447005.09149 0.46815
2447006.09154 8.73376
2447192.10003 -11.73161
2447193.10007 -5.75977
2447194.10012 1.54555
2447195.10016 -7.27443
2447196.10021 -8.23870
2447197.10026 3.06169
2447198.10030 -1.75560
2447199.10035 -7.26292
2447200.10039 2.39284
2447201.10044 4.14260
2447202.10048 -4.82204
2447203.10053 1.24501
2447204.10057 7.69190
2447205.10062 -0.00773
2447206.10067 -0.50538
2447207.10071 9.88609
2447208.10076 6.37936
2447209.10080 -0.93587
2447210.10085 9.31878
2447211.10089 13.27512
2447212.10094 0.71417
2447213.10099 5.40789
2447214.10103 11.05113
2447215.10108 2.90780
2447216.10112 1.56417
2447217.10117 13.93854
2447218.10121 8.31681
2447219.10126 -0.78519
2447220.10131 6.18613
2447221.10135 8.63750
2447222.10140 -1.06103
2447223.10144 1.56267
2447224.10149 6.83610
2447225.10153 0.09295
2447226.10158 -3.56806
2447227.10162 4.81366
2447228.10167 1.64187
2447229.10172 -7.87388
2447230.10176 0.03205
2447231.10181 3.28449
2447232.10185 -8.81982
2447233.10190 -5.31055
2447234.10194 2.26465
2447235.10199 -6.39745
2447236.10204 -11.20191
2447237.10208 -1.11155
2447238.10213 -3.65326
2447239.10217 -13.28445
2447240.10222 -5.36784
2447241.10226 -0.90207
2447242.10231 -9.84524
2447243.10235 -9.99985
2447244.10240 -0.00747
2447245.10245 -7.17352
2447246.10249 -11.97320
2447247.10254 -1.14769
2447248.10258 -1.52362
2447249.10263 -11.34986
2447250.10267 -3.10034
2447251.10272 3.16575
2447252.10277 -5.32424
2447253.10281 -4.60373
2447254.10286 5.35908
2447255.10290 -0.04583
2447256.10295 -5.22655
2447257.10299 5.27115
2447258.10304 6.09468
2447259.10308 -3.03707
2447260.10313 3.25352
2447261.10318 11.42527
2447262.10322 1.18657
2447263.10327 1.34715
2447264.10331 14.19468
2447265.10336 6.44405
2447266.10340 0.13734
2447267.10345 10.56477
2447268.10350 11.62888
2447269.10354 0.81526
2447270.10359 5.59471
2447271.10363 12.93585
2447272.10368 3.06637
2447273.10372 1.27015
2447274.10377 12.44279
2447275.10381 6.99009
2447276.10386 -2.03275
2447277.10391 7.18991
2447278.10395 8.03465
2447279.10400 -3.52969
2447280.10404 0.06960
2447281.10409 7.53674
2447282.10413 -2.69508
2447283.10418 -6.79204
2447284.10423 3.63098
2447285.10427 -0.54339
2447286.10432 -9.47853
2447287.10436 -1.63169
2447288.10441 0.85503
2447289.10445 -11.68911
2447290.10450 -7.51444
2447291.10455 0.79844
2447292.10459 -7.79545
2447293.10464 -13.52651
2447294.10468 -1.41550
2447295.10473 -4.39272
2447296.10477 -11.91610
2447297.10482 -5.74451
2447298.10486 -0.92850
2447299.10491 -11.34819
2447300.10496 -6.96349
2447301.10500 1.11050
2447302.10505 -6.58595
2447303.10509 -9.37085
2447304.10514 0.94165
2447305.10518 -0.07520
2447306.10523 -8.16640
2447307.10528 -0.65677
2447308.10532 4.82266
2447309.10537 -4.46987
2447310.10541 -2.63630
2447311.10546 5.74356
2447312.10550 2.00013
2447313.10555 -3.06581
2447314.10559 7.90441
2447315.10564 7.44291
2447316.10569 -1.59564
2447317.10573 4.82139
2447318.10578 10.94656
2447319.10582 2.25717
2447320.10587 2.31460
2447321.10591 12.48592
2447322.10596 6.50879
2447323.10601 0.50754
2447324.10605 8.33944
2447325.10610 10.80542
2447326.10614 0.12856
2447327.10619 5.33378
2447328.10623 10.91043
2447329.10628 1.31573
2447330.10632 0.09932
2447331.10637 8.51697
2447332.10642 4.45941
2447333.10646 -4.04845
2447334.10651 5.44176
2447335.10655 6.16005
2447336.10660 -6.63813
2447337.10664 -1.73384
2447338.10669 3.58423
2447339.10674 -5.35476
2447340.10678 -8.15179
2447341.10683 2.11742
2447342.10687 -2.47897
2447343.10692 -10.95683
2447344.10696 -2.79376
2447345.10701 -0.74686
2447346.10705 -9.53401
2447347.10710 -7.06719
2447348.10715 -0.10138
2447349.10719 -7.84459
2447350.10724 -13.93292
2447351.10728 -1.30874
2447352.10733 -4.59167
2447353.10737 -11.32875
2447354.10742 -3.35123
2447355.10747 -0.11781
2447356.10751 -8.95942
2447357.10756 -6.71120
2447358.10760 2.82823
2447359.10765 -5.70087
2447360.10769 -8.11873
2447361.10774 3.55003
2447362.10778 1.59418
2447363.10783 -7.40604
2447364.10788 2.21872
2447365.10792 6.89142
2447366.10797 -2.99889
2447367.10801 -0.01106
2447368.10806 9.40952
2447369.10810 3.58222
2447370.10815 -0.86376
2447371.10820 6.99728
2447557.11668 -7.32346
2447558.11673 -7.52048
2447559.11677 1.80816
2447560.11682 -5.39400
2447561.11687 -11.19658
2447562.11691 -1.28185
2447563.11696 -3.08720
2447564.11700 -13.48214
2447565.11705 -6.19335
2447566.11709 -0.90596
2447567.11714 -10.43829
2447568.11719 -11.81613
2447569.11723 -0.09112
2447570.11728 -5.53464
2447571.11732 -12.39686
2447572.11737 -1.42928
2447573.11741 -1.38074
2447574.11746 -9.20152
2447575.11750 -3.70051
2447576.11755 3.40571
2447577.11760 -6.06420
2447578.11764 -5.34144
2447579.11769 5.35295
2447580.11773 0.45691
2447581.11778 -5.73490
2447582.11782 3.95592
2447583.11787 7.65894
2447584.11792 -3.27152
2447585.11796 3.09575
2447586.11801 9.60741
2447587.11805 2.08045
2447588.11810 1.06464
2447589.11814 11.78084
2447590.11819 6.54248
2447591.11823 0.03208
2447592.11828 8.74379
2447593.11833 10.34554
2447594.11837 1.08956
2447595.11842 5.01056
2447596.11846 13.54082
2447597.11851 3.58840
2447598.11855 0.90853
2447599.11860 9.25779
2447600.11865 6.80340
2447601.11869 -2.30735
2447602.11874 5.48374
2447603.11878 8.71217
2447604.11883 -3.23319
2447605.11887 -0.40690
2447606.11892 6.40510
2447607.11897 -2.12858
2447608.11901 -4.61302
2447609.11906 3.79035
2447610.11910 -0.09716
2447611.11915 -9.35114
2447612.11919 -2.03252
2447613.11924 1.30112
2447614.11928 -9.71352
2447615.11933 -8.26460
2447616.11938 0.64159
2447617.11942 -7.87407
2447618.11947 -14.23439
2447619.11951 -1.52863
2447620.11956 -3.95480
2447621.11960 -14.87844
2447622.11965 -5.73282
2447623.11970 -0.67644
2447624.11974 -11.51574
2447625.11979 -8.69470
2447626.11983 1.10707
2447627.11988 -5.52726
2447628.11992 -10.13063
2447629.11997 0.64735
2447630.12001 0.30586
2447631.12006 -9.24327
2447632.12011 -1.35208
2447633.12015 5.29675
2447634.12020 -4.30299
2447635.12024 -2.55711
2447636.12029 7.96680
2447637.12033 2.26986
2447638.12038 -3.06476
2447639.12043 7.69937
2447640.12047 8.89001
2447641.12052 -1.18146
2447642.12056 4.68304
2447643.12061 12.93560
2447644.12065 2.13975
2447645.12070 2.13933
2447646.12074 10.40352
2447647.12079 6.88243
2447648.12084 0.34813
2447649.12088 10.15635
2447650.12093 11.81979
2447651.12097 0.28343
2447652.12102 5.34867
2447653.12106 12.13459
2447654.12111 1.98357
2447655.12116 -0.24920
2447656.12120 7.96171
2447657.12125 4.00034
2447658.12129 -4.10911
2447659.12134 4.84208
2447660.12138 5.75438
2447661.12143 -5.95207
2447662.12147 -2.13871
2447663.12152 4.47159
2447664.12157 -4.55287
2447665.12161 -7.93042
2447666.12166 1.71822
2447667.12170 -2.44787
2447668.12175 -10.63713
2447669.12179 -3.46570
2447670.12184 -0.51788
2447671.12189 -10.83525
2447672.12193 -6.69278
2447673.12198 -0.09641
2447674.12202 -9.48799
2447675.12207 -13.66888
2447676.12211 -1.37022
2447677.12216 -4.28945
2447678.12220 -14.74952
2447679.12225 -4.23071
2447680.12230 0.12924
2447681.12234 -9.13042
2447682.12239 -7.79197
2447683.12243 2.52845
2447684.12248 -4.63401
2447685.12252 -7.92716
2447686.12257 3.04887
2447687.12262 2.15973
2447688.12266 -6.19782
2447689.12271 1.46658
2447690.12275 5.83169
2447691.12280 -2.43585
2447692.12284 -0.43085
2447693.12289 9.35357
2447694.12294 3.54155
2447695.12298 -0.97667
2447696.12303 12.52474
2447697.12307 8.83971
2447698.12312 -0.13838
2447699.12316 6.41977
2447700.12321 14.50425
2447701.12325 3.18144
2447702.12330 3.01291
2447703.12335 12.65781
2447704.12339 7.46999
2447705.12344 0.00313
2447706.12348 10.74687
2447707.12353 7.71690
2447708.12357 -0.91285
2447709.12362 4.67957
2447710.12367 9.68712
2447711.12371 -0.11641
2447712.12376 -2.01240
2447713.12380 7.26950
2447714.12385 1.78828
2447715.12389 -6.78677
2447716.12394 1.87042
2447717.12398 3.16705
2447718.12403 -9.80464
2447719.12408 -4.03423
2447720.12412 3.25842
2447721.12417 -6.79381
2447722.12421 -7.51870
2447723.12426 0.45443
2447724.12430 -4.42382
2447725.12435 -12.38038
2447726.12440 -3.59990
2447727.12444 -1.47793
2447728.12449 -11.97615
2447729.12453 -9.08657
2447730.12458 -0.14024
2447731.12462 -10.04367
2447732.12467 -13.53231
2447733.12471 -0.64512
2447734.12476 -3.68869
2447735.12481 -14.21595
2447736.12485 -2.44275
2447922.13334 3.41443
2447923.13339 0.47469
2447924.13343 11.29592
2447925.13348 6.91701
2447926.13352 -2.05744
2447927.13357 5.35787
2447928.13361 9.20702
2447929.13366 -2.76938
2447930.13370 -0.79919
2447931.13375 7.63928
2447932.13380 -1.57342
2447933.13384 -6.57471
2447934.13389 3.13070
2447935.13393 0.31465
2447936.13398 -10.49993
2447937.13402 -2.18114
2447938.13407 1.33487
2447939.13412 -10.43227
2447940.13416 -8.92321
2447941.13421 0.50875
2447942.13425 -7.50002
2447943.13430 -12.61518
2447944.13434 -2.26171
2447945.13439 -3.45724
2447946.13443 -11.72070
2447947.13448 -5.84375
2447948.13453 -0.42512
2447949.13457 -9.39629
2447950.13462 -10.03311
2447951.13466 0.83881
2447952.13471 -5.50079
2447953.13475 -13.24246
2447954.13480 0.22184
2447955.13485 0.63579
2447956.13489 -8.31915
2447957.13494 -1.69629
2447958.13498 5.07385
2447959.13503 -3.80603
2447960.13507 -3.13830
2447961.13512 8.09316
2447962.13516 2.52303
2447963.13521 -3.01232
2447964.13526 7.92036
2447965.13530 9.17106
2447966.13535 -1.07622
2447967.13539 4.74908
2447968.13544 11.97782
2447969.13548 3.48454
2447970.13553 1.93530
2447971.13558 12.57394
2447972.13562 10.90275
2447973.13567 0.29356
2447974.13571 9.76137
2447975.13576 10.36661
2447976.13580 0.64579
2447977.13585 4.40544
2447978.13589 12.39174
2447979.13594 2.70865
2447980.13599 -0.55706
2447981.13603 8.10494
2447982.13608 4.10909
2447983.13612 -4.53753
2447984.13617 3.97469
2447985.13621 5.92198
2447986.13626 -5.95627
2447987.13631 -2.62734
2447988.13635 4.97086
2447989.13640 -5.39980
2447990.13644 -7.13209
2447991.13649 1.48988
2447992.13653 -2.56352
2447993.13658 -11.70181
2447994.13662 -3.42275
2447995.13667 -0.24384
2447996.13672 -11.38024
2447997.13676 -9.12079
2447998.13681 -0.11761
2447999.13685 -8.40292
2448000.13690 -12.60244
2448001.13694 -2.30835
2448002.13699 -3.27588
2448003.13704 -14.42603
2448004.13708 -5.00162
2448005.13713 0.36910
2448006.13717 -10.65589
2448007.13722 -7.18604
2448008.13726 2.50172
2448009.13731 -4.24599
2448010.13736 -9.08188
2448011.13740 2.75955
2448012.13745 2.77603
2448013.13749 -7.28148
2448014.13754 1.06548
2448015.13758 7.76864
2448016.13763 -1.81511
2448017.13767 -0.81927
2448018.13772 10.39045
2448019.13777 3.81181
2448020.13781 -1.49531
2448021.13786 9.39303
2448022.13790 10.21612
2448023.13795 -0.01559
2448024.13799 5.61034
2448025.13804 13.13552
2448026.13809 3.07559
2448027.13813 2.74505
2448028.13818 12.26814
2448029.13822 8.28271
2448030.13827 -0.12534
2448031.13831 9.23163
2448032.13836 9.27008
2448033.13840 -0.83126
2448034.13845 3.71483
2448035.13850 11.13612
2448036.13854 0.30748
2448037.13859 -2.17228
2448038.13863 6.54576
2448039.13868 2.09954
2448040.13872 -5.66953
2448041.13877 2.09309
2448042.13882 3.58369
2448043.13886 -7.56672
2448044.13891 -4.24637
2448045.13895 3.11918
2448046.13900 -6.67420
2448047.13904 -9.54958
2448048.13909 0.13798
2448049.13913 -3.09609
2448050.13918 -11.97829
2448051.13923 -4.67856
2448052.13927 -1.22858
2448053.13932 -11.49253
2448054.13936 -9.48594
2448055.13941 -0.18284
2448056.13945 -6.89904
2448057.13950 -11.52399
2448058.13955 -1.01399
2448059.13959 -3.18507
2448060.13964 -11.24909
2448061.13968 -2.83911
2448062.13973 1.67942
2448063.13977 -7.77899
2448064.13982 -5.16307
2448065.13986 4.39222
2448066.13991 -2.22630
2448067.13996 -5.62001
2448068.14000 5.29133
2448069.14005 4.44917
2448070.14009 -3.66792
2448071.14014 3.57231
2448072.14018 9.30043
2448073.14023 -0.25719
2448074.14028 1.33817
2448075.14032 10.07595
2448076.14037 4.91205
2448077.14041 -0.01552
2448078.14046 11.53376
2448079.14050 9.33727
2448080.14055 0.47294
2448081.14060 7.42483
2448082.14064 13.92663
2448083.14069 2.51706
2448084.14073 2.61359
2448085.14078 13.32247
2448086.14082 5.25328
2448087.14087 -1.25565
2448088.14091 7.50034
2448089.14096 7.00405
2448090.14101 -2.67346
2448091.14105 1.73734
2448092.14110 9.52544
2448093.14114 -2.24756
2448094.14119 -4.14601
2448095.14123 5.23292
2448096.14128 -0.36091
2448097.14133 -7.16945
2448098.14137 0.34318
2448099.14142 1.06390
2448100.14146 -8.01353
2448101.14151 -5.06086
2448288.15004 -2.94665
2448289.15009 6.77147
2448290.15013 8.96386
2448291.15018 -0.81415
2448292.15022 3.15918
2448293.15027 12.07679
2448294.15031 3.23786
2448295.15036 1.15735
2448296.15041 12.69307
2448297.15045 9.89018
2448298.15050 0.22187
2448299.15054 9.68205
2448300.15059 11.72466
2448301.15063 0.84990
2448302.15068 4.33321
2448303.15073 12.88590
2448304.15077 2.96851
2448305.15082 -1.01790
2448306.15086 9.43365
2448307.15091 5.94289
2448308.15095 -3.85221
2448309.15100 3.55337
2448310.15104 6.88376
2448311.15109 -4.03143
2448312.15114 -3.18450
2448313.15118 5.06142
2448314.15123 -3.30606
2448315.15127 -8.77869
2448316.15132 1.35587
2448317.15136 -1.52945
2448318.15141 -12.49335
2448319.15146 -4.17060
2448320.15150 -0.00557
2448321.15155 -11.52176
2448322.15159 -9.67587
2448323.15164 -0.18991
2448324.15168 -8.47977
2448325.15173 -13.96426
2448326.15178 -2.24741
2448327.15182 -3.07963
2448328.15187 -13.08248
2448329.15191 -5.44137
2448330.15196 0.53657
2448331.15200 -7.81378
2448332.15205 -7.41272
2448333.15209 2.19339
2448334.15214 -3.32103
2448335.15219 -7.98869
2448336.15223 2.31814
2448337.15228 3.02951
2448338.15232 -5.60728
2448339.15237 0.50712
2448340.15241 6.75055
2448341.15246 -1.52006
2448342.15251 -0.99766
2448343.15255 10.00413
2448344.15260 4.83102
2448345.15264 -1.30421
2448346.15269 9.14542
2448347.15273 9.37478
2448348.15278 0.16186
2448349.15282 6.26746
2448350.15287 13.44944
2448351.15292 3.58310
2448352.15296 1.74750
2448353.15301 11.50650
2448354.15305 7.68547
2448355.15310 -0.23001
2448356.15314 7.75565
2448357.15319 10.46461
2448358.15324 -0.47544
2448359.15328 2.75542
2448360.15333 10.69893
2448361.15337 0.78769
2448362.15342 -2.72749
2448363.15346 8.29059
2448364.15351 2.86904
2448365.15355 -6.07918
2448366.15360 1.42159
2448367.15365 3.77958
2448368.15369 -7.99104
2448369.15374 -5.06967
2448370.15378 2.98348
2448371.15383 -6.94036
2448372.15387 -10.10056
2448373.15392 -0.11152
2448374.15397 -3.37986
2448375.15401 -11.27657
2448376.15406 -5.04835
2448377.15410 -1.18054
2448378.15415 -12.19629
2448379.15419 -9.04126
2448380.15424 -0.17357
2448381.15428 -7.38462
2448382.15433 -13.97331
2448383.15438 -1.29095
2448384.15442 -2.57404
2448385.15447 -9.60055
2448386.15451 -3.35026
2448387.15456 1.64528
2448388.15460 -8.78034
2448389.15465 -5.18868
2448390.15470 4.41601
2448391.15474 -2.00046
2448392.15479 -5.32216
2448393.15483 4.77658
2448394.15488 5.19867
2448395.15492 -4.02840
2448396.15497 2.67100
2448397.15502 9.24384
2448398.15506 0.10657
2448399.15511 0.84745
2448400.15515 10.41702
2448401.15520 5.33036
2448402.15524 -0.19125
2448403.15529 11.39677
2448404.15533 9.88110
2448405.15538 0.54742
2448406.15543 5.86086
2448407.15547 11.98947
2448408.15552 3.24404
2448409.15556 1.96796
2448410.15561 11.79674
2448411.15565 6.72013
2448412.15570 -1.19176
2448413.15575 9.08447
2448414.15579 9.18975
2448415.15584 -2.67275
2448416.15588 1.46946
2448417.15593 5.45002
2448418.15597 -1.42353
2448419.15602 -3.62280
2448420.15606 4.98153
2448421.15611 0.10022
2448422.15616 -7.26050
2448423.15620 -0.13578
2448424.15625 1.37571
2448425.15629 -10.90812
2448426.15634 -5.89219
2448427.15638 1.28770
2448428.15643 -7.74276
2448429.15648 -12.38634
2448430.15652 -1.07449
2448431.15657 -4.69625
2448432.15661 -12.22250
2448433.15666 -4.52621
2448434.15670 -1.29430
2448435.15675 -12.80082
2448436.15679 -8.57148
2448437.15684 0.56520
2448438.15689 -6.06297
2448439.15693 -11.49330
2448440.15698 0.36965
2448441.15702 -1.66124
2448442.15707 -8.64629
2448443.15711 -1.45510
2448444.15716 3.71891
2448445.15721 -5.90486
2448446.15725 -2.75699
2448447.15730 5.92988
2448448.15734 0.09654
2448449.15739 -4.04668
2448450.15743 7.68513
2448451.15748 6.59544
2448452.15752 -2.17800
2448453.15757 5.99601
2448454.15762 11.26687
2448455.15766 1.37654
2448456.15771 2.11676
2448457.15775 9.53997
2448458.15780 6.96156
2448459.15784 0.69697
2448460.15789 11.41110
2448461.15794 10.26355
2448462.15798 0.32476
2448463.15803 5.34829
2448464.15807 12.69168
2448465.15812 1.67958
2448466.15816 0.99624
2448467.15821 11.35174
2448653.16670 -13.52944
2448654.16674 -5.39682
2448655.16679 0.88126
2448656.16683 -9.63860
2448657.16688 -8.09026
2448658.16693 2.32837
2448659.16697 -2.45834
2448660.16702 -9.58359
2448661.16706 1.90223
2448662.16711 3.37248
2448663.16715 -5.48742
2448664.16720 0.03541
2448665.16724 8.16003
2448666.16729 -1.03063
2448667.16734 -1.84170
2448668.16738 8.06419
2448669.16743 4.56803
2448670.16747 -1.30661
2448671.16752 6.26742
2448672.16756 10.57594
2448673.16761 0.34345
2448674.16766 4.57449
2448675.16770 13.34134
2448676.16775 3.78498
2448677.16779 1.78477
2448678.16784 12.26909
2448679.16788 7.15683
2448680.16793 -0.24141
2448681.16797 9.39264
2448682.16802 12.09193
2448683.16807 -0.39349
2448684.16811 2.48106
2448685.16816 11.12487
2448686.16820 1.15398
2448687.16825 -2.72215
2448688.16829 7.34910
2448689.16834 3.57787
2448690.16839 -5.96122
2448691.16843 1.28370
2448692.16848 4.29382
2448693.16852 -7.72627
2448694.16857 -4.85365
2448695.16861 2.80586
2448696.16866 -5.98160
2448697.16870 -9.67204
2448698.16875 -0.51386
2448699.16880 -2.88510
2448700.16884 -11.74618
2448701.16889 -5.26272
2448702.16893 -0.59772
2448703.16898 -10.76970
2448704.16902 -11.69651
2448705.16907 -0.27877
2448706.16912 -7.37838
2448707.16916 -10.03239
2448708.16921 -1.48240
2448709.16925 -2.09621
2448710.16930 -11.66686
2448711.16934 -4.01149
2448712.16939 1.90169
2448713.16944 -5.53332
2448714.16948 -5.94306
2448715.16953 3.60825
2448716.16957 -1.07279
2448717.16962 -6.55952
2448718.16966 4.29285
2448719.16971 5.03321
2448720.16975 -4.80783
2448721.16980 1.88703
2448722.16985 8.77867
2448723.16989 0.54235
2448724.16994 0.56637
2448725.16998 11.03310
2448726.17003 5.07324
2448727.17007 -0.27729
2448728.17012 8.59703
2448729.17017 11.69525
2448730.17021 0.76254
2448731.17026 5.80369
2448732.17030 12.04150
2448733.17035 3.44121
2448734.17039 2.01842
2448735.17044 13.19537
2448736.17048 6.23386
2448737.17053 -1.42117
2448738.17058 6.31026
2448739.17062 8.36110
2448740.17067 -2.30492
2448741.17071 0.93920
2448742.17076 8.45931
2448743.17080 -1.39038
2448744.17085 -4.75377
2448745.17090 4.64050
2448746.17094 0.49356
2448747.17099 -8.54044
2448748.17103 -0.59121
2448749.17108 1.63233
2448750.17112 -9.25251
2448751.17117 -6.96429
2448752.17121 1.41186
2448753.17126 -7.47543
2448754.17131 -11.20537
2448755.17135 -1.20059
2448756.17140 -4.71825
2448757.17144 -15.50856
2448758.17149 -5.00680
2448759.17153 -1.18610
2448760.17158 -10.07773
2448761.17163 -8.01462
2448762.17167 0.49561
2448763.17172 -6.58972
2448764.17176 -11.07842
2448765.17181 0.02057
2448766.17185 -0.97664
2448767.17190 -8.55310
2448768.17194 -1.87737
2448769.17199 3.76809
2448770.17204 -4.88825
2448771.17208 -3.75845
2448772.17213 7.02321
2448773.17217 0.55816
2448774.17222 -4.03937
2448775.17226 7.13246
2448776.17231 7.32948
2448777.17236 -2.49735
2448778.17240 4.50179
2448779.17245 10.81853
2448780.17249 1.70988
2448781.17254 2.17528
2448782.17258 14.28922
2448783.17263 8.15535
2448784.17268 0.46451
2448785.17272 8.30244
2448786.17277 11.11953
2448787.17281 0.44921
2448788.17286 5.49099
2448789.17290 11.74504
2448790.17295 2.59928
2448791.17299 0.87844
2448792.17304 9.10826
2448793.17309 4.97047
2448794.17313 -2.03348
2448795.17318 6.52643
2448796.17322 6.21710
2448797.17327 -5.02061
2448798.17331 -0.61229
2448799.17336 6.28797
2448800.17341 -4.01729
2448801.17345 -6.00187
2448802.17350 3.08918
2448803.17354 -1.47465
2448804.17359 -12.51322
2448805.17363 -1.97390
2448806.17368 -0.12813
2448807.17372 -10.61841
2448808.17377 -8.72784
2448809.17382 0.20273
2448810.17386 -8.00657
2448811.17391 -10.76564
2448812.17395 -1.38778
2448813.17400 -5.28151
2448814.17404 -11.69213
2448815.17409 -4.25886
2448816.17414 -0.65432
2448817.17418 -10.94626
2448818.17423 -7.41267
2448819.17427 1.62763
2448820.17432 -6.02526
2448821.17436 -7.78772
2448822.17441 2.28216
2448823.17445 0.40686
2448824.17450 -7.97177
2448825.17455 0.78732
2448826.17459 6.66486
2448827.17464 -3.28869
2448828.17468 -1.13704
2448829.17473 8.45277
2448830.17477 1.91077
2448831.17482 -1.83779
2448832.17487 9.47124
2449018.18335 -6.52281
2449019.18340 -4.25006
2449020.18344 2.77553
2449021.18349 -6.33415
2449022.18354 -10.82922
2449023.18358 -0.73722
2449024.18363 -2.02415
2449025.18367 -13.48451
2449026.18372 -5.78193
2449027.18376 -0.58888
2449028.18381 -10.80080
2449029.18386 -10.32080
2449030.18390 -0.35637
2449031.18395 -6.18532
2449032.18399 -11.45741
2449033.18404 -1.93546
2449034.18408 -1.74053
2449035.18413 -9.64730
2449036.18417 -4.02325
2449037.18422 2.03074
2449038.18427 -5.74495
2449039.18431 -6.64424
2449040.18436 4.08181
2449041.18440 -0.74087
2449042.18445 -6.97172
2449043.18449 3.77482
2449044.18454 5.20157
2449045.18459 -4.24439
2449046.18463 2.26625
2449047.18468 9.47144
2449048.18472 0.90242
2449049.18477 0.20180
2449050.18481 8.73731
2449051.18486 6.65065
2449052.18490 -0.35817
2449053.18495 8.56826
2449054.18500 11.11748
2449055.18504 1.00013
2449056.18509 5.14493
2449057.18513 11.76742
2449058.18518 4.20808
2449059.18522 1.35094
2449060.18527 13.30398
2449061.18532 5.92244
2449062.18536 -1.33640
2449063.18541 5.88378
2449064.18545 9.68170
2449065.18550 -2.00325
2449066.18554 0.57470
2449067.18559 7.65156
2449068.18563 -0.85713
2449069.18568 -5.56669
2449070.18573 4.37637
2449071.18577 1.16297
2449072.18582 -6.31194
2449073.18586 -0.82737
2449074.18591 2.37693
2449075.18595 -8.70872
2449076.18600 -6.44577
2449077.18605 1.44404
2449078.18609 -7.58911
2449079.18614 -12.64171
2449080.18618 -1.42812
2449081.18623 -4.14024
2449082.18627 -11.68704
2449083.18632 -5.30148
2449084.18636 -0.77221
2449085.18641 -9.47093
2449086.18646 -10.22228
2449087.18650 0.42094
2449088.18655 -5.08709
2449089.18659 -10.52972
2449090.18664 -0.31808
2449091.18668 -0.67608
2449092.18673 -9.93963
2449093.18678 -2.35813
2449094.18682 3.88889
2449095.18687 -5.05664
2449096.18691 -4.64289
2449097.18696 6.42266
2449098.18700 1.11961
2449099.18705 -3.60597
2449100.18710 6.86377
2449101.18714 7.11254
2449102.18719 -2.03005
2449103.18723 4.19669
2449104.18728 11.12519
2449105.18732 1.79803
2449106.18737 1.45642
2449107.18741 13.67307
2449108.18746 6.28683
2449109.18751 0.28001
2449110.18755 9.01303
2449111.18760 11.35004
2449112.18764 0.70311
2449113.18769 4.66155
2449114.18773 10.81772
2449115.18778 2.18803
2449116.18783 0.48556
2449117.18787 12.45697
2449118.18792 5.22806
2449119.18796 -3.25120
2449120.18801 5.41896
2449121.18805 7.04917
2449122.18810 -4.76485
2449123.18814 -1.16529
2449124.18819 6.04236
2449125.18824 -3.74722
2449126.18828 -6.24189
2449127.18833 3.19283
2449128.18837 -1.41060
2449129.18842 -8.42495
2449130.18846 -2.12531
2449131.18851 0.15904
2449132.18856 -10.69596
2449133.18860 -8.47725
2449134.18865 0.24441
2449135.18869 -7.82327
2449136.18874 -12.83743
2449137.18878 -1.74808
2449138.18883 -3.96293
2449139.18887 -12.66093
2449140.18892 -4.47687
2449141.18897 -0.43002
2449142.18901 -8.87259
2449143.18906 -8.86747
2449144.18910 1.97664
2449145.18915 -5.22442
2449146.18919 -9.18312
2449147.18924 1.96221
2449148.18929 0.94747
2449149.18933 -7.48665
2449150.18938 0.30200
2449151.18942 6.29338
2449152.18947 -3.41409
2449153.18951 -1.17774
2449154.18956 9.44779
2449155.18960 2.71186
2449156.18965 -1.90498
2449157.18970 7.80895
2449158.18974 7.25207
2449159.18979 -0.62799
2449160.18983 4.98681
2449161.18988 13.02353
2449162.18992 2.57481
2449163.18997 2.57074
2449164.19002 11.43871
2449165.19006 6.11844
2449166.19011 0.32721
2449167.19015 9.26977
2449168.19020 9.01524
2449169.19024 -0.31930
2449170.19029 4.85339
2449171.19033 10.44684
2449172.19038 0.70644
2449173.19043 -0.72788
2449174.19047 8.60214
2449175.19052 2.80984
2449176.19056 -5.15440
2449177.19061 2.97225
2449178.19065 4.12164
2449179.19070 -5.77310
2449180.19075 -2.81522
2449181.19079 3.49233
2449182.19084 -5.60225
2449183.19088 -8.41862
2449184.19093 1.23636
2449185.19097 -3.76224
2449186.19102 -12.77513
2449187.19107 -3.31366
2449188.19111 -1.21948
2449189.19116 -10.92236
2449190.19120 -9.03654
2449191.19125 -0.21613
2449192.19129 -9.37177
2449193.19134 -11.64465
2449194.19138 -1.16465
2449195.19143 -4.08368
2449196.19148 -11.36892
2449197.19152 -3.07045
2449383.20001 3.68706
2449384.20005 1.16508
2449385.20010 11.96532
2449386.20015 5.83546
2449387.20019 -1.63333
2449388.20024 6.77820
2449389.20028 7.37402
2449390.20033 -1.53815
2449391.20037 0.27868
2449392.20042 9.90994
2449393.20047 -0.40767
2449394.20051 -5.89170
2449395.20056 3.38748
2449396.20060 1.37867
2449397.20065 -9.32175
2449398.20069 -1.49264
2449399.20074 1.54315
2449400.20078 -7.25648
2449401.20083 -6.92946
2449402.20088 1.41718
2449403.20092 -6.02787
2449404.20097 -13.28847
2449405.20101 -1.70921
2449406.20106 -3.25383
2449407.20110 -12.52828
2449408.20115 -6.61090
2449409.20120 -0.65507
2449410.20124 -10.33450
2449411.20129 -10.12534
2449412.20133 0.26116
2449413.20138 -4.88934
2449414.20142 -10.36050
2449415.20147 -0.65848
2449416.20152 -0.24143
2449417.20156 -9.78610
2449418.20161 -2.38854
2449419.20165 3.77596
2449420.20170 -5.10323
2449421.20174 -4.56866
2449422.20179 7.52878
2449423.20183 1.35539
2449424.20188 -3.77037
2449425.20193 5.71784
2449426.20197 6.27206
2449427.20202 -2.01241
2449428.20206 3.83275
2449429.20211 12.69305
2449430.20215 2.07577
2449431.20220 1.58018
2449432.20225 12.88600
2449433.20229 8.42457
2449434.20234 0.20567
2449435.20238 9.80179
2449436.20243 13.31675
2449437.20247 0.88575
2449438.20252 4.82212
2449439.20256 13.12188
2449440.20261 2.99633
2449441.20266 0.22684
2449442.20270 8.83119
2449443.20275 5.66861
2449444.20279 -3.25274
2449445.20284 4.97953
2449446.20288 6.68203
2449447.20293 -4.61938
2449448.20298 -1.34032
2449449.20302 6.31347
2449450.20307 -3.10711
2449451.20311 -6.33545
2449452.20316 2.61137
2449453.20320 -0.93535
2449454.20325 -10.85767
2449455.20329 -2.93392
2449456.20334 0.38195
2449457.20339 -10.55351
2449458.20343 -7.95131
2449459.20348 0.16439
2449460.20352 -6.80812
2449461.20357 -8.70103
2449462.20361 -1.94946
2449463.20366 -3.87784
2449464.20371 -13.66338
2449465.20375 -4.42399
2449466.20380 -0.22950
2449467.20384 -9.18808
2449468.20389 -8.29544
2449469.20393 1.65891
2449470.20398 -4.23488
2449471.20402 -9.49846
2449472.20407 1.29466
2449473.20412 1.17080
2449474.20416 -7.99755
2449475.20421 -0.16005
2449476.20425 6.03101
2449477.20430 -2.81693
2449478.20434 -1.53568
2449479.20439 10.47525
2449480.20444 2.55406
2449481.20448 -2.49690
2449482.20453 7.33953
2449483.20457 9.79494
2449484.20462 -0.54980
2449485.20466 5.81950
2449486.20471 12.95231
2449487.20475 2.68843
2449488.20480 2.48761
2449489.20485 12.40767
2449490.20489 6.39064
2449491.20494 0.24037
2449492.20498 10.46142
2449493.20503 11.21634
2449494.20507 -0.14320
2449495.20512 4.08005
2449496.20517 10.89269
2449497.20521 1.26687
2449498.20526 -1.15956
2449499.20530 8.55959
2449500.20535 2.86899
2449501.20539 -4.42431
2449502.20544 2.82472
2449503.20549 4.77785
2449504.20553 -5.57271
2449505.20558 -3.50653
2449506.20562 4.28130
2449507.20567 -5.59620
2449508.20571 -8.97491
2449509.20576 0.96509
2449510.20580 -2.87710
2449511.20585 -10.44403
2449512.20590 -4.00952
2449513.20594 -0.98408
2449514.20599 -10.92060
2449515.20603 -6.84460
2449516.20608 -0.22079
2449517.20612 -7.31734
2449518.20617 -12.50273
2449519.20622 -1.19787
2449520.20626 -4.01907
2449521.20631 -11.39148
2449522.20635 -3.43882
2449523.20640 0.73644
2449524.20644 -7.35199
2449525.20649 -6.70198
2449526.20653 3.78069
2449527.20658 -3.29812
2449528.20663 -7.64833
2449529.20667 3.56182
2449530.20672 3.53267
2449531.20676 -5.12964
2449532.20681 2.52473
2449533.20685 8.05298
2449534.20690 -1.12983
2449535.20695 0.44277
2449536.20699 11.65391
2449537.20704 4.34768
2449538.20708 -0.57032
2449539.20713 9.17757
2449540.20717 9.69923
2449541.20722 0.20718
2449542.20726 7.09971
2449543.20731 12.48864
2449544.20736 2.86605
2449545.20740 2.21033
2449546.20745 13.03956
2449547.20749 6.19444
2449548.20754 -0.48272
2449549.20758 10.24702
2449550.20763 8.00127
2449551.20768 -1.83391
2449552.20772 3.21507
2449553.20777 6.71837
2449554.20781 -1.09420
2449555.20786 -3.11288
2449556.20790 6.24617
2449557.20795 0.73904
2449558.20799 -7.22567
2449559.20804 1.32470
2449560.20809 1.98826
2449561.20813 -8.15935
2449562.20818 -4.77017
2449749.21671 -4.22167
2449750.21676 4.57625
2449751.21680 8.53804
2449752.21685 -2.09647
2449753.21689 3.40955
2449754.21694 11.88933
2449755.21698 3.04705
2449756.21703 1.18796
2449757.21708 11.02246
2449758.21712 7.78307
2449759.21717 0.17000
2449760.21721 10.05787
2449761.21726 10.15512
2449762.21730 1.01126
2449763.21735 4.10266
2449764.21740 11.36962
2449765.21744 3.61201
2449766.21749 -0.05111
2449767.21753 10.85628
2449768.21758 5.54097
2449769.21762 -2.88874
2449770.21767 3.94872
2449771.21771 6.76445
2449772.21776 -3.18752
2449773.21781 -2.28610
2449774.21785 5.81305
2449775.21790 -2.12926
2449776.21794 -6.42172
2449777.21799 2.13729
2449778.21803 -0.44189
2449779.21808 -11.76577
2449780.21813 -3.77199
2449781.21817 0.66335
2449782.21822 -8.28818
2449783.21826 -6.33780
2449784.21831 0.11047
2449785.21835 -6.93535
2449786.21840 -11.93728
2449787.21844 -2.40271
2449788.21849 -3.63532
2449789.21854 -9.28924
2449790.21858 -5.37787
2449791.21863 -0.02553
2449792.21867 -7.84183
2449793.21872 -7.97504
2449794.21876 1.56329
2449795.21881 -4.30275
2449796.21886 -10.40263
2449797.21890 1.07013
2449798.21895 1.84078
2449799.21899 -6.62350
2449800.21904 -0.55185
2449801.21908 6.26933
2449802.21913 -2.99197
2449803.21917 -2.08129
2449804.21922 8.49083
2449805.21927 3.77542
2449806.21931 -2.00389
2449807.21936 8.04931
2449808.21940 9.01808
2449809.21945 -0.36782
2449810.21949 4.27380
2449811.21954 11.93061
2449812.21959 3.14534
2449813.21963 1.84188
2449814.21968 10.30950
2449815.21972 8.15535
2449816.21977 0.10602
2449817.21981 7.88488
2449818.21986 9.65171
2449819.21991 0.06329
2449820.21995 3.90848
2449821.22000 12.22390
2449822.22004 1.85263
2449823.22009 -1.46564
2449824.22013 7.66556
2449825.22018 3.83218
2449826.22022 -5.23135
2449827.22027 2.22818
2449828.22032 4.78321
2449829.22036 -4.87791
2449830.22041 -2.93189
2449831.22045 3.64190
2449832.22050 -4.74871
2449833.22054 -8.57023
2449834.22059 0.54897
2449835.22064 -2.68486
2449836.22068 -11.51196
2449837.22073 -3.75300
2449838.22077 -0.72966
2449839.22082 -11.95948
2449840.22086 -7.44523
2449841.22091 -0.25964
2449842.22095 -7.46118
2449843.22100 -10.23976
2449844.22105 -1.88189
2449845.22109 -2.74907
2449846.22114 -8.99090
2449847.22118 -4.36449
2449848.22123 0.91755
2449849.22127 -9.38394
2449850.22132 -6.73917
2449851.22137 3.01152
2449852.22141 -2.45229
2449853.22146 -7.12058
2449854.22150 3.69408
2449855.22155 3.39743
2449856.22159 -4.68752
2449857.22164 2.15984
2449858.22168 8.33270
2449859.22173 -0.67790
2449860.22178 0.04692
2449861.22182 10.24661
2449862.22187 4.46908
2449863.22191 -0.75987
2449864.22196 9.72853
2449865.22200 10.66950
2449866.22205 0.32419
2449867.22210 5.87604
2449868.22214 12.49789
2449869.22219 2.51598
2449870.22223 2.28432
2449871.22228 12.56152
2449872.22232 5.60625
2449873.22237 -0.54785
2449874.22241 6.70197
2449875.22246 10.35032
2449876.22251 -1.52553
2449877.22255 2.22889
2449878.22260 10.21348
2449879.22264 -0.57229
2449880.22269 -3.00883
2449881.22273 6.48630
2449882.22278 1.31752
2449883.22283 -7.09410
2449884.22287 0.91658
2449885.22292 2.10069
2449886.22296 -8.63027
2449887.22301 -4.20258
2449888.22305 1.94061
2449889.22310 -7.40789
2449890.22315 -11.49048
2449891.22319 -0.49712
2449892.22324 -3.93708
2449893.22328 -11.01467
2449894.22333 -3.53251
2449895.22337 -1.30858
2449896.22342 -8.64325
2449897.22346 -8.05517
2449898.22351 0.06371
2449899.22356 -7.22599
2449900.22360 -10.41000
2449901.22365 -0.35574
2449902.22369 -2.26921
2449903.22374 -10.89612
2449904.22378 -2.23959
2449905.22383 2.44487
2449906.22388 -6.46173
2449907.22392 -3.65551
2449908.22397 5.76587
2449909.22401 -0.93835
2449910.22406 -3.81903
2449911.22410 5.76974
2449912.22415 5.20476
2449913.22419 -2.95890
2449914.22424 3.83739
2449915.22429 9.88835
2449916.22433 0.52892
2449917.22438 1.88421
2449918.22442 11.51642
2449919.22447 6.15540
2449920.22451 0.39015
2449921.22456 12.32215
2449922.22461 9.78831
2449923.22465 0.46359
2449924.22470 5.09130
2449925.22474 12.28470
2449926.22479 2.24784
2449927.22483 1.76616
2449928.22488 11.59810
2450114.23337 -12.97835
2450115.23341 -6.12409
2450116.23346 0.13738
2450117.23350 -9.93070
2450118.23355 -9.06565
2450119.23359 1.34878
2450120.23364 -3.52210
2450121.23369 -10.62972
2450122.23373 0.65046
2450123.23378 2.07872
2450124.23382 -7.59302
2450125.23387 -1.13518
2450126.23391 6.35393
2450127.23396 -1.90752
2450128.23401 -2.65126
2450129.23405 8.60052
2450130.23410 3.42625
2450131.23414 -2.23826
2450132.23419 7.31354
2450133.23423 10.56752
2450134.23428 -0.18977
2450135.23433 5.37884
2450136.23437 10.80747
2450137.23442 3.26147
2450138.23446 1.56182
2450139.23451 11.53266
2450140.23455 8.76899
2450141.23460 0.07420
2450142.23464 7.59706
2450143.23469 10.46243
2450144.23474 0.27459
2450145.23478 3.21605
2450146.23483 9.08601
2450147.23487 1.71179
2450148.23492 -1.66939
2450149.23496 7.84202
2450150.23501 3.68058
2450151.23506 -5.11372
2450152.23510 1.93577
2450153.23515 5.39610
2450154.23519 -6.17288
2450155.23524 -3.90235
2450156.23528 3.23500
2450157.23533 -4.60703
2450158.23537 -8.85399
2450159.23542 0.30707
2450160.23547 -1.87819
2450161.23551 -11.71787
2450162.23556 -4.71821
2450163.23560 -0.38311
2450164.23565 -11.24540
2450165.23569 -9.42487
2450166.23574 -0.29769
2450167.23579 -5.84009
2450168.23583 -10.24186
2450169.23588 -1.98941
2450170.23592 -2.04777
2450171.23597 -11.53015
2450172.23601 -4.14903
2450173.23606 1.11879
2450174.23610 -9.13375
2450175.23615 -6.82976
2450176.23620 2.99436
2450177.23624 -2.29910
2450178.23629 -8.42665
2450179.23633 2.72632
2450180.23638 3.39676
2450181.23642 -4.64215
2450182.23647 1.30969
2450183.23652 7.69260
2450184.23656 -0.38351
2450185.23661 -0.31287
2450186.23665 9.21286
2450187.23670 5.14233
2450188.23674 -0.92938
2450189.23679 8.04737
2450190.23683 11.89074
2450191.23688 0.60346
2450192.23693 6.07241
2450193.23697 12.36468
2450194.23702 3.51372
2450195.23706 2.39679
2450196.23711 10.83464
2450197.23715 5.34060
2450198.23720 -0.54554
2450199.23725 6.77408
2450200.23729 8.72963
2450201.23734 -1.26350
2450202.23738 1.83029
2450203.23743 11.72444
2450204.23747 -0.18686
2450205.23752 -2.59640
2450206.23757 7.00501
2450207.23761 1.64112
2450208.23766 -6.60655
2450209.23770 0.55567
2450210.23775 2.95474
2450211.23779 -7.72999
2450212.23784 -6.76754
2450213.23788 1.76280
2450214.23793 -6.67564
2450215.23798 -10.02476
2450216.23802 -0.77091
2450217.23807 -3.30812
2450218.23811 -10.93570
2450219.23816 -5.02378
2450220.23820 -1.25588
2450221.23825 -12.13657
2450222.23830 -8.11809
2450223.23834 0.02436
2450224.23839 -7.07817
2450225.23843 -11.02453
2450226.23848 -0.67179
2450227.23852 -2.03373
2450228.23857 -11.00731
2450229.23861 -2.47766
2450230.23866 2.91305
2450231.23871 -6.57726
2450232.23875 -4.50279
2450233.23880 4.97088
2450234.23884 -0.59985
2450235.23889 -4.88931
2450236.23893 5.51429
2450237.23898 5.90710
2450238.23903 -3.07664
2450239.23907 3.50349
2450240.23912 9.53050
2450241.23916 0.87950
2450242.23921 1.47259
2450243.23925 11.47636
2450244.23930 5.33916
2450245.23934 0.21185
2450246.23939 9.02661
2450247.23944 8.98541
2450248.23948 0.52387
2450249.23953 4.82118
2450250.23957 11.27004
2450251.23962 2.51840
2450252.23966 1.47530
2450253.23971 10.31809
2450254.23976 5.89924
2450255.23980 -2.23590
2450256.23985 6.43188
2450257.23989 7.08265
2450258.23994 -3.76108
2450259.23998 0.51545
2450260.24003 5.36776
2450261.24007 -2.61409
2450262.24012 -5.96958
2450263.24017 4.12152
2450264.24021 -0.88564
2450265.24026 -8.47865
2450266.24030 -1.16686
2450267.24035 0.68565
2450268.24039 -10.27893
2450269.24044 -6.44341
2450270.24049 0.62375
2450271.24053 -7.48445
2450272.24058 -10.55661
2450273.24062 -0.96783
2450274.24067 -4.60728
2450275.24071 -12.70890
2450276.24076 -3.38302
2450277.24080 -1.00084
2450278.24085 -9.17864
2450279.24090 -7.35234
2450280.24094 0.98610
2450281.24099 -7.78498
2450282.24103 -9.47633
2450283.24108 1.05377
2450284.24112 -0.47757
2450285.24117 -8.75733
2450286.24122 -0.35652
2450287.24126 4.60641
2450288.24131 -4.99365
2450289.24135 -1.78953
2450290.24140 6.94419
2450291.24144 1.18832
2450292.24149 -3.26393
2450293.24154 7.27556
2450479.25002 -4.64290
2450480.25007 -4.45524
2450481.25011 3.81300
2450482.25016 -3.17535
2450483.25021 -11.07889
2450484.25025 0.00235
2450485.25030 -1.74234
2450486.25034 -9.84010
2450487.25039 -4.79440
2450488.25043 -0.23985
2450489.25048 -10.54228
2450490.25052 -9.97848
2450491.25057 -0.38218
2450492.25062 -6.00316
2450493.25066 -10.84827
2450494.25071 -2.12677
2450495.25075 -2.10291
2450496.25080 -11.97069
2450497.25084 -5.30674
2450498.25089 1.30950
2450499.25094 -8.09734
2450500.25098 -8.95964
2450501.25103 3.58637
2450502.25107 -1.79751
2450503.25112 -6.95038
2450504.25116 2.61197
2450505.25121 4.06283
2450506.25125 -4.68095
2450507.25130 0.90657
2450508.25135 8.67047
2450509.25139 -0.04205
2450510.25144 -0.72560
2450511.25148 9.30058
2450512.25153 6.26662
2450513.25157 -0.90791
2450514.25162 7.95285
2450515.25167 10.59055
2450516.25171 0.69646
2450517.25176 4.57372
2450518.25180 13.12955
2450519.25185 4.41287
2450520.25189 1.73643
2450521.25194 12.26963
2450522.25199 8.25073
2450523.25203 -0.68890
2450524.25208 6.98511
2450525.25212 9.20159
2450526.25217 -0.98026
2450527.25221 1.57087
2450528.25226 9.41225
2450529.25230 0.24290
2450530.25235 -3.83443
2450531.25240 5.23437
2450532.25244 1.97762
2450533.25249 -6.72615
2450534.25253 0.07116
2450535.25258 2.63752
2450536.25262 -7.24337
2450537.25267 -5.66735
2450538.25272 1.81526
2450539.25276 -6.67061
2450540.25281 -10.46950
2450541.25285 -1.09427
2450542.25290 -3.59520
2450543.25294 -12.54553
2450544.25299 -4.91441
2450545.25303 -0.90656
2450546.25308 -10.37818
2450547.25313 -8.62722
2450548.25317 -0.03835
2450549.25322 -5.23402
2450550.25326 -10.02101
2450551.25331 -0.96400
2450552.25335 -1.22553
2450553.25340 -9.41160
2450554.25345 -2.75285
2450555.25349 3.14970
2450556.25354 -5.41451
2450557.25358 -4.29923
2450558.25363 5.12621
2450559.25367 -0.08902
2450560.25372 -4.13605
2450561.25376 4.61655
2450562.25381 6.25283
2450563.25386 -3.19191
2450564.25390 2.76589
2450565.25395 8.33624
2450566.25399 1.27871
2450567.25404 1.22086
2450568.25408 10.78258
2450569.25413 5.82280
2450570.25418 0.08037
2450571.25422 9.63822
2450572.25427 9.60362
2450573.25431 0.77115
2450574.25436 5.26437
2450575.25440 12.43476
2450576.25445 3.33092
2450577.25449 0.98623
2450578.25454 9.35995
2450579.25459 6.08141
2450580.25463 -1.76846
2450581.25468 5.33982
2450582.25472 7.70753
2450583.25477 -3.08392
2450584.25481 0.10180
2450585.25486 5.59305
2450586.25491 -2.31351
2450587.25495 -5.87592
2450588.25500 3.77424
2450589.25504 -0.35141
2450590.25509 -10.20766
2450591.25513 -1.45985
2450592.25518 0.85517
2450593.25522 -7.36908
2450594.25527 -7.43558
2450595.25532 0.63626
2450596.25536 -6.41324
2450597.25541 -10.63958
2450598.25545 -1.32662
2450599.25550 -3.78663
2450600.25554 -16.33164
2450601.25559 -4.89332
2450602.25564 -0.75653
2450603.25568 -11.81083
2450604.25573 -7.93345
2450605.25577 0.84798
2450606.25582 -5.85780
2450607.25586 -8.24167
2450608.25591 0.74855
2450609.25596 -0.11019
2450610.25600 -8.23737
2450611.25605 -0.81712
2450612.25609 5.43159
2450613.25614 -4.13818
2450614.25618 -2.63116
2450615.25623 7.69387
2450616.25627 1.35015
2450617.25632 -2.86287
2450618.25637 7.85493
2450619.25641 6.26008
2450620.25646 -1.31290
2450621.25650 5.01368
2450622.25655 11.80747
2450623.25659 1.87619
2450624.25664 2.35311
2450625.25669 12.17440
2450626.25673 6.43052
2450627.25678 0.49468
2450628.25682 8.35722
2450629.25687 9.54644
2450630.25691 0.17037
2450631.25696 5.78061
2450632.25700 11.48562
2450633.25705 1.64994
2450634.25710 0.10698
2450635.25714 8.36709
2450636.25719 3.71722
2450637.25723 -3.80290
2450638.25728 4.76574
2450639.25732 4.77125
2450640.25737 -5.46199
2450641.25742 -1.40663
2450642.25746 4.75581
2450643.25751 -4.41015
2450644.25755 -7.50377
2450645.25760 1.63268
2450646.25764 -2.59112
2450647.25769 -9.02428
2450648.25773 -2.54583
2450649.25778 -0.63993
2450650.25783 -10.20472
2450651.25787 -7.53455
2450652.25792 -0.06496
2450653.25796 -7.41245
2450654.25801 -10.38397
2450655.25805 -1.41475
2450656.25810 -4.39203
2450657.25815 -12.50236
2450658.25819 -4.00960
2450844.26668 3.85487
2450845.26672 1.30635
2450846.26677 10.74052
2450847.26682 6.98924
2450848.26686 -0.80204
2450849.26691 7.47204
2450850.26695 9.53109
2450851.26700 -0.81286
2450852.26704 1.15878
2450853.26709 8.95834
2450854.26714 0.70758
2450855.26718 -4.06584
2450856.26723 4.51359
2450857.26727 2.38425
2450858.26732 -7.10763
2450859.26736 -0.31092
2450860.26741 3.19976
2450861.26745 -7.07002
2450862.26750 -5.62667
2450863.26755 1.91164
2450864.26759 -5.11481
2450865.26764 -9.96258
2450866.26768 -1.20402
2450867.26773 -2.31808
2450868.26777 -11.23567
2450869.26782 -4.68707
2450870.26787 -0.67201
2450871.26791 -8.86674
2450872.26796 -7.89926
2450873.26800 -0.13111
2450874.26805 -5.59536
2450875.26809 -11.82096
2450876.26814 -1.29635
2450877.26818 -1.04897
2450878.26823 -9.44299
2450879.26828 -3.57272
2450880.26832 2.95859
2450881.26837 -5.57020
2450882.26841 -5.49025
2450883.26846 5.19789
2450884.26850 0.40093
2450885.26855 -4.76025
2450886.26860 3.96974
2450887.26864 5.92948
2450888.26869 -2.41332
2450889.26873 2.70670
2450890.26878 10.34124
2450891.26882 1.41966
2450892.26887 0.90326
2450893.26891 11.30101
2450894.26896 6.33662
2450895.26901 -0.00318
2450896.26905 8.05970
2450897.26910 11.08098
2450898.26914 1.03710
2450899.26919 4.71670
2450900.26923 10.51893
2450901.26928 3.34830
2450902.26933 0.86067
2450903.26937 9.72738
2450904.26942 6.06810
2450905.26946 -1.92957
2450906.26951 6.52035
2450907.26955 7.62807
2450908.26960 -2.54697
2450909.26964 -0.31757
2450910.26969 7.60506
2450911.26974 -1.91880
2450912.26978 -6.05155
2450913.26983 3.19049
2450914.26987 0.03232
2450915.26992 -9.18755
2450916.26996 -1.76298
2450917.27001 1.34193
2450918.27006 -8.07852
2450919.27010 -7.85000
2450920.27015 0.56977
2450921.27019 -6.86086
2450922.27024 -9.98993
2450923.27028 -1.89918
2450924.27033 -4.13987
2450925.27038 -11.89462
2450926.27042 -5.36935
2450927.27047 -0.50825
2450928.27051 -8.60207
2450929.27056 -8.62790
2450930.27060 0.90457
2450931.27065 -6.00854
2450932.27069 -9.54283
2450933.27074 0.44435
2450934.27079 0.22758
2450935.27083 -7.25135
2450936.27088 -0.99756
2450937.27092 4.74004
2450938.27097 -3.64200
2450939.27101 -3.09244
2450940.27106 7.39759
2450941.27111 2.01466
2450942.27115 -3.27805
2450943.27120 5.85359
2450944.27124 8.01056
2450945.27129 -1.13814
2450946.27133 4.42468
2450947.27138 10.99205
2450948.27142 2.41230
2450949.27147 1.78909
2450950.27152 11.07301
2450951.27156 7.37298
2450952.27161 0.30763
2450953.27165 9.74447
2450954.27170 10.02168
2450955.27174 0.36061
2450956.27179 3.40689
2450957.27184 9.78244
2450958.27188 1.97595
2450959.27193 -0.19477
2450960.27197 9.18585
2450961.27202 4.17134
2450962.27206 -3.30813
2450963.27211 3.44982
2450964.27215 5.23279
2450965.27220 -4.79545
2450966.27225 -1.96403
2450967.27229 4.51707
2450968.27234 -3.89903
2450969.27238 -5.83817
2450970.27243 1.70970
2450971.27247 -2.06871
2450972.27252 -9.57335
2450973.27257 -3.24865
2450974.27261 -0.37900
2450975.27266 -10.60859
2450976.27270 -7.88444
2450977.27275 -0.07507
2450978.27279 -8.19253
2450979.27284 -11.26452
2450980.27288 -1.59445
2450981.27293 -4.33557
2450982.27298 -11.06390
2450983.27302 -4.33476
2450984.27307 0.09269
2450985.27311 -9.62078
2450986.27316 -6.63708
2450987.27320 2.10213
2450988.27325 -3.90407
2450989.27330 -6.92529
2450990.27334 2.44353
2450991.27339 1.78620
2450992.27343 -5.40800
2450993.27348 1.56485
2450994.27352 6.18152
2450995.27357 -2.12928
2450996.27362 -0.44517
2450997.27366 9.57545
2450998.27371 3.62591
2450999.27375 -1.34669
2451000.27380 8.20062
2451001.27384 8.34847
2451002.27389 -0.17430
2451003.27393 5.94276
2451004.27398 12.01455
2451005.27403 2.32703
2451006.27407 2.11316
2451007.27412 12.97869
2451008.27416 6.30623
2451009.27421 0.02385
2451010.27425 7.30221
2451011.27430 8.46435
2451012.27435 -0.91130
2451013.27439 4.10320
2451014.27444 9.26497
2451015.27448 0.00398
2451016.27453 -1.38888
2451017.27457 7.55197
2451018.27462 1.83755
2451019.27466 -6.29734
2451020.27471 1.95833
2451021.27476 2.83150
2451022.27480 -6.63775
2451023.27485 -3.90983
2451209.28333 0.73654
2451210.28338 -4.64124
2451211.28343 3.81197
2451212.28347 5.26967
2451213.28352 -2.51740
2451214.28356 2.14190
2451215.28361 9.90228
2451216.28365 1.95087
2451217.28370 0.55093
2451218.28375 11.00078
2451219.28379 6.90787
2451220.28384 -0.04583
2451221.28388 7.71394
2451222.28393 11.26113
2451223.28397 0.95920
2451224.28402 4.25660
2451225.28406 12.84467
2451226.28411 3.51761
2451227.28416 0.55086
2451228.28420 9.53202
2451229.28425 6.51373
2451230.28429 -2.00928
2451231.28434 5.45721
2451232.28438 8.83795
2451233.28443 -2.53357
2451234.28448 -0.92948
2451235.28452 6.17209
2451236.28457 -1.52992
2451237.28461 -6.15494
2451238.28466 3.34138
2451239.28470 0.44639
2451240.28475 -8.49299
2451241.28480 -2.33132
2451242.28484 1.38613
2451243.28489 -9.55459
2451244.28493 -7.33333
2451245.28498 0.64399
2451246.28502 -7.86049
2451247.28507 -11.26248
2451248.28511 -2.14944
2451249.28516 -2.67194
2451250.28521 -11.97354
2451251.28525 -5.95634
2451252.28530 -0.42016
2451253.28534 -8.98783
2451254.28539 -8.52970
2451255.28543 0.78770
2451256.28548 -3.96732
2451257.28553 -9.77654
2451258.28557 0.08966
2451259.28562 0.66797
2451260.28566 -8.78275
2451261.28571 -1.84025
2451262.28575 4.52237
2451263.28580 -3.28123
2451264.28584 -3.31382
2451265.28589 8.27606
2451266.28594 2.09017
2451267.28598 -3.16151
2451268.28603 6.38898
2451269.28607 8.31659
2451270.28612 -1.03237
2451271.28616 3.89552
2451272.28621 10.03920
2451273.28626 2.53544
2451274.28630 1.27136
2451275.28635 12.29878
2451276.28639 6.30879
2451277.28644 0.26627
2451278.28648 8.14662
2451279.28653 9.93459
2451280.28657 0.53549
2451281.28662 4.44414
2451282.28667 11.29562
2451283.28671 2.18447
2451284.28676 -0.60382
2451285.28680 8.01577
2451286.28685 4.38418
2451287.28689 -3.69840
2451288.28694 3.37887
2451289.28699 5.01721
2451290.28703 -4.65039
2451291.28708 -2.53077
2451292.28712 5.11183
2451293.28717 -3.39717
2451294.28721 -8.29104
2451295.28726 1.38284
2451296.28730 -1.73924
2451297.28735 -12.87436
2451298.28740 -3.26162
2451299.28744 -0.12741
2451300.28749 -9.57068
2451301.28753 -8.09946
2451302.28758 -0.11776
2451303.28762 -6.89150
2451304.28767 -9.20626
2451305.28772 -1.61643
2451306.28776 -2.75056
2451307.28781 -12.45252
2451308.28785 -4.43146
2451309.28790 0.33378
2451310.28794 -8.42101
2451311.28799 -7.16080
2451312.28804 2.62035
2451313.28808 -3.45113
2451314.28813 -7.47786
2451315.28817 2.24797
2451316.28822 2.23040
2451317.28826 -5.88962
2451318.28831 0.79345
2451319.28835 7.72332
2451320.28840 -1.73861
2451321.28845 -0.91191
2451322.28849 7.57057
2451323.28854 3.36002
2451324.28858 -1.31503
2451325.28863 7.13322
2451326.28867 8.89606
2451327.28872 -0.02996
2451328.28877 4.22771
2451329.28881 12.52638
2451330.28886 2.97942
2451331.28890 2.04756
2451332.28895 13.58294
2451333.28899 6.83272
2451334.28904 -0.07468
2451335.28908 8.88856
2451336.28913 7.77154
2451337.28918 -0.66889
2451338.28922 3.52550
2451339.28927 9.21207
2451340.28931 0.35562
2451341.28936 -2.20498
2451342.28940 6.97057
2451343.28945 2.07738
2451344.28950 -6.01447
2451345.28954 1.94549
2451346.28959 3.85822
2451347.28963 -6.64425
2451348.28968 -3.76847
2451349.28972 2.56136
2451350.28977 -6.80009
2451351.28981 -9.92123
2451352.28986 0.13930
2451353.28991 -2.84155
2451354.28995 -12.71493
2451355.29000 -3.77551
2451356.29004 -1.09188
2451357.29009 -10.42670
2451358.29013 -7.94803
2451359.29018 -0.16990
2451360.29023 -6.88885
2451361.29027 -10.88872
2451362.29032 -0.98119
2451363.29036 -3.07726
2451364.29041 -9.23722
2451365.29045 -3.30138
2451366.29050 1.55909
2451367.29054 -7.72178
2451368.29059 -4.64277
2451369.29064 4.35958
2451370.29068 -2.20215
2451371.29073 -6.02045
2451372.29077 4.28811
2451373.29082 3.51429
2451374.29086 -3.37675
2451375.29091 2.97425
2451376.29096 7.73170
2451377.29100 -0.21438
2451378.29105 1.27708
2451379.29109 12.03872
2451380.29114 5.03489
2451381.29118 -0.06506
2451382.29123 8.58590
2451383.29127 8.77158
2451384.29132 0.41482
2451385.29137 6.73594
2451386.29141 9.54009
2451387.29146 2.19180
2451388.29150 2.24944
2451575.30004 -11.17346
2451576.30008 -5.89311
2451577.30013 -0.23212
2451578.30017 -10.14322
2451579.30022 -8.60349
2451580.30026 0.61220
2451581.30031 -4.21144
2451582.30036 -10.88861
2451583.30040 -0.26415
2451584.30045 1.00067
2451585.30049 -8.30600
2451586.30054 -1.98487
2451587.30058 4.38914
2451588.30063 -2.88716
2451589.30068 -2.95428
2451590.30072 6.21289
2451591.30077 2.79964
2451592.30081 -2.64443
2451593.30086 5.83650
2451594.30090 8.17964
2451595.30095 -0.77783
2451596.30099 4.10974
2451597.30104 11.06291
2451598.30109 2.60568
2451599.30113 1.45805
2451600.30118 8.91229
2451601.30122 7.94141
2451602.30127 0.20715
2451603.30131 8.49278
2451604.30136 11.56690
2451605.30141 0.74824
2451606.30145 3.55454
2451607.30150 11.58760
2451608.30154 2.76337
2451609.30159 -0.84860
2451610.30163 8.14831
2451611.30168 4.59704
2451612.30172 -3.31340
2451613.30177 2.88719
2451614.30182 5.71627
2451615.30186 -4.37918
2451616.30191 -2.60776
2451617.30195 4.74781
2451618.30200 -3.45934
2451619.30204 -7.06967
2451620.30209 1.27081
2451621.30214 -1.34198
2451622.30218 -9.23869
2451623.30223 -3.44955
2451624.30227 0.04997
2451625.30232 -10.07321
2451626.30236 -9.37779
2451627.30241 -0.15246
2451628.30246 -7.07374
2451629.30250 -10.85560
2451630.30255 -2.16201
2451631.30259 -2.26086
2451632.30264 -10.12331
2451633.30268 -5.17981
2451634.30273 0.45235
2451635.30277 -8.76733
2451636.30282 -6.88594
2451637.30287 1.84039
2451638.30291 -3.30969
2451639.30296 -7.55076
2451640.30300 1.93030
2451641.30305 2.73741
2451642.30309 -5.04114
2451643.30314 0.28913
2451644.30319 7.14565
2451645.30323 -1.20265
2451646.30328 -1.33133
2451647.30332 9.62145
2451648.30337 4.36241
2451649.30341 -1.52676
2451650.30346 8.85378
2451651.30350 8.85559
2451652.30355 0.10645
2451653.30360 4.51767
2451654.30364 11.28460
2451655.30369 3.24950
2451656.30373 1.81921
2451657.30378 10.32140
2451658.30382 6.73584
2451659.30387 -0.14410
2451660.30392 7.87522
2451661.30396 8.90255
2451662.30401 -0.46368
2451663.30405 3.00827
2451664.30410 8.53525
2451665.30414 0.68961
2451666.30419 -2.17792
2451667.30423 5.98748
2451668.30428 2.64196
2451669.30433 -5.43332
2451670.30437 1.54493
2451671.30442 3.91793
2451672.30446 -6.43304
2451673.30451 -4.75033
2451674.30455 2.55241
2451675.30460 -5.23509
2451676.30465 -9.59656
2451677.30469 -0.11129
2451678.30474 -3.01443
2451679.30478 -12.62265
2451680.30483 -3.56282
2451681.30487 -0.95439
2451682.30492 -9.95386
2451683.30496 -8.48311
2451684.30501 -0.19530
2451685.30506 -6.63926
2451686.30510 -9.15001
2451687.30515 -0.91831
2451688.30519 -2.58805
2451689.30524 -11.01116
2451690.30528 -3.13566
2451691.30533 1.40447
2451692.30538 -7.01438
2451693.30542 -5.21678
2451694.30547 4.28022
2451695.30551 -1.38317
2451696.30556 -6.17692
2451697.30560 2.92452
2451698.30565 4.22136
2451699.30569 -3.78668
2451700.30574 2.40329
2451701.30579 8.24218
2451702.30583 0.08798
2451703.30588 0.64438
2451704.30592 9.43648
2451705.30597 4.04003
2451706.30601 -0.21828
2451707.30606 9.93434
2451708.30611 7.89500
2451709.30615 0.47698
2451710.30620 5.45042
2451711.30624 12.38342
2451712.30629 2.98039
2451713.30633 1.77092
2451714.30638 9.97196
2451715.30643 5.06482
2451716.30647 -1.04553
2451717.30652 7.12097
2451718.30656 7.74517
2451719.30661 -1.95649
2451720.30665 1.47992
2451721.30670 7.61607
2451722.30674 -1.59144
2451723.30679 -3.97867
2451724.30684 4.41930
2451725.30688 0.21589
2451726.30693 -7.11617
2451727.30697 -0.07132
2451728.30702 1.67811
2451729.30706 -9.11084
2451730.30711 -5.49781
2451731.30716 1.31116
2451732.30720 -6.87590
2451733.30725 -10.78741
2451734.30729 -0.83821
2451735.30734 -4.60469
2451736.30738 -10.65555
2451737.30743 -4.05216
2451738.30747 -1.13369
2451739.30752 -9.73273
2451740.30757 -6.89005
2451741.30761 0.44708
2451742.30766 -5.68238
2451743.30770 -7.60462
2451744.30775 0.20958
2451745.30779 -1.54026
2451746.30784 -7.48586
2451747.30789 -1.23280
2451748.30793 3.32101
2451749.30798 -5.26468
2451750.30802 -3.02036
2451751.30807 5.52211
2451752.30811 0.06123
2451753.30816 -3.63680
2451754.30820 5.33892
2451940.31669 -4.20922
2451941.31674 -3.12429
2451942.31678 4.73499
2451943.31683 -2.80632
2451944.31688 -7.37968
2451945.31692 0.69690
2451946.31697 -0.75917
2451947.31701 -10.60820
2451948.31706 -3.99677
2451949.31710 0.24176
2451950.31715 -8.51743
2451951.31719 -9.61273
2451952.31724 -0.28181
2451953.31729 -5.74708
2451954.31733 -11.32717
2451955.31738 -2.37459
2451956.31742 -2.18668
2451957.31747 -10.95415
2451958.31751 -5.25729
2451959.31756 0.61397
2451960.31761 -7.29370
2451961.31765 -8.01196
2451962.31770 1.97494
2451963.31774 -2.18585
2451964.31779 -8.85978
2451965.31783 1.46054
2451966.31788 2.87749
2451967.31792 -5.69335
2451968.31797 -0.10312
2451969.31802 6.91756
2451970.31806 -0.78715
2451971.31811 -1.35945
2451972.31815 7.57129
2451973.31820 4.92369
2451974.31824 -1.48608
2451975.31829 7.72123
2451976.31834 8.24687
2451977.31838 0.28405
2451978.31843 3.99740
2451979.31847 11.39094
2451980.31852 3.52102
2451981.31856 1.51069
2451982.31861 9.12455
2451983.31865 7.31257
2451984.31870 -0.20918
2451985.31875 6.43309
2451986.31879 9.49134
2451987.31884 -0.19330
2451988.31888 2.42581
2451989.31893 9.23950
2451990.31897 1.16704
2451991.31902 -2.48373
2451992.31907 6.04683
2451993.31911 2.92813
2451994.31916 -6.01860
2451995.31920 1.00477
2451996.31925 3.80978
2451997.31929 -7.36527
2451998.31934 -4.22456
2451999.31938 2.87525
2452000.31943 -4.99608
2452001.31948 -10.54981
2452002.31952 -0.37427
2452003.31957 -2.43416
2452004.31961 -10.89001
2452005.31966 -4.28538
2452006.31970 -0.51417
2452007.31975 -8.38433
2452008.31980 -9.06332
2452009.31984 -0.25960
2452010.31989 -5.97482
2452011.31993 -10.98928
2452012.31998 -1.33074
2452013.32002 -1.57780
2452014.32007 -10.81900
2452015.32011 -3.39784
2452016.32016 1.86458
2452017.32021 -6.15313
2452018.32025 -5.44218
2452019.32030 2.57867
2452020.32034 -1.00083
2452021.32039 -5.80825
2452022.32043 4.26779
2452023.32048 4.24444
2452024.32053 -4.33198
2452025.32057 1.92272
2452026.32062 8.32690
2452027.32066 0.43321
2452028.32071 0.40546
2452029.32075 8.59699
2452030.32080 5.45044
2452031.32085 -0.29359
2452032.32089 9.41492
2452033.32094 9.28867
2452034.32098 0.78569
2452035.32103 4.68392
2452036.32107 9.26053
2452037.32112 3.20513
2452038.32116 1.58131
2452039.32121 9.64841
2452040.32126 4.80221
2452041.32130 -1.11471
2452042.32135 5.85438
2452043.32139 6.75993
2452044.32144 -1.72507
2452045.32148 1.04821
2452046.32153 6.66743
2452047.32158 -0.97023
2452048.32162 -4.12525
2452049.32167 4.17506
2452050.32171 0.54378
2452051.32176 -8.02487
2452052.32180 -0.52107
2452053.32185 1.84823
2452054.32189 -8.44524
2452055.32194 -5.23724
2452056.32199 1.32044
2452057.32203 -7.40916
2452058.32208 -11.17708
2452059.32212 -1.04100
2452060.32217 -3.43867
2452061.32221 -12.06731
2452062.32226 -4.44543
2452063.32231 -0.84168
2452064.32235 -9.28426
2452065.32240 -8.62212
2452066.32244 0.35752
2452067.32249 -6.45847
2452068.32253 -8.88166
2452069.32258 -0.07072
2452070.32262 -0.93055
2452071.32267 -8.45066
2452072.32272 -1.69387
2452073.32276 3.15511
2452074.32281 -4.88796
2452075.32285 -3.00768
2452076.32290 5.89040
2452077.32294 0.47803
2452078.32299 -4.05890
2452079.32304 5.99317
2452080.32308 5.74922
2452081.32313 -2.20739
2452082.32317 4.41659
2452083.32322 10.74064
2452084.32326 1.32044
2452085.32331 1.73165
2452086.32335 10.83927
2452087.32340 5.52158
2452088.32345 0.36471
2452089.32349 9.45201
2452090.32354 9.23677
2452091.32358 0.49604
2452092.32363 5.89419
2452093.32367 10.92282
2452094.32372 2.45287
2452095.32377 0.70395
2452096.32381 9.77436
2452097.32386 4.06809
2452098.32390 -2.60427
2452099.32395 5.26258
2452100.32399 5.49148
2452101.32404 -3.78194
2452102.32409 -0.40468
2452103.32413 4.61617
2452104.32418 -3.39811
2452105.32422 -6.07739
2452106.32427 2.53621
2452107.32431 -1.71944
2452108.32436 -9.66732
2452109.32440 -1.78118
2452110.32445 -0.01590
2452111.32450 -7.99697
2452112.32454 -6.89651
2452113.32459 0.18163
2452114.32463 -7.34923
2452115.32468 -9.62301
2452116.32472 -1.16162
2452117.32477 -4.25041
2452118.32482 -13.27040
2452119.32486 -3.88839
2452305.33335 3.73936
2452306.33339 1.17628
2452307.33344 10.68025
2452308.33349 7.75930
2452309.33353 -0.18667
2452310.33358 5.87493
2452311.33362 8.96070
2452312.33367 0.00777
2452313.33371 1.97283
2452314.33376 10.58999
2452315.33380 1.49946
2452316.33385 -2.32980
2452317.33390 5.14853
2452318.33394 2.99313
2452319.33399 -5.35189
2452320.33403 0.67533
2452321.33408 3.89252
2452322.33412 -6.44436
2452323.33417 -5.54807
2452324.33422 2.59421
2452325.33426 -3.95023
2452326.33431 -10.12245
2452327.33435 -0.73325
2452328.33440 -2.03196
2452329.33444 -11.49742
2452330.33449 -4.32821
2452331.33454 -0.40315
2452332.33458 -7.89010
2452333.33463 -8.74971
2452334.33467 -0.36007
2452335.33472 -6.40219
2452336.33476 -9.39734
2452337.33481 -1.59928
2452338.33485 -1.69545
2452339.33490 -9.55514
2452340.33495 -4.45697
2452341.33499 2.06977
2452342.33504 -6.37889
2452343.33508 -5.94709
2452344.33513 3.64790
2452345.33517 -0.69420
2452346.33522 -5.83394
2452347.33527 3.37054
2452348.33531 4.70024
2452349.33536 -3.52838
2452350.33540 1.79096
2452351.33545 9.68964
2452352.33549 0.78110
2452353.33554 0.08694
2452354.33558 10.15025
2452355.33563 5.84630
2452356.33568 -0.33223
2452357.33572 7.80598
2452358.33577 8.17700
2452359.33581 0.76341
2452360.33586 4.73026
2452361.33590 11.40180
2452362.33595 3.42444
2452363.33600 1.07928
2452364.33604 10.18151
2452365.33609 5.18316
2452366.33613 -1.07936
2452367.33618 6.28321
2452368.33622 9.65313
2452369.33627 -1.38223
2452370.33631 0.76112
2452371.33636 7.17050
2452372.33641 -0.56699
2452373.33645 -4.64464
2452374.33650 3.94270
2452375.33654 0.97546
2452376.33659 -7.51915
2452377.33663 -0.91935
2452378.33668 1.67870
2452379.33673 -7.00090
2452380.33677 -7.42729
2452381.33682 1.15358
2452382.33686 -5.90492
2452383.33691 -8.60560
2452384.33695 -1.25546
2452385.33700 -3.07885
2452386.33704 -10.65908
2452387.33709 -4.26199
2452388.33714 -0.70100
2452389.33718 -9.16390
2452390.33723 -7.96305
2452391.33727 0.30661
2452392.33732 -5.99982
2452393.33736 -8.66574
2452394.33741 -0.39236
2452395.33746 -0.46969
2452396.33750 -8.21805
2452397.33755 -2.21344
2452398.33759 3.35394
2452399.33764 -4.28438
2452400.33768 -3.84676
2452401.33773 5.64761
2452402.33777 1.11998
2452403.33782 -3.38729
2452404.33787 5.28613
2452405.33791 5.03926
2452406.33796 -2.05727
2452407.33800 4.01174
2452408.33805 10.70715
2452409.33809 1.80136
2452410.33814 1.24374
2452411.33819 9.81276
2452412.33823 5.47220
2452413.33828 0.25018
2452414.33832 8.84150
2452415.33837 6.88532
2452416.33841 0.48454
2452417.33846 4.91713
2452418.33851 10.98659
2452419.33855 2.20969
2452420.33860 0.45981
2452421.33864 8.82072
2452422.33869 4.46645
2452423.33873 -2.60700
2452424.33878 3.92069
2452425.33882 6.67797
2452426.33887 -3.72456
2452427.33892 -0.86117
2452428.33896 5.84243
2452429.33901 -2.87710
2452430.33905 -4.74910
2452431.33910 2.24334
2452432.33914 -1.09595
2452433.33919 -7.11180
2452434.33924 -2.03060
2452435.33928 0.23023
2452436.33933 -9.11380
2452437.33937 -7.21556
2452438.33942 0.24051
2452439.33946 -7.27429
2452440.33951 -10.75748
2452441.33955 -1.74197
2452442.33960 -3.86593
2452443.33965 -11.21166
2452444.33969 -3.58672
2452445.33974 -0.47699
2452446.33978 -9.00696
2452447.33983 -6.88876
2452448.33987 1.41365
2452449.33992 -4.43742
2452450.33997 -7.34308
2452451.34001 1.33092
2452452.34006 0.72662
2452453.34010 -6.51348
2452454.34015 0.12212
2452455.34019 5.69450
2452456.34024 -2.85269
2452457.34028 -1.35898
2452458.34033 7.48220
2452459.34038 1.86595
2452460.34042 -1.91675
2452461.34047 7.84776
2452462.34051 7.56542
2452463.34056 -0.68667
2452464.34060 4.78575
2452465.34065 10.99346
2452466.34070 2.00867
2452467.34074 2.44694
2452468.34079 11.72964
2452469.34083 6.49637
2452470.34088 0.30159
2452471.34092 10.18084
2452472.34097 8.99129
2452473.34101 -0.22847
2452474.34106 4.14671
2452475.34111 8.59876
2452476.34115 0.86328
2452477.34120 -0.62794
2452478.34124 7.49753
2452479.34129 2.30257
2452480.34133 -3.95869
2452481.34138 2.64329
2452482.34143 4.02114
2452483.34147 -5.06456
2452484.34152 -2.06126
2452670.35000 -0.24614
2452671.35005 -6.30013
2452672.35010 3.15997
2452673.35014 4.81606
2452674.35019 -2.96653
2452675.35023 1.15868
2452676.35028 7.68406
2452677.35032 0.90248
2452678.35037 -0.18797
2452679.35042 9.00007
2452680.35046 6.82999
2452681.35051 -0.33057
2452682.35055 6.95347
2452683.35060 9.60487
2452684.35064 0.99752
2452685.35069 4.32628
2452686.35073 11.83571
2452687.35078 4.18402
2452688.35083 0.96383
2452689.35087 11.76315
2452690.35092 7.53409
2452691.35096 -0.97691
2452692.35101 5.45926
2452693.35105 6.89303
2452694.35110 -1.44044
2452695.35115 0.21662
2452696.35119 6.57809
2452697.35124 -0.21862
2452698.35128 -4.46395
2452699.35133 3.77002
2452700.35137 1.14315
2452701.35142 -7.38981
2452702.35146 -1.33588
2452703.35151 2.27640
2452704.35156 -6.30288
2452705.35160 -5.70286
2452706.35165 1.23354
2452707.35169 -5.25073
2452708.35174 -8.96982
2452709.35178 -1.40661
2452710.35183 -2.84188
2452711.35188 -9.23650
2452712.35192 -7.06382
2452713.35197 -0.54275
2452714.35201 -9.52922
2452715.35206 -9.82482
2452716.35210 0.14606
2452717.35215 -4.87640
2452718.35219 -7.60588
2452719.35224 -0.74073
2452720.35229 -0.22505
2452721.35233 -7.20825
2452722.35238 -2.54322
2452723.35242 2.82837
2452724.35247 -4.44283
2452725.35251 -3.66467
2452726.35256 4.79676
2452727.35261 1.07433
2452728.35265 -3.81632
2452729.35270 4.43574
2452730.35274 5.79635
2452731.35279 -1.71486
2452732.35283 3.32585
2452733.35288 9.21549
2452734.35293 2.28615
2452735.35297 1.27528
2452736.35302 9.90557
2452737.35306 5.01698
2452738.35311 0.19663
2452739.35315 8.00397
2452740.35320 10.18397
2452741.35324 0.48967
2452742.35329 3.80366
2452743.35334 8.93131
2452744.35338 2.54377
2452745.35343 0.23477
2452746.35347 6.44150
2452747.35352 3.94707
2452748.35356 -2.55186
2452749.35361 3.82584
2452750.35366 6.40363
2452751.35370 -2.82052
2452752.35375 -0.86783
2452753.35379 5.40766
2452754.35384 -2.02113
2452755.35388 -6.84889
2452756.35393 2.16040
2452757.35397 -0.74813
2452758.35402 -9.53208
2452759.35407 -2.59825
2452760.35411 0.42051
2452761.35416 -8.69165
2452762.35420 -7.80575
2452763.35425 0.18380
2452764.35429 -5.58414
2452765.35434 -10.93313
2452766.35439 -1.75309
2452767.35443 -3.48975
2452768.35448 -9.03841
2452769.35452 -4.18468
2452770.35457 -0.17377
2452771.35461 -9.03343
2452772.35466 -7.10622
2452773.35470 1.22360
2452774.35475 -3.64217
2452775.35480 -7.77311
2452776.35484 1.20215
2452777.35489 0.85993
2452778.35493 -5.07780
2452779.35498 -0.22672
2452780.35502 4.95979
2452781.35507 -2.77377
2452782.35512 -1.46402
2452783.35516 7.38065
2452784.35521 2.81591
2452785.35525 -2.16471
2452786.35530 6.74587
2452787.35534 7.38811
2452788.35539 -0.44732
2452789.35543 4.88048
2452790.35548 9.84794
2452791.35553 2.41073
2452792.35557 1.78838
2452793.35562 11.16247
2452794.35566 6.16180
2452795.35571 0.15412
2452796.35575 6.98939
2452797.35580 9.48083
2452798.35585 -0.06885
2452799.35589 3.14999
2452800.35594 9.46532
2452801.35598 1.23805
2452802.35603 -0.86194
2452803.35607 6.44142
2452804.35612 3.44765
2452805.35617 -3.80585
2452806.35621 2.95561
2452807.35626 3.33920
2452808.35630 -5.76762
2452809.35635 -2.72774
2452810.35639 2.85853
2452811.35644 -5.48645
2452812.35648 -7.68870
2452813.35653 0.84227
2452814.35658 -2.33669
2452815.35662 -8.97907
2452816.35667 -2.71708
2452817.35671 -0.71560
2452818.35676 -10.04227
2452819.35680 -7.21566
2452820.35685 -0.16891
2452821.35690 -7.33715
2452822.35694 -9.94365
2452823.35699 -1.17301
2452824.35703 -2.85639
2452825.35708 -9.91089
2452826.35712 -2.90143
2452827.35717 0.52226
2452828.35721 -8.70433
2452829.35726 -5.04230
2452830.35731 2.79662
2452831.35735 -2.76189
2452832.35740 -6.36700
2452833.35744 3.13735
2452834.35749 2.41092
2452835.35753 -5.37685
2452836.35758 1.93995
2452837.35763 6.68192
2452838.35767 -0.89442
2452839.35772 0.25710
2452840.35776 9.38664
2452841.35781 3.24190
2452842.35785 -0.41352
2452843.35790 8.01618
2452844.35794 8.55161
2452845.35799 0.14893
2452846.35804 5.14542
2452847.35808 11.85079
2452848.35813 2.22962
2452849.35817 2.05296
2453036.36671 -11.87924
2453037.36675 -5.12519
2453038.36680 -0.37517
2453039.36684 -7.28684
2453040.36689 -8.07813
2453041.36693 0.05821
2453042.36698 -4.07055
2453043.36703 -9.39544
2453044.36707 -1.04817
2453045.36712 0.07562
2453046.36716 -8.35677
2453047.36721 -2.46021
2453048.36725 3.79122
2453049.36730 -4.14186
2453050.36735 -3.69774
2453051.36739 5.52586
2453052.36744 1.77690
2453053.36748 -3.64463
2453054.36753 4.26773
2453055.36757 6.75931
2453056.36762 -1.58907
2453057.36766 2.32149
2453058.36771 7.97705
2453059.36776 2.28973
2453060.36780 0.87999
2453061.36785 9.80750
2453062.36789 6.44131
2453063.36794 0.13773
2453064.36798 7.42526
2453065.36803 10.15505
2453066.36808 0.89302
2453067.36812 3.61554
2453068.36817 11.41624
2453069.36821 3.08227
2453070.36826 -0.03384
2453071.36830 8.37464
2453072.36835 4.81959
2453073.36839 -2.43205
2453074.36844 3.55605
2453075.36849 5.39637
2453076.36853 -2.74398
2453077.36858 -1.59331
2453078.36862 4.82204
2453079.36867 -1.97694
2453080.36871 -5.59046
2453081.36876 1.68058
2453082.36881 -0.33388
2453083.36885 -7.27111
2453084.36890 -2.47653
2453085.36894 0.59778
2453086.36899 -7.01115
2453087.36903 -9.03597
2453088.36908 0.14130
2453089.36912 -5.82440
2453090.36917 -9.90423
2453091.36922 -1.63724
2453092.36926 -3.00619
2453093.36931 -10.82931
2453094.36935 -4.44278
2453095.36940 -0.03788
2453096.36944 -7.63281
2453097.36949 -6.97072
2453098.36954 1.00939
2453099.36958 -3.57569
2453100.36963 -7.49858
2453101.36967 0.74944
2453102.36972 1.62332
2453103.36976 -6.30339
2453104.36981 -0.62909
2453105.36985 5.66513
2453106.36990 -2.24483
2453107.36995 -1.85650
2453108.36999 6.21028
2453109.37004 2.50464
2453110.37008 -2.44939
2453111.37013 6.66927
2453112.37017 8.66831
2453113.37022 -0.33635
2453114.37027 4.07461
2453115.37031 10.78687
2453116.37036 3.26027
2453117.37040 1.69149
2453118.37045 11.32011
2453119.37049 6.52016
2453120.37054 0.10291
2453121.37059 7.15451
2453122.37063 8.48453
2453123.37068 0.10203
2453124.37072 2.95566
2453125.37077 6.86817
2453126.37081 1.32772
2453127.37086 -1.37721
2453128.37090 6.29639
2453129.37095 3.82506
2453130.37100 -3.71995
2453131.37104 2.16093
2453132.37109 4.18413
2453133.37113 -5.52226
2453134.37118 -3.26496
2453135.37122 4.04803
2453136.37127 -4.10344
2453137.37132 -8.09904
2453138.37136 0.52096
2453139.37141 -1.85171
2453140.37145 -8.87036
2453141.37150 -3.91572
2453142.37154 -0.50398
2453143.37159 -8.41518
2453144.37163 -8.42195
2453145.37168 -0.22546
2453146.37173 -6.68393
2453147.37177 -10.98002
2453148.37182 -1.50168
2453149.37186 -2.46423
2453150.37191 -10.56550
2453151.37195 -3.70086
2453152.37200 0.87840
2453153.37205 -6.82135
2453154.37209 -7.24630
2453155.37214 2.98271
2453156.37218 -2.07537
2453157.37223 -6.71338
2453158.37227 2.93001
2453159.37232 2.77278
2453160.37236 -4.26629
2453161.37241 1.36255
2453162.37246 7.19254
2453163.37250 -0.71942
2453164.37255 -0.06206
2453165.37259 8.10546
2453166.37264 3.97996
2453167.37268 -0.66124
2453168.37273 7.88213
2453169.37278 9.29718
2453170.37282 0.31964
2453171.37287 4.55882
2453172.37291 9.03612
2453173.37296 2.06801
2453174.37300 2.01147
2453175.37305 8.89797
2453176.37309 4.99126
2453177.37314 -0.44496
2453178.37319 5.79404
2453179.37323 8.20247
2453180.37328 -1.24687
2453181.37332 2.02843
2453182.37337 7.04365
2453183.37341 -0.41776
2453184.37346 -2.67188
2453185.37351 4.13113
2453186.37355 1.07488
2453187.37360 -5.71345
2453188.37364 1.01473
2453189.37369 2.48269
2453190.37373 -6.71991
2453191.37378 -4.38272
2453192.37382 1.48724
2453193.37387 -5.56151
2453194.37392 -10.13502
2453195.37396 -0.40726
2453196.37401 -3.72915
2453197.37405 -10.09033
2453198.37410 -4.35058
2453199.37414 -1.06370
2453200.37419 -10.40768
2453201.37424 -7.10537
2453202.37428 0.02753
2453203.37433 -5.41612
2453204.37437 -8.79927
2453205.37442 -0.39493
2453206.37446 -1.70614
2453207.37451 -8.63388
2453208.37456 -2.53760
2453209.37460 2.17571
2453210.37465 -5.48095
2453211.37469 -3.41378
2453212.37474 4.54634
2453213.37478 -0.98718
2453214.37483 -3.56772
2453215.37487 4.21093
2453401.38336 -2.59677
2453402.38341 -1.97632
2453403.38345 4.79757
2453404.38350 -1.51934
2453405.38354 -6.01152
2453406.38359 1.40904
2453407.38364 -0.01943
2453408.38368 -7.49741
2453409.38373 -2.75890
2453410.38377 0.77482
2453411.38382 -7.33012
2453412.38386 -8.47799
2453413.38391 0.03858
2453414.38396 -5.39030
2453415.38400 -9.16593
2453416.38405 -2.08057
2453417.38409 -2.67150
2453418.38414 -10.40842
2453419.38418 -4.71558
2453420.38423 0.09840
2453421.38427 -8.48265
2453422.38432 -6.06772
2453423.38437 1.04093
2453424.38441 -3.73011
2453425.38446 -8.60172
2453426.38450 0.44021
2453427.38455 1.30606
2453428.38459 -5.70439
2453429.38464 -1.04881
2453430.38469 5.39063
2453431.38473 -1.56683
2453432.38478 -2.15394
2453433.38482 6.26132
2453434.38487 3.10014
2453435.38491 -2.00019
2453436.38496 6.09656
2453437.38501 6.35264
2453438.38505 -0.21334
2453439.38510 4.28417
2453440.38514 10.52226
2453441.38519 3.09991
2453442.38523 1.51050
2453443.38528 7.25196
2453444.38532 6.39686
2453445.38537 0.07668
2453446.38542 7.26111
2453447.38546 8.26241
2453448.38551 0.27722
2453449.38555 2.97271
2453450.38560 8.52850
2453451.38564 2.01422
2453452.38569 -1.46806
2453453.38574 6.77424
2453454.38578 3.58639
2453455.38583 -4.13835
2453456.38587 1.76235
2453457.38592 4.31038
2453458.38596 -4.84499
2453459.38601 -3.44954
2453460.38605 3.45469
2453461.38610 -3.69147
2453462.38615 -6.43787
2453463.38619 0.26547
2453464.38624 -1.89259
2453465.38628 -10.69339
2453466.38633 -3.40673
2453467.38637 -0.31980
2453468.38642 -8.70452
2453469.38647 -5.86775
2453470.38651 -0.21354
2453471.38656 -4.27090
2453472.38660 -7.86098
2453473.38665 -1.64428
2453474.38669 -1.88967
2453475.38674 -9.97934
2453476.38678 -3.23001
2453477.38683 1.01876
2453478.38688 -7.35476
2453479.38692 -5.85087
2453480.38697 2.45506
2453481.38701 -1.75925
2453482.38706 -6.01459
2453483.38710 2.66339
2453484.38715 3.26124
2453485.38720 -4.14400
2453486.38724 1.09814
2453487.38729 7.11331
2453488.38733 -0.41679
2453489.38738 -0.33945
2453490.38742 9.05630
2453491.38747 4.30974
2453492.38751 -0.66359
2453493.38756 7.21941
2453494.38761 9.89571
2453495.38765 0.45268
2453496.38770 4.52916
2453497.38774 11.83469
2453498.38779 3.25305
2453499.38783 1.58420
2453500.38788 9.85711
2453501.38793 6.23908
2453502.38797 -0.53626
2453503.38802 6.27551
2453504.38806 7.62901
2453505.38811 -0.99890
2453506.38815 2.03812
2453507.38820 8.07574
2453508.38824 -0.03658
2453509.38829 -2.32877
2453510.38834 4.64416
2453511.38838 1.47177
2453512.38843 -6.03536
2453513.38847 0.37732
2453514.38852 2.37533
2453515.38856 -4.97484
2453516.38861 -5.28035
2453517.38866 1.87627
2453518.38870 -5.92223
2453519.38875 -8.69290
2453520.38879 -0.60691
2453521.38884 -3.05536
2453522.38888 -10.32127
2453523.38893 -4.14412
2453524.38898 -0.80898
2453525.38902 -8.26397
2453526.38907 -8.10958
2453527.38911 -0.00670
2453528.38916 -5.39087
2453529.38920 -7.99465
2453530.38925 -0.61154
2453531.38929 -1.19047
2453532.38934 -7.76843
2453533.38939 -2.40951
2453534.38943 2.11557
2453535.38948 -5.11562
2453536.38952 -4.31564
2453537.38957 4.65537
2453538.38961 -0.54212
2453539.38966 -3.61302
2453540.38971 4.16378
2453541.38975 5.06448
2453542.38980 -2.69966
2453543.38984 3.31083
2453544.38989 9.10417
2453545.38993 0.85047
2453546.38998 1.13225
2453547.39002 10.02976
2453548.39007 5.70304
2453549.39012 0.10974
2453550.39016 9.16608
2453551.39021 7.63102
2453552.39025 0.48403
2453553.39030 4.50823
2453554.39034 11.17764
2453555.39039 2.39364
2453556.39044 1.38408
2453557.39048 8.79962
2453558.39053 4.75219
2453559.39057 -1.84185
2453560.39062 4.99453
2453561.39066 5.36270
2453562.39071 -2.21364
2453563.39075 0.50018
2453564.39080 6.11092
2453565.39085 -1.71903
2453566.39089 -5.06023
2453567.39094 3.43394
2453568.39098 -0.55004
2453569.39103 -6.15687
2453570.39107 -0.73722
2453571.39112 0.61698
2453572.39117 -8.61693
2453573.39121 -5.74646
2453574.39126 0.71537
2453575.39130 -5.99664
2453576.39135 -8.46927
2453577.39139 -0.99213
2453578.39144 -3.44148
2453579.39148 -12.32784
2453580.39153 -3.23497
2453766.40002 3.59017
2453767.40006 0.97731
2453768.40011 9.32496
2453769.40016 5.92641
2453770.40020 0.08518
2453771.40025 6.41877
2453772.40029 10.35325
2453773.40034 0.52466
2453774.40038 2.12660
2453775.40043 9.76628
2453776.40047 1.86130
2453777.40052 -1.69734
2453778.40057 6.43121
2453779.40061 2.59022
2453780.40066 -3.84004
2453781.40070 1.31507
2453782.40075 4.06107
2453783.40079 -4.87049
2453784.40084 -3.15094
2453785.40089 3.16921
2453786.40093 -3.10909
2453787.40098 -6.78906
2453788.40102 0.02712
2453789.40107 -1.67953
2453790.40111 -8.47222
2453791.40116 -4.50616
2453792.40120 -0.12715
2453793.40125 -8.68988
2453794.40130 -8.76790
2453795.40134 -0.32876
2453796.40139 -6.04119
2453797.40143 -8.47534
2453798.40148 -2.03890
2453799.40152 -1.73818
2453800.40157 -8.49800
2453801.40162 -4.52904
2453802.40166 1.13898
2453803.40171 -5.33388
2453804.40175 -5.00402
2453805.40180 2.49770
2453806.40184 -1.34777
2453807.40189 -5.81912
2453808.40193 2.13513
2453809.40198 3.37856
2453810.40203 -3.69763
2453811.40207 0.64857
2453812.40212 6.88806
2453813.40216 -0.04549
2453814.40221 -0.61429
2453815.40225 7.39117
2453816.40230 4.72400
2453817.40235 -0.55453
2453818.40239 6.51540
2453819.40244 9.02296
2453820.40248 0.46778
2453821.40253 4.06580
2453822.40257 11.40276
2453823.40262 3.32677
2453824.40266 1.32765
2453825.40271 9.99635
2453826.40276 6.58761
2453827.40280 -0.55272
2453828.40285 6.11585
2453829.40289 7.53039
2453830.40294 -0.84982
2453831.40298 1.47759
2453832.40303 9.00764
2453833.40308 0.30809
2453834.40312 -2.56235
2453835.40317 4.50131
2453836.40321 1.79624
2453837.40326 -4.89958
2453838.40330 0.08309
2453839.40335 2.76866
2453840.40340 -5.86403
2453841.40344 -4.71559
2453842.40349 1.80460
2453843.40353 -4.45602
2453844.40358 -7.62169
2453845.40362 -0.63040
2453846.40367 -2.76376
2453847.40371 -7.84823
2453848.40376 -4.61475
2453849.40381 -0.61249
2453850.40385 -9.00416
2453851.40390 -8.68599
2453852.40394 -0.07562
2453853.40399 -4.84787
2453854.40403 -9.09488
2453855.40408 -0.92835
2453856.40413 -1.26710
2453857.40417 -7.46485
2453858.40422 -2.81846
2453859.40426 2.14657
2453860.40431 -5.93872
2453861.40435 -4.05834
2453862.40440 4.52802
2453863.40444 -0.09814
2453864.40449 -4.21979
2453865.40454 3.57556
2453866.40458 5.14673
2453867.40463 -2.72300
2453868.40467 2.62515
2453869.40472 8.53801
2453870.40476 1.10985
2453871.40481 0.82185
2453872.40486 7.59184
2453873.40490 6.17625
2453874.40495 0.03610
2453875.40499 8.77617
2453876.40504 8.31582
2453877.40508 0.57715
2453878.40513 4.61999
2453879.40517 10.25268
2453880.40522 2.47457
2453881.40527 0.86941
2453882.40531 8.48607
2453883.40536 5.06613
2453884.40540 -1.65494
2453885.40545 4.62050
2453886.40549 5.75452
2453887.40554 -2.44689
2453888.40559 0.10342
2453889.40563 6.55342
2453890.40568 -1.45683
2453891.40572 -4.87654
2453892.40577 3.04768
2453893.40581 -0.22499
2453894.40586 -6.24074
2453895.40590 -1.06999
2453896.40595 0.79523
2453897.40600 -8.88918
2453898.40604 -5.21714
2453899.40609 0.64647
2453900.40613 -5.50839
2453901.40618 -9.30857
2453902.40622 -1.11101
2453903.40627 -3.81444
2453904.40632 -10.85328
2453905.40636 -3.48039
2453906.40641 -0.60158
2453907.40645 -9.89615
2453908.40650 -5.48981
2453909.40654 0.72508
2453910.40659 -4.59867
2453911.40664 -7.39475
2453912.40668 0.50360
2453913.40673 -0.13272
2453914.40677 -6.77260
2453915.40682 -0.77206
2453916.40686 3.61327
2453917.40691 -3.43748
2453918.40695 -2.07378
2453919.40700 6.24518
2453920.40705 1.35244
2453921.40709 -2.44725
2453922.40714 5.18600
2453923.40718 5.77662
2453924.40723 -1.08603
2453925.40727 4.34455
2453926.40732 8.93231
2453927.40737 1.97325
2453928.40741 1.73745
2453929.40746 8.79875
2453930.40750 5.33870
2453931.40755 0.36330
2453932.40759 6.82361
2453933.40764 7.38251
2453934.40768 0.15809
2453935.40773 4.26595
2453936.40778 8.55783
2453937.40782 1.33064
2453938.40787 0.11015
2453939.40791 7.65419
2453940.40796 2.69924
2453941.40800 -2.77949
2453942.40805 3.37251
2453943.40810 3.12417
2453944.40814 -4.45371
2453945.40819 -1.22535
2454131.41667 -1.03083
2454132.41672 -6.06783
2454133.41677 1.70372
2454134.41681 3.19788
2454135.41686 -3.14284
2454136.41690 0.25929
2454137.41695 6.37770
2454138.41699 0.26221
2454139.41704 -0.73863
2454140.41708 8.17581
2454141.41713 4.34239
2454142.41718 -0.84005
2454143.41722 5.83425
2454144.41727 7.56364
2454145.41731 0.87481
2454146.41736 3.65186
2454147.41740 8.26503
2454148.41745 3.91648
2454149.41750 0.90412
2454150.41754 8.50581
2454151.41759 5.67682
2454152.41763 -0.55123
2454153.41768 4.72626
2454154.41772 7.51218
2454155.41777 -0.57500
2454156.41782 0.84046
2454157.41786 6.68409
2454158.41791 0.58691
2454159.41795 -3.04998
2454160.41800 4.21353
2454161.41804 1.88124
2454162.41809 -5.22551
2454163.41813 -0.29523
2454164.41818 2.60540
2454165.41823 -5.88621
2454166.41827 -5.19135
2454167.41832 1.73889
2454168.41836 -4.18739
2454169.41841 -8.81868
2454170.41845 -1.02940
2454171.41850 -2.00750
2454172.41855 -9.78160
2454173.41859 -4.19524
2454174.41864 -0.53536
2454175.41868 -8.12410
2454176.41873 -7.16386
2454177.41877 -0.16144
2454178.41882 -4.57127
2454179.41886 -8.84212
2454180.41891 -1.19802
2454181.41896 -0.97857
2454182.41900 -8.52687
2454183.41905 -2.56093
2454184.41909 2.09542
2454185.41914 -4.53983
2454186.41918 -4.52797
2454187.41923 3.25803
2454188.41928 0.22276
2454189.41932 -3.75327
2454190.41937 3.70228
2454191.41941 4.95365
2454192.41946 -2.71526
2454193.41950 2.00564
2454194.41955 8.98120
2454195.41959 1.25040
2454196.41964 0.61606
2454197.41969 7.99684
2454198.41973 5.85655
2454199.41978 -0.02819
2454200.41982 8.04019
2454201.41987 8.98822
2454202.41991 0.63565
2454203.41996 3.80034
2454204.42001 10.31121
2454205.42005 2.99471
2454206.42010 0.63058
2454207.42014 6.44761
2454208.42019 4.97344
2454209.42023 -1.44765
2454210.42028 4.07505
2454211.42032 6.21480
2454212.42037 -2.06083
2454213.42042 -0.25006
2454214.42046 6.23533
2454215.42051 -1.14411
2454216.42055 -5.16837
2454217.42060 2.65561
2454218.42064 0.13918
2454219.42069 -7.38470
2454220.42074 -1.35907
2454221.42078 1.05983
2454222.42083 -7.05617
2454223.42087 -6.51909
2454224.42092 0.43177
2454225.42096 -5.73721
2454226.42101 -9.95535
2454227.42106 -1.35967
2454228.42110 -2.86860
2454229.42115 -9.06683
2454230.42119 -3.96717
2454231.42124 -0.53152
2454232.42128 -8.06054
2454233.42133 -7.79507
2454234.42137 0.61671
2454235.42142 -4.14589
2454236.42147 -6.60910
2454237.42151 0.25449
2454238.42156 0.16656
2454239.42160 -7.48369
2454240.42165 -1.35115
2454241.42169 3.56381
2454242.42174 -3.05755
2454243.42179 -2.40163
2454244.42183 5.32769
2454245.42188 1.30038
2454246.42192 -2.63801
2454247.42197 5.72832
2454248.42201 6.29266
2454249.42206 -0.92542
2454250.42210 3.43519
2454251.42215 8.87137
2454252.42220 1.74355
2454253.42224 1.62241
2454254.42229 9.85760
2454255.42233 5.14871
2454256.42238 0.29024
2454257.42242 6.25574
2454258.42247 6.65740
2454259.42252 0.33909
2454260.42256 3.57129
2454261.42261 8.68190
2454262.42265 1.64651
2454263.42270 -0.11980
2454264.42274 6.61425
2454265.42279 3.22542
2454266.42283 -2.78082
2454267.42288 3.26254
2454268.42293 4.04351
2454269.42297 -3.46387
2454270.42302 -1.31880
2454271.42306 3.83751
2454272.42311 -2.60824
2454273.42315 -6.49479
2454274.42320 1.42648
2454275.42325 -1.79200
2454276.42329 -9.18852
2454277.42334 -2.41331
2454278.42338 -0.22554
2454279.42343 -8.53170
2454280.42347 -7.69060
2454281.42352 -0.04984
2454282.42356 -6.93274
2454283.42361 -7.98792
2454284.42366 -1.39073
2454285.42370 -2.87880
2454286.42375 -9.05973
2454287.42379 -3.71360
2454288.42384 0.05887
2454289.42388 -8.22959
2454290.42393 -5.67035
2454291.42398 1.86556
2454292.42402 -3.00498
2454293.42407 -7.35992
2454294.42411 2.01747
2454295.42416 1.65146
2454296.42420 -5.25227
2454297.42425 0.79620
2454298.42429 5.32842
2454299.42434 -1.94594
2454300.42439 -0.53270
2454301.42443 7.03716
2454302.42448 2.42259
2454303.42452 -1.10203
2454304.42457 7.13210
2454305.42461 6.22033
2454306.42466 -0.16682
2454307.42471 4.97064
2454308.42475 8.75961
2454309.42480 1.74843
2454310.42484 1.77027
2454497.43338 -10.12028
2454498.43342 -4.87326
2454499.43347 -0.39448
2454500.43351 -9.08892
2454501.43356 -8.10200
2454502.43360 -0.27459
2454503.43365 -3.98160
2454504.43370 -9.53334
2454505.43374 -1.67676
2454506.43379 -0.54475
2454507.43383 -8.16647
2454508.43388 -3.26068
2454509.43392 2.28076
2454510.43397 -3.93292
2454511.43401 -4.02699
2454512.43406 3.89415
2454513.43411 0.61882
2454514.43415 -3.95334
2454515.43420 3.27948
2454516.43424 4.86721
2454517.43429 -2.06485
2454518.43433 1.44355
2454519.43438 6.97163
2454520.43443 1.77425
2454521.43447 0.32222
2454522.43452 8.68904
2454523.43456 7.07401
2454524.43461 -0.06677
2454525.43465 7.39240
2454526.43470 7.63812
2454527.43474 1.02072
2454528.43479 3.30966
2454529.43484 8.92579
2454530.43488 2.87181
2454531.43493 0.38860
2454532.43497 7.66804
2454533.43502 5.50712
2454534.43506 -1.45690
2454535.43511 4.17205
2454536.43516 5.67731
2454537.43520 -1.72613
2454538.43525 -0.59673
2454539.43529 5.56406
2454540.43534 -0.90493
2454541.43538 -4.53595
2454542.43543 1.99565
2454543.43548 0.39827
2454544.43552 -6.54821
2454545.43557 -1.59663
2454546.43561 0.98082
2454547.43566 -6.70435
2454548.43570 -5.46832
2454549.43575 0.48467
2454550.43579 -4.76211
2454551.43584 -10.37707
2454552.43589 -1.95469
2454553.43593 -2.56919
2454554.43598 -11.57801
2454555.43602 -4.00135
2454556.43607 -0.36879
2454557.43611 -8.41442
2454558.43616 -7.16868
2454559.43621 0.57075
2454560.43625 -3.09871
2454561.43630 -7.63515
2454562.43634 -0.02176
2454563.43639 0.42376
2454564.43643 -5.89499
2454565.43648 -1.16802
2454566.43652 4.44805
2454567.43657 -2.54665
2454568.43662 -2.80102
2454569.43666 5.02167
2454570.43671 1.93601
2454571.43675 -2.62872
2454572.43680 4.07729
2454573.43684 6.74481
2454574.43689 -0.81558
2454575.43694 3.29356
2454576.43698 8.84806
2454577.43703 2.45317
2454578.43707 1.26263
2454579.43712 8.85387
2454580.43716 6.17130
2454581.43721 0.18394
2454582.43725 7.81676
2454583.43730 9.15093
2454584.43735 0.45229
2454585.43739 3.26670
2454586.43744 11.00972
2454587.43748 1.80541
2454588.43753 -0.33393
2454589.43757 6.24015
2454590.43762 4.25067
2454591.43767 -3.08986
2454592.43771 2.58900
2454593.43776 5.67630
2454594.43780 -3.66000
2454595.43785 -1.81360
2454596.43789 3.55793
2454597.43794 -2.64414
2454598.43798 -6.12390
2454599.43803 1.22426
2454600.43808 -1.16530
2454601.43812 -8.09452
2454602.43817 -2.57383
2454603.43821 -0.06457
2454604.43826 -6.81624
2454605.43830 -6.18852
2454606.43835 -0.06270
2454607.43840 -5.53990
2454608.43844 -9.05129
2454609.43849 -1.61253
2454610.43853 -2.74914
2454611.43858 -8.93778
2454612.43862 -4.13615
2454613.43867 0.20043
2454614.43871 -7.18525
2454615.43876 -6.24489
2454616.43881 1.61762
2454617.43885 -2.86198
2454618.43890 -6.38153
2454619.43894 1.89589
2454620.43899 1.48476
2454621.43903 -5.36634
2454622.43908 0.36408
2454623.43913 5.25642
2454624.43917 -1.45292
2454625.43922 -0.86693
2454626.43926 7.06232
2454627.43931 2.80340
2454628.43935 -1.10212
2454629.43940 6.06462
2454630.43945 5.96443
2454631.43949 -0.04786
2454632.43954 4.49584
2454633.43958 7.56045
2454634.43963 2.29856
2454635.43967 1.70943
2454636.43972 9.22842
2454637.43976 4.81650
2454638.43981 -0.04605
2454639.43986 6.67651
2454640.43990 5.70803
2454641.43995 -0.48213
2454642.43999 2.40415
2454643.44004 7.14500
2454644.44008 0.47355
2454645.44013 -1.63146
2454646.44018 5.31098
2454647.44022 1.80706
2454648.44027 -4.18923
2454649.44031 1.66691
2454650.44036 2.29383
2454651.44040 -5.78476
2454652.44045 -3.00510
2454653.44049 2.28047
2454654.44054 -4.35492
2454655.44059 -7.47001
2454656.44063 0.17463
2454657.44068 -2.42461
2454658.44072 -8.42578
2454659.44077 -3.15991
2454660.44081 -0.92909
2454661.44086 -8.48112
2454662.44091 -6.02179
2454663.44095 -0.11136
2454664.44100 -5.44355
2454665.44104 -8.72869
2454666.44109 -0.93609
2454667.44113 -2.10676
2454668.44118 -8.59931
2454669.44122 -2.56880
2454670.44127 1.47823
2454671.44132 -6.35843
2454672.44136 -4.30056
2454673.44141 3.52120
2454674.44145 -1.74963
2454675.44150 -4.79619
2454676.44154 3.95259
2454862.45003 -2.02173
2454863.45008 -0.72300
2454864.45012 5.56503
2454865.45017 -0.49678
2454866.45021 -4.59717
2454867.45026 2.05935
2454868.45031 0.79137
2454869.45035 -6.74246
2454870.45040 -1.91747
2454871.45044 1.42284
2454872.45049 -7.09764
2454873.45053 -6.43256
2454874.45058 0.37893
2454875.45063 -4.52371
2454876.45067 -8.80200
2454877.45072 -2.32587
2454878.45076 -2.11074
2454879.45081 -10.47542
2454880.45085 -3.95496
2454881.45090 -0.19059
2454882.45094 -7.29105
2454883.45099 -6.91168
2454884.45104 0.46353
2454885.45108 -3.09169
2454886.45113 -9.78315
2454887.45117 -0.27284
2454888.45122 0.70791
2454889.45126 -5.82509
2454890.45131 -1.77781
2454891.45136 4.35840
2454892.45140 -1.84069
2454893.45145 -2.88671
2454894.45149 5.12004
2454895.45154 2.20530
2454896.45158 -2.86313
2454897.45163 5.27154
2454898.45167 6.73001
2454899.45172 -0.66514
2454900.45177 2.94683
2454901.45181 7.38280
2454902.45186 2.74345
2454903.45190 1.19325
2454904.45195 7.58249
2454905.45199 5.85725
2454906.45204 0.17649
2454907.45209 5.82864
2454908.45213 8.99655
2454909.45218 0.65205
2454910.45222 2.86462
2454911.45227 9.28443
2454912.45231 2.12851
2454913.45236 -0.54619
2454914.45240 6.81802
2454915.45245 3.94676
2454916.45250 -2.30154
2454917.45254 2.47565
2454918.45259 4.11986
2454919.45263 -3.47151
2454920.45268 -2.07539
2454921.45272 3.64651
2454922.45277 -2.10242
2454923.45282 -6.07238
2454924.45286 0.83028
2454925.45291 -1.11506
2454926.45295 -7.91671
2454927.45300 -3.00349
2454928.45304 0.10805
2454929.45309 -6.89913
2454930.45313 -6.38213
2454931.45318 -0.16474
2454932.45323 -5.39368
2454933.45327 -8.54485
2454934.45332 -1.71598
2454935.45336 -1.96984
2454936.45341 -9.16475
2454937.45345 -3.68078
2454938.45350 0.32348
2454939.45355 -6.21958
2454940.45359 -6.32864
2454941.45364 1.35146
2454942.45368 -2.02053
2454943.45373 -7.13749
2454944.45377 1.41734
2454945.45382 1.87620
2454946.45387 -4.18615
2454947.45391 0.13704
2454948.45396 4.99359
2454949.45400 -1.00882
2454950.45405 -1.09153
2454951.45409 6.97011
2454952.45414 3.96497
2454953.45418 -1.26374
2454954.45423 3.89016
2454955.45428 8.25301
2454956.45432 0.08528
2454957.45437 4.06498
2454958.45441 8.53200
2454959.45446 2.67251
2454960.45450 1.65419
2454961.45455 8.93131
2454962.45460 4.66175
2454963.45464 -0.10596
2454964.45469 5.42178
2454965.45473 8.73713
2454966.45478 -0.32251
2454967.45482 1.95852
2454968.45487 7.25067
2454969.45491 0.79533
2454970.45496 -1.78465
2454971.45501 5.52174
2454972.45505 2.14813
2454973.45510 -5.06224
2454974.45514 1.16789
2454975.45519 2.77432
2454976.45523 -4.69653
2454977.45528 -3.55940
2454978.45533 2.62070
2454979.45537 -3.91273
2454980.45542 -6.91995
2454981.45546 -0.06378
2454982.45551 -2.27474
2454983.45555 -10.30948
2454984.45560 -3.67202
2454985.45564 -0.70450
2454986.45569 -8.15265
2454987.45574 -7.37131
2454988.45578 -0.16050
2454989.45583 -4.83807
2454990.45587 -9.27431
2454991.45592 -1.13558
2454992.45596 -2.04048
2454993.45601 -8.08063
2454994.45606 -2.66813
2454995.45610 1.44392
2454996.45615 -5.72811
2454997.45619 -4.46439
2454998.45624 2.71676
2454999.45628 -1.24381
2455000.45633 -5.18140
2455001.45637 2.74370
2455002.45642 2.99315
2455003.45647 -3.11186
2455004.45651 1.66214
2455005.45656 6.98748
2455006.45660 0.04977
2455007.45665 0.46862
2455008.45669 7.93176
2455009.45674 3.22312
2455010.45679 -0.19665
2455011.45683 6.45047
2455012.45688 6.22693
2455013.45692 0.34315
2455014.45697 4.46154
2455015.45701 9.26485
2455016.45706 2.18127
2455017.45711 1.37821
2455018.45715 7.46014
2455019.45720 4.78468
2455020.45724 -0.64954
2455021.45729 4.35465
2455022.45733 6.93059
2455023.45738 -1.60068
2455024.45742 1.22987
2455025.45747 6.38459
2455026.45752 -0.92217
2455027.45756 -3.05357
2455028.45761 4.07286
2455029.45765 0.26860
2455030.45770 -5.32175
2455031.45774 -0.03783
2455032.45779 1.25555
2455033.45784 -6.22617
2455034.45788 -4.55639
2455035.45793 1.00398
2455036.45797 -3.58693
2455037.45802 -8.33080
2455038.45806 -0.69102
2455039.45811 -3.18477
2455040.45815 -10.14103
2455041.45820 -3.75988
2455227.46669 2.62393
2455228.46673 0.87284
2455229.46678 8.26735
2455230.46682 5.80000
2455231.46687 0.16198
2455232.46692 5.61884
2455233.46696 7.84922
2455234.46701 0.75240
2455235.46705 2.41768
2455236.46710 8.14490
2455237.46714 2.07366
2455238.46719 -0.59904
2455239.46724 5.24373
2455240.46728 4.49811
2455241.46733 -3.05085
2455242.46737 2.09458
2455243.46742 4.38297
2455244.46746 -3.01211
2455245.46751 -2.38790
2455246.46755 3.43369
2455247.46760 -1.99083
2455248.46765 -5.40928
2455249.46769 0.63342
2455250.46774 -0.58604
2455251.46778 -7.91408
2455252.46783 -3.33329
2455253.46787 0.26221
2455254.46792 -6.46424
2455255.46797 -6.58685
2455256.46801 -0.18880
2455257.46806 -4.74495
2455258.46810 -8.57238
2455259.46815 -1.98213
2455260.46819 -2.02725
2455261.46824 -8.97503
2455262.46829 -3.93590
2455263.46833 0.54266
2455264.46838 -5.23196
2455265.46842 -5.84512
2455266.46847 1.61885
2455267.46851 -1.94237
2455268.46856 -4.86948
2455269.46860 1.14755
2455270.46865 2.16790
2455271.46870 -3.81270
2455272.46874 -0.16698
2455273.46879 6.45827
2455274.46883 -0.74644
2455275.46888 -1.24858
2455276.46892 6.07452
2455277.46897 3.52347
2455278.46902 -1.21683
2455279.46906 4.84362
2455280.46911 6.29609
2455281.46915 0.22192
2455282.46920 3.01655
2455283.46924 9.18701
2455284.46929 3.07353
2455285.46933 0.99897
2455286.46938 9.04863
2455287.46943 5.54839
2455288.46947 -0.13359
2455289.46952 7.12361
2455290.46956 8.26744
2455291.46961 -0.11639
2455292.46965 1.89993
2455293.46970 8.12881
2455294.46975 0.95351
2455295.46979 -2.04758
2455296.46984 4.56306
2455297.46988 2.34450
2455298.46993 -4.59504
2455299.46997 0.84296
2455300.47002 3.25111
2455301.47006 -4.00119
2455302.47011 -3.52624
2455303.47016 1.76023
2455304.47020 -4.33807
2455305.47025 -7.36281
2455306.47029 -0.30053
2455307.47034 -2.11253
2455308.47038 -8.51746
2455309.47043 -3.99109
2455310.47048 -0.54955
2455311.47052 -6.84895
2455312.47057 -7.13906
2455313.47061 -0.18350
2455314.47066 -5.12456
2455315.47070 -8.39057
2455316.47075 -1.20607
2455317.47079 -1.53237
2455318.47084 -7.88910
2455319.47089 -3.12662
2455320.47093 1.37837
2455321.47098 -4.82742
2455322.47102 -4.21920
2455323.47107 3.01228
2455324.47111 -0.84136
2455325.47116 -4.58556
2455326.47121 2.37372
2455327.47125 3.34618
2455328.47130 -2.37826
2455329.47134 1.64008
2455330.47139 7.38638
2455331.47143 0.33176
2455332.47148 0.26463
2455333.47153 6.41936
2455334.47157 4.03792
2455335.47162 -0.22870
2455336.47166 7.20919
2455337.47171 6.99451
2455338.47175 0.60377
2455339.47180 4.31632
2455340.47184 7.97047
2455341.47189 2.37244
2455342.47194 0.99660
2455343.47198 7.34249
2455344.47203 4.26294
2455345.47207 -0.91612
2455346.47212 5.27286
2455347.47216 6.69494
2455348.47221 -1.37082
2455349.47226 0.95511
2455350.47230 6.60426
2455351.47235 -0.77784
2455352.47239 -2.98481
2455353.47244 3.61234
2455354.47248 0.69686
2455355.47253 -5.50794
2455356.47257 -0.37124
2455357.47262 1.25005
2455358.47267 -6.31453
2455359.47271 -4.16703
2455360.47276 1.04501
2455361.47280 -5.31669
2455362.47285 -8.27689
2455363.47289 -0.96700
2455364.47294 -3.04090
2455365.47299 -8.52346
2455366.47303 -3.97660
2455367.47308 -0.68853
2455368.47312 -7.14422
2455369.47317 -6.85443
2455370.47321 0.22303
2455371.47326 -4.54173
2455372.47330 -9.01367
2455373.47335 -0.13747
2455374.47340 -0.65509
2455375.47344 -7.40910
2455376.47349 -1.16321
2455377.47353 2.87729
2455378.47358 -4.17834
2455379.47362 -3.24076
2455380.47367 3.64519
2455381.47372 0.36191
2455382.47376 -3.29693
2455383.47381 4.63039
2455384.47385 4.55512
2455385.47390 -1.60920
2455386.47394 3.33273
2455387.47399 7.69077
2455388.47403 1.29765
2455389.47408 1.42205
2455390.47413 8.65651
2455391.47417 4.25275
2455392.47422 0.25014
2455393.47426 7.87086
2455394.47431 6.85754
2455395.47435 0.44425
2455396.47440 4.27733
2455397.47445 8.76226
2455398.47449 1.61678
2455399.47454 0.72414
2455400.47458 7.90360
2455401.47463 3.54389
2455402.47467 -2.02128
2455403.47472 2.86022
2455404.47476 4.59589
2455405.47481 -3.20306
2455406.47486 -0.33281
2455592.48334 -1.53167
2455593.48339 -6.43151
2455594.48344 0.69375
2455595.48348 2.48225
2455596.48353 -3.41197
2455597.48357 -0.56515
2455598.48362 6.77810
2455599.48366 -0.51342
2455600.48371 -1.24790
2455601.48375 6.43869
2455602.48380 3.37140
2455603.48385 -1.29864
2455604.48389 4.38784
2455605.48394 6.51839
2455606.48398 0.36382
2455607.48403 2.93768
2455608.48407 7.62495
2455609.48412 2.88647
2455610.48417 0.99166
2455611.48421 9.30867
2455612.48426 5.16909
2455613.48430 -0.13519
2455614.48435 4.90203
2455615.48439 6.72712
2455616.48444 0.07892
2455617.48448 1.39428
2455618.48453 5.61670
2455619.48458 1.16765
2455620.48462 -1.88307
2455621.48467 4.32319
2455622.48471 2.65132
2455623.48476 -3.45242
2455624.48480 0.52006
2455625.48485 2.32926
2455626.48490 -4.61198
2455627.48494 -4.44217
2455628.48499 1.67012
2455629.48503 -3.55134
2455630.48508 -6.80032
2455631.48512 -0.56320
2455632.48517 -1.60362
2455633.48521 -7.38875
2455634.48526 -3.82181
2455635.48531 -0.37081
2455636.48535 -6.54027
2455637.48540 -6.74682
2455638.48544 -0.30589
2455639.48549 -4.39809
2455640.48553 -9.22509
2455641.48558 -1.33892
2455642.48563 -1.34176
2455643.48567 -7.81283
2455644.48572 -2.84335
2455645.48576 1.34945
2455646.48581 -5.06835
2455647.48585 -4.66065
2455648.48590 2.99740
2455649.48595 -0.51893
2455650.48599 -4.71098
2455651.48604 2.60125
2455652.48608 3.85458
2455653.48613 -2.62525
2455654.48617 1.41473
2455655.48622 7.61664
2455656.48626 0.58316
2455657.48631 -0.00774
2455658.48636 7.75920
2455659.48640 5.49142
2455660.48645 -0.33138
2455661.48649 5.65406
2455662.48654 8.14141
2455663.48658 0.61132
2455664.48663 2.92260
2455665.48668 9.34726
2455666.48672 2.84440
2455667.48677 1.05155
2455668.48681 7.28087
2455669.48686 5.47201
2455670.48690 -0.81908
2455671.48695 5.05556
2455672.48699 6.00879
2455673.48704 -1.24298
2455674.48709 0.45831
2455675.48713 7.24036
2455676.48718 -0.29035
2455677.48722 -3.06794
2455678.48727 2.40157
2455679.48731 1.12702
2455680.48736 -4.79022
2455681.48741 -0.58108
2455682.48745 1.62052
2455683.48750 -6.09290
2455684.48754 -4.86943
2455685.48759 1.00486
2455686.48763 -4.14101
2455687.48768 -7.11599
2455688.48772 -1.18891
2455689.48777 -2.41769
2455690.48782 -9.38811
2455691.48786 -3.90525
2455692.48791 -0.60733
2455693.48795 -8.04109
2455694.48800 -6.68811
2455695.48804 0.16439
2455696.48809 -4.68609
2455697.48814 -7.17564
2455698.48818 -0.35105
2455699.48823 -0.47541
2455700.48827 -6.34601
2455701.48832 -1.49712
2455702.48836 2.44474
2455703.48841 -3.13456
2455704.48845 -3.04843
2455705.48850 4.40730
2455706.48855 0.68400
2455707.48859 -2.79079
2455708.48864 3.80157
2455709.48868 5.15879
2455710.48873 -1.76303
2455711.48877 3.14246
2455712.48882 7.69583
2455713.48887 1.31625
2455714.48891 0.82893
2455715.48896 8.34046
2455716.48900 4.56429
2455717.48905 0.15037
2455718.48909 6.35677
2455719.48914 7.31873
2455720.48918 0.54007
2455721.48923 3.63895
2455722.48928 8.60738
2455723.48932 2.09919
2455724.48937 0.41398
2455725.48941 7.91258
2455726.48946 3.21310
2455727.48950 -1.85248
2455728.48955 3.03748
2455729.48960 4.87958
2455730.48964 -3.31496
2455731.48969 -0.63498
2455732.48973 4.35256
2455733.48978 -2.37060
2455734.48982 -4.36594
2455735.48987 1.65257
2455736.48992 -0.93429
2455737.48996 -8.03585
2455738.49001 -1.43609
2455739.49005 0.27863
2455740.49010 -6.89339
2455741.49014 -5.96400
2455742.49019 0.19816
2455743.49023 -5.63596
2455744.49028 -9.01727
2455745.49033 -1.24208
2455746.49037 -2.90258
2455747.49042 -8.36723
2455748.49046 -3.67893
2455749.49051 -0.30411
2455750.49055 -7.40370
2455751.49060 -5.17587
2455752.49065 1.09526
2455753.49069 -3.53276
2455754.49074 -6.08274
2455755.49078 0.89730
2455756.49083 0.51461
2455757.49087 -4.65863
2455758.49092 -0.00809
2455759.49096 3.33203
2455760.49101 -2.10069
2455761.49106 -1.16529
2455762.49110 6.41058
2455763.49115 1.76394
2455764.49119 -1.43807
2455765.49124 6.19937
2455766.49128 5.38827
2455767.49133 -0.43766
2455768.49138 4.40366
2455769.49142 8.36165
2455770.49147 1.69418
2455771.49151 1.92214
2455957.50000 -1.16350
