2445000.00000 -21.97210
2445001.00005 -26.22687
2445002.00009 -26.57152
2445003.00014 -27.39505
2445004.00018 -21.56697
2445005.00023 -17.27470
2445006.00027 -22.45186
2445007.00032 -19.20029
2445008.00037 -20.69406
2445009.00041 -21.37310
2445010.00046 -17.36923
2445011.00050 -16.63353
2445012.00055 -20.99308
2445013.00059 -18.28589
2445014.00064 -20.12690
2445015.00068 -20.94782
2445016.00073 -20.76595
2445017.00078 -21.49933
2445018.00082 -22.58153
2445019.00087 -21.94298
2445020.00091 -25.53788
2445021.00096 -24.81142
2445022.00100 -26.66825
2445023.00105 -32.41485
2445024.00110 -29.17336
2445025.00114 -30.22660
2445026.00119 -27.41732
2445027.00123 -32.15742
2445028.00128 -29.58349
2445029.00132 -34.45793
2445030.00137 -35.69424
2445031.00141 -34.86993
2445032.00146 -35.64801
2445033.00151 -35.01552
2445034.00155 -34.86102
2445035.00160 -34.56462
2445036.00164 -32.45580
2445037.00169 -35.05161
2445038.00173 -34.58511
2445039.00178 -22.25438
2445040.00183 -31.91668
2445041.00187 -33.06695
2445042.00192 -25.07947
2445043.00196 -27.83122
2445044.00201 -24.99633
2445045.00205 -25.69808
2445046.00210 -24.87993
2445047.00214 -18.09856
2445048.00219 -21.13687
2445049.00224 -20.58875
2445050.00228 -16.96276
2445051.00233 -18.92268
2445052.00237 -16.06969
2445053.00242 -16.47665
2445054.00246 -16.99936
2445055.00251 -14.17748
2445056.00256 -12.31385
2445057.00260 -14.94578
2445058.00265 -16.79762
2445059.00269 -13.58472
2445060.00274 -16.39370
2445061.00278 -14.97763
2445062.00283 -16.80804
2445063.00287 -17.36466
2445064.00292 -14.38604
2445065.00297 -16.79376
2445066.00301 -19.79919
2445067.00306 -20.37709
2445068.00310 -22.83088
2445069.00315 -20.59011
2445070.00319 -23.44294
2445071.00324 -26.34458
2445072.00329 -26.62140
2445073.00333 -22.56721
2445074.00338 -22.71776
2445075.00342 -23.73234
2445076.00347 -27.38195
2445077.00351 -29.30482
2445078.00356 -26.53028
2445079.00361 -25.59128
2445080.00365 -32.71902
2445081.00370 -25.83353
2445082.00374 -27.69014
2445083.00379 -24.99370
2445084.00383 -27.55490
2445085.00388 -20.73857
2445086.00392 -21.72500
2445087.00397 -24.61836
2445088.00402 -16.73206
2445089.00406 -22.27123
2445090.00411 -17.46000
2445091.00415 -17.94214
2445092.00420 -16.36140
2445093.00424 -14.70989
2445094.00429 -13.39485
2445095.00434 -11.57224
2445096.00438 -12.49108
2445097.00443 -9.40595
2445098.00447 -8.87738
2445099.00452 -9.06626
2445100.00456 -7.94043
2445101.00461 -8.65315
2445102.00465 -8.58757
2445103.00470 -6.81030
2445104.00475 -5.61886
2445105.00479 -6.47998
2445106.00484 -6.62984
2445107.00488 -6.00465
2445108.00493 -6.86884
2445109.00497 -6.40903
2445110.00502 -7.89607
2445111.00507 -8.28973
2445112.00511 -9.67380
2445113.00516 -10.37973
2445114.00520 -10.46601
2445115.00525 -13.12253
2445116.00529 -12.05508
2445117.00534 -14.39214
2445118.00538 -12.72631
2445119.00543 -17.13228
2445120.00548 -14.41436
2445121.00552 -17.18990
2445122.00557 -18.62495
2445123.00561 -16.93172
2445124.00566 -14.61735
2445125.00570 -15.47688
2445126.00575 -20.99227
2445127.00580 -15.78291
2445128.00584 -16.33725
2445129.00589 -13.50780
2445130.00593 -17.54527
2445131.00598 -14.23528
2445132.00602 -12.85516
2445133.00607 -12.13515
2445134.00611 -12.31593
2445135.00616 -10.37640
2445136.00621 -9.98422
2445137.00625 -7.45550
2445138.00630 -6.33927
2445139.00634 -5.69521
2445140.00639 -3.54621
2445141.00643 -2.54997
2445142.00648 -1.23143
2445143.00653 -0.29561
2445144.00657 0.82435
2445145.00662 1.45977
2445146.00666 2.38428
2445147.00671 3.16572
2445148.00675 3.75168
2445149.00680 4.14457
2445150.00684 3.99778
2445151.00689 4.71896
2445152.00694 4.18766
2445153.00698 3.72297
2445154.00703 3.95881
2445155.00707 3.44844
2445156.00712 2.09835
2445157.00716 2.14398
2445158.00721 1.35423
2445159.00726 0.56119
2445160.00730 -0.20662
2445161.00735 -1.08817
2445162.00739 -1.71666
2445163.00744 -2.84389
2445164.00748 -3.38065
2445165.00753 -4.18340
2445166.00758 -4.05559
2445167.00762 -5.56236
2445168.00767 -5.14433
2445169.00771 -6.31102
2445170.00776 -7.11190
2445171.00780 -6.58261
2445172.00785 -6.41352
2445173.00789 -6.14347
2445174.00794 -5.47063
2445175.00799 -4.31684
2445176.00803 -4.18071
2445177.00808 -3.19201
2445178.00812 -2.18265
2445179.00817 -1.66370
2445366.01670 24.41751
2445367.01675 25.80762
2445368.01679 20.06039
2445369.01684 27.54255
2445370.01688 24.25413
2445371.01693 25.65238
2445372.01698 33.40806
2445373.01702 30.89188
2445374.01707 27.95788
2445375.01711 37.63138
2445376.01716 30.53165
2445377.01720 37.84885
2445378.01725 33.48083
2445379.01729 33.35071
2445380.01734 40.22678
2445381.01739 31.53219
2445382.01743 31.49344
2445383.01748 33.53709
2445384.01752 35.09896
2445385.01757 37.30332
2445386.01761 33.37929
2445387.01766 33.02738
2445388.01771 31.23636
2445389.01775 33.46581
2445390.01780 28.31781
2445391.01784 26.55277
2445392.01789 24.00694
2445393.01793 24.11387
2445394.01798 21.92482
2445395.01803 22.94105
2445396.01807 20.79589
2445397.01812 22.99290
2445398.01816 21.11559
2445399.01821 20.89402
2445400.01825 18.66454
2445401.01830 16.28158
2445402.01834 18.18574
2445403.01839 17.36990
2445404.01844 16.81676
2445405.01848 15.49029
2445406.01853 16.76177
2445407.01857 17.12697
2445408.01862 16.76704
2445409.01866 20.23360
2445410.01871 15.19350
2445411.01876 17.65766
2445412.01880 22.80676
2445413.01885 19.41983
2445414.01889 19.08740
2445415.01894 23.42218
2445416.01898 25.22590
2445417.01903 24.83565
2445418.01907 30.72772
2445419.01912 20.41550
2445420.01917 24.67081
2445421.01921 29.00521
2445422.01926 28.29541
2445423.01930 27.94558
2445424.01935 28.37218
2445425.01939 24.89702
2445426.01944 24.37467
2445427.01949 32.01453
2445428.01953 30.81422
2445429.01958 27.82932
2445430.01962 36.04253
2445431.01967 26.67316
2445432.01971 29.77457
2445433.01976 25.53522
2445434.01980 27.05670
2445435.01985 24.14301
2445436.01990 22.55321
2445437.01994 24.91526
2445438.01999 22.70638
2445439.02003 15.53761
2445440.02008 17.92197
2445441.02012 14.79489
2445442.02017 16.26379
2445443.02022 15.24143
2445444.02026 12.95215
2445445.02031 12.47350
2445446.02035 11.57667
2445447.02040 8.91995
2445448.02044 10.40249
2445449.02049 9.39513
2445450.02053 10.24012
2445451.02058 10.83598
2445452.02063 10.53299
2445453.02067 9.39881
2445454.02072 9.43373
2445455.02076 9.41942
2445456.02081 11.08706
2445457.02085 10.26407
2445458.02090 12.22383
2445459.02095 12.42261
2445460.02099 11.36092
2445461.02104 14.21493
2445462.02108 15.66516
2445463.02113 19.28030
2445464.02117 15.51696
2445465.02122 17.58046
2445466.02126 20.31298
2445467.02131 17.24352
2445468.02136 22.52105
2445469.02140 22.88454
2445470.02145 22.04233
2445471.02149 20.07168
2445472.02154 21.57782
2445473.02158 20.79123
2445474.02163 18.68501
2445475.02168 16.89218
2445476.02172 18.96120
2445477.02177 17.80172
2445478.02181 20.76704
2445479.02186 15.84375
2445480.02190 17.93742
2445481.02195 16.36153
2445482.02200 12.80867
2445483.02204 12.47451
2445484.02209 11.22108
2445485.02213 9.83197
2445486.02218 9.03852
2445487.02222 7.44214
2445488.02227 5.46183
2445489.02231 4.61816
2445490.02236 4.38082
2445491.02241 2.59373
2445492.02245 2.46659
2445493.02250 1.21152
2445494.02254 0.68437
2445495.02259 0.10762
2445496.02263 -0.21711
2445497.02268 -0.53277
2445498.02273 -0.71129
2445499.02277 -0.63618
2445500.02282 -0.42506
2445501.02286 -0.12778
2445502.02291 0.27829
2445503.02295 0.77115
2445504.02300 1.59451
2445505.02304 1.74803
2445506.02309 3.18073
2445507.02314 3.74097
2445508.02318 4.71240
2445509.02323 5.55158
2445510.02327 5.90701
2445511.02332 6.75255
2445512.02336 6.55212
2445513.02341 7.47348
2445514.02346 8.65311
2445515.02350 10.88450
2445516.02355 7.64135
2445517.02359 10.30807
2445518.02364 9.40959
2445519.02368 11.58417
2445520.02373 10.95062
2445521.02377 8.83594
2445522.02382 9.48885
2445523.02387 8.02634
2445524.02391 8.63414
2445525.02396 7.01631
2445526.02400 5.47375
2445527.02405 4.52298
2445528.02409 3.00599
2445529.02414 1.81169
2445530.02419 0.73036
2445531.02423 -0.62903
2445532.02428 -2.24965
2445533.02432 -3.06979
2445534.02437 -3.98672
2445535.02441 -5.96680
2445536.02446 -7.72491
2445537.02450 -8.49813
2445538.02455 -8.24835
2445539.02460 -9.77222
2445540.02464 -10.11179
2445541.02469 -10.53849
2445542.02473 -9.58365
2445543.02478 -12.50409
2445544.02482 -11.37089
2445545.02487 -9.90353
2445731.03336 -34.01524
2445732.03340 -35.35078
2445733.03345 -37.16815
2445734.03349 -35.84690
2445735.03354 -28.93751
2445736.03359 -32.60708
2445737.03363 -31.35600
2445738.03368 -29.14832
2445739.03372 -27.45619
2445740.03377 -26.45793
2445741.03381 -28.81614
2445742.03386 -26.03677
2445743.03391 -26.38317
2445744.03395 -24.88482
2445745.03400 -19.86827
2445746.03404 -19.57630
2445747.03409 -22.20833
2445748.03413 -17.51921
2445749.03418 -20.53003
2445750.03422 -17.44135
2445751.03427 -21.05016
2445752.03432 -20.09152
2445753.03436 -21.49357
2445754.03441 -17.59341
2445755.03445 -18.57410
2445756.03450 -21.12892
2445757.03454 -19.92448
2445758.03459 -21.09872
2445759.03464 -21.01270
2445760.03468 -24.39173
2445761.03473 -20.98049
2445762.03477 -26.01166
2445763.03482 -23.79795
2445764.03486 -24.92637
2445765.03491 -31.12929
2445766.03495 -26.85310
2445767.03500 -26.66233
2445768.03505 -30.71439
2445769.03509 -26.61492
2445770.03514 -33.29708
2445771.03518 -28.00438
2445772.03523 -32.56821
2445773.03527 -37.18401
2445774.03532 -31.22718
2445775.03537 -27.91396
2445776.03541 -33.33325
2445777.03546 -26.50994
2445778.03550 -32.11557
2445779.03555 -27.49978
2445780.03559 -30.40204
2445781.03564 -29.29088
2445782.03568 -25.52400
2445783.03573 -25.61047
2445784.03578 -25.40916
2445785.03582 -23.74433
2445786.03587 -21.66240
2445787.03591 -22.29144
2445788.03596 -20.88554
2445789.03600 -17.20408
2445790.03605 -17.90104
2445791.03610 -17.81773
2445792.03614 -14.16093
2445793.03619 -13.54846
2445794.03623 -13.22614
2445795.03628 -11.31684
2445796.03632 -12.08577
2445797.03637 -13.07387
2445798.03642 -11.76223
2445799.03646 -13.77018
2445800.03651 -13.17800
2445801.03655 -11.70408
2445802.03660 -11.79445
2445803.03664 -13.61147
2445804.03669 -12.55473
2445805.03673 -13.43912
2445806.03678 -12.52751
2445807.03683 -14.89808
2445808.03687 -16.83854
2445809.03692 -15.04949
2445810.03696 -18.35196
2445811.03701 -17.02651
2445812.03705 -18.08513
2445813.03710 -23.66890
2445814.03715 -23.08682
2445815.03719 -19.93592
2445816.03724 -25.79200
2445817.03728 -21.62755
2445818.03733 -26.18171
2445819.03737 -24.68670
2445820.03742 -21.23360
2445821.03746 -23.75187
2445822.03751 -23.70013
2445823.03756 -26.71709
2445824.03760 -25.37236
2445825.03765 -18.41928
2445826.03769 -25.71240
2445827.03774 -20.30703
2445828.03778 -18.06589
2445829.03783 -16.41905
2445830.03788 -15.53955
2445831.03792 -14.17087
2445832.03797 -14.60555
2445833.03801 -12.96090
2445834.03806 -13.81067
2445835.03810 -9.49777
2445836.03815 -7.73467
2445837.03819 -7.87766
2445838.03824 -6.92208
2445839.03829 -5.88209
2445840.03833 -4.53632
2445841.03838 -4.77382
2445842.03842 -3.33635
2445843.03847 -3.53477
2445844.03851 -3.03091
2445845.03856 -3.08584
2445846.03861 -3.03181
2445847.03865 -2.74859
2445848.03870 -3.66866
2445849.03874 -3.24714
2445850.03879 -3.60236
2445851.03883 -4.63768
2445852.03888 -6.38422
2445853.03892 -6.43801
2445854.03897 -7.08027
2445855.03902 -8.33728
2445856.03906 -8.51516
2445857.03911 -9.52999
2445858.03915 -10.74550
2445859.03920 -9.38235
2445860.03924 -14.09436
2445861.03929 -12.16322
2445862.03934 -11.71179
2445863.03938 -9.74622
2445864.03943 -14.45440
2445865.03947 -14.32585
2445866.03952 -12.53510
2445867.03956 -12.96904
2445868.03961 -13.65141
2445869.03966 -12.48606
2445870.03970 -12.05151
2445871.03975 -10.41130
2445872.03979 -12.00843
2445873.03984 -10.26447
2445874.03988 -8.59202
2445875.03993 -7.52166
2445876.03997 -6.53110
2445877.04002 -4.74232
2445878.04007 -3.11874
2445879.04011 -1.93053
2445880.04016 -0.62822
2445881.04020 0.67985
2445882.04025 1.77107
2445883.04029 2.55798
2445884.04034 4.27370
2445885.04039 4.51774
2445886.04043 4.88405
2445887.04048 6.28404
2445888.04052 7.70917
2445889.04057 7.39635
2445890.04061 6.60178
2445891.04066 9.80930
2445892.04070 8.23562
2445893.04075 8.82046
2445894.04080 8.28316
2445895.04084 7.67335
2445896.04089 6.78225
2445897.04093 6.01374
2445898.04098 6.08598
2445899.04102 6.07344
2445900.04107 4.57150
2445901.04112 3.44340
2445902.04116 2.83493
2445903.04121 1.89232
2445904.04125 1.27123
2445905.04130 0.30696
2445906.04134 -0.35636
2445907.04139 -1.02424
2445908.04143 -1.50580
2445909.04148 -1.74569
2445910.04153 -2.32358
2446096.05001 20.30696
2446097.05006 20.19599
2446098.05010 18.60424
2446099.05015 17.13065
2446100.05020 16.82001
2446101.05024 24.56605
2446102.05029 22.28035
2446103.05033 20.09560
2446104.05038 21.69480
2446105.05042 21.50295
2446106.05047 19.72957
2446107.05052 22.98470
2446108.05056 25.00786
2446109.05061 28.58199
2446110.05065 28.44936
2446111.05070 25.11958
2446112.05074 24.23294
2446113.05079 28.04632
2446114.05084 30.36940
2446115.05088 35.84364
2446116.05093 36.73348
2446117.05097 39.16697
2446118.05102 28.38632
2446119.05106 36.05350
2446120.05111 32.17648
2446121.05115 28.68268
2446122.05120 29.54921
2446123.05125 35.38348
2446124.05129 33.26371
2446125.05134 34.89865
2446126.05138 30.07094
2446127.05143 27.09214
2446128.05147 27.18047
2446129.05152 29.77508
2446130.05157 28.31541
2446131.05161 28.72184
2446132.05166 25.95576
2446133.05170 24.65129
2446134.05175 21.31617
2446135.05179 22.82811
2446136.05184 17.63986
2446137.05188 24.97370
2446138.05193 21.67695
2446139.05198 16.67603
2446140.05202 16.88913
2446141.05207 15.72791
2446142.05211 15.71194
2446143.05216 14.77304
2446144.05220 14.11277
2446145.05225 13.58784
2446146.05230 17.74044
2446147.05234 12.93293
2446148.05239 15.45696
2446149.05243 18.09569
2446150.05248 14.87158
2446151.05252 15.87526
2446152.05257 18.76224
2446153.05261 19.39722
2446154.05266 20.26169
2446155.05271 18.70273
2446156.05275 22.00975
2446157.05280 18.71226
2446158.05284 23.17993
2446159.05289 24.11256
2446160.05293 22.78959
2446161.05298 23.00746
2446162.05303 22.22722
2446163.05307 27.04084
2446164.05312 24.16654
2446165.05316 26.60017
2446166.05321 28.97685
2446167.05325 25.12558
2446168.05330 24.20398
2446169.05334 21.70052
2446170.05339 28.53333
2446171.05344 26.65171
2446172.05348 25.93556
2446173.05353 15.71951
2446174.05357 22.17256
2446175.05362 19.76563
2446176.05366 19.41936
2446177.05371 23.83999
2446178.05376 17.43873
2446179.05380 14.84637
2446180.05385 14.13791
2446181.05389 15.95987
2446182.05394 14.27468
2446183.05398 10.64027
2446184.05403 12.41748
2446185.05408 10.23325
2446186.05412 8.59735
2446187.05417 8.63588
2446188.05421 6.48665
2446189.05426 7.29277
2446190.05430 5.58667
2446191.05435 6.90955
2446192.05439 5.68697
2446193.05444 6.71903
2446194.05449 5.15894
2446195.05453 6.83783
2446196.05458 6.40366
2446197.05462 8.05043
2446198.05467 7.65963
2446199.05471 8.51928
2446200.05476 10.73148
2446201.05481 9.51531
2446202.05485 11.39403
2446203.05490 12.49802
2446204.05494 13.01938
2446205.05499 11.75890
2446206.05503 16.49906
2446207.05508 14.47332
2446208.05512 19.41473
2446209.05517 17.31896
2446210.05522 18.06443
2446211.05526 15.84833
2446212.05531 17.23885
2446213.05535 14.91132
2446214.05540 19.07274
2446215.05544 16.69401
2446216.05549 15.55831
2446217.05554 14.15517
2446218.05558 12.88949
2446219.05563 13.17327
2446220.05567 14.62111
2446221.05572 12.13955
2446222.05576 9.79098
2446223.05581 10.06264
2446224.05585 8.19979
2446225.05590 8.47293
2446226.05595 6.13809
2446227.05599 4.44318
2446228.05604 3.30196
2446229.05608 1.87323
2446230.05613 0.87908
2446231.05617 -0.20483
2446232.05622 -1.33730
2446233.05627 -2.13320
2446234.05631 -3.03515
2446235.05636 -3.33426
2446236.05640 -3.73572
2446237.05645 -3.91666
2446238.05649 -4.57712
2446239.05654 -4.63058
2446240.05658 -3.81939
2446241.05663 -3.63921
2446242.05668 -3.55986
2446243.05672 -3.74523
2446244.05677 -2.68633
2446245.05681 -2.22520
2446246.05686 -1.43093
2446247.05690 -0.85702
2446248.05695 0.01457
2446249.05700 0.71689
2446250.05704 1.70153
2446251.05709 2.75943
2446252.05713 3.27637
2446253.05718 4.44788
2446254.05722 5.05888
2446255.05727 5.42533
2446256.05731 4.96412
2446257.05736 5.95708
2446258.05741 6.39489
2446259.05745 5.83410
2446260.05750 5.21519
2446261.05754 5.84700
2446262.05759 5.07573
2446263.05763 4.22928
2446264.05768 3.22666
2446265.05773 2.23369
2446266.05777 2.39136
2446267.05782 1.06389
2446268.05786 0.00477
2446269.05791 -1.23448
2446270.05795 -2.72563
2446271.05800 -3.89750
2446272.05805 -4.49897
2446273.05809 -6.39292
2446274.05814 -7.65458
2446275.05818 -9.69986
2446461.06667 -26.34667
2446462.06672 -27.97572
2446463.06676 -33.99626
2446464.06681 -31.94491
2446465.06685 -31.77069
2446466.06690 -32.41960
2446467.06694 -37.61231
2446468.06699 -31.92867
2446469.06703 -28.17798
2446470.06708 -36.48366
2446471.06713 -37.45410
2446472.06717 -38.09155
2446473.06722 -36.06700
2446474.06726 -29.18116
2446475.06731 -33.95892
2446476.06735 -33.17884
2446477.06740 -28.77307
2446478.06745 -28.10600
2446479.06749 -27.41538
2446480.06754 -29.62141
2446481.06758 -21.84410
2446482.06763 -26.60493
2446483.06767 -21.28120
2446484.06772 -20.92934
2446485.06776 -22.85970
2446486.06781 -17.40167
2446487.06786 -18.26003
2446488.06790 -18.60843
2446489.06795 -14.41469
2446490.06799 -16.33609
2446491.06804 -11.17939
2446492.06808 -17.75410
2446493.06813 -18.85054
2446494.06818 -17.60941
2446495.06822 -19.51544
2446496.06827 -17.56104
2446497.06831 -17.50503
2446498.06836 -20.76181
2446499.06840 -20.08965
2446500.06845 -22.43712
2446501.06850 -20.79854
2446502.06854 -22.76762
2446503.06859 -26.28117
2446504.06863 -20.50442
2446505.06868 -24.51888
2446506.06872 -25.03490
2446507.06877 -28.67181
2446508.06881 -23.71866
2446509.06886 -29.14419
2446510.06891 -29.47038
2446511.06895 -25.58285
2446512.06900 -24.62754
2446513.06904 -25.73587
2446514.06909 -27.95843
2446515.06913 -26.95904
2446516.06918 -29.90377
2446517.06923 -25.56108
2446518.06927 -28.50663
2446519.06932 -30.88812
2446520.06936 -28.11035
2446521.06941 -24.67722
2446522.06945 -22.01911
2446523.06950 -27.74680
2446524.06954 -22.30107
2446525.06959 -20.01295
2446526.06964 -19.68442
2446527.06968 -16.26247
2446528.06973 -14.78198
2446529.06977 -15.24076
2446530.06982 -17.51801
2446531.06986 -14.11370
2446532.06991 -13.97410
2446533.06996 -14.07696
2446534.07000 -10.33660
2446535.07005 -9.87953
2446536.07009 -8.60838
2446537.07014 -10.94410
2446538.07018 -10.27199
2446539.07023 -10.01503
2446540.07027 -8.66598
2446541.07032 -7.41613
2446542.07037 -9.24135
2446543.07041 -9.65872
2446544.07046 -9.46196
2446545.07050 -11.66452
2446546.07055 -11.58948
2446547.07059 -12.86337
2446548.07064 -13.09581
2446549.07069 -13.45009
2446550.07073 -13.19421
2446551.07078 -18.06408
2446552.07082 -14.32268
2446553.07087 -18.28795
2446554.07091 -19.40463
2446555.07096 -20.62882
2446556.07100 -22.01918
2446557.07105 -19.80341
2446558.07110 -21.23902
2446559.07114 -22.91613
2446560.07119 -18.16285
2446561.07123 -22.84110
2446562.07128 -18.49174
2446563.07132 -20.75448
2446564.07137 -17.83742
2446565.07142 -19.55842
2446566.07146 -17.30869
2446567.07151 -16.55605
2446568.07155 -14.01880
2446569.07160 -15.53001
2446570.07164 -12.39237
2446571.07169 -11.76837
2446572.07173 -10.89506
2446573.07178 -10.27754
2446574.07183 -7.92071
2446575.07187 -7.51143
2446576.07192 -6.16205
2446577.07196 -5.15414
2446578.07201 -3.29868
2446579.07205 -2.43118
2446580.07210 -1.62140
2446581.07215 -0.69937
2446582.07219 -0.18653
2446583.07224 0.32768
2446584.07228 0.63898
2446585.07233 0.84293
2446586.07237 0.96683
2446587.07242 0.79151
2446588.07247 0.69285
2446589.07251 0.36365
2446590.07256 -0.04490
2446591.07260 -0.50396
2446592.07265 -1.43094
2446593.07269 -1.90068
2446594.07274 -2.66888
2446595.07278 -3.56226
2446596.07283 -3.96827
2446597.07288 -5.03497
2446598.07292 -5.68804
2446599.07297 -7.52161
2446600.07301 -7.22904
2446601.07306 -5.19565
2446602.07310 -8.07411
2446603.07315 -9.26687
2446604.07320 -9.07731
2446605.07324 -9.31522
2446606.07329 -10.02267
2446607.07333 -8.45734
2446608.07338 -9.49100
2446609.07342 -9.90161
2446610.07347 -8.32545
2446611.07351 -6.72742
2446612.07356 -7.32903
2446613.07361 -5.39770
2446614.07365 -4.97116
2446615.07370 -4.37823
2446616.07374 -2.87996
2446617.07379 -1.58280
2446618.07383 -0.15643
2446619.07388 1.14462
2446620.07393 3.23391
2446621.07397 3.72130
2446622.07402 4.47852
2446623.07406 7.25694
2446624.07411 7.65390
2446625.07415 8.62493
2446626.07420 8.50966
2446627.07424 11.32948
2446628.07429 13.00486
2446629.07434 12.40804
2446630.07438 12.76329
2446631.07443 12.21704
2446632.07447 10.29353
2446633.07452 13.50490
2446634.07456 11.65169
2446635.07461 12.03947
2446636.07466 10.17956
2446637.07470 10.07913
2446638.07475 9.35017
2446639.07479 9.55916
2446640.07484 8.86530
2446827.08337 29.14535
2446828.08342 26.23845
2446829.08346 28.29196
2446830.08351 21.56019
2446831.08355 19.41282
2446832.08360 24.54616
2446833.08365 17.49735
2446834.08369 20.88251
2446835.08374 23.34338
2446836.08378 22.67599
2446837.08383 21.97160
2446838.08387 15.70323
2446839.08392 19.86069
2446840.08396 20.46490
2446841.08401 16.77618
2446842.08406 22.40818
2446843.08410 18.99191
2446844.08415 17.85522
2446845.08419 16.12408
2446846.08424 23.59979
2446847.08428 23.05046
2446848.08433 23.17036
2446849.08438 21.97172
2446850.08442 19.80390
2446851.08447 28.50277
2446852.08451 25.05912
2446853.08456 28.89161
2446854.08460 28.90978
2446855.08465 20.57480
2446856.08469 24.27016
2446857.08474 30.28675
2446858.08479 30.15839
2446859.08483 35.83348
2446860.08488 34.10488
2446861.08492 31.30153
2446862.08497 28.34254
2446863.08501 31.85980
2446864.08506 29.47723
2446865.08511 34.27982
2446866.08515 30.34652
2446867.08520 29.72250
2446868.08524 30.51222
2446869.08529 34.52576
2446870.08533 33.44696
2446871.08538 22.62328
2446872.08542 23.02375
2446873.08547 22.31973
2446874.08552 19.22232
2446875.08556 21.82307
2446876.08561 20.01106
2446877.08565 15.57864
2446878.08570 15.95479
2446879.08574 15.13723
2446880.08579 14.98541
2446881.08584 15.29538
2446882.08588 12.15796
2446883.08593 11.21716
2446884.08597 13.63925
2446885.08602 10.83753
2446886.08606 10.77173
2446887.08611 10.95818
2446888.08615 11.67801
2446889.08620 13.39750
2446890.08625 11.98188
2446891.08629 13.74016
2446892.08634 13.98345
2446893.08638 13.76303
2446894.08643 14.00579
2446895.08647 13.47783
2446896.08652 16.67456
2446897.08657 16.62775
2446898.08661 18.30752
2446899.08666 17.71313
2446900.08670 21.48278
2446901.08675 20.04437
2446902.08679 22.88298
2446903.08684 19.48369
2446904.08689 23.31630
2446905.08693 24.65698
2446906.08698 22.85131
2446907.08702 25.03992
2446908.08707 21.73245
2446909.08711 23.43209
2446910.08716 21.90330
2446911.08720 21.45860
2446912.08725 18.36118
2446913.08730 23.94863
2446914.08734 20.24307
2446915.08739 19.08782
2446916.08743 19.11523
2446917.08748 12.63785
2446918.08752 12.85702
2446919.08757 14.23219
2446920.08762 13.53340
2446921.08766 13.15166
2446922.08771 10.32884
2446923.08775 9.27045
2446924.08780 8.04705
2446925.08784 6.64034
2446926.08789 6.26155
2446927.08793 5.86762
2446928.08798 4.49220
2446929.08803 4.29128
2446930.08807 2.88791
2446931.08812 2.63452
2446932.08816 2.75151
2446933.08821 2.72724
2446934.08825 2.69292
2446935.08830 2.46296
2446936.08835 3.09899
2446937.08839 2.75898
2446938.08844 3.44020
2446939.08848 4.26995
2446940.08853 6.24423
2446941.08857 5.44460
2446942.08862 6.61305
2446943.08866 8.96046
2446944.08871 7.94908
2446945.08876 8.18687
2446946.08880 10.10352
2446947.08885 12.09122
2446948.08889 10.76331
2446949.08894 12.31427
2446950.08898 14.31635
2446951.08903 12.79327
2446952.08908 14.49137
2446953.08912 13.09110
2446954.08917 13.10710
2446955.08921 12.60306
2446956.08926 13.16094
2446957.08930 11.67012
2446958.08935 9.63091
2446959.08939 10.20834
2446960.08944 8.41666
2446961.08949 7.75354
2446962.08953 7.18621
2446963.08958 6.64760
2446964.08962 5.80583
2446965.08967 4.19292
2446966.08971 2.65779
2446967.08976 1.18825
2446968.08981 0.12207
2446969.08985 -1.13688
2446970.08990 -2.55582
2446971.08994 -3.13115
2446972.08999 -4.56846
2446973.09003 -5.67590
2446974.09008 -5.59976
2446975.09013 -6.27387
2446976.09017 -7.59206
2446977.09022 -8.73732
2446978.09026 -8.84737
2446979.09031 -8.90997
2446980.09035 -8.03113
2446981.09040 -8.07784
2446982.09044 -9.22623
2446983.09049 -7.37065
2446984.09054 -6.84162
2446985.09058 -7.43367
2446986.09063 -5.21449
2446987.09067 -3.99192
2446988.09072 -4.33372
2446989.09076 -4.04837
2446990.09081 -3.06543
2446991.09086 -2.19685
2446992.09090 -1.07332
2446993.09095 -0.59416
2446994.09099 0.13435
2446995.09104 0.64676
2446996.09108 1.11149
2446997.09113 1.85118
2446998.09117 1.99286
2446999.09122 1.88147
2447000.09127 1.84134
2447001.09131 1.53781
2447002.09136 1.44255
2447003.09140 1.08695
2447004.09145 0.38499
2447005.09149 -0.32138
2447006.09154 -1.35994
2447192.10003 -22.00377
2447193.10007 -20.19814
2447194.10012 -22.66103
2447195.10016 -28.21826
2447196.10021 -22.42004
2447197.10026 -24.27754
2447198.10030 -22.92515
2447199.10035 -28.66123
2447200.10039 -28.61960
2447201.10044 -32.07325
2447202.10048 -36.07773
2447203.10053 -28.99890
2447204.10057 -36.06364
2447205.10062 -29.37901
2447206.10067 -34.17819
2447207.10071 -32.59898
2447208.10076 -35.98703
2447209.10080 -28.25882
2447210.10085 -30.31693
2447211.10089 -34.09893
2447212.10094 -34.41814
2447213.10099 -34.43310
2447214.10103 -32.49133
2447215.10108 -33.55686
2447216.10112 -29.41673
2447217.10117 -24.85034
2447218.10121 -26.27105
2447219.10126 -23.57853
2447220.10131 -24.11359
2447221.10135 -24.97059
2447222.10140 -20.93063
2447223.10144 -19.51226
2447224.10149 -21.28990
2447225.10153 -17.11687
2447226.10158 -18.74900
2447227.10162 -17.88586
2447228.10167 -18.36506
2447229.10172 -16.40963
2447230.10176 -15.91076
2447231.10181 -13.15753
2447232.10185 -15.93455
2447233.10190 -14.16797
2447234.10194 -13.58825
2447235.10199 -15.78401
2447236.10204 -12.28556
2447237.10208 -13.56128
2447238.10213 -14.81636
2447239.10217 -16.26076
2447240.10222 -17.82801
2447241.10226 -17.10642
2447242.10231 -19.45125
2447243.10235 -15.98607
2447244.10240 -20.88378
2447245.10245 -21.89918
2447246.10249 -22.52671
2447247.10254 -23.53509
2447248.10258 -23.25214
2447249.10263 -28.05806
2447250.10267 -25.26527
2447251.10272 -23.32089
2447252.10277 -26.97030
2447253.10281 -24.06751
2447254.10286 -23.73420
2447255.10290 -29.75277
2447256.10295 -26.55973
2447257.10299 -23.46394
2447258.10304 -25.79469
2447259.10308 -27.29990
2447260.10313 -20.46133
2447261.10318 -20.93356
2447262.10322 -20.92975
2447263.10327 -24.05004
2447264.10331 -25.87443
2447265.10336 -22.71261
2447266.10340 -20.43647
2447267.10345 -15.42534
2447268.10350 -12.45146
2447269.10354 -13.66882
2447270.10359 -11.45774
2447271.10363 -11.16780
2447272.10368 -12.26895
2447273.10372 -9.20667
2447274.10377 -7.92390
2447275.10381 -8.62547
2447276.10386 -7.13635
2447277.10391 -5.46602
2447278.10395 -6.42330
2447279.10400 -6.23569
2447280.10404 -5.61122
2447281.10409 -6.14009
2447282.10413 -4.73149
2447283.10418 -5.04951
2447284.10423 -6.04498
2447285.10427 -6.06298
2447286.10432 -8.79736
2447287.10436 -7.41783
2447288.10441 -9.88772
2447289.10445 -8.54272
2447290.10450 -10.63158
2447291.10455 -11.58909
2447292.10459 -12.18104
2447293.10464 -15.10712
2447294.10468 -14.44526
2447295.10473 -13.44905
2447296.10477 -15.69087
2447297.10482 -14.57734
2447298.10486 -19.02193
2447299.10491 -17.24572
2447300.10496 -16.05306
2447301.10500 -15.02371
2447302.10505 -14.56502
2447303.10509 -14.82602
2447304.10514 -13.23250
2447305.10518 -15.83090
2447306.10523 -11.83562
2447307.10528 -14.67455
2447308.10532 -13.89975
2447309.10537 -13.18649
2447310.10541 -9.79107
2447311.10546 -8.30995
2447312.10550 -7.36475
2447313.10555 -5.83930
2447314.10559 -5.57835
2447315.10564 -3.75863
2447316.10569 -2.58444
2447317.10573 -1.25794
2447318.10578 -0.33067
2447319.10582 0.80797
2447320.10587 1.86589
2447321.10591 2.40770
2447322.10596 3.47859
2447323.10601 3.50313
2447324.10605 4.17199
2447325.10610 3.97002
2447326.10614 4.69931
2447327.10619 4.72612
2447328.10623 3.74602
2447329.10628 5.07034
2447330.10632 3.63864
2447331.10637 3.39750
2447332.10642 2.98321
2447333.10646 2.09673
2447334.10651 1.88432
2447335.10655 1.03028
2447336.10660 0.21487
2447337.10664 -0.50881
2447338.10669 -1.36418
2447339.10674 -2.24516
2447340.10678 -2.80795
2447341.10683 -3.09855
2447342.10687 -3.80614
2447343.10692 -4.40717
2447344.10696 -4.87830
2447345.10701 -4.20781
2447346.10705 -6.00639
2447347.10710 -5.68576
2447348.10715 -5.34480
2447349.10719 -5.60712
2447350.10724 -4.41557
2447351.10728 -4.32084
2447352.10733 -3.01726
2447353.10737 -2.46596
2447354.10742 -1.86252
2447355.10747 -0.60906
2447356.10751 0.61597
2447357.10756 1.53122
2447358.10760 3.71500
2447359.10765 4.20140
2447360.10769 5.77155
2447361.10774 6.79416
2447362.10778 8.15036
2447363.10783 9.69371
2447364.10788 9.68684
2447365.10792 10.98046
2447366.10797 12.61773
2447367.10801 13.34580
2447368.10806 14.04967
2447369.10810 14.39933
2447370.10815 16.16966
2447371.10820 15.36292
2447557.11668 38.97880
2447558.11673 41.14251
2447559.11677 32.57867
2447560.11682 34.30153
2447561.11687 38.01973
2447562.11691 28.98454
2447563.11696 30.25858
2447564.11700 29.99784
2447565.11705 26.90950
2447566.11709 23.73381
2447567.11714 28.11717
2447568.11719 23.25080
2447569.11723 21.97993
2447570.11728 27.82032
2447571.11732 20.76106
2447572.11737 23.28962
2447573.11741 21.98465
2447574.11746 18.07973
2447575.11750 19.60349
2447576.11755 18.87520
2447577.11760 14.75997
2447578.11764 15.23194
2447579.11769 15.25601
2447580.11773 16.68185
2447581.11778 15.47719
2447582.11782 18.29387
2447583.11787 16.37410
2447584.11792 18.54065
2447585.11796 16.35739
2447586.11801 21.27213
2447587.11805 16.46785
2447588.11810 15.55318
2447589.11814 19.32765
2447590.11819 20.16085
2447591.11823 24.80882
2447592.11828 27.15056
2447593.11833 25.27507
2447594.11837 22.51935
2447595.11842 28.95084
2447596.11846 27.72247
2447597.11851 28.89562
2447598.11855 24.49502
2447599.11860 26.37422
2447600.11865 28.17288
2447601.11869 26.61723
2447602.11874 25.11266
2447603.11878 27.35982
2447604.11883 28.44934
2447605.11887 30.80969
2447606.11892 27.10236
2447607.11897 24.94445
2447608.11901 20.37154
2447609.11906 23.03148
2447610.11910 26.52997
2447611.11915 26.03740
2447612.11919 23.43407
2447613.11924 20.36503
2447614.11928 18.21713
2447615.11933 16.26332
2447616.11938 17.91831
2447617.11942 15.07304
2447618.11947 15.96113
2447619.11951 13.73160
2447620.11956 13.60715
2447621.11960 11.70134
2447622.11965 9.32028
2447623.11970 12.10318
2447624.11974 7.92093
2447625.11979 9.23955
2447626.11983 7.26093
2447627.11988 8.04007
2447628.11992 9.08482
2447629.11997 8.11720
2447630.12001 9.89256
2447631.12006 8.15385
2447632.12011 10.57912
2447633.12015 9.05654
2447634.12020 11.62314
2447635.12024 10.36900
2447636.12029 13.83203
2447637.12033 15.23805
2447638.12038 12.94214
2447639.12043 14.41210
2447640.12047 16.75369
2447641.12052 20.01233
2447642.12056 15.99941
2447643.12061 19.50502
2447644.12065 20.91785
2447645.12070 18.10043
2447646.12074 22.46581
2447647.12079 22.36406
2447648.12084 16.85249
2447649.12088 16.53514
2447650.12093 20.49952
2447651.12097 17.70513
2447652.12102 17.16734
2447653.12106 11.66518
2447654.12111 16.38209
2447655.12116 17.39887
2447656.12120 15.37811
2447657.12125 15.12374
2447658.12129 11.25217
2447659.12134 12.31494
2447660.12138 9.31670
2447661.12143 9.77490
2447662.12147 7.82736
2447663.12152 5.85261
2447664.12157 6.35266
2447665.12161 3.51307
2447666.12166 2.39412
2447667.12170 2.25291
2447668.12175 1.26895
2447669.12179 0.40919
2447670.12184 -0.19562
2447671.12189 -0.61363
2447672.12193 -1.09251
2447673.12198 -1.33805
2447674.12202 -1.32447
2447675.12207 -1.24494
2447676.12211 -1.07433
2447677.12216 -0.64766
2447678.12220 -0.16884
2447679.12225 0.38887
2447680.12230 1.01907
2447681.12234 1.68273
2447682.12239 2.74085
2447683.12243 2.97195
2447684.12248 4.60940
2447685.12252 4.79053
2447686.12257 5.61286
2447687.12262 7.18042
2447688.12266 7.31120
2447689.12271 7.33147
2447690.12275 8.17601
2447691.12280 7.89641
2447692.12284 9.40797
2447693.12289 8.89395
2447694.12294 9.25726
2447695.12298 9.59559
2447696.12303 7.70769
2447697.12307 10.21920
2447698.12312 8.29547
2447699.12316 6.68266
2447700.12321 6.17733
2447701.12325 5.33297
2447702.12330 4.05668
2447703.12335 2.98153
2447704.12339 2.30635
2447705.12344 0.83830
2447706.12348 -0.39286
2447707.12353 -1.52278
2447708.12357 -3.00884
2447709.12362 -5.03073
2447710.12367 -6.30288
2447711.12371 -6.48595
2447712.12376 -8.04861
2447713.12380 -7.60335
2447714.12385 -11.60547
2447715.12389 -11.14814
2447716.12394 -13.07220
2447717.12398 -12.67858
2447718.12403 -12.78709
2447719.12408 -11.75866
2447720.12412 -11.70624
2447721.12417 -13.07482
2447722.12421 -11.84511
2447723.12426 -12.79988
2447724.12430 -11.06825
2447725.12435 -9.51404
2447726.12440 -10.67452
2447727.12444 -9.15197
2447728.12449 -8.40528
2447729.12453 -8.49849
2447730.12458 -5.94308
2447731.12462 -6.01289
2447732.12467 -5.70688
2447733.12471 -4.36106
2447734.12476 -4.29928
2447735.12481 -3.11985
2447736.12485 -2.77282
2447922.13334 -20.87671
2447923.13339 -19.34559
2447924.13343 -19.97826
2447925.13348 -18.39592
2447926.13352 -17.52616
2447927.13357 -16.44474
2447928.13361 -17.36988
2447929.13366 -16.11023
2447930.13370 -18.42494
2447931.13375 -18.62305
2447932.13380 -16.44233
2447933.13384 -23.85362
2447934.13389 -18.13980
2447935.13393 -20.68744
2447936.13398 -24.15425
2447937.13402 -17.56365
2447938.13407 -24.59289
2447939.13412 -25.77417
2447940.13416 -24.90541
2447941.13421 -27.75772
2447942.13425 -29.86591
2447943.13430 -27.53695
2447944.13434 -28.07670
2447945.13439 -28.31639
2447946.13443 -34.19195
2447947.13448 -28.25190
2447948.13453 -29.45769
2447949.13457 -33.87868
2447950.13462 -30.25533
2447951.13466 -32.61761
2447952.13471 -35.96580
2447953.13475 -30.45797
2447954.13480 -33.39788
2447955.13485 -22.47263
2447956.13489 -26.68507
2447957.13494 -28.05391
2447958.13498 -28.32937
2447959.13503 -26.97489
2447960.13507 -24.80733
2447961.13512 -20.17921
2447962.13516 -23.29817
2447963.13521 -16.74793
2447964.13526 -18.22371
2447965.13530 -18.25876
2447966.13535 -15.10394
2447967.13539 -15.88637
2447968.13544 -13.82661
2447969.13548 -13.58018
2447970.13553 -13.30879
2447971.13558 -11.10504
2447972.13562 -12.54917
2447973.13567 -11.36480
2447974.13571 -10.31045
2447975.13576 -12.80922
2447976.13580 -11.03980
2447977.13585 -13.36399
2447978.13589 -12.14433
2447979.13594 -12.95705
2447980.13599 -14.20834
2447981.13603 -11.32895
2447982.13608 -13.81337
2447983.13612 -15.47158
2447984.13617 -14.02667
2447985.13621 -17.04846
2447986.13626 -21.22971
2447987.13631 -18.53644
2447988.13635 -22.60274
2447989.13640 -21.08518
2447990.13644 -24.35976
2447991.13649 -23.74658
2447992.13653 -21.05084
2447993.13658 -21.71540
2447994.13662 -23.27932
2447995.13667 -26.13245
2447996.13672 -23.07683
2447997.13676 -22.10498
2447998.13681 -20.84866
2447999.13685 -19.94526
2448000.13690 -19.29342
2448001.13694 -17.67986
2448002.13699 -21.09828
2448003.13704 -20.26255
2448004.13708 -16.19705
2448005.13713 -14.90705
2448006.13717 -15.89792
2448007.13722 -13.95152
2448008.13726 -12.58609
2448009.13731 -9.88348
2448010.13736 -8.82729
2448011.13740 -9.70175
2448012.13745 -7.93370
2448013.13749 -6.90512
2448014.13754 -5.38284
2448015.13758 -4.07668
2448016.13763 -3.13386
2448017.13767 -3.24759
2448018.13772 -2.84823
2448019.13777 -2.72398
2448020.13781 -2.26590
2448021.13786 -2.43030
2448022.13790 -2.33090
2448023.13795 -2.51494
2448024.13799 -2.85891
2448025.13804 -3.14621
2448026.13809 -3.53296
2448027.13813 -4.05681
2448028.13818 -5.49431
2448029.13822 -5.83815
2448030.13827 -5.83238
2448031.13831 -7.19882
2448032.13836 -8.77451
2448033.13840 -9.11317
2448034.13845 -10.67835
2448035.13850 -10.84009
2448036.13854 -10.52301
2448037.13859 -12.48039
2448038.13863 -11.17457
2448039.13868 -13.75431
2448040.13872 -12.32347
2448041.13877 -11.48532
2448042.13882 -9.83444
2448043.13886 -13.07030
2448044.13891 -12.51828
2448045.13895 -11.13178
2448046.13900 -11.98196
2448047.13904 -10.03973
2448048.13909 -8.75013
2448049.13913 -7.62134
2448050.13918 -7.45265
2448051.13923 -5.82429
2448052.13927 -4.40391
2448053.13932 -3.29908
2448054.13936 -2.08446
2448055.13941 -0.94920
2448056.13945 0.39468
2448057.13950 1.73025
2448058.13955 2.41322
2448059.13959 3.82455
2448060.13964 5.07418
2448061.13968 5.89185
2448062.13973 6.73622
2448063.13977 8.40223
2448064.13982 8.02949
2448065.13986 9.57851
2448066.13991 7.98458
2448067.13996 9.48279
2448068.14000 8.79213
2448069.14005 7.33335
2448070.14009 8.30145
2448071.14014 8.00629
2448072.14018 7.64707
2448073.14023 6.87806
2448074.14028 6.04162
2448075.14032 4.83404
2448076.14037 6.04656
2448077.14041 4.23921
2448078.14046 3.29637
2448079.14050 2.55740
2448080.14055 1.43080
2448081.14060 0.81015
2448082.14064 0.11858
2448083.14069 -0.42109
2448084.14073 -0.78939
2448085.14078 -1.20904
2448086.14082 -1.64032
2448087.14087 -1.60740
2448088.14091 -1.42811
2448089.14096 -1.38218
2448090.14101 -1.09018
2448091.14105 -0.61349
2448092.14110 0.03320
2448093.14114 0.80066
2448094.14119 1.61481
2448095.14123 2.56245
2448096.14128 3.26144
2448097.14133 4.54373
2448098.14137 6.06922
2448099.14142 8.01612
2448100.14146 8.11078
2448101.14151 10.58410
2448288.15004 32.05389
2448289.15009 29.43133
2448290.15013 34.05174
2448291.15018 30.51421
2448292.15022 34.30391
2448293.15027 33.76820
2448294.15031 32.53728
2448295.15036 34.46246
2448296.15041 31.81471
2448297.15045 27.46852
2448298.15050 32.38973
2448299.15054 31.91640
2448300.15059 27.85122
2448301.15063 34.86055
2448302.15068 29.31129
2448303.15073 29.74947
2448304.15077 26.59875
2448305.15082 27.58662
2448306.15086 26.44913
2448307.15091 26.12343
2448308.15095 25.37660
2448309.15100 23.99765
2448310.15104 23.14693
2448311.15109 19.47928
2448312.15114 18.46355
2448313.15118 22.60987
2448314.15123 14.25528
2448315.15127 18.22069
2448316.15132 16.05999
2448317.15136 15.49926
2448318.15141 13.68230
2448319.15146 14.89287
2448320.15150 10.79952
2448321.15155 13.48071
2448322.15159 14.58569
2448323.15164 12.54380
2448324.15168 11.60901
2448325.15173 15.84950
2448326.15178 15.94132
2448327.15182 14.06529
2448328.15187 16.05864
2448329.15191 17.78753
2448330.15196 19.38668
2448331.15200 20.37833
2448332.15205 17.78557
2448333.15209 19.91574
2448334.15214 23.14858
2448335.15219 24.26096
2448336.15223 20.49305
2448337.15228 24.52501
2448338.15232 24.25350
2448339.15237 20.83814
2448340.15241 24.37855
2448341.15246 25.41344
2448342.15251 20.04956
2448343.15255 23.66889
2448344.15260 26.58204
2448345.15264 24.37366
2448346.15269 22.53032
2448347.15273 25.80420
2448348.15278 23.73741
2448349.15282 20.70224
2448350.15287 18.50934
2448351.15292 19.51045
2448352.15296 19.25493
2448353.15301 22.25518
2448354.15305 18.81379
2448355.15310 14.54261
2448356.15314 16.94377
2448357.15319 12.53962
2448358.15324 12.30127
2448359.15328 12.14398
2448360.15333 8.90149
2448361.15337 8.79545
2448362.15342 7.18284
2448363.15346 6.81384
2448364.15351 6.64467
2448365.15355 6.07796
2448366.15360 5.78192
2448367.15365 4.88191
2448368.15369 6.17114
2448369.15374 4.64561
2448370.15378 6.13769
2448371.15383 5.40028
2448372.15387 6.32820
2448373.15392 6.79393
2448374.15397 7.24757
2448375.15401 7.97806
2448376.15406 9.17031
2448377.15410 11.59218
2448378.15415 9.96600
2448379.15419 11.92509
2448380.15424 11.39257
2448381.15428 10.48073
2448382.15433 14.88384
2448383.15438 14.89304
2448384.15442 18.22837
2448385.15447 17.10067
2448386.15451 15.63465
2448387.15456 14.01943
2448388.15460 18.52993
2448389.15465 16.23450
2448390.15470 18.66322
2448391.15474 16.34395
2448392.15479 15.46273
2448393.15483 12.38348
2448394.15488 13.07622
2448395.15492 13.14978
2448396.15497 11.23201
2448397.15502 11.31817
2448398.15506 11.07324
2448399.15511 8.79546
2448400.15515 6.11800
2448401.15520 5.57109
2448402.15524 5.09801
2448403.15529 3.14471
2448404.15533 2.12381
2448405.15538 1.12116
2448406.15543 -0.17627
2448407.15547 -1.17896
2448408.15552 -2.34002
2448409.15556 -3.15272
2448410.15561 -4.04347
2448411.15565 -4.36977
2448412.15570 -4.22996
2448413.15575 -5.16227
2448414.15579 -5.50384
2448415.15584 -4.14398
2448416.15588 -5.13368
2448417.15593 -4.47950
2448418.15597 -3.87754
2448419.15602 -3.52325
2448420.15606 -3.79076
2448421.15611 -2.46314
2448422.15616 -2.15976
2448423.15620 -1.26842
2448424.15625 -0.35214
2448425.15629 0.43438
2448426.15634 1.04111
2448427.15638 2.11254
2448428.15643 2.52312
2448429.15648 3.67818
2448430.15652 4.04888
2448431.15657 4.46026
2448432.15661 4.47916
2448433.15666 4.83306
2448434.15670 6.41209
2448435.15675 5.29313
2448436.15679 4.49013
2448437.15684 5.06900
2448438.15689 4.96363
2448439.15693 3.86351
2448440.15698 2.94960
2448441.15702 2.18655
2448442.15707 1.00871
2448443.15711 0.08812
2448444.15716 -0.99513
2448445.15721 -2.57890
2448446.15725 -3.39640
2448447.15730 -4.70058
2448448.15734 -6.16028
2448449.15739 -8.04692
2448450.15743 -7.86489
2448451.15748 -11.21528
2448452.15752 -11.25676
2448453.15757 -10.20802
2448454.15762 -10.80106
2448455.15766 -12.52400
2448456.15771 -15.01625
2448457.15775 -12.85075
2448458.15780 -16.89360
2448459.15784 -16.56933
2448460.15789 -16.13177
2448461.15794 -15.25031
2448462.15798 -11.98417
2448463.15803 -13.08073
2448464.15807 -14.93195
2448465.15812 -14.76472
2448466.15816 -14.76194
2448467.15821 -13.39499
2448653.16670 -25.98440
2448654.16674 -26.23931
2448655.16679 -27.15714
2448656.16683 -25.08743
2448657.16688 -23.89862
2448658.16693 -24.17030
2448659.16697 -22.90469
2448660.16702 -21.24128
2448661.16706 -22.40042
2448662.16711 -16.83684
2448663.16715 -22.98090
2448664.16720 -18.59947
2448665.16724 -18.09753
2448666.16729 -18.01213
2448667.16734 -14.08870
2448668.16738 -17.69120
2448669.16743 -14.92406
2448670.16747 -17.38006
2448671.16752 -13.50820
2448672.16756 -16.61820
2448673.16761 -21.09023
2448674.16766 -18.75760
2448675.16770 -17.21026
2448676.16775 -18.70305
2448677.16779 -17.52607
2448678.16784 -22.00859
2448679.16788 -22.80521
2448680.16793 -21.22635
2448681.16797 -28.00596
2448682.16802 -28.63086
2448683.16807 -23.75888
2448684.16811 -28.40197
2448685.16816 -24.95962
2448686.16820 -29.43011
2448687.16825 -32.19542
2448688.16829 -29.30422
2448689.16834 -33.73138
2448690.16839 -23.59897
2448691.16843 -26.97458
2448692.16848 -28.93057
2448693.16852 -29.75022
2448694.16857 -28.82808
2448695.16861 -24.67007
2448696.16866 -26.73062
2448697.16870 -22.20586
2448698.16875 -22.49843
2448699.16880 -22.04981
2448700.16884 -23.14024
2448701.16889 -18.20574
2448702.16893 -17.97485
2448703.16898 -18.61887
2448704.16902 -13.69851
2448705.16907 -16.29246
2448706.16912 -15.35760
2448707.16916 -13.24225
2448708.16921 -12.96606
2448709.16925 -11.04567
2448710.16930 -9.23059
2448711.16934 -10.56056
2448712.16939 -9.61095
2448713.16944 -10.24939
2448714.16948 -8.23436
2448715.16953 -9.07909
2448716.16957 -8.28762
2448717.16962 -7.85397
2448718.16966 -9.34169
2448719.16971 -11.18009
2448720.16975 -9.74320
2448721.16980 -11.48190
2448722.16985 -10.77422
2448723.16989 -12.82429
2448724.16994 -13.17552
2448725.16998 -11.87225
2448726.17003 -16.22657
2448727.17007 -15.08271
2448728.17012 -19.24207
2448729.17017 -17.94768
2448730.17021 -17.08413
2448731.17026 -17.10198
2448732.17030 -14.11318
2448733.17035 -18.73007
2448734.17039 -20.91288
2448735.17044 -18.72718
2448736.17048 -21.56488
2448737.17053 -20.03401
2448738.17058 -21.36475
2448739.17062 -19.70383
2448740.17067 -18.55825
2448741.17071 -16.87360
2448742.17076 -20.62123
2448743.17080 -14.22940
2448744.17085 -15.58196
2448745.17090 -12.87017
2448746.17094 -13.20572
2448747.17099 -7.95754
2448748.17103 -8.83884
2448749.17108 -8.40745
2448750.17112 -6.73772
2448751.17117 -5.94261
2448752.17121 -4.89754
2448753.17126 -3.47918
2448754.17131 -2.24373
2448755.17135 -1.41335
2448756.17140 -0.65314
2448757.17144 0.04016
2448758.17149 0.63892
2448759.17153 0.86161
2448760.17158 1.34960
2448761.17163 1.56125
2448762.17167 1.65867
2448763.17172 1.42681
2448764.17176 1.23900
2448765.17181 0.70244
2448766.17185 0.50921
2448767.17190 -0.12442
2448768.17194 -0.77149
2448769.17199 -1.41661
2448770.17204 -1.98425
2448771.17208 -3.37018
2448772.17213 -3.99452
2448773.17217 -3.64400
2448774.17222 -5.19621
2448775.17226 -5.77627
2448776.17231 -8.24733
2448777.17236 -8.10908
2448778.17240 -6.84856
2448779.17245 -9.40179
2448780.17249 -9.73628
2448781.17254 -8.79073
2448782.17258 -7.31808
2448783.17263 -7.45139
2448784.17268 -9.29508
2448785.17272 -8.37422
2448786.17277 -7.73729
2448787.17281 -6.39378
2448788.17286 -6.11197
2448789.17290 -4.45028
2448790.17295 -3.82750
2448791.17299 -2.19131
2448792.17304 -1.48346
2448793.17309 -0.30690
2448794.17313 0.90146
2448795.17318 2.21182
2448796.17322 3.69646
2448797.17327 5.08237
2448798.17331 5.95763
2448799.17336 7.19294
2448800.17341 8.71242
2448801.17345 9.57099
2448802.17350 9.77728
2448803.17354 12.66311
2448804.17359 11.25049
2448805.17363 12.29602
2448806.17368 14.72623
2448807.17372 10.36017
2448808.17377 10.91162
2448809.17382 10.50833
2448810.17386 13.93542
2448811.17391 11.55083
2448812.17395 12.58249
2448813.17400 11.61227
2448814.17404 10.61226
2448815.17409 10.27894
2448816.17414 8.84408
2448817.17418 7.52313
2448818.17423 7.37351
2448819.17427 6.24506
2448820.17432 6.33434
2448821.17436 5.04108
2448822.17441 4.54937
2448823.17445 3.26220
2448824.17450 3.32217
2448825.17455 2.82040
2448826.17459 2.35106
2448827.17464 2.09466
2448828.17468 2.05900
2448829.17473 2.39084
2448830.17477 2.69577
2448831.17482 2.88156
2448832.17487 3.92756
2449018.18335 22.35532
2449019.18340 18.60570
2449020.18344 21.38573
2449021.18349 20.60802
2449022.18354 21.89757
2449023.18358 22.94274
2449024.18363 23.43095
2449025.18367 22.99853
2449026.18372 22.09439
2449027.18376 29.53773
2449028.18381 25.10066
2449029.18386 27.25963
2449030.18390 30.41053
2449031.18395 23.53634
2449032.18399 29.71424
2449033.18404 32.44163
2449034.18408 30.89065
2449035.18413 28.54331
2449036.18417 33.45728
2449037.18422 27.92670
2449038.18427 31.98937
2449039.18431 25.53398
2449040.18436 31.64750
2449041.18440 28.80440
2449042.18445 28.48803
2449043.18449 29.34536
2449044.18454 26.59887
2449045.18459 28.61370
2449046.18463 24.60474
2449047.18468 23.90639
2449048.18472 24.67448
2449049.18477 21.18216
2449050.18481 20.02383
2449051.18486 18.29465
2449052.18490 12.27589
2449053.18495 16.37318
2449054.18500 15.44310
2449055.18504 15.16572
2449056.18509 14.31957
2449057.18513 14.69700
2449058.18518 14.21872
2449059.18522 12.59517
2449060.18527 13.56689
2449061.18532 10.58553
2449062.18536 11.44691
2449063.18541 11.11642
2449064.18545 9.25463
2449065.18550 11.22701
2449066.18554 11.69666
2449067.18559 13.20283
2449068.18563 12.80033
2449069.18568 12.70079
2449070.18573 16.28398
2449071.18577 15.54473
2449072.18582 16.65301
2449073.18586 16.35300
2449074.18591 17.74668
2449075.18595 19.13727
2449076.18600 18.85835
2449077.18605 20.50243
2449078.18609 19.96710
2449079.18614 22.31744
2449080.18618 21.03867
2449081.18623 22.84091
2449082.18627 23.60988
2449083.18632 28.72042
2449084.18636 25.28816
2449085.18641 22.58802
2449086.18646 19.21357
2449087.18650 19.86073
2449088.18655 20.23650
2449089.18659 18.30568
2449090.18664 20.91289
2449091.18668 18.25334
2449092.18673 14.56477
2449093.18678 17.39998
2449094.18682 16.21625
2449095.18687 13.63561
2449096.18691 12.43764
2449097.18696 11.01789
2449098.18700 9.81994
2449099.18705 8.01935
2449100.18710 7.86079
2449101.18714 6.59264
2449102.18719 5.30843
2449103.18723 4.00692
2449104.18728 3.22925
2449105.18732 2.98463
2449106.18737 2.20993
2449107.18741 1.72582
2449108.18746 1.52150
2449109.18751 1.96197
2449110.18755 1.88858
2449111.18760 1.87958
2449112.18764 2.34919
2449113.18769 3.40593
2449114.18773 2.67902
2449115.18778 3.78090
2449116.18783 4.73345
2449117.18787 5.57193
2449118.18792 6.21458
2449119.18796 7.96678
2449120.18801 8.44658
2449121.18805 8.97648
2449122.18810 9.37010
2449123.18814 10.89731
2449124.18819 11.53583
2449125.18824 12.82662
2449126.18828 10.27748
2449127.18833 13.55171
2449128.18837 10.24445
2449129.18842 13.68454
2449130.18846 12.50112
2449131.18851 11.70542
2449132.18856 13.22053
2449133.18860 9.09069
2449134.18865 9.87305
2449135.18869 9.53252
2449136.18874 8.80124
2449137.18878 7.83805
2449138.18883 7.03884
2449139.18887 5.14386
2449140.18892 4.31753
2449141.18897 2.66847
2449142.18901 1.67796
2449143.18906 0.34281
2449144.18910 -1.29445
2449145.18915 -2.47343
2449146.18919 -3.03012
2449147.18924 -4.82180
2449148.18929 -3.91741
2449149.18933 -5.65912
2449150.18938 -7.66567
2449151.18942 -9.15717
2449152.18947 -8.48408
2449153.18951 -9.77294
2449154.18956 -9.48355
2449155.18960 -8.49352
2449156.18965 -9.14225
2449157.18970 -9.50884
2449158.18974 -8.46779
2449159.18979 -8.14840
2449160.18983 -8.07685
2449161.18988 -8.34718
2449162.18992 -6.32469
2449163.18997 -5.64444
2449164.19002 -4.29725
2449165.19006 -3.67923
2449166.19011 -3.04867
2449167.19015 -2.55612
2449168.19020 -1.67047
2449169.19024 -1.00599
2449170.19029 -0.31974
2449171.19033 0.22337
2449172.19038 0.60316
2449173.19043 1.01916
2449174.19047 1.32622
2449175.19052 1.04647
2449176.19056 1.43996
2449177.19061 0.91507
2449178.19065 0.68271
2449179.19070 0.16150
2449180.19075 -0.46439
2449181.19079 -1.17759
2449182.19084 -2.16629
2449183.19088 -2.92186
2449184.19093 -3.82991
2449185.19097 -5.12164
2449186.19102 -7.54053
2449187.19107 -8.79719
2449188.19111 -10.06985
2449189.19116 -9.04789
2449190.19120 -8.96134
2449191.19125 -12.44342
2449192.19129 -13.78934
2449193.19134 -14.53773
2449194.19138 -15.78967
2449195.19143 -17.69059
2449196.19148 -15.72370
2449197.19152 -15.80530
2449383.20001 -31.38247
2449384.20005 -29.79732
2449385.20010 -31.96049
2449386.20015 -31.76581
2449387.20019 -31.27246
2449388.20024 -32.53326
2449389.20028 -27.68940
2449390.20033 -34.64908
2449391.20037 -26.13590
2449392.20042 -25.42258
2449393.20047 -21.19107
2449394.20051 -31.50105
2449395.20056 -25.51323
2449396.20060 -19.08938
2449397.20065 -24.40132
2449398.20069 -23.05599
2449399.20074 -20.44406
2449400.20078 -20.64476
2449401.20083 -16.43222
2449402.20088 -19.26884
2449403.20092 -17.11511
2449404.20097 -15.39474
2449405.20101 -19.71946
2449406.20106 -15.12622
2449407.20110 -13.93500
2449408.20115 -12.28368
2449409.20120 -15.60537
2449410.20124 -12.51636
2449411.20129 -12.65448
2449412.20133 -13.11114
2449413.20138 -16.39215
2449414.20142 -13.17485
2449415.20147 -14.71480
2449416.20152 -15.60198
2449417.20156 -15.58370
2449418.20161 -18.33088
2449419.20165 -16.12080
2449420.20170 -22.75551
2449421.20174 -22.41780
2449422.20179 -25.73199
2449423.20183 -19.69843
2449424.20188 -22.22752
2449425.20193 -21.00465
2449426.20197 -20.61007
2449427.20202 -26.21592
2449428.20206 -27.01567
2449429.20211 -27.79241
2449430.20215 -27.34850
2449431.20220 -25.18336
2449432.20225 -26.76903
2449433.20229 -24.17653
2449434.20234 -27.34043
2449435.20238 -25.15707
2449436.20243 -23.12858
2449437.20247 -19.74354
2449438.20252 -22.74013
2449439.20256 -21.88380
2449440.20261 -16.97642
2449441.20266 -20.40115
2449442.20270 -18.40368
2449443.20275 -13.04781
2449444.20279 -12.57558
2449445.20284 -11.87228
2449446.20288 -10.19033
2449447.20293 -10.12982
2449448.20298 -7.54190
2449449.20302 -7.47768
2449450.20307 -7.88902
2449451.20311 -7.47890
2449452.20316 -5.05005
2449453.20320 -5.84459
2449454.20325 -4.88434
2449455.20329 -5.81092
2449456.20334 -5.35178
2449457.20339 -4.01813
2449458.20343 -5.88798
2449459.20348 -6.63103
2449460.20352 -5.66114
2449461.20357 -6.73243
2449462.20361 -8.82295
2449463.20366 -8.70461
2449464.20371 -7.80728
2449465.20375 -9.72949
2449466.20380 -9.66231
2449467.20384 -11.99120
2449468.20389 -12.81558
2449469.20393 -11.95198
2449470.20398 -14.32364
2449471.20402 -15.98082
2449472.20407 -15.55841
2449473.20412 -14.54699
2449474.20416 -18.18493
2449475.20421 -16.67048
2449476.20425 -15.93003
2449477.20430 -14.81820
2449478.20434 -18.70619
2449479.20439 -16.68702
2449480.20444 -14.49703
2449481.20448 -12.86001
2449482.20453 -14.23577
2449483.20457 -12.94940
2449484.20462 -13.19856
2449485.20466 -10.76388
2449486.20471 -10.00737
2449487.20475 -7.84317
2449488.20480 -7.20739
2449489.20485 -4.98427
2449490.20489 -4.51494
2449491.20494 -2.63337
2449492.20498 -1.38983
2449493.20503 -0.41992
2449494.20507 0.77379
2449495.20512 1.96351
2449496.20517 2.67947
2449497.20521 3.10025
2449498.20526 4.26930
2449499.20530 4.33252
2449500.20535 5.23735
2449501.20539 5.13467
2449502.20544 5.36845
2449503.20549 5.60982
2449504.20553 5.71354
2449505.20558 4.99993
2449506.20562 4.63478
2449507.20567 4.22179
2449508.20571 3.85781
2449509.20576 2.51464
2449510.20580 2.20212
2449511.20585 1.23965
2449512.20590 0.60455
2449513.20594 -0.18024
2449514.20599 -0.97102
2449515.20603 -1.83361
2449516.20608 -1.94714
2449517.20612 -3.08064
2449518.20617 -4.04598
2449519.20622 -4.45258
2449520.20626 -4.70908
2449521.20631 -4.34449
2449522.20635 -4.09999
2449523.20640 -4.65478
2449524.20644 -4.67261
2449525.20649 -4.23539
2449526.20653 -4.24944
2449527.20658 -3.08540
2449528.20663 -2.81966
2449529.20667 -1.80447
2449530.20672 -0.52537
2449531.20676 0.44181
2449532.20681 1.52354
2449533.20685 2.26155
2449534.20690 4.51996
2449535.20695 4.52513
2449536.20699 5.51488
2449537.20704 8.84255
2449538.20708 8.99250
2449539.20713 10.52752
2449540.20717 10.30541
2449541.20722 13.96414
2449542.20726 13.25402
2449543.20731 13.58633
2449544.20736 14.31602
2449545.20740 16.79515
2449546.20745 15.74692
2449547.20749 13.67032
2449548.20754 14.15714
2449549.20758 16.74570
2449550.20763 18.34132
2449551.20768 17.55397
2449552.20772 15.91082
2449553.20777 14.17920
2449554.20781 14.68482
2449555.20786 15.00911
2449556.20790 14.75449
2449557.20795 13.40684
2449558.20799 11.31004
2449559.20804 10.77000
2449560.20809 8.57682
2449561.20813 10.11257
2449562.20818 8.96877
2449749.21671 14.51452
2449750.21676 21.42325
2449751.21680 15.20887
2449752.21685 18.14407
2449753.21689 15.83972
2449754.21694 15.67096
2449755.21698 16.70636
2449756.21703 16.31955
2449757.21708 11.94215
2449758.21712 18.56551
2449759.21717 19.64175
2449760.21721 17.09357
2449761.21726 17.11043
2449762.21730 17.64560
2449763.21735 17.27495
2449764.21740 15.85958
2449765.21744 21.06837
2449766.21749 23.24868
2449767.21753 18.06695
2449768.21758 20.13537
2449769.21762 23.42999
2449770.21767 21.11914
2449771.21771 24.42746
2449772.21776 25.09018
2449773.21781 27.34380
2449774.21785 26.80002
2449775.21790 28.33073
2449776.21794 26.97311
2449777.21799 30.12432
2449778.21803 32.71718
2449779.21808 25.09489
2449780.21813 27.57802
2449781.21817 26.49647
2449782.21822 24.65270
2449783.21826 25.07217
2449784.21831 22.05781
2449785.21835 24.31968
2449786.21840 25.65045
2449787.21844 24.80813
2449788.21849 18.41253
2449789.21854 21.53383
2449790.21858 17.93763
2449791.21863 19.49169
2449792.21867 15.51856
2449793.21872 15.71484
2449794.21876 12.31331
2449795.21881 12.86493
2449796.21886 12.45190
2449797.21890 9.88365
2449798.21895 9.30215
2449799.21899 9.29003
2449800.21904 9.14413
2449801.21908 10.06506
2449802.21913 7.59609
2449803.21917 7.48850
2449804.21922 8.42414
2449805.21927 7.86493
2449806.21931 9.92908
2449807.21936 8.59049
2449808.21940 8.71956
2449809.21945 11.85972
2449810.21949 11.65661
2449811.21954 13.92686
2449812.21959 13.48704
2449813.21963 10.49530
2449814.21968 15.57667
2449815.21972 15.57809
2449816.21977 13.95104
2449817.21981 16.31879
2449818.21986 16.00190
2449819.21991 20.42017
2449820.21995 20.64669
2449821.22000 18.70544
2449822.22004 20.75529
2449823.22009 21.54536
2449824.22013 18.70993
2449825.22018 18.13455
2449826.22022 21.85817
2449827.22027 16.92647
2449828.22032 17.49089
2449829.22036 14.74300
2449830.22041 15.58514
2449831.22045 16.03710
2449832.22050 14.90141
2449833.22054 13.85595
2449834.22059 11.05771
2449835.22064 10.34693
2449836.22068 7.59983
2449837.22073 9.00465
2449838.22077 5.59947
2449839.22082 6.01402
2449840.22086 4.42656
2449841.22091 3.42316
2449842.22095 2.16780
2449843.22100 1.08507
2449844.22105 0.23130
2449845.22109 -0.51132
2449846.22114 -1.04160
2449847.22118 -1.39268
2449848.22123 -1.67896
2449849.22127 -2.10412
2449850.22132 -1.97610
2449851.22137 -1.80154
2449852.22141 -1.65209
2449853.22146 -1.11091
2449854.22150 -0.65058
2449855.22155 -0.12783
2449856.22159 0.46547
2449857.22164 1.05095
2449858.22168 1.75743
2449859.22173 2.38417
2449860.22178 4.34492
2449861.22182 5.07983
2449862.22187 5.71936
2449863.22191 5.58499
2449864.22196 6.95305
2449865.22200 7.24478
2449866.22205 8.15306
2449867.22210 8.39864
2449868.22214 8.19620
2449869.22219 9.56934
2449870.22223 8.16977
2449871.22228 8.02115
2449872.22232 9.17531
2449873.22237 7.82283
2449874.22241 7.21856
2449875.22246 6.84018
2449876.22251 5.38271
2449877.22255 4.81761
2449878.22260 3.48972
2449879.22264 2.33596
2449880.22269 0.99511
2449881.22273 -0.22674
2449882.22278 -1.74557
2449883.22283 -3.21950
2449884.22287 -4.74637
2449885.22292 -5.26863
2449886.22296 -6.97661
2449887.22301 -8.41812
2449888.22305 -8.89706
2449889.22310 -10.08834
2449890.22315 -11.02408
2449891.22319 -11.75666
2449892.22324 -14.13967
2449893.22328 -13.11923
2449894.22333 -14.47082
2449895.22337 -13.40706
2449896.22342 -13.55989
2449897.22346 -12.31208
2449898.22351 -14.11614
2449899.22356 -11.84531
2449900.22360 -11.47430
2449901.22365 -10.67895
2449902.22369 -10.35054
2449903.22374 -8.90656
2449904.22378 -9.90901
2449905.22383 -7.36794
2449906.22388 -6.99643
2449907.22392 -6.18137
2449908.22397 -6.79718
2449909.22401 -4.96937
2449910.22406 -4.89256
2449911.22410 -3.91010
2449912.22415 -3.59351
2449913.22419 -3.31948
2449914.22424 -2.88570
2449915.22429 -2.66860
2449916.22433 -3.04060
2449917.22438 -2.84702
2449918.22442 -2.65403
2449919.22447 -2.75849
2449920.22451 -4.07214
2449921.22456 -4.12356
2449922.22461 -4.68273
2449923.22465 -6.37373
2449924.22470 -6.62584
2449925.22474 -7.39680
2449926.22479 -9.59465
2449927.22483 -10.01051
2449928.22488 -11.41030
2450114.23337 -24.30438
2450115.23341 -26.79089
2450116.23346 -25.38215
2450117.23350 -24.38147
2450118.23355 -23.29281
2450119.23359 -25.98261
2450120.23364 -24.57568
2450121.23369 -27.12692
2450122.23373 -35.34911
2450123.23378 -32.48129
2450124.23382 -34.76019
2450125.23387 -32.72857
2450126.23391 -34.39949
2450127.23396 -32.27057
2450128.23401 -29.89776
2450129.23405 -26.19697
2450130.23410 -26.17300
2450131.23414 -27.96053
2450132.23419 -26.82227
2450133.23423 -28.42744
2450134.23428 -23.73436
2450135.23433 -22.51201
2450136.23437 -20.73833
2450137.23442 -22.40637
2450138.23446 -17.46206
2450139.23451 -20.55518
2450140.23455 -15.04618
2450141.23460 -17.17856
2450142.23464 -14.13051
2450143.23469 -13.83401
2450144.23474 -11.44285
2450145.23478 -13.46798
2450146.23483 -12.43435
2450147.23487 -10.95406
2450148.23492 -12.71308
2450149.23496 -11.77027
2450150.23501 -12.66722
2450151.23506 -10.90998
2450152.23510 -11.33761
2450153.23515 -11.16621
2450154.23519 -12.00790
2450155.23524 -16.31925
2450156.23528 -12.34971
2450157.23533 -16.05273
2450158.23537 -13.65194
2450159.23542 -15.94469
2450160.23547 -16.03764
2450161.23551 -14.47579
2450162.23556 -15.73935
2450163.23560 -20.86239
2450164.23565 -17.92648
2450165.23569 -23.14134
2450166.23574 -20.20034
2450167.23579 -21.62200
2450168.23583 -16.25383
2450169.23588 -20.72411
2450170.23592 -19.83572
2450171.23597 -20.56702
2450172.23601 -22.25721
2450173.23606 -25.30254
2450174.23610 -25.66828
2450175.23615 -24.50007
2450176.23620 -21.76274
2450177.23624 -23.94099
2450178.23629 -17.85111
2450179.23633 -16.65126
2450180.23638 -16.21526
2450181.23642 -12.09806
2450182.23647 -13.52757
2450183.23652 -10.80738
2450184.23656 -11.87719
2450185.23661 -10.65581
2450186.23665 -8.42061
2450187.23670 -7.87246
2450188.23674 -6.12052
2450189.23679 -6.02363
2450190.23683 -4.53845
2450191.23688 -3.56985
2450192.23693 -2.89668
2450193.23697 -2.26256
2450194.23702 -2.05221
2450195.23706 -1.69829
2450196.23711 -1.58441
2450197.23715 -1.61604
2450198.23720 -1.51590
2450199.23725 -1.81199
2450200.23729 -2.20739
2450201.23734 -2.68812
2450202.23738 -3.26844
2450203.23743 -3.70038
2450204.23747 -4.04851
2450205.23752 -5.25420
2450206.23757 -4.75184
2450207.23761 -7.22212
2450208.23766 -8.06808
2450209.23770 -8.02479
2450210.23775 -9.81089
2450211.23779 -9.66344
2450212.23784 -10.57407
2450213.23788 -11.71124
2450214.23793 -10.12568
2450215.23798 -12.89538
2450216.23802 -10.32288
2450217.23807 -11.41814
2450218.23811 -11.42500
2450219.23816 -11.84891
2450220.23820 -11.52363
2450221.23825 -9.85886
2450222.23830 -9.46052
2450223.23834 -10.81068
2450224.23839 -7.60078
2450225.23843 -7.80621
2450226.23848 -6.20918
2450227.23852 -4.76082
2450228.23857 -3.63411
2450229.23861 -1.92707
2450230.23866 -1.04679
2450231.23871 0.26708
2450232.23875 1.57914
2450233.23880 2.44888
2450234.23884 4.29562
2450235.23889 5.09458
2450236.23893 6.10663
2450237.23898 7.63153
2450238.23903 7.13253
2450239.23907 7.27673
2450240.23912 7.51813
2450241.23916 10.28831
2450242.23921 9.20750
2450243.23925 7.84903
2450244.23930 11.31376
2450245.23934 10.49587
2450246.23939 9.68618
2450247.23944 7.36033
2450248.23948 7.49441
2450249.23953 7.03590
2450250.23957 6.38721
2450251.23962 5.13282
2450252.23966 4.46378
2450253.23971 4.71812
2450254.23976 3.28601
2450255.23980 2.25940
2450256.23985 1.85148
2450257.23989 1.20371
2450258.23994 0.70561
2450259.23998 0.05041
2450260.24003 -0.34146
2450261.24007 -0.77335
2450262.24012 -0.75026
2450263.24017 -0.82906
2450264.24021 -0.86551
2450265.24026 -0.63214
2450266.24030 -0.24670
2450267.24035 0.32882
2450268.24039 0.79953
2450269.24044 1.52695
2450270.24049 2.63970
2450271.24053 3.46694
2450272.24058 4.60878
2450273.24062 5.92167
2450274.24067 8.34293
2450275.24071 8.31557
2450276.24076 10.44702
2450277.24080 11.17336
2450278.24085 12.08358
2450279.24090 13.75516
2450280.24094 11.94208
2450281.24099 16.34182
2450282.24103 14.76206
2450283.24108 18.12424
2450284.24112 15.73139
2450285.24117 17.22062
2450286.24122 16.24337
2450287.24126 24.07597
2450288.24131 20.49959
2450289.24135 20.88121
2450290.24140 20.38142
2450291.24144 23.20723
2450292.24149 19.21315
2450293.24154 22.03293
2450479.25002 31.14248
2450480.25007 27.02672
2450481.25011 24.90977
2450482.25016 23.77573
2450483.25021 23.70527
2450484.25025 23.29217
2450485.25030 19.73222
2450486.25034 22.50654
2450487.25039 20.03084
2450488.25043 18.98858
2450489.25048 20.89912
2450490.25052 17.74740
2450491.25057 16.81226
2450492.25062 14.25765
2450493.25066 13.75057
2450494.25071 14.85340
2450495.25075 13.19307
2450496.25080 15.55049
2450497.25084 12.62401
2450498.25089 11.35280
2450499.25094 16.36165
2450500.25098 13.35507
2450501.25103 12.79923
2450502.25107 14.03269
2450503.25112 15.69260
2450504.25116 15.38620
2450505.25121 17.98302
2450506.25125 14.57498
2450507.25130 18.86050
2450508.25135 21.31313
2450509.25139 22.98166
2450510.25144 21.11369
2450511.25148 23.06452
2450512.25153 18.94408
2450513.25157 25.82031
2450514.25162 19.82269
2450515.25167 21.11717
2450516.25171 27.06547
2450517.25176 28.06124
2450518.25180 26.66236
2450519.25185 24.03291
2450520.25189 21.92009
2450521.25194 22.42642
2450522.25199 25.04331
2450523.25203 27.00022
2450524.25208 22.21387
2450525.25212 19.75382
2450526.25217 20.33368
2450527.25221 18.62914
2450528.25226 16.61321
2450529.25230 14.37163
2450530.25235 13.12037
2450531.25240 13.82106
2450532.25244 14.46026
2450533.25249 12.10774
2450534.25253 10.78354
2450535.25258 11.20736
2450536.25262 8.08453
2450537.25267 7.80760
2450538.25272 6.72555
2450539.25276 6.70388
2450540.25281 5.94734
2450541.25285 5.39744
2450542.25290 5.14107
2450543.25294 4.30344
2450544.25299 4.72292
2450545.25303 5.06370
2450546.25308 4.91609
2450547.25313 6.25078
2450548.25317 5.90514
2450549.25322 6.96170
2450550.25326 6.49587
2450551.25331 7.93494
2450552.25335 6.85250
2450553.25340 11.11442
2450554.25345 9.41397
2450555.25349 11.48225
2450556.25354 11.79720
2450557.25358 13.89302
2450558.25363 13.49256
2450559.25367 14.19763
2450560.25372 11.69507
2450561.25376 15.62262
2450562.25381 18.90390
2450563.25386 15.86915
2450564.25390 15.06597
2450565.25395 13.22609
2450566.25399 16.74642
2450567.25404 16.44080
2450568.25408 12.59483
2450569.25413 11.58002
2450570.25418 13.95588
2450571.25422 12.26921
2450572.25427 10.26091
2450573.25431 11.78229
2450574.25436 9.54997
2450575.25440 6.33743
2450576.25445 6.47730
2450577.25449 4.89012
2450578.25454 3.96358
2450579.25459 2.31866
2450580.25463 0.97909
2450581.25468 -0.08617
2450582.25472 -1.19429
2450583.25477 -2.09585
2450584.25481 -3.17849
2450585.25486 -3.75561
2450586.25491 -4.03235
2450587.25495 -5.17050
2450588.25500 -6.78355
2450589.25504 -5.32448
2450590.25509 -6.80229
2450591.25513 -5.56154
2450592.25518 -5.67380
2450593.25522 -4.55446
2450594.25527 -5.79955
2450595.25532 -4.52873
2450596.25536 -4.12707
2450597.25541 -3.11402
2450598.25545 -2.57938
2450599.25550 -1.51265
2450600.25554 -0.89258
2450601.25559 -0.00104
2450602.25564 0.67578
2450603.25568 1.42372
2450604.25573 2.14349
2450605.25577 2.81477
2450606.25582 3.72347
2450607.25586 3.89346
2450608.25591 3.42001
2450609.25596 4.36209
2450610.25600 4.43535
2450611.25605 4.75816
2450612.25609 4.55532
2450613.25614 3.90176
2450614.25618 3.67315
2450615.25623 2.97341
2450616.25627 1.90694
2450617.25632 1.18574
2450618.25637 0.12901
2450619.25641 -0.97912
2450620.25646 -2.28914
2450621.25650 -3.60917
2450622.25655 -4.76148
2450623.25659 -6.48558
2450624.25664 -7.57722
2450625.25669 -7.52579
2450626.25673 -9.99315
2450627.25678 -10.60066
2450628.25682 -12.63531
2450629.25687 -13.64233
2450630.25691 -15.02153
2450631.25696 -15.23010
2450632.25700 -14.00247
2450633.25705 -16.05500
2450634.25710 -15.67153
2450635.25714 -17.19401
2450636.25719 -15.86885
2450637.25723 -16.70822
2450638.25728 -15.77264
2450639.25732 -11.75402
2450640.25737 -17.25961
2450641.25742 -14.21663
2450642.25746 -13.65398
2450643.25751 -13.93188
2450644.25755 -12.59556
2450645.25760 -14.35481
2450646.25764 -11.77789
2450647.25769 -9.72413
2450648.25773 -9.64271
2450649.25778 -9.83071
2450650.25783 -9.48817
2450651.25787 -7.34262
2450652.25792 -7.16070
2450653.25796 -6.75895
2450654.25801 -5.39508
2450655.25805 -6.35639
2450656.25810 -6.80368
2450657.25815 -5.38581
2450658.25819 -5.82696
2450844.26668 -13.80347
2450845.26672 -12.26291
2450846.26677 -16.78904
2450847.26682 -19.40531
2450848.26686 -17.57147
2450849.26691 -14.34323
2450850.26695 -18.66990
2450851.26700 -17.13661
2450852.26704 -21.29266
2450853.26709 -20.38629
2450854.26714 -17.91542
2450855.26718 -22.04454
2450856.26723 -23.80539
2450857.26727 -24.41797
2450858.26732 -20.91476
2450859.26736 -24.69962
2450860.26741 -23.86317
2450861.26745 -28.41224
2450862.26750 -29.84628
2450863.26755 -27.64614
2450864.26759 -27.13451
2450865.26764 -26.41008
2450866.26768 -28.41063
2450867.26773 -30.41272
2450868.26777 -27.64168
2450869.26782 -25.46577
2450870.26787 -27.77873
2450871.26791 -24.61476
2450872.26796 -26.14546
2450873.26800 -22.59265
2450874.26805 -18.53417
2450875.26809 -23.04158
2450876.26814 -19.41541
2450877.26818 -15.71441
2450878.26823 -16.39853
2450879.26828 -17.90152
2450880.26832 -17.02542
2450881.26837 -14.26915
2450882.26841 -12.18688
2450883.26846 -12.46898
2450884.26850 -10.37603
2450885.26855 -8.80606
2450886.26860 -8.26112
2450887.26864 -8.53215
2450888.26869 -9.08967
2450889.26873 -7.88755
2450890.26878 -8.39294
2450891.26882 -7.50727
2450892.26887 -8.96701
2450893.26891 -8.43508
2450894.26896 -8.67040
2450895.26901 -8.06320
2450896.26905 -8.62670
2450897.26910 -8.22483
2450898.26914 -9.91811
2450899.26919 -11.74337
2450900.26923 -13.94500
2450901.26928 -12.06537
2450902.26933 -15.25922
2450903.26937 -15.12284
2450904.26942 -13.47870
2450905.26946 -17.32374
2450906.26951 -18.80403
2450907.26955 -14.09590
2450908.26960 -18.92155
2450909.26964 -17.90700
2450910.26969 -18.28881
2450911.26974 -17.50370
2450912.26978 -18.74113
2450913.26983 -20.31424
2450914.26987 -14.92124
2450915.26992 -17.94652
2450916.26996 -17.69228
2450917.27001 -16.42384
2450918.27006 -14.25672
2450919.27010 -15.37166
2450920.27015 -12.78027
2450921.27019 -12.39217
2450922.27024 -11.12528
2450923.27028 -9.48756
2450924.27033 -9.04663
2450925.27038 -7.37621
2450926.27042 -6.31021
2450927.27047 -5.15484
2450928.27051 -3.93831
2450929.27056 -2.99053
2450930.27060 -1.69437
2450931.27065 -0.57109
2450932.27069 0.20783
2450933.27074 0.86697
2450934.27079 1.24905
2450935.27083 1.93890
2450936.27088 2.41761
2450937.27092 2.11589
2450938.27097 1.78729
2450939.27101 2.18255
2450940.27106 1.99976
2450941.27111 1.41079
2450942.27115 0.89041
2450943.27120 0.36216
2450944.27124 -0.34128
2450945.27129 -1.03083
2450946.27133 -1.60507
2450947.27138 -2.49850
2450948.27142 -3.60469
2450949.27147 -4.17440
2450950.27152 -5.47145
2450951.27156 -5.67263
2450952.27161 -6.27891
2450953.27165 -7.03937
2450954.27170 -7.34788
2450955.27174 -7.84655
2450956.27179 -7.97471
2450957.27184 -8.62586
2450958.27188 -7.10354
2450959.27193 -7.52952
2450960.27197 -6.23085
2450961.27202 -7.16268
2450962.27206 -6.38109
2450963.27211 -5.67447
2450964.27215 -4.12922
2450965.27220 -4.45999
2450966.27225 -2.90655
2450967.27229 -1.63192
2450968.27234 -0.48086
2450969.27238 0.82846
2450970.27243 2.07674
2450971.27247 3.45657
2450972.27252 4.83969
2450973.27257 5.64146
2450974.27261 7.88450
2450975.27266 7.79255
2450976.27270 9.36497
2450977.27275 9.50469
2450978.27279 11.31954
2450979.27284 11.48532
2450980.27288 12.54882
2450981.27293 15.48847
2450982.27298 11.35106
2450983.27302 13.58882
2450984.27307 11.16118
2450985.27311 13.27274
2450986.27316 11.06387
2450987.27320 14.15746
2450988.27325 11.41368
2450989.27330 13.39603
2450990.27334 10.76457
2450991.27339 9.68994
2450992.27343 10.92771
2450993.27348 9.04240
2450994.27352 6.90164
2450995.27357 6.25034
2450996.27362 6.93533
2450997.27366 6.03815
2450998.27371 4.45781
2450999.27375 3.32523
2451000.27380 3.68078
2451001.27384 2.90271
2451002.27389 3.40930
2451003.27393 2.72292
2451004.27398 2.42424
2451005.27403 3.00119
2451006.27407 2.82384
2451007.27412 2.92647
2451008.27416 4.05037
2451009.27421 4.66360
2451010.27425 5.69088
2451011.27430 7.14993
2451012.27435 7.20906
2451013.27439 9.69643
2451014.27444 10.38403
2451015.27448 12.29036
2451016.27453 12.24335
2451017.27457 14.27804
2451018.27462 15.66996
2451019.27466 14.90417
2451020.27471 14.84464
2451021.27476 21.26364
2451022.27480 19.69468
2451023.27485 20.19283
2451209.28333 29.66571
2451210.28338 31.49463
2451211.28343 32.98886
2451212.28347 27.23928
2451213.28352 30.09429
2451214.28356 25.30478
2451215.28361 29.00230
2451216.28365 36.53699
2451217.28370 25.90495
2451218.28375 24.45265
2451219.28379 28.86638
2451220.28384 28.10270
2451221.28388 24.75643
2451222.28393 24.98041
2451223.28397 22.68866
2451224.28402 23.37399
2451225.28406 18.42895
2451226.28411 20.53672
2451227.28416 18.27895
2451228.28420 19.46088
2451229.28425 17.38700
2451230.28429 13.69422
2451231.28434 15.78576
2451232.28438 10.46704
2451233.28443 11.65429
2451234.28448 13.20290
2451235.28452 11.68581
2451236.28457 11.34006
2451237.28461 10.13483
2451238.28466 11.58767
2451239.28470 10.00748
2451240.28475 12.19939
2451241.28480 11.38888
2451242.28484 12.01450
2451243.28489 11.20369
2451244.28493 14.29275
2451245.28498 14.03645
2451246.28502 12.72287
2451247.28507 15.73437
2451248.28511 14.95489
2451249.28516 18.59814
2451250.28521 22.00996
2451251.28525 15.46299
2451252.28530 18.55302
2451253.28534 19.23257
2451254.28539 20.82686
2451255.28543 18.72292
2451256.28548 19.95286
2451257.28553 22.51474
2451258.28557 19.74471
2451259.28562 20.19716
2451260.28566 22.33367
2451261.28571 22.47815
2451262.28575 18.04315
2451263.28580 20.46826
2451264.28584 16.70004
2451265.28589 16.98511
2451266.28594 19.27534
2451267.28598 16.38177
2451268.28603 13.81213
2451269.28607 14.03320
2451270.28612 11.58189
2451271.28616 12.00305
2451272.28621 10.12097
2451273.28626 10.60855
2451274.28630 8.56294
2451275.28635 7.50065
2451276.28639 6.10443
2451277.28644 6.00065
2451278.28648 4.10700
2451279.28653 3.07341
2451280.28657 3.00281
2451281.28662 2.02766
2451282.28667 1.97885
2451283.28671 1.50933
2451284.28676 1.13915
2451285.28680 1.33543
2451286.28685 1.45243
2451287.28689 1.36487
2451288.28694 1.82929
2451289.28699 2.53995
2451290.28703 2.57436
2451291.28708 4.02284
2451292.28712 4.19347
2451293.28717 5.25480
2451294.28721 4.57593
2451295.28726 6.47642
2451296.28730 8.76986
2451297.28735 7.91474
2451298.28740 9.40281
2451299.28744 7.76518
2451300.28749 9.20817
2451301.28753 10.70974
2451302.28758 10.57534
2451303.28762 13.76017
2451304.28767 10.91001
2451305.28772 12.32501
2451306.28776 11.82341
2451307.28781 12.52133
2451308.28785 10.00734
2451309.28790 9.76784
2451310.28794 8.75653
2451311.28799 9.25469
2451312.28804 8.07601
2451313.28808 6.47300
2451314.28813 4.80190
2451315.28817 4.17819
2451316.28822 3.01366
2451317.28826 1.49784
2451318.28831 0.42898
2451319.28835 -0.70967
2451320.28840 -2.10626
2451321.28845 -3.61396
2451322.28849 -3.53186
2451323.28854 -5.34246
2451324.28858 -6.29672
2451325.28863 -6.41269
2451326.28867 -7.83615
2451327.28872 -10.55089
2451328.28877 -9.08145
2451329.28881 -12.04974
2451330.28886 -9.44169
2451331.28890 -10.80027
2451332.28895 -10.33645
2451333.28899 -9.44082
2451334.28904 -9.43327
2451335.28908 -7.62288
2451336.28913 -8.90206
2451337.28918 -7.71283
2451338.28922 -5.47402
2451339.28927 -7.17861
2451340.28931 -5.89618
2451341.28936 -3.72174
2451342.28940 -4.01300
2451343.28945 -2.75535
2451344.28950 -2.24824
2451345.28954 -1.38112
2451346.28959 -0.82075
2451347.28963 -0.34625
2451348.28968 0.11446
2451349.28972 0.38434
2451350.28977 0.63200
2451351.28981 0.48733
2451352.28986 0.54281
2451353.28991 0.24154
2451354.28995 -0.18985
2451355.29000 -0.53870
2451356.29004 -1.29591
2451357.29009 -2.42732
2451358.29013 -3.13928
2451359.29018 -4.25363
2451360.29023 -5.10019
2451361.29027 -6.92664
2451362.29032 -6.88750
2451363.29036 -7.36078
2451364.29041 -10.51079
2451365.29045 -10.86342
2451366.29050 -12.52151
2451367.29054 -15.29819
2451368.29059 -13.20768
2451369.29064 -15.20575
2451370.29068 -16.86114
2451371.29073 -17.06745
2451372.29077 -19.38304
2451373.29082 -21.66795
2451374.29086 -17.85142
2451375.29091 -19.03599
2451376.29096 -17.12991
2451377.29100 -17.09853
2451378.29105 -17.78740
2451379.29109 -22.43517
2451380.29114 -18.37299
2451381.29118 -21.64743
2451382.29123 -19.62361
2451383.29127 -18.86987
2451384.29132 -16.73115
2451385.29137 -17.24661
2451386.29141 -17.48918
2451387.29146 -15.70130
2451388.29150 -16.32803
2451575.30004 -20.86482
2451576.30008 -16.61376
2451577.30013 -18.75059
2451578.30017 -18.35709
2451579.30022 -15.46749
2451580.30026 -14.53908
2451581.30031 -14.62439
2451582.30036 -13.85424
2451583.30040 -12.90930
2451584.30045 -14.96483
2451585.30049 -11.99922
2451586.30054 -12.18807
2451587.30058 -12.11008
2451588.30063 -14.99717
2451589.30068 -16.54883
2451590.30072 -15.02218
2451591.30077 -17.04689
2451592.30081 -19.52720
2451593.30086 -17.81390
2451594.30090 -20.37085
2451595.30095 -17.37364
2451596.30099 -19.95170
2451597.30104 -23.95883
2451598.30109 -25.50298
2451599.30113 -21.11578
2451600.30118 -24.82850
2451601.30122 -25.41919
2451602.30127 -26.38430
2451603.30131 -26.19049
2451604.30136 -24.12509
2451605.30141 -24.19047
2451606.30145 -25.60192
2451607.30150 -28.43301
2451608.30154 -21.80917
2451609.30159 -24.48721
2451610.30163 -24.16633
2451611.30168 -20.02051
2451612.30172 -25.40628
2451613.30177 -24.05264
2451614.30182 -20.40316
2451615.30186 -19.22139
2451616.30191 -18.67344
2451617.30195 -16.10377
2451618.30200 -15.97921
2451619.30204 -11.91332
2451620.30209 -12.99253
2451621.30214 -10.89195
2451622.30218 -10.82821
2451623.30223 -11.16093
2451624.30227 -10.45552
2451625.30232 -7.76094
2451626.30236 -6.43435
2451627.30241 -6.55768
2451628.30246 -5.38544
2451629.30250 -4.08132
2451630.30255 -3.74490
2451631.30259 -4.25648
2451632.30264 -4.44131
2451633.30268 -3.77624
2451634.30273 -5.05934
2451635.30277 -4.67971
2451636.30282 -3.78647
2451637.30287 -6.90889
2451638.30291 -6.39979
2451639.30296 -5.80620
2451640.30300 -6.94629
2451641.30305 -9.29295
2451642.30309 -9.32034
2451643.30314 -10.79321
2451644.30319 -10.37895
2451645.30323 -10.89502
2451646.30328 -12.48123
2451647.30332 -15.16519
2451648.30337 -13.37655
2451649.30341 -13.81597
2451650.30346 -14.62168
2451651.30350 -18.24297
2451652.30355 -16.56565
2451653.30360 -15.56915
2451654.30364 -14.50159
2451655.30369 -14.13572
2451656.30373 -16.34022
2451657.30378 -13.15015
2451658.30382 -11.96827
2451659.30387 -9.89366
2451660.30392 -11.80065
2451661.30396 -9.11873
2451662.30401 -8.78130
2451663.30405 -6.96084
2451664.30410 -6.75063
2451665.30414 -3.99263
2451666.30419 -3.29264
2451667.30423 -1.87210
2451668.30428 -0.52019
2451669.30433 0.64980
2451670.30437 1.56294
2451671.30442 2.61292
2451672.30446 2.85189
2451673.30451 4.71603
2451674.30455 4.58315
2451675.30460 5.39137
2451676.30465 5.12108
2451677.30469 6.92770
2451678.30474 6.03634
2451679.30478 6.30853
2451680.30483 5.89596
2451681.30487 6.03999
2451682.30492 4.63985
2451683.30496 4.33059
2451684.30501 3.96355
2451685.30506 3.73788
2451686.30510 2.37946
2451687.30515 1.67481
2451688.30519 0.99990
2451689.30524 0.22779
2451690.30528 -0.50501
2451691.30533 -1.21531
2451692.30538 -2.52937
2451693.30542 -2.73412
2451694.30547 -3.36445
2451695.30551 -4.18462
2451696.30556 -3.96037
2451697.30560 -4.23489
2451698.30565 -4.18511
2451699.30569 -3.95428
2451700.30574 -3.71730
2451701.30579 -3.26726
2451702.30583 -2.53613
2451703.30588 -1.91543
2451704.30592 -1.55750
2451705.30597 -0.60244
2451706.30601 0.42081
2451707.30606 1.44100
2451708.30611 2.58579
2451709.30615 4.09705
2451710.30620 5.11848
2451711.30624 6.19529
2451712.30629 6.60907
2451713.30633 9.00448
2451714.30638 11.67316
2451715.30643 10.69452
2451716.30647 10.58610
2451717.30652 12.52392
2451718.30656 10.84864
2451719.30661 12.93281
2451720.30665 16.87974
2451721.30670 18.85158
2451722.30674 15.75836
2451723.30679 19.70877
2451724.30684 14.06804
2451725.30688 19.78322
2451726.30693 20.82403
2451727.30697 15.89055
2451728.30702 16.34920
2451729.30706 15.23954
2451730.30711 14.93095
2451731.30716 13.58671
2451732.30720 12.92031
2451733.30725 13.35058
2451734.30729 11.53231
2451735.30734 11.59445
2451736.30738 9.56026
2451737.30743 7.52829
2451738.30747 9.13999
2451739.30752 8.01248
2451740.30757 8.26643
2451741.30761 7.57029
2451742.30766 6.42102
2451743.30770 7.18927
2451744.30775 5.77924
2451745.30779 6.36985
2451746.30784 6.41402
2451747.30789 7.19472
2451748.30793 6.41925
2451749.30798 7.61388
2451750.30802 7.06801
2451751.30807 10.36640
2451752.30811 10.62544
2451753.30816 10.91853
2451754.30820 12.05954
2451940.31669 16.05670
2451941.31674 22.02167
2451942.31678 17.60599
2451943.31683 21.76755
2451944.31688 22.44067
2451945.31692 26.61067
2451946.31697 19.05688
2451947.31701 22.95904
2451948.31706 30.20322
2451949.31710 27.28411
2451950.31715 27.96309
2451951.31719 25.99191
2451952.31724 29.55203
2451953.31729 28.56257
2451954.31733 25.14715
2451955.31738 27.18683
2451956.31742 26.41211
2451957.31747 30.56183
2451958.31751 24.88769
2451959.31756 23.79180
2451960.31761 25.25518
2451961.31765 21.53399
2451962.31770 22.40670
2451963.31774 21.59367
2451964.31779 18.95485
2451965.31783 18.47289
2451966.31788 19.03252
2451967.31792 15.94360
2451968.31797 14.51038
2451969.31802 14.59385
2451970.31806 12.04552
2451971.31811 11.20327
2451972.31815 8.64311
2451973.31820 9.28881
2451974.31824 8.31688
2451975.31829 9.01052
2451976.31834 9.63599
2451977.31838 7.44773
2451978.31843 8.20099
2451979.31847 8.38325
2451980.31852 7.20232
2451981.31856 6.82934
2451982.31861 9.16581
2451983.31865 8.55201
2451984.31870 8.96274
2451985.31875 10.52580
2451986.31879 10.93931
2451987.31884 12.18707
2451988.31888 11.52964
2451989.31893 12.86514
2451990.31897 13.22783
2451991.31902 13.68615
2451992.31907 13.90811
2451993.31911 17.95230
2451994.31916 16.28910
2451995.31920 15.67306
2451996.31925 17.56481
2451997.31929 21.99001
2451998.31934 18.33543
2451999.31938 15.87506
2452000.31943 16.11814
2452001.31948 17.88380
2452002.31952 18.60113
2452003.31957 14.46774
2452004.31961 17.61034
2452005.31966 13.87591
2452006.31970 14.35387
2452007.31975 14.70802
2452008.31980 12.47939
2452009.31984 12.38033
2452010.31989 10.45383
2452011.31993 9.14569
2452012.31998 7.85550
2452013.32002 5.75103
2452014.32007 5.43104
2452015.32011 4.39088
2452016.32016 3.31510
2452017.32021 2.00879
2452018.32025 1.09069
2452019.32030 0.09209
2452020.32034 -0.48550
2452021.32039 -1.32216
2452022.32043 -1.78595
2452023.32048 -2.25249
2452024.32053 -2.38844
2452025.32057 -2.51154
2452026.32062 -2.60836
2452027.32066 -1.69086
2452028.32071 -2.26036
2452029.32075 -1.70164
2452030.32080 -1.20029
2452031.32085 -0.65736
2452032.32089 0.10337
2452033.32094 0.87612
2452034.32098 1.89857
2452035.32103 2.45888
2452036.32107 3.05927
2452037.32112 3.63103
2452038.32116 5.11763
2452039.32121 6.04103
2452040.32126 6.19912
2452041.32130 5.53681
2452042.32135 8.16636
2452043.32139 8.28416
2452044.32144 7.19833
2452045.32148 7.45448
2452046.32153 8.23191
2452047.32158 7.57728
2452048.32162 7.15988
2452049.32167 7.48290
2452050.32171 6.79369
2452051.32176 5.17545
2452052.32180 4.22222
2452053.32185 2.70908
2452054.32189 2.08433
2452055.32194 1.17133
2452056.32199 -0.08361
2452057.32203 -1.04138
2452058.32208 -2.89757
2452059.32212 -4.15047
2452060.32217 -4.18475
2452061.32221 -5.31436
2452062.32226 -6.81990
2452063.32231 -8.03194
2452064.32235 -10.64294
2452065.32240 -10.57503
2452066.32244 -12.03732
2452067.32249 -14.32162
2452068.32253 -12.16616
2452069.32258 -13.22212
2452070.32262 -14.83100
2452071.32267 -13.19623
2452072.32272 -13.91629
2452073.32276 -14.48755
2452074.32281 -13.56488
2452075.32285 -13.81201
2452076.32290 -12.10205
2452077.32294 -10.56242
2452078.32299 -9.84554
2452079.32304 -10.41148
2452080.32308 -9.63890
2452081.32313 -10.66278
2452082.32317 -7.13973
2452083.32322 -9.00676
2452084.32326 -6.47580
2452085.32331 -5.45745
2452086.32335 -4.59840
2452087.32340 -4.94760
2452088.32345 -3.88838
2452089.32349 -3.46215
2452090.32354 -2.92690
2452091.32358 -2.96590
2452092.32363 -3.89020
2452093.32367 -3.56171
2452094.32372 -3.77459
2452095.32377 -3.47174
2452096.32381 -4.39365
2452097.32386 -5.16002
2452098.32390 -5.90709
2452099.32395 -6.56783
2452100.32399 -8.49237
2452101.32404 -9.78847
2452102.32409 -10.61624
2452103.32413 -12.80605
2452104.32418 -11.49089
2452105.32422 -13.35939
2452106.32427 -15.02729
2452107.32431 -15.33694
2452108.32436 -18.99074
2452109.32440 -20.13257
2452110.32445 -17.36336
2452111.32450 -20.01057
2452112.32454 -24.92243
2452113.32459 -28.03768
2452114.32463 -21.11312
2452115.32468 -21.36055
2452116.32472 -21.91940
2452117.32477 -21.54871
2452118.32482 -25.12132
2452119.32486 -22.53528
2452305.33335 -28.03293
2452306.33339 -27.74114
2452307.33344 -22.47431
2452308.33349 -27.45483
2452309.33353 -24.43662
2452310.33358 -22.13543
2452311.33362 -18.42396
2452312.33367 -23.61930
2452313.33371 -20.21277
2452314.33376 -16.04625
2452315.33380 -15.40668
2452316.33385 -17.00809
2452317.33390 -15.54716
2452318.33394 -13.53062
2452319.33399 -15.19815
2452320.33403 -13.49696
2452321.33408 -12.37472
2452322.33412 -11.51482
2452323.33417 -9.79398
2452324.33422 -11.23863
2452325.33426 -13.03171
2452326.33431 -10.82757
2452327.33435 -10.87108
2452328.33440 -10.60586
2452329.33444 -11.40195
2452330.33449 -11.97455
2452331.33454 -11.15053
2452332.33458 -11.01026
2452333.33463 -13.21152
2452334.33467 -14.72048
2452335.33472 -16.58907
2452336.33476 -13.58440
2452337.33481 -18.64227
2452338.33485 -19.06092
2452339.33490 -20.83488
2452340.33495 -21.28155
2452341.33499 -16.88602
2452342.33504 -18.86187
2452343.33508 -18.93586
2452344.33513 -24.25610
2452345.33517 -19.86676
2452346.33522 -17.96147
2452347.33527 -24.06753
2452348.33531 -20.57970
2452349.33536 -20.30161
2452350.33540 -21.27976
2452351.33545 -18.93819
2452352.33549 -20.62550
2452353.33554 -18.93857
2452354.33558 -17.89445
2452355.33563 -17.28756
2452356.33568 -14.36641
2452357.33572 -13.41777
2452358.33577 -12.84648
2452359.33581 -14.37397
2452360.33586 -10.16485
2452361.33590 -9.14826
2452362.33595 -7.97965
2452363.33600 -6.02306
2452364.33604 -5.59212
2452365.33609 -4.40457
2452366.33613 -3.54387
2452367.33618 -2.62748
2452368.33622 -2.23122
2452369.33627 -1.25716
2452370.33631 -1.18380
2452371.33636 -0.94513
2452372.33641 -0.84488
2452373.33645 -0.79425
2452374.33650 -0.95500
2452375.33654 -1.33324
2452376.33659 -1.84201
2452377.33663 -1.93688
2452378.33668 -2.55006
2452379.33673 -3.50733
2452380.33677 -3.95305
2452381.33682 -5.13813
2452382.33686 -5.65382
2452383.33691 -8.02679
2452384.33695 -7.62571
2452385.33700 -6.72067
2452386.33704 -8.49719
2452387.33709 -9.07616
2452388.33714 -11.81005
2452389.33718 -10.64848
2452390.33723 -9.99310
2452391.33727 -12.03957
2452392.33732 -10.48800
2452393.33736 -12.86195
2452394.33741 -11.07760
2452395.33746 -8.99241
2452396.33750 -11.24059
2452397.33755 -8.72184
2452398.33759 -9.10407
2452399.33764 -7.82867
2452400.33768 -8.05527
2452401.33773 -5.96066
2452402.33777 -4.33382
2452403.33782 -3.65108
2452404.33787 -2.52886
2452405.33791 -1.17640
2452406.33796 0.06683
2452407.33800 1.18789
2452408.33805 2.59414
2452409.33809 3.67244
2452410.33814 5.13162
2452411.33819 5.51557
2452412.33823 8.15687
2452413.33828 7.00823
2452414.33832 6.75023
2452415.33837 9.07738
2452416.33841 8.03203
2452417.33846 10.41192
2452418.33851 11.15436
2452419.33855 9.44586
2452420.33860 10.80682
2452421.33864 10.83395
2452422.33869 8.75745
2452423.33873 8.11131
2452424.33878 8.41319
2452425.33882 6.83918
2452426.33887 7.74970
2452427.33892 5.85051
2452428.33896 5.49765
2452429.33901 4.59504
2452430.33905 3.84123
2452431.33910 3.24625
2452432.33914 2.08922
2452433.33919 1.68205
2452434.33924 1.07484
2452435.33928 0.56402
2452436.33933 0.19479
2452437.33937 -0.10160
2452438.33942 -0.24227
2452439.33946 -0.22182
2452440.33951 -0.11263
2452441.33955 0.15578
2452442.33960 0.59670
2452443.33965 1.13434
2452444.33969 1.73892
2452445.33974 2.42225
2452446.33978 3.11114
2452447.33983 4.60690
2452448.33987 6.19022
2452449.33992 6.40326
2452450.33997 10.14951
2452451.34001 7.97643
2452452.34006 10.04900
2452453.34010 13.58865
2452454.34015 11.04649
2452455.34019 14.31651
2452456.34024 14.86325
2452457.34028 16.52957
2452458.34033 13.84753
2452459.34038 17.05537
2452460.34042 20.16450
2452461.34047 20.83927
2452462.34051 18.86797
2452463.34056 21.44635
2452464.34060 19.44614
2452465.34065 22.37273
2452466.34070 20.48324
2452467.34074 24.71108
2452468.34079 19.64875
2452469.34083 19.81898
2452470.34088 17.21380
2452471.34092 18.79218
2452472.34097 14.85663
2452473.34101 16.06147
2452474.34106 16.24090
2452475.34111 14.34073
2452476.34115 13.86182
2452477.34120 13.28398
2452478.34124 12.56762
2452479.34129 10.33499
2452480.34133 11.80109
2452481.34138 10.74959
2452482.34143 9.43764
2452483.34147 9.79369
2452484.34152 8.76695
2452670.35000 13.24986
2452671.35005 12.08689
2452672.35010 12.41116
2452673.35014 12.95059
2452674.35019 12.97940
2452675.35023 14.55107
2452676.35028 13.69054
2452677.35032 15.81216
2452678.35037 13.16736
2452679.35042 14.35368
2452680.35046 16.15868
2452681.35051 19.43676
2452682.35055 18.59555
2452683.35060 21.20460
2452684.35064 19.17197
2452685.35069 24.02874
2452686.35073 24.12985
2452687.35078 20.98564
2452688.35083 22.41393
2452689.35087 26.29743
2452690.35092 22.05471
2452691.35096 20.30999
2452692.35101 26.68526
2452693.35105 24.08746
2452694.35110 25.32968
2452695.35115 23.05056
2452696.35119 29.07950
2452697.35124 20.83952
2452698.35128 26.24865
2452699.35133 20.21538
2452700.35137 18.79427
2452701.35142 21.50613
2452702.35146 19.39491
2452703.35151 17.56906
2452704.35156 16.86642
2452705.35160 17.36495
2452706.35165 13.25012
2452707.35169 15.34937
2452708.35174 13.08584
2452709.35178 10.01997
2452710.35183 8.87258
2452711.35188 9.39968
2452712.35192 6.09620
2452713.35197 6.60041
2452714.35201 6.15596
2452715.35206 5.37450
2452716.35210 4.92285
2452717.35215 4.77734
2452718.35219 5.10635
2452719.35224 4.10511
2452720.35229 4.07312
2452721.35233 3.12797
2452722.35238 5.06142
2452723.35242 4.63966
2452724.35247 4.56737
2452725.35251 6.49012
2452726.35256 7.75396
2452727.35261 7.93789
2452728.35265 8.42303
2452729.35270 11.00798
2452730.35274 11.06815
2452731.35279 10.38835
2452732.35283 10.68407
2452733.35288 11.70105
2452734.35293 15.38174
2452735.35297 11.50353
2452736.35302 12.79478
2452737.35306 14.98846
2452738.35311 14.42081
2452739.35315 12.91740
2452740.35320 12.00899
2452741.35324 13.73760
2452742.35329 13.63495
2452743.35334 11.28321
2452744.35338 11.38258
2452745.35343 12.86628
2452746.35347 10.65026
2452747.35352 9.96514
2452748.35356 9.60451
2452749.35361 7.94571
2452750.35366 8.80749
2452751.35370 5.83492
2452752.35375 4.99010
2452753.35379 2.95827
2452754.35384 2.14464
2452755.35388 1.22966
2452756.35393 -0.00448
2452757.35397 -1.04860
2452758.35402 -2.39839
2452759.35407 -2.85342
2452760.35411 -3.47360
2452761.35416 -5.00156
2452762.35420 -4.57539
2452763.35425 -6.53832
2452764.35429 -5.41913
2452765.35434 -5.62545
2452766.35439 -6.08283
2452767.35443 -5.83925
2452768.35448 -6.31988
2452769.35452 -6.65524
2452770.35457 -5.72599
2452771.35461 -4.46296
2452772.35466 -3.75975
2452773.35470 -3.93677
2452774.35475 -3.06054
2452775.35480 -1.82084
2452776.35484 -1.31198
2452777.35489 -0.39945
2452778.35493 0.38500
2452779.35498 1.03411
2452780.35502 1.65964
2452781.35507 1.88648
2452782.35512 3.11083
2452783.35516 3.66504
2452784.35521 4.09929
2452785.35525 4.25087
2452786.35530 4.05502
2452787.35534 3.73371
2452788.35539 3.32152
2452789.35543 3.21545
2452790.35548 2.49525
2452791.35553 1.74529
2452792.35557 1.07110
2452793.35562 0.11932
2452794.35566 -0.87813
2452795.35571 -1.86663
2452796.35575 -2.94347
2452797.35580 -4.30411
2452798.35585 -5.94225
2452799.35589 -7.81187
2452800.35594 -9.13226
2452801.35598 -9.34586
2452802.35603 -8.88488
2452803.35607 -8.97109
2452804.35612 -10.62209
2452805.35617 -14.52286
2452806.35621 -12.15479
2452807.35626 -14.82819
2452808.35630 -17.18287
2452809.35635 -15.89439
2452810.35639 -16.33386
2452811.35644 -14.80420
2452812.35648 -16.33447
2452813.35653 -17.46091
2452814.35658 -17.73894
2452815.35662 -17.60766
2452816.35667 -16.51350
2452817.35671 -15.77069
2452818.35676 -17.16369
2452819.35680 -14.36434
2452820.35685 -13.69728
2452821.35690 -11.84638
2452822.35694 -13.71240
2452823.35699 -10.96879
2452824.35703 -11.57107
2452825.35708 -10.44432
2452826.35712 -10.16140
2452827.35717 -7.93981
2452828.35721 -7.29550
2452829.35726 -6.05549
2452830.35731 -7.20865
2452831.35735 -6.28108
2452832.35740 -6.81063
2452833.35744 -6.94601
2452834.35749 -5.68526
2452835.35753 -5.54389
2452836.35758 -7.41388
2452837.35763 -8.00363
2452838.35767 -9.63074
2452839.35772 -9.70739
2452840.35776 -8.10571
2452841.35781 -12.56750
2452842.35785 -12.96343
2452843.35790 -12.23847
2452844.35794 -14.62095
2452845.35799 -18.41560
2452846.35804 -16.70282
2452847.35808 -19.48711
2452848.35813 -20.34176
2452849.35817 -19.30836
2453036.36671 -26.88496
2453037.36675 -24.63214
2453038.36680 -30.76716
2453039.36684 -28.07707
2453040.36689 -25.97099
2453041.36693 -30.20124
2453042.36698 -22.52526
2453043.36703 -28.73741
2453044.36707 -26.15986
2453045.36712 -26.58093
2453046.36716 -27.14076
2453047.36721 -27.99904
2453048.36725 -21.37268
2453049.36730 -26.84809
2453050.36735 -24.45738
2453051.36739 -19.83218
2453052.36744 -18.73086
2453053.36748 -18.66227
2453054.36753 -17.78870
2453055.36757 -16.58667
2453056.36762 -15.83362
2453057.36766 -15.28197
2453058.36771 -13.63307
2453059.36776 -8.80088
2453060.36780 -10.57463
2453061.36785 -9.86970
2453062.36789 -9.03934
2453063.36794 -8.23288
2453064.36798 -8.14047
2453065.36803 -7.18780
2453066.36808 -7.48018
2453067.36812 -8.05357
2453068.36817 -7.61503
2453069.36821 -5.57625
2453070.36826 -7.83022
2453071.36830 -7.97234
2453072.36835 -9.88508
2453073.36839 -10.91664
2453074.36844 -9.32071
2453075.36849 -10.50530
2453076.36853 -13.86474
2453077.36858 -13.52064
2453078.36862 -13.54651
2453079.36867 -15.55955
2453080.36871 -14.55223
2453081.36876 -16.50341
2453082.36881 -14.72967
2453083.36885 -16.44126
2453084.36890 -17.67823
2453085.36894 -19.88638
2453086.36899 -18.73183
2453087.36903 -15.22764
2453088.36908 -16.90688
2453089.36912 -16.45308
2453090.36917 -19.36441
2453091.36922 -16.04613
2453092.36926 -10.43078
2453093.36931 -13.04988
2453094.36935 -14.85577
2453095.36940 -12.86868
2453096.36944 -11.25274
2453097.36949 -10.90359
2453098.36954 -10.23066
2453099.36958 -9.58269
2453100.36963 -8.41149
2453101.36967 -6.26078
2453102.36972 -5.34399
2453103.36976 -4.01707
2453104.36981 -2.58009
2453105.36985 -1.72789
2453106.36990 -0.41759
2453107.36995 0.40832
2453108.36999 1.09277
2453109.37004 1.28451
2453110.37008 2.26450
2453111.37013 2.01850
2453112.37017 3.08187
2453113.37022 3.04486
2453114.37027 3.08355
2453115.37031 2.27021
2453116.37036 1.95162
2453117.37040 1.88917
2453118.37045 1.44407
2453119.37049 0.72348
2453120.37054 0.10552
2453121.37059 -0.64132
2453122.37063 -1.02505
2453123.37068 -2.07327
2453124.37072 -2.79111
2453125.37077 -3.28473
2453126.37081 -5.23160
2453127.37086 -4.68296
2453128.37090 -6.72919
2453129.37095 -5.76322
2453130.37100 -6.95960
2453131.37104 -5.38469
2453132.37109 -8.67533
2453133.37113 -7.75783
2453134.37118 -5.82107
2453135.37122 -7.83641
2453136.37127 -6.75413
2453137.37132 -6.10755
2453138.37136 -5.28821
2453139.37141 -5.30170
2453140.37145 -3.30992
2453141.37150 -2.64427
2453142.37154 -2.02676
2453143.37159 -0.59445
2453144.37163 0.67368
2453145.37168 2.14167
2453146.37173 2.70075
2453147.37177 4.64069
2453148.37182 6.10997
2453149.37186 6.17996
2453150.37191 7.62656
2453151.37195 9.13754
2453152.37200 9.16503
2453153.37205 8.99733
2453154.37209 13.25145
2453155.37214 13.20274
2453156.37218 12.41591
2453157.37223 14.44613
2453158.37227 14.56804
2453159.37232 14.61770
2453160.37236 11.69480
2453161.37241 15.60853
2453162.37246 13.65949
2453163.37250 11.95884
2453164.37255 12.95503
2453165.37259 12.17121
2453166.37264 11.44575
2453167.37268 13.73634
2453168.37273 8.47651
2453169.37278 10.41108
2453170.37282 6.33901
2453171.37287 7.29573
2453172.37291 6.66983
2453173.37296 6.62085
2453174.37300 5.88904
2453175.37305 3.97317
2453176.37309 4.09755
2453177.37314 3.68186
2453178.37319 3.35855
2453179.37323 3.46546
2453180.37328 3.41972
2453181.37332 3.45316
2453182.37337 3.27368
2453183.37341 4.88763
2453184.37346 5.25021
2453185.37351 4.63059
2453186.37355 6.72083
2453187.37360 8.32240
2453188.37364 10.56153
2453189.37369 9.81983
2453190.37373 10.31270
2453191.37378 14.67361
2453192.37382 13.33481
2453193.37387 13.76046
2453194.37392 12.78733
2453195.37396 16.34897
2453196.37401 18.74086
2453197.37405 20.65761
2453198.37410 19.40898
2453199.37414 21.50575
2453200.37419 18.78085
2453201.37424 21.85991
2453202.37428 22.90989
2453203.37433 24.62516
2453204.37437 21.89599
2453205.37442 28.80015
2453206.37446 24.61679
2453207.37451 22.74286
2453208.37456 27.46810
2453209.37460 21.51761
2453210.37465 17.11091
2453211.37469 18.64686
2453212.37474 17.82111
2453213.37478 20.80602
2453214.37483 17.28235
2453215.37487 18.84705
2453401.38336 17.45829
2453402.38341 20.47594
2453403.38345 17.91652
2453404.38350 14.73466
2453405.38354 13.10711
2453406.38359 15.79667
2453407.38364 12.36749
2453408.38368 11.00804
2453409.38373 10.47206
2453410.38377 10.12146
2453411.38382 12.18321
2453412.38386 9.33885
2453413.38391 11.44393
2453414.38396 9.92779
2453415.38400 10.89744
2453416.38405 10.86699
2453417.38409 10.78926
2453418.38414 13.31045
2453419.38418 12.42136
2453420.38423 13.99653
2453421.38427 14.53138
2453422.38432 12.94833
2453423.38437 13.38395
2453424.38441 16.55978
2453425.38446 17.64161
2453426.38450 17.98787
2453427.38455 15.51464
2453428.38459 16.63482
2453429.38464 19.73746
2453430.38469 17.39025
2453431.38473 18.72800
2453432.38478 23.60633
2453433.38482 21.08914
2453434.38487 17.97037
2453435.38491 19.87157
2453436.38496 20.74908
2453437.38501 23.65625
2453438.38505 21.81439
2453439.38510 17.43052
2453440.38514 19.90474
2453441.38519 20.11388
2453442.38523 16.86706
2453443.38528 18.06933
2453444.38532 16.53548
2453445.38537 14.52971
2453446.38542 15.33510
2453447.38546 11.40173
2453448.38551 9.06489
2453449.38555 8.36135
2453450.38560 7.42387
2453451.38564 5.97670
2453452.38569 5.09862
2453453.38574 3.87921
2453454.38578 3.79811
2453455.38583 2.58156
2453456.38587 1.98002
2453457.38592 1.53133
2453458.38596 0.96889
2453459.38601 0.64517
2453460.38605 0.50569
2453461.38610 0.61278
2453462.38615 0.66410
2453463.38619 1.03757
2453464.38624 1.47444
2453465.38628 1.88347
2453466.38633 2.53081
2453467.38637 3.30084
2453468.38642 2.96193
2453469.38647 4.84978
2453470.38651 5.94364
2453471.38656 6.77960
2453472.38660 7.29629
2453473.38665 9.40663
2453474.38669 8.70447
2453475.38674 9.75363
2453476.38678 11.01071
2453477.38683 10.76134
2453478.38688 11.29655
2453479.38692 10.36620
2453480.38697 11.10446
2453481.38701 11.61863
2453482.38706 9.42621
2453483.38710 9.20780
2453484.38715 9.71445
2453485.38720 9.35302
2453486.38724 7.46313
2453487.38729 6.97203
2453488.38733 5.98804
2453489.38738 4.93122
2453490.38742 3.65315
2453491.38747 3.49398
2453492.38751 1.75007
2453493.38756 0.60528
2453494.38761 -0.60045
2453495.38765 -2.08710
2453496.38770 -3.34103
2453497.38774 -4.37282
2453498.38779 -5.49511
2453499.38783 -7.37744
2453500.38788 -7.35892
2453501.38793 -8.47147
2453502.38797 -8.87077
2453503.38802 -9.37855
2453504.38806 -8.74774
2453505.38811 -11.99961
2453506.38815 -9.74248
2453507.38820 -11.28296
2453508.38824 -10.39828
2453509.38829 -11.45945
2453510.38834 -10.04114
2453511.38838 -7.51467
2453512.38843 -7.60800
2453513.38847 -8.41157
2453514.38852 -6.73633
2453515.38856 -6.73448
2453516.38861 -5.58093
2453517.38866 -5.11335
2453518.38870 -3.22151
2453519.38875 -3.61002
2453520.38879 -2.93740
2453521.38884 -2.01378
2453522.38888 -1.21545
2453523.38893 -0.88499
2453524.38898 -0.44065
2453525.38902 -0.19223
2453526.38907 -0.07200
2453527.38911 -0.07965
2453528.38916 -0.25815
2453529.38920 -0.60514
2453530.38925 -0.83755
2453531.38929 -1.47545
2453532.38934 -2.10432
2453533.38939 -3.01476
2453534.38943 -4.49528
2453535.38948 -4.75800
2453536.38952 -5.83219
2453537.38957 -7.49227
2453538.38961 -8.35252
2453539.38966 -8.84416
2453540.38971 -12.12913
2453541.38975 -10.91913
2453542.38980 -14.79266
2453543.38984 -14.92497
2453544.38989 -15.82123
2453545.38993 -13.96467
2453546.38998 -15.26067
2453547.39002 -15.13348
2453548.39007 -17.76675
2453549.39012 -18.52298
2453550.39016 -22.15663
2453551.39021 -19.81459
2453552.39025 -18.52023
2453553.39030 -21.36574
2453554.39034 -21.40769
2453555.39039 -16.86144
2453556.39044 -21.40910
2453557.39048 -15.00006
2453558.39053 -16.72535
2453559.39057 -19.24766
2453560.39062 -15.83009
2453561.39066 -15.95843
2453562.39071 -15.56233
2453563.39075 -15.44409
2453564.39080 -17.00710
2453565.39085 -11.64866
2453566.39089 -11.91121
2453567.39094 -9.85627
2453568.39098 -10.84658
2453569.39103 -9.03653
2453570.39107 -10.23175
2453571.39112 -9.55333
2453572.39117 -9.45364
2453573.39121 -10.76602
2453574.39126 -8.38835
2453575.39130 -8.79208
2453576.39135 -9.72871
2453577.39139 -12.06021
2453578.39144 -13.15199
2453579.39148 -11.00879
2453580.39153 -15.00089
2453766.40002 -13.56767
2453767.40006 -14.92922
2453768.40011 -17.68348
2453769.40016 -16.88166
2453770.40020 -14.30712
2453771.40025 -17.90489
2453772.40029 -14.96299
2453773.40034 -18.83137
2453774.40038 -20.46624
2453775.40043 -22.84879
2453776.40047 -22.31488
2453777.40052 -18.76137
2453778.40057 -22.04707
2453779.40061 -21.00053
2453780.40066 -23.15884
2453781.40070 -23.64012
2453782.40075 -26.08910
2453783.40079 -22.36889
2453784.40084 -22.67313
2453785.40089 -19.82231
2453786.40093 -24.63580
2453787.40098 -24.48736
2453788.40102 -19.82493
2453789.40107 -20.61134
2453790.40111 -17.89387
2453791.40116 -16.98627
2453792.40120 -19.35934
2453793.40125 -16.34079
2453794.40130 -13.61710
2453795.40134 -13.44688
2453796.40139 -12.34678
2453797.40143 -10.92274
2453798.40148 -8.74151
2453799.40152 -9.30194
2453800.40157 -7.74533
2453801.40162 -6.90262
2453802.40166 -5.61960
2453803.40171 -4.24617
2453804.40175 -4.62353
2453805.40180 -4.25864
2453806.40184 -3.87213
2453807.40189 -3.87735
2453808.40193 -3.33209
2453809.40198 -3.98866
2453810.40203 -3.95249
2453811.40207 -4.24966
2453812.40212 -4.94685
2453813.40216 -6.03665
2453814.40221 -7.07274
2453815.40225 -6.45739
2453816.40230 -8.05868
2453817.40235 -8.89113
2453818.40239 -10.97248
2453819.40244 -10.99689
2453820.40248 -10.67394
2453821.40253 -13.11118
2453822.40257 -15.92110
2453823.40262 -11.32472
2453824.40266 -13.18820
2453825.40271 -13.99609
2453826.40276 -13.55942
2453827.40280 -16.29332
2453828.40285 -15.05352
2453829.40289 -11.74561
2453830.40294 -13.41678
2453831.40298 -13.01817
2453832.40303 -13.20369
2453833.40308 -11.27796
2453834.40312 -12.20875
2453835.40317 -10.16249
2453836.40321 -11.17499
2453837.40326 -9.31924
2453838.40330 -5.83411
2453839.40335 -4.87577
2453840.40340 -5.34048
2453841.40344 -3.24593
2453842.40349 -2.16914
2453843.40353 -0.60517
2453844.40358 0.50851
2453845.40362 1.66796
2453846.40367 2.69117
2453847.40371 3.65654
2453848.40376 3.95933
2453849.40381 5.46606
2453850.40385 5.67158
2453851.40390 6.14433
2453852.40394 6.32836
2453853.40399 7.56048
2453854.40403 6.03750
2453855.40408 6.64003
2453856.40413 7.54808
2453857.40417 5.65253
2453858.40422 5.13647
2453859.40426 4.68016
2453860.40431 4.95030
2453861.40435 4.01167
2453862.40440 3.27042
2453863.40444 2.30037
2453864.40449 1.49886
2453865.40454 0.56541
2453866.40458 -0.13773
2453867.40463 -0.79880
2453868.40467 -1.43709
2453869.40472 -2.18560
2453870.40476 -2.80158
2453871.40481 -2.84872
2453872.40486 -2.76616
2453873.40490 -3.20959
2453874.40495 -3.96064
2453875.40499 -3.30930
2453876.40504 -2.34496
2453877.40508 -2.29857
2453878.40513 -1.81711
2453879.40517 -1.67781
2453880.40522 -0.55012
2453881.40527 0.37158
2453882.40531 1.28239
2453883.40536 2.37390
2453884.40540 3.55803
2453885.40545 5.75885
2453886.40549 6.26433
2453887.40554 8.47206
2453888.40559 10.09475
2453889.40563 12.13135
2453890.40568 9.58508
2453891.40572 15.38373
2453892.40577 9.61949
2453893.40581 13.76289
2453894.40586 14.41493
2453895.40590 17.57368
2453896.40595 16.51258
2453897.40600 15.59139
2453898.40604 17.65554
2453899.40609 20.63322
2453900.40613 16.96637
2453901.40618 19.93960
2453902.40622 17.91711
2453903.40627 16.66284
2453904.40632 16.82536
2453905.40636 15.31433
2453906.40641 13.18543
2453907.40645 14.47941
2453908.40650 15.03031
2453909.40654 12.42967
2453910.40659 11.83576
2453911.40664 11.88672
2453912.40668 9.73206
2453913.40673 10.34203
2453914.40677 9.32663
2453915.40682 8.53863
2453916.40686 7.58519
2453917.40691 6.68056
2453918.40695 8.37704
2453919.40700 6.95533
2453920.40705 5.71864
2453921.40709 7.09321
2453922.40714 7.46013
2453923.40718 8.23522
2453924.40723 7.33745
2453925.40727 9.61762
2453926.40732 8.88907
2453927.40737 8.88704
2453928.40741 10.83300
2453929.40746 11.87294
2453930.40750 13.83599
2453931.40755 14.24843
2453932.40759 14.71057
2453933.40764 16.94169
2453934.40768 19.67627
2453935.40773 18.62809
2453936.40778 21.39643
2453937.40782 19.15755
2453938.40787 23.29943
2453939.40791 25.04700
2453940.40796 22.63824
2453941.40800 28.18666
2453942.40805 20.94611
2453943.40810 22.10999
2453944.40814 25.78070
2453945.40819 25.53476
2454131.41667 24.76253
2454132.41672 22.41990
2454133.41677 28.34045
2454134.41681 28.61205
2454135.41686 22.69279
2454136.41690 22.16785
2454137.41695 20.91650
2454138.41699 21.60611
2454139.41704 22.14014
2454140.41708 19.73549
2454141.41713 16.61597
2454142.41718 16.18483
2454143.41722 14.41715
2454144.41727 14.06837
2454145.41731 13.54532
2454146.41736 12.61365
2454147.41740 12.42907
2454148.41745 8.54860
2454149.41750 9.49327
2454150.41754 8.88310
2454151.41759 6.43719
2454152.41763 8.45337
2454153.41768 6.31929
2454154.41772 6.99504
2454155.41777 7.45851
2454156.41782 7.15418
2454157.41786 5.97273
2454158.41791 6.51028
2454159.41795 10.12334
2454160.41800 8.77697
2454161.41804 8.60834
2454162.41809 11.05653
2454163.41813 12.50205
2454164.41818 15.05158
2454165.41823 11.95665
2454166.41827 13.49428
2454167.41832 13.64063
2454168.41836 15.25323
2454169.41841 15.91684
2454170.41845 17.16824
2454171.41850 18.35679
2454172.41855 16.68446
2454173.41859 16.78759
2454174.41864 17.69427
2454175.41868 21.19628
2454176.41873 15.80057
2454177.41877 16.39724
2454178.41882 16.54661
2454179.41886 15.87381
2454180.41891 14.63214
2454181.41896 13.20529
2454182.41900 13.53105
2454183.41905 14.16817
2454184.41909 10.72334
2454185.41914 10.42206
2454186.41918 11.36859
2454187.41923 7.75876
2454188.41928 6.08611
2454189.41932 5.86922
2454190.41937 4.43159
2454191.41941 3.18833
2454192.41946 2.07242
2454193.41950 1.03058
2454194.41955 0.03291
2454195.41959 -0.83254
2454196.41964 -1.65597
2454197.41969 -2.44476
2454198.41973 -2.53253
2454199.41978 -2.60562
2454200.41982 -2.78302
2454201.41987 -3.16833
2454202.41991 -3.27388
2454203.41996 -2.69044
2454204.42001 -2.44271
2454205.42005 -2.42583
2454206.42010 -1.53674
2454207.42014 -1.18163
2454208.42019 -0.41600
2454209.42023 0.38141
2454210.42028 1.51476
2454211.42032 2.12217
2454212.42037 2.63957
2454213.42042 3.50456
2454214.42046 3.67478
2454215.42051 5.13455
2454216.42055 5.27601
2454217.42060 5.52391
2454218.42064 5.56242
2454219.42069 7.22133
2454220.42074 7.11113
2454221.42078 5.98290
2454222.42083 6.25877
2454223.42087 6.86975
2454224.42092 6.57029
2454225.42096 5.38497
2454226.42101 4.87871
2454227.42106 4.15007
2454228.42110 3.28124
2454229.42115 2.24787
2454230.42119 1.41431
2454231.42124 0.06763
2454232.42128 -1.12048
2454233.42133 -2.05338
2454234.42137 -3.67342
2454235.42142 -4.57341
2454236.42147 -5.73059
2454237.42151 -7.45250
2454238.42156 -8.37640
2454239.42160 -9.23741
2454240.42165 -11.10210
2454241.42169 -12.64221
2454242.42174 -12.13429
2454243.42179 -11.95260
2454244.42183 -15.84792
2454245.42188 -13.41167
2454246.42192 -16.04880
2454247.42197 -14.75877
2454248.42201 -14.83943
2454249.42206 -13.96133
2454250.42210 -12.90492
2454251.42215 -13.44142
2454252.42220 -14.69150
2454253.42224 -10.15767
2454254.42229 -11.74179
2454255.42233 -10.82108
2454256.42238 -8.19983
2454257.42242 -7.96053
2454258.42247 -7.82669
2454259.42252 -7.34970
2454260.42256 -5.77705
2454261.42261 -7.24457
2454262.42265 -5.32840
2454263.42270 -4.92273
2454264.42274 -4.13591
2454265.42279 -3.52373
2454266.42283 -3.72860
2454267.42288 -4.21441
2454268.42293 -4.33475
2454269.42297 -4.46012
2454270.42302 -4.34026
2454271.42306 -4.21500
2454272.42311 -3.77268
2454273.42315 -6.70487
2454274.42320 -6.36875
2454275.42325 -8.11988
2454276.42329 -8.48857
2454277.42334 -8.26462
2454278.42338 -10.42156
2454279.42343 -12.70537
2454280.42347 -14.73265
2454281.42352 -15.71698
2454282.42356 -15.60592
2454283.42361 -20.60347
2454284.42366 -17.45537
2454285.42370 -20.77968
2454286.42375 -20.59911
2454287.42379 -22.68773
2454288.42384 -20.47581
2454289.42388 -21.63673
2454290.42393 -22.66916
2454291.42398 -25.09918
2454292.42402 -22.21353
2454293.42407 -23.05481
2454294.42411 -24.38198
2454295.42416 -21.10329
2454296.42420 -26.48488
2454297.42425 -24.48973
2454298.42429 -23.70349
2454299.42434 -19.87894
2454300.42439 -23.17604
2454301.42443 -19.33381
2454302.42448 -20.20839
2454303.42452 -18.76949
2454304.42457 -21.97099
2454305.42461 -17.55900
2454306.42466 -15.99983
2454307.42471 -18.04361
2454308.42475 -15.95914
2454309.42480 -14.35457
2454310.42484 -14.04508
2454497.43338 -12.91177
2454498.43342 -12.00006
2454499.43347 -10.24394
2454500.43351 -9.51535
2454501.43356 -10.97678
2454502.43360 -9.12798
2454503.43365 -10.67989
2454504.43370 -11.69463
2454505.43374 -8.95987
2454506.43379 -11.71124
2454507.43383 -11.59574
2454508.43388 -13.38324
2454509.43392 -11.36195
2454510.43397 -12.34866
2454511.43401 -13.44888
2454512.43406 -18.32659
2454513.43411 -14.76964
2454514.43415 -16.98504
2454515.43420 -16.58280
2454516.43424 -17.34713
2454517.43429 -22.72308
2454518.43433 -17.24932
2454519.43438 -24.01321
2454520.43443 -17.61687
2454521.43447 -21.19639
2454522.43452 -20.78262
2454523.43456 -19.35739
2454524.43461 -23.39890
2454525.43465 -20.77782
2454526.43470 -21.93449
2454527.43474 -22.79029
2454528.43479 -17.22673
2454529.43484 -17.83854
2454530.43488 -16.90289
2454531.43493 -14.45445
2454532.43497 -14.63411
2454533.43502 -12.92873
2454534.43506 -10.56635
2454535.43511 -9.39793
2454536.43516 -8.94723
2454537.43520 -7.49896
2454538.43525 -7.24749
2454539.43529 -5.46146
2454540.43534 -4.58618
2454541.43538 -3.21946
2454542.43543 -2.49280
2454543.43548 -1.66030
2454544.43552 -1.43368
2454545.43557 -0.98125
2454546.43561 -0.57125
2454547.43566 -0.31423
2454548.43570 -0.22043
2454549.43575 -0.29430
2454550.43579 -0.50992
2454551.43584 -0.81257
2454552.43589 -0.96982
2454553.43593 -1.51325
2454554.43598 -2.26654
2454555.43602 -3.34048
2454556.43607 -3.60450
2454557.43611 -4.73160
2454558.43616 -5.29426
2454559.43621 -6.00461
2454560.43625 -6.56303
2454561.43630 -8.52697
2454562.43634 -9.08124
2454563.43639 -9.14030
2454564.43643 -10.85143
2454565.43648 -10.33516
2454566.43652 -7.98409
2454567.43657 -10.87002
2454568.43662 -10.14363
2454569.43666 -11.88389
2454570.43671 -8.96154
2454571.43675 -12.01078
2454572.43680 -9.78349
2454573.43684 -7.82019
2454574.43689 -7.14195
2454575.43694 -6.79821
2454576.43698 -6.38482
2454577.43703 -4.84022
2454578.43707 -4.27340
2454579.43712 -2.62683
2454580.43716 -1.46262
2454581.43721 -0.12119
2454582.43725 1.10278
2454583.43730 2.38890
2454584.43735 3.77911
2454585.43739 4.41054
2454586.43744 6.20489
2454587.43748 6.79884
2454588.43753 6.87733
2454589.43757 8.87362
2454590.43762 9.09784
2454591.43767 10.09725
2454592.43771 8.63904
2454593.43776 10.49720
2454594.43780 10.35380
2454595.43785 11.08470
2454596.43789 10.38898
2454597.43794 9.62490
2454598.43798 9.46121
2454599.43803 10.37524
2454600.43808 9.21157
2454601.43812 7.86320
2454602.43817 8.70442
2454603.43821 6.21962
2454604.43826 5.98186
2454605.43830 5.31475
2454606.43835 3.86132
2454607.43840 3.12131
2454608.43844 2.72345
2454609.43849 2.06702
2454610.43853 1.30321
2454611.43858 1.00403
2454612.43862 0.77610
2454613.43867 0.47045
2454614.43871 0.41478
2454615.43876 0.48669
2454616.43881 0.63823
2454617.43885 0.89974
2454618.43890 1.14875
2454619.43894 1.78121
2454620.43899 2.64443
2454621.43903 3.86747
2454622.43908 3.86977
2454623.43913 5.82335
2454624.43917 5.37326
2454625.43922 8.22650
2454626.43926 9.07321
2454627.43931 11.08631
2454628.43935 11.70314
2454629.43940 14.30019
2454630.43945 14.98192
2454631.43949 13.54101
2454632.43954 15.67854
2454633.43958 19.25527
2454634.43963 17.30803
2454635.43967 19.15374
2454636.43972 18.77893
2454637.43976 20.95309
2454638.43981 22.04899
2454639.43986 19.10934
2454640.43990 23.02839
2454641.43995 22.02148
2454642.43999 23.71391
2454643.44004 21.61109
2454644.44008 26.29302
2454645.44013 19.12629
2454646.44018 20.07802
2454647.44022 19.36040
2454648.44027 17.53407
2454649.44031 16.36779
2454650.44036 16.77953
2454651.44040 15.28152
2454652.44045 15.48104
2454653.44049 13.14961
2454654.44054 10.02542
2454655.44059 11.48365
2454656.44063 10.48954
2454657.44068 10.86430
2454658.44072 11.67245
2454659.44077 12.04225
2454660.44081 10.98427
2454661.44086 10.32514
2454662.44091 10.06594
2454663.44095 10.51910
2454664.44100 11.15053
2454665.44104 10.66404
2454666.44109 14.03711
2454667.44113 10.85407
2454668.44118 14.87994
2454669.44122 16.83792
2454670.44127 13.44500
2454671.44132 16.52587
2454672.44136 18.98436
2454673.44141 17.56125
2454674.44145 22.05383
2454675.44150 22.82234
2454676.44154 23.17853
2454862.45003 20.07490
2454863.45008 23.05602
2454864.45012 24.08195
2454865.45017 23.42575
2454866.45021 24.00539
2454867.45026 22.29214
2454868.45031 24.86529
2454869.45035 24.57985
2454870.45040 21.52012
2454871.45044 25.72662
2454872.45049 24.24886
2454873.45053 25.99984
2454874.45058 23.93728
2454875.45063 20.87807
2454876.45067 22.06320
2454877.45072 16.13774
2454878.45076 17.48838
2454879.45081 17.73727
2454880.45085 16.86129
2454881.45090 16.59880
2454882.45094 13.00936
2454883.45099 11.13491
2454884.45104 12.74194
2454885.45108 9.43399
2454886.45113 8.83696
2454887.45117 7.92516
2454888.45122 8.12935
2454889.45126 4.97061
2454890.45131 5.91094
2454891.45136 4.47447
2454892.45140 3.84132
2454893.45145 3.55368
2454894.45149 3.71718
2454895.45154 3.32117
2454896.45158 3.67967
2454897.45163 3.60003
2454898.45167 4.91416
2454899.45172 4.18877
2454900.45177 4.35953
2454901.45181 5.35227
2454902.45186 5.52759
2454903.45190 6.70887
2454904.45195 7.41799
2454905.45199 9.34590
2454906.45204 9.38128
2454907.45209 9.99474
2454908.45213 10.60491
2454909.45218 13.35841
2454910.45222 10.62160
2454911.45227 13.48452
2454912.45231 12.62968
2454913.45236 14.28373
2454914.45240 13.43973
2454915.45245 13.83088
2454916.45250 15.26698
2454917.45254 13.46993
2454918.45259 12.87463
2454919.45263 14.04590
2454920.45268 12.41226
2454921.45272 14.56478
2454922.45277 11.27132
2454923.45282 11.51437
2454924.45286 8.94153
2454925.45291 7.71867
2454926.45295 7.28755
2454927.45300 4.88654
2454928.45304 3.05953
2454929.45309 2.58436
2454930.45313 1.23893
2454931.45318 0.10163
2454932.45323 -1.07125
2454933.45327 -1.80446
2454934.45332 -3.61037
2454935.45336 -3.63006
2454936.45341 -5.63343
2454937.45345 -5.73515
2454938.45350 -5.74853
2454939.45355 -5.88899
2454940.45359 -7.07445
2454941.45364 -7.25124
2454942.45368 -6.86315
2454943.45373 -7.47576
2454944.45377 -6.58838
2454945.45382 -6.19156
2454946.45387 -6.02058
2454947.45391 -5.44362
2454948.45396 -4.98227
2454949.45400 -4.15826
2454950.45405 -3.16253
2454951.45409 -2.30391
2454952.45414 -1.56826
2454953.45418 -0.87836
2454954.45423 -0.05928
2454955.45428 0.64310
2454956.45432 1.18552
2454957.45437 1.84828
2454958.45441 2.26208
2454959.45446 2.85227
2454960.45450 3.32653
2454961.45455 2.62314
2454962.45460 3.17676
2454963.45464 2.76902
2454964.45469 2.77052
2454965.45473 1.96860
2454966.45478 1.63557
2454967.45482 0.86887
2454968.45487 0.06814
2454969.45491 -0.79755
2454970.45496 -2.02919
2454971.45501 -3.21756
2454972.45505 -4.33208
2454973.45510 -5.57622
2454974.45514 -6.32519
2454975.45519 -7.41295
2454976.45523 -8.59929
2454977.45528 -9.92574
2454978.45533 -12.62193
2454979.45537 -13.73494
2454980.45542 -15.76901
2454981.45546 -13.45746
2454982.45551 -15.64877
2454983.45555 -17.29577
2454984.45560 -19.45219
2454985.45564 -17.56843
2454986.45569 -17.00310
2454987.45574 -18.74754
2454988.45578 -15.12793
2454989.45583 -13.04085
2454990.45587 -15.94466
2454991.45592 -17.49082
2454992.45596 -16.88193
2454993.45601 -19.33332
2454994.45606 -17.33937
2454995.45610 -12.33192
2454996.45615 -12.91378
2454997.45619 -12.64249
2454998.45624 -13.02371
2454999.45628 -11.71473
2455000.45633 -9.88090
2455001.45637 -8.73947
2455002.45642 -9.72016
2455003.45647 -7.89341
2455004.45651 -6.14221
2455005.45656 -5.94729
2455006.45660 -8.54872
2455007.45665 -6.90416
2455008.45669 -5.89213
2455009.45674 -6.58134
2455010.45679 -6.31748
2455011.45683 -8.36184
2455012.45688 -8.13403
2455013.45692 -10.55372
2455014.45697 -8.35943
2455015.45701 -9.75300
2455016.45706 -11.37724
2455017.45711 -10.95716
2455018.45715 -12.21783
2455019.45720 -14.80974
2455020.45724 -18.16424
2455021.45729 -17.37203
2455022.45733 -22.92345
2455023.45738 -18.09634
2455024.45742 -22.70930
2455025.45747 -23.30211
2455026.45752 -23.81178
2455027.45756 -23.80844
2455028.45761 -21.66577
2455029.45765 -22.89097
2455030.45770 -30.87783
2455031.45774 -24.24445
2455032.45779 -27.74433
2455033.45784 -27.08366
2455034.45788 -27.57487
2455035.45793 -24.60625
2455036.45797 -27.20150
2455037.45802 -22.65839
2455038.45806 -22.82963
2455039.45811 -27.66282
2455040.45815 -21.08116
2455041.45820 -22.89118
2455227.46669 -21.17633
2455228.46673 -19.57790
2455229.46678 -18.01186
2455230.46682 -14.96230
2455231.46687 -14.44406
2455232.46692 -13.50859
2455233.46696 -10.98495
2455234.46701 -11.86712
2455235.46705 -8.45833
2455236.46710 -9.91303
2455237.46714 -8.55496
2455238.46719 -8.23363
2455239.46724 -8.20000
2455240.46728 -6.04378
2455241.46733 -7.16530
2455242.46737 -8.29953
2455243.46742 -6.55113
2455244.46746 -6.34182
2455245.46751 -7.02918
2455246.46755 -7.35832
2455247.46760 -8.27851
2455248.46765 -8.19968
2455249.46769 -9.12086
2455250.46774 -9.45591
2455251.46778 -11.74907
2455252.46783 -9.59890
2455253.46787 -13.52005
2455254.46792 -12.51673
2455255.46797 -13.56478
2455256.46801 -15.57065
2455257.46806 -13.33846
2455258.46810 -16.03307
2455259.46815 -15.85678
2455260.46819 -17.84014
2455261.46824 -17.71291
2455262.46829 -16.67820
2455263.46833 -14.41904
2455264.46838 -15.33111
2455265.46842 -17.84979
2455266.46847 -17.46608
2455267.46851 -14.32321
2455268.46856 -13.21247
2455269.46860 -14.85936
2455270.46865 -13.40273
2455271.46870 -13.13124
2455272.46874 -11.16864
2455273.46879 -9.83354
2455274.46883 -7.73976
2455275.46888 -7.68519
2455276.46892 -6.16943
2455277.46897 -4.61153
2455278.46902 -3.88923
2455279.46906 -2.96415
2455280.46911 -1.33747
2455281.46915 -0.55361
2455282.46920 0.47275
2455283.46924 1.26959
2455284.46929 1.94416
2455285.46933 2.61206
2455286.46938 2.80776
2455287.46943 2.81311
2455288.46947 3.70610
2455289.46952 4.21169
2455290.46956 3.96956
2455291.46961 3.82831
2455292.46965 2.75378
2455293.46970 2.59685
2455294.46975 2.16350
2455295.46979 1.17381
2455296.46984 0.57197
2455297.46988 -0.18620
2455298.46993 -1.04180
2455299.46997 -1.71470
2455300.47002 -2.65731
2455301.47006 -2.96179
2455302.47011 -4.05809
2455303.47016 -4.64699
2455304.47020 -5.36443
2455305.47025 -6.17949
2455306.47029 -7.62837
2455307.47034 -5.18809
2455308.47038 -6.50647
2455309.47043 -8.28174
2455310.47048 -7.37115
2455311.47052 -5.97725
2455312.47057 -5.49697
2455313.47061 -4.59883
2455314.47066 -4.70112
2455315.47070 -3.46735
2455316.47075 -2.87132
2455317.47079 -1.86281
2455318.47084 -0.73803
2455319.47089 0.48880
2455320.47093 1.74334
2455321.47098 3.70198
2455322.47102 4.32457
2455323.47107 5.88459
2455324.47111 6.16384
2455325.47116 6.07605
2455326.47121 8.96436
2455327.47125 8.47497
2455328.47130 11.06500
2455329.47134 10.78941
2455330.47139 9.66656
2455331.47143 12.77474
2455332.47148 14.69962
2455333.47153 13.82745
2455334.47157 16.05138
2455335.47162 14.62046
2455336.47166 16.57926
2455337.47171 13.86569
2455338.47175 11.73001
2455339.47180 12.24805
2455340.47184 11.62616
2455341.47189 12.89302
2455342.47194 14.64437
2455343.47198 10.49185
2455344.47203 9.48627
2455345.47207 9.57248
2455346.47212 7.89085
2455347.47216 8.57536
2455348.47221 5.41123
2455349.47226 6.36247
2455350.47230 5.49847
2455351.47235 5.50827
2455352.47239 4.02423
2455353.47244 4.24954
2455354.47248 3.45777
2455355.47253 3.29757
2455356.47257 4.36087
2455357.47262 3.84575
2455358.47267 4.85029
2455359.47271 6.09075
2455360.47276 5.51944
2455361.47280 6.67817
2455362.47285 6.85900
2455363.47289 8.69426
2455364.47294 8.56159
2455365.47299 9.76187
2455366.47303 12.11746
2455367.47308 14.38709
2455368.47312 13.71140
2455369.47317 14.72678
2455370.47321 15.27082
2455371.47326 18.28581
2455372.47330 17.04875
2455373.47335 18.13685
2455374.47340 19.62173
2455375.47344 20.04985
2455376.47349 21.40100
2455377.47353 23.69875
2455378.47358 24.45896
2455379.47362 23.64472
2455380.47367 24.62325
2455381.47372 24.76343
2455382.47376 22.91585
2455383.47381 22.29285
2455384.47385 24.22370
2455385.47390 22.61707
2455386.47394 20.08388
2455387.47399 22.29845
2455388.47403 23.62191
2455389.47408 22.49175
2455390.47413 21.45478
2455391.47417 20.63807
2455392.47422 15.99536
2455393.47426 20.06576
2455394.47431 17.08190
2455395.47435 16.73339
2455396.47440 12.62704
2455397.47445 16.08083
2455398.47449 13.47413
2455399.47454 14.34491
2455400.47458 13.45383
2455401.47463 11.69358
2455402.47467 13.53978
2455403.47472 14.97931
2455404.47476 13.89212
2455405.47481 13.93558
2455406.47486 15.44415
2455592.48334 9.63835
2455593.48339 10.42670
2455594.48344 11.92579
2455595.48348 11.28904
2455596.48353 13.46836
2455597.48357 13.04492
2455598.48362 15.30013
2455599.48366 13.73398
2455600.48371 13.90807
2455601.48375 16.55292
2455602.48380 16.37032
2455603.48385 16.86852
2455604.48389 17.83690
2455605.48394 20.60867
2455606.48398 19.89763
2455607.48403 16.27170
2455608.48407 16.41491
2455609.48412 20.49793
2455610.48417 20.11753
2455611.48421 20.95149
2455612.48426 20.72756
2455613.48430 19.10359
2455614.48435 18.37337
2455615.48439 15.52557
2455616.48444 16.20353
2455617.48448 17.95866
2455618.48453 16.87230
2455619.48458 16.03353
2455620.48462 14.48657
2455621.48467 13.17035
2455622.48471 11.96098
2455623.48476 10.76171
2455624.48480 9.00293
2455625.48485 8.56138
2455626.48490 6.09004
2455627.48494 5.19393
2455628.48499 3.92212
2455629.48503 3.56223
2455630.48508 2.27915
2455631.48512 1.53336
2455632.48517 1.02059
2455633.48521 0.45159
2455634.48526 0.18554
2455635.48531 -0.04386
2455636.48535 -0.10323
2455637.48540 -0.02130
2455638.48544 0.16178
2455639.48549 0.56440
2455640.48553 0.96035
2455641.48558 1.47361
2455642.48563 1.97532
2455643.48567 2.76907
2455644.48572 4.10078
2455645.48576 4.07215
2455646.48581 5.41549
2455647.48585 5.70580
2455648.48590 6.32915
2455649.48595 8.92114
2455650.48599 7.78965
2455651.48604 9.56556
2455652.48608 9.36915
2455653.48613 7.63798
2455654.48617 11.09245
2455655.48622 9.68325
2455656.48626 8.99300
2455657.48631 9.01194
2455658.48636 9.67609
2455659.48640 7.19476
2455660.48645 8.47706
2455661.48649 8.57832
2455662.48654 8.40318
2455663.48658 6.04153
2455664.48663 5.13232
2455665.48668 4.54127
2455666.48672 3.84255
2455667.48677 1.95776
2455668.48681 0.73411
2455669.48686 -0.41566
2455670.48690 -1.80747
2455671.48695 -2.91165
2455672.48699 -3.92163
2455673.48704 -5.22456
2455674.48709 -5.12373
2455675.48713 -6.84167
2455676.48718 -8.24167
2455677.48722 -8.84550
2455678.48727 -9.54726
2455679.48731 -10.51036
2455680.48736 -10.60215
2455681.48741 -11.01485
2455682.48745 -12.09512
2455683.48750 -11.33912
2455684.48754 -9.58132
2455685.48759 -9.98243
2455686.48763 -8.14526
2455687.48768 -9.58518
2455688.48772 -8.66296
2455689.48777 -8.96446
2455690.48782 -7.55818
2455691.48786 -6.91317
2455692.48791 -3.90219
2455693.48795 -5.24796
2455694.48800 -4.86569
2455695.48804 -3.16489
2455696.48809 -3.22161
2455697.48814 -2.29722
2455698.48818 -1.54565
2455699.48823 -1.30849
2455700.48827 -1.04823
2455701.48832 -0.87314
2455702.48836 -0.59543
2455703.48841 -0.78208
2455704.48845 -0.88662
2455705.48850 -1.35734
2455706.48855 -1.55166
2455707.48859 -2.19269
2455708.48864 -3.21758
2455709.48868 -4.10358
2455710.48873 -4.63907
2455711.48877 -5.90185
2455712.48882 -7.11234
2455713.48887 -8.86750
2455714.48891 -8.39253
2455715.48896 -11.02870
2455716.48900 -15.35189
2455717.48905 -15.87088
2455718.48909 -13.17947
2455719.48914 -12.62493
2455720.48918 -17.90927
2455721.48923 -17.86002
2455722.48928 -17.04550
2455723.48932 -18.54546
2455724.48937 -20.84316
2455725.48941 -24.12448
2455726.48946 -21.77787
2455727.48950 -19.48887
2455728.48955 -21.05759
2455729.48960 -22.23484
2455730.48964 -21.01603
2455731.48969 -18.96840
2455732.48973 -16.49817
2455733.48978 -21.29113
2455734.48982 -19.56795
2455735.48987 -18.53934
2455736.48992 -16.88318
2455737.48996 -18.99591
2455738.49001 -17.65513
2455739.49005 -15.39695
2455740.49010 -14.27714
2455741.49014 -14.74705
2455742.49019 -11.96911
2455743.49023 -12.00864
2455744.49028 -10.40080
2455745.49033 -10.52410
2455746.49037 -10.77594
2455747.49042 -10.29798
2455748.49046 -10.12100
2455749.49051 -10.33438
2455750.49055 -11.63722
2455751.49060 -11.71877
2455752.49065 -10.92738
2455753.49069 -11.33070
2455754.49074 -9.45634
2455755.49078 -13.24059
2455756.49083 -17.57351
2455757.49087 -14.20559
2455758.49092 -16.00323
2455759.49096 -17.30960
2455760.49101 -16.90528
2455761.49106 -20.01879
2455762.49110 -21.01827
2455763.49115 -20.07561
2455764.49119 -24.74686
2455765.49124 -23.94806
2455766.49128 -28.64330
2455767.49133 -24.20302
2455768.49138 -24.51399
2455769.49142 -31.26412
2455770.49147 -28.35919
2455771.49151 -28.32863
2455957.50000 -24.46769
