2445000.00000 5.01525
2445001.00005 5.30567
2445002.00009 3.51042
2445003.00014 3.91341
2445004.00018 4.30152
2445005.00023 3.63821
2445006.00027 3.03407
2445007.00032 2.82781
2445008.00037 2.15357
2445009.00041 1.73916
2445010.00046 1.46913
2445011.00050 1.20920
2445012.00055 1.10270
2445013.00059 0.92980
2445014.00064 1.04809
2445015.00068 1.10603
2445016.00073 1.60677
2445017.00078 1.83790
2445018.00082 2.36381
2445019.00087 2.22607
2445020.00091 3.45351
2445021.00096 4.42058
2445022.00100 4.69495
2445023.00105 4.08846
2445024.00110 4.94805
2445025.00114 4.17254
2445026.00119 5.33234
2445027.00123 5.63945
2445028.00128 6.12376
2445029.00132 4.81931
2445030.00137 4.70115
2445031.00141 5.03076
2445032.00146 5.07587
2445033.00151 3.56946
2445034.00155 3.81481
2445035.00160 3.58313
2445036.00164 2.40292
2445037.00169 2.30307
2445038.00173 1.84729
2445039.00178 1.53956
2445040.00183 1.17789
2445041.00187 1.22781
2445042.00192 1.15039
2445043.00196 1.36655
2445044.00201 1.58756
2445045.00205 1.65647
2445046.00210 2.02202
2445047.00214 2.76661
2445048.00219 2.69803
2445049.00224 3.36046
2445050.00228 3.87790
2445051.00233 5.17521
2445052.00237 5.08889
2445053.00242 5.38617
2445054.00246 5.48991
2445055.00251 5.01592
2445056.00256 6.31981
2445057.00260 6.23825
2445058.00265 4.96799
2445059.00269 5.69277
2445060.00274 5.45086
2445061.00278 4.83009
2445062.00283 4.80665
2445063.00287 3.79601
2445064.00292 2.80152
2445065.00297 2.72233
2445066.00301 2.40749
2445067.00306 1.99648
2445068.00310 1.44145
2445069.00315 1.37699
2445070.00319 0.96910
2445071.00324 1.41596
2445072.00329 1.36864
2445073.00333 1.43337
2445074.00338 1.49562
2445075.00342 2.59682
2445076.00347 2.57460
2445077.00351 2.98786
2445078.00356 3.78779
2445079.00361 4.06852
2445080.00365 4.58937
2445081.00370 4.45699
2445082.00374 5.58813
2445083.00379 6.51894
2445084.00383 5.74465
2445085.00388 7.63540
2445086.00392 6.32224
2445087.00397 5.90185
2445088.00402 4.10057
2445089.00406 4.24807
2445090.00411 4.08572
2445091.00415 3.17104
2445092.00420 3.55488
2445093.00424 3.19137
2445094.00429 2.83445
2445095.00434 1.99998
2445096.00438 1.94806
2445097.00443 1.39722
2445098.00447 1.62861
2445099.00452 1.47755
2445100.00456 1.48498
2445101.00461 1.30779
2445102.00465 1.81074
2445103.00470 1.96726
2445104.00475 2.28992
2445105.00479 3.03694
2445106.00484 3.34184
2445107.00488 4.23093
2445108.00493 4.04905
2445109.00497 5.09403
2445110.00502 5.51524
2445111.00507 4.75791
2445112.00511 5.15218
2445113.00516 5.88366
2445114.00520 5.69889
2445115.00525 5.89869
2445116.00529 5.87678
2445117.00534 5.44138
2445118.00538 5.92352
2445119.00543 4.72784
2445120.00548 4.00687
2445121.00552 3.81884
2445122.00557 3.55216
2445123.00561 3.10803
2445124.00566 2.13361
2445125.00570 1.56464
2445126.00575 1.67959
2445127.00580 1.30683
2445128.00584 1.29905
2445129.00589 1.51968
2445130.00593 1.56949
2445131.00598 1.90596
2445132.00602 2.06880
2445133.00607 2.60263
2445134.00611 3.49208
2445135.00616 3.31691
2445136.00621 4.88949
2445137.00625 4.63704
2445138.00630 4.24940
2445139.00634 5.82333
2445140.00639 6.21596
2445141.00643 6.14851
2445142.00648 5.81921
2445143.00653 5.14965
2445144.00657 6.05018
2445145.00662 6.82475
2445146.00666 5.54940
2445147.00671 4.74258
2445148.00675 4.87333
2445149.00680 4.84620
2445150.00684 4.26419
2445151.00689 3.05425
2445152.00694 3.02636
2445153.00698 2.68012
2445154.00703 2.19537
2445155.00707 1.64723
2445156.00712 1.56423
2445157.00716 1.37739
2445158.00721 1.44712
2445159.00726 1.90215
2445160.00730 2.04479
2445161.00735 2.35771
2445162.00739 2.62197
2445163.00744 3.00680
2445164.00748 3.90094
2445165.00753 4.19077
2445166.00758 5.39210
2445167.00762 5.77919
2445168.00767 5.81554
2445169.00771 7.38932
2445170.00776 7.38999
2445171.00780 6.05191
2445172.00785 6.16566
2445173.00789 6.36537
2445174.00794 5.06883
2445175.00799 6.09720
2445176.00803 4.32705
2445177.00808 6.11109
2445178.00812 5.03380
2445179.00817 2.93817
2445366.01670 3.27411
2445367.01675 4.95061
2445368.01679 4.94700
2445369.01684 4.34131
2445370.01688 4.51661
2445371.01693 5.21114
2445372.01698 6.02551
2445373.01702 5.45151
2445374.01707 6.05040
2445375.01711 6.23915
2445376.01716 5.44602
2445377.01720 5.00369
2445378.01725 4.25414
2445379.01729 4.35302
2445380.01734 3.44170
2445381.01739 2.83728
2445382.01743 2.53299
2445383.01748 2.09757
2445384.01752 1.88480
2445385.01757 0.94053
2445386.01761 1.03512
2445387.01766 0.86926
2445388.01771 0.74100
2445389.01775 0.88023
2445390.01780 1.23993
2445391.01784 1.51948
2445392.01789 1.78108
2445393.01793 2.71352
2445394.01798 2.98597
2445395.01803 3.34590
2445396.01807 4.15388
2445397.01812 3.83135
2445398.01816 4.71399
2445399.01821 6.52671
2445400.01825 5.03670
2445401.01830 5.69142
2445402.01834 5.82623
2445403.01839 4.78953
2445404.01844 4.80085
2445405.01848 5.92492
2445406.01853 4.24250
2445407.01857 3.24280
2445408.01862 3.57512
2445409.01866 3.20794
2445410.01871 2.47143
2445411.01876 1.91080
2445412.01880 1.81808
2445413.01885 1.21419
2445414.01889 0.95956
2445415.01894 0.67470
2445416.01898 0.64505
2445417.01903 0.65046
2445418.01907 0.82675
2445419.01912 0.98740
2445420.01917 1.46422
2445421.01921 1.78800
2445422.01926 2.16203
2445423.01930 2.59968
2445424.01935 3.14967
2445425.01939 3.75598
2445426.01944 4.06978
2445427.01949 4.14504
2445428.01953 4.70845
2445429.01958 5.33015
2445430.01962 5.58130
2445431.01967 4.90802
2445432.01971 6.09892
2445433.01976 5.22318
2445434.01980 4.53021
2445435.01985 4.65133
2445436.01990 4.65679
2445437.01994 3.40952
2445438.01999 3.01190
2445439.02003 2.25747
2445440.02008 2.09611
2445441.02012 1.53907
2445442.02017 0.89930
2445443.02022 0.80050
2445444.02026 0.50667
2445445.02031 0.41799
2445446.02035 0.46699
2445447.02040 0.59072
2445448.02044 0.85737
2445449.02049 1.10913
2445450.02053 1.68242
2445451.02058 1.86324
2445452.02063 2.63951
2445453.02067 3.16915
2445454.02072 3.99293
2445455.02076 4.11659
2445456.02081 4.18558
2445457.02085 4.38831
2445458.02090 5.21422
2445459.02095 4.60089
2445460.02099 5.49933
2445461.02104 4.89520
2445462.02108 3.58427
2445463.02113 5.27328
2445464.02117 4.13952
2445465.02122 3.09603
2445466.02126 2.88840
2445467.02131 3.20432
2445468.02136 1.85764
2445469.02140 1.53723
2445470.02145 0.91207
2445471.02149 0.71143
2445472.02154 0.34696
2445473.02158 0.24297
2445474.02163 0.16392
2445475.02168 0.22161
2445476.02172 0.32284
2445477.02177 0.69471
2445478.02181 0.92541
2445479.02186 1.44040
2445480.02190 1.87439
2445481.02195 2.44646
2445482.02200 3.22859
2445483.02204 2.92455
2445484.02209 3.80347
2445485.02213 4.39257
2445486.02218 4.90221
2445487.02222 4.37544
2445488.02227 5.03505
2445489.02231 4.87887
2445490.02236 4.45770
2445491.02241 4.20774
2445492.02245 3.46943
2445493.02250 4.00653
2445494.02254 3.05736
2445495.02259 2.32100
2445496.02263 2.20687
2445497.02268 1.55808
2445498.02273 1.06474
2445499.02277 0.65402
2445500.02282 0.34044
2445501.02286 0.06901
2445502.02291 -0.09466
2445503.02295 -0.14761
2445504.02300 -0.04245
2445505.02304 0.13265
2445506.02309 0.41095
2445507.02314 0.84921
2445508.02318 1.31143
2445509.02323 1.93188
2445510.02327 2.39934
2445511.02332 2.73681
2445512.02336 3.61027
2445513.02341 3.35901
2445514.02346 3.92797
2445515.02350 4.33979
2445516.02355 3.88245
2445517.02359 4.80185
2445518.02364 4.64439
2445519.02368 3.60284
2445520.02373 4.61700
2445521.02377 4.03194
2445522.02382 2.75528
2445523.02387 2.71328
2445524.02391 2.38113
2445525.02396 1.79069
2445526.02400 1.23262
2445527.02405 0.76583
2445528.02409 0.30422
2445529.02414 -0.02778
2445530.02419 -0.24904
2445531.02423 -0.40945
2445532.02428 -0.34005
2445533.02432 -0.37626
2445534.02437 -0.10221
2445535.02441 0.13645
2445536.02446 0.57185
2445537.02450 1.06519
2445538.02455 1.69809
2445539.02460 2.15449
2445540.02464 2.26725
2445541.02469 3.19009
2445542.02473 3.52496
2445543.02478 3.51992
2445544.02482 4.29089
2445545.02487 3.98934
2445731.03336 -2.50769
2445732.03340 -2.62424
2445733.03345 -2.69468
2445734.03349 -3.13423
2445735.03354 -2.19815
2445736.03359 -2.50612
2445737.03363 -1.84466
2445738.03368 -1.52862
2445739.03372 -1.13047
2445740.03377 -0.73500
2445741.03381 -0.17641
2445742.03386 0.30199
2445743.03391 0.88158
2445744.03395 1.12497
2445745.03400 1.34570
2445746.03404 1.75599
2445747.03409 1.72010
2445748.03413 2.08764
2445749.03418 2.09656
2445750.03422 1.38937
2445751.03427 1.08330
2445752.03432 0.76260
2445753.03436 0.30002
2445754.03441 -0.25484
2445755.03445 -0.72711
2445756.03450 -1.64722
2445757.03454 -1.38488
2445758.03459 -2.53869
2445759.03464 -2.20116
2445760.03468 -3.31771
2445761.03473 -2.75179
2445762.03477 -2.90738
2445763.03482 -3.10051
2445764.03486 -3.21581
2445765.03491 -3.20884
2445766.03495 -2.06679
2445767.03500 -2.12711
2445768.03505 -1.38190
2445769.03509 -1.22764
2445770.03514 -0.43959
2445771.03518 0.02642
2445772.03523 0.46722
2445773.03527 0.84555
2445774.03532 0.99097
2445775.03537 1.16809
2445776.03541 1.44851
2445777.03546 1.23225
2445778.03550 1.37090
2445779.03555 1.04397
2445780.03559 0.83548
2445781.03564 0.32641
2445782.03568 -0.16886
2445783.03573 -0.60576
2445784.03578 -1.41226
2445785.03582 -1.76238
2445786.03587 -2.52000
2445787.03591 -2.67110
2445788.03596 -2.53841
2445789.03600 -3.11412
2445790.03605 -3.57646
2445791.03610 -3.66185
2445792.03614 -3.18890
2445793.03619 -3.69210
2445794.03623 -2.97233
2445795.03628 -2.79871
2445796.03632 -1.97249
2445797.03637 -1.86838
2445798.03642 -1.18616
2445799.03646 -0.76641
2445800.03651 -0.18506
2445801.03655 0.19713
2445802.03660 0.53396
2445803.03664 0.91680
2445804.03669 0.95162
2445805.03673 0.98419
2445806.03678 1.15286
2445807.03683 0.81803
2445808.03687 0.69368
2445809.03692 0.38076
2445810.03696 -0.10375
2445811.03701 -0.64493
2445812.03705 -1.16577
2445813.03710 -1.59428
2445814.03715 -2.26551
2445815.03719 -3.04047
2445816.03724 -3.41532
2445817.03728 -3.68526
2445818.03733 -3.76143
2445819.03737 -3.42164
2445820.03742 -4.27740
2445821.03746 -3.83883
2445822.03751 -3.59647
2445823.03756 -2.66966
2445824.03760 -3.41038
2445825.03765 -2.53509
2445826.03769 -1.99581
2445827.03774 -1.43357
2445828.03778 -1.13751
2445829.03783 -0.49012
2445830.03788 -0.04523
2445831.03792 0.36612
2445832.03797 0.60461
2445833.03801 0.76825
2445834.03806 0.90840
2445835.03810 0.77278
2445836.03815 0.60654
2445837.03819 0.32407
2445838.03824 -0.07227
2445839.03829 -0.52198
2445840.03833 -0.99214
2445841.03838 -1.45452
2445842.03842 -2.22258
2445843.03847 -3.06585
2445844.03851 -3.62754
2445845.03856 -3.96169
2445846.03861 -4.45095
2445847.03865 -3.78775
2445848.03870 -3.89895
2445849.03874 -4.45068
2445850.03879 -3.96018
2445851.03883 -3.99676
2445852.03888 -3.78412
2445853.03892 -3.32359
2445854.03897 -3.09391
2445855.03902 -2.23743
2445856.03906 -1.47173
2445857.03911 -1.11416
2445858.03915 -0.71718
2445859.03920 -0.30529
2445860.03924 0.05007
2445861.03929 0.30271
2445862.03934 0.37903
2445863.03938 0.48810
2445864.03943 0.38704
2445865.03947 0.21018
2445866.03952 -0.08885
2445867.03956 -0.49005
2445868.03961 -1.06104
2445869.03966 -1.27425
2445870.03970 -2.33296
2445871.03975 -2.38956
2445872.03979 -3.24314
2445873.03984 -3.93977
2445874.03988 -3.88531
2445875.03993 -4.17826
2445876.03997 -4.34504
2445877.04002 -3.73480
2445878.04007 -3.67879
2445879.04011 -4.41588
2445880.04016 -4.32750
2445881.04020 -4.29850
2445882.04025 -3.09854
2445883.04029 -3.15626
2445884.04034 -2.17060
2445885.04039 -2.28600
2445886.04043 -1.49959
2445887.04048 -1.07846
2445888.04052 -0.52495
2445889.04057 -0.20056
2445890.04061 0.02995
2445891.04066 0.17064
2445892.04070 0.17353
2445893.04075 0.06562
2445894.04080 -0.14611
2445895.04084 -0.51524
2445896.04089 -0.86998
2445897.04093 -1.15369
2445898.04098 -1.85972
2445899.04102 -2.29854
2445900.04107 -2.83169
2445901.04112 -4.02511
2445902.04116 -3.73580
2445903.04121 -4.23776
2445904.04125 -4.87672
2445905.04130 -4.72343
2445906.04134 -5.51942
2445907.04139 -5.13478
2445908.04143 -4.00434
2445909.04148 -4.81373
2445910.04153 -4.84157
2446096.05001 -1.95703
2446097.05006 -2.30034
2446098.05010 -2.58559
2446099.05015 -3.28736
2446100.05020 -3.40522
2446101.05024 -3.94154
2446102.05029 -4.44568
2446103.05033 -6.20499
2446104.05038 -5.00590
2446105.05042 -6.39133
2446106.05047 -6.78696
2446107.05052 -6.92111
2446108.05056 -7.00808
2446109.05061 -7.06292
2446110.05065 -5.76803
2446111.05070 -5.18259
2446112.05074 -6.29515
2446113.05079 -4.68295
2446114.05084 -4.05291
2446115.05088 -4.60159
2446116.05093 -2.79565
2446117.05097 -2.95542
2446118.05102 -1.81740
2446119.05106 -1.89402
2446120.05111 -1.86054
2446121.05115 -1.86047
2446122.05120 -1.38111
2446123.05125 -1.64679
2446124.05129 -1.95517
2446125.05134 -2.05724
2446126.05138 -1.88180
2446127.05143 -2.67395
2446128.05147 -3.54281
2446129.05152 -3.89472
2446130.05157 -4.15613
2446131.05161 -5.21759
2446132.05166 -6.11394
2446133.05170 -6.99803
2446134.05175 -6.89666
2446135.05179 -6.49178
2446136.05184 -6.20425
2446137.05188 -6.68770
2446138.05193 -5.69618
2446139.05198 -7.14236
2446140.05202 -5.83781
2446141.05207 -5.33103
2446142.05211 -4.10840
2446143.05216 -4.84828
2446144.05220 -3.46389
2446145.05225 -3.89669
2446146.05230 -2.73526
2446147.05234 -2.48489
2446148.05239 -2.51570
2446149.05243 -1.57870
2446150.05248 -1.85806
2446151.05252 -1.71338
2446152.05257 -1.68425
2446153.05261 -1.94107
2446154.05266 -1.95883
2446155.05271 -2.33042
2446156.05275 -3.18985
2446157.05280 -3.61473
2446158.05284 -4.49554
2446159.05289 -4.43234
2446160.05293 -4.75640
2446161.05298 -5.96291
2446162.05303 -5.30400
2446163.05307 -6.07394
2446164.05312 -6.75903
2446165.05316 -5.99790
2446166.05321 -7.06792
2446167.05325 -6.93790
2446168.05330 -5.08521
2446169.05334 -6.76839
2446170.05339 -5.60520
2446171.05344 -4.72284
2446172.05348 -4.65010
2446173.05353 -3.79225
2446174.05357 -3.49110
2446175.05362 -2.79949
2446176.05366 -2.65935
2446177.05371 -1.95174
2446178.05376 -1.90724
2446179.05380 -1.89396
2446180.05385 -1.47249
2446181.05389 -1.82880
2446182.05394 -2.00869
2446183.05398 -2.01945
2446184.05403 -2.65703
2446185.05408 -2.99725
2446186.05412 -3.44910
2446187.05417 -3.70981
2446188.05421 -4.95014
2446189.05426 -6.02424
2446190.05430 -5.95188
2446191.05435 -5.14527
2446192.05439 -6.41565
2446193.05444 -6.35798
2446194.05449 -7.93495
2446195.05453 -6.24037
2446196.05458 -6.85245
2446197.05462 -6.53724
2446198.05467 -4.84303
2446199.05471 -5.15441
2446200.05476 -5.18647
2446201.05481 -4.12924
2446202.05485 -3.85094
2446203.05490 -2.94596
2446204.05494 -2.93983
2446205.05499 -2.56041
2446206.05503 -2.35259
2446207.05508 -2.02244
2446208.05512 -1.94080
2446209.05517 -1.43485
2446210.05522 -1.44409
2446211.05526 -1.49477
2446212.05531 -1.67916
2446213.05535 -2.61501
2446214.05540 -3.78961
2446215.05544 -3.52107
2446216.05549 -4.06012
2446217.05554 -5.02273
2446218.05558 -5.80517
2446219.05563 -6.59573
2446220.05567 -7.14552
2446221.05572 -6.11337
2446222.05576 -6.99610
2446223.05581 -7.15230
2446224.05585 -6.79729
2446225.05590 -5.71008
2446226.05595 -5.25262
2446227.05599 -5.29195
2446228.05604 -4.65165
2446229.05608 -4.75634
2446230.05613 -3.90208
2446231.05617 -3.84351
2446232.05622 -3.06282
2446233.05627 -2.36653
2446234.05631 -2.04565
2446235.05636 -2.13377
2446236.05640 -1.79870
2446237.05645 -1.66329
2446238.05649 -1.12578
2446239.05654 -1.90663
2446240.05658 -1.79255
2446241.05663 -2.41906
2446242.05668 -2.77079
2446243.05672 -3.07685
2446244.05677 -4.05236
2446245.05681 -4.63712
2446246.05686 -4.79669
2446247.05690 -4.65867
2446248.05695 -5.73464
2446249.05700 -5.65708
2446250.05704 -6.23448
2446251.05709 -6.97014
2446252.05713 -7.09728
2446253.05718 -7.46085
2446254.05722 -6.35412
2446255.05727 -6.96056
2446256.05731 -5.80915
2446257.05736 -4.66166
2446258.05741 -4.34929
2446259.05745 -4.00212
2446260.05750 -3.60916
2446261.05754 -3.68256
2446262.05759 -2.90407
2446263.05763 -2.10333
2446264.05768 -1.71420
2446265.05773 -1.30371
2446266.05777 -1.59023
2446267.05782 -1.76559
2446268.05786 -1.97951
2446269.05791 -1.88911
2446270.05795 -2.43158
2446271.05800 -2.66954
2446272.05805 -3.25680
2446273.05809 -3.66525
2446274.05814 -4.20726
2446275.05818 -5.21679
2446461.06667 -2.67357
2446462.06672 -2.38367
2446463.06676 -1.67655
2446464.06681 -1.59109
2446465.06685 -0.71733
2446466.06690 -0.59094
2446467.06694 -0.40588
2446468.06699 -0.32718
2446469.06703 -0.36692
2446470.06708 -0.46593
2446471.06713 -0.89045
2446472.06717 -1.02371
2446473.06722 -1.43968
2446474.06726 -2.26249
2446475.06731 -2.90450
2446476.06735 -3.47992
2446477.06740 -4.31747
2446478.06745 -3.92979
2446479.06749 -4.79769
2446480.06754 -4.80074
2446481.06758 -5.29634
2446482.06763 -5.30982
2446483.06767 -4.95799
2446484.06772 -4.78785
2446485.06776 -5.73960
2446486.06781 -4.42546
2446487.06786 -4.29844
2446488.06790 -3.45438
2446489.06795 -3.09958
2446490.06799 -2.14805
2446491.06804 -1.45905
2446492.06808 -1.50825
2446493.06813 -0.89273
2446494.06818 -0.42486
2446495.06822 -0.23389
2446496.06827 -0.09917
2446497.06831 -0.03921
2446498.06836 -0.11464
2446499.06840 -0.29328
2446500.06845 -0.52276
2446501.06850 -1.06672
2446502.06854 -1.08349
2446503.06859 -1.95874
2446504.06863 -2.67265
2446505.06868 -3.10524
2446506.06872 -3.63796
2446507.06877 -4.01739
2446508.06881 -4.67579
2446509.06886 -5.07988
2446510.06891 -5.46214
2446511.06895 -4.33155
2446512.06900 -4.68681
2446513.06904 -4.44437
2446514.06909 -4.31200
2446515.06913 -3.52120
2446516.06918 -4.26224
2446517.06923 -3.37681
2446518.06927 -2.57632
2446519.06932 -2.00323
2446520.06936 -1.50238
2446521.06941 -0.97569
2446522.06945 -0.42950
2446523.06950 -0.14143
2446524.06954 0.09463
2446525.06959 0.25174
2446526.06964 0.24560
2446527.06968 0.16611
2446528.06973 -0.05511
2446529.06977 -0.41844
2446530.06982 -0.77434
2446531.06986 -1.35363
2446532.06991 -1.70920
2446533.06996 -2.20730
2446534.07000 -2.82849
2446535.07005 -3.28964
2446536.07009 -3.15124
2446537.07014 -4.47846
2446538.07018 -4.26944
2446539.07023 -4.64024
2446540.07027 -5.07155
2446541.07032 -4.42095
2446542.07037 -4.50625
2446543.07041 -4.12895
2446544.07046 -3.80525
2446545.07050 -2.93284
2446546.07055 -2.71244
2446547.07059 -2.38596
2446548.07064 -1.50137
2446549.07069 -0.98114
2446550.07073 -0.46353
2446551.07078 -0.11523
2446552.07082 0.19713
2446553.07087 0.45284
2446554.07091 0.49690
2446555.07096 0.70986
2446556.07100 0.47493
2446557.07105 0.23791
2446558.07110 -0.11398
2446559.07114 -0.51896
2446560.07119 -1.01870
2446561.07123 -1.65876
2446562.07128 -2.25170
2446563.07132 -2.72274
2446564.07137 -3.38181
2446565.07142 -3.83392
2446566.07146 -3.45990
2446567.07151 -3.56734
2446568.07155 -5.20277
2446569.07160 -3.78813
2446570.07164 -4.30050
2446571.07169 -4.74268
2446572.07173 -3.62337
2446573.07178 -3.33412
2446574.07183 -2.58333
2446575.07187 -2.48845
2446576.07192 -1.54153
2446577.07196 -0.79225
2446578.07201 -0.58225
2446579.07205 -0.11494
2446580.07210 0.30680
2446581.07215 0.59163
2446582.07219 0.87158
2446583.07224 0.81148
2446584.07228 1.01510
2446585.07233 0.69759
2446586.07237 0.52765
2446587.07242 0.15572
2446588.07247 -0.31481
2446589.07251 -0.83597
2446590.07256 -1.19922
2446591.07260 -2.03848
2446592.07265 -2.21089
2446593.07269 -3.10368
2446594.07274 -3.33256
2446595.07278 -3.31400
2446596.07283 -3.42057
2446597.07288 -3.41694
2446598.07292 -4.02511
2446599.07297 -4.13893
2446600.07301 -3.92803
2446601.07306 -3.62363
2446602.07310 -2.99335
2446603.07315 -2.11532
2446604.07320 -1.88198
2446605.07324 -1.38514
2446606.07329 -0.78531
2446607.07333 -0.17448
2446608.07338 0.36461
2446609.07342 0.70570
2446610.07347 1.18622
2446611.07351 1.19538
2446612.07356 1.23119
2446613.07361 1.36312
2446614.07365 1.07791
2446615.07370 0.82395
2446616.07374 0.40499
2446617.07379 -0.00789
2446618.07383 -0.53561
2446619.07388 -1.14763
2446620.07393 -1.68093
2446621.07397 -1.91708
2446622.07402 -2.63273
2446623.07406 -3.02330
2446624.07411 -3.05187
2446625.07415 -3.81812
2446626.07420 -3.35021
2446627.07424 -3.35291
2446628.07429 -3.51241
2446629.07434 -3.22021
2446630.07438 -2.60188
2446631.07443 -2.65377
2446632.07447 -2.08779
2446633.07452 -1.31130
2446634.07456 -0.68950
2446635.07461 -0.25591
2446636.07466 0.29033
2446637.07470 0.87335
2446638.07475 0.93502
2446639.07479 1.62721
2446640.07484 1.47715
2446827.08337 -1.06610
2446828.08342 -0.89394
2446829.08346 -1.03895
2446830.08351 -0.74036
2446831.08355 -0.42439
2446832.08360 -0.11775
2446833.08365 0.26218
2446834.08369 1.03792
2446835.08374 1.42154
2446836.08378 2.12137
2446837.08383 2.75981
2446838.08387 3.17984
2446839.08392 2.97181
2446840.08396 3.40702
2446841.08401 4.75317
2446842.08406 4.50227
2446843.08410 4.00885
2446844.08415 4.17416
2446845.08419 3.54642
2446846.08424 3.82832
2446847.08428 2.75824
2446848.08433 2.99392
2446849.08438 2.15073
2446850.08442 1.85900
2446851.08447 1.21175
2446852.08451 0.54330
2446853.08456 0.15280
2446854.08460 -0.25012
2446855.08465 -0.41080
2446856.08469 -0.64202
2446857.08474 -0.72407
2446858.08479 -0.67697
2446859.08483 -0.38193
2446860.08488 -0.12012
2446861.08492 0.30672
2446862.08497 0.84896
2446863.08501 1.50388
2446864.08506 1.97183
2446865.08511 2.34644
2446866.08515 3.06525
2446867.08520 3.17474
2446868.08524 3.96729
2446869.08529 4.18546
2446870.08533 4.38454
2446871.08538 4.68525
2446872.08542 4.66180
2446873.08547 4.94600
2446874.08552 4.66549
2446875.08556 3.80772
2446876.08561 3.69837
2446877.08565 3.29250
2446878.08570 2.33776
2446879.08574 1.95248
2446880.08579 1.32807
2446881.08584 0.90907
2446882.08588 0.40343
2446883.08593 0.05086
2446884.08597 -0.22388
2446885.08602 -0.38724
2446886.08606 -0.26260
2446887.08611 -0.25537
2446888.08615 -0.02590
2446889.08620 0.31823
2446890.08625 0.62489
2446891.08629 1.49089
2446892.08634 1.89520
2446893.08638 2.12671
2446894.08643 3.36678
2446895.08647 3.23265
2446896.08652 3.53848
2446897.08657 4.22198
2446898.08661 4.96839
2446899.08666 4.90149
2446900.08670 5.23137
2446901.08675 5.34187
2446902.08679 5.03743
2446903.08684 4.53807
2446904.08689 4.25163
2446905.08693 3.58958
2446906.08698 2.82764
2446907.08702 2.59443
2446908.08707 2.06569
2446909.08711 1.89846
2446910.08716 1.18091
2446911.08720 0.73676
2446912.08725 0.34404
2446913.08730 0.07928
2446914.08734 -0.03835
2446915.08739 -0.02717
2446916.08743 0.08982
2446917.08748 0.42930
2446918.08752 0.72551
2446919.08757 1.00926
2446920.08762 1.49696
2446921.08766 2.48465
2446922.08771 2.96875
2446923.08775 2.90448
2446924.08780 3.72598
2446925.08784 4.69835
2446926.08789 5.95831
2446927.08793 5.22857
2446928.08798 5.00192
2446929.08803 4.91555
2446930.08807 5.80543
2446931.08812 5.29448
2446932.08816 5.40890
2446933.08821 4.76366
2446934.08825 3.98417
2446935.08830 3.53699
2446936.08835 2.74916
2446937.08839 2.29831
2446938.08844 1.72765
2446939.08848 1.31294
2446940.08853 0.96406
2446941.08857 0.55033
2446942.08862 0.34435
2446943.08866 0.27207
2446944.08871 0.30606
2446945.08876 0.37337
2446946.08880 0.68035
2446947.08885 1.15112
2446948.08889 1.58729
2446949.08894 1.65237
2446950.08898 3.03006
2446951.08903 3.62507
2446952.08908 4.46289
2446953.08912 4.81497
2446954.08917 4.80016
2446955.08921 3.62951
2446956.08926 4.45318
2446957.08930 5.45446
2446958.08935 4.89598
2446959.08939 6.77274
2446960.08944 5.87582
2446961.08949 4.65241
2446962.08953 4.20670
2446963.08958 4.33153
2446964.08962 3.48886
2446965.08967 3.64288
2446966.08971 2.35465
2446967.08976 1.87695
2446968.08981 1.35673
2446969.08985 1.11894
2446970.08990 0.94167
2446971.08994 0.54999
2446972.08999 0.53058
2446973.09003 0.73424
2446974.09008 0.69975
2446975.09013 0.88519
2446976.09017 1.31395
2446977.09022 1.92662
2446978.09026 2.61610
2446979.09031 2.86530
2446980.09035 3.56467
2446981.09040 4.15775
2446982.09044 3.82118
2446983.09049 5.89372
2446984.09054 5.75431
2446985.09058 6.70158
2446986.09063 5.66758
2446987.09067 7.13661
2446988.09072 5.06908
2446989.09076 4.80394
2446990.09081 5.29511
2446991.09086 3.86394
2446992.09090 3.51747
2446993.09095 3.92714
2446994.09099 3.27995
2446995.09104 2.68754
2446996.09108 1.74450
2446997.09113 1.42190
2446998.09117 1.26942
2446999.09122 0.89196
2447000.09127 0.85302
2447001.09131 0.74120
2447002.09136 0.96605
2447003.09140 1.25090
2447004.09145 1.49710
2447005.09149 1.80241
2447006.09154 1.91731
2447192.10003 5.09853
2447193.10007 5.85870
2447194.10012 5.72988
2447195.10016 4.59042
2447196.10021 4.00338
2447197.10026 3.74311
2447198.10030 2.93003
2447199.10035 2.86730
2447200.10039 1.65272
2447201.10044 1.94187
2447202.10048 1.94427
2447203.10053 1.68900
2447204.10057 1.73088
2447205.10062 1.82327
2447206.10067 1.89104
2447207.10071 3.10352
2447208.10076 3.85599
2447209.10080 4.46091
2447210.10085 4.20882
2447211.10089 5.19373
2447212.10094 5.69753
2447213.10099 6.26154
2447214.10103 6.49040
2447215.10108 7.97791
2447216.10112 6.79882
2447217.10117 6.92948
2447218.10121 6.32355
2447219.10126 7.93162
2447220.10131 6.88113
2447221.10135 6.40330
2447222.10140 6.60537
2447223.10144 4.68097
2447224.10149 4.37855
2447225.10153 4.34836
2447226.10158 3.76986
2447227.10162 2.72055
2447228.10167 2.41479
2447229.10172 1.87245
2447230.10176 1.60939
2447231.10181 2.06977
2447232.10185 1.41043
2447233.10190 1.79435
2447234.10194 1.95238
2447235.10199 2.90348
2447236.10204 2.80013
2447237.10208 3.74633
2447238.10213 3.29531
2447239.10217 5.01777
2447240.10222 5.65894
2447241.10226 5.54312
2447242.10231 5.51416
2447243.10235 5.93997
2447244.10240 7.32882
2447245.10245 7.37069
2447246.10249 8.53064
2447247.10254 6.75228
2447248.10258 6.99636
2447249.10263 5.41595
2447250.10267 6.10522
2447251.10272 5.27592
2447252.10277 5.13418
2447253.10281 5.05795
2447254.10286 3.14242
2447255.10290 3.08110
2447256.10295 2.31312
2447257.10299 2.56880
2447258.10304 2.27971
2447259.10308 1.84686
2447260.10313 1.55800
2447261.10318 1.33916
2447262.10322 1.97583
2447263.10327 2.15243
2447264.10331 2.64862
2447265.10336 3.02525
2447266.10340 3.33885
2447267.10345 4.45405
2447268.10350 4.13197
2447269.10354 4.58445
2447270.10359 5.85309
2447271.10363 4.84812
2447272.10368 6.11502
2447273.10372 5.50890
2447274.10377 6.29162
2447275.10381 7.09660
2447276.10386 5.47586
2447277.10391 6.53429
2447278.10395 6.05524
2447279.10400 5.77041
2447280.10404 5.48802
2447281.10409 4.15744
2447282.10413 3.80874
2447283.10418 3.89324
2447284.10423 3.73959
2447285.10427 2.37419
2447286.10432 2.41464
2447287.10436 1.66012
2447288.10441 1.82886
2447289.10445 1.47838
2447290.10450 1.58511
2447291.10455 1.94594
2447292.10459 1.95502
2447293.10464 2.74077
2447294.10468 2.49492
2447295.10473 3.55400
2447296.10477 3.80754
2447297.10482 4.01671
2447298.10486 4.91240
2447299.10491 6.54266
2447300.10496 6.59061
2447301.10500 6.50875
2447302.10505 6.97786
2447303.10509 5.27833
2447304.10514 7.35722
2447305.10518 5.85285
2447306.10523 6.56589
2447307.10528 5.83127
2447308.10532 5.97386
2447309.10537 5.04452
2447310.10541 4.35867
2447311.10546 4.35062
2447312.10550 3.24606
2447313.10555 2.47191
2447314.10559 2.79909
2447315.10564 2.00822
2447316.10569 1.37814
2447317.10573 1.53028
2447318.10578 1.50665
2447319.10582 1.55458
2447320.10587 1.65193
2447321.10591 2.27496
2447322.10596 2.74439
2447323.10601 3.27451
2447324.10605 3.61629
2447325.10610 4.47250
2447326.10614 4.68726
2447327.10619 5.56820
2447328.10623 4.94612
2447329.10628 5.45899
2447330.10632 7.18992
2447331.10637 6.88072
2447332.10642 7.15876
2447333.10646 7.49497
2447334.10651 5.62372
2447335.10655 6.72109
2447336.10660 7.11472
2447337.10664 5.55485
2447338.10669 4.90970
2447339.10674 4.35137
2447340.10678 3.64197
2447341.10683 2.54649
2447342.10687 2.39143
2447343.10692 2.24784
2447344.10696 1.64255
2447345.10701 1.38109
2447346.10705 1.50629
2447347.10710 1.46942
2447348.10715 1.60888
2447349.10719 1.48949
2447350.10724 1.72229
2447351.10728 2.54438
2447352.10733 2.91004
2447353.10737 3.80614
2447354.10742 3.90222
2447355.10747 4.52657
2447356.10751 4.49291
2447357.10756 5.43731
2447358.10760 6.84982
2447359.10765 7.70435
2447360.10769 5.98770
2447361.10774 7.09770
2447362.10778 7.16056
2447363.10783 6.69052
2447364.10788 7.03423
2447365.10792 5.01031
2447366.10797 4.79740
2447367.10801 4.60083
2447368.10806 4.07443
2447369.10810 3.85521
2447370.10815 2.70520
2447371.10820 2.44578
2447557.11668 2.45021
2447558.11673 3.73182
2447559.11677 3.65232
2447560.11682 4.22710
2447561.11687 4.39208
2447562.11691 4.28598
2447563.11696 5.31386
2447564.11700 4.12435
2447565.11705 4.16502
2447566.11709 4.43705
2447567.11714 3.62115
2447568.11719 2.82109
2447569.11723 2.61497
2447570.11728 2.00335
2447571.11732 1.60869
2447572.11737 0.80937
2447573.11741 0.35914
2447574.11746 -0.11229
2447575.11750 -0.44423
2447576.11755 -0.75705
2447577.11760 -0.84572
2447578.11764 -0.74746
2447579.11769 -0.55697
2447580.11773 -0.37114
2447581.11778 0.01394
2447582.11782 0.46568
2447583.11787 1.00675
2447584.11792 1.87439
2447585.11796 2.00658
2447586.11801 2.56238
2447587.11805 3.18362
2447588.11810 3.45875
2447589.11814 4.68729
2447590.11819 4.21488
2447591.11823 4.13881
2447592.11828 3.90930
2447593.11833 3.98288
2447594.11837 4.74484
2447595.11842 3.35772
2447596.11846 3.47477
2447597.11851 3.15286
2447598.11855 1.97756
2447599.11860 1.30745
2447600.11865 0.98395
2447601.11869 0.37110
2447602.11874 -0.11675
2447603.11878 -0.56363
2447604.11883 -0.98407
2447605.11887 -1.12868
2447606.11892 -1.28465
2447607.11897 -1.27550
2447608.11901 -0.99810
2447609.11906 -0.73734
2447610.11910 -0.31961
2447611.11915 0.18196
2447612.11919 0.79292
2447613.11924 1.26079
2447614.11928 1.60609
2447615.11933 2.32208
2447616.11938 3.21227
2447617.11942 2.98948
2447618.11947 3.02963
2447619.11951 3.91428
2447620.11956 4.11342
2447621.11960 3.76095
2447622.11965 4.01239
2447623.11970 3.55185
2447624.11974 2.71469
2447625.11979 2.79306
2447626.11983 2.77368
2447627.11988 1.56606
2447628.11992 0.86506
2447629.11997 0.43187
2447630.12001 -0.10516
2447631.12006 -0.53003
2447632.12011 -1.09584
2447633.12015 -1.51671
2447634.12020 -1.33122
2447635.12024 -1.66972
2447636.12029 -1.66758
2447637.12033 -1.53286
2447638.12038 -0.89755
2447639.12043 -0.57055
2447640.12047 -0.11192
2447641.12052 0.44473
2447642.12056 1.20292
2447643.12061 1.65432
2447644.12065 2.01972
2447645.12070 3.00991
2447646.12074 3.59662
2447647.12079 3.16831
2447648.12084 4.06332
2447649.12088 4.16624
2447650.12093 3.47079
2447651.12097 3.06870
2447652.12102 3.22804
2447653.12106 3.00848
2447654.12111 2.19482
2447655.12116 1.85761
2447656.12120 1.07465
2447657.12125 0.55701
2447658.12129 -0.04715
2447659.12134 -0.60786
2447660.12138 -1.22289
2447661.12143 -1.44928
2447662.12147 -1.84908
2447663.12152 -2.46864
2447664.12157 -2.20264
2447665.12161 -1.96594
2447666.12166 -1.76827
2447667.12170 -1.26480
2447668.12175 -0.92336
2447669.12179 -0.38726
2447670.12184 0.19456
2447671.12189 0.75241
2447672.12193 0.98986
2447673.12198 1.92725
2447674.12202 2.56554
2447675.12207 2.89083
2447676.12211 2.94588
2447677.12216 3.25253
2447678.12220 3.12753
2447679.12225 3.11691
2447680.12230 2.71679
2447681.12234 2.33414
2447682.12239 2.33233
2447683.12243 1.75480
2447684.12248 1.18112
2447685.12252 0.62644
2447686.12257 0.04339
2447687.12262 -0.61517
2447688.12266 -0.96920
2447689.12271 -1.69604
2447690.12275 -1.70497
2447691.12280 -2.26040
2447692.12284 -2.04721
2447693.12289 -2.38859
2447694.12294 -2.28653
2447695.12298 -1.94322
2447696.12303 -1.82671
2447697.12307 -1.28832
2447698.12312 -0.72765
2447699.12316 -0.12893
2447700.12321 0.53935
2447701.12325 0.96045
2447702.12330 1.28989
2447703.12335 2.12331
2447704.12339 2.39848
2447705.12344 2.57368
2447706.12348 2.71662
2447707.12353 2.54612
2447708.12357 2.73239
2447709.12362 3.06617
2447710.12367 2.22719
2447711.12371 2.05445
2447712.12376 1.52512
2447713.12380 0.82809
2447714.12385 0.11549
2447715.12389 -0.48357
2447716.12394 -1.01030
2447717.12398 -1.46650
2447718.12403 -1.96851
2447719.12408 -2.62724
2447720.12412 -2.43575
2447721.12417 -3.10914
2447722.12421 -2.89624
2447723.12426 -2.57506
2447724.12430 -1.96162
2447725.12435 -2.15962
2447726.12440 -1.53305
2447727.12444 -0.88382
2447728.12449 -0.40054
2447729.12453 0.16527
2447730.12458 0.91246
2447731.12462 1.22909
2447732.12467 1.84172
2447733.12471 2.24058
2447734.12476 2.58772
2447735.12481 2.67579
2447736.12485 2.62813
2447922.13334 -5.98048
2447923.13339 -5.83766
2447924.13343 -5.38076
2447925.13348 -5.99938
2447926.13352 -4.55070
2447927.13357 -4.90563
2447928.13361 -3.56345
2447929.13366 -3.44737
2447930.13370 -3.09038
2447931.13375 -1.94780
2447932.13380 -1.64771
2447933.13384 -1.27838
2447934.13389 -0.82513
2447935.13393 -0.36134
2447936.13398 -0.22795
2447937.13402 -0.12464
2447938.13407 -0.16614
2447939.13412 -0.28563
2447940.13416 -0.52811
2447941.13421 -1.04248
2447942.13425 -1.28700
2447943.13430 -2.09601
2447944.13434 -2.79319
2447945.13439 -3.22704
2447946.13443 -3.52004
2447947.13448 -4.33550
2447948.13453 -5.42980
2447949.13457 -5.14082
2447950.13462 -4.96250
2447951.13466 -5.93144
2447952.13471 -5.72359
2447953.13475 -5.43384
2447954.13480 -5.61313
2447955.13485 -5.58004
2447956.13489 -4.38871
2447957.13494 -3.76911
2447958.13498 -3.00855
2447959.13503 -3.28000
2447960.13507 -2.35316
2447961.13512 -2.04873
2447962.13516 -1.47020
2447963.13521 -1.06318
2447964.13526 -0.63654
2447965.13530 -0.47406
2447966.13535 -0.36183
2447967.13539 -0.56330
2447968.13544 -0.59540
2447969.13548 -1.07324
2447970.13553 -1.18490
2447971.13558 -1.42965
2447972.13562 -2.65021
2447973.13567 -3.15494
2447974.13571 -4.65538
2447975.13576 -3.81770
2447976.13580 -5.43188
2447977.13585 -4.77141
2447978.13589 -5.91673
2447979.13594 -6.59193
2447980.13599 -7.07945
2447981.13603 -6.71625
2447982.13608 -6.41243
2447983.13612 -7.42623
2447984.13617 -5.47150
2447985.13621 -5.22175
2447986.13626 -4.46512
2447987.13631 -4.09600
2447988.13635 -3.06414
2447989.13640 -3.52846
2447990.13644 -1.98630
2447991.13649 -1.71605
2447992.13653 -1.34032
2447993.13658 -1.00532
2447994.13662 -0.86429
2447995.13667 -0.73758
2447996.13672 -0.79964
2447997.13676 -0.89017
2447998.13681 -1.16728
2447999.13685 -1.80117
2448000.13690 -2.49044
2448001.13694 -2.97968
2448002.13699 -3.67610
2448003.13704 -4.35377
2448004.13708 -5.06733
2448005.13713 -5.45990
2448006.13717 -5.95833
2448007.13722 -6.78580
2448008.13726 -6.52336
2448009.13731 -5.82214
2448010.13736 -5.19701
2448011.13740 -6.05084
2448012.13745 -5.88046
2448013.13749 -4.55129
2448014.13754 -5.46865
2448015.13758 -4.82460
2448016.13763 -3.98436
2448017.13767 -3.23032
2448018.13772 -2.87899
2448019.13777 -2.32972
2448020.13781 -2.21944
2448021.13786 -1.77505
2448022.13790 -1.15331
2448023.13795 -0.98757
2448024.13799 -0.93941
2448025.13804 -1.23386
2448026.13809 -1.19026
2448027.13813 -1.70569
2448028.13818 -2.04658
2448029.13822 -2.44071
2448030.13827 -3.25098
2448031.13831 -4.21732
2448032.13836 -4.59806
2448033.13840 -4.70243
2448034.13845 -5.28440
2448035.13850 -6.19133
2448036.13854 -6.25116
2448037.13859 -6.06840
2448038.13863 -6.47250
2448039.13868 -6.86355
2448040.13872 -6.25528
2448041.13877 -6.82728
2448042.13882 -5.70523
2448043.13886 -5.40535
2448044.13891 -5.51525
2448045.13895 -4.82060
2448046.13900 -3.56459
2448047.13904 -2.86735
2448048.13909 -2.16836
2448049.13913 -2.11925
2448050.13918 -1.70705
2448051.13923 -1.41237
2448052.13927 -1.29475
2448053.13932 -1.07747
2448054.13936 -1.25725
2448055.13941 -1.38407
2448056.13945 -1.77843
2448057.13950 -2.23320
2448058.13955 -2.69024
2448059.13959 -3.69084
2448060.13964 -3.75250
2448061.13968 -4.89579
2448062.13973 -4.21691
2448063.13977 -6.42148
2448064.13982 -6.67798
2448065.13986 -6.63247
2448066.13991 -6.21617
2448067.13996 -5.72924
2448068.14000 -9.22196
2448069.14005 -6.85575
2448070.14009 -7.05080
2448071.14014 -4.72759
2448072.14018 -5.85267
2448073.14023 -5.20932
2448074.14028 -3.86796
2448075.14032 -3.44558
2448076.14037 -3.03111
2448077.14041 -2.56287
2448078.14046 -2.25559
2448079.14050 -1.85975
2448080.14055 -1.68113
2448081.14060 -1.30919
2448082.14064 -1.52494
2448083.14069 -1.58799
2448084.14073 -1.61359
2448085.14078 -2.49198
2448086.14082 -2.88595
2448087.14087 -3.39652
2448088.14091 -3.10451
2448089.14096 -5.46542
2448090.14101 -4.80344
2448091.14105 -5.99209
2448092.14110 -5.62300
2448093.14114 -5.95750
2448094.14119 -6.87707
2448095.14123 -7.56404
2448096.14128 -6.93039
2448097.14133 -7.72741
2448098.14137 -7.16735
2448099.14142 -6.78877
2448100.14146 -6.20635
2448101.14151 -4.59967
2448288.15004 -2.87414
2448289.15009 -3.19402
2448290.15013 -3.74440
2448291.15018 -5.13333
2448292.15022 -4.41180
2448293.15027 -6.69842
2448294.15031 -6.50702
2448295.15036 -6.08740
2448296.15041 -6.91329
2448297.15045 -7.47500
2448298.15050 -6.88796
2448299.15054 -7.10821
2448300.15059 -7.53357
2448301.15063 -6.89507
2448302.15068 -6.27959
2448303.15073 -5.36983
2448304.15077 -5.78337
2448305.15082 -4.99060
2448306.15086 -3.40893
2448307.15091 -3.32500
2448308.15095 -2.59159
2448309.15100 -2.32506
2448310.15104 -1.95254
2448311.15109 -1.62142
2448312.15114 -1.76235
2448313.15118 -1.69405
2448314.15123 -2.00299
2448315.15127 -2.05806
2448316.15132 -2.76270
2448317.15136 -3.47618
2448318.15141 -3.99421
2448319.15146 -4.04068
2448320.15150 -4.59750
2448321.15155 -5.73273
2448322.15159 -5.87701
2448323.15164 -6.41687
2448324.15168 -6.59820
2448325.15173 -6.81369
2448326.15178 -7.17098
2448327.15182 -7.02091
2448328.15187 -7.24635
2448329.15191 -6.87653
2448330.15196 -7.02771
2448331.15200 -5.85665
2448332.15205 -6.12372
2448333.15209 -4.93206
2448334.15214 -4.32054
2448335.15219 -3.57755
2448336.15223 -3.11977
2448337.15228 -2.66892
2448338.15232 -2.07307
2448339.15237 -1.68856
2448340.15241 -1.74249
2448341.15246 -1.56344
2448342.15251 -1.47537
2448343.15255 -1.74732
2448344.15260 -2.21148
2448345.15264 -2.46955
2448346.15269 -3.12641
2448347.15273 -3.89123
2448348.15278 -3.83335
2448349.15282 -4.48492
2448350.15287 -5.17444
2448351.15292 -5.97999
2448352.15296 -6.73962
2448353.15301 -5.57198
2448354.15305 -6.87204
2448355.15310 -6.55280
2448356.15314 -6.00965
2448357.15319 -6.48726
2448358.15324 -6.51176
2448359.15328 -5.82361
2448360.15333 -6.29651
2448361.15337 -4.85967
2448362.15342 -4.42849
2448363.15346 -3.88725
2448364.15351 -2.55875
2448365.15355 -3.03883
2448366.15360 -2.22633
2448367.15365 -1.87268
2448368.15369 -1.83444
2448369.15374 -1.32202
2448370.15378 -1.49970
2448371.15383 -1.56971
2448372.15387 -1.58278
2448373.15392 -2.30764
2448374.15397 -2.87224
2448375.15401 -3.20233
2448376.15406 -4.25720
2448377.15410 -4.24935
2448378.15415 -5.10694
2448379.15419 -6.25409
2448380.15424 -6.57379
2448381.15428 -6.46198
2448382.15433 -6.23257
2448383.15438 -7.57711
2448384.15442 -6.98093
2448385.15447 -7.61976
2448386.15451 -7.56120
2448387.15456 -6.11700
2448388.15460 -4.76973
2448389.15465 -5.55460
2448390.15470 -5.53208
2448391.15474 -4.12865
2448392.15479 -3.36165
2448393.15483 -2.93295
2448394.15488 -2.48554
2448395.15492 -1.92246
2448396.15497 -1.90532
2448397.15502 -1.29229
2448398.15506 -1.16123
2448399.15511 -1.25595
2448400.15515 -1.41335
2448401.15520 -1.48822
2448402.15524 -1.77014
2448403.15529 -2.16851
2448404.15533 -3.24798
2448405.15538 -4.52511
2448406.15543 -3.68346
2448407.15547 -5.20202
2448408.15552 -4.98848
2448409.15556 -5.21930
2448410.15561 -6.19420
2448411.15565 -6.64300
2448412.15570 -5.94266
2448413.15575 -7.35466
2448414.15579 -6.13381
2448415.15584 -6.42527
2448416.15588 -6.06012
2448417.15593 -4.77165
2448418.15597 -5.40362
2448419.15602 -5.60957
2448420.15606 -3.95106
2448421.15611 -3.21997
2448422.15616 -2.58054
2448423.15620 -2.24387
2448424.15625 -1.60360
2448425.15629 -1.19987
2448426.15634 -1.02556
2448427.15638 -0.91493
2448428.15643 -1.09146
2448429.15648 -1.12158
2448430.15652 -1.49090
2448431.15657 -1.90916
2448432.15661 -2.45513
2448433.15666 -2.91849
2448434.15670 -3.86334
2448435.15675 -4.66053
2448436.15679 -4.32705
2448437.15684 -4.61944
2448438.15689 -6.00432
2448439.15693 -5.41452
2448440.15698 -6.19037
2448441.15702 -7.33420
2448442.15707 -6.55178
2448443.15711 -5.17250
2448444.15716 -5.85740
2448445.15721 -5.99916
2448446.15725 -4.70750
2448447.15730 -5.10264
2448448.15734 -4.20203
2448449.15739 -3.30105
2448450.15743 -2.98291
2448451.15748 -2.43194
2448452.15752 -1.91988
2448453.15757 -1.23285
2448454.15762 -0.82698
2448455.15766 -0.79653
2448456.15771 -0.78407
2448457.15775 -0.79687
2448458.15780 -0.85207
2448459.15784 -1.10088
2448460.15789 -1.56256
2448461.15794 -2.05678
2448462.15798 -2.54851
2448463.15803 -3.29564
2448464.15807 -3.90476
2448465.15812 -4.56044
2448466.15816 -5.74507
2448467.15821 -5.53087
2448653.16670 0.40218
2448654.16674 0.90875
2448655.16679 1.31877
2448656.16683 1.58010
2448657.16688 2.13057
2448658.16693 1.85514
2448659.16697 2.06609
2448660.16702 1.65983
2448661.16706 1.11052
2448662.16711 0.82724
2448663.16715 0.24658
2448664.16720 -0.36612
2448665.16724 -0.92243
2448666.16729 -1.44585
2448667.16734 -1.80640
2448668.16738 -2.86935
2448669.16743 -3.12268
2448670.16747 -3.62852
2448671.16752 -3.29028
2448672.16756 -3.75761
2448673.16761 -4.06283
2448674.16766 -2.83234
2448675.16770 -3.38696
2448676.16775 -2.81907
2448677.16779 -2.22169
2448678.16784 -1.60259
2448679.16788 -0.86513
2448680.16793 -0.27919
2448681.16797 0.33398
2448682.16802 0.91318
2448683.16807 1.46202
2448684.16811 1.74116
2448685.16816 1.85574
2448686.16820 2.64622
2448687.16825 1.92603
2448688.16829 1.92248
2448689.16834 1.95952
2448690.16839 1.38123
2448691.16843 1.00429
2448692.16848 0.54511
2448693.16852 -0.06643
2448694.16857 -0.75694
2448695.16861 -1.29489
2448696.16866 -1.83167
2448697.16870 -2.25479
2448698.16875 -2.77577
2448699.16880 -3.29025
2448700.16884 -3.26492
2448701.16889 -3.55952
2448702.16893 -3.72410
2448703.16898 -2.78403
2448704.16902 -2.90782
2448705.16907 -2.39666
2448706.16912 -1.27357
2448707.16916 -0.99713
2448708.16921 -0.44934
2448709.16925 0.22490
2448710.16930 0.98108
2448711.16934 1.39980
2448712.16939 1.55202
2448713.16944 2.10468
2448714.16948 2.18099
2448715.16953 2.85276
2448716.16957 2.19041
2448717.16962 2.82886
2448718.16966 2.34932
2448719.16971 1.99172
2448720.16975 1.53967
2448721.16980 1.03702
2448722.16985 0.23137
2448723.16989 -0.33680
2448724.16994 -1.01581
2448725.16998 -1.58202
2448726.17003 -2.14705
2448727.17007 -2.63082
2448728.17012 -2.67725
2448729.17017 -3.36894
2448730.17021 -2.97285
2448731.17026 -2.61764
2448732.17030 -2.58547
2448733.17035 -2.12913
2448734.17039 -1.67017
2448735.17044 -1.15918
2448736.17048 -0.47489
2448737.17053 0.16327
2448738.17058 0.77849
2448739.17062 1.20611
2448740.17067 2.17112
2448741.17071 2.25031
2448742.17076 3.13982
2448743.17080 2.67497
2448744.17085 2.95163
2448745.17090 3.37137
2448746.17094 3.11973
2448747.17099 2.28129
2448748.17103 2.31186
2448749.17108 1.75905
2448750.17112 1.29013
2448751.17117 0.55287
2448752.17121 -0.05353
2448753.17126 -0.67127
2448754.17131 -1.22622
2448755.17135 -1.88907
2448756.17140 -2.29866
2448757.17144 -2.30868
2448758.17149 -2.32413
2448759.17153 -2.63923
2448760.17158 -2.55018
2448761.17163 -2.11639
2448762.17167 -1.54793
2448763.17172 -1.28094
2448764.17176 -0.64549
2448765.17181 0.06672
2448766.17185 0.60783
2448767.17190 1.67133
2448768.17194 2.12191
2448769.17199 2.19442
2448770.17204 3.31132
2448771.17208 3.09569
2448772.17213 3.84469
2448773.17217 3.75433
2448774.17222 3.88608
2448775.17226 3.76091
2448776.17231 2.42220
2448777.17236 2.74277
2448778.17240 2.47599
2448779.17245 1.51090
2448780.17249 0.79144
2448781.17254 0.24903
2448782.17258 -0.32927
2448783.17263 -0.87002
2448784.17268 -1.36418
2448785.17272 -1.51700
2448786.17277 -1.89615
2448787.17281 -2.30753
2448788.17286 -1.89466
2448789.17290 -1.96131
2448790.17295 -1.49616
2448791.17299 -1.01359
2448792.17304 -0.54216
2448793.17309 -0.01916
2448794.17313 0.61803
2448795.17318 1.34199
2448796.17322 1.87651
2448797.17327 2.44863
2448798.17331 2.76613
2448799.17336 3.35736
2448800.17341 3.92986
2448801.17345 4.36331
2448802.17350 4.33963
2448803.17354 3.33213
2448804.17359 3.09740
2448805.17363 3.66840
2448806.17368 2.74917
2448807.17372 2.25542
2448808.17377 1.99986
2448809.17382 1.11451
2448810.17386 0.55138
2448811.17391 -0.02538
2448812.17395 -0.66430
2448813.17400 -1.08428
2448814.17404 -1.38024
2448815.17409 -1.62044
2448816.17414 -1.59297
2448817.17418 -1.47049
2448818.17423 -1.21533
2448819.17427 -0.96324
2448820.17432 -0.58216
2448821.17436 -0.09534
2448822.17441 0.47814
2448823.17445 1.16947
2448824.17450 1.64879
2448825.17455 2.37355
2448826.17459 3.13881
2448827.17464 4.14218
2448828.17468 3.98062
2448829.17473 4.14824
2448830.17477 4.74855
2448831.17482 4.15616
2448832.17487 5.11960
2449018.18335 0.96669
2449019.18340 1.00862
2449020.18344 1.31351
2449021.18349 1.38194
2449022.18354 1.82624
2449023.18358 2.29115
2449024.18363 2.94153
2449025.18367 3.82403
2449026.18372 4.77853
2449027.18376 6.10956
2449028.18381 5.78745
2449029.18386 5.86465
2449030.18390 5.41931
2449031.18395 7.94915
2449032.18399 7.14546
2449033.18404 5.90426
2449034.18408 5.97337
2449035.18413 7.49206
2449036.18417 5.66547
2449037.18422 5.75222
2449038.18427 6.01919
2449039.18431 4.51196
2449040.18436 4.15654
2449041.18440 3.46270
2449042.18445 2.84664
2449043.18449 2.10611
2449044.18454 1.94435
2449045.18459 1.38396
2449046.18463 1.13585
2449047.18468 1.10092
2449048.18472 1.37176
2449049.18477 1.35331
2449050.18481 1.95031
2449051.18486 2.27060
2449052.18490 2.50199
2449053.18495 3.64175
2449054.18500 4.17690
2449055.18504 5.06371
2449056.18509 5.68497
2449057.18513 6.56006
2449058.18518 7.58838
2449059.18522 6.25798
2449060.18527 6.75417
2449061.18532 7.79730
2449062.18536 6.39201
2449063.18541 7.33663
2449064.18545 6.67918
2449065.18550 7.00522
2449066.18554 4.57587
2449067.18559 4.64483
2449068.18563 4.54455
2449069.18568 4.44520
2449070.18573 3.73270
2449071.18577 2.57474
2449072.18582 2.13271
2449073.18586 1.39840
2449074.18591 1.45458
2449075.18595 1.53589
2449076.18600 1.45096
2449077.18605 1.03594
2449078.18609 1.99481
2449079.18614 2.34492
2449080.18618 2.95704
2449081.18623 3.11628
2449082.18627 3.90776
2449083.18632 5.32187
2449084.18636 5.14030
2449085.18641 5.79339
2449086.18646 7.90151
2449087.18650 7.31922
2449088.18655 7.92435
2449089.18659 6.74912
2449090.18664 7.82208
2449091.18668 8.36226
2449092.18673 7.33167
2449093.18678 5.57888
2449094.18682 7.20567
2449095.18687 5.84494
2449096.18691 5.16724
2449097.18696 4.40952
2449098.18700 4.03855
2449099.18705 3.30868
2449100.18710 2.01655
2449101.18714 2.48607
2449102.18719 2.09369
2449103.18723 1.81657
2449104.18728 1.58774
2449105.18732 1.57814
2449106.18737 1.96813
2449107.18741 2.12088
2449108.18746 2.88169
2449109.18751 2.71083
2449110.18755 4.22286
2449111.18760 3.75923
2449112.18764 4.52780
2449113.18769 5.95490
2449114.18773 6.45274
2449115.18778 5.98808
2449116.18783 7.56215
2449117.18787 6.88629
2449118.18792 6.21298
2449119.18796 8.81777
2449120.18801 7.55280
2449121.18805 7.62747
2449122.18810 6.74649
2449123.18814 6.06850
2449124.18819 6.73120
2449125.18824 5.40595
2449126.18828 4.43647
2449127.18833 4.06542
2449128.18837 3.99146
2449129.18842 2.75950
2449130.18846 2.21298
2449131.18851 1.92432
2449132.18856 1.86210
2449133.18860 2.17752
2449134.18865 1.93613
2449135.18869 1.81950
2449136.18874 2.20887
2449137.18878 2.51381
2449138.18883 4.10937
2449139.18887 3.75099
2449140.18892 4.23494
2449141.18897 6.06093
2449142.18901 6.24281
2449143.18906 5.53993
2449144.18910 6.63721
2449145.18915 7.34445
2449146.18919 7.24175
2449147.18924 7.47150
2449148.18929 8.15006
2449149.18933 8.91297
2449150.18938 6.59639
2449151.18942 7.33845
2449152.18947 6.64846
2449153.18951 5.87161
2449154.18956 5.97427
2449155.18960 4.40217
2449156.18965 4.50631
2449157.18970 3.01169
2449158.18974 2.78774
2449159.18979 2.49699
2449160.18983 2.18030
2449161.18988 1.91280
2449162.18992 1.91653
2449163.18997 2.11131
2449164.19002 2.08585
2449165.19006 2.82363
2449166.19011 2.46010
2449167.19015 3.48612
2449168.19020 3.00523
2449169.19024 5.74269
2449170.19029 5.62410
2449171.19033 6.77531
2449172.19038 6.54368
2449173.19043 7.23353
2449174.19047 7.03152
2449175.19052 7.81029
2449176.19056 7.33275
2449177.19061 8.08377
2449178.19065 7.47939
2449179.19070 8.35944
2449180.19075 6.64849
2449181.19079 6.02782
2449182.19084 6.37644
2449183.19088 6.22306
2449184.19093 5.19924
2449185.19097 4.47681
2449186.19102 3.16273
2449187.19107 2.66472
2449188.19111 2.25090
2449189.19116 2.02835
2449190.19120 1.93180
2449191.19125 2.09607
2449192.19129 1.83022
2449193.19134 2.11354
2449194.19138 2.49247
2449195.19143 2.95513
2449196.19148 3.43732
2449197.19152 3.68848
2449383.20001 4.87967
2449384.20005 5.47541
2449385.20010 4.76084
2449386.20015 4.02213
2449387.20019 3.12509
2449388.20024 2.98160
2449389.20028 2.03636
2449390.20033 1.77037
2449391.20037 1.46041
2449392.20042 1.55015
2449393.20047 1.34554
2449394.20051 1.70108
2449395.20056 1.74509
2449396.20060 1.76298
2449397.20065 2.97307
2449398.20069 3.28197
2449399.20074 4.32636
2449400.20078 5.14172
2449401.20083 5.22448
2449402.20088 5.63648
2449403.20092 5.80260
2449404.20097 6.19263
2449405.20101 5.54423
2449406.20106 6.60041
2449407.20110 7.44504
2449408.20115 7.64796
2449409.20120 7.16464
2449410.20124 6.61654
2449411.20129 6.20701
2449412.20133 5.00820
2449413.20138 4.36316
2449414.20142 4.28682
2449415.20147 3.75517
2449416.20152 3.16377
2449417.20156 2.25609
2449418.20161 1.60217
2449419.20165 1.79190
2449420.20170 1.23687
2449421.20174 1.16625
2449422.20179 1.30878
2449423.20183 1.62766
2449424.20188 1.70781
2449425.20193 2.05365
2449426.20197 2.82977
2449427.20202 2.90756
2449428.20206 3.82524
2449429.20211 4.58875
2449430.20215 4.54081
2449431.20220 5.78762
2449432.20225 6.42637
2449433.20229 5.96020
2449434.20234 6.60793
2449435.20238 8.11577
2449436.20243 7.93942
2449437.20247 6.71333
2449438.20252 5.65333
2449439.20256 6.01712
2449440.20261 4.96147
2449441.20266 5.57226
2449442.20270 4.99463
2449443.20275 3.20309
2449444.20279 3.81274
2449445.20284 2.35627
2449446.20288 1.56037
2449447.20293 1.33745
2449448.20298 1.27622
2449449.20302 0.88709
2449450.20307 0.71921
2449451.20311 0.92916
2449452.20316 1.21948
2449453.20320 1.51550
2449454.20325 1.73634
2449455.20329 2.71730
2449456.20334 3.12332
2449457.20339 3.77447
2449458.20343 4.72085
2449459.20348 4.29607
2449460.20352 5.38478
2449461.20357 6.69171
2449462.20361 7.00066
2449463.20366 7.02176
2449464.20371 6.53409
2449465.20375 6.03617
2449466.20380 6.17346
2449467.20384 5.53426
2449468.20389 5.96643
2449469.20393 5.94672
2449470.20398 4.83937
2449471.20402 4.10819
2449472.20407 3.43322
2449473.20412 2.74068
2449474.20416 2.34200
2449475.20421 1.76832
2449476.20425 1.14527
2449477.20430 0.93891
2449478.20434 0.76314
2449479.20439 0.61210
2449480.20444 0.70117
2449481.20448 0.88065
2449482.20453 1.32424
2449483.20457 1.84569
2449484.20462 2.13566
2449485.20466 3.03421
2449486.20471 3.32241
2449487.20475 4.25306
2449488.20480 4.99190
2449489.20485 6.01043
2449490.20489 6.27388
2449491.20494 6.41752
2449492.20498 5.86745
2449493.20503 6.42356
2449494.20507 7.56908
2449495.20512 5.77351
2449496.20517 5.94510
2449497.20521 4.92466
2449498.20526 4.79379
2449499.20530 4.54300
2449500.20535 4.42369
2449501.20539 2.89574
2449502.20544 2.71034
2449503.20549 1.78646
2449504.20553 1.25637
2449505.20558 0.95564
2449506.20562 0.47616
2449507.20567 0.33298
2449508.20571 0.27318
2449509.20576 0.35074
2449510.20580 0.56639
2449511.20585 1.11247
2449512.20590 1.43328
2449513.20594 1.94272
2449514.20599 2.09753
2449515.20603 2.99296
2449516.20608 4.63411
2449517.20612 5.09045
2449518.20617 5.88276
2449519.20622 5.52341
2449520.20626 5.45057
2449521.20631 6.59997
2449522.20635 6.83157
2449523.20640 6.11005
2449524.20644 6.13512
2449525.20649 5.52713
2449526.20653 4.56353
2449527.20658 3.63699
2449528.20663 3.73685
2449529.20667 3.29816
2449530.20672 2.70511
2449531.20676 1.97610
2449532.20681 1.39929
2449533.20685 0.89608
2449534.20690 0.30449
2449535.20695 0.08826
2449536.20699 -0.07362
2449537.20704 -0.09071
2449538.20708 0.04567
2449539.20713 0.32248
2449540.20717 0.66400
2449541.20722 1.05331
2449542.20726 1.76292
2449543.20731 2.40800
2449544.20736 3.09524
2449545.20740 4.45943
2449546.20745 4.16125
2449547.20749 4.75359
2449548.20754 5.25895
2449549.20758 5.54377
2449550.20763 7.10243
2449551.20768 5.26051
2449552.20772 5.74777
2449553.20777 4.80684
2449554.20781 5.24624
2449555.20786 4.86691
2449556.20790 4.35357
2449557.20795 3.41176
2449558.20799 3.53290
2449559.20804 1.82046
2449560.20809 1.44733
2449561.20813 0.91259
2449562.20818 0.37080
2449749.21671 2.11159
2449750.21676 2.53180
2449751.21680 2.31025
2449752.21685 2.66173
2449753.21689 2.74206
2449754.21694 3.22368
2449755.21698 2.89134
2449756.21703 2.13935
2449757.21708 1.61704
2449758.21712 0.92899
2449759.21717 0.21838
2449760.21721 -0.49242
2449761.21726 -1.17735
2449762.21730 -1.81402
2449763.21735 -2.58601
2449764.21740 -2.32799
2449765.21744 -3.14802
2449766.21749 -3.21629
2449767.21753 -2.94936
2449768.21758 -3.43969
2449769.21762 -3.32444
2449770.21767 -2.94267
2449771.21771 -2.64792
2449772.21776 -2.15339
2449773.21781 -1.32725
2449774.21785 -0.80967
2449775.21790 -0.05058
2449776.21794 0.65092
2449777.21799 1.18214
2449778.21803 1.88028
2449779.21808 2.22344
2449780.21813 2.07004
2449781.21817 2.58585
2449782.21822 2.74205
2449783.21826 1.96364
2449784.21831 1.78300
2449785.21835 1.41769
2449786.21840 0.83562
2449787.21844 0.31757
2449788.21849 -0.42184
2449789.21854 -1.06027
2449790.21858 -1.70965
2449791.21863 -2.42513
2449792.21867 -3.35588
2449793.21872 -3.11057
2449794.21876 -4.51562
2449795.21881 -4.10436
2449796.21886 -4.65472
2449797.21890 -4.48768
2449798.21895 -4.07321
2449799.21899 -3.34712
2449800.21904 -3.18187
2449801.21908 -2.40974
2449802.21913 -1.67031
2449803.21917 -0.88582
2449804.21922 -0.39896
2449805.21927 0.28145
2449806.21931 0.78752
2449807.21936 1.23197
2449808.21940 1.95355
2449809.21945 2.08151
2449810.21949 1.92262
2449811.21954 2.25158
2449812.21959 1.80267
2449813.21963 1.48514
2449814.21968 1.02286
2449815.21972 0.29818
2449816.21977 -0.29143
2449817.21981 -0.96919
2449818.21986 -1.53210
2449819.21991 -2.37080
2449820.21995 -3.50393
2449821.22000 -3.35218
2449822.22004 -4.09802
2449823.22009 -3.82902
2449824.22013 -4.58186
2449825.22018 -5.25113
2449826.22022 -5.80211
2449827.22027 -5.16114
2449828.22032 -3.75529
2449829.22036 -3.34486
2449830.22041 -2.31086
2449831.22045 -1.82057
2449832.22050 -1.44792
2449833.22054 -0.69333
2449834.22059 -0.07421
2449835.22064 0.52428
2449836.22068 0.90237
2449837.22073 1.17762
2449838.22077 1.54798
2449839.22082 1.35084
2449840.22086 1.45158
2449841.22091 1.21605
2449842.22095 0.80699
2449843.22100 0.39827
2449844.22105 -0.18696
2449845.22109 -0.97396
2449846.22114 -1.45600
2449847.22118 -2.33055
2449848.22123 -3.08284
2449849.22127 -3.39054
2449850.22132 -3.70249
2449851.22137 -4.61236
2449852.22141 -4.60843
2449853.22146 -5.88920
2449854.22150 -5.36357
2449855.22155 -4.35578
2449856.22159 -5.27488
2449857.22164 -4.06911
2449858.22168 -3.23877
2449859.22173 -2.83901
2449860.22178 -2.49234
2449861.22182 -1.76697
2449862.22187 -1.04070
2449863.22191 -0.47468
2449864.22196 0.08402
2449865.22200 0.59306
2449866.22205 1.08621
2449867.22210 1.12222
2449868.22214 1.15780
2449869.22219 0.94306
2449870.22223 0.76811
2449871.22228 0.38290
2449872.22232 -0.16927
2449873.22237 -0.65608
2449874.22241 -1.32647
2449875.22246 -2.07147
2449876.22251 -2.92693
2449877.22255 -3.28907
2449878.22260 -3.96678
2449879.22264 -4.65750
2449880.22269 -6.09012
2449881.22273 -4.95212
2449882.22278 -4.26926
2449883.22283 -5.15012
2449884.22287 -4.63682
2449885.22292 -4.52976
2449886.22296 -4.33175
2449887.22301 -3.74948
2449888.22305 -3.12506
2449889.22310 -2.47009
2449890.22315 -1.95611
2449891.22319 -1.44203
2449892.22324 -0.69164
2449893.22328 -0.20567
2449894.22333 0.22609
2449895.22337 0.51107
2449896.22342 0.67627
2449897.22346 0.64453
2449898.22351 0.45838
2449899.22356 0.26767
2449900.22360 -0.17430
2449901.22365 -0.79270
2449902.22369 -1.18570
2449903.22374 -2.07964
2449904.22378 -2.17816
2449905.22383 -2.97126
2449906.22388 -3.79992
2449907.22392 -4.62491
2449908.22397 -4.29587
2449909.22401 -5.54117
2449910.22406 -4.82375
2449911.22410 -5.03550
2449912.22415 -4.29867
2449913.22419 -4.83224
2449914.22424 -5.50774
2449915.22429 -4.53966
2449916.22433 -3.62796
2449917.22438 -3.69933
2449918.22442 -2.64961
2449919.22447 -2.06530
2449920.22451 -1.65629
2449921.22456 -1.01624
2449922.22461 -0.55553
2449923.22465 -0.12838
2449924.22470 0.13225
2449925.22474 0.26040
2449926.22479 0.23523
2449927.22483 0.10386
2449928.22488 -0.26011
2450114.23337 -7.75021
2450115.23341 -6.42387
2450116.23346 -7.28491
2450117.23350 -6.45099
2450118.23355 -5.15155
2450119.23359 -5.23318
2450120.23364 -5.58808
2450121.23369 -3.85297
2450122.23373 -3.17172
2450123.23378 -2.69892
2450124.23382 -2.14397
2450125.23387 -1.77632
2450126.23391 -1.59756
2450127.23396 -1.91185
2450128.23401 -1.89860
2450129.23405 -2.21241
2450130.23410 -2.06977
2450131.23414 -2.52003
2450132.23419 -3.23907
2450133.23423 -4.02069
2450134.23428 -4.31661
2450135.23433 -5.09015
2450136.23437 -6.03605
2450137.23442 -7.04694
2450138.23446 -7.15917
2450139.23451 -8.58753
2450140.23455 -9.05683
2450141.23460 -8.67286
2450142.23464 -8.09366
2450143.23469 -8.28979
2450144.23474 -6.62717
2450145.23478 -6.93043
2450146.23483 -6.96261
2450147.23487 -5.82672
2450148.23492 -4.84828
2450149.23496 -4.06960
2450150.23501 -4.18257
2450151.23506 -4.16521
2450152.23510 -3.16461
2450153.23515 -2.50548
2450154.23519 -2.30119
2450155.23524 -1.61775
2450156.23528 -2.01331
2450157.23533 -2.02266
2450158.23537 -2.51303
2450159.23542 -3.26368
2450160.23547 -2.70291
2450161.23551 -4.35174
2450162.23556 -4.73417
2450163.23560 -5.47187
2450164.23565 -5.33397
2450165.23569 -6.54074
2450166.23574 -6.52203
2450167.23579 -6.51912
2450168.23583 -7.90550
2450169.23588 -7.45604
2450170.23592 -7.28126
2450171.23597 -7.04833
2450172.23601 -8.80499
2450173.23606 -8.09795
2450174.23610 -8.68341
2450175.23615 -7.23447
2450176.23620 -6.26695
2450177.23624 -6.36339
2450178.23629 -4.20841
2450179.23633 -3.81723
2450180.23638 -3.42820
2450181.23642 -3.41543
2450182.23647 -2.69438
2450183.23652 -2.35660
2450184.23656 -2.14087
2450185.23661 -1.85885
2450186.23665 -2.18289
2450187.23670 -2.58524
2450188.23674 -2.69370
2450189.23679 -3.24681
2450190.23683 -4.20597
2450191.23688 -3.88899
2450192.23693 -5.31532
2450193.23697 -5.25174
2450194.23702 -7.55350
2450195.23706 -6.86571
2450196.23711 -7.99009
2450197.23715 -8.98988
2450198.23720 -8.71967
2450199.23725 -8.69497
2450200.23729 -9.62492
2450201.23734 -7.93130
2450202.23738 -8.13566
2450203.23743 -7.70532
2450204.23747 -7.68702
2450205.23752 -6.61172
2450206.23757 -5.49392
2450207.23761 -4.19072
2450208.23766 -4.33052
2450209.23770 -4.18819
2450210.23775 -3.09323
2450211.23779 -2.25078
2450212.23784 -2.13023
2450213.23788 -2.18819
2450214.23793 -2.58622
2450215.23798 -1.83856
2450216.23802 -2.32484
2450217.23807 -3.00695
2450218.23811 -3.69998
2450219.23816 -3.44264
2450220.23820 -5.15022
2450221.23825 -4.97393
2450222.23830 -6.36052
2450223.23834 -6.53000
2450224.23839 -6.48491
2450225.23843 -6.20422
2450226.23848 -8.54189
2450227.23852 -9.72042
2450228.23857 -7.86248
2450229.23861 -8.22708
2450230.23866 -6.97252
2450231.23871 -7.49571
2450232.23875 -6.01694
2450233.23880 -8.02497
2450234.23884 -5.72691
2450235.23889 -5.63986
2450236.23893 -4.85692
2450237.23898 -3.43603
2450238.23903 -3.52453
2450239.23907 -2.89447
2450240.23912 -2.75128
2450241.23916 -2.44633
2450242.23921 -2.22283
2450243.23925 -1.98712
2450244.23930 -1.68029
2450245.23934 -2.46286
2450246.23939 -3.16100
2450247.23944 -3.85746
2450248.23948 -3.95358
2450249.23953 -5.17108
2450250.23957 -4.80959
2450251.23962 -6.46920
2450252.23966 -6.99311
2450253.23971 -7.84731
2450254.23976 -8.87355
2450255.23980 -9.00014
2450256.23985 -8.67978
2450257.23989 -8.52142
2450258.23994 -7.69992
2450259.23998 -8.27221
2450260.24003 -7.88713
2450261.24007 -7.84104
2450262.24012 -6.60395
2450263.24017 -5.47810
2450264.24021 -5.26905
2450265.24026 -4.32152
2450266.24030 -3.77162
2450267.24035 -3.06593
2450268.24039 -2.57541
2450269.24044 -2.83848
2450270.24049 -2.10836
2450271.24053 -2.40310
2450272.24058 -1.92462
2450273.24062 -2.22271
2450274.24067 -2.36146
2450275.24071 -3.64868
2450276.24076 -3.89393
2450277.24080 -4.89713
2450278.24085 -4.77924
2450279.24090 -5.85874
2450280.24094 -6.71099
2450281.24099 -8.14039
2450282.24103 -7.45603
2450283.24108 -7.59839
2450284.24112 -8.27905
2450285.24117 -9.03053
2450286.24122 -9.13158
2450287.24126 -8.87935
2450288.24131 -7.83903
2450289.24135 -7.63921
2450290.24140 -7.57846
2450291.24144 -6.25363
2450292.24149 -5.15771
2450293.24154 -5.98737
2450479.25002 -3.15951
2450480.25007 -4.09514
2450481.25011 -4.90318
2450482.25016 -4.90585
2450483.25021 -6.10799
2450484.25025 -6.22773
2450485.25030 -6.05785
2450486.25034 -6.86149
2450487.25039 -8.55017
2450488.25043 -7.52794
2450489.25048 -6.99795
2450490.25052 -5.32857
2450491.25057 -5.97785
2450492.25062 -5.45460
2450493.25066 -4.69594
2450494.25071 -4.04865
2450495.25075 -3.60892
2450496.25080 -2.42405
2450497.25084 -1.99245
2450498.25089 -1.17628
2450499.25094 -0.93704
2450500.25098 -0.69502
2450501.25103 -0.47570
2450502.25107 -0.41972
2450503.25112 -0.61059
2450504.25116 -0.87003
2450505.25121 -1.53596
2450506.25125 -1.54934
2450507.25130 -2.34356
2450508.25135 -3.28042
2450509.25139 -3.97184
2450510.25144 -5.16411
2450511.25148 -5.44730
2450512.25153 -5.97332
2450513.25157 -5.29371
2450514.25162 -6.86329
2450515.25167 -6.22990
2450516.25171 -6.34545
2450517.25176 -6.16904
2450518.25180 -6.71196
2450519.25185 -6.35229
2450520.25189 -5.64161
2450521.25194 -4.86176
2450522.25199 -3.36698
2450523.25203 -3.69239
2450524.25208 -3.73724
2450525.25212 -2.22720
2450526.25217 -1.33109
2450527.25221 -1.08276
2450528.25226 -0.65593
2450529.25230 -0.30856
2450530.25235 -0.15976
2450531.25240 -0.11866
2450532.25244 -0.26019
2450533.25249 -0.55372
2450534.25253 -1.01208
2450535.25258 -1.33845
2450536.25262 -1.96905
2450537.25267 -3.02014
2450538.25272 -2.89464
2450539.25276 -3.18117
2450540.25281 -4.91232
2450541.25285 -5.34205
2450542.25290 -6.43088
2450543.25294 -6.33472
2450544.25299 -7.21350
2450545.25303 -6.27521
2450546.25308 -7.59718
2450547.25313 -6.55989
2450548.25317 -4.52104
2450549.25322 -4.34685
2450550.25326 -4.78420
2450551.25331 -4.20850
2450552.25335 -3.01961
2450553.25340 -2.47940
2450554.25345 -1.90951
2450555.25349 -1.15572
2450556.25354 -0.56744
2450557.25358 -0.15635
2450558.25363 0.13487
2450559.25367 0.28937
2450560.25372 0.23604
2450561.25376 0.09923
2450562.25381 -0.27065
2450563.25386 -0.58882
2450564.25390 -1.06105
2450565.25395 -2.15013
2450566.25399 -2.63058
2450567.25404 -3.55772
2450568.25408 -3.94715
2450569.25413 -4.41291
2450570.25418 -5.18561
2450571.25422 -5.52308
2450572.25427 -4.50562
2450573.25431 -6.31925
2450574.25436 -5.58895
2450575.25440 -5.75479
2450576.25445 -5.67632
2450577.25449 -5.73679
2450578.25454 -4.47134
2450579.25459 -4.85720
2450580.25463 -4.36896
2450581.25468 -2.34001
2450582.25472 -1.45662
2450583.25477 -1.20009
2450584.25481 -0.53412
2450585.25486 -0.09117
2450586.25491 0.29629
2450587.25495 0.63874
2450588.25500 0.67752
2450589.25504 0.64315
2450590.25509 0.50168
2450591.25513 0.12042
2450592.25518 -0.37296
2450593.25522 -0.89879
2450594.25527 -1.32912
2450595.25532 -2.30494
2450596.25536 -2.81695
2450597.25541 -3.69573
2450598.25545 -3.52089
2450599.25550 -4.57934
2450600.25554 -5.49761
2450601.25559 -5.23983
2450602.25564 -4.88713
2450603.25568 -4.35442
2450604.25573 -4.48893
2450605.25577 -4.90189
2450606.25582 -5.13881
2450607.25586 -4.64645
2450608.25591 -3.22947
2450609.25596 -2.95858
2450610.25600 -1.75811
2450611.25605 -1.47118
2450612.25609 -0.64306
2450613.25614 -0.08268
2450614.25618 0.45334
2450615.25623 0.99086
2450616.25627 1.14524
2450617.25632 1.12218
2450618.25637 1.09413
2450619.25641 0.70682
2450620.25646 0.50538
2450621.25650 0.01549
2450622.25655 -0.52969
2450623.25659 -1.14986
2450624.25664 -1.90111
2450625.25669 -2.72289
2450626.25673 -3.07829
2450627.25678 -3.15977
2450628.25682 -4.93303
2450629.25687 -5.39943
2450630.25691 -5.31526
2450631.25696 -6.12734
2450632.25700 -5.39665
2450633.25705 -5.62777
2450634.25710 -4.00718
2450635.25714 -3.94951
2450636.25719 -4.13569
2450637.25723 -2.65012
2450638.25728 -2.09978
2450639.25732 -1.30035
2450640.25737 -0.82421
2450641.25742 -0.10232
2450642.25746 0.57491
2450643.25751 1.05150
2450644.25755 1.61615
2450645.25760 1.57512
2450646.25764 1.26982
2450647.25769 1.52051
2450648.25773 1.29907
2450649.25778 0.80850
2450650.25783 0.34556
2450651.25787 -0.22970
2450652.25792 -0.80749
2450653.25796 -1.57296
2450654.25801 -2.37898
2450655.25805 -3.28156
2450656.25810 -3.75085
2450657.25815 -4.05732
2450658.25819 -4.22316
2450844.26668 3.57919
2450845.26672 4.59339
2450846.26677 4.32272
2450847.26682 4.87038
2450848.26686 4.62102
2450849.26691 4.00289
2450850.26695 4.47133
2450851.26700 3.75835
2450852.26704 3.65224
2450853.26709 2.83621
2450854.26714 2.23767
2450855.26718 1.99906
2450856.26723 0.82607
2450857.26727 0.21046
2450858.26732 -0.35387
2450859.26736 -0.74940
2450860.26741 -1.20984
2450861.26745 -1.20892
2450862.26750 -1.32068
2450863.26755 -1.30660
2450864.26759 -1.02169
2450865.26764 -0.66947
2450866.26768 -0.08992
2450867.26773 0.58791
2450868.26777 1.17871
2450869.26782 2.01894
2450870.26787 2.96291
2450871.26791 3.25344
2450872.26796 3.76658
2450873.26800 4.55528
2450874.26805 5.33192
2450875.26809 5.50808
2450876.26814 4.97506
2450877.26818 4.15647
2450878.26823 5.61079
2450879.26828 5.50739
2450880.26832 4.62188
2450881.26837 3.83444
2450882.26841 2.82252
2450883.26846 2.02599
2450884.26850 2.06127
2450885.26855 1.39109
2450886.26860 0.56241
2450887.26864 -0.00213
2450888.26869 -0.44743
2450889.26873 -0.64190
2450890.26878 -0.87962
2450891.26882 -1.04743
2450892.26887 -0.81774
2450893.26891 -0.54661
2450894.26896 -0.07925
2450895.26901 0.42391
2450896.26905 1.03462
2450897.26910 2.09918
2450898.26914 2.41195
2450899.26919 3.81280
2450900.26923 3.38358
2450901.26928 4.82069
2450902.26933 5.31278
2450903.26937 5.44966
2450904.26942 5.63305
2450905.26946 7.23392
2450906.26951 5.02083
2450907.26955 5.33163
2450908.26960 5.25801
2450909.26964 3.91342
2450910.26969 3.93110
2450911.26974 3.66829
2450912.26978 2.94601
2450913.26983 2.34196
2450914.26987 1.51144
2450915.26992 1.03108
2450916.26996 0.28236
2450917.27001 -0.08071
2450918.27006 -0.41869
2450919.27010 -0.57864
2450920.27015 -0.53274
2450921.27019 -0.32190
2450922.27024 -0.00821
2450923.27028 0.46784
2450924.27033 1.20876
2450925.27038 1.48330
2450926.27042 2.18146
2450927.27047 2.86932
2450928.27051 3.97688
2450929.27056 4.55799
2450930.27060 5.58974
2450931.27065 5.72787
2450932.27069 5.82618
2450933.27074 6.66006
2450934.27079 6.77289
2450935.27083 6.05929
2450936.27088 5.10734
2450937.27092 5.90408
2450938.27097 5.67359
2450939.27101 5.00630
2450940.27106 4.26671
2450941.27111 3.61510
2450942.27115 2.55944
2450943.27120 1.85350
2450944.27124 1.00048
2450945.27129 0.64393
2450946.27133 0.24404
2450947.27138 -0.00058
2450948.27142 -0.13375
2450949.27147 -0.07124
2450950.27152 0.13017
2450951.27156 0.38358
2450952.27161 1.01353
2450953.27165 1.60824
2450954.27170 2.13435
2450955.27174 2.54455
2450956.27179 3.45327
2450957.27184 3.68535
2450958.27188 5.33540
2450959.27193 5.61772
2450960.27197 5.88869
2450961.27202 6.90920
2450962.27206 6.72307
2450963.27211 6.59633
2450964.27215 6.04766
2450965.27220 5.18858
2450966.27225 5.96362
2450967.27229 5.29129
2450968.27234 3.79511
2450969.27238 4.15358
2450970.27243 3.00676
2450971.27247 3.04622
2450972.27252 2.24506
2450973.27257 1.41684
2450974.27261 1.08177
2450975.27266 0.52610
2450976.27270 0.29571
2450977.27275 0.26275
2450978.27279 0.34138
2450979.27284 0.65490
2450980.27288 1.02235
2450981.27293 1.40100
2450982.27298 2.23454
2450983.27302 2.51229
2450984.27307 2.99217
2450985.27311 5.05301
2450986.27316 4.17324
2450987.27320 5.85619
2450988.27325 5.97259
2450989.27330 6.62297
2450990.27334 6.23958
2450991.27339 7.81721
2450992.27343 6.98100
2450993.27348 8.11751
2450994.27352 7.68562
2450995.27357 5.69492
2450996.27362 6.33735
2450997.27366 5.75797
2450998.27371 4.27484
2450999.27375 3.58472
2451000.27380 2.89068
2451001.27384 2.29163
2451002.27389 1.78014
2451003.27393 1.38563
2451004.27398 0.96464
2451005.27403 0.75030
2451006.27407 0.50265
2451007.27412 0.65420
2451008.27416 1.19482
2451009.27421 1.48305
2451010.27425 2.05944
2451011.27430 2.45018
2451012.27435 3.97457
2451013.27439 3.95044
2451014.27444 5.24208
2451015.27448 5.14495
2451016.27453 5.60400
2451017.27457 6.81150
2451018.27462 6.72615
2451019.27466 6.85570
2451020.27471 7.56024
2451021.27476 7.26952
2451022.27480 7.57457
2451023.27485 6.69067
2451209.28333 2.46299
2451210.28338 2.38552
2451211.28343 3.19135
2451212.28347 3.53091
2451213.28352 4.08496
2451214.28356 3.70307
2451215.28361 5.48512
2451216.28365 6.37859
2451217.28370 7.38870
2451218.28375 7.98821
2451219.28379 8.46902
2451220.28384 9.52521
2451221.28388 10.12895
2451222.28393 8.45134
2451223.28397 8.30229
2451224.28402 8.52488
2451225.28406 8.85237
2451226.28411 7.86458
2451227.28416 6.85255
2451228.28420 8.08184
2451229.28425 5.81095
2451230.28429 5.57623
2451231.28434 4.11636
2451232.28438 3.78111
2451233.28443 3.10873
2451234.28448 2.43899
2451235.28452 2.36448
2451236.28457 1.90282
2451237.28461 1.99590
2451238.28466 1.98975
2451239.28470 3.70288
2451240.28475 3.27645
2451241.28480 3.86336
2451242.28484 4.78244
2451243.28489 5.08891
2451244.28493 5.58067
2451245.28498 7.84958
2451246.28502 7.27128
2451247.28507 7.06017
2451248.28511 8.21449
2451249.28516 8.51861
2451250.28521 10.57230
2451251.28525 7.84453
2451252.28530 9.56972
2451253.28534 7.76192
2451254.28539 9.01734
2451255.28543 7.50050
2451256.28548 7.50319
2451257.28553 5.78879
2451258.28557 5.38881
2451259.28562 4.60009
2451260.28566 3.79947
2451261.28571 3.79338
2451262.28575 3.09998
2451263.28580 2.32321
2451264.28584 2.26655
2451265.28589 2.18561
2451266.28594 2.13416
2451267.28598 2.55223
2451268.28603 2.77133
2451269.28607 3.50744
2451270.28612 4.00819
2451271.28616 4.70091
2451272.28621 6.14816
2451273.28626 5.71557
2451274.28630 6.99845
2451275.28635 7.86546
2451276.28639 6.95423
2451277.28644 6.43226
2451278.28648 7.61108
2451279.28653 6.80765
2451280.28657 8.15417
2451281.28662 6.38499
2451282.28667 8.10177
2451283.28671 10.08462
2451284.28676 7.98699
2451285.28680 7.15349
2451286.28685 6.95174
2451287.28689 5.79803
2451288.28694 4.46605
2451289.28699 3.86310
2451290.28703 3.51253
2451291.28708 3.06636
2451292.28712 1.91179
2451293.28717 2.35368
2451294.28721 2.07056
2451295.28726 2.04150
2451296.28730 2.21356
2451297.28735 2.59800
2451298.28740 3.85490
2451299.28744 4.05199
2451300.28749 4.28059
2451301.28753 5.25241
2451302.28758 6.88893
2451303.28762 7.30195
2451304.28767 7.13433
2451305.28772 6.69220
2451306.28776 8.49109
2451307.28781 9.27961
2451308.28785 8.70781
2451309.28790 7.54353
2451310.28794 9.25045
2451311.28799 8.78392
2451312.28804 8.05642
2451313.28808 6.77886
2451314.28813 6.47700
2451315.28817 6.30308
2451316.28822 5.82223
2451317.28826 5.00748
2451318.28831 4.40012
2451319.28835 3.61900
2451320.28840 2.19992
2451321.28845 2.46656
2451322.28849 1.87859
2451323.28854 1.81248
2451324.28858 2.00877
2451325.28863 2.24107
2451326.28867 2.98731
2451327.28872 2.88705
2451328.28877 3.69559
2451329.28881 5.01067
2451330.28886 5.11127
2451331.28890 6.63417
2451332.28895 6.77382
2451333.28899 6.35469
2451334.28904 8.43254
2451335.28908 7.94397
2451336.28913 9.10176
2451337.28918 8.56179
2451338.28922 10.52963
2451339.28927 8.39019
2451340.28931 9.59194
2451341.28936 8.61411
2451342.28940 7.49365
2451343.28945 6.65274
2451344.28950 6.28777
2451345.28954 5.23341
2451346.28959 4.24291
2451347.28963 3.66950
2451348.28968 2.54373
2451349.28972 2.64228
2451350.28977 2.41281
2451351.28981 2.25685
2451352.28986 1.71662
2451353.28991 2.42523
2451354.28995 2.23291
2451355.29000 1.72189
2451356.29004 3.47300
2451357.29009 3.76557
2451358.29013 5.15316
2451359.29018 5.12350
2451360.29023 4.83019
2451361.29027 6.98526
2451362.29032 6.88806
2451363.29036 7.16902
2451364.29041 9.57364
2451365.29045 9.21745
2451366.29050 8.62660
2451367.29054 8.58050
2451368.29059 9.27813
2451369.29064 7.51400
2451370.29068 7.43233
2451371.29073 7.20839
2451372.29077 7.59397
2451373.29082 5.21373
2451374.29086 4.21496
2451375.29091 3.95041
2451376.29096 3.50902
2451377.29100 3.02682
2451378.29105 2.16599
2451379.29109 2.14335
2451380.29114 1.50026
2451381.29118 1.59802
2451382.29123 2.02121
2451383.29127 2.16136
2451384.29132 2.23072
2451385.29137 3.24900
2451386.29141 3.75367
2451387.29146 5.12453
2451388.29150 5.03979
2451575.30004 3.02115
2451576.30008 2.38882
2451577.30013 1.55414
2451578.30017 0.67863
2451579.30022 0.32986
2451580.30026 -0.08812
2451581.30031 -0.35369
2451582.30036 -0.52366
2451583.30040 -0.49654
2451584.30045 -0.29975
2451585.30049 0.08756
2451586.30054 0.52739
2451587.30058 1.04208
2451588.30063 1.79215
2451589.30068 2.80498
2451590.30072 3.80131
2451591.30077 3.58978
2451592.30081 4.54377
2451593.30086 4.80200
2451594.30090 6.76781
2451595.30095 5.85995
2451596.30099 6.48645
2451597.30104 6.46205
2451598.30109 7.18826
2451599.30113 4.71617
2451600.30118 6.01116
2451601.30122 3.64442
2451602.30127 4.32250
2451603.30131 2.79257
2451604.30136 2.76368
2451605.30141 1.76322
2451606.30145 0.87674
2451607.30150 0.33121
2451608.30154 -0.20722
2451609.30159 -0.61279
2451610.30163 -0.75375
2451611.30168 -1.09868
2451612.30172 -0.73567
2451613.30177 -0.68756
2451614.30182 -0.25717
2451615.30186 0.25369
2451616.30191 0.83581
2451617.30195 1.42048
2451618.30200 2.24169
2451619.30204 2.79906
2451620.30209 3.70336
2451621.30214 4.48670
2451622.30218 4.17710
2451623.30223 4.54097
2451624.30227 5.73955
2451625.30232 5.49531
2451626.30236 5.15343
2451627.30241 6.54665
2451628.30246 4.46450
2451629.30250 4.83290
2451630.30255 4.20741
2451631.30259 3.60921
2451632.30264 2.55435
2451633.30268 1.53521
2451634.30273 1.24754
2451635.30277 0.36713
2451636.30282 -0.24325
2451637.30287 -0.75225
2451638.30291 -0.99959
2451639.30296 -1.32779
2451640.30300 -1.38229
2451641.30305 -1.35063
2451642.30309 -1.21109
2451643.30314 -0.70308
2451644.30319 -0.14859
2451645.30323 0.46921
2451646.30328 1.15724
2451647.30332 2.01506
2451648.30337 2.65027
2451649.30341 3.60587
2451650.30346 3.30333
2451651.30350 3.98109
2451652.30355 5.39767
2451653.30360 4.98119
2451654.30364 4.98121
2451655.30369 6.23106
2451656.30373 5.22565
2451657.30378 4.35754
2451658.30382 4.16717
2451659.30387 3.98677
2451660.30392 2.96255
2451661.30396 2.36573
2451662.30401 1.08739
2451663.30405 0.39628
2451664.30410 -0.21299
2451665.30414 -0.84021
2451666.30419 -1.32001
2451667.30423 -1.64026
2451668.30428 -1.85043
2451669.30433 -1.84778
2451670.30437 -1.67471
2451671.30442 -1.50925
2451672.30446 -1.17529
2451673.30451 -0.53654
2451674.30455 0.11976
2451675.30460 0.88368
2451676.30465 1.62295
2451677.30469 2.07244
2451678.30474 3.26212
2451679.30478 3.27277
2451680.30483 4.15030
2451681.30487 5.20239
2451682.30492 4.94934
2451683.30496 4.36367
2451684.30501 4.84864
2451685.30506 4.44002
2451686.30510 4.14408
2451687.30515 3.57319
2451688.30519 2.50165
2451689.30524 1.94175
2451690.30528 1.31110
2451691.30533 0.59597
2451692.30538 -0.14086
2451693.30542 -0.97901
2451694.30547 -1.57359
2451695.30551 -1.90972
2451696.30556 -2.14279
2451697.30560 -2.38035
2451698.30565 -2.42972
2451699.30569 -2.35273
2451700.30574 -2.14134
2451701.30579 -1.40816
2451702.30583 -1.00036
2451703.30588 -0.24480
2451704.30592 0.44804
2451705.30597 1.23014
2451706.30601 2.07939
2451707.30606 2.34711
2451708.30611 3.51162
2451709.30615 3.61292
2451710.30620 4.01498
2451711.30624 4.45880
2451712.30629 4.30045
2451713.30633 3.19723
2451714.30638 4.16699
2451715.30643 4.00479
2451716.30647 2.96244
2451717.30652 2.13111
2451718.30656 1.53007
2451719.30661 0.82111
2451720.30665 -0.06325
2451721.30670 -0.87789
2451722.30674 -1.51379
2451723.30679 -1.59878
2451724.30684 -2.76438
2451725.30688 -2.52199
2451726.30693 -3.03595
2451727.30697 -3.34171
2451728.30702 -2.86007
2451729.30706 -2.36775
2451730.30711 -1.99197
2451731.30716 -1.42316
2451732.30720 -0.61972
2451733.30725 0.06868
2451734.30729 0.82449
2451735.30734 1.43628
2451736.30738 2.50034
2451737.30743 2.78279
2451738.30747 3.38956
2451739.30752 3.41781
2451740.30757 3.53897
2451741.30761 3.22159
2451742.30766 3.26028
2451743.30770 2.66828
2451744.30775 2.80632
2451745.30779 2.23534
2451746.30784 1.55055
2451747.30789 0.94341
2451748.30793 0.05701
2451749.30798 -0.63483
2451750.30802 -1.29720
2451751.30807 -2.28646
2451752.30811 -2.61036
2451753.30816 -2.68495
2451754.30820 -3.47152
2451940.31669 -0.05833
2451941.31674 0.20394
2451942.31678 0.33320
2451943.31683 0.31063
2451944.31688 0.10122
2451945.31692 -0.28609
2451946.31697 -0.66245
2451947.31701 -1.47224
2451948.31706 -2.09163
2451949.31710 -2.77091
2451950.31715 -3.43092
2451951.31719 -4.76729
2451952.31724 -5.96880
2451953.31729 -5.52113
2451954.31733 -6.01290
2451955.31738 -7.45211
2451956.31742 -6.53506
2451957.31747 -6.52316
2451958.31751 -5.99370
2451959.31756 -6.72075
2451960.31761 -5.53155
2451961.31765 -6.51038
2451962.31770 -5.90406
2451963.31774 -3.84555
2451964.31779 -3.56660
2451965.31783 -2.38936
2451966.31788 -1.99272
2451967.31792 -1.38967
2451968.31797 -0.87031
2451969.31802 -0.45973
2451970.31806 -0.17397
2451971.31811 -0.06328
2451972.31815 -0.12010
2451973.31820 -0.39362
2451974.31824 -0.85952
2451975.31829 -1.27665
2451976.31834 -2.10018
2451977.31838 -2.92777
2451978.31843 -3.25894
2451979.31847 -3.88377
2451980.31852 -4.20489
2451981.31856 -5.53105
2451982.31861 -6.08286
2451983.31865 -6.58092
2451984.31870 -6.66434
2451985.31875 -6.28975
2451986.31879 -7.06278
2451987.31884 -7.72519
2451988.31888 -6.65154
2451989.31893 -6.88676
2451990.31897 -6.09374
2451991.31902 -4.18657
2451992.31907 -4.75681
2451993.31911 -3.27324
2451994.31916 -3.19400
2451995.31920 -2.24202
2451996.31925 -1.90163
2451997.31929 -1.01726
2451998.31934 -0.62829
2451999.31938 -0.48489
2452000.31943 -0.51466
2452001.31948 -0.56363
2452002.31952 -0.71303
2452003.31957 -1.16084
2452004.31961 -1.60581
2452005.31966 -2.39284
2452006.31970 -2.92202
2452007.31975 -4.45907
2452008.31980 -4.41471
2452009.31984 -5.21451
2452010.31989 -5.93203
2452011.31993 -6.31958
2452012.31998 -7.36350
2452013.32002 -6.67005
2452014.32007 -7.53105
2452015.32011 -9.18993
2452016.32016 -7.04927
2452017.32021 -7.42226
2452018.32025 -6.07171
2452019.32030 -6.15360
2452020.32034 -3.82593
2452021.32039 -4.79166
2452022.32043 -3.88397
2452023.32048 -3.17254
2452024.32053 -2.57140
2452025.32057 -1.97310
2452026.32062 -1.31361
2452027.32066 -1.01342
2452028.32071 -0.92783
2452029.32075 -0.84246
2452030.32080 -0.93172
2452031.32085 -1.36456
2452032.32089 -1.60336
2452033.32094 -2.26876
2452034.32098 -3.53960
2452035.32103 -4.55961
2452036.32107 -4.62304
2452037.32112 -5.40525
2452038.32116 -6.03824
2452039.32121 -4.97408
2452040.32126 -7.18465
2452041.32130 -8.19937
2452042.32135 -8.55240
2452043.32139 -7.32989
2452044.32144 -8.05697
2452045.32148 -7.77397
2452046.32153 -8.06398
2452047.32158 -7.02117
2452048.32162 -7.00562
2452049.32167 -7.03143
2452050.32171 -4.67690
2452051.32176 -4.18244
2452052.32180 -3.32277
2452053.32185 -2.95035
2452054.32189 -2.15696
2452055.32194 -1.20394
2452056.32199 -1.65158
2452057.32203 -1.25885
2452058.32208 -1.20561
2452059.32212 -1.28349
2452060.32217 -1.50570
2452061.32221 -2.48071
2452062.32226 -2.88122
2452063.32231 -3.43970
2452064.32235 -4.22875
2452065.32240 -4.97854
2452066.32244 -6.23981
2452067.32249 -5.47236
2452068.32253 -7.47827
2452069.32258 -7.53313
2452070.32262 -8.81530
2452071.32267 -8.56350
2452072.32272 -8.19746
2452073.32276 -7.55226
2452074.32281 -7.86411
2452075.32285 -7.75109
2452076.32290 -8.45310
2452077.32294 -5.23542
2452078.32299 -4.60244
2452079.32304 -5.05046
2452080.32308 -3.74450
2452081.32313 -3.13890
2452082.32317 -2.97089
2452083.32322 -2.21302
2452084.32326 -2.01992
2452085.32331 -1.37156
2452086.32335 -1.46543
2452087.32340 -1.37660
2452088.32345 -1.41368
2452089.32349 -1.96624
2452090.32354 -2.73167
2452091.32358 -3.13215
2452092.32363 -3.63920
2452093.32367 -4.70512
2452094.32372 -4.97568
2452095.32377 -6.25021
2452096.32381 -7.09090
2452097.32386 -6.63771
2452098.32390 -8.66665
2452099.32395 -6.78860
2452100.32399 -9.08890
2452101.32404 -7.59931
2452102.32409 -8.32267
2452103.32413 -8.96244
2452104.32418 -8.31055
2452105.32422 -6.89621
2452106.32427 -7.35469
2452107.32431 -6.32909
2452108.32436 -5.39908
2452109.32440 -4.65267
2452110.32445 -3.84753
2452111.32450 -2.90382
2452112.32454 -2.62153
2452113.32459 -2.52739
2452114.32463 -1.76977
2452115.32468 -1.68590
2452116.32472 -1.63044
2452117.32477 -2.20184
2452118.32482 -2.15751
2452119.32486 -3.00622
2452305.33335 -9.31928
2452306.33339 -8.16150
2452307.33344 -7.33754
2452308.33349 -6.92225
2452309.33353 -5.68731
2452310.33358 -5.08799
2452311.33362 -4.91750
2452312.33367 -3.56189
2452313.33371 -3.98533
2452314.33376 -2.98403
2452315.33380 -2.59985
2452316.33385 -2.43111
2452317.33390 -2.11027
2452318.33394 -2.16363
2452319.33399 -2.26725
2452320.33403 -3.06247
2452321.33408 -4.05719
2452322.33412 -3.63590
2452323.33417 -4.36811
2452324.33422 -4.98208
2452325.33426 -6.65632
2452326.33431 -7.84687
2452327.33435 -6.64391
2452328.33440 -9.18425
2452329.33444 -8.04005
2452330.33449 -8.04903
2452331.33454 -9.45280
2452332.33458 -8.48395
2452333.33463 -9.84506
2452334.33467 -9.47643
2452335.33472 -8.81724
2452336.33476 -6.59265
2452337.33481 -7.32770
2452338.33485 -6.55049
2452339.33490 -4.64143
2452340.33495 -4.15473
2452341.33499 -4.69515
2452342.33504 -2.78348
2452343.33508 -2.28014
2452344.33513 -2.05233
2452345.33517 -2.00181
2452346.33522 -2.24182
2452347.33527 -2.36126
2452348.33531 -2.43848
2452349.33536 -2.71986
2452350.33540 -2.87636
2452351.33545 -4.74284
2452352.33549 -4.73379
2452353.33554 -6.45330
2452354.33558 -6.77807
2452355.33563 -6.46252
2452356.33568 -7.59551
2452357.33572 -7.12661
2452358.33577 -10.06207
2452359.33581 -9.02207
2452360.33586 -10.34438
2452361.33590 -7.21474
2452362.33595 -10.01028
2452363.33600 -7.68495
2452364.33604 -8.79889
2452365.33609 -7.79420
2452366.33613 -6.19070
2452367.33618 -6.20158
2452368.33622 -4.72924
2452369.33627 -4.08900
2452370.33631 -3.27554
2452371.33636 -2.39198
2452372.33641 -2.57437
2452373.33645 -1.67291
2452374.33650 -2.30684
2452375.33654 -2.39350
2452376.33659 -2.24676
2452377.33663 -2.51615
2452378.33668 -2.83712
2452379.33673 -3.31595
2452380.33677 -4.70856
2452381.33682 -4.40293
2452382.33686 -5.59817
2452383.33691 -4.86966
2452384.33695 -7.71455
2452385.33700 -7.17791
2452386.33704 -7.44348
2452387.33709 -9.85471
2452388.33714 -9.72522
2452389.33718 -7.48749
2452390.33723 -9.36063
2452391.33727 -8.85411
2452392.33732 -8.40346
2452393.33736 -5.15573
2452394.33741 -5.52489
2452395.33746 -6.41354
2452396.33750 -5.26326
2452397.33755 -3.84066
2452398.33759 -4.61920
2452399.33764 -3.39069
2452400.33768 -2.77266
2452401.33773 -1.94065
2452402.33777 -2.17614
2452403.33782 -2.07320
2452404.33787 -1.55073
2452405.33791 -2.27206
2452406.33796 -2.35571
2452407.33800 -2.74750
2452408.33805 -3.71386
2452409.33809 -4.37879
2452410.33814 -4.86831
2452411.33819 -5.19846
2452412.33823 -5.74600
2452413.33828 -7.46483
2452414.33832 -7.49590
2452415.33837 -8.60083
2452416.33841 -9.39982
2452417.33846 -10.70536
2452418.33851 -9.97726
2452419.33855 -7.88493
2452420.33860 -7.45274
2452421.33864 -6.51845
2452422.33869 -7.62054
2452423.33873 -5.99928
2452424.33878 -5.15335
2452425.33882 -5.64184
2452426.33887 -4.51456
2452427.33892 -3.95397
2452428.33896 -2.81338
2452429.33901 -2.08900
2452430.33905 -1.72146
2452431.33910 -1.48807
2452432.33914 -1.47840
2452433.33919 -1.59765
2452434.33924 -2.03221
2452435.33928 -1.83937
2452436.33933 -2.59471
2452437.33937 -3.15369
2452438.33942 -4.35957
2452439.33946 -3.80421
2452440.33951 -5.95447
2452441.33955 -5.16756
2452442.33960 -7.44607
2452443.33965 -7.60422
2452444.33969 -7.59779
2452445.33974 -7.93298
2452446.33978 -7.35312
2452447.33983 -8.73062
2452448.33987 -6.33269
2452449.33992 -7.43336
2452450.33997 -7.62555
2452451.34001 -6.16752
2452452.34006 -6.47560
2452453.34010 -5.47498
2452454.34015 -4.85632
2452455.34019 -3.45268
2452456.34024 -3.61458
2452457.34028 -2.62013
2452458.34033 -1.97151
2452459.34038 -1.57025
2452460.34042 -1.50534
2452461.34047 -1.31454
2452462.34051 -1.24571
2452463.34056 -1.74249
2452464.34060 -1.83509
2452465.34065 -2.26172
2452466.34070 -3.44802
2452467.34074 -3.72202
2452468.34079 -4.72752
2452469.34083 -5.17760
2452470.34088 -5.43945
2452471.34092 -6.49464
2452472.34097 -7.19951
2452473.34101 -7.44356
2452474.34106 -9.08125
2452475.34111 -7.47848
2452476.34115 -8.46535
2452477.34120 -7.56792
2452478.34124 -5.97060
2452479.34129 -6.63746
2452480.34133 -6.95016
2452481.34138 -6.33017
2452482.34143 -5.07832
2452483.34147 -4.61517
2452484.34152 -3.64483
2452670.35000 -2.07742
2452671.35005 -2.61770
2452672.35010 -2.98892
2452673.35014 -4.10057
2452674.35019 -5.10974
2452675.35023 -4.79730
2452676.35028 -5.13909
2452677.35032 -5.21921
2452678.35037 -4.76561
2452679.35042 -4.89042
2452680.35046 -3.76878
2452681.35051 -4.35909
2452682.35055 -3.43013
2452683.35060 -2.25994
2452684.35064 -1.52482
2452685.35069 -0.93151
2452686.35073 -0.16227
2452687.35078 0.51624
2452688.35083 1.34557
2452689.35087 1.71298
2452690.35092 2.19157
2452691.35096 1.75426
2452692.35101 2.02001
2452693.35105 2.19666
2452694.35110 1.76349
2452695.35115 1.29478
2452696.35119 0.57784
2452697.35124 0.00642
2452698.35128 -0.88420
2452699.35133 -1.50689
2452700.35137 -2.04026
2452701.35142 -2.80513
2452702.35146 -2.96083
2452703.35151 -4.58874
2452704.35156 -4.79444
2452705.35160 -4.99952
2452706.35165 -4.01914
2452707.35169 -4.95790
2452708.35174 -3.96040
2452709.35178 -3.54956
2452710.35183 -3.25118
2452711.35188 -2.53210
2452712.35192 -1.46275
2452713.35197 -0.99077
2452714.35201 -0.24572
2452715.35206 0.57334
2452716.35210 1.15735
2452717.35215 1.92837
2452718.35219 1.95403
2452719.35224 2.91356
2452720.35229 2.73289
2452721.35233 2.08735
2452722.35238 2.93947
2452723.35242 2.17961
2452724.35247 1.76591
2452725.35251 1.13951
2452726.35256 0.30306
2452727.35261 -0.37099
2452728.35265 -1.17710
2452729.35270 -2.02614
2452730.35274 -2.70084
2452731.35279 -2.69716
2452732.35283 -3.89207
2452733.35288 -3.57608
2452734.35293 -3.94983
2452735.35297 -3.74592
2452736.35302 -4.25217
2452737.35306 -3.80545
2452738.35311 -3.58350
2452739.35315 -2.87629
2452740.35320 -1.94669
2452741.35324 -1.09643
2452742.35329 -0.42132
2452743.35334 0.45401
2452744.35338 1.06334
2452745.35343 1.56453
2452746.35347 2.17997
2452747.35352 3.01806
2452748.35356 3.44483
2452749.35361 2.99030
2452750.35366 3.55928
2452751.35370 3.01722
2452752.35375 2.35453
2452753.35379 2.12763
2452754.35384 1.62518
2452755.35388 0.81557
2452756.35393 0.03014
2452757.35397 -0.75065
2452758.35402 -1.52755
2452759.35407 -2.03890
2452760.35411 -2.75885
2452761.35416 -2.84907
2452762.35420 -3.83480
2452763.35425 -3.82237
2452764.35429 -3.43021
2452765.35434 -3.63692
2452766.35439 -2.58124
2452767.35443 -2.65528
2452768.35448 -2.03414
2452769.35452 -1.36662
2452770.35457 -0.45560
2452771.35461 0.29183
2452772.35466 1.05007
2452773.35470 1.55943
2452774.35475 2.46339
2452775.35480 2.79955
2452776.35484 3.20026
2452777.35489 3.64306
2452778.35493 4.41385
2452779.35498 3.64767
2452780.35502 2.90627
2452781.35507 3.20815
2452782.35512 2.37443
2452783.35516 2.08013
2452784.35521 1.38610
2452785.35525 0.40480
2452786.35530 -0.33017
2452787.35534 -1.20886
2452788.35539 -1.68535
2452789.35543 -2.55603
2452790.35548 -3.03547
2452791.35553 -2.76287
2452792.35557 -3.68858
2452793.35562 -3.06182
2452794.35566 -2.64185
2452795.35571 -1.93883
2452796.35575 -1.80203
2452797.35580 -1.92017
2452798.35585 -0.60509
2452799.35589 0.20596
2452800.35594 1.17660
2452801.35598 1.95646
2452802.35603 2.70948
2452803.35607 3.64556
2452804.35612 4.02597
2452805.35617 3.54240
2452806.35621 4.38004
2452807.35626 4.05466
2452808.35630 4.01291
2452809.35635 4.17648
2452810.35639 3.24218
2452811.35644 2.96999
2452812.35648 2.08701
2452813.35653 1.37081
2452814.35658 0.85856
2452815.35662 0.05273
2452816.35667 -0.62712
2452817.35671 -1.23393
2452818.35676 -1.81645
2452819.35680 -2.21884
2452820.35685 -2.84255
2452821.35690 -2.58001
2452822.35694 -2.42046
2452823.35699 -2.17669
2452824.35703 -1.92434
2452825.35708 -1.13322
2452826.35712 -0.63549
2452827.35717 0.06003
2452828.35721 0.85401
2452829.35726 1.52643
2452830.35731 2.58431
2452831.35735 3.11290
2452832.35740 3.50352
2452833.35744 4.55251
2452834.35749 4.53144
2452835.35753 4.85222
2452836.35758 4.72173
2452837.35763 5.07803
2452838.35767 3.75864
2452839.35772 4.07823
2452840.35776 3.22457
2452841.35781 2.72148
2452842.35785 2.15609
2452843.35790 1.22751
2452844.35794 0.39456
2452845.35799 -0.29501
2452846.35804 -0.92172
2452847.35808 -1.35294
2452848.35813 -1.69554
2452849.35817 -1.89452
2453036.36671 9.95343
2453037.36675 6.91465
2453038.36680 9.29570
2453039.36684 6.66768
2453040.36689 7.95919
2453041.36693 6.15745
2453042.36698 6.24421
2453043.36703 6.96628
2453044.36707 4.13553
2453045.36712 4.27907
2453046.36716 3.45504
2453047.36721 3.03680
2453048.36725 2.23555
2453049.36730 1.49999
2453050.36735 1.30298
2453051.36739 0.98672
2453052.36744 0.79740
2453053.36748 1.05144
2453054.36753 1.42059
2453055.36757 1.98710
2453056.36762 2.34380
2453057.36766 3.34841
2453058.36771 3.64671
2453059.36776 5.22585
2453060.36780 6.32446
2453061.36785 6.85275
2453062.36789 6.85136
2453063.36794 8.82943
2453064.36798 8.04116
2453065.36803 8.45200
2453066.36808 7.91777
2453067.36812 9.73343
2453068.36817 8.14953
2453069.36821 8.52593
2453070.36826 7.67056
2453071.36830 7.68898
2453072.36835 5.22452
2453073.36839 4.68506
2453074.36844 4.59392
2453075.36849 2.93794
2453076.36853 2.75526
2453077.36858 2.02379
2453078.36862 2.10193
2453079.36867 1.49623
2453080.36871 1.42814
2453081.36876 1.04491
2453082.36881 1.29328
2453083.36885 1.93145
2453084.36890 2.75419
2453085.36894 3.62711
2453086.36899 3.34637
2453087.36903 5.07079
2453088.36908 5.66352
2453089.36912 5.14306
2453090.36917 6.60746
2453091.36922 8.43190
2453092.36926 8.17501
2453093.36931 7.84416
2453094.36935 7.31300
2453095.36940 8.48845
2453096.36944 6.57241
2453097.36949 10.23797
2453098.36954 7.39491
2453099.36958 8.41254
2453100.36963 7.59910
2453101.36967 6.19365
2453102.36972 5.69573
2453103.36976 3.48544
2453104.36981 3.58730
2453105.36985 2.87854
2453106.36990 2.39347
2453107.36995 2.30042
2453108.36999 1.56611
2453109.37004 1.52037
2453110.37008 1.54659
2453111.37013 1.96106
2453112.37017 2.08681
2453113.37022 2.31963
2453114.37027 3.62604
2453115.37031 4.88605
2453116.37036 5.25184
2453117.37040 6.00959
2453118.37045 6.15912
2453119.37049 7.99401
2453120.37054 7.59994
2453121.37059 6.59279
2453122.37063 8.23123
2453123.37068 11.24289
2453124.37072 9.20300
2453125.37077 7.64569
2453126.37081 7.76154
2453127.37086 8.11228
2453128.37090 8.76566
2453129.37095 6.92125
2453130.37100 5.40237
2453131.37104 5.03391
2453132.37109 5.18667
2453133.37113 3.37528
2453134.37118 3.20923
2453135.37122 3.01475
2453136.37127 2.45628
2453137.37132 2.09183
2453138.37136 2.45504
2453139.37141 1.95013
2453140.37145 2.13601
2453141.37150 2.87563
2453142.37154 3.16662
2453143.37159 4.44954
2453144.37163 5.52278
2453145.37168 4.78832
2453146.37173 6.36238
2453147.37177 7.43193
2453148.37182 7.29163
2453149.37186 8.68278
2453150.37191 8.86248
2453151.37195 9.53778
2453152.37200 9.13573
2453153.37205 10.23295
2453154.37209 9.64238
2453155.37214 8.55552
2453156.37218 8.12912
2453157.37223 7.16697
2453158.37227 6.09986
2453159.37232 6.02057
2453160.37236 5.62247
2453161.37241 4.88062
2453162.37246 3.94262
2453163.37250 3.13940
2453164.37255 3.31371
2453165.37259 2.08644
2453166.37264 2.28840
2453167.37268 1.94289
2453168.37273 1.93933
2453169.37278 2.66603
2453170.37282 2.53847
2453171.37287 3.35425
2453172.37291 4.52131
2453173.37296 4.78518
2453174.37300 4.97396
2453175.37305 6.51728
2453176.37309 6.96257
2453177.37314 7.37531
2453178.37319 9.93294
2453179.37323 9.60394
2453180.37328 9.99990
2453181.37332 8.89360
2453182.37337 10.64393
2453183.37341 9.29666
2453184.37346 8.63272
2453185.37351 7.61582
2453186.37355 8.37941
2453187.37360 6.13338
2453188.37364 6.85700
2453189.37369 5.65679
2453190.37373 4.63160
2453191.37378 4.46899
2453192.37382 3.19164
2453193.37387 2.72363
2453194.37392 2.32533
2453195.37396 2.22814
2453196.37401 1.99842
2453197.37405 2.57970
2453198.37410 2.84720
2453199.37414 3.68736
2453200.37419 3.85767
2453201.37424 3.94390
2453202.37428 4.96750
2453203.37433 6.34694
2453204.37437 7.14252
2453205.37442 7.77275
2453206.37446 9.48475
2453207.37451 8.97103
2453208.37456 9.28135
2453209.37460 8.92076
2453210.37465 9.84570
2453211.37469 8.60963
2453212.37474 9.14559
2453213.37478 10.27148
2453214.37483 7.90916
2453215.37487 7.47215
2453401.38336 2.12688
2453402.38341 3.53929
2453403.38345 4.28473
2453404.38350 5.32548
2453405.38354 6.57400
2453406.38359 6.75926
2453407.38364 5.53996
2453408.38368 9.78232
2453409.38373 8.41037
2453410.38377 8.56385
2453411.38382 8.33479
2453412.38386 8.63609
2453413.38391 8.88105
2453414.38396 8.91828
2453415.38400 8.40007
2453416.38405 8.37181
2453417.38409 6.26828
2453418.38414 6.04716
2453419.38418 5.36214
2453420.38423 5.40154
2453421.38427 4.04898
2453422.38432 3.29816
2453423.38437 2.60569
2453424.38441 2.19365
2453425.38446 2.15971
2453426.38450 1.69422
2453427.38455 1.69409
2453428.38459 1.94425
2453429.38464 2.53499
2453430.38469 2.83467
2453431.38473 2.59021
2453432.38478 3.28198
2453433.38482 5.44286
2453434.38487 5.06008
2453435.38491 6.74257
2453436.38496 6.22807
2453437.38501 7.16875
2453438.38505 8.19250
2453439.38510 8.93739
2453440.38514 8.23080
2453441.38519 9.15057
2453442.38523 8.76924
2453443.38528 8.65445
2453444.38532 6.77390
2453445.38537 7.47544
2453446.38542 7.01992
2453447.38546 6.79544
2453448.38551 5.68645
2453449.38555 4.33225
2453450.38560 2.76415
2453451.38564 3.04560
2453452.38569 2.05653
2453453.38574 1.75135
2453454.38578 1.52751
2453455.38583 1.30275
2453456.38587 1.62995
2453457.38592 1.78067
2453458.38596 1.88354
2453459.38601 3.09793
2453460.38605 3.68799
2453461.38610 4.81404
2453462.38615 4.15367
2453463.38619 5.18327
2453464.38624 7.12256
2453465.38628 6.37875
2453466.38633 10.40398
2453467.38637 8.25873
2453468.38642 8.64242
2453469.38647 8.35500
2453470.38651 9.21086
2453471.38656 8.66186
2453472.38660 8.43027
2453473.38665 6.45734
2453474.38669 6.03288
2453475.38674 7.13541
2453476.38678 4.24390
2453477.38683 5.03088
2453478.38688 3.53964
2453479.38692 3.04422
2453480.38697 2.50231
2453481.38701 1.94384
2453482.38706 1.35882
2453483.38710 1.25854
2453484.38715 1.20856
2453485.38720 1.51488
2453486.38724 1.71057
2453487.38729 1.70791
2453488.38733 2.96612
2453489.38738 2.51806
2453490.38742 3.63950
2453491.38747 4.40482
2453492.38751 5.49906
2453493.38756 7.11566
2453494.38761 8.22017
2453495.38765 6.69951
2453496.38770 8.02692
2453497.38774 5.73610
2453498.38779 9.52077
2453499.38783 8.94912
2453500.38788 7.13382
2453501.38793 8.11066
2453502.38797 7.43243
2453503.38802 6.86238
2453504.38806 5.61468
2453505.38811 4.08147
2453506.38815 4.50260
2453507.38820 3.16855
2453508.38824 2.29047
2453509.38829 2.11442
2453510.38834 1.02607
2453511.38838 1.12842
2453512.38843 0.70776
2453513.38847 0.66435
2453514.38852 1.09381
2453515.38856 1.27020
2453516.38861 1.45374
2453517.38866 2.23105
2453518.38870 2.79046
2453519.38875 3.93639
2453520.38879 4.01798
2453521.38884 4.03214
2453522.38888 5.60243
2453523.38893 5.76456
2453524.38898 6.66322
2453525.38902 6.35978
2453526.38907 7.60082
2453527.38911 8.22208
2453528.38916 7.21589
2453529.38920 7.84722
2453530.38925 6.62103
2453531.38929 5.41467
2453532.38934 5.29237
2453533.38939 5.48673
2453534.38943 4.45114
2453535.38948 3.68511
2453536.38952 2.71193
2453537.38957 1.80830
2453538.38961 1.45247
2453539.38966 0.95090
2453540.38971 0.54313
2453541.38975 0.42759
2453542.38980 0.37404
2453543.38984 0.55935
2453544.38989 0.79793
2453545.38993 1.28642
2453546.38998 2.30827
2453547.39002 2.67691
2453548.39007 3.77892
2453549.39012 4.30032
2453550.39016 5.20305
2453551.39021 4.79838
2453552.39025 5.29957
2453553.39030 5.66572
2453554.39034 7.21437
2453555.39039 7.64915
2453556.39044 6.83279
2453557.39048 8.96028
2453558.39053 7.50065
2453559.39057 6.07530
2453560.39062 6.13864
2453561.39066 5.27615
2453562.39071 4.46850
2453563.39075 3.81319
2453564.39080 3.19285
2453565.39085 2.44691
2453566.39089 1.34870
2453567.39094 0.91578
2453568.39098 0.39756
2453569.39103 0.09075
2453570.39107 -0.04205
2453571.39112 -0.01589
2453572.39117 0.20850
2453573.39121 0.56340
2453574.39126 1.16035
2453575.39130 1.81083
2453576.39135 2.25320
2453577.39139 3.04825
2453578.39144 3.79258
2453579.39148 4.27272
2453580.39153 6.01130
2453766.40002 -0.89330
2453767.40006 -1.58521
2453768.40011 -2.45221
2453769.40016 -2.63168
2453770.40020 -2.82130
2453771.40025 -3.25895
2453772.40029 -3.31133
2453773.40034 -2.68767
2453774.40038 -3.02594
2453775.40043 -2.75051
2453776.40047 -2.28053
2453777.40052 -1.61282
2453778.40057 -0.97903
2453779.40061 -0.14041
2453780.40066 0.53004
2453781.40070 1.52439
2453782.40075 1.98782
2453783.40079 3.06276
2453784.40084 3.10374
2453785.40089 3.14432
2453786.40093 3.24631
2453787.40098 3.75737
2453788.40102 2.94346
2453789.40107 3.13064
2453790.40111 2.61649
2453791.40116 1.55140
2453792.40120 0.99882
2453793.40125 0.10721
2453794.40130 -0.61833
2453795.40134 -1.73843
2453796.40139 -2.22565
2453797.40143 -2.57146
2453798.40148 -3.23861
2453799.40152 -3.74323
2453800.40157 -4.31983
2453801.40162 -4.43371
2453802.40166 -4.20994
2453803.40171 -4.24043
2453804.40175 -3.73566
2453805.40180 -2.81231
2453806.40184 -2.27257
2453807.40189 -1.31853
2453808.40193 -0.43741
2453809.40198 0.21900
2453810.40203 0.82223
2453811.40207 1.64229
2453812.40212 2.24535
2453813.40216 2.14018
2453814.40221 2.40903
2453815.40225 2.52477
2453816.40230 3.00924
2453817.40235 3.23769
2453818.40239 2.15566
2453819.40244 1.55277
2453820.40248 0.97578
2453821.40253 0.24159
2453822.40257 -0.62796
2453823.40262 -1.46663
2453824.40266 -2.42493
2453825.40271 -2.59276
2453826.40276 -3.03642
2453827.40280 -3.92271
2453828.40285 -4.39819
2453829.40289 -3.90007
2453830.40294 -5.06928
2453831.40298 -3.96482
2453832.40303 -4.57569
2453833.40308 -4.11636
2453834.40312 -3.66674
2453835.40317 -2.73842
2453836.40321 -2.05321
2453837.40326 -1.08695
2453838.40330 -0.20302
2453839.40335 0.58615
2453840.40340 1.18429
2453841.40344 1.58636
2453842.40349 2.19584
2453843.40353 2.27774
2453844.40358 2.03008
2453845.40362 2.39716
2453846.40367 2.11398
2453847.40371 1.37058
2453848.40376 1.06486
2453849.40381 0.27781
2453850.40385 -0.41874
2453851.40390 -1.43626
2453852.40394 -2.13647
2453853.40399 -3.13468
2453854.40403 -4.12480
2453855.40408 -4.94612
2453856.40413 -4.62931
2453857.40417 -4.94737
2453858.40422 -5.09050
2453859.40426 -6.08208
2453860.40431 -5.03542
2453861.40435 -5.36779
2453862.40440 -4.67733
2453863.40444 -3.65530
2453864.40449 -3.38863
2453865.40454 -1.89558
2453866.40458 -1.48680
2453867.40463 -0.57083
2453868.40467 0.14061
2453869.40472 0.77303
2453870.40476 1.19419
2453871.40481 1.46613
2453872.40486 1.90866
2453873.40490 2.06410
2453874.40495 1.72456
2453875.40499 1.41961
2453876.40504 1.04146
2453877.40508 0.38102
2453878.40513 -0.34690
2453879.40517 -1.18709
2453880.40522 -1.92057
2453881.40527 -2.56086
2453882.40531 -3.79741
2453883.40536 -4.00208
2453884.40540 -4.25314
2453885.40545 -4.92373
2453886.40549 -5.14456
2453887.40554 -4.96273
2453888.40559 -5.79327
2453889.40563 -4.97918
2453890.40568 -4.18275
2453891.40572 -3.99206
2453892.40577 -3.68647
2453893.40581 -3.52446
2453894.40586 -2.43965
2453895.40590 -1.52261
2453896.40595 -0.90156
2453897.40600 -0.23671
2453898.40604 0.26288
2453899.40609 0.73028
2453900.40613 1.10086
2453901.40618 1.45159
2453902.40622 1.41079
2453903.40627 1.34426
2453904.40632 0.80938
2453905.40636 0.36978
2453906.40641 -0.26862
2453907.40645 -0.84964
2453908.40650 -1.64098
2453909.40654 -2.58403
2453910.40659 -3.44635
2453911.40664 -4.62689
2453912.40668 -4.53402
2453913.40673 -5.97301
2453914.40677 -6.21306
2453915.40682 -5.98645
2453916.40686 -7.06560
2453917.40691 -5.74190
2453918.40695 -6.24932
2453919.40700 -5.96868
2453920.40705 -5.02308
2453921.40709 -4.33164
2453922.40714 -3.92802
2453923.40718 -3.01870
2453924.40723 -2.25853
2453925.40727 -1.38376
2453926.40732 -0.58280
2453927.40737 -0.04592
2453928.40741 0.40406
2453929.40746 0.75818
2453930.40750 1.01145
2453931.40755 0.74837
2453932.40759 0.57029
2453933.40764 0.22836
2453934.40768 -0.24737
2453935.40773 -0.81277
2453936.40778 -1.87652
2453937.40782 -2.64870
2453938.40787 -3.55292
2453939.40791 -4.62664
2453940.40796 -5.32093
2453941.40800 -4.81882
2453942.40805 -5.99329
2453943.40810 -5.61517
2453944.40814 -6.44703
2453945.40819 -6.86110
2454131.41667 -1.61152
2454132.41672 -1.65753
2454133.41677 -1.83404
2454134.41681 -1.89125
2454135.41686 -2.60862
2454136.41690 -2.94375
2454137.41695 -4.11957
2454138.41699 -4.03880
2454139.41704 -6.25827
2454140.41708 -6.09997
2454141.41713 -8.12983
2454142.41718 -7.72225
2454143.41722 -8.44916
2454144.41727 -7.63697
2454145.41731 -8.46226
2454146.41736 -9.74429
2454147.41740 -10.74364
2454148.41745 -8.65832
2454149.41750 -8.63811
2454150.41754 -9.04998
2454151.41759 -8.93996
2454152.41763 -7.54298
2454153.41768 -5.28376
2454154.41772 -4.83165
2454155.41777 -4.70759
2454156.41782 -3.59133
2454157.41786 -2.98418
2454158.41791 -3.04920
2454159.41795 -2.50798
2454160.41800 -2.10751
2454161.41804 -2.10153
2454162.41809 -1.96952
2454163.41813 -2.59761
2454164.41818 -2.97579
2454165.41823 -3.20800
2454166.41827 -3.37461
2454167.41832 -5.23457
2454168.41836 -6.75805
2454169.41841 -6.35267
2454170.41845 -6.58441
2454171.41850 -7.69592
2454172.41855 -8.39664
2454173.41859 -10.13157
2454174.41864 -9.89456
2454175.41868 -10.74873
2454176.41873 -9.97515
2454177.41877 -10.31819
2454178.41882 -8.04877
2454179.41886 -9.71024
2454180.41891 -8.82507
2454181.41896 -7.03071
2454182.41900 -5.90492
2454183.41905 -5.21131
2454184.41909 -4.80444
2454185.41914 -3.42235
2454186.41918 -4.05833
2454187.41923 -2.50615
2454188.41928 -2.28843
2454189.41932 -2.10957
2454190.41937 -2.44515
2454191.41941 -2.57903
2454192.41946 -2.59765
2454193.41950 -2.92019
2454194.41955 -3.36281
2454195.41959 -4.43996
2454196.41964 -4.94813
2454197.41969 -6.70442
2454198.41973 -6.40549
2454199.41978 -8.31165
2454200.41982 -8.69452
2454201.41987 -7.10190
2454202.41991 -9.73021
2454203.41996 -10.62502
2454204.42001 -8.30677
2454205.42005 -9.74894
2454206.42010 -9.31700
2454207.42014 -8.70881
2454208.42019 -9.52767
2454209.42023 -7.42527
2454210.42028 -7.35929
2454211.42032 -6.35837
2454212.42037 -5.52782
2454213.42042 -5.65022
2454214.42046 -4.41106
2454215.42051 -3.42642
2454216.42055 -2.87865
2454217.42060 -2.48825
2454218.42064 -2.24704
2454219.42069 -2.21336
2454220.42074 -2.78791
2454221.42078 -3.02949
2454222.42083 -3.04071
2454223.42087 -3.84240
2454224.42092 -4.79494
2454225.42096 -5.16532
2454226.42101 -7.30909
2454227.42106 -6.88683
2454228.42110 -7.05417
2454229.42115 -7.59136
2454230.42119 -8.00751
2454231.42124 -10.12245
2454232.42128 -9.82501
2454233.42133 -8.06832
2454234.42137 -10.01786
2454235.42142 -10.59504
2454236.42147 -8.37411
2454237.42151 -9.78438
2454238.42156 -9.21772
2454239.42160 -7.08904
2454240.42165 -5.95278
2454241.42169 -5.32936
2454242.42174 -4.71783
2454243.42179 -4.03549
2454244.42183 -3.36360
2454245.42188 -2.84812
2454246.42192 -2.61039
2454247.42197 -2.45489
2454248.42201 -2.44463
2454249.42206 -3.02151
2454250.42210 -2.84059
2454251.42215 -3.80102
2454252.42220 -5.21472
2454253.42224 -4.73304
2454254.42229 -5.31893
2454255.42233 -5.77772
2454256.42238 -7.96893
2454257.42242 -11.03732
2454258.42247 -8.71077
2454259.42252 -9.51172
2454260.42256 -9.29017
2454261.42261 -8.98015
2454262.42265 -9.69583
2454263.42270 -9.22798
2454264.42274 -9.35863
2454265.42279 -8.84678
2454266.42283 -8.39350
2454267.42288 -6.18809
2454268.42293 -6.11402
2454269.42297 -5.96554
2454270.42302 -5.52608
2454271.42306 -4.74663
2454272.42311 -3.23505
2454273.42315 -3.23117
2454274.42320 -2.61900
2454275.42325 -2.68646
2454276.42329 -2.30667
2454277.42334 -2.80859
2454278.42338 -2.78377
2454279.42343 -3.29497
2454280.42347 -4.31081
2454281.42352 -4.35167
2454282.42356 -5.34543
2454283.42361 -5.24401
2454284.42366 -5.77319
2454285.42370 -6.56251
2454286.42375 -7.29158
2454287.42379 -10.45625
2454288.42384 -10.06019
2454289.42388 -9.23644
2454290.42393 -10.82591
2454291.42398 -9.82508
2454292.42402 -7.77503
2454293.42407 -10.02000
2454294.42411 -9.20574
2454295.42416 -8.42821
2454296.42420 -8.41662
2454297.42425 -7.56335
2454298.42429 -6.12797
2454299.42434 -4.82611
2454300.42439 -3.86557
2454301.42443 -3.47791
2454302.42448 -3.49983
2454303.42452 -2.55378
2454304.42457 -2.61998
2454305.42461 -2.21792
2454306.42466 -2.26547
2454307.42471 -2.87906
2454308.42475 -2.18357
2454309.42480 -3.96243
2454310.42484 -4.55782
2454497.43338 -6.29239
2454498.43342 -5.55829
2454499.43347 -5.82608
2454500.43351 -4.68231
2454501.43356 -4.48605
2454502.43360 -3.06663
2454503.43365 -1.95195
2454504.43370 -1.43273
2454505.43374 -1.14471
2454506.43379 -1.02096
2454507.43383 -1.01554
2454508.43388 -1.14568
2454509.43392 -1.33036
2454510.43397 -2.14584
2454511.43401 -2.66112
2454512.43406 -2.70200
2454513.43411 -4.13896
2454514.43415 -4.64427
2454515.43420 -5.62573
2454516.43424 -6.77123
2454517.43429 -7.09531
2454518.43433 -6.27076
2454519.43438 -6.15124
2454520.43443 -8.16138
2454521.43447 -6.95671
2454522.43452 -8.53548
2454523.43456 -9.14647
2454524.43461 -6.58910
2454525.43465 -6.57355
2454526.43470 -5.97902
2454527.43474 -4.84802
2454528.43479 -4.92972
2454529.43484 -3.52838
2454530.43488 -3.02594
2454531.43493 -2.36546
2454532.43497 -1.55330
2454533.43502 -1.21652
2454534.43506 -0.84078
2454535.43511 -0.68313
2454536.43516 -0.65283
2454537.43520 -0.76049
2454538.43525 -1.04344
2454539.43529 -1.84306
2454540.43534 -2.20290
2454541.43538 -2.93179
2454542.43543 -4.22607
2454543.43548 -3.68804
2454544.43552 -4.31842
2454545.43557 -5.34221
2454546.43561 -6.79160
2454547.43566 -7.90408
2454548.43570 -6.76201
2454549.43575 -7.23468
2454550.43579 -8.52328
2454551.43584 -8.47219
2454552.43589 -7.28785
2454553.43593 -7.36577
2454554.43598 -6.54050
2454555.43602 -6.02774
2454556.43607 -5.46086
2454557.43611 -4.09061
2454558.43616 -3.70892
2454559.43621 -2.11147
2454560.43625 -1.92293
2454561.43630 -1.05739
2454562.43634 -0.48082
2454563.43639 -0.34679
2454564.43643 -0.20372
2454565.43648 -0.24327
2454566.43652 -0.39045
2454567.43657 -0.79743
2454568.43662 -0.93023
2454569.43666 -1.54077
2454570.43671 -3.15191
2454571.43675 -2.57667
2454572.43680 -4.99643
2454573.43684 -5.66022
2454574.43689 -5.62755
2454575.43694 -5.81487
2454576.43698 -7.14035
2454577.43703 -7.60282
2454578.43707 -7.97183
2454579.43712 -8.08822
2454580.43716 -8.22837
2454581.43721 -6.73424
2454582.43725 -6.95247
2454583.43730 -5.41969
2454584.43735 -5.40256
2454585.43739 -4.53412
2454586.43744 -4.09823
2454587.43748 -2.32506
2454588.43753 -2.51640
2454589.43757 -1.15266
2454590.43762 -0.59694
2454591.43767 -0.16198
2454592.43771 0.14175
2454593.43776 0.25133
2454594.43780 0.17400
2454595.43785 -0.02599
2454596.43789 -0.44547
2454597.43794 -0.94009
2454598.43798 -1.88471
2454599.43803 -2.71891
2454600.43808 -3.75225
2454601.43812 -3.97805
2454602.43817 -4.61792
2454603.43821 -5.21635
2454604.43826 -5.73447
2454605.43830 -5.43946
2454606.43835 -6.27912
2454607.43840 -7.47527
2454608.43844 -7.14038
2454609.43849 -5.65820
2454610.43853 -7.15897
2454611.43858 -6.07658
2454612.43862 -5.27713
2454613.43867 -3.93680
2454614.43871 -4.01255
2454615.43876 -2.80159
2454616.43881 -1.79342
2454617.43885 -1.22781
2454618.43890 -0.63077
2454619.43894 -0.04418
2454620.43899 0.42997
2454621.43903 0.49073
2454622.43908 0.74557
2454623.43913 0.64879
2454624.43917 0.39748
2454625.43922 -0.03487
2454626.43926 -0.66783
2454627.43931 -1.08172
2454628.43935 -2.47447
2454629.43940 -2.53803
2454630.43945 -2.94832
2454631.43949 -4.84517
2454632.43954 -4.11302
2454633.43958 -5.16188
2454634.43963 -6.32162
2454635.43967 -6.29845
2454636.43972 -6.98876
2454637.43976 -5.85731
2454638.43981 -5.68735
2454639.43986 -4.96485
2454640.43990 -4.70595
2454641.43995 -4.37694
2454642.43999 -3.99380
2454643.44004 -3.36878
2454644.44008 -2.36159
2454645.44013 -1.43460
2454646.44018 -0.63155
2454647.44022 -0.00774
2454648.44027 0.67921
2454649.44031 0.98447
2454650.44036 1.41064
2454651.44040 1.16302
2454652.44045 1.25837
2454653.44049 0.87610
2454654.44054 0.35662
2454655.44059 -0.20144
2454656.44063 -0.85012
2454657.44068 -1.92008
2454658.44072 -2.48305
2454659.44077 -3.59610
2454660.44081 -3.67665
2454661.44086 -4.70241
2454662.44091 -5.61967
2454663.44095 -4.83098
2454664.44100 -5.69809
2454665.44104 -6.11881
2454666.44109 -5.94772
2454667.44113 -5.77676
2454668.44118 -5.77221
2454669.44122 -4.55096
2454670.44127 -3.65268
2454671.44132 -2.27509
2454672.44136 -2.73542
2454673.44141 -1.39910
2454674.44145 -0.81904
2454675.44150 -0.02910
2454676.44154 0.67857
2454862.45003 -0.37573
2454863.45008 -0.99369
2454864.45012 -1.47907
2454865.45017 -1.95113
2454866.45021 -1.88363
2454867.45026 -1.93545
2454868.45031 -1.94373
2454869.45035 -1.94992
2454870.45040 -1.23902
2454871.45044 -0.63299
2454872.45049 0.03831
2454873.45053 0.75474
2454874.45058 1.71194
2454875.45063 2.43153
2454876.45067 3.20479
2454877.45072 3.68256
2454878.45076 3.90749
2454879.45081 5.49382
2454880.45085 5.37498
2454881.45090 5.54999
2454882.45094 5.78302
2454883.45099 4.75692
2454884.45104 5.05173
2454885.45108 4.43119
2454886.45113 4.30524
2454887.45117 3.34173
2454888.45122 1.84332
2454889.45126 1.82180
2454890.45131 0.69114
2454891.45136 -0.00275
2454892.45140 -0.69016
2454893.45145 -1.23795
2454894.45149 -1.41523
2454895.45154 -1.69659
2454896.45158 -1.57305
2454897.45163 -1.66063
2454898.45167 -1.41088
2454899.45172 -0.61987
2454900.45177 -0.01296
2454901.45181 0.70709
2454902.45186 1.58024
2454903.45190 2.14223
2454904.45195 3.98250
2454905.45199 3.46596
2454906.45204 4.58713
2454907.45209 5.73272
2454908.45213 5.99660
2454909.45218 5.60069
2454910.45222 6.72911
2454911.45227 6.21129
2454912.45231 5.22463
2454913.45236 3.56743
2454914.45240 3.84307
2454915.45245 3.39442
2454916.45250 3.01736
2454917.45254 2.73098
2454918.45259 1.77673
2454919.45263 1.08576
2454920.45268 0.33761
2454921.45272 -0.22607
2454922.45277 -0.70081
2454923.45282 -1.08545
2454924.45286 -1.10526
2454925.45291 -1.15180
2454926.45295 -0.87446
2454927.45300 -0.56310
2454928.45304 -0.02614
2454929.45309 0.62000
2454930.45313 1.29823
2454931.45318 2.42975
2454932.45323 3.51699
2454933.45327 3.59580
2454934.45332 5.15628
2454935.45336 5.13169
2454936.45341 5.23881
2454937.45345 5.76299
2454938.45350 5.41661
2454939.45355 6.54294
2454940.45359 6.29872
2454941.45364 6.29986
2454942.45368 4.58421
2454943.45373 5.16981
2454944.45377 4.90063
2454945.45382 3.42673
2454946.45387 2.96287
2454947.45391 2.03829
2454948.45396 1.37926
2454949.45400 0.83704
2454950.45405 0.20113
2454951.45409 -0.30416
2454952.45414 -0.55007
2454953.45418 -0.80136
2454954.45423 -0.69048
2454955.45428 -0.40434
2454956.45432 0.02781
2454957.45437 0.54225
2454958.45441 1.30629
2454959.45446 2.26159
2454960.45450 3.06414
2454961.45455 3.75966
2454962.45460 4.29375
2454963.45464 4.50845
2454964.45469 6.50340
2454965.45473 6.02640
2454966.45478 7.04694
2454967.45482 6.86051
2454968.45487 6.65134
2454969.45491 7.04788
2454970.45496 7.54512
2454971.45501 6.81823
2454972.45505 6.63402
2454973.45510 4.68118
2454974.45514 4.30485
2454975.45519 2.70700
2454976.45523 2.68737
2454977.45528 1.93975
2454978.45533 1.13680
2454979.45537 0.58238
2454980.45542 0.13399
2454981.45546 -0.13002
2454982.45551 -0.20482
2454983.45555 -0.11973
2454984.45560 0.18554
2454985.45564 0.58819
2454986.45569 1.08690
2454987.45574 1.84860
2454988.45578 2.37745
2454989.45583 3.24884
2454990.45587 3.85283
2454991.45592 5.41081
2454992.45596 6.11778
2454993.45601 6.16060
2454994.45606 6.33083
2454995.45610 7.91253
2454996.45615 8.97528
2454997.45619 7.88641
2454998.45624 7.14170
2454999.45628 6.36832
2455000.45633 6.04841
2455001.45637 4.90952
2455002.45642 4.89671
2455003.45647 4.30234
2455004.45651 4.32452
2455005.45656 2.65076
2455006.45660 2.14946
2455007.45665 1.63078
2455008.45669 0.97520
2455009.45674 0.49517
2455010.45679 0.31110
2455011.45683 0.26885
2455012.45688 0.38320
2455013.45692 0.71494
2455014.45697 0.98602
2455015.45701 1.66132
2455016.45706 2.38909
2455017.45711 3.30996
2455018.45715 2.66853
2455019.45720 4.92433
2455020.45724 5.04840
2455021.45729 6.10892
2455022.45733 6.94177
2455023.45738 7.28171
2455024.45742 9.33563
2455025.45747 7.32266
2455026.45752 7.99795
2455027.45756 8.93693
2455028.45761 5.85584
2455029.45765 7.88689
2455030.45770 5.19213
2455031.45774 4.88828
2455032.45779 4.95909
2455033.45784 3.65608
2455034.45788 3.16704
2455035.45793 2.28862
2455036.45797 1.97766
2455037.45802 1.40394
2455038.45806 0.87098
2455039.45811 0.72324
2455040.45815 0.67966
2455041.45820 0.81214
2455227.46669 11.72618
2455228.46673 8.96487
2455229.46678 9.96257
2455230.46682 8.98772
2455231.46687 9.31658
2455232.46692 8.19793
2455233.46696 7.13424
2455234.46701 6.38932
2455235.46705 5.54466
2455236.46710 4.19423
2455237.46714 3.93792
2455238.46719 2.91086
2455239.46724 3.27249
2455240.46728 2.14458
2455241.46733 2.34746
2455242.46737 2.67010
2455243.46742 2.67345
2455244.46746 2.75693
2455245.46751 3.95736
2455246.46755 4.10060
2455247.46760 4.93591
2455248.46765 6.32402
2455249.46769 6.57924
2455250.46774 7.91013
2455251.46778 7.72975
2455252.46783 9.99083
2455253.46787 11.42044
2455254.46792 9.11295
2455255.46797 12.22811
2455256.46801 9.66816
2455257.46806 9.15673
2455258.46810 9.59411
2455259.46815 8.56818
2455260.46819 9.96695
2455261.46824 8.03738
2455262.46829 7.00587
2455263.46833 6.31687
2455264.46838 5.16101
2455265.46842 4.61137
2455266.46847 4.15964
2455267.46851 2.82611
2455268.46856 2.75350
2455269.46860 2.36958
2455270.46865 1.86624
2455271.46870 2.84351
2455272.46874 2.58229
2455273.46879 2.81241
2455274.46883 4.49057
2455275.46888 3.93925
2455276.46892 4.98872
2455277.46897 6.29477
2455278.46902 7.13435
2455279.46906 8.96362
2455280.46911 8.41478
2455281.46915 9.38281
2455282.46920 9.23623
2455283.46924 9.58461
2455284.46929 11.59496
2455285.46933 12.85909
2455286.46938 9.76668
2455287.46943 9.77460
2455288.46947 8.24643
2455289.46952 7.83327
2455290.46956 8.00930
2455291.46961 6.00305
2455292.46965 6.18824
2455293.46970 4.89985
2455294.46975 4.37070
2455295.46979 4.04457
2455296.46984 3.04405
2455297.46988 2.42874
2455298.46993 2.87566
2455299.46997 2.22276
2455300.47002 2.69025
2455301.47006 2.49048
2455302.47011 3.62488
2455303.47016 3.77105
2455304.47020 5.00422
2455305.47025 4.18065
2455306.47029 5.90591
2455307.47034 7.49273
2455308.47038 7.28419
2455309.47043 8.53921
2455310.47048 8.64505
2455311.47052 9.45757
2455312.47057 9.20769
2455313.47061 10.11399
2455314.47066 12.69180
2455315.47070 10.17354
2455316.47075 8.29366
2455317.47079 8.13881
2455318.47084 8.19240
2455319.47089 7.67788
2455320.47093 6.66365
2455321.47098 6.45411
2455322.47102 5.14648
2455323.47107 5.02083
2455324.47111 3.08605
2455325.47116 2.94676
2455326.47121 2.85639
2455327.47125 2.98738
2455328.47130 2.52814
2455329.47134 2.50829
2455330.47139 3.07007
2455331.47143 3.41250
2455332.47148 3.79025
2455333.47153 4.96462
2455334.47157 5.35801
2455335.47162 7.26774
2455336.47166 6.19978
2455337.47171 7.61511
2455338.47175 7.95624
2455339.47180 11.07745
2455340.47184 8.89989
2455341.47189 7.38548
2455342.47194 7.98227
2455343.47198 9.35208
2455344.47203 9.68688
2455345.47207 10.25511
2455346.47212 9.10789
2455347.47216 7.84190
2455348.47221 5.70384
2455349.47226 6.79196
2455350.47230 5.64060
2455351.47235 4.92112
2455352.47239 3.95502
2455353.47244 2.55222
2455354.47248 2.81590
2455355.47253 2.88109
2455356.47257 2.17190
2455357.47262 2.61221
2455358.47267 2.51273
2455359.47271 3.09349
2455360.47276 3.46500
2455361.47280 2.93761
2455362.47285 5.56599
2455363.47289 4.96016
2455364.47294 6.36179
2455365.47299 6.47563
2455366.47303 6.94932
2455367.47308 9.28643
2455368.47312 8.73645
2455369.47317 10.05763
2455370.47321 9.27225
2455371.47326 9.71518
2455372.47330 9.54843
2455373.47335 10.98403
2455374.47340 10.39354
2455375.47344 8.03694
2455376.47349 7.82720
2455377.47353 7.19442
2455378.47358 6.12033
2455379.47362 5.04812
2455380.47367 5.26279
2455381.47372 3.11028
2455382.47376 3.67279
2455383.47381 2.80061
2455384.47385 2.44770
2455385.47390 2.39686
2455386.47394 2.44246
2455387.47399 2.15103
2455388.47403 2.37073
2455389.47408 3.24308
2455390.47413 4.06832
2455391.47417 4.44724
2455392.47422 5.72146
2455393.47426 6.56773
2455394.47431 6.52856
2455395.47435 8.14415
2455396.47440 5.85221
2455397.47445 8.82535
2455398.47449 9.08505
2455399.47454 9.07561
2455400.47458 9.06862
2455401.47463 11.04216
2455402.47467 7.54026
2455403.47472 8.24764
2455404.47476 7.57508
2455405.47481 8.09399
2455406.47486 6.76442
2455592.48334 1.71835
2455593.48339 2.13606
2455594.48344 3.09986
2455595.48348 4.28470
2455596.48353 5.27765
2455597.48357 6.55052
2455598.48362 5.92120
2455599.48366 6.09942
2455600.48371 6.75930
2455601.48375 8.80197
2455602.48380 6.32329
2455603.48385 7.16735
2455604.48389 7.40603
2455605.48394 6.61550
2455606.48398 5.74745
2455607.48403 4.57954
2455608.48407 4.31490
2455609.48412 3.13933
2455610.48417 2.47227
2455611.48421 1.52210
2455612.48426 0.94230
2455613.48430 0.34539
2455614.48435 -0.10083
2455615.48439 -0.43521
2455616.48444 -0.39439
2455617.48448 -0.40647
2455618.48453 -0.14121
2455619.48458 0.28195
2455620.48462 0.88206
2455621.48467 1.62593
2455622.48471 2.58113
2455623.48476 3.35864
2455624.48480 4.41979
2455625.48485 3.99621
2455626.48490 5.06205
2455627.48494 5.89350
2455628.48499 7.95655
2455629.48503 6.55982
2455630.48508 6.95624
2455631.48512 7.14104
2455632.48517 6.37269
2455633.48521 4.98279
2455634.48526 6.00684
2455635.48531 5.53877
2455636.48535 4.05346
2455637.48540 2.88448
2455638.48544 2.30287
2455639.48549 1.80718
2455640.48553 1.02887
2455641.48558 0.25506
2455642.48563 -0.23122
2455643.48567 -0.73053
2455644.48572 -0.82327
2455645.48576 -1.01251
2455646.48581 -0.99569
2455647.48585 -0.52688
2455648.48590 -0.11779
2455649.48595 0.43169
2455650.48599 1.35288
2455651.48604 1.95455
2455652.48608 2.68654
2455653.48613 3.62692
2455654.48617 4.89276
2455655.48622 4.25550
2455656.48626 4.37005
2455657.48631 6.03912
2455658.48636 5.95531
2455659.48640 6.89484
2455660.48645 5.48288
2455661.48649 5.69192
2455662.48654 6.65793
2455663.48658 5.87285
2455664.48663 4.80144
2455665.48668 4.07772
2455666.48672 2.31906
2455667.48677 1.80583
2455668.48681 0.97624
2455669.48686 0.31347
2455670.48690 -0.32075
2455671.48695 -0.78544
2455672.48699 -1.19674
2455673.48704 -1.41751
2455674.48709 -1.51383
2455675.48713 -1.55313
2455676.48718 -0.72603
2455677.48722 -0.54191
2455678.48727 0.07575
2455679.48731 0.79565
2455680.48736 1.53440
2455681.48741 2.61414
2455682.48745 2.66266
2455683.48750 3.84346
2455684.48754 5.25320
2455685.48759 4.80241
2455686.48763 6.17304
2455687.48768 5.71767
2455688.48772 6.12678
2455689.48777 5.34603
2455690.48782 4.64784
2455691.48786 4.86394
2455692.48791 4.20905
2455693.48795 3.27121
2455694.48800 2.62785
2455695.48804 2.28070
2455696.48809 1.31141
2455697.48814 0.46646
2455698.48818 -0.34585
2455699.48823 -1.04106
2455700.48827 -1.64551
2455701.48832 -1.52192
2455702.48836 -1.96654
2455703.48841 -1.99428
2455704.48845 -1.68757
2455705.48850 -1.41030
2455706.48855 -1.00181
2455707.48859 -0.30185
2455708.48864 0.40518
2455709.48868 1.16074
2455710.48873 2.08814
2455711.48877 2.45137
2455712.48882 3.03069
2455713.48887 3.47243
2455714.48891 4.37538
2455715.48896 4.33101
2455716.48900 5.47324
2455717.48905 5.44697
2455718.48909 3.72896
2455719.48914 4.70126
2455720.48918 4.19050
2455721.48923 3.90057
2455722.48928 2.89785
2455723.48932 2.37912
2455724.48937 1.34287
2455725.48941 0.49373
2455726.48946 -0.28537
2455727.48950 -1.08598
2455728.48955 -1.76276
2455729.48960 -2.30917
2455730.48964 -2.41217
2455731.48969 -2.73478
2455732.48973 -2.58361
2455733.48978 -2.20813
2455734.48982 -1.79259
2455735.48987 -1.35535
2455736.48992 -0.67164
2455737.48996 -0.01078
2455738.49001 0.82898
2455739.49005 1.70164
2455740.49010 2.52795
2455741.49014 3.07468
2455742.49019 3.67618
2455743.49023 3.66940
2455744.49028 4.77715
2455745.49033 5.07381
2455746.49037 4.58167
2455747.49042 4.74447
2455748.49046 4.01095
2455749.49051 3.57429
2455750.49055 3.20931
2455751.49060 2.86202
2455752.49065 1.43054
2455753.49069 0.73614
2455754.49074 -0.17249
2455755.49078 -1.01851
2455756.49083 -1.49167
2455757.49087 -2.38312
2455758.49092 -2.44488
2455759.49096 -2.85477
2455760.49101 -2.54425
2455761.49106 -2.68329
2455762.49110 -2.93886
2455763.49115 -2.47421
2455764.49119 -1.93109
2455765.49124 -1.33189
2455766.49128 -0.43807
2455767.49133 0.40577
2455768.49138 1.22811
2455769.49142 2.07202
2455770.49147 2.38215
2455771.49151 3.25302
2455957.50000 -5.12395
