2445000.00000 8.07780
2445001.00005 9.29936
2445002.00009 8.80405
2445003.00014 8.94859
2445004.00018 10.12408
2445005.00023 14.37177
2445006.00027 15.46887
2445007.00032 20.12329
2445008.00037 18.02938
2445009.00041 24.82934
2445010.00046 17.73938
2445011.00050 21.84314
2445012.00055 23.95725
2445013.00059 25.29898
2445014.00064 20.95991
2445015.00068 22.81245
2445016.00073 17.87603
2445017.00078 23.06953
2445018.00082 13.15069
2445019.00087 12.05569
2445020.00091 11.83665
2445021.00096 8.52169
2445022.00100 9.07715
2445023.00105 8.38726
2445024.00110 8.14453
2445025.00114 10.27191
2445026.00119 11.69226
2445027.00123 13.44789
2445028.00128 11.59070
2445029.00132 17.21102
2445030.00137 17.76335
2445031.00141 21.73779
2445032.00146 26.72850
2445033.00151 20.04984
2445034.00155 20.35466
2445035.00160 26.00663
2445036.00164 23.58899
2445037.00169 22.66823
2445038.00173 20.83797
2445039.00178 14.96354
2445040.00183 13.72590
2445041.00187 12.58323
2445042.00192 10.56518
2445043.00196 11.06242
2445044.00201 9.60813
2445045.00205 7.05838
2445046.00210 9.36249
2445047.00214 9.34840
2445048.00219 10.21538
2445049.00224 13.90753
2445050.00228 16.12266
2445051.00233 14.78497
2445052.00237 22.41400
2445053.00242 19.42681
2445054.00246 26.16857
2445055.00251 23.84432
2445056.00256 28.16206
2445057.00260 25.76134
2445058.00265 23.20891
2445059.00269 21.43231
2445060.00274 18.27827
2445061.00278 15.36211
2445062.00283 12.27820
2445063.00287 13.14949
2445064.00292 11.15237
2445065.00297 9.71200
2445066.00301 10.02301
2445067.00306 8.49156
2445068.00310 8.93867
2445069.00315 10.89936
2445070.00319 8.59710
2445071.00324 12.52585
2445072.00329 17.31780
2445073.00333 19.24703
2445074.00338 18.63353
2445075.00342 23.59880
2445076.00347 26.77581
2445077.00351 23.51630
2445078.00356 23.63480
2445079.00361 23.50573
2445080.00365 25.59130
2445081.00370 20.24978
2445082.00374 21.40055
2445083.00379 18.34141
2445084.00383 15.98255
2445085.00388 12.04843
2445086.00392 10.94166
2445087.00397 10.37187
2445088.00402 8.73092
2445089.00406 7.39210
2445090.00411 8.77403
2445091.00415 11.17847
2445092.00420 11.15287
2445093.00424 16.04114
2445094.00429 15.50244
2445095.00434 23.30021
2445096.00438 21.58663
2445097.00443 22.90024
2445098.00447 24.87419
2445099.00452 24.66994
2445100.00456 23.09991
2445101.00461 25.58795
2445102.00465 26.66272
2445103.00470 21.03188
2445104.00475 20.53601
2445105.00479 15.61407
2445106.00484 16.22985
2445107.00488 15.86345
2445108.00493 12.00436
2445109.00497 9.71373
2445110.00502 9.84805
2445111.00507 9.45001
2445112.00511 9.11706
2445113.00516 10.44400
2445114.00520 12.66111
2445115.00525 16.93748
2445116.00529 13.11095
2445117.00534 17.34108
2445118.00538 20.01965
2445119.00543 21.92688
2445120.00548 21.26064
2445121.00552 23.77864
2445122.00557 30.38157
2445123.00561 23.00610
2445124.00566 25.95232
2445125.00570 22.38930
2445126.00575 19.36386
2445127.00580 17.57241
2445128.00584 16.95905
2445129.00589 12.97753
2445130.00593 11.43579
2445131.00598 8.39894
2445132.00602 11.37069
2445133.00607 8.90076
2445134.00611 8.40770
2445135.00616 10.99268
2445136.00621 12.43625
2445137.00625 13.59968
2445138.00630 18.62053
2445139.00634 21.17310
2445140.00639 16.50106
2445141.00643 22.91866
2445142.00648 22.05290
2445143.00653 22.58119
2445144.00657 26.01022
2445145.00662 26.33612
2445146.00666 24.19015
2445147.00671 23.42709
2445148.00675 17.13226
2445149.00680 16.81458
2445150.00684 16.07684
2445151.00689 16.40440
2445152.00694 11.47475
2445153.00698 8.28249
2445154.00703 9.40070
2445155.00707 9.48495
2445156.00712 10.06037
2445157.00716 10.17007
2445158.00721 11.69590
2445159.00726 14.46878
2445160.00730 19.45627
2445161.00735 16.52263
2445162.00739 23.42400
2445163.00744 17.98609
2445164.00748 28.41648
2445165.00753 25.44860
2445166.00758 21.48316
2445167.00762 21.19973
2445168.00767 26.77763
2445169.00771 22.80324
2445170.00776 16.95846
2445171.00780 16.89952
2445172.00785 15.48935
2445173.00789 14.19127
2445174.00794 12.26737
2445175.00799 11.13243
2445176.00803 8.82478
2445177.00808 9.28013
2445178.00812 9.10123
2445179.00817 11.23053
2445366.01670 25.34304
2445367.01675 24.07495
2445368.01679 21.56324
2445369.01684 16.30351
2445370.01688 14.26689
2445371.01693 11.73595
2445372.01698 14.95391
2445373.01702 11.57174
2445374.01707 11.91884
2445375.01711 10.27284
2445376.01716 11.60981
2445377.01720 10.15560
2445378.01725 14.41987
2445379.01729 14.72879
2445380.01734 16.16339
2445381.01739 21.84036
2445382.01743 19.43007
2445383.01748 23.58595
2445384.01752 24.54172
2445385.01757 25.42939
2445386.01761 27.79582
2445387.01766 22.78333
2445388.01771 19.73792
2445389.01775 22.12730
2445390.01780 18.62920
2445391.01784 20.01779
2445392.01789 18.23686
2445393.01793 15.72146
2445394.01798 11.23285
2445395.01803 11.85499
2445396.01807 10.01533
2445397.01812 9.32504
2445398.01816 9.07440
2445399.01821 10.65818
2445400.01825 14.39158
2445401.01830 16.50140
2445402.01834 18.86608
2445403.01839 20.80223
2445404.01844 20.52458
2445405.01848 24.80631
2445406.01853 24.21718
2445407.01857 27.78798
2445408.01862 27.50120
2445409.01866 24.22854
2445410.01871 23.90021
2445411.01876 23.31105
2445412.01880 20.51577
2445413.01885 18.90157
2445414.01889 18.09693
2445415.01894 13.62691
2445416.01898 10.22727
2445417.01903 10.94852
2445418.01907 9.23854
2445419.01912 10.34511
2445420.01917 10.19297
2445421.01921 12.31441
2445422.01926 16.06290
2445423.01930 16.34217
2445424.01935 18.47871
2445425.01939 18.70103
2445426.01944 23.07898
2445427.01949 22.69305
2445428.01953 27.71724
2445429.01958 26.44550
2445430.01962 25.82360
2445431.01967 27.13234
2445432.01971 21.44876
2445433.01976 19.23609
2445434.01980 18.35516
2445435.01985 16.05111
2445436.01990 15.56483
2445437.01994 11.57870
2445438.01999 9.47401
2445439.02003 9.55982
2445440.02008 9.45490
2445441.02012 8.78505
2445442.02017 12.15366
2445443.02022 13.75985
2445444.02026 13.39395
2445445.02031 18.06970
2445446.02035 18.00089
2445447.02040 20.10770
2445448.02044 19.75578
2445449.02049 21.67811
2445450.02053 26.59191
2445451.02058 22.30716
2445452.02063 26.88739
2445453.02067 26.34413
2445454.02072 24.43297
2445455.02076 22.73651
2445456.02081 18.82035
2445457.02085 15.62215
2445458.02090 15.89108
2445459.02095 12.57012
2445460.02099 12.17715
2445461.02104 11.23640
2445462.02108 8.84323
2445463.02113 9.86521
2445464.02117 10.76242
2445465.02122 13.53835
2445466.02126 13.19497
2445467.02131 14.20843
2445468.02136 16.62362
2445469.02140 18.86004
2445470.02145 16.48506
2445471.02149 22.67475
2445472.02154 23.92733
2445473.02158 23.92832
2445474.02163 25.72738
2445475.02168 20.70279
2445476.02172 25.73229
2445477.02177 24.28537
2445478.02181 22.10004
2445479.02186 15.63611
2445480.02190 14.71078
2445481.02195 12.25077
2445482.02200 11.83610
2445483.02204 11.09929
2445484.02209 9.75597
2445485.02213 9.29939
2445486.02218 9.48893
2445487.02222 12.83669
2445488.02227 11.65624
2445489.02231 16.30384
2445490.02236 19.95914
2445491.02241 19.27626
2445492.02245 22.41186
2445493.02250 26.01340
2445494.02254 26.71227
2445495.02259 22.33203
2445496.02263 29.17575
2445497.02268 20.72310
2445498.02273 23.68472
2445499.02277 22.68226
2445500.02282 18.83395
2445501.02286 15.59721
2445502.02291 13.65323
2445503.02295 14.38147
2445504.02300 13.59239
2445505.02304 8.73266
2445506.02309 9.21901
2445507.02314 10.45166
2445508.02318 10.65478
2445509.02323 13.52762
2445510.02327 13.85431
2445511.02332 15.17006
2445512.02336 14.20069
2445513.02341 19.73417
2445514.02346 21.02481
2445515.02350 22.20769
2445516.02355 24.06831
2445517.02359 26.73956
2445518.02364 27.33794
2445519.02368 18.60099
2445520.02373 25.34253
2445521.02377 21.56067
2445522.02382 20.19180
2445523.02387 18.69750
2445524.02391 16.66135
2445525.02396 10.71548
2445526.02400 11.36330
2445527.02405 9.56793
2445528.02409 10.12523
2445529.02414 9.40310
2445530.02419 11.07072
2445531.02423 11.61659
2445532.02428 11.72365
2445533.02432 15.65270
2445534.02437 17.67261
2445535.02441 16.80550
2445536.02446 16.64763
2445537.02450 23.54720
2445538.02455 25.74477
2445539.02460 20.95494
2445540.02464 23.38086
2445541.02469 22.09303
2445542.02473 22.83438
2445543.02478 20.51201
2445544.02482 16.40826
2445545.02487 13.14501
2445731.03336 15.66243
2445732.03340 15.39042
2445733.03345 22.23838
2445734.03349 22.47401
2445735.03354 24.81776
2445736.03359 22.87272
2445737.03363 22.96823
2445738.03368 25.23085
2445739.03372 23.01676
2445740.03377 18.26910
2445741.03381 19.03896
2445742.03386 17.25145
2445743.03391 13.17319
2445744.03395 14.28623
2445745.03400 11.16603
2445746.03404 8.93172
2445747.03409 8.90445
2445748.03413 7.63857
2445749.03418 8.28172
2445750.03422 9.66228
2445751.03427 12.32000
2445752.03432 14.55925
2445753.03436 14.01961
2445754.03441 21.00817
2445755.03445 18.97032
2445756.03450 26.74288
2445757.03454 21.57590
2445758.03459 23.07746
2445759.03464 18.71258
2445760.03468 24.05253
2445761.03473 19.71891
2445762.03477 22.64734
2445763.03482 18.31562
2445764.03486 16.01638
2445765.03491 13.32554
2445766.03495 11.35405
2445767.03500 9.23771
2445768.03505 9.13910
2445769.03509 7.85527
2445770.03514 7.24244
2445771.03518 8.68152
2445772.03523 8.77500
2445773.03527 12.20945
2445774.03532 12.49880
2445775.03537 13.48345
2445776.03541 17.64637
2445777.03546 20.80182
2445778.03550 24.48318
2445779.03555 22.29869
2445780.03559 22.81944
2445781.03564 24.06654
2445782.03568 24.87332
2445783.03573 20.92699
2445784.03578 21.29360
2445785.03582 19.26057
2445786.03587 16.55377
2445787.03591 15.64719
2445788.03596 11.77801
2445789.03600 11.58870
2445790.03605 9.19664
2445791.03610 7.05985
2445792.03614 6.73822
2445793.03619 8.58320
2445794.03623 8.50294
2445795.03628 10.42887
2445796.03632 11.60710
2445797.03637 15.66823
2445798.03642 14.14539
2445799.03646 20.13435
2445800.03651 17.91857
2445801.03655 22.30355
2445802.03660 24.22234
2445803.03664 27.68414
2445804.03669 24.29620
2445805.03673 22.60542
2445806.03678 24.89887
2445807.03683 18.66882
2445808.03687 15.43638
2445809.03692 13.32716
2445810.03696 12.01112
2445811.03701 9.18141
2445812.03705 8.58462
2445813.03710 6.83079
2445814.03715 7.61242
2445815.03719 7.34526
2445816.03724 8.12226
2445817.03728 9.11677
2445818.03733 11.19019
2445819.03737 14.58193
2445820.03742 18.26468
2445821.03746 17.87452
2445822.03751 23.81470
2445823.03756 19.17858
2445824.03760 26.84931
2445825.03765 22.19530
2445826.03769 15.88507
2445827.03774 21.58526
2445828.03778 15.15375
2445829.03783 16.19233
2445830.03788 18.41563
2445831.03792 15.59002
2445832.03797 12.96352
2445833.03801 8.63179
2445834.03806 7.46255
2445835.03810 7.14369
2445836.03815 6.55185
2445837.03819 6.19841
2445838.03824 9.04352
2445839.03829 10.84657
2445840.03833 11.42978
2445841.03838 12.13097
2445842.03842 19.79912
2445843.03847 18.56625
2445844.03851 20.97099
2445845.03856 18.48045
2445846.03861 23.82361
2445847.03865 25.78673
2445848.03870 20.30911
2445849.03874 21.78252
2445850.03879 17.88520
2445851.03883 17.14467
2445852.03888 14.42215
2445853.03892 12.60401
2445854.03897 12.19389
2445855.03902 9.50058
2445856.03906 8.64743
2445857.03911 7.65968
2445858.03915 6.90269
2445859.03920 7.94396
2445860.03924 8.60596
2445861.03929 9.63531
2445862.03934 12.77165
2445863.03938 13.82541
2445864.03943 16.46487
2445865.03947 19.88818
2445866.03952 21.26241
2445867.03956 20.74074
2445868.03961 24.29008
2445869.03966 20.69540
2445870.03970 23.63878
2445871.03975 17.93882
2445872.03979 19.79191
2445873.03984 19.37302
2445874.03988 19.51458
2445875.03993 13.96492
2445876.03997 12.08588
2445877.04002 7.98746
2445878.04007 7.18626
2445879.04011 6.90664
2445880.04016 6.85194
2445881.04020 6.78376
2445882.04025 8.47214
2445883.04029 8.57643
2445884.04034 11.10377
2445885.04039 15.97604
2445886.04043 18.24492
2445887.04048 17.20745
2445888.04052 21.35743
2445889.04057 23.27207
2445890.04061 20.50906
2445891.04066 20.48087
2445892.04070 22.26085
2445893.04075 23.60350
2445894.04080 21.29131
2445895.04084 18.11568
2445896.04089 12.75302
2445897.04093 14.16260
2445898.04098 9.86299
2445899.04102 8.26420
2445900.04107 7.07442
2445901.04112 7.34378
2445902.04116 6.20096
2445903.04121 8.05504
2445904.04125 7.27113
2445905.04130 10.79780
2445906.04134 9.04162
2445907.04139 13.36991
2445908.04143 16.49237
2445909.04148 20.38917
2445910.04153 19.14681
2446096.05001 7.77501
2446097.05006 5.90501
2446098.05010 4.71568
2446099.05015 4.37645
2446100.05020 4.48360
2446101.05024 5.26993
2446102.05029 6.00827
2446103.05033 7.37023
2446104.05038 11.53551
2446105.05042 10.74974
2446106.05047 14.55802
2446107.05052 15.40472
2446108.05056 18.82972
2446109.05061 17.36906
2446110.05065 20.45261
2446111.05070 20.44217
2446112.05074 14.38096
2446113.05079 16.15667
2446114.05084 15.95401
2446115.05088 13.72822
2446116.05093 10.43778
2446117.05097 7.67395
2446118.05102 6.34894
2446119.05106 6.69694
2446120.05111 5.23391
2446121.05115 3.97420
2446122.05120 3.75507
2446123.05125 4.32175
2446124.05129 5.35334
2446125.05134 7.06473
2446126.05138 8.99878
2446127.05143 10.12009
2446128.05147 13.71024
2446129.05152 14.36155
2446130.05157 18.54280
2446131.05161 18.65178
2446132.05166 18.96190
2446133.05170 18.67931
2446134.05175 20.12386
2446135.05179 20.64623
2446136.05184 14.81482
2446137.05188 15.88043
2446138.05193 10.39275
2446139.05198 7.89311
2446140.05202 6.95167
2446141.05207 6.07673
2446142.05211 4.73818
2446143.05216 3.14079
2446144.05220 3.98710
2446145.05225 4.68325
2446146.05230 6.24405
2446147.05234 6.84800
2446148.05239 9.37699
2446149.05243 13.49138
2446150.05248 13.88918
2446151.05252 14.21218
2446152.05257 16.66659
2446153.05261 18.36974
2446154.05266 22.53232
2446155.05271 18.40147
2446156.05275 16.63654
2446157.05280 16.49881
2446158.05284 14.77921
2446159.05289 9.93199
2446160.05293 11.30970
2446161.05298 8.13794
2446162.05303 7.44300
2446163.05307 6.10281
2446164.05312 3.73242
2446165.05316 3.10623
2446166.05321 3.64321
2446167.05325 4.18889
2446168.05330 6.08262
2446169.05334 9.76875
2446170.05339 10.63646
2446171.05344 10.98230
2446172.05348 12.97294
2446173.05353 15.07146
2446174.05357 17.80955
2446175.05362 17.96224
2446176.05366 18.47662
2446177.05371 20.58450
2446178.05376 16.88236
2446179.05380 18.28123
2446180.05385 17.39567
2446181.05389 15.53397
2446182.05394 11.58088
2446183.05398 7.44347
2446184.05403 6.26773
2446185.05408 4.58911
2446186.05412 3.89530
2446187.05417 3.13536
2446188.05421 3.24971
2446189.05426 3.46025
2446190.05430 4.36743
2446191.05435 7.17033
2446192.05439 9.67108
2446193.05444 11.58727
2446194.05449 12.51550
2446195.05453 16.13465
2446196.05458 14.74094
2446197.05462 16.70324
2446198.05467 21.07254
2446199.05471 16.22290
2446200.05476 18.17961
2446201.05481 13.41550
2446202.05485 14.00519
2446203.05490 13.70258
2446204.05494 9.82052
2446205.05499 8.21992
2446206.05503 5.79208
2446207.05508 4.34903
2446208.05512 3.58547
2446209.05517 2.99489
2446210.05522 3.35772
2446211.05526 4.39389
2446212.05531 4.58427
2446213.05535 6.37076
2446214.05540 8.11752
2446215.05544 10.98244
2446216.05549 14.39018
2446217.05554 13.12266
2446218.05558 16.29803
2446219.05563 16.63439
2446220.05567 12.08611
2446221.05572 17.86367
2446222.05576 16.53130
2446223.05581 13.88328
2446224.05585 12.68873
2446225.05590 12.96745
2446226.05595 9.15683
2446227.05599 7.94043
2446228.05604 6.11262
2446229.05608 4.97264
2446230.05613 2.71225
2446231.05617 2.99782
2446232.05622 3.35332
2446233.05627 3.99001
2446234.05631 4.07828
2446235.05636 7.76358
2446236.05640 8.17335
2446237.05645 10.79343
2446238.05649 14.03873
2446239.05654 14.93449
2446240.05658 17.04387
2446241.05663 15.85521
2446242.05668 20.74391
2446243.05672 20.23643
2446244.05677 17.76964
2446245.05681 16.17193
2446246.05686 15.47860
2446247.05690 10.82147
2446248.05695 9.15140
2446249.05700 8.25184
2446250.05704 5.28615
2446251.05709 3.26211
2446252.05713 2.84252
2446253.05718 2.27795
2446254.05722 2.46038
2446255.05727 3.49107
2446256.05731 5.37577
2446257.05736 5.60125
2446258.05741 9.81074
2446259.05745 11.75337
2446260.05750 11.22456
2446261.05754 13.97209
2446262.05759 17.45547
2446263.05763 17.86781
2446264.05768 16.99343
2446265.05773 19.10580
2446266.05777 16.41223
2446267.05782 17.61694
2446268.05786 14.16556
2446269.05791 11.26815
2446270.05795 8.69740
2446271.05800 6.59797
2446272.05805 5.00972
2446273.05809 4.24782
2446274.05814 2.65939
2446275.05818 2.11333
2446461.06667 15.43303
2446462.06672 14.07608
2446463.06676 15.44211
2446464.06681 14.96694
2446465.06685 13.17820
2446466.06690 14.07801
2446467.06694 9.85135
2446468.06699 5.77208
2446469.06703 5.68792
2446470.06708 3.30857
2446471.06713 1.58037
2446472.06717 0.92728
2446473.06722 0.59563
2446474.06726 1.12130
2446475.06731 1.83907
2446476.06735 3.91388
2446477.06740 6.67095
2446478.06745 8.60658
2446479.06749 10.09127
2446480.06754 12.01940
2446481.06758 12.71763
2446482.06763 15.74658
2446483.06767 17.07368
2446484.06772 16.70089
2446485.06776 15.42773
2446486.06781 13.90518
2446487.06786 13.79467
2446488.06790 10.00924
2446489.06795 9.54106
2446490.06799 6.83371
2446491.06804 3.93482
2446492.06808 2.94278
2446493.06813 1.41332
2446494.06818 0.79036
2446495.06822 0.52871
2446496.06827 0.85177
2446497.06831 2.14758
2446498.06836 3.14236
2446499.06840 5.08010
2446500.06845 7.33322
2446501.06850 8.73218
2446502.06854 9.71054
2446503.06859 15.34703
2446504.06863 13.75528
2446505.06868 16.52942
2446506.06872 17.82331
2446507.06877 14.71146
2446508.06881 15.88332
2446509.06886 12.57218
2446510.06891 12.92884
2446511.06895 11.24896
2446512.06900 5.98669
2446513.06904 4.32018
2446514.06909 2.48568
2446515.06913 1.37141
2446516.06918 0.52695
2446517.06923 0.40594
2446518.06927 0.72044
2446519.06932 1.52665
2446520.06936 2.86243
2446521.06941 5.64432
2446522.06945 6.17478
2446523.06950 8.77534
2446524.06954 10.76744
2446525.06959 13.22086
2446526.06964 14.11684
2446527.06968 13.78779
2446528.06973 13.77786
2446529.06977 15.15212
2446530.06982 13.95092
2446531.06986 11.72589
2446532.06991 10.87289
2446533.06996 10.45337
2446534.07000 6.92526
2446535.07005 4.30550
2446536.07009 3.25371
2446537.07014 1.14469
2446538.07018 0.51480
2446539.07023 0.28699
2446540.07027 0.61425
2446541.07032 1.63674
2446542.07037 3.24407
2446543.07041 4.82751
2446544.07046 8.07885
2446545.07050 7.20040
2446546.07055 13.13842
2446547.07059 13.47914
2446548.07064 14.11178
2446549.07069 16.46656
2446550.07073 15.35245
2446551.07078 11.25198
2446552.07082 16.10688
2446553.07087 13.46851
2446554.07091 11.27151
2446555.07096 9.37392
2446556.07100 5.73462
2446557.07105 3.70179
2446558.07110 2.38867
2446559.07114 1.27420
2446560.07119 0.33879
2446561.07123 0.22937
2446562.07128 0.71803
2446563.07132 1.50414
2446564.07137 3.84639
2446565.07142 4.53769
2446566.07146 7.24425
2446567.07151 9.96427
2446568.07155 11.54369
2446569.07160 11.50319
2446570.07164 14.82836
2446571.07169 14.09569
2446572.07173 14.49961
2446573.07178 12.01011
2446574.07183 14.66989
2446575.07187 14.18197
2446576.07192 11.03559
2446577.07196 10.03501
2446578.07201 5.22129
2446579.07205 3.70638
2446580.07210 2.48948
2446581.07215 1.00864
2446582.07219 0.30758
2446583.07224 0.16403
2446584.07228 0.75338
2446585.07233 1.80628
2446586.07237 3.40925
2446587.07242 4.70030
2446588.07247 7.14324
2446589.07251 8.80985
2446590.07256 11.83802
2446591.07260 16.18086
2446592.07265 13.64564
2446593.07269 16.39946
2446594.07274 13.61461
2446595.07278 14.60782
2446596.07283 13.49713
2446597.07288 11.91672
2446598.07292 10.71530
2446599.07297 7.80266
2446600.07301 6.31900
2446601.07306 3.55178
2446602.07310 2.67348
2446603.07315 1.18086
2446604.07320 0.28380
2446605.07324 0.11190
2446606.07329 0.56001
2446607.07333 1.66652
2446608.07338 3.32418
2446609.07342 5.70148
2446610.07347 5.99874
2446611.07351 9.29925
2446612.07356 12.14923
2446613.07361 14.64722
2446614.07365 14.53741
2446615.07370 13.94956
2446616.07374 15.14059
2446617.07379 15.26557
2446618.07383 11.68087
2446619.07388 12.92046
2446620.07393 10.80045
2446621.07397 7.83691
2446622.07402 6.63037
2446623.07406 4.10324
2446624.07411 2.24487
2446625.07415 1.02722
2446626.07420 0.17362
2446627.07424 0.07574
2446628.07429 0.65200
2446629.07434 1.97980
2446630.07438 3.39895
2446631.07443 4.88824
2446632.07447 6.46290
2446633.07452 10.57576
2446634.07456 11.59646
2446635.07461 14.82481
2446636.07466 14.56158
2446637.07470 15.28002
2446638.07475 17.53363
2446639.07479 19.76227
2446640.07484 13.07071
2446827.08337 2.72682
2446828.08342 4.17672
2446829.08346 6.26701
2446830.08351 7.48245
2446831.08355 10.09521
2446832.08360 12.13893
2446833.08365 14.10534
2446834.08369 16.02758
2446835.08374 12.98470
2446836.08378 15.09471
2446837.08383 14.55405
2446838.08387 14.26014
2446839.08392 11.92172
2446840.08396 9.16517
2446841.08401 8.03155
2446842.08406 6.84865
2446843.08410 4.35445
2446844.08415 1.83673
2446845.08419 0.92936
2446846.08424 0.44022
2446847.08428 0.48682
2446848.08433 1.50611
2446849.08438 2.03173
2446850.08442 3.72639
2446851.08447 5.66685
2446852.08451 7.74728
2446853.08456 11.22259
2446854.08460 11.86736
2446855.08465 14.77651
2446856.08469 16.85060
2446857.08474 17.22211
2446858.08479 16.08444
2446859.08483 15.14897
2446860.08488 13.62586
2446861.08492 13.05196
2446862.08497 9.60288
2446863.08501 7.48086
2446864.08506 6.71837
2446865.08511 4.15345
2446866.08515 2.17959
2446867.08520 0.97202
2446868.08524 0.50364
2446869.08529 0.70235
2446870.08533 1.28104
2446871.08538 2.87184
2446872.08542 4.38596
2446873.08547 6.81052
2446874.08552 9.39933
2446875.08556 9.58690
2446876.08561 13.11795
2446877.08565 12.97683
2446878.08570 14.53431
2446879.08574 13.75839
2446880.08579 14.79164
2446881.08584 13.51742
2446882.08588 15.67460
2446883.08593 12.30535
2446884.08597 9.95659
2446885.08602 8.08531
2446886.08606 5.80721
2446887.08611 3.69844
2446888.08615 2.44040
2446889.08620 1.16673
2446890.08625 0.61992
2446891.08629 0.63916
2446892.08634 1.39839
2446893.08638 3.10213
2446894.08643 4.43156
2446895.08647 7.49209
2446896.08652 7.31558
2446897.08657 11.33273
2446898.08661 12.33867
2446899.08666 17.12418
2446900.08670 15.05288
2446901.08675 15.78653
2446902.08679 14.27853
2446903.08684 17.39094
2446904.08689 11.95509
2446905.08693 10.78360
2446906.08698 10.44786
2446907.08702 7.59723
2446908.08707 6.28423
2446909.08711 3.87810
2446910.08716 2.36794
2446911.08720 1.23357
2446912.08725 0.87630
2446913.08730 0.94034
2446914.08734 1.55657
2446915.08739 3.04855
2446916.08743 4.51043
2446917.08748 6.62877
2446918.08752 8.97953
2446919.08757 11.51818
2446920.08762 11.77573
2446921.08766 15.54877
2446922.08771 14.85442
2446923.08775 16.01751
2446924.08780 17.30469
2446925.08784 14.26065
2446926.08789 13.00392
2446927.08793 13.02114
2446928.08798 11.44956
2446929.08803 8.41580
2446930.08807 5.52934
2446931.08812 3.74121
2446932.08816 2.51920
2446933.08821 1.30747
2446934.08825 0.78163
2446935.08830 1.00833
2446936.08835 1.72163
2446937.08839 2.85091
2446938.08844 5.53143
2446939.08848 7.69175
2446940.08853 10.12686
2446941.08857 10.62275
2446942.08862 14.70803
2446943.08866 14.24422
2446944.08871 16.51041
2446945.08876 18.13624
2446946.08880 13.99805
2446947.08885 14.67250
2446948.08889 14.95383
2446949.08894 11.74723
2446950.08898 10.71797
2446951.08903 7.10220
2446952.08908 5.93484
2446953.08912 4.75209
2446954.08917 2.42048
2446955.08921 1.45156
2446956.08926 1.21365
2446957.08930 1.31869
2446958.08935 1.88035
2446959.08939 2.91618
2446960.08944 5.22320
2446961.08949 7.08257
2446962.08953 9.70061
2446963.08958 10.95502
2446964.08962 12.81352
2446965.08967 17.39264
2446966.08971 14.14150
2446967.08976 17.19271
2446968.08981 15.39924
2446969.08985 15.28417
2446970.08990 12.11777
2446971.08994 9.71118
2446972.08999 11.63664
2446973.09003 8.27193
2446974.09008 6.03502
2446975.09013 4.32792
2446976.09017 2.87088
2446977.09022 1.42368
2446978.09026 1.24254
2446979.09031 1.59730
2446980.09035 2.42939
2446981.09040 3.35618
2446982.09044 5.14784
2446983.09049 7.73467
2446984.09054 9.52568
2446985.09058 12.77969
2446986.09063 13.02273
2446987.09067 16.09602
2446988.09072 14.81237
2446989.09076 16.40781
2446990.09081 17.36001
2446991.09086 13.22760
2446992.09090 14.48765
2446993.09095 12.19519
2446994.09099 9.98217
2446995.09104 8.73578
2446996.09108 6.40018
2446997.09113 4.70700
2446998.09117 2.49887
2446999.09122 1.88219
2447000.09127 1.47385
2447001.09131 1.33981
2447002.09136 2.30715
2447003.09140 3.65249
2447004.09145 5.55417
2447005.09149 7.12444
2447006.09154 10.04742
2447192.10003 12.66638
2447193.10007 9.12119
2447194.10012 6.97053
2447195.10016 6.25103
2447196.10021 3.58689
2447197.10026 4.10073
2447198.10030 3.37888
2447199.10035 3.42000
2447200.10039 5.16896
2447201.10044 7.37560
2447202.10048 7.04736
2447203.10053 9.88544
2447204.10057 13.45888
2447205.10062 13.23327
2447206.10067 15.85426
2447207.10071 15.98700
2447208.10076 17.93224
2447209.10080 19.53655
2447210.10085 17.90810
2447211.10089 16.42854
2447212.10094 14.10943
2447213.10099 12.30945
2447214.10103 12.08132
2447215.10108 9.68166
2447216.10112 8.63240
2447217.10117 6.45234
2447218.10121 5.52751
2447219.10126 3.66821
2447220.10131 3.54861
2447221.10135 4.10036
2447222.10140 5.69728
2447223.10144 7.36038
2447224.10149 9.79489
2447225.10153 11.31855
2447226.10158 12.85589
2447227.10162 15.36583
2447228.10167 16.31034
2447229.10172 20.10071
2447230.10176 19.16427
2447231.10181 20.21247
2447232.10185 17.34864
2447233.10190 19.15868
2447234.10194 13.89985
2447235.10199 15.63672
2447236.10204 12.39568
2447237.10208 9.52396
2447238.10213 8.66815
2447239.10217 6.45967
2447240.10222 4.13063
2447241.10226 3.96952
2447242.10231 3.96554
2447243.10235 3.96630
2447244.10240 4.84559
2447245.10245 5.87838
2447246.10249 9.75027
2447247.10254 11.60900
2447248.10258 14.06106
2447249.10263 16.28286
2447250.10267 17.66260
2447251.10272 18.36732
2447252.10277 18.57185
2447253.10281 19.77420
2447254.10286 19.48751
2447255.10290 17.53277
2447256.10295 18.10621
2447257.10299 13.21486
2447258.10304 12.59566
2447259.10308 10.81403
2447260.10313 6.79680
2447261.10318 6.12424
2447262.10322 4.05828
2447263.10327 4.76785
2447264.10331 3.56572
2447265.10336 4.68226
2447266.10340 5.48457
2447267.10345 6.15836
2447268.10350 8.28179
2447269.10354 10.70676
2447270.10359 12.99841
2447271.10363 14.72221
2447272.10368 20.45083
2447273.10372 17.55036
2447274.10377 17.05971
2447275.10381 16.46582
2447276.10386 21.02101
2447277.10391 15.62587
2447278.10395 16.03591
2447279.10400 13.20623
2447280.10404 13.49720
2447281.10409 11.54333
2447282.10413 6.83025
2447283.10418 5.99437
2447284.10423 5.13660
2447285.10427 4.95857
2447286.10432 5.14819
2447287.10436 5.00905
2447288.10441 5.23470
2447289.10445 7.37203
2447290.10450 9.20388
2447291.10455 10.89256
2447292.10459 12.96434
2447293.10464 16.54394
2447294.10468 18.63249
2447295.10473 17.25316
2447296.10477 21.60999
2447297.10482 20.69655
2447298.10486 18.61435
2447299.10491 15.69080
2447300.10496 14.99947
2447301.10500 14.36606
2447302.10505 11.76158
2447303.10509 9.95766
2447304.10514 7.80182
2447305.10518 6.72759
2447306.10523 5.53953
2447307.10528 4.89170
2447308.10532 4.63977
2447309.10537 5.62184
2447310.10541 6.66318
2447311.10546 6.69160
2447312.10550 8.00755
2447313.10555 12.98071
2447314.10559 13.42841
2447315.10564 13.71240
2447316.10569 19.87225
2447317.10573 17.29578
2447318.10578 20.35057
2447319.10582 20.55433
2447320.10587 14.22813
2447321.10591 19.81417
2447322.10596 14.05416
2447323.10601 17.01518
2447324.10605 13.87287
2447325.10610 10.08593
2447326.10614 10.09888
2447327.10619 5.30058
2447328.10623 6.61145
2447329.10628 5.26285
2447330.10632 5.83536
2447331.10637 6.54406
2447332.10642 6.44618
2447333.10646 9.48793
2447334.10651 11.20089
2447335.10655 14.48410
2447336.10660 15.39235
2447337.10664 15.18835
2447338.10669 18.30784
2447339.10674 19.39039
2447340.10678 21.10190
2447341.10683 20.10174
2447342.10687 21.90248
2447343.10692 20.67509
2447344.10696 19.77153
2447345.10701 16.33377
2447346.10705 11.49592
2447347.10710 11.35459
2447348.10715 7.59776
2447349.10719 7.58726
2447350.10724 6.18870
2447351.10728 4.87216
2447352.10733 5.28200
2447353.10737 5.61610
2447354.10742 6.41666
2447355.10747 9.63816
2447356.10751 10.88359
2447357.10756 9.81396
2447358.10760 13.02907
2447359.10765 16.88159
2447360.10769 19.33998
2447361.10774 21.97924
2447362.10778 17.96749
2447363.10783 18.69694
2447364.10788 18.21485
2447365.10792 18.98664
2447366.10797 17.74206
2447367.10801 15.27653
2447368.10806 14.53418
2447369.10810 12.78313
2447370.10815 8.04244
2447371.10820 7.74693
2447557.11668 20.54330
2447558.11673 19.36607
2447559.11677 23.25701
2447560.11682 28.43647
2447561.11687 22.00996
2447562.11691 21.75065
2447563.11696 21.80520
2447564.11700 20.71296
2447565.11705 17.08269
2447566.11709 14.28052
2447567.11714 13.76540
2447568.11719 11.84654
2447569.11723 9.54484
2447570.11728 9.19201
2447571.11732 7.83410
2447572.11737 8.48872
2447573.11741 8.67989
2447574.11746 9.56936
2447575.11750 11.74822
2447576.11755 13.73340
2447577.11760 16.30168
2447578.11764 21.56969
2447579.11769 17.50863
2447580.11773 18.18749
2447581.11778 22.77398
2447582.11782 21.03587
2447583.11787 26.06851
2447584.11792 22.92693
2447585.11796 23.72690
2447586.11801 21.79460
2447587.11805 16.90771
2447588.11810 17.10752
2447589.11814 13.59267
2447590.11819 11.87972
2447591.11823 8.94274
2447592.11828 8.39535
2447593.11833 8.91621
2447594.11837 8.32935
2447595.11842 7.21479
2447596.11846 9.54038
2447597.11851 12.45601
2447598.11855 15.32379
2447599.11860 14.65878
2447600.11865 18.55638
2447601.11869 21.45328
2447602.11874 25.25473
2447603.11878 22.18611
2447604.11883 22.30526
2447605.11887 20.43973
2447606.11892 21.48784
2447607.11897 20.72621
2447608.11901 20.74556
2447609.11906 15.31945
2447610.11910 17.22668
2447611.11915 11.52414
2447612.11919 11.34953
2447613.11924 10.49710
2447614.11928 9.84365
2447615.11933 8.01677
2447616.11938 8.98835
2447617.11942 8.60370
2447618.11947 10.85062
2447619.11951 13.06565
2447620.11956 14.82882
2447621.11960 16.24000
2447622.11965 17.96968
2447623.11970 17.38903
2447624.11974 23.04069
2447625.11979 24.54151
2447626.11983 21.97462
2447627.11988 27.21021
2447628.11992 25.91865
2447629.11997 18.86775
2447630.12001 18.45900
2447631.12006 20.75790
2447632.12011 15.66187
2447633.12015 13.25924
2447634.12020 12.71113
2447635.12024 9.26026
2447636.12029 8.93301
2447637.12033 8.11123
2447638.12038 8.92837
2447639.12043 10.30310
2447640.12047 11.30511
2447641.12052 11.56099
2447642.12056 14.71415
2447643.12061 15.99197
2447644.12065 17.21791
2447645.12070 20.47767
2447646.12074 19.02302
2447647.12079 28.27924
2447648.12084 21.09930
2447649.12088 21.23369
2447650.12093 25.22101
2447651.12097 23.24091
2447652.12102 17.41234
2447653.12106 14.51092
2447654.12111 16.85324
2447655.12116 15.66136
2447656.12120 10.05180
2447657.12125 9.33198
2447658.12129 8.59812
2447659.12134 8.84241
2447660.12138 7.77596
2447661.12143 9.73238
2447662.12147 10.57103
2447663.12152 10.54395
2447664.12157 13.85162
2447665.12161 14.24844
2447666.12166 17.11354
2447667.12170 18.27813
2447668.12175 26.60616
2447669.12179 22.24605
2447670.12184 24.14258
2447671.12189 23.33937
2447672.12193 20.69903
2447673.12198 23.33977
2447674.12202 17.95052
2447675.12207 20.73919
2447676.12211 18.62151
2447677.12216 12.74530
2447678.12220 11.24743
2447679.12225 9.23317
2447680.12230 8.81249
2447681.12234 8.92469
2447682.12239 9.62917
2447683.12243 8.83849
2447684.12248 11.42761
2447685.12252 12.50621
2447686.12257 14.92662
2447687.12262 18.58397
2447688.12266 20.55607
2447689.12271 21.53012
2447690.12275 23.03353
2447691.12280 22.47458
2447692.12284 25.94425
2447693.12289 25.65770
2447694.12294 22.59044
2447695.12298 21.62919
2447696.12303 19.81989
2447697.12307 21.04001
2447698.12312 15.36723
2447699.12316 15.19514
2447700.12321 12.70429
2447701.12325 9.51748
2447702.12330 8.80120
2447703.12335 10.33038
2447704.12339 8.03958
2447705.12344 9.32568
2447706.12348 10.53876
2447707.12353 15.10266
2447708.12357 16.48675
2447709.12362 15.72182
2447710.12367 22.90200
2447711.12371 24.42662
2447712.12376 25.25657
2447713.12380 26.60494
2447714.12385 24.40716
2447715.12389 22.58033
2447716.12394 24.09366
2447717.12398 22.35453
2447718.12403 20.81090
2447719.12408 14.58347
2447720.12412 18.57756
2447721.12417 14.34147
2447722.12421 12.29387
2447723.12426 10.37122
2447724.12430 11.37743
2447725.12435 9.62617
2447726.12440 8.81480
2447727.12444 9.35903
2447728.12449 12.30975
2447729.12453 10.40520
2447730.12458 14.85732
2447731.12462 19.59143
2447732.12467 19.21506
2447733.12471 18.18548
2447734.12476 22.96939
2447735.12481 20.47980
2447736.12485 24.40835
2447922.13334 9.48448
2447923.13339 10.76494
2447924.13343 9.75077
2447925.13348 10.95868
2447926.13352 12.73582
2447927.13357 15.01382
2447928.13361 15.59296
2447929.13366 22.45464
2447930.13370 16.81587
2447931.13375 23.52028
2447932.13380 23.26653
2447933.13384 21.01670
2447934.13389 27.83516
2447935.13393 26.45717
2447936.13398 26.06913
2447937.13402 19.93822
2447938.13407 20.71484
2447939.13412 20.52765
2447940.13416 13.39544
2447941.13421 13.94653
2447942.13425 11.91094
2447943.13430 11.49610
2447944.13434 9.63180
2447945.13439 10.28633
2447946.13443 9.96209
2447947.13448 12.06721
2447948.13453 13.60551
2447949.13457 12.83647
2447950.13462 19.66900
2447951.13466 18.56074
2447952.13471 23.73400
2447953.13475 23.07398
2447954.13480 18.85890
2447955.13485 26.59095
2447956.13489 25.90361
2447957.13494 19.49522
2447958.13498 24.47960
2447959.13503 23.15659
2447960.13507 21.88961
2447961.13512 16.39083
2447962.13516 15.36765
2447963.13521 15.03177
2447964.13526 13.73425
2447965.13530 10.54814
2447966.13535 10.82350
2447967.13539 10.13431
2447968.13544 11.45818
2447969.13548 11.73216
2447970.13553 13.14052
2447971.13558 15.80618
2447972.13562 17.19593
2447973.13567 20.01621
2447974.13571 18.79965
2447975.13576 26.88012
2447976.13580 25.24892
2447977.13585 22.57984
2447978.13589 25.91151
2447979.13594 25.90228
2447980.13599 22.95026
2447981.13603 22.45264
2447982.13608 19.13876
2447983.13612 16.65627
2447984.13617 16.66708
2447985.13621 12.94466
2447986.13626 12.82080
2447987.13631 12.01785
2447988.13635 9.91532
2447989.13640 9.67123
2447990.13644 9.84987
2447991.13649 11.03025
2447992.13653 12.04593
2447993.13658 13.67337
2447994.13662 14.31124
2447995.13667 17.23159
2447996.13672 24.29166
2447997.13676 25.09433
2447998.13681 22.54358
2447999.13685 27.32946
2448000.13690 25.72255
2448001.13694 18.94331
2448002.13699 24.45948
2448003.13704 20.85268
2448004.13708 17.48862
2448005.13713 17.97405
2448006.13717 13.87516
2448007.13722 13.39807
2448008.13726 13.30422
2448009.13731 11.37060
2448010.13736 10.00850
2448011.13740 9.88259
2448012.13745 10.48403
2448013.13749 13.11375
2448014.13754 14.12960
2448015.13758 14.87316
2448016.13763 18.30274
2448017.13767 20.74421
2448018.13772 21.24549
2448019.13777 24.95827
2448020.13781 22.17168
2448021.13786 26.70220
2448022.13790 26.45813
2448023.13795 24.52039
2448024.13799 27.72892
2448025.13804 25.19885
2448026.13809 20.10523
2448027.13813 19.57440
2448028.13818 16.31732
2448029.13822 15.64898
2448030.13827 11.70381
2448031.13831 12.04531
2448032.13836 10.83828
2448033.13840 9.54477
2448034.13845 9.38019
2448035.13850 11.26043
2448036.13854 12.87180
2448037.13859 16.55860
2448038.13863 18.57715
2448039.13868 22.20647
2448040.13872 20.18749
2448041.13877 27.09490
2448042.13882 22.79777
2448043.13886 22.54597
2448044.13891 26.90600
2448045.13895 20.43405
2448046.13900 25.77034
2448047.13904 21.06086
2448048.13909 20.61943
2448049.13913 20.19255
2448050.13918 15.15299
2448051.13923 13.21550
2448052.13927 12.69474
2448053.13932 9.92216
2448054.13936 9.98895
2448055.13941 11.07868
2448056.13945 12.79645
2448057.13950 10.34572
2448058.13955 12.20455
2448059.13959 13.82258
2448060.13964 19.56460
2448061.13968 18.37491
2448062.13973 21.31688
2448063.13977 24.43358
2448064.13982 26.60741
2448065.13986 28.55117
2448066.13991 21.67614
2448067.13996 24.82559
2448068.14000 25.93467
2448069.14005 23.09943
2448070.14009 19.70333
2448071.14014 13.55064
2448072.14018 17.47943
2448073.14023 13.93399
2448074.14028 14.35531
2448075.14032 10.82002
2448076.14037 10.62627
2448077.14041 9.33012
2448078.14046 8.12815
2448079.14050 11.23803
2448080.14055 12.25669
2448081.14060 14.76304
2448082.14064 18.16646
2448083.14069 19.10416
2448084.14073 21.03631
2448085.14078 24.02241
2448086.14082 21.65289
2448087.14087 20.29290
2448088.14091 23.29380
2448089.14096 24.31439
2448090.14101 22.69966
2448091.14105 20.69554
2448092.14110 24.58136
2448093.14114 17.01677
2448094.14119 15.74264
2448095.14123 15.48978
2448096.14128 10.46260
2448097.14133 10.66284
2448098.14137 10.79308
2448099.14142 11.52177
2448100.14146 10.62463
2448101.14151 10.47964
2448288.15004 21.80308
2448289.15009 20.73351
2448290.15013 17.50587
2448291.15018 17.57145
2448292.15022 14.76587
2448293.15027 13.02602
2448294.15031 12.22152
2448295.15036 9.81592
2448296.15041 8.04519
2448297.15045 8.30501
2448298.15050 9.29672
2448299.15054 9.72713
2448300.15059 11.92803
2448301.15063 16.31073
2448302.15068 16.76906
2448303.15073 16.70218
2448304.15077 22.32479
2448305.15082 20.02904
2448306.15086 23.23593
2448307.15091 26.15191
2448308.15095 25.98270
2448309.15100 18.84726
2448310.15104 21.59735
2448311.15109 22.82263
2448312.15114 19.72976
2448313.15118 14.17496
2448314.15123 15.67259
2448315.15127 12.29889
2448316.15132 11.39094
2448317.15136 9.37368
2448318.15141 9.17298
2448319.15146 8.34965
2448320.15150 11.05186
2448321.15155 11.71887
2448322.15159 12.47861
2448323.15164 12.35267
2448324.15168 15.15962
2448325.15173 21.20537
2448326.15178 18.41837
2448327.15182 22.15489
2448328.15187 20.65719
2448329.15191 23.64218
2448330.15196 23.89558
2448331.15200 19.43455
2448332.15205 23.93043
2448333.15209 17.83769
2448334.15214 15.21268
2448335.15219 15.81412
2448336.15223 12.45474
2448337.15228 11.44314
2448338.15232 11.24399
2448339.15237 8.37257
2448340.15241 7.48720
2448341.15246 9.27341
2448342.15251 7.90275
2448343.15255 12.09530
2448344.15260 12.68483
2448345.15264 14.00323
2448346.15269 14.02543
2448347.15273 15.05447
2448348.15278 18.25212
2448349.15282 21.93312
2448350.15287 22.71831
2448351.15292 20.86476
2448352.15296 22.24267
2448353.15301 18.62789
2448354.15305 23.84438
2448355.15310 21.41826
2448356.15314 17.85457
2448357.15319 15.02090
2448358.15324 11.82412
2448359.15328 11.54474
2448360.15333 8.27155
2448361.15337 9.96201
2448362.15342 8.61995
2448363.15346 9.09737
2448364.15351 7.11868
2448365.15355 11.02126
2448366.15360 11.84766
2448367.15365 15.97587
2448368.15369 18.84104
2448369.15374 19.79358
2448370.15378 22.69898
2448371.15383 20.29849
2448372.15387 23.62892
2448373.15392 25.23372
2448374.15397 23.36067
2448375.15401 22.48034
2448376.15406 19.15572
2448377.15410 18.86320
2448378.15415 14.49253
2448379.15419 16.53063
2448380.15424 14.73285
2448381.15428 11.08721
2448382.15433 9.12773
2448383.15438 8.17511
2448384.15442 7.57773
2448385.15447 8.31343
2448386.15451 9.51075
2448387.15456 9.59700
2448388.15460 12.91910
2448389.15465 12.84251
2448390.15470 18.07125
2448391.15474 19.23754
2448392.15479 21.38122
2448393.15483 22.59789
2448394.15488 22.26348
2448395.15492 21.46811
2448396.15497 23.92727
2448397.15502 23.80129
2448398.15506 23.77479
2448399.15511 19.44379
2448400.15515 17.91325
2448401.15520 15.69465
2448402.15524 13.29206
2448403.15529 10.16490
2448404.15533 9.14124
2448405.15538 9.61228
2448406.15543 7.11548
2448407.15547 7.84618
2448408.15552 10.27214
2448409.15556 10.46567
2448410.15561 11.83401
2448411.15565 14.81053
2448412.15570 16.29661
2448413.15575 20.68452
2448414.15579 20.09438
2448415.15584 22.55352
2448416.15588 22.13108
2448417.15593 22.19963
2448418.15597 22.39391
2448419.15602 22.50021
2448420.15606 21.79977
2448421.15611 18.86403
2448422.15616 17.06283
2448423.15620 14.90322
2448424.15625 13.10090
2448425.15629 11.69746
2448426.15634 7.33022
2448427.15638 7.09905
2448428.15643 7.28758
2448429.15648 8.32055
2448430.15652 9.35412
2448431.15657 11.09850
2448432.15661 10.74374
2448433.15666 14.72770
2448434.15670 16.84160
2448435.15675 19.16935
2448436.15679 22.03926
2448437.15684 22.54953
2448438.15689 22.75643
2448439.15693 19.92905
2448440.15698 22.88965
2448441.15702 18.72197
2448442.15707 24.89329
2448443.15711 18.54326
2448444.15716 14.45545
2448445.15721 13.74277
2448446.15725 11.40945
2448447.15730 12.05187
2448448.15734 7.81145
2448449.15739 8.07848
2448450.15743 5.52690
2448451.15748 6.70756
2448452.15752 8.79045
2448453.15757 10.66130
2448454.15762 13.28987
2448455.15766 12.19568
2448456.15771 17.18745
2448457.15775 19.01389
2448458.15780 21.79868
2448459.15784 20.71600
2448460.15789 24.57012
2448461.15794 24.57739
2448462.15798 21.52572
2448463.15803 18.60215
2448464.15807 21.55406
2448465.15812 21.26074
2448466.15816 15.41120
2448467.15821 11.58720
2448653.16670 12.36182
2448654.16674 13.89976
2448655.16679 18.38416
2448656.16683 18.22607
2448657.16688 22.68030
2448658.16693 21.13469
2448659.16697 21.01217
2448660.16702 20.53853
2448661.16706 18.75882
2448662.16711 15.87212
2448663.16715 13.80057
2448664.16720 13.33125
2448665.16724 10.45316
2448666.16729 9.45477
2448667.16734 7.62547
2448668.16738 6.62362
2448669.16743 5.89061
2448670.16747 4.06896
2448671.16752 4.90143
2448672.16756 6.31008
2448673.16761 7.60635
2448674.16766 9.51079
2448675.16770 12.60446
2448676.16775 16.93212
2448677.16779 19.14363
2448678.16784 18.52513
2448679.16788 15.67767
2448680.16793 18.34474
2448681.16797 23.60393
2448682.16802 14.89979
2448683.16807 18.91636
2448684.16811 16.09093
2448685.16816 15.41292
2448686.16820 15.16922
2448687.16825 12.33951
2448688.16829 10.47657
2448689.16834 6.59225
2448690.16839 4.49452
2448691.16843 4.78901
2448692.16848 4.88855
2448693.16852 5.60795
2448694.16857 6.74774
2448695.16861 7.91503
2448696.16866 10.07981
2448697.16870 11.27208
2448698.16875 15.18752
2448699.16880 15.44236
2448700.16884 19.91814
2448701.16889 18.70842
2448702.16893 18.99897
2448703.16898 21.20060
2448704.16902 18.93116
2448705.16907 19.09290
2448706.16912 15.33431
2448707.16916 13.25569
2448708.16921 13.88548
2448709.16925 9.80922
2448710.16930 8.46510
2448711.16934 7.09282
2448712.16939 5.93242
2448713.16944 4.55195
2448714.16948 3.72028
2448715.16953 5.07567
2448716.16957 6.29331
2448717.16962 7.42317
2448718.16966 8.95212
2448719.16971 12.36899
2448720.16975 14.66794
2448721.16980 15.67334
2448722.16985 18.86433
2448723.16989 20.51564
2448724.16994 17.58247
2448725.16998 18.95109
2448726.17003 16.88915
2448727.17007 14.85708
2448728.17012 15.58844
2448729.17017 14.76511
2448730.17021 12.20043
2448731.17026 9.93758
2448732.17030 8.88900
2448733.17035 5.26779
2448734.17039 5.40745
2448735.17044 4.00622
2448736.17048 4.62376
2448737.17053 4.13610
2448738.17058 5.73717
2448739.17062 6.83359
2448740.17067 9.47613
2448741.17071 10.76720
2448742.17076 13.04980
2448743.17080 16.26544
2448744.17085 14.28592
2448745.17090 18.62684
2448746.17094 18.42391
2448747.17099 18.56864
2448748.17103 18.86395
2448749.17108 17.25241
2448750.17112 16.79590
2448751.17117 14.98411
2448752.17121 11.64819
2448753.17126 9.72114
2448754.17131 7.32636
2448755.17135 5.94427
2448756.17140 3.78926
2448757.17144 4.16018
2448758.17149 4.22059
2448759.17153 4.83753
2448760.17158 5.41207
2448761.17163 7.39407
2448762.17167 10.96708
2448763.17172 11.28411
2448764.17176 12.62102
2448765.17181 15.84546
2448766.17185 18.37747
2448767.17190 20.39013
2448768.17194 18.91383
2448769.17199 20.15460
2448770.17204 21.53198
2448771.17208 17.98836
2448772.17213 16.81455
2448773.17217 17.14302
2448774.17222 12.11526
2448775.17226 9.55734
2448776.17231 6.99088
2448777.17236 5.91491
2448778.17240 4.69317
2448779.17245 4.64328
2448780.17249 4.35338
2448781.17254 5.47378
2448782.17258 4.81400
2448783.17263 5.90143
2448784.17268 8.83970
2448785.17272 10.07411
2448786.17277 13.02938
2448787.17281 15.18580
2448788.17286 18.65594
2448789.17290 20.09697
2448790.17295 16.43986
2448791.17299 19.37460
2448792.17304 17.51090
2448793.17309 16.84565
2448794.17313 15.61051
2448795.17318 14.00049
2448796.17322 11.67708
2448797.17327 9.59317
2448798.17331 6.95692
2448799.17336 4.99064
2448800.17341 3.71289
2448801.17345 3.96170
2448802.17350 3.76551
2448803.17354 4.32155
2448804.17359 5.46378
2448805.17363 6.58923
2448806.17368 8.24869
2448807.17372 10.69660
2448808.17377 14.03806
2448809.17382 15.18708
2448810.17386 17.17737
2448811.17391 17.82961
2448812.17395 17.75675
2448813.17400 16.92592
2448814.17404 13.52866
2448815.17409 18.32101
2448816.17414 14.58076
2448817.17418 12.32497
2448818.17423 10.39101
2448819.17427 8.97724
2448820.17432 6.01751
2448821.17436 4.30255
2448822.17441 3.94743
2448823.17445 3.28231
2448824.17450 3.57999
2448825.17455 3.71800
2448826.17459 6.00792
2448827.17464 5.89696
2448828.17468 7.99052
2448829.17473 11.86696
2448830.17477 12.55169
2448831.17482 16.59392
2448832.17487 18.43919
2449018.18335 4.59790
2449019.18340 2.75917
2449020.18344 2.03043
2449021.18349 1.20469
2449022.18354 1.47451
2449023.18358 2.26956
2449024.18363 3.71198
2449025.18367 5.09070
2449026.18372 7.26622
2449027.18376 9.63972
2449028.18381 11.14865
2449029.18386 12.74723
2449030.18390 15.11502
2449031.18395 17.98280
2449032.18399 17.77618
2449033.18404 13.49002
2449034.18408 14.58129
2449035.18413 12.92038
2449036.18417 12.31200
2449037.18422 11.00016
2449038.18427 10.22746
2449039.18431 7.00833
2449040.18436 4.54675
2449041.18440 2.36049
2449042.18445 1.57479
2449043.18449 1.26055
2449044.18454 1.33455
2449045.18459 2.14017
2449046.18463 3.70018
2449047.18468 4.82754
2449048.18472 7.09097
2449049.18477 8.75568
2449050.18481 11.54063
2449051.18486 13.96756
2449052.18490 13.05781
2449053.18495 12.53275
2449054.18500 18.33316
2449055.18504 17.01223
2449056.18509 15.02696
2449057.18513 13.36513
2449058.18518 14.22612
2449059.18522 11.60267
2449060.18527 7.74153
2449061.18532 5.35962
2449062.18536 4.43188
2449063.18541 2.14841
2449064.18545 1.39288
2449065.18550 1.00561
2449066.18554 1.19807
2449067.18559 2.04247
2449068.18563 2.79973
2449069.18568 4.53437
2449070.18573 6.65328
2449071.18577 10.83942
2449072.18582 11.57350
2449073.18586 12.86593
2449074.18591 15.27609
2449075.18595 13.06694
2449076.18600 15.94508
2449077.18605 17.02434
2449078.18609 13.43907
2449079.18614 15.24224
2449080.18618 10.95244
2449081.18623 10.28961
2449082.18627 8.18874
2449083.18632 5.63463
2449084.18636 3.76581
2449085.18641 2.42724
2449086.18646 1.50534
2449087.18650 1.02770
2449088.18655 1.13211
2449089.18659 1.77812
2449090.18664 3.23450
2449091.18668 4.62838
2449092.18673 5.83290
2449093.18678 8.25564
2449094.18682 12.50561
2449095.18687 12.89807
2449096.18691 14.67974
2449097.18696 18.76108
2449098.18700 17.88960
2449099.18705 16.97947
2449100.18710 14.32426
2449101.18714 14.00063
2449102.18719 13.11034
2449103.18723 10.25463
2449104.18728 8.00602
2449105.18732 5.55350
2449106.18737 4.45340
2449107.18741 1.89355
2449108.18746 1.24356
2449109.18751 0.94635
2449110.18755 1.00266
2449111.18760 2.02463
2449112.18764 2.84987
2449113.18769 4.10462
2449114.18773 6.16795
2449115.18778 8.21111
2449116.18783 11.33844
2449117.18787 15.88149
2449118.18792 14.64313
2449119.18796 18.16286
2449120.18801 12.30107
2449121.18805 17.36966
2449122.18810 16.25417
2449123.18814 11.97168
2449124.18819 12.53601
2449125.18824 9.19485
2449126.18828 7.15127
2449127.18833 4.72457
2449128.18837 3.19464
2449129.18842 1.82724
2449130.18846 1.02480
2449131.18851 0.69137
2449132.18856 0.97131
2449133.18860 1.82618
2449134.18865 2.66970
2449135.18869 5.00461
2449136.18874 6.80748
2449137.18878 9.96675
2449138.18883 11.43916
2449139.18887 13.60021
2449140.18892 15.38603
2449141.18897 12.89123
2449142.18901 16.06905
2449143.18906 15.08111
2449144.18910 14.93344
2449145.18915 11.01499
2449146.18919 13.44714
2449147.18924 9.36250
2449148.18929 8.14046
2449149.18933 4.34644
2449150.18938 3.42868
2449151.18942 2.11759
2449152.18947 1.00361
2449153.18951 0.64382
2449154.18956 0.88214
2449155.18960 1.48645
2449156.18965 3.23730
2449157.18970 4.87280
2449158.18974 6.44583
2449159.18979 8.01885
2449160.18983 10.45698
2449161.18988 13.08932
2449162.18992 12.68849
2449163.18997 13.84537
2449164.19002 16.12759
2449165.19006 15.75854
2449166.19011 13.37379
2449167.19015 14.94646
2449168.19020 12.15829
2449169.19024 10.94639
2449170.19029 6.75219
2449171.19033 5.87463
2449172.19038 2.72141
2449173.19043 2.26462
2449174.19047 0.84669
2449175.19052 0.43650
2449176.19056 0.62001
2449177.19061 1.61072
2449178.19065 3.04487
2449179.19070 4.68983
2449180.19075 7.04006
2449181.19079 9.59215
2449182.19084 9.81564
2449183.19088 11.24952
2449184.19093 13.14181
2449185.19097 15.79326
2449186.19102 14.75468
2449187.19107 17.31980
2449188.19111 14.34116
2449189.19116 13.45504
2449190.19120 8.74463
2449191.19125 8.42018
2449192.19129 7.30685
2449193.19134 4.77999
2449194.19138 2.62677
2449195.19143 1.78660
2449196.19148 0.70805
2449197.19152 0.40548
2449383.20001 15.60008
2449384.20005 15.54408
2449385.20010 13.02725
2449386.20015 13.91093
2449387.20019 12.45041
2449388.20024 9.32849
2449389.20028 9.10542
2449390.20033 6.97768
2449391.20037 4.03464
2449392.20042 2.44116
2449393.20047 1.47408
2449394.20051 0.53563
2449395.20056 0.43327
2449396.20060 1.02815
2449397.20065 1.82901
2449398.20069 3.52596
2449399.20074 5.82669
2449400.20078 7.90594
2449401.20083 8.41844
2449402.20088 10.74893
2449403.20092 12.54587
2449404.20097 15.17277
2449405.20101 16.06021
2449406.20106 15.42573
2449407.20110 15.64272
2449408.20115 13.85399
2449409.20120 12.18602
2449410.20124 9.04254
2449411.20129 8.79982
2449412.20133 6.27220
2449413.20138 4.41176
2449414.20142 3.11218
2449415.20147 1.40371
2449416.20152 0.56861
2449417.20156 0.41376
2449418.20161 0.98895
2449419.20165 1.99788
2449420.20170 3.92240
2449421.20174 5.90189
2449422.20179 8.22355
2449423.20183 8.94269
2449424.20188 12.92343
2449425.20193 12.85797
2449426.20197 15.98439
2449427.20202 16.96741
2449428.20206 17.55234
2449429.20211 13.91229
2449430.20215 12.46773
2449431.20220 11.18969
2449432.20225 10.00831
2449433.20229 7.95891
2449434.20234 7.16659
2449435.20238 4.79439
2449436.20243 2.50077
2449437.20247 1.35581
2449438.20252 0.75767
2449439.20256 0.50823
2449440.20261 1.04780
2449441.20266 1.81563
2449442.20270 3.62583
2449443.20275 5.79852
2449444.20279 7.57436
2449445.20284 10.37828
2449446.20288 11.13924
2449447.20293 13.67456
2449448.20298 15.53777
2449449.20302 15.05952
2449450.20307 16.65579
2449451.20311 14.50093
2449452.20316 16.23266
2449453.20320 12.35137
2449454.20325 8.98252
2449455.20329 9.18431
2449456.20334 6.80298
2449457.20339 4.80538
2449458.20343 2.64472
2449459.20348 1.50245
2449460.20352 0.73127
2449461.20357 0.59498
2449462.20361 0.99514
2449463.20366 2.39570
2449464.20371 3.56835
2449465.20375 5.92594
2449466.20380 7.61390
2449467.20384 10.99716
2449468.20389 11.21915
2449469.20393 14.45710
2449470.20398 14.35781
2449471.20402 17.41282
2449472.20407 14.25417
2449473.20412 17.37909
2449474.20416 13.02648
2449475.20421 12.92695
2449476.20425 10.46270
2449477.20430 7.41574
2449478.20434 4.42964
2449479.20439 4.20550
2449480.20444 2.30342
2449481.20448 1.27607
2449482.20453 0.98589
2449483.20457 0.73830
2449484.20462 1.06627
2449485.20466 2.50477
2449486.20471 4.22746
2449487.20475 5.68740
2449488.20480 8.11345
2449489.20485 10.30959
2449490.20489 13.88506
2449491.20494 13.84382
2449492.20498 13.95267
2449493.20503 12.91960
2449494.20507 16.18546
2449495.20512 15.29957
2449496.20517 12.87515
2449497.20521 14.38552
2449498.20526 9.45250
2449499.20530 7.35841
2449500.20535 6.39658
2449501.20539 4.93261
2449502.20544 3.29488
2449503.20549 1.69561
2449504.20553 0.92839
2449505.20558 0.93701
2449506.20562 1.47315
2449507.20567 2.44776
2449508.20571 4.76980
2449509.20576 5.42897
2449510.20580 7.59542
2449511.20585 10.83703
2449512.20590 10.90037
2449513.20594 12.88244
2449514.20599 13.97674
2449515.20603 12.22521
2449516.20608 14.01412
2449517.20612 15.48814
2449518.20617 13.07828
2449519.20622 13.19657
2449520.20626 11.38767
2449521.20631 8.58389
2449522.20635 5.75056
2449523.20640 4.35159
2449524.20644 2.95078
2449525.20649 1.67288
2449526.20653 0.84593
2449527.20658 1.09050
2449528.20663 1.70935
2449529.20667 2.68231
2449530.20672 4.18533
2449531.20676 5.82978
2449532.20681 8.28111
2449533.20685 9.69114
2449534.20690 10.42572
2449535.20695 12.81867
2449536.20699 14.64147
2449537.20704 16.00687
2449538.20708 18.23535
2449539.20713 12.67031
2449540.20717 13.86457
2449541.20722 11.24326
2449542.20726 12.31733
2449543.20731 9.09776
2449544.20736 5.93709
2449545.20740 4.81444
2449546.20745 3.21395
2449547.20749 1.98095
2449548.20754 1.23352
2449549.20758 1.33133
2449550.20763 1.60750
2449551.20768 3.63894
2449552.20772 5.33990
2449553.20777 6.83126
2449554.20781 7.50295
2449555.20786 8.91354
2449556.20790 10.92970
2449557.20795 16.72932
2449558.20799 15.05776
2449559.20804 15.61049
2449560.20809 13.99243
2449561.20813 15.55183
2449562.20818 14.86199
2449749.21671 5.62041
2449750.21676 6.25065
2449751.21680 7.29074
2449752.21685 8.46578
2449753.21689 13.51092
2449754.21694 14.13901
2449755.21698 14.60814
2449756.21703 18.59616
2449757.21708 19.15635
2449758.21712 19.87510
2449759.21717 17.60409
2449760.21721 15.99648
2449761.21726 15.48064
2449762.21730 12.36699
2449763.21735 11.57359
2449764.21740 7.76176
2449765.21744 5.48882
2449766.21749 4.97624
2449767.21753 3.63511
2449768.21758 2.80917
2449769.21762 3.64026
2449770.21767 3.71624
2449771.21771 5.19631
2449772.21776 5.67864
2449773.21781 10.22068
2449774.21785 11.94669
2449775.21790 14.30351
2449776.21794 15.00919
2449777.21799 17.58805
2449778.21803 18.92960
2449779.21808 19.87554
2449780.21813 17.12976
2449781.21817 17.03196
2449782.21822 13.67111
2449783.21826 15.78601
2449784.21831 11.77424
2449785.21835 9.17382
2449786.21840 7.58045
2449787.21844 5.37486
2449788.21849 4.40127
2449789.21854 3.58494
2449790.21858 3.62475
2449791.21863 2.90666
2449792.21867 4.47825
2449793.21872 5.81096
2449794.21876 8.08723
2449795.21881 9.01146
2449796.21886 11.14308
2449797.21890 11.97423
2449798.21895 15.70620
2449799.21899 18.02168
2449800.21904 18.75185
2449801.21908 19.51445
2449802.21913 18.14420
2449803.21917 15.38097
2449804.21922 13.62103
2449805.21927 12.84699
2449806.21931 12.82786
2449807.21936 9.22001
2449808.21940 9.11316
2449809.21945 6.02850
2449810.21949 5.62282
2449811.21954 2.99179
2449812.21959 3.18789
2449813.21963 3.01052
2449814.21968 4.58622
2449815.21972 5.41214
2449816.21977 6.40218
2449817.21981 10.35974
2449818.21986 12.23717
2449819.21991 15.72968
2449820.21995 12.39060
2449821.22000 16.51037
2449822.22004 21.66695
2449823.22009 23.24746
2449824.22013 20.70606
2449825.22018 18.23759
2449826.22022 18.17949
2449827.22027 14.93224
2449828.22032 13.52294
2449829.22036 9.96996
2449830.22041 7.95085
2449831.22045 5.41842
2449832.22050 4.91776
2449833.22054 4.03467
2449834.22059 3.82315
2449835.22064 4.87561
2449836.22068 4.70548
2449837.22073 4.98965
2449838.22077 7.42432
2449839.22082 10.68873
2449840.22086 14.23763
2449841.22091 16.14418
2449842.22095 17.21493
2449843.22100 17.59507
2449844.22105 18.53655
2449845.22109 23.36908
2449846.22114 19.44358
2449847.22118 16.80802
2449848.22123 15.77078
2449849.22127 12.49160
2449850.22132 11.18596
2449851.22137 10.61435
2449852.22141 10.03173
2449853.22146 6.66606
2449854.22150 4.90095
2449855.22155 4.36326
2449856.22159 4.26528
2449857.22164 3.58562
2449858.22168 4.39749
2449859.22173 7.11101
2449860.22178 7.23201
2449861.22182 8.42434
2449862.22187 10.52680
2449863.22191 13.52754
2449864.22196 18.52721
2449865.22200 15.09544
2449866.22205 20.26697
2449867.22210 16.87028
2449868.22214 17.95344
2449869.22219 17.35115
2449870.22223 16.43613
2449871.22228 14.05515
2449872.22232 11.71065
2449873.22237 12.31577
2449874.22241 7.13864
2449875.22246 7.18230
2449876.22251 6.27123
2449877.22255 4.38694
2449878.22260 4.75100
2449879.22264 5.09945
2449880.22269 5.48430
2449881.22273 6.97055
2449882.22278 7.45982
2449883.22283 9.45686
2449884.22287 11.95596
2449885.22292 12.30450
2449886.22296 20.25464
2449887.22301 17.90627
2449888.22305 17.40928
2449889.22310 22.60823
2449890.22315 20.53915
2449891.22319 20.52298
2449892.22324 17.54416
2449893.22328 16.85854
2449894.22333 12.33834
2449895.22337 12.99846
2449896.22342 7.37967
2449897.22346 6.35050
2449898.22351 6.63994
2449899.22356 5.03911
2449900.22360 4.53437
2449901.22365 4.13573
2449902.22369 5.58577
2449903.22374 6.76560
2449904.22378 7.76315
2449905.22383 12.38399
2449906.22388 14.72629
2449907.22392 14.56908
2449908.22397 18.84094
2449909.22401 16.09077
2449910.22406 18.78467
2449911.22410 21.87534
2449912.22415 22.93589
2449913.22419 18.64833
2449914.22424 19.07760
2449915.22429 14.67074
2449916.22433 14.06391
2449917.22438 12.11099
2449918.22442 9.81010
2449919.22447 7.37696
2449920.22451 5.57368
2449921.22456 4.57030
2449922.22461 4.31224
2449923.22465 5.64887
2449924.22470 6.26183
2449925.22474 8.71749
2449926.22479 9.31847
2449927.22483 12.17996
2449928.22488 16.19015
2450114.23337 13.98213
2450115.23341 14.53102
2450116.23346 10.97708
2450117.23350 9.11036
2450118.23355 7.25557
2450119.23359 6.92538
2450120.23364 6.94028
2450121.23369 7.51395
2450122.23373 11.41758
2450123.23378 10.10200
2450124.23382 10.81096
2450125.23387 13.94091
2450126.23391 18.09674
2450127.23396 19.35465
2450128.23401 18.01822
2450129.23405 19.98143
2450130.23410 15.53231
2450131.23414 21.99691
2450132.23419 26.07131
2450133.23423 18.67859
2450134.23428 22.93065
2450135.23433 17.13451
2450136.23437 17.33472
2450137.23442 12.02697
2450138.23446 12.20223
2450139.23451 9.45583
2450140.23455 7.05487
2450141.23460 6.71161
2450142.23464 7.09802
2450143.23469 8.25139
2450144.23474 8.06627
2450145.23478 11.82736
2450146.23483 12.96351
2450147.23487 14.85930
2450148.23492 12.11140
2450149.23496 19.66108
2450150.23501 21.12689
2450151.23506 23.57591
2450152.23510 22.47179
2450153.23515 23.35203
2450154.23519 22.01309
2450155.23524 21.92420
2450156.23528 17.41452
2450157.23533 14.50645
2450158.23537 13.51626
2450159.23542 13.95055
2450160.23547 10.60996
2450161.23551 9.77661
2450162.23556 7.53256
2450163.23560 7.58233
2450164.23565 8.88345
2450165.23569 9.09421
2450166.23574 8.76183
2450167.23579 11.61469
2450168.23583 12.21591
2450169.23588 13.06089
2450170.23592 17.70111
2450171.23597 18.67034
2450172.23601 20.62903
2450173.23606 19.98956
2450174.23610 21.15876
2450175.23615 22.60617
2450176.23620 21.08790
2450177.23624 24.60064
2450178.23629 18.09246
2450179.23633 17.57247
2450180.23638 13.95082
2450181.23642 11.48160
2450182.23647 10.51605
2450183.23652 8.83576
2450184.23656 8.06826
2450185.23661 7.14091
2450186.23665 8.00381
2450187.23670 8.88174
2450188.23674 7.85685
2450189.23679 10.72197
2450190.23683 10.43219
2450191.23688 14.34836
2450192.23693 16.82334
2450193.23697 18.33541
2450194.23702 21.70494
2450195.23706 19.55987
2450196.23711 23.26516
2450197.23715 24.81789
2450198.23720 22.52804
2450199.23725 20.94518
2450200.23729 18.29503
2450201.23734 17.93566
2450202.23738 13.46729
2450203.23743 12.17430
2450204.23747 11.53488
2450205.23752 10.14467
2450206.23757 9.16042
2450207.23761 7.99916
2450208.23766 8.83377
2450209.23770 9.42516
2450210.23775 9.37386
2450211.23779 10.71973
2450212.23784 11.58392
2450213.23788 15.12238
2450214.23793 17.75192
2450215.23798 17.68939
2450216.23802 20.36969
2450217.23807 24.88623
2450218.23811 21.38118
2450219.23816 24.06248
2450220.23820 23.48484
2450221.23825 20.44354
2450222.23830 22.64517
2450223.23834 16.04126
2450224.23839 14.01908
2450225.23843 13.73191
2450226.23848 11.15399
2450227.23852 6.56790
2450228.23857 8.15866
2450229.23861 8.84120
2450230.23866 7.37928
2450231.23871 9.33725
2450232.23875 10.64194
2450233.23880 12.17006
2450234.23884 11.36383
2450235.23889 14.72755
2450236.23893 16.09926
2450237.23898 21.91705
2450238.23903 22.72838
2450239.23907 22.30516
2450240.23912 26.21641
2450241.23916 29.04155
2450242.23921 19.96686
2450243.23925 17.43438
2450244.23930 21.59795
2450245.23934 17.36193
2450246.23939 15.92784
2450247.23944 12.18125
2450248.23948 10.67276
2450249.23953 10.69042
2450250.23957 8.29738
2450251.23962 8.94445
2450252.23966 9.91884
2450253.23971 10.19021
2450254.23976 10.68357
2450255.23980 13.01691
2450256.23985 12.10285
2450257.23989 16.04334
2450258.23994 17.20649
2450259.23998 18.67157
2450260.24003 25.06152
2450261.24007 26.39965
2450262.24012 22.54603
2450263.24017 21.99308
2450264.24021 23.56689
2450265.24026 21.36603
2450266.24030 20.81889
2450267.24035 18.72830
2450268.24039 17.72310
2450269.24044 14.71876
2450270.24049 14.02735
2450271.24053 9.00845
2450272.24058 9.49548
2450273.24062 8.19856
2450274.24067 6.59594
2450275.24071 7.82496
2450276.24076 7.78711
2450277.24080 11.94413
2450278.24085 16.39467
2450279.24090 16.30201
2450280.24094 19.65278
2450281.24099 20.46981
2450282.24103 20.11139
2450283.24108 21.06692
2450284.24112 24.85412
2450285.24117 23.39082
2450286.24122 22.88540
2450287.24126 21.86987
2450288.24131 21.47885
2450289.24135 20.09775
2450290.24140 15.45799
2450291.24144 14.09431
2450292.24149 11.20123
2450293.24154 9.81204
2450479.25002 21.46258
2450480.25007 23.67213
2450481.25011 21.93303
2450482.25016 24.19534
2450483.25021 26.08451
2450484.25025 26.67080
2450485.25030 15.74711
2450486.25034 23.36791
2450487.25039 17.55286
2450488.25043 14.27285
2450489.25048 13.63751
2450490.25052 12.58738
2450491.25057 9.75886
2450492.25062 8.88154
2450493.25066 10.13726
2450494.25071 9.76353
2450495.25075 13.29996
2450496.25080 10.91625
2450497.25084 16.83352
2450498.25089 14.38391
2450499.25094 16.24365
2450500.25098 18.86044
2450501.25103 18.04642
2450502.25107 21.80660
2450503.25112 22.89387
2450504.25116 28.99924
2450505.25121 24.93167
2450506.25125 24.92311
2450507.25130 21.98224
2450508.25135 20.54590
2450509.25139 20.40903
2450510.25144 17.14584
2450511.25148 13.87861
2450512.25153 11.84268
2450513.25157 9.86579
2450514.25162 9.81520
2450515.25167 11.71089
2450516.25171 9.22616
2450517.25176 11.00088
2450518.25180 12.90695
2450519.25185 13.22170
2450520.25189 18.84092
2450521.25194 18.44286
2450522.25199 20.15500
2450523.25203 23.93295
2450524.25208 21.47993
2450525.25212 24.25533
2450526.25217 23.57635
2450527.25221 30.49250
2450528.25226 28.45089
2450529.25230 24.79415
2450530.25235 21.09098
2450531.25240 20.12140
2450532.25244 18.09992
2450533.25249 16.78162
2450534.25253 13.81211
2450535.25258 8.31210
2450536.25262 10.13383
2450537.25267 10.80939
2450538.25272 10.04845
2450539.25276 12.47375
2450540.25281 10.73491
2450541.25285 14.91018
2450542.25290 19.18741
2450543.25294 20.02589
2450544.25299 21.68933
2450545.25303 21.21314
2450546.25308 27.26127
2450547.25313 21.58439
2450548.25317 26.17376
2450549.25322 22.59788
2450550.25326 21.21280
2450551.25331 23.70759
2450552.25335 21.48675
2450553.25340 18.78783
2450554.25345 16.82310
2450555.25349 13.37655
2450556.25354 14.13140
2450557.25358 11.56972
2450558.25363 13.47726
2450559.25367 11.36480
2450560.25372 10.64546
2450561.25376 10.91817
2450562.25381 12.13441
2450563.25386 14.43456
2450564.25390 20.61731
2450565.25395 18.15140
2450566.25399 19.42130
2450567.25404 20.36422
2450568.25408 22.14686
2450569.25413 22.77434
2450570.25418 28.00587
2450571.25422 23.63102
2450572.25427 26.60739
2450573.25431 26.73613
2450574.25436 19.60338
2450575.25440 18.89348
2450576.25445 16.50986
2450577.25449 15.66064
2450578.25454 14.05371
2450579.25459 9.76076
2450580.25463 9.12833
2450581.25468 10.70681
2450582.25472 11.61283
2450583.25477 12.77745
2450584.25481 12.20559
2450585.25486 13.32296
2450586.25491 15.63441
2450587.25495 17.99339
2450588.25500 18.33904
2450589.25504 21.74255
2450590.25509 27.02010
2450591.25513 20.01196
2450592.25518 25.16673
2450593.25522 25.48701
2450594.25527 27.23262
2450595.25532 21.13869
2450596.25536 26.04041
2450597.25541 17.23853
2450598.25545 17.08535
2450599.25550 13.13742
2450600.25554 11.86350
2450601.25559 12.05014
2450602.25564 10.78511
2450603.25568 10.67409
2450604.25573 9.43669
2450605.25577 13.19293
2450606.25582 13.20765
2450607.25586 14.48002
2450608.25591 16.99770
2450609.25596 20.77674
2450610.25600 18.80994
2450611.25605 20.27523
2450612.25609 22.36252
2450613.25614 17.15064
2450614.25618 21.15350
2450615.25623 21.59196
2450616.25627 23.76605
2450617.25632 21.36462
2450618.25637 23.17005
2450619.25641 18.54612
2450620.25646 15.93050
2450621.25650 13.63463
2450622.25655 15.11269
2450623.25659 10.57188
2450624.25664 10.70068
2450625.25669 10.72723
2450626.25673 10.60016
2450627.25678 9.62349
2450628.25682 14.39932
2450629.25687 13.88302
2450630.25691 13.68255
2450631.25696 18.92577
2450632.25700 24.06944
2450633.25705 18.86342
2450634.25710 24.20900
2450635.25714 23.95145
2450636.25719 23.13171
2450637.25723 21.16240
2450638.25728 24.75979
2450639.25732 22.75777
2450640.25737 20.06111
2450641.25742 19.48049
2450642.25746 17.10853
2450643.25751 13.26376
2450644.25755 11.93996
2450645.25760 9.07598
2450646.25764 10.30544
2450647.25769 11.33119
2450648.25773 9.57343
2450649.25778 11.88561
2450650.25783 13.62392
2450651.25787 16.82452
2450652.25792 17.34659
2450653.25796 19.31502
2450654.25801 24.08059
2450655.25805 24.37605
2450656.25810 25.48887
2450657.25815 21.34031
2450658.25819 22.88087
2450844.26668 10.60623
2450845.26672 9.78486
2450846.26677 10.72078
2450847.26682 12.30031
2450848.26686 11.51986
2450849.26691 16.45537
2450850.26695 16.09014
2450851.26700 16.53317
2450852.26704 20.29087
2450853.26709 21.05128
2450854.26714 23.86616
2450855.26718 25.75217
2450856.26723 20.93998
2450857.26727 22.00606
2450858.26732 24.88453
2450859.26736 22.03431
2450860.26741 20.36143
2450861.26745 17.22414
2450862.26750 17.86044
2450863.26755 13.54787
2450864.26759 10.32590
2450865.26764 10.42848
2450866.26768 8.00426
2450867.26773 6.52066
2450868.26777 9.90039
2450869.26782 9.83352
2450870.26787 13.78518
2450871.26791 15.55438
2450872.26796 18.74805
2450873.26800 18.30342
2450874.26805 20.18131
2450875.26809 20.69956
2450876.26814 20.32691
2450877.26818 19.81830
2450878.26823 22.76096
2450879.26828 24.35845
2450880.26832 23.55963
2450881.26837 21.91881
2450882.26841 19.46488
2450883.26846 17.07577
2450884.26850 14.13833
2450885.26855 13.40455
2450886.26860 9.26216
2450887.26864 9.64366
2450888.26869 8.51342
2450889.26873 10.09016
2450890.26878 7.50303
2450891.26882 9.92882
2450892.26887 13.08265
2450893.26891 15.28516
2450894.26896 16.68601
2450895.26901 17.55215
2450896.26905 20.20178
2450897.26910 16.13286
2450898.26914 18.19583
2450899.26919 18.76411
2450900.26923 28.35348
2450901.26928 24.76242
2450902.26933 18.96519
2450903.26937 26.94290
2450904.26942 18.82050
2450905.26946 15.04460
2450906.26951 15.10276
2450907.26955 11.70896
2450908.26960 9.90575
2450909.26964 10.10409
2450910.26969 6.06537
2450911.26974 9.53511
2450912.26978 11.08448
2450913.26983 11.17756
2450914.26987 13.04511
2450915.26992 15.24814
2450916.26996 18.94127
2450917.27001 19.17338
2450918.27006 23.88622
2450919.27010 22.05707
2450920.27015 24.50138
2450921.27019 26.11910
2450922.27024 21.74789
2450923.27028 22.93560
2450924.27033 21.51722
2450925.27038 20.27292
2450926.27042 20.06496
2450927.27047 18.57022
2450928.27051 13.21776
2450929.27056 10.97536
2450930.27060 10.04205
2450931.27065 10.15367
2450932.27069 10.54016
2450933.27074 8.88651
2450934.27079 10.88561
2450935.27083 12.18415
2450936.27088 10.28652
2450937.27092 16.27527
2450938.27097 17.08734
2450939.27101 18.36015
2450940.27106 19.73843
2450941.27111 20.39597
2450942.27115 23.78457
2450943.27120 24.86547
2450944.27124 23.32979
2450945.27129 25.75203
2450946.27133 22.35187
2450947.27138 19.49277
2450948.27142 20.53131
2450949.27147 19.13781
2450950.27152 11.36687
2450951.27156 10.02918
2450952.27161 9.10783
2450953.27165 9.55444
2450954.27170 9.17870
2450955.27174 8.51903
2450956.27179 9.27361
2450957.27184 8.59854
2450958.27188 8.65642
2450959.27193 12.57636
2450960.27197 18.31937
2450961.27202 19.13934
2450962.27206 19.62138
2450963.27211 22.04104
2450964.27215 25.58966
2450965.27220 24.61667
2450966.27225 25.61315
2450967.27229 22.43003
2450968.27234 23.70077
2450969.27238 20.88662
2450970.27243 19.05183
2450971.27247 14.13934
2450972.27252 14.70658
2450973.27257 11.90232
2450974.27261 11.77282
2450975.27266 7.71095
2450976.27270 9.80298
2450977.27275 8.88657
2450978.27279 10.33461
2450979.27284 9.06495
2450980.27288 13.80786
2450981.27293 15.58136
2450982.27298 15.18906
2450983.27302 19.32557
2450984.27307 21.96240
2450985.27311 20.45747
2450986.27316 25.16663
2450987.27320 22.63091
2450988.27325 23.42101
2450989.27330 25.82058
2450990.27334 16.67697
2450991.27339 22.21784
2450992.27343 16.05611
2450993.27348 16.02754
2450994.27352 14.70428
2450995.27357 13.06317
2450996.27362 9.79813
2450997.27366 8.44074
2450998.27371 8.73668
2450999.27375 9.84270
2451000.27380 9.86120
2451001.27384 10.12549
2451002.27389 13.47997
2451003.27393 9.36424
2451004.27398 19.13102
2451005.27403 15.27804
2451006.27407 21.41940
2451007.27412 20.21753
2451008.27416 23.83755
2451009.27421 21.38257
2451010.27425 23.57986
2451011.27430 25.27578
2451012.27435 22.53764
2451013.27439 19.37810
2451014.27444 17.68734
2451015.27448 14.76766
2451016.27453 13.98679
2451017.27457 11.20240
2451018.27462 10.36180
2451019.27466 7.73466
2451020.27471 7.63242
2451021.27476 9.88176
2451022.27480 8.13953
2451023.27485 10.62696
2451209.28333 23.10101
2451210.28338 21.18278
2451211.28343 17.95248
2451212.28347 14.24221
2451213.28352 13.32819
2451214.28356 11.53766
2451215.28361 10.08798
2451216.28365 6.80302
2451217.28370 6.44029
2451218.28375 6.94910
2451219.28379 6.10383
2451220.28384 7.18429
2451221.28388 8.10632
2451222.28393 9.96589
2451223.28397 11.12727
2451224.28402 11.60198
2451225.28406 14.84471
2451226.28411 18.12247
2451227.28416 14.66966
2451228.28420 17.69125
2451229.28425 19.33188
2451230.28429 22.72230
2451231.28434 19.45169
2451232.28438 16.23861
2451233.28443 16.24132
2451234.28448 13.26854
2451235.28452 12.43838
2451236.28457 12.17796
2451237.28461 8.10747
2451238.28466 6.17697
2451239.28470 5.84157
2451240.28475 7.07258
2451241.28480 5.65203
2451242.28484 7.10314
2451243.28489 8.79378
2451244.28493 10.16975
2451245.28498 12.59424
2451246.28502 13.33823
2451247.28507 14.39216
2451248.28511 17.74721
2451249.28516 21.90600
2451250.28521 16.97286
2451251.28525 22.43618
2451252.28530 21.40671
2451253.28534 20.95468
2451254.28539 20.43368
2451255.28543 18.68977
2451256.28548 14.03382
2451257.28553 12.67727
2451258.28557 9.22595
2451259.28562 8.94164
2451260.28566 7.07105
2451261.28571 5.97571
2451262.28575 5.43596
2451263.28580 6.83636
2451264.28584 7.75971
2451265.28589 8.77051
2451266.28594 8.32248
2451267.28598 12.53081
2451268.28603 12.37444
2451269.28607 16.52013
2451270.28612 20.14057
2451271.28616 14.35181
2451272.28621 16.94688
2451273.28626 20.57565
2451274.28630 21.71916
2451275.28635 20.40614
2451276.28639 18.37611
2451277.28644 17.44672
2451278.28648 15.09041
2451279.28653 12.84282
2451280.28657 9.91255
2451281.28662 9.12813
2451282.28667 6.23565
2451283.28671 5.35938
2451284.28676 5.99928
2451285.28680 5.64404
2451286.28685 6.02184
2451287.28689 8.21057
2451288.28694 9.89156
2451289.28699 11.00512
2451290.28703 12.52056
2451291.28708 17.27034
2451292.28712 17.81554
2451293.28717 18.28828
2451294.28721 21.21350
2451295.28726 16.81599
2451296.28730 19.96245
2451297.28735 19.69202
2451298.28740 16.05169
2451299.28744 17.11801
2451300.28749 14.22568
2451301.28753 11.36478
2451302.28758 8.79700
2451303.28762 8.16736
2451304.28767 7.44932
2451305.28772 4.01999
2451306.28776 6.01487
2451307.28781 4.93424
2451308.28785 6.23257
2451309.28790 8.20867
2451310.28794 8.45976
2451311.28799 9.83214
2451312.28804 10.44704
2451313.28808 16.65748
2451314.28813 17.27513
2451315.28817 19.55378
2451316.28822 20.89662
2451317.28826 20.02773
2451318.28831 21.59695
2451319.28835 20.57716
2451320.28840 18.19584
2451321.28845 14.29210
2451322.28849 14.37267
2451323.28854 9.52364
2451324.28858 9.82237
2451325.28863 7.07315
2451326.28867 7.24159
2451327.28872 5.10219
2451328.28877 4.06124
2451329.28881 4.86427
2451330.28886 5.66431
2451331.28890 7.82706
2451332.28895 10.23162
2451333.28899 10.51259
2451334.28904 13.66172
2451335.28908 14.30947
2451336.28913 15.33082
2451337.28918 21.30197
2451338.28922 15.81703
2451339.28927 19.90661
2451340.28931 17.94397
2451341.28936 20.16414
2451342.28940 18.20972
2451343.28945 17.06993
2451344.28950 12.18854
2451345.28954 12.54708
2451346.28959 9.01975
2451347.28963 7.50394
2451348.28968 5.47698
2451349.28972 4.77999
2451350.28977 4.80351
2451351.28981 5.03907
2451352.28986 6.02644
2451353.28991 7.77995
2451354.28995 8.15582
2451355.29000 11.22165
2451356.29004 12.92616
2451357.29009 14.40931
2451358.29013 21.15062
2451359.29018 15.70045
2451360.29023 19.06653
2451361.29027 17.97035
2451362.29032 19.13759
2451363.29036 17.00283
2451364.29041 15.97322
2451365.29045 17.44139
2451366.29050 12.96151
2451367.29054 11.65245
2451368.29059 10.11797
2451369.29064 7.60286
2451370.29068 5.93487
2451371.29073 4.44044
2451372.29077 4.66239
2451373.29082 4.27547
2451374.29086 5.52345
2451375.29091 7.11853
2451376.29096 8.31164
2451377.29100 12.61641
2451378.29105 13.68667
2451379.29109 12.80572
2451380.29114 19.53700
2451381.29118 20.04434
2451382.29123 19.33534
2451383.29127 19.25533
2451384.29132 18.10516
2451385.29137 16.88455
2451386.29141 14.42924
2451387.29146 13.32042
2451388.29150 10.23495
2451575.30004 9.48129
2451576.30008 10.50408
2451577.30013 10.99278
2451578.30017 12.53176
2451579.30022 13.90584
2451580.30026 18.23410
2451581.30031 17.07516
2451582.30036 16.91379
2451583.30040 13.06893
2451584.30045 14.47530
2451585.30049 11.73851
2451586.30054 9.54095
2451587.30058 7.85525
2451588.30063 4.58441
2451589.30068 4.40225
2451590.30072 3.34415
2451591.30077 2.21279
2451592.30081 1.93352
2451593.30086 2.53311
2451594.30090 3.25187
2451595.30095 5.62403
2451596.30099 6.27370
2451597.30104 9.58731
2451598.30109 9.67600
2451599.30113 14.03652
2451600.30118 14.27660
2451601.30122 19.05553
2451602.30127 13.85729
2451603.30131 15.62181
2451604.30136 15.69825
2451605.30141 14.08826
2451606.30145 12.34315
2451607.30150 11.00120
2451608.30154 10.79015
2451609.30159 7.93563
2451610.30163 5.48786
2451611.30168 4.01667
2451612.30172 2.73467
2451613.30177 1.90536
2451614.30182 2.22097
2451615.30186 2.74586
2451616.30191 3.90733
2451617.30195 4.85210
2451618.30200 8.31765
2451619.30204 8.91033
2451620.30209 12.69979
2451621.30214 12.43434
2451622.30218 14.51092
2451623.30223 16.15079
2451624.30227 15.34894
2451625.30232 16.41505
2451626.30236 16.06266
2451627.30241 15.24401
2451628.30246 12.48894
2451629.30250 12.80512
2451630.30255 9.18219
2451631.30259 6.36637
2451632.30264 4.56932
2451633.30268 3.99804
2451634.30273 3.06726
2451635.30277 1.71954
2451636.30282 2.03596
2451637.30287 2.40258
2451638.30291 3.27033
2451639.30296 5.00356
2451640.30300 7.22683
2451641.30305 9.58437
2451642.30309 10.66902
2451643.30314 14.02426
2451644.30319 14.63710
2451645.30323 17.06653
2451646.30328 14.05992
2451647.30332 17.36848
2451648.30337 15.52888
2451649.30341 14.58197
2451650.30346 13.41942
2451651.30350 11.66430
2451652.30355 8.25142
2451653.30360 6.91826
2451654.30364 4.66922
2451655.30369 3.81302
2451656.30373 2.17820
2451657.30378 2.03639
2451658.30382 1.80551
2451659.30387 2.22001
2451660.30392 4.31153
2451661.30396 5.32365
2451662.30401 7.25003
2451663.30405 9.46316
2451664.30410 10.46011
2451665.30414 13.52974
2451666.30419 16.06590
2451667.30423 14.40356
2451668.30428 15.30134
2451669.30433 17.18830
2451670.30437 19.50419
2451671.30442 13.72012
2451672.30446 10.55505
2451673.30451 9.58883
2451674.30455 9.16367
2451675.30460 7.16449
2451676.30465 4.25172
2451677.30469 3.79768
2451678.30474 2.05764
2451679.30478 1.73294
2451680.30483 1.78114
2451681.30487 2.21774
2451682.30492 3.55350
2451683.30496 4.13186
2451684.30501 7.08568
2451685.30506 7.37930
2451686.30510 8.86494
2451687.30515 12.38420
2451688.30519 12.51861
2451689.30524 14.12355
2451690.30528 13.09738
2451691.30533 17.54888
2451692.30538 17.69334
2451693.30542 14.92505
2451694.30547 11.09694
2451695.30551 10.87341
2451696.30556 9.45208
2451697.30560 6.70821
2451698.30565 5.82188
2451699.30569 2.90669
2451700.30574 2.02622
2451701.30579 1.68964
2451702.30583 1.75085
2451703.30588 2.26398
2451704.30592 2.91262
2451705.30597 4.82475
2451706.30601 5.85933
2451707.30606 9.40339
2451708.30611 8.94252
2451709.30615 12.24225
2451710.30620 12.89221
2451711.30624 14.03417
2451712.30629 15.13435
2451713.30633 14.17268
2451714.30638 13.42011
2451715.30643 12.87969
2451716.30647 12.21267
2451717.30652 11.54615
2451718.30656 9.09586
2451719.30661 6.38562
2451720.30665 4.58639
2451721.30670 2.99139
2451722.30674 2.02899
2451723.30679 1.24200
2451724.30684 1.61978
2451725.30688 2.14577
2451726.30693 3.03425
2451727.30697 5.23720
2451728.30702 8.48926
2451729.30706 7.55406
2451730.30711 10.42274
2451731.30716 15.03468
2451732.30720 14.98723
2451733.30725 11.66622
2451734.30729 13.80282
2451735.30734 13.60402
2451736.30738 13.97485
2451737.30743 12.45009
2451738.30747 12.00563
2451739.30752 11.17329
2451740.30757 8.87511
2451741.30761 6.41696
2451742.30766 4.32535
2451743.30770 3.25467
2451744.30775 1.73544
2451745.30779 1.36625
2451746.30784 1.35345
2451747.30789 1.91709
2451748.30793 3.24230
2451749.30798 5.16115
2451750.30802 6.21289
2451751.30807 7.96626
2451752.30811 9.22440
2451753.30816 13.81319
2451754.30820 13.96521
2451940.31669 3.66786
2451941.31674 1.81932
2451942.31678 1.19674
2451943.31683 0.77841
2451944.31688 1.11501
2451945.31692 1.58420
2451946.31697 2.96147
2451947.31701 3.83466
2451948.31706 6.32404
2451949.31710 9.36147
2451950.31715 11.65374
2451951.31719 14.08722
2451952.31724 14.88312
2451953.31729 16.46384
2451954.31733 13.83383
2451955.31738 15.60712
2451956.31742 15.56684
2451957.31747 12.00187
2451958.31751 11.41867
2451959.31756 7.98388
2451960.31761 7.82331
2451961.31765 4.51976
2451962.31770 3.82560
2451963.31774 1.87139
2451964.31779 1.34071
2451965.31783 0.74677
2451966.31788 0.81801
2451967.31792 1.83982
2451968.31797 3.14362
2451969.31802 4.26742
2451970.31806 6.76842
2451971.31811 9.52956
2451972.31815 11.14612
2451973.31820 12.15054
2451974.31824 13.55679
2451975.31829 12.18508
2451976.31834 13.52132
2451977.31838 14.86483
2451978.31843 13.04582
2451979.31847 12.12332
2451980.31852 10.33334
2451981.31856 9.86102
2451982.31861 8.24312
2451983.31865 4.93081
2451984.31870 3.36240
2451985.31875 1.56953
2451986.31879 1.03348
2451987.31884 0.94959
2451988.31888 1.20345
2451989.31893 2.21852
2451990.31897 3.45458
2451991.31902 5.23269
2451992.31907 6.45158
2451993.31911 9.74221
2451994.31916 10.50418
2451995.31920 11.89588
2451996.31925 15.19065
2451997.31929 15.80068
2451998.31934 16.54603
2451999.31938 15.39945
2452000.31943 16.70847
2452001.31948 13.34646
2452002.31952 10.93561
2452003.31957 9.21488
2452004.31961 7.90634
2452005.31966 5.73237
2452006.31970 3.69601
2452007.31975 2.37047
2452008.31980 1.22646
2452009.31984 0.73471
2452010.31989 1.10253
2452011.31993 2.04189
2452012.31998 2.65272
2452013.32002 3.75183
2452014.32007 6.22253
2452015.32011 9.51030
2452016.32016 10.36084
2452017.32021 13.31046
2452018.32025 12.91740
2452019.32030 13.78679
2452020.32034 17.89429
2452021.32039 15.13816
2452022.32043 14.07807
2452023.32048 13.05152
2452024.32053 12.21879
2452025.32057 10.42831
2452026.32062 8.00984
2452027.32066 6.12904
2452028.32071 3.77539
2452029.32075 2.39676
2452030.32080 1.19342
2452031.32085 1.08874
2452032.32089 0.96877
2452033.32094 1.67455
2452034.32098 3.44300
2452035.32103 5.39523
2452036.32107 6.72966
2452037.32112 9.62830
2452038.32116 11.00642
2452039.32121 11.08669
2452040.32126 13.50578
2452041.32130 15.61515
2452042.32135 14.50504
2452043.32139 15.08498
2452044.32144 15.52065
2452045.32148 13.45002
2452046.32153 12.06790
2452047.32158 8.54451
2452048.32162 6.86957
2452049.32167 5.02798
2452050.32171 3.46083
2452051.32176 1.95071
2452052.32180 1.39058
2452053.32185 0.98316
2452054.32189 1.39985
2452055.32194 2.19444
2452056.32199 3.97044
2452057.32203 5.62912
2452058.32208 6.12613
2452059.32212 9.22685
2452060.32217 10.94767
2452061.32221 13.85459
2452062.32226 14.49679
2452063.32231 15.04753
2452064.32235 16.45363
2452065.32240 16.01564
2452066.32244 14.03958
2452067.32249 13.75631
2452068.32253 11.74025
2452069.32258 7.69118
2452070.32262 8.08267
2452071.32267 6.55016
2452072.32272 2.98727
2452073.32276 2.07542
2452074.32281 1.31740
2452075.32285 0.84863
2452076.32290 1.35530
2452077.32294 2.51541
2452078.32299 3.58180
2452079.32304 5.56928
2452080.32308 8.35835
2452081.32313 9.86614
2452082.32317 12.35377
2452083.32322 14.43218
2452084.32326 13.33231
2452085.32331 12.07059
2452086.32335 15.87569
2452087.32340 18.17841
2452088.32345 14.50490
2452089.32349 13.10946
2452090.32354 11.94548
2452091.32358 9.88794
2452092.32363 7.92208
2452093.32367 5.09539
2452094.32372 3.42011
2452095.32377 2.13128
2452096.32381 1.65112
2452097.32386 1.11891
2452098.32390 1.16075
2452099.32395 2.27462
2452100.32399 3.21486
2452101.32404 4.95558
2452102.32409 6.85958
2452103.32413 9.92762
2452104.32418 10.57014
2452105.32422 15.11921
2452106.32427 13.66171
2452107.32431 13.53621
2452108.32436 16.05876
2452109.32440 14.83961
2452110.32445 18.94871
2452111.32450 11.49859
2452112.32454 12.88692
2452113.32459 9.45067
2452114.32463 7.38115
2452115.32468 5.20424
2452116.32472 4.07154
2452117.32477 2.39931
2452118.32482 1.61158
2452119.32486 1.13155
2452305.33335 18.35127
2452306.33339 15.32465
2452307.33344 17.92073
2452308.33349 14.78740
2452309.33353 12.79043
2452310.33358 12.88979
2452311.33362 9.14975
2452312.33367 8.15289
2452313.33371 5.93019
2452314.33376 4.79957
2452315.33380 3.96449
2452316.33385 2.84043
2452317.33390 2.85787
2452318.33394 3.37401
2452319.33399 4.10038
2452320.33403 6.10343
2452321.33408 8.33584
2452322.33412 9.69176
2452323.33417 9.74906
2452324.33422 14.15250
2452325.33426 16.10550
2452326.33431 17.30615
2452327.33435 18.63427
2452328.33440 16.14556
2452329.33444 16.08539
2452330.33449 17.18926
2452331.33454 12.50571
2452332.33458 11.25354
2452333.33463 11.89438
2452334.33467 7.20332
2452335.33472 6.19332
2452336.33476 3.97002
2452337.33481 3.90816
2452338.33485 2.83333
2452339.33490 2.76884
2452340.33495 3.21367
2452341.33499 5.32403
2452342.33504 6.99682
2452343.33508 8.46947
2452344.33513 9.57417
2452345.33517 12.49840
2452346.33522 13.18114
2452347.33527 14.68955
2452348.33531 17.10489
2452349.33536 16.66545
2452350.33540 19.36947
2452351.33545 20.62829
2452352.33549 12.62491
2452353.33554 14.95016
2452354.33558 10.85731
2452355.33563 10.56004
2452356.33568 8.06339
2452357.33572 6.02755
2452358.33577 4.52797
2452359.33581 3.81905
2452360.33586 2.79271
2452361.33590 2.95059
2452362.33595 3.81202
2452363.33600 4.65453
2452364.33604 6.85899
2452365.33609 7.60030
2452366.33613 10.80491
2452367.33618 10.67905
2452368.33622 17.07850
2452369.33627 16.32351
2452370.33631 17.37150
2452371.33636 18.25707
2452372.33641 16.44964
2452373.33645 14.74541
2452374.33650 17.67347
2452375.33654 14.46584
2452376.33659 12.56124
2452377.33663 8.89640
2452378.33668 9.60477
2452379.33673 7.26829
2452380.33677 4.76169
2452381.33682 3.80467
2452382.33686 3.01356
2452383.33691 3.12228
2452384.33695 4.26284
2452385.33700 5.04623
2452386.33704 6.19519
2452387.33709 8.34853
2452388.33714 10.32746
2452389.33718 10.76271
2452390.33723 14.32890
2452391.33727 15.02922
2452392.33732 14.99893
2452393.33736 18.84485
2452394.33741 16.00171
2452395.33746 16.08238
2452396.33750 17.20491
2452397.33755 15.02309
2452398.33759 10.97415
2452399.33764 10.75296
2452400.33768 8.28121
2452401.33773 6.62166
2452402.33777 5.84249
2452403.33782 4.72972
2452404.33787 4.12327
2452405.33791 3.21070
2452406.33796 4.67801
2452407.33800 4.23945
2452408.33805 8.07778
2452409.33809 8.06116
2452410.33814 13.86913
2452411.33819 11.57849
2452412.33823 12.85032
2452413.33828 17.02951
2452414.33832 20.55903
2452415.33837 17.56299
2452416.33841 17.86312
2452417.33846 15.63508
2452418.33851 18.21625
2452419.33855 15.49153
2452420.33860 12.45999
2452421.33864 11.59281
2452422.33869 10.27532
2452423.33873 6.71227
2452424.33878 5.39830
2452425.33882 5.17565
2452426.33887 4.23762
2452427.33892 3.73897
2452428.33896 3.96046
2452429.33901 5.63198
2452430.33905 7.68271
2452431.33910 9.23633
2452432.33914 10.31485
2452433.33919 12.27551
2452434.33924 16.66715
2452435.33928 16.05223
2452436.33933 18.27716
2452437.33937 19.09067
2452438.33942 16.44891
2452439.33946 15.99098
2452440.33951 14.51580
2452441.33955 14.77550
2452442.33960 12.68227
2452443.33965 10.27348
2452444.33969 7.86877
2452445.33974 7.42612
2452446.33978 4.82492
2452447.33983 4.52691
2452448.33987 4.66152
2452449.33992 3.55580
2452450.33997 4.48058
2452451.34001 6.48972
2452452.34006 7.22819
2452453.34010 9.01032
2452454.34015 11.48393
2452455.34019 14.29057
2452456.34024 16.19641
2452457.34028 13.95185
2452458.34033 17.35609
2452459.34038 19.22875
2452460.34042 17.05245
2452461.34047 17.79685
2452462.34051 12.64117
2452463.34056 13.96215
2452464.34060 14.04196
2452465.34065 10.76942
2452466.34070 9.59242
2452467.34074 6.44625
2452468.34079 4.65050
2452469.34083 5.63002
2452470.34088 4.07047
2452471.34092 4.40982
2452472.34097 4.20567
2452473.34101 6.02618
2452474.34106 7.36951
2452475.34111 9.50040
2452476.34115 11.09325
2452477.34120 15.40646
2452478.34124 15.25961
2452479.34129 17.95665
2452480.34133 15.98232
2452481.34138 18.26703
2452482.34143 19.85156
2452483.34147 19.77610
2452484.34152 17.29392
2452670.35000 7.51323
2452671.35005 7.99459
2452672.35010 11.66409
2452673.35014 13.02098
2452674.35019 12.46602
2452675.35023 11.67744
2452676.35028 19.09541
2452677.35032 20.52660
2452678.35037 18.51483
2452679.35042 21.01229
2452680.35046 24.07539
2452681.35051 18.06965
2452682.35055 15.07563
2452683.35060 15.74865
2452684.35064 14.98349
2452685.35069 14.25215
2452686.35073 10.39012
2452687.35078 9.98094
2452688.35083 7.68268
2452689.35087 7.66065
2452690.35092 6.20170
2452691.35096 7.00844
2452692.35101 7.23978
2452693.35105 9.37286
2452694.35110 9.60324
2452695.35115 13.27830
2452696.35119 12.54103
2452697.35124 15.80290
2452698.35128 18.78686
2452699.35133 20.84373
2452700.35137 22.70269
2452701.35142 19.21230
2452702.35146 18.82733
2452703.35151 20.76788
2452704.35156 19.58110
2452705.35160 15.40737
2452706.35165 15.30488
2452707.35169 12.67315
2452708.35174 12.28899
2452709.35178 9.60218
2452710.35183 9.97578
2452711.35188 7.43519
2452712.35192 7.30309
2452713.35197 7.52710
2452714.35201 7.25687
2452715.35206 6.72559
2452716.35210 10.55430
2452717.35215 14.49588
2452718.35219 14.28634
2452719.35224 16.64387
2452720.35229 20.26719
2452721.35233 22.11740
2452722.35238 21.24616
2452723.35242 22.80360
2452724.35247 22.29273
2452725.35251 19.53308
2452726.35256 20.78086
2452727.35261 17.58216
2452728.35265 17.45353
2452729.35270 14.16153
2452730.35274 13.44953
2452731.35279 8.70348
2452732.35283 7.92812
2452733.35288 8.68736
2452734.35293 6.81330
2452735.35297 8.28401
2452736.35302 8.18939
2452737.35306 9.22493
2452738.35311 11.35848
2452739.35315 13.93666
2452740.35320 13.26141
2452741.35324 16.88457
2452742.35329 20.93377
2452743.35334 23.69574
2452744.35338 19.46399
2452745.35343 20.85073
2452746.35347 18.82031
2452747.35352 22.84498
2452748.35356 17.43362
2452749.35361 19.50128
2452750.35366 13.26092
2452751.35370 15.53949
2452752.35375 11.13155
2452753.35379 10.44836
2452754.35384 8.30214
2452755.35388 6.80774
2452756.35393 7.70368
2452757.35397 6.65892
2452758.35402 7.90347
2452759.35407 11.31005
2452760.35411 12.13503
2452761.35416 12.61575
2452762.35420 14.31522
2452763.35425 20.20527
2452764.35429 20.37821
2452765.35434 21.53352
2452766.35439 23.71201
2452767.35443 20.95300
2452768.35448 23.55310
2452769.35452 20.26302
2452770.35457 19.08897
2452771.35461 18.23322
2452772.35466 11.41993
2452773.35470 14.13227
2452774.35475 14.28929
2452775.35480 12.09709
2452776.35484 12.81978
2452777.35489 8.21618
2452778.35493 8.47122
2452779.35498 7.30736
2452780.35502 8.76743
2452781.35507 9.19933
2452782.35512 12.69532
2452783.35516 12.82556
2452784.35521 19.61040
2452785.35525 20.73390
2452786.35530 17.69916
2452787.35534 23.34904
2452788.35539 23.76983
2452789.35543 24.12420
2452790.35548 22.69079
2452791.35553 23.87596
2452792.35557 21.62662
2452793.35562 16.35621
2452794.35566 11.54165
2452795.35571 12.86912
2452796.35575 11.03196
2452797.35580 9.22525
2452798.35585 8.73268
2452799.35589 7.48570
2452800.35594 7.56614
2452801.35598 7.70030
2452802.35603 10.09158
2452803.35607 8.32716
2452804.35612 12.43772
2452805.35617 17.32885
2452806.35621 16.88341
2452807.35626 16.13786
2452808.35630 18.49522
2452809.35635 20.63386
2452810.35639 22.38081
2452811.35644 21.86648
2452812.35648 23.26365
2452813.35653 24.28514
2452814.35658 18.70401
2452815.35662 17.58573
2452816.35667 15.86615
2452817.35671 16.49890
2452818.35676 13.02528
2452819.35680 10.53219
2452820.35685 9.70212
2452821.35690 8.64067
2452822.35694 8.55093
2452823.35699 9.19770
2452824.35703 9.29896
2452825.35708 12.91046
2452826.35712 11.83978
2452827.35717 14.60183
2452828.35721 16.37980
2452829.35726 18.12594
2452830.35731 18.05315
2452831.35735 19.35610
2452832.35740 25.08794
2452833.35744 24.07811
2452834.35749 20.89307
2452835.35753 20.68590
2452836.35758 19.58138
2452837.35763 19.74709
2452838.35767 18.03078
2452839.35772 13.47099
2452840.35776 11.81840
2452841.35781 10.00274
2452842.35785 9.54435
2452843.35790 9.72572
2452844.35794 9.89765
2452845.35799 7.12237
2452846.35804 9.20869
2452847.35808 11.09574
2452848.35813 12.32490
2452849.35817 13.86030
2453036.36671 18.37756
2453037.36675 14.70784
2453038.36680 11.77883
2453039.36684 11.53080
2453040.36689 9.60873
2453041.36693 12.03292
2453042.36698 7.97487
2453043.36703 11.81419
2453044.36707 13.44568
2453045.36712 13.70923
2453046.36716 11.17581
2453047.36721 16.25918
2453048.36725 20.23410
2453049.36730 22.61528
2453050.36735 22.68740
2453051.36739 24.89882
2453052.36744 27.88382
2453053.36748 25.22343
2453054.36753 23.59922
2453055.36757 22.31124
2453056.36762 20.53814
2453057.36766 17.94240
2453058.36771 17.18594
2453059.36776 14.38274
2453060.36780 14.19101
2453061.36785 8.72486
2453062.36789 10.71069
2453063.36794 10.22934
2453064.36798 9.23939
2453065.36803 10.09579
2453066.36808 11.85338
2453067.36812 12.52301
2453068.36817 15.15559
2453069.36821 15.17105
2453070.36826 15.51479
2453071.36830 15.96483
2453072.36835 18.77665
2453073.36839 24.28334
2453074.36844 20.52295
2453075.36849 25.63517
2453076.36853 18.04787
2453077.36858 19.46425
2453078.36862 22.41717
2453079.36867 18.96416
2453080.36871 17.53160
2453081.36876 16.25221
2453082.36881 16.12893
2453083.36885 12.41899
2453084.36890 9.97227
2453085.36894 9.45325
2453086.36899 9.10933
2453087.36903 11.04944
2453088.36908 12.70218
2453089.36912 12.20485
2453090.36917 15.44652
2453091.36922 17.14702
2453092.36926 18.34061
2453093.36931 21.73985
2453094.36935 21.98919
2453095.36940 21.00566
2453096.36944 24.52441
2453097.36949 27.36477
2453098.36954 23.97304
2453099.36958 21.81031
2453100.36963 24.80101
2453101.36967 22.28412
2453102.36972 15.26750
2453103.36976 14.84853
2453104.36981 12.53841
2453105.36985 12.24245
2453106.36990 11.42371
2453107.36995 9.73259
2453108.36999 10.71630
2453109.37004 9.65064
2453110.37008 13.55017
2453111.37013 12.01183
2453112.37017 14.30917
2453113.37022 14.16583
2453114.37027 16.82705
2453115.37031 23.00923
2453116.37036 23.30398
2453117.37040 25.51436
2453118.37045 21.15555
2453119.37049 26.13761
2453120.37054 21.97085
2453121.37059 20.24278
2453122.37063 23.96944
2453123.37068 19.25861
2453124.37072 17.93925
2453125.37077 12.58234
2453126.37081 11.77402
2453127.37086 11.36244
2453128.37090 12.00680
2453129.37095 11.46866
2453130.37100 11.19622
2453131.37104 9.51995
2453132.37109 13.12424
2453133.37113 15.23215
2453134.37118 14.95667
2453135.37122 20.48409
2453136.37127 22.75131
2453137.37132 23.42901
2453138.37136 21.57844
2453139.37141 23.90125
2453140.37145 22.71165
2453141.37150 22.31489
2453142.37154 20.79945
2453143.37159 21.55452
2453144.37163 22.49976
2453145.37168 18.05385
2453146.37173 17.28928
2453147.37177 18.12385
2453148.37182 14.77068
2453149.37186 9.62073
2453150.37191 12.43353
2453151.37195 9.69819
2453152.37200 9.92222
2453153.37205 10.86252
2453154.37209 13.68092
2453155.37214 14.65038
2453156.37218 14.99087
2453157.37223 17.17541
2453158.37227 19.20860
2453159.37232 19.38241
2453160.37236 22.90161
2453161.37241 22.79429
2453162.37246 25.44185
2453163.37250 24.79401
2453164.37255 22.75690
2453165.37259 19.84715
2453166.37264 18.87547
2453167.37268 19.50726
2453168.37273 14.36798
2453169.37278 14.12586
2453170.37282 13.82652
2453171.37287 13.71459
2453172.37291 10.12024
2453173.37296 11.44840
2453174.37300 11.78336
2453175.37305 11.82761
2453176.37309 12.11054
2453177.37314 11.69613
2453178.37319 15.90214
2453179.37323 19.94566
2453180.37328 18.77854
2453181.37332 21.92534
2453182.37337 24.83160
2453183.37341 23.20898
2453184.37346 24.70085
2453185.37351 25.14492
2453186.37355 24.08189
2453187.37360 20.69960
2453188.37364 21.93145
2453189.37369 18.36562
2453190.37373 18.16042
2453191.37378 16.95702
2453192.37382 12.56056
2453193.37387 11.74440
2453194.37392 11.49155
2453195.37396 10.40383
2453196.37401 9.82591
2453197.37405 12.33557
2453198.37410 11.58840
2453199.37414 13.23922
2453200.37419 17.40009
2453201.37424 17.16117
2453202.37428 22.22180
2453203.37433 21.85817
2453204.37437 21.67091
2453205.37442 21.36174
2453206.37446 22.83684
2453207.37451 27.12224
2453208.37456 24.35406
2453209.37460 25.76400
2453210.37465 23.07235
2453211.37469 21.35810
2453212.37474 20.85870
2453213.37478 14.85170
2453214.37483 11.07720
2453215.37487 12.91840
2453401.38336 17.14313
2453402.38341 23.42409
2453403.38345 22.38130
2453404.38350 23.24353
2453405.38354 22.03060
2453406.38359 23.34584
2453407.38364 20.92014
2453408.38368 22.27528
2453409.38373 17.85768
2453410.38377 18.05419
2453411.38382 15.30777
2453412.38386 15.47537
2453413.38391 11.70840
2453414.38396 11.52646
2453415.38400 11.74803
2453416.38405 8.95873
2453417.38409 11.06314
2453418.38414 13.47772
2453419.38418 14.38171
2453420.38423 16.15466
2453421.38427 19.88995
2453422.38432 17.66937
2453423.38437 20.83382
2453424.38441 21.10665
2453425.38446 19.89370
2453426.38450 25.36975
2453427.38455 23.33473
2453428.38459 21.63469
2453429.38464 19.73382
2453430.38469 17.65430
2453431.38473 19.08049
2453432.38478 18.29569
2453433.38482 14.02358
2453434.38487 8.64165
2453435.38491 11.32402
2453436.38496 9.17604
2453437.38501 10.09046
2453438.38505 11.01052
2453439.38510 9.66448
2453440.38514 12.51763
2453441.38519 15.67060
2453442.38523 16.49696
2453443.38528 16.88755
2453444.38532 17.21068
2453445.38537 23.35680
2453446.38542 22.29562
2453447.38546 25.67798
2453448.38551 20.63501
2453449.38555 25.18393
2453450.38560 24.73598
2453451.38564 22.90221
2453452.38569 20.26343
2453453.38574 19.37766
2453454.38578 15.95622
2453455.38583 16.05091
2453456.38587 12.90150
2453457.38592 9.36587
2453458.38596 10.37965
2453459.38601 10.06947
2453460.38605 9.75201
2453461.38610 10.29425
2453462.38615 10.84972
2453463.38619 14.11099
2453464.38624 13.45052
2453465.38628 17.63309
2453466.38633 20.45362
2453467.38637 23.04852
2453468.38642 24.44734
2453469.38647 24.85794
2453470.38651 23.77310
2453471.38656 23.36630
2453472.38660 22.86257
2453473.38665 18.31974
2453474.38669 21.75448
2453475.38674 16.40531
2453476.38678 13.51304
2453477.38683 14.34655
2453478.38688 11.72539
2453479.38692 11.30744
2453480.38697 10.57488
2453481.38701 9.20013
2453482.38706 10.14688
2453483.38710 11.26823
2453484.38715 13.52147
2453485.38720 14.73096
2453486.38724 14.10176
2453487.38729 16.01675
2453488.38733 19.23014
2453489.38738 20.09073
2453490.38742 22.40514
2453491.38747 28.17230
2453492.38751 21.91935
2453493.38756 26.45443
2453494.38761 25.79868
2453495.38765 22.64963
2453496.38770 18.76380
2453497.38774 16.79771
2453498.38779 15.75093
2453499.38783 12.52599
2453500.38788 11.85294
2453501.38793 8.58685
2453502.38797 11.33722
2453503.38802 9.20936
2453504.38806 8.78232
2453505.38811 9.88177
2453506.38815 10.25396
2453507.38820 13.21523
2453508.38824 17.73791
2453509.38829 14.87324
2453510.38834 17.27461
2453511.38838 19.74370
2453512.38843 22.56812
2453513.38847 21.04337
2453514.38852 23.85035
2453515.38856 23.58051
2453516.38861 21.32727
2453517.38866 23.57035
2453518.38870 21.41409
2453519.38875 14.49783
2453520.38879 16.58332
2453521.38884 14.33396
2453522.38888 12.69739
2453523.38893 10.63042
2453524.38898 9.77111
2453525.38902 10.00609
2453526.38907 8.99225
2453527.38911 11.56126
2453528.38916 13.28903
2453529.38920 13.69605
2453530.38925 13.25229
2453531.38929 18.96090
2453532.38934 19.01539
2453533.38939 23.04164
2453534.38943 24.63034
2453535.38948 24.62565
2453536.38952 25.22257
2453537.38957 21.91089
2453538.38961 20.93258
2453539.38966 18.89560
2453540.38971 18.56858
2453541.38975 18.56646
2453542.38980 14.29286
2453543.38984 11.00031
2453544.38989 12.76276
2453545.38993 10.21914
2453546.38998 8.66872
2453547.39002 9.58619
2453548.39007 10.92610
2453549.39012 10.25893
2453550.39016 12.51406
2453551.39021 12.29209
2453552.39025 16.95264
2453553.39030 18.98010
2453554.39034 20.03140
2453555.39039 17.94427
2453556.39044 24.32754
2453557.39048 23.66909
2453558.39053 20.51054
2453559.39057 20.64096
2453560.39062 25.19680
2453561.39066 19.38962
2453562.39071 14.66398
2453563.39075 15.44717
2453564.39080 13.63174
2453565.39085 14.42689
2453566.39089 10.58224
2453567.39094 9.10084
2453568.39098 9.62034
2453569.39103 8.05722
2453570.39107 10.45931
2453571.39112 8.72838
2453572.39117 10.97312
2453573.39121 12.90519
2453574.39126 14.92553
2453575.39130 15.63541
2453576.39135 21.04842
2453577.39139 19.69525
2453578.39144 20.67481
2453579.39148 22.18085
2453580.39153 22.87201
2453766.40002 8.29066
2453767.40006 6.05013
2453768.40011 8.56173
2453769.40016 7.53259
2453770.40020 9.69196
2453771.40025 12.33554
2453772.40029 13.57225
2453773.40034 17.44409
2453774.40038 16.83382
2453775.40043 23.66039
2453776.40047 21.87346
2453777.40052 21.70212
2453778.40057 23.90449
2453779.40061 19.86338
2453780.40066 18.68633
2453781.40070 14.04871
2453782.40075 15.02374
2453783.40079 14.67730
2453784.40084 13.15485
2453785.40089 11.29602
2453786.40093 8.09968
2453787.40098 7.75253
2453788.40102 5.79784
2453789.40107 6.77702
2453790.40111 7.43113
2453791.40116 9.64420
2453792.40120 10.29560
2453793.40125 12.49551
2453794.40130 13.64499
2453795.40134 16.32002
2453796.40139 19.18389
2453797.40143 20.55012
2453798.40148 17.65833
2453799.40152 22.20956
2453800.40157 21.16946
2453801.40162 22.64804
2453802.40166 15.82370
2453803.40171 19.78633
2453804.40175 16.43127
2453805.40180 11.57005
2453806.40184 11.13021
2453807.40189 9.48812
2453808.40193 9.03976
2453809.40198 6.38318
2453810.40203 7.78278
2453811.40207 6.74507
2453812.40212 6.29063
2453813.40216 9.97520
2453814.40221 9.57218
2453815.40225 11.32048
2453816.40230 15.94828
2453817.40235 16.86294
2453818.40239 21.61937
2453819.40244 18.64502
2453820.40248 20.15404
2453821.40253 19.72062
2453822.40257 18.24617
2453823.40262 18.65684
2453824.40266 22.39346
2453825.40271 20.60992
2453826.40276 14.50113
2453827.40280 13.32924
2453828.40285 13.46154
2453829.40289 9.88364
2453830.40294 8.22021
2453831.40298 7.41738
2453832.40303 7.20019
2453833.40308 7.16426
2453834.40312 6.89332
2453835.40317 6.92135
2453836.40321 10.02899
2453837.40326 10.78333
2453838.40330 12.18662
2453839.40335 14.18620
2453840.40340 16.39850
2453841.40344 16.29066
2453842.40349 18.32835
2453843.40353 21.26326
2453844.40358 23.85553
2453845.40362 20.85418
2453846.40367 24.73187
2453847.40371 16.90698
2453848.40376 15.26294
2453849.40381 13.70241
2453850.40385 10.12241
2453851.40390 10.49423
2453852.40394 7.79029
2453853.40399 6.28442
2453854.40403 6.69978
2453855.40408 6.00380
2453856.40413 6.91223
2453857.40417 7.04629
2453858.40422 11.08014
2453859.40426 14.00518
2453860.40431 10.71149
2453861.40435 18.68153
2453862.40440 17.76966
2453863.40444 21.66940
2453864.40449 20.15971
2453865.40454 21.28687
2453866.40458 18.62485
2453867.40463 20.63765
2453868.40467 18.91966
2453869.40472 19.29574
2453870.40476 17.42650
2453871.40481 12.11516
2453872.40486 10.08898
2453873.40490 9.21452
2453874.40495 8.44656
2453875.40499 7.12588
2453876.40504 6.00226
2453877.40508 5.49216
2453878.40513 6.30970
2453879.40517 7.01472
2453880.40522 9.49284
2453881.40527 10.28065
2453882.40531 13.71699
2453883.40536 12.73536
2453884.40540 17.14490
2453885.40545 17.96828
2453886.40549 19.20601
2453887.40554 20.53522
2453888.40559 20.63549
2453889.40563 18.57074
2453890.40568 21.47296
2453891.40572 17.11835
2453892.40577 15.25290
2453893.40581 11.17550
2453894.40586 10.90381
2453895.40590 10.11139
2453896.40595 8.25663
2453897.40600 6.22247
2453898.40604 6.67723
2453899.40609 5.70477
2453900.40613 5.78186
2453901.40618 6.84126
2453902.40622 10.36912
2453903.40627 10.91669
2453904.40632 13.69403
2453905.40636 16.90104
2453906.40641 16.52816
2453907.40645 18.62433
2453908.40650 17.15736
2453909.40654 22.03392
2453910.40659 18.20207
2453911.40664 16.88719
2453912.40668 22.88215
2453913.40673 17.71127
2453914.40677 13.33487
2453915.40682 9.99213
2453916.40686 9.16497
2453917.40691 8.39114
2453918.40695 6.85182
2453919.40700 6.64417
2453920.40705 5.69716
2453921.40709 5.95103
2453922.40714 7.38733
2453923.40718 7.57972
2453924.40723 8.28719
2453925.40727 10.44102
2453926.40732 14.08118
2453927.40737 15.31090
2453928.40741 14.81724
2453929.40746 15.81750
2453930.40750 19.54006
2453931.40755 20.60588
2453932.40759 21.78140
2453933.40764 20.24888
2453934.40768 22.19406
2453935.40773 20.40986
2453936.40778 15.76214
2453937.40782 12.13963
2453938.40787 9.90893
2453939.40791 8.33914
2453940.40796 6.64992
2453941.40800 4.51592
2453942.40805 5.08670
2453943.40810 6.54190
2453944.40814 6.02928
2453945.40819 7.06485
2454131.41667 17.02880
2454132.41672 15.91349
2454133.41677 14.30204
2454134.41681 8.81633
2454135.41686 9.49032
2454136.41690 7.69419
2454137.41695 5.19419
2454138.41699 4.53709
2454139.41704 4.25839
2454140.41708 2.70561
2454141.41713 3.15685
2454142.41718 5.08782
2454143.41722 5.92521
2454144.41727 7.71048
2454145.41731 8.29314
2454146.41736 10.95330
2454147.41740 13.20295
2454148.41745 16.23355
2454149.41750 14.75013
2454150.41754 15.40564
2454151.41759 14.93494
2454152.41763 15.67178
2454153.41768 13.91417
2454154.41772 16.34180
2454155.41777 11.74838
2454156.41782 12.34461
2454157.41786 10.72690
2454158.41791 7.60909
2454159.41795 6.86766
2454160.41800 4.15345
2454161.41804 3.36814
2454162.41809 2.93533
2454163.41813 3.63414
2454164.41818 4.11910
2454165.41823 5.77415
2454166.41827 7.04913
2454167.41832 9.78904
2454168.41836 11.02867
2454169.41841 13.86471
2454170.41845 16.27455
2454171.41850 16.23210
2454172.41855 15.62090
2454173.41859 19.45728
2454174.41864 14.55352
2454175.41868 15.30784
2454176.41873 17.76301
2454177.41877 13.70195
2454178.41882 9.45847
2454179.41886 10.33016
2454180.41891 7.64114
2454181.41896 4.37517
2454182.41900 4.78799
2454183.41905 3.46335
2454184.41909 3.13223
2454185.41914 3.60178
2454186.41918 4.04201
2454187.41923 5.55511
2454188.41928 5.85127
2454189.41932 7.66139
2454190.41937 11.09167
2454191.41941 11.80187
2454192.41946 14.35295
2454193.41950 15.01049
2454194.41955 17.68090
2454195.41959 17.00898
2454196.41964 14.61449
2454197.41969 16.65400
2454198.41973 15.96183
2454199.41978 12.65160
2454200.41982 9.90852
2454201.41987 8.29808
2454202.41991 6.34158
2454203.41996 4.90777
2454204.42001 4.16753
2454205.42005 2.91409
2454206.42010 2.47847
2454207.42014 3.49066
2454208.42019 4.34642
2454209.42023 4.78026
2454210.42028 6.32564
2454211.42032 9.03621
2454212.42037 10.40824
2454213.42042 12.59167
2454214.42046 14.29299
2454215.42051 18.04995
2454216.42055 15.55989
2454217.42060 14.17964
2454218.42064 14.50972
2454219.42069 13.35054
2454220.42074 15.28686
2454221.42078 13.22926
2454222.42083 10.99588
2454223.42087 9.04612
2454224.42092 7.08920
2454225.42096 4.38297
2454226.42101 4.08212
2454227.42106 2.88627
2454228.42110 2.62749
2454229.42115 3.40359
2454230.42119 3.62752
2454231.42124 4.85081
2454232.42128 6.31381
2454233.42133 8.01871
2454234.42137 11.85577
2454235.42142 13.16041
2454236.42147 12.05461
2454237.42151 16.18746
2454238.42156 12.87751
2454239.42160 15.24129
2454240.42165 19.46089
2454241.42169 17.67661
2454242.42174 13.28770
2454243.42179 11.79743
2454244.42183 9.94552
2454245.42188 9.18159
2454246.42192 5.99678
2454247.42197 4.74227
2454248.42201 3.79050
2454249.42206 3.01516
2454250.42210 2.19288
2454251.42215 3.42421
2454252.42220 3.75513
2454253.42224 4.52782
2454254.42229 6.25120
2454255.42233 8.16693
2454256.42238 10.29898
2454257.42242 11.84723
2454258.42247 12.96368
2454259.42252 16.45260
2454260.42256 17.69892
2454261.42261 15.63655
2454262.42265 17.71312
2454263.42270 13.16817
2454264.42274 14.02388
2454265.42279 11.75213
2454266.42283 9.44255
2454267.42288 8.07391
2454268.42293 6.43378
2454269.42297 4.32806
2454270.42302 2.97390
2454271.42306 3.05639
2454272.42311 2.29043
2454273.42315 2.40707
2454274.42320 3.68652
2454275.42325 3.93724
2454276.42329 5.69552
2454277.42334 6.75846
2454278.42338 12.97397
2454279.42343 11.62295
2454280.42347 14.14736
2454281.42352 15.83114
2454282.42356 16.59165
2454283.42361 15.52112
2454284.42366 13.05108
2454285.42370 15.32582
2454286.42375 16.25126
2454287.42379 11.13316
2454288.42384 9.71510
2454289.42388 6.98122
2454290.42393 4.66973
2454291.42398 4.52914
2454292.42402 3.01733
2454293.42407 2.08285
2454294.42411 2.11346
2454295.42416 2.53420
2454296.42420 3.19454
2454297.42425 5.30005
2454298.42429 6.41241
2454299.42434 9.95084
2454300.42439 10.74324
2454301.42443 13.53772
2454302.42448 14.35152
2454303.42452 14.33114
2454304.42457 19.54402
2454305.42461 15.70885
2454306.42466 15.67102
2454307.42471 16.47070
2454308.42475 12.09121
2454309.42480 12.49781
2454310.42484 9.85511
2454497.43338 8.57908
2454498.43342 9.15100
2454499.43347 14.31931
2454500.43351 11.85396
2454501.43356 14.00823
2454502.43360 16.87606
2454503.43365 13.63957
2454504.43370 12.77245
2454505.43374 13.99495
2454506.43379 12.01647
2454507.43383 11.01297
2454508.43388 7.44171
2454509.43392 5.96640
2454510.43397 4.02295
2454511.43401 3.50404
2454512.43406 1.70908
2454513.43411 1.62669
2454514.43415 1.42287
2454515.43420 1.72951
2454516.43424 2.86654
2454517.43429 4.93093
2454518.43433 6.80795
2454519.43438 9.37749
2454520.43443 10.24765
2454521.43447 13.12902
2454522.43452 14.47609
2454523.43456 15.17969
2454524.43461 12.77964
2454525.43465 14.10653
2454526.43470 13.85149
2454527.43474 12.18522
2454528.43479 11.72679
2454529.43484 8.99167
2454530.43488 8.70727
2454531.43493 5.91206
2454532.43497 5.05262
2454533.43502 2.90218
2454534.43506 1.73819
2454535.43511 1.63450
2454536.43516 1.26764
2454537.43520 2.06462
2454538.43525 2.99510
2454539.43529 5.07180
2454540.43534 5.05920
2454541.43538 9.11529
2454542.43543 10.97661
2454543.43548 11.29993
2454544.43552 12.39486
2454545.43557 14.45638
2454546.43561 14.32682
2454547.43566 16.64081
2454548.43570 15.65805
2454549.43575 13.31738
2454550.43579 13.05502
2454551.43584 11.37475
2454552.43589 8.98330
2454553.43593 5.39987
2454554.43598 5.03960
2454555.43602 2.91844
2454556.43607 1.94168
2454557.43611 1.63363
2454558.43616 1.38847
2454559.43621 1.91796
2454560.43625 3.16029
2454561.43630 4.59878
2454562.43634 7.55036
2454563.43639 9.12900
2454564.43643 10.72614
2454565.43648 12.91926
2454566.43652 13.62081
2454567.43657 12.46792
2454568.43662 16.51146
2454569.43666 15.42017
2454570.43671 12.37941
2454571.43675 16.00158
2454572.43680 13.23862
2454573.43684 9.92760
2454574.43689 6.73410
2454575.43694 5.68874
2454576.43698 4.72031
2454577.43703 3.10196
2454578.43707 1.93911
2454579.43712 1.45751
2454580.43716 1.35068
2454581.43721 2.18017
2454582.43725 2.91350
2454583.43730 4.46823
2454584.43735 6.41481
2454585.43739 8.61075
2454586.43744 9.05328
2454587.43748 11.12402
2454588.43753 15.43911
2454589.43757 17.66450
2454590.43762 15.48246
2454591.43767 14.07759
2454592.43771 15.00728
2454593.43776 11.36632
2454594.43780 12.26349
2454595.43785 9.60274
2454596.43789 8.29716
2454597.43794 5.94104
2454598.43798 4.59844
2454599.43803 3.03198
2454600.43808 1.91894
2454601.43812 1.51073
2454602.43817 1.39995
2454603.43821 2.10897
2454604.43826 3.18712
2454605.43830 4.67682
2454606.43835 7.31136
2454607.43840 7.53347
2454608.43844 12.21503
2454609.43849 14.06479
2454610.43853 11.54895
2454611.43858 12.50719
2454612.43862 16.19916
2454613.43867 15.30668
2454614.43871 16.34276
2454615.43876 13.87199
2454616.43881 10.13579
2454617.43885 9.98421
2454618.43890 7.56439
2454619.43894 6.25095
2454620.43899 4.60596
2454621.43903 2.29320
2454622.43908 1.94801
2454623.43913 1.58686
2454624.43917 1.42316
2454625.43922 1.95151
2454626.43926 2.87803
2454627.43931 4.84436
2454628.43935 6.07386
2454629.43940 9.24337
2454630.43945 11.11041
2454631.43949 11.34350
2454632.43954 12.25209
2454633.43958 16.55740
2454634.43963 12.93342
2454635.43967 15.98918
2454636.43972 13.17567
2454637.43976 14.51400
2454638.43981 10.50825
2454639.43986 9.30374
2454640.43990 8.49019
2454641.43995 6.29972
2454642.43999 4.52642
2454643.44004 3.17804
2454644.44008 1.96824
2454645.44013 1.57025
2454646.44018 2.05034
2454647.44022 2.07901
2454648.44027 3.44834
2454649.44031 3.81889
2454650.44036 7.10577
2454651.44040 6.74942
2454652.44045 10.31007
2454653.44049 11.09679
2454654.44054 14.31344
2454655.44059 13.88744
2454656.44063 14.99242
2454657.44068 13.07848
2454658.44072 15.45985
2454659.44077 13.32663
2454660.44081 11.40397
2454661.44086 10.32882
2454662.44091 7.68556
2454663.44095 6.21936
2454664.44100 4.18123
2454665.44104 2.72844
2454666.44109 1.99057
2454667.44113 1.48486
2454668.44118 1.68871
2454669.44122 2.15177
2454670.44127 3.36068
2454671.44132 5.04698
2454672.44136 6.70656
2454673.44141 9.54144
2454674.44145 11.38218
2454675.44150 13.26125
2454676.44154 13.61484
2454862.45003 4.79530
2454863.45008 3.76818
2454864.45012 2.89319
2454865.45017 2.28150
2454866.45021 2.80343
2454867.45026 3.41269
2454868.45031 5.46442
2454869.45035 6.22377
2454870.45040 8.00938
2454871.45044 10.06884
2454872.45049 13.64175
2454873.45053 15.74696
2454874.45058 15.97153
2454875.45063 14.43484
2454876.45067 16.05463
2454877.45072 12.55068
2454878.45076 13.33135
2454879.45081 12.79626
2454880.45085 12.44268
2454881.45090 11.56004
2454882.45094 9.47648
2454883.45099 5.87503
2454884.45104 5.05438
2454885.45108 3.81632
2454886.45113 3.10060
2454887.45117 3.18970
2454888.45122 3.42459
2454889.45126 4.49786
2454890.45131 5.48530
2454891.45136 6.62848
2454892.45140 8.17151
2454893.45145 10.31317
2454894.45149 11.75496
2454895.45154 15.57984
2454896.45158 18.45011
2454897.45163 18.47146
2454898.45167 17.15076
2454899.45172 16.22275
2454900.45177 15.62730
2454901.45181 12.83157
2454902.45186 11.88785
2454903.45190 11.18919
2454904.45195 10.01496
2454905.45199 6.72188
2454906.45204 5.08092
2454907.45209 3.90281
2454908.45213 2.95350
2454909.45218 2.65096
2454910.45222 3.38981
2454911.45227 3.68243
2454912.45231 5.23243
2454913.45236 6.64870
2454914.45240 9.43018
2454915.45245 11.62301
2454916.45250 11.25490
2454917.45254 14.32618
2454918.45259 15.13137
2454919.45263 17.30997
2454920.45268 18.78985
2454921.45272 16.25802
2454922.45277 15.22416
2454923.45282 12.88507
2454924.45286 13.73472
2454925.45291 10.74254
2454926.45295 9.16982
2454927.45300 6.23132
2454928.45304 6.22939
2454929.45309 4.08052
2454930.45313 3.31996
2454931.45318 3.22293
2454932.45323 3.21036
2454933.45327 3.96888
2454934.45332 5.50955
2454935.45336 6.83352
2454936.45341 6.86016
2454937.45345 12.09006
2454938.45350 9.69641
2454939.45355 15.23812
2454940.45359 16.70255
2454941.45364 15.11135
2454942.45368 17.82499
2454943.45373 14.70295
2454944.45377 15.54556
2454945.45382 15.61117
2454946.45387 12.25587
2454947.45391 11.56978
2454948.45396 9.26321
2454949.45400 6.10006
2454950.45405 4.67342
2454951.45409 5.03441
2454952.45414 3.24260
2454953.45418 3.38197
2454954.45423 3.77283
2454955.45428 4.34100
2454956.45432 6.24657
2454957.45437 7.68636
2454958.45441 8.18891
2454959.45446 10.62578
2454960.45450 12.78128
2454961.45455 13.28477
2454962.45460 18.38205
2454963.45464 15.97334
2454964.45469 15.12415
2454965.45473 15.40577
2454966.45478 17.11913
2454967.45482 14.13965
2454968.45487 13.89622
2454969.45491 13.64570
2454970.45496 8.69928
2454971.45501 6.74386
2454972.45505 5.50306
2454973.45510 4.38194
2454974.45514 3.53094
2454975.45519 2.61096
2454976.45523 3.40726
2454977.45528 4.94996
2454978.45533 6.63841
2454979.45537 8.35732
2454980.45542 8.58451
2454981.45546 10.74656
2454982.45551 12.92432
2454983.45555 14.53867
2454984.45560 17.66449
2454985.45564 14.31401
2454986.45569 18.16206
2454987.45574 17.96736
2454988.45578 14.72164
2454989.45583 13.29448
2454990.45587 12.20978
2454991.45592 11.47192
2454992.45596 8.42923
2454993.45601 7.30330
2454994.45606 6.22016
2454995.45610 4.33394
2454996.45615 3.36957
2454997.45619 3.79663
2454998.45624 4.73019
2454999.45628 4.66574
2455000.45633 7.22358
2455001.45637 8.21377
2455002.45642 10.85150
2455003.45647 12.94593
2455004.45651 15.56685
2455005.45656 14.88631
2455006.45660 15.79006
2455007.45665 16.69311
2455008.45669 14.84903
2455009.45674 15.06498
2455010.45679 17.51750
2455011.45683 13.48803
2455012.45688 12.31750
2455013.45692 13.13071
2455014.45697 8.69406
2455015.45701 5.31709
2455016.45706 5.33517
2455017.45711 5.30799
2455018.45715 3.89711
2455019.45720 3.42343
2455020.45724 3.85719
2455021.45729 4.97826
2455022.45733 5.84256
2455023.45738 7.92896
2455024.45742 11.84950
2455025.45747 10.69542
2455026.45752 13.63914
2455027.45756 17.73214
2455028.45761 18.88786
2455029.45765 15.46911
2455030.45770 17.03137
2455031.45774 20.98238
2455032.45779 16.39213
2455033.45784 14.99744
2455034.45788 12.52339
2455035.45793 9.26394
2455036.45797 9.18253
2455037.45802 7.04893
2455038.45806 6.97129
2455039.45811 4.15134
2455040.45815 4.48208
2455041.45820 3.56875
2455227.46669 18.14115
2455228.46673 22.91487
2455229.46678 20.67777
2455230.46682 19.13778
2455231.46687 14.44121
2455232.46692 18.22669
2455233.46696 14.27661
2455234.46701 11.69628
2455235.46705 8.89240
2455236.46710 6.13237
2455237.46714 7.96450
2455238.46719 6.68752
2455239.46724 5.19668
2455240.46728 6.64136
2455241.46733 8.21666
2455242.46737 8.94772
2455243.46742 10.14039
2455244.46746 13.16320
2455245.46751 13.51402
2455246.46755 17.90499
2455247.46760 18.93114
2455248.46765 16.28691
2455249.46769 18.34364
2455250.46774 19.58165
2455251.46778 17.41166
2455252.46783 20.39097
2455253.46787 16.24802
2455254.46792 14.12623
2455255.46797 12.50065
2455256.46801 9.47816
2455257.46806 7.95848
2455258.46810 8.45979
2455259.46815 7.26330
2455260.46819 7.58926
2455261.46824 6.30252
2455262.46829 6.32761
2455263.46833 8.40409
2455264.46838 12.08565
2455265.46842 11.32064
2455266.46847 12.09711
2455267.46851 15.82695
2455268.46856 17.94104
2455269.46860 20.14662
2455270.46865 18.66368
2455271.46870 18.62672
2455272.46874 15.41442
2455273.46879 16.93826
2455274.46883 17.88681
2455275.46888 18.32994
2455276.46892 14.20249
2455277.46897 12.59842
2455278.46902 10.10760
2455279.46906 10.13899
2455280.46911 8.64275
2455281.46915 6.26429
2455282.46920 6.31843
2455283.46924 6.12828
2455284.46929 7.53645
2455285.46933 8.77381
2455286.46938 8.33782
2455287.46943 10.66702
2455288.46947 15.48239
2455289.46952 15.01184
2455290.46956 16.50975
2455291.46961 20.57616
2455292.46965 21.96380
2455293.46970 18.12851
2455294.46975 21.04918
2455295.46979 18.77558
2455296.46984 18.16171
2455297.46988 15.04690
2455298.46993 16.87253
2455299.46997 13.33321
2455300.47002 12.98411
2455301.47006 8.14804
2455302.47011 7.69947
2455303.47016 6.52571
2455304.47020 6.43765
2455305.47025 6.60804
2455306.47029 7.94399
2455307.47034 8.15094
2455308.47038 8.87282
2455309.47043 12.12759
2455310.47048 13.26235
2455311.47052 17.69908
2455312.47057 16.19817
2455313.47061 21.69836
2455314.47066 22.18700
2455315.47070 17.65372
2455316.47075 17.69316
2455317.47079 21.60557
2455318.47084 18.33756
2455319.47089 20.04025
2455320.47093 13.46881
2455321.47098 14.72268
2455322.47102 11.02843
2455323.47107 9.71901
2455324.47111 10.58427
2455325.47116 8.04197
2455326.47121 7.44063
2455327.47125 7.44449
2455328.47130 7.75238
2455329.47134 9.04510
2455330.47139 8.39699
2455331.47143 12.55529
2455332.47148 14.57156
2455333.47153 19.06683
2455334.47157 18.28542
2455335.47162 18.81671
2455336.47166 21.44936
2455337.47171 23.10772
2455338.47175 19.54228
2455339.47180 18.37653
2455340.47184 19.26573
2455341.47189 16.49110
2455342.47194 16.05313
2455343.47198 12.48719
2455344.47203 12.16552
2455345.47207 10.46016
2455346.47212 8.20206
2455347.47216 7.32763
2455348.47221 6.99153
2455349.47226 6.34595
2455350.47230 7.20202
2455351.47235 10.13077
2455352.47239 10.44583
2455353.47244 12.00773
2455354.47248 11.97570
2455355.47253 15.44927
2455356.47257 18.72002
2455357.47262 22.06833
2455358.47267 20.90547
2455359.47271 16.57227
2455360.47276 23.54921
2455361.47280 22.82304
2455362.47285 18.01032
2455363.47289 19.47405
2455364.47294 16.49549
2455365.47299 14.39398
2455366.47303 11.64578
2455367.47308 9.35859
2455368.47312 7.96619
2455369.47317 7.88579
2455370.47321 8.07926
2455371.47326 7.58090
2455372.47330 8.30691
2455373.47335 10.80230
2455374.47340 12.47964
2455375.47344 11.94446
2455376.47349 14.73285
2455377.47353 16.59584
2455378.47358 20.50294
2455379.47362 18.97592
2455380.47367 23.13905
2455381.47372 24.07082
2455382.47376 22.11369
2455383.47381 20.24682
2455384.47385 17.46345
2455385.47390 18.53267
2455386.47394 16.71945
2455387.47399 15.42347
2455388.47403 11.64797
2455389.47408 8.94952
2455390.47413 8.96500
2455391.47417 8.86649
2455392.47422 8.16053
2455393.47426 8.05025
2455394.47431 8.75883
2455395.47435 10.89562
2455396.47440 10.98276
2455397.47445 11.42941
2455398.47449 13.75725
2455399.47454 18.11433
2455400.47458 13.90318
2455401.47463 20.09096
2455402.47467 23.97992
2455403.47472 20.57830
2455404.47476 23.36440
2455405.47481 21.81926
2455406.47486 22.36186
2455592.48334 11.39877
2455593.48339 12.33567
2455594.48344 13.06588
2455595.48348 15.95091
2455596.48353 17.65369
2455597.48357 18.85337
2455598.48362 19.58704
2455599.48366 22.28347
2455600.48371 20.34817
2455601.48375 22.25895
2455602.48380 23.43863
2455603.48385 24.19459
2455604.48389 22.51432
2455605.48394 18.12519
2455606.48398 18.48926
2455607.48403 13.66347
2455608.48407 13.83150
2455609.48412 12.71056
2455610.48417 10.45110
2455611.48421 10.06570
2455612.48426 9.03743
2455613.48430 9.57081
2455614.48435 8.90793
2455615.48439 12.13787
2455616.48444 15.52666
2455617.48448 14.91597
2455618.48453 16.04196
2455619.48458 19.73523
2455620.48462 19.12982
2455621.48467 26.00149
2455622.48471 22.29432
2455623.48476 22.92301
2455624.48480 21.66838
2455625.48485 21.43804
2455626.48490 22.19515
2455627.48494 19.80464
2455628.48499 17.50345
2455629.48503 16.23574
2455630.48508 14.46173
2455631.48512 12.61915
2455632.48517 10.88530
2455633.48521 10.22699
2455634.48526 10.41124
2455635.48531 10.01732
2455636.48535 8.12160
2455637.48540 11.86169
2455638.48544 12.96504
2455639.48549 16.26079
2455640.48553 16.67258
2455641.48558 20.74794
2455642.48563 22.43353
2455643.48567 21.28522
2455644.48572 18.45446
2455645.48576 23.47989
2455646.48581 22.07455
2455647.48585 19.55832
2455648.48590 22.14803
2455649.48595 18.19562
2455650.48599 17.03282
2455651.48604 13.56463
2455652.48608 12.37287
2455653.48613 10.85634
2455654.48617 8.41848
2455655.48622 10.00646
2455656.48626 10.17985
2455657.48631 9.21819
2455658.48636 10.86838
2455659.48640 10.85473
2455660.48645 15.68980
2455661.48649 16.81286
2455662.48654 17.56115
2455663.48658 19.72352
2455664.48663 23.93658
2455665.48668 20.46027
2455666.48672 27.25929
2455667.48677 26.80125
2455668.48681 22.13191
2455669.48686 24.26095
2455670.48690 19.09194
2455671.48695 20.61415
2455672.48699 19.02969
2455673.48704 14.76587
2455674.48709 14.18328
2455675.48713 12.00972
2455676.48718 11.18611
2455677.48722 7.82514
2455678.48727 11.46123
2455679.48731 10.68710
2455680.48736 9.89214
2455681.48741 12.10869
2455682.48745 12.14613
2455683.48750 16.78932
2455684.48754 17.81614
2455685.48759 16.06003
2455686.48763 20.82696
2455687.48768 21.09162
2455688.48772 27.11270
2455689.48777 24.23917
2455690.48782 22.25232
2455691.48786 23.14343
2455692.48791 19.18741
2455693.48795 21.83772
2455694.48800 16.77746
2455695.48804 15.69150
2455696.48809 11.64814
2455697.48814 12.06713
2455698.48818 11.34799
2455699.48823 12.29698
2455700.48827 9.09616
2455701.48832 9.99157
2455702.48836 11.78227
2455703.48841 11.96670
2455704.48845 13.76167
2455705.48850 14.26960
2455706.48855 17.77175
2455707.48859 18.77629
2455708.48864 22.00147
2455709.48868 23.98278
2455710.48873 26.41905
2455711.48877 23.15600
2455712.48882 22.57476
2455713.48887 22.36462
2455714.48891 16.37096
2455715.48896 21.83004
2455716.48900 17.21073
2455717.48905 15.51086
2455718.48909 13.74811
2455719.48914 12.21552
2455720.48918 11.44785
2455721.48923 10.88234
2455722.48928 10.50835
2455723.48932 10.78743
2455724.48937 12.00076
2455725.48941 13.73725
2455726.48946 15.73048
2455727.48950 16.69029
2455728.48955 17.86806
2455729.48960 21.96090
2455730.48964 22.37095
2455731.48969 24.24099
2455732.48973 22.65419
2455733.48978 22.46706
2455734.48982 19.33500
2455735.48987 29.33879
2455736.48992 20.93083
2455737.48996 18.19545
2455738.49001 18.50827
2455739.49005 14.81209
2455740.49010 15.57659
2455741.49014 12.95897
2455742.49019 10.86100
2455743.49023 10.48301
2455744.49028 10.14193
2455745.49033 12.06396
2455746.49037 11.76938
2455747.49042 14.31521
2455748.49046 13.20721
2455749.49051 16.05726
2455750.49055 14.88864
2455751.49060 18.08796
2455752.49065 20.65620
2455753.49069 25.27979
2455754.49074 21.83952
2455755.49078 22.32438
2455756.49083 21.25180
2455757.49087 19.70342
2455758.49092 19.19180
2455759.49096 18.35882
2455760.49101 17.70813
2455761.49106 15.95857
2455762.49110 14.27206
2455763.49115 11.73516
2455764.49119 10.75927
2455765.49124 9.67444
2455766.49128 9.32429
2455767.49133 11.21106
2455768.49138 11.80829
2455769.49142 12.84636
2455770.49147 13.58371
2455771.49151 15.25845
2455957.50000 17.55069
