2445000.00000 110.57300
2445001.00005 89.74801
2445002.00009 109.59870
2445003.00014 116.83705
2445004.00018 104.03527
2445005.00023 120.63593
2445006.00027 125.66185
2445007.00032 123.53731
2445008.00037 135.92285
2445009.00041 118.50426
2445010.00046 153.37436
2445011.00050 146.27460
2445012.00055 180.17596
2445013.00059 165.96415
2445014.00064 164.28677
2445015.00068 155.26360
2445016.00073 159.19393
2445017.00078 182.25173
2445018.00082 187.61298
2445019.00087 182.01056
2445020.00091 166.16457
2445021.00096 186.22228
2445022.00100 144.45739
2445023.00105 136.14395
2445024.00110 156.88739
2445025.00114 124.86307
2445026.00119 138.68490
2445027.00123 145.65360
2445028.00128 146.14096
2445029.00132 128.29955
2445030.00137 109.21205
2445031.00141 132.90817
2445032.00146 109.94960
2445033.00151 116.88726
2445034.00155 107.42986
2445035.00160 109.97424
2445036.00164 99.77020
2445037.00169 100.99399
2445038.00173 118.30801
2445039.00178 101.03544
2445040.00183 114.33234
2445041.00187 115.65654
2445042.00192 121.95076
2445043.00196 131.00325
2445044.00201 131.57674
2445045.00205 133.96338
2445046.00210 117.94910
2445047.00214 149.02149
2445048.00219 135.56285
2445049.00224 173.80227
2445050.00228 169.82295
2445051.00233 170.55271
2445052.00237 155.81608
2445053.00242 167.56676
2445054.00246 144.23843
2445055.00251 179.53872
2445056.00256 150.88999
2445057.00260 137.83567
2445058.00265 159.40770
2445059.00269 166.90923
2445060.00274 134.83228
2445061.00278 132.90267
2445062.00283 159.94711
2445063.00287 153.24287
2445064.00292 121.39466
2445065.00297 121.99040
2445066.00301 117.47694
2445067.00306 139.35490
2445068.00310 141.68437
2445069.00315 124.47690
2445070.00319 104.50984
2445071.00324 110.45811
2445072.00329 93.94900
2445073.00333 105.69172
2445074.00338 118.25615
2445075.00342 119.79932
2445076.00347 132.46326
2445077.00351 126.37969
2445078.00356 135.09959
2445079.00361 114.37635
2445080.00365 143.81298
2445081.00370 138.88947
2445082.00374 128.99609
2445083.00379 137.63375
2445084.00383 174.85184
2445085.00388 149.25145
2445086.00392 184.64992
2445087.00397 142.88769
2445088.00402 142.78818
2445089.00406 185.91088
2445090.00411 196.64179
2445091.00415 186.16826
2445092.00420 187.84655
2445093.00424 155.60128
2445094.00429 156.26355
2445095.00434 189.86199
2445096.00438 152.24971
2445097.00443 149.27892
2445098.00447 133.38077
2445099.00452 123.43547
2445100.00456 151.14032
2445101.00461 138.84296
2445102.00465 124.81113
2445103.00470 122.18050
2445104.00475 105.89082
2445105.00479 107.35087
2445106.00484 113.79160
2445107.00488 95.75377
2445108.00493 127.72539
2445109.00497 129.56294
2445110.00502 123.14946
2445111.00507 135.73060
2445112.00511 100.90577
2445113.00516 135.18828
2445114.00520 119.30836
2445115.00525 109.02559
2445116.00529 96.31342
2445117.00534 143.66500
2445118.00538 112.68871
2445119.00543 161.40493
2445120.00548 137.80878
2445121.00552 148.08870
2445122.00557 118.72866
2445123.00561 178.45297
2445124.00566 163.41193
2445125.00570 166.85755
2445126.00575 183.75087
2445127.00580 168.73690
2445128.00584 179.66820
2445129.00589 185.24228
2445130.00593 160.54289
2445131.00598 181.17170
2445132.00602 181.50714
2445133.00607 138.68200
2445134.00611 145.09454
2445135.00616 152.58626
2445136.00621 172.95923
2445137.00625 121.89553
2445138.00630 133.00130
2445139.00634 121.09014
2445140.00639 135.93705
2445141.00643 115.42218
2445142.00648 106.25721
2445143.00653 131.97073
2445144.00657 99.35963
2445145.00662 122.86060
2445146.00666 110.86482
2445147.00671 117.81479
2445148.00675 107.01197
2445149.00680 114.91456
2445150.00684 106.05294
2445151.00689 128.10097
2445152.00694 140.40435
2445153.00698 114.63907
2445154.00703 128.70400
2445155.00707 123.27376
2445156.00712 121.22277
2445157.00716 158.93712
2445158.00721 157.66039
2445159.00726 166.34277
2445160.00730 182.91016
2445161.00735 175.42674
2445162.00739 165.54719
2445163.00744 180.69100
2445164.00748 170.35584
2445165.00753 190.48295
2445166.00758 156.25402
2445167.00762 186.83119
2445168.00767 159.08641
2445169.00771 165.25043
2445170.00776 142.39367
2445171.00780 120.88960
2445172.00785 153.94450
2445173.00789 146.67069
2445174.00794 132.51838
2445175.00799 160.73569
2445176.00803 119.77061
2445177.00808 124.37277
2445178.00812 139.44544
2445179.00817 119.32684
2445366.01670 116.45850
2445367.01675 116.62557
2445368.01679 116.55549
2445369.01684 91.28128
2445370.01688 122.03840
2445371.01693 121.69688
2445372.01698 121.77122
2445373.01702 133.01345
2445374.01707 107.91457
2445375.01711 138.40595
2445376.01716 143.11092
2445377.01720 158.64430
2445378.01725 173.09652
2445379.01729 147.60955
2445380.01734 166.92103
2445381.01739 164.14786
2445382.01743 157.72411
2445383.01748 153.17795
2445384.01752 197.05466
2445385.01757 160.94363
2445386.01761 184.98707
2445387.01766 192.25647
2445388.01771 202.36525
2445389.01775 196.11519
2445390.01780 191.79649
2445391.01784 199.95778
2445392.01789 185.73506
2445393.01793 169.59753
2445394.01798 169.33007
2445395.01803 154.52196
2445396.01807 133.38739
2445397.01812 124.02290
2445398.01816 118.16603
2445399.01821 133.71555
2445400.01825 136.26512
2445401.01830 127.16470
2445402.01834 98.62051
2445403.01839 110.74042
2445404.01844 99.93678
2445405.01848 118.68748
2445406.01853 115.85863
2445407.01857 118.61673
2445408.01862 113.53081
2445409.01866 115.20554
2445410.01871 150.74926
2445411.01876 110.51256
2445412.01880 133.10754
2445413.01885 156.38724
2445414.01889 143.81076
2445415.01894 125.97644
2445416.01898 145.04978
2445417.01903 143.29450
2445418.01907 175.87703
2445419.01912 141.52288
2445420.01917 159.14290
2445421.01921 198.84214
2445422.01926 182.47670
2445423.01930 143.96690
2445424.01935 166.62390
2445425.01939 153.78820
2445426.01944 126.00171
2445427.01949 163.69695
2445428.01953 176.01656
2445429.01958 138.03777
2445430.01962 138.67501
2445431.01967 166.95600
2445432.01971 166.02511
2445433.01976 130.54869
2445434.01980 125.65652
2445435.01985 136.58065
2445436.01990 120.92340
2445437.01994 126.42975
2445438.01999 123.84279
2445439.02003 111.79694
2445440.02008 108.54845
2445441.02012 125.66210
2445442.02017 108.93251
2445443.02022 104.84058
2445444.02026 117.50297
2445445.02031 119.09032
2445446.02035 109.41962
2445447.02040 94.26369
2445448.02044 134.12822
2445449.02049 117.34221
2445450.02053 108.81324
2445451.02058 145.43667
2445452.02063 149.65354
2445453.02067 148.95390
2445454.02072 146.12103
2445455.02076 160.37649
2445456.02081 167.36391
2445457.02085 172.27545
2445458.02090 153.86777
2445459.02095 173.25368
2445460.02099 167.13113
2445461.02104 179.51793
2445462.02108 153.78150
2445463.02113 172.24350
2445464.02117 190.61229
2445465.02122 185.53377
2445466.02126 142.91804
2445467.02131 154.21828
2445468.02136 145.97826
2445469.02140 164.82618
2445470.02145 121.09609
2445471.02149 144.64571
2445472.02154 134.25528
2445473.02158 125.66231
2445474.02163 113.80067
2445475.02168 116.63818
2445476.02172 103.78385
2445477.02177 117.58102
2445478.02181 84.60681
2445479.02186 133.08694
2445480.02190 121.45383
2445481.02195 109.48515
2445482.02200 110.48101
2445483.02204 135.12477
2445484.02209 111.55254
2445485.02213 121.84793
2445486.02218 114.77506
2445487.02222 153.13188
2445488.02227 149.33015
2445489.02231 123.35989
2445490.02236 147.23110
2445491.02241 158.74986
2445492.02245 163.51829
2445493.02250 159.60691
2445494.02254 179.84706
2445495.02259 153.12176
2445496.02263 157.45950
2445497.02268 179.44111
2445498.02273 183.26852
2445499.02277 144.57994
2445500.02282 177.12071
2445501.02286 167.67836
2445502.02291 150.99628
2445503.02295 179.99335
2445504.02300 164.43677
2445505.02304 140.66225
2445506.02309 165.06260
2445507.02314 148.85826
2445508.02318 123.42308
2445509.02323 126.34151
2445510.02327 109.93276
2445511.02332 99.81718
2445512.02336 117.49395
2445513.02341 123.28865
2445514.02346 133.67795
2445515.02350 111.35761
2445516.02355 102.78762
2445517.02359 107.49546
2445518.02364 97.79460
2445519.02368 99.29102
2445520.02373 116.51566
2445521.02377 118.08516
2445522.02382 124.04035
2445523.02387 129.35436
2445524.02391 155.92492
2445525.02396 141.38843
2445526.02400 150.91915
2445527.02405 137.37279
2445528.02409 148.45915
2445529.02414 169.33703
2445530.02419 169.37878
2445531.02423 156.87524
2445532.02428 152.23004
2445533.02432 164.52761
2445534.02437 173.26115
2445535.02441 185.45157
2445536.02446 164.66835
2445537.02450 154.71315
2445538.02455 151.21296
2445539.02460 161.06796
2445540.02464 154.65190
2445541.02469 155.96007
2445542.02473 150.39711
2445543.02478 164.12195
2445544.02482 140.14534
2445545.02487 125.15335
2445731.03336 109.35528
2445732.03340 96.58878
2445733.03345 89.98703
2445734.03349 88.03677
2445735.03354 88.52158
2445736.03359 83.31811
2445737.03363 105.18173
2445738.03368 82.82616
2445739.03372 85.62100
2445740.03377 88.72611
2445741.03381 104.49210
2445742.03386 113.08950
2445743.03391 112.85982
2445744.03395 119.79069
2445745.03400 97.51147
2445746.03404 120.70437
2445747.03409 104.03968
2445748.03413 127.59760
2445749.03418 122.84614
2445750.03422 119.16056
2445751.03427 144.36588
2445752.03432 160.65321
2445753.03436 137.11826
2445754.03441 137.99062
2445755.03445 146.74849
2445756.03450 148.27791
2445757.03454 147.57883
2445758.03459 121.91716
2445759.03464 166.69358
2445760.03468 103.53648
2445761.03473 140.00995
2445762.03477 138.87995
2445763.03482 130.28558
2445764.03486 117.19606
2445765.03491 122.74046
2445766.03495 106.34127
2445767.03500 84.05645
2445768.03505 92.45965
2445769.03509 94.06957
2445770.03514 89.42854
2445771.03518 65.26048
2445772.03523 91.38331
2445773.03527 74.48510
2445774.03532 79.68154
2445775.03537 97.41663
2445776.03541 102.62958
2445777.03546 95.99463
2445778.03550 98.89641
2445779.03555 88.52576
2445780.03559 103.00579
2445781.03564 114.26478
2445782.03568 117.32175
2445783.03573 113.05464
2445784.03578 107.27818
2445785.03582 128.81946
2445786.03587 111.12910
2445787.03591 137.15434
2445788.03596 141.47454
2445789.03600 144.01421
2445790.03605 144.78404
2445791.03610 127.25196
2445792.03614 148.94921
2445793.03619 133.06298
2445794.03623 142.20250
2445795.03628 131.34136
2445796.03632 138.70921
2445797.03637 130.96569
2445798.03642 155.32654
2445799.03646 115.04623
2445800.03651 116.24222
2445801.03655 116.18279
2445802.03660 102.45880
2445803.03664 114.77327
2445804.03669 92.69365
2445805.03673 93.14686
2445806.03678 91.21454
2445807.03683 88.71814
2445808.03687 77.61398
2445809.03692 80.41474
2445810.03696 72.01116
2445811.03701 86.28739
2445812.03705 84.63065
2445813.03710 77.25376
2445814.03715 92.25957
2445815.03719 79.61278
2445816.03724 95.20654
2445817.03728 87.64027
2445818.03733 112.59742
2445819.03737 106.98881
2445820.03742 115.92609
2445821.03746 128.57224
2445822.03751 124.96078
2445823.03756 132.67683
2445824.03760 127.39220
2445825.03765 126.36597
2445826.03769 159.88568
2445827.03774 126.77123
2445828.03778 106.30420
2445829.03783 142.63524
2445830.03788 119.79514
2445831.03792 148.15570
2445832.03797 140.08615
2445833.03801 138.13073
2445834.03806 140.77757
2445835.03810 103.19748
2445836.03815 98.94509
2445837.03819 100.33066
2445838.03824 120.78003
2445839.03829 100.99987
2445840.03833 90.94902
2445841.03838 82.17629
2445842.03842 70.50577
2445843.03847 83.42630
2445844.03851 75.66650
2445845.03856 75.14219
2445846.03861 68.31042
2445847.03865 83.94940
2445848.03870 67.37584
2445849.03874 76.37061
2445850.03879 71.37106
2445851.03883 70.07402
2445852.03888 68.85252
2445853.03892 65.01798
2445854.03897 97.05004
2445855.03902 105.48668
2445856.03906 102.26776
2445857.03911 111.81363
2445858.03915 105.00336
2445859.03920 109.27329
2445860.03924 112.01424
2445861.03929 135.30007
2445862.03934 130.32247
2445863.03938 124.17723
2445864.03943 134.74118
2445865.03947 143.87338
2445866.03952 105.43148
2445867.03956 112.87746
2445868.03961 115.94568
2445869.03966 160.62226
2445870.03970 121.10013
2445871.03975 135.02306
2445872.03979 112.98642
2445873.03984 107.71628
2445874.03988 100.77557
2445875.03993 113.40091
2445876.03997 101.71883
2445877.04002 87.55533
2445878.04007 87.51519
2445879.04011 89.22464
2445880.04016 81.84146
2445881.04020 90.71413
2445882.04025 63.71413
2445883.04029 56.95295
2445884.04034 58.64304
2445885.04039 59.00231
2445886.04043 63.51553
2445887.04048 63.66117
2445888.04052 73.18451
2445889.04057 92.39755
2445890.04061 83.50705
2445891.04066 100.04579
2445892.04070 93.72762
2445893.04075 101.20950
2445894.04080 99.90662
2445895.04084 107.18893
2445896.04089 110.03801
2445897.04093 115.25345
2445898.04098 107.12875
2445899.04102 108.75177
2445900.04107 99.56380
2445901.04112 111.30432
2445902.04116 145.87121
2445903.04121 130.02758
2445904.04125 119.88642
2445905.04130 128.02335
2445906.04134 120.07492
2445907.04139 129.13588
2445908.04143 101.56232
2445909.04148 92.41271
2445910.04153 95.98383
2446096.05001 76.98602
2446097.05006 89.87033
2446098.05010 63.11574
2446099.05015 55.48661
2446100.05020 52.80911
2446101.05024 47.44241
2446102.05029 41.70477
2446103.05033 46.61791
2446104.05038 44.24393
2446105.05042 42.59634
2446106.05047 38.87954
2446107.05052 36.28388
2446108.05056 45.31598
2446109.05061 48.84920
2446110.05065 44.57125
2446111.05070 50.25196
2446112.05074 56.44808
2446113.05079 63.67902
2446114.05084 58.54288
2446115.05088 74.72112
2446116.05093 65.55391
2446117.05097 88.58682
2446118.05102 79.80132
2446119.05106 83.91984
2446120.05111 86.61696
2446121.05115 100.08064
2446122.05120 95.51590
2446123.05125 104.37767
2446124.05129 104.40483
2446125.05134 108.23617
2446126.05138 87.22177
2446127.05143 108.96478
2446128.05147 93.59446
2446129.05152 77.64497
2446130.05157 81.65795
2446131.05161 78.20702
2446132.05166 78.48235
2446133.05170 60.06099
2446134.05175 59.18549
2446135.05179 55.66546
2446136.05184 55.02705
2446137.05188 56.87110
2446138.05193 44.67454
2446139.05198 39.47554
2446140.05202 37.08147
2446141.05207 38.18036
2446142.05211 39.39075
2446143.05216 40.81731
2446144.05220 32.11017
2446145.05225 31.90645
2446146.05230 41.59956
2446147.05234 48.78968
2446148.05239 41.33626
2446149.05243 53.64971
2446150.05248 51.44559
2446151.05252 56.99286
2446152.05257 59.45040
2446153.05261 71.94111
2446154.05266 75.18942
2446155.05271 84.59467
2446156.05275 84.97594
2446157.05280 91.44432
2446158.05284 100.30578
2446159.05289 95.20526
2446160.05293 77.32465
2446161.05298 97.30208
2446162.05303 115.86838
2446163.05307 86.47561
2446164.05312 92.21379
2446165.05316 98.63630
2446166.05321 88.69727
2446167.05325 71.35882
2446168.05330 77.80044
2446169.05334 70.81158
2446170.05339 70.75800
2446171.05344 59.29369
2446172.05348 53.46421
2446173.05353 56.41569
2446174.05357 46.09595
2446175.05362 41.44648
2446176.05366 38.26839
2446177.05371 41.00308
2446178.05376 36.28675
2446179.05380 34.30951
2446180.05385 27.03821
2446181.05389 34.79883
2446182.05394 31.15033
2446183.05398 40.02187
2446184.05403 40.83222
2446185.05408 37.85372
2446186.05412 44.83796
2446187.05417 52.26124
2446188.05421 56.51904
2446189.05426 72.18471
2446190.05430 57.15094
2446191.05435 77.91959
2446192.05439 85.99595
2446193.05444 69.68252
2446194.05449 85.81137
2446195.05453 81.85125
2446196.05458 97.05382
2446197.05462 97.80760
2446198.05467 88.44158
2446199.05471 81.87622
2446200.05476 74.98399
2446201.05481 76.99844
2446202.05485 80.92040
2446203.05490 90.05118
2446204.05494 70.06849
2446205.05499 67.73992
2446206.05503 64.31867
2446207.05508 56.75142
2446208.05512 47.73714
2446209.05517 51.83825
2446210.05522 41.37291
2446211.05526 38.20710
2446212.05531 34.06656
2446213.05535 37.68151
2446214.05540 32.94614
2446215.05544 30.66095
2446216.05549 24.82897
2446217.05554 26.10319
2446218.05558 25.45215
2446219.05563 33.16447
2446220.05567 37.92599
2446221.05572 32.48304
2446222.05576 38.02498
2446223.05581 46.29161
2446224.05585 38.66052
2446225.05590 48.41667
2446226.05595 56.23247
2446227.05599 61.50941
2446228.05604 72.16320
2446229.05608 63.71526
2446230.05613 82.85327
2446231.05617 76.90982
2446232.05622 63.38085
2446233.05627 73.20718
2446234.05631 88.44611
2446235.05636 78.16695
2446236.05640 78.68660
2446237.05645 71.41680
2446238.05649 80.66211
2446239.05654 64.86261
2446240.05658 71.84902
2446241.05663 68.80564
2446242.05668 60.09885
2446243.05672 57.08632
2446244.05677 51.57281
2446245.05681 54.28860
2446246.05686 49.74764
2446247.05690 40.84111
2446248.05695 30.25422
2446249.05700 30.14061
2446250.05704 22.00438
2446251.05709 23.56697
2446252.05713 22.00222
2446253.05718 22.45478
2446254.05722 25.34860
2446255.05727 19.63153
2446256.05731 26.02294
2446257.05736 31.10768
2446258.05741 29.87507
2446259.05745 36.17186
2446260.05750 40.25030
2446261.05754 46.28954
2446262.05759 48.04839
2446263.05763 56.48666
2446264.05768 61.22905
2446265.05773 70.59000
2446266.05777 63.27145
2446267.05782 63.88253
2446268.05786 66.11276
2446269.05791 65.45783
2446270.05795 70.26764
2446271.05800 89.44357
2446272.05805 85.49279
2446273.05809 83.98299
2446274.05814 78.99397
2446275.05818 71.03951
2446461.06667 58.38343
2446462.06672 45.56866
2446463.06676 49.85175
2446464.06681 40.18201
2446465.06685 36.60426
2446466.06690 36.60714
2446467.06694 28.47110
2446468.06699 26.39692
2446469.06703 20.09803
2446470.06708 13.68113
2446471.06713 10.52770
2446472.06717 8.64777
2446473.06722 5.75475
2446474.06726 5.00869
2446475.06731 5.33354
2446476.06735 4.87911
2446477.06740 6.87608
2446478.06745 8.54511
2446479.06749 12.94658
2446480.06754 16.60084
2446481.06758 21.02857
2446482.06763 21.76104
2446483.06767 28.86415
2446484.06772 35.33351
2446485.06776 41.74361
2446486.06781 39.81046
2446487.06786 44.34963
2446488.06790 39.55783
2446489.06795 52.78864
2446490.06799 54.95742
2446491.06804 65.04418
2446492.06808 68.22728
2446493.06813 65.80426
2446494.06818 59.56598
2446495.06822 60.11049
2446496.06827 49.02130
2446497.06831 49.60053
2446498.06836 51.54270
2446499.06840 51.62683
2446500.06845 38.22607
2446501.06850 38.96399
2446502.06854 38.03919
2446503.06859 29.53898
2446504.06863 22.20460
2446505.06868 22.74849
2446506.06872 15.92650
2446507.06877 12.25799
2446508.06881 9.20693
2446509.06886 6.47989
2446510.06891 4.65232
2446511.06895 3.48439
2446512.06900 3.67663
2446513.06904 4.28178
2446514.06909 5.85674
2446515.06913 7.30195
2446516.06918 10.19967
2446517.06923 14.55541
2446518.06927 18.46384
2446519.06932 20.23178
2446520.06936 31.52474
2446521.06941 35.52845
2446522.06945 38.47608
2446523.06950 38.08218
2446524.06954 43.70379
2446525.06959 54.00425
2446526.06964 50.74752
2446527.06968 55.24022
2446528.06973 63.31577
2446529.06977 65.88338
2446530.06982 60.50327
2446531.06986 54.94494
2446532.06991 65.76424
2446533.06996 63.17609
2446534.07000 52.52966
2446535.07005 50.39691
2446536.07009 50.71896
2446537.07014 41.04512
2446538.07018 32.03702
2446539.07023 35.91889
2446540.07027 28.15696
2446541.07032 22.92016
2446542.07037 19.39400
2446543.07041 14.33464
2446544.07046 10.17906
2446545.07050 7.57114
2446546.07055 4.04074
2446547.07059 3.01265
2446548.07064 2.37873
2446549.07069 1.74044
2446550.07073 2.32556
2446551.07078 4.63966
2446552.07082 6.80544
2446553.07087 8.70125
2446554.07091 12.27540
2446555.07096 18.01127
2446556.07100 22.91985
2446557.07105 26.34259
2446558.07110 28.98898
2446559.07114 37.69878
2446560.07119 41.28251
2446561.07123 46.64320
2446562.07128 54.69170
2446563.07132 54.29666
2446564.07137 57.06272
2446565.07142 56.10737
2446566.07146 66.18421
2446567.07151 60.46279
2446568.07155 55.91634
2446569.07160 55.23935
2446570.07164 57.54436
2446571.07169 60.34724
2446572.07173 52.89026
2446573.07178 48.41030
2446574.07183 51.03214
2446575.07187 31.70889
2446576.07192 26.16269
2446577.07196 23.12301
2446578.07201 24.61639
2446579.07205 15.25869
2446580.07210 12.72607
2446581.07215 7.44754
2446582.07219 5.55293
2446583.07224 2.83913
2446584.07228 1.56469
2446585.07233 0.83804
2446586.07237 0.73766
2446587.07242 1.31586
2446588.07247 3.20760
2446589.07251 7.42345
2446590.07256 9.32593
2446591.07260 10.18858
2446592.07265 15.10981
2446593.07269 23.88577
2446594.07274 24.57240
2446595.07278 28.36380
2446596.07283 30.77838
2446597.07288 41.77707
2446598.07292 46.19446
2446599.07297 52.76024
2446600.07301 52.10331
2446601.07306 56.64656
2446602.07310 56.53981
2446603.07315 64.92696
2446604.07320 53.78789
2446605.07324 51.58062
2446606.07329 61.11774
2446607.07333 65.43833
2446608.07338 54.75032
2446609.07342 45.48265
2446610.07347 47.56534
2446611.07351 40.76873
2446612.07356 37.37254
2446613.07361 35.02975
2446614.07365 23.63685
2446615.07370 21.48804
2446616.07374 14.73676
2446617.07379 12.49439
2446618.07383 9.21710
2446619.07388 4.99230
2446620.07393 2.32073
2446621.07397 1.05674
2446622.07402 0.17781
2446623.07406 0.34668
2446624.07411 1.48301
2446625.07415 3.38566
2446626.07420 4.69985
2446627.07424 7.30085
2446628.07429 12.39544
2446629.07434 14.60640
2446630.07438 22.48408
2446631.07443 29.99598
2446632.07447 31.41325
2446633.07452 35.47111
2446634.07456 38.69063
2446635.07461 39.79827
2446636.07466 47.95588
2446637.07470 53.82832
2446638.07475 52.75993
2446639.07479 64.12602
2446640.07484 56.90161
2446827.08337 59.15215
2446828.08342 53.90959
2446829.08346 51.76019
2446830.08351 59.16329
2446831.08355 58.12045
2446832.08360 41.96085
2446833.08365 36.15763
2446834.08369 34.91384
2446835.08374 34.13490
2446836.08378 22.87187
2446837.08383 20.75598
2446838.08387 18.61112
2446839.08392 14.14257
2446840.08396 11.02580
2446841.08401 7.00192
2446842.08406 7.30084
2446843.08410 5.47337
2446844.08415 5.77794
2446845.08419 5.77471
2446846.08424 7.76475
2446847.08428 7.51369
2446848.08433 13.40735
2446849.08438 19.14521
2446850.08442 18.47687
2446851.08447 26.03841
2446852.08451 36.92407
2446853.08456 37.46235
2446854.08460 31.20282
2446855.08465 42.48694
2446856.08469 50.99330
2446857.08474 44.62123
2446858.08479 60.45256
2446859.08483 56.06539
2446860.08488 61.09331
2446861.08492 62.24472
2446862.08497 59.43880
2446863.08501 70.29474
2446864.08506 77.09269
2446865.08511 68.36269
2446866.08515 56.67812
2446867.08520 53.10512
2446868.08524 38.63278
2446869.08529 53.15037
2446870.08533 48.03282
2446871.08538 36.28987
2446872.08542 33.82653
2446873.08547 28.34897
2446874.08552 26.93561
2446875.08556 17.59427
2446876.08561 15.53423
2446877.08565 13.59089
2446878.08570 10.23928
2446879.08574 9.58280
2446880.08579 6.40903
2446881.08584 6.67496
2446882.08588 7.23575
2446883.08593 10.36080
2446884.08597 12.28947
2446885.08602 16.81231
2446886.08606 21.81784
2446887.08611 27.23113
2446888.08615 26.64225
2446889.08620 33.80057
2446890.08625 33.94350
2446891.08629 40.63250
2446892.08634 51.48624
2446893.08638 48.25156
2446894.08643 46.20427
2446895.08647 52.67278
2446896.08652 67.78371
2446897.08657 57.16114
2446898.08661 75.82219
2446899.08666 82.00310
2446900.08670 73.58551
2446901.08675 73.51712
2446902.08679 64.99966
2446903.08684 58.62128
2446904.08689 59.01521
2446905.08693 57.70153
2446906.08698 46.36557
2446907.08702 42.51726
2446908.08707 43.47708
2446909.08711 29.54592
2446910.08716 29.05377
2446911.08720 25.88822
2446912.08725 18.12015
2446913.08730 22.22403
2446914.08734 13.64293
2446915.08739 14.54499
2446916.08743 12.57925
2446917.08748 11.31420
2446918.08752 8.70624
2446919.08757 14.68696
2446920.08762 14.02198
2446921.08766 11.33564
2446922.08771 17.98452
2446923.08775 26.55018
2446924.08780 26.71158
2446925.08784 41.10574
2446926.08789 40.30340
2446927.08793 44.09566
2446928.08798 49.45763
2446929.08803 44.23575
2446930.08807 45.38999
2446931.08812 54.25057
2446932.08816 65.65627
2446933.08821 70.23536
2446934.08825 65.35210
2446935.08830 69.97812
2446936.08835 84.58428
2446937.08839 69.97316
2446938.08844 65.34301
2446939.08848 68.69561
2446940.08853 56.38585
2446941.08857 62.72256
2446942.08862 57.01587
2446943.08866 47.64211
2446944.08871 40.08133
2446945.08876 41.31457
2446946.08880 37.94404
2446947.08885 27.55864
2446948.08889 26.92483
2446949.08894 23.67816
2446950.08898 22.32587
2446951.08903 18.36460
2446952.08908 15.69840
2446953.08912 13.52333
2446954.08917 14.76825
2446955.08921 13.67082
2446956.08926 12.49236
2446957.08930 17.69477
2446958.08935 19.20389
2446959.08939 23.26511
2446960.08944 29.89890
2446961.08949 31.62854
2446962.08953 40.13937
2446963.08958 33.32514
2446964.08962 48.79731
2446965.08967 47.34517
2446966.08971 63.53820
2446967.08976 62.16452
2446968.08981 54.33580
2446969.08985 67.90553
2446970.08990 64.21500
2446971.08994 69.77592
2446972.08999 78.86914
2446973.09003 73.32390
2446974.09008 67.68154
2446975.09013 62.35925
2446976.09017 64.66303
2446977.09022 75.72963
2446978.09026 67.54234
2446979.09031 61.04345
2446980.09035 48.50955
2446981.09040 50.91361
2446982.09044 48.52385
2446983.09049 33.78486
2446984.09054 33.10767
2446985.09058 28.38177
2446986.09063 27.94117
2446987.09067 22.20822
2446988.09072 18.93815
2446989.09076 19.34207
2446990.09081 15.53560
2446991.09086 13.57405
2446992.09090 14.69344
2446993.09095 19.67614
2446994.09099 20.00647
2446995.09104 21.82608
2446996.09108 25.79992
2446997.09113 30.88728
2446998.09117 27.23417
2446999.09122 42.06764
2447000.09127 39.36994
2447001.09131 47.02187
2447002.09136 55.55537
2447003.09140 59.03598
2447004.09145 59.18850
2447005.09149 50.16552
2447006.09154 68.18993
2447192.10003 75.03143
2447193.10007 88.55157
2447194.10012 111.25278
2447195.10016 90.38233
2447196.10021 88.43093
2447197.10026 83.48454
2447198.10030 102.06232
2447199.10035 89.28102
2447200.10039 86.66615
2447201.10044 89.37933
2447202.10048 89.21389
2447203.10053 72.85233
2447204.10057 59.80130
2447205.10062 54.91264
2447206.10067 62.68974
2447207.10071 53.80098
2447208.10076 48.19652
2447209.10080 42.35257
2447210.10085 43.74875
2447211.10089 36.38334
2447212.10094 43.86151
2447213.10099 37.09920
2447214.10103 49.21306
2447215.10108 43.80993
2447216.10112 40.88726
2447217.10117 38.95488
2447218.10121 55.83962
2447219.10126 53.81490
2447220.10131 72.93894
2447221.10135 67.94780
2447222.10140 74.17082
2447223.10144 62.33171
2447224.10149 97.74429
2447225.10153 94.48876
2447226.10158 94.96198
2447227.10162 90.05281
2447228.10167 99.60488
2447229.10172 102.95424
2447230.10176 119.55844
2447231.10181 102.39523
2447232.10185 115.40372
2447233.10190 81.64899
2447234.10194 102.00282
2447235.10199 94.89842
2447236.10204 92.06697
2447237.10208 76.45244
2447238.10213 109.17176
2447239.10217 83.76499
2447240.10222 64.61860
2447241.10226 76.41733
2447242.10231 59.96281
2447243.10235 58.80644
2447244.10240 57.22039
2447245.10245 53.92231
2447246.10249 56.96683
2447247.10254 51.06868
2447248.10258 45.98427
2447249.10263 40.18048
2447250.10267 46.43104
2447251.10272 53.62990
2447252.10277 54.21313
2447253.10281 54.18623
2447254.10286 51.27921
2447255.10290 50.91833
2447256.10295 46.14572
2447257.10299 72.22263
2447258.10304 79.88843
2447259.10308 69.88817
2447260.10313 83.75165
2447261.10318 75.56172
2447262.10322 105.75626
2447263.10327 86.81598
2447264.10331 99.94219
2447265.10336 85.85558
2447266.10340 94.89622
2447267.10345 107.18679
2447268.10350 92.83241
2447269.10354 104.38870
2447270.10359 99.67547
2447271.10363 115.07351
2447272.10368 109.47030
2447273.10372 115.97726
2447274.10377 101.27374
2447275.10381 92.51645
2447276.10386 98.67865
2447277.10391 74.68070
2447278.10395 74.79427
2447279.10400 68.91104
2447280.10404 56.61289
2447281.10409 67.03704
2447282.10413 58.36544
2447283.10418 61.64297
2447284.10423 55.46505
2447285.10427 47.78386
2447286.10432 55.31471
2447287.10436 51.55399
2447288.10441 50.50880
2447289.10445 54.62220
2447290.10450 53.99942
2447291.10455 54.86260
2447292.10459 69.50407
2447293.10464 72.59412
2447294.10468 71.34951
2447295.10473 82.58548
2447296.10477 68.54086
2447297.10482 88.76978
2447298.10486 87.29196
2447299.10491 92.29425
2447300.10496 96.37492
2447301.10500 93.71931
2447302.10505 109.08889
2447303.10509 99.07617
2447304.10514 113.52879
2447305.10518 125.25590
2447306.10523 105.68081
2447307.10528 111.91555
2447308.10532 106.49704
2447309.10537 114.19663
2447310.10541 100.99706
2447311.10546 105.84901
2447312.10550 102.21166
2447313.10555 84.24860
2447314.10559 70.49939
2447315.10564 73.87195
2447316.10569 72.91232
2447317.10573 73.81655
2447318.10578 61.70578
2447319.10582 71.16587
2447320.10587 48.99038
2447321.10591 59.39252
2447322.10596 56.71794
2447323.10601 55.87644
2447324.10605 58.94791
2447325.10610 59.97641
2447326.10614 61.91517
2447327.10619 63.65042
2447328.10623 76.17036
2447329.10628 69.55191
2447330.10632 60.69733
2447331.10637 63.58243
2447332.10642 83.80577
2447333.10646 81.18835
2447334.10651 93.90651
2447335.10655 96.41765
2447336.10660 101.28369
2447337.10664 126.26595
2447338.10669 106.49969
2447339.10674 103.25059
2447340.10678 123.06318
2447341.10683 111.87011
2447342.10687 102.42921
2447343.10692 118.46998
2447344.10696 113.83514
2447345.10701 96.90659
2447346.10705 113.85478
2447347.10710 125.52119
2447348.10715 117.00855
2447349.10719 84.68829
2447350.10724 99.05409
2447351.10728 77.97403
2447352.10733 72.54103
2447353.10737 79.74376
2447354.10742 79.43248
2447355.10747 77.90841
2447356.10751 69.06611
2447357.10756 75.92342
2447358.10760 68.71164
2447359.10765 60.47520
2447360.10769 62.77208
2447361.10774 51.64637
2447362.10778 63.28697
2447363.10783 56.75463
2447364.10788 71.57719
2447365.10792 69.50493
2447366.10797 83.17412
2447367.10801 73.64939
2447368.10806 88.03893
2447369.10810 83.06784
2447370.10815 83.39295
2447371.10820 108.41464
2447557.11668 143.33398
2447558.11673 136.87714
2447559.11677 122.99959
2447560.11682 156.99607
2447561.11687 131.72142
2447562.11691 169.88321
2447563.11696 130.05634
2447564.11700 143.04449
2447565.11705 133.81266
2447566.11709 117.84744
2447567.11714 145.58923
2447568.11719 130.13401
2447569.11723 147.03516
2447570.11728 117.96773
2447571.11732 118.78104
2447572.11737 134.53691
2447573.11741 124.19006
2447574.11746 118.90627
2447575.11750 117.89998
2447576.11755 103.20091
2447577.11760 89.55912
2447578.11764 102.40273
2447579.11769 83.31519
2447580.11773 72.69296
2447581.11778 78.29299
2447582.11782 109.39788
2447583.11787 102.24107
2447584.11792 87.47704
2447585.11796 86.91134
2447586.11801 87.91868
2447587.11805 109.44334
2447588.11810 102.86274
2447589.11814 90.81785
2447590.11819 131.02472
2447591.11823 110.45363
2447592.11828 130.15534
2447593.11833 136.12512
2447594.11837 134.90179
2447595.11842 134.28454
2447596.11846 166.90581
2447597.11851 151.31959
2447598.11855 157.88697
2447599.11860 123.62914
2447600.11865 123.80651
2447601.11869 132.65456
2447602.11874 133.98111
2447603.11878 169.30801
2447604.11883 126.15429
2447605.11887 137.09067
2447606.11892 119.47776
2447607.11897 157.15052
2447608.11901 118.78638
2447609.11906 119.97574
2447610.11910 126.35784
2447611.11915 119.82951
2447612.11919 97.53867
2447613.11924 100.71373
2447614.11928 94.20303
2447615.11933 104.51486
2447616.11938 91.93820
2447617.11942 96.60568
2447618.11947 109.86238
2447619.11951 103.07708
2447620.11956 89.92180
2447621.11960 97.19384
2447622.11965 101.10054
2447623.11970 99.45903
2447624.11974 91.10423
2447625.11979 124.52725
2447626.11983 92.98197
2447627.11988 109.43960
2447628.11992 109.65410
2447629.11997 142.43260
2447630.12001 121.40308
2447631.12006 120.51456
2447632.12011 130.51774
2447633.12015 124.73573
2447634.12020 142.29439
2447635.12024 167.49590
2447636.12029 148.12516
2447637.12033 152.68507
2447638.12038 165.00874
2447639.12043 154.34966
2447640.12047 139.23276
2447641.12052 143.91020
2447642.12056 128.27433
2447643.12061 111.92407
2447644.12065 126.68601
2447645.12070 117.73686
2447646.12074 130.19607
2447647.12079 106.47022
2447648.12084 113.90851
2447649.12088 111.58790
2447650.12093 116.49606
2447651.12097 96.79111
2447652.12102 99.14962
2447653.12106 88.61675
2447654.12111 83.20301
2447655.12116 82.70570
2447656.12120 86.98938
2447657.12125 94.36958
2447658.12129 105.14212
2447659.12134 99.90811
2447660.12138 95.51211
2447661.12143 111.12928
2447662.12147 132.47632
2447663.12152 113.96480
2447664.12157 137.09898
2447665.12161 127.63319
2447666.12166 115.77298
2447667.12170 138.72402
2447668.12175 146.24899
2447669.12179 127.16604
2447670.12184 197.54500
2447671.12189 162.22394
2447672.12193 156.03781
2447673.12198 177.93536
2447674.12202 161.82313
2447675.12207 142.10634
2447676.12211 155.27825
2447677.12216 129.47549
2447678.12220 128.82975
2447679.12225 150.97751
2447680.12230 152.68585
2447681.12234 141.47525
2447682.12239 134.32616
2447683.12243 130.57876
2447684.12248 116.79293
2447685.12252 129.03811
2447686.12257 116.54181
2447687.12262 114.57178
2447688.12266 126.77935
2447689.12271 100.82049
2447690.12275 108.37618
2447691.12280 114.38712
2447692.12284 99.51966
2447693.12289 106.78320
2447694.12294 90.39120
2447695.12298 105.13053
2447696.12303 105.42772
2447697.12307 109.15929
2447698.12312 102.39842
2447699.12316 112.06745
2447700.12321 135.15950
2447701.12325 112.46347
2447702.12330 112.42649
2447703.12335 128.15050
2447704.12339 140.85019
2447705.12344 145.91608
2447706.12348 141.52626
2447707.12353 126.85750
2447708.12357 159.74168
2447709.12362 145.38897
2447710.12367 155.83392
2447711.12371 170.80844
2447712.12376 181.78147
2447713.12380 153.49585
2447714.12385 144.32137
2447715.12389 157.84893
2447716.12394 129.12605
2447717.12398 150.63912
2447718.12403 151.33691
2447719.12408 156.81504
2447720.12412 119.04623
2447721.12417 137.50016
2447722.12421 107.35689
2447723.12426 128.83715
2447724.12430 107.99508
2447725.12435 122.59118
2447726.12440 110.27390
2447727.12444 104.75476
2447728.12449 108.99256
2447729.12453 103.37763
2447730.12458 101.65484
2447731.12462 102.29405
2447732.12467 109.00650
2447733.12471 126.44944
2447734.12476 98.01646
2447735.12481 113.94468
2447736.12485 100.96926
2447922.13334 121.10893
2447923.13339 134.57833
2447924.13343 128.45519
2447925.13348 154.68954
2447926.13352 142.63891
2447927.13357 167.78560
2447928.13361 153.50011
2447929.13366 193.34744
2447930.13370 166.54351
2447931.13375 193.50200
2447932.13380 169.09611
2447933.13384 170.83884
2447934.13389 169.34265
2447935.13393 141.96449
2447936.13398 163.61135
2447937.13402 171.95775
2447938.13407 157.81265
2447939.13412 122.98105
2447940.13416 145.02510
2447941.13421 127.49559
2447942.13425 146.24351
2447943.13430 147.29381
2447944.13434 107.11842
2447945.13439 138.02297
2447946.13443 114.62036
2447947.13448 122.31090
2447948.13453 112.10883
2447949.13457 124.67993
2447950.13462 105.79221
2447951.13466 104.77836
2447952.13471 109.18620
2447953.13475 108.47605
2447954.13480 115.92013
2447955.13485 118.20200
2447956.13489 147.42805
2447957.13494 125.94475
2447958.13498 148.89939
2447959.13503 136.07994
2447960.13507 133.27576
2447961.13512 153.60466
2447962.13516 139.86416
2447963.13521 144.90490
2447964.13526 148.17805
2447965.13530 161.78084
2447966.13535 180.29269
2447967.13539 164.67000
2447968.13544 193.25049
2447969.13548 158.52693
2447970.13553 205.78721
2447971.13558 183.88644
2447972.13562 184.35424
2447973.13567 131.81539
2447974.13571 178.99313
2447975.13576 176.63549
2447976.13580 141.13212
2447977.13585 135.25815
2447978.13589 149.09931
2447979.13594 147.11769
2447980.13599 135.19804
2447981.13603 128.20891
2447982.13608 122.13290
2447983.13612 120.77341
2447984.13617 125.06660
2447985.13621 132.47301
2447986.13626 126.58327
2447987.13631 119.58665
2447988.13635 117.22199
2447989.13640 126.78179
2447990.13644 110.65543
2447991.13649 98.42851
2447992.13653 122.99023
2447993.13658 125.79433
2447994.13662 136.71453
2447995.13667 154.29170
2447996.13672 139.48092
2447997.13676 124.10059
2447998.13681 136.37279
2447999.13685 131.42346
2448000.13690 209.95205
2448001.13694 158.37151
2448002.13699 158.69037
2448003.13704 156.29956
2448004.13708 176.97936
2448005.13713 155.92957
2448006.13717 182.95375
2448007.13722 167.85263
2448008.13726 201.54579
2448009.13731 178.16504
2448010.13736 163.66191
2448011.13740 178.05086
2448012.13745 135.15768
2448013.13749 164.33604
2448014.13754 131.22679
2448015.13758 130.61253
2448016.13763 133.96815
2448017.13767 124.73281
2448018.13772 118.12005
2448019.13777 139.73738
2448020.13781 134.03622
2448021.13786 119.33192
2448022.13790 106.50068
2448023.13795 108.39991
2448024.13799 108.90210
2448025.13804 101.99495
2448026.13809 137.18317
2448027.13813 101.71915
2448028.13818 121.96400
2448029.13822 131.52217
2448030.13827 131.21731
2448031.13831 125.66559
2448032.13836 133.60914
2448033.13840 133.18074
2448034.13845 111.18614
2448035.13850 133.79555
2448036.13854 148.23300
2448037.13859 162.12155
2448038.13863 143.28262
2448039.13868 162.60925
2448040.13872 177.09680
2448041.13877 152.90508
2448042.13882 170.77555
2448043.13886 162.72977
2448044.13891 170.70693
2448045.13895 172.52290
2448046.13900 157.59118
2448047.13904 185.99576
2448048.13909 173.24065
2448049.13913 163.36515
2448050.13918 155.54528
2448051.13923 161.60548
2448052.13927 147.01109
2448053.13932 134.04405
2448054.13936 138.87826
2448055.13941 121.55971
2448056.13945 132.42066
2448057.13950 113.39513
2448058.13955 106.44404
2448059.13959 118.16968
2448060.13964 119.59935
2448061.13968 105.55636
2448062.13973 127.26322
2448063.13977 115.14056
2448064.13982 115.86261
2448065.13986 131.72624
2448066.13991 122.49487
2448067.13996 123.58884
2448068.14000 120.89779
2448069.14005 116.62223
2448070.14009 117.72276
2448071.14014 148.59931
2448072.14018 170.89828
2448073.14023 145.48056
2448074.14028 149.38786
2448075.14032 158.54555
2448076.14037 155.31035
2448077.14041 173.12628
2448078.14046 183.43098
2448079.14050 182.01293
2448080.14055 195.91442
2448081.14060 157.43733
2448082.14064 167.11346
2448083.14069 175.86690
2448084.14073 212.09970
2448085.14078 170.04814
2448086.14082 161.56566
2448087.14087 168.24087
2448088.14091 172.66431
2448089.14096 143.89499
2448090.14101 133.76992
2448091.14105 121.65795
2448092.14110 141.95198
2448093.14114 115.24474
2448094.14119 132.51755
2448095.14123 117.38953
2448096.14128 102.82273
2448097.14133 115.15070
2448098.14137 109.23936
2448099.14142 134.73140
2448100.14146 119.70212
2448101.14151 139.55637
2448288.15004 124.61347
2448289.15009 116.59636
2448290.15013 130.63576
2448291.15018 129.82048
2448292.15022 133.62755
2448293.15027 167.36000
2448294.15031 127.23700
2448295.15036 123.22879
2448296.15041 163.12123
2448297.15045 170.95959
2448298.15050 149.40461
2448299.15054 172.67309
2448300.15059 149.17665
2448301.15063 170.91172
2448302.15068 193.57284
2448303.15073 170.96404
2448304.15077 150.71420
2448305.15082 155.57026
2448306.15086 175.13897
2448307.15091 138.33243
2448308.15095 165.70452
2448309.15100 136.47024
2448310.15104 146.41079
2448311.15109 158.35656
2448312.15114 131.97419
2448313.15118 129.16096
2448314.15123 125.60972
2448315.15127 82.46958
2448316.15132 115.67453
2448317.15136 105.23866
2448318.15141 87.06816
2448319.15146 99.36963
2448320.15150 96.92027
2448321.15155 99.17630
2448322.15159 119.39338
2448323.15164 94.65951
2448324.15168 118.41929
2448325.15173 118.13831
2448326.15178 132.38815
2448327.15182 126.24800
2448328.15187 134.45859
2448329.15191 105.01841
2448330.15196 157.46477
2448331.15200 144.79609
2448332.15205 136.31736
2448333.15209 158.94071
2448334.15214 169.57312
2448335.15219 116.15145
2448336.15223 150.86505
2448337.15228 162.61422
2448338.15232 168.52348
2448339.15237 121.64567
2448340.15241 125.63294
2448341.15246 191.79447
2448342.15251 137.90075
2448343.15255 172.42244
2448344.15260 131.76040
2448345.15264 145.90698
2448346.15269 133.03874
2448347.15273 121.21977
2448348.15278 132.27907
2448349.15282 119.22510
2448350.15287 124.83384
2448351.15292 103.19595
2448352.15296 95.97075
2448353.15301 99.36581
2448354.15305 95.34210
2448355.15310 101.40640
2448356.15314 98.15809
2448357.15319 100.87472
2448358.15324 105.80953
2448359.15328 111.45150
2448360.15333 112.63530
2448361.15337 105.53061
2448362.15342 109.83158
2448363.15346 112.23101
2448364.15351 97.95553
2448365.15355 105.78110
2448366.15360 134.30533
2448367.15365 147.11885
2448368.15369 139.40427
2448369.15374 141.32733
2448370.15378 131.09591
2448371.15383 135.39804
2448372.15387 175.35232
2448373.15392 141.60002
2448374.15397 150.93446
2448375.15401 139.79196
2448376.15406 158.34355
2448377.15410 173.83035
2448378.15415 149.32468
2448379.15419 148.84000
2448380.15424 144.54356
2448381.15428 160.71933
2448382.15433 138.10877
2448383.15438 134.12866
2448384.15442 124.18425
2448385.15447 102.99035
2448386.15451 109.81080
2448387.15456 132.77256
2448388.15460 116.14265
2448389.15465 90.49373
2448390.15470 101.36041
2448391.15474 86.65126
2448392.15479 104.65054
2448393.15483 95.44279
2448394.15488 87.99146
2448395.15492 95.97016
2448396.15497 89.70738
2448397.15502 100.73302
2448398.15506 107.27693
2448399.15511 136.24837
2448400.15515 121.09783
2448401.15520 107.53328
2448402.15524 98.67366
2448403.15529 119.31991
2448404.15533 109.48570
2448405.15538 124.30593
2448406.15543 150.82184
2448407.15547 146.11068
2448408.15552 152.07171
2448409.15556 189.44466
2448410.15561 147.05718
2448411.15565 152.01294
2448412.15570 147.70594
2448413.15575 134.58314
2448414.15579 138.54961
2448415.15584 153.06764
2448416.15588 150.29217
2448417.15593 140.16435
2448418.15597 129.10380
2448419.15602 112.67659
2448420.15606 128.21676
2448421.15611 132.15899
2448422.15616 122.20419
2448423.15620 106.71187
2448424.15625 112.70177
2448425.15629 114.07050
2448426.15634 111.16242
2448427.15638 103.29129
2448428.15643 85.80531
2448429.15648 100.44335
2448430.15652 65.04993
2448431.15657 94.56941
2448432.15661 89.76769
2448433.15666 109.15194
2448434.15670 97.87696
2448435.15675 102.42880
2448436.15679 121.96706
2448437.15684 102.28481
2448438.15689 108.10376
2448439.15693 118.42977
2448440.15698 105.06424
2448441.15702 124.36341
2448442.15707 114.32663
2448443.15711 148.18439
2448444.15716 117.19882
2448445.15721 158.56865
2448446.15725 161.81304
2448447.15730 137.51802
2448448.15734 129.98408
2448449.15739 139.78609
2448450.15743 162.82936
2448451.15748 141.85650
2448452.15752 147.73488
2448453.15757 156.61152
2448454.15762 153.90584
2448455.15766 112.76112
2448456.15771 94.57445
2448457.15775 127.53843
2448458.15780 99.21263
2448459.15784 112.49000
2448460.15789 107.25399
2448461.15794 97.55533
2448462.15798 116.44230
2448463.15803 94.11697
2448464.15807 97.43533
2448465.15812 102.08161
2448466.15816 85.92422
2448467.15821 86.11292
2448653.16670 75.69525
2448654.16674 64.45942
2448655.16679 67.44395
2448656.16683 74.17781
2448657.16688 75.11439
2448658.16693 78.27432
2448659.16697 71.43627
2448660.16702 101.17891
2448661.16706 83.18527
2448662.16711 99.84769
2448663.16715 118.17273
2448664.16720 112.93244
2448665.16724 118.89818
2448666.16729 119.78896
2448667.16734 105.97393
2448668.16738 124.04850
2448669.16743 118.56549
2448670.16747 110.39850
2448671.16752 105.18651
2448672.16756 126.12926
2448673.16761 114.41221
2448674.16766 104.54797
2448675.16770 105.15426
2448676.16775 88.22150
2448677.16779 99.94717
2448678.16784 104.87546
2448679.16788 107.64348
2448680.16793 81.42081
2448681.16797 85.23760
2448682.16802 82.94322
2448683.16807 65.39453
2448684.16811 76.96657
2448685.16816 83.37711
2448686.16820 63.30704
2448687.16825 66.08977
2448688.16829 59.16869
2448689.16834 56.35387
2448690.16839 55.99647
2448691.16843 56.71736
2448692.16848 69.40433
2448693.16852 71.38458
2448694.16857 77.98367
2448695.16861 81.75671
2448696.16866 82.75519
2448697.16870 75.97517
2448698.16875 99.68130
2448699.16880 81.14404
2448700.16884 81.81594
2448701.16889 93.64944
2448702.16893 109.75721
2448703.16898 109.35664
2448704.16902 104.53702
2448705.16907 116.64532
2448706.16912 123.42127
2448707.16916 99.57991
2448708.16921 98.26259
2448709.16925 97.01411
2448710.16930 106.40190
2448711.16934 121.73502
2448712.16939 102.33029
2448713.16944 115.99773
2448714.16948 89.50456
2448715.16953 90.10918
2448716.16957 98.83703
2448717.16962 80.77667
2448718.16966 66.71666
2448719.16971 70.87147
2448720.16975 74.55259
2448721.16980 68.61385
2448722.16985 75.75855
2448723.16989 62.17779
2448724.16994 47.55082
2448725.16998 50.86178
2448726.17003 56.42955
2448727.17007 68.36679
2448728.17012 57.21299
2448729.17017 71.05349
2448730.17021 58.44969
2448731.17026 63.89704
2448732.17030 60.96267
2448733.17035 79.06719
2448734.17039 76.42211
2448735.17044 82.86180
2448736.17048 83.02718
2448737.17053 85.91171
2448738.17058 103.86321
2448739.17062 113.57039
2448740.17067 104.75821
2448741.17071 111.32241
2448742.17076 94.55690
2448743.17080 113.41721
2448744.17085 108.96149
2448745.17090 113.39578
2448746.17094 101.63422
2448747.17099 100.23493
2448748.17103 97.69231
2448749.17108 103.96188
2448750.17112 98.26780
2448751.17117 95.98196
2448752.17121 77.41361
2448753.17126 76.22248
2448754.17131 73.63331
2448755.17135 66.27623
2448756.17140 74.55750
2448757.17144 53.67605
2448758.17149 59.88887
2448759.17153 49.11263
2448760.17158 54.99884
2448761.17163 49.66276
2448762.17167 40.93086
2448763.17172 49.61625
2448764.17176 53.78800
2448765.17181 54.56517
2448766.17185 68.19134
2448767.17190 65.11140
2448768.17194 58.72717
2448769.17199 66.43094
2448770.17204 80.74294
2448771.17208 72.58131
2448772.17213 82.02486
2448773.17217 90.81307
2448774.17222 85.77368
2448775.17226 91.19144
2448776.17231 93.40209
2448777.17236 103.80290
2448778.17240 93.32583
2448779.17245 106.88950
2448780.17249 100.81799
2448781.17254 121.42785
2448782.17258 98.26445
2448783.17263 104.56446
2448784.17268 97.55726
2448785.17272 99.47476
2448786.17277 94.96106
2448787.17281 96.89992
2448788.17286 66.37389
2448789.17290 82.52707
2448790.17295 73.25629
2448791.17299 67.06727
2448792.17304 76.47987
2448793.17309 59.00227
2448794.17313 57.96222
2448795.17318 62.57236
2448796.17322 57.60303
2448797.17327 53.56256
2448798.17331 40.10157
2448799.17336 53.67377
2448800.17341 53.74012
2448801.17345 39.39461
2448802.17350 52.34951
2448803.17354 45.72430
2448804.17359 57.27868
2448805.17363 58.47856
2448806.17368 53.79599
2448807.17372 73.05301
2448808.17377 64.73597
2448809.17382 81.93941
2448810.17386 87.03577
2448811.17391 75.10764
2448812.17395 83.96364
2448813.17400 95.48322
2448814.17404 116.60169
2448815.17409 104.58887
2448816.17414 100.90373
2448817.17418 105.77411
2448818.17423 108.29850
2448819.17427 88.03750
2448820.17432 98.67690
2448821.17436 116.33970
2448822.17441 99.23617
2448823.17445 83.40935
2448824.17450 73.65761
2448825.17455 77.55739
2448826.17459 77.25681
2448827.17464 84.48175
2448828.17468 77.01498
2448829.17473 59.30598
2448830.17477 63.55195
2448831.17482 50.81802
2448832.17487 47.71865
2449018.18335 26.68959
2449019.18340 21.17424
2449020.18344 22.69984
2449021.18349 23.45177
2449022.18354 23.36687
2449023.18358 27.81651
2449024.18363 28.78874
2449025.18367 32.03620
2449026.18372 33.38948
2449027.18376 34.21455
2449028.18381 44.40389
2449029.18386 44.66139
2449030.18390 52.62624
2449031.18395 52.36844
2449032.18399 56.03098
2449033.18404 62.31048
2449034.18408 75.41009
2449035.18413 75.67719
2449036.18417 75.72091
2449037.18422 88.37828
2449038.18427 79.82988
2449039.18431 77.95843
2449040.18436 88.35774
2449041.18440 72.76113
2449042.18445 82.79705
2449043.18449 75.59778
2449044.18454 79.19937
2449045.18459 80.37358
2449046.18463 51.37688
2449047.18468 54.86135
2449048.18472 56.88911
2449049.18477 39.65382
2449050.18481 38.00871
2449051.18486 35.45899
2449052.18490 33.95643
2449053.18495 34.55750
2449054.18500 28.00036
2449055.18504 25.03496
2449056.18509 21.39704
2449057.18513 17.75052
2449058.18518 20.42107
2449059.18522 21.73142
2449060.18527 19.58836
2449061.18532 24.40263
2449062.18536 26.07336
2449063.18541 27.67333
2449064.18545 40.28576
2449065.18550 36.90169
2449066.18554 34.45055
2449067.18559 44.35170
2449068.18563 48.66151
2449069.18568 50.67678
2449070.18573 61.29923
2449071.18577 62.65016
2449072.18582 63.95767
2449073.18586 70.56058
2449074.18591 77.97548
2449075.18595 66.82340
2449076.18600 83.24549
2449077.18605 74.00097
2449078.18609 69.35392
2449079.18614 69.55990
2449080.18618 58.37071
2449081.18623 63.75412
2449082.18627 53.82775
2449083.18632 65.65172
2449084.18636 55.12194
2449085.18641 39.10942
2449086.18646 53.05845
2449087.18650 33.77120
2449088.18655 29.78700
2449089.18659 26.27764
2449090.18664 25.61573
2449091.18668 25.07974
2449092.18673 18.32553
2449093.18678 18.14005
2449094.18682 16.54144
2449095.18687 16.56248
2449096.18691 16.35133
2449097.18696 18.81869
2449098.18700 21.46622
2449099.18705 24.33231
2449100.18710 27.41802
2449101.18714 31.20345
2449102.18719 30.85431
2449103.18723 36.51276
2449104.18728 47.28271
2449105.18732 44.76697
2449106.18737 61.91087
2449107.18741 55.58379
2449108.18746 57.74847
2449109.18751 62.81346
2449110.18755 69.90848
2449111.18760 59.39161
2449112.18764 76.98631
2449113.18769 71.36956
2449114.18773 61.20862
2449115.18778 67.42885
2449116.18783 77.56709
2449117.18787 59.62998
2449118.18792 61.98988
2449119.18796 60.37494
2449120.18801 49.34275
2449121.18805 47.46973
2449122.18810 51.80405
2449123.18814 38.84629
2449124.18819 33.76770
2449125.18824 30.65994
2449126.18828 22.73522
2449127.18833 23.72103
2449128.18837 21.38986
2449129.18842 14.51754
2449130.18846 16.02081
2449131.18851 15.38577
2449132.18856 14.16008
2449133.18860 14.41723
2449134.18865 15.05220
2449135.18869 17.94590
2449136.18874 14.55707
2449137.18878 21.60674
2449138.18883 25.86219
2449139.18887 36.21304
2449140.18892 39.69496
2449141.18897 42.88764
2449142.18901 58.21337
2449143.18906 55.37106
2449144.18910 52.32626
2449145.18915 51.40857
2449146.18919 61.37864
2449147.18924 75.80924
2449148.18929 69.06265
2449149.18933 66.90230
2449150.18938 58.41753
2449151.18942 80.73962
2449152.18947 66.15875
2449153.18951 56.22865
2449154.18956 54.58269
2449155.18960 50.71108
2449156.18965 65.24879
2449157.18970 59.31808
2449158.18974 45.70336
2449159.18979 48.15967
2449160.18983 35.91988
2449161.18988 26.98708
2449162.18992 25.42235
2449163.18997 25.52686
2449164.19002 17.69039
2449165.19006 17.72395
2449166.19011 13.18276
2449167.19015 12.75560
2449168.19020 12.26776
2449169.19024 13.17939
2449170.19029 11.67180
2449171.19033 12.47919
2449172.19038 15.18186
2449173.19043 19.39044
2449174.19047 23.93748
2449175.19052 28.15438
2449176.19056 34.01496
2449177.19061 35.07258
2449178.19065 31.52871
2449179.19070 34.32491
2449180.19075 45.91159
2449181.19079 59.68183
2449182.19084 59.33109
2449183.19088 70.53991
2449184.19093 58.85846
2449185.19097 61.83174
2449186.19102 64.09444
2449187.19107 66.00298
2449188.19111 67.42168
2449189.19116 74.87806
2449190.19120 59.08316
2449191.19125 54.02272
2449192.19129 64.00517
2449193.19134 56.08149
2449194.19138 51.62068
2449195.19143 43.09163
2449196.19148 31.89172
2449197.19152 35.45745
2449383.20001 23.12336
2449384.20005 17.22647
2449385.20010 15.74974
2449386.20015 11.37506
2449387.20019 8.84745
2449388.20024 6.74813
2449389.20028 5.63751
2449390.20033 4.47827
2449391.20037 5.15718
2449392.20042 7.09002
2449393.20047 11.15982
2449394.20051 11.43452
2449395.20056 15.66277
2449396.20060 22.88256
2449397.20065 23.29465
2449398.20069 21.15981
2449399.20074 31.63911
2449400.20078 39.61705
2449401.20083 30.45313
2449402.20088 38.35562
2449403.20092 45.52728
2449404.20097 49.87236
2449405.20101 59.48412
2449406.20106 52.03699
2449407.20110 55.36577
2449408.20115 57.17139
2449409.20120 61.71972
2449410.20124 55.52072
2449411.20129 65.01578
2449412.20133 56.93478
2449413.20138 46.20633
2449414.20142 59.54369
2449415.20147 44.46370
2449416.20152 41.89054
2449417.20156 39.47237
2449418.20161 30.96722
2449419.20165 26.62452
2449420.20170 21.36365
2449421.20174 20.06856
2449422.20179 14.03425
2449423.20183 11.90951
2449424.20188 7.44430
2449425.20193 6.54492
2449426.20197 5.19513
2449427.20202 4.80407
2449428.20206 6.17075
2449429.20211 8.08088
2449430.20215 9.05075
2449431.20220 11.14139
2449432.20225 16.10982
2449433.20229 18.36904
2449434.20234 25.28322
2449435.20238 25.31587
2449436.20243 26.62754
2449437.20247 31.37657
2449438.20252 40.58154
2449439.20256 43.57524
2449440.20261 46.75788
2449441.20266 51.53488
2449442.20270 61.70654
2449443.20275 57.48441
2449444.20279 73.16919
2449445.20284 62.11868
2449446.20288 54.76650
2449447.20293 57.72644
2449448.20298 65.63719
2449449.20302 67.70185
2449450.20307 54.96656
2449451.20311 50.12279
2449452.20316 44.14898
2449453.20320 44.32375
2449454.20325 34.72453
2449455.20329 34.47560
2449456.20334 25.09249
2449457.20339 21.17986
2449458.20343 18.53004
2449459.20348 17.93943
2449460.20352 9.85527
2449461.20357 9.71661
2449462.20361 7.33223
2449463.20366 6.29239
2449464.20371 6.38882
2449465.20375 7.36045
2449466.20380 6.77608
2449467.20384 10.07817
2449468.20389 12.96641
2449469.20393 16.32229
2449470.20398 19.67082
2449471.20402 24.17681
2449472.20407 29.98598
2449473.20412 29.07497
2449474.20416 38.41790
2449475.20421 51.34908
2449476.20425 56.23293
2449477.20430 47.95700
2449478.20434 51.90863
2449479.20439 54.33865
2449480.20444 55.11032
2449481.20448 59.29467
2449482.20453 62.38826
2449483.20457 59.95494
2449484.20462 61.10585
2449485.20466 50.92330
2449486.20471 54.31829
2449487.20475 51.96483
2449488.20480 61.67178
2449489.20485 48.79137
2449490.20489 41.18105
2449491.20494 39.09548
2449492.20498 29.98116
2449493.20503 28.70728
2449494.20507 25.65633
2449495.20512 20.68477
2449496.20517 15.40880
2449497.20521 13.12619
2449498.20526 9.89350
2449499.20530 8.20679
2449500.20535 5.90347
2449501.20539 7.34866
2449502.20544 8.07906
2449503.20549 8.50391
2449504.20553 13.70233
2449505.20558 16.20635
2449506.20562 20.07586
2449507.20567 21.20184
2449508.20571 25.98301
2449509.20576 26.97422
2449510.20580 40.92883
2449511.20585 42.50275
2449512.20590 45.61394
2449513.20594 51.29773
2449514.20599 56.82687
2449515.20603 59.97422
2449516.20608 57.81782
2449517.20612 73.23217
2449518.20617 60.48900
2449519.20622 61.47519
2449520.20626 71.48653
2449521.20631 63.04432
2449522.20635 66.04357
2449523.20640 51.08711
2449524.20644 52.19384
2449525.20649 48.90607
2449526.20653 37.68407
2449527.20658 42.37030
2449528.20663 37.69128
2449529.20667 36.33065
2449530.20672 31.04863
2449531.20676 29.36222
2449532.20681 23.57304
2449533.20685 16.18266
2449534.20690 13.07964
2449535.20695 12.46548
2449536.20699 9.89226
2449537.20704 8.76904
2449538.20708 9.87919
2449539.20713 9.96021
2449540.20717 11.11971
2449541.20722 11.64667
2449542.20726 15.17431
2449543.20731 21.28140
2449544.20736 21.42645
2449545.20740 25.00954
2449546.20745 35.77760
2449547.20749 34.27439
2449548.20754 42.60287
2449549.20758 51.89270
2449550.20763 53.12118
2449551.20768 60.35162
2449552.20772 57.56647
2449553.20777 47.85239
2449554.20781 65.46803
2449555.20786 67.18046
2449556.20790 72.07843
2449557.20795 61.29697
2449558.20799 62.32940
2449559.20804 66.31940
2449560.20809 64.32179
2449561.20813 55.27550
2449562.20818 58.80911
2449749.21671 52.53409
2449750.21676 43.83699
2449751.21680 50.25319
2449752.21685 41.29220
2449753.21689 39.85293
2449754.21694 34.93823
2449755.21698 30.13566
2449756.21703 29.75976
2449757.21708 28.98829
2449758.21712 26.19378
2449759.21717 26.10166
2449760.21721 25.91380
2449761.21726 29.79610
2449762.21730 29.27626
2449763.21735 33.25281
2449764.21740 38.11008
2449765.21744 38.93044
2449766.21749 40.05114
2449767.21753 49.90624
2449768.21758 53.69133
2449769.21762 50.31957
2449770.21767 56.70726
2449771.21771 66.33650
2449772.21776 63.93569
2449773.21781 72.81899
2449774.21785 75.10219
2449775.21790 75.43940
2449776.21794 83.70476
2449777.21799 75.75994
2449778.21803 90.18282
2449779.21808 81.93551
2449780.21813 67.61643
2449781.21817 68.01902
2449782.21822 79.19145
2449783.21826 74.50857
2449784.21831 68.31565
2449785.21835 60.90005
2449786.21840 59.12742
2449787.21844 42.70609
2449788.21849 39.93611
2449789.21854 37.50142
2449790.21858 36.59039
2449791.21863 31.51125
2449792.21867 34.94466
2449793.21872 27.42518
2449794.21876 26.93396
2449795.21881 27.03238
2449796.21886 23.71422
2449797.21890 30.85178
2449798.21895 27.15520
2449799.21899 31.90301
2449800.21904 32.87539
2449801.21908 42.35639
2449802.21913 44.77823
2449803.21917 42.31530
2449804.21922 56.41524
2449805.21927 53.64624
2449806.21931 65.12161
2449807.21936 73.99814
2449808.21940 75.64148
2449809.21945 66.70539
2449810.21949 80.55590
2449811.21954 78.94390
2449812.21959 82.37486
2449813.21963 86.45802
2449814.21968 79.87358
2449815.21972 82.35739
2449816.21977 67.81903
2449817.21981 83.93486
2449818.21986 79.40837
2449819.21991 71.23295
2449820.21995 77.71580
2449821.22000 73.87739
2449822.22004 69.77258
2449823.22009 65.55547
2449824.22013 53.93442
2449825.22018 54.67638
2449826.22022 46.60605
2449827.22027 42.43534
2449828.22032 33.74498
2449829.22036 40.79137
2449830.22041 37.21282
2449831.22045 36.46897
2449832.22050 35.17466
2449833.22054 38.43938
2449834.22059 35.94182
2449835.22064 29.42617
2449836.22068 40.52723
2449837.22073 43.93013
2449838.22077 51.12317
2449839.22082 50.19743
2449840.22086 54.04450
2449841.22091 58.41488
2449842.22095 55.64338
2449843.22100 69.94272
2449844.22105 76.50274
2449845.22109 66.79461
2449846.22114 85.01598
2449847.22118 82.83217
2449848.22123 92.92327
2449849.22127 94.11884
2449850.22132 95.08321
2449851.22137 89.28107
2449852.22141 81.52305
2449853.22146 103.36332
2449854.22150 83.83112
2449855.22155 94.01332
2449856.22159 83.20821
2449857.22164 79.18682
2449858.22168 82.56068
2449859.22173 67.33337
2449860.22178 55.07512
2449861.22182 64.89344
2449862.22187 53.74346
2449863.22191 54.32433
2449864.22196 44.68861
2449865.22200 40.27450
2449866.22205 40.68784
2449867.22210 41.70780
2449868.22214 35.96322
2449869.22219 41.60296
2449870.22223 42.97525
2449871.22228 40.78196
2449872.22232 37.77011
2449873.22237 35.80574
2449874.22241 38.84048
2449875.22246 45.96308
2449876.22251 47.82329
2449877.22255 62.49576
2449878.22260 45.30736
2449879.22264 74.54382
2449880.22269 73.85424
2449881.22273 84.72661
2449882.22278 65.70210
2449883.22283 95.95917
2449884.22287 87.84535
2449885.22292 98.33384
2449886.22296 83.31072
2449887.22301 84.54807
2449888.22305 99.75504
2449889.22310 106.66233
2449890.22315 82.34374
2449891.22319 95.39200
2449892.22324 73.49261
2449893.22328 87.42006
2449894.22333 74.52054
2449895.22337 71.15476
2449896.22342 66.51154
2449897.22346 72.91215
2449898.22351 53.22158
2449899.22356 43.92212
2449900.22360 52.81009
2449901.22365 48.68665
2449902.22369 49.23611
2449903.22374 38.52169
2449904.22378 51.71590
2449905.22383 44.55857
2449906.22388 41.61051
2449907.22392 41.22674
2449908.22397 37.98040
2449909.22401 41.93116
2449910.22406 47.51674
2449911.22410 51.09904
2449912.22415 63.65562
2449913.22419 55.46968
2449914.22424 57.32339
2449915.22429 67.25935
2449916.22433 64.25552
2449917.22438 67.04508
2449918.22442 86.84208
2449919.22447 75.68983
2449920.22451 91.79401
2449921.22456 88.23608
2449922.22461 88.82632
2449923.22465 90.37598
2449924.22470 117.19917
2449925.22474 106.60049
2449926.22479 95.04957
2449927.22483 76.08902
2449928.22488 90.60225
2450114.23337 118.70813
2450115.23341 100.93272
2450116.23346 113.20625
2450117.23350 109.80364
2450118.23355 93.53177
2450119.23359 75.68722
2450120.23364 98.61529
2450121.23369 90.16020
2450122.23373 74.52663
2450123.23378 72.28901
2450124.23382 74.27991
2450125.23387 71.18239
2450126.23391 78.68176
2450127.23396 68.21294
2450128.23401 64.77958
2450129.23405 79.40983
2450130.23410 64.73979
2450131.23414 54.77147
2450132.23419 66.28246
2450133.23423 77.31186
2450134.23428 91.33990
2450135.23433 92.93168
2450136.23437 109.36540
2450137.23442 106.24090
2450138.23446 104.86775
2450139.23451 107.02533
2450140.23455 125.57303
2450141.23460 92.82339
2450142.23464 124.43408
2450143.23469 122.82154
2450144.23474 119.73889
2450145.23478 116.83408
2450146.23483 119.09481
2450147.23487 120.00803
2450148.23492 135.86210
2450149.23496 119.05713
2450150.23501 132.58872
2450151.23506 108.67763
2450152.23510 122.67263
2450153.23515 113.70275
2450154.23519 125.79973
2450155.23524 102.87386
2450156.23528 100.71481
2450157.23533 96.59852
2450158.23537 97.67959
2450159.23542 98.02029
2450160.23547 83.65744
2450161.23551 77.09585
2450162.23556 90.22973
2450163.23560 65.29647
2450164.23565 74.45070
2450165.23569 92.41258
2450166.23574 80.03674
2450167.23579 81.16972
2450168.23583 77.03870
2450169.23588 85.46858
2450170.23592 82.71322
2450171.23597 87.80530
2450172.23601 94.13468
2450173.23606 93.24100
2450174.23610 85.91413
2450175.23615 113.55082
2450176.23620 103.75605
2450177.23624 109.38382
2450178.23629 118.11294
2450179.23633 109.42818
2450180.23638 122.11037
2450181.23642 123.83556
2450182.23647 113.87428
2450183.23652 138.64880
2450184.23656 126.19704
2450185.23661 142.80225
2450186.23665 131.47893
2450187.23670 126.64623
2450188.23674 107.12163
2450189.23679 93.12195
2450190.23683 123.83882
2450191.23688 106.72167
2450192.23693 105.52962
2450193.23697 81.15762
2450194.23702 93.90110
2450195.23706 96.73912
2450196.23711 76.92646
2450197.23715 90.13634
2450198.23720 73.76645
2450199.23725 88.38676
2450200.23729 76.07533
2450201.23734 75.53965
2450202.23738 79.14266
2450203.23743 88.20273
2450204.23747 70.66581
2450205.23752 82.82661
2450206.23757 80.64815
2450207.23761 78.16630
2450208.23766 89.97594
2450209.23770 89.39431
2450210.23775 97.27315
2450211.23779 116.87927
2450212.23784 111.19776
2450213.23788 116.32608
2450214.23793 123.60643
2450215.23798 108.26640
2450216.23802 118.78763
2450217.23807 127.46091
2450218.23811 131.67506
2450219.23816 140.21359
2450220.23820 136.89099
2450221.23825 117.82957
2450222.23830 136.28878
2450223.23834 141.40438
2450224.23839 118.27581
2450225.23843 119.43056
2450226.23848 95.35667
2450227.23852 117.10967
2450228.23857 108.63761
2450229.23861 117.03461
2450230.23866 102.13567
2450231.23871 127.47194
2450232.23875 108.80073
2450233.23880 100.68156
2450234.23884 95.17042
2450235.23889 75.92844
2450236.23893 82.98425
2450237.23898 81.48624
2450238.23903 94.12571
2450239.23907 84.99448
2450240.23912 86.81427
2450241.23916 89.61081
2450242.23921 79.51743
2450243.23925 102.28219
2450244.23930 88.10426
2450245.23934 105.25784
2450246.23939 110.41123
2450247.23944 98.90718
2450248.23948 112.76315
2450249.23953 117.22411
2450250.23957 116.90936
2450251.23962 131.70679
2450252.23966 131.53028
2450253.23971 124.53513
2450254.23976 136.53083
2450255.23980 125.72743
2450256.23985 165.96840
2450257.23989 118.65804
2450258.23994 140.33655
2450259.23998 131.14817
2450260.24003 136.30824
2450261.24007 121.72864
2450262.24012 135.32400
2450263.24017 138.62167
2450264.24021 125.22231
2450265.24026 138.82469
2450266.24030 103.56967
2450267.24035 123.09279
2450268.24039 100.89104
2450269.24044 103.00489
2450270.24049 107.84097
2450271.24053 92.96849
2450272.24058 73.18556
2450273.24062 90.78119
2450274.24067 88.40990
2450275.24071 77.65082
2450276.24076 75.95446
2450277.24080 94.70747
2450278.24085 93.06474
2450279.24090 90.61658
2450280.24094 90.91622
2450281.24099 106.31819
2450282.24103 113.71707
2450283.24108 87.32650
2450284.24112 124.85460
2450285.24117 115.60209
2450286.24122 106.80262
2450287.24126 137.55998
2450288.24131 134.91642
2450289.24135 125.85561
2450290.24140 117.12018
2450291.24144 125.61166
2450292.24149 145.77385
2450293.24154 113.31164
2450479.25002 151.10356
2450480.25007 159.01213
2450481.25011 165.84300
2450482.25016 163.36295
2450483.25021 148.73293
2450484.25025 152.59531
2450485.25030 157.55320
2450486.25034 141.11621
2450487.25039 109.88752
2450488.25043 106.05492
2450489.25048 120.91229
2450490.25052 116.87435
2450491.25057 131.15088
2450492.25062 123.13023
2450493.25066 101.72231
2450494.25071 131.04300
2450495.25075 117.06288
2450496.25080 100.63409
2450497.25084 112.43192
2450498.25089 109.11468
2450499.25094 97.90135
2450500.25098 86.93329
2450501.25103 121.62889
2450502.25107 101.10145
2450503.25112 125.67034
2450504.25116 122.49991
2450505.25121 131.10125
2450506.25125 134.63526
2450507.25130 127.70621
2450508.25135 138.78967
2450509.25139 126.14060
2450510.25144 147.30004
2450511.25148 144.14639
2450512.25153 123.76061
2450513.25157 139.29075
2450514.25162 136.90406
2450515.25167 147.91007
2450516.25171 150.63655
2450517.25176 174.28631
2450518.25180 155.60769
2450519.25185 162.10361
2450520.25189 147.36666
2450521.25194 147.72501
2450522.25199 153.16071
2450523.25203 153.43938
2450524.25208 119.54413
2450525.25212 118.11602
2450526.25217 141.70229
2450527.25221 107.55046
2450528.25226 123.74421
2450529.25230 101.97926
2450530.25235 102.92540
2450531.25240 104.25344
2450532.25244 108.02016
2450533.25249 107.99025
2450534.25253 122.85169
2450535.25258 100.25031
2450536.25262 109.43123
2450537.25267 113.40170
2450538.25272 135.27866
2450539.25276 123.83209
2450540.25281 129.99511
2450541.25285 143.54921
2450542.25290 161.08061
2450543.25294 139.29670
2450544.25299 129.35942
2450545.25303 165.29013
2450546.25308 155.71626
2450547.25313 165.43179
2450548.25317 158.72244
2450549.25322 173.89916
2450550.25326 134.23718
2450551.25331 160.07591
2450552.25335 141.78526
2450553.25340 165.84819
2450554.25345 178.45524
2450555.25349 179.16418
2450556.25354 173.20679
2450557.25358 130.63053
2450558.25363 139.24129
2450559.25367 166.08321
2450560.25372 122.52856
2450561.25376 140.67780
2450562.25381 127.14130
2450563.25386 119.86574
2450564.25390 91.74439
2450565.25395 116.37883
2450566.25399 126.08543
2450567.25404 110.22830
2450568.25408 119.13509
2450569.25413 115.09534
2450570.25418 109.37111
2450571.25422 101.04798
2450572.25427 104.15664
2450573.25431 108.76587
2450574.25436 98.66476
2450575.25440 99.42290
2450576.25445 122.94687
2450577.25449 128.82783
2450578.25454 132.82101
2450579.25459 116.14324
2450580.25463 138.69461
2450581.25468 151.51220
2450582.25472 136.41154
2450583.25477 148.76028
2450584.25481 154.07467
2450585.25486 169.91104
2450586.25491 164.14502
2450587.25495 177.75349
2450588.25500 168.92496
2450589.25504 149.56135
2450590.25509 146.96922
2450591.25513 171.52829
2450592.25518 136.69938
2450593.25522 194.82680
2450594.25527 172.77084
2450595.25532 139.64624
2450596.25536 133.77270
2450597.25541 119.68591
2450598.25545 172.97008
2450599.25550 142.16491
2450600.25554 134.52323
2450601.25559 132.83563
2450602.25564 100.32360
2450603.25568 102.68501
2450604.25573 113.94829
2450605.25577 112.40490
2450606.25582 115.37028
2450607.25586 104.61943
2450608.25591 96.27462
2450609.25596 113.92167
2450610.25600 97.26124
2450611.25605 113.89762
2450612.25609 116.54260
2450613.25614 118.84392
2450614.25618 106.25001
2450615.25623 129.26722
2450616.25627 109.50134
2450617.25632 132.82891
2450618.25637 155.26924
2450619.25641 141.32322
2450620.25646 123.98065
2450621.25650 159.69681
2450622.25655 185.03558
2450623.25659 141.00866
2450624.25664 186.48456
2450625.25669 148.23448
2450626.25673 160.84132
2450627.25678 174.67031
2450628.25682 149.35791
2450629.25687 130.33241
2450630.25691 149.10440
2450631.25696 190.70516
2450632.25700 140.42244
2450633.25705 145.01002
2450634.25710 145.01471
2450635.25714 148.24616
2450636.25719 155.14483
2450637.25723 145.65680
2450638.25728 129.34900
2450639.25732 117.43056
2450640.25737 135.60181
2450641.25742 114.51671
2450642.25746 119.20992
2450643.25751 113.46148
2450644.25755 116.05529
2450645.25760 117.29605
2450646.25764 110.62866
2450647.25769 130.03461
2450648.25773 120.32905
2450649.25778 118.19793
2450650.25783 116.33766
2450651.25787 121.49234
2450652.25792 140.27752
2450653.25796 138.25653
2450654.25801 145.89813
2450655.25805 164.21671
2450656.25810 143.65085
2450657.25815 172.67372
2450658.25819 165.84703
2450844.26668 173.73133
2450845.26672 173.14916
2450846.26677 149.72270
2450847.26682 155.43992
2450848.26686 141.38454
2450849.26691 202.49468
2450850.26695 169.34500
2450851.26700 166.71923
2450852.26704 178.80444
2450853.26709 147.46621
2450854.26714 171.63450
2450855.26718 139.76421
2450856.26723 153.17546
2450857.26727 166.92941
2450858.26732 117.63758
2450859.26736 115.14749
2450860.26741 106.64571
2450861.26745 121.85009
2450862.26750 119.72043
2450863.26755 131.86666
2450864.26759 118.33213
2450865.26764 103.61466
2450866.26768 115.52600
2450867.26773 125.71614
2450868.26777 119.75991
2450869.26782 94.01114
2450870.26787 110.99334
2450871.26791 136.51705
2450872.26796 107.14723
2450873.26800 141.29980
2450874.26805 147.25268
2450875.26809 127.18124
2450876.26814 148.41914
2450877.26818 168.01739
2450878.26823 139.68634
2450879.26828 154.84795
2450880.26832 160.82206
2450881.26837 156.79322
2450882.26841 140.67492
2450883.26846 172.58896
2450884.26850 165.37061
2450885.26855 171.49916
2450886.26860 168.59023
2450887.26864 163.72673
2450888.26869 159.96435
2450889.26873 148.13921
2450890.26878 161.13064
2450891.26882 147.71097
2450892.26887 133.30408
2450893.26891 149.99727
2450894.26896 135.86291
2450895.26901 110.76849
2450896.26905 131.65901
2450897.26910 136.79061
2450898.26914 114.73100
2450899.26919 131.91090
2450900.26923 124.06648
2450901.26928 106.63600
2450902.26933 107.17973
2450903.26937 118.36364
2450904.26942 130.53088
2450905.26946 103.02370
2450906.26951 85.99930
2450907.26955 122.09516
2450908.26960 126.44222
2450909.26964 122.61146
2450910.26969 150.99765
2450911.26974 109.09259
2450912.26978 140.40195
2450913.26983 143.50677
2450914.26987 130.81943
2450915.26992 186.41004
2450916.26996 150.33298
2450917.27001 142.38106
2450918.27006 141.67695
2450919.27010 145.21080
2450920.27015 140.57449
2450921.27019 181.08545
2450922.27024 149.40701
2450923.27028 139.84893
2450924.27033 151.89571
2450925.27038 139.37731
2450926.27042 159.21575
2450927.27047 149.81293
2450928.27051 144.71933
2450929.27056 140.98155
2450930.27060 150.30092
2450931.27065 129.60195
2450932.27069 111.92036
2450933.27074 129.04537
2450934.27079 129.05658
2450935.27083 116.57176
2450936.27088 99.87059
2450937.27092 135.36241
2450938.27097 110.14963
2450939.27101 113.52791
2450940.27106 113.97646
2450941.27111 96.71432
2450942.27115 90.59433
2450943.27120 116.53827
2450944.27124 105.08039
2450945.27129 115.18593
2450946.27133 133.23093
2450947.27138 130.20740
2450948.27142 147.01696
2450949.27147 115.54307
2450950.27152 147.91535
2450951.27156 152.36212
2450952.27161 144.63123
2450953.27165 110.06155
2450954.27170 144.69315
2450955.27174 162.29620
2450956.27179 161.65203
2450957.27184 167.24069
2450958.27188 124.43239
2450959.27193 143.40405
2450960.27197 158.54780
2450961.27202 160.42500
2450962.27206 157.31100
2450963.27211 168.10662
2450964.27215 145.06031
2450965.27220 136.57134
2450966.27225 128.74289
2450967.27229 128.88692
2450968.27234 109.51380
2450969.27238 120.11091
2450970.27243 117.23664
2450971.27247 122.00455
2450972.27252 127.87394
2450973.27257 124.00395
2450974.27261 100.83686
2450975.27266 117.78885
2450976.27270 110.15291
2450977.27275 88.12300
2450978.27279 125.66144
2450979.27284 97.81535
2450980.27288 115.99549
2450981.27293 112.81628
2450982.27298 126.87683
2450983.27302 130.97386
2450984.27307 123.51537
2450985.27311 118.27319
2450986.27316 146.58479
2450987.27320 138.72916
2450988.27325 123.28040
2450989.27330 165.56878
2450990.27334 156.38195
2450991.27339 120.31047
2450992.27343 160.94068
2450993.27348 186.28765
2450994.27352 161.93374
2450995.27357 149.40335
2450996.27362 157.47924
2450997.27366 166.07959
2450998.27371 160.69405
2450999.27375 154.87933
2451000.27380 138.72929
2451001.27384 140.78960
2451002.27389 148.13351
2451003.27393 122.59822
2451004.27398 121.61899
2451005.27403 122.25281
2451006.27407 143.27972
2451007.27412 127.26747
2451008.27416 111.04112
2451009.27421 126.96961
2451010.27425 101.76746
2451011.27430 98.75125
2451012.27435 113.40227
2451013.27439 113.99930
2451014.27444 87.14790
2451015.27448 112.84479
2451016.27453 94.25954
2451017.27457 114.77123
2451018.27462 111.61700
2451019.27466 115.12497
2451020.27471 133.95473
2451021.27476 124.61023
2451022.27480 135.35508
2451023.27485 150.94691
2451209.28333 119.87080
2451210.28338 115.48709
2451211.28343 107.02479
2451212.28347 120.39480
2451213.28352 115.95031
2451214.28356 147.94498
2451215.28361 142.83577
2451216.28365 134.94754
2451217.28370 144.64194
2451218.28375 138.39875
2451219.28379 107.92622
2451220.28384 153.77424
2451221.28388 117.50200
2451222.28393 151.55532
2451223.28397 131.06235
2451224.28402 118.50404
2451225.28406 101.60954
2451226.28411 106.60290
2451227.28416 111.77036
2451228.28420 100.45856
2451229.28425 100.08202
2451230.28429 103.15785
2451231.28434 89.22173
2451232.28438 89.27861
2451233.28443 71.71844
2451234.28448 87.88556
2451235.28452 86.89555
2451236.28457 84.14429
2451237.28461 90.88657
2451238.28466 80.64973
2451239.28470 94.81496
2451240.28475 89.06432
2451241.28480 119.35201
2451242.28484 88.43066
2451243.28489 123.45390
2451244.28493 108.40693
2451245.28498 110.49357
2451246.28502 108.29102
2451247.28507 123.47823
2451248.28511 114.42361
2451249.28516 117.14652
2451250.28521 127.20600
2451251.28525 123.91571
2451252.28530 169.77121
2451253.28534 129.75504
2451254.28539 124.30810
2451255.28543 112.32990
2451256.28548 137.44922
2451257.28553 137.34926
2451258.28557 149.41399
2451259.28562 124.61565
2451260.28566 111.56671
2451261.28571 121.60997
2451262.28575 114.83979
2451263.28580 107.09107
2451264.28584 125.11784
2451265.28589 101.11223
2451266.28594 89.39440
2451267.28598 81.34564
2451268.28603 87.21215
2451269.28607 92.61436
2451270.28612 78.74338
2451271.28616 73.25066
2451272.28621 82.70302
2451273.28626 83.82176
2451274.28630 84.61339
2451275.28635 95.53755
2451276.28639 80.50910
2451277.28644 84.05741
2451278.28648 87.36474
2451279.28653 85.60306
2451280.28657 116.84779
2451281.28662 114.63991
2451282.28667 117.02442
2451283.28671 113.10159
2451284.28676 108.57499
2451285.28680 106.91372
2451286.28685 115.08315
2451287.28689 120.03413
2451288.28694 108.61571
2451289.28699 125.05992
2451290.28703 113.60178
2451291.28708 142.98179
2451292.28712 131.41793
2451293.28717 115.74310
2451294.28721 104.36840
2451295.28726 124.35996
2451296.28730 119.80258
2451297.28735 115.80300
2451298.28740 108.36931
2451299.28744 102.29365
2451300.28749 96.25420
2451301.28753 87.51169
2451302.28758 95.26783
2451303.28762 78.16279
2451304.28767 86.31522
2451305.28772 67.97015
2451306.28776 90.45813
2451307.28781 69.26273
2451308.28785 76.16257
2451309.28790 75.73450
2451310.28794 60.30941
2451311.28799 87.18638
2451312.28804 60.38653
2451313.28808 78.12076
2451314.28813 88.52914
2451315.28817 85.98852
2451316.28822 89.01889
2451317.28826 81.16431
2451318.28831 87.95002
2451319.28835 111.07608
2451320.28840 105.64827
2451321.28845 127.26848
2451322.28849 109.28427
2451323.28854 116.36410
2451324.28858 122.25394
2451325.28863 142.06375
2451326.28867 119.45860
2451327.28872 115.44803
2451328.28877 116.09994
2451329.28881 119.78785
2451330.28886 129.61183
2451331.28890 142.60789
2451332.28895 121.01977
2451333.28899 102.27086
2451334.28904 114.86908
2451335.28908 103.70606
2451336.28913 102.95489
2451337.28918 109.47786
2451338.28922 97.64428
2451339.28927 79.67679
2451340.28931 77.84408
2451341.28936 83.02555
2451342.28940 81.37000
2451343.28945 70.65773
2451344.28950 71.61899
2451345.28954 75.07439
2451346.28959 78.90473
2451347.28963 57.22799
2451348.28968 68.26054
2451349.28972 82.54767
2451350.28977 85.21786
2451351.28981 76.42625
2451352.28986 83.20080
2451353.28991 79.94056
2451354.28995 105.72999
2451355.29000 105.51461
2451356.29004 108.45975
2451357.29009 104.95657
2451358.29013 103.71081
2451359.29018 110.23041
2451360.29023 123.94193
2451361.29027 108.07552
2451362.29032 132.40022
2451363.29036 152.04030
2451364.29041 120.28866
2451365.29045 110.75905
2451366.29050 119.75835
2451367.29054 117.15693
2451368.29059 124.68160
2451369.29064 104.93370
2451370.29068 116.89557
2451371.29073 100.45073
2451372.29077 98.38642
2451373.29082 100.01536
2451374.29086 92.28809
2451375.29091 99.71943
2451376.29096 79.00111
2451377.29100 86.05299
2451378.29105 73.38365
2451379.29109 72.91581
2451380.29114 81.68366
2451381.29118 73.13304
2451382.29123 62.90353
2451383.29127 52.25282
2451384.29132 61.28068
2451385.29137 65.02572
2451386.29141 65.35935
2451387.29146 74.37107
2451388.29150 78.74347
2451575.30004 62.19376
2451576.30008 78.20510
2451577.30013 79.32140
2451578.30017 71.27441
2451579.30022 76.31782
2451580.30026 77.49730
2451581.30031 94.26110
2451582.30036 95.88193
2451583.30040 103.09186
2451584.30045 71.62045
2451585.30049 99.48775
2451586.30054 116.08690
2451587.30058 90.43204
2451588.30063 99.48301
2451589.30068 109.88344
2451590.30072 90.39045
2451591.30077 92.06653
2451592.30081 97.57015
2451593.30086 78.63868
2451594.30090 70.09937
2451595.30095 64.89977
2451596.30099 66.22610
2451597.30104 59.63947
2451598.30109 52.94656
2451599.30113 67.77463
2451600.30118 45.03518
2451601.30122 37.02537
2451602.30127 47.21505
2451603.30131 42.93239
2451604.30136 37.54114
2451605.30141 38.01901
2451606.30145 39.46491
2451607.30150 36.64380
2451608.30154 45.03158
2451609.30159 47.43031
2451610.30163 57.43014
2451611.30168 66.54195
2451612.30172 63.85555
2451613.30177 61.58006
2451614.30182 64.29152
2451615.30186 81.89477
2451616.30191 77.02096
2451617.30195 78.08757
2451618.30200 69.42274
2451619.30204 92.57680
2451620.30209 91.56221
2451621.30214 95.58568
2451622.30218 83.00854
2451623.30223 96.77446
2451624.30227 94.07692
2451625.30232 87.06969
2451626.30236 83.66753
2451627.30241 83.68051
2451628.30246 88.27474
2451629.30250 72.23396
2451630.30255 68.81469
2451631.30259 63.68243
2451632.30264 74.71490
2451633.30268 49.74940
2451634.30273 53.84060
2451635.30277 48.24534
2451636.30282 39.85892
2451637.30287 42.79180
2451638.30291 27.18843
2451639.30296 34.13288
2451640.30300 33.17775
2451641.30305 34.01447
2451642.30309 36.68667
2451643.30314 38.17793
2451644.30319 36.40911
2451645.30323 50.85263
2451646.30328 37.94165
2451647.30332 56.37888
2451648.30337 59.51239
2451649.30341 54.17608
2451650.30346 66.18570
2451651.30350 60.18049
2451652.30355 76.98077
2451653.30360 71.00657
2451654.30364 72.98516
2451655.30369 80.48872
2451656.30373 71.16076
2451657.30378 84.65739
2451658.30382 91.31395
2451659.30387 82.81391
2451660.30392 103.26103
2451661.30396 75.99650
2451662.30401 76.71037
2451663.30405 85.07682
2451664.30410 73.69984
2451665.30414 67.57694
2451666.30419 68.34452
2451667.30423 70.63053
2451668.30428 71.81532
2451669.30433 61.49085
2451670.30437 44.08520
2451671.30442 47.19406
2451672.30446 43.00822
2451673.30451 43.19731
2451674.30455 39.29355
2451675.30460 37.84840
2451676.30465 31.66033
2451677.30469 35.55030
2451678.30474 37.09310
2451679.30478 32.02742
2451680.30483 38.25973
2451681.30487 35.49990
2451682.30492 40.17028
2451683.30496 46.57542
2451684.30501 46.82367
2451685.30506 58.60008
2451686.30510 45.47341
2451687.30515 52.65755
2451688.30519 56.79231
2451689.30524 62.11542
2451690.30528 77.07207
2451691.30533 76.21075
2451692.30538 78.81382
2451693.30542 74.43548
2451694.30547 91.24669
2451695.30551 87.35774
2451696.30556 75.65797
2451697.30560 64.45124
2451698.30565 90.66808
2451699.30569 84.38830
2451700.30574 71.85888
2451701.30579 72.54554
2451702.30583 74.33771
2451703.30588 66.23807
2451704.30592 79.91480
2451705.30597 56.63186
2451706.30601 57.55808
2451707.30606 48.07020
2451708.30611 42.83329
2451709.30615 42.06366
2451710.30620 37.93512
2451711.30624 33.25022
2451712.30629 34.01721
2451713.30633 28.32807
2451714.30638 25.43796
2451715.30643 28.13173
2451716.30647 30.94510
2451717.30652 29.66507
2451718.30656 27.15151
2451719.30661 31.34626
2451720.30665 41.11922
2451721.30670 43.66710
2451722.30674 45.93815
2451723.30679 47.46574
2451724.30684 53.78673
2451725.30688 52.73030
2451726.30693 76.40684
2451727.30697 62.53357
2451728.30702 73.43095
2451729.30706 87.86583
2451730.30711 76.87518
2451731.30716 94.20755
2451732.30720 78.11995
2451733.30725 96.82784
2451734.30729 76.59413
2451735.30734 76.89461
2451736.30738 84.25965
2451737.30743 66.84815
2451738.30747 76.82263
2451739.30752 55.31571
2451740.30757 64.77945
2451741.30761 62.83621
2451742.30766 51.31272
2451743.30770 47.38037
2451744.30775 49.24947
2451745.30779 37.86494
2451746.30784 35.18757
2451747.30789 31.48989
2451748.30793 29.56390
2451749.30798 35.55646
2451750.30802 29.08065
2451751.30807 26.91472
2451752.30811 27.32204
2451753.30816 25.16448
2451754.30820 24.16859
2451940.31669 18.37143
2451941.31674 24.60749
2451942.31678 27.10109
2451943.31683 25.58215
2451944.31688 33.01528
2451945.31692 38.23009
2451946.31697 38.97458
2451947.31701 48.45213
2451948.31706 55.21805
2451949.31710 45.45182
2451950.31715 64.12766
2451951.31719 56.18352
2451952.31724 59.22281
2451953.31729 77.37798
2451954.31733 63.92811
2451955.31738 67.11813
2451956.31742 63.09567
2451957.31747 52.43094
2451958.31751 72.79965
2451959.31756 49.26247
2451960.31761 60.76049
2451961.31765 46.48081
2451962.31770 47.09801
2451963.31774 45.74464
2451964.31779 40.32053
2451965.31783 33.34565
2451966.31788 24.03541
2451967.31792 25.48329
2451968.31797 21.79472
2451969.31802 21.26669
2451970.31806 19.51069
2451971.31811 13.77721
2451972.31815 13.63720
2451973.31820 11.00916
2451974.31824 11.43829
2451975.31829 13.78192
2451976.31834 16.44261
2451977.31838 13.58017
2451978.31843 21.74266
2451979.31847 24.87611
2451980.31852 28.27594
2451981.31856 30.96820
2451982.31861 35.32705
2451983.31865 38.35824
2451984.31870 38.43081
2451985.31875 51.98797
2451986.31879 58.56326
2451987.31884 51.81364
2451988.31888 62.80603
2451989.31893 55.36455
2451990.31897 65.45659
2451991.31902 61.64151
2451992.31907 70.20102
2451993.31911 63.09288
2451994.31916 60.80930
2451995.31920 62.94193
2451996.31925 59.36127
2451997.31929 54.04812
2451998.31934 53.78675
2451999.31938 43.83862
2452000.31943 39.32732
2452001.31948 34.90946
2452002.31952 31.73259
2452003.31957 31.83122
2452004.31961 26.23313
2452005.31966 21.26300
2452006.31970 15.27585
2452007.31975 14.78995
2452008.31980 10.57974
2452009.31984 12.55052
2452010.31989 10.64714
2452011.31993 12.03416
2452012.31998 11.74655
2452013.32002 13.68131
2452014.32007 16.38190
2452015.32011 14.87775
2452016.32016 25.26450
2452017.32021 25.91353
2452018.32025 27.94979
2452019.32030 37.28002
2452020.32034 38.92137
2452021.32039 44.71246
2452022.32043 47.20620
2452023.32048 61.66810
2452024.32053 60.50011
2452025.32057 58.08827
2452026.32062 56.33375
2452027.32066 53.30738
2452028.32071 54.08691
2452029.32075 60.58565
2452030.32080 59.24704
2452031.32085 54.60795
2452032.32089 56.16637
2452033.32094 52.72623
2452034.32098 58.12875
2452035.32103 50.81924
2452036.32107 44.57259
2452037.32112 39.97396
2452038.32116 40.63776
2452039.32121 30.46137
2452040.32126 27.88329
2452041.32130 22.36985
2452042.32135 19.31232
2452043.32139 15.00632
2452044.32144 12.33077
2452045.32148 10.66503
2452046.32153 9.92387
2452047.32158 10.28193
2452048.32162 10.29783
2452049.32167 9.94067
2452050.32171 14.63831
2452051.32176 15.01395
2452052.32180 20.09323
2452053.32185 22.56680
2452054.32189 28.40978
2452055.32194 26.59466
2452056.32199 36.10569
2452057.32203 30.41443
2452058.32208 52.91998
2452059.32212 50.16034
2452060.32217 52.48654
2452061.32221 62.53129
2452062.32226 54.01371
2452063.32231 60.18219
2452064.32235 68.31650
2452065.32240 61.98680
2452066.32244 66.25523
2452067.32249 64.85119
2452068.32253 60.27033
2452069.32258 57.81844
2452070.32262 54.53395
2452071.32267 53.66659
2452072.32272 42.41389
2452073.32276 48.61685
2452074.32281 35.02304
2452075.32285 34.65384
2452076.32290 29.97224
2452077.32294 27.89627
2452078.32299 21.83851
2452079.32304 16.37031
2452080.32308 17.98755
2452081.32313 10.43752
2452082.32317 11.73226
2452083.32322 10.16638
2452084.32326 10.94710
2452085.32331 10.15602
2452086.32335 11.79860
2452087.32340 15.51448
2452088.32345 17.06827
2452089.32349 20.16524
2452090.32354 24.24539
2452091.32358 26.75432
2452092.32363 28.63904
2452093.32367 37.22381
2452094.32372 40.14555
2452095.32377 49.86216
2452096.32381 54.14703
2452097.32386 51.61937
2452098.32390 59.76617
2452099.32395 64.63112
2452100.32399 58.34311
2452101.32404 59.03065
2452102.32409 60.10806
2452103.32413 59.71222
2452104.32418 54.78560
2452105.32422 53.25456
2452106.32427 57.11870
2452107.32431 56.17061
2452108.32436 55.63793
2452109.32440 40.04819
2452110.32445 42.52513
2452111.32450 36.18587
2452112.32454 35.61186
2452113.32459 27.98031
2452114.32463 24.28582
2452115.32468 23.13957
2452116.32472 21.84016
2452117.32477 14.78358
2452118.32482 12.94156
2452119.32486 8.96673
2452305.33335 15.12456
2452306.33339 15.32966
2452307.33344 18.40513
2452308.33349 17.29578
2452309.33353 21.56726
2452310.33358 21.65088
2452311.33362 29.42795
2452312.33367 33.75643
2452313.33371 35.17849
2452314.33376 43.68174
2452315.33380 44.39429
2452316.33385 52.84846
2452317.33390 44.95833
2452318.33394 59.11362
2452319.33399 56.62496
2452320.33403 62.00954
2452321.33408 78.96028
2452322.33412 72.78452
2452323.33417 71.18947
2452324.33422 63.28864
2452325.33426 65.15058
2452326.33431 67.99323
2452327.33435 68.49765
2452328.33440 60.87204
2452329.33444 57.79467
2452330.33449 46.71455
2452331.33454 41.59358
2452332.33458 45.97085
2452333.33463 46.42105
2452334.33467 38.11963
2452335.33472 34.91422
2452336.33476 29.29561
2452337.33481 21.83876
2452338.33485 23.52780
2452339.33490 21.94594
2452340.33495 20.43016
2452341.33499 18.59021
2452342.33504 17.01895
2452343.33508 15.08093
2452344.33513 18.44654
2452345.33517 19.28123
2452346.33522 26.12239
2452347.33527 19.99345
2452348.33531 26.20480
2452349.33536 33.81837
2452350.33540 40.40125
2452351.33545 36.07201
2452352.33549 43.58360
2452353.33554 43.53384
2452354.33558 53.30157
2452355.33563 60.47491
2452356.33568 61.21871
2452357.33572 75.65240
2452358.33577 66.15461
2452359.33581 68.38337
2452360.33586 73.51548
2452361.33590 61.94552
2452362.33595 70.10440
2452363.33600 60.74885
2452364.33604 63.11261
2452365.33609 65.30849
2452366.33613 58.93160
2452367.33618 59.01260
2452368.33622 55.98228
2452369.33627 42.24392
2452370.33631 45.64714
2452371.33636 46.18195
2452372.33641 37.52919
2452373.33645 29.74295
2452374.33650 29.19062
2452375.33654 26.07205
2452376.33659 23.26885
2452377.33663 22.04184
2452378.33668 22.46815
2452379.33673 21.44791
2452380.33677 19.62084
2452381.33682 21.69717
2452382.33686 26.98776
2452383.33691 29.82195
2452384.33695 29.49742
2452385.33700 31.39643
2452386.33704 34.49798
2452387.33709 41.43312
2452388.33714 49.09746
2452389.33718 52.94585
2452390.33723 51.93493
2452391.33727 53.25303
2452392.33732 66.43681
2452393.33736 60.61673
2452394.33741 72.79634
2452395.33746 75.20205
2452396.33750 65.81528
2452397.33755 75.82848
2452398.33759 73.81181
2452399.33764 78.51502
2452400.33768 66.88782
2452401.33773 87.06937
2452402.33777 53.14700
2452403.33782 86.41223
2452404.33787 58.02223
2452405.33791 47.34129
2452406.33796 47.95403
2452407.33800 48.74213
2452408.33805 30.37594
2452409.33809 40.81287
2452410.33814 36.42853
2452411.33819 34.40541
2452412.33823 25.25430
2452413.33828 25.15224
2452414.33832 27.71693
2452415.33837 21.09829
2452416.33841 23.30506
2452417.33846 19.57943
2452418.33851 26.08063
2452419.33855 29.46836
2452420.33860 28.19606
2452421.33864 31.89313
2452422.33869 36.65407
2452423.33873 42.82603
2452424.33878 41.29442
2452425.33882 49.69637
2452426.33887 55.73992
2452427.33892 61.99411
2452428.33896 61.23980
2452429.33901 68.94788
2452430.33905 57.12301
2452431.33910 80.22608
2452432.33914 83.46597
2452433.33919 70.60204
2452434.33924 67.16244
2452435.33928 60.12016
2452436.33933 74.09630
2452437.33937 69.61659
2452438.33942 73.39613
2452439.33946 67.22060
2452440.33951 57.03734
2452441.33955 67.84970
2452442.33960 64.63065
2452443.33965 58.50701
2452444.33969 46.75794
2452445.33974 46.56426
2452446.33978 41.02383
2452447.33983 43.17929
2452448.33987 28.05218
2452449.33992 27.87706
2452450.33997 29.56056
2452451.34001 28.75224
2452452.34006 26.41486
2452453.34010 25.60741
2452454.34015 29.31779
2452455.34019 30.37037
2452456.34024 31.58182
2452457.34028 36.44589
2452458.34033 32.84886
2452459.34038 40.60678
2452460.34042 42.77269
2452461.34047 41.16929
2452462.34051 54.53423
2452463.34056 59.63749
2452464.34060 62.11207
2452465.34065 63.20384
2452466.34070 59.73511
2452467.34074 73.10344
2452468.34079 75.35134
2452469.34083 75.10160
2452470.34088 70.40194
2452471.34092 90.42571
2452472.34097 78.84287
2452473.34101 89.17582
2452474.34106 58.52652
2452475.34111 75.25282
2452476.34115 84.18706
2452477.34120 66.80005
2452478.34124 60.16865
2452479.34129 52.59335
2452480.34133 61.00310
2452481.34138 50.36504
2452482.34143 46.59798
2452483.34147 50.48429
2452484.34152 41.40386
2452670.35000 49.59127
2452671.35005 54.54104
2452672.35010 44.72112
2452673.35014 44.39173
2452674.35019 42.32995
2452675.35023 62.77923
2452676.35028 47.36189
2452677.35032 48.46713
2452678.35037 55.56556
2452679.35042 67.10976
2452680.35046 53.56799
2452681.35051 52.66791
2452682.35055 78.75571
2452683.35060 77.38833
2452684.35064 75.77567
2452685.35069 83.27471
2452686.35073 59.98208
2452687.35078 85.68693
2452688.35083 93.75652
2452689.35087 102.73390
2452690.35092 91.41245
2452691.35096 115.56146
2452692.35101 91.76432
2452693.35105 122.49166
2452694.35110 89.13131
2452695.35115 103.58918
2452696.35119 112.24572
2452697.35124 104.31166
2452698.35128 92.78235
2452699.35133 63.26620
2452700.35137 80.29114
2452701.35142 85.79541
2452702.35146 82.53264
2452703.35151 79.28983
2452704.35156 61.38038
2452705.35160 66.60506
2452706.35165 58.84909
2452707.35169 62.20283
2452708.35174 55.74609
2452709.35178 56.34595
2452710.35183 62.52306
2452711.35188 55.58382
2452712.35192 59.59814
2452713.35197 56.65330
2452714.35201 61.14798
2452715.35206 54.43386
2452716.35210 54.80195
2452717.35215 69.66144
2452718.35219 73.65556
2452719.35224 75.67473
2452720.35229 81.28329
2452721.35233 81.84163
2452722.35238 75.18164
2452723.35242 91.93548
2452724.35247 103.36100
2452725.35251 96.88450
2452726.35256 112.36505
2452727.35261 115.71720
2452728.35265 123.47835
2452729.35270 79.67039
2452730.35274 102.72972
2452731.35279 111.36683
2452732.35283 103.19182
2452733.35288 97.62259
2452734.35293 96.37449
2452735.35297 96.02099
2452736.35302 80.85132
2452737.35306 107.37875
2452738.35311 87.24370
2452739.35315 71.07103
2452740.35320 83.28598
2452741.35324 79.32649
2452742.35329 60.10381
2452743.35334 62.86215
2452744.35338 61.78760
2452745.35343 70.16585
2452746.35347 58.55461
2452747.35352 55.61061
2452748.35356 57.92779
2452749.35361 63.25195
2452750.35366 64.32490
2452751.35370 58.05846
2452752.35375 60.04106
2452753.35379 65.35551
2452754.35384 70.16968
2452755.35388 70.88364
2452756.35393 78.96906
2452757.35397 81.95425
2452758.35402 90.59449
2452759.35407 109.45532
2452760.35411 96.86830
2452761.35416 89.72943
2452762.35420 96.88881
2452763.35425 112.29693
2452764.35429 90.53821
2452765.35434 108.68723
2452766.35439 109.85588
2452767.35443 115.95998
2452768.35448 125.97685
2452769.35452 97.88451
2452770.35457 91.72737
2452771.35461 87.58855
2452772.35466 94.29440
2452773.35470 89.68387
2452774.35475 97.90722
2452775.35480 76.53124
2452776.35484 89.54438
2452777.35489 70.05266
2452778.35493 77.10837
2452779.35498 68.35601
2452780.35502 78.65871
2452781.35507 73.85215
2452782.35512 63.67174
2452783.35516 75.19932
2452784.35521 57.57426
2452785.35525 62.15597
2452786.35530 57.91525
2452787.35534 63.99766
2452788.35539 70.81016
2452789.35543 60.18524
2452790.35548 68.57882
2452791.35553 75.51890
2452792.35557 61.14657
2452793.35562 83.34613
2452794.35566 72.37024
2452795.35571 103.18514
2452796.35575 93.13044
2452797.35580 127.79163
2452798.35585 89.32218
2452799.35589 113.68721
2452800.35594 109.54246
2452801.35598 83.28205
2452802.35603 103.75578
2452803.35607 134.42460
2452804.35612 133.89862
2452805.35617 127.33782
2452806.35621 119.62435
2452807.35626 127.55215
2452808.35630 102.21795
2452809.35635 98.78039
2452810.35639 116.56265
2452811.35644 111.69588
2452812.35648 95.95402
2452813.35653 76.93167
2452814.35658 83.74870
2452815.35662 80.65488
2452816.35667 76.19051
2452817.35671 82.78142
2452818.35676 70.83683
2452819.35680 63.88308
2452820.35685 75.69242
2452821.35690 57.90671
2452822.35694 70.03863
2452823.35699 69.43447
2452824.35703 63.18239
2452825.35708 74.81425
2452826.35712 75.77252
2452827.35717 63.24299
2452828.35721 72.82445
2452829.35726 95.58066
2452830.35731 92.20670
2452831.35735 80.11537
2452832.35740 82.70925
2452833.35744 102.83476
2452834.35749 110.04920
2452835.35753 119.25490
2452836.35758 91.51715
2452837.35763 110.84406
2452838.35767 124.89193
2452839.35772 150.65644
2452840.35776 128.63292
2452841.35781 100.92097
2452842.35785 120.93009
2452843.35790 126.59477
2452844.35794 107.42465
2452845.35799 102.13922
2452846.35804 106.95128
2452847.35808 98.16931
2452848.35813 103.41713
2452849.35817 101.23718
2453036.36671 108.42689
2453037.36675 99.85475
2453038.36680 109.67290
2453039.36684 85.70951
2453040.36689 81.51024
2453041.36693 89.85848
2453042.36698 82.57375
2453043.36703 79.75794
2453044.36707 97.95717
2453045.36712 93.71211
2453046.36716 99.51424
2453047.36721 96.79472
2453048.36725 93.23219
2453049.36730 88.69217
2453050.36735 95.41696
2453051.36739 103.34703
2453052.36744 117.76067
2453053.36748 113.75688
2453054.36753 126.37377
2453055.36757 149.08866
2453056.36762 147.28514
2453057.36766 143.50401
2453058.36771 136.39204
2453059.36776 136.69857
2453060.36780 134.01985
2453061.36785 131.68363
2453062.36789 120.58585
2453063.36794 156.50390
2453064.36798 115.77319
2453065.36803 163.00446
2453066.36808 130.47590
2453067.36812 137.10830
2453068.36817 124.25349
2453069.36821 132.11849
2453070.36826 102.58220
2453071.36830 105.82350
2453072.36835 120.52564
2453073.36839 106.14501
2453074.36844 109.26766
2453075.36849 85.15281
2453076.36853 83.19665
2453077.36858 95.69834
2453078.36862 108.81356
2453079.36867 100.22788
2453080.36871 101.62969
2453081.36876 88.39789
2453082.36881 99.77761
2453083.36885 104.84315
2453084.36890 74.13993
2453085.36894 88.55553
2453086.36899 107.62529
2453087.36903 108.63743
2453088.36908 101.69878
2453089.36912 117.90997
2453090.36917 116.29111
2453091.36922 143.74964
2453092.36926 150.67592
2453093.36931 131.64128
2453094.36935 130.84571
2453095.36940 146.80943
2453096.36944 143.53050
2453097.36949 139.74063
2453098.36954 150.23718
2453099.36958 138.72223
2453100.36963 107.91371
2453101.36967 130.65415
2453102.36972 161.12695
2453103.36976 129.57367
2453104.36981 126.55845
2453105.36985 106.00088
2453106.36990 132.94822
2453107.36995 127.71879
2453108.36999 153.21868
2453109.37004 130.21736
2453110.37008 111.14285
2453111.37013 105.45912
2453112.37017 104.75101
2453113.37022 97.50688
2453114.37027 93.46345
2453115.37031 102.20795
2453116.37036 106.64240
2453117.37040 115.06273
2453118.37045 72.24335
2453119.37049 76.41241
2453120.37054 112.56630
2453121.37059 92.03758
2453122.37063 128.29205
2453123.37068 83.49156
2453124.37072 104.52750
2453125.37077 110.70781
2453126.37081 109.67037
2453127.37086 139.82201
2453128.37090 126.05753
2453129.37095 141.35061
2453130.37100 146.39285
2453131.37104 155.73129
2453132.37109 149.99316
2453133.37113 161.46204
2453134.37118 136.01522
2453135.37122 161.68980
2453136.37127 120.19290
2453137.37132 144.92745
2453138.37136 156.12562
2453139.37141 135.75937
2453140.37145 151.87215
2453141.37150 132.77215
2453142.37154 125.37919
2453143.37159 138.32863
2453144.37163 143.43464
2453145.37168 125.62432
2453146.37173 132.32365
2453147.37177 107.63708
2453148.37182 127.83948
2453149.37186 107.89952
2453150.37191 94.33387
2453151.37195 96.29989
2453152.37200 101.26418
2453153.37205 100.25565
2453154.37209 101.34885
2453155.37214 97.13348
2453156.37218 104.04334
2453157.37223 109.58006
2453158.37227 117.12283
2453159.37232 118.34746
2453160.37236 102.84167
2453161.37241 108.02452
2453162.37246 95.41887
2453163.37250 117.91316
2453164.37255 122.61330
2453165.37259 153.01421
2453166.37264 146.57243
2453167.37268 139.68967
2453168.37273 161.58742
2453169.37278 139.64376
2453170.37282 165.35298
2453171.37287 159.28355
2453172.37291 139.21724
2453173.37296 139.50556
2453174.37300 146.28046
2453175.37305 144.26600
2453176.37309 162.42721
2453177.37314 138.81018
2453178.37319 155.73809
2453179.37323 127.13567
2453180.37328 136.30134
2453181.37332 125.32454
2453182.37337 141.24053
2453183.37341 138.50549
2453184.37346 111.01376
2453185.37351 105.43001
2453186.37355 99.34255
2453187.37360 99.83116
2453188.37364 106.44734
2453189.37369 84.93497
2453190.37373 90.18142
2453191.37378 98.49996
2453192.37382 92.54056
2453193.37387 99.06416
2453194.37392 110.62169
2453195.37396 112.58285
2453196.37401 130.57763
2453197.37405 107.53947
2453198.37410 148.57220
2453199.37414 108.34801
2453200.37419 121.91597
2453201.37424 152.62132
2453202.37428 164.02631
2453203.37433 135.40369
2453204.37437 134.87908
2453205.37442 142.04589
2453206.37446 147.28775
2453207.37451 154.46619
2453208.37456 143.48586
2453209.37460 127.53428
2453210.37465 163.60448
2453211.37469 157.87827
2453212.37474 157.02629
2453213.37478 144.34837
2453214.37483 150.48503
2453215.37487 168.45321
2453401.38336 163.05155
2453402.38341 150.39460
2453403.38345 119.01362
2453404.38350 126.50714
2453405.38354 110.89000
2453406.38359 116.79526
2453407.38364 116.72263
2453408.38368 121.62692
2453409.38373 98.00571
2453410.38377 116.56024
2453411.38382 110.48798
2453412.38386 111.17096
2453413.38391 97.59084
2453414.38396 106.49832
2453415.38400 116.32412
2453416.38405 120.83723
2453417.38409 114.99254
2453418.38414 123.44508
2453419.38418 131.58462
2453420.38423 144.08370
2453421.38427 143.41411
2453422.38432 157.01869
2453423.38437 155.19546
2453424.38441 131.32259
2453425.38446 156.06129
2453426.38450 156.12437
2453427.38455 130.65408
2453428.38459 164.36839
2453429.38464 122.77527
2453430.38469 151.45799
2453431.38473 196.97566
2453432.38478 164.89007
2453433.38482 158.22357
2453434.38487 141.36249
2453435.38491 159.34356
2453436.38496 137.67312
2453437.38501 173.01289
2453438.38505 124.98771
2453439.38510 131.36608
2453440.38514 125.04754
2453441.38519 127.09677
2453442.38523 118.41429
2453443.38528 120.51599
2453444.38532 135.09091
2453445.38537 124.13935
2453446.38542 99.16836
2453447.38546 95.97698
2453448.38551 102.14533
2453449.38555 116.73890
2453450.38560 117.09657
2453451.38564 121.85287
2453452.38569 125.27651
2453453.38574 121.90681
2453454.38578 128.95645
2453455.38583 115.27072
2453456.38587 139.80763
2453457.38592 129.17166
2453458.38596 133.64194
2453459.38601 121.36413
2453460.38605 128.42118
2453461.38610 155.18748
2453462.38615 142.26341
2453463.38619 150.28930
2453464.38624 161.01484
2453465.38628 169.68541
2453466.38633 149.44309
2453467.38637 120.19131
2453468.38642 161.37825
2453469.38647 155.18140
2453470.38651 160.45982
2453471.38656 162.67086
2453472.38660 164.11960
2453473.38665 138.01116
2453474.38669 154.24280
2453475.38674 138.79554
2453476.38678 126.62045
2453477.38683 119.66567
2453478.38688 141.30341
2453479.38692 153.08190
2453480.38697 134.69468
2453481.38701 135.06272
2453482.38706 135.07299
2453483.38710 121.28722
2453484.38715 109.92129
2453485.38720 116.80367
2453486.38724 118.74091
2453487.38729 143.48681
2453488.38733 106.44273
2453489.38738 100.97391
2453490.38742 130.66974
2453491.38747 118.95906
2453492.38751 125.98115
2453493.38756 117.13575
2453494.38761 100.87211
2453495.38765 145.19839
2453496.38770 143.55842
2453497.38774 146.25776
2453498.38779 150.99728
2453499.38783 165.66632
2453500.38788 151.09706
2453501.38793 136.00684
2453502.38797 171.26035
2453503.38802 153.71938
2453504.38806 192.38425
2453505.38811 124.26563
2453506.38815 178.86426
2453507.38820 159.17511
2453508.38824 157.59346
2453509.38829 168.53158
2453510.38834 147.31206
2453511.38838 174.24944
2453512.38843 150.50264
2453513.38847 133.96288
2453514.38852 135.77964
2453515.38856 123.46366
2453516.38861 137.64544
2453517.38866 121.74409
2453518.38870 118.47340
2453519.38875 100.18904
2453520.38879 97.45646
2453521.38884 117.51669
2453522.38888 116.17617
2453523.38893 103.29083
2453524.38898 119.11401
2453525.38902 112.67661
2453526.38907 99.80937
2453527.38911 132.40527
2453528.38916 117.19665
2453529.38920 113.93687
2453530.38925 112.89816
2453531.38929 127.21169
2453532.38934 132.65133
2453533.38939 123.85876
2453534.38943 120.95648
2453535.38948 160.74961
2453536.38952 142.48122
2453537.38957 158.99415
2453538.38961 147.39011
2453539.38966 175.04354
2453540.38971 128.54759
2453541.38975 135.54137
2453542.38980 166.55460
2453543.38984 162.93854
2453544.38989 125.50333
2453545.38993 179.23078
2453546.38998 180.71321
2453547.39002 150.15144
2453548.39007 151.97128
2453549.39012 116.03904
2453550.39016 137.31062
2453551.39021 159.13359
2453552.39025 122.21235
2453553.39030 127.54316
2453554.39034 117.40752
2453555.39039 109.34672
2453556.39044 108.89814
2453557.39048 126.91583
2453558.39053 123.38769
2453559.39057 115.51765
2453560.39062 134.53504
2453561.39066 125.05017
2453562.39071 86.30280
2453563.39075 112.13397
2453564.39080 110.20205
2453565.39085 115.79730
2453566.39089 131.45855
2453567.39094 137.25125
2453568.39098 156.52905
2453569.39103 129.11289
2453570.39107 142.85122
2453571.39112 138.84572
2453572.39117 148.50708
2453573.39121 177.48892
2453574.39126 162.64800
2453575.39130 169.94297
2453576.39135 127.34485
2453577.39139 162.45155
2453578.39144 151.97191
2453579.39148 162.72783
2453580.39153 174.98526
2453766.40002 133.97396
2453767.40006 155.53872
2453768.40011 131.43255
2453769.40016 143.11801
2453770.40020 137.74941
2453771.40025 147.67024
2453772.40029 124.39118
2453773.40034 115.04080
2453774.40038 110.25042
2453775.40043 128.79289
2453776.40047 96.87059
2453777.40052 102.11468
2453778.40057 103.31027
2453779.40061 94.15697
2453780.40066 90.64797
2453781.40070 112.41234
2453782.40075 103.02381
2453783.40079 92.28533
2453784.40084 89.72651
2453785.40089 106.04839
2453786.40093 78.34441
2453787.40098 103.49646
2453788.40102 126.45879
2453789.40107 121.84210
2453790.40111 135.95511
2453791.40116 131.02193
2453792.40120 110.32982
2453793.40125 121.46453
2453794.40130 150.73010
2453795.40134 148.88558
2453796.40139 155.85152
2453797.40143 154.99991
2453798.40148 155.52392
2453799.40152 115.30106
2453800.40157 167.26273
2453801.40162 132.28312
2453802.40166 135.71541
2453803.40171 140.30189
2453804.40175 125.36537
2453805.40180 156.88343
2453806.40184 135.85087
2453807.40189 139.02102
2453808.40193 121.24966
2453809.40198 110.22024
2453810.40203 100.39406
2453811.40207 112.37301
2453812.40212 98.98197
2453813.40216 97.36745
2453814.40221 114.61644
2453815.40225 100.43975
2453816.40230 95.17207
2453817.40235 107.33442
2453818.40239 98.61229
2453819.40244 100.97408
2453820.40248 92.41816
2453821.40253 89.29597
2453822.40257 110.65125
2453823.40262 113.37581
2453824.40266 106.09064
2453825.40271 116.26525
2453826.40276 120.24070
2453827.40280 112.08808
2453828.40285 110.64219
2453829.40289 122.24033
2453830.40294 133.45250
2453831.40298 138.37210
2453832.40303 116.08834
2453833.40308 139.17239
2453834.40312 142.09997
2453835.40317 129.56610
2453836.40321 156.87143
2453837.40326 140.27825
2453838.40330 178.84938
2453839.40335 147.31210
2453840.40340 136.05759
2453841.40344 141.27263
2453842.40349 130.34751
2453843.40353 128.34346
2453844.40358 130.40366
2453845.40362 121.83375
2453846.40367 118.02998
2453847.40371 106.55198
2453848.40376 107.28390
2453849.40381 106.19092
2453850.40385 98.95462
2453851.40390 103.79783
2453852.40394 99.12690
2453853.40399 106.18372
2453854.40403 96.73373
2453855.40408 89.71915
2453856.40413 103.95118
2453857.40417 90.15320
2453858.40422 91.08858
2453859.40426 103.11893
2453860.40431 97.66530
2453861.40435 93.26120
2453862.40440 100.66411
2453863.40444 120.58274
2453864.40449 91.36475
2453865.40454 125.45933
2453866.40458 127.46468
2453867.40463 131.57732
2453868.40467 138.08948
2453869.40472 150.39404
2453870.40476 133.26655
2453871.40481 140.33761
2453872.40486 145.83993
2453873.40490 140.15101
2453874.40495 141.46058
2453875.40499 167.95632
2453876.40504 132.40405
2453877.40508 147.93752
2453878.40513 108.95738
2453879.40517 118.20225
2453880.40522 100.17636
2453881.40527 114.71050
2453882.40531 128.77109
2453883.40536 103.88972
2453884.40540 105.82285
2453885.40545 91.58670
2453886.40549 119.37796
2453887.40554 117.80856
2453888.40559 89.34555
2453889.40563 89.28426
2453890.40568 119.23062
2453891.40572 88.57604
2453892.40577 97.79402
2453893.40581 96.57684
2453894.40586 92.93956
2453895.40590 93.63648
2453896.40595 88.88169
2453897.40600 108.69127
2453898.40604 99.06235
2453899.40609 105.49726
2453900.40613 108.69394
2453901.40618 104.73258
2453902.40622 117.12950
2453903.40627 118.08955
2453904.40632 127.38973
2453905.40636 130.56367
2453906.40641 116.18883
2453907.40645 120.35708
2453908.40650 126.58825
2453909.40654 139.66993
2453910.40659 154.93244
2453911.40664 139.83549
2453912.40668 130.24694
2453913.40673 117.45287
2453914.40677 141.02882
2453915.40682 105.26506
2453916.40686 116.03107
2453917.40691 127.23639
2453918.40695 97.14120
2453919.40700 105.79825
2453920.40705 129.87396
2453921.40709 82.69096
2453922.40714 102.46974
2453923.40718 104.01562
2453924.40723 98.49839
2453925.40727 91.24577
2453926.40732 92.37323
2453927.40737 89.73976
2453928.40741 100.58987
2453929.40746 85.96426
2453930.40750 70.51506
2453931.40755 100.03915
2453932.40759 90.49110
2453933.40764 98.93940
2453934.40768 88.16434
2453935.40773 95.16141
2453936.40778 107.56478
2453937.40782 114.11898
2453938.40787 114.66647
2453939.40791 121.54715
2453940.40796 122.96287
2453941.40800 117.99441
2453942.40805 128.68471
2453943.40810 134.61707
2453944.40814 130.13850
2453945.40819 131.49322
2454131.41667 104.61578
2454132.41672 101.55480
2454133.41677 93.64080
2454134.41681 105.47850
2454135.41686 107.47964
2454136.41690 120.80592
2454137.41695 99.21210
2454138.41699 108.08544
2454139.41704 112.38743
2454140.41708 80.87654
2454141.41713 97.90560
2454142.41718 74.97335
2454143.41722 72.15810
2454144.41727 79.27192
2454145.41731 70.56598
2454146.41736 67.42828
2454147.41740 61.66743
2454148.41745 63.72279
2454149.41750 60.46835
2454150.41754 60.79042
2454151.41759 66.94486
2454152.41763 75.83794
2454153.41768 61.61106
2454154.41772 65.46540
2454155.41777 82.08177
2454156.41782 77.22891
2454157.41786 79.45679
2454158.41791 97.13281
2454159.41795 78.94296
2454160.41800 90.16165
2454161.41804 92.25045
2454162.41809 99.20925
2454163.41813 98.78180
2454164.41818 90.15888
2454165.41823 108.52977
2454166.41827 97.37742
2454167.41832 101.55803
2454168.41836 119.99217
2454169.41841 120.69513
2454170.41845 99.25209
2454171.41850 106.43509
2454172.41855 94.92856
2454173.41859 95.99639
2454174.41864 96.78912
2454175.41868 103.61102
2454176.41873 95.00334
2454177.41877 88.70118
2454178.41882 83.47072
2454179.41886 73.48358
2454180.41891 72.35957
2454181.41896 66.80854
2454182.41900 77.24411
2454183.41905 60.51330
2454184.41909 64.59943
2454185.41914 67.59144
2454186.41918 62.98004
2454187.41923 59.93078
2454188.41928 55.86900
2454189.41932 61.60022
2454190.41937 49.61711
2454191.41941 66.72284
2454192.41946 73.00379
2454193.41950 75.21460
2454194.41955 72.56559
2454195.41959 80.10682
2454196.41964 70.84216
2454197.41969 86.33035
2454198.41973 103.45471
2454199.41978 97.13857
2454200.41982 95.43752
2454201.41987 106.36902
2454202.41991 101.46049
2454203.41996 72.60618
2454204.42001 102.59012
2454205.42005 87.98727
2454206.42010 101.12871
2454207.42014 112.51604
2454208.42019 110.16736
2454209.42023 112.21098
2454210.42028 108.66333
2454211.42032 105.91839
2454212.42037 74.87649
2454213.42042 98.24817
2454214.42046 86.47387
2454215.42051 87.01979
2454216.42055 70.09130
2454217.42060 70.59434
2454218.42064 56.85242
2454219.42069 69.25320
2454220.42074 64.93966
2454221.42078 62.43527
2454222.42083 55.49986
2454223.42087 56.69888
2454224.42092 61.03420
2454225.42096 51.85083
2454226.42101 67.22045
2454227.42106 57.95092
2454228.42110 50.58861
2454229.42115 57.11216
2454230.42119 62.66260
2454231.42124 67.78093
2454232.42128 66.29494
2454233.42133 70.50040
2454234.42137 89.50290
2454235.42142 79.31521
2454236.42147 83.60754
2454237.42151 100.95867
2454238.42156 94.55577
2454239.42160 91.51825
2454240.42165 84.68342
2454241.42169 101.87206
2454242.42174 104.28131
2454243.42179 106.87972
2454244.42183 84.55456
2454245.42188 98.47562
2454246.42192 100.88273
2454247.42197 91.23900
2454248.42201 98.98036
2454249.42206 102.26788
2454250.42210 75.43126
2454251.42215 78.04890
2454252.42220 61.59281
2454253.42224 63.44668
2454254.42229 45.07217
2454255.42233 65.35556
2454256.42238 62.60224
2454257.42242 53.23279
2454258.42247 57.49461
2454259.42252 52.29056
2454260.42256 46.89419
2454261.42261 42.39627
2454262.42265 56.17949
2454263.42270 52.03066
2454264.42274 50.61598
2454265.42279 53.12377
2454266.42283 50.52855
2454267.42288 60.21678
2454268.42293 61.22131
2454269.42297 78.01266
2454270.42302 74.10800
2454271.42306 78.16855
2454272.42311 85.03753
2454273.42315 76.15703
2454274.42320 107.26708
2454275.42325 94.21901
2454276.42329 90.94186
2454277.42334 96.78038
2454278.42338 97.45551
2454279.42343 96.09841
2454280.42347 96.31345
2454281.42352 95.73486
2454282.42356 111.47039
2454283.42361 93.94085
2454284.42366 79.29083
2454285.42370 84.54462
2454286.42375 82.55215
2454287.42379 86.39392
2454288.42384 67.73223
2454289.42388 75.44614
2454290.42393 71.71911
2454291.42398 74.39894
2454292.42402 55.59866
2454293.42407 62.43177
2454294.42411 52.03709
2454295.42416 50.02827
2454296.42420 47.54519
2454297.42425 52.23091
2454298.42429 54.51028
2454299.42434 49.51796
2454300.42439 38.99320
2454301.42443 43.99196
2454302.42448 53.37163
2454303.42452 54.22944
2454304.42457 54.23463
2454305.42461 57.86837
2454306.42466 59.08031
2454307.42471 73.24802
2454308.42475 74.23386
2454309.42480 88.88790
2454310.42484 79.52476
2454497.43338 61.02308
2454498.43342 82.93579
2454499.43347 72.96642
2454500.43351 73.75535
2454501.43356 70.35020
2454502.43360 73.37547
2454503.43365 74.69676
2454504.43370 69.24987
2454505.43374 52.00228
2454506.43379 72.45018
2454507.43383 65.89002
2454508.43388 66.36429
2454509.43392 50.28000
2454510.43397 46.07163
2454511.43401 50.75448
2454512.43406 46.02638
2454513.43411 45.12263
2454514.43415 36.40404
2454515.43420 35.90555
2454516.43424 32.29801
2454517.43429 27.17604
2454518.43433 31.43288
2454519.43438 22.35603
2454520.43443 22.40364
2454521.43447 28.69798
2454522.43452 27.31723
2454523.43456 26.68696
2454524.43461 35.35653
2454525.43465 36.87905
2454526.43470 43.82296
2454527.43474 44.02336
2454528.43479 42.46687
2454529.43484 55.52799
2454530.43488 60.04196
2454531.43493 51.59681
2454532.43497 61.51979
2454533.43502 58.12271
2454534.43506 62.08827
2454535.43511 78.23054
2454536.43516 68.39140
2454537.43520 75.65138
2454538.43525 74.39508
2454539.43529 70.98294
2454540.43534 80.32243
2454541.43538 66.20375
2454542.43543 74.24674
2454543.43548 67.70097
2454544.43552 62.93266
2454545.43557 51.83117
2454546.43561 54.38138
2454547.43566 47.32921
2454548.43570 44.25444
2454549.43575 38.35709
2454550.43579 39.04376
2454551.43584 33.33008
2454552.43589 28.32437
2454553.43593 30.56005
2454554.43598 20.14487
2454555.43602 25.19726
2454556.43607 23.11433
2454557.43611 21.89165
2454558.43616 23.73059
2454559.43621 19.99179
2454560.43625 25.16625
2454561.43630 30.06377
2454562.43634 34.43953
2454563.43639 39.05289
2454564.43643 35.56980
2454565.43648 46.81867
2454566.43652 36.83287
2454567.43657 54.88521
2454568.43662 60.20223
2454569.43666 56.59493
2454570.43671 69.71027
2454571.43675 78.89640
2454572.43680 67.70856
2454573.43684 89.57288
2454574.43689 76.07676
2454575.43694 78.14367
2454576.43698 88.12700
2454577.43703 59.12315
2454578.43707 68.07870
2454579.43712 63.34787
2454580.43716 72.38885
2454581.43721 47.20622
2454582.43725 52.06594
2454583.43730 49.58364
2454584.43735 47.46846
2454585.43739 40.06735
2454586.43744 38.20297
2454587.43748 34.40177
2454588.43753 36.69698
2454589.43757 33.25710
2454590.43762 24.68313
2454591.43767 25.25473
2454592.43771 22.95498
2454593.43776 23.58841
2454594.43780 22.54438
2454595.43785 23.92948
2454596.43789 19.69639
2454597.43794 27.40093
2454598.43798 28.00844
2454599.43803 30.94061
2454600.43808 33.45065
2454601.43812 40.14097
2454602.43817 45.91019
2454603.43821 41.54444
2454604.43826 58.32496
2454605.43830 50.54326
2454606.43835 59.17531
2454607.43840 63.55776
2454608.43844 66.03297
2454609.43849 73.96334
2454610.43853 67.28800
2454611.43858 67.41872
2454612.43862 80.66640
2454613.43867 66.17208
2454614.43871 60.59237
2454615.43876 67.00268
2454616.43881 64.61346
2454617.43885 55.41588
2454618.43890 55.73218
2454619.43894 57.03576
2454620.43899 47.76647
2454621.43903 38.04277
2454622.43908 37.24463
2454623.43913 37.19548
2454624.43917 35.14001
2454625.43922 24.81010
2454626.43926 25.45268
2454627.43931 23.73139
2454628.43935 17.31883
2454629.43940 20.66095
2454630.43945 16.29674
2454631.43949 18.61480
2454632.43954 17.82190
2454633.43958 24.65961
2454634.43963 23.66514
2454635.43967 27.92755
2454636.43972 31.77856
2454637.43976 28.41999
2454638.43981 40.32587
2454639.43986 43.35048
2454640.43990 40.28140
2454641.43995 43.96320
2454642.43999 60.06020
2454643.44004 54.81754
2454644.44008 64.70960
2454645.44013 59.89594
2454646.44018 66.19199
2454647.44022 69.74396
2454648.44027 69.97208
2454649.44031 62.50259
2454650.44036 66.25405
2454651.44040 63.78777
2454652.44045 63.24713
2454653.44049 56.87643
2454654.44054 59.13166
2454655.44059 46.18669
2454656.44063 48.16556
2454657.44068 41.75640
2454658.44072 35.61155
2454659.44077 32.48727
2454660.44081 35.35488
2454661.44086 26.54545
2454662.44091 23.23744
2454663.44095 22.81480
2454664.44100 20.93967
2454665.44104 17.30513
2454666.44109 15.49751
2454667.44113 15.37826
2454668.44118 18.82542
2454669.44122 19.38526
2454670.44127 19.46491
2454671.44132 23.24451
2454672.44136 22.63702
2454673.44141 26.34160
2454674.44145 30.43301
2454675.44150 32.15739
2454676.44154 40.17616
2454862.45003 47.26770
2454863.45008 48.14644
2454864.45012 45.50529
2454865.45017 64.37513
2454866.45021 58.18571
2454867.45026 62.05598
2454868.45031 56.99734
2454869.45035 55.85049
2454870.45040 58.09476
2454871.45044 66.09095
2454872.45049 66.88528
2454873.45053 52.07965
2454874.45058 51.21012
2454875.45063 51.85778
2454876.45067 46.05454
2454877.45072 53.49983
2454878.45076 41.94537
2454879.45081 35.03854
2454880.45085 34.23475
2454881.45090 31.22489
2454882.45094 30.16854
2454883.45099 20.62886
2454884.45104 19.85076
2454885.45108 18.30887
2454886.45113 18.00887
2454887.45117 16.01043
2454888.45122 14.23682
2454889.45126 14.13076
2454890.45131 15.25205
2454891.45136 16.19301
2454892.45140 16.43629
2454893.45145 19.88438
2454894.45149 21.72053
2454895.45154 25.91026
2454896.45158 28.30256
2454897.45163 33.65055
2454898.45167 36.24905
2454899.45172 49.91468
2454900.45177 45.60681
2454901.45181 46.60770
2454902.45186 59.90571
2454903.45190 59.88292
2454904.45195 46.93727
2454905.45199 59.28124
2454906.45204 64.49338
2454907.45209 48.49578
2454908.45213 62.58318
2454909.45218 63.38688
2454910.45222 53.88599
2454911.45227 47.29809
2454912.45231 60.82971
2454913.45236 51.25022
2454914.45240 44.13825
2454915.45245 48.09068
2454916.45250 50.10152
2454917.45254 34.73146
2454918.45259 30.62821
2454919.45263 29.49651
2454920.45268 26.77929
2454921.45272 19.01396
2454922.45277 16.76731
2454923.45282 17.38750
2454924.45286 14.33953
2454925.45291 16.24203
2454926.45295 14.88567
2454927.45300 18.28886
2454928.45304 17.11506
2454929.45309 17.20701
2454930.45313 23.82109
2454931.45318 24.07761
2454932.45323 29.60187
2454933.45327 31.56482
2454934.45332 35.14480
2454935.45336 37.57119
2454936.45341 45.76670
2454937.45345 48.66748
2454938.45350 54.36875
2454939.45355 58.54792
2454940.45359 54.76851
2454941.45364 62.25211
2454942.45368 63.87729
2454943.45373 64.36721
2454944.45377 82.96371
2454945.45382 74.82856
2454946.45387 66.91795
2454947.45391 65.15563
2454948.45396 54.98905
2454949.45400 58.18535
2454950.45405 61.16990
2454951.45409 45.71483
2454952.45414 40.68731
2454953.45418 36.95177
2454954.45423 38.24960
2454955.45428 36.78615
2454956.45432 33.06724
2454957.45437 20.12752
2454958.45441 23.01496
2454959.45446 18.60656
2454960.45450 18.49338
2454961.45455 14.22778
2454962.45460 17.77165
2454963.45464 19.55998
2454964.45469 16.37663
2454965.45473 17.54521
2454966.45478 19.37626
2454967.45482 25.77566
2454968.45487 21.48257
2454969.45491 35.05517
2454970.45496 29.65439
2454971.45501 35.38661
2454972.45505 41.98328
2454973.45510 45.53339
2454974.45514 38.26660
2454975.45519 55.03087
2454976.45523 60.39573
2454977.45528 69.58988
2454978.45533 80.06833
2454979.45537 59.35516
2454980.45542 72.35960
2454981.45546 61.65487
2454982.45551 59.47824
2454983.45555 71.97588
2454984.45560 57.38325
2454985.45564 62.85926
2454986.45569 57.29159
2454987.45574 60.56622
2454988.45578 48.93383
2454989.45583 46.81712
2454990.45587 39.85017
2454991.45592 35.32159
2454992.45596 29.32459
2454993.45601 32.19817
2454994.45606 27.95119
2454995.45610 26.37477
2454996.45615 20.44038
2454997.45619 19.89357
2454998.45624 19.02190
2454999.45628 19.37960
2455000.45633 17.55133
2455001.45637 18.35842
2455002.45642 22.56212
2455003.45647 20.30979
2455004.45651 23.48034
2455005.45656 23.29117
2455006.45660 33.62077
2455007.45665 31.26436
2455008.45669 41.57843
2455009.45674 41.34826
2455010.45679 50.55873
2455011.45683 54.18201
2455012.45688 55.32328
2455013.45692 50.94345
2455014.45697 60.99930
2455015.45701 68.10415
2455016.45706 66.32473
2455017.45711 64.00568
2455018.45715 58.46079
2455019.45720 66.39039
2455020.45724 62.98115
2455021.45729 59.77098
2455022.45733 59.58624
2455023.45738 59.89495
2455024.45742 60.37527
2455025.45747 49.22113
2455026.45752 43.49139
2455027.45756 40.39182
2455028.45761 37.98265
2455029.45765 33.52426
2455030.45770 29.80746
2455031.45774 26.90329
2455032.45779 22.22499
2455033.45784 19.74192
2455034.45788 20.97976
2455035.45793 19.36767
2455036.45797 17.42560
2455037.45802 18.33655
2455038.45806 21.90982
2455039.45811 25.27091
2455040.45815 26.47533
2455041.45820 25.46040
2455227.46669 41.44600
2455228.46673 42.74850
2455229.46678 53.49261
2455230.46682 53.06666
2455231.46687 66.69520
2455232.46692 57.52845
2455233.46696 79.56082
2455234.46701 63.28209
2455235.46705 77.76823
2455236.46710 89.16445
2455237.46714 76.14586
2455238.46719 80.43195
2455239.46724 88.87911
2455240.46728 90.08131
2455241.46733 65.95783
2455242.46737 98.59309
2455243.46742 71.52117
2455244.46746 80.43897
2455245.46751 75.27199
2455246.46755 76.95346
2455247.46760 77.82629
2455248.46765 69.59805
2455249.46769 59.59680
2455250.46774 51.55726
2455251.46778 48.94014
2455252.46783 42.11142
2455253.46787 47.09759
2455254.46792 36.44455
2455255.46797 30.94603
2455256.46801 36.20412
2455257.46806 39.35438
2455258.46810 36.02536
2455259.46815 44.79945
2455260.46819 33.33640
2455261.46824 37.79848
2455262.46829 38.43502
2455263.46833 49.01336
2455264.46838 50.54223
2455265.46842 42.34184
2455266.46847 59.61734
2455267.46851 58.82876
2455268.46856 63.23854
2455269.46860 61.96221
2455270.46865 68.84607
2455271.46870 81.52057
2455272.46874 87.45178
2455273.46879 75.36002
2455274.46883 81.73553
2455275.46888 86.43738
2455276.46892 87.25898
2455277.46897 83.32378
2455278.46902 86.06349
2455279.46906 73.96580
2455280.46911 86.33547
2455281.46915 88.27003
2455282.46920 60.00492
2455283.46924 64.38770
2455284.46929 64.76825
2455285.46933 70.06693
2455286.46938 57.11634
2455287.46943 55.87548
2455288.46947 51.58815
2455289.46952 45.18853
2455290.46956 37.29657
2455291.46961 42.22210
2455292.46965 37.85812
2455293.46970 48.62350
2455294.46975 31.32854
2455295.46979 38.70977
2455296.46984 46.79964
2455297.46988 44.60115
2455298.46993 43.23966
2455299.46997 42.16480
2455300.47002 49.09766
2455301.47006 56.63960
2455302.47011 60.06632
2455303.47016 59.43725
2455304.47020 73.56756
2455305.47025 74.02974
2455306.47029 77.06194
2455307.47034 89.38019
2455308.47038 72.16558
2455309.47043 87.15407
2455310.47048 78.00560
2455311.47052 83.58518
2455312.47057 88.30769
2455313.47061 78.31190
2455314.47066 88.23292
2455315.47070 99.27799
2455316.47075 85.25143
2455317.47079 78.78429
2455318.47084 84.03300
2455319.47089 71.40501
2455320.47093 69.49145
2455321.47098 85.59728
2455322.47102 76.57341
2455323.47107 67.07891
2455324.47111 56.92662
2455325.47116 61.76913
2455326.47121 49.88804
2455327.47125 54.29607
2455328.47130 52.32288
2455329.47134 42.59027
2455330.47139 40.23530
2455331.47143 45.24688
2455332.47148 43.36301
2455333.47153 40.75133
2455334.47157 50.26006
2455335.47162 44.55221
2455336.47166 50.03409
2455337.47171 55.88274
2455338.47175 54.71413
2455339.47180 69.03979
2455340.47184 71.73700
2455341.47189 76.42883
2455342.47194 93.53605
2455343.47198 72.10817
2455344.47203 106.20749
2455345.47207 75.55315
2455346.47212 81.00040
2455347.47216 86.66915
2455348.47221 84.14151
2455349.47226 89.40566
2455350.47230 98.63911
2455351.47235 95.29495
2455352.47239 85.26238
2455353.47244 96.35616
2455354.47248 88.09462
2455355.47253 73.91765
2455356.47257 86.78902
2455357.47262 67.75407
2455358.47267 70.47947
2455359.47271 69.71306
2455360.47276 45.64739
2455361.47280 59.33494
2455362.47285 54.32889
2455363.47289 57.01351
2455364.47294 51.39423
2455365.47299 54.57348
2455366.47303 50.90339
2455367.47308 48.44648
2455368.47312 47.67403
2455369.47317 43.37660
2455370.47321 47.69779
2455371.47326 51.93773
2455372.47330 55.24938
2455373.47335 47.61272
2455374.47340 61.21246
2455375.47344 60.15791
2455376.47349 66.73257
2455377.47353 69.69358
2455378.47358 75.79563
2455379.47362 81.41737
2455380.47367 84.32447
2455381.47372 79.17533
2455382.47376 88.34696
2455383.47381 98.99746
2455384.47385 92.14219
2455385.47390 96.55686
2455386.47394 107.52245
2455387.47399 105.69986
2455388.47403 110.48779
2455389.47408 94.43301
2455390.47413 110.41446
2455391.47417 89.08054
2455392.47422 84.17079
2455393.47426 86.93596
2455394.47431 84.46251
2455395.47435 67.75416
2455396.47440 81.12611
2455397.47445 70.89490
2455398.47449 61.46259
2455399.47454 59.69226
2455400.47458 64.94902
2455401.47463 57.09999
2455402.47467 52.99926
2455403.47472 52.52807
2455404.47476 47.25051
2455405.47481 51.78851
2455406.47486 55.08141
2455592.48334 74.45470
2455593.48339 74.20496
2455594.48344 75.89260
2455595.48348 61.73400
2455596.48353 81.50970
2455597.48357 90.22876
2455598.48362 83.79657
2455599.48366 101.57105
2455600.48371 109.23935
2455601.48375 124.59032
2455602.48380 99.09372
2455603.48385 112.29969
2455604.48389 106.06833
2455605.48394 126.03031
2455606.48398 130.78280
2455607.48403 104.97654
2455608.48407 96.51643
2455609.48412 129.34779
2455610.48417 140.10891
2455611.48421 97.16122
2455612.48426 120.19522
2455613.48430 97.12271
2455614.48435 120.63434
2455615.48439 103.45977
2455616.48444 110.72575
2455617.48448 105.32388
2455618.48453 93.37504
2455619.48458 96.00932
2455620.48462 85.76512
2455621.48467 96.14448
2455622.48471 82.88812
2455623.48476 77.03680
2455624.48480 67.59956
2455625.48485 74.10932
2455626.48490 73.70782
2455627.48494 74.15133
2455628.48499 76.74605
2455629.48503 77.64283
2455630.48508 73.76180
2455631.48512 81.24290
2455632.48517 75.80893
2455633.48521 87.35078
2455634.48526 99.48486
2455635.48531 103.67364
2455636.48535 114.46028
2455637.48540 105.47737
2455638.48544 94.93176
2455639.48549 112.90184
2455640.48553 132.44900
2455641.48558 135.50764
2455642.48563 109.90950
2455643.48567 90.94306
2455644.48572 125.94364
2455645.48576 118.07429
2455646.48581 123.91393
2455647.48585 118.22520
2455648.48590 122.57760
2455649.48595 122.03247
2455650.48599 123.78435
2455651.48604 133.54902
2455652.48608 116.28192
2455653.48613 97.60890
2455654.48617 94.08726
2455655.48622 104.63959
2455656.48626 81.73132
2455657.48631 76.64634
2455658.48636 96.51381
2455659.48640 82.93337
2455660.48645 72.15659
2455661.48649 88.27443
2455662.48654 63.97152
2455663.48658 71.54460
2455664.48663 76.71369
2455665.48668 77.14540
2455666.48672 82.82277
2455667.48677 77.61205
2455668.48681 81.56349
2455669.48686 101.84930
2455670.48690 87.52107
2455671.48695 114.17250
2455672.48699 106.37178
2455673.48704 97.28840
2455674.48709 93.68624
2455675.48713 124.27440
2455676.48718 92.34059
2455677.48722 113.76118
2455678.48727 106.96468
2455679.48731 118.58633
2455680.48736 138.44562
2455681.48741 145.34472
2455682.48745 126.81394
2455683.48750 140.38768
2455684.48754 147.70970
2455685.48759 118.57881
2455686.48763 145.57897
2455687.48768 132.11833
2455688.48772 115.27745
2455689.48777 116.93174
2455690.48782 108.42324
2455691.48786 93.74640
2455692.48791 91.17024
2455693.48795 92.83758
2455694.48800 86.94945
2455695.48804 103.93512
2455696.48809 95.19065
2455697.48814 97.86500
2455698.48818 85.54068
2455699.48823 81.66779
2455700.48827 92.12057
2455701.48832 94.87883
2455702.48836 91.96290
2455703.48841 95.63664
2455704.48845 95.87587
2455705.48850 68.70917
2455706.48855 109.37364
2455707.48859 87.74496
2455708.48864 94.12680
2455709.48868 82.31547
2455710.48873 92.74448
2455711.48877 110.18631
2455712.48882 116.05934
2455713.48887 137.66346
2455714.48891 121.03904
2455715.48896 125.55165
2455716.48900 148.76793
2455717.48905 140.93329
2455718.48909 133.62069
2455719.48914 137.34078
2455720.48918 120.78132
2455721.48923 115.46901
2455722.48928 144.89111
2455723.48932 139.36878
2455724.48937 114.34879
2455725.48941 125.88907
2455726.48946 128.30200
2455727.48950 121.19851
2455728.48955 109.95187
2455729.48960 105.07244
2455730.48964 99.42680
2455731.48969 86.33641
2455732.48973 96.56060
2455733.48978 90.65684
2455734.48982 101.19131
2455735.48987 89.52511
2455736.48992 91.93465
2455737.48996 83.58466
2455738.49001 75.20564
2455739.49005 89.25495
2455740.49010 92.48425
2455741.49014 99.22434
2455742.49019 88.13902
2455743.49023 95.86344
2455744.49028 114.76561
2455745.49033 97.37004
2455746.49037 124.55826
2455747.49042 106.19770
2455748.49046 117.77514
2455749.49051 147.23532
2455750.49055 129.96555
2455751.49060 148.80489
2455752.49065 131.51894
2455753.49069 130.79264
2455754.49074 143.82040
2455755.49078 138.05265
2455756.49083 141.50229
2455757.49087 152.65755
2455758.49092 117.58225
2455759.49096 151.72033
2455760.49101 129.48972
2455761.49106 125.73036
2455762.49110 142.85475
2455763.49115 108.32912
2455764.49119 97.52886
2455765.49124 108.75855
2455766.49128 109.46853
2455767.49133 115.69833
2455768.49138 95.86481
2455769.49142 93.03626
2455770.49147 102.70242
2455771.49151 110.33700
2455957.50000 75.87469
