2445000.00000 24.87709
2445001.00005 24.75927
2445002.00009 16.19809
2445003.00014 22.16766
2445004.00018 19.13990
2445005.00023 21.41659
2445006.00027 26.74620
2445007.00032 23.81245
2445008.00037 27.99300
2445009.00041 26.88860
2445010.00046 29.67678
2445011.00050 26.39622
2445012.00055 22.60063
2445013.00059 19.03678
2445014.00064 19.20866
2445015.00068 18.30238
2445016.00073 24.22745
2445017.00078 28.38191
2445018.00082 26.52562
2445019.00087 24.50986
2445020.00091 31.31763
2445021.00096 27.92466
2445022.00100 21.85972
2445023.00105 19.61489
2445024.00110 16.51930
2445025.00114 20.25483
2445026.00119 21.02596
2445027.00123 23.16017
2445028.00128 29.61710
2445029.00132 33.58059
2445030.00137 27.11954
2445031.00141 21.23040
2445032.00146 20.18523
2445033.00151 19.98249
2445034.00155 21.97568
2445035.00160 15.07098
2445036.00164 21.33998
2445037.00169 24.77297
2445038.00173 25.43718
2445039.00178 28.78648
2445040.00183 24.06785
2445041.00187 24.08560
2445042.00192 17.08933
2445043.00196 19.55228
2445044.00201 18.85890
2445045.00205 21.96439
2445046.00210 22.95603
2445047.00214 23.92701
2445048.00219 25.91289
2445049.00224 30.04571
2445050.00228 28.30518
2445051.00233 22.28998
2445052.00237 15.60336
2445053.00242 19.35682
2445054.00246 16.47968
2445055.00251 18.16478
2445056.00256 25.39480
2445057.00260 25.44943
2445058.00265 29.34104
2445059.00269 34.20287
2445060.00274 28.11288
2445061.00278 26.04280
2445062.00283 23.73338
2445063.00287 19.74778
2445064.00292 20.29232
2445065.00297 18.38358
2445066.00301 20.36908
2445067.00306 26.34416
2445068.00310 24.45687
2445069.00315 30.19001
2445070.00319 28.70757
2445071.00324 18.91503
2445072.00329 18.63457
2445073.00333 17.89495
2445074.00338 19.03123
2445075.00342 21.08759
2445076.00347 17.83186
2445077.00351 27.03811
2445078.00356 30.64452
2445079.00361 25.88012
2445080.00365 23.88495
2445081.00370 22.23052
2445082.00374 17.46071
2445083.00379 19.02678
2445084.00383 17.28440
2445085.00388 20.12720
2445086.00392 27.34285
2445087.00397 24.89521
2445088.00402 30.73382
2445089.00406 28.10387
2445090.00411 23.73291
2445091.00415 22.88382
2445092.00420 21.61501
2445093.00424 20.20916
2445094.00429 17.94147
2445095.00434 19.55563
2445096.00438 23.79454
2445097.00443 20.05645
2445098.00447 30.85682
2445099.00452 28.55553
2445100.00456 24.49379
2445101.00461 23.67374
2445102.00465 18.81680
2445103.00470 16.76164
2445104.00475 17.54665
2445105.00479 19.87595
2445106.00484 21.59817
2445107.00488 28.91767
2445108.00493 22.44275
2445109.00497 24.60384
2445110.00502 22.28839
2445111.00507 24.35589
2445112.00511 18.90620
2445113.00516 16.26932
2445114.00520 16.60721
2445115.00525 17.34251
2445116.00529 21.77709
2445117.00534 22.63098
2445118.00538 28.82901
2445119.00543 26.87684
2445120.00548 25.18257
2445121.00552 20.47111
2445122.00557 17.39425
2445123.00561 16.82026
2445124.00566 17.95526
2445125.00570 18.72492
2445126.00575 20.15242
2445127.00580 24.30182
2445128.00584 28.48699
2445129.00589 29.44756
2445130.00593 24.07196
2445131.00598 24.68040
2445132.00602 21.71139
2445133.00607 18.03317
2445134.00611 15.15516
2445135.00616 19.88766
2445136.00621 19.83858
2445137.00625 23.38887
2445138.00630 29.67528
2445139.00634 28.55592
2445140.00639 27.05292
2445141.00643 25.36941
2445142.00648 18.11160
2445143.00653 16.73628
2445144.00657 20.08408
2445145.00662 18.13695
2445146.00666 24.08637
2445147.00671 27.40498
2445148.00675 28.78856
2445149.00680 27.69046
2445150.00684 29.40440
2445151.00689 23.31382
2445152.00694 17.40355
2445153.00698 18.66230
2445154.00703 17.93306
2445155.00707 19.42216
2445156.00712 21.10631
2445157.00716 24.89165
2445158.00721 25.65165
2445159.00726 25.56045
2445160.00730 23.56835
2445161.00735 19.88318
2445162.00739 18.18893
2445163.00744 16.47210
2445164.00748 16.09341
2445165.00753 22.23307
2445166.00758 23.16224
2445167.00762 29.03804
2445168.00767 25.15728
2445169.00771 25.05405
2445170.00776 20.83654
2445171.00780 22.61443
2445172.00785 18.13659
2445173.00789 19.73366
2445174.00794 15.71805
2445175.00799 18.25586
2445176.00803 26.25535
2445177.00808 24.35678
2445178.00812 25.09910
2445179.00817 29.52244
2445366.01670 20.82903
2445367.01675 24.23530
2445368.01679 26.10628
2445369.01684 27.79104
2445370.01688 18.66594
2445371.01693 16.35170
2445372.01698 15.54496
2445373.01702 16.09174
2445374.01707 15.33948
2445375.01711 13.81971
2445376.01716 20.42662
2445377.01720 26.41141
2445378.01725 30.97542
2445379.01729 25.48288
2445380.01734 19.56859
2445381.01739 18.84268
2445382.01743 17.21893
2445383.01748 13.38296
2445384.01752 13.85065
2445385.01757 20.79752
2445386.01761 21.68526
2445387.01766 25.81206
2445388.01771 19.09831
2445389.01775 20.94486
2445390.01780 15.39645
2445391.01784 17.92453
2445392.01789 14.40809
2445393.01793 14.76805
2445394.01798 15.33127
2445395.01803 18.96604
2445396.01807 22.00857
2445397.01812 22.40837
2445398.01816 26.88833
2445399.01821 21.33911
2445400.01825 21.57929
2445401.01830 15.97678
2445402.01834 15.16126
2445403.01839 13.28915
2445404.01844 16.74610
2445405.01848 18.13807
2445406.01853 19.02637
2445407.01857 22.18783
2445408.01862 24.03038
2445409.01866 22.59078
2445410.01871 20.87923
2445411.01876 18.91142
2445412.01880 14.14892
2445413.01885 13.40017
2445414.01889 14.93523
2445415.01894 19.86636
2445416.01898 20.64243
2445417.01903 23.38089
2445418.01907 24.95875
2445419.01912 20.72192
2445420.01917 20.81037
2445421.01921 15.65463
2445422.01926 14.94810
2445423.01930 11.72638
2445424.01935 13.60566
2445425.01939 19.36396
2445426.01944 21.11330
2445427.01949 24.08272
2445428.01953 24.55256
2445429.01958 26.15096
2445430.01962 24.24353
2445431.01967 16.94289
2445432.01971 16.12339
2445433.01976 14.17458
2445434.01980 10.26517
2445435.01985 14.69928
2445436.01990 23.19537
2445437.01994 26.84681
2445438.01999 20.94745
2445439.02003 22.25782
2445440.02008 24.67105
2445441.02012 17.31226
2445442.02017 15.56481
2445443.02022 15.65146
2445444.02026 13.41103
2445445.02031 19.15256
2445446.02035 21.74314
2445447.02040 21.74565
2445448.02044 24.79712
2445449.02049 21.39420
2445450.02053 22.37788
2445451.02058 18.54330
2445452.02063 13.47605
2445453.02067 15.22215
2445454.02072 13.62928
2445455.02076 14.15088
2445456.02081 17.50147
2445457.02085 21.77539
2445458.02090 24.01093
2445459.02095 23.00717
2445460.02099 17.34669
2445461.02104 17.25571
2445462.02108 13.33256
2445463.02113 12.36085
2445464.02117 13.60712
2445465.02122 15.92093
2445466.02126 21.54723
2445467.02131 25.22653
2445468.02136 24.42169
2445469.02140 20.27337
2445470.02145 18.11375
2445471.02149 16.67542
2445472.02154 13.27382
2445473.02158 13.96242
2445474.02163 12.95273
2445475.02168 16.37346
2445476.02172 22.29238
2445477.02177 24.42824
2445478.02181 20.38540
2445479.02186 21.42770
2445480.02190 20.15666
2445481.02195 16.57370
2445482.02200 13.99107
2445483.02204 11.66207
2445484.02209 13.63045
2445485.02213 16.69961
2445486.02218 21.87790
2445487.02222 26.36623
2445488.02227 28.18913
2445489.02231 20.96915
2445490.02236 21.85173
2445491.02241 15.76903
2445492.02245 14.92305
2445493.02250 13.62787
2445494.02254 11.93133
2445495.02259 18.63445
2445496.02263 23.34360
2445497.02268 20.82628
2445498.02273 23.66402
2445499.02277 26.68708
2445500.02282 21.00041
2445501.02286 16.55974
2445502.02291 14.35222
2445503.02295 12.84740
2445504.02300 15.33825
2445505.02304 18.64451
2445506.02309 17.36203
2445507.02314 17.36413
2445508.02318 20.53967
2445509.02323 18.53755
2445510.02327 19.59814
2445511.02332 16.69626
2445512.02336 14.00230
2445513.02341 10.19450
2445514.02346 15.68456
2445515.02350 14.67502
2445516.02355 18.13597
2445517.02359 22.06776
2445518.02364 23.92213
2445519.02368 21.90536
2445520.02373 20.21294
2445521.02377 15.75711
2445522.02382 15.54558
2445523.02387 10.04750
2445524.02391 13.07442
2445525.02396 18.97765
2445526.02400 18.22517
2445527.02405 20.20642
2445528.02409 21.65418
2445529.02414 23.81746
2445530.02419 21.79611
2445531.02423 16.26358
2445532.02428 12.18080
2445533.02432 10.56956
2445534.02437 12.21376
2445535.02441 14.40291
2445536.02446 22.43263
2445537.02450 20.67871
2445538.02455 19.65837
2445539.02460 17.37221
2445540.02464 19.30181
2445541.02469 15.27896
2445542.02473 14.16881
2445543.02478 11.93555
2445544.02482 13.25828
2445545.02487 17.18136
2445731.03336 12.09125
2445732.03340 9.40878
2445733.03345 9.52144
2445734.03349 11.85690
2445735.03354 13.89250
2445736.03359 17.61341
2445737.03363 16.32212
2445738.03368 16.83778
2445739.03372 18.26716
2445740.03377 12.92089
2445741.03381 11.59381
2445742.03386 9.34111
2445743.03391 9.47093
2445744.03395 11.75469
2445745.03400 13.20877
2445746.03404 14.91233
2445747.03409 17.83992
2445748.03413 20.40453
2445749.03418 17.10924
2445750.03422 14.04983
2445751.03427 12.48820
2445752.03432 10.51308
2445753.03436 8.40331
2445754.03441 10.66594
2445755.03445 11.47599
2445756.03450 14.76142
2445757.03454 16.83208
2445758.03459 17.25069
2445759.03464 18.34617
2445760.03468 14.39104
2445761.03473 10.71144
2445762.03477 6.87901
2445763.03482 9.80105
2445764.03486 12.91572
2445765.03491 12.62111
2445766.03495 15.50210
2445767.03500 16.68795
2445768.03505 16.09025
2445769.03509 18.90673
2445770.03514 16.36073
2445771.03518 11.89146
2445772.03523 8.19853
2445773.03527 8.98103
2445774.03532 9.80273
2445775.03537 14.75112
2445776.03541 18.29778
2445777.03546 15.45280
2445778.03550 18.59488
2445779.03555 19.23101
2445780.03559 12.83225
2445781.03564 11.67831
2445782.03568 9.14302
2445783.03573 9.40280
2445784.03578 8.10622
2445785.03582 12.53861
2445786.03587 16.07562
2445787.03591 21.30345
2445788.03596 17.15771
2445789.03600 18.62434
2445790.03605 15.29550
2445791.03610 10.18412
2445792.03614 8.55032
2445793.03619 7.76740
2445794.03623 11.23518
2445795.03628 10.86908
2445796.03632 12.51085
2445797.03637 22.46166
2445798.03642 17.03405
2445799.03646 13.87711
2445800.03651 15.61627
2445801.03655 8.90376
2445802.03660 9.67290
2445803.03664 9.01280
2445804.03669 9.97362
2445805.03673 11.51071
2445806.03678 15.54980
2445807.03683 16.11678
2445808.03687 17.88451
2445809.03692 16.48853
2445810.03696 10.80494
2445811.03701 9.98897
2445812.03705 7.78634
2445813.03710 8.89037
2445814.03715 10.70924
2445815.03719 13.39214
2445816.03724 13.94555
2445817.03728 20.06075
2445818.03733 18.25773
2445819.03737 14.87606
2445820.03742 13.82887
2445821.03746 10.00898
2445822.03751 8.13957
2445823.03756 8.09448
2445824.03760 8.75359
2445825.03765 9.97877
2445826.03769 14.96606
2445827.03774 14.19671
2445828.03778 17.13215
2445829.03783 17.48256
2445830.03788 10.37710
2445831.03792 10.64371
2445832.03797 8.74978
2445833.03801 7.64220
2445834.03806 9.46682
2445835.03810 12.85091
2445836.03815 14.81268
2445837.03819 16.84256
2445838.03824 19.23092
2445839.03829 13.81749
2445840.03833 12.30736
2445841.03838 8.93238
2445842.03842 7.97387
2445843.03847 6.58219
2445844.03851 10.09207
2445845.03856 11.15417
2445846.03861 15.46023
2445847.03865 15.42832
2445848.03870 16.03578
2445849.03874 13.79976
2445850.03879 11.58337
2445851.03883 9.67750
2445852.03888 8.57137
2445853.03892 6.20670
2445854.03897 9.55229
2445855.03902 11.59231
2445856.03906 15.87130
2445857.03911 18.00533
2445858.03915 15.14335
2445859.03920 15.34704
2445860.03924 11.24000
2445861.03929 9.04496
2445862.03934 8.07483
2445863.03938 7.89752
2445864.03943 9.01503
2445865.03947 13.07124
2445866.03952 15.16527
2445867.03956 15.09571
2445868.03961 17.19641
2445869.03966 14.25957
2445870.03970 12.75350
2445871.03975 9.37761
2445872.03979 6.80506
2445873.03984 6.20889
2445874.03988 9.52552
2445875.03993 12.51619
2445876.03997 15.77099
2445877.04002 16.29780
2445878.04007 16.10165
2445879.04011 13.94167
2445880.04016 13.94414
2445881.04020 8.14209
2445882.04025 6.85854
2445883.04029 7.75737
2445884.04034 10.73529
2445885.04039 12.52686
2445886.04043 11.30586
2445887.04048 14.69800
2445888.04052 16.28897
2445889.04057 16.19230
2445890.04061 14.27774
2445891.04066 8.22975
2445892.04070 5.73367
2445893.04075 6.57741
2445894.04080 8.87449
2445895.04084 10.46604
2445896.04089 16.72172
2445897.04093 15.65195
2445898.04098 16.68512
2445899.04102 14.27599
2445900.04107 12.62100
2445901.04112 8.90271
2445902.04116 6.37318
2445903.04121 7.11704
2445904.04125 9.25103
2445905.04130 12.46955
2445906.04134 15.71298
2445907.04139 15.95859
2445908.04143 13.62456
2445909.04148 13.71521
2445910.04153 11.94135
2446096.05001 13.07650
2446097.05006 13.88864
2446098.05010 13.84189
2446099.05015 10.13334
2446100.05020 7.29718
2446101.05024 5.03700
2446102.05029 3.10972
2446103.05033 4.39664
2446104.05038 6.88795
2446105.05042 9.81156
2446106.05047 9.53514
2446107.05052 12.68609
2446108.05056 13.25951
2446109.05061 10.40002
2446110.05065 6.55901
2446111.05070 5.26964
2446112.05074 3.15162
2446113.05079 4.52952
2446114.05084 5.93107
2446115.05088 7.76080
2446116.05093 11.94891
2446117.05097 14.08535
2446118.05102 11.52061
2446119.05106 11.20881
2446120.05111 8.25272
2446121.05115 4.14030
2446122.05120 3.67277
2446123.05125 4.64356
2446124.05129 6.99157
2446125.05134 9.54952
2446126.05138 12.87436
2446127.05143 14.59531
2446128.05147 11.44747
2446129.05152 11.40388
2446130.05157 8.18762
2446131.05161 4.82389
2446132.05166 3.27692
2446133.05170 5.32478
2446134.05175 6.25796
2446135.05179 11.04599
2446136.05184 14.22888
2446137.05188 12.09299
2446138.05193 13.20536
2446139.05198 9.57253
2446140.05202 8.07725
2446141.05207 4.53327
2446142.05211 3.18138
2446143.05216 4.31632
2446144.05220 6.52686
2446145.05225 8.37776
2446146.05230 14.08296
2446147.05234 12.34239
2446148.05239 11.32521
2446149.05243 10.37780
2446150.05248 7.93585
2446151.05252 4.18868
2446152.05257 3.62416
2446153.05261 3.99980
2446154.05266 6.37721
2446155.05271 9.43452
2446156.05275 11.42326
2446157.05280 11.76208
2446158.05284 13.39471
2446159.05289 10.27927
2446160.05293 7.05074
2446161.05298 4.47425
2446162.05303 2.72041
2446163.05307 3.81668
2446164.05312 6.22369
2446165.05316 9.83465
2446166.05321 13.32522
2446167.05325 12.80928
2446168.05330 11.99559
2446169.05334 9.83089
2446170.05339 7.76722
2446171.05344 4.80435
2446172.05348 3.61636
2446173.05353 4.27235
2446174.05357 7.63553
2446175.05362 6.99053
2446176.05366 10.59425
2446177.05371 12.11049
2446178.05376 12.87682
2446179.05380 11.58242
2446180.05385 7.36979
2446181.05389 3.82335
2446182.05394 2.92276
2446183.05398 3.89577
2446184.05403 7.22912
2446185.05408 10.74136
2446186.05412 13.01060
2446187.05417 13.13901
2446188.05421 12.43245
2446189.05426 10.21215
2446190.05430 6.69441
2446191.05435 3.43787
2446192.05439 3.31604
2446193.05444 4.25632
2446194.05449 6.37995
2446195.05453 10.34934
2446196.05458 12.09183
2446197.05462 13.08080
2446198.05467 14.32801
2446199.05471 9.56045
2446200.05476 6.71908
2446201.05481 3.82705
2446202.05485 2.49981
2446203.05490 3.91598
2446204.05494 6.15115
2446205.05499 8.49501
2446206.05503 10.26232
2446207.05508 13.02070
2446208.05512 11.44445
2446209.05517 8.49931
2446210.05522 6.89808
2446211.05526 3.77116
2446212.05531 2.96338
2446213.05535 4.32309
2446214.05540 7.11421
2446215.05544 9.97487
2446216.05549 13.94332
2446217.05554 14.86161
2446218.05558 11.74114
2446219.05563 7.32998
2446220.05567 6.01051
2446221.05572 3.69116
2446222.05576 3.11562
2446223.05581 4.00574
2446224.05585 6.16695
2446225.05590 9.06049
2446226.05595 12.62445
2446227.05599 12.16628
2446228.05604 13.87703
2446229.05608 9.97028
2446230.05613 4.83554
2446231.05617 2.87982
2446232.05622 2.62386
2446233.05627 3.34603
2446234.05631 5.18874
2446235.05636 11.11716
2446236.05640 11.39898
2446237.05645 12.66786
2446238.05649 11.81263
2446239.05654 10.11780
2446240.05658 5.38203
2446241.05663 3.60056
2446242.05668 2.13324
2446243.05672 3.22523
2446244.05677 6.04515
2446245.05681 8.67135
2446246.05686 11.46157
2446247.05690 14.08426
2446248.05695 10.52087
2446249.05700 8.31984
2446250.05704 5.13272
2446251.05709 2.82910
2446252.05713 2.30717
2446253.05718 3.40439
2446254.05722 5.98817
2446255.05727 9.21950
2446256.05731 12.35113
2446257.05736 11.43020
2446258.05741 13.45470
2446259.05745 8.82101
2446260.05750 6.08565
2446261.05754 3.78062
2446262.05759 2.32292
2446263.05763 3.45898
2446264.05768 5.70280
2446265.05773 9.82021
2446266.05777 11.83017
2446267.05782 12.97621
2446268.05786 10.13866
2446269.05791 8.29493
2446270.05795 4.78017
2446271.05800 2.60098
2446272.05805 2.27076
2446273.05809 3.67108
2446274.05814 5.89823
2446275.05818 9.29314
2446461.06667 1.25107
2446462.06672 0.81963
2446463.06676 2.72149
2446464.06681 5.50911
2446465.06685 7.85072
2446466.06690 10.89133
2446467.06694 9.58898
2446468.06699 8.63863
2446469.06703 6.35184
2446470.06708 3.13092
2446471.06713 1.06512
2446472.06717 0.90710
2446473.06722 2.61933
2446474.06726 5.09959
2446475.06731 8.08006
2446476.06735 7.83116
2446477.06740 11.12184
2446478.06745 10.27333
2446479.06749 6.17184
2446480.06754 2.79144
2446481.06758 1.08843
2446482.06763 0.99004
2446483.06767 2.03415
2446484.06772 5.39465
2446485.06776 9.34622
2446486.06781 9.36768
2446487.06786 8.94650
2446488.06790 7.96682
2446489.06795 5.65683
2446490.06799 2.98174
2446491.06804 0.96658
2446492.06808 0.77742
2446493.06813 2.67801
2446494.06818 5.61787
2446495.06822 8.74087
2446496.06827 10.07344
2446497.06831 10.84186
2446498.06836 9.33348
2446499.06840 6.08143
2446500.06845 2.79940
2446501.06850 0.90900
2446502.06854 0.82796
2446503.06859 2.89646
2446504.06863 5.70529
2446505.06868 8.75069
2446506.06872 11.77793
2446507.06877 10.80248
2446508.06881 7.74718
2446509.06886 5.57888
2446510.06891 2.12141
2446511.06895 0.72353
2446512.06900 0.54548
2446513.06904 2.96934
2446514.06909 6.55076
2446515.06913 9.33353
2446516.06918 10.93213
2446517.06923 9.71478
2446518.06927 6.88436
2446519.06932 5.19405
2446520.06936 2.54620
2446521.06941 0.68563
2446522.06945 0.75870
2446523.06950 2.39885
2446524.06954 4.53562
2446525.06959 9.57496
2446526.06964 8.66668
2446527.06968 8.36584
2446528.06973 8.00480
2446529.06977 5.78865
2446530.06982 2.71091
2446531.06986 0.77957
2446532.06991 0.62061
2446533.06996 2.63598
2446534.07000 4.88607
2446535.07005 9.36464
2446536.07009 9.04091
2446537.07014 10.48833
2446538.07018 7.73936
2446539.07023 5.88647
2446540.07027 2.21824
2446541.07032 0.60842
2446542.07037 0.73145
2446543.07041 2.14937
2446544.07046 5.22069
2446545.07050 8.59855
2446546.07055 10.00334
2446547.07059 10.44733
2446548.07064 9.08265
2446549.07069 5.24068
2446550.07073 2.21948
2446551.07078 0.61707
2446552.07082 0.66891
2446553.07087 2.71114
2446554.07091 5.90944
2446555.07096 8.94684
2446556.07100 9.95059
2446557.07105 8.52276
2446558.07110 7.26503
2446559.07114 5.44894
2446560.07119 2.56362
2446561.07123 0.54905
2446562.07128 0.62308
2446563.07132 2.45138
2446564.07137 4.69264
2446565.07142 7.42494
2446566.07146 9.89657
2446567.07151 10.31840
2446568.07155 7.74075
2446569.07160 4.82156
2446570.07164 2.13696
2446571.07169 0.49115
2446572.07173 0.57407
2446573.07178 2.49056
2446574.07183 4.41386
2446575.07187 7.98934
2446576.07192 9.54929
2446577.07196 8.83280
2446578.07201 8.45590
2446579.07205 5.38464
2446580.07210 1.84359
2446581.07215 0.39656
2446582.07219 0.67586
2446583.07224 2.38005
2446584.07228 5.27433
2446585.07233 9.64394
2446586.07237 9.81585
2446587.07242 10.19517
2446588.07247 8.10191
2446589.07251 5.31523
2446590.07256 2.18288
2446591.07260 0.39701
2446592.07265 0.54729
2446593.07269 2.90837
2446594.07274 5.44018
2446595.07278 8.73613
2446596.07283 11.58913
2446597.07288 10.53850
2446598.07292 9.04041
2446599.07297 3.92105
2446600.07301 1.92029
2446601.07306 0.30397
2446602.07310 0.53708
2446603.07315 2.75538
2446604.07320 5.68335
2446605.07324 8.05442
2446606.07329 9.90523
2446607.07333 10.39880
2446608.07338 7.96465
2446609.07342 4.70880
2446610.07347 2.18739
2446611.07351 0.38370
2446612.07356 0.45671
2446613.07361 2.67001
2446614.07365 6.25890
2446615.07370 8.46463
2446616.07374 8.53786
2446617.07379 9.54983
2446618.07383 7.83696
2446619.07388 3.43459
2446620.07393 1.86797
2446621.07397 0.30739
2446622.07402 0.66470
2446623.07406 2.32799
2446624.07411 5.04691
2446625.07415 7.46150
2446626.07420 9.55309
2446627.07424 10.23652
2446628.07429 8.69333
2446629.07434 4.61542
2446630.07438 2.11937
2446631.07443 0.30750
2446632.07447 0.54375
2446633.07452 2.76235
2446634.07456 5.07768
2446635.07461 9.76744
2446636.07466 10.00334
2446637.07470 9.85692
2446638.07475 7.96223
2446639.07479 5.08461
2446640.07484 1.88156
2446827.08337 8.46293
2446828.08342 6.23668
2446829.08346 3.20429
2446830.08351 1.03637
2446831.08355 0.11483
2446832.08360 1.01179
2446833.08365 3.24461
2446834.08369 6.63402
2446835.08374 11.13193
2446836.08378 9.19153
2446837.08383 9.54601
2446838.08387 6.53446
2446839.08392 4.14421
2446840.08396 0.89160
2446841.08401 0.09793
2446842.08406 1.00041
2446843.08410 3.61074
2446844.08415 6.69272
2446845.08419 10.35489
2446846.08424 10.36308
2446847.08428 7.41106
2446848.08433 6.29643
2446849.08438 3.17518
2446850.08442 0.85595
2446851.08447 0.13303
2446852.08451 0.94680
2446853.08456 3.32455
2446854.08460 6.52534
2446855.08465 10.25870
2446856.08469 10.94983
2446857.08474 8.93931
2446858.08479 6.28107
2446859.08483 3.46162
2446860.08488 1.08810
2446861.08492 0.16002
2446862.08497 1.26146
2446863.08501 3.78125
2446864.08506 6.78921
2446865.08511 8.77651
2446866.08515 8.98179
2446867.08520 9.00837
2446868.08524 6.49198
2446869.08529 3.89877
2446870.08533 1.14671
2446871.08538 0.18398
2446872.08542 0.99554
2446873.08547 3.17842
2446874.08552 6.11331
2446875.08556 10.29449
2446876.08561 11.06104
2446877.08565 8.40266
2446878.08570 6.81864
2446879.08574 3.79281
2446880.08579 0.90401
2446881.08584 0.21230
2446882.08588 1.35784
2446883.08593 4.14215
2446884.08597 8.27677
2446885.08602 9.28535
2446886.08606 11.44913
2446887.08611 10.36513
2446888.08615 6.43181
2446889.08620 4.20661
2446890.08625 1.16139
2446891.08629 0.21030
2446892.08634 1.25643
2446893.08638 3.90335
2446894.08643 6.53479
2446895.08647 8.69767
2446896.08652 10.16075
2446897.08657 9.97085
2446898.08661 6.05401
2446899.08666 3.88510
2446900.08670 1.15313
2446901.08675 0.30070
2446902.08679 1.38606
2446903.08684 4.40658
2446904.08689 7.43726
2446905.08693 9.46833
2446906.08698 10.06939
2446907.08702 9.24443
2446908.08707 5.65631
2446909.08711 3.80696
2446910.08716 0.95396
2446911.08720 0.35848
2446912.08725 1.34134
2446913.08730 3.60137
2446914.08734 7.36778
2446915.08739 10.59980
2446916.08743 11.38230
2446917.08748 7.81956
2446918.08752 7.81894
2446919.08757 3.60416
2446920.08762 1.16254
2446921.08766 0.34123
2446922.08771 1.37448
2446923.08775 4.17807
2446924.08780 5.88703
2446925.08784 8.88543
2446926.08789 10.78881
2446927.08793 9.70827
2446928.08798 6.35438
2446929.08803 2.51559
2446930.08807 1.06260
2446931.08812 0.45594
2446932.08816 1.42051
2446933.08821 3.90038
2446934.08825 7.29074
2446935.08830 8.54705
2446936.08835 9.15571
2446937.08839 8.69147
2446938.08844 6.56069
2446939.08848 3.22796
2446940.08853 1.19067
2446941.08857 0.49081
2446942.08862 1.90166
2446943.08866 3.89987
2446944.08871 7.77177
2446945.08876 9.34571
2446946.08880 11.21655
2446947.08885 8.48352
2446948.08889 7.86796
2446949.08894 3.27199
2446950.08898 1.18510
2446951.08903 0.46036
2446952.08908 1.34617
2446953.08912 3.94787
2446954.08917 6.32257
2446955.08921 9.98768
2446956.08926 10.27532
2446957.08930 8.70058
2446958.08935 7.28055
2446959.08939 3.35220
2446960.08944 1.32035
2446961.08949 0.59111
2446962.08953 1.78180
2446963.08958 3.37524
2446964.08962 7.02633
2446965.08967 8.66281
2446966.08971 10.95098
2446967.08976 9.03845
2446968.08981 6.70668
2446969.08985 3.21769
2446970.08990 1.28314
2446971.08994 0.64017
2446972.08999 2.22892
2446973.09003 4.94624
2446974.09008 7.25449
2446975.09013 10.99796
2446976.09017 11.13146
2446977.09022 8.38034
2446978.09026 7.18850
2446979.09031 3.53191
2446980.09035 1.24973
2446981.09040 0.70796
2446982.09044 1.74939
2446983.09049 3.60709
2446984.09054 6.90751
2446985.09058 9.70747
2446986.09063 9.84281
2446987.09067 9.94597
2446988.09072 7.05652
2446989.09076 3.39165
2446990.09081 1.37726
2446991.09086 0.67057
2446992.09090 2.27961
2446993.09095 5.51496
2446994.09099 7.22532
2446995.09104 8.39112
2446996.09108 9.73593
2446997.09113 10.35636
2446998.09117 5.35899
2446999.09122 3.67442
2447000.09127 1.18068
2447001.09131 0.65983
2447002.09136 2.22956
2447003.09140 4.74636
2447004.09145 8.71737
2447005.09149 11.41659
2447006.09154 9.76353
2447192.10003 4.01497
2447193.10007 7.17563
2447194.10012 9.18077
2447195.10016 12.68164
2447196.10021 11.92255
2447197.10026 9.55555
2447198.10030 6.79999
2447199.10035 4.70736
2447200.10039 2.27357
2447201.10044 2.71840
2447202.10048 4.24710
2447203.10053 5.78332
2447204.10057 8.19838
2447205.10062 11.23080
2447206.10067 12.23113
2447207.10071 10.09557
2447208.10076 6.77644
2447209.10080 4.19681
2447210.10085 2.63757
2447211.10089 1.81957
2447212.10094 4.27757
2447213.10099 7.04622
2447214.10103 11.02922
2447215.10108 11.55474
2447216.10112 9.91827
2447217.10117 10.82872
2447218.10121 6.34870
2447219.10126 4.05297
2447220.10131 2.23853
2447221.10135 2.54139
2447222.10140 4.51362
2447223.10144 6.34087
2447224.10149 11.40049
2447225.10153 10.42659
2447226.10158 13.31524
2447227.10162 10.39971
2447228.10167 5.56012
2447229.10172 4.61086
2447230.10176 2.56419
2447231.10181 3.04191
2447232.10185 4.05383
2447233.10190 7.26046
2447234.10194 8.53279
2447235.10199 12.64929
2447236.10204 13.79398
2447237.10208 10.59958
2447238.10213 7.56595
2447239.10217 4.27036
2447240.10222 2.68808
2447241.10226 2.99766
2447242.10231 4.87516
2447243.10235 7.61844
2447244.10240 9.34673
2447245.10245 12.38590
2447246.10249 10.68421
2447247.10254 8.79205
2447248.10258 7.97190
2447249.10263 4.23603
2447250.10267 3.10277
2447251.10272 2.95814
2447252.10277 5.45205
2447253.10281 8.19662
2447254.10286 10.62678
2447255.10290 12.95695
2447256.10295 12.06435
2447257.10299 11.02748
2447258.10304 7.46683
2447259.10308 3.92764
2447260.10313 2.40764
2447261.10318 2.59200
2447262.10322 5.53768
2447263.10327 7.53165
2447264.10331 11.61681
2447265.10336 11.87953
2447266.10340 13.51785
2447267.10345 10.69718
2447268.10350 8.64603
2447269.10354 4.54361
2447270.10359 3.32392
2447271.10363 3.31192
2447272.10368 5.41326
2447273.10372 7.42503
2447274.10377 9.85817
2447275.10381 13.89140
2447276.10386 12.88253
2447277.10391 10.02330
2447278.10395 7.40522
2447279.10400 3.87700
2447280.10404 3.23902
2447281.10409 3.98851
2447282.10413 4.07411
2447283.10418 7.23142
2447284.10423 10.92169
2447285.10427 13.90490
2447286.10432 11.92137
2447287.10436 11.50038
2447288.10441 6.34875
2447289.10445 4.41286
2447290.10450 3.29948
2447291.10455 3.86969
2447292.10459 4.69182
2447293.10464 9.35707
2447294.10468 13.85330
2447295.10473 12.75674
2447296.10477 11.39365
2447297.10482 10.73831
2447298.10486 6.97144
2447299.10491 4.17800
2447300.10496 2.79812
2447301.10500 3.12824
2447302.10505 5.92864
2447303.10509 8.62565
2447304.10514 11.19148
2447305.10518 14.70990
2447306.10523 12.43383
2447307.10528 10.04182
2447308.10532 6.83912
2447309.10537 4.98788
2447310.10541 3.55920
2447311.10546 3.52794
2447312.10550 6.59310
2447313.10555 7.61321
2447314.10559 10.45157
2447315.10564 16.39591
2447316.10569 12.96688
2447317.10573 9.00460
2447318.10578 6.80304
2447319.10582 5.02104
2447320.10587 3.32928
2447321.10591 3.93887
2447322.10596 6.13332
2447323.10601 8.61742
2447324.10605 8.30814
2447325.10610 11.63612
2447326.10614 12.11870
2447327.10619 10.30955
2447328.10623 8.26832
2447329.10628 5.53794
2447330.10632 3.11293
2447331.10637 3.16360
2447332.10642 6.01458
2447333.10646 8.90853
2447334.10651 12.10496
2447335.10655 13.43567
2447336.10660 10.37246
2447337.10664 10.85282
2447338.10669 7.05094
2447339.10674 4.65935
2447340.10678 3.30085
2447341.10683 4.18238
2447342.10687 6.38070
2447343.10692 7.30103
2447344.10696 9.95455
2447345.10701 13.12497
2447346.10705 13.28605
2447347.10710 12.05087
2447348.10715 7.35519
2447349.10719 5.23387
2447350.10724 3.86059
2447351.10728 3.79404
2447352.10733 5.91158
2447353.10737 8.65574
2447354.10742 12.86177
2447355.10747 14.38046
2447356.10751 13.63635
2447357.10756 11.89025
2447358.10760 8.07431
2447359.10765 4.69544
2447360.10769 3.57683
2447361.10774 4.84905
2447362.10778 6.33858
2447363.10783 9.24412
2447364.10788 10.53989
2447365.10792 12.12696
2447366.10797 12.60040
2447367.10801 11.74114
2447368.10806 7.80767
2447369.10810 3.97912
2447370.10815 3.98876
2447371.10820 4.69407
2447557.11668 13.47302
2447558.11673 9.34199
2447559.11677 6.64944
2447560.11682 5.59562
2447561.11687 7.65236
2447562.11691 9.60863
2447563.11696 11.04129
2447564.11700 15.49932
2447565.11705 16.60095
2447566.11709 15.44213
2447567.11714 13.49837
2447568.11719 7.39733
2447569.11723 7.06384
2447570.11728 5.71670
2447571.11732 7.22127
2447572.11737 10.68990
2447573.11741 13.83501
2447574.11746 16.18711
2447575.11750 12.19028
2447576.11755 16.51553
2447577.11760 13.23284
2447578.11764 10.71603
2447579.11769 7.97854
2447580.11773 5.60824
2447581.11778 6.39661
2447582.11782 9.15156
2447583.11787 12.51685
2447584.11792 15.03275
2447585.11796 19.63520
2447586.11801 12.96937
2447587.11805 12.14918
2447588.11810 9.94419
2447589.11814 7.57242
2447590.11819 6.46661
2447591.11823 8.21126
2447592.11828 12.88088
2447593.11833 12.70307
2447594.11837 17.44414
2447595.11842 15.84172
2447596.11846 13.30432
2447597.11851 13.81099
2447598.11855 10.64220
2447599.11860 8.05201
2447600.11865 8.29530
2447601.11869 6.65091
2447602.11874 11.15102
2447603.11878 12.05612
2447604.11883 16.05353
2447605.11887 15.61204
2447606.11892 15.96481
2447607.11897 12.99351
2447608.11901 10.17214
2447609.11906 6.75044
2447610.11910 7.37613
2447611.11915 7.03846
2447612.11919 11.35331
2447613.11924 13.25806
2447614.11928 16.68076
2447615.11933 14.43170
2447616.11938 17.06330
2447617.11942 12.09516
2447618.11947 9.52387
2447619.11951 7.05052
2447620.11956 6.98287
2447621.11960 9.12171
2447622.11965 11.33450
2447623.11970 12.93872
2447624.11974 17.17613
2447625.11979 17.27798
2447626.11983 16.66660
2447627.11988 10.96994
2447628.11992 10.92031
2447629.11997 7.14426
2447630.12001 6.88762
2447631.12006 7.46921
2447632.12011 12.96089
2447633.12015 14.66352
2447634.12020 18.18819
2447635.12024 16.82842
2447636.12029 14.45716
2447637.12033 12.60993
2447638.12038 10.20621
2447639.12043 6.90079
2447640.12047 6.93589
2447641.12052 7.51210
2447642.12056 9.51625
2447643.12061 14.51896
2447644.12065 19.88743
2447645.12070 18.68522
2447646.12074 17.37342
2447647.12079 12.98236
2447648.12084 11.04488
2447649.12088 8.34550
2447650.12093 6.75679
2447651.12097 8.12440
2447652.12102 11.27958
2447653.12106 15.79326
2447654.12111 18.81974
2447655.12116 18.47455
2447656.12120 19.80521
2447657.12125 13.13176
2447658.12129 9.75669
2447659.12134 7.71343
2447660.12138 7.59792
2447661.12143 7.67330
2447662.12147 10.49845
2447663.12152 15.21004
2447664.12157 18.52018
2447665.12161 15.70211
2447666.12166 13.71186
2447667.12170 12.01980
2447668.12175 10.51116
2447669.12179 8.62134
2447670.12184 9.18508
2447671.12189 8.90069
2447672.12193 9.48259
2447673.12198 16.17420
2447674.12202 18.02395
2447675.12207 17.76141
2447676.12211 16.04815
2447677.12216 15.56726
2447678.12220 11.16208
2447679.12225 7.92510
2447680.12230 7.32882
2447681.12234 9.30945
2447682.12239 12.85336
2447683.12243 12.80786
2447684.12248 14.03308
2447685.12252 16.08292
2447686.12257 12.69845
2447687.12262 12.03044
2447688.12266 12.65912
2447689.12271 8.99435
2447690.12275 8.63085
2447691.12280 9.44529
2447692.12284 11.19843
2447693.12289 14.38887
2447694.12294 14.05829
2447695.12298 19.19064
2447696.12303 15.88052
2447697.12307 12.74001
2447698.12312 10.10058
2447699.12316 9.87478
2447700.12321 7.03871
2447701.12325 9.86634
2447702.12330 11.57941
2447703.12335 16.02420
2447704.12339 16.40374
2447705.12344 16.15535
2447706.12348 18.08290
2447707.12353 12.74924
2447708.12357 11.68881
2447709.12362 9.26730
2447710.12367 9.53416
2447711.12371 9.17605
2447712.12376 12.39525
2447713.12380 12.89452
2447714.12385 16.42696
2447715.12389 16.60420
2447716.12394 13.61762
2447717.12398 13.21023
2447718.12403 9.89010
2447719.12408 8.81952
2447720.12412 8.93507
2447721.12417 10.50859
2447722.12421 12.86110
2447723.12426 16.21660
2447724.12430 17.84277
2447725.12435 14.87277
2447726.12440 16.55886
2447727.12444 14.14367
2447728.12449 11.00502
2447729.12453 9.93458
2447730.12458 8.44991
2447731.12462 10.51175
2447732.12467 13.98940
2447733.12471 15.05909
2447734.12476 20.18184
2447735.12481 18.14183
2447736.12485 15.89042
2447922.13334 16.21462
2447923.13339 18.23677
2447924.13343 21.42444
2447925.13348 22.57049
2447926.13352 20.52835
2447927.13357 13.17670
2447928.13361 14.87368
2447929.13366 12.35290
2447930.13370 10.94671
2447931.13375 11.78251
2447932.13380 14.96956
2447933.13384 20.96869
2447934.13389 23.25410
2447935.13393 22.21545
2447936.13398 19.75962
2447937.13402 16.83318
2447938.13407 10.84136
2447939.13412 11.28285
2447940.13416 13.17621
2447941.13421 15.14672
2447942.13425 20.23771
2447943.13430 19.81399
2447944.13434 21.69872
2447945.13439 23.88832
2447946.13443 19.09022
2447947.13448 16.70679
2447948.13453 13.56667
2447949.13457 10.57361
2447950.13462 12.17193
2447951.13466 14.96470
2447952.13471 16.63768
2447953.13475 19.96590
2447954.13480 24.34157
2447955.13485 18.27486
2447956.13489 20.23055
2447957.13494 17.51325
2447958.13498 11.77507
2447959.13503 13.36388
2447960.13507 15.96135
2447961.13512 16.10079
2447962.13516 20.24866
2447963.13521 17.38821
2447964.13526 23.06884
2447965.13530 21.90596
2447966.13535 18.33835
2447967.13539 19.54770
2447968.13544 12.98523
2447969.13548 10.98684
2447970.13553 12.78017
2447971.13558 13.28847
2447972.13562 19.92478
2447973.13567 15.72795
2447974.13571 20.79921
2447975.13576 16.79788
2447976.13580 20.02390
2447977.13585 18.21599
2447978.13589 14.40499
2447979.13594 13.63539
2447980.13599 10.98934
2447981.13603 14.75639
2447982.13608 17.48541
2447983.13612 19.78692
2447984.13617 19.80623
2447985.13621 22.64013
2447986.13626 16.65798
2447987.13631 16.47319
2447988.13635 14.02082
2447989.13640 11.90797
2447990.13644 10.95938
2447991.13649 15.24906
2447992.13653 18.51612
2447993.13658 19.41429
2447994.13662 22.01684
2447995.13667 19.62713
2447996.13672 22.37470
2447997.13676 20.31435
2447998.13681 14.43938
2447999.13685 13.44167
2448000.13690 15.08088
2448001.13694 15.48428
2448002.13699 20.39334
2448003.13704 18.01104
2448004.13708 16.19345
2448005.13713 23.16551
2448006.13717 21.51926
2448007.13722 15.88141
2448008.13726 12.83615
2448009.13731 12.84301
2448010.13736 12.49845
2448011.13740 17.38419
2448012.13745 14.73548
2448013.13749 20.26974
2448014.13754 21.85599
2448015.13758 19.87132
2448016.13763 20.63454
2448017.13767 16.56749
2448018.13772 16.18131
2448019.13777 15.34197
2448020.13781 9.30122
2448021.13786 16.30748
2448022.13790 16.69548
2448023.13795 24.62984
2448024.13799 22.88058
2448025.13804 19.39926
2448026.13809 18.36907
2448027.13813 14.95323
2448028.13818 14.81148
2448029.13822 10.80389
2448030.13827 12.87033
2448031.13831 12.82093
2448032.13836 20.05647
2448033.13840 20.52395
2448034.13845 23.32370
2448035.13850 21.78544
2448036.13854 16.46335
2448037.13859 16.14576
2448038.13863 14.45058
2448039.13868 12.04774
2448040.13872 11.63757
2448041.13877 19.16093
2448042.13882 16.30472
2448043.13886 19.52645
2448044.13891 22.73350
2448045.13895 21.39211
2448046.13900 20.83380
2448047.13904 15.77008
2448048.13909 14.04150
2448049.13913 13.93933
2448050.13918 13.98425
2448051.13923 17.73746
2448052.13927 18.98466
2448053.13932 20.80030
2448054.13936 25.31202
2448055.13941 20.66887
2448056.13945 19.64525
2448057.13950 16.83180
2448058.13955 15.52034
2448059.13959 14.56929
2448060.13964 13.70025
2448061.13968 15.71301
2448062.13973 18.66010
2448063.13977 22.05654
2448064.13982 23.85732
2448065.13986 24.06052
2448066.13991 16.81844
2448067.13996 16.20830
2448068.14000 16.22037
2448069.14005 11.82763
2448070.14009 12.16770
2448071.14014 16.95000
2448072.14018 16.18793
2448073.14023 23.18973
2448074.14028 25.16628
2448075.14032 25.66883
2448076.14037 21.03113
2448077.14041 17.90860
2448078.14046 10.88396
2448079.14050 12.85471
2448080.14055 16.07641
2448081.14060 14.47394
2448082.14064 17.93786
2448083.14069 23.01773
2448084.14073 24.88961
2448085.14078 23.84980
2448086.14082 21.82141
2448087.14087 19.44593
2448088.14091 16.15952
2448089.14096 15.41129
2448090.14101 14.03737
2448091.14105 15.59807
2448092.14110 22.84039
2448093.14114 22.41221
2448094.14119 24.34486
2448095.14123 21.80433
2448096.14128 17.44740
2448097.14133 19.34643
2448098.14137 16.26421
2448099.14142 14.87462
2448100.14146 12.55872
2448101.14151 16.95280
2448288.15004 18.55561
2448289.15009 14.28799
2448290.15013 15.67828
2448291.15018 20.47678
2448292.15022 20.29502
2448293.15027 18.75452
2448294.15031 24.44295
2448295.15036 22.56541
2448296.15041 23.23666
2448297.15045 20.90450
2448298.15050 15.71533
2448299.15054 20.31919
2448300.15059 18.06750
2448301.15063 18.50422
2448302.15068 24.41911
2448303.15073 26.26957
2448304.15077 27.17525
2448305.15082 28.68171
2448306.15086 19.74891
2448307.15091 20.49370
2448308.15095 17.13360
2448309.15100 13.38572
2448310.15104 14.83138
2448311.15109 22.63754
2448312.15114 25.08640
2448313.15118 29.41751
2448314.15123 26.63490
2448315.15127 20.06294
2448316.15132 21.57006
2448317.15136 18.82358
2448318.15141 16.92964
2448319.15146 14.76655
2448320.15150 20.28908
2448321.15155 18.48497
2448322.15159 23.33576
2448323.15164 23.37505
2448324.15168 27.84437
2448325.15173 21.45637
2448326.15178 19.08060
2448327.15182 21.32952
2448328.15187 17.97297
2448329.15191 19.57345
2448330.15196 18.31439
2448331.15200 21.06227
2448332.15205 21.13909
2448333.15209 28.74705
2448334.15214 28.78863
2448335.15219 27.46620
2448336.15223 23.02989
2448337.15228 18.39565
2448338.15232 17.34104
2448339.15237 17.21200
2448340.15241 17.79236
2448341.15246 20.03988
2448342.15251 25.52919
2448343.15255 28.60839
2448344.15260 23.84427
2448345.15264 25.52550
2448346.15269 26.14280
2448347.15273 18.11731
2448348.15278 16.91364
2448349.15282 15.57784
2448350.15287 18.07205
2448351.15292 21.51360
2448352.15296 24.05444
2448353.15301 28.18462
2448354.15305 26.69331
2448355.15310 26.10371
2448356.15314 21.46974
2448357.15319 17.35670
2448358.15324 20.85182
2448359.15328 18.18261
2448360.15333 16.98946
2448361.15337 20.99677
2448362.15342 25.58656
2448363.15346 25.13066
2448364.15351 26.50521
2448365.15355 26.52983
2448366.15360 23.44456
2448367.15365 16.54632
2448368.15369 17.52157
2448369.15374 14.17940
2448370.15378 19.02974
2448371.15383 21.75953
2448372.15387 24.27533
2448373.15392 27.77004
2448374.15397 21.63469
2448375.15401 24.26642
2448376.15406 21.12489
2448377.15410 18.73940
2448378.15415 16.17184
2448379.15419 16.21901
2448380.15424 16.17158
2448381.15428 21.05493
2448382.15433 24.76844
2448383.15438 28.33473
2448384.15442 25.89796
2448385.15447 27.11743
2448386.15451 22.11260
2448387.15456 22.05604
2448388.15460 18.29088
2448389.15465 16.59864
2448390.15470 20.76747
2448391.15474 19.94664
2448392.15479 25.33125
2448393.15483 24.16799
2448394.15488 29.47470
2448395.15492 29.56276
2448396.15497 18.40448
2448397.15502 19.45348
2448398.15506 21.40052
2448399.15511 15.90514
2448400.15515 18.21899
2448401.15520 21.76612
2448402.15524 23.28857
2448403.15529 30.64254
2448404.15533 30.24446
2448405.15538 21.54725
2448406.15543 21.98115
2448407.15547 23.26090
2448408.15552 16.59710
2448409.15556 17.87966
2448410.15561 16.58273
2448411.15565 23.37729
2448412.15570 25.59165
2448413.15575 24.51370
2448414.15579 28.95763
2448415.15584 22.79007
2448416.15588 25.30750
2448417.15593 22.09988
2448418.15597 19.18790
2448419.15602 17.96511
2448420.15606 17.56049
2448421.15611 19.44305
2448422.15616 26.75599
2448423.15620 20.97287
2448424.15625 24.41222
2448425.15629 26.35378
2448426.15634 21.38704
2448427.15638 23.17356
2448428.15643 16.36707
2448429.15648 16.30552
2448430.15652 18.05935
2448431.15657 19.39493
2448432.15661 27.61702
2448433.15666 21.97064
2448434.15670 27.10830
2448435.15675 29.53117
2448436.15679 24.40530
2448437.15684 20.33313
2448438.15689 16.79925
2448439.15693 17.22456
2448440.15698 20.49436
2448441.15702 26.28147
2448442.15707 24.05146
2448443.15711 21.74016
2448444.15716 30.32358
2448445.15721 25.80313
2448446.15725 23.20022
2448447.15730 18.88225
2448448.15734 16.52830
2448449.15739 14.86264
2448450.15743 20.22048
2448451.15748 24.05574
2448452.15752 26.41220
2448453.15757 25.31898
2448454.15762 33.30496
2448455.15766 29.43572
2448456.15771 24.69347
2448457.15775 19.55563
2448458.15780 20.00504
2448459.15784 17.82452
2448460.15789 22.33497
2448461.15794 22.46493
2448462.15798 23.40662
2448463.15803 30.37052
2448464.15807 31.11381
2448465.15812 26.49428
2448466.15816 23.77875
2448467.15821 22.26064
2448653.16670 23.99821
2448654.16674 30.02541
2448655.16679 26.75201
2448656.16683 22.08386
2448657.16688 21.86971
2448658.16693 23.67372
2448659.16697 17.50022
2448660.16702 22.71206
2448661.16706 23.77108
2448662.16711 25.10947
2448663.16715 27.27483
2448664.16720 30.41424
2448665.16724 26.12121
2448666.16729 25.25396
2448667.16734 19.92815
2448668.16738 21.26730
2448669.16743 17.21115
2448670.16747 23.88590
2448671.16752 20.70902
2448672.16756 28.44678
2448673.16761 28.06615
2448674.16766 23.65372
2448675.16770 28.43217
2448676.16775 24.63310
2448677.16779 20.50484
2448678.16784 15.11382
2448679.16788 20.92645
2448680.16793 22.27306
2448681.16797 18.93035
2448682.16802 29.08046
2448683.16807 33.72032
2448684.16811 23.71483
2448685.16816 24.09456
2448686.16820 24.32468
2448687.16825 24.44766
2448688.16829 19.65429
2448689.16834 20.81123
2448690.16839 17.53559
2448691.16843 26.17053
2448692.16848 26.57302
2448693.16852 30.41022
2448694.16857 31.93480
2448695.16861 30.74863
2448696.16866 25.54755
2448697.16870 20.41381
2448698.16875 17.94374
2448699.16880 18.05304
2448700.16884 20.91720
2448701.16889 29.13421
2448702.16893 25.21586
2448703.16898 26.38773
2448704.16902 27.18118
2448705.16907 25.64875
2448706.16912 21.49267
2448707.16916 21.83467
2448708.16921 20.65795
2448709.16925 19.43002
2448710.16930 22.15696
2448711.16934 24.08408
2448712.16939 30.49545
2448713.16944 26.88735
2448714.16948 25.77451
2448715.16953 31.88903
2448716.16957 20.32186
2448717.16962 21.85035
2448718.16966 18.63523
2448719.16971 22.86543
2448720.16975 19.94481
2448721.16980 25.84258
2448722.16985 28.79646
2448723.16989 32.13658
2448724.16994 27.63078
2448725.16998 31.00584
2448726.17003 24.62027
2448727.17007 23.21544
2448728.17012 21.91982
2448729.17017 20.37329
2448730.17021 21.68970
2448731.17026 23.29733
2448732.17030 28.46276
2448733.17035 26.96341
2448734.17039 29.15637
2448735.17044 29.19346
2448736.17048 22.46511
2448737.17053 17.75774
2448738.17058 19.37418
2448739.17062 19.79958
2448740.17067 23.14780
2448741.17071 25.61516
2448742.17076 28.05394
2448743.17080 30.38988
2448744.17085 29.82904
2448745.17090 28.29670
2448746.17094 21.90186
2448747.17099 20.00455
2448748.17103 18.47152
2448749.17108 21.48116
2448750.17112 20.89955
2448751.17117 24.81472
2448752.17121 34.16399
2448753.17126 30.72213
2448754.17131 29.72904
2448755.17135 24.47388
2448756.17140 26.00586
2448757.17144 20.40913
2448758.17149 22.15318
2448759.17153 19.74296
2448760.17158 19.13922
2448761.17163 24.35333
2448762.17167 27.37017
2448763.17172 27.91916
2448764.17176 30.40983
2448765.17181 30.66592
2448766.17185 18.78241
2448767.17190 19.23325
2448768.17194 20.76990
2448769.17199 18.30295
2448770.17204 25.13935
2448771.17208 23.08416
2448772.17213 28.96299
2448773.17217 25.87656
2448774.17222 29.25854
2448775.17226 21.58995
2448776.17231 22.26184
2448777.17236 20.50690
2448778.17240 21.55266
2448779.17245 22.36716
2448780.17249 22.73438
2448781.17254 27.99858
2448782.17258 26.25359
2448783.17263 32.49170
2448784.17268 31.33632
2448785.17272 27.05289
2448786.17277 25.15211
2448787.17281 19.79166
2448788.17286 19.95796
2448789.17290 22.69878
2448790.17295 23.20548
2448791.17299 24.95796
2448792.17304 28.77549
2448793.17309 24.05002
2448794.17313 29.67553
2448795.17318 23.45727
2448796.17322 19.98894
2448797.17327 20.60777
2448798.17331 21.65860
2448799.17336 19.81191
2448800.17341 23.16590
2448801.17345 26.99682
2448802.17350 28.59666
2448803.17354 30.20280
2448804.17359 27.71973
2448805.17363 24.44571
2448806.17368 23.56003
2448807.17372 23.46914
2448808.17377 18.68584
2448809.17382 20.44451
2448810.17386 22.16614
2448811.17391 31.22279
2448812.17395 31.05551
2448813.17400 27.76251
2448814.17404 21.19916
2448815.17409 27.67203
2448816.17414 21.99855
2448817.17418 16.32138
2448818.17423 18.60083
2448819.17427 23.62158
2448820.17432 23.93715
2448821.17436 24.32229
2448822.17441 28.62676
2448823.17445 29.75680
2448824.17450 30.98070
2448825.17455 26.90845
2448826.17459 24.33565
2448827.17464 19.32216
2448828.17468 20.91720
2448829.17473 15.46027
2448830.17477 25.73751
2448831.17482 24.48977
2448832.17487 30.14595
2449018.18335 19.94579
2449019.18340 17.16445
2449020.18344 20.19937
2449021.18349 28.61294
2449022.18354 27.51819
2449023.18358 25.86492
2449024.18363 29.01416
2449025.18367 26.46142
2449026.18372 21.48428
2449027.18376 22.38603
2449028.18381 17.66083
2449029.18386 19.93698
2449030.18390 22.14636
2449031.18395 31.71981
2449032.18399 25.33255
2449033.18404 31.24618
2449034.18408 30.75584
2449035.18413 24.21497
2449036.18417 21.20005
2449037.18422 24.08535
2449038.18427 19.56408
2449039.18431 22.36482
2449040.18436 25.29932
2449041.18440 24.90156
2449042.18445 25.38759
2449043.18449 26.34663
2449044.18454 23.30362
2449045.18459 27.38690
2449046.18463 18.09523
2449047.18468 20.46549
2449048.18472 22.22472
2449049.18477 15.58999
2449050.18481 20.50673
2449051.18486 23.95515
2449052.18490 30.89179
2449053.18495 31.50230
2449054.18500 26.15288
2449055.18504 27.84417
2449056.18509 22.14572
2449057.18513 20.60454
2449058.18518 19.79915
2449059.18522 23.21133
2449060.18527 25.38015
2449061.18532 27.07389
2449062.18536 23.64432
2449063.18541 31.32201
2449064.18545 30.01364
2449065.18550 25.23927
2449066.18554 24.80395
2449067.18559 21.38633
2449068.18563 20.01359
2449069.18568 23.05662
2449070.18573 21.87679
2449071.18577 27.53154
2449072.18582 30.06719
2449073.18586 32.94265
2449074.18591 25.89243
2449075.18595 22.59384
2449076.18600 23.89544
2449077.18605 19.50662
2449078.18609 17.63089
2449079.18614 21.98951
2449080.18618 29.81688
2449081.18623 28.28130
2449082.18627 25.35967
2449083.18632 27.07757
2449084.18636 24.99808
2449085.18641 22.21970
2449086.18646 22.13751
2449087.18650 18.91720
2449088.18655 23.13086
2449089.18659 20.08749
2449090.18664 25.13359
2449091.18668 27.78523
2449092.18673 31.76802
2449093.18678 27.50947
2449094.18682 24.14345
2449095.18687 23.60840
2449096.18691 23.51359
2449097.18696 19.71580
2449098.18700 18.68056
2449099.18705 23.49779
2449100.18710 25.11917
2449101.18714 20.39819
2449102.18719 26.76630
2449103.18723 33.28913
2449104.18728 28.04148
2449105.18732 25.43703
2449106.18737 18.47430
2449107.18741 21.58831
2449108.18746 20.46629
2449109.18751 21.07412
2449110.18755 22.51396
2449111.18760 28.18263
2449112.18764 26.11414
2449113.18769 29.87274
2449114.18773 25.55629
2449115.18778 23.13308
2449116.18783 19.86953
2449117.18787 21.94589
2449118.18792 21.07549
2449119.18796 23.34938
2449120.18801 25.05876
2449121.18805 27.54324
2449122.18810 33.87968
2449123.18814 28.10042
2449124.18819 32.25539
2449125.18824 28.31972
2449126.18828 24.56721
2449127.18833 21.92798
2449128.18837 23.74014
2449129.18842 22.13961
2449130.18846 23.18428
2449131.18851 25.86653
2449132.18856 26.10997
2449133.18860 32.73442
2449134.18865 30.44174
2449135.18869 26.57546
2449136.18874 19.53942
2449137.18878 22.14848
2449138.18883 19.11535
2449139.18887 19.50515
2449140.18892 29.40281
2449141.18897 25.28900
2449142.18901 29.00654
2449143.18906 25.62222
2449144.18910 27.75194
2449145.18915 26.35331
2449146.18919 24.67546
2449147.18924 18.54913
2449148.18929 20.43993
2449149.18933 19.53785
2449150.18938 23.68189
2449151.18942 28.79862
2449152.18947 24.59467
2449153.18951 31.11133
2449154.18956 23.08984
2449155.18960 24.98497
2449156.18965 21.31999
2449157.18970 18.96635
2449158.18974 19.26529
2449159.18979 23.79832
2449160.18983 21.80738
2449161.18988 25.36557
2449162.18992 35.02661
2449163.18997 31.27831
2449164.19002 28.03159
2449165.19006 26.89404
2449166.19011 21.52032
2449167.19015 20.07459
2449168.19020 17.89739
2449169.19024 22.99447
2449170.19029 22.56792
2449171.19033 30.98832
2449172.19038 26.72117
2449173.19043 29.29356
2449174.19047 23.85781
2449175.19052 22.15457
2449176.19056 20.02824
2449177.19061 22.47932
2449178.19065 21.06045
2449179.19070 22.99288
2449180.19075 27.65065
2449181.19079 27.25999
2449182.19084 23.73819
2449183.19088 29.32141
2449184.19093 28.80568
2449185.19097 23.78363
2449186.19102 24.44720
2449187.19107 18.69214
2449188.19111 16.45092
2449189.19116 22.48383
2449190.19120 24.92656
2449191.19125 23.86582
2449192.19129 27.63677
2449193.19134 29.64654
2449194.19138 21.93224
2449195.19143 23.88287
2449196.19148 21.32332
2449197.19152 22.22322
2449383.20001 32.53614
2449384.20005 24.55295
2449385.20010 18.69446
2449386.20015 22.04081
2449387.20019 16.31879
2449388.20024 20.42332
2449389.20028 21.60988
2449390.20033 25.38250
2449391.20037 27.88147
2449392.20042 26.95982
2449393.20047 29.63738
2449394.20051 24.12972
2449395.20056 26.11037
2449396.20060 20.64007
2449397.20065 18.08475
2449398.20069 17.34441
2449399.20074 22.80938
2449400.20078 22.58454
2449401.20083 23.29843
2449402.20088 28.04104
2449403.20092 22.37945
2449404.20097 25.89599
2449405.20101 20.72837
2449406.20106 22.57958
2449407.20110 17.76604
2449408.20115 19.65256
2449409.20120 23.30679
2449410.20124 23.23965
2449411.20129 28.07977
2449412.20133 31.79947
2449413.20138 25.70315
2449414.20142 25.20268
2449415.20147 24.27561
2449416.20152 18.78530
2449417.20156 17.52115
2449418.20161 16.38563
2449419.20165 17.22577
2449420.20170 22.04124
2449421.20174 21.32944
2449422.20179 29.61101
2449423.20183 24.16861
2449424.20188 28.72519
2449425.20193 26.90059
2449426.20197 18.77719
2449427.20202 18.32792
2449428.20206 18.85647
2449429.20211 18.85730
2449430.20215 19.07074
2449431.20220 22.87627
2449432.20225 20.77072
2449433.20229 23.65676
2449434.20234 28.04136
2449435.20238 20.43963
2449436.20243 19.04536
2449437.20247 20.52498
2449438.20252 17.20670
2449439.20256 20.00609
2449440.20261 22.37534
2449441.20266 30.29257
2449442.20270 28.14725
2449443.20275 27.90509
2449444.20279 25.95893
2449445.20284 20.96009
2449446.20288 18.05054
2449447.20293 18.17075
2449448.20298 17.82153
2449449.20302 20.53827
2449450.20307 25.38345
2449451.20311 26.20753
2449452.20316 28.40900
2449453.20320 28.33414
2449454.20325 20.04132
2449455.20329 17.81929
2449456.20334 16.62200
2449457.20339 14.15998
2449458.20343 16.29592
2449459.20348 23.90678
2449460.20352 24.28132
2449461.20357 27.41357
2449462.20361 27.53624
2449463.20366 26.72172
2449464.20371 25.27150
2449465.20375 21.61441
2449466.20380 19.85733
2449467.20384 14.97576
2449468.20389 19.48538
2449469.20393 22.70020
2449470.20398 20.19339
2449471.20402 24.88877
2449472.20407 26.41248
2449473.20412 25.51620
2449474.20416 23.72664
2449475.20421 23.21943
2449476.20425 20.76377
2449477.20430 16.79108
2449478.20434 14.29604
2449479.20439 17.92743
2449480.20444 26.65076
2449481.20448 22.69920
2449482.20453 23.09448
2449483.20457 25.66601
2449484.20462 23.12177
2449485.20466 17.50984
2449486.20471 18.71294
2449487.20475 16.06826
2449488.20480 19.59665
2449489.20485 18.21309
2449490.20489 23.96128
2449491.20494 22.59663
2449492.20498 28.83404
2449493.20503 22.93881
2449494.20507 22.37710
2449495.20512 20.39129
2449496.20517 20.06038
2449497.20521 15.79886
2449498.20526 17.77979
2449499.20530 19.11069
2449500.20535 21.07742
2449501.20539 25.11776
2449502.20544 23.94269
2449503.20549 25.04462
2449504.20553 23.87853
2449505.20558 21.88372
2449506.20562 19.97366
2449507.20567 19.57435
2449508.20571 17.76641
2449509.20576 20.33072
2449510.20580 21.81782
2449511.20585 26.89867
2449512.20590 26.65197
2449513.20594 29.22790
2449514.20599 24.12494
2449515.20603 18.93045
2449516.20608 18.99267
2449517.20612 15.91009
2449518.20617 16.09262
2449519.20622 20.06043
2449520.20626 18.18609
2449521.20631 26.93738
2449522.20635 25.66104
2449523.20640 26.24357
2449524.20644 26.62079
2449525.20649 22.23746
2449526.20653 17.58004
2449527.20658 16.51908
2449528.20663 20.02564
2449529.20667 17.89451
2449530.20672 23.20425
2449531.20676 29.59094
2449532.20681 26.61448
2449533.20685 26.73404
2449534.20690 23.49331
2449535.20695 19.42869
2449536.20699 16.48435
2449537.20704 15.85935
2449538.20708 16.77841
2449539.20713 19.54891
2449540.20717 24.93537
2449541.20722 25.59492
2449542.20726 22.84509
2449543.20731 26.87952
2449544.20736 21.70056
2449545.20740 18.35994
2449546.20745 15.87861
2449547.20749 14.97099
2449548.20754 18.10053
2449549.20758 24.54588
2449550.20763 22.47990
2449551.20768 22.46228
2449552.20772 25.21980
2449553.20777 21.34546
2449554.20781 20.38616
2449555.20786 22.04746
2449556.20790 17.21066
2449557.20795 18.32467
2449558.20799 17.99244
2449559.20804 17.69369
2449560.20809 19.72838
2449561.20813 27.63513
2449562.20818 24.03278
2449749.21671 17.02017
2449750.21676 19.30532
2449751.21680 24.25339
2449752.21685 23.69358
2449753.21689 21.57516
2449754.21694 20.78181
2449755.21698 14.80246
2449756.21703 14.11557
2449757.21708 14.20253
2449758.21712 16.14718
2449759.21717 19.63978
2449760.21721 17.59968
2449761.21726 24.02824
2449762.21730 22.31493
2449763.21735 20.72819
2449764.21740 16.94921
2449765.21744 14.05997
2449766.21749 14.35379
2449767.21753 13.16435
2449768.21758 14.93215
2449769.21762 17.13593
2449770.21767 19.03017
2449771.21771 18.38354
2449772.21776 22.53779
2449773.21781 20.84776
2449774.21785 19.61091
2449775.21790 14.45019
2449776.21794 15.44695
2449777.21799 17.48370
2449778.21803 16.00030
2449779.21808 14.92313
2449780.21813 19.46810
2449781.21817 18.37786
2449782.21822 18.39415
2449783.21826 22.42590
2449784.21831 18.69132
2449785.21835 16.99542
2449786.21840 17.11255
2449787.21844 12.64198
2449788.21849 16.00848
2449789.21854 16.79679
2449790.21858 20.51040
2449791.21863 27.31932
2449792.21867 21.26867
2449793.21872 21.37913
2449794.21876 21.90080
2449795.21881 15.81930
2449796.21886 13.67403
2449797.21890 14.31716
2449798.21895 17.92658
2449799.21899 18.78721
2449800.21904 22.20117
2449801.21908 22.56223
2449802.21913 21.41112
2449803.21917 21.80278
2449804.21922 16.55622
2449805.21927 15.11073
2449806.21931 13.25461
2449807.21936 15.22452
2449808.21940 14.15592
2449809.21945 19.74127
2449810.21949 20.46107
2449811.21954 22.21895
2449812.21959 25.31322
2449813.21963 19.63459
2449814.21968 19.17491
2449815.21972 14.12150
2449816.21977 16.21467
2449817.21981 12.75435
2449818.21986 16.79873
2449819.21991 16.43073
2449820.21995 22.07208
2449821.22000 25.50155
2449822.22004 23.39162
2449823.22009 21.68948
2449824.22013 16.29034
2449825.22018 13.00530
2449826.22022 13.62485
2449827.22027 15.08384
2449828.22032 13.94575
2449829.22036 16.72658
2449830.22041 21.18993
2449831.22045 20.21217
2449832.22050 22.86554
2449833.22054 21.48730
2449834.22059 16.97501
2449835.22064 12.52994
2449836.22068 13.87510
2449837.22073 12.95996
2449838.22077 14.34338
2449839.22082 18.22193
2449840.22086 20.67250
2449841.22091 19.41841
2449842.22095 21.80561
2449843.22100 19.52736
2449844.22105 20.39220
2449845.22109 14.50282
2449846.22114 14.67500
2449847.22118 15.18800
2449848.22123 15.02821
2449849.22127 14.42822
2449850.22132 22.07833
2449851.22137 17.80132
2449852.22141 22.15186
2449853.22146 21.36354
2449854.22150 16.32773
2449855.22155 16.72195
2449856.22159 15.42343
2449857.22164 13.88747
2449858.22168 11.45768
2449859.22173 17.30204
2449860.22178 17.06382
2449861.22182 22.49677
2449862.22187 23.13729
2449863.22191 20.77194
2449864.22196 13.89815
2449865.22200 13.27972
2449866.22205 12.34343
2449867.22210 12.58614
2449868.22214 14.85422
2449869.22219 16.96904
2449870.22223 18.20592
2449871.22228 19.32594
2449872.22232 19.92440
2449873.22237 19.99457
2449874.22241 19.61278
2449875.22246 14.13766
2449876.22251 10.88800
2449877.22255 15.90535
2449878.22260 14.52867
2449879.22264 18.87941
2449880.22269 19.07414
2449881.22273 21.61992
2449882.22278 20.06601
2449883.22283 22.29312
2449884.22287 16.43614
2449885.22292 12.31465
2449886.22296 12.33922
2449887.22301 13.96157
2449888.22305 12.50334
2449889.22310 17.53669
2449890.22315 18.83588
2449891.22319 22.37251
2449892.22324 21.95684
2449893.22328 20.23000
2449894.22333 13.92989
2449895.22337 13.69842
2449896.22342 16.00590
2449897.22346 9.64687
2449898.22351 12.78593
2449899.22356 18.57831
2449900.22360 20.97689
2449901.22365 21.66174
2449902.22369 16.57305
2449903.22374 22.12217
2449904.22378 16.38890
2449905.22383 14.24318
2449906.22388 10.97146
2449907.22392 13.11823
2449908.22397 13.31226
2449909.22401 15.46042
2449910.22406 21.31530
2449911.22410 22.21480
2449912.22415 21.09473
2449913.22419 20.49505
2449914.22424 19.66948
2449915.22429 13.98045
2449916.22433 10.87099
2449917.22438 12.92443
2449918.22442 14.16558
2449919.22447 17.46635
2449920.22451 18.53142
2449921.22456 23.84854
2449922.22461 22.88704
2449923.22465 18.42787
2449924.22470 13.76305
2449925.22474 14.32728
2449926.22479 12.04778
2449927.22483 10.64535
2449928.22488 13.54280
2450114.23337 11.88404
2450115.23341 10.88336
2450116.23346 8.02117
2450117.23350 10.84675
2450118.23355 13.51676
2450119.23359 13.77016
2450120.23364 17.01042
2450121.23369 17.85114
2450122.23373 16.72637
2450123.23378 17.43546
2450124.23382 12.24973
2450125.23387 9.81884
2450126.23391 8.62951
2450127.23396 8.28065
2450128.23401 12.48599
2450129.23405 17.57287
2450130.23410 17.67965
2450131.23414 16.79130
2450132.23419 17.37685
2450133.23423 16.17239
2450134.23428 13.41445
2450135.23433 9.71430
2450136.23437 9.13631
2450137.23442 7.99969
2450138.23446 10.86051
2450139.23451 15.76046
2450140.23455 16.11840
2450141.23460 15.93136
2450142.23464 17.17630
2450143.23469 14.65990
2450144.23474 12.71565
2450145.23478 9.87841
2450146.23483 9.60646
2450147.23487 8.05127
2450148.23492 12.81775
2450149.23496 14.87536
2450150.23501 18.98085
2450151.23506 19.55144
2450152.23510 17.84744
2450153.23515 15.73513
2450154.23519 13.08694
2450155.23524 8.68393
2450156.23528 8.70647
2450157.23533 8.62804
2450158.23537 10.84529
2450159.23542 14.43284
2450160.23547 15.13893
2450161.23551 19.17745
2450162.23556 16.66824
2450163.23560 15.61486
2450164.23565 11.88653
2450165.23569 9.08426
2450166.23574 9.72952
2450167.23579 9.18138
2450168.23583 12.26796
2450169.23588 13.23348
2450170.23592 15.65632
2450171.23597 16.46597
2450172.23601 12.85087
2450173.23606 12.19497
2450174.23610 11.33750
2450175.23615 9.51538
2450176.23620 7.59959
2450177.23624 8.78578
2450178.23629 11.81048
2450179.23633 12.00451
2450180.23638 16.10553
2450181.23642 18.05960
2450182.23647 18.55486
2450183.23652 11.35462
2450184.23656 11.34556
2450185.23661 8.57705
2450186.23665 7.96563
2450187.23670 7.61898
2450188.23674 10.56523
2450189.23679 17.00406
2450190.23683 18.39729
2450191.23688 19.96736
2450192.23693 17.24040
2450193.23697 13.55677
2450194.23702 9.72448
2450195.23706 8.89460
2450196.23711 8.58157
2450197.23715 11.73789
2450198.23720 11.04909
2450199.23725 16.07298
2450200.23729 14.74279
2450201.23734 17.68820
2450202.23738 15.00381
2450203.23743 14.43936
2450204.23747 12.63356
2450205.23752 10.09545
2450206.23757 8.67565
2450207.23761 7.61711
2450208.23766 11.52929
2450209.23770 15.80993
2450210.23775 14.78410
2450211.23779 16.85161
2450212.23784 17.78515
2450213.23788 9.22010
2450214.23793 10.17728
2450215.23798 10.35370
2450216.23802 9.68119
2450217.23807 9.91854
2450218.23811 8.34489
2450219.23816 15.20650
2450220.23820 17.87290
2450221.23825 16.44705
2450222.23830 20.12016
2450223.23834 11.84268
2450224.23839 11.90863
2450225.23843 7.81589
2450226.23848 8.52467
2450227.23852 9.68774
2450228.23857 11.46310
2450229.23861 10.95361
2450230.23866 15.33968
2450231.23871 18.81369
2450232.23875 14.72152
2450233.23880 11.93111
2450234.23884 10.92501
2450235.23889 7.98128
2450236.23893 6.66798
2450237.23898 7.71874
2450238.23903 11.04014
2450239.23907 14.56361
2450240.23912 14.02536
2450241.23916 17.81358
2450242.23921 14.72461
2450243.23925 14.88948
2450244.23930 11.30685
2450245.23934 8.33685
2450246.23939 7.44292
2450247.23944 10.00146
2450248.23948 11.12623
2450249.23953 14.52461
2450250.23957 19.48207
2450251.23962 17.20866
2450252.23966 16.22281
2450253.23971 12.53467
2450254.23976 8.49551
2450255.23980 7.95425
2450256.23985 6.82152
2450257.23989 8.20091
2450258.23994 12.08633
2450259.23998 12.37309
2450260.24003 12.71591
2450261.24007 13.60533
2450262.24012 13.86722
2450263.24017 11.13997
2450264.24021 9.91651
2450265.24026 6.38583
2450266.24030 6.61359
2450267.24035 7.23507
2450268.24039 9.89350
2450269.24044 15.70786
2450270.24049 16.47753
2450271.24053 18.83251
2450272.24058 16.29293
2450273.24062 14.24712
2450274.24067 8.94832
2450275.24071 7.36082
2450276.24076 7.31480
2450277.24080 7.64588
2450278.24085 9.68437
2450279.24090 14.90500
2450280.24094 15.91360
2450281.24099 17.01284
2450282.24103 12.49574
2450283.24108 11.18150
2450284.24112 9.42776
2450285.24117 7.12806
2450286.24122 6.34915
2450287.24126 7.23476
2450288.24131 10.40363
2450289.24135 13.45521
2450290.24140 12.69209
2450291.24144 15.56731
2450292.24149 16.27025
2450293.24154 12.68380
2450479.25002 12.95599
2450480.25007 12.58703
2450481.25011 13.29897
2450482.25016 10.19893
2450483.25021 9.18744
2450484.25025 6.21548
2450485.25030 4.56160
2450486.25034 4.12461
2450487.25039 6.50284
2450488.25043 8.84638
2450489.25048 12.60837
2450490.25052 11.42726
2450491.25057 14.30380
2450492.25062 12.43687
2450493.25066 7.45355
2450494.25071 7.15995
2450495.25075 5.06089
2450496.25080 5.08197
2450497.25084 6.35832
2450498.25089 8.50911
2450499.25094 12.09880
2450500.25098 12.21994
2450501.25103 15.02404
2450502.25107 10.65186
2450503.25112 9.52085
2450504.25116 5.89458
2450505.25121 4.21892
2450506.25125 4.66278
2450507.25130 6.80016
2450508.25135 8.08486
2450509.25139 12.13210
2450510.25144 14.86834
2450511.25148 13.67074
2450512.25153 12.79495
2450513.25157 8.55021
2450514.25162 6.29365
2450515.25167 4.43747
2450516.25171 4.86052
2450517.25176 5.62903
2450518.25180 8.94223
2450519.25185 10.09574
2450520.25189 12.25159
2450521.25194 15.31611
2450522.25199 13.84568
2450523.25203 8.46309
2450524.25208 5.55783
2450525.25212 4.96630
2450526.25217 3.89763
2450527.25221 5.98401
2450528.25226 9.19086
2450529.25230 13.16763
2450530.25235 11.50067
2450531.25240 12.09794
2450532.25244 11.03898
2450533.25249 8.14314
2450534.25253 6.73584
2450535.25258 3.94476
2450536.25262 3.80052
2450537.25267 5.10919
2450538.25272 7.33952
2450539.25276 11.15546
2450540.25281 13.44231
2450541.25285 10.40971
2450542.25290 10.98694
2450543.25294 7.76007
2450544.25299 5.51633
2450545.25303 3.74987
2450546.25308 4.02852
2450547.25313 4.96634
2450548.25317 8.82003
2450549.25322 10.80559
2450550.25326 14.18606
2450551.25331 13.15486
2450552.25335 10.16606
2450553.25340 8.56891
2450554.25345 6.16419
2450555.25349 3.81788
2450556.25354 4.14848
2450557.25358 5.86940
2450558.25363 8.75390
2450559.25367 11.36982
2450560.25372 10.96617
2450561.25376 11.08282
2450562.25381 9.11714
2450563.25386 7.16906
2450564.25390 5.53071
2450565.25395 4.00867
2450566.25399 3.53664
2450567.25404 4.99416
2450568.25408 8.76831
2450569.25413 10.73361
2450570.25418 10.79769
2450571.25422 15.28750
2450572.25427 11.02752
2450573.25431 8.24919
2450574.25436 4.86369
2450575.25440 4.22244
2450576.25445 4.01657
2450577.25449 6.50458
2450578.25454 7.63666
2450579.25459 10.78307
2450580.25463 9.77881
2450581.25468 13.42592
2450582.25472 11.06751
2450583.25477 8.99729
2450584.25481 4.82746
2450585.25486 3.77444
2450586.25491 3.71231
2450587.25495 5.67342
2450588.25500 8.03324
2450589.25504 8.97106
2450590.25509 12.65870
2450591.25513 12.39707
2450592.25518 11.62596
2450593.25522 7.44550
2450594.25527 5.41853
2450595.25532 3.24998
2450596.25536 3.32782
2450597.25541 5.65475
2450598.25545 7.70006
2450599.25550 13.18924
2450600.25554 10.96374
2450601.25559 13.94421
2450602.25564 8.66823
2450603.25568 8.15950
2450604.25573 5.51458
2450605.25577 3.55434
2450606.25582 3.94562
2450607.25586 5.65764
2450608.25591 8.38981
2450609.25596 11.09132
2450610.25600 11.47968
2450611.25605 11.85674
2450612.25609 10.23264
2450613.25614 5.96349
2450614.25618 4.83501
2450615.25623 3.64859
2450616.25627 3.88125
2450617.25632 4.49003
2450618.25637 7.66916
2450619.25641 11.87601
2450620.25646 10.70565
2450621.25650 13.24795
2450622.25655 9.13237
2450623.25659 7.33266
2450624.25664 3.85604
2450625.25669 3.72957
2450626.25673 2.87974
2450627.25678 5.08336
2450628.25682 8.05422
2450629.25687 9.27348
2450630.25691 12.39430
2450631.25696 12.45002
2450632.25700 9.42423
2450633.25705 7.82728
2450634.25710 4.14931
2450635.25714 2.95992
2450636.25719 2.95810
2450637.25723 5.06337
2450638.25728 8.78814
2450639.25732 10.40974
2450640.25737 11.09681
2450641.25742 10.65291
2450642.25746 9.78591
2450643.25751 7.37885
2450644.25755 4.80962
2450645.25760 3.38684
2450646.25764 3.71163
2450647.25769 5.76965
2450648.25773 7.86612
2450649.25778 10.62280
2450650.25783 12.81433
2450651.25787 12.18772
2450652.25792 10.53534
2450653.25796 5.20206
2450654.25801 4.43976
2450655.25805 2.70875
2450656.25810 3.27042
2450657.25815 5.60134
2450658.25819 6.66088
2450844.26668 2.77567
2450845.26672 1.50422
2450846.26677 2.10002
2450847.26682 3.79807
2450848.26686 8.88557
2450849.26691 9.01996
2450850.26695 10.73377
2450851.26700 10.16239
2450852.26704 7.26705
2450853.26709 3.83348
2450854.26714 2.46407
2450855.26718 1.70148
2450856.26723 2.27906
2450857.26727 5.08699
2450858.26732 8.67660
2450859.26736 7.86532
2450860.26741 12.20435
2450861.26745 11.48302
2450862.26750 7.82769
2450863.26755 4.89923
2450864.26759 2.84982
2450865.26764 1.51008
2450866.26768 2.84591
2450867.26773 5.12322
2450868.26777 6.79950
2450869.26782 9.20574
2450870.26787 11.49954
2450871.26791 8.68038
2450872.26796 8.36265
2450873.26800 4.90719
2450874.26805 2.38551
2450875.26809 1.17492
2450876.26814 2.42567
2450877.26818 4.54082
2450878.26823 7.72412
2450879.26828 9.41812
2450880.26832 9.27689
2450881.26837 9.56908
2450882.26841 6.91720
2450883.26846 3.66958
2450884.26850 2.62153
2450885.26855 1.29715
2450886.26860 2.14526
2450887.26864 4.32499
2450888.26869 7.64784
2450889.26873 9.92115
2450890.26878 9.54384
2450891.26882 8.24621
2450892.26887 8.17543
2450893.26891 3.78040
2450894.26896 2.07298
2450895.26901 1.43830
2450896.26905 2.05320
2450897.26910 4.77819
2450898.26914 7.06438
2450899.26919 9.21763
2450900.26923 10.37320
2450901.26928 10.78478
2450902.26933 5.92582
2450903.26937 4.66588
2450904.26942 2.46183
2450905.26946 1.35263
2450906.26951 2.33604
2450907.26955 5.07413
2450908.26960 7.36423
2450909.26964 6.54777
2450910.26969 12.65926
2450911.26974 8.26703
2450912.26978 7.30870
2450913.26983 4.09636
2450914.26987 1.96657
2450915.26992 1.21673
2450916.26996 2.54432
2450917.27001 4.75692
2450918.27006 7.55979
2450919.27010 9.45564
2450920.27015 10.14517
2450921.27019 10.29557
2450922.27024 6.80565
2450923.27028 3.80211
2450924.27033 1.88249
2450925.27038 1.17003
2450926.27042 2.04426
2450927.27047 5.46649
2450928.27051 7.16304
2450929.27056 9.45459
2450930.27060 9.54585
2450931.27065 9.03098
2450932.27069 7.49057
2450933.27074 4.19661
2450934.27079 1.85799
2450935.27083 1.13983
2450936.27088 2.37885
2450937.27092 4.26880
2450938.27097 7.12249
2450939.27101 9.56855
2450940.27106 10.61738
2450941.27111 10.80400
2450942.27115 6.19372
2450943.27120 3.81919
2450944.27124 2.03982
2450945.27129 1.22621
2450946.27133 2.25465
2450947.27138 4.77316
2450948.27142 7.59437
2450949.27147 10.03539
2450950.27152 10.49129
2450951.27156 9.74545
2450952.27161 7.76056
2450953.27165 4.62859
2450954.27170 1.57390
2450955.27174 1.33972
2450956.27179 2.52203
2450957.27184 4.50174
2450958.27188 8.13557
2450959.27193 11.44597
2450960.27197 9.54569
2450961.27202 8.87319
2450962.27206 7.21293
2450963.27211 4.08693
2450964.27215 1.76298
2450965.27220 1.12250
2450966.27225 2.22734
2450967.27229 5.19845
2450968.27234 7.55955
2450969.27238 9.36171
2450970.27243 11.02342
2450971.27247 8.86011
2450972.27252 7.46077
2450973.27257 4.25417
2450974.27261 2.01793
2450975.27266 1.13554
2450976.27270 2.40360
2450977.27275 4.93144
2450978.27279 8.10152
2450979.27284 9.26990
2450980.27288 10.19621
2450981.27293 10.22374
2450982.27298 7.45133
2450983.27302 3.40122
2450984.27307 1.68870
2450985.27311 1.19035
2450986.27316 2.61158
2450987.27320 5.21004
2450988.27325 7.33427
2450989.27330 10.12912
2450990.27334 10.13466
2450991.27339 7.29556
2450992.27343 6.45165
2450993.27348 3.70568
2450994.27352 1.59911
2450995.27357 1.17645
2450996.27362 2.22239
2450997.27366 4.97254
2450998.27371 8.08383
2450999.27375 9.44603
2451000.27380 10.30009
2451001.27384 7.53350
2451002.27389 6.19637
2451003.27393 3.60465
2451004.27398 1.43026
2451005.27403 0.90719
2451006.27407 2.60539
2451007.27412 4.63170
2451008.27416 6.73468
2451009.27421 9.88125
2451010.27425 10.28671
2451011.27430 7.64046
2451012.27435 6.33056
2451013.27439 3.84971
2451014.27444 1.74660
2451015.27448 0.94445
2451016.27453 2.10419
2451017.27457 4.85877
2451018.27462 7.60070
2451019.27466 9.60180
2451020.27471 10.05385
2451021.27476 10.02798
2451022.27480 6.41398
2451023.27485 3.94070
2451209.28333 10.33287
2451210.28338 10.84823
2451211.28343 8.70511
2451212.28347 5.09486
2451213.28352 2.74655
2451214.28356 1.37414
2451215.28361 1.30524
2451216.28365 2.80428
2451217.28370 5.29298
2451218.28375 7.14584
2451219.28379 7.94490
2451220.28384 8.12010
2451221.28388 9.03157
2451222.28393 5.21505
2451223.28397 2.92000
2451224.28402 1.32820
2451225.28406 0.99428
2451226.28411 3.15036
2451227.28416 5.35548
2451228.28420 9.34230
2451229.28425 10.59977
2451230.28429 9.80652
2451231.28434 8.47672
2451232.28438 5.52362
2451233.28443 2.74653
2451234.28448 1.23503
2451235.28452 1.36723
2451236.28457 3.36628
2451237.28461 5.93076
2451238.28466 8.41388
2451239.28470 10.30676
2451240.28475 8.89996
2451241.28480 9.73479
2451242.28484 5.70771
2451243.28489 2.67814
2451244.28493 1.28377
2451245.28498 1.38103
2451246.28502 3.47386
2451247.28507 5.21724
2451248.28511 9.84867
2451249.28516 11.27778
2451250.28521 10.80519
2451251.28525 8.05793
2451252.28530 5.03278
2451253.28534 3.43444
2451254.28539 1.01539
2451255.28543 1.39434
2451256.28548 3.62778
2451257.28553 6.07609
2451258.28557 8.72923
2451259.28562 11.58894
2451260.28566 9.20945
2451261.28571 6.63200
2451262.28575 6.23236
2451263.28580 2.73272
2451264.28584 1.35692
2451265.28589 1.45966
2451266.28594 3.10042
2451267.28598 4.66105
2451268.28603 8.03772
2451269.28607 10.51901
2451270.28612 9.34263
2451271.28616 9.73768
2451272.28621 5.25213
2451273.28626 3.04106
2451274.28630 1.42256
2451275.28635 1.51154
2451276.28639 3.73965
2451277.28644 5.94128
2451278.28648 9.31917
2451279.28653 9.78641
2451280.28657 8.74208
2451281.28662 8.40040
2451282.28667 5.61702
2451283.28671 2.33174
2451284.28676 1.42371
2451285.28680 1.65848
2451286.28685 3.64362
2451287.28689 7.44785
2451288.28694 8.66688
2451289.28699 10.96231
2451290.28703 9.39914
2451291.28708 9.25877
2451292.28712 5.04425
2451293.28717 2.47517
2451294.28721 1.23346
2451295.28726 1.63013
2451296.28730 3.51255
2451297.28735 6.08072
2451298.28740 10.15005
2451299.28744 11.01933
2451300.28749 12.30870
2451301.28753 9.49813
2451302.28758 4.70852
2451303.28762 2.71723
2451304.28767 1.30260
2451305.28772 1.70711
2451306.28776 3.75762
2451307.28781 6.04367
2451308.28785 8.24348
2451309.28790 11.30912
2451310.28794 9.62916
2451311.28799 7.19043
2451312.28804 5.27687
2451313.28808 2.74713
2451314.28813 1.32499
2451315.28817 1.81984
2451316.28822 3.60441
2451317.28826 5.62539
2451318.28831 8.65790
2451319.28835 10.04001
2451320.28840 10.65560
2451321.28845 8.19861
2451322.28849 5.63841
2451323.28854 2.78049
2451324.28858 1.55412
2451325.28863 2.26053
2451326.28867 3.83243
2451327.28872 6.66418
2451328.28877 8.56683
2451329.28881 11.09978
2451330.28886 12.37134
2451331.28890 7.83099
2451332.28895 5.02235
2451333.28899 2.56957
2451334.28904 1.35140
2451335.28908 1.53139
2451336.28913 3.37345
2451337.28918 5.66900
2451338.28922 8.48687
2451339.28927 11.77034
2451340.28931 9.79519
2451341.28936 7.30567
2451342.28940 4.84330
2451343.28945 2.82801
2451344.28950 1.45049
2451345.28954 1.96348
2451346.28959 4.42594
2451347.28963 6.40408
2451348.28968 7.68797
2451349.28972 9.87715
2451350.28977 11.05025
2451351.28981 5.93353
2451352.28986 4.76015
2451353.28991 2.62176
2451354.28995 1.49693
2451355.29000 2.06310
2451356.29004 4.14518
2451357.29009 7.08497
2451358.29013 8.75476
2451359.29018 11.50722
2451360.29023 9.24939
2451361.29027 8.92365
2451362.29032 6.03008
2451363.29036 2.29175
2451364.29041 1.35445
2451365.29045 2.40019
2451366.29050 3.49853
2451367.29054 6.99417
2451368.29059 10.04064
2451369.29064 10.87541
2451370.29068 9.82017
2451371.29073 7.83244
2451372.29077 6.18787
2451373.29082 2.88754
2451374.29086 1.57465
2451375.29091 2.18413
2451376.29096 4.25562
2451377.29100 7.88063
2451378.29105 9.62561
2451379.29109 10.81178
2451380.29114 9.55563
2451381.29118 8.84290
2451382.29123 4.82771
2451383.29127 2.64998
2451384.29132 1.22153
2451385.29137 2.57143
2451386.29141 4.62699
2451387.29146 6.13550
2451388.29150 8.61305
2451575.30004 3.39229
2451576.30008 6.48113
2451577.30013 9.74168
2451578.30017 10.97196
2451579.30022 11.90251
2451580.30026 9.11555
2451581.30031 8.49030
2451582.30036 6.87372
2451583.30040 3.41231
2451584.30045 3.08094
2451585.30049 4.47676
2451586.30054 6.75823
2451587.30058 10.24705
2451588.30063 12.43223
2451589.30068 15.80464
2451590.30072 11.81561
2451591.30077 6.34775
2451592.30081 5.36832
2451593.30086 3.39809
2451594.30090 2.35976
2451595.30095 4.29972
2451596.30099 7.18883
2451597.30104 10.86277
2451598.30109 11.42418
2451599.30113 13.47178
2451600.30118 11.01653
2451601.30122 9.79588
2451602.30127 7.11825
2451603.30131 4.14553
2451604.30136 3.79313
2451605.30141 5.14379
2451606.30145 6.62691
2451607.30150 9.24990
2451608.30154 12.17476
2451609.30159 12.15008
2451610.30163 12.59664
2451611.30168 9.83757
2451612.30172 6.15796
2451613.30177 3.78368
2451614.30182 3.31210
2451615.30186 4.84675
2451616.30191 7.35001
2451617.30195 10.53086
2451618.30200 11.68893
2451619.30204 12.05269
2451620.30209 11.21061
2451621.30214 9.54553
2451622.30218 6.56618
2451623.30223 4.04474
2451624.30227 3.26856
2451625.30232 5.87878
2451626.30236 7.07492
2451627.30241 9.87209
2451628.30246 13.03301
2451629.30250 11.97552
2451630.30255 10.81006
2451631.30259 8.11199
2451632.30264 6.82841
2451633.30268 5.05920
2451634.30273 2.76474
2451635.30277 4.47441
2451636.30282 6.98140
2451637.30287 11.14355
2451638.30291 11.31358
2451639.30296 11.46512
2451640.30300 12.90399
2451641.30305 8.21671
2451642.30309 5.10623
2451643.30314 3.97657
2451644.30319 3.40191
2451645.30323 4.89036
2451646.30328 6.74355
2451647.30332 9.81128
2451648.30337 11.98614
2451649.30341 10.19678
2451650.30346 13.75072
2451651.30350 10.75476
2451652.30355 6.48369
2451653.30360 3.25939
2451654.30364 4.00740
2451655.30369 4.92266
2451656.30373 8.05307
2451657.30378 11.11121
2451658.30382 10.98510
2451659.30387 13.14923
2451660.30392 13.87757
2451661.30396 8.84695
2451662.30401 7.24104
2451663.30405 3.73272
2451664.30410 4.24825
2451665.30414 3.92537
2451666.30419 7.35530
2451667.30423 8.60369
2451668.30428 14.45080
2451669.30433 12.56028
2451670.30437 12.05367
2451671.30442 10.09930
2451672.30446 5.81558
2451673.30451 4.99883
2451674.30455 4.55139
2451675.30460 4.80551
2451676.30465 7.99039
2451677.30469 11.80123
2451678.30474 12.61665
2451679.30478 14.78026
2451680.30483 12.00699
2451681.30487 8.93078
2451682.30492 6.92946
2451683.30496 4.28861
2451684.30501 3.62324
2451685.30506 5.56849
2451686.30510 6.99208
2451687.30515 11.23925
2451688.30519 13.20652
2451689.30524 13.13072
2451690.30528 11.39667
2451691.30533 9.38459
2451692.30538 5.38390
2451693.30542 5.06603
2451694.30547 3.34114
2451695.30551 4.97470
2451696.30556 8.09583
2451697.30560 10.77058
2451698.30565 13.57754
2451699.30569 12.77813
2451700.30574 12.74210
2451701.30579 10.67885
2451702.30583 6.30210
2451703.30588 4.82699
2451704.30592 4.82925
2451705.30597 5.73687
2451706.30601 7.39855
2451707.30606 10.56280
2451708.30611 10.75469
2451709.30615 12.43206
2451710.30620 11.24148
2451711.30624 10.51284
2451712.30629 6.97501
2451713.30633 5.30705
2451714.30638 4.41863
2451715.30643 4.94652
2451716.30647 8.87929
2451717.30652 11.34948
2451718.30656 13.67954
2451719.30661 14.51101
2451720.30665 12.49969
2451721.30670 10.54299
2451722.30674 6.77546
2451723.30679 4.59157
2451724.30684 4.08497
2451725.30688 5.66010
2451726.30693 8.41395
2451727.30697 12.22499
2451728.30702 12.67390
2451729.30706 10.95835
2451730.30711 10.84658
2451731.30716 10.37690
2451732.30720 5.59691
2451733.30725 5.03581
2451734.30729 4.64035
2451735.30734 5.67122
2451736.30738 7.98807
2451737.30743 14.47114
2451738.30747 14.27772
2451739.30752 11.64647
2451740.30757 13.54118
2451741.30761 8.91259
2451742.30766 6.89564
2451743.30770 5.34296
2451744.30775 4.88956
2451745.30779 6.49142
2451746.30784 8.72447
2451747.30789 10.84120
2451748.30793 12.73253
2451749.30798 14.04816
2451750.30802 11.23013
2451751.30807 10.34927
2451752.30811 5.84301
2451753.30816 5.31143
2451754.30820 4.61277
2451940.31669 16.46155
2451941.31674 13.71168
2451942.31678 8.97644
2451943.31683 6.13927
2451944.31688 7.53060
2451945.31692 9.91540
2451946.31697 11.72342
2451947.31701 17.07856
2451948.31706 16.08925
2451949.31710 17.11100
2451950.31715 15.47437
2451951.31719 8.84387
2451952.31724 7.72067
2451953.31729 7.67379
2451954.31733 7.64572
2451955.31738 10.82558
2451956.31742 12.88769
2451957.31747 17.61521
2451958.31751 15.99585
2451959.31756 15.71632
2451960.31761 11.80666
2451961.31765 10.24547
2451962.31770 9.35143
2451963.31774 6.97863
2451964.31779 7.93427
2451965.31783 10.43392
2451966.31788 12.60799
2451967.31792 12.27347
2451968.31797 17.40681
2451969.31802 14.60970
2451970.31806 13.48960
2451971.31811 11.99075
2451972.31815 9.72852
2451973.31820 8.45614
2451974.31824 8.73793
2451975.31829 9.79704
2451976.31834 11.59107
2451977.31838 12.32676
2451978.31843 16.64096
2451979.31847 18.61111
2451980.31852 14.54874
2451981.31856 12.59442
2451982.31861 10.64695
2451983.31865 7.48932
2451984.31870 6.53316
2451985.31875 10.75855
2451986.31879 10.65757
2451987.31884 13.64945
2451988.31888 17.86883
2451989.31893 14.81828
2451990.31897 11.12359
2451991.31902 10.41695
2451992.31907 9.21153
2451993.31911 7.84056
2451994.31916 8.10553
2451995.31920 11.91560
2451996.31925 13.37361
2451997.31929 15.12813
2451998.31934 17.03456
2451999.31938 18.36434
2452000.31943 14.61991
2452001.31948 13.01933
2452002.31952 10.08419
2452003.31957 8.05845
2452004.31961 8.76618
2452005.31966 11.36305
2452006.31970 10.56729
2452007.31975 16.00000
2452008.31980 15.98127
2452009.31984 18.27058
2452010.31989 13.33136
2452011.31993 14.16192
2452012.31998 10.21076
2452013.32002 7.85414
2452014.32007 8.71187
2452015.32011 11.93294
2452016.32016 13.42383
2452017.32021 14.22893
2452018.32025 14.27760
2452019.32030 17.24340
2452020.32034 13.92055
2452021.32039 12.29686
2452022.32043 9.20948
2452023.32048 8.97470
2452024.32053 10.28034
2452025.32057 11.02546
2452026.32062 14.52709
2452027.32066 17.87396
2452028.32071 18.62351
2452029.32075 19.39751
2452030.32080 13.20392
2452031.32085 12.79941
2452032.32089 10.97559
2452033.32094 6.43664
2452034.32098 8.81891
2452035.32103 10.20154
2452036.32107 12.03642
2452037.32112 15.49645
2452038.32116 15.86528
2452039.32121 14.64166
2452040.32126 15.04324
2452041.32130 12.90189
2452042.32135 10.89362
2452043.32139 8.89219
2452044.32144 8.55637
2452045.32148 12.29017
2452046.32153 13.77910
2452047.32158 15.29353
2452048.32162 19.21194
2452049.32167 19.75368
2452050.32171 13.71204
2452051.32176 11.45241
2452052.32180 10.89481
2452053.32185 9.17949
2452054.32189 9.58812
2452055.32194 12.59394
2452056.32199 16.08995
2452057.32203 16.72150
2452058.32208 21.72417
2452059.32212 21.54138
2452060.32217 14.78010
2452061.32221 13.05325
2452062.32226 9.21412
2452063.32231 9.38607
2452064.32235 8.02099
2452065.32240 10.27558
2452066.32244 14.35146
2452067.32249 17.58701
2452068.32253 16.67297
2452069.32258 14.48973
2452070.32262 17.01460
2452071.32267 11.93309
2452072.32272 10.18592
2452073.32276 8.61048
2452074.32281 10.60024
2452075.32285 10.17325
2452076.32290 15.01797
2452077.32294 20.09445
2452078.32299 17.57400
2452079.32304 17.26199
2452080.32308 14.99905
2452081.32313 11.66810
2452082.32317 9.47423
2452083.32322 9.35400
2452084.32326 9.82760
2452085.32331 11.66063
2452086.32335 12.83415
2452087.32340 14.33722
2452088.32345 17.84615
2452089.32349 18.78053
2452090.32354 14.84002
2452091.32358 13.61435
2452092.32363 10.53900
2452093.32367 7.01769
2452094.32372 8.43274
2452095.32377 11.18425
2452096.32381 14.47739
2452097.32386 16.24373
2452098.32390 20.60189
2452099.32395 19.75647
2452100.32399 16.86092
2452101.32404 9.80618
2452102.32409 10.66772
2452103.32413 9.21582
2452104.32418 10.54634
2452105.32422 11.77042
2452106.32427 15.18901
2452107.32431 17.93595
2452108.32436 18.36672
2452109.32440 17.26511
2452110.32445 14.10651
2452111.32450 12.60720
2452112.32454 8.67370
2452113.32459 9.99484
2452114.32463 9.96769
2452115.32468 12.55614
2452116.32472 13.02365
2452117.32477 15.73439
2452118.32482 16.35781
2452119.32486 12.51709
2452305.33335 14.54735
2452306.33339 14.44489
2452307.33344 22.09366
2452308.33349 21.77586
2452309.33353 24.54439
2452310.33358 16.64545
2452311.33362 14.73586
2452312.33367 13.47813
2452313.33371 11.47186
2452314.33376 14.40531
2452315.33380 16.61400
2452316.33385 20.60607
2452317.33390 18.57673
2452318.33394 20.21883
2452319.33399 19.01651
2452320.33403 16.97736
2452321.33408 12.37504
2452322.33412 13.53616
2452323.33417 12.50418
2452324.33422 15.39411
2452325.33426 13.22771
2452326.33431 20.82791
2452327.33435 20.19936
2452328.33440 21.26775
2452329.33444 20.25559
2452330.33449 19.96654
2452331.33454 15.21127
2452332.33458 12.87270
2452333.33463 11.73527
2452334.33467 14.16032
2452335.33472 14.40795
2452336.33476 23.47426
2452337.33481 18.19900
2452338.33485 19.04578
2452339.33490 18.71863
2452340.33495 17.49111
2452341.33499 11.94760
2452342.33504 12.01104
2452343.33508 11.72111
2452344.33513 13.88552
2452345.33517 14.56854
2452346.33522 21.62164
2452347.33527 19.46320
2452348.33531 21.28974
2452349.33536 19.00185
2452350.33540 21.23194
2452351.33545 13.46839
2452352.33549 13.05486
2452353.33554 11.47669
2452354.33558 14.61241
2452355.33563 17.02272
2452356.33568 18.19554
2452357.33572 21.73357
2452358.33577 22.31806
2452359.33581 21.41340
2452360.33586 18.64939
2452361.33590 15.66158
2452362.33595 11.20113
2452363.33600 11.99399
2452364.33604 15.00910
2452365.33609 16.32391
2452366.33613 17.83501
2452367.33618 21.10231
2452368.33622 18.45904
2452369.33627 22.26935
2452370.33631 20.11657
2452371.33636 14.15838
2452372.33641 13.65135
2452373.33645 11.76481
2452374.33650 13.14587
2452375.33654 19.38373
2452376.33659 19.55290
2452377.33663 21.01337
2452378.33668 18.43561
2452379.33673 23.02010
2452380.33677 15.44897
2452381.33682 13.55572
2452382.33686 10.98673
2452383.33691 12.46459
2452384.33695 16.65733
2452385.33700 16.29196
2452386.33704 19.00058
2452387.33709 21.30999
2452388.33714 22.41007
2452389.33718 21.19032
2452390.33723 16.06351
2452391.33727 19.69019
2452392.33732 14.71674
2452393.33736 13.90202
2452394.33741 15.14616
2452395.33746 19.35841
2452396.33750 21.78968
2452397.33755 20.76472
2452398.33759 22.32497
2452399.33764 23.31117
2452400.33768 19.45787
2452401.33773 16.75692
2452402.33777 14.31086
2452403.33782 12.20151
2452404.33787 14.11941
2452405.33791 19.25847
2452406.33796 20.50628
2452407.33800 22.77559
2452408.33805 27.21092
2452409.33809 22.36627
2452410.33814 18.85663
2452411.33819 17.77908
2452412.33823 15.15144
2452413.33828 13.69932
2452414.33832 12.49439
2452415.33837 18.81628
2452416.33841 21.96963
2452417.33846 24.33984
2452418.33851 22.32688
2452419.33855 20.25969
2452420.33860 18.47337
2452421.33864 14.44541
2452422.33869 13.42630
2452423.33873 14.51056
2452424.33878 14.45084
2452425.33882 16.88781
2452426.33887 24.13379
2452427.33892 21.49999
2452428.33896 21.03803
2452429.33901 19.23689
2452430.33905 18.22559
2452431.33910 14.35326
2452432.33914 14.44162
2452433.33919 11.82428
2452434.33924 12.39735
2452435.33928 16.68147
2452436.33933 21.11797
2452437.33937 25.21785
2452438.33942 23.45750
2452439.33946 21.20847
2452440.33951 14.48729
2452441.33955 17.75467
2452442.33960 12.73066
2452443.33965 13.06961
2452444.33969 12.12789
2452445.33974 18.21539
2452446.33978 26.08489
2452447.33983 22.31181
2452448.33987 21.02752
2452449.33992 21.04625
2452450.33997 20.98386
2452451.34001 17.41769
2452452.34006 13.54973
2452453.34010 15.45885
2452454.34015 17.80793
2452455.34019 20.10852
2452456.34024 19.37880
2452457.34028 24.39029
2452458.34033 22.50881
2452459.34038 21.68026
2452460.34042 17.47945
2452461.34047 13.72413
2452462.34051 13.51352
2452463.34056 12.09087
2452464.34060 14.11918
2452465.34065 17.97874
2452466.34070 20.06632
2452467.34074 20.23627
2452468.34079 19.87503
2452469.34083 21.99543
2452470.34088 20.10410
2452471.34092 15.92853
2452472.34097 14.09512
2452473.34101 12.64170
2452474.34106 14.28101
2452475.34111 19.20989
2452476.34115 18.55901
2452477.34120 22.61720
2452478.34124 21.62505
2452479.34129 19.39625
2452480.34133 17.90797
2452481.34138 18.56704
2452482.34143 14.79623
2452483.34147 17.64581
2452484.34152 15.72900
2452670.35000 21.10239
2452671.35005 13.85014
2452672.35010 15.29045
2452673.35014 15.32277
2452674.35019 17.48517
2452675.35023 23.58877
2452676.35028 24.72898
2452677.35032 21.69797
2452678.35037 22.10141
2452679.35042 23.41585
2452680.35046 20.25935
2452681.35051 19.85564
2452682.35055 13.92384
2452683.35060 18.26891
2452684.35064 20.41679
2452685.35069 19.85436
2452686.35073 23.44505
2452687.35078 28.24117
2452688.35083 18.94284
2452689.35087 24.29188
2452690.35092 22.11584
2452691.35096 18.00305
2452692.35101 16.79973
2452693.35105 14.42113
2452694.35110 15.77933
2452695.35115 21.55310
2452696.35119 27.37277
2452697.35124 25.03121
2452698.35128 26.09664
2452699.35133 20.12645
2452700.35137 20.11137
2452701.35142 15.49081
2452702.35146 18.83793
2452703.35151 15.52514
2452704.35156 18.53220
2452705.35160 21.99235
2452706.35165 23.91930
2452707.35169 25.19104
2452708.35174 25.61315
2452709.35178 22.59041
2452710.35183 22.93611
2452711.35188 20.10366
2452712.35192 13.78155
2452713.35197 16.71624
2452714.35201 20.60293
2452715.35206 20.96367
2452716.35210 28.58619
2452717.35215 24.63170
2452718.35219 20.78023
2452719.35224 21.58280
2452720.35229 20.13020
2452721.35233 17.60314
2452722.35238 14.17357
2452723.35242 15.21892
2452724.35247 18.25934
2452725.35251 20.17983
2452726.35256 29.29161
2452727.35261 26.30113
2452728.35265 30.11555
2452729.35270 25.83568
2452730.35274 22.37145
2452731.35279 16.58715
2452732.35283 17.70717
2452733.35288 21.00714
2452734.35293 21.29037
2452735.35297 22.91910
2452736.35302 27.33362
2452737.35306 22.14645
2452738.35311 23.53656
2452739.35315 27.24826
2452740.35320 23.78761
2452741.35324 17.65177
2452742.35329 13.66599
2452743.35334 14.47182
2452744.35338 20.84382
2452745.35343 21.74822
2452746.35347 22.58912
2452747.35352 28.42754
2452748.35356 24.71496
2452749.35361 20.17652
2452750.35366 21.08062
2452751.35370 19.36633
2452752.35375 14.65478
2452753.35379 15.61889
2452754.35384 17.85234
2452755.35388 23.64607
2452756.35393 27.64284
2452757.35397 23.63955
2452758.35402 24.14107
2452759.35407 20.06919
2452760.35411 21.29610
2452761.35416 17.20990
2452762.35420 17.64998
2452763.35425 17.49235
2452764.35429 20.28684
2452765.35434 18.23202
2452766.35439 24.94120
2452767.35443 27.16972
2452768.35448 20.78870
2452769.35452 26.54122
2452770.35457 22.92557
2452771.35461 20.37385
2452772.35466 17.36688
2452773.35470 19.46367
2452774.35475 23.94915
2452775.35480 20.14004
2452776.35484 28.44042
2452777.35489 27.03667
2452778.35493 20.85927
2452779.35498 24.29671
2452780.35502 22.45470
2452781.35507 20.21684
2452782.35512 18.53209
2452783.35516 19.81107
2452784.35521 21.04234
2452785.35525 20.53358
2452786.35530 25.34005
2452787.35534 28.71270
2452788.35539 25.57659
2452789.35543 23.24440
2452790.35548 17.72105
2452791.35553 19.33465
2452792.35557 19.06074
2452793.35562 18.86557
2452794.35566 21.10449
2452795.35571 22.92279
2452796.35575 28.35376
2452797.35580 32.84460
2452798.35585 25.18316
2452799.35589 26.49080
2452800.35594 19.25459
2452801.35598 17.72943
2452802.35603 15.42431
2452803.35607 19.98824
2452804.35612 20.26942
2452805.35617 20.18510
2452806.35621 28.81977
2452807.35626 23.31511
2452808.35630 28.00059
2452809.35635 24.56392
2452810.35639 16.18484
2452811.35644 18.67092
2452812.35648 16.98090
2452813.35653 15.49052
2452814.35658 22.13673
2452815.35662 23.40520
2452816.35667 26.73908
2452817.35671 25.06796
2452818.35676 27.82339
2452819.35680 22.28696
2452820.35685 23.96345
2452821.35690 19.60327
2452822.35694 16.55990
2452823.35699 20.06090
2452824.35703 21.07372
2452825.35708 25.41312
2452826.35712 22.85654
2452827.35717 21.43315
2452828.35721 26.45176
2452829.35726 22.03571
2452830.35731 22.56228
2452831.35735 20.39185
2452832.35740 16.12917
2452833.35744 21.77355
2452834.35749 21.48431
2452835.35753 22.70989
2452836.35758 28.85089
2452837.35763 29.36933
2452838.35767 25.71961
2452839.35772 20.79658
2452840.35776 18.56905
2452841.35781 18.76583
2452842.35785 19.40800
2452843.35790 14.80446
2452844.35794 21.09438
2452845.35799 23.37304
2452846.35804 28.88737
2452847.35808 20.33389
2452848.35813 27.02909
2452849.35817 22.08356
2453036.36671 28.57821
2453037.36675 36.29434
2453038.36680 31.65153
2453039.36684 25.02553
2453040.36689 17.96838
2453041.36693 18.39998
2453042.36698 21.63685
2453043.36703 19.83472
2453044.36707 20.38853
2453045.36712 26.03559
2453046.36716 27.27842
2453047.36721 32.13332
2453048.36725 24.34100
2453049.36730 22.41552
2453050.36735 22.88313
2453051.36739 20.44112
2453052.36744 19.65465
2453053.36748 21.11295
2453054.36753 28.53808
2453055.36757 23.93485
2453056.36762 27.13403
2453057.36766 32.66206
2453058.36771 25.51284
2453059.36776 27.32044
2453060.36780 22.55134
2453061.36785 16.47632
2453062.36789 18.05272
2453063.36794 20.96741
2453064.36798 19.35073
2453065.36803 26.39957
2453066.36808 25.64406
2453067.36812 25.71495
2453068.36817 40.82268
2453069.36821 27.95012
2453070.36826 24.02570
2453071.36830 16.68093
2453072.36835 16.72367
2453073.36839 22.26587
2453074.36844 17.46495
2453075.36849 23.73128
2453076.36853 25.54016
2453077.36858 27.13574
2453078.36862 30.16814
2453079.36867 28.23986
2453080.36871 23.13402
2453081.36876 17.29579
2453082.36881 17.31491
2453083.36885 23.49772
2453084.36890 25.34259
2453085.36894 29.33138
2453086.36899 25.15426
2453087.36903 27.24402
2453088.36908 30.51476
2453089.36912 26.68178
2453090.36917 23.67271
2453091.36922 20.87887
2453092.36926 18.10295
2453093.36931 22.36003
2453094.36935 24.07640
2453095.36940 24.83431
2453096.36944 26.42598
2453097.36949 29.06811
2453098.36954 26.94956
2453099.36958 23.57117
2453100.36963 21.71001
2453101.36967 18.74040
2453102.36972 20.43555
2453103.36976 21.83394
2453104.36981 24.71611
2453105.36985 21.65119
2453106.36990 25.59420
2453107.36995 25.93790
2453108.36999 22.91129
2453109.37004 28.08108
2453110.37008 22.18756
2453111.37013 18.48064
2453112.37017 18.33909
2453113.37022 17.76642
2453114.37027 19.31330
2453115.37031 27.68597
2453116.37036 35.47982
2453117.37040 30.91748
2453118.37045 27.23467
2453119.37049 22.48620
2453120.37054 21.25134
2453121.37059 15.66945
2453122.37063 19.38744
2453123.37068 20.53669
2453124.37072 20.20559
2453125.37077 21.95147
2453126.37081 29.72719
2453127.37086 24.27467
2453128.37090 32.54086
2453129.37095 20.55490
2453130.37100 23.49361
2453131.37104 16.11190
2453132.37109 20.56041
2453133.37113 19.84334
2453134.37118 23.15595
2453135.37122 27.39419
2453136.37127 25.90895
2453137.37132 31.05573
2453138.37136 28.45981
2453139.37141 22.02948
2453140.37145 18.79826
2453141.37150 19.68334
2453142.37154 20.51915
2453143.37159 19.50399
2453144.37163 24.06429
2453145.37168 28.69169
2453146.37173 29.66412
2453147.37177 27.17851
2453148.37182 30.61920
2453149.37186 22.65681
2453150.37191 16.93173
2453151.37195 15.96432
2453152.37200 18.92596
2453153.37205 20.21142
2453154.37209 23.08397
2453155.37214 25.10773
2453156.37218 27.01159
2453157.37223 25.40130
2453158.37227 28.63417
2453159.37232 23.76891
2453160.37236 23.72110
2453161.37241 20.36210
2453162.37246 18.58782
2453163.37250 20.71150
2453164.37255 24.52486
2453165.37259 23.61396
2453166.37264 29.16221
2453167.37268 30.17720
2453168.37273 20.27444
2453169.37278 21.80960
2453170.37282 23.06094
2453171.37287 20.60781
2453172.37291 19.31214
2453173.37296 21.55258
2453174.37300 23.92636
2453175.37305 30.36111
2453176.37309 24.69726
2453177.37314 31.50584
2453178.37319 27.87223
2453179.37323 27.46556
2453180.37328 23.03460
2453181.37332 20.78034
2453182.37337 19.71700
2453183.37341 21.28603
2453184.37346 28.25536
2453185.37351 22.96066
2453186.37355 26.22279
2453187.37360 31.33913
2453188.37364 28.63886
2453189.37369 29.25016
2453190.37373 20.32097
2453191.37378 20.09415
2453192.37382 22.45133
2453193.37387 22.60813
2453194.37392 27.40041
2453195.37396 25.24377
2453196.37401 30.32821
2453197.37405 24.24645
2453198.37410 30.79613
2453199.37414 25.01854
2453200.37419 22.91147
2453201.37424 19.00371
2453202.37428 20.71510
2453203.37433 24.50933
2453204.37437 21.82257
2453205.37442 31.61623
2453206.37446 29.99520
2453207.37451 26.69052
2453208.37456 25.39114
2453209.37460 25.62408
2453210.37465 20.44912
2453211.37469 21.84056
2453212.37474 20.55653
2453213.37478 25.16284
2453214.37483 25.73695
2453215.37487 30.03091
2453401.38336 20.07704
2453402.38341 17.50208
2453403.38345 22.19798
2453404.38350 21.43040
2453405.38354 27.72117
2453406.38359 30.16027
2453407.38364 26.35733
2453408.38368 24.03480
2453409.38373 26.35151
2453410.38377 17.32234
2453411.38382 22.64619
2453412.38386 21.68973
2453413.38391 18.69150
2453414.38396 18.67517
2453415.38400 24.70653
2453416.38405 26.75609
2453417.38409 27.96459
2453418.38414 25.13376
2453419.38418 24.85842
2453420.38423 19.01828
2453421.38427 19.57335
2453422.38432 19.59289
2453423.38437 22.35872
2453424.38441 26.47088
2453425.38446 27.96332
2453426.38450 31.06054
2453427.38455 30.18224
2453428.38459 22.37564
2453429.38464 24.37740
2453430.38469 19.47510
2453431.38473 20.60867
2453432.38478 21.25049
2453433.38482 20.68841
2453434.38487 25.71481
2453435.38491 27.64401
2453436.38496 30.90643
2453437.38501 29.53997
2453438.38505 27.90303
2453439.38510 24.12054
2453440.38514 16.89899
2453441.38519 21.11894
2453442.38523 20.87508
2453443.38528 27.89524
2453444.38532 27.12691
2453445.38537 30.40688
2453446.38542 31.59161
2453447.38546 28.68154
2453448.38551 24.09617
2453449.38555 23.76477
2453450.38560 21.66402
2453451.38564 18.93893
2453452.38569 15.84841
2453453.38574 20.46897
2453454.38578 24.86949
2453455.38583 34.01527
2453456.38587 27.55000
2453457.38592 35.45533
2453458.38596 26.13638
2453459.38601 22.53108
2453460.38605 19.98929
2453461.38610 21.06809
2453462.38615 19.04967
2453463.38619 22.44290
2453464.38624 22.55906
2453465.38628 24.28916
2453466.38633 30.79508
2453467.38637 23.04946
2453468.38642 24.30703
2453469.38647 24.04934
2453470.38651 19.52479
2453471.38656 18.67055
2453472.38660 23.04547
2453473.38665 24.57046
2453474.38669 28.65247
2453475.38674 25.42761
2453476.38678 30.85504
2453477.38683 27.96063
2453478.38688 21.29492
2453479.38692 21.20844
2453480.38697 25.22009
2453481.38701 18.28875
2453482.38706 22.50532
2453483.38710 23.43806
2453484.38715 22.16624
2453485.38720 32.60859
2453486.38724 30.12017
2453487.38729 27.25159
2453488.38733 29.35075
2453489.38738 19.43069
2453490.38742 19.74540
2453491.38747 21.43662
2453492.38751 21.62314
2453493.38756 24.42049
2453494.38761 27.02906
2453495.38765 28.04735
2453496.38770 25.95389
2453497.38774 25.81947
2453498.38779 27.38560
2453499.38783 20.73201
2453500.38788 17.22060
2453501.38793 21.77132
2453502.38797 27.14626
2453503.38802 21.80594
2453504.38806 22.78983
2453505.38811 32.53032
2453506.38815 27.47058
2453507.38820 27.70502
2453508.38824 19.97051
2453509.38829 18.95578
2453510.38834 20.90613
2453511.38838 18.37098
2453512.38843 18.15318
2453513.38847 23.57309
2453514.38852 24.73702
2453515.38856 27.16871
2453516.38861 31.37088
2453517.38866 27.36171
2453518.38870 23.04085
2453519.38875 24.63599
2453520.38879 20.44713
2453521.38884 18.16468
2453522.38888 21.84482
2453523.38893 19.78347
2453524.38898 24.60752
2453525.38902 26.81746
2453526.38907 33.64324
2453527.38911 31.77298
2453528.38916 24.50166
2453529.38920 25.56137
2453530.38925 20.06153
2453531.38929 20.69016
2453532.38934 19.18341
2453533.38939 25.66717
2453534.38943 29.81538
2453535.38948 26.98312
2453536.38952 30.68388
2453537.38957 33.38996
2453538.38961 28.96721
2453539.38966 22.19529
2453540.38971 17.87728
2453541.38975 22.10611
2453542.38980 18.57098
2453543.38984 21.51529
2453544.38989 25.37514
2453545.38993 25.27728
2453546.38998 33.96644
2453547.39002 27.28488
2453548.39007 23.37525
2453549.39012 25.49490
2453550.39016 19.78921
2453551.39021 17.90414
2453552.39025 19.23134
2453553.39030 23.03626
2453554.39034 27.94094
2453555.39039 33.66794
2453556.39044 32.09274
2453557.39048 28.28828
2453558.39053 28.25229
2453559.39057 24.52659
2453560.39062 20.27415
2453561.39066 17.81711
2453562.39071 19.57533
2453563.39075 23.10086
2453564.39080 26.48160
2453565.39085 29.13196
2453566.39089 21.48172
2453567.39094 27.97584
2453568.39098 28.04323
2453569.39103 24.45933
2453570.39107 17.25359
2453571.39112 20.15988
2453572.39117 21.04693
2453573.39121 22.36000
2453574.39126 25.62104
2453575.39130 29.86736
2453576.39135 23.56733
2453577.39139 28.72145
2453578.39144 25.10481
2453579.39148 23.59981
2453580.39153 19.24750
2453766.40002 26.04799
2453767.40006 24.89232
2453768.40011 20.55208
2453769.40016 19.18464
2453770.40020 18.22697
2453771.40025 18.25666
2453772.40029 16.24970
2453773.40034 18.68296
2453774.40038 25.76449
2453775.40043 25.37269
2453776.40047 28.34609
2453777.40052 23.28127
2453778.40057 27.06022
2453779.40061 21.33611
2453780.40066 20.25360
2453781.40070 17.43816
2453782.40075 18.86513
2453783.40079 24.10587
2453784.40084 22.38553
2453785.40089 27.32090
2453786.40093 28.54755
2453787.40098 21.47601
2453788.40102 22.00706
2453789.40107 19.84067
2453790.40111 19.45357
2453791.40116 15.63358
2453792.40120 18.39719
2453793.40125 22.50213
2453794.40130 27.44117
2453795.40134 29.16157
2453796.40139 29.19236
2453797.40143 27.09400
2453798.40148 21.45320
2453799.40152 17.13242
2453800.40157 16.34099
2453801.40162 18.68326
2453802.40166 16.02429
2453803.40171 25.84259
2453804.40175 20.09925
2453805.40180 23.42344
2453806.40184 26.55052
2453807.40189 23.70222
2453808.40193 20.69599
2453809.40198 18.09677
2453810.40203 18.16887
2453811.40207 19.61605
2453812.40212 17.15642
2453813.40216 21.22298
2453814.40221 22.81514
2453815.40225 21.78214
2453816.40230 22.94681
2453817.40235 22.47535
2453818.40239 23.29366
2453819.40244 16.49920
2453820.40248 19.38645
2453821.40253 18.90816
2453822.40257 17.80106
2453823.40262 24.07941
2453824.40266 22.03261
2453825.40271 26.46431
2453826.40276 26.79540
2453827.40280 30.41050
2453828.40285 22.60851
2453829.40289 18.86688
2453830.40294 17.74588
2453831.40298 17.43286
2453832.40303 21.01871
2453833.40308 19.85898
2453834.40312 28.40584
2453835.40317 22.09274
2453836.40321 29.15552
2453837.40326 28.47282
2453838.40330 17.72507
2453839.40335 21.19361
2453840.40340 17.00621
2453841.40344 16.82809
2453842.40349 19.28742
2453843.40353 21.28643
2453844.40358 20.73353
2453845.40362 27.19101
2453846.40367 26.14168
2453847.40371 26.49627
2453848.40376 22.68047
2453849.40381 19.05724
2453850.40385 17.68027
2453851.40390 16.31982
2453852.40394 23.61920
2453853.40399 18.95497
2453854.40403 23.98409
2453855.40408 28.09390
2453856.40413 27.26087
2453857.40417 21.02820
2453858.40422 18.91500
2453859.40426 17.15544
2453860.40431 14.62593
2453861.40435 16.03897
2453862.40440 20.89864
2453863.40444 22.02101
2453864.40449 29.28137
2453865.40454 23.61152
2453866.40458 22.40119
2453867.40463 23.34877
2453868.40467 18.84631
2453869.40472 18.98798
2453870.40476 18.97660
2453871.40481 16.87051
2453872.40486 16.88322
2453873.40490 20.22195
2453874.40495 22.29639
2453875.40499 29.22244
2453876.40504 26.36879
2453877.40508 27.14264
2453878.40513 18.19630
2453879.40517 23.28198
2453880.40522 18.80081
2453881.40527 18.75416
2453882.40531 18.61630
2453883.40536 23.51415
2453884.40540 20.80033
2453885.40545 26.59971
2453886.40549 25.98801
2453887.40554 22.10679
2453888.40559 20.74444
2453889.40563 17.39418
2453890.40568 13.87493
2453891.40572 14.53303
2453892.40577 15.05556
2453893.40581 22.17182
2453894.40586 27.47063
2453895.40590 29.40680
2453896.40595 24.06930
2453897.40600 22.80930
2453898.40604 18.66061
2453899.40609 18.28778
2453900.40613 18.62126
2453901.40618 18.64838
2453902.40622 18.10295
2453903.40627 23.41466
2453904.40632 21.74331
2453905.40636 23.63233
2453906.40641 26.80078
2453907.40645 22.12226
2453908.40650 15.74507
2453909.40654 20.04240
2453910.40659 16.61005
2453911.40664 18.12160
2453912.40668 15.34750
2453913.40673 22.36962
2453914.40677 25.63992
2453915.40682 27.88881
2453916.40686 22.95458
2453917.40691 20.22167
2453918.40695 20.68219
2453919.40700 17.20636
2453920.40705 19.31613
2453921.40709 14.28345
2453922.40714 18.58145
2453923.40718 22.79866
2453924.40723 25.64534
2453925.40727 21.49970
2453926.40732 22.44993
2453927.40737 24.35964
2453928.40741 19.00203
2453929.40746 19.69696
2453930.40750 19.40024
2453931.40755 15.52817
2453932.40759 16.66380
2453933.40764 23.57525
2453934.40768 26.14026
2453935.40773 23.75218
2453936.40778 22.79876
2453937.40782 20.34867
2453938.40787 25.65514
2453939.40791 20.12072
2453940.40796 16.29180
2453941.40800 16.29740
2453942.40805 18.93906
2453943.40810 19.41146
2453944.40814 18.51400
2453945.40819 23.08641
2454131.41667 13.49863
2454132.41672 16.11055
2454133.41677 18.73027
2454134.41681 22.59157
2454135.41686 20.88681
2454136.41690 23.70606
2454137.41695 16.46033
2454138.41699 16.97624
2454139.41704 14.76365
2454140.41708 15.61303
2454141.41713 15.58250
2454142.41718 14.11353
2454143.41722 18.05115
2454144.41727 23.01973
2454145.41731 19.92824
2454146.41736 24.83724
2454147.41740 16.22612
2454148.41745 19.40499
2454149.41750 15.81337
2454150.41754 13.24756
2454151.41759 15.06799
2454152.41763 16.14442
2454153.41768 18.26688
2454154.41772 22.85847
2454155.41777 22.35247
2454156.41782 22.03709
2454157.41786 17.71915
2454158.41791 12.67413
2454159.41795 13.73744
2454160.41800 13.11894
2454161.41804 12.62520
2454162.41809 19.61764
2454163.41813 19.27550
2454164.41818 21.54747
2454165.41823 23.51332
2454166.41827 22.77552
2454167.41832 20.71252
2454168.41836 16.83114
2454169.41841 14.94538
2454170.41845 15.71402
2454171.41850 15.29741
2454172.41855 18.52741
2454173.41859 17.38850
2454174.41864 18.32023
2454175.41868 24.90434
2454176.41873 23.83441
2454177.41877 18.59620
2454178.41882 16.78020
2454179.41886 11.98457
2454180.41891 13.77081
2454181.41896 13.53086
2454182.41900 17.99741
2454183.41905 18.30718
2454184.41909 20.09886
2454185.41914 22.02536
2454186.41918 20.09659
2454187.41923 20.33595
2454188.41928 16.44504
2454189.41932 14.11689
2454190.41937 12.34789
2454191.41941 15.70800
2454192.41946 16.37333
2454193.41950 19.30709
2454194.41955 20.57282
2454195.41959 23.28811
2454196.41964 21.62826
2454197.41969 18.17740
2454198.41973 14.74153
2454199.41978 12.52767
2454200.41982 13.95704
2454201.41987 13.66977
2454202.41991 16.65257
2454203.41996 20.80716
2454204.42001 17.63260
2454205.42005 24.29237
2454206.42010 18.89282
2454207.42014 23.50590
2454208.42019 14.33041
2454209.42023 13.42499
2454210.42028 12.33539
2454211.42032 11.96265
2454212.42037 19.98291
2454213.42042 17.83317
2454214.42046 16.96723
2454215.42051 21.54352
2454216.42055 19.32685
2454217.42060 19.18109
2454218.42064 14.23203
2454219.42069 15.04210
2454220.42074 14.07347
2454221.42078 13.64499
2454222.42083 20.48370
2454223.42087 16.58251
2454224.42092 18.08073
2454225.42096 21.88329
2454226.42101 20.78901
2454227.42106 18.91167
2454228.42110 16.85656
2454229.42115 14.27855
2454230.42119 12.14047
2454231.42124 11.19635
2454232.42128 14.32840
2454233.42133 14.69232
2454234.42137 24.01272
2454235.42142 18.09386
2454236.42147 20.86691
2454237.42151 18.39595
2454238.42156 14.99841
2454239.42160 13.56161
2454240.42165 10.80364
2454241.42169 11.22465
2454242.42174 17.35768
2454243.42179 16.36365
2454244.42183 21.38151
2454245.42188 20.92639
2454246.42192 21.29139
2454247.42197 17.98965
2454248.42201 15.69018
2454249.42206 13.34366
2454250.42210 11.00692
2454251.42215 13.82114
2454252.42220 17.02280
2454253.42224 17.79175
2454254.42229 21.24322
2454255.42233 19.89356
2454256.42238 21.70203
2454257.42242 17.83898
2454258.42247 14.85179
2454259.42252 9.85700
2454260.42256 12.37907
2454261.42261 13.84691
2454262.42265 17.61419
2454263.42270 15.47821
2454264.42274 16.26631
2454265.42279 22.85130
2454266.42283 23.02965
2454267.42288 18.42346
2454268.42293 13.00526
2454269.42297 10.73232
2454270.42302 11.23344
2454271.42306 15.18851
2454272.42311 15.07932
2454273.42315 20.87307
2454274.42320 16.86757
2454275.42325 23.05228
2454276.42329 18.97752
2454277.42334 19.50889
2454278.42338 15.38005
2454279.42343 12.05008
2454280.42347 13.07810
2454281.42352 14.08424
2454282.42356 15.70907
2454283.42361 18.48611
2454284.42366 18.75480
2454285.42370 18.66881
2454286.42375 18.71580
2454287.42379 15.13094
2454288.42384 14.68239
2454289.42388 13.37474
2454290.42393 10.43195
2454291.42398 12.91341
2454292.42402 14.53931
2454293.42407 17.74346
2454294.42411 19.84133
2454295.42416 22.01465
2454296.42420 15.37631
2454297.42425 17.92126
2454298.42429 12.72795
2454299.42434 11.34151
2454300.42439 9.74945
2454301.42443 12.13520
2454302.42448 17.61626
2454303.42452 16.17199
2454304.42457 17.14059
2454305.42461 21.79244
2454306.42466 20.37313
2454307.42471 18.24873
2454308.42475 15.04652
2454309.42480 12.42216
2454310.42484 11.83830
2454497.43338 12.19611
2454498.43342 9.21109
2454499.43347 8.14135
2454500.43351 7.40099
2454501.43356 9.66136
2454502.43360 12.13888
2454503.43365 19.15196
2454504.43370 19.46254
2454505.43374 16.88618
2454506.43379 19.04021
2454507.43383 12.55993
2454508.43388 9.55381
2454509.43392 10.41615
2454510.43397 10.29026
2454511.43401 11.42863
2454512.43406 13.76312
2454513.43411 17.11581
2454514.43415 17.70655
2454515.43420 20.00953
2454516.43424 19.20031
2454517.43429 14.89168
2454518.43433 11.49533
2454519.43438 7.19632
2454520.43443 9.29302
2454521.43447 9.50370
2454522.43452 11.06244
2454523.43456 15.21964
2454524.43461 15.65211
2454525.43465 18.63685
2454526.43470 18.28188
2454527.43474 12.11319
2454528.43479 10.34788
2454529.43484 7.09349
2454530.43488 9.20347
2454531.43493 11.70189
2454532.43497 12.11798
2454533.43502 15.90306
2454534.43506 15.86212
2454535.43511 16.04711
2454536.43516 15.86908
2454537.43520 11.74517
2454538.43525 10.31421
2454539.43529 8.64131
2454540.43534 7.95430
2454541.43538 11.62474
2454542.43543 13.32970
2454543.43548 16.72223
2454544.43552 22.66813
2454545.43557 19.23753
2454546.43561 18.29664
2454547.43566 11.77275
2454548.43570 8.11175
2454549.43575 7.02110
2454550.43579 8.77663
2454551.43584 9.74227
2454552.43589 13.26053
2454553.43593 12.92801
2454554.43598 18.12315
2454555.43602 15.02062
2454556.43607 14.06889
2454557.43611 12.82376
2454558.43616 8.94099
2454559.43621 7.96107
2454560.43625 7.23223
2454561.43630 10.55141
2454562.43634 14.15500
2454563.43639 15.94001
2454564.43643 18.83452
2454565.43648 11.35124
2454566.43652 15.45755
2454567.43657 12.21832
2454568.43662 9.64180
2454569.43666 8.58887
2454570.43671 7.58643
2454571.43675 10.55434
2454572.43680 10.14573
2454573.43684 16.43451
2454574.43689 17.54476
2454575.43694 18.15982
2454576.43698 14.69622
2454577.43703 10.55360
2454578.43707 10.76577
2454579.43712 7.30176
2454580.43716 8.61539
2454581.43721 9.33837
2454582.43725 11.88982
2454583.43730 18.81732
2454584.43735 17.86823
2454585.43739 16.47268
2454586.43744 16.89963
2454587.43748 10.72729
2454588.43753 9.82085
2454589.43757 7.82908
2454590.43762 8.45529
2454591.43767 8.38110
2454592.43771 13.54704
2454593.43776 13.74457
2454594.43780 17.31212
2454595.43785 12.94289
2454596.43789 15.05392
2454597.43794 14.01805
2454598.43798 8.19735
2454599.43803 8.06741
2454600.43808 7.73139
2454601.43812 9.42650
2454602.43817 13.51018
2454603.43821 13.81455
2454604.43826 16.60297
2454605.43830 16.22064
2454606.43835 13.90557
2454607.43840 11.39954
2454608.43844 8.12501
2454609.43849 6.48672
2454610.43853 7.90286
2454611.43858 9.47789
2454612.43862 11.41341
2454613.43867 16.17949
2454614.43871 15.32862
2454615.43876 15.34320
2454616.43881 15.01127
2454617.43885 11.00610
2454618.43890 9.86400
2454619.43894 8.07095
2454620.43899 7.88948
2454621.43903 10.91418
2454622.43908 13.45539
2454623.43913 15.89945
2454624.43917 18.12724
2454625.43922 17.72241
2454626.43926 17.01699
2454627.43931 10.96081
2454628.43935 8.41657
2454629.43940 7.05426
2454630.43945 8.01291
2454631.43949 8.10113
2454632.43954 11.98777
2454633.43958 15.78895
2454634.43963 13.95974
2454635.43967 15.00535
2454636.43972 13.21396
2454637.43976 11.37187
2454638.43981 9.02927
2454639.43986 5.53149
2454640.43990 7.46231
2454641.43995 8.49817
2454642.43999 8.94814
2454643.44004 11.21016
2454644.44008 14.17714
2454645.44013 14.50522
2454646.44018 15.03229
2454647.44022 10.65011
2454648.44027 8.16072
2454649.44031 6.18455
2454650.44036 7.22063
2454651.44040 10.19945
2454652.44045 10.81693
2454653.44049 15.82466
2454654.44054 16.79463
2454655.44059 19.16732
2454656.44063 11.87070
2454657.44068 11.37251
2454658.44072 7.31953
2454659.44077 6.91971
2454660.44081 7.34497
2454661.44086 8.49970
2454662.44091 12.41094
2454663.44095 14.90200
2454664.44100 16.35761
2454665.44104 14.11254
2454666.44109 14.05833
2454667.44113 10.14311
2454668.44118 7.37799
2454669.44122 5.59880
2454670.44127 5.68382
2454671.44132 7.56901
2454672.44136 11.07001
2454673.44141 11.07148
2454674.44145 14.46577
2454675.44150 18.40941
2454676.44154 13.95977
2454862.45003 11.60206
2454863.45008 10.39368
2454864.45012 13.80955
2454865.45017 12.47980
2454866.45021 8.83612
2454867.45026 6.88104
2454868.45031 5.33897
2454869.45035 3.55960
2454870.45040 5.39529
2454871.45044 6.28681
2454872.45049 11.02032
2454873.45053 10.55058
2454874.45058 13.33551
2454875.45063 11.01779
2454876.45067 7.43186
2454877.45072 6.93654
2454878.45076 5.39143
2454879.45081 4.21547
2454880.45085 4.62669
2454881.45090 6.64640
2454882.45094 10.20127
2454883.45099 12.48024
2454884.45104 14.57503
2454885.45108 11.45113
2454886.45113 11.01060
2454887.45117 5.34018
2454888.45122 5.19275
2454889.45126 2.99399
2454890.45131 5.01538
2454891.45136 7.54915
2454892.45140 10.25861
2454893.45145 12.83558
2454894.45149 13.34278
2454895.45154 12.42086
2454896.45158 8.76139
2454897.45163 7.66289
2454898.45167 5.10345
2454899.45172 3.57629
2454900.45177 4.79956
2454901.45181 7.67024
2454902.45186 11.06806
2454903.45190 12.38861
2454904.45195 12.50014
2454905.45199 10.24104
2454906.45204 8.47521
2454907.45209 7.60200
2454908.45213 5.85391
2454909.45218 4.17974
2454910.45222 4.35268
2454911.45227 6.80806
2454912.45231 8.74507
2454913.45236 9.39300
2454914.45240 14.95132
2454915.45245 12.63755
2454916.45250 9.17346
2454917.45254 5.49346
2454918.45259 4.12870
2454919.45263 3.42992
2454920.45268 4.06272
2454921.45272 7.49198
2454922.45277 11.31748
2454923.45282 11.27697
2454924.45286 13.22262
2454925.45291 12.61516
2454926.45295 7.51501
2454927.45300 5.33897
2454928.45304 4.61600
2454929.45309 3.23733
2454930.45313 4.90051
2454931.45318 7.72742
2454932.45323 10.22483
2454933.45327 11.34440
2454934.45332 13.78372
2454935.45336 14.15811
2454936.45341 10.49535
2454937.45345 5.87040
2454938.45350 3.36067
2454939.45355 3.52353
2454940.45359 4.74244
2454941.45364 6.29019
2454942.45368 10.65080
2454943.45373 11.35964
2454944.45377 11.76108
2454945.45382 11.81232
2454946.45387 7.98687
2454947.45391 5.87678
2454948.45396 3.68714
2454949.45400 3.33180
2454950.45405 4.01974
2454951.45409 6.24206
2454952.45414 8.70179
2454953.45418 13.12977
2454954.45423 11.18698
2454955.45428 12.17138
2454956.45432 8.86457
2454957.45437 5.97313
2454958.45441 3.44064
2454959.45446 3.02522
2454960.45450 3.96230
2454961.45455 7.61304
2454962.45460 9.69859
2454963.45464 11.74350
2454964.45469 12.85694
2454965.45473 12.34005
2454966.45478 9.01488
2454967.45482 5.98691
2454968.45487 3.65628
2454969.45491 3.16732
2454970.45496 3.56898
2454971.45501 6.53572
2454972.45505 9.52177
2454973.45510 11.40830
2454974.45514 12.08991
2454975.45519 12.89181
2454976.45523 8.94160
2454977.45528 5.02518
2454978.45533 3.02865
2454979.45537 3.21892
2454980.45542 3.74732
2454981.45546 6.45570
2454982.45551 8.99961
2454983.45555 11.90475
2454984.45560 11.36255
2454985.45564 10.81094
2454986.45569 8.09761
2454987.45574 6.12171
2454988.45578 3.26167
2454989.45583 2.86364
2454990.45587 3.36227
2454991.45592 6.21518
2454992.45596 9.57369
2454993.45601 10.38982
2454994.45606 9.51284
2454995.45610 10.42920
2454996.45615 9.21336
2454997.45619 5.50854
2454998.45624 3.06797
2454999.45628 2.35391
2455000.45633 3.68966
2455001.45637 7.01066
2455002.45642 10.11397
2455003.45647 11.47803
2455004.45651 10.87494
2455005.45656 10.15897
2455006.45660 7.85880
2455007.45665 4.51249
2455008.45669 3.21151
2455009.45674 2.56348
2455010.45679 4.71114
2455011.45683 6.59829
2455012.45688 8.78818
2455013.45692 12.29363
2455014.45697 12.16614
2455015.45701 8.77339
2455016.45706 8.47745
2455017.45711 5.15782
2455018.45715 2.98678
2455019.45720 2.48380
2455020.45724 4.15194
2455021.45729 6.42988
2455022.45733 10.01669
2455023.45738 12.00991
2455024.45742 12.77251
2455025.45747 11.18076
2455026.45752 7.80133
2455027.45756 4.96806
2455028.45761 3.05551
2455029.45765 2.04401
2455030.45770 4.20051
2455031.45774 6.67272
2455032.45779 10.35390
2455033.45784 10.89386
2455034.45788 10.65973
2455035.45793 9.94974
2455036.45797 7.80717
2455037.45802 4.84745
2455038.45806 2.83190
2455039.45811 2.32475
2455040.45815 3.39984
2455041.45820 6.44293
2455227.46669 2.96414
2455228.46673 1.35190
2455229.46678 1.46600
2455230.46682 3.37901
2455231.46687 5.91020
2455232.46692 8.44921
2455233.46696 11.99248
2455234.46701 9.50628
2455235.46705 9.98213
2455236.46710 6.00000
2455237.46714 3.12758
2455238.46719 1.37418
2455239.46724 1.42021
2455240.46728 3.28012
2455241.46733 6.17564
2455242.46737 7.85451
2455243.46742 11.05178
2455244.46746 9.29014
2455245.46751 7.62479
2455246.46755 5.57945
2455247.46760 2.47797
2455248.46765 1.05236
2455249.46769 1.53627
2455250.46774 3.60178
2455251.46778 5.83017
2455252.46783 8.61205
2455253.46787 11.05450
2455254.46792 12.98873
2455255.46797 8.49066
2455256.46801 4.92959
2455257.46806 2.50408
2455258.46810 1.17672
2455259.46815 1.31309
2455260.46819 3.39353
2455261.46824 5.15101
2455262.46829 9.84782
2455263.46833 10.18629
2455264.46838 10.25075
2455265.46842 7.79358
2455266.46847 5.08216
2455267.46851 2.32932
2455268.46856 1.14685
2455269.46860 1.23577
2455270.46865 2.71935
2455271.46870 5.62120
2455272.46874 6.97095
2455273.46879 8.46567
2455274.46883 9.88224
2455275.46888 8.38704
2455276.46892 6.52258
2455277.46897 2.31686
2455278.46902 1.11930
2455279.46906 1.27480
2455280.46911 3.21767
2455281.46915 5.60487
2455282.46920 8.57647
2455283.46924 10.63615
2455284.46929 9.37532
2455285.46933 9.31080
2455286.46938 4.61630
2455287.46943 2.53219
2455288.46947 0.95655
2455289.46952 1.29904
2455290.46956 3.29780
2455291.46961 5.81441
2455292.46965 8.19032
2455293.46970 9.71389
2455294.46975 8.97133
2455295.46979 7.22385
2455296.46984 4.94839
2455297.46988 2.38244
2455298.46993 0.97215
2455299.46997 1.26946
2455300.47002 3.00626
2455301.47006 6.80540
2455302.47011 9.63315
2455303.47016 9.02253
2455304.47020 8.60761
2455305.47025 7.77652
2455306.47029 4.40585
2455307.47034 2.23204
2455308.47038 0.84306
2455309.47043 1.21358
2455310.47048 2.96507
2455311.47052 5.66118
2455312.47057 8.97452
2455313.47061 10.61871
2455314.47066 9.27748
2455315.47070 7.80516
2455316.47075 4.61726
2455317.47079 2.29650
2455318.47084 0.77653
2455319.47089 1.10296
2455320.47093 2.91169
2455321.47098 5.80522
2455322.47102 7.75027
2455323.47107 8.78675
2455324.47111 10.73252
2455325.47116 8.13546
2455326.47121 4.82483
2455327.47125 1.85677
2455328.47130 0.74589
2455329.47134 1.30830
2455330.47139 3.04090
2455331.47143 4.63853
2455332.47148 8.80375
2455333.47153 10.55766
2455334.47157 9.78178
2455335.47162 7.84168
2455336.47166 5.17871
2455337.47171 2.24691
2455338.47175 0.68519
2455339.47180 0.84227
2455340.47184 3.36835
2455341.47189 5.38013
2455342.47194 7.17845
2455343.47198 10.94581
2455344.47203 9.58414
2455345.47207 7.72466
2455346.47212 4.95208
2455347.47216 1.86088
2455348.47221 0.64504
2455349.47226 1.37169
2455350.47230 3.42211
2455351.47235 6.08256
2455352.47239 7.88533
2455353.47244 8.88107
2455354.47248 11.26390
2455355.47253 7.88777
2455356.47257 4.43637
2455357.47262 2.50681
2455358.47267 0.68898
2455359.47271 1.06195
2455360.47276 2.74488
2455361.47280 5.93023
2455362.47285 8.46110
2455363.47289 8.52307
2455364.47294 11.33406
2455365.47299 7.54203
2455366.47303 4.27543
2455367.47308 2.25237
2455368.47312 0.67641
2455369.47317 1.05607
2455370.47321 2.87008
2455371.47326 6.33939
2455372.47330 8.17973
2455373.47335 10.78933
2455374.47340 8.06735
2455375.47344 6.93008
2455376.47349 4.92997
2455377.47353 1.60350
2455378.47358 0.59348
2455379.47362 1.22526
2455380.47367 3.46575
2455381.47372 6.45264
2455382.47376 9.40454
2455383.47381 11.72149
2455384.47385 7.85646
2455385.47390 6.37691
2455386.47394 4.29437
2455387.47399 1.86957
2455388.47403 0.61301
2455389.47408 1.03405
2455390.47413 3.64917
2455391.47417 6.45523
2455392.47422 10.47537
2455393.47426 11.05747
2455394.47431 10.05556
2455395.47435 6.53936
2455396.47440 3.88351
2455397.47445 1.75304
2455398.47449 0.51093
2455399.47454 0.89839
2455400.47458 3.14124
2455401.47463 7.74901
2455402.47467 9.60955
2455403.47472 8.65793
2455404.47476 9.57289
2455405.47481 7.15393
2455406.47486 3.92457
2455592.48334 9.59642
2455593.48339 9.04736
2455594.48344 8.04341
2455595.48348 6.04401
2455596.48353 2.94840
2455597.48357 1.34410
2455598.48362 0.63332
2455599.48366 1.53100
2455600.48371 4.50438
2455601.48375 6.47639
2455602.48380 8.97062
2455603.48385 8.96390
2455604.48389 9.28462
2455605.48394 6.12633
2455606.48398 3.82068
2455607.48403 1.43690
2455608.48407 0.68077
2455609.48412 1.87072
2455610.48417 4.76858
2455611.48421 7.60493
2455612.48426 9.31932
2455613.48430 10.31243
2455614.48435 9.36689
2455615.48439 5.99636
2455616.48444 3.32975
2455617.48448 1.45144
2455618.48453 0.74900
2455619.48458 2.18916
2455620.48462 4.35226
2455621.48467 7.73336
2455622.48471 9.43637
2455623.48476 12.55012
2455624.48480 10.62724
2455625.48485 5.61531
2455626.48490 3.91013
2455627.48494 1.15236
2455628.48499 0.92348
2455629.48503 1.85826
2455630.48508 4.27123
2455631.48512 5.02341
2455632.48517 9.28507
2455633.48521 9.29025
2455634.48526 8.46571
2455635.48531 6.73826
2455636.48535 3.81187
2455637.48540 1.32826
2455638.48544 0.77007
2455639.48549 2.03732
2455640.48553 4.39384
2455641.48558 6.50995
2455642.48563 11.20005
2455643.48567 8.95517
2455644.48572 9.48525
2455645.48576 7.13586
2455646.48581 4.13380
2455647.48585 1.33365
2455648.48590 0.78987
2455649.48595 2.14794
2455650.48599 4.68669
2455651.48604 7.87237
2455652.48608 10.82808
2455653.48613 10.65797
2455654.48617 8.25025
2455655.48622 8.04980
2455656.48626 3.51574
2455657.48631 1.43639
2455658.48636 0.79743
2455659.48640 1.63748
2455660.48645 3.77077
2455661.48649 7.56386
2455662.48654 8.14923
2455663.48658 8.42860
2455664.48663 9.23247
2455665.48668 6.58559
2455666.48672 3.43708
2455667.48677 1.55995
2455668.48681 0.84169
2455669.48686 2.22777
2455670.48690 5.13029
2455671.48695 6.99495
2455672.48699 9.34198
2455673.48704 10.04780
2455674.48709 8.94669
2455675.48713 5.90389
2455676.48718 4.51552
2455677.48722 1.70026
2455678.48727 0.96845
2455679.48731 2.00344
2455680.48736 5.97642
2455681.48741 8.52646
2455682.48745 10.95040
2455683.48750 10.24039
2455684.48754 9.61246
2455685.48759 7.13492
2455686.48763 2.98730
2455687.48768 1.48367
2455688.48772 1.00180
2455689.48777 2.47311
2455690.48782 5.32810
2455691.48786 7.67985
2455692.48791 8.80418
2455693.48795 7.81760
2455694.48800 9.31456
2455695.48804 6.50590
2455696.48809 3.23901
2455697.48814 1.40816
2455698.48818 1.23816
2455699.48823 2.11355
2455700.48827 4.04518
2455701.48832 8.13830
2455702.48836 9.26085
2455703.48841 11.44101
2455704.48845 9.10552
2455705.48850 5.00695
2455706.48855 3.48168
2455707.48859 1.43253
2455708.48864 1.18770
2455709.48868 2.50898
2455710.48873 5.31893
2455711.48877 9.75340
2455712.48882 11.40817
2455713.48887 9.51277
2455714.48891 8.25901
2455715.48896 5.89059
2455716.48900 3.35788
2455717.48905 1.32112
2455718.48909 1.12851
2455719.48914 2.34755
2455720.48918 5.19368
2455721.48923 8.53916
2455722.48928 10.30157
2455723.48932 9.25130
2455724.48937 8.91197
2455725.48941 6.55523
2455726.48946 3.43983
2455727.48950 1.50146
2455728.48955 1.07588
2455729.48960 2.76397
2455730.48964 5.47572
2455731.48969 7.72730
2455732.48973 11.32545
2455733.48978 8.26990
2455734.48982 7.59060
2455735.48987 7.93961
2455736.48992 3.88269
2455737.48996 1.53889
2455738.49001 1.28852
2455739.49005 2.49945
2455740.49010 6.20254
2455741.49014 9.13513
2455742.49019 9.38061
2455743.49023 10.68854
2455744.49028 9.26891
2455745.49033 6.74547
2455746.49037 3.20341
2455747.49042 1.60701
2455748.49046 1.21126
2455749.49051 3.15215
2455750.49055 5.92686
2455751.49060 7.22088
2455752.49065 9.17049
2455753.49069 9.63325
2455754.49074 9.21051
2455755.49078 7.08793
2455756.49083 3.88350
2455757.49087 1.88080
2455758.49092 1.49815
2455759.49096 2.83190
2455760.49101 6.05090
2455761.49106 6.81623
2455762.49110 9.67379
2455763.49115 8.38174
2455764.49119 8.38645
2455765.49124 5.53231
2455766.49128 3.70131
2455767.49133 1.46206
2455768.49138 1.46812
2455769.49142 2.97078
2455770.49147 5.93022
2455771.49151 8.61790
2455957.50000 2.85879
