2445000.00000 4.57522
2445001.00005 6.11419
2445002.00009 5.53280
2445003.00014 6.21275
2445004.00018 6.21183
2445005.00023 4.61107
2445006.00027 5.60288
2445007.00032 3.99305
2445008.00037 3.31151
2445009.00041 2.82526
2445010.00046 2.29547
2445011.00050 1.46640
2445012.00055 0.82466
2445013.00059 0.56796
2445014.00064 0.44101
2445015.00068 0.75151
2445016.00073 1.09632
2445017.00078 1.38256
2445018.00082 1.89900
2445019.00087 3.97526
2445020.00091 4.12826
2445021.00096 5.05226
2445022.00100 5.27128
2445023.00105 4.92054
2445024.00110 5.33195
2445025.00114 5.70421
2445026.00119 6.29866
2445027.00123 4.56742
2445028.00128 3.83258
2445029.00132 2.79467
2445030.00137 2.36210
2445031.00141 1.86389
2445032.00146 1.01021
2445033.00151 0.78803
2445034.00155 0.42838
2445035.00160 0.54855
2445036.00164 0.75478
2445037.00169 1.22059
2445038.00173 2.19779
2445039.00178 2.85661
2445040.00183 3.78565
2445041.00187 4.87682
2445042.00192 4.94599
2445043.00196 5.06429
2445044.00201 6.08412
2445045.00205 6.03970
2445046.00210 5.37154
2445047.00214 5.04533
2445048.00219 4.12965
2445049.00224 4.73382
2445050.00228 2.87915
2445051.00233 2.08505
2445052.00237 1.46157
2445053.00242 0.89795
2445054.00246 0.44482
2445055.00251 0.32423
2445056.00256 0.36977
2445057.00260 0.64607
2445058.00265 1.36472
2445059.00269 1.56710
2445060.00274 2.82669
2445061.00278 3.30906
2445062.00283 3.58178
2445063.00287 5.45075
2445064.00292 5.45447
2445065.00297 5.26764
2445066.00301 4.78222
2445067.00306 5.68701
2445068.00310 5.18967
2445069.00315 4.55108
2445070.00319 3.31115
2445071.00324 3.22140
2445072.00329 2.05276
2445073.00333 1.30939
2445074.00338 0.70229
2445075.00342 0.30088
2445076.00347 0.15966
2445077.00351 0.35800
2445078.00356 0.69355
2445079.00361 1.41371
2445080.00365 2.08676
2445081.00370 2.69763
2445082.00374 3.61377
2445083.00379 4.31556
2445084.00383 5.45433
2445085.00388 5.69861
2445086.00392 5.48781
2445087.00397 5.49329
2445088.00402 4.51341
2445089.00406 3.67358
2445090.00411 3.49390
2445091.00415 2.99334
2445092.00420 2.23984
2445093.00424 1.51891
2445094.00429 0.86119
2445095.00434 0.38866
2445096.00438 0.17208
2445097.00443 0.14936
2445098.00447 0.32726
2445099.00452 0.64278
2445100.00456 1.36853
2445101.00461 2.11874
2445102.00465 2.68052
2445103.00470 3.50234
2445104.00475 4.30373
2445105.00479 4.07205
2445106.00484 4.65929
2445107.00488 5.27738
2445108.00493 5.86391
2445109.00497 5.22153
2445110.00502 4.01707
2445111.00507 4.10101
2445112.00511 3.03759
2445113.00516 2.00009
2445114.00520 1.35121
2445115.00525 0.73968
2445116.00529 0.26788
2445117.00534 0.08650
2445118.00538 0.10782
2445119.00543 0.33009
2445120.00548 0.84590
2445121.00552 1.54311
2445122.00557 2.21710
2445123.00561 3.03568
2445124.00566 3.27707
2445125.00570 4.22766
2445126.00575 4.73763
2445127.00580 5.69703
2445128.00584 5.95912
2445129.00589 5.89155
2445130.00593 4.68601
2445131.00598 4.78034
2445132.00602 3.83979
2445133.00607 2.30815
2445134.00611 1.85942
2445135.00616 1.17068
2445136.00621 0.53219
2445137.00625 0.17934
2445138.00630 0.02511
2445139.00634 0.10556
2445140.00639 0.42271
2445141.00643 1.04768
2445142.00648 1.48679
2445143.00653 2.28110
2445144.00657 3.47741
2445145.00662 3.25533
2445146.00666 5.12860
2445147.00671 5.11192
2445148.00675 5.89214
2445149.00680 6.16246
2445150.00684 4.28417
2445151.00689 4.39334
2445152.00694 3.83638
2445153.00698 2.84226
2445154.00703 2.70630
2445155.00707 1.62049
2445156.00712 1.08659
2445157.00716 0.40040
2445158.00721 0.09902
2445159.00726 0.01431
2445160.00730 0.17334
2445161.00735 0.53848
2445162.00739 0.92096
2445163.00744 1.89338
2445164.00748 2.65108
2445165.00753 2.78294
2445166.00758 3.57010
2445167.00762 4.70381
2445168.00767 5.33866
2445169.00771 4.62437
2445170.00776 5.86514
2445171.00780 4.57543
2445172.00785 3.90636
2445173.00789 3.29341
2445174.00794 3.09211
2445175.00799 2.12228
2445176.00803 1.34954
2445177.00808 0.75601
2445178.00812 0.37459
2445179.00817 0.06794
2445366.01670 1.11907
2445367.01675 1.08097
2445368.01679 1.37137
2445369.01684 1.74608
2445370.01688 2.51361
2445371.01693 3.47702
2445372.01698 3.85850
2445373.01702 5.49691
2445374.01707 4.91481
2445375.01711 5.82800
2445376.01716 6.15671
2445377.01720 6.12129
2445378.01725 6.12762
2445379.01729 5.94484
2445380.01734 5.40080
2445381.01739 5.14020
2445382.01743 3.68317
2445383.01748 3.03831
2445384.01752 2.81975
2445385.01757 1.84373
2445386.01761 1.47007
2445387.01766 1.31742
2445388.01771 1.33932
2445389.01775 2.02718
2445390.01780 2.18138
2445391.01784 3.20923
2445392.01789 3.63361
2445393.01793 4.55582
2445394.01798 5.07435
2445395.01803 5.65824
2445396.01807 6.64166
2445397.01812 6.52526
2445398.01816 7.09391
2445399.01821 6.57676
2445400.01825 5.43115
2445401.01830 5.89329
2445402.01834 4.76943
2445403.01839 3.60624
2445404.01844 2.69478
2445405.01848 2.48695
2445406.01853 2.05225
2445407.01857 1.67406
2445408.01862 1.51865
2445409.01866 1.84329
2445410.01871 1.34551
2445411.01876 2.50801
2445412.01880 3.39269
2445413.01885 4.10327
2445414.01889 5.91300
2445415.01894 6.08398
2445416.01898 6.89175
2445417.01903 6.03113
2445418.01907 7.86953
2445419.01912 8.13464
2445420.01917 6.66782
2445421.01921 6.38499
2445422.01926 4.85232
2445423.01930 4.21092
2445424.01935 4.37472
2445425.01939 3.02694
2445426.01944 2.82548
2445427.01949 2.28868
2445428.01953 1.72993
2445429.01958 1.41637
2445430.01962 1.92669
2445431.01967 2.40837
2445432.01971 2.50352
2445433.01976 3.46091
2445434.01980 4.16598
2445435.01985 5.10047
2445436.01990 5.95921
2445437.01994 6.82367
2445438.01999 6.21255
2445439.02003 6.40783
2445440.02008 8.20792
2445441.02012 6.77861
2445442.02017 6.33739
2445443.02022 5.54370
2445444.02026 5.01656
2445445.02031 3.90089
2445446.02035 3.13713
2445447.02040 2.56504
2445448.02044 2.13503
2445449.02049 1.58419
2445450.02053 2.18282
2445451.02058 2.30690
2445452.02063 3.01968
2445453.02067 2.92575
2445454.02072 4.04410
2445455.02076 4.63678
2445456.02081 6.27587
2445457.02085 6.60558
2445458.02090 5.66017
2445459.02095 6.67821
2445460.02099 7.11256
2445461.02104 6.32141
2445462.02108 6.85485
2445463.02113 5.81004
2445464.02117 5.33125
2445465.02122 4.66006
2445466.02126 3.49790
2445467.02131 2.63503
2445468.02136 3.17244
2445469.02140 2.10535
2445470.02145 2.01868
2445471.02149 2.39981
2445472.02154 2.45743
2445473.02158 3.64901
2445474.02163 3.55576
2445475.02168 4.80373
2445476.02172 5.90324
2445477.02177 5.31959
2445478.02181 6.71599
2445479.02186 7.22305
2445480.02190 8.55291
2445481.02195 8.12948
2445482.02200 8.49227
2445483.02204 6.71107
2445484.02209 5.80693
2445485.02213 6.10125
2445486.02218 4.34640
2445487.02222 4.17843
2445488.02227 3.58612
2445489.02231 2.74904
2445490.02236 2.42282
2445491.02241 2.44422
2445492.02245 2.15807
2445493.02250 3.52039
2445494.02254 3.57126
2445495.02259 4.13718
2445496.02263 5.89474
2445497.02268 5.23348
2445498.02273 5.47760
2445499.02277 8.14294
2445500.02282 8.07137
2445501.02286 7.70792
2445502.02291 7.01375
2445503.02295 8.79782
2445504.02300 7.10163
2445505.02304 6.22649
2445506.02309 5.79399
2445507.02314 3.95940
2445508.02318 4.12970
2445509.02323 3.89509
2445510.02327 2.63415
2445511.02332 2.40832
2445512.02336 2.83801
2445513.02341 2.71718
2445514.02346 3.15132
2445515.02350 4.60019
2445516.02355 4.86161
2445517.02359 5.83503
2445518.02364 5.56644
2445519.02368 7.72559
2445520.02373 8.39692
2445521.02377 8.24968
2445522.02382 7.73781
2445523.02387 8.87917
2445524.02391 9.33607
2445525.02396 8.07870
2445526.02400 7.43931
2445527.02405 5.48267
2445528.02409 5.36974
2445529.02414 4.12395
2445530.02419 3.97681
2445531.02423 3.48077
2445532.02428 2.99139
2445533.02432 2.62195
2445534.02437 3.83470
2445535.02441 4.81501
2445536.02446 5.22452
2445537.02450 6.11807
2445538.02455 6.25349
2445539.02460 7.41010
2445540.02464 7.41766
2445541.02469 8.87078
2445542.02473 8.66626
2445543.02478 9.31137
2445544.02482 9.86740
2445545.02487 6.56963
2445731.03336 10.87389
2445732.03340 9.91458
2445733.03345 7.79265
2445734.03349 9.36875
2445735.03354 7.83742
2445736.03359 6.78970
2445737.03363 6.76405
2445738.03368 6.19908
2445739.03372 5.96515
2445740.03377 5.56472
2445741.03381 6.04370
2445742.03386 6.97509
2445743.03391 8.45434
2445744.03395 7.60066
2445745.03400 9.52178
2445746.03404 10.02559
2445747.03409 10.23236
2445748.03413 12.00941
2445749.03418 10.98872
2445750.03422 11.84555
2445751.03427 12.05489
2445752.03432 10.33113
2445753.03436 9.47304
2445754.03441 10.63366
2445755.03445 9.05791
2445756.03450 8.49935
2445757.03454 7.79262
2445758.03459 5.75310
2445759.03464 5.46672
2445760.03468 6.68686
2445761.03473 6.52052
2445762.03477 5.85046
2445763.03482 5.70564
2445764.03486 7.68802
2445765.03491 7.68456
2445766.03495 9.82354
2445767.03500 10.96421
2445768.03505 11.50367
2445769.03509 10.90536
2445770.03514 12.21077
2445771.03518 13.66388
2445772.03523 10.61087
2445773.03527 11.71062
2445774.03532 9.88235
2445775.03537 8.04709
2445776.03541 8.69061
2445777.03546 7.67921
2445778.03550 7.74453
2445779.03555 8.12941
2445780.03559 7.70028
2445781.03564 7.61557
2445782.03568 6.99080
2445783.03573 8.00571
2445784.03578 7.97672
2445785.03582 6.54975
2445786.03587 7.97754
2445787.03591 10.68922
2445788.03596 10.78977
2445789.03600 11.80299
2445790.03605 12.59440
2445791.03610 12.53649
2445792.03614 10.20903
2445793.03619 11.48268
2445794.03623 11.24680
2445795.03628 11.60770
2445796.03632 10.32113
2445797.03637 8.38966
2445798.03642 7.45682
2445799.03646 8.68484
2445800.03651 8.35726
2445801.03655 6.37065
2445802.03660 6.12065
2445803.03664 7.12193
2445804.03669 7.29824
2445805.03673 7.36775
2445806.03678 10.34848
2445807.03683 9.05779
2445808.03687 9.79339
2445809.03692 10.13774
2445810.03696 12.12978
2445811.03701 10.39111
2445812.03705 9.06051
2445813.03710 10.23443
2445814.03715 12.37509
2445815.03719 10.80344
2445816.03724 9.84615
2445817.03728 10.77737
2445818.03733 8.31331
2445819.03737 9.41971
2445820.03742 7.84441
2445821.03746 6.08093
2445822.03751 6.76040
2445823.03756 7.85253
2445824.03760 7.13919
2445825.03765 6.18389
2445826.03769 8.82441
2445827.03774 8.72561
2445828.03778 11.25803
2445829.03783 11.64116
2445830.03788 10.31234
2445831.03792 13.80135
2445832.03797 15.92860
2445833.03801 14.27724
2445834.03806 11.49877
2445835.03810 10.19927
2445836.03815 12.64344
2445837.03819 10.73834
2445838.03824 9.23900
2445839.03829 9.08741
2445840.03833 9.04782
2445841.03838 8.71653
2445842.03842 7.34533
2445843.03847 7.03499
2445844.03851 7.51138
2445845.03856 7.43032
2445846.03861 6.86528
2445847.03865 9.14708
2445848.03870 10.45685
2445849.03874 9.22616
2445850.03879 11.95685
2445851.03883 11.29147
2445852.03888 13.31071
2445853.03892 14.43949
2445854.03897 10.41238
2445855.03902 9.65309
2445856.03906 10.38983
2445857.03911 14.37314
2445858.03915 9.33515
2445859.03920 9.21588
2445860.03924 9.52693
2445861.03929 9.25985
2445862.03934 7.73644
2445863.03938 6.71256
2445864.03943 8.46041
2445865.03947 7.50399
2445866.03952 8.16090
2445867.03956 7.54470
2445868.03961 7.69688
2445869.03966 9.19227
2445870.03970 12.20490
2445871.03975 12.30655
2445872.03979 12.92534
2445873.03984 11.24002
2445874.03988 14.42366
2445875.03993 10.49136
2445876.03997 12.74797
2445877.04002 13.69710
2445878.04007 12.55997
2445879.04011 12.10822
2445880.04016 10.70580
2445881.04020 8.80978
2445882.04025 7.73849
2445883.04029 7.48681
2445884.04034 8.16275
2445885.04039 7.42293
2445886.04043 8.51188
2445887.04048 8.40143
2445888.04052 8.87522
2445889.04057 10.45603
2445890.04061 10.65716
2445891.04066 9.90425
2445892.04070 9.24635
2445893.04075 12.96854
2445894.04080 13.31071
2445895.04084 14.44034
2445896.04089 15.33416
2445897.04093 14.04090
2445898.04098 10.99413
2445899.04102 11.76518
2445900.04107 11.36553
2445901.04112 9.62637
2445902.04116 10.04230
2445903.04121 9.48778
2445904.04125 9.36748
2445905.04130 7.72842
2445906.04134 6.93712
2445907.04139 7.78211
2445908.04143 9.50415
2445909.04148 10.87612
2445910.04153 10.91108
2446096.05001 9.87648
2446097.05006 12.72875
2446098.05010 13.09826
2446099.05015 12.42531
2446100.05020 15.47393
2446101.05024 17.46679
2446102.05029 16.95552
2446103.05033 14.66842
2446104.05038 13.76072
2446105.05042 13.52720
2446106.05047 11.63099
2446107.05052 14.67940
2446108.05056 11.27425
2446109.05061 9.56322
2446110.05065 9.39872
2446111.05070 9.12177
2446112.05074 8.37126
2446113.05079 8.58564
2446114.05084 9.21399
2446115.05088 10.24224
2446116.05093 9.87876
2446117.05097 10.41239
2446118.05102 11.74625
2446119.05106 10.82731
2446120.05111 11.64329
2446121.05115 11.18313
2446122.05120 12.62247
2446123.05125 13.53637
2446124.05129 11.94508
2446125.05134 14.57394
2446126.05138 12.90253
2446127.05143 11.80004
2446128.05147 10.29156
2446129.05152 9.09386
2446130.05157 10.47589
2446131.05161 10.20988
2446132.05166 9.44985
2446133.05170 9.49947
2446134.05175 8.66540
2446135.05179 8.74759
2446136.05184 9.45206
2446137.05188 9.69170
2446138.05193 10.16339
2446139.05198 10.88673
2446140.05202 11.83333
2446141.05207 11.25640
2446142.05211 14.69221
2446143.05216 15.35761
2446144.05220 13.33000
2446145.05225 11.69543
2446146.05230 12.83254
2446147.05234 14.84909
2446148.05239 13.64084
2446149.05243 12.06493
2446150.05248 11.31668
2446151.05252 8.95698
2446152.05257 8.26254
2446153.05261 8.39084
2446154.05266 8.08742
2446155.05271 8.24904
2446156.05275 10.60233
2446157.05280 10.15675
2446158.05284 8.40641
2446159.05289 12.57750
2446160.05293 12.03239
2446161.05298 12.34388
2446162.05303 12.64136
2446163.05307 14.81087
2446164.05312 12.51956
2446165.05316 16.91510
2446166.05321 12.14330
2446167.05325 13.41427
2446168.05330 11.08849
2446169.05334 10.58655
2446170.05339 11.17883
2446171.05344 9.72587
2446172.05348 10.26346
2446173.05353 8.89447
2446174.05357 7.63414
2446175.05362 8.42039
2446176.05366 9.31300
2446177.05371 8.50804
2446178.05376 9.14618
2446179.05380 10.88292
2446180.05385 11.72304
2446181.05389 14.39382
2446182.05394 12.88102
2446183.05398 13.04352
2446184.05403 15.18209
2446185.05408 13.37660
2446186.05412 14.52398
2446187.05417 14.93333
2446188.05421 11.67573
2446189.05426 12.97669
2446190.05430 12.46439
2446191.05435 13.48360
2446192.05439 12.31873
2446193.05444 8.68036
2446194.05449 10.41812
2446195.05453 7.77601
2446196.05458 9.59395
2446197.05462 9.05768
2446198.05467 8.34110
2446199.05471 10.21729
2446200.05476 10.63658
2446201.05481 11.95623
2446202.05485 11.79475
2446203.05490 12.77605
2446204.05494 13.03464
2446205.05499 11.53522
2446206.05503 13.02730
2446207.05508 11.24653
2446208.05512 13.30432
2446209.05517 13.11013
2446210.05522 12.22498
2446211.05526 11.32026
2446212.05531 10.80199
2446213.05535 10.90655
2446214.05540 8.15338
2446215.05544 8.14337
2446216.05549 9.91170
2446217.05554 7.53899
2446218.05558 8.12057
2446219.05563 8.74283
2446220.05567 9.04521
2446221.05572 9.79026
2446222.05576 11.24468
2446223.05581 11.36071
2446224.05585 14.15828
2446225.05590 12.94041
2446226.05595 13.64029
2446227.05599 14.24731
2446228.05604 12.78939
2446229.05608 15.45944
2446230.05613 11.90716
2446231.05617 12.89505
2446232.05622 12.09116
2446233.05627 9.56630
2446234.05631 10.84769
2446235.05636 9.00317
2446236.05640 8.51585
2446237.05645 8.95134
2446238.05649 7.69185
2446239.05654 8.94131
2446240.05658 7.95208
2446241.05663 10.20983
2446242.05668 12.52584
2446243.05672 12.03373
2446244.05677 12.52112
2446245.05681 11.98550
2446246.05686 14.96828
2446247.05690 13.84382
2446248.05695 12.34348
2446249.05700 13.54898
2446250.05704 14.91654
2446251.05709 12.73069
2446252.05713 11.37249
2446253.05718 11.85176
2446254.05722 10.95664
2446255.05727 8.83079
2446256.05731 8.56852
2446257.05736 7.89933
2446258.05741 7.22743
2446259.05745 7.33609
2446260.05750 8.40117
2446261.05754 11.95325
2446262.05759 9.58207
2446263.05763 9.32544
2446264.05768 12.69167
2446265.05773 14.28229
2446266.05777 12.16757
2446267.05782 14.34406
2446268.05786 13.76104
2446269.05791 13.06849
2446270.05795 15.25370
2446271.05800 12.63090
2446272.05805 10.41928
2446273.05809 11.85572
2446274.05814 11.95310
2446275.05818 9.44489
2446461.06667 8.17811
2446462.06672 7.09263
2446463.06676 7.36706
2446464.06681 6.06755
2446465.06685 6.18079
2446466.06690 5.55199
2446467.06694 5.28235
2446468.06699 6.93599
2446469.06703 7.95321
2446470.06708 5.92112
2446471.06713 7.37866
2446472.06717 7.70692
2446473.06722 10.67981
2446474.06726 11.41235
2446475.06731 8.80144
2446476.06735 10.57476
2446477.06740 8.37791
2446478.06745 9.57627
2446479.06749 10.34585
2446480.06754 8.15535
2446481.06758 7.36267
2446482.06763 5.70599
2446483.06767 7.40560
2446484.06772 5.59795
2446485.06776 5.72701
2446486.06781 5.70419
2446487.06786 5.41232
2446488.06790 6.72027
2446489.06795 6.65941
2446490.06799 6.57729
2446491.06804 7.86806
2446492.06808 6.80496
2446493.06813 7.81158
2446494.06818 10.04196
2446495.06822 11.64982
2446496.06827 10.96362
2446497.06831 11.06115
2446498.06836 9.42460
2446499.06840 8.77557
2446500.06845 10.23585
2446501.06850 9.23989
2446502.06854 7.83764
2446503.06859 6.67968
2446504.06863 6.65720
2446505.06868 5.40294
2446506.06872 5.69860
2446507.06877 4.27512
2446508.06881 5.45865
2446509.06886 5.29198
2446510.06891 4.88132
2446511.06895 6.31164
2446512.06900 8.12395
2446513.06904 8.97736
2446514.06909 7.12460
2446515.06913 9.30919
2446516.06918 8.19886
2446517.06923 11.15252
2446518.06927 8.80240
2446519.06932 9.65116
2446520.06936 9.77076
2446521.06941 9.07192
2446522.06945 8.44168
2446523.06950 7.20912
2446524.06954 5.83630
2446525.06959 5.65110
2446526.06964 5.88516
2446527.06968 4.72061
2446528.06973 4.65730
2446529.06977 5.44062
2446530.06982 5.18929
2446531.06986 6.25635
2446532.06991 6.17356
2446533.06996 5.85850
2446534.07000 7.79887
2446535.07005 9.02747
2446536.07009 9.59058
2446537.07014 9.45018
2446538.07018 9.87949
2446539.07023 10.28144
2446540.07027 10.67108
2446541.07032 8.74240
2446542.07037 8.26094
2446543.07041 6.80360
2446544.07046 6.44198
2446545.07050 6.39856
2446546.07055 5.26158
2446547.07059 4.88858
2446548.07064 5.27161
2446549.07069 5.50514
2446550.07073 4.97210
2446551.07078 5.15466
2446552.07082 6.64440
2446553.07087 6.56252
2446554.07091 6.37206
2446555.07096 6.16847
2446556.07100 8.29265
2446557.07105 9.29908
2446558.07110 8.23886
2446559.07114 10.64436
2446560.07119 8.18382
2446561.07123 8.39626
2446562.07128 6.01933
2446563.07132 7.75976
2446564.07137 7.43094
2446565.07142 5.61840
2446566.07146 5.75877
2446567.07151 4.72689
2446568.07155 5.13091
2446569.07160 4.08740
2446570.07164 3.70661
2446571.07169 4.50956
2446572.07173 5.19941
2446573.07178 5.74278
2446574.07183 6.59778
2446575.07187 6.96581
2446576.07192 7.74400
2446577.07196 9.02153
2446578.07201 9.75965
2446579.07205 9.08499
2446580.07210 9.66686
2446581.07215 10.08156
2446582.07219 8.92136
2446583.07224 8.58457
2446584.07228 6.19018
2446585.07233 6.52868
2446586.07237 5.62526
2446587.07242 5.93311
2446588.07247 4.72968
2446589.07251 4.77939
2446590.07256 3.64364
2446591.07260 3.05579
2446592.07265 4.10929
2446593.07269 4.09830
2446594.07274 4.89200
2446595.07278 6.98842
2446596.07283 5.96135
2446597.07288 8.97704
2446598.07292 8.72610
2446599.07297 7.77634
2446600.07301 8.46440
2446601.07306 9.28583
2446602.07310 8.12517
2446603.07315 7.88196
2446604.07320 7.00152
2446605.07324 6.85273
2446606.07329 6.80062
2446607.07333 4.51341
2446608.07338 4.23440
2446609.07342 4.27024
2446610.07347 3.34801
2446611.07351 3.78318
2446612.07356 3.58845
2446613.07361 4.15375
2446614.07365 4.72626
2446615.07370 5.52052
2446616.07374 5.25252
2446617.07379 6.11468
2446618.07383 8.25689
2446619.07388 9.09773
2446620.07393 9.55702
2446621.07397 8.28335
2446622.07402 7.89313
2446623.07406 9.71179
2446624.07411 7.40558
2446625.07415 7.64974
2446626.07420 5.74138
2446627.07424 5.15972
2446628.07429 4.05245
2446629.07434 3.92198
2446630.07438 3.75752
2446631.07443 3.31312
2446632.07447 3.18853
2446633.07452 3.18429
2446634.07456 3.24812
2446635.07461 4.92874
2446636.07466 4.96789
2446637.07470 6.35641
2446638.07475 7.43438
2446639.07479 5.98354
2446640.07484 7.55500
2446827.08337 5.80257
2446828.08342 6.67301
2446829.08346 5.90939
2446830.08351 5.13108
2446831.08355 5.56330
2446832.08360 4.16302
2446833.08365 3.65357
2446834.08369 3.17399
2446835.08374 2.47686
2446836.08378 1.92962
2446837.08383 1.14163
2446838.08387 0.99601
2446839.08392 0.96761
2446840.08396 1.05433
2446841.08401 1.45486
2446842.08406 1.90320
2446843.08410 2.73239
2446844.08415 3.35712
2446845.08419 3.90805
2446846.08424 4.53025
2446847.08428 5.71952
2446848.08433 5.76442
2446849.08438 6.49869
2446850.08442 5.15449
2446851.08447 5.51636
2446852.08451 5.08907
2446853.08456 4.39698
2446854.08460 3.46511
2446855.08465 2.66161
2446856.08469 2.10060
2446857.08474 1.25614
2446858.08479 1.05811
2446859.08483 0.83176
2446860.08488 0.73604
2446861.08492 1.04079
2446862.08497 1.42763
2446863.08501 1.99292
2446864.08506 2.09392
2446865.08511 3.51295
2446866.08515 4.45440
2446867.08520 4.06010
2446868.08524 4.40356
2446869.08529 5.54305
2446870.08533 5.91793
2446871.08538 5.43593
2446872.08542 5.28246
2446873.08547 5.81875
2446874.08552 4.27863
2446875.08556 3.13387
2446876.08561 2.48653
2446877.08565 1.61131
2446878.08570 1.30758
2446879.08574 0.86485
2446880.08579 0.67795
2446881.08584 0.64325
2446882.08588 0.96234
2446883.08593 1.42947
2446884.08597 1.95270
2446885.08602 2.46278
2446886.08606 3.67585
2446887.08611 3.61563
2446888.08615 3.67428
2446889.08620 5.26363
2446890.08625 5.79775
2446891.08629 6.04075
2446892.08634 5.92838
2446893.08638 5.70165
2446894.08643 4.87804
2446895.08647 3.78045
2446896.08652 2.90004
2446897.08657 2.01928
2446898.08661 1.56666
2446899.08666 1.10297
2446900.08670 0.57896
2446901.08675 0.58911
2446902.08679 0.53672
2446903.08684 0.82112
2446904.08689 1.19257
2446905.08693 1.79394
2446906.08698 2.76513
2446907.08702 3.08161
2446908.08707 5.02286
2446909.08711 5.35191
2446910.08716 5.19870
2446911.08720 6.04036
2446912.08725 5.14468
2446913.08730 5.24700
2446914.08734 5.32272
2446915.08739 4.66277
2446916.08743 3.33134
2446917.08748 3.14237
2446918.08752 1.88941
2446919.08757 1.39485
2446920.08762 0.86669
2446921.08766 0.50014
2446922.08771 0.34282
2446923.08775 0.48406
2446924.08780 0.82765
2446925.08784 1.65697
2446926.08789 2.22153
2446927.08793 2.36687
2446928.08798 2.90666
2446929.08803 3.89880
2446930.08807 4.33720
2446931.08812 5.03009
2446932.08816 5.22182
2446933.08821 5.05902
2446934.08825 4.82591
2446935.08830 4.58475
2446936.08835 3.89674
2446937.08839 3.15482
2446938.08844 2.57463
2446939.08848 1.62528
2446940.08853 0.95068
2446941.08857 0.59637
2446942.08862 0.33327
2446943.08866 0.21540
2446944.08871 0.51205
2446945.08876 0.82687
2446946.08880 1.55850
2446947.08885 2.28294
2446948.08889 2.72911
2446949.08894 3.68298
2446950.08898 3.88375
2446951.08903 4.83248
2446952.08908 5.62118
2446953.08912 5.55500
2446954.08917 5.37865
2446955.08921 5.41711
2446956.08926 3.80270
2446957.08930 4.02957
2446958.08935 3.08184
2446959.08939 2.45811
2446960.08944 1.60422
2446961.08949 1.09428
2446962.08953 0.45269
2446963.08958 0.26048
2446964.08962 0.26233
2446965.08967 0.43845
2446966.08971 1.09031
2446967.08976 1.60743
2446968.08981 2.41431
2446969.08985 2.85173
2446970.08990 4.11027
2446971.08994 4.35331
2446972.08999 5.53767
2446973.09003 5.51434
2446974.09008 5.09396
2446975.09013 4.81081
2446976.09017 4.73371
2446977.09022 3.76299
2446978.09026 3.45978
2446979.09031 2.98540
2446980.09035 2.04536
2446981.09040 1.24681
2446982.09044 0.68360
2446983.09049 0.38801
2446984.09054 0.20843
2446985.09058 0.29951
2446986.09063 0.56770
2446987.09067 1.20158
2446988.09072 1.53134
2446989.09076 2.62187
2446990.09081 2.69338
2446991.09086 3.61259
2446992.09090 5.12540
2446993.09095 4.62341
2446994.09099 5.33167
2446995.09104 4.82875
2446996.09108 5.74338
2446997.09113 4.81663
2446998.09117 3.99754
2446999.09122 2.97800
2447000.09127 2.79406
2447001.09131 1.69293
2447002.09136 1.21449
2447003.09140 0.58333
2447004.09145 0.28960
2447005.09149 0.14486
2447006.09154 0.31043
2447192.10003 1.05284
2447193.10007 1.37983
2447194.10012 1.71125
2447195.10016 2.13367
2447196.10021 2.76623
2447197.10026 2.93296
2447198.10030 4.23541
2447199.10035 5.58578
2447200.10039 6.28861
2447201.10044 6.42589
2447202.10048 6.43461
2447203.10053 5.99052
2447204.10057 6.44555
2447205.10062 4.73551
2447206.10067 5.05376
2447207.10071 3.88910
2447208.10076 3.46204
2447209.10080 2.26703
2447210.10085 1.76739
2447211.10089 1.24765
2447212.10094 1.11165
2447213.10099 1.17325
2447214.10103 1.49975
2447215.10108 1.74674
2447216.10112 2.20152
2447217.10117 3.38150
2447218.10121 4.04399
2447219.10126 4.50188
2447220.10131 6.85635
2447221.10135 5.84582
2447222.10140 6.23850
2447223.10144 6.09584
2447224.10149 6.36436
2447225.10153 4.97173
2447226.10158 4.77118
2447227.10162 4.53762
2447228.10167 4.24439
2447229.10172 3.11295
2447230.10176 1.91084
2447231.10181 1.88384
2447232.10185 1.61614
2447233.10190 1.48460
2447234.10194 1.54444
2447235.10199 1.92611
2447236.10204 2.07090
2447237.10208 3.10303
2447238.10213 3.34419
2447239.10217 4.65698
2447240.10222 5.51401
2447241.10226 5.37042
2447242.10231 5.45222
2447243.10235 6.18585
2447244.10240 5.88271
2447245.10245 5.86167
2447246.10249 5.62724
2447247.10254 5.61295
2447248.10258 4.50341
2447249.10263 3.64422
2447250.10267 3.33680
2447251.10272 2.21582
2447252.10277 2.20608
2447253.10281 1.54412
2447254.10286 1.94604
2447255.10290 2.11131
2447256.10295 2.01817
2447257.10299 3.05498
2447258.10304 3.33736
2447259.10308 3.64826
2447260.10313 5.14608
2447261.10318 5.90731
2447262.10322 5.77676
2447263.10327 7.37317
2447264.10331 6.31899
2447265.10336 7.95733
2447266.10340 7.44495
2447267.10345 5.38313
2447268.10350 6.29055
2447269.10354 4.47316
2447270.10359 4.06643
2447271.10363 3.65778
2447272.10368 2.78341
2447273.10372 2.20529
2447274.10377 1.99358
2447275.10381 1.64811
2447276.10386 2.47725
2447277.10391 2.61592
2447278.10395 3.43661
2447279.10400 3.93799
2447280.10404 3.85981
2447281.10409 5.13469
2447282.10413 6.24282
2447283.10418 6.93600
2447284.10423 7.34922
2447285.10427 7.64072
2447286.10432 7.11839
2447287.10436 6.60181
2447288.10441 5.69698
2447289.10445 5.32559
2447290.10450 3.72417
2447291.10455 3.90581
2447292.10459 3.62722
2447293.10464 2.54367
2447294.10468 2.44631
2447295.10473 2.03816
2447296.10477 1.66755
2447297.10482 2.69516
2447298.10486 2.87426
2447299.10491 3.50603
2447300.10496 4.26666
2447301.10500 5.11997
2447302.10505 5.61239
2447303.10509 6.27656
2447304.10514 7.37462
2447305.10518 6.50019
2447306.10523 6.26802
2447307.10528 7.77297
2447308.10532 6.04008
2447309.10537 7.02091
2447310.10541 4.83005
2447311.10546 4.50558
2447312.10550 4.32287
2447313.10555 3.20464
2447314.10559 3.33913
2447315.10564 2.09778
2447316.10569 2.62666
2447317.10573 2.54472
2447318.10578 2.83787
2447319.10582 2.85568
2447320.10587 4.27033
2447321.10591 5.61080
2447322.10596 5.91975
2447323.10601 7.76875
2447324.10605 7.26383
2447325.10610 6.54560
2447326.10614 7.25668
2447327.10619 8.83797
2447328.10623 7.51125
2447329.10628 7.08693
2447330.10632 5.74442
2447331.10637 4.95584
2447332.10642 4.97125
2447333.10646 4.29741
2447334.10651 3.69006
2447335.10655 3.35558
2447336.10660 2.79013
2447337.10664 2.25704
2447338.10669 2.60837
2447339.10674 3.34510
2447340.10678 3.47671
2447341.10683 3.50719
2447342.10687 6.03098
2447343.10692 5.02291
2447344.10696 8.03537
2447345.10701 6.12361
2447346.10705 7.35262
2447347.10710 7.28129
2447348.10715 7.27256
2447349.10719 7.29650
2447350.10724 7.07413
2447351.10728 7.26716
2447352.10733 6.91881
2447353.10737 5.07009
2447354.10742 3.76871
2447355.10747 3.47963
2447356.10751 3.12861
2447357.10756 2.82214
2447358.10760 3.13033
2447359.10765 3.28286
2447360.10769 3.66275
2447361.10774 4.12923
2447362.10778 5.02954
2447363.10783 5.11306
2447364.10788 6.68308
2447365.10792 7.00792
2447366.10797 8.00244
2447367.10801 7.62956
2447368.10806 9.28835
2447369.10810 7.75775
2447370.10815 7.89524
2447371.10820 8.42120
2447557.11668 11.61596
2447558.11673 10.46346
2447559.11677 8.34358
2447560.11682 8.01392
2447561.11687 7.98422
2447562.11691 8.47422
2447563.11696 6.51879
2447564.11700 5.67593
2447565.11705 5.25052
2447566.11709 5.77916
2447567.11714 5.80791
2447568.11719 6.79284
2447569.11723 8.77091
2447570.11728 9.12385
2447571.11732 7.35985
2447572.11737 7.98366
2447573.11741 9.42704
2447574.11746 9.58808
2447575.11750 10.19308
2447576.11755 9.62482
2447577.11760 9.61490
2447578.11764 10.70899
2447579.11769 7.96455
2447580.11773 11.17026
2447581.11778 9.24587
2447582.11782 7.04379
2447583.11787 6.82697
2447584.11792 5.55771
2447585.11796 7.01150
2447586.11801 6.88376
2447587.11805 6.71317
2447588.11810 7.24265
2447589.11814 7.64970
2447590.11819 8.77797
2447591.11823 9.58916
2447592.11828 8.84992
2447593.11833 10.59477
2447594.11837 9.48621
2447595.11842 12.11412
2447596.11846 11.86454
2447597.11851 12.61455
2447598.11855 9.12409
2447599.11860 10.61158
2447600.11865 9.54564
2447601.11869 9.90307
2447602.11874 9.65377
2447603.11878 6.66120
2447604.11883 8.16198
2447605.11887 6.30623
2447606.11892 7.11045
2447607.11897 6.29833
2447608.11901 7.51975
2447609.11906 7.64932
2447610.11910 8.96720
2447611.11915 8.47696
2447612.11919 10.53689
2447613.11924 7.35504
2447614.11928 11.40493
2447615.11933 10.89643
2447616.11938 11.32407
2447617.11942 11.31259
2447618.11947 11.63807
2447619.11951 8.78731
2447620.11956 8.78651
2447621.11960 11.24962
2447622.11965 9.38824
2447623.11970 7.93296
2447624.11974 7.45609
2447625.11979 7.40429
2447626.11983 5.85640
2447627.11988 7.02470
2447628.11992 7.21819
2447629.11997 6.23817
2447630.12001 8.31024
2447631.12006 8.64784
2447632.12011 9.69833
2447633.12015 7.74146
2447634.12020 10.38366
2447635.12024 11.88911
2447636.12029 13.03788
2447637.12033 11.50206
2447638.12038 14.34326
2447639.12043 12.79054
2447640.12047 13.60104
2447641.12052 11.70949
2447642.12056 11.35196
2447643.12061 10.77792
2447644.12065 7.37568
2447645.12070 6.76625
2447646.12074 6.95754
2447647.12079 7.00367
2447648.12084 6.78846
2447649.12088 7.79075
2447650.12093 8.31288
2447651.12097 7.94898
2447652.12102 8.72594
2447653.12106 10.88737
2447654.12111 11.38237
2447655.12116 11.45716
2447656.12120 12.76947
2447657.12125 9.22984
2447658.12129 13.59594
2447659.12134 10.32599
2447660.12138 11.07596
2447661.12143 11.50531
2447662.12147 8.96741
2447663.12152 10.29277
2447664.12157 8.39181
2447665.12161 8.99727
2447666.12166 7.96096
2447667.12170 6.74907
2447668.12175 7.18957
2447669.12179 8.15905
2447670.12184 7.63851
2447671.12189 8.18625
2447672.12193 8.25164
2447673.12198 9.68665
2447674.12202 10.86378
2447675.12207 10.63743
2447676.12211 10.50745
2447677.12216 11.33770
2447678.12220 12.48400
2447679.12225 14.26959
2447680.12230 11.03979
2447681.12234 11.33991
2447682.12239 10.24738
2447683.12243 10.20376
2447684.12248 11.60254
2447685.12252 10.03863
2447686.12257 8.65080
2447687.12262 7.37847
2447688.12266 6.61613
2447689.12271 6.92779
2447690.12275 7.41001
2447691.12280 9.42297
2447692.12284 7.24490
2447693.12289 8.90032
2447694.12294 11.08497
2447695.12298 9.83846
2447696.12303 13.09375
2447697.12307 12.72414
2447698.12312 12.82090
2447699.12316 13.99572
2447700.12321 13.10087
2447701.12325 13.30528
2447702.12330 9.54349
2447703.12335 10.73343
2447704.12339 11.88532
2447705.12344 9.80939
2447706.12348 9.74898
2447707.12353 6.93959
2447708.12357 8.75045
2447709.12362 8.32057
2447710.12367 7.01994
2447711.12371 7.11335
2447712.12376 7.24115
2447713.12380 7.90340
2447714.12385 8.95068
2447715.12389 9.51939
2447716.12394 12.00170
2447717.12398 9.09087
2447718.12403 11.28236
2447719.12408 12.47935
2447720.12412 11.63744
2447721.12417 13.97209
2447722.12421 13.16967
2447723.12426 10.91199
2447724.12430 12.63397
2447725.12435 9.44224
2447726.12440 9.23021
2447727.12444 11.10299
2447728.12449 9.15826
2447729.12453 7.41918
2447730.12458 6.55767
2447731.12462 8.67796
2447732.12467 9.92322
2447733.12471 9.66063
2447734.12476 9.64901
2447735.12481 8.24138
2447736.12485 10.67101
2447922.13334 8.18859
2447923.13339 10.56953
2447924.13343 12.37215
2447925.13348 14.21780
2447926.13352 13.65319
2447927.13357 15.92604
2447928.13361 14.97221
2447929.13366 14.79839
2447930.13370 16.25186
2447931.13375 13.75616
2447932.13380 14.05714
2447933.13384 11.13193
2447934.13389 10.12790
2447935.13393 8.93785
2447936.13398 9.14678
2447937.13402 8.93534
2447938.13407 9.51910
2447939.13412 9.94009
2447940.13416 9.60799
2447941.13421 11.31376
2447942.13425 10.61669
2447943.13430 11.80678
2447944.13434 10.68684
2447945.13439 10.75928
2447946.13443 13.87582
2447947.13448 16.20959
2447948.13453 11.46677
2447949.13457 12.91873
2447950.13462 13.44587
2447951.13466 13.31028
2447952.13471 13.26944
2447953.13475 13.75101
2447954.13480 11.34889
2447955.13485 11.38085
2447956.13489 11.31738
2447957.13494 9.51918
2447958.13498 9.26879
2447959.13503 8.38932
2447960.13507 11.05118
2447961.13512 9.52470
2447962.13516 11.27885
2447963.13521 12.38488
2447964.13526 10.93649
2447965.13530 11.68050
2447966.13535 10.56874
2447967.13539 13.76052
2447968.13544 13.47515
2447969.13548 14.27397
2447970.13553 14.41140
2447971.13558 12.32048
2447972.13562 11.72259
2447973.13567 13.44450
2447974.13571 14.63996
2447975.13576 9.88811
2447976.13580 8.52977
2447977.13585 10.11145
2447978.13589 8.45418
2447979.13594 9.22137
2447980.13599 8.63697
2447981.13603 10.71509
2447982.13608 9.39736
2447983.13612 10.64917
2447984.13617 8.84280
2447985.13621 11.05361
2447986.13626 11.70579
2447987.13631 12.71515
2447988.13635 11.90539
2447989.13640 13.54447
2447990.13644 14.96541
2447991.13649 14.20186
2447992.13653 12.47666
2447993.13658 12.32993
2447994.13662 12.38788
2447995.13667 12.45391
2447996.13672 11.62320
2447997.13676 10.27165
2447998.13681 7.54520
2447999.13685 10.68200
2448000.13690 10.39218
2448001.13694 8.77304
2448002.13699 7.78100
2448003.13704 10.05374
2448004.13708 11.41839
2448005.13713 9.81137
2448006.13717 12.18385
2448007.13722 12.48715
2448008.13726 11.68920
2448009.13731 13.84935
2448010.13736 12.26658
2448011.13740 13.55927
2448012.13745 12.10251
2448013.13749 12.59488
2448014.13754 14.36256
2448015.13758 11.91713
2448016.13763 11.70407
2448017.13767 9.67672
2448018.13772 11.95668
2448019.13777 9.10200
2448020.13781 9.15056
2448021.13786 10.65337
2448022.13790 8.94174
2448023.13795 9.13066
2448024.13799 9.03910
2448025.13804 10.59729
2448026.13809 11.34421
2448027.13813 12.47858
2448028.13818 10.96051
2448029.13822 12.50899
2448030.13827 12.14712
2448031.13831 13.93736
2448032.13836 13.04093
2448033.13840 14.74729
2448034.13845 12.58643
2448035.13850 12.99787
2448036.13854 13.86736
2448037.13859 10.07100
2448038.13863 9.88723
2448039.13868 8.40272
2448040.13872 10.42589
2448041.13877 9.40179
2448042.13882 8.12243
2448043.13886 9.92743
2448044.13891 8.59264
2448045.13895 8.30811
2448046.13900 12.91601
2448047.13904 10.64370
2448048.13909 10.03907
2448049.13913 10.20054
2448050.13918 12.96853
2448051.13923 12.73453
2448052.13927 12.55532
2448053.13932 14.10667
2448054.13936 11.92073
2448055.13941 14.70946
2448056.13945 10.58360
2448057.13950 11.77914
2448058.13955 11.08939
2448059.13959 12.07252
2448060.13964 9.92434
2448061.13968 8.90294
2448062.13973 9.91064
2448063.13977 7.95755
2448064.13982 8.19263
2448065.13986 9.82933
2448066.13991 8.63146
2448067.13996 10.07670
2448068.14000 12.52578
2448069.14005 9.59509
2448070.14009 12.87949
2448071.14014 13.46030
2448072.14018 12.80648
2448073.14023 13.99529
2448074.14028 11.59187
2448075.14032 13.13098
2448076.14037 10.92911
2448077.14041 12.02981
2448078.14046 12.84120
2448079.14050 11.21498
2448080.14055 9.28999
2448081.14060 10.19930
2448082.14064 8.76105
2448083.14069 7.27370
2448084.14073 8.27471
2448085.14078 9.05647
2448086.14082 9.06394
2448087.14087 11.43659
2448088.14091 9.67946
2448089.14096 9.94393
2448090.14101 12.42658
2448091.14105 13.20438
2448092.14110 15.84800
2448093.14114 16.57105
2448094.14119 13.61497
2448095.14123 13.29025
2448096.14128 14.36312
2448097.14133 12.80115
2448098.14137 11.21087
2448099.14142 9.44432
2448100.14146 10.66144
2448101.14151 9.01507
2448288.15004 7.88150
2448289.15009 7.41486
2448290.15013 6.26620
2448291.15018 6.16193
2448292.15022 6.52735
2448293.15027 6.15552
2448294.15031 6.15081
2448295.15036 8.00457
2448296.15041 8.17685
2448297.15045 8.11974
2448298.15050 9.86275
2448299.15054 9.82731
2448300.15059 12.19815
2448301.15063 11.84169
2448302.15068 10.46565
2448303.15073 11.25215
2448304.15077 9.55252
2448305.15082 9.54863
2448306.15086 8.28210
2448307.15091 8.06635
2448308.15095 6.74546
2448309.15100 7.19517
2448310.15104 5.79309
2448311.15109 6.38499
2448312.15114 5.52796
2448313.15118 4.86129
2448314.15123 6.84885
2448315.15127 7.36776
2448316.15132 8.52563
2448317.15136 8.82258
2448318.15141 8.92479
2448319.15146 7.88922
2448320.15150 9.85997
2448321.15155 9.76035
2448322.15159 10.46915
2448323.15164 11.10384
2448324.15168 9.98360
2448325.15173 8.88693
2448326.15178 9.87033
2448327.15182 9.18629
2448328.15187 7.05801
2448329.15191 6.78733
2448330.15196 5.12342
2448331.15200 5.54302
2448332.15205 6.14176
2448333.15209 5.17190
2448334.15214 5.96339
2448335.15219 6.84482
2448336.15223 7.14118
2448337.15228 7.72028
2448338.15232 8.14768
2448339.15237 9.61817
2448340.15241 8.61031
2448341.15246 9.07350
2448342.15251 8.65567
2448343.15255 12.01552
2448344.15260 10.07366
2448345.15264 10.29388
2448346.15269 8.30322
2448347.15273 8.71738
2448348.15278 7.83213
2448349.15282 6.79170
2448350.15287 5.28147
2448351.15292 6.43352
2448352.15296 5.58886
2448353.15301 4.32014
2448354.15305 5.99300
2448355.15310 5.83921
2448356.15314 5.92350
2448357.15319 7.89085
2448358.15324 6.61024
2448359.15328 8.68779
2448360.15333 7.30564
2448361.15337 8.20155
2448362.15342 11.96465
2448363.15346 9.31800
2448364.15351 10.04566
2448365.15355 9.45652
2448366.15360 9.29214
2448367.15365 8.35981
2448368.15369 8.39516
2448369.15374 6.41210
2448370.15378 6.54234
2448371.15383 6.28841
2448372.15387 5.97868
2448373.15392 5.20625
2448374.15397 5.06308
2448375.15401 4.31959
2448376.15406 4.71657
2448377.15410 6.26577
2448378.15415 6.75446
2448379.15419 7.03596
2448380.15424 6.24836
2448381.15428 8.47082
2448382.15433 8.97304
2448383.15438 9.58353
2448384.15442 9.53926
2448385.15447 9.80641
2448386.15451 9.75270
2448387.15456 7.89809
2448388.15460 8.83514
2448389.15465 8.07722
2448390.15470 6.72251
2448391.15474 5.80862
2448392.15479 4.26682
2448393.15483 5.16896
2448394.15488 4.67117
2448395.15492 5.28159
2448396.15497 4.62132
2448397.15502 5.57178
2448398.15506 6.05853
2448399.15511 6.60524
2448400.15515 6.40493
2448401.15520 6.69583
2448402.15524 9.81362
2448403.15529 8.71295
2448404.15533 8.69426
2448405.15538 9.38776
2448406.15543 11.18641
2448407.15547 8.99517
2448408.15552 8.52322
2448409.15556 7.53466
2448410.15561 6.60755
2448411.15565 5.44964
2448412.15570 5.97811
2448413.15575 5.26733
2448414.15579 5.32685
2448415.15584 4.47093
2448416.15588 4.02461
2448417.15593 5.46028
2448418.15597 5.11044
2448419.15602 5.82762
2448420.15606 6.06791
2448421.15611 7.07615
2448422.15616 7.83755
2448423.15620 8.52365
2448424.15625 6.63355
2448425.15629 8.45853
2448426.15634 10.14662
2448427.15638 8.69909
2448428.15643 7.76576
2448429.15648 8.32638
2448430.15652 7.60318
2448431.15657 6.92257
2448432.15661 5.57305
2448433.15666 5.64818
2448434.15670 5.05909
2448435.15675 4.68616
2448436.15679 3.53959
2448437.15684 4.67032
2448438.15689 5.65502
2448439.15693 4.48447
2448440.15698 6.08944
2448441.15702 5.25636
2448442.15707 7.06713
2448443.15711 8.01459
2448444.15716 8.32078
2448445.15721 7.39489
2448446.15725 8.39181
2448447.15730 7.05885
2448448.15734 8.45482
2448449.15739 6.19312
2448450.15743 7.51607
2448451.15748 6.01041
2448452.15752 6.85788
2448453.15757 4.79730
2448454.15762 5.19187
2448455.15766 4.29767
2448456.15771 3.84017
2448457.15775 3.70694
2448458.15780 4.19499
2448459.15784 3.94306
2448460.15789 4.71359
2448461.15794 4.87122
2448462.15798 5.25731
2448463.15803 4.97559
2448464.15807 7.23569
2448465.15812 7.65696
2448466.15816 8.54072
2448467.15821 7.98843
2448653.16670 6.76870
2448654.16674 6.58626
2448655.16679 5.51140
2448656.16683 5.20580
2448657.16688 4.55144
2448658.16693 3.70955
2448659.16697 3.94650
2448660.16702 3.10601
2448661.16706 2.64742
2448662.16711 2.01534
2448663.16715 1.35968
2448664.16720 1.64703
2448665.16724 1.36455
2448666.16729 1.58517
2448667.16734 2.09329
2448668.16738 3.20414
2448669.16743 3.30365
2448670.16747 4.62193
2448671.16752 4.14894
2448672.16756 4.44007
2448673.16761 5.71391
2448674.16766 6.41183
2448675.16770 5.65991
2448676.16775 6.09941
2448677.16779 5.42084
2448678.16784 4.38716
2448679.16788 4.02363
2448680.16793 3.08282
2448681.16797 2.92731
2448682.16802 2.01678
2448683.16807 1.32837
2448684.16811 1.19455
2448685.16816 1.08309
2448686.16820 1.46151
2448687.16825 1.54584
2448688.16829 1.89600
2448689.16834 2.82563
2448690.16839 3.05925
2448691.16843 4.34245
2448692.16848 5.28592
2448693.16852 4.95764
2448694.16857 5.87354
2448695.16861 6.96018
2448696.16866 6.76305
2448697.16870 6.05374
2448698.16875 4.78514
2448699.16880 4.57517
2448700.16884 4.39534
2448701.16889 2.91439
2448702.16893 2.23034
2448703.16898 1.70158
2448704.16902 1.34156
2448705.16907 0.98673
2448706.16912 0.83893
2448707.16916 1.07657
2448708.16921 1.57709
2448709.16925 2.26247
2448710.16930 2.66578
2448711.16934 3.60918
2448712.16939 4.30208
2448713.16944 4.57261
2448714.16948 5.38087
2448715.16953 5.44198
2448716.16957 6.65626
2448717.16962 6.56798
2448718.16966 5.35659
2448719.16971 4.67963
2448720.16975 4.34275
2448721.16980 4.00213
2448722.16985 2.22832
2448723.16989 1.98015
2448724.16994 1.33259
2448725.16998 0.90453
2448726.17003 0.78358
2448727.17007 0.88959
2448728.17012 0.96033
2448729.17017 1.48705
2448730.17021 2.07328
2448731.17026 2.39107
2448732.17030 3.62090
2448733.17035 4.09091
2448734.17039 5.04297
2448735.17044 5.34840
2448736.17048 5.99224
2448737.17053 6.12505
2448738.17058 4.57401
2448739.17062 4.80550
2448740.17067 4.34426
2448741.17071 4.30801
2448742.17076 3.14492
2448743.17080 2.56376
2448744.17085 1.67381
2448745.17090 1.26768
2448746.17094 0.75354
2448747.17099 0.70527
2448748.17103 0.70923
2448749.17108 1.03379
2448750.17112 1.57241
2448751.17117 2.35802
2448752.17121 2.88782
2448753.17126 3.46790
2448754.17131 3.92542
2448755.17135 5.42505
2448756.17140 5.55322
2448757.17144 5.71888
2448758.17149 5.67182
2448759.17153 4.32860
2448760.17158 4.69849
2448761.17163 4.18561
2448762.17167 3.48337
2448763.17172 2.96325
2448764.17176 2.28841
2448765.17181 1.60422
2448766.17185 0.98586
2448767.17190 0.62523
2448768.17194 0.59557
2448769.17199 0.65356
2448770.17204 1.07807
2448771.17208 1.55018
2448772.17213 2.48231
2448773.17217 2.86961
2448774.17222 3.64700
2448775.17226 4.46850
2448776.17231 4.11810
2448777.17236 5.35461
2448778.17240 5.78107
2448779.17245 4.73042
2448780.17249 4.34158
2448781.17254 4.71800
2448782.17258 3.46298
2448783.17263 3.37854
2448784.17268 2.52357
2448785.17272 1.91886
2448786.17277 1.55685
2448787.17281 0.73634
2448788.17286 0.48118
2448789.17290 0.52475
2448790.17295 0.69029
2448791.17299 1.17772
2448792.17304 1.74763
2448793.17309 2.55077
2448794.17313 3.06673
2448795.17318 4.32914
2448796.17322 4.77490
2448797.17327 5.19085
2448798.17331 5.21538
2448799.17336 5.19111
2448800.17341 4.70045
2448801.17345 4.44713
2448802.17350 4.51879
2448803.17354 3.46477
2448804.17359 3.20002
2448805.17363 1.86085
2448806.17368 1.57161
2448807.17372 1.06586
2448808.17377 0.56704
2448809.17382 0.43658
2448810.17386 0.39650
2448811.17391 0.67504
2448812.17395 1.20487
2448813.17400 1.72583
2448814.17404 2.28724
2448815.17409 2.89943
2448816.17414 3.23319
2448817.17418 4.70823
2448818.17423 5.48140
2448819.17427 4.98656
2448820.17432 5.83405
2448821.17436 5.11637
2448822.17441 4.39616
2448823.17445 4.55843
2448824.17450 4.11981
2448825.17455 3.35262
2448826.17459 2.21875
2448827.17464 1.35576
2448828.17468 0.86749
2448829.17473 0.58665
2448830.17477 0.38911
2448831.17482 0.48526
2448832.17487 0.73580
2449018.18335 1.17435
2449019.18340 1.39889
2449020.18344 1.80606
2449021.18349 2.43763
2449022.18354 3.64441
2449023.18358 3.50785
2449024.18363 4.81618
2449025.18367 5.70285
2449026.18372 6.32302
2449027.18376 6.30109
2449028.18381 5.13831
2449029.18386 5.60708
2449030.18390 5.00494
2449031.18395 4.87764
2449032.18399 4.16296
2449033.18404 3.48408
2449034.18408 2.39839
2449035.18413 1.98176
2449036.18417 1.57180
2449037.18422 1.16996
2449038.18427 1.20159
2449039.18431 1.35150
2449040.18436 1.61704
2449041.18440 2.06897
2449042.18445 3.25558
2449043.18449 4.14931
2449044.18454 5.54285
2449045.18459 5.11111
2449046.18463 5.92702
2449047.18468 6.50568
2449048.18472 6.02722
2449049.18477 5.60304
2449050.18481 5.81910
2449051.18486 4.89114
2449052.18490 4.49409
2449053.18495 3.40055
2449054.18500 3.68528
2449055.18504 2.50014
2449056.18509 1.93417
2449057.18513 1.55653
2449058.18518 1.46779
2449059.18522 1.18673
2449060.18527 1.66868
2449061.18532 1.97563
2449062.18536 2.90217
2449063.18541 3.35903
2449064.18545 4.13239
2449065.18550 5.13586
2449066.18554 5.47253
2449067.18559 4.98611
2449068.18563 5.25205
2449069.18568 5.92690
2449070.18573 7.15524
2449071.18577 5.68702
2449072.18582 5.24677
2449073.18586 4.53732
2449074.18591 3.57103
2449075.18595 2.56538
2449076.18600 2.47960
2449077.18605 2.07940
2449078.18609 1.70032
2449079.18614 1.29691
2449080.18618 1.52049
2449081.18623 1.92195
2449082.18627 2.28123
2449083.18632 2.93522
2449084.18636 3.98535
2449085.18641 4.85891
2449086.18646 5.32705
2449087.18650 5.99709
2449088.18655 6.50604
2449089.18659 6.82776
2449090.18664 6.37191
2449091.18668 6.78745
2449092.18673 6.10750
2449093.18678 4.41201
2449094.18682 5.00934
2449095.18687 4.22764
2449096.18691 3.15107
2449097.18696 2.61665
2449098.18700 2.14021
2449099.18705 1.80261
2449100.18710 1.85015
2449101.18714 1.74654
2449102.18719 2.25346
2449103.18723 2.49027
2449104.18728 3.24054
2449105.18732 4.59425
2449106.18737 4.45466
2449107.18741 4.58041
2449108.18746 5.50806
2449109.18751 6.39763
2449110.18755 6.86919
2449111.18760 7.08649
2449112.18764 6.22325
2449113.18769 6.06000
2449114.18773 5.54943
2449115.18778 4.51294
2449116.18783 4.33716
2449117.18787 3.57119
2449118.18792 2.82865
2449119.18796 2.21929
2449120.18801 2.22766
2449121.18805 1.33993
2449122.18810 2.12132
2449123.18814 2.56470
2449124.18819 3.46787
2449125.18824 4.02529
2449126.18828 4.75020
2449127.18833 5.60001
2449128.18837 7.33482
2449129.18842 5.80541
2449130.18846 6.08744
2449131.18851 5.96539
2449132.18856 7.41740
2449133.18860 7.07703
2449134.18865 5.49247
2449135.18869 3.73137
2449136.18874 5.18827
2449137.18878 4.53627
2449138.18883 2.91026
2449139.18887 2.36907
2449140.18892 2.82641
2449141.18897 2.14976
2449142.18901 2.36457
2449143.18906 2.58940
2449144.18910 2.84804
2449145.18915 3.67895
2449146.18919 5.09051
2449147.18924 6.60500
2449148.18929 4.90377
2449149.18933 6.55696
2449150.18938 6.99346
2449151.18942 7.61882
2449152.18947 7.08601
2449153.18951 6.78104
2449154.18956 5.76063
2449155.18960 6.69089
2449156.18965 5.62307
2449157.18970 4.66403
2449158.18974 3.91623
2449159.18979 3.82563
2449160.18983 3.10223
2449161.18988 2.50242
2449162.18992 3.05377
2449163.18997 2.08401
2449164.19002 3.18763
2449165.19006 4.12519
2449166.19011 4.41146
2449167.19015 4.32627
2449168.19020 5.13492
2449169.19024 6.33879
2449170.19029 7.59278
2449171.19033 9.36412
2449172.19038 6.99183
2449173.19043 7.32955
2449174.19047 6.79024
2449175.19052 6.73703
2449176.19056 6.22945
2449177.19061 5.06926
2449178.19065 5.23024
2449179.19070 4.76521
2449180.19075 3.48751
2449181.19079 3.34908
2449182.19084 2.91428
2449183.19088 2.82928
2449184.19093 2.46654
2449185.19097 3.90315
2449186.19102 3.70723
2449187.19107 4.43482
2449188.19111 5.05801
2449189.19116 6.29167
2449190.19120 6.95143
2449191.19125 6.54357
2449192.19129 7.66314
2449193.19134 9.13554
2449194.19138 7.53589
2449195.19143 8.32601
2449196.19148 8.18382
2449197.19152 6.79135
2449383.20001 8.06137
2449384.20005 8.82928
2449385.20010 7.85926
2449386.20015 6.06206
2449387.20019 6.23029
2449388.20024 6.28702
2449389.20028 5.61164
2449390.20033 5.13216
2449391.20037 6.31886
2449392.20042 5.97798
2449393.20047 7.21648
2449394.20051 7.62796
2449395.20056 7.42539
2449396.20060 10.21201
2449397.20065 9.82537
2449398.20069 9.87797
2449399.20074 9.58131
2449400.20078 10.59894
2449401.20083 10.64858
2449402.20088 10.42049
2449403.20092 9.49189
2449404.20097 8.91676
2449405.20101 8.22309
2449406.20106 8.38364
2449407.20110 7.12471
2449408.20115 5.92402
2449409.20120 6.68408
2449410.20124 6.01052
2449411.20129 5.12432
2449412.20133 5.81310
2449413.20138 6.78639
2449414.20142 6.88857
2449415.20147 7.34471
2449416.20152 8.37597
2449417.20156 8.39311
2449418.20161 9.84997
2449419.20165 9.67125
2449420.20170 9.49873
2449421.20174 11.88976
2449422.20179 11.33039
2449423.20183 11.33954
2449424.20188 8.58991
2449425.20193 8.27729
2449426.20197 7.41980
2449427.20202 8.68196
2449428.20206 6.37122
2449429.20211 6.40386
2449430.20215 7.16511
2449431.20220 7.51194
2449432.20225 6.49303
2449433.20229 5.78433
2449434.20234 6.15305
2449435.20238 6.38364
2449436.20243 6.90460
2449437.20247 9.41547
2449438.20252 7.23141
2449439.20256 7.89063
2449440.20261 8.00055
2449441.20266 13.05397
2449442.20270 11.02649
2449443.20275 10.76982
2449444.20279 8.60494
2449445.20284 9.72748
2449446.20288 9.17467
2449447.20293 8.48799
2449448.20298 6.17050
2449449.20302 9.02218
2449450.20307 7.09124
2449451.20311 6.34735
2449452.20316 5.21373
2449453.20320 6.14597
2449454.20325 6.11221
2449455.20329 7.00183
2449456.20334 7.79385
2449457.20339 8.03072
2449458.20343 8.41723
2449459.20348 10.90095
2449460.20352 10.29668
2449461.20357 10.54004
2449462.20361 10.74286
2449463.20366 10.68714
2449464.20371 11.69126
2449465.20375 8.61882
2449466.20380 11.03488
2449467.20384 11.03146
2449468.20389 7.60282
2449469.20393 8.22543
2449470.20398 7.00932
2449471.20402 7.91040
2449472.20407 5.90648
2449473.20412 7.06747
2449474.20416 8.23538
2449475.20421 8.44678
2449476.20425 6.93304
2449477.20430 8.35288
2449478.20434 9.46307
2449479.20439 11.26527
2449480.20444 9.49718
2449481.20448 12.09532
2449482.20453 12.16483
2449483.20457 11.78606
2449484.20462 12.22565
2449485.20466 11.47637
2449486.20471 12.18423
2449487.20475 10.50029
2449488.20480 10.39310
2449489.20485 8.60458
2449490.20489 8.40501
2449491.20494 7.20855
2449492.20498 7.63699
2449493.20503 5.55553
2449494.20507 7.14646
2449495.20512 7.61587
2449496.20517 6.24205
2449497.20521 7.39775
2449498.20526 9.63778
2449499.20530 8.03145
2449500.20535 10.19221
2449501.20539 9.77844
2449502.20544 11.27870
2449503.20549 13.99108
2449504.20553 10.90518
2449505.20558 13.11797
2449506.20562 11.05307
2449507.20567 12.30672
2449508.20571 10.91688
2449509.20576 9.50144
2449510.20580 9.66235
2449511.20585 8.03401
2449512.20590 8.25791
2449513.20594 7.86203
2449514.20599 6.15442
2449515.20603 7.32384
2449516.20608 8.32838
2449517.20612 7.48373
2449518.20617 8.68760
2449519.20622 9.79268
2449520.20626 11.09333
2449521.20631 8.31840
2449522.20635 11.56759
2449523.20640 10.62591
2449524.20644 15.37613
2449525.20649 12.73600
2449526.20653 14.13336
2449527.20658 11.68720
2449528.20663 12.07344
2449529.20667 11.47818
2449530.20672 10.29762
2449531.20676 9.18536
2449532.20681 10.17369
2449533.20685 7.39882
2449534.20690 8.14150
2449535.20695 8.22625
2449536.20699 7.75834
2449537.20704 6.99701
2449538.20708 9.80550
2449539.20713 8.95260
2449540.20717 9.37731
2449541.20722 9.78457
2449542.20726 9.66085
2449543.20731 11.15862
2449544.20736 12.41053
2449545.20740 12.72544
2449546.20745 12.24809
2449547.20749 12.64720
2449548.20754 12.48838
2449549.20758 9.89304
2449550.20763 10.32227
2449551.20768 10.50193
2449552.20772 9.06339
2449553.20777 7.09398
2449554.20781 7.26256
2449555.20786 7.77847
2449556.20790 7.76702
2449557.20795 7.08716
2449558.20799 7.90972
2449559.20804 8.86778
2449560.20809 9.97557
2449561.20813 10.17424
2449562.20818 11.10713
2449749.21671 10.89913
2449750.21676 13.38721
2449751.21680 11.56956
2449752.21685 12.06860
2449753.21689 11.61447
2449754.21694 13.85102
2449755.21698 13.46558
2449756.21703 14.64015
2449757.21708 11.26402
2449758.21712 12.63207
2449759.21717 10.84073
2449760.21721 9.29415
2449761.21726 9.45702
2449762.21730 9.80412
2449763.21735 10.02180
2449764.21740 8.13666
2449765.21744 9.61719
2449766.21749 9.16267
2449767.21753 8.21457
2449768.21758 9.89589
2449769.21762 9.93390
2449770.21767 10.28157
2449771.21771 13.80482
2449772.21776 13.64821
2449773.21781 15.32103
2449774.21785 11.17342
2449775.21790 13.76215
2449776.21794 13.03537
2449777.21799 11.50794
2449778.21803 14.11493
2449779.21808 11.60697
2449780.21813 11.97600
2449781.21817 11.33571
2449782.21822 9.99851
2449783.21826 9.32747
2449784.21831 9.86517
2449785.21835 7.72508
2449786.21840 8.53331
2449787.21844 11.24694
2449788.21849 8.76792
2449789.21854 10.15540
2449790.21858 12.11681
2449791.21863 10.77898
2449792.21867 12.54287
2449793.21872 13.71979
2449794.21876 16.92592
2449795.21881 12.23851
2449796.21886 13.75665
2449797.21890 11.57504
2449798.21895 13.83782
2449799.21899 12.74357
2449800.21904 11.33779
2449801.21908 8.55218
2449802.21913 9.77380
2449803.21917 9.45450
2449804.21922 8.20082
2449805.21927 7.27936
2449806.21931 7.32834
2449807.21936 9.25916
2449808.21940 10.58513
2449809.21945 10.02126
2449810.21949 12.39040
2449811.21954 12.75035
2449812.21959 11.59895
2449813.21963 12.32258
2449814.21968 14.34951
2449815.21972 13.49714
2449816.21977 14.20248
2449817.21981 11.62016
2449818.21986 13.67449
2449819.21991 12.45943
2449820.21995 12.86592
2449821.22000 11.89710
2449822.22004 11.65465
2449823.22009 9.14826
2449824.22013 8.79633
2449825.22018 9.05548
2449826.22022 8.90763
2449827.22027 8.44284
2449828.22032 9.89286
2449829.22036 9.81892
2449830.22041 10.04123
2449831.22045 11.03433
2449832.22050 9.49551
2449833.22054 13.76615
2449834.22059 12.55155
2449835.22064 12.48876
2449836.22068 14.34972
2449837.22073 12.08784
2449838.22077 11.57466
2449839.22082 11.29369
2449840.22086 13.43009
2449841.22091 10.15038
2449842.22095 10.79951
2449843.22100 8.80211
2449844.22105 10.19550
2449845.22109 9.10947
2449846.22114 7.63396
2449847.22118 7.63402
2449848.22123 8.60911
2449849.22127 9.56674
2449850.22132 11.98017
2449851.22137 7.09981
2449852.22141 13.43552
2449853.22146 12.41850
2449854.22150 15.20080
2449855.22155 12.52696
2449856.22159 10.53417
2449857.22164 15.01065
2449858.22168 13.44042
2449859.22173 14.81346
2449860.22178 12.52447
2449861.22182 12.38419
2449862.22187 11.00056
2449863.22191 10.31252
2449864.22196 10.75876
2449865.22200 9.66770
2449866.22205 8.41609
2449867.22210 7.83836
2449868.22214 7.06225
2449869.22219 9.14068
2449870.22223 9.16833
2449871.22228 8.57414
2449872.22232 12.22969
2449873.22237 13.70682
2449874.22241 11.07035
2449875.22246 13.48528
2449876.22251 14.56117
2449877.22255 15.16487
2449878.22260 13.85228
2449879.22264 11.75866
2449880.22269 12.23961
2449881.22273 12.38518
2449882.22278 9.93849
2449883.22283 10.17265
2449884.22287 11.06389
2449885.22292 9.55328
2449886.22296 9.12491
2449887.22301 7.45153
2449888.22305 7.97704
2449889.22310 9.19208
2449890.22315 9.25431
2449891.22319 10.92415
2449892.22324 9.39710
2449893.22328 12.20667
2449894.22333 10.73731
2449895.22337 12.67102
2449896.22342 11.66732
2449897.22346 11.13944
2449898.22351 14.59140
2449899.22356 14.68934
2449900.22360 12.84844
2449901.22365 12.47812
2449902.22369 11.13188
2449903.22374 9.82468
2449904.22378 11.96701
2449905.22383 8.65575
2449906.22388 9.21632
2449907.22392 8.89493
2449908.22397 10.35758
2449909.22401 9.54217
2449910.22406 9.47826
2449911.22410 9.32442
2449912.22415 10.40311
2449913.22419 10.63787
2449914.22424 11.06600
2449915.22429 11.34340
2449916.22433 12.66387
2449917.22438 14.81075
2449918.22442 11.13971
2449919.22447 12.91445
2449920.22451 11.00903
2449921.22456 12.30775
2449922.22461 10.62521
2449923.22465 9.22716
2449924.22470 12.14296
2449925.22474 11.31901
2449926.22479 9.48424
2449927.22483 8.39559
2449928.22488 7.19482
2450114.23337 7.18305
2450115.23341 6.69722
2450116.23346 6.81593
2450117.23350 7.26919
2450118.23355 5.15146
2450119.23359 6.75221
2450120.23364 9.31438
2450121.23369 9.66013
2450122.23373 9.64998
2450123.23378 9.99031
2450124.23382 9.99503
2450125.23387 11.90483
2450126.23391 10.10190
2450127.23396 12.69989
2450128.23401 10.21179
2450129.23405 11.66659
2450130.23410 10.55375
2450131.23414 8.71747
2450132.23419 8.74742
2450133.23423 7.36772
2450134.23428 7.14104
2450135.23433 5.51280
2450136.23437 5.76921
2450137.23442 5.32769
2450138.23446 6.68690
2450139.23451 7.99209
2450140.23455 6.55729
2450141.23460 6.90436
2450142.23464 8.51623
2450143.23469 8.93820
2450144.23474 11.70346
2450145.23478 9.34178
2450146.23483 10.56004
2450147.23487 10.91351
2450148.23492 12.15431
2450149.23496 10.03214
2450150.23501 9.41656
2450151.23506 10.17293
2450152.23510 9.15509
2450153.23515 6.65916
2450154.23519 7.88387
2450155.23524 7.07224
2450156.23528 6.76697
2450157.23533 6.13849
2450158.23537 5.46659
2450159.23542 5.79673
2450160.23547 6.24196
2450161.23551 6.65313
2450162.23556 7.97454
2450163.23560 8.26756
2450164.23565 8.37707
2450165.23569 9.21977
2450166.23574 10.49291
2450167.23579 11.18871
2450168.23583 10.09725
2450169.23588 9.76509
2450170.23592 10.89784
2450171.23597 9.77780
2450172.23601 9.16815
2450173.23606 8.99744
2450174.23610 8.05305
2450175.23615 7.62665
2450176.23620 7.04696
2450177.23624 5.17646
2450178.23629 5.94908
2450179.23633 5.22307
2450180.23638 5.40678
2450181.23642 5.35990
2450182.23647 6.56212
2450183.23652 8.00598
2450184.23656 8.36039
2450185.23661 8.41853
2450186.23665 10.66807
2450187.23670 9.46402
2450188.23674 9.80874
2450189.23679 9.96702
2450190.23683 10.23805
2450191.23688 10.24868
2450192.23693 9.23769
2450193.23697 7.18538
2450194.23702 6.55852
2450195.23706 6.59095
2450196.23711 6.76811
2450197.23715 6.41740
2450198.23720 5.20083
2450199.23725 4.66318
2450200.23729 5.51863
2450201.23734 6.06185
2450202.23738 5.05304
2450203.23743 7.04353
2450204.23747 6.94942
2450205.23752 6.66295
2450206.23757 8.58956
2450207.23761 7.82506
2450208.23766 9.39965
2450209.23770 7.79026
2450210.23775 10.21162
2450211.23779 8.95549
2450212.23784 9.46845
2450213.23788 8.65430
2450214.23793 9.08438
2450215.23798 7.85900
2450216.23802 6.99312
2450217.23807 5.18491
2450218.23811 5.18423
2450219.23816 4.10592
2450220.23820 4.76812
2450221.23825 5.24219
2450222.23830 6.00175
2450223.23834 5.76986
2450224.23839 6.71744
2450225.23843 7.16176
2450226.23848 8.85954
2450227.23852 9.03095
2450228.23857 8.75888
2450229.23861 9.24545
2450230.23866 10.19636
2450231.23871 8.67935
2450232.23875 9.73687
2450233.23880 9.47713
2450234.23884 9.07996
2450235.23889 6.89852
2450236.23893 6.18102
2450237.23898 5.65599
2450238.23903 4.93462
2450239.23907 5.70692
2450240.23912 5.28731
2450241.23916 4.57526
2450242.23921 5.01146
2450243.23925 5.25028
2450244.23930 6.03010
2450245.23934 7.02542
2450246.23939 6.82894
2450247.23944 8.92040
2450248.23948 10.81580
2450249.23953 8.99900
2450250.23957 8.93259
2450251.23962 7.09321
2450252.23966 10.86591
2450253.23971 8.90415
2450254.23976 8.16103
2450255.23980 7.52881
2450256.23985 6.56435
2450257.23989 5.64809
2450258.23994 5.27697
2450259.23998 4.26024
2450260.24003 4.61058
2450261.24007 3.94693
2450262.24012 4.54107
2450263.24017 4.07608
2450264.24021 5.17192
2450265.24026 5.94964
2450266.24030 6.64071
2450267.24035 6.89629
2450268.24039 7.52234
2450269.24044 8.34026
2450270.24049 9.94211
2450271.24053 10.30304
2450272.24058 9.22491
2450273.24062 10.35042
2450274.24067 8.36219
2450275.24071 7.43592
2450276.24076 6.45494
2450277.24080 7.21425
2450278.24085 6.36935
2450279.24090 5.00399
2450280.24094 4.84179
2450281.24099 3.71060
2450282.24103 3.60088
2450283.24108 4.07042
2450284.24112 4.51033
2450285.24117 5.26591
2450286.24122 5.48546
2450287.24126 6.68583
2450288.24131 6.67615
2450289.24135 8.55467
2450290.24140 7.29949
2450291.24144 8.44669
2450292.24149 9.04555
2450293.24154 9.69464
2450479.25002 6.65443
2450480.25007 6.54303
2450481.25011 5.89637
2450482.25016 5.80205
2450483.25021 5.59298
2450484.25025 3.96769
2450485.25030 3.12771
2450486.25034 3.03087
2450487.25039 2.27294
2450488.25043 1.55629
2450489.25048 1.62311
2450490.25052 1.50272
2450491.25057 1.74572
2450492.25062 2.22584
2450493.25066 2.57111
2450494.25071 3.47492
2450495.25075 4.06309
2450496.25080 4.46981
2450497.25084 5.82369
2450498.25089 5.92949
2450499.25094 6.05460
2450500.25098 5.63938
2450501.25103 6.39069
2450502.25107 6.05250
2450503.25112 5.56179
2450504.25116 4.26034
2450505.25121 3.96312
2450506.25125 3.56077
2450507.25130 2.48705
2450508.25135 2.02845
2450509.25139 1.52317
2450510.25144 1.33947
2450511.25148 1.28081
2450512.25153 1.80605
2450513.25157 2.14155
2450514.25162 2.45744
2450515.25167 2.97750
2450516.25171 5.00870
2450517.25176 4.68219
2450518.25180 5.24947
2450519.25185 7.28120
2450520.25189 6.04691
2450521.25194 5.56421
2450522.25199 5.58192
2450523.25203 5.62192
2450524.25208 4.11224
2450525.25212 4.48969
2450526.25217 3.52781
2450527.25221 2.49151
2450528.25226 2.20714
2450529.25230 1.74784
2450530.25235 1.28381
2450531.25240 1.25067
2450532.25244 1.25859
2450533.25249 1.65428
2450534.25253 1.82732
2450535.25258 2.76133
2450536.25262 3.36948
2450537.25267 3.91839
2450538.25272 4.87582
2450539.25276 5.60830
2450540.25281 5.03752
2450541.25285 5.82622
2450542.25290 6.31924
2450543.25294 5.51768
2450544.25299 4.86438
2450545.25303 4.40008
2450546.25308 4.22908
2450547.25313 3.75131
2450548.25317 2.81004
2450549.25322 1.86913
2450550.25326 1.64413
2450551.25331 1.44947
2450552.25335 0.91922
2450553.25340 1.04329
2450554.25345 1.42967
2450555.25349 1.99546
2450556.25354 3.17835
2450557.25358 3.57857
2450558.25363 4.25465
2450559.25367 3.58899
2450560.25372 5.83202
2450561.25376 5.83429
2450562.25381 5.97672
2450563.25386 5.99628
2450564.25390 4.50966
2450565.25395 5.19862
2450566.25399 4.94972
2450567.25404 4.12738
2450568.25408 2.72422
2450569.25413 2.62061
2450570.25418 1.39749
2450571.25422 1.20373
2450572.25427 0.99967
2450573.25431 0.91092
2450574.25436 1.18019
2450575.25440 1.54699
2450576.25445 2.51841
2450577.25449 2.93856
2450578.25454 3.49000
2450579.25459 4.09062
2450580.25463 5.51636
2450581.25468 5.82738
2450582.25472 5.38204
2450583.25477 5.86040
2450584.25481 4.92991
2450585.25486 5.38998
2450586.25491 3.78785
2450587.25495 3.88192
2450588.25500 3.47667
2450589.25504 2.73036
2450590.25509 2.27129
2450591.25513 1.34382
2450592.25518 1.00092
2450593.25522 0.74093
2450594.25527 1.00578
2450595.25532 1.13504
2450596.25536 1.52744
2450597.25541 2.14703
2450598.25545 3.08840
2450599.25550 3.12633
2450600.25554 3.86672
2450601.25559 4.32634
2450602.25564 4.96410
2450603.25568 5.33656
2450604.25573 5.63712
2450605.25577 4.56579
2450606.25582 4.23807
2450607.25586 4.46793
2450608.25591 4.06219
2450609.25596 2.97180
2450610.25600 2.28030
2450611.25605 1.49431
2450612.25609 1.04978
2450613.25614 0.89345
2450614.25618 0.72682
2450615.25623 0.81929
2450616.25627 1.20724
2450617.25632 1.72399
2450618.25637 2.12115
2450619.25641 3.38064
2450620.25646 3.64548
2450621.25650 4.64318
2450622.25655 3.48750
2450623.25659 6.88669
2450624.25664 5.67772
2450625.25669 4.83786
2450626.25673 4.50904
2450627.25678 4.77588
2450628.25682 3.87620
2450629.25687 3.63149
2450630.25691 3.11305
2450631.25696 2.33529
2450632.25700 1.42044
2450633.25705 1.00753
2450634.25710 0.71589
2450635.25714 0.76247
2450636.25719 0.83547
2450637.25723 0.88524
2450638.25728 1.94570
2450639.25732 2.69461
2450640.25737 3.46857
2450641.25742 3.16763
2450642.25746 5.22478
2450643.25751 4.75793
2450644.25755 4.47644
2450645.25760 5.95838
2450646.25764 6.04727
2450647.25769 4.70359
2450648.25773 5.53807
2450649.25778 4.30027
2450650.25783 3.95684
2450651.25787 2.57494
2450652.25792 2.14542
2450653.25796 1.01695
2450654.25801 0.83355
2450655.25805 0.55455
2450656.25810 0.66001
2450657.25815 0.61243
2450658.25819 1.43680
2450844.26668 1.09974
2450845.26672 2.22605
2450846.26677 2.79528
2450847.26682 3.05597
2450848.26686 3.71214
2450849.26691 4.77865
2450850.26695 5.27315
2450851.26700 5.65053
2450852.26704 5.41038
2450853.26709 5.30494
2450854.26714 5.09634
2450855.26718 5.68628
2450856.26723 4.57522
2450857.26727 3.06051
2450858.26732 3.20476
2450859.26736 2.68404
2450860.26741 2.10395
2450861.26745 1.68413
2450862.26750 1.07836
2450863.26755 1.15140
2450864.26759 1.54605
2450865.26764 1.69704
2450866.26768 2.10851
2450867.26773 2.68084
2450868.26777 3.35485
2450869.26782 4.04955
2450870.26787 4.87233
2450871.26791 4.38129
2450872.26796 6.36473
2450873.26800 5.98068
2450874.26805 5.72786
2450875.26809 5.39225
2450876.26814 5.87672
2450877.26818 4.79390
2450878.26823 4.72349
2450879.26828 3.78359
2450880.26832 2.46029
2450881.26837 1.66529
2450882.26841 1.49605
2450883.26846 1.34546
2450884.26850 1.30053
2450885.26855 1.54475
2450886.26860 2.10968
2450887.26864 1.87592
2450888.26869 3.07483
2450889.26873 3.95483
2450890.26878 4.44711
2450891.26882 6.21299
2450892.26887 5.39270
2450893.26891 6.42325
2450894.26896 5.99431
2450895.26901 5.86903
2450896.26905 5.25724
2450897.26910 4.76665
2450898.26914 5.35404
2450899.26919 4.43809
2450900.26923 2.85559
2450901.26928 2.34904
2450902.26933 1.88265
2450903.26937 1.55182
2450904.26942 1.29660
2450905.26946 1.76988
2450906.26951 1.54620
2450907.26955 2.37934
2450908.26960 3.14404
2450909.26964 3.30810
2450910.26969 4.08555
2450911.26974 4.78806
2450912.26978 5.84046
2450913.26983 5.95069
2450914.26987 6.57361
2450915.26992 6.49608
2450916.26996 5.77305
2450917.27001 4.81602
2450918.27006 5.65903
2450919.27010 4.90715
2450920.27015 3.75091
2450921.27019 3.67320
2450922.27024 2.65208
2450923.27028 1.76594
2450924.27033 1.87714
2450925.27038 1.81501
2450926.27042 1.89884
2450927.27047 1.95608
2450928.27051 2.31579
2450929.27056 2.39833
2450930.27060 3.72186
2450931.27065 5.08678
2450932.27069 5.23714
2450933.27074 5.83372
2450934.27079 5.52845
2450935.27083 6.68053
2450936.27088 7.01456
2450937.27092 6.16261
2450938.27097 5.61760
2450939.27101 4.93212
2450940.27106 5.18273
2450941.27111 4.49659
2450942.27115 3.77019
2450943.27120 2.56603
2450944.27124 2.25256
2450945.27129 1.90602
2450946.27133 1.88245
2450947.27138 1.99707
2450948.27142 2.44557
2450949.27147 2.40293
2450950.27152 3.94434
2450951.27156 4.11985
2450952.27161 4.89633
2450953.27165 6.03938
2450954.27170 6.50469
2450955.27174 7.60780
2450956.27179 6.63811
2450957.27184 6.65628
2450958.27188 5.36491
2450959.27193 5.56932
2450960.27197 5.78939
2450961.27202 4.43946
2450962.27206 3.34974
2450963.27211 3.77365
2450964.27215 3.10680
2450965.27220 2.20300
2450966.27225 2.38840
2450967.27229 2.06631
2450968.27234 1.79106
2450969.27238 3.00351
2450970.27243 3.57647
2450971.27247 4.15100
2450972.27252 4.39534
2450973.27257 4.86815
2450974.27261 5.60768
2450975.27266 6.92950
2450976.27270 7.48267
2450977.27275 6.72757
2450978.27279 7.22027
2450979.27284 5.99851
2450980.27288 6.41989
2450981.27293 5.11552
2450982.27298 4.71889
2450983.27302 4.96192
2450984.27307 3.44692
2450985.27311 3.07181
2450986.27316 2.37989
2450987.27320 2.59808
2450988.27325 2.20866
2450989.27330 2.54141
2450990.27334 2.83142
2450991.27339 4.11498
2450992.27343 4.14422
2450993.27348 5.04434
2450994.27352 5.58939
2450995.27357 6.83464
2450996.27362 7.63031
2450997.27366 6.70725
2450998.27371 6.62933
2450999.27375 8.30035
2451000.27380 5.55744
2451001.27384 5.89597
2451002.27389 6.11391
2451003.27393 5.01269
2451004.27398 4.33534
2451005.27403 3.06177
2451006.27407 3.26469
2451007.27412 3.00291
2451008.27416 2.37278
2451009.27421 2.11698
2451010.27425 2.99644
2451011.27430 3.95321
2451012.27435 4.72724
2451013.27439 5.21093
2451014.27444 6.31861
2451015.27448 7.27126
2451016.27453 6.73022
2451017.27457 7.58476
2451018.27462 7.49829
2451019.27466 7.65209
2451020.27471 7.60392
2451021.27476 6.76635
2451022.27480 6.12665
2451023.27485 5.69679
2451209.28333 8.71700
2451210.28338 8.89783
2451211.28343 7.14670
2451212.28347 5.97785
2451213.28352 5.78251
2451214.28356 4.78347
2451215.28361 5.28700
2451216.28365 4.97132
2451217.28370 6.39004
2451218.28375 5.36534
2451219.28379 6.92754
2451220.28384 6.39376
2451221.28388 8.11857
2451222.28393 7.71410
2451223.28397 8.73195
2451224.28402 11.09799
2451225.28406 10.32052
2451226.28411 10.01487
2451227.28416 10.26475
2451228.28420 9.38030
2451229.28425 9.40723
2451230.28429 8.97089
2451231.28434 7.81029
2451232.28438 8.14673
2451233.28443 6.52434
2451234.28448 5.89641
2451235.28452 5.05028
2451236.28457 6.14258
2451237.28461 6.22607
2451238.28466 6.24070
2451239.28470 6.55874
2451240.28475 7.65511
2451241.28480 7.72970
2451242.28484 9.47310
2451243.28489 8.80542
2451244.28493 9.58866
2451245.28498 10.57874
2451246.28502 9.80309
2451247.28507 9.28690
2451248.28511 9.26296
2451249.28516 9.97530
2451250.28521 9.76438
2451251.28525 8.06358
2451252.28530 8.26393
2451253.28534 6.88631
2451254.28539 7.30623
2451255.28543 6.63402
2451256.28548 6.61810
2451257.28553 5.29844
2451258.28557 5.32847
2451259.28562 6.70359
2451260.28566 7.58771
2451261.28571 8.28445
2451262.28575 8.00993
2451263.28580 7.44723
2451264.28584 10.45792
2451265.28589 11.34355
2451266.28594 11.67949
2451267.28598 10.49926
2451268.28603 10.77593
2451269.28607 9.77226
2451270.28612 8.92872
2451271.28616 9.07649
2451272.28621 9.30822
2451273.28626 8.42033
2451274.28630 7.29815
2451275.28635 7.01515
2451276.28639 6.65871
2451277.28644 5.15494
2451278.28648 6.37005
2451279.28653 7.06627
2451280.28657 8.04777
2451281.28662 7.27406
2451282.28667 7.42371
2451283.28671 9.76176
2451284.28676 11.63864
2451285.28680 9.83419
2451286.28685 10.62477
2451287.28689 10.52738
2451288.28694 11.43642
2451289.28699 10.78579
2451290.28703 9.72256
2451291.28708 10.75153
2451292.28712 8.51147
2451293.28717 9.82497
2451294.28721 8.88190
2451295.28726 8.12090
2451296.28730 7.89507
2451297.28735 6.70367
2451298.28740 6.65843
2451299.28744 6.20819
2451300.28749 7.12102
2451301.28753 6.84451
2451302.28758 7.60974
2451303.28762 7.89901
2451304.28767 8.23301
2451305.28772 7.38006
2451306.28776 11.30461
2451307.28781 10.66043
2451308.28785 10.72281
2451309.28790 10.62261
2451310.28794 13.07610
2451311.28799 10.86489
2451312.28804 11.83628
2451313.28808 11.07213
2451314.28813 9.54619
2451315.28817 7.87386
2451316.28822 7.48790
2451317.28826 7.37638
2451318.28831 7.43179
2451319.28835 8.06932
2451320.28840 7.08005
2451321.28845 7.15477
2451322.28849 8.00690
2451323.28854 9.02151
2451324.28858 9.28609
2451325.28863 10.58316
2451326.28867 10.35048
2451327.28872 11.27979
2451328.28877 10.39378
2451329.28881 11.90885
2451330.28886 10.21591
2451331.28890 10.20598
2451332.28895 11.10891
2451333.28899 10.89780
2451334.28904 8.24171
2451335.28908 8.59739
2451336.28913 8.46091
2451337.28918 10.02423
2451338.28922 6.35049
2451339.28927 7.30908
2451340.28931 7.44817
2451341.28936 7.35938
2451342.28940 6.35955
2451343.28945 8.05292
2451344.28950 10.20821
2451345.28954 10.76478
2451346.28959 10.70138
2451347.28963 11.11224
2451348.28968 10.05050
2451349.28972 10.69771
2451350.28977 10.81465
2451351.28981 11.47703
2451352.28986 11.79268
2451353.28991 9.60808
2451354.28995 12.43649
2451355.29000 9.95475
2451356.29004 9.91906
2451357.29009 9.12441
2451358.29013 9.03306
2451359.29018 8.08505
2451360.29023 7.88361
2451361.29027 6.62538
2451362.29032 6.70225
2451363.29036 6.52741
2451364.29041 8.80099
2451365.29045 8.97904
2451366.29050 10.36141
2451367.29054 10.89272
2451368.29059 9.31638
2451369.29064 11.84936
2451370.29068 12.48890
2451371.29073 11.66085
2451372.29077 13.14968
2451373.29082 10.59507
2451374.29086 11.05483
2451375.29091 9.56968
2451376.29096 9.95816
2451377.29100 8.06330
2451378.29105 8.70269
2451379.29109 8.24888
2451380.29114 6.65514
2451381.29118 7.13759
2451382.29123 7.97724
2451383.29127 7.00352
2451384.29132 8.05547
2451385.29137 8.89701
2451386.29141 8.12194
2451387.29146 10.00964
2451388.29150 11.85158
2451575.30004 13.44198
2451576.30008 15.07954
2451577.30013 11.98505
2451578.30017 12.12520
2451579.30022 14.67801
2451580.30026 11.25107
2451581.30031 12.67899
2451582.30036 11.10351
2451583.30040 10.61570
2451584.30045 11.07727
2451585.30049 9.99004
2451586.30054 9.70906
2451587.30058 9.64165
2451588.30063 8.90329
2451589.30068 8.34001
2451590.30072 8.08642
2451591.30077 8.17679
2451592.30081 10.67997
2451593.30086 12.42892
2451594.30090 12.89474
2451595.30095 11.22222
2451596.30099 13.37580
2451597.30104 10.24396
2451598.30109 14.16420
2451599.30113 11.94922
2451600.30118 12.03680
2451601.30122 16.21645
2451602.30127 13.23156
2451603.30131 12.34274
2451604.30136 9.43201
2451605.30141 8.66322
2451606.30145 10.25763
2451607.30150 7.73897
2451608.30154 9.74312
2451609.30159 7.19631
2451610.30163 8.59609
2451611.30168 8.01233
2451612.30172 9.55780
2451613.30177 10.93528
2451614.30182 11.35396
2451615.30186 11.58926
2451616.30191 9.14986
2451617.30195 12.47264
2451618.30200 10.04306
2451619.30204 14.30995
2451620.30209 12.82463
2451621.30214 14.14013
2451622.30218 13.01398
2451623.30223 13.69178
2451624.30227 12.62922
2451625.30232 12.40516
2451626.30236 10.14558
2451627.30241 10.78958
2451628.30246 9.34504
2451629.30250 8.11580
2451630.30255 7.57337
2451631.30259 8.58724
2451632.30264 7.88438
2451633.30268 10.03753
2451634.30273 10.65950
2451635.30277 11.42598
2451636.30282 14.33667
2451637.30287 11.19038
2451638.30291 12.81732
2451639.30296 12.62614
2451640.30300 13.49580
2451641.30305 13.19790
2451642.30309 16.17855
2451643.30314 13.14028
2451644.30319 10.82170
2451645.30323 11.43206
2451646.30328 11.38194
2451647.30332 10.77955
2451648.30337 7.93932
2451649.30341 10.47649
2451650.30346 9.35277
2451651.30350 9.20283
2451652.30355 8.44671
2451653.30360 10.14197
2451654.30364 8.42383
2451655.30369 10.86885
2451656.30373 10.59009
2451657.30378 11.17870
2451658.30382 10.76287
2451659.30387 13.12006
2451660.30392 11.30813
2451661.30396 14.36013
2451662.30401 14.14371
2451663.30405 13.34441
2451664.30410 14.75579
2451665.30414 11.06345
2451666.30419 10.82583
2451667.30423 11.27531
2451668.30428 10.80264
2451669.30433 9.57492
2451670.30437 7.85875
2451671.30442 9.27292
2451672.30446 8.83167
2451673.30451 8.85917
2451674.30455 10.76703
2451675.30460 8.57900
2451676.30465 10.93342
2451677.30469 12.18234
2451678.30474 12.27731
2451679.30478 14.07261
2451680.30483 13.44538
2451681.30487 13.96976
2451682.30492 14.46727
2451683.30496 12.43263
2451684.30501 15.14854
2451685.30506 13.45167
2451686.30510 12.60728
2451687.30515 11.33063
2451688.30519 9.66299
2451689.30524 9.16121
2451690.30528 9.36602
2451691.30533 8.83513
2451692.30538 8.93117
2451693.30542 7.87416
2451694.30547 8.99016
2451695.30551 8.31632
2451696.30556 9.78917
2451697.30560 8.32429
2451698.30565 10.89989
2451699.30569 9.84143
2451700.30574 11.38174
2451701.30579 12.94918
2451702.30583 13.52034
2451703.30588 11.87318
2451704.30592 12.51013
2451705.30597 13.13926
2451706.30601 12.59246
2451707.30606 11.98445
2451708.30611 11.42410
2451709.30615 11.33472
2451710.30620 9.41539
2451711.30624 10.64193
2451712.30629 9.34043
2451713.30633 9.37908
2451714.30638 7.74439
2451715.30643 8.45005
2451716.30647 8.75672
2451717.30652 8.83098
2451718.30656 11.43916
2451719.30661 12.92259
2451720.30665 9.15691
2451721.30670 13.03678
2451722.30674 12.86166
2451723.30679 14.91378
2451724.30684 11.95438
2451725.30688 12.46738
2451726.30693 11.60411
2451727.30697 15.20025
2451728.30702 12.19446
2451729.30706 9.08283
2451730.30711 8.92123
2451731.30716 8.34241
2451732.30720 8.88241
2451733.30725 9.37762
2451734.30729 7.24521
2451735.30734 9.43518
2451736.30738 10.22438
2451737.30743 10.77966
2451738.30747 9.50545
2451739.30752 12.17816
2451740.30757 11.41556
2451741.30761 10.54448
2451742.30766 12.78933
2451743.30770 12.89430
2451744.30775 14.06428
2451745.30779 11.41289
2451746.30784 12.72418
2451747.30789 12.87276
2451748.30793 10.96759
2451749.30798 11.75315
2451750.30802 9.65157
2451751.30807 9.08044
2451752.30811 9.71493
2451753.30816 10.65259
2451754.30820 7.91479
2451940.31669 7.21944
2451941.31674 7.51653
2451942.31678 6.53871
2451943.31683 7.29895
2451944.31688 6.68646
2451945.31692 8.59979
2451946.31697 8.18074
2451947.31701 8.68913
2451948.31706 9.97666
2451949.31710 11.21252
2451950.31715 10.88131
2451951.31719 10.81107
2451952.31724 9.89094
2451953.31729 11.49537
2451954.31733 11.03558
2451955.31738 10.16921
2451956.31742 8.77126
2451957.31747 9.08485
2451958.31751 9.05051
2451959.31756 6.86861
2451960.31761 6.33313
2451961.31765 7.17316
2451962.31770 5.80294
2451963.31774 7.11565
2451964.31779 7.81394
2451965.31783 5.34742
2451966.31788 7.19654
2451967.31792 8.92394
2451968.31797 9.42664
2451969.31802 11.16708
2451970.31806 9.71888
2451971.31811 12.02884
2451972.31815 10.33089
2451973.31820 10.48687
2451974.31824 8.97095
2451975.31829 9.92688
2451976.31834 11.05260
2451977.31838 9.55341
2451978.31843 8.37932
2451979.31847 7.50732
2451980.31852 6.05951
2451981.31856 6.95903
2451982.31861 5.00303
2451983.31865 6.05076
2451984.31870 5.81464
2451985.31875 7.42338
2451986.31879 6.47564
2451987.31884 7.07553
2451988.31888 8.57903
2451989.31893 7.93285
2451990.31897 8.83663
2451991.31902 8.93257
2451992.31907 12.33839
2451993.31911 11.06104
2451994.31916 12.88478
2451995.31920 9.49906
2451996.31925 8.98173
2451997.31929 7.21046
2451998.31934 9.60437
2451999.31938 7.85363
2452000.31943 6.63832
2452001.31948 5.68680
2452002.31952 6.26739
2452003.31957 5.78426
2452004.31961 5.51614
2452005.31966 6.88709
2452006.31970 5.43420
2452007.31975 6.18207
2452008.31980 7.76982
2452009.31984 8.43750
2452010.31989 9.61869
2452011.31993 10.00503
2452012.31998 9.50447
2452013.32002 11.00375
2452014.32007 11.57952
2452015.32011 10.02313
2452016.32016 9.81050
2452017.32021 11.06490
2452018.32025 10.07712
2452019.32030 6.21667
2452020.32034 7.46624
2452021.32039 6.97162
2452022.32043 6.12784
2452023.32048 6.84483
2452024.32053 6.13400
2452025.32057 5.92476
2452026.32062 4.46717
2452027.32066 6.57899
2452028.32071 6.13972
2452029.32075 7.77158
2452030.32080 8.25853
2452031.32085 8.52717
2452032.32089 10.65219
2452033.32094 9.84535
2452034.32098 12.00401
2452035.32103 11.51973
2452036.32107 11.20825
2452037.32112 9.14341
2452038.32116 8.48108
2452039.32121 8.31712
2452040.32126 7.63834
2452041.32130 7.13645
2452042.32135 6.30889
2452043.32139 6.48688
2452044.32144 5.28397
2452045.32148 4.69513
2452046.32153 4.93044
2452047.32158 6.48863
2452048.32162 6.76308
2452049.32167 6.93634
2452050.32171 6.75565
2452051.32176 8.73604
2452052.32180 8.75980
2452053.32185 8.79925
2452054.32189 9.04040
2452055.32194 10.77202
2452056.32199 9.49791
2452057.32203 13.05084
2452058.32208 10.90536
2452059.32212 7.71123
2452060.32217 9.02013
2452061.32221 7.77934
2452062.32226 6.36620
2452063.32231 5.25197
2452064.32235 5.15656
2452065.32240 4.95085
2452066.32244 5.53994
2452067.32249 6.08324
2452068.32253 5.57813
2452069.32258 7.07696
2452070.32262 6.45254
2452071.32267 6.69000
2452072.32272 8.47629
2452073.32276 7.94975
2452074.32281 8.85593
2452075.32285 9.08806
2452076.32290 9.31796
2452077.32294 10.48028
2452078.32299 9.72892
2452079.32304 9.66771
2452080.32308 8.53360
2452081.32313 8.68751
2452082.32317 6.21493
2452083.32322 5.91096
2452084.32326 5.57267
2452085.32331 5.76492
2452086.32335 4.67342
2452087.32340 4.97068
2452088.32345 4.72931
2452089.32349 4.86169
2452090.32354 4.98651
2452091.32358 6.20988
2452092.32363 7.74822
2452093.32367 7.65106
2452094.32372 8.10044
2452095.32377 9.16785
2452096.32381 8.79860
2452097.32386 10.15910
2452098.32390 8.37053
2452099.32395 10.67467
2452100.32399 9.70464
2452101.32404 7.95652
2452102.32409 7.22795
2452103.32413 6.11064
2452104.32418 5.32649
2452105.32422 4.50965
2452106.32427 5.27010
2452107.32431 5.26249
2452108.32436 4.91433
2452109.32440 4.94181
2452110.32445 4.68344
2452111.32450 5.92478
2452112.32454 7.23049
2452113.32459 6.83171
2452114.32463 8.10312
2452115.32468 9.83100
2452116.32472 9.21867
2452117.32477 9.71449
2452118.32482 7.56925
2452119.32486 9.99236
2452305.33335 6.44695
2452306.33339 6.46040
2452307.33344 5.61535
2452308.33349 5.02032
2452309.33353 5.15292
2452310.33358 3.90394
2452311.33362 3.39313
2452312.33367 2.26989
2452313.33371 2.21847
2452314.33376 1.94193
2452315.33380 2.14057
2452316.33385 1.88668
2452317.33390 2.07319
2452318.33394 3.03378
2452319.33399 3.85157
2452320.33403 3.95683
2452321.33408 4.19557
2452322.33412 5.75042
2452323.33417 5.38420
2452324.33422 5.34533
2452325.33426 7.43708
2452326.33431 6.76459
2452327.33435 6.28479
2452328.33440 5.07816
2452329.33444 5.71671
2452330.33449 3.57972
2452331.33454 3.52136
2452332.33458 3.54624
2452333.33463 2.36131
2452334.33467 2.15013
2452335.33472 1.69941
2452336.33476 1.69389
2452337.33481 1.87958
2452338.33485 2.15658
2452339.33490 2.95221
2452340.33495 4.21169
2452341.33499 4.27748
2452342.33504 4.42634
2452343.33508 5.58153
2452344.33513 6.42443
2452345.33517 6.82612
2452346.33522 5.94302
2452347.33527 5.41473
2452348.33531 6.46107
2452349.33536 5.23760
2452350.33540 4.84205
2452351.33545 3.35982
2452352.33549 3.53201
2452353.33554 2.55539
2452354.33558 2.67495
2452355.33563 1.60840
2452356.33568 1.58159
2452357.33572 1.50214
2452358.33577 1.96994
2452359.33581 2.24509
2452360.33586 2.66980
2452361.33590 3.29394
2452362.33595 3.76364
2452363.33600 4.33676
2452364.33604 5.36581
2452365.33609 5.22592
2452366.33613 6.47451
2452367.33618 6.53530
2452368.33622 6.13578
2452369.33627 5.53546
2452370.33631 4.87474
2452371.33636 4.56155
2452372.33641 4.06582
2452373.33645 3.29663
2452374.33650 2.60394
2452375.33654 2.06564
2452376.33659 1.63808
2452377.33663 1.20115
2452378.33668 1.34843
2452379.33673 1.72456
2452380.33677 2.19689
2452381.33682 2.83470
2452382.33686 3.34772
2452383.33691 4.11550
2452384.33695 4.52577
2452385.33700 5.11274
2452386.33704 5.50174
2452387.33709 6.54815
2452388.33714 7.80678
2452389.33718 5.29608
2452390.33723 5.36788
2452391.33727 3.63595
2452392.33732 3.73494
2452393.33736 3.65249
2452394.33741 2.51621
2452395.33746 2.32536
2452396.33750 1.44630
2452397.33755 1.21357
2452398.33759 1.22660
2452399.33764 1.16240
2452400.33768 1.66042
2452401.33773 2.30468
2452402.33777 2.92273
2452403.33782 3.91315
2452404.33787 4.24963
2452405.33791 4.89711
2452406.33796 5.76016
2452407.33800 5.83375
2452408.33805 6.58097
2452409.33809 6.21771
2452410.33814 5.08773
2452411.33819 5.66779
2452412.33823 4.29517
2452413.33828 4.25849
2452414.33832 2.87659
2452415.33837 2.31771
2452416.33841 1.71065
2452417.33846 1.10773
2452418.33851 1.17628
2452419.33855 1.29018
2452420.33860 1.13701
2452421.33864 1.74353
2452422.33869 2.52898
2452423.33873 2.88350
2452424.33878 3.92301
2452425.33882 3.70400
2452426.33887 4.58182
2452427.33892 6.26577
2452428.33896 5.57334
2452429.33901 6.91415
2452430.33905 4.17648
2452431.33910 5.93126
2452432.33914 4.70294
2452433.33919 3.86111
2452434.33924 3.15065
2452435.33928 2.82203
2452436.33933 1.94569
2452437.33937 1.57421
2452438.33942 1.17501
2452439.33946 0.94187
2452440.33951 1.11652
2452441.33955 1.16639
2452442.33960 1.57153
2452443.33965 2.34057
2452444.33969 2.75877
2452445.33974 3.47592
2452446.33978 4.59591
2452447.33983 5.64431
2452448.33987 5.50516
2452449.33992 5.42176
2452450.33997 5.84523
2452451.34001 5.91744
2452452.34006 4.78502
2452453.34010 3.72009
2452454.34015 4.05545
2452455.34019 2.96986
2452456.34024 2.65528
2452457.34028 1.59749
2452458.34033 1.52453
2452459.34038 1.07390
2452460.34042 0.98832
2452461.34047 1.08394
2452462.34051 1.36084
2452463.34056 1.80550
2452464.34060 2.77558
2452465.34065 2.98011
2452466.34070 4.03553
2452467.34074 4.55229
2452468.34079 6.33791
2452469.34083 4.91798
2452470.34088 6.40931
2452471.34092 5.58969
2452472.34097 4.54736
2452473.34101 5.36995
2452474.34106 3.29441
2452475.34111 3.42283
2452476.34115 2.85483
2452477.34120 2.30034
2452478.34124 1.19555
2452479.34129 1.16837
2452480.34133 1.06248
2452481.34138 0.93189
2452482.34143 1.22314
2452483.34147 1.39274
2452484.34152 1.68377
2452670.35000 1.94744
2452671.35005 2.17268
2452672.35010 3.57669
2452673.35014 4.04966
2452674.35019 3.72342
2452675.35023 4.69862
2452676.35028 5.33414
2452677.35032 5.45525
2452678.35037 5.44746
2452679.35042 5.65098
2452680.35046 4.74548
2452681.35051 4.70609
2452682.35055 4.31618
2452683.35060 3.34764
2452684.35064 2.22933
2452685.35069 1.72647
2452686.35073 1.61511
2452687.35078 1.30845
2452688.35083 1.14123
2452689.35087 1.34829
2452690.35092 1.29850
2452691.35096 1.81358
2452692.35101 2.65728
2452693.35105 3.12898
2452694.35110 3.80189
2452695.35115 4.94322
2452696.35119 4.07645
2452697.35124 5.64406
2452698.35128 6.15718
2452699.35133 7.02168
2452700.35137 5.72929
2452701.35142 5.63495
2452702.35146 5.93979
2452703.35151 4.31499
2452704.35156 3.99595
2452705.35160 2.59969
2452706.35165 2.51576
2452707.35169 1.57328
2452708.35174 1.33256
2452709.35178 1.20851
2452710.35183 1.45755
2452711.35188 1.50622
2452712.35192 2.25064
2452713.35197 3.78420
2452714.35201 3.24489
2452715.35206 3.33175
2452716.35210 5.13975
2452717.35215 4.58607
2452718.35219 5.33063
2452719.35224 6.10935
2452720.35229 6.56661
2452721.35233 5.84545
2452722.35238 4.73135
2452723.35242 4.23575
2452724.35247 3.42146
2452725.35251 3.25919
2452726.35256 3.00748
2452727.35261 2.36451
2452728.35265 1.58549
2452729.35270 1.61936
2452730.35274 1.40747
2452731.35279 1.37371
2452732.35283 1.87518
2452733.35288 2.60830
2452734.35293 3.77566
2452735.35297 4.89155
2452736.35302 4.70445
2452737.35306 6.11836
2452738.35311 5.82271
2452739.35315 5.63754
2452740.35320 7.03832
2452741.35324 5.83596
2452742.35329 5.76733
2452743.35334 5.61332
2452744.35338 4.86743
2452745.35343 4.42389
2452746.35347 3.13888
2452747.35352 2.57539
2452748.35356 1.99965
2452749.35361 1.90875
2452750.35366 1.79146
2452751.35370 1.83017
2452752.35375 1.94684
2452753.35379 2.45773
2452754.35384 3.57685
2452755.35388 3.39378
2452756.35393 4.56106
2452757.35397 5.53876
2452758.35402 5.22249
2452759.35407 6.10560
2452760.35411 6.04603
2452761.35416 4.91249
2452762.35420 5.51160
2452763.35425 6.47739
2452764.35429 5.17301
2452765.35434 5.40845
2452766.35439 3.74508
2452767.35443 3.18015
2452768.35448 2.95739
2452769.35452 2.10977
2452770.35457 1.90811
2452771.35461 1.78460
2452772.35466 1.93976
2452773.35470 2.16317
2452774.35475 2.18318
2452775.35480 3.56349
2452776.35484 3.60408
2452777.35489 4.82598
2452778.35493 5.41880
2452779.35498 6.16461
2452780.35502 6.52707
2452781.35507 8.51617
2452782.35512 5.23899
2452783.35516 6.14401
2452784.35521 5.79304
2452785.35525 6.34936
2452786.35530 4.20510
2452787.35534 4.16406
2452788.35539 3.44400
2452789.35543 2.57462
2452790.35548 2.22588
2452791.35553 1.90714
2452792.35557 1.76175
2452793.35562 2.14227
2452794.35566 2.01854
2452795.35571 3.06499
2452796.35575 3.97887
2452797.35580 5.27693
2452798.35585 4.66631
2452799.35589 5.75108
2452800.35594 7.27214
2452801.35598 7.04876
2452802.35603 7.11943
2452803.35607 5.97973
2452804.35612 8.28365
2452805.35617 6.05208
2452806.35621 6.15588
2452807.35626 5.62506
2452808.35630 4.14944
2452809.35635 3.84874
2452810.35639 2.96111
2452811.35644 2.54647
2452812.35648 2.55842
2452813.35653 1.73245
2452814.35658 2.46184
2452815.35662 3.00009
2452816.35667 3.02144
2452817.35671 4.18388
2452818.35676 4.58002
2452819.35680 6.43876
2452820.35685 6.04109
2452821.35690 6.47802
2452822.35694 7.39445
2452823.35699 6.51573
2452824.35703 6.84392
2452825.35708 6.86354
2452826.35712 5.31746
2452827.35717 5.96239
2452828.35721 5.84578
2452829.35726 4.41879
2452830.35731 3.49113
2452831.35735 2.97792
2452832.35740 2.67952
2452833.35744 2.82001
2452834.35749 2.77849
2452835.35753 2.90520
2452836.35758 3.18613
2452837.35763 4.12961
2452838.35767 4.34988
2452839.35772 4.65558
2452840.35776 5.67857
2452841.35781 6.44325
2452842.35785 7.59668
2452843.35790 6.92148
2452844.35794 7.91355
2452845.35799 6.64817
2452846.35804 6.48335
2452847.35808 6.67536
2452848.35813 5.61572
2452849.35817 4.02979
2453036.36671 7.71844
2453037.36675 6.97216
2453038.36680 5.67242
2453039.36684 6.05935
2453040.36689 4.85403
2453041.36693 4.99823
2453042.36698 5.43517
2453043.36703 6.52207
2453044.36707 6.29343
2453045.36712 6.23657
2453046.36716 8.36871
2453047.36721 7.37524
2453048.36725 9.15993
2453049.36730 9.81032
2453050.36735 7.48618
2453051.36739 8.79229
2453052.36744 9.50128
2453053.36748 8.75498
2453054.36753 9.36314
2453055.36757 8.34490
2453056.36762 6.68507
2453057.36766 6.48716
2453058.36771 6.64586
2453059.36776 6.57946
2453060.36780 5.58950
2453061.36785 6.52246
2453062.36789 5.42685
2453063.36794 6.36662
2453064.36798 5.98007
2453065.36803 7.18141
2453066.36808 8.08578
2453067.36812 7.68812
2453068.36817 9.14292
2453069.36821 10.44767
2453070.36826 10.94855
2453071.36830 8.88874
2453072.36835 8.20342
2453073.36839 10.48149
2453074.36844 9.67366
2453075.36849 8.91591
2453076.36853 8.83616
2453077.36858 8.63212
2453078.36862 8.50205
2453079.36867 6.66246
2453080.36871 6.99202
2453081.36876 5.06816
2453082.36881 6.27862
2453083.36885 6.64491
2453084.36890 5.76313
2453085.36894 6.43619
2453086.36899 7.87785
2453087.36903 8.23712
2453088.36908 8.38268
2453089.36912 9.41597
2453090.36917 9.58046
2453091.36922 11.16971
2453092.36926 9.40849
2453093.36931 10.32992
2453094.36935 8.32499
2453095.36940 8.77758
2453096.36944 7.45675
2453097.36949 9.35079
2453098.36954 7.94294
2453099.36958 7.59388
2453100.36963 6.15655
2453101.36967 6.82717
2453102.36972 5.71364
2453103.36976 4.53120
2453104.36981 5.76949
2453105.36985 6.81878
2453106.36990 7.17709
2453107.36995 7.69131
2453108.36999 8.46959
2453109.37004 9.97951
2453110.37008 9.93888
2453111.37013 9.79524
2453112.37017 9.36132
2453113.37022 9.69306
2453114.37027 10.04804
2453115.37031 11.66865
2453116.37036 11.90952
2453117.37040 11.31115
2453118.37045 8.93351
2453119.37049 8.60299
2453120.37054 6.44004
2453121.37059 6.62590
2453122.37063 6.18681
2453123.37068 4.83708
2453124.37072 5.90884
2453125.37077 7.04927
2453126.37081 7.97883
2453127.37086 8.84751
2453128.37090 7.42497
2453129.37095 9.68665
2453130.37100 8.69366
2453131.37104 8.18053
2453132.37109 10.74517
2453133.37113 10.84492
2453134.37118 10.82327
2453135.37122 10.91059
2453136.37127 13.47762
2453137.37132 10.09307
2453138.37136 9.54516
2453139.37141 8.62774
2453140.37145 9.49485
2453141.37150 6.16161
2453142.37154 6.57814
2453143.37159 7.48596
2453144.37163 6.27267
2453145.37168 6.02972
2453146.37173 6.07353
2453147.37177 6.68129
2453148.37182 6.64173
2453149.37186 7.92617
2453150.37191 10.69406
2453151.37195 11.02183
2453152.37200 12.23474
2453153.37205 9.45641
2453154.37209 8.40954
2453155.37214 11.07149
2453156.37218 11.36908
2453157.37223 10.27885
2453158.37227 8.36475
2453159.37232 9.22860
2453160.37236 9.77319
2453161.37241 7.96361
2453162.37246 7.65330
2453163.37250 8.10908
2453164.37255 6.97078
2453165.37259 7.71338
2453166.37264 7.54883
2453167.37268 8.06589
2453168.37273 7.61976
2453169.37278 9.44600
2453170.37282 7.60494
2453171.37287 8.72838
2453172.37291 12.02918
2453173.37296 8.45619
2453174.37300 14.22819
2453175.37305 11.47969
2453176.37309 11.61024
2453177.37314 11.23465
2453178.37319 11.55613
2453179.37323 8.52913
2453180.37328 8.53582
2453181.37332 9.11893
2453182.37337 6.60510
2453183.37341 7.36488
2453184.37346 6.23460
2453185.37351 6.09901
2453186.37355 7.05843
2453187.37360 6.74884
2453188.37364 8.12592
2453189.37369 8.14590
2453190.37373 9.13297
2453191.37378 9.82788
2453192.37382 10.49669
2453193.37387 8.99028
2453194.37392 9.93696
2453195.37396 13.31706
2453196.37401 12.58139
2453197.37405 12.20866
2453198.37410 12.51225
2453199.37414 11.75021
2453200.37419 11.43396
2453201.37424 8.88368
2453202.37428 9.30036
2453203.37433 6.95743
2453204.37437 8.86676
2453205.37442 7.73769
2453206.37446 8.05781
2453207.37451 7.75334
2453208.37456 7.81876
2453209.37460 6.86663
2453210.37465 8.32237
2453211.37469 8.34398
2453212.37474 11.04916
2453213.37478 11.39025
2453214.37483 12.15199
2453215.37487 12.68554
2453401.38336 12.26805
2453402.38341 13.25134
2453403.38345 13.84309
2453404.38350 12.96851
2453405.38354 12.25382
2453406.38359 13.33271
2453407.38364 12.03816
2453408.38368 11.54831
2453409.38373 10.99753
2453410.38377 9.72183
2453411.38382 9.51060
2453412.38386 9.46613
2453413.38391 10.12844
2453414.38396 9.15388
2453415.38400 9.12651
2453416.38405 11.36605
2453417.38409 9.70273
2453418.38414 11.06428
2453419.38418 9.86878
2453420.38423 13.34383
2453421.38427 11.27485
2453422.38432 13.24679
2453423.38437 12.77053
2453424.38441 11.85957
2453425.38446 12.99237
2453426.38450 12.79594
2453427.38455 13.11154
2453428.38459 13.26744
2453429.38464 11.33149
2453430.38469 11.18705
2453431.38473 11.00592
2453432.38478 8.65047
2453433.38482 7.83343
2453434.38487 9.45020
2453435.38491 8.21700
2453436.38496 7.35445
2453437.38501 10.31617
2453438.38505 9.91408
2453439.38510 11.05604
2453440.38514 9.56086
2453441.38519 11.38509
2453442.38523 13.37437
2453443.38528 10.49926
2453444.38532 11.84831
2453445.38537 14.15828
2453446.38542 14.94921
2453447.38546 14.47850
2453448.38551 11.25283
2453449.38555 11.27711
2453450.38560 10.48189
2453451.38564 8.39751
2453452.38569 11.29395
2453453.38574 8.86485
2453454.38578 10.65010
2453455.38583 9.18631
2453456.38587 9.50890
2453457.38592 8.22328
2453458.38596 8.47853
2453459.38601 8.20093
2453460.38605 9.83386
2453461.38610 12.08687
2453462.38615 11.92551
2453463.38619 10.71128
2453464.38624 13.35701
2453465.38628 13.23834
2453466.38633 12.40322
2453467.38637 11.82177
2453468.38642 12.57886
2453469.38647 12.89800
2453470.38651 13.32761
2453471.38656 11.53822
2453472.38660 11.10389
2453473.38665 10.26917
2453474.38669 10.42722
2453475.38674 8.64083
2453476.38678 8.68764
2453477.38683 9.27124
2453478.38688 10.74978
2453479.38692 8.98430
2453480.38697 10.15535
2453481.38701 9.10752
2453482.38706 11.84390
2453483.38710 13.94866
2453484.38715 9.97384
2453485.38720 13.66793
2453486.38724 15.89264
2453487.38729 12.82316
2453488.38733 12.71500
2453489.38738 11.58447
2453490.38742 12.63506
2453491.38747 12.28735
2453492.38751 10.31852
2453493.38756 10.47776
2453494.38761 10.57122
2453495.38765 7.70503
2453496.38770 9.27037
2453497.38774 6.75773
2453498.38779 8.90232
2453499.38783 8.27246
2453500.38788 8.37735
2453501.38793 11.72530
2453502.38797 8.76880
2453503.38802 10.38849
2453504.38806 12.73503
2453505.38811 12.26712
2453506.38815 11.30745
2453507.38820 11.69382
2453508.38824 13.27041
2453509.38829 12.03636
2453510.38834 13.16530
2453511.38838 11.91566
2453512.38843 11.42117
2453513.38847 10.90703
2453514.38852 10.15947
2453515.38856 11.03719
2453516.38861 8.95153
2453517.38866 7.44182
2453518.38870 8.36302
2453519.38875 7.30306
2453520.38879 7.45174
2453521.38884 8.91240
2453522.38888 10.76008
2453523.38893 10.09716
2453524.38898 10.15366
2453525.38902 13.92942
2453526.38907 12.80635
2453527.38911 12.99452
2453528.38916 12.89807
2453529.38920 13.87068
2453530.38925 13.13005
2453531.38929 12.29807
2453532.38934 12.66385
2453533.38939 11.15755
2453534.38943 9.50416
2453535.38948 10.06495
2453536.38952 10.50401
2453537.38957 8.26013
2453538.38961 7.14340
2453539.38966 7.68903
2453540.38971 8.69209
2453541.38975 9.19345
2453542.38980 9.69388
2453543.38984 8.91977
2453544.38989 9.32319
2453545.38993 12.17703
2453546.38998 10.07333
2453547.39002 11.13983
2453548.39007 11.99119
2453549.39012 14.12012
2453550.39016 12.67892
2453551.39021 11.31161
2453552.39025 12.28215
2453553.39030 11.48631
2453554.39034 8.69555
2453555.39039 11.06468
2453556.39044 8.47130
2453557.39048 9.27726
2453558.39053 7.75643
2453559.39057 8.40555
2453560.39062 8.60361
2453561.39066 8.52679
2453562.39071 8.45235
2453563.39075 8.58786
2453564.39080 10.86344
2453565.39085 13.78848
2453566.39089 10.82947
2453567.39094 10.25787
2453568.39098 13.09602
2453569.39103 12.14396
2453570.39107 12.97426
2453571.39112 15.11669
2453572.39117 12.66336
2453573.39121 12.86479
2453574.39126 11.12242
2453575.39130 9.88289
2453576.39135 11.20359
2453577.39139 8.48788
2453578.39144 8.93971
2453579.39148 8.89393
2453580.39153 7.60787
2453766.40002 7.69832
2453767.40006 7.40831
2453768.40011 6.74629
2453769.40016 7.17530
2453770.40020 7.63783
2453771.40025 9.31753
2453772.40029 6.78744
2453773.40034 9.80328
2453774.40038 11.19059
2453775.40043 11.63853
2453776.40047 11.63049
2453777.40052 11.40305
2453778.40057 13.14725
2453779.40061 9.12527
2453780.40066 11.93420
2453781.40070 11.74013
2453782.40075 9.13630
2453783.40079 9.80262
2453784.40084 7.74968
2453785.40089 7.37587
2453786.40093 7.36655
2453787.40098 7.99942
2453788.40102 6.78284
2453789.40107 6.75673
2453790.40111 7.92501
2453791.40116 8.14169
2453792.40120 9.58375
2453793.40125 8.30451
2453794.40130 8.49819
2453795.40134 12.06715
2453796.40139 8.79794
2453797.40143 10.31039
2453798.40148 9.54173
2453799.40152 11.16523
2453800.40157 10.40028
2453801.40162 8.71026
2453802.40166 8.48407
2453803.40171 9.48301
2453804.40175 8.99717
2453805.40180 8.05027
2453806.40184 5.53413
2453807.40189 6.08901
2453808.40193 6.38873
2453809.40198 6.60266
2453810.40203 6.47423
2453811.40207 7.23216
2453812.40212 7.46426
2453813.40216 7.35885
2453814.40221 9.50712
2453815.40225 9.70406
2453816.40230 11.72681
2453817.40235 10.02302
2453818.40239 10.76516
2453819.40244 10.27644
2453820.40248 9.00070
2453821.40253 12.89557
2453822.40257 11.14930
2453823.40262 8.28644
2453824.40266 9.14778
2453825.40271 7.74591
2453826.40276 6.60298
2453827.40280 5.96451
2453828.40285 6.57034
2453829.40289 6.32474
2453830.40294 6.04126
2453831.40298 7.62945
2453832.40303 6.88782
2453833.40308 7.95332
2453834.40312 7.70220
2453835.40317 9.82552
2453836.40321 9.33824
2453837.40326 11.28110
2453838.40330 9.29209
2453839.40335 11.77777
2453840.40340 9.05383
2453841.40344 10.61225
2453842.40349 8.86015
2453843.40353 10.19119
2453844.40358 9.29318
2453845.40362 8.41270
2453846.40367 8.05677
2453847.40371 7.64936
2453848.40376 5.55279
2453849.40381 5.32579
2453850.40385 6.11710
2453851.40390 6.25554
2453852.40394 6.84770
2453853.40399 7.09120
2453854.40403 7.64388
2453855.40408 8.86840
2453856.40413 9.34069
2453857.40417 9.70627
2453858.40422 8.43436
2453859.40426 10.45631
2453860.40431 8.68164
2453861.40435 12.58143
2453862.40440 9.34408
2453863.40444 9.73394
2453864.40449 9.25819
2453865.40454 7.81121
2453866.40458 7.91966
2453867.40463 6.50754
2453868.40467 5.61769
2453869.40472 6.24339
2453870.40476 5.99841
2453871.40481 6.03693
2453872.40486 6.18710
2453873.40490 6.02126
2453874.40495 6.50616
2453875.40499 5.80058
2453876.40504 6.86203
2453877.40508 10.76819
2453878.40513 9.93277
2453879.40517 10.71006
2453880.40522 9.86159
2453881.40527 9.52666
2453882.40531 9.02511
2453883.40536 8.64095
2453884.40540 9.56637
2453885.40545 8.50893
2453886.40549 7.76913
2453887.40554 6.87867
2453888.40559 6.33011
2453889.40563 6.61182
2453890.40568 6.20766
2453891.40572 4.71326
2453892.40577 5.48060
2453893.40581 5.23842
2453894.40586 5.56351
2453895.40590 5.99498
2453896.40595 6.78471
2453897.40600 7.21185
2453898.40604 8.57927
2453899.40609 9.61030
2453900.40613 9.34183
2453901.40618 7.94240
2453902.40622 8.39297
2453903.40627 10.99471
2453904.40632 10.23361
2453905.40636 8.88422
2453906.40641 6.82301
2453907.40645 5.81804
2453908.40650 5.92944
2453909.40654 6.49894
2453910.40659 5.55866
2453911.40664 4.62577
2453912.40668 5.06509
2453913.40673 5.10838
2453914.40677 4.39044
2453915.40682 6.08523
2453916.40686 6.34379
2453917.40691 8.19541
2453918.40695 8.14332
2453919.40700 8.86009
2453920.40705 9.01053
2453921.40709 10.02846
2453922.40714 9.12252
2453923.40718 10.15358
2453924.40723 9.11000
2453925.40727 8.08076
2453926.40732 8.69488
2453927.40737 7.66347
2453928.40741 6.49683
2453929.40746 6.58976
2453930.40750 6.33546
2453931.40755 5.52557
2453932.40759 4.95954
2453933.40764 4.51821
2453934.40768 4.54635
2453935.40773 5.65327
2453936.40778 5.65139
2453937.40782 6.37367
2453938.40787 5.43979
2453939.40791 6.89746
2453940.40796 8.87705
2453941.40800 9.12472
2453942.40805 9.62640
2453943.40810 9.14481
2453944.40814 9.72704
2453945.40819 7.80225
2454131.41667 7.29301
2454132.41672 6.27338
2454133.41677 5.49024
2454134.41681 5.00145
2454135.41686 4.99066
2454136.41690 3.02080
2454137.41695 3.44968
2454138.41699 2.76774
2454139.41704 2.05101
2454140.41708 2.16727
2454141.41713 2.22968
2454142.41718 2.80600
2454143.41722 3.40852
2454144.41727 4.04139
2454145.41731 4.23368
2454146.41736 5.30186
2454147.41740 6.16048
2454148.41745 5.43022
2454149.41750 7.00406
2454150.41754 6.11336
2454151.41759 6.95838
2454152.41763 6.39401
2454153.41768 5.85908
2454154.41772 5.66312
2454155.41777 5.92197
2454156.41782 4.42910
2454157.41786 3.82822
2454158.41791 2.57272
2454159.41795 2.43187
2454160.41800 2.29879
2454161.41804 1.78982
2454162.41809 2.32295
2454163.41813 2.29122
2454164.41818 3.31187
2454165.41823 4.19712
2454166.41827 4.10093
2454167.41832 4.66133
2454168.41836 5.63679
2454169.41841 6.09035
2454170.41845 6.78931
2454171.41850 7.27243
2454172.41855 6.41883
2454173.41859 6.69767
2454174.41864 6.35488
2454175.41868 4.27453
2454176.41873 4.45910
2454177.41877 4.16424
2454178.41882 2.89439
2454179.41886 2.92879
2454180.41891 1.88711
2454181.41896 1.89744
2454182.41900 2.09650
2454183.41905 1.91797
2454184.41909 2.49109
2454185.41914 3.14145
2454186.41918 4.06355
2454187.41923 5.01871
2454188.41928 3.12749
2454189.41932 6.53435
2454190.41937 5.16182
2454191.41941 6.80118
2454192.41946 6.33348
2454193.41950 5.92735
2454194.41955 6.22504
2454195.41959 5.30767
2454196.41964 5.36036
2454197.41969 4.81875
2454198.41973 3.41196
2454199.41978 2.83251
2454200.41982 2.19176
2454201.41987 2.23641
2454202.41991 2.07497
2454203.41996 1.79124
2454204.42001 1.88265
2454205.42005 2.66204
2454206.42010 3.11942
2454207.42014 3.97155
2454208.42019 4.06626
2454209.42023 4.83547
2454210.42028 5.60252
2454211.42032 5.95526
2454212.42037 6.78578
2454213.42042 5.42473
2454214.42046 5.63901
2454215.42051 5.59520
2454216.42055 5.74003
2454217.42060 4.15172
2454218.42064 2.98465
2454219.42069 3.12455
2454220.42074 2.42964
2454221.42078 1.86391
2454222.42083 1.49955
2454223.42087 1.74291
2454224.42092 1.84990
2454225.42096 1.68404
2454226.42101 2.66898
2454227.42106 2.77184
2454228.42110 3.59119
2454229.42115 4.23126
2454230.42119 4.92099
2454231.42124 6.65244
2454232.42128 4.97161
2454233.42133 6.01349
2454234.42137 5.82530
2454235.42142 5.39919
2454236.42147 5.38855
2454237.42151 5.17193
2454238.42156 3.92270
2454239.42160 2.84887
2454240.42165 2.62029
2454241.42169 2.19790
2454242.42174 1.91660
2454243.42179 1.64705
2454244.42183 1.37284
2454245.42188 1.45462
2454246.42192 1.82651
2454247.42197 2.21833
2454248.42201 2.82602
2454249.42206 3.74223
2454250.42210 3.89012
2454251.42215 5.33119
2454252.42220 5.55841
2454253.42224 6.04162
2454254.42229 5.99588
2454255.42233 5.13350
2454256.42238 5.51701
2454257.42242 4.88029
2454258.42247 3.96981
2454259.42252 3.55978
2454260.42256 3.26775
2454261.42261 2.61232
2454262.42265 2.19371
2454263.42270 1.62780
2454264.42274 1.28345
2454265.42279 1.58761
2454266.42283 1.50159
2454267.42288 1.92795
2454268.42293 2.33813
2454269.42297 3.32633
2454270.42302 3.05421
2454271.42306 4.03227
2454272.42311 4.87317
2454273.42315 5.13521
2454274.42320 5.09716
2454275.42325 6.37312
2454276.42329 5.38778
2454277.42334 5.09887
2454278.42338 5.75317
2454279.42343 4.76379
2454280.42347 3.92432
2454281.42352 3.05078
2454282.42356 2.55537
2454283.42361 1.86712
2454284.42366 1.52578
2454285.42370 0.94574
2454286.42375 1.21203
2454287.42379 1.21248
2454288.42384 1.88084
2454289.42388 2.97931
2454290.42393 3.10677
2454291.42398 4.21824
2454292.42402 3.77927
2454293.42407 5.37784
2454294.42411 5.71480
2454295.42416 5.32312
2454296.42420 5.55208
2454297.42425 5.68204
2454298.42429 5.82158
2454299.42434 4.23153
2454300.42439 3.68797
2454301.42443 3.27592
2454302.42448 2.54084
2454303.42452 1.80807
2454304.42457 1.69399
2454305.42461 1.05359
2454306.42466 1.04912
2454307.42471 1.12102
2454308.42475 1.46380
2454309.42480 1.96974
2454310.42484 2.47090
2454497.43338 2.71983
2454498.43342 3.68032
2454499.43347 3.83909
2454500.43351 4.32845
2454501.43356 4.79041
2454502.43360 5.79878
2454503.43365 5.09449
2454504.43370 5.73748
2454505.43374 4.90177
2454506.43379 4.44485
2454507.43383 4.35099
2454508.43388 3.41566
2454509.43392 3.34065
2454510.43397 2.35558
2454511.43401 1.68235
2454512.43406 1.30212
2454513.43411 1.19578
2454514.43415 1.34315
2454515.43420 1.53314
2454516.43424 1.77898
2454517.43429 2.29490
2454518.43433 3.00206
2454519.43438 3.88619
2454520.43443 4.19602
2454521.43447 4.48503
2454522.43452 5.58868
2454523.43456 5.60202
2454524.43461 6.41523
2454525.43465 5.81969
2454526.43470 5.89200
2454527.43474 4.00071
2454528.43479 3.90671
2454529.43484 3.19781
2454530.43488 2.60902
2454531.43493 1.98790
2454532.43497 1.52630
2454533.43502 1.61958
2454534.43506 1.31462
2454535.43511 1.33241
2454536.43516 1.69956
2454537.43520 2.12278
2454538.43525 2.39926
2454539.43529 3.43732
2454540.43534 3.78654
2454541.43538 4.43967
2454542.43543 5.02472
2454543.43548 6.02703
2454544.43552 4.69982
2454545.43557 5.81598
2454546.43561 4.99295
2454547.43566 6.30684
2454548.43570 4.92727
2454549.43575 4.27317
2454550.43579 3.66450
2454551.43584 2.71432
2454552.43589 1.82943
2454553.43593 1.92683
2454554.43598 1.60842
2454555.43602 1.38090
2454556.43607 1.43985
2454557.43611 2.24612
2454558.43616 2.19170
2454559.43621 2.65456
2454560.43625 3.67724
2454561.43630 4.26068
2454562.43634 5.03014
2454563.43639 5.34593
2454564.43643 5.44173
2454565.43648 5.96711
2454566.43652 5.98715
2454567.43657 6.18345
2454568.43662 5.27528
2454569.43666 5.07162
2454570.43671 4.03762
2454571.43675 2.91546
2454572.43680 2.64595
2454573.43684 2.42589
2454574.43689 1.79908
2454575.43694 1.83048
2454576.43698 1.69891
2454577.43703 1.52338
2454578.43707 2.16787
2454579.43712 2.97487
2454580.43716 3.73401
2454581.43721 4.70559
2454582.43725 4.48716
2454583.43730 5.43293
2454584.43735 6.66358
2454585.43739 6.50835
2454586.43744 5.68275
2454587.43748 6.03584
2454588.43753 6.39387
2454589.43757 5.45139
2454590.43762 4.20275
2454591.43767 4.05658
2454592.43771 3.24242
2454593.43776 2.48675
2454594.43780 2.33656
2454595.43785 1.62942
2454596.43789 1.84371
2454597.43794 1.65501
2454598.43798 1.81763
2454599.43803 2.07558
2454600.43808 3.05907
2454601.43812 3.63112
2454602.43817 4.26234
2454603.43821 5.96064
2454604.43826 5.03834
2454605.43830 6.00370
2454606.43835 5.17408
2454607.43840 6.28386
2454608.43844 6.25514
2454609.43849 6.30861
2454610.43853 6.17101
2454611.43858 6.00764
2454612.43862 4.23349
2454613.43867 3.65331
2454614.43871 2.85600
2454615.43876 2.61994
2454616.43881 1.96612
2454617.43885 1.82016
2454618.43890 1.73329
2454619.43894 2.19309
2454620.43899 3.07903
2454621.43903 3.14698
2454622.43908 4.09078
2454623.43913 3.95659
2454624.43917 5.26704
2454625.43922 6.72422
2454626.43926 7.10552
2454627.43931 6.90624
2454628.43935 6.37693
2454629.43940 6.18323
2454630.43945 4.69686
2454631.43949 4.77132
2454632.43954 4.91203
2454633.43958 3.86344
2454634.43963 3.02370
2454635.43967 2.31818
2454636.43972 2.26868
2454637.43976 1.87657
2454638.43981 2.16354
2454639.43986 2.55069
2454640.43990 2.76516
2454641.43995 2.93275
2454642.43999 3.82252
2454643.44004 3.68574
2454644.44008 4.40399
2454645.44013 5.91289
2454646.44018 6.27279
2454647.44022 6.66684
2454648.44027 7.21883
2454649.44031 7.37604
2454650.44036 6.41055
2454651.44040 5.93411
2454652.44045 6.12192
2454653.44049 4.81192
2454654.44054 4.70287
2454655.44059 3.24498
2454656.44063 2.70853
2454657.44068 2.54834
2454658.44072 2.61204
2454659.44077 2.52261
2454660.44081 3.03169
2454661.44086 2.34506
2454662.44091 3.55902
2454663.44095 3.78407
2454664.44100 5.15300
2454665.44104 5.75864
2454666.44109 6.08560
2454667.44113 5.33648
2454668.44118 7.91999
2454669.44122 6.42903
2454670.44127 6.49545
2454671.44132 7.13063
2454672.44136 6.40667
2454673.44141 5.51016
2454674.44145 5.04729
2454675.44150 3.87252
2454676.44154 3.43050
2454862.45003 6.60739
2454863.45008 5.54780
2454864.45012 5.66387
2454865.45017 5.33825
2454866.45021 4.50236
2454867.45026 4.31900
2454868.45031 5.52621
2454869.45035 5.43801
2454870.45040 6.39396
2454871.45044 8.05769
2454872.45049 8.13316
2454873.45053 8.65336
2454874.45058 9.65074
2454875.45063 10.34855
2454876.45067 10.24058
2454877.45072 9.49735
2454878.45076 9.08593
2454879.45081 7.82405
2454880.45085 9.23300
2454881.45090 7.62577
2454882.45094 7.32697
2454883.45099 5.70372
2454884.45104 6.27486
2454885.45108 5.79207
2454886.45113 5.26424
2454887.45117 5.26765
2454888.45122 5.46745
2454889.45126 5.94990
2454890.45131 6.29129
2454891.45136 6.67713
2454892.45140 7.51580
2454893.45145 7.19797
2454894.45149 8.91489
2454895.45154 9.91630
2454896.45158 9.63804
2454897.45163 8.61662
2454898.45167 7.78153
2454899.45172 8.77318
2454900.45177 9.40318
2454901.45181 7.38919
2454902.45186 7.09477
2454903.45190 6.91559
2454904.45195 6.28097
2454905.45199 5.29102
2454906.45204 5.57792
2454907.45209 5.19760
2454908.45213 6.13129
2454909.45218 6.28589
2454910.45222 6.53184
2454911.45227 6.32856
2454912.45231 7.33063
2454913.45236 8.91991
2454914.45240 9.52774
2454915.45245 9.33875
2454916.45250 10.42226
2454917.45254 8.44706
2454918.45259 11.39654
2454919.45263 11.15895
2454920.45268 9.82886
2454921.45272 9.41690
2454922.45277 7.06865
2454923.45282 7.89847
2454924.45286 6.59632
2454925.45291 5.59732
2454926.45295 6.35016
2454927.45300 6.32714
2454928.45304 5.80872
2454929.45309 6.56429
2454930.45313 7.08433
2454931.45318 6.87584
2454932.45323 6.52186
2454933.45327 8.06924
2454934.45332 9.32958
2454935.45336 8.23801
2454936.45341 8.59317
2454937.45345 10.60717
2454938.45350 9.78995
2454939.45355 10.89742
2454940.45359 10.72677
2454941.45364 8.49038
2454942.45368 8.99036
2454943.45373 8.50104
2454944.45377 8.69573
2454945.45382 7.74655
2454946.45387 8.19055
2454947.45391 7.63457
2454948.45396 6.77235
2454949.45400 6.02968
2454950.45405 5.88113
2454951.45409 6.48864
2454952.45414 6.34839
2454953.45418 7.01684
2454954.45423 7.71775
2454955.45428 8.99112
2454956.45432 8.84180
2454957.45437 9.53987
2454958.45441 10.88691
2454959.45446 8.58256
2454960.45450 11.15732
2454961.45455 10.82439
2454962.45460 12.08847
2454963.45464 9.91616
2454964.45469 9.76905
2454965.45473 9.07651
2454966.45478 7.41725
2454967.45482 7.38694
2454968.45487 7.84844
2454969.45491 6.52698
2454970.45496 6.32571
2454971.45501 5.91092
2454972.45505 8.16743
2454973.45510 6.64677
2454974.45514 8.22357
2454975.45519 7.24145
2454976.45523 9.72181
2454977.45528 8.02593
2454978.45533 10.66310
2454979.45537 12.59458
2454980.45542 11.90114
2454981.45546 9.63253
2454982.45551 10.42865
2454983.45555 11.99999
2454984.45560 10.79090
2454985.45564 9.91739
2454986.45569 7.21457
2454987.45574 7.45193
2454988.45578 7.04145
2454989.45583 7.77403
2454990.45587 6.08765
2454991.45592 6.25451
2454992.45596 5.69306
2454993.45601 6.12004
2454994.45606 7.38805
2454995.45610 8.32603
2454996.45615 8.46890
2454997.45619 10.81211
2454998.45624 11.44737
2454999.45628 11.94179
2455000.45633 10.78585
2455001.45637 10.97981
2455002.45642 11.89598
2455003.45647 12.99762
2455004.45651 9.95050
2455005.45656 9.94687
2455006.45660 8.66395
2455007.45665 9.58154
2455008.45669 8.07701
2455009.45674 7.03909
2455010.45679 6.93195
2455011.45683 6.52580
2455012.45688 6.78296
2455013.45692 7.83287
2455014.45697 6.70785
2455015.45701 7.28931
2455016.45706 9.63705
2455017.45711 9.70210
2455018.45715 9.05677
2455019.45720 11.53935
2455020.45724 12.17822
2455021.45729 10.95888
2455022.45733 11.18260
2455023.45738 8.66105
2455024.45742 10.30739
2455025.45747 8.83611
2455026.45752 10.02851
2455027.45756 9.62501
2455028.45761 9.57969
2455029.45765 8.88379
2455030.45770 8.55124
2455031.45774 6.56571
2455032.45779 6.80576
2455033.45784 6.78745
2455034.45788 6.61727
2455035.45793 7.65620
2455036.45797 8.05065
2455037.45802 8.68662
2455038.45806 10.22846
2455039.45811 8.93399
2455040.45815 8.99272
2455041.45820 10.62110
2455227.46669 12.74960
2455228.46673 11.94569
2455229.46678 13.92426
2455230.46682 12.26672
2455231.46687 11.50152
2455232.46692 10.94833
2455233.46696 10.39126
2455234.46701 10.17632
2455235.46705 11.20375
2455236.46710 8.68923
2455237.46714 10.47067
2455238.46719 10.22976
2455239.46724 9.42037
2455240.46728 9.39573
2455241.46733 8.32286
2455242.46737 9.61721
2455243.46742 9.72872
2455244.46746 10.35258
2455245.46751 11.26019
2455246.46755 11.25096
2455247.46760 11.17151
2455248.46765 12.01651
2455249.46769 13.31958
2455250.46774 14.37391
2455251.46778 12.58421
2455252.46783 13.12188
2455253.46787 9.84341
2455254.46792 8.40040
2455255.46797 12.91226
2455256.46801 10.60252
2455257.46806 9.32541
2455258.46810 10.12040
2455259.46815 7.71601
2455260.46819 8.98989
2455261.46824 9.07727
2455262.46829 9.22373
2455263.46833 10.11342
2455264.46838 10.13628
2455265.46842 12.32639
2455266.46847 10.26194
2455267.46851 12.94330
2455268.46856 13.15728
2455269.46860 12.21057
2455270.46865 14.08482
2455271.46870 14.00809
2455272.46874 14.78832
2455273.46879 13.80135
2455274.46883 8.92561
2455275.46888 10.90866
2455276.46892 11.67462
2455277.46897 9.00470
2455278.46902 10.27754
2455279.46906 8.73202
2455280.46911 8.75594
2455281.46915 9.14371
2455282.46920 7.89119
2455283.46924 8.03957
2455284.46929 9.20148
2455285.46933 10.54296
2455286.46938 11.86785
2455287.46943 10.62344
2455288.46947 14.09525
2455289.46952 12.31113
2455290.46956 14.39184
2455291.46961 15.88814
2455292.46965 13.85731
2455293.46970 9.02040
2455294.46975 12.01614
2455295.46979 12.64437
2455296.46984 13.59958
2455297.46988 11.77844
2455298.46993 8.36548
2455299.46997 8.50810
2455300.47002 9.42076
2455301.47006 9.41346
2455302.47011 9.22629
2455303.47016 8.86361
2455304.47020 8.93582
2455305.47025 9.96258
2455306.47029 10.61918
2455307.47034 12.54166
2455308.47038 9.74915
2455309.47043 10.87905
2455310.47048 12.78835
2455311.47052 10.74140
2455312.47057 14.29856
2455313.47061 12.02669
2455314.47066 10.76353
2455315.47070 11.78865
2455316.47075 11.93535
2455317.47079 10.16424
2455318.47084 11.38248
2455319.47089 8.66019
2455320.47093 9.91761
2455321.47098 8.43991
2455322.47102 7.56351
2455323.47107 7.86277
2455324.47111 9.27403
2455325.47116 9.98655
2455326.47121 10.26738
2455327.47125 10.88739
2455328.47130 11.92674
2455329.47134 11.43637
2455330.47139 13.60203
2455331.47143 15.20799
2455332.47148 11.78559
2455333.47153 12.63098
2455334.47157 14.47297
2455335.47162 12.80449
2455336.47166 13.66453
2455337.47171 12.35543
2455338.47175 13.05169
2455339.47180 11.55407
2455340.47184 9.15054
2455341.47189 8.83751
2455342.47194 7.94690
2455343.47198 8.75999
2455344.47203 8.04801
2455345.47207 9.72021
2455346.47212 9.58827
2455347.47216 10.22064
2455348.47221 11.20947
2455349.47226 13.31491
2455350.47230 10.14341
2455351.47235 14.14014
2455352.47239 13.75793
2455353.47244 14.00412
2455354.47248 14.12242
2455355.47253 15.59860
2455356.47257 12.83842
2455357.47262 12.40431
2455358.47267 12.00462
2455359.47271 11.00575
2455360.47276 9.83850
2455361.47280 9.99372
2455362.47285 9.01190
2455363.47289 9.23602
2455364.47294 9.91536
2455365.47299 9.34464
2455366.47303 9.44320
2455367.47308 9.47854
2455368.47312 8.74069
2455369.47317 13.11371
2455370.47321 11.81285
2455371.47326 12.46965
2455372.47330 13.82480
2455373.47335 14.63001
2455374.47340 13.79501
2455375.47344 13.86272
2455376.47349 12.02678
2455377.47353 14.42913
2455378.47358 13.81456
2455379.47362 9.51175
2455380.47367 10.79629
2455381.47372 10.10350
2455382.47376 9.14847
2455383.47381 8.30161
2455384.47385 8.14154
2455385.47390 8.54559
2455386.47394 9.41691
2455387.47399 7.58669
2455388.47403 9.83394
2455389.47408 9.72210
2455390.47413 10.89021
2455391.47417 9.52553
2455392.47422 11.37691
2455393.47426 13.45811
2455394.47431 12.80288
2455395.47435 13.32186
2455396.47440 12.95045
2455397.47445 11.53907
2455398.47449 8.71705
2455399.47454 10.00865
2455400.47458 13.49269
2455401.47463 10.95790
2455402.47467 8.99334
2455403.47472 8.76741
2455404.47476 9.16818
2455405.47481 9.28775
2455406.47486 8.05572
2455592.48334 6.86115
2455593.48339 8.43933
2455594.48344 8.52610
2455595.48348 8.99316
2455596.48353 9.47163
2455597.48357 9.60032
2455598.48362 9.94048
2455599.48366 10.31090
2455600.48371 11.11215
2455601.48375 9.95911
2455602.48380 10.26749
2455603.48385 12.85283
2455604.48389 14.04016
2455605.48394 12.98230
2455606.48398 12.44273
2455607.48403 9.28200
2455608.48407 9.61053
2455609.48412 7.14714
2455610.48417 7.84551
2455611.48421 7.07674
2455612.48426 7.74970
2455613.48430 6.48311
2455614.48435 6.97008
2455615.48439 8.04501
2455616.48444 8.45320
2455617.48448 8.04187
2455618.48453 9.02675
2455619.48458 9.98237
2455620.48462 10.89970
2455621.48467 10.76600
2455622.48471 11.15363
2455623.48476 12.11054
2455624.48480 12.99322
2455625.48485 11.04532
2455626.48490 10.28570
2455627.48494 12.23428
2455628.48499 8.44894
2455629.48503 7.33512
2455630.48508 6.65205
2455631.48512 6.69711
2455632.48517 7.43556
2455633.48521 7.46108
2455634.48526 6.88687
2455635.48531 6.25736
2455636.48535 6.77473
2455637.48540 7.70665
2455638.48544 10.55220
2455639.48549 8.22272
2455640.48553 9.22690
2455641.48558 10.27939
2455642.48563 11.36769
2455643.48567 11.34641
2455644.48572 9.57362
2455645.48576 9.98294
2455646.48581 9.35635
2455647.48585 10.02678
2455648.48590 9.25795
2455649.48595 8.70663
2455650.48599 7.68046
2455651.48604 6.70517
2455652.48608 6.76041
2455653.48613 7.77977
2455654.48617 6.36667
2455655.48622 6.62875
2455656.48626 6.81131
2455657.48631 6.65275
2455658.48636 7.24814
2455659.48640 7.67588
2455660.48645 10.34075
2455661.48649 9.45466
2455662.48654 8.16884
2455663.48658 10.93351
2455664.48663 10.82100
2455665.48668 11.27299
2455666.48672 9.79346
2455667.48677 11.19291
2455668.48681 9.89036
2455669.48686 9.63765
2455670.48690 11.26941
2455671.48695 6.80384
2455672.48699 8.19560
2455673.48704 7.51627
2455674.48709 5.85238
2455675.48713 6.33274
2455676.48718 4.72649
2455677.48722 8.02067
2455678.48727 8.12867
2455679.48731 7.03233
2455680.48736 7.85253
2455681.48741 9.86021
2455682.48745 8.93201
2455683.48750 8.89151
2455684.48754 11.12310
2455685.48759 10.99813
2455686.48763 11.21414
2455687.48768 10.60334
2455688.48772 9.40892
2455689.48777 9.81084
2455690.48782 7.09479
2455691.48786 6.75279
2455692.48791 7.13088
2455693.48795 6.89529
2455694.48800 7.14890
2455695.48804 6.02891
2455696.48809 5.78055
2455697.48814 7.06299
2455698.48818 6.87954
2455699.48823 7.56618
2455700.48827 8.48172
2455701.48832 7.39635
2455702.48836 9.51256
2455703.48841 9.00648
2455704.48845 8.78185
2455705.48850 10.15862
2455706.48855 9.36258
2455707.48859 11.76912
2455708.48864 10.46096
2455709.48868 8.72588
2455710.48873 8.40008
2455711.48877 8.46142
2455712.48882 7.46900
2455713.48887 6.38462
2455714.48891 5.64823
2455715.48896 6.72973
2455716.48900 7.07814
2455717.48905 5.40847
2455718.48909 4.58262
2455719.48914 8.09086
2455720.48918 7.55271
2455721.48923 6.73015
2455722.48928 9.36041
2455723.48932 9.12457
2455724.48937 10.08231
2455725.48941 8.83357
2455726.48946 11.13744
2455727.48950 11.26821
2455728.48955 7.69105
2455729.48960 10.59099
2455730.48964 9.83961
2455731.48969 6.26033
2455732.48973 8.13383
2455733.48978 7.64678
2455734.48982 6.11440
2455735.48987 4.74812
2455736.48992 6.42801
2455737.48996 5.78494
2455738.49001 5.94052
2455739.49005 6.00821
2455740.49010 5.70085
2455741.49014 4.88044
2455742.49019 7.51726
2455743.49023 7.59976
2455744.49028 7.82858
2455745.49033 6.70796
2455746.49037 10.97253
2455747.49042 11.20152
2455748.49046 10.10976
2455749.49051 9.84798
2455750.49055 8.29177
2455751.49060 7.50886
2455752.49065 8.57144
2455753.49069 6.88895
2455754.49074 5.82670
2455755.49078 6.38306
2455756.49083 5.69752
2455757.49087 5.56091
2455758.49092 4.96672
2455759.49096 6.04847
2455760.49101 5.63176
2455761.49106 6.14006
2455762.49110 7.93342
2455763.49115 7.58307
2455764.49119 7.52212
2455765.49124 7.77524
2455766.49128 8.50246
2455767.49133 8.23856
2455768.49138 9.88147
2455769.49142 8.19779
2455770.49147 8.84112
2455771.49151 9.87330
2455957.50000 6.87759
