2445000.00000 2.10724
2445001.00005 2.08695
2445002.00009 2.63699
2445003.00014 2.49330
2445004.00018 2.93970
2445005.00023 3.19077
2445006.00027 3.70164
2445007.00032 4.16485
2445008.00037 4.32215
2445009.00041 5.92970
2445010.00046 5.77467
2445011.00050 5.03629
2445012.00055 6.38121
2445013.00059 6.60787
2445014.00064 5.30309
2445015.00068 4.94663
2445016.00073 6.53676
2445017.00078 6.37923
2445018.00082 4.86719
2445019.00087 6.51659
2445020.00091 6.36593
2445021.00096 5.80841
2445022.00100 6.93362
2445023.00105 5.61319
2445024.00110 5.24201
2445025.00114 5.14078
2445026.00119 4.14141
2445027.00123 4.02699
2445028.00128 2.91347
2445029.00132 3.82737
2445030.00137 3.61870
2445031.00141 3.04139
2445032.00146 2.67659
2445033.00151 2.29589
2445034.00155 2.35468
2445035.00160 1.78954
2445036.00164 1.78156
2445037.00169 1.62328
2445038.00173 1.22827
2445039.00178 1.49450
2445040.00183 1.27356
2445041.00187 1.43470
2445042.00192 1.62877
2445043.00196 2.07828
2445044.00201 1.92828
2445045.00205 2.42642
2445046.00210 2.23607
2445047.00214 2.92469
2445048.00219 3.16805
2445049.00224 4.15194
2445050.00228 3.73985
2445051.00233 3.70684
2445052.00237 4.53023
2445053.00242 4.73924
2445054.00246 5.46908
2445055.00251 6.33008
2445056.00256 5.60213
2445057.00260 6.17790
2445058.00265 6.00946
2445059.00269 6.43498
2445060.00274 5.52843
2445061.00278 6.06275
2445062.00283 6.53566
2445063.00287 5.36677
2445064.00292 5.50585
2445065.00297 5.31505
2445066.00301 4.30863
2445067.00306 5.08338
2445068.00310 4.14219
2445069.00315 4.01047
2445070.00319 3.88120
2445071.00324 3.51700
2445072.00329 2.56656
2445073.00333 2.66881
2445074.00338 2.45407
2445075.00342 1.80749
2445076.00347 1.80675
2445077.00351 1.51469
2445078.00356 1.34637
2445079.00361 1.26321
2445080.00365 0.99856
2445081.00370 0.98128
2445082.00374 1.25879
2445083.00379 1.18703
2445084.00383 1.17445
2445085.00388 1.54673
2445086.00392 1.79386
2445087.00397 2.14381
2445088.00402 2.31038
2445089.00406 3.21436
2445090.00411 2.81238
2445091.00415 2.77908
2445092.00420 3.25024
2445093.00424 3.85539
2445094.00429 4.71299
2445095.00434 4.71211
2445096.00438 5.26919
2445097.00443 4.97759
2445098.00447 5.76488
2445099.00452 4.78670
2445100.00456 5.88302
2445101.00461 6.18738
2445102.00465 5.29112
2445103.00470 6.73882
2445104.00475 4.58886
2445105.00479 5.86836
2445106.00484 5.70859
2445107.00488 4.57477
2445108.00493 4.86290
2445109.00497 4.00908
2445110.00502 4.15504
2445111.00507 3.58848
2445112.00511 3.29674
2445113.00516 2.75174
2445114.00520 2.40997
2445115.00525 2.03947
2445116.00529 2.00930
2445117.00534 1.86313
2445118.00538 1.64935
2445119.00543 1.23938
2445120.00548 0.97117
2445121.00552 0.94806
2445122.00557 0.83464
2445123.00561 0.77806
2445124.00566 1.03042
2445125.00570 1.06362
2445126.00575 1.04425
2445127.00580 1.46394
2445128.00584 1.67623
2445129.00589 1.69550
2445130.00593 2.20423
2445131.00598 2.51317
2445132.00602 2.13308
2445133.00607 2.78680
2445134.00611 3.99949
2445135.00616 3.67301
2445136.00621 4.54536
2445137.00625 5.18569
2445138.00630 3.86870
2445139.00634 5.94214
2445140.00639 5.22019
2445141.00643 5.66771
2445142.00648 6.62509
2445143.00653 6.12700
2445144.00657 5.47250
2445145.00662 5.20632
2445146.00666 5.13319
2445147.00671 4.90449
2445148.00675 5.60350
2445149.00680 4.96442
2445150.00684 4.50092
2445151.00689 3.98800
2445152.00694 3.99511
2445153.00698 2.72360
2445154.00703 3.53742
2445155.00707 2.54001
2445156.00712 2.03414
2445157.00716 2.12324
2445158.00721 1.76575
2445159.00726 1.29338
2445160.00730 1.19839
2445161.00735 0.94354
2445162.00739 0.73305
2445163.00744 0.50768
2445164.00748 0.56998
2445165.00753 0.57433
2445166.00758 0.62387
2445167.00762 0.73104
2445168.00767 0.99901
2445169.00771 1.00319
2445170.00776 1.57182
2445171.00780 1.68966
2445172.00785 1.85105
2445173.00789 2.29726
2445174.00794 2.77849
2445175.00799 3.53355
2445176.00803 3.69422
2445177.00808 4.24811
2445178.00812 4.10428
2445179.00817 4.34070
2445366.01670 1.72433
2445367.01675 1.12567
2445368.01679 0.81392
2445369.01684 0.57943
2445370.01688 0.43518
2445371.01693 0.24482
2445372.01698 0.18196
2445373.01702 0.13944
2445374.01707 0.16002
2445375.01711 0.18156
2445376.01716 0.27415
2445377.01720 0.49341
2445378.01725 0.72609
2445379.01729 0.88716
2445380.01734 1.11973
2445381.01739 1.69549
2445382.01743 1.91368
2445383.01748 2.52878
2445384.01752 2.33709
2445385.01757 3.04477
2445386.01761 4.01030
2445387.01766 3.66252
2445388.01771 3.84922
2445389.01775 4.76586
2445390.01780 5.16940
2445391.01784 4.49836
2445392.01789 4.67184
2445393.01793 5.48039
2445394.01798 5.23596
2445395.01803 5.23108
2445396.01807 5.11511
2445397.01812 4.84812
2445398.01816 5.16931
2445399.01821 5.09895
2445400.01825 3.78077
2445401.01830 4.26433
2445402.01834 3.57442
2445403.01839 2.82527
2445404.01844 2.61453
2445405.01848 2.41122
2445406.01853 2.37820
2445407.01857 1.61244
2445408.01862 1.20165
2445409.01866 1.12885
2445410.01871 0.84503
2445411.01876 0.72541
2445412.01880 0.48046
2445413.01885 0.35477
2445414.01889 0.23694
2445415.01894 0.19041
2445416.01898 0.27420
2445417.01903 0.30384
2445418.01907 0.48607
2445419.01912 0.61679
2445420.01917 0.92753
2445421.01921 1.17572
2445422.01926 1.46569
2445423.01930 1.85477
2445424.01935 2.08434
2445425.01939 2.07646
2445426.01944 2.95819
2445427.01949 3.61472
2445428.01953 3.58333
2445429.01958 3.81197
2445430.01962 4.35475
2445431.01967 4.96056
2445432.01971 4.61827
2445433.01976 4.20152
2445434.01980 5.15816
2445435.01985 5.35144
2445436.01990 5.28411
2445437.01994 4.91315
2445438.01999 5.25941
2445439.02003 4.84231
2445440.02008 4.56575
2445441.02012 4.41665
2445442.02017 4.35230
2445443.02022 4.08734
2445444.02026 3.45846
2445445.02031 3.36151
2445446.02035 3.04621
2445447.02040 2.71195
2445448.02044 2.31440
2445449.02049 2.10240
2445450.02053 1.63815
2445451.02058 1.48139
2445452.02063 1.07030
2445453.02067 0.82219
2445454.02072 0.50089
2445455.02076 0.47821
2445456.02081 0.40307
2445457.02085 0.35169
2445458.02090 0.31051
2445459.02095 0.37000
2445460.02099 0.60940
2445461.02104 0.77684
2445462.02108 0.90219
2445463.02113 1.39144
2445464.02117 1.46524
2445465.02122 1.66043
2445466.02126 2.83639
2445467.02131 2.85873
2445468.02136 2.96270
2445469.02140 2.97317
2445470.02145 3.47842
2445471.02149 3.89087
2445472.02154 4.21098
2445473.02158 4.56904
2445474.02163 4.36376
2445475.02168 4.68039
2445476.02172 4.35834
2445477.02177 4.27820
2445478.02181 4.53334
2445479.02186 4.99726
2445480.02190 5.07216
2445481.02195 5.32946
2445482.02200 5.10614
2445483.02204 4.95909
2445484.02209 4.25993
2445485.02213 4.35475
2445486.02218 2.94928
2445487.02222 3.60781
2445488.02227 3.02845
2445489.02231 2.93399
2445490.02236 1.69738
2445491.02241 2.15559
2445492.02245 1.38521
2445493.02250 1.51510
2445494.02254 1.01388
2445495.02259 0.93110
2445496.02263 0.72146
2445497.02268 0.67454
2445498.02273 0.55898
2445499.02277 0.62946
2445500.02282 0.55010
2445501.02286 0.62390
2445502.02291 0.79561
2445503.02295 1.12220
2445504.02300 1.39177
2445505.02304 1.38628
2445506.02309 1.74876
2445507.02314 2.32100
2445508.02318 2.94494
2445509.02323 2.78124
2445510.02327 2.88519
2445511.02332 4.10668
2445512.02336 3.37021
2445513.02341 4.65160
2445514.02346 3.69034
2445515.02350 4.91448
2445516.02355 5.01048
2445517.02359 4.94625
2445518.02364 6.27707
2445519.02368 5.50819
2445520.02373 5.47300
2445521.02377 5.38168
2445522.02382 5.00951
2445523.02387 6.24155
2445524.02391 4.88813
2445525.02396 5.73563
2445526.02400 4.18236
2445527.02405 4.25513
2445528.02409 3.72439
2445529.02414 3.27261
2445530.02419 3.13637
2445531.02423 3.30634
2445532.02428 2.79922
2445533.02432 2.14644
2445534.02437 1.57654
2445535.02441 1.59155
2445536.02446 1.22660
2445537.02450 0.98609
2445538.02455 0.99532
2445539.02460 0.72476
2445540.02464 0.78894
2445541.02469 0.82079
2445542.02473 0.90160
2445543.02478 0.83694
2445544.02482 1.31420
2445545.02487 1.37558
2445731.03336 7.08038
2445732.03340 6.01613
2445733.03345 6.19044
2445734.03349 6.27970
2445735.03354 6.22231
2445736.03359 6.13952
2445737.03363 5.40624
2445738.03368 6.02104
2445739.03372 4.71456
2445740.03377 4.63109
2445741.03381 4.67038
2445742.03386 3.64452
2445743.03391 3.05871
2445744.03395 3.12713
2445745.03400 3.29399
2445746.03404 2.83472
2445747.03409 2.84086
2445748.03413 2.21999
2445749.03418 2.10072
2445750.03422 2.65753
2445751.03427 2.66173
2445752.03432 2.43908
2445753.03436 2.52362
2445754.03441 3.01459
2445755.03445 3.30771
2445756.03450 3.17569
2445757.03454 3.91767
2445758.03459 3.67158
2445759.03464 4.36676
2445760.03468 4.37689
2445761.03473 5.35937
2445762.03477 5.41635
2445763.03482 6.97204
2445764.03486 6.66810
2445765.03491 5.87791
2445766.03495 7.67174
2445767.03500 7.10357
2445768.03505 7.97939
2445769.03509 6.55811
2445770.03514 8.05817
2445771.03518 9.17391
2445772.03523 8.00718
2445773.03527 7.02107
2445774.03532 8.15753
2445775.03537 6.62777
2445776.03541 7.20718
2445777.03546 8.08096
2445778.03550 5.92093
2445779.03555 6.25767
2445780.03559 6.72920
2445781.03564 5.76291
2445782.03568 5.23814
2445783.03573 3.64603
2445784.03578 3.80249
2445785.03582 4.24088
2445786.03587 3.51374
2445787.03591 3.22105
2445788.03596 3.57223
2445789.03600 3.25209
2445790.03605 2.71243
2445791.03610 3.13895
2445792.03614 2.64896
2445793.03619 2.52327
2445794.03623 3.22487
2445795.03628 2.88995
2445796.03632 3.07881
2445797.03637 3.39929
2445798.03642 4.15549
2445799.03646 4.76794
2445800.03651 4.63325
2445801.03655 4.52141
2445802.03660 4.89567
2445803.03664 4.97576
2445804.03669 6.71208
2445805.03673 6.01069
2445806.03678 7.09057
2445807.03683 5.91343
2445808.03687 8.43062
2445809.03692 7.67518
2445810.03696 6.60857
2445811.03701 7.46991
2445812.03705 8.15418
2445813.03710 7.29432
2445814.03715 8.24097
2445815.03719 8.84874
2445816.03724 8.38738
2445817.03728 7.45646
2445818.03733 8.26349
2445819.03737 7.07747
2445820.03742 6.54263
2445821.03746 6.22721
2445822.03751 5.99183
2445823.03756 5.82613
2445824.03760 4.75707
2445825.03765 5.43799
2445826.03769 5.14926
2445827.03774 5.31113
2445828.03778 3.29897
2445829.03783 3.77063
2445830.03788 3.28549
2445831.03792 3.66180
2445832.03797 3.76663
2445833.03801 3.33890
2445834.03806 3.24873
2445835.03810 3.26704
2445836.03815 3.49896
2445837.03819 3.89444
2445838.03824 4.13137
2445839.03829 4.89576
2445840.03833 4.49188
2445841.03838 5.35259
2445842.03842 4.79482
2445843.03847 4.92201
2445844.03851 6.62462
2445845.03856 6.65983
2445846.03861 6.40736
2445847.03865 6.45608
2445848.03870 7.07754
2445849.03874 7.88566
2445850.03879 8.08909
2445851.03883 6.98325
2445852.03888 7.25995
2445853.03892 8.53248
2445854.03897 8.95737
2445855.03902 7.78459
2445856.03906 7.19409
2445857.03911 8.29457
2445858.03915 6.31233
2445859.03920 7.57722
2445860.03924 8.08086
2445861.03929 7.15495
2445862.03934 5.91541
2445863.03938 7.67897
2445864.03943 6.32304
2445865.03947 6.08440
2445866.03952 6.09673
2445867.03956 5.16523
2445868.03961 4.80067
2445869.03966 5.20917
2445870.03970 4.01906
2445871.03975 4.53505
2445872.03979 3.52856
2445873.03984 3.57083
2445874.03988 3.88740
2445875.03993 4.29488
2445876.03997 3.85017
2445877.04002 3.34121
2445878.04007 4.31564
2445879.04011 3.88763
2445880.04016 4.74533
2445881.04020 4.87956
2445882.04025 4.29880
2445883.04029 5.59529
2445884.04034 5.05181
2445885.04039 6.96846
2445886.04043 5.49248
2445887.04048 6.78218
2445888.04052 6.56778
2445889.04057 8.66733
2445890.04061 6.68437
2445891.04066 10.09629
2445892.04070 8.12153
2445893.04075 8.13147
2445894.04080 9.43626
2445895.04084 8.81779
2445896.04089 8.12681
2445897.04093 8.18315
2445898.04098 8.34701
2445899.04102 8.05472
2445900.04107 9.16247
2445901.04112 8.32239
2445902.04116 8.35666
2445903.04121 7.36684
2445904.04125 7.83789
2445905.04130 6.53167
2445906.04134 6.04879
2445907.04139 5.98196
2445908.04143 6.79606
2445909.04148 5.28461
2445910.04153 5.00704
2446096.05001 8.81285
2446097.05006 8.86682
2446098.05010 8.30999
2446099.05015 8.49772
2446100.05020 10.65631
2446101.05024 8.94457
2446102.05029 11.25698
2446103.05033 9.99420
2446104.05038 8.11627
2446105.05042 11.29224
2446106.05047 11.43262
2446107.05052 11.11929
2446108.05056 9.89422
2446109.05061 9.83598
2446110.05065 9.51953
2446111.05070 9.00767
2446112.05074 9.67142
2446113.05079 8.89343
2446114.05084 8.32663
2446115.05088 7.77652
2446116.05093 8.12749
2446117.05097 8.62021
2446118.05102 7.39125
2446119.05106 6.03328
2446120.05111 6.66542
2446121.05115 6.72854
2446122.05120 6.63838
2446123.05125 6.33415
2446124.05129 5.97751
2446125.05134 7.40657
2446126.05138 5.11846
2446127.05143 6.72018
2446128.05147 6.27106
2446129.05152 7.48468
2446130.05157 5.37333
2446131.05161 7.52701
2446132.05166 7.91969
2446133.05170 7.00745
2446134.05175 6.82616
2446135.05179 9.48122
2446136.05184 7.51718
2446137.05188 9.46351
2446138.05193 10.27201
2446139.05198 9.14216
2446140.05202 9.46432
2446141.05207 11.68364
2446142.05211 9.88661
2446143.05216 9.84650
2446144.05220 7.74598
2446145.05225 11.94437
2446146.05230 10.41309
2446147.05234 11.68778
2446148.05239 10.64696
2446149.05243 12.14948
2446150.05248 12.03238
2446151.05252 9.35413
2446152.05257 9.68275
2446153.05261 10.45421
2446154.05266 10.92021
2446155.05271 9.34434
2446156.05275 9.07877
2446157.05280 8.82338
2446158.05284 7.44711
2446159.05289 7.44981
2446160.05293 7.32156
2446161.05298 7.85238
2446162.05303 8.07436
2446163.05307 5.98981
2446164.05312 6.83547
2446165.05316 6.34392
2446166.05321 5.78651
2446167.05325 5.45084
2446168.05330 6.15965
2446169.05334 5.71472
2446170.05339 6.40218
2446171.05344 5.69232
2446172.05348 5.80874
2446173.05353 7.50561
2446174.05357 7.20121
2446175.05362 7.50904
2446176.05366 7.33521
2446177.05371 8.70136
2446178.05376 8.30504
2446179.05380 9.51981
2446180.05385 8.78136
2446181.05389 8.53485
2446182.05394 9.15955
2446183.05398 10.60585
2446184.05403 9.40471
2446185.05408 12.58464
2446186.05412 9.35209
2446187.05417 10.78099
2446188.05421 12.32194
2446189.05426 11.33595
2446190.05430 10.58914
2446191.05435 12.12875
2446192.05439 9.73018
2446193.05444 10.22312
2446194.05449 8.62017
2446195.05453 10.88555
2446196.05458 10.23046
2446197.05462 9.87541
2446198.05467 9.11108
2446199.05471 8.69973
2446200.05476 8.35384
2446201.05481 8.14821
2446202.05485 7.66398
2446203.05490 6.57228
2446204.05494 5.38839
2446205.05499 8.11132
2446206.05503 6.08167
2446207.05508 6.23286
2446208.05512 6.93113
2446209.05517 6.39134
2446210.05522 5.29996
2446211.05526 5.51447
2446212.05531 6.91157
2446213.05535 6.90382
2446214.05540 6.37825
2446215.05544 6.95060
2446216.05549 7.29906
2446217.05554 7.78191
2446218.05558 8.27491
2446219.05563 7.98092
2446220.05567 9.28300
2446221.05572 9.58325
2446222.05576 10.22876
2446223.05581 10.50619
2446224.05585 10.82700
2446225.05590 9.89474
2446226.05595 10.48651
2446227.05599 9.90494
2446228.05604 11.20790
2446229.05608 10.20619
2446230.05613 11.67359
2446231.05617 12.48582
2446232.05622 11.09142
2446233.05627 10.38733
2446234.05631 11.35470
2446235.05636 11.70605
2446236.05640 9.58380
2446237.05645 10.18515
2446238.05649 10.05436
2446239.05654 9.14365
2446240.05658 9.51003
2446241.05663 7.25822
2446242.05668 8.59991
2446243.05672 9.38488
2446244.05677 8.04548
2446245.05681 7.33235
2446246.05686 6.16830
2446247.05690 6.54617
2446248.05695 6.78243
2446249.05700 6.48819
2446250.05704 5.54811
2446251.05709 6.44121
2446252.05713 5.75541
2446253.05718 5.99554
2446254.05722 7.06173
2446255.05727 6.49234
2446256.05731 6.42496
2446257.05736 6.42701
2446258.05741 6.89456
2446259.05745 7.33402
2446260.05750 8.79655
2446261.05754 8.43824
2446262.05759 9.89984
2446263.05763 8.12923
2446264.05768 10.79782
2446265.05773 9.75573
2446266.05777 9.98785
2446267.05782 10.25158
2446268.05786 13.17176
2446269.05791 10.42087
2446270.05795 13.38894
2446271.05800 12.15527
2446272.05805 9.99043
2446273.05809 10.14006
2446274.05814 11.36509
2446275.05818 11.14394
2446461.06667 5.74194
2446462.06672 5.71285
2446463.06676 7.09736
2446464.06681 6.40347
2446465.06685 6.82120
2446466.06690 6.84535
2446467.06694 7.08464
2446468.06699 8.96093
2446469.06703 8.15614
2446470.06708 10.19368
2446471.06713 9.09123
2446472.06717 8.22352
2446473.06722 10.28871
2446474.06726 9.41332
2446475.06731 11.29027
2446476.06735 9.39347
2446477.06740 8.67916
2446478.06745 10.61620
2446479.06749 12.21920
2446480.06754 10.07138
2446481.06758 11.41453
2446482.06763 10.04710
2446483.06767 11.71274
2446484.06772 10.19152
2446485.06776 10.68101
2446486.06781 9.84001
2446487.06786 9.17008
2446488.06790 7.76428
2446489.06795 8.07468
2446490.06799 8.67884
2446491.06804 8.94320
2446492.06808 9.70181
2446493.06813 7.40561
2446494.06818 6.97466
2446495.06822 6.16346
2446496.06827 7.36707
2446497.06831 6.87250
2446498.06836 6.53464
2446499.06840 6.26183
2446500.06845 5.68047
2446501.06850 6.58857
2446502.06854 5.30800
2446503.06859 5.49163
2446504.06863 5.23716
2446505.06868 5.87129
2446506.06872 5.64262
2446507.06877 5.93403
2446508.06881 5.79929
2446509.06886 6.22347
2446510.06891 6.04636
2446511.06895 7.81962
2446512.06900 7.22516
2446513.06904 9.60260
2446514.06909 9.44783
2446515.06913 9.04251
2446516.06918 9.84109
2446517.06923 10.43941
2446518.06927 9.39495
2446519.06932 9.90866
2446520.06936 11.40998
2446521.06941 11.62771
2446522.06945 9.70692
2446523.06950 12.96780
2446524.06954 9.09631
2446525.06959 8.05156
2446526.06964 12.07586
2446527.06968 10.85259
2446528.06973 10.06645
2446529.06977 10.38815
2446530.06982 8.66940
2446531.06986 7.40588
2446532.06991 8.21863
2446533.06996 7.66028
2446534.07000 7.08160
2446535.07005 7.03463
2446536.07009 6.70558
2446537.07014 6.46376
2446538.07018 6.71667
2446539.07023 6.53578
2446540.07027 6.12939
2446541.07032 4.29449
2446542.07037 5.04237
2446543.07041 4.96805
2446544.07046 6.14256
2446545.07050 5.03809
2446546.07055 4.52064
2446547.07059 6.09932
2446548.07064 5.93687
2446549.07069 7.64139
2446550.07073 5.48991
2446551.07078 6.52247
2446552.07082 6.26835
2446553.07087 6.57995
2446554.07091 7.06469
2446555.07096 7.17500
2446556.07100 8.57483
2446557.07105 8.81899
2446558.07110 9.06007
2446559.07114 10.57606
2446560.07119 10.18628
2446561.07123 10.69357
2446562.07128 10.20636
2446563.07132 10.48363
2446564.07137 11.19112
2446565.07142 9.08528
2446566.07146 9.55093
2446567.07151 10.20011
2446568.07155 10.02125
2446569.07160 8.39339
2446570.07164 10.26969
2446571.07169 10.59400
2446572.07173 10.16517
2446573.07178 8.00627
2446574.07183 8.94086
2446575.07187 7.54960
2446576.07192 7.54257
2446577.07196 7.90226
2446578.07201 7.66532
2446579.07205 6.13783
2446580.07210 5.79535
2446581.07215 6.71421
2446582.07219 5.55061
2446583.07224 3.79471
2446584.07228 5.51894
2446585.07233 4.78743
2446586.07237 5.03045
2446587.07242 5.51501
2446588.07247 4.31140
2446589.07251 5.83973
2446590.07256 4.76017
2446591.07260 5.40641
2446592.07265 6.30426
2446593.07269 5.62381
2446594.07274 5.91497
2446595.07278 7.32783
2446596.07283 7.84344
2446597.07288 7.67163
2446598.07292 8.67173
2446599.07297 11.93414
2446600.07301 7.51156
2446601.07306 7.07509
2446602.07310 10.42341
2446603.07315 8.44959
2446604.07320 10.10826
2446605.07324 10.46120
2446606.07329 9.88881
2446607.07333 10.20476
2446608.07338 11.56776
2446609.07342 9.17642
2446610.07347 10.84623
2446611.07351 8.17957
2446612.07356 9.48393
2446613.07361 9.30503
2446614.07365 8.48578
2446615.07370 8.99917
2446616.07374 7.87140
2446617.07379 7.70978
2446618.07383 6.58406
2446619.07388 6.04313
2446620.07393 5.70667
2446621.07397 5.65438
2446622.07402 4.98722
2446623.07406 6.47158
2446624.07411 5.06748
2446625.07415 5.04667
2446626.07420 4.35981
2446627.07424 5.84472
2446628.07429 4.71219
2446629.07434 4.58638
2446630.07438 4.71912
2446631.07443 5.00262
2446632.07447 5.14241
2446633.07452 4.79493
2446634.07456 6.31665
2446635.07461 5.44195
2446636.07466 6.97945
2446637.07470 5.90125
2446638.07475 7.29015
2446639.07479 6.75515
2446640.07484 7.30536
2446827.08337 5.35410
2446828.08342 5.29433
2446829.08346 5.17376
2446830.08351 4.19009
2446831.08355 3.73007
2446832.08360 3.12764
2446833.08365 2.65375
2446834.08369 3.23939
2446835.08374 2.84521
2446836.08378 2.84440
2446837.08383 2.70737
2446838.08387 2.64808
2446839.08392 3.13958
2446840.08396 3.60580
2446841.08401 2.87716
2446842.08406 2.84630
2446843.08410 3.68621
2446844.08415 3.78685
2446845.08419 4.93189
2446846.08424 4.99873
2446847.08428 6.08547
2446848.08433 6.06505
2446849.08438 5.88839
2446850.08442 6.25562
2446851.08447 6.73264
2446852.08451 6.14787
2446853.08456 7.31606
2446854.08460 8.20484
2446855.08465 6.90744
2446856.08469 7.29867
2446857.08474 8.02661
2446858.08479 8.65769
2446859.08483 6.91642
2446860.08488 7.53839
2446861.08492 7.17143
2446862.08497 6.78963
2446863.08501 5.47403
2446864.08506 5.95035
2446865.08511 5.35258
2446866.08515 5.67230
2446867.08520 5.13684
2446868.08524 4.40771
2446869.08529 4.50084
2446870.08533 5.04648
2446871.08538 3.63944
2446872.08542 3.42797
2446873.08547 3.19163
2446874.08552 2.78344
2446875.08556 2.34297
2446876.08561 3.08156
2446877.08565 2.03292
2446878.08570 2.00657
2446879.08574 2.59067
2446880.08579 1.95111
2446881.08584 2.74874
2446882.08588 2.93434
2446883.08593 2.66711
2446884.08597 3.15387
2446885.08602 3.40265
2446886.08606 3.42996
2446887.08611 3.81472
2446888.08615 4.34630
2446889.08620 4.55164
2446890.08625 5.42904
2446891.08629 5.40157
2446892.08634 6.08056
2446893.08638 5.89006
2446894.08643 6.81598
2446895.08647 7.23366
2446896.08652 5.48813
2446897.08657 7.25576
2446898.08661 6.59572
2446899.08666 6.81769
2446900.08670 7.34050
2446901.08675 7.13589
2446902.08679 6.76563
2446903.08684 7.20056
2446904.08689 6.64981
2446905.08693 5.79314
2446906.08698 6.62271
2446907.08702 6.23493
2446908.08707 5.28671
2446909.08711 4.63463
2446910.08716 4.18090
2446911.08720 4.84767
2446912.08725 3.71493
2446913.08730 3.48371
2446914.08734 3.23896
2446915.08739 2.03659
2446916.08743 2.32425
2446917.08748 2.86416
2446918.08752 1.57373
2446919.08757 1.76389
2446920.08762 1.92744
2446921.08766 1.81730
2446922.08771 1.91641
2446923.08775 1.92848
2446924.08780 2.29959
2446925.08784 2.63760
2446926.08789 2.90796
2446927.08793 2.82861
2446928.08798 3.72833
2446929.08803 3.78993
2446930.08807 4.52804
2446931.08812 4.57835
2446932.08816 4.68277
2446933.08821 5.03491
2446934.08825 5.68089
2446935.08830 6.52368
2446936.08835 6.14043
2446937.08839 6.42920
2446938.08844 6.85265
2446939.08848 5.44956
2446940.08853 5.75265
2446941.08857 6.89248
2446942.08862 6.07997
2446943.08866 6.46945
2446944.08871 6.50482
2446945.08876 7.85883
2446946.08880 5.99429
2446947.08885 4.59819
2446948.08889 5.63654
2446949.08894 5.71527
2446950.08898 5.08617
2446951.08903 4.66376
2446952.08908 3.77788
2446953.08912 3.54689
2446954.08917 3.05411
2446955.08921 2.77134
2446956.08926 2.61560
2446957.08930 2.60416
2446958.08935 2.75376
2446959.08939 1.96439
2446960.08944 1.87994
2446961.08949 1.27754
2446962.08953 1.56644
2446963.08958 1.90133
2446964.08962 1.73020
2446965.08967 1.81369
2446966.08971 2.58304
2446967.08976 2.48193
2446968.08981 2.66631
2446969.08985 2.75044
2446970.08990 3.17352
2446971.08994 4.16592
2446972.08999 4.63380
2446973.09003 3.92629
2446974.09008 3.77526
2446975.09013 4.87757
2446976.09017 5.57617
2446977.09022 6.47036
2446978.09026 5.68605
2446979.09031 5.76393
2446980.09035 6.83667
2446981.09040 5.70323
2446982.09044 6.20991
2446983.09049 6.38751
2446984.09054 6.30606
2446985.09058 7.06554
2446986.09063 6.45165
2446987.09067 5.61245
2446988.09072 5.56229
2446989.09076 6.93471
2446990.09081 4.36906
2446991.09086 3.87053
2446992.09090 3.85810
2446993.09095 4.15399
2446994.09099 4.06905
2446995.09104 3.24219
2446996.09108 2.75389
2446997.09113 2.38796
2446998.09117 1.87149
2446999.09122 2.30246
2447000.09127 1.71151
2447001.09131 1.58932
2447002.09136 1.53311
2447003.09140 1.50719
2447004.09145 1.26043
2447005.09149 1.19142
2447006.09154 1.38430
2447192.10003 5.09356
2447193.10007 4.85139
2447194.10012 4.42080
2447195.10016 5.11929
2447196.10021 5.37421
2447197.10026 5.30793
2447198.10030 3.92562
2447199.10035 4.63497
2447200.10039 3.21109
2447201.10044 3.30225
2447202.10048 3.18791
2447203.10053 2.65266
2447204.10057 2.44776
2447205.10062 1.60460
2447206.10067 1.42400
2447207.10071 1.11730
2447208.10076 0.96317
2447209.10080 0.61471
2447210.10085 0.44979
2447211.10089 0.29190
2447212.10094 0.22042
2447213.10099 0.16711
2447214.10103 0.18133
2447215.10108 0.26856
2447216.10112 0.37622
2447217.10117 0.58391
2447218.10121 0.88811
2447219.10126 0.94614
2447220.10131 1.33770
2447221.10135 2.10120
2447222.10140 1.70491
2447223.10144 2.16883
2447224.10149 2.89423
2447225.10153 2.66400
2447226.10158 3.47783
2447227.10162 4.49960
2447228.10167 3.89725
2447229.10172 4.02911
2447230.10176 3.89497
2447231.10181 4.40778
2447232.10185 4.84522
2447233.10190 6.11874
2447234.10194 4.97070
2447235.10199 4.96255
2447236.10204 4.92115
2447237.10208 4.38564
2447238.10213 3.52568
2447239.10217 5.01159
2447240.10222 4.35165
2447241.10226 4.21560
2447242.10231 3.53871
2447243.10235 3.46065
2447244.10240 2.31158
2447245.10245 2.37442
2447246.10249 2.09948
2447247.10254 1.86051
2447248.10258 1.36692
2447249.10263 1.05159
2447250.10267 0.75891
2447251.10272 0.43991
2447252.10277 0.31685
2447253.10281 0.19750
2447254.10286 0.14362
2447255.10290 0.11802
2447256.10295 0.16967
2447257.10299 0.24898
2447258.10304 0.37189
2447259.10308 0.64540
2447260.10313 0.70848
2447261.10318 1.05443
2447262.10322 1.26412
2447263.10327 1.53888
2447264.10331 1.86179
2447265.10336 2.29283
2447266.10340 2.87800
2447267.10345 3.07570
2447268.10350 3.62855
2447269.10354 3.94953
2447270.10359 3.18956
2447271.10363 4.49271
2447272.10368 4.29615
2447273.10372 4.02646
2447274.10377 5.05224
2447275.10381 5.04123
2447276.10386 5.09710
2447277.10391 5.32701
2447278.10395 4.55249
2447279.10400 4.26681
2447280.10404 4.52087
2447281.10409 4.09876
2447282.10413 5.09998
2447283.10418 3.64321
2447284.10423 3.35193
2447285.10427 2.72985
2447286.10432 2.35145
2447287.10436 1.87820
2447288.10441 1.83071
2447289.10445 1.51442
2447290.10450 1.35812
2447291.10455 0.90594
2447292.10459 0.64488
2447293.10464 0.46857
2447294.10468 0.28690
2447295.10473 0.19003
2447296.10477 0.12593
2447297.10482 0.10108
2447298.10486 0.13338
2447299.10491 0.24455
2447300.10496 0.40868
2447301.10500 0.51845
2447302.10505 0.81927
2447303.10509 0.95571
2447304.10514 1.50099
2447305.10518 1.57996
2447306.10523 2.06502
2447307.10528 2.46141
2447308.10532 2.49379
2447309.10537 3.24015
2447310.10541 3.18048
2447311.10546 4.47490
2447312.10550 4.74497
2447313.10555 4.96375
2447314.10559 4.71795
2447315.10564 4.97779
2447316.10569 4.83840
2447317.10573 5.25592
2447318.10578 5.81540
2447319.10582 4.45250
2447320.10587 5.05187
2447321.10591 3.87267
2447322.10596 4.29232
2447323.10601 4.20576
2447324.10605 4.07517
2447325.10610 3.88150
2447326.10614 3.72954
2447327.10619 2.52319
2447328.10623 2.80042
2447329.10628 2.61265
2447330.10632 1.78433
2447331.10637 1.43812
2447332.10642 1.22352
2447333.10646 0.90748
2447334.10651 0.65693
2447335.10655 0.53196
2447336.10660 0.37999
2447337.10664 0.19405
2447338.10669 0.18265
2447339.10674 0.14614
2447340.10678 0.22599
2447341.10683 0.28899
2447342.10687 0.44399
2447343.10692 0.67647
2447344.10696 1.03400
2447345.10701 1.27344
2447346.10705 1.31290
2447347.10710 1.66298
2447348.10715 1.88778
2447349.10719 2.73750
2447350.10724 3.06835
2447351.10728 3.42884
2447352.10733 3.77398
2447353.10737 3.74281
2447354.10742 4.41136
2447355.10747 5.24544
2447356.10751 5.06635
2447357.10756 4.37171
2447358.10760 4.88715
2447359.10765 4.78667
2447360.10769 5.55333
2447361.10774 4.51049
2447362.10778 5.01994
2447363.10783 4.60212
2447364.10788 4.19939
2447365.10792 4.38812
2447366.10797 3.91862
2447367.10801 3.95996
2447368.10806 3.17788
2447369.10810 2.62858
2447370.10815 2.56047
2447371.10820 2.30566
2447557.11668 3.51926
2447558.11673 3.62467
2447559.11677 4.41324
2447560.11682 3.84305
2447561.11687 5.25944
2447562.11691 5.40889
2447563.11696 5.17363
2447564.11700 6.26635
2447565.11705 6.06957
2447566.11709 6.82575
2447567.11714 5.68798
2447568.11719 5.80225
2447569.11723 6.57479
2447570.11728 6.22331
2447571.11732 5.20226
2447572.11737 7.02856
2447573.11741 6.71908
2447574.11746 5.57544
2447575.11750 4.83040
2447576.11755 4.54834
2447577.11760 4.70921
2447578.11764 4.78060
2447579.11769 4.82916
2447580.11773 3.35441
2447581.11778 2.99691
2447582.11782 2.72783
2447583.11787 2.56557
2447584.11792 2.00113
2447585.11796 1.68425
2447586.11801 1.71503
2447587.11805 1.66046
2447588.11810 1.77740
2447589.11814 1.31889
2447590.11819 1.66399
2447591.11823 1.55107
2447592.11828 1.65161
2447593.11833 1.57976
2447594.11837 2.17649
2447595.11842 2.42634
2447596.11846 3.26954
2447597.11851 2.92155
2447598.11855 3.87675
2447599.11860 3.61328
2447600.11865 3.96472
2447601.11869 3.72842
2447602.11874 5.40552
2447603.11878 5.26829
2447604.11883 5.51699
2447605.11887 5.64128
2447606.11892 6.20375
2447607.11897 5.82190
2447608.11901 6.71415
2447609.11906 5.90705
2447610.11910 6.49298
2447611.11915 6.90340
2447612.11919 7.43356
2447613.11924 6.53705
2447614.11928 7.04706
2447615.11933 6.01914
2447616.11938 5.23336
2447617.11942 6.62510
2447618.11947 5.10499
2447619.11951 5.28043
2447620.11956 4.19128
2447621.11960 4.32163
2447622.11965 3.87838
2447623.11970 3.40135
2447624.11974 3.69576
2447625.11979 2.88844
2447626.11983 2.40763
2447627.11988 2.62821
2447628.11992 1.70833
2447629.11997 1.66656
2447630.12001 2.03295
2447631.12006 1.88244
2447632.12011 1.76635
2447633.12015 2.02785
2447634.12020 2.31025
2447635.12024 2.03420
2447636.12029 2.48609
2447637.12033 2.79379
2447638.12038 3.18837
2447639.12043 3.65408
2447640.12047 3.04695
2447641.12052 4.39093
2447642.12056 3.67883
2447643.12061 4.90430
2447644.12065 4.72909
2447645.12070 5.74274
2447646.12074 6.34606
2447647.12079 6.26967
2447648.12084 6.05472
2447649.12088 5.79767
2447650.12093 6.79958
2447651.12097 6.63883
2447652.12102 7.19574
2447653.12106 6.64772
2447654.12111 7.84157
2447655.12116 6.78599
2447656.12120 7.18652
2447657.12125 6.04467
2447658.12129 6.55059
2447659.12134 6.16929
2447660.12138 5.11059
2447661.12143 4.37048
2447662.12147 5.39070
2447663.12152 4.23761
2447664.12157 3.80401
2447665.12161 3.61060
2447666.12166 3.07652
2447667.12170 3.29724
2447668.12175 2.83748
2447669.12179 2.63269
2447670.12184 2.72207
2447671.12189 2.34198
2447672.12193 2.60099
2447673.12198 2.22563
2447674.12202 1.92705
2447675.12207 2.15281
2447676.12211 2.32633
2447677.12216 2.73580
2447678.12220 3.39612
2447679.12225 3.29108
2447680.12230 3.46606
2447681.12234 3.77351
2447682.12239 4.48784
2447683.12243 4.82421
2447684.12248 5.41118
2447685.12252 5.00729
2447686.12257 7.04207
2447687.12262 5.87946
2447688.12266 5.99511
2447689.12271 7.47718
2447690.12275 7.53952
2447691.12280 6.64771
2447692.12284 7.73561
2447693.12289 7.01829
2447694.12294 7.66994
2447695.12298 7.50918
2447696.12303 9.10531
2447697.12307 8.11631
2447698.12312 7.68462
2447699.12316 7.23131
2447700.12321 5.64184
2447701.12325 6.26358
2447702.12330 5.56708
2447703.12335 5.44827
2447704.12339 5.16304
2447705.12344 3.94284
2447706.12348 4.27930
2447707.12353 4.11513
2447708.12357 4.09083
2447709.12362 3.18356
2447710.12367 2.94708
2447711.12371 2.73157
2447712.12376 2.73206
2447713.12380 2.40166
2447714.12385 2.99660
2447715.12389 2.84417
2447716.12394 3.41873
2447717.12398 2.64431
2447718.12403 3.20302
2447719.12408 2.77212
2447720.12412 3.90597
2447721.12417 3.61614
2447722.12421 3.98457
2447723.12426 4.92446
2447724.12430 5.30988
2447725.12435 4.61149
2447726.12440 5.43398
2447727.12444 6.70142
2447728.12449 5.99551
2447729.12453 6.76179
2447730.12458 7.23740
2447731.12462 8.14401
2447732.12467 7.85829
2447733.12471 7.36351
2447734.12476 6.16979
2447735.12481 8.29868
2447736.12485 7.90803
2447922.13334 5.59690
2447923.13339 4.95689
2447924.13343 4.41134
2447925.13348 4.13274
2447926.13352 4.73755
2447927.13357 5.15336
2447928.13361 5.22885
2447929.13366 4.73723
2447930.13370 4.11732
2447931.13375 5.45124
2447932.13380 4.81971
2447933.13384 6.07845
2447934.13389 7.28810
2447935.13393 8.57885
2447936.13398 5.94217
2447937.13402 7.38341
2447938.13407 8.90247
2447939.13412 8.47193
2447940.13416 9.29202
2447941.13421 9.72661
2447942.13425 9.16227
2447943.13430 10.85471
2447944.13434 12.13796
2447945.13439 8.74417
2447946.13443 10.66058
2447947.13448 11.70709
2447948.13453 10.90839
2447949.13457 8.69691
2447950.13462 8.80816
2447951.13466 7.30368
2447952.13471 8.04255
2447953.13475 7.75483
2447954.13480 8.20665
2447955.13485 6.63711
2447956.13489 7.17787
2447957.13494 6.91255
2447958.13498 6.13167
2447959.13503 6.62619
2447960.13507 5.56262
2447961.13512 5.75633
2447962.13516 4.66916
2447963.13521 4.79976
2447964.13526 5.58408
2447965.13530 4.19658
2447966.13535 5.41664
2447967.13539 4.92521
2447968.13544 4.14410
2447969.13548 5.12344
2447970.13553 5.98083
2447971.13558 7.16967
2447972.13562 7.25985
2447973.13567 5.84369
2447974.13571 7.33603
2447975.13576 6.83984
2447976.13580 7.07624
2447977.13585 8.71084
2447978.13589 8.47307
2447979.13594 8.83910
2447980.13599 7.46613
2447981.13603 8.37573
2447982.13608 8.67636
2447983.13612 10.25580
2447984.13617 10.65501
2447985.13621 11.79364
2447986.13626 9.16469
2447987.13631 11.91034
2447988.13635 9.82233
2447989.13640 10.06570
2447990.13644 9.72182
2447991.13649 9.88271
2447992.13653 10.05147
2447993.13658 10.06194
2447994.13662 8.58907
2447995.13667 8.54311
2447996.13672 7.37565
2447997.13676 8.27904
2447998.13681 7.58840
2447999.13685 6.49111
2448000.13690 5.86752
2448001.13694 6.48998
2448002.13699 6.90274
2448003.13704 6.79028
2448004.13708 4.92759
2448005.13713 6.02149
2448006.13717 5.83691
2448007.13722 6.10104
2448008.13726 5.62268
2448009.13731 5.24973
2448010.13736 5.98550
2448011.13740 4.24532
2448012.13745 5.34797
2448013.13749 5.65855
2448014.13754 6.05878
2448015.13758 5.78754
2448016.13763 6.77284
2448017.13767 7.12894
2448018.13772 7.71451
2448019.13777 8.53482
2448020.13781 7.58194
2448021.13786 8.60809
2448022.13790 9.25612
2448023.13795 7.84871
2448024.13799 9.81706
2448025.13804 10.34205
2448026.13809 11.04135
2448027.13813 9.00448
2448028.13818 10.27153
2448029.13822 11.72315
2448030.13827 8.57409
2448031.13831 10.25925
2448032.13836 8.56726
2448033.13840 9.47286
2448034.13845 8.87073
2448035.13850 9.71002
2448036.13854 8.77479
2448037.13859 7.59001
2448038.13863 9.61566
2448039.13868 8.12353
2448040.13872 8.37151
2448041.13877 6.47142
2448042.13882 6.66030
2448043.13886 7.28557
2448044.13891 5.87119
2448045.13895 6.10644
2448046.13900 5.87753
2448047.13904 4.40801
2448048.13909 5.64074
2448049.13913 5.40590
2448050.13918 5.56628
2448051.13923 5.32086
2448052.13927 5.10496
2448053.13932 5.54701
2448054.13936 5.93339
2448055.13941 6.92701
2448056.13945 6.45169
2448057.13950 7.24634
2448058.13955 7.67439
2448059.13959 7.46605
2448060.13964 9.07232
2448061.13968 8.31882
2448062.13973 8.50110
2448063.13977 10.38462
2448064.13982 9.80268
2448065.13986 7.57464
2448066.13991 7.48945
2448067.13996 12.06081
2448068.14000 10.64251
2448069.14005 10.46902
2448070.14009 8.32526
2448071.14014 10.53146
2448072.14018 9.50131
2448073.14023 10.17028
2448074.14028 9.57860
2448075.14032 9.82086
2448076.14037 10.04533
2448077.14041 9.91603
2448078.14046 9.17538
2448079.14050 8.98496
2448080.14055 7.00868
2448081.14060 8.09778
2448082.14064 7.96603
2448083.14069 7.39482
2448084.14073 8.18082
2448085.14078 6.63772
2448086.14082 5.67997
2448087.14087 6.31585
2448088.14091 5.77855
2448089.14096 4.96067
2448090.14101 5.73153
2448091.14105 6.75153
2448092.14110 5.69245
2448093.14114 6.64198
2448094.14119 6.56817
2448095.14123 7.80896
2448096.14128 6.84387
2448097.14133 6.87234
2448098.14137 7.19255
2448099.14142 7.67364
2448100.14146 7.62012
2448101.14151 7.77743
2448288.15004 9.85571
2448289.15009 8.48327
2448290.15013 7.06364
2448291.15018 7.22660
2448292.15022 9.26874
2448293.15027 7.37562
2448294.15031 7.86683
2448295.15036 6.53548
2448296.15041 7.38901
2448297.15045 6.85562
2448298.15050 7.72790
2448299.15054 7.18790
2448300.15059 6.77774
2448301.15063 5.95777
2448302.15068 5.65000
2448303.15073 6.43706
2448304.15077 6.71784
2448305.15082 6.64481
2448306.15086 7.69991
2448307.15091 7.55096
2448308.15095 7.81990
2448309.15100 9.41751
2448310.15104 8.62493
2448311.15109 7.69759
2448312.15114 10.21909
2448313.15118 9.82563
2448314.15123 9.68722
2448315.15127 9.28472
2448316.15132 11.86886
2448317.15136 12.59377
2448318.15141 10.22355
2448319.15146 11.42870
2448320.15150 11.67430
2448321.15155 9.25826
2448322.15159 11.13883
2448323.15164 9.17302
2448324.15168 10.95287
2448325.15173 13.22993
2448326.15178 9.02783
2448327.15182 12.21597
2448328.15187 11.75196
2448329.15191 9.63896
2448330.15196 9.76728
2448331.15200 8.66768
2448332.15205 8.16556
2448333.15209 8.34532
2448334.15214 7.21637
2448335.15219 7.84012
2448336.15223 7.20698
2448337.15228 6.16623
2448338.15232 7.14280
2448339.15237 6.95893
2448340.15241 7.05711
2448341.15246 5.96001
2448342.15251 6.87213
2448343.15255 7.61301
2448344.15260 6.35726
2448345.15264 6.54951
2448346.15269 7.10866
2448347.15273 5.39535
2448348.15278 6.17949
2448349.15282 7.05107
2448350.15287 7.52839
2448351.15292 8.23765
2448352.15296 8.73760
2448353.15301 7.65876
2448354.15305 10.30513
2448355.15310 9.90961
2448356.15314 9.97826
2448357.15319 10.72061
2448358.15324 9.83927
2448359.15328 10.45279
2448360.15333 9.70700
2448361.15337 8.58529
2448362.15342 10.82384
2448363.15346 13.01923
2448364.15351 10.43750
2448365.15355 9.26623
2448366.15360 11.44114
2448367.15365 10.12572
2448368.15369 10.84935
2448369.15374 10.78297
2448370.15378 9.30423
2448371.15383 9.85236
2448372.15387 9.06781
2448373.15392 7.01127
2448374.15397 7.91681
2448375.15401 7.32396
2448376.15406 6.48089
2448377.15410 6.68034
2448378.15415 7.46415
2448379.15419 6.73580
2448380.15424 5.29364
2448381.15428 5.61801
2448382.15433 6.20053
2448383.15438 6.11392
2448384.15442 5.90022
2448385.15447 6.59279
2448386.15451 6.45048
2448387.15456 5.99993
2448388.15460 6.11268
2448389.15465 6.65516
2448390.15470 5.59550
2448391.15474 7.59287
2448392.15479 6.74354
2448393.15483 9.04189
2448394.15488 6.98699
2448395.15492 9.12134
2448396.15497 7.33277
2448397.15502 8.88767
2448398.15506 10.21244
2448399.15511 11.04502
2448400.15515 11.27287
2448401.15520 11.31537
2448402.15524 11.61312
2448403.15529 11.83006
2448404.15533 10.31364
2448405.15538 10.51434
2448406.15543 11.61932
2448407.15547 11.95913
2448408.15552 10.45086
2448409.15556 9.84521
2448410.15561 9.57573
2448411.15565 9.04501
2448412.15570 9.99253
2448413.15575 10.24270
2448414.15579 9.26428
2448415.15584 8.44671
2448416.15588 9.64352
2448417.15593 7.72704
2448418.15597 8.40083
2448419.15602 6.28425
2448420.15606 6.90143
2448421.15611 5.85532
2448422.15616 5.69664
2448423.15620 5.60999
2448424.15625 6.02332
2448425.15629 5.64564
2448426.15634 4.68559
2448427.15638 5.69429
2448428.15643 5.67390
2448429.15648 5.11864
2448430.15652 6.69296
2448431.15657 7.08850
2448432.15661 7.35529
2448433.15666 8.47488
2448434.15670 6.72915
2448435.15675 7.06389
2448436.15679 8.26991
2448437.15684 8.55962
2448438.15689 9.13967
2448439.15693 10.14203
2448440.15698 9.42866
2448441.15702 10.99064
2448442.15707 9.42214
2448443.15711 9.88620
2448444.15716 9.39615
2448445.15721 7.03351
2448446.15725 8.84873
2448447.15730 11.68042
2448448.15734 11.83587
2448449.15739 9.19685
2448450.15743 11.34601
2448451.15748 7.69614
2448452.15752 8.88448
2448453.15757 9.16096
2448454.15762 10.26126
2448455.15766 10.54531
2448456.15771 8.16774
2448457.15775 8.13281
2448458.15780 8.62674
2448459.15784 9.12080
2448460.15789 7.93997
2448461.15794 5.95195
2448462.15798 7.04491
2448463.15803 5.81990
2448464.15807 6.85191
2448465.15812 6.21651
2448466.15816 5.14831
2448467.15821 6.30518
2448653.16670 9.38405
2448654.16674 9.37604
2448655.16679 9.09408
2448656.16683 8.58702
2448657.16688 9.55625
2448658.16693 10.84155
2448659.16697 10.38167
2448660.16702 8.34557
2448661.16706 6.50859
2448662.16711 7.51002
2448663.16715 7.72694
2448664.16720 7.46894
2448665.16724 7.51035
2448666.16729 6.98490
2448667.16734 6.58697
2448668.16738 5.39629
2448669.16743 5.12332
2448670.16747 4.52612
2448671.16752 4.89920
2448672.16756 4.90345
2448673.16761 4.75348
2448674.16766 3.08958
2448675.16770 4.19385
2448676.16775 3.53038
2448677.16779 4.16428
2448678.16784 3.56158
2448679.16788 4.37930
2448680.16793 3.95818
2448681.16797 4.15517
2448682.16802 5.05241
2448683.16807 4.68461
2448684.16811 5.77594
2448685.16816 6.02282
2448686.16820 5.89274
2448687.16825 6.03248
2448688.16829 7.53083
2448689.16834 7.61251
2448690.16839 8.57203
2448691.16843 6.33461
2448692.16848 7.71877
2448693.16852 7.81433
2448694.16857 8.81104
2448695.16861 7.71840
2448696.16866 7.92491
2448697.16870 8.69661
2448698.16875 7.02352
2448699.16880 6.84887
2448700.16884 8.35069
2448701.16889 10.46622
2448702.16893 8.13772
2448703.16898 7.48601
2448704.16902 7.79688
2448705.16907 7.55252
2448706.16912 6.69473
2448707.16916 5.97521
2448708.16921 5.08288
2448709.16925 6.15831
2448710.16930 5.03174
2448711.16934 5.16252
2448712.16939 5.08904
2448713.16944 4.17691
2448714.16948 3.46039
2448715.16953 3.75732
2448716.16957 3.62591
2448717.16962 3.75133
2448718.16966 3.31880
2448719.16971 3.30211
2448720.16975 3.44021
2448721.16980 3.82587
2448722.16985 4.19684
2448723.16989 5.00637
2448724.16994 5.14185
2448725.16998 4.53660
2448726.17003 4.56205
2448727.17007 4.92744
2448728.17012 4.87291
2448729.17017 6.04378
2448730.17021 5.70115
2448731.17026 5.93678
2448732.17030 6.27593
2448733.17035 7.95778
2448734.17039 7.51598
2448735.17044 6.74501
2448736.17048 8.69936
2448737.17053 9.09983
2448738.17058 7.83727
2448739.17062 7.59797
2448740.17067 7.50044
2448741.17071 8.35116
2448742.17076 8.72907
2448743.17080 7.94518
2448744.17085 6.56024
2448745.17090 8.08273
2448746.17094 6.95652
2448747.17099 6.52088
2448748.17103 6.56438
2448749.17108 6.53540
2448750.17112 4.90676
2448751.17117 4.46730
2448752.17121 4.76986
2448753.17126 4.42934
2448754.17131 4.49701
2448755.17135 4.32461
2448756.17140 3.41060
2448757.17144 3.50118
2448758.17149 3.38697
2448759.17153 3.31419
2448760.17158 2.59365
2448761.17163 3.26931
2448762.17167 2.91019
2448763.17172 3.48283
2448764.17176 3.06438
2448765.17181 3.70400
2448766.17185 3.81889
2448767.17190 5.13648
2448768.17194 4.14809
2448769.17199 4.42353
2448770.17204 6.02518
2448771.17208 6.09237
2448772.17213 6.11530
2448773.17217 5.99007
2448774.17222 5.85117
2448775.17226 6.61226
2448776.17231 6.78688
2448777.17236 6.87354
2448778.17240 7.18053
2448779.17245 7.26422
2448780.17249 8.52258
2448781.17254 6.69962
2448782.17258 8.05933
2448783.17263 7.86812
2448784.17268 7.46772
2448785.17272 7.81358
2448786.17277 7.38810
2448787.17281 6.87087
2448788.17286 7.20532
2448789.17290 4.62881
2448790.17295 7.05241
2448791.17299 6.04249
2448792.17304 5.89775
2448793.17309 4.24469
2448794.17313 4.32312
2448795.17318 4.07477
2448796.17322 3.50259
2448797.17327 3.42012
2448798.17331 3.20434
2448799.17336 2.57810
2448800.17341 2.99674
2448801.17345 2.87956
2448802.17350 2.48687
2448803.17354 2.33996
2448804.17359 2.80327
2448805.17363 2.65929
2448806.17368 3.16744
2448807.17372 3.04744
2448808.17377 4.11131
2448809.17382 3.60916
2448810.17386 3.82675
2448811.17391 4.55958
2448812.17395 4.12201
2448813.17400 4.81114
2448814.17404 4.69159
2448815.17409 6.09156
2448816.17414 6.86882
2448817.17418 6.29500
2448818.17423 7.69112
2448819.17427 6.44931
2448820.17432 6.87996
2448821.17436 7.99004
2448822.17441 7.92721
2448823.17445 7.74392
2448824.17450 8.17555
2448825.17455 7.21945
2448826.17459 7.31730
2448827.17464 6.42813
2448828.17468 7.92940
2448829.17473 6.07368
2448830.17477 5.90912
2448831.17482 5.80837
2448832.17487 5.67690
2449018.18335 2.20913
2449019.18340 1.75109
2449020.18344 3.23658
2449021.18349 3.61218
2449022.18354 3.91104
2449023.18358 3.89173
2449024.18363 4.70422
2449025.18367 4.62651
2449026.18372 4.92592
2449027.18376 5.42220
2449028.18381 5.57688
2449029.18386 6.02367
2449030.18390 4.38590
2449031.18395 5.60892
2449032.18399 4.98193
2449033.18404 6.15934
2449034.18408 5.03450
2449035.18413 5.23953
2449036.18417 5.68096
2449037.18422 5.59959
2449038.18427 5.08107
2449039.18431 4.67989
2449040.18436 3.53272
2449041.18440 3.27513
2449042.18445 2.83354
2449043.18449 2.58968
2449044.18454 2.56417
2449045.18459 2.38464
2449046.18463 2.01441
2449047.18468 1.24202
2449048.18472 1.24886
2449049.18477 0.99636
2449050.18481 0.64715
2449051.18486 0.77011
2449052.18490 0.68437
2449053.18495 0.57417
2449054.18500 0.62482
2449055.18504 0.74370
2449056.18509 0.91015
2449057.18513 0.99528
2449058.18518 1.18799
2449059.18522 1.40353
2449060.18527 2.16290
2449061.18532 2.48721
2449062.18536 2.28891
2449063.18541 2.67010
2449064.18545 2.94835
2449065.18550 3.11416
2449066.18554 4.78273
2449067.18559 4.00673
2449068.18563 4.96760
2449069.18568 4.70813
2449070.18573 4.97538
2449071.18577 5.10189
2449072.18582 5.56655
2449073.18586 5.33053
2449074.18591 5.84257
2449075.18595 6.01058
2449076.18600 4.95635
2449077.18605 5.23260
2449078.18609 4.11848
2449079.18614 4.42904
2449080.18618 4.39239
2449081.18623 3.98237
2449082.18627 3.67620
2449083.18632 3.52559
2449084.18636 3.19455
2449085.18641 2.04986
2449086.18646 2.27609
2449087.18650 1.82306
2449088.18655 1.47774
2449089.18659 1.42812
2449090.18664 0.81682
2449091.18668 0.76738
2449092.18673 0.68611
2449093.18678 0.48304
2449094.18682 0.37420
2449095.18687 0.39414
2449096.18691 0.52717
2449097.18696 0.61150
2449098.18700 0.66282
2449099.18705 1.03739
2449100.18710 1.21660
2449101.18714 1.06384
2449102.18719 1.72279
2449103.18723 2.46060
2449104.18728 2.39918
2449105.18732 3.22905
2449106.18737 2.71429
2449107.18741 3.06546
2449108.18746 4.30766
2449109.18751 4.54484
2449110.18755 4.46382
2449111.18760 5.13604
2449112.18764 4.63978
2449113.18769 4.51727
2449114.18773 5.39848
2449115.18778 5.09949
2449116.18783 5.46589
2449117.18787 5.29598
2449118.18792 4.90607
2449119.18796 5.83717
2449120.18801 4.21138
2449121.18805 4.51079
2449122.18810 4.11010
2449123.18814 3.94102
2449124.18819 3.49044
2449125.18824 3.44438
2449126.18828 2.82068
2449127.18833 2.20820
2449128.18837 1.79212
2449129.18842 1.52238
2449130.18846 1.21804
2449131.18851 1.10437
2449132.18856 0.77430
2449133.18860 0.59375
2449134.18865 0.35360
2449135.18869 0.29158
2449136.18874 0.25846
2449137.18878 0.27337
2449138.18883 0.25902
2449139.18887 0.48001
2449140.18892 0.66050
2449141.18897 0.86768
2449142.18901 1.17254
2449143.18906 1.28104
2449144.18910 1.52085
2449145.18915 2.01425
2449146.18919 2.42842
2449147.18924 2.55459
2449148.18929 3.27362
2449149.18933 3.93474
2449150.18938 4.12759
2449151.18942 4.12234
2449152.18947 3.31504
2449153.18951 3.91783
2449154.18956 4.78264
2449155.18960 5.29812
2449156.18965 4.35464
2449157.18970 5.16927
2449158.18974 5.47153
2449159.18979 5.00806
2449160.18983 4.61384
2449161.18988 4.04312
2449162.18992 4.87665
2449163.18997 3.98536
2449164.19002 4.61816
2449165.19006 3.70066
2449166.19011 3.40590
2449167.19015 3.16123
2449168.19020 2.45261
2449169.19024 2.27650
2449170.19029 1.69638
2449171.19033 1.35306
2449172.19038 1.04891
2449173.19043 0.82781
2449174.19047 0.75491
2449175.19052 0.38796
2449176.19056 0.29321
2449177.19061 0.17455
2449178.19065 0.12031
2449179.19070 0.16030
2449180.19075 0.20582
2449181.19079 0.32358
2449182.19084 0.56707
2449183.19088 0.71250
2449184.19093 1.01601
2449185.19097 1.28837
2449186.19102 1.60429
2449187.19107 1.70916
2449188.19111 2.53262
2449189.19116 2.76178
2449190.19120 3.31826
2449191.19125 3.46391
2449192.19129 4.15863
2449193.19134 4.13352
2449194.19138 4.94534
2449195.19143 4.17037
2449196.19148 4.39969
2449197.19152 5.79876
2449383.20001 0.99340
2449384.20005 0.85609
2449385.20010 0.60971
2449386.20015 0.46661
2449387.20019 0.52229
2449388.20024 0.37304
2449389.20028 0.56941
2449390.20033 0.48674
2449391.20037 0.95376
2449392.20042 0.94454
2449393.20047 1.27856
2449394.20051 1.46489
2449395.20056 2.07002
2449396.20060 2.26663
2449397.20065 3.04911
2449398.20069 2.85343
2449399.20074 3.02373
2449400.20078 3.61354
2449401.20083 4.81480
2449402.20088 4.92094
2449403.20092 5.29048
2449404.20097 4.71339
2449405.20101 4.50481
2449406.20106 6.10114
2449407.20110 4.69161
2449408.20115 5.48911
2449409.20120 5.11056
2449410.20124 5.44914
2449411.20129 4.38444
2449412.20133 5.55276
2449413.20138 5.57114
2449414.20142 5.12476
2449415.20147 3.86106
2449416.20152 4.19444
2449417.20156 3.61068
2449418.20161 3.31338
2449419.20165 3.43730
2449420.20170 2.47297
2449421.20174 2.38580
2449422.20179 1.56992
2449423.20183 1.60790
2449424.20188 1.44820
2449425.20193 1.07698
2449426.20197 0.96318
2449427.20202 0.70864
2449428.20206 0.65579
2449429.20211 0.65067
2449430.20215 0.64972
2449431.20220 0.83882
2449432.20225 1.00492
2449433.20229 1.16347
2449434.20234 0.99033
2449435.20238 1.54981
2449436.20243 2.07168
2449437.20247 2.21250
2449438.20252 2.55072
2449439.20256 3.26016
2449440.20261 3.68998
2449441.20266 3.95573
2449442.20270 3.48476
2449443.20275 3.93967
2449444.20279 4.93732
2449445.20284 3.98406
2449446.20288 6.13412
2449447.20293 5.53793
2449448.20298 5.21232
2449449.20302 5.39462
2449450.20307 6.42476
2449451.20311 4.99287
2449452.20316 4.55297
2449453.20320 4.96113
2449454.20325 5.48671
2449455.20329 5.92209
2449456.20334 5.42757
2449457.20339 4.34011
2449458.20343 4.32913
2449459.20348 3.99591
2449460.20352 3.57852
2449461.20357 2.51871
2449462.20361 2.68915
2449463.20366 2.62078
2449464.20371 2.49433
2449465.20375 1.87534
2449466.20380 1.70848
2449467.20384 1.43421
2449468.20389 1.09854
2449469.20393 0.88067
2449470.20398 1.05124
2449471.20402 1.09934
2449472.20407 0.92561
2449473.20412 1.18670
2449474.20416 1.22551
2449475.20421 1.21051
2449476.20425 1.65453
2449477.20430 1.82001
2449478.20434 2.34613
2449479.20439 2.69422
2449480.20444 2.76380
2449481.20448 2.89398
2449482.20453 3.53793
2449483.20457 4.71339
2449484.20462 3.91941
2449485.20466 5.12531
2449486.20471 5.39312
2449487.20475 5.06659
2449488.20480 5.12307
2449489.20485 6.12353
2449490.20489 5.89844
2449491.20494 5.69435
2449492.20498 6.30611
2449493.20503 6.96667
2449494.20507 6.64002
2449495.20512 5.84440
2449496.20517 3.69602
2449497.20521 5.22346
2449498.20526 4.56961
2449499.20530 4.67705
2449500.20535 4.28743
2449501.20539 3.96295
2449502.20544 4.13278
2449503.20549 3.29102
2449504.20553 2.92863
2449505.20558 2.79418
2449506.20562 2.09790
2449507.20567 1.98506
2449508.20571 1.55265
2449509.20576 1.68490
2449510.20580 1.45315
2449511.20585 1.57557
2449512.20590 1.04128
2449513.20594 1.35932
2449514.20599 1.06326
2449515.20603 1.25547
2449516.20608 1.21888
2449517.20612 1.77075
2449518.20617 2.06487
2449519.20622 2.22661
2449520.20626 2.05086
2449521.20631 2.81520
2449522.20635 3.38403
2449523.20640 3.37807
2449524.20644 4.08546
2449525.20649 4.95219
2449526.20653 4.54945
2449527.20658 4.59981
2449528.20663 5.42090
2449529.20667 6.77330
2449530.20672 6.25816
2449531.20676 5.20854
2449532.20681 7.10911
2449533.20685 6.06982
2449534.20690 6.19998
2449535.20695 5.49591
2449536.20699 6.30738
2449537.20704 4.88307
2449538.20708 5.21236
2449539.20713 5.97758
2449540.20717 5.42512
2449541.20722 4.66686
2449542.20726 4.62095
2449543.20731 4.66417
2449544.20736 4.15194
2449545.20740 3.87747
2449546.20745 2.89215
2449547.20749 2.73494
2449548.20754 3.13647
2449549.20758 2.25046
2449550.20763 2.00006
2449551.20768 1.91586
2449552.20772 1.77515
2449553.20777 1.46991
2449554.20781 1.18891
2449555.20786 1.53759
2449556.20790 1.64687
2449557.20795 1.45344
2449558.20799 1.98526
2449559.20804 2.22210
2449560.20809 2.64441
2449561.20813 2.41083
2449562.20818 3.14942
2449749.21671 7.78437
2449750.21676 8.11574
2449751.21680 7.31284
2449752.21685 7.06376
2449753.21689 6.12129
2449754.21694 5.41243
2449755.21698 5.98947
2449756.21703 4.34438
2449757.21708 5.37125
2449758.21712 4.72144
2449759.21717 3.98809
2449760.21721 3.29829
2449761.21726 3.73750
2449762.21730 3.42560
2449763.21735 3.03529
2449764.21740 3.40323
2449765.21744 4.00006
2449766.21749 3.77878
2449767.21753 3.85325
2449768.21758 3.51034
2449769.21762 4.34136
2449770.21767 5.46198
2449771.21771 5.06759
2449772.21776 5.20734
2449773.21781 6.20552
2449774.21785 6.93255
2449775.21790 7.43650
2449776.21794 7.14515
2449777.21799 6.07137
2449778.21803 8.35090
2449779.21808 7.58923
2449780.21813 7.73381
2449781.21817 7.56795
2449782.21822 9.02157
2449783.21826 9.50906
2449784.21831 8.16127
2449785.21835 9.31920
2449786.21840 9.66949
2449787.21844 8.92819
2449788.21849 8.46253
2449789.21854 8.13697
2449790.21858 7.49379
2449791.21863 8.32843
2449792.21867 8.27358
2449793.21872 7.18436
2449794.21876 6.43881
2449795.21881 6.69152
2449796.21886 5.47397
2449797.21890 6.37789
2449798.21895 5.93863
2449799.21899 5.26895
2449800.21904 4.53747
2449801.21908 4.41343
2449802.21913 3.55393
2449803.21917 3.83597
2449804.21922 4.35602
2449805.21927 3.70544
2449806.21931 4.99161
2449807.21936 3.89552
2449808.21940 3.83080
2449809.21945 4.54594
2449810.21949 4.79725
2449811.21954 5.55415
2449812.21959 5.05747
2449813.21963 5.03386
2449814.21968 5.53930
2449815.21972 7.00818
2449816.21977 7.72499
2449817.21981 6.59710
2449818.21986 7.27495
2449819.21991 8.80859
2449820.21995 8.65902
2449821.22000 7.86899
2449822.22004 7.59454
2449823.22009 8.23199
2449824.22013 9.73259
2449825.22018 7.72004
2449826.22022 9.32066
2449827.22027 8.79983
2449828.22032 8.41330
2449829.22036 8.53286
2449830.22041 9.58375
2449831.22045 9.06250
2449832.22050 9.21990
2449833.22054 7.40833
2449834.22059 6.44516
2449835.22064 7.54673
2449836.22068 7.04650
2449837.22073 6.36602
2449838.22077 5.07829
2449839.22082 6.50456
2449840.22086 3.98269
2449841.22091 5.73324
2449842.22095 5.41859
2449843.22100 5.13987
2449844.22105 4.62738
2449845.22109 3.48842
2449846.22114 3.71870
2449847.22118 4.03185
2449848.22123 5.24441
2449849.22127 4.93443
2449850.22132 4.55098
2449851.22137 4.52241
2449852.22141 5.11644
2449853.22146 5.77353
2449854.22150 5.79988
2449855.22155 5.13534
2449856.22159 7.23829
2449857.22164 7.02462
2449858.22168 6.72119
2449859.22173 7.72129
2449860.22178 8.77618
2449861.22182 8.48640
2449862.22187 8.86700
2449863.22191 10.12825
2449864.22196 8.46117
2449865.22200 8.34272
2449866.22205 8.96593
2449867.22210 10.30874
2449868.22214 10.46811
2449869.22219 9.69630
2449870.22223 8.67352
2449871.22228 11.02220
2449872.22232 8.11943
2449873.22237 8.55830
2449874.22241 8.09702
2449875.22246 9.30938
2449876.22251 7.94990
2449877.22255 9.02392
2449878.22260 7.98332
2449879.22264 6.37456
2449880.22269 6.45827
2449881.22273 5.98441
2449882.22278 6.82346
2449883.22283 6.17495
2449884.22287 4.56595
2449885.22292 5.47374
2449886.22296 4.98879
2449887.22301 4.26635
2449888.22305 4.41482
2449889.22310 4.68711
2449890.22315 3.75641
2449891.22319 5.02171
2449892.22324 5.09810
2449893.22328 5.11432
2449894.22333 5.50631
2449895.22337 5.63609
2449896.22342 5.39765
2449897.22346 6.01248
2449898.22351 6.25991
2449899.22356 7.61427
2449900.22360 6.73947
2449901.22365 7.48151
2449902.22369 8.30460
2449903.22374 7.31101
2449904.22378 8.53330
2449905.22383 9.24212
2449906.22388 9.60621
2449907.22392 9.97943
2449908.22397 9.03836
2449909.22401 8.79286
2449910.22406 9.44362
2449911.22410 10.07827
2449912.22415 9.52410
2449913.22419 8.59728
2449914.22424 11.60591
2449915.22429 8.54010
2449916.22433 7.81174
2449917.22438 8.10238
2449918.22442 9.11262
2449919.22447 8.49821
2449920.22451 9.05079
2449921.22456 6.57684
2449922.22461 6.74818
2449923.22465 7.28321
2449924.22470 5.62907
2449925.22474 6.68841
2449926.22479 5.75322
2449927.22483 5.07431
2449928.22488 4.42585
2450114.23337 11.00997
2450115.23341 12.27998
2450116.23346 11.26148
2450117.23350 11.46933
2450118.23355 11.41236
2450119.23359 12.18002
2450120.23364 12.49277
2450121.23369 7.86199
2450122.23373 10.56763
2450123.23378 10.07055
2450124.23382 10.70387
2450125.23387 9.83015
2450126.23391 10.37363
2450127.23396 9.91961
2450128.23401 7.47473
2450129.23405 6.94829
2450130.23410 9.15614
2450131.23414 7.47051
2450132.23419 9.13540
2450133.23423 8.10035
2450134.23428 5.88074
2450135.23433 6.34298
2450136.23437 6.82521
2450137.23442 6.19527
2450138.23446 6.24422
2450139.23451 5.58185
2450140.23455 6.47182
2450141.23460 6.30212
2450142.23464 6.86097
2450143.23469 6.48967
2450144.23474 6.29125
2450145.23478 7.04644
2450146.23483 7.49173
2450147.23487 7.54316
2450148.23492 8.84910
2450149.23496 7.34549
2450150.23501 9.39299
2450151.23506 7.88873
2450152.23510 9.96347
2450153.23515 7.71284
2450154.23519 9.74110
2450155.23524 11.33286
2450156.23528 10.17512
2450157.23533 10.72955
2450158.23537 11.31304
2450159.23542 8.54576
2450160.23547 11.54501
2450161.23551 10.15677
2450162.23556 12.24802
2450163.23560 10.98489
2450164.23565 11.24706
2450165.23569 9.46946
2450166.23574 11.35341
2450167.23579 10.19933
2450168.23583 8.41357
2450169.23588 9.08441
2450170.23592 9.83899
2450171.23597 8.97014
2450172.23601 9.08677
2450173.23606 7.82195
2450174.23610 8.71563
2450175.23615 8.49804
2450176.23620 5.88588
2450177.23624 7.29284
2450178.23629 7.68043
2450179.23633 6.80639
2450180.23638 6.34618
2450181.23642 5.46501
2450182.23647 6.09625
2450183.23652 6.01105
2450184.23656 7.00266
2450185.23661 7.24211
2450186.23665 6.66812
2450187.23670 6.35399
2450188.23674 5.74347
2450189.23679 8.07291
2450190.23683 8.36555
2450191.23688 6.57379
2450192.23693 9.14390
2450193.23697 9.85386
2450194.23702 6.81534
2450195.23706 8.78062
2450196.23711 12.62241
2450197.23715 10.47247
2450198.23720 13.11448
2450199.23725 11.13754
2450200.23729 12.28906
2450201.23734 10.84352
2450202.23738 10.49912
2450203.23743 9.45927
2450204.23747 11.82500
2450205.23752 10.17117
2450206.23757 9.91147
2450207.23761 9.08211
2450208.23766 10.55490
2450209.23770 11.01613
2450210.23775 9.68244
2450211.23779 9.26401
2450212.23784 10.62800
2450213.23788 7.41864
2450214.23793 10.01306
2450215.23798 7.01911
2450216.23802 7.67534
2450217.23807 7.71916
2450218.23811 7.85215
2450219.23816 5.79242
2450220.23820 6.79335
2450221.23825 6.11697
2450222.23830 7.04164
2450223.23834 5.94736
2450224.23839 5.11288
2450225.23843 6.62840
2450226.23848 6.48085
2450227.23852 7.84233
2450228.23857 7.52781
2450229.23861 6.49267
2450230.23866 8.12791
2450231.23871 7.80295
2450232.23875 8.64885
2450233.23880 7.79540
2450234.23884 8.47106
2450235.23889 9.77168
2450236.23893 10.23307
2450237.23898 7.79976
2450238.23903 10.79384
2450239.23907 9.60629
2450240.23912 10.99616
2450241.23916 9.14019
2450242.23921 12.09226
2450243.23925 11.97600
2450244.23930 10.34041
2450245.23934 11.72019
2450246.23939 11.16739
2450247.23944 11.76664
2450248.23948 9.41787
2450249.23953 9.41786
2450250.23957 9.69527
2450251.23962 10.11452
2450252.23966 11.44742
2450253.23971 9.65623
2450254.23976 9.99082
2450255.23980 7.98813
2450256.23985 7.90381
2450257.23989 7.47879
2450258.23994 7.52318
2450259.23998 7.84496
2450260.24003 6.82899
2450261.24007 6.60982
2450262.24012 6.99433
2450263.24017 6.12644
2450264.24021 5.85716
2450265.24026 6.08730
2450266.24030 7.45474
2450267.24035 6.92590
2450268.24039 7.71048
2450269.24044 5.78163
2450270.24049 7.12948
2450271.24053 6.85390
2450272.24058 7.18153
2450273.24062 6.54562
2450274.24067 9.13642
2450275.24071 7.07729
2450276.24076 9.60136
2450277.24080 8.82289
2450278.24085 8.67331
2450279.24090 8.93868
2450280.24094 10.24820
2450281.24099 10.09473
2450282.24103 10.72570
2450283.24108 8.75032
2450284.24112 8.78154
2450285.24117 9.13002
2450286.24122 12.10215
2450287.24126 12.80867
2450288.24131 10.82476
2450289.24135 11.81141
2450290.24140 11.19273
2450291.24144 11.83307
2450292.24149 11.57422
2450293.24154 8.78787
2450479.25002 5.92499
2450480.25007 6.58134
2450481.25011 6.89480
2450482.25016 7.17671
2450483.25021 6.98322
2450484.25025 7.86042
2450485.25030 6.62843
2450486.25034 6.97918
2450487.25039 9.71541
2450488.25043 9.73310
2450489.25048 10.52674
2450490.25052 9.22255
2450491.25057 8.66683
2450492.25062 9.61776
2450493.25066 11.87471
2450494.25071 9.19863
2450495.25075 9.90455
2450496.25080 11.28770
2450497.25084 10.07021
2450498.25089 9.48060
2450499.25094 10.41670
2450500.25098 9.00799
2450501.25103 9.62934
2450502.25107 6.74019
2450503.25112 7.05239
2450504.25116 8.00006
2450505.25121 8.86147
2450506.25125 7.31661
2450507.25130 7.02359
2450508.25135 6.85952
2450509.25139 6.08139
2450510.25144 5.05004
2450511.25148 6.12191
2450512.25153 5.62137
2450513.25157 5.44959
2450514.25162 4.54187
2450515.25167 5.77097
2450516.25171 4.74382
2450517.25176 5.67243
2450518.25180 3.96401
2450519.25185 4.91993
2450520.25189 6.11335
2450521.25194 5.44033
2450522.25199 4.35665
2450523.25203 5.48413
2450524.25208 6.56687
2450525.25212 7.69750
2450526.25217 6.88471
2450527.25221 8.26819
2450528.25226 8.12120
2450529.25230 7.82635
2450530.25235 9.16191
2450531.25240 9.64279
2450532.25244 8.80782
2450533.25249 8.63017
2450534.25253 7.95079
2450535.25258 10.02213
2450536.25262 9.14372
2450537.25267 10.23882
2450538.25272 9.98643
2450539.25276 9.95751
2450540.25281 9.32571
2450541.25285 8.10789
2450542.25290 9.48658
2450543.25294 9.51756
2450544.25299 10.43857
2450545.25303 7.64546
2450546.25308 6.95246
2450547.25313 6.52724
2450548.25317 6.97404
2450549.25322 7.16385
2450550.25326 6.82368
2450551.25331 6.84781
2450552.25335 5.81593
2450553.25340 4.67768
2450554.25345 5.19248
2450555.25349 3.84952
2450556.25354 4.56012
2450557.25358 4.43185
2450558.25363 4.79922
2450559.25367 4.80620
2450560.25372 4.32896
2450561.25376 4.45837
2450562.25381 5.00585
2450563.25386 5.44246
2450564.25390 5.85872
2450565.25395 5.47505
2450566.25399 6.05011
2450567.25404 5.75656
2450568.25408 6.08666
2450569.25413 5.76573
2450570.25418 7.03123
2450571.25422 8.85667
2450572.25427 9.33719
2450573.25431 8.95726
2450574.25436 9.61820
2450575.25440 9.68727
2450576.25445 9.29565
2450577.25449 7.00613
2450578.25454 11.44926
2450579.25459 9.15727
2450580.25463 9.11413
2450581.25468 10.56381
2450582.25472 9.21456
2450583.25477 11.10583
2450584.25481 7.91099
2450585.25486 9.20831
2450586.25491 7.82790
2450587.25495 7.75553
2450588.25500 6.66826
2450589.25504 6.49761
2450590.25509 7.39833
2450591.25513 6.49603
2450592.25518 6.05869
2450593.25522 4.57730
2450594.25527 4.32928
2450595.25532 4.42813
2450596.25536 4.45770
2450597.25541 4.40570
2450598.25545 4.44850
2450599.25550 4.65848
2450600.25554 4.81301
2450601.25559 4.30366
2450602.25564 3.93824
2450603.25568 4.75934
2450604.25573 4.70423
2450605.25577 5.07419
2450606.25582 5.73390
2450607.25586 5.20942
2450608.25591 6.58600
2450609.25596 5.22868
2450610.25600 6.92732
2450611.25605 6.37542
2450612.25609 7.33698
2450613.25614 7.76570
2450614.25618 7.56431
2450615.25623 7.60936
2450616.25627 7.67372
2450617.25632 8.84622
2450618.25637 9.32164
2450619.25641 10.49759
2450620.25646 8.71321
2450621.25650 7.57392
2450622.25655 9.31800
2450623.25659 7.26324
2450624.25664 10.01784
2450625.25669 9.06633
2450626.25673 7.35082
2450627.25678 6.63388
2450628.25682 6.90707
2450629.25687 7.59027
2450630.25691 6.31203
2450631.25696 6.93843
2450632.25700 6.64668
2450633.25705 5.37556
2450634.25710 5.81281
2450635.25714 5.60727
2450636.25719 4.96053
2450637.25723 4.66480
2450638.25728 3.95898
2450639.25732 4.82868
2450640.25737 3.50246
2450641.25742 3.63944
2450642.25746 4.14330
2450643.25751 3.67957
2450644.25755 3.79628
2450645.25760 3.50441
2450646.25764 4.04915
2450647.25769 5.56786
2450648.25773 4.58913
2450649.25778 5.71655
2450650.25783 5.13198
2450651.25787 5.13948
2450652.25792 5.63656
2450653.25796 6.94413
2450654.25801 5.33850
2450655.25805 8.38966
2450656.25810 7.84051
2450657.25815 7.47798
2450658.25819 7.37998
2450844.26668 2.81116
2450845.26672 2.96212
2450846.26677 2.00731
2450847.26682 2.14065
2450848.26686 2.19126
2450849.26691 1.46451
2450850.26695 1.64777
2450851.26700 1.47277
2450852.26704 1.54055
2450853.26709 1.89664
2450854.26714 2.12680
2450855.26718 2.09755
2450856.26723 2.05898
2450857.26727 2.46303
2450858.26732 3.12304
2450859.26736 3.32513
2450860.26741 3.25306
2450861.26745 3.85222
2450862.26750 4.75708
2450863.26755 4.86521
2450864.26759 4.57665
2450865.26764 5.56834
2450866.26768 5.39692
2450867.26773 5.58428
2450868.26777 6.26042
2450869.26782 5.64389
2450870.26787 6.16587
2450871.26791 7.18663
2450872.26796 8.11212
2450873.26800 5.34469
2450874.26805 5.78265
2450875.26809 6.87434
2450876.26814 5.21549
2450877.26818 5.63509
2450878.26823 6.38574
2450879.26828 4.71536
2450880.26832 4.61404
2450881.26837 3.80124
2450882.26841 4.25726
2450883.26846 2.95910
2450884.26850 3.00782
2450885.26855 2.50134
2450886.26860 2.45934
2450887.26864 2.65390
2450888.26869 2.04977
2450889.26873 1.79374
2450890.26878 1.62503
2450891.26882 1.45329
2450892.26887 1.56767
2450893.26891 1.48426
2450894.26896 1.23682
2450895.26901 1.66883
2450896.26905 1.71089
2450897.26910 1.95627
2450898.26914 1.68981
2450899.26919 2.39663
2450900.26923 2.67230
2450901.26928 2.83672
2450902.26933 3.76774
2450903.26937 3.14979
2450904.26942 5.37894
2450905.26946 3.98294
2450906.26951 5.04953
2450907.26955 5.24733
2450908.26960 6.05338
2450909.26964 6.61178
2450910.26969 5.61090
2450911.26974 6.12467
2450912.26978 5.85804
2450913.26983 5.56939
2450914.26987 6.17685
2450915.26992 6.07395
2450916.26996 5.97738
2450917.27001 5.57971
2450918.27006 5.76912
2450919.27010 5.73165
2450920.27015 4.41037
2450921.27019 4.97218
2450922.27024 5.00340
2450923.27028 3.45143
2450924.27033 3.63226
2450925.27038 3.34375
2450926.27042 3.05053
2450927.27047 2.69871
2450928.27051 2.40827
2450929.27056 1.87951
2450930.27060 1.43851
2450931.27065 1.33611
2450932.27069 1.39889
2450933.27074 1.01381
2450934.27079 1.11023
2450935.27083 1.14435
2450936.27088 1.17853
2450937.27092 1.33361
2450938.27097 1.37708
2450939.27101 1.57443
2450940.27106 2.17721
2450941.27111 2.55222
2450942.27115 2.80589
2450943.27120 2.94740
2450944.27124 2.97022
2450945.27129 3.56456
2450946.27133 3.82969
2450947.27138 4.69939
2450948.27142 4.74741
2450949.27147 5.16386
2450950.27152 5.13909
2450951.27156 4.04866
2450952.27161 6.32092
2450953.27165 5.69478
2450954.27170 6.38694
2450955.27174 5.66163
2450956.27179 6.78808
2450957.27184 5.45746
2450958.27188 5.59702
2450959.27193 5.46574
2450960.27197 4.44082
2450961.27202 5.16337
2450962.27206 5.03856
2450963.27211 4.49874
2450964.27215 4.87676
2450965.27220 3.26697
2450966.27225 2.65454
2450967.27229 2.49399
2450968.27234 2.48607
2450969.27238 2.37206
2450970.27243 1.82865
2450971.27247 1.43543
2450972.27252 1.45131
2450973.27257 1.04771
2450974.27261 0.78262
2450975.27266 0.88813
2450976.27270 0.81196
2450977.27275 0.79232
2450978.27279 0.97694
2450979.27284 0.95116
2450980.27288 1.16445
2450981.27293 1.21946
2450982.27298 1.49836
2450983.27302 1.81780
2450984.27307 2.38856
2450985.27311 2.40638
2450986.27316 2.91327
2450987.27320 3.23413
2450988.27325 3.65172
2450989.27330 3.71544
2450990.27334 4.26522
2450991.27339 4.12365
2450992.27343 4.91269
2450993.27348 5.14883
2450994.27352 5.38769
2450995.27357 5.79122
2450996.27362 6.57394
2450997.27366 4.66614
2450998.27371 5.35900
2450999.27375 4.98098
2451000.27380 5.51047
2451001.27384 5.52071
2451002.27389 4.32394
2451003.27393 4.79270
2451004.27398 4.70861
2451005.27403 4.16362
2451006.27407 3.51064
2451007.27412 3.48029
2451008.27416 2.80847
2451009.27421 2.73495
2451010.27425 2.22155
2451011.27430 1.77013
2451012.27435 1.30264
2451013.27439 1.21285
2451014.27444 0.86815
2451015.27448 0.69527
2451016.27453 0.61593
2451017.27457 0.54547
2451018.27462 0.45478
2451019.27466 0.53031
2451020.27471 0.60261
2451021.27476 0.70386
2451022.27480 0.90672
2451023.27485 1.23327
2451209.28333 4.61656
2451210.28338 4.89290
2451211.28343 4.36343
2451212.28347 4.55197
2451213.28352 4.13900
2451214.28356 3.42216
2451215.28361 2.92931
2451216.28365 2.91146
2451217.28370 2.27901
2451218.28375 1.71765
2451219.28379 1.80381
2451220.28384 1.26102
2451221.28388 0.81963
2451222.28393 0.75246
2451223.28397 0.57245
2451224.28402 0.31479
2451225.28406 0.18891
2451226.28411 0.11572
2451227.28416 0.07635
2451228.28420 0.10462
2451229.28425 0.20359
2451230.28429 0.34341
2451231.28434 0.51846
2451232.28438 0.61565
2451233.28443 1.07102
2451234.28448 1.26799
2451235.28452 1.73774
2451236.28457 1.70833
2451237.28461 2.60713
2451238.28466 2.52602
2451239.28470 3.26279
2451240.28475 3.81109
2451241.28480 3.97264
2451242.28484 4.29237
2451243.28489 4.44633
2451244.28493 4.07498
2451245.28498 5.46846
2451246.28502 5.50940
2451247.28507 4.85576
2451248.28511 3.33671
2451249.28516 5.55771
2451250.28521 4.06216
2451251.28525 5.08717
2451252.28530 4.30531
2451253.28534 4.62305
2451254.28539 3.72125
2451255.28543 3.83263
2451256.28548 2.89899
2451257.28553 3.14526
2451258.28557 2.77245
2451259.28562 2.57592
2451260.28566 1.94044
2451261.28571 1.73335
2451262.28575 1.30083
2451263.28580 1.09983
2451264.28584 0.81594
2451265.28589 0.60921
2451266.28594 0.33670
2451267.28598 0.25142
2451268.28603 0.18492
2451269.28607 0.19073
2451270.28612 0.23833
2451271.28616 0.25195
2451272.28621 0.41054
2451273.28626 0.47498
2451274.28630 1.06660
2451275.28635 1.19277
2451276.28639 1.55693
2451277.28644 1.75645
2451278.28648 2.17447
2451279.28653 2.83569
2451280.28657 2.61754
2451281.28662 2.92140
2451282.28667 3.56136
2451283.28671 3.98730
2451284.28676 4.52637
2451285.28680 4.56594
2451286.28685 4.37949
2451287.28689 4.77427
2451288.28694 5.18182
2451289.28699 5.50756
2451290.28703 5.70353
2451291.28708 5.00709
2451292.28712 4.69891
2451293.28717 4.47083
2451294.28721 5.26831
2451295.28726 4.28323
2451296.28730 3.87911
2451297.28735 3.95283
2451298.28740 4.12276
2451299.28744 2.89804
2451300.28749 2.99349
2451301.28753 2.34579
2451302.28758 2.11856
2451303.28762 1.88941
2451304.28767 1.59561
2451305.28772 1.06789
2451306.28776 0.93459
2451307.28781 0.66927
2451308.28785 0.50531
2451309.28790 0.41483
2451310.28794 0.28505
2451311.28799 0.32345
2451312.28804 0.35491
2451313.28808 0.50726
2451314.28813 0.63536
2451315.28817 0.80396
2451316.28822 1.15985
2451317.28826 1.27955
2451318.28831 1.61169
2451319.28835 1.87448
2451320.28840 2.24230
2451321.28845 2.01044
2451322.28849 2.98315
2451323.28854 3.48704
2451324.28858 4.16064
2451325.28863 3.81063
2451326.28867 4.27198
2451327.28872 4.67574
2451328.28877 5.36031
2451329.28881 5.24341
2451330.28886 5.46793
2451331.28890 5.80679
2451332.28895 5.61474
2451333.28899 4.98043
2451334.28904 6.08852
2451335.28908 4.08654
2451336.28913 5.27972
2451337.28918 4.80105
2451338.28922 4.85121
2451339.28927 3.90495
2451340.28931 3.47571
2451341.28936 2.93576
2451342.28940 2.62084
2451343.28945 2.52288
2451344.28950 2.02091
2451345.28954 1.73134
2451346.28959 1.38137
2451347.28963 1.38783
2451348.28968 0.93544
2451349.28972 0.83470
2451350.28977 0.63691
2451351.28981 0.55843
2451352.28986 0.47609
2451353.28991 0.53222
2451354.28995 0.58884
2451355.29000 0.75128
2451356.29004 0.78237
2451357.29009 0.96444
2451358.29013 1.26220
2451359.29018 1.62908
2451360.29023 2.04192
2451361.29027 2.14898
2451362.29032 2.71507
2451363.29036 2.98356
2451364.29041 3.32501
2451365.29045 3.78076
2451366.29050 4.75600
2451367.29054 4.81458
2451368.29059 5.25543
2451369.29064 5.19430
2451370.29068 6.14485
2451371.29073 5.86748
2451372.29077 4.71516
2451373.29082 5.95959
2451374.29086 5.74393
2451375.29091 5.84296
2451376.29096 4.58253
2451377.29100 4.46444
2451378.29105 4.97299
2451379.29109 3.93111
2451380.29114 4.79370
2451381.29118 4.21987
2451382.29123 4.55783
2451383.29127 3.58522
2451384.29132 3.30395
2451385.29137 2.88230
2451386.29141 2.38769
2451387.29146 2.05523
2451388.29150 1.70934
2451575.30004 4.37956
2451576.30008 6.76788
2451577.30013 7.10911
2451578.30017 7.22343
2451579.30022 6.92924
2451580.30026 6.94387
2451581.30031 6.34549
2451582.30036 6.31718
2451583.30040 6.80004
2451584.30045 7.32772
2451585.30049 7.34394
2451586.30054 6.56867
2451587.30058 5.84646
2451588.30063 6.04517
2451589.30068 6.11930
2451590.30072 4.96032
2451591.30077 5.64102
2451592.30081 6.02093
2451593.30086 4.43529
2451594.30090 5.40636
2451595.30095 3.81879
2451596.30099 3.68862
2451597.30104 3.62946
2451598.30109 3.16903
2451599.30113 2.44496
2451600.30118 2.81748
2451601.30122 2.62246
2451602.30127 2.44229
2451603.30131 2.48670
2451604.30136 2.59562
2451605.30141 2.33128
2451606.30145 2.82877
2451607.30150 2.68889
2451608.30154 3.56410
2451609.30159 3.70852
2451610.30163 3.30036
2451611.30168 4.49506
2451612.30172 4.54066
2451613.30177 4.98951
2451614.30182 5.02775
2451615.30186 5.31300
2451616.30191 5.71397
2451617.30195 5.63265
2451618.30200 5.32748
2451619.30204 6.41162
2451620.30209 6.64746
2451621.30214 6.51759
2451622.30218 7.91146
2451623.30223 7.77022
2451624.30227 7.18633
2451625.30232 7.39897
2451626.30236 7.74818
2451627.30241 6.92445
2451628.30246 5.43834
2451629.30250 7.94188
2451630.30255 6.76160
2451631.30259 6.72719
2451632.30264 6.33773
2451633.30268 5.03884
2451634.30273 5.15204
2451635.30277 5.16254
2451636.30282 4.71321
2451637.30287 3.95324
2451638.30291 4.26932
2451639.30296 4.04070
2451640.30300 3.41648
2451641.30305 3.65295
2451642.30309 3.30078
2451643.30314 3.11299
2451644.30319 2.76795
2451645.30323 2.83594
2451646.30328 3.15498
2451647.30332 2.56117
2451648.30337 2.69857
2451649.30341 3.18479
2451650.30346 3.54805
2451651.30350 3.79492
2451652.30355 4.36173
2451653.30360 4.59591
2451654.30364 4.86149
2451655.30369 5.07111
2451656.30373 6.07021
2451657.30378 6.71096
2451658.30382 6.17215
2451659.30387 6.97094
2451660.30392 6.85072
2451661.30396 6.43455
2451662.30401 6.30610
2451663.30405 8.68347
2451664.30410 8.55531
2451665.30414 8.34335
2451666.30419 8.86913
2451667.30423 7.40687
2451668.30428 8.69488
2451669.30433 8.13615
2451670.30437 7.35846
2451671.30442 5.74929
2451672.30446 6.17931
2451673.30451 8.10353
2451674.30455 7.70080
2451675.30460 5.35933
2451676.30465 4.71122
2451677.30469 6.24361
2451678.30474 5.12299
2451679.30478 4.47079
2451680.30483 3.93694
2451681.30487 3.67138
2451682.30492 4.44008
2451683.30496 3.79659
2451684.30501 2.89481
2451685.30506 3.16134
2451686.30510 3.85309
2451687.30515 3.40830
2451688.30519 2.87897
2451689.30524 3.21626
2451690.30528 3.54723
2451691.30533 4.14295
2451692.30538 3.98741
2451693.30542 4.90520
2451694.30547 4.75204
2451695.30551 3.83676
2451696.30556 5.63027
2451697.30560 5.61926
2451698.30565 5.79799
2451699.30569 6.74099
2451700.30574 6.68050
2451701.30579 7.34044
2451702.30583 7.11881
2451703.30588 7.35422
2451704.30592 8.92189
2451705.30597 8.31941
2451706.30601 8.71041
2451707.30606 7.96769
2451708.30611 9.39265
2451709.30615 8.64064
2451710.30620 8.10477
2451711.30624 9.30249
2451712.30629 7.80204
2451713.30633 7.98964
2451714.30638 6.66863
2451715.30643 6.82300
2451716.30647 7.48909
2451717.30652 6.56763
2451718.30656 6.29867
2451719.30661 5.82545
2451720.30665 5.49373
2451721.30670 4.89714
2451722.30674 4.62603
2451723.30679 4.42723
2451724.30684 4.17923
2451725.30688 4.27776
2451726.30693 4.08866
2451727.30697 4.30436
2451728.30702 3.99893
2451729.30706 3.40149
2451730.30711 3.52716
2451731.30716 4.24512
2451732.30720 4.30677
2451733.30725 4.68737
2451734.30729 4.49567
2451735.30734 4.66424
2451736.30738 5.28848
2451737.30743 4.71355
2451738.30747 5.71894
2451739.30752 7.43235
2451740.30757 6.37969
2451741.30761 6.96315
2451742.30766 7.18715
2451743.30770 8.82956
2451744.30775 7.03999
2451745.30779 8.81676
2451746.30784 8.15120
2451747.30789 8.11038
2451748.30793 7.33037
2451749.30798 10.40746
2451750.30802 9.55099
2451751.30807 7.69569
2451752.30811 7.67827
2451753.30816 8.08490
2451754.30820 8.87432
2451940.31669 5.61244
2451941.31674 5.30235
2451942.31678 5.98624
2451943.31683 7.07665
2451944.31688 6.95665
2451945.31692 5.64169
2451946.31697 6.47113
2451947.31701 7.49814
2451948.31706 8.08119
2451949.31710 9.44742
2451950.31715 8.71900
2451951.31719 9.57787
2451952.31724 7.36434
2451953.31729 9.34778
2451954.31733 10.70678
2451955.31738 12.17125
2451956.31742 9.02501
2451957.31747 10.37194
2451958.31751 8.75824
2451959.31756 10.43615
2451960.31761 11.72584
2451961.31765 11.50289
2451962.31770 10.33827
2451963.31774 9.93393
2451964.31779 12.55139
2451965.31783 9.47340
2451966.31788 8.85815
2451967.31792 8.52900
2451968.31797 7.40860
2451969.31802 8.68360
2451970.31806 8.46724
2451971.31811 8.05655
2451972.31815 7.80596
2451973.31820 6.50876
2451974.31824 6.51864
2451975.31829 7.10487
2451976.31834 5.86733
2451977.31838 5.65369
2451978.31843 6.45986
2451979.31847 5.35147
2451980.31852 5.14436
2451981.31856 5.24479
2451982.31861 7.57817
2451983.31865 6.74070
2451984.31870 6.72545
2451985.31875 5.96586
2451986.31879 7.21846
2451987.31884 8.41975
2451988.31888 7.82204
2451989.31893 7.04122
2451990.31897 8.73683
2451991.31902 8.53290
2451992.31907 9.16672
2451993.31911 8.49043
2451994.31916 8.98903
2451995.31920 9.55752
2451996.31925 9.49497
2451997.31929 10.45480
2451998.31934 9.95869
2451999.31938 12.58013
2452000.31943 11.41193
2452001.31948 11.71334
2452002.31952 10.69180
2452003.31957 8.58833
2452004.31961 11.47874
2452005.31966 10.27456
2452006.31970 10.56516
2452007.31975 9.78808
2452008.31980 7.41729
2452009.31984 8.80471
2452010.31989 8.11168
2452011.31993 8.65123
2452012.31998 8.47916
2452013.32002 9.41738
2452014.32007 7.74996
2452015.32011 6.68776
2452016.32016 6.50905
2452017.32021 6.88367
2452018.32025 6.87495
2452019.32030 5.41101
2452020.32034 5.92450
2452021.32039 5.92983
2452022.32043 5.05351
2452023.32048 6.52560
2452024.32053 6.34143
2452025.32057 6.24348
2452026.32062 6.74402
2452027.32066 7.28969
2452028.32071 8.52028
2452029.32075 7.95673
2452030.32080 6.92464
2452031.32085 10.49782
2452032.32089 7.60383
2452033.32094 9.28982
2452034.32098 9.11620
2452035.32103 9.54482
2452036.32107 10.36363
2452037.32112 10.74650
2452038.32116 11.98804
2452039.32121 10.03767
2452040.32126 11.34306
2452041.32130 11.68639
2452042.32135 13.67732
2452043.32139 11.62382
2452044.32144 9.74689
2452045.32148 12.40083
2452046.32153 10.26314
2452047.32158 9.62122
2452048.32162 11.63579
2452049.32167 10.11325
2452050.32171 9.46547
2452051.32176 10.88159
2452052.32180 8.49106
2452053.32185 8.13462
2452054.32189 8.62047
2452055.32194 6.08140
2452056.32199 7.63419
2452057.32203 7.25483
2452058.32208 6.32428
2452059.32212 6.65933
2452060.32217 6.63931
2452061.32221 6.29395
2452062.32226 6.73190
2452063.32231 6.34813
2452064.32235 6.08977
2452065.32240 6.70315
2452066.32244 6.55857
2452067.32249 8.53153
2452068.32253 7.47877
2452069.32258 6.67646
2452070.32262 6.08770
2452071.32267 7.16290
2452072.32272 6.39700
2452073.32276 8.96719
2452074.32281 8.52834
2452075.32285 8.45392
2452076.32290 10.09085
2452077.32294 9.50223
2452078.32299 10.58712
2452079.32304 10.19272
2452080.32308 10.79995
2452081.32313 12.32724
2452082.32317 12.08249
2452083.32322 12.76830
2452084.32326 11.59716
2452085.32331 9.17174
2452086.32335 10.36809
2452087.32340 9.22905
2452088.32345 11.82842
2452089.32349 10.62838
2452090.32354 11.65192
2452091.32358 11.09179
2452092.32363 9.59735
2452093.32367 11.00401
2452094.32372 9.86695
2452095.32377 8.70264
2452096.32381 8.62344
2452097.32386 9.02480
2452098.32390 7.90750
2452099.32395 6.77405
2452100.32399 6.15875
2452101.32404 6.56426
2452102.32409 6.10499
2452103.32413 6.54002
2452104.32418 5.99486
2452105.32422 6.04592
2452106.32427 7.07472
2452107.32431 7.44548
2452108.32436 6.01278
2452109.32440 6.46172
2452110.32445 6.77270
2452111.32450 7.42936
2452112.32454 7.76863
2452113.32459 7.44757
2452114.32463 8.62079
2452115.32468 8.17673
2452116.32472 8.61342
2452117.32477 8.47167
2452118.32482 10.68050
2452119.32486 10.92843
2452305.33335 8.32208
2452306.33339 8.18719
2452307.33344 8.14454
2452308.33349 7.53906
2452309.33353 7.21465
2452310.33358 6.20052
2452311.33362 5.33331
2452312.33367 5.64086
2452313.33371 7.34897
2452314.33376 5.84057
2452315.33380 6.95456
2452316.33385 6.39127
2452317.33390 6.16641
2452318.33394 5.78439
2452319.33399 6.11570
2452320.33403 6.75053
2452321.33408 7.04290
2452322.33412 7.87450
2452323.33417 7.28563
2452324.33422 7.65385
2452325.33426 9.29287
2452326.33431 10.60475
2452327.33435 9.34590
2452328.33440 10.02710
2452329.33444 9.76350
2452330.33449 10.11694
2452331.33454 10.19477
2452332.33458 10.23173
2452333.33463 11.33577
2452334.33467 11.49123
2452335.33472 10.58720
2452336.33476 10.20266
2452337.33481 10.22837
2452338.33485 11.29495
2452339.33490 9.58014
2452340.33495 9.14607
2452341.33499 10.18454
2452342.33504 9.52895
2452343.33508 9.12410
2452344.33513 9.63229
2452345.33517 8.47288
2452346.33522 7.60499
2452347.33527 7.89496
2452348.33531 6.91652
2452349.33536 7.68041
2452350.33540 6.75550
2452351.33545 5.79508
2452352.33549 6.31640
2452353.33554 5.54684
2452354.33558 6.48706
2452355.33563 5.73562
2452356.33568 6.12105
2452357.33572 5.42287
2452358.33577 5.74400
2452359.33581 6.23623
2452360.33586 6.07208
2452361.33590 5.82613
2452362.33595 7.14348
2452363.33600 7.16510
2452364.33604 6.51456
2452365.33609 7.37313
2452366.33613 7.35706
2452367.33618 7.97437
2452368.33622 8.34940
2452369.33627 8.87843
2452370.33631 8.08610
2452371.33636 9.31962
2452372.33641 10.95152
2452373.33645 11.97369
2452374.33650 9.20493
2452375.33654 11.65044
2452376.33659 12.95607
2452377.33663 10.39730
2452378.33668 11.10586
2452379.33673 11.53415
2452380.33677 9.87362
2452381.33682 11.08784
2452382.33686 9.69253
2452383.33691 10.51597
2452384.33695 10.68518
2452385.33700 10.05602
2452386.33704 8.29760
2452387.33709 8.67948
2452388.33714 7.44321
2452389.33718 6.58692
2452390.33723 6.91653
2452391.33727 7.28391
2452392.33732 6.24788
2452393.33736 7.04293
2452394.33741 5.96113
2452395.33746 5.11636
2452396.33750 5.44168
2452397.33755 5.16165
2452398.33759 6.21273
2452399.33764 5.79948
2452400.33768 5.57223
2452401.33773 6.17421
2452402.33777 5.47669
2452403.33782 5.46932
2452404.33787 5.63475
2452405.33791 5.51790
2452406.33796 6.33482
2452407.33800 7.86004
2452408.33805 8.37388
2452409.33809 7.46081
2452410.33814 6.81655
2452411.33819 8.51648
2452412.33823 9.65871
2452413.33828 10.28385
2452414.33832 9.98671
2452415.33837 8.96096
2452416.33841 10.86821
2452417.33846 10.65024
2452418.33851 11.06939
2452419.33855 9.39378
2452420.33860 10.78856
2452421.33864 11.03786
2452422.33869 8.64674
2452423.33873 9.18645
2452424.33878 8.08550
2452425.33882 8.49268
2452426.33887 8.82569
2452427.33892 7.32670
2452428.33896 9.10916
2452429.33901 8.69900
2452430.33905 7.34035
2452431.33910 6.59944
2452432.33914 6.67510
2452433.33919 7.29797
2452434.33924 6.44214
2452435.33928 4.75240
2452436.33933 4.31456
2452437.33937 4.90403
2452438.33942 5.24430
2452439.33946 4.31126
2452440.33951 5.07368
2452441.33955 4.34580
2452442.33960 5.32079
2452443.33965 5.58347
2452444.33969 6.62656
2452445.33974 5.82523
2452446.33978 5.96393
2452447.33983 7.36253
2452448.33987 7.28027
2452449.33992 7.21956
2452450.33997 7.32322
2452451.34001 9.26453
2452452.34006 7.66909
2452453.34010 7.34327
2452454.34015 8.76229
2452455.34019 8.92817
2452456.34024 10.60970
2452457.34028 9.82384
2452458.34033 10.72945
2452459.34038 7.39076
2452460.34042 9.65057
2452461.34047 11.45078
2452462.34051 8.84637
2452463.34056 9.52586
2452464.34060 10.43842
2452465.34065 8.93750
2452466.34070 9.86680
2452467.34074 8.31606
2452468.34079 8.48718
2452469.34083 8.71062
2452470.34088 6.93971
2452471.34092 6.80591
2452472.34097 7.67058
2452473.34101 6.13108
2452474.34106 6.37910
2452475.34111 6.54916
2452476.34115 5.72045
2452477.34120 5.55431
2452478.34124 5.99348
2452479.34129 6.17579
2452480.34133 4.97109
2452481.34138 4.63734
2452482.34143 5.24011
2452483.34147 4.50761
2452484.34152 5.64752
2452670.35000 7.54262
2452671.35005 7.58371
2452672.35010 7.00304
2452673.35014 6.98759
2452674.35019 8.29513
2452675.35023 7.40351
2452676.35028 6.82261
2452677.35032 7.86516
2452678.35037 6.24326
2452679.35042 5.78630
2452680.35046 4.81143
2452681.35051 4.62374
2452682.35055 4.22001
2452683.35060 4.00199
2452684.35064 3.77621
2452685.35069 3.55361
2452686.35073 3.62949
2452687.35078 3.16225
2452688.35083 3.53259
2452689.35087 3.05665
2452690.35092 2.61034
2452691.35096 2.92464
2452692.35101 2.88644
2452693.35105 3.35452
2452694.35110 3.34999
2452695.35115 3.31895
2452696.35119 4.16055
2452697.35124 4.03723
2452698.35128 4.38720
2452699.35133 5.14980
2452700.35137 5.24563
2452701.35142 5.30674
2452702.35146 5.51385
2452703.35151 4.71758
2452704.35156 5.09485
2452705.35160 6.48332
2452706.35165 6.46081
2452707.35169 7.09573
2452708.35174 8.02038
2452709.35178 6.85471
2452710.35183 6.33869
2452711.35188 6.58328
2452712.35192 6.80839
2452713.35197 6.62811
2452714.35201 7.38777
2452715.35206 8.28382
2452716.35210 7.38131
2452717.35215 7.14572
2452718.35219 6.51902
2452719.35224 5.29386
2452720.35229 6.95523
2452721.35233 5.13749
2452722.35238 5.30502
2452723.35242 3.52472
2452724.35247 4.13126
2452725.35251 3.74790
2452726.35256 3.39091
2452727.35261 2.74047
2452728.35265 2.98752
2452729.35270 3.04777
2452730.35274 3.08868
2452731.35279 2.84428
2452732.35283 2.68743
2452733.35288 2.79354
2452734.35293 2.88767
2452735.35297 2.31638
2452736.35302 2.78239
2452737.35306 2.55065
2452738.35311 3.34756
2452739.35315 3.38070
2452740.35320 3.72718
2452741.35324 4.01522
2452742.35329 3.36605
2452743.35334 3.92360
2452744.35338 5.65722
2452745.35343 5.18809
2452746.35347 6.49935
2452747.35352 6.10338
2452748.35356 5.44991
2452749.35361 5.77155
2452750.35366 6.43717
2452751.35370 6.38700
2452752.35375 7.06352
2452753.35379 7.33828
2452754.35384 7.37564
2452755.35388 7.21342
2452756.35393 7.52936
2452757.35397 7.40681
2452758.35402 5.89436
2452759.35407 5.06238
2452760.35411 5.50971
2452761.35416 5.61575
2452762.35420 4.93227
2452763.35425 5.13393
2452764.35429 3.85289
2452765.35434 4.70680
2452766.35439 3.98477
2452767.35443 3.21575
2452768.35448 2.79038
2452769.35452 2.68998
2452770.35457 2.76702
2452771.35461 2.18749
2452772.35466 2.00119
2452773.35470 2.02335
2452774.35475 1.73080
2452775.35480 2.20442
2452776.35484 2.18490
2452777.35489 2.37502
2452778.35493 2.67502
2452779.35498 2.36511
2452780.35502 2.83303
2452781.35507 3.09528
2452782.35512 3.99647
2452783.35516 3.63895
2452784.35521 3.41194
2452785.35525 4.31259
2452786.35530 5.31426
2452787.35534 5.50994
2452788.35539 5.50861
2452789.35543 5.63978
2452790.35548 6.33912
2452791.35553 6.71672
2452792.35557 6.67932
2452793.35562 6.43506
2452794.35566 6.72359
2452795.35571 6.39584
2452796.35575 7.42699
2452797.35580 6.55331
2452798.35585 5.88930
2452799.35589 7.72591
2452800.35594 5.61936
2452801.35598 5.26226
2452802.35603 4.80365
2452803.35607 4.76374
2452804.35612 5.10340
2452805.35617 3.67934
2452806.35621 4.05167
2452807.35626 3.39849
2452808.35630 2.97968
2452809.35635 2.39363
2452810.35639 2.56893
2452811.35644 1.90453
2452812.35648 2.00003
2452813.35653 1.92734
2452814.35658 1.33175
2452815.35662 1.74397
2452816.35667 1.28109
2452817.35671 1.91300
2452818.35676 1.66368
2452819.35680 1.67003
2452820.35685 2.05043
2452821.35690 2.03526
2452822.35694 1.89659
2452823.35699 3.12761
2452824.35703 3.02926
2452825.35708 3.51481
2452826.35712 3.78666
2452827.35717 3.86552
2452828.35721 4.06479
2452829.35726 5.28199
2452830.35731 5.51739
2452831.35735 5.52120
2452832.35740 6.39944
2452833.35744 5.98053
2452834.35749 6.89022
2452835.35753 7.25130
2452836.35758 7.07720
2452837.35763 6.66003
2452838.35767 5.71143
2452839.35772 6.53030
2452840.35776 5.81076
2452841.35781 6.32151
2452842.35785 6.56054
2452843.35790 5.31106
2452844.35794 4.47275
2452845.35799 5.01607
2452846.35804 4.31522
2452847.35808 4.54461
2452848.35813 3.57662
2452849.35817 3.15883
2453036.36671 2.92513
2453037.36675 3.36419
2453038.36680 2.90036
2453039.36684 3.62925
2453040.36689 4.72500
2453041.36693 4.22804
2453042.36698 4.73658
2453043.36703 4.81816
2453044.36707 4.71347
2453045.36712 5.05446
2453046.36716 4.63075
2453047.36721 4.36355
2453048.36725 5.13476
2453049.36730 5.67427
2453050.36735 5.04256
2453051.36739 4.79333
2453052.36744 4.61003
2453053.36748 3.93419
2453054.36753 3.52064
2453055.36757 2.87948
2453056.36762 2.99534
2453057.36766 2.46622
2453058.36771 1.88869
2453059.36776 1.61786
2453060.36780 1.18398
2453061.36785 1.08122
2453062.36789 0.87309
2453063.36794 0.46776
2453064.36798 0.38168
2453065.36803 0.24102
2453066.36808 0.12246
2453067.36812 0.09352
2453068.36817 0.15438
2453069.36821 0.24001
2453070.36826 0.37977
2453071.36830 0.64794
2453072.36835 0.79292
2453073.36839 1.36790
2453074.36844 1.19744
2453075.36849 1.60242
2453076.36853 1.92899
2453077.36858 2.43644
2453078.36862 3.26039
2453079.36867 2.86107
2453080.36871 3.24956
2453081.36876 3.65395
2453082.36881 4.16335
2453083.36885 4.53614
2453084.36890 4.50161
2453085.36894 4.23124
2453086.36899 4.93023
2453087.36903 5.76914
2453088.36908 5.52010
2453089.36912 4.78336
2453090.36917 4.94760
2453091.36922 4.99736
2453092.36926 4.96073
2453093.36931 4.97154
2453094.36935 4.13148
2453095.36940 3.26940
2453096.36944 2.84415
2453097.36949 3.17498
2453098.36954 2.24151
2453099.36958 2.42896
2453100.36963 1.76558
2453101.36967 1.33923
2453102.36972 1.25584
2453103.36976 0.80350
2453104.36981 0.66270
2453105.36985 0.42124
2453106.36990 0.19644
2453107.36995 0.14076
2453108.36999 0.06612
2453109.37004 0.05448
2453110.37008 0.10651
2453111.37013 0.18490
2453112.37017 0.39559
2453113.37022 0.60112
2453114.37027 0.63864
2453115.37031 0.98963
2453116.37036 1.30830
2453117.37040 2.02126
2453118.37045 1.91871
2453119.37049 2.34945
2453120.37054 2.50036
2453121.37059 3.07950
2453122.37063 3.95394
2453123.37068 3.35253
2453124.37072 4.40177
2453125.37077 4.06907
2453126.37081 5.55371
2453127.37086 4.89390
2453128.37090 4.90946
2453129.37095 4.71824
2453130.37100 5.11913
2453131.37104 4.22836
2453132.37109 4.89615
2453133.37113 4.41285
2453134.37118 4.19600
2453135.37122 5.09451
2453136.37127 4.48439
2453137.37132 4.13545
2453138.37136 3.53749
2453139.37141 3.01361
2453140.37145 2.89250
2453141.37150 2.21967
2453142.37154 1.89482
2453143.37159 1.63571
2453144.37163 1.20386
2453145.37168 0.85780
2453146.37173 0.61333
2453147.37177 0.36297
2453148.37182 0.20875
2453149.37186 0.09628
2453150.37191 0.03314
2453151.37195 0.03789
2453152.37200 0.10730
2453153.37205 0.21666
2453154.37209 0.37914
2453155.37214 0.61163
2453156.37218 0.68321
2453157.37223 1.12848
2453158.37227 1.45112
2453159.37232 1.85838
2453160.37236 2.37952
2453161.37241 2.47260
2453162.37246 3.33497
2453163.37250 2.98242
2453164.37255 3.90425
2453165.37259 3.76649
2453166.37264 4.75976
2453167.37268 4.61212
2453168.37273 4.14928
2453169.37278 4.92545
2453170.37282 5.17865
2453171.37287 5.14164
2453172.37291 5.18645
2453173.37296 4.84694
2453174.37300 4.57046
2453175.37305 3.90401
2453176.37309 4.71473
2453177.37314 4.40791
2453178.37319 4.64222
2453179.37323 3.55532
2453180.37328 3.30884
2453181.37332 2.89689
2453182.37337 2.69630
2453183.37341 2.00191
2453184.37346 1.77598
2453185.37351 1.41081
2453186.37355 1.17133
2453187.37360 0.98588
2453188.37364 0.58122
2453189.37369 0.31108
2453190.37373 0.18911
2453191.37378 0.13026
2453192.37382 0.06389
2453193.37387 0.09453
2453194.37392 0.15062
2453195.37396 0.36530
2453196.37401 0.40811
2453197.37405 0.64314
2453198.37410 1.03030
2453199.37414 1.22995
2453200.37419 1.47793
2453201.37424 1.76004
2453202.37428 2.16589
2453203.37433 2.45011
2453204.37437 3.06415
2453205.37442 4.09158
2453206.37446 4.55387
2453207.37451 4.92989
2453208.37456 4.31973
2453209.37460 4.95134
2453210.37465 4.88015
2453211.37469 4.55984
2453212.37474 4.14932
2453213.37478 4.20359
2453214.37483 5.16549
2453215.37487 4.33092
2453401.38336 0.99846
2453402.38341 1.14269
2453403.38345 0.90115
2453404.38350 1.49420
2453405.38354 1.49024
2453406.38359 1.64540
2453407.38364 1.85366
2453408.38368 2.39556
2453409.38373 2.37174
2453410.38377 3.37970
2453411.38382 3.65231
2453412.38386 3.47152
2453413.38391 4.04190
2453414.38396 5.03760
2453415.38400 5.04071
2453416.38405 5.05260
2453417.38409 5.05506
2453418.38414 5.64986
2453419.38418 5.67641
2453420.38423 6.26668
2453421.38427 5.98922
2453422.38432 5.62958
2453423.38437 6.90889
2453424.38441 6.49780
2453425.38446 5.44277
2453426.38450 5.53095
2453427.38455 6.06361
2453428.38459 4.95028
2453429.38464 5.02196
2453430.38469 4.64559
2453431.38473 4.11745
2453432.38478 3.64525
2453433.38482 3.69175
2453434.38487 3.03709
2453435.38491 2.81754
2453436.38496 2.88922
2453437.38501 2.18763
2453438.38505 2.17952
2453439.38510 2.02935
2453440.38514 1.64778
2453441.38519 1.60723
2453442.38523 1.32233
2453443.38528 1.52384
2453444.38532 1.54070
2453445.38537 1.75462
2453446.38542 1.86597
2453447.38546 1.90902
2453448.38551 2.67519
2453449.38555 2.58494
2453450.38560 3.03175
2453451.38564 2.89289
2453452.38569 3.27213
2453453.38574 3.80275
2453454.38578 3.74169
2453455.38583 4.55535
2453456.38587 4.88679
2453457.38592 5.82899
2453458.38596 6.22524
2453459.38601 5.93147
2453460.38605 5.87810
2453461.38610 7.43357
2453462.38615 5.47217
2453463.38619 5.53221
2453464.38624 6.90458
2453465.38628 6.52566
2453466.38633 6.29927
2453467.38637 5.20710
2453468.38642 5.65179
2453469.38647 6.85524
2453470.38651 6.45399
2453471.38656 5.83532
2453472.38660 4.66503
2453473.38665 4.57322
2453474.38669 4.19362
2453475.38674 3.73292
2453476.38678 3.44439
2453477.38683 3.26063
2453478.38688 2.52812
2453479.38692 2.98070
2453480.38697 2.36871
2453481.38701 2.06859
2453482.38706 1.68582
2453483.38710 2.02219
2453484.38715 1.61541
2453485.38720 1.87307
2453486.38724 1.66588
2453487.38729 1.94412
2453488.38733 1.80558
2453489.38738 2.23198
2453490.38742 2.49671
2453491.38747 2.84800
2453492.38751 3.39969
2453493.38756 3.65167
2453494.38761 4.44115
2453495.38765 3.61731
2453496.38770 5.56792
2453497.38774 5.45222
2453498.38779 5.11246
2453499.38783 6.25627
2453500.38788 7.06979
2453501.38793 6.98740
2453502.38797 5.88104
2453503.38802 6.74344
2453504.38806 7.37273
2453505.38811 6.91882
2453506.38815 7.27693
2453507.38820 7.29771
2453508.38824 6.18483
2453509.38829 7.57317
2453510.38834 6.60106
2453511.38838 6.28184
2453512.38843 5.49558
2453513.38847 5.59486
2453514.38852 5.90746
2453515.38856 5.17132
2453516.38861 5.01975
2453517.38866 4.30846
2453518.38870 3.99897
2453519.38875 3.02495
2453520.38879 3.42526
2453521.38884 2.94447
2453522.38888 2.83332
2453523.38893 1.98722
2453524.38898 2.96391
2453525.38902 2.26588
2453526.38907 2.28916
2453527.38911 2.26732
2453528.38916 2.16306
2453529.38920 2.43846
2453530.38925 2.79572
2453531.38929 2.75631
2453532.38934 3.21649
2453533.38939 3.50660
2453534.38943 3.83660
2453535.38948 4.66558
2453536.38952 4.46071
2453537.38957 4.65484
2453538.38961 5.05327
2453539.38966 5.67505
2453540.38971 5.02854
2453541.38975 7.01587
2453542.38980 6.30645
2453543.38984 6.67459
2453544.38989 6.05831
2453545.38993 7.22609
2453546.38998 6.29127
2453547.39002 6.11611
2453548.39007 6.83450
2453549.39012 7.15536
2453550.39016 6.62322
2453551.39021 7.30292
2453552.39025 7.75295
2453553.39030 6.81297
2453554.39034 4.97342
2453555.39039 6.06803
2453556.39044 6.07689
2453557.39048 5.19023
2453558.39053 5.18539
2453559.39057 4.78621
2453560.39062 3.83246
2453561.39066 4.44254
2453562.39071 3.54183
2453563.39075 3.25033
2453564.39080 3.25253
2453565.39085 2.43985
2453566.39089 3.09715
2453567.39094 2.38422
2453568.39098 3.06268
2453569.39103 2.89178
2453570.39107 2.39184
2453571.39112 2.86988
2453572.39117 2.66483
2453573.39121 2.81866
2453574.39126 2.57110
2453575.39130 3.96468
2453576.39135 3.87589
2453577.39139 4.76605
2453578.39144 4.90200
2453579.39148 4.54706
2453580.39153 6.02878
2453766.40002 7.87702
2453767.40006 6.78293
2453768.40011 7.41856
2453769.40016 6.22792
2453770.40020 5.58155
2453771.40025 5.62813
2453772.40029 5.24637
2453773.40034 4.42425
2453774.40038 3.67125
2453775.40043 5.61882
2453776.40047 5.24860
2453777.40052 5.34850
2453778.40057 5.08108
2453779.40061 4.52258
2453780.40066 4.74505
2453781.40070 4.68733
2453782.40075 5.49114
2453783.40079 5.72669
2453784.40084 5.56821
2453785.40089 6.36327
2453786.40093 7.20016
2453787.40098 6.82265
2453788.40102 6.36811
2453789.40107 7.93619
2453790.40111 6.99086
2453791.40116 7.65109
2453792.40120 8.89922
2453793.40125 9.51910
2453794.40130 9.31912
2453795.40134 8.49646
2453796.40139 12.31029
2453797.40143 9.24220
2453798.40148 10.26519
2453799.40152 9.25571
2453800.40157 8.86559
2453801.40162 9.73596
2453802.40166 9.11182
2453803.40171 9.42128
2453804.40175 8.49112
2453805.40180 8.92209
2453806.40184 7.85113
2453807.40189 9.02504
2453808.40193 8.02326
2453809.40198 7.33281
2453810.40203 7.04902
2453811.40207 6.45105
2453812.40212 6.43945
2453813.40216 6.95342
2453814.40221 5.43443
2453815.40225 5.60657
2453816.40230 4.90846
2453817.40235 3.88221
2453818.40239 5.37393
2453819.40244 5.55942
2453820.40248 5.24813
2453821.40253 6.28563
2453822.40257 5.02981
2453823.40262 4.90849
2453824.40266 6.27814
2453825.40271 6.61200
2453826.40276 6.86211
2453827.40280 5.81354
2453828.40285 6.39609
2453829.40289 6.06012
2453830.40294 9.13954
2453831.40298 7.27733
2453832.40303 7.37517
2453833.40308 8.65080
2453834.40312 9.17796
2453835.40317 9.99279
2453836.40321 9.50133
2453837.40326 9.17172
2453838.40330 9.60854
2453839.40335 9.50537
2453840.40340 11.58982
2453841.40344 10.16592
2453842.40349 10.75861
2453843.40353 9.79653
2453844.40358 8.04523
2453845.40362 11.21560
2453846.40367 9.92364
2453847.40371 9.44070
2453848.40376 6.90781
2453849.40381 8.30488
2453850.40385 9.30570
2453851.40390 8.69250
2453852.40394 7.17068
2453853.40399 7.82546
2453854.40403 7.68011
2453855.40408 6.22880
2453856.40413 6.84558
2453857.40417 6.54937
2453858.40422 6.08724
2453859.40426 5.98418
2453860.40431 4.91129
2453861.40435 5.76499
2453862.40440 5.29852
2453863.40444 4.95019
2453864.40449 6.42046
2453865.40454 5.68750
2453866.40458 6.12562
2453867.40463 6.34603
2453868.40467 5.54486
2453869.40472 6.70192
2453870.40476 7.82974
2453871.40481 7.65428
2453872.40486 7.74190
2453873.40490 8.68492
2453874.40495 9.71565
2453875.40499 7.63208
2453876.40504 9.34741
2453877.40508 9.75443
2453878.40513 11.75171
2453879.40517 11.41780
2453880.40522 8.91452
2453881.40527 11.84177
2453882.40531 10.32945
2453883.40536 8.79011
2453884.40540 9.01079
2453885.40545 11.69209
2453886.40549 10.57456
2453887.40554 8.92211
2453888.40559 11.15745
2453889.40563 9.99703
2453890.40568 8.77636
2453891.40572 8.91674
2453892.40577 7.56769
2453893.40581 9.51168
2453894.40586 6.66495
2453895.40590 6.27978
2453896.40595 7.00845
2453897.40600 8.46012
2453898.40604 5.41073
2453899.40609 6.55853
2453900.40613 5.91954
2453901.40618 5.97262
2453902.40622 6.30802
2453903.40627 5.24894
2453904.40632 5.51921
2453905.40636 5.35446
2453906.40641 6.71620
2453907.40645 6.85479
2453908.40650 5.60824
2453909.40654 6.84872
2453910.40659 7.63659
2453911.40664 6.10092
2453912.40668 8.67583
2453913.40673 7.94278
2453914.40677 7.99610
2453915.40682 9.97559
2453916.40686 10.14884
2453917.40691 8.16713
2453918.40695 10.48357
2453919.40700 10.74461
2453920.40705 8.05410
2453921.40709 11.08239
2453922.40714 10.19801
2453923.40718 11.93630
2453924.40723 9.83858
2453925.40727 10.86749
2453926.40732 10.08665
2453927.40737 9.85576
2453928.40741 8.07898
2453929.40746 11.18988
2453930.40750 10.98422
2453931.40755 9.60529
2453932.40759 9.54446
2453933.40764 8.20066
2453934.40768 9.39638
2453935.40773 8.31516
2453936.40778 7.79885
2453937.40782 8.48760
2453938.40787 6.14878
2453939.40791 5.45261
2453940.40796 6.78951
2453941.40800 6.14492
2453942.40805 5.40607
2453943.40810 6.07442
2453944.40814 6.11342
2453945.40819 6.39941
2454131.41667 9.98326
2454132.41672 10.84429
2454133.41677 11.67665
2454134.41681 12.56554
2454135.41686 12.25192
2454136.41690 10.54768
2454137.41695 11.47439
2454138.41699 10.11912
2454139.41704 9.97098
2454140.41708 9.77567
2454141.41713 9.12528
2454142.41718 10.08310
2454143.41722 9.86085
2454144.41727 8.29901
2454145.41731 8.41707
2454146.41736 7.60961
2454147.41740 6.86514
2454148.41745 6.47227
2454149.41750 8.21116
2454150.41754 6.25268
2454151.41759 6.98495
2454152.41763 6.68212
2454153.41768 5.59224
2454154.41772 6.58947
2454155.41777 6.53815
2454156.41782 6.41999
2454157.41786 6.28746
2454158.41791 6.76114
2454159.41795 7.32909
2454160.41800 6.64782
2454161.41804 8.67497
2454162.41809 8.46764
2454163.41813 6.28935
2454164.41818 8.45752
2454165.41823 10.94687
2454166.41827 9.72922
2454167.41832 9.04188
2454168.41836 10.72717
2454169.41841 8.18690
2454170.41845 10.94248
2454171.41850 10.33718
2454172.41855 11.11021
2454173.41859 9.70278
2454174.41864 10.78098
2454175.41868 8.33753
2454176.41873 10.55080
2454177.41877 11.28864
2454178.41882 12.23270
2454179.41886 13.47375
2454180.41891 9.70163
2454181.41896 10.80400
2454182.41900 9.63187
2454183.41905 9.33465
2454184.41909 9.34136
2454185.41914 8.74358
2454186.41918 10.09586
2454187.41923 7.89298
2454188.41928 6.88873
2454189.41932 7.57945
2454190.41937 6.37045
2454191.41941 6.61421
2454192.41946 7.34424
2454193.41950 6.30059
2454194.41955 6.66244
2454195.41959 6.12802
2454196.41964 6.40416
2454197.41969 5.84235
2454198.41973 6.89048
2454199.41978 5.66100
2454200.41982 6.17906
2454201.41987 7.01551
2454202.41991 7.83772
2454203.41996 7.71554
2454204.42001 8.30177
2454205.42005 7.25078
2454206.42010 8.35401
2454207.42014 9.21338
2454208.42019 9.41633
2454209.42023 8.66379
2454210.42028 9.19531
2454211.42032 10.20330
2454212.42037 11.39080
2454213.42042 13.08835
2454214.42046 9.78797
2454215.42051 11.15924
2454216.42055 10.02782
2454217.42060 11.14576
2454218.42064 10.69482
2454219.42069 11.46831
2454220.42074 8.70157
2454221.42078 10.29938
2454222.42083 10.51422
2454223.42087 10.31691
2454224.42092 10.10692
2454225.42096 9.58532
2454226.42101 10.20843
2454227.42106 9.84736
2454228.42110 8.13944
2454229.42115 7.52900
2454230.42119 7.73940
2454231.42124 7.84138
2454232.42128 6.98332
2454233.42133 5.96275
2454234.42137 7.09219
2454235.42142 6.54875
2454236.42147 7.26751
2454237.42151 5.65853
2454238.42156 6.25236
2454239.42160 6.42110
2454240.42165 6.11743
2454241.42169 5.80493
2454242.42174 6.80291
2454243.42179 6.57041
2454244.42183 7.17250
2454245.42188 7.50289
2454246.42192 6.98942
2454247.42197 7.82208
2454248.42201 8.19726
2454249.42206 8.97678
2454250.42210 9.71955
2454251.42215 9.93355
2454252.42220 10.81210
2454253.42224 10.39534
2454254.42229 12.58112
2454255.42233 11.11112
2454256.42238 9.40517
2454257.42242 10.53346
2454258.42247 14.52567
2454259.42252 9.52964
2454260.42256 11.46645
2454261.42261 13.27300
2454262.42265 9.35179
2454263.42270 12.09920
2454264.42274 11.79488
2454265.42279 9.61916
2454266.42283 7.76743
2454267.42288 9.77266
2454268.42293 8.76337
2454269.42297 8.30426
2454270.42302 8.62421
2454271.42306 7.72170
2454272.42311 6.19507
2454273.42315 6.94944
2454274.42320 6.97816
2454275.42325 6.79567
2454276.42329 7.06278
2454277.42334 4.91902
2454278.42338 6.59285
2454279.42343 5.70696
2454280.42347 6.04443
2454281.42352 6.51001
2454282.42356 5.63960
2454283.42361 6.02596
2454284.42366 6.84244
2454285.42370 6.33568
2454286.42375 7.25869
2454287.42379 6.56019
2454288.42384 8.62741
2454289.42388 8.66580
2454290.42393 7.78641
2454291.42398 9.75573
2454292.42402 9.54213
2454293.42407 8.59255
2454294.42411 10.48438
2454295.42416 10.81216
2454296.42420 8.70045
2454297.42425 7.97697
2454298.42429 10.24891
2454299.42434 9.98121
2454300.42439 11.50028
2454301.42443 10.07898
2454302.42448 10.07934
2454303.42452 12.51516
2454304.42457 11.72821
2454305.42461 8.64097
2454306.42466 11.25929
2454307.42471 11.12058
2454308.42475 9.14969
2454309.42480 8.57073
2454310.42484 6.93212
2454497.43338 5.23446
2454498.43342 6.33250
2454499.43347 6.45128
2454500.43351 6.89025
2454501.43356 7.75788
2454502.43360 9.21651
2454503.43365 7.66324
2454504.43370 7.92885
2454505.43374 8.54945
2454506.43379 8.63019
2454507.43383 10.53242
2454508.43388 8.92510
2454509.43392 9.97322
2454510.43397 11.48227
2454511.43401 10.62091
2454512.43406 8.76189
2454513.43411 8.33610
2454514.43415 7.70216
2454515.43420 8.32804
2454516.43424 6.68441
2454517.43429 9.28939
2454518.43433 6.83592
2454519.43438 6.87732
2454520.43443 6.64086
2454521.43447 5.35358
2454522.43452 6.27709
2454523.43456 5.60404
2454524.43461 4.88426
2454525.43465 4.90399
2454526.43470 4.43049
2454527.43474 4.24975
2454528.43479 3.82021
2454529.43484 4.03244
2454530.43488 4.09603
2454531.43493 3.61026
2454532.43497 4.10743
2454533.43502 3.31721
2454534.43506 4.80140
2454535.43511 3.93797
2454536.43516 3.92623
2454537.43520 4.78332
2454538.43525 5.48073
2454539.43529 5.53642
2454540.43534 6.55793
2454541.43538 6.28065
2454542.43543 6.66369
2454543.43548 7.06002
2454544.43552 8.76829
2454545.43557 7.48316
2454546.43561 10.10307
2454547.43566 9.96093
2454548.43570 7.50586
2454549.43575 9.44629
2454550.43579 8.19919
2454551.43584 8.89197
2454552.43589 7.34670
2454553.43593 8.57925
2454554.43598 10.87472
2454555.43602 7.68228
2454556.43607 8.70281
2454557.43611 7.92295
2454558.43616 7.11435
2454559.43621 8.02454
2454560.43625 6.48390
2454561.43630 6.38538
2454562.43634 6.16215
2454563.43639 6.31484
2454564.43643 5.05696
2454565.43648 6.00314
2454566.43652 3.76513
2454567.43657 4.03057
2454568.43662 4.52774
2454569.43666 3.61316
2454570.43671 3.73737
2454571.43675 3.23392
2454572.43680 3.03450
2454573.43684 3.36300
2454574.43689 3.88446
2454575.43694 3.51470
2454576.43698 3.87911
2454577.43703 3.93155
2454578.43707 4.69928
2454579.43712 3.95695
2454580.43716 4.97735
2454581.43721 5.19850
2454582.43725 5.23048
2454583.43730 6.85469
2454584.43735 5.36861
2454585.43739 7.08032
2454586.43744 7.48912
2454587.43748 7.17936
2454588.43753 9.23001
2454589.43757 8.30530
2454590.43762 7.56570
2454591.43767 8.77667
2454592.43771 7.95700
2454593.43776 8.02902
2454594.43780 9.25467
2454595.43785 8.67216
2454596.43789 8.94008
2454597.43794 5.94108
2454598.43798 7.90271
2454599.43803 8.45030
2454600.43808 6.24260
2454601.43812 6.78294
2454602.43817 6.15718
2454603.43821 6.33249
2454604.43826 5.22453
2454605.43830 5.54172
2454606.43835 4.63019
2454607.43840 5.60321
2454608.43844 4.24216
2454609.43849 4.67202
2454610.43853 3.79500
2454611.43858 3.24411
2454612.43862 3.23972
2454613.43867 3.25722
2454614.43871 2.39956
2454615.43876 3.42546
2454616.43881 3.26179
2454617.43885 3.52289
2454618.43890 3.74357
2454619.43894 3.27850
2454620.43899 4.06725
2454621.43903 4.34288
2454622.43908 4.09928
2454623.43913 5.75124
2454624.43917 6.39472
2454625.43922 5.54367
2454626.43926 6.43696
2454627.43931 6.43813
2454628.43935 6.55953
2454629.43940 6.78504
2454630.43945 6.44016
2454631.43949 7.84902
2454632.43954 7.25650
2454633.43958 8.32946
2454634.43963 7.57199
2454635.43967 7.00314
2454636.43972 7.33877
2454637.43976 8.04028
2454638.43981 7.34276
2454639.43986 6.71407
2454640.43990 8.27456
2454641.43995 5.91639
2454642.43999 7.35069
2454643.44004 6.84016
2454644.44008 6.28405
2454645.44013 5.79935
2454646.44018 4.61911
2454647.44022 4.36717
2454648.44027 5.06583
2454649.44031 4.31956
2454650.44036 3.77465
2454651.44040 3.13197
2454652.44045 2.81450
2454653.44049 2.56604
2454654.44054 2.57644
2454655.44059 2.61722
2454656.44063 2.71114
2454657.44068 3.02421
2454658.44072 3.38430
2454659.44077 3.37485
2454660.44081 2.73886
2454661.44086 3.11708
2454662.44091 3.30466
2454663.44095 4.39534
2454664.44100 4.64169
2454665.44104 4.43994
2454666.44109 4.98215
2454667.44113 5.52754
2454668.44118 6.08762
2454669.44122 6.87296
2454670.44127 6.57807
2454671.44132 6.60071
2454672.44136 7.27805
2454673.44141 7.05546
2454674.44145 7.65766
2454675.44150 7.33815
2454676.44154 8.41547
2454862.45003 1.19300
2454863.45008 0.90677
2454864.45012 1.01887
2454865.45017 0.83921
2454866.45021 0.89278
2454867.45026 1.08234
2454868.45031 1.31059
2454869.45035 1.43723
2454870.45040 1.57830
2454871.45044 1.74247
2454872.45049 2.19197
2454873.45053 2.61379
2454874.45058 2.94514
2454875.45063 3.12773
2454876.45067 3.30546
2454877.45072 4.01718
2454878.45076 4.00777
2454879.45081 3.84516
2454880.45085 4.47523
2454881.45090 4.93382
2454882.45094 4.95723
2454883.45099 5.66146
2454884.45104 4.94552
2454885.45108 5.05813
2454886.45113 6.42695
2454887.45117 6.18299
2454888.45122 5.71751
2454889.45126 6.13561
2454890.45131 4.80619
2454891.45136 5.27630
2454892.45140 4.52997
2454893.45145 4.92323
2454894.45149 4.02366
2454895.45154 3.24784
2454896.45158 3.61019
2454897.45163 2.68496
2454898.45167 2.13592
2454899.45172 2.37287
2454900.45177 1.83393
2454901.45181 1.29704
2454902.45186 1.14048
2454903.45190 0.91693
2454904.45195 0.68740
2454905.45199 0.57837
2454906.45204 0.55969
2454907.45209 0.60887
2454908.45213 0.65022
2454909.45218 0.66299
2454910.45222 0.92653
2454911.45227 1.21624
2454912.45231 1.19516
2454913.45236 1.71062
2454914.45240 1.91604
2454915.45245 2.19617
2454916.45250 2.62311
2454917.45254 3.23110
2454918.45259 2.93720
2454919.45263 3.72281
2454920.45268 3.92009
2454921.45272 4.39957
2454922.45277 4.59416
2454923.45282 4.56290
2454924.45286 6.10602
2454925.45291 3.91627
2454926.45295 5.71211
2454927.45300 5.77033
2454928.45304 5.49285
2454929.45309 5.53768
2454930.45313 5.60559
2454931.45318 4.83429
2454932.45323 4.70547
2454933.45327 4.47555
2454934.45332 4.52602
2454935.45336 4.19244
2454936.45341 3.25162
2454937.45345 3.23927
2454938.45350 2.70284
2454939.45355 2.26513
2454940.45359 2.02648
2454941.45364 1.57466
2454942.45368 1.18343
2454943.45373 1.15491
2454944.45377 0.97030
2454945.45382 0.65305
2454946.45387 0.55654
2454947.45391 0.42937
2454948.45396 0.31350
2454949.45400 0.31597
2454950.45405 0.34440
2454951.45409 0.52642
2454952.45414 0.71371
2454953.45418 0.89219
2454954.45423 1.06105
2454955.45428 1.43285
2454956.45432 1.89229
2454957.45437 2.24414
2454958.45441 2.61127
2454959.45446 2.94551
2454960.45450 3.59501
2454961.45455 3.23774
2454962.45460 3.69300
2454963.45464 3.85149
2454964.45469 4.34824
2454965.45473 5.47408
2454966.45478 4.59909
2454967.45482 4.74689
2454968.45487 4.33502
2454969.45491 5.59767
2454970.45496 5.22860
2454971.45501 5.89272
2454972.45505 5.75288
2454973.45510 4.32702
2454974.45514 4.61086
2454975.45519 4.92933
2454976.45523 3.77001
2454977.45528 4.09970
2454978.45533 2.53611
2454979.45537 2.98378
2454980.45542 2.45790
2454981.45546 2.48328
2454982.45551 1.80682
2454983.45555 1.65494
2454984.45560 1.27117
2454985.45564 0.85049
2454986.45569 0.73142
2454987.45574 0.49475
2454988.45578 0.26895
2454989.45583 0.22899
2454990.45587 0.16586
2454991.45592 0.19569
2454992.45596 0.26249
2454993.45601 0.41786
2454994.45606 0.60722
2454995.45610 0.71654
2454996.45615 0.98891
2454997.45619 1.31047
2454998.45624 1.85427
2454999.45628 1.94727
2455000.45633 2.47327
2455001.45637 3.01969
2455002.45642 3.15427
2455003.45647 4.10370
2455004.45651 3.62974
2455005.45656 4.37360
2455006.45660 4.60312
2455007.45665 4.72476
2455008.45669 3.82132
2455009.45674 4.86132
2455010.45679 4.20055
2455011.45683 4.86465
2455012.45688 5.05588
2455013.45692 6.16856
2455014.45697 5.24817
2455015.45701 4.21079
2455016.45706 4.55111
2455017.45711 4.36402
2455018.45715 3.91641
2455019.45720 3.54501
2455020.45724 3.00217
2455021.45729 2.90636
2455022.45733 2.49044
2455023.45738 2.19202
2455024.45742 1.83199
2455025.45747 1.45660
2455026.45752 1.04449
2455027.45756 0.74161
2455028.45761 0.55356
2455029.45765 0.29673
2455030.45770 0.13699
2455031.45774 0.07811
2455032.45779 0.05109
2455033.45784 0.09260
2455034.45788 0.17056
2455035.45793 0.32683
2455036.45797 0.51383
2455037.45802 0.79562
2455038.45806 1.10690
2455039.45811 1.42661
2455040.45815 1.79908
2455041.45820 2.32556
2455227.46669 4.96397
2455228.46673 3.80611
2455229.46678 3.95183
2455230.46682 2.88093
2455231.46687 2.54583
2455232.46692 2.70393
2455233.46696 1.98242
2455234.46701 1.35448
2455235.46705 1.15766
2455236.46710 0.95945
2455237.46714 0.71052
2455238.46719 0.64960
2455239.46724 0.43721
2455240.46728 0.38317
2455241.46733 0.34338
2455242.46737 0.33974
2455243.46742 0.41443
2455244.46746 0.67137
2455245.46751 0.83077
2455246.46755 0.70787
2455247.46760 1.23495
2455248.46765 1.77804
2455249.46769 2.08620
2455250.46774 2.83497
2455251.46778 2.64456
2455252.46783 3.21186
2455253.46787 3.16618
2455254.46792 3.24428
2455255.46797 4.33497
2455256.46801 4.32242
2455257.46806 6.05514
2455258.46810 4.72594
2455259.46815 4.99558
2455260.46819 5.40165
2455261.46824 5.95977
2455262.46829 5.94989
2455263.46833 4.55129
2455264.46838 6.08200
2455265.46842 5.16044
2455266.46847 3.70652
2455267.46851 4.83388
2455268.46856 4.09687
2455269.46860 4.75864
2455270.46865 4.05622
2455271.46870 3.95025
2455272.46874 3.58193
2455273.46879 2.70020
2455274.46883 2.52526
2455275.46888 2.35100
2455276.46892 1.81908
2455277.46897 1.35505
2455278.46902 1.38426
2455279.46906 0.98675
2455280.46911 0.74258
2455281.46915 0.80907
2455282.46920 0.49066
2455283.46924 0.54999
2455284.46929 0.59280
2455285.46933 0.78775
2455286.46938 0.84262
2455287.46943 0.99926
2455288.46947 1.45594
2455289.46952 1.73016
2455290.46956 1.87010
2455291.46961 2.32660
2455292.46965 2.34350
2455293.46970 2.95120
2455294.46975 3.37870
2455295.46979 3.28996
2455296.46984 3.45735
2455297.46988 4.30470
2455298.46993 5.30132
2455299.46997 5.36503
2455300.47002 4.98609
2455301.47006 6.91405
2455302.47011 5.02124
2455303.47016 6.01774
2455304.47020 5.42517
2455305.47025 6.38691
2455306.47029 5.54382
2455307.47034 5.33559
2455308.47038 5.78310
2455309.47043 4.95435
2455310.47048 5.11205
2455311.47052 4.40069
2455312.47057 3.03192
2455313.47061 4.56541
2455314.47066 3.56441
2455315.47070 2.92637
2455316.47075 3.01920
2455317.47079 2.08526
2455318.47084 1.80210
2455319.47089 1.44852
2455320.47093 1.39992
2455321.47098 1.13255
2455322.47102 1.01453
2455323.47107 0.79237
2455324.47111 0.80794
2455325.47116 0.90146
2455326.47121 1.03814
2455327.47125 1.02459
2455328.47130 1.12112
2455329.47134 1.47699
2455330.47139 1.83783
2455331.47143 2.15627
2455332.47148 2.38202
2455333.47153 2.42209
2455334.47157 2.97457
2455335.47162 3.45430
2455336.47166 2.83372
2455337.47171 4.14258
2455338.47175 5.26646
2455339.47180 4.52010
2455340.47184 4.20350
2455341.47189 5.04490
2455342.47194 5.23540
2455343.47198 6.44791
2455344.47203 7.49598
2455345.47207 6.09741
2455346.47212 5.50516
2455347.47216 5.25295
2455348.47221 6.48534
2455349.47226 6.14352
2455350.47230 6.17744
2455351.47235 5.00623
2455352.47239 5.81856
2455353.47244 4.76859
2455354.47248 4.03640
2455355.47253 3.16953
2455356.47257 3.43507
2455357.47262 3.08257
2455358.47267 2.58381
2455359.47271 2.66405
2455360.47276 2.07587
2455361.47280 1.75730
2455362.47285 1.53680
2455363.47289 1.27487
2455364.47294 1.25238
2455365.47299 1.15649
2455366.47303 1.14443
2455367.47308 1.22450
2455368.47312 1.43223
2455369.47317 1.49721
2455370.47321 1.29096
2455371.47326 1.90592
2455372.47330 2.23115
2455373.47335 2.49063
2455374.47340 2.52947
2455375.47344 3.44788
2455376.47349 3.07872
2455377.47353 4.16740
2455378.47358 4.57889
2455379.47362 4.74934
2455380.47367 4.00348
2455381.47372 5.31951
2455382.47376 5.97423
2455383.47381 5.80527
2455384.47385 5.94610
2455385.47390 5.93371
2455386.47394 5.94927
2455387.47399 6.28103
2455388.47403 7.10653
2455389.47408 5.85175
2455390.47413 6.43087
2455391.47417 4.40768
2455392.47422 5.51598
2455393.47426 5.96842
2455394.47431 5.81317
2455395.47435 4.40996
2455396.47440 4.74908
2455397.47445 4.59050
2455398.47449 3.57665
2455399.47454 2.93453
2455400.47458 2.73991
2455401.47463 2.37680
2455402.47467 2.69333
2455403.47472 2.25664
2455404.47476 1.90652
2455405.47481 1.63558
2455406.47486 1.83049
2455592.48334 7.59435
2455593.48339 8.23637
2455594.48344 7.41209
2455595.48348 7.29886
2455596.48353 9.18905
2455597.48357 8.42225
2455598.48362 8.44805
2455599.48366 8.47243
2455600.48371 8.84828
2455601.48375 8.76492
2455602.48380 6.75195
2455603.48385 7.12774
2455604.48389 6.27937
2455605.48394 6.78061
2455606.48398 6.05948
2455607.48403 5.75494
2455608.48407 5.45086
2455609.48412 5.07596
2455610.48417 6.11561
2455611.48421 3.68424
2455612.48426 4.22213
2455613.48430 3.43876
2455614.48435 3.91057
2455615.48439 3.17413
2455616.48444 3.57907
2455617.48448 3.30081
2455618.48453 3.96266
2455619.48458 3.10562
2455620.48462 3.26295
2455621.48467 3.50061
2455622.48471 4.33754
2455623.48476 4.54346
2455624.48480 4.61678
2455625.48485 5.42323
2455626.48490 4.21986
2455627.48494 5.69410
2455628.48499 6.21013
2455629.48503 6.72356
2455630.48508 7.02594
2455631.48512 7.52175
2455632.48517 8.01262
2455633.48521 9.52029
2455634.48526 8.81483
2455635.48531 7.16673
2455636.48535 9.32704
2455637.48540 8.58533
2455638.48544 8.26943
2455639.48549 7.49901
2455640.48553 8.45730
2455641.48558 8.77332
2455642.48563 9.07340
2455643.48567 7.32067
2455644.48572 7.64182
2455645.48576 7.30185
2455646.48581 6.94172
2455647.48585 5.94763
2455648.48590 5.94976
2455649.48595 6.10259
2455650.48599 6.30206
2455651.48604 5.44665
2455652.48608 4.61341
2455653.48613 4.80392
2455654.48617 4.07929
2455655.48622 4.75276
2455656.48626 4.86927
2455657.48631 4.13351
2455658.48636 4.27921
2455659.48640 3.69353
2455660.48645 4.09588
2455661.48649 4.05997
2455662.48654 4.62921
2455663.48658 4.13225
2455664.48663 4.59044
2455665.48668 4.36081
2455666.48672 5.55236
2455667.48677 5.20229
2455668.48681 5.73062
2455669.48686 5.73203
2455670.48690 6.55261
2455671.48695 7.56885
2455672.48699 7.69620
2455673.48704 8.78017
2455674.48709 7.56983
2455675.48713 8.39961
2455676.48718 9.64204
2455677.48722 8.01169
2455678.48727 10.08950
2455679.48731 10.50117
2455680.48736 8.13621
2455681.48741 11.38018
2455682.48745 8.82380
2455683.48750 7.43387
2455684.48754 7.81158
2455685.48759 8.42703
2455686.48763 7.95806
2455687.48768 7.36966
2455688.48772 6.72152
2455689.48777 6.29619
2455690.48782 8.13031
2455691.48786 6.84342
2455692.48791 6.87562
2455693.48795 5.34223
2455694.48800 5.34716
2455695.48804 4.72943
2455696.48809 4.74947
2455697.48814 5.28458
2455698.48818 4.39413
2455699.48823 4.41886
2455700.48827 4.09387
2455701.48832 4.70789
2455702.48836 4.15467
2455703.48841 5.07032
2455704.48845 4.48030
2455705.48850 6.03629
2455706.48855 5.71377
2455707.48859 5.35937
2455708.48864 5.74692
2455709.48868 6.88663
2455710.48873 6.63499
2455711.48877 7.21560
2455712.48882 8.71368
2455713.48887 7.73068
2455714.48891 6.27405
2455715.48896 8.43372
2455716.48900 9.61952
2455717.48905 9.17332
2455718.48909 8.07764
2455719.48914 9.25131
2455720.48918 10.88075
2455721.48923 8.20777
2455722.48928 7.94696
2455723.48932 8.77426
2455724.48937 10.58637
2455725.48941 7.44755
2455726.48946 9.29329
2455727.48950 9.39737
2455728.48955 8.68438
2455729.48960 7.13725
2455730.48964 8.15077
2455731.48969 6.85469
2455732.48973 7.43599
2455733.48978 6.34168
2455734.48982 6.81854
2455735.48987 6.21977
2455736.48992 5.17518
2455737.48996 5.93651
2455738.49001 5.28503
2455739.49005 5.30762
2455740.49010 5.06903
2455741.49014 5.33658
2455742.49019 5.05921
2455743.49023 4.96631
2455744.49028 3.90223
2455745.49033 4.70533
2455746.49037 3.73644
2455747.49042 4.48813
2455748.49046 6.11009
2455749.49051 5.48355
2455750.49055 6.77710
2455751.49060 5.90966
2455752.49065 6.69258
2455753.49069 7.27283
2455754.49074 8.72712
2455755.49078 8.72401
2455756.49083 7.86457
2455757.49087 8.19125
2455758.49092 9.10241
2455759.49096 11.42993
2455760.49101 9.51720
2455761.49106 8.82963
2455762.49110 8.99890
2455763.49115 9.66052
2455764.49119 10.18415
2455765.49124 8.93462
2455766.49128 10.68077
2455767.49133 8.96953
2455768.49138 10.64992
2455769.49142 9.42052
2455770.49147 8.60578
2455771.49151 6.15491
2455957.50000 6.54268
