2445000.00000 20.98672
2445001.00005 20.81853
2445002.00009 15.04043
2445003.00014 13.69057
2445004.00018 13.45919
2445005.00023 14.34892
2445006.00027 18.79553
2445007.00032 21.79913
2445008.00037 22.66545
2445009.00041 22.25552
2445010.00046 16.45595
2445011.00050 14.79488
2445012.00055 11.27986
2445013.00059 9.96641
2445014.00064 14.76136
2445015.00068 18.90463
2445016.00073 22.16745
2445017.00078 26.82052
2445018.00082 23.43929
2445019.00087 17.35286
2445020.00091 14.47658
2445021.00096 11.28494
2445022.00100 9.95652
2445023.00105 16.37245
2445024.00110 18.33678
2445025.00114 23.58381
2445026.00119 21.00616
2445027.00123 19.42671
2445028.00128 16.11711
2445029.00132 13.67186
2445030.00137 10.58871
2445031.00141 10.35700
2445032.00146 14.45057
2445033.00151 19.52283
2445034.00155 17.17000
2445035.00160 18.65804
2445036.00164 19.02611
2445037.00169 15.28593
2445038.00173 10.78610
2445039.00178 10.58433
2445040.00183 11.45200
2445041.00187 14.60008
2445042.00192 20.02374
2445043.00196 21.88265
2445044.00201 21.16570
2445045.00205 16.33243
2445046.00210 15.07287
2445047.00214 12.23111
2445048.00219 9.38651
2445049.00224 11.00123
2445050.00228 13.19229
2445051.00233 20.82588
2445052.00237 21.30182
2445053.00242 23.92209
2445054.00246 19.26123
2445055.00251 14.15104
2445056.00256 10.44967
2445057.00260 10.14580
2445058.00265 12.80224
2445059.00269 18.26227
2445060.00274 19.60357
2445061.00278 20.33710
2445062.00283 20.60723
2445063.00287 15.53881
2445064.00292 12.84591
2445065.00297 9.77540
2445066.00301 8.68239
2445067.00306 10.71464
2445068.00310 15.26067
2445069.00315 19.25351
2445070.00319 21.02368
2445071.00324 18.76129
2445072.00329 16.18249
2445073.00333 12.58614
2445074.00338 8.89065
2445075.00342 7.67961
2445076.00347 9.08253
2445077.00351 15.64098
2445078.00356 19.49977
2445079.00361 23.17376
2445080.00365 19.19949
2445081.00370 15.86001
2445082.00374 11.41647
2445083.00379 9.02148
2445084.00383 9.33860
2445085.00388 14.79791
2445086.00392 12.85558
2445087.00397 21.26953
2445088.00402 19.33141
2445089.00406 18.16503
2445090.00411 13.83348
2445091.00415 10.68792
2445092.00420 8.79767
2445093.00424 8.67277
2445094.00429 12.76420
2445095.00434 18.46391
2445096.00438 16.04908
2445097.00443 20.74233
2445098.00447 15.33355
2445099.00452 15.31482
2445100.00456 11.22955
2445101.00461 8.67099
2445102.00465 8.35988
2445103.00470 10.18084
2445104.00475 15.17750
2445105.00479 23.66240
2445106.00484 20.47615
2445107.00488 17.71086
2445108.00493 12.38224
2445109.00497 9.90031
2445110.00502 8.11304
2445111.00507 9.43660
2445112.00511 11.03479
2445113.00516 19.54560
2445114.00520 23.57397
2445115.00525 21.31251
2445116.00529 14.04494
2445117.00534 12.84364
2445118.00538 8.17426
2445119.00543 7.05898
2445120.00548 8.68989
2445121.00552 14.31667
2445122.00557 18.69561
2445123.00561 18.40905
2445124.00566 20.55878
2445125.00570 16.90682
2445126.00575 12.12611
2445127.00580 7.35463
2445128.00584 8.13371
2445129.00589 11.07967
2445130.00593 12.89931
2445131.00598 17.36121
2445132.00602 17.68263
2445133.00607 17.97914
2445134.00611 14.02183
2445135.00616 11.64480
2445136.00621 8.89015
2445137.00625 6.88110
2445138.00630 8.59807
2445139.00634 12.69073
2445140.00639 18.75149
2445141.00643 20.02546
2445142.00648 17.35075
2445143.00653 14.92414
2445144.00657 10.61202
2445145.00662 7.08954
2445146.00666 6.48932
2445147.00671 10.37016
2445148.00675 12.54446
2445149.00680 15.59268
2445150.00684 18.17418
2445151.00689 19.54466
2445152.00694 15.07544
2445153.00698 8.97213
2445154.00703 7.21126
2445155.00707 7.17309
2445156.00712 9.99372
2445157.00716 14.44176
2445158.00721 18.90120
2445159.00726 16.30727
2445160.00730 16.20088
2445161.00735 12.74068
2445162.00739 7.14275
2445163.00744 6.65446
2445164.00748 7.77410
2445165.00753 11.45670
2445166.00758 14.84597
2445167.00762 19.14031
2445168.00767 14.26266
2445169.00771 15.45172
2445170.00776 13.14459
2445171.00780 7.32905
2445172.00785 6.87271
2445173.00789 7.87510
2445174.00794 13.16175
2445175.00799 15.34426
2445176.00803 17.47669
2445177.00808 19.66572
2445178.00812 14.69617
2445179.00817 9.42380
2445366.01670 10.46124
2445367.01675 9.68389
2445368.01679 11.09169
2445369.01684 12.22121
2445370.01688 12.47937
2445371.01693 20.19480
2445372.01698 25.55949
2445373.01702 21.38189
2445374.01707 16.70437
2445375.01711 13.61846
2445376.01716 10.34119
2445377.01720 9.54117
2445378.01725 12.22233
2445379.01729 18.65940
2445380.01734 21.51943
2445381.01739 22.96860
2445382.01743 21.09020
2445383.01748 15.41200
2445384.01752 10.26300
2445385.01757 10.41034
2445386.01761 11.25379
2445387.01766 14.18976
2445388.01771 15.88623
2445389.01775 21.74504
2445390.01780 22.71611
2445391.01784 18.87935
2445392.01789 14.98001
2445393.01793 12.83432
2445394.01798 11.10003
2445395.01803 12.48890
2445396.01807 14.85463
2445397.01812 16.79812
2445398.01816 22.46672
2445399.01821 20.33785
2445400.01825 18.99926
2445401.01830 14.54268
2445402.01834 11.40056
2445403.01839 11.13850
2445404.01844 11.40765
2445405.01848 18.20536
2445406.01853 17.92501
2445407.01857 23.89367
2445408.01862 22.34317
2445409.01866 19.77554
2445410.01871 12.41311
2445411.01876 12.63828
2445412.01880 11.89910
2445413.01885 13.37314
2445414.01889 15.15573
2445415.01894 24.71567
2445416.01898 20.91036
2445417.01903 22.07836
2445418.01907 17.84456
2445419.01912 18.10019
2445420.01917 11.30502
2445421.01921 13.13720
2445422.01926 11.55624
2445423.01930 17.53850
2445424.01935 24.32935
2445425.01939 24.26020
2445426.01944 26.95527
2445427.01949 19.38214
2445428.01953 15.85267
2445429.01958 13.69707
2445430.01962 13.78276
2445431.01967 15.03133
2445432.01971 18.88731
2445433.01976 21.00910
2445434.01980 25.18952
2445435.01985 23.28910
2445436.01990 21.37442
2445437.01994 12.82195
2445438.01999 11.97905
2445439.02003 13.87423
2445440.02008 14.85290
2445441.02012 19.02583
2445442.02017 24.25181
2445443.02022 22.59352
2445444.02026 22.64388
2445445.02031 21.74520
2445446.02035 14.18819
2445447.02040 13.73941
2445448.02044 15.24320
2445449.02049 14.50581
2445450.02053 25.58307
2445451.02058 24.30404
2445452.02063 25.26775
2445453.02067 23.35890
2445454.02072 19.95206
2445455.02076 15.95965
2445456.02081 12.49896
2445457.02085 14.42939
2445458.02090 19.36750
2445459.02095 26.99049
2445460.02099 27.31930
2445461.02104 26.94078
2445462.02108 26.42394
2445463.02113 18.16695
2445464.02117 18.28670
2445465.02122 13.40191
2445466.02126 12.47535
2445467.02131 16.69101
2445468.02136 21.72484
2445469.02140 25.85095
2445470.02145 22.43765
2445471.02149 23.95976
2445472.02154 18.19267
2445473.02158 14.66594
2445474.02163 16.42712
2445475.02168 13.29651
2445476.02172 18.56804
2445477.02177 21.32167
2445478.02181 27.98877
2445479.02186 25.78591
2445480.02190 18.65770
2445481.02195 19.11018
2445482.02200 14.33098
2445483.02204 15.04466
2445484.02209 16.79407
2445485.02213 18.87365
2445486.02218 24.44667
2445487.02222 29.09381
2445488.02227 26.78718
2445489.02231 25.92198
2445490.02236 20.07435
2445491.02241 13.98277
2445492.02245 16.24495
2445493.02250 15.65030
2445494.02254 22.16983
2445495.02259 25.48196
2445496.02263 33.84278
2445497.02268 24.07264
2445498.02273 23.21698
2445499.02277 21.58027
2445500.02282 18.69244
2445501.02286 14.66844
2445502.02291 20.33113
2445503.02295 23.05208
2445504.02300 23.45141
2445505.02304 26.85985
2445506.02309 31.75368
2445507.02314 23.86338
2445508.02318 16.76257
2445509.02323 18.36287
2445510.02327 12.54074
2445511.02332 22.01626
2445512.02336 25.25295
2445513.02341 25.17570
2445514.02346 28.75911
2445515.02350 30.03607
2445516.02355 26.87547
2445517.02359 20.89887
2445518.02364 17.80447
2445519.02368 19.60300
2445520.02373 24.73069
2445521.02377 28.76466
2445522.02382 26.06511
2445523.02387 30.85804
2445524.02391 26.12822
2445525.02396 17.51395
2445526.02400 21.12118
2445527.02405 17.96012
2445528.02409 18.27954
2445529.02414 21.16104
2445530.02419 30.62771
2445531.02423 30.42763
2445532.02428 29.67549
2445533.02432 26.07880
2445534.02437 26.72517
2445535.02441 20.62416
2445536.02446 18.26292
2445537.02450 19.57555
2445538.02455 27.20754
2445539.02460 28.42238
2445540.02464 26.83735
2445541.02469 34.94962
2445542.02473 25.30883
2445543.02478 24.84552
2445544.02482 18.56418
2445545.02487 22.18933
2445731.03336 35.47681
2445732.03340 26.53001
2445733.03345 29.53434
2445734.03349 34.99780
2445735.03354 37.16000
2445736.03359 31.45898
2445737.03363 40.82847
2445738.03368 40.23240
2445739.03372 33.43095
2445740.03377 26.35362
2445741.03381 32.74439
2445742.03386 36.10057
2445743.03391 38.25517
2445744.03395 43.42868
2445745.03400 49.50640
2445746.03404 48.29765
2445747.03409 41.70121
2445748.03413 27.86497
2445749.03418 29.53670
2445750.03422 37.11688
2445751.03427 32.83875
2445752.03432 46.01869
2445753.03436 40.63935
2445754.03441 40.99452
2445755.03445 32.51160
2445756.03450 35.28107
2445757.03454 30.25844
2445758.03459 30.56791
2445759.03464 33.22097
2445760.03468 40.43448
2445761.03473 51.26367
2445762.03477 46.11264
2445763.03482 46.28415
2445764.03486 38.10788
2445765.03491 34.50650
2445766.03495 30.56535
2445767.03500 35.51420
2445768.03505 39.32740
2445769.03509 33.38558
2445770.03514 42.16956
2445771.03518 44.25025
2445772.03523 43.74989
2445773.03527 42.53473
2445774.03532 40.47953
2445775.03537 35.11426
2445776.03541 31.85363
2445777.03546 28.23094
2445778.03550 38.26464
2445779.03555 43.61149
2445780.03559 38.82926
2445781.03564 44.73314
2445782.03568 36.25617
2445783.03573 43.97972
2445784.03578 33.89358
2445785.03582 37.91631
2445786.03587 37.89092
2445787.03591 40.42367
2445788.03596 50.36271
2445789.03600 43.88333
2445790.03605 45.67439
2445791.03610 41.65564
2445792.03614 44.40947
2445793.03619 36.88673
2445794.03623 28.93692
2445795.03628 36.01109
2445796.03632 39.32504
2445797.03637 41.43536
2445798.03642 43.04336
2445799.03646 48.18466
2445800.03651 46.70616
2445801.03655 32.00096
2445802.03660 27.82527
2445803.03664 30.63225
2445804.03669 40.33662
2445805.03673 40.86166
2445806.03678 40.79600
2445807.03683 45.50066
2445808.03687 39.70565
2445809.03692 43.86250
2445810.03696 36.06363
2445811.03701 35.50935
2445812.03705 33.87383
2445813.03710 33.33783
2445814.03715 46.25560
2445815.03719 37.96245
2445816.03724 46.30806
2445817.03728 47.79898
2445818.03733 46.55596
2445819.03737 33.28949
2445820.03742 39.25297
2445821.03746 28.76403
2445822.03751 38.69426
2445823.03756 39.63160
2445824.03760 46.42317
2445825.03765 50.70898
2445826.03769 41.03953
2445827.03774 44.58967
2445828.03778 36.55641
2445829.03783 35.82233
2445830.03788 34.23402
2445831.03792 39.41485
2445832.03797 44.00578
2445833.03801 47.81886
2445834.03806 45.66523
2445835.03810 43.49325
2445836.03815 38.76746
2445837.03819 35.00487
2445838.03824 33.76053
2445839.03829 29.59725
2445840.03833 33.98879
2445841.03838 39.30041
2445842.03842 47.24692
2445843.03847 53.55256
2445844.03851 49.47224
2445845.03856 40.87924
2445846.03861 32.30859
2445847.03865 35.78094
2445848.03870 32.75404
2445849.03874 42.95638
2445850.03879 38.65564
2445851.03883 41.38340
2445852.03888 40.04098
2445853.03892 48.02789
2445854.03897 40.70599
2445855.03902 40.35909
2445856.03906 42.75853
2445857.03911 35.92502
2445858.03915 35.89472
2445859.03920 48.27874
2445860.03924 51.68676
2445861.03929 47.25690
2445862.03934 37.91563
2445863.03938 40.44710
2445864.03943 34.31642
2445865.03947 33.70327
2445866.03952 37.32988
2445867.03956 43.60115
2445868.03961 44.94389
2445869.03966 51.57884
2445870.03970 46.95618
2445871.03975 47.49650
2445872.03979 38.36536
2445873.03984 41.46468
2445874.03988 35.41263
2445875.03993 39.79347
2445876.03997 39.19040
2445877.04002 52.64460
2445878.04007 54.57906
2445879.04011 52.10489
2445880.04016 44.30418
2445881.04020 32.95942
2445882.04025 39.98445
2445883.04029 34.08809
2445884.04034 41.44349
2445885.04039 42.77396
2445886.04043 42.56384
2445887.04048 49.95465
2445888.04052 48.39138
2445889.04057 40.30365
2445890.04061 30.75673
2445891.04066 40.13127
2445892.04070 31.35642
2445893.04075 33.68931
2445894.04080 40.72721
2445895.04084 45.98732
2445896.04089 53.30090
2445897.04093 44.60767
2445898.04098 40.73632
2445899.04102 40.19894
2445900.04107 33.57622
2445901.04112 36.23658
2445902.04116 38.30470
2445903.04121 33.37504
2445904.04125 50.26836
2445905.04130 47.44177
2445906.04134 45.47511
2445907.04139 44.16711
2445908.04143 33.35324
2445909.04148 32.97282
2445910.04153 29.04464
2446096.05001 28.70087
2446097.05006 35.67937
2446098.05010 40.62713
2446099.05015 45.79283
2446100.05020 42.92249
2446101.05024 37.70083
2446102.05029 39.75549
2446103.05033 33.65935
2446104.05038 25.86223
2446105.05042 32.07635
2446106.05047 31.63682
2446107.05052 37.70849
2446108.05056 42.67942
2446109.05061 39.99694
2446110.05065 43.95237
2446111.05070 31.26437
2446112.05074 27.32285
2446113.05079 26.90533
2446114.05084 31.11507
2446115.05088 31.75361
2446116.05093 46.19767
2446117.05097 43.21630
2446118.05102 49.38816
2446119.05106 42.98224
2446120.05111 39.61338
2446121.05115 26.53740
2446122.05120 32.06288
2446123.05125 32.51387
2446124.05129 32.49943
2446125.05134 40.34770
2446126.05138 38.94207
2446127.05143 38.47081
2446128.05147 35.13103
2446129.05152 33.86768
2446130.05157 31.50707
2446131.05161 30.57919
2446132.05166 29.95417
2446133.05170 31.73192
2446134.05175 42.37727
2446135.05179 40.84679
2446136.05184 43.95035
2446137.05188 38.48829
2446138.05193 36.43772
2446139.05198 31.49322
2446140.05202 29.12883
2446141.05207 32.60809
2446142.05211 35.45467
2446143.05216 33.88531
2446144.05220 40.36532
2446145.05225 42.50198
2446146.05230 34.77552
2446147.05234 29.54470
2446148.05239 33.24406
2446149.05243 35.55930
2446150.05248 29.67142
2446151.05252 38.53202
2446152.05257 35.90263
2446153.05261 38.04871
2446154.05266 43.77954
2446155.05271 29.46728
2446156.05275 30.47316
2446157.05280 23.76237
2446158.05284 27.01200
2446159.05289 31.17753
2446160.05293 35.85397
2446161.05298 35.11396
2446162.05303 32.84538
2446163.05307 40.16372
2446164.05312 33.99247
2446165.05316 33.10797
2446166.05321 25.61105
2446167.05325 24.65893
2446168.05330 27.96959
2446169.05334 31.73398
2446170.05339 44.81057
2446171.05344 38.26318
2446172.05348 35.40137
2446173.05353 32.67486
2446174.05357 33.26138
2446175.05362 24.30883
2446176.05366 26.58462
2446177.05371 26.11124
2446178.05376 34.95204
2446179.05380 33.32100
2446180.05385 43.00319
2446181.05389 43.53507
2446182.05394 31.62210
2446183.05398 23.90572
2446184.05403 28.06772
2446185.05408 24.49422
2446186.05412 29.49239
2446187.05417 39.25662
2446188.05421 35.64654
2446189.05426 37.36765
2446190.05430 38.30474
2446191.05435 34.70787
2446192.05439 26.10180
2446193.05444 25.51760
2446194.05449 27.33633
2446195.05453 25.84362
2446196.05458 31.35332
2446197.05462 35.39369
2446198.05467 42.23462
2446199.05471 32.17415
2446200.05476 33.17576
2446201.05481 26.85043
2446202.05485 26.55062
2446203.05490 22.86355
2446204.05494 31.24636
2446205.05499 31.21643
2446206.05503 33.74497
2446207.05508 37.77213
2446208.05512 34.29186
2446209.05517 30.68603
2446210.05522 27.46587
2446211.05526 23.55580
2446212.05531 27.59583
2446213.05535 33.63665
2446214.05540 37.46457
2446215.05544 42.97649
2446216.05549 46.23833
2446217.05554 36.23445
2446218.05558 30.63445
2446219.05563 21.92698
2446220.05567 23.81067
2446221.05572 21.30713
2446222.05576 24.80735
2446223.05581 35.39786
2446224.05585 35.86946
2446225.05590 31.63912
2446226.05595 34.23265
2446227.05599 29.68738
2446228.05604 25.26050
2446229.05608 21.65395
2446230.05613 25.59360
2446231.05617 29.37281
2446232.05622 38.14909
2446233.05627 33.01202
2446234.05631 32.59139
2446235.05636 27.02263
2446236.05640 29.57464
2446237.05645 25.72407
2446238.05649 21.79244
2446239.05654 21.08309
2446240.05658 32.33385
2446241.05663 32.71687
2446242.05668 36.87334
2446243.05672 31.79469
2446244.05677 30.93919
2446245.05681 18.69169
2446246.05686 19.28931
2446247.05690 20.29259
2446248.05695 25.35551
2446249.05700 26.76636
2446250.05704 31.80088
2446251.05709 32.49152
2446252.05713 34.03302
2446253.05718 34.62055
2446254.05722 28.92301
2446255.05727 21.09001
2446256.05731 23.07719
2446257.05736 27.16632
2446258.05741 31.83093
2446259.05745 35.12369
2446260.05750 30.47216
2446261.05754 32.48958
2446262.05759 31.80657
2446263.05763 27.27259
2446264.05768 22.48631
2446265.05773 19.28235
2446266.05777 25.12693
2446267.05782 26.55590
2446268.05786 26.93907
2446269.05791 38.65057
2446270.05795 30.27236
2446271.05800 24.46596
2446272.05805 23.00613
2446273.05809 20.98554
2446274.05814 19.69459
2446275.05818 25.15000
2446461.06667 10.74687
2446462.06672 15.98630
2446463.06676 19.57952
2446464.06681 24.94745
2446465.06685 20.26676
2446466.06690 16.77985
2446467.06694 11.02345
2446468.06699 9.98005
2446469.06703 8.13648
2446470.06708 10.89191
2446471.06713 15.64714
2446472.06717 19.30927
2446473.06722 21.61937
2446474.06726 19.40724
2446475.06731 16.64631
2446476.06735 12.95620
2446477.06740 9.61048
2446478.06745 8.10755
2446479.06749 10.79493
2446480.06754 14.67143
2446481.06758 19.32399
2446482.06763 21.90378
2446483.06767 17.84796
2446484.06772 13.51598
2446485.06776 10.53843
2446486.06781 7.32013
2446487.06786 8.82513
2446488.06790 11.88126
2446489.06795 17.93246
2446490.06799 18.78261
2446491.06804 20.44483
2446492.06808 20.67903
2446493.06813 12.06430
2446494.06818 10.09897
2446495.06822 6.87204
2446496.06827 9.97255
2446497.06831 12.15029
2446498.06836 17.25667
2446499.06840 16.30076
2446500.06845 20.93696
2446501.06850 14.32938
2446502.06854 12.97698
2446503.06859 9.77729
2446504.06863 8.36261
2446505.06868 9.70649
2446506.06872 12.99867
2446507.06877 15.75444
2446508.06881 22.11354
2446509.06886 17.75201
2446510.06891 18.40674
2446511.06895 11.99576
2446512.06900 8.12880
2446513.06904 7.44794
2446514.06909 9.00572
2446515.06913 13.76019
2446516.06918 15.56895
2446517.06923 19.10802
2446518.06927 17.69192
2446519.06932 14.31854
2446520.06936 10.36039
2446521.06941 7.52922
2446522.06945 6.49120
2446523.06950 10.49661
2446524.06954 13.51517
2446525.06959 16.35961
2446526.06964 17.42611
2446527.06968 18.54279
2446528.06973 14.79173
2446529.06977 10.03706
2446530.06982 5.58573
2446531.06986 6.23872
2446532.06991 8.63364
2446533.06996 12.65957
2446534.07000 19.00877
2446535.07005 20.27831
2446536.07009 16.16853
2446537.07014 12.61138
2446538.07018 10.53534
2446539.07023 5.99303
2446540.07027 5.87862
2446541.07032 8.96249
2446542.07037 13.07171
2446543.07041 19.24007
2446544.07046 20.71813
2446545.07050 17.44169
2446546.07055 13.55155
2446547.07059 8.21347
2446548.07064 4.92995
2446549.07069 6.32570
2446550.07073 9.63087
2446551.07078 17.33790
2446552.07082 17.73081
2446553.07087 15.95579
2446554.07091 15.81327
2446555.07096 12.51281
2446556.07100 7.08143
2446557.07105 6.76380
2446558.07110 6.51728
2446559.07114 8.94020
2446560.07119 12.88665
2446561.07123 18.46173
2446562.07128 19.31657
2446563.07132 13.41632
2446564.07137 10.63633
2446565.07142 7.61381
2446566.07146 5.59652
2446567.07151 7.71479
2446568.07155 7.94429
2446569.07160 13.48127
2446570.07164 20.78727
2446571.07169 19.91910
2446572.07173 14.69221
2446573.07178 9.47099
2446574.07183 6.96041
2446575.07187 4.75121
2446576.07192 7.73427
2446577.07196 9.23167
2446578.07201 15.12256
2446579.07205 17.38474
2446580.07210 19.39149
2446581.07215 13.51527
2446582.07219 9.24508
2446583.07224 6.25491
2446584.07228 4.76394
2446585.07233 8.56335
2446586.07237 13.69218
2446587.07242 14.36590
2446588.07247 17.75049
2446589.07251 18.80755
2446590.07256 13.34306
2446591.07260 9.07435
2446592.07265 5.61676
2446593.07269 5.23751
2446594.07274 7.81966
2446595.07278 12.90936
2446596.07283 11.02741
2446597.07288 17.43930
2446598.07292 17.63867
2446599.07297 14.59537
2446600.07301 9.52410
2446601.07306 6.20240
2446602.07310 6.86020
2446603.07315 5.83544
2446604.07320 12.47343
2446605.07324 16.28483
2446606.07329 16.04271
2446607.07333 17.29613
2446608.07338 13.02022
2446609.07342 7.64444
2446610.07347 4.75492
2446611.07351 5.08772
2446612.07356 8.12213
2446613.07361 11.68828
2446614.07365 16.30550
2446615.07370 17.69002
2446616.07374 16.33173
2446617.07379 11.14442
2446618.07383 7.77426
2446619.07388 5.08906
2446620.07393 6.85330
2446621.07397 8.87441
2446622.07402 12.22331
2446623.07406 19.16904
2446624.07411 17.06172
2446625.07415 16.94752
2446626.07420 12.34957
2446627.07424 6.99313
2446628.07429 5.15702
2446629.07434 6.12858
2446630.07438 9.93548
2446631.07443 11.97163
2446632.07447 17.27149
2446633.07452 17.73599
2446634.07456 17.36904
2446635.07461 11.13747
2446636.07466 8.27087
2446637.07470 6.01733
2446638.07475 7.02720
2446639.07479 7.90954
2446640.07484 14.73889
2446827.08337 21.76481
2446828.08342 21.55209
2446829.08346 24.15529
2446830.08351 20.72810
2446831.08355 15.89088
2446832.08360 12.15703
2446833.08365 13.13360
2446834.08369 14.55808
2446835.08374 21.62542
2446836.08378 23.64497
2446837.08383 22.15173
2446838.08387 22.21970
2446839.08392 18.60702
2446840.08396 14.19373
2446841.08401 10.49349
2446842.08406 13.94906
2446843.08410 16.81662
2446844.08415 21.00091
2446845.08419 25.23024
2446846.08424 23.30807
2446847.08428 20.51804
2446848.08433 16.17591
2446849.08438 14.41487
2446850.08442 12.34314
2446851.08447 13.35916
2446852.08451 18.20620
2446853.08456 18.31478
2446854.08460 25.25041
2446855.08465 23.28444
2446856.08469 22.43085
2446857.08474 16.42579
2446858.08479 12.64845
2446859.08483 12.97660
2446860.08488 14.06985
2446861.08492 15.50128
2446862.08497 24.51894
2446863.08501 25.29494
2446864.08506 21.72456
2446865.08511 22.40830
2446866.08515 16.91841
2446867.08520 11.47831
2446868.08524 12.18969
2446869.08529 13.92126
2446870.08533 17.10724
2446871.08538 21.25990
2446872.08542 26.91041
2446873.08547 23.69697
2446874.08552 23.33539
2446875.08556 17.54981
2446876.08561 14.37219
2446877.08565 12.96693
2446878.08570 14.66370
2446879.08574 21.23887
2446880.08579 23.67189
2446881.08584 30.98460
2446882.08588 24.82847
2446883.08593 19.77299
2446884.08597 24.12752
2446885.08602 14.76278
2446886.08606 14.27396
2446887.08611 18.66574
2446888.08615 21.54711
2446889.08620 21.63189
2446890.08625 21.29479
2446891.08629 24.39784
2446892.08634 22.01892
2446893.08638 19.65914
2446894.08643 20.68200
2446895.08647 16.74499
2446896.08652 19.94058
2446897.08657 22.03774
2446898.08661 27.13184
2446899.08666 22.94941
2446900.08670 27.58365
2446901.08675 22.80895
2446902.08679 21.03759
2446903.08684 14.05015
2446904.08689 15.53178
2446905.08693 19.77700
2446906.08698 25.40909
2446907.08702 26.88542
2446908.08707 24.09300
2446909.08711 26.84547
2446910.08716 21.48082
2446911.08720 18.20442
2446912.08725 17.09388
2446913.08730 16.94470
2446914.08734 22.44218
2446915.08739 21.81961
2446916.08743 27.59854
2446917.08748 27.61847
2446918.08752 27.73191
2446919.08757 20.46012
2446920.08762 13.98495
2446921.08766 15.47280
2446922.08771 15.32090
2446923.08775 20.72371
2446924.08780 24.93210
2446925.08784 25.67098
2446926.08789 28.17143
2446927.08793 25.85427
2446928.08798 25.50289
2446929.08803 18.54613
2446930.08807 15.78508
2446931.08812 18.24654
2446932.08816 20.53470
2446933.08821 25.04008
2446934.08825 34.28263
2446935.08830 26.65146
2446936.08835 29.80296
2446937.08839 19.85088
2446938.08844 16.80162
2446939.08848 20.62961
2446940.08853 18.20283
2446941.08857 25.59937
2446942.08862 24.62053
2446943.08866 33.03060
2446944.08871 31.22221
2446945.08876 27.54805
2446946.08880 23.20668
2446947.08885 18.64405
2446948.08889 17.81921
2446949.08894 22.68289
2446950.08898 25.70982
2446951.08903 26.36172
2446952.08908 31.63023
2446953.08912 26.82420
2446954.08917 27.73586
2446955.08921 21.52283
2446956.08926 21.64699
2446957.08930 15.99210
2446958.08935 18.88426
2446959.08939 27.62857
2446960.08944 29.29942
2446961.08949 30.13278
2446962.08953 32.78009
2446963.08958 25.04391
2446964.08962 21.72018
2446965.08967 23.39238
2446966.08971 22.56986
2446967.08976 26.84463
2446968.08981 26.91417
2446969.08985 31.88853
2446970.08990 28.84473
2446971.08994 34.73087
2446972.08999 30.80600
2446973.09003 21.68853
2446974.09008 21.20393
2446975.09013 22.35629
2446976.09017 23.52038
2446977.09022 26.21013
2446978.09026 30.72633
2446979.09031 28.20632
2446980.09035 33.66582
2446981.09040 24.99488
2446982.09044 26.47459
2446983.09049 24.05533
2446984.09054 22.56286
2446985.09058 27.75358
2446986.09063 32.29888
2446987.09067 32.37520
2446988.09072 32.84833
2446989.09076 31.97069
2446990.09081 24.10825
2446991.09086 25.98048
2446992.09090 21.69810
2446993.09095 19.92376
2446994.09099 24.85371
2446995.09104 33.86407
2446996.09108 30.45537
2446997.09113 37.83643
2446998.09117 36.90053
2446999.09122 25.12767
2447000.09127 23.14947
2447001.09131 21.62572
2447002.09136 22.27499
2447003.09140 24.68752
2447004.09145 33.62429
2447005.09149 34.63189
2447006.09154 34.13809
2447192.10003 47.30146
2447193.10007 42.26649
2447194.10012 42.47713
2447195.10016 36.04550
2447196.10021 31.56364
2447197.10026 28.61827
2447198.10030 42.91360
2447199.10035 37.87553
2447200.10039 45.70746
2447201.10044 43.54488
2447202.10048 49.37613
2447203.10053 39.54520
2447204.10057 39.03661
2447205.10062 32.27099
2447206.10067 36.27667
2447207.10071 38.37953
2447208.10076 38.62603
2447209.10080 41.57158
2447210.10085 44.79590
2447211.10089 37.51676
2447212.10094 35.78163
2447213.10099 35.30867
2447214.10103 32.24843
2447215.10108 35.29763
2447216.10112 37.90710
2447217.10117 45.05057
2447218.10121 38.20920
2447219.10126 44.61779
2447220.10131 40.92759
2447221.10135 47.27789
2447222.10140 34.77922
2447223.10144 35.31319
2447224.10149 34.01412
2447225.10153 38.41071
2447226.10158 47.75308
2447227.10162 42.79908
2447228.10167 46.87275
2447229.10172 51.51551
2447230.10176 37.74223
2447231.10181 38.88148
2447232.10185 29.98673
2447233.10190 38.24902
2447234.10194 40.95300
2447235.10199 41.64303
2447236.10204 47.58542
2447237.10208 46.05988
2447238.10213 40.65309
2447239.10217 42.43398
2447240.10222 33.28854
2447241.10226 31.23618
2447242.10231 35.22735
2447243.10235 42.29850
2447244.10240 44.26505
2447245.10245 50.42924
2447246.10249 44.43678
2447247.10254 46.04173
2447248.10258 31.17653
2447249.10263 33.05261
2447250.10267 34.79340
2447251.10272 38.19111
2447252.10277 36.26153
2447253.10281 49.16352
2447254.10286 38.37526
2447255.10290 49.94499
2447256.10295 38.97117
2447257.10299 33.99879
2447258.10304 32.75052
2447259.10308 37.66228
2447260.10313 33.86139
2447261.10318 33.88352
2447262.10322 44.41075
2447263.10327 40.18598
2447264.10331 45.91520
2447265.10336 45.39563
2447266.10340 42.62425
2447267.10345 33.54765
2447268.10350 35.56156
2447269.10354 35.95989
2447270.10359 44.12850
2447271.10363 54.25402
2447272.10368 47.16119
2447273.10372 50.23411
2447274.10377 49.51457
2447275.10381 32.06608
2447276.10386 35.39718
2447277.10391 37.15444
2447278.10395 36.60087
2447279.10400 42.42942
2447280.10404 34.47285
2447281.10409 52.73866
2447282.10413 46.70092
2447283.10418 49.52499
2447284.10423 38.10509
2447285.10427 39.72898
2447286.10432 36.34741
2447287.10436 40.90975
2447288.10441 43.94161
2447289.10445 45.65011
2447290.10450 49.44316
2447291.10455 44.32220
2447292.10459 34.84943
2447293.10464 36.11482
2447294.10468 39.34402
2447295.10473 31.77450
2447296.10477 40.36060
2447297.10482 46.36213
2447298.10486 44.82630
2447299.10491 48.63580
2447300.10496 48.24534
2447301.10500 43.18308
2447302.10505 36.81800
2447303.10509 36.58580
2447304.10514 34.29072
2447305.10518 42.46601
2447306.10523 42.52386
2447307.10528 54.44116
2447308.10532 45.83185
2447309.10537 48.06621
2447310.10541 44.66392
2447311.10546 41.88136
2447312.10550 35.49043
2447313.10555 45.23583
2447314.10559 44.42884
2447315.10564 53.89142
2447316.10569 47.51679
2447317.10573 41.26412
2447318.10578 43.93997
2447319.10582 46.42656
2447320.10587 36.34937
2447321.10591 41.91133
2447322.10596 42.11776
2447323.10601 38.41866
2447324.10605 50.15308
2447325.10610 48.32228
2447326.10614 50.37983
2447327.10619 40.01799
2447328.10623 40.47658
2447329.10628 35.82666
2447330.10632 33.97538
2447331.10637 37.90780
2447332.10642 42.49916
2447333.10646 45.17409
2447334.10651 45.68181
2447335.10655 51.55807
2447336.10660 39.32588
2447337.10664 40.37918
2447338.10669 33.54762
2447339.10674 37.84122
2447340.10678 37.23442
2447341.10683 36.75733
2447342.10687 52.22589
2447343.10692 45.91677
2447344.10696 54.26509
2447345.10701 47.27328
2447346.10705 31.48736
2447347.10710 37.37279
2447348.10715 35.90409
2447349.10719 48.71034
2447350.10724 39.50053
2447351.10728 48.05914
2447352.10733 44.15000
2447353.10737 40.69273
2447354.10742 44.29154
2447355.10747 44.05963
2447356.10751 41.28626
2447357.10756 41.68829
2447358.10760 45.70114
2447359.10765 47.73802
2447360.10769 44.13840
2447361.10774 48.11108
2447362.10778 44.23549
2447363.10783 38.28224
2447364.10788 36.07646
2447365.10792 44.05818
2447366.10797 36.28235
2447367.10801 43.03440
2447368.10806 52.15430
2447369.10810 46.28731
2447370.10815 39.54777
2447371.10820 48.17740
2447557.11668 43.36589
2447558.11673 42.71188
2447559.11677 26.03867
2447560.11682 27.52651
2447561.11687 27.08615
2447562.11691 33.63349
2447563.11696 33.36920
2447564.11700 44.52803
2447565.11705 44.98924
2447566.11709 37.73217
2447567.11714 37.38342
2447568.11719 31.88805
2447569.11723 23.91100
2447570.11728 28.48149
2447571.11732 31.71067
2447572.11737 42.97892
2447573.11741 39.17586
2447574.11746 38.28726
2447575.11750 37.56904
2447576.11755 37.17376
2447577.11760 30.63605
2447578.11764 23.63463
2447579.11769 29.49109
2447580.11773 32.71187
2447581.11778 35.64337
2447582.11782 34.89041
2447583.11787 39.63481
2447584.11792 39.00190
2447585.11796 35.16837
2447586.11801 22.86475
2447587.11805 31.27653
2447588.11810 27.53768
2447589.11814 28.94766
2447590.11819 37.46789
2447591.11823 43.98158
2447592.11828 40.85401
2447593.11833 39.96696
2447594.11837 28.10472
2447595.11842 24.28044
2447596.11846 26.43829
2447597.11851 23.17965
2447598.11855 32.48523
2447599.11860 34.76471
2447600.11865 42.43867
2447601.11869 35.85055
2447602.11874 36.46086
2447603.11878 32.85053
2447604.11883 28.06827
2447605.11887 33.55746
2447606.11892 28.51897
2447607.11897 30.38289
2447608.11901 41.18884
2447609.11906 34.14515
2447610.11910 39.50924
2447611.11915 36.54218
2447612.11919 27.15858
2447613.11924 23.14230
2447614.11928 26.44412
2447615.11933 22.56632
2447616.11938 25.23927
2447617.11942 34.71276
2447618.11947 36.24605
2447619.11951 37.32880
2447620.11956 30.27590
2447621.11960 23.32807
2447622.11965 22.79820
2447623.11970 20.97999
2447624.11974 29.10412
2447625.11979 30.63147
2447626.11983 40.07826
2447627.11988 35.33205
2447628.11992 32.03039
2447629.11997 32.96158
2447630.12001 26.28223
2447631.12006 24.93909
2447632.12011 21.61770
2447633.12015 26.52407
2447634.12020 31.59228
2447635.12024 31.19591
2447636.12029 35.91352
2447637.12033 36.41668
2447638.12038 29.65591
2447639.12043 27.15662
2447640.12047 20.86460
2447641.12052 25.78206
2447642.12056 27.17348
2447643.12061 31.01065
2447644.12065 36.11109
2447645.12070 35.04208
2447646.12074 30.35807
2447647.12079 33.07126
2447648.12084 27.21168
2447649.12088 20.94049
2447650.12093 25.69605
2447651.12097 21.78658
2447652.12102 31.46703
2447653.12106 38.69433
2447654.12111 36.54098
2447655.12116 33.19928
2447656.12120 28.44350
2447657.12125 18.25747
2447658.12129 22.63524
2447659.12134 20.08600
2447660.12138 27.55561
2447661.12143 29.85486
2447662.12147 36.19432
2447663.12152 33.66607
2447664.12157 33.01233
2447665.12161 27.05575
2447666.12166 24.48303
2447667.12170 21.78257
2447668.12175 22.76304
2447669.12179 27.49279
2447670.12184 24.42841
2447671.12189 34.79366
2447672.12193 30.47773
2447673.12198 35.85057
2447674.12202 23.95814
2447675.12207 24.16218
2447676.12211 17.92290
2447677.12216 20.96873
2447678.12220 30.65186
2447679.12225 29.26216
2447680.12230 33.74825
2447681.12234 33.38723
2447682.12239 27.25493
2447683.12243 24.72794
2447684.12248 19.28118
2447685.12252 16.67577
2447686.12257 20.63591
2447687.12262 21.68405
2447688.12266 30.71504
2447689.12271 35.56046
2447690.12275 32.46413
2447691.12280 28.24745
2447692.12284 29.22046
2447693.12289 20.13549
2447694.12294 19.87915
2447695.12298 21.85143
2447696.12303 26.77112
2447697.12307 22.54442
2447698.12312 30.30381
2447699.12316 33.14085
2447700.12321 25.92480
2447701.12325 25.37295
2447702.12330 21.80726
2447703.12335 19.50789
2447704.12339 22.84180
2447705.12344 30.58726
2447706.12348 29.19822
2447707.12353 31.96245
2447708.12357 31.45110
2447709.12362 29.11923
2447710.12367 17.60989
2447711.12371 18.49970
2447712.12376 19.91779
2447713.12380 22.76591
2447714.12385 27.88282
2447715.12389 30.40608
2447716.12394 36.93078
2447717.12398 29.16230
2447718.12403 26.78653
2447719.12408 21.90357
2447720.12412 17.56275
2447721.12417 15.53091
2447722.12421 21.33355
2447723.12426 24.81551
2447724.12430 26.90091
2447725.12435 33.61580
2447726.12440 24.27443
2447727.12444 23.63444
2447728.12449 18.05431
2447729.12453 17.12820
2447730.12458 18.15377
2447731.12462 18.61163
2447732.12467 23.68404
2447733.12471 31.39951
2447734.12476 27.52005
2447735.12481 29.64900
2447736.12485 20.75446
2447922.13334 14.25918
2447923.13339 9.75749
2447924.13343 6.69276
2447925.13348 6.72709
2447926.13352 10.33059
2447927.13357 15.26197
2447928.13361 17.59433
2447929.13366 19.63228
2447930.13370 17.63885
2447931.13375 14.01250
2447932.13380 9.36087
2447933.13384 5.48354
2447934.13389 5.68361
2447935.13393 9.43610
2447936.13398 13.36539
2447937.13402 18.22315
2447938.13407 17.34540
2447939.13412 16.77303
2447940.13416 12.65320
2447941.13421 7.22072
2447942.13425 4.12188
2447943.13430 5.17322
2447944.13434 10.04814
2447945.13439 14.95810
2447946.13443 15.33702
2447947.13448 17.52066
2447948.13453 18.64417
2447949.13457 11.62202
2447950.13462 7.95664
2447951.13466 4.92504
2447952.13471 5.33295
2447953.13475 10.37208
2447954.13480 12.95744
2447955.13485 19.05157
2447956.13489 16.06782
2447957.13494 13.53921
2447958.13498 10.84557
2447959.13503 6.43759
2447960.13507 4.69776
2447961.13512 6.57327
2447962.13516 10.29338
2447963.13521 14.14540
2447964.13526 16.58707
2447965.13530 19.78248
2447966.13535 13.52692
2447967.13539 10.23201
2447968.13544 5.70951
2447969.13548 4.93192
2447970.13553 4.81389
2447971.13558 10.14918
2447972.13562 13.84570
2447973.13567 19.47239
2447974.13571 17.39120
2447975.13576 13.71680
2447976.13580 9.49166
2447977.13585 6.07329
2447978.13589 5.33971
2447979.13594 6.68840
2447980.13599 9.99688
2447981.13603 16.88904
2447982.13608 17.11202
2447983.13612 16.56618
2447984.13617 10.33917
2447985.13621 9.63543
2447986.13626 4.30231
2447987.13631 5.25812
2447988.13635 7.44325
2447989.13640 11.21112
2447990.13644 15.45855
2447991.13649 16.61907
2447992.13653 17.33618
2447993.13658 11.99495
2447994.13662 8.03116
2447995.13667 4.24759
2447996.13672 4.33269
2447997.13676 7.67691
2447998.13681 13.55088
2447999.13685 16.96810
2448000.13690 17.26232
2448001.13694 15.49913
2448002.13699 11.08698
2448003.13704 6.97374
2448004.13708 3.96079
2448005.13713 4.40573
2448006.13717 8.49296
2448007.13722 12.76455
2448008.13726 15.58579
2448009.13731 17.47068
2448010.13736 11.89344
2448011.13740 9.55171
2448012.13745 6.95520
2448013.13749 4.22949
2448014.13754 4.82168
2448015.13758 7.37920
2448016.13763 12.40003
2448017.13767 17.72869
2448018.13772 16.37308
2448019.13777 15.08764
2448020.13781 12.48098
2448021.13786 5.89922
2448022.13790 4.48757
2448023.13795 5.60439
2448024.13799 7.88033
2448025.13804 13.63572
2448026.13809 15.05770
2448027.13813 16.03384
2448028.13818 14.97514
2448029.13822 7.91405
2448030.13827 5.50852
2448031.13831 3.92448
2448032.13836 5.39278
2448033.13840 10.20900
2448034.13845 13.47995
2448035.13850 19.87774
2448036.13854 16.71666
2448037.13859 13.31288
2448038.13863 8.61965
2448039.13868 5.15060
2448040.13872 3.37000
2448041.13877 5.54266
2448042.13882 9.30530
2448043.13886 12.49980
2448044.13891 16.43492
2448045.13895 16.46300
2448046.13900 13.60432
2448047.13904 9.28513
2448048.13909 6.31290
2448049.13913 4.52430
2448050.13918 6.11368
2448051.13923 10.68874
2448052.13927 15.85188
2448053.13932 20.05196
2448054.13936 17.79423
2448055.13941 14.83050
2448056.13945 9.61451
2448057.13950 4.74504
2448058.13955 3.95507
2448059.13959 7.63806
2448060.13964 10.13615
2448061.13968 13.83192
2448062.13973 16.08901
2448063.13977 15.99677
2448064.13982 11.57805
2448065.13986 9.25223
2448066.13991 4.20604
2448067.13996 4.04813
2448068.14000 7.55157
2448069.14005 11.63753
2448070.14009 14.92580
2448071.14014 17.30261
2448072.14018 15.44076
2448073.14023 8.18879
2448074.14028 8.43446
2448075.14032 4.38944
2448076.14037 4.97473
2448077.14041 7.75966
2448078.14046 11.12760
2448079.14050 18.56753
2448080.14055 17.53321
2448081.14060 14.43430
2448082.14064 10.62444
2448083.14069 5.48996
2448084.14073 5.10304
2448085.14078 5.35224
2448086.14082 7.04416
2448087.14087 12.90767
2448088.14091 15.00267
2448089.14096 18.26084
2448090.14101 16.36189
2448091.14105 10.21196
2448092.14110 7.40510
2448093.14114 4.00652
2448094.14119 5.85056
2448095.14123 8.00497
2448096.14128 14.04905
2448097.14133 17.24124
2448098.14137 16.57752
2448099.14142 16.48010
2448100.14146 12.07712
2448101.14151 5.68202
2448288.15004 12.18558
2448289.15009 12.05315
2448290.15013 17.37811
2448291.15018 19.58290
2448292.15022 24.62907
2448293.15027 24.89061
2448294.15031 25.17860
2448295.15036 19.03734
2448296.15041 15.05047
2448297.15045 11.57621
2448298.15050 16.37349
2448299.15054 17.90657
2448300.15059 19.55292
2448301.15063 27.96113
2448302.15068 25.28733
2448303.15073 25.18265
2448304.15077 20.50284
2448305.15082 14.98291
2448306.15086 13.88719
2448307.15091 13.20075
2448308.15095 18.43024
2448309.15100 21.04706
2448310.15104 34.14648
2448311.15109 28.43337
2448312.15114 26.70805
2448313.15118 18.83414
2448314.15123 16.41605
2448315.15127 15.15465
2448316.15132 13.33245
2448317.15136 20.43665
2448318.15141 20.38133
2448319.15146 28.44060
2448320.15150 24.43138
2448321.15155 25.28571
2448322.15159 20.61205
2448323.15164 16.37262
2448324.15168 13.23568
2448325.15173 16.69891
2448326.15178 22.73372
2448327.15182 25.14386
2448328.15187 28.80954
2448329.15191 27.41177
2448330.15196 27.46974
2448331.15200 22.09493
2448332.15205 21.51228
2448333.15209 16.85200
2448334.15214 16.18195
2448335.15219 23.79906
2448336.15223 26.34185
2448337.15228 30.13084
2448338.15232 31.74488
2448339.15237 25.23779
2448340.15241 17.04033
2448341.15246 16.30903
2448342.15251 14.45598
2448343.15255 16.11712
2448344.15260 26.18182
2448345.15264 28.05471
2448346.15269 30.18311
2448347.15273 30.35525
2448348.15278 27.36533
2448349.15282 26.05159
2448350.15287 17.52774
2448351.15292 18.07544
2448352.15296 14.85153
2448353.15301 22.74997
2448354.15305 36.88307
2448355.15310 30.04061
2448356.15314 30.76458
2448357.15319 27.74914
2448358.15324 22.00293
2448359.15328 20.70484
2448360.15333 16.19029
2448361.15337 19.90115
2448362.15342 28.62121
2448363.15346 28.68095
2448364.15351 33.96601
2448365.15355 30.63301
2448366.15360 26.83177
2448367.15365 19.96693
2448368.15369 15.11744
2448369.15374 25.19269
2448370.15378 23.96745
2448371.15383 26.25078
2448372.15387 33.45818
2448373.15392 36.23087
2448374.15397 36.09571
2448375.15401 26.41927
2448376.15406 21.48526
2448377.15410 15.76106
2448378.15415 18.95902
2448379.15419 17.72213
2448380.15424 26.20825
2448381.15428 30.48376
2448382.15433 38.31045
2448383.15438 37.68525
2448384.15442 28.71679
2448385.15447 18.54206
2448386.15451 15.99907
2448387.15456 22.14815
2448388.15460 28.98371
2448389.15465 26.72453
2448390.15470 38.53336
2448391.15474 32.37995
2448392.15479 29.75423
2448393.15483 27.84715
2448394.15488 19.90200
2448395.15492 22.46797
2448396.15497 22.50480
2448397.15502 26.16248
2448398.15506 27.49762
2448399.15511 36.35794
2448400.15515 36.27420
2448401.15520 32.77501
2448402.15524 28.26472
2448403.15529 22.37197
2448404.15533 22.72212
2448405.15538 21.38393
2448406.15543 24.51388
2448407.15547 30.53570
2448408.15552 36.00544
2448409.15556 34.07417
2448410.15561 29.30005
2448411.15565 30.01891
2448412.15570 25.06724
2448413.15575 21.07787
2448414.15579 24.58911
2448415.15584 27.20306
2448416.15588 31.04030
2448417.15593 25.08451
2448418.15597 31.99638
2448419.15602 32.39141
2448420.15606 29.47528
2448421.15611 21.33819
2448422.15616 21.99200
2448423.15620 25.28371
2448424.15625 28.17973
2448425.15629 32.69705
2448426.15634 38.26344
2448427.15638 31.38634
2448428.15643 30.99292
2448429.15648 23.15410
2448430.15652 21.22550
2448431.15657 22.80495
2448432.15661 22.70042
2448433.15666 29.05859
2448434.15670 35.61021
2448435.15675 36.48033
2448436.15679 30.33009
2448437.15684 33.09016
2448438.15689 26.85787
2448439.15693 24.40147
2448440.15698 22.62040
2448441.15702 28.76808
2448442.15707 31.79102
2448443.15711 37.29000
2448444.15716 31.46333
2448445.15721 30.52812
2448446.15725 35.71271
2448447.15730 24.98161
2448448.15734 22.94238
2448449.15739 22.54473
2448450.15743 24.42955
2448451.15748 32.03832
2448452.15752 34.54187
2448453.15757 35.36756
2448454.15762 35.50386
2448455.15766 28.64695
2448456.15771 29.69281
2448457.15775 21.70129
2448458.15780 26.87569
2448459.15784 28.67966
2448460.15789 30.65007
2448461.15794 37.00490
2448462.15798 33.71712
2448463.15803 39.86237
2448464.15807 25.84356
2448465.15812 28.22567
2448466.15816 21.84794
2448467.15821 23.17821
2448653.16670 35.62892
2448654.16674 34.89301
2448655.16679 44.52114
2448656.16683 45.61266
2448657.16688 53.07006
2448658.16693 45.38414
2448659.16697 31.41823
2448660.16702 35.72389
2448661.16706 32.43854
2448662.16711 40.93848
2448663.16715 40.83888
2448664.16720 44.32423
2448665.16724 46.71471
2448666.16729 52.60787
2448667.16734 41.09836
2448668.16738 47.55496
2448669.16743 32.49559
2448670.16747 38.42299
2448671.16752 36.14603
2448672.16756 38.72004
2448673.16761 39.61741
2448674.16766 50.45522
2448675.16770 50.80461
2448676.16775 52.37959
2448677.16779 40.22364
2448678.16784 36.68399
2448679.16788 34.94324
2448680.16793 39.62980
2448681.16797 43.56423
2448682.16802 37.22294
2448683.16807 59.10151
2448684.16811 41.42304
2448685.16816 44.36605
2448686.16820 46.26681
2448687.16825 35.23988
2448688.16829 34.73959
2448689.16834 40.40189
2448690.16839 43.71145
2448691.16843 42.45889
2448692.16848 54.66651
2448693.16852 53.51091
2448694.16857 47.51748
2448695.16861 44.74687
2448696.16866 35.38204
2448697.16870 35.90410
2448698.16875 38.13396
2448699.16880 50.09979
2448700.16884 41.91502
2448701.16889 45.27563
2448702.16893 60.84429
2448703.16898 52.57661
2448704.16902 40.81676
2448705.16907 40.22863
2448706.16912 34.95666
2448707.16916 39.75746
2448708.16921 41.48833
2448709.16925 44.76942
2448710.16930 55.58246
2448711.16934 47.79489
2448712.16939 43.52627
2448713.16944 41.68557
2448714.16948 27.54664
2448715.16953 36.38842
2448716.16957 33.20363
2448717.16962 44.74984
2448718.16966 47.06595
2448719.16971 46.38023
2448720.16975 43.33354
2448721.16980 53.82948
2448722.16985 42.52077
2448723.16989 41.83290
2448724.16994 38.33500
2448725.16998 39.55570
2448726.17003 41.58094
2448727.17007 46.89269
2448728.17012 52.17991
2448729.17017 51.76726
2448730.17021 39.73106
2448731.17026 33.91121
2448732.17030 38.35139
2448733.17035 35.80749
2448734.17039 39.38925
2448735.17044 38.69426
2448736.17048 40.92214
2448737.17053 59.79232
2448738.17058 45.39576
2448739.17062 41.45675
2448740.17067 38.63155
2448741.17071 37.14489
2448742.17076 41.07974
2448743.17080 39.13003
2448744.17085 46.84538
2448745.17090 52.91310
2448746.17094 42.99634
2448747.17099 50.04059
2448748.17103 37.43358
2448749.17108 44.80047
2448750.17112 30.02692
2448751.17117 40.55319
2448752.17121 38.26242
2448753.17126 44.34691
2448754.17131 48.10756
2448755.17135 54.84290
2448756.17140 46.65296
2448757.17144 38.53163
2448758.17149 33.53796
2448759.17153 41.13094
2448760.17158 40.24402
2448761.17163 41.24734
2448762.17167 48.62772
2448763.17172 48.31318
2448764.17176 45.48067
2448765.17181 46.67472
2448766.17185 42.75565
2448767.17190 37.58960
2448768.17194 40.67683
2448769.17199 41.81529
2448770.17204 43.90356
2448771.17208 49.39110
2448772.17213 56.30586
2448773.17217 51.72913
2448774.17222 47.82699
2448775.17226 39.06916
2448776.17231 37.12369
2448777.17236 36.14293
2448778.17240 36.62278
2448779.17245 51.68051
2448780.17249 49.37578
2448781.17254 49.87796
2448782.17258 47.92938
2448783.17263 37.56284
2448784.17268 41.91012
2448785.17272 35.23260
2448786.17277 38.99546
2448787.17281 38.83975
2448788.17286 39.43434
2448789.17290 39.97791
2448790.17295 52.06956
2448791.17299 41.35258
2448792.17304 35.02561
2448793.17309 41.96671
2448794.17313 37.32266
2448795.17318 37.32413
2448796.17322 38.85865
2448797.17327 44.71051
2448798.17331 43.92533
2448799.17336 39.36797
2448800.17341 47.50785
2448801.17345 50.04391
2448802.17350 39.75704
2448803.17354 34.97506
2448804.17359 39.31968
2448805.17363 37.04159
2448806.17368 43.17158
2448807.17372 43.48803
2448808.17377 50.96656
2448809.17382 53.26860
2448810.17386 46.17011
2448811.17391 39.30325
2448812.17395 31.65590
2448813.17400 31.18881
2448814.17404 38.12125
2448815.17409 37.41348
2448816.17414 40.61466
2448817.17418 45.13778
2448818.17423 45.82332
2448819.17427 43.31595
2448820.17432 37.28504
2448821.17436 37.41107
2448822.17441 38.88947
2448823.17445 38.95591
2448824.17450 46.75870
2448825.17455 47.65177
2448826.17459 54.39212
2448827.17464 43.93783
2448828.17468 36.34444
2448829.17473 34.84655
2448830.17477 36.86317
2448831.17482 32.51149
2448832.17487 42.29579
2449018.18335 26.11278
2449019.18340 33.50571
2449020.18344 31.90391
2449021.18349 34.09258
2449022.18354 37.56215
2449023.18358 35.58938
2449024.18363 27.45691
2449025.18367 25.64652
2449026.18372 20.82097
2449027.18376 28.27140
2449028.18381 31.96752
2449029.18386 31.99037
2449030.18390 37.05990
2449031.18395 35.37172
2449032.18399 34.91596
2449033.18404 25.34222
2449034.18408 22.60009
2449035.18413 25.96811
2449036.18417 29.36694
2449037.18422 33.17660
2449038.18427 34.82207
2449039.18431 37.79297
2449040.18436 40.51976
2449041.18440 28.98792
2449042.18445 23.32255
2449043.18449 24.26016
2449044.18454 25.41643
2449045.18459 26.99233
2449046.18463 28.47708
2449047.18468 40.31083
2449048.18472 33.97377
2449049.18477 34.54453
2449050.18481 33.67506
2449051.18486 22.50560
2449052.18490 21.89725
2449053.18495 22.06484
2449054.18500 27.49356
2449055.18504 26.28505
2449056.18509 31.00361
2449057.18513 39.59930
2449058.18518 31.75132
2449059.18522 26.42297
2449060.18527 22.36557
2449061.18532 23.82719
2449062.18536 22.23374
2449063.18541 24.43708
2449064.18545 28.55084
2449065.18550 40.46027
2449066.18554 33.55115
2449067.18559 30.02740
2449068.18563 27.32323
2449069.18568 25.64788
2449070.18573 22.57890
2449071.18577 26.14863
2449072.18582 35.96083
2449073.18586 30.55082
2449074.18591 39.02000
2449075.18595 31.96324
2449076.18600 31.02329
2449077.18605 23.52749
2449078.18609 22.66210
2449079.18614 17.65938
2449080.18618 24.51444
2449081.18623 22.05249
2449082.18627 33.76187
2449083.18632 33.87365
2449084.18636 28.44001
2449085.18641 31.10643
2449086.18646 25.12034
2449087.18650 22.47468
2449088.18655 23.22687
2449089.18659 25.99797
2449090.18664 27.45012
2449091.18668 29.87826
2449092.18673 33.45672
2449093.18678 26.44295
2449094.18682 27.98008
2449095.18687 18.43793
2449096.18691 19.70208
2449097.18696 21.39363
2449098.18700 20.82990
2449099.18705 30.44143
2449100.18710 31.28412
2449101.18714 24.33777
2449102.18719 27.77769
2449103.18723 26.74692
2449104.18728 30.61795
2449105.18732 21.06306
2449106.18737 16.88531
2449107.18741 25.91162
2449108.18746 23.66266
2449109.18751 27.91874
2449110.18755 31.96901
2449111.18760 24.87914
2449112.18764 25.12317
2449113.18769 20.82508
2449114.18773 17.55643
2449115.18778 22.57214
2449116.18783 23.25154
2449117.18787 27.00150
2449118.18792 31.47176
2449119.18796 33.83016
2449120.18801 26.25064
2449121.18805 26.30171
2449122.18810 16.75702
2449123.18814 15.25891
2449124.18819 17.88042
2449125.18824 17.26605
2449126.18828 26.26332
2449127.18833 32.11887
2449128.18837 26.45519
2449129.18842 29.29382
2449130.18846 23.26298
2449131.18851 20.31320
2449132.18856 16.19235
2449133.18860 18.95251
2449134.18865 21.45762
2449135.18869 31.25605
2449136.18874 24.46575
2449137.18878 26.85376
2449138.18883 32.40818
2449139.18887 22.78273
2449140.18892 16.19876
2449141.18897 17.60094
2449142.18901 15.94746
2449143.18906 22.11717
2449144.18910 22.18496
2449145.18915 31.84425
2449146.18919 27.66009
2449147.18924 26.49581
2449148.18929 22.18545
2449149.18933 16.75862
2449150.18938 17.93382
2449151.18942 21.04863
2449152.18947 22.14030
2449153.18951 31.21643
2449154.18956 28.09328
2449155.18960 25.56215
2449156.18965 25.36522
2449157.18970 19.16812
2449158.18974 15.71873
2449159.18979 17.12354
2449160.18983 17.99092
2449161.18988 20.58854
2449162.18992 25.86925
2449163.18997 31.55202
2449164.19002 26.64096
2449165.19006 25.03673
2449166.19011 17.60572
2449167.19015 16.40237
2449168.19020 14.61489
2449169.19024 18.71016
2449170.19029 24.81992
2449171.19033 24.16857
2449172.19038 24.54072
2449173.19043 24.03601
2449174.19047 22.97595
2449175.19052 16.24179
2449176.19056 14.83621
2449177.19061 14.98071
2449178.19065 16.22184
2449179.19070 22.10064
2449180.19075 29.11554
2449181.19079 28.87073
2449182.19084 26.52017
2449183.19088 17.06716
2449184.19093 14.13638
2449185.19097 13.12997
2449186.19102 11.57585
2449187.19107 21.11689
2449188.19111 23.67768
2449189.19116 28.02835
2449190.19120 24.43726
2449191.19125 24.76906
2449192.19129 19.95637
2449193.19134 11.63778
2449194.19138 11.55063
2449195.19143 15.16042
2449196.19148 18.42325
2449197.19152 22.70043
2449383.20001 11.05395
2449384.20005 16.62292
2449385.20010 17.25959
2449386.20015 13.72115
2449387.20019 11.11930
2449388.20024 7.38546
2449389.20028 3.82462
2449390.20033 3.62921
2449391.20037 7.37691
2449392.20042 11.94583
2449393.20047 14.91345
2449394.20051 16.78914
2449395.20056 13.62783
2449396.20060 9.18637
2449397.20065 6.14609
2449398.20069 3.38394
2449399.20074 3.86216
2449400.20078 7.41099
2449401.20083 11.39663
2449402.20088 14.65998
2449403.20092 15.45520
2449404.20097 14.56301
2449405.20101 12.00712
2449406.20106 6.49318
2449407.20110 3.17032
2449408.20115 4.17253
2449409.20120 7.66000
2449410.20124 12.99275
2449411.20129 15.18790
2449412.20133 17.39304
2449413.20138 15.19823
2449414.20142 10.60678
2449415.20147 4.93788
2449416.20152 3.39025
2449417.20156 5.42228
2449418.20161 9.05023
2449419.20165 11.81348
2449420.20170 14.80496
2449421.20174 13.71260
2449422.20179 15.24428
2449423.20183 7.49284
2449424.20188 5.03430
2449425.20193 2.83106
2449426.20197 5.29351
2449427.20202 8.80792
2449428.20206 13.29529
2449429.20211 17.19928
2449430.20215 15.28292
2449431.20220 15.40948
2449432.20225 5.98633
2449433.20229 4.64926
2449434.20234 3.00785
2449435.20238 4.87291
2449436.20243 8.13988
2449437.20247 14.85073
2449438.20252 16.74310
2449439.20256 16.92839
2449440.20261 11.82038
2449441.20266 6.73239
2449442.20270 3.62612
2449443.20275 2.81076
2449444.20279 6.46753
2449445.20284 10.82611
2449446.20288 17.35879
2449447.20293 16.53647
2449448.20298 18.14507
2449449.20302 12.66214
2449450.20307 7.96398
2449451.20311 4.30608
2449452.20316 3.36691
2449453.20320 5.58027
2449454.20325 12.50273
2449455.20329 13.03376
2449456.20334 17.10984
2449457.20339 14.26446
2449458.20343 12.01812
2449459.20348 5.89081
2449460.20352 2.97146
2449461.20357 3.50088
2449462.20361 6.25987
2449463.20366 12.65587
2449464.20371 17.56188
2449465.20375 16.56221
2449466.20380 16.38955
2449467.20384 11.35565
2449468.20389 5.62897
2449469.20393 2.77158
2449470.20398 3.32585
2449471.20402 6.45951
2449472.20407 12.39569
2449473.20412 16.22053
2449474.20416 15.87711
2449475.20421 11.85633
2449476.20425 8.43647
2449477.20430 5.23054
2449478.20434 3.55910
2449479.20439 3.35872
2449480.20444 8.26067
2449481.20448 14.22982
2449482.20453 13.51067
2449483.20457 17.16591
2449484.20462 12.75127
2449485.20466 9.89410
2449486.20471 4.31724
2449487.20475 3.35097
2449488.20480 4.58544
2449489.20485 7.53465
2449490.20489 13.79073
2449491.20494 15.22208
2449492.20498 11.94886
2449493.20503 13.84133
2449494.20507 10.50802
2449495.20512 5.12244
2449496.20517 2.72986
2449497.20521 5.58636
2449498.20526 8.56781
2449499.20530 14.41931
2449500.20535 18.65030
2449501.20539 18.37142
2449502.20544 15.26803
2449503.20549 8.22004
2449504.20553 5.74265
2449505.20558 4.00970
2449506.20562 4.57917
2449507.20567 9.77350
2449508.20571 15.47230
2449509.20576 19.09874
2449510.20580 14.02943
2449511.20585 14.26526
2449512.20590 7.67258
2449513.20594 4.63244
2449514.20599 3.86990
2449515.20603 6.99581
2449516.20608 8.47983
2449517.20612 16.07648
2449518.20617 18.02804
2449519.20622 17.35840
2449520.20626 14.44863
2449521.20631 8.12525
2449522.20635 4.35790
2449523.20640 4.45576
2449524.20644 6.27611
2449525.20649 10.14676
2449526.20653 14.24821
2449527.20658 16.76200
2449528.20663 14.24776
2449529.20667 12.11134
2449530.20672 7.57523
2449531.20676 4.03351
2449532.20681 5.08057
2449533.20685 7.45294
2449534.20690 11.31508
2449535.20695 19.07879
2449536.20699 17.96993
2449537.20704 17.53479
2449538.20708 11.57876
2449539.20713 8.88669
2449540.20717 4.24118
2449541.20722 5.76703
2449542.20726 7.89962
2449543.20731 12.52575
2449544.20736 17.75459
2449545.20740 15.30156
2449546.20745 18.78964
2449547.20749 8.99913
2449548.20754 6.72243
2449549.20758 4.86067
2449550.20763 5.61737
2449551.20768 9.49878
2449552.20772 16.69578
2449553.20777 16.43296
2449554.20781 19.25658
2449555.20786 19.04900
2449556.20790 10.18195
2449557.20795 6.15504
2449558.20799 5.91920
2449559.20804 6.73600
2449560.20809 9.52425
2449561.20813 11.75223
2449562.20818 18.46172
2449749.21671 27.66783
2449750.21676 24.03178
2449751.21680 22.10831
2449752.21685 20.58611
2449753.21689 18.99420
2449754.21694 18.54675
2449755.21698 17.47656
2449756.21703 21.43871
2449757.21708 27.81176
2449758.21712 32.52510
2449759.21717 19.94854
2449760.21721 21.66419
2449761.21726 19.08030
2449762.21730 15.94076
2449763.21735 15.47368
2449764.21740 18.99691
2449765.21744 27.42766
2449766.21749 29.52936
2449767.21753 25.46808
2449768.21758 29.67573
2449769.21762 24.27634
2449770.21767 18.14358
2449771.21771 15.04684
2449772.21776 20.22873
2449773.21781 20.80353
2449774.21785 25.21065
2449775.21790 26.69149
2449776.21794 37.25508
2449777.21799 28.55080
2449778.21803 22.73098
2449779.21808 15.66089
2449780.21813 16.32049
2449781.21817 18.41130
2449782.21822 26.68447
2449783.21826 26.21758
2449784.21831 32.96690
2449785.21835 36.18945
2449786.21840 31.87984
2449787.21844 30.82492
2449788.21849 18.16127
2449789.21854 19.44832
2449790.21858 21.44167
2449791.21863 27.01820
2449792.21867 30.00550
2449793.21872 27.04400
2449794.21876 31.03453
2449795.21881 32.61171
2449796.21886 22.00064
2449797.21890 22.23688
2449798.21895 15.68697
2449799.21899 20.65797
2449800.21904 27.42939
2449801.21908 30.90663
2449802.21913 32.83441
2449803.21917 33.11609
2449804.21922 27.07677
2449805.21927 26.55026
2449806.21931 16.78914
2449807.21936 21.79359
2449808.21940 22.22342
2449809.21945 26.27782
2449810.21949 35.05832
2449811.21954 28.50650
2449812.21959 35.05380
2449813.21963 29.16144
2449814.21968 24.58717
2449815.21972 21.94838
2449816.21977 20.61114
2449817.21981 21.87084
2449818.21986 25.37412
2449819.21991 33.26753
2449820.21995 34.64072
2449821.22000 31.46628
2449822.22004 24.99762
2449823.22009 24.73329
2449824.22013 22.64685
2449825.22018 23.63216
2449826.22022 25.95542
2449827.22027 29.69039
2449828.22032 35.36233
2449829.22036 30.55520
2449830.22041 34.35764
2449831.22045 30.27857
2449832.22050 25.11204
2449833.22054 27.74044
2449834.22059 22.18747
2449835.22064 26.18852
2449836.22068 28.91856
2449837.22073 40.54505
2449838.22077 39.84314
2449839.22082 34.15332
2449840.22086 28.55806
2449841.22091 25.80278
2449842.22095 18.73075
2449843.22100 22.69885
2449844.22105 26.25328
2449845.22109 30.33325
2449846.22114 41.37053
2449847.22118 32.56023
2449848.22123 35.97115
2449849.22127 29.80570
2449850.22132 25.74780
2449851.22137 27.39293
2449852.22141 23.49970
2449853.22146 30.91844
2449854.22150 36.86349
2449855.22155 35.94692
2449856.22159 36.57002
2449857.22164 43.95989
2449858.22168 32.78301
2449859.22173 28.35578
2449860.22178 26.28997
2449861.22182 26.99551
2449862.22187 27.53340
2449863.22191 31.24695
2449864.22196 42.56027
2449865.22200 33.78609
2449866.22205 38.12686
2449867.22210 32.04443
2449868.22214 26.96970
2449869.22219 27.18680
2449870.22223 28.85066
2449871.22228 32.00040
2449872.22232 36.23219
2449873.22237 35.97696
2449874.22241 38.63909
2449875.22246 32.35408
2449876.22251 24.65501
2449877.22255 24.74108
2449878.22260 26.68420
2449879.22264 30.27476
2449880.22269 32.96764
2449881.22273 26.34842
2449882.22278 36.24901
2449883.22283 38.49476
2449884.22287 40.94182
2449885.22292 29.18471
2449886.22296 29.57094
2449887.22301 25.19214
2449888.22305 29.24008
2449889.22310 36.41977
2449890.22315 37.71673
2449891.22319 42.70155
2449892.22324 31.80698
2449893.22328 37.57432
2449894.22333 31.15575
2449895.22337 36.06478
2449896.22342 23.83966
2449897.22346 26.86930
2449898.22351 34.95103
2449899.22356 32.37105
2449900.22360 42.07122
2449901.22365 38.23870
2449902.22369 40.44411
2449903.22374 30.63645
2449904.22378 24.38188
2449905.22383 26.70605
2449906.22388 33.46392
2449907.22392 31.91956
2449908.22397 42.13780
2449909.22401 50.13761
2449910.22406 38.91274
2449911.22410 32.33124
2449912.22415 24.36748
2449913.22419 29.86406
2449914.22424 27.00426
2449915.22429 36.21458
2449916.22433 39.78568
2449917.22438 41.16683
2449918.22442 39.87168
2449919.22447 45.65851
2449920.22451 31.95025
2449921.22456 28.21378
2449922.22461 26.90644
2449923.22465 28.89844
2449924.22470 36.51282
2449925.22474 35.41868
2449926.22479 39.48790
2449927.22483 35.24860
2449928.22488 41.39524
2450114.23337 45.12233
2450115.23341 45.43689
2450116.23346 43.90988
2450117.23350 40.27655
2450118.23355 35.40299
2450119.23359 42.88009
2450120.23364 42.08026
2450121.23369 51.41900
2450122.23373 50.77332
2450123.23378 47.36028
2450124.23382 49.46961
2450125.23387 36.84478
2450126.23391 33.81683
2450127.23396 36.40688
2450128.23401 49.04697
2450129.23405 43.88412
2450130.23410 49.15137
2450131.23414 51.83665
2450132.23419 42.67023
2450133.23423 49.69922
2450134.23428 37.38976
2450135.23433 32.31888
2450136.23437 36.61023
2450137.23442 34.59094
2450138.23446 47.56265
2450139.23451 56.03000
2450140.23455 48.94978
2450141.23460 43.07631
2450142.23464 41.63316
2450143.23469 43.98677
2450144.23474 35.30835
2450145.23478 46.01685
2450146.23483 47.60698
2450147.23487 44.52367
2450148.23492 49.56894
2450149.23496 53.13360
2450150.23501 42.90117
2450151.23506 43.61324
2450152.23510 33.73548
2450153.23515 36.03223
2450154.23519 41.80644
2450155.23524 42.88321
2450156.23528 55.02173
2450157.23533 51.49198
2450158.23537 57.38458
2450159.23542 46.57109
2450160.23547 47.56051
2450161.23551 36.88263
2450162.23556 36.74893
2450163.23560 38.81459
2450164.23565 42.27441
2450165.23569 50.28335
2450166.23574 44.68415
2450167.23579 55.78733
2450168.23583 42.66974
2450169.23588 40.30745
2450170.23592 35.12367
2450171.23597 38.81539
2450172.23601 43.16627
2450173.23606 36.04500
2450174.23610 55.32362
2450175.23615 50.76377
2450176.23620 47.35398
2450177.23624 55.85496
2450178.23629 40.63186
2450179.23633 29.79046
2450180.23638 31.76330
2450181.23642 38.13075
2450182.23647 36.59272
2450183.23652 45.26583
2450184.23656 58.29899
2450185.23661 49.99533
2450186.23665 44.26637
2450187.23670 42.60048
2450188.23674 40.53162
2450189.23679 29.17887
2450190.23683 36.16876
2450191.23688 45.89111
2450192.23693 41.09334
2450193.23697 46.02488
2450194.23702 54.07524
2450195.23706 44.92351
2450196.23711 44.90392
2450197.23715 39.08781
2450198.23720 39.66994
2450199.23725 36.32075
2450200.23729 41.78355
2450201.23734 51.39712
2450202.23738 47.43971
2450203.23743 46.83361
2450204.23747 40.71529
2450205.23752 45.46215
2450206.23757 41.88991
2450207.23761 35.23251
2450208.23766 41.17643
2450209.23770 47.15863
2450210.23775 56.07738
2450211.23779 43.49838
2450212.23784 47.85211
2450213.23788 40.93162
2450214.23793 42.87273
2450215.23798 31.05525
2450216.23802 30.75086
2450217.23807 39.26134
2450218.23811 50.14854
2450219.23816 52.65325
2450220.23820 46.52636
2450221.23825 40.54324
2450222.23830 44.69715
2450223.23834 39.44878
2450224.23839 39.87037
2450225.23843 36.92583
2450226.23848 45.39304
2450227.23852 47.15818
2450228.23857 51.52879
2450229.23861 48.54866
2450230.23866 47.46981
2450231.23871 47.85062
2450232.23875 39.92818
2450233.23880 38.90815
2450234.23884 33.33751
2450235.23889 46.22454
2450236.23893 41.95569
2450237.23898 35.47474
2450238.23903 46.80138
2450239.23907 57.27455
2450240.23912 36.36918
2450241.23916 37.26205
2450242.23921 36.90888
2450243.23925 38.33541
2450244.23930 36.14397
2450245.23934 46.53387
2450246.23939 44.67568
2450247.23944 53.52074
2450248.23948 46.22204
2450249.23953 40.83659
2450250.23957 36.76286
2450251.23962 34.74518
2450252.23966 38.24005
2450253.23971 41.74071
2450254.23976 45.81519
2450255.23980 46.19938
2450256.23985 50.96158
2450257.23989 44.99800
2450258.23994 43.89589
2450259.23998 31.28248
2450260.24003 29.10054
2450261.24007 35.67470
2450262.24012 43.71375
2450263.24017 47.27659
2450264.24021 42.30472
2450265.24026 50.15415
2450266.24030 45.84056
2450267.24035 41.01301
2450268.24039 33.10360
2450269.24044 36.16856
2450270.24049 37.69278
2450271.24053 44.79144
2450272.24058 49.44309
2450273.24062 47.76491
2450274.24067 39.78630
2450275.24071 42.02307
2450276.24076 43.60009
2450277.24080 30.43566
2450278.24085 36.81971
2450279.24090 34.86604
2450280.24094 49.56017
2450281.24099 46.85375
2450282.24103 50.94374
2450283.24108 50.32151
2450284.24112 46.93447
2450285.24117 35.21213
2450286.24122 32.62069
2450287.24126 33.77922
2450288.24131 37.75078
2450289.24135 50.04332
2450290.24140 54.45045
2450291.24144 46.37377
2450292.24149 51.20344
2450293.24154 39.12683
2450479.25002 28.34477
2450480.25007 24.43699
2450481.25011 20.74606
2450482.25016 22.46120
2450483.25021 27.75437
2450484.25025 27.50583
2450485.25030 29.31528
2450486.25034 33.91867
2450487.25039 31.02403
2450488.25043 27.81260
2450489.25048 21.11691
2450490.25052 19.50504
2450491.25057 22.95198
2450492.25062 30.62118
2450493.25066 31.63054
2450494.25071 31.66897
2450495.25075 34.91519
2450496.25080 30.34879
2450497.25084 27.41418
2450498.25089 21.78659
2450499.25094 21.81280
2450500.25098 20.00441
2450501.25103 25.36232
2450502.25107 29.29949
2450503.25112 36.43890
2450504.25116 30.44177
2450505.25121 27.94755
2450506.25125 26.27049
2450507.25130 22.25009
2450508.25135 21.11331
2450509.25139 24.74336
2450510.25144 23.44381
2450511.25148 30.91041
2450512.25153 36.94725
2450513.25157 37.03971
2450514.25162 31.77415
2450515.25167 22.07349
2450516.25171 19.05741
2450517.25176 17.57764
2450518.25180 20.66552
2450519.25185 25.48782
2450520.25189 31.23971
2450521.25194 29.30436
2450522.25199 29.70870
2450523.25203 26.35118
2450524.25208 21.00996
2450525.25212 17.55632
2450526.25217 18.34278
2450527.25221 18.79737
2450528.25226 23.81663
2450529.25230 27.89230
2450530.25235 34.83815
2450531.25240 35.43824
2450532.25244 25.84164
2450533.25249 21.57737
2450534.25253 17.15280
2450535.25258 16.75264
2450536.25262 18.55937
2450537.25267 22.08106
2450538.25272 26.40245
2450539.25276 33.36603
2450540.25281 29.78361
2450541.25285 26.34782
2450542.25290 19.29734
2450543.25294 15.17200
2450544.25299 16.99451
2450545.25303 17.59705
2450546.25308 26.28041
2450547.25313 31.17583
2450548.25317 31.87638
2450549.25322 27.03131
2450550.25326 24.61314
2450551.25331 21.30790
2450552.25335 13.14500
2450553.25340 17.74234
2450554.25345 18.29411
2450555.25349 22.36122
2450556.25354 26.00453
2450557.25358 29.51968
2450558.25363 27.01495
2450559.25367 19.75467
2450560.25372 17.87860
2450561.25376 13.36714
2450562.25381 17.06896
2450563.25386 16.65150
2450564.25390 26.53428
2450565.25395 24.66229
2450566.25399 32.34499
2450567.25404 22.05243
2450568.25408 23.56578
2450569.25413 19.11579
2450570.25418 14.44713
2450571.25422 15.42007
2450572.25427 15.58236
2450573.25431 26.84199
2450574.25436 26.67518
2450575.25440 26.79622
2450576.25445 24.36901
2450577.25449 17.50768
2450578.25454 17.92254
2450579.25459 16.51262
2450580.25463 16.15660
2450581.25468 20.93952
2450582.25472 20.53315
2450583.25477 26.92815
2450584.25481 28.84217
2450585.25486 24.07309
2450586.25491 18.59346
2450587.25495 16.64694
2450588.25500 12.27888
2450589.25504 9.19369
2450590.25509 20.79008
2450591.25513 24.76584
2450592.25518 29.27649
2450593.25522 27.13786
2450594.25527 24.46197
2450595.25532 19.52934
2450596.25536 16.06240
2450597.25541 13.20085
2450598.25545 14.80811
2450599.25550 20.00427
2450600.25554 22.87043
2450601.25559 28.47793
2450602.25564 21.95042
2450603.25568 23.15757
2450604.25573 15.79345
2450605.25577 12.67874
2450606.25582 10.99600
2450607.25586 15.50208
2450608.25591 22.54995
2450609.25596 21.95472
2450610.25600 28.49420
2450611.25605 21.86550
2450612.25609 21.10451
2450613.25614 17.19522
2450614.25618 13.44348
2450615.25623 12.89904
2450616.25627 15.38986
2450617.25632 20.58848
2450618.25637 22.75364
2450619.25641 28.32514
2450620.25646 26.88648
2450621.25650 21.76639
2450622.25655 16.77745
2450623.25659 12.19672
2450624.25664 9.77141
2450625.25669 13.69568
2450626.25673 20.06803
2450627.25678 20.84788
2450628.25682 26.25437
2450629.25687 24.47368
2450630.25691 20.13116
2450631.25696 13.27178
2450632.25700 10.96094
2450633.25705 12.86686
2450634.25710 15.35133
2450635.25714 20.04043
2450636.25719 20.94455
2450637.25723 24.61403
2450638.25728 16.93052
2450639.25732 17.21073
2450640.25737 12.05583
2450641.25742 9.72523
2450642.25746 9.95076
2450643.25751 15.64196
2450644.25755 19.38656
2450645.25760 20.58927
2450646.25764 20.55504
2450647.25769 22.45084
2450648.25773 16.62422
2450649.25778 13.99443
2450650.25783 9.72059
2450651.25787 10.39796
2450652.25792 11.61540
2450653.25796 21.08475
2450654.25801 20.19862
2450655.25805 23.68696
2450656.25810 16.52780
2450657.25815 11.18415
2450658.25819 10.05033
2450844.26668 5.39890
2450845.26672 2.68572
2450846.26677 2.74103
2450847.26682 6.01935
2450848.26686 10.28200
2450849.26691 14.12196
2450850.26695 17.79137
2450851.26700 16.53860
2450852.26704 9.23831
2450853.26709 5.60050
2450854.26714 2.24407
2450855.26718 3.15784
2450856.26723 6.84850
2450857.26727 12.16672
2450858.26732 14.68884
2450859.26736 18.54975
2450860.26741 16.17784
2450861.26745 9.71130
2450862.26750 4.97434
2450863.26755 2.41232
2450864.26759 3.48476
2450865.26764 6.37890
2450866.26768 10.94016
2450867.26773 13.46249
2450868.26777 18.71338
2450869.26782 14.16975
2450870.26787 10.51275
2450871.26791 4.82539
2450872.26796 2.49308
2450873.26800 2.83282
2450874.26805 6.87066
2450875.26809 11.30635
2450876.26814 17.90811
2450877.26818 18.32227
2450878.26823 14.01518
2450879.26828 7.79492
2450880.26832 3.65057
2450881.26837 2.54065
2450882.26841 3.27245
2450883.26846 8.53082
2450884.26850 11.32720
2450885.26855 17.14050
2450886.26860 16.74617
2450887.26864 12.75328
2450888.26869 8.32024
2450889.26873 3.34811
2450890.26878 2.06086
2450891.26882 4.47420
2450892.26887 8.36746
2450893.26891 14.80409
2450894.26896 14.31642
2450895.26901 15.24443
2450896.26905 11.97658
2450897.26910 8.82389
2450898.26914 3.47565
2450899.26919 2.45709
2450900.26923 5.10543
2450901.26928 8.54698
2450902.26933 13.82428
2450903.26937 17.52961
2450904.26942 14.07992
2450905.26946 13.89887
2450906.26951 7.26006
2450907.26955 3.41263
2450908.26960 3.13195
2450909.26964 5.96472
2450910.26969 10.93487
2450911.26974 12.70385
2450912.26978 17.75951
2450913.26983 18.42482
2450914.26987 9.93348
2450915.26992 6.49413
2450916.26996 3.00774
2450917.27001 2.65018
2450918.27006 5.78132
2450919.27010 9.60924
2450920.27015 16.30360
2450921.27019 17.65515
2450922.27024 13.09874
2450923.27028 9.89843
2450924.27033 6.06487
2450925.27038 2.80053
2450926.27042 3.49459
2450927.27047 5.54248
2450928.27051 11.76874
2450929.27056 14.05578
2450930.27060 15.88580
2450931.27065 15.20716
2450932.27069 11.20159
2450933.27074 6.86296
2450934.27079 3.45638
2450935.27083 3.30912
2450936.27088 7.17254
2450937.27092 11.83704
2450938.27097 16.51844
2450939.27101 16.73583
2450940.27106 18.93975
2450941.27111 10.54476
2450942.27115 5.27634
2450943.27120 3.80812
2450944.27124 4.45507
2450945.27129 8.51969
2450946.27133 12.42808
2450947.27138 17.43996
2450948.27142 14.16662
2450949.27147 15.09686
2450950.27152 10.07779
2450951.27156 4.90943
2450952.27161 3.47763
2450953.27165 5.89432
2450954.27170 8.58834
2450955.27174 13.81928
2450956.27179 14.81612
2450957.27184 13.40081
2450958.27188 12.75341
2450959.27193 10.04980
2450960.27197 5.98468
2450961.27202 3.35687
2450962.27206 5.74444
2450963.27211 9.98474
2450964.27215 12.74802
2450965.27220 18.53293
2450966.27225 13.92292
2450967.27229 15.08246
2450968.27234 8.00683
2450969.27238 5.97013
2450970.27243 3.27743
2450971.27247 5.66030
2450972.27252 11.83431
2450973.27257 14.58224
2450974.27261 19.69508
2450975.27266 13.87592
2450976.27270 13.39918
2450977.27275 9.90596
2450978.27279 5.44711
2450979.27284 4.70773
2450980.27288 7.23150
2450981.27293 12.62516
2450982.27298 17.22713
2450983.27302 17.27673
2450984.27307 18.31020
2450985.27311 12.36052
2450986.27316 8.80478
2450987.27320 5.30720
2450988.27325 5.56364
2450989.27330 7.67657
2450990.27334 10.90509
2450991.27339 16.92666
2450992.27343 23.93196
2450993.27348 17.34708
2450994.27352 12.92374
2450995.27357 8.07498
2450996.27362 5.80254
2450997.27366 4.89731
2450998.27371 8.25755
2450999.27375 13.75711
2451000.27380 17.40620
2451001.27384 18.87757
2451002.27389 17.89355
2451003.27393 12.94575
2451004.27398 8.21138
2451005.27403 4.79704
2451006.27407 6.55213
2451007.27412 11.54465
2451008.27416 14.87316
2451009.27421 20.04861
2451010.27425 21.67018
2451011.27430 17.85520
2451012.27435 12.20675
2451013.27439 7.98913
2451014.27444 7.05721
2451015.27448 6.79846
2451016.27453 11.20194
2451017.27457 15.64400
2451018.27462 19.24472
2451019.27466 20.29772
2451020.27471 16.18286
2451021.27476 12.50736
2451022.27480 8.40034
2451023.27485 6.29288
2451209.28333 18.47014
2451210.28338 21.15824
2451211.28343 22.37733
2451212.28347 26.88454
2451213.28352 31.53034
2451214.28356 29.71139
2451215.28361 30.01811
2451216.28365 29.13682
2451217.28370 22.62941
2451218.28375 19.66995
2451219.28379 20.14184
2451220.28384 25.44660
2451221.28388 23.93355
2451222.28393 36.29729
2451223.28397 37.62637
2451224.28402 32.85340
2451225.28406 28.17088
2451226.28411 19.04565
2451227.28416 22.11661
2451228.28420 19.54626
2451229.28425 25.40830
2451230.28429 35.59161
2451231.28434 39.89068
2451232.28438 35.99983
2451233.28443 34.53269
2451234.28448 27.48303
2451235.28452 20.97197
2451236.28457 21.92483
2451237.28461 20.30213
2451238.28466 22.21088
2451239.28470 33.32309
2451240.28475 34.73994
2451241.28480 36.59973
2451242.28484 36.40113
2451243.28489 23.65296
2451244.28493 25.49719
2451245.28498 18.03253
2451246.28502 20.79005
2451247.28507 30.65748
2451248.28511 33.74469
2451249.28516 38.39551
2451250.28521 35.46165
2451251.28525 25.72950
2451252.28530 27.58629
2451253.28534 24.18093
2451254.28539 19.52411
2451255.28543 19.93779
2451256.28548 26.97445
2451257.28553 31.19341
2451258.28557 35.73680
2451259.28562 36.38404
2451260.28566 34.02091
2451261.28571 31.50304
2451262.28575 22.12888
2451263.28580 25.95313
2451264.28584 27.70572
2451265.28589 29.18552
2451266.28594 29.81482
2451267.28598 40.54341
2451268.28603 37.32372
2451269.28607 36.06412
2451270.28612 24.39050
2451271.28616 26.39158
2451272.28621 22.91174
2451273.28626 27.79619
2451274.28630 27.11358
2451275.28635 39.97424
2451276.28639 32.25533
2451277.28644 42.81466
2451278.28648 37.03363
2451279.28653 29.22529
2451280.28657 24.50882
2451281.28662 24.39975
2451282.28667 32.79610
2451283.28671 32.84812
2451284.28676 38.70413
2451285.28680 36.75465
2451286.28685 29.91228
2451287.28689 33.49682
2451288.28694 26.40209
2451289.28699 22.32548
2451290.28703 25.09958
2451291.28708 27.26024
2451292.28712 34.76035
2451293.28717 40.69807
2451294.28721 40.95338
2451295.28726 35.36932
2451296.28730 31.86517
2451297.28735 24.58264
2451298.28740 24.03397
2451299.28744 30.32038
2451300.28749 29.64116
2451301.28753 35.79451
2451302.28758 36.12443
2451303.28762 37.08353
2451304.28767 37.62411
2451305.28772 30.02513
2451306.28776 27.79963
2451307.28781 24.91201
2451308.28785 32.91242
2451309.28790 29.04909
2451310.28794 38.21250
2451311.28799 33.70142
2451312.28804 32.00868
2451313.28808 40.69719
2451314.28813 33.29710
2451315.28817 26.15312
2451316.28822 26.47349
2451317.28826 29.14612
2451318.28831 34.27940
2451319.28835 35.98257
2451320.28840 42.48986
2451321.28845 43.80774
2451322.28849 39.28076
2451323.28854 33.61405
2451324.28858 27.58487
2451325.28863 28.19324
2451326.28867 27.66481
2451327.28872 37.14359
2451328.28877 35.05283
2451329.28881 42.49065
2451330.28886 41.42035
2451331.28890 42.69218
2451332.28895 32.08741
2451333.28899 34.86580
2451334.28904 30.68160
2451335.28908 32.32512
2451336.28913 32.74341
2451337.28918 42.72375
2451338.28922 48.18198
2451339.28927 43.83105
2451340.28931 36.83654
2451341.28936 31.68980
2451342.28940 33.40946
2451343.28945 27.17317
2451344.28950 26.21840
2451345.28954 36.34226
2451346.28959 42.99153
2451347.28963 36.23617
2451348.28968 43.77761
2451349.28972 40.88932
2451350.28977 39.39973
2451351.28981 30.78098
2451352.28986 33.35282
2451353.28991 29.15369
2451354.28995 40.75235
2451355.29000 31.94695
2451356.29004 41.61087
2451357.29009 45.45130
2451358.29013 34.94387
2451359.29018 30.52719
2451360.29023 29.46199
2451361.29027 25.76203
2451362.29032 28.44953
2451363.29036 33.71506
2451364.29041 37.14423
2451365.29045 38.31656
2451366.29050 48.79001
2451367.29054 32.37213
2451368.29059 35.89138
2451369.29064 34.90210
2451370.29068 34.39048
2451371.29073 38.97272
2451372.29077 47.53364
2451373.29082 40.98291
2451374.29086 37.86596
2451375.29091 44.15455
2451376.29096 36.80207
2451377.29100 35.40330
2451378.29105 26.80180
2451379.29109 28.30156
2451380.29114 43.24746
2451381.29118 38.48577
2451382.29123 43.75407
2451383.29127 48.43092
2451384.29132 46.82947
2451385.29137 42.93208
2451386.29141 35.95024
2451387.29146 37.19465
2451388.29150 26.81521
2451575.30004 33.31417
2451576.30008 42.61192
2451577.30013 46.69274
2451578.30017 57.10879
2451579.30022 48.88533
2451580.30026 41.41272
2451581.30031 38.60627
2451582.30036 39.33938
2451583.30040 42.84784
2451584.30045 38.84070
2451585.30049 46.84299
2451586.30054 54.42776
2451587.30058 57.26684
2451588.30063 45.49678
2451589.30068 43.59242
2451590.30072 35.98558
2451591.30077 29.51476
2451592.30081 33.91626
2451593.30086 41.65246
2451594.30090 33.36878
2451595.30095 51.28380
2451596.30099 40.95485
2451597.30104 42.94044
2451598.30109 39.46903
2451599.30113 41.66306
2451600.30118 32.16873
2451601.30122 33.18421
2451602.30127 39.05960
2451603.30131 47.04540
2451604.30136 49.93721
2451605.30141 50.00307
2451606.30145 50.53594
2451607.30150 43.00617
2451608.30154 40.15098
2451609.30159 31.77165
2451610.30163 41.04202
2451611.30168 43.53719
2451612.30172 52.35466
2451613.30177 54.16293
2451614.30182 60.18228
2451615.30186 53.79245
2451616.30191 43.66010
2451617.30195 37.81544
2451618.30200 34.09688
2451619.30204 43.36590
2451620.30209 43.09280
2451621.30214 47.27671
2451622.30218 42.62021
2451623.30223 41.69578
2451624.30227 42.48399
2451625.30232 43.13592
2451626.30236 30.70954
2451627.30241 42.82420
2451628.30246 38.01649
2451629.30250 46.66219
2451630.30255 53.44664
2451631.30259 48.15403
2451632.30264 49.50445
2451633.30268 49.33027
2451634.30273 41.42039
2451635.30277 37.08989
2451636.30282 40.32780
2451637.30287 43.06953
2451638.30291 45.11160
2451639.30296 41.32243
2451640.30300 45.76483
2451641.30305 48.05255
2451642.30309 48.14323
2451643.30314 34.29138
2451644.30319 41.23207
2451645.30323 37.71752
2451646.30328 39.34941
2451647.30332 40.02420
2451648.30337 44.37136
2451649.30341 48.12977
2451650.30346 49.39489
2451651.30350 47.59578
2451652.30355 33.54373
2451653.30360 38.73545
2451654.30364 39.78135
2451655.30369 38.04555
2451656.30373 48.14250
2451657.30378 48.70770
2451658.30382 43.33498
2451659.30387 61.43276
2451660.30392 35.87746
2451661.30396 44.79586
2451662.30401 34.29137
2451663.30405 36.99838
2451664.30410 42.66163
2451665.30414 47.35841
2451666.30419 47.27165
2451667.30423 51.09639
2451668.30428 52.06885
2451669.30433 47.07673
2451670.30437 38.95539
2451671.30442 39.24315
2451672.30446 32.52435
2451673.30451 40.51257
2451674.30455 45.30760
2451675.30460 47.50461
2451676.30465 49.10911
2451677.30469 50.84928
2451678.30474 43.54042
2451679.30478 36.57817
2451680.30483 32.47929
2451681.30487 33.50042
2451682.30492 30.29693
2451683.30496 41.57647
2451684.30501 51.33359
2451685.30506 51.38133
2451686.30510 45.03168
2451687.30515 34.24948
2451688.30519 34.45912
2451689.30524 35.16994
2451690.30528 36.37979
2451691.30533 50.08670
2451692.30538 46.45380
2451693.30542 45.27378
2451694.30547 56.78431
2451695.30551 43.33234
2451696.30556 31.39890
2451697.30560 39.20601
2451698.30565 35.98871
2451699.30569 39.45560
2451700.30574 40.30110
2451701.30579 39.05393
2451702.30583 45.37151
2451703.30588 57.97411
2451704.30592 43.22759
2451705.30597 39.04758
2451706.30601 27.39079
2451707.30606 26.10545
2451708.30611 38.19695
2451709.30615 43.72804
2451710.30620 43.15964
2451711.30624 43.52886
2451712.30629 39.23234
2451713.30633 41.83861
2451714.30638 39.50761
2451715.30643 34.60770
2451716.30647 32.76893
2451717.30652 39.99886
2451718.30656 46.57046
2451719.30661 42.22906
2451720.30665 43.68577
2451721.30670 45.79152
2451722.30674 39.45966
2451723.30679 42.22951
2451724.30684 36.91763
2451725.30688 35.56133
2451726.30693 39.82202
2451727.30697 40.01628
2451728.30702 43.77712
2451729.30706 50.69166
2451730.30711 47.92663
2451731.30716 51.86182
2451732.30720 35.19316
2451733.30725 30.94752
2451734.30729 34.14374
2451735.30734 36.33089
2451736.30738 45.83975
2451737.30743 45.73244
2451738.30747 56.99431
2451739.30752 44.09937
2451740.30757 43.97757
2451741.30761 43.44975
2451742.30766 34.15432
2451743.30770 33.44853
2451744.30775 39.49073
2451745.30779 39.34066
2451746.30784 40.97879
2451747.30789 50.57803
2451748.30793 40.22932
2451749.30798 43.41151
2451750.30802 33.25431
2451751.30807 27.90247
2451752.30811 34.87208
2451753.30816 38.24445
2451754.30820 45.11546
2451940.31669 28.28286
2451941.31674 31.95321
2451942.31678 33.33605
2451943.31683 27.37817
2451944.31688 21.27056
2451945.31692 22.37644
2451946.31697 16.48165
2451947.31701 15.46583
2451948.31706 21.02565
2451949.31710 24.21031
2451950.31715 27.92415
2451951.31719 28.71371
2451952.31724 31.98722
2451953.31729 27.94377
2451954.31733 18.99196
2451955.31738 17.73779
2451956.31742 16.22578
2451957.31747 21.96110
2451958.31751 29.51008
2451959.31756 32.60412
2451960.31761 31.65601
2451961.31765 23.35665
2451962.31770 24.44135
2451963.31774 20.66974
2451964.31779 15.89604
2451965.31783 15.86368
2451966.31788 19.74782
2451967.31792 26.99058
2451968.31797 30.18956
2451969.31802 29.58184
2451970.31806 25.86019
2451971.31811 21.54028
2451972.31815 13.57922
2451973.31820 18.39471
2451974.31824 15.61676
2451975.31829 22.24520
2451976.31834 24.36760
2451977.31838 26.42078
2451978.31843 25.35432
2451979.31847 26.22423
2451980.31852 22.77002
2451981.31856 16.03403
2451982.31861 14.96972
2451983.31865 18.84170
2451984.31870 22.07344
2451985.31875 24.18860
2451986.31879 27.80250
2451987.31884 27.48777
2451988.31888 25.26816
2451989.31893 17.71656
2451990.31897 12.02021
2451991.31902 11.00640
2451992.31907 15.71736
2451993.31911 19.93092
2451994.31916 21.44010
2451995.31920 25.59840
2451996.31925 24.40111
2451997.31929 29.06551
2451998.31934 23.47267
2451999.31938 14.82824
2452000.31943 13.44734
2452001.31948 15.28531
2452002.31952 18.26152
2452003.31957 24.47625
2452004.31961 24.68033
2452005.31966 26.63694
2452006.31970 20.50409
2452007.31975 17.90310
2452008.31980 13.55729
2452009.31984 13.08836
2452010.31989 16.46650
2452011.31993 19.90580
2452012.31998 27.37816
2452013.32002 28.33248
2452014.32007 30.56764
2452015.32011 23.30033
2452016.32016 15.80289
2452017.32021 10.50205
2452018.32025 12.53547
2452019.32030 15.95214
2452020.32034 22.87979
2452021.32039 20.68949
2452022.32043 27.02494
2452023.32048 22.65175
2452024.32053 21.43185
2452025.32057 14.95231
2452026.32062 12.89027
2452027.32066 11.71973
2452028.32071 15.19919
2452029.32075 21.92651
2452030.32080 24.15973
2452031.32085 27.18945
2452032.32089 23.71490
2452033.32094 18.44695
2452034.32098 14.57240
2452035.32103 12.09738
2452036.32107 12.09622
2452037.32112 15.56430
2452038.32116 26.34312
2452039.32121 25.29877
2452040.32126 21.24505
2452041.32130 19.97530
2452042.32135 17.84642
2452043.32139 14.70498
2452044.32144 8.66129
2452045.32148 11.58298
2452046.32153 13.21196
2452047.32158 21.39771
2452048.32162 22.32368
2452049.32167 20.97506
2452050.32171 21.10980
2452051.32176 12.85431
2452052.32180 10.24472
2452053.32185 10.85132
2452054.32189 13.72394
2452055.32194 13.13433
2452056.32199 17.78001
2452057.32203 24.93594
2452058.32208 25.27871
2452059.32212 24.37108
2452060.32217 16.67695
2452061.32221 10.66919
2452062.32226 9.02948
2452063.32231 11.11004
2452064.32235 13.89765
2452065.32240 22.04379
2452066.32244 20.30765
2452067.32249 20.23838
2452068.32253 19.72947
2452069.32258 14.48984
2452070.32262 7.42030
2452071.32267 8.81428
2452072.32272 9.03763
2452073.32276 12.63732
2452074.32281 20.39673
2452075.32285 22.20462
2452076.32290 20.54994
2452077.32294 16.20978
2452078.32299 13.26478
2452079.32304 8.56016
2452080.32308 8.86568
2452081.32313 10.73495
2452082.32317 17.53577
2452083.32322 17.06361
2452084.32326 19.96335
2452085.32331 19.53618
2452086.32335 14.23064
2452087.32340 11.84075
2452088.32345 8.80846
2452089.32349 6.70339
2452090.32354 10.91341
2452091.32358 17.08361
2452092.32363 19.85140
2452093.32367 23.17365
2452094.32372 19.78895
2452095.32377 15.74275
2452096.32381 9.49902
2452097.32386 6.52852
2452098.32390 7.14355
2452099.32395 11.00055
2452100.32399 17.00476
2452101.32404 20.18062
2452102.32409 20.25412
2452103.32413 22.44154
2452104.32418 14.71101
2452105.32422 9.29798
2452106.32427 5.41186
2452107.32431 7.28209
2452108.32436 10.27530
2452109.32440 13.25298
2452110.32445 22.27110
2452111.32450 17.48068
2452112.32454 16.27353
2452113.32459 13.06767
2452114.32463 7.32333
2452115.32468 5.40522
2452116.32472 5.55658
2452117.32477 8.45370
2452118.32482 16.96396
2452119.32486 21.95289
2452305.33335 13.13122
2452306.33339 15.82128
2452307.33344 12.60280
2452308.33349 11.41347
2452309.33353 5.91979
2452310.33358 2.00690
2452311.33362 2.38625
2452312.33367 5.06780
2452313.33371 8.80290
2452314.33376 12.85563
2452315.33380 15.17775
2452316.33385 14.37952
2452317.33390 9.17520
2452318.33394 4.60991
2452319.33399 2.30406
2452320.33403 2.64179
2452321.33408 6.03725
2452322.33412 12.89307
2452323.33417 16.25798
2452324.33422 19.16735
2452325.33426 12.26173
2452326.33431 9.29668
2452327.33435 5.12542
2452328.33440 2.02742
2452329.33444 2.67167
2452330.33449 6.73273
2452331.33454 13.77611
2452332.33458 12.82393
2452333.33463 14.68319
2452334.33467 14.14164
2452335.33472 7.70741
2452336.33476 4.27890
2452337.33481 1.96799
2452338.33485 3.10160
2452339.33490 7.79942
2452340.33495 12.45387
2452341.33499 15.87391
2452342.33504 19.97940
2452343.33508 12.57484
2452344.33513 8.47461
2452345.33517 3.96155
2452346.33522 2.13865
2452347.33527 4.15443
2452348.33531 9.15147
2452349.33536 12.71265
2452350.33540 17.73965
2452351.33545 11.87402
2452352.33549 11.29456
2452353.33554 9.12123
2452354.33558 4.02631
2452355.33563 2.23322
2452356.33568 4.54165
2452357.33572 9.77711
2452358.33577 12.14436
2452359.33581 18.38770
2452360.33586 17.73518
2452361.33590 10.05539
2452362.33595 7.21266
2452363.33600 3.31305
2452364.33604 2.98699
2452365.33609 6.12014
2452366.33613 11.47462
2452367.33618 16.58179
2452368.33622 17.58045
2452369.33627 15.25658
2452370.33631 12.11741
2452371.33636 8.42939
2452372.33641 3.54569
2452373.33645 3.13378
2452374.33650 5.69490
2452375.33654 10.72895
2452376.33659 14.64494
2452377.33663 17.70112
2452378.33668 16.16845
2452379.33673 13.73237
2452380.33677 7.27762
2452381.33682 3.34721
2452382.33686 4.06738
2452383.33691 7.30992
2452384.33695 10.82782
2452385.33700 18.60490
2452386.33704 21.67618
2452387.33709 15.50031
2452388.33714 10.34161
2452389.33718 7.75203
2452390.33723 3.72085
2452391.33727 4.01514
2452392.33732 8.39225
2452393.33736 10.98013
2452394.33741 20.09023
2452395.33746 19.73128
2452396.33750 14.58985
2452397.33755 10.05935
2452398.33759 7.55338
2452399.33764 3.45471
2452400.33768 4.83128
2452401.33773 8.06177
2452402.33777 13.09590
2452403.33782 20.46604
2452404.33787 18.49420
2452405.33791 16.40664
2452406.33796 10.90005
2452407.33800 5.71949
2452408.33805 4.57289
2452409.33809 5.18266
2452410.33814 8.20303
2452411.33819 13.73712
2452412.33823 17.59424
2452413.33828 19.10356
2452414.33832 17.79129
2452415.33837 11.87815
2452416.33841 7.77383
2452417.33846 4.59303
2452418.33851 6.51315
2452419.33855 12.23860
2452420.33860 15.93869
2452421.33864 14.76483
2452422.33869 19.98076
2452423.33873 14.17344
2452424.33878 11.39990
2452425.33882 7.50229
2452426.33887 5.70921
2452427.33892 7.15296
2452428.33896 11.16931
2452429.33901 18.77392
2452430.33905 20.36336
2452431.33910 21.95563
2452432.33914 15.59657
2452433.33919 10.17321
2452434.33924 6.18616
2452435.33928 5.72762
2452436.33933 8.74785
2452437.33937 13.47039
2452438.33942 15.77815
2452439.33946 20.47771
2452440.33951 20.75675
2452441.33955 16.92218
2452442.33960 12.10130
2452443.33965 7.55383
2452444.33969 5.39893
2452445.33974 9.54737
2452446.33978 14.24547
2452447.33983 18.49451
2452448.33987 22.08808
2452449.33992 18.79172
2452450.33997 15.29254
2452451.34001 10.48457
2452452.34006 6.53032
2452453.34010 5.31817
2452454.34015 9.20816
2452455.34019 17.87089
2452456.34024 22.09194
2452457.34028 23.92436
2452458.34033 15.76569
2452459.34038 15.53119
2452460.34042 11.01014
2452461.34047 7.85412
2452462.34051 7.01025
2452463.34056 11.80254
2452464.34060 14.64821
2452465.34065 21.76424
2452466.34070 24.12287
2452467.34074 20.32428
2452468.34079 17.70223
2452469.34083 9.62407
2452470.34088 8.43518
2452471.34092 8.20045
2452472.34097 11.97095
2452473.34101 16.73111
2452474.34106 17.42733
2452475.34111 19.52903
2452476.34115 18.11564
2452477.34120 12.72712
2452478.34124 11.23518
2452479.34129 7.87421
2452480.34133 10.58304
2452481.34138 13.39097
2452482.34143 21.91969
2452483.34147 21.03584
2452484.34152 21.68961
2452670.35000 33.85870
2452671.35005 37.90570
2452672.35010 31.75094
2452673.35014 25.06886
2452674.35019 24.25887
2452675.35023 24.57219
2452676.35028 27.06654
2452677.35032 28.27006
2452678.35037 38.80969
2452679.35042 35.28257
2452680.35046 39.22548
2452681.35051 36.92374
2452682.35055 22.33154
2452683.35060 24.87581
2452684.35064 22.62326
2452685.35069 25.44551
2452686.35073 39.78968
2452687.35078 39.48430
2452688.35083 34.41085
2452689.35087 32.95445
2452690.35092 29.35366
2452691.35096 32.31099
2452692.35101 27.27368
2452693.35105 28.78576
2452694.35110 33.12256
2452695.35115 35.86845
2452696.35119 43.95296
2452697.35124 37.96624
2452698.35128 36.26262
2452699.35133 32.82046
2452700.35137 26.52714
2452701.35142 21.64224
2452702.35146 24.09239
2452703.35151 37.59604
2452704.35156 33.72359
2452705.35160 32.80465
2452706.35165 40.62813
2452707.35169 34.31978
2452708.35174 31.23353
2452709.35178 26.97947
2452710.35183 27.95859
2452711.35188 25.54947
2452712.35192 33.35676
2452713.35197 36.71767
2452714.35201 38.36143
2452715.35206 42.26990
2452716.35210 34.76042
2452717.35215 35.16779
2452718.35219 23.56061
2452719.35224 28.58924
2452720.35229 25.24674
2452721.35233 39.05170
2452722.35238 39.07399
2452723.35242 44.66262
2452724.35247 43.26771
2452725.35251 37.62876
2452726.35256 33.15062
2452727.35261 30.62519
2452728.35265 29.77955
2452729.35270 29.76170
2452730.35274 31.09336
2452731.35279 44.94834
2452732.35283 39.97831
2452733.35288 44.14795
2452734.35293 24.47779
2452735.35297 32.60044
2452736.35302 30.31719
2452737.35306 26.35462
2452738.35311 31.36742
2452739.35315 30.44329
2452740.35320 38.83484
2452741.35324 40.08213
2452742.35329 45.32028
2452743.35334 31.76725
2452744.35338 30.44289
2452745.35343 33.48732
2452746.35347 29.85211
2452747.35352 32.39850
2452748.35356 36.56213
2452749.35361 44.52336
2452750.35366 48.19738
2452751.35370 38.86755
2452752.35375 33.98814
2452753.35379 31.33967
2452754.35384 27.80568
2452755.35388 27.03417
2452756.35393 32.75867
2452757.35397 39.74412
2452758.35402 42.31214
2452759.35407 44.85822
2452760.35411 45.73348
2452761.35416 40.92401
2452762.35420 37.02991
2452763.35425 29.42878
2452764.35429 29.31774
2452765.35434 37.05004
2452766.35439 41.69851
2452767.35443 41.43084
2452768.35448 46.00370
2452769.35452 35.21576
2452770.35457 41.21426
2452771.35461 32.29756
2452772.35466 27.51445
2452773.35470 33.03520
2452774.35475 37.63084
2452775.35480 38.81184
2452776.35484 38.17618
2452777.35489 37.82341
2452778.35493 41.26049
2452779.35498 41.43604
2452780.35502 39.08648
2452781.35507 30.00813
2452782.35512 29.80547
2452783.35516 40.99404
2452784.35521 41.72747
2452785.35525 36.90302
2452786.35530 49.86402
2452787.35534 36.95662
2452788.35539 37.73134
2452789.35543 37.39065
2452790.35548 32.13890
2452791.35553 27.58207
2452792.35557 37.19725
2452793.35562 40.48090
2452794.35566 39.46236
2452795.35571 57.65724
2452796.35575 44.90943
2452797.35580 46.33205
2452798.35585 31.61286
2452799.35589 34.43518
2452800.35594 32.08630
2452801.35598 36.68977
2452802.35603 42.21118
2452803.35607 47.97161
2452804.35612 43.77614
2452805.35617 44.04330
2452806.35621 39.91080
2452807.35626 35.30049
2452808.35630 35.93759
2452809.35635 43.01982
2452810.35639 50.44655
2452811.35644 47.80268
2452812.35648 53.44197
2452813.35653 48.60490
2452814.35658 36.13099
2452815.35662 37.72585
2452816.35667 29.23887
2452817.35671 33.58582
2452818.35676 34.11101
2452819.35680 40.90020
2452820.35685 41.31007
2452821.35690 48.86065
2452822.35694 45.70652
2452823.35699 45.59853
2452824.35703 41.05804
2452825.35708 30.90015
2452826.35712 26.50956
2452827.35717 32.69546
2452828.35721 44.77573
2452829.35726 54.68970
2452830.35731 39.50317
2452831.35735 42.88115
2452832.35740 44.41779
2452833.35744 39.34574
2452834.35749 36.92473
2452835.35753 33.58348
2452836.35758 38.31276
2452837.35763 34.64340
2452838.35767 38.54676
2452839.35772 48.14706
2452840.35776 45.40868
2452841.35781 42.90928
2452842.35785 34.97217
2452843.35790 38.30032
2452844.35794 39.23364
2452845.35799 26.76006
2452846.35804 43.19188
2452847.35808 47.30834
2452848.35813 56.57847
2452849.35817 43.18055
2453036.36671 46.53403
2453037.36675 41.35247
2453038.36680 35.06806
2453039.36684 33.01095
2453040.36689 41.65867
2453041.36693 40.09077
2453042.36698 45.48144
2453043.36703 54.98998
2453044.36707 52.18937
2453045.36712 48.89577
2453046.36716 43.83423
2453047.36721 33.98580
2453048.36725 32.15765
2453049.36730 37.66056
2453050.36735 45.68204
2453051.36739 41.21359
2453052.36744 54.43429
2453053.36748 46.07928
2453054.36753 39.45200
2453055.36757 45.75361
2453056.36762 33.81193
2453057.36766 37.53727
2453058.36771 35.91412
2453059.36776 46.45819
2453060.36780 41.45074
2453061.36785 54.08003
2453062.36789 47.09519
2453063.36794 46.09118
2453064.36798 37.74658
2453065.36803 35.50800
2453066.36808 38.54902
2453067.36812 50.44600
2453068.36817 40.37457
2453069.36821 54.10503
2453070.36826 53.41957
2453071.36830 51.09991
2453072.36835 47.59286
2453073.36839 41.18519
2453074.36844 39.45531
2453075.36849 34.05628
2453076.36853 39.19999
2453077.36858 47.48049
2453078.36862 56.33606
2453079.36867 48.24545
2453080.36871 48.38743
2453081.36876 39.82222
2453082.36881 35.97906
2453083.36885 36.44047
2453084.36890 34.38589
2453085.36894 41.79157
2453086.36899 41.21382
2453087.36903 54.40194
2453088.36908 49.42541
2453089.36912 45.76838
2453090.36917 38.68416
2453091.36922 37.06166
2453092.36926 39.57317
2453093.36931 42.65271
2453094.36935 41.08848
2453095.36940 48.94835
2453096.36944 41.70464
2453097.36949 52.01567
2453098.36954 41.50002
2453099.36958 39.22891
2453100.36963 39.49855
2453101.36967 33.96439
2453102.36972 36.69155
2453103.36976 39.13883
2453104.36981 46.75044
2453105.36985 52.78819
2453106.36990 50.68921
2453107.36995 39.57389
2453108.36999 40.00388
2453109.37004 37.74647
2453110.37008 35.81928
2453111.37013 34.56241
2453112.37017 50.13668
2453113.37022 48.19162
2453114.37027 41.96162
2453115.37031 45.49711
2453116.37036 47.84318
2453117.37040 34.57130
2453118.37045 32.99930
2453119.37049 32.90910
2453120.37054 35.93838
2453121.37059 48.03952
2453122.37063 49.95504
2453123.37068 50.49925
2453124.37072 43.25290
2453125.37077 46.91462
2453126.37081 33.40104
2453127.37086 36.51951
2453128.37090 37.20407
2453129.37095 32.75273
2453130.37100 51.19250
2453131.37104 48.65581
2453132.37109 48.21377
2453133.37113 53.42010
2453134.37118 43.95751
2453135.37122 41.07145
2453136.37127 41.39515
2453137.37132 25.08098
2453138.37136 29.82798
2453139.37141 48.38177
2453140.37145 46.35284
2453141.37150 43.78457
2453142.37154 40.16649
2453143.37159 33.47961
2453144.37163 33.59037
2453145.37168 30.27809
2453146.37173 28.45548
2453147.37177 43.61339
2453148.37182 47.26825
2453149.37186 53.51673
2453150.37191 43.08128
2453151.37195 42.56380
2453152.37200 36.71212
2453153.37205 36.04209
2453154.37209 30.09525
2453155.37214 33.51446
2453156.37218 40.49627
2453157.37223 38.08162
2453158.37227 38.80166
2453159.37232 33.74030
2453160.37236 44.65055
2453161.37241 35.24767
2453162.37246 37.99856
2453163.37250 38.59777
2453164.37255 28.29416
2453165.37259 46.11077
2453166.37264 43.25260
2453167.37268 50.79736
2453168.37273 44.03933
2453169.37278 41.87576
2453170.37282 43.37840
2453171.37287 33.43723
2453172.37291 27.73198
2453173.37296 34.99217
2453174.37300 32.53167
2453175.37305 49.94579
2453176.37309 48.79185
2453177.37314 56.63069
2453178.37319 37.96661
2453179.37323 30.35236
2453180.37328 34.10860
2453181.37332 27.29216
2453182.37337 31.74484
2453183.37341 31.78458
2453184.37346 41.54261
2453185.37351 44.67180
2453186.37355 45.02027
2453187.37360 45.72851
2453188.37364 26.61062
2453189.37369 27.87258
2453190.37373 30.85323
2453191.37378 37.04980
2453192.37382 37.41508
2453193.37387 35.52146
2453194.37392 45.42427
2453195.37396 41.73396
2453196.37401 38.05245
2453197.37405 32.99764
2453198.37410 33.58453
2453199.37414 26.10322
2453200.37419 26.98485
2453201.37424 35.72903
2453202.37428 48.02500
2453203.37433 52.16315
2453204.37437 43.74946
2453205.37442 36.90311
2453206.37446 35.94349
2453207.37451 26.80346
2453208.37456 31.30262
2453209.37460 34.55234
2453210.37465 41.23507
2453211.37469 39.38132
2453212.37474 49.84437
2453213.37478 40.87882
2453214.37483 29.76800
2453215.37487 31.32726
2453401.38336 17.66957
2453402.38341 14.33102
2453403.38345 12.37891
2453404.38350 15.38833
2453405.38354 20.40059
2453406.38359 25.84262
2453407.38364 32.02597
2453408.38368 25.74947
2453409.38373 23.84807
2453410.38377 17.17963
2453411.38382 11.07453
2453412.38386 11.59919
2453413.38391 17.90456
2453414.38396 23.40625
2453415.38400 29.03708
2453416.38405 26.41321
2453417.38409 29.05479
2453418.38414 17.65362
2453419.38418 15.52032
2453420.38423 10.44369
2453421.38427 12.06410
2453422.38432 14.92859
2453423.38437 20.95195
2453424.38441 23.29625
2453425.38446 27.16894
2453426.38450 23.51875
2453427.38455 16.72958
2453428.38459 14.74865
2453429.38464 10.52194
2453430.38469 11.70640
2453431.38473 15.44130
2453432.38478 22.67605
2453433.38482 29.28426
2453434.38487 27.77335
2453435.38491 20.87472
2453436.38496 16.27925
2453437.38501 14.26283
2453438.38505 10.28950
2453439.38510 14.69299
2453440.38514 15.38071
2453441.38519 22.08386
2453442.38523 21.17729
2453443.38528 28.07253
2453444.38532 19.91521
2453445.38537 17.59105
2453446.38542 9.32840
2453447.38546 9.65877
2453448.38551 13.57758
2453449.38555 18.80606
2453450.38560 21.08623
2453451.38564 21.61050
2453452.38569 29.45337
2453453.38574 23.14335
2453454.38578 15.90532
2453455.38583 12.35364
2453456.38587 9.00112
2453457.38592 10.92412
2453458.38596 17.63802
2453459.38601 21.64652
2453460.38605 28.07451
2453461.38610 24.81709
2453462.38615 20.45941
2453463.38619 12.07134
2453464.38624 10.13881
2453465.38628 9.81676
2453466.38633 11.26910
2453467.38637 16.61133
2453468.38642 21.55460
2453469.38647 20.07521
2453470.38651 22.57901
2453471.38656 17.49958
2453472.38660 10.54978
2453473.38665 9.85819
2453474.38669 8.34956
2453475.38674 9.90235
2453476.38678 16.85613
2453477.38683 21.02220
2453478.38688 23.63664
2453479.38692 20.97828
2453480.38697 17.60665
2453481.38701 11.55769
2453482.38706 7.87204
2453483.38710 9.05306
2453484.38715 12.25156
2453485.38720 14.97150
2453486.38724 20.99546
2453487.38729 21.03285
2453488.38733 21.66541
2453489.38738 14.95451
2453490.38742 12.22241
2453491.38747 5.60831
2453492.38751 9.15289
2453493.38756 11.09927
2453494.38761 16.70393
2453495.38765 12.86548
2453496.38770 18.70703
2453497.38774 18.38916
2453498.38779 14.41152
2453499.38783 9.20068
2453500.38788 6.54590
2453501.38793 6.95388
2453502.38797 10.07054
2453503.38802 16.70038
2453504.38806 23.72332
2453505.38811 19.42299
2453506.38815 16.75648
2453507.38820 13.24860
2453508.38824 7.94980
2453509.38829 5.64000
2453510.38834 6.68841
2453511.38838 11.01646
2453512.38843 15.55838
2453513.38847 19.04958
2453514.38852 20.52519
2453515.38856 14.94813
2453516.38861 10.88693
2453517.38866 6.34654
2453518.38870 6.04144
2453519.38875 7.14244
2453520.38879 12.64482
2453521.38884 18.04575
2453522.38888 19.29473
2453523.38893 18.97551
2453524.38898 15.59269
2453525.38902 8.99814
2453526.38907 6.79083
2453527.38911 5.04014
2453528.38916 8.02216
2453529.38920 12.74986
2453530.38925 17.42789
2453531.38929 21.39468
2453532.38934 19.17514
2453533.38939 16.29429
2453534.38943 10.49181
2453535.38948 5.76267
2453536.38952 4.94653
2453537.38957 6.90905
2453538.38961 11.35060
2453539.38966 20.04179
2453540.38971 19.92480
2453541.38975 19.39730
2453542.38980 11.59646
2453543.38984 10.07877
2453544.38989 4.73493
2453545.38993 4.01235
2453546.38998 6.92583
2453547.39002 12.55190
2453548.39007 17.99754
2453549.39012 18.47668
2453550.39016 15.34371
2453551.39021 14.08150
2453552.39025 8.09539
2453553.39030 4.81543
2453554.39034 4.73909
2453555.39039 8.28867
2453556.39044 14.98324
2453557.39048 14.17202
2453558.39053 16.65016
2453559.39057 16.82532
2453560.39062 11.30592
2453561.39066 6.44898
2453562.39071 3.22305
2453563.39075 4.22484
2453564.39080 6.39597
2453565.39085 12.80395
2453566.39089 14.75955
2453567.39094 19.52432
2453568.39098 15.17440
2453569.39103 10.63093
2453570.39107 4.90879
2453571.39112 2.78443
2453572.39117 3.98101
2453573.39121 8.35343
2453574.39126 13.31586
2453575.39130 16.90788
2453576.39135 18.94672
2453577.39139 16.40487
2453578.39144 10.15694
2453579.39148 5.20946
2453580.39153 2.60775
2453766.40002 2.42546
2453767.40006 1.92488
2453768.40011 4.80687
2453769.40016 10.92012
2453770.40020 15.10541
2453771.40025 19.10442
2453772.40029 17.41643
2453773.40034 11.62573
2453774.40038 6.63759
2453775.40043 2.61774
2453776.40047 2.17796
2453777.40052 6.36432
2453778.40057 9.41296
2453779.40061 16.68208
2453780.40066 17.89828
2453781.40070 16.41859
2453782.40075 11.87445
2453783.40079 6.08032
2453784.40084 2.26502
2453785.40089 2.81053
2453786.40093 6.36669
2453787.40098 11.88628
2453788.40102 14.45111
2453789.40107 15.81853
2453790.40111 16.29154
2453791.40116 9.45278
2453792.40120 4.22693
2453793.40125 2.89117
2453794.40130 3.89822
2453795.40134 7.34374
2453796.40139 13.12386
2453797.40143 16.70946
2453798.40148 18.85068
2453799.40152 15.89894
2453800.40157 8.94611
2453801.40162 4.47752
2453802.40166 3.21289
2453803.40171 3.75801
2453804.40175 9.49043
2453805.40180 14.51652
2453806.40184 19.64577
2453807.40189 21.04342
2453808.40193 16.86045
2453809.40198 10.02103
2453810.40203 5.97013
2453811.40207 3.19766
2453812.40212 5.41208
2453813.40216 9.23100
2453814.40221 15.04066
2453815.40225 17.03058
2453816.40230 19.14817
2453817.40235 12.92476
2453818.40239 9.10031
2453819.40244 6.02392
2453820.40248 3.48764
2453821.40253 7.51838
2453822.40257 10.87260
2453823.40262 14.89391
2453824.40266 18.44362
2453825.40271 20.17120
2453826.40276 14.56618
2453827.40280 9.26274
2453828.40285 4.98374
2453829.40289 4.80431
2453830.40294 7.04683
2453831.40298 10.74808
2453832.40303 15.29861
2453833.40308 16.78208
2453834.40312 17.51924
2453835.40317 14.69948
2453836.40321 10.13976
2453837.40326 5.74732
2453838.40330 4.95461
2453839.40335 8.81303
2453840.40340 12.92551
2453841.40344 18.14596
2453842.40349 20.37327
2453843.40353 19.51051
2453844.40358 15.80492
2453845.40362 8.36575
2453846.40367 5.10205
2453847.40371 5.82019
2453848.40376 9.54839
2453849.40381 11.80207
2453850.40385 20.75963
2453851.40390 16.39245
2453852.40394 17.54263
2453853.40399 13.03103
2453854.40403 8.18275
2453855.40408 5.24144
2453856.40413 6.30662
2453857.40417 9.01346
2453858.40422 15.87927
2453859.40426 20.44756
2453860.40431 24.51286
2453861.40435 19.29444
2453862.40440 17.36431
2453863.40444 9.02066
2453864.40449 5.93505
2453865.40454 7.04049
2453866.40458 10.81790
2453867.40463 13.43530
2453868.40467 14.85064
2453869.40472 21.89826
2453870.40476 18.50483
2453871.40481 14.83604
2453872.40486 9.15316
2453873.40490 6.58733
2453874.40495 7.85618
2453875.40499 12.00842
2453876.40504 19.34415
2453877.40508 20.31300
2453878.40513 23.79210
2453879.40517 15.84949
2453880.40522 15.40845
2453881.40527 8.82694
2453882.40531 7.34697
2453883.40536 9.09386
2453884.40540 14.61555
2453885.40545 24.09545
2453886.40549 24.85158
2453887.40554 25.21376
2453888.40559 20.16995
2453889.40563 10.57638
2453890.40568 8.89849
2453891.40572 8.63260
2453892.40577 8.21950
2453893.40581 13.36457
2453894.40586 20.48942
2453895.40590 20.13313
2453896.40595 21.96858
2453897.40600 17.55967
2453898.40604 16.08878
2453899.40609 8.12486
2453900.40613 8.40476
2453901.40618 10.56796
2453902.40622 16.78572
2453903.40627 19.25257
2453904.40632 18.69644
2453905.40636 22.25806
2453906.40641 17.87942
2453907.40645 13.75346
2453908.40650 9.92984
2453909.40654 9.20153
2453910.40659 11.86309
2453911.40664 13.59448
2453912.40668 24.28900
2453913.40673 22.77758
2453914.40677 19.52855
2453915.40682 16.30618
2453916.40686 13.25879
2453917.40691 10.80209
2453918.40695 9.32298
2453919.40700 12.70723
2453920.40705 18.89712
2453921.40709 18.80065
2453922.40714 20.76795
2453923.40718 21.89096
2453924.40723 17.50666
2453925.40727 12.08245
2453926.40732 12.07428
2453927.40737 11.54559
2453928.40741 17.22254
2453929.40746 19.97702
2453930.40750 25.13733
2453931.40755 26.03702
2453932.40759 27.17032
2453933.40764 18.92842
2453934.40768 11.63082
2453935.40773 11.10934
2453936.40778 12.04831
2453937.40782 16.61552
2453938.40787 18.84824
2453939.40791 23.34018
2453940.40796 23.11193
2453941.40800 23.39550
2453942.40805 19.54024
2453943.40810 12.76264
2453944.40814 12.36958
2453945.40819 12.33824
2454131.41667 27.39370
2454132.41672 32.85452
2454133.41677 41.95091
2454134.41681 48.30505
2454135.41686 42.28243
2454136.41690 41.33337
2454137.41695 38.53256
2454138.41699 39.02145
2454139.41704 22.87891
2454140.41708 27.40058
2454141.41713 34.97228
2454142.41718 42.14837
2454143.41722 39.67144
2454144.41727 46.20264
2454145.41731 40.26364
2454146.41736 30.50799
2454147.41740 32.95847
2454148.41745 28.34183
2454149.41750 26.00461
2454150.41754 33.43819
2454151.41759 37.17147
2454152.41763 44.46789
2454153.41768 43.40452
2454154.41772 44.05774
2454155.41777 40.45421
2454156.41782 31.66069
2454157.41786 23.05692
2454158.41791 26.71395
2454159.41795 38.16055
2454160.41800 37.75894
2454161.41804 39.59069
2454162.41809 47.58985
2454163.41813 33.82416
2454164.41818 35.38699
2454165.41823 27.94819
2454166.41827 29.73966
2454167.41832 30.23001
2454168.41836 36.99625
2454169.41841 46.89430
2454170.41845 37.81918
2454171.41850 52.04982
2454172.41855 33.16665
2454173.41859 30.43795
2454174.41864 24.88708
2454175.41868 27.27361
2454176.41873 31.92765
2454177.41877 40.07926
2454178.41882 34.94571
2454179.41886 47.05000
2454180.41891 48.81212
2454181.41896 36.40194
2454182.41900 38.04352
2454183.41905 34.04527
2454184.41909 28.86619
2454185.41914 39.56927
2454186.41918 36.24325
2454187.41923 39.96363
2454188.41928 49.93551
2454189.41932 53.20576
2454190.41937 39.32313
2454191.41941 34.25542
2454192.41946 31.84071
2454193.41950 29.30314
2454194.41955 32.39494
2454195.41959 43.23388
2454196.41964 37.51116
2454197.41969 45.89989
2454198.41973 54.75074
2454199.41978 38.77053
2454200.41982 39.91638
2454201.41987 31.58366
2454202.41991 29.39731
2454203.41996 38.39726
2454204.42001 40.81773
2454205.42005 48.94033
2454206.42010 46.08154
2454207.42014 41.58074
2454208.42019 39.89612
2454209.42023 32.83799
2454210.42028 34.83416
2454211.42032 37.57139
2454212.42037 35.56816
2454213.42042 45.15678
2454214.42046 44.19348
2454215.42051 58.59222
2454216.42055 40.25365
2454217.42060 43.50313
2454218.42064 33.27774
2454219.42069 29.47923
2454220.42074 32.18739
2454221.42078 41.97555
2454222.42083 33.59429
2454223.42087 46.17111
2454224.42092 46.25877
2454225.42096 48.82152
2454226.42101 40.60945
2454227.42106 42.20591
2454228.42110 32.46465
2454229.42115 28.19621
2454230.42119 30.63555
2454231.42124 33.82897
2454232.42128 46.10954
2454233.42133 50.15990
2454234.42137 49.53900
2454235.42142 41.28600
2454236.42147 37.70615
2454237.42151 36.96450
2454238.42156 34.63031
2454239.42160 31.34458
2454240.42165 43.35642
2454241.42169 46.73112
2454242.42174 42.65068
2454243.42179 44.68030
2454244.42183 36.91899
2454245.42188 34.74732
2454246.42192 35.28737
2454247.42197 44.24997
2454248.42201 42.48353
2454249.42206 46.46382
2454250.42210 49.32003
2454251.42215 51.22007
2454252.42220 49.12153
2454253.42224 38.15918
2454254.42229 26.18855
2454255.42233 39.08257
2454256.42238 36.80585
2454257.42242 41.55618
2454258.42247 36.93323
2454259.42252 50.98122
2454260.42256 45.62417
2454261.42261 38.41656
2454262.42265 35.21035
2454263.42270 36.93655
2454264.42274 34.31833
2454265.42279 33.63566
2454266.42283 44.40483
2454267.42288 44.28286
2454268.42293 38.63637
2454269.42297 46.90917
2454270.42302 41.67247
2454271.42306 43.90347
2454272.42311 35.27059
2454273.42315 36.50315
2454274.42320 35.43865
2454275.42325 45.29254
2454276.42329 48.64116
2454277.42334 46.80023
2454278.42338 47.47881
2454279.42343 37.78985
2454280.42347 37.41483
2454281.42352 31.96051
2454282.42356 38.06555
2454283.42361 35.92849
2454284.42366 48.06498
2454285.42370 47.86741
2454286.42375 53.87546
2454287.42379 47.55284
2454288.42384 47.72154
2454289.42388 34.34559
2454290.42393 33.25790
2454291.42398 38.86810
2454292.42402 39.89767
2454293.42407 40.11794
2454294.42411 46.57494
2454295.42416 45.21216
2454296.42420 49.20424
2454297.42425 38.81138
2454298.42429 32.45715
2454299.42434 39.44391
2454300.42439 36.12166
2454301.42443 40.33781
2454302.42448 50.57243
2454303.42452 49.75814
2454304.42457 37.76542
2454305.42461 55.12649
2454306.42466 41.22091
2454307.42471 41.50947
2454308.42475 43.77839
2454309.42480 47.21390
2454310.42484 45.77195
2454497.43338 43.95551
2454498.43342 49.27349
2454499.43347 57.61623
2454500.43351 54.22321
2454501.43356 50.57709
2454502.43360 36.71122
2454503.43365 36.77181
2454504.43370 37.99902
2454505.43374 32.67201
2454506.43379 38.52018
2454507.43383 50.33627
2454508.43388 44.20013
2454509.43392 34.99553
2454510.43397 45.59771
2454511.43401 42.62969
2454512.43406 31.07803
2454513.43411 37.82388
2454514.43415 45.02257
2454515.43420 43.31285
2454516.43424 44.22142
2454517.43429 45.91918
2454518.43433 53.10382
2454519.43438 43.79023
2454520.43443 34.48141
2454521.43447 32.51051
2454522.43452 37.05911
2454523.43456 42.25781
2454524.43461 46.31100
2454525.43465 55.83669
2454526.43470 51.13760
2454527.43474 43.11498
2454528.43479 40.86888
2454529.43484 33.56747
2454530.43488 37.02984
2454531.43493 37.60164
2454532.43497 42.35558
2454533.43502 47.72448
2454534.43506 44.31915
2454535.43511 47.54863
2454536.43516 48.97574
2454537.43520 50.82875
2454538.43525 36.25026
2454539.43529 32.56410
2454540.43534 33.99528
2454541.43538 42.32878
2454542.43543 48.11018
2454543.43548 42.29972
2454544.43552 45.24572
2454545.43557 39.89943
2454546.43561 41.76723
2454547.43566 33.74233
2454548.43570 34.54409
2454549.43575 35.75807
2454550.43579 36.10727
2454551.43584 45.47473
2454552.43589 52.60551
2454553.43593 42.23047
2454554.43598 48.33175
2454555.43602 36.30631
2454556.43607 33.83720
2454557.43611 23.30696
2454558.43616 36.87943
2454559.43621 41.75291
2454560.43625 41.15577
2454561.43630 51.75267
2454562.43634 50.47094
2454563.43639 44.72841
2454564.43643 40.39883
2454565.43648 32.93011
2454566.43652 35.68830
2454567.43657 36.95383
2454568.43662 49.56296
2454569.43666 42.09176
2454570.43671 54.00641
2454571.43675 42.73579
2454572.43680 45.95197
2454573.43684 35.14052
2454574.43689 35.18153
2454575.43694 29.21403
2454576.43698 40.43278
2454577.43703 44.92155
2454578.43707 43.07775
2454579.43712 50.58129
2454580.43716 47.12002
2454581.43721 43.28440
2454582.43725 31.43308
2454583.43730 28.08014
2454584.43735 28.18679
2454585.43739 43.27625
2454586.43744 41.28445
2454587.43748 45.58681
2454588.43753 50.63147
2454589.43757 45.21082
2454590.43762 38.75770
2454591.43767 32.42450
2454592.43771 33.33535
2454593.43776 31.33052
2454594.43780 35.02480
2454595.43785 41.69743
2454596.43789 47.05105
2454597.43794 44.31735
2454598.43798 35.07400
2454599.43803 37.66685
2454600.43808 30.96785
2454601.43812 27.36218
2454602.43817 31.48009
2454603.43821 36.56595
2454604.43826 47.47972
2454605.43830 48.44399
2454606.43835 45.72427
2454607.43840 46.50638
2454608.43844 37.76422
2454609.43849 30.52804
2454610.43853 25.68203
2454611.43858 34.84673
2454612.43862 34.42878
2454613.43867 37.69417
2454614.43871 47.39234
2454615.43876 44.74090
2454616.43881 38.82544
2454617.43885 26.80799
2454618.43890 32.69340
2454619.43894 30.18789
2454620.43899 34.87937
2454621.43903 27.44548
2454622.43908 36.66208
2454623.43913 39.55302
2454624.43917 43.77918
2454625.43922 34.29844
2454626.43926 32.08145
2454627.43931 27.14655
2454628.43935 28.42239
2454629.43940 32.21553
2454630.43945 40.56347
2454631.43949 44.19841
2454632.43954 45.83026
2454633.43958 41.45702
2454634.43963 39.41748
2454635.43967 31.15826
2454636.43972 26.01841
2454637.43976 22.33229
2454638.43981 26.33018
2454639.43986 35.17813
2454640.43990 41.69222
2454641.43995 36.82880
2454642.43999 45.84986
2454643.44004 31.30309
2454644.44008 35.21298
2454645.44013 26.33461
2454646.44018 25.93866
2454647.44022 26.01866
2454648.44027 29.68881
2454649.44031 36.19298
2454650.44036 43.03714
2454651.44040 48.82263
2454652.44045 35.14717
2454653.44049 28.12463
2454654.44054 22.16302
2454655.44059 23.46860
2454656.44063 26.79671
2454657.44068 33.06568
2454658.44072 42.98953
2454659.44077 44.20194
2454660.44081 37.44080
2454661.44086 33.14805
2454662.44091 32.75552
2454663.44095 27.01415
2454664.44100 24.07162
2454665.44104 35.38750
2454666.44109 37.49293
2454667.44113 41.56407
2454668.44118 45.49762
2454669.44122 31.60654
2454670.44127 31.51730
2454671.44132 22.41310
2454672.44136 23.63117
2454673.44141 29.40212
2454674.44145 31.05363
2454675.44150 38.50007
2454676.44154 38.33097
2454862.45003 22.36157
2454863.45008 20.00469
2454864.45012 22.52777
2454865.45017 19.87166
2454866.45021 12.36864
2454867.45026 8.60714
2454868.45031 11.11821
2454869.45035 12.88629
2454870.45040 16.40266
2454871.45044 24.19609
2454872.45049 23.74051
2454873.45053 24.86394
2454874.45058 17.99702
2454875.45063 12.47784
2454876.45067 9.23679
2454877.45072 9.54335
2454878.45076 14.14554
2454879.45081 18.14341
2454880.45085 19.87393
2454881.45090 26.94947
2454882.45094 21.93318
2454883.45099 19.02465
2454884.45104 10.89162
2454885.45108 7.59205
2454886.45113 8.72120
2454887.45117 14.59513
2454888.45122 19.81463
2454889.45126 24.95030
2454890.45131 22.28933
2454891.45136 19.35141
2454892.45140 15.66110
2454893.45145 10.73627
2454894.45149 5.98520
2454895.45154 9.92224
2454896.45158 13.36464
2454897.45163 18.19735
2454898.45167 18.50777
2454899.45172 23.74054
2454900.45177 19.57109
2454901.45181 11.56135
2454902.45186 8.18718
2454903.45190 6.57056
2454904.45195 8.09135
2454905.45199 11.18824
2454906.45204 19.58138
2454907.45209 22.23011
2454908.45213 21.66711
2454909.45218 18.68878
2454910.45222 12.70832
2454911.45227 8.25780
2454912.45231 5.89957
2454913.45236 9.37059
2454914.45240 11.66489
2454915.45245 16.44117
2454916.45250 18.47590
2454917.45254 20.19511
2454918.45259 16.44153
2454919.45263 9.40335
2454920.45268 7.99663
2454921.45272 5.68089
2454922.45277 5.92395
2454923.45282 14.63531
2454924.45286 19.34370
2454925.45291 17.74450
2454926.45295 19.91362
2454927.45300 17.90171
2454928.45304 10.61565
2454929.45309 6.14036
2454930.45313 4.75171
2454931.45318 8.84526
2454932.45323 13.67928
2454933.45327 17.73223
2454934.45332 20.71790
2454935.45336 22.19779
2454936.45341 14.92160
2454937.45345 7.96952
2454938.45350 5.61208
2454939.45355 5.48795
2454940.45359 9.46928
2454941.45364 15.81588
2454942.45368 16.68006
2454943.45373 19.58047
2454944.45377 20.08225
2454945.45382 15.44082
2454946.45387 6.74954
2454947.45391 4.29596
2454948.45396 4.67506
2454949.45400 8.19194
2454950.45405 13.54191
2454951.45409 15.47637
2454952.45414 18.98622
2454953.45418 14.97090
2454954.45423 12.20780
2454955.45428 6.86883
2454956.45432 3.65941
2454957.45437 3.94085
2454958.45441 7.67748
2454959.45446 14.48094
2454960.45450 18.30692
2454961.45455 20.05273
2454962.45460 16.11667
2454963.45464 10.86301
2454964.45469 6.09199
2454965.45473 3.19807
2454966.45478 5.04726
2454967.45482 8.19552
2454968.45487 14.23123
2454969.45491 19.54341
2454970.45496 19.04246
2454971.45501 14.85106
2454972.45505 9.85914
2454973.45510 4.73617
2454974.45514 2.46812
2454975.45519 3.92308
2454976.45523 9.07441
2454977.45528 15.21298
2454978.45533 17.76637
2454979.45537 19.05542
2454980.45542 14.65132
2454981.45546 8.42098
2454982.45551 4.73896
2454983.45555 2.36247
2454984.45560 4.14323
2454985.45564 7.52041
2454986.45569 14.47303
2454987.45574 19.68082
2454988.45578 16.98353
2454989.45583 15.43675
2454990.45587 6.75438
2454991.45592 3.82750
2454992.45596 2.04995
2454993.45601 3.62036
2454994.45606 9.94499
2454995.45610 14.95449
2454996.45615 17.19555
2454997.45619 15.08887
2454998.45624 13.03840
2454999.45628 7.88652
2455000.45633 3.14189
2455001.45637 2.05195
2455002.45642 4.99838
2455003.45647 9.02982
2455004.45651 15.25571
2455005.45656 15.37655
2455006.45660 15.40902
2455007.45665 11.09776
2455008.45669 6.36392
2455009.45674 1.84629
2455010.45679 1.91475
2455011.45683 4.78194
2455012.45688 8.51188
2455013.45692 13.28944
2455014.45697 15.09087
2455015.45701 15.44343
2455016.45706 9.09842
2455017.45711 4.99257
2455018.45715 1.61613
2455019.45720 1.65337
2455020.45724 4.75532
2455021.45729 8.59860
2455022.45733 14.72492
2455023.45738 15.97224
2455024.45742 12.90326
2455025.45747 8.69168
2455026.45752 4.58744
2455027.45756 1.06321
2455028.45761 1.60182
2455029.45765 6.38559
2455030.45770 10.71452
2455031.45774 15.74772
2455032.45779 15.24818
2455033.45784 14.65087
2455034.45788 9.68008
2455035.45793 3.01193
2455036.45797 0.81015
2455037.45802 1.79954
2455038.45806 5.86904
2455039.45811 12.86138
2455040.45815 13.41446
2455041.45820 15.28495
2455227.46669 19.70861
2455228.46673 17.26877
2455229.46678 14.38553
2455230.46682 6.64297
2455231.46687 3.39415
2455232.46692 3.57033
2455233.46696 7.55417
2455234.46701 12.48772
2455235.46705 19.13408
2455236.46710 21.04950
2455237.46714 14.57124
2455238.46719 11.83097
2455239.46724 7.89029
2455240.46728 4.47222
2455241.46733 4.28264
2455242.46737 8.58031
2455243.46742 14.93686
2455244.46746 20.16297
2455245.46751 19.85882
2455246.46755 14.05350
2455247.46760 13.57727
2455248.46765 7.17518
2455249.46769 4.49602
2455250.46774 5.05715
2455251.46778 8.60087
2455252.46783 15.17391
2455253.46787 15.07009
2455254.46792 14.60887
2455255.46797 15.77551
2455256.46801 13.38523
2455257.46806 8.06323
2455258.46810 4.66710
2455259.46815 6.52801
2455260.46819 9.91869
2455261.46824 12.51575
2455262.46829 18.79692
2455263.46833 17.23286
2455264.46838 17.53407
2455265.46842 10.03252
2455266.46847 7.55048
2455267.46851 4.72941
2455268.46856 6.31423
2455269.46860 11.71953
2455270.46865 18.41729
2455271.46870 20.25580
2455272.46874 17.55946
2455273.46879 14.90257
2455274.46883 10.72807
2455275.46888 7.35794
2455276.46892 5.51090
2455277.46897 7.00901
2455278.46902 12.77956
2455279.46906 20.05488
2455280.46911 23.85278
2455281.46915 19.81702
2455282.46920 18.13608
2455283.46924 10.54990
2455284.46929 7.49576
2455285.46933 6.60760
2455286.46938 8.47728
2455287.46943 13.49029
2455288.46947 18.42298
2455289.46952 21.70146
2455290.46956 22.36206
2455291.46961 16.83343
2455292.46965 11.28543
2455293.46970 6.44551
2455294.46975 6.37304
2455295.46979 8.50759
2455296.46984 13.85355
2455297.46988 19.47746
2455298.46993 19.18143
2455299.46997 18.38496
2455300.47002 14.00900
2455301.47006 11.93258
2455302.47011 6.53479
2455303.47016 8.28447
2455304.47020 10.57049
2455305.47025 17.46201
2455306.47029 20.11818
2455307.47034 26.08216
2455308.47038 22.04870
2455309.47043 18.50007
2455310.47048 12.48744
2455311.47052 8.72277
2455312.47057 7.67070
2455313.47061 10.31905
2455314.47066 18.65700
2455315.47070 19.36355
2455316.47075 28.03344
2455317.47079 22.65661
2455318.47084 14.60639
2455319.47089 10.99497
2455320.47093 7.15083
2455321.47098 8.48593
2455322.47102 13.38026
2455323.47107 20.09378
2455324.47111 25.90496
2455325.47116 27.93571
2455326.47121 22.58294
2455327.47125 16.68565
2455328.47130 13.88664
2455329.47134 8.70076
2455330.47139 8.75143
2455331.47143 12.27801
2455332.47148 20.88275
2455333.47153 21.59831
2455334.47157 24.44374
2455335.47162 25.74798
2455336.47166 17.91102
2455337.47171 13.83245
2455338.47175 9.83828
2455339.47180 10.78021
2455340.47184 18.17872
2455341.47189 17.14223
2455342.47194 29.69974
2455343.47198 25.20075
2455344.47203 21.31621
2455345.47207 16.19659
2455346.47212 12.56961
2455347.47216 11.88337
2455348.47221 11.13942
2455349.47226 19.36375
2455350.47230 21.71197
2455351.47235 25.33444
2455352.47239 26.77438
2455353.47244 23.17529
2455354.47248 16.34113
2455355.47253 13.10953
2455356.47257 13.05064
2455357.47262 11.80498
2455358.47267 18.77238
2455359.47271 25.63740
2455360.47276 25.72775
2455361.47280 32.32551
2455362.47285 22.26393
2455363.47289 16.01340
2455364.47294 13.58592
2455365.47299 13.67998
2455366.47303 14.06193
2455367.47308 19.09053
2455368.47312 27.25055
2455369.47317 27.07962
2455370.47321 23.84256
2455371.47326 19.05660
2455372.47330 18.55699
2455373.47335 11.35947
2455374.47340 13.25771
2455375.47344 15.80732
2455376.47349 17.36979
2455377.47353 31.00223
2455378.47358 25.78006
2455379.47362 29.05906
2455380.47367 21.81417
2455381.47372 19.42865
2455382.47376 13.01619
2455383.47381 12.47168
2455384.47385 17.38164
2455385.47390 23.17516
2455386.47394 33.41940
2455387.47399 29.52788
2455388.47403 26.83107
2455389.47408 25.80286
2455390.47413 18.51489
2455391.47417 16.95158
2455392.47422 11.16146
2455393.47426 21.75310
2455394.47431 28.83858
2455395.47435 27.53298
2455396.47440 29.59599
2455397.47445 24.26223
2455398.47449 18.26079
2455399.47454 16.80279
2455400.47458 14.73359
2455401.47463 14.71569
2455402.47467 21.57958
2455403.47472 26.46339
2455404.47476 26.32126
2455405.47481 30.88791
2455406.47486 32.31415
2455592.48334 42.02736
2455593.48339 44.30831
2455594.48344 32.49700
2455595.48348 35.03388
2455596.48353 32.01994
2455597.48357 35.21235
2455598.48362 45.58307
2455599.48366 43.42025
2455600.48371 46.39655
2455601.48375 40.45680
2455602.48380 40.03917
2455603.48385 41.71105
2455604.48389 31.95732
2455605.48394 25.96923
2455606.48398 39.98322
2455607.48403 38.35376
2455608.48407 44.96433
2455609.48412 38.34283
2455610.48417 56.58426
2455611.48421 35.24590
2455612.48426 30.22774
2455613.48430 34.15750
2455614.48435 26.71202
2455615.48439 36.58785
2455616.48444 41.09010
2455617.48448 50.71204
2455618.48453 49.19886
2455619.48458 45.70967
2455620.48462 38.61277
2455621.48467 28.49489
2455622.48471 30.21359
2455623.48476 30.78494
2455624.48480 42.07848
2455625.48485 45.72556
2455626.48490 50.02894
2455627.48494 52.28724
2455628.48499 42.67157
2455629.48503 41.61112
2455630.48508 30.07894
2455631.48512 31.37845
2455632.48517 33.68268
2455633.48521 34.65005
2455634.48526 46.87859
2455635.48531 49.34915
2455636.48535 53.22560
2455637.48540 43.24317
2455638.48544 32.19865
2455639.48549 37.21867
2455640.48553 34.73248
2455641.48558 39.74441
2455642.48563 38.26972
2455643.48567 46.96816
2455644.48572 61.13519
2455645.48576 49.54538
2455646.48581 39.18700
2455647.48585 44.90624
2455648.48590 33.27933
2455649.48595 30.50572
2455650.48599 39.59425
2455651.48604 35.45113
2455652.48608 47.67779
2455653.48613 53.06245
2455654.48617 43.05267
2455655.48622 42.46667
2455656.48626 40.32695
2455657.48631 37.08388
2455658.48636 38.46882
2455659.48640 34.02615
2455660.48645 43.90460
2455661.48649 37.71588
2455662.48654 43.21289
2455663.48658 46.59620
2455664.48663 44.20821
2455665.48668 34.64003
2455666.48672 36.29031
2455667.48677 30.96729
2455668.48681 35.07188
2455669.48686 37.40378
2455670.48690 48.75957
2455671.48695 48.61019
2455672.48699 49.50715
2455673.48704 47.79473
2455674.48709 32.19724
2455675.48713 33.22575
2455676.48718 31.36705
2455677.48722 36.53539
2455678.48727 41.48528
2455679.48731 49.06379
2455680.48736 50.85567
2455681.48741 47.20791
2455682.48745 44.46983
2455683.48750 33.70228
2455684.48754 39.03403
2455685.48759 41.68858
2455686.48763 38.16346
2455687.48768 46.53130
2455688.48772 49.59433
2455689.48777 59.26646
2455690.48782 49.17038
2455691.48786 48.15173
2455692.48791 38.19123
2455693.48795 36.96925
2455694.48800 33.70433
2455695.48804 37.28453
2455696.48809 44.56520
2455697.48814 45.59246
2455698.48818 50.54406
2455699.48823 44.21217
2455700.48827 46.31326
2455701.48832 46.59981
2455702.48836 42.01646
2455703.48841 37.99951
2455704.48845 36.98812
2455705.48850 46.80414
2455706.48855 55.65547
2455707.48859 45.60016
2455708.48864 47.01315
2455709.48868 36.06438
2455710.48873 41.40020
2455711.48877 42.11066
2455712.48882 34.84886
2455713.48887 39.18835
2455714.48891 45.89887
2455715.48896 44.77965
2455716.48900 54.28539
2455717.48905 51.05121
2455718.48909 45.44687
2455719.48914 37.61530
2455720.48918 37.49239
2455721.48923 41.40565
2455722.48928 42.06943
2455723.48932 48.29718
2455724.48937 47.82365
2455725.48941 48.00847
2455726.48946 46.49148
2455727.48950 43.29158
2455728.48955 38.99928
2455729.48960 24.18971
2455730.48964 36.98491
2455731.48969 47.20336
2455732.48973 51.20841
2455733.48978 52.43647
2455734.48982 41.71797
2455735.48987 46.87722
2455736.48992 40.73975
2455737.48996 34.70673
2455738.49001 43.06565
2455739.49005 44.80031
2455740.49010 40.40962
2455741.49014 59.49929
2455742.49019 54.46510
2455743.49023 48.11606
2455744.49028 39.39193
2455745.49033 37.37626
2455746.49037 36.81017
2455747.49042 36.94479
2455748.49046 46.07185
2455749.49051 42.81783
2455750.49055 45.06944
2455751.49060 51.74521
2455752.49065 49.20623
2455753.49069 45.25899
2455754.49074 38.03744
2455755.49078 38.49552
2455756.49083 33.39054
2455757.49087 34.02943
2455758.49092 43.63555
2455759.49096 48.64777
2455760.49101 63.90676
2455761.49106 46.74845
2455762.49110 38.14699
2455763.49115 37.54138
2455764.49119 31.25740
2455765.49124 35.60911
2455766.49128 42.86888
2455767.49133 45.52321
2455768.49138 49.23546
2455769.49142 56.19934
2455770.49147 55.37177
2455771.49151 37.03106
2455957.50000 40.05259
