2445000.00000 5.86959
2445001.00005 0.87913
2445002.00009 2.67027
2445003.00014 8.40548
2445004.00018 8.13601
2445005.00023 1.17752
2445006.00027 2.56671
2445007.00032 8.39541
2445008.00037 7.40462
2445009.00041 1.47801
2445010.00046 1.23855
2445011.00050 7.43102
2445012.00055 9.16153
2445013.00059 2.26682
2445014.00064 1.03302
2445015.00068 6.31314
2445016.00073 8.82334
2445017.00078 3.06243
2445018.00082 0.68128
2445019.00087 6.41528
2445020.00091 8.20841
2445021.00096 3.78288
2445022.00100 0.27239
2445023.00105 5.77561
2445024.00110 11.42197
2445025.00114 3.58195
2445026.00119 0.26204
2445027.00123 4.78639
2445028.00128 8.70186
2445029.00132 5.48522
2445030.00137 0.28520
2445031.00141 4.07639
2445032.00146 9.75008
2445033.00151 5.72363
2445034.00155 0.53718
2445035.00160 3.30983
2445036.00164 8.97954
2445037.00169 5.32816
2445038.00173 0.63348
2445039.00178 2.84033
2445040.00183 7.33228
2445041.00187 5.55963
2445042.00192 1.05453
2445043.00196 2.15880
2445044.00201 8.03856
2445045.00205 7.42070
2445046.00210 1.25353
2445047.00214 1.39138
2445048.00219 7.94000
2445049.00224 6.72150
2445050.00228 2.36132
2445051.00233 0.92842
2445052.00237 7.57810
2445053.00242 9.07407
2445054.00246 2.95820
2445055.00251 0.53217
2445056.00256 6.63269
2445057.00260 7.24196
2445058.00265 2.96430
2445059.00269 0.25179
2445060.00274 5.28484
2445061.00278 9.35413
2445062.00283 4.37024
2445063.00287 0.18565
2445064.00292 5.11074
2445065.00297 8.23962
2445066.00301 5.10823
2445067.00306 0.17781
2445068.00310 3.74317
2445069.00315 9.20549
2445070.00319 3.77965
2445071.00324 0.43763
2445072.00329 3.24303
2445073.00333 8.16456
2445074.00338 7.68813
2445075.00342 0.61493
2445076.00347 2.40017
2445077.00351 7.91819
2445078.00356 8.27561
2445079.00361 1.02808
2445080.00365 1.76029
2445081.00370 8.80021
2445082.00374 8.13380
2445083.00379 1.53784
2445084.00383 1.31611
2445085.00388 9.13873
2445086.00392 8.43336
2445087.00397 2.16864
2445088.00402 0.74812
2445089.00406 7.51228
2445090.00411 8.04410
2445091.00415 2.73487
2445092.00420 0.33894
2445093.00424 5.23131
2445094.00429 8.36459
2445095.00434 3.51511
2445096.00438 0.22270
2445097.00443 5.46299
2445098.00447 8.14236
2445099.00452 3.97509
2445100.00456 0.12265
2445101.00461 4.91559
2445102.00465 8.99236
2445103.00470 4.82425
2445104.00475 0.17647
2445105.00479 3.29179
2445106.00484 9.19046
2445107.00488 7.11015
2445108.00493 0.34698
2445109.00497 2.69216
2445110.00502 8.94566
2445111.00507 6.19692
2445112.00511 0.55634
2445113.00516 2.38709
2445114.00520 9.14139
2445115.00525 6.93123
2445116.00529 1.02854
2445117.00534 1.45676
2445118.00538 7.62634
2445119.00543 7.29282
2445120.00548 1.43334
2445121.00552 1.28428
2445122.00557 7.50206
2445123.00561 8.67642
2445124.00566 2.40296
2445125.00570 0.70124
2445126.00575 6.24593
2445127.00580 8.81102
2445128.00584 2.81290
2445129.00589 0.35257
2445130.00593 6.00224
2445131.00598 8.49023
2445132.00602 3.14098
2445133.00607 0.15155
2445134.00611 4.95208
2445135.00616 7.25943
2445136.00621 4.60417
2445137.00625 0.10028
2445138.00630 5.37662
2445139.00634 8.59441
2445140.00639 4.86855
2445141.00643 0.14736
2445142.00648 3.60901
2445143.00653 8.98449
2445144.00657 5.41392
2445145.00662 0.36360
2445146.00666 2.25312
2445147.00671 9.33309
2445148.00675 6.08961
2445149.00680 0.69597
2445150.00684 1.82967
2445151.00689 7.68350
2445152.00694 7.04088
2445153.00698 1.13972
2445154.00703 1.60449
2445155.00707 8.77175
2445156.00712 8.38083
2445157.00716 1.84694
2445158.00721 1.16472
2445159.00726 7.48891
2445160.00730 8.24684
2445161.00735 2.54728
2445162.00739 0.67442
2445163.00744 6.84392
2445164.00748 7.37911
2445165.00753 2.75610
2445166.00758 0.30902
2445167.00762 6.15878
2445168.00767 8.85319
2445169.00771 4.17727
2445170.00776 0.17243
2445171.00780 5.56082
2445172.00785 10.06373
2445173.00789 4.04812
2445174.00794 0.12370
2445175.00799 3.95000
2445176.00803 7.48145
2445177.00808 5.13173
2445178.00812 0.24434
2445179.00817 3.61564
2445366.01670 8.75539
2445367.01675 1.45298
2445368.01679 3.73242
2445369.01684 9.16394
2445370.01688 7.98168
2445371.01693 1.64033
2445372.01698 2.67692
2445373.01702 8.12106
2445374.01707 8.01022
2445375.01711 2.74954
2445376.01716 2.12866
2445377.01720 8.90789
2445378.01725 8.74157
2445379.01729 3.06511
2445380.01734 1.50021
2445381.01739 7.95322
2445382.01743 10.93738
2445383.01748 3.93295
2445384.01752 1.46881
2445385.01757 7.29223
2445386.01761 9.51442
2445387.01766 4.93182
2445388.01771 1.25127
2445389.01775 7.16366
2445390.01780 11.06635
2445391.01784 5.35603
2445392.01789 1.01922
2445393.01793 5.53601
2445394.01798 11.56918
2445395.01803 6.40058
2445396.01807 1.19896
2445397.01812 4.52940
2445398.01816 9.47621
2445399.01821 6.79625
2445400.01825 1.40048
2445401.01830 4.46266
2445402.01834 9.32902
2445403.01839 7.68169
2445404.01844 1.58987
2445405.01848 3.38902
2445406.01853 10.45761
2445407.01857 9.66376
2445408.01862 2.25822
2445409.01866 2.73710
2445410.01871 8.60111
2445411.01876 9.37473
2445412.01880 2.87429
2445413.01885 2.11665
2445414.01889 8.29052
2445415.01894 9.82341
2445416.01898 3.34374
2445417.01903 1.68369
2445418.01907 8.83386
2445419.01912 12.43323
2445420.01917 3.66729
2445421.01921 1.27964
2445422.01926 6.20159
2445423.01930 9.93982
2445424.01935 5.38174
2445425.01939 1.40711
2445426.01944 6.24210
2445427.01949 10.71534
2445428.01953 5.33592
2445429.01958 1.29175
2445430.01962 5.39264
2445431.01967 8.56661
2445432.01971 5.76900
2445433.01976 1.28884
2445434.01980 5.03935
2445435.01985 10.29759
2445436.01990 7.74563
2445437.01994 1.39416
2445438.01999 3.40085
2445439.02003 10.44686
2445440.02008 5.79762
2445441.02012 2.34351
2445442.02017 2.74728
2445443.02022 10.22100
2445444.02026 7.92054
2445445.02031 2.85003
2445446.02035 3.69991
2445447.02040 6.91540
2445448.02044 9.91929
2445449.02049 2.59661
2445450.02053 2.43451
2445451.02058 8.21028
2445452.02063 9.88296
2445453.02067 3.49188
2445454.02072 2.12986
2445455.02076 6.62340
2445456.02081 11.38283
2445457.02085 4.39038
2445458.02090 1.49185
2445459.02095 8.17961
2445460.02099 10.30232
2445461.02104 6.37727
2445462.02108 1.81992
2445463.02113 5.82756
2445464.02117 10.40062
2445465.02122 6.22823
2445466.02126 1.89006
2445467.02131 5.84846
2445468.02136 10.66060
2445469.02140 6.81055
2445470.02145 1.78055
2445471.02149 5.52570
2445472.02154 10.33589
2445473.02158 7.41521
2445474.02163 1.95115
2445475.02168 3.97633
2445476.02172 8.65253
2445477.02177 7.81040
2445478.02181 2.83715
2445479.02186 3.51462
2445480.02190 10.36119
2445481.02195 6.84478
2445482.02200 3.14664
2445483.02204 2.99638
2445484.02209 8.74948
2445485.02213 9.84649
2445486.02218 3.40613
2445487.02222 2.04535
2445488.02227 9.41175
2445489.02231 10.38722
2445490.02236 4.13564
2445491.02241 2.03922
2445492.02245 6.80075
2445493.02250 10.73064
2445494.02254 5.82499
2445495.02259 2.07935
2445496.02263 6.27244
2445497.02268 10.96813
2445498.02273 5.76998
2445499.02277 2.11457
2445500.02282 6.95563
2445501.02286 7.59498
2445502.02291 6.96308
2445503.02295 1.78717
2445504.02300 5.00246
2445505.02304 10.59440
2445506.02309 7.70351
2445507.02314 1.80412
2445508.02318 5.48400
2445509.02323 11.45035
2445510.02327 8.20585
2445511.02332 2.24434
2445512.02336 4.01814
2445513.02341 11.41739
2445514.02346 7.54279
2445515.02350 3.18300
2445516.02355 3.78306
2445517.02359 9.86228
2445518.02364 7.90516
2445519.02368 3.35462
2445520.02373 3.52251
2445521.02377 8.19512
2445522.02382 10.59662
2445523.02387 4.06226
2445524.02391 2.70210
2445525.02396 9.63424
2445526.02400 8.22614
2445527.02405 4.88885
2445528.02409 2.98388
2445529.02414 9.40980
2445530.02419 11.31387
2445531.02423 5.31550
2445532.02428 2.21887
2445533.02432 7.30087
2445534.02437 11.70828
2445535.02441 5.76623
2445536.02446 2.47383
2445537.02450 8.26046
2445538.02455 11.12002
2445539.02460 6.12637
2445540.02464 2.04407
2445541.02469 6.55828
2445542.02473 11.07603
2445543.02478 8.56458
2445544.02482 2.41854
2445545.02487 5.83136
2445731.03336 12.64094
2445732.03340 10.42454
2445733.03345 5.05674
2445734.03349 5.60867
2445735.03354 14.95124
2445736.03359 11.80157
2445737.03363 6.16632
2445738.03368 5.52861
2445739.03372 10.73178
2445740.03377 12.20569
2445741.03381 7.12005
2445742.03386 5.12629
2445743.03391 10.43391
2445744.03395 13.17915
2445745.03400 7.46842
2445746.03404 5.91761
2445747.03409 11.17677
2445748.03413 14.20105
2445749.03418 8.43893
2445750.03422 4.31514
2445751.03427 9.13779
2445752.03432 12.10982
2445753.03436 7.51531
2445754.03441 5.18202
2445755.03445 9.67426
2445756.03450 13.80092
2445757.03454 7.02522
2445758.03459 5.85212
2445759.03464 7.90964
2445760.03468 16.47527
2445761.03473 8.80009
2445762.03477 4.63038
2445763.03482 6.22932
2445764.03486 14.00849
2445765.03491 9.85087
2445766.03495 4.77826
2445767.03500 6.32573
2445768.03505 14.27324
2445769.03509 12.63701
2445770.03514 6.83306
2445771.03518 6.27406
2445772.03523 13.13566
2445773.03527 10.84871
2445774.03532 6.11324
2445775.03537 5.89729
2445776.03541 12.93816
2445777.03546 14.34693
2445778.03550 7.64867
2445779.03555 5.31215
2445780.03559 12.96538
2445781.03564 13.42678
2445782.03568 7.42003
2445783.03573 5.10381
2445784.03578 10.52212
2445785.03582 16.24356
2445786.03587 8.69478
2445787.03591 5.39908
2445788.03596 10.18384
2445789.03600 17.49288
2445790.03605 10.44264
2445791.03610 4.86990
2445792.03614 9.47917
2445793.03619 13.84310
2445794.03623 10.19840
2445795.03628 4.94874
2445796.03632 9.42840
2445797.03637 16.15374
2445798.03642 9.43038
2445799.03646 4.90301
2445800.03651 7.93649
2445801.03655 13.32698
2445802.03660 13.95299
2445803.03664 6.44412
2445804.03669 8.41614
2445805.03673 13.28254
2445806.03678 11.99414
2445807.03683 5.39078
2445808.03687 7.65979
2445809.03692 13.88835
2445810.03696 14.66358
2445811.03701 6.71661
2445812.03705 6.50804
2445813.03710 12.95086
2445814.03715 14.75464
2445815.03719 6.40362
2445816.03724 6.65423
2445817.03728 12.12288
2445818.03733 12.51238
2445819.03737 6.51187
2445820.03742 5.82640
2445821.03746 13.16203
2445822.03751 16.72172
2445823.03756 9.31961
2445824.03760 6.86465
2445825.03765 10.75793
2445826.03769 15.91058
2445827.03774 9.36227
2445828.03778 5.40627
2445829.03783 9.40661
2445830.03788 11.58969
2445831.03792 11.98591
2445832.03797 5.42057
2445833.03801 8.62632
2445834.03806 12.82219
2445835.03810 11.18699
2445836.03815 7.07617
2445837.03819 10.50942
2445838.03824 11.96593
2445839.03829 11.75416
2445840.03833 5.70558
2445841.03838 8.84367
2445842.03842 14.44161
2445843.03847 12.07413
2445844.03851 6.87828
2445845.03856 7.11650
2445846.03861 15.81698
2445847.03865 14.26735
2445848.03870 7.89321
2445849.03874 5.12116
2445850.03879 13.01362
2445851.03883 16.99646
2445852.03888 9.12354
2445853.03892 5.37705
2445854.03897 12.11173
2445855.03902 12.75480
2445856.03906 10.28640
2445857.03911 6.47555
2445858.03915 10.93582
2445859.03920 14.85796
2445860.03924 7.06884
2445861.03929 5.50136
2445862.03934 11.18776
2445863.03938 16.25848
2445864.03943 8.35626
2445865.03947 5.91594
2445866.03952 11.48455
2445867.03956 12.85931
2445868.03961 11.43897
2445869.03966 6.30297
2445870.03970 11.38700
2445871.03975 14.61875
2445872.03979 11.77401
2445873.03984 7.05887
2445874.03988 7.83867
2445875.03993 14.42986
2445876.03997 12.15722
2445877.04002 6.77295
2445878.04007 9.11639
2445879.04011 15.22790
2445880.04016 12.43007
2445881.04020 7.44908
2445882.04025 9.00748
2445883.04029 12.82866
2445884.04034 14.25917
2445885.04039 7.77767
2445886.04043 7.31615
2445887.04048 11.26587
2445888.04052 16.63482
2445889.04057 7.93334
2445890.04061 7.70645
2445891.04066 12.05383
2445892.04070 14.05332
2445893.04075 10.46775
2445894.04080 7.40098
2445895.04084 12.44040
2445896.04089 16.44606
2445897.04093 9.82660
2445898.04098 6.59390
2445899.04102 10.72333
2445900.04107 16.84275
2445901.04112 10.16959
2445902.04116 7.57700
2445903.04121 10.42562
2445904.04125 15.50982
2445905.04130 12.62952
2445906.04134 6.74279
2445907.04139 9.75692
2445908.04143 15.33241
2445909.04148 13.65055
2445910.04153 6.52255
2446096.05001 10.73215
2446097.05006 16.88202
2446098.05010 17.09925
2446099.05015 9.56730
2446100.05020 12.14335
2446101.05024 16.17242
2446102.05029 15.96850
2446103.05033 10.04790
2446104.05038 8.49540
2446105.05042 14.24957
2446106.05047 15.98583
2446107.05052 12.10439
2446108.05056 9.35363
2446109.05061 14.54510
2446110.05065 19.41878
2446111.05070 13.38402
2446112.05074 10.24259
2446113.05079 13.36678
2446114.05084 16.72135
2446115.05088 14.59395
2446116.05093 9.15499
2446117.05097 13.52927
2446118.05102 19.03598
2446119.05106 14.47245
2446120.05111 8.39926
2446121.05115 13.46075
2446122.05120 19.44488
2446123.05125 12.32978
2446124.05129 9.01995
2446125.05134 11.06026
2446126.05138 15.95904
2446127.05143 13.90154
2446128.05147 9.67981
2446129.05152 11.37246
2446130.05157 16.34290
2446131.05161 15.55421
2446132.05166 8.49274
2446133.05170 11.58000
2446134.05175 19.07023
2446135.05179 16.02933
2446136.05184 9.85753
2446137.05188 10.91970
2446138.05193 13.29556
2446139.05198 17.66009
2446140.05202 13.92899
2446141.05207 9.91410
2446142.05211 15.93897
2446143.05216 18.55070
2446144.05220 13.14374
2446145.05225 10.59225
2446146.05230 12.16364
2446147.05234 18.65744
2446148.05239 15.09787
2446149.05243 9.96514
2446150.05248 13.11193
2446151.05252 18.44194
2446152.05257 11.14178
2446153.05261 10.37462
2446154.05266 12.75603
2446155.05271 18.21609
2446156.05275 12.40790
2446157.05280 8.71707
2446158.05284 15.35794
2446159.05289 18.28241
2446160.05293 13.56456
2446161.05298 8.26808
2446162.05303 10.27903
2446163.05307 15.72763
2446164.05312 15.31292
2446165.05316 10.52231
2446166.05321 11.28240
2446167.05325 20.51673
2446168.05330 14.73696
2446169.05334 9.71431
2446170.05339 10.08975
2446171.05344 19.08857
2446172.05348 20.01565
2446173.05353 8.59410
2446174.05357 10.37021
2446175.05362 19.03373
2446176.05366 14.65310
2446177.05371 11.63626
2446178.05376 11.51726
2446179.05380 16.46107
2446180.05385 18.58933
2446181.05389 13.73129
2446182.05394 11.81764
2446183.05398 15.59806
2446184.05403 17.03697
2446185.05408 11.26168
2446186.05412 10.57617
2446187.05417 12.94456
2446188.05421 17.78648
2446189.05426 13.30877
2446190.05430 9.02696
2446191.05435 14.67598
2446192.05439 23.08138
2446193.05444 13.79590
2446194.05449 9.09195
2446195.05453 14.91423
2446196.05458 18.80087
2446197.05462 16.88071
2446198.05467 9.79674
2446199.05471 12.49603
2446200.05476 14.97049
2446201.05481 13.00939
2446202.05485 8.08144
2446203.05490 12.58332
2446204.05494 15.50820
2446205.05499 18.28485
2446206.05503 10.31153
2446207.05508 11.20752
2446208.05512 16.08738
2446209.05517 17.95165
2446210.05522 9.90656
2446211.05526 9.85107
2446212.05531 19.11076
2446213.05535 18.08939
2446214.05540 11.09622
2446215.05544 11.13137
2446216.05549 16.51674
2446217.05554 18.62559
2446218.05558 11.05049
2446219.05563 12.19143
2446220.05567 14.93244
2446221.05572 21.13927
2446222.05576 12.52386
2446223.05581 10.65468
2446224.05585 16.26091
2446225.05590 20.64749
2446226.05595 12.39882
2446227.05599 10.79258
2446228.05604 17.07780
2446229.05608 18.14155
2446230.05613 14.37641
2446231.05617 9.24990
2446232.05622 13.20191
2446233.05627 21.77286
2446234.05631 13.59445
2446235.05636 8.97491
2446236.05640 15.03670
2446237.05645 19.57921
2446238.05649 19.23534
2446239.05654 9.72481
2446240.05658 12.41755
2446241.05663 16.94183
2446242.05668 16.81711
2446243.05672 8.70196
2446244.05677 12.43025
2446245.05681 18.31026
2446246.05686 17.12038
2446247.05690 10.65037
2446248.05695 10.09047
2446249.05700 18.48343
2446250.05704 15.69060
2446251.05709 12.28008
2446252.05713 12.82990
2446253.05718 19.10649
2446254.05722 15.47842
2446255.05727 11.69550
2446256.05731 10.71168
2446257.05736 15.85964
2446258.05741 15.95752
2446259.05745 13.59841
2446260.05750 10.04145
2446261.05754 18.18102
2446262.05759 18.28674
2446263.05763 15.48558
2446264.05768 8.69112
2446265.05773 13.02805
2446266.05777 20.19853
2446267.05782 16.24097
2446268.05786 9.02811
2446269.05791 13.81066
2446270.05795 16.18864
2446271.05800 15.15238
2446272.05805 10.99588
2446273.05809 12.48482
2446274.05814 18.13526
2446275.05818 14.35259
2446461.06667 10.44131
2446462.06672 14.51498
2446463.06676 18.55954
2446464.06681 15.98859
2446465.06685 11.26591
2446466.06690 9.87948
2446467.06694 16.08959
2446468.06699 20.80006
2446469.06703 12.02185
2446470.06708 13.39333
2446471.06713 17.13130
2446472.06717 18.68004
2446473.06722 13.66197
2446474.06726 7.97022
2446475.06731 16.95588
2446476.06735 18.97752
2446477.06740 15.55600
2446478.06745 11.63336
2446479.06749 14.08246
2446480.06754 21.66368
2446481.06758 13.91268
2446482.06763 9.52241
2446483.06767 15.41915
2446484.06772 18.94673
2446485.06776 17.36439
2446486.06781 10.81600
2446487.06786 14.64706
2446488.06790 21.01119
2446489.06795 17.53306
2446490.06799 11.41042
2446491.06804 15.52842
2446492.06808 20.24221
2446493.06813 16.81178
2446494.06818 12.17228
2446495.06822 12.76520
2446496.06827 18.82374
2446497.06831 20.17751
2446498.06836 13.01548
2446499.06840 12.21529
2446500.06845 17.49505
2446501.06850 20.43153
2446502.06854 12.61134
2446503.06859 12.01409
2446504.06863 17.21561
2446505.06868 18.95373
2446506.06872 12.22221
2446507.06877 10.42150
2446508.06881 17.38444
2446509.06886 19.26114
2446510.06891 12.41399
2446511.06895 11.76428
2446512.06900 18.59162
2446513.06904 20.91380
2446514.06909 13.22954
2446515.06913 11.33184
2446516.06918 15.84937
2446517.06923 16.86319
2446518.06927 15.31452
2446519.06932 10.56179
2446520.06936 18.83743
2446521.06941 22.09665
2446522.06945 16.18170
2446523.06950 10.67455
2446524.06954 14.41760
2446525.06959 17.27197
2446526.06964 13.09954
2446527.06968 9.63059
2446528.06973 13.36742
2446529.06977 14.98498
2446530.06982 15.67359
2446531.06986 10.54625
2446532.06991 12.44464
2446533.06996 17.40693
2446534.07000 16.65327
2446535.07005 13.12524
2446536.07009 12.86667
2446537.07014 17.16623
2446538.07018 17.71389
2446539.07023 11.65039
2446540.07027 10.61456
2446541.07032 16.27316
2446542.07037 20.19217
2446543.07041 11.74895
2446544.07046 9.81808
2446545.07050 16.91510
2446546.07055 18.95753
2446547.07059 10.37019
2446548.07064 10.62028
2446549.07069 17.69508
2446550.07073 19.87409
2446551.07078 16.66723
2446552.07082 11.72836
2446553.07087 17.78029
2446554.07091 24.53668
2446555.07096 15.46112
2446556.07100 10.48129
2446557.07105 16.19186
2446558.07110 18.11769
2446559.07114 15.28860
2446560.07119 9.66416
2446561.07123 14.53592
2446562.07128 17.83645
2446563.07132 14.77813
2446564.07137 10.91784
2446565.07142 13.04398
2446566.07146 15.20877
2446567.07151 14.16367
2446568.07155 9.52627
2446569.07160 11.41159
2446570.07164 19.24328
2446571.07169 17.60644
2446572.07173 12.34259
2446573.07178 12.76598
2446574.07183 19.93217
2446575.07187 18.88999
2446576.07192 11.89715
2446577.07196 12.55471
2446578.07201 19.03123
2446579.07205 18.97909
2446580.07210 13.79695
2446581.07215 8.30478
2446582.07219 16.28594
2446583.07224 18.09714
2446584.07228 14.38818
2446585.07233 12.15197
2446586.07237 13.72632
2446587.07242 21.59619
2446588.07247 12.01828
2446589.07251 9.10369
2446590.07256 14.93550
2446591.07260 18.44920
2446592.07265 12.11795
2446593.07269 10.84194
2446594.07274 15.49920
2446595.07278 21.06225
2446596.07283 14.45016
2446597.07288 10.17536
2446598.07292 13.69352
2446599.07297 22.11373
2446600.07301 11.35034
2446601.07306 9.38786
2446602.07310 12.99003
2446603.07315 16.63210
2446604.07320 16.10997
2446605.07324 10.53686
2446606.07329 11.47011
2446607.07333 18.39138
2446608.07338 18.25500
2446609.07342 10.81530
2446610.07347 11.11250
2446611.07351 17.48441
2446612.07356 17.72378
2446613.07361 9.56930
2446614.07365 11.60031
2446615.07370 16.41313
2446616.07374 20.49895
2446617.07379 12.90141
2446618.07383 11.88377
2446619.07388 14.84819
2446620.07393 17.86944
2446621.07397 11.25024
2446622.07402 9.57744
2446623.07406 17.76485
2446624.07411 21.58962
2446625.07415 12.00316
2446626.07420 9.63076
2446627.07424 14.90454
2446628.07429 20.00793
2446629.07434 11.78406
2446630.07438 8.40737
2446631.07443 14.93020
2446632.07447 15.19706
2446633.07452 14.37358
2446634.07456 10.22609
2446635.07461 14.01296
2446636.07466 18.45390
2446637.07470 15.19574
2446638.07475 11.10822
2446639.07479 13.06510
2446640.07484 17.24169
2446827.08337 9.48848
2446828.08342 10.53166
2446829.08346 19.06673
2446830.08351 17.35616
2446831.08355 11.13488
2446832.08360 8.97548
2446833.08365 14.84932
2446834.08369 16.15955
2446835.08374 10.34399
2446836.08378 8.16076
2446837.08383 16.88653
2446838.08387 18.39221
2446839.08392 10.79174
2446840.08396 9.26415
2446841.08401 14.56239
2446842.08406 18.36340
2446843.08410 10.23184
2446844.08415 8.33552
2446845.08419 13.38114
2446846.08424 18.30855
2446847.08428 11.75174
2446848.08433 6.25613
2446849.08438 11.28551
2446850.08442 17.10054
2446851.08447 13.35081
2446852.08451 9.76284
2446853.08456 12.54353
2446854.08460 17.18431
2446855.08465 13.93173
2446856.08469 9.43920
2446857.08474 10.42364
2446858.08479 16.52159
2446859.08483 13.05453
2446860.08488 10.01429
2446861.08492 10.75592
2446862.08497 15.19031
2446863.08501 15.09011
2446864.08506 9.62134
2446865.08511 9.44738
2446866.08515 14.98110
2446867.08520 14.76722
2446868.08524 9.96930
2446869.08529 8.79115
2446870.08533 14.52101
2446871.08538 14.07184
2446872.08542 10.29665
2446873.08547 8.49061
2446874.08552 14.04971
2446875.08556 16.90237
2446876.08561 11.67346
2446877.08565 8.87395
2446878.08570 14.52331
2446879.08574 16.37932
2446880.08579 10.89823
2446881.08584 7.22001
2446882.08588 12.20097
2446883.08593 16.89842
2446884.08597 11.30733
2446885.08602 8.03750
2446886.08606 10.98784
2446887.08611 14.02235
2446888.08615 14.06026
2446889.08620 7.61316
2446890.08625 10.40960
2446891.08629 14.81426
2446892.08634 14.27949
2446893.08638 9.27428
2446894.08643 10.16152
2446895.08647 15.97262
2446896.08652 15.90295
2446897.08657 6.91022
2446898.08661 11.80780
2446899.08666 19.78068
2446900.08670 10.91548
2446901.08675 8.75015
2446902.08679 8.55433
2446903.08684 14.95189
2446904.08689 14.83887
2446905.08693 10.09338
2446906.08698 8.55859
2446907.08702 13.38633
2446908.08707 15.63632
2446909.08711 10.43014
2446910.08716 7.22901
2446911.08720 11.71296
2446912.08725 19.45487
2446913.08730 9.89048
2446914.08734 7.75203
2446915.08739 12.73064
2446916.08743 17.31159
2446917.08748 13.26198
2446918.08752 8.08935
2446919.08757 10.56800
2446920.08762 14.19285
2446921.08766 11.50579
2446922.08771 7.35968
2446923.08775 9.64313
2446924.08780 17.74546
2446925.08784 11.32368
2446926.08789 8.74747
2446927.08793 12.82341
2446928.08798 15.79685
2446929.08803 13.98997
2446930.08807 6.82889
2446931.08812 10.70888
2446932.08816 15.07913
2446933.08821 12.52757
2446934.08825 7.85426
2446935.08830 8.92991
2446936.08835 14.92084
2446937.08839 16.03603
2446938.08844 7.83288
2446939.08848 10.24000
2446940.08853 12.89847
2446941.08857 17.59874
2446942.08862 8.09523
2446943.08866 8.17668
2446944.08871 13.52662
2446945.08876 15.02256
2446946.08880 10.37382
2446947.08885 8.89576
2446948.08889 15.11366
2446949.08894 15.20850
2446950.08898 10.44939
2446951.08903 6.83228
2446952.08908 11.47164
2446953.08912 14.18346
2446954.08917 10.47933
2446955.08921 7.39504
2446956.08926 9.65007
2446957.08930 15.98529
2446958.08935 13.44801
2446959.08939 7.95109
2446960.08944 10.46789
2446961.08949 13.73698
2446962.08953 12.96392
2446963.08958 5.54283
2446964.08962 11.46507
2446965.08967 15.40798
2446966.08971 15.48160
2446967.08976 6.12946
2446968.08981 10.43361
2446969.08985 15.24076
2446970.08990 13.27508
2446971.08994 6.66624
2446972.08999 9.37732
2446973.09003 15.93961
2446974.09008 16.86030
2446975.09013 8.97182
2446976.09017 7.73244
2446977.09022 12.91896
2446978.09026 12.77227
2446979.09031 9.95025
2446980.09035 7.08721
2446981.09040 15.73062
2446982.09044 15.98352
2446983.09049 9.58047
2446984.09054 7.03565
2446985.09058 13.83079
2446986.09063 15.43621
2446987.09067 9.56985
2446988.09072 7.43515
2446989.09076 12.01913
2446990.09081 14.36351
2446991.09086 11.27632
2446992.09090 6.72849
2446993.09095 11.94396
2446994.09099 14.91965
2446995.09104 9.98354
2446996.09108 7.89041
2446997.09113 12.20917
2446998.09117 16.88733
2446999.09122 11.60142
2447000.09127 6.60280
2447001.09131 11.12874
2447002.09136 14.73242
2447003.09140 11.94721
2447004.09145 8.33228
2447005.09149 8.97665
2447006.09154 17.54095
2447192.10003 9.95701
2447193.10007 5.70727
2447194.10012 6.79475
2447195.10016 11.80789
2447196.10021 11.75780
2447197.10026 5.24252
2447198.10030 5.62880
2447199.10035 10.26637
2447200.10039 12.35930
2447201.10044 5.72152
2447202.10048 5.35819
2447203.10053 11.60154
2447204.10057 12.72501
2447205.10062 6.35315
2447206.10067 4.97487
2447207.10071 9.27298
2447208.10076 11.50082
2447209.10080 6.49065
2447210.10085 3.84986
2447211.10089 7.53608
2447212.10094 12.15731
2447213.10099 9.23598
2447214.10103 3.89835
2447215.10108 8.28878
2447216.10112 11.93697
2447217.10117 9.37119
2447218.10121 4.90793
2447219.10126 6.95244
2447220.10131 13.12606
2447221.10135 8.43419
2447222.10140 4.96787
2447223.10144 6.13214
2447224.10149 13.57815
2447225.10153 10.51059
2447226.10158 4.91209
2447227.10162 6.11795
2447228.10167 11.28364
2447229.10172 12.44074
2447230.10176 4.67243
2447231.10181 5.50155
2447232.10185 10.80692
2447233.10190 12.11347
2447234.10194 5.32206
2447235.10199 4.59317
2447236.10204 9.44749
2447237.10208 12.38991
2447238.10213 6.21033
2447239.10217 3.92141
2447240.10222 9.80032
2447241.10226 12.52763
2447242.10231 6.42438
2447243.10235 3.79120
2447244.10240 8.16200
2447245.10245 15.44329
2447246.10249 8.34832
2447247.10254 3.76403
2447248.10258 9.23558
2447249.10263 10.04673
2447250.10267 6.15338
2447251.10272 3.47462
2447252.10277 6.42608
2447253.10281 12.11719
2447254.10286 9.16618
2447255.10290 4.04719
2447256.10295 5.90026
2447257.10299 12.65196
2447258.10304 9.68027
2447259.10308 4.05709
2447260.10313 5.59566
2447261.10318 13.42825
2447262.10322 10.19443
2447263.10327 5.01068
2447264.10331 4.79603
2447265.10336 12.15331
2447266.10340 10.80048
2447267.10345 4.54520
2447268.10350 4.88336
2447269.10354 10.40683
2447270.10359 8.32208
2447271.10363 3.63296
2447272.10368 4.59379
2447273.10372 11.29435
2447274.10377 13.92325
2447275.10381 5.84134
2447276.10386 3.19435
2447277.10391 8.92839
2447278.10395 11.98154
2447279.10400 5.86654
2447280.10404 3.94141
2447281.10409 10.44683
2447282.10413 12.67628
2447283.10418 7.22345
2447284.10423 2.80952
2447285.10427 8.92166
2447286.10432 12.18918
2447287.10436 7.72274
2447288.10441 3.35761
2447289.10445 6.51127
2447290.10450 12.13987
2447291.10455 7.41502
2447292.10459 3.67088
2447293.10464 6.06290
2447294.10468 13.05814
2447295.10473 9.15746
2447296.10477 3.49712
2447297.10482 4.72809
2447298.10486 12.17700
2447299.10491 9.09928
2447300.10496 3.70889
2447301.10500 4.69819
2447302.10505 10.95060
2447303.10509 8.73086
2447304.10514 4.25790
2447305.10518 4.42368
2447306.10523 9.83564
2447307.10528 10.74302
2447308.10532 4.99010
2447309.10537 3.55189
2447310.10541 8.55906
2447311.10546 11.30588
2447312.10550 6.08673
2447313.10555 2.87205
2447314.10559 8.46892
2447315.10564 9.98550
2447316.10569 6.80191
2447317.10573 2.91748
2447318.10578 7.33003
2447319.10582 11.80706
2447320.10587 6.09569
2447321.10591 2.51917
2447322.10596 6.15100
2447323.10601 10.43483
2447324.10605 8.69192
2447325.10610 2.60094
2447326.10614 6.69395
2447327.10619 10.56663
2447328.10623 8.99932
2447329.10628 2.63384
2447330.10632 5.63507
2447331.10637 11.31190
2447332.10642 11.14444
2447333.10646 3.39037
2447334.10651 4.58738
2447335.10655 11.59571
2447336.10660 11.72537
2447337.10664 2.98054
2447338.10669 3.85233
2447339.10674 10.09615
2447340.10678 9.77826
2447341.10683 3.90290
2447342.10687 3.14993
2447343.10692 11.09937
2447344.10696 9.13877
2447345.10701 4.51099
2447346.10705 3.46781
2447347.10710 9.01710
2447348.10715 9.92011
2447349.10719 4.53372
2447350.10724 2.70743
2447351.10728 7.66687
2447352.10733 11.45076
2447353.10737 5.09817
2447354.10742 2.73258
2447355.10747 7.59188
2447356.10751 11.53137
2447357.10756 7.60522
2447358.10760 2.30770
2447359.10765 6.21152
2447360.10769 10.66333
2447361.10774 7.23056
2447362.10778 2.40990
2447363.10783 5.40533
2447364.10788 8.86594
2447365.10792 7.62863
2447366.10797 2.67422
2447367.10801 5.18967
2447368.10806 12.11785
2447369.10810 10.46513
2447370.10815 3.07251
2447371.10820 5.00160
2447557.11668 9.18916
2447558.11673 9.68296
2447559.11677 2.49283
2447560.11682 1.99948
2447561.11687 8.51778
2447562.11691 8.57099
2447563.11696 2.66653
2447564.11700 1.30208
2447565.11705 7.74765
2447566.11709 8.46858
2447567.11714 3.26215
2447568.11719 0.75127
2447569.11723 7.70173
2447570.11728 9.17649
2447571.11732 4.21138
2447572.11737 0.84934
2447573.11741 5.97656
2447574.11746 10.88863
2447575.11750 4.17119
2447576.11755 0.78077
2447577.11760 5.55952
2447578.11764 9.71361
2447579.11769 6.29215
2447580.11773 0.57481
2447581.11778 4.10664
2447582.11782 10.73828
2447583.11787 5.07438
2447584.11792 0.84827
2447585.11796 3.65240
2447586.11801 10.91993
2447587.11805 5.83819
2447588.11810 1.25587
2447589.11814 2.59976
2447590.11819 8.35150
2447591.11823 6.65067
2447592.11828 1.31673
2447593.11833 2.19224
2447594.11837 7.33290
2447595.11842 8.74344
2447596.11846 1.84687
2447597.11851 1.35896
2447598.11855 7.25797
2447599.11860 8.90153
2447600.11865 2.49670
2447601.11869 1.09164
2447602.11874 7.48136
2447603.11878 9.94567
2447604.11883 3.12895
2447605.11887 0.66660
2447606.11892 6.31358
2447607.11897 9.65138
2447608.11901 3.36556
2447609.11906 0.47859
2447610.11910 5.10255
2447611.11915 9.13963
2447612.11919 4.32640
2447613.11924 0.46794
2447614.11928 3.95632
2447615.11933 7.84636
2447616.11938 5.24967
2447617.11942 0.47289
2447618.11947 3.36103
2447619.11951 8.61536
2447620.11956 5.91603
2447621.11960 0.63064
2447622.11965 3.23003
2447623.11970 8.30912
2447624.11974 7.87044
2447625.11979 1.00334
2447626.11983 2.28000
2447627.11988 8.58415
2447628.11992 7.58442
2447629.11997 1.53918
2447630.12001 1.73791
2447631.12006 8.61499
2447632.12011 8.08084
2447633.12015 2.17313
2447634.12020 1.47477
2447635.12024 7.54985
2447636.12029 8.28390
2447637.12033 2.62305
2447638.12038 0.85187
2447639.12043 7.86072
2447640.12047 8.92646
2447641.12052 3.04190
2447642.12056 0.52050
2447643.12061 5.27066
2447644.12065 9.59180
2447645.12070 3.57322
2447646.12074 0.38778
2447647.12079 4.55413
2447648.12084 9.30410
2447649.12088 5.17412
2447650.12093 0.22319
2447651.12097 5.34645
2447652.12102 8.76737
2447653.12106 5.46783
2447654.12111 0.37216
2447655.12116 3.94261
2447656.12120 9.24174
2447657.12125 6.73461
2447658.12129 0.57845
2447659.12134 3.45090
2447660.12138 9.16210
2447661.12143 8.15321
2447662.12147 0.95026
2447663.12152 1.84023
2447664.12157 10.46812
2447665.12161 7.01518
2447666.12166 1.50304
2447667.12170 1.63474
2447668.12175 8.61363
2447669.12179 7.43938
2447670.12184 1.95934
2447671.12189 1.07796
2447672.12193 8.31602
2447673.12198 8.80836
2447674.12202 2.69547
2447675.12207 0.53891
2447676.12211 6.44667
2447677.12216 9.13552
2447678.12220 3.22165
2447679.12225 0.42502
2447680.12230 5.55707
2447681.12234 9.03409
2447682.12239 4.34104
2447683.12243 0.16569
2447684.12248 5.29563
2447685.12252 8.77337
2447686.12257 4.21351
2447687.12262 0.17889
2447688.12266 4.74147
2447689.12271 9.96938
2447690.12275 5.31784
2447691.12280 0.28723
2447692.12284 3.75765
2447693.12289 8.77746
2447694.12294 5.69793
2447695.12298 0.45390
2447696.12303 2.95502
2447697.12307 8.51698
2447698.12312 6.09685
2447699.12316 0.68850
2447700.12321 2.22238
2447701.12325 7.68947
2447702.12330 7.67642
2447703.12335 1.44272
2447704.12339 1.26254
2447705.12344 7.57624
2447706.12348 7.83258
2447707.12353 1.90743
2447708.12357 1.06441
2447709.12362 6.06715
2447710.12367 8.88505
2447711.12371 2.72864
2447712.12376 0.53933
2447713.12380 6.22592
2447714.12385 9.09542
2447715.12389 3.28138
2447716.12394 0.28767
2447717.12398 5.88949
2447718.12403 8.05387
2447719.12408 4.29965
2447720.12412 0.13609
2447721.12417 4.90001
2447722.12421 7.65709
2447723.12426 4.61839
2447724.12430 0.10595
2447725.12435 3.57514
2447726.12440 8.61967
2447727.12444 4.66346
2447728.12449 0.23163
2447729.12453 3.33394
2447730.12458 7.31085
2447731.12462 6.37571
2447732.12467 0.45901
2447733.12471 2.69184
2447734.12476 8.10553
2447735.12481 6.29382
2447736.12485 0.76261
2447922.13334 1.66614
2447923.13339 7.94251
2447924.13343 8.27986
2447925.13348 1.98206
2447926.13352 1.21422
2447927.13357 7.09155
2447928.13361 10.80091
2447929.13366 2.46672
2447930.13370 0.83219
2447931.13375 8.90433
2447932.13380 9.37852
2447933.13384 2.92218
2447934.13389 0.66500
2447935.13393 5.44690
2447936.13398 10.08166
2447937.13402 4.06409
2447938.13407 0.45149
2447939.13412 6.09916
2447940.13416 9.88435
2447941.13421 5.41593
2447942.13425 0.48304
2447943.13430 4.30490
2447944.13434 9.90646
2447945.13439 6.41090
2447946.13443 0.59402
2447947.13448 4.44825
2447948.13453 9.96757
2447949.13457 6.61720
2447950.13462 0.85990
2447951.13466 3.11042
2447952.13471 7.79623
2447953.13475 7.13046
2447954.13480 1.24090
2447955.13485 2.32308
2447956.13489 8.80701
2447957.13494 7.86168
2447958.13498 1.83293
2447959.13503 1.97885
2447960.13507 8.15690
2447961.13512 7.26036
2447962.13516 2.69620
2447963.13521 1.36176
2447964.13526 7.37685
2447965.13530 8.57089
2447966.13535 2.80927
2447967.13539 1.17213
2447968.13544 7.71972
2447969.13548 9.63576
2447970.13553 3.64298
2447971.13558 0.81691
2447972.13562 6.11669
2447973.13567 9.27332
2447974.13571 4.60341
2447975.13576 0.62240
2447976.13580 5.46894
2447977.13585 9.74592
2447978.13589 5.55823
2447979.13594 0.62386
2447980.13599 4.91599
2447981.13603 8.65423
2447982.13608 5.68260
2447983.13612 0.76837
2447984.13617 3.44766
2447985.13621 10.30233
2447986.13626 6.12923
2447987.13631 1.01030
2447988.13635 3.56968
2447989.13640 8.54640
2447990.13644 7.35681
2447991.13649 1.33236
2447992.13653 2.75252
2447993.13658 9.39256
2447994.13662 8.74173
2447995.13667 2.09562
2447996.13672 2.00379
2447997.13676 7.72505
2447998.13681 7.98691
2447999.13685 2.92514
2448000.13690 1.65073
2448001.13694 7.03489
2448002.13699 9.18463
2448003.13704 3.17368
2448004.13708 1.05401
2448005.13713 7.01944
2448006.13717 9.09126
2448007.13722 3.62991
2448008.13726 0.82138
2448009.13731 5.21935
2448010.13736 9.33767
2448011.13740 4.74954
2448012.13745 0.79259
2448013.13749 5.80531
2448014.13754 9.71605
2448015.13758 5.90639
2448016.13763 0.88905
2448017.13767 4.34006
2448018.13772 9.84158
2448019.13777 5.56664
2448020.13781 1.13262
2448021.13786 3.61638
2448022.13790 10.42834
2448023.13795 6.88704
2448024.13799 1.51722
2448025.13804 2.93950
2448026.13809 8.62174
2448027.13813 8.13260
2448028.13818 1.99747
2448029.13822 3.14362
2448030.13827 8.86870
2448031.13831 10.02488
2448032.13836 2.24610
2448033.13840 2.39667
2448034.13845 7.53181
2448035.13850 9.39225
2448036.13854 2.24508
2448037.13859 1.52935
2448038.13863 8.07403
2448039.13868 8.21288
2448040.13872 3.78083
2448041.13877 1.52450
2448042.13882 6.69393
2448043.13886 8.82937
2448044.13891 4.16917
2448045.13895 1.08018
2448046.13900 6.27135
2448047.13904 10.07583
2448048.13909 5.00425
2448049.13913 1.31103
2448050.13918 5.19787
2448051.13923 11.43766
2448052.13927 5.33951
2448053.13932 1.19148
2448054.13936 5.44158
2448055.13941 11.10389
2448056.13945 6.46398
2448057.13950 1.45068
2448058.13955 4.32842
2448059.13959 9.25296
2448060.13964 7.96418
2448061.13968 2.00805
2448062.13973 3.65006
2448063.13977 10.00054
2448064.13982 8.75354
2448065.13986 1.81837
2448066.13991 3.01579
2448067.13996 8.11721
2448068.14000 8.30733
2448069.14005 3.25026
2448070.14009 2.30481
2448071.14014 7.87922
2448072.14018 10.44109
2448073.14023 2.99323
2448074.14028 1.85966
2448075.14032 8.88719
2448076.14037 9.83102
2448077.14041 3.38711
2448078.14046 1.73202
2448079.14050 6.94240
2448080.14055 11.65260
2448081.14060 4.48501
2448082.14064 1.61611
2448083.14069 7.67282
2448084.14073 9.40478
2448085.14078 5.45895
2448086.14082 1.46713
2448087.14087 5.28714
2448088.14091 10.60934
2448089.14096 6.22439
2448090.14101 1.45812
2448091.14105 5.07787
2448092.14110 10.32209
2448093.14114 7.27220
2448094.14119 1.60611
2448095.14123 4.10765
2448096.14128 9.92063
2448097.14133 7.87074
2448098.14137 1.95804
2448099.14142 3.81233
2448100.14146 7.94726
2448101.14151 7.97167
2448288.15004 4.48582
2448289.15009 9.85334
2448290.15013 13.37441
2448291.15018 5.43485
2448292.15022 4.27229
2448293.15027 9.69829
2448294.15031 11.93757
2448295.15036 5.39243
2448296.15041 3.82721
2448297.15045 8.64624
2448298.15050 11.95359
2448299.15054 5.13945
2448300.15059 3.29255
2448301.15063 10.13966
2448302.15068 13.54523
2448303.15073 8.72846
2448304.15077 4.16611
2448305.15082 8.67375
2448306.15086 12.01759
2448307.15091 7.64210
2448308.15095 4.16670
2448309.15100 7.45667
2448310.15104 15.66315
2448311.15109 8.98992
2448312.15114 4.72817
2448313.15118 6.60831
2448314.15123 14.00707
2448315.15127 11.81487
2448316.15132 3.84812
2448317.15136 5.76905
2448318.15141 10.80840
2448319.15146 9.48605
2448320.15150 5.05842
2448321.15155 5.37043
2448322.15159 11.69972
2448323.15164 12.09413
2448324.15168 4.31833
2448325.15173 5.61796
2448326.15178 10.73735
2448327.15182 12.64391
2448328.15187 6.32485
2448329.15191 5.20484
2448330.15196 10.42065
2448331.15200 9.80238
2448332.15205 6.71781
2448333.15209 4.37728
2448334.15214 8.85262
2448335.15219 12.95511
2448336.15223 7.18743
2448337.15228 3.57434
2448338.15232 9.79105
2448339.15237 12.23048
2448340.15241 7.92862
2448341.15246 3.90685
2448342.15251 9.50145
2448343.15255 12.97065
2448344.15260 9.15247
2448345.15264 4.01148
2448346.15269 8.09997
2448347.15273 14.70282
2448348.15278 10.52255
2448349.15282 4.73144
2448350.15287 7.48015
2448351.15292 10.99639
2448352.15296 9.71431
2448353.15301 4.68571
2448354.15305 5.94604
2448355.15310 11.11430
2448356.15314 9.22817
2448357.15319 4.54872
2448358.15324 5.68882
2448359.15328 11.92601
2448360.15333 11.03249
2448361.15337 5.87906
2448362.15342 5.12036
2448363.15346 12.73671
2448364.15351 12.31456
2448365.15355 6.95001
2448366.15360 5.07020
2448367.15365 9.35464
2448368.15369 12.82428
2448369.15374 6.33829
2448370.15378 4.65054
2448371.15383 9.45504
2448372.15387 13.75178
2448373.15392 6.93963
2448374.15397 4.56513
2448375.15401 10.05856
2448376.15406 14.64016
2448377.15410 8.15240
2448378.15415 4.55416
2448379.15419 8.95741
2448380.15424 15.54966
2448381.15428 8.21472
2448382.15433 4.24104
2448383.15438 10.35052
2448384.15442 13.01343
2448385.15447 8.46712
2448386.15451 4.63015
2448387.15456 5.35161
2448388.15460 13.48080
2448389.15465 12.10693
2448390.15470 4.80891
2448391.15474 6.45035
2448392.15479 14.01360
2448393.15483 9.81490
2448394.15488 5.01674
2448395.15492 6.06669
2448396.15497 11.45348
2448397.15502 12.14621
2448398.15506 5.56646
2448399.15511 5.85984
2448400.15515 11.67123
2448401.15520 13.74927
2448402.15524 7.18943
2448403.15529 5.48118
2448404.15533 9.60958
2448405.15538 14.10393
2448406.15543 7.53376
2448407.15547 5.03522
2448408.15552 11.67148
2448409.15556 12.74058
2448410.15561 9.74067
2448411.15565 5.71860
2448412.15570 10.60054
2448413.15575 12.52407
2448414.15579 7.34107
2448415.15584 5.54405
2448416.15588 9.24161
2448417.15593 12.87445
2448418.15597 11.40891
2448419.15602 4.70070
2448420.15606 8.07347
2448421.15611 14.52964
2448422.15616 9.77944
2448423.15620 5.35395
2448424.15625 8.59934
2448425.15629 13.85866
2448426.15634 13.22247
2448427.15638 6.46380
2448428.15643 7.13786
2448429.15648 10.13145
2448430.15652 11.06701
2448431.15657 6.79278
2448432.15661 5.56317
2448433.15666 12.34599
2448434.15670 13.48836
2448435.15675 7.93213
2448436.15679 5.77465
2448437.15684 11.42768
2448438.15689 13.48001
2448439.15693 7.87029
2448440.15698 5.68767
2448441.15702 12.80673
2448442.15707 12.82816
2448443.15711 8.45548
2448444.15716 5.79201
2448445.15721 10.47699
2448446.15725 15.40372
2448447.15730 9.28608
2448448.15734 5.86954
2448449.15739 10.40294
2448450.15743 14.88896
2448451.15748 9.33524
2448452.15752 5.12225
2448453.15757 10.64776
2448454.15762 15.26721
2448455.15766 9.67664
2448456.15771 5.72772
2448457.15775 6.69646
2448458.15780 13.41325
2448459.15784 12.68049
2448460.15789 5.83971
2448461.15794 8.20660
2448462.15798 9.76249
2448463.15803 11.82869
2448464.15807 6.53719
2448465.15812 7.84690
2448466.15816 14.92122
2448467.15821 12.71438
2448653.16670 9.26706
2448654.16674 7.59713
2448655.16679 14.56876
2448656.16683 14.05032
2448657.16688 8.22961
2448658.16693 7.48281
2448659.16697 16.40125
2448660.16702 16.03234
2448661.16706 11.07134
2448662.16711 7.72174
2448663.16715 11.14257
2448664.16720 18.32367
2448665.16724 9.09340
2448666.16729 7.56713
2448667.16734 12.78912
2448668.16738 17.29246
2448669.16743 11.52145
2448670.16747 6.54139
2448671.16752 11.16114
2448672.16756 15.65129
2448673.16761 12.20911
2448674.16766 8.93982
2448675.16770 10.03139
2448676.16775 17.30723
2448677.16779 14.24011
2448678.16784 9.22157
2448679.16788 10.59048
2448680.16793 17.86799
2448681.16797 14.50611
2448682.16802 9.18268
2448683.16807 8.58536
2448684.16811 11.92305
2448685.16816 16.02042
2448686.16820 9.70074
2448687.16825 10.00252
2448688.16829 14.90182
2448689.16834 18.41932
2448690.16839 9.44276
2448691.16843 9.46717
2448692.16848 16.06928
2448693.16852 19.36467
2448694.16857 10.24306
2448695.16861 8.15776
2448696.16866 12.35638
2448697.16870 19.52853
2448698.16875 11.79932
2448699.16880 8.87405
2448700.16884 18.16208
2448701.16889 17.71829
2448702.16893 10.53145
2448703.16898 8.21367
2448704.16902 11.84770
2448705.16907 16.60224
2448706.16912 12.39481
2448707.16916 7.90451
2448708.16921 10.67119
2448709.16925 20.03181
2448710.16930 14.12858
2448711.16934 8.35627
2448712.16939 12.56857
2448713.16944 17.94960
2448714.16948 14.89691
2448715.16953 9.43395
2448716.16957 11.15126
2448717.16962 18.00939
2448718.16966 16.37556
2448719.16971 9.38088
2448720.16975 10.15267
2448721.16980 19.02197
2448722.16985 15.13285
2448723.16989 10.12410
2448724.16994 10.24292
2448725.16998 15.03570
2448726.17003 15.13924
2448727.17007 9.98529
2448728.17012 8.92231
2448729.17017 13.18621
2448730.17021 15.84078
2448731.17026 11.33385
2448732.17030 10.18582
2448733.17035 15.61180
2448734.17039 12.80609
2448735.17044 12.54463
2448736.17048 8.32603
2448737.17053 14.73447
2448738.17058 17.51447
2448739.17062 12.33415
2448740.17067 8.63368
2448741.17071 13.34111
2448742.17076 20.01534
2448743.17080 13.35496
2448744.17085 9.70993
2448745.17090 13.82828
2448746.17094 18.78969
2448747.17099 11.64669
2448748.17103 9.92378
2448749.17108 11.37989
2448750.17112 18.70458
2448751.17117 13.49651
2448752.17121 8.12962
2448753.17126 13.47426
2448754.17131 15.52761
2448755.17135 17.46654
2448756.17140 9.75233
2448757.17144 10.18863
2448758.17149 16.69576
2448759.17153 14.19654
2448760.17158 10.14859
2448761.17163 9.00608
2448762.17167 15.62519
2448763.17172 18.44239
2448764.17176 11.05524
2448765.17181 8.22833
2448766.17185 17.01462
2448767.17190 17.32420
2448768.17194 10.85448
2448769.17199 10.02783
2448770.17204 14.77133
2448771.17208 15.61523
2448772.17213 14.48936
2448773.17217 9.10757
2448774.17222 14.20148
2448775.17226 17.16403
2448776.17231 14.55451
2448777.17236 8.56934
2448778.17240 11.48865
2448779.17245 16.75087
2448780.17249 15.65448
2448781.17254 9.85353
2448782.17258 12.52724
2448783.17263 20.38035
2448784.17268 15.70694
2448785.17272 9.03298
2448786.17277 11.94062
2448787.17281 18.32253
2448788.17286 14.09619
2448789.17290 9.59533
2448790.17295 11.82505
2448791.17299 14.49240
2448792.17304 15.77866
2448793.17309 9.71654
2448794.17313 11.98003
2448795.17318 13.87618
2448796.17322 16.07979
2448797.17327 10.04767
2448798.17331 11.32974
2448799.17336 16.42341
2448800.17341 20.36084
2448801.17345 11.92471
2448802.17350 9.50341
2448803.17354 16.27281
2448804.17359 17.07063
2448805.17363 12.90760
2448806.17368 8.31660
2448807.17372 13.96952
2448808.17377 18.83620
2448809.17382 14.19204
2448810.17386 7.33188
2448811.17391 16.50506
2448812.17395 17.95111
2448813.17400 10.90110
2448814.17404 6.53555
2448815.17409 11.66866
2448816.17414 18.22944
2448817.17418 14.13688
2448818.17423 10.00302
2448819.17427 12.32418
2448820.17432 16.17623
2448821.17436 14.39696
2448822.17441 9.63904
2448823.17445 12.61374
2448824.17450 16.56932
2448825.17455 17.19038
2448826.17459 9.31480
2448827.17464 10.64853
2448828.17468 16.70524
2448829.17473 18.23361
2448830.17477 10.23648
2448831.17482 10.29410
2448832.17487 18.82078
2449018.18335 22.28597
2449019.18340 12.50559
2449020.18344 12.46859
2449021.18349 18.88148
2449022.18354 17.64357
2449023.18358 12.95408
2449024.18363 9.36791
2449025.18367 16.08755
2449026.18372 17.89588
2449027.18376 13.09751
2449028.18381 9.72605
2449029.18386 15.24172
2449030.18390 20.30129
2449031.18395 14.23824
2449032.18399 8.47032
2449033.18404 13.82078
2449034.18408 16.39119
2449035.18413 15.55713
2449036.18417 10.96550
2449037.18422 14.53916
2449038.18427 17.73191
2449039.18431 16.34650
2449040.18436 10.10151
2449041.18440 11.90680
2449042.18445 20.44916
2449043.18449 18.05152
2449044.18454 11.91919
2449045.18459 11.96420
2449046.18463 20.90789
2449047.18468 16.50917
2449048.18472 12.02874
2449049.18477 11.48706
2449050.18481 17.84510
2449051.18486 13.62078
2449052.18490 11.44568
2449053.18495 11.65943
2449054.18500 16.97944
2449055.18504 21.73267
2449056.18509 10.96256
2449057.18513 10.47597
2449058.18518 15.52823
2449059.18522 17.82805
2449060.18527 14.42995
2449061.18532 12.35209
2449062.18536 15.22831
2449063.18541 17.79453
2449064.18545 12.21268
2449065.18550 11.92134
2449066.18554 17.38730
2449067.18559 19.13719
2449068.18563 12.53839
2449069.18568 9.08948
2449070.18573 15.12519
2449071.18577 20.43513
2449072.18582 12.17428
2449073.18586 10.16196
2449074.18591 16.39232
2449075.18595 18.84799
2449076.18600 18.50218
2449077.18605 11.36643
2449078.18609 11.92051
2449079.18614 18.47647
2449080.18618 16.60983
2449081.18623 9.92838
2449082.18627 11.44743
2449083.18632 21.49165
2449084.18636 15.78273
2449085.18641 12.61876
2449086.18646 11.52388
2449087.18650 18.16262
2449088.18655 19.09749
2449089.18659 11.19860
2449090.18664 12.16114
2449091.18668 14.03262
2449092.18673 19.39341
2449093.18678 9.43074
2449094.18682 10.81535
2449095.18687 18.44771
2449096.18691 20.14273
2449097.18696 11.48860
2449098.18700 9.48314
2449099.18705 15.16495
2449100.18710 19.58650
2449101.18714 11.10323
2449102.18719 10.52205
2449103.18723 16.02021
2449104.18728 18.81780
2449105.18732 15.46736
2449106.18737 10.69662
2449107.18741 13.96763
2449108.18746 15.62045
2449109.18751 15.66872
2449110.18755 9.51837
2449111.18760 13.19299
2449112.18764 20.16564
2449113.18769 18.51092
2449114.18773 10.66914
2449115.18778 13.99993
2449116.18783 16.24470
2449117.18787 17.34027
2449118.18792 10.95722
2449119.18796 14.12161
2449120.18801 17.60409
2449121.18805 17.15172
2449122.18810 12.66434
2449123.18814 11.84559
2449124.18819 16.11276
2449125.18824 22.77956
2449126.18828 10.69029
2449127.18833 11.34897
2449128.18837 18.14688
2449129.18842 19.12280
2449130.18846 12.36112
2449131.18851 10.79013
2449132.18856 16.48041
2449133.18860 16.87021
2449134.18865 16.14246
2449135.18869 10.44442
2449136.18874 17.12038
2449137.18878 18.58884
2449138.18883 13.52152
2449139.18887 10.01264
2449140.18892 13.01099
2449141.18897 19.03578
2449142.18901 14.17621
2449143.18906 11.65402
2449144.18910 12.87339
2449145.18915 18.21245
2449146.18919 14.14335
2449147.18924 12.02081
2449148.18929 12.65215
2449149.18933 20.25547
2449150.18938 17.86108
2449151.18942 10.55203
2449152.18947 11.31402
2449153.18951 16.32034
2449154.18956 18.44154
2449155.18960 9.64399
2449156.18965 12.92331
2449157.18970 18.71128
2449158.18974 18.28302
2449159.18979 12.01632
2449160.18983 10.71914
2449161.18988 16.23761
2449162.18992 19.47276
2449163.18997 11.25934
2449164.19002 8.19241
2449165.19006 18.52094
2449166.19011 16.69908
2449167.19015 13.23033
2449168.19020 12.39807
2449169.19024 16.74453
2449170.19029 20.86239
2449171.19033 13.53444
2449172.19038 12.26174
2449173.19043 14.28672
2449174.19047 19.17782
2449175.19052 15.01018
2449176.19056 10.20933
2449177.19061 16.97130
2449178.19065 18.45104
2449179.19070 17.88674
2449180.19075 12.56342
2449181.19079 14.84658
2449182.19084 20.30530
2449183.19088 17.43223
2449184.19093 9.21147
2449185.19097 11.87781
2449186.19102 21.46363
2449187.19107 16.75598
2449188.19111 10.42808
2449189.19116 12.95145
2449190.19120 14.28898
2449191.19125 16.67314
2449192.19129 10.18030
2449193.19134 13.38274
2449194.19138 20.17298
2449195.19143 18.63511
2449196.19148 11.91401
2449197.19152 9.90767
2449383.20001 17.34147
2449384.20005 18.57489
2449385.20010 12.87240
2449386.20015 11.88972
2449387.20019 13.02882
2449388.20024 17.11829
2449389.20028 11.20792
2449390.20033 9.63601
2449391.20037 14.95384
2449392.20042 17.60158
2449393.20047 14.13006
2449394.20051 8.23919
2449395.20056 12.67428
2449396.20060 16.25301
2449397.20065 13.05741
2449398.20069 8.04866
2449399.20074 13.28093
2449400.20078 17.76035
2449401.20083 13.15711
2449402.20088 10.03126
2449403.20092 12.47773
2449404.20097 19.77852
2449405.20101 14.70244
2449406.20106 9.38133
2449407.20110 11.12623
2449408.20115 17.55796
2449409.20120 16.78307
2449410.20124 9.30713
2449411.20129 11.65374
2449412.20133 15.74922
2449413.20138 17.51163
2449414.20142 9.53516
2449415.20147 11.33071
2449416.20152 16.70798
2449417.20156 19.35841
2449418.20161 9.41032
2449419.20165 8.43335
2449420.20170 14.99341
2449421.20174 14.84462
2449422.20179 9.68378
2449423.20183 10.03938
2449424.20188 15.26759
2449425.20193 16.70356
2449426.20197 11.44167
2449427.20202 8.58250
2449428.20206 16.90993
2449429.20211 16.43230
2449430.20215 10.94366
2449431.20220 9.64052
2449432.20225 13.42507
2449433.20229 21.42742
2449434.20234 12.63980
2449435.20238 9.61264
2449436.20243 14.31410
2449437.20247 16.80353
2449438.20252 13.02660
2449439.20256 9.59000
2449440.20261 12.81986
2449441.20266 15.05299
2449442.20270 13.11113
2449443.20275 6.80857
2449444.20279 12.04003
2449445.20284 16.74547
2449446.20288 15.18977
2449447.20293 7.84240
2449448.20298 9.48889
2449449.20302 15.94775
2449450.20307 14.95716
2449451.20311 9.98349
2449452.20316 10.61581
2449453.20320 19.87056
2449454.20325 16.51231
2449455.20329 11.55271
2449456.20334 8.70649
2449457.20339 12.94637
2449458.20343 16.35709
2449459.20348 9.24321
2449460.20352 9.07938
2449461.20357 13.67695
2449462.20361 13.87800
2449463.20366 13.69630
2449464.20371 8.28613
2449465.20375 11.76254
2449466.20380 18.98363
2449467.20384 11.47875
2449468.20389 9.50974
2449469.20393 12.29367
2449470.20398 16.51444
2449471.20402 13.56227
2449472.20407 9.03025
2449473.20412 13.41667
2449474.20416 17.20981
2449475.20421 14.56695
2449476.20425 9.24778
2449477.20430 11.90053
2449478.20434 16.89679
2449479.20439 12.43368
2449480.20444 9.34418
2449481.20448 10.95706
2449482.20453 16.09678
2449483.20457 17.12471
2449484.20462 7.84077
2449485.20466 11.89320
2449486.20471 16.28845
2449487.20475 16.26621
2449488.20480 9.20881
2449489.20485 7.99536
2449490.20489 15.53459
2449491.20494 16.80358
2449492.20498 10.80866
2449493.20503 8.89135
2449494.20507 11.78633
2449495.20512 14.08286
2449496.20517 12.94280
2449497.20521 7.71086
2449498.20526 16.41870
2449499.20530 15.34312
2449500.20535 11.20507
2449501.20539 8.88578
2449502.20544 12.47633
2449503.20549 19.79119
2449504.20553 12.21725
2449505.20558 8.57519
2449506.20562 12.44430
2449507.20567 18.21642
2449508.20571 14.88233
2449509.20576 8.05660
2449510.20580 14.04890
2449511.20585 15.93741
2449512.20590 14.61064
2449513.20594 8.66592
2449514.20599 9.99071
2449515.20603 17.08773
2449516.20608 14.27452
2449517.20612 7.76326
2449518.20617 10.80884
2449519.20622 16.59920
2449520.20626 14.79474
2449521.20631 8.77201
2449522.20635 9.65820
2449523.20640 15.29120
2449524.20644 15.68632
2449525.20649 8.68795
2449526.20653 11.56487
2449527.20658 13.13370
2449528.20663 15.01466
2449529.20667 9.33531
2449530.20672 10.38626
2449531.20676 12.68674
2449532.20681 17.01403
2449533.20685 10.71491
2449534.20690 8.50081
2449535.20695 15.59319
2449536.20699 18.58816
2449537.20704 10.63190
2449538.20708 8.10288
2449539.20713 10.65195
2449540.20717 16.86636
2449541.20722 10.90685
2449542.20726 7.65458
2449543.20731 10.21330
2449544.20736 17.37308
2449545.20740 10.44019
2449546.20745 7.89881
2449547.20749 10.06602
2449548.20754 15.15350
2449549.20758 14.82307
2449550.20763 8.36252
2449551.20768 11.91220
2449552.20772 18.83556
2449553.20777 12.89105
2449554.20781 9.35972
2449555.20786 8.48249
2449556.20790 17.09099
2449557.20795 13.87810
2449558.20799 7.70855
2449559.20804 9.82709
2449560.20809 16.85694
2449561.20813 16.53798
2449562.20818 9.15768
2449749.21671 12.28756
2449750.21676 14.42222
2449751.21680 8.02910
2449752.21685 5.99410
2449753.21689 11.62124
2449754.21694 15.13988
2449755.21698 7.08230
2449756.21703 5.31536
2449757.21708 9.13462
2449758.21712 14.49060
2449759.21717 10.66721
2449760.21721 4.96725
2449761.21726 9.91246
2449762.21730 15.17405
2449763.21735 7.83880
2449764.21740 4.90488
2449765.21744 9.29711
2449766.21749 9.93055
2449767.21753 9.55925
2449768.21758 5.84753
2449769.21762 8.99080
2449770.21767 14.23809
2449771.21771 12.27070
2449772.21776 5.60595
2449773.21781 7.82518
2449774.21785 12.92262
2449775.21790 12.04389
2449776.21794 5.45935
2449777.21799 7.56658
2449778.21803 14.80401
2449779.21808 14.18402
2449780.21813 6.01988
2449781.21817 5.52137
2449782.21822 13.81769
2449783.21826 13.63554
2449784.21831 7.04151
2449785.21835 5.23330
2449786.21840 12.06480
2449787.21844 11.85198
2449788.21849 7.90623
2449789.21854 5.89783
2449790.21858 12.59095
2449791.21863 14.49924
2449792.21867 6.98760
2449793.21872 4.99818
2449794.21876 12.17973
2449795.21881 12.47220
2449796.21886 8.76391
2449797.21890 5.42051
2449798.21895 9.78619
2449799.21899 17.03037
2449800.21904 8.83722
2449801.21908 4.26132
2449802.21913 9.42955
2449803.21917 11.88633
2449804.21922 10.04375
2449805.21927 4.80946
2449806.21931 8.39522
2449807.21936 14.03864
2449808.21940 11.42049
2449809.21945 4.87546
2449810.21949 7.69063
2449811.21954 17.99319
2449812.21959 12.34038
2449813.21963 5.49101
2449814.21968 5.37172
2449815.21972 11.53320
2449816.21977 11.83056
2449817.21981 5.58457
2449818.21986 5.56335
2449819.21991 13.79146
2449820.21995 14.10728
2449821.22000 6.35164
2449822.22004 4.45926
2449823.22009 12.49183
2449824.22013 12.82644
2449825.22018 5.85883
2449826.22022 5.01952
2449827.22027 11.31665
2449828.22032 9.93516
2449829.22036 7.12176
2449830.22041 4.37423
2449831.22045 10.16270
2449832.22050 12.53594
2449833.22054 7.76834
2449834.22059 4.60262
2449835.22064 8.24560
2449836.22068 13.90102
2449837.22073 8.17203
2449838.22077 3.71054
2449839.22082 8.42885
2449840.22086 13.35149
2449841.22091 10.81369
2449842.22095 4.18666
2449843.22100 6.48825
2449844.22105 14.46243
2449845.22109 8.96059
2449846.22114 5.26502
2449847.22118 7.14089
2449848.22123 13.37550
2449849.22127 10.41349
2449850.22132 4.64079
2449851.22137 5.51684
2449852.22141 10.26443
2449853.22146 10.59059
2449854.22150 5.88831
2449855.22155 5.37696
2449856.22159 9.99778
2449857.22164 12.97953
2449858.22168 6.37558
2449859.22173 5.25490
2449860.22178 11.06517
2449861.22182 13.81040
2449862.22187 7.05707
2449863.22191 4.60884
2449864.22196 8.45873
2449865.22200 12.54419
2449866.22205 7.39399
2449867.22210 3.85808
2449868.22214 9.30372
2449869.22219 13.59185
2449870.22223 8.45753
2449871.22228 3.77426
2449872.22232 7.49630
2449873.22237 14.12815
2449874.22241 9.16902
2449875.22246 3.46927
2449876.22251 7.14011
2449877.22255 10.36182
2449878.22260 9.59658
2449879.22264 3.93430
2449880.22269 6.12610
2449881.22273 14.17948
2449882.22278 9.04435
2449883.22283 4.59295
2449884.22287 7.02984
2449885.22292 13.08236
2449886.22296 10.79579
2449887.22301 4.15024
2449888.22305 4.41257
2449889.22310 10.80757
2449890.22315 10.57316
2449891.22319 4.80217
2449892.22324 4.38935
2449893.22328 10.52980
2449894.22333 12.35086
2449895.22337 5.04178
2449896.22342 3.79342
2449897.22346 9.77035
2449898.22351 11.85804
2449899.22356 7.57658
2449900.22360 3.80852
2449901.22365 7.68367
2449902.22369 12.80169
2449903.22374 7.48222
2449904.22378 3.45533
2449905.22383 7.34513
2449906.22388 14.52388
2449907.22392 6.97799
2449908.22397 3.63269
2449909.22401 7.69447
2449910.22406 13.02260
2449911.22410 9.99198
2449912.22415 3.64234
2449913.22419 6.36083
2449914.22424 13.42182
2449915.22429 8.65287
2449916.22433 3.67911
2449917.22438 5.19192
2449918.22442 10.54383
2449919.22447 9.94441
2449920.22451 4.05892
2449921.22456 4.35003
2449922.22461 11.87642
2449923.22465 9.62837
2449924.22470 4.87654
2449925.22474 4.43404
2449926.22479 9.55267
2449927.22483 11.08269
2449928.22488 4.38913
2450114.23337 2.13521
2450115.23341 7.79797
2450116.23346 9.69258
2450117.23350 4.34238
2450118.23355 1.38944
2450119.23359 6.14194
2450120.23364 10.47640
2450121.23369 4.27541
2450122.23373 1.17481
2450123.23378 6.79026
2450124.23382 10.69434
2450125.23387 4.84146
2450126.23391 1.15057
2450127.23396 4.97115
2450128.23401 11.92288
2450129.23405 6.84096
2450130.23410 1.21271
2450131.23414 4.94015
2450132.23419 8.60610
2450133.23423 6.52191
2450134.23428 1.45142
2450135.23433 4.08319
2450136.23437 9.56650
2450137.23442 7.86226
2450138.23446 1.74520
2450139.23451 3.14112
2450140.23455 8.97137
2450141.23460 7.93738
2450142.23464 2.19183
2450143.23469 2.65661
2450144.23474 8.89432
2450145.23478 7.78875
2450146.23483 2.38960
2450147.23487 2.07971
2450148.23492 9.29643
2450149.23496 9.41216
2450150.23501 3.11953
2450151.23506 1.58820
2450152.23510 6.56767
2450153.23515 10.85800
2450154.23519 3.99265
2450155.23524 1.14242
2450156.23528 6.54874
2450157.23533 9.29285
2450158.23537 5.23989
2450159.23542 1.00130
2450160.23547 5.96576
2450161.23551 10.45705
2450162.23556 4.97200
2450163.23560 0.96968
2450164.23565 5.21587
2450165.23569 8.30858
2450166.23574 6.26361
2450167.23579 1.00885
2450168.23583 4.34460
2450169.23588 9.68819
2450170.23592 7.00482
2450171.23597 1.36729
2450172.23601 3.11713
2450173.23606 9.02381
2450174.23610 8.00370
2450175.23615 1.59548
2450176.23620 2.96366
2450177.23624 11.36969
2450178.23629 8.61368
2450179.23633 2.17286
2450180.23638 2.13963
2450181.23642 7.54788
2450182.23647 8.37256
2450183.23652 2.65861
2450184.23656 1.74164
2450185.23661 8.06635
2450186.23665 8.87942
2450187.23670 2.97950
2450188.23674 1.22455
2450189.23679 7.56501
2450190.23683 10.18022
2450191.23688 3.39334
2450192.23693 1.01120
2450193.23697 5.89080
2450194.23702 10.03394
2450195.23706 4.40812
2450196.23711 0.87869
2450197.23715 5.28521
2450198.23720 9.82110
2450199.23725 5.55494
2450200.23729 0.64981
2450201.23734 4.68715
2450202.23738 9.32544
2450203.23743 5.67156
2450204.23747 0.76214
2450205.23752 4.37911
2450206.23757 8.82050
2450207.23761 7.07545
2450208.23766 1.04377
2450209.23770 2.74975
2450210.23775 9.52782
2450211.23779 6.32608
2450212.23784 1.43393
2450213.23788 2.38185
2450214.23793 8.62355
2450215.23798 6.94025
2450216.23802 1.82025
2450217.23807 2.07518
2450218.23811 7.41947
2450219.23816 7.97569
2450220.23820 2.45169
2450221.23825 1.45014
2450222.23830 5.62621
2450223.23834 10.70450
2450224.23839 3.12992
2450225.23843 1.04579
2450226.23848 6.63467
2450227.23852 7.50299
2450228.23857 3.90918
2450229.23861 0.65308
2450230.23866 6.30092
2450231.23871 9.18571
2450232.23875 4.49639
2450233.23880 0.49375
2450234.23884 5.64067
2450235.23889 8.31823
2450236.23893 6.29394
2450237.23898 0.62509
2450238.23903 5.12070
2450239.23907 10.55015
2450240.23912 5.83329
2450241.23916 0.69117
2450242.23921 3.59410
2450243.23925 7.72265
2450244.23930 7.59090
2450245.23934 0.95259
2450246.23939 2.88623
2450247.23944 7.72600
2450248.23948 6.83975
2450249.23953 0.99304
2450250.23957 2.43209
2450251.23962 7.01233
2450252.23966 8.08833
2450253.23971 1.54039
2450254.23976 1.39638
2450255.23980 7.98142
2450256.23985 8.09260
2450257.23989 2.43426
2450258.23994 0.98884
2450259.23998 6.61186
2450260.24003 6.68195
2450261.24007 2.25708
2450262.24012 0.88150
2450263.24017 7.78645
2450264.24021 9.15140
2450265.24026 3.29278
2450266.24030 0.46952
2450267.24035 6.18355
2450268.24039 8.75673
2450269.24044 4.42902
2450270.24049 0.34967
2450271.24053 4.62547
2450272.24058 8.77767
2450273.24062 5.22785
2450274.24067 0.31497
2450275.24071 4.30563
2450276.24076 8.73434
2450277.24080 5.89774
2450278.24085 0.54685
2450279.24090 3.29846
2450280.24094 9.76046
2450281.24099 5.36610
2450282.24103 0.70484
2450283.24108 2.64000
2450284.24112 10.23803
2450285.24117 5.78844
2450286.24122 1.10791
2450287.24126 2.26153
2450288.24131 7.48380
2450289.24135 7.62320
2450290.24140 1.65906
2450291.24144 1.42361
2450292.24149 8.73913
2450293.24154 8.65981
2450479.25002 2.83464
2450480.25007 0.47546
2450481.25011 5.78488
2450482.25016 8.55887
2450483.25021 2.84872
2450484.25025 0.25119
2450485.25030 5.30742
2450486.25034 8.36020
2450487.25039 4.18067
2450488.25043 0.10156
2450489.25048 5.13245
2450490.25052 8.60550
2450491.25057 5.31143
2450492.25062 0.11757
2450493.25066 4.25779
2450494.25071 9.14241
2450495.25075 5.94380
2450496.25080 0.26564
2450497.25084 2.71906
2450498.25089 9.68135
2450499.25094 6.22197
2450500.25098 0.57387
2450501.25103 2.73482
2450502.25107 7.82685
2450503.25112 6.33433
2450504.25116 0.98248
2450505.25121 1.85773
2450506.25125 8.81096
2450507.25130 7.46191
2450508.25135 1.56752
2450509.25139 1.41104
2450510.25144 7.74508
2450511.25148 7.83000
2450512.25153 2.06405
2450513.25157 0.99501
2450514.25162 6.87661
2450515.25167 9.02238
2450516.25171 2.70267
2450517.25176 0.54233
2450518.25180 7.30664
2450519.25185 9.95162
2450520.25189 3.44863
2450521.25194 0.31115
2450522.25199 5.11783
2450523.25203 8.91829
2450524.25208 4.31922
2450525.25212 0.22035
2450526.25217 5.10692
2450527.25221 8.12237
2450528.25226 5.45790
2450529.25230 0.23234
2450530.25235 3.60132
2450531.25240 10.27538
2450532.25244 6.58705
2450533.25249 0.40859
2450534.25253 3.49231
2450535.25258 9.54288
2450536.25262 7.39503
2450537.25267 0.73984
2450538.25272 2.22841
2450539.25276 10.25404
2450540.25281 7.94472
2450541.25285 1.04469
2450542.25290 1.74192
2450543.25294 8.50907
2450544.25299 7.58021
2450545.25303 1.67321
2450546.25308 1.50096
2450547.25313 7.13410
2450548.25317 7.39499
2450549.25322 2.31769
2450550.25326 0.90113
2450551.25331 7.04278
2450552.25335 7.57027
2450553.25340 2.84495
2450554.25345 0.66428
2450555.25349 6.63481
2450556.25354 8.33472
2450557.25358 3.23304
2450558.25363 0.41221
2450559.25367 5.83652
2450560.25372 9.59834
2450561.25376 4.20927
2450562.25381 0.34332
2450563.25386 5.49311
2450564.25390 9.46008
2450565.25395 4.37030
2450566.25399 0.39614
2450567.25404 4.84896
2450568.25408 8.00092
2450569.25413 6.01626
2450570.25418 0.56202
2450571.25422 3.33212
2450572.25427 9.14160
2450573.25431 7.50746
2450574.25436 0.89624
2450575.25440 2.95575
2450576.25445 8.52805
2450577.25449 7.16429
2450578.25454 1.23210
2450579.25459 1.64335
2450580.25463 8.40587
2450581.25468 9.68382
2450582.25472 1.94320
2450583.25477 1.58280
2450584.25481 7.31807
2450585.25486 8.34115
2450586.25491 2.73084
2450587.25495 1.26770
2450588.25500 8.04801
2450589.25504 9.67991
2450590.25509 3.19760
2450591.25513 0.76079
2450592.25518 5.84036
2450593.25522 7.90837
2450594.25527 3.49503
2450595.25532 0.56221
2450596.25536 5.42332
2450597.25541 8.02657
2450598.25545 4.70407
2450599.25550 0.48849
2450600.25554 4.27086
2450601.25559 9.08978
2450602.25564 5.33534
2450603.25568 0.54686
2450604.25573 4.47422
2450605.25577 7.56051
2450606.25582 5.03909
2450607.25586 0.79270
2450608.25591 3.41097
2450609.25596 9.47530
2450610.25600 6.64696
2450611.25605 1.02438
2450612.25609 2.70941
2450613.25614 8.36962
2450614.25618 8.89983
2450615.25623 1.52866
2450616.25627 2.10270
2450617.25632 10.34922
2450618.25637 8.14385
2450619.25641 2.25438
2450620.25646 1.70824
2450621.25650 8.30584
2450622.25655 9.06606
2450623.25659 2.83312
2450624.25664 1.21101
2450625.25669 6.69637
2450626.25673 9.50627
2450627.25678 4.20087
2450628.25682 1.02019
2450629.25687 6.60781
2450630.25691 10.29276
2450631.25696 3.88474
2450632.25700 0.72746
2450633.25705 6.22145
2450634.25710 11.05957
2450635.25714 4.65497
2450636.25719 0.68065
2450637.25723 6.01483
2450638.25728 9.73509
2450639.25732 6.90177
2450640.25737 0.83354
2450641.25742 4.30394
2450642.25746 9.23418
2450643.25751 7.23584
2450644.25755 1.19130
2450645.25760 3.13224
2450646.25764 8.95354
2450647.25769 8.01932
2450648.25773 1.38758
2450649.25778 2.69933
2450650.25783 9.81691
2450651.25787 8.90461
2450652.25792 1.79311
2450653.25796 2.30539
2450654.25801 7.42444
2450655.25805 7.84024
2450656.25810 2.48131
2450657.25815 1.77153
2450658.25819 7.11831
2450844.26668 10.21620
2450845.26672 4.68563
2450846.26677 2.91459
2450847.26682 6.71187
2450848.26686 10.16856
2450849.26691 4.89847
2450850.26695 2.73695
2450851.26700 6.26896
2450852.26704 11.53056
2450853.26709 7.94452
2450854.26714 3.03138
2450855.26718 5.67133
2450856.26723 11.88780
2450857.26727 6.88268
2450858.26732 2.37761
2450859.26736 6.12935
2450860.26741 12.86820
2450861.26745 8.94067
2450862.26750 2.72398
2450863.26755 5.89389
2450864.26759 8.72532
2450865.26764 8.50128
2450866.26768 3.02201
2450867.26773 4.89924
2450868.26777 10.69594
2450869.26782 9.75276
2450870.26787 3.70317
2450871.26791 4.29610
2450872.26796 11.04160
2450873.26800 10.67003
2450874.26805 4.22433
2450875.26809 3.95270
2450876.26814 10.76000
2450877.26818 10.42364
2450878.26823 4.98450
2450879.26828 3.81464
2450880.26832 8.29585
2450881.26837 13.51801
2450882.26841 4.97957
2450883.26846 3.04286
2450884.26850 7.82881
2450885.26855 14.31368
2450886.26860 6.20428
2450887.26864 2.86087
2450888.26869 7.64601
2450889.26873 12.02211
2450890.26878 7.10198
2450891.26882 2.96312
2450892.26887 4.66886
2450893.26891 12.00844
2450894.26896 8.17143
2450895.26901 3.45204
2450896.26905 7.34901
2450897.26910 11.61805
2450898.26914 9.68215
2450899.26919 3.00947
2450900.26923 6.25814
2450901.26928 10.94808
2450902.26933 8.55500
2450903.26937 3.69132
2450904.26942 5.90369
2450905.26946 11.46998
2450906.26951 11.95118
2450907.26955 3.93607
2450908.26960 5.10125
2450909.26964 10.10636
2450910.26969 11.25268
2450911.26974 4.95431
2450912.26978 4.42136
2450913.26983 10.52125
2450914.26987 10.66438
2450915.26992 6.01534
2450916.26996 4.43766
2450917.27001 9.07819
2450918.27006 9.72778
2450919.27010 6.58732
2450920.27015 3.41929
2450921.27019 8.84522
2450922.27024 12.86847
2450923.27028 6.74223
2450924.27033 3.32516
2450925.27038 8.16786
2450926.27042 14.15041
2450927.27047 7.90208
2450928.27051 3.00565
2450929.27056 6.62667
2450930.27060 12.52338
2450931.27065 7.71069
2450932.27069 3.01612
2450933.27074 7.24762
2450934.27079 13.07162
2450935.27083 9.13487
2450936.27088 3.96262
2450937.27092 6.25170
2450938.27097 12.71269
2450939.27101 10.84972
2450940.27106 3.14080
2450941.27111 5.38091
2450942.27115 12.23081
2450943.27120 10.46469
2450944.27124 4.77558
2450945.27129 5.33894
2450946.27133 11.25122
2450947.27138 13.24559
2450948.27142 5.97288
2450949.27147 4.45830
2450950.27152 10.39270
2450951.27156 8.58446
2450952.27161 5.86181
2450953.27165 3.60170
2450954.27170 10.19249
2450955.27174 12.57906
2450956.27179 7.28862
2450957.27184 4.48871
2450958.27188 9.26423
2450959.27193 15.53307
2450960.27197 7.78815
2450961.27202 3.33654
2450962.27206 8.09267
2450963.27211 12.30120
2450964.27215 8.92683
2450965.27220 3.50588
2450966.27225 7.61851
2450967.27229 12.56802
2450968.27234 8.82719
2450969.27238 4.36607
2450970.27243 7.60331
2450971.27247 14.11334
2450972.27252 9.69704
2450973.27257 4.85418
2450974.27261 5.59166
2450975.27266 10.65989
2450976.27270 9.46185
2450977.27275 4.75395
2450978.27279 6.56802
2450979.27284 11.27895
2450980.27288 10.89527
2450981.27293 5.16283
2450982.27298 5.63465
2450983.27302 10.97061
2450984.27307 11.38400
2450985.27311 5.10677
2450986.27316 4.61140
2450987.27320 12.24156
2450988.27325 12.62126
2450989.27330 6.11533
2450990.27334 5.12650
2450991.27339 9.70977
2450992.27343 14.70201
2450993.27348 8.40132
2450994.27352 4.37938
2450995.27357 8.18283
2450996.27362 16.11807
2450997.27366 8.48576
2450998.27371 4.13757
2450999.27375 9.76146
2451000.27380 14.15472
2451001.27384 10.16620
2451002.27389 4.04278
2451003.27393 8.44992
2451004.27398 11.63797
2451005.27403 10.45307
2451006.27407 4.50492
2451007.27412 7.69704
2451008.27416 12.86012
2451009.27421 10.31746
2451010.27425 4.40992
2451011.27430 7.36392
2451012.27435 14.67686
2451013.27439 10.68532
2451014.27444 5.55480
2451015.27448 6.49274
2451016.27453 12.39187
2451017.27457 10.14785
2451018.27462 5.05078
2451019.27466 5.25829
2451020.27471 9.34514
2451021.27476 14.31444
2451022.27480 6.68082
2451023.27485 5.26552
2451209.28333 10.21270
2451210.28338 12.68553
2451211.28343 9.94608
2451212.28347 8.44208
2451213.28352 11.52639
2451214.28356 17.13355
2451215.28361 10.22976
2451216.28365 6.99387
2451217.28370 13.09530
2451218.28375 15.34663
2451219.28379 10.76362
2451220.28384 7.98170
2451221.28388 11.00363
2451222.28393 17.62285
2451223.28397 11.52582
2451224.28402 8.16448
2451225.28406 10.52580
2451226.28411 16.43499
2451227.28416 13.33263
2451228.28420 7.07678
2451229.28425 9.57291
2451230.28429 14.80020
2451231.28434 15.23006
2451232.28438 7.71091
2451233.28443 7.62102
2451234.28448 12.56775
2451235.28452 12.04987
2451236.28457 8.91718
2451237.28461 7.45761
2451238.28466 15.05812
2451239.28470 15.35236
2451240.28475 8.96325
2451241.28480 8.33970
2451242.28484 14.26868
2451243.28489 11.38949
2451244.28493 9.40921
2451245.28498 7.98623
2451246.28502 15.60208
2451247.28507 18.67968
2451248.28511 9.05617
2451249.28516 7.19201
2451250.28521 10.72071
2451251.28525 18.68488
2451252.28530 12.42822
2451253.28534 7.63169
2451254.28539 12.19124
2451255.28543 18.57788
2451256.28548 13.56632
2451257.28553 8.28588
2451258.28557 11.78259
2451259.28562 15.72653
2451260.28566 13.89899
2451261.28571 8.23166
2451262.28575 10.36079
2451263.28580 15.56957
2451264.28584 15.23822
2451265.28589 9.24158
2451266.28594 9.15511
2451267.28598 15.43488
2451268.28603 14.91957
2451269.28607 8.76200
2451270.28612 8.80754
2451271.28616 18.36419
2451272.28621 15.70459
2451273.28626 9.36885
2451274.28630 10.31255
2451275.28635 14.28135
2451276.28639 15.49511
2451277.28644 8.33595
2451278.28648 8.20090
2451279.28653 12.22747
2451280.28657 17.29619
2451281.28662 10.67092
2451282.28667 7.80853
2451283.28671 13.57569
2451284.28676 17.68564
2451285.28680 9.75726
2451286.28685 7.99967
2451287.28689 13.92443
2451288.28694 13.68179
2451289.28699 12.61785
2451290.28703 6.47541
2451291.28708 12.14611
2451292.28712 14.78566
2451293.28717 14.42948
2451294.28721 6.93947
2451295.28726 9.65727
2451296.28730 16.90500
2451297.28735 12.87068
2451298.28740 6.83814
2451299.28744 11.43370
2451300.28749 13.21613
2451301.28753 12.72519
2451302.28758 7.89587
2451303.28762 11.02132
2451304.28767 18.29773
2451305.28772 16.55611
2451306.28776 8.68942
2451307.28781 7.27554
2451308.28785 16.39932
2451309.28790 17.83947
2451310.28794 10.53498
2451311.28799 9.51688
2451312.28804 13.45021
2451313.28808 15.25482
2451314.28813 11.96053
2451315.28817 7.45358
2451316.28822 12.98322
2451317.28826 18.10042
2451318.28831 10.27706
2451319.28835 7.39432
2451320.28840 16.14300
2451321.28845 17.64014
2451322.28849 11.07160
2451323.28854 7.26941
2451324.28858 16.01928
2451325.28863 17.01467
2451326.28867 14.03424
2451327.28872 8.89449
2451328.28877 11.91480
2451329.28881 16.23984
2451330.28886 15.02341
2451331.28890 9.45893
2451332.28895 9.62113
2451333.28899 17.98380
2451334.28904 13.75390
2451335.28908 7.59508
2451336.28913 11.43522
2451337.28918 14.57235
2451338.28922 13.99890
2451339.28927 8.11062
2451340.28931 9.96535
2451341.28936 16.40471
2451342.28940 13.82454
2451343.28945 10.73449
2451344.28950 10.39153
2451345.28954 18.97539
2451346.28959 15.75676
2451347.28963 9.30046
2451348.28968 11.05573
2451349.28972 14.65702
2451350.28977 16.24912
2451351.28981 11.25003
2451352.28986 7.88934
2451353.28991 16.00678
2451354.28995 17.95529
2451355.29000 12.64275
2451356.29004 9.49627
2451357.29009 16.12542
2451358.29013 17.07564
2451359.29018 10.95857
2451360.29023 10.36749
2451361.29027 11.48714
2451362.29032 14.95078
2451363.29036 13.51906
2451364.29041 9.91908
2451365.29045 13.06894
2451366.29050 19.22449
2451367.29054 10.88911
2451368.29059 8.20504
2451369.29064 9.83257
2451370.29068 18.74159
2451371.29073 12.16802
2451372.29077 7.73737
2451373.29082 11.98834
2451374.29086 18.98553
2451375.29091 14.90595
2451376.29096 9.75632
2451377.29100 11.33257
2451378.29105 16.45802
2451379.29109 14.10361
2451380.29114 10.25252
2451381.29118 10.80028
2451382.29123 17.83129
2451383.29127 16.96100
2451384.29132 9.07949
2451385.29137 10.35568
2451386.29141 15.81820
2451387.29146 16.14210
2451388.29150 10.62099
2451575.30004 14.87399
2451576.30008 20.52601
2451577.30013 11.58837
2451578.30017 9.16625
2451579.30022 14.74533
2451580.30026 22.08763
2451581.30031 15.78919
2451582.30036 8.45256
2451583.30040 16.45471
2451584.30045 21.62530
2451585.30049 13.30224
2451586.30054 7.61197
2451587.30058 13.64801
2451588.30063 21.08447
2451589.30068 18.36686
2451590.30072 9.47240
2451591.30077 15.30553
2451592.30081 14.55692
2451593.30086 15.97187
2451594.30090 10.25265
2451595.30095 13.77010
2451596.30099 20.76690
2451597.30104 18.90755
2451598.30109 9.63418
2451599.30113 12.75094
2451600.30118 18.83207
2451601.30122 14.87584
2451602.30127 9.26717
2451603.30131 12.37977
2451604.30136 17.04922
2451605.30141 16.00535
2451606.30145 12.05702
2451607.30150 11.18798
2451608.30154 16.58515
2451609.30159 15.84899
2451610.30163 15.46879
2451611.30168 11.54287
2451612.30172 15.48723
2451613.30177 18.47266
2451614.30182 14.26060
2451615.30186 9.14413
2451616.30191 15.77921
2451617.30195 16.62695
2451618.30200 14.44177
2451619.30204 9.05940
2451620.30209 12.90542
2451621.30214 22.34959
2451622.30218 15.41871
2451623.30223 10.55447
2451624.30227 11.00801
2451625.30232 17.93206
2451626.30236 16.83586
2451627.30241 10.75705
2451628.30246 10.24488
2451629.30250 19.21102
2451630.30255 17.43556
2451631.30259 12.28663
2451632.30264 11.57395
2451633.30268 14.31400
2451634.30273 15.74041
2451635.30277 10.09605
2451636.30282 12.65202
2451637.30287 13.08863
2451638.30291 17.25632
2451639.30296 13.58899
2451640.30300 11.27908
2451641.30305 18.95512
2451642.30309 15.50604
2451643.30314 10.52442
2451644.30319 12.42342
2451645.30323 16.91287
2451646.30328 19.12109
2451647.30332 11.75767
2451648.30337 10.67677
2451649.30341 14.19575
2451650.30346 21.45285
2451651.30350 17.80636
2451652.30355 10.90742
2451653.30360 14.31564
2451654.30364 14.40874
2451655.30369 12.27931
2451656.30373 11.98072
2451657.30378 13.03051
2451658.30382 18.57147
2451659.30387 16.56362
2451660.30392 12.01675
2451661.30396 13.49869
2451662.30401 18.36807
2451663.30405 16.41868
2451664.30410 10.02098
2451665.30414 12.30421
2451666.30419 19.64814
2451667.30423 17.33078
2451668.30428 13.39554
2451669.30433 12.92960
2451670.30437 20.60679
2451671.30442 15.77232
2451672.30446 12.10893
2451673.30451 10.93952
2451674.30455 18.69155
2451675.30460 19.48572
2451676.30465 12.12739
2451677.30469 14.00687
2451678.30474 19.87197
2451679.30478 20.89737
2451680.30483 13.68439
2451681.30487 12.81332
2451682.30492 14.31946
2451683.30496 21.65878
2451684.30501 12.09197
2451685.30506 10.01517
2451686.30510 16.89941
2451687.30515 21.65424
2451688.30519 12.54018
2451689.30524 9.92622
2451690.30528 15.39530
2451691.30533 19.01381
2451692.30538 16.22619
2451693.30542 14.02998
2451694.30547 15.08866
2451695.30551 17.91778
2451696.30556 13.68342
2451697.30560 10.21068
2451698.30565 12.43766
2451699.30569 20.06876
2451700.30574 17.21400
2451701.30579 10.29476
2451702.30583 15.59275
2451703.30588 17.48982
2451704.30592 16.96567
2451705.30597 11.87063
2451706.30601 13.44980
2451707.30606 20.82524
2451708.30611 18.56759
2451709.30615 12.85392
2451710.30620 10.97992
2451711.30624 19.59604
2451712.30629 20.01301
2451713.30633 14.04912
2451714.30638 9.38941
2451715.30643 15.76716
2451716.30647 20.34574
2451717.30652 9.44655
2451718.30656 11.42091
2451719.30661 18.42585
2451720.30665 18.02628
2451721.30670 12.98423
2451722.30674 9.47988
2451723.30679 15.09763
2451724.30684 18.38187
2451725.30688 13.34316
2451726.30693 9.71029
2451727.30697 14.75554
2451728.30702 18.85903
2451729.30706 17.92044
2451730.30711 10.06530
2451731.30716 14.89292
2451732.30720 18.23327
2451733.30725 14.92288
2451734.30729 8.79748
2451735.30734 11.49991
2451736.30738 16.84655
2451737.30743 16.90077
2451738.30747 12.02846
2451739.30752 10.61839
2451740.30757 17.80814
2451741.30761 14.92169
2451742.30766 10.93827
2451743.30770 13.59197
2451744.30775 17.58731
2451745.30779 17.81740
2451746.30784 13.42564
2451747.30789 12.22953
2451748.30793 16.51514
2451749.30798 18.72507
2451750.30802 11.28217
2451751.30807 11.68358
2451752.30811 18.13864
2451753.30816 16.27943
2451754.30820 13.18478
2451940.31669 9.94066
2451941.31674 16.26882
2451942.31678 20.27218
2451943.31683 14.26938
2451944.31688 9.58112
2451945.31692 16.01098
2451946.31697 17.14243
2451947.31701 12.46749
2451948.31706 6.69173
2451949.31710 13.75266
2451950.31715 17.17756
2451951.31719 15.70827
2451952.31724 7.96408
2451953.31729 12.22243
2451954.31733 19.38681
2451955.31738 14.19571
2451956.31742 10.54856
2451957.31747 11.63545
2451958.31751 18.13065
2451959.31756 17.47842
2451960.31761 11.46768
2451961.31765 11.73971
2451962.31770 16.30225
2451963.31774 16.31685
2451964.31779 11.61288
2451965.31783 9.89358
2451966.31788 16.89182
2451967.31792 16.93748
2451968.31797 11.34351
2451969.31802 9.43985
2451970.31806 13.49275
2451971.31811 18.97109
2451972.31815 13.25196
2451973.31820 8.28068
2451974.31824 16.43403
2451975.31829 20.31698
2451976.31834 13.53328
2451977.31838 9.38971
2451978.31843 13.66434
2451979.31847 18.65532
2451980.31852 13.83186
2451981.31856 9.72730
2451982.31861 14.03944
2451983.31865 16.54029
2451984.31870 14.84195
2451985.31875 10.05610
2451986.31879 13.77042
2451987.31884 18.66308
2451988.31888 17.49223
2451989.31893 9.09884
2451990.31897 14.34746
2451991.31902 16.89801
2451992.31907 17.42566
2451993.31911 11.15905
2451994.31916 11.62378
2451995.31920 20.86080
2451996.31925 17.11168
2451997.31929 9.38130
2451998.31934 10.86888
2451999.31938 19.40009
2452000.31943 18.49653
2452001.31948 9.60575
2452002.31952 10.53834
2452003.31957 17.20272
2452004.31961 16.54817
2452005.31966 13.95945
2452006.31970 10.41708
2452007.31975 16.10562
2452008.31980 19.95127
2452009.31984 11.49171
2452010.31989 10.76718
2452011.31993 12.90108
2452012.31998 17.28481
2452013.32002 13.94001
2452014.32007 10.99822
2452015.32011 13.57490
2452016.32016 16.63332
2452017.32021 14.09924
2452018.32025 8.77518
2452019.32030 13.54205
2452020.32034 19.87994
2452021.32039 13.31572
2452022.32043 7.50669
2452023.32048 11.40912
2452024.32053 18.18305
2452025.32057 12.05263
2452026.32062 9.17833
2452027.32066 10.61766
2452028.32071 20.86012
2452029.32075 18.87114
2452030.32080 8.67640
2452031.32085 11.89342
2452032.32089 15.86715
2452033.32094 15.65909
2452034.32098 11.88149
2452035.32103 10.40972
2452036.32107 16.58201
2452037.32112 15.15504
2452038.32116 11.74410
2452039.32121 6.95552
2452040.32126 15.75656
2452041.32130 17.13503
2452042.32135 10.36551
2452043.32139 10.67751
2452044.32144 17.71958
2452045.32148 15.10573
2452046.32153 14.19399
2452047.32158 8.10077
2452048.32162 17.02777
2452049.32167 18.11358
2452050.32171 11.80336
2452051.32176 8.80807
2452052.32180 14.25688
2452053.32185 18.35035
2452054.32189 11.94482
2452055.32194 8.84071
2452056.32199 12.46217
2452057.32203 15.78929
2452058.32208 12.75658
2452059.32212 8.01220
2452060.32217 12.16710
2452061.32221 18.60892
2452062.32226 14.79301
2452063.32231 10.99900
2452064.32235 9.28625
2452065.32240 18.39657
2452066.32244 15.31635
2452067.32249 10.21433
2452068.32253 11.98851
2452069.32258 16.89954
2452070.32262 16.21554
2452071.32267 9.08954
2452072.32272 11.16372
2452073.32276 13.54732
2452074.32281 17.77974
2452075.32285 10.27805
2452076.32290 9.45010
2452077.32294 15.70737
2452078.32299 16.69226
2452079.32304 12.28436
2452080.32308 12.50620
2452081.32313 17.27747
2452082.32317 16.33897
2452083.32322 12.24292
2452084.32326 9.69239
2452085.32331 13.29811
2452086.32335 15.34044
2452087.32340 12.13601
2452088.32345 9.54907
2452089.32349 11.63178
2452090.32354 16.38785
2452091.32358 13.68013
2452092.32363 8.75646
2452093.32367 14.91006
2452094.32372 15.14691
2452095.32377 16.88852
2452096.32381 7.39345
2452097.32386 9.77002
2452098.32390 17.37519
2452099.32395 12.75795
2452100.32399 8.85082
2452101.32404 11.39549
2452102.32409 16.85454
2452103.32413 13.80107
2452104.32418 9.55492
2452105.32422 10.40992
2452106.32427 18.63439
2452107.32431 15.40862
2452108.32436 8.62715
2452109.32440 8.38762
2452110.32445 15.98261
2452111.32450 14.17354
2452112.32454 8.68568
2452113.32459 10.01920
2452114.32463 12.86490
2452115.32468 19.03592
2452116.32472 10.79150
2452117.32477 9.00705
2452118.32482 13.40367
2452119.32486 18.31704
2452305.33335 9.74162
2452306.33339 6.03180
2452307.33344 11.81288
2452308.33349 12.69776
2452309.33353 8.74619
2452310.33358 5.62322
2452311.33362 11.14069
2452312.33367 15.24194
2452313.33371 12.35092
2452314.33376 5.74010
2452315.33380 10.51981
2452316.33385 14.92232
2452317.33390 10.76712
2452318.33394 6.69056
2452319.33399 9.09485
2452320.33403 13.87996
2452321.33408 12.61606
2452322.33412 6.60283
2452323.33417 8.27880
2452324.33422 13.81225
2452325.33426 11.46183
2452326.33431 7.10709
2452327.33435 7.10682
2452328.33440 12.47217
2452329.33444 13.39423
2452330.33449 8.07698
2452331.33454 7.26362
2452332.33458 12.56875
2452333.33463 13.36364
2452334.33467 8.59904
2452335.33472 5.04610
2452336.33476 13.57962
2452337.33481 11.79387
2452338.33485 7.48340
2452339.33490 5.93505
2452340.33495 14.38218
2452341.33499 17.20557
2452342.33504 10.06539
2452343.33508 6.21525
2452344.33513 8.96560
2452345.33517 15.05868
2452346.33522 9.55955
2452347.33527 5.39636
2452348.33531 10.35613
2452349.33536 14.08962
2452350.33540 11.77825
2452351.33545 4.74490
2452352.33549 9.45364
2452353.33554 13.32896
2452354.33558 11.06902
2452355.33563 6.20633
2452356.33568 7.63473
2452357.33572 14.54724
2452358.33577 11.95011
2452359.33581 5.87188
2452360.33586 7.48595
2452361.33590 13.67468
2452362.33595 11.83341
2452363.33600 6.67246
2452364.33604 6.98552
2452365.33609 12.53977
2452366.33613 15.46896
2452367.33618 7.44864
2452368.33622 6.35017
2452369.33627 12.91278
2452370.33631 12.36538
2452371.33636 7.38587
2452372.33641 5.92783
2452373.33645 10.52079
2452374.33650 14.64970
2452375.33654 7.94097
2452376.33659 5.55629
2452377.33663 10.61245
2452378.33668 18.53798
2452379.33673 8.45330
2452380.33677 4.38117
2452381.33682 8.77603
2452382.33686 15.46943
2452383.33691 11.07480
2452384.33695 5.04843
2452385.33700 10.85859
2452386.33704 15.37975
2452387.33709 10.29044
2452388.33714 5.30278
2452389.33718 8.97392
2452390.33723 15.36544
2452391.33727 11.63490
2452392.33732 5.22275
2452393.33736 7.89187
2452394.33741 16.54131
2452395.33746 12.14796
2452396.33750 6.39509
2452397.33755 7.69514
2452398.33759 13.73144
2452399.33764 12.58329
2452400.33768 6.84345
2452401.33773 7.11960
2452402.33777 13.15606
2452403.33782 12.06483
2452404.33787 7.03884
2452405.33791 6.03306
2452406.33796 11.80065
2452407.33800 16.96703
2452408.33805 6.22746
2452409.33809 6.14867
2452410.33814 10.46974
2452411.33819 13.86766
2452412.33823 10.06650
2452413.33828 4.75908
2452414.33832 9.91090
2452415.33837 13.84694
2452416.33841 7.96643
2452417.33846 5.49372
2452418.33851 9.34790
2452419.33855 14.83546
2452420.33860 8.16954
2452421.33864 4.06448
2452422.33869 8.84786
2452423.33873 11.67394
2452424.33878 11.68023
2452425.33882 4.24095
2452426.33887 7.38983
2452427.33892 14.19867
2452428.33896 10.20175
2452429.33901 4.39597
2452430.33905 8.99276
2452431.33910 11.96494
2452432.33914 11.26401
2452433.33919 5.36753
2452434.33924 7.22701
2452435.33928 13.43411
2452436.33933 11.07817
2452437.33937 5.70232
2452438.33942 5.96283
2452439.33946 13.19728
2452440.33951 11.11008
2452441.33955 7.69847
2452442.33960 5.12635
2452443.33965 11.61375
2452444.33969 11.47655
2452445.33974 6.09094
2452446.33978 4.65531
2452447.33983 9.83938
2452448.33987 12.72157
2452449.33992 6.90733
2452450.33997 5.10681
2452451.34001 9.32481
2452452.34006 12.23532
2452453.34010 8.02829
2452454.34015 5.02998
2452455.34019 9.50558
2452456.34024 13.33666
2452457.34028 7.77594
2452458.34033 3.99357
2452459.34038 7.40078
2452460.34042 15.12051
2452461.34047 10.31365
2452462.34051 4.18040
2452463.34056 7.24633
2452464.34060 12.05878
2452465.34065 9.55707
2452466.34070 4.98909
2452467.34074 6.71187
2452468.34079 15.44962
2452469.34083 12.52229
2452470.34088 5.75261
2452471.34092 6.61566
2452472.34097 11.79548
2452473.34101 12.40702
2452474.34106 5.32229
2452475.34111 6.47348
2452476.34115 12.21420
2452477.34120 12.51723
2452478.34124 6.11651
2452479.34129 5.90269
2452480.34133 9.48674
2452481.34138 14.89815
2452482.34143 6.52109
2452483.34147 3.95233
2452484.34152 9.56149
2452670.35000 9.12936
2452671.35005 6.15919
2452672.35010 1.89027
2452673.35014 7.04361
2452674.35019 12.24246
2452675.35023 6.07236
2452676.35028 1.98100
2452677.35032 5.31922
2452678.35037 10.49960
2452679.35042 9.10214
2452680.35046 2.25789
2452681.35051 5.17684
2452682.35055 10.06505
2452683.35060 7.91163
2452684.35064 2.31407
2452685.35069 4.36214
2452686.35073 10.94202
2452687.35078 7.78699
2452688.35083 2.34825
2452689.35087 3.98625
2452690.35092 8.78160
2452691.35096 9.87562
2452692.35101 3.01854
2452693.35105 2.62370
2452694.35110 9.49309
2452695.35115 8.07983
2452696.35119 3.79368
2452697.35124 2.60403
2452698.35128 10.36541
2452699.35133 11.21479
2452700.35137 3.71424
2452701.35142 1.78618
2452702.35146 7.42363
2452703.35151 9.15446
2452704.35156 5.70651
2452705.35160 1.92453
2452706.35165 7.93901
2452707.35169 10.30036
2452708.35174 5.43881
2452709.35178 1.73690
2452710.35183 7.17690
2452711.35188 10.97881
2452712.35192 5.60806
2452713.35197 1.96547
2452714.35201 5.48896
2452715.35206 10.07799
2452716.35210 5.02013
2452717.35215 1.88492
2452718.35219 4.91124
2452719.35224 10.44326
2452720.35229 7.39507
2452721.35233 1.86918
2452722.35238 3.95531
2452723.35242 10.45829
2452724.35247 8.89670
2452725.35251 2.26261
2452726.35256 3.73446
2452727.35261 9.45909
2452728.35265 8.49957
2452729.35270 2.81488
2452730.35274 2.41321
2452731.35279 9.17843
2452732.35283 7.99507
2452733.35288 2.96175
2452734.35293 1.81224
2452735.35297 8.17133
2452736.35302 11.43808
2452737.35306 3.87579
2452738.35311 1.97809
2452739.35315 9.38110
2452740.35320 10.54565
2452741.35324 4.25055
2452742.35329 1.46933
2452743.35334 6.82346
2452744.35338 9.64344
2452745.35343 5.02585
2452746.35347 1.54445
2452747.35352 6.64225
2452748.35356 8.62311
2452749.35361 5.56400
2452750.35366 1.31304
2452751.35370 5.53331
2452752.35375 11.38707
2452753.35379 8.62529
2452754.35384 1.41164
2452755.35388 4.25090
2452756.35393 10.57193
2452757.35397 6.98126
2452758.35402 1.68869
2452759.35407 3.53746
2452760.35411 7.10180
2452761.35416 8.24399
2452762.35420 2.02813
2452763.35425 3.39009
2452764.35429 9.15641
2452765.35434 7.62927
2452766.35439 2.46280
2452767.35443 1.90281
2452768.35448 7.53750
2452769.35452 9.80066
2452770.35457 3.00860
2452771.35461 2.07753
2452772.35466 6.35829
2452773.35470 9.36870
2452774.35475 3.54206
2452775.35480 1.65460
2452776.35484 7.67102
2452777.35489 10.50485
2452778.35493 5.09006
2452779.35498 1.19547
2452780.35502 7.27004
2452781.35507 8.96858
2452782.35512 4.58225
2452783.35516 1.18481
2452784.35521 4.77094
2452785.35525 10.60079
2452786.35530 5.93783
2452787.35534 1.21305
2452788.35539 4.78839
2452789.35543 9.96183
2452790.35548 6.94613
2452791.35553 1.14075
2452792.35557 3.75437
2452793.35562 10.11449
2452794.35566 7.28731
2452795.35571 1.41539
2452796.35575 3.27871
2452797.35580 10.76349
2452798.35585 7.60182
2452799.35589 1.76132
2452800.35594 2.18693
2452801.35598 8.75985
2452802.35603 9.08603
2452803.35607 2.52378
2452804.35612 2.07431
2452805.35617 8.99647
2452806.35621 9.66473
2452807.35626 3.22467
2452808.35630 1.72150
2452809.35635 8.72747
2452810.35639 9.22055
2452811.35644 3.07787
2452812.35648 1.27558
2452813.35653 7.34261
2452814.35658 11.14732
2452815.35662 4.79487
2452816.35667 1.13382
2452817.35671 6.40998
2452818.35676 9.98606
2452819.35680 4.29413
2452820.35685 0.85833
2452821.35690 4.95049
2452822.35694 9.96552
2452823.35699 5.76001
2452824.35703 0.88947
2452825.35708 4.40302
2452826.35712 10.52307
2452827.35717 4.70107
2452828.35721 1.01701
2452829.35726 4.11972
2452830.35731 11.10852
2452831.35735 7.68040
2452832.35740 1.48799
2452833.35744 3.00561
2452834.35749 8.97427
2452835.35753 8.20886
2452836.35758 1.66607
2452837.35763 2.12145
2452838.35767 8.03717
2452839.35772 7.42954
2452840.35776 2.27955
2452841.35781 1.73565
2452842.35785 7.59485
2452843.35790 8.32809
2452844.35794 2.89259
2452845.35799 1.36727
2452846.35804 6.38908
2452847.35808 8.00571
2452848.35813 3.73934
2452849.35817 0.79215
2453036.36671 9.41178
2453037.36675 4.72438
2453038.36680 0.02446
2453039.36684 4.86142
2453040.36689 9.59573
2453041.36693 5.92442
2453042.36698 0.03486
2453043.36703 3.58205
2453044.36707 9.61787
2453045.36712 5.40567
2453046.36716 0.22736
2453047.36721 2.99593
2453048.36725 8.75493
2453049.36730 6.14717
2453050.36735 0.46132
2453051.36739 2.17737
2453052.36744 8.51851
2453053.36748 6.45149
2453054.36753 0.97529
2453055.36757 1.77297
2453056.36762 8.69472
2453057.36766 6.73447
2453058.36771 1.16311
2453059.36776 1.10885
2453060.36780 9.38305
2453061.36785 9.12338
2453062.36789 1.89296
2453063.36794 0.68283
2453064.36798 7.11541
2453065.36803 7.33484
2453066.36808 3.04820
2453067.36812 0.30963
2453068.36817 5.87417
2453069.36821 8.79946
2453070.36826 3.80245
2453071.36830 0.09157
2453072.36835 4.29632
2453073.36839 9.22097
2453074.36844 3.32195
2453075.36849 0.01351
2453076.36853 4.93699
2453077.36858 9.47340
2453078.36862 5.46400
2453079.36867 0.06596
2453080.36871 4.52783
2453081.36876 8.32471
2453082.36881 5.93531
2453083.36885 0.23161
2453084.36890 3.18748
2453085.36894 8.55336
2453086.36899 7.53782
2453087.36903 0.51986
2453088.36908 2.52932
2453089.36912 8.73513
2453090.36917 7.07626
2453091.36922 1.02622
2453092.36926 1.63526
2453093.36931 8.05159
2453094.36935 7.53053
2453095.36940 1.39754
2453096.36944 1.02129
2453097.36949 5.99387
2453098.36954 8.87490
2453099.36958 1.85999
2453100.36963 0.60904
2453101.36967 6.98423
2453102.36972 9.29262
2453103.36976 2.31338
2453104.36981 0.30154
2453105.36985 6.12004
2453106.36990 8.88613
2453107.36995 4.03151
2453108.36999 0.10236
2453109.37004 4.05794
2453110.37008 9.70697
2453111.37013 4.09202
2453112.37017 0.04127
2453113.37022 4.27073
2453114.37027 10.09252
2453115.37031 4.45668
2453116.37036 0.15045
2453117.37040 3.28126
2453118.37045 8.93915
2453119.37049 5.14680
2453120.37054 0.32660
2453121.37059 2.81375
2453122.37063 7.32703
2453123.37068 8.44299
2453124.37072 0.62171
2453125.37077 2.06559
2453126.37081 9.03456
2453127.37086 8.55844
2453128.37090 1.22280
2453129.37095 1.37716
2453130.37100 7.92032
2453131.37104 6.35366
2453132.37109 1.79546
2453133.37113 0.87543
2453134.37118 6.60147
2453135.37122 8.30871
2453136.37127 2.38347
2453137.37132 0.61636
2453138.37136 7.51560
2453139.37141 9.31425
2453140.37145 3.17780
2453141.37150 0.29527
2453142.37154 6.80147
2453143.37159 8.22131
2453144.37163 4.38580
2453145.37168 0.20076
2453146.37173 5.32632
2453147.37177 9.99893
2453148.37182 3.12209
2453149.37186 0.12667
2453150.37191 4.78067
2453151.37195 9.89300
2453152.37200 4.64798
2453153.37205 0.21809
2453154.37209 2.65326
2453155.37214 9.28463
2453156.37218 4.91376
2453157.37223 0.50196
2453158.37227 3.17113
2453159.37232 8.23954
2453160.37236 7.12511
2453161.37241 0.78427
2453162.37246 2.22273
2453163.37250 7.31628
2453164.37255 7.88959
2453165.37259 1.05881
2453166.37264 1.28965
2453167.37268 7.67715
2453168.37273 7.83125
2453169.37278 1.88251
2453170.37282 1.00844
2453171.37287 8.54259
2453172.37291 8.61058
2453173.37296 2.54080
2453174.37300 0.69895
2453175.37305 7.18303
2453176.37309 9.34519
2453177.37314 3.34028
2453178.37319 0.44165
2453179.37323 4.75393
2453180.37328 7.45353
2453181.37332 3.92934
2453182.37337 0.25963
2453183.37341 5.36264
2453184.37346 9.20290
2453185.37351 5.01849
2453186.37355 0.21945
2453187.37360 4.30770
2453188.37364 7.93297
2453189.37369 5.73904
2453190.37373 0.30023
2453191.37378 3.69290
2453192.37382 7.68425
2453193.37387 6.04388
2453194.37392 0.67410
2453195.37396 2.92510
2453196.37401 7.29092
2453197.37405 6.52871
2453198.37410 0.84216
2453199.37414 1.83399
2453200.37419 8.42738
2453201.37424 8.07628
2453202.37428 1.54074
2453203.37433 1.73135
2453204.37437 7.81721
2453205.37442 7.98697
2453206.37446 1.83819
2453207.37451 1.10107
2453208.37456 6.27814
2453209.37460 7.94106
2453210.37465 2.74863
2453211.37469 0.77028
2453212.37474 8.58338
2453213.37478 7.80839
2453214.37483 3.40906
2453215.37487 0.45252
2453401.38336 6.32084
2453402.38341 10.22855
2453403.38345 6.58029
2453404.38350 1.59867
2453405.38354 5.72936
2453406.38359 10.15499
2453407.38364 5.91035
2453408.38368 1.68069
2453409.38373 4.92066
2453410.38377 10.57269
2453411.38382 8.08668
2453412.38386 2.00433
2453413.38391 4.31176
2453414.38396 8.48752
2453415.38400 8.85466
2453416.38405 2.26194
2453417.38409 4.06727
2453418.38414 11.19107
2453419.38418 8.90959
2453420.38423 2.62453
2453421.38427 3.21438
2453422.38432 9.74831
2453423.38437 9.37125
2453424.38441 3.31837
2453425.38446 2.90172
2453426.38450 9.29933
2453427.38455 9.82134
2453428.38459 3.50002
2453429.38464 2.48983
2453430.38469 7.59215
2453431.38473 10.78414
2453432.38478 5.01022
2453433.38482 1.73128
2453434.38487 7.59468
2453435.38491 11.37553
2453436.38496 6.08616
2453437.38501 2.03897
2453438.38505 5.46478
2453439.38510 12.34855
2453440.38514 6.79786
2453441.38519 1.78431
2453442.38523 5.60068
2453443.38528 11.20203
2453444.38532 7.83512
2453445.38537 2.06835
2453446.38542 5.80317
2453447.38546 8.87719
2453448.38551 7.27314
2453449.38555 1.94450
2453450.38560 4.25744
2453451.38564 12.14966
2453452.38569 10.67948
2453453.38574 2.91586
2453454.38578 3.79206
2453455.38583 9.95572
2453456.38587 9.97866
2453457.38592 2.83472
2453458.38596 3.30050
2453459.38601 11.09213
2453460.38605 9.05563
2453461.38610 3.67158
2453462.38615 3.04949
2453463.38619 9.38811
2453464.38624 9.93487
2453465.38628 4.69500
2453466.38633 2.86310
2453467.38637 10.15242
2453468.38642 10.82813
2453469.38647 5.38908
2453470.38651 2.85081
2453471.38656 7.36648
2453472.38660 9.72676
2453473.38665 6.35984
2453474.38669 2.63118
2453475.38674 7.32749
2453476.38678 11.21623
2453477.38683 6.00003
2453478.38688 2.39648
2453479.38692 7.12538
2453480.38697 9.91249
2453481.38701 7.63213
2453482.38706 2.47841
2453483.38710 5.23762
2453484.38715 11.43576
2453485.38720 8.98532
2453486.38724 2.99951
2453487.38729 4.47228
2453488.38733 9.09334
2453489.38738 9.58014
2453490.38742 3.12666
2453491.38747 5.14059
2453492.38751 12.47290
2453493.38756 11.98714
2453494.38761 3.46245
2453495.38765 4.02448
2453496.38770 10.87338
2453497.38774 11.37269
2453498.38779 4.28849
2453499.38783 3.80062
2453500.38788 9.42278
2453501.38793 11.18284
2453502.38797 4.35712
2453503.38802 3.23854
2453504.38806 8.54538
2453505.38811 11.92508
2453506.38815 6.04977
2453507.38820 2.88833
2453508.38824 8.04045
2453509.38829 12.53829
2453510.38834 6.57684
2453511.38838 2.35910
2453512.38843 7.77328
2453513.38847 10.77314
2453514.38852 6.52849
2453515.38856 2.52950
2453516.38861 6.81679
2453517.38866 11.57342
2453518.38870 6.55503
2453519.38875 2.89122
2453520.38879 6.61517
2453521.38884 11.00080
2453522.38888 8.95787
2453523.38893 3.67038
2453524.38898 5.67649
2453525.38902 12.37871
2453526.38907 7.10681
2453527.38911 4.41282
2453528.38916 4.95295
2453529.38920 13.49259
2453530.38925 9.66498
2453531.38929 3.54693
2453532.38934 4.14005
2453533.38939 10.03860
2453534.38943 11.76920
2453535.38948 5.47684
2453536.38952 3.68390
2453537.38957 9.49945
2453538.38961 12.10449
2453539.38966 5.51491
2453540.38971 3.29237
2453541.38975 10.02052
2453542.38980 13.33313
2453543.38984 7.12771
2453544.38989 3.16906
2453545.38993 6.58619
2453546.38998 11.87431
2453547.39002 6.68724
2453548.39007 3.12717
2453549.39012 7.14276
2453550.39016 12.10778
2453551.39021 7.21567
2453552.39025 2.83046
2453553.39030 7.78183
2453554.39034 10.90897
2453555.39039 8.85863
2453556.39044 3.78602
2453557.39048 6.80426
2453558.39053 12.84382
2453559.39057 9.92215
2453560.39062 4.06778
2453561.39066 6.34556
2453562.39071 12.08568
2453563.39075 8.44638
2453564.39080 4.02409
2453565.39085 5.33793
2453566.39089 10.47454
2453567.39094 12.76956
2453568.39098 4.78006
2453569.39103 4.52424
2453570.39107 11.85792
2453571.39112 11.32719
2453572.39117 5.55956
2453573.39121 4.44965
2453574.39126 8.57956
2453575.39130 11.63764
2453576.39135 6.70224
2453577.39139 3.81838
2453578.39144 10.77892
2453579.39148 10.36262
2453580.39153 5.79017
2453766.40002 6.27321
2453767.40006 11.30635
2453768.40011 14.50337
2453769.40016 11.03513
2453770.40020 6.32874
2453771.40025 8.89698
2453772.40029 13.71357
2453773.40034 11.63894
2453774.40038 6.63716
2453775.40043 7.93716
2453776.40047 14.30475
2453777.40052 11.90500
2453778.40057 6.67955
2453779.40061 8.31902
2453780.40066 13.52547
2453781.40070 14.54555
2453782.40075 6.48609
2453783.40079 7.50499
2453784.40084 11.69205
2453785.40089 12.61649
2453786.40093 7.79009
2453787.40098 7.44889
2453788.40102 14.20633
2453789.40107 14.92966
2453790.40111 9.73379
2453791.40116 6.29427
2453792.40120 10.74065
2453793.40125 13.07312
2453794.40130 8.15532
2453795.40134 5.86777
2453796.40139 12.27779
2453797.40143 16.81939
2453798.40148 11.01783
2453799.40152 6.64122
2453800.40157 13.92220
2453801.40162 14.61906
2453802.40166 8.66589
2453803.40171 6.93403
2453804.40175 8.77121
2453805.40180 14.08904
2453806.40184 11.75784
2453807.40189 6.29190
2453808.40193 9.83625
2453809.40198 13.39385
2453810.40203 11.97166
2453811.40207 7.23190
2453812.40212 9.34991
2453813.40216 13.75905
2453814.40221 11.16664
2453815.40225 6.35447
2453816.40230 9.02048
2453817.40235 15.20451
2453818.40239 12.39727
2453819.40244 5.74393
2453820.40248 8.43448
2453821.40253 12.99953
2453822.40257 15.09080
2453823.40262 7.33953
2453824.40266 6.84358
2453825.40271 13.97595
2453826.40276 18.12441
2453827.40280 9.23980
2453828.40285 7.29205
2453829.40289 13.63922
2453830.40294 12.46134
2453831.40298 8.27782
2453832.40303 5.17393
2453833.40308 14.66897
2453834.40312 17.78326
2453835.40317 10.50177
2453836.40321 6.83861
2453837.40326 9.97160
2453838.40330 15.27667
2453839.40335 12.87221
2453840.40340 6.80491
2453841.40344 10.45518
2453842.40349 12.92260
2453843.40353 13.35393
2453844.40358 6.77079
2453845.40362 8.54190
2453846.40367 14.16386
2453847.40371 10.93587
2453848.40376 6.95874
2453849.40381 9.87043
2453850.40385 14.62921
2453851.40390 14.33703
2453852.40394 7.46871
2453853.40399 9.98463
2453854.40403 14.54206
2453855.40408 18.27654
2453856.40413 7.44022
2453857.40417 7.68706
2453858.40422 13.14322
2453859.40426 14.32940
2453860.40431 7.00860
2453861.40435 8.19678
2453862.40440 11.42615
2453863.40444 15.41577
2453864.40449 7.89679
2453865.40454 7.28826
2453866.40458 14.32203
2453867.40463 19.18518
2453868.40467 8.80293
2453869.40472 7.19819
2453870.40476 11.90675
2453871.40481 14.51077
2453872.40486 9.88997
2453873.40490 7.75459
2453874.40495 11.53556
2453875.40499 19.67855
2453876.40504 11.94042
2453877.40508 6.42904
2453878.40513 10.98490
2453879.40517 14.81280
2453880.40522 13.26239
2453881.40527 6.07958
2453882.40531 9.25260
2453883.40536 15.06361
2453884.40540 13.97084
2453885.40545 8.44897
2453886.40549 11.37753
2453887.40554 16.62553
2453888.40559 13.71994
2453889.40563 8.52378
2453890.40568 8.28919
2453891.40572 12.59752
2453892.40577 15.16394
2453893.40581 7.54245
2453894.40586 8.73775
2453895.40590 15.17541
2453896.40595 15.51889
2453897.40600 9.81859
2453898.40604 9.01179
2453899.40609 14.73275
2453900.40613 14.96649
2453901.40618 9.75703
2453902.40622 7.47511
2453903.40627 13.55766
2453904.40632 20.26728
2453905.40636 10.58521
2453906.40641 8.04253
2453907.40645 12.22309
2453908.40650 18.00963
2453909.40654 12.03476
2453910.40659 8.15016
2453911.40664 12.70435
2453912.40668 18.19912
2453913.40673 13.52242
2453914.40677 7.78847
2453915.40682 11.57630
2453916.40686 17.98834
2453917.40691 11.65191
2453918.40695 7.15772
2453919.40700 10.93544
2453920.40705 13.54174
2453921.40709 14.72716
2453922.40714 7.21026
2453923.40718 9.82413
2453924.40723 15.81084
2453925.40727 14.40519
2453926.40732 8.08129
2453927.40737 9.61554
2453928.40741 15.70061
2453929.40746 14.35921
2453930.40750 8.18618
2453931.40755 10.11246
2453932.40759 12.10176
2453933.40764 15.30802
2453934.40768 9.03046
2453935.40773 9.02519
2453936.40778 12.62023
2453937.40782 15.32148
2453938.40787 10.05596
2453939.40791 9.19523
2453940.40796 14.60426
2453941.40800 14.55743
2453942.40805 10.37700
2453943.40810 8.78430
2453944.40814 11.83298
2453945.40819 16.63964
2454131.41667 13.90365
2454132.41672 9.21399
2454133.41677 17.53868
2454134.41681 17.76072
2454135.41686 15.37562
2454136.41690 8.94518
2454137.41695 13.76883
2454138.41699 20.01353
2454139.41704 14.58122
2454140.41708 9.86731
2454141.41713 11.26466
2454142.41718 16.08799
2454143.41722 17.91141
2454144.41727 9.71019
2454145.41731 8.88938
2454146.41736 20.94621
2454147.41740 15.54711
2454148.41745 10.48711
2454149.41750 12.96152
2454150.41754 17.08511
2454151.41759 17.20932
2454152.41763 9.93436
2454153.41768 8.90154
2454154.41772 16.48529
2454155.41777 18.64124
2454156.41782 12.34943
2454157.41786 9.75971
2454158.41791 16.15394
2454159.41795 14.99466
2454160.41800 13.29199
2454161.41804 10.14372
2454162.41809 18.46548
2454163.41813 18.64123
2454164.41818 12.20598
2454165.41823 9.78840
2454166.41827 14.20572
2454167.41832 19.57030
2454168.41836 14.30689
2454169.41841 8.58735
2454170.41845 11.65980
2454171.41850 19.24250
2454172.41855 17.14405
2454173.41859 10.02355
2454174.41864 14.27710
2454175.41868 20.49686
2454176.41873 16.25316
2454177.41877 9.36327
2454178.41882 12.74359
2454179.41886 20.56119
2454180.41891 17.43320
2454181.41896 11.35579
2454182.41900 11.30205
2454183.41905 17.59900
2454184.41909 17.01106
2454185.41914 10.99271
2454186.41918 12.59229
2454187.41923 13.37062
2454188.41928 17.84480
2454189.41932 11.53992
2454190.41937 9.31255
2454191.41941 18.02340
2454192.41946 16.94130
2454193.41950 11.85838
2454194.41955 12.34333
2454195.41959 17.87203
2454196.41964 19.69424
2454197.41969 13.52145
2454198.41973 9.99363
2454199.41978 18.62633
2454200.41982 20.37248
2454201.41987 12.76146
2454202.41991 8.62720
2454203.41996 15.61892
2454204.42001 18.85821
2454205.42005 12.50114
2454206.42010 10.46425
2454207.42014 13.65273
2454208.42019 19.94025
2454209.42023 16.05100
2454210.42028 9.55031
2454211.42032 14.13419
2454212.42037 17.84002
2454213.42042 15.43440
2454214.42046 9.87698
2454215.42051 14.01599
2454216.42055 17.96904
2454217.42060 19.15764
2454218.42064 12.74643
2454219.42069 11.06570
2454220.42074 12.80116
2454221.42078 19.31693
2454222.42083 10.92592
2454223.42087 10.39612
2454224.42092 16.53936
2454225.42096 17.29876
2454226.42101 13.44916
2454227.42106 11.08472
2454228.42110 19.15446
2454229.42115 19.41600
2454230.42119 12.18748
2454231.42124 10.13585
2454232.42128 17.22191
2454233.42133 20.38544
2454234.42137 14.63443
2454235.42142 10.03578
2454236.42147 15.85938
2454237.42151 20.16508
2454238.42156 13.53768
2454239.42160 9.03449
2454240.42165 13.64153
2454241.42169 18.67232
2454242.42174 15.84935
2454243.42179 11.49418
2454244.42183 12.17373
2454245.42188 17.94152
2454246.42192 15.08538
2454247.42197 11.18181
2454248.42201 12.64134
2454249.42206 18.08575
2454250.42210 14.08123
2454251.42215 11.15039
2454252.42220 12.44401
2454253.42224 17.37316
2454254.42229 16.65281
2454255.42233 12.27754
2454256.42238 10.80371
2454257.42242 16.63547
2454258.42247 19.94488
2454259.42252 11.62801
2454260.42256 12.22008
2454261.42261 18.34542
2454262.42265 18.19984
2454263.42270 11.71838
2454264.42274 11.90631
2454265.42279 19.00138
2454266.42283 20.72556
2454267.42288 11.29907
2454268.42293 12.03115
2454269.42297 15.75575
2454270.42302 17.57891
2454271.42306 13.32362
2454272.42311 11.27988
2454273.42315 16.45486
2454274.42320 18.71368
2454275.42325 15.52293
2454276.42329 10.45937
2454277.42334 14.00506
2454278.42338 17.89795
2454279.42343 15.72594
2454280.42347 10.26269
2454281.42352 12.15957
2454282.42356 20.81144
2454283.42361 15.11687
2454284.42366 12.18636
2454285.42370 11.48710
2454286.42375 18.63672
2454287.42379 15.45699
2454288.42384 9.75033
2454289.42388 12.05048
2454290.42393 21.95102
2454291.42398 17.55527
2454292.42402 10.32660
2454293.42407 9.83500
2454294.42411 15.07073
2454295.42416 16.95839
2454296.42420 10.98813
2454297.42425 11.22988
2454298.42429 13.64659
2454299.42434 18.27117
2454300.42439 13.60864
2454301.42443 12.82890
2454302.42448 13.80346
2454303.42452 17.34261
2454304.42457 11.91072
2454305.42461 10.85674
2454306.42466 14.34257
2454307.42471 22.36869
2454308.42475 13.81987
2454309.42480 10.35780
2454310.42484 18.08031
2454497.43338 14.93409
2454498.43342 10.69177
2454499.43347 13.06915
2454500.43351 16.51105
2454501.43356 14.74951
2454502.43360 12.67805
2454503.43365 14.20954
2454504.43370 19.43678
2454505.43374 14.82478
2454506.43379 11.62425
2454507.43383 10.92124
2454508.43388 15.66533
2454509.43392 16.14237
2454510.43397 13.17851
2454511.43401 14.24325
2454512.43406 17.30209
2454513.43411 16.50228
2454514.43415 9.61596
2454515.43420 11.47462
2454516.43424 17.84515
2454517.43429 19.63990
2454518.43433 13.17534
2454519.43438 10.68236
2454520.43443 17.85582
2454521.43447 17.30110
2454522.43452 13.40808
2454523.43456 9.98679
2454524.43461 16.94674
2454525.43465 19.60357
2454526.43470 13.52280
2454527.43474 11.08089
2454528.43479 13.01734
2454529.43484 17.01761
2454530.43488 13.78851
2454531.43493 8.67578
2454532.43497 14.06129
2454533.43502 18.35658
2454534.43506 16.87933
2454535.43511 10.28980
2454536.43516 15.29873
2454537.43520 19.53506
2454538.43525 14.82858
2454539.43529 10.42030
2454540.43534 14.06065
2454541.43538 20.95893
2454542.43543 16.16148
2454543.43548 8.80964
2454544.43552 10.25474
2454545.43557 17.76234
2454546.43561 13.05161
2454547.43566 12.89244
2454548.43570 12.42221
2454549.43575 16.74829
2454550.43579 15.66058
2454551.43584 12.59400
2454552.43589 9.90488
2454553.43593 15.54606
2454554.43598 16.71746
2454555.43602 12.13784
2454556.43607 11.33163
2454557.43611 18.63356
2454558.43616 20.41723
2454559.43621 12.65652
2454560.43625 11.35709
2454561.43630 14.85444
2454562.43634 15.33387
2454563.43639 12.46685
2454564.43643 9.25325
2454565.43648 14.19626
2454566.43652 17.07029
2454567.43657 13.45350
2454568.43662 10.57093
2454569.43666 16.82724
2454570.43671 15.62549
2454571.43675 12.94055
2454572.43680 9.18574
2454573.43684 14.61381
2454574.43689 18.36794
2454575.43694 14.46028
2454576.43698 10.85367
2454577.43703 14.03435
2454578.43707 18.45644
2454579.43712 14.95933
2454580.43716 10.68752
2454581.43721 11.80830
2454582.43725 17.67082
2454583.43730 16.06354
2454584.43735 11.80087
2454585.43739 11.72401
2454586.43744 19.43531
2454587.43748 19.83409
2454588.43753 11.82049
2454589.43757 10.32092
2454590.43762 18.78776
2454591.43767 18.80288
2454592.43771 14.98643
2454593.43776 10.72923
2454594.43780 17.48262
2454595.43785 18.85932
2454596.43789 12.42631
2454597.43794 9.79597
2454598.43798 16.06493
2454599.43803 19.53470
2454600.43808 14.79192
2454601.43812 10.13393
2454602.43817 14.14209
2454603.43821 18.06780
2454604.43826 12.14801
2454605.43830 11.35196
2454606.43835 13.27357
2454607.43840 20.46180
2454608.43844 15.15299
2454609.43849 10.06855
2454610.43853 13.08664
2454611.43858 17.04493
2454612.43862 13.97475
2454613.43867 11.65729
2454614.43871 12.62091
2454615.43876 20.26939
2454616.43881 18.40064
2454617.43885 9.81138
2454618.43890 12.26275
2454619.43894 17.89470
2454620.43899 14.84768
2454621.43903 10.44224
2454622.43908 11.77332
2454623.43913 16.43634
2454624.43917 16.77592
2454625.43922 10.95662
2454626.43926 12.79408
2454627.43931 13.62824
2454628.43935 18.68303
2454629.43940 11.44921
2454630.43945 9.46309
2454631.43949 15.55561
2454632.43954 19.34073
2454633.43958 13.31094
2454634.43963 9.95633
2454635.43967 16.91933
2454636.43972 20.67682
2454637.43976 14.19540
2454638.43981 9.04134
2454639.43986 15.18301
2454640.43990 19.35753
2454641.43995 12.73113
2454642.43999 7.99542
2454643.44004 10.90314
2454644.44008 18.52111
2454645.44013 15.03737
2454646.44018 8.40946
2454647.44022 14.22288
2454648.44027 18.49288
2454649.44031 17.39011
2454650.44036 10.07924
2454651.44040 10.82299
2454652.44045 18.73127
2454653.44049 17.07243
2454654.44054 9.47648
2454655.44059 9.76119
2454656.44063 17.66075
2454657.44068 14.95175
2454658.44072 11.61648
2454659.44077 10.33127
2454660.44081 19.87563
2454661.44086 13.50424
2454662.44091 11.11398
2454663.44095 11.68548
2454664.44100 14.87202
2454665.44104 17.29907
2454666.44109 11.10435
2454667.44113 9.11514
2454668.44118 16.00549
2454669.44122 15.57979
2454670.44127 12.10452
2454671.44132 9.95044
2454672.44136 14.54572
2454673.44141 16.28459
2454674.44145 14.28887
2454675.44150 9.94354
2454676.44154 12.60821
2454862.45003 14.21071
2454863.45008 11.24127
2454864.45012 7.83800
2454865.45017 11.17951
2454866.45021 17.42215
2454867.45026 12.70360
2454868.45031 6.88213
2454869.45035 11.02542
2454870.45040 14.96438
2454871.45044 14.05780
2454872.45049 6.64090
2454873.45053 8.83179
2454874.45058 16.97077
2454875.45063 13.37609
2454876.45067 8.92192
2454877.45072 6.67476
2454878.45076 14.04652
2454879.45081 14.67981
2454880.45085 10.26690
2454881.45090 7.17983
2454882.45094 15.20376
2454883.45099 16.99033
2454884.45104 8.65046
2454885.45108 7.37515
2454886.45113 13.73068
2454887.45117 13.36164
2454888.45122 9.51693
2454889.45126 8.24186
2454890.45131 13.43958
2454891.45136 15.63350
2454892.45140 10.78609
2454893.45145 7.49429
2454894.45149 12.89295
2454895.45154 15.06264
2454896.45158 13.13284
2454897.45163 7.90763
2454898.45167 11.90595
2454899.45172 14.54598
2454900.45177 10.87262
2454901.45181 6.79597
2454902.45186 10.40458
2454903.45190 12.91334
2454904.45195 13.44360
2454905.45199 8.11930
2454906.45204 10.11539
2454907.45209 14.32403
2454908.45213 12.39925
2454909.45218 7.70921
2454910.45222 8.70389
2454911.45227 15.57898
2454912.45231 14.91130
2454913.45236 8.75160
2454914.45240 7.26095
2454915.45245 14.68415
2454916.45250 14.04812
2454917.45254 8.31287
2454918.45259 8.28686
2454919.45263 15.05600
2454920.45268 17.08813
2454921.45272 9.36755
2454922.45277 7.09455
2454923.45282 12.67210
2454924.45286 12.63940
2454925.45291 10.93102
2454926.45295 6.61771
2454927.45300 12.84443
2454928.45304 16.51980
2454929.45309 9.05068
2454930.45313 6.01701
2454931.45318 13.18392
2454932.45323 15.96722
2454933.45327 10.41653
2454934.45332 6.46935
2454935.45336 11.74969
2454936.45341 16.87252
2454937.45345 10.05140
2454938.45350 7.68764
2454939.45355 10.73737
2454940.45359 14.98130
2454941.45364 10.98754
2454942.45368 7.50884
2454943.45373 9.44861
2454944.45377 12.70138
2454945.45382 12.81969
2454946.45387 9.32034
2454947.45391 8.31630
2454948.45396 13.33781
2454949.45400 12.32550
2454950.45405 8.85297
2454951.45409 8.31181
2454952.45414 15.78660
2454953.45418 14.55892
2454954.45423 9.04612
2454955.45428 6.51180
2454956.45432 13.39505
2454957.45437 15.02241
2454958.45441 9.83130
2454959.45446 6.88981
2454960.45450 11.67169
2454961.45455 14.98075
2454962.45460 7.73963
2454963.45464 4.88259
2454964.45469 12.63837
2454965.45473 14.47924
2454966.45478 9.73916
2454967.45482 6.68019
2454968.45487 12.37268
2454969.45491 15.87533
2454970.45496 12.78861
2454971.45501 6.41628
2454972.45505 10.33968
2454973.45510 15.32355
2454974.45514 9.96775
2454975.45519 6.77419
2454976.45523 6.97443
2454977.45528 13.86321
2454978.45533 12.15568
2454979.45537 5.88145
2454980.45542 8.08328
2454981.45546 17.00566
2454982.45551 14.17849
2454983.45555 6.24959
2454984.45560 7.39420
2454985.45564 12.11135
2454986.45569 14.28085
2454987.45574 6.96556
2454988.45578 5.72793
2454989.45583 13.43566
2454990.45587 14.43103
2454991.45592 8.41317
2454992.45596 6.54906
2454993.45601 12.16037
2454994.45606 17.02577
2454995.45610 8.28825
2454996.45615 6.61949
2454997.45619 11.24974
2454998.45624 15.46645
2454999.45628 7.64778
2455000.45633 5.60278
2455001.45637 9.76128
2455002.45642 13.72284
2455003.45647 10.86387
2455004.45651 5.35292
2455005.45656 11.02637
2455006.45660 16.83076
2455007.45665 10.34886
2455008.45669 6.22512
2455009.45674 9.97091
2455010.45679 14.65631
2455011.45683 11.92330
2455012.45688 6.81379
2455013.45692 8.11514
2455014.45697 12.86606
2455015.45701 10.57606
2455016.45706 6.56960
2455017.45711 8.80111
2455018.45715 13.10633
2455019.45720 9.75624
2455020.45724 5.88964
2455021.45729 7.60575
2455022.45733 13.26543
2455023.45738 13.19954
2455024.45742 6.41056
2455025.45747 7.26361
2455026.45752 13.19537
2455027.45756 14.22290
2455028.45761 7.42315
2455029.45765 6.39588
2455030.45770 12.62917
2455031.45774 12.51803
2455032.45779 8.22092
2455033.45784 6.12064
2455034.45788 12.63539
2455035.45793 14.62882
2455036.45797 7.76965
2455037.45802 4.95173
2455038.45806 10.07458
2455039.45811 14.43190
2455040.45815 9.19510
2455041.45820 4.64743
2455227.46669 6.14640
2455228.46673 9.37950
2455229.46678 5.75517
2455230.46682 3.05842
2455231.46687 7.55216
2455232.46692 13.72557
2455233.46696 8.17173
2455234.46701 3.35865
2455235.46705 4.58281
2455236.46710 9.79496
2455237.46714 8.54033
2455238.46719 3.55812
2455239.46724 4.58314
2455240.46728 11.07058
2455241.46733 10.95862
2455242.46737 3.94408
2455243.46742 4.06150
2455244.46746 9.10052
2455245.46751 9.31686
2455246.46755 3.92643
2455247.46760 3.75055
2455248.46765 9.22885
2455249.46769 9.06170
2455250.46774 5.20150
2455251.46778 2.71964
2455252.46783 10.28032
2455253.46787 10.75399
2455254.46792 6.31196
2455255.46797 3.12199
2455256.46801 7.26614
2455257.46806 11.64423
2455258.46810 6.98809
2455259.46815 2.68290
2455260.46819 7.48487
2455261.46824 10.02902
2455262.46829 7.75635
2455263.46833 2.49441
2455264.46838 6.63550
2455265.46842 12.49798
2455266.46847 8.60876
2455267.46851 2.81887
2455268.46856 5.97920
2455269.46860 11.96339
2455270.46865 10.06854
2455271.46870 2.94393
2455272.46874 4.94704
2455273.46879 11.82483
2455274.46883 8.93544
2455275.46888 2.86290
2455276.46892 4.38504
2455277.46897 10.11358
2455278.46902 8.75863
2455279.46906 3.95087
2455280.46911 4.08397
2455281.46915 8.14863
2455282.46920 11.50348
2455283.46924 3.21987
2455284.46929 2.94255
2455285.46933 10.72706
2455286.46938 10.45115
2455287.46943 4.98675
2455288.46947 2.87420
2455289.46952 6.89055
2455290.46956 11.13723
2455291.46961 5.66223
2455292.46965 2.84561
2455293.46970 6.60148
2455294.46975 10.75592
2455295.46979 5.75539
2455296.46984 2.02374
2455297.46988 7.48141
2455298.46993 11.20599
2455299.46997 6.68152
2455300.47002 2.13215
2455301.47006 5.58150
2455302.47011 10.51441
2455303.47016 6.80830
2455304.47020 2.31063
2455305.47025 4.94449
2455306.47029 9.95291
2455307.47034 8.61094
2455308.47038 2.68549
2455309.47043 4.14358
2455310.47048 10.22826
2455311.47052 11.07662
2455312.47057 3.62607
2455313.47061 3.32142
2455314.47066 8.97141
2455315.47070 8.64174
2455316.47075 3.83374
2455317.47079 2.99800
2455318.47084 9.49458
2455319.47089 12.15138
2455320.47093 4.02967
2455321.47098 2.81913
2455322.47102 9.03544
2455323.47107 9.86743
2455324.47111 5.16868
2455325.47116 2.06643
2455326.47121 8.89263
2455327.47125 10.09049
2455328.47130 5.10991
2455329.47134 1.78933
2455330.47139 6.40172
2455331.47143 10.36681
2455332.47148 4.60962
2455333.47153 1.84410
2455334.47157 5.92873
2455335.47162 11.65952
2455336.47166 7.11164
2455337.47171 1.76700
2455338.47175 5.19226
2455339.47180 10.40061
2455340.47184 8.66202
2455341.47189 1.87827
2455342.47194 4.32810
2455343.47198 9.19645
2455344.47203 7.00437
2455345.47207 2.38890
2455346.47212 4.01377
2455347.47216 11.23859
2455348.47221 9.76794
2455349.47226 3.35459
2455350.47230 3.24870
2455351.47235 9.19876
2455352.47239 8.17131
2455353.47244 3.42134
2455354.47248 2.73109
2455355.47253 9.40778
2455356.47257 8.72219
2455357.47262 3.91270
2455358.47267 2.27428
2455359.47271 8.25429
2455360.47276 9.48905
2455361.47280 4.95845
2455362.47285 2.25841
2455363.47289 6.56942
2455364.47294 11.15545
2455365.47299 3.65576
2455366.47303 1.75535
2455367.47308 5.36599
2455368.47312 9.94717
2455369.47317 5.09274
2455370.47321 1.51448
2455371.47326 6.28074
2455372.47330 8.51623
2455373.47335 6.36021
2455374.47340 1.50226
2455375.47344 5.78570
2455376.47349 10.73141
2455377.47353 6.45359
2455378.47358 1.66784
2455379.47362 4.88415
2455380.47367 10.70136
2455381.47372 7.25827
2455382.47376 1.98767
2455383.47381 3.42594
2455384.47385 9.05369
2455385.47390 7.13631
2455386.47394 2.28351
2455387.47399 3.25960
2455388.47403 8.69590
2455389.47408 9.05024
2455390.47413 3.00068
2455391.47417 2.81678
2455392.47422 8.42605
2455393.47426 10.63189
2455394.47431 3.34224
2455395.47435 1.80606
2455396.47440 7.72996
2455397.47445 9.14384
2455398.47449 4.13224
2455399.47454 1.65572
2455400.47458 6.40780
2455401.47463 10.11679
2455402.47467 5.27757
2455403.47472 1.20555
2455404.47476 6.85150
2455405.47481 10.26755
2455406.47486 5.56968
2455592.48334 0.19248
2455593.48339 3.62803
2455594.48344 9.32932
2455595.48348 6.94360
2455596.48353 0.43719
2455597.48357 3.35669
2455598.48362 7.67767
2455599.48366 6.53375
2455600.48371 0.79972
2455601.48375 2.10838
2455602.48380 9.15726
2455603.48385 7.79800
2455604.48389 1.15967
2455605.48394 1.62472
2455606.48398 7.08354
2455607.48403 9.22586
2455608.48407 1.75302
2455609.48412 1.17250
2455610.48417 6.97016
2455611.48421 8.34083
2455612.48426 2.29465
2455613.48430 0.71913
2455614.48435 7.08827
2455615.48439 7.99554
2455616.48444 2.50554
2455617.48448 0.36866
2455618.48453 4.85038
2455619.48458 8.62983
2455620.48462 3.47787
2455621.48467 0.17369
2455622.48471 6.12707
2455623.48476 7.27762
2455624.48480 5.42575
2455625.48485 0.09479
2455626.48490 4.48463
2455627.48494 7.74249
2455628.48499 5.69795
2455629.48503 0.16251
2455630.48508 3.54000
2455631.48512 7.15209
2455632.48517 5.96823
2455633.48521 0.38800
2455634.48526 2.75335
2455635.48531 9.60455
2455636.48535 7.37820
2455637.48540 0.63517
2455638.48544 2.46969
2455639.48549 8.23736
2455640.48553 7.30512
2455641.48558 1.12595
2455642.48563 1.52252
2455643.48567 5.67257
2455644.48572 7.68472
2455645.48576 1.42777
2455646.48581 1.14452
2455647.48585 8.22648
2455648.48590 9.00009
2455649.48595 2.22323
2455650.48599 0.50584
2455651.48604 6.00505
2455652.48608 10.32525
2455653.48613 2.76350
2455654.48617 0.19780
2455655.48622 6.28612
2455656.48626 10.20767
2455657.48631 4.32206
2455658.48636 0.09041
2455659.48640 5.52871
2455660.48645 9.02448
2455661.48649 3.54141
2455662.48654 0.03719
2455663.48658 4.41878
2455664.48663 8.82489
2455665.48668 5.13878
2455666.48672 0.11339
2455667.48677 3.05532
2455668.48681 10.39797
2455669.48686 7.09642
2455670.48690 0.34427
2455671.48695 2.73907
2455672.48699 7.66113
2455673.48704 7.10471
2455674.48709 0.80798
2455675.48713 1.68367
2455676.48718 8.46210
2455677.48722 7.70507
2455678.48727 1.20369
2455679.48731 1.61383
2455680.48736 9.11536
2455681.48741 7.67946
2455682.48745 1.81401
2455683.48750 0.88470
2455684.48754 6.52830
2455685.48759 8.54064
2455686.48763 2.49625
2455687.48768 0.48660
2455688.48772 5.73671
2455689.48777 8.25349
2455690.48782 2.90430
2455691.48786 0.17841
2455692.48791 5.73458
2455693.48795 9.24155
2455694.48800 4.16152
2455695.48804 0.03776
2455696.48809 4.52095
2455697.48814 10.34931
2455698.48818 4.48361
2455699.48823 0.02029
2455700.48827 3.95648
2455701.48832 9.92046
2455702.48836 5.94925
2455703.48841 0.14694
2455704.48845 3.27874
2455705.48850 7.97186
2455706.48855 7.23551
2455707.48859 0.40597
2455708.48864 2.43324
2455709.48868 9.63158
2455710.48873 6.40084
2455711.48877 0.84239
2455712.48882 2.16626
2455713.48887 7.27352
2455714.48891 7.82162
2455715.48896 1.30931
2455716.48900 1.64315
2455717.48905 6.93241
2455718.48909 9.07103
2455719.48914 1.79120
2455720.48918 0.71200
2455721.48923 6.79364
2455722.48928 8.37741
2455723.48932 2.18394
2455724.48937 0.44647
2455725.48941 6.78693
2455726.48946 8.90873
2455727.48950 2.98727
2455728.48955 0.17146
2455729.48960 5.45875
2455730.48964 9.09661
2455731.48969 4.34882
2455732.48973 0.04515
2455733.48978 4.04126
2455734.48982 8.46979
2455735.48987 4.76604
2455736.48992 0.05188
2455737.48996 4.44518
2455738.49001 10.49526
2455739.49005 5.52825
2455740.49010 0.19605
2455741.49014 2.72249
2455742.49019 9.09690
2455743.49023 5.53154
2455744.49028 0.44378
2455745.49033 3.22742
2455746.49037 8.66109
2455747.49042 6.29428
2455748.49046 0.86615
2455749.49051 1.73443
2455750.49055 7.20865
2455751.49060 9.09044
2455752.49065 1.46943
2455753.49069 1.30501
2455754.49074 7.15006
2455755.49078 7.79396
2455756.49083 2.21468
2455757.49087 0.81550
2455758.49092 4.71917
2455759.49096 10.52449
2455760.49101 2.63504
2455761.49106 0.44746
2455762.49110 6.80237
2455763.49115 9.19484
2455764.49119 3.56257
2455765.49124 0.18804
2455766.49128 4.73763
2455767.49133 9.22460
2455768.49138 4.66323
2455769.49142 0.08394
2455770.49147 4.30536
2455771.49151 10.13199
2455957.50000 5.99385
