2445000.00000 15.23245
2445001.00005 15.69381
2445002.00009 14.82621
2445003.00014 16.50371
2445004.00018 18.77690
2445005.00023 18.90852
2445006.00027 21.77109
2445007.00032 22.02835
2445008.00037 21.71189
2445009.00041 27.12733
2445010.00046 18.14251
2445011.00050 23.66476
2445012.00055 21.71941
2445013.00059 18.22766
2445014.00064 21.18143
2445015.00068 17.53449
2445016.00073 17.07265
2445017.00078 18.32389
2445018.00082 16.29456
2445019.00087 14.97869
2445020.00091 16.58551
2445021.00096 18.38039
2445022.00100 15.82117
2445023.00105 17.75975
2445024.00110 21.18925
2445025.00114 21.65135
2445026.00119 22.74676
2445027.00123 22.77462
2445028.00128 24.82440
2445029.00132 27.21739
2445030.00137 25.75722
2445031.00141 25.44150
2445032.00146 24.42698
2445033.00151 24.14968
2445034.00155 26.45796
2445035.00160 22.29942
2445036.00164 17.96914
2445037.00169 18.46229
2445038.00173 16.87429
2445039.00178 15.85887
2445040.00183 16.62224
2445041.00187 20.09649
2445042.00192 19.41945
2445043.00196 18.45056
2445044.00201 17.76172
2445045.00205 25.35227
2445046.00210 23.61099
2445047.00214 26.60034
2445048.00219 25.16090
2445049.00224 27.46309
2445050.00228 23.62710
2445051.00233 23.06814
2445052.00237 27.07584
2445053.00242 19.50700
2445054.00246 21.87391
2445055.00251 21.37076
2445056.00256 19.49989
2445057.00260 19.72000
2445058.00265 17.22217
2445059.00269 18.96454
2445060.00274 17.54695
2445061.00278 16.67389
2445062.00283 21.11832
2445063.00287 20.12569
2445064.00292 20.21990
2445065.00297 23.66783
2445066.00301 28.28177
2445067.00306 27.59403
2445068.00310 27.40429
2445069.00315 27.17707
2445070.00319 23.70484
2445071.00324 25.32229
2445072.00329 25.71108
2445073.00333 24.50875
2445074.00338 20.88255
2445075.00342 18.30036
2445076.00347 23.80233
2445077.00351 21.28019
2445078.00356 14.76570
2445079.00361 15.78502
2445080.00365 17.12984
2445081.00370 19.85318
2445082.00374 19.28260
2445083.00379 23.10438
2445084.00383 22.73200
2445085.00388 27.47761
2445086.00392 28.07038
2445087.00397 23.43909
2445088.00402 22.70585
2445089.00406 26.11803
2445090.00411 28.04864
2445091.00415 26.20870
2445092.00420 24.68423
2445093.00424 22.61848
2445094.00429 21.01764
2445095.00434 20.00120
2445096.00438 22.79001
2445097.00443 19.05672
2445098.00447 21.32346
2445099.00452 17.64675
2445100.00456 22.89764
2445101.00461 17.56131
2445102.00465 25.24291
2445103.00470 22.96300
2445104.00475 29.32980
2445105.00479 24.53976
2445106.00484 29.26782
2445107.00488 30.83703
2445108.00493 31.36383
2445109.00497 29.84719
2445110.00502 30.91910
2445111.00507 26.73709
2445112.00511 24.90738
2445113.00516 28.66181
2445114.00520 23.30683
2445115.00525 22.48167
2445116.00529 21.36356
2445117.00534 20.13387
2445118.00538 18.70459
2445119.00543 23.52398
2445120.00548 24.48305
2445121.00552 22.25105
2445122.00557 25.43504
2445123.00561 21.77814
2445124.00566 29.92454
2445125.00570 29.04762
2445126.00575 31.17854
2445127.00580 31.21956
2445128.00584 26.20979
2445129.00589 28.67206
2445130.00593 29.87724
2445131.00598 31.08253
2445132.00602 25.63836
2445133.00607 23.20359
2445134.00611 24.25786
2445135.00616 23.00547
2445136.00621 24.10437
2445137.00625 23.13245
2445138.00630 24.25733
2445139.00634 22.82913
2445140.00639 24.24673
2445141.00643 20.05247
2445142.00648 25.42257
2445143.00653 30.26492
2445144.00657 27.76394
2445145.00662 25.46798
2445146.00666 33.03493
2445147.00671 33.71661
2445148.00675 28.64241
2445149.00680 29.71630
2445150.00684 26.90477
2445151.00689 28.70749
2445152.00694 28.97489
2445153.00698 26.26395
2445154.00703 21.91967
2445155.00707 23.00251
2445156.00712 24.27973
2445157.00716 19.12422
2445158.00721 20.51886
2445159.00726 24.52162
2445160.00730 26.42619
2445161.00735 26.13674
2445162.00739 25.81017
2445163.00744 26.73117
2445164.00748 31.26945
2445165.00753 29.52087
2445166.00758 27.07279
2445167.00762 29.32520
2445168.00767 33.04824
2445169.00771 33.08090
2445170.00776 27.49430
2445171.00780 31.71947
2445172.00785 26.12782
2445173.00789 29.65897
2445174.00794 21.98790
2445175.00799 19.26032
2445176.00803 20.87155
2445177.00808 22.70695
2445178.00812 25.69606
2445179.00817 23.57149
2445366.01670 30.91288
2445367.01675 30.85245
2445368.01679 28.05815
2445369.01684 23.71528
2445370.01688 27.72325
2445371.01693 22.85906
2445372.01698 27.07987
2445373.01702 20.61331
2445374.01707 22.95048
2445375.01711 20.01725
2445376.01716 19.48453
2445377.01720 20.96189
2445378.01725 29.15558
2445379.01729 25.68820
2445380.01734 23.02809
2445381.01739 22.49111
2445382.01743 33.00595
2445383.01748 27.72051
2445384.01752 27.57093
2445385.01757 32.65646
2445386.01761 24.93731
2445387.01766 32.46812
2445388.01771 30.23617
2445389.01775 30.10383
2445390.01780 26.66560
2445391.01784 25.27302
2445392.01789 24.07239
2445393.01793 24.86343
2445394.01798 20.37409
2445395.01803 19.29264
2445396.01807 18.62226
2445397.01812 20.61097
2445398.01816 26.73173
2445399.01821 22.44896
2445400.01825 27.13533
2445401.01830 27.12244
2445402.01834 33.06422
2445403.01839 29.29618
2445404.01844 23.61492
2445405.01848 28.68765
2445406.01853 30.90536
2445407.01857 26.04699
2445408.01862 35.95661
2445409.01866 20.48775
2445410.01871 24.57245
2445411.01876 20.14387
2445412.01880 22.10617
2445413.01885 18.09897
2445414.01889 19.20449
2445415.01894 16.52711
2445416.01898 17.14795
2445417.01903 20.33174
2445418.01907 21.35262
2445419.01912 20.91171
2445420.01917 24.71076
2445421.01921 25.58316
2445422.01926 20.52485
2445423.01930 25.15912
2445424.01935 25.54494
2445425.01939 27.56625
2445426.01944 28.12421
2445427.01949 27.41962
2445428.01953 25.19813
2445429.01958 20.68910
2445430.01962 22.64463
2445431.01967 21.42537
2445432.01971 17.92926
2445433.01976 24.16769
2445434.01980 17.52539
2445435.01985 20.84336
2445436.01990 22.59426
2445437.01994 24.36437
2445438.01999 18.23885
2445439.02003 22.12039
2445440.02008 24.54014
2445441.02012 29.74726
2445442.02017 28.69507
2445443.02022 29.39479
2445444.02026 24.50013
2445445.02031 25.58813
2445446.02035 24.76664
2445447.02040 32.03702
2445448.02044 29.66202
2445449.02049 21.07620
2445450.02053 19.10431
2445451.02058 23.73728
2445452.02063 21.85288
2445453.02067 18.35059
2445454.02072 16.69303
2445455.02076 15.51435
2445456.02081 18.31672
2445457.02085 22.21698
2445458.02090 18.73287
2445459.02095 23.06301
2445460.02099 20.77355
2445461.02104 26.26879
2445462.02108 21.93867
2445463.02113 25.48807
2445464.02117 28.06405
2445465.02122 26.68635
2445466.02126 21.21383
2445467.02131 22.43926
2445468.02136 22.16423
2445469.02140 19.15345
2445470.02145 21.91402
2445471.02149 17.67906
2445472.02154 19.66377
2445473.02158 19.00674
2445474.02163 18.19613
2445475.02168 18.39178
2445476.02172 17.06268
2445477.02177 18.53232
2445478.02181 16.04218
2445479.02186 20.22148
2445480.02190 19.81627
2445481.02195 24.88509
2445482.02200 24.27132
2445483.02204 25.13641
2445484.02209 29.62257
2445485.02213 17.45262
2445486.02218 28.45496
2445487.02222 25.20941
2445488.02227 23.38776
2445489.02231 19.74595
2445490.02236 21.61288
2445491.02241 18.18034
2445492.02245 17.47295
2445493.02250 16.71321
2445494.02254 16.77586
2445495.02259 15.73362
2445496.02263 13.96139
2445497.02268 18.04132
2445498.02273 19.11618
2445499.02277 20.25581
2445500.02282 27.43798
2445501.02286 22.35351
2445502.02291 23.54632
2445503.02295 23.92902
2445504.02300 23.82758
2445505.02304 26.43596
2445506.02309 22.96740
2445507.02314 19.93171
2445508.02318 19.96160
2445509.02323 19.81002
2445510.02327 19.90470
2445511.02332 15.85643
2445512.02336 13.77677
2445513.02341 14.42474
2445514.02346 15.23941
2445515.02350 16.76517
2445516.02355 16.69176
2445517.02359 13.58364
2445518.02364 21.17989
2445519.02368 20.64345
2445520.02373 21.27837
2445521.02377 23.60705
2445522.02382 22.37351
2445523.02387 22.09022
2445524.02391 25.08595
2445525.02396 19.07130
2445526.02400 21.45820
2445527.02405 19.20334
2445528.02409 16.69738
2445529.02414 18.56700
2445530.02419 13.51356
2445531.02423 17.59398
2445532.02428 17.43246
2445533.02432 13.42690
2445534.02437 13.21110
2445535.02441 15.69735
2445536.02446 15.10566
2445537.02450 19.49957
2445538.02455 18.36939
2445539.02460 22.40102
2445540.02464 20.18125
2445541.02469 23.23030
2445542.02473 25.34817
2445543.02478 20.95471
2445544.02482 20.85080
2445545.02487 18.09562
2445731.03336 3.34520
2445732.03340 3.11217
2445733.03345 4.62500
2445734.03349 5.08752
2445735.03354 7.61641
2445736.03359 7.13110
2445737.03363 8.49074
2445738.03368 11.06992
2445739.03372 10.72282
2445740.03377 12.69999
2445741.03381 9.70004
2445742.03386 10.24465
2445743.03391 10.34206
2445744.03395 8.39564
2445745.03400 6.15421
2445746.03404 5.16318
2445747.03409 4.84718
2445748.03413 4.41563
2445749.03418 2.40131
2445750.03422 2.87841
2445751.03427 2.17792
2445752.03432 2.92355
2445753.03436 3.78203
2445754.03441 4.67160
2445755.03445 6.15781
2445756.03450 7.33060
2445757.03454 9.58083
2445758.03459 10.90328
2445759.03464 10.60725
2445760.03468 12.26036
2445761.03473 10.07609
2445762.03477 9.45099
2445763.03482 9.29876
2445764.03486 7.78409
2445765.03491 6.04186
2445766.03495 5.06185
2445767.03500 2.89568
2445768.03505 2.84632
2445769.03509 2.14897
2445770.03514 1.87396
2445771.03518 1.93299
2445772.03523 2.95090
2445773.03527 3.23513
2445774.03532 5.39386
2445775.03537 6.14450
2445776.03541 8.45863
2445777.03546 8.90830
2445778.03550 10.37300
2445779.03555 10.06045
2445780.03559 10.25565
2445781.03564 9.06984
2445782.03568 9.41242
2445783.03573 8.25911
2445784.03578 6.58026
2445785.03582 5.67926
2445786.03587 3.60939
2445787.03591 2.49241
2445788.03596 2.05377
2445789.03600 1.19534
2445790.03605 1.25559
2445791.03610 1.60354
2445792.03614 2.04887
2445793.03619 3.12316
2445794.03623 4.27625
2445795.03628 5.81256
2445796.03632 7.18325
2445797.03637 8.03224
2445798.03642 8.63837
2445799.03646 9.01922
2445800.03651 8.77411
2445801.03655 7.68566
2445802.03660 8.53127
2445803.03664 7.93401
2445804.03669 5.78231
2445805.03673 4.45129
2445806.03678 3.03373
2445807.03683 2.32225
2445808.03687 1.37743
2445809.03692 0.85058
2445810.03696 0.83665
2445811.03701 1.16068
2445812.03705 2.08314
2445813.03710 3.28854
2445814.03715 4.19899
2445815.03719 6.17005
2445816.03724 7.10195
2445817.03728 8.63803
2445818.03733 9.74693
2445819.03737 9.78929
2445820.03742 10.19706
2445821.03746 9.84730
2445822.03751 8.05763
2445823.03756 6.95021
2445824.03760 6.60764
2445825.03765 3.83993
2445826.03769 2.44550
2445827.03774 1.60186
2445828.03778 0.83410
2445829.03783 0.52415
2445830.03788 0.65067
2445831.03792 1.15330
2445832.03797 2.27575
2445833.03801 3.53241
2445834.03806 5.21028
2445835.03810 6.22606
2445836.03815 6.55300
2445837.03819 8.37297
2445838.03824 8.84095
2445839.03829 8.58089
2445840.03833 9.17044
2445841.03838 9.22435
2445842.03842 7.00476
2445843.03847 6.16394
2445844.03851 4.87215
2445845.03856 3.07909
2445846.03861 1.93806
2445847.03865 1.15345
2445848.03870 0.61913
2445849.03874 0.36679
2445850.03879 0.55173
2445851.03883 0.91767
2445852.03888 2.55925
2445853.03892 4.39021
2445854.03897 5.40594
2445855.03902 6.73534
2445856.03906 8.07885
2445857.03911 8.18145
2445858.03915 7.91995
2445859.03920 9.44826
2445860.03924 7.94733
2445861.03929 8.29562
2445862.03934 7.60814
2445863.03938 5.38470
2445864.03943 4.58907
2445865.03947 2.74359
2445866.03952 2.12650
2445867.03956 0.98564
2445868.03961 0.38991
2445869.03966 0.28855
2445870.03970 0.70713
2445871.03975 1.50304
2445872.03979 1.94390
2445873.03984 3.72362
2445874.03988 5.36473
2445875.03993 6.84199
2445876.03997 7.35769
2445877.04002 8.95424
2445878.04007 8.19386
2445879.04011 10.07037
2445880.04016 8.38015
2445881.04020 7.21180
2445882.04025 6.34632
2445883.04029 5.16449
2445884.04034 4.04358
2445885.04039 2.62756
2445886.04043 1.81665
2445887.04048 0.85643
2445888.04052 0.43165
2445889.04057 0.37204
2445890.04061 0.83790
2445891.04066 1.63054
2445892.04070 2.88721
2445893.04075 3.71472
2445894.04080 5.25828
2445895.04084 6.07851
2445896.04089 8.19343
2445897.04093 8.70370
2445898.04098 8.36774
2445899.04102 9.29388
2445900.04107 9.02911
2445901.04112 7.09188
2445902.04116 6.06467
2445903.04121 5.79719
2445904.04125 3.47661
2445905.04130 3.35891
2445906.04134 1.69076
2445907.04139 0.89061
2445908.04143 0.47985
2445909.04148 0.79946
2445910.04153 1.18346
2446096.05001 13.36067
2446097.05006 16.69451
2446098.05010 15.41146
2446099.05015 13.32341
2446100.05020 13.37427
2446101.05024 13.48602
2446102.05029 11.02149
2446103.05033 9.26779
2446104.05038 8.87171
2446105.05042 7.97506
2446106.05047 7.98422
2446107.05052 6.17201
2446108.05056 6.79530
2446109.05061 8.24266
2446110.05065 13.58125
2446111.05070 13.36777
2446112.05074 15.18899
2446113.05079 16.22111
2446114.05084 17.00987
2446115.05088 19.89027
2446116.05093 17.95031
2446117.05097 17.85982
2446118.05102 13.48797
2446119.05106 16.09430
2446120.05111 16.44291
2446121.05115 13.99948
2446122.05120 12.18170
2446123.05125 10.48127
2446124.05129 8.39980
2446125.05134 7.75988
2446126.05138 9.16306
2446127.05143 10.23106
2446128.05147 12.02599
2446129.05152 11.73665
2446130.05157 14.21814
2446131.05161 12.84865
2446132.05166 18.02411
2446133.05170 16.79504
2446134.05175 18.27173
2446135.05179 17.41651
2446136.05184 19.60995
2446137.05188 16.41869
2446138.05193 19.39087
2446139.05198 17.81045
2446140.05202 15.48772
2446141.05207 14.38529
2446142.05211 11.75494
2446143.05216 11.68407
2446144.05220 9.96894
2446145.05225 10.22444
2446146.05230 11.04412
2446147.05234 11.40226
2446148.05239 14.98548
2446149.05243 12.02159
2446150.05248 15.75971
2446151.05252 19.12678
2446152.05257 17.15712
2446153.05261 19.40751
2446154.05266 18.09992
2446155.05271 21.88866
2446156.05275 21.79653
2446157.05280 17.65931
2446158.05284 17.22640
2446159.05289 21.61053
2446160.05293 12.90768
2446161.05298 14.23432
2446162.05303 14.82661
2446163.05307 13.54817
2446164.05312 10.51302
2446165.05316 11.95078
2446166.05321 11.90161
2446167.05325 12.85188
2446168.05330 13.18299
2446169.05334 16.59998
2446170.05339 18.18332
2446171.05344 21.99039
2446172.05348 20.30929
2446173.05353 20.47524
2446174.05357 19.21890
2446175.05362 22.10509
2446176.05366 21.45777
2446177.05371 20.65793
2446178.05376 18.50292
2446179.05380 19.37147
2446180.05385 16.02859
2446181.05389 15.79366
2446182.05394 16.76683
2446183.05398 15.48842
2446184.05403 12.98617
2446185.05408 13.93415
2446186.05412 12.20557
2446187.05417 14.78430
2446188.05421 15.35282
2446189.05426 10.61129
2446190.05430 16.79832
2446191.05435 20.11151
2446192.05439 19.84180
2446193.05444 22.14846
2446194.05449 24.57383
2446195.05453 23.29073
2446196.05458 22.80489
2446197.05462 17.71948
2446198.05467 20.91657
2446199.05471 19.59302
2446200.05476 18.79599
2446201.05481 17.36192
2446202.05485 18.01853
2446203.05490 14.66033
2446204.05494 15.95107
2446205.05499 14.25214
2446206.05503 16.91231
2446207.05508 17.15390
2446208.05512 18.83912
2446209.05517 20.16844
2446210.05522 16.93741
2446211.05526 19.20826
2446212.05531 25.56477
2446213.05535 18.06904
2446214.05540 23.35469
2446215.05544 25.78257
2446216.05549 23.63210
2446217.05554 26.28066
2446218.05558 20.86520
2446219.05563 20.45758
2446220.05567 19.75839
2446221.05572 16.64778
2446222.05576 14.78850
2446223.05581 15.69321
2446224.05585 14.53532
2446225.05590 14.49449
2446226.05595 13.63421
2446227.05599 20.13980
2446228.05604 17.43185
2446229.05608 21.09097
2446230.05613 19.37571
2446231.05617 18.70557
2446232.05622 21.09250
2446233.05627 25.97529
2446234.05631 23.96094
2446235.05636 22.92494
2446236.05640 19.96529
2446237.05645 19.12098
2446238.05649 21.16422
2446239.05654 25.07250
2446240.05658 19.17120
2446241.05663 18.98597
2446242.05668 19.45752
2446243.05672 16.82407
2446244.05677 14.39568
2446245.05681 15.14044
2446246.05686 17.52868
2446247.05690 18.46281
2446248.05695 20.41222
2446249.05700 24.95774
2446250.05704 19.87995
2446251.05709 25.89936
2446252.05713 22.58936
2446253.05718 28.03045
2446254.05722 24.41343
2446255.05727 23.65749
2446256.05731 23.17034
2446257.05736 19.73239
2446258.05741 24.19799
2446259.05745 24.77963
2446260.05750 17.63036
2446261.05754 21.36589
2446262.05759 19.47435
2446263.05763 17.56398
2446264.05768 21.47654
2446265.05773 17.38699
2446266.05777 17.62931
2446267.05782 21.25305
2446268.05786 23.94474
2446269.05791 21.00360
2446270.05795 29.60132
2446271.05800 23.50568
2446272.05805 27.77440
2446273.05809 27.90568
2446274.05814 28.15600
2446275.05818 28.27435
2446461.06667 21.33714
2446462.06672 21.09631
2446463.06676 21.62632
2446464.06681 24.61911
2446465.06685 29.76847
2446466.06690 23.72709
2446467.06694 31.25112
2446468.06699 26.89805
2446469.06703 33.46793
2446470.06708 30.68357
2446471.06713 39.90309
2446472.06717 33.78619
2446473.06722 39.49909
2446474.06726 31.21590
2446475.06731 33.42429
2446476.06735 31.92183
2446477.06740 26.76830
2446478.06745 29.61126
2446479.06749 27.05347
2446480.06754 20.70397
2446481.06758 26.95020
2446482.06763 23.67712
2446483.06767 21.79417
2446484.06772 21.75266
2446485.06776 25.26227
2446486.06781 29.79096
2446487.06786 32.44522
2446488.06790 27.02350
2446489.06795 26.65104
2446490.06799 29.90880
2446491.06804 37.32894
2446492.06808 32.92240
2446493.06813 34.25825
2446494.06818 30.89240
2446495.06822 25.46912
2446496.06827 28.96011
2446497.06831 26.85254
2446498.06836 22.44749
2446499.06840 22.64247
2446500.06845 22.65042
2446501.06850 25.38246
2446502.06854 27.05487
2446503.06859 25.70262
2446504.06863 24.86346
2446505.06868 31.75375
2446506.06872 28.57613
2446507.06877 33.37446
2446508.06881 32.39496
2446509.06886 34.05020
2446510.06891 31.81121
2446511.06895 33.34310
2446512.06900 26.58001
2446513.06904 33.22741
2446514.06909 34.66109
2446515.06913 28.29154
2446516.06918 26.28667
2446517.06923 24.83517
2446518.06927 26.46609
2446519.06932 20.91902
2446520.06936 30.10016
2446521.06941 22.89308
2446522.06945 23.43333
2446523.06950 27.29604
2446524.06954 23.93117
2446525.06959 28.80075
2446526.06964 27.14977
2446527.06968 32.67653
2446528.06973 29.38992
2446529.06977 29.19097
2446530.06982 32.37206
2446531.06986 34.17613
2446532.06991 33.84498
2446533.06996 36.26085
2446534.07000 28.13302
2446535.07005 29.72544
2446536.07009 26.47635
2446537.07014 20.91259
2446538.07018 25.10226
2446539.07023 24.85587
2446540.07027 22.37049
2446541.07032 18.69495
2446542.07037 23.67749
2446543.07041 27.42064
2446544.07046 26.57471
2446545.07050 29.26090
2446546.07055 26.27302
2446547.07059 31.68453
2446548.07064 28.00300
2446549.07069 32.56885
2446550.07073 30.32591
2446551.07078 29.26817
2446552.07082 28.64841
2446553.07087 30.70024
2446554.07091 27.11141
2446555.07096 23.55313
2446556.07100 23.51046
2446557.07105 23.51135
2446558.07110 23.55545
2446559.07114 20.20573
2446560.07119 25.36878
2446561.07123 21.11739
2446562.07128 25.49957
2446563.07132 24.18092
2446564.07137 26.98258
2446565.07142 28.76103
2446566.07146 30.38510
2446567.07151 35.19910
2446568.07155 32.32248
2446569.07160 30.81742
2446570.07164 31.57738
2446571.07169 29.48245
2446572.07173 34.51412
2446573.07178 27.70652
2446574.07183 29.85398
2446575.07187 28.40130
2446576.07192 29.58602
2446577.07196 19.28927
2446578.07201 31.93831
2446579.07205 23.68564
2446580.07210 18.65978
2446581.07215 25.05843
2446582.07219 26.35471
2446583.07224 26.07011
2446584.07228 25.22183
2446585.07233 25.52737
2446586.07237 26.96845
2446587.07242 27.71955
2446588.07247 30.73317
2446589.07251 32.29400
2446590.07256 28.49155
2446591.07260 29.86127
2446592.07265 32.34586
2446593.07269 29.96856
2446594.07274 24.25488
2446595.07278 27.33050
2446596.07283 25.38602
2446597.07288 27.63795
2446598.07292 22.52553
2446599.07297 22.81334
2446600.07301 24.84093
2446601.07306 25.47692
2446602.07310 25.82265
2446603.07315 23.41949
2446604.07320 25.35270
2446605.07324 22.33672
2446606.07329 25.48704
2446607.07333 28.43616
2446608.07338 26.94124
2446609.07342 32.88366
2446610.07347 35.29849
2446611.07351 25.22549
2446612.07356 32.00269
2446613.07361 24.21250
2446614.07365 25.64377
2446615.07370 23.56690
2446616.07374 18.03619
2446617.07379 23.69460
2446618.07383 21.14951
2446619.07388 19.76303
2446620.07393 22.23236
2446621.07397 17.94168
2446622.07402 22.38750
2446623.07406 23.69238
2446624.07411 26.32928
2446625.07415 23.82598
2446626.07420 24.29684
2446627.07424 28.47019
2446628.07429 26.67330
2446629.07434 34.94381
2446630.07438 28.50284
2446631.07443 26.83534
2446632.07447 25.29136
2446633.07452 25.00332
2446634.07456 25.85736
2446635.07461 23.23536
2446636.07466 20.23598
2446637.07470 22.95728
2446638.07475 21.05006
2446639.07479 19.74474
2446640.07484 18.80179
2446827.08337 19.94272
2446828.08342 20.31605
2446829.08346 16.89037
2446830.08351 16.37008
2446831.08355 14.40059
2446832.08360 13.42278
2446833.08365 11.84031
2446834.08369 11.45972
2446835.08374 9.71149
2446836.08378 9.57135
2446837.08383 8.29819
2446838.08387 8.41928
2446839.08392 9.01335
2446840.08396 10.94845
2446841.08401 10.78626
2446842.08406 14.49900
2446843.08410 16.59299
2446844.08415 15.93958
2446845.08419 14.84894
2446846.08424 14.76852
2446847.08428 15.50289
2446848.08433 17.87955
2446849.08438 15.17499
2446850.08442 13.37694
2446851.08447 12.06527
2446852.08451 10.94422
2446853.08456 8.78537
2446854.08460 8.04419
2446855.08465 8.86349
2446856.08469 7.46224
2446857.08474 6.37158
2446858.08479 8.20811
2446859.08483 8.66852
2446860.08488 11.23225
2446861.08492 10.79637
2446862.08497 13.01904
2446863.08501 12.53765
2446864.08506 13.69981
2446865.08511 15.00876
2446866.08515 13.36623
2446867.08520 14.73901
2446868.08524 14.74226
2446869.08529 13.98474
2446870.08533 11.33309
2446871.08538 11.95317
2446872.08542 9.42478
2446873.08547 6.91703
2446874.08552 7.13806
2446875.08556 6.72424
2446876.08561 6.69434
2446877.08565 6.78017
2446878.08570 6.47253
2446879.08574 7.62699
2446880.08579 7.49407
2446881.08584 9.47846
2446882.08588 11.82361
2446883.08593 16.38059
2446884.08597 11.53787
2446885.08602 15.59417
2446886.08606 14.42302
2446887.08611 17.25280
2446888.08615 11.22385
2446889.08620 9.90942
2446890.08625 11.20546
2446891.08629 9.76854
2446892.08634 7.01484
2446893.08638 7.01955
2446894.08643 5.96085
2446895.08647 4.31370
2446896.08652 4.56285
2446897.08657 5.99515
2446898.08661 5.84233
2446899.08666 7.75810
2446900.08670 7.53704
2446901.08675 7.60406
2446902.08679 9.03950
2446903.08684 13.29753
2446904.08689 13.52625
2446905.08693 15.52163
2446906.08698 13.90688
2446907.08702 12.60574
2446908.08707 12.83155
2446909.08711 12.01448
2446910.08716 11.60238
2446911.08720 8.91829
2446912.08725 7.01743
2446913.08730 5.66945
2446914.08734 4.83913
2446915.08739 4.69838
2446916.08743 4.24424
2446917.08748 4.70667
2446918.08752 4.76240
2446919.08757 7.46146
2446920.08762 7.36720
2446921.08766 8.31886
2446922.08771 9.92636
2446923.08775 13.16249
2446924.08780 11.38838
2446925.08784 12.21599
2446926.08789 10.49970
2446927.08793 10.86032
2446928.08798 10.65852
2446929.08803 12.16079
2446930.08807 7.52868
2446931.08812 7.00124
2446932.08816 5.14720
2446933.08821 4.80792
2446934.08825 3.09663
2446935.08830 3.18151
2446936.08835 2.94204
2446937.08839 3.56405
2446938.08844 4.78451
2446939.08848 4.95143
2446940.08853 6.19019
2446941.08857 8.32437
2446942.08862 10.25926
2446943.08866 11.77978
2446944.08871 12.41448
2446945.08876 12.29755
2446946.08880 11.32434
2446947.08885 11.25942
2446948.08889 8.39514
2446949.08894 10.40136
2446950.08898 7.30133
2446951.08903 6.19028
2446952.08908 5.85771
2446953.08912 3.90509
2446954.08917 2.48780
2446955.08921 2.53976
2446956.08926 2.59115
2446957.08930 3.48843
2446958.08935 4.28519
2446959.08939 5.54409
2446960.08944 7.25163
2446961.08949 6.97824
2446962.08953 7.86968
2446963.08958 10.94975
2446964.08962 10.14129
2446965.08967 10.77686
2446966.08971 11.74271
2446967.08976 9.97198
2446968.08981 8.04002
2446969.08985 8.58779
2446970.08990 6.85361
2446971.08994 4.23597
2446972.08999 3.14798
2446973.09003 2.59293
2446974.09008 1.96230
2446975.09013 1.58631
2446976.09017 2.05412
2446977.09022 2.34746
2446978.09026 3.29611
2446979.09031 4.26780
2446980.09035 7.07873
2446981.09040 7.90128
2446982.09044 9.28919
2446983.09049 10.01644
2446984.09054 8.37615
2446985.09058 9.29017
2446986.09063 10.95979
2446987.09067 9.18205
2446988.09072 6.52749
2446989.09076 6.62700
2446990.09081 5.43157
2446991.09086 4.14578
2446992.09090 2.56754
2446993.09095 2.08533
2446994.09099 1.36714
2446995.09104 1.29710
2446996.09108 1.46739
2446997.09113 2.08125
2446998.09117 3.47065
2446999.09122 4.82630
2447000.09127 5.21106
2447001.09131 6.54080
2447002.09136 9.09162
2447003.09140 11.03121
2447004.09145 9.54543
2447005.09149 10.81930
2447006.09154 9.64431
2447192.10003 1.61125
2447193.10007 2.34830
2447194.10012 2.48582
2447195.10016 3.81155
2447196.10021 5.38208
2447197.10026 5.51886
2447198.10030 8.22209
2447199.10035 9.47798
2447200.10039 10.79099
2447201.10044 12.05185
2447202.10048 9.66167
2447203.10053 10.58031
2447204.10057 10.84834
2447205.10062 9.60174
2447206.10067 8.91588
2447207.10071 6.73628
2447208.10076 5.00341
2447209.10080 3.56183
2447210.10085 3.05593
2447211.10089 2.40359
2447212.10094 2.74469
2447213.10099 2.95051
2447214.10103 3.16396
2447215.10108 5.03582
2447216.10112 5.91714
2447217.10117 6.92506
2447218.10121 8.70168
2447219.10126 10.87890
2447220.10131 11.59445
2447221.10135 8.73420
2447222.10140 13.25822
2447223.10144 11.40339
2447224.10149 9.53188
2447225.10153 9.34124
2447226.10158 10.20157
2447227.10162 7.66133
2447228.10167 6.65264
2447229.10172 5.12089
2447230.10176 3.58272
2447231.10181 3.49650
2447232.10185 3.49331
2447233.10190 3.99030
2447234.10194 4.84886
2447235.10199 5.77473
2447236.10204 8.79771
2447237.10208 8.17009
2447238.10213 9.25700
2447239.10217 11.15014
2447240.10222 12.35978
2447241.10226 15.40462
2447242.10231 11.17356
2447243.10235 16.19477
2447244.10240 9.47041
2447245.10245 10.65437
2447246.10249 10.80560
2447247.10254 6.77529
2447248.10258 7.04587
2447249.10263 4.90582
2447250.10267 4.32252
2447251.10272 4.63020
2447252.10277 3.88762
2447253.10281 5.03251
2447254.10286 6.16615
2447255.10290 8.01725
2447256.10295 8.70052
2447257.10299 10.26116
2447258.10304 12.36163
2447259.10308 14.17968
2447260.10313 13.71538
2447261.10318 12.23586
2447262.10322 12.06503
2447263.10327 12.27811
2447264.10331 11.45514
2447265.10336 11.12303
2447266.10340 9.73613
2447267.10345 8.36091
2447268.10350 7.52584
2447269.10354 6.51799
2447270.10359 6.03223
2447271.10363 5.18729
2447272.10368 6.69448
2447273.10372 6.34110
2447274.10377 6.05194
2447275.10381 9.57383
2447276.10386 11.17507
2447277.10391 12.22279
2447278.10395 13.18237
2447279.10400 13.20308
2447280.10404 14.68438
2447281.10409 15.06047
2447282.10413 13.59918
2447283.10418 11.82795
2447284.10423 13.53883
2447285.10427 13.04744
2447286.10432 11.51397
2447287.10436 8.25532
2447288.10441 7.71863
2447289.10445 5.96928
2447290.10450 7.49885
2447291.10455 6.85371
2447292.10459 6.07306
2447293.10464 8.07936
2447294.10468 8.27961
2447295.10473 8.71396
2447296.10477 10.92730
2447297.10482 13.45383
2447298.10486 13.21467
2447299.10491 14.49707
2447300.10496 17.66327
2447301.10500 15.69767
2447302.10505 15.55335
2447303.10509 14.41180
2447304.10514 13.27285
2447305.10518 11.50362
2447306.10523 10.45045
2447307.10528 9.00874
2447308.10532 7.91344
2447309.10537 7.88222
2447310.10541 7.97299
2447311.10546 7.22129
2447312.10550 9.29179
2447313.10555 8.93039
2447314.10559 8.89310
2447315.10564 11.68287
2447316.10569 10.11906
2447317.10573 13.17292
2447318.10578 13.37256
2447319.10582 14.79450
2447320.10587 16.25625
2447321.10591 18.25056
2447322.10596 14.26141
2447323.10601 17.76953
2447324.10605 11.53848
2447325.10610 15.81777
2447326.10614 14.43089
2447327.10619 10.35405
2447328.10623 8.73204
2447329.10628 9.41514
2447330.10632 8.72469
2447331.10637 8.38816
2447332.10642 9.59074
2447333.10646 11.32263
2447334.10651 10.88458
2447335.10655 14.42706
2447336.10660 13.69668
2447337.10664 14.38153
2447338.10669 18.93603
2447339.10674 15.84499
2447340.10678 16.67909
2447341.10683 16.27084
2447342.10687 16.37221
2447343.10692 14.96861
2447344.10696 14.25048
2447345.10701 16.33363
2447346.10705 13.52265
2447347.10710 9.91117
2447348.10715 9.46351
2447349.10719 9.17068
2447350.10724 10.64404
2447351.10728 10.28035
2447352.10733 9.30737
2447353.10737 12.81270
2447354.10742 13.63648
2447355.10747 15.38162
2447356.10751 16.49684
2447357.10756 15.97900
2447358.10760 18.72378
2447359.10765 16.84120
2447360.10769 16.81538
2447361.10774 19.33984
2447362.10778 16.03929
2447363.10783 16.36396
2447364.10788 16.05326
2447365.10792 15.72425
2447366.10797 18.21916
2447367.10801 14.59820
2447368.10806 10.15198
2447369.10810 11.13384
2447370.10815 11.15645
2447371.10820 12.98580
2447557.11668 30.89701
2447558.11673 31.89588
2447559.11677 29.51867
2447560.11682 28.18111
2447561.11687 27.95598
2447562.11691 30.53689
2447563.11696 27.20773
2447564.11700 20.43023
2447565.11705 24.18518
2447566.11709 22.03298
2447567.11714 21.81943
2447568.11719 20.15305
2447569.11723 18.99487
2447570.11728 23.64573
2447571.11732 27.04103
2447572.11737 22.40440
2447573.11741 28.52093
2447574.11746 31.12652
2447575.11750 28.71727
2447576.11755 23.43236
2447577.11760 24.96947
2447578.11764 30.10584
2447579.11769 28.88480
2447580.11773 27.95162
2447581.11778 27.82120
2447582.11782 28.57011
2447583.11787 26.80847
2447584.11792 28.37158
2447585.11796 26.55044
2447586.11801 23.02290
2447587.11805 20.71992
2447588.11810 22.22564
2447589.11814 26.07899
2447590.11819 26.68985
2447591.11823 31.42267
2447592.11828 24.82647
2447593.11833 32.89413
2447594.11837 27.87285
2447595.11842 30.71304
2447596.11846 36.03017
2447597.11851 32.44895
2447598.11855 29.64914
2447599.11860 25.94221
2447600.11865 31.30698
2447601.11869 24.57859
2447602.11874 19.35005
2447603.11878 27.39668
2447604.11883 24.68042
2447605.11887 20.44211
2447606.11892 23.01982
2447607.11897 22.15866
2447608.11901 25.89159
2447609.11906 22.68785
2447610.11910 24.80900
2447611.11915 25.43933
2447612.11919 24.74714
2447613.11924 29.46385
2447614.11928 32.76344
2447615.11933 36.41172
2447616.11938 35.03327
2447617.11942 28.31388
2447618.11947 22.57096
2447619.11951 27.72957
2447620.11956 23.65485
2447621.11960 25.96954
2447622.11965 26.51880
2447623.11970 22.34161
2447624.11974 24.77935
2447625.11979 23.11774
2447626.11983 28.23271
2447627.11988 23.91814
2447628.11992 26.53165
2447629.11997 27.86674
2447630.12001 26.30290
2447631.12006 23.93126
2447632.12011 27.75177
2447633.12015 31.18213
2447634.12020 20.81299
2447635.12024 30.36805
2447636.12029 37.70707
2447637.12033 33.32138
2447638.12038 30.01289
2447639.12043 34.79992
2447640.12047 27.92573
2447641.12052 25.58679
2447642.12056 24.86178
2447643.12061 23.22631
2447644.12065 27.33421
2447645.12070 25.50874
2447646.12074 22.22171
2447647.12079 24.14863
2447648.12084 26.01026
2447649.12088 23.78201
2447650.12093 25.03922
2447651.12097 23.53526
2447652.12102 27.56322
2447653.12106 35.78028
2447654.12111 26.87342
2447655.12116 28.96568
2447656.12120 38.95244
2447657.12125 35.90470
2447658.12129 37.14792
2447659.12134 30.80167
2447660.12138 30.21243
2447661.12143 31.38761
2447662.12147 28.21796
2447663.12152 23.76117
2447664.12157 23.61487
2447665.12161 21.82253
2447666.12166 24.32699
2447667.12170 23.98345
2447668.12175 22.57277
2447669.12179 26.20269
2447670.12184 26.34945
2447671.12189 28.07301
2447672.12193 28.85532
2447673.12198 28.72410
2447674.12202 25.11023
2447675.12207 33.46197
2447676.12211 29.24613
2447677.12216 33.13971
2447678.12220 29.19156
2447679.12225 37.18612
2447680.12230 26.93921
2447681.12234 23.07932
2447682.12239 26.24420
2447683.12243 24.08683
2447684.12248 25.44391
2447685.12252 24.73119
2447686.12257 21.46224
2447687.12262 25.27107
2447688.12266 21.51126
2447689.12271 25.27229
2447690.12275 26.43280
2447691.12280 25.01256
2447692.12284 33.84884
2447693.12289 32.62329
2447694.12294 30.60749
2447695.12298 33.77522
2447696.12303 30.91658
2447697.12307 25.61059
2447698.12312 35.43848
2447699.12316 32.94437
2447700.12321 31.50558
2447701.12325 25.89650
2447702.12330 27.88012
2447703.12335 28.50977
2447704.12339 25.34930
2447705.12344 23.76122
2447706.12348 25.99869
2447707.12353 22.28249
2447708.12357 26.90101
2447709.12362 27.32641
2447710.12367 31.43010
2447711.12371 25.64847
2447712.12376 31.47620
2447713.12380 27.66380
2447714.12385 28.63505
2447715.12389 30.92087
2447716.12394 32.13490
2447717.12398 30.28075
2447718.12403 33.38766
2447719.12408 36.45037
2447720.12412 25.61770
2447721.12417 29.88917
2447722.12421 25.70743
2447723.12426 22.82311
2447724.12430 25.31488
2447725.12435 27.83675
2447726.12440 24.19614
2447727.12444 21.92458
2447728.12449 27.66315
2447729.12453 23.75974
2447730.12458 27.58735
2447731.12462 31.11272
2447732.12467 30.36277
2447733.12471 29.91963
2447734.12476 35.60534
2447735.12481 34.08282
2447736.12485 37.29046
2447922.13334 17.20970
2447923.13339 13.91300
2447924.13343 17.98448
2447925.13348 16.94711
2447926.13352 20.93386
2447927.13357 17.26651
2447928.13361 20.45855
2447929.13366 19.68339
2447930.13370 25.13454
2447931.13375 23.76539
2447932.13380 24.05587
2447933.13384 23.50013
2447934.13389 22.61226
2447935.13393 24.86722
2447936.13398 21.52856
2447937.13402 20.70940
2447938.13407 20.78222
2447939.13412 19.74832
2447940.13416 15.92618
2447941.13421 16.59618
2447942.13425 16.55302
2447943.13430 16.19143
2447944.13434 14.41888
2447945.13439 16.21904
2447946.13443 16.36097
2447947.13448 17.00496
2447948.13453 18.33318
2447949.13457 20.74013
2447950.13462 23.16016
2447951.13466 22.50033
2447952.13471 25.17815
2447953.13475 19.55046
2447954.13480 24.96747
2447955.13485 21.30316
2447956.13489 18.93666
2447957.13494 19.02035
2447958.13498 19.32127
2447959.13503 18.55127
2447960.13507 14.77419
2447961.13512 15.80056
2447962.13516 15.00668
2447963.13521 16.55759
2447964.13526 13.53315
2447965.13530 16.23832
2447966.13535 16.05417
2447967.13539 16.16747
2447968.13544 15.49109
2447969.13548 20.26493
2447970.13553 20.23054
2447971.13558 21.38157
2447972.13562 17.25847
2447973.13567 19.62132
2447974.13571 17.97791
2447975.13576 22.28232
2447976.13580 20.91083
2447977.13585 16.75939
2447978.13589 14.43254
2447979.13594 14.76704
2447980.13599 16.27209
2447981.13603 13.14643
2447982.13608 13.95903
2447983.13612 13.73272
2447984.13617 14.75026
2447985.13621 14.30516
2447986.13626 16.14973
2447987.13631 15.88686
2447988.13635 18.21109
2447989.13640 17.11821
2447990.13644 20.87703
2447991.13649 22.50752
2447992.13653 23.01595
2447993.13658 20.37994
2447994.13662 21.35875
2447995.13667 19.59792
2447996.13672 18.11049
2447997.13676 16.29678
2447998.13681 16.39849
2447999.13685 11.55825
2448000.13690 13.82132
2448001.13694 12.27969
2448002.13699 13.10890
2448003.13704 11.26082
2448004.13708 12.34488
2448005.13713 14.24753
2448006.13717 12.06132
2448007.13722 19.20452
2448008.13726 17.01684
2448009.13731 20.96268
2448010.13736 20.02552
2448011.13740 20.61072
2448012.13745 18.93229
2448013.13749 15.66106
2448014.13754 16.60361
2448015.13758 16.58784
2448016.13763 16.24282
2448017.13767 16.62915
2448018.13772 14.21833
2448019.13777 13.77273
2448020.13781 10.03423
2448021.13786 12.01276
2448022.13790 8.93351
2448023.13795 10.67250
2448024.13799 12.83729
2448025.13804 10.96259
2448026.13809 13.73514
2448027.13813 14.34398
2448028.13818 12.29013
2448029.13822 19.52606
2448030.13827 18.44732
2448031.13831 20.38278
2448032.13836 19.41417
2448033.13840 14.33962
2448034.13845 14.89616
2448035.13850 13.65586
2448036.13854 14.36535
2448037.13859 14.43564
2448038.13863 12.44490
2448039.13868 9.64173
2448040.13872 10.43805
2448041.13877 8.52018
2448042.13882 7.98425
2448043.13886 9.50378
2448044.13891 11.50370
2448045.13895 11.89046
2448046.13900 12.08639
2448047.13904 14.58120
2448048.13909 13.34770
2448049.13913 14.62770
2448050.13918 20.22665
2448051.13923 16.37665
2448052.13927 18.93330
2448053.13932 13.85007
2448054.13936 16.28362
2448055.13941 13.69188
2448056.13945 12.12004
2448057.13950 12.15000
2448058.13955 10.04893
2448059.13959 8.01529
2448060.13964 8.28853
2448061.13968 8.18010
2448062.13973 7.39630
2448063.13977 8.80153
2448064.13982 9.80037
2448065.13986 11.03036
2448066.13991 12.25138
2448067.13996 12.14740
2448068.14000 11.55885
2448069.14005 18.01240
2448070.14009 16.94458
2448071.14014 16.96620
2448072.14018 15.57948
2448073.14023 13.17915
2448074.14028 14.87478
2448075.14032 12.09810
2448076.14037 11.90764
2448077.14041 9.20629
2448078.14046 8.47450
2448079.14050 7.09823
2448080.14055 6.49241
2448081.14060 6.97054
2448082.14064 8.27453
2448083.14069 8.50653
2448084.14073 8.74970
2448085.14078 9.50244
2448086.14082 11.55893
2448087.14087 12.08121
2448088.14091 14.57443
2448089.14096 14.35271
2448090.14101 12.79064
2448091.14105 15.80255
2448092.14110 14.54214
2448093.14114 13.72468
2448094.14119 13.25489
2448095.14123 11.77107
2448096.14128 8.89932
2448097.14133 8.30347
2448098.14137 6.30226
2448099.14142 6.25657
2448100.14146 5.20598
2448101.14151 6.63170
2448288.15004 8.59618
2448289.15009 8.50548
2448290.15013 7.94633
2448291.15018 7.91111
2448292.15022 6.73743
2448293.15027 4.62003
2448294.15031 3.50451
2448295.15036 2.07213
2448296.15041 1.00440
2448297.15045 0.30348
2448298.15050 0.07891
2448299.15054 0.24648
2448300.15059 0.80753
2448301.15063 1.92829
2448302.15068 2.57266
2448303.15073 5.33482
2448304.15077 6.02469
2448305.15082 6.43272
2448306.15086 8.66970
2448307.15091 8.57322
2448308.15095 8.64731
2448309.15100 9.48621
2448310.15104 6.67336
2448311.15109 7.91087
2448312.15114 5.20391
2448313.15118 5.66648
2448314.15123 2.79318
2448315.15127 1.56932
2448316.15132 1.05846
2448317.15136 0.30737
2448318.15141 0.15190
2448319.15146 0.46725
2448320.15150 1.16022
2448321.15155 2.19433
2448322.15159 3.58908
2448323.15164 4.75473
2448324.15168 5.62637
2448325.15173 7.08112
2448326.15178 8.39061
2448327.15182 9.75184
2448328.15187 8.96700
2448329.15191 8.53720
2448330.15196 8.50048
2448331.15200 6.30056
2448332.15205 4.71903
2448333.15209 3.61147
2448334.15214 2.53027
2448335.15219 1.82415
2448336.15223 0.88388
2448337.15228 0.38698
2448338.15232 0.35885
2448339.15237 0.85699
2448340.15241 1.63099
2448341.15246 2.06784
2448342.15251 3.48948
2448343.15255 5.65291
2448344.15260 7.51436
2448345.15264 7.56781
2448346.15269 8.49675
2448347.15273 9.96338
2448348.15278 11.67841
2448349.15282 8.76572
2448350.15287 8.18324
2448351.15292 6.65407
2448352.15296 5.86103
2448353.15301 4.11336
2448354.15305 2.90082
2448355.15310 2.18993
2448356.15314 0.77084
2448357.15319 0.68438
2448358.15324 0.75823
2448359.15328 0.89997
2448360.15333 2.14133
2448361.15337 3.31039
2448362.15342 4.72082
2448363.15346 6.50457
2448364.15351 7.75312
2448365.15355 7.79293
2448366.15360 7.67015
2448367.15365 8.37726
2448368.15369 10.42705
2448369.15374 9.00072
2448370.15378 6.77235
2448371.15383 7.44755
2448372.15387 5.60268
2448373.15392 4.15165
2448374.15397 3.21201
2448375.15401 1.75265
2448376.15406 1.46221
2448377.15410 1.08012
2448378.15415 1.30542
2448379.15419 1.54495
2448380.15424 2.91865
2448381.15428 4.12192
2448382.15433 5.84625
2448383.15438 6.19563
2448384.15442 8.31329
2448385.15447 11.81888
2448386.15451 8.94028
2448387.15456 10.73481
2448388.15460 10.47337
2448389.15465 10.94664
2448390.15470 8.68037
2448391.15474 7.13220
2448392.15479 6.34888
2448393.15483 5.02572
2448394.15488 3.07262
2448395.15492 2.34378
2448396.15497 1.55949
2448397.15502 1.90449
2448398.15506 1.75020
2448399.15511 2.81706
2448400.15515 3.25221
2448401.15520 6.02184
2448402.15524 5.65352
2448403.15529 8.41142
2448404.15533 11.94403
2448405.15538 8.68738
2448406.15543 10.41635
2448407.15547 10.08209
2448408.15552 12.35340
2448409.15556 9.96115
2448410.15561 8.44999
2448411.15565 6.43444
2448412.15570 5.93173
2448413.15575 4.97789
2448414.15579 3.65572
2448415.15584 3.14046
2448416.15588 2.42839
2448417.15593 2.46944
2448418.15597 2.77126
2448419.15602 3.16671
2448420.15606 4.83964
2448421.15611 6.75562
2448422.15616 7.43181
2448423.15620 9.22862
2448424.15625 11.26935
2448425.15629 9.95083
2448426.15634 11.76690
2448427.15638 11.33975
2448428.15643 11.96490
2448429.15648 9.51324
2448430.15652 9.45070
2448431.15657 8.41944
2448432.15661 7.19436
2448433.15666 4.92932
2448434.15670 3.67118
2448435.15675 3.69992
2448436.15679 3.18050
2448437.15684 2.99107
2448438.15689 4.23139
2448439.15693 4.54641
2448440.15698 5.91992
2448441.15702 7.97655
2448442.15707 8.06052
2448443.15711 10.84369
2448444.15716 13.15069
2448445.15721 11.41966
2448446.15725 12.09570
2448447.15730 14.11955
2448448.15734 11.66847
2448449.15739 10.95793
2448450.15743 9.69447
2448451.15748 10.02919
2448452.15752 6.70228
2448453.15757 6.02095
2448454.15762 5.19888
2448455.15766 4.43701
2448456.15771 3.67617
2448457.15775 4.48836
2448458.15780 5.11455
2448459.15784 5.93175
2448460.15789 6.48045
2448461.15794 8.57972
2448462.15798 9.48514
2448463.15803 10.89484
2448464.15807 12.03508
2448465.15812 13.05958
2448466.15816 13.09085
2448467.15821 12.28630
2448653.16670 15.26072
2448654.16674 13.56645
2448655.16679 15.09185
2448656.16683 16.60621
2448657.16688 17.99945
2448658.16693 20.70252
2448659.16697 21.77622
2448660.16702 23.56845
2448661.16706 21.05697
2448662.16711 22.03464
2448663.16715 18.82933
2448664.16720 29.02319
2448665.16724 24.52275
2448666.16729 24.28772
2448667.16734 19.60940
2448668.16738 19.78648
2448669.16743 19.35193
2448670.16747 17.47246
2448671.16752 15.24484
2448672.16756 15.69037
2448673.16761 16.76428
2448674.16766 16.39205
2448675.16770 17.20339
2448676.16775 21.80581
2448677.16779 17.87810
2448678.16784 20.42086
2448679.16788 22.99150
2448680.16793 25.91151
2448681.16797 25.43502
2448682.16802 27.25296
2448683.16807 22.19267
2448684.16811 26.61899
2448685.16816 25.39757
2448686.16820 22.57350
2448687.16825 22.73317
2448688.16829 21.77396
2448689.16834 24.25102
2448690.16839 20.23739
2448691.16843 17.85180
2448692.16848 19.58042
2448693.16852 18.34749
2448694.16857 19.06352
2448695.16861 17.54346
2448696.16866 20.68028
2448697.16870 23.10593
2448698.16875 23.08801
2448699.16880 20.57897
2448700.16884 24.80879
2448701.16889 29.19013
2448702.16893 23.55156
2448703.16898 29.55346
2448704.16902 26.43555
2448705.16907 27.18236
2448706.16912 21.37515
2448707.16916 24.96204
2448708.16921 21.72662
2448709.16925 22.80209
2448710.16930 23.70724
2448711.16934 21.11149
2448712.16939 17.62435
2448713.16944 16.19691
2448714.16948 20.21452
2448715.16953 18.10483
2448716.16957 22.55072
2448717.16962 21.79921
2448718.16966 22.38302
2448719.16971 22.59346
2448720.16975 20.75787
2448721.16980 26.31320
2448722.16985 24.84155
2448723.16989 27.07691
2448724.16994 27.04986
2448725.16998 31.70730
2448726.17003 26.49922
2448727.17007 27.08494
2448728.17012 24.53793
2448729.17017 24.30549
2448730.17021 24.11806
2448731.17026 23.31606
2448732.17030 17.96491
2448733.17035 16.87736
2448734.17039 23.90071
2448735.17044 21.84701
2448736.17048 24.53095
2448737.17053 21.62141
2448738.17058 22.65112
2448739.17062 21.17701
2448740.17067 23.64630
2448741.17071 31.22657
2448742.17076 27.29624
2448743.17080 28.67504
2448744.17085 23.23175
2448745.17090 25.99867
2448746.17094 27.54644
2448747.17099 26.35056
2448748.17103 23.76923
2448749.17108 25.45275
2448750.17112 18.31596
2448751.17117 19.63991
2448752.17121 20.99246
2448753.17126 18.41694
2448754.17131 22.74103
2448755.17135 22.02065
2448756.17140 20.10913
2448757.17144 23.87265
2448758.17149 27.73619
2448759.17153 26.20665
2448760.17158 29.69006
2448761.17163 31.66882
2448762.17167 26.23758
2448763.17172 30.14072
2448764.17176 31.95340
2448765.17181 24.01917
2448766.17185 22.97280
2448767.17190 30.01132
2448768.17194 29.10893
2448769.17199 20.98791
2448770.17204 20.37542
2448771.17208 21.38071
2448772.17213 24.52391
2448773.17217 21.00161
2448774.17222 18.31600
2448775.17226 18.13429
2448776.17231 26.44700
2448777.17236 26.93362
2448778.17240 32.46028
2448779.17245 30.96665
2448780.17249 31.44369
2448781.17254 35.33131
2448782.17258 28.64417
2448783.17263 31.97450
2448784.17268 28.88415
2448785.17272 29.32521
2448786.17277 28.29904
2448787.17281 25.59160
2448788.17286 18.93928
2448789.17290 25.31225
2448790.17295 20.09044
2448791.17299 18.65802
2448792.17304 20.70478
2448793.17309 20.21293
2448794.17313 24.00721
2448795.17318 29.68613
2448796.17322 29.80624
2448797.17327 28.04991
2448798.17331 29.09876
2448799.17336 27.65181
2448800.17341 27.77751
2448801.17345 34.06261
2448802.17350 32.86539
2448803.17354 24.17628
2448804.17359 32.48957
2448805.17363 31.74279
2448806.17368 28.29371
2448807.17372 28.62656
2448808.17377 19.93180
2448809.17382 25.13764
2448810.17386 20.52005
2448811.17391 21.47769
2448812.17395 19.64679
2448813.17400 22.07211
2448814.17404 23.20062
2448815.17409 25.38499
2448816.17414 28.60511
2448817.17418 26.30628
2448818.17423 29.53872
2448819.17427 29.20413
2448820.17432 26.68884
2448821.17436 25.97467
2448822.17441 31.86903
2448823.17445 30.76566
2448824.17450 33.29605
2448825.17455 26.81075
2448826.17459 27.39782
2448827.17464 23.36650
2448828.17468 24.34769
2448829.17473 25.05292
2448830.17477 25.45782
2448831.17482 20.21126
2448832.17487 22.95505
2449018.18335 31.32808
2449019.18340 27.47953
2449020.18344 25.06139
2449021.18349 36.03982
2449022.18354 30.13327
2449023.18358 26.80227
2449024.18363 26.69190
2449025.18367 22.37962
2449026.18372 23.20074
2449027.18376 24.42261
2449028.18381 23.91265
2449029.18386 21.41002
2449030.18390 21.89309
2449031.18395 18.78485
2449032.18399 23.81594
2449033.18404 26.55382
2449034.18408 30.26672
2449035.18413 25.63067
2449036.18417 32.11460
2449037.18422 29.33828
2449038.18427 23.45042
2449039.18431 29.69831
2449040.18436 25.72043
2449041.18440 26.75902
2449042.18445 27.56132
2449043.18449 26.03753
2449044.18454 25.41572
2449045.18459 23.39660
2449046.18463 25.20878
2449047.18468 21.64839
2449048.18472 20.56223
2449049.18477 22.40885
2449050.18481 21.77761
2449051.18486 21.86061
2449052.18490 19.08146
2449053.18495 24.65728
2449054.18500 26.58106
2449055.18504 22.67113
2449056.18509 28.15484
2449057.18513 27.75585
2449058.18518 30.85382
2449059.18522 31.11028
2449060.18527 30.83308
2449061.18532 23.91361
2449062.18536 23.27827
2449063.18541 20.38704
2449064.18545 23.56055
2449065.18550 21.64475
2449066.18554 19.92156
2449067.18559 23.54762
2449068.18563 17.54410
2449069.18568 18.91038
2449070.18573 18.57624
2449071.18577 26.68870
2449072.18582 20.51210
2449073.18586 26.97941
2449074.18591 23.77249
2449075.18595 24.86644
2449076.18600 24.86491
2449077.18605 26.28107
2449078.18609 29.38711
2449079.18614 29.36479
2449080.18618 24.55094
2449081.18623 22.47445
2449082.18627 23.60011
2449083.18632 26.12316
2449084.18636 25.65648
2449085.18641 17.96944
2449086.18646 21.78584
2449087.18650 16.33935
2449088.18655 18.70708
2449089.18659 16.83245
2449090.18664 17.45385
2449091.18668 19.88558
2449092.18673 24.26100
2449093.18678 23.89693
2449094.18682 26.55395
2449095.18687 27.64314
2449096.18691 25.14526
2449097.18696 24.62965
2449098.18700 28.30574
2449099.18705 31.62546
2449100.18710 29.15182
2449101.18714 22.66012
2449102.18719 26.47071
2449103.18723 23.43186
2449104.18728 23.51785
2449105.18732 16.44915
2449106.18737 17.10437
2449107.18741 18.21184
2449108.18746 20.65555
2449109.18751 17.98218
2449110.18755 20.45263
2449111.18760 18.68502
2449112.18764 22.44643
2449113.18769 20.99287
2449114.18773 21.49876
2449115.18778 28.91624
2449116.18783 23.59968
2449117.18787 21.99198
2449118.18792 26.53785
2449119.18796 27.20186
2449120.18801 25.18933
2449121.18805 24.58028
2449122.18810 21.79937
2449123.18814 20.75984
2449124.18819 20.52110
2449125.18824 16.07228
2449126.18828 16.57722
2449127.18833 17.56335
2449128.18837 14.54520
2449129.18842 13.82045
2449130.18846 17.50558
2449131.18851 19.15147
2449132.18856 21.81033
2449133.18860 23.61265
2449134.18865 24.15073
2449135.18869 25.73957
2449136.18874 25.10102
2449137.18878 22.39529
2449138.18883 27.72841
2449139.18887 25.79314
2449140.18892 19.08487
2449141.18897 26.54540
2449142.18901 19.86706
2449143.18906 14.33735
2449144.18910 18.35034
2449145.18915 20.13649
2449146.18919 16.61274
2449147.18924 13.37266
2449148.18929 13.82381
2449149.18933 19.26024
2449150.18938 18.48166
2449151.18942 19.54127
2449152.18947 18.65477
2449153.18951 17.40229
2449154.18956 25.12424
2449155.18960 21.54652
2449156.18965 24.78355
2449157.18970 22.81223
2449158.18974 24.02493
2449159.18979 19.70068
2449160.18983 25.62984
2449161.18988 20.85797
2449162.18992 17.43679
2449163.18997 18.87623
2449164.19002 16.41675
2449165.19006 16.75758
2449166.19011 13.37948
2449167.19015 14.77649
2449168.19020 12.92871
2449169.19024 16.22868
2449170.19029 18.03262
2449171.19033 17.84019
2449172.19038 16.37879
2449173.19043 17.71014
2449174.19047 21.65715
2449175.19052 17.46103
2449176.19056 22.72818
2449177.19061 22.39100
2449178.19065 20.30981
2449179.19070 20.55674
2449180.19075 20.13775
2449181.19079 18.89897
2449182.19084 15.45395
2449183.19088 16.20355
2449184.19093 15.67256
2449185.19097 13.17754
2449186.19102 13.57348
2449187.19107 13.01808
2449188.19111 13.24778
2449189.19116 13.07696
2449190.19120 12.87992
2449191.19125 18.26520
2449192.19129 17.65059
2449193.19134 18.23316
2449194.19138 22.07641
2449195.19143 23.28208
2449196.19148 22.79612
2449197.19152 21.81258
2449383.20001 3.47100
2449384.20005 2.85882
2449385.20010 2.63941
2449386.20015 3.26446
2449387.20019 4.54971
2449388.20024 5.84751
2449389.20028 6.00104
2449390.20033 5.77189
2449391.20037 8.81894
2449392.20042 9.03403
2449393.20047 11.12950
2449394.20051 11.59887
2449395.20056 9.36026
2449396.20060 10.49395
2449397.20065 9.87099
2449398.20069 9.16841
2449399.20074 6.18550
2449400.20078 5.56961
2449401.20083 3.72814
2449402.20088 3.02672
2449403.20092 2.50699
2449404.20097 2.27568
2449405.20101 2.27438
2449406.20106 3.16969
2449407.20110 4.07270
2449408.20115 5.09393
2449409.20120 6.23932
2449410.20124 7.57569
2449411.20129 9.98714
2449412.20133 8.88771
2449413.20138 8.91344
2449414.20142 12.12689
2449415.20147 9.53451
2449416.20152 9.79163
2449417.20156 8.07822
2449418.20161 6.95901
2449419.20165 6.78053
2449420.20170 4.30727
2449421.20174 3.64751
2449422.20179 2.71827
2449423.20183 2.10307
2449424.20188 1.52153
2449425.20193 1.92823
2449426.20197 2.11242
2449427.20202 3.82957
2449428.20206 4.97063
2449429.20211 6.34993
2449430.20215 7.67147
2449431.20220 10.01388
2449432.20225 7.17144
2449433.20229 8.45014
2449434.20234 9.39120
2449435.20238 10.52371
2449436.20243 9.38259
2449437.20247 7.56077
2449438.20252 6.65327
2449439.20256 5.12589
2449440.20261 4.08519
2449441.20266 2.62586
2449442.20270 2.03840
2449443.20275 1.28799
2449444.20279 1.06957
2449445.20284 1.55866
2449446.20288 2.00267
2449447.20293 2.95617
2449448.20298 4.49169
2449449.20302 5.70595
2449450.20307 6.80699
2449451.20311 8.40254
2449452.20316 6.36237
2449453.20320 8.72842
2449454.20325 9.96732
2449455.20329 9.34482
2449456.20334 8.89184
2449457.20339 6.43813
2449458.20343 5.61740
2449459.20348 4.63171
2449460.20352 3.29717
2449461.20357 2.14262
2449462.20361 1.43064
2449463.20366 1.01322
2449464.20371 0.93314
2449465.20375 1.26614
2449466.20380 1.89745
2449467.20384 3.47170
2449468.20389 4.70326
2449469.20393 5.60415
2449470.20398 7.26783
2449471.20402 9.27064
2449472.20407 6.81201
2449473.20412 9.25222
2449474.20416 9.06084
2449475.20421 8.24498
2449476.20425 7.65329
2449477.20430 6.34987
2449478.20434 4.98967
2449479.20439 4.08875
2449480.20444 2.16254
2449481.20448 1.68725
2449482.20453 0.95416
2449483.20457 0.57612
2449484.20462 0.77576
2449485.20466 1.25209
2449486.20471 1.81144
2449487.20475 2.93343
2449488.20480 4.99595
2449489.20485 5.70899
2449490.20489 7.35572
2449491.20494 8.28825
2449492.20498 10.05355
2449493.20503 10.02939
2449494.20507 8.81788
2449495.20512 9.66028
2449496.20517 8.43449
2449497.20521 5.81382
2449498.20526 4.22232
2449499.20530 3.16754
2449500.20535 2.10536
2449501.20539 1.35314
2449502.20544 0.75089
2449503.20549 0.52817
2449504.20553 0.65690
2449505.20558 1.51939
2449506.20562 2.72363
2449507.20567 3.77999
2449508.20571 4.60337
2449509.20576 6.01319
2449510.20580 6.48072
2449511.20585 7.69015
2449512.20590 9.87699
2449513.20594 9.66333
2449514.20599 9.50846
2449515.20603 8.88154
2449516.20608 6.49503
2449517.20612 5.96436
2449518.20617 4.06368
2449519.20622 2.95231
2449520.20626 2.03652
2449521.20631 1.12849
2449522.20635 0.72898
2449523.20640 0.58660
2449524.20644 0.80861
2449525.20649 1.75194
2449526.20653 2.46471
2449527.20658 3.78875
2449528.20663 5.28494
2449529.20667 6.37690
2449530.20672 7.29702
2449531.20676 8.74310
2449532.20681 9.82221
2449533.20685 8.34473
2449534.20690 8.61928
2449535.20695 7.96183
2449536.20699 6.63272
2449537.20704 5.22322
2449538.20708 4.80601
2449539.20713 2.71034
2449540.20717 2.06706
2449541.20722 1.32164
2449542.20726 0.71708
2449543.20731 0.74288
2449544.20736 1.29537
2449545.20740 1.85066
2449546.20745 3.55982
2449547.20749 4.27018
2449548.20754 6.39015
2449549.20758 6.11092
2449550.20763 8.77712
2449551.20768 7.05699
2449552.20772 9.72490
2449553.20777 8.10066
2449554.20781 7.33799
2449555.20786 7.56627
2449556.20790 6.71339
2449557.20795 5.43747
2449558.20799 4.49228
2449559.20804 2.94968
2449560.20809 1.99060
2449561.20813 1.20356
2449562.20818 0.92847
2449749.21671 18.01260
2449750.21676 19.99290
2449751.21680 14.75645
2449752.21685 16.33227
2449753.21689 14.56786
2449754.21694 14.54646
2449755.21698 14.83778
2449756.21703 11.22599
2449757.21708 9.62779
2449758.21712 7.39533
2449759.21717 10.59533
2449760.21721 8.51255
2449761.21726 7.10961
2449762.21730 11.57306
2449763.21735 12.05621
2449764.21740 10.97201
2449765.21744 14.68417
2449766.21749 15.50184
2449767.21753 18.66225
2449768.21758 15.37090
2449769.21762 19.48195
2449770.21767 17.85413
2449771.21771 13.85730
2449772.21776 16.64955
2449773.21781 14.86284
2449774.21785 13.49644
2449775.21790 13.39701
2449776.21794 10.72827
2449777.21799 11.18455
2449778.21803 12.75173
2449779.21808 10.01891
2449780.21813 10.98845
2449781.21817 10.64522
2449782.21822 11.27793
2449783.21826 11.49201
2449784.21831 13.26672
2449785.21835 14.74053
2449786.21840 16.86925
2449787.21844 20.04234
2449788.21849 16.09594
2449789.21854 19.40745
2449790.21858 17.16821
2449791.21863 20.47512
2449792.21867 15.93258
2449793.21872 15.14620
2449794.21876 15.24523
2449795.21881 15.34511
2449796.21886 14.42406
2449797.21890 10.77940
2449798.21895 9.77024
2449799.21899 11.58033
2449800.21904 10.13515
2449801.21908 11.33192
2449802.21913 11.68659
2449803.21917 13.50906
2449804.21922 14.77819
2449805.21927 16.73300
2449806.21931 20.28562
2449807.21936 17.74478
2449808.21940 19.87277
2449809.21945 20.58488
2449810.21949 18.65999
2449811.21954 20.41443
2449812.21959 18.95173
2449813.21963 16.95963
2449814.21968 15.80497
2449815.21972 15.55642
2449816.21977 14.37336
2449817.21981 14.77248
2449818.21986 13.04386
2449819.21991 12.83125
2449820.21995 14.87350
2449821.22000 13.78965
2449822.22004 14.00430
2449823.22009 16.11971
2449824.22013 15.44739
2449825.22018 20.43700
2449826.22022 16.83254
2449827.22027 18.31857
2449828.22032 19.89164
2449829.22036 20.71139
2449830.22041 22.50599
2449831.22045 16.71980
2449832.22050 19.72510
2449833.22054 20.80334
2449834.22059 18.17431
2449835.22064 14.85525
2449836.22068 16.25871
2449837.22073 11.63168
2449838.22077 11.71503
2449839.22082 13.06615
2449840.22086 16.05082
2449841.22091 14.84962
2449842.22095 18.16028
2449843.22100 17.49874
2449844.22105 17.49834
2449845.22109 19.53957
2449846.22114 22.92307
2449847.22118 18.87040
2449848.22123 21.90550
2449849.22127 25.79795
2449850.22132 19.20239
2449851.22137 20.39736
2449852.22141 18.91935
2449853.22146 19.79270
2449854.22150 17.43302
2449855.22155 13.92375
2449856.22159 13.86724
2449857.22164 13.13475
2449858.22168 15.84740
2449859.22173 15.04909
2449860.22178 13.23268
2449861.22182 14.31675
2449862.22187 18.26885
2449863.22191 17.37511
2449864.22196 20.81033
2449865.22200 23.14710
2449866.22205 21.38862
2449867.22210 23.79988
2449868.22214 20.90431
2449869.22219 23.64096
2449870.22223 19.97653
2449871.22228 24.92590
2449872.22232 19.95368
2449873.22237 18.76508
2449874.22241 18.02632
2449875.22246 16.46721
2449876.22251 16.62851
2449877.22255 15.40664
2449878.22260 16.64066
2449879.22264 13.87919
2449880.22269 13.27870
2449881.22273 18.07899
2449882.22278 19.39628
2449883.22283 17.67189
2449884.22287 22.31074
2449885.22292 21.69179
2449886.22296 20.21026
2449887.22301 26.91658
2449888.22305 29.45431
2449889.22310 23.82805
2449890.22315 30.25103
2449891.22319 22.38986
2449892.22324 21.33173
2449893.22328 19.72366
2449894.22333 17.67776
2449895.22337 18.19258
2449896.22342 17.27120
2449897.22346 16.65305
2449898.22351 17.83830
2449899.22356 21.53630
2449900.22360 20.28962
2449901.22365 21.32820
2449902.22369 19.23201
2449903.22374 21.30144
2449904.22378 22.15794
2449905.22383 21.84116
2449906.22388 27.92352
2449907.22392 21.08206
2449908.22397 29.75404
2449909.22401 21.44084
2449910.22406 27.52063
2449911.22410 21.65545
2449912.22415 25.24091
2449913.22419 24.86250
2449914.22424 15.35986
2449915.22429 19.83056
2449916.22433 24.28843
2449917.22438 19.49810
2449918.22442 18.37642
2449919.22447 19.23925
2449920.22451 13.46144
2449921.22456 22.30466
2449922.22461 23.72102
2449923.22465 21.02614
2449924.22470 23.32216
2449925.22474 25.64397
2449926.22479 27.90294
2449927.22483 24.75914
2449928.22488 26.42412
2450114.23337 23.60204
2450115.23341 22.01160
2450116.23346 24.74718
2450117.23350 29.93090
2450118.23355 20.16433
2450119.23359 27.44155
2450120.23364 29.94327
2450121.23369 28.05511
2450122.23373 31.48634
2450123.23378 33.97981
2450124.23382 30.98289
2450125.23387 33.64963
2450126.23391 32.71866
2450127.23396 27.84436
2450128.23401 27.44669
2450129.23405 25.90809
2450130.23410 22.36587
2450131.23414 29.56256
2450132.23419 28.91551
2450133.23423 26.92361
2450134.23428 25.16532
2450135.23433 22.69571
2450136.23437 24.58287
2450137.23442 24.83855
2450138.23446 27.02365
2450139.23451 23.97323
2450140.23455 29.59898
2450141.23460 29.55330
2450142.23464 24.01526
2450143.23469 33.08347
2450144.23474 34.70203
2450145.23478 26.07564
2450146.23483 35.19367
2450147.23487 31.68925
2450148.23492 36.89092
2450149.23496 30.02430
2450150.23501 27.08955
2450151.23506 28.29398
2450152.23510 22.93665
2450153.23515 25.44916
2450154.23519 20.59633
2450155.23524 22.38864
2450156.23528 22.60717
2450157.23533 22.56158
2450158.23537 26.62220
2450159.23542 29.02316
2450160.23547 28.73964
2450161.23551 32.17289
2450162.23556 33.84264
2450163.23560 27.65274
2450164.23565 30.38157
2450165.23569 29.30105
2450166.23574 30.75020
2450167.23579 26.65403
2450168.23583 27.99570
2450169.23588 31.03578
2450170.23592 28.30741
2450171.23597 23.38342
2450172.23601 21.89091
2450173.23606 27.29709
2450174.23610 24.38893
2450175.23615 24.06862
2450176.23620 18.95464
2450177.23624 21.02726
2450178.23629 25.51678
2450179.23633 21.22687
2450180.23638 28.76399
2450181.23642 23.53943
2450182.23647 31.45453
2450183.23652 28.97106
2450184.23656 30.47148
2450185.23661 29.75523
2450186.23665 28.27521
2450187.23670 34.04626
2450188.23674 27.67754
2450189.23679 26.42630
2450190.23683 26.93760
2450191.23688 28.13716
2450192.23693 24.35415
2450193.23697 23.67741
2450194.23702 23.91815
2450195.23706 28.21020
2450196.23711 23.98436
2450197.23715 27.74434
2450198.23720 22.40545
2450199.23725 25.34036
2450200.23729 29.51724
2450201.23734 34.78441
2450202.23738 30.84888
2450203.23743 30.75765
2450204.23747 30.74735
2450205.23752 31.36425
2450206.23757 29.00712
2450207.23761 30.04393
2450208.23766 28.60095
2450209.23770 25.29643
2450210.23775 24.18494
2450211.23779 20.90297
2450212.23784 22.01363
2450213.23788 24.01325
2450214.23793 22.74477
2450215.23798 21.39940
2450216.23802 19.63082
2450217.23807 23.85264
2450218.23811 19.31917
2450219.23816 21.92752
2450220.23820 26.51652
2450221.23825 27.60696
2450222.23830 30.14503
2450223.23834 30.34879
2450224.23839 28.99206
2450225.23843 28.03633
2450226.23848 29.75977
2450227.23852 28.50498
2450228.23857 28.22517
2450229.23861 28.10292
2450230.23866 25.40013
2450231.23871 23.02341
2450232.23875 21.30936
2450233.23880 21.48313
2450234.23884 20.94732
2450235.23889 23.56878
2450236.23893 19.78006
2450237.23898 26.95769
2450238.23903 25.19785
2450239.23907 29.88892
2450240.23912 27.76673
2450241.23916 19.95381
2450242.23921 27.97854
2450243.23925 30.21418
2450244.23930 29.61891
2450245.23934 25.75478
2450246.23939 25.65471
2450247.23944 25.48569
2450248.23948 27.35476
2450249.23953 26.46948
2450250.23957 22.59729
2450251.23962 21.37337
2450252.23966 18.34391
2450253.23971 19.58920
2450254.23976 20.58232
2450255.23980 17.81648
2450256.23985 22.12955
2450257.23989 25.77037
2450258.23994 25.66567
2450259.23998 21.76914
2450260.24003 24.06111
2450261.24007 29.90039
2450262.24012 29.25755
2450263.24017 28.37911
2450264.24021 25.53001
2450265.24026 28.98382
2450266.24030 24.78869
2450267.24035 21.26657
2450268.24039 25.14831
2450269.24044 28.62553
2450270.24049 24.35320
2450271.24053 21.77245
2450272.24058 21.12063
2450273.24062 19.51137
2450274.24067 18.73752
2450275.24071 19.45363
2450276.24076 25.13840
2450277.24080 19.09948
2450278.24085 23.41489
2450279.24090 25.53388
2450280.24094 26.93890
2450281.24099 26.28483
2450282.24103 29.17978
2450283.24108 31.80565
2450284.24112 31.17330
2450285.24117 32.70052
2450286.24122 26.73737
2450287.24126 23.30527
2450288.24131 27.35731
2450289.24135 23.31657
2450290.24140 18.53569
2450291.24144 23.61982
2450292.24149 18.91376
2450293.24154 17.26553
2450479.25002 17.03753
2450480.25007 15.72150
2450481.25011 17.35787
2450482.25016 18.42828
2450483.25021 15.25032
2450484.25025 13.99580
2450485.25030 13.59450
2450486.25034 11.61683
2450487.25039 9.13181
2450488.25043 8.84737
2450489.25048 9.72406
2450490.25052 8.40280
2450491.25057 9.02774
2450492.25062 8.48527
2450493.25066 10.44730
2450494.25071 9.82167
2450495.25075 10.09646
2450496.25080 13.34170
2450497.25084 14.42387
2450498.25089 16.19078
2450499.25094 16.31220
2450500.25098 15.44928
2450501.25103 12.48152
2450502.25107 14.23681
2450503.25112 15.85089
2450504.25116 14.52527
2450505.25121 11.64099
2450506.25125 11.74335
2450507.25130 11.31884
2450508.25135 10.80967
2450509.25139 9.11643
2450510.25144 6.90624
2450511.25148 7.86590
2450512.25153 8.38727
2450513.25157 9.93190
2450514.25162 11.07253
2450515.25167 12.41196
2450516.25171 11.49457
2450517.25176 14.66833
2450518.25180 13.85646
2450519.25185 14.24983
2450520.25189 14.65488
2450521.25194 15.95947
2450522.25199 17.48526
2450523.25203 15.45475
2450524.25208 13.77459
2450525.25212 10.97451
2450526.25217 9.37754
2450527.25221 8.73821
2450528.25226 7.38134
2450529.25230 6.61657
2450530.25235 6.58148
2450531.25240 6.20630
2450532.25244 6.79069
2450533.25249 6.74491
2450534.25253 8.64902
2450535.25258 9.93726
2450536.25262 9.98688
2450537.25267 13.07972
2450538.25272 11.11450
2450539.25276 12.37586
2450540.25281 16.34638
2450541.25285 13.02931
2450542.25290 14.14912
2450543.25294 14.21194
2450544.25299 11.56768
2450545.25303 8.71198
2450546.25308 8.86038
2450547.25313 8.08875
2450548.25317 6.36608
2450549.25322 5.48257
2450550.25326 5.53628
2450551.25331 5.59447
2450552.25335 5.60013
2450553.25340 8.37094
2450554.25345 8.77829
2450555.25349 9.86186
2450556.25354 9.61772
2450557.25358 11.31257
2450558.25363 11.87374
2450559.25367 14.70028
2450560.25372 12.79861
2450561.25376 11.04528
2450562.25381 12.65314
2450563.25386 11.96761
2450564.25390 8.07668
2450565.25395 6.65107
2450566.25399 8.79012
2450567.25404 5.71875
2450568.25408 5.08024
2450569.25413 3.71223
2450570.25418 4.49411
2450571.25422 5.05684
2450572.25427 6.21418
2450573.25431 5.42448
2450574.25436 7.66398
2450575.25440 10.01579
2450576.25445 10.67874
2450577.25449 11.41442
2450578.25454 11.55558
2450579.25459 13.41982
2450580.25463 9.70412
2450581.25468 9.49591
2450582.25472 11.68033
2450583.25477 10.12695
2450584.25481 8.81020
2450585.25486 6.85140
2450586.25491 6.54269
2450587.25495 4.86294
2450588.25500 4.28732
2450589.25504 3.50432
2450590.25509 3.79809
2450591.25513 4.48600
2450592.25518 4.78585
2450593.25522 6.16976
2450594.25527 8.15973
2450595.25532 7.41832
2450596.25536 11.83699
2450597.25541 11.16917
2450598.25545 10.68747
2450599.25550 13.02193
2450600.25554 11.63117
2450601.25559 11.08421
2450602.25564 10.14587
2450603.25568 9.42198
2450604.25573 7.78442
2450605.25577 5.52615
2450606.25582 4.65724
2450607.25586 3.96244
2450608.25591 3.47423
2450609.25596 3.35670
2450610.25600 3.71893
2450611.25605 3.44238
2450612.25609 4.73824
2450613.25614 6.27262
2450614.25618 7.26015
2450615.25623 8.79401
2450616.25627 9.32149
2450617.25632 10.27592
2450618.25637 11.12860
2450619.25641 12.35381
2450620.25646 10.49716
2450621.25650 9.35069
2450622.25655 9.88355
2450623.25659 6.81438
2450624.25664 5.67496
2450625.25669 6.60412
2450626.25673 4.64337
2450627.25678 3.43004
2450628.25682 2.62055
2450629.25687 2.78827
2450630.25691 3.15684
2450631.25696 3.31611
2450632.25700 4.26064
2450633.25705 6.34681
2450634.25710 6.83807
2450635.25714 6.45218
2450636.25719 8.67942
2450637.25723 7.43781
2450638.25728 10.11676
2450639.25732 10.37144
2450640.25737 11.09301
2450641.25742 9.31649
2450642.25746 6.77721
2450643.25751 7.20979
2450644.25755 6.13137
2450645.25760 5.35225
2450646.25764 3.41009
2450647.25769 2.78077
2450648.25773 2.17080
2450649.25778 1.94534
2450650.25783 2.53167
2450651.25787 3.35422
2450652.25792 4.70194
2450653.25796 5.56389
2450654.25801 8.07193
2450655.25805 8.66698
2450656.25810 7.42451
2450657.25815 8.16015
2450658.25819 11.01401
2450844.26668 3.20104
2450845.26672 3.29325
2450846.26677 3.27450
2450847.26682 3.23800
2450848.26686 3.88845
2450849.26691 5.11375
2450850.26695 6.24404
2450851.26700 8.82407
2450852.26704 9.01466
2450853.26709 7.83383
2450854.26714 10.63558
2450855.26718 10.93673
2450856.26723 10.86539
2450857.26727 10.87796
2450858.26732 11.06225
2450859.26736 10.43685
2450860.26741 10.14688
2450861.26745 6.85504
2450862.26750 6.96479
2450863.26755 5.52859
2450864.26759 4.95130
2450865.26764 4.11471
2450866.26768 3.66577
2450867.26773 4.38035
2450868.26777 5.75594
2450869.26782 5.04065
2450870.26787 6.43618
2450871.26791 9.34354
2450872.26796 10.75384
2450873.26800 11.02959
2450874.26805 11.80996
2450875.26809 11.20068
2450876.26814 12.20387
2450877.26818 10.77290
2450878.26823 12.49331
2450879.26828 11.56464
2450880.26832 9.44989
2450881.26837 8.95495
2450882.26841 5.59042
2450883.26846 6.07525
2450884.26850 5.28575
2450885.26855 5.93988
2450886.26860 4.94295
2450887.26864 5.54378
2450888.26869 6.04084
2450889.26873 7.88664
2450890.26878 7.13683
2450891.26882 9.19229
2450892.26887 11.16166
2450893.26891 12.39602
2450894.26896 14.11107
2450895.26901 10.99796
2450896.26905 14.37959
2450897.26910 13.78793
2450898.26914 12.52470
2450899.26919 10.98099
2450900.26923 9.21256
2450901.26928 10.32532
2450902.26933 6.54578
2450903.26937 7.01097
2450904.26942 6.78812
2450905.26946 6.35270
2450906.26951 6.22414
2450907.26955 6.97093
2450908.26960 8.27542
2450909.26964 8.92096
2450910.26969 8.99924
2450911.26974 8.41589
2450912.26978 12.93065
2450913.26983 13.38669
2450914.26987 14.30202
2450915.26992 15.09203
2450916.26996 15.26858
2450917.27001 14.24520
2450918.27006 12.90408
2450919.27010 13.27304
2450920.27015 9.25280
2450921.27019 9.79820
2450922.27024 8.39289
2450923.27028 7.16595
2450924.27033 6.34547
2450925.27038 5.92011
2450926.27042 5.67209
2450927.27047 7.95803
2450928.27051 8.52186
2450929.27056 9.53092
2450930.27060 9.69127
2450931.27065 11.81290
2450932.27069 13.00615
2450933.27074 14.57237
2450934.27079 11.39485
2450935.27083 15.55768
2450936.27088 15.30495
2450937.27092 12.70783
2450938.27097 12.72296
2450939.27101 13.20176
2450940.27106 10.31972
2450941.27111 10.65873
2450942.27115 7.84221
2450943.27120 8.68885
2450944.27124 7.17653
2450945.27129 8.36169
2450946.27133 7.90139
2450947.27138 8.58457
2450948.27142 8.63976
2450949.27147 10.05028
2450950.27152 11.86276
2450951.27156 13.56434
2450952.27161 14.20492
2450953.27165 13.99108
2450954.27170 15.11145
2450955.27174 18.11100
2450956.27179 16.79326
2450957.27184 14.85998
2450958.27188 14.13649
2450959.27193 13.36870
2450960.27197 11.08485
2450961.27202 10.65346
2450962.27206 9.26172
2450963.27211 8.20403
2450964.27215 10.47922
2450965.27220 8.62264
2450966.27225 9.61006
2450967.27229 9.36515
2450968.27234 10.37751
2450969.27238 13.74603
2450970.27243 12.69939
2450971.27247 14.93590
2450972.27252 17.89887
2450973.27257 15.20423
2450974.27261 15.84995
2450975.27266 15.89916
2450976.27270 16.80152
2450977.27275 16.43223
2450978.27279 16.96241
2450979.27284 14.59707
2450980.27288 10.81581
2450981.27293 10.16386
2450982.27298 10.28484
2450983.27302 10.57842
2450984.27307 10.87947
2450985.27311 9.53977
2450986.27316 9.82033
2450987.27320 11.44961
2450988.27325 12.57441
2450989.27330 14.88319
2450990.27334 12.05106
2450991.27339 15.75611
2450992.27343 14.50398
2450993.27348 17.39960
2450994.27352 17.91988
2450995.27357 20.14995
2450996.27362 18.72239
2450997.27366 18.30343
2450998.27371 16.47311
2450999.27375 12.42052
2451000.27380 14.54678
2451001.27384 13.09947
2451002.27389 13.49811
2451003.27393 11.42068
2451004.27398 10.26188
2451005.27403 13.31214
2451006.27407 12.12269
2451007.27412 10.68751
2451008.27416 14.23950
2451009.27421 13.67414
2451010.27425 20.43897
2451011.27430 17.41636
2451012.27435 20.52775
2451013.27439 15.40948
2451014.27444 17.65912
2451015.27448 20.05684
2451016.27453 18.88723
2451017.27457 15.94850
2451018.27462 15.45969
2451019.27466 12.77908
2451020.27471 12.76904
2451021.27476 14.40740
2451022.27480 9.76229
2451023.27485 13.08096
2451209.28333 31.29862
2451210.28338 22.84549
2451211.28343 27.03939
2451212.28347 32.29622
2451213.28352 20.54953
2451214.28356 27.16541
2451215.28361 30.17213
2451216.28365 25.43073
2451217.28370 21.18070
2451218.28375 23.35541
2451219.28379 22.17056
2451220.28384 19.93906
2451221.28388 22.19453
2451222.28393 18.80789
2451223.28397 23.50566
2451224.28402 22.12394
2451225.28406 22.14163
2451226.28411 23.86656
2451227.28416 28.80808
2451228.28420 26.17205
2451229.28425 26.38229
2451230.28429 27.94842
2451231.28434 36.94045
2451232.28438 25.86775
2451233.28443 31.86919
2451234.28448 30.52914
2451235.28452 25.97021
2451236.28457 23.76480
2451237.28461 26.15334
2451238.28466 25.54475
2451239.28470 24.17552
2451240.28475 24.18790
2451241.28480 23.83979
2451242.28484 22.72386
2451243.28489 23.06335
2451244.28493 22.84634
2451245.28498 24.43155
2451246.28502 27.09205
2451247.28507 21.02727
2451248.28511 28.70654
2451249.28516 26.29499
2451250.28521 31.09468
2451251.28525 28.57924
2451252.28530 33.54317
2451253.28534 28.65010
2451254.28539 28.06808
2451255.28543 27.38435
2451256.28548 25.31878
2451257.28553 24.58985
2451258.28557 26.12110
2451259.28562 21.92026
2451260.28566 23.92780
2451261.28571 22.07675
2451262.28575 21.88412
2451263.28580 26.40771
2451264.28584 22.01263
2451265.28589 28.71925
2451266.28594 29.01470
2451267.28598 26.51610
2451268.28603 28.18011
2451269.28607 29.70001
2451270.28612 36.19077
2451271.28616 32.05786
2451272.28621 26.41980
2451273.28626 27.11292
2451274.28630 26.49129
2451275.28635 30.33021
2451276.28639 28.64296
2451277.28644 26.76587
2451278.28648 27.71435
2451279.28653 21.41573
2451280.28657 22.11359
2451281.28662 23.84664
2451282.28667 27.58848
2451283.28671 23.83947
2451284.28676 28.33422
2451285.28680 23.14240
2451286.28685 31.78593
2451287.28689 28.80226
2451288.28694 31.85369
2451289.28699 30.04148
2451290.28703 32.89130
2451291.28708 28.52205
2451292.28712 27.41107
2451293.28717 33.05600
2451294.28721 34.03391
2451295.28726 26.45128
2451296.28730 27.78171
2451297.28735 22.66012
2451298.28740 21.40980
2451299.28744 25.05986
2451300.28749 22.59746
2451301.28753 21.94454
2451302.28758 23.85717
2451303.28762 25.55937
2451304.28767 22.33180
2451305.28772 25.25117
2451306.28776 28.34796
2451307.28781 28.99006
2451308.28785 23.44827
2451309.28790 26.46571
2451310.28794 27.79785
2451311.28799 26.72037
2451312.28804 26.32945
2451313.28808 27.31344
2451314.28813 29.50904
2451315.28817 31.03592
2451316.28822 23.15033
2451317.28826 22.02386
2451318.28831 20.91055
2451319.28835 21.19555
2451320.28840 23.99602
2451321.28845 27.76205
2451322.28849 22.91491
2451323.28854 24.15573
2451324.28858 29.88689
2451325.28863 28.59873
2451326.28867 29.30888
2451327.28872 28.56594
2451328.28877 29.99559
2451329.28881 31.35071
2451330.28886 27.86485
2451331.28890 31.30504
2451332.28895 34.50363
2451333.28899 24.58302
2451334.28904 30.86343
2451335.28908 30.51946
2451336.28913 24.42591
2451337.28918 21.80065
2451338.28922 25.46892
2451339.28927 20.10944
2451340.28931 23.70979
2451341.28936 24.64841
2451342.28940 23.16646
2451343.28945 24.62762
2451344.28950 29.95626
2451345.28954 31.81645
2451346.28959 28.80482
2451347.28963 31.28618
2451348.28968 34.84871
2451349.28972 28.62542
2451350.28977 33.04905
2451351.28981 35.67530
2451352.28986 28.75821
2451353.28991 25.20662
2451354.28995 30.23378
2451355.29000 33.70614
2451356.29004 26.83354
2451357.29009 25.21312
2451358.29013 27.22664
2451359.29018 19.84210
2451360.29023 20.08636
2451361.29027 25.98598
2451362.29032 18.66215
2451363.29036 23.43612
2451364.29041 29.03915
2451365.29045 30.71708
2451366.29050 28.74606
2451367.29054 22.99785
2451368.29059 30.49801
2451369.29064 31.16937
2451370.29068 34.52460
2451371.29073 29.31889
2451372.29077 29.31791
2451373.29082 28.30929
2451374.29086 24.54493
2451375.29091 25.08973
2451376.29096 25.60347
2451377.29100 19.70101
2451378.29105 23.85161
2451379.29109 25.20751
2451380.29114 23.90381
2451381.29118 23.52787
2451382.29123 21.45874
2451383.29127 18.59424
2451384.29132 25.56323
2451385.29137 32.15907
2451386.29141 31.70972
2451387.29146 28.94851
2451388.29150 29.31536
2451575.30004 16.50794
2451576.30008 19.00082
2451577.30013 15.06683
2451578.30017 15.58315
2451579.30022 18.28654
2451580.30026 18.36501
2451581.30031 21.15796
2451582.30036 17.32814
2451583.30040 21.81566
2451584.30045 26.45612
2451585.30049 22.29539
2451586.30054 20.05518
2451587.30058 22.77876
2451588.30063 22.00796
2451589.30068 23.04950
2451590.30072 22.25685
2451591.30077 20.08738
2451592.30081 17.12868
2451593.30086 18.29745
2451594.30090 16.50194
2451595.30095 14.13433
2451596.30099 13.84412
2451597.30104 16.97338
2451598.30109 14.51409
2451599.30113 16.21350
2451600.30118 14.81085
2451601.30122 16.50599
2451602.30127 19.87632
2451603.30131 21.40319
2451604.30136 22.04200
2451605.30141 23.92596
2451606.30145 23.58712
2451607.30150 23.79478
2451608.30154 18.89862
2451609.30159 17.47903
2451610.30163 19.88778
2451611.30168 12.33789
2451612.30172 16.82795
2451613.30177 15.40282
2451614.30182 15.87105
2451615.30186 14.32839
2451616.30191 14.49783
2451617.30195 14.64344
2451618.30200 15.21805
2451619.30204 16.56230
2451620.30209 15.02344
2451621.30214 17.99763
2451622.30218 18.82120
2451623.30223 20.43698
2451624.30227 18.57432
2451625.30232 21.42245
2451626.30236 20.32783
2451627.30241 19.56027
2451628.30246 18.54025
2451629.30250 17.64394
2451630.30255 21.87285
2451631.30259 18.47908
2451632.30264 18.98388
2451633.30268 13.89593
2451634.30273 14.01299
2451635.30277 11.95916
2451636.30282 12.99559
2451637.30287 13.13660
2451638.30291 14.17468
2451639.30296 14.54612
2451640.30300 13.48299
2451641.30305 16.83570
2451642.30309 16.51125
2451643.30314 18.38371
2451644.30319 20.90601
2451645.30323 21.38282
2451646.30328 18.67668
2451647.30332 17.64506
2451648.30337 19.01089
2451649.30341 19.18727
2451650.30346 17.22067
2451651.30350 15.81328
2451652.30355 14.06240
2451653.30360 12.14938
2451654.30364 11.51542
2451655.30369 11.90398
2451656.30373 14.71650
2451657.30378 11.27164
2451658.30382 10.97236
2451659.30387 13.44361
2451660.30392 10.89203
2451661.30396 12.81185
2451662.30401 18.64016
2451663.30405 20.46284
2451664.30410 15.07084
2451665.30414 18.10711
2451666.30419 21.37014
2451667.30423 15.94014
2451668.30428 16.52619
2451669.30433 19.25050
2451670.30437 16.18465
2451671.30442 15.22648
2451672.30446 11.69943
2451673.30451 11.35600
2451674.30455 11.77012
2451675.30460 10.65941
2451676.30465 9.18875
2451677.30469 10.22067
2451678.30474 13.69879
2451679.30478 12.54339
2451680.30483 16.03284
2451681.30487 13.98901
2451682.30492 15.88878
2451683.30496 14.93308
2451684.30501 16.76166
2451685.30506 20.50660
2451686.30510 20.63359
2451687.30515 15.85235
2451688.30519 16.44649
2451689.30524 15.11538
2451690.30528 13.04144
2451691.30533 9.78299
2451692.30538 11.53290
2451693.30542 11.23369
2451694.30547 9.86374
2451695.30551 10.44463
2451696.30556 8.01665
2451697.30560 8.92260
2451698.30565 12.85505
2451699.30569 10.80262
2451700.30574 12.41570
2451701.30579 13.54110
2451702.30583 16.13066
2451703.30588 14.60081
2451704.30592 15.77461
2451705.30597 15.71729
2451706.30601 18.38046
2451707.30606 15.88429
2451708.30611 13.53795
2451709.30615 13.51390
2451710.30620 13.83435
2451711.30624 9.85001
2451712.30629 10.71344
2451713.30633 11.04126
2451714.30638 8.39330
2451715.30643 9.05577
2451716.30647 9.32836
2451717.30652 8.81904
2451718.30656 7.49049
2451719.30661 10.80753
2451720.30665 12.00970
2451721.30670 14.78242
2451722.30674 14.91997
2451723.30679 14.57457
2451724.30684 16.98625
2451725.30688 16.79437
2451726.30693 16.65174
2451727.30697 15.36549
2451728.30702 14.26024
2451729.30706 12.04501
2451730.30711 11.44774
2451731.30716 10.94518
2451732.30720 9.16828
2451733.30725 8.27961
2451734.30729 7.57873
2451735.30734 7.12065
2451736.30738 7.06825
2451737.30743 9.94535
2451738.30747 9.38072
2451739.30752 9.75815
2451740.30757 11.95231
2451741.30761 13.91363
2451742.30766 16.71181
2451743.30770 12.72181
2451744.30775 15.16047
2451745.30779 17.69333
2451746.30784 15.31616
2451747.30789 12.11114
2451748.30793 13.51114
2451749.30798 12.12134
2451750.30802 8.64723
2451751.30807 9.46143
2451752.30811 7.52390
2451753.30816 6.13552
2451754.30820 6.51051
2451940.31669 9.32909
2451941.31674 8.89973
2451942.31678 8.05704
2451943.31683 8.54083
2451944.31688 9.63584
2451945.31692 9.32548
2451946.31697 7.72355
2451947.31701 5.49176
2451948.31706 4.77238
2451949.31710 3.33825
2451950.31715 2.94676
2451951.31719 2.53381
2451952.31724 2.21604
2451953.31729 2.42987
2451954.31733 3.14049
2451955.31738 3.80608
2451956.31742 4.06183
2451957.31747 6.60073
2451958.31751 7.11574
2451959.31756 8.29172
2451960.31761 9.59914
2451961.31765 10.23145
2451962.31770 10.25253
2451963.31774 10.95512
2451964.31779 10.73772
2451965.31783 8.56618
2451966.31788 6.01845
2451967.31792 6.96374
2451968.31797 4.97887
2451969.31802 4.21855
2451970.31806 3.56856
2451971.31811 2.17780
2451972.31815 2.26359
2451973.31820 2.41970
2451974.31824 2.67541
2451975.31829 3.31327
2451976.31834 4.73831
2451977.31838 6.98101
2451978.31843 7.60908
2451979.31847 7.89513
2451980.31852 8.85516
2451981.31856 9.33420
2451982.31861 8.40509
2451983.31865 8.96733
2451984.31870 8.81785
2451985.31875 7.76665
2451986.31879 7.53726
2451987.31884 6.12912
2451988.31888 4.83098
2451989.31893 3.62111
2451990.31897 3.51801
2451991.31902 2.86362
2451992.31907 2.62774
2451993.31911 3.03663
2451994.31916 3.52970
2451995.31920 5.05510
2451996.31925 6.21399
2451997.31929 5.90299
2451998.31934 8.99460
2451999.31938 10.30903
2452000.31943 9.80822
2452001.31948 9.81046
2452002.31952 10.09677
2452003.31957 9.87445
2452004.31961 9.04967
2452005.31966 6.67974
2452006.31970 7.49325
2452007.31975 5.65980
2452008.31980 5.38746
2452009.31984 3.19410
2452010.31989 3.29711
2452011.31993 3.26472
2452012.31998 3.13111
2452013.32002 3.40128
2452014.32007 4.87646
2452015.32011 4.84822
2452016.32016 6.83574
2452017.32021 7.42806
2452018.32025 7.59357
2452019.32030 8.48789
2452020.32034 10.36410
2452021.32039 9.76811
2452022.32043 9.57766
2452023.32048 11.20284
2452024.32053 8.70375
2452025.32057 7.88627
2452026.32062 6.96474
2452027.32066 5.49542
2452028.32071 5.24267
2452029.32075 4.74276
2452030.32080 3.79671
2452031.32085 2.67493
2452032.32089 3.17563
2452033.32094 4.06371
2452034.32098 4.66323
2452035.32103 5.37978
2452036.32107 7.67245
2452037.32112 10.26421
2452038.32116 8.01600
2452039.32121 11.64350
2452040.32126 10.78754
2452041.32130 9.95382
2452042.32135 10.23703
2452043.32139 11.38174
2452044.32144 10.10969
2452045.32148 8.41796
2452046.32153 8.47937
2452047.32158 5.69891
2452048.32162 5.15936
2452049.32167 4.02524
2452050.32171 3.86702
2452051.32176 4.06571
2452052.32180 3.96189
2452053.32185 4.50768
2452054.32189 6.63366
2452055.32194 7.05865
2452056.32199 7.30458
2452057.32203 8.23903
2452058.32208 10.91181
2452059.32212 11.58509
2452060.32217 8.40380
2452061.32221 12.60069
2452062.32226 11.63293
2452063.32231 8.16839
2452064.32235 8.49428
2452065.32240 9.03656
2452066.32244 6.62340
2452067.32249 7.33482
2452068.32253 5.82552
2452069.32258 5.10146
2452070.32262 4.66178
2452071.32267 4.23609
2452072.32272 4.81499
2452073.32276 5.95211
2452074.32281 5.80358
2452075.32285 8.15643
2452076.32290 8.50189
2452077.32294 9.79771
2452078.32299 10.89072
2452079.32304 12.86415
2452080.32308 12.21592
2452081.32313 12.92307
2452082.32317 13.18627
2452083.32322 14.30796
2452084.32326 9.80981
2452085.32331 8.94297
2452086.32335 7.73822
2452087.32340 7.13147
2452088.32345 6.14355
2452089.32349 5.33419
2452090.32354 5.61554
2452091.32358 4.60634
2452092.32363 5.84776
2452093.32367 6.71274
2452094.32372 7.66703
2452095.32377 8.51656
2452096.32381 11.37241
2452097.32386 11.73747
2452098.32390 10.40736
2452099.32395 11.83363
2452100.32399 13.24191
2452101.32404 12.20689
2452102.32409 14.58188
2452103.32413 11.12763
2452104.32418 10.82229
2452105.32422 11.97649
2452106.32427 8.91791
2452107.32431 9.12142
2452108.32436 7.26400
2452109.32440 6.39543
2452110.32445 6.63604
2452111.32450 5.72662
2452112.32454 6.06273
2452113.32459 6.49516
2452114.32463 7.42667
2452115.32468 10.96378
2452116.32472 11.34053
2452117.32477 12.36434
2452118.32482 13.25689
2452119.32486 13.69803
2452305.33335 17.29758
2452306.33339 17.64560
2452307.33344 13.49202
2452308.33349 17.12060
2452309.33353 11.48280
2452310.33358 16.82793
2452311.33362 13.40960
2452312.33367 18.68937
2452313.33371 21.04362
2452314.33376 23.05021
2452315.33380 22.20442
2452316.33385 27.52803
2452317.33390 21.45910
2452318.33394 21.12656
2452319.33399 21.85476
2452320.33403 24.29105
2452321.33408 20.25418
2452322.33412 22.06712
2452323.33417 18.70975
2452324.33422 17.00693
2452325.33426 15.68429
2452326.33431 13.45643
2452327.33435 18.35603
2452328.33440 18.41276
2452329.33444 17.91796
2452330.33449 16.69529
2452331.33454 19.99308
2452332.33458 18.55474
2452333.33463 23.85149
2452334.33467 19.39999
2452335.33472 26.47610
2452336.33476 19.67670
2452337.33481 23.33587
2452338.33485 22.57443
2452339.33490 25.93734
2452340.33495 23.68928
2452341.33499 21.41135
2452342.33504 19.81485
2452343.33508 17.75957
2452344.33513 18.48822
2452345.33517 19.82401
2452346.33522 18.59641
2452347.33527 12.44327
2452348.33531 19.70422
2452349.33536 23.35134
2452350.33540 19.12409
2452351.33545 20.63690
2452352.33549 18.23813
2452353.33554 22.58338
2452354.33558 23.18915
2452355.33563 19.16532
2452356.33568 28.63198
2452357.33572 24.89479
2452358.33577 31.31450
2452359.33581 26.73382
2452360.33586 22.74063
2452361.33590 23.88724
2452362.33595 22.06570
2452363.33600 18.55750
2452364.33604 16.02299
2452365.33609 21.91755
2452366.33613 17.16936
2452367.33618 18.42374
2452368.33622 18.27663
2452369.33627 16.03201
2452370.33631 19.48128
2452371.33636 22.89678
2452372.33641 21.80922
2452373.33645 23.58914
2452374.33650 23.82022
2452375.33654 24.45298
2452376.33659 30.11615
2452377.33663 26.90469
2452378.33668 29.81519
2452379.33673 25.73925
2452380.33677 24.13792
2452381.33682 23.50340
2452382.33686 20.44000
2452383.33691 21.67466
2452384.33695 22.67448
2452385.33700 20.65234
2452386.33704 20.46037
2452387.33709 19.39334
2452388.33714 22.93144
2452389.33718 20.22129
2452390.33723 21.52677
2452391.33727 22.18912
2452392.33732 19.62323
2452393.33736 28.06413
2452394.33741 25.80582
2452395.33746 27.62969
2452396.33750 28.76998
2452397.33755 25.92861
2452398.33759 28.00249
2452399.33764 27.07416
2452400.33768 22.92275
2452401.33773 27.34691
2452402.33777 19.64461
2452403.33782 20.56933
2452404.33787 23.77234
2452405.33791 20.37657
2452406.33796 20.48213
2452407.33800 20.27242
2452408.33805 21.95186
2452409.33809 20.65307
2452410.33814 24.86054
2452411.33819 23.74673
2452412.33823 31.44228
2452413.33828 22.38005
2452414.33832 25.65069
2452415.33837 28.61527
2452416.33841 21.73047
2452417.33846 23.91580
2452418.33851 28.96521
2452419.33855 29.77818
2452420.33860 28.39992
2452421.33864 25.17988
2452422.33869 21.85889
2452423.33873 20.29207
2452424.33878 18.91394
2452425.33882 25.96058
2452426.33887 18.57485
2452427.33892 22.63545
2452428.33896 21.89607
2452429.33901 24.84466
2452430.33905 20.15456
2452431.33910 26.07261
2452432.33914 25.31133
2452433.33919 25.76487
2452434.33924 27.03539
2452435.33928 29.23069
2452436.33933 29.30964
2452437.33937 26.11048
2452438.33942 29.01297
2452439.33946 25.10617
2452440.33951 27.45573
2452441.33955 21.24916
2452442.33960 28.29635
2452443.33965 23.72775
2452444.33969 22.58388
2452445.33974 25.52787
2452446.33978 20.19483
2452447.33983 24.72380
2452448.33987 21.08420
2452449.33992 22.05819
2452450.33997 25.22222
2452451.34001 25.52983
2452452.34006 25.13121
2452453.34010 30.06703
2452454.34015 29.20215
2452455.34019 28.61949
2452456.34024 27.90331
2452457.34028 31.39130
2452458.34033 27.15762
2452459.34038 28.50166
2452460.34042 24.43385
2452461.34047 23.04773
2452462.34051 27.01253
2452463.34056 19.17579
2452464.34060 27.81676
2452465.34065 19.59901
2452466.34070 24.70395
2452467.34074 23.21662
2452468.34079 23.11035
2452469.34083 25.68155
2452470.34088 26.22338
2452471.34092 23.06718
2452472.34097 23.93769
2452473.34101 27.55571
2452474.34106 33.69722
2452475.34111 32.87735
2452476.34115 32.04052
2452477.34120 27.91580
2452478.34124 29.39602
2452479.34129 23.02455
2452480.34133 26.42402
2452481.34138 27.31373
2452482.34143 21.81798
2452483.34147 21.61767
2452484.34152 25.62930
2452670.35000 26.42833
2452671.35005 32.65956
2452672.35010 32.25577
2452673.35014 27.99046
2452674.35019 28.33743
2452675.35023 25.55532
2452676.35028 26.28211
2452677.35032 21.56801
2452678.35037 19.39825
2452679.35042 24.50197
2452680.35046 23.61884
2452681.35051 18.08130
2452682.35055 21.71657
2452683.35060 18.97008
2452684.35064 19.57594
2452685.35069 19.82215
2452686.35073 22.26882
2452687.35078 23.34687
2452688.35083 26.29143
2452689.35087 23.01390
2452690.35092 25.05376
2452691.35096 28.96392
2452692.35101 27.27027
2452693.35105 22.49598
2452694.35110 29.04232
2452695.35115 26.93526
2452696.35119 26.04643
2452697.35124 26.49100
2452698.35128 26.64311
2452699.35133 18.41634
2452700.35137 19.00000
2452701.35142 21.16886
2452702.35146 18.56431
2452703.35151 15.70500
2452704.35156 21.33631
2452705.35160 20.34542
2452706.35165 19.90324
2452707.35169 24.19316
2452708.35174 23.11928
2452709.35178 26.53870
2452710.35183 24.27973
2452711.35188 27.00530
2452712.35192 25.79013
2452713.35197 27.22963
2452714.35201 30.01039
2452715.35206 23.41017
2452716.35210 21.88282
2452717.35215 21.51294
2452718.35219 25.14198
2452719.35224 22.83308
2452720.35229 24.20805
2452721.35233 20.28521
2452722.35238 17.88098
2452723.35242 22.22019
2452724.35247 23.39246
2452725.35251 21.84366
2452726.35256 17.54484
2452727.35261 23.37034
2452728.35265 21.42220
2452729.35270 26.55523
2452730.35274 24.28216
2452731.35279 23.17948
2452732.35283 21.72329
2452733.35288 24.53844
2452734.35293 28.42050
2452735.35297 28.26364
2452736.35302 21.15961
2452737.35306 20.29773
2452738.35311 22.19497
2452739.35315 20.81847
2452740.35320 21.46124
2452741.35324 18.04903
2452742.35329 16.92592
2452743.35334 18.59699
2452744.35338 19.85578
2452745.35343 19.37412
2452746.35347 23.81423
2452747.35352 21.45749
2452748.35356 23.54741
2452749.35361 22.90036
2452750.35366 27.72767
2452751.35370 26.32315
2452752.35375 20.20250
2452753.35379 23.30931
2452754.35384 21.79089
2452755.35388 21.73288
2452756.35393 24.97877
2452757.35397 24.01485
2452758.35402 22.61856
2452759.35407 18.98085
2452760.35411 17.32296
2452761.35416 17.04267
2452762.35420 18.79250
2452763.35425 14.35001
2452764.35429 16.22343
2452765.35434 16.11221
2452766.35439 19.75284
2452767.35443 24.79884
2452768.35448 21.05026
2452769.35452 20.97020
2452770.35457 23.74716
2452771.35461 22.84083
2452772.35466 24.29708
2452773.35470 23.80637
2452774.35475 20.10643
2452775.35480 24.05199
2452776.35484 23.53749
2452777.35489 21.97753
2452778.35493 18.05355
2452779.35498 18.59283
2452780.35502 13.44894
2452781.35507 17.88526
2452782.35512 13.39630
2452783.35516 15.88305
2452784.35521 13.45588
2452785.35525 18.75534
2452786.35530 16.38023
2452787.35534 20.60085
2452788.35539 22.80939
2452789.35543 25.21078
2452790.35548 20.49540
2452791.35553 27.08606
2452792.35557 27.56625
2452793.35562 19.76177
2452794.35566 22.20495
2452795.35571 24.60351
2452796.35575 19.71658
2452797.35580 18.47455
2452798.35585 19.44795
2452799.35589 14.79759
2452800.35594 15.94917
2452801.35598 14.96291
2452802.35603 15.18608
2452803.35607 12.62283
2452804.35612 15.89242
2452805.35617 19.57614
2452806.35621 16.19184
2452807.35626 19.96630
2452808.35630 23.69084
2452809.35635 21.22919
2452810.35639 26.31970
2452811.35644 22.54184
2452812.35648 20.51201
2452813.35653 20.82821
2452814.35658 25.09105
2452815.35662 20.91445
2452816.35667 19.57943
2452817.35671 15.07532
2452818.35676 17.14106
2452819.35680 14.22528
2452820.35685 15.89220
2452821.35690 14.01894
2452822.35694 13.01790
2452823.35699 16.69563
2452824.35703 17.49137
2452825.35708 14.88668
2452826.35712 15.07712
2452827.35717 18.79781
2452828.35721 15.51475
2452829.35726 18.57025
2452830.35731 20.83079
2452831.35735 25.07753
2452832.35740 16.50064
2452833.35744 20.86101
2452834.35749 18.08873
2452835.35753 23.55754
2452836.35758 17.77726
2452837.35763 16.51464
2452838.35767 12.40313
2452839.35772 11.89677
2452840.35776 16.08997
2452841.35781 11.46493
2452842.35785 11.68783
2452843.35790 15.71931
2452844.35794 13.94946
2452845.35799 17.73758
2452846.35804 18.07413
2452847.35808 16.87343
2452848.35813 20.70710
2452849.35817 17.82531
2453036.36671 6.16170
2453037.36675 5.97687
2453038.36680 5.29210
2453039.36684 4.55189
2453040.36689 5.39003
2453041.36693 6.16744
2453042.36698 6.86931
2453043.36703 7.40847
2453044.36707 8.76401
2453045.36712 10.29220
2453046.36716 11.02811
2453047.36721 11.36737
2453048.36725 13.00620
2453049.36730 12.35072
2453050.36735 11.09876
2453051.36739 9.83685
2453052.36744 11.75573
2453053.36748 9.84966
2453054.36753 7.37845
2453055.36757 6.20901
2453056.36762 5.48489
2453057.36766 4.78685
2453058.36771 4.55286
2453059.36776 4.49220
2453060.36780 5.00962
2453061.36785 5.80541
2453062.36789 6.46279
2453063.36794 7.28326
2453064.36798 10.33431
2453065.36803 9.51950
2453066.36808 11.73146
2453067.36812 10.75263
2453068.36817 12.52471
2453069.36821 11.69585
2453070.36826 10.58524
2453071.36830 9.72435
2453072.36835 9.27908
2453073.36839 7.52205
2453074.36844 6.33153
2453075.36849 5.92128
2453076.36853 4.46909
2453077.36858 4.36770
2453078.36862 3.87231
2453079.36867 4.89078
2453080.36871 4.67257
2453081.36876 5.91113
2453082.36881 7.86745
2453083.36885 8.25720
2453084.36890 7.51709
2453085.36894 8.17157
2453086.36899 11.20301
2453087.36903 9.90316
2453088.36908 9.84744
2453089.36912 9.09854
2453090.36917 10.02902
2453091.36922 7.94255
2453092.36926 8.93812
2453093.36931 7.53247
2453094.36935 6.95733
2453095.36940 5.24277
2453096.36944 4.11764
2453097.36949 4.35414
2453098.36954 4.36063
2453099.36958 4.57966
2453100.36963 5.08650
2453101.36967 5.58876
2453102.36972 6.30222
2453103.36976 8.51187
2453104.36981 8.38287
2453105.36985 8.58881
2453106.36990 10.12843
2453107.36995 11.08823
2453108.36999 11.36504
2453109.37004 11.30148
2453110.37008 11.23411
2453111.37013 8.43624
2453112.37017 7.93944
2453113.37022 5.71835
2453114.37027 6.71638
2453115.37031 4.64876
2453116.37036 4.76846
2453117.37040 3.10468
2453118.37045 3.67780
2453119.37049 3.69738
2453120.37054 4.59930
2453121.37059 4.84106
2453122.37063 6.27669
2453123.37068 7.52350
2453124.37072 8.07853
2453125.37077 9.29747
2453126.37081 7.93848
2453127.37086 10.95010
2453128.37090 10.63641
2453129.37095 8.45864
2453130.37100 8.34438
2453131.37104 9.13811
2453132.37109 6.68340
2453133.37113 5.29173
2453134.37118 5.09449
2453135.37122 4.56888
2453136.37127 3.47440
2453137.37132 3.34987
2453138.37136 3.03383
2453139.37141 3.91689
2453140.37145 4.21700
2453141.37150 5.96136
2453142.37154 7.30091
2453143.37159 6.94598
2453144.37163 9.61996
2453145.37168 10.57086
2453146.37173 9.90565
2453147.37177 11.79603
2453148.37182 9.47536
2453149.37186 9.58556
2453150.37191 9.92703
2453151.37195 7.53612
2453152.37200 6.97163
2453153.37205 6.07214
2453154.37209 4.12582
2453155.37214 3.34465
2453156.37218 3.07968
2453157.37223 3.39720
2453158.37227 4.36262
2453159.37232 4.02300
2453160.37236 4.22004
2453161.37241 5.36570
2453162.37246 7.20645
2453163.37250 9.13051
2453164.37255 9.07112
2453165.37259 8.65679
2453166.37264 9.57569
2453167.37268 8.39688
2453168.37273 10.71359
2453169.37278 8.88826
2453170.37282 9.57495
2453171.37287 8.02390
2453172.37291 6.19999
2453173.37296 4.22101
2453174.37300 4.78993
2453175.37305 4.41126
2453176.37309 3.68156
2453177.37314 4.01205
2453178.37319 3.99550
2453179.37323 4.42660
2453180.37328 4.89815
2453181.37332 6.24205
2453182.37337 7.07297
2453183.37341 8.18767
2453184.37346 8.36241
2453185.37351 8.69169
2453186.37355 9.41366
2453187.37360 10.39059
2453188.37364 11.00433
2453189.37369 10.01554
2453190.37373 7.57858
2453191.37378 7.45370
2453192.37382 6.83908
2453193.37387 6.46425
2453194.37392 4.51948
2453195.37396 3.98454
2453196.37401 3.34724
2453197.37405 3.81371
2453198.37410 4.21335
2453199.37414 4.87413
2453200.37419 6.27912
2453201.37424 6.54731
2453202.37428 6.86914
2453203.37433 8.72044
2453204.37437 9.40673
2453205.37442 8.63101
2453206.37446 10.05201
2453207.37451 10.16714
2453208.37456 9.72462
2453209.37460 10.36814
2453210.37465 7.15014
2453211.37469 5.61655
2453212.37474 7.51508
2453213.37478 6.44812
2453214.37483 4.75835
2453215.37487 3.74027
2453401.38336 17.41450
2453402.38341 15.20012
2453403.38345 15.07771
2453404.38350 16.85963
2453405.38354 16.97499
2453406.38359 18.24458
2453407.38364 15.54481
2453408.38368 17.35054
2453409.38373 13.14273
2453410.38377 13.09222
2453411.38382 11.57524
2453412.38386 11.27853
2453413.38391 10.83316
2453414.38396 10.54884
2453415.38400 11.74888
2453416.38405 11.86630
2453417.38409 10.29712
2453418.38414 12.19487
2453419.38418 16.49924
2453420.38423 16.24199
2453421.38427 17.40838
2453422.38432 16.37726
2453423.38437 17.34451
2453424.38441 15.41294
2453425.38446 17.12366
2453426.38450 16.01442
2453427.38455 15.85868
2453428.38459 16.08975
2453429.38464 14.59532
2453430.38469 13.30360
2453431.38473 11.77421
2453432.38478 13.38622
2453433.38482 11.15193
2453434.38487 12.47772
2453435.38491 10.27831
2453436.38496 10.73255
2453437.38501 14.38537
2453438.38505 14.35446
2453439.38510 12.79843
2453440.38514 17.06711
2453441.38519 19.05140
2453442.38523 17.25216
2453443.38528 18.84408
2453444.38532 19.89769
2453445.38537 17.45030
2453446.38542 17.93735
2453447.38546 15.16672
2453448.38551 13.25195
2453449.38555 16.18552
2453450.38560 13.17421
2453451.38564 14.15994
2453452.38569 12.94441
2453453.38574 11.86009
2453454.38578 14.10051
2453455.38583 10.52694
2453456.38587 14.07516
2453457.38592 14.87799
2453458.38596 18.94011
2453459.38601 16.54905
2453460.38605 14.23781
2453461.38610 22.84808
2453462.38615 18.59180
2453463.38619 21.88339
2453464.38624 21.90232
2453465.38628 18.65892
2453466.38633 19.65387
2453467.38637 17.39032
2453468.38642 16.95122
2453469.38647 15.71250
2453470.38651 15.39407
2453471.38656 11.79691
2453472.38660 12.70829
2453473.38665 12.89322
2453474.38669 14.54093
2453475.38674 12.74363
2453476.38678 14.97364
2453477.38683 15.47885
2453478.38688 14.72508
2453479.38692 15.15907
2453480.38697 18.73966
2453481.38701 22.14948
2453482.38706 18.69775
2453483.38710 20.91627
2453484.38715 20.73968
2453485.38720 20.69764
2453486.38724 16.96144
2453487.38729 18.58434
2453488.38733 16.30953
2453489.38738 13.44143
2453490.38742 17.15305
2453491.38747 14.66153
2453492.38751 15.17405
2453493.38756 12.97254
2453494.38761 12.96165
2453495.38765 15.13240
2453496.38770 14.75383
2453497.38774 18.00359
2453498.38779 20.15910
2453499.38783 19.33970
2453500.38788 21.19929
2453501.38793 18.68723
2453502.38797 22.95299
2453503.38802 17.94836
2453504.38806 23.71550
2453505.38811 20.27163
2453506.38815 22.70924
2453507.38820 19.40631
2453508.38824 17.77889
2453509.38829 16.31038
2453510.38834 17.02364
2453511.38838 15.39254
2453512.38843 15.81187
2453513.38847 16.70829
2453514.38852 14.40725
2453515.38856 14.74365
2453516.38861 16.19455
2453517.38866 18.62244
2453518.38870 18.52631
2453519.38875 22.88689
2453520.38879 22.89503
2453521.38884 20.84444
2453522.38888 24.52451
2453523.38893 24.32089
2453524.38898 23.43562
2453525.38902 24.88229
2453526.38907 17.26644
2453527.38911 20.26875
2453528.38916 19.79710
2453529.38920 19.24960
2453530.38925 16.61692
2453531.38929 16.39797
2453532.38934 14.89385
2453533.38939 20.18458
2453534.38943 16.66962
2453535.38948 15.61605
2453536.38952 18.03696
2453537.38957 18.15007
2453538.38961 26.60244
2453539.38966 17.93365
2453540.38971 26.18535
2453541.38975 25.42816
2453542.38980 23.73975
2453543.38984 25.39412
2453544.38989 22.89344
2453545.38993 24.85551
2453546.38998 22.01529
2453547.39002 19.50145
2453548.39007 19.49325
2453549.39012 18.74035
2453550.39016 15.49985
2453551.39021 19.02188
2453552.39025 12.72608
2453553.39030 18.12275
2453554.39034 15.63470
2453555.39039 21.55064
2453556.39044 22.55043
2453557.39048 23.74775
2453558.39053 19.68882
2453559.39057 22.84324
2453560.39062 24.98470
2453561.39066 22.28491
2453562.39071 26.76142
2453563.39075 28.39211
2453564.39080 27.77001
2453565.39085 21.22261
2453566.39089 20.83926
2453567.39094 22.69068
2453568.39098 17.56854
2453569.39103 23.23605
2453570.39107 17.46229
2453571.39112 18.32206
2453572.39117 22.92776
2453573.39121 19.25926
2453574.39126 19.87136
2453575.39130 20.75385
2453576.39135 15.92035
2453577.39139 25.77682
2453578.39144 20.42364
2453579.39148 25.40942
2453580.39153 22.43636
2453766.40002 26.49527
2453767.40006 19.16221
2453768.40011 17.22311
2453769.40016 24.96125
2453770.40020 22.60003
2453771.40025 24.62492
2453772.40029 23.22998
2453773.40034 23.45049
2453774.40038 26.26203
2453775.40043 27.32444
2453776.40047 28.27574
2453777.40052 30.45082
2453778.40057 30.52250
2453779.40061 28.90925
2453780.40066 29.10759
2453781.40070 31.59504
2453782.40075 20.38564
2453783.40079 25.60974
2453784.40084 24.09950
2453785.40089 21.40785
2453786.40093 24.60760
2453787.40098 21.69163
2453788.40102 24.05108
2453789.40107 21.33003
2453790.40111 21.78277
2453791.40116 24.75717
2453792.40120 24.48858
2453793.40125 20.91392
2453794.40130 22.13496
2453795.40134 28.06702
2453796.40139 30.18451
2453797.40143 25.52954
2453798.40148 29.26089
2453799.40152 34.06808
2453800.40157 30.50261
2453801.40162 28.43923
2453802.40166 26.93006
2453803.40171 27.57989
2453804.40175 22.06167
2453805.40180 25.67790
2453806.40184 22.97503
2453807.40189 21.43378
2453808.40193 16.95178
2453809.40198 21.57893
2453810.40203 22.70577
2453811.40207 23.12105
2453812.40212 24.01423
2453813.40216 25.08112
2453814.40221 25.20561
2453815.40225 23.03534
2453816.40230 29.72079
2453817.40235 32.73972
2453818.40239 29.29660
2453819.40244 34.58928
2453820.40248 28.91066
2453821.40253 25.35907
2453822.40257 27.82278
2453823.40262 27.09198
2453824.40266 21.33661
2453825.40271 25.33241
2453826.40276 22.70894
2453827.40280 22.98654
2453828.40285 23.05260
2453829.40289 19.35727
2453830.40294 26.49693
2453831.40298 24.60502
2453832.40303 23.92046
2453833.40308 19.53388
2453834.40312 30.29509
2453835.40317 30.54247
2453836.40321 33.60838
2453837.40326 33.71727
2453838.40330 28.52485
2453839.40335 26.54026
2453840.40340 26.98301
2453841.40344 27.82256
2453842.40349 25.88944
2453843.40353 26.00428
2453844.40358 23.77929
2453845.40362 20.20451
2453846.40367 21.60066
2453847.40371 21.83827
2453848.40376 24.10151
2453849.40381 22.20836
2453850.40385 22.20731
2453851.40390 20.49137
2453852.40394 24.37373
2453853.40399 22.60566
2453854.40403 23.78001
2453855.40408 24.96845
2453856.40413 29.94657
2453857.40417 29.43464
2453858.40422 32.78754
2453859.40426 31.16926
2453860.40431 27.48375
2453861.40435 25.53806
2453862.40440 28.25867
2453863.40444 26.13203
2453864.40449 19.07822
2453865.40454 21.65581
2453866.40458 20.20457
2453867.40463 22.46405
2453868.40467 17.27707
2453869.40472 26.86703
2453870.40476 21.75005
2453871.40481 21.76548
2453872.40486 21.37613
2453873.40490 22.29578
2453874.40495 26.27175
2453875.40499 20.75678
2453876.40504 25.25497
2453877.40508 29.27143
2453878.40513 31.24753
2453879.40517 22.20452
2453880.40522 28.95115
2453881.40527 26.91629
2453882.40531 23.89530
2453883.40536 24.63615
2453884.40540 25.51610
2453885.40545 24.30607
2453886.40549 22.58899
2453887.40554 19.23583
2453888.40559 17.54748
2453889.40563 19.66511
2453890.40568 19.16274
2453891.40572 26.54683
2453892.40577 19.43877
2453893.40581 18.94471
2453894.40586 23.13176
2453895.40590 24.87363
2453896.40595 25.50155
2453897.40600 24.48503
2453898.40604 26.87784
2453899.40609 25.00037
2453900.40613 22.42637
2453901.40618 19.86556
2453902.40622 24.56612
2453903.40627 22.82832
2453904.40632 21.11814
2453905.40636 20.11468
2453906.40641 21.11657
2453907.40645 17.67149
2453908.40650 18.24467
2453909.40654 17.57844
2453910.40659 23.55572
2453911.40664 23.04993
2453912.40668 22.11261
2453913.40673 21.64174
2453914.40677 25.97164
2453915.40682 23.12090
2453916.40686 26.18135
2453917.40691 28.72417
2453918.40695 25.34695
2453919.40700 23.74107
2453920.40705 23.08045
2453921.40709 26.84473
2453922.40714 21.96126
2453923.40718 25.44837
2453924.40723 19.42181
2453925.40727 21.32567
2453926.40732 16.97641
2453927.40737 18.96842
2453928.40741 18.26095
2453929.40746 20.79970
2453930.40750 17.24286
2453931.40755 18.64489
2453932.40759 24.14129
2453933.40764 21.39622
2453934.40768 24.56851
2453935.40773 26.56120
2453936.40778 26.61878
2453937.40782 25.11762
2453938.40787 21.26828
2453939.40791 25.99672
2453940.40796 24.78592
2453941.40800 20.91003
2453942.40805 25.85154
2453943.40810 19.73715
2453944.40814 19.77217
2453945.40819 17.12071
2454131.41667 13.75043
2454132.41672 14.50631
2454133.41677 16.10390
2454134.41681 16.50434
2454135.41686 17.77474
2454136.41690 20.15106
2454137.41695 16.05543
2454138.41699 15.38567
2454139.41704 14.17778
2454140.41708 12.26380
2454141.41713 12.34979
2454142.41718 10.72418
2454143.41722 9.48999
2454144.41727 12.60191
2454145.41731 10.36269
2454146.41736 9.17908
2454147.41740 10.28612
2454148.41745 11.53837
2454149.41750 10.47792
2454150.41754 12.80956
2454151.41759 15.36995
2454152.41763 18.50865
2454153.41768 15.61776
2454154.41772 18.08927
2454155.41777 18.00270
2454156.41782 15.12013
2454157.41786 10.66813
2454158.41791 13.24223
2454159.41795 12.20204
2454160.41800 11.35056
2454161.41804 10.52581
2454162.41809 9.68324
2454163.41813 8.90608
2454164.41818 9.68384
2454165.41823 8.74884
2454166.41827 9.61685
2454167.41832 9.02968
2454168.41836 10.42216
2454169.41841 11.50174
2454170.41845 11.95379
2454171.41850 14.68763
2454172.41855 15.16067
2454173.41859 14.00467
2454174.41864 13.95928
2454175.41868 15.70464
2454176.41873 13.16287
2454177.41877 15.32207
2454178.41882 13.17173
2454179.41886 10.63722
2454180.41891 10.21147
2454181.41896 9.80058
2454182.41900 9.01591
2454183.41905 7.89996
2454184.41909 7.96874
2454185.41914 10.23795
2454186.41918 9.17054
2454187.41923 9.08173
2454188.41928 9.57558
2454189.41932 12.17466
2454190.41937 13.38993
2454191.41941 10.85356
2454192.41946 12.53357
2454193.41950 15.53605
2454194.41955 14.36499
2454195.41959 13.81787
2454196.41964 14.45266
2454197.41969 12.74717
2454198.41973 11.34340
2454199.41978 12.04709
2454200.41982 11.13009
2454201.41987 7.89077
2454202.41991 7.66682
2454203.41996 7.53368
2454204.42001 6.92630
2454205.42005 8.67274
2454206.42010 8.43516
2454207.42014 8.65979
2454208.42019 11.51894
2454209.42023 11.76304
2454210.42028 11.23418
2454211.42032 12.51690
2454212.42037 14.73397
2454213.42042 13.16680
2454214.42046 13.27721
2454215.42051 13.62765
2454216.42055 13.81137
2454217.42060 13.00359
2454218.42064 10.86212
2454219.42069 10.41431
2454220.42074 9.25364
2454221.42078 8.74787
2454222.42083 7.14229
2454223.42087 5.20244
2454224.42092 6.39315
2454225.42096 6.44442
2454226.42101 7.06696
2454227.42106 7.37948
2454228.42110 11.57208
2454229.42115 9.97512
2454230.42119 11.96495
2454231.42124 12.92147
2454232.42128 9.59668
2454233.42133 14.99416
2454234.42137 12.18416
2454235.42142 13.19210
2454236.42147 13.69704
2454237.42151 11.33460
2454238.42156 10.33893
2454239.42160 9.34768
2454240.42165 8.56230
2454241.42169 5.74370
2454242.42174 6.41832
2454243.42179 5.66823
2454244.42183 6.96845
2454245.42188 6.31918
2454246.42192 8.21275
2454247.42197 7.87480
2454248.42201 9.61319
2454249.42206 9.74569
2454250.42210 11.56264
2454251.42215 12.72960
2454252.42220 13.44182
2454253.42224 12.17294
2454254.42229 15.00153
2454255.42233 10.36449
2454256.42238 11.87051
2454257.42242 11.38043
2454258.42247 8.63763
2454259.42252 7.64231
2454260.42256 7.08440
2454261.42261 5.82822
2454262.42265 7.33255
2454263.42270 6.00168
2454264.42274 5.81713
2454265.42279 6.54354
2454266.42283 8.17291
2454267.42288 8.99805
2454268.42293 8.35630
2454269.42297 9.80775
2454270.42302 10.50134
2454271.42306 8.89032
2454272.42311 12.48992
2454273.42315 10.45128
2454274.42320 11.90674
2454275.42325 11.07212
2454276.42329 10.30945
2454277.42334 8.43800
2454278.42338 7.45269
2454279.42343 6.76163
2454280.42347 5.35523
2454281.42352 5.90192
2454282.42356 5.02172
2454283.42361 6.05422
2454284.42366 5.09806
2454285.42370 7.17027
2454286.42375 6.63234
2454287.42379 6.80734
2454288.42384 8.12411
2454289.42388 9.84320
2454290.42393 9.63043
2454291.42398 10.65199
2454292.42402 11.59162
2454293.42407 13.98443
2454294.42411 12.23248
2454295.42416 9.33932
2454296.42420 9.34916
2454297.42425 10.38583
2454298.42429 8.36888
2454299.42434 7.54731
2454300.42439 6.38671
2454301.42443 5.37487
2454302.42448 5.14650
2454303.42452 4.56987
2454304.42457 4.75376
2454305.42461 6.21624
2454306.42466 5.54764
2454307.42471 7.96252
2454308.42475 9.82384
2454309.42480 8.80124
2454310.42484 10.05356
2454497.43338 9.07339
2454498.43342 6.56870
2454499.43347 5.88111
2454500.43351 5.27825
2454501.43356 5.38334
2454502.43360 7.97335
2454503.43365 6.84611
2454504.43370 9.90553
2454505.43374 10.83820
2454506.43379 11.64711
2454507.43383 9.69443
2454508.43388 11.22867
2454509.43392 12.84576
2454510.43397 10.22924
2454511.43401 10.04144
2454512.43406 10.10974
2454513.43411 13.46885
2454514.43415 8.87953
2454515.43420 10.49880
2454516.43424 8.90229
2454517.43429 8.40320
2454518.43433 7.43090
2454519.43438 6.91259
2454520.43443 7.48616
2454521.43447 7.05799
2454522.43452 7.24199
2454523.43456 9.66977
2454524.43461 9.92040
2454525.43465 9.98136
2454526.43470 11.01632
2454527.43474 11.47947
2454528.43479 14.44819
2454529.43484 13.53985
2454530.43488 10.75489
2454531.43493 13.07582
2454532.43497 13.12749
2454533.43502 12.33321
2454534.43506 12.13158
2454535.43511 10.74477
2454536.43516 8.97381
2454537.43520 6.81239
2454538.43525 7.93726
2454539.43529 6.72597
2454540.43534 7.48150
2454541.43538 7.49503
2454542.43543 8.35606
2454543.43548 8.43744
2454544.43552 8.14720
2454545.43557 12.68371
2454546.43561 11.44616
2454547.43566 14.09339
2454548.43570 13.81911
2454549.43575 15.79199
2454550.43579 15.79577
2454551.43584 13.92806
2454552.43589 14.78189
2454553.43593 11.47651
2454554.43598 14.49919
2454555.43602 10.34520
2454556.43607 9.72857
2454557.43611 9.62405
2454558.43616 10.12472
2454559.43621 7.94613
2454560.43625 7.65702
2454561.43630 9.92867
2454562.43634 8.84835
2454563.43639 10.17185
2454564.43643 10.95618
2454565.43648 13.00319
2454566.43652 13.46909
2454567.43657 13.61101
2454568.43662 15.80117
2454569.43666 15.79684
2454570.43671 14.17110
2454571.43675 14.82939
2454572.43680 14.70939
2454573.43684 11.36035
2454574.43689 12.06481
2454575.43694 10.50465
2454576.43698 10.23483
2454577.43703 9.28768
2454578.43707 9.39228
2454579.43712 9.63151
2454580.43716 9.12565
2454581.43721 9.40999
2454582.43725 10.58470
2454583.43730 10.67730
2454584.43735 11.28526
2454585.43739 13.39088
2454586.43744 17.43046
2454587.43748 13.90389
2454588.43753 17.55052
2454589.43757 14.87759
2454590.43762 15.41310
2454591.43767 16.25511
2454592.43771 15.46866
2454593.43776 16.14647
2454594.43780 10.55066
2454595.43785 12.55662
2454596.43789 12.96262
2454597.43794 7.90386
2454598.43798 9.90860
2454599.43803 11.06046
2454600.43808 10.41944
2454601.43812 10.58637
2454602.43817 11.75610
2454603.43821 12.61163
2454604.43826 11.56013
2454605.43830 12.78182
2454606.43835 13.67214
2454607.43840 17.32957
2454608.43844 18.24569
2454609.43849 19.11202
2454610.43853 18.11344
2454611.43858 15.90921
2454612.43862 17.06941
2454613.43867 15.15907
2454614.43871 13.74100
2454615.43876 11.08886
2454616.43881 12.21582
2454617.43885 12.20401
2454618.43890 10.48350
2454619.43894 12.35026
2454620.43899 12.55788
2454621.43903 11.71395
2454622.43908 12.72211
2454623.43913 12.29445
2454624.43917 13.14628
2454625.43922 16.40158
2454626.43926 19.13043
2454627.43931 16.04226
2454628.43935 19.82777
2454629.43940 17.08891
2454630.43945 19.08805
2454631.43949 16.24514
2454632.43954 14.95312
2454633.43958 14.69282
2454634.43963 14.48905
2454635.43967 12.69803
2454636.43972 12.83748
2454637.43976 12.27224
2454638.43981 11.77231
2454639.43986 10.76450
2454640.43990 13.74846
2454641.43995 12.95020
2454642.43999 11.46518
2454643.44004 12.97641
2454644.44008 14.79165
2454645.44013 19.16328
2454646.44018 17.15914
2454647.44022 15.60727
2454648.44027 18.61993
2454649.44031 15.59312
2454650.44036 17.29920
2454651.44040 17.83716
2454652.44045 16.93745
2454653.44049 14.37236
2454654.44054 15.71747
2454655.44059 15.93239
2454656.44063 14.29965
2454657.44068 10.97288
2454658.44072 12.50761
2454659.44077 13.16787
2454660.44081 13.15850
2454661.44086 13.64784
2454662.44091 19.43487
2454663.44095 13.71454
2454664.44100 17.46139
2454665.44104 16.28748
2454666.44109 17.06418
2454667.44113 16.28083
2454668.44118 21.71910
2454669.44122 15.77036
2454670.44127 17.48766
2454671.44132 20.88896
2454672.44136 19.12771
2454673.44141 17.69324
2454674.44145 16.67181
2454675.44150 14.19017
2454676.44154 13.85559
2454862.45003 20.29084
2454863.45008 25.82825
2454864.45012 28.36417
2454865.45017 23.32570
2454866.45021 26.17166
2454867.45026 26.80603
2454868.45031 22.80503
2454869.45035 23.63341
2454870.45040 24.78069
2454871.45044 24.58189
2454872.45049 19.84518
2454873.45053 21.84731
2454874.45058 20.32727
2454875.45063 22.07986
2454876.45067 23.20677
2454877.45072 19.39779
2454878.45076 20.35137
2454879.45081 24.70883
2454880.45085 23.07556
2454881.45090 23.06093
2454882.45094 27.49872
2454883.45099 24.24176
2454884.45104 20.54110
2454885.45108 25.91125
2454886.45113 22.46925
2454887.45117 28.89937
2454888.45122 29.02335
2454889.45126 26.34104
2454890.45131 24.31711
2454891.45136 20.94602
2454892.45140 25.75857
2454893.45145 22.30841
2454894.45149 22.16139
2454895.45154 20.13285
2454896.45158 22.82935
2454897.45163 21.12539
2454898.45167 20.52934
2454899.45172 20.82710
2454900.45177 26.76538
2454901.45181 23.06268
2454902.45186 28.45240
2454903.45190 28.18208
2454904.45195 27.55175
2454905.45199 26.80759
2454906.45204 27.26609
2454907.45209 27.31837
2454908.45213 26.06866
2454909.45218 22.86152
2454910.45222 22.81281
2454911.45227 19.61288
2454912.45231 23.88071
2454913.45236 24.71171
2454914.45240 24.25658
2454915.45245 20.86101
2454916.45250 22.61577
2454917.45254 22.84337
2454918.45259 21.17119
2454919.45263 24.56041
2454920.45268 22.09676
2454921.45272 27.25046
2454922.45277 27.04595
2454923.45282 30.18176
2454924.45286 25.22410
2454925.45291 30.52989
2454926.45295 27.27307
2454927.45300 26.89337
2454928.45304 26.63636
2454929.45309 27.66093
2454930.45313 22.40791
2454931.45318 22.51314
2454932.45323 18.39585
2454933.45327 20.63048
2454934.45332 22.78631
2454935.45336 20.65189
2454936.45341 20.97661
2454937.45345 22.69185
2454938.45350 19.84646
2454939.45355 25.61213
2454940.45359 24.71235
2454941.45364 32.88350
2454942.45368 26.05542
2454943.45373 24.48489
2454944.45377 24.73908
2454945.45382 26.50401
2454946.45387 24.62927
2454947.45391 25.76189
2454948.45396 28.03346
2454949.45400 22.46242
2454950.45405 27.26766
2454951.45409 24.58034
2454952.45414 21.80819
2454953.45418 21.59909
2454954.45423 22.34953
2454955.45428 19.94249
2454956.45432 25.12264
2454957.45437 23.45382
2454958.45441 20.78848
2454959.45446 22.55818
2454960.45450 26.84866
2454961.45455 25.29175
2454962.45460 30.85739
2454963.45464 28.72502
2454964.45469 23.96596
2454965.45473 29.62629
2454966.45478 24.29021
2454967.45482 32.95993
2454968.45487 25.78781
2454969.45491 27.92479
2454970.45496 22.59937
2454971.45501 22.33440
2454972.45505 22.64200
2454973.45510 26.52867
2454974.45514 21.75154
2454975.45519 23.64741
2454976.45523 18.41016
2454977.45528 26.38175
2454978.45533 23.92983
2454979.45537 25.73606
2454980.45542 27.08218
2454981.45546 28.75474
2454982.45551 23.58386
2454983.45555 25.90502
2454984.45560 30.21105
2454985.45564 23.47036
2454986.45569 28.08630
2454987.45574 27.46263
2454988.45578 24.59388
2454989.45583 25.49451
2454990.45587 21.57724
2454991.45592 25.04923
2454992.45596 23.76289
2454993.45601 23.87957
2454994.45606 26.38915
2454995.45610 26.89211
2454996.45615 22.97817
2454997.45619 28.35834
2454998.45624 22.17046
2454999.45628 22.95623
2455000.45633 29.00441
2455001.45637 23.13751
2455002.45642 30.03523
2455003.45647 27.61403
2455004.45651 30.81658
2455005.45656 21.98761
2455006.45660 30.13896
2455007.45665 27.94354
2455008.45669 22.13646
2455009.45674 25.41690
2455010.45679 21.64826
2455011.45683 24.78992
2455012.45688 19.84293
2455013.45692 22.29190
2455014.45697 23.56411
2455015.45701 23.82917
2455016.45706 20.62423
2455017.45711 20.10982
2455018.45715 27.91590
2455019.45720 31.13448
2455020.45724 26.33054
2455021.45729 30.01472
2455022.45733 23.74595
2455023.45738 28.94374
2455024.45742 22.83629
2455025.45747 30.06698
2455026.45752 27.62238
2455027.45756 27.60682
2455028.45761 26.16933
2455029.45765 26.73496
2455030.45770 20.13114
2455031.45774 25.11768
2455032.45779 25.40662
2455033.45784 20.69458
2455034.45788 20.63393
2455035.45793 19.86414
2455036.45797 22.76726
2455037.45802 22.66099
2455038.45806 27.52276
2455039.45811 27.88481
2455040.45815 26.09041
2455041.45820 26.05716
2455227.46669 18.80355
2455228.46673 19.73644
2455229.46678 13.40358
2455230.46682 16.86643
2455231.46687 13.32838
2455232.46692 14.61372
2455233.46696 17.68930
2455234.46701 16.07962
2455235.46705 19.70059
2455236.46710 16.78064
2455237.46714 22.52547
2455238.46719 18.22149
2455239.46724 19.39070
2455240.46728 17.81030
2455241.46733 18.94625
2455242.46737 22.36040
2455243.46742 24.59175
2455244.46746 17.86830
2455245.46751 18.50706
2455246.46755 15.06548
2455247.46760 17.19388
2455248.46765 14.26427
2455249.46769 13.20353
2455250.46774 12.67017
2455251.46778 14.60849
2455252.46783 14.65841
2455253.46787 15.60389
2455254.46792 15.72015
2455255.46797 17.04664
2455256.46801 19.35445
2455257.46806 21.26685
2455258.46810 17.96310
2455259.46815 18.89550
2455260.46819 22.16296
2455261.46824 19.53074
2455262.46829 20.16507
2455263.46833 23.04253
2455264.46838 18.43948
2455265.46842 16.74659
2455266.46847 15.57033
2455267.46851 18.97908
2455268.46856 14.79641
2455269.46860 18.08606
2455270.46865 15.77180
2455271.46870 11.61573
2455272.46874 15.81163
2455273.46879 11.83908
2455274.46883 17.08246
2455275.46888 14.85147
2455276.46892 16.90441
2455277.46897 19.99332
2455278.46902 18.97618
2455279.46906 21.53763
2455280.46911 20.57700
2455281.46915 21.44794
2455282.46920 19.68554
2455283.46924 19.25881
2455284.46929 17.37833
2455285.46933 17.29698
2455286.46938 12.58526
2455287.46943 13.22659
2455288.46947 13.30030
2455289.46952 13.82985
2455290.46956 13.90843
2455291.46961 15.76216
2455292.46965 12.45874
2455293.46970 14.46467
2455294.46975 14.46283
2455295.46979 15.44494
2455296.46984 15.27518
2455297.46988 20.59436
2455298.46993 19.09511
2455299.46997 18.97951
2455300.47002 18.60100
2455301.47006 17.01881
2455302.47011 16.21082
2455303.47016 17.90139
2455304.47020 17.62752
2455305.47025 15.56599
2455306.47029 13.70654
2455307.47034 14.24922
2455308.47038 13.46648
2455309.47043 11.86496
2455310.47048 12.97054
2455311.47052 13.15492
2455312.47057 12.01020
2455313.47061 11.53397
2455314.47066 13.80139
2455315.47070 15.03734
2455316.47075 14.76162
2455317.47079 14.03730
2455318.47084 18.93650
2455319.47089 16.32166
2455320.47093 20.08543
2455321.47098 21.18819
2455322.47102 15.08926
2455323.47107 15.34251
2455324.47111 14.38124
2455325.47116 14.54587
2455326.47121 16.35165
2455327.47125 13.12282
2455328.47130 12.40759
2455329.47134 11.70049
2455330.47139 9.37597
2455331.47143 12.98367
2455332.47148 10.69188
2455333.47153 12.94896
2455334.47157 12.73680
2455335.47162 14.52128
2455336.47166 13.68557
2455337.47171 16.36352
2455338.47175 15.58850
2455339.47180 16.75247
2455340.47184 18.88790
2455341.47189 20.51628
2455342.47194 17.75800
2455343.47198 15.33446
2455344.47203 13.34957
2455345.47207 14.62476
2455346.47212 15.42146
2455347.47216 12.31214
2455348.47221 13.11657
2455349.47226 8.83789
2455350.47230 9.67811
2455351.47235 11.68838
2455352.47239 12.78058
2455353.47244 13.29503
2455354.47248 10.70269
2455355.47253 13.87351
2455356.47257 16.67213
2455357.47262 15.91492
2455358.47267 14.84904
2455359.47271 15.75489
2455360.47276 13.77540
2455361.47280 15.68278
2455362.47285 14.17015
2455363.47289 14.67286
2455364.47294 13.62682
2455365.47299 11.65346
2455366.47303 12.48991
2455367.47308 9.97254
2455368.47312 10.88153
2455369.47317 10.46990
2455370.47321 9.91412
2455371.47326 10.06788
2455372.47330 11.55886
2455373.47335 11.03077
2455374.47340 10.80392
2455375.47344 13.27681
2455376.47349 14.06993
2455377.47353 14.58192
2455378.47358 16.51558
2455379.47362 14.44087
2455380.47367 14.66598
2455381.47372 15.58321
2455382.47376 13.68322
2455383.47381 13.51114
2455384.47385 14.19723
2455385.47390 11.04492
2455386.47394 10.36693
2455387.47399 8.07628
2455388.47403 9.76636
2455389.47408 9.41931
2455390.47413 10.07737
2455391.47417 9.29790
2455392.47422 9.76044
2455393.47426 12.41861
2455394.47431 11.44158
2455395.47435 13.94503
2455396.47440 14.08704
2455397.47445 14.91856
2455398.47449 14.86746
2455399.47454 15.56453
2455400.47458 16.20359
2455401.47463 14.91985
2455402.47467 10.84424
2455403.47472 12.82926
2455404.47476 10.17473
2455405.47481 10.65792
2455406.47486 7.76604
2455592.48334 10.29666
2455593.48339 9.01707
2455594.48344 12.73443
2455595.48348 11.38667
2455596.48353 11.12424
2455597.48357 13.51979
2455598.48362 12.55908
2455599.48366 11.22124
2455600.48371 9.42523
2455601.48375 8.84318
2455602.48380 6.86972
2455603.48385 6.79015
2455604.48389 6.75196
2455605.48394 5.60202
2455606.48398 4.95918
2455607.48403 6.65961
2455608.48407 7.21949
2455609.48412 6.84994
2455610.48417 8.23877
2455611.48421 8.60927
2455612.48426 9.27311
2455613.48430 11.62865
2455614.48435 9.73163
2455615.48439 11.80451
2455616.48444 11.38772
2455617.48448 11.39299
2455618.48453 11.35645
2455619.48458 9.79584
2455620.48462 9.92946
2455621.48467 7.47452
2455622.48471 7.38171
2455623.48476 6.48419
2455624.48480 5.53719
2455625.48485 5.63129
2455626.48490 5.10257
2455627.48494 6.19580
2455628.48499 6.64619
2455629.48503 7.42474
2455630.48508 8.55028
2455631.48512 7.40946
2455632.48517 7.86509
2455633.48521 9.43936
2455634.48526 10.03033
2455635.48531 10.80658
2455636.48535 11.45978
2455637.48540 10.89734
2455638.48544 9.72978
2455639.48549 8.81705
2455640.48553 9.00485
2455641.48558 9.75940
2455642.48563 7.45471
2455643.48567 6.34329
2455644.48572 5.63635
2455645.48576 6.61764
2455646.48581 7.05768
2455647.48585 5.67234
2455648.48590 5.69178
2455649.48595 6.73727
2455650.48599 7.30283
2455651.48604 10.40624
2455652.48608 10.00561
2455653.48613 10.98943
2455654.48617 10.63903
2455655.48622 11.44243
2455656.48626 14.22657
2455657.48631 11.30142
2455658.48636 11.22819
2455659.48640 11.03825
2455660.48645 10.95171
2455661.48649 8.52365
2455662.48654 8.68624
2455663.48658 6.30567
2455664.48663 6.40397
2455665.48668 5.91498
2455666.48672 7.47312
2455667.48677 6.78863
2455668.48681 7.17670
2455669.48686 8.75368
2455670.48690 8.22793
2455671.48695 9.91881
2455672.48699 8.87630
2455673.48704 10.62341
2455674.48709 10.49559
2455675.48713 11.12432
2455676.48718 11.49577
2455677.48722 12.72792
2455678.48727 11.26428
2455679.48731 11.52796
2455680.48736 9.71039
2455681.48741 9.10054
2455682.48745 8.30180
2455683.48750 7.35216
2455684.48754 6.85192
2455685.48759 6.64604
2455686.48763 5.20781
2455687.48768 6.66717
2455688.48772 7.30417
2455689.48777 9.28046
2455690.48782 8.88424
2455691.48786 9.04154
2455692.48791 12.05330
2455693.48795 11.51917
2455694.48800 12.77579
2455695.48804 12.40315
2455696.48809 12.63946
2455697.48814 11.65176
2455698.48818 10.89022
2455699.48823 9.94874
2455700.48827 8.94002
2455701.48832 7.70505
2455702.48836 7.61415
2455703.48841 6.78103
2455704.48845 7.60788
2455705.48850 5.92957
2455706.48855 6.49810
2455707.48859 7.49240
2455708.48864 8.27898
2455709.48868 7.79743
2455710.48873 9.42918
2455711.48877 11.52360
2455712.48882 11.27929
2455713.48887 13.55058
2455714.48891 11.88600
2455715.48896 11.76203
2455716.48900 10.58075
2455717.48905 12.29347
2455718.48909 10.76126
2455719.48914 11.10086
2455720.48918 9.21383
2455721.48923 7.15969
2455722.48928 7.49120
2455723.48932 7.67817
2455724.48937 7.28893
2455725.48941 8.21413
2455726.48946 7.67228
2455727.48950 7.45710
2455728.48955 9.33036
2455729.48960 8.62882
2455730.48964 11.69331
2455731.48969 11.76733
2455732.48973 12.03141
2455733.48978 13.40723
2455734.48982 14.11652
2455735.48987 14.35304
2455736.48992 13.80833
2455737.48996 12.76573
2455738.49001 12.39443
2455739.49005 11.74018
2455740.49010 10.12642
2455741.49014 11.23692
2455742.49019 8.24345
2455743.49023 9.14941
2455744.49028 8.11996
2455745.49033 8.37408
2455746.49037 6.78807
2455747.49042 9.87308
2455748.49046 7.83270
2455749.49051 11.25880
2455750.49055 11.71115
2455751.49060 13.02153
2455752.49065 14.03061
2455753.49069 13.86692
2455754.49074 12.18494
2455755.49078 15.53643
2455756.49083 10.66259
2455757.49087 11.18028
2455758.49092 12.23280
2455759.49096 12.04483
2455760.49101 9.04880
2455761.49106 9.94121
2455762.49110 7.63051
2455763.49115 10.21659
2455764.49119 7.52942
2455765.49124 7.74743
2455766.49128 9.15972
2455767.49133 10.14501
2455768.49138 10.23917
2455769.49142 9.88510
2455770.49147 12.17662
2455771.49151 14.53364
2455957.50000 18.77272
