2445000.00000 21.96989
2445001.00005 26.71292
2445002.00009 24.43989
2445003.00014 26.27113
2445004.00018 31.76686
2445005.00023 36.02107
2445006.00027 37.07677
2445007.00032 32.16603
2445008.00037 32.48155
2445009.00041 25.09081
2445010.00046 21.81235
2445011.00050 19.13961
2445012.00055 26.11535
2445013.00059 23.89010
2445014.00064 33.80523
2445015.00068 29.80496
2445016.00073 32.77044
2445017.00078 35.98294
2445018.00082 31.59663
2445019.00087 28.97685
2445020.00091 20.82976
2445021.00096 20.00845
2445022.00100 22.34716
2445023.00105 23.39917
2445024.00110 22.93685
2445025.00114 28.92439
2445026.00119 28.69036
2445027.00123 37.05748
2445028.00128 40.03170
2445029.00132 28.23581
2445030.00137 30.71116
2445031.00141 21.67601
2445032.00146 25.49107
2445033.00151 26.27074
2445034.00155 23.03422
2445035.00160 23.02366
2445036.00164 29.01392
2445037.00169 34.07091
2445038.00173 37.67294
2445039.00178 31.99861
2445040.00183 31.97655
2445041.00187 32.63018
2445042.00192 26.97778
2445043.00196 21.27173
2445044.00201 25.36035
2445045.00205 21.66900
2445046.00210 21.31474
2445047.00214 27.09321
2445048.00219 38.84437
2445049.00224 39.17583
2445050.00228 37.72506
2445051.00233 36.69622
2445052.00237 31.67711
2445053.00242 23.73721
2445054.00246 20.59010
2445055.00251 20.17096
2445056.00256 23.79243
2445057.00260 27.41086
2445058.00265 32.95796
2445059.00269 39.36047
2445060.00274 40.32352
2445061.00278 40.17218
2445062.00283 34.88158
2445063.00287 29.34155
2445064.00292 26.33498
2445065.00297 21.20458
2445066.00301 17.74771
2445067.00306 26.71956
2445068.00310 24.66733
2445069.00315 29.67225
2445070.00319 34.00011
2445071.00324 35.67480
2445072.00329 33.36396
2445073.00333 30.45317
2445074.00338 24.14709
2445075.00342 26.67779
2445076.00347 26.39761
2445077.00351 22.37773
2445078.00356 21.12150
2445079.00361 25.19534
2445080.00365 31.48142
2445081.00370 36.01142
2445082.00374 33.17832
2445083.00379 31.56800
2445084.00383 30.25865
2445085.00388 31.38380
2445086.00392 22.36130
2445087.00397 20.92555
2445088.00402 21.61549
2445089.00406 26.84826
2445090.00411 24.58197
2445091.00415 32.40781
2445092.00420 29.25453
2445093.00424 34.88000
2445094.00429 29.56845
2445095.00434 34.41735
2445096.00438 27.82094
2445097.00443 26.51146
2445098.00447 21.30181
2445099.00452 24.90346
2445100.00456 22.33033
2445101.00461 25.36503
2445102.00465 28.67233
2445103.00470 34.25725
2445104.00475 36.93478
2445105.00479 32.97206
2445106.00484 33.01729
2445107.00488 31.29911
2445108.00493 29.79584
2445109.00497 25.18211
2445110.00502 22.84839
2445111.00507 26.05853
2445112.00511 22.91918
2445113.00516 34.34378
2445114.00520 34.25629
2445115.00525 33.94831
2445116.00529 34.90713
2445117.00534 36.63140
2445118.00538 28.80217
2445119.00543 26.30193
2445120.00548 24.07020
2445121.00552 23.93603
2445122.00557 20.04160
2445123.00561 25.48179
2445124.00566 32.76863
2445125.00570 38.53629
2445126.00575 33.82064
2445127.00580 42.18750
2445128.00584 34.31006
2445129.00589 26.02379
2445130.00593 27.26166
2445131.00598 22.45549
2445132.00602 20.34983
2445133.00607 19.68357
2445134.00611 26.18264
2445135.00616 31.73308
2445136.00621 34.99382
2445137.00625 34.91033
2445138.00630 31.34048
2445139.00634 37.72111
2445140.00639 31.11602
2445141.00643 16.99805
2445142.00648 21.57105
2445143.00653 23.58297
2445144.00657 26.26073
2445145.00662 29.01789
2445146.00666 31.59386
2445147.00671 31.37661
2445148.00675 40.91615
2445149.00680 39.18850
2445150.00684 33.60571
2445151.00689 30.93547
2445152.00694 26.63552
2445153.00698 21.89962
2445154.00703 21.68741
2445155.00707 25.02025
2445156.00712 26.54701
2445157.00716 30.86425
2445158.00721 31.29693
2445159.00726 39.73150
2445160.00730 38.03105
2445161.00735 29.60295
2445162.00739 30.69027
2445163.00744 25.74199
2445164.00748 27.35477
2445165.00753 20.74964
2445166.00758 22.16343
2445167.00762 24.26518
2445168.00767 36.66230
2445169.00771 39.96150
2445170.00776 38.74379
2445171.00780 34.29996
2445172.00785 27.60152
2445173.00789 27.78936
2445174.00794 20.32619
2445175.00799 19.97932
2445176.00803 20.44620
2445177.00808 24.28722
2445178.00812 27.53140
2445179.00817 31.73016
2445366.01670 35.34162
2445367.01675 33.38700
2445368.01679 31.29159
2445369.01684 30.86397
2445370.01688 28.49826
2445371.01693 31.96143
2445372.01698 22.93751
2445373.01702 18.34905
2445374.01707 23.19649
2445375.01711 22.78183
2445376.01716 27.37965
2445377.01720 31.70114
2445378.01725 30.75519
2445379.01729 43.34040
2445380.01734 33.68978
2445381.01739 26.38416
2445382.01743 33.84025
2445383.01748 27.29567
2445384.01752 18.46321
2445385.01757 18.77224
2445386.01761 28.68337
2445387.01766 25.33832
2445388.01771 27.57074
2445389.01775 38.53974
2445390.01780 43.09080
2445391.01784 30.87833
2445392.01789 34.87291
2445393.01793 32.57048
2445394.01798 22.66800
2445395.01803 22.54452
2445396.01807 19.18880
2445397.01812 23.25375
2445398.01816 29.92651
2445399.01821 32.28904
2445400.01825 32.27271
2445401.01830 36.62783
2445402.01834 27.88051
2445403.01839 30.51661
2445404.01844 35.98378
2445405.01848 26.91804
2445406.01853 25.54969
2445407.01857 20.41039
2445408.01862 21.46535
2445409.01866 24.88982
2445410.01871 31.83150
2445411.01876 40.43040
2445412.01880 38.84397
2445413.01885 35.68717
2445414.01889 34.94151
2445415.01894 34.68984
2445416.01898 23.18346
2445417.01903 27.20672
2445418.01907 23.63522
2445419.01912 28.00979
2445420.01917 28.56076
2445421.01921 36.77704
2445422.01926 36.15006
2445423.01930 39.92946
2445424.01935 37.95244
2445425.01939 34.60958
2445426.01944 26.57605
2445427.01949 24.64029
2445428.01953 25.15056
2445429.01958 20.96243
2445430.01962 24.85880
2445431.01967 28.71879
2445432.01971 24.77790
2445433.01976 29.30012
2445434.01980 41.43040
2445435.01985 39.91749
2445436.01990 34.19411
2445437.01994 28.82879
2445438.01999 24.58962
2445439.02003 21.53771
2445440.02008 20.99294
2445441.02012 23.33972
2445442.02017 32.03007
2445443.02022 30.23393
2445444.02026 35.13352
2445445.02031 29.89970
2445446.02035 32.95047
2445447.02040 32.03337
2445448.02044 29.52243
2445449.02049 24.87626
2445450.02053 18.70223
2445451.02058 22.90627
2445452.02063 25.28336
2445453.02067 32.58035
2445454.02072 30.46657
2445455.02076 35.46740
2445456.02081 35.54750
2445457.02085 35.90255
2445458.02090 34.23449
2445459.02095 31.92024
2445460.02099 26.48537
2445461.02104 20.78069
2445462.02108 19.98427
2445463.02113 22.68173
2445464.02117 25.14309
2445465.02122 29.45219
2445466.02126 30.50293
2445467.02131 39.61351
2445468.02136 33.76990
2445469.02140 32.01034
2445470.02145 32.53757
2445471.02149 23.56514
2445472.02154 23.50226
2445473.02158 25.46509
2445474.02163 20.44413
2445475.02168 28.21051
2445476.02172 34.18991
2445477.02177 34.14421
2445478.02181 32.03511
2445479.02186 35.24974
2445480.02190 37.25012
2445481.02195 26.64854
2445482.02200 26.48274
2445483.02204 21.27179
2445484.02209 25.27926
2445485.02213 23.76126
2445486.02218 24.10166
2445487.02222 31.73558
2445488.02227 31.04637
2445489.02231 35.84718
2445490.02236 37.38532
2445491.02241 32.93332
2445492.02245 30.62378
2445493.02250 29.30465
2445494.02254 21.45263
2445495.02259 22.17348
2445496.02263 24.49151
2445497.02268 29.03414
2445498.02273 34.31001
2445499.02277 33.79232
2445500.02282 31.42502
2445501.02286 37.14813
2445502.02291 32.87532
2445503.02295 33.55685
2445504.02300 25.11425
2445505.02304 22.59122
2445506.02309 21.76456
2445507.02314 19.46175
2445508.02318 26.83996
2445509.02323 29.66800
2445510.02327 26.28745
2445511.02332 36.85488
2445512.02336 34.92501
2445513.02341 25.82346
2445514.02346 26.99694
2445515.02350 27.06884
2445516.02355 21.24424
2445517.02359 20.78832
2445518.02364 22.70167
2445519.02368 29.97439
2445520.02373 36.21970
2445521.02377 38.33516
2445522.02382 38.00344
2445523.02387 40.53909
2445524.02391 29.93769
2445525.02396 31.71409
2445526.02400 27.39420
2445527.02405 17.62248
2445528.02409 23.35597
2445529.02414 28.80942
2445530.02419 29.09212
2445531.02423 36.12781
2445532.02428 34.88362
2445533.02432 34.81472
2445534.02437 35.44788
2445535.02441 33.09408
2445536.02446 27.00906
2445537.02450 25.20197
2445538.02455 23.00797
2445539.02460 22.88233
2445540.02464 28.58859
2445541.02469 29.95336
2445542.02473 31.27871
2445543.02478 35.07388
2445544.02482 41.00851
2445545.02487 35.01388
2445731.03336 30.26358
2445732.03340 31.93510
2445733.03345 31.98107
2445734.03349 24.71528
2445735.03354 22.60038
2445736.03359 21.28611
2445737.03363 20.48813
2445738.03368 18.91723
2445739.03372 26.25219
2445740.03377 29.77334
2445741.03381 30.85517
2445742.03386 35.23451
2445743.03391 32.55093
2445744.03395 28.53854
2445745.03400 25.24483
2445746.03404 20.55459
2445747.03409 20.70194
2445748.03413 18.74979
2445749.03418 21.16893
2445750.03422 24.59810
2445751.03427 24.76775
2445752.03432 31.05886
2445753.03436 33.45919
2445754.03441 32.62602
2445755.03445 34.06557
2445756.03450 26.86841
2445757.03454 22.24785
2445758.03459 20.92306
2445759.03464 20.36941
2445760.03468 23.44042
2445761.03473 24.22358
2445762.03477 29.52457
2445763.03482 29.82097
2445764.03486 33.99396
2445765.03491 31.51935
2445766.03495 33.22398
2445767.03500 26.48432
2445768.03505 26.27916
2445769.03509 21.18555
2445770.03514 23.61029
2445771.03518 25.84894
2445772.03523 24.78691
2445773.03527 33.42386
2445774.03532 35.58745
2445775.03537 28.16173
2445776.03541 29.53032
2445777.03546 27.82549
2445778.03550 24.20672
2445779.03555 22.33635
2445780.03559 20.32045
2445781.03564 19.09344
2445782.03568 19.30863
2445783.03573 27.11496
2445784.03578 23.87852
2445785.03582 29.15108
2445786.03587 33.44234
2445787.03591 26.48872
2445788.03596 29.25235
2445789.03600 23.60750
2445790.03605 24.03678
2445791.03610 17.28367
2445792.03614 20.98717
2445793.03619 23.62286
2445794.03623 27.58657
2445795.03628 30.83834
2445796.03632 35.98998
2445797.03637 34.15046
2445798.03642 29.83484
2445799.03646 34.63782
2445800.03651 27.27562
2445801.03655 22.33206
2445802.03660 20.23707
2445803.03664 19.71285
2445804.03669 22.52284
2445805.03673 29.17642
2445806.03678 26.82085
2445807.03683 34.94760
2445808.03687 31.89379
2445809.03692 26.60900
2445810.03696 23.50726
2445811.03701 22.24798
2445812.03705 19.76635
2445813.03710 16.61923
2445814.03715 20.19931
2445815.03719 20.00742
2445816.03724 28.49838
2445817.03728 33.75465
2445818.03733 35.63743
2445819.03737 36.68790
2445820.03742 38.93221
2445821.03746 29.23805
2445822.03751 25.84505
2445823.03756 22.64916
2445824.03760 21.67492
2445825.03765 17.79193
2445826.03769 22.95992
2445827.03774 22.99959
2445828.03778 35.12125
2445829.03783 33.01969
2445830.03788 34.30756
2445831.03792 29.67267
2445832.03797 26.88437
2445833.03801 24.30956
2445834.03806 23.80569
2445835.03810 23.10839
2445836.03815 18.06136
2445837.03819 22.58278
2445838.03824 19.85444
2445839.03829 34.99920
2445840.03833 29.05117
2445841.03838 34.77865
2445842.03842 37.15046
2445843.03847 25.26334
2445844.03851 23.79221
2445845.03856 23.26159
2445846.03861 17.56007
2445847.03865 17.38540
2445848.03870 23.71155
2445849.03874 26.52149
2445850.03879 27.59527
2445851.03883 39.29830
2445852.03888 26.19258
2445853.03892 27.11519
2445854.03897 31.63144
2445855.03902 21.08655
2445856.03906 20.29507
2445857.03911 21.06095
2445858.03915 16.12745
2445859.03920 22.71294
2445860.03924 26.23384
2445861.03929 29.70116
2445862.03934 41.74448
2445863.03938 35.07384
2445864.03943 33.50747
2445865.03947 29.98823
2445866.03952 22.57190
2445867.03956 22.86497
2445868.03961 19.63279
2445869.03966 17.85558
2445870.03970 21.13449
2445871.03975 24.05293
2445872.03979 27.41323
2445873.03984 32.52949
2445874.03988 30.84332
2445875.03993 30.49569
2445876.03997 28.06652
2445877.04002 23.41953
2445878.04007 19.81057
2445879.04011 19.47267
2445880.04016 19.82998
2445881.04020 19.40656
2445882.04025 20.05055
2445883.04029 29.85763
2445884.04034 30.31510
2445885.04039 34.15309
2445886.04043 33.43344
2445887.04048 30.80587
2445888.04052 15.45635
2445889.04057 23.83375
2445890.04061 17.18821
2445891.04066 16.02438
2445892.04070 19.27250
2445893.04075 20.07829
2445894.04080 30.61971
2445895.04084 35.37152
2445896.04089 30.56375
2445897.04093 33.69210
2445898.04098 29.02255
2445899.04102 24.77064
2445900.04107 16.92256
2445901.04112 19.15413
2445902.04116 20.61437
2445903.04121 19.69704
2445904.04125 28.04678
2445905.04130 31.02338
2445906.04134 38.19655
2445907.04139 31.42632
2445908.04143 33.85905
2445909.04148 30.37648
2445910.04153 22.38329
2446096.05001 19.85046
2446097.05006 19.12496
2446098.05010 18.76462
2446099.05015 16.52991
2446100.05020 16.71626
2446101.05024 19.67546
2446102.05029 23.77677
2446103.05033 24.84154
2446104.05038 31.34420
2446105.05042 27.09753
2446106.05047 27.15916
2446107.05052 23.41987
2446108.05056 22.92248
2446109.05061 15.98260
2446110.05065 14.56824
2446111.05070 15.95568
2446112.05074 18.11905
2446113.05079 19.73254
2446114.05084 28.60075
2446115.05088 22.77052
2446116.05093 30.65794
2446117.05097 30.50732
2446118.05102 22.36304
2446119.05106 18.39997
2446120.05111 14.56613
2446121.05115 13.75129
2446122.05120 13.32331
2446123.05125 21.44733
2446124.05129 19.66192
2446125.05134 27.44430
2446126.05138 33.81391
2446127.05143 22.24626
2446128.05147 29.96724
2446129.05152 21.81311
2446130.05157 20.32337
2446131.05161 15.95244
2446132.05166 13.59950
2446133.05170 15.06355
2446134.05175 17.35015
2446135.05179 24.51011
2446136.05184 24.61440
2446137.05188 28.82501
2446138.05193 28.12607
2446139.05198 25.42918
2446140.05202 24.17818
2446141.05207 20.75438
2446142.05211 15.65441
2446143.05216 17.46661
2446144.05220 16.28424
2446145.05225 19.41569
2446146.05230 23.38217
2446147.05234 31.07706
2446148.05239 30.57529
2446149.05243 33.89107
2446150.05248 28.96891
2446151.05252 22.93562
2446152.05257 16.36869
2446153.05261 17.06703
2446154.05266 12.53957
2446155.05271 15.23157
2446156.05275 17.78209
2446157.05280 21.57200
2446158.05284 27.82121
2446159.05289 25.03850
2446160.05293 31.22781
2446161.05298 23.66166
2446162.05303 25.50064
2446163.05307 19.55199
2446164.05312 16.85519
2446165.05316 16.97257
2446166.05321 13.24250
2446167.05325 14.61813
2446168.05330 22.59763
2446169.05334 23.71326
2446170.05339 31.09247
2446171.05344 25.93220
2446172.05348 28.85431
2446173.05353 23.73365
2446174.05357 17.67653
2446175.05362 17.44199
2446176.05366 12.68276
2446177.05371 14.89580
2446178.05376 16.33291
2446179.05380 22.61744
2446180.05385 26.29428
2446181.05389 27.77028
2446182.05394 24.27768
2446183.05398 25.68016
2446184.05403 21.04829
2446185.05408 17.96962
2446186.05412 14.57572
2446187.05417 15.58128
2446188.05421 14.64145
2446189.05426 18.39524
2446190.05430 23.57291
2446191.05435 22.54501
2446192.05439 33.90969
2446193.05444 27.96717
2446194.05449 21.90279
2446195.05453 23.28528
2446196.05458 19.10553
2446197.05462 13.90325
2446198.05467 17.10777
2446199.05471 11.97546
2446200.05476 17.69469
2446201.05481 21.78264
2446202.05485 27.78391
2446203.05490 29.75134
2446204.05494 27.04176
2446205.05499 23.54781
2446206.05503 24.10800
2446207.05508 17.60165
2446208.05512 15.94845
2446209.05517 13.11334
2446210.05522 14.15612
2446211.05526 20.05377
2446212.05531 18.33231
2446213.05535 22.74439
2446214.05540 28.63741
2446215.05544 25.43924
2446216.05549 29.56956
2446217.05554 15.14573
2446218.05558 15.55943
2446219.05563 14.52807
2446220.05567 14.17308
2446221.05572 13.45467
2446222.05576 17.06623
2446223.05581 23.71571
2446224.05585 27.05461
2446225.05590 26.47503
2446226.05595 27.97537
2446227.05599 24.39833
2446228.05604 27.46652
2446229.05608 15.65680
2446230.05613 13.75011
2446231.05617 14.41521
2446232.05622 13.91321
2446233.05627 19.09443
2446234.05631 25.14792
2446235.05636 25.34731
2446236.05640 26.00998
2446237.05645 23.19132
2446238.05649 21.93903
2446239.05654 16.37861
2446240.05658 17.56077
2446241.05663 16.58701
2446242.05668 11.57238
2446243.05672 14.61838
2446244.05677 17.45930
2446245.05681 17.95894
2446246.05686 26.52134
2446247.05690 26.64287
2446248.05695 31.89866
2446249.05700 24.24263
2446250.05704 24.94283
2446251.05709 12.98905
2446252.05713 14.50614
2446253.05718 9.84018
2446254.05722 10.71537
2446255.05727 16.91194
2446256.05731 16.88024
2446257.05736 19.95275
2446258.05741 24.72465
2446259.05745 28.06474
2446260.05750 26.05932
2446261.05754 21.79647
2446262.05759 17.39374
2446263.05763 12.22252
2446264.05768 10.75146
2446265.05773 14.83054
2446266.05777 16.15082
2446267.05782 21.27212
2446268.05786 23.10771
2446269.05791 26.25753
2446270.05795 27.99685
2446271.05800 24.75331
2446272.05805 18.67044
2446273.05809 15.89801
2446274.05814 10.98546
2446275.05818 12.86460
2446461.06667 9.31447
2446462.06672 9.05226
2446463.06676 9.24496
2446464.06681 13.16216
2446465.06685 20.18302
2446466.06690 19.93685
2446467.06694 23.46937
2446468.06699 25.20585
2446469.06703 22.52899
2446470.06708 15.97047
2446471.06713 14.56744
2446472.06717 10.76355
2446473.06722 9.11927
2446474.06726 7.67595
2446475.06731 14.14426
2446476.06735 17.85818
2446477.06740 23.40268
2446478.06745 25.13107
2446479.06749 23.96773
2446480.06754 17.76674
2446481.06758 13.14362
2446482.06763 13.78771
2446483.06767 10.56933
2446484.06772 8.08232
2446485.06776 9.12085
2446486.06781 11.91556
2446487.06786 16.24087
2446488.06790 19.50707
2446489.06795 23.62801
2446490.06799 21.61204
2446491.06804 17.80660
2446492.06808 17.90381
2446493.06813 12.64622
2446494.06818 10.58077
2446495.06822 8.69652
2446496.06827 9.36813
2446497.06831 11.60972
2446498.06836 19.86349
2446499.06840 20.95487
2446500.06845 22.03898
2446501.06850 20.11697
2446502.06854 17.08227
2446503.06859 15.53873
2446504.06863 14.20005
2446505.06868 10.22793
2446506.06872 6.63188
2446507.06877 8.62195
2446508.06881 11.91345
2446509.06886 16.34564
2446510.06891 21.21824
2446511.06895 19.10281
2446512.06900 23.90292
2446513.06904 19.11991
2446514.06909 16.39918
2446515.06913 12.49143
2446516.06918 8.79689
2446517.06923 8.20398
2446518.06927 9.13739
2446519.06932 13.00593
2446520.06936 17.04825
2446521.06941 21.56284
2446522.06945 25.56784
2446523.06950 20.81291
2446524.06954 20.55437
2446525.06959 15.35140
2446526.06964 12.03003
2446527.06968 8.60150
2446528.06973 7.88176
2446529.06977 8.11933
2446530.06982 11.39061
2446531.06986 19.28424
2446532.06991 24.83311
2446533.06996 23.19192
2446534.07000 20.12004
2446535.07005 21.08918
2446536.07009 18.72557
2446537.07014 10.96360
2446538.07018 8.52793
2446539.07023 7.67357
2446540.07027 9.44221
2446541.07032 11.98446
2446542.07037 16.55982
2446543.07041 20.37827
2446544.07046 17.92062
2446545.07050 19.90238
2446546.07055 16.56137
2446547.07059 15.94458
2446548.07064 10.63091
2446549.07069 7.79009
2446550.07073 6.97615
2446551.07078 8.45521
2446552.07082 12.22023
2446553.07087 16.03236
2446554.07091 20.74625
2446555.07096 23.53571
2446556.07100 17.14094
2446557.07105 20.77159
2446558.07110 14.04690
2446559.07114 10.73514
2446560.07119 9.63429
2446561.07123 6.96963
2446562.07128 8.87714
2446563.07132 11.22639
2446564.07137 16.22665
2446565.07142 22.37337
2446566.07146 20.46589
2446567.07151 20.35144
2446568.07155 21.52373
2446569.07160 13.99966
2446570.07164 12.05625
2446571.07169 7.97695
2446572.07173 7.01419
2446573.07178 9.30872
2446574.07183 11.28942
2446575.07187 16.95507
2446576.07192 19.61787
2446577.07196 18.40849
2446578.07201 21.73323
2446579.07205 18.66197
2446580.07210 12.55872
2446581.07215 10.03673
2446582.07219 8.32145
2446583.07224 6.93668
2446584.07228 6.99269
2446585.07233 13.74409
2446586.07237 16.57532
2446587.07242 15.99053
2446588.07247 19.56909
2446589.07251 22.95070
2446590.07256 19.81285
2446591.07260 15.82143
2446592.07265 7.78320
2446593.07269 8.51321
2446594.07274 7.24249
2446595.07278 9.82856
2446596.07283 11.05735
2446597.07288 15.58363
2446598.07292 22.27708
2446599.07297 22.17054
2446600.07301 16.92099
2446601.07306 19.50973
2446602.07310 13.06634
2446603.07315 10.22314
2446604.07320 7.88476
2446605.07324 6.46273
2446606.07329 7.96018
2446607.07333 12.17867
2446608.07338 14.60575
2446609.07342 20.84596
2446610.07347 22.91927
2446611.07351 22.30909
2446612.07356 19.43202
2446613.07361 16.70218
2446614.07365 12.03396
2446615.07370 6.80695
2446616.07374 4.72106
2446617.07379 7.54939
2446618.07383 13.09963
2446619.07388 15.03325
2446620.07393 20.15999
2446621.07397 21.10729
2446622.07402 19.18218
2446623.07406 19.85912
2446624.07411 14.74431
2446625.07415 10.71558
2446626.07420 8.64895
2446627.07424 5.83186
2446628.07429 7.87769
2446629.07434 10.04559
2446630.07438 15.28457
2446631.07443 16.87187
2446632.07447 19.37879
2446633.07452 20.92492
2446634.07456 19.49890
2446635.07461 14.08883
2446636.07466 9.38848
2446637.07470 7.11139
2446638.07475 6.11872
2446639.07479 6.78844
2446640.07484 11.52959
2446827.08337 8.75756
2446828.08342 11.94433
2446829.08346 16.71430
2446830.08351 14.22337
2446831.08355 14.11650
2446832.08360 15.09074
2446833.08365 8.53205
2446834.08369 8.07063
2446835.08374 3.90032
2446836.08378 2.96961
2446837.08383 4.84198
2446838.08387 8.76902
2446839.08392 12.68639
2446840.08396 13.76747
2446841.08401 18.04567
2446842.08406 13.71706
2446843.08410 16.06454
2446844.08415 9.43054
2446845.08419 6.00649
2446846.08424 4.06437
2446847.08428 3.44315
2446848.08433 5.53363
2446849.08438 9.21123
2446850.08442 12.85161
2446851.08447 13.90322
2446852.08451 14.50558
2446853.08456 16.78548
2446854.08460 13.72420
2446855.08465 10.61973
2446856.08469 5.63103
2446857.08474 3.21164
2446858.08479 3.07240
2446859.08483 4.71906
2446860.08488 7.11568
2446861.08492 12.49018
2446862.08497 19.39417
2446863.08501 17.48019
2446864.08506 18.44170
2446865.08511 15.98974
2446866.08515 9.94369
2446867.08520 6.28926
2446868.08524 3.24814
2446869.08529 2.65934
2446870.08533 4.47151
2446871.08538 9.55706
2446872.08542 11.90176
2446873.08547 15.53394
2446874.08552 15.86539
2446875.08556 16.67980
2446876.08561 14.84224
2446877.08565 11.47114
2446878.08570 4.69242
2446879.08574 3.19256
2446880.08579 3.06387
2446881.08584 5.11250
2446882.08588 9.12143
2446883.08593 11.64571
2446884.08597 12.95009
2446885.08602 19.48729
2446886.08606 17.04935
2446887.08611 13.59198
2446888.08615 10.17992
2446889.08620 5.65905
2446890.08625 3.34555
2446891.08629 2.19736
2446892.08634 4.96110
2446893.08638 8.89219
2446894.08643 12.62532
2446895.08647 14.60921
2446896.08652 16.85393
2446897.08657 17.83020
2446898.08661 14.21512
2446899.08666 9.78875
2446900.08670 5.86765
2446901.08675 3.18194
2446902.08679 2.49732
2446903.08684 4.50809
2446904.08689 8.93295
2446905.08693 12.15745
2446906.08698 13.67777
2446907.08702 15.50692
2446908.08707 14.72858
2446909.08711 11.62517
2446910.08716 8.36177
2446911.08720 6.35092
2446912.08725 2.83497
2446913.08730 2.93929
2446914.08734 4.90704
2446915.08739 7.04007
2446916.08743 11.49293
2446917.08748 13.92888
2446918.08752 17.74060
2446919.08757 16.05817
2446920.08762 11.04002
2446921.08766 8.78746
2446922.08771 5.25595
2446923.08775 2.82785
2446924.08780 2.16165
2446925.08784 4.09573
2446926.08789 7.95642
2446927.08793 12.09080
2446928.08798 13.71044
2446929.08803 16.44114
2446930.08807 15.09595
2446931.08812 13.87960
2446932.08816 8.64090
2446933.08821 5.35137
2446934.08825 2.83670
2446935.08830 2.46033
2446936.08835 4.61698
2446937.08839 7.61376
2446938.08844 10.41342
2446939.08848 13.27766
2446940.08853 17.30619
2446941.08857 18.73402
2446942.08862 11.91116
2446943.08866 9.95905
2446944.08871 4.25309
2446945.08876 2.52038
2446946.08880 1.86531
2446947.08885 3.85721
2446948.08889 6.86666
2446949.08894 13.01494
2446950.08898 17.81665
2446951.08903 13.52212
2446952.08908 14.14245
2446953.08912 15.48760
2446954.08917 10.13057
2446955.08921 5.06593
2446956.08926 2.30285
2446957.08930 1.90070
2446958.08935 3.88368
2446959.08939 7.12806
2446960.08944 12.83828
2446961.08949 14.46537
2446962.08953 16.56188
2446963.08958 19.33117
2446964.08962 12.36741
2446965.08967 8.40272
2446966.08971 5.21301
2446967.08976 2.43522
2446968.08981 2.09300
2446969.08985 3.29015
2446970.08990 9.16706
2446971.08994 12.48875
2446972.08999 15.91742
2446973.09003 18.28300
2446974.09008 16.95935
2446975.09013 12.09374
2446976.09017 9.99347
2446977.09022 4.26857
2446978.09026 1.70804
2446979.09031 1.85601
2446980.09035 3.40110
2446981.09040 7.75339
2446982.09044 10.70079
2446983.09049 15.04465
2446984.09054 15.59808
2446985.09058 15.54808
2446986.09063 11.22193
2446987.09067 7.72851
2446988.09072 3.69330
2446989.09076 2.09786
2446990.09081 1.96270
2446991.09086 4.09566
2446992.09090 6.92195
2446993.09095 11.87367
2446994.09099 13.73252
2446995.09104 15.18336
2446996.09108 11.92962
2446997.09113 12.36829
2446998.09117 8.13184
2446999.09122 4.43895
2447000.09127 2.36056
2447001.09131 1.51942
2447002.09136 4.24273
2447003.09140 7.73422
2447004.09145 10.74060
2447005.09149 15.89207
2447006.09154 15.94854
2447192.10003 14.17750
2447193.10007 13.56322
2447194.10012 13.02727
2447195.10016 9.02401
2447196.10021 6.67778
2447197.10026 3.05865
2447198.10030 0.46538
2447199.10035 0.66716
2447200.10039 2.80089
2447201.10044 5.58053
2447202.10048 10.40535
2447203.10053 13.64348
2447204.10057 16.18955
2447205.10062 14.37541
2447206.10067 10.46503
2447207.10071 6.43800
2447208.10076 2.06660
2447209.10080 0.57654
2447210.10085 0.50590
2447211.10089 3.39987
2447212.10094 6.01860
2447213.10099 10.75791
2447214.10103 15.45271
2447215.10108 17.14689
2447216.10112 13.24154
2447217.10117 9.46886
2447218.10121 5.43812
2447219.10126 2.32919
2447220.10131 0.37104
2447221.10135 0.67904
2447222.10140 2.65794
2447223.10144 5.78123
2447224.10149 10.01819
2447225.10153 16.16346
2447226.10158 13.47567
2447227.10162 14.02576
2447228.10167 10.82669
2447229.10172 5.29649
2447230.10176 2.39378
2447231.10181 0.36194
2447232.10185 0.59896
2447233.10190 3.19301
2447234.10194 6.28978
2447235.10199 10.34755
2447236.10204 13.55072
2447237.10208 18.43766
2447238.10213 11.40753
2447239.10217 9.82958
2447240.10222 6.03991
2447241.10226 2.12161
2447242.10231 0.34402
2447243.10235 0.49981
2447244.10240 2.91965
2447245.10245 5.94886
2447246.10249 9.37800
2447247.10254 13.07914
2447248.10258 13.82403
2447249.10263 13.27070
2447250.10267 10.17257
2447251.10272 6.80314
2447252.10277 2.11725
2447253.10281 0.22731
2447254.10286 0.45234
2447255.10290 2.79631
2447256.10295 5.90845
2447257.10299 11.10021
2447258.10304 10.97413
2447259.10308 12.75666
2447260.10313 11.54449
2447261.10318 9.13077
2447262.10322 5.34738
2447263.10327 2.21300
2447264.10331 0.26175
2447265.10336 0.51345
2447266.10340 2.92317
2447267.10345 6.64267
2447268.10350 9.25088
2447269.10354 14.23851
2447270.10359 13.83187
2447271.10363 10.12782
2447272.10368 9.05244
2447273.10372 5.09393
2447274.10377 2.17476
2447275.10381 0.23897
2447276.10386 0.46170
2447277.10391 2.91064
2447278.10395 7.41915
2447279.10400 9.91566
2447280.10404 13.81655
2447281.10409 14.34837
2447282.10413 13.08149
2447283.10418 10.05597
2447284.10423 5.93961
2447285.10427 2.11657
2447286.10432 0.18244
2447287.10436 0.50564
2447288.10441 2.99709
2447289.10445 6.23991
2447290.10450 10.38251
2447291.10455 13.52161
2447292.10459 15.51487
2447293.10464 16.00926
2447294.10468 9.76524
2447295.10473 5.96565
2447296.10477 2.23138
2447297.10482 0.18762
2447298.10486 0.43496
2447299.10491 2.62596
2447300.10496 6.53407
2447301.10500 9.71506
2447302.10505 12.47564
2447303.10509 12.52202
2447304.10514 13.77240
2447305.10518 7.69936
2447306.10523 6.02752
2447307.10528 2.33731
2447308.10532 0.17879
2447309.10537 0.45901
2447310.10541 3.08640
2447311.10546 7.11671
2447312.10550 9.14026
2447313.10555 15.13295
2447314.10559 14.44670
2447315.10564 14.24126
2447316.10569 8.15831
2447317.10573 6.09997
2447318.10578 2.21700
2447319.10582 0.18993
2447320.10587 0.47558
2447321.10591 2.26013
2447322.10596 7.38056
2447323.10601 9.78077
2447324.10605 14.88102
2447325.10610 12.77601
2447326.10614 13.82060
2447327.10619 9.19014
2447328.10623 5.92409
2447329.10628 2.08893
2447330.10632 0.15293
2447331.10637 0.56461
2447332.10642 3.18650
2447333.10646 6.08663
2447334.10651 12.33914
2447335.10655 13.64652
2447336.10660 15.14457
2447337.10664 12.46066
2447338.10669 10.40650
2447339.10674 5.64045
2447340.10678 2.08769
2447341.10683 0.12444
2447342.10687 0.58612
2447343.10692 3.14275
2447344.10696 5.81095
2447345.10701 10.08253
2447346.10705 14.15882
2447347.10710 15.55925
2447348.10715 13.86891
2447349.10719 8.56936
2447350.10724 5.55117
2447351.10728 1.78446
2447352.10733 0.12982
2447353.10737 0.50906
2447354.10742 3.22005
2447355.10747 7.71349
2447356.10751 12.64292
2447357.10756 14.01589
2447358.10760 13.74613
2447359.10765 10.62290
2447360.10769 10.07036
2447361.10774 6.08419
2447362.10778 2.22696
2447363.10783 0.12747
2447364.10788 0.56475
2447365.10792 3.24355
2447366.10797 7.03477
2447367.10801 9.69723
2447368.10806 11.89578
2447369.10810 15.83239
2447370.10815 14.55224
2447371.10820 8.92521
2447557.11668 14.40481
2447558.11673 10.04088
2447559.11677 5.44431
2447560.11682 2.26874
2447561.11687 0.80756
2447562.11691 1.41812
2447563.11696 4.24999
2447564.11700 7.59253
2447565.11705 10.23952
2447566.11709 15.96976
2447567.11714 13.35410
2447568.11719 13.49231
2447569.11723 10.28245
2447570.11728 5.44155
2447571.11732 2.39989
2447572.11737 0.74403
2447573.11741 1.87136
2447574.11746 4.12476
2447575.11750 10.41092
2447576.11755 10.77068
2447577.11760 13.38583
2447578.11764 14.29808
2447579.11769 14.20628
2447580.11773 9.22872
2447581.11778 6.70379
2447582.11782 2.30767
2447583.11787 0.91300
2447584.11792 1.65356
2447585.11796 4.16919
2447586.11801 7.71911
2447587.11805 12.85579
2447588.11810 14.98441
2447589.11814 10.56677
2447590.11819 14.09462
2447591.11823 9.54481
2447592.11828 6.33334
2447593.11833 2.30744
2447594.11837 0.94966
2447595.11842 1.79133
2447596.11846 4.27690
2447597.11851 8.69069
2447598.11855 12.52055
2447599.11860 16.62924
2447600.11865 14.22843
2447601.11869 12.13136
2447602.11874 10.89779
2447603.11878 6.46437
2447604.11883 2.20120
2447605.11887 0.96974
2447606.11892 1.99912
2447607.11897 4.00655
2447608.11901 8.24477
2447609.11906 12.29147
2447610.11910 14.90491
2447611.11915 15.56971
2447612.11919 12.21463
2447613.11924 10.70250
2447614.11928 5.64399
2447615.11933 2.32166
2447616.11938 1.15453
2447617.11942 2.12540
2447618.11947 4.99050
2447619.11951 10.15480
2447620.11956 11.14046
2447621.11960 15.83691
2447622.11965 14.16722
2447623.11970 15.26120
2447624.11974 10.31056
2447625.11979 6.40605
2447626.11983 2.92499
2447627.11988 1.23602
2447628.11992 1.98517
2447629.11997 4.32559
2447630.12001 8.74145
2447631.12006 12.24010
2447632.12011 14.87864
2447633.12015 16.62516
2447634.12020 13.03017
2447635.12024 11.01604
2447636.12029 5.87870
2447637.12033 2.42602
2447638.12038 1.32164
2447639.12043 2.04368
2447640.12047 5.34908
2447641.12052 8.82121
2447642.12056 11.50228
2447643.12061 16.76804
2447644.12065 13.22316
2447645.12070 14.70115
2447646.12074 10.98660
2447647.12079 6.34395
2447648.12084 3.02533
2447649.12088 1.35562
2447650.12093 2.67069
2447651.12097 5.26883
2447652.12102 8.27223
2447653.12106 12.95416
2447654.12111 14.33177
2447655.12116 17.13200
2447656.12120 14.06541
2447657.12125 9.65456
2447658.12129 6.72654
2447659.12134 2.82630
2447660.12138 1.53020
2447661.12143 2.24463
2447662.12147 6.11788
2447663.12152 7.31897
2447664.12157 13.61772
2447665.12161 17.14938
2447666.12166 15.71289
2447667.12170 13.43247
2447668.12175 11.96191
2447669.12179 6.66435
2447670.12184 2.78875
2447671.12189 1.38650
2447672.12193 2.32896
2447673.12198 4.58640
2447674.12202 10.06859
2447675.12207 11.41324
2447676.12211 16.70471
2447677.12216 16.28375
2447678.12220 11.82200
2447679.12225 11.86020
2447680.12230 6.69243
2447681.12234 2.82133
2447682.12239 1.39656
2447683.12243 2.22427
2447684.12248 5.72017
2447685.12252 10.39267
2447686.12257 13.34249
2447687.12262 14.66619
2447688.12266 13.82513
2447689.12271 15.87301
2447690.12275 10.66542
2447691.12280 5.67054
2447692.12284 2.95247
2447693.12289 1.95215
2447694.12294 2.73631
2447695.12298 5.99753
2447696.12303 11.26789
2447697.12307 15.26211
2447698.12312 17.58734
2447699.12316 16.38809
2447700.12321 14.88838
2447701.12325 11.64424
2447702.12330 6.58622
2447703.12335 3.13216
2447704.12339 1.72006
2447705.12344 3.03250
2447706.12348 4.82914
2447707.12353 8.71008
2447708.12357 15.06989
2447709.12362 18.33532
2447710.12367 16.49528
2447711.12371 15.20666
2447712.12376 11.96237
2447713.12380 5.31849
2447714.12385 2.50791
2447715.12389 1.73849
2447716.12394 2.65345
2447717.12398 5.68811
2447718.12403 13.24259
2447719.12408 11.24823
2447720.12412 14.30746
2447721.12417 18.43787
2447722.12421 16.51597
2447723.12426 10.81146
2447724.12430 5.01627
2447725.12435 3.03745
2447726.12440 1.88587
2447727.12444 3.04008
2447728.12449 5.90994
2447729.12453 12.46009
2447730.12458 14.77818
2447731.12462 16.03253
2447732.12467 16.36711
2447733.12471 11.56451
2447734.12476 8.68074
2447735.12481 7.88928
2447736.12485 3.18760
2447922.13334 6.44646
2447923.13339 5.77511
2447924.13343 5.07624
2447925.13348 6.89399
2447926.13352 9.06933
2447927.13357 13.40819
2447928.13361 16.97287
2447929.13366 18.61756
2447930.13370 18.06625
2447931.13375 13.02736
2447932.13380 11.29934
2447933.13384 8.14765
2447934.13389 4.51761
2447935.13393 3.89452
2447936.13398 5.43309
2447937.13402 9.92099
2447938.13407 12.49379
2447939.13412 16.30751
2447940.13416 17.78456
2447941.13421 18.83137
2447942.13425 15.75598
2447943.13430 11.70014
2447944.13434 10.17454
2447945.13439 5.03963
2447946.13443 4.66248
2447947.13448 5.87680
2447948.13453 9.88470
2447949.13457 14.78642
2447950.13462 17.60177
2447951.13466 18.68170
2447952.13471 17.87970
2447953.13475 16.32823
2447954.13480 10.79110
2447955.13485 9.22992
2447956.13489 6.70111
2447957.13494 6.69733
2447958.13498 6.77201
2447959.13503 7.91020
2447960.13507 15.71814
2447961.13512 17.19702
2447962.13516 19.76837
2447963.13521 18.16383
2447964.13526 18.45801
2447965.13530 11.88617
2447966.13535 8.53527
2447967.13539 5.16561
2447968.13544 4.93714
2447969.13548 6.85515
2447970.13553 10.48336
2447971.13558 14.47438
2447972.13562 14.81381
2447973.13567 16.36791
2447974.13571 20.33597
2447975.13576 20.64246
2447976.13580 12.01154
2447977.13585 9.60186
2447978.13589 5.96787
2447979.13594 5.59725
2447980.13599 6.79817
2447981.13603 10.16674
2447982.13608 13.30283
2447983.13612 17.65047
2447984.13617 20.11912
2447985.13621 17.56738
2447986.13626 17.98241
2447987.13631 12.43970
2447988.13635 11.66479
2447989.13640 6.76967
2447990.13644 5.90038
2447991.13649 6.69866
2447992.13653 10.84850
2447993.13658 15.07921
2447994.13662 14.77417
2447995.13667 20.34813
2447996.13672 23.58219
2447997.13676 13.73457
2447998.13681 15.23408
2447999.13685 10.37214
2448000.13690 5.57165
2448001.13694 5.07262
2448002.13699 7.63077
2448003.13704 8.28139
2448004.13708 15.05200
2448005.13713 19.75194
2448006.13717 21.59665
2448007.13722 18.80471
2448008.13726 17.35938
2448009.13731 13.58655
2448010.13736 9.42185
2448011.13740 6.60333
2448012.13745 6.63696
2448013.13749 6.88173
2448014.13754 12.43819
2448015.13758 17.57020
2448016.13763 16.48313
2448017.13767 18.59012
2448018.13772 15.45073
2448019.13777 14.23076
2448020.13781 12.09630
2448021.13786 8.85739
2448022.13790 6.89064
2448023.13795 5.45481
2448024.13799 7.07323
2448025.13804 12.72650
2448026.13809 17.09684
2448027.13813 19.00809
2448028.13818 24.77708
2448029.13822 19.11248
2448030.13827 16.61732
2448031.13831 14.61740
2448032.13836 10.23322
2448033.13840 6.92137
2448034.13845 5.69072
2448035.13850 7.60621
2448036.13854 11.28022
2448037.13859 13.60381
2448038.13863 17.46729
2448039.13868 19.10158
2448040.13872 18.92383
2448041.13877 16.57202
2448042.13882 13.13266
2448043.13886 8.51589
2448044.13891 6.55234
2448045.13895 6.56736
2448046.13900 8.29006
2448047.13904 11.43850
2448048.13909 14.45977
2448049.13913 17.61044
2448050.13918 18.51071
2448051.13923 20.36831
2448052.13927 18.70676
2448053.13932 15.72087
2448054.13936 10.70430
2448055.13941 7.71614
2448056.13945 6.62199
2448057.13950 8.36930
2448058.13955 11.02486
2448059.13959 13.95632
2448060.13964 20.46211
2448061.13968 24.65270
2448062.13973 19.22597
2448063.13977 17.29182
2448064.13982 13.95010
2448065.13986 11.10120
2448066.13991 7.32857
2448067.13996 6.99087
2448068.14000 8.76255
2448069.14005 11.29016
2448070.14009 16.16503
2448071.14014 17.08231
2448072.14018 25.02812
2448073.14023 22.33291
2448074.14028 20.77271
2448075.14032 14.48509
2448076.14037 9.93872
2448077.14041 6.23720
2448078.14046 6.55907
2448079.14050 8.46700
2448080.14055 11.21468
2448081.14060 14.95322
2448082.14064 17.39236
2448083.14069 21.03240
2448084.14073 18.69299
2448085.14078 18.86158
2448086.14082 14.09837
2448087.14087 9.25826
2448088.14091 8.65709
2448089.14096 7.46643
2448090.14101 8.07511
2448091.14105 10.46486
2448092.14110 16.75494
2448093.14114 21.31488
2448094.14119 20.72597
2448095.14123 22.61126
2448096.14128 18.10448
2448097.14133 15.40041
2448098.14137 11.23027
2448099.14142 6.44692
2448100.14146 7.09217
2448101.14151 7.29667
2448288.15004 12.29576
2448289.15009 13.12594
2448290.15013 21.28483
2448291.15018 19.73047
2448292.15022 23.93709
2448293.15027 24.18238
2448294.15031 18.71277
2448295.15036 18.06160
2448296.15041 13.84178
2448297.15045 10.56411
2448298.15050 11.46953
2448299.15054 12.91036
2448300.15059 16.31710
2448301.15063 20.54191
2448302.15068 19.66860
2448303.15073 24.93854
2448304.15077 24.62925
2448305.15082 21.46062
2448306.15086 15.01144
2448307.15091 13.98990
2448308.15095 10.43973
2448309.15100 11.65642
2448310.15104 11.50676
2448311.15109 18.91860
2448312.15114 20.17781
2448313.15118 19.68134
2448314.15123 25.30284
2448315.15127 26.15612
2448316.15132 18.18686
2448317.15136 17.22621
2448318.15141 10.64261
2448319.15146 12.90942
2448320.15150 11.11434
2448321.15155 14.57413
2448322.15159 17.55050
2448323.15164 16.57339
2448324.15168 21.47512
2448325.15173 22.98432
2448326.15178 23.12617
2448327.15182 21.85726
2448328.15187 15.91122
2448329.15191 14.01125
2448330.15196 12.11660
2448331.15200 10.13166
2448332.15205 12.38048
2448333.15209 19.35905
2448334.15214 22.34635
2448335.15219 23.01617
2448336.15223 28.35498
2448337.15228 23.44681
2448338.15232 22.47075
2448339.15237 15.05533
2448340.15241 14.92535
2448341.15246 11.57895
2448342.15251 11.56250
2448343.15255 12.83800
2448344.15260 19.83132
2448345.15264 23.16035
2448346.15269 22.66917
2448347.15273 24.21277
2448348.15278 25.45545
2448349.15282 19.22060
2448350.15287 17.76848
2448351.15292 13.95183
2448352.15296 12.04917
2448353.15301 10.95397
2448354.15305 14.15965
2448355.15310 16.81921
2448356.15314 22.10970
2448357.15319 24.62141
2448358.15324 25.72218
2448359.15328 25.00118
2448360.15333 18.62500
2448361.15337 16.66988
2448362.15342 13.69945
2448363.15346 12.24195
2448364.15351 11.73580
2448365.15355 15.05484
2448366.15360 22.83794
2448367.15365 21.17600
2448368.15369 25.84171
2448369.15374 27.44101
2448370.15378 32.98031
2448371.15383 22.27996
2448372.15387 15.21956
2448373.15392 14.38436
2448374.15397 9.32535
2448375.15401 11.21372
2448376.15406 13.61403
2448377.15410 16.98484
2448378.15415 26.78486
2448379.15419 30.33739
2448380.15424 27.63693
2448381.15428 30.27934
2448382.15433 23.50751
2448383.15438 21.35952
2448384.15442 13.27272
2448385.15447 12.49970
2448386.15451 13.00379
2448387.15456 16.95300
2448388.15460 20.31088
2448389.15465 20.48987
2448390.15470 26.88611
2448391.15474 25.54079
2448392.15479 26.72031
2448393.15483 23.84238
2448394.15488 19.82104
2448395.15492 15.79814
2448396.15497 12.44967
2448397.15502 12.38249
2448398.15506 15.87921
2448399.15511 14.46822
2448400.15515 20.71891
2448401.15520 23.13141
2448402.15524 29.62836
2448403.15529 25.97052
2448404.15533 23.76775
2448405.15538 17.96137
2448406.15543 15.82361
2448407.15547 10.80947
2448408.15552 14.25247
2448409.15556 12.39405
2448410.15561 20.74232
2448411.15565 16.88080
2448412.15570 23.39850
2448413.15575 24.73880
2448414.15579 29.32383
2448415.15584 25.42168
2448416.15588 17.10566
2448417.15593 18.22410
2448418.15597 12.10681
2448419.15602 13.96336
2448420.15606 14.22391
2448421.15611 21.00994
2448422.15616 21.91136
2448423.15620 25.64972
2448424.15625 23.24110
2448425.15629 24.57461
2448426.15634 23.74053
2448427.15638 14.89759
2448428.15643 14.87465
2448429.15648 13.86219
2448430.15652 14.84728
2448431.15657 15.83444
2448432.15661 18.55987
2448433.15666 25.53030
2448434.15670 24.71862
2448435.15675 26.96629
2448436.15679 26.40248
2448437.15684 21.03536
2448438.15689 19.19138
2448439.15693 14.97185
2448440.15698 12.55332
2448441.15702 12.64091
2448442.15707 17.82744
2448443.15711 19.84781
2448444.15716 22.16307
2448445.15721 26.19256
2448446.15725 25.65587
2448447.15730 27.86941
2448448.15734 24.63975
2448449.15739 20.19879
2448450.15743 15.09490
2448451.15748 16.64935
2448452.15752 12.89315
2448453.15757 14.28909
2448454.15762 19.01103
2448455.15766 24.13426
2448456.15771 23.64081
2448457.15775 26.21801
2448458.15780 27.00119
2448459.15784 22.35372
2448460.15789 19.60901
2448461.15794 14.65929
2448462.15798 14.27162
2448463.15803 12.68030
2448464.15807 17.31514
2448465.15812 16.84899
2448466.15816 25.44008
2448467.15821 22.43961
2448653.16670 30.01512
2448654.16674 33.11674
2448655.16679 30.95976
2448656.16683 28.26900
2448657.16688 26.27444
2448658.16693 20.06491
2448659.16697 19.96742
2448660.16702 18.93557
2448661.16706 16.23282
2448662.16711 19.16068
2448663.16715 19.78635
2448664.16720 29.72502
2448665.16724 28.67928
2448666.16729 31.90843
2448667.16734 29.84968
2448668.16738 25.30178
2448669.16743 23.18372
2448670.16747 20.73655
2448671.16752 15.65170
2448672.16756 18.22916
2448673.16761 18.46458
2448674.16766 28.69109
2448675.16770 23.71834
2448676.16775 32.99201
2448677.16779 28.25384
2448678.16784 28.67396
2448679.16788 28.09708
2448680.16793 19.74445
2448681.16797 21.41099
2448682.16802 16.54514
2448683.16807 15.91019
2448684.16811 17.53850
2448685.16816 25.49178
2448686.16820 29.06445
2448687.16825 34.50225
2448688.16829 33.06595
2448689.16834 26.15627
2448690.16839 25.87833
2448691.16843 26.49060
2448692.16848 19.11593
2448693.16852 18.19620
2448694.16857 18.05393
2448695.16861 19.70829
2448696.16866 23.21970
2448697.16870 28.29895
2448698.16875 34.02374
2448699.16880 30.77235
2448700.16884 32.68747
2448701.16889 26.05974
2448702.16893 20.49859
2448703.16898 18.48650
2448704.16902 16.01321
2448705.16907 16.34392
2448706.16912 19.87079
2448707.16916 26.37154
2448708.16921 27.03024
2448709.16925 27.91532
2448710.16930 30.27134
2448711.16934 29.88960
2448712.16939 26.09606
2448713.16944 21.23470
2448714.16948 18.63062
2448715.16953 15.17862
2448716.16957 15.71974
2448717.16962 18.05818
2448718.16966 27.93637
2448719.16971 30.98330
2448720.16975 30.29290
2448721.16980 34.91374
2448722.16985 28.19852
2448723.16989 20.71745
2448724.16994 25.40665
2448725.16998 18.52315
2448726.17003 16.49331
2448727.17007 17.78377
2448728.17012 23.89144
2448729.17017 24.31833
2448730.17021 34.84539
2448731.17026 30.80550
2448732.17030 27.26766
2448733.17035 35.39556
2448734.17039 24.55341
2448735.17044 23.24031
2448736.17048 17.37686
2448737.17053 17.18657
2448738.17058 17.21408
2448739.17062 21.38421
2448740.17067 25.83450
2448741.17071 28.94962
2448742.17076 30.92276
2448743.17080 31.80481
2448744.17085 31.62590
2448745.17090 29.88364
2448746.17094 26.25427
2448747.17099 20.91027
2448748.17103 17.30242
2448749.17108 17.54071
2448750.17112 18.35612
2448751.17117 27.54461
2448752.17121 35.11821
2448753.17126 25.39519
2448754.17131 34.52921
2448755.17135 32.94141
2448756.17140 26.93588
2448757.17144 24.98205
2448758.17149 18.60388
2448759.17153 19.56892
2448760.17158 18.21382
2448761.17163 21.67154
2448762.17167 27.26776
2448763.17172 35.33893
2448764.17176 35.99167
2448765.17181 26.94351
2448766.17185 29.28148
2448767.17190 25.95428
2448768.17194 21.02823
2448769.17199 18.21841
2448770.17204 21.27459
2448771.17208 19.08725
2448772.17213 23.29027
2448773.17217 28.48388
2448774.17222 31.09504
2448775.17226 28.18903
2448776.17231 32.07348
2448777.17236 29.67083
2448778.17240 25.20616
2448779.17245 26.53389
2448780.17249 20.90990
2448781.17254 14.55420
2448782.17258 17.35684
2448783.17263 21.22512
2448784.17268 22.54560
2448785.17272 33.36505
2448786.17277 31.51372
2448787.17281 23.46915
2448788.17286 41.03329
2448789.17290 26.84946
2448790.17295 26.09909
2448791.17299 20.28639
2448792.17304 17.61013
2448793.17309 18.55694
2448794.17313 24.02537
2448795.17318 26.68866
2448796.17322 25.69701
2448797.17327 35.98835
2448798.17331 32.35099
2448799.17336 30.62841
2448800.17341 28.83101
2448801.17345 29.88985
2448802.17350 20.41255
2448803.17354 18.69310
2448804.17359 18.71415
2448805.17363 22.05634
2448806.17368 27.27877
2448807.17372 31.61311
2448808.17377 32.65976
2448809.17382 35.06197
2448810.17386 30.73448
2448811.17391 26.05712
2448812.17395 25.95330
2448813.17400 20.52365
2448814.17404 18.11385
2448815.17409 17.24650
2448816.17414 22.81585
2448817.17418 26.10814
2448818.17423 25.37957
2448819.17427 26.46324
2448820.17432 35.46235
2448821.17436 30.73277
2448822.17441 30.16279
2448823.17445 25.37311
2448824.17450 17.62675
2448825.17455 13.69560
2448826.17459 19.89302
2448827.17464 20.83568
2448828.17468 27.44514
2448829.17473 34.58531
2448830.17477 31.42072
2448831.17482 28.83148
2448832.17487 29.17164
2449018.18335 36.56896
2449019.18340 39.41645
2449020.18344 26.71414
2449021.18349 24.92972
2449022.18354 20.81237
2449023.18358 20.26125
2449024.18363 24.52643
2449025.18367 22.10128
2449026.18372 31.08328
2449027.18376 32.25941
2449028.18381 32.31173
2449029.18386 40.40471
2449030.18390 30.93341
2449031.18395 32.73632
2449032.18399 23.78695
2449033.18404 24.82182
2449034.18408 20.80968
2449035.18413 24.14308
2449036.18417 22.95966
2449037.18422 24.77945
2449038.18427 37.10551
2449039.18431 33.88434
2449040.18436 31.91271
2449041.18440 40.83601
2449042.18445 26.53994
2449043.18449 21.08360
2449044.18454 23.04165
2449045.18459 21.66315
2449046.18463 24.53703
2449047.18468 28.29194
2449048.18472 28.52794
2449049.18477 34.55216
2449050.18481 36.14037
2449051.18486 31.33211
2449052.18490 34.34753
2449053.18495 34.29589
2449054.18500 28.20469
2449055.18504 21.50377
2449056.18509 22.15746
2449057.18513 24.31939
2449058.18518 22.53111
2449059.18522 29.87237
2449060.18527 28.65576
2449061.18532 29.28212
2449062.18536 32.94722
2449063.18541 26.79210
2449064.18545 29.25941
2449065.18550 25.60472
2449066.18554 21.28611
2449067.18559 23.45456
2449068.18563 23.51473
2449069.18568 26.00637
2449070.18573 29.70670
2449071.18577 28.92853
2449072.18582 36.17114
2449073.18586 32.12976
2449074.18591 28.56942
2449075.18595 28.55366
2449076.18600 20.97903
2449077.18605 19.09345
2449078.18609 22.71675
2449079.18614 22.50825
2449080.18618 22.52432
2449081.18623 31.41367
2449082.18627 33.81061
2449083.18632 30.15419
2449084.18636 33.40710
2449085.18641 35.26349
2449086.18646 31.99071
2449087.18650 27.52786
2449088.18655 22.45378
2449089.18659 23.50176
2449090.18664 22.53753
2449091.18668 28.65066
2449092.18673 34.46365
2449093.18678 33.85253
2449094.18682 41.74763
2449095.18687 36.01460
2449096.18691 30.40639
2449097.18696 36.02804
2449098.18700 26.98010
2449099.18705 23.14531
2449100.18710 24.55182
2449101.18714 25.99811
2449102.18719 25.39413
2449103.18723 29.10135
2449104.18728 27.31629
2449105.18732 39.27587
2449106.18737 37.96842
2449107.18741 34.19896
2449108.18746 26.69701
2449109.18751 31.21265
2449110.18755 25.29684
2449111.18760 22.41076
2449112.18764 20.54596
2449113.18769 29.07539
2449114.18773 29.80291
2449115.18778 29.21385
2449116.18783 35.86460
2449117.18787 34.26944
2449118.18792 33.02436
2449119.18796 32.13048
2449120.18801 32.56395
2449121.18805 21.51172
2449122.18810 21.24765
2449123.18814 24.79416
2449124.18819 28.14192
2449125.18824 32.55915
2449126.18828 38.88461
2449127.18833 31.40790
2449128.18837 37.21214
2449129.18842 31.81655
2449130.18846 27.00456
2449131.18851 28.12391
2449132.18856 21.59831
2449133.18860 20.89523
2449134.18865 23.65197
2449135.18869 23.33942
2449136.18874 36.10244
2449137.18878 35.95046
2449138.18883 34.98433
2449139.18887 35.47916
2449140.18892 37.18539
2449141.18897 27.21897
2449142.18901 22.55691
2449143.18906 23.79478
2449144.18910 23.72115
2449145.18915 23.36608
2449146.18919 23.47759
2449147.18924 37.42596
2449148.18929 30.77372
2449149.18933 34.80349
2449150.18938 37.00572
2449151.18942 32.42477
2449152.18947 32.75980
2449153.18951 29.24782
2449154.18956 22.33712
2449155.18960 16.47016
2449156.18965 23.33689
2449157.18970 29.29495
2449158.18974 31.97265
2449159.18979 36.12844
2449160.18983 33.97925
2449161.18988 40.34219
2449162.18992 34.20796
2449163.18997 31.66469
2449164.19002 28.92249
2449165.19006 24.20971
2449166.19011 23.52210
2449167.19015 22.23912
2449168.19020 24.98254
2449169.19024 29.84497
2449170.19029 37.24996
2449171.19033 28.69685
2449172.19038 34.36968
2449173.19043 29.51154
2449174.19047 31.44554
2449175.19052 22.74219
2449176.19056 20.64544
2449177.19061 20.39693
2449178.19065 23.54306
2449179.19070 28.02456
2449180.19075 28.68884
2449181.19079 33.64864
2449182.19084 41.23260
2449183.19088 34.64049
2449184.19093 35.82042
2449185.19097 36.07233
2449186.19102 27.02173
2449187.19107 24.77525
2449188.19111 25.09825
2449189.19116 30.16461
2449190.19120 30.22742
2449191.19125 37.74397
2449192.19129 30.60690
2449193.19134 40.94215
2449194.19138 38.27703
2449195.19143 38.49598
2449196.19148 34.05077
2449197.19152 27.19807
2449383.20001 28.86175
2449384.20005 23.46745
2449385.20010 23.79583
2449386.20015 19.92243
2449387.20019 24.58651
2449388.20024 30.71097
2449389.20028 30.29906
2449390.20033 30.75682
2449391.20037 41.34169
2449392.20042 32.26141
2449393.20047 32.46553
2449394.20051 28.51276
2449395.20056 26.34273
2449396.20060 23.43750
2449397.20065 23.39734
2449398.20069 23.81380
2449399.20074 25.31214
2449400.20078 33.20346
2449401.20083 28.89049
2449402.20088 43.66298
2449403.20092 37.51700
2449404.20097 36.13684
2449405.20101 38.37024
2449406.20106 26.29001
2449407.20110 22.40360
2449408.20115 23.11267
2449409.20120 26.59909
2449410.20124 27.36898
2449411.20129 29.17631
2449412.20133 34.00024
2449413.20138 36.73988
2449414.20142 36.03207
2449415.20147 31.33784
2449416.20152 29.71526
2449417.20156 23.82941
2449418.20161 25.90005
2449419.20165 24.08696
2449420.20170 31.03377
2449421.20174 26.29025
2449422.20179 28.65035
2449423.20183 35.41574
2449424.20188 38.74234
2449425.20193 32.74433
2449426.20197 36.14590
2449427.20202 26.99610
2449428.20206 26.77026
2449429.20211 22.88941
2449430.20215 26.85992
2449431.20220 23.33887
2449432.20225 28.32879
2449433.20229 26.58722
2449434.20234 33.10679
2449435.20238 36.79458
2449436.20243 39.17532
2449437.20247 32.97654
2449438.20252 32.60618
2449439.20256 23.06846
2449440.20261 23.60157
2449441.20266 21.99070
2449442.20270 24.65421
2449443.20275 27.41297
2449444.20279 34.57328
2449445.20284 31.79507
2449446.20288 32.60165
2449447.20293 33.89561
2449448.20298 32.03023
2449449.20302 28.38206
2449450.20307 30.39371
2449451.20311 22.17897
2449452.20316 27.46081
2449453.20320 23.48513
2449454.20325 29.44099
2449455.20329 32.04644
2449456.20334 32.34795
2449457.20339 34.93150
2449458.20343 39.49807
2449459.20348 27.06791
2449460.20352 29.25047
2449461.20357 22.07405
2449462.20361 25.17891
2449463.20366 18.68504
2449464.20371 20.20117
2449465.20375 27.10946
2449466.20380 30.13060
2449467.20384 36.57150
2449468.20389 35.33504
2449469.20393 28.82279
2449470.20398 22.74333
2449471.20402 28.56865
2449472.20407 31.76480
2449473.20412 19.35254
2449474.20416 27.41375
2449475.20421 23.18969
2449476.20425 25.73679
2449477.20430 32.39835
2449478.20434 36.30885
2449479.20439 35.18437
2449480.20444 33.13937
2449481.20448 33.16535
2449482.20453 27.79126
2449483.20457 25.90152
2449484.20462 21.22295
2449485.20466 24.99657
2449486.20471 21.56760
2449487.20475 23.11544
2449488.20480 33.59971
2449489.20485 39.20794
2449490.20489 36.14051
2449491.20494 33.56361
2449492.20498 30.52699
2449493.20503 27.00396
2449494.20507 27.22439
2449495.20512 25.99160
2449496.20517 22.58786
2449497.20521 22.04710
2449498.20526 25.11676
2449499.20530 29.49362
2449500.20535 34.86081
2449501.20539 34.82829
2449502.20544 34.13157
2449503.20549 29.65531
2449504.20553 25.32291
2449505.20558 27.50841
2449506.20562 22.24337
2449507.20567 22.23478
2449508.20571 27.60833
2449509.20576 20.85829
2449510.20580 29.38241
2449511.20585 31.96289
2449512.20590 37.63489
2449513.20594 29.37228
2449514.20599 38.93234
2449515.20603 24.40170
2449516.20608 26.06122
2449517.20612 20.66786
2449518.20617 25.35530
2449519.20622 25.24156
2449520.20626 24.81736
2449521.20631 31.32116
2449522.20635 39.59684
2449523.20640 36.23962
2449524.20644 29.13123
2449525.20649 35.21432
2449526.20653 32.87419
2449527.20658 22.32158
2449528.20663 22.30620
2449529.20667 19.99079
2449530.20672 21.24364
2449531.20676 26.26080
2449532.20681 24.14999
2449533.20685 33.01321
2449534.20690 34.32753
2449535.20695 29.87247
2449536.20699 34.31677
2449537.20704 33.19102
2449538.20708 30.55135
2449539.20713 23.15765
2449540.20717 19.08372
2449541.20722 25.41182
2449542.20726 29.76339
2449543.20731 29.78979
2449544.20736 38.19507
2449545.20740 32.66186
2449546.20745 33.51263
2449547.20749 28.73572
2449548.20754 28.09872
2449549.20758 26.12841
2449550.20763 21.73763
2449551.20768 24.20532
2449552.20772 22.80583
2449553.20777 34.25841
2449554.20781 35.40690
2449555.20786 36.05265
2449556.20790 38.69253
2449557.20795 45.86833
2449558.20799 33.18965
2449559.20804 30.29519
2449560.20809 24.53455
2449561.20813 20.50449
2449562.20818 20.67646
2449749.21671 20.24647
2449750.21676 22.66943
2449751.21680 27.08804
2449752.21685 33.53562
2449753.21689 37.13978
2449754.21694 42.88703
2449755.21698 28.12708
2449756.21703 31.51470
2449757.21708 29.84445
2449758.21712 21.71545
2449759.21717 19.64532
2449760.21721 23.85601
2449761.21726 26.61698
2449762.21730 26.19931
2449763.21735 29.92469
2449764.21740 35.29300
2449765.21744 30.55518
2449766.21749 34.73554
2449767.21753 24.78362
2449768.21758 23.30706
2449769.21762 20.59184
2449770.21767 21.75838
2449771.21771 20.34959
2449772.21776 22.80845
2449773.21781 26.82926
2449774.21785 33.05659
2449775.21790 34.28896
2449776.21794 38.01074
2449777.21799 35.65646
2449778.21803 26.08376
2449779.21808 28.45448
2449780.21813 18.50401
2449781.21817 20.61687
2449782.21822 17.91513
2449783.21826 22.73546
2449784.21831 23.79386
2449785.21835 29.01434
2449786.21840 33.73755
2449787.21844 36.22057
2449788.21849 32.70839
2449789.21854 31.67675
2449790.21858 31.28644
2449791.21863 20.11626
2449792.21867 19.17928
2449793.21872 22.06562
2449794.21876 22.46309
2449795.21881 30.42848
2449796.21886 29.69407
2449797.21890 30.79458
2449798.21895 31.40184
2449799.21899 36.76260
2449800.21904 32.03730
2449801.21908 22.20209
2449802.21913 21.46973
2449803.21917 20.77317
2449804.21922 20.00941
2449805.21927 24.09602
2449806.21931 20.53264
2449807.21936 28.77851
2449808.21940 27.09733
2449809.21945 36.18878
2449810.21949 36.69249
2449811.21954 29.00902
2449812.21959 23.43226
2449813.21963 22.26918
2449814.21968 22.40152
2449815.21972 19.38207
2449816.21977 20.55168
2449817.21981 27.30991
2449818.21986 31.88808
2449819.21991 31.33172
2449820.21995 37.85384
2449821.22000 32.32985
2449822.22004 23.43336
2449823.22009 24.31396
2449824.22013 20.60248
2449825.22018 17.28055
2449826.22022 21.13216
2449827.22027 19.34367
2449828.22032 25.75744
2449829.22036 21.25136
2449830.22041 31.53163
2449831.22045 32.92863
2449832.22050 34.53016
2449833.22054 32.17873
2449834.22059 23.59639
2449835.22064 24.19603
2449836.22068 16.97573
2449837.22073 19.77893
2449838.22077 23.94304
2449839.22082 24.97699
2449840.22086 26.84204
2449841.22091 30.33358
2449842.22095 37.31259
2449843.22100 32.92077
2449844.22105 29.62389
2449845.22109 26.33055
2449846.22114 22.63483
2449847.22118 17.81442
2449848.22123 18.71687
2449849.22127 22.19022
2449850.22132 27.69115
2449851.22137 31.14910
2449852.22141 31.65358
2449853.22146 34.69132
2449854.22150 36.99326
2449855.22155 26.41939
2449856.22159 30.46572
2449857.22164 24.20659
2449858.22168 16.81783
2449859.22173 18.27302
2449860.22178 20.72901
2449861.22182 27.07092
2449862.22187 26.07586
2449863.22191 39.18332
2449864.22196 34.88721
2449865.22200 28.85766
2449866.22205 27.42387
2449867.22210 27.09539
2449868.22214 23.96226
2449869.22219 16.19936
2449870.22223 24.15592
2449871.22228 17.27906
2449872.22232 21.58194
2449873.22237 31.97817
2449874.22241 32.13412
2449875.22246 33.86075
2449876.22251 32.40968
2449877.22255 24.93774
2449878.22260 23.54276
2449879.22264 22.28627
2449880.22269 17.93404
2449881.22273 17.58592
2449882.22278 24.09499
2449883.22283 25.06061
2449884.22287 29.58401
2449885.22292 28.57003
2449886.22296 41.00737
2449887.22301 34.69385
2449888.22305 25.59894
2449889.22310 24.63773
2449890.22315 19.96027
2449891.22319 19.14997
2449892.22324 21.71410
2449893.22328 22.44596
2449894.22333 29.99748
2449895.22337 27.05737
2449896.22342 34.07396
2449897.22346 26.95069
2449898.22351 33.63395
2449899.22356 21.89435
2449900.22360 20.29926
2449901.22365 23.87679
2449902.22369 21.22340
2449903.22374 18.15890
2449904.22378 20.90377
2449905.22383 25.40562
2449906.22388 27.80809
2449907.22392 30.07916
2449908.22397 33.20110
2449909.22401 30.56899
2449910.22406 27.93185
2449911.22410 28.53196
2449912.22415 21.17689
2449913.22419 17.53734
2449914.22424 17.27095
2449915.22429 21.10143
2449916.22433 27.95722
2449917.22438 27.66844
2449918.22442 31.75937
2449919.22447 34.71765
2449920.22451 28.11910
2449921.22456 25.21199
2449922.22461 21.71084
2449923.22465 21.75388
2449924.22470 19.87416
2449925.22474 18.87633
2449926.22479 19.15520
2449927.22483 25.47100
2449928.22488 28.36503
2450114.23337 24.06988
2450115.23341 29.47446
2450116.23346 28.02553
2450117.23350 30.42579
2450118.23355 29.97037
2450119.23359 24.18045
2450120.23364 19.74467
2450121.23369 20.47194
2450122.23373 14.90868
2450123.23378 14.46252
2450124.23382 20.13257
2450125.23387 20.50750
2450126.23391 27.87542
2450127.23396 29.36514
2450128.23401 32.58627
2450129.23405 29.52609
2450130.23410 22.88098
2450131.23414 20.33060
2450132.23419 17.95996
2450133.23423 17.91090
2450134.23428 13.56065
2450135.23433 20.88472
2450136.23437 24.14910
2450137.23442 29.53546
2450138.23446 28.15850
2450139.23451 24.67979
2450140.23455 29.91265
2450141.23460 28.70375
2450142.23464 21.73950
2450143.23469 13.66627
2450144.23474 15.00270
2450145.23478 15.35836
2450146.23483 18.90075
2450147.23487 21.72253
2450148.23492 25.84808
2450149.23496 28.87360
2450150.23501 27.53236
2450151.23506 22.99211
2450152.23510 23.06123
2450153.23515 21.40103
2450154.23519 15.78957
2450155.23524 15.88429
2450156.23528 15.32938
2450157.23533 19.42380
2450158.23537 20.78929
2450159.23542 30.50314
2450160.23547 27.26573
2450161.23551 30.21338
2450162.23556 26.83220
2450163.23560 23.48328
2450164.23565 17.94888
2450165.23569 13.83196
2450166.23574 16.98598
2450167.23579 15.11865
2450168.23583 13.88382
2450169.23588 20.18077
2450170.23592 22.96658
2450171.23597 31.85343
2450172.23601 30.15181
2450173.23606 25.56728
2450174.23610 26.16852
2450175.23615 19.95320
2450176.23620 17.59456
2450177.23624 15.02497
2450178.23629 16.42601
2450179.23633 18.83741
2450180.23638 19.48356
2450181.23642 26.46914
2450182.23647 28.51393
2450183.23652 31.94347
2450184.23656 24.05722
2450185.23661 24.14745
2450186.23665 20.62966
2450187.23670 16.60121
2450188.23674 15.31464
2450189.23679 14.56206
2450190.23683 13.95390
2450191.23688 24.47942
2450192.23693 20.81441
2450193.23697 23.81345
2450194.23702 26.35018
2450195.23706 27.72222
2450196.23711 25.65237
2450197.23715 20.57151
2450198.23720 13.77945
2450199.23725 13.59696
2450200.23729 13.59968
2450201.23734 19.03112
2450202.23738 23.32697
2450203.23743 20.73464
2450204.23747 28.04324
2450205.23752 28.13169
2450206.23757 23.19702
2450207.23761 24.92901
2450208.23766 19.02876
2450209.23770 16.07749
2450210.23775 14.86656
2450211.23779 16.56981
2450212.23784 17.49227
2450213.23788 21.52315
2450214.23793 24.57344
2450215.23798 24.04705
2450216.23802 24.90566
2450217.23807 24.19434
2450218.23811 20.78709
2450219.23816 16.43375
2450220.23820 17.50900
2450221.23825 13.69328
2450222.23830 13.90204
2450223.23834 16.60442
2450224.23839 22.47020
2450225.23843 24.90034
2450226.23848 31.64026
2450227.23852 24.27698
2450228.23857 30.03129
2450229.23861 20.00535
2450230.23866 17.72268
2450231.23871 15.34424
2450232.23875 13.45124
2450233.23880 15.98321
2450234.23884 17.72071
2450235.23889 18.43711
2450236.23893 20.36362
2450237.23898 31.00074
2450238.23903 30.73298
2450239.23907 22.25895
2450240.23912 20.78796
2450241.23916 19.27663
2450242.23921 13.65036
2450243.23925 12.65957
2450244.23930 14.22336
2450245.23934 15.00700
2450246.23939 22.53396
2450247.23944 29.81311
2450248.23948 26.55220
2450249.23953 22.75783
2450250.23957 27.30518
2450251.23962 21.06427
2450252.23966 15.34987
2450253.23971 12.36888
2450254.23976 14.51240
2450255.23980 13.32089
2450256.23985 16.62304
2450257.23989 20.16028
2450258.23994 25.48018
2450259.23998 25.73627
2450260.24003 25.22624
2450261.24007 25.09382
2450262.24012 20.21131
2450263.24017 21.04308
2450264.24021 15.75924
2450265.24026 14.63731
2450266.24030 13.36314
2450267.24035 16.85589
2450268.24039 21.97562
2450269.24044 26.74851
2450270.24049 23.78735
2450271.24053 29.36645
2450272.24058 25.23276
2450273.24062 28.79550
2450274.24067 16.68002
2450275.24071 15.71513
2450276.24076 11.28726
2450277.24080 13.75992
2450278.24085 15.09531
2450279.24090 25.00499
2450280.24094 25.99058
2450281.24099 24.09294
2450282.24103 28.47115
2450283.24108 25.91755
2450284.24112 22.70379
2450285.24117 16.33886
2450286.24122 12.27015
2450287.24126 11.68111
2450288.24131 11.10456
2450289.24135 16.63735
2450290.24140 19.10599
2450291.24144 22.07805
2450292.24149 26.48726
2450293.24154 31.23371
2450479.25002 24.50447
2450480.25007 21.75108
2450481.25011 21.50502
2450482.25016 17.28266
2450483.25021 13.03109
2450484.25025 10.98728
2450485.25030 9.31248
2450486.25034 10.21748
2450487.25039 15.21476
2450488.25043 19.30637
2450489.25048 19.45182
2450490.25052 21.05533
2450491.25057 24.05237
2450492.25062 21.32391
2450493.25066 17.16435
2450494.25071 11.73170
2450495.25075 9.65286
2450496.25080 9.59845
2450497.25084 10.29113
2450498.25089 9.47002
2450499.25094 14.59846
2450500.25098 21.09665
2450501.25103 21.64024
2450502.25107 26.77297
2450503.25112 19.59195
2450504.25116 17.96164
2450505.25121 12.62735
2450506.25125 10.55444
2450507.25130 9.76015
2450508.25135 10.30430
2450509.25139 13.45784
2450510.25144 15.79337
2450511.25148 20.14318
2450512.25153 23.84515
2450513.25157 23.84249
2450514.25162 20.91285
2450515.25167 17.36286
2450516.25171 14.16999
2450517.25176 9.53355
2450518.25180 8.85561
2450519.25185 9.68221
2450520.25189 13.91232
2450521.25194 17.12775
2450522.25199 18.80390
2450523.25203 23.37155
2450524.25208 24.26728
2450525.25212 19.36368
2450526.25217 17.70715
2450527.25221 12.97189
2450528.25226 10.46699
2450529.25230 7.64417
2450530.25235 11.38360
2450531.25240 11.88782
2450532.25244 16.12556
2450533.25249 18.98011
2450534.25253 21.38794
2450535.25258 20.13695
2450536.25262 16.83789
2450537.25267 16.19102
2450538.25272 14.41325
2450539.25276 10.13969
2450540.25281 7.99230
2450541.25285 10.38060
2450542.25290 11.89245
2450543.25294 14.62241
2450544.25299 23.90709
2450545.25303 24.85898
2450546.25308 27.06808
2450547.25313 15.44872
2450548.25317 16.56230
2450549.25322 14.07876
2450550.25326 9.67771
2450551.25331 8.08657
2450552.25335 9.35557
2450553.25340 12.77335
2450554.25345 16.71642
2450555.25349 24.83612
2450556.25354 24.32469
2450557.25358 22.40768
2450558.25363 19.52739
2450559.25367 16.64193
2450560.25372 9.89814
2450561.25376 8.89462
2450562.25381 8.33427
2450563.25386 9.28953
2450564.25390 10.79045
2450565.25395 15.33352
2450566.25399 20.79099
2450567.25404 21.43689
2450568.25408 27.45632
2450569.25413 21.15036
2450570.25418 15.34348
2450571.25422 10.94079
2450572.25427 7.50864
2450573.25431 7.83671
2450574.25436 9.74004
2450575.25440 13.46459
2450576.25445 16.63434
2450577.25449 15.89879
2450578.25454 22.43975
2450579.25459 24.20769
2450580.25463 18.04151
2450581.25468 14.47870
2450582.25472 12.22730
2450583.25477 9.11419
2450584.25481 7.46426
2450585.25486 9.97210
2450586.25491 11.56874
2450587.25495 17.99871
2450588.25500 19.29639
2450589.25504 20.72949
2450590.25509 19.98287
2450591.25513 21.61951
2450592.25518 16.17868
2450593.25522 12.57881
2450594.25527 9.46119
2450595.25532 6.31341
2450596.25536 7.84049
2450597.25541 11.09237
2450598.25545 14.35715
2450599.25550 17.67810
2450600.25554 21.63900
2450601.25559 17.77349
2450602.25564 18.60051
2450603.25568 16.52809
2450604.25573 12.50383
2450605.25577 9.20231
2450606.25582 6.73440
2450607.25586 6.73471
2450608.25591 11.34787
2450609.25596 13.12311
2450610.25600 18.40120
2450611.25605 22.33731
2450612.25609 18.97440
2450613.25614 21.07914
2450614.25618 18.21846
2450615.25623 14.18011
2450616.25627 6.90077
2450617.25632 8.53713
2450618.25637 8.85570
2450619.25641 11.19374
2450620.25646 14.74769
2450621.25650 18.03276
2450622.25655 18.92069
2450623.25659 20.23471
2450624.25664 19.53416
2450625.25669 14.16741
2450626.25673 11.02679
2450627.25678 8.41520
2450628.25682 6.72482
2450629.25687 7.80330
2450630.25691 11.52061
2450631.25696 16.79741
2450632.25700 18.38437
2450633.25705 21.66581
2450634.25710 21.45947
2450635.25714 19.47200
2450636.25719 14.78948
2450637.25723 10.63421
2450638.25728 7.31965
2450639.25732 6.33829
2450640.25737 9.17813
2450641.25742 11.10998
2450642.25746 13.16816
2450643.25751 21.64477
2450644.25755 19.81012
2450645.25760 19.93121
2450646.25764 17.41917
2450647.25769 14.53911
2450648.25773 11.29430
2450649.25778 6.81565
2450650.25783 6.35920
2450651.25787 7.17683
2450652.25792 11.88848
2450653.25796 13.48169
2450654.25801 20.81498
2450655.25805 20.89640
2450656.25810 20.75965
2450657.25815 16.50596
2450658.25819 13.35394
2450844.26668 14.69765
2450845.26672 10.92678
2450846.26677 7.53999
2450847.26682 4.86085
2450848.26686 4.07442
2450849.26691 5.03533
2450850.26695 10.37122
2450851.26700 13.62792
2450852.26704 15.96011
2450853.26709 16.58758
2450854.26714 16.05574
2450855.26718 15.93673
2450856.26723 11.29520
2450857.26727 6.46885
2450858.26732 4.41408
2450859.26736 3.39451
2450860.26741 5.28975
2450861.26745 10.30313
2450862.26750 11.65269
2450863.26755 16.35318
2450864.26759 18.36875
2450865.26764 16.37010
2450866.26768 15.25602
2450867.26773 7.85753
2450868.26777 6.65388
2450869.26782 4.25588
2450870.26787 3.19913
2450871.26791 5.64914
2450872.26796 8.10786
2450873.26800 13.20186
2450874.26805 14.52163
2450875.26809 16.15396
2450876.26814 15.51289
2450877.26818 12.56882
2450878.26823 9.39472
2450879.26828 7.03225
2450880.26832 4.12867
2450881.26837 2.89750
2450882.26841 5.61313
2450883.26846 9.76471
2450884.26850 13.03304
2450885.26855 15.59258
2450886.26860 15.55105
2450887.26864 20.10247
2450888.26869 12.97003
2450889.26873 9.79656
2450890.26878 4.97289
2450891.26882 4.12253
2450892.26887 3.00883
2450893.26891 3.99205
2450894.26896 7.90906
2450895.26901 13.23921
2450896.26905 16.15075
2450897.26910 17.44060
2450898.26914 17.68551
2450899.26919 14.27641
2450900.26923 11.07295
2450901.26928 6.73829
2450902.26933 3.28549
2450903.26937 3.42245
2450904.26942 4.70761
2450905.26946 8.58905
2450906.26951 12.05146
2450907.26955 18.44014
2450908.26960 14.94757
2450909.26964 17.38805
2450910.26969 14.20012
2450911.26974 9.99786
2450912.26978 5.22585
2450913.26983 3.01381
2450914.26987 3.05624
2450915.26992 4.25309
2450916.26996 9.90858
2450917.27001 12.78563
2450918.27006 17.08072
2450919.27010 15.30293
2450920.27015 17.73962
2450921.27019 16.05428
2450922.27024 9.93436
2450923.27028 6.29402
2450924.27033 3.31627
2450925.27038 2.68301
2450926.27042 4.74167
2450927.27047 8.93052
2450928.27051 11.62112
2450929.27056 17.44337
2450930.27060 16.19659
2450931.27065 16.18012
2450932.27069 13.82429
2450933.27074 8.51528
2450934.27079 4.81779
2450935.27083 3.28939
2450936.27088 2.98818
2450937.27092 4.34942
2450938.27097 8.24803
2450939.27101 10.05885
2450940.27106 13.13718
2450941.27111 14.88293
2450942.27115 15.64682
2450943.27120 12.90200
2450944.27124 9.77263
2450945.27129 4.93273
2450946.27133 3.69392
2450947.27138 2.61226
2450948.27142 4.66398
2450949.27147 9.63214
2450950.27152 11.55878
2450951.27156 13.22897
2450952.27161 14.38156
2450953.27165 19.11371
2450954.27170 12.33870
2450955.27174 8.50570
2450956.27179 5.45588
2450957.27184 3.00923
2450958.27188 2.98634
2450959.27193 4.29441
2450960.27197 8.32429
2450961.27202 11.46160
2450962.27206 15.76291
2450963.27211 17.17027
2450964.27215 16.04777
2450965.27220 15.64622
2450966.27225 10.48140
2450967.27229 4.68612
2450968.27234 2.71865
2450969.27238 2.20000
2450970.27243 5.01400
2450971.27247 7.09576
2450972.27252 13.34048
2450973.27257 17.21826
2450974.27261 14.55143
2450975.27266 13.09258
2450976.27270 10.32846
2450977.27275 9.80262
2450978.27279 5.46308
2450979.27284 2.78853
2450980.27288 2.60064
2450981.27293 3.94583
2450982.27298 7.61317
2450983.27302 14.64565
2450984.27307 15.76272
2450985.27311 13.60716
2450986.27316 17.04221
2450987.27320 14.94339
2450988.27325 8.03945
2450989.27330 5.66552
2450990.27334 2.54659
2450991.27339 2.12386
2450992.27343 3.93493
2450993.27348 7.93466
2450994.27352 10.76473
2450995.27357 14.44632
2450996.27362 17.97014
2450997.27366 16.11520
2450998.27371 13.40003
2450999.27375 8.07332
2451000.27380 4.76323
2451001.27384 2.57283
2451002.27389 2.18456
2451003.27393 4.41784
2451004.27398 7.73115
2451005.27403 10.21016
2451006.27407 15.49255
2451007.27412 14.14903
2451008.27416 15.22647
2451009.27421 14.28651
2451010.27425 8.24560
2451011.27430 4.26304
2451012.27435 2.35299
2451013.27439 2.16286
2451014.27444 3.73746
2451015.27448 7.72847
2451016.27453 12.40224
2451017.27457 12.29838
2451018.27462 16.59226
2451019.27466 15.21384
2451020.27471 11.41449
2451021.27476 9.00342
2451022.27480 5.46536
2451023.27485 1.97341
2451209.28333 3.16344
2451210.28338 0.63642
2451211.28343 0.71941
2451212.28347 3.18878
2451213.28352 5.31508
2451214.28356 10.43489
2451215.28361 13.23446
2451216.28365 16.32451
2451217.28370 11.15816
2451218.28375 10.25084
2451219.28379 6.36368
2451220.28384 2.55131
2451221.28388 0.69683
2451222.28393 0.82318
2451223.28397 3.64433
2451224.28402 6.18228
2451225.28406 10.31311
2451226.28411 16.21285
2451227.28416 14.98490
2451228.28420 13.12077
2451229.28425 11.90774
2451230.28429 5.55547
2451231.28434 3.00923
2451232.28438 0.54323
2451233.28443 0.68439
2451234.28448 3.23873
2451235.28452 6.14384
2451236.28457 10.26676
2451237.28461 12.53117
2451238.28466 14.91670
2451239.28470 16.04012
2451240.28475 8.29514
2451241.28480 5.76688
2451242.28484 2.74763
2451243.28489 0.60122
2451244.28493 0.79949
2451245.28498 3.34188
2451246.28502 6.28047
2451247.28507 9.48611
2451248.28511 15.30505
2451249.28516 15.63892
2451250.28521 14.20753
2451251.28525 10.40190
2451252.28530 7.03705
2451253.28534 2.46813
2451254.28539 0.64493
2451255.28543 0.84820
2451256.28548 3.30230
2451257.28553 7.36462
2451258.28557 9.98812
2451259.28562 13.85986
2451260.28566 12.09322
2451261.28571 12.69298
2451262.28575 10.33672
2451263.28580 6.46943
2451264.28584 2.78923
2451265.28589 0.59364
2451266.28594 0.72655
2451267.28598 2.62333
2451268.28603 6.67377
2451269.28607 10.70777
2451270.28612 10.48531
2451271.28616 17.03533
2451272.28621 15.44231
2451273.28626 9.98134
2451274.28630 6.35882
2451275.28635 2.76193
2451276.28639 0.59794
2451277.28644 0.86426
2451278.28648 3.51851
2451279.28653 7.04379
2451280.28657 10.47339
2451281.28662 15.15445
2451282.28667 15.02811
2451283.28671 13.13810
2451284.28676 7.82111
2451285.28680 5.44728
2451286.28685 2.93899
2451287.28689 0.52066
2451288.28694 0.69161
2451289.28699 2.84246
2451290.28703 6.88421
2451291.28708 10.24025
2451292.28712 14.68125
2451293.28717 13.43024
2451294.28721 12.54935
2451295.28726 8.43899
2451296.28730 5.66224
2451297.28735 2.32288
2451298.28740 0.45143
2451299.28744 0.76382
2451300.28749 2.85416
2451301.28753 7.82679
2451302.28758 11.13552
2451303.28762 14.17584
2451304.28767 13.79208
2451305.28772 12.81762
2451306.28776 10.65674
2451307.28781 5.55203
2451308.28785 2.87603
2451309.28790 0.45163
2451310.28794 0.70569
2451311.28799 2.98078
2451312.28804 7.30424
2451313.28808 12.25468
2451314.28813 15.26028
2451315.28817 14.19578
2451316.28822 14.84471
2451317.28826 8.91968
2451318.28831 5.59402
2451319.28835 2.53638
2451320.28840 0.50272
2451321.28845 0.63447
2451322.28849 2.92513
2451323.28854 6.66990
2451324.28858 12.71483
2451325.28863 12.51983
2451326.28867 14.37987
2451327.28872 14.52309
2451328.28877 9.02697
2451329.28881 6.29807
2451330.28886 2.72132
2451331.28890 0.31461
2451332.28895 0.74310
2451333.28899 3.72428
2451334.28904 7.10883
2451335.28908 10.67827
2451336.28913 13.51271
2451337.28918 12.14998
2451338.28922 15.13862
2451339.28927 9.45428
2451340.28931 6.40222
2451341.28936 2.59612
2451342.28940 0.38089
2451343.28945 0.64540
2451344.28950 3.28645
2451345.28954 8.06911
2451346.28959 11.35539
2451347.28963 12.23834
2451348.28968 13.63354
2451349.28972 14.30101
2451350.28977 10.13859
2451351.28981 5.24296
2451352.28986 2.54903
2451353.28991 0.37100
2451354.28995 0.72086
2451355.29000 2.71061
2451356.29004 7.09106
2451357.29009 9.99785
2451358.29013 13.23142
2451359.29018 14.02088
2451360.29023 11.97863
2451361.29027 10.26968
2451362.29032 5.39826
2451363.29036 2.31777
2451364.29041 0.38198
2451365.29045 0.74344
2451366.29050 2.95154
2451367.29054 6.38407
2451368.29059 10.61478
2451369.29064 15.02942
2451370.29068 13.57881
2451371.29073 14.44483
2451372.29077 9.44448
2451373.29082 5.33052
2451374.29086 2.37983
2451375.29091 0.34128
2451376.29096 0.64791
2451377.29100 3.33432
2451378.29105 7.49882
2451379.29109 10.33951
2451380.29114 13.62397
2451381.29118 12.77345
2451382.29123 11.07063
2451383.29127 8.55244
2451384.29132 5.62643
2451385.29137 1.81758
2451386.29141 0.39697
2451387.29146 0.71284
2451388.29150 3.70953
2451575.30004 4.18659
2451576.30008 7.29994
2451577.30013 14.73809
2451578.30017 12.37989
2451579.30022 14.77236
2451580.30026 12.94763
2451581.30031 9.32278
2451582.30036 5.39660
2451583.30040 2.41532
2451584.30045 0.95969
2451585.30049 1.53694
2451586.30054 4.90656
2451587.30058 7.83746
2451588.30063 11.41501
2451589.30068 15.00745
2451590.30072 15.66298
2451591.30077 13.81936
2451592.30081 9.93337
2451593.30086 5.04742
2451594.30090 2.35181
2451595.30095 1.00974
2451596.30099 1.52778
2451597.30104 5.07140
2451598.30109 9.53012
2451599.30113 10.69390
2451600.30118 13.59189
2451601.30122 14.34013
2451602.30127 11.40898
2451603.30131 9.09972
2451604.30136 6.24882
2451605.30141 2.83113
2451606.30145 1.03418
2451607.30150 1.63685
2451608.30154 4.39755
2451609.30159 8.22228
2451610.30163 12.26120
2451611.30168 13.81632
2451612.30172 15.05940
2451613.30177 13.86703
2451614.30182 11.34652
2451615.30186 5.83924
2451616.30191 2.86793
2451617.30195 1.19918
2451618.30200 1.92789
2451619.30204 4.75933
2451620.30209 8.33072
2451621.30214 13.65599
2451622.30218 14.04074
2451623.30223 16.50483
2451624.30227 12.50710
2451625.30232 10.09541
2451626.30236 6.57037
2451627.30241 2.80224
2451628.30246 1.10268
2451629.30250 1.91604
2451630.30255 4.27497
2451631.30259 8.76512
2451632.30264 13.84469
2451633.30268 15.89691
2451634.30273 16.66519
2451635.30277 14.36232
2451636.30282 8.91447
2451637.30287 6.47520
2451638.30291 2.30189
2451639.30296 1.18564
2451640.30300 2.20822
2451641.30305 3.98662
2451642.30309 9.42241
2451643.30314 12.52034
2451644.30319 14.80645
2451645.30323 14.03702
2451646.30328 10.38193
2451647.30332 9.80668
2451648.30337 6.35773
2451649.30341 3.18967
2451650.30346 1.43828
2451651.30350 2.53362
2451652.30355 4.84659
2451653.30360 8.06400
2451654.30364 13.29820
2451655.30369 17.55398
2451656.30373 15.74337
2451657.30378 11.74160
2451658.30382 9.50110
2451659.30387 6.25691
2451660.30392 2.97291
2451661.30396 1.39880
2451662.30401 2.14390
2451663.30405 4.66797
2451664.30410 8.69094
2451665.30414 12.78778
2451666.30419 15.65560
2451667.30423 14.01224
2451668.30428 14.41750
2451669.30433 9.11419
2451670.30437 5.61882
2451671.30442 2.78154
2451672.30446 1.59674
2451673.30451 2.73555
2451674.30455 4.69967
2451675.30460 9.96670
2451676.30465 11.72867
2451677.30469 16.95233
2451678.30474 15.53206
2451679.30478 11.99908
2451680.30483 11.46052
2451681.30487 5.78156
2451682.30492 2.76873
2451683.30496 1.64238
2451684.30501 2.31949
2451685.30506 5.19081
2451686.30510 8.97537
2451687.30515 14.72131
2451688.30519 12.73754
2451689.30524 14.06124
2451690.30528 14.34892
2451691.30533 10.85497
2451692.30538 6.30731
2451693.30542 2.55047
2451694.30547 1.66009
2451695.30551 2.18585
2451696.30556 6.59557
2451697.30560 9.73230
2451698.30565 12.29204
2451699.30569 18.36552
2451700.30574 18.42002
2451701.30579 15.46649
2451702.30583 11.47752
2451703.30588 5.99279
2451704.30592 3.41149
2451705.30597 1.66929
2451706.30601 2.95959
2451707.30606 5.75818
2451708.30611 10.74791
2451709.30615 13.85848
2451710.30620 16.21051
2451711.30624 14.50939
2451712.30629 11.74650
2451713.30633 9.24829
2451714.30638 4.60223
2451715.30643 3.18764
2451716.30647 1.90258
2451717.30652 2.48097
2451718.30656 6.55140
2451719.30661 10.68322
2451720.30665 13.56686
2451721.30670 16.71788
2451722.30674 15.72547
2451723.30679 15.13284
2451724.30684 10.11003
2451725.30688 6.95981
2451726.30693 3.04931
2451727.30697 2.37321
2451728.30702 2.84256
2451729.30706 5.05825
2451730.30711 8.52341
2451731.30716 14.17070
2451732.30720 16.32343
2451733.30725 14.41540
2451734.30729 15.19519
2451735.30734 10.69588
2451736.30738 7.00096
2451737.30743 3.14288
2451738.30747 2.02953
2451739.30752 3.26484
2451740.30757 7.16249
2451741.30761 9.03337
2451742.30766 13.20918
2451743.30770 12.22350
2451744.30775 16.79006
2451745.30779 11.52143
2451746.30784 9.63959
2451747.30789 6.54597
2451748.30793 3.18855
2451749.30798 2.31594
2451750.30802 3.45855
2451751.30807 5.94991
2451752.30811 9.41977
2451753.30816 11.63609
2451754.30820 15.82009
2451940.31669 15.25749
2451941.31674 17.49632
2451942.31678 20.05994
2451943.31683 14.94074
2451944.31688 10.05313
2451945.31692 7.71086
2451946.31697 5.05937
2451947.31701 3.60575
2451948.31706 7.08342
2451949.31710 8.11706
2451950.31715 12.68016
2451951.31719 17.49764
2451952.31724 20.89964
2451953.31729 19.31806
2451954.31733 18.27026
2451955.31738 10.84265
2451956.31742 7.88731
2451957.31747 5.92362
2451958.31751 4.39665
2451959.31756 5.35958
2451960.31761 8.40458
2451961.31765 12.16788
2451962.31770 15.13621
2451963.31774 18.11876
2451964.31779 15.30571
2451965.31783 13.93568
2451966.31788 12.78916
2451967.31792 8.02014
2451968.31797 5.62256
2451969.31802 4.43668
2451970.31806 6.74101
2451971.31811 8.26846
2451972.31815 12.40791
2451973.31820 18.26241
2451974.31824 20.12169
2451975.31829 19.33402
2451976.31834 16.17641
2451977.31838 12.83153
2451978.31843 8.04364
2451979.31847 5.08975
2451980.31852 5.36008
2451981.31856 6.68092
2451982.31861 9.44463
2451983.31865 14.86492
2451984.31870 18.65584
2451985.31875 18.98290
2451986.31879 20.16660
2451987.31884 16.96496
2451988.31888 13.16248
2451989.31893 8.32183
2451990.31897 6.96939
2451991.31902 4.61740
2451992.31907 5.73922
2451993.31911 10.25094
2451994.31916 14.61657
2451995.31920 20.25354
2451996.31925 14.82215
2451997.31929 20.19510
2451998.31934 16.75999
2451999.31938 14.61539
2452000.31943 7.89947
2452001.31948 6.62669
2452002.31952 4.94391
2452003.31957 5.98178
2452004.31961 11.32914
2452005.31966 14.51027
2452006.31970 18.94417
2452007.31975 16.86597
2452008.31980 21.11145
2452009.31984 16.69718
2452010.31989 13.60632
2452011.31993 8.29552
2452012.31998 6.56808
2452013.32002 6.10298
2452014.32007 6.55750
2452015.32011 9.90972
2452016.32016 15.62525
2452017.32021 14.78999
2452018.32025 21.82208
2452019.32030 17.14367
2452020.32034 19.06387
2452021.32039 15.26793
2452022.32043 8.45430
2452023.32048 6.84097
2452024.32053 5.52048
2452025.32057 7.25220
2452026.32062 8.76312
2452027.32066 12.70914
2452028.32071 16.56765
2452029.32075 17.68380
2452030.32080 17.63274
2452031.32085 17.01564
2452032.32089 12.47109
2452033.32094 9.41790
2452034.32098 6.74946
2452035.32103 5.75708
2452036.32107 6.27985
2452037.32112 10.32632
2452038.32116 12.98520
2452039.32121 19.41055
2452040.32126 15.79309
2452041.32130 16.51328
2452042.32135 15.49174
2452043.32139 11.74227
2452044.32144 9.53805
2452045.32148 7.00610
2452046.32153 6.49986
2452047.32158 7.41097
2452048.32162 8.97393
2452049.32167 12.95951
2452050.32171 17.93139
2452051.32176 21.21772
2452052.32180 18.91896
2452053.32185 16.07181
2452054.32189 12.30002
2452055.32194 10.39269
2452056.32199 6.08411
2452057.32203 6.84953
2452058.32208 7.35110
2452059.32212 11.12864
2452060.32217 14.49803
2452061.32221 20.08441
2452062.32226 18.74729
2452063.32231 19.09584
2452064.32235 17.81401
2452065.32240 14.61566
2452066.32244 10.12717
2452067.32249 6.97928
2452068.32253 5.93929
2452069.32258 7.23437
2452070.32262 12.59149
2452071.32267 13.04384
2452072.32272 18.49009
2452073.32276 19.34677
2452074.32281 18.45318
2452075.32285 16.26458
2452076.32290 11.92682
2452077.32294 10.69123
2452078.32299 6.72869
2452079.32304 6.84722
2452080.32308 7.61577
2452081.32313 10.34469
2452082.32317 15.39315
2452083.32322 21.51777
2452084.32326 20.85262
2452085.32331 21.24238
2452086.32335 19.51692
2452087.32340 15.59258
2452088.32345 9.71911
2452089.32349 7.35626
2452090.32354 6.47421
2452091.32358 8.15248
2452092.32363 12.75503
2452093.32367 16.98057
2452094.32372 19.67240
2452095.32377 21.18965
2452096.32381 19.23189
2452097.32386 17.91709
2452098.32390 14.05846
2452099.32395 10.71154
2452100.32399 7.24233
2452101.32404 7.45666
2452102.32409 8.89875
2452103.32413 10.71320
2452104.32418 15.02258
2452105.32422 20.11276
2452106.32427 18.40819
2452107.32431 21.21878
2452108.32436 16.34987
2452109.32440 14.42606
2452110.32445 13.64427
2452111.32450 7.29954
2452112.32454 7.71331
2452113.32459 7.91160
2452114.32463 11.49779
2452115.32468 17.62094
2452116.32472 15.92719
2452117.32477 16.10371
2452118.32482 19.15986
2452119.32486 15.78251
2452305.33335 25.60158
2452306.33339 19.55103
2452307.33344 14.33018
2452308.33349 12.74506
2452309.33353 11.56179
2452310.33358 9.37254
2452311.33362 11.38289
2452312.33367 16.64003
2452313.33371 17.83977
2452314.33376 26.87838
2452315.33380 24.00888
2452316.33385 24.59277
2452317.33390 19.41220
2452318.33394 17.21139
2452319.33399 15.61384
2452320.33403 12.39862
2452321.33408 10.48614
2452322.33412 10.85078
2452323.33417 15.80140
2452324.33422 15.11744
2452325.33426 24.71976
2452326.33431 22.25675
2452327.33435 23.74315
2452328.33440 20.76098
2452329.33444 18.88267
2452330.33449 13.59024
2452331.33454 10.92125
2452332.33458 12.37168
2452333.33463 13.79507
2452334.33467 14.95705
2452335.33472 21.32140
2452336.33476 22.45633
2452337.33481 23.66006
2452338.33485 21.97094
2452339.33490 19.37034
2452340.33495 16.02832
2452341.33499 12.36560
2452342.33504 11.61958
2452343.33508 10.37116
2452344.33513 13.72735
2452345.33517 15.92949
2452346.33522 22.60955
2452347.33527 21.09591
2452348.33531 19.94132
2452349.33536 24.55932
2452350.33540 24.38817
2452351.33545 17.26075
2452352.33549 14.24948
2452353.33554 10.30860
2452354.33558 12.41098
2452355.33563 12.97155
2452356.33568 17.24125
2452357.33572 18.67593
2452358.33577 21.89926
2452359.33581 24.73896
2452360.33586 22.78150
2452361.33590 23.50247
2452362.33595 17.15048
2452363.33600 14.28035
2452364.33604 13.06693
2452365.33609 12.13161
2452366.33613 15.32288
2452367.33618 14.81949
2452368.33622 21.38451
2452369.33627 20.21511
2452370.33631 23.09723
2452371.33636 24.41217
2452372.33641 21.94309
2452373.33645 18.30194
2452374.33650 14.20046
2452375.33654 14.47528
2452376.33659 10.92097
2452377.33663 12.26299
2452378.33668 21.32674
2452379.33673 24.91166
2452380.33677 26.22024
2452381.33682 28.06401
2452382.33686 23.86717
2452383.33691 21.54885
2452384.33695 18.83574
2452385.33700 14.76079
2452386.33704 11.28761
2452387.33709 12.65832
2452388.33714 17.24438
2452389.33718 18.48956
2452390.33723 26.15959
2452391.33727 25.65226
2452392.33732 28.69915
2452393.33736 25.82184
2452394.33741 23.16153
2452395.33746 16.97920
2452396.33750 13.51950
2452397.33755 12.80091
2452398.33759 13.18900
2452399.33764 15.30983
2452400.33768 19.54751
2452401.33773 18.25277
2452402.33777 25.16004
2452403.33782 28.35276
2452404.33787 19.14654
2452405.33791 22.92851
2452406.33796 18.40823
2452407.33800 15.62694
2452408.33805 11.53503
2452409.33809 13.59651
2452410.33814 14.84123
2452411.33819 17.92278
2452412.33823 21.68809
2452413.33828 24.46435
2452414.33832 26.77879
2452415.33837 24.45113
2452416.33841 22.94592
2452417.33846 18.57297
2452418.33851 14.60247
2452419.33855 11.75126
2452420.33860 12.97531
2452421.33864 16.00580
2452422.33869 20.50985
2452423.33873 22.82823
2452424.33878 27.29428
2452425.33882 25.19624
2452426.33887 25.80021
2452427.33892 23.06879
2452428.33896 19.93614
2452429.33901 13.13987
2452430.33905 11.88963
2452431.33910 12.94323
2452432.33914 15.87565
2452433.33919 19.87901
2452434.33924 26.51108
2452435.33928 23.90035
2452436.33933 29.21903
2452437.33937 23.12933
2452438.33942 24.59868
2452439.33946 20.11733
2452440.33951 16.39764
2452441.33955 13.97097
2452442.33960 11.41454
2452443.33965 16.62984
2452444.33969 14.68577
2452445.33974 21.50456
2452446.33978 26.63003
2452447.33983 27.15274
2452448.33987 22.70125
2452449.33992 24.11543
2452450.33997 23.35954
2452451.34001 15.74864
2452452.34006 13.16643
2452453.34010 11.60722
2452454.34015 13.20147
2452455.34019 16.74613
2452456.34024 24.46300
2452457.34028 27.12539
2452458.34033 29.66861
2452459.34038 26.18519
2452460.34042 22.16626
2452461.34047 17.43008
2452462.34051 13.06729
2452463.34056 12.96684
2452464.34060 12.42488
2452465.34065 18.14263
2452466.34070 21.21758
2452467.34074 20.71391
2452468.34079 25.67462
2452469.34083 20.16748
2452470.34088 26.76149
2452471.34092 24.07000
2452472.34097 20.09675
2452473.34101 16.79800
2452474.34106 13.52096
2452475.34111 13.23518
2452476.34115 15.60024
2452477.34120 17.24634
2452478.34124 22.74459
2452479.34129 28.03823
2452480.34133 26.17467
2452481.34138 30.08304
2452482.34143 23.04279
2452483.34147 18.60623
2452484.34152 14.60436
2452670.35000 21.38640
2452671.35005 17.12004
2452672.35010 16.93511
2452673.35014 17.78589
2452674.35019 23.72590
2452675.35023 21.22972
2452676.35028 26.66247
2452677.35032 31.06609
2452678.35037 32.02790
2452679.35042 30.77115
2452680.35046 29.09283
2452681.35051 21.05178
2452682.35055 18.67275
2452683.35060 17.78764
2452684.35064 14.23329
2452685.35069 18.21957
2452686.35073 23.30989
2452687.35078 29.38223
2452688.35083 29.44517
2452689.35087 31.95464
2452690.35092 23.33429
2452691.35096 23.91336
2452692.35101 18.57851
2452693.35105 19.20632
2452694.35110 16.05773
2452695.35115 18.41236
2452696.35119 19.88300
2452697.35124 22.55150
2452698.35128 28.13574
2452699.35133 31.47655
2452700.35137 29.59708
2452701.35142 30.77632
2452702.35146 23.47721
2452703.35151 22.96928
2452704.35156 19.98057
2452705.35160 16.78567
2452706.35165 16.57053
2452707.35169 17.03785
2452708.35174 24.91204
2452709.35178 24.94303
2452710.35183 25.31971
2452711.35188 30.99872
2452712.35192 26.13127
2452713.35197 22.77912
2452714.35201 23.96503
2452715.35206 19.54417
2452716.35210 17.89371
2452717.35215 20.38196
2452718.35219 20.41492
2452719.35224 24.37056
2452720.35229 26.00108
2452721.35233 35.26624
2452722.35238 28.65042
2452723.35242 35.21169
2452724.35247 23.36511
2452725.35251 21.54237
2452726.35256 20.76210
2452727.35261 19.28388
2452728.35265 15.34290
2452729.35270 20.66835
2452730.35274 25.74717
2452731.35279 29.61970
2452732.35283 32.60865
2452733.35288 28.48484
2452734.35293 35.25657
2452735.35297 23.48545
2452736.35302 24.15166
2452737.35306 21.48274
2452738.35311 19.99374
2452739.35315 20.18732
2452740.35320 22.95021
2452741.35324 27.68041
2452742.35329 27.65875
2452743.35334 29.23070
2452744.35338 35.30340
2452745.35343 33.05085
2452746.35347 28.87515
2452747.35352 22.84971
2452748.35356 15.62369
2452749.35361 19.88363
2452750.35366 18.89027
2452751.35370 22.37222
2452752.35375 23.41838
2452753.35379 28.28317
2452754.35384 29.25305
2452755.35388 30.80606
2452756.35393 30.95118
2452757.35397 33.88756
2452758.35402 18.77213
2452759.35407 20.62247
2452760.35411 21.16770
2452761.35416 20.24720
2452762.35420 24.13077
2452763.35425 20.53953
2452764.35429 25.64449
2452765.35434 32.74933
2452766.35439 39.26485
2452767.35443 29.33506
2452768.35448 23.96331
2452769.35452 23.57540
2452770.35457 21.08243
2452771.35461 18.69376
2452772.35466 20.26682
2452773.35470 22.67929
2452774.35475 23.42077
2452775.35480 31.39664
2452776.35484 27.92660
2452777.35489 30.55224
2452778.35493 34.65035
2452779.35498 23.01094
2452780.35502 22.25261
2452781.35507 19.46392
2452782.35512 17.05932
2452783.35516 19.13800
2452784.35521 18.56399
2452785.35525 23.42105
2452786.35530 26.19091
2452787.35534 36.19137
2452788.35539 31.00323
2452789.35543 34.94916
2452790.35548 21.06927
2452791.35553 23.69306
2452792.35557 22.22130
2452793.35562 19.03532
2452794.35566 19.76591
2452795.35571 18.94402
2452796.35575 24.61521
2452797.35580 31.10198
2452798.35585 33.32675
2452799.35589 36.35810
2452800.35594 31.72305
2452801.35598 29.90557
2452802.35603 26.88244
2452803.35607 22.08790
2452804.35612 17.93356
2452805.35617 19.43390
2452806.35621 23.28574
2452807.35626 27.49211
2452808.35630 28.44304
2452809.35635 31.31746
2452810.35639 28.95570
2452811.35644 33.03138
2452812.35648 29.13269
2452813.35653 24.92397
2452814.35658 20.08410
2452815.35662 20.89460
2452816.35667 21.74422
2452817.35671 21.72754
2452818.35676 23.27393
2452819.35680 23.41495
2452820.35685 28.20156
2452821.35690 35.06635
2452822.35694 28.12224
2452823.35699 29.28887
2452824.35703 21.33986
2452825.35708 17.69081
2452826.35712 19.60231
2452827.35717 18.93308
2452828.35721 20.37102
2452829.35726 27.14970
2452830.35731 34.39977
2452831.35735 30.16336
2452832.35740 32.57383
2452833.35744 29.51312
2452834.35749 29.20214
2452835.35753 24.24280
2452836.35758 19.61405
2452837.35763 22.41055
2452838.35767 16.42641
2452839.35772 22.11899
2452840.35776 27.46369
2452841.35781 28.47903
2452842.35785 33.75275
2452843.35790 34.02413
2452844.35794 34.85248
2452845.35799 31.16632
2452846.35804 23.64452
2452847.35808 22.65844
2452848.35813 21.96096
2452849.35817 20.13849
2453036.36671 20.98769
2453037.36675 23.41944
2453038.36680 30.71700
2453039.36684 29.79416
2453040.36689 33.05426
2453041.36693 35.91023
2453042.36698 30.45351
2453043.36703 29.45966
2453044.36707 27.91158
2453045.36712 19.99804
2453046.36716 21.80954
2453047.36721 23.36866
2453048.36725 27.92221
2453049.36730 28.90853
2453050.36735 32.11238
2453051.36739 33.74745
2453052.36744 32.07656
2453053.36748 37.15388
2453054.36753 30.25938
2453055.36757 25.74091
2453056.36762 22.59712
2453057.36766 20.50787
2453058.36771 20.86258
2453059.36776 24.45717
2453060.36780 26.52055
2453061.36785 31.86073
2453062.36789 33.36009
2453063.36794 34.53717
2453064.36798 28.22479
2453065.36803 33.26073
2453066.36808 25.87028
2453067.36812 21.64626
2453068.36817 20.33906
2453069.36821 25.36516
2453070.36826 23.71450
2453071.36830 32.26664
2453072.36835 30.67928
2453073.36839 37.05779
2453074.36844 37.32462
2453075.36849 37.60960
2453076.36853 30.42430
2453077.36858 24.94945
2453078.36862 25.26949
2453079.36867 22.88631
2453080.36871 18.42417
2453081.36876 28.91765
2453082.36881 26.66728
2453083.36885 34.87179
2453084.36890 35.20307
2453085.36894 24.76003
2453086.36899 38.55205
2453087.36903 32.66909
2453088.36908 24.84425
2453089.36912 27.96008
2453090.36917 21.01148
2453091.36922 21.93554
2453092.36926 24.24977
2453093.36931 30.97931
2453094.36935 34.58016
2453095.36940 34.80239
2453096.36944 34.00535
2453097.36949 36.26664
2453098.36954 27.96905
2453099.36958 27.30368
2453100.36963 23.28047
2453101.36967 16.88022
2453102.36972 22.63162
2453103.36976 23.09661
2453104.36981 29.86737
2453105.36985 34.12174
2453106.36990 39.66492
2453107.36995 36.59037
2453108.36999 34.65080
2453109.37004 27.96283
2453110.37008 24.88342
2453111.37013 25.37402
2453112.37017 20.14711
2453113.37022 21.38755
2453114.37027 25.06365
2453115.37031 34.12452
2453116.37036 30.86733
2453117.37040 42.57402
2453118.37045 40.87111
2453119.37049 37.70315
2453120.37054 28.51439
2453121.37059 25.48666
2453122.37063 22.01674
2453123.37068 23.58164
2453124.37072 22.84302
2453125.37077 25.82665
2453126.37081 28.25317
2453127.37086 35.40829
2453128.37090 35.76433
2453129.37095 31.27269
2453130.37100 33.60565
2453131.37104 27.58946
2453132.37109 22.31530
2453133.37113 18.27480
2453134.37118 18.74019
2453135.37122 26.01355
2453136.37127 22.75966
2453137.37132 31.35053
2453138.37136 40.03757
2453139.37141 31.72056
2453140.37145 34.96647
2453141.37150 39.72311
2453142.37154 33.53446
2453143.37159 29.79808
2453144.37163 21.94610
2453145.37168 23.76501
2453146.37173 21.45007
2453147.37177 24.31982
2453148.37182 35.97556
2453149.37186 35.94101
2453150.37191 40.81300
2453151.37195 30.63786
2453152.37200 31.48430
2453153.37205 25.56586
2453154.37209 25.78994
2453155.37214 27.29594
2453156.37218 21.28545
2453157.37223 23.28567
2453158.37227 27.19836
2453159.37232 29.99496
2453160.37236 33.33843
2453161.37241 33.81682
2453162.37246 35.01040
2453163.37250 34.08734
2453164.37255 31.25489
2453165.37259 29.70932
2453166.37264 21.56084
2453167.37268 23.69512
2453168.37273 22.43333
2453169.37278 26.25367
2453170.37282 27.26055
2453171.37287 33.51717
2453172.37291 35.58833
2453173.37296 37.45665
2453174.37300 29.69798
2453175.37305 27.11121
2453176.37309 29.02354
2453177.37314 20.92971
2453178.37319 21.76285
2453179.37323 21.36930
2453180.37328 26.07689
2453181.37332 29.88081
2453182.37337 34.89506
2453183.37341 32.28564
2453184.37346 32.43128
2453185.37351 38.81609
2453186.37355 34.72229
2453187.37360 23.27134
2453188.37364 23.97765
2453189.37369 18.94355
2453190.37373 22.01137
2453191.37378 28.96499
2453192.37382 28.43479
2453193.37387 37.71445
2453194.37392 29.44309
2453195.37396 39.18866
2453196.37401 34.23634
2453197.37405 31.28188
2453198.37410 23.68237
2453199.37414 19.75560
2453200.37419 21.04881
2453201.37424 29.80437
2453202.37428 24.74430
2453203.37433 27.59718
2453204.37437 32.36632
2453205.37442 35.99736
2453206.37446 34.55936
2453207.37451 33.88598
2453208.37456 30.35917
2453209.37460 27.84394
2453210.37465 22.95418
2453211.37469 22.48935
2453212.37474 19.54751
2453213.37478 25.17533
2453214.37483 28.51718
2453215.37487 31.53466
2453401.38336 32.16215
2453402.38341 32.55061
2453403.38345 32.68424
2453404.38350 40.92318
2453405.38354 32.66667
2453406.38359 32.05280
2453407.38364 24.71563
2453408.38368 21.30858
2453409.38373 19.35091
2453410.38377 27.86474
2453411.38382 29.01206
2453412.38386 28.81260
2453413.38391 41.78102
2453414.38396 30.13767
2453415.38400 36.56372
2453416.38405 29.15435
2453417.38409 26.32837
2453418.38414 18.51864
2453419.38418 22.99502
2453420.38423 23.39806
2453421.38427 26.04341
2453422.38432 28.48755
2453423.38437 31.40009
2453424.38441 38.59243
2453425.38446 40.36474
2453426.38450 33.32583
2453427.38455 36.00966
2453428.38459 31.99733
2453429.38464 23.28248
2453430.38469 23.58062
2453431.38473 19.38352
2453432.38478 23.16219
2453433.38482 28.76889
2453434.38487 33.66335
2453435.38491 31.73451
2453436.38496 36.98746
2453437.38501 39.66560
2453438.38505 32.81784
2453439.38510 28.84661
2453440.38514 29.29723
2453441.38519 24.75328
2453442.38523 23.06873
2453443.38528 19.87599
2453444.38532 27.89301
2453445.38537 30.19558
2453446.38542 31.55901
2453447.38546 36.47308
2453448.38551 40.34938
2453449.38555 40.54720
2453450.38560 31.89280
2453451.38564 23.23564
2453452.38569 22.31303
2453453.38574 21.50309
2453454.38578 21.90752
2453455.38583 29.18175
2453456.38587 29.94299
2453457.38592 30.01929
2453458.38596 36.95040
2453459.38601 42.06985
2453460.38605 34.94891
2453461.38610 27.93924
2453462.38615 30.20865
2453463.38619 22.95746
2453464.38624 22.84669
2453465.38628 24.51795
2453466.38633 31.99975
2453467.38637 30.91933
2453468.38642 32.70662
2453469.38647 40.35985
2453470.38651 41.80841
2453471.38656 33.14023
2453472.38660 28.44880
2453473.38665 26.92011
2453474.38669 17.74980
2453475.38674 21.48920
2453476.38678 20.92443
2453477.38683 23.01616
2453478.38688 26.76285
2453479.38692 34.40981
2453480.38697 33.38765
2453481.38701 31.14841
2453482.38706 33.27187
2453483.38710 28.92379
2453484.38715 26.78259
2453485.38720 24.05511
2453486.38724 21.63810
2453487.38729 25.52124
2453488.38733 25.47668
2453489.38738 29.97864
2453490.38742 34.93059
2453491.38747 38.87316
2453492.38751 34.54136
2453493.38756 28.37439
2453494.38761 32.66113
2453495.38765 23.61869
2453496.38770 24.38973
2453497.38774 20.26526
2453498.38779 18.90749
2453499.38783 26.09334
2453500.38788 33.69983
2453501.38793 30.24028
2453502.38797 35.28019
2453503.38802 38.22070
2453504.38806 34.58744
2453505.38811 39.58817
2453506.38815 27.27793
2453507.38820 23.48779
2453508.38824 21.55248
2453509.38829 22.50036
2453510.38834 27.39341
2453511.38838 33.04073
2453512.38843 29.03941
2453513.38847 34.67823
2453514.38852 31.46538
2453515.38856 29.64634
2453516.38861 32.97967
2453517.38866 26.22986
2453518.38870 25.52256
2453519.38875 24.54042
2453520.38879 22.26966
2453521.38884 26.51012
2453522.38888 34.54666
2453523.38893 30.75825
2453524.38898 36.65863
2453525.38902 33.43456
2453526.38907 30.87217
2453527.38911 29.76576
2453528.38916 25.31818
2453529.38920 21.37782
2453530.38925 22.80818
2453531.38929 26.76314
2453532.38934 21.69509
2453533.38939 28.29562
2453534.38943 31.42140
2453535.38948 39.33886
2453536.38952 36.67122
2453537.38957 32.40881
2453538.38961 24.81901
2453539.38966 29.61167
2453540.38971 20.42998
2453541.38975 19.51386
2453542.38980 17.06936
2453543.38984 24.98635
2453544.38989 29.72618
2453545.38993 33.06012
2453546.38998 38.07299
2453547.39002 36.44010
2453548.39007 34.36481
2453549.39012 25.96659
2453550.39016 27.36914
2453551.39021 22.94147
2453552.39025 21.48890
2453553.39030 20.95134
2453554.39034 27.76003
2453555.39039 33.33226
2453556.39044 37.01356
2453557.39048 34.52707
2453558.39053 37.96607
2453559.39057 25.92192
2453560.39062 28.32666
2453561.39066 28.57097
2453562.39071 22.98825
2453563.39075 20.05912
2453564.39080 19.39636
2453565.39085 25.22544
2453566.39089 30.05853
2453567.39094 35.98453
2453568.39098 37.65269
2453569.39103 37.47760
2453570.39107 33.51791
2453571.39112 30.44076
2453572.39117 27.84554
2453573.39121 23.75515
2453574.39126 22.65136
2453575.39130 23.77512
2453576.39135 27.79443
2453577.39139 30.97698
2453578.39144 33.28919
2453579.39148 46.34012
2453580.39153 32.87016
2453766.40002 33.84343
2453767.40006 30.58305
2453768.40011 37.44660
2453769.40016 27.96795
2453770.40020 26.10515
2453771.40025 25.28742
2453772.40029 21.74334
2453773.40034 24.46571
2453774.40038 29.98254
2453775.40043 29.26158
2453776.40047 32.06635
2453777.40052 35.38955
2453778.40057 32.57112
2453779.40061 28.75122
2453780.40066 26.17652
2453781.40070 23.97966
2453782.40075 21.26560
2453783.40079 18.97885
2453784.40084 21.63360
2453785.40089 25.19685
2453786.40093 26.19823
2453787.40098 33.47040
2453788.40102 31.40436
2453789.40107 38.80393
2453790.40111 31.18624
2453791.40116 27.46448
2453792.40120 24.49078
2453793.40125 18.54537
2453794.40130 21.04174
2453795.40134 21.71417
2453796.40139 27.13506
2453797.40143 29.54143
2453798.40148 31.37260
2453799.40152 29.92928
2453800.40157 26.27050
2453801.40162 33.72336
2453802.40166 25.46339
2453803.40171 23.14676
2453804.40175 20.54162
2453805.40180 15.35940
2453806.40184 20.65280
2453807.40189 27.30823
2453808.40193 32.71789
2453809.40198 32.78752
2453810.40203 30.37168
2453811.40207 35.81565
2453812.40212 34.18490
2453813.40216 26.88090
2453814.40221 21.74982
2453815.40225 18.26822
2453816.40230 20.14247
2453817.40235 23.74965
2453818.40239 23.99470
2453819.40244 30.88611
2453820.40248 30.67355
2453821.40253 33.02115
2453822.40257 39.30677
2453823.40262 25.97899
2453824.40266 27.03980
2453825.40271 22.75962
2453826.40276 20.14106
2453827.40280 20.93453
2453828.40285 23.14758
2453829.40289 25.95704
2453830.40294 28.28401
2453831.40298 34.71970
2453832.40303 31.17360
2453833.40308 32.70750
2453834.40312 30.97970
2453835.40317 23.35963
2453836.40321 22.64726
2453837.40326 17.67972
2453838.40330 20.73022
2453839.40335 21.60581
2453840.40340 27.80931
2453841.40344 28.91278
2453842.40349 30.46046
2453843.40353 31.73884
2453844.40358 33.05302
2453845.40362 28.15030
2453846.40367 26.59599
2453847.40371 25.75085
2453848.40376 17.71053
2453849.40381 19.63362
2453850.40385 22.73177
2453851.40390 23.11361
2453852.40394 31.16615
2453853.40399 26.25071
2453854.40403 34.92636
2453855.40408 26.72773
2453856.40413 29.03768
2453857.40417 24.02852
2453858.40422 20.39503
2453859.40426 19.21569
2453860.40431 19.71315
2453861.40435 22.13823
2453862.40440 26.45411
2453863.40444 26.04740
2453864.40449 38.96928
2453865.40454 30.17692
2453866.40458 36.08471
2453867.40463 35.84178
2453868.40467 29.27186
2453869.40472 21.51567
2453870.40476 21.28771
2453871.40481 20.81133
2453872.40486 19.76635
2453873.40490 20.57158
2453874.40495 30.79196
2453875.40499 33.97116
2453876.40504 32.83385
2453877.40508 34.23787
2453878.40513 29.50635
2453879.40517 28.69905
2453880.40522 15.91054
2453881.40527 24.58112
2453882.40531 18.50889
2453883.40536 20.12793
2453884.40540 29.56921
2453885.40545 26.47440
2453886.40549 35.58094
2453887.40554 38.58101
2453888.40559 34.68547
2453889.40563 32.57884
2453890.40568 27.29656
2453891.40572 22.92379
2453892.40577 17.11841
2453893.40581 20.29372
2453894.40586 20.22221
2453895.40590 26.74759
2453896.40595 28.34816
2453897.40600 37.16271
2453898.40604 30.12185
2453899.40609 33.21154
2453900.40613 28.87011
2453901.40618 28.60741
2453902.40622 21.39781
2453903.40627 17.68647
2453904.40632 17.28416
2453905.40636 20.51828
2453906.40641 22.79000
2453907.40645 30.98761
2453908.40650 30.34982
2453909.40654 28.47089
2453910.40659 31.91386
2453911.40664 23.32020
2453912.40668 27.88642
2453913.40673 20.20668
2453914.40677 22.25733
2453915.40682 20.95684
2453916.40686 21.13775
2453917.40691 27.50410
2453918.40695 24.27088
2453919.40700 31.11282
2453920.40705 32.54594
2453921.40709 30.04701
2453922.40714 25.63712
2453923.40718 25.02524
2453924.40723 22.74101
2453925.40727 19.19851
2453926.40732 19.25098
2453927.40737 20.14543
2453928.40741 25.01749
2453929.40746 25.04739
2453930.40750 29.75444
2453931.40755 27.70997
2453932.40759 31.32224
2453933.40764 31.29124
2453934.40768 23.21971
2453935.40773 19.12329
2453936.40778 18.41318
2453937.40782 18.86703
2453938.40787 20.48819
2453939.40791 23.01393
2453940.40796 24.04658
2453941.40800 31.54195
2453942.40805 36.17233
2453943.40810 30.18486
2453944.40814 26.07290
2453945.40819 23.94914
2454131.41667 23.17217
2454132.41672 21.91933
2454133.41677 16.43542
2454134.41681 19.26147
2454135.41686 16.54702
2454136.41690 16.36755
2454137.41695 23.22989
2454138.41699 23.13040
2454139.41704 27.94795
2454140.41708 25.98872
2454141.41713 23.31655
2454142.41718 28.47292
2454143.41722 19.32683
2454144.41727 16.18105
2454145.41731 14.04988
2454146.41736 15.44717
2454147.41740 19.15231
2454148.41745 20.06251
2454149.41750 24.35265
2454150.41754 27.76395
2454151.41759 23.62453
2454152.41763 30.03714
2454153.41768 26.71826
2454154.41772 20.17176
2454155.41777 18.44199
2454156.41782 17.27258
2454157.41786 13.39726
2454158.41791 12.26011
2454159.41795 23.05560
2454160.41800 24.69894
2454161.41804 26.12209
2454162.41809 31.86803
2454163.41813 31.07767
2454164.41818 27.48841
2454165.41823 20.16014
2454166.41827 19.30970
2454167.41832 14.11156
2454168.41836 14.22077
2454169.41841 17.97226
2454170.41845 21.74149
2454171.41850 27.99418
2454172.41855 29.59672
2454173.41859 25.72423
2454174.41864 26.36626
2454175.41868 24.55715
2454176.41873 20.89708
2454177.41877 15.56584
2454178.41882 16.25199
2454179.41886 15.80925
2454180.41891 15.40845
2454181.41896 21.50821
2454182.41900 26.17748
2454183.41905 29.34496
2454184.41909 32.29582
2454185.41914 29.06649
2454186.41918 28.10210
2454187.41923 22.19621
2454188.41928 15.76320
2454189.41932 13.95635
2454190.41937 15.71778
2454191.41941 20.24432
2454192.41946 17.97531
2454193.41950 27.83004
2454194.41955 29.73016
2454195.41959 27.68491
2454196.41964 27.77747
2454197.41969 22.26515
2454198.41973 21.15446
2454199.41978 15.70362
2454200.41982 14.92934
2454201.41987 14.34847
2454202.41991 19.98197
2454203.41996 21.63764
2454204.42001 23.91520
2454205.42005 24.26098
2454206.42010 29.06382
2454207.42014 22.27934
2454208.42019 24.39665
2454209.42023 16.68101
2454210.42028 15.78833
2454211.42032 14.89084
2454212.42037 11.67523
2454213.42042 19.87690
2454214.42046 20.69945
2454215.42051 26.53956
2454216.42055 26.27086
2454217.42060 31.68891
2454218.42064 28.70382
2454219.42069 21.28638
2454220.42074 20.36555
2454221.42078 17.09730
2454222.42083 13.17054
2454223.42087 15.97847
2454224.42092 17.00092
2454225.42096 25.44742
2454226.42101 22.61545
2454227.42106 29.21964
2454228.42110 28.87717
2454229.42115 26.79427
2454230.42119 23.73460
2454231.42124 20.00170
2454232.42128 19.89696
2454233.42133 15.30738
2454234.42137 16.59160
2454235.42142 14.27458
2454236.42147 22.80181
2454237.42151 22.79329
2454238.42156 26.90010
2454239.42160 29.37336
2454240.42165 29.76203
2454241.42169 31.47219
2454242.42174 17.27697
2454243.42179 14.99328
2454244.42183 16.55620
2454245.42188 14.70886
2454246.42192 15.40064
2454247.42197 18.19188
2454248.42201 26.28529
2454249.42206 28.53592
2454250.42210 28.69855
2454251.42215 19.77685
2454252.42220 19.99455
2454253.42224 21.90893
2454254.42229 16.51348
2454255.42233 13.78192
2454256.42238 14.59161
2454257.42242 18.65207
2454258.42247 25.19615
2454259.42252 20.21319
2454260.42256 29.43005
2454261.42261 27.54993
2454262.42265 26.16486
2454263.42270 22.31466
2454264.42274 18.78953
2454265.42279 16.21548
2454266.42283 13.60196
2454267.42288 14.40177
2454268.42293 18.38232
2454269.42297 21.25535
2454270.42302 24.28539
2454271.42306 27.38865
2454272.42311 30.79919
2454273.42315 23.59776
2454274.42320 23.90821
2454275.42325 19.12643
2454276.42329 16.06205
2454277.42334 14.73147
2454278.42338 12.91740
2454279.42343 17.43603
2454280.42347 24.03737
2454281.42352 25.29905
2454282.42356 27.73942
2454283.42361 27.39107
2454284.42366 23.14864
2454285.42370 19.68176
2454286.42375 17.25247
2454287.42379 16.21310
2454288.42384 16.31780
2454289.42388 12.86573
2454290.42393 12.47100
2454291.42398 19.35006
2454292.42402 30.60168
2454293.42407 31.81910
2454294.42411 24.93308
2454295.42416 23.84886
2454296.42420 22.16497
2454297.42425 19.14929
2454298.42429 15.24464
2454299.42434 14.90980
2454300.42439 14.81446
2454301.42443 19.43418
2454302.42448 20.88278
2454303.42452 26.81056
2454304.42457 25.49589
2454305.42461 26.67999
2454306.42466 25.68258
2454307.42471 22.14333
2454308.42475 15.28129
2454309.42480 12.26081
2454310.42484 13.89709
2454497.43338 12.47576
2454498.43342 11.97582
2454499.43347 14.95912
2454500.43351 18.26718
2454501.43356 21.19380
2454502.43360 22.63788
2454503.43365 23.62663
2454504.43370 21.26857
2454505.43374 16.28174
2454506.43379 15.85659
2454507.43383 11.12610
2454508.43388 8.95181
2454509.43392 10.61211
2454510.43397 12.36965
2454511.43401 18.96121
2454512.43406 22.67610
2454513.43411 21.99653
2454514.43415 21.81731
2454515.43420 18.60383
2454516.43424 18.23987
2454517.43429 14.07776
2454518.43433 11.01354
2454519.43438 8.26080
2454520.43443 9.86338
2454521.43447 14.21092
2454522.43452 18.37590
2454523.43456 20.28320
2454524.43461 20.72294
2454525.43465 23.21993
2454526.43470 22.94680
2454527.43474 17.56435
2454528.43479 12.90708
2454529.43484 9.93512
2454530.43488 8.48808
2454531.43493 8.53332
2454532.43497 13.40591
2454533.43502 15.63893
2454534.43506 23.60305
2454535.43511 23.61365
2454536.43516 24.62224
2454537.43520 20.66216
2454538.43525 17.36577
2454539.43529 14.05292
2454540.43534 9.43079
2454541.43538 8.97610
2454542.43543 11.43749
2454543.43548 14.28795
2454544.43552 14.34624
2454545.43557 17.12535
2454546.43561 20.28836
2454547.43566 19.25879
2454548.43570 21.19957
2454549.43575 17.18230
2454550.43579 12.91321
2454551.43584 10.34298
2454552.43589 9.20330
2454553.43593 10.42360
2454554.43598 13.87736
2454555.43602 18.64597
2454556.43607 21.54838
2454557.43611 19.99592
2454558.43616 25.34006
2454559.43621 23.25330
2454560.43625 16.56004
2454561.43630 11.78013
2454562.43634 9.45642
2454563.43639 8.28048
2454564.43643 11.74708
2454565.43648 11.33423
2454566.43652 18.43610
2454567.43657 23.54753
2454568.43662 25.35707
2454569.43666 22.78743
2454570.43671 19.07947
2454571.43675 12.84586
2454572.43680 12.83459
2454573.43684 9.50663
2454574.43689 8.16781
2454575.43694 9.48402
2454576.43698 13.28481
2454577.43703 12.46944
2454578.43707 21.69171
2454579.43712 21.74018
2454580.43716 22.75254
2454581.43721 17.92814
2454582.43725 16.61544
2454583.43730 14.65399
2454584.43735 10.49571
2454585.43739 7.35846
2454586.43744 9.35994
2454587.43748 13.10850
2454588.43753 18.25179
2454589.43757 19.17811
2454590.43762 24.43185
2454591.43767 19.96414
2454592.43771 19.38662
2454593.43776 18.20298
2454594.43780 11.77358
2454595.43785 8.21932
2454596.43789 8.45503
2454597.43794 9.25858
2454598.43798 10.30385
2454599.43803 17.42469
2454600.43808 20.21121
2454601.43812 18.55750
2454602.43817 23.70187
2454603.43821 19.87224
2454604.43826 18.03362
2454605.43830 12.30608
2454606.43835 8.71070
2454607.43840 8.01139
2454608.43844 9.12605
2454609.43849 12.47919
2454610.43853 16.31596
2454611.43858 17.70654
2454612.43862 21.50519
2454613.43867 23.48989
2454614.43871 19.80320
2454615.43876 13.34969
2454616.43881 13.11443
2454617.43885 8.36163
2454618.43890 6.13194
2454619.43894 10.11362
2454620.43899 10.08773
2454621.43903 14.59591
2454622.43908 17.70794
2454623.43913 18.76218
2454624.43917 17.13321
2454625.43922 18.90582
2454626.43926 16.44094
2454627.43931 13.35599
2454628.43935 9.03916
2454629.43940 7.45809
2454630.43945 9.10313
2454631.43949 13.41644
2454632.43954 14.72616
2454633.43958 18.49512
2454634.43963 25.70662
2454635.43967 21.23646
2454636.43972 20.08219
2454637.43976 12.30889
2454638.43981 9.88220
2454639.43986 9.87949
2454640.43990 7.80926
2454641.43995 6.53335
2454642.43999 11.30496
2454643.44004 16.54300
2454644.44008 16.55994
2454645.44013 19.32633
2454646.44018 19.94627
2454647.44022 18.60739
2454648.44027 14.40557
2454649.44031 11.92402
2454650.44036 9.59954
2454651.44040 7.41193
2454652.44045 8.36888
2454653.44049 10.86442
2454654.44054 15.01178
2454655.44059 19.60696
2454656.44063 20.45710
2454657.44068 21.51190
2454658.44072 19.36144
2454659.44077 15.96576
2454660.44081 11.89459
2454661.44086 9.39603
2454662.44091 6.16603
2454663.44095 8.06946
2454664.44100 11.68356
2454665.44104 14.26130
2454666.44109 16.99663
2454667.44113 22.86976
2454668.44118 22.31695
2454669.44122 18.71979
2454670.44127 14.64231
2454671.44132 11.73536
2454672.44136 8.66683
2454673.44141 6.44209
2454674.44145 8.24407
2454675.44150 11.63083
2454676.44154 14.63109
2454862.45003 8.27895
2454863.45008 10.98388
2454864.45012 17.21642
2454865.45017 16.88669
2454866.45021 17.63126
2454867.45026 15.20329
2454868.45031 11.73072
2454869.45035 7.39108
2454870.45040 4.89890
2454871.45044 3.80571
2454872.45049 5.38826
2454873.45053 9.55512
2454874.45058 12.33470
2454875.45063 15.42568
2454876.45067 20.81579
2454877.45072 18.14500
2454878.45076 14.97246
2454879.45081 11.35469
2454880.45085 7.58917
2454881.45090 5.16465
2454882.45094 4.59547
2454883.45099 6.55308
2454884.45104 8.68727
2454885.45108 13.35810
2454886.45113 16.92586
2454887.45117 22.37546
2454888.45122 18.93404
2454889.45126 15.84703
2454890.45131 10.48993
2454891.45136 6.42587
2454892.45140 4.98660
2454893.45145 4.53359
2454894.45149 5.89295
2454895.45154 7.89388
2454896.45158 13.43658
2454897.45163 17.24652
2454898.45167 15.72723
2454899.45172 18.94035
2454900.45177 14.76450
2454901.45181 12.33224
2454902.45186 5.83281
2454903.45190 4.14284
2454904.45195 4.02721
2454905.45199 6.73543
2454906.45204 9.88844
2454907.45209 11.27240
2454908.45213 14.27709
2454909.45218 18.40134
2454910.45222 15.99914
2454911.45227 11.99255
2454912.45231 10.42201
2454913.45236 7.18566
2454914.45240 4.12716
2454915.45245 3.76329
2454916.45250 5.38327
2454917.45254 8.72601
2454918.45259 12.39290
2454919.45263 14.03061
2454920.45268 18.22002
2454921.45272 15.25494
2454922.45277 13.70680
2454923.45282 10.30931
2454924.45286 5.90345
2454925.45291 4.23555
2454926.45295 3.34665
2454927.45300 4.93506
2454928.45304 8.27715
2454929.45309 15.38580
2454930.45313 16.19114
2454931.45318 20.09419
2454932.45323 15.31482
2454933.45327 14.99233
2454934.45332 9.61484
2454935.45336 6.60930
2454936.45341 3.58845
2454937.45345 3.62357
2454938.45350 5.48600
2454939.45355 8.90567
2454940.45359 12.61215
2454941.45364 14.90767
2454942.45368 13.59200
2454943.45373 13.58507
2454944.45377 12.75693
2454945.45382 10.39252
2454946.45387 5.74441
2454947.45391 3.33827
2454948.45396 3.73948
2454949.45400 4.60920
2454950.45405 7.98548
2454951.45409 12.69008
2454952.45414 14.19961
2454953.45418 16.27761
2454954.45423 16.43157
2454955.45428 14.07463
2454956.45432 11.11929
2454957.45437 5.26783
2454958.45441 2.91323
2454959.45446 3.33803
2454960.45450 5.57910
2454961.45455 8.12906
2454962.45460 11.95039
2454963.45464 14.59121
2454964.45469 18.15616
2454965.45473 15.55395
2454966.45478 13.00611
2454967.45482 9.75517
2454968.45487 5.39647
2454969.45491 3.69545
2454970.45496 2.52593
2454971.45501 5.21104
2454972.45505 8.54440
2454973.45510 12.74835
2454974.45514 13.99464
2454975.45519 18.30446
2454976.45523 16.13638
2454977.45528 14.64432
2454978.45533 9.73239
2454979.45537 6.16524
2454980.45542 3.34689
2454981.45546 2.64622
2454982.45551 4.58081
2454983.45555 8.37450
2454984.45560 11.68894
2454985.45564 13.88600
2454986.45569 16.25851
2454987.45574 15.05701
2454988.45578 13.33708
2454989.45583 10.82194
2454990.45587 6.79753
2454991.45592 3.22367
2454992.45596 2.97735
2454993.45601 3.66454
2454994.45606 8.02084
2454995.45610 10.88444
2454996.45615 15.26171
2454997.45619 13.57355
2454998.45624 14.94113
2454999.45628 10.93451
2455000.45633 8.89305
2455001.45637 6.81996
2455002.45642 2.85769
2455003.45647 2.49583
2455004.45651 4.49055
2455005.45656 7.10480
2455006.45660 12.98651
2455007.45665 13.33287
2455008.45669 13.71461
2455009.45674 16.21524
2455010.45679 14.37067
2455011.45683 9.17702
2455012.45688 5.03339
2455013.45692 3.19685
2455014.45697 2.86235
2455015.45701 5.00662
2455016.45706 8.19224
2455017.45711 9.21358
2455018.45715 14.53147
2455019.45720 15.16649
2455020.45724 14.87289
2455021.45729 9.16981
2455022.45733 8.42454
2455023.45738 4.60246
2455024.45742 3.14041
2455025.45747 2.59884
2455026.45752 4.55020
2455027.45756 8.41806
2455028.45761 10.91968
2455029.45765 14.87198
2455030.45770 17.08642
2455031.45774 18.13871
2455032.45779 14.94385
2455033.45784 9.42687
2455034.45788 4.87079
2455035.45793 3.58582
2455036.45797 2.87772
2455037.45802 4.86236
2455038.45806 8.81893
2455039.45811 11.16570
2455040.45815 12.91358
2455041.45820 16.09068
2455227.46669 14.50134
2455228.46673 14.84737
2455229.46678 12.78067
2455230.46682 13.25682
2455231.46687 7.77966
2455232.46692 3.40954
2455233.46696 1.82691
2455234.46701 1.17567
2455235.46705 3.16111
2455236.46710 7.75193
2455237.46714 11.77169
2455238.46719 11.89207
2455239.46724 15.68085
2455240.46728 12.86019
2455241.46733 9.60143
2455242.46737 7.73396
2455243.46742 3.21423
2455244.46746 1.41042
2455245.46751 1.17406
2455246.46755 2.65040
2455247.46760 5.09315
2455248.46765 11.66325
2455249.46769 12.66825
2455250.46774 13.94062
2455251.46778 12.92422
2455252.46783 9.92864
2455253.46787 6.91078
2455254.46792 3.79835
2455255.46797 1.11621
2455256.46801 1.25779
2455257.46806 3.88224
2455258.46810 6.16942
2455259.46815 10.17120
2455260.46819 13.82869
2455261.46824 13.87788
2455262.46829 11.41171
2455263.46833 9.64334
2455264.46838 6.79658
2455265.46842 3.23930
2455266.46847 1.26568
2455267.46851 1.41080
2455268.46856 4.14714
2455269.46860 7.41571
2455270.46865 12.47948
2455271.46870 13.36686
2455272.46874 13.48072
2455273.46879 14.30974
2455274.46883 9.90784
2455275.46888 7.05410
2455276.46892 3.54610
2455277.46897 1.17892
2455278.46902 1.27051
2455279.46906 3.37259
2455280.46911 6.65853
2455281.46915 9.87992
2455282.46920 13.32412
2455283.46924 14.70370
2455284.46929 10.61906
2455285.46933 10.39707
2455286.46938 6.62413
2455287.46943 2.60418
2455288.46947 1.27062
2455289.46952 1.40329
2455290.46956 3.73518
2455291.46961 6.11592
2455292.46965 12.88796
2455293.46970 13.12175
2455294.46975 14.36651
2455295.46979 12.71694
2455296.46984 9.98295
2455297.46988 7.41895
2455298.46993 3.26618
2455299.46997 1.11574
2455300.47002 1.26795
2455301.47006 2.52086
2455302.47011 6.86483
2455303.47016 9.62255
2455304.47020 12.49268
2455305.47025 15.54062
2455306.47029 14.03879
2455307.47034 9.56825
2455308.47038 6.97876
2455309.47043 3.15318
2455310.47048 1.17495
2455311.47052 1.21799
2455312.47057 3.04329
2455313.47061 6.38424
2455314.47066 10.67373
2455315.47070 12.98458
2455316.47075 14.13267
2455317.47079 14.36380
2455318.47084 7.85614
2455319.47089 6.85540
2455320.47093 3.35265
2455321.47098 1.05839
2455322.47102 1.26110
2455323.47107 3.69770
2455324.47111 7.00810
2455325.47116 11.00146
2455326.47121 12.99681
2455327.47125 12.79890
2455328.47130 11.20665
2455329.47134 11.27231
2455330.47139 6.05452
2455331.47143 2.85056
2455332.47148 0.89589
2455333.47153 1.22185
2455334.47157 3.77740
2455335.47162 6.00601
2455336.47166 11.21425
2455337.47171 13.85686
2455338.47175 13.05320
2455339.47180 12.85597
2455340.47184 9.95366
2455341.47189 6.27078
2455342.47194 3.28272
2455343.47198 1.13930
2455344.47203 1.18481
2455345.47207 3.66067
2455346.47212 6.58745
2455347.47216 9.36246
2455348.47221 13.33672
2455349.47226 14.67472
2455350.47230 13.71751
2455351.47235 9.74562
2455352.47239 7.22850
2455353.47244 2.98918
2455354.47248 1.02177
2455355.47253 1.09316
2455356.47257 3.78242
2455357.47262 6.67324
2455358.47267 12.42768
2455359.47271 12.87010
2455360.47276 15.40986
2455361.47280 16.40513
2455362.47285 11.58244
2455363.47289 6.97750
2455364.47294 3.17645
2455365.47299 0.90727
2455366.47303 1.21843
2455367.47308 3.55782
2455368.47312 7.85928
2455369.47317 12.54538
2455370.47321 14.35560
2455371.47326 14.95629
2455372.47330 12.46243
2455373.47335 10.07457
2455374.47340 7.09513
2455375.47344 2.82622
2455376.47349 0.86365
2455377.47353 1.26591
2455378.47358 3.57354
2455379.47362 7.48329
2455380.47367 10.53324
2455381.47372 12.48608
2455382.47376 14.59894
2455383.47381 13.66220
2455384.47385 11.65257
2455385.47390 6.60219
2455386.47394 2.99002
2455387.47399 0.97916
2455388.47403 1.12435
2455389.47408 3.45091
2455390.47413 7.09091
2455391.47417 12.55217
2455392.47422 12.11842
2455393.47426 14.85858
2455394.47431 12.01360
2455395.47435 10.82236
2455396.47440 5.85586
2455397.47445 3.06928
2455398.47449 1.04823
2455399.47454 1.20778
2455400.47458 3.51573
2455401.47463 7.10730
2455402.47467 10.63573
2455403.47472 12.74330
2455404.47476 15.49220
2455405.47481 15.23383
2455406.47486 10.73944
2455592.48334 14.19886
2455593.48339 10.15823
2455594.48344 6.35370
2455595.48348 2.84959
2455596.48353 1.51165
2455597.48357 2.02416
2455598.48362 4.89804
2455599.48366 9.72965
2455600.48371 12.55576
2455601.48375 15.12958
2455602.48380 14.03743
2455603.48385 14.32236
2455604.48389 9.49929
2455605.48394 6.57615
2455606.48398 3.23812
2455607.48403 1.57978
2455608.48407 2.25258
2455609.48412 4.52670
2455610.48417 7.56531
2455611.48421 13.33688
2455612.48426 15.60471
2455613.48430 13.47549
2455614.48435 15.71340
2455615.48439 10.60301
2455616.48444 6.51052
2455617.48448 2.65912
2455618.48453 1.31925
2455619.48458 2.38600
2455620.48462 5.05360
2455621.48467 9.89689
2455622.48471 14.03562
2455623.48476 12.58064
2455624.48480 14.09578
2455625.48485 12.10937
2455626.48490 8.39054
2455627.48494 6.53852
2455628.48499 2.52023
2455629.48503 1.60873
2455630.48508 2.54108
2455631.48512 4.74484
2455632.48517 9.87964
2455633.48521 13.51664
2455634.48526 14.19090
2455635.48531 16.59625
2455636.48535 15.40122
2455637.48540 13.54774
2455638.48544 6.48032
2455639.48549 3.24650
2455640.48553 1.92923
2455641.48558 2.31232
2455642.48563 5.43642
2455643.48567 8.85603
2455644.48572 13.21877
2455645.48576 12.56084
2455646.48581 16.86780
2455647.48585 13.00138
2455648.48590 12.03174
2455649.48595 5.67235
2455650.48599 3.58495
2455651.48604 1.83349
2455652.48608 2.60425
2455653.48613 5.50620
2455654.48617 7.68351
2455655.48622 13.46225
2455656.48626 15.78219
2455657.48631 15.66617
2455658.48636 12.65868
2455659.48640 9.27479
2455660.48645 5.96824
2455661.48649 2.98572
2455662.48654 1.86845
2455663.48658 2.47816
2455664.48663 5.15597
2455665.48668 10.23203
2455666.48672 12.99505
2455667.48677 15.90938
2455668.48681 16.83281
2455669.48686 15.25545
2455670.48690 11.67524
2455671.48695 6.78636
2455672.48699 3.53187
2455673.48704 1.97631
2455674.48709 2.75487
2455675.48713 3.86706
2455676.48718 8.53455
2455677.48722 14.60450
2455678.48727 15.80685
2455679.48731 17.49423
2455680.48736 13.80473
2455681.48741 10.77714
2455682.48745 6.11727
2455683.48750 3.46865
2455684.48754 2.09058
2455685.48759 2.28101
2455686.48763 4.60682
2455687.48768 9.60801
2455688.48772 14.49567
2455689.48777 14.51677
2455690.48782 14.52680
2455691.48786 12.58055
2455692.48791 10.66184
2455693.48795 6.34931
2455694.48800 3.87466
2455695.48804 1.90775
2455696.48809 2.48160
2455697.48814 4.92499
2455698.48818 9.48632
2455699.48823 13.09876
2455700.48827 15.08988
2455701.48832 14.87848
2455702.48836 13.70707
2455703.48841 12.47757
2455704.48845 5.30897
2455705.48850 3.25404
2455706.48855 1.91798
2455707.48859 2.65361
2455708.48864 5.83148
2455709.48868 8.88500
2455710.48873 11.46254
2455711.48877 14.15101
2455712.48882 16.09877
2455713.48887 14.23785
2455714.48891 10.86426
2455715.48896 6.12845
2455716.48900 3.35255
2455717.48905 2.20347
2455718.48909 3.19316
2455719.48914 5.71727
2455720.48918 7.65299
2455721.48923 15.76193
2455722.48928 15.84768
2455723.48932 15.19532
2455724.48937 12.61541
2455725.48941 13.24162
2455726.48946 7.06280
2455727.48950 4.10984
2455728.48955 2.13821
2455729.48960 2.95419
2455730.48964 5.13319
2455731.48969 10.79682
2455732.48973 15.73509
2455733.48978 12.56682
2455734.48982 15.16725
2455735.48987 16.56488
2455736.48992 9.96763
2455737.48996 6.39686
2455738.49001 3.81521
2455739.49005 2.67545
2455740.49010 3.34052
2455741.49014 6.02032
2455742.49019 11.85710
2455743.49023 13.00356
2455744.49028 14.04624
2455745.49033 16.04511
2455746.49037 13.65683
2455747.49042 10.28801
2455748.49046 6.95665
2455749.49051 3.98815
2455750.49055 2.29402
2455751.49060 3.07888
2455752.49065 4.61923
2455753.49069 9.20705
2455754.49074 14.92589
2455755.49078 15.74063
2455756.49083 15.80772
2455757.49087 14.58438
2455758.49092 10.36612
2455759.49096 8.41570
2455760.49101 3.55770
2455761.49106 2.74871
2455762.49110 3.82961
2455763.49115 5.99939
2455764.49119 11.03982
2455765.49124 12.55353
2455766.49128 14.81943
2455767.49133 17.17430
2455768.49138 13.84304
2455769.49142 12.44554
2455770.49147 7.87664
2455771.49151 3.64547
2455957.50000 7.93124
