2445000.00000 1.21749
2445001.00005 1.69943
2445002.00009 1.75764
2445003.00014 2.12738
2445004.00018 2.49204
2445005.00023 2.73078
2445006.00027 3.14328
2445007.00032 4.03883
2445008.00037 6.86161
2445009.00041 6.65345
2445010.00046 6.53632
2445011.00050 7.33375
2445012.00055 8.74387
2445013.00059 8.23287
2445014.00064 6.80340
2445015.00068 9.72000
2445016.00073 8.76581
2445017.00078 8.87100
2445018.00082 8.48057
2445019.00087 8.03260
2445020.00091 8.42311
2445021.00096 7.39841
2445022.00100 6.84956
2445023.00105 5.53083
2445024.00110 6.59731
2445025.00114 5.26430
2445026.00119 4.36395
2445027.00123 3.83902
2445028.00128 2.76035
2445029.00132 2.43740
2445030.00137 1.95669
2445031.00141 1.53286
2445032.00146 1.33496
2445033.00151 1.30779
2445034.00155 1.43496
2445035.00160 1.42274
2445036.00164 2.11036
2445037.00169 2.72811
2445038.00173 2.82005
2445039.00178 3.42526
2445040.00183 3.98734
2445041.00187 4.79306
2445042.00192 5.01485
2445043.00196 6.04734
2445044.00201 7.65833
2445045.00205 6.69140
2445046.00210 7.78657
2445047.00214 8.90014
2445048.00219 8.83753
2445049.00224 9.11567
2445050.00228 9.03153
2445051.00233 8.56964
2445052.00237 7.19161
2445053.00242 7.76373
2445054.00246 6.73695
2445055.00251 7.14496
2445056.00256 5.55658
2445057.00260 5.78012
2445058.00265 4.59746
2445059.00269 4.04777
2445060.00274 3.41531
2445061.00278 2.97571
2445062.00283 2.29686
2445063.00287 1.63984
2445064.00292 1.50866
2445065.00297 1.29780
2445066.00301 1.31763
2445067.00306 1.32198
2445068.00310 1.76600
2445069.00315 1.92276
2445070.00319 1.98678
2445071.00324 2.92763
2445072.00329 3.23288
2445073.00333 4.02954
2445074.00338 4.85054
2445075.00342 5.87163
2445076.00347 6.03245
2445077.00351 7.91964
2445078.00356 7.50161
2445079.00361 7.71739
2445080.00365 9.06319
2445081.00370 8.71998
2445082.00374 7.36118
2445083.00379 7.60109
2445084.00383 9.79508
2445085.00388 8.06775
2445086.00392 7.61795
2445087.00397 8.03519
2445088.00402 6.53881
2445089.00406 5.68152
2445090.00411 5.19963
2445091.00415 4.32924
2445092.00420 3.75431
2445093.00424 3.16338
2445094.00429 2.64145
2445095.00434 1.97630
2445096.00438 1.60139
2445097.00443 1.31793
2445098.00447 1.41334
2445099.00452 1.15574
2445100.00456 0.89387
2445101.00461 1.40597
2445102.00465 1.55058
2445103.00470 2.15774
2445104.00475 2.69946
2445105.00479 2.86133
2445106.00484 4.80221
2445107.00488 4.82662
2445108.00493 6.01234
2445109.00497 5.70714
2445110.00502 6.71435
2445111.00507 7.80820
2445112.00511 6.79848
2445113.00516 10.17953
2445114.00520 9.32877
2445115.00525 8.58772
2445116.00529 7.88044
2445117.00534 8.38210
2445118.00538 6.20818
2445119.00543 7.78465
2445120.00548 8.03124
2445121.00552 5.48185
2445122.00557 5.41995
2445123.00561 4.60854
2445124.00566 4.85377
2445125.00570 3.85411
2445126.00575 2.83499
2445127.00580 2.41384
2445128.00584 1.94063
2445129.00589 1.32463
2445130.00593 1.07584
2445131.00598 0.98612
2445132.00602 0.91065
2445133.00607 1.08107
2445134.00611 1.21334
2445135.00616 1.69053
2445136.00621 2.10394
2445137.00625 2.83176
2445138.00630 3.37227
2445139.00634 3.19672
2445140.00639 4.43448
2445141.00643 5.59761
2445142.00648 6.74152
2445143.00653 7.40263
2445144.00657 8.09803
2445145.00662 7.71638
2445146.00666 8.86721
2445147.00671 9.73648
2445148.00675 8.99502
2445149.00680 8.52716
2445150.00684 8.54929
2445151.00689 6.32064
2445152.00694 7.06427
2445153.00698 5.09886
2445154.00703 6.25012
2445155.00707 5.15792
2445156.00712 4.16135
2445157.00716 4.44555
2445158.00721 3.31344
2445159.00726 2.86338
2445160.00730 2.41591
2445161.00735 1.54233
2445162.00739 1.50341
2445163.00744 1.11384
2445164.00748 0.98670
2445165.00753 0.83130
2445166.00758 1.10243
2445167.00762 1.22198
2445168.00767 1.59181
2445169.00771 1.93628
2445170.00776 2.19032
2445171.00780 3.20135
2445172.00785 4.07711
2445173.00789 4.45331
2445174.00794 4.73087
2445175.00799 5.64863
2445176.00803 6.86853
2445177.00808 7.63869
2445178.00812 8.22149
2445179.00817 8.63968
2445366.01670 0.95466
2445367.01675 1.58024
2445368.01679 2.09840
2445369.01684 2.57951
2445370.01688 2.73546
2445371.01693 3.85948
2445372.01698 5.54456
2445373.01702 5.56574
2445374.01707 5.88489
2445375.01711 5.97630
2445376.01716 7.46222
2445377.01720 8.56829
2445378.01725 8.04859
2445379.01729 6.77706
2445380.01734 6.93132
2445381.01739 6.64237
2445382.01743 8.74972
2445383.01748 7.00502
2445384.01752 6.77921
2445385.01757 5.95272
2445386.01761 5.31486
2445387.01766 4.08431
2445388.01771 3.34339
2445389.01775 2.67631
2445390.01780 2.37308
2445391.01784 1.69992
2445392.01789 1.20974
2445393.01793 0.87425
2445394.01798 0.47441
2445395.01803 0.34679
2445396.01807 0.39240
2445397.01812 0.50302
2445398.01816 0.76427
2445399.01821 0.97263
2445400.01825 1.43772
2445401.01830 2.20930
2445402.01834 2.19189
2445403.01839 3.19549
2445404.01844 4.12265
2445405.01848 4.51826
2445406.01853 5.89510
2445407.01857 5.99168
2445408.01862 5.69085
2445409.01866 6.66378
2445410.01871 6.63734
2445411.01876 8.31484
2445412.01880 8.24508
2445413.01885 8.17614
2445414.01889 8.00211
2445415.01894 7.80805
2445416.01898 8.33298
2445417.01903 6.10584
2445418.01907 5.68951
2445419.01912 5.04288
2445420.01917 4.47554
2445421.01921 3.77720
2445422.01926 3.43223
2445423.01930 2.67763
2445424.01935 1.77287
2445425.01939 1.32868
2445426.01944 0.68840
2445427.01949 0.54172
2445428.01953 0.40194
2445429.01958 0.20332
2445430.01962 0.41621
2445431.01967 0.66126
2445432.01971 0.93258
2445433.01976 1.49631
2445434.01980 1.86060
2445435.01985 3.00504
2445436.01990 3.54161
2445437.01994 4.05805
2445438.01999 4.00146
2445439.02003 4.91547
2445440.02008 4.60463
2445441.02012 6.43604
2445442.02017 7.14211
2445443.02022 7.07349
2445444.02026 7.28204
2445445.02031 7.31100
2445446.02035 6.93540
2445447.02040 7.22347
2445448.02044 7.32986
2445449.02049 5.59878
2445450.02053 7.18253
2445451.02058 5.43391
2445452.02063 4.67165
2445453.02067 4.70200
2445454.02072 4.03486
2445455.02076 3.45421
2445456.02081 2.59320
2445457.02085 1.46405
2445458.02090 1.22104
2445459.02095 0.83190
2445460.02099 0.49874
2445461.02104 0.24338
2445462.02108 0.22385
2445463.02113 0.30873
2445464.02117 0.59259
2445465.02122 0.84702
2445466.02126 1.41517
2445467.02131 1.84752
2445468.02136 2.69349
2445469.02140 3.24526
2445470.02145 4.00240
2445471.02149 3.71650
2445472.02154 4.78102
2445473.02158 6.27581
2445474.02163 6.23528
2445475.02168 6.15987
2445476.02172 6.19835
2445477.02177 6.17184
2445478.02181 7.90864
2445479.02186 9.04639
2445480.02190 6.12385
2445481.02195 7.39017
2445482.02200 6.50012
2445483.02204 6.11102
2445484.02209 5.73926
2445485.02213 4.21462
2445486.02218 4.31581
2445487.02222 4.20834
2445488.02227 2.97351
2445489.02231 2.26724
2445490.02236 1.66738
2445491.02241 1.11130
2445492.02245 0.77161
2445493.02250 0.46309
2445494.02254 0.23209
2445495.02259 0.16654
2445496.02263 0.31030
2445497.02268 0.49548
2445498.02273 0.82237
2445499.02277 1.41256
2445500.02282 1.79656
2445501.02286 2.72161
2445502.02291 3.51460
2445503.02295 4.23262
2445504.02300 4.70622
2445505.02304 5.18989
2445506.02309 5.57164
2445507.02314 5.71137
2445508.02318 7.70740
2445509.02323 7.22487
2445510.02327 7.01853
2445511.02332 7.95640
2445512.02336 8.57731
2445513.02341 7.45788
2445514.02346 7.77217
2445515.02350 7.40934
2445516.02355 6.22026
2445517.02359 5.41859
2445518.02364 5.38579
2445519.02368 4.35934
2445520.02373 3.63067
2445521.02377 2.82819
2445522.02382 2.24941
2445523.02387 1.52590
2445524.02391 1.03561
2445525.02396 0.81832
2445526.02400 0.36913
2445527.02405 0.21039
2445528.02409 0.14622
2445529.02414 0.27101
2445530.02419 0.47206
2445531.02423 0.78219
2445532.02428 1.00935
2445533.02432 1.67401
2445534.02437 2.58402
2445535.02441 2.39227
2445536.02446 3.42188
2445537.02450 3.02612
2445538.02455 3.96057
2445539.02460 5.87756
2445540.02464 5.47673
2445541.02469 6.94629
2445542.02473 7.87111
2445543.02478 7.11841
2445544.02482 7.41239
2445545.02487 6.93816
2445731.03336 1.66465
2445732.03340 2.22762
2445733.03345 2.52714
2445734.03349 3.40809
2445735.03354 4.83134
2445736.03359 5.59044
2445737.03363 5.62695
2445738.03368 4.43784
2445739.03372 7.16040
2445740.03377 6.01809
2445741.03381 6.76328
2445742.03386 7.31971
2445743.03391 8.36834
2445744.03395 6.93973
2445745.03400 7.27619
2445746.03404 5.35199
2445747.03409 6.11043
2445748.03413 5.94130
2445749.03418 4.56827
2445750.03422 4.01845
2445751.03427 3.88219
2445752.03432 2.60702
2445753.03436 2.14673
2445754.03441 1.34847
2445755.03445 0.94750
2445756.03450 0.48292
2445757.03454 0.20121
2445758.03459 0.05692
2445759.03464 0.01238
2445760.03468 0.09629
2445761.03473 0.32837
2445762.03477 0.56563
2445763.03482 1.30657
2445764.03486 1.76673
2445765.03491 2.00117
2445766.03495 2.74464
2445767.03500 3.01816
2445768.03505 3.55318
2445769.03509 5.11773
2445770.03514 4.29505
2445771.03518 6.17486
2445772.03523 6.08031
2445773.03527 7.29604
2445774.03532 7.24572
2445775.03537 6.24060
2445776.03541 7.07466
2445777.03546 7.20647
2445778.03550 6.88845
2445779.03555 6.38811
2445780.03559 6.69671
2445781.03564 5.98290
2445782.03568 4.21763
2445783.03573 3.50630
2445784.03578 2.94751
2445785.03582 2.64986
2445786.03587 2.10182
2445787.03591 1.73479
2445788.03596 0.87161
2445789.03600 0.54404
2445790.03605 0.23651
2445791.03610 0.06649
2445792.03614 0.01420
2445793.03619 0.08805
2445794.03623 0.31099
2445795.03628 0.74743
2445796.03632 1.07101
2445797.03637 1.87909
2445798.03642 2.19359
2445799.03646 3.21774
2445800.03651 3.35520
2445801.03655 4.45917
2445802.03660 5.47914
2445803.03664 6.00659
2445804.03669 7.18197
2445805.03673 8.40419
2445806.03678 5.88816
2445807.03683 6.33755
2445808.03687 6.23016
2445809.03692 8.66611
2445810.03696 6.68456
2445811.03701 6.60915
2445812.03705 6.79789
2445813.03710 5.94660
2445814.03715 5.59337
2445815.03719 4.48051
2445816.03724 4.68132
2445817.03728 3.02662
2445818.03733 2.69039
2445819.03737 2.12619
2445820.03742 1.57871
2445821.03746 1.00671
2445822.03751 0.53757
2445823.03756 0.23472
2445824.03760 0.08598
2445825.03765 0.02030
2445826.03769 0.11354
2445827.03774 0.27560
2445828.03778 0.67487
2445829.03783 1.18782
2445830.03788 1.39921
2445831.03792 2.37280
2445832.03797 2.69550
2445833.03801 2.73989
2445834.03806 4.59844
2445835.03810 4.40231
2445836.03815 5.16933
2445837.03819 5.19836
2445838.03824 6.09565
2445839.03829 7.90274
2445840.03833 8.44456
2445841.03838 6.66959
2445842.03842 7.13301
2445843.03847 7.31000
2445844.03851 6.12562
2445845.03856 6.87576
2445846.03861 6.83048
2445847.03865 4.74509
2445848.03870 5.42615
2445849.03874 3.60757
2445850.03879 3.31234
2445851.03883 3.41727
2445852.03888 2.47588
2445853.03892 1.29217
2445854.03897 1.06807
2445855.03902 0.49494
2445856.03906 0.28225
2445857.03911 0.08503
2445858.03915 0.04050
2445859.03920 0.12284
2445860.03924 0.33606
2445861.03929 0.64500
2445862.03934 1.34275
2445863.03938 1.54897
2445864.03943 2.08628
2445865.03947 3.34566
2445866.03952 3.20524
2445867.03956 4.70087
2445868.03961 4.78002
2445869.03966 5.08329
2445870.03970 6.80972
2445871.03975 6.78045
2445872.03979 6.98969
2445873.03984 7.31950
2445874.03988 7.80617
2445875.03993 6.23176
2445876.03997 7.92182
2445877.04002 5.69059
2445878.04007 5.78022
2445879.04011 6.45467
2445880.04016 5.99082
2445881.04020 4.54325
2445882.04025 4.47585
2445883.04029 3.32396
2445884.04034 2.30410
2445885.04039 1.97578
2445886.04043 1.30803
2445887.04048 1.00723
2445888.04052 0.60949
2445889.04057 0.30252
2445890.04061 0.09507
2445891.04066 0.06130
2445892.04070 0.14672
2445893.04075 0.39382
2445894.04080 0.63838
2445895.04084 0.99543
2445896.04089 1.51314
2445897.04093 2.29429
2445898.04098 2.89841
2445899.04102 3.52828
2445900.04107 4.03736
2445901.04112 5.24690
2445902.04116 5.87325
2445903.04121 5.95910
2445904.04125 8.13452
2445905.04130 6.02802
2445906.04134 6.81872
2445907.04139 6.57777
2445908.04143 6.74651
2445909.04148 6.98582
2445910.04153 7.11423
2446096.05001 3.13123
2446097.05006 4.87670
2446098.05010 3.76368
2446099.05015 4.97731
2446100.05020 6.15417
2446101.05024 4.56498
2446102.05029 7.30609
2446103.05033 8.18655
2446104.05038 7.17839
2446105.05042 7.02968
2446106.05047 7.16553
2446107.05052 7.65615
2446108.05056 7.24840
2446109.05061 7.17471
2446110.05065 5.76028
2446111.05070 6.24808
2446112.05074 5.03463
2446113.05079 5.55586
2446114.05084 3.36738
2446115.05088 3.50020
2446116.05093 2.24878
2446117.05097 1.60060
2446118.05102 1.31733
2446119.05106 0.79680
2446120.05111 0.61924
2446121.05115 0.45497
2446122.05120 0.34169
2446123.05125 0.39832
2446124.05129 0.70044
2446125.05134 0.86376
2446126.05138 1.17883
2446127.05143 2.09438
2446128.05147 2.57184
2446129.05152 3.16291
2446130.05157 3.50204
2446131.05161 4.85033
2446132.05166 5.61238
2446133.05170 4.70006
2446134.05175 8.25384
2446135.05179 5.91275
2446136.05184 6.75360
2446137.05188 7.12793
2446138.05193 6.08113
2446139.05198 6.86477
2446140.05202 7.01181
2446141.05207 6.92875
2446142.05211 6.28164
2446143.05216 7.08297
2446144.05220 5.97455
2446145.05225 5.64013
2446146.05230 4.34466
2446147.05234 4.06620
2446148.05239 3.19384
2446149.05243 2.67590
2446150.05248 1.69867
2446151.05252 1.54954
2446152.05257 0.98719
2446153.05261 0.66544
2446154.05266 0.54513
2446155.05271 0.41108
2446156.05275 0.47983
2446157.05280 0.79344
2446158.05284 0.98448
2446159.05289 1.42761
2446160.05293 1.68380
2446161.05298 2.34696
2446162.05303 3.56462
2446163.05307 4.01733
2446164.05312 4.10745
2446165.05316 4.96526
2446166.05321 5.34782
2446167.05325 6.69041
2446168.05330 7.25112
2446169.05334 6.85319
2446170.05339 6.74733
2446171.05344 6.38630
2446172.05348 8.77536
2446173.05353 7.32233
2446174.05357 7.67467
2446175.05362 6.16407
2446176.05366 6.18423
2446177.05371 5.17975
2446178.05376 5.56597
2446179.05380 4.91655
2446180.05385 4.19251
2446181.05389 2.94551
2446182.05394 2.58454
2446183.05398 1.72907
2446184.05403 1.47472
2446185.05408 1.11997
2446186.05412 0.70439
2446187.05417 0.53996
2446188.05421 0.44501
2446189.05426 0.51911
2446190.05430 0.70558
2446191.05435 1.01301
2446192.05439 1.66954
2446193.05444 1.90193
2446194.05449 2.64324
2446195.05453 3.57095
2446196.05458 4.10708
2446197.05462 5.87879
2446198.05467 5.70313
2446199.05471 5.77462
2446200.05476 5.58972
2446201.05481 7.82454
2446202.05485 7.02747
2446203.05490 7.00943
2446204.05494 7.01668
2446205.05499 6.86266
2446206.05503 7.42239
2446207.05508 6.95700
2446208.05512 7.09951
2446209.05517 7.92551
2446210.05522 5.96670
2446211.05526 6.23057
2446212.05531 4.48864
2446213.05535 3.86436
2446214.05540 2.51915
2446215.05544 2.95443
2446216.05549 1.86781
2446217.05554 1.65113
2446218.05558 0.83932
2446219.05563 0.75225
2446220.05567 0.63037
2446221.05572 0.55362
2446222.05576 0.58533
2446223.05581 0.85698
2446224.05585 1.24899
2446225.05590 1.36205
2446226.05595 2.22255
2446227.05599 3.00966
2446228.05604 3.69946
2446229.05608 4.06110
2446230.05613 4.59503
2446231.05617 5.75087
2446232.05622 5.92805
2446233.05627 7.41003
2446234.05631 8.69957
2446235.05636 6.55580
2446236.05640 7.94588
2446237.05645 7.73926
2446238.05649 6.23777
2446239.05654 7.97568
2446240.05658 7.31184
2446241.05663 7.62523
2446242.05668 7.15637
2446243.05672 6.11077
2446244.05677 5.88652
2446245.05681 4.12863
2446246.05686 4.00823
2446247.05690 3.75139
2446248.05695 2.94234
2446249.05700 2.08883
2446250.05704 1.68203
2446251.05709 1.09863
2446252.05713 1.02490
2446253.05718 0.76813
2446254.05722 0.65276
2446255.05727 0.74527
2446256.05731 0.96185
2446257.05736 1.31667
2446258.05741 1.62452
2446259.05745 2.34378
2446260.05750 3.34534
2446261.05754 3.74940
2446262.05759 3.99111
2446263.05763 4.65205
2446264.05768 5.60966
2446265.05773 7.03354
2446266.05777 6.96764
2446267.05782 5.86092
2446268.05786 6.75182
2446269.05791 6.98329
2446270.05795 8.39262
2446271.05800 6.89527
2446272.05805 8.58848
2446273.05809 8.76851
2446274.05814 7.74615
2446275.05818 5.29199
2446461.06667 4.89388
2446462.06672 5.85522
2446463.06676 6.27949
2446464.06681 6.53429
2446465.06685 7.05583
2446466.06690 8.11604
2446467.06694 7.86855
2446468.06699 8.16619
2446469.06703 9.03763
2446470.06708 6.41970
2446471.06713 6.75746
2446472.06717 7.31566
2446473.06722 6.92536
2446474.06726 6.25916
2446475.06731 6.05829
2446476.06735 5.18710
2446477.06740 5.42387
2446478.06745 3.62054
2446479.06749 3.42718
2446480.06754 2.73166
2446481.06758 2.27854
2446482.06763 1.81189
2446483.06767 1.70063
2446484.06772 1.42493
2446485.06776 1.16410
2446486.06781 1.54888
2446487.06786 1.65491
2446488.06790 1.82478
2446489.06795 2.49598
2446490.06799 2.65722
2446491.06804 3.49520
2446492.06808 3.62421
2446493.06813 5.12788
2446494.06818 5.64783
2446495.06822 6.11052
2446496.06827 7.09480
2446497.06831 6.16904
2446498.06836 8.40463
2446499.06840 7.51956
2446500.06845 9.83080
2446501.06850 8.49474
2446502.06854 7.44317
2446503.06859 10.30698
2446504.06863 8.72167
2446505.06868 6.99006
2446506.06872 7.52220
2446507.06877 7.46524
2446508.06881 4.25505
2446509.06886 5.59312
2446510.06891 4.82467
2446511.06895 4.16679
2446512.06900 2.94774
2446513.06904 2.84003
2446514.06909 2.04010
2446515.06913 2.05572
2446516.06918 1.57820
2446517.06923 1.51117
2446518.06927 1.42158
2446519.06932 1.51943
2446520.06936 1.60186
2446521.06941 1.99874
2446522.06945 2.46556
2446523.06950 3.34349
2446524.06954 3.63496
2446525.06959 4.48304
2446526.06964 5.21951
2446527.06968 5.53634
2446528.06973 6.60204
2446529.06977 7.15715
2446530.06982 6.14199
2446531.06986 8.36096
2446532.06991 9.11312
2446533.06996 8.87259
2446534.07000 7.76274
2446535.07005 7.91713
2446536.07009 7.84428
2446537.07014 8.53710
2446538.07018 8.55437
2446539.07023 5.91478
2446540.07027 6.59911
2446541.07032 6.26054
2446542.07037 5.72493
2446543.07041 4.51091
2446544.07046 4.24368
2446545.07050 3.66049
2446546.07055 2.99825
2446547.07059 2.59039
2446548.07064 2.06441
2446549.07069 1.83234
2446550.07073 1.47759
2446551.07078 1.52629
2446552.07082 1.52081
2446553.07087 1.80895
2446554.07091 2.10714
2446555.07096 2.39528
2446556.07100 2.94029
2446557.07105 3.54405
2446558.07110 4.15870
2446559.07114 3.98769
2446560.07119 6.37286
2446561.07123 6.14679
2446562.07128 7.33155
2446563.07132 6.20988
2446564.07137 8.11221
2446565.07142 8.18596
2446566.07146 7.22927
2446567.07151 10.10104
2446568.07155 9.93079
2446569.07160 8.97687
2446570.07164 9.07934
2446571.07169 8.36031
2446572.07173 7.25188
2446573.07178 5.77064
2446574.07183 5.70642
2446575.07187 5.41120
2446576.07192 6.09155
2446577.07196 3.97917
2446578.07201 3.61125
2446579.07205 3.16851
2446580.07210 2.76107
2446581.07215 2.16835
2446582.07219 1.82468
2446583.07224 2.13850
2446584.07228 1.56678
2446585.07233 2.12785
2446586.07237 1.83142
2446587.07242 2.24024
2446588.07247 2.85591
2446589.07251 3.04554
2446590.07256 3.25222
2446591.07260 4.52048
2446592.07265 4.43657
2446593.07269 4.39991
2446594.07274 6.70733
2446595.07278 6.28112
2446596.07283 8.28771
2446597.07288 8.28849
2446598.07292 9.07413
2446599.07297 9.88565
2446600.07301 9.49485
2446601.07306 9.81340
2446602.07310 8.17956
2446603.07315 9.44081
2446604.07320 8.57395
2446605.07324 8.04320
2446606.07329 7.85235
2446607.07333 7.20454
2446608.07338 6.03072
2446609.07342 4.21519
2446610.07347 5.11850
2446611.07351 3.66566
2446612.07356 3.38021
2446613.07361 2.94230
2446614.07365 1.84398
2446615.07370 1.95579
2446616.07374 1.86457
2446617.07379 2.30010
2446618.07383 1.99994
2446619.07388 1.84164
2446620.07393 2.61909
2446621.07397 3.16787
2446622.07402 3.19867
2446623.07406 3.89370
2446624.07411 4.75126
2446625.07415 5.46731
2446626.07420 5.86111
2446627.07424 5.84158
2446628.07429 5.98472
2446629.07434 6.98969
2446630.07438 7.75795
2446631.07443 8.46337
2446632.07447 9.47056
2446633.07452 8.20271
2446634.07456 8.17968
2446635.07461 9.29524
2446636.07466 7.93783
2446637.07470 7.70769
2446638.07475 7.68660
2446639.07479 7.07578
2446640.07484 5.86981
2446827.08337 9.03330
2446828.08342 9.91467
2446829.08346 8.88054
2446830.08351 11.65366
2446831.08355 8.99174
2446832.08360 9.72163
2446833.08365 8.34703
2446834.08369 8.90535
2446835.08374 10.64780
2446836.08378 8.83584
2446837.08383 8.03476
2446838.08387 6.76860
2446839.08392 5.78977
2446840.08396 6.80729
2446841.08401 5.60312
2446842.08406 4.35840
2446843.08410 3.78553
2446844.08415 3.84618
2446845.08419 3.54983
2446846.08424 2.48839
2446847.08428 2.70066
2446848.08433 2.70777
2446849.08438 2.73403
2446850.08442 2.85367
2446851.08447 2.73290
2446852.08451 3.63995
2446853.08456 4.44949
2446854.08460 4.04505
2446855.08465 5.44271
2446856.08469 6.28302
2446857.08474 5.96289
2446858.08479 6.91923
2446859.08483 7.30997
2446860.08488 8.59381
2446861.08492 8.04194
2446862.08497 7.82200
2446863.08501 10.10245
2446864.08506 10.85694
2446865.08511 9.53393
2446866.08515 7.81457
2446867.08520 8.36575
2446868.08524 8.65688
2446869.08529 8.82341
2446870.08533 7.48736
2446871.08538 7.68309
2446872.08542 6.25792
2446873.08547 6.90595
2446874.08552 4.67361
2446875.08556 4.76511
2446876.08561 4.03657
2446877.08565 3.83884
2446878.08570 2.89885
2446879.08574 3.07479
2446880.08579 2.68584
2446881.08584 2.82800
2446882.08588 2.66789
2446883.08593 3.35459
2446884.08597 3.31555
2446885.08602 3.60692
2446886.08606 4.11632
2446887.08611 4.69821
2446888.08615 5.81613
2446889.08620 6.18028
2446890.08625 6.63743
2446891.08629 8.04136
2446892.08634 9.81427
2446893.08638 8.09348
2446894.08643 9.37400
2446895.08647 8.76885
2446896.08652 10.30488
2446897.08657 11.23339
2446898.08661 8.57898
2446899.08666 10.16851
2446900.08670 8.00002
2446901.08675 8.70889
2446902.08679 8.71155
2446903.08684 8.75310
2446904.08689 6.81999
2446905.08693 6.13447
2446906.08698 5.84629
2446907.08702 5.74672
2446908.08707 4.26849
2446909.08711 5.48618
2446910.08716 3.63173
2446911.08720 3.17709
2446912.08725 2.74789
2446913.08730 3.12374
2446914.08734 2.74533
2446915.08739 3.12638
2446916.08743 3.25388
2446917.08748 4.10518
2446918.08752 3.40552
2446919.08757 4.34757
2446920.08762 4.83346
2446921.08766 4.44451
2446922.08771 6.55151
2446923.08775 6.74162
2446924.08780 8.17133
2446925.08784 8.37289
2446926.08789 8.73551
2446927.08793 10.50208
2446928.08798 8.94485
2446929.08803 10.72936
2446930.08807 10.41224
2446931.08812 11.71198
2446932.08816 9.72817
2446933.08821 11.91711
2446934.08825 8.94847
2446935.08830 9.30269
2446936.08835 7.86516
2446937.08839 8.41990
2446938.08844 6.73844
2446939.08848 8.16641
2446940.08853 5.89265
2446941.08857 5.09785
2446942.08862 4.13174
2446943.08866 3.22788
2446944.08871 3.73603
2446945.08876 2.94600
2446946.08880 3.32974
2446947.08885 2.21891
2446948.08889 2.75723
2446949.08894 3.29922
2446950.08898 4.07865
2446951.08903 3.95980
2446952.08908 4.57607
2446953.08912 4.51082
2446954.08917 5.71520
2446955.08921 6.12686
2446956.08926 8.23461
2446957.08930 6.15400
2446958.08935 8.97256
2446959.08939 8.28634
2446960.08944 9.21338
2446961.08949 9.58365
2446962.08953 9.53704
2446963.08958 9.07848
2446964.08962 8.61891
2446965.08967 12.60059
2446966.08971 9.70630
2446967.08976 8.52089
2446968.08981 9.69195
2446969.08985 9.24663
2446970.08990 7.92510
2446971.08994 6.51042
2446972.08999 7.19918
2446973.09003 5.42168
2446974.09008 4.79246
2446975.09013 4.17868
2446976.09017 3.71322
2446977.09022 4.02143
2446978.09026 3.24777
2446979.09031 4.02134
2446980.09035 3.24425
2446981.09040 3.26408
2446982.09044 3.48728
2446983.09049 3.49081
2446984.09054 4.46714
2446985.09058 4.23062
2446986.09063 4.95796
2446987.09067 6.36094
2446988.09072 7.40814
2446989.09076 8.69580
2446990.09081 7.51636
2446991.09086 8.95295
2446992.09090 7.40821
2446993.09095 11.03174
2446994.09099 9.74457
2446995.09104 10.89558
2446996.09108 10.98189
2446997.09113 10.82524
2446998.09117 9.57712
2446999.09122 9.25167
2447000.09127 10.51696
2447001.09131 8.71127
2447002.09136 8.03824
2447003.09140 7.94915
2447004.09145 7.28602
2447005.09149 6.43101
2447006.09154 5.96017
2447192.10003 10.91831
2447193.10007 9.79690
2447194.10012 9.75726
2447195.10016 11.69310
2447196.10021 11.40391
2447197.10026 10.36005
2447198.10030 9.79828
2447199.10035 10.72136
2447200.10039 8.28898
2447201.10044 7.79562
2447202.10048 7.52181
2447203.10053 5.64843
2447204.10057 8.16542
2447205.10062 5.37044
2447206.10067 6.15838
2447207.10071 5.21753
2447208.10076 4.82221
2447209.10080 5.04563
2447210.10085 4.31193
2447211.10089 4.02513
2447212.10094 4.70716
2447213.10099 3.35618
2447214.10103 5.15557
2447215.10108 5.02583
2447216.10112 5.43355
2447217.10117 5.90823
2447218.10121 6.92812
2447219.10126 6.99256
2447220.10131 7.26129
2447221.10135 8.76138
2447222.10140 9.97733
2447223.10144 9.75687
2447224.10149 10.85992
2447225.10153 11.51504
2447226.10158 11.74150
2447227.10162 11.79626
2447228.10167 11.87342
2447229.10172 11.39436
2447230.10176 8.53270
2447231.10181 9.74216
2447232.10185 9.77647
2447233.10190 10.29720
2447234.10194 8.48280
2447235.10199 9.07696
2447236.10204 8.68917
2447237.10208 8.45923
2447238.10213 6.69602
2447239.10217 5.33026
2447240.10222 5.39701
2447241.10226 5.16372
2447242.10231 3.78044
2447243.10235 4.75195
2447244.10240 3.95574
2447245.10245 4.30215
2447246.10249 3.94100
2447247.10254 5.18900
2447248.10258 4.14837
2447249.10263 5.55934
2447250.10267 5.86223
2447251.10272 7.33765
2447252.10277 7.15239
2447253.10281 9.16045
2447254.10286 8.55165
2447255.10290 10.00267
2447256.10295 10.68972
2447257.10299 10.87633
2447258.10304 11.43977
2447259.10308 9.35601
2447260.10313 10.62403
2447261.10318 10.73034
2447262.10322 11.92838
2447263.10327 12.24696
2447264.10331 10.90811
2447265.10336 9.85681
2447266.10340 9.65501
2447267.10345 9.30608
2447268.10350 8.31579
2447269.10354 7.20758
2447270.10359 6.23839
2447271.10363 5.76973
2447272.10368 5.15985
2447273.10372 5.40357
2447274.10377 4.57619
2447275.10381 4.85469
2447276.10386 3.39308
2447277.10391 3.93757
2447278.10395 4.25604
2447279.10400 4.58445
2447280.10404 4.83979
2447281.10409 5.71540
2447282.10413 6.55323
2447283.10418 6.56924
2447284.10423 6.99936
2447285.10427 7.98621
2447286.10432 8.17104
2447287.10436 9.98463
2447288.10441 9.49709
2447289.10445 9.90589
2447290.10450 11.10433
2447291.10455 10.23019
2447292.10459 12.95916
2447293.10464 9.66700
2447294.10468 10.22494
2447295.10473 12.53765
2447296.10477 12.87518
2447297.10482 12.85968
2447298.10486 9.72723
2447299.10491 9.66554
2447300.10496 9.44214
2447301.10500 8.88621
2447302.10505 8.67744
2447303.10509 7.49606
2447304.10514 8.22990
2447305.10518 6.61649
2447306.10523 6.09145
2447307.10528 4.56947
2447308.10532 5.11199
2447309.10537 4.99787
2447310.10541 4.81913
2447311.10546 3.70144
2447312.10550 4.27816
2447313.10555 4.55588
2447314.10559 5.24092
2447315.10564 5.65853
2447316.10569 8.39077
2447317.10573 6.70034
2447318.10578 7.75202
2447319.10582 8.92216
2447320.10587 9.15775
2447321.10591 11.55027
2447322.10596 10.77715
2447323.10601 10.46303
2447324.10605 10.79763
2447325.10610 12.48868
2447326.10614 13.07208
2447327.10619 12.26059
2447328.10623 10.88616
2447329.10628 10.59989
2447330.10632 11.56408
2447331.10637 12.13825
2447332.10642 10.68729
2447333.10646 9.00437
2447334.10651 8.52472
2447335.10655 6.40350
2447336.10660 8.16212
2447337.10664 5.91449
2447338.10669 6.78108
2447339.10674 5.63883
2447340.10678 6.21063
2447341.10683 5.33373
2447342.10687 4.78620
2447343.10692 4.54719
2447344.10696 4.30234
2447345.10701 4.79453
2447346.10705 4.99490
2447347.10710 4.65660
2447348.10715 6.71710
2447349.10719 6.35309
2447350.10724 6.95069
2447351.10728 6.42850
2447352.10733 8.15422
2447353.10737 9.84483
2447354.10742 9.04753
2447355.10747 9.32937
2447356.10751 10.55748
2447357.10756 11.34660
2447358.10760 12.64285
2447359.10765 13.09592
2447360.10769 11.56562
2447361.10774 10.03664
2447362.10778 10.66962
2447363.10783 12.07122
2447364.10788 9.33960
2447365.10792 10.63488
2447366.10797 11.58068
2447367.10801 9.56724
2447368.10806 8.36397
2447369.10810 8.40521
2447370.10815 7.05605
2447371.10820 5.94481
2447557.11668 12.41412
2447558.11673 10.88063
2447559.11677 10.52966
2447560.11682 11.70151
2447561.11687 10.71008
2447562.11691 10.28555
2447563.11696 9.43745
2447564.11700 9.68331
2447565.11705 8.64934
2447566.11709 8.67759
2447567.11714 7.45742
2447568.11719 6.83859
2447569.11723 6.62756
2447570.11728 5.21747
2447571.11732 5.30425
2447572.11737 6.17089
2447573.11741 5.64222
2447574.11746 5.20319
2447575.11750 4.44636
2447576.11755 4.83884
2447577.11760 5.54488
2447578.11764 6.32104
2447579.11769 6.16357
2447580.11773 7.54288
2447581.11778 7.64114
2447582.11782 9.15694
2447583.11787 9.47959
2447584.11792 10.61317
2447585.11796 10.38262
2447586.11801 10.35829
2447587.11805 12.38353
2447588.11810 11.98363
2447589.11814 12.29968
2447590.11819 12.80373
2447591.11823 13.67584
2447592.11828 12.66764
2447593.11833 13.19269
2447594.11837 8.91684
2447595.11842 11.72828
2447596.11846 12.14142
2447597.11851 11.10106
2447598.11855 8.46931
2447599.11860 8.16135
2447600.11865 9.47761
2447601.11869 9.23102
2447602.11874 7.18671
2447603.11878 8.57119
2447604.11883 5.78295
2447605.11887 6.27675
2447606.11892 4.88990
2447607.11897 5.53884
2447608.11901 4.67039
2447609.11906 5.83702
2447610.11910 5.42144
2447611.11915 5.58429
2447612.11919 7.65156
2447613.11924 7.63915
2447614.11928 7.22932
2447615.11933 7.94353
2447616.11938 7.77935
2447617.11942 9.20584
2447618.11947 9.73759
2447619.11951 11.44401
2447620.11956 11.71929
2447621.11960 10.74240
2447622.11965 10.93725
2447623.11970 14.52014
2447624.11974 13.40763
2447625.11979 13.36613
2447626.11983 11.96711
2447627.11988 10.30175
2447628.11992 11.66482
2447629.11997 10.05251
2447630.12001 12.86984
2447631.12006 8.75476
2447632.12011 10.06050
2447633.12015 7.93253
2447634.12020 7.51553
2447635.12024 7.92928
2447636.12029 5.70696
2447637.12033 6.73139
2447638.12038 5.39558
2447639.12043 5.81211
2447640.12047 5.87459
2447641.12052 5.82637
2447642.12056 4.87396
2447643.12061 5.56836
2447644.12065 6.34079
2447645.12070 6.05816
2447646.12074 7.57552
2447647.12079 8.74562
2447648.12084 8.14456
2447649.12088 10.08718
2447650.12093 9.90025
2447651.12097 10.79528
2447652.12102 11.82803
2447653.12106 12.92970
2447654.12111 10.76389
2447655.12116 13.35195
2447656.12120 13.47588
2447657.12125 12.60160
2447658.12129 11.02437
2447659.12134 12.71727
2447660.12138 12.26068
2447661.12143 11.08989
2447662.12147 11.61782
2447663.12152 9.51279
2447664.12157 10.16700
2447665.12161 8.94571
2447666.12166 8.88726
2447667.12170 6.59937
2447668.12175 5.07238
2447669.12179 5.64968
2447670.12184 6.10101
2447671.12189 6.88234
2447672.12193 5.72120
2447673.12198 6.23479
2447674.12202 5.90090
2447675.12207 4.48711
2447676.12211 5.97699
2447677.12216 5.90779
2447678.12220 6.18243
2447679.12225 7.39592
2447680.12230 8.28545
2447681.12234 7.13201
2447682.12239 8.51436
2447683.12243 9.37293
2447684.12248 10.43081
2447685.12252 11.95971
2447686.12257 10.79039
2447687.12262 12.57743
2447688.12266 14.78090
2447689.12271 12.47070
2447690.12275 12.90764
2447691.12280 12.06895
2447692.12284 11.24199
2447693.12289 11.18454
2447694.12294 12.24149
2447695.12298 9.65464
2447696.12303 9.57096
2447697.12307 9.03535
2447698.12312 9.38048
2447699.12316 8.03935
2447700.12321 7.39003
2447701.12325 6.84581
2447702.12330 6.69595
2447703.12335 6.92356
2447704.12339 6.61169
2447705.12344 4.93022
2447706.12348 5.55962
2447707.12353 5.98031
2447708.12357 6.75783
2447709.12362 5.31008
2447710.12367 6.48965
2447711.12371 7.51226
2447712.12376 6.99105
2447713.12380 7.62145
2447714.12385 8.30413
2447715.12389 9.70791
2447716.12394 9.73691
2447717.12398 11.13609
2447718.12403 10.52015
2447719.12408 13.08566
2447720.12412 12.64489
2447721.12417 10.14009
2447722.12421 13.27001
2447723.12426 10.63312
2447724.12430 11.72098
2447725.12435 12.11266
2447726.12440 11.27595
2447727.12444 12.23795
2447728.12449 13.11742
2447729.12453 8.19605
2447730.12458 9.12645
2447731.12462 9.19299
2447732.12467 8.23834
2447733.12471 6.25248
2447734.12476 8.02845
2447735.12481 6.72052
2447736.12485 6.66469
2447922.13334 13.39895
2447923.13339 12.10970
2447924.13343 10.58235
2447925.13348 11.81425
2447926.13352 9.68425
2447927.13357 11.73871
2447928.13361 11.14845
2447929.13366 9.69848
2447930.13370 8.50236
2447931.13375 8.86722
2447932.13380 8.36467
2447933.13384 7.33073
2447934.13389 7.33251
2447935.13393 6.98093
2447936.13398 6.84249
2447937.13402 6.60285
2447938.13407 4.33042
2447939.13412 6.31491
2447940.13416 6.38855
2447941.13421 7.22643
2447942.13425 6.08127
2447943.13430 6.81108
2447944.13434 9.85644
2447945.13439 9.56440
2447946.13443 9.95366
2447947.13448 9.73467
2447948.13453 9.80106
2447949.13457 10.64687
2447950.13462 11.10122
2447951.13466 13.18543
2447952.13471 13.01344
2447953.13475 11.63735
2447954.13480 13.98934
2447955.13485 9.13530
2447956.13489 8.98460
2447957.13494 13.10336
2447958.13498 13.75551
2447959.13503 8.10423
2447960.13507 10.11095
2447961.13512 11.79234
2447962.13516 7.84600
2447963.13521 9.50483
2447964.13526 7.78035
2447965.13530 8.19258
2447966.13535 7.78862
2447967.13539 6.75298
2447968.13544 5.64504
2447969.13548 5.37252
2447970.13553 5.57178
2447971.13558 4.90487
2447972.13562 6.49834
2447973.13567 5.11067
2447974.13571 7.70109
2447975.13576 6.60412
2447976.13580 7.53740
2447977.13585 7.85229
2447978.13589 10.52097
2447979.13594 10.16991
2447980.13599 11.39640
2447981.13603 10.34655
2447982.13608 12.30252
2447983.13612 12.87980
2447984.13617 12.42665
2447985.13621 12.91953
2447986.13626 13.17303
2447987.13631 13.14829
2447988.13635 13.75187
2447989.13640 11.43720
2447990.13644 8.56928
2447991.13649 10.93440
2447992.13653 10.49667
2447993.13658 10.91771
2447994.13662 10.11206
2447995.13667 8.81157
2447996.13672 7.06024
2447997.13676 7.56974
2447998.13681 7.74068
2447999.13685 7.82260
2448000.13690 6.06457
2448001.13694 6.13812
2448002.13699 5.80598
2448003.13704 5.24407
2448004.13708 6.39826
2448005.13713 6.29139
2448006.13717 7.97835
2448007.13722 5.92737
2448008.13726 7.07774
2448009.13731 7.79871
2448010.13736 7.67684
2448011.13740 10.05242
2448012.13745 9.30004
2448013.13749 9.59979
2448014.13754 11.89593
2448015.13758 10.33951
2448016.13763 12.28194
2448017.13767 11.27267
2448018.13772 12.19460
2448019.13777 12.77594
2448020.13781 13.59747
2448021.13786 12.75574
2448022.13790 11.82614
2448023.13795 12.66929
2448024.13799 10.70576
2448025.13804 12.46189
2448026.13809 13.71668
2448027.13813 10.11232
2448028.13818 9.87817
2448029.13822 7.66733
2448030.13827 8.03416
2448031.13831 8.01127
2448032.13836 7.26873
2448033.13840 6.08616
2448034.13845 5.89832
2448035.13850 5.82501
2448036.13854 5.73073
2448037.13859 5.45520
2448038.13863 6.78231
2448039.13868 6.92459
2448040.13872 5.88400
2448041.13877 8.68087
2448042.13882 8.39547
2448043.13886 7.90807
2448044.13891 8.81353
2448045.13895 9.52962
2448046.13900 9.12041
2448047.13904 9.02769
2448048.13909 10.79071
2448049.13913 13.09323
2448050.13918 10.34358
2448051.13923 12.44405
2448052.13927 12.33703
2448053.13932 12.17798
2448054.13936 12.29394
2448055.13941 13.41565
2448056.13945 11.12671
2448057.13950 11.28532
2448058.13955 11.78855
2448059.13959 9.74389
2448060.13964 10.78782
2448061.13968 10.58652
2448062.13973 8.24119
2448063.13977 9.03333
2448064.13982 6.93360
2448065.13986 5.89765
2448066.13991 7.65395
2448067.13996 6.25017
2448068.14000 6.13179
2448069.14005 5.55551
2448070.14009 5.36998
2448071.14014 6.07749
2448072.14018 7.70604
2448073.14023 6.46800
2448074.14028 7.97545
2448075.14032 9.39517
2448076.14037 8.25250
2448077.14041 9.09120
2448078.14046 9.38361
2448079.14050 9.74492
2448080.14055 10.35071
2448081.14060 8.74622
2448082.14064 11.42718
2448083.14069 11.43141
2448084.14073 12.73488
2448085.14078 15.94873
2448086.14082 13.42278
2448087.14087 13.10619
2448088.14091 12.00887
2448089.14096 12.96543
2448090.14101 11.80940
2448091.14105 10.33147
2448092.14110 11.16454
2448093.14114 9.09829
2448094.14119 9.06827
2448095.14123 8.58952
2448096.14128 7.89323
2448097.14133 8.74172
2448098.14137 7.69391
2448099.14142 5.80360
2448100.14146 5.64595
2448101.14151 6.16175
2448288.15004 13.38645
2448289.15009 10.81057
2448290.15013 9.19792
2448291.15018 10.23064
2448292.15022 9.03401
2448293.15027 10.43414
2448294.15031 7.38416
2448295.15036 6.70841
2448296.15041 6.62489
2448297.15045 5.85592
2448298.15050 6.38993
2448299.15054 5.78602
2448300.15059 6.42125
2448301.15063 7.35813
2448302.15068 5.82473
2448303.15073 5.41961
2448304.15077 6.31366
2448305.15082 6.56014
2448306.15086 8.16363
2448307.15091 8.70931
2448308.15095 9.39289
2448309.15100 9.44129
2448310.15104 9.85792
2448311.15109 11.81686
2448312.15114 12.60680
2448313.15118 14.00577
2448314.15123 13.53705
2448315.15127 12.77122
2448316.15132 11.54144
2448317.15136 13.97478
2448318.15141 12.63718
2448319.15146 12.76785
2448320.15150 12.11722
2448321.15155 9.19004
2448322.15159 12.15753
2448323.15164 9.86788
2448324.15168 10.27814
2448325.15173 9.71148
2448326.15178 8.30428
2448327.15182 8.74829
2448328.15187 8.91097
2448329.15191 6.75165
2448330.15196 6.23441
2448331.15200 6.11792
2448332.15205 6.23607
2448333.15209 5.43064
2448334.15214 5.52044
2448335.15219 5.92918
2448336.15223 5.78988
2448337.15228 6.17778
2448338.15232 7.42910
2448339.15237 7.04890
2448340.15241 8.43184
2448341.15246 7.96413
2448342.15251 9.63453
2448343.15255 9.33283
2448344.15260 10.65067
2448345.15264 12.87095
2448346.15269 10.87847
2448347.15273 11.06249
2448348.15278 12.77794
2448349.15282 12.21906
2448350.15287 16.33782
2448351.15292 10.63484
2448352.15296 12.37242
2448353.15301 15.16513
2448354.15305 11.97878
2448355.15310 11.44615
2448356.15314 8.91857
2448357.15319 9.56722
2448358.15324 9.34175
2448359.15328 6.80631
2448360.15333 8.72091
2448361.15337 6.63026
2448362.15342 7.72576
2448363.15346 5.20816
2448364.15351 6.46381
2448365.15355 6.41648
2448366.15360 5.12375
2448367.15365 6.25868
2448368.15369 5.81381
2448369.15374 5.49480
2448370.15378 5.85174
2448371.15383 6.92891
2448372.15387 7.66729
2448373.15392 8.71348
2448374.15397 8.68779
2448375.15401 10.09764
2448376.15406 10.30989
2448377.15410 10.72479
2448378.15415 9.80335
2448379.15419 10.57357
2448380.15424 12.24863
2448381.15428 13.13881
2448382.15433 14.12129
2448383.15438 13.34357
2448384.15442 13.44718
2448385.15447 13.53648
2448386.15451 11.76450
2448387.15456 12.70922
2448388.15460 11.86442
2448389.15465 11.31157
2448390.15470 10.10851
2448391.15474 9.70260
2448392.15479 8.74341
2448393.15483 6.73345
2448394.15488 8.42014
2448395.15492 7.52778
2448396.15497 6.53179
2448397.15502 6.52768
2448398.15506 5.52917
2448399.15511 5.32899
2448400.15515 5.51591
2448401.15520 5.78708
2448402.15524 6.16696
2448403.15529 5.64480
2448404.15533 5.61181
2448405.15538 6.56208
2448406.15543 7.45636
2448407.15547 9.85042
2448408.15552 7.60163
2448409.15556 10.72441
2448410.15561 9.54795
2448411.15565 10.76968
2448412.15570 11.92111
2448413.15575 12.14581
2448414.15579 13.17640
2448415.15584 9.03877
2448416.15588 15.11284
2448417.15593 13.61471
2448418.15597 11.43463
2448419.15602 12.82607
2448420.15606 13.02621
2448421.15611 14.59051
2448422.15616 11.38667
2448423.15620 9.66549
2448424.15625 8.97414
2448425.15629 7.54601
2448426.15634 8.81683
2448427.15638 7.68202
2448428.15643 7.19898
2448429.15648 6.57267
2448430.15652 4.48646
2448431.15657 5.22248
2448432.15661 4.08455
2448433.15666 5.94244
2448434.15670 5.42664
2448435.15675 6.03762
2448436.15679 6.31143
2448437.15684 8.21364
2448438.15689 7.04897
2448439.15693 7.70219
2448440.15698 7.84119
2448441.15702 8.37620
2448442.15707 9.61574
2448443.15711 10.07917
2448444.15716 11.45412
2448445.15721 9.71247
2448446.15725 10.57598
2448447.15730 12.63933
2448448.15734 10.85835
2448449.15739 12.35950
2448450.15743 12.70117
2448451.15748 11.95512
2448452.15752 11.54279
2448453.15757 11.65369
2448454.15762 10.00046
2448455.15766 12.35064
2448456.15771 9.06756
2448457.15775 10.00464
2448458.15780 9.09937
2448459.15784 6.22922
2448460.15789 6.38659
2448461.15794 6.97433
2448462.15798 7.66399
2448463.15803 6.41769
2448464.15807 6.48405
2448465.15812 5.47909
2448466.15816 6.53957
2448467.15821 6.47079
2448653.16670 6.74881
2448654.16674 8.94353
2448655.16679 8.15388
2448656.16683 7.19982
2448657.16688 7.60657
2448658.16693 7.93638
2448659.16697 6.22489
2448660.16702 5.47971
2448661.16706 5.70478
2448662.16711 5.53286
2448663.16715 5.38465
2448664.16720 4.54280
2448665.16724 6.03525
2448666.16729 4.71396
2448667.16734 5.30359
2448668.16738 6.91426
2448669.16743 7.84387
2448670.16747 7.17701
2448671.16752 7.66663
2448672.16756 8.26691
2448673.16761 8.39038
2448674.16766 9.46562
2448675.16770 9.62779
2448676.16775 10.06223
2448677.16779 11.09469
2448678.16784 11.87806
2448679.16788 12.82002
2448680.16793 11.89830
2448681.16797 11.87739
2448682.16802 11.37706
2448683.16807 10.36121
2448684.16811 10.83592
2448685.16816 11.01089
2448686.16820 10.37205
2448687.16825 8.65462
2448688.16829 8.53415
2448689.16834 8.62503
2448690.16839 7.60091
2448691.16843 6.29440
2448692.16848 5.44318
2448693.16852 4.35625
2448694.16857 6.19562
2448695.16861 6.44444
2448696.16866 5.50713
2448697.16870 4.69623
2448698.16875 5.10292
2448699.16880 5.16877
2448700.16884 5.68828
2448701.16889 6.52894
2448702.16893 7.17436
2448703.16898 6.74186
2448704.16902 8.34397
2448705.16907 6.38905
2448706.16912 10.72047
2448707.16916 8.60063
2448708.16921 10.58412
2448709.16925 11.55431
2448710.16930 11.63315
2448711.16934 12.27157
2448712.16939 13.38523
2448713.16944 11.15780
2448714.16948 12.07758
2448715.16953 10.87559
2448716.16957 12.58869
2448717.16962 10.72800
2448718.16966 10.25836
2448719.16971 9.60273
2448720.16975 9.51533
2448721.16980 8.47939
2448722.16985 7.83433
2448723.16989 6.99632
2448724.16994 6.51690
2448725.16998 6.22871
2448726.17003 6.30825
2448727.17007 5.57572
2448728.17012 4.90577
2448729.17017 4.83967
2448730.17021 5.85117
2448731.17026 4.38563
2448732.17030 4.69562
2448733.17035 5.34650
2448734.17039 6.63402
2448735.17044 6.16542
2448736.17048 6.68105
2448737.17053 8.74980
2448738.17058 7.37177
2448739.17062 9.90823
2448740.17067 11.09125
2448741.17071 11.18416
2448742.17076 11.13745
2448743.17080 12.09452
2448744.17085 14.61023
2448745.17090 11.78756
2448746.17094 11.83941
2448747.17099 14.21361
2448748.17103 10.86232
2448749.17108 10.93066
2448750.17112 12.78055
2448751.17117 11.28886
2448752.17121 8.51797
2448753.17126 9.22352
2448754.17131 9.09031
2448755.17135 7.76534
2448756.17140 7.11087
2448757.17144 5.74247
2448758.17149 6.48031
2448759.17153 6.82700
2448760.17158 5.51560
2448761.17163 5.55552
2448762.17167 4.52013
2448763.17172 4.43388
2448764.17176 4.69053
2448765.17181 5.49908
2448766.17185 5.76218
2448767.17190 5.15094
2448768.17194 6.44270
2448769.17199 7.29879
2448770.17204 8.16415
2448771.17208 8.59533
2448772.17213 9.98065
2448773.17217 8.44001
2448774.17222 12.22198
2448775.17226 8.62721
2448776.17231 12.40830
2448777.17236 13.02800
2448778.17240 10.51165
2448779.17245 13.94242
2448780.17249 11.45841
2448781.17254 11.23243
2448782.17258 12.12338
2448783.17263 10.85098
2448784.17268 9.73272
2448785.17272 9.32100
2448786.17277 9.21351
2448787.17281 7.88751
2448788.17286 8.15467
2448789.17290 6.75149
2448790.17295 6.22909
2448791.17299 5.73999
2448792.17304 4.45356
2448793.17309 5.06234
2448794.17313 5.18372
2448795.17318 5.67328
2448796.17322 5.60605
2448797.17327 5.00329
2448798.17331 5.23644
2448799.17336 5.21555
2448800.17341 6.50888
2448801.17345 5.75080
2448802.17350 6.53316
2448803.17354 6.61984
2448804.17359 8.34255
2448805.17363 9.24750
2448806.17368 8.56276
2448807.17372 9.24793
2448808.17377 11.31260
2448809.17382 10.81962
2448810.17386 10.30120
2448811.17391 10.83043
2448812.17395 12.40234
2448813.17400 12.19390
2448814.17404 11.17138
2448815.17409 9.84553
2448816.17414 9.25908
2448817.17418 8.30323
2448818.17423 8.68838
2448819.17427 9.48661
2448820.17432 7.63869
2448821.17436 6.85663
2448822.17441 6.35631
2448823.17445 6.13543
2448824.17450 6.51482
2448825.17455 4.95512
2448826.17459 4.80567
2448827.17464 4.30019
2448828.17468 5.20397
2448829.17473 4.74774
2448830.17477 4.20849
2448831.17482 4.59795
2448832.17487 5.71547
2449018.18335 8.47994
2449019.18340 6.57097
2449020.18344 6.81023
2449021.18349 6.01829
2449022.18354 6.27247
2449023.18358 4.35676
2449024.18363 5.29543
2449025.18367 4.58370
2449026.18372 3.75741
2449027.18376 4.40926
2449028.18381 3.92986
2449029.18386 4.59982
2449030.18390 5.12979
2449031.18395 4.95661
2449032.18399 6.86595
2449033.18404 6.38161
2449034.18408 7.04537
2449035.18413 8.26872
2449036.18417 8.89189
2449037.18422 9.67325
2449038.18427 10.10133
2449039.18431 12.04251
2449040.18436 10.55130
2449041.18440 10.79346
2449042.18445 12.19714
2449043.18449 10.81903
2449044.18454 9.49329
2449045.18459 10.03159
2449046.18463 9.74942
2449047.18468 11.51857
2449048.18472 8.63561
2449049.18477 7.74713
2449050.18481 8.89569
2449051.18486 9.09392
2449052.18490 5.91842
2449053.18495 7.59733
2449054.18500 5.15027
2449055.18504 4.22535
2449056.18509 4.02186
2449057.18513 4.40711
2449058.18518 3.96612
2449059.18522 3.98581
2449060.18527 3.80110
2449061.18532 3.59583
2449062.18536 4.67662
2449063.18541 4.47210
2449064.18545 5.75258
2449065.18550 6.07678
2449066.18554 6.04536
2449067.18559 6.52710
2449068.18563 5.91878
2449069.18568 8.83670
2449070.18573 8.91604
2449071.18577 9.74796
2449072.18582 8.88449
2449073.18586 10.18159
2449074.18591 9.15648
2449075.18595 9.53004
2449076.18600 12.09459
2449077.18605 10.23954
2449078.18609 10.27399
2449079.18614 8.62528
2449080.18618 8.77576
2449081.18623 8.17871
2449082.18627 8.41121
2449083.18632 7.55315
2449084.18636 7.17215
2449085.18641 7.14596
2449086.18646 7.04613
2449087.18650 5.83568
2449088.18655 4.52510
2449089.18659 4.00609
2449090.18664 3.83360
2449091.18668 4.08846
2449092.18673 4.30068
2449093.18678 4.28217
2449094.18682 4.86397
2449095.18687 4.21925
2449096.18691 4.36237
2449097.18696 5.02045
2449098.18700 4.55438
2449099.18705 6.14114
2449100.18710 6.52356
2449101.18714 6.51027
2449102.18719 9.06669
2449103.18723 7.99271
2449104.18728 8.72812
2449105.18732 8.15710
2449106.18737 10.20357
2449107.18741 12.35154
2449108.18746 10.72488
2449109.18751 11.72087
2449110.18755 9.80309
2449111.18760 10.99089
2449112.18764 9.25347
2449113.18769 8.59159
2449114.18773 9.51256
2449115.18778 9.76659
2449116.18783 7.26275
2449117.18787 7.54696
2449118.18792 5.35825
2449119.18796 5.39356
2449120.18801 6.88925
2449121.18805 4.70829
2449122.18810 4.21868
2449123.18814 4.41485
2449124.18819 3.49666
2449125.18824 4.02704
2449126.18828 4.03022
2449127.18833 3.77961
2449128.18837 4.75077
2449129.18842 3.77926
2449130.18846 4.74934
2449131.18851 6.17296
2449132.18856 6.59472
2449133.18860 6.34034
2449134.18865 6.79141
2449135.18869 8.09629
2449136.18874 6.82753
2449137.18878 9.07749
2449138.18883 9.80614
2449139.18887 9.16797
2449140.18892 10.20640
2449141.18897 10.39397
2449142.18901 8.88663
2449143.18906 10.30831
2449144.18910 8.75018
2449145.18915 9.23989
2449146.18919 9.00201
2449147.18924 10.37137
2449148.18929 9.17364
2449149.18933 9.04122
2449150.18938 6.76798
2449151.18942 6.37343
2449152.18947 6.09473
2449153.18951 5.40629
2449154.18956 5.37095
2449155.18960 4.68497
2449156.18965 4.41212
2449157.18970 3.69405
2449158.18974 3.95980
2449159.18979 3.49945
2449160.18983 4.70632
2449161.18988 3.90805
2449162.18992 4.43923
2449163.18997 5.18531
2449164.19002 6.61448
2449165.19006 6.54661
2449166.19011 5.97331
2449167.19015 7.92921
2449168.19020 6.55135
2449169.19024 7.95239
2449170.19029 8.24987
2449171.19033 9.02006
2449172.19038 10.56782
2449173.19043 11.20314
2449174.19047 11.55553
2449175.19052 9.80255
2449176.19056 8.77414
2449177.19061 10.56321
2449178.19065 9.99268
2449179.19070 7.68097
2449180.19075 8.56802
2449181.19079 7.47361
2449182.19084 6.07161
2449183.19088 7.19931
2449184.19093 6.03004
2449185.19097 5.45988
2449186.19102 5.27882
2449187.19107 3.79826
2449188.19111 3.79570
2449189.19116 4.01998
2449190.19120 3.88846
2449191.19125 4.04546
2449192.19129 3.63553
2449193.19134 3.89229
2449194.19138 3.95046
2449195.19143 4.62903
2449196.19148 4.15410
2449197.19152 4.84214
2449383.20001 5.08033
2449384.20005 4.54797
2449385.20010 3.52909
2449386.20015 3.01397
2449387.20019 2.94070
2449388.20024 2.77509
2449389.20028 2.96549
2449390.20033 2.26884
2449391.20037 3.66047
2449392.20042 2.92205
2449393.20047 2.96347
2449394.20051 3.43324
2449395.20056 4.41745
2449396.20060 4.57439
2449397.20065 5.55537
2449398.20069 6.03842
2449399.20074 6.98679
2449400.20078 7.42375
2449401.20083 8.38828
2449402.20088 9.94895
2449403.20092 8.56900
2449404.20097 8.24899
2449405.20101 10.25997
2449406.20106 9.82237
2449407.20110 9.28763
2449408.20115 9.38534
2449409.20120 8.43209
2449410.20124 9.68125
2449411.20129 8.81241
2449412.20133 7.69900
2449413.20138 6.67909
2449414.20142 5.16909
2449415.20147 6.08005
2449416.20152 5.06609
2449417.20156 4.87413
2449418.20161 3.36016
2449419.20165 3.42013
2449420.20170 3.05215
2449421.20174 2.34391
2449422.20179 2.34183
2449423.20183 2.82335
2449424.20188 3.60570
2449425.20193 3.48905
2449426.20197 2.80179
2449427.20202 3.93089
2449428.20206 4.05596
2449429.20211 5.25989
2449430.20215 5.61310
2449431.20220 5.78646
2449432.20225 7.36677
2449433.20229 7.44351
2449434.20234 8.14419
2449435.20238 8.42007
2449436.20243 8.82166
2449437.20247 9.19052
2449438.20252 10.50984
2449439.20256 10.17753
2449440.20261 10.37848
2449441.20266 7.25378
2449442.20270 9.19767
2449443.20275 7.54098
2449444.20279 8.09378
2449445.20284 8.27150
2449446.20288 6.06413
2449447.20293 6.31230
2449448.20298 5.22648
2449449.20302 5.40487
2449450.20307 4.42484
2449451.20311 3.68961
2449452.20316 3.28318
2449453.20320 3.10323
2449454.20325 3.25377
2449455.20329 2.71626
2449456.20334 2.77072
2449457.20339 3.01615
2449458.20343 2.92636
2449459.20348 2.98577
2449460.20352 3.78364
2449461.20357 4.63964
2449462.20361 4.78599
2449463.20366 4.86621
2449464.20371 6.47018
2449465.20375 7.87020
2449466.20380 7.32264
2449467.20384 7.19673
2449468.20389 9.18008
2449469.20393 9.50173
2449470.20398 9.51494
2449471.20402 9.38858
2449472.20407 9.39727
2449473.20412 10.59409
2449474.20416 9.65017
2449475.20421 8.65439
2449476.20425 8.65708
2449477.20430 7.70826
2449478.20434 7.13980
2449479.20439 6.53516
2449480.20444 6.48884
2449481.20448 5.31511
2449482.20453 4.78502
2449483.20457 4.31697
2449484.20462 3.99195
2449485.20466 3.66923
2449486.20471 2.72796
2449487.20475 2.81043
2449488.20480 2.68751
2449489.20485 2.57343
2449490.20489 2.18660
2449491.20494 2.85853
2449492.20498 3.26371
2449493.20503 4.10021
2449494.20507 4.64291
2449495.20512 5.01219
2449496.20517 6.59543
2449497.20521 6.27492
2449498.20526 6.25709
2449499.20530 7.84712
2449500.20535 7.61058
2449501.20539 8.54048
2449502.20544 7.79407
2449503.20549 8.40058
2449504.20553 7.71814
2449505.20558 9.13042
2449506.20562 8.46443
2449507.20567 10.90696
2449508.20571 9.65517
2449509.20576 7.83393
2449510.20580 7.14451
2449511.20585 6.68189
2449512.20590 6.05061
2449513.20594 5.39281
2449514.20599 5.27758
2449515.20603 4.38860
2449516.20608 3.68647
2449517.20612 4.04588
2449518.20617 2.97669
2449519.20622 2.64073
2449520.20626 2.97650
2449521.20631 2.87954
2449522.20635 2.63716
2449523.20640 2.58649
2449524.20644 2.55964
2449525.20649 3.41269
2449526.20653 3.33182
2449527.20658 3.44552
2449528.20663 4.39676
2449529.20667 4.62322
2449530.20672 5.35602
2449531.20676 7.35138
2449532.20681 8.07338
2449533.20685 7.05991
2449534.20690 7.53090
2449535.20695 7.72909
2449536.20699 10.28738
2449537.20704 10.31841
2449538.20708 8.40841
2449539.20713 9.91954
2449540.20717 8.98973
2449541.20722 8.83356
2449542.20726 8.59523
2449543.20731 7.44891
2449544.20736 6.85202
2449545.20740 7.53697
2449546.20745 5.84746
2449547.20749 5.41644
2449548.20754 5.45224
2449549.20758 4.22304
2449550.20763 3.52255
2449551.20768 2.92744
2449552.20772 2.50459
2449553.20777 2.52110
2449554.20781 2.17957
2449555.20786 2.24663
2449556.20790 1.98820
2449557.20795 2.76618
2449558.20799 2.74375
2449559.20804 4.07848
2449560.20809 3.60880
2449561.20813 4.33132
2449562.20818 5.06848
2449749.21671 2.37139
2449750.21676 1.73816
2449751.21680 1.88171
2449752.21685 1.82159
2449753.21689 1.67032
2449754.21694 1.78510
2449755.21698 1.98209
2449756.21703 2.18317
2449757.21708 2.62726
2449758.21712 3.80336
2449759.21717 4.04621
2449760.21721 4.84496
2449761.21726 4.83201
2449762.21730 6.26057
2449763.21735 7.04521
2449764.21740 6.60523
2449765.21744 9.22165
2449766.21749 7.01858
2449767.21753 7.09829
2449768.21758 7.55113
2449769.21762 7.89889
2449770.21767 8.83824
2449771.21771 7.50875
2449772.21776 6.25284
2449773.21781 6.98192
2449774.21785 6.70154
2449775.21790 6.63006
2449776.21794 4.34093
2449777.21799 4.99542
2449778.21803 4.50924
2449779.21808 3.93786
2449780.21813 3.58052
2449781.21817 2.55602
2449782.21822 2.34336
2449783.21826 2.04171
2449784.21831 1.72814
2449785.21835 1.71321
2449786.21840 1.47871
2449787.21844 1.81873
2449788.21849 1.90671
2449789.21854 2.45650
2449790.21858 3.01293
2449791.21863 3.48014
2449792.21867 3.27188
2449793.21872 4.08348
2449794.21876 5.10378
2449795.21881 5.41379
2449796.21886 5.81097
2449797.21890 7.32122
2449798.21895 6.44508
2449799.21899 6.37419
2449800.21904 7.14429
2449801.21908 8.37582
2449802.21913 9.34785
2449803.21917 9.61033
2449804.21922 7.74058
2449805.21927 6.92804
2449806.21931 7.30378
2449807.21936 6.92413
2449808.21940 5.20848
2449809.21945 4.64276
2449810.21949 4.41514
2449811.21954 4.98532
2449812.21959 3.73115
2449813.21963 3.07558
2449814.21968 2.87096
2449815.21972 2.53745
2449816.21977 1.79455
2449817.21981 1.71612
2449818.21986 1.59523
2449819.21991 1.68008
2449820.21995 1.64788
2449821.22000 1.59525
2449822.22004 2.18697
2449823.22009 2.70324
2449824.22013 3.07083
2449825.22018 3.42570
2449826.22022 3.71077
2449827.22027 5.44293
2449828.22032 5.91022
2449829.22036 6.12566
2449830.22041 5.96520
2449831.22045 7.61790
2449832.22050 7.09734
2449833.22054 6.44327
2449834.22059 8.72454
2449835.22064 6.41878
2449836.22068 7.82638
2449837.22073 8.45986
2449838.22077 7.69164
2449839.22082 7.70149
2449840.22086 7.45463
2449841.22091 5.60195
2449842.22095 5.60578
2449843.22100 4.95752
2449844.22105 4.31588
2449845.22109 3.99808
2449846.22114 3.37442
2449847.22118 2.91913
2449848.22123 1.99048
2449849.22127 1.91723
2449850.22132 1.43893
2449851.22137 1.54183
2449852.22141 1.70266
2449853.22146 1.80356
2449854.22150 1.55255
2449855.22155 1.87317
2449856.22159 2.63552
2449857.22164 2.85316
2449858.22168 4.03505
2449859.22173 4.50255
2449860.22178 5.04867
2449861.22182 4.85171
2449862.22187 6.49071
2449863.22191 6.94090
2449864.22196 6.99497
2449865.22200 6.34270
2449866.22205 8.87705
2449867.22210 7.00754
2449868.22214 6.79016
2449869.22219 8.31716
2449870.22223 8.56581
2449871.22228 6.93802
2449872.22232 6.43982
2449873.22237 6.86649
2449874.22241 7.27095
2449875.22246 6.47840
2449876.22251 5.36234
2449877.22255 4.41282
2449878.22260 3.59135
2449879.22264 3.01694
2449880.22269 2.49807
2449881.22273 2.17305
2449882.22278 1.70158
2449883.22283 1.49506
2449884.22287 1.31639
2449885.22292 1.36342
2449886.22296 1.47570
2449887.22301 1.74795
2449888.22305 2.14041
2449889.22310 3.16638
2449890.22315 3.31021
2449891.22319 3.90384
2449892.22324 4.64573
2449893.22328 4.96118
2449894.22333 4.48961
2449895.22337 6.24575
2449896.22342 6.27096
2449897.22346 6.57661
2449898.22351 6.24599
2449899.22356 6.57695
2449900.22360 7.67811
2449901.22365 8.12765
2449902.22369 7.87643
2449903.22374 7.36166
2449904.22378 7.78727
2449905.22383 7.54075
2449906.22388 6.92861
2449907.22392 6.39196
2449908.22397 5.87469
2449909.22401 3.96652
2449910.22406 4.36804
2449911.22410 3.39370
2449912.22415 3.57926
2449913.22419 2.79038
2449914.22424 2.12370
2449915.22429 1.67886
2449916.22433 1.14896
2449917.22438 1.17838
2449918.22442 1.25225
2449919.22447 1.46917
2449920.22451 1.56901
2449921.22456 2.24274
2449922.22461 2.23224
2449923.22465 3.53262
2449924.22470 3.00378
2449925.22474 4.31357
2449926.22479 4.59381
2449927.22483 5.09615
2449928.22488 5.81420
2450114.23337 1.03400
2450115.23341 1.01404
2450116.23346 0.89450
2450117.23350 1.08835
2450118.23355 1.32669
2450119.23359 1.61669
2450120.23364 1.90200
2450121.23369 2.84341
2450122.23373 2.52019
2450123.23378 3.81687
2450124.23382 4.99121
2450125.23387 5.41040
2450126.23391 4.85816
2450127.23396 5.57673
2450128.23401 6.41635
2450129.23405 6.08926
2450130.23410 6.67424
2450131.23414 6.28000
2450132.23419 7.94665
2450133.23423 8.20006
2450134.23428 6.74947
2450135.23433 6.73543
2450136.23437 5.96892
2450137.23442 6.49935
2450138.23446 5.22109
2450139.23451 4.56751
2450140.23455 4.75796
2450141.23460 4.27204
2450142.23464 3.24845
2450143.23469 2.19736
2450144.23474 2.36143
2450145.23478 1.41287
2450146.23483 1.16444
2450147.23487 1.04090
2450148.23492 0.97245
2450149.23496 0.88487
2450150.23501 1.15566
2450151.23506 1.26397
2450152.23510 1.55637
2450153.23515 1.69790
2450154.23519 2.77831
2450155.23524 2.95881
2450156.23528 3.23170
2450157.23533 3.94027
2450158.23537 5.49079
2450159.23542 5.54989
2450160.23547 5.83032
2450161.23551 6.08156
2450162.23556 7.16731
2450163.23560 6.11953
2450164.23565 7.42891
2450165.23569 7.03514
2450166.23574 6.32024
2450167.23579 6.94952
2450168.23583 5.91742
2450169.23588 6.17697
2450170.23592 4.76696
2450171.23597 5.21594
2450172.23601 4.39793
2450173.23606 4.36590
2450174.23610 3.70944
2450175.23615 3.25509
2450176.23620 2.91480
2450177.23624 2.34468
2450178.23629 1.58519
2450179.23633 1.29597
2450180.23638 0.94139
2450181.23642 0.89340
2450182.23647 1.00993
2450183.23652 0.89442
2450184.23656 1.42906
2450185.23661 1.21023
2450186.23665 1.95273
2450187.23670 2.20488
2450188.23674 2.27657
2450189.23679 3.88689
2450190.23683 4.20160
2450191.23688 4.98469
2450192.23693 4.95795
2450193.23697 6.37478
2450194.23702 6.10407
2450195.23706 7.43574
2450196.23711 6.73568
2450197.23715 7.97170
2450198.23720 7.65342
2450199.23725 8.42816
2450200.23729 7.45436
2450201.23734 7.67464
2450202.23738 6.74711
2450203.23743 6.62225
2450204.23747 5.60343
2450205.23752 5.01733
2450206.23757 4.93408
2450207.23761 3.78157
2450208.23766 2.65336
2450209.23770 2.67376
2450210.23775 2.33560
2450211.23779 1.62854
2450212.23784 1.26351
2450213.23788 0.96539
2450214.23793 0.82803
2450215.23798 0.78470
2450216.23802 0.93265
2450217.23807 1.00210
2450218.23811 1.18640
2450219.23816 1.87131
2450220.23820 2.56466
2450221.23825 2.46794
2450222.23830 4.30342
2450223.23834 4.50327
2450224.23839 4.85148
2450225.23843 6.17253
2450226.23848 5.63409
2450227.23852 6.37530
2450228.23857 5.67720
2450229.23861 7.12838
2450230.23866 7.67007
2450231.23871 7.12253
2450232.23875 7.11683
2450233.23880 6.29695
2450234.23884 7.90574
2450235.23889 5.32017
2450236.23893 7.07722
2450237.23898 5.08559
2450238.23903 4.11210
2450239.23907 4.24326
2450240.23912 3.64971
2450241.23916 3.14970
2450242.23921 2.37751
2450243.23925 2.34986
2450244.23930 1.69563
2450245.23934 1.24953
2450246.23939 0.96124
2450247.23944 1.07080
2450248.23948 0.80578
2450249.23953 0.91602
2450250.23957 1.08851
2450251.23962 1.61924
2450252.23966 1.87173
2450253.23971 2.13314
2450254.23976 3.04041
2450255.23980 3.71647
2450256.23985 3.83711
2450257.23989 4.97541
2450258.23994 6.43791
2450259.23998 6.75245
2450260.24003 7.06614
2450261.24007 6.82246
2450262.24012 7.09089
2450263.24017 8.03489
2450264.24021 6.00650
2450265.24026 7.13390
2450266.24030 6.57882
2450267.24035 6.40142
2450268.24039 6.70937
2450269.24044 6.35248
2450270.24049 5.04904
2450271.24053 4.09731
2450272.24058 4.78352
2450273.24062 3.80341
2450274.24067 3.03149
2450275.24071 2.28079
2450276.24076 2.07840
2450277.24080 1.44090
2450278.24085 1.15576
2450279.24090 1.05545
2450280.24094 0.87897
2450281.24099 0.84571
2450282.24103 0.99554
2450283.24108 0.98745
2450284.24112 1.55338
2450285.24117 1.99705
2450286.24122 2.59430
2450287.24126 2.97680
2450288.24131 3.48763
2450289.24135 4.31493
2450290.24140 5.21075
2450291.24144 5.29237
2450292.24149 6.34220
2450293.24154 4.25636
2450479.25002 0.65066
2450480.25007 0.96521
2450481.25011 1.11683
2450482.25016 1.44821
2450483.25021 1.71035
2450484.25025 1.88256
2450485.25030 3.15580
2450486.25034 3.64952
2450487.25039 4.51661
2450488.25043 3.66491
2450489.25048 5.74743
2450490.25052 6.29686
2450491.25057 6.58104
2450492.25062 6.68024
2450493.25066 6.48166
2450494.25071 7.52614
2450495.25075 6.89528
2450496.25080 7.68865
2450497.25084 6.70989
2450498.25089 6.60274
2450499.25094 5.87221
2450500.25098 5.96001
2450501.25103 5.48002
2450502.25107 5.50772
2450503.25112 4.34833
2450504.25116 2.65058
2450505.25121 3.85639
2450506.25125 2.37294
2450507.25130 1.67587
2450508.25135 1.73963
2450509.25139 1.32309
2450510.25144 0.93573
2450511.25148 0.72568
2450512.25153 0.82104
2450513.25157 0.85436
2450514.25162 1.09701
2450515.25167 1.40941
2450516.25171 1.45679
2450517.25176 2.15322
2450518.25180 2.69593
2450519.25185 3.38240
2450520.25189 4.02960
2450521.25194 3.86756
2450522.25199 4.88881
2450523.25203 5.59915
2450524.25208 6.07887
2450525.25212 7.32142
2450526.25217 7.42311
2450527.25221 9.10982
2450528.25226 6.44300
2450529.25230 7.84488
2450530.25235 7.27860
2450531.25240 6.56898
2450532.25244 6.65604
2450533.25249 6.69476
2450534.25253 5.31653
2450535.25258 5.41419
2450536.25262 4.43982
2450537.25267 3.73078
2450538.25272 3.83844
2450539.25276 2.31140
2450540.25281 2.17064
2450541.25285 1.76637
2450542.25290 1.29494
2450543.25294 0.95998
2450544.25299 0.86694
2450545.25303 0.70781
2450546.25308 0.82952
2450547.25313 1.20526
2450548.25317 1.33750
2450549.25322 1.62032
2450550.25326 2.38558
2450551.25331 2.70290
2450552.25335 3.59833
2450553.25340 4.79466
2450554.25345 4.58670
2450555.25349 5.00138
2450556.25354 5.16716
2450557.25358 5.75040
2450558.25363 6.37027
2450559.25367 5.91377
2450560.25372 7.83706
2450561.25376 7.00901
2450562.25381 7.59746
2450563.25386 7.35059
2450564.25390 7.13533
2450565.25395 6.30001
2450566.25399 6.53343
2450567.25404 6.03185
2450568.25408 5.05112
2450569.25413 3.81305
2450570.25418 4.19629
2450571.25422 2.95351
2450572.25427 2.81995
2450573.25431 2.14764
2450574.25436 1.47001
2450575.25440 1.31008
2450576.25445 0.96311
2450577.25449 0.82494
2450578.25454 0.95933
2450579.25459 0.81793
2450580.25463 1.14500
2450581.25468 1.57913
2450582.25472 1.85533
2450583.25477 2.12116
2450584.25481 3.02565
2450585.25486 3.27286
2450586.25491 3.91470
2450587.25495 3.70396
2450588.25500 5.76212
2450589.25504 6.15488
2450590.25509 6.68223
2450591.25513 6.04630
2450592.25518 6.18898
2450593.25522 7.51251
2450594.25527 7.38605
2450595.25532 8.61288
2450596.25536 7.52469
2450597.25541 6.21875
2450598.25545 5.84825
2450599.25550 6.20311
2450600.25554 5.89706
2450601.25559 5.51586
2450602.25564 4.52784
2450603.25568 3.51848
2450604.25573 3.02085
2450605.25577 2.27877
2450606.25582 2.33629
2450607.25586 1.65401
2450608.25591 0.89156
2450609.25596 1.10316
2450610.25600 0.89677
2450611.25605 0.82670
2450612.25609 0.98499
2450613.25614 1.18866
2450614.25618 1.56760
2450615.25623 1.94172
2450616.25627 2.41866
2450617.25632 2.77080
2450618.25637 3.79875
2450619.25641 3.25071
2450620.25646 4.80738
2450621.25650 4.66612
2450622.25655 5.66416
2450623.25659 6.63657
2450624.25664 6.44276
2450625.25669 6.83075
2450626.25673 7.77517
2450627.25678 6.34815
2450628.25682 7.78815
2450629.25687 6.95604
2450630.25691 7.78150
2450631.25696 5.97794
2450632.25700 6.38801
2450633.25705 5.79837
2450634.25710 4.07818
2450635.25714 4.52438
2450636.25719 4.02512
2450637.25723 3.02605
2450638.25728 2.97876
2450639.25732 1.84989
2450640.25737 1.48017
2450641.25742 1.24773
2450642.25746 0.98690
2450643.25751 0.96487
2450644.25755 0.97420
2450645.25760 0.87261
2450646.25764 1.12992
2450647.25769 1.44628
2450648.25773 1.97467
2450649.25778 2.08309
2450650.25783 2.52946
2450651.25787 3.48799
2450652.25792 4.20310
2450653.25796 5.10020
2450654.25801 6.58852
2450655.25805 5.46006
2450656.25810 5.81522
2450657.25815 7.01086
2450658.25819 7.12582
2450844.26668 1.64070
2450845.26672 1.71629
2450846.26677 1.99872
2450847.26682 2.85887
2450848.26686 3.20975
2450849.26691 4.16603
2450850.26695 4.38767
2450851.26700 5.04102
2450852.26704 4.64141
2450853.26709 5.62262
2450854.26714 7.11403
2450855.26718 8.43971
2450856.26723 8.34162
2450857.26727 8.77810
2450858.26732 7.44210
2450859.26736 7.89645
2450860.26741 7.66507
2450861.26745 6.80908
2450862.26750 6.85141
2450863.26755 6.55529
2450864.26759 5.39232
2450865.26764 5.56477
2450866.26768 4.98614
2450867.26773 3.80803
2450868.26777 3.25494
2450869.26782 2.98882
2450870.26787 2.53985
2450871.26791 1.93043
2450872.26796 1.94490
2450873.26800 1.85383
2450874.26805 1.76591
2450875.26809 1.22462
2450876.26814 1.29281
2450877.26818 1.42910
2450878.26823 2.01679
2450879.26828 2.05306
2450880.26832 2.87673
2450881.26837 3.43744
2450882.26841 4.27660
2450883.26846 4.82949
2450884.26850 5.21347
2450885.26855 5.43956
2450886.26860 6.68831
2450887.26864 7.63698
2450888.26869 7.19378
2450889.26873 7.56487
2450890.26878 6.51112
2450891.26882 7.08315
2450892.26887 7.09910
2450893.26891 7.10457
2450894.26896 8.46074
2450895.26901 6.60722
2450896.26905 6.61145
2450897.26910 5.92145
2450898.26914 5.74137
2450899.26919 4.57563
2450900.26923 3.60732
2450901.26928 4.01590
2450902.26933 3.17856
2450903.26937 2.81627
2450904.26942 2.36655
2450905.26946 1.63646
2450906.26951 1.56606
2450907.26955 1.27630
2450908.26960 1.04327
2450909.26964 1.35008
2450910.26969 1.50409
2450911.26974 2.06522
2450912.26978 2.25907
2450913.26983 2.96375
2450914.26987 3.52480
2450915.26992 3.43322
2450916.26996 4.01695
2450917.27001 5.31567
2450918.27006 4.94445
2450919.27010 5.74063
2450920.27015 7.42753
2450921.27019 6.98067
2450922.27024 5.92413
2450923.27028 6.52225
2450924.27033 8.62525
2450925.27038 8.17673
2450926.27042 7.13625
2450927.27047 7.45984
2450928.27051 7.59403
2450929.27056 5.93030
2450930.27060 6.31175
2450931.27065 5.00284
2450932.27069 5.10321
2450933.27074 4.75105
2450934.27079 4.14877
2450935.27083 3.08189
2450936.27088 2.83273
2450937.27092 2.30812
2450938.27097 1.74833
2450939.27101 1.39120
2450940.27106 1.64000
2450941.27111 1.41662
2450942.27115 1.46649
2450943.27120 1.78276
2450944.27124 2.41297
2450945.27129 1.88782
2450946.27133 3.39199
2450947.27138 3.34018
2450948.27142 4.00019
2450949.27147 4.11303
2450950.27152 4.34303
2450951.27156 6.00155
2450952.27161 6.05836
2450953.27165 6.35183
2450954.27170 6.52840
2450955.27174 6.09397
2450956.27179 7.55529
2450957.27184 7.86082
2450958.27188 8.28322
2450959.27193 7.78143
2450960.27197 7.39440
2450961.27202 6.25939
2450962.27206 7.20941
2450963.27211 5.88404
2450964.27215 5.65945
2450965.27220 4.60234
2450966.27225 4.74960
2450967.27229 4.23856
2450968.27234 3.03355
2450969.27238 3.15378
2450970.27243 2.50817
2450971.27247 2.32622
2450972.27252 1.90389
2450973.27257 1.53544
2450974.27261 1.31588
2450975.27266 1.64939
2450976.27270 1.48837
2450977.27275 2.27877
2450978.27279 2.52032
2450979.27284 2.76991
2450980.27288 3.38392
2450981.27293 4.57695
2450982.27298 4.83205
2450983.27302 5.21873
2450984.27307 5.60690
2450985.27311 6.46660
2450986.27316 7.39825
2450987.27320 7.61386
2450988.27325 6.78196
2450989.27330 8.15503
2450990.27334 7.14418
2450991.27339 7.87500
2450992.27343 6.18972
2450993.27348 7.21903
2450994.27352 6.69264
2450995.27357 5.92882
2450996.27362 5.97633
2450997.27366 6.16854
2450998.27371 4.69872
2450999.27375 3.83269
2451000.27380 4.47332
2451001.27384 3.18996
2451002.27389 3.16309
2451003.27393 2.13641
2451004.27398 2.23289
2451005.27403 1.91467
2451006.27407 1.75339
2451007.27412 1.67574
2451008.27416 1.83842
2451009.27421 1.83383
2451010.27425 2.10802
2451011.27430 2.73318
2451012.27435 3.52821
2451013.27439 4.58646
2451014.27444 4.20021
2451015.27448 4.37192
2451016.27453 5.26721
2451017.27457 5.47721
2451018.27462 6.42323
2451019.27466 6.90908
2451020.27471 7.54319
2451021.27476 7.93507
2451022.27480 8.09508
2451023.27485 6.81930
2451209.28333 2.85158
2451210.28338 3.18221
2451211.28343 4.33827
2451212.28347 3.75292
2451213.28352 5.90741
2451214.28356 6.20258
2451215.28361 6.56044
2451216.28365 6.19431
2451217.28370 7.39710
2451218.28375 6.65990
2451219.28379 8.84759
2451220.28384 8.36804
2451221.28388 9.78590
2451222.28393 9.69499
2451223.28397 8.52238
2451224.28402 8.75251
2451225.28406 9.02751
2451226.28411 6.24381
2451227.28416 6.66291
2451228.28420 6.22033
2451229.28425 6.17047
2451230.28429 5.24744
2451231.28434 4.61746
2451232.28438 3.44578
2451233.28443 3.22470
2451234.28448 3.23432
2451235.28452 2.68081
2451236.28457 2.33903
2451237.28461 2.22654
2451238.28466 2.44907
2451239.28470 2.43040
2451240.28475 2.35338
2451241.28480 3.34019
2451242.28484 3.18377
2451243.28489 3.38884
2451244.28493 3.85402
2451245.28498 4.98980
2451246.28502 5.84557
2451247.28507 6.70829
2451248.28511 7.05136
2451249.28516 7.33196
2451250.28521 6.74705
2451251.28525 8.68456
2451252.28530 8.46928
2451253.28534 9.11847
2451254.28539 8.75926
2451255.28543 8.40620
2451256.28548 8.34338
2451257.28553 8.42925
2451258.28557 7.74622
2451259.28562 6.35448
2451260.28566 8.30583
2451261.28571 5.83707
2451262.28575 4.75093
2451263.28580 4.95941
2451264.28584 4.11411
2451265.28589 5.26429
2451266.28594 3.51094
2451267.28598 3.43397
2451268.28603 2.82361
2451269.28607 1.97469
2451270.28612 2.62646
2451271.28616 2.06628
2451272.28621 2.53026
2451273.28626 2.21808
2451274.28630 2.94571
2451275.28635 3.22319
2451276.28639 3.64763
2451277.28644 4.24175
2451278.28648 4.53470
2451279.28653 4.14929
2451280.28657 6.45666
2451281.28662 7.32851
2451282.28667 7.32818
2451283.28671 6.46705
2451284.28676 7.65044
2451285.28680 8.48965
2451286.28685 7.63842
2451287.28689 9.12153
2451288.28694 9.38531
2451289.28699 7.85880
2451290.28703 9.24117
2451291.28708 7.47823
2451292.28712 7.36692
2451293.28717 7.00186
2451294.28721 7.23383
2451295.28726 5.76878
2451296.28730 6.02499
2451297.28735 4.32488
2451298.28740 5.13978
2451299.28744 3.16939
2451300.28749 3.42484
2451301.28753 2.77331
2451302.28758 2.02371
2451303.28762 2.59278
2451304.28767 2.59305
2451305.28772 2.77887
2451306.28776 2.57240
2451307.28781 3.02864
2451308.28785 3.63876
2451309.28790 3.75926
2451310.28794 4.11938
2451311.28799 5.00802
2451312.28804 6.38039
2451313.28808 5.77484
2451314.28813 6.53759
2451315.28817 6.48918
2451316.28822 7.79048
2451317.28826 8.92635
2451318.28831 7.06887
2451319.28835 8.37915
2451320.28840 9.59355
2451321.28845 8.27531
2451322.28849 8.03198
2451323.28854 7.86489
2451324.28858 8.53918
2451325.28863 7.71194
2451326.28867 7.91480
2451327.28872 6.29627
2451328.28877 6.06043
2451329.28881 5.37179
2451330.28886 5.04421
2451331.28890 3.61287
2451332.28895 3.80018
2451333.28899 3.50220
2451334.28904 2.03489
2451335.28908 2.59440
2451336.28913 2.58970
2451337.28918 2.68169
2451338.28922 2.97834
2451339.28927 3.44639
2451340.28931 3.15173
2451341.28936 3.70308
2451342.28940 3.86305
2451343.28945 4.79766
2451344.28950 4.96899
2451345.28954 6.73669
2451346.28959 7.12260
2451347.28963 6.90292
2451348.28968 7.07039
2451349.28972 7.95371
2451350.28977 7.85382
2451351.28981 8.68793
2451352.28986 7.71605
2451353.28991 10.08910
2451354.28995 8.31310
2451355.29000 9.26953
2451356.29004 6.55541
2451357.29009 7.47706
2451358.29013 9.10990
2451359.29018 7.53131
2451360.29023 7.81005
2451361.29027 6.10376
2451362.29032 5.36271
2451363.29036 5.44422
2451364.29041 4.47973
2451365.29045 3.85274
2451366.29050 4.07289
2451367.29054 3.64447
2451368.29059 3.27234
2451369.29064 2.59589
2451370.29068 1.80920
2451371.29073 2.55999
2451372.29077 2.86878
2451373.29082 2.94265
2451374.29086 3.40770
2451375.29091 4.36436
2451376.29096 4.00857
2451377.29100 4.61810
2451378.29105 5.49749
2451379.29109 6.28470
2451380.29114 8.18686
2451381.29118 7.09275
2451382.29123 9.00316
2451383.29127 8.28915
2451384.29132 9.06906
2451385.29137 9.65764
2451386.29141 11.07669
2451387.29146 8.22605
2451388.29150 9.18071
2451575.30004 6.22240
2451576.30008 5.54683
2451577.30013 5.83553
2451578.30017 6.19300
2451579.30022 6.40299
2451580.30026 7.91645
2451581.30031 9.56117
2451582.30036 8.69352
2451583.30040 9.20953
2451584.30045 9.15992
2451585.30049 10.38145
2451586.30054 10.06912
2451587.30058 9.51739
2451588.30063 10.23427
2451589.30068 8.26306
2451590.30072 8.47378
2451591.30077 7.15636
2451592.30081 6.12142
2451593.30086 6.64602
2451594.30090 5.75337
2451595.30095 5.08747
2451596.30099 4.82588
2451597.30104 4.34288
2451598.30109 3.85218
2451599.30113 2.94380
2451600.30118 3.22542
2451601.30122 3.40845
2451602.30127 3.60495
2451603.30131 3.78686
2451604.30136 3.57711
2451605.30141 4.21144
2451606.30145 3.28732
2451607.30150 5.49877
2451608.30154 6.40885
2451609.30159 7.27799
2451610.30163 6.23964
2451611.30168 6.78883
2451612.30172 8.97222
2451613.30177 9.64241
2451614.30182 8.74787
2451615.30186 9.46969
2451616.30191 10.09157
2451617.30195 8.40117
2451618.30200 10.19397
2451619.30204 10.46867
2451620.30209 9.09497
2451621.30214 10.54697
2451622.30218 8.30615
2451623.30223 6.73102
2451624.30227 7.49914
2451625.30232 6.05559
2451626.30236 6.71997
2451627.30241 6.48183
2451628.30246 4.69330
2451629.30250 5.18499
2451630.30255 4.64692
2451631.30259 3.72879
2451632.30264 3.69704
2451633.30268 3.66347
2451634.30273 3.61994
2451635.30277 3.49716
2451636.30282 3.55451
2451637.30287 3.59031
2451638.30291 4.03750
2451639.30296 4.61601
2451640.30300 5.87384
2451641.30305 4.91584
2451642.30309 6.48969
2451643.30314 8.16126
2451644.30319 5.87106
2451645.30323 8.50807
2451646.30328 8.37371
2451647.30332 9.13505
2451648.30337 9.35173
2451649.30341 10.83391
2451650.30346 9.32309
2451651.30350 9.47307
2451652.30355 9.25354
2451653.30360 9.85162
2451654.30364 8.78729
2451655.30369 8.90574
2451656.30373 8.87641
2451657.30378 7.58666
2451658.30382 6.52028
2451659.30387 4.97075
2451660.30392 6.75376
2451661.30396 5.77594
2451662.30401 4.44868
2451663.30405 4.38414
2451664.30410 4.94061
2451665.30414 3.54147
2451666.30419 4.11158
2451667.30423 4.29322
2451668.30428 3.62446
2451669.30433 3.49127
2451670.30437 4.29642
2451671.30442 4.45030
2451672.30446 5.14283
2451673.30451 5.19904
2451674.30455 5.72471
2451675.30460 7.05286
2451676.30465 5.80879
2451677.30469 8.03077
2451678.30474 7.83310
2451679.30478 8.87255
2451680.30483 7.68744
2451681.30487 11.36248
2451682.30492 9.92821
2451683.30496 10.83878
2451684.30501 8.78664
2451685.30506 9.10674
2451686.30510 9.59110
2451687.30515 9.20338
2451688.30519 9.12173
2451689.30524 8.25642
2451690.30528 7.71928
2451691.30533 7.29919
2451692.30538 6.56730
2451693.30542 5.86172
2451694.30547 5.22417
2451695.30551 5.49723
2451696.30556 4.18199
2451697.30560 3.72236
2451698.30565 3.99403
2451699.30569 4.03957
2451700.30574 5.12552
2451701.30579 3.60345
2451702.30583 4.07778
2451703.30588 4.13895
2451704.30592 4.69847
2451705.30597 5.43622
2451706.30601 5.18624
2451707.30606 6.41322
2451708.30611 6.21694
2451709.30615 7.03412
2451710.30620 8.57337
2451711.30624 8.14054
2451712.30629 8.79918
2451713.30633 10.31721
2451714.30638 11.70654
2451715.30643 10.88610
2451716.30647 9.98733
2451717.30652 9.14171
2451718.30656 9.10168
2451719.30661 8.61731
2451720.30665 8.66933
2451721.30670 8.87431
2451722.30674 8.24721
2451723.30679 7.70294
2451724.30684 7.67239
2451725.30688 7.10238
2451726.30693 6.32145
2451727.30697 5.95959
2451728.30702 6.64582
2451729.30706 4.98634
2451730.30711 4.83249
2451731.30716 4.44054
2451732.30720 3.83775
2451733.30725 4.27304
2451734.30729 3.70337
2451735.30734 3.66022
2451736.30738 4.90670
2451737.30743 5.80086
2451738.30747 5.01163
2451739.30752 6.09376
2451740.30757 5.42854
2451741.30761 8.16517
2451742.30766 7.25890
2451743.30770 8.23057
2451744.30775 8.34244
2451745.30779 8.94531
2451746.30784 7.99378
2451747.30789 8.90963
2451748.30793 9.97148
2451749.30798 10.44734
2451750.30802 11.11707
2451751.30807 10.01868
2451752.30811 12.03824
2451753.30816 9.93187
2451754.30820 9.63401
2451940.31669 7.48465
2451941.31674 9.55010
2451942.31678 9.64714
2451943.31683 11.07234
2451944.31688 8.65143
2451945.31692 7.85402
2451946.31697 10.63714
2451947.31701 11.41731
2451948.31706 11.66777
2451949.31710 10.62596
2451950.31715 12.58856
2451951.31719 9.89225
2451952.31724 9.59450
2451953.31729 9.48543
2451954.31733 7.77793
2451955.31738 8.09693
2451956.31742 7.06282
2451957.31747 7.36630
2451958.31751 6.26905
2451959.31756 5.83907
2451960.31761 5.30252
2451961.31765 5.32985
2451962.31770 5.53021
2451963.31774 4.33189
2451964.31779 4.67285
2451965.31783 5.08582
2451966.31788 5.07410
2451967.31792 5.91011
2451968.31797 4.41997
2451969.31802 5.57697
2451970.31806 6.39356
2451971.31811 7.36457
2451972.31815 7.40331
2451973.31820 7.90458
2451974.31824 8.60613
2451975.31829 8.94420
2451976.31834 10.95506
2451977.31838 10.49088
2451978.31843 10.26557
2451979.31847 10.99203
2451980.31852 9.38513
2451981.31856 10.14815
2451982.31861 10.06808
2451983.31865 11.60801
2451984.31870 11.53240
2451985.31875 9.09196
2451986.31879 10.40046
2451987.31884 8.94765
2451988.31888 8.00506
2451989.31893 7.22065
2451990.31897 6.87262
2451991.31902 6.40544
2451992.31907 5.17064
2451993.31911 5.45652
2451994.31916 5.24389
2451995.31920 4.34026
2451996.31925 4.57760
2451997.31929 4.55131
2451998.31934 4.16528
2451999.31938 5.57509
2452000.31943 5.24884
2452001.31948 4.66412
2452002.31952 6.41291
2452003.31957 6.07730
2452004.31961 6.14037
2452005.31966 7.58314
2452006.31970 9.66591
2452007.31975 8.77134
2452008.31980 8.74084
2452009.31984 10.47077
2452010.31989 9.38790
2452011.31993 12.11862
2452012.31998 10.62671
2452013.32002 11.55179
2452014.32007 8.98555
2452015.32011 10.75803
2452016.32016 9.36134
2452017.32021 9.89933
2452018.32025 10.01922
2452019.32030 8.92424
2452020.32034 8.40363
2452021.32039 9.42784
2452022.32043 5.95739
2452023.32048 7.67907
2452024.32053 6.44429
2452025.32057 5.69300
2452026.32062 5.35904
2452027.32066 5.45395
2452028.32071 5.31106
2452029.32075 4.59230
2452030.32080 4.97548
2452031.32085 3.91222
2452032.32089 5.55490
2452033.32094 5.44733
2452034.32098 4.86132
2452035.32103 6.81113
2452036.32107 6.86209
2452037.32112 7.31830
2452038.32116 7.08583
2452039.32121 7.32616
2452040.32126 8.15797
2452041.32130 12.03916
2452042.32135 9.49388
2452043.32139 10.95710
2452044.32144 11.38174
2452045.32148 12.72220
2452046.32153 11.44427
2452047.32158 9.56481
2452048.32162 10.38678
2452049.32167 9.79051
2452050.32171 10.74693
2452051.32176 10.69838
2452052.32180 10.20675
2452053.32185 9.67711
2452054.32189 10.21503
2452055.32194 8.58823
2452056.32199 6.17830
2452057.32203 6.24301
2452058.32208 7.27059
2452059.32212 5.51653
2452060.32217 5.55656
2452061.32221 4.86844
2452062.32226 4.33993
2452063.32231 5.10395
2452064.32235 5.59646
2452065.32240 5.05316
2452066.32244 4.23296
2452067.32249 5.68024
2452068.32253 6.06450
2452069.32258 6.70743
2452070.32262 6.84762
2452071.32267 6.61216
2452072.32272 7.72961
2452073.32276 8.10058
2452074.32281 10.24672
2452075.32285 9.98928
2452076.32290 11.12756
2452077.32294 10.30235
2452078.32299 10.27080
2452079.32304 10.59843
2452080.32308 10.10643
2452081.32313 11.52382
2452082.32317 8.73267
2452083.32322 10.06355
2452084.32326 9.60642
2452085.32331 9.26124
2452086.32335 9.38379
2452087.32340 6.97603
2452088.32345 8.19959
2452089.32349 7.44323
2452090.32354 7.07576
2452091.32358 6.59332
2452092.32363 5.71890
2452093.32367 5.58491
2452094.32372 5.95866
2452095.32377 4.19359
2452096.32381 5.76077
2452097.32386 6.21018
2452098.32390 5.70647
2452099.32395 5.39300
2452100.32399 5.87352
2452101.32404 6.95276
2452102.32409 7.33574
2452103.32413 7.61847
2452104.32418 7.10878
2452105.32422 9.73958
2452106.32427 9.64170
2452107.32431 10.01015
2452108.32436 11.11102
2452109.32440 10.33461
2452110.32445 11.16864
2452111.32450 10.40836
2452112.32454 10.86139
2452113.32459 11.75982
2452114.32463 11.08414
2452115.32468 10.96523
2452116.32472 10.25379
2452117.32477 8.24607
2452118.32482 10.86014
2452119.32486 8.35834
2452305.33335 10.86568
2452306.33339 10.46807
2452307.33344 11.32760
2452308.33349 10.92488
2452309.33353 10.94819
2452310.33358 10.37719
2452311.33362 13.00026
2452312.33367 12.25848
2452313.33371 11.72369
2452314.33376 11.73028
2452315.33380 10.96541
2452316.33385 8.91445
2452317.33390 10.11826
2452318.33394 8.62223
2452319.33399 8.86998
2452320.33403 7.36979
2452321.33408 5.81381
2452322.33412 6.52894
2452323.33417 6.10379
2452324.33422 6.90531
2452325.33426 6.22914
2452326.33431 7.30853
2452327.33435 5.62260
2452328.33440 5.56304
2452329.33444 5.69678
2452330.33449 6.04224
2452331.33454 6.46049
2452332.33458 6.36642
2452333.33463 7.15657
2452334.33467 7.38450
2452335.33472 8.42210
2452336.33476 10.51356
2452337.33481 10.67080
2452338.33485 13.14885
2452339.33490 10.69760
2452340.33495 12.36566
2452341.33499 10.96601
2452342.33504 12.10002
2452343.33508 11.33770
2452344.33513 14.14488
2452345.33517 11.43421
2452346.33522 10.61692
2452347.33527 11.32083
2452348.33531 10.12352
2452349.33536 12.26801
2452350.33540 9.98864
2452351.33545 10.98680
2452352.33549 8.74363
2452353.33554 8.16927
2452354.33558 7.64103
2452355.33563 7.12983
2452356.33568 6.94169
2452357.33572 6.46207
2452358.33577 5.45413
2452359.33581 5.75289
2452360.33586 5.51399
2452361.33590 5.44020
2452362.33595 4.95684
2452363.33600 5.30853
2452364.33604 6.25108
2452365.33609 6.68843
2452366.33613 8.43708
2452367.33618 7.47433
2452368.33622 7.22652
2452369.33627 7.91061
2452370.33631 9.51125
2452371.33636 10.92665
2452372.33641 11.62623
2452373.33645 10.79940
2452374.33650 13.51954
2452375.33654 10.93053
2452376.33659 10.24350
2452377.33663 11.15835
2452378.33668 10.20813
2452379.33673 10.88140
2452380.33677 10.75225
2452381.33682 12.36321
2452382.33686 9.16164
2452383.33691 11.64074
2452384.33695 9.44639
2452385.33700 10.21495
2452386.33704 8.70673
2452387.33709 7.05742
2452388.33714 6.74925
2452389.33718 6.44510
2452390.33723 5.96719
2452391.33727 6.86658
2452392.33732 5.54835
2452393.33736 4.63017
2452394.33741 5.60480
2452395.33746 5.75791
2452396.33750 5.99699
2452397.33755 6.53750
2452398.33759 7.10167
2452399.33764 8.53257
2452400.33768 8.36991
2452401.33773 6.69176
2452402.33777 8.04657
2452403.33782 9.28228
2452404.33787 10.82559
2452405.33791 10.95680
2452406.33796 9.84280
2452407.33800 12.03370
2452408.33805 12.21713
2452409.33809 12.90781
2452410.33814 11.08757
2452411.33819 12.37641
2452412.33823 11.65330
2452413.33828 9.36306
2452414.33832 11.56273
2452415.33837 10.28114
2452416.33841 10.32072
2452417.33846 7.13945
2452418.33851 8.46754
2452419.33855 7.53567
2452420.33860 8.39318
2452421.33864 6.82713
2452422.33869 6.61363
2452423.33873 6.09936
2452424.33878 6.19327
2452425.33882 5.81503
2452426.33887 5.42677
2452427.33892 6.07421
2452428.33896 5.93121
2452429.33901 5.92260
2452430.33905 6.27627
2452431.33910 7.53711
2452432.33914 7.70255
2452433.33919 6.90851
2452434.33924 8.50120
2452435.33928 10.49882
2452436.33933 9.02520
2452437.33937 10.31272
2452438.33942 9.62986
2452439.33946 10.60115
2452440.33951 11.13496
2452441.33955 12.26723
2452442.33960 11.06418
2452443.33965 13.47901
2452444.33969 10.43153
2452445.33974 11.73727
2452446.33978 9.43846
2452447.33983 10.85625
2452448.33987 11.37008
2452449.33992 10.07721
2452450.33997 8.09371
2452451.34001 10.39631
2452452.34006 8.93078
2452453.34010 7.30066
2452454.34015 7.13645
2452455.34019 6.74289
2452456.34024 5.30458
2452457.34028 5.57265
2452458.34033 5.85668
2452459.34038 6.58835
2452460.34042 5.44431
2452461.34047 5.86087
2452462.34051 6.80995
2452463.34056 7.01666
2452464.34060 7.98638
2452465.34065 8.03470
2452466.34070 8.27792
2452467.34074 8.86061
2452468.34079 10.33159
2452469.34083 9.08095
2452470.34088 10.98254
2452471.34092 10.20572
2452472.34097 10.66473
2452473.34101 11.63870
2452474.34106 11.60769
2452475.34111 11.05240
2452476.34115 11.54194
2452477.34120 11.57000
2452478.34124 12.05931
2452479.34129 11.15044
2452480.34133 11.19946
2452481.34138 10.67486
2452482.34143 9.23106
2452483.34147 9.58069
2452484.34152 6.54243
2452670.35000 13.35056
2452671.35005 14.00150
2452672.35010 11.96005
2452673.35014 11.11004
2452674.35019 12.44018
2452675.35023 10.21657
2452676.35028 13.14876
2452677.35032 11.87177
2452678.35037 10.13893
2452679.35042 9.21402
2452680.35046 7.56948
2452681.35051 9.83865
2452682.35055 7.46461
2452683.35060 7.97086
2452684.35064 7.74227
2452685.35069 6.89587
2452686.35073 5.91209
2452687.35078 6.52685
2452688.35083 6.24597
2452689.35087 5.98045
2452690.35092 7.02496
2452691.35096 7.18196
2452692.35101 6.07408
2452693.35105 6.97107
2452694.35110 6.44576
2452695.35115 6.10443
2452696.35119 7.94624
2452697.35124 7.03227
2452698.35128 9.67586
2452699.35133 9.23152
2452700.35137 9.52001
2452701.35142 9.30522
2452702.35146 10.78752
2452703.35151 10.75897
2452704.35156 9.66822
2452705.35160 11.45715
2452706.35165 11.83019
2452707.35169 12.41759
2452708.35174 11.14716
2452709.35178 11.44375
2452710.35183 10.76451
2452711.35188 10.39203
2452712.35192 10.06487
2452713.35197 10.21593
2452714.35201 9.09230
2452715.35206 8.57823
2452716.35210 9.13435
2452717.35215 7.81178
2452718.35219 7.92857
2452719.35224 5.78852
2452720.35229 7.57004
2452721.35233 6.43322
2452722.35238 5.99201
2452723.35242 6.45727
2452724.35247 7.01512
2452725.35251 5.65848
2452726.35256 5.16256
2452727.35261 6.91628
2452728.35265 6.04830
2452729.35270 6.87820
2452730.35274 9.85894
2452731.35279 7.75949
2452732.35283 8.04843
2452733.35288 10.51771
2452734.35293 11.11462
2452735.35297 12.28897
2452736.35302 9.55246
2452737.35306 11.13215
2452738.35311 12.49960
2452739.35315 11.31948
2452740.35320 13.47959
2452741.35324 11.21767
2452742.35329 11.21430
2452743.35334 10.89068
2452744.35338 12.17764
2452745.35343 10.86638
2452746.35347 9.59087
2452747.35352 8.66592
2452748.35356 8.98121
2452749.35361 8.63469
2452750.35366 7.97655
2452751.35370 7.31031
2452752.35375 7.07669
2452753.35379 6.10475
2452754.35384 6.36008
2452755.35388 5.99234
2452756.35393 5.38623
2452757.35397 6.07738
2452758.35402 6.21326
2452759.35407 5.61180
2452760.35411 7.39401
2452761.35416 6.85707
2452762.35420 7.68910
2452763.35425 7.56217
2452764.35429 8.57839
2452765.35434 11.27368
2452766.35439 10.29389
2452767.35443 10.07964
2452768.35448 9.51579
2452769.35452 10.77953
2452770.35457 10.95014
2452771.35461 12.18443
2452772.35466 11.05233
2452773.35470 12.73734
2452774.35475 11.50438
2452775.35480 9.91259
2452776.35484 12.48095
2452777.35489 10.48902
2452778.35493 9.63786
2452779.35498 9.91199
2452780.35502 9.79646
2452781.35507 8.40966
2452782.35512 8.85582
2452783.35516 7.07727
2452784.35521 8.15139
2452785.35525 5.77367
2452786.35530 6.16855
2452787.35534 6.91632
2452788.35539 5.74117
2452789.35543 5.77708
2452790.35548 5.11727
2452791.35553 6.78464
2452792.35557 6.39247
2452793.35562 7.25385
2452794.35566 7.42786
2452795.35571 6.30873
2452796.35575 6.65888
2452797.35580 8.18155
2452798.35585 10.91854
2452799.35589 9.49822
2452800.35594 12.08567
2452801.35598 9.28276
2452802.35603 11.86783
2452803.35607 12.23959
2452804.35612 10.15723
2452805.35617 9.61015
2452806.35621 13.56324
2452807.35626 10.67727
2452808.35630 12.95401
2452809.35635 10.45315
2452810.35639 12.04213
2452811.35644 10.28617
2452812.35648 10.83223
2452813.35653 10.09937
2452814.35658 10.17251
2452815.35662 9.48887
2452816.35667 8.34153
2452817.35671 7.08536
2452818.35676 5.65776
2452819.35680 6.41090
2452820.35685 6.08876
2452821.35690 7.01198
2452822.35694 6.82716
2452823.35699 6.12794
2452824.35703 6.55179
2452825.35708 7.58432
2452826.35712 6.27925
2452827.35717 7.36327
2452828.35721 7.07314
2452829.35726 8.76665
2452830.35731 8.27605
2452831.35735 7.62319
2452832.35740 10.99184
2452833.35744 10.24344
2452834.35749 12.28813
2452835.35753 12.56983
2452836.35758 11.85157
2452837.35763 9.99912
2452838.35767 12.33212
2452839.35772 11.39274
2452840.35776 14.45081
2452841.35781 12.22642
2452842.35785 12.96181
2452843.35790 11.20428
2452844.35794 11.95005
2452845.35799 10.63315
2452846.35804 9.13702
2452847.35808 9.93416
2452848.35813 7.03787
2452849.35817 8.96763
2453036.36671 13.49618
2453037.36675 12.34976
2453038.36680 11.00688
2453039.36684 10.14416
2453040.36689 12.07960
2453041.36693 11.42712
2453042.36698 8.31685
2453043.36703 9.42817
2453044.36707 7.80566
2453045.36712 8.68642
2453046.36716 7.74418
2453047.36721 7.69764
2453048.36725 6.40865
2453049.36730 7.67022
2453050.36735 5.31904
2453051.36739 6.69789
2453052.36744 6.61527
2453053.36748 5.12264
2453054.36753 5.64474
2453055.36757 6.08059
2453056.36762 5.15274
2453057.36766 6.45350
2453058.36771 5.97065
2453059.36776 7.31309
2453060.36780 7.47436
2453061.36785 8.67416
2453062.36789 8.70012
2453063.36794 9.90826
2453064.36798 9.37216
2453065.36803 6.98026
2453066.36808 10.62043
2453067.36812 9.61059
2453068.36817 12.55850
2453069.36821 10.15419
2453070.36826 12.82505
2453071.36830 12.18769
2453072.36835 11.50997
2453073.36839 12.39675
2453074.36844 8.02904
2453075.36849 10.13143
2453076.36853 9.72281
2453077.36858 8.83661
2453078.36862 8.70322
2453079.36867 7.96489
2453080.36871 6.56218
2453081.36876 7.48687
2453082.36881 6.35656
2453083.36885 6.53211
2453084.36890 6.11291
2453085.36894 6.47706
2453086.36899 6.88056
2453087.36903 4.84167
2453088.36908 6.66797
2453089.36912 6.65440
2453090.36917 6.78963
2453091.36922 7.62584
2453092.36926 8.71700
2453093.36931 7.45553
2453094.36935 11.27753
2453095.36940 7.85843
2453096.36944 9.24443
2453097.36949 10.68707
2453098.36954 9.98097
2453099.36958 10.79451
2453100.36963 11.83699
2453101.36967 11.69627
2453102.36972 13.56528
2453103.36976 13.17550
2453104.36981 10.90945
2453105.36985 11.67067
2453106.36990 12.07781
2453107.36995 8.44952
2453108.36999 10.45022
2453109.37004 9.36308
2453110.37008 9.16478
2453111.37013 10.30026
2453112.37017 8.81177
2453113.37022 7.94049
2453114.37027 6.59965
2453115.37031 7.46513
2453116.37036 5.62462
2453117.37040 5.97358
2453118.37045 6.12103
2453119.37049 5.96104
2453120.37054 5.61402
2453121.37059 5.54786
2453122.37063 7.30588
2453123.37068 5.70760
2453124.37072 7.57046
2453125.37077 7.18703
2453126.37081 7.15335
2453127.37086 8.16901
2453128.37090 8.75888
2453129.37095 8.41342
2453130.37100 11.43641
2453131.37104 10.76199
2453132.37109 9.74285
2453133.37113 10.32411
2453134.37118 9.29650
2453135.37122 11.85962
2453136.37127 11.08679
2453137.37132 9.69842
2453138.37136 10.14876
2453139.37141 10.27499
2453140.37145 9.68657
2453141.37150 12.76550
2453142.37154 10.64082
2453143.37159 7.98193
2453144.37163 9.13754
2453145.37168 7.91828
2453146.37173 7.67814
2453147.37177 6.79101
2453148.37182 7.05516
2453149.37186 7.11595
2453150.37191 6.08277
2453151.37195 5.27661
2453152.37200 5.78045
2453153.37205 6.24566
2453154.37209 6.45493
2453155.37214 5.97344
2453156.37218 5.53088
2453157.37223 7.64481
2453158.37227 7.19318
2453159.37232 8.14366
2453160.37236 10.01253
2453161.37241 9.42209
2453162.37246 10.08195
2453163.37250 9.79181
2453164.37255 11.14570
2453165.37259 8.45582
2453166.37264 8.59296
2453167.37268 11.55252
2453168.37273 9.66463
2453169.37278 13.40849
2453170.37282 12.56927
2453171.37287 13.03718
2453172.37291 10.51692
2453173.37296 10.89070
2453174.37300 10.04306
2453175.37305 9.32963
2453176.37309 8.18992
2453177.37314 8.31030
2453178.37319 7.38249
2453179.37323 7.86158
2453180.37328 6.61108
2453181.37332 7.42404
2453182.37337 5.70917
2453183.37341 5.79941
2453184.37346 5.99455
2453185.37351 5.66842
2453186.37355 5.39615
2453187.37360 6.31987
2453188.37364 5.88829
2453189.37369 7.11071
2453190.37373 6.74461
2453191.37378 7.70740
2453192.37382 8.10947
2453193.37387 6.92566
2453194.37392 10.48452
2453195.37396 7.92647
2453196.37401 10.92749
2453197.37405 9.92410
2453198.37410 10.69340
2453199.37414 10.34642
2453200.37419 12.35517
2453201.37424 10.52583
2453202.37428 10.12487
2453203.37433 12.85017
2453204.37437 12.67282
2453205.37442 10.74730
2453206.37446 9.25005
2453207.37451 9.60249
2453208.37456 9.17667
2453209.37460 9.94256
2453210.37465 9.87705
2453211.37469 8.42313
2453212.37474 7.30879
2453213.37478 6.19068
2453214.37483 6.89160
2453215.37487 6.61379
2453401.38336 9.39961
2453402.38341 10.53551
2453403.38345 11.20003
2453404.38350 9.73299
2453405.38354 9.70337
2453406.38359 10.02749
2453407.38364 8.70215
2453408.38368 6.26516
2453409.38373 8.45510
2453410.38377 7.37951
2453411.38382 5.54471
2453412.38386 6.71369
2453413.38391 5.29393
2453414.38396 6.00945
2453415.38400 4.61876
2453416.38405 5.57197
2453417.38409 5.41526
2453418.38414 4.86833
2453419.38418 5.66194
2453420.38423 6.86374
2453421.38427 7.55757
2453422.38432 6.58116
2453423.38437 8.02780
2453424.38441 6.58621
2453425.38446 9.46076
2453426.38450 9.77970
2453427.38455 10.94324
2453428.38459 9.31693
2453429.38464 9.67880
2453430.38469 11.75745
2453431.38473 11.11358
2453432.38478 10.89198
2453433.38482 11.78996
2453434.38487 11.56109
2453435.38491 10.69239
2453436.38496 11.37276
2453437.38501 10.49405
2453438.38505 9.58432
2453439.38510 7.80232
2453440.38514 8.23123
2453441.38519 8.27727
2453442.38523 6.41088
2453443.38528 6.06912
2453444.38532 5.57639
2453445.38537 6.03508
2453446.38542 5.67330
2453447.38546 4.72550
2453448.38551 4.74428
2453449.38555 5.79921
2453450.38560 5.50952
2453451.38564 5.62423
2453452.38569 4.82002
2453453.38574 6.13875
2453454.38578 5.97318
2453455.38583 5.70645
2453456.38587 6.28195
2453457.38592 8.51128
2453458.38596 6.82934
2453459.38601 11.05309
2453460.38605 7.50107
2453461.38610 10.75903
2453462.38615 10.40416
2453463.38619 11.21898
2453464.38624 11.34675
2453465.38628 11.89224
2453466.38633 10.72115
2453467.38637 11.10060
2453468.38642 10.89484
2453469.38647 10.84946
2453470.38651 10.08555
2453471.38656 10.53202
2453472.38660 7.90002
2453473.38665 9.06573
2453474.38669 7.58934
2453475.38674 7.47075
2453476.38678 8.46168
2453477.38683 7.26274
2453478.38688 5.00193
2453479.38692 5.40745
2453480.38697 4.98091
2453481.38701 5.53036
2453482.38706 5.72075
2453483.38710 4.61386
2453484.38715 5.13131
2453485.38720 5.54138
2453486.38724 5.43114
2453487.38729 6.23974
2453488.38733 7.13477
2453489.38738 7.46825
2453490.38742 7.23533
2453491.38747 9.44114
2453492.38751 6.77576
2453493.38756 7.22132
2453494.38761 9.19694
2453495.38765 10.36306
2453496.38770 9.24642
2453497.38774 13.12432
2453498.38779 10.85870
2453499.38783 10.54173
2453500.38788 11.70591
2453501.38793 8.84507
2453502.38797 11.65566
2453503.38802 8.66247
2453504.38806 8.21408
2453505.38811 9.04874
2453506.38815 7.95991
2453507.38820 8.48497
2453508.38824 7.04955
2453509.38829 7.43283
2453510.38834 6.74676
2453511.38838 6.13413
2453512.38843 5.57354
2453513.38847 5.07799
2453514.38852 5.00681
2453515.38856 5.05031
2453516.38861 5.46471
2453517.38866 5.25613
2453518.38870 5.04767
2453519.38875 6.12216
2453520.38879 5.79511
2453521.38884 7.48019
2453522.38888 7.39762
2453523.38893 8.59793
2453524.38898 8.06881
2453525.38902 9.16985
2453526.38907 9.07021
2453527.38911 8.98876
2453528.38916 10.64238
2453529.38920 9.66263
2453530.38925 9.85793
2453531.38929 8.78441
2453532.38934 12.05121
2453533.38939 10.15855
2453534.38943 9.95039
2453535.38948 9.53439
2453536.38952 9.37168
2453537.38957 8.67490
2453538.38961 7.85866
2453539.38966 8.84349
2453540.38971 7.30722
2453541.38975 7.98015
2453542.38980 6.81160
2453543.38984 4.96517
2453544.38989 6.19240
2453545.38993 5.48821
2453546.38998 5.25303
2453547.39002 5.37159
2453548.39007 4.53864
2453549.39012 5.59847
2453550.39016 4.89488
2453551.39021 6.18590
2453552.39025 4.94194
2453553.39030 5.37426
2453554.39034 6.56209
2453555.39039 7.19094
2453556.39044 7.39876
2453557.39048 8.11147
2453558.39053 9.30785
2453559.39057 8.76027
2453560.39062 8.44198
2453561.39066 11.21599
2453562.39071 11.33814
2453563.39075 11.43642
2453564.39080 9.22422
2453565.39085 9.62771
2453566.39089 10.99814
2453567.39094 12.12447
2453568.39098 11.50096
2453569.39103 9.50408
2453570.39107 8.48001
2453571.39112 7.82706
2453572.39117 8.00833
2453573.39121 9.83893
2453574.39126 6.43383
2453575.39130 6.66389
2453576.39135 5.68961
2453577.39139 5.91476
2453578.39144 4.40983
2453579.39148 4.52511
2453580.39153 4.45528
2453766.40002 8.29202
2453767.40006 8.30538
2453768.40011 8.67855
2453769.40016 9.34204
2453770.40020 7.51169
2453771.40025 6.59276
2453772.40029 6.95261
2453773.40034 6.73082
2453774.40038 4.96597
2453775.40043 4.78430
2453776.40047 4.50522
2453777.40052 4.44977
2453778.40057 4.31089
2453779.40061 4.37729
2453780.40066 4.17796
2453781.40070 4.69599
2453782.40075 4.51163
2453783.40079 4.16821
2453784.40084 5.62582
2453785.40089 5.27152
2453786.40093 5.96832
2453787.40098 7.29547
2453788.40102 7.58083
2453789.40107 7.39116
2453790.40111 9.27373
2453791.40116 9.70986
2453792.40120 7.93277
2453793.40125 6.71226
2453794.40130 9.64028
2453795.40134 9.62112
2453796.40139 10.67269
2453797.40143 11.14503
2453798.40148 11.09341
2453799.40152 11.21728
2453800.40157 8.02196
2453801.40162 9.83512
2453802.40166 6.75772
2453803.40171 5.61275
2453804.40175 6.15976
2453805.40180 6.59507
2453806.40184 6.26929
2453807.40189 5.31632
2453808.40193 5.07396
2453809.40198 4.84674
2453810.40203 4.48396
2453811.40207 3.83554
2453812.40212 4.28072
2453813.40216 4.86946
2453814.40221 4.27402
2453815.40225 3.95054
2453816.40230 5.71184
2453817.40235 5.27909
2453818.40239 5.53147
2453819.40244 7.14938
2453820.40248 6.13103
2453821.40253 7.42379
2453822.40257 6.37808
2453823.40262 7.60637
2453824.40266 7.38959
2453825.40271 8.88983
2453826.40276 9.84114
2453827.40280 9.40435
2453828.40285 10.23927
2453829.40289 9.73308
2453830.40294 8.68384
2453831.40298 10.40004
2453832.40303 9.83917
2453833.40308 9.49432
2453834.40312 7.95347
2453835.40317 6.72834
2453836.40321 7.53023
2453837.40326 7.62732
2453838.40330 6.15822
2453839.40335 5.53795
2453840.40340 5.63416
2453841.40344 4.16929
2453842.40349 3.77677
2453843.40353 4.72674
2453844.40358 4.27997
2453845.40362 4.30487
2453846.40367 4.19691
2453847.40371 3.64132
2453848.40376 4.14418
2453849.40381 4.60442
2453850.40385 5.39834
2453851.40390 5.30323
2453852.40394 6.34206
2453853.40399 6.04288
2453854.40403 8.15620
2453855.40408 7.71895
2453856.40413 8.42392
2453857.40417 8.97638
2453858.40422 6.69554
2453859.40426 9.58628
2453860.40431 9.37264
2453861.40435 9.29291
2453862.40440 9.97849
2453863.40444 9.10798
2453864.40449 10.61476
2453865.40454 10.77614
2453866.40458 8.93180
2453867.40463 9.02479
2453868.40467 7.62757
2453869.40472 6.57097
2453870.40476 7.14762
2453871.40481 5.65233
2453872.40486 5.43061
2453873.40490 5.34789
2453874.40495 4.87755
2453875.40499 4.55866
2453876.40504 4.77890
2453877.40508 4.53106
2453878.40513 4.42924
2453879.40517 4.12546
2453880.40522 3.63382
2453881.40527 4.23124
2453882.40531 4.36778
2453883.40536 5.10387
2453884.40540 6.09061
2453885.40545 6.16596
2453886.40549 6.38035
2453887.40554 7.49346
2453888.40559 7.46090
2453889.40563 7.86717
2453890.40568 9.04400
2453891.40572 9.23892
2453892.40577 8.54288
2453893.40581 8.03602
2453894.40586 9.66544
2453895.40590 9.20801
2453896.40595 9.04464
2453897.40600 8.80706
2453898.40604 8.93630
2453899.40609 8.72878
2453900.40613 7.82413
2453901.40618 7.16931
2453902.40622 6.05066
2453903.40627 6.80495
2453904.40632 6.71514
2453905.40636 5.81945
2453906.40641 4.51026
2453907.40645 4.42780
2453908.40650 4.01607
2453909.40654 3.83291
2453910.40659 3.73246
2453911.40664 3.68309
2453912.40668 4.85986
2453913.40673 3.83980
2453914.40677 3.43234
2453915.40682 5.02938
2453916.40686 4.99827
2453917.40691 5.83123
2453918.40695 5.81028
2453919.40700 7.22022
2453920.40705 7.00478
2453921.40709 8.12043
2453922.40714 8.62809
2453923.40718 8.03272
2453924.40723 8.90070
2453925.40727 10.09301
2453926.40732 9.72320
2453927.40737 10.34690
2453928.40741 11.71025
2453929.40746 8.89853
2453930.40750 8.89538
2453931.40755 7.54755
2453932.40759 7.68657
2453933.40764 7.59828
2453934.40768 7.98250
2453935.40773 7.03980
2453936.40778 6.30395
2453937.40782 6.03970
2453938.40787 5.32103
2453939.40791 5.01872
2453940.40796 4.04855
2453941.40800 4.99750
2453942.40805 4.01825
2453943.40810 3.70075
2453944.40814 3.75123
2453945.40819 3.51995
2454131.41667 8.44685
2454132.41672 6.12075
2454133.41677 6.70556
2454134.41681 7.10703
2454135.41686 5.16013
2454136.41690 4.00877
2454137.41695 4.55599
2454138.41699 4.11529
2454139.41704 3.79029
2454140.41708 3.34122
2454141.41713 3.46722
2454142.41718 3.56740
2454143.41722 3.10730
2454144.41727 3.47970
2454145.41731 3.34891
2454146.41736 4.71745
2454147.41740 4.71096
2454148.41745 5.58871
2454149.41750 5.62315
2454150.41754 4.93894
2454151.41759 5.73102
2454152.41763 7.15474
2454153.41768 6.95778
2454154.41772 8.14591
2454155.41777 7.85875
2454156.41782 8.99458
2454157.41786 10.22945
2454158.41791 7.53142
2454159.41795 7.31028
2454160.41800 8.41791
2454161.41804 8.44721
2454162.41809 7.80659
2454163.41813 8.21363
2454164.41818 7.25364
2454165.41823 6.48135
2454166.41827 6.72501
2454167.41832 6.50609
2454168.41836 5.62567
2454169.41841 5.95411
2454170.41845 4.37793
2454171.41850 3.74172
2454172.41855 3.85651
2454173.41859 2.86699
2454174.41864 3.94733
2454175.41868 3.74013
2454176.41873 3.64023
2454177.41877 2.55280
2454178.41882 3.37258
2454179.41886 3.79452
2454180.41891 4.20773
2454181.41896 4.91010
2454182.41900 5.61214
2454183.41905 6.48643
2454184.41909 6.55435
2454185.41914 6.51459
2454186.41918 7.06227
2454187.41923 8.08370
2454188.41928 6.97174
2454189.41932 8.08844
2454190.41937 9.83183
2454191.41941 9.15866
2454192.41946 9.54098
2454193.41950 8.81630
2454194.41955 9.23645
2454195.41959 8.57568
2454196.41964 9.28430
2454197.41969 7.10417
2454198.41973 6.44910
2454199.41978 5.33954
2454200.41982 5.92724
2454201.41987 5.91880
2454202.41991 5.53285
2454203.41996 4.46342
2454204.42001 4.57761
2454205.42005 3.78243
2454206.42010 3.00204
2454207.42014 3.49961
2454208.42019 2.93587
2454209.42023 2.98973
2454210.42028 3.65529
2454211.42032 3.88274
2454212.42037 3.87676
2454213.42042 3.78057
2454214.42046 4.01903
2454215.42051 5.22576
2454216.42055 5.63652
2454217.42060 5.80484
2454218.42064 6.85713
2454219.42069 7.09857
2454220.42074 7.04770
2454221.42078 6.99100
2454222.42083 8.09412
2454223.42087 8.06296
2454224.42092 8.20510
2454225.42096 8.45626
2454226.42101 8.47249
2454227.42106 7.86320
2454228.42110 8.56879
2454229.42115 7.47495
2454230.42119 7.56497
2454231.42124 6.27406
2454232.42128 6.05664
2454233.42133 6.16809
2454234.42137 4.61517
2454235.42142 5.44642
2454236.42147 4.60948
2454237.42151 3.95539
2454238.42156 3.77066
2454239.42160 2.91156
2454240.42165 3.23595
2454241.42169 2.51819
2454242.42174 3.32080
2454243.42179 2.85685
2454244.42183 3.61414
2454245.42188 3.27617
2454246.42192 4.00940
2454247.42197 4.45358
2454248.42201 4.91506
2454249.42206 5.70846
2454250.42210 5.28310
2454251.42215 5.23506
2454252.42220 6.41026
2454253.42224 8.12535
2454254.42229 7.42709
2454255.42233 7.52761
2454256.42238 9.75786
2454257.42242 7.51540
2454258.42247 9.21280
2454259.42252 7.51727
2454260.42256 7.35199
2454261.42261 8.65341
2454262.42265 8.12956
2454263.42270 6.63524
2454264.42274 5.38191
2454265.42279 6.19612
2454266.42283 5.67116
2454267.42288 6.26071
2454268.42293 4.15481
2454269.42297 4.17121
2454270.42302 3.81330
2454271.42306 3.47735
2454272.42311 3.02500
2454273.42315 2.88571
2454274.42320 2.89837
2454275.42325 3.04500
2454276.42329 3.33254
2454277.42334 3.35802
2454278.42338 3.34645
2454279.42343 4.33687
2454280.42347 4.45902
2454281.42352 4.93454
2454282.42356 4.87456
2454283.42361 6.50385
2454284.42366 6.37223
2454285.42370 7.40561
2454286.42375 6.96563
2454287.42379 7.05849
2454288.42384 6.73048
2454289.42388 8.25112
2454290.42393 7.47419
2454291.42398 7.50960
2454292.42402 9.00362
2454293.42407 8.52779
2454294.42411 7.18687
2454295.42416 5.49691
2454296.42420 6.28028
2454297.42425 8.11149
2454298.42429 6.27343
2454299.42434 5.27239
2454300.42439 5.56685
2454301.42443 4.33471
2454302.42448 3.77024
2454303.42452 3.86170
2454304.42457 3.45281
2454305.42461 2.72168
2454306.42466 2.86187
2454307.42471 2.55972
2454308.42475 2.96427
2454309.42480 2.92953
2454310.42484 3.50379
2454497.43338 4.59095
2454498.43342 4.86392
2454499.43347 3.95739
2454500.43351 4.02439
2454501.43356 2.60388
2454502.43360 3.34886
2454503.43365 2.95541
2454504.43370 2.56729
2454505.43374 2.81875
2454506.43379 2.31353
2454507.43383 2.88839
2454508.43388 2.91750
2454509.43392 2.94676
2454510.43397 3.89656
2454511.43401 3.90966
2454512.43406 4.12070
2454513.43411 5.13597
2454514.43415 5.05323
2454515.43420 5.11866
2454516.43424 6.45936
2454517.43429 6.87362
2454518.43433 7.11084
2454519.43438 7.34009
2454520.43443 7.21101
2454521.43447 7.10863
2454522.43452 8.58278
2454523.43456 7.84490
2454524.43461 7.63446
2454525.43465 6.30208
2454526.43470 7.55492
2454527.43474 6.16467
2454528.43479 5.85097
2454529.43484 6.00892
2454530.43488 4.80090
2454531.43493 4.65556
2454532.43497 4.20749
2454533.43502 3.76923
2454534.43506 3.32648
2454535.43511 3.01833
2454536.43516 2.90038
2454537.43520 2.53102
2454538.43525 2.73161
2454539.43529 2.31527
2454540.43534 2.47481
2454541.43538 3.26641
2454542.43543 2.72978
2454543.43548 3.10816
2454544.43552 3.58939
2454545.43557 4.86344
2454546.43561 4.92282
2454547.43566 5.62695
2454548.43570 5.53787
2454549.43575 5.64767
2454550.43579 5.96824
2454551.43584 6.77442
2454552.43589 8.05246
2454553.43593 7.41372
2454554.43598 7.96742
2454555.43602 6.17960
2454556.43607 7.36959
2454557.43611 7.01954
2454558.43616 7.43790
2454559.43621 8.11494
2454560.43625 7.20847
2454561.43630 5.81859
2454562.43634 4.88030
2454563.43639 5.32583
2454564.43643 4.66698
2454565.43648 4.18620
2454566.43652 3.44109
2454567.43657 3.45377
2454568.43662 2.80166
2454569.43666 2.26349
2454570.43671 2.72501
2454571.43675 2.37937
2454572.43680 2.59098
2454573.43684 2.60708
2454574.43689 2.80467
2454575.43694 3.53623
2454576.43698 3.48608
2454577.43703 3.17108
2454578.43707 3.70270
2454579.43712 4.47547
2454580.43716 4.37283
2454581.43721 4.92800
2454582.43725 6.89253
2454583.43730 7.08312
2454584.43735 7.47973
2454585.43739 6.75402
2454586.43744 6.78703
2454587.43748 7.37303
2454588.43753 8.39464
2454589.43757 7.45500
2454590.43762 8.00414
2454591.43767 8.38209
2454592.43771 6.66050
2454593.43776 5.74641
2454594.43780 7.14139
2454595.43785 5.84187
2454596.43789 4.58994
2454597.43794 4.19122
2454598.43798 4.46926
2454599.43803 3.50581
2454600.43808 2.82843
2454601.43812 2.48616
2454602.43817 2.72305
2454603.43821 2.48447
2454604.43826 2.62736
2454605.43830 1.68601
2454606.43835 2.37709
2454607.43840 2.33288
2454608.43844 2.41384
2454609.43849 3.12101
2454610.43853 3.71922
2454611.43858 4.46861
2454612.43862 5.34948
2454613.43867 4.53957
2454614.43871 5.69558
2454615.43876 5.72591
2454616.43881 5.62551
2454617.43885 7.66480
2454618.43890 7.89231
2454619.43894 7.65649
2454620.43899 7.92548
2454621.43903 7.28455
2454622.43908 7.78351
2454623.43913 7.50015
2454624.43917 6.96671
2454625.43922 7.33301
2454626.43926 6.05002
2454627.43931 6.60806
2454628.43935 6.20423
2454629.43940 5.28881
2454630.43945 4.55182
2454631.43949 3.89871
2454632.43954 3.38273
2454633.43958 3.22085
2454634.43963 2.51535
2454635.43967 2.24410
2454636.43972 2.08274
2454637.43976 2.11527
2454638.43981 2.00440
2454639.43986 2.02873
2454640.43990 2.30921
2454641.43995 2.73629
2454642.43999 3.02397
2454643.44004 3.61149
2454644.44008 4.39365
2454645.44013 4.60771
2454646.44018 4.44323
2454647.44022 6.05250
2454648.44027 5.90533
2454649.44031 6.56918
2454650.44036 7.04374
2454651.44040 7.25965
2454652.44045 8.64855
2454653.44049 7.36710
2454654.44054 8.25326
2454655.44059 7.48100
2454656.44063 7.38252
2454657.44068 6.85946
2454658.44072 5.74240
2454659.44077 6.75427
2454660.44081 6.35313
2454661.44086 3.94065
2454662.44091 4.92392
2454663.44095 4.48009
2454664.44100 3.93384
2454665.44104 3.63134
2454666.44109 2.94138
2454667.44113 2.76099
2454668.44118 2.86122
2454669.44122 1.87488
2454670.44127 2.26378
2454671.44132 2.08165
2454672.44136 2.13572
2454673.44141 2.75751
2454674.44145 2.73230
2454675.44150 3.00430
2454676.44154 3.52341
2454862.45003 3.30607
2454863.45008 3.67088
2454864.45012 3.00346
2454865.45017 2.33650
2454866.45021 2.11799
2454867.45026 2.04760
2454868.45031 2.10991
2454869.45035 1.76182
2454870.45040 1.86256
2454871.45044 2.33733
2454872.45049 2.34422
2454873.45053 2.72974
2454874.45058 3.34102
2454875.45063 3.10980
2454876.45067 4.53306
2454877.45072 4.36869
2454878.45076 6.18327
2454879.45081 6.70329
2454880.45085 6.94460
2454881.45090 5.97126
2454882.45094 6.06783
2454883.45099 6.84454
2454884.45104 7.75782
2454885.45108 7.79173
2454886.45113 7.03111
2454887.45117 5.30531
2454888.45122 6.88597
2454889.45126 5.47148
2454890.45131 6.26195
2454891.45136 5.65115
2454892.45140 4.65446
2454893.45145 5.52289
2454894.45149 4.22076
2454895.45154 3.95721
2454896.45158 3.58052
2454897.45163 2.61091
2454898.45167 2.54278
2454899.45172 1.88683
2454900.45177 1.99129
2454901.45181 1.77832
2454902.45186 1.89559
2454903.45190 1.97621
2454904.45195 2.01710
2454905.45199 2.68646
2454906.45204 2.94521
2454907.45209 3.17410
2454908.45213 4.60160
2454909.45218 3.68349
2454910.45222 4.06830
2454911.45227 5.90291
2454912.45231 6.13659
2454913.45236 6.75325
2454914.45240 7.37127
2454915.45245 7.69269
2454916.45250 6.41689
2454917.45254 7.02857
2454918.45259 7.68686
2454919.45263 6.18317
2454920.45268 6.50149
2454921.45272 7.97239
2454922.45277 5.70123
2454923.45282 6.38265
2454924.45286 5.67410
2454925.45291 5.40560
2454926.45295 4.09103
2454927.45300 4.37567
2454928.45304 3.05676
2454929.45309 3.11471
2454930.45313 2.77533
2454931.45318 2.51931
2454932.45323 2.45315
2454933.45327 1.82455
2454934.45332 2.07433
2454935.45336 2.16584
2454936.45341 1.84253
2454937.45345 1.81216
2454938.45350 2.36004
2454939.45355 3.10674
2454940.45359 3.59134
2454941.45364 3.38303
2454942.45368 4.19456
2454943.45373 4.97096
2454944.45377 5.64146
2454945.45382 6.01502
2454946.45387 6.89365
2454947.45391 6.92711
2454948.45396 6.70165
2454949.45400 7.14358
2454950.45405 7.26640
2454951.45409 7.64070
2454952.45414 6.09889
2454953.45418 6.55759
2454954.45423 6.98005
2454955.45428 6.99754
2454956.45432 6.62731
2454957.45437 4.29680
2454958.45441 5.77501
2454959.45446 4.72140
2454960.45450 3.52629
2454961.45455 3.41748
2454962.45460 2.69094
2454963.45464 2.89219
2454964.45469 2.35416
2454965.45473 2.06685
2454966.45478 2.43363
2454967.45482 1.99394
2454968.45487 2.07453
2454969.45491 1.92864
2454970.45496 2.16622
2454971.45501 2.40701
2454972.45505 3.03361
2454973.45510 3.47461
2454974.45514 3.67241
2454975.45519 3.76072
2454976.45523 5.24399
2454977.45528 5.17207
2454978.45533 4.57324
2454979.45537 7.50853
2454980.45542 6.63546
2454981.45546 6.77363
2454982.45551 5.65703
2454983.45555 7.66262
2454984.45560 6.14607
2454985.45564 8.36716
2454986.45569 5.39864
2454987.45574 7.29075
2454988.45578 7.39527
2454989.45583 6.19128
2454990.45587 5.68192
2454991.45592 5.29702
2454992.45596 3.82562
2454993.45601 3.91396
2454994.45606 3.76002
2454995.45610 3.47467
2454996.45615 3.03274
2454997.45619 2.19333
2454998.45624 2.33347
2454999.45628 2.11581
2455000.45633 1.49316
2455001.45637 1.58470
2455002.45642 2.14693
2455003.45647 2.14628
2455004.45651 2.68625
2455005.45656 3.29322
2455006.45660 3.56333
2455007.45665 3.43235
2455008.45669 3.92569
2455009.45674 4.55139
2455010.45679 5.38877
2455011.45683 6.24205
2455012.45688 4.97658
2455013.45692 6.46518
2455014.45697 7.31727
2455015.45701 7.81329
2455016.45706 7.97168
2455017.45711 5.90523
2455018.45715 5.84917
2455019.45720 7.28080
2455020.45724 7.88749
2455021.45729 6.58369
2455022.45733 6.02281
2455023.45738 4.93570
2455024.45742 4.77099
2455025.45747 4.20983
2455026.45752 4.03093
2455027.45756 3.42005
2455028.45761 3.38407
2455029.45765 3.13912
2455030.45770 2.36661
2455031.45774 2.04925
2455032.45779 1.85666
2455033.45784 2.20355
2455034.45788 1.66092
2455035.45793 1.98929
2455036.45797 1.89936
2455037.45802 1.94684
2455038.45806 2.63012
2455039.45811 3.17430
2455040.45815 3.27278
2455041.45820 3.67826
2455227.46669 2.49188
2455228.46673 2.42340
2455229.46678 2.17620
2455230.46682 2.31971
2455231.46687 2.09633
2455232.46692 1.90863
2455233.46696 1.74693
2455234.46701 1.92099
2455235.46705 2.56681
2455236.46710 3.40991
2455237.46714 3.10562
2455238.46719 2.99606
2455239.46724 4.38154
2455240.46728 5.13303
2455241.46733 5.25486
2455242.46737 5.52259
2455243.46742 5.53015
2455244.46746 5.78545
2455245.46751 6.97480
2455246.46755 6.28816
2455247.46760 7.29799
2455248.46765 6.53971
2455249.46769 7.74129
2455250.46774 6.66387
2455251.46778 6.65326
2455252.46783 6.71940
2455253.46787 6.78295
2455254.46792 6.07256
2455255.46797 5.22570
2455256.46801 4.71473
2455257.46806 3.73037
2455258.46810 3.62264
2455259.46815 3.73576
2455260.46819 2.89577
2455261.46824 2.32556
2455262.46829 2.41193
2455263.46833 2.08792
2455264.46838 1.57847
2455265.46842 1.77575
2455266.46847 1.78496
2455267.46851 1.97629
2455268.46856 2.30443
2455269.46860 2.97620
2455270.46865 2.88909
2455271.46870 3.15578
2455272.46874 4.42474
2455273.46879 4.55587
2455274.46883 5.53817
2455275.46888 5.64490
2455276.46892 8.23798
2455277.46897 6.28235
2455278.46902 6.13247
2455279.46906 7.09903
2455280.46911 6.84579
2455281.46915 7.36956
2455282.46920 6.86926
2455283.46924 7.80370
2455284.46929 7.59519
2455285.46933 6.06409
2455286.46938 6.51634
2455287.46943 6.16634
2455288.46947 5.74339
2455289.46952 4.06293
2455290.46956 4.39995
2455291.46961 3.35298
2455292.46965 3.12390
2455293.46970 2.91409
2455294.46975 2.38392
2455295.46979 2.27132
2455296.46984 2.25568
2455297.46988 2.03754
2455298.46993 1.87711
2455299.46997 2.09165
2455300.47002 2.27858
2455301.47006 2.63274
2455302.47011 2.55463
2455303.47016 3.13176
2455304.47020 3.67187
2455305.47025 4.79816
2455306.47029 4.27240
2455307.47034 5.26377
2455308.47038 5.31424
2455309.47043 5.40857
2455310.47048 6.66437
2455311.47052 6.32675
2455312.47057 7.64090
2455313.47061 6.52516
2455314.47066 7.08563
2455315.47070 7.30093
2455316.47075 6.98162
2455317.47079 5.81725
2455318.47084 5.61666
2455319.47089 6.40748
2455320.47093 6.40048
2455321.47098 4.57405
2455322.47102 3.62584
2455323.47107 4.42810
2455324.47111 3.98866
2455325.47116 3.59766
2455326.47121 3.03320
2455327.47125 2.75051
2455328.47130 2.74899
2455329.47134 1.97564
2455330.47139 2.24258
2455331.47143 2.36761
2455332.47148 2.10719
2455333.47153 2.21296
2455334.47157 2.37172
2455335.47162 2.47422
2455336.47166 2.25483
2455337.47171 4.11294
2455338.47175 3.97798
2455339.47180 4.58375
2455340.47184 4.63806
2455341.47189 5.52770
2455342.47194 6.70783
2455343.47198 6.01232
2455344.47203 8.00943
2455345.47207 6.82080
2455346.47212 7.19923
2455347.47216 7.90156
2455348.47221 7.76622
2455349.47226 7.64208
2455350.47230 8.53948
2455351.47235 7.06782
2455352.47239 6.23426
2455353.47244 6.22383
2455354.47248 4.82867
2455355.47253 4.86919
2455356.47257 5.23843
2455357.47262 3.65798
2455358.47267 3.60982
2455359.47271 2.78648
2455360.47276 2.38434
2455361.47280 2.21757
2455362.47285 2.51119
2455363.47289 2.12918
2455364.47294 1.98324
2455365.47299 2.06501
2455366.47303 2.23962
2455367.47308 2.58855
2455368.47312 2.63528
2455369.47317 3.44721
2455370.47321 4.12341
2455371.47326 4.15824
2455372.47330 4.07114
2455373.47335 5.30957
2455374.47340 4.94705
2455375.47344 5.19783
2455376.47349 6.91202
2455377.47353 5.16820
2455378.47358 7.11319
2455379.47362 7.76774
2455380.47367 8.76132
2455381.47372 5.96354
2455382.47376 6.78337
2455383.47381 6.27522
2455384.47385 6.85830
2455385.47390 5.56071
2455386.47394 7.03026
2455387.47399 4.78126
2455388.47403 4.85903
2455389.47408 4.59366
2455390.47413 4.05388
2455391.47417 3.31630
2455392.47422 2.49252
2455393.47426 2.57835
2455394.47431 2.00357
2455395.47435 2.16617
2455396.47440 2.14709
2455397.47445 1.96618
2455398.47449 2.06042
2455399.47454 2.06648
2455400.47458 3.27802
2455401.47463 3.08334
2455402.47467 2.90885
2455403.47472 3.35119
2455404.47476 4.42456
2455405.47481 3.80033
2455406.47486 4.78463
2455592.48334 2.91757
2455593.48339 2.73642
2455594.48344 2.46075
2455595.48348 2.37705
2455596.48353 2.85167
2455597.48357 2.33727
2455598.48362 2.68542
2455599.48366 3.74801
2455600.48371 3.56125
2455601.48375 4.24569
2455602.48380 4.55475
2455603.48385 6.38969
2455604.48389 5.18869
2455605.48394 6.51855
2455606.48398 5.24333
2455607.48403 6.93562
2455608.48407 7.87741
2455609.48412 7.94575
2455610.48417 7.84347
2455611.48421 8.11068
2455612.48426 6.98761
2455613.48430 7.95618
2455614.48435 8.56899
2455615.48439 6.42467
2455616.48444 7.58547
2455617.48448 6.17606
2455618.48453 5.88220
2455619.48458 3.89666
2455620.48462 4.11814
2455621.48467 4.19411
2455622.48471 4.20708
2455623.48476 3.18528
2455624.48480 2.80305
2455625.48485 2.61758
2455626.48490 3.09023
2455627.48494 2.70891
2455628.48499 2.38700
2455629.48503 2.52682
2455630.48508 2.10550
2455631.48512 2.64879
2455632.48517 2.94515
2455633.48521 3.56819
2455634.48526 4.60828
2455635.48531 4.41941
2455636.48535 4.46638
2455637.48540 5.31120
2455638.48544 5.80802
2455639.48549 6.30473
2455640.48553 6.73718
2455641.48558 7.45840
2455642.48563 6.60201
2455643.48567 8.57938
2455644.48572 6.91289
2455645.48576 7.82967
2455646.48581 6.62576
2455647.48585 6.47424
2455648.48590 7.69497
2455649.48595 7.07918
2455650.48599 6.90022
2455651.48604 6.30463
2455652.48608 4.20417
2455653.48613 5.00801
2455654.48617 4.34650
2455655.48622 3.42652
2455656.48626 3.17950
2455657.48631 2.76376
2455658.48636 2.95534
2455659.48640 2.89395
2455660.48645 2.52813
2455661.48649 2.04466
2455662.48654 2.53563
2455663.48658 2.31433
2455664.48663 3.69699
2455665.48668 3.67970
2455666.48672 4.05416
2455667.48677 3.52803
2455668.48681 5.07772
2455669.48686 5.23149
2455670.48690 5.47192
2455671.48695 6.31500
2455672.48699 5.01564
2455673.48704 6.95532
2455674.48709 6.92695
2455675.48713 6.91521
2455676.48718 6.86153
2455677.48722 7.25707
2455678.48727 7.32198
2455679.48731 7.81233
2455680.48736 7.01352
2455681.48741 4.94143
2455682.48745 6.24290
2455683.48750 6.14407
2455684.48754 5.72435
2455685.48759 6.23737
2455686.48763 4.35909
2455687.48768 3.70788
2455688.48772 4.24329
2455689.48777 3.54579
2455690.48782 3.45070
2455691.48786 2.22642
2455692.48791 2.51535
2455693.48795 2.72909
2455694.48800 2.40693
2455695.48804 3.01372
2455696.48809 2.51905
2455697.48814 3.64716
2455698.48818 3.25539
2455699.48823 3.93658
2455700.48827 3.83092
2455701.48832 4.50662
2455702.48836 6.07020
2455703.48841 5.25754
2455704.48845 6.08606
2455705.48850 7.42704
2455706.48855 6.32097
2455707.48859 7.84319
2455708.48864 7.23143
2455709.48868 6.39642
2455710.48873 8.38224
2455711.48877 9.55251
2455712.48882 8.45554
2455713.48887 7.57364
2455714.48891 6.64367
2455715.48896 6.87344
2455716.48900 6.82107
2455717.48905 5.11000
2455718.48909 4.10602
2455719.48914 4.10362
2455720.48918 4.08112
2455721.48923 3.82435
2455722.48928 3.39878
2455723.48932 3.20189
2455724.48937 2.65756
2455725.48941 2.81047
2455726.48946 2.56371
2455727.48950 2.49414
2455728.48955 2.71864
2455729.48960 2.70962
2455730.48964 3.58589
2455731.48969 3.28885
2455732.48973 3.79937
2455733.48978 4.94200
2455734.48982 4.40683
2455735.48987 5.72805
2455736.48992 5.42270
2455737.48996 7.47409
2455738.49001 6.27746
2455739.49005 6.16913
2455740.49010 8.10708
2455741.49014 9.20561
2455742.49019 8.11237
2455743.49023 7.49327
2455744.49028 6.65471
2455745.49033 7.80368
2455746.49037 8.67551
2455747.49042 7.59880
2455748.49046 6.54055
2455749.49051 6.08605
2455750.49055 6.08911
2455751.49060 4.89634
2455752.49065 5.09535
2455753.49069 4.97173
2455754.49074 4.23411
2455755.49078 3.69837
2455756.49083 2.94835
2455757.49087 3.17033
2455758.49092 2.57714
2455759.49096 2.95070
2455760.49101 2.93628
2455761.49106 2.40751
2455762.49110 2.70537
2455763.49115 3.15520
2455764.49119 3.31135
2455765.49124 3.70138
2455766.49128 4.68604
2455767.49133 5.13924
2455768.49138 5.67920
2455769.49142 6.17045
2455770.49147 7.35320
2455771.49151 6.51320
2455957.50000 3.44241
