2445000.00000 9.29729
2445001.00005 13.26352
2445002.00009 8.65143
2445003.00014 8.90745
2445004.00018 7.49728
2445005.00023 6.16748
2445006.00027 5.22922
2445007.00032 5.08957
2445008.00037 4.95548
2445009.00041 3.81581
2445010.00046 4.95025
2445011.00050 4.53128
2445012.00055 6.05540
2445013.00059 6.59894
2445014.00064 6.17409
2445015.00068 6.37020
2445016.00073 6.92222
2445017.00078 9.39066
2445018.00082 10.12131
2445019.00087 13.14614
2445020.00091 10.96320
2445021.00096 11.56722
2445022.00100 12.06591
2445023.00105 14.64189
2445024.00110 12.88251
2445025.00114 15.19677
2445026.00119 14.22300
2445027.00123 12.78551
2445028.00128 15.31058
2445029.00132 15.02815
2445030.00137 12.64827
2445031.00141 13.06849
2445032.00146 12.43029
2445033.00151 11.38982
2445034.00155 8.83748
2445035.00160 9.18402
2445036.00164 7.23395
2445037.00169 5.87413
2445038.00173 6.02719
2445039.00178 4.65183
2445040.00183 4.52780
2445041.00187 4.39827
2445042.00192 3.96088
2445043.00196 3.66234
2445044.00201 4.41061
2445045.00205 4.14605
2445046.00210 4.64510
2445047.00214 6.57699
2445048.00219 6.22235
2445049.00224 9.13311
2445050.00228 8.50947
2445051.00233 10.20421
2445052.00237 8.96583
2445053.00242 9.40142
2445054.00246 14.89625
2445055.00251 14.84875
2445056.00256 15.71322
2445057.00260 13.23519
2445058.00265 14.43180
2445059.00269 14.10901
2445060.00274 13.89711
2445061.00278 15.14633
2445062.00283 14.25801
2445063.00287 12.46697
2445064.00292 10.22089
2445065.00297 11.72293
2445066.00301 8.07239
2445067.00306 7.90294
2445068.00310 6.97333
2445069.00315 5.82302
2445070.00319 5.99790
2445071.00324 4.60570
2445072.00329 4.04846
2445073.00333 3.37488
2445074.00338 3.53677
2445075.00342 3.45710
2445076.00347 3.38061
2445077.00351 3.74422
2445078.00356 4.36591
2445079.00361 4.91037
2445080.00365 5.82081
2445081.00370 5.44117
2445082.00374 6.78586
2445083.00379 8.26637
2445084.00383 8.33870
2445085.00388 9.42363
2445086.00392 8.83235
2445087.00397 13.97088
2445088.00402 12.60552
2445089.00406 12.39949
2445090.00411 14.78980
2445091.00415 14.86366
2445092.00420 13.28646
2445093.00424 13.81294
2445094.00429 12.07214
2445095.00434 13.27037
2445096.00438 11.18864
2445097.00443 9.93728
2445098.00447 9.63682
2445099.00452 7.61310
2445100.00456 7.88506
2445101.00461 6.46915
2445102.00465 5.74066
2445103.00470 4.91396
2445104.00475 4.28678
2445105.00479 3.51127
2445106.00484 3.12595
2445107.00488 2.92073
2445108.00493 2.96898
2445109.00497 3.07365
2445110.00502 3.41459
2445111.00507 3.18188
2445112.00511 3.88589
2445113.00516 5.77169
2445114.00520 5.88332
2445115.00525 7.45237
2445116.00529 7.71149
2445117.00534 8.09587
2445118.00538 7.67179
2445119.00543 8.57369
2445120.00548 13.82950
2445121.00552 13.86989
2445122.00557 13.76381
2445123.00561 14.53286
2445124.00566 12.82339
2445125.00570 11.60922
2445126.00575 13.06932
2445127.00580 12.19025
2445128.00584 10.70997
2445129.00589 10.48132
2445130.00593 9.03273
2445131.00598 9.71669
2445132.00602 9.34925
2445133.00607 6.64241
2445134.00611 6.43298
2445135.00616 4.88109
2445136.00621 5.03127
2445137.00625 4.03618
2445138.00630 2.95199
2445139.00634 2.63615
2445140.00639 2.35965
2445141.00643 2.78075
2445142.00648 2.41436
2445143.00653 3.13306
2445144.00657 3.79201
2445145.00662 3.87308
2445146.00666 5.27776
2445147.00671 5.07597
2445148.00675 7.13668
2445149.00680 7.94696
2445150.00684 8.08757
2445151.00689 9.72191
2445152.00694 9.16896
2445153.00698 12.10151
2445154.00703 10.35973
2445155.00707 13.34739
2445156.00712 14.36282
2445157.00716 11.11981
2445158.00721 13.76841
2445159.00726 11.53292
2445160.00730 11.93769
2445161.00735 11.84266
2445162.00739 8.40584
2445163.00744 7.52173
2445164.00748 7.62389
2445165.00753 8.64589
2445166.00758 6.15860
2445167.00762 6.04008
2445168.00767 4.60775
2445169.00771 3.67209
2445170.00776 3.52402
2445171.00780 2.54935
2445172.00785 2.22863
2445173.00789 1.70221
2445174.00794 2.15924
2445175.00799 2.04912
2445176.00803 2.50599
2445177.00808 3.25682
2445178.00812 3.54568
2445179.00817 4.36586
2445366.01670 3.00693
2445367.01675 2.42128
2445368.01679 1.96524
2445369.01684 1.41228
2445370.01688 1.53631
2445371.01693 1.44104
2445372.01698 1.46467
2445373.01702 1.65194
2445374.01707 2.26172
2445375.01711 3.16375
2445376.01716 4.56343
2445377.01720 4.98594
2445378.01725 4.89077
2445379.01729 6.45843
2445380.01734 7.04870
2445381.01739 8.25384
2445382.01743 9.05678
2445383.01748 9.43710
2445384.01752 11.69579
2445385.01757 8.73378
2445386.01761 12.31229
2445387.01766 12.86662
2445388.01771 10.31165
2445389.01775 11.60911
2445390.01780 10.90528
2445391.01784 8.99194
2445392.01789 10.86929
2445393.01793 10.39706
2445394.01798 8.44496
2445395.01803 6.09202
2445396.01807 6.44059
2445397.01812 4.87629
2445398.01816 3.75900
2445399.01821 3.67510
2445400.01825 2.51397
2445401.01830 1.87604
2445402.01834 1.69197
2445403.01839 1.43595
2445404.01844 1.30812
2445405.01848 1.76992
2445406.01853 2.23294
2445407.01857 2.48814
2445408.01862 3.46193
2445409.01866 4.45452
2445410.01871 4.41394
2445411.01876 6.51585
2445412.01880 6.41606
2445413.01885 8.60798
2445414.01889 8.88472
2445415.01894 10.61745
2445416.01898 8.56207
2445417.01903 11.79755
2445418.01907 12.56959
2445419.01912 12.20662
2445420.01917 15.09152
2445421.01921 11.27483
2445422.01926 12.10893
2445423.01930 12.44219
2445424.01935 12.11313
2445425.01939 9.40221
2445426.01944 9.37549
2445427.01949 8.16116
2445428.01953 5.95650
2445429.01958 5.68913
2445430.01962 4.74973
2445431.01967 4.03489
2445432.01971 3.92628
2445433.01976 2.40750
2445434.01980 2.23637
2445435.01985 1.82995
2445436.01990 1.93495
2445437.01994 1.73882
2445438.01999 2.00686
2445439.02003 2.41613
2445440.02008 2.72507
2445441.02012 3.15856
2445442.02017 4.82966
2445443.02022 5.12202
2445444.02026 6.60389
2445445.02031 7.66643
2445446.02035 9.73926
2445447.02040 10.18218
2445448.02044 10.14127
2445449.02049 11.45864
2445450.02053 10.28984
2445451.02058 11.96018
2445452.02063 11.12631
2445453.02067 13.67069
2445454.02072 11.42844
2445455.02076 12.44799
2445456.02081 10.96924
2445457.02085 10.81086
2445458.02090 11.34799
2445459.02095 8.52624
2445460.02099 8.47290
2445461.02104 7.08390
2445462.02108 6.30944
2445463.02113 5.21437
2445464.02117 4.52989
2445465.02122 4.36987
2445466.02126 2.62472
2445467.02131 2.37854
2445468.02136 2.17601
2445469.02140 2.31936
2445470.02145 2.17105
2445471.02149 2.23897
2445472.02154 3.46149
2445473.02158 2.90082
2445474.02163 3.85520
2445475.02168 6.07209
2445476.02172 5.06657
2445477.02177 6.48921
2445478.02181 9.23588
2445479.02186 7.97733
2445480.02190 8.09126
2445481.02195 10.52788
2445482.02200 10.86630
2445483.02204 12.61688
2445484.02209 12.23550
2445485.02213 10.83580
2445486.02218 12.59122
2445487.02222 12.19108
2445488.02227 12.11074
2445489.02231 13.47270
2445490.02236 10.71369
2445491.02241 10.27606
2445492.02245 9.43150
2445493.02250 8.70740
2445494.02254 8.54057
2445495.02259 6.27368
2445496.02263 5.50515
2445497.02268 4.49342
2445498.02273 4.03848
2445499.02277 3.14956
2445500.02282 2.29899
2445501.02286 2.21224
2445502.02291 2.45325
2445503.02295 2.74484
2445504.02300 3.17128
2445505.02304 2.76292
2445506.02309 4.79486
2445507.02314 5.19808
2445508.02318 5.39325
2445509.02323 6.61108
2445510.02327 5.98639
2445511.02332 8.82797
2445512.02336 9.13820
2445513.02341 9.67802
2445514.02346 10.79036
2445515.02350 10.57490
2445516.02355 11.16519
2445517.02359 13.08156
2445518.02364 12.45975
2445519.02368 12.23137
2445520.02373 12.60052
2445521.02377 13.25549
2445522.02382 11.73831
2445523.02387 10.04473
2445524.02391 9.48790
2445525.02396 9.00569
2445526.02400 7.01201
2445527.02405 7.63972
2445528.02409 5.51554
2445529.02414 5.20849
2445530.02419 5.02627
2445531.02423 4.53240
2445532.02428 3.25279
2445533.02432 3.45895
2445534.02437 2.41038
2445535.02441 3.28304
2445536.02446 2.91938
2445537.02450 3.24779
2445538.02455 3.51567
2445539.02460 5.05826
2445540.02464 5.28133
2445541.02469 6.12438
2445542.02473 5.64754
2445543.02478 6.82943
2445544.02482 6.76950
2445545.02487 11.82353
2445731.03336 7.04759
2445732.03340 6.44076
2445733.03345 6.54574
2445734.03349 8.70591
2445735.03354 10.24470
2445736.03359 9.35109
2445737.03363 9.53906
2445738.03368 10.32514
2445739.03372 11.48298
2445740.03377 15.70883
2445741.03381 13.25682
2445742.03386 14.45244
2445743.03391 15.08039
2445744.03395 16.76180
2445745.03400 15.93552
2445746.03404 18.95393
2445747.03409 16.62343
2445748.03413 14.14296
2445749.03418 15.73240
2445750.03422 14.76885
2445751.03427 16.95641
2445752.03432 18.35376
2445753.03436 15.52932
2445754.03441 16.18486
2445755.03445 13.54296
2445756.03450 13.71881
2445757.03454 12.88255
2445758.03459 11.76917
2445759.03464 10.76408
2445760.03468 11.05235
2445761.03473 7.84010
2445762.03477 8.61945
2445763.03482 8.11238
2445764.03486 9.28687
2445765.03491 7.34550
2445766.03495 9.50598
2445767.03500 8.70222
2445768.03505 8.85770
2445769.03509 10.71903
2445770.03514 10.47714
2445771.03518 11.03578
2445772.03523 10.67019
2445773.03527 11.77406
2445774.03532 16.12834
2445775.03537 17.36764
2445776.03541 13.86462
2445777.03546 19.00647
2445778.03550 19.38918
2445779.03555 18.71945
2445780.03559 18.48104
2445781.03564 16.06407
2445782.03568 20.25565
2445783.03573 18.39265
2445784.03578 17.34828
2445785.03582 14.25807
2445786.03587 16.30858
2445787.03591 16.40991
2445788.03596 16.13229
2445789.03600 15.74279
2445790.03605 13.60477
2445791.03610 12.00587
2445792.03614 11.27152
2445793.03619 9.36938
2445794.03623 9.25579
2445795.03628 8.58632
2445796.03632 9.18103
2445797.03637 9.92302
2445798.03642 9.15990
2445799.03646 7.63146
2445800.03651 8.64128
2445801.03655 8.87285
2445802.03660 10.47372
2445803.03664 12.89984
2445804.03669 13.56273
2445805.03673 12.60147
2445806.03678 16.76790
2445807.03683 14.79776
2445808.03687 12.60317
2445809.03692 16.17906
2445810.03696 18.29486
2445811.03701 16.18266
2445812.03705 20.48798
2445813.03710 16.14924
2445814.03715 16.90088
2445815.03719 19.17668
2445816.03724 18.65415
2445817.03728 22.04528
2445818.03733 20.30146
2445819.03737 15.03904
2445820.03742 16.03757
2445821.03746 14.25197
2445822.03751 17.03559
2445823.03756 16.76150
2445824.03760 13.02557
2445825.03765 12.77758
2445826.03769 13.02673
2445827.03774 13.19648
2445828.03778 10.31679
2445829.03783 10.60244
2445830.03788 10.18814
2445831.03792 11.13261
2445832.03797 9.08983
2445833.03801 11.29584
2445834.03806 11.05763
2445835.03810 10.51687
2445836.03815 13.56436
2445837.03819 13.37171
2445838.03824 16.32477
2445839.03829 14.50918
2445840.03833 17.10025
2445841.03838 14.37487
2445842.03842 18.91752
2445843.03847 17.63558
2445844.03851 19.43038
2445845.03856 21.94207
2445846.03861 19.71174
2445847.03865 16.81565
2445848.03870 20.13968
2445849.03874 19.07678
2445850.03879 19.87449
2445851.03883 21.04263
2445852.03888 18.95055
2445853.03892 16.32333
2445854.03897 16.21501
2445855.03902 13.08271
2445856.03906 14.04595
2445857.03911 17.11540
2445858.03915 14.30062
2445859.03920 11.48668
2445860.03924 12.06447
2445861.03929 11.82867
2445862.03934 9.26625
2445863.03938 9.50659
2445864.03943 9.32443
2445865.03947 10.58014
2445866.03952 11.30928
2445867.03956 11.70562
2445868.03961 11.61700
2445869.03966 11.38821
2445870.03970 14.25077
2445871.03975 12.96669
2445872.03979 14.06349
2445873.03984 14.97117
2445874.03988 16.26723
2445875.03993 16.63331
2445876.03997 20.40643
2445877.04002 19.51129
2445878.04007 22.09909
2445879.04011 21.01121
2445880.04016 20.41305
2445881.04020 23.92322
2445882.04025 18.41082
2445883.04029 19.78653
2445884.04034 17.60171
2445885.04039 19.62175
2445886.04043 16.88618
2445887.04048 19.62489
2445888.04052 14.50978
2445889.04057 15.38513
2445890.04061 13.52523
2445891.04066 13.98757
2445892.04070 14.10766
2445893.04075 12.97920
2445894.04080 12.31771
2445895.04084 9.86281
2445896.04089 8.67586
2445897.04093 10.29439
2445898.04098 12.13186
2445899.04102 11.33182
2445900.04107 12.08022
2445901.04112 15.14303
2445902.04116 14.57366
2445903.04121 13.64964
2445904.04125 16.00786
2445905.04130 16.75358
2445906.04134 20.85966
2445907.04139 16.50114
2445908.04143 22.73455
2445909.04148 22.01789
2445910.04153 19.20211
2446096.05001 15.65036
2446097.05006 18.11372
2446098.05010 15.72415
2446099.05015 16.28230
2446100.05020 20.19312
2446101.05024 16.83493
2446102.05029 22.20704
2446103.05033 22.62960
2446104.05038 20.43806
2446105.05042 26.58412
2446106.05047 25.60364
2446107.05052 29.96267
2446108.05056 23.69855
2446109.05061 22.10847
2446110.05065 23.42600
2446111.05070 27.00392
2446112.05074 27.61609
2446113.05079 27.88250
2446114.05084 27.42011
2446115.05088 26.23071
2446116.05093 21.33479
2446117.05097 28.17345
2446118.05102 21.56167
2446119.05106 19.61072
2446120.05111 21.89329
2446121.05115 15.13046
2446122.05120 21.80846
2446123.05125 15.85932
2446124.05129 17.44874
2446125.05134 16.34471
2446126.05138 17.52919
2446127.05143 15.43988
2446128.05147 16.40315
2446129.05152 16.10889
2446130.05157 17.00847
2446131.05161 20.22016
2446132.05166 19.90137
2446133.05170 21.80487
2446134.05175 21.33485
2446135.05179 22.55398
2446136.05184 20.79011
2446137.05188 28.75138
2446138.05193 22.61518
2446139.05198 21.96754
2446140.05202 26.27090
2446141.05207 25.81451
2446142.05211 29.09334
2446143.05216 27.49216
2446144.05220 29.33133
2446145.05225 27.28473
2446146.05230 24.97301
2446147.05234 21.86500
2446148.05239 21.90436
2446149.05243 20.73569
2446150.05248 20.95769
2446151.05252 22.09930
2446152.05257 14.83305
2446153.05261 18.65847
2446154.05266 20.89394
2446155.05271 17.17559
2446156.05275 22.52916
2446157.05280 16.48732
2446158.05284 15.97032
2446159.05289 16.00554
2446160.05293 14.62225
2446161.05298 14.05442
2446162.05303 18.62765
2446163.05307 17.98273
2446164.05312 19.10556
2446165.05316 19.66213
2446166.05321 16.57372
2446167.05325 21.15764
2446168.05330 26.83095
2446169.05334 21.50655
2446170.05339 25.06441
2446171.05344 25.51486
2446172.05348 22.38388
2446173.05353 29.66728
2446174.05357 23.98779
2446175.05362 25.59899
2446176.05366 28.45217
2446177.05371 27.04152
2446178.05376 26.08473
2446179.05380 30.11863
2446180.05385 29.68027
2446181.05389 22.40910
2446182.05394 22.48194
2446183.05398 23.85588
2446184.05403 21.97891
2446185.05408 18.79726
2446186.05412 21.64269
2446187.05417 19.98253
2446188.05421 16.70961
2446189.05426 17.90138
2446190.05430 15.71078
2446191.05435 15.58781
2446192.05439 19.65794
2446193.05444 14.10297
2446194.05449 16.57512
2446195.05453 19.91349
2446196.05458 19.38724
2446197.05462 19.69049
2446198.05467 17.69074
2446199.05471 18.41309
2446200.05476 20.74244
2446201.05481 25.13196
2446202.05485 24.07283
2446203.05490 20.44502
2446204.05494 23.50594
2446205.05499 24.33257
2446206.05503 25.60378
2446207.05508 21.72187
2446208.05512 25.81129
2446209.05517 26.21439
2446210.05522 27.60252
2446211.05526 23.24427
2446212.05531 27.97804
2446213.05535 25.93025
2446214.05540 26.97331
2446215.05544 24.35448
2446216.05549 22.57952
2446217.05554 19.06109
2446218.05558 17.67972
2446219.05563 19.02482
2446220.05567 20.95115
2446221.05572 17.54850
2446222.05576 20.55312
2446223.05581 15.52804
2446224.05585 15.34341
2446225.05590 17.35154
2446226.05595 16.58550
2446227.05599 16.75740
2446228.05604 16.57660
2446229.05608 17.39541
2446230.05613 18.32579
2446231.05617 22.98993
2446232.05622 23.80135
2446233.05627 23.47807
2446234.05631 26.22486
2446235.05636 20.94653
2446236.05640 29.54331
2446237.05645 28.62850
2446238.05649 22.95297
2446239.05654 31.19863
2446240.05658 30.14579
2446241.05663 29.35310
2446242.05668 22.59801
2446243.05672 27.44845
2446244.05677 27.30739
2446245.05681 26.18291
2446246.05686 28.16642
2446247.05690 24.57915
2446248.05695 21.87044
2446249.05700 23.43834
2446250.05704 21.18416
2446251.05709 20.86755
2446252.05713 17.23275
2446253.05718 17.04865
2446254.05722 15.53421
2446255.05727 15.58736
2446256.05731 19.66925
2446257.05736 17.50477
2446258.05741 15.04716
2446259.05745 18.22462
2446260.05750 19.50471
2446261.05754 16.78350
2446262.05759 17.56428
2446263.05763 18.21639
2446264.05768 20.39757
2446265.05773 18.91057
2446266.05777 23.56159
2446267.05782 23.00765
2446268.05786 25.17442
2446269.05791 26.34615
2446270.05795 26.26752
2446271.05800 27.29187
2446272.05805 24.56205
2446273.05809 27.66261
2446274.05814 30.02318
2446275.05818 25.17260
2446461.06667 16.24180
2446462.06672 20.80397
2446463.06676 24.74538
2446464.06681 21.95855
2446465.06685 23.91872
2446466.06690 27.68989
2446467.06694 24.23791
2446468.06699 20.71419
2446469.06703 26.25961
2446470.06708 27.43483
2446471.06713 26.48431
2446472.06717 23.68461
2446473.06722 26.09644
2446474.06726 23.49805
2446475.06731 24.71865
2446476.06735 24.36907
2446477.06740 21.29896
2446478.06745 24.10741
2446479.06749 21.08776
2446480.06754 18.94508
2446481.06758 20.21536
2446482.06763 17.13184
2446483.06767 19.43539
2446484.06772 15.04933
2446485.06776 17.86057
2446486.06781 14.64280
2446487.06786 13.22523
2446488.06790 14.09877
2446489.06795 15.85905
2446490.06799 13.69949
2446491.06804 16.34986
2446492.06808 16.95112
2446493.06813 16.12256
2446494.06818 18.99012
2446495.06822 20.12524
2446496.06827 21.51005
2446497.06831 19.95775
2446498.06836 27.04341
2446499.06840 23.05569
2446500.06845 20.57303
2446501.06850 27.31630
2446502.06854 26.53019
2446503.06859 23.58466
2446504.06863 24.55015
2446505.06868 25.30498
2446506.06872 22.88584
2446507.06877 25.84979
2446508.06881 25.55634
2446509.06886 25.83378
2446510.06891 19.07106
2446511.06895 21.59173
2446512.06900 20.00175
2446513.06904 18.48587
2446514.06909 20.44753
2446515.06913 18.98679
2446516.06918 17.12174
2446517.06923 16.27124
2446518.06927 14.33347
2446519.06932 14.40513
2446520.06936 17.87642
2446521.06941 15.98584
2446522.06945 15.55101
2446523.06950 16.45491
2446524.06954 15.67071
2446525.06959 16.62749
2446526.06964 17.50035
2446527.06968 18.63693
2446528.06973 23.28557
2446529.06977 16.44013
2446530.06982 22.23720
2446531.06986 20.54248
2446532.06991 23.29965
2446533.06996 24.13802
2446534.07000 21.40845
2446535.07005 22.99462
2446536.07009 26.08577
2446537.07014 25.81997
2446538.07018 23.34138
2446539.07023 25.22939
2446540.07027 24.96025
2446541.07032 25.67665
2446542.07037 23.35859
2446543.07041 20.91271
2446544.07046 22.93259
2446545.07050 14.04072
2446546.07055 20.19434
2446547.07059 17.73110
2446548.07064 14.30513
2446549.07069 14.57631
2446550.07073 14.27180
2446551.07078 15.56168
2446552.07082 14.87758
2446553.07087 14.05166
2446554.07091 14.82748
2446555.07096 16.04456
2446556.07100 16.53522
2446557.07105 15.88201
2446558.07110 17.40607
2446559.07114 19.22362
2446560.07119 15.27061
2446561.07123 18.74589
2446562.07128 21.82460
2446563.07132 24.30794
2446564.07137 20.67436
2446565.07142 18.51700
2446566.07146 22.95244
2446567.07151 22.14712
2446568.07155 22.14543
2446569.07160 23.54279
2446570.07164 21.71700
2446571.07169 22.73210
2446572.07173 25.51007
2446573.07178 19.42163
2446574.07183 21.13083
2446575.07187 24.03282
2446576.07192 20.56631
2446577.07196 21.55251
2446578.07201 17.19551
2446579.07205 17.99745
2446580.07210 16.06572
2446581.07215 16.86530
2446582.07219 14.99382
2446583.07224 13.60233
2446584.07228 14.24563
2446585.07233 14.60183
2446586.07237 15.27992
2446587.07242 15.34985
2446588.07247 16.28483
2446589.07251 11.79935
2446590.07256 16.64129
2446591.07260 15.92034
2446592.07265 16.96974
2446593.07269 17.49321
2446594.07274 18.06952
2446595.07278 22.08252
2446596.07283 22.58190
2446597.07288 25.46843
2446598.07292 23.71120
2446599.07297 21.07184
2446600.07301 25.26989
2446601.07306 23.24733
2446602.07310 25.35037
2446603.07315 26.34533
2446604.07320 23.93569
2446605.07324 21.07187
2446606.07329 25.09344
2446607.07333 22.77583
2446608.07338 18.79169
2446609.07342 24.89633
2446610.07347 20.55912
2446611.07351 18.94477
2446612.07356 16.30746
2446613.07361 16.68111
2446614.07365 16.46009
2446615.07370 15.42622
2446616.07374 15.46801
2446617.07379 13.88026
2446618.07383 8.25915
2446619.07388 12.79739
2446620.07393 12.80867
2446621.07397 11.71892
2446622.07402 12.85086
2446623.07406 13.00110
2446624.07411 13.77734
2446625.07415 16.24080
2446626.07420 15.44602
2446627.07424 20.27881
2446628.07429 18.74313
2446629.07434 18.17847
2446630.07438 23.96667
2446631.07443 20.73670
2446632.07447 23.57934
2446633.07452 22.52505
2446634.07456 24.44065
2446635.07461 22.26371
2446636.07466 25.36860
2446637.07470 22.56676
2446638.07475 24.87749
2446639.07479 23.18571
2446640.07484 20.46515
2446827.08337 12.88948
2446828.08342 13.99373
2446829.08346 18.15082
2446830.08351 18.02167
2446831.08355 20.53099
2446832.08360 17.42397
2446833.08365 20.91851
2446834.08369 17.99548
2446835.08374 19.31958
2446836.08378 15.71705
2446837.08383 19.71352
2446838.08387 15.53735
2446839.08392 16.27075
2446840.08396 15.48314
2446841.08401 13.14324
2446842.08406 13.62903
2446843.08410 10.85755
2446844.08415 10.42101
2446845.08419 10.07584
2446846.08424 7.72352
2446847.08428 8.42166
2446848.08433 7.05068
2446849.08438 7.34288
2446850.08442 5.72935
2446851.08447 6.24687
2446852.08451 8.61676
2446853.08456 7.15059
2446854.08460 10.21091
2446855.08465 11.41071
2446856.08469 9.71335
2446857.08474 12.65062
2446858.08479 13.57130
2446859.08483 15.40596
2446860.08488 17.42460
2446861.08492 17.70302
2446862.08497 17.57104
2446863.08501 17.43860
2446864.08506 18.01260
2446865.08511 17.67883
2446866.08515 19.42708
2446867.08520 15.29061
2446868.08524 20.98126
2446869.08529 15.02131
2446870.08533 16.31971
2446871.08538 15.44704
2446872.08542 16.16145
2446873.08547 11.64155
2446874.08552 12.04746
2446875.08556 12.11391
2446876.08561 10.79269
2446877.08565 9.11838
2446878.08570 8.35201
2446879.08574 6.50473
2446880.08579 7.95346
2446881.08584 7.11828
2446882.08588 6.08856
2446883.08593 5.87640
2446884.08597 7.33541
2446885.08602 8.04816
2446886.08606 7.29473
2446887.08611 8.17934
2446888.08615 8.90447
2446889.08620 9.99462
2446890.08625 12.38085
2446891.08629 13.48126
2446892.08634 12.96816
2446893.08638 14.28587
2446894.08643 13.65631
2446895.08647 16.38519
2446896.08652 16.47560
2446897.08657 15.43274
2446898.08661 19.32051
2446899.08666 18.56217
2446900.08670 15.57232
2446901.08675 17.01391
2446902.08679 18.36033
2446903.08684 16.34288
2446904.08689 14.32751
2446905.08693 13.60804
2446906.08698 12.46335
2446907.08702 11.88959
2446908.08707 10.67983
2446909.08711 7.77589
2446910.08716 9.51674
2446911.08720 6.88665
2446912.08725 6.07049
2446913.08730 6.67617
2446914.08734 5.54541
2446915.08739 5.94949
2446916.08743 5.74057
2446917.08748 7.15974
2446918.08752 6.05139
2446919.08757 7.69575
2446920.08762 7.94310
2446921.08766 8.39589
2446922.08771 11.95936
2446923.08775 10.18981
2446924.08780 9.96343
2446925.08784 13.09401
2446926.08789 12.67662
2446927.08793 15.36496
2446928.08798 14.62370
2446929.08803 15.84648
2446930.08807 14.18513
2446931.08812 14.98124
2446932.08816 15.87210
2446933.08821 15.71178
2446934.08825 15.01448
2446935.08830 11.92074
2446936.08835 14.17157
2446937.08839 13.16486
2446938.08844 12.21706
2446939.08848 11.90432
2446940.08853 10.44223
2446941.08857 8.98717
2446942.08862 9.17479
2446943.08866 6.98368
2446944.08871 5.97464
2446945.08876 5.95603
2446946.08880 5.97241
2446947.08885 5.91267
2446948.08889 4.87987
2446949.08894 5.29807
2446950.08898 5.93088
2446951.08903 6.24141
2446952.08908 6.39231
2446953.08912 7.33873
2446954.08917 7.69075
2446955.08921 8.52321
2446956.08926 10.05258
2446957.08930 11.78219
2446958.08935 12.65657
2446959.08939 12.03284
2446960.08944 12.49806
2446961.08949 13.46788
2446962.08953 11.69783
2446963.08958 16.58269
2446964.08962 14.27642
2446965.08967 17.37254
2446966.08971 15.92412
2446967.08976 16.23102
2446968.08981 16.02613
2446969.08985 11.49313
2446970.08990 9.76009
2446971.08994 11.63303
2446972.08999 9.92620
2446973.09003 9.01912
2446974.09008 8.34755
2446975.09013 6.55248
2446976.09017 5.77035
2446977.09022 5.18205
2446978.09026 5.30242
2446979.09031 4.98776
2446980.09035 4.05163
2446981.09040 4.49319
2446982.09044 4.60819
2446983.09049 4.73783
2446984.09054 5.60402
2446985.09058 5.68247
2446986.09063 7.61399
2446987.09067 7.68644
2446988.09072 10.26770
2446989.09076 9.63626
2446990.09081 10.38216
2446991.09086 11.48361
2446992.09090 11.87730
2446993.09095 11.91361
2446994.09099 11.02902
2446995.09104 12.45836
2446996.09108 15.56860
2446997.09113 16.92701
2446998.09117 15.62454
2446999.09122 14.15383
2447000.09127 12.28452
2447001.09131 12.67589
2447002.09136 13.96490
2447003.09140 10.61274
2447004.09145 9.78805
2447005.09149 11.05841
2447006.09154 7.17146
2447192.10003 11.41585
2447193.10007 13.54154
2447194.10012 10.50554
2447195.10016 11.24473
2447196.10021 11.33809
2447197.10026 11.45462
2447198.10030 10.62030
2447199.10035 9.87056
2447200.10039 8.57977
2447201.10044 8.53537
2447202.10048 8.10225
2447203.10053 6.31818
2447204.10057 4.27412
2447205.10062 4.03774
2447206.10067 3.59728
2447207.10071 2.16898
2447208.10076 1.78612
2447209.10080 1.03528
2447210.10085 1.17548
2447211.10089 1.15264
2447212.10094 1.23765
2447213.10099 1.58110
2447214.10103 2.14470
2447215.10108 3.01172
2447216.10112 3.24818
2447217.10117 4.60134
2447218.10121 6.17359
2447219.10126 5.94968
2447220.10131 7.88948
2447221.10135 8.36345
2447222.10140 9.84433
2447223.10144 8.82616
2447224.10149 10.29192
2447225.10153 11.52420
2447226.10158 9.47967
2447227.10162 11.30569
2447228.10167 13.65015
2447229.10172 9.07032
2447230.10176 9.47327
2447231.10181 9.98599
2447232.10185 8.83842
2447233.10190 10.79457
2447234.10194 8.42001
2447235.10199 5.60234
2447236.10204 4.65676
2447237.10208 4.45108
2447238.10213 3.63481
2447239.10217 3.18339
2447240.10222 1.81963
2447241.10226 1.66632
2447242.10231 1.22416
2447243.10235 1.03756
2447244.10240 0.85780
2447245.10245 1.20371
2447246.10249 1.40026
2447247.10254 2.72654
2447248.10258 2.78736
2447249.10263 3.73702
2447250.10267 4.30658
2447251.10272 5.33506
2447252.10277 6.44910
2447253.10281 7.78649
2447254.10286 9.18028
2447255.10290 10.48156
2447256.10295 10.03692
2447257.10299 10.24214
2447258.10304 11.25705
2447259.10308 12.03882
2447260.10313 10.78229
2447261.10318 9.60671
2447262.10322 10.35582
2447263.10327 11.99528
2447264.10331 9.83043
2447265.10336 9.03515
2447266.10340 7.68708
2447267.10345 7.59460
2447268.10350 5.56085
2447269.10354 4.69780
2447270.10359 4.19388
2447271.10363 3.34332
2447272.10368 2.54651
2447273.10372 2.14826
2447274.10377 1.37297
2447275.10381 0.98544
2447276.10386 0.85334
2447277.10391 1.10799
2447278.10395 1.20765
2447279.10400 1.44295
2447280.10404 2.34254
2447281.10409 2.88904
2447282.10413 4.01353
2447283.10418 5.17820
2447284.10423 5.20876
2447285.10427 5.32741
2447286.10432 5.85068
2447287.10436 8.34971
2447288.10441 9.30870
2447289.10445 10.28545
2447290.10450 11.65957
2447291.10455 13.44420
2447292.10459 12.01137
2447293.10464 9.67946
2447294.10468 12.19177
2447295.10473 11.05542
2447296.10477 11.50980
2447297.10482 11.10567
2447298.10486 8.47812
2447299.10491 7.50463
2447300.10496 7.79904
2447301.10500 6.44745
2447302.10505 4.79715
2447303.10509 4.04177
2447304.10514 2.99445
2447305.10518 2.70405
2447306.10523 1.79134
2447307.10528 1.54681
2447308.10532 1.13467
2447309.10537 0.95484
2447310.10541 0.72588
2447311.10546 1.21287
2447312.10550 1.43027
2447313.10555 2.47194
2447314.10559 3.18712
2447315.10564 3.23154
2447316.10569 4.98120
2447317.10573 5.76532
2447318.10578 6.87501
2447319.10582 8.72796
2447320.10587 8.10668
2447321.10591 10.06368
2447322.10596 10.20838
2447323.10601 10.41811
2447324.10605 9.90432
2447325.10610 10.85746
2447326.10614 12.06624
2447327.10619 12.03329
2447328.10623 10.35843
2447329.10628 13.21324
2447330.10632 11.04840
2447331.10637 7.82296
2447332.10642 8.25892
2447333.10646 5.90554
2447334.10651 6.32853
2447335.10655 5.61406
2447336.10660 3.87164
2447337.10664 3.26959
2447338.10669 2.43785
2447339.10674 1.80124
2447340.10678 1.25185
2447341.10683 1.07908
2447342.10687 1.10848
2447343.10692 1.13522
2447344.10696 1.44237
2447345.10701 1.73128
2447346.10705 2.74965
2447347.10710 3.38097
2447348.10715 4.08804
2447349.10719 5.54117
2447350.10724 5.66264
2447351.10728 7.62688
2447352.10733 7.75074
2447353.10737 8.20668
2447354.10742 10.11698
2447355.10747 13.13024
2447356.10751 9.77230
2447357.10756 11.69154
2447358.10760 12.53904
2447359.10765 10.35720
2447360.10769 11.06795
2447361.10774 11.15479
2447362.10778 10.29945
2447363.10783 9.93054
2447364.10788 10.71273
2447365.10792 8.25828
2447366.10797 7.79371
2447367.10801 5.11800
2447368.10806 5.02133
2447369.10810 4.24726
2447370.10815 3.53691
2447371.10820 2.11267
2447557.11668 13.94151
2447558.11673 11.21038
2447559.11677 11.98514
2447560.11682 13.45987
2447561.11687 12.09808
2447562.11691 12.49020
2447563.11696 10.44853
2447564.11700 7.67803
2447565.11705 7.25948
2447566.11709 7.13943
2447567.11714 5.75252
2447568.11719 5.73265
2447569.11723 4.70921
2447570.11728 5.09825
2447571.11732 2.91198
2447572.11737 4.55706
2447573.11741 3.44102
2447574.11746 4.07665
2447575.11750 4.66919
2447576.11755 4.41657
2447577.11760 6.71317
2447578.11764 7.29288
2447579.11769 7.76009
2447580.11773 10.42308
2447581.11778 8.70379
2447582.11782 10.85808
2447583.11787 13.67160
2447584.11792 12.72322
2447585.11796 13.15425
2447586.11801 14.92289
2447587.11805 13.89026
2447588.11810 18.21300
2447589.11814 14.46068
2447590.11819 13.26844
2447591.11823 14.94437
2447592.11828 14.75055
2447593.11833 12.71317
2447594.11837 13.13170
2447595.11842 10.99861
2447596.11846 9.99336
2447597.11851 11.25555
2447598.11855 8.11270
2447599.11860 7.15624
2447600.11865 7.90374
2447601.11869 6.65446
2447602.11874 5.15280
2447603.11878 5.52490
2447604.11883 4.83282
2447605.11887 4.57996
2447606.11892 4.69471
2447607.11897 5.03747
2447608.11901 6.48371
2447609.11906 6.46037
2447610.11910 6.16437
2447611.11915 6.90881
2447612.11919 7.78218
2447613.11924 10.69977
2447614.11928 11.46096
2447615.11933 12.70864
2447616.11938 11.78073
2447617.11942 12.73410
2447618.11947 14.91270
2447619.11951 18.18127
2447620.11956 13.61312
2447621.11960 16.16500
2447622.11965 13.63666
2447623.11970 12.86242
2447624.11974 16.12214
2447625.11979 15.44887
2447626.11983 11.20919
2447627.11988 13.68171
2447628.11992 11.82334
2447629.11997 11.32573
2447630.12001 11.02076
2447631.12006 8.86227
2447632.12011 8.16530
2447633.12015 8.20343
2447634.12020 5.10950
2447635.12024 4.95973
2447636.12029 5.17231
2447637.12033 5.17149
2447638.12038 5.99117
2447639.12043 4.74671
2447640.12047 5.36985
2447641.12052 6.21153
2447642.12056 6.37175
2447643.12061 8.71887
2447644.12065 7.27917
2447645.12070 8.46017
2447646.12074 10.34761
2447647.12079 11.04972
2447648.12084 12.30102
2447649.12088 14.07807
2447650.12093 15.20900
2447651.12097 15.96622
2447652.12102 14.62515
2447653.12106 17.13750
2447654.12111 15.96136
2447655.12116 18.80679
2447656.12120 17.18473
2447657.12125 16.69705
2447658.12129 16.25946
2447659.12134 13.42476
2447660.12138 12.38234
2447661.12143 12.35064
2447662.12147 13.16622
2447663.12152 9.51241
2447664.12157 10.58233
2447665.12161 8.34400
2447666.12166 7.86881
2447667.12170 7.26331
2447668.12175 5.69623
2447669.12179 5.65512
2447670.12184 6.61595
2447671.12189 6.41930
2447672.12193 6.05576
2447673.12198 6.57802
2447674.12202 7.85028
2447675.12207 9.33949
2447676.12211 9.66985
2447677.12216 9.74482
2447678.12220 12.30436
2447679.12225 12.74253
2447680.12230 12.38796
2447681.12234 12.28785
2447682.12239 11.43266
2447683.12243 15.66242
2447684.12248 14.54724
2447685.12252 15.92127
2447686.12257 14.93486
2447687.12262 15.80590
2447688.12266 18.94678
2447689.12271 17.89505
2447690.12275 20.21870
2447691.12280 12.58138
2447692.12284 14.94715
2447693.12289 14.83129
2447694.12294 14.67499
2447695.12298 12.07612
2447696.12303 11.14952
2447697.12307 10.95665
2447698.12312 8.93655
2447699.12316 8.08130
2447700.12321 8.31976
2447701.12325 6.86408
2447702.12330 7.60202
2447703.12335 6.00167
2447704.12339 6.64114
2447705.12344 6.94767
2447706.12348 8.28170
2447707.12353 8.52365
2447708.12357 10.23953
2447709.12362 11.29483
2447710.12367 12.46577
2447711.12371 11.67938
2447712.12376 12.64198
2447713.12380 12.11585
2447714.12385 13.87184
2447715.12389 14.24422
2447716.12394 14.06422
2447717.12398 17.42092
2447718.12403 21.08439
2447719.12408 19.94853
2447720.12412 19.80134
2447721.12417 15.51338
2447722.12421 20.69980
2447723.12426 14.22721
2447724.12430 15.03643
2447725.12435 13.59451
2447726.12440 17.10039
2447727.12444 15.24576
2447728.12449 12.10108
2447729.12453 13.33854
2447730.12458 10.61495
2447731.12462 9.49127
2447732.12467 9.88120
2447733.12471 6.79947
2447734.12476 8.53228
2447735.12481 7.50772
2447736.12485 7.68493
2447922.13334 22.16721
2447923.13339 20.42213
2447924.13343 17.89207
2447925.13348 17.85089
2447926.13352 16.59650
2447927.13357 15.16974
2447928.13361 12.83730
2447929.13366 14.86796
2447930.13370 15.63377
2447931.13375 15.22675
2447932.13380 12.99840
2447933.13384 12.13919
2447934.13389 10.36347
2447935.13393 9.54197
2447936.13398 15.18630
2447937.13402 15.11581
2447938.13407 11.17234
2447939.13412 14.60380
2447940.13416 13.40122
2447941.13421 18.38252
2447942.13425 19.29896
2447943.13430 21.01852
2447944.13434 21.71115
2447945.13439 17.43410
2447946.13443 20.94666
2447947.13448 24.33554
2447948.13453 22.38980
2447949.13457 22.52228
2447950.13462 24.37416
2447951.13466 24.68136
2447952.13471 22.27586
2447953.13475 25.00833
2447954.13480 23.28962
2447955.13485 22.00649
2447956.13489 21.85242
2447957.13494 18.70800
2447958.13498 17.99667
2447959.13503 16.18032
2447960.13507 16.77138
2447961.13512 13.55051
2447962.13516 15.45065
2447963.13521 14.07358
2447964.13526 14.20203
2447965.13530 12.40742
2447966.13535 14.19773
2447967.13539 13.13098
2447968.13544 14.11871
2447969.13548 16.18901
2447970.13553 17.35097
2447971.13558 13.98360
2447972.13562 16.26984
2447973.13567 17.58666
2447974.13571 18.85503
2447975.13576 17.04321
2447976.13580 21.19037
2447977.13585 20.55046
2447978.13589 23.25079
2447979.13594 20.30589
2447980.13599 27.18785
2447981.13603 25.88213
2447982.13608 24.04034
2447983.13612 26.11738
2447984.13617 25.03475
2447985.13621 23.44274
2447986.13626 22.46934
2447987.13631 22.15970
2447988.13635 23.92320
2447989.13640 24.18821
2447990.13644 18.25102
2447991.13649 15.89133
2447992.13653 20.46711
2447993.13658 16.75718
2447994.13662 16.09817
2447995.13667 13.11149
2447996.13672 15.39728
2447997.13676 11.79080
2447998.13681 16.40537
2447999.13685 12.93350
2448000.13690 14.96847
2448001.13694 14.57509
2448002.13699 16.37101
2448003.13704 14.61967
2448004.13708 14.78205
2448005.13713 20.70450
2448006.13717 15.62468
2448007.13722 20.28280
2448008.13726 18.54843
2448009.13731 18.16517
2448010.13736 22.08742
2448011.13740 24.19796
2448012.13745 21.04484
2448013.13749 24.65844
2448014.13754 23.02829
2448015.13758 25.18386
2448016.13763 29.42220
2448017.13767 24.69523
2448018.13772 28.02748
2448019.13777 21.06824
2448020.13781 23.16742
2448021.13786 22.40175
2448022.13790 24.69203
2448023.13795 22.69875
2448024.13799 19.17287
2448025.13804 20.27255
2448026.13809 18.70623
2448027.13813 15.80079
2448028.13818 15.19891
2448029.13822 14.73700
2448030.13827 16.70036
2448031.13831 15.65477
2448032.13836 15.38984
2448033.13840 17.21125
2448034.13845 14.67584
2448035.13850 13.64241
2448036.13854 18.41401
2448037.13859 18.29972
2448038.13863 14.85034
2448039.13868 20.28716
2448040.13872 16.92993
2448041.13877 18.41652
2448042.13882 23.37972
2448043.13886 26.64745
2448044.13891 27.99143
2448045.13895 22.92760
2448046.13900 25.55805
2448047.13904 27.03916
2448048.13909 25.50463
2448049.13913 23.07068
2448050.13918 21.17044
2448051.13923 23.71138
2448052.13927 25.21275
2448053.13932 22.67893
2448054.13936 27.60552
2448055.13941 23.13926
2448056.13945 22.77847
2448057.13950 19.64634
2448058.13955 21.02263
2448059.13959 19.48642
2448060.13964 17.04346
2448061.13968 13.93511
2448062.13973 17.03059
2448063.13977 16.78181
2448064.13982 11.16002
2448065.13986 17.02020
2448066.13991 13.68003
2448067.13996 15.67146
2448068.14000 19.14235
2448069.14005 18.48154
2448070.14009 19.59081
2448071.14014 18.33741
2448072.14018 22.05164
2448073.14023 18.91742
2448074.14028 20.63259
2448075.14032 20.39717
2448076.14037 21.20677
2448077.14041 28.17489
2448078.14046 26.12286
2448079.14050 27.22719
2448080.14055 29.25826
2448081.14060 32.92441
2448082.14064 22.51551
2448083.14069 22.39859
2448084.14073 24.25312
2448085.14078 26.89888
2448086.14082 22.61945
2448087.14087 30.72441
2448088.14091 23.53129
2448089.14096 21.62012
2448090.14101 19.73195
2448091.14105 19.79913
2448092.14110 19.17226
2448093.14114 17.50775
2448094.14119 17.39403
2448095.14123 19.39303
2448096.14128 15.14984
2448097.14133 17.14318
2448098.14137 16.09230
2448099.14142 13.67695
2448100.14146 15.72661
2448101.14151 15.35115
2448288.15004 21.87883
2448289.15009 21.06702
2448290.15013 20.16980
2448291.15018 18.76053
2448292.15022 17.52579
2448293.15027 16.59808
2448294.15031 18.07139
2448295.15036 19.61265
2448296.15041 18.31316
2448297.15045 17.90744
2448298.15050 19.39110
2448299.15054 17.17888
2448300.15059 20.72113
2448301.15063 19.68072
2448302.15068 20.00453
2448303.15073 19.15897
2448304.15077 25.89142
2448305.15082 23.98315
2448306.15086 26.07110
2448307.15091 27.73060
2448308.15095 26.21547
2448309.15100 26.48390
2448310.15104 28.13022
2448311.15109 26.47883
2448312.15114 25.72155
2448313.15118 30.78356
2448314.15123 25.88087
2448315.15127 23.98520
2448316.15132 28.81027
2448317.15136 24.28217
2448318.15141 19.53972
2448319.15146 21.69973
2448320.15150 21.98394
2448321.15155 23.19175
2448322.15159 18.80711
2448323.15164 17.84305
2448324.15168 20.16501
2448325.15173 16.75763
2448326.15178 15.98273
2448327.15182 14.67735
2448328.15187 15.44591
2448329.15191 18.81317
2448330.15196 16.97360
2448331.15200 17.89218
2448332.15205 20.76731
2448333.15209 18.75405
2448334.15214 18.18766
2448335.15219 24.24508
2448336.15223 20.27863
2448337.15228 26.20603
2448338.15232 22.53511
2448339.15237 24.91384
2448340.15241 26.31333
2448341.15246 22.87855
2448342.15251 25.97920
2448343.15255 27.56175
2448344.15260 25.21191
2448345.15264 27.72371
2448346.15269 26.72663
2448347.15273 24.77721
2448348.15278 25.28612
2448349.15282 28.03156
2448350.15287 23.59054
2448351.15292 21.82811
2448352.15296 24.55641
2448353.15301 22.81052
2448354.15305 21.28332
2448355.15310 17.70675
2448356.15314 18.01507
2448357.15319 17.01485
2448358.15324 15.93795
2448359.15328 15.11890
2448360.15333 14.62643
2448361.15337 18.89002
2448362.15342 19.12563
2448363.15346 18.34468
2448364.15351 16.36377
2448365.15355 13.47908
2448366.15360 19.77589
2448367.15365 18.63225
2448368.15369 20.57541
2448369.15374 26.67868
2448370.15378 19.00333
2448371.15383 22.86229
2448372.15387 22.23641
2448373.15392 25.73929
2448374.15397 28.85519
2448375.15401 25.77974
2448376.15406 25.03932
2448377.15410 25.66851
2448378.15415 26.71126
2448379.15419 28.45355
2448380.15424 25.03071
2448381.15428 26.61052
2448382.15433 27.96283
2448383.15438 23.95198
2448384.15442 21.50268
2448385.15447 21.95501
2448386.15451 18.79629
2448387.15456 22.70621
2448388.15460 18.94262
2448389.15465 17.30090
2448390.15470 15.55845
2448391.15474 21.28872
2448392.15479 17.04579
2448393.15483 15.02657
2448394.15488 14.88581
2448395.15492 18.75206
2448396.15497 17.80021
2448397.15502 18.01955
2448398.15506 19.37868
2448399.15511 18.59156
2448400.15515 20.15559
2448401.15520 22.66253
2448402.15524 24.36884
2448403.15529 22.50535
2448404.15533 23.73949
2448405.15538 26.09780
2448406.15543 27.91687
2448407.15547 25.02925
2448408.15552 25.81672
2448409.15556 28.09988
2448410.15561 25.57224
2448411.15565 29.72297
2448412.15570 26.33028
2448413.15575 25.78642
2448414.15579 25.60540
2448415.15584 26.99739
2448416.15588 20.82878
2448417.15593 21.99139
2448418.15597 22.76215
2448419.15602 19.44019
2448420.15606 19.84242
2448421.15611 18.29911
2448422.15616 20.47607
2448423.15620 17.89806
2448424.15625 15.55560
2448425.15629 19.00790
2448426.15634 14.21501
2448427.15638 14.99852
2448428.15643 15.55148
2448429.15648 12.35905
2448430.15652 14.45847
2448431.15657 17.96091
2448432.15661 19.93498
2448433.15666 19.90842
2448434.15670 22.54028
2448435.15675 22.38539
2448436.15679 22.06038
2448437.15684 23.98558
2448438.15689 26.17358
2448439.15693 25.71335
2448440.15698 26.67289
2448441.15702 29.36869
2448442.15707 29.52171
2448443.15711 23.58481
2448444.15716 20.79032
2448445.15721 23.15347
2448446.15725 24.40447
2448447.15730 26.04248
2448448.15734 22.74736
2448449.15739 19.03241
2448450.15743 22.56105
2448451.15748 21.56048
2448452.15752 19.06356
2448453.15757 22.69653
2448454.15762 18.02771
2448455.15766 15.69497
2448456.15771 17.80049
2448457.15775 16.80254
2448458.15780 16.08427
2448459.15784 16.99307
2448460.15789 15.25930
2448461.15794 16.24605
2448462.15798 16.83944
2448463.15803 17.69475
2448464.15807 20.50954
2448465.15812 21.31326
2448466.15816 16.93406
2448467.15821 21.58446
2448653.16670 11.72793
2448654.16674 11.94746
2448655.16679 11.31783
2448656.16683 13.15340
2448657.16688 12.98391
2448658.16693 11.42552
2448659.16697 11.24717
2448660.16702 12.87740
2448661.16706 12.12361
2448662.16711 14.69701
2448663.16715 13.85907
2448664.16720 16.39782
2448665.16724 16.80033
2448666.16729 17.26511
2448667.16734 19.63348
2448668.16738 19.12862
2448669.16743 17.71115
2448670.16747 21.30321
2448671.16752 22.64157
2448672.16756 20.57633
2448673.16761 22.57376
2448674.16766 24.63666
2448675.16770 20.52929
2448676.16775 23.60559
2448677.16779 20.47762
2448678.16784 21.02489
2448679.16788 15.73143
2448680.16793 17.18336
2448681.16797 14.29076
2448682.16802 16.78493
2448683.16807 12.38684
2448684.16811 13.02735
2448685.16816 12.07978
2448686.16820 12.59231
2448687.16825 11.73698
2448688.16829 10.73433
2448689.16834 11.99171
2448690.16839 11.33344
2448691.16843 10.88209
2448692.16848 11.75763
2448693.16852 12.64455
2448694.16857 12.85444
2448695.16861 14.77437
2448696.16866 13.06098
2448697.16870 15.00206
2448698.16875 14.92708
2448699.16880 20.85340
2448700.16884 18.29862
2448701.16889 19.94390
2448702.16893 20.85821
2448703.16898 18.83568
2448704.16902 20.22664
2448705.16907 21.18513
2448706.16912 19.22411
2448707.16916 21.23767
2448708.16921 21.73066
2448709.16925 23.32042
2448710.16930 19.57162
2448711.16934 19.43066
2448712.16939 16.66633
2448713.16944 14.85774
2448714.16948 16.07662
2448715.16953 14.89712
2448716.16957 12.94780
2448717.16962 10.83939
2448718.16966 11.68953
2448719.16971 11.48968
2448720.16975 10.36362
2448721.16980 11.53497
2448722.16985 8.94850
2448723.16989 8.80497
2448724.16994 10.65711
2448725.16998 10.41711
2448726.17003 10.90636
2448727.17007 11.16515
2448728.17012 12.93770
2448729.17017 16.38299
2448730.17021 14.60020
2448731.17026 15.60195
2448732.17030 17.69668
2448733.17035 16.34974
2448734.17039 17.18854
2448735.17044 20.50137
2448736.17048 20.75455
2448737.17053 20.30341
2448738.17058 19.38589
2448739.17062 19.12489
2448740.17067 17.94409
2448741.17071 18.64915
2448742.17076 18.17888
2448743.17080 19.84515
2448744.17085 13.98961
2448745.17090 14.46337
2448746.17094 16.92686
2448747.17099 15.32150
2448748.17103 11.54035
2448749.17108 11.59620
2448750.17112 9.92170
2448751.17117 9.57810
2448752.17121 8.66234
2448753.17126 9.67420
2448754.17131 9.79677
2448755.17135 8.96103
2448756.17140 10.20534
2448757.17144 10.36274
2448758.17149 8.93641
2448759.17153 9.05548
2448760.17158 11.56253
2448761.17163 13.89966
2448762.17167 13.81298
2448763.17172 15.26942
2448764.17176 14.60965
2448765.17181 18.16237
2448766.17185 13.21806
2448767.17190 16.18651
2448768.17194 19.54507
2448769.17199 19.50463
2448770.17204 20.45959
2448771.17208 19.18104
2448772.17213 18.88148
2448773.17217 17.48824
2448774.17222 15.91355
2448775.17226 15.59727
2448776.17231 17.73146
2448777.17236 17.46007
2448778.17240 14.74737
2448779.17245 13.58858
2448780.17249 12.17195
2448781.17254 13.20215
2448782.17258 12.03836
2448783.17263 8.57256
2448784.17268 10.74347
2448785.17272 7.89357
2448786.17277 9.18839
2448787.17281 7.20500
2448788.17286 6.64257
2448789.17290 9.35548
2448790.17295 11.06112
2448791.17299 9.92288
2448792.17304 9.81423
2448793.17309 10.72073
2448794.17313 12.27654
2448795.17318 12.51113
2448796.17322 14.17106
2448797.17327 13.81079
2448798.17331 15.13643
2448799.17336 13.66028
2448800.17341 17.10496
2448801.17345 17.79642
2448802.17350 21.33745
2448803.17354 21.65945
2448804.17359 19.21622
2448805.17363 17.44471
2448806.17368 19.47738
2448807.17372 18.35204
2448808.17377 17.51677
2448809.17382 14.15223
2448810.17386 16.48929
2448811.17391 16.68832
2448812.17395 13.29861
2448813.17400 12.57219
2448814.17404 11.44457
2448815.17409 9.49526
2448816.17414 9.81958
2448817.17418 9.60604
2448818.17423 8.91178
2448819.17427 7.83477
2448820.17432 6.90085
2448821.17436 6.68599
2448822.17441 7.87009
2448823.17445 7.74119
2448824.17450 7.52867
2448825.17455 9.20354
2448826.17459 11.77363
2448827.17464 9.77464
2448828.17468 10.84227
2448829.17473 13.34829
2448830.17477 12.11844
2448831.17482 14.65266
2448832.17487 15.04265
2449018.18335 3.28721
2449019.18340 3.28264
2449020.18344 3.22404
2449021.18349 4.04541
2449022.18354 4.74194
2449023.18358 5.30157
2449024.18363 7.69359
2449025.18367 7.37224
2449026.18372 10.14459
2449027.18376 9.73529
2449028.18381 10.83662
2449029.18386 14.13454
2449030.18390 13.82753
2449031.18395 11.61980
2449032.18399 13.32258
2449033.18404 12.45110
2449034.18408 12.64623
2449035.18413 14.20271
2449036.18417 12.22147
2449037.18422 11.34269
2449038.18427 11.68280
2449039.18431 11.65603
2449040.18436 13.19327
2449041.18440 10.29818
2449042.18445 7.09752
2449043.18449 6.71343
2449044.18454 6.13351
2449045.18459 5.76193
2449046.18463 4.66688
2449047.18468 3.39868
2449048.18472 3.38105
2449049.18477 2.74178
2449050.18481 1.98142
2449051.18486 2.16332
2449052.18490 3.07238
2449053.18495 3.00713
2449054.18500 3.65158
2449055.18504 4.56174
2449056.18509 4.88164
2449057.18513 5.80350
2449058.18518 7.40238
2449059.18522 7.24989
2449060.18527 7.82306
2449061.18532 8.97968
2449062.18536 10.68491
2449063.18541 10.04889
2449064.18545 12.07797
2449065.18550 13.07341
2449066.18554 13.95601
2449067.18559 13.87266
2449068.18563 15.86798
2449069.18568 11.32553
2449070.18573 11.68322
2449071.18577 12.28664
2449072.18582 11.27952
2449073.18586 8.60805
2449074.18591 8.92515
2449075.18595 8.32100
2449076.18600 7.74654
2449077.18605 6.39012
2449078.18609 4.99860
2449079.18614 4.18913
2449080.18618 2.89514
2449081.18623 2.78795
2449082.18627 2.49927
2449083.18632 1.89273
2449084.18636 1.83583
2449085.18641 2.03514
2449086.18646 2.44802
2449087.18650 2.62843
2449088.18655 3.30628
2449089.18659 3.92823
2449090.18664 6.18433
2449091.18668 6.87663
2449092.18673 6.67053
2449093.18678 9.13521
2449094.18682 9.61854
2449095.18687 11.05296
2449096.18691 12.45767
2449097.18696 10.85286
2449098.18700 12.93043
2449099.18705 12.22992
2449100.18710 10.94525
2449101.18714 12.87082
2449102.18719 11.38497
2449103.18723 10.62378
2449104.18728 11.66358
2449105.18732 10.74888
2449106.18737 8.08757
2449107.18741 6.93243
2449108.18746 6.58415
2449109.18751 5.48324
2449110.18755 5.66658
2449111.18760 3.80799
2449112.18764 3.21682
2449113.18769 2.59082
2449114.18773 2.14104
2449115.18778 1.44636
2449116.18783 1.76550
2449117.18787 1.68952
2449118.18792 1.81153
2449119.18796 2.25121
2449120.18801 2.28375
2449121.18805 3.49795
2449122.18810 4.32027
2449123.18814 6.01484
2449124.18819 5.36699
2449125.18824 6.39582
2449126.18828 8.47455
2449127.18833 8.72009
2449128.18837 12.53531
2449129.18842 9.91813
2449130.18846 13.11887
2449131.18851 9.21515
2449132.18856 12.82874
2449133.18860 13.56937
2449134.18865 10.00191
2449135.18869 8.91345
2449136.18874 8.19998
2449137.18878 10.46420
2449138.18883 9.14847
2449139.18887 8.57667
2449140.18892 8.64457
2449141.18897 6.51241
2449142.18901 5.35859
2449143.18906 4.12272
2449144.18910 3.97735
2449145.18915 2.84211
2449146.18919 1.99485
2449147.18924 1.70042
2449148.18929 1.16178
2449149.18933 1.04605
2449150.18938 1.21139
2449151.18942 1.25110
2449152.18947 1.62855
2449153.18951 2.43566
2449154.18956 3.27561
2449155.18960 3.92216
2449156.18965 4.93202
2449157.18970 6.39632
2449158.18974 6.48679
2449159.18979 6.24121
2449160.18983 9.86159
2449161.18988 8.40453
2449162.18992 9.58713
2449163.18997 9.27536
2449164.19002 11.80952
2449165.19006 12.37637
2449166.19011 13.47087
2449167.19015 13.32408
2449168.19020 12.51504
2449169.19024 10.69447
2449170.19029 10.20515
2449171.19033 9.24497
2449172.19038 7.86836
2449173.19043 7.60548
2449174.19047 6.22289
2449175.19052 4.83646
2449176.19056 4.39316
2449177.19061 3.19975
2449178.19065 2.48273
2449179.19070 1.61074
2449180.19075 0.88061
2449181.19079 0.97451
2449182.19084 0.72483
2449183.19088 1.04741
2449184.19093 1.17393
2449185.19097 1.46983
2449186.19102 2.17053
2449187.19107 3.05628
2449188.19111 4.40757
2449189.19116 5.56357
2449190.19120 5.98574
2449191.19125 6.53875
2449192.19129 8.34511
2449193.19134 8.48733
2449194.19138 10.91331
2449195.19143 9.44564
2449196.19148 13.13025
2449197.19152 11.71678
2449383.20001 2.47743
2449384.20005 3.66406
2449385.20010 4.47688
2449386.20015 5.57609
2449387.20019 6.50377
2449388.20024 7.52357
2449389.20028 9.26523
2449390.20033 8.72106
2449391.20037 11.20158
2449392.20042 10.38958
2449393.20047 12.19407
2449394.20051 13.66376
2449395.20056 13.52250
2449396.20060 11.94189
2449397.20065 9.95890
2449398.20069 12.58523
2449399.20074 9.90111
2449400.20078 10.57590
2449401.20083 9.14282
2449402.20088 9.30240
2449403.20092 7.02890
2449404.20097 5.80567
2449405.20101 4.40242
2449406.20106 4.72215
2449407.20110 3.58534
2449408.20115 2.73953
2449409.20120 2.29525
2449410.20124 1.91739
2449411.20129 1.66048
2449412.20133 1.28523
2449413.20138 1.71326
2449414.20142 2.05540
2449415.20147 1.75804
2449416.20152 3.20392
2449417.20156 4.11326
2449418.20161 4.49680
2449419.20165 5.05688
2449420.20170 6.87375
2449421.20174 6.79797
2449422.20179 9.73130
2449423.20183 9.80776
2449424.20188 12.26733
2449425.20193 10.64851
2449426.20197 12.73538
2449427.20202 12.47080
2449428.20206 11.59980
2449429.20211 11.41994
2449430.20215 13.14456
2449431.20220 12.96804
2449432.20225 12.28074
2449433.20229 10.10548
2449434.20234 9.29836
2449435.20238 11.32983
2449436.20243 8.27223
2449437.20247 7.29411
2449438.20252 6.07839
2449439.20256 5.33449
2449440.20261 4.09109
2449441.20266 3.16418
2449442.20270 2.29695
2449443.20275 1.78952
2449444.20279 1.82087
2449445.20284 1.54233
2449446.20288 1.85643
2449447.20293 2.41511
2449448.20298 2.72745
2449449.20302 3.78525
2449450.20307 4.08492
2449451.20311 5.54429
2449452.20316 6.03409
2449453.20320 5.10242
2449454.20325 9.96311
2449455.20329 9.07516
2449456.20334 9.70770
2449457.20339 9.45316
2449458.20343 12.52075
2449459.20348 13.66914
2449460.20352 12.03105
2449461.20357 12.40694
2449462.20361 13.88030
2449463.20366 11.76182
2449464.20371 14.06865
2449465.20375 12.67878
2449466.20380 11.27387
2449467.20384 9.05287
2449468.20389 9.71697
2449469.20393 7.10538
2449470.20398 7.40424
2449471.20402 5.04923
2449472.20407 5.79651
2449473.20412 5.04281
2449474.20416 3.41219
2449475.20421 3.45547
2449476.20425 2.32864
2449477.20430 2.40723
2449478.20434 2.54573
2449479.20439 2.65922
2449480.20444 2.91673
2449481.20448 3.72417
2449482.20453 4.55216
2449483.20457 5.05501
2449484.20462 5.84188
2449485.20466 6.30238
2449486.20471 7.84464
2449487.20475 8.60656
2449488.20480 10.97021
2449489.20485 11.05715
2449490.20489 13.19511
2449491.20494 10.34131
2449492.20498 14.86758
2449493.20503 12.62256
2449494.20507 14.73647
2449495.20512 12.97371
2449496.20517 13.92507
2449497.20521 12.66871
2449498.20526 12.67905
2449499.20530 11.55352
2449500.20535 12.30363
2449501.20539 9.44613
2449502.20544 9.36377
2449503.20549 7.85828
2449504.20553 5.78128
2449505.20558 6.07385
2449506.20562 5.10046
2449507.20567 3.72756
2449508.20571 2.95859
2449509.20576 3.43156
2449510.20580 3.06833
2449511.20585 2.90642
2449512.20590 3.19410
2449513.20594 3.93052
2449514.20599 3.83258
2449515.20603 4.66867
2449516.20608 5.89461
2449517.20612 7.07695
2449518.20617 8.04555
2449519.20622 10.83971
2449520.20626 10.29597
2449521.20631 11.93319
2449522.20635 8.60898
2449523.20640 14.99703
2449524.20644 14.81948
2449525.20649 11.41932
2449526.20653 12.17128
2449527.20658 13.92029
2449528.20663 14.48423
2449529.20667 14.85229
2449530.20672 14.09750
2449531.20676 11.17728
2449532.20681 12.21369
2449533.20685 11.97559
2449534.20690 9.89996
2449535.20695 8.93039
2449536.20699 8.91044
2449537.20704 6.64213
2449538.20708 5.77644
2449539.20713 5.78718
2449540.20717 4.55029
2449541.20722 4.55737
2449542.20726 3.42539
2449543.20731 3.56108
2449544.20736 3.55628
2449545.20740 4.50507
2449546.20745 4.05940
2449547.20749 5.15125
2449548.20754 5.67937
2449549.20758 6.32077
2449550.20763 8.39796
2449551.20768 9.15942
2449552.20772 10.28670
2449553.20777 10.53317
2449554.20781 11.53924
2449555.20786 13.87569
2449556.20790 15.19870
2449557.20795 13.60133
2449558.20799 13.85822
2449559.20804 12.82074
2449560.20809 13.29735
2449561.20813 15.64560
2449562.20818 11.94712
2449749.21671 15.16914
2449750.21676 14.89646
2449751.21680 14.86690
2449752.21685 17.06185
2449753.21689 16.49211
2449754.21694 16.15003
2449755.21698 18.85857
2449756.21703 21.13313
2449757.21708 19.08359
2449758.21712 16.88134
2449759.21717 21.50586
2449760.21721 16.96883
2449761.21726 19.10232
2449762.21730 20.51328
2449763.21735 13.23880
2449764.21740 12.57984
2449765.21744 16.10493
2449766.21749 15.91144
2449767.21753 13.80122
2449768.21758 12.16870
2449769.21762 13.02699
2449770.21767 10.98964
2449771.21771 9.08964
2449772.21776 11.46354
2449773.21781 9.67844
2449774.21785 9.45640
2449775.21790 8.07000
2449776.21794 11.21739
2449777.21799 9.76573
2449778.21803 10.27191
2449779.21808 10.47528
2449780.21813 13.29939
2449781.21817 13.17800
2449782.21822 14.01896
2449783.21826 14.82963
2449784.21831 16.74181
2449785.21835 15.84850
2449786.21840 19.90359
2449787.21844 18.11654
2449788.21849 18.33414
2449789.21854 17.27036
2449790.21858 24.29400
2449791.21863 20.00070
2449792.21867 19.23259
2449793.21872 17.85894
2449794.21876 21.64552
2449795.21881 18.87738
2449796.21886 18.88191
2449797.21890 17.35566
2449798.21895 16.49741
2449799.21899 13.85843
2449800.21904 14.33668
2449801.21908 13.73487
2449802.21913 12.67405
2449803.21917 11.91175
2449804.21922 10.58609
2449805.21927 10.07107
2449806.21931 10.72646
2449807.21936 10.67872
2449808.21940 10.58804
2449809.21945 11.95362
2449810.21949 11.86150
2449811.21954 11.19158
2449812.21959 11.91371
2449813.21963 14.89940
2449814.21968 14.42561
2449815.21972 19.12352
2449816.21977 17.64087
2449817.21981 17.00962
2449818.21986 16.92389
2449819.21991 22.68364
2449820.21995 17.36224
2449821.22000 21.24881
2449822.22004 22.44590
2449823.22009 17.75620
2449824.22013 18.81724
2449825.22018 19.20465
2449826.22022 24.76443
2449827.22027 19.74486
2449828.22032 19.69135
2449829.22036 21.15829
2449830.22041 16.58779
2449831.22045 12.51922
2449832.22050 11.36840
2449833.22054 12.71632
2449834.22059 14.13545
2449835.22064 14.52909
2449836.22068 12.54171
2449837.22073 10.65369
2449838.22077 10.08222
2449839.22082 13.10077
2449840.22086 14.07896
2449841.22091 11.48196
2449842.22095 12.63779
2449843.22100 12.71203
2449844.22105 12.93676
2449845.22109 14.21376
2449846.22114 12.98916
2449847.22118 14.88861
2449848.22123 17.87032
2449849.22127 20.77799
2449850.22132 19.41560
2449851.22137 25.76089
2449852.22141 19.14621
2449853.22146 22.10600
2449854.22150 24.04590
2449855.22155 21.16609
2449856.22159 24.90424
2449857.22164 26.97882
2449858.22168 19.11134
2449859.22173 20.55983
2449860.22178 17.66592
2449861.22182 16.90799
2449862.22187 21.21460
2449863.22191 19.25283
2449864.22196 15.49332
2449865.22200 17.06703
2449866.22205 12.39762
2449867.22210 14.13997
2449868.22214 12.77420
2449869.22219 12.77299
2449870.22223 11.66963
2449871.22228 11.16410
2449872.22232 12.96236
2449873.22237 11.83142
2449874.22241 12.78728
2449875.22246 11.75091
2449876.22251 10.99987
2449877.22255 13.74283
2449878.22260 13.14512
2449879.22264 15.75687
2449880.22269 18.84336
2449881.22273 16.91878
2449882.22278 22.05832
2449883.22283 20.71566
2449884.22287 25.93128
2449885.22292 22.00922
2449886.22296 23.52449
2449887.22301 17.95362
2449888.22305 21.42606
2449889.22310 21.97870
2449890.22315 26.73732
2449891.22319 20.73254
2449892.22324 24.55333
2449893.22328 24.15251
2449894.22333 18.28803
2449895.22337 20.68202
2449896.22342 18.55012
2449897.22346 18.55169
2449898.22351 16.65673
2449899.22356 14.96544
2449900.22360 12.97186
2449901.22365 15.27130
2449902.22369 11.56884
2449903.22374 14.09649
2449904.22378 11.96547
2449905.22383 14.53303
2449906.22388 14.05687
2449907.22392 14.30688
2449908.22397 13.74591
2449909.22401 15.18447
2449910.22406 15.27984
2449911.22410 16.08904
2449912.22415 18.96224
2449913.22419 18.30061
2449914.22424 19.62700
2449915.22429 23.53839
2449916.22433 24.66064
2449917.22438 18.08625
2449918.22442 17.11001
2449919.22447 25.78438
2449920.22451 26.65117
2449921.22456 22.61493
2449922.22461 27.16863
2449923.22465 22.00219
2449924.22470 22.16430
2449925.22474 26.04107
2449926.22479 20.07590
2449927.22483 20.57345
2449928.22488 20.05648
2450114.23337 27.88821
2450115.23341 23.66958
2450116.23346 23.95080
2450117.23350 25.95623
2450118.23355 26.24178
2450119.23359 28.19684
2450120.23364 24.48635
2450121.23369 26.73428
2450122.23373 24.83732
2450123.23378 25.18210
2450124.23382 26.71761
2450125.23387 26.74796
2450126.23391 22.85773
2450127.23396 24.58440
2450128.23401 17.54577
2450129.23405 20.33710
2450130.23410 21.57839
2450131.23414 17.63691
2450132.23419 19.31111
2450133.23423 16.74557
2450134.23428 17.20284
2450135.23433 16.29146
2450136.23437 14.22722
2450137.23442 17.29074
2450138.23446 18.50805
2450139.23451 16.86272
2450140.23455 18.67110
2450141.23460 19.09029
2450142.23464 22.46019
2450143.23469 23.84862
2450144.23474 22.36536
2450145.23478 22.29179
2450146.23483 27.73580
2450147.23487 25.53406
2450148.23492 30.13119
2450149.23496 24.53985
2450150.23501 28.43422
2450151.23506 25.18348
2450152.23510 25.59873
2450153.23515 29.72772
2450154.23519 23.55698
2450155.23524 27.46678
2450156.23528 27.85025
2450157.23533 24.94459
2450158.23537 23.55926
2450159.23542 24.41359
2450160.23547 17.51037
2450161.23551 23.70680
2450162.23556 20.60622
2450163.23560 19.22364
2450164.23565 17.50033
2450165.23569 18.00094
2450166.23574 19.98025
2450167.23579 18.47553
2450168.23583 14.82996
2450169.23588 15.34851
2450170.23592 17.66119
2450171.23597 16.02011
2450172.23601 16.77824
2450173.23606 19.78282
2450174.23610 20.61434
2450175.23615 21.75870
2450176.23620 23.33293
2450177.23624 21.75661
2450178.23629 22.70457
2450179.23633 23.76747
2450180.23638 31.01378
2450181.23642 24.65111
2450182.23647 25.08755
2450183.23652 20.47605
2450184.23656 27.74001
2450185.23661 26.00032
2450186.23665 29.99784
2450187.23670 26.51705
2450188.23674 25.51674
2450189.23679 25.65205
2450190.23683 22.11051
2450191.23688 21.45930
2450192.23693 24.31744
2450193.23697 20.15958
2450194.23702 19.23778
2450195.23706 20.80556
2450196.23711 21.43687
2450197.23715 17.90523
2450198.23720 19.22439
2450199.23725 14.50718
2450200.23729 17.38334
2450201.23734 20.74094
2450202.23738 17.26720
2450203.23743 18.05173
2450204.23747 15.60157
2450205.23752 17.17299
2450206.23757 19.77859
2450207.23761 17.69201
2450208.23766 21.92127
2450209.23770 24.37035
2450210.23775 21.06829
2450211.23779 23.63577
2450212.23784 24.23551
2450213.23788 23.64268
2450214.23793 26.56426
2450215.23798 26.84105
2450216.23802 35.67058
2450217.23807 23.46477
2450218.23811 25.19584
2450219.23816 22.85121
2450220.23820 27.04791
2450221.23825 26.12805
2450222.23830 26.29141
2450223.23834 23.97821
2450224.23839 26.82852
2450225.23843 23.39741
2450226.23848 24.83821
2450227.23852 23.18847
2450228.23857 18.60274
2450229.23861 16.14875
2450230.23866 19.48853
2450231.23871 17.18558
2450232.23875 18.00778
2450233.23880 16.69009
2450234.23884 18.21071
2450235.23889 14.79542
2450236.23893 19.52568
2450237.23898 18.51358
2450238.23903 18.71565
2450239.23907 22.31972
2450240.23912 18.29834
2450241.23916 16.55204
2450242.23921 21.38300
2450243.23925 24.31028
2450244.23930 26.27910
2450245.23934 28.89411
2450246.23939 30.04906
2450247.23944 28.18276
2450248.23948 29.40208
2450249.23953 24.35824
2450250.23957 29.63770
2450251.23962 29.57486
2450252.23966 29.41800
2450253.23971 22.54866
2450254.23976 26.02135
2450255.23980 27.38093
2450256.23985 19.33970
2450257.23989 23.12715
2450258.23994 21.29033
2450259.23998 22.22716
2450260.24003 20.44324
2450261.24007 18.45132
2450262.24012 17.38891
2450263.24017 18.52668
2450264.24021 15.62866
2450265.24026 16.89555
2450266.24030 15.86233
2450267.24035 17.17072
2450268.24039 15.27393
2450269.24044 17.30832
2450270.24049 18.01557
2450271.24053 21.08438
2450272.24058 21.20822
2450273.24062 24.92898
2450274.24067 22.15691
2450275.24071 24.32196
2450276.24076 21.60599
2450277.24080 28.94255
2450278.24085 29.96038
2450279.24090 26.71981
2450280.24094 29.60405
2450281.24099 27.03219
2450282.24103 25.78052
2450283.24108 27.86198
2450284.24112 30.16302
2450285.24117 28.52287
2450286.24122 27.35265
2450287.24126 30.72033
2450288.24131 26.30275
2450289.24135 29.25410
2450290.24140 25.33212
2450291.24144 23.75837
2450292.24149 23.00211
2450293.24154 19.22879
2450479.25002 24.47277
2450480.25007 25.70527
2450481.25011 31.07278
2450482.25016 25.97307
2450483.25021 23.70206
2450484.25025 26.35678
2450485.25030 23.90706
2450486.25034 22.29125
2450487.25039 19.82091
2450488.25043 17.83913
2450489.25048 20.71196
2450490.25052 17.21205
2450491.25057 14.66455
2450492.25062 18.20287
2450493.25066 14.73852
2450494.25071 15.31662
2450495.25075 14.09812
2450496.25080 17.12913
2450497.25084 14.03860
2450498.25089 16.77486
2450499.25094 17.66970
2450500.25098 16.19065
2450501.25103 15.30078
2450502.25107 14.18499
2450503.25112 18.85751
2450504.25116 22.55290
2450505.25121 18.97990
2450506.25125 23.96314
2450507.25130 21.49449
2450508.25135 25.43181
2450509.25139 26.85106
2450510.25144 24.41925
2450511.25148 26.90451
2450512.25153 25.31445
2450513.25157 23.57417
2450514.25162 20.40802
2450515.25167 20.66317
2450516.25171 21.47575
2450517.25176 27.51790
2450518.25180 23.10532
2450519.25185 21.96379
2450520.25189 20.46992
2450521.25194 17.61879
2450522.25199 18.41988
2450523.25203 15.49469
2450524.25208 17.33070
2450525.25212 13.28940
2450526.25217 14.54873
2450527.25221 15.55863
2450528.25226 14.99135
2450529.25230 14.13944
2450530.25235 14.05378
2450531.25240 16.22544
2450532.25244 14.91603
2450533.25249 14.22994
2450534.25253 16.70478
2450535.25258 16.75812
2450536.25262 17.51870
2450537.25267 19.47847
2450538.25272 18.08688
2450539.25276 18.34043
2450540.25281 20.45383
2450541.25285 18.07735
2450542.25290 27.05726
2450543.25294 28.23215
2450544.25299 24.73503
2450545.25303 22.20941
2450546.25308 26.31151
2450547.25313 25.40133
2450548.25317 27.98878
2450549.25322 20.35719
2450550.25326 19.92603
2450551.25331 18.80465
2450552.25335 20.06706
2450553.25340 17.54363
2450554.25345 19.35068
2450555.25349 21.28980
2450556.25354 18.90854
2450557.25358 13.29367
2450558.25363 15.52360
2450559.25367 14.55032
2450560.25372 14.96261
2450561.25376 13.43220
2450562.25381 12.73401
2450563.25386 12.87035
2450564.25390 10.71756
2450565.25395 13.56298
2450566.25399 14.45123
2450567.25404 16.69265
2450568.25408 16.76405
2450569.25413 16.49782
2450570.25418 20.24669
2450571.25422 19.74120
2450572.25427 17.71254
2450573.25431 19.81181
2450574.25436 20.52625
2450575.25440 23.01687
2450576.25445 21.07605
2450577.25449 25.78283
2450578.25454 24.58710
2450579.25459 22.93030
2450580.25463 23.40229
2450581.25468 22.01853
2450582.25472 22.84012
2450583.25477 21.23004
2450584.25481 23.24660
2450585.25486 16.90497
2450586.25491 17.87682
2450587.25495 18.11535
2450588.25500 13.25206
2450589.25504 17.04936
2450590.25509 15.33187
2450591.25513 15.07258
2450592.25518 9.81831
2450593.25522 14.20640
2450594.25527 14.54800
2450595.25532 13.26814
2450596.25536 14.05868
2450597.25541 13.12109
2450598.25545 13.88851
2450599.25550 14.43726
2450600.25554 19.19994
2450601.25559 15.72745
2450602.25564 16.05292
2450603.25568 16.82129
2450604.25573 21.47480
2450605.25577 18.89678
2450606.25582 22.15507
2450607.25586 20.46330
2450608.25591 25.04025
2450609.25596 24.46237
2450610.25600 24.30172
2450611.25605 27.22450
2450612.25609 20.07305
2450613.25614 27.37026
2450614.25618 25.64810
2450615.25623 24.09977
2450616.25627 21.21442
2450617.25632 22.30967
2450618.25637 19.64519
2450619.25641 18.85048
2450620.25646 21.22723
2450621.25650 14.96401
2450622.25655 13.58924
2450623.25659 13.96968
2450624.25664 11.83031
2450625.25669 11.55816
2450626.25673 12.20371
2450627.25678 12.12727
2450628.25682 13.82274
2450629.25687 10.98634
2450630.25691 12.71239
2450631.25696 10.63906
2450632.25700 14.40388
2450633.25705 14.82115
2450634.25710 13.60346
2450635.25714 16.62924
2450636.25719 16.03005
2450637.25723 12.70564
2450638.25728 15.66728
2450639.25732 16.12287
2450640.25737 21.47172
2450641.25742 20.39893
2450642.25746 22.13196
2450643.25751 22.68519
2450644.25755 21.99465
2450645.25760 21.70777
2450646.25764 23.87974
2450647.25769 18.70654
2450648.25773 20.96534
2450649.25778 20.89150
2450650.25783 19.91705
2450651.25787 16.01050
2450652.25792 15.19586
2450653.25796 13.61344
2450654.25801 13.23724
2450655.25805 14.42915
2450656.25810 13.60372
2450657.25815 11.70497
2450658.25819 11.18879
2450844.26668 14.28112
2450845.26672 17.45018
2450846.26677 10.32072
2450847.26682 15.71105
2450848.26686 14.74054
2450849.26691 11.33329
2450850.26695 11.36634
2450851.26700 10.55180
2450852.26704 8.73694
2450853.26709 7.75172
2450854.26714 7.59416
2450855.26718 5.88391
2450856.26723 5.84850
2450857.26727 6.29811
2450858.26732 5.98366
2450859.26736 5.81797
2450860.26741 6.56989
2450861.26745 6.26082
2450862.26750 7.32084
2450863.26755 9.44410
2450864.26759 11.32488
2450865.26764 9.78825
2450866.26768 12.30923
2450867.26773 11.09118
2450868.26777 13.06996
2450869.26782 13.54702
2450870.26787 13.89503
2450871.26791 16.98223
2450872.26796 15.71561
2450873.26800 16.98962
2450874.26805 19.59418
2450875.26809 15.30027
2450876.26814 17.10926
2450877.26818 14.50866
2450878.26823 14.56631
2450879.26828 15.70638
2450880.26832 12.80004
2450881.26837 12.03373
2450882.26841 11.28298
2450883.26846 9.17877
2450884.26850 8.18543
2450885.26855 8.76503
2450886.26860 7.76892
2450887.26864 7.04141
2450888.26869 5.26222
2450889.26873 5.43558
2450890.26878 5.80064
2450891.26882 5.46651
2450892.26887 4.67304
2450893.26891 5.64714
2450894.26896 5.12624
2450895.26901 7.05845
2450896.26905 8.24554
2450897.26910 8.82907
2450898.26914 9.00783
2450899.26919 9.94732
2450900.26923 12.85425
2450901.26928 11.57399
2450902.26933 14.27063
2450903.26937 16.80244
2450904.26942 15.45179
2450905.26946 14.30372
2450906.26951 16.71893
2450907.26955 12.43225
2450908.26960 15.52741
2450909.26964 13.72530
2450910.26969 14.23769
2450911.26974 10.92894
2450912.26978 14.47093
2450913.26983 10.48559
2450914.26987 11.18066
2450915.26992 10.44943
2450916.26996 9.62037
2450917.27001 7.09429
2450918.27006 6.83320
2450919.27010 6.06288
2450920.27015 5.34189
2450921.27019 4.83037
2450922.27024 4.85335
2450923.27028 3.90956
2450924.27033 3.83345
2450925.27038 4.92085
2450926.27042 5.53262
2450927.27047 6.23994
2450928.27051 5.96672
2450929.27056 6.80384
2450930.27060 7.26118
2450931.27065 8.31332
2450932.27069 9.51551
2450933.27074 11.33071
2450934.27079 11.43710
2450935.27083 11.55235
2450936.27088 11.45265
2450937.27092 16.25878
2450938.27097 14.42392
2450939.27101 14.91937
2450940.27106 11.52056
2450941.27111 12.85218
2450942.27115 15.04648
2450943.27120 11.66629
2450944.27124 11.99445
2450945.27129 12.07944
2450946.27133 9.48246
2450947.27138 11.00350
2450948.27142 9.08578
2450949.27147 7.70667
2450950.27152 7.05324
2450951.27156 5.85713
2450952.27161 5.95083
2450953.27165 4.92299
2450954.27170 5.00485
2450955.27174 3.61214
2450956.27179 4.20350
2450957.27184 3.18306
2450958.27188 4.14615
2450959.27193 4.13288
2450960.27197 4.75691
2450961.27202 5.51410
2450962.27206 6.79690
2450963.27211 7.31435
2450964.27215 6.57544
2450965.27220 9.06465
2450966.27225 10.21723
2450967.27229 11.41268
2450968.27234 13.20558
2450969.27238 12.69140
2450970.27243 12.61992
2450971.27247 15.34113
2450972.27252 14.65262
2450973.27257 14.13754
2450974.27261 13.58715
2450975.27266 13.01667
2450976.27270 12.05831
2450977.27275 10.85067
2450978.27279 12.12918
2450979.27284 11.02759
2450980.27288 8.92258
2450981.27293 7.51630
2450982.27298 6.81195
2450983.27302 6.50142
2450984.27307 5.89377
2450985.27311 3.91560
2450986.27316 4.04505
2450987.27320 3.74394
2450988.27325 3.12719
2450989.27330 2.56857
2450990.27334 2.51145
2450991.27339 3.03227
2450992.27343 4.03963
2450993.27348 4.45376
2450994.27352 4.79611
2450995.27357 6.49353
2450996.27362 6.45742
2450997.27366 7.42128
2450998.27371 8.58641
2450999.27375 8.64636
2451000.27380 9.95349
2451001.27384 9.80937
2451002.27389 11.22601
2451003.27393 16.93113
2451004.27398 14.31574
2451005.27403 13.00173
2451006.27407 13.03132
2451007.27412 12.03984
2451008.27416 14.39276
2451009.27421 11.36258
2451010.27425 11.63133
2451011.27430 10.39029
2451012.27435 9.81686
2451013.27439 7.51777
2451014.27444 7.82328
2451015.27448 5.75315
2451016.27453 5.51727
2451017.27457 5.20601
2451018.27462 4.01894
2451019.27466 3.15245
2451020.27471 2.12291
2451021.27476 2.68937
2451022.27480 2.43444
2451023.27485 2.20764
2451209.28333 8.29515
2451210.28338 7.80053
2451211.28343 5.99316
2451212.28347 4.94568
2451213.28352 3.78987
2451214.28356 2.70127
2451215.28361 1.81859
2451216.28365 1.29752
2451217.28370 0.75876
2451218.28375 0.52743
2451219.28379 0.32030
2451220.28384 0.48551
2451221.28388 0.60364
2451222.28393 1.35195
2451223.28397 1.94793
2451224.28402 2.08192
2451225.28406 3.23355
2451226.28411 4.14564
2451227.28416 4.92705
2451228.28420 7.06465
2451229.28425 7.68259
2451230.28429 8.77758
2451231.28434 6.79708
2451232.28438 9.18810
2451233.28443 10.48113
2451234.28448 14.07389
2451235.28452 11.15177
2451236.28457 11.16640
2451237.28461 11.32352
2451238.28466 12.41851
2451239.28470 11.07989
2451240.28475 10.42077
2451241.28480 9.06751
2451242.28484 7.01098
2451243.28489 7.73768
2451244.28493 4.32375
2451245.28498 4.87975
2451246.28502 2.91637
2451247.28507 3.09273
2451248.28511 1.78621
2451249.28516 1.07988
2451250.28521 0.75105
2451251.28525 0.36132
2451252.28530 0.32687
2451253.28534 0.44539
2451254.28539 0.72596
2451255.28543 1.28571
2451256.28548 1.98008
2451257.28553 2.73952
2451258.28557 4.15633
2451259.28562 4.14778
2451260.28566 5.49833
2451261.28571 7.18479
2451262.28575 6.90346
2451263.28580 6.39628
2451264.28584 9.76432
2451265.28589 11.48548
2451266.28594 11.25518
2451267.28598 11.00080
2451268.28603 10.70978
2451269.28607 10.65203
2451270.28612 12.50008
2451271.28616 13.24403
2451272.28621 10.84863
2451273.28626 8.96734
2451274.28630 8.96260
2451275.28635 7.59914
2451276.28639 6.41612
2451277.28644 5.17422
2451278.28648 4.02272
2451279.28653 3.33160
2451280.28657 2.23773
2451281.28662 1.95492
2451282.28667 1.31710
2451283.28671 0.71274
2451284.28676 0.52889
2451285.28680 0.45594
2451286.28685 0.63144
2451287.28689 0.90416
2451288.28694 1.43728
2451289.28699 1.68705
2451290.28703 3.07019
2451291.28708 3.44929
2451292.28712 4.33418
2451293.28717 6.57941
2451294.28721 7.66968
2451295.28726 8.86965
2451296.28730 10.03702
2451297.28735 10.40302
2451298.28740 8.53041
2451299.28744 9.30392
2451300.28749 12.23793
2451301.28753 11.03899
2451302.28758 12.05444
2451303.28762 11.38874
2451304.28767 9.87550
2451305.28772 8.87879
2451306.28776 8.45297
2451307.28781 9.12878
2451308.28785 6.70096
2451309.28790 5.14631
2451310.28794 5.86403
2451311.28799 4.76415
2451312.28804 3.60482
2451313.28808 2.25075
2451314.28813 2.25368
2451315.28817 1.20324
2451316.28822 0.88077
2451317.28826 0.61790
2451318.28831 0.59574
2451319.28835 0.82789
2451320.28840 1.20288
2451321.28845 1.41644
2451322.28849 2.42487
2451323.28854 2.85738
2451324.28858 3.29522
2451325.28863 3.93126
2451326.28867 6.47726
2451327.28872 7.29237
2451328.28877 8.83374
2451329.28881 9.65759
2451330.28886 10.40156
2451331.28890 9.83830
2451332.28895 11.81308
2451333.28899 10.22929
2451334.28904 11.12655
2451335.28908 11.63431
2451336.28913 12.75822
2451337.28918 11.81347
2451338.28922 10.81822
2451339.28927 11.25842
2451340.28931 10.42420
2451341.28936 7.86696
2451342.28940 7.33792
2451343.28945 5.66386
2451344.28950 4.63156
2451345.28954 3.49151
2451346.28959 2.60610
2451347.28963 2.24243
2451348.28968 1.65381
2451349.28972 1.09664
2451350.28977 0.87273
2451351.28981 0.85617
2451352.28986 1.07789
2451353.28991 1.39904
2451354.28995 2.12277
2451355.29000 2.53666
2451356.29004 3.69403
2451357.29009 4.80219
2451358.29013 6.20997
2451359.29018 5.68897
2451360.29023 7.82872
2451361.29027 7.12923
2451362.29032 9.04337
2451363.29036 11.46651
2451364.29041 11.33093
2451365.29045 10.68738
2451366.29050 12.05353
2451367.29054 11.91244
2451368.29059 13.06600
2451369.29064 12.17742
2451370.29068 11.20600
2451371.29073 11.63337
2451372.29077 8.66542
2451373.29082 8.38129
2451374.29086 6.25845
2451375.29091 8.58159
2451376.29096 5.17020
2451377.29100 4.62249
2451378.29105 3.12018
2451379.29109 3.23573
2451380.29114 2.10345
2451381.29118 1.80463
2451382.29123 1.35275
2451383.29127 1.26926
2451384.29132 1.18859
2451385.29137 1.78650
2451386.29141 1.88274
2451387.29146 2.67963
2451388.29150 3.12053
2451575.30004 7.30124
2451576.30008 6.42993
2451577.30013 6.65471
2451578.30017 5.17811
2451579.30022 4.24696
2451580.30026 5.27755
2451581.30031 4.75794
2451582.30036 4.78546
2451583.30040 4.46933
2451584.30045 6.61039
2451585.30049 7.60874
2451586.30054 5.97615
2451587.30058 8.38832
2451588.30063 10.11685
2451589.30068 10.86965
2451590.30072 11.83488
2451591.30077 12.65579
2451592.30081 14.32401
2451593.30086 16.34462
2451594.30090 14.79922
2451595.30095 14.01801
2451596.30099 15.96696
2451597.30104 15.89056
2451598.30109 17.50674
2451599.30113 17.32352
2451600.30118 13.34404
2451601.30122 12.70393
2451602.30127 13.05486
2451603.30131 14.02911
2451604.30136 13.91732
2451605.30141 9.87207
2451606.30145 9.71312
2451607.30150 7.83132
2451608.30154 7.78025
2451609.30159 8.17309
2451610.30163 5.99922
2451611.30168 5.78395
2451612.30172 5.44975
2451613.30177 5.58163
2451614.30182 5.02529
2451615.30186 6.05928
2451616.30191 6.50470
2451617.30195 6.46323
2451618.30200 7.94162
2451619.30204 7.43606
2451620.30209 8.10187
2451621.30214 11.89368
2451622.30218 10.69305
2451623.30223 14.05720
2451624.30227 13.83755
2451625.30232 15.61732
2451626.30236 18.04206
2451627.30241 14.02255
2451628.30246 16.71188
2451629.30250 16.25436
2451630.30255 16.43755
2451631.30259 17.12039
2451632.30264 15.01998
2451633.30268 14.78036
2451634.30273 15.10275
2451635.30277 13.11844
2451636.30282 13.63527
2451637.30287 13.93674
2451638.30291 10.90430
2451639.30296 11.06676
2451640.30300 9.91655
2451641.30305 8.57267
2451642.30309 9.74689
2451643.30314 7.75923
2451644.30319 6.44556
2451645.30323 6.82020
2451646.30328 6.75526
2451647.30332 6.76016
2451648.30337 7.39235
2451649.30341 7.55376
2451650.30346 7.24567
2451651.30350 9.33432
2451652.30355 11.32026
2451653.30360 12.13275
2451654.30364 9.05385
2451655.30369 12.01718
2451656.30373 14.13192
2451657.30378 13.42765
2451658.30382 15.58053
2451659.30387 19.39205
2451660.30392 19.88280
2451661.30396 16.84371
2451662.30401 15.16777
2451663.30405 16.71406
2451664.30410 18.65370
2451665.30414 20.04465
2451666.30419 19.44852
2451667.30423 16.93076
2451668.30428 15.20683
2451669.30433 14.40964
2451670.30437 16.97759
2451671.30442 10.52509
2451672.30446 12.38771
2451673.30451 9.91623
2451674.30455 8.76936
2451675.30460 9.57621
2451676.30465 8.98767
2451677.30469 8.09164
2451678.30474 7.39474
2451679.30478 7.79602
2451680.30483 6.86597
2451681.30487 8.15109
2451682.30492 7.45755
2451683.30496 8.53498
2451684.30501 9.22053
2451685.30506 10.07665
2451686.30510 11.83562
2451687.30515 13.09583
2451688.30519 12.99218
2451689.30524 12.66908
2451690.30528 14.89774
2451691.30533 16.76369
2451692.30538 17.67412
2451693.30542 17.24297
2451694.30547 18.76384
2451695.30551 21.13475
2451696.30556 21.33357
2451697.30560 16.26521
2451698.30565 17.91058
2451699.30569 18.02530
2451700.30574 14.71739
2451701.30579 19.03427
2451702.30583 15.68380
2451703.30588 13.72779
2451704.30592 15.08942
2451705.30597 13.16281
2451706.30601 12.56104
2451707.30606 9.83095
2451708.30611 10.60594
2451709.30615 8.22005
2451710.30620 8.88524
2451711.30624 9.04174
2451712.30629 8.98464
2451713.30633 8.12807
2451714.30638 7.31072
2451715.30643 8.80662
2451716.30647 11.32985
2451717.30652 10.08953
2451718.30656 12.08757
2451719.30661 12.14924
2451720.30665 14.49368
2451721.30670 15.35165
2451722.30674 16.39021
2451723.30679 14.76230
2451724.30684 15.51166
2451725.30688 16.94383
2451726.30693 18.68885
2451727.30697 19.14153
2451728.30702 16.89726
2451729.30706 24.14395
2451730.30711 16.48903
2451731.30716 20.20776
2451732.30720 20.69681
2451733.30725 17.02471
2451734.30729 15.38264
2451735.30734 15.01753
2451736.30738 17.81581
2451737.30743 14.00791
2451738.30747 12.60847
2451739.30752 11.73482
2451740.30757 9.53023
2451741.30761 11.81155
2451742.30766 9.40275
2451743.30770 9.07930
2451744.30775 8.95969
2451745.30779 8.45035
2451746.30784 8.33666
2451747.30789 7.94857
2451748.30793 10.47831
2451749.30798 10.50080
2451750.30802 10.64099
2451751.30807 14.00366
2451752.30811 15.17187
2451753.30816 11.06304
2451754.30820 15.27145
2451940.31669 13.08769
2451941.31674 14.68328
2451942.31678 13.61628
2451943.31683 15.97361
2451944.31688 12.00002
2451945.31692 14.17793
2451946.31697 12.76053
2451947.31701 15.50133
2451948.31706 15.40947
2451949.31710 19.53852
2451950.31715 20.20124
2451951.31719 19.43955
2451952.31724 18.60679
2451953.31729 24.22556
2451954.31733 23.70130
2451955.31738 23.24555
2451956.31742 29.66514
2451957.31747 29.53583
2451958.31751 25.99328
2451959.31756 19.88922
2451960.31761 24.08230
2451961.31765 20.74809
2451962.31770 27.62972
2451963.31774 26.74671
2451964.31779 22.39613
2451965.31783 23.31337
2451966.31788 22.50897
2451967.31792 20.21695
2451968.31797 19.78663
2451969.31802 21.69689
2451970.31806 16.56056
2451971.31811 14.37094
2451972.31815 15.13795
2451973.31820 14.55193
2451974.31824 15.56831
2451975.31829 17.67264
2451976.31834 15.18472
2451977.31838 17.42708
2451978.31843 12.56048
2451979.31847 17.74093
2451980.31852 16.72942
2451981.31856 18.92064
2451982.31861 21.70336
2451983.31865 22.87722
2451984.31870 20.34714
2451985.31875 24.77069
2451986.31879 24.00473
2451987.31884 23.70919
2451988.31888 26.20917
2451989.31893 22.29750
2451990.31897 18.51836
2451991.31902 28.04853
2451992.31907 24.42814
2451993.31911 30.23115
2451994.31916 24.79659
2451995.31920 20.40867
2451996.31925 23.34568
2451997.31929 25.20758
2451998.31934 20.39257
2451999.31938 22.27600
2452000.31943 18.75577
2452001.31948 20.52972
2452002.31952 14.56549
2452003.31957 20.28116
2452004.31961 16.34216
2452005.31966 14.80633
2452006.31970 16.68352
2452007.31975 15.28579
2452008.31980 14.65365
2452009.31984 14.87305
2452010.31989 14.83405
2452011.31993 17.41476
2452012.31998 18.62728
2452013.32002 18.54486
2452014.32007 18.48202
2452015.32011 24.19988
2452016.32016 19.51100
2452017.32021 22.69215
2452018.32025 20.26386
2452019.32030 22.70542
2452020.32034 19.89794
2452021.32039 28.08214
2452022.32043 21.23205
2452023.32048 21.74838
2452024.32053 27.39492
2452025.32057 30.42945
2452026.32062 29.24540
2452027.32066 27.75707
2452028.32071 21.76665
2452029.32075 26.07764
2452030.32080 22.40496
2452031.32085 17.61342
2452032.32089 21.04930
2452033.32094 21.85204
2452034.32098 18.00300
2452035.32103 20.35515
2452036.32107 18.29479
2452037.32112 15.42824
2452038.32116 15.67146
2452039.32121 13.90986
2452040.32126 16.25875
2452041.32130 17.36409
2452042.32135 14.96816
2452043.32139 17.70964
2452044.32144 17.81118
2452045.32148 17.24855
2452046.32153 15.18932
2452047.32158 14.41345
2452048.32162 21.16288
2452049.32167 23.71099
2452050.32171 23.50336
2452051.32176 20.97040
2452052.32180 25.23861
2452053.32185 25.33339
2452054.32189 29.13960
2452055.32194 24.28218
2452056.32199 21.42024
2452057.32203 30.97420
2452058.32208 28.99631
2452059.32212 26.42018
2452060.32217 25.06138
2452061.32221 21.06530
2452062.32226 24.00806
2452063.32231 27.71930
2452064.32235 21.99763
2452065.32240 21.82320
2452066.32244 22.50416
2452067.32249 16.12610
2452068.32253 20.01171
2452069.32258 18.39057
2452070.32262 19.67939
2452071.32267 15.97015
2452072.32272 18.14002
2452073.32276 14.12963
2452074.32281 15.35353
2452075.32285 18.25893
2452076.32290 17.33448
2452077.32294 18.04355
2452078.32299 18.56394
2452079.32304 20.23478
2452080.32308 22.89106
2452081.32313 22.44882
2452082.32317 23.27148
2452083.32322 20.52298
2452084.32326 21.43849
2452085.32331 24.72124
2452086.32335 24.05905
2452087.32340 25.54572
2452088.32345 28.01094
2452089.32349 27.03122
2452090.32354 27.37078
2452091.32358 30.32810
2452092.32363 23.11041
2452093.32367 29.14391
2452094.32372 24.82777
2452095.32377 26.47484
2452096.32381 27.38328
2452097.32386 23.38146
2452098.32390 22.99794
2452099.32395 22.74696
2452100.32399 21.93295
2452101.32404 23.56266
2452102.32409 17.52054
2452103.32413 17.79868
2452104.32418 18.96585
2452105.32422 16.04359
2452106.32427 16.35137
2452107.32431 17.09487
2452108.32436 16.68753
2452109.32440 15.57665
2452110.32445 18.46363
2452111.32450 23.78651
2452112.32454 20.63951
2452113.32459 22.59207
2452114.32463 20.86445
2452115.32468 20.74668
2452116.32472 23.59648
2452117.32477 21.97200
2452118.32482 28.44958
2452119.32486 30.59970
2452305.33335 23.75962
2452306.33339 15.26488
2452307.33344 18.51520
2452308.33349 20.96621
2452309.33353 17.06412
2452310.33358 20.68297
2452311.33362 17.70645
2452312.33367 19.43882
2452313.33371 21.76014
2452314.33376 24.69817
2452315.33380 28.96206
2452316.33385 30.56431
2452317.33390 23.14334
2452318.33394 27.58680
2452319.33399 25.82851
2452320.33403 26.00135
2452321.33408 31.83762
2452322.33412 28.92788
2452323.33417 31.10021
2452324.33422 29.44264
2452325.33426 24.49938
2452326.33431 23.78086
2452327.33435 29.12247
2452328.33440 24.86330
2452329.33444 19.45790
2452330.33449 22.23524
2452331.33454 19.10748
2452332.33458 22.02109
2452333.33463 16.95158
2452334.33467 17.09168
2452335.33472 19.52168
2452336.33476 15.86974
2452337.33481 13.82269
2452338.33485 21.42478
2452339.33490 21.48112
2452340.33495 17.15538
2452341.33499 19.70015
2452342.33504 22.99640
2452343.33508 21.55341
2452344.33513 18.50414
2452345.33517 20.13246
2452346.33522 26.80698
2452347.33527 23.02666
2452348.33531 26.03996
2452349.33536 26.19022
2452350.33540 27.21947
2452351.33545 32.97563
2452352.33549 28.66823
2452353.33554 27.86692
2452354.33558 27.58131
2452355.33563 26.77697
2452356.33568 28.50396
2452357.33572 20.15306
2452358.33577 25.80496
2452359.33581 23.09608
2452360.33586 24.82212
2452361.33590 22.63804
2452362.33595 19.65320
2452363.33600 18.97443
2452364.33604 18.99454
2452365.33609 16.88606
2452366.33613 18.02221
2452367.33618 17.15735
2452368.33622 17.23814
2452369.33627 14.49214
2452370.33631 17.62617
2452371.33636 14.28008
2452372.33641 19.13862
2452373.33645 16.92981
2452374.33650 19.90425
2452375.33654 18.94060
2452376.33659 21.38985
2452377.33663 22.72667
2452378.33668 21.98532
2452379.33673 29.44546
2452380.33677 22.91111
2452381.33682 24.48894
2452382.33686 27.93801
2452383.33691 24.36240
2452384.33695 25.63035
2452385.33700 28.37498
2452386.33704 31.85954
2452387.33709 24.86502
2452388.33714 27.04514
2452389.33718 28.99752
2452390.33723 24.54744
2452391.33727 20.38388
2452392.33732 23.19797
2452393.33736 23.18362
2452394.33741 21.67648
2452395.33746 18.28667
2452396.33750 23.75249
2452397.33755 18.67979
2452398.33759 17.11362
2452399.33764 16.51693
2452400.33768 15.75659
2452401.33773 16.05986
2452402.33777 13.31209
2452403.33782 15.78805
2452404.33787 16.11887
2452405.33791 15.17122
2452406.33796 18.32409
2452407.33800 20.62181
2452408.33805 19.91522
2452409.33809 17.16543
2452410.33814 19.76825
2452411.33819 23.57399
2452412.33823 23.27942
2452413.33828 21.75999
2452414.33832 23.50290
2452415.33837 27.00146
2452416.33841 28.38897
2452417.33846 25.06123
2452418.33851 24.60923
2452419.33855 28.61161
2452420.33860 28.68938
2452421.33864 23.19428
2452422.33869 18.25416
2452423.33873 22.83600
2452424.33878 23.65536
2452425.33882 19.36427
2452426.33887 21.74509
2452427.33892 21.93907
2452428.33896 23.14079
2452429.33901 16.98079
2452430.33905 16.33002
2452431.33910 17.91222
2452432.33914 16.40108
2452433.33919 15.40838
2452434.33924 15.08040
2452435.33928 11.67988
2452436.33933 12.36223
2452437.33937 16.98235
2452438.33942 15.48708
2452439.33946 14.84419
2452440.33951 14.67245
2452441.33955 17.03139
2452442.33960 20.44438
2452443.33965 21.98881
2452444.33969 17.48368
2452445.33974 20.91962
2452446.33978 25.24958
2452447.33983 26.36684
2452448.33987 24.21889
2452449.33992 22.96627
2452450.33997 26.00781
2452451.34001 23.00074
2452452.34006 26.07620
2452453.34010 28.75238
2452454.34015 27.78992
2452455.34019 21.79557
2452456.34024 23.12779
2452457.34028 26.38366
2452458.34033 23.95094
2452459.34038 17.97895
2452460.34042 20.72336
2452461.34047 17.96535
2452462.34051 16.39457
2452463.34056 19.33422
2452464.34060 18.77303
2452465.34065 13.02024
2452466.34070 16.31786
2452467.34074 18.06041
2452468.34079 15.92066
2452469.34083 12.24801
2452470.34088 15.65721
2452471.34092 15.25797
2452472.34097 13.70214
2452473.34101 17.12410
2452474.34106 16.23122
2452475.34111 19.63651
2452476.34115 21.08081
2452477.34120 18.82848
2452478.34124 23.26258
2452479.34129 21.51875
2452480.34133 22.85781
2452481.34138 27.74534
2452482.34143 19.84924
2452483.34147 25.72368
2452484.34152 22.44902
2452670.35000 11.37110
2452671.35005 13.87692
2452672.35010 14.59266
2452673.35014 13.84140
2452674.35019 14.05101
2452675.35023 17.04569
2452676.35028 20.95871
2452677.35032 17.51456
2452678.35037 21.02341
2452679.35042 19.65658
2452680.35046 19.60771
2452681.35051 20.82763
2452682.35055 19.76027
2452683.35060 20.69007
2452684.35064 16.87404
2452685.35069 16.94674
2452686.35073 19.05906
2452687.35078 18.04206
2452688.35083 15.40875
2452689.35087 15.92826
2452690.35092 15.64138
2452691.35096 10.95154
2452692.35101 12.50555
2452693.35105 10.70748
2452694.35110 9.96177
2452695.35115 11.89393
2452696.35119 9.21553
2452697.35124 9.97655
2452698.35128 9.07040
2452699.35133 8.66400
2452700.35137 8.61884
2452701.35142 10.48306
2452702.35146 10.53361
2452703.35151 13.55367
2452704.35156 12.30323
2452705.35160 12.23100
2452706.35165 15.64334
2452707.35169 15.44429
2452708.35174 16.65652
2452709.35178 17.92338
2452710.35183 14.82008
2452711.35188 22.27737
2452712.35192 21.15183
2452713.35197 19.61982
2452714.35201 21.28823
2452715.35206 18.37948
2452716.35210 20.85046
2452717.35215 18.92186
2452718.35219 15.88881
2452719.35224 16.31202
2452720.35229 15.70360
2452721.35233 13.79770
2452722.35238 16.54740
2452723.35242 14.90664
2452724.35247 10.98475
2452725.35251 10.11732
2452726.35256 9.70219
2452727.35261 9.19618
2452728.35265 6.92277
2452729.35270 8.25467
2452730.35274 9.32363
2452731.35279 8.32049
2452732.35283 7.21242
2452733.35288 7.38156
2452734.35293 10.94658
2452735.35297 10.84169
2452736.35302 11.24093
2452737.35306 13.81091
2452738.35311 12.91117
2452739.35315 15.71224
2452740.35320 17.17209
2452741.35324 16.43994
2452742.35329 17.89093
2452743.35334 17.53677
2452744.35338 17.62109
2452745.35343 17.66896
2452746.35347 18.41318
2452747.35352 18.35555
2452748.35356 18.42395
2452749.35361 17.98180
2452750.35366 17.67218
2452751.35370 19.26491
2452752.35375 13.33038
2452753.35379 14.55123
2452754.35384 15.59870
2452755.35388 14.84864
2452756.35393 11.98563
2452757.35397 10.34946
2452758.35402 8.01043
2452759.35407 7.54838
2452760.35411 8.52237
2452761.35416 8.97348
2452762.35420 6.83221
2452763.35425 7.51481
2452764.35429 7.42996
2452765.35434 7.63900
2452766.35439 8.62732
2452767.35443 8.89261
2452768.35448 11.67800
2452769.35452 8.49818
2452770.35457 10.99514
2452771.35461 11.11940
2452772.35466 14.02485
2452773.35470 13.82056
2452774.35475 14.25393
2452775.35480 16.68148
2452776.35484 17.74381
2452777.35489 17.76114
2452778.35493 18.34015
2452779.35498 15.68240
2452780.35502 17.47248
2452781.35507 13.56588
2452782.35512 17.76975
2452783.35516 15.45817
2452784.35521 13.81622
2452785.35525 14.90376
2452786.35530 12.82602
2452787.35534 13.08887
2452788.35539 12.93032
2452789.35543 11.71476
2452790.35548 10.78523
2452791.35553 9.82974
2452792.35557 8.26423
2452793.35562 7.61429
2452794.35566 7.35053
2452795.35571 7.12515
2452796.35575 6.33571
2452797.35580 7.32450
2452798.35585 7.05297
2452799.35589 6.25402
2452800.35594 6.70009
2452801.35598 7.92023
2452802.35603 8.99731
2452803.35607 10.60487
2452804.35612 13.28825
2452805.35617 9.59236
2452806.35621 12.77842
2452807.35626 16.79900
2452808.35630 12.17128
2452809.35635 17.66642
2452810.35639 16.92416
2452811.35644 15.73193
2452812.35648 19.74124
2452813.35653 16.75457
2452814.35658 18.23822
2452815.35662 16.29704
2452816.35667 15.31890
2452817.35671 13.58373
2452818.35676 13.15525
2452819.35680 14.32201
2452820.35685 12.61762
2452821.35690 11.09593
2452822.35694 9.68448
2452823.35699 9.15814
2452824.35703 8.44392
2452825.35708 6.94973
2452826.35712 6.87133
2452827.35717 6.44549
2452828.35721 5.59896
2452829.35726 5.56118
2452830.35731 6.10787
2452831.35735 5.38479
2452832.35740 6.90521
2452833.35744 7.81269
2452834.35749 6.82975
2452835.35753 9.93603
2452836.35758 10.09118
2452837.35763 10.15902
2452838.35767 11.72747
2452839.35772 14.59206
2452840.35776 15.24008
2452841.35781 13.06740
2452842.35785 13.91808
2452843.35790 14.25140
2452844.35794 20.06638
2452845.35799 20.61021
2452846.35804 15.24898
2452847.35808 17.81178
2452848.35813 16.40593
2452849.35817 16.09109
2453036.36671 9.78585
2453037.36675 9.71460
2453038.36680 8.82086
2453039.36684 10.90981
2453040.36689 12.56099
2453041.36693 12.20225
2453042.36698 13.45047
2453043.36703 12.72339
2453044.36707 10.51411
2453045.36712 12.24961
2453046.36716 11.68623
2453047.36721 10.73829
2453048.36725 9.19473
2453049.36730 7.67352
2453050.36735 8.64696
2453051.36739 7.25628
2453052.36744 5.45652
2453053.36748 3.90063
2453054.36753 3.89061
2453055.36757 2.57009
2453056.36762 1.77916
2453057.36766 1.67222
2453058.36771 1.15131
2453059.36776 1.23654
2453060.36780 1.20784
2453061.36785 1.26617
2453062.36789 1.77199
2453063.36794 2.45909
2453064.36798 3.80009
2453065.36803 4.02558
2453066.36808 5.88807
2453067.36812 6.24530
2453068.36817 7.08320
2453069.36821 5.69465
2453070.36826 9.13353
2453071.36830 9.27544
2453072.36835 12.21222
2453073.36839 14.59062
2453074.36844 13.17333
2453075.36849 13.09151
2453076.36853 12.52289
2453077.36858 11.73636
2453078.36862 12.09360
2453079.36867 9.73747
2453080.36871 9.80990
2453081.36876 8.82049
2453082.36881 7.32791
2453083.36885 7.61362
2453084.36890 6.47239
2453085.36894 4.68326
2453086.36899 3.79556
2453087.36903 3.26118
2453088.36908 2.15548
2453089.36912 1.51240
2453090.36917 1.15275
2453091.36922 0.88076
2453092.36926 0.77377
2453093.36931 0.77220
2453094.36935 1.12288
2453095.36940 1.52377
2453096.36944 2.18857
2453097.36949 3.51007
2453098.36954 4.01290
2453099.36958 4.67514
2453100.36963 5.52019
2453101.36967 7.13561
2453102.36972 8.33965
2453103.36976 8.40077
2453104.36981 9.45938
2453105.36985 11.21791
2453106.36990 10.18094
2453107.36995 10.25689
2453108.36999 12.52899
2453109.37004 10.50997
2453110.37008 10.42551
2453111.37013 11.65707
2453112.37017 12.09223
2453113.37022 7.08100
2453114.37027 9.63457
2453115.37031 7.95856
2453116.37036 6.30341
2453117.37040 4.81772
2453118.37045 4.25201
2453119.37049 3.50873
2453120.37054 2.88782
2453121.37059 1.66909
2453122.37063 1.18336
2453123.37068 0.75174
2453124.37072 0.52982
2453125.37077 0.34070
2453126.37081 0.55731
2453127.37086 0.90007
2453128.37090 1.60647
2453129.37095 2.09476
2453130.37100 2.58695
2453131.37104 3.52733
2453132.37109 4.29221
2453133.37113 5.12152
2453134.37118 6.24025
2453135.37122 5.03033
2453136.37127 9.49429
2453137.37132 9.13586
2453138.37136 11.11480
2453139.37141 11.58698
2453140.37145 10.96307
2453141.37150 10.48743
2453142.37154 12.43110
2453143.37159 9.48615
2453144.37163 10.13743
2453145.37168 9.60437
2453146.37173 8.96395
2453147.37177 7.48323
2453148.37182 6.90388
2453149.37186 6.59015
2453150.37191 5.75082
2453151.37195 4.07158
2453152.37200 3.14478
2453153.37205 2.47480
2453154.37209 1.60584
2453155.37214 1.06608
2453156.37218 0.53573
2453157.37223 0.28415
2453158.37227 0.24117
2453159.37232 0.40745
2453160.37236 0.83081
2453161.37241 1.34366
2453162.37246 2.19499
2453163.37250 3.39346
2453164.37255 3.63532
2453165.37259 4.65995
2453166.37264 5.85277
2453167.37268 7.21430
2453168.37273 9.09110
2453169.37278 10.18752
2453170.37282 9.50905
2453171.37287 10.14856
2453172.37291 12.06051
2453173.37296 8.96646
2453174.37300 10.78231
2453175.37305 10.73385
2453176.37309 8.82927
2453177.37314 12.00857
2453178.37319 9.23095
2453179.37323 10.09166
2453180.37328 8.03343
2453181.37332 7.15222
2453182.37337 5.62854
2453183.37341 4.48218
2453184.37346 3.85642
2453185.37351 2.98895
2453186.37355 2.26192
2453187.37360 1.27469
2453188.37364 0.80816
2453189.37369 0.33412
2453190.37373 0.13645
2453191.37378 0.15278
2453192.37382 0.40728
2453193.37387 0.79155
2453194.37392 1.19967
2453195.37396 2.04046
2453196.37401 3.05203
2453197.37405 3.60555
2453198.37410 5.02730
2453199.37414 4.93523
2453200.37419 5.22143
2453201.37424 7.41750
2453202.37428 9.15918
2453203.37433 11.17062
2453204.37437 8.41652
2453205.37442 11.48755
2453206.37446 10.72529
2453207.37451 11.22919
2453208.37456 10.62546
2453209.37460 9.44283
2453210.37465 9.33544
2453211.37469 9.12753
2453212.37474 8.42623
2453213.37478 8.71651
2453214.37483 6.75647
2453215.37487 6.34300
2453401.38336 13.49189
2453402.38341 10.32286
2453403.38345 12.00961
2453404.38350 12.03366
2453405.38354 12.24713
2453406.38359 12.03759
2453407.38364 11.59422
2453408.38368 13.14994
2453409.38373 11.20162
2453410.38377 10.21886
2453411.38382 10.39770
2453412.38386 6.01121
2453413.38391 6.90940
2453414.38396 5.14190
2453415.38400 4.49209
2453416.38405 3.80469
2453417.38409 2.77915
2453418.38414 2.26313
2453419.38418 2.21587
2453420.38423 2.12426
2453421.38427 1.76198
2453422.38432 1.85511
2453423.38437 2.17025
2453424.38441 3.34252
2453425.38446 3.85372
2453426.38450 5.07239
2453427.38455 7.09108
2453428.38459 5.83431
2453429.38464 8.78203
2453430.38469 9.72065
2453431.38473 10.59153
2453432.38478 10.95199
2453433.38482 10.80186
2453434.38487 11.77728
2453435.38491 10.64023
2453436.38496 12.25330
2453437.38501 12.93241
2453438.38505 12.40179
2453439.38510 14.15150
2453440.38514 13.06260
2453441.38519 12.96676
2453442.38523 11.45020
2453443.38528 8.11764
2453444.38532 9.03058
2453445.38537 7.80901
2453446.38542 5.67679
2453447.38546 5.88736
2453448.38551 4.86583
2453449.38555 4.99980
2453450.38560 4.12363
2453451.38564 2.84208
2453452.38569 2.18950
2453453.38574 2.62314
2453454.38578 2.77323
2453455.38583 2.72002
2453456.38587 3.45009
2453457.38592 3.47286
2453458.38596 5.30449
2453459.38601 4.97677
2453460.38605 5.77933
2453461.38610 6.92726
2453462.38615 8.62924
2453463.38619 8.33462
2453464.38624 10.84383
2453465.38628 11.48095
2453466.38633 13.59797
2453467.38637 13.20543
2453468.38642 13.63475
2453469.38647 11.97962
2453470.38651 16.20320
2453471.38656 11.43751
2453472.38660 13.29950
2453473.38665 13.90851
2453474.38669 12.79260
2453475.38674 11.89860
2453476.38678 11.50690
2453477.38683 10.85155
2453478.38688 9.02346
2453479.38692 7.87579
2453480.38697 6.68742
2453481.38701 4.99566
2453482.38706 5.40892
2453483.38710 3.66972
2453484.38715 3.86716
2453485.38720 3.02733
2453486.38724 3.23534
2453487.38729 3.15599
2453488.38733 3.24042
2453489.38738 3.95835
2453490.38742 4.40148
2453491.38747 5.81677
2453492.38751 6.61024
2453493.38756 8.12838
2453494.38761 7.02035
2453495.38765 8.45492
2453496.38770 9.83881
2453497.38774 12.48315
2453498.38779 11.61357
2453499.38783 13.04805
2453500.38788 11.68632
2453501.38793 14.45302
2453502.38797 15.53090
2453503.38802 17.96557
2453504.38806 15.09025
2453505.38811 16.28837
2453506.38815 12.86508
2453507.38820 11.59424
2453508.38824 13.02327
2453509.38829 11.59790
2453510.38834 11.42839
2453511.38838 9.17122
2453512.38843 8.87189
2453513.38847 7.61650
2453514.38852 6.30423
2453515.38856 5.44137
2453516.38861 4.98974
2453517.38866 3.60734
2453518.38870 4.43050
2453519.38875 4.43781
2453520.38879 3.83082
2453521.38884 4.64723
2453522.38888 4.00944
2453523.38893 5.18878
2453524.38898 5.61846
2453525.38902 6.04201
2453526.38907 7.74826
2453527.38911 10.22726
2453528.38916 11.01007
2453529.38920 11.95806
2453530.38925 12.50466
2453531.38929 12.19747
2453532.38934 14.83902
2453533.38939 17.43108
2453534.38943 14.08283
2453535.38948 18.04536
2453536.38952 14.72616
2453537.38957 15.11488
2453538.38961 14.45575
2453539.38966 14.16986
2453540.38971 14.27114
2453541.38975 10.97677
2453542.38980 11.24665
2453543.38984 11.94432
2453544.38989 8.89148
2453545.38993 9.79069
2453546.38998 7.11370
2453547.39002 6.62759
2453548.39007 5.94794
2453549.39012 5.74289
2453550.39016 5.53482
2453551.39021 4.94484
2453552.39025 4.87740
2453553.39030 4.35229
2453554.39034 5.37679
2453555.39039 7.41361
2453556.39044 6.67719
2453557.39048 8.11152
2453558.39053 8.39368
2453559.39057 9.63760
2453560.39062 9.12557
2453561.39066 11.42550
2453562.39071 10.95103
2453563.39075 11.58682
2453564.39080 13.87402
2453565.39085 15.27624
2453566.39089 17.63644
2453567.39094 16.52760
2453568.39098 16.00121
2453569.39103 19.22602
2453570.39107 17.12534
2453571.39112 13.06873
2453572.39117 14.71248
2453573.39121 14.29837
2453574.39126 12.38910
2453575.39130 12.20045
2453576.39135 10.84780
2453577.39139 9.85867
2453578.39144 10.29625
2453579.39148 7.78512
2453580.39153 7.93506
2453766.40002 24.14642
2453767.40006 21.75775
2453768.40011 19.65893
2453769.40016 17.50540
2453770.40020 24.00807
2453771.40025 20.51954
2453772.40029 17.45003
2453773.40034 16.87541
2453774.40038 13.20830
2453775.40043 12.69651
2453776.40047 13.25501
2453777.40052 12.59536
2453778.40057 13.49198
2453779.40061 10.67981
2453780.40066 11.01374
2453781.40070 9.65364
2453782.40075 10.88152
2453783.40079 11.44069
2453784.40084 11.93458
2453785.40089 13.37607
2453786.40093 10.26484
2453787.40098 12.17627
2453788.40102 14.34004
2453789.40107 16.25455
2453790.40111 18.25493
2453791.40116 19.27197
2453792.40120 16.37641
2453793.40125 20.02381
2453794.40130 16.96956
2453795.40134 20.87995
2453796.40139 23.76793
2453797.40143 23.02284
2453798.40148 23.80092
2453799.40152 25.51223
2453800.40157 26.34691
2453801.40162 19.17422
2453802.40166 23.69355
2453803.40171 22.69597
2453804.40175 18.87192
2453805.40180 19.37702
2453806.40184 18.38416
2453807.40189 15.36755
2453808.40193 15.30742
2453809.40198 14.99461
2453810.40203 13.43613
2453811.40207 13.71386
2453812.40212 13.19853
2453813.40216 12.40848
2453814.40221 11.12415
2453815.40225 11.54481
2453816.40230 11.01417
2453817.40235 13.14899
2453818.40239 13.54015
2453819.40244 13.79671
2453820.40248 11.90802
2453821.40253 14.00182
2453822.40257 16.20967
2453823.40262 17.25429
2453824.40266 14.93474
2453825.40271 18.90916
2453826.40276 18.49405
2453827.40280 24.12198
2453828.40285 22.80056
2453829.40289 21.47901
2453830.40294 23.94835
2453831.40298 24.14188
2453832.40303 24.08933
2453833.40308 25.03638
2453834.40312 23.96676
2453835.40317 24.35776
2453836.40321 19.11894
2453837.40326 19.83414
2453838.40330 20.40573
2453839.40335 17.05906
2453840.40340 19.00149
2453841.40344 16.51542
2453842.40349 15.62258
2453843.40353 14.91739
2453844.40358 10.50672
2453845.40362 10.50023
2453846.40367 13.02061
2453847.40371 11.81378
2453848.40376 11.03199
2453849.40381 12.77379
2453850.40385 11.45703
2453851.40390 16.10400
2453852.40394 14.81544
2453853.40399 12.41367
2453854.40403 16.89504
2453855.40408 15.79051
2453856.40413 18.40888
2453857.40417 20.87471
2453858.40422 23.36572
2453859.40426 16.29936
2453860.40431 22.24358
2453861.40435 26.47475
2453862.40440 22.03538
2453863.40444 21.95674
2453864.40449 25.80876
2453865.40454 19.51229
2453866.40458 22.79568
2453867.40463 19.73971
2453868.40467 23.00767
2453869.40472 20.37172
2453870.40476 21.89371
2453871.40481 18.59498
2453872.40486 20.51232
2453873.40490 18.22832
2453874.40495 19.41413
2453875.40499 17.79538
2453876.40504 15.75082
2453877.40508 16.60262
2453878.40513 11.25492
2453879.40517 14.32984
2453880.40522 14.46279
2453881.40527 15.03002
2453882.40531 13.68319
2453883.40536 13.76475
2453884.40540 13.83531
2453885.40545 16.58869
2453886.40549 16.70563
2453887.40554 14.88572
2453888.40559 17.70101
2453889.40563 20.39468
2453890.40568 21.00888
2453891.40572 23.62968
2453892.40577 22.86084
2453893.40581 23.95929
2453894.40586 22.63974
2453895.40590 26.87129
2453896.40595 24.73008
2453897.40600 25.68230
2453898.40604 27.40995
2453899.40609 21.91709
2453900.40613 26.86754
2453901.40618 22.26622
2453902.40622 19.45208
2453903.40627 25.07984
2453904.40632 18.44726
2453905.40636 22.01154
2453906.40641 19.62020
2453907.40645 14.54174
2453908.40650 16.57956
2453909.40654 14.62493
2453910.40659 15.53322
2453911.40664 14.45928
2453912.40668 14.93620
2453913.40673 16.09487
2453914.40677 13.13088
2453915.40682 14.42698
2453916.40686 11.55355
2453917.40691 13.86573
2453918.40695 15.95698
2453919.40700 15.18254
2453920.40705 20.75842
2453921.40709 21.97445
2453922.40714 19.72592
2453923.40718 22.81306
2453924.40723 24.52796
2453925.40727 24.34635
2453926.40732 25.81311
2453927.40737 24.77730
2453928.40741 23.49850
2453929.40746 26.38733
2453930.40750 25.50882
2453931.40755 24.82216
2453932.40759 26.69339
2453933.40764 25.82813
2453934.40768 21.84531
2453935.40773 20.29665
2453936.40778 19.65818
2453937.40782 23.59997
2453938.40787 20.08806
2453939.40791 17.47376
2453940.40796 19.29691
2453941.40800 18.06164
2453942.40805 15.76188
2453943.40810 14.73999
2453944.40814 15.42521
2453945.40819 13.06278
2454131.41667 25.24105
2454132.41672 25.10894
2454133.41677 17.85962
2454134.41681 24.62680
2454135.41686 22.74994
2454136.41690 19.92725
2454137.41695 19.10752
2454138.41699 21.04155
2454139.41704 19.28929
2454140.41708 16.58448
2454141.41713 18.31575
2454142.41718 20.39065
2454143.41722 16.79043
2454144.41727 16.11699
2454145.41731 19.35937
2454146.41736 17.70374
2454147.41740 17.53066
2454148.41745 22.92746
2454149.41750 21.35701
2454150.41754 20.10506
2454151.41759 23.01199
2454152.41763 23.46191
2454153.41768 25.01542
2454154.41772 25.24619
2454155.41777 30.08607
2454156.41782 25.17912
2454157.41786 23.09217
2454158.41791 27.25678
2454159.41795 23.11592
2454160.41800 30.58530
2454161.41804 29.19749
2454162.41809 21.24820
2454163.41813 23.71121
2454164.41818 29.09533
2454165.41823 24.93148
2454166.41827 25.25365
2454167.41832 22.62467
2454168.41836 22.24756
2454169.41841 23.46782
2454170.41845 22.16621
2454171.41850 18.73275
2454172.41855 16.71941
2454173.41859 16.15738
2454174.41864 17.26379
2454175.41868 17.47051
2454176.41873 18.93649
2454177.41877 17.45882
2454178.41882 17.69944
2454179.41886 17.99583
2454180.41891 17.59935
2454181.41896 17.50646
2454182.41900 20.01601
2454183.41905 21.92813
2454184.41909 22.09388
2454185.41914 20.92557
2454186.41918 22.01830
2454187.41923 22.36234
2454188.41928 30.88825
2454189.41932 27.58703
2454190.41937 27.70706
2454191.41941 28.13064
2454192.41946 31.29673
2454193.41950 34.73532
2454194.41955 26.57831
2454195.41959 30.42172
2454196.41964 26.69648
2454197.41969 26.95203
2454198.41973 25.12628
2454199.41978 25.15207
2454200.41982 25.60594
2454201.41987 19.19176
2454202.41991 23.06364
2454203.41996 22.13327
2454204.42001 15.15664
2454205.42005 18.30638
2454206.42010 17.83613
2454207.42014 17.07339
2454208.42019 16.91175
2454209.42023 17.81718
2454210.42028 15.39288
2454211.42032 18.67600
2454212.42037 18.37567
2454213.42042 19.03711
2454214.42046 19.45650
2454215.42051 22.74358
2454216.42055 23.05771
2454217.42060 22.95767
2454218.42064 24.02033
2454219.42069 26.30184
2454220.42074 24.29846
2454221.42078 22.77071
2454222.42083 29.15634
2454223.42087 24.90448
2454224.42092 27.90621
2454225.42096 31.17103
2454226.42101 21.98797
2454227.42106 27.52347
2454228.42110 24.72079
2454229.42115 26.65538
2454230.42119 28.32835
2454231.42124 26.10052
2454232.42128 21.82432
2454233.42133 19.55391
2454234.42137 22.88906
2454235.42142 17.84865
2454236.42147 21.84594
2454237.42151 21.38419
2454238.42156 20.67989
2454239.42160 16.58172
2454240.42165 14.96321
2454241.42169 19.30647
2454242.42174 18.08096
2454243.42179 18.48953
2454244.42183 18.83826
2454245.42188 17.93369
2454246.42192 16.61555
2454247.42197 20.43280
2454248.42201 20.72724
2454249.42206 22.01938
2454250.42210 28.00956
2454251.42215 21.25779
2454252.42220 23.85100
2454253.42224 21.66043
2454254.42229 29.43788
2454255.42233 23.65496
2454256.42238 25.48736
2454257.42242 27.77860
2454258.42247 29.53088
2454259.42252 28.36850
2454260.42256 30.32960
2454261.42261 30.51524
2454262.42265 28.74688
2454263.42270 27.54455
2454264.42274 21.70042
2454265.42279 28.38541
2454266.42283 23.69568
2454267.42288 25.80370
2454268.42293 21.89249
2454269.42297 19.43706
2454270.42302 18.95492
2454271.42306 18.34212
2454272.42311 18.54716
2454273.42315 17.31378
2454274.42320 17.42105
2454275.42325 16.82625
2454276.42329 15.77435
2454277.42334 17.08725
2454278.42338 17.57639
2454279.42343 19.67760
2454280.42347 19.87984
2454281.42352 17.54664
2454282.42356 20.74402
2454283.42361 22.29773
2454284.42366 25.51268
2454285.42370 24.30662
2454286.42375 26.68898
2454287.42379 26.32217
2454288.42384 25.55113
2454289.42388 31.02362
2454290.42393 25.08632
2454291.42398 25.79511
2454292.42402 25.78297
2454293.42407 27.06216
2454294.42411 30.84808
2454295.42416 28.22500
2454296.42420 24.95438
2454297.42425 23.46313
2454298.42429 24.59799
2454299.42434 16.70016
2454300.42439 23.81318
2454301.42443 20.09948
2454302.42448 18.31004
2454303.42452 19.22472
2454304.42457 17.69616
2454305.42461 17.89549
2454306.42466 17.14285
2454307.42471 17.81792
2454308.42475 15.69694
2454309.42480 16.25770
2454310.42484 15.48480
2454497.43338 16.92749
2454498.43342 19.71599
2454499.43347 18.54213
2454500.43351 14.19009
2454501.43356 14.14106
2454502.43360 12.57617
2454503.43365 13.46714
2454504.43370 14.22451
2454505.43374 12.43759
2454506.43379 12.96169
2454507.43383 12.12612
2454508.43388 12.18499
2454509.43392 18.63492
2454510.43397 16.57682
2454511.43401 16.51897
2454512.43406 16.74589
2454513.43411 19.73214
2454514.43415 22.44889
2454515.43420 23.33861
2454516.43424 21.59573
2454517.43429 19.83701
2454518.43433 21.45256
2454519.43438 19.25175
2454520.43443 26.88539
2454521.43447 24.44382
2454522.43452 21.33338
2454523.43456 26.07920
2454524.43461 22.73481
2454525.43465 23.07569
2454526.43470 21.89043
2454527.43474 22.77741
2454528.43479 18.71057
2454529.43484 18.06271
2454530.43488 16.90447
2454531.43493 17.88191
2454532.43497 15.70668
2454533.43502 14.41111
2454534.43506 16.45803
2454535.43511 11.58615
2454536.43516 13.01029
2454537.43520 13.00559
2454538.43525 14.08302
2454539.43529 11.88394
2454540.43534 12.90664
2454541.43538 15.12812
2454542.43543 16.97408
2454543.43548 17.13914
2454544.43552 17.00628
2454545.43557 20.52501
2454546.43561 16.09435
2454547.43566 22.49963
2454548.43570 18.01719
2454549.43575 23.86777
2454550.43579 17.36096
2454551.43584 25.96423
2454552.43589 21.82170
2454553.43593 23.29682
2454554.43598 25.29232
2454555.43602 21.32689
2454556.43607 25.17564
2454557.43611 20.88717
2454558.43616 21.44248
2454559.43621 25.22513
2454560.43625 20.30557
2454561.43630 18.05013
2454562.43634 16.38147
2454563.43639 15.84437
2454564.43643 12.97464
2454565.43648 10.54892
2454566.43652 14.88619
2454567.43657 10.54900
2454568.43662 13.38404
2454569.43666 10.30315
2454570.43671 10.14864
2454571.43675 10.92954
2454572.43680 12.41317
2454573.43684 15.36032
2454574.43689 13.05131
2454575.43694 14.23521
2454576.43698 15.14844
2454577.43703 17.51620
2454578.43707 17.27677
2454579.43712 17.12274
2454580.43716 16.41938
2454581.43721 18.17030
2454582.43725 17.67410
2454583.43730 26.36942
2454584.43735 23.49423
2454585.43739 22.09826
2454586.43744 20.67857
2454587.43748 22.39760
2454588.43753 24.70863
2454589.43757 24.91176
2454590.43762 22.09461
2454591.43767 19.18327
2454592.43771 18.61514
2454593.43776 19.13539
2454594.43780 19.15330
2454595.43785 13.88569
2454596.43789 18.92308
2454597.43794 13.74770
2454598.43798 14.63013
2454599.43803 12.73319
2454600.43808 11.48894
2454601.43812 11.56892
2454602.43817 11.72389
2454603.43821 11.11475
2454604.43826 12.93103
2454605.43830 9.94180
2454606.43835 12.83518
2454607.43840 12.98599
2454608.43844 13.60548
2454609.43849 12.22123
2454610.43853 14.93940
2454611.43858 15.36458
2454612.43862 18.85437
2454613.43867 17.94754
2454614.43871 18.73183
2454615.43876 18.88213
2454616.43881 20.20919
2454617.43885 22.26736
2454618.43890 18.85774
2454619.43894 21.45560
2454620.43899 18.57906
2454621.43903 23.34426
2454622.43908 23.61603
2454623.43913 19.35165
2454624.43917 22.08874
2454625.43922 22.28224
2454626.43926 18.71051
2454627.43931 17.14803
2454628.43935 18.72273
2454629.43940 15.40260
2454630.43945 14.61139
2454631.43949 13.60052
2454632.43954 12.26872
2454633.43958 10.68881
2454634.43963 7.53904
2454635.43967 10.23008
2454636.43972 10.56778
2454637.43976 10.20145
2454638.43981 8.28864
2454639.43986 9.08436
2454640.43990 10.84824
2454641.43995 11.01484
2454642.43999 13.14053
2454643.44004 15.67965
2454644.44008 17.20630
2454645.44013 16.10048
2454646.44018 18.23430
2454647.44022 18.14376
2454648.44027 18.68455
2454649.44031 19.25243
2454650.44036 20.41817
2454651.44040 20.75702
2454652.44045 18.45904
2454653.44049 19.37709
2454654.44054 20.95071
2454655.44059 17.77732
2454656.44063 19.92750
2454657.44068 19.90995
2454658.44072 18.98450
2454659.44077 14.06863
2454660.44081 15.28727
2454661.44086 17.24170
2454662.44091 13.89785
2454663.44095 12.20637
2454664.44100 10.69314
2454665.44104 9.92107
2454666.44109 8.27399
2454667.44113 11.23772
2454668.44118 7.64256
2454669.44122 10.07880
2454670.44127 10.15790
2454671.44132 10.43959
2454672.44136 8.79538
2454673.44141 9.21828
2454674.44145 12.73627
2454675.44150 12.38453
2454676.44154 13.10595
2454862.45003 6.30089
2454863.45008 4.54889
2454864.45012 5.06012
2454865.45017 4.18060
2454866.45021 3.91970
2454867.45026 3.63253
2454868.45031 4.14612
2454869.45035 4.64332
2454870.45040 5.11433
2454871.45044 6.00642
2454872.45049 6.56908
2454873.45053 7.20481
2454874.45058 9.96683
2454875.45063 12.23432
2454876.45067 12.98249
2454877.45072 11.36528
2454878.45076 11.75360
2454879.45081 14.73241
2454880.45085 12.73393
2454881.45090 15.05444
2454882.45094 13.13149
2454883.45099 13.76168
2454884.45104 14.67739
2454885.45108 12.36178
2454886.45113 13.14882
2454887.45117 14.83790
2454888.45122 12.26216
2454889.45126 11.41371
2454890.45131 12.34043
2454891.45136 9.11667
2454892.45140 7.59693
2454893.45145 6.22179
2454894.45149 6.93596
2454895.45154 4.72236
2454896.45158 4.35438
2454897.45163 4.19530
2454898.45167 3.02071
2454899.45172 3.50644
2454900.45177 3.19086
2454901.45181 2.94396
2454902.45186 3.65731
2454903.45190 5.37878
2454904.45195 5.61943
2454905.45199 6.04255
2454906.45204 7.18352
2454907.45209 7.13423
2454908.45213 9.63277
2454909.45218 9.40962
2454910.45222 11.97024
2454911.45227 12.01412
2454912.45231 12.65972
2454913.45236 15.19099
2454914.45240 15.14535
2454915.45245 14.49415
2454916.45250 14.08031
2454917.45254 14.08000
2454918.45259 12.86838
2454919.45263 16.99782
2454920.45268 12.15789
2454921.45272 10.94126
2454922.45277 9.84718
2454923.45282 8.77491
2454924.45286 7.89237
2454925.45291 7.42209
2454926.45295 5.82124
2454927.45300 5.19316
2454928.45304 3.80137
2454929.45309 3.46998
2454930.45313 3.04119
2454931.45318 2.66088
2454932.45323 2.61272
2454933.45327 3.07216
2454934.45332 2.98677
2454935.45336 2.56169
2454936.45341 4.18101
2454937.45345 5.28525
2454938.45350 7.21121
2454939.45355 6.15009
2454940.45359 7.54861
2454941.45364 9.89628
2454942.45368 9.05640
2454943.45373 11.02900
2454944.45377 11.41014
2454945.45382 13.66074
2454946.45387 12.95389
2454947.45391 14.96569
2454948.45396 15.47840
2454949.45400 14.00505
2454950.45405 12.44655
2454951.45409 14.30773
2454952.45414 11.22114
2454953.45418 11.01678
2454954.45423 10.13203
2454955.45428 10.24439
2454956.45432 7.14923
2454957.45437 7.63097
2454958.45441 6.26135
2454959.45446 5.61807
2454960.45450 3.83632
2454961.45455 2.95769
2454962.45460 2.14318
2454963.45464 2.64238
2454964.45469 2.33290
2454965.45473 2.36167
2454966.45478 2.09093
2454967.45482 2.39688
2454968.45487 3.16613
2454969.45491 3.91325
2454970.45496 3.80722
2454971.45501 5.35391
2454972.45505 6.52379
2454973.45510 7.86020
2454974.45514 8.66670
2454975.45519 8.09469
2454976.45523 11.16478
2454977.45528 10.46297
2454978.45533 11.60640
2454979.45537 10.53497
2454980.45542 11.77915
2454981.45546 12.93816
2454982.45551 12.59307
2454983.45555 11.58275
2454984.45560 13.45888
2454985.45564 13.72159
2454986.45569 10.87385
2454987.45574 7.51107
2454988.45578 8.05396
2454989.45583 8.19548
2454990.45587 6.66042
2454991.45592 5.39304
2454992.45596 4.80665
2454993.45601 3.66454
2454994.45606 3.16301
2454995.45610 2.03985
2454996.45615 1.81114
2454997.45619 1.35557
2454998.45624 1.22770
2454999.45628 1.35840
2455000.45633 1.76986
2455001.45637 2.81770
2455002.45642 2.39329
2455003.45647 3.32614
2455004.45651 4.91043
2455005.45656 6.17155
2455006.45660 7.20205
2455007.45665 8.09879
2455008.45669 8.49001
2455009.45674 10.95608
2455010.45679 11.27077
2455011.45683 12.96853
2455012.45688 12.36536
2455013.45692 13.91042
2455014.45697 12.16582
2455015.45701 11.34306
2455016.45706 11.67415
2455017.45711 10.82979
2455018.45715 12.33136
2455019.45720 11.43199
2455020.45724 8.21543
2455021.45729 7.96342
2455022.45733 7.33572
2455023.45738 5.36035
2455024.45742 4.42200
2455025.45747 4.45716
2455026.45752 3.30820
2455027.45756 1.94292
2455028.45761 1.44990
2455029.45765 1.28772
2455030.45770 1.15811
2455031.45774 1.07814
2455032.45779 1.10869
2455033.45784 1.51067
2455034.45788 1.79648
2455035.45793 3.39048
2455036.45797 3.13437
2455037.45802 4.81121
2455038.45806 5.53675
2455039.45811 7.86274
2455040.45815 8.93388
2455041.45820 7.69498
2455227.46669 0.12481
2455228.46673 0.11026
2455229.46678 0.29901
2455230.46682 0.61843
2455231.46687 1.40495
2455232.46692 1.86525
2455233.46696 3.02582
2455234.46701 3.84275
2455235.46705 3.73585
2455236.46710 7.16529
2455237.46714 8.07581
2455238.46719 9.29383
2455239.46724 9.58510
2455240.46728 12.29990
2455241.46733 9.66016
2455242.46737 9.91342
2455243.46742 10.56457
2455244.46746 10.56392
2455245.46751 12.08110
2455246.46755 11.79367
2455247.46760 10.51961
2455248.46765 9.57963
2455249.46769 8.67101
2455250.46774 7.90917
2455251.46778 7.39656
2455252.46783 5.82329
2455253.46787 5.53562
2455254.46792 3.86332
2455255.46797 3.22027
2455256.46801 2.47217
2455257.46806 1.55462
2455258.46810 0.85937
2455259.46815 0.59058
2455260.46819 0.32047
2455261.46824 0.31268
2455262.46829 0.55918
2455263.46833 0.96249
2455264.46838 1.34628
2455265.46842 2.50370
2455266.46847 2.68134
2455267.46851 4.02734
2455268.46856 5.44154
2455269.46860 5.32145
2455270.46865 7.05356
2455271.46870 7.98867
2455272.46874 9.81187
2455273.46879 9.96640
2455274.46883 9.51790
2455275.46888 13.82678
2455276.46892 13.91895
2455277.46897 9.28512
2455278.46902 11.62866
2455279.46906 11.69684
2455280.46911 11.85495
2455281.46915 9.88024
2455282.46920 9.87386
2455283.46924 7.63920
2455284.46929 7.83874
2455285.46933 6.55776
2455286.46938 5.27867
2455287.46943 4.18737
2455288.46947 3.49420
2455289.46952 2.38454
2455290.46956 1.70284
2455291.46961 1.04758
2455292.46965 0.67108
2455293.46970 0.58551
2455294.46975 0.54569
2455295.46979 1.00749
2455296.46984 1.43214
2455297.46988 1.79726
2455298.46993 2.48426
2455299.46997 3.46331
2455300.47002 4.71421
2455301.47006 6.22948
2455302.47011 7.42995
2455303.47016 9.30689
2455304.47020 8.87608
2455305.47025 9.55269
2455306.47029 10.57132
2455307.47034 10.85253
2455308.47038 10.81101
2455309.47043 12.87369
2455310.47048 11.45736
2455311.47052 11.85290
2455312.47057 10.85784
2455313.47061 9.11618
2455314.47066 10.92542
2455315.47070 8.20960
2455316.47075 8.73366
2455317.47079 6.22002
2455318.47084 7.85752
2455319.47089 6.39411
2455320.47093 3.65612
2455321.47098 3.30041
2455322.47102 2.20572
2455323.47107 1.66994
2455324.47111 1.43088
2455325.47116 0.86597
2455326.47121 0.97169
2455327.47125 0.94063
2455328.47130 1.27126
2455329.47134 1.61713
2455330.47139 2.01858
2455331.47143 3.47444
2455332.47148 4.27848
2455333.47153 5.20601
2455334.47157 5.45408
2455335.47162 7.77617
2455336.47166 8.23251
2455337.47171 9.53286
2455338.47175 11.13426
2455339.47180 12.40431
2455340.47184 13.23082
2455341.47189 12.03148
2455342.47194 11.89045
2455343.47198 13.89695
2455344.47203 12.09537
2455345.47207 9.26735
2455346.47212 10.62413
2455347.47216 10.16015
2455348.47221 11.16908
2455349.47226 10.08200
2455350.47230 6.43378
2455351.47235 6.83058
2455352.47239 5.55800
2455353.47244 4.39199
2455354.47248 3.67334
2455355.47253 3.06096
2455356.47257 2.18566
2455357.47262 1.68012
2455358.47267 1.30411
2455359.47271 1.56690
2455360.47276 1.46826
2455361.47280 1.75292
2455362.47285 2.23432
2455363.47289 2.94743
2455364.47294 3.69731
2455365.47299 4.50327
2455366.47303 6.32898
2455367.47308 6.33694
2455368.47312 9.10237
2455369.47317 7.69563
2455370.47321 8.55884
2455371.47326 10.62113
2455372.47330 11.56139
2455373.47335 13.10811
2455374.47340 13.02069
2455375.47344 11.49059
2455376.47349 13.31852
2455377.47353 14.50753
2455378.47358 11.44034
2455379.47362 8.95802
2455380.47367 8.11234
2455381.47372 9.80355
2455382.47376 10.28077
2455383.47381 7.23482
2455384.47385 6.41325
2455385.47390 7.54435
2455386.47394 4.59204
2455387.47399 3.81615
2455388.47403 2.66185
2455389.47408 2.46551
2455390.47413 2.26610
2455391.47417 1.92716
2455392.47422 1.83950
2455393.47426 1.75311
2455394.47431 2.58304
2455395.47435 2.15828
2455396.47440 3.23266
2455397.47445 4.96824
2455398.47449 5.98671
2455399.47454 6.55938
2455400.47458 7.91259
2455401.47463 7.62019
2455402.47467 8.40424
2455403.47472 8.74971
2455404.47476 11.92419
2455405.47481 14.04148
2455406.47486 12.80124
2455592.48334 7.12132
2455593.48339 7.91341
2455594.48344 9.50939
2455595.48348 10.94783
2455596.48353 8.47754
2455597.48357 12.84784
2455598.48362 13.40174
2455599.48366 14.46858
2455600.48371 12.86313
2455601.48375 16.97371
2455602.48380 18.56448
2455603.48385 16.80458
2455604.48389 17.77227
2455605.48394 17.07079
2455606.48398 19.09336
2455607.48403 16.49929
2455608.48407 17.87556
2455609.48412 18.04652
2455610.48417 14.04923
2455611.48421 15.26080
2455612.48426 14.17167
2455613.48430 13.68849
2455614.48435 11.84075
2455615.48439 11.76354
2455616.48444 9.20233
2455617.48448 10.17124
2455618.48453 8.37577
2455619.48458 8.51398
2455620.48462 6.57480
2455621.48467 7.85963
2455622.48471 8.32939
2455623.48476 8.01900
2455624.48480 7.76172
2455625.48485 7.96068
2455626.48490 9.18960
2455627.48494 8.84441
2455628.48499 11.28696
2455629.48503 11.15721
2455630.48508 12.56953
2455631.48512 13.95029
2455632.48517 13.60817
2455633.48521 17.63780
2455634.48526 18.96431
2455635.48531 16.17187
2455636.48535 18.90101
2455637.48540 20.17889
2455638.48544 20.05401
2455639.48549 19.47434
2455640.48553 16.84723
2455641.48558 17.49691
2455642.48563 16.72363
2455643.48567 18.22542
2455644.48572 13.28067
2455645.48576 14.56208
2455646.48581 14.00073
2455647.48585 13.12388
2455648.48590 12.68759
2455649.48595 9.05296
2455650.48599 10.21901
2455651.48604 9.76846
2455652.48608 7.75694
2455653.48613 9.43069
2455654.48617 9.83947
2455655.48622 7.95070
2455656.48626 7.96675
2455657.48631 6.79352
2455658.48636 8.98006
2455659.48640 11.24317
2455660.48645 10.46983
2455661.48649 11.41989
2455662.48654 12.57345
2455663.48658 14.65050
2455664.48663 14.77583
2455665.48668 15.53816
2455666.48672 15.19938
2455667.48677 16.05710
2455668.48681 21.15473
2455669.48686 21.18791
2455670.48690 17.21644
2455671.48695 18.65512
2455672.48699 19.36751
2455673.48704 17.75606
2455674.48709 18.93047
2455675.48713 20.21042
2455676.48718 15.21990
2455677.48722 16.81073
2455678.48727 17.13911
2455679.48731 13.78326
2455680.48736 13.07223
2455681.48741 12.05664
2455682.48745 10.95649
2455683.48750 10.09093
2455684.48754 11.64385
2455685.48759 8.49246
2455686.48763 9.13463
2455687.48768 8.48231
2455688.48772 9.19018
2455689.48777 10.97396
2455690.48782 9.66686
2455691.48786 10.88408
2455692.48791 11.95030
2455693.48795 11.67143
2455694.48800 16.37824
2455695.48804 14.63911
2455696.48809 14.86143
2455697.48814 13.18917
2455698.48818 14.46678
2455699.48823 21.71998
2455700.48827 16.97497
2455701.48832 17.19849
2455702.48836 21.10453
2455703.48841 20.25935
2455704.48845 22.31803
2455705.48850 20.53274
2455706.48855 18.87288
2455707.48859 16.00320
2455708.48864 18.31356
2455709.48868 14.05006
2455710.48873 13.51481
2455711.48877 18.79073
2455712.48882 14.17815
2455713.48887 14.72270
2455714.48891 13.35945
2455715.48896 13.25231
2455716.48900 11.73223
2455717.48905 11.06641
2455718.48909 10.53955
2455719.48914 11.35241
2455720.48918 11.10689
2455721.48923 8.54469
2455722.48928 10.53976
2455723.48932 10.44793
2455724.48937 7.46302
2455725.48941 14.86216
2455726.48946 11.22064
2455727.48950 13.18048
2455728.48955 15.44283
2455729.48960 14.38385
2455730.48964 18.21603
2455731.48969 19.31462
2455732.48973 21.67239
2455733.48978 18.02092
2455734.48982 21.37414
2455735.48987 19.29957
2455736.48992 18.80393
2455737.48996 18.35063
2455738.49001 23.32488
2455739.49005 20.63010
2455740.49010 23.49697
2455741.49014 19.72773
2455742.49019 22.74645
2455743.49023 15.96198
2455744.49028 17.53886
2455745.49033 15.35077
2455746.49037 15.30898
2455747.49042 14.49112
2455748.49046 14.83939
2455749.49051 9.77342
2455750.49055 10.79161
2455751.49060 12.79010
2455752.49065 10.67524
2455753.49069 10.34715
2455754.49074 8.93544
2455755.49078 10.29076
2455756.49083 12.94731
2455757.49087 15.81868
2455758.49092 13.99423
2455759.49096 15.47418
2455760.49101 15.95198
2455761.49106 14.89941
2455762.49110 19.97299
2455763.49115 18.21878
2455764.49119 17.43744
2455765.49124 18.88470
2455766.49128 22.91694
2455767.49133 25.19203
2455768.49138 21.61850
2455769.49142 23.26855
2455770.49147 20.27958
2455771.49151 23.27906
2455957.50000 21.17328
