2445000.00000 1.44241
2445001.00005 1.73507
2445002.00009 2.48260
2445003.00014 3.29769
2445004.00018 4.74330
2445005.00023 5.62163
2445006.00027 6.24849
2445007.00032 7.09423
2445008.00037 8.02587
2445009.00041 9.11048
2445010.00046 11.09799
2445011.00050 13.01018
2445012.00055 11.56758
2445013.00059 17.45840
2445014.00064 16.29536
2445015.00068 15.94708
2445016.00073 17.82812
2445017.00078 23.02831
2445018.00082 20.36026
2445019.00087 18.88168
2445020.00091 21.52069
2445021.00096 25.22833
2445022.00100 20.37604
2445023.00105 24.11506
2445024.00110 22.91978
2445025.00114 23.10850
2445026.00119 18.57776
2445027.00123 24.52320
2445028.00128 23.50742
2445029.00132 20.27937
2445030.00137 17.80222
2445031.00141 17.94017
2445032.00146 17.62453
2445033.00151 16.89446
2445034.00155 14.88760
2445035.00160 14.27586
2445036.00164 12.67392
2445037.00169 9.78515
2445038.00173 7.97385
2445039.00178 6.94051
2445040.00183 6.12569
2445041.00187 4.79486
2445042.00192 3.44682
2445043.00196 2.88015
2445044.00201 1.93659
2445045.00205 1.33779
2445046.00210 0.94501
2445047.00214 0.88891
2445048.00219 0.64173
2445049.00224 0.98135
2445050.00228 1.13061
2445051.00233 1.73642
2445052.00237 2.70259
2445053.00242 3.19285
2445054.00246 4.12679
2445055.00251 5.07530
2445056.00256 6.46704
2445057.00260 7.64404
2445058.00265 9.01865
2445059.00269 10.68478
2445060.00274 13.44674
2445061.00278 11.97137
2445062.00283 11.82606
2445063.00287 15.24889
2445064.00292 17.82294
2445065.00297 19.43567
2445066.00301 19.80508
2445067.00306 23.95763
2445068.00310 20.87244
2445069.00315 21.57657
2445070.00319 22.38165
2445071.00324 24.10920
2445072.00329 22.05882
2445073.00333 20.56126
2445074.00338 20.80771
2445075.00342 23.47133
2445076.00347 19.31691
2445077.00351 21.12004
2445078.00356 22.12257
2445079.00361 21.59318
2445080.00365 18.67618
2445081.00370 18.07983
2445082.00374 14.22224
2445083.00379 14.09988
2445084.00383 10.51047
2445085.00388 11.51768
2445086.00392 8.02666
2445087.00397 7.62760
2445088.00402 7.19779
2445089.00406 5.39508
2445090.00411 5.68140
2445091.00415 3.71078
2445092.00420 2.80539
2445093.00424 1.84778
2445094.00429 1.36837
2445095.00434 0.75439
2445096.00438 0.54897
2445097.00443 0.44801
2445098.00447 0.42893
2445099.00452 0.82133
2445100.00456 1.47342
2445101.00461 1.77773
2445102.00465 2.54658
2445103.00470 2.78490
2445104.00475 5.00559
2445105.00479 4.89127
2445106.00484 6.57795
2445107.00488 8.77852
2445108.00493 8.61211
2445109.00497 12.11266
2445110.00502 11.96339
2445111.00507 14.33185
2445112.00511 14.61159
2445113.00516 16.21609
2445114.00520 16.40156
2445115.00525 16.82539
2445116.00529 19.66923
2445117.00534 19.30838
2445118.00538 18.91136
2445119.00543 25.30834
2445120.00548 24.69455
2445121.00552 26.08689
2445122.00557 24.14568
2445123.00561 22.72308
2445124.00566 22.79466
2445125.00570 23.48049
2445126.00575 23.29055
2445127.00580 23.53705
2445128.00584 20.65984
2445129.00589 16.49848
2445130.00593 20.53764
2445131.00598 17.27516
2445132.00602 14.55495
2445133.00607 13.51020
2445134.00611 12.73768
2445135.00616 11.94116
2445136.00621 8.23785
2445137.00625 6.92578
2445138.00630 6.44318
2445139.00634 4.77846
2445140.00639 3.80801
2445141.00643 2.23883
2445142.00648 1.78089
2445143.00653 1.26284
2445144.00657 0.86853
2445145.00662 0.52769
2445146.00666 0.30605
2445147.00671 0.41370
2445148.00675 0.55890
2445149.00680 0.97150
2445150.00684 1.35858
2445151.00689 2.27564
2445152.00694 2.39553
2445153.00698 3.67498
2445154.00703 6.00569
2445155.00707 6.20918
2445156.00712 6.88472
2445157.00716 9.93293
2445158.00721 11.24722
2445159.00726 11.44238
2445160.00730 13.77741
2445161.00735 13.11373
2445162.00739 15.49656
2445163.00744 19.93327
2445164.00748 20.05933
2445165.00753 20.97926
2445166.00758 20.25505
2445167.00762 20.13712
2445168.00767 24.01136
2445169.00771 23.00161
2445170.00776 18.05765
2445171.00780 24.40251
2445172.00785 18.52937
2445173.00789 20.27859
2445174.00794 23.11131
2445175.00799 21.82235
2445176.00803 14.90055
2445177.00808 21.85649
2445178.00812 20.25716
2445179.00817 16.21876
2445366.01670 24.00829
2445367.01675 24.09994
2445368.01679 22.06666
2445369.01684 27.29375
2445370.01688 24.79916
2445371.01693 26.90814
2445372.01698 22.20752
2445373.01702 23.70495
2445374.01707 28.96404
2445375.01711 20.96801
2445376.01716 20.58171
2445377.01720 18.30803
2445378.01725 16.65392
2445379.01729 15.78621
2445380.01734 12.19347
2445381.01739 12.89380
2445382.01743 13.41373
2445383.01748 10.06379
2445384.01752 8.82381
2445385.01757 7.75798
2445386.01761 5.61342
2445387.01766 4.87421
2445388.01771 4.53784
2445389.01775 4.36585
2445390.01780 3.84463
2445391.01784 2.99462
2445392.01789 2.94914
2445393.01793 3.64918
2445394.01798 3.04593
2445395.01803 3.49973
2445396.01807 4.01965
2445397.01812 5.00651
2445398.01816 5.22571
2445399.01821 7.35776
2445400.01825 9.32606
2445401.01830 9.70944
2445402.01834 10.64918
2445403.01839 10.82154
2445404.01844 14.48807
2445405.01848 15.15806
2445406.01853 13.95767
2445407.01857 14.21621
2445408.01862 15.27359
2445409.01866 18.56734
2445410.01871 24.44176
2445411.01876 22.25255
2445412.01880 27.66368
2445413.01885 27.00924
2445414.01889 27.07068
2445415.01894 26.76912
2445416.01898 21.08884
2445417.01903 25.74568
2445418.01907 29.42963
2445419.01912 23.26438
2445420.01917 28.63558
2445421.01921 25.38530
2445422.01926 26.15365
2445423.01930 24.04192
2445424.01935 24.41874
2445425.01939 23.30954
2445426.01944 19.86142
2445427.01949 18.64773
2445428.01953 15.99565
2445429.01958 16.47515
2445430.01962 14.94013
2445431.01967 12.98144
2445432.01971 10.62974
2445433.01976 9.06575
2445434.01980 8.58124
2445435.01985 6.86833
2445436.01990 7.42605
2445437.01994 5.70068
2445438.01999 5.52601
2445439.02003 5.36945
2445440.02008 4.84874
2445441.02012 3.75402
2445442.02017 4.12955
2445443.02022 4.09706
2445444.02026 3.60730
2445445.02031 6.11410
2445446.02035 5.39886
2445447.02040 6.43312
2445448.02044 8.57559
2445449.02049 8.69996
2445450.02053 9.88036
2445451.02058 10.69701
2445452.02063 14.40746
2445453.02067 14.66080
2445454.02072 16.48207
2445455.02076 16.04987
2445456.02081 20.92541
2445457.02085 21.81420
2445458.02090 22.17239
2445459.02095 24.60665
2445460.02099 23.01996
2445461.02104 21.57947
2445462.02108 27.32458
2445463.02113 29.51389
2445464.02117 22.18502
2445465.02122 29.40375
2445466.02126 28.43928
2445467.02131 31.18922
2445468.02136 25.73992
2445469.02140 27.69968
2445470.02145 30.07690
2445471.02149 19.97107
2445472.02154 23.37003
2445473.02158 22.94739
2445474.02163 21.71109
2445475.02168 24.26518
2445476.02172 18.89975
2445477.02177 20.47585
2445478.02181 16.60950
2445479.02186 15.41374
2445480.02190 14.57309
2445481.02195 12.87572
2445482.02200 11.29855
2445483.02204 9.96635
2445484.02209 7.35517
2445485.02213 8.34583
2445486.02218 6.92115
2445487.02222 6.60789
2445488.02227 6.39996
2445489.02231 6.16900
2445490.02236 4.56802
2445491.02241 4.57907
2445492.02245 5.59321
2445493.02250 5.71267
2445494.02254 6.58618
2445495.02259 6.87025
2445496.02263 7.38076
2445497.02268 8.84273
2445498.02273 9.31832
2445499.02277 10.34869
2445500.02282 13.20850
2445501.02286 13.46831
2445502.02291 13.97545
2445503.02295 17.29626
2445504.02300 20.90195
2445505.02304 19.65266
2445506.02309 19.64408
2445507.02314 20.66174
2445508.02318 28.25194
2445509.02323 21.89059
2445510.02327 24.18093
2445511.02332 26.88767
2445512.02336 23.13153
2445513.02341 26.09600
2445514.02346 29.39334
2445515.02350 27.95600
2445516.02355 25.48743
2445517.02359 30.67580
2445518.02364 25.70688
2445519.02368 29.81369
2445520.02373 30.05709
2445521.02377 22.67294
2445522.02382 26.78707
2445523.02387 25.72554
2445524.02391 22.35337
2445525.02396 23.01465
2445526.02400 21.72778
2445527.02405 20.78138
2445528.02409 16.64700
2445529.02414 16.21807
2445530.02419 13.59815
2445531.02423 12.29357
2445532.02428 13.21879
2445533.02432 10.40367
2445534.02437 10.47679
2445535.02441 8.93885
2445536.02446 6.44012
2445537.02450 7.72343
2445538.02455 5.87167
2445539.02460 5.52659
2445540.02464 6.73284
2445541.02469 6.57674
2445542.02473 7.09814
2445543.02478 7.42406
2445544.02482 7.26672
2445545.02487 7.40800
2445731.03336 13.73072
2445732.03340 17.27806
2445733.03345 13.66853
2445734.03349 12.21983
2445735.03354 12.41801
2445736.03359 10.98929
2445737.03363 12.24818
2445738.03368 11.96829
2445739.03372 12.46492
2445740.03377 13.04714
2445741.03381 15.30492
2445742.03386 15.36666
2445743.03391 15.98164
2445744.03395 17.72124
2445745.03400 17.89932
2445746.03404 19.08500
2445747.03409 21.76402
2445748.03413 18.36679
2445749.03418 22.57767
2445750.03422 23.73523
2445751.03427 22.64607
2445752.03432 28.89735
2445753.03436 31.29531
2445754.03441 33.30445
2445755.03445 26.36518
2445756.03450 28.92984
2445757.03454 29.89590
2445758.03459 34.90463
2445759.03464 29.95754
2445760.03468 36.91855
2445761.03473 41.46664
2445762.03477 32.54650
2445763.03482 32.95858
2445764.03486 33.37490
2445765.03491 37.84519
2445766.03495 31.13670
2445767.03500 36.19619
2445768.03505 33.56961
2445769.03509 31.51860
2445770.03514 28.08532
2445771.03518 29.14125
2445772.03523 24.16194
2445773.03527 27.67142
2445774.03532 22.73564
2445775.03537 24.61660
2445776.03541 22.34491
2445777.03546 23.13606
2445778.03550 16.51214
2445779.03555 16.45569
2445780.03559 17.99573
2445781.03564 15.04461
2445782.03568 14.53223
2445783.03573 15.48352
2445784.03578 13.89085
2445785.03582 14.06475
2445786.03587 13.53312
2445787.03591 12.44012
2445788.03596 14.59121
2445789.03600 13.73086
2445790.03605 13.15267
2445791.03610 12.34636
2445792.03614 16.74871
2445793.03619 18.60346
2445794.03623 16.44579
2445795.03628 17.93630
2445796.03632 19.01744
2445797.03637 22.04168
2445798.03642 24.69098
2445799.03646 23.68653
2445800.03651 31.82463
2445801.03655 27.14548
2445802.03660 33.49879
2445803.03664 31.78409
2445804.03669 33.68406
2445805.03673 37.33149
2445806.03678 34.81974
2445807.03683 30.91399
2445808.03687 29.20946
2445809.03692 40.97751
2445810.03696 43.69397
2445811.03701 37.27029
2445812.03705 41.64192
2445813.03710 35.56683
2445814.03715 30.92449
2445815.03719 30.53591
2445816.03724 35.37926
2445817.03728 32.00588
2445818.03733 35.82331
2445819.03737 33.32763
2445820.03742 28.93104
2445821.03746 35.56240
2445822.03751 22.52184
2445823.03756 29.81135
2445824.03760 22.02284
2445825.03765 23.65520
2445826.03769 23.55074
2445827.03774 20.93502
2445828.03778 23.23331
2445829.03783 13.64059
2445830.03788 17.61854
2445831.03792 14.06062
2445832.03797 16.38803
2445833.03801 13.82739
2445834.03806 15.60864
2445835.03810 14.82718
2445836.03815 14.16619
2445837.03819 14.21865
2445838.03824 15.45089
2445839.03829 13.32395
2445840.03833 17.02059
2445841.03838 16.78965
2445842.03842 20.33272
2445843.03847 20.19484
2445844.03851 19.69443
2445845.03856 21.53372
2445846.03861 23.35277
2445847.03865 20.54987
2445848.03870 25.57427
2445849.03874 27.26144
2445850.03879 27.41141
2445851.03883 29.52653
2445852.03888 26.10766
2445853.03892 33.23418
2445854.03897 32.00226
2445855.03902 34.28411
2445856.03906 35.82965
2445857.03911 35.14368
2445858.03915 38.37891
2445859.03920 41.45962
2445860.03924 39.61745
2445861.03929 35.26358
2445862.03934 36.93019
2445863.03938 41.99354
2445864.03943 40.29500
2445865.03947 41.67982
2445866.03952 35.02727
2445867.03956 33.01879
2445868.03961 32.81532
2445869.03966 29.43524
2445870.03970 32.62796
2445871.03975 28.51464
2445872.03979 27.43789
2445873.03984 30.23982
2445874.03988 26.25265
2445875.03993 26.51818
2445876.03997 21.19390
2445877.04002 20.82536
2445878.04007 22.62863
2445879.04011 20.82540
2445880.04016 15.21393
2445881.04020 16.95414
2445882.04025 16.38104
2445883.04029 13.86290
2445884.04034 17.94761
2445885.04039 16.25517
2445886.04043 13.07893
2445887.04048 14.63862
2445888.04052 16.42935
2445889.04057 14.25907
2445890.04061 19.56522
2445891.04066 16.52008
2445892.04070 16.48609
2445893.04075 20.63017
2445894.04080 20.11952
2445895.04084 20.98713
2445896.04089 23.41710
2445897.04093 24.01270
2445898.04098 26.30656
2445899.04102 25.66460
2445900.04107 28.40023
2445901.04112 29.99584
2445902.04116 32.82936
2445903.04121 38.62800
2445904.04125 37.70202
2445905.04130 38.68646
2445906.04134 29.35889
2445907.04139 43.27485
2445908.04143 42.77402
2445909.04148 41.40275
2445910.04153 40.47360
2446096.05001 32.06210
2446097.05006 29.43441
2446098.05010 33.91005
2446099.05015 39.11546
2446100.05020 36.73581
2446101.05024 32.89211
2446102.05029 38.06014
2446103.05033 29.67855
2446104.05038 41.17681
2446105.05042 35.83926
2446106.05047 36.84173
2446107.05052 42.29653
2446108.05056 41.56266
2446109.05061 36.59356
2446110.05065 35.98378
2446111.05070 41.20484
2446112.05074 38.60660
2446113.05079 36.88134
2446114.05084 35.45076
2446115.05088 33.31658
2446116.05093 39.96708
2446117.05097 30.59532
2446118.05102 31.39632
2446119.05106 31.95794
2446120.05111 26.52892
2446121.05115 24.29959
2446122.05120 22.92843
2446123.05125 22.60008
2446124.05129 19.95012
2446125.05134 16.34654
2446126.05138 16.99861
2446127.05143 19.76995
2446128.05147 17.24332
2446129.05152 19.27963
2446130.05157 15.94604
2446131.05161 16.00575
2446132.05166 18.68887
2446133.05170 15.52789
2446134.05175 19.77947
2446135.05179 18.06873
2446136.05184 19.45523
2446137.05188 17.90437
2446138.05193 17.87942
2446139.05198 22.69637
2446140.05202 25.10847
2446141.05207 27.16275
2446142.05211 29.66674
2446143.05216 27.45784
2446144.05220 26.32386
2446145.05225 35.51367
2446146.05230 32.20467
2446147.05234 33.76254
2446148.05239 31.95002
2446149.05243 41.15872
2446150.05248 38.23042
2446151.05252 36.49537
2446152.05257 37.92626
2446153.05261 50.26676
2446154.05266 49.03768
2446155.05271 40.15859
2446156.05275 35.26025
2446157.05280 37.93048
2446158.05284 40.03934
2446159.05289 35.74326
2446160.05293 36.26978
2446161.05298 34.86723
2446162.05303 37.85606
2446163.05307 37.35852
2446164.05312 39.99497
2446165.05316 35.81737
2446166.05321 34.02766
2446167.05325 24.89652
2446168.05330 27.13339
2446169.05334 25.39806
2446170.05339 23.51752
2446171.05344 25.75504
2446172.05348 21.02129
2446173.05353 20.74460
2446174.05357 18.90526
2446175.05362 18.07047
2446176.05366 17.82577
2446177.05371 23.16209
2446178.05376 18.24733
2446179.05380 18.06992
2446180.05385 16.78921
2446181.05389 19.50369
2446182.05394 15.91896
2446183.05398 20.58077
2446184.05403 20.48037
2446185.05408 21.60813
2446186.05412 19.65793
2446187.05417 19.67118
2446188.05421 18.64203
2446189.05426 18.43224
2446190.05430 27.45861
2446191.05435 26.78807
2446192.05439 34.26142
2446193.05444 27.02552
2446194.05449 28.74538
2446195.05453 30.53313
2446196.05458 25.56528
2446197.05462 32.28164
2446198.05467 32.05883
2446199.05471 34.38337
2446200.05476 38.91803
2446201.05481 32.45717
2446202.05485 34.64571
2446203.05490 42.06413
2446204.05494 31.71528
2446205.05499 43.59591
2446206.05503 37.08532
2446207.05508 39.34561
2446208.05512 35.75010
2446209.05517 35.94894
2446210.05522 37.25895
2446211.05526 40.72689
2446212.05531 34.29224
2446213.05535 31.21574
2446214.05540 32.70879
2446215.05544 30.55205
2446216.05549 29.91761
2446217.05554 29.04760
2446218.05558 22.79711
2446219.05563 25.62575
2446220.05567 22.61349
2446221.05572 19.96236
2446222.05576 17.63233
2446223.05581 17.70951
2446224.05585 19.21391
2446225.05590 16.50911
2446226.05595 17.88250
2446227.05599 20.40420
2446228.05604 13.60257
2446229.05608 16.05788
2446230.05613 17.58681
2446231.05617 17.77188
2446232.05622 16.00538
2446233.05627 15.70971
2446234.05631 18.40104
2446235.05636 17.61407
2446236.05640 20.43494
2446237.05645 20.71152
2446238.05649 21.96708
2446239.05654 23.05576
2446240.05658 23.31363
2446241.05663 23.23718
2446242.05668 29.18468
2446243.05672 26.07752
2446244.05677 28.14952
2446245.05681 27.06014
2446246.05686 27.72467
2446247.05690 33.99363
2446248.05695 38.34077
2446249.05700 40.13058
2446250.05704 37.77471
2446251.05709 38.23513
2446252.05713 43.16798
2446253.05718 43.15648
2446254.05722 34.36537
2446255.05727 32.43269
2446256.05731 39.92981
2446257.05736 36.03909
2446258.05741 33.68290
2446259.05745 39.50593
2446260.05750 37.91625
2446261.05754 27.11419
2446262.05759 34.56081
2446263.05763 34.27103
2446264.05768 29.29230
2446265.05773 29.94275
2446266.05777 25.85387
2446267.05782 24.83789
2446268.05786 25.74260
2446269.05791 23.49100
2446270.05795 18.35608
2446271.05800 20.34873
2446272.05805 22.38802
2446273.05809 21.01047
2446274.05814 16.00160
2446275.05818 16.11098
2446461.06667 30.17305
2446462.06672 23.70455
2446463.06676 22.14505
2446464.06681 22.00694
2446465.06685 18.55827
2446466.06690 18.62312
2446467.06694 18.86003
2446468.06699 13.66442
2446469.06703 12.40378
2446470.06708 10.60824
2446471.06713 12.40055
2446472.06717 10.98344
2446473.06722 13.31632
2446474.06726 8.52116
2446475.06731 9.84675
2446476.06735 10.76459
2446477.06740 9.11106
2446478.06745 12.35951
2446479.06749 12.73963
2446480.06754 11.94205
2446481.06758 13.75540
2446482.06763 11.87996
2446483.06767 15.48619
2446484.06772 16.09586
2446485.06776 18.41009
2446486.06781 19.66239
2446487.06786 19.19142
2446488.06790 22.09044
2446489.06795 23.25944
2446490.06799 22.62557
2446491.06804 22.11041
2446492.06808 20.82539
2446493.06813 28.82052
2446494.06818 31.62004
2446495.06822 29.49079
2446496.06827 30.69513
2446497.06831 29.11089
2446498.06836 31.42574
2446499.06840 30.88890
2446500.06845 31.14299
2446501.06850 33.85186
2446502.06854 40.63132
2446503.06859 31.45615
2446504.06863 35.50083
2446505.06868 29.70278
2446506.06872 38.40860
2446507.06877 27.24068
2446508.06881 28.87733
2446509.06886 24.59385
2446510.06891 28.73183
2446511.06895 21.49763
2446512.06900 22.96666
2446513.06904 19.07685
2446514.06909 22.39632
2446515.06913 16.67996
2446516.06918 12.73778
2446517.06923 15.50041
2446518.06927 15.18198
2446519.06932 11.56837
2446520.06936 13.71431
2446521.06941 11.42204
2446522.06945 10.76618
2446523.06950 8.33626
2446524.06954 9.35890
2446525.06959 9.17656
2446526.06964 9.60134
2446527.06968 11.10740
2446528.06973 8.50158
2446529.06977 10.76112
2446530.06982 9.33512
2446531.06986 12.23423
2446532.06991 11.28660
2446533.06996 13.04932
2446534.07000 13.66097
2446535.07005 14.98293
2446536.07009 16.29244
2446537.07014 19.84859
2446538.07018 20.44637
2446539.07023 21.39027
2446540.07027 21.04872
2446541.07032 25.44607
2446542.07037 23.09551
2446543.07041 26.57735
2446544.07046 30.31595
2446545.07050 28.45771
2446546.07055 31.98337
2446547.07059 31.07951
2446548.07064 35.86748
2446549.07069 27.14255
2446550.07073 31.22094
2446551.07078 31.14664
2446552.07082 30.52466
2446553.07087 39.44576
2446554.07091 31.03768
2446555.07096 28.85075
2446556.07100 29.67395
2446557.07105 22.28331
2446558.07110 20.88692
2446559.07114 21.78771
2446560.07119 23.77794
2446561.07123 22.26980
2446562.07128 19.01378
2446563.07132 16.85347
2446564.07137 17.33951
2446565.07142 17.35040
2446566.07146 13.83095
2446567.07151 12.93503
2446568.07155 10.38160
2446569.07160 11.23552
2446570.07164 9.75306
2446571.07169 10.50497
2446572.07173 7.13566
2446573.07178 7.92247
2446574.07183 7.53194
2446575.07187 7.82674
2446576.07192 7.92736
2446577.07196 8.05435
2446578.07201 7.70581
2446579.07205 11.36814
2446580.07210 10.89627
2446581.07215 11.54512
2446582.07219 12.93496
2446583.07224 12.77084
2446584.07228 17.17627
2446585.07233 16.14192
2446586.07237 20.13408
2446587.07242 18.93361
2446588.07247 18.13578
2446589.07251 26.25600
2446590.07256 22.04957
2446591.07260 26.96084
2446592.07265 27.30699
2446593.07269 22.31884
2446594.07274 28.95851
2446595.07278 27.06733
2446596.07283 31.35281
2446597.07288 26.58417
2446598.07292 30.55490
2446599.07297 35.05106
2446600.07301 27.67606
2446601.07306 28.81685
2446602.07310 29.09200
2446603.07315 31.46650
2446604.07320 25.34452
2446605.07324 27.54968
2446606.07329 24.72494
2446607.07333 25.03736
2446608.07338 27.38517
2446609.07342 24.22623
2446610.07347 18.95394
2446611.07351 17.41200
2446612.07356 18.48231
2446613.07361 16.51913
2446614.07365 14.46720
2446615.07370 14.22984
2446616.07374 11.98919
2446617.07379 11.15948
2446618.07383 9.43497
2446619.07388 9.47492
2446620.07393 6.99589
2446621.07397 6.94845
2446622.07402 6.79857
2446623.07406 7.11928
2446624.07411 7.55213
2446625.07415 7.54487
2446626.07420 5.74239
2446627.07424 7.85862
2446628.07429 6.56533
2446629.07434 8.23064
2446630.07438 7.87827
2446631.07443 10.38476
2446632.07447 11.28910
2446633.07452 12.58862
2446634.07456 14.53198
2446635.07461 15.98262
2446636.07466 20.02113
2446637.07470 18.36721
2446638.07475 17.43326
2446639.07479 19.98390
2446640.07484 23.36073
2446827.08337 4.37792
2446828.08342 6.65255
2446829.08346 8.58198
2446830.08351 7.32779
2446831.08355 9.07097
2446832.08360 10.03457
2446833.08365 12.01505
2446834.08369 16.27579
2446835.08374 17.84041
2446836.08378 14.40106
2446837.08383 19.41697
2446838.08387 19.91162
2446839.08392 21.58711
2446840.08396 19.69209
2446841.08401 20.33176
2446842.08406 22.89567
2446843.08410 21.65389
2446844.08415 26.53329
2446845.08419 24.96955
2446846.08424 24.34923
2446847.08428 26.11117
2446848.08433 24.88802
2446849.08438 20.75518
2446850.08442 21.01635
2446851.08447 17.89149
2446852.08451 19.47539
2446853.08456 21.83285
2446854.08460 19.01315
2446855.08465 16.56689
2446856.08469 13.24488
2446857.08474 12.98087
2446858.08479 12.15078
2446859.08483 11.29531
2446860.08488 10.93522
2446861.08492 9.07366
2446862.08497 6.98157
2446863.08501 5.49910
2446864.08506 4.85096
2446865.08511 3.75710
2446866.08515 2.71588
2446867.08520 2.41681
2446868.08524 1.56445
2446869.08529 1.44991
2446870.08533 1.20987
2446871.08538 1.31374
2446872.08542 1.80693
2446873.08547 2.21799
2446874.08552 2.98642
2446875.08556 3.08444
2446876.08561 4.28048
2446877.08565 5.60708
2446878.08570 6.77403
2446879.08574 8.25925
2446880.08579 9.40394
2446881.08584 10.37959
2446882.08588 12.90213
2446883.08593 13.58516
2446884.08597 12.57224
2446885.08602 17.35281
2446886.08606 14.96298
2446887.08611 17.34201
2446888.08615 20.25187
2446889.08620 17.46404
2446890.08625 23.59768
2446891.08629 21.76257
2446892.08634 25.47550
2446893.08638 23.93394
2446894.08643 23.92776
2446895.08647 22.57193
2446896.08652 23.00002
2446897.08657 23.55574
2446898.08661 20.60420
2446899.08666 24.08916
2446900.08670 18.96339
2446901.08675 20.93630
2446902.08679 18.63887
2446903.08684 19.69473
2446904.08689 16.55278
2446905.08693 15.72735
2446906.08698 14.10854
2446907.08702 13.20092
2446908.08707 10.56967
2446909.08711 9.13283
2446910.08716 8.73620
2446911.08720 5.98045
2446912.08725 5.18720
2446913.08730 4.10473
2446914.08734 3.19918
2446915.08739 2.34727
2446916.08743 1.73437
2446917.08748 1.30709
2446918.08752 0.87642
2446919.08757 0.62581
2446920.08762 0.67725
2446921.08766 0.94083
2446922.08771 1.40213
2446923.08775 1.66387
2446924.08780 2.52566
2446925.08784 3.58228
2446926.08789 4.60485
2446927.08793 5.78632
2446928.08798 8.31025
2446929.08803 6.95298
2446930.08807 9.29793
2446931.08812 12.05718
2446932.08816 9.76880
2446933.08821 14.79415
2446934.08825 18.37864
2446935.08830 16.65159
2446936.08835 18.19116
2446937.08839 17.04588
2446938.08844 23.39009
2446939.08848 25.21049
2446940.08853 21.82039
2446941.08857 20.48459
2446942.08862 21.40353
2446943.08866 27.25938
2446944.08871 22.17399
2446945.08876 27.85432
2446946.08880 22.76167
2446947.08885 20.40697
2446948.08889 22.38768
2446949.08894 20.42264
2446950.08898 21.95843
2446951.08903 21.09876
2446952.08908 14.21793
2446953.08912 18.26162
2446954.08917 13.72109
2446955.08921 12.32122
2446956.08926 11.56555
2446957.08930 11.63330
2446958.08935 9.61143
2446959.08939 7.61255
2446960.08944 5.13041
2446961.08949 6.24400
2446962.08953 4.38199
2446963.08958 3.55851
2446964.08962 2.36301
2446965.08967 1.49034
2446966.08971 1.00511
2446967.08976 0.64240
2446968.08981 0.40207
2446969.08985 0.35280
2446970.08990 0.58691
2446971.08994 1.12821
2446972.08999 1.40025
2446973.09003 2.20813
2446974.09008 3.23567
2446975.09013 3.50569
2446976.09017 4.98874
2446977.09022 6.97803
2446978.09026 7.15608
2446979.09031 8.32841
2446980.09035 10.92635
2446981.09040 11.25176
2446982.09044 15.21389
2446983.09049 17.92564
2446984.09054 16.66648
2446985.09058 14.55243
2446986.09063 18.04062
2446987.09067 20.44037
2446988.09072 19.49994
2446989.09076 26.13733
2446990.09081 24.09771
2446991.09086 20.16617
2446992.09090 20.66012
2446993.09095 25.76858
2446994.09099 25.47294
2446995.09104 21.10017
2446996.09108 20.31705
2446997.09113 21.30746
2446998.09117 27.09744
2446999.09122 20.04044
2447000.09127 22.31759
2447001.09131 21.35775
2447002.09136 16.12045
2447003.09140 13.92062
2447004.09145 12.45618
2447005.09149 13.22917
2447006.09154 10.57039
2447192.10003 21.68243
2447193.10007 24.48034
2447194.10012 21.06525
2447195.10016 22.96545
2447196.10021 23.28099
2447197.10026 17.87793
2447198.10030 16.61390
2447199.10035 14.37543
2447200.10039 16.82178
2447201.10044 12.99772
2447202.10048 15.28587
2447203.10053 14.28670
2447204.10057 9.62629
2447205.10062 9.10547
2447206.10067 7.53512
2447207.10071 6.29981
2447208.10076 6.43907
2447209.10080 4.92409
2447210.10085 4.04019
2447211.10089 3.59384
2447212.10094 2.58085
2447213.10099 2.24560
2447214.10103 2.33283
2447215.10108 1.98241
2447216.10112 2.05356
2447217.10117 3.02193
2447218.10121 2.97685
2447219.10126 4.12424
2447220.10131 4.75240
2447221.10135 5.62831
2447222.10140 6.97356
2447223.10144 7.94865
2447224.10149 10.28873
2447225.10153 10.39478
2447226.10158 10.37690
2447227.10162 14.46360
2447228.10167 15.04250
2447229.10172 18.68139
2447230.10176 19.21871
2447231.10181 20.80402
2447232.10185 21.73206
2447233.10190 19.44862
2447234.10194 23.34810
2447235.10199 26.24236
2447236.10204 25.09644
2447237.10208 24.17872
2447238.10213 26.90334
2447239.10217 29.52493
2447240.10222 25.49013
2447241.10226 26.10281
2447242.10231 23.95139
2447243.10235 23.87190
2447244.10240 23.91620
2447245.10245 19.90173
2447246.10249 18.05447
2447247.10254 21.18724
2447248.10258 19.64299
2447249.10263 16.48906
2447250.10267 16.56152
2447251.10272 15.82260
2447252.10277 13.41657
2447253.10281 12.14522
2447254.10286 10.35354
2447255.10290 9.37007
2447256.10295 8.73385
2447257.10299 6.94200
2447258.10304 5.12019
2447259.10308 5.80325
2447260.10313 4.94365
2447261.10318 3.31872
2447262.10322 3.18505
2447263.10327 3.20910
2447264.10331 3.23448
2447265.10336 2.96383
2447266.10340 3.62395
2447267.10345 3.47994
2447268.10350 4.25938
2447269.10354 5.26288
2447270.10359 5.87435
2447271.10363 8.20389
2447272.10368 7.52544
2447273.10372 8.08967
2447274.10377 9.60142
2447275.10381 13.74848
2447276.10386 13.13705
2447277.10391 17.81925
2447278.10395 16.79532
2447279.10400 20.12529
2447280.10404 17.75580
2447281.10409 17.99523
2447282.10413 23.28197
2447283.10418 24.75054
2447284.10423 25.88371
2447285.10427 28.31790
2447286.10432 27.45841
2447287.10436 28.95483
2447288.10441 25.60902
2447289.10445 27.57399
2447290.10450 25.98419
2447291.10455 25.59244
2447292.10459 23.93593
2447293.10464 27.70277
2447294.10468 21.45391
2447295.10473 20.05743
2447296.10477 18.86582
2447297.10482 19.37352
2447298.10486 21.59238
2447299.10491 19.69905
2447300.10496 19.16756
2447301.10500 13.54203
2447302.10505 12.67166
2447303.10509 13.29754
2447304.10514 12.50768
2447305.10518 9.90445
2447306.10523 7.73758
2447307.10528 6.31112
2447308.10532 6.49464
2447309.10537 4.91089
2447310.10541 5.36536
2447311.10546 4.31721
2447312.10550 4.36108
2447313.10555 5.24819
2447314.10559 5.04337
2447315.10564 4.87901
2447316.10569 5.15399
2447317.10573 5.08170
2447318.10578 5.24251
2447319.10582 7.69680
2447320.10587 7.65184
2447321.10591 9.87368
2447322.10596 9.71300
2447323.10601 12.10539
2447324.10605 13.49996
2447325.10610 13.22596
2447326.10614 19.86673
2447327.10619 16.98572
2447328.10623 18.92466
2447329.10628 22.12809
2447330.10632 22.87618
2447331.10637 24.81618
2447332.10642 22.32875
2447333.10646 23.46202
2447334.10651 26.45612
2447335.10655 24.50586
2447336.10660 26.58568
2447337.10664 29.94875
2447338.10669 26.34848
2447339.10674 24.78475
2447340.10678 27.68536
2447341.10683 30.21196
2447342.10687 24.18287
2447343.10692 27.93403
2447344.10696 18.96584
2447345.10701 25.55545
2447346.10705 22.67944
2447347.10710 17.54333
2447348.10715 21.43874
2447349.10719 16.84084
2447350.10724 16.58460
2447351.10728 14.11702
2447352.10733 12.68795
2447353.10737 10.99839
2447354.10742 13.57831
2447355.10747 11.64766
2447356.10751 10.45203
2447357.10756 7.28864
2447358.10760 8.46375
2447359.10765 7.12423
2447360.10769 6.98210
2447361.10774 5.69451
2447362.10778 5.80271
2447363.10783 6.23273
2447364.10788 6.10016
2447365.10792 5.77966
2447366.10797 6.15757
2447367.10801 7.56339
2447368.10806 8.36620
2447369.10810 8.81537
2447370.10815 8.30398
2447371.10820 11.09755
2447557.11668 10.41263
2447558.11673 11.48332
2447559.11677 11.09829
2447560.11682 9.94739
2447561.11687 9.29747
2447562.11691 11.24550
2447563.11696 13.84283
2447564.11700 12.31593
2447565.11705 12.82216
2447566.11709 14.63071
2447567.11714 15.00816
2447568.11719 18.97756
2447569.11723 17.34305
2447570.11728 19.47052
2447571.11732 22.04848
2447572.11737 26.64467
2447573.11741 22.52760
2447574.11746 23.67113
2447575.11750 27.76400
2447576.11755 29.94768
2447577.11760 30.40491
2447578.11764 31.75349
2447579.11769 29.37610
2447580.11773 32.66387
2447581.11778 32.34265
2447582.11782 32.81653
2447583.11787 34.68152
2447584.11792 38.03993
2447585.11796 32.88615
2447586.11801 29.54805
2447587.11805 35.00177
2447588.11810 30.82602
2447589.11814 25.18758
2447590.11819 30.07319
2447591.11823 26.72929
2447592.11828 25.75462
2447593.11833 30.64547
2447594.11837 27.67041
2447595.11842 24.33327
2447596.11846 22.67890
2447597.11851 19.19403
2447598.11855 21.55097
2447599.11860 18.92859
2447600.11865 19.48213
2447601.11869 16.07733
2447602.11874 16.73620
2447603.11878 12.44616
2447604.11883 13.88206
2447605.11887 12.86183
2447606.11892 12.95381
2447607.11897 10.23106
2447608.11901 11.12508
2447609.11906 12.87908
2447610.11910 10.14184
2447611.11915 12.94397
2447612.11919 15.40874
2447613.11924 14.82585
2447614.11928 13.36986
2447615.11933 15.90938
2447616.11938 16.27481
2447617.11942 19.26357
2447618.11947 17.47330
2447619.11951 17.93006
2447620.11956 22.58181
2447621.11960 25.35563
2447622.11965 26.64484
2447623.11970 23.47390
2447624.11974 24.53878
2447625.11979 27.29667
2447626.11983 32.11463
2447627.11988 28.07591
2447628.11992 31.92356
2447629.11997 32.80426
2447630.12001 32.06518
2447631.12006 31.26099
2447632.12011 33.94175
2447633.12015 38.12923
2447634.12020 35.04967
2447635.12024 35.03154
2447636.12029 33.53456
2447637.12033 35.26952
2447638.12038 36.31102
2447639.12043 35.30180
2447640.12047 28.77610
2447641.12052 28.27922
2447642.12056 27.40857
2447643.12061 22.82990
2447644.12065 24.65289
2447645.12070 24.25803
2447646.12074 24.28062
2447647.12079 23.53355
2447648.12084 18.34498
2447649.12088 18.56809
2447650.12093 20.22644
2447651.12097 17.69526
2447652.12102 15.42138
2447653.12106 17.43386
2447654.12111 15.62816
2447655.12116 13.86796
2447656.12120 14.84196
2447657.12125 12.64085
2447658.12129 12.66624
2447659.12134 13.32812
2447660.12138 14.07825
2447661.12143 15.46238
2447662.12147 13.86258
2447663.12152 14.69930
2447664.12157 17.55025
2447665.12161 18.17594
2447666.12166 16.20497
2447667.12170 18.44888
2447668.12175 20.22812
2447669.12179 23.41755
2447670.12184 23.02624
2447671.12189 26.75136
2447672.12193 28.41225
2447673.12198 30.38765
2447674.12202 33.73965
2447675.12207 32.88148
2447676.12211 33.63973
2447677.12216 34.07930
2447678.12220 32.33276
2447679.12225 34.76332
2447680.12230 36.43990
2447681.12234 37.65014
2447682.12239 45.24945
2447683.12243 36.38089
2447684.12248 33.49585
2447685.12252 28.72063
2447686.12257 39.14177
2447687.12262 28.18733
2447688.12266 29.07141
2447689.12271 34.06517
2447690.12275 27.55410
2447691.12280 34.36628
2447692.12284 36.32614
2447693.12289 28.04937
2447694.12294 21.22856
2447695.12298 29.55917
2447696.12303 27.28834
2447697.12307 21.98933
2447698.12312 24.06605
2447699.12316 19.34374
2447700.12321 22.59173
2447701.12325 15.14530
2447702.12330 17.24201
2447703.12335 18.60882
2447704.12339 14.98788
2447705.12344 17.50485
2447706.12348 12.97239
2447707.12353 13.91641
2447708.12357 9.13028
2447709.12362 13.43790
2447710.12367 12.58787
2447711.12371 15.07976
2447712.12376 17.77427
2447713.12380 17.32989
2447714.12385 18.42980
2447715.12389 21.48120
2447716.12394 20.26306
2447717.12398 22.72543
2447718.12403 25.37985
2447719.12408 24.22907
2447720.12412 27.33432
2447721.12417 27.65142
2447722.12421 24.95415
2447723.12426 28.13176
2447724.12430 28.01523
2447725.12435 33.37452
2447726.12440 37.50271
2447727.12444 38.35738
2447728.12449 27.08878
2447729.12453 29.60788
2447730.12458 32.24393
2447731.12462 35.33345
2447732.12467 37.43465
2447733.12471 36.79864
2447734.12476 35.47207
2447735.12481 36.02630
2447736.12485 42.85391
2447922.13334 41.48795
2447923.13339 39.19862
2447924.13343 32.76560
2447925.13348 29.03541
2447926.13352 38.61981
2447927.13357 42.19618
2447928.13361 39.27792
2447929.13366 40.43032
2447930.13370 35.53918
2447931.13375 34.09770
2447932.13380 34.49764
2447933.13384 44.28340
2447934.13389 37.82508
2447935.13393 37.63675
2447936.13398 33.22354
2447937.13402 33.42937
2447938.13407 29.14159
2447939.13412 35.21002
2447940.13416 26.88578
2447941.13421 32.28929
2447942.13425 26.04281
2447943.13430 25.13117
2447944.13434 22.33426
2447945.13439 26.55880
2447946.13443 20.71643
2447947.13448 22.66985
2447948.13453 19.91613
2447949.13457 19.36325
2447950.13462 14.09157
2447951.13466 14.82490
2447952.13471 14.55568
2447953.13475 15.35965
2447954.13480 16.74588
2447955.13485 15.86983
2447956.13489 20.37164
2447957.13494 20.87442
2447958.13498 17.79590
2447959.13503 21.20077
2447960.13507 20.68156
2447961.13512 21.53254
2447962.13516 22.26442
2447963.13521 20.06096
2447964.13526 26.27414
2447965.13530 25.93028
2447966.13535 28.38848
2447967.13539 32.27844
2447968.13544 35.76536
2447969.13548 34.03872
2447970.13553 39.67489
2447971.13558 30.77121
2447972.13562 30.89937
2447973.13567 36.08806
2447974.13571 31.34647
2447975.13576 40.65650
2447976.13580 29.57310
2447977.13585 41.93292
2447978.13589 45.22085
2447979.13594 44.32293
2447980.13599 37.40551
2447981.13603 38.66916
2447982.13608 34.86455
2447983.13612 38.91451
2447984.13617 41.63468
2447985.13621 35.72731
2447986.13626 32.96979
2447987.13631 34.37174
2447988.13635 26.28236
2447989.13640 34.17431
2447990.13644 25.93808
2447991.13649 26.74864
2447992.13653 28.67529
2447993.13658 28.27594
2447994.13662 18.81933
2447995.13667 22.51721
2447996.13672 21.64895
2447997.13676 17.57485
2447998.13681 19.88328
2447999.13685 19.42692
2448000.13690 19.64564
2448001.13694 14.92903
2448002.13699 14.22023
2448003.13704 17.86609
2448004.13708 16.64981
2448005.13713 18.29403
2448006.13717 17.81755
2448007.13722 15.99922
2448008.13726 18.00332
2448009.13731 19.31624
2448010.13736 19.76825
2448011.13740 20.67015
2448012.13745 21.81234
2448013.13749 22.39843
2448014.13754 28.30891
2448015.13758 23.89986
2448016.13763 20.95697
2448017.13767 30.45129
2448018.13772 32.61277
2448019.13777 27.05787
2448020.13781 39.18784
2448021.13786 36.51972
2448022.13790 32.79847
2448023.13795 36.15648
2448024.13799 41.95509
2448025.13804 35.64918
2448026.13809 40.13674
2448027.13813 39.88647
2448028.13818 43.25502
2448029.13822 44.03677
2448030.13827 35.02431
2448031.13831 39.35540
2448032.13836 29.43958
2448033.13840 32.45426
2448034.13845 30.52198
2448035.13850 25.69483
2448036.13854 34.38882
2448037.13859 39.20362
2448038.13863 27.85876
2448039.13868 29.74513
2448040.13872 26.19365
2448041.13877 28.03731
2448042.13882 22.25685
2448043.13886 26.23517
2448044.13891 23.64812
2448045.13895 20.50339
2448046.13900 19.82019
2448047.13904 19.07959
2448048.13909 19.20814
2448049.13913 16.41982
2448050.13918 18.18931
2448051.13923 16.30043
2448052.13927 14.91153
2448053.13932 18.81268
2448054.13936 17.19581
2448055.13941 17.69708
2448056.13945 15.79514
2448057.13950 16.96504
2448058.13955 20.87462
2448059.13959 17.76251
2448060.13964 22.59006
2448061.13968 23.14865
2448062.13973 20.49211
2448063.13977 22.11854
2448064.13982 29.53138
2448065.13986 27.97086
2448066.13991 29.54668
2448067.13996 34.88120
2448068.14000 36.55919
2448069.14005 31.96734
2448070.14009 35.00468
2448071.14014 40.26984
2448072.14018 39.66191
2448073.14023 40.79140
2448074.14028 42.89680
2448075.14032 37.36414
2448076.14037 35.55383
2448077.14041 32.98905
2448078.14046 33.58058
2448079.14050 42.97902
2448080.14055 41.19751
2448081.14060 39.91033
2448082.14064 40.46126
2448083.14069 34.31046
2448084.14073 31.19445
2448085.14078 30.89526
2448086.14082 33.45534
2448087.14087 30.20631
2448088.14091 29.38177
2448089.14096 26.54029
2448090.14101 30.10540
2448091.14105 25.50266
2448092.14110 26.65932
2448093.14114 22.56260
2448094.14119 19.60520
2448095.14123 22.00543
2448096.14128 16.77105
2448097.14133 17.25912
2448098.14137 14.96423
2448099.14142 18.52522
2448100.14146 17.89825
2448101.14151 14.72868
2448288.15004 22.73408
2448289.15009 19.93868
2448290.15013 23.46836
2448291.15018 14.56729
2448292.15022 16.30687
2448293.15027 13.76985
2448294.15031 13.06450
2448295.15036 14.14998
2448296.15041 11.82971
2448297.15045 14.87869
2448298.15050 10.33562
2448299.15054 11.99366
2448300.15059 14.99758
2448301.15063 11.94178
2448302.15068 12.35900
2448303.15073 12.06559
2448304.15077 15.30485
2448305.15082 16.69296
2448306.15086 18.73298
2448307.15091 17.39076
2448308.15095 15.90520
2448309.15100 22.13861
2448310.15104 23.47342
2448311.15109 24.01585
2448312.15114 22.65678
2448313.15118 30.54285
2448314.15123 28.95092
2448315.15127 28.55103
2448316.15132 31.97078
2448317.15136 27.95396
2448318.15141 32.09223
2448319.15146 35.31613
2448320.15150 30.88681
2448321.15155 37.84120
2448322.15159 31.54426
2448323.15164 39.74714
2448324.15168 31.80681
2448325.15173 33.36651
2448326.15178 31.09032
2448327.15182 31.34224
2448328.15187 35.77035
2448329.15191 35.89112
2448330.15196 33.28033
2448331.15200 29.07627
2448332.15205 24.50688
2448333.15209 24.52742
2448334.15214 21.62165
2448335.15219 22.23385
2448336.15223 20.81153
2448337.15228 23.26881
2448338.15232 21.55596
2448339.15237 17.53421
2448340.15241 12.48867
2448341.15246 13.81350
2448342.15251 14.88118
2448343.15255 13.29615
2448344.15260 12.49005
2448345.15264 10.21651
2448346.15269 11.39289
2448347.15273 8.98910
2448348.15278 10.71576
2448349.15282 9.90317
2448350.15287 13.31606
2448351.15292 10.28819
2448352.15296 10.92626
2448353.15301 12.97486
2448354.15305 16.28177
2448355.15310 13.22335
2448356.15314 13.06006
2448357.15319 16.61618
2448358.15324 20.54851
2448359.15328 19.80801
2448360.15333 23.50881
2448361.15337 20.05921
2448362.15342 24.80103
2448363.15346 27.25566
2448364.15351 29.14918
2448365.15355 25.62097
2448366.15360 20.14485
2448367.15365 32.18572
2448368.15369 31.48471
2448369.15374 33.20634
2448370.15378 25.51040
2448371.15383 29.59507
2448372.15387 35.75970
2448373.15392 30.33285
2448374.15397 31.54194
2448375.15401 31.82146
2448376.15406 29.89364
2448377.15410 30.86665
2448378.15415 25.84017
2448379.15419 26.76203
2448380.15424 29.23323
2448381.15428 23.14972
2448382.15433 26.93338
2448383.15438 23.10236
2448384.15442 18.59722
2448385.15447 22.05856
2448386.15451 18.17922
2448387.15456 18.68194
2448388.15460 15.83247
2448389.15465 15.36581
2448390.15470 12.53815
2448391.15474 11.23468
2448392.15479 9.98632
2448393.15483 10.45816
2448394.15488 10.22833
2448395.15492 9.93744
2448396.15497 9.29944
2448397.15502 9.03655
2448398.15506 9.29488
2448399.15511 9.56741
2448400.15515 9.33092
2448401.15520 11.93759
2448402.15524 12.38735
2448403.15529 10.88867
2448404.15533 13.11158
2448405.15538 16.02010
2448406.15543 16.70529
2448407.15547 16.46161
2448408.15552 15.64726
2448409.15556 19.49919
2448410.15561 19.70348
2448411.15565 20.29349
2448412.15570 21.31999
2448413.15575 23.37082
2448414.15579 30.72535
2448415.15584 26.70314
2448416.15588 26.61897
2448417.15593 33.04407
2448418.15597 34.40856
2448419.15602 30.90286
2448420.15606 28.79671
2448421.15611 29.66567
2448422.15616 34.27111
2448423.15620 31.00867
2448424.15625 28.28459
2448425.15629 32.77154
2448426.15634 35.83884
2448427.15638 32.42478
2448428.15643 21.30152
2448429.15648 25.64570
2448430.15652 25.26338
2448431.15657 23.34816
2448432.15661 20.71807
2448433.15666 21.35684
2448434.15670 20.64965
2448435.15675 18.94681
2448436.15679 15.05983
2448437.15684 14.98861
2448438.15689 15.40470
2448439.15693 11.35346
2448440.15698 12.20990
2448441.15702 10.72036
2448442.15707 10.68101
2448443.15711 8.01097
2448444.15716 8.10952
2448445.15721 9.12405
2448446.15725 8.48971
2448447.15730 8.64434
2448448.15734 7.72206
2448449.15739 8.34109
2448450.15743 10.13808
2448451.15748 8.11881
2448452.15752 6.80900
2448453.15757 12.49925
2448454.15762 13.41301
2448455.15766 13.87286
2448456.15771 14.17174
2448457.15775 16.80533
2448458.15780 16.46028
2448459.15784 20.49909
2448460.15789 18.02945
2448461.15794 18.14785
2448462.15798 20.63667
2448463.15803 22.55090
2448464.15807 27.33931
2448465.15812 28.33146
2448466.15816 32.88571
2448467.15821 28.63031
2448653.16670 10.87940
2448654.16674 13.06301
2448655.16679 12.24873
2448656.16683 15.19849
2448657.16688 13.29042
2448658.16693 15.91864
2448659.16697 15.32562
2448660.16702 17.01510
2448661.16706 23.28768
2448662.16711 23.70722
2448663.16715 22.71747
2448664.16720 23.10124
2448665.16724 22.45961
2448666.16729 24.13807
2448667.16734 28.26740
2448668.16738 24.04875
2448669.16743 24.84067
2448670.16747 24.73447
2448671.16752 22.85285
2448672.16756 25.73858
2448673.16761 20.89933
2448674.16766 22.82000
2448675.16770 23.44953
2448676.16775 19.24307
2448677.16779 21.35082
2448678.16784 15.30987
2448679.16788 17.50746
2448680.16793 14.37216
2448681.16797 10.59810
2448682.16802 10.21928
2448683.16807 10.93175
2448684.16811 8.25667
2448685.16816 8.61569
2448686.16820 5.62557
2448687.16825 4.75308
2448688.16829 3.36961
2448689.16834 3.70429
2448690.16839 2.65116
2448691.16843 2.08000
2448692.16848 2.13990
2448693.16852 2.10269
2448694.16857 1.83202
2448695.16861 2.08031
2448696.16866 3.25233
2448697.16870 3.60091
2448698.16875 4.81665
2448699.16880 5.86988
2448700.16884 6.50839
2448701.16889 8.45318
2448702.16893 10.96385
2448703.16898 10.32965
2448704.16902 13.53190
2448705.16907 11.80164
2448706.16912 11.37125
2448707.16916 16.75987
2448708.16921 14.94203
2448709.16925 18.01501
2448710.16930 20.12369
2448711.16934 20.84334
2448712.16939 23.33567
2448713.16944 19.90024
2448714.16948 22.32094
2448715.16953 23.52670
2448716.16957 23.97233
2448717.16962 20.88846
2448718.16966 23.69123
2448719.16971 23.39542
2448720.16975 21.44954
2448721.16980 24.35736
2448722.16985 20.53256
2448723.16989 19.53357
2448724.16994 19.34872
2448725.16998 17.58035
2448726.17003 16.41875
2448727.17007 17.26912
2448728.17012 17.40709
2448729.17017 11.84293
2448730.17021 12.74579
2448731.17026 10.80360
2448732.17030 7.07304
2448733.17035 7.25736
2448734.17039 5.82008
2448735.17044 5.49515
2448736.17048 4.37601
2448737.17053 3.38769
2448738.17058 2.33762
2448739.17062 1.95683
2448740.17067 1.41217
2448741.17071 1.40406
2448742.17076 1.30540
2448743.17080 1.47237
2448744.17085 1.58196
2448745.17090 2.10576
2448746.17094 2.62260
2448747.17099 4.04229
2448748.17103 4.93254
2448749.17108 5.82987
2448750.17112 6.49927
2448751.17117 7.63558
2448752.17121 9.82387
2448753.17126 11.37372
2448754.17131 11.89563
2448755.17135 15.54114
2448756.17140 16.46582
2448757.17144 16.95977
2448758.17149 18.45558
2448759.17153 19.31239
2448760.17158 21.50176
2448761.17163 21.13477
2448762.17167 19.40932
2448763.17172 25.17372
2448764.17176 22.01753
2448765.17181 23.68032
2448766.17185 21.36559
2448767.17190 22.47920
2448768.17194 27.32932
2448769.17199 21.64933
2448770.17204 20.62063
2448771.17208 21.37796
2448772.17213 17.84064
2448773.17217 24.32933
2448774.17222 15.35036
2448775.17226 16.58697
2448776.17231 19.21797
2448777.17236 12.59060
2448778.17240 14.23376
2448779.17245 9.95686
2448780.17249 11.09592
2448781.17254 9.36900
2448782.17258 8.19170
2448783.17263 6.40654
2448784.17268 4.86090
2448785.17272 3.84294
2448786.17277 2.82262
2448787.17281 2.58433
2448788.17286 1.48005
2448789.17290 1.08653
2448790.17295 0.71916
2448791.17299 0.78123
2448792.17304 0.71867
2448793.17309 1.05137
2448794.17313 1.34759
2448795.17318 2.13081
2448796.17322 3.17475
2448797.17327 3.68794
2448798.17331 4.97685
2448799.17336 6.50555
2448800.17341 8.37754
2448801.17345 9.05523
2448802.17350 9.31508
2448803.17354 10.87945
2448804.17359 11.67084
2448805.17363 13.38641
2448806.17368 17.51372
2448807.17372 18.98862
2448808.17377 17.95076
2448809.17382 15.70030
2448810.17386 18.78117
2448811.17391 24.37443
2448812.17395 19.89675
2448813.17400 21.75144
2448814.17404 18.27138
2448815.17409 22.30981
2448816.17414 18.96671
2448817.17418 23.48986
2448818.17423 22.80817
2448819.17427 19.61664
2448820.17432 19.54801
2448821.17436 18.15517
2448822.17441 21.01387
2448823.17445 18.95031
2448824.17450 18.59509
2448825.17455 14.73005
2448826.17459 12.76691
2448827.17464 12.11132
2448828.17468 10.90902
2448829.17473 8.39436
2448830.17477 9.12900
2448831.17482 7.45675
2448832.17487 6.55431
2449018.18335 23.29740
2449019.18340 21.63668
2449020.18344 20.24062
2449021.18349 17.76549
2449022.18354 13.98600
2449023.18358 15.06465
2449024.18363 15.62331
2449025.18367 10.86172
2449026.18372 10.58961
2449027.18376 9.03649
2449028.18381 7.85699
2449029.18386 7.19206
2449030.18390 5.90784
2449031.18395 4.76496
2449032.18399 3.51107
2449033.18404 2.89833
2449034.18408 2.39925
2449035.18413 1.98051
2449036.18417 1.38638
2449037.18422 1.51383
2449038.18427 1.27389
2449039.18431 1.62830
2449040.18436 2.15011
2449041.18440 2.42184
2449042.18445 3.43415
2449043.18449 4.52003
2449044.18454 4.49543
2449045.18459 6.24068
2449046.18463 7.09046
2449047.18468 8.29833
2449048.18472 12.65044
2449049.18477 9.99008
2449050.18481 13.41988
2449051.18486 15.44003
2449052.18490 15.91335
2449053.18495 17.69026
2449054.18500 17.59135
2449055.18504 19.83829
2449056.18509 21.58517
2449057.18513 23.17401
2449058.18518 23.66179
2449059.18522 25.11782
2449060.18527 22.30351
2449061.18532 26.44769
2449062.18536 24.79654
2449063.18541 23.76089
2449064.18545 27.93298
2449065.18550 26.16016
2449066.18554 20.41494
2449067.18559 20.56079
2449068.18563 20.59326
2449069.18568 22.02515
2449070.18573 19.58915
2449071.18577 18.10114
2449072.18582 19.35512
2449073.18586 14.14630
2449074.18591 15.68853
2449075.18595 10.63440
2449076.18600 9.85605
2449077.18605 8.51108
2449078.18609 8.31530
2449079.18614 6.42302
2449080.18618 6.68187
2449081.18623 5.26547
2449082.18627 3.65328
2449083.18632 3.41939
2449084.18636 2.76005
2449085.18641 2.54906
2449086.18646 2.39741
2449087.18650 2.00494
2449088.18655 2.39686
2449089.18659 3.02508
2449090.18664 3.85680
2449091.18668 3.67937
2449092.18673 5.77027
2449093.18678 6.03722
2449094.18682 7.10094
2449095.18687 6.93249
2449096.18691 9.15792
2449097.18696 9.26377
2449098.18700 11.50234
2449099.18705 14.05590
2449100.18710 14.09604
2449101.18714 14.25657
2449102.18719 16.67249
2449103.18723 23.40227
2449104.18728 18.11909
2449105.18732 23.18410
2449106.18737 23.64802
2449107.18741 21.81129
2449108.18746 26.03349
2449109.18751 25.94826
2449110.18755 28.16215
2449111.18760 25.16343
2449112.18764 22.88807
2449113.18769 24.79415
2449114.18773 20.69690
2449115.18778 22.79649
2449116.18783 21.87310
2449117.18787 22.31152
2449118.18792 18.96790
2449119.18796 21.60802
2449120.18801 22.33508
2449121.18805 17.59290
2449122.18810 17.93436
2449123.18814 14.14416
2449124.18819 16.42407
2449125.18824 9.72019
2449126.18828 11.46176
2449127.18833 8.11864
2449128.18837 9.01131
2449129.18842 6.53619
2449130.18846 6.50592
2449131.18851 5.43584
2449132.18856 3.99365
2449133.18860 3.89444
2449134.18865 3.25795
2449135.18869 3.32308
2449136.18874 3.27143
2449137.18878 3.67924
2449138.18883 3.71421
2449139.18887 4.15955
2449140.18892 4.37712
2449141.18897 5.80592
2449142.18901 5.66577
2449143.18906 7.01844
2449144.18910 9.09953
2449145.18915 11.57763
2449146.18919 12.49743
2449147.18924 12.59032
2449148.18929 14.88858
2449149.18933 15.48924
2449150.18938 17.91412
2449151.18942 19.62705
2449152.18947 22.06350
2449153.18951 17.93701
2449154.18956 21.44858
2449155.18960 25.13899
2449156.18965 23.53328
2449157.18970 26.94088
2449158.18974 26.70089
2449159.18979 27.12059
2449160.18983 25.43893
2449161.18988 26.61260
2449162.18992 29.11606
2449163.18997 23.00734
2449164.19002 24.55883
2449165.19006 27.80959
2449166.19011 25.30391
2449167.19015 17.24810
2449168.19020 23.30911
2449169.19024 19.57534
2449170.19029 17.18587
2449171.19033 14.39040
2449172.19038 14.91488
2449173.19043 13.23994
2449174.19047 12.60392
2449175.19052 14.58359
2449176.19056 10.09498
2449177.19061 8.54924
2449178.19065 7.09992
2449179.19070 7.38358
2449180.19075 6.69838
2449181.19079 5.45545
2449182.19084 4.65252
2449183.19088 5.23436
2449184.19093 3.85215
2449185.19097 4.44481
2449186.19102 4.83784
2449187.19107 4.19808
2449188.19111 5.02813
2449189.19116 5.54205
2449190.19120 6.49982
2449191.19125 7.53761
2449192.19129 10.43300
2449193.19134 9.30369
2449194.19138 11.04891
2449195.19143 14.09220
2449196.19148 16.61109
2449197.19152 14.67280
2449383.20001 9.44549
2449384.20005 10.41140
2449385.20010 10.79350
2449386.20015 10.26404
2449387.20019 11.94604
2449388.20024 15.02629
2449389.20028 15.60587
2449390.20033 13.38622
2449391.20037 16.51365
2449392.20042 19.17705
2449393.20047 21.02930
2449394.20051 19.59594
2449395.20056 24.28266
2449396.20060 28.78697
2449397.20065 24.61528
2449398.20069 22.89212
2449399.20074 31.85551
2449400.20078 26.87230
2449401.20083 31.59867
2449402.20088 31.27630
2449403.20092 32.10755
2449404.20097 35.41735
2449405.20101 35.88779
2449406.20106 33.77438
2449407.20110 34.31495
2449408.20115 31.65045
2449409.20120 31.34889
2449410.20124 33.92245
2449411.20129 30.74336
2449412.20133 32.11544
2449413.20138 24.22976
2449414.20142 27.22696
2449415.20147 21.55208
2449416.20152 22.45667
2449417.20156 26.38222
2449418.20161 20.80259
2449419.20165 23.06199
2449420.20170 21.74054
2449421.20174 21.81562
2449422.20179 19.26894
2449423.20183 15.63872
2449424.20188 15.10242
2449425.20193 16.04517
2449426.20197 12.31216
2449427.20202 12.79381
2449428.20206 13.44709
2449429.20211 10.87723
2449430.20215 11.06213
2449431.20220 12.31468
2449432.20225 11.80029
2449433.20229 11.13109
2449434.20234 11.13799
2449435.20238 10.64726
2449436.20243 11.75965
2449437.20247 13.17560
2449438.20252 15.19121
2449439.20256 16.30540
2449440.20261 17.11671
2449441.20266 17.16375
2449442.20270 19.22039
2449443.20275 24.56085
2449444.20279 21.03901
2449445.20284 25.14604
2449446.20288 20.71300
2449447.20293 25.76424
2449448.20298 29.71528
2449449.20302 32.97240
2449450.20307 33.68687
2449451.20311 30.89827
2449452.20316 29.03426
2449453.20320 34.74344
2449454.20325 32.69355
2449455.20329 32.30492
2449456.20334 30.89641
2449457.20339 31.73762
2449458.20343 35.76724
2449459.20348 32.80704
2449460.20352 28.76533
2449461.20357 32.99732
2449462.20361 34.59382
2449463.20366 31.61184
2449464.20371 30.18281
2449465.20375 27.74361
2449466.20380 32.99670
2449467.20384 27.21587
2449468.20389 21.89233
2449469.20393 16.85699
2449470.20398 20.07308
2449471.20402 18.10444
2449472.20407 17.00105
2449473.20412 16.62870
2449474.20416 16.64140
2449475.20421 14.42958
2449476.20425 16.73469
2449477.20430 10.71935
2449478.20434 11.29805
2449479.20439 13.03757
2449480.20444 12.66067
2449481.20448 12.09000
2449482.20453 11.75420
2449483.20457 14.43640
2449484.20462 11.86350
2449485.20466 13.90418
2449486.20471 15.72664
2449487.20475 17.02949
2449488.20480 17.92421
2449489.20485 19.29681
2449490.20489 18.02805
2449491.20494 19.56299
2449492.20498 22.17992
2449493.20503 23.10738
2449494.20507 30.02468
2449495.20512 20.17099
2449496.20517 23.28796
2449497.20521 37.17132
2449498.20526 35.31423
2449499.20530 27.58946
2449500.20535 31.84102
2449501.20539 33.46298
2449502.20544 41.65953
2449503.20549 38.66073
2449504.20553 35.95602
2449505.20558 35.20639
2449506.20562 36.86257
2449507.20567 38.06361
2449508.20571 34.80360
2449509.20576 36.84525
2449510.20580 34.71210
2449511.20585 31.17183
2449512.20590 29.68416
2449513.20594 26.47559
2449514.20599 29.86284
2449515.20603 31.21522
2449516.20608 26.28464
2449517.20612 28.12774
2449518.20617 21.21515
2449519.20622 19.10792
2449520.20626 22.14005
2449521.20631 19.06817
2449522.20635 20.04521
2449523.20640 16.31994
2449524.20644 14.66795
2449525.20649 12.59554
2449526.20653 17.41259
2449527.20658 13.37071
2449528.20663 15.23371
2449529.20667 14.35053
2449530.20672 14.39017
2449531.20676 14.98262
2449532.20681 11.34443
2449533.20685 15.01357
2449534.20690 15.55033
2449535.20695 17.03671
2449536.20699 14.84653
2449537.20704 17.11246
2449538.20708 22.30617
2449539.20713 23.65903
2449540.20717 22.27715
2449541.20722 23.10910
2449542.20726 23.54371
2449543.20731 21.60840
2449544.20736 27.17085
2449545.20740 28.91653
2449546.20745 30.77114
2449547.20749 32.69912
2449548.20754 31.43013
2449549.20758 34.73480
2449550.20763 30.75598
2449551.20768 33.74214
2449552.20772 33.87135
2449553.20777 30.83878
2449554.20781 36.38955
2449555.20786 39.99584
2449556.20790 39.58811
2449557.20795 37.40068
2449558.20799 35.57680
2449559.20804 33.13562
2449560.20809 35.14400
2449561.20813 29.22636
2449562.20818 33.58038
2449749.21671 37.97124
2449750.21676 39.93298
2449751.21680 36.87297
2449752.21685 43.18181
2449753.21689 41.18543
2449754.21694 31.91065
2449755.21698 40.74963
2449756.21703 34.19907
2449757.21708 38.96627
2449758.21712 39.54951
2449759.21717 41.19601
2449760.21721 33.21153
2449761.21726 33.16733
2449762.21730 30.73715
2449763.21735 26.86693
2449764.21740 27.89085
2449765.21744 24.67807
2449766.21749 24.83713
2449767.21753 20.66369
2449768.21758 23.51139
2449769.21762 21.56755
2449770.21767 19.78815
2449771.21771 19.02623
2449772.21776 20.51616
2449773.21781 18.02371
2449774.21785 17.68980
2449775.21790 17.46780
2449776.21794 15.95339
2449777.21799 12.89938
2449778.21803 19.72375
2449779.21808 18.36696
2449780.21813 19.68488
2449781.21817 20.49126
2449782.21822 19.48107
2449783.21826 18.51445
2449784.21831 17.88535
2449785.21835 22.83667
2449786.21840 26.00167
2449787.21844 18.75873
2449788.21849 26.36977
2449789.21854 27.30506
2449790.21858 36.91142
2449791.21863 35.96565
2449792.21867 36.01196
2449793.21872 25.49020
2449794.21876 38.12006
2449795.21881 39.24162
2449796.21886 32.92361
2449797.21890 41.64430
2449798.21895 35.15818
2449799.21899 36.26147
2449800.21904 40.13762
2449801.21908 35.87284
2449802.21913 34.53940
2449803.21917 40.61755
2449804.21922 37.68183
2449805.21927 33.80871
2449806.21931 40.87722
2449807.21936 31.98591
2449808.21940 31.80026
2449809.21945 35.34878
2449810.21949 32.26884
2449811.21954 31.31768
2449812.21959 30.73550
2449813.21963 28.57139
2449814.21968 31.11044
2449815.21972 32.01463
2449816.21977 18.39439
2449817.21981 25.68341
2449818.21986 22.13653
2449819.21991 20.45707
2449820.21995 15.68225
2449821.22000 21.86792
2449822.22004 15.57614
2449823.22009 19.41984
2449824.22013 16.80291
2449825.22018 17.28956
2449826.22022 13.86777
2449827.22027 14.69747
2449828.22032 20.17215
2449829.22036 18.12792
2449830.22041 22.74451
2449831.22045 20.89546
2449832.22050 18.16263
2449833.22054 26.47634
2449834.22059 24.25169
2449835.22064 29.66267
2449836.22068 24.97020
2449837.22073 28.43808
2449838.22077 26.71905
2449839.22082 27.74571
2449840.22086 31.86675
2449841.22091 40.18394
2449842.22095 34.73168
2449843.22100 37.33653
2449844.22105 41.64224
2449845.22109 35.21137
2449846.22114 44.54067
2449847.22118 39.64198
2449848.22123 39.97843
2449849.22127 36.71552
2449850.22132 40.38929
2449851.22137 42.06091
2449852.22141 44.65141
2449853.22146 45.79016
2449854.22150 31.65080
2449855.22155 40.59487
2449856.22159 37.86680
2449857.22164 42.84229
2449858.22168 32.73879
2449859.22173 34.57386
2449860.22178 32.76642
2449861.22182 30.32928
2449862.22187 25.76282
2449863.22191 22.39758
2449864.22196 25.48885
2449865.22200 28.08381
2449866.22205 22.79682
2449867.22210 20.02454
2449868.22214 17.07746
2449869.22219 21.19587
2449870.22223 17.28736
2449871.22228 18.56706
2449872.22232 16.00475
2449873.22237 18.21422
2449874.22241 19.65079
2449875.22246 15.09726
2449876.22251 15.79816
2449877.22255 17.77207
2449878.22260 18.19401
2449879.22264 17.35894
2449880.22269 20.65223
2449881.22273 18.78895
2449882.22278 21.38342
2449883.22283 19.84918
2449884.22287 23.36592
2449885.22292 26.56836
2449886.22296 26.50051
2449887.22301 28.81315
2449888.22305 28.72727
2449889.22310 32.47657
2449890.22315 29.50570
2449891.22319 35.98396
2449892.22324 34.11159
2449893.22328 36.25439
2449894.22333 45.30464
2449895.22337 32.56299
2449896.22342 40.80414
2449897.22346 39.68184
2449898.22351 38.03694
2449899.22356 39.34008
2449900.22360 41.24769
2449901.22365 37.79587
2449902.22369 47.23038
2449903.22374 40.87291
2449904.22378 34.96881
2449905.22383 38.60933
2449906.22388 31.45155
2449907.22392 33.12480
2449908.22397 37.96423
2449909.22401 30.69728
2449910.22406 23.26078
2449911.22410 25.17965
2449912.22415 27.23509
2449913.22419 28.47725
2449914.22424 24.22973
2449915.22429 21.98567
2449916.22433 22.28314
2449917.22438 19.17835
2449918.22442 19.56914
2449919.22447 19.64212
2449920.22451 19.98714
2449921.22456 18.38838
2449922.22461 17.08759
2449923.22465 15.39871
2449924.22470 16.22994
2449925.22474 17.09661
2449926.22479 16.51852
2449927.22483 17.90691
2449928.22488 15.39388
2450114.23337 15.62530
2450115.23341 17.36876
2450116.23346 16.12587
2450117.23350 14.99846
2450118.23355 14.12841
2450119.23359 13.60893
2450120.23364 12.44781
2450121.23369 14.24868
2450122.23373 14.52811
2450123.23378 13.88389
2450124.23382 13.09536
2450125.23387 15.68562
2450126.23391 15.45359
2450127.23396 16.81101
2450128.23401 20.65812
2450129.23405 18.50828
2450130.23410 16.28775
2450131.23414 24.27454
2450132.23419 25.25258
2450133.23423 23.36769
2450134.23428 27.13099
2450135.23433 25.13917
2450136.23437 27.31803
2450137.23442 28.21229
2450138.23446 32.82099
2450139.23451 34.65547
2450140.23455 34.86451
2450141.23460 30.41179
2450142.23464 33.85965
2450143.23469 34.18258
2450144.23474 29.19963
2450145.23478 37.45752
2450146.23483 29.02470
2450147.23487 33.82507
2450148.23492 37.43684
2450149.23496 33.59917
2450150.23501 30.26705
2450151.23506 30.49361
2450152.23510 35.52391
2450153.23515 27.80152
2450154.23519 22.62213
2450155.23524 29.31817
2450156.23528 23.29358
2450157.23533 22.73086
2450158.23537 23.42511
2450159.23542 19.11987
2450160.23547 19.10709
2450161.23551 15.07884
2450162.23556 15.62049
2450163.23560 15.43985
2450164.23565 15.65078
2450165.23569 12.76165
2450166.23574 14.06098
2450167.23579 13.24747
2450168.23583 10.75469
2450169.23588 11.94358
2450170.23592 12.43057
2450171.23597 10.09891
2450172.23601 12.12026
2450173.23606 11.03500
2450174.23610 14.30992
2450175.23615 15.65639
2450176.23620 18.13009
2450177.23624 14.58692
2450178.23629 16.24420
2450179.23633 16.36397
2450180.23638 17.85850
2450181.23642 22.80388
2450182.23647 21.08815
2450183.23652 24.78823
2450184.23656 28.19034
2450185.23661 27.34517
2450186.23665 25.64988
2450187.23670 32.92816
2450188.23674 31.83326
2450189.23679 28.41747
2450190.23683 25.79889
2450191.23688 30.37913
2450192.23693 29.05850
2450193.23697 29.39688
2450194.23702 35.70244
2450195.23706 35.31588
2450196.23711 33.25803
2450197.23715 31.52716
2450198.23720 29.81771
2450199.23725 36.74207
2450200.23729 26.11634
2450201.23734 23.63073
2450202.23738 30.45251
2450203.23743 24.81692
2450204.23747 27.06481
2450205.23752 27.48098
2450206.23757 22.30442
2450207.23761 21.83301
2450208.23766 19.44785
2450209.23770 18.84561
2450210.23775 20.79547
2450211.23779 18.18371
2450212.23784 14.80728
2450213.23788 14.90598
2450214.23793 13.30009
2450215.23798 13.75712
2450216.23802 11.67410
2450217.23807 11.09317
2450218.23811 13.32232
2450219.23816 10.91357
2450220.23820 10.71038
2450221.23825 11.37459
2450222.23830 12.29521
2450223.23834 11.34413
2450224.23839 10.68952
2450225.23843 12.80570
2450226.23848 13.53058
2450227.23852 15.12894
2450228.23857 15.06026
2450229.23861 19.65434
2450230.23866 21.11414
2450231.23871 19.08609
2450232.23875 22.45304
2450233.23880 21.24496
2450234.23884 27.40807
2450235.23889 25.64837
2450236.23893 29.72000
2450237.23898 32.36928
2450238.23903 28.17076
2450239.23907 32.71532
2450240.23912 28.45747
2450241.23916 34.00013
2450242.23921 33.53675
2450243.23925 34.94222
2450244.23930 36.21720
2450245.23934 35.30702
2450246.23939 33.69967
2450247.23944 30.53879
2450248.23948 29.52619
2450249.23953 30.80805
2450250.23957 30.41758
2450251.23962 32.87646
2450252.23966 28.50091
2450253.23971 24.39557
2450254.23976 24.61923
2450255.23980 20.76502
2450256.23985 22.51937
2450257.23989 19.65200
2450258.23994 16.88053
2450259.23998 15.28824
2450260.24003 15.75580
2450261.24007 15.85120
2450262.24012 14.64014
2450263.24017 11.34852
2450264.24021 10.24200
2450265.24026 10.56197
2450266.24030 9.35488
2450267.24035 9.26816
2450268.24039 9.38508
2450269.24044 8.98053
2450270.24049 7.03889
2450271.24053 9.72276
2450272.24058 10.23120
2450273.24062 10.36880
2450274.24067 11.00158
2450275.24071 10.93145
2450276.24076 11.31337
2450277.24080 15.57904
2450278.24085 15.34072
2450279.24090 18.60468
2450280.24094 19.34069
2450281.24099 22.76480
2450282.24103 22.09696
2450283.24108 22.89029
2450284.24112 28.77396
2450285.24117 23.67975
2450286.24122 23.22912
2450287.24126 25.76617
2450288.24131 34.03567
2450289.24135 24.54315
2450290.24140 30.15462
2450291.24144 30.11114
2450292.24149 32.87668
2450293.24154 32.58770
2450479.25002 15.51368
2450480.25007 17.44097
2450481.25011 21.55790
2450482.25016 19.79856
2450483.25021 22.21720
2450484.25025 25.92714
2450485.25030 23.11017
2450486.25034 27.23642
2450487.25039 25.04780
2450488.25043 26.32211
2450489.25048 27.66856
2450490.25052 26.77786
2450491.25057 18.41684
2450492.25062 25.85075
2450493.25066 26.93939
2450494.25071 28.42410
2450495.25075 21.38011
2450496.25080 25.49840
2450497.25084 24.32563
2450498.25089 20.97763
2450499.25094 20.01666
2450500.25098 18.43196
2450501.25103 18.24386
2450502.25107 15.90643
2450503.25112 12.83291
2450504.25116 12.76763
2450505.25121 12.22031
2450506.25125 7.24170
2450507.25130 8.09429
2450508.25135 6.53089
2450509.25139 6.76530
2450510.25144 5.33848
2450511.25148 4.07751
2450512.25153 3.38208
2450513.25157 3.22363
2450514.25162 2.90043
2450515.25167 2.72328
2450516.25171 3.24623
2450517.25176 3.20902
2450518.25180 3.45001
2450519.25185 3.44252
2450520.25189 5.12189
2450521.25194 6.76264
2450522.25199 7.13130
2450523.25203 6.86267
2450524.25208 10.64114
2450525.25212 10.10777
2450526.25217 12.43861
2450527.25221 11.72229
2450528.25226 10.94501
2450529.25230 17.24470
2450530.25235 18.83429
2450531.25240 19.90198
2450532.25244 21.23944
2450533.25249 24.41687
2450534.25253 24.38924
2450535.25258 25.09744
2450536.25262 18.69132
2450537.25267 27.89572
2450538.25272 26.00842
2450539.25276 23.06345
2450540.25281 25.70341
2450541.25285 25.92946
2450542.25290 22.05904
2450543.25294 26.86930
2450544.25299 20.81678
2450545.25303 19.12393
2450546.25308 19.13899
2450547.25313 24.60700
2450548.25317 18.02009
2450549.25322 15.69351
2450550.25326 14.57814
2450551.25331 13.93176
2450552.25335 13.59165
2450553.25340 11.56136
2450554.25345 11.26687
2450555.25349 9.68028
2450556.25354 7.26999
2450557.25358 6.86249
2450558.25363 4.53883
2450559.25367 4.42109
2450560.25372 3.44489
2450561.25376 2.42937
2450562.25381 2.10057
2450563.25386 2.08067
2450564.25390 1.93635
2450565.25395 2.00140
2450566.25399 1.78712
2450567.25404 2.80614
2450568.25408 2.89319
2450569.25413 3.87930
2450570.25418 5.18519
2450571.25422 4.41791
2450572.25427 6.58445
2450573.25431 8.95119
2450574.25436 7.07782
2450575.25440 10.97477
2450576.25445 12.22833
2450577.25449 12.72970
2450578.25454 16.17019
2450579.25459 19.64373
2450580.25463 17.19011
2450581.25468 20.68970
2450582.25472 18.83060
2450583.25477 25.20320
2450584.25481 22.57815
2450585.25486 23.59546
2450586.25491 24.33110
2450587.25495 26.78904
2450588.25500 26.08625
2450589.25504 20.24348
2450590.25509 25.15894
2450591.25513 21.69360
2450592.25518 26.57456
2450593.25522 23.44399
2450594.25527 20.81806
2450595.25532 21.64427
2450596.25536 21.09166
2450597.25541 14.69954
2450598.25545 15.76780
2450599.25550 15.46667
2450600.25554 15.34357
2450601.25559 14.54206
2450602.25564 12.80630
2450603.25568 9.41245
2450604.25573 7.65513
2450605.25577 6.19595
2450606.25582 6.05627
2450607.25586 4.69655
2450608.25591 3.67078
2450609.25596 2.86867
2450610.25600 2.34812
2450611.25605 1.65808
2450612.25609 1.29294
2450613.25614 0.92576
2450614.25618 0.96767
2450615.25623 1.13557
2450616.25627 1.82079
2450617.25632 2.54377
2450618.25637 2.99260
2450619.25641 3.27786
2450620.25646 5.67239
2450621.25650 5.96307
2450622.25655 7.32996
2450623.25659 7.04000
2450624.25664 9.57727
2450625.25669 11.80582
2450626.25673 15.40243
2450627.25678 17.65527
2450628.25682 14.34100
2450629.25687 18.74329
2450630.25691 16.08790
2450631.25696 20.93740
2450632.25700 19.97916
2450633.25705 21.30214
2450634.25710 22.62845
2450635.25714 22.27766
2450636.25719 22.99655
2450637.25723 19.84220
2450638.25728 27.99150
2450639.25732 24.25198
2450640.25737 21.54140
2450641.25742 27.00519
2450642.25746 21.57516
2450643.25751 22.20971
2450644.25755 22.44533
2450645.25760 18.98353
2450646.25764 14.76918
2450647.25769 16.73150
2450648.25773 19.05551
2450649.25778 15.07781
2450650.25783 12.28492
2450651.25787 11.76809
2450652.25792 8.80565
2450653.25796 7.51774
2450654.25801 8.43031
2450655.25805 5.48056
2450656.25810 4.40208
2450657.25815 3.28702
2450658.25819 2.69538
2450844.26668 15.06443
2450845.26672 18.91002
2450846.26677 13.06030
2450847.26682 14.54503
2450848.26686 12.36592
2450849.26691 10.69043
2450850.26695 9.05033
2450851.26700 7.23087
2450852.26704 5.64828
2450853.26709 4.83051
2450854.26714 3.75882
2450855.26718 2.15570
2450856.26723 1.88055
2450857.26727 1.40857
2450858.26732 0.75150
2450859.26736 0.62633
2450860.26741 0.78531
2450861.26745 1.02371
2450862.26750 1.25713
2450863.26755 1.63841
2450864.26759 2.43533
2450865.26764 3.01792
2450866.26768 4.30403
2450867.26773 4.94279
2450868.26777 6.38445
2450869.26782 7.35531
2450870.26787 10.40822
2450871.26791 12.34640
2450872.26796 11.90388
2450873.26800 11.87118
2450874.26805 12.58980
2450875.26809 16.20036
2450876.26814 18.96985
2450877.26818 20.56827
2450878.26823 17.24959
2450879.26828 21.40057
2450880.26832 22.37943
2450881.26837 29.52724
2450882.26841 22.39998
2450883.26846 25.36590
2450884.26850 19.06397
2450885.26855 21.68876
2450886.26860 23.33522
2450887.26864 25.17797
2450888.26869 24.89993
2450889.26873 20.22989
2450890.26878 25.22730
2450891.26882 18.89291
2450892.26887 21.73554
2450893.26891 16.00753
2450894.26896 17.88967
2450895.26901 13.78546
2450896.26905 12.24967
2450897.26910 14.04401
2450898.26914 10.88227
2450899.26919 8.72988
2450900.26923 8.61174
2450901.26928 6.07341
2450902.26933 5.07404
2450903.26937 4.33064
2450904.26942 3.23727
2450905.26946 3.04052
2450906.26951 2.19044
2450907.26955 1.63316
2450908.26960 1.44359
2450909.26964 1.25649
2450910.26969 1.10187
2450911.26974 1.86423
2450912.26978 1.94275
2450913.26983 3.07145
2450914.26987 4.22165
2450915.26992 4.44390
2450916.26996 6.94051
2450917.27001 6.38618
2450918.27006 9.70797
2450919.27010 8.72637
2450920.27015 9.98631
2450921.27019 12.47030
2450922.27024 14.95346
2450923.27028 17.70604
2450924.27033 17.79092
2450925.27038 20.62327
2450926.27042 16.58279
2450927.27047 20.17791
2450928.27051 18.18325
2450929.27056 20.62071
2450930.27060 23.74256
2450931.27065 26.25542
2450932.27069 23.18012
2450933.27074 24.73321
2450934.27079 27.04335
2450935.27083 24.03793
2450936.27088 24.05941
2450937.27092 24.33208
2450938.27097 24.19521
2450939.27101 25.07348
2450940.27106 20.79801
2450941.27111 20.38933
2450942.27115 19.36832
2450943.27120 19.54047
2450944.27124 17.08679
2450945.27129 15.84878
2450946.27133 11.95928
2450947.27138 10.35710
2450948.27142 9.87264
2450949.27147 6.84968
2450950.27152 6.92797
2450951.27156 5.70625
2450952.27161 5.34033
2450953.27165 3.93358
2450954.27170 2.91535
2450955.27174 3.11374
2450956.27179 2.36982
2450957.27184 2.57202
2450958.27188 2.17722
2450959.27193 1.95478
2450960.27197 2.43162
2450961.27202 3.31915
2450962.27206 3.19881
2450963.27211 4.33422
2450964.27215 5.74502
2450965.27220 6.26827
2450966.27225 8.01405
2450967.27229 9.78799
2450968.27234 9.61379
2450969.27238 11.50767
2450970.27243 12.81889
2450971.27247 13.70410
2450972.27252 17.65827
2450973.27257 18.82117
2450974.27261 21.01028
2450975.27266 19.44476
2450976.27270 24.11427
2450977.27275 22.63464
2450978.27279 28.13285
2450979.27284 21.76844
2450980.27288 26.75157
2450981.27293 27.75322
2450982.27298 29.45726
2450983.27302 27.45109
2450984.27307 24.23210
2450985.27311 22.20702
2450986.27316 28.61898
2450987.27320 22.81983
2450988.27325 23.92929
2450989.27330 24.24311
2450990.27334 19.74422
2450991.27339 16.42554
2450992.27343 18.09605
2450993.27348 17.40431
2450994.27352 16.28621
2450995.27357 13.63545
2450996.27362 12.33664
2450997.27366 10.55238
2450998.27371 10.71391
2450999.27375 9.03657
2451000.27380 6.26806
2451001.27384 4.89127
2451002.27389 5.51153
2451003.27393 4.99357
2451004.27398 4.31131
2451005.27403 3.78743
2451006.27407 3.41027
2451007.27412 2.80858
2451008.27416 2.54435
2451009.27421 3.75867
2451010.27425 3.98734
2451011.27430 4.02486
2451012.27435 5.60269
2451013.27439 6.06703
2451014.27444 7.44585
2451015.27448 9.08639
2451016.27453 7.73962
2451017.27457 10.02242
2451018.27462 13.97713
2451019.27466 13.61465
2451020.27471 15.17269
2451021.27476 17.34302
2451022.27480 18.47419
2451023.27485 21.37776
2451209.28333 11.35139
2451210.28338 10.62926
2451211.28343 11.14668
2451212.28347 11.36123
2451213.28352 12.07373
2451214.28356 16.06264
2451215.28361 16.25620
2451216.28365 17.74894
2451217.28370 19.85041
2451218.28375 18.31204
2451219.28379 22.48080
2451220.28384 28.46230
2451221.28388 26.14259
2451222.28393 28.06810
2451223.28397 32.31839
2451224.28402 31.86283
2451225.28406 32.26497
2451226.28411 31.85490
2451227.28416 32.15611
2451228.28420 31.03933
2451229.28425 39.11934
2451230.28429 32.21556
2451231.28434 36.27987
2451232.28438 33.25836
2451233.28443 32.47425
2451234.28448 31.64920
2451235.28452 26.37671
2451236.28457 20.43071
2451237.28461 27.06036
2451238.28466 25.31998
2451239.28470 20.10289
2451240.28475 22.22515
2451241.28480 22.14065
2451242.28484 20.24844
2451243.28489 17.28757
2451244.28493 17.73674
2451245.28498 12.98763
2451246.28502 14.01214
2451247.28507 14.71999
2451248.28511 12.32119
2451249.28516 10.30265
2451250.28521 11.99692
2451251.28525 10.04965
2451252.28530 9.74978
2451253.28534 10.12665
2451254.28539 9.44682
2451255.28543 9.33362
2451256.28548 10.18093
2451257.28553 11.01188
2451258.28557 14.19940
2451259.28562 11.60399
2451260.28566 14.76586
2451261.28571 14.11489
2451262.28575 16.68779
2451263.28580 16.53639
2451264.28584 17.94224
2451265.28589 19.17579
2451266.28594 23.97028
2451267.28598 22.88491
2451268.28603 24.83138
2451269.28607 28.17085
2451270.28612 26.59426
2451271.28616 27.47610
2451272.28621 29.50354
2451273.28626 35.28280
2451274.28630 28.47355
2451275.28635 33.51662
2451276.28639 31.77832
2451277.28644 32.52499
2451278.28648 30.16035
2451279.28653 38.37493
2451280.28657 34.36298
2451281.28662 31.60519
2451282.28667 29.89544
2451283.28671 31.91098
2451284.28676 32.42054
2451285.28680 26.71816
2451286.28685 27.05602
2451287.28689 28.31422
2451288.28694 27.55491
2451289.28699 25.45654
2451290.28703 25.09749
2451291.28708 24.04140
2451292.28712 19.63326
2451293.28717 18.28459
2451294.28721 17.13770
2451295.28726 13.84572
2451296.28730 14.72349
2451297.28735 12.83071
2451298.28740 13.21798
2451299.28744 10.70272
2451300.28749 11.26016
2451301.28753 9.35408
2451302.28758 11.82114
2451303.28762 9.73302
2451304.28767 9.82377
2451305.28772 10.61425
2451306.28776 11.68747
2451307.28781 12.56054
2451308.28785 12.26914
2451309.28790 15.83345
2451310.28794 14.75657
2451311.28799 17.29960
2451312.28804 17.14338
2451313.28808 21.69485
2451314.28813 25.44138
2451315.28817 21.19772
2451316.28822 25.59208
2451317.28826 26.19887
2451318.28831 29.69436
2451319.28835 27.59226
2451320.28840 30.60417
2451321.28845 28.94508
2451322.28849 36.45030
2451323.28854 34.61352
2451324.28858 27.62194
2451325.28863 35.22882
2451326.28867 34.18302
2451327.28872 30.74334
2451328.28877 40.77303
2451329.28881 33.29956
2451330.28886 35.03131
2451331.28890 29.07295
2451332.28895 34.44000
2451333.28899 31.66355
2451334.28904 33.88919
2451335.28908 34.53712
2451336.28913 34.28556
2451337.28918 23.40196
2451338.28922 31.63490
2451339.28927 20.28897
2451340.28931 20.78391
2451341.28936 23.66520
2451342.28940 21.71345
2451343.28945 19.67201
2451344.28950 17.59135
2451345.28954 15.28091
2451346.28959 16.15055
2451347.28963 15.46710
2451348.28968 14.02686
2451349.28972 13.53634
2451350.28977 12.33373
2451351.28981 13.78054
2451352.28986 13.09205
2451353.28991 12.20661
2451354.28995 12.36522
2451355.29000 14.48683
2451356.29004 14.81028
2451357.29009 13.60764
2451358.29013 13.20802
2451359.29018 15.97093
2451360.29023 18.81800
2451361.29027 17.24055
2451362.29032 17.78939
2451363.29036 22.73174
2451364.29041 24.70141
2451365.29045 30.01408
2451366.29050 27.83233
2451367.29054 29.77742
2451368.29059 33.72049
2451369.29064 20.46497
2451370.29068 29.28493
2451371.29073 31.82562
2451372.29077 36.77692
2451373.29082 35.59200
2451374.29086 34.42273
2451375.29091 30.57599
2451376.29096 36.61668
2451377.29100 29.84965
2451378.29105 37.95506
2451379.29109 34.96418
2451380.29114 30.93360
2451381.29118 28.06345
2451382.29123 32.34489
2451383.29127 36.77417
2451384.29132 28.25016
2451385.29137 26.98010
2451386.29141 27.25857
2451387.29146 29.03581
2451388.29150 27.29071
2451575.30004 38.37080
2451576.30008 39.96816
2451577.30013 37.87395
2451578.30017 35.37738
2451579.30022 34.74278
2451580.30026 32.81443
2451581.30031 27.56085
2451582.30036 32.78852
2451583.30040 30.40987
2451584.30045 27.91098
2451585.30049 29.48095
2451586.30054 23.14428
2451587.30058 27.23615
2451588.30063 21.87044
2451589.30068 20.93569
2451590.30072 23.69211
2451591.30077 22.68954
2451592.30081 20.45893
2451593.30086 20.37537
2451594.30090 18.51379
2451595.30095 19.81479
2451596.30099 16.92353
2451597.30104 15.21095
2451598.30109 15.16733
2451599.30113 15.75758
2451600.30118 15.84254
2451601.30122 17.89447
2451602.30127 16.92363
2451603.30131 17.38438
2451604.30136 19.08242
2451605.30141 19.50205
2451606.30145 21.49392
2451607.30150 26.04508
2451608.30154 27.27725
2451609.30159 25.78381
2451610.30163 27.14737
2451611.30168 30.34215
2451612.30172 25.17569
2451613.30177 26.39327
2451614.30182 32.23389
2451615.30186 37.97881
2451616.30191 28.22194
2451617.30195 42.84065
2451618.30200 37.79911
2451619.30204 37.10848
2451620.30209 32.69330
2451621.30214 36.42521
2451622.30218 42.51355
2451623.30223 41.25078
2451624.30227 36.99645
2451625.30232 43.47356
2451626.30236 42.78208
2451627.30241 40.12108
2451628.30246 37.69821
2451629.30250 35.44960
2451630.30255 35.78217
2451631.30259 38.54367
2451632.30264 38.76804
2451633.30268 32.61475
2451634.30273 37.74537
2451635.30277 29.65017
2451636.30282 34.10905
2451637.30287 25.01230
2451638.30291 27.76710
2451639.30296 23.26483
2451640.30300 23.31635
2451641.30305 21.31427
2451642.30309 17.15692
2451643.30314 20.58144
2451644.30319 17.76388
2451645.30323 19.24614
2451646.30328 14.55980
2451647.30332 16.08416
2451648.30337 16.34902
2451649.30341 17.73318
2451650.30346 16.47023
2451651.30350 13.41225
2451652.30355 18.48895
2451653.30360 18.52236
2451654.30364 16.11288
2451655.30369 22.23412
2451656.30373 24.55405
2451657.30378 24.78305
2451658.30382 25.63772
2451659.30387 27.79342
2451660.30392 30.39038
2451661.30396 34.61667
2451662.30401 36.00869
2451663.30405 33.06984
2451664.30410 35.21538
2451665.30414 35.58890
2451666.30419 39.52117
2451667.30423 33.46971
2451668.30428 37.68483
2451669.30433 37.31550
2451670.30437 35.25763
2451671.30442 35.93472
2451672.30446 33.68360
2451673.30451 43.95638
2451674.30455 47.01155
2451675.30460 46.09955
2451676.30465 41.78967
2451677.30469 38.27348
2451678.30474 34.15744
2451679.30478 36.12575
2451680.30483 34.52505
2451681.30487 27.97639
2451682.30492 29.89692
2451683.30496 31.27080
2451684.30501 23.58262
2451685.30506 27.78819
2451686.30510 20.22699
2451687.30515 21.79628
2451688.30519 19.62465
2451689.30524 18.96504
2451690.30528 16.27848
2451691.30533 21.50267
2451692.30538 21.15997
2451693.30542 14.18912
2451694.30547 16.55613
2451695.30551 19.03226
2451696.30556 16.43667
2451697.30560 18.42290
2451698.30565 17.88966
2451699.30569 20.53121
2451700.30574 20.54366
2451701.30579 18.19600
2451702.30583 22.28307
2451703.30588 21.41692
2451704.30592 19.70660
2451705.30597 22.38168
2451706.30601 21.54670
2451707.30606 29.55679
2451708.30611 26.13116
2451709.30615 24.40860
2451710.30620 31.90658
2451711.30624 33.10171
2451712.30629 39.01131
2451713.30633 36.57541
2451714.30638 32.34525
2451715.30643 38.83372
2451716.30647 37.21775
2451717.30652 35.25689
2451718.30656 41.72791
2451719.30661 41.12614
2451720.30665 39.27917
2451721.30670 38.47420
2451722.30674 31.73946
2451723.30679 47.87286
2451724.30684 39.30220
2451725.30688 38.63952
2451726.30693 37.27506
2451727.30697 34.86338
2451728.30702 41.22001
2451729.30706 30.05236
2451730.30711 33.52900
2451731.30716 34.79273
2451732.30720 35.39079
2451733.30725 30.67257
2451734.30729 26.76868
2451735.30734 28.77416
2451736.30738 25.36702
2451737.30743 22.24704
2451738.30747 23.59438
2451739.30752 22.56481
2451740.30757 18.82352
2451741.30761 16.79766
2451742.30766 16.50865
2451743.30770 15.84637
2451744.30775 13.68924
2451745.30779 14.75880
2451746.30784 18.77852
2451747.30789 15.69686
2451748.30793 17.05182
2451749.30798 17.62046
2451750.30802 16.91657
2451751.30807 20.15807
2451752.30811 20.43481
2451753.30816 19.66867
2451754.30820 25.15838
2451940.31669 14.70863
2451941.31674 12.81008
2451942.31678 17.19545
2451943.31683 15.42694
2451944.31688 13.53462
2451945.31692 16.45984
2451946.31697 13.13736
2451947.31701 11.43822
2451948.31706 13.05619
2451949.31710 17.33185
2451950.31715 17.29907
2451951.31719 19.57669
2451952.31724 21.50185
2451953.31729 23.35680
2451954.31733 23.07319
2451955.31738 20.48646
2451956.31742 25.81768
2451957.31747 27.21156
2451958.31751 30.36421
2451959.31756 34.85818
2451960.31761 30.48946
2451961.31765 30.59073
2451962.31770 40.21732
2451963.31774 40.43910
2451964.31779 38.43204
2451965.31783 39.51749
2451966.31788 29.42442
2451967.31792 36.34177
2451968.31797 30.74616
2451969.31802 35.03641
2451970.31806 38.05617
2451971.31811 34.95831
2451972.31815 38.12796
2451973.31820 34.04347
2451974.31824 31.63728
2451975.31829 33.28599
2451976.31834 33.58693
2451977.31838 26.41504
2451978.31843 34.01493
2451979.31847 20.69296
2451980.31852 21.30052
2451981.31856 23.45968
2451982.31861 21.15278
2451983.31865 23.00946
2451984.31870 18.25688
2451985.31875 18.83511
2451986.31879 16.74721
2451987.31884 14.08814
2451988.31888 15.90656
2451989.31893 13.20736
2451990.31897 12.52105
2451991.31902 11.75460
2451992.31907 13.56465
2451993.31911 11.65992
2451994.31916 11.12512
2451995.31920 15.81007
2451996.31925 12.43762
2451997.31929 14.23807
2451998.31934 13.17082
2451999.31938 18.21712
2452000.31943 18.82073
2452001.31948 15.67863
2452002.31952 15.29631
2452003.31957 21.17311
2452004.31961 23.90882
2452005.31966 24.64921
2452006.31970 26.64149
2452007.31975 25.12987
2452008.31980 23.99405
2452009.31984 24.24314
2452010.31989 28.02922
2452011.31993 36.66533
2452012.31998 28.65099
2452013.32002 32.04090
2452014.32007 36.73354
2452015.32011 42.20947
2452016.32016 37.54201
2452017.32021 33.38659
2452018.32025 33.18240
2452019.32030 34.49854
2452020.32034 33.66605
2452021.32039 35.41403
2452022.32043 35.72221
2452023.32048 33.82218
2452024.32053 33.25394
2452025.32057 26.08748
2452026.32062 32.70274
2452027.32066 25.35563
2452028.32071 22.92657
2452029.32075 21.89390
2452030.32080 18.06620
2452031.32085 24.05555
2452032.32089 19.06990
2452033.32094 18.79846
2452034.32098 18.37134
2452035.32103 14.77410
2452036.32107 15.89392
2452037.32112 10.36588
2452038.32116 12.38318
2452039.32121 10.95133
2452040.32126 12.21996
2452041.32130 9.65108
2452042.32135 11.65950
2452043.32139 12.26855
2452044.32144 10.38380
2452045.32148 9.66114
2452046.32153 12.64533
2452047.32158 15.59334
2452048.32162 16.91656
2452049.32167 16.84773
2452050.32171 20.68711
2452051.32176 17.44942
2452052.32180 22.37209
2452053.32185 21.20924
2452054.32189 24.57033
2452055.32194 25.03705
2452056.32199 28.43288
2452057.32203 22.79325
2452058.32208 29.34453
2452059.32212 33.03978
2452060.32217 30.59516
2452061.32221 39.03092
2452062.32226 29.39699
2452063.32231 25.30171
2452064.32235 28.60883
2452065.32240 32.11521
2452066.32244 34.09554
2452067.32249 32.02475
2452068.32253 31.64367
2452069.32258 33.04252
2452070.32262 34.50289
2452071.32267 28.14689
2452072.32272 29.38376
2452073.32276 32.55026
2452074.32281 23.19567
2452075.32285 25.97720
2452076.32290 25.18917
2452077.32294 22.99520
2452078.32299 20.01998
2452079.32304 15.85553
2452080.32308 19.21391
2452081.32313 18.67778
2452082.32317 17.71966
2452083.32322 13.72438
2452084.32326 15.61702
2452085.32331 15.16086
2452086.32335 14.23544
2452087.32340 12.33825
2452088.32345 11.49255
2452089.32349 12.42898
2452090.32354 11.52444
2452091.32358 9.26672
2452092.32363 9.76419
2452093.32367 10.35640
2452094.32372 9.65693
2452095.32377 10.08862
2452096.32381 12.31689
2452097.32386 13.57406
2452098.32390 14.05059
2452099.32395 15.03108
2452100.32399 14.40881
2452101.32404 16.92915
2452102.32409 19.09407
2452103.32413 20.49736
2452104.32418 19.20571
2452105.32422 24.42627
2452106.32427 19.77258
2452107.32431 22.63819
2452108.32436 30.69791
2452109.32440 25.43493
2452110.32445 24.41904
2452111.32450 29.90711
2452112.32454 32.13104
2452113.32459 28.74875
2452114.32463 34.88652
2452115.32468 30.96285
2452116.32472 30.87225
2452117.32477 36.66317
2452118.32482 32.08778
2452119.32486 25.73082
2452305.33335 27.81742
2452306.33339 24.45093
2452307.33344 22.58069
2452308.33349 28.15426
2452309.33353 22.78073
2452310.33358 23.36580
2452311.33362 28.51365
2452312.33367 21.73034
2452313.33371 30.04047
2452314.33376 25.62886
2452315.33380 28.10973
2452316.33385 27.92862
2452317.33390 30.09959
2452318.33394 23.95715
2452319.33399 27.60574
2452320.33403 22.61198
2452321.33408 23.11914
2452322.33412 19.36936
2452323.33417 19.15499
2452324.33422 17.50104
2452325.33426 15.42721
2452326.33431 10.36925
2452327.33435 12.65086
2452328.33440 10.80865
2452329.33444 8.77766
2452330.33449 7.20032
2452331.33454 7.97059
2452332.33458 5.60293
2452333.33463 5.04785
2452334.33467 4.05064
2452335.33472 4.74314
2452336.33476 3.85566
2452337.33481 3.48202
2452338.33485 3.43942
2452339.33490 4.00014
2452340.33495 4.26327
2452341.33499 4.33089
2452342.33504 6.20117
2452343.33508 5.16603
2452344.33513 6.72097
2452345.33517 9.21540
2452346.33522 11.21969
2452347.33527 9.33005
2452348.33531 13.29687
2452349.33536 13.95701
2452350.33540 16.95337
2452351.33545 16.45420
2452352.33549 17.69426
2452353.33554 21.20163
2452354.33558 25.01670
2452355.33563 20.91767
2452356.33568 23.03072
2452357.33572 24.60664
2452358.33577 29.10795
2452359.33581 25.05792
2452360.33586 26.68808
2452361.33590 26.74371
2452362.33595 27.59275
2452363.33600 22.22659
2452364.33604 26.99427
2452365.33609 22.31629
2452366.33613 20.03494
2452367.33618 23.93124
2452368.33622 23.02859
2452369.33627 22.79140
2452370.33631 21.37069
2452371.33636 19.28824
2452372.33641 18.97522
2452373.33645 16.56990
2452374.33650 15.98505
2452375.33654 14.49233
2452376.33659 12.81113
2452377.33663 10.34396
2452378.33668 8.48282
2452379.33673 8.50295
2452380.33677 6.37688
2452381.33682 6.05985
2452382.33686 4.00288
2452383.33691 3.70734
2452384.33695 3.50194
2452385.33700 2.65375
2452386.33704 2.50258
2452387.33709 2.31842
2452388.33714 2.77526
2452389.33718 3.51817
2452390.33723 3.62874
2452391.33727 4.05521
2452392.33732 5.76432
2452393.33736 5.08730
2452394.33741 7.93719
2452395.33746 8.66339
2452396.33750 9.27883
2452397.33755 11.64213
2452398.33759 11.76677
2452399.33764 14.82728
2452400.33768 15.54029
2452401.33773 17.17091
2452402.33777 19.75287
2452403.33782 17.18037
2452404.33787 20.62737
2452405.33791 24.38943
2452406.33796 23.90125
2452407.33800 23.89660
2452408.33805 24.64597
2452409.33809 24.28550
2452410.33814 24.96095
2452411.33819 23.36581
2452412.33823 22.91171
2452413.33828 24.53563
2452414.33832 22.31129
2452415.33837 24.97483
2452416.33841 24.43953
2452417.33846 23.54056
2452418.33851 22.36915
2452419.33855 19.58919
2452420.33860 21.02955
2452421.33864 15.85277
2452422.33869 13.67087
2452423.33873 14.43706
2452424.33878 14.19789
2452425.33882 11.73073
2452426.33887 8.65170
2452427.33892 7.39263
2452428.33896 7.17411
2452429.33901 5.35777
2452430.33905 4.41263
2452431.33910 4.79677
2452432.33914 3.21678
2452433.33919 2.30340
2452434.33924 2.01606
2452435.33928 1.78419
2452436.33933 1.77049
2452437.33937 2.21747
2452438.33942 2.43347
2452439.33946 3.43098
2452440.33951 3.49804
2452441.33955 3.70511
2452442.33960 3.98644
2452443.33965 5.76811
2452444.33969 6.77601
2452445.33974 9.84203
2452446.33978 11.60978
2452447.33983 11.21850
2452448.33987 12.37421
2452449.33992 13.27739
2452450.33997 17.30893
2452451.34001 16.13803
2452452.34006 19.74378
2452453.34010 19.18536
2452454.34015 22.10993
2452455.34019 20.95774
2452456.34024 17.44890
2452457.34028 25.22423
2452458.34033 22.63201
2452459.34038 24.07785
2452460.34042 24.85393
2452461.34047 28.32611
2452462.34051 27.13914
2452463.34056 21.53044
2452464.34060 22.21667
2452465.34065 21.69495
2452466.34070 18.20294
2452467.34074 19.67517
2452468.34079 17.65224
2452469.34083 15.43284
2452470.34088 15.51738
2452471.34092 13.12296
2452472.34097 14.18724
2452473.34101 11.55057
2452474.34106 10.96461
2452475.34111 9.29329
2452476.34115 9.23949
2452477.34120 5.23579
2452478.34124 4.96651
2452479.34129 4.76924
2452480.34133 2.54844
2452481.34138 2.42272
2452482.34143 1.61686
2452483.34147 1.36478
2452484.34152 1.13927
2452670.35000 12.42915
2452671.35005 9.90293
2452672.35010 7.76059
2452673.35014 4.67196
2452674.35019 5.65227
2452675.35023 4.42028
2452676.35028 3.81603
2452677.35032 2.49636
2452678.35037 1.68931
2452679.35042 1.06062
2452680.35046 0.61525
2452681.35051 0.36231
2452682.35055 0.24531
2452683.35060 0.32227
2452684.35064 0.69856
2452685.35069 1.12502
2452686.35073 1.78868
2452687.35078 3.24042
2452688.35083 4.21229
2452689.35087 4.07053
2452690.35092 6.14100
2452691.35096 6.42264
2452692.35101 8.26247
2452693.35105 11.03399
2452694.35110 11.51437
2452695.35115 13.71749
2452696.35119 12.33109
2452697.35124 16.19099
2452698.35128 15.47911
2452699.35133 17.49866
2452700.35137 19.26116
2452701.35142 23.25447
2452702.35146 23.21982
2452703.35151 20.00800
2452704.35156 24.31435
2452705.35160 26.58239
2452706.35165 21.29293
2452707.35169 27.54677
2452708.35174 24.18398
2452709.35178 24.43710
2452710.35183 21.48065
2452711.35188 17.25388
2452712.35192 23.64068
2452713.35197 21.95190
2452714.35201 15.95619
2452715.35206 15.62422
2452716.35210 16.69066
2452717.35215 14.17380
2452718.35219 14.07246
2452719.35224 11.17241
2452720.35229 10.50388
2452721.35233 9.22063
2452722.35238 6.69103
2452723.35242 6.51727
2452724.35247 4.43376
2452725.35251 4.12609
2452726.35256 2.58315
2452727.35261 2.10578
2452728.35265 1.63899
2452729.35270 1.02437
2452730.35274 0.91065
2452731.35279 0.75567
2452732.35283 0.75920
2452733.35288 1.27472
2452734.35293 1.31965
2452735.35297 1.98950
2452736.35302 3.27716
2452737.35306 3.43364
2452738.35311 4.48757
2452739.35315 5.72421
2452740.35320 7.25916
2452741.35324 8.35241
2452742.35329 10.81015
2452743.35334 11.87487
2452744.35338 11.82201
2452745.35343 15.77664
2452746.35347 16.88039
2452747.35352 18.16946
2452748.35356 17.61490
2452749.35361 21.11097
2452750.35366 21.40931
2452751.35370 20.30575
2452752.35375 23.98260
2452753.35379 24.45217
2452754.35384 24.58914
2452755.35388 26.95565
2452756.35393 22.37701
2452757.35397 29.16576
2452758.35402 21.77055
2452759.35407 23.19350
2452760.35411 19.75081
2452761.35416 20.12678
2452762.35420 14.65793
2452763.35425 19.98444
2452764.35429 18.39976
2452765.35434 17.20027
2452766.35439 15.81826
2452767.35443 15.46901
2452768.35448 13.15215
2452769.35452 10.46427
2452770.35457 7.88484
2452771.35461 8.20634
2452772.35466 7.36563
2452773.35470 5.30783
2452774.35475 5.36627
2452775.35480 3.41750
2452776.35484 3.59170
2452777.35489 2.01157
2452778.35493 1.87304
2452779.35498 1.41665
2452780.35502 1.45003
2452781.35507 1.39114
2452782.35512 1.69487
2452783.35516 1.93058
2452784.35521 2.22802
2452785.35525 3.38700
2452786.35530 4.35485
2452787.35534 5.51475
2452788.35539 6.79684
2452789.35543 7.26951
2452790.35548 10.95267
2452791.35553 10.97105
2452792.35557 12.25104
2452793.35562 13.72642
2452794.35566 12.21785
2452795.35571 13.37681
2452796.35575 15.88127
2452797.35580 17.90295
2452798.35585 20.37407
2452799.35589 21.39113
2452800.35594 21.30164
2452801.35598 21.31024
2452802.35603 19.24040
2452803.35607 28.68297
2452804.35612 27.37947
2452805.35617 23.84830
2452806.35621 26.68876
2452807.35626 23.93237
2452808.35630 22.02572
2452809.35635 21.62225
2452810.35639 22.32492
2452811.35644 22.77487
2452812.35648 18.31119
2452813.35653 22.12633
2452814.35658 18.91251
2452815.35662 10.77574
2452816.35667 12.66325
2452817.35671 11.70009
2452818.35676 13.25567
2452819.35680 10.74287
2452820.35685 8.68202
2452821.35690 8.04260
2452822.35694 8.04100
2452823.35699 6.11582
2452824.35703 4.08873
2452825.35708 3.77121
2452826.35712 3.83838
2452827.35717 2.52459
2452828.35721 2.38016
2452829.35726 1.84847
2452830.35731 1.98702
2452831.35735 1.96655
2452832.35740 2.29957
2452833.35744 3.14480
2452834.35749 3.70176
2452835.35753 4.44456
2452836.35758 6.17846
2452837.35763 6.77186
2452838.35767 6.87727
2452839.35772 9.73573
2452840.35776 10.23468
2452841.35781 13.63424
2452842.35785 12.56940
2452843.35790 11.85872
2452844.35794 12.94747
2452845.35799 18.23016
2452846.35804 18.89073
2452847.35808 24.25645
2452848.35813 20.45006
2452849.35817 22.07859
2453036.36671 14.83352
2453037.36675 13.76017
2453038.36680 18.30619
2453039.36684 21.37289
2453040.36689 21.64349
2453041.36693 20.77724
2453042.36698 21.03132
2453043.36703 28.54479
2453044.36707 25.94899
2453045.36712 30.98672
2453046.36716 28.01122
2453047.36721 27.45010
2453048.36725 26.95708
2453049.36730 28.27396
2453050.36735 28.08507
2453051.36739 28.96013
2453052.36744 26.46059
2453053.36748 22.61397
2453054.36753 30.72383
2453055.36757 30.48182
2453056.36762 24.89416
2453057.36766 26.47496
2453058.36771 24.20959
2453059.36776 27.00254
2453060.36780 25.24629
2453061.36785 19.86887
2453062.36789 22.61765
2453063.36794 19.79404
2453064.36798 18.29608
2453065.36803 18.78308
2453066.36808 17.67098
2453067.36812 14.36857
2453068.36817 10.46195
2453069.36821 14.62724
2453070.36826 10.14806
2453071.36830 10.61716
2453072.36835 9.22648
2453073.36839 8.81924
2453074.36844 7.68019
2453075.36849 8.72589
2453076.36853 6.91860
2453077.36858 9.00843
2453078.36862 8.65952
2453079.36867 8.14500
2453080.36871 8.75832
2453081.36876 9.59586
2453082.36881 12.07354
2453083.36885 12.03875
2453084.36890 12.66882
2453085.36894 15.73745
2453086.36899 18.58232
2453087.36903 21.64000
2453088.36908 20.06980
2453089.36912 23.13913
2453090.36917 24.59153
2453091.36922 27.59611
2453092.36926 26.80567
2453093.36931 22.99410
2453094.36935 31.43285
2453095.36940 30.18295
2453096.36944 32.60184
2453097.36949 28.86617
2453098.36954 28.54572
2453099.36958 29.88295
2453100.36963 33.63984
2453101.36967 32.67903
2453102.36972 32.50815
2453103.36976 29.29413
2453104.36981 26.21523
2453105.36985 33.34520
2453106.36990 28.67289
2453107.36995 22.93766
2453108.36999 26.51619
2453109.37004 24.29239
2453110.37008 29.04345
2453111.37013 19.88945
2453112.37017 25.17342
2453113.37022 20.64554
2453114.37027 19.20564
2453115.37031 18.72787
2453116.37036 14.78300
2453117.37040 16.94005
2453118.37045 15.22972
2453119.37049 14.09653
2453120.37054 12.85080
2453121.37059 11.89940
2453122.37063 10.42945
2453123.37068 9.72225
2453124.37072 10.43628
2453125.37077 7.75997
2453126.37081 8.03296
2453127.37086 10.51067
2453128.37090 11.67241
2453129.37095 10.30882
2453130.37100 10.61572
2453131.37104 12.03449
2453132.37109 15.69283
2453133.37113 15.41846
2453134.37118 16.24771
2453135.37122 16.75422
2453136.37127 21.93786
2453137.37132 21.72292
2453138.37136 25.18182
2453139.37141 25.30488
2453140.37145 25.02737
2453141.37150 22.91717
2453142.37154 25.83233
2453143.37159 26.73463
2453144.37163 25.80049
2453145.37168 39.66476
2453146.37173 31.03855
2453147.37177 30.04248
2453148.37182 38.79279
2453149.37186 34.31748
2453150.37191 34.31661
2453151.37195 32.63753
2453152.37200 34.16170
2453153.37205 30.17726
2453154.37209 30.83695
2453155.37214 28.22995
2453156.37218 30.80956
2453157.37223 32.49650
2453158.37227 26.36405
2453159.37232 25.55268
2453160.37236 25.53441
2453161.37241 22.47223
2453162.37246 22.05704
2453163.37250 20.30853
2453164.37255 22.86778
2453165.37259 18.21857
2453166.37264 15.65246
2453167.37268 17.15938
2453168.37273 14.31205
2453169.37278 12.01455
2453170.37282 11.51176
2453171.37287 10.85165
2453172.37291 12.28392
2453173.37296 10.48366
2453174.37300 12.50808
2453175.37305 8.40031
2453176.37309 10.52473
2453177.37314 11.64896
2453178.37319 13.62364
2453179.37323 10.82651
2453180.37328 12.81283
2453181.37332 14.09463
2453182.37337 16.22638
2453183.37341 19.97248
2453184.37346 17.52531
2453185.37351 21.99752
2453186.37355 20.91332
2453187.37360 22.84229
2453188.37364 24.48374
2453189.37369 26.21917
2453190.37373 31.57867
2453191.37378 28.21624
2453192.37382 27.79017
2453193.37387 28.65886
2453194.37392 30.63668
2453195.37396 28.82663
2453196.37401 29.56324
2453197.37405 36.14365
2453198.37410 35.04836
2453199.37414 36.94133
2453200.37419 34.47282
2453201.37424 40.24711
2453202.37428 30.12531
2453203.37433 33.79833
2453204.37437 32.73305
2453205.37442 31.94973
2453206.37446 31.58757
2453207.37451 28.74197
2453208.37456 24.75041
2453209.37460 27.47171
2453210.37465 29.16688
2453211.37469 23.66619
2453212.37474 23.65277
2453213.37478 18.01374
2453214.37483 20.24610
2453215.37487 20.29714
2453401.38336 38.90054
2453402.38341 39.57284
2453403.38345 35.90927
2453404.38350 33.01348
2453405.38354 30.78220
2453406.38359 33.76477
2453407.38364 30.86584
2453408.38368 29.70561
2453409.38373 28.13494
2453410.38377 27.21762
2453411.38382 22.84116
2453412.38386 24.14389
2453413.38391 24.03171
2453414.38396 21.06290
2453415.38400 16.40180
2453416.38405 19.56204
2453417.38409 16.69508
2453418.38414 16.58829
2453419.38418 15.35920
2453420.38423 14.77093
2453421.38427 17.05190
2453422.38432 15.09753
2453423.38437 18.02616
2453424.38441 16.32168
2453425.38446 19.85311
2453426.38450 23.55099
2453427.38455 16.48090
2453428.38459 22.57397
2453429.38464 22.65042
2453430.38469 20.58747
2453431.38473 27.75010
2453432.38478 29.68625
2453433.38482 31.19262
2453434.38487 28.31474
2453435.38491 27.83649
2453436.38496 31.59293
2453437.38501 32.61339
2453438.38505 37.66336
2453439.38510 40.50322
2453440.38514 34.64023
2453441.38519 37.66904
2453442.38523 35.82941
2453443.38528 36.66546
2453444.38532 38.75415
2453445.38537 40.35204
2453446.38542 41.90397
2453447.38546 45.75333
2453448.38551 38.42994
2453449.38555 37.56580
2453450.38560 28.77025
2453451.38564 36.93848
2453452.38569 36.09168
2453453.38574 39.51550
2453454.38578 24.68969
2453455.38583 31.21323
2453456.38587 31.07334
2453457.38592 31.77193
2453458.38596 26.60420
2453459.38601 29.52691
2453460.38605 22.90141
2453461.38610 25.52663
2453462.38615 24.82915
2453463.38619 21.00856
2453464.38624 16.92446
2453465.38628 21.11239
2453466.38633 16.42330
2453467.38637 14.79554
2453468.38642 16.40195
2453469.38647 15.52084
2453470.38651 17.56740
2453471.38656 17.43335
2453472.38660 15.83147
2453473.38665 15.29917
2453474.38669 17.26027
2453475.38674 23.56542
2453476.38678 21.33113
2453477.38683 17.49443
2453478.38688 25.46273
2453479.38692 23.72527
2453480.38697 21.02549
2453481.38701 29.49052
2453482.38706 27.57776
2453483.38710 31.60256
2453484.38715 33.45311
2453485.38720 29.23425
2453486.38724 37.18682
2453487.38729 32.21277
2453488.38733 37.31186
2453489.38738 33.01354
2453490.38742 38.07710
2453491.38747 36.54037
2453492.38751 40.04464
2453493.38756 27.93001
2453494.38761 46.84125
2453495.38765 42.54048
2453496.38770 45.00578
2453497.38774 41.04227
2453498.38779 38.91694
2453499.38783 37.26492
2453500.38788 42.44572
2453501.38793 36.30362
2453502.38797 38.05816
2453503.38802 33.84966
2453504.38806 34.15538
2453505.38811 32.26915
2453506.38815 23.40835
2453507.38820 32.98624
2453508.38824 29.27601
2453509.38829 21.38799
2453510.38834 25.88650
2453511.38838 23.97028
2453512.38843 22.12584
2453513.38847 19.91982
2453514.38852 17.67540
2453515.38856 19.44130
2453516.38861 18.11701
2453517.38866 19.01855
2453518.38870 14.90948
2453519.38875 17.65034
2453520.38879 16.38425
2453521.38884 17.44089
2453522.38888 16.53583
2453523.38893 13.75002
2453524.38898 19.97753
2453525.38902 14.91872
2453526.38907 21.91979
2453527.38911 19.71877
2453528.38916 21.90554
2453529.38920 28.87795
2453530.38925 27.18912
2453531.38929 27.68548
2453532.38934 27.18101
2453533.38939 30.37539
2453534.38943 33.99185
2453535.38948 29.36506
2453536.38952 33.30579
2453537.38957 33.89436
2453538.38961 33.82223
2453539.38966 34.56365
2453540.38971 44.14295
2453541.38975 40.47210
2453542.38980 43.01022
2453543.38984 39.37193
2453544.38989 43.90864
2453545.38993 47.63902
2453546.38998 32.10495
2453547.39002 33.84074
2453548.39007 35.24553
2453549.39012 30.72167
2453550.39016 39.87033
2453551.39021 32.97276
2453552.39025 38.47505
2453553.39030 33.99246
2453554.39034 27.67874
2453555.39039 31.05286
2453556.39044 30.52785
2453557.39048 25.37620
2453558.39053 27.02283
2453559.39057 25.68141
2453560.39062 22.46874
2453561.39066 21.43999
2453562.39071 22.03733
2453563.39075 19.07500
2453564.39080 19.46411
2453565.39085 13.18139
2453566.39089 18.39100
2453567.39094 14.43632
2453568.39098 16.27035
2453569.39103 15.18213
2453570.39107 19.11185
2453571.39112 19.12152
2453572.39117 14.94278
2453573.39121 18.59185
2453574.39126 25.06260
2453575.39130 17.65521
2453576.39135 23.30047
2453577.39139 23.04250
2453578.39144 22.95328
2453579.39148 25.25790
2453580.39153 26.32551
2453766.40002 16.99477
2453767.40006 15.48082
2453768.40011 16.10608
2453769.40016 17.06948
2453770.40020 15.39631
2453771.40025 16.71249
2453772.40029 19.01197
2453773.40034 20.70086
2453774.40038 18.40127
2453775.40043 25.76072
2453776.40047 24.01529
2453777.40052 22.44063
2453778.40057 23.02388
2453779.40061 30.12732
2453780.40066 28.49310
2453781.40070 30.01942
2453782.40075 35.17996
2453783.40079 30.90871
2453784.40084 34.09445
2453785.40089 27.26987
2453786.40093 31.47590
2453787.40098 38.97726
2453788.40102 32.84144
2453789.40107 43.27373
2453790.40111 34.40090
2453791.40116 33.98712
2453792.40120 42.51427
2453793.40125 35.15616
2453794.40130 37.15632
2453795.40134 36.24264
2453796.40139 34.15842
2453797.40143 36.86303
2453798.40148 33.63997
2453799.40152 32.06376
2453800.40157 29.32313
2453801.40162 31.39206
2453802.40166 22.61065
2453803.40171 23.96233
2453804.40175 25.93981
2453805.40180 18.15554
2453806.40184 23.85436
2453807.40189 15.17617
2453808.40193 18.07235
2453809.40198 16.16788
2453810.40203 17.40196
2453811.40207 14.85934
2453812.40212 10.15230
2453813.40216 15.44893
2453814.40221 15.15918
2453815.40225 14.23975
2453816.40230 13.66915
2453817.40235 15.43359
2453818.40239 14.48336
2453819.40244 16.76739
2453820.40248 17.09521
2453821.40253 18.91628
2453822.40257 20.28775
2453823.40262 17.53184
2453824.40266 21.46017
2453825.40271 22.62771
2453826.40276 23.26753
2453827.40280 28.51017
2453828.40285 25.77395
2453829.40289 25.57773
2453830.40294 26.97383
2453831.40298 32.61143
2453832.40303 33.03283
2453833.40308 31.76734
2453834.40312 36.66617
2453835.40317 34.56019
2453836.40321 40.01062
2453837.40326 31.97853
2453838.40330 38.20259
2453839.40335 30.33765
2453840.40340 21.99134
2453841.40344 34.37666
2453842.40349 35.34025
2453843.40353 33.31284
2453844.40358 33.91957
2453845.40362 33.04806
2453846.40367 29.77093
2453847.40371 30.87956
2453848.40376 29.53008
2453849.40381 31.20690
2453850.40385 26.79256
2453851.40390 34.35545
2453852.40394 21.13647
2453853.40399 20.29272
2453854.40403 16.53596
2453855.40408 19.56288
2453856.40413 19.19802
2453857.40417 17.89250
2453858.40422 17.30531
2453859.40426 17.35518
2453860.40431 14.30921
2453861.40435 14.20111
2453862.40440 11.82576
2453863.40444 12.97586
2453864.40449 13.29157
2453865.40454 10.83888
2453866.40458 13.26062
2453867.40463 14.17623
2453868.40467 14.65019
2453869.40472 13.82216
2453870.40476 14.96814
2453871.40481 16.22333
2453872.40486 17.22469
2453873.40490 22.27240
2453874.40495 22.29981
2453875.40499 20.13633
2453876.40504 23.14749
2453877.40508 26.71190
2453878.40513 27.43568
2453879.40517 27.10879
2453880.40522 34.01850
2453881.40527 28.66806
2453882.40531 29.56096
2453883.40536 26.63284
2453884.40540 30.06749
2453885.40545 31.08117
2453886.40549 32.98980
2453887.40554 30.20409
2453888.40559 40.84870
2453889.40563 31.85610
2453890.40568 34.33364
2453891.40572 35.61649
2453892.40577 31.39250
2453893.40581 38.87517
2453894.40586 32.13990
2453895.40590 32.07818
2453896.40595 26.70185
2453897.40600 36.98440
2453898.40604 36.23625
2453899.40609 23.02694
2453900.40613 26.13200
2453901.40618 19.65616
2453902.40622 23.24035
2453903.40627 18.35632
2453904.40632 19.33482
2453905.40636 16.53169
2453906.40641 14.22273
2453907.40645 18.52283
2453908.40650 14.53060
2453909.40654 14.28886
2453910.40659 11.71736
2453911.40664 12.33619
2453912.40668 11.28254
2453913.40673 10.96818
2453914.40677 9.13330
2453915.40682 12.65245
2453916.40686 12.46507
2453917.40691 12.07025
2453918.40695 13.80970
2453919.40700 12.43850
2453920.40705 12.76168
2453921.40709 15.93461
2453922.40714 18.82803
2453923.40718 18.90639
2453924.40723 17.17012
2453925.40727 21.45116
2453926.40732 25.11895
2453927.40737 26.83828
2453928.40741 22.18514
2453929.40746 27.55492
2453930.40750 32.73705
2453931.40755 29.72813
2453932.40759 32.94365
2453933.40764 29.23405
2453934.40768 29.32804
2453935.40773 30.55633
2453936.40778 33.64975
2453937.40782 36.27348
2453938.40787 32.75012
2453939.40791 33.98729
2453940.40796 38.57435
2453941.40800 35.49759
2453942.40805 29.35846
2453943.40810 30.20629
2453944.40814 34.14010
2453945.40819 31.11441
2454131.41667 29.47625
2454132.41672 27.20054
2454133.41677 27.75636
2454134.41681 23.93582
2454135.41686 26.57379
2454136.41690 32.18414
2454137.41695 26.31853
2454138.41699 27.63698
2454139.41704 36.06651
2454140.41708 28.84786
2454141.41713 26.12415
2454142.41718 27.82192
2454143.41722 21.48041
2454144.41727 19.39912
2454145.41731 20.47747
2454146.41736 18.04736
2454147.41740 17.96887
2454148.41745 14.75057
2454149.41750 12.32354
2454150.41754 14.27970
2454151.41759 11.17668
2454152.41763 8.55952
2454153.41768 8.49832
2454154.41772 7.58436
2454155.41777 7.37528
2454156.41782 5.52592
2454157.41786 4.98325
2454158.41791 5.90061
2454159.41795 5.66356
2454160.41800 5.09999
2454161.41804 4.98197
2454162.41809 5.52687
2454163.41813 5.54566
2454164.41818 7.09365
2454165.41823 7.84012
2454166.41827 8.77093
2454167.41832 10.39776
2454168.41836 10.60440
2454169.41841 11.70693
2454170.41845 12.21586
2454171.41850 15.93299
2454172.41855 15.18378
2454173.41859 17.15269
2454174.41864 17.27738
2454175.41868 22.14861
2454176.41873 20.74784
2454177.41877 23.77141
2454178.41882 25.16030
2454179.41886 23.96969
2454180.41891 33.18526
2454181.41896 23.13998
2454182.41900 24.73758
2454183.41905 23.58833
2454184.41909 28.85089
2454185.41914 31.39588
2454186.41918 28.24198
2454187.41923 26.43395
2454188.41928 28.99418
2454189.41932 28.66684
2454190.41937 22.23448
2454191.41941 25.85935
2454192.41946 22.16043
2454193.41950 23.18302
2454194.41955 14.56386
2454195.41959 13.80573
2454196.41964 15.47776
2454197.41969 15.60271
2454198.41973 10.53217
2454199.41978 11.52680
2454200.41982 9.81337
2454201.41987 7.86522
2454202.41991 8.10816
2454203.41996 6.11383
2454204.42001 4.96328
2454205.42005 4.73187
2454206.42010 3.67591
2454207.42014 3.99969
2454208.42019 3.83321
2454209.42023 3.67130
2454210.42028 3.63343
2454211.42032 3.94778
2454212.42037 3.68073
2454213.42042 4.73076
2454214.42046 5.66241
2454215.42051 7.38586
2454216.42055 7.72374
2454217.42060 9.04830
2454218.42064 11.10771
2454219.42069 10.52698
2454220.42074 13.77833
2454221.42078 12.21629
2454222.42083 17.49581
2454223.42087 15.43340
2454224.42092 16.81648
2454225.42096 20.62540
2454226.42101 25.35664
2454227.42106 21.68918
2454228.42110 23.61247
2454229.42115 22.99479
2454230.42119 22.77343
2454231.42124 25.44430
2454232.42128 25.71654
2454233.42133 23.76327
2454234.42137 26.03768
2454235.42142 25.10661
2454236.42147 24.02562
2454237.42151 25.87808
2454238.42156 26.53155
2454239.42160 24.31494
2454240.42165 25.66364
2454241.42169 17.33173
2454242.42174 18.86384
2454243.42179 16.03880
2454244.42183 15.68864
2454245.42188 16.27982
2454246.42192 11.71558
2454247.42197 12.61121
2454248.42201 11.83940
2454249.42206 9.20366
2454250.42210 8.41276
2454251.42215 6.43747
2454252.42220 7.00673
2454253.42224 4.85643
2454254.42229 4.23505
2454255.42233 3.97372
2454256.42238 3.08621
2454257.42242 2.62987
2454258.42247 2.53181
2454259.42252 2.57267
2454260.42256 2.70256
2454261.42261 3.62324
2454262.42265 3.67482
2454263.42270 4.14790
2454264.42274 6.08875
2454265.42279 5.47328
2454266.42283 8.21722
2454267.42288 9.14838
2454268.42293 10.59303
2454269.42297 12.56338
2454270.42302 9.69764
2454271.42306 14.07532
2454272.42311 13.60957
2454273.42315 15.41352
2454274.42320 20.86071
2454275.42325 19.20169
2454276.42329 20.37263
2454277.42334 24.41706
2454278.42338 25.16864
2454279.42343 23.88782
2454280.42347 24.76616
2454281.42352 24.29091
2454282.42356 21.17020
2454283.42361 28.30264
2454284.42366 22.82223
2454285.42370 23.33502
2454286.42375 25.14935
2454287.42379 22.76802
2454288.42384 21.37820
2454289.42388 23.13361
2454290.42393 21.20065
2454291.42398 14.03784
2454292.42402 17.77235
2454293.42407 17.02666
2454294.42411 18.20837
2454295.42416 12.01703
2454296.42420 12.19295
2454297.42425 9.40855
2454298.42429 8.76703
2454299.42434 7.61232
2454300.42439 6.13490
2454301.42443 4.56991
2454302.42448 3.78175
2454303.42452 3.70514
2454304.42457 2.63788
2454305.42461 2.03368
2454306.42466 1.56398
2454307.42471 1.53845
2454308.42475 1.49130
2454309.42480 1.79202
2454310.42484 2.37791
2454497.43338 4.68707
2454498.43342 2.59338
2454499.43347 2.38978
2454500.43351 1.77558
2454501.43356 0.82055
2454502.43360 0.57596
2454503.43365 0.14537
2454504.43370 0.01641
2454505.43374 0.06228
2454506.43379 0.32631
2454507.43383 0.76330
2454508.43388 1.35261
2454509.43392 1.89260
2454510.43397 3.21269
2454511.43401 4.91258
2454512.43406 6.04227
2454513.43411 6.73734
2454514.43415 6.59435
2454515.43420 9.29040
2454516.43424 11.03620
2454517.43429 11.45405
2454518.43433 14.62584
2454519.43438 13.86592
2454520.43443 13.43726
2454521.43447 17.47863
2454522.43452 20.01227
2454523.43456 15.51711
2454524.43461 18.92572
2454525.43465 28.10096
2454526.43470 20.17598
2454527.43474 21.12667
2454528.43479 21.98786
2454529.43484 19.55330
2454530.43488 20.52795
2454531.43493 21.27936
2454532.43497 22.29768
2454533.43502 16.42293
2454534.43506 22.04714
2454535.43511 21.76439
2454536.43516 19.72133
2454537.43520 16.20600
2454538.43525 16.62513
2454539.43529 14.24835
2454540.43534 15.59180
2454541.43538 12.59161
2454542.43543 11.93458
2454543.43548 9.91010
2454544.43552 6.25274
2454545.43557 6.80711
2454546.43561 5.37205
2454547.43566 3.85043
2454548.43570 2.74688
2454549.43575 2.09704
2454550.43579 1.19799
2454551.43584 0.80561
2454552.43589 0.42912
2454553.43593 0.19524
2454554.43598 0.21294
2454555.43602 0.44639
2454556.43607 0.75229
2454557.43611 1.40581
2454558.43616 2.16441
2454559.43621 3.33885
2454560.43625 4.09992
2454561.43630 5.25473
2454562.43634 7.00500
2454563.43639 7.64779
2454564.43643 8.20204
2454565.43648 9.95443
2454566.43652 10.26372
2454567.43657 11.31413
2454568.43662 14.08858
2454569.43666 17.35637
2454570.43671 14.79773
2454571.43675 20.56145
2454572.43680 18.57211
2454573.43684 23.85925
2454574.43689 22.08555
2454575.43694 20.50242
2454576.43698 18.61009
2454577.43703 23.90915
2454578.43707 20.40662
2454579.43712 19.25494
2454580.43716 24.60672
2454581.43721 24.44839
2454582.43725 22.55036
2454583.43730 20.14463
2454584.43735 23.01907
2454585.43739 18.77526
2454586.43744 17.87013
2454587.43748 18.74600
2454588.43753 16.57087
2454589.43757 15.61632
2454590.43762 12.83675
2454591.43767 10.84152
2454592.43771 8.55083
2454593.43776 6.92151
2454594.43780 6.49940
2454595.43785 6.91167
2454596.43789 4.56880
2454597.43794 3.28328
2454598.43798 2.62894
2454599.43803 1.58785
2454600.43808 1.40321
2454601.43812 0.76743
2454602.43817 0.68723
2454603.43821 0.50667
2454604.43826 0.77827
2454605.43830 1.05403
2454606.43835 1.57777
2454607.43840 2.02605
2454608.43844 2.67132
2454609.43849 4.43231
2454610.43853 5.12977
2454611.43858 6.90668
2454612.43862 9.20116
2454613.43867 7.87587
2454614.43871 13.07437
2454615.43876 11.01818
2454616.43881 12.97150
2454617.43885 15.00981
2454618.43890 16.65910
2454619.43894 20.10430
2454620.43899 20.66690
2454621.43903 19.30022
2454622.43908 16.16250
2454623.43913 21.21236
2454624.43917 26.88422
2454625.43922 21.15087
2454626.43926 21.58059
2454627.43931 24.06397
2454628.43935 27.29930
2454629.43940 20.79950
2454630.43945 20.50887
2454631.43949 19.45530
2454632.43954 22.57719
2454633.43958 20.63709
2454634.43963 15.63704
2454635.43967 18.02539
2454636.43972 19.08539
2454637.43976 13.63132
2454638.43981 14.63393
2454639.43986 15.35967
2454640.43990 13.20913
2454641.43995 11.06406
2454642.43999 9.78477
2454643.44004 8.73274
2454644.44008 6.76330
2454645.44013 5.60114
2454646.44018 3.39366
2454647.44022 3.74870
2454648.44027 2.79322
2454649.44031 1.95379
2454650.44036 1.36791
2454651.44040 1.31730
2454652.44045 1.07508
2454653.44049 1.40645
2454654.44054 1.47984
2454655.44059 2.47771
2454656.44063 2.86097
2454657.44068 3.21029
2454658.44072 4.14698
2454659.44077 5.53161
2454660.44081 6.61484
2454661.44086 7.35406
2454662.44091 9.16803
2454663.44095 10.90538
2454664.44100 14.46516
2454665.44104 12.47739
2454666.44109 14.83531
2454667.44113 16.70956
2454668.44118 18.15450
2454669.44122 20.87674
2454670.44127 22.45865
2454671.44132 17.00547
2454672.44136 24.51528
2454673.44141 23.41311
2454674.44145 27.51913
2454675.44150 23.60975
2454676.44154 27.50078
2454862.45003 15.99261
2454863.45008 20.77562
2454864.45012 20.01238
2454865.45017 23.16424
2454866.45021 19.87208
2454867.45026 24.19596
2454868.45031 30.25732
2454869.45035 34.05644
2454870.45040 30.25809
2454871.45044 29.22194
2454872.45049 30.84562
2454873.45053 25.32862
2454874.45058 32.37224
2454875.45063 28.00112
2454876.45067 31.15556
2454877.45072 26.67873
2454878.45076 31.69920
2454879.45081 28.14403
2454880.45085 25.25017
2454881.45090 24.61643
2454882.45094 25.33482
2454883.45099 25.51673
2454884.45104 21.79253
2454885.45108 20.24787
2454886.45113 16.25549
2454887.45117 19.77420
2454888.45122 14.30303
2454889.45126 14.36028
2454890.45131 12.70713
2454891.45136 12.52002
2454892.45140 9.27458
2454893.45145 9.36379
2454894.45149 7.38269
2454895.45154 8.55803
2454896.45158 7.13147
2454897.45163 5.92684
2454898.45167 7.18267
2454899.45172 6.68597
2454900.45177 6.59929
2454901.45181 7.27465
2454902.45186 8.86014
2454903.45190 10.13541
2454904.45195 8.62933
2454905.45199 8.77544
2454906.45204 12.54627
2454907.45209 11.20769
2454908.45213 15.12291
2454909.45218 18.11983
2454910.45222 19.41194
2454911.45227 18.71784
2454912.45231 19.14889
2454913.45236 22.93769
2454914.45240 25.90341
2454915.45245 29.11597
2454916.45250 23.71793
2454917.45254 23.76224
2454918.45259 28.98036
2454919.45263 30.29264
2454920.45268 22.37774
2454921.45272 28.94012
2454922.45277 28.89433
2454923.45282 32.39567
2454924.45286 31.90922
2454925.45291 28.41593
2454926.45295 26.96256
2454927.45300 26.06635
2454928.45304 26.27527
2454929.45309 28.85982
2454930.45313 24.94723
2454931.45318 26.28522
2454932.45323 27.55791
2454933.45327 24.37365
2454934.45332 20.21477
2454935.45336 20.34894
2454936.45341 17.33920
2454937.45345 17.33060
2454938.45350 16.83150
2454939.45355 14.01327
2454940.45359 12.19741
2454941.45364 12.54780
2454942.45368 12.20463
2454943.45373 10.81276
2454944.45377 7.63476
2454945.45382 8.43621
2454946.45387 8.29731
2454947.45391 7.42332
2454948.45396 8.74660
2454949.45400 8.01363
2454950.45405 8.11250
2454951.45409 9.75876
2454952.45414 11.53465
2454953.45418 9.43254
2454954.45423 12.47594
2454955.45428 12.36111
2454956.45432 14.33859
2454957.45437 16.82986
2454958.45441 17.20927
2454959.45446 20.68807
2454960.45450 20.51828
2454961.45455 24.60663
2454962.45460 20.05226
2454963.45464 23.73242
2454964.45469 19.52787
2454965.45473 28.93744
2454966.45478 27.23329
2454967.45482 28.92152
2454968.45487 27.35583
2454969.45491 30.30971
2454970.45496 34.23510
2454971.45501 34.13263
2454972.45505 37.75425
2454973.45510 40.25880
2454974.45514 37.43235
2454975.45519 33.78793
2454976.45523 27.16792
2454977.45528 28.70481
2454978.45533 25.89285
2454979.45537 29.09023
2454980.45542 30.32625
2454981.45546 27.51357
2454982.45551 19.86066
2454983.45555 19.96003
2454984.45560 19.87023
2454985.45564 19.98284
2454986.45569 16.05310
2454987.45574 14.87207
2454988.45578 14.17571
2454989.45583 12.37469
2454990.45587 15.10530
2454991.45592 11.33206
2454992.45596 12.92906
2454993.45601 10.56291
2454994.45606 11.00721
2454995.45610 8.70063
2454996.45615 11.18074
2454997.45619 10.54661
2454998.45624 10.59733
2454999.45628 11.92732
2455000.45633 10.78568
2455001.45637 11.67030
2455002.45642 14.73419
2455003.45647 14.68019
2455004.45651 11.52117
2455005.45656 15.05552
2455006.45660 17.38557
2455007.45665 14.59515
2455008.45669 19.00944
2455009.45674 22.76914
2455010.45679 22.36658
2455011.45683 24.69299
2455012.45688 25.87943
2455013.45692 27.35704
2455014.45697 29.93651
2455015.45701 29.23591
2455016.45706 32.05580
2455017.45711 31.08987
2455018.45715 33.52510
2455019.45720 28.23486
2455020.45724 31.46179
2455021.45729 27.67753
2455022.45733 37.14074
2455023.45738 28.26755
2455024.45742 32.63706
2455025.45747 29.96345
2455026.45752 29.78727
2455027.45756 31.00154
2455028.45761 29.64962
2455029.45765 24.80346
2455030.45770 29.72862
2455031.45774 27.93864
2455032.45779 26.20273
2455033.45784 21.89192
2455034.45788 21.26939
2455035.45793 17.39509
2455036.45797 22.05928
2455037.45802 19.11732
2455038.45806 13.82713
2455039.45811 14.88310
2455040.45815 14.43772
2455041.45820 14.13381
2455227.46669 33.20319
2455228.46673 36.99209
2455229.46678 31.36875
2455230.46682 24.61695
2455231.46687 26.71055
2455232.46692 22.77297
2455233.46696 21.05780
2455234.46701 19.75523
2455235.46705 20.85318
2455236.46710 20.94254
2455237.46714 20.72021
2455238.46719 18.08604
2455239.46724 19.18323
2455240.46728 15.74909
2455241.46733 13.45184
2455242.46737 15.96452
2455243.46742 15.95663
2455244.46746 15.49560
2455245.46751 16.77931
2455246.46755 15.97667
2455247.46760 15.33297
2455248.46765 13.14885
2455249.46769 17.90867
2455250.46774 19.59550
2455251.46778 20.08041
2455252.46783 20.70873
2455253.46787 24.48669
2455254.46792 26.74346
2455255.46797 27.42338
2455256.46801 32.34306
2455257.46806 31.39644
2455258.46810 28.94911
2455259.46815 31.30613
2455260.46819 32.55790
2455261.46824 35.33379
2455262.46829 41.05732
2455263.46833 38.42662
2455264.46838 35.43051
2455265.46842 33.93509
2455266.46847 38.98170
2455267.46851 43.46657
2455268.46856 35.00280
2455269.46860 38.88024
2455270.46865 39.41362
2455271.46870 39.66717
2455272.46874 45.01505
2455273.46879 36.89570
2455274.46883 35.81145
2455275.46888 38.77570
2455276.46892 29.86350
2455277.46897 30.70223
2455278.46902 30.27769
2455279.46906 26.74081
2455280.46911 25.46162
2455281.46915 25.02417
2455282.46920 26.08270
2455283.46924 23.04086
2455284.46929 22.84411
2455285.46933 19.27446
2455286.46938 18.03934
2455287.46943 17.97753
2455288.46947 17.96153
2455289.46952 18.68222
2455290.46956 15.56901
2455291.46961 17.05591
2455292.46965 15.09013
2455293.46970 16.36160
2455294.46975 15.84190
2455295.46979 18.71482
2455296.46984 19.16787
2455297.46988 16.55373
2455298.46993 20.05461
2455299.46997 21.58527
2455300.47002 22.93594
2455301.47006 28.01812
2455302.47011 22.36691
2455303.47016 21.91941
2455304.47020 31.84533
2455305.47025 30.78884
2455306.47029 28.36420
2455307.47034 27.26491
2455308.47038 32.80588
2455309.47043 31.60544
2455310.47048 42.55916
2455311.47052 34.68392
2455312.47057 44.04306
2455313.47061 41.56802
2455314.47066 33.84215
2455315.47070 45.83511
2455316.47075 38.66933
2455317.47079 31.14316
2455318.47084 43.02606
2455319.47089 34.40086
2455320.47093 39.34020
2455321.47098 39.33522
2455322.47102 31.10186
2455323.47107 40.09029
2455324.47111 34.93132
2455325.47116 29.60237
2455326.47121 29.86101
2455327.47125 29.37596
2455328.47130 32.47946
2455329.47134 26.27017
2455330.47139 27.06289
2455331.47143 20.03151
2455332.47148 24.17881
2455333.47153 26.43315
2455334.47157 22.63412
2455335.47162 20.57974
2455336.47166 18.37736
2455337.47171 14.90045
2455338.47175 18.34133
2455339.47180 15.73474
2455340.47184 18.83076
2455341.47189 19.97965
2455342.47194 19.66434
2455343.47198 18.12171
2455344.47203 17.28520
2455345.47207 17.51428
2455346.47212 19.99371
2455347.47216 17.65644
2455348.47221 23.22179
2455349.47226 22.91059
2455350.47230 26.33537
2455351.47235 28.98459
2455352.47239 27.65257
2455353.47244 24.15770
2455354.47248 26.27294
2455355.47253 33.99780
2455356.47257 35.33748
2455357.47262 25.44726
2455358.47267 29.94158
2455359.47271 37.47752
2455360.47276 30.56892
2455361.47280 39.39319
2455362.47285 34.25734
2455363.47289 41.44490
2455364.47294 32.82651
2455365.47299 38.28530
2455366.47303 40.99709
2455367.47308 37.89869
2455368.47312 40.98732
2455369.47317 50.37319
2455370.47321 46.63813
2455371.47326 39.62963
2455372.47330 35.37396
2455373.47335 32.26203
2455374.47340 34.51479
2455375.47344 35.78403
2455376.47349 33.06814
2455377.47353 30.36312
2455378.47358 29.35455
2455379.47362 30.90455
2455380.47367 26.78759
2455381.47372 25.94702
2455382.47376 20.49840
2455383.47381 22.58710
2455384.47385 25.19694
2455385.47390 17.81881
2455386.47394 18.31663
2455387.47399 17.87541
2455388.47403 16.77446
2455389.47408 15.96822
2455390.47413 14.15700
2455391.47417 15.65430
2455392.47422 15.26823
2455393.47426 18.28018
2455394.47431 17.76085
2455395.47435 18.30659
2455396.47440 23.83902
2455397.47445 23.92175
2455398.47449 20.10960
2455399.47454 23.98100
2455400.47458 25.45847
2455401.47463 24.69575
2455402.47467 26.56106
2455403.47472 32.20687
2455404.47476 30.77555
2455405.47481 27.77261
2455406.47486 37.72603
2455592.48334 20.88399
2455593.48339 19.79686
2455594.48344 16.47300
2455595.48348 22.46350
2455596.48353 20.53919
2455597.48357 23.70172
2455598.48362 24.16087
2455599.48366 23.81329
2455600.48371 26.24404
2455601.48375 26.65847
2455602.48380 27.49313
2455603.48385 32.31259
2455604.48389 30.34618
2455605.48394 30.85448
2455606.48398 36.90870
2455607.48403 36.27245
2455608.48407 33.72788
2455609.48412 31.57930
2455610.48417 39.22241
2455611.48421 38.81673
2455612.48426 32.37131
2455613.48430 41.80227
2455614.48435 37.42000
2455615.48439 36.74863
2455616.48444 32.64965
2455617.48448 37.20763
2455618.48453 44.21865
2455619.48458 32.97596
2455620.48462 33.82918
2455621.48467 28.00700
2455622.48471 25.29169
2455623.48476 30.32052
2455624.48480 20.89324
2455625.48485 30.14675
2455626.48490 23.21464
2455627.48494 26.91124
2455628.48499 23.97356
2455629.48503 21.74709
2455630.48508 19.13191
2455631.48512 17.10465
2455632.48517 15.79503
2455633.48521 12.94111
2455634.48526 17.53738
2455635.48531 16.06478
2455636.48535 15.84823
2455637.48540 14.04352
2455638.48544 15.09939
2455639.48549 16.60580
2455640.48553 17.84999
2455641.48558 15.33535
2455642.48563 14.91773
2455643.48567 16.62250
2455644.48572 19.29154
2455645.48576 17.33159
2455646.48581 21.34719
2455647.48585 22.51736
2455648.48590 27.70432
2455649.48595 26.10059
2455650.48599 25.74315
2455651.48604 28.22460
2455652.48608 30.67355
2455653.48613 35.00381
2455654.48617 35.62110
2455655.48622 36.46543
2455656.48626 31.75606
2455657.48631 32.33817
2455658.48636 31.48976
2455659.48640 41.54378
2455660.48645 35.13490
2455661.48649 39.11200
2455662.48654 35.50751
2455663.48658 39.83893
2455664.48663 40.60269
2455665.48668 34.15831
2455666.48672 34.92838
2455667.48677 33.13182
2455668.48681 35.35014
2455669.48686 35.46568
2455670.48690 28.91836
2455671.48695 25.97618
2455672.48699 25.41075
2455673.48704 25.23864
2455674.48709 19.80002
2455675.48713 21.77265
2455676.48718 22.84960
2455677.48722 22.79693
2455678.48727 18.03014
2455679.48731 19.79631
2455680.48736 18.48020
2455681.48741 15.24060
2455682.48745 16.14003
2455683.48750 16.44745
2455684.48754 14.68841
2455685.48759 12.54165
2455686.48763 14.04457
2455687.48768 13.44634
2455688.48772 14.68876
2455689.48777 14.43782
2455690.48782 17.22163
2455691.48786 16.94658
2455692.48791 19.61329
2455693.48795 17.37635
2455694.48800 16.92658
2455695.48804 20.93367
2455696.48809 20.61768
2455697.48814 24.75360
2455698.48818 24.90074
2455699.48823 28.21541
2455700.48827 27.43289
2455701.48832 29.94143
2455702.48836 27.95913
2455703.48841 28.71440
2455704.48845 35.47401
2455705.48850 34.30783
2455706.48855 35.71619
2455707.48859 35.74111
2455708.48864 31.29304
2455709.48868 29.15689
2455710.48873 38.31715
2455711.48877 35.94926
2455712.48882 37.03133
2455713.48887 37.25096
2455714.48891 36.78207
2455715.48896 35.08871
2455716.48900 34.87477
2455717.48905 31.45941
2455718.48909 31.70598
2455719.48914 25.59636
2455720.48918 28.84242
2455721.48923 27.16461
2455722.48928 23.85544
2455723.48932 23.03319
2455724.48937 24.91276
2455725.48941 21.93767
2455726.48946 19.42814
2455727.48950 19.90940
2455728.48955 15.47766
2455729.48960 17.68937
2455730.48964 18.28044
2455731.48969 14.08387
2455732.48973 13.46115
2455733.48978 15.03618
2455734.48982 13.43349
2455735.48987 14.34181
2455736.48992 13.46080
2455737.48996 12.51627
2455738.49001 12.58520
2455739.49005 12.72826
2455740.49010 15.68057
2455741.49014 14.70101
2455742.49019 12.55271
2455743.49023 19.09692
2455744.49028 17.04941
2455745.49033 17.92822
2455746.49037 22.90461
2455747.49042 24.22575
2455748.49046 23.52921
2455749.49051 24.34290
2455750.49055 30.37972
2455751.49060 24.85262
2455752.49065 26.59053
2455753.49069 33.53531
2455754.49074 30.64043
2455755.49078 35.53723
2455756.49083 39.18498
2455757.49087 41.83825
2455758.49092 34.16210
2455759.49096 40.30513
2455760.49101 32.52727
2455761.49106 33.88396
2455762.49110 33.78151
2455763.49115 30.55256
2455764.49119 30.06511
2455765.49124 30.95486
2455766.49128 37.76988
2455767.49133 32.41101
2455768.49138 31.46627
2455769.49142 29.14638
2455770.49147 29.31044
2455771.49151 25.20332
2455957.50000 30.69192
