2445000.00000 -1.39920
2445001.00005 -1.66819
2445002.00009 -1.42984
2445003.00014 -2.11145
2445004.00018 -1.99690
2445005.00023 -2.41973
2445006.00027 -2.03175
2445007.00032 -2.34378
2445008.00037 -3.18569
2445009.00041 -3.25252
2445010.00046 -3.16982
2445011.00050 -3.86347
2445012.00055 -3.95898
2445013.00059 -4.19020
2445014.00064 -3.90707
2445015.00068 -5.01815
2445016.00073 -4.55987
2445017.00078 -5.19470
2445018.00082 -4.85699
2445019.00087 -5.47876
2445020.00091 -5.49527
2445021.00096 -5.91252
2445022.00100 -5.85607
2445023.00105 -6.75922
2445024.00110 -6.15862
2445025.00114 -5.91491
2445026.00119 -5.72292
2445027.00123 -6.35444
2445028.00128 -6.70299
2445029.00132 -5.60029
2445030.00137 -6.15327
2445031.00141 -5.82958
2445032.00146 -6.13036
2445033.00151 -6.47487
2445034.00155 -5.99375
2445035.00160 -7.61689
2445036.00164 -5.21407
2445037.00169 -6.19522
2445038.00173 -5.77872
2445039.00178 -4.38189
2445040.00183 -4.27300
2445041.00187 -5.22477
2445042.00192 -4.77372
2445043.00196 -4.91993
2445044.00201 -4.41502
2445045.00205 -3.58110
2445046.00210 -3.35087
2445047.00214 -2.78213
2445048.00219 -3.34388
2445049.00224 -2.70737
2445050.00228 -2.62034
2445051.00233 -2.46967
2445052.00237 -1.83715
2445053.00242 -1.44688
2445054.00246 -2.08222
2445055.00251 -1.44591
2445056.00256 -1.53523
2445057.00260 -1.26218
2445058.00265 -1.17333
2445059.00269 -1.33848
2445060.00274 -1.42269
2445061.00278 -1.40266
2445062.00283 -1.46534
2445063.00287 -1.34026
2445064.00292 -1.17979
2445065.00297 -1.36068
2445066.00301 -1.63537
2445067.00306 -2.00024
2445068.00310 -2.28311
2445069.00315 -2.25327
2445070.00319 -2.40142
2445071.00324 -2.71491
2445072.00329 -2.71872
2445073.00333 -3.36138
2445074.00338 -3.87604
2445075.00342 -4.14686
2445076.00347 -4.08452
2445077.00351 -4.27595
2445078.00356 -4.02197
2445079.00361 -4.86726
2445080.00365 -5.27114
2445081.00370 -4.84327
2445082.00374 -4.95651
2445083.00379 -6.52872
2445084.00383 -6.27685
2445085.00388 -5.20998
2445086.00392 -5.10488
2445087.00397 -5.30284
2445088.00402 -5.12526
2445089.00406 -6.70795
2445090.00411 -6.88242
2445091.00415 -6.47234
2445092.00420 -6.26142
2445093.00424 -6.78683
2445094.00429 -6.02211
2445095.00434 -5.73310
2445096.00438 -5.94147
2445097.00443 -6.84110
2445098.00447 -6.15286
2445099.00452 -5.27477
2445100.00456 -5.13389
2445101.00461 -5.76437
2445102.00465 -4.54673
2445103.00470 -5.25207
2445104.00475 -4.48593
2445105.00479 -4.41199
2445106.00484 -4.02564
2445107.00488 -4.15832
2445108.00493 -3.09367
2445109.00497 -3.01205
2445110.00502 -2.97853
2445111.00507 -2.69710
2445112.00511 -2.42654
2445113.00516 -2.37648
2445114.00520 -1.87284
2445115.00525 -1.58540
2445116.00529 -1.75305
2445117.00534 -1.49613
2445118.00538 -1.42294
2445119.00543 -1.40586
2445120.00548 -1.15954
2445121.00552 -1.32247
2445122.00557 -1.13744
2445123.00561 -0.97230
2445124.00566 -1.01733
2445125.00570 -0.86894
2445126.00575 -1.02893
2445127.00580 -1.34495
2445128.00584 -1.18596
2445129.00589 -1.34337
2445130.00593 -1.67428
2445131.00598 -1.37836
2445132.00602 -1.86282
2445133.00607 -2.25866
2445134.00611 -2.65198
2445135.00616 -2.36344
2445136.00621 -2.66997
2445137.00625 -3.36390
2445138.00630 -3.22090
2445139.00634 -3.35890
2445140.00639 -3.78911
2445141.00643 -4.17835
2445142.00648 -4.54779
2445143.00653 -4.44225
2445144.00657 -4.37850
2445145.00662 -4.97020
2445146.00666 -4.56112
2445147.00671 -5.88947
2445148.00675 -5.99085
2445149.00680 -4.81290
2445150.00684 -6.55905
2445151.00689 -6.06676
2445152.00694 -5.68216
2445153.00698 -5.58881
2445154.00703 -6.21405
2445155.00707 -6.22833
2445156.00712 -6.33505
2445157.00716 -5.94920
2445158.00721 -5.95995
2445159.00726 -5.49952
2445160.00730 -7.35216
2445161.00735 -4.57908
2445162.00739 -5.24349
2445163.00744 -5.64769
2445164.00748 -4.92755
2445165.00753 -5.49762
2445166.00758 -4.38300
2445167.00762 -4.67711
2445168.00767 -4.82305
2445169.00771 -4.32422
2445170.00776 -4.18025
2445171.00780 -2.95628
2445172.00785 -2.90339
2445173.00789 -3.30334
2445174.00794 -2.91881
2445175.00799 -2.53723
2445176.00803 -1.65541
2445177.00808 -1.69577
2445178.00812 -1.53271
2445179.00817 -1.30811
2445366.01670 -1.40838
2445367.01675 -1.06912
2445368.01679 -1.15124
2445369.01684 -0.95773
2445370.01688 -0.67304
2445371.01693 -0.57239
2445372.01698 -0.29114
2445373.01702 -0.27916
2445374.01707 -0.17704
2445375.01711 -0.13102
2445376.01716 -0.09406
2445377.01720 -0.09855
2445378.01725 -0.11570
2445379.01729 -0.14187
2445380.01734 -0.22883
2445381.01739 -0.37374
2445382.01743 -0.49330
2445383.01748 -0.57255
2445384.01752 -0.79772
2445385.01757 -0.82605
2445386.01761 -0.98097
2445387.01766 -1.22864
2445388.01771 -1.60066
2445389.01775 -1.90021
2445390.01780 -1.75750
2445391.01784 -2.44859
2445392.01789 -2.49429
2445393.01793 -2.96321
2445394.01798 -3.13048
2445395.01803 -3.46242
2445396.01807 -3.52696
2445397.01812 -3.41297
2445398.01816 -3.98784
2445399.01821 -4.51266
2445400.01825 -4.63817
2445401.01830 -4.53301
2445402.01834 -4.34480
2445403.01839 -6.08600
2445404.01844 -5.25443
2445405.01848 -4.17253
2445406.01853 -4.41899
2445407.01857 -4.53451
2445408.01862 -4.85721
2445409.01866 -5.13035
2445410.01871 -5.08443
2445411.01876 -5.18453
2445412.01880 -4.38196
2445413.01885 -4.60275
2445414.01889 -4.97909
2445415.01894 -4.32161
2445416.01898 -4.66698
2445417.01903 -4.05219
2445418.01907 -4.64893
2445419.01912 -3.91933
2445420.01917 -3.76158
2445421.01921 -3.56532
2445422.01926 -3.19643
2445423.01930 -2.52916
2445424.01935 -2.24258
2445425.01939 -2.16211
2445426.01944 -1.87554
2445427.01949 -1.78000
2445428.01953 -1.29653
2445429.01958 -1.29406
2445430.01962 -0.99918
2445431.01967 -0.68504
2445432.01971 -0.42596
2445433.01976 -0.39049
2445434.01980 -0.26618
2445435.01985 -0.09005
2445436.01990 0.01377
2445437.01994 0.11186
2445438.01999 0.15844
2445439.02003 0.18303
2445440.02008 0.24085
2445441.02012 0.21393
2445442.02017 0.16143
2445443.02022 0.09894
2445444.02026 0.00443
2445445.02031 -0.11404
2445446.02035 -0.24540
2445447.02040 -0.46339
2445448.02044 -0.70400
2445449.02049 -0.70776
2445450.02053 -0.90739
2445451.02058 -1.40772
2445452.02063 -1.62764
2445453.02067 -1.33013
2445454.02072 -2.06090
2445455.02076 -2.34157
2445456.02081 -2.37717
2445457.02085 -2.95061
2445458.02090 -2.63857
2445459.02095 -2.98970
2445460.02099 -3.99564
2445461.02104 -2.95401
2445462.02108 -3.63455
2445463.02113 -4.36368
2445464.02117 -4.70670
2445465.02122 -5.14613
2445466.02126 -4.68973
2445467.02131 -5.39038
2445468.02136 -4.35065
2445469.02140 -5.20302
2445470.02145 -5.18664
2445471.02149 -4.79804
2445472.02154 -5.38156
2445473.02158 -4.96544
2445474.02163 -4.91137
2445475.02168 -4.86495
2445476.02172 -3.96192
2445477.02177 -4.15182
2445478.02181 -4.69522
2445479.02186 -4.38086
2445480.02190 -3.69313
2445481.02195 -4.25218
2445482.02200 -3.99425
2445483.02204 -2.75704
2445484.02209 -2.73321
2445485.02213 -2.54753
2445486.02218 -2.34025
2445487.02222 -2.43894
2445488.02227 -1.90497
2445489.02231 -1.60415
2445490.02236 -1.50652
2445491.02241 -1.48722
2445492.02245 -0.94168
2445493.02250 -0.75755
2445494.02254 -0.49661
2445495.02259 -0.27822
2445496.02263 -0.12033
2445497.02268 0.05222
2445498.02273 0.19119
2445499.02277 0.28109
2445500.02282 0.42900
2445501.02286 0.45200
2445502.02291 0.44200
2445503.02295 0.62288
2445504.02300 0.47618
2445505.02304 0.47048
2445506.02309 0.41749
2445507.02314 0.30370
2445508.02318 0.25751
2445509.02323 0.12719
2445510.02327 -0.02961
2445511.02332 -0.20189
2445512.02336 -0.32711
2445513.02341 -0.58244
2445514.02346 -0.80205
2445515.02350 -0.90729
2445516.02355 -1.28646
2445517.02359 -1.81438
2445518.02364 -1.48559
2445519.02368 -2.08284
2445520.02373 -2.41753
2445521.02377 -1.88806
2445522.02382 -2.67942
2445523.02387 -2.93674
2445524.02391 -3.34345
2445525.02396 -2.57226
2445526.02400 -3.27179
2445527.02405 -3.90492
2445528.02409 -4.06349
2445529.02414 -4.40225
2445530.02419 -4.06570
2445531.02423 -4.32055
2445532.02428 -4.58408
2445533.02432 -5.14084
2445534.02437 -5.19366
2445535.02441 -4.70825
2445536.02446 -4.37763
2445537.02450 -3.75823
2445538.02455 -4.12737
2445539.02460 -4.63392
2445540.02464 -4.50429
2445541.02469 -4.19723
2445542.02473 -3.42610
2445543.02478 -3.33438
2445544.02482 -3.49563
2445545.02487 -3.18496
2445731.03336 -3.22156
2445732.03340 -2.93629
2445733.03345 -2.53639
2445734.03349 -2.58821
2445735.03354 -1.89739
2445736.03359 -1.68711
2445737.03363 -1.67349
2445738.03368 -1.54475
2445739.03372 -1.26305
2445740.03377 -0.76834
2445741.03381 -0.49681
2445742.03386 -0.43206
2445743.03391 -0.10284
2445744.03395 0.16935
2445745.03400 0.41934
2445746.03404 0.59737
2445747.03409 1.03617
2445748.03413 1.06202
2445749.03418 1.35260
2445750.03422 1.43435
2445751.03427 1.68733
2445752.03432 1.83413
2445753.03436 1.69354
2445754.03441 1.98354
2445755.03445 2.00232
2445756.03450 1.78799
2445757.03454 1.84405
2445758.03459 1.35357
2445759.03464 2.02291
2445760.03468 1.51046
2445761.03473 1.59070
2445762.03477 1.53679
2445763.03482 1.73522
2445764.03486 1.26991
2445765.03491 1.07907
2445766.03495 0.97549
2445767.03500 0.72533
2445768.03505 0.54708
2445769.03509 0.20759
2445770.03514 -0.02874
2445771.03518 -0.27192
2445772.03523 -0.53502
2445773.03527 -0.86019
2445774.03532 -0.93572
2445775.03537 -1.30218
2445776.03541 -1.35327
2445777.03546 -1.95682
2445778.03550 -1.65532
2445779.03555 -2.06619
2445780.03559 -2.26243
2445781.03564 -2.31645
2445782.03568 -2.33972
2445783.03573 -3.05112
2445784.03578 -2.74046
2445785.03582 -3.29408
2445786.03587 -3.72025
2445787.03591 -3.55370
2445788.03596 -3.39088
2445789.03600 -3.67357
2445790.03605 -2.68203
2445791.03610 -3.24373
2445792.03614 -2.35241
2445793.03619 -3.35925
2445794.03623 -2.61466
2445795.03628 -2.96497
2445796.03632 -2.11596
2445797.03637 -2.03210
2445798.03642 -1.90484
2445799.03646 -1.58885
2445800.03651 -1.35554
2445801.03655 -1.02446
2445802.03660 -0.80358
2445803.03664 -0.60997
2445804.03669 -0.38311
2445805.03673 -0.05138
2445806.03678 0.20485
2445807.03683 0.51936
2445808.03687 0.69269
2445809.03692 1.02357
2445810.03696 1.34238
2445811.03701 1.52367
2445812.03705 1.51925
2445813.03710 1.62864
2445814.03715 2.09155
2445815.03719 2.32687
2445816.03724 2.14938
2445817.03728 1.93151
2445818.03733 2.37029
2445819.03737 2.41942
2445820.03742 2.30079
2445821.03746 2.33138
2445822.03751 2.10913
2445823.03756 2.42393
2445824.03760 2.00116
2445825.03765 1.93198
2445826.03769 1.55628
2445827.03774 1.40978
2445828.03778 1.47438
2445829.03783 1.39598
2445830.03788 1.19836
2445831.03792 0.89578
2445832.03797 0.75307
2445833.03801 0.39979
2445834.03806 0.17829
2445835.03810 -0.07384
2445836.03815 -0.31484
2445837.03819 -0.58633
2445838.03824 -0.99796
2445839.03829 -0.92364
2445840.03833 -1.22810
2445841.03838 -1.54862
2445842.03842 -1.76941
2445843.03847 -1.88827
2445844.03851 -2.15782
2445845.03856 -2.29902
2445846.03861 -2.20302
2445847.03865 -2.91431
2445848.03870 -2.71206
2445849.03874 -2.45986
2445850.03879 -2.46983
2445851.03883 -2.79832
2445852.03888 -3.69903
2445853.03892 -2.73386
2445854.03897 -2.28828
2445855.03902 -1.98208
2445856.03906 -2.49972
2445857.03911 -2.32828
2445858.03915 -2.19793
2445859.03920 -1.89014
2445860.03924 -1.81968
2445861.03929 -1.63426
2445862.03934 -1.43596
2445863.03938 -1.06895
2445864.03943 -0.90628
2445865.03947 -0.54136
2445866.03952 -0.28760
2445867.03956 -0.02204
2445868.03961 0.24837
2445869.03966 0.54878
2445870.03970 0.77543
2445871.03975 1.07347
2445872.03979 1.39474
2445873.03984 1.56926
2445874.03988 1.77847
2445875.03993 2.15289
2445876.03997 2.10890
2445877.04002 2.31577
2445878.04007 2.16489
2445879.04011 2.43533
2445880.04016 2.47576
2445881.04020 2.65217
2445882.04025 2.57364
2445883.04029 2.52339
2445884.04034 3.06948
2445885.04039 3.27688
2445886.04043 2.53408
2445887.04048 2.28696
2445888.04052 2.34268
2445889.04057 2.68920
2445890.04061 2.31207
2445891.04066 2.09199
2445892.04070 1.76995
2445893.04075 1.83359
2445894.04080 1.75816
2445895.04084 0.90846
2445896.04089 0.95829
2445897.04093 0.70949
2445898.04098 0.41458
2445899.04102 0.11209
2445900.04107 -0.14117
2445901.04112 -0.37591
2445902.04116 -0.64028
2445903.04121 -0.91699
2445904.04125 -1.02159
2445905.04130 -1.23421
2445906.04134 -1.56070
2445907.04139 -1.94546
2445908.04143 -1.92054
2445909.04148 -1.82681
2445910.04153 -1.91426
2446096.05001 -0.43257
2446097.05006 -0.59961
2446098.05010 -0.92058
2446099.05015 -0.87041
2446100.05020 -1.00721
2446101.05024 -1.18844
2446102.05029 -0.96935
2446103.05033 -1.31659
2446104.05038 -1.39429
2446105.05042 -1.20625
2446106.05047 -1.14506
2446107.05052 -1.14595
2446108.05056 -0.99783
2446109.05061 -0.83494
2446110.05065 -0.94023
2446111.05070 -0.65773
2446112.05074 -0.47898
2446113.05079 -0.30793
2446114.05084 -0.09632
2446115.05088 0.15851
2446116.05093 0.40280
2446117.05097 0.61564
2446118.05102 0.98559
2446119.05106 1.11108
2446120.05111 1.53877
2446121.05115 1.63537
2446122.05120 1.68007
2446123.05125 1.95266
2446124.05129 2.66788
2446125.05134 2.92667
2446126.05138 3.10575
2446127.05143 3.32167
2446128.05147 3.47984
2446129.05152 4.30594
2446130.05157 3.18919
2446131.05161 3.61135
2446132.05166 4.50988
2446133.05170 3.60089
2446134.05175 3.88975
2446135.05179 4.50485
2446136.05184 4.10120
2446137.05188 4.61145
2446138.05193 4.55221
2446139.05198 4.50901
2446140.05202 4.21541
2446141.05207 3.21250
2446142.05211 3.24838
2446143.05216 4.14415
2446144.05220 3.59372
2446145.05225 3.86048
2446146.05230 2.72358
2446147.05234 2.96524
2446148.05239 2.91699
2446149.05243 2.74356
2446150.05248 2.26108
2446151.05252 2.17921
2446152.05257 1.78636
2446153.05261 1.52814
2446154.05266 1.30109
2446155.05271 1.02593
2446156.05275 0.67223
2446157.05280 0.43000
2446158.05284 0.20219
2446159.05289 0.01676
2446160.05293 -0.15819
2446161.05298 -0.28762
2446162.05303 -0.48066
2446163.05307 -0.63536
2446164.05312 -0.64298
2446165.05316 -0.81194
2446166.05321 -0.92863
2446167.05325 -0.84895
2446168.05330 -0.91647
2446169.05334 -0.93562
2446170.05339 -0.91067
2446171.05344 -0.71682
2446172.05348 -0.72478
2446173.05353 -0.53281
2446174.05357 -0.35196
2446175.05362 -0.18366
2446176.05366 -0.00655
2446177.05371 0.20512
2446178.05376 0.36812
2446179.05380 0.77867
2446180.05385 0.87455
2446181.05389 1.13979
2446182.05394 1.57306
2446183.05398 1.87127
2446184.05403 1.95246
2446185.05408 1.93893
2446186.05412 2.75046
2446187.05417 2.64474
2446188.05421 2.89089
2446189.05426 2.85670
2446190.05430 3.53341
2446191.05435 3.86504
2446192.05439 3.90919
2446193.05444 4.26776
2446194.05449 4.12899
2446195.05453 4.73473
2446196.05458 4.19050
2446197.05462 3.77116
2446198.05467 4.46220
2446199.05471 4.03596
2446200.05476 4.13112
2446201.05481 3.90554
2446202.05485 3.34641
2446203.05490 4.58042
2446204.05494 4.25597
2446205.05499 4.21580
2446206.05503 4.53265
2446207.05508 3.84393
2446208.05512 4.25091
2446209.05517 3.27878
2446210.05522 3.34019
2446211.05526 3.24599
2446212.05531 2.55560
2446213.05535 2.23769
2446214.05540 2.67991
2446215.05544 2.23045
2446216.05549 1.86797
2446217.05554 1.57456
2446218.05558 1.37912
2446219.05563 0.79776
2446220.05567 0.82848
2446221.05572 0.55881
2446222.05576 0.44242
2446223.05581 0.26160
2446224.05585 0.05661
2446225.05590 -0.10899
2446226.05595 -0.25930
2446227.05599 -0.31469
2446228.05604 -0.39000
2446229.05608 -0.44743
2446230.05613 -0.46171
2446231.05617 -0.53477
2446232.05622 -0.49340
2446233.05627 -0.48432
2446234.05631 -0.41194
2446235.05636 -0.32429
2446236.05640 -0.23347
2446237.05645 -0.06993
2446238.05649 0.08219
2446239.05654 0.24723
2446240.05658 0.48064
2446241.05663 0.72383
2446242.05668 0.90518
2446243.05672 1.14556
2446244.05677 1.59453
2446245.05681 1.81043
2446246.05686 1.89187
2446247.05690 2.53360
2446248.05695 2.86639
2446249.05700 2.62702
2446250.05704 3.61993
2446251.05709 2.83382
2446252.05713 3.61609
2446253.05718 4.23120
2446254.05722 3.81163
2446255.05727 4.51789
2446256.05731 4.15736
2446257.05736 3.39391
2446258.05741 4.50418
2446259.05745 4.82559
2446260.05750 5.92455
2446261.05754 3.90841
2446262.05759 3.86362
2446263.05763 5.92357
2446264.05768 4.23281
2446265.05773 5.79624
2446266.05777 4.69950
2446267.05782 3.89556
2446268.05786 4.39644
2446269.05791 4.80575
2446270.05795 4.38903
2446271.05800 4.00065
2446272.05805 3.82244
2446273.05809 4.40526
2446274.05814 3.91370
2446275.05818 2.81958
2446461.06667 4.97900
2446462.06672 4.78082
2446463.06676 4.88498
2446464.06681 3.85808
2446465.06685 4.18833
2446466.06690 3.82693
2446467.06694 3.67950
2446468.06699 3.83660
2446469.06703 2.81990
2446470.06708 3.08486
2446471.06713 2.91874
2446472.06717 1.96530
2446473.06722 2.42945
2446474.06726 1.69407
2446475.06731 1.26464
2446476.06735 1.50359
2446477.06740 1.42391
2446478.06745 1.18804
2446479.06749 1.12371
2446480.06754 0.65758
2446481.06758 0.92914
2446482.06763 0.63101
2446483.06767 0.70276
2446484.06772 0.66893
2446485.06776 0.73549
2446486.06781 0.69456
2446487.06786 0.67573
2446488.06790 0.85569
2446489.06795 0.82782
2446490.06799 1.04117
2446491.06804 1.30124
2446492.06808 1.46211
2446493.06813 1.88799
2446494.06818 1.75919
2446495.06822 2.34109
2446496.06827 2.23195
2446497.06831 2.91580
2446498.06836 2.96741
2446499.06840 3.13650
2446500.06845 3.20152
2446501.06850 2.53057
2446502.06854 4.06185
2446503.06859 4.37581
2446504.06863 4.19434
2446505.06868 4.30237
2446506.06872 4.89474
2446507.06877 5.18276
2446508.06881 6.24454
2446509.06886 3.80991
2446510.06891 5.12159
2446511.06895 4.86537
2446512.06900 6.07073
2446513.06904 5.65306
2446514.06909 6.35159
2446515.06913 5.94207
2446516.06918 7.05208
2446517.06923 5.45982
2446518.06927 6.28082
2446519.06932 6.23790
2446520.06936 5.93275
2446521.06941 6.02226
2446522.06945 5.89234
2446523.06950 5.39585
2446524.06954 5.29555
2446525.06959 4.71911
2446526.06964 5.26205
2446527.06968 3.61511
2446528.06973 4.32144
2446529.06977 5.08143
2446530.06982 4.42648
2446531.06986 3.95764
2446532.06991 4.11686
2446533.06996 3.03323
2446534.07000 2.91481
2446535.07005 2.74365
2446536.07009 2.56370
2446537.07014 2.08477
2446538.07018 1.83796
2446539.07023 2.13984
2446540.07027 1.63509
2446541.07032 1.64860
2446542.07037 1.22272
2446543.07041 1.14235
2446544.07046 0.89373
2446545.07050 1.02163
2446546.07055 0.90802
2446547.07059 0.84139
2446548.07064 0.91316
2446549.07069 0.91482
2446550.07073 0.94256
2446551.07078 1.13593
2446552.07082 1.03889
2446553.07087 1.26414
2446554.07091 1.38155
2446555.07096 1.61766
2446556.07100 1.63811
2446557.07105 2.25314
2446558.07110 1.97683
2446559.07114 2.78910
2446560.07119 2.70468
2446561.07123 3.27480
2446562.07128 3.45740
2446563.07132 3.28722
2446564.07137 3.76964
2446565.07142 4.43377
2446566.07146 4.59280
2446567.07151 4.48975
2446568.07155 4.72528
2446569.07160 4.03577
2446570.07164 5.52509
2446571.07169 5.75632
2446572.07173 4.88746
2446573.07178 6.24438
2446574.07183 5.58369
2446575.07187 6.60222
2446576.07192 5.81236
2446577.07196 6.11513
2446578.07201 6.38851
2446579.07205 6.26855
2446580.07210 5.79616
2446581.07215 6.79613
2446582.07219 6.50414
2446583.07224 7.09284
2446584.07228 4.93321
2446585.07233 5.42974
2446586.07237 7.11905
2446587.07242 6.40442
2446588.07247 5.17585
2446589.07251 5.05751
2446590.07256 5.24038
2446591.07260 4.34256
2446592.07265 4.80948
2446593.07269 4.39267
2446594.07274 4.57423
2446595.07278 4.07677
2446596.07283 2.87149
2446597.07288 3.17729
2446598.07292 2.90806
2446599.07297 2.74338
2446600.07301 2.35740
2446601.07306 1.96314
2446602.07310 1.92706
2446603.07315 1.75597
2446604.07320 1.79303
2446605.07324 1.69932
2446606.07329 1.43362
2446607.07333 1.33917
2446608.07338 1.25819
2446609.07342 1.26860
2446610.07347 1.08668
2446611.07351 1.07811
2446612.07356 1.15706
2446613.07361 1.07972
2446614.07365 1.13042
2446615.07370 1.47270
2446616.07374 1.25800
2446617.07379 1.40459
2446618.07383 1.57950
2446619.07388 1.81254
2446620.07393 1.99723
2446621.07397 1.84989
2446622.07402 2.37879
2446623.07406 2.79299
2446624.07411 2.62122
2446625.07415 3.58200
2446626.07420 3.36229
2446627.07424 4.29760
2446628.07429 4.69098
2446629.07434 4.17780
2446630.07438 4.51447
2446631.07443 5.43535
2446632.07447 5.58183
2446633.07452 5.52463
2446634.07456 5.24831
2446635.07461 5.30309
2446636.07466 6.94786
2446637.07470 6.95071
2446638.07475 5.38594
2446639.07479 6.10451
2446640.07484 6.93575
2446827.08337 5.97648
2446828.08342 6.64637
2446829.08346 7.51205
2446830.08351 7.33316
2446831.08355 7.02975
2446832.08360 6.14423
2446833.08365 8.07094
2446834.08369 7.27392
2446835.08374 7.00968
2446836.08378 7.94412
2446837.08383 8.33052
2446838.08387 6.90094
2446839.08392 7.53560
2446840.08396 6.64041
2446841.08401 5.32922
2446842.08406 5.13252
2446843.08410 5.59306
2446844.08415 5.94914
2446845.08419 6.37345
2446846.08424 4.86280
2446847.08428 5.25155
2446848.08433 4.67577
2446849.08438 3.49855
2446850.08442 3.68049
2446851.08447 3.61113
2446852.08451 3.07095
2446853.08456 2.77526
2446854.08460 2.74177
2446855.08465 2.70116
2446856.08469 2.57627
2446857.08474 2.41281
2446858.08479 2.24972
2446859.08483 2.33572
2446860.08488 2.25007
2446861.08492 1.89552
2446862.08497 1.86023
2446863.08501 1.56937
2446864.08506 1.67573
2446865.08511 1.72469
2446866.08515 1.55267
2446867.08520 1.67766
2446868.08524 1.84822
2446869.08529 1.96684
2446870.08533 1.60241
2446871.08538 2.40363
2446872.08542 2.26042
2446873.08547 2.98531
2446874.08552 2.82338
2446875.08556 2.71354
2446876.08561 2.93942
2446877.08565 3.89025
2446878.08570 3.68659
2446879.08574 4.03984
2446880.08579 4.40536
2446881.08584 4.48472
2446882.08588 4.76956
2446883.08593 4.65145
2446884.08597 5.60912
2446885.08602 5.92524
2446886.08606 5.98256
2446887.08611 6.26922
2446888.08615 6.15914
2446889.08620 6.09543
2446890.08625 6.63378
2446891.08629 7.73352
2446892.08634 8.84847
2446893.08638 7.73271
2446894.08643 7.02101
2446895.08647 7.92209
2446896.08652 6.75213
2446897.08657 7.40801
2446898.08661 5.97658
2446899.08666 6.80655
2446900.08670 6.19142
2446901.08675 7.26901
2446902.08679 6.00451
2446903.08684 6.46194
2446904.08689 7.37065
2446905.08693 6.52171
2446906.08698 6.15851
2446907.08702 5.85529
2446908.08707 5.35862
2446909.08711 5.81950
2446910.08716 4.33392
2446911.08720 3.83746
2446912.08725 3.91995
2446913.08730 4.68405
2446914.08734 3.90288
2446915.08739 3.42520
2446916.08743 3.28430
2446917.08748 2.86545
2446918.08752 3.26794
2446919.08757 2.39434
2446920.08762 2.73598
2446921.08766 2.32624
2446922.08771 2.25225
2446923.08775 2.33704
2446924.08780 1.95859
2446925.08784 1.74628
2446926.08789 1.79922
2446927.08793 2.06420
2446928.08798 1.99529
2446929.08803 1.59939
2446930.08807 1.70344
2446931.08812 1.77637
2446932.08816 1.99507
2446933.08821 1.80692
2446934.08825 2.37014
2446935.08830 2.19012
2446936.08835 2.65816
2446937.08839 3.26795
2446938.08844 2.83821
2446939.08848 2.84093
2446940.08853 3.31510
2446941.08857 3.70648
2446942.08862 4.40975
2446943.08866 4.82793
2446944.08871 5.18141
2446945.08876 4.89321
2446946.08880 4.92243
2446947.08885 5.46521
2446948.08889 5.87152
2446949.08894 5.73547
2446950.08898 6.03092
2446951.08903 6.63992
2446952.08908 5.99040
2446953.08912 7.14333
2446954.08917 6.33136
2446955.08921 6.86429
2446956.08926 6.09807
2446957.08930 5.52375
2446958.08935 7.63635
2446959.08939 6.99604
2446960.08944 7.78806
2446961.08949 7.95206
2446962.08953 6.44973
2446963.08958 7.39008
2446964.08962 6.24727
2446965.08967 6.19105
2446966.08971 6.45469
2446967.08976 5.36830
2446968.08981 5.02718
2446969.08985 6.68644
2446970.08990 6.58199
2446971.08994 5.79110
2446972.08999 4.89124
2446973.09003 5.20224
2446974.09008 4.46958
2446975.09013 3.77433
2446976.09017 4.30587
2446977.09022 4.24152
2446978.09026 3.22506
2446979.09031 3.12741
2446980.09035 2.94388
2446981.09040 2.62595
2446982.09044 2.81909
2446983.09049 2.03792
2446984.09054 2.21579
2446985.09058 2.11407
2446986.09063 2.07139
2446987.09067 1.76312
2446988.09072 1.82922
2446989.09076 1.80557
2446990.09081 2.06686
2446991.09086 1.50116
2446992.09090 1.72204
2446993.09095 1.68542
2446994.09099 1.81913
2446995.09104 2.17349
2446996.09108 2.23688
2446997.09113 2.35419
2446998.09117 2.28134
2446999.09122 2.79165
2447000.09127 2.31533
2447001.09131 3.41595
2447002.09136 3.04143
2447003.09140 3.73438
2447004.09145 3.34799
2447005.09149 3.89532
2447006.09154 4.25642
2447192.10003 3.01907
2447193.10007 3.36964
2447194.10012 3.12577
2447195.10016 4.08832
2447196.10021 3.30410
2447197.10026 4.41612
2447198.10030 4.37017
2447199.10035 4.69299
2447200.10039 5.34257
2447201.10044 4.86968
2447202.10048 5.12551
2447203.10053 5.78966
2447204.10057 5.68958
2447205.10062 6.15902
2447206.10067 6.36863
2447207.10071 6.92841
2447208.10076 5.31374
2447209.10080 6.87844
2447210.10085 7.10532
2447211.10089 6.56083
2447212.10094 7.75174
2447213.10099 5.97541
2447214.10103 7.66591
2447215.10108 7.22636
2447216.10112 6.12468
2447217.10117 6.33741
2447218.10121 6.59965
2447219.10126 6.89048
2447220.10131 6.30022
2447221.10135 5.04417
2447222.10140 6.75876
2447223.10144 5.56478
2447224.10149 6.13126
2447225.10153 5.33483
2447226.10158 4.03598
2447227.10162 4.33257
2447228.10167 4.17805
2447229.10172 3.83303
2447230.10176 3.86730
2447231.10181 3.22861
2447232.10185 2.82720
2447233.10190 2.81298
2447234.10194 2.91292
2447235.10199 2.92002
2447236.10204 2.21907
2447237.10208 2.05315
2447238.10213 2.29279
2447239.10217 1.76719
2447240.10222 1.71799
2447241.10226 1.83733
2447242.10231 1.52364
2447243.10235 1.35574
2447244.10240 1.61562
2447245.10245 1.38702
2447246.10249 1.52467
2447247.10254 1.51317
2447248.10258 1.98755
2447249.10263 1.83805
2447250.10267 2.08417
2447251.10272 2.33391
2447252.10277 2.43086
2447253.10281 2.23492
2447254.10286 2.17495
2447255.10290 2.89887
2447256.10295 3.47311
2447257.10299 3.50888
2447258.10304 4.04757
2447259.10308 3.16215
2447260.10313 4.20804
2447261.10318 4.34636
2447262.10322 5.22143
2447263.10327 5.27468
2447264.10331 5.27495
2447265.10336 5.39926
2447266.10340 4.51584
2447267.10345 5.22750
2447268.10350 6.92672
2447269.10354 5.99531
2447270.10359 7.51680
2447271.10363 5.49644
2447272.10368 7.08391
2447273.10372 6.63613
2447274.10377 5.70372
2447275.10381 7.37478
2447276.10386 6.54107
2447277.10391 6.71443
2447278.10395 7.29158
2447279.10400 6.36125
2447280.10404 6.78567
2447281.10409 7.19112
2447282.10413 5.61663
2447283.10418 5.84164
2447284.10423 5.45004
2447285.10427 5.10975
2447286.10432 5.94836
2447287.10436 5.12681
2447288.10441 5.69161
2447289.10445 4.88214
2447290.10450 3.98351
2447291.10455 3.87838
2447292.10459 3.59720
2447293.10464 3.99396
2447294.10468 3.42783
2447295.10473 3.28963
2447296.10477 3.27652
2447297.10482 2.73376
2447298.10486 2.92197
2447299.10491 2.35921
2447300.10496 2.28357
2447301.10500 1.60890
2447302.10505 1.79322
2447303.10509 1.65422
2447304.10514 1.50230
2447305.10518 1.43196
2447306.10523 1.39772
2447307.10528 1.26230
2447308.10532 1.31323
2447309.10537 1.33362
2447310.10541 1.58388
2447311.10546 1.45283
2447312.10550 1.59091
2447313.10555 1.41984
2447314.10559 2.44208
2447315.10564 2.08043
2447316.10569 2.58252
2447317.10573 2.79230
2447318.10578 3.10631
2447319.10582 2.35065
2447320.10587 2.55572
2447321.10591 3.43693
2447322.10596 4.02079
2447323.10601 3.67586
2447324.10605 3.79354
2447325.10610 3.74184
2447326.10614 4.44768
2447327.10619 4.81744
2447328.10623 5.01205
2447329.10628 4.88765
2447330.10632 5.15898
2447331.10637 5.26292
2447332.10642 6.55293
2447333.10646 6.27389
2447334.10651 6.80695
2447335.10655 6.60422
2447336.10660 5.76714
2447337.10664 6.25866
2447338.10669 5.83987
2447339.10674 6.00335
2447340.10678 6.80964
2447341.10683 6.15943
2447342.10687 6.44224
2447343.10692 6.77883
2447344.10696 5.40238
2447345.10701 5.86084
2447346.10705 6.07801
2447347.10710 5.49291
2447348.10715 4.44291
2447349.10719 5.18430
2447350.10724 5.68138
2447351.10728 5.35213
2447352.10733 4.50314
2447353.10737 4.56532
2447354.10742 3.98500
2447355.10747 3.72963
2447356.10751 3.36765
2447357.10756 2.80787
2447358.10760 3.35944
2447359.10765 3.32266
2447360.10769 2.83765
2447361.10774 2.10148
2447362.10778 2.12564
2447363.10783 1.76354
2447364.10788 1.58668
2447365.10792 1.61626
2447366.10797 1.50977
2447367.10801 1.32431
2447368.10806 1.23450
2447369.10810 1.23954
2447370.10815 1.13792
2447371.10820 1.27834
2447557.11668 0.54746
2447558.11673 0.43247
2447559.11677 0.48271
2447560.11682 0.43414
2447561.11687 0.42302
2447562.11691 0.53627
2447563.11696 0.53327
2447564.11700 0.59852
2447565.11705 0.56720
2447566.11709 0.69757
2447567.11714 0.84572
2447568.11719 0.96826
2447569.11723 1.26996
2447570.11728 1.50710
2447571.11732 1.73559
2447572.11737 1.94377
2447573.11741 2.34096
2447574.11746 2.43487
2447575.11750 2.18419
2447576.11755 2.43598
2447577.11760 2.95110
2447578.11764 3.61736
2447579.11769 3.78298
2447580.11773 4.36844
2447581.11778 5.03004
2447582.11782 4.97266
2447583.11787 4.90493
2447584.11792 4.21291
2447585.11796 5.35457
2447586.11801 6.43327
2447587.11805 4.87585
2447588.11810 5.11224
2447589.11814 5.01106
2447590.11819 6.65566
2447591.11823 5.74119
2447592.11828 5.39775
2447593.11833 5.48095
2447594.11837 6.70020
2447595.11842 4.56944
2447596.11846 5.93796
2447597.11851 5.49336
2447598.11855 5.52341
2447599.11860 4.84174
2447600.11865 4.86573
2447601.11869 4.00166
2447602.11874 5.01801
2447603.11878 5.14081
2447604.11883 4.02272
2447605.11887 4.01514
2447606.11892 3.02253
2447607.11897 3.22554
2447608.11901 3.17931
2447609.11906 2.94230
2447610.11910 2.66687
2447611.11915 2.27471
2447612.11919 2.09938
2447613.11924 1.71197
2447614.11928 1.29370
2447615.11933 1.35180
2447616.11938 0.91902
2447617.11942 0.72760
2447618.11947 0.61970
2447619.11951 0.53361
2447620.11956 0.40189
2447621.11960 0.27869
2447622.11965 0.21637
2447623.11970 0.16181
2447624.11974 0.15744
2447625.11979 0.19006
2447626.11983 0.19901
2447627.11988 0.27350
2447628.11992 0.33771
2447629.11997 0.43859
2447630.12001 0.55108
2447631.12006 0.75109
2447632.12011 1.07045
2447633.12015 1.09057
2447634.12020 1.31781
2447635.12024 1.59292
2447636.12029 1.88772
2447637.12033 1.96642
2447638.12038 2.71728
2447639.12043 2.96793
2447640.12047 3.17793
2447641.12052 3.69391
2447642.12056 3.30143
2447643.12061 3.07106
2447644.12065 3.03177
2447645.12070 4.39154
2447646.12074 4.70524
2447647.12079 4.67874
2447648.12084 4.48875
2447649.12088 4.36474
2447650.12093 6.10294
2447651.12097 5.85084
2447652.12102 5.54980
2447653.12106 6.70200
2447654.12111 5.23380
2447655.12116 5.21373
2447656.12120 4.88275
2447657.12125 5.69041
2447658.12129 6.03432
2447659.12134 6.02922
2447660.12138 4.78527
2447661.12143 5.83217
2447662.12147 4.69988
2447663.12152 4.97051
2447664.12157 4.72385
2447665.12161 3.97890
2447666.12166 3.58844
2447667.12170 3.61447
2447668.12175 3.35264
2447669.12179 2.87763
2447670.12184 2.53374
2447671.12189 3.01113
2447672.12193 2.70710
2447673.12198 2.12388
2447674.12202 1.86959
2447675.12207 1.58458
2447676.12211 1.41631
2447677.12216 1.17386
2447678.12220 1.01347
2447679.12225 0.80809
2447680.12230 0.57675
2447681.12234 0.43591
2447682.12239 0.23213
2447683.12243 0.08852
2447684.12248 -0.00131
2447685.12252 -0.08674
2447686.12257 -0.14425
2447687.12262 -0.14282
2447688.12266 -0.15633
2447689.12271 -0.11866
2447690.12275 -0.07045
2447691.12280 0.01366
2447692.12284 0.12757
2447693.12289 0.24167
2447694.12294 0.40388
2447695.12298 0.56229
2447696.12303 0.77841
2447697.12307 1.01111
2447698.12312 1.29843
2447699.12316 1.25990
2447700.12321 1.71891
2447701.12325 1.83458
2447702.12330 2.03289
2447703.12335 2.21899
2447704.12339 2.67214
2447705.12344 3.30380
2447706.12348 3.31955
2447707.12353 3.67415
2447708.12357 3.03580
2447709.12362 3.97894
2447710.12367 4.54691
2447711.12371 4.67751
2447712.12376 4.81347
2447713.12380 4.60479
2447714.12385 5.29893
2447715.12389 4.28514
2447716.12394 4.92115
2447717.12398 5.11233
2447718.12403 5.59225
2447719.12408 6.25748
2447720.12412 4.52321
2447721.12417 4.57365
2447722.12421 5.44185
2447723.12426 4.50907
2447724.12430 4.76699
2447725.12435 4.11244
2447726.12440 4.74567
2447727.12444 3.91990
2447728.12449 4.06081
2447729.12453 4.17186
2447730.12458 3.64130
2447731.12462 3.10343
2447732.12467 2.84019
2447733.12471 3.17880
2447734.12476 2.68774
2447735.12481 2.32076
2447736.12485 1.93044
2447922.13334 1.75780
2447923.13339 1.42899
2447924.13343 1.45965
2447925.13348 1.11638
2447926.13352 0.70831
2447927.13357 0.49757
2447928.13361 0.30566
2447929.13366 0.08062
2447930.13370 -0.15808
2447931.13375 -0.41842
2447932.13380 -0.63236
2447933.13384 -0.81088
2447934.13389 -0.85219
2447935.13393 -0.96718
2447936.13398 -0.97534
2447937.13402 -1.72686
2447938.13407 -1.32577
2447939.13412 -1.43714
2447940.13416 -1.40802
2447941.13421 -1.59251
2447942.13425 -1.45191
2447943.13430 -1.60409
2447944.13434 -1.24750
2447945.13439 -1.30169
2447946.13443 -1.06218
2447947.13448 -1.11323
2447948.13453 -0.93376
2447949.13457 -0.69751
2447950.13462 -0.47712
2447951.13466 -0.33102
2447952.13471 -0.05354
2447953.13475 0.19265
2447954.13480 0.41678
2447955.13485 0.57686
2447956.13489 1.03945
2447957.13494 1.55918
2447958.13498 1.46500
2447959.13503 1.77850
2447960.13507 2.03649
2447961.13512 1.80615
2447962.13516 2.07869
2447963.13521 2.70241
2447964.13526 2.98501
2447965.13530 3.19635
2447966.13535 2.91454
2447967.13539 3.32146
2447968.13544 4.05036
2447969.13548 3.30579
2447970.13553 3.34239
2447971.13558 3.50708
2447972.13562 4.08143
2447973.13567 3.71821
2447974.13571 2.95127
2447975.13576 2.98624
2447976.13580 3.52720
2447977.13585 2.97444
2447978.13589 2.86361
2447979.13594 3.23652
2447980.13599 2.46565
2447981.13603 2.71817
2447982.13608 2.27459
2447983.13612 2.09675
2447984.13617 1.97395
2447985.13621 1.73685
2447986.13626 1.44447
2447987.13631 1.29958
2447988.13635 0.80654
2447989.13640 0.65058
2447990.13644 0.31214
2447991.13649 0.02450
2447992.13653 -0.30497
2447993.13658 -0.33212
2447994.13662 -0.71998
2447995.13667 -0.97322
2447996.13672 -0.91219
2447997.13676 -1.29863
2447998.13681 -1.40131
2447999.13685 -1.78142
2448000.13690 -2.06915
2448001.13694 -1.68940
2448002.13699 -1.90285
2448003.13704 -1.88630
2448004.13708 -1.74339
2448005.13713 -1.80646
2448006.13717 -1.65273
2448007.13722 -1.60838
2448008.13726 -1.96747
2448009.13731 -1.57509
2448010.13736 -1.64743
2448011.13740 -1.60638
2448012.13745 -1.10413
2448013.13749 -0.96179
2448014.13754 -0.73859
2448015.13758 -0.42320
2448016.13763 -0.30130
2448017.13767 -0.01035
2448018.13772 0.24190
2448019.13777 0.51307
2448020.13781 0.65670
2448021.13786 1.09428
2448022.13790 1.29197
2448023.13795 1.57209
2448024.13799 1.99796
2448025.13804 1.74927
2448026.13809 2.36530
2448027.13813 2.42115
2448028.13818 2.72028
2448029.13822 2.61460
2448030.13827 2.94782
2448031.13831 3.38054
2448032.13836 3.07797
2448033.13840 3.09752
2448034.13845 2.90577
2448035.13850 3.56472
2448036.13854 3.51832
2448037.13859 3.30410
2448038.13863 3.11192
2448039.13868 3.33769
2448040.13872 3.09616
2448041.13877 2.85507
2448042.13882 2.59314
2448043.13886 2.42743
2448044.13891 2.22503
2448045.13895 2.11013
2448046.13900 1.91399
2448047.13904 1.57600
2448048.13909 1.31146
2448049.13913 1.24193
2448050.13918 0.88332
2448051.13923 0.52965
2448052.13927 0.25991
2448053.13932 -0.01123
2448054.13936 -0.31649
2448055.13941 -0.56955
2448056.13945 -0.91135
2448057.13950 -1.01665
2448058.13955 -1.16186
2448059.13959 -1.36807
2448060.13964 -1.81293
2448061.13968 -2.23938
2448062.13973 -1.86382
2448063.13977 -1.86411
2448064.13982 -2.17321
2448065.13986 -2.32612
2448066.13991 -2.52393
2448067.13996 -1.95440
2448068.14000 -2.45695
2448069.14005 -1.97384
2448070.14009 -2.46534
2448071.14014 -2.30906
2448072.14018 -1.87967
2448073.14023 -1.99912
2448074.14028 -1.90139
2448075.14032 -1.57467
2448076.14037 -1.15624
2448077.14041 -1.11138
2448078.14046 -0.97657
2448079.14050 -0.77835
2448080.14055 -0.49467
2448081.14060 -0.20222
2448082.14064 0.03298
2448083.14069 0.31914
2448084.14073 0.47596
2448085.14078 0.75076
2448086.14082 1.03185
2448087.14087 1.50819
2448088.14091 1.83093
2448089.14096 1.33550
2448090.14101 1.92136
2448091.14105 2.28742
2448092.14110 2.43787
2448093.14114 2.45927
2448094.14119 2.87973
2448095.14123 2.97293
2448096.14128 2.82699
2448097.14133 2.61039
2448098.14137 2.88439
2448099.14142 2.98000
2448100.14146 2.71557
2448101.14151 2.73730
2448288.15004 1.70732
2448289.15009 1.66047
2448290.15013 1.62239
2448291.15018 1.53112
2448292.15022 1.40729
2448293.15027 1.43875
2448294.15031 1.18679
2448295.15036 1.10416
2448296.15041 0.76474
2448297.15045 0.80750
2448298.15050 0.50961
2448299.15054 0.36698
2448300.15059 0.09956
2448301.15063 -0.14897
2448302.15068 -0.41869
2448303.15073 -0.62580
2448304.15077 -0.78555
2448305.15082 -1.03876
2448306.15086 -1.41817
2448307.15091 -1.64579
2448308.15095 -1.80741
2448309.15100 -1.85006
2448310.15104 -2.06453
2448311.15109 -2.88835
2448312.15114 -2.47208
2448313.15118 -2.73764
2448314.15123 -3.59423
2448315.15127 -2.93209
2448316.15132 -3.78007
2448317.15136 -3.74547
2448318.15141 -3.67799
2448319.15146 -3.76545
2448320.15150 -3.85283
2448321.15155 -3.59726
2448322.15159 -3.93374
2448323.15164 -4.00558
2448324.15168 -3.37723
2448325.15173 -3.33630
2448326.15178 -3.09169
2448327.15182 -3.51745
2448328.15187 -3.08829
2448329.15191 -3.54328
2448330.15196 -2.73350
2448331.15200 -2.29769
2448332.15205 -2.28896
2448333.15209 -1.77496
2448334.15214 -1.61339
2448335.15219 -1.56223
2448336.15223 -1.32456
2448337.15228 -1.07717
2448338.15232 -0.81334
2448339.15237 -0.56214
2448340.15241 -0.24786
2448341.15246 -0.05481
2448342.15251 0.14295
2448343.15255 0.36916
2448344.15260 0.60535
2448345.15264 0.71723
2448346.15269 0.96467
2448347.15273 1.02318
2448348.15278 1.12025
2448349.15282 1.32490
2448350.15287 1.42383
2448351.15292 1.32731
2448352.15296 1.29271
2448353.15301 1.08311
2448354.15305 1.23958
2448355.15310 1.16904
2448356.15314 1.07151
2448357.15319 0.84158
2448358.15324 0.83424
2448359.15328 0.64522
2448360.15333 0.38199
2448361.15337 0.22221
2448362.15342 0.04296
2448363.15346 -0.16669
2448364.15351 -0.45865
2448365.15355 -0.68506
2448366.15360 -0.88366
2448367.15365 -1.22941
2448368.15369 -1.55375
2448369.15374 -1.81482
2448370.15378 -1.95469
2448371.15383 -2.18546
2448372.15387 -2.43198
2448373.15392 -2.68476
2448374.15397 -2.36437
2448375.15401 -2.84135
2448376.15406 -3.62620
2448377.15410 -3.48787
2448378.15415 -3.67030
2448379.15419 -3.98416
2448380.15424 -3.56025
2448381.15428 -3.95359
2448382.15433 -3.66878
2448383.15438 -4.44757
2448384.15442 -4.20972
2448385.15447 -3.86258
2448386.15451 -3.63538
2448387.15456 -3.50430
2448388.15460 -3.65001
2448389.15465 -4.88314
2448390.15470 -3.75988
2448391.15474 -3.74125
2448392.15479 -3.63709
2448393.15483 -3.43195
2448394.15488 -3.09850
2448395.15492 -2.70206
2448396.15497 -2.85222
2448397.15502 -2.17350
2448398.15506 -2.02904
2448399.15511 -1.62681
2448400.15515 -1.36637
2448401.15520 -1.12552
2448402.15524 -0.95332
2448403.15529 -0.78008
2448404.15533 -0.39474
2448405.15538 -0.27260
2448406.15543 -0.04165
2448407.15547 0.12624
2448408.15552 0.32877
2448409.15556 0.53424
2448410.15561 0.65772
2448411.15565 0.77792
2448412.15570 0.85606
2448413.15575 0.94786
2448414.15579 0.86019
2448415.15584 1.00253
2448416.15588 0.98919
2448417.15593 0.94092
2448418.15597 0.76646
2448419.15602 0.78136
2448420.15606 0.64420
2448421.15611 0.53497
2448422.15616 0.34665
2448423.15620 0.18600
2448424.15625 -0.03329
2448425.15629 -0.20117
2448426.15634 -0.50755
2448427.15638 -0.64455
2448428.15643 -0.85451
2448429.15648 -1.54945
2448430.15652 -1.60587
2448431.15657 -1.76030
2448432.15661 -1.98603
2448433.15666 -2.37798
2448434.15670 -2.93164
2448435.15675 -2.56045
2448436.15679 -2.91969
2448437.15684 -3.22505
2448438.15689 -3.69391
2448439.15693 -2.63831
2448440.15698 -3.91313
2448441.15702 -3.93550
2448442.15707 -4.20038
2448443.15711 -3.85869
2448444.15716 -4.37416
2448445.15721 -3.88714
2448446.15725 -4.98502
2448447.15730 -3.71569
2448448.15734 -3.89762
2448449.15739 -3.94551
2448450.15743 -4.81063
2448451.15748 -3.96019
2448452.15752 -4.32424
2448453.15757 -3.32083
2448454.15762 -4.70498
2448455.15766 -3.56519
2448456.15771 -3.51114
2448457.15775 -2.86505
2448458.15780 -2.95299
2448459.15784 -3.26873
2448460.15789 -2.71513
2448461.15794 -2.38228
2448462.15798 -2.27195
2448463.15803 -1.82459
2448464.15807 -1.57692
2448465.15812 -1.12572
2448466.15816 -1.41328
2448467.15821 -0.95868
2448653.16670 -2.67514
2448654.16674 -2.65795
2448655.16679 -1.88629
2448656.16683 -2.18749
2448657.16688 -1.88992
2448658.16693 -1.80770
2448659.16697 -1.38702
2448660.16702 -1.06677
2448661.16706 -0.87266
2448662.16711 -0.80563
2448663.16715 -0.69577
2448664.16720 -0.54183
2448665.16724 -0.52228
2448666.16729 -0.37205
2448667.16734 -0.39694
2448668.16738 -0.34352
2448669.16743 -0.32330
2448670.16747 -0.38338
2448671.16752 -0.39750
2448672.16756 -0.49243
2448673.16761 -0.61055
2448674.16766 -0.76905
2448675.16770 -0.95652
2448676.16775 -1.18593
2448677.16779 -1.25160
2448678.16784 -1.42993
2448679.16788 -1.76123
2448680.16793 -1.72173
2448681.16797 -2.16407
2448682.16802 -2.38529
2448683.16807 -2.64494
2448684.16811 -3.03988
2448685.16816 -3.35183
2448686.16820 -3.71015
2448687.16825 -3.72213
2448688.16829 -4.05680
2448689.16834 -4.41650
2448690.16839 -4.87028
2448691.16843 -6.12950
2448692.16848 -4.71282
2448693.16852 -5.88574
2448694.16857 -5.99294
2448695.16861 -4.73495
2448696.16866 -6.09748
2448697.16870 -5.39686
2448698.16875 -5.65113
2448699.16880 -5.16980
2448700.16884 -6.00098
2448701.16889 -6.02666
2448702.16893 -6.10871
2448703.16898 -5.02123
2448704.16902 -5.70248
2448705.16907 -6.39551
2448706.16912 -6.55227
2448707.16916 -5.89852
2448708.16921 -4.98413
2448709.16925 -5.06238
2448710.16930 -4.65445
2448711.16934 -5.11727
2448712.16939 -4.01298
2448713.16944 -3.15103
2448714.16948 -3.58561
2448715.16953 -3.57290
2448716.16957 -3.27429
2448717.16962 -2.76276
2448718.16966 -2.49928
2448719.16971 -2.23077
2448720.16975 -2.42165
2448721.16980 -1.65103
2448722.16985 -1.87709
2448723.16989 -1.47674
2448724.16994 -1.37279
2448725.16998 -1.14238
2448726.17003 -1.00257
2448727.17007 -0.80473
2448728.17012 -0.72844
2448729.17017 -0.75395
2448730.17021 -0.58206
2448731.17026 -0.60876
2448732.17030 -0.58272
2448733.17035 -0.70021
2448734.17039 -0.62645
2448735.17044 -0.61967
2448736.17048 -0.78391
2448737.17053 -0.90979
2448738.17058 -1.21760
2448739.17062 -1.38424
2448740.17067 -1.37382
2448741.17071 -1.86104
2448742.17076 -1.84717
2448743.17080 -2.37856
2448744.17085 -2.63945
2448745.17090 -2.91769
2448746.17094 -2.55024
2448747.17099 -2.91517
2448748.17103 -2.95041
2448749.17108 -3.61840
2448750.17112 -3.96969
2448751.17117 -4.60228
2448752.17121 -2.83118
2448753.17126 -5.02557
2448754.17131 -5.75633
2448755.17135 -4.60108
2448756.17140 -4.84243
2448757.17144 -5.64046
2448758.17149 -5.36670
2448759.17153 -5.53501
2448760.17158 -5.33218
2448761.17163 -5.68788
2448762.17167 -5.18516
2448763.17172 -6.44565
2448764.17176 -5.72298
2448765.17181 -6.24318
2448766.17185 -4.56658
2448767.17190 -6.05537
2448768.17194 -5.18507
2448769.17199 -6.29022
2448770.17204 -6.80093
2448771.17208 -5.53930
2448772.17213 -5.52483
2448773.17217 -5.34347
2448774.17222 -4.94919
2448775.17226 -5.65477
2448776.17231 -4.17086
2448777.17236 -4.06074
2448778.17240 -3.49961
2448779.17245 -3.54330
2448780.17249 -3.20181
2448781.17254 -3.21896
2448782.17258 -2.60836
2448783.17263 -2.67255
2448784.17268 -2.32164
2448785.17272 -1.63996
2448786.17277 -1.68185
2448787.17281 -1.46773
2448788.17286 -1.61002
2448789.17290 -1.18922
2448790.17295 -1.15885
2448791.17299 -1.05378
2448792.17304 -0.88606
2448793.17309 -1.00288
2448794.17313 -0.89391
2448795.17318 -0.76973
2448796.17322 -0.89463
2448797.17327 -1.07429
2448798.17331 -0.99031
2448799.17336 -1.08202
2448800.17341 -1.03049
2448801.17345 -1.15517
2448802.17350 -1.72360
2448803.17354 -1.62082
2448804.17359 -1.68762
2448805.17363 -2.34548
2448806.17368 -2.26302
2448807.17372 -2.89362
2448808.17377 -2.53432
2448809.17382 -3.32782
2448810.17386 -3.07547
2448811.17391 -3.17769
2448812.17395 -4.35777
2448813.17400 -3.91023
2448814.17404 -5.00628
2448815.17409 -4.56868
2448816.17414 -5.19061
2448817.17418 -5.02807
2448818.17423 -5.72026
2448819.17427 -6.29889
2448820.17432 -5.34118
2448821.17436 -5.63467
2448822.17441 -6.61868
2448823.17445 -6.03646
2448824.17450 -6.95039
2448825.17455 -6.41564
2448826.17459 -6.95974
2448827.17464 -5.79231
2448828.17468 -6.92353
2448829.17473 -5.35863
2448830.17477 -6.45060
2448831.17482 -5.98911
2448832.17487 -6.62236
2449018.18335 -7.20249
2449019.18340 -6.21203
2449020.18344 -6.17887
2449021.18349 -6.08528
2449022.18354 -6.90227
2449023.18358 -6.32152
2449024.18363 -6.10734
2449025.18367 -6.20343
2449026.18372 -5.80496
2449027.18376 -5.12591
2449028.18381 -5.58341
2449029.18386 -5.73299
2449030.18390 -4.94590
2449031.18395 -4.64298
2449032.18399 -4.74586
2449033.18404 -3.76305
2449034.18408 -3.50995
2449035.18413 -3.17749
2449036.18417 -3.02187
2449037.18422 -2.92690
2449038.18427 -2.05289
2449039.18431 -2.37435
2449040.18436 -2.36480
2449041.18440 -2.10508
2449042.18445 -1.93010
2449043.18449 -1.88511
2449044.18454 -1.76372
2449045.18459 -1.65517
2449046.18463 -1.84363
2449047.18468 -1.26305
2449048.18472 -1.41070
2449049.18477 -1.47492
2449050.18481 -1.44456
2449051.18486 -1.49287
2449052.18490 -1.81703
2449053.18495 -1.85197
2449054.18500 -2.00193
2449055.18504 -1.99913
2449056.18509 -2.10980
2449057.18513 -2.67224
2449058.18518 -2.72850
2449059.18522 -2.98596
2449060.18527 -3.25805
2449061.18532 -3.77448
2449062.18536 -3.27031
2449063.18541 -3.87491
2449064.18545 -4.11018
2449065.18550 -4.23985
2449066.18554 -4.76401
2449067.18559 -4.08135
2449068.18563 -5.67939
2449069.18568 -5.05905
2449070.18573 -4.81267
2449071.18577 -5.74024
2449072.18582 -6.81203
2449073.18586 -6.49428
2449074.18591 -6.36047
2449075.18595 -5.82369
2449076.18600 -6.25144
2449077.18605 -6.85244
2449078.18609 -6.04674
2449079.18614 -7.98135
2449080.18618 -7.36807
2449081.18623 -6.25894
2449082.18627 -6.86034
2449083.18632 -7.05614
2449084.18636 -7.25662
2449085.18641 -6.18322
2449086.18646 -5.51174
2449087.18650 -6.78352
2449088.18655 -5.78331
2449089.18659 -6.32052
2449090.18664 -6.74144
2449091.18668 -5.90986
2449092.18673 -5.85857
2449093.18678 -5.16234
2449094.18682 -3.53504
2449095.18687 -4.25760
2449096.18691 -3.86414
2449097.18696 -3.70313
2449098.18700 -2.88327
2449099.18705 -3.29528
2449100.18710 -2.92426
2449101.18714 -3.27212
2449102.18719 -2.66181
2449103.18723 -2.89879
2449104.18728 -1.72729
2449105.18732 -1.75318
2449106.18737 -1.94470
2449107.18741 -1.72842
2449108.18746 -1.89816
2449109.18751 -1.74671
2449110.18755 -1.64191
2449111.18760 -1.36923
2449112.18764 -1.63892
2449113.18769 -1.45287
2449114.18773 -1.48726
2449115.18778 -1.84543
2449116.18783 -1.90163
2449117.18787 -1.43366
2449118.18792 -2.19549
2449119.18796 -2.27277
2449120.18801 -2.24548
2449121.18805 -2.51795
2449122.18810 -3.21874
2449123.18814 -3.31806
2449124.18819 -3.44670
2449125.18824 -3.56764
2449126.18828 -3.78951
2449127.18833 -4.19465
2449128.18837 -4.42006
2449129.18842 -4.77472
2449130.18846 -4.20009
2449131.18851 -5.22634
2449132.18856 -4.96062
2449133.18860 -6.11919
2449134.18865 -5.31586
2449135.18869 -6.27770
2449136.18874 -7.87690
2449137.18878 -5.81353
2449138.18883 -5.94695
2449139.18887 -6.17154
2449140.18892 -6.35630
2449141.18897 -6.92505
2449142.18901 -6.63761
2449143.18906 -8.02098
2449144.18910 -8.57505
2449145.18915 -6.34242
2449146.18919 -6.25416
2449147.18924 -7.45749
2449148.18929 -7.17851
2449149.18933 -7.28028
2449150.18938 -6.71521
2449151.18942 -7.27773
2449152.18947 -7.23055
2449153.18951 -6.33235
2449154.18956 -5.13490
2449155.18960 -4.81927
2449156.18965 -4.65990
2449157.18970 -5.00296
2449158.18974 -3.45556
2449159.18979 -3.71967
2449160.18983 -3.69576
2449161.18988 -4.32327
2449162.18992 -3.83773
2449163.18997 -2.64872
2449164.19002 -2.75658
2449165.19006 -2.98510
2449166.19011 -3.11418
2449167.19015 -2.24016
2449168.19020 -2.23587
2449169.19024 -2.35873
2449170.19029 -1.90660
2449171.19033 -1.86706
2449172.19038 -1.90512
2449173.19043 -1.70792
2449174.19047 -1.89772
2449175.19052 -1.73205
2449176.19056 -1.73311
2449177.19061 -1.86107
2449178.19065 -2.00015
2449179.19070 -2.10321
2449180.19075 -1.39183
2449181.19079 -2.26687
2449182.19084 -2.44990
2449183.19088 -2.12334
2449184.19093 -2.76139
2449185.19097 -2.72153
2449186.19102 -2.84307
2449187.19107 -3.72025
2449188.19111 -3.84986
2449189.19116 -3.65750
2449190.19120 -3.50884
2449191.19125 -4.77460
2449192.19129 -4.76895
2449193.19134 -4.05141
2449194.19138 -5.13052
2449195.19143 -5.85137
2449196.19148 -4.80779
2449197.19152 -5.00589
2449383.20001 -4.27503
2449384.20005 -4.65822
2449385.20010 -5.54490
2449386.20015 -5.86441
2449387.20019 -5.86958
2449388.20024 -5.55240
2449389.20028 -6.21328
2449390.20033 -5.82669
2449391.20037 -5.69556
2449392.20042 -5.12178
2449393.20047 -6.31364
2449394.20051 -5.76289
2449395.20056 -6.52439
2449396.20060 -6.81114
2449397.20065 -7.24942
2449398.20069 -7.43009
2449399.20074 -7.57962
2449400.20078 -6.90493
2449401.20083 -7.31600
2449402.20088 -5.83963
2449403.20092 -6.21751
2449404.20097 -5.71982
2449405.20101 -5.42928
2449406.20106 -5.32825
2449407.20110 -5.43147
2449408.20115 -4.58805
2449409.20120 -4.92011
2449410.20124 -4.39783
2449411.20129 -5.46452
2449412.20133 -3.64948
2449413.20138 -3.90783
2449414.20142 -3.99750
2449415.20147 -3.58411
2449416.20152 -2.90221
2449417.20156 -2.88046
2449418.20161 -2.87598
2449419.20165 -2.47304
2449420.20170 -2.49181
2449421.20174 -2.10850
2449422.20179 -2.01347
2449423.20183 -1.54804
2449424.20188 -1.51725
2449425.20193 -1.61806
2449426.20197 -1.58702
2449427.20202 -1.60755
2449428.20206 -1.31824
2449429.20211 -1.61574
2449430.20215 -1.28287
2449431.20220 -1.45635
2449432.20225 -1.38301
2449433.20229 -1.73080
2449434.20234 -1.82856
2449435.20238 -1.93065
2449436.20243 -2.15395
2449437.20247 -2.46717
2449438.20252 -2.69129
2449439.20256 -3.19849
2449440.20261 -2.83140
2449441.20266 -3.49614
2449442.20270 -3.40927
2449443.20275 -4.07404
2449444.20279 -3.88667
2449445.20284 -4.99662
2449446.20288 -5.13313
2449447.20293 -4.88148
2449448.20298 -4.15367
2449449.20302 -5.40995
2449450.20307 -5.23842
2449451.20311 -5.14512
2449452.20316 -5.96044
2449453.20320 -5.51291
2449454.20325 -7.29560
2449455.20329 -6.05935
2449456.20334 -7.30447
2449457.20339 -6.71005
2449458.20343 -7.31260
2449459.20348 -7.12984
2449460.20352 -7.38372
2449461.20357 -5.72156
2449462.20361 -7.73907
2449463.20366 -6.55884
2449464.20371 -5.57120
2449465.20375 -5.55479
2449466.20380 -6.56192
2449467.20384 -5.75652
2449468.20389 -6.47604
2449469.20393 -6.55568
2449470.20398 -5.43974
2449471.20402 -4.63593
2449472.20407 -4.94916
2449473.20412 -4.69226
2449474.20416 -4.40165
2449475.20421 -4.70543
2449476.20425 -3.81760
2449477.20430 -3.46464
2449478.20434 -3.15886
2449479.20439 -3.15599
2449480.20444 -2.38963
2449481.20448 -2.72852
2449482.20453 -2.64088
2449483.20457 -2.53348
2449484.20462 -2.17877
2449485.20466 -1.98448
2449486.20471 -1.99174
2449487.20475 -1.74499
2449488.20480 -1.54008
2449489.20485 -1.29236
2449490.20489 -1.51409
2449491.20494 -1.67060
2449492.20498 -1.22697
2449493.20503 -1.19892
2449494.20507 -1.68962
2449495.20512 -1.49762
2449496.20517 -1.65737
2449497.20521 -1.93713
2449498.20526 -1.78086
2449499.20530 -2.20107
2449500.20535 -1.83213
2449501.20539 -2.54449
2449502.20544 -2.64601
2449503.20549 -3.36722
2449504.20553 -3.56587
2449505.20558 -3.47236
2449506.20562 -4.05880
2449507.20567 -3.88663
2449508.20571 -4.12995
2449509.20576 -3.76498
2449510.20580 -4.64903
2449511.20585 -4.94850
2449512.20590 -4.59936
2449513.20594 -5.82848
2449514.20599 -5.73397
2449515.20603 -4.87985
2449516.20608 -5.54129
2449517.20612 -6.36852
2449518.20617 -5.74793
2449519.20622 -6.85872
2449520.20626 -6.97685
2449521.20631 -6.68302
2449522.20635 -6.76458
2449523.20640 -6.22822
2449524.20644 -6.62012
2449525.20649 -5.69308
2449526.20653 -5.91286
2449527.20658 -5.66648
2449528.20663 -6.25277
2449529.20667 -5.67453
2449530.20672 -5.96304
2449531.20676 -5.24240
2449532.20681 -6.14801
2449533.20685 -5.29501
2449534.20690 -4.81980
2449535.20695 -5.06853
2449536.20699 -3.76132
2449537.20704 -4.76075
2449538.20708 -4.66359
2449539.20713 -3.93504
2449540.20717 -3.86913
2449541.20722 -3.19027
2449542.20726 -3.45670
2449543.20731 -3.11938
2449544.20736 -2.57761
2449545.20740 -2.54277
2449546.20745 -1.91132
2449547.20749 -2.06668
2449548.20754 -1.99004
2449549.20758 -1.53002
2449550.20763 -1.68159
2449551.20768 -1.51262
2449552.20772 -1.57437
2449553.20777 -1.46961
2449554.20781 -1.14716
2449555.20786 -1.29274
2449556.20790 -1.21791
2449557.20795 -1.55677
2449558.20799 -1.38300
2449559.20804 -1.37620
2449560.20809 -1.82886
2449561.20813 -1.86058
2449562.20818 -1.98211
2449749.21671 -0.84816
2449750.21676 -1.19514
2449751.21680 -0.95844
2449752.21685 -1.05345
2449753.21689 -1.53889
2449754.21694 -1.71569
2449755.21698 -2.17783
2449756.21703 -2.27298
2449757.21708 -2.59994
2449758.21712 -2.48620
2449759.21717 -2.99757
2449760.21721 -2.56554
2449761.21726 -3.76160
2449762.21730 -3.17411
2449763.21735 -3.93223
2449764.21740 -3.07504
2449765.21744 -3.88171
2449766.21749 -4.55426
2449767.21753 -3.92098
2449768.21758 -4.65391
2449769.21762 -5.09450
2449770.21767 -4.70295
2449771.21771 -5.47841
2449772.21776 -5.93710
2449773.21781 -5.42219
2449774.21785 -6.45576
2449775.21790 -5.90572
2449776.21794 -6.17756
2449777.21799 -5.75759
2449778.21803 -5.56086
2449779.21808 -5.65075
2449780.21813 -5.59939
2449781.21817 -4.58729
2449782.21822 -5.09096
2449783.21826 -5.02512
2449784.21831 -5.00831
2449785.21835 -4.92008
2449786.21840 -4.81858
2449787.21844 -5.37461
2449788.21849 -3.95711
2449789.21854 -3.85554
2449790.21858 -4.59365
2449791.21863 -3.31740
2449792.21867 -3.62951
2449793.21872 -2.92021
2449794.21876 -2.74510
2449795.21881 -2.37842
2449796.21886 -2.21227
2449797.21890 -2.06123
2449798.21895 -1.65046
2449799.21899 -1.30439
2449800.21904 -1.35098
2449801.21908 -1.12132
2449802.21913 -1.06301
2449803.21917 -0.79181
2449804.21922 -0.66423
2449805.21927 -0.53822
2449806.21931 -0.52207
2449807.21936 -0.50442
2449808.21940 -0.48664
2449809.21945 -0.40160
2449810.21949 -0.59109
2449811.21954 -0.62797
2449812.21959 -0.55761
2449813.21963 -0.78505
2449814.21968 -1.02306
2449815.21972 -1.05929
2449816.21977 -1.12733
2449817.21981 -1.03169
2449818.21986 -1.67888
2449819.21991 -2.00435
2449820.21995 -2.09994
2449821.22000 -2.30965
2449822.22004 -1.67327
2449823.22009 -2.90961
2449824.22013 -3.31624
2449825.22018 -3.19898
2449826.22022 -3.51431
2449827.22027 -3.89421
2449828.22032 -3.73182
2449829.22036 -4.73471
2449830.22041 -4.18552
2449831.22045 -4.87775
2449832.22050 -5.15419
2449833.22054 -4.67391
2449834.22059 -4.81105
2449835.22064 -5.38474
2449836.22068 -4.37279
2449837.22073 -5.09354
2449838.22077 -5.87942
2449839.22082 -5.95237
2449840.22086 -4.95674
2449841.22091 -4.86280
2449842.22095 -4.90686
2449843.22100 -5.64814
2449844.22105 -5.16749
2449845.22109 -5.61923
2449846.22114 -4.46446
2449847.22118 -4.22150
2449848.22123 -4.75339
2449849.22127 -4.32061
2449850.22132 -4.30276
2449851.22137 -3.52233
2449852.22141 -3.83156
2449853.22146 -4.07671
2449854.22150 -3.85690
2449855.22155 -3.09349
2449856.22159 -2.93649
2449857.22164 -2.52832
2449858.22168 -1.85761
2449859.22173 -2.14084
2449860.22178 -1.90754
2449861.22182 -1.41868
2449862.22187 -1.18811
2449863.22191 -0.93781
2449864.22196 -0.89790
2449865.22200 -0.83162
2449866.22205 -0.70138
2449867.22210 -0.47381
2449868.22214 -0.39651
2449869.22219 -0.25653
2449870.22223 -0.24081
2449871.22228 -0.18158
2449872.22232 -0.21244
2449873.22237 -0.22709
2449874.22241 -0.32185
2449875.22246 -0.33345
2449876.22251 -0.41590
2449877.22255 -0.53621
2449878.22260 -0.72439
2449879.22264 -0.90829
2449880.22269 -0.98858
2449881.22273 -1.17575
2449882.22278 -1.48870
2449883.22283 -1.79862
2449884.22287 -1.74958
2449885.22292 -1.99864
2449886.22296 -2.24250
2449887.22301 -2.47786
2449888.22305 -2.95369
2449889.22310 -3.14658
2449890.22315 -3.64477
2449891.22319 -3.64804
2449892.22324 -4.28104
2449893.22328 -3.86633
2449894.22333 -4.46145
2449895.22337 -4.45051
2449896.22342 -4.15057
2449897.22346 -4.86138
2449898.22351 -4.68897
2449899.22356 -5.07764
2449900.22360 -4.60768
2449901.22365 -4.95390
2449902.22369 -4.60445
2449903.22374 -6.25520
2449904.22378 -5.25632
2449905.22383 -4.70314
2449906.22388 -4.61802
2449907.22392 -5.08900
2449908.22397 -4.26280
2449909.22401 -4.58644
2449910.22406 -3.91946
2449911.22410 -4.79975
2449912.22415 -3.79202
2449913.22419 -4.15429
2449914.22424 -3.96170
2449915.22429 -4.14434
2449916.22433 -3.47677
2449917.22438 -3.01834
2449918.22442 -2.90014
2449919.22447 -2.26374
2449920.22451 -2.25923
2449921.22456 -1.96031
2449922.22461 -1.78591
2449923.22465 -1.05733
2449924.22470 -1.13080
2449925.22474 -0.93350
2449926.22479 -0.81800
2449927.22483 -0.69337
2449928.22488 -0.48094
2450114.23337 -0.28993
2450115.23341 -0.07484
2450116.23346 0.12978
2450117.23350 0.31289
2450118.23355 0.47165
2450119.23359 0.71658
2450120.23364 0.94006
2450121.23369 0.91906
2450122.23373 0.94017
2450123.23378 0.97389
2450124.23382 1.00440
2450125.23387 1.05970
2450126.23391 0.89555
2450127.23396 1.06663
2450128.23401 0.86331
2450129.23405 0.93609
2450130.23410 0.84454
2450131.23414 0.52047
2450132.23419 0.35688
2450133.23423 0.23996
2450134.23428 0.07466
2450135.23433 -0.12316
2450136.23437 -0.32645
2450137.23442 -0.65615
2450138.23446 -0.83853
2450139.23451 -1.16293
2450140.23455 -1.16688
2450141.23460 -1.45309
2450142.23464 -1.42162
2450143.23469 -1.87933
2450144.23474 -2.54708
2450145.23478 -2.69739
2450146.23483 -2.39850
2450147.23487 -2.68923
2450148.23492 -3.17010
2450149.23496 -3.40315
2450150.23501 -3.32700
2450151.23506 -2.98792
2450152.23510 -4.04173
2450153.23515 -3.70847
2450154.23519 -3.98921
2450155.23524 -4.15031
2450156.23528 -4.11635
2450157.23533 -4.03368
2450158.23537 -2.99267
2450159.23542 -2.73926
2450160.23547 -3.43716
2450161.23551 -3.70655
2450162.23556 -3.47733
2450163.23560 -3.64752
2450164.23565 -2.91494
2450165.23569 -2.90196
2450166.23574 -2.96627
2450167.23579 -2.33313
2450168.23583 -2.82218
2450169.23588 -2.03068
2450170.23592 -1.47006
2450171.23597 -1.38496
2450172.23601 -1.24452
2450173.23606 -0.91800
2450174.23610 -0.58789
2450175.23615 -0.51384
2450176.23620 -0.24683
2450177.23624 -0.01644
2450178.23629 0.18497
2450179.23633 0.39194
2450180.23638 0.53043
2450181.23642 0.74796
2450182.23647 0.97159
2450183.23652 1.12278
2450184.23656 1.23647
2450185.23661 1.15876
2450186.23665 1.56425
2450187.23670 1.47145
2450188.23674 1.48119
2450189.23679 1.26901
2450190.23683 1.35290
2450191.23688 1.16176
2450192.23693 1.10909
2450193.23697 1.29771
2450194.23702 0.86677
2450195.23706 0.74259
2450196.23711 0.60480
2450197.23715 0.48085
2450198.23720 0.29542
2450199.23725 0.05787
2450200.23729 -0.13134
2450201.23734 -0.41169
2450202.23738 -0.70633
2450203.23743 -0.95496
2450204.23747 -0.91585
2450205.23752 -1.48957
2450206.23757 -1.50650
2450207.23761 -1.82468
2450208.23766 -2.09241
2450209.23770 -2.12015
2450210.23775 -2.62017
2450211.23779 -2.30466
2450212.23784 -2.77097
2450213.23788 -2.65862
2450214.23793 -3.11138
2450215.23798 -2.72844
2450216.23802 -3.12013
2450217.23807 -2.78086
2450218.23811 -3.15992
2450219.23816 -3.89050
2450220.23820 -2.79847
2450221.23825 -2.62725
2450222.23830 -3.35559
2450223.23834 -2.90800
2450224.23839 -2.84385
2450225.23843 -2.82030
2450226.23848 -2.55925
2450227.23852 -2.70552
2450228.23857 -2.61564
2450229.23861 -1.92782
2450230.23866 -2.22755
2450231.23871 -1.95758
2450232.23875 -1.79999
2450233.23880 -1.33252
2450234.23884 -1.18893
2450235.23889 -1.00073
2450236.23893 -0.80425
2450237.23898 -0.44328
2450238.23903 -0.23545
2450239.23907 0.03557
2450240.23912 0.28606
2450241.23916 0.43438
2450242.23921 0.71550
2450243.23925 0.81222
2450244.23930 1.12226
2450245.23934 1.42056
2450246.23939 1.13368
2450247.23944 1.64532
2450248.23948 1.81009
2450249.23953 1.65690
2450250.23957 1.63860
2450251.23962 1.56318
2450252.23966 1.96477
2450253.23971 1.70700
2450254.23976 1.59578
2450255.23980 1.76509
2450256.23985 1.38384
2450257.23989 1.34781
2450258.23994 1.23377
2450259.23998 1.16388
2450260.24003 0.92870
2450261.24007 0.63045
2450262.24012 0.49271
2450263.24017 0.29908
2450264.24021 0.05442
2450265.24026 -0.17164
2450266.24030 -0.46990
2450267.24035 -0.75447
2450268.24039 -0.81816
2450269.24044 -1.39204
2450270.24049 -1.54441
2450271.24053 -1.58001
2450272.24058 -2.09572
2450273.24062 -2.02876
2450274.24067 -2.52345
2450275.24071 -2.18351
2450276.24076 -2.66989
2450277.24080 -2.70173
2450278.24085 -2.91736
2450279.24090 -2.92105
2450280.24094 -3.05458
2450281.24099 -2.92561
2450282.24103 -3.26380
2450283.24108 -3.35431
2450284.24112 -2.92237
2450285.24117 -2.75386
2450286.24122 -2.78176
2450287.24126 -2.94287
2450288.24131 -2.94882
2450289.24135 -2.24264
2450290.24140 -2.47692
2450291.24144 -2.27438
2450292.24149 -2.26176
2450293.24154 -1.97667
2450479.25002 -1.68589
2450480.25007 -1.09375
2450481.25011 -1.42990
2450482.25016 -0.94589
2450483.25021 -0.69712
2450484.25025 -0.56622
2450485.25030 -0.36171
2450486.25034 -0.08006
2450487.25039 0.15124
2450488.25043 0.49636
2450489.25048 0.61566
2450490.25052 1.08156
2450491.25057 0.99728
2450492.25062 1.34325
2450493.25066 1.89760
2450494.25071 1.70202
2450495.25075 2.19671
2450496.25080 2.19216
2450497.25084 3.03573
2450498.25089 2.50687
2450499.25094 3.27230
2450500.25098 2.96903
2450501.25103 3.29044
2450502.25107 2.96277
2450503.25112 3.12599
2450504.25116 2.61853
2450505.25121 3.08457
2450506.25125 2.94326
2450507.25130 3.15528
2450508.25135 3.14099
2450509.25139 2.87615
2450510.25144 3.03278
2450511.25148 2.60036
2450512.25153 2.76944
2450513.25157 2.31747
2450514.25162 2.36414
2450515.25167 1.87563
2450516.25171 1.34488
2450517.25176 1.54388
2450518.25180 1.59578
2450519.25185 0.93240
2450520.25189 0.77418
2450521.25194 0.58629
2450522.25199 0.32869
2450523.25203 0.09968
2450524.25208 -0.12044
2450525.25212 -0.29671
2450526.25217 -0.62955
2450527.25221 -0.74137
2450528.25226 -0.88103
2450529.25230 -1.11118
2450530.25235 -1.41901
2450531.25240 -1.33811
2450532.25244 -1.18199
2450533.25249 -1.63080
2450534.25253 -1.37200
2450535.25258 -1.94206
2450536.25262 -1.45329
2450537.25267 -1.65820
2450538.25272 -1.79056
2450539.25276 -1.91956
2450540.25281 -1.31008
2450541.25285 -1.18279
2450542.25290 -1.32243
2450543.25294 -1.10157
2450544.25299 -0.97689
2450545.25303 -0.70828
2450546.25308 -0.45798
2450547.25313 -0.27790
2450548.25317 -0.04584
2450549.25322 0.19728
2450550.25326 0.46286
2450551.25331 0.59169
2450552.25335 0.92475
2450553.25340 1.01943
2450554.25345 1.31436
2450555.25349 1.66538
2450556.25354 1.69980
2450557.25358 1.91476
2450558.25363 2.22663
2450559.25367 2.97101
2450560.25372 2.36855
2450561.25376 3.02455
2450562.25381 3.43548
2450563.25386 3.40484
2450564.25390 3.07261
2450565.25395 2.99586
2450566.25399 3.68985
2450567.25404 3.08970
2450568.25408 3.34441
2450569.25413 3.79531
2450570.25418 3.67967
2450571.25422 2.98459
2450572.25427 3.34778
2450573.25431 2.76760
2450574.25436 3.29865
2450575.25440 2.66560
2450576.25445 3.07432
2450577.25449 2.21486
2450578.25454 2.42158
2450579.25459 2.21941
2450580.25463 1.73294
2450581.25468 1.37331
2450582.25472 1.56828
2450583.25477 1.30275
2450584.25481 0.95136
2450585.25486 0.77334
2450586.25491 0.59833
2450587.25495 0.29663
2450588.25500 0.07435
2450589.25504 -0.14836
2450590.25509 -0.33900
2450591.25513 -0.52067
2450592.25518 -0.51720
2450593.25522 -0.91101
2450594.25527 -1.05825
2450595.25532 -1.19075
2450596.25536 -1.24092
2450597.25541 -1.35950
2450598.25545 -1.09067
2450599.25550 -1.38375
2450600.25554 -1.20596
2450601.25559 -1.17975
2450602.25564 -1.16607
2450603.25568 -1.00754
2450604.25573 -1.02112
2450605.25577 -0.97534
2450606.25582 -0.72463
2450607.25586 -0.50543
2450608.25591 -0.30560
2450609.25596 -0.22193
2450610.25600 0.00403
2450611.25605 0.22817
2450612.25609 0.48276
2450613.25614 0.76779
2450614.25618 0.70439
2450615.25623 1.27001
2450616.25627 1.51770
2450617.25632 1.24370
2450618.25637 1.87205
2450619.25641 2.39568
2450620.25646 2.26405
2450621.25650 3.00587
2450622.25655 2.75384
2450623.25659 3.23199
2450624.25664 3.01926
2450625.25669 3.64177
2450626.25673 3.07272
2450627.25678 3.90232
2450628.25682 4.41191
2450629.25687 3.40898
2450630.25691 4.02229
2450631.25696 3.17494
2450632.25700 3.68319
2450633.25705 3.64103
2450634.25710 3.30416
2450635.25714 3.97701
2450636.25719 3.90118
2450637.25723 3.23960
2450638.25728 3.28111
2450639.25732 2.91629
2450640.25737 2.76602
2450641.25742 3.10600
2450642.25746 2.43606
2450643.25751 2.18441
2450644.25755 2.07302
2450645.25760 1.79910
2450646.25764 1.93272
2450647.25769 1.30456
2450648.25773 1.38079
2450649.25778 0.96732
2450650.25783 0.67881
2450651.25787 0.46431
2450652.25792 0.20303
2450653.25796 0.06519
2450654.25801 -0.11269
2450655.25805 -0.27822
2450656.25810 -0.46061
2450657.25815 -0.66406
2450658.25819 -0.75203
2450844.26668 0.74084
2450845.26672 0.59486
2450846.26677 0.42304
2450847.26682 0.36336
2450848.26686 0.19746
2450849.26691 0.10512
2450850.26695 0.04574
2450851.26700 0.00243
2450852.26704 -0.02746
2450853.26709 -0.02435
2450854.26714 0.00256
2450855.26718 0.04094
2450856.26723 0.11892
2450857.26727 0.19070
2450858.26732 0.28940
2450859.26736 0.43525
2450860.26741 0.58571
2450861.26745 0.79461
2450862.26750 0.80890
2450863.26755 1.17897
2450864.26759 1.53868
2450865.26764 1.44968
2450866.26768 1.97019
2450867.26773 2.18768
2450868.26777 2.09910
2450869.26782 2.57556
2450870.26787 2.61900
2450871.26791 3.13722
2450872.26796 2.92680
2450873.26800 4.38452
2450874.26805 3.98251
2450875.26809 3.31207
2450876.26814 3.86627
2450877.26818 4.11794
2450878.26823 4.81230
2450879.26828 4.98945
2450880.26832 4.32057
2450881.26837 5.37200
2450882.26841 5.76375
2450883.26846 3.99083
2450884.26850 5.28242
2450885.26855 4.46403
2450886.26860 4.77891
2450887.26864 5.46597
2450888.26869 5.68422
2450889.26873 5.37362
2450890.26878 4.59391
2450891.26882 4.55548
2450892.26887 4.33970
2450893.26891 4.19390
2450894.26896 4.20421
2450895.26901 3.44969
2450896.26905 2.74461
2450897.26910 3.10414
2450898.26914 3.21899
2450899.26919 3.01468
2450900.26923 2.58977
2450901.26928 2.01969
2450902.26933 2.30102
2450903.26937 1.94989
2450904.26942 1.52469
2450905.26946 1.49022
2450906.26951 1.49479
2450907.26955 1.18218
2450908.26960 1.04039
2450909.26964 0.75840
2450910.26969 0.64682
2450911.26974 0.55835
2450912.26978 0.42103
2450913.26983 0.30134
2450914.26987 0.24511
2450915.26992 0.27984
2450916.26996 0.22294
2450917.27001 0.31179
2450918.27006 0.26704
2450919.27010 0.41703
2450920.27015 0.41898
2450921.27019 0.60805
2450922.27024 0.76947
2450923.27028 0.75531
2450924.27033 1.22314
2450925.27038 1.16816
2450926.27042 1.32791
2450927.27047 1.18023
2450928.27051 2.00633
2450929.27056 2.10168
2450930.27060 2.28452
2450931.27065 3.14174
2450932.27069 3.05116
2450933.27074 3.81602
2450934.27079 3.34732
2450935.27083 4.45221
2450936.27088 3.64527
2450937.27092 3.80171
2450938.27097 3.90993
2450939.27101 5.10453
2450940.27106 4.91949
2450941.27111 4.50860
2450942.27115 5.11195
2450943.27120 4.29296
2450944.27124 4.78596
2450945.27129 5.66602
2450946.27133 5.43459
2450947.27138 5.30991
2450948.27142 5.39784
2450949.27147 5.41274
2450950.27152 4.45624
2450951.27156 6.60496
2450952.27161 5.34496
2450953.27165 4.41976
2450954.27170 3.87461
2450955.27174 4.07668
2450956.27179 4.32291
2450957.27184 4.33740
2450958.27188 4.16261
2450959.27193 3.76793
2450960.27197 4.21135
2450961.27202 3.80505
2450962.27206 3.63201
2450963.27211 3.09929
2450964.27215 2.63794
2450965.27220 2.72550
2450966.27225 1.88238
2450967.27229 2.38883
2450968.27234 1.53138
2450969.27238 1.59478
2450970.27243 1.48820
2450971.27247 1.17281
2450972.27252 0.94324
2450973.27257 0.96467
2450974.27261 0.79084
2450975.27266 0.70778
2450976.27270 0.68353
2450977.27275 0.61542
2450978.27279 0.51106
2450979.27284 0.48319
2450980.27288 0.48545
2450981.27293 0.52245
2450982.27298 0.61109
2450983.27302 0.70103
2450984.27307 0.78872
2450985.27311 0.91454
2450986.27316 0.91515
2450987.27320 1.32001
2450988.27325 1.27075
2450989.27330 1.61791
2450990.27334 1.48668
2450991.27339 2.14979
2450992.27343 1.87530
2450993.27348 2.37628
2450994.27352 3.09707
2450995.27357 3.34729
2450996.27362 2.61380
2450997.27366 3.70879
2450998.27371 3.28041
2450999.27375 3.47852
2451000.27380 4.26601
2451001.27384 4.24077
2451002.27389 5.04576
2451003.27393 4.80811
2451004.27398 5.84094
2451005.27403 4.80442
2451006.27407 5.14568
2451007.27412 5.64838
2451008.27416 5.22308
2451009.27421 4.87327
2451010.27425 6.28033
2451011.27430 5.20411
2451012.27435 4.20461
2451013.27439 5.69303
2451014.27444 6.49842
2451015.27448 4.94145
2451016.27453 4.14805
2451017.27457 5.44862
2451018.27462 5.06698
2451019.27466 4.88351
2451020.27471 4.60918
2451021.27476 3.88704
2451022.27480 4.49404
2451023.27485 3.55421
2451209.28333 4.68840
2451210.28338 5.18884
2451211.28343 4.88179
2451212.28347 4.68831
2451213.28352 4.00172
2451214.28356 4.29791
2451215.28361 2.89101
2451216.28365 3.63946
2451217.28370 3.68314
2451218.28375 3.14279
2451219.28379 3.02536
2451220.28384 2.61160
2451221.28388 2.49138
2451222.28393 2.18550
2451223.28397 1.99731
2451224.28402 2.11728
2451225.28406 1.71819
2451226.28411 1.71769
2451227.28416 1.47502
2451228.28420 1.49041
2451229.28425 1.08272
2451230.28429 1.44897
2451231.28434 1.20390
2451232.28438 1.26697
2451233.28443 1.10417
2451234.28448 1.18317
2451235.28452 1.32798
2451236.28457 1.32221
2451237.28461 1.16435
2451238.28466 1.59711
2451239.28470 1.64601
2451240.28475 1.85332
2451241.28480 2.12057
2451242.28484 2.17385
2451243.28489 2.26286
2451244.28493 2.29549
2451245.28498 2.95205
2451246.28502 3.07392
2451247.28507 3.06204
2451248.28511 3.99784
2451249.28516 3.17886
2451250.28521 3.60773
2451251.28525 4.40958
2451252.28530 4.16553
2451253.28534 4.96883
2451254.28539 5.14512
2451255.28543 5.15390
2451256.28548 5.86190
2451257.28553 5.56691
2451258.28557 5.54430
2451259.28562 5.11936
2451260.28566 4.71725
2451261.28571 6.16828
2451262.28575 7.25270
2451263.28580 4.78656
2451264.28584 5.48429
2451265.28589 4.32736
2451266.28594 6.03113
2451267.28598 6.13615
2451268.28603 5.71872
2451269.28607 5.75221
2451270.28612 6.15820
2451271.28616 5.33423
2451272.28621 5.71725
2451273.28626 4.74621
2451274.28630 4.89932
2451275.28635 4.50804
2451276.28639 4.13874
2451277.28644 4.85631
2451278.28648 4.26677
2451279.28653 3.77305
2451280.28657 4.14907
2451281.28662 3.56742
2451282.28667 2.73184
2451283.28671 3.28403
2451284.28676 3.04279
2451285.28680 2.99397
2451286.28685 2.58206
2451287.28689 1.89595
2451288.28694 1.70389
2451289.28699 1.59209
2451290.28703 1.78789
2451291.28708 1.36937
2451292.28712 1.58455
2451293.28717 1.23634
2451294.28721 1.20031
2451295.28726 1.29501
2451296.28730 1.53001
2451297.28735 1.15363
2451298.28740 1.31193
2451299.28744 1.28831
2451300.28749 1.73971
2451301.28753 1.63318
2451302.28758 1.59697
2451303.28762 1.99325
2451304.28767 1.80997
2451305.28772 1.88808
2451306.28776 2.68247
2451307.28781 2.78285
2451308.28785 3.23388
2451309.28790 2.67979
2451310.28794 3.10152
2451311.28799 3.16961
2451312.28804 3.19863
2451313.28808 4.35074
2451314.28813 3.93795
2451315.28817 4.40268
2451316.28822 5.06821
2451317.28826 4.86632
2451318.28831 5.22488
2451319.28835 4.99651
2451320.28840 5.64832
2451321.28845 6.12398
2451322.28849 5.43634
2451323.28854 6.27990
2451324.28858 5.58435
2451325.28863 6.26531
2451326.28867 4.33997
2451327.28872 5.56649
2451328.28877 5.32446
2451329.28881 6.21215
2451330.28886 6.75221
2451331.28890 5.90885
2451332.28895 6.78243
2451333.28899 6.42362
2451334.28904 5.72533
2451335.28908 5.18624
2451336.28913 5.20120
2451337.28918 5.81528
2451338.28922 5.65008
2451339.28927 4.49889
2451340.28931 4.92546
2451341.28936 4.41390
2451342.28940 3.74961
2451343.28945 4.44693
2451344.28950 3.50458
2451345.28954 3.82792
2451346.28959 3.16425
2451347.28963 3.03239
2451348.28968 2.54332
2451349.28972 2.45821
2451350.28977 2.36804
2451351.28981 2.25916
2451352.28986 2.05828
2451353.28991 1.69674
2451354.28995 1.59492
2451355.29000 1.45832
2451356.29004 1.38161
2451357.29009 1.60446
2451358.29013 1.49122
2451359.29018 1.52707
2451360.29023 1.28016
2451361.29027 1.41923
2451362.29032 1.66432
2451363.29036 1.95516
2451364.29041 1.74540
2451365.29045 1.52901
2451366.29050 1.81045
2451367.29054 2.00632
2451368.29059 2.22039
2451369.29064 2.31628
2451370.29068 2.83340
2451371.29073 3.31212
2451372.29077 2.85528
2451373.29082 3.87237
2451374.29086 2.44191
2451375.29091 4.33567
2451376.29096 4.74233
2451377.29100 4.89983
2451378.29105 3.51911
2451379.29109 5.72665
2451380.29114 5.05846
2451381.29118 5.40440
2451382.29123 6.19016
2451383.29127 4.51418
2451384.29132 5.46856
2451385.29137 5.89828
2451386.29141 6.27041
2451387.29146 5.59809
2451388.29150 6.29403
2451575.30004 5.63479
2451576.30008 6.83203
2451577.30013 5.16538
2451578.30017 5.82707
2451579.30022 6.97260
2451580.30026 5.23544
2451581.30031 6.29342
2451582.30036 5.43461
2451583.30040 6.81120
2451584.30045 6.26808
2451585.30049 5.31621
2451586.30054 6.43595
2451587.30058 5.72437
2451588.30063 5.40535
2451589.30068 6.00413
2451590.30072 5.92942
2451591.30077 5.50532
2451592.30081 4.88437
2451593.30086 4.60386
2451594.30090 4.35899
2451595.30095 4.19097
2451596.30099 3.86798
2451597.30104 3.97173
2451598.30109 2.96796
2451599.30113 3.09679
2451600.30118 3.25328
2451601.30122 2.63653
2451602.30127 2.81902
2451603.30131 2.32399
2451604.30136 2.36107
2451605.30141 2.06023
2451606.30145 1.71114
2451607.30150 1.62696
2451608.30154 1.78129
2451609.30159 1.69047
2451610.30163 1.44841
2451611.30168 1.28268
2451612.30172 1.40854
2451613.30177 1.52069
2451614.30182 1.55867
2451615.30186 1.43444
2451616.30191 1.37647
2451617.30195 1.60335
2451618.30200 1.39985
2451619.30204 1.81744
2451620.30209 2.43782
2451621.30214 2.33741
2451622.30218 2.43588
2451623.30223 2.89923
2451624.30227 2.87978
2451625.30232 2.60897
2451626.30236 3.11059
2451627.30241 3.42971
2451628.30246 3.56455
2451629.30250 3.50674
2451630.30255 4.19721
2451631.30259 3.96910
2451632.30264 4.35267
2451633.30268 5.28249
2451634.30273 5.34052
2451635.30277 5.52911
2451636.30282 5.03485
2451637.30287 5.83411
2451638.30291 5.46388
2451639.30296 6.05109
2451640.30300 5.67229
2451641.30305 6.06071
2451642.30309 6.06586
2451643.30314 5.40424
2451644.30319 5.84239
2451645.30323 5.87143
2451646.30328 5.62086
2451647.30332 6.60425
2451648.30337 5.71551
2451649.30341 6.13689
2451650.30346 5.82052
2451651.30350 4.77306
2451652.30355 4.87385
2451653.30360 5.46472
2451654.30364 5.94814
2451655.30369 4.30125
2451656.30373 4.38827
2451657.30378 5.61272
2451658.30382 3.84919
2451659.30387 4.29074
2451660.30392 3.90385
2451661.30396 3.55998
2451662.30401 3.10640
2451663.30405 3.55914
2451664.30410 2.51044
2451665.30414 2.43626
2451666.30419 2.28820
2451667.30423 2.00629
2451668.30428 2.14161
2451669.30433 2.02125
2451670.30437 1.81048
2451671.30442 1.69378
2451672.30446 1.67836
2451673.30451 1.57373
2451674.30455 1.36095
2451675.30460 1.41119
2451676.30465 1.44151
2451677.30469 1.24188
2451678.30474 1.44532
2451679.30478 1.44037
2451680.30483 1.84582
2451681.30487 1.70266
2451682.30492 1.45952
2451683.30496 1.62360
2451684.30501 2.11521
2451685.30506 2.29069
2451686.30510 2.62692
2451687.30515 2.77762
2451688.30519 2.79736
2451689.30524 3.85583
2451690.30528 2.87629
2451691.30533 3.34779
2451692.30538 3.99499
2451693.30542 3.35284
2451694.30547 3.55467
2451695.30551 4.67749
2451696.30556 4.45455
2451697.30560 4.70367
2451698.30565 5.30694
2451699.30569 4.75804
2451700.30574 6.21005
2451701.30579 5.88720
2451702.30583 6.25398
2451703.30588 4.74485
2451704.30592 6.82301
2451705.30597 6.05843
2451706.30601 5.79409
2451707.30606 5.81022
2451708.30611 5.68217
2451709.30615 6.27742
2451710.30620 6.69812
2451711.30624 5.13019
2451712.30629 5.36419
2451713.30633 5.52119
2451714.30638 4.89427
2451715.30643 4.85483
2451716.30647 5.16166
2451717.30652 4.09380
2451718.30656 4.70450
2451719.30661 4.66481
2451720.30665 4.60803
2451721.30670 3.83302
2451722.30674 3.51028
2451723.30679 4.10589
2451724.30684 2.99228
2451725.30688 3.40107
2451726.30693 3.02232
2451727.30697 2.47928
2451728.30702 2.72717
2451729.30706 2.33630
2451730.30711 2.06729
2451731.30716 2.23693
2451732.30720 2.24831
2451733.30725 1.46444
2451734.30729 1.41380
2451735.30734 1.50302
2451736.30738 1.11211
2451737.30743 1.37117
2451738.30747 1.06859
2451739.30752 1.51267
2451740.30757 1.48385
2451741.30761 1.55265
2451742.30766 1.19383
2451743.30770 1.62431
2451744.30775 1.37845
2451745.30779 1.70216
2451746.30784 1.94261
2451747.30789 1.99623
2451748.30793 2.15319
2451749.30798 2.61863
2451750.30802 2.10720
2451751.30807 2.45004
2451752.30811 3.31011
2451753.30816 3.10763
2451754.30820 3.57939
2451940.31669 2.21050
2451941.31674 2.03435
2451942.31678 1.99429
2451943.31683 2.80426
2451944.31688 2.72996
2451945.31692 3.05044
2451946.31697 3.08018
2451947.31701 3.11993
2451948.31706 3.23961
2451949.31710 3.29430
2451950.31715 3.58184
2451951.31719 5.01223
2451952.31724 3.92588
2451953.31729 5.65128
2451954.31733 4.85462
2451955.31738 5.39250
2451956.31742 5.32266
2451957.31747 5.61749
2451958.31751 5.99155
2451959.31756 5.29562
2451960.31761 4.83628
2451961.31765 4.51754
2451962.31770 5.12768
2451963.31774 5.54456
2451964.31779 4.67277
2451965.31783 5.09794
2451966.31788 5.40978
2451967.31792 5.26945
2451968.31797 4.77592
2451969.31802 4.15487
2451970.31806 4.43266
2451971.31811 4.30440
2451972.31815 3.64174
2451973.31820 3.92463
2451974.31824 3.75061
2451975.31829 4.00056
2451976.31834 3.08334
2451977.31838 3.32921
2451978.31843 3.15841
2451979.31847 2.46211
2451980.31852 2.07549
2451981.31856 2.03255
2451982.31861 1.68765
2451983.31865 1.77993
2451984.31870 1.13598
2451985.31875 1.28397
2451986.31879 1.31646
2451987.31884 0.84606
2451988.31888 0.90690
2451989.31893 0.79481
2451990.31897 0.75638
2451991.31902 0.62504
2451992.31907 0.64398
2451993.31911 0.62572
2451994.31916 0.77492
2451995.31920 0.80897
2451996.31925 0.80255
2451997.31929 0.87626
2451998.31934 1.07651
2451999.31938 0.94014
2452000.31943 1.39608
2452001.31948 1.46674
2452002.31952 1.88841
2452003.31957 1.91974
2452004.31961 1.92398
2452005.31966 2.19653
2452006.31970 2.50933
2452007.31975 2.39048
2452008.31980 2.41851
2452009.31984 2.69023
2452010.31989 3.47324
2452011.31993 3.67122
2452012.31998 3.60554
2452013.32002 3.71444
2452014.32007 4.26009
2452015.32011 4.31320
2452016.32016 4.23783
2452017.32021 4.24988
2452018.32025 4.45931
2452019.32030 4.76644
2452020.32034 5.26880
2452021.32039 4.98229
2452022.32043 5.08817
2452023.32048 4.70776
2452024.32053 5.28004
2452025.32057 5.21620
2452026.32062 4.84143
2452027.32066 5.30956
2452028.32071 5.56972
2452029.32075 5.94993
2452030.32080 3.95526
2452031.32085 4.89842
2452032.32089 4.21982
2452033.32094 4.51566
2452034.32098 4.02226
2452035.32103 3.94166
2452036.32107 3.60676
2452037.32112 3.78730
2452038.32116 3.42468
2452039.32121 2.94164
2452040.32126 2.64466
2452041.32130 2.68983
2452042.32135 2.12445
2452043.32139 1.86195
2452044.32144 1.95116
2452045.32148 1.65699
2452046.32153 1.42262
2452047.32158 1.15377
2452048.32162 1.18161
2452049.32167 0.67111
2452050.32171 0.77823
2452051.32176 0.67056
2452052.32180 0.57474
2452053.32185 0.54829
2452054.32189 0.53938
2452055.32194 0.51200
2452056.32199 0.50895
2452057.32203 0.44754
2452058.32208 0.46155
2452059.32212 0.48746
2452060.32217 0.70592
2452061.32221 0.77123
2452062.32226 0.96639
2452063.32231 1.09430
2452064.32235 1.05096
2452065.32240 1.31686
2452066.32244 1.71740
2452067.32249 1.58649
2452068.32253 1.95662
2452069.32258 2.44270
2452070.32262 2.24168
2452071.32267 2.35487
2452072.32272 2.78500
2452073.32276 3.27234
2452074.32281 2.86977
2452075.32285 3.49256
2452076.32290 3.55359
2452077.32294 4.02887
2452078.32299 4.10643
2452079.32304 4.66011
2452080.32308 3.96060
2452081.32313 4.82613
2452082.32317 3.78147
2452083.32322 4.64918
2452084.32326 4.58727
2452085.32331 5.34302
2452086.32335 4.88133
2452087.32340 5.30852
2452088.32345 4.97738
2452089.32349 4.66069
2452090.32354 5.23489
2452091.32358 4.68172
2452092.32363 4.30474
2452093.32367 3.80235
2452094.32372 4.73263
2452095.32377 4.41639
2452096.32381 4.14967
2452097.32386 3.73060
2452098.32390 4.12427
2452099.32395 3.60285
2452100.32399 3.76761
2452101.32404 2.78281
2452102.32409 2.85851
2452103.32413 2.41793
2452104.32418 2.19872
2452105.32422 2.20003
2452106.32427 2.03888
2452107.32431 1.64977
2452108.32436 1.48288
2452109.32440 1.03174
2452110.32445 1.12920
2452111.32450 0.86209
2452112.32454 0.83100
2452113.32459 0.60834
2452114.32463 0.51484
2452115.32468 0.44689
2452116.32472 0.35810
2452117.32477 0.24796
2452118.32482 0.30235
2452119.32486 0.24717
2452305.33335 -0.40036
2452306.33339 -0.53288
2452307.33344 -0.54030
2452308.33349 -0.50341
2452309.33353 -0.55103
2452310.33358 -0.56985
2452311.33362 -0.56542
2452312.33367 -0.45587
2452313.33371 -0.39516
2452314.33376 -0.30183
2452315.33380 -0.16582
2452316.33385 -0.06067
2452317.33390 0.09858
2452318.33394 0.28089
2452319.33399 0.40711
2452320.33403 0.64490
2452321.33408 0.83276
2452322.33412 1.01065
2452323.33417 1.26513
2452324.33422 1.55484
2452325.33426 1.71085
2452326.33431 1.81527
2452327.33435 2.05361
2452328.33440 2.01759
2452329.33444 2.35736
2452330.33449 2.15452
2452331.33454 2.49944
2452332.33458 2.66214
2452333.33463 2.90018
2452334.33467 3.43606
2452335.33472 3.12709
2452336.33476 3.46669
2452337.33481 3.71592
2452338.33485 4.39569
2452339.33490 3.34030
2452340.33495 3.24762
2452341.33499 3.03944
2452342.33504 3.74874
2452343.33508 3.56543
2452344.33513 3.82793
2452345.33517 3.64687
2452346.33522 3.28964
2452347.33527 3.19127
2452348.33531 2.84647
2452349.33536 3.19430
2452350.33540 3.54838
2452351.33545 2.57119
2452352.33549 2.46820
2452353.33554 2.01137
2452354.33558 1.93320
2452355.33563 1.75902
2452356.33568 1.68423
2452357.33572 1.28876
2452358.33577 1.14601
2452359.33581 0.73533
2452360.33586 0.59611
2452361.33590 0.33837
2452362.33595 0.22290
2452363.33600 0.03095
2452364.33604 -0.14550
2452365.33609 -0.31040
2452366.33613 -0.39190
2452367.33618 -0.68981
2452368.33622 -0.64685
2452369.33627 -0.80614
2452370.33631 -0.94584
2452371.33636 -0.74183
2452372.33641 -0.82353
2452373.33645 -1.05616
2452374.33650 -0.83208
2452375.33654 -0.77051
2452376.33659 -0.58825
2452377.33663 -0.57214
2452378.33668 -0.45620
2452379.33673 -0.38525
2452380.33677 -0.24029
2452381.33682 -0.09014
2452382.33686 0.09114
2452383.33691 0.22014
2452384.33695 0.45698
2452385.33700 0.63223
2452386.33704 0.83152
2452387.33709 0.94643
2452388.33714 1.47937
2452389.33718 1.62643
2452390.33723 1.81971
2452391.33727 1.99168
2452392.33732 1.82167
2452393.33736 2.11747
2452394.33741 2.03358
2452395.33746 2.63129
2452396.33750 2.82245
2452397.33755 2.82060
2452398.33759 3.43612
2452399.33764 3.20531
2452400.33768 3.28803
2452401.33773 3.62133
2452402.33777 4.05513
2452403.33782 3.26830
2452404.33787 3.17112
2452405.33791 3.17918
2452406.33796 3.27150
2452407.33800 3.17199
2452408.33805 3.44108
2452409.33809 2.07599
2452410.33814 2.80814
2452411.33819 2.73609
2452412.33823 2.90628
2452413.33828 2.33078
2452414.33832 2.00647
2452415.33837 2.57506
2452416.33841 1.73344
2452417.33846 1.83572
2452418.33851 1.24827
2452419.33855 1.36022
2452420.33860 1.12718
2452421.33864 0.76904
2452422.33869 0.63207
2452423.33873 0.41822
2452424.33878 0.18286
2452425.33882 -0.02963
2452426.33887 -0.19413
2452427.33892 -0.39370
2452428.33896 -0.52174
2452429.33901 -0.73992
2452430.33905 -0.72757
2452431.33910 -0.89869
2452432.33914 -1.08317
2452433.33919 -1.02436
2452434.33924 -0.96140
2452435.33928 -1.16205
2452436.33933 -1.07235
2452437.33937 -1.06905
2452438.33942 -1.02323
2452439.33946 -1.01393
2452440.33951 -1.03669
2452441.33955 -0.69392
2452442.33960 -0.65859
2452443.33965 -0.54280
2452444.33969 -0.36747
2452445.33974 -0.23854
2452446.33978 -0.08274
2452447.33983 0.09469
2452448.33987 0.28406
2452449.33992 0.42594
2452450.33997 0.70594
2452451.34001 1.03076
2452452.34006 1.07196
2452453.34010 1.31106
2452454.34015 1.25331
2452455.34019 1.60058
2452456.34024 2.10426
2452457.34028 2.35613
2452458.34033 2.15857
2452459.34038 2.53136
2452460.34042 2.49433
2452461.34047 2.60111
2452462.34051 3.05601
2452463.34056 2.99353
2452464.34060 3.52609
2452465.34065 3.15619
2452466.34070 2.80749
2452467.34074 3.06068
2452468.34079 3.24871
2452469.34083 3.48708
2452470.34088 3.35214
2452471.34092 3.05411
2452472.34097 3.32459
2452473.34101 3.13822
2452474.34106 2.31649
2452475.34111 2.07796
2452476.34115 2.01409
2452477.34120 1.68993
2452478.34124 1.94270
2452479.34129 1.44730
2452480.34133 1.47146
2452481.34138 1.19248
2452482.34143 1.28550
2452483.34147 0.79408
2452484.34152 0.57179
2452670.35000 0.50496
2452671.35005 0.26742
2452672.35010 0.05532
2452673.35014 -0.14717
2452674.35019 -0.38103
2452675.35023 -0.56626
2452676.35028 -0.76201
2452677.35032 -0.90790
2452678.35037 -1.11424
2452679.35042 -1.29557
2452680.35046 -1.60376
2452681.35051 -1.48426
2452682.35055 -1.95204
2452683.35060 -1.90499
2452684.35064 -2.22433
2452685.35069 -2.09558
2452686.35073 -2.45906
2452687.35078 -2.24627
2452688.35083 -2.41077
2452689.35087 -2.39377
2452690.35092 -2.38070
2452691.35096 -2.30841
2452692.35101 -2.19521
2452693.35105 -1.96745
2452694.35110 -1.98500
2452695.35115 -2.09658
2452696.35119 -1.83102
2452697.35124 -1.73680
2452698.35128 -1.63580
2452699.35133 -1.20728
2452700.35137 -1.23219
2452701.35142 -0.99368
2452702.35146 -0.79953
2452703.35151 -0.59071
2452704.35156 -0.35331
2452705.35160 -0.17711
2452706.35165 0.04498
2452707.35169 0.21357
2452708.35174 0.43122
2452709.35178 0.61587
2452710.35183 0.75801
2452711.35188 0.93245
2452712.35192 1.33924
2452713.35197 1.25438
2452714.35201 1.63353
2452715.35206 1.19896
2452716.35210 1.76573
2452717.35215 1.71805
2452718.35219 1.62416
2452719.35224 2.00385
2452720.35229 1.86721
2452721.35233 1.44134
2452722.35238 1.81259
2452723.35242 1.41077
2452724.35247 1.48831
2452725.35251 1.74960
2452726.35256 1.54457
2452727.35261 1.13547
2452728.35265 1.09119
2452729.35270 0.87821
2452730.35274 0.81190
2452731.35279 0.52913
2452732.35283 0.43269
2452733.35288 0.22779
2452734.35293 0.02339
2452735.35297 -0.19031
2452736.35302 -0.38475
2452737.35306 -0.74287
2452738.35311 -0.95372
2452739.35315 -1.07604
2452740.35320 -1.29912
2452741.35324 -1.43950
2452742.35329 -1.82144
2452743.35334 -1.72794
2452744.35338 -1.78386
2452745.35343 -1.71766
2452746.35347 -2.45820
2452747.35352 -2.97079
2452748.35356 -2.30949
2452749.35361 -2.49144
2452750.35366 -2.64191
2452751.35370 -2.76091
2452752.35375 -2.60114
2452753.35379 -2.49087
2452754.35384 -2.42862
2452755.35388 -2.39354
2452756.35393 -2.43357
2452757.35397 -2.59279
2452758.35402 -2.41002
2452759.35407 -2.14551
2452760.35411 -2.16344
2452761.35416 -2.10823
2452762.35420 -1.42079
2452763.35425 -1.56421
2452764.35429 -1.13352
2452765.35434 -1.28359
2452766.35439 -1.07356
2452767.35443 -0.61176
2452768.35448 -0.50699
2452769.35452 -0.35485
2452770.35457 -0.13012
2452771.35461 0.04973
2452772.35466 0.26544
2452773.35470 0.36441
2452774.35475 0.58544
2452775.35480 0.68371
2452776.35484 1.15383
2452777.35489 1.02887
2452778.35493 1.09665
2452779.35498 1.51206
2452780.35502 1.60319
2452781.35507 1.46765
2452782.35512 1.49733
2452783.35516 1.40436
2452784.35521 1.61513
2452785.35525 1.88699
2452786.35530 1.63313
2452787.35534 1.32778
2452788.35539 1.19134
2452789.35543 1.09416
2452790.35548 0.94305
2452791.35553 1.05593
2452792.35557 0.76531
2452793.35562 0.55703
2452794.35566 0.40676
2452795.35571 0.18896
2452796.35575 -0.00638
2452797.35580 -0.20108
2452798.35585 -0.44985
2452799.35589 -0.62388
2452800.35594 -0.67274
2452801.35598 -1.10671
2452802.35603 -1.27126
2452803.35607 -1.59865
2452804.35612 -1.64568
2452805.35617 -2.29723
2452806.35621 -2.23848
2452807.35626 -1.85144
2452808.35630 -2.11705
2452809.35635 -2.32064
2452810.35639 -2.47204
2452811.35644 -2.82992
2452812.35648 -2.92893
2452813.35653 -2.76865
2452814.35658 -3.14395
2452815.35662 -3.06166
2452816.35667 -2.73212
2452817.35671 -3.12089
2452818.35676 -3.05264
2452819.35680 -2.53568
2452820.35685 -2.69543
2452821.35690 -2.46390
2452822.35694 -2.31513
2452823.35699 -2.77363
2452824.35703 -2.44611
2452825.35708 -1.97114
2452826.35712 -1.76977
2452827.35717 -1.90135
2452828.35721 -1.41562
2452829.35726 -1.45784
2452830.35731 -1.23304
2452831.35735 -0.91490
2452832.35740 -0.71292
2452833.35744 -0.49096
2452834.35749 -0.30532
2452835.35753 -0.08159
2452836.35758 0.09514
2452837.35763 0.22415
2452838.35767 0.47751
2452839.35772 0.51003
2452840.35776 0.75422
2452841.35781 0.80973
2452842.35785 0.91644
2452843.35790 1.05986
2452844.35794 0.83884
2452845.35799 0.94725
2452846.35804 1.23790
2452847.35808 1.09190
2452848.35813 1.05189
2452849.35817 1.13063
2453036.36671 0.36575
2453037.36675 0.29556
2453038.36680 0.31204
2453039.36684 0.25373
2453040.36689 0.22205
2453041.36693 0.11867
2453042.36698 0.02956
2453043.36703 -0.08771
2453044.36707 -0.22931
2453045.36712 -0.36374
2453046.36716 -0.55695
2453047.36721 -0.78720
2453048.36725 -0.95937
2453049.36730 -1.01637
2453050.36735 -1.45782
2453051.36739 -1.59174
2453052.36744 -1.84708
2453053.36748 -1.81457
2453054.36753 -2.24869
2453055.36757 -2.57983
2453056.36762 -2.19766
2453057.36766 -3.19696
2453058.36771 -2.48212
2453059.36776 -2.66295
2453060.36780 -3.28293
2453061.36785 -3.41867
2453062.36789 -2.96741
2453063.36794 -3.09379
2453064.36798 -4.14158
2453065.36803 -3.38821
2453066.36808 -3.70753
2453067.36812 -4.02696
2453068.36817 -4.25148
2453069.36821 -4.02902
2453070.36826 -3.20431
2453071.36830 -3.95071
2453072.36835 -2.94003
2453073.36839 -3.88609
2453074.36844 -3.55801
2453075.36849 -3.65331
2453076.36853 -3.02336
2453077.36858 -3.28679
2453078.36862 -2.99092
2453079.36867 -2.77073
2453080.36871 -2.89967
2453081.36876 -2.78136
2453082.36881 -2.68576
2453083.36885 -2.45401
2453084.36890 -1.80206
2453085.36894 -2.00479
2453086.36899 -1.38161
2453087.36903 -1.46148
2453088.36908 -1.23075
2453089.36912 -1.04246
2453090.36917 -0.80942
2453091.36922 -0.80296
2453092.36926 -0.52438
2453093.36931 -0.41224
2453094.36935 -0.35942
2453095.36940 -0.17183
2453096.36944 -0.08350
2453097.36949 -0.02025
2453098.36954 0.02823
2453099.36958 0.05659
2453100.36963 0.05999
2453101.36967 0.06614
2453102.36972 0.02972
2453103.36976 -0.02731
2453104.36981 -0.08615
2453105.36985 -0.15676
2453106.36990 -0.25978
2453107.36995 -0.43059
2453108.36999 -0.46165
2453109.37004 -0.69392
2453110.37008 -0.79182
2453111.37013 -0.93106
2453112.37017 -1.33728
2453113.37022 -1.54007
2453114.37027 -1.57544
2453115.37031 -1.55881
2453116.37036 -2.13968
2453117.37040 -1.85332
2453118.37045 -2.56085
2453119.37049 -2.56682
2453120.37054 -2.49541
2453121.37059 -3.10635
2453122.37063 -3.24134
2453123.37068 -3.14794
2453124.37072 -4.16878
2453125.37077 -3.67945
2453126.37081 -3.19913
2453127.37086 -4.02951
2453128.37090 -4.47624
2453129.37095 -3.84832
2453130.37100 -4.25556
2453131.37104 -3.94720
2453132.37109 -4.93044
2453133.37113 -4.18520
2453134.37118 -4.16992
2453135.37122 -3.74257
2453136.37127 -3.65232
2453137.37132 -4.11696
2453138.37136 -4.39361
2453139.37141 -3.54853
2453140.37145 -3.65567
2453141.37150 -3.20624
2453142.37154 -3.30835
2453143.37159 -3.12996
2453144.37163 -2.71544
2453145.37168 -3.15164
2453146.37173 -2.48896
2453147.37177 -2.19742
2453148.37182 -2.32010
2453149.37186 -2.16814
2453150.37191 -1.83009
2453151.37195 -1.51368
2453152.37200 -1.22115
2453153.37205 -1.19289
2453154.37209 -0.87981
2453155.37214 -0.85869
2453156.37218 -0.74107
2453157.37223 -0.58174
2453158.37227 -0.47251
2453159.37232 -0.31425
2453160.37236 -0.27401
2453161.37241 -0.18741
2453162.37246 -0.18654
2453163.37250 -0.15831
2453164.37255 -0.17630
2453165.37259 -0.17862
2453166.37264 -0.18840
2453167.37268 -0.32849
2453168.37273 -0.33476
2453169.37278 -0.48500
2453170.37282 -0.55129
2453171.37287 -0.81189
2453172.37291 -1.03247
2453173.37296 -0.98849
2453174.37300 -1.19311
2453175.37305 -1.71391
2453176.37309 -1.92152
2453177.37314 -1.57202
2453178.37319 -1.88904
2453179.37323 -2.43571
2453180.37328 -2.50314
2453181.37332 -2.80475
2453182.37337 -2.74617
2453183.37341 -2.81471
2453184.37346 -2.82759
2453185.37351 -3.31013
2453186.37355 -3.48586
2453187.37360 -3.40077
2453188.37364 -3.96176
2453189.37369 -4.36542
2453190.37373 -4.25028
2453191.37378 -4.05481
2453192.37382 -4.20412
2453193.37387 -3.21746
2453194.37392 -4.68104
2453195.37396 -4.95857
2453196.37401 -3.91371
2453197.37405 -4.41405
2453198.37410 -4.76775
2453199.37414 -3.67819
2453200.37419 -4.54576
2453201.37424 -4.14532
2453202.37428 -3.84137
2453203.37433 -3.72562
2453204.37437 -3.26047
2453205.37442 -3.68254
2453206.37446 -3.16527
2453207.37451 -3.41343
2453208.37456 -2.69001
2453209.37460 -2.44949
2453210.37465 -2.29745
2453211.37469 -2.47830
2453212.37474 -2.42311
2453213.37478 -1.75184
2453214.37483 -1.79696
2453215.37487 -1.87327
2453401.38336 -2.97043
2453402.38341 -2.77396
2453403.38345 -2.27980
2453404.38350 -2.14120
2453405.38354 -1.97123
2453406.38359 -2.24786
2453407.38364 -1.81167
2453408.38368 -1.63695
2453409.38373 -1.35543
2453410.38377 -1.32417
2453411.38382 -0.91576
2453412.38386 -1.12605
2453413.38391 -1.12626
2453414.38396 -1.03949
2453415.38400 -0.91048
2453416.38405 -0.91541
2453417.38409 -0.93450
2453418.38414 -0.84920
2453419.38418 -1.00431
2453420.38423 -0.90284
2453421.38427 -1.17681
2453422.38432 -1.18733
2453423.38437 -1.24065
2453424.38441 -1.60748
2453425.38446 -1.43614
2453426.38450 -1.91763
2453427.38455 -1.99231
2453428.38459 -2.25796
2453429.38464 -2.14027
2453430.38469 -2.41738
2453431.38473 -2.58622
2453432.38478 -2.93948
2453433.38482 -3.37810
2453434.38487 -3.69584
2453435.38491 -2.81065
2453436.38496 -3.78598
2453437.38501 -3.95348
2453438.38505 -4.15822
2453439.38510 -4.27746
2453440.38514 -4.35338
2453441.38519 -4.45522
2453442.38523 -4.50986
2453443.38528 -3.81278
2453444.38532 -4.56576
2453445.38537 -5.19174
2453446.38542 -4.76442
2453447.38546 -4.66352
2453448.38551 -4.63264
2453449.38555 -5.65589
2453450.38560 -4.48743
2453451.38564 -4.22830
2453452.38569 -4.81266
2453453.38574 -5.29905
2453454.38578 -4.02797
2453455.38583 -4.84730
2453456.38587 -4.56318
2453457.38592 -4.11375
2453458.38596 -3.91040
2453459.38601 -4.11185
2453460.38605 -4.02801
2453461.38610 -3.66371
2453462.38615 -3.47264
2453463.38619 -2.96612
2453464.38624 -2.84559
2453465.38628 -2.33784
2453466.38633 -2.67400
2453467.38637 -2.34001
2453468.38642 -2.38149
2453469.38647 -2.38211
2453470.38651 -1.68650
2453471.38656 -1.84968
2453472.38660 -1.76045
2453473.38665 -1.40960
2453474.38669 -1.49874
2453475.38674 -1.30042
2453476.38678 -1.31976
2453477.38683 -1.07590
2453478.38688 -0.95624
2453479.38692 -0.96991
2453480.38697 -1.02601
2453481.38701 -1.13217
2453482.38706 -1.04530
2453483.38710 -1.19047
2453484.38715 -1.23990
2453485.38720 -1.12559
2453486.38724 -1.59689
2453487.38729 -1.65752
2453488.38733 -1.60454
2453489.38738 -1.76972
2453490.38742 -1.89368
2453491.38747 -2.28807
2453492.38751 -2.50139
2453493.38756 -2.45049
2453494.38761 -2.83143
2453495.38765 -2.48647
2453496.38770 -2.44846
2453497.38774 -3.32865
2453498.38779 -3.17324
2453499.38783 -4.27254
2453500.38788 -4.08035
2453501.38793 -4.36340
2453502.38797 -3.94456
2453503.38802 -4.06279
2453504.38806 -4.88546
2453505.38811 -4.66263
2453506.38815 -4.39676
2453507.38820 -5.00536
2453508.38824 -5.05160
2453509.38829 -5.31559
2453510.38834 -4.73929
2453511.38838 -5.22095
2453512.38843 -5.08717
2453513.38847 -5.26992
2453514.38852 -5.61090
2453515.38856 -5.07734
2453516.38861 -5.32739
2453517.38866 -5.08308
2453518.38870 -5.05500
2453519.38875 -4.68939
2453520.38879 -4.75785
2453521.38884 -4.49647
2453522.38888 -4.02304
2453523.38893 -4.61171
2453524.38898 -4.22458
2453525.38902 -4.23763
2453526.38907 -2.91917
2453527.38911 -3.09002
2453528.38916 -2.80709
2453529.38920 -2.75547
2453530.38925 -2.78378
2453531.38929 -2.47940
2453532.38934 -2.70471
2453533.38939 -1.95541
2453534.38943 -1.66070
2453535.38948 -1.76226
2453536.38952 -1.87409
2453537.38957 -1.63762
2453538.38961 -1.18113
2453539.38966 -1.46156
2453540.38971 -1.28112
2453541.38975 -1.25722
2453542.38980 -1.20928
2453543.38984 -1.13408
2453544.38989 -1.20107
2453545.38993 -1.26485
2453546.38998 -1.32253
2453547.39002 -1.31655
2453548.39007 -1.11006
2453549.39012 -1.42828
2453550.39016 -1.52978
2453551.39021 -1.85750
2453552.39025 -2.05542
2453553.39030 -2.32387
2453554.39034 -2.25866
2453555.39039 -2.17263
2453556.39044 -2.66017
2453557.39048 -3.00252
2453558.39053 -2.55897
2453559.39057 -3.20107
2453560.39062 -2.98069
2453561.39066 -3.49003
2453562.39071 -4.08680
2453563.39075 -4.30475
2453564.39080 -4.47569
2453565.39085 -4.60103
2453566.39089 -4.21990
2453567.39094 -4.32017
2453568.39098 -4.62912
2453569.39103 -4.96704
2453570.39107 -4.98949
2453571.39112 -4.72880
2453572.39117 -4.77934
2453573.39121 -5.45768
2453574.39126 -4.79224
2453575.39130 -4.53208
2453576.39135 -5.22088
2453577.39139 -5.11046
2453578.39144 -4.81495
2453579.39148 -5.68477
2453580.39153 -5.27330
2453766.40002 -5.95540
2453767.40006 -5.79920
2453768.40011 -4.99275
2453769.40016 -4.92790
2453770.40020 -4.36174
2453771.40025 -4.83443
2453772.40029 -4.61585
2453773.40034 -3.81867
2453774.40038 -3.94315
2453775.40043 -4.33102
2453776.40047 -4.37596
2453777.40052 -4.20301
2453778.40057 -4.08376
2453779.40061 -3.27717
2453780.40066 -3.77817
2453781.40070 -2.73174
2453782.40075 -2.54450
2453783.40079 -2.74216
2453784.40084 -2.59490
2453785.40089 -2.74843
2453786.40093 -2.19338
2453787.40098 -1.55500
2453788.40102 -1.75790
2453789.40107 -2.09635
2453790.40111 -1.80195
2453791.40116 -1.41225
2453792.40120 -1.45775
2453793.40125 -1.29897
2453794.40130 -1.52346
2453795.40134 -1.39845
2453796.40139 -1.18298
2453797.40143 -1.07195
2453798.40148 -1.06180
2453799.40152 -1.38848
2453800.40157 -1.44599
2453801.40162 -1.39437
2453802.40166 -1.59096
2453803.40171 -1.40802
2453804.40175 -1.65588
2453805.40180 -2.08241
2453806.40184 -2.06190
2453807.40189 -2.28926
2453808.40193 -2.27484
2453809.40198 -2.32776
2453810.40203 -2.57532
2453811.40207 -3.10894
2453812.40212 -3.54524
2453813.40216 -3.44249
2453814.40221 -3.33021
2453815.40225 -3.31668
2453816.40230 -3.58438
2453817.40235 -4.23088
2453818.40239 -4.51004
2453819.40244 -4.55989
2453820.40248 -4.01138
2453821.40253 -5.08724
2453822.40257 -3.69670
2453823.40262 -4.39895
2453824.40266 -5.26486
2453825.40271 -4.88242
2453826.40276 -4.67764
2453827.40280 -4.39567
2453828.40285 -4.94321
2453829.40289 -5.48812
2453830.40294 -5.16069
2453831.40298 -4.70463
2453832.40303 -5.32173
2453833.40308 -4.57397
2453834.40312 -4.75519
2453835.40317 -4.51043
2453836.40321 -5.10180
2453837.40326 -4.50819
2453838.40330 -3.18919
2453839.40335 -3.39975
2453840.40340 -3.89259
2453841.40344 -3.67057
2453842.40349 -3.27716
2453843.40353 -3.14110
2453844.40358 -2.96439
2453845.40362 -3.18373
2453846.40367 -2.94806
2453847.40371 -2.35542
2453848.40376 -2.54117
2453849.40381 -2.27744
2453850.40385 -1.81788
2453851.40390 -2.00309
2453852.40394 -2.01071
2453853.40399 -1.46784
2453854.40403 -1.75173
2453855.40408 -1.33827
2453856.40413 -1.65984
2453857.40417 -1.17390
2453858.40422 -1.27955
2453859.40426 -1.20197
2453860.40431 -1.00735
2453861.40435 -0.93689
2453862.40440 -1.02537
2453863.40444 -1.62209
2453864.40449 -1.53101
2453865.40454 -1.61738
2453866.40458 -1.62318
2453867.40463 -1.98056
2453868.40467 -2.06595
2453869.40472 -1.86803
2453870.40476 -2.53988
2453871.40481 -2.44505
2453872.40486 -2.70218
2453873.40490 -2.68982
2453874.40495 -2.77762
2453875.40499 -3.09025
2453876.40504 -3.47434
2453877.40508 -3.33571
2453878.40513 -3.28506
2453879.40517 -2.99025
2453880.40522 -3.27055
2453881.40527 -3.15413
2453882.40531 -4.67472
2453883.40536 -4.33670
2453884.40540 -3.70387
2453885.40545 -5.32304
2453886.40549 -5.00562
2453887.40554 -4.79863
2453888.40559 -5.09339
2453889.40563 -4.12792
2453890.40568 -5.38576
2453891.40572 -4.36620
2453892.40577 -5.13359
2453893.40581 -5.22555
2453894.40586 -4.89607
2453895.40590 -5.04733
2453896.40595 -4.63896
2453897.40600 -5.11056
2453898.40604 -5.31940
2453899.40609 -5.02329
2453900.40613 -4.05683
2453901.40618 -4.25387
2453902.40622 -3.49456
2453903.40627 -3.61673
2453904.40632 -3.90959
2453905.40636 -3.72413
2453906.40641 -3.75125
2453907.40645 -3.27974
2453908.40650 -2.85039
2453909.40654 -2.81656
2453910.40659 -2.31762
2453911.40664 -2.17383
2453912.40668 -2.05636
2453913.40673 -2.00042
2453914.40677 -2.02685
2453915.40682 -1.70876
2453916.40686 -1.51683
2453917.40691 -1.55906
2453918.40695 -1.01999
2453919.40700 -1.41209
2453920.40705 -1.33148
2453921.40709 -1.43114
2453922.40714 -1.44302
2453923.40718 -1.01131
2453924.40723 -1.15557
2453925.40727 -1.11389
2453926.40732 -1.17760
2453927.40737 -1.26046
2453928.40741 -1.46915
2453929.40746 -1.51236
2453930.40750 -1.59117
2453931.40755 -2.09628
2453932.40759 -1.81838
2453933.40764 -1.82543
2453934.40768 -2.30368
2453935.40773 -2.33791
2453936.40778 -2.57461
2453937.40782 -3.02680
2453938.40787 -2.62534
2453939.40791 -2.85347
2453940.40796 -3.17233
2453941.40800 -3.72222
2453942.40805 -2.91441
2453943.40810 -3.66666
2453944.40814 -4.12984
2453945.40819 -4.01640
2454131.41667 -3.60387
2454132.41672 -3.88102
2454133.41677 -3.29164
2454134.41681 -3.78362
2454135.41686 -3.30534
2454136.41690 -4.24839
2454137.41695 -3.36542
2454138.41699 -5.00189
2454139.41704 -4.28387
2454140.41708 -5.03286
2454141.41713 -4.49170
2454142.41718 -5.22523
2454143.41722 -4.23281
2454144.41727 -5.00076
2454145.41731 -4.28714
2454146.41736 -3.71894
2454147.41740 -5.35557
2454148.41745 -4.23659
2454149.41750 -4.20017
2454150.41754 -4.66724
2454151.41759 -4.90927
2454152.41763 -3.94674
2454153.41768 -4.13402
2454154.41772 -4.19288
2454155.41777 -3.34528
2454156.41782 -3.79080
2454157.41786 -3.35978
2454158.41791 -2.82324
2454159.41795 -2.87382
2454160.41800 -2.64896
2454161.41804 -2.53654
2454162.41809 -2.28666
2454163.41813 -2.01994
2454164.41818 -2.20058
2454165.41823 -1.53717
2454166.41827 -1.95264
2454167.41832 -1.59902
2454168.41836 -1.44747
2454169.41841 -1.25705
2454170.41845 -1.15679
2454171.41850 -0.91785
2454172.41855 -0.75430
2454173.41859 -0.86414
2454174.41864 -0.80104
2454175.41868 -0.69188
2454176.41873 -0.78454
2454177.41877 -0.69149
2454178.41882 -0.74764
2454179.41886 -0.80493
2454180.41891 -0.86780
2454181.41896 -1.13791
2454182.41900 -0.92897
2454183.41905 -1.10159
2454184.41909 -1.26762
2454185.41914 -1.13340
2454186.41918 -1.63976
2454187.41923 -1.53448
2454188.41928 -1.96182
2454189.41932 -2.15096
2454190.41937 -2.19445
2454191.41941 -2.50269
2454192.41946 -2.32032
2454193.41950 -2.78954
2454194.41955 -3.59210
2454195.41959 -2.78462
2454196.41964 -3.44207
2454197.41969 -3.60975
2454198.41973 -4.49215
2454199.41978 -2.87834
2454200.41982 -4.42350
2454201.41987 -4.30253
2454202.41991 -3.80941
2454203.41996 -3.69264
2454204.42001 -4.90907
2454205.42005 -3.99102
2454206.42010 -3.99913
2454207.42014 -4.50729
2454208.42019 -4.68324
2454209.42023 -3.28623
2454210.42028 -3.66125
2454211.42032 -4.20639
2454212.42037 -4.66111
2454213.42042 -4.27513
2454214.42046 -4.40181
2454215.42051 -4.31445
2454216.42055 -3.74380
2454217.42060 -3.02603
2454218.42064 -3.47084
2454219.42069 -3.41477
2454220.42074 -3.12570
2454221.42078 -2.99809
2454222.42083 -3.19541
2454223.42087 -3.01446
2454224.42092 -2.67580
2454225.42096 -1.98452
2454226.42101 -2.35800
2454227.42106 -2.15937
2454228.42110 -1.51355
2454229.42115 -1.75136
2454230.42119 -1.48719
2454231.42124 -1.33332
2454232.42128 -1.08370
2454233.42133 -1.03736
2454234.42137 -1.01873
2454235.42142 -0.72686
2454236.42147 -0.69379
2454237.42151 -0.62628
2454238.42156 -0.66436
2454239.42160 -0.69795
2454240.42165 -0.59666
2454241.42169 -0.51102
2454242.42174 -0.60129
2454243.42179 -0.87427
2454244.42183 -0.63107
2454245.42188 -0.82133
2454246.42192 -1.05839
2454247.42197 -1.15719
2454248.42201 -1.08683
2454249.42206 -1.59843
2454250.42210 -1.50605
2454251.42215 -1.47195
2454252.42220 -1.97148
2454253.42224 -2.08407
2454254.42229 -2.21371
2454255.42233 -2.21907
2454256.42238 -2.72532
2454257.42242 -3.02528
2454258.42247 -2.64337
2454259.42252 -3.46766
2454260.42256 -3.34335
2454261.42261 -3.19484
2454262.42265 -3.16560
2454263.42270 -3.69141
2454264.42274 -3.38524
2454265.42279 -3.57906
2454266.42283 -3.92615
2454267.42288 -4.05627
2454268.42293 -4.24591
2454269.42297 -3.68760
2454270.42302 -4.03007
2454271.42306 -4.93897
2454272.42311 -3.67436
2454273.42315 -4.81213
2454274.42320 -3.56495
2454275.42325 -3.59544
2454276.42329 -4.05585
2454277.42334 -3.71571
2454278.42338 -4.54205
2454279.42343 -3.77203
2454280.42347 -3.56057
2454281.42352 -3.36490
2454282.42356 -3.38628
2454283.42361 -3.08736
2454284.42366 -2.62126
2454285.42370 -2.24315
2454286.42375 -2.87243
2454287.42379 -2.63919
2454288.42384 -2.35012
2454289.42388 -2.19347
2454290.42393 -2.15313
2454291.42398 -1.41612
2454292.42402 -1.80861
2454293.42407 -1.39529
2454294.42411 -0.94017
2454295.42416 -0.98907
2454296.42420 -0.76455
2454297.42425 -0.69124
2454298.42429 -0.71361
2454299.42434 -0.60379
2454300.42439 -0.52598
2454301.42443 -0.41448
2454302.42448 -0.39902
2454303.42452 -0.46701
2454304.42457 -0.31008
2454305.42461 -0.46493
2454306.42466 -0.43567
2454307.42471 -0.52244
2454308.42475 -0.53664
2454309.42480 -0.71759
2454310.42484 -0.86086
2454497.43338 0.05514
2454498.43342 -0.01609
2454499.43347 -0.08901
2454500.43351 -0.20919
2454501.43356 -0.30520
2454502.43360 -0.41610
2454503.43365 -0.65623
2454504.43370 -0.73961
2454505.43374 -1.00992
2454506.43379 -1.02720
2454507.43383 -1.37263
2454508.43388 -1.42799
2454509.43392 -1.80030
2454510.43397 -1.87632
2454511.43401 -2.12872
2454512.43406 -2.05561
2454513.43411 -2.05808
2454514.43415 -2.26592
2454515.43420 -2.53772
2454516.43424 -2.75774
2454517.43429 -2.80465
2454518.43433 -3.44342
2454519.43438 -2.94740
2454520.43443 -3.61703
2454521.43447 -3.90643
2454522.43452 -3.06338
2454523.43456 -3.79540
2454524.43461 -3.41954
2454525.43465 -3.10768
2454526.43470 -3.50980
2454527.43474 -2.77528
2454528.43479 -3.71485
2454529.43484 -3.16883
2454530.43488 -2.94709
2454531.43493 -2.74122
2454532.43497 -2.34277
2454533.43502 -3.13698
2454534.43506 -2.63183
2454535.43511 -1.98374
2454536.43516 -2.29449
2454537.43520 -2.34518
2454538.43525 -1.83950
2454539.43529 -1.46893
2454540.43534 -1.59216
2454541.43538 -1.70194
2454542.43543 -1.19964
2454543.43548 -0.82668
2454544.43552 -0.83652
2454545.43557 -0.77530
2454546.43561 -0.38038
2454547.43566 -0.32078
2454548.43570 -0.19000
2454549.43575 -0.06232
2454550.43579 0.05529
2454551.43584 0.17865
2454552.43589 0.23587
2454553.43593 0.26387
2454554.43598 0.36752
2454555.43602 0.36649
2454556.43607 0.43722
2454557.43611 0.39409
2454558.43616 0.35467
2454559.43621 0.42140
2454560.43625 0.34840
2454561.43630 0.23277
2454562.43634 0.13241
2454563.43639 0.05057
2454564.43643 -0.07440
2454565.43648 -0.19620
2454566.43652 -0.32733
2454567.43657 -0.44232
2454568.43662 -0.66684
2454569.43666 -0.96797
2454570.43671 -1.05605
2454571.43675 -0.97842
2454572.43680 -1.44172
2454573.43684 -1.48694
2454574.43689 -1.97399
2454575.43694 -1.67631
2454576.43698 -1.73737
2454577.43703 -2.40196
2454578.43707 -1.99434
2454579.43712 -2.77635
2454580.43716 -2.65519
2454581.43721 -2.32197
2454582.43725 -3.13347
2454583.43730 -2.96008
2454584.43735 -3.43219
2454585.43739 -3.03198
2454586.43744 -3.05338
2454587.43748 -2.92561
2454588.43753 -2.85953
2454589.43757 -3.26354
2454590.43762 -2.93866
2454591.43767 -3.47344
2454592.43771 -2.80153
2454593.43776 -2.25150
2454594.43780 -2.71680
2454595.43785 -2.41115
2454596.43789 -2.48162
2454597.43794 -2.36995
2454598.43798 -2.16328
2454599.43803 -1.80178
2454600.43808 -1.86384
2454601.43812 -1.40695
2454602.43817 -1.38424
2454603.43821 -1.17129
2454604.43826 -1.31147
2454605.43830 -0.98580
2454606.43835 -0.85545
2454607.43840 -0.68656
2454608.43844 -0.46120
2454609.43849 -0.26429
2454610.43853 -0.14849
2454611.43858 0.00281
2454612.43862 0.11052
2454613.43867 0.24045
2454614.43871 0.30620
2454615.43876 0.49235
2454616.43881 0.47952
2454617.43885 0.52163
2454618.43890 0.70515
2454619.43894 0.56956
2454620.43899 0.70187
2454621.43903 0.55713
2454622.43908 0.61459
2454623.43913 0.53888
2454624.43917 0.52116
2454625.43922 0.51919
2454626.43926 0.34433
2454627.43931 0.20075
2454628.43935 0.09769
2454629.43940 -0.05208
2454630.43945 -0.16713
2454631.43949 -0.26082
2454632.43954 -0.54567
2454633.43958 -0.67381
2454634.43963 -0.86325
2454635.43967 -1.17991
2454636.43972 -1.11422
2454637.43976 -1.35327
2454638.43981 -1.54130
2454639.43986 -2.01006
2454640.43990 -2.20794
2454641.43995 -1.81017
2454642.43999 -2.57832
2454643.44004 -2.22978
2454644.44008 -2.35562
2454645.44013 -2.55424
2454646.44018 -2.56032
2454647.44022 -3.02028
2454648.44027 -3.01483
2454649.44031 -3.00487
2454650.44036 -2.88003
2454651.44040 -3.09811
2454652.44045 -2.58278
2454653.44049 -3.10282
2454654.44054 -2.87778
2454655.44059 -2.60807
2454656.44063 -2.75354
2454657.44068 -2.47331
2454658.44072 -2.64510
2454659.44077 -2.35868
2454660.44081 -2.12048
2454661.44086 -1.95220
2454662.44091 -1.83440
2454663.44095 -1.61436
2454664.44100 -1.40438
2454665.44104 -1.34930
2454666.44109 -1.20822
2454667.44113 -0.95450
2454668.44118 -0.72105
2454669.44122 -0.66116
2454670.44127 -0.49864
2454671.44132 -0.27125
2454672.44136 -0.08535
2454673.44141 0.05966
2454674.44145 0.20275
2454675.44150 0.31726
2454676.44154 0.48550
2454862.45003 0.71225
2454863.45008 0.79152
2454864.45012 0.80167
2454865.45017 1.05780
2454866.45021 1.11323
2454867.45026 1.31310
2454868.45031 1.41579
2454869.45035 1.57281
2454870.45040 1.67179
2454871.45044 1.53964
2454872.45049 1.35762
2454873.45053 1.93963
2454874.45058 1.50226
2454875.45063 1.84111
2454876.45067 1.38956
2454877.45072 1.49531
2454878.45076 1.47955
2454879.45081 1.04782
2454880.45085 1.41364
2454881.45090 1.06599
2454882.45094 0.91262
2454883.45099 0.85758
2454884.45104 0.69603
2454885.45108 0.56649
2454886.45113 0.40355
2454887.45117 0.17266
2454888.45122 0.03325
2454889.45126 -0.13848
2454890.45131 -0.27447
2454891.45136 -0.50231
2454892.45140 -0.46932
2454893.45145 -0.76001
2454894.45149 -1.04981
2454895.45154 -0.92797
2454896.45158 -1.23181
2454897.45163 -1.43096
2454898.45167 -1.60391
2454899.45172 -1.78440
2454900.45177 -1.63672
2454901.45181 -1.46636
2454902.45186 -2.03291
2454903.45190 -2.13645
2454904.45195 -2.15559
2454905.45199 -1.72696
2454906.45204 -1.79417
2454907.45209 -1.70316
2454908.45213 -1.81554
2454909.45218 -1.71802
2454910.45222 -1.48473
2454911.45227 -1.64416
2454912.45231 -1.30714
2454913.45236 -1.35889
2454914.45240 -1.06067
2454915.45245 -0.87694
2454916.45250 -0.73348
2454917.45254 -0.60242
2454918.45259 -0.36050
2454919.45263 -0.16535
2454920.45268 -0.00013
2454921.45272 0.17159
2454922.45277 0.31384
2454923.45282 0.53480
2454924.45286 0.77015
2454925.45291 0.76672
2454926.45295 0.80087
2454927.45300 1.04622
2454928.45304 1.35088
2454929.45309 1.32044
2454930.45313 1.68986
2454931.45318 1.66138
2454932.45323 1.59478
2454933.45327 1.74490
2454934.45332 1.31031
2454935.45336 2.06418
2454936.45341 2.03184
2454937.45345 1.71607
2454938.45350 1.55484
2454939.45355 1.56420
2454940.45359 2.05047
2454941.45364 1.76931
2454942.45368 1.50793
2454943.45373 1.64047
2454944.45377 1.40497
2454945.45382 1.47692
2454946.45387 1.23928
2454947.45391 0.96958
2454948.45396 0.74905
2454949.45400 0.80954
2454950.45405 0.52907
2454951.45409 0.32276
2454952.45414 0.18250
2454953.45418 -0.00281
2454954.45423 -0.19013
2454955.45428 -0.26707
2454956.45432 -0.50569
2454957.45437 -0.62969
2454958.45441 -0.78716
2454959.45446 -0.92350
2454960.45450 -0.74023
2454961.45455 -1.05121
2454962.45460 -1.40349
2454963.45464 -1.42703
2454964.45469 -1.32159
2454965.45473 -1.51081
2454966.45478 -1.36150
2454967.45482 -1.43691
2454968.45487 -1.58585
2454969.45491 -1.51582
2454970.45496 -1.32897
2454971.45501 -1.27788
2454972.45505 -1.42552
2454973.45510 -1.38899
2454974.45514 -1.01732
2454975.45519 -1.29379
2454976.45523 -1.03464
2454977.45528 -0.70618
2454978.45533 -0.60182
2454979.45537 -0.44252
2454980.45542 -0.32754
2454981.45546 -0.13511
2454982.45551 0.01846
2454983.45555 0.19657
2454984.45560 0.34212
2454985.45564 0.59720
2454986.45569 0.87041
2454987.45574 0.96735
2454988.45578 1.01972
2454989.45583 1.28970
2454990.45587 1.54315
2454991.45592 1.42106
2454992.45596 1.77826
2454993.45601 1.70336
2454994.45606 2.19410
2454995.45610 2.10717
2454996.45615 2.23141
2454997.45619 2.15164
2454998.45624 2.41252
2454999.45628 1.55639
2455000.45633 1.76028
2455001.45637 1.79360
2455002.45642 1.85069
2455003.45647 2.20977
2455004.45651 2.06596
2455005.45656 2.03096
2455006.45660 1.70776
2455007.45665 2.12226
2455008.45669 1.62641
2455009.45674 1.35216
2455010.45679 1.11410
2455011.45683 0.91898
2455012.45688 0.76611
2455013.45692 0.82865
2455014.45697 0.62409
2455015.45701 0.41065
2455016.45706 0.37212
2455017.45711 0.12928
2455018.45715 -0.03479
2455019.45720 -0.19683
2455020.45724 -0.29702
2455021.45729 -0.47753
2455022.45733 -0.82449
2455023.45738 -0.80890
2455024.45742 -0.94172
2455025.45747 -0.94254
2455026.45752 -1.06503
2455027.45756 -1.01946
2455028.45761 -1.39170
2455029.45765 -1.05320
2455030.45770 -1.41458
2455031.45774 -1.22389
2455032.45779 -1.19443
2455033.45784 -1.35861
2455034.45788 -1.12845
2455035.45793 -1.07979
2455036.45797 -0.95736
2455037.45802 -0.88560
2455038.45806 -0.86214
2455039.45811 -0.78792
2455040.45815 -0.57292
2455041.45820 -0.44746
2455227.46669 -0.19862
2455228.46673 -0.10556
2455229.46678 0.01317
2455230.46682 0.16686
2455231.46687 0.26336
2455232.46692 0.42724
2455233.46696 0.63118
2455234.46701 0.62240
2455235.46705 0.87816
2455236.46710 1.07273
2455237.46714 1.34683
2455238.46719 1.74304
2455239.46724 1.73786
2455240.46728 2.03398
2455241.46733 1.99124
2455242.46737 2.38293
2455243.46742 1.75725
2455244.46746 2.79822
2455245.46751 2.63965
2455246.46755 2.86207
2455247.46760 2.58468
2455248.46765 2.60472
2455249.46769 3.27059
2455250.46774 2.95816
2455251.46778 2.90627
2455252.46783 3.03238
2455253.46787 2.89426
2455254.46792 2.96376
2455255.46797 2.57709
2455256.46801 2.93869
2455257.46806 2.64246
2455258.46810 3.22846
2455259.46815 3.11129
2455260.46819 2.78989
2455261.46824 2.82940
2455262.46829 2.43107
2455263.46833 2.07718
2455264.46838 2.32228
2455265.46842 2.33202
2455266.46847 1.45096
2455267.46851 1.50764
2455268.46856 1.27243
2455269.46860 1.26460
2455270.46865 1.06538
2455271.46870 0.88767
2455272.46874 0.75138
2455273.46879 0.65606
2455274.46883 0.48631
2455275.46888 0.36721
2455276.46892 0.21546
2455277.46897 0.10130
2455278.46902 -0.00237
2455279.46906 -0.08562
2455280.46911 -0.17440
2455281.46915 -0.24680
2455282.46920 -0.30531
2455283.46924 -0.31106
2455284.46929 -0.31224
2455285.46933 -0.32091
2455286.46938 -0.27733
2455287.46943 -0.23819
2455288.46947 -0.21074
2455289.46952 -0.09538
2455290.46956 -0.02242
2455291.46961 0.06125
2455292.46965 0.20973
2455293.46970 0.32183
2455294.46975 0.41604
2455295.46979 0.63331
2455296.46984 0.73391
2455297.46988 1.07780
2455298.46993 1.02627
2455299.46997 1.17440
2455300.47002 1.31568
2455301.47006 1.77515
2455302.47011 1.77770
2455303.47016 1.47938
2455304.47020 1.74423
2455305.47025 2.46721
2455306.47029 2.39593
2455307.47034 2.70738
2455308.47038 2.63177
2455309.47043 2.78311
2455310.47048 2.53549
2455311.47052 2.79713
2455312.47057 2.60493
2455313.47061 3.58535
2455314.47066 2.90254
2455315.47070 2.95591
2455316.47075 2.88597
2455317.47079 2.97568
2455318.47084 2.50266
2455319.47089 3.45542
2455320.47093 2.54504
2455321.47098 3.15250
2455322.47102 3.33301
2455323.47107 2.65648
2455324.47111 2.71645
2455325.47116 2.34662
2455326.47121 2.93055
2455327.47125 2.22772
2455328.47130 2.20273
2455329.47134 2.22608
2455330.47139 1.87134
2455331.47143 1.63703
2455332.47148 1.70974
2455333.47153 1.27595
2455334.47157 1.20282
2455335.47162 0.98982
2455336.47166 0.93061
2455337.47171 0.79420
2455338.47175 0.46522
2455339.47180 0.50272
2455340.47184 0.34232
2455341.47189 0.23526
2455342.47194 0.12530
2455343.47198 0.06564
2455344.47203 0.00031
2455345.47207 -0.03417
2455346.47212 -0.07402
2455347.47216 -0.10077
2455348.47221 -0.09616
2455349.47226 -0.08768
2455350.47230 -0.04059
2455351.47235 0.00929
2455352.47239 0.07024
2455353.47244 0.14626
2455354.47248 0.26410
2455355.47253 0.29156
2455356.47257 0.50473
2455357.47262 0.66533
2455358.47267 0.64703
2455359.47271 0.90545
2455360.47276 0.99421
2455361.47280 1.19565
2455362.47285 1.42241
2455363.47289 1.53030
2455364.47294 1.49869
2455365.47299 1.99736
2455366.47303 2.37674
2455367.47308 2.13486
2455368.47312 2.42549
2455369.47317 2.47085
2455370.47321 2.59197
2455371.47326 2.85120
2455372.47330 3.04566
2455373.47335 3.16409
2455374.47340 2.72473
2455375.47344 3.62666
2455376.47349 3.31120
2455377.47353 3.48574
2455378.47358 3.20217
2455379.47362 3.81470
2455380.47367 3.03266
2455381.47372 3.05294
2455382.47376 3.95236
2455383.47381 2.98946
2455384.47385 3.48939
2455385.47390 3.16721
2455386.47394 3.28972
2455387.47399 3.00950
2455388.47403 2.59754
2455389.47408 2.40183
2455390.47413 2.54701
2455391.47417 2.35584
2455392.47422 2.00650
2455393.47426 2.23312
2455394.47431 1.92444
2455395.47435 1.91825
2455396.47440 1.51915
2455397.47445 1.36449
2455398.47449 1.43476
2455399.47454 0.97120
2455400.47458 1.06107
2455401.47463 0.87871
2455402.47467 0.76089
2455403.47472 0.49492
2455404.47476 0.55257
2455405.47481 0.35801
2455406.47486 0.25351
2455592.48334 1.02339
2455593.48339 1.16913
2455594.48344 1.01578
2455595.48348 0.84413
2455596.48353 0.75935
2455597.48357 0.70149
2455598.48362 0.58334
2455599.48366 0.58934
2455600.48371 0.67257
2455601.48375 0.52787
2455602.48380 0.57929
2455603.48385 0.61324
2455604.48389 0.63838
2455605.48394 0.69192
2455606.48398 0.67932
2455607.48403 1.09269
2455608.48407 1.07601
2455609.48412 1.21420
2455610.48417 1.53840
2455611.48421 1.31300
2455612.48426 1.36433
2455613.48430 1.83209
2455614.48435 1.43198
2455615.48439 1.91407
2455616.48444 2.33340
2455617.48448 2.24884
2455618.48453 2.30023
2455619.48458 3.08666
2455620.48462 2.78868
2455621.48467 3.06100
2455622.48471 3.04802
2455623.48476 3.84444
2455624.48480 3.32136
2455625.48485 3.29234
2455626.48490 3.56871
2455627.48494 3.80150
2455628.48499 4.29237
2455629.48503 4.09565
2455630.48508 3.51939
2455631.48512 4.87244
2455632.48517 4.09850
2455633.48521 3.56955
2455634.48526 3.74478
2455635.48531 3.36145
2455636.48535 3.76650
2455637.48540 3.63286
2455638.48544 4.48947
2455639.48549 3.55723
2455640.48553 3.18809
2455641.48558 2.78200
2455642.48563 3.37010
2455643.48567 2.95924
2455644.48572 3.39096
2455645.48576 2.49845
2455646.48581 2.64290
2455647.48585 2.55991
2455648.48590 2.15812
2455649.48595 2.35314
2455650.48599 2.21100
2455651.48604 2.01239
2455652.48608 2.17042
2455653.48613 1.56130
2455654.48617 1.53072
2455655.48622 1.42671
2455656.48626 1.10898
2455657.48631 0.76934
2455658.48636 0.97633
2455659.48640 0.75978
2455660.48645 0.78394
2455661.48649 0.81225
2455662.48654 0.74944
2455663.48658 0.69718
2455664.48663 0.77717
2455665.48668 0.74565
2455666.48672 0.68829
2455667.48677 0.70984
2455668.48681 0.87549
2455669.48686 0.85459
2455670.48690 1.03775
2455671.48695 1.21832
2455672.48699 1.10824
2455673.48704 1.31280
2455674.48709 1.47270
2455675.48713 1.55179
2455676.48718 1.57117
2455677.48722 1.62010
2455678.48727 2.03097
2455679.48731 2.32719
2455680.48736 2.53490
2455681.48741 2.57827
2455682.48745 3.11907
2455683.48750 2.93663
2455684.48754 3.18813
2455685.48759 3.05490
2455686.48763 3.70542
2455687.48768 3.32114
2455688.48772 3.80439
2455689.48777 2.79303
2455690.48782 3.63694
2455691.48786 4.20072
2455692.48791 4.42000
2455693.48795 3.82524
2455694.48800 3.74031
2455695.48804 3.60063
2455696.48809 4.29632
2455697.48814 4.13066
2455698.48818 3.39553
2455699.48823 4.16617
2455700.48827 3.68104
2455701.48832 3.75398
2455702.48836 4.23799
2455703.48841 3.33156
2455704.48845 3.14544
2455705.48850 3.27691
2455706.48855 3.32679
2455707.48859 3.25724
2455708.48864 3.54229
2455709.48868 2.72393
2455710.48873 2.91105
2455711.48877 2.38740
2455712.48882 2.21295
2455713.48887 1.99300
2455714.48891 2.46732
2455715.48896 1.72398
2455716.48900 1.43517
2455717.48905 1.31041
2455718.48909 1.83594
2455719.48914 1.44269
2455720.48918 1.13107
2455721.48923 1.23783
2455722.48928 1.24110
2455723.48932 0.89777
2455724.48937 0.90769
2455725.48941 0.84705
2455726.48946 0.71016
2455727.48950 0.62620
2455728.48955 0.82884
2455729.48960 0.72506
2455730.48964 0.95735
2455731.48969 0.89318
2455732.48973 0.91680
2455733.48978 1.10227
2455734.48982 1.18132
2455735.48987 1.19492
2455736.48992 1.47314
2455737.48996 1.39476
2455738.49001 1.54150
2455739.49005 1.86900
2455740.49010 1.85266
2455741.49014 1.98428
2455742.49019 2.51638
2455743.49023 2.04348
2455744.49028 2.53397
2455745.49033 2.68519
2455746.49037 2.84636
2455747.49042 2.43999
2455748.49046 3.40276
2455749.49051 3.37697
2455750.49055 3.80533
2455751.49060 3.85607
2455752.49065 3.42963
2455753.49069 4.03945
2455754.49074 3.41757
2455755.49078 4.58505
2455756.49083 4.53354
2455757.49087 4.77529
2455758.49092 4.38042
2455759.49096 4.53643
2455760.49101 3.85140
2455761.49106 4.12177
2455762.49110 3.27385
2455763.49115 3.98491
2455764.49119 2.92814
2455765.49124 3.53856
2455766.49128 4.25771
2455767.49133 3.76058
2455768.49138 3.17337
2455769.49142 3.24103
2455770.49147 3.65181
2455771.49151 3.08718
2455957.50000 3.84835
