2445000.00000 -8.49518
2445001.00005 -10.94869
2445002.00009 -9.21254
2445003.00014 -8.82772
2445004.00018 -9.72641
2445005.00023 -8.62838
2445006.00027 -9.41859
2445007.00032 -9.49920
2445008.00037 -7.39375
2445009.00041 -8.64668
2445010.00046 -7.49732
2445011.00050 -7.10614
2445012.00055 -6.24125
2445013.00059 -5.43626
2445014.00064 -5.12976
2445015.00068 -4.98734
2445016.00073 -4.60025
2445017.00078 -4.06276
2445018.00082 -2.62350
2445019.00087 -3.26058
2445020.00091 -2.43194
2445021.00096 -2.14139
2445022.00100 -1.61043
2445023.00105 -1.56926
2445024.00110 -1.51663
2445025.00114 -1.38416
2445026.00119 -1.95524
2445027.00123 -1.53004
2445028.00128 -2.10213
2445029.00132 -2.53373
2445030.00137 -2.87249
2445031.00141 -2.89293
2445032.00146 -4.70995
2445033.00151 -3.84139
2445034.00155 -5.42340
2445035.00160 -5.79736
2445036.00164 -7.62029
2445037.00169 -7.41733
2445038.00173 -7.49446
2445039.00178 -10.02244
2445040.00183 -9.17087
2445041.00187 -8.16051
2445042.00192 -9.69304
2445043.00196 -9.65568
2445044.00201 -10.07808
2445045.00205 -11.13847
2445046.00210 -10.51998
2445047.00214 -8.48314
2445048.00219 -9.08031
2445049.00224 -9.65918
2445050.00228 -10.37243
2445051.00233 -9.60727
2445052.00237 -9.77364
2445053.00242 -7.13952
2445054.00246 -8.45790
2445055.00251 -8.58398
2445056.00256 -6.55522
2445057.00260 -6.81560
2445058.00265 -6.66737
2445059.00269 -5.51183
2445060.00274 -4.81304
2445061.00278 -4.29000
2445062.00283 -3.93733
2445063.00287 -3.34628
2445064.00292 -2.53563
2445065.00297 -2.13963
2445066.00301 -3.02283
2445067.00306 -2.67464
2445068.00310 -3.02631
2445069.00315 -2.66064
2445070.00319 -3.36594
2445071.00324 -3.40711
2445072.00329 -3.40045
2445073.00333 -4.07234
2445074.00338 -5.36889
2445075.00342 -4.91446
2445076.00347 -7.41838
2445077.00351 -6.75969
2445078.00356 -7.83925
2445079.00361 -8.69565
2445080.00365 -8.67709
2445081.00370 -8.57543
2445082.00374 -9.39330
2445083.00379 -10.48806
2445084.00383 -10.30161
2445085.00388 -12.00799
2445086.00392 -13.31480
2445087.00397 -11.56219
2445088.00402 -10.74163
2445089.00406 -10.66567
2445090.00411 -11.42669
2445091.00415 -11.30270
2445092.00420 -12.27250
2445093.00424 -10.11982
2445094.00429 -10.03937
2445095.00434 -9.71991
2445096.00438 -8.54463
2445097.00443 -9.60189
2445098.00447 -7.60743
2445099.00452 -7.44030
2445100.00456 -6.32622
2445101.00461 -5.76506
2445102.00465 -5.95232
2445103.00470 -5.02192
2445104.00475 -4.23536
2445105.00479 -4.67099
2445106.00484 -4.11638
2445107.00488 -4.16138
2445108.00493 -3.73350
2445109.00497 -4.66995
2445110.00502 -3.74572
2445111.00507 -4.25543
2445112.00511 -3.99944
2445113.00516 -4.75901
2445114.00520 -5.34008
2445115.00525 -5.33223
2445116.00529 -5.76737
2445117.00534 -7.27756
2445118.00538 -7.67984
2445119.00543 -7.50611
2445120.00548 -8.10325
2445121.00552 -8.50250
2445122.00557 -9.10485
2445123.00561 -11.11093
2445124.00566 -10.87533
2445125.00570 -10.18785
2445126.00575 -11.27112
2445127.00580 -14.19148
2445128.00584 -12.18930
2445129.00589 -15.07560
2445130.00593 -12.58895
2445131.00598 -12.69380
2445132.00602 -13.28060
2445133.00607 -13.73195
2445134.00611 -9.46785
2445135.00616 -10.97415
2445136.00621 -9.39491
2445137.00625 -11.46109
2445138.00630 -8.45125
2445139.00634 -11.59702
2445140.00639 -9.49633
2445141.00643 -6.84925
2445142.00648 -8.58634
2445143.00653 -7.84360
2445144.00657 -5.22068
2445145.00662 -5.69110
2445146.00666 -5.39000
2445147.00671 -4.98279
2445148.00675 -5.38394
2445149.00680 -4.49247
2445150.00684 -3.83489
2445151.00689 -5.86587
2445152.00694 -4.81873
2445153.00698 -4.58922
2445154.00703 -5.54085
2445155.00707 -6.31743
2445156.00712 -5.95734
2445157.00716 -6.51286
2445158.00721 -7.30637
2445159.00726 -7.10620
2445160.00730 -7.44767
2445161.00735 -8.59033
2445162.00739 -9.91348
2445163.00744 -10.77924
2445164.00748 -10.79344
2445165.00753 -9.79101
2445166.00758 -12.96680
2445167.00762 -12.25928
2445168.00767 -11.76825
2445169.00771 -11.24918
2445170.00776 -12.85530
2445171.00780 -14.94086
2445172.00785 -12.79456
2445173.00789 -12.83845
2445174.00794 -13.67989
2445175.00799 -13.45838
2445176.00803 -14.14468
2445177.00808 -12.98831
2445178.00812 -9.94024
2445179.00817 -10.07381
2445366.01670 -11.51412
2445367.01675 -9.79188
2445368.01679 -10.83208
2445369.01684 -10.99220
2445370.01688 -11.03492
2445371.01693 -10.62934
2445372.01698 -11.42738
2445373.01702 -12.43968
2445374.01707 -13.63453
2445375.01711 -15.58001
2445376.01716 -13.57225
2445377.01720 -12.72586
2445378.01725 -15.26584
2445379.01729 -13.87676
2445380.01734 -17.69316
2445381.01739 -17.34207
2445382.01743 -17.86715
2445383.01748 -16.76848
2445384.01752 -17.03829
2445385.01757 -17.51412
2445386.01761 -19.12826
2445387.01766 -13.50646
2445388.01771 -16.06930
2445389.01775 -14.83784
2445390.01780 -16.51843
2445391.01784 -15.98172
2445392.01789 -14.82406
2445393.01793 -11.34735
2445394.01798 -10.78412
2445395.01803 -12.15215
2445396.01807 -10.29819
2445397.01812 -10.72265
2445398.01816 -9.54539
2445399.01821 -9.44346
2445400.01825 -9.80410
2445401.01830 -10.55981
2445402.01834 -10.22511
2445403.01839 -10.11284
2445404.01844 -8.83385
2445405.01848 -8.50341
2445406.01853 -10.90913
2445407.01857 -8.87239
2445408.01862 -9.27907
2445409.01866 -10.91935
2445410.01871 -12.03978
2445411.01876 -10.89349
2445412.01880 -11.41288
2445413.01885 -11.28627
2445414.01889 -13.01834
2445415.01894 -14.13594
2445416.01898 -13.80279
2445417.01903 -15.13756
2445418.01907 -18.44417
2445419.01912 -15.58530
2445420.01917 -14.25913
2445421.01921 -16.29500
2445422.01926 -18.61476
2445423.01930 -16.72587
2445424.01935 -19.12581
2445425.01939 -18.04689
2445426.01944 -15.92959
2445427.01949 -16.74965
2445428.01953 -15.44515
2445429.01958 -16.03700
2445430.01962 -19.56021
2445431.01967 -14.64407
2445432.01971 -14.60692
2445433.01976 -15.81728
2445434.01980 -16.35094
2445435.01985 -13.80421
2445436.01990 -14.55639
2445437.01994 -12.43339
2445438.01999 -13.25561
2445439.02003 -10.22845
2445440.02008 -10.99108
2445441.02012 -10.41278
2445442.02017 -10.36060
2445443.02022 -11.72153
2445444.02026 -10.77737
2445445.02031 -8.40879
2445446.02035 -10.68809
2445447.02040 -9.32348
2445448.02044 -10.96209
2445449.02049 -10.67063
2445450.02053 -10.64453
2445451.02058 -10.65682
2445452.02063 -9.00541
2445453.02067 -12.07732
2445454.02072 -10.90284
2445455.02076 -13.38553
2445456.02081 -14.89614
2445457.02085 -13.23347
2445458.02090 -14.75362
2445459.02095 -15.16082
2445460.02099 -14.99064
2445461.02104 -13.81718
2445462.02108 -15.57020
2445463.02113 -16.52317
2445464.02117 -17.55137
2445465.02122 -18.36436
2445466.02126 -17.33371
2445467.02131 -21.73757
2445468.02136 -16.74818
2445469.02140 -16.92289
2445470.02145 -17.04429
2445471.02149 -17.14982
2445472.02154 -15.18845
2445473.02158 -15.97832
2445474.02163 -15.54459
2445475.02168 -16.62355
2445476.02172 -14.64627
2445477.02177 -14.05986
2445478.02181 -12.36126
2445479.02186 -14.44657
2445480.02190 -11.23806
2445481.02195 -14.76325
2445482.02200 -10.90670
2445483.02204 -11.95838
2445484.02209 -9.42071
2445485.02213 -9.04182
2445486.02218 -9.87512
2445487.02222 -9.58697
2445488.02227 -10.94669
2445489.02231 -9.57247
2445490.02236 -12.14991
2445491.02241 -12.02793
2445492.02245 -9.71469
2445493.02250 -11.47056
2445494.02254 -12.59183
2445495.02259 -13.90312
2445496.02263 -12.93083
2445497.02268 -12.60596
2445498.02273 -13.39067
2445499.02277 -13.68964
2445500.02282 -18.55522
2445501.02286 -17.31516
2445502.02291 -16.97117
2445503.02295 -18.35973
2445504.02300 -16.71483
2445505.02304 -18.61793
2445506.02309 -18.42407
2445507.02314 -20.78377
2445508.02318 -18.03647
2445509.02323 -17.61458
2445510.02327 -17.73029
2445511.02332 -19.36125
2445512.02336 -17.41975
2445513.02341 -19.44510
2445514.02346 -19.48773
2445515.02350 -14.98362
2445516.02355 -18.55918
2445517.02359 -17.09235
2445518.02364 -18.48425
2445519.02368 -15.74459
2445520.02373 -15.61284
2445521.02377 -15.14637
2445522.02382 -13.78771
2445523.02387 -11.39022
2445524.02391 -13.94036
2445525.02396 -10.25072
2445526.02400 -13.26373
2445527.02405 -10.92449
2445528.02409 -11.40386
2445529.02414 -10.48906
2445530.02419 -10.54578
2445531.02423 -11.53456
2445532.02428 -10.07991
2445533.02432 -11.14443
2445534.02437 -12.71014
2445535.02441 -11.04154
2445536.02446 -11.55689
2445537.02450 -9.22678
2445538.02455 -10.61678
2445539.02460 -12.21700
2445540.02464 -14.67148
2445541.02469 -13.73028
2445542.02473 -14.07568
2445543.02478 -18.68869
2445544.02482 -16.75549
2445545.02487 -19.53777
2445731.03336 -16.38743
2445732.03340 -14.05992
2445733.03345 -12.28073
2445734.03349 -10.57101
2445735.03354 -13.99338
2445736.03359 -11.85874
2445737.03363 -13.81365
2445738.03368 -10.60061
2445739.03372 -11.95141
2445740.03377 -8.48790
2445741.03381 -9.97041
2445742.03386 -9.31976
2445743.03391 -10.66844
2445744.03395 -10.99439
2445745.03400 -10.15761
2445746.03404 -9.80051
2445747.03409 -12.83099
2445748.03413 -10.31044
2445749.03418 -14.49904
2445750.03422 -10.80458
2445751.03427 -15.91245
2445752.03432 -15.12858
2445753.03436 -15.53219
2445754.03441 -15.00036
2445755.03445 -14.56122
2445756.03450 -18.96903
2445757.03454 -19.90689
2445758.03459 -17.60530
2445759.03464 -20.97266
2445760.03468 -19.58084
2445761.03473 -19.22699
2445762.03477 -14.94448
2445763.03482 -17.04917
2445764.03486 -17.68098
2445765.03491 -17.72575
2445766.03495 -15.19053
2445767.03500 -19.71595
2445768.03505 -16.59052
2445769.03509 -19.32657
2445770.03514 -16.13417
2445771.03518 -15.81858
2445772.03523 -14.26576
2445773.03527 -10.62730
2445774.03532 -13.40169
2445775.03537 -14.89799
2445776.03541 -10.82690
2445777.03546 -13.71360
2445778.03550 -12.58812
2445779.03555 -11.06088
2445780.03559 -10.91433
2445781.03564 -10.98739
2445782.03568 -10.09025
2445783.03573 -10.45641
2445784.03578 -9.44605
2445785.03582 -12.05770
2445786.03587 -12.33245
2445787.03591 -12.25617
2445788.03596 -10.38200
2445789.03600 -11.38321
2445790.03605 -13.44009
2445791.03610 -12.84939
2445792.03614 -13.90907
2445793.03619 -12.25897
2445794.03623 -12.23355
2445795.03628 -15.03531
2445796.03632 -14.74746
2445797.03637 -18.69551
2445798.03642 -16.16315
2445799.03646 -20.74434
2445800.03651 -17.51229
2445801.03655 -19.03283
2445802.03660 -18.12174
2445803.03664 -17.61743
2445804.03669 -19.78199
2445805.03673 -17.90460
2445806.03678 -20.46077
2445807.03683 -18.18978
2445808.03687 -19.09419
2445809.03692 -17.26117
2445810.03696 -16.62584
2445811.03701 -16.84612
2445812.03705 -17.21579
2445813.03710 -14.41594
2445814.03715 -15.77820
2445815.03719 -16.54489
2445816.03724 -14.33354
2445817.03728 -13.18206
2445818.03733 -12.24873
2445819.03737 -12.33644
2445820.03742 -10.81196
2445821.03746 -11.73195
2445822.03751 -10.22517
2445823.03756 -10.73412
2445824.03760 -10.99546
2445825.03765 -8.80364
2445826.03769 -9.77882
2445827.03774 -8.29715
2445828.03778 -11.46737
2445829.03783 -10.16594
2445830.03788 -11.89192
2445831.03792 -12.22407
2445832.03797 -13.03312
2445833.03801 -10.99105
2445834.03806 -10.90458
2445835.03810 -13.51226
2445836.03815 -13.47846
2445837.03819 -13.95466
2445838.03824 -14.82851
2445839.03829 -15.96873
2445840.03833 -16.71516
2445841.03838 -19.12163
2445842.03842 -19.47099
2445843.03847 -16.01717
2445844.03851 -17.68973
2445845.03856 -17.56492
2445846.03861 -18.61012
2445847.03865 -15.69515
2445848.03870 -19.79280
2445849.03874 -18.79181
2445850.03879 -17.36232
2445851.03883 -16.73968
2445852.03888 -16.71110
2445853.03892 -16.97636
2445854.03897 -15.74388
2445855.03902 -15.10203
2445856.03906 -12.98618
2445857.03911 -14.15754
2445858.03915 -13.15518
2445859.03920 -14.01729
2445860.03924 -11.23824
2445861.03929 -12.31351
2445862.03934 -10.03218
2445863.03938 -10.22001
2445864.03943 -9.78021
2445865.03947 -9.60640
2445866.03952 -8.32687
2445867.03956 -9.87303
2445868.03961 -9.10654
2445869.03966 -10.22602
2445870.03970 -11.25408
2445871.03975 -10.28044
2445872.03979 -12.09371
2445873.03984 -11.03685
2445874.03988 -12.12027
2445875.03993 -14.10146
2445876.03997 -10.85538
2445877.04002 -12.35540
2445878.04007 -14.82138
2445879.04011 -11.81307
2445880.04016 -14.09336
2445881.04020 -17.02725
2445882.04025 -14.75255
2445883.04029 -17.98717
2445884.04034 -16.77742
2445885.04039 -15.69141
2445886.04043 -16.85689
2445887.04048 -16.34749
2445888.04052 -17.57913
2445889.04057 -17.47397
2445890.04061 -15.19565
2445891.04066 -17.39096
2445892.04070 -19.01363
2445893.04075 -18.00899
2445894.04080 -16.43949
2445895.04084 -15.25202
2445896.04089 -16.51440
2445897.04093 -13.81596
2445898.04098 -14.22742
2445899.04102 -12.19638
2445900.04107 -11.56818
2445901.04112 -13.24705
2445902.04116 -11.82447
2445903.04121 -11.65398
2445904.04125 -10.98122
2445905.04130 -11.78682
2445906.04134 -10.97380
2445907.04139 -10.37324
2445908.04143 -9.75990
2445909.04148 -7.64228
2445910.04153 -9.83256
2446096.05001 -13.22822
2446097.05006 -11.23235
2446098.05010 -13.79926
2446099.05015 -13.14402
2446100.05020 -15.11102
2446101.05024 -13.29594
2446102.05029 -15.35622
2446103.05033 -14.98865
2446104.05038 -13.54760
2446105.05042 -11.95315
2446106.05047 -13.67568
2446107.05052 -13.47701
2446108.05056 -12.78735
2446109.05061 -13.09598
2446110.05065 -10.98545
2446111.05070 -9.68279
2446112.05074 -8.22186
2446113.05079 -9.35000
2446114.05084 -7.36709
2446115.05088 -7.03963
2446116.05093 -6.72474
2446117.05097 -6.56638
2446118.05102 -5.65901
2446119.05106 -6.08063
2446120.05111 -5.89286
2446121.05115 -5.38700
2446122.05120 -6.01490
2446123.05125 -5.33183
2446124.05129 -5.65580
2446125.05134 -6.40631
2446126.05138 -5.99918
2446127.05143 -6.24021
2446128.05147 -7.23665
2446129.05152 -7.56264
2446130.05157 -9.49528
2446131.05161 -8.88417
2446132.05166 -10.32160
2446133.05170 -10.46303
2446134.05175 -8.85295
2446135.05179 -11.39015
2446136.05184 -8.85825
2446137.05188 -13.56327
2446138.05193 -12.43805
2446139.05198 -15.00770
2446140.05202 -14.32793
2446141.05207 -11.23648
2446142.05211 -12.24637
2446143.05216 -12.81091
2446144.05220 -14.24056
2446145.05225 -13.03443
2446146.05230 -14.54085
2446147.05234 -10.18477
2446148.05239 -11.34942
2446149.05243 -12.97165
2446150.05248 -10.54966
2446151.05252 -10.36769
2446152.05257 -8.94647
2446153.05261 -8.87337
2446154.05266 -8.25758
2446155.05271 -7.83184
2446156.05275 -7.07214
2446157.05280 -6.47171
2446158.05284 -5.57575
2446159.05289 -5.32547
2446160.05293 -5.04719
2446161.05298 -4.45132
2446162.05303 -3.48100
2446163.05307 -3.63247
2446164.05312 -4.67289
2446165.05316 -4.52873
2446166.05321 -4.97490
2446167.05325 -5.08203
2446168.05330 -6.07965
2446169.05334 -6.34750
2446170.05339 -6.27724
2446171.05344 -7.22201
2446172.05348 -7.20461
2446173.05353 -7.70341
2446174.05357 -7.05080
2446175.05362 -10.33646
2446176.05366 -10.94926
2446177.05371 -9.78662
2446178.05376 -11.64888
2446179.05380 -9.29803
2446180.05385 -13.33263
2446181.05389 -11.90891
2446182.05394 -14.96756
2446183.05398 -12.75768
2446184.05403 -12.19757
2446185.05408 -10.36604
2446186.05412 -12.65286
2446187.05417 -12.24371
2446188.05421 -13.49390
2446189.05426 -10.90398
2446190.05430 -10.87660
2446191.05435 -8.75123
2446192.05439 -9.05807
2446193.05444 -8.89740
2446194.05449 -7.52135
2446195.05453 -6.60890
2446196.05458 -7.04417
2446197.05462 -6.63631
2446198.05467 -5.98408
2446199.05471 -5.24561
2446200.05476 -4.16650
2446201.05481 -4.35048
2446202.05485 -3.29572
2446203.05490 -3.44884
2446204.05494 -3.26678
2446205.05499 -3.29631
2446206.05503 -3.37831
2446207.05508 -3.78872
2446208.05512 -2.79461
2446209.05517 -4.16071
2446210.05522 -3.81001
2446211.05526 -4.43881
2446212.05531 -4.91342
2446213.05535 -4.75470
2446214.05540 -5.77254
2446215.05544 -5.56497
2446216.05549 -7.06330
2446217.05554 -8.96834
2446218.05558 -9.60144
2446219.05563 -9.24434
2446220.05567 -10.13745
2446221.05572 -10.23184
2446222.05576 -11.14288
2446223.05581 -9.87475
2446224.05585 -10.13237
2446225.05590 -9.91185
2446226.05595 -10.39976
2446227.05599 -11.29490
2446228.05604 -10.95497
2446229.05608 -10.94670
2446230.05613 -9.72838
2446231.05617 -12.08450
2446232.05622 -11.61222
2446233.05627 -7.82829
2446234.05631 -9.34200
2446235.05636 -8.62669
2446236.05640 -8.91258
2446237.05645 -7.20138
2446238.05649 -5.10941
2446239.05654 -5.03715
2446240.05658 -4.40883
2446241.05663 -3.65330
2446242.05668 -3.98354
2446243.05672 -2.83178
2446244.05677 -2.64270
2446245.05681 -2.45046
2446246.05686 -2.58640
2446247.05690 -2.35157
2446248.05695 -1.90939
2446249.05700 -2.64068
2446250.05704 -1.76458
2446251.05709 -2.82324
2446252.05713 -3.68410
2446253.05718 -3.20623
2446254.05722 -4.26808
2446255.05727 -4.46627
2446256.05731 -4.96237
2446257.05736 -6.74588
2446258.05741 -6.49084
2446259.05745 -6.53397
2446260.05750 -7.83260
2446261.05754 -6.87090
2446262.05759 -8.63521
2446263.05763 -9.09921
2446264.05768 -10.04597
2446265.05773 -10.07543
2446266.05777 -9.62921
2446267.05782 -9.81195
2446268.05786 -10.57778
2446269.05791 -10.14576
2446270.05795 -11.35892
2446271.05800 -8.56805
2446272.05805 -9.32453
2446273.05809 -9.04911
2446274.05814 -7.92064
2446275.05818 -6.57817
2446461.06667 3.47758
2446462.06672 2.94409
2446463.06676 2.70394
2446464.06681 2.06452
2446465.06685 1.79648
2446466.06690 1.37738
2446467.06694 0.75742
2446468.06699 0.14931
2446469.06703 -0.40488
2446470.06708 -1.09630
2446471.06713 -1.56597
2446472.06717 -2.24951
2446473.06722 -2.84876
2446474.06726 -3.43718
2446475.06731 -3.19155
2446476.06735 -3.33998
2446477.06740 -3.47933
2446478.06745 -4.42299
2446479.06749 -4.13118
2446480.06754 -4.28456
2446481.06758 -3.79218
2446482.06763 -2.84754
2446483.06767 -3.07829
2446484.06772 -3.14544
2446485.06776 -2.09157
2446486.06781 -1.81457
2446487.06786 -1.15860
2446488.06790 -0.70274
2446489.06795 0.00211
2446490.06799 0.58270
2446491.06804 1.46360
2446492.06808 2.13148
2446493.06813 3.06018
2446494.06818 3.10637
2446495.06822 3.53033
2446496.06827 4.30785
2446497.06831 4.49403
2446498.06836 4.39412
2446499.06840 4.01828
2446500.06845 5.25853
2446501.06850 5.66412
2446502.06854 4.98581
2446503.06859 4.50082
2446504.06863 4.36605
2446505.06868 3.90331
2446506.06872 3.54013
2446507.06877 3.57672
2446508.06881 2.22553
2446509.06886 2.62442
2446510.06891 1.35156
2446511.06895 0.86016
2446512.06900 0.26694
2446513.06904 -0.34789
2446514.06909 -0.87167
2446515.06913 -1.37037
2446516.06918 -1.47845
2446517.06923 -2.10617
2446518.06927 -2.43197
2446519.06932 -2.54303
2446520.06936 -2.97515
2446521.06941 -2.27693
2446522.06945 -2.70473
2446523.06950 -2.35452
2446524.06954 -2.30328
2446525.06959 -2.01796
2446526.06964 -1.86540
2446527.06968 -1.34124
2446528.06973 -0.69892
2446529.06977 -0.15465
2446530.06982 0.45948
2446531.06986 1.20575
2446532.06991 1.55880
2446533.06996 2.31790
2446534.07000 2.82156
2446535.07005 2.91050
2446536.07009 4.35796
2446537.07014 4.76457
2446538.07018 6.17957
2446539.07023 5.99597
2446540.07027 5.24895
2446541.07032 5.97399
2446542.07037 6.33656
2446543.07041 5.51975
2446544.07046 6.51946
2446545.07050 5.73588
2446546.07055 5.22947
2446547.07059 4.08923
2446548.07064 4.27289
2446549.07069 3.67075
2446550.07073 3.57716
2446551.07078 2.85181
2446552.07082 2.56592
2446553.07087 2.29157
2446554.07091 1.77279
2446555.07096 1.16041
2446556.07100 0.36534
2446557.07105 -0.06584
2446558.07110 -0.50858
2446559.07114 -0.85800
2446560.07119 -1.35739
2446561.07123 -1.39405
2446562.07128 -1.66911
2446563.07132 -1.90261
2446564.07137 -1.48613
2446565.07142 -1.62226
2446566.07146 -1.31991
2446567.07151 -0.94546
2446568.07155 -0.58780
2446569.07160 -0.11346
2446570.07164 0.34648
2446571.07169 0.88638
2446572.07173 1.55936
2446573.07178 1.91382
2446574.07183 3.12400
2446575.07187 3.50521
2446576.07192 4.39668
2446577.07196 4.56597
2446578.07201 4.91691
2446579.07205 6.04091
2446580.07210 7.60224
2446581.07215 6.80150
2446582.07219 7.19272
2446583.07224 7.61916
2446584.07228 6.52400
2446585.07233 8.06911
2446586.07237 6.66985
2446587.07242 7.10809
2446588.07247 6.73283
2446589.07251 6.39117
2446590.07256 7.29646
2446591.07260 4.66170
2446592.07265 5.65377
2446593.07269 4.63076
2446594.07274 4.02270
2446595.07278 3.94119
2446596.07283 2.68791
2446597.07288 2.36770
2446598.07292 1.84566
2446599.07297 1.18437
2446600.07301 0.81849
2446601.07306 0.34863
2446602.07310 0.00988
2446603.07315 -0.24809
2446604.07320 -0.36138
2446605.07324 -0.49477
2446606.07329 -0.36004
2446607.07333 -0.37648
2446608.07338 -0.13806
2446609.07342 0.16382
2446610.07347 0.60260
2446611.07351 1.05387
2446612.07356 1.38556
2446613.07361 1.88341
2446614.07365 2.64254
2446615.07370 3.39974
2446616.07374 3.55209
2446617.07379 4.92429
2446618.07383 4.49258
2446619.07388 5.13647
2446620.07393 5.79717
2446621.07397 7.78357
2446622.07402 7.02118
2446623.07406 8.17426
2446624.07411 7.97207
2446625.07415 9.05609
2446626.07420 8.61112
2446627.07424 7.41583
2446628.07429 7.41860
2446629.07434 6.72923
2446630.07438 7.57299
2446631.07443 5.99560
2446632.07447 7.70951
2446633.07452 7.11135
2446634.07456 6.43605
2446635.07461 5.35469
2446636.07466 4.77988
2446637.07470 5.25436
2446638.07475 3.72937
2446639.07479 3.02206
2446640.07484 2.93046
2446827.08337 9.28090
2446828.08342 10.03060
2446829.08346 11.18611
2446830.08351 12.62792
2446831.08355 12.35929
2446832.08360 11.23474
2446833.08365 14.25048
2446834.08369 13.78286
2446835.08374 13.95701
2446836.08378 12.36172
2446837.08383 8.79849
2446838.08387 13.75627
2446839.08392 15.24591
2446840.08396 13.40764
2446841.08401 12.23657
2446842.08406 10.87795
2446843.08410 12.75494
2446844.08415 13.10594
2446845.08419 10.57992
2446846.08424 11.01985
2446847.08428 10.54750
2446848.08433 10.80650
2446849.08438 10.81975
2446850.08442 8.62746
2446851.08447 7.72083
2446852.08451 7.16532
2446853.08456 6.76403
2446854.08460 7.37633
2446855.08465 5.99667
2446856.08469 6.37507
2446857.08474 5.49503
2446858.08479 6.73524
2446859.08483 6.06295
2446860.08488 5.83441
2446861.08492 6.75232
2446862.08497 6.66618
2446863.08501 7.75752
2446864.08506 8.87392
2446865.08511 7.89047
2446866.08515 8.43651
2446867.08520 9.60177
2446868.08524 12.17032
2446869.08529 9.36460
2446870.08533 12.30707
2446871.08538 11.71261
2446872.08542 11.34676
2446873.08547 10.38151
2446874.08552 10.35944
2446875.08556 13.98862
2446876.08561 14.79676
2446877.08565 12.83674
2446878.08570 11.92945
2446879.08574 14.10699
2446880.08579 15.81784
2446881.08584 16.87185
2446882.08588 15.11700
2446883.08593 13.89981
2446884.08597 13.21222
2446885.08602 14.34585
2446886.08606 13.39093
2446887.08611 10.19791
2446888.08615 13.53451
2446889.08620 11.73010
2446890.08625 12.19725
2446891.08629 10.81052
2446892.08634 10.19209
2446893.08638 9.66840
2446894.08643 7.69958
2446895.08647 7.61387
2446896.08652 9.26086
2446897.08657 7.18182
2446898.08661 6.26895
2446899.08666 7.60841
2446900.08670 5.57626
2446901.08675 7.03295
2446902.08679 8.44412
2446903.08684 7.18701
2446904.08689 6.59583
2446905.08693 7.77446
2446906.08698 9.35865
2446907.08702 10.08604
2446908.08707 9.73305
2446909.08711 9.22841
2446910.08716 10.17598
2446911.08720 11.82179
2446912.08725 13.23978
2446913.08730 12.08733
2446914.08734 13.80799
2446915.08739 15.38819
2446916.08743 14.48136
2446917.08748 15.88967
2446918.08752 13.66374
2446919.08757 13.52704
2446920.08762 15.26279
2446921.08766 12.96437
2446922.08771 12.16185
2446923.08775 15.29959
2446924.08780 14.92959
2446925.08784 14.20091
2446926.08789 13.40396
2446927.08793 14.10835
2446928.08798 14.12570
2446929.08803 15.04930
2446930.08807 15.65161
2446931.08812 11.33189
2446932.08816 12.01331
2446933.08821 10.80704
2446934.08825 12.12066
2446935.08830 8.97548
2446936.08835 7.70765
2446937.08839 8.05115
2446938.08844 9.55123
2446939.08848 8.42202
2446940.08853 7.80653
2446941.08857 7.69307
2446942.08862 6.70074
2446943.08866 6.57795
2446944.08871 7.34977
2446945.08876 7.61434
2446946.08880 8.25346
2446947.08885 9.46646
2446948.08889 8.50495
2446949.08894 9.92955
2446950.08898 11.70546
2446951.08903 12.36345
2446952.08908 10.63552
2446953.08912 10.04544
2446954.08917 12.02213
2446955.08921 11.48427
2446956.08926 14.37385
2446957.08930 14.09236
2446958.08935 16.03637
2446959.08939 15.34562
2446960.08944 15.05633
2446961.08949 15.08541
2446962.08953 18.82464
2446963.08958 17.01943
2446964.08962 16.09946
2446965.08967 16.34545
2446966.08971 16.40553
2446967.08976 14.84546
2446968.08981 14.72933
2446969.08985 15.93058
2446970.08990 14.57936
2446971.08994 12.90480
2446972.08999 12.90247
2446973.09003 14.37638
2446974.09008 11.97700
2446975.09013 9.67369
2446976.09017 12.02394
2446977.09022 9.54481
2446978.09026 10.74672
2446979.09031 10.67391
2446980.09035 9.22709
2446981.09040 8.70917
2446982.09044 7.15457
2446983.09049 7.09969
2446984.09054 9.80965
2446985.09058 7.99142
2446986.09063 8.29552
2446987.09067 8.38855
2446988.09072 8.44968
2446989.09076 10.05373
2446990.09081 9.82747
2446991.09086 8.86371
2446992.09090 10.49438
2446993.09095 11.46946
2446994.09099 11.84610
2446995.09104 12.96829
2446996.09108 11.68990
2446997.09113 14.77530
2446998.09117 15.41653
2446999.09122 15.06594
2447000.09127 13.51170
2447001.09131 17.28998
2447002.09136 14.34705
2447003.09140 17.29268
2447004.09145 16.40357
2447005.09149 21.22017
2447006.09154 13.90484
2447192.10003 12.48800
2447193.10007 8.99143
2447194.10012 8.93313
2447195.10016 14.14055
2447196.10021 9.22268
2447197.10026 11.37459
2447198.10030 11.64921
2447199.10035 10.04854
2447200.10039 11.73736
2447201.10044 11.81738
2447202.10048 14.15395
2447203.10053 11.18466
2447204.10057 15.48705
2447205.10062 13.65619
2447206.10067 13.38961
2447207.10071 17.63453
2447208.10076 14.46289
2447209.10080 16.80208
2447210.10085 18.11391
2447211.10089 19.56671
2447212.10094 18.06389
2447213.10099 21.32123
2447214.10103 20.25405
2447215.10108 20.33500
2447216.10112 23.65993
2447217.10117 22.72938
2447218.10121 16.56094
2447219.10126 17.40449
2447220.10131 20.64068
2447221.10135 19.28697
2447222.10140 16.99780
2447223.10144 16.40905
2447224.10149 17.65426
2447225.10153 18.35714
2447226.10158 16.89269
2447227.10162 16.39942
2447228.10167 15.86054
2447229.10172 12.81394
2447230.10176 14.40984
2447231.10181 11.19518
2447232.10185 13.27679
2447233.10190 13.01263
2447234.10194 10.59716
2447235.10199 10.96843
2447236.10204 11.59459
2447237.10208 10.26535
2447238.10213 10.57581
2447239.10217 10.04941
2447240.10222 11.04308
2447241.10226 13.09811
2447242.10231 11.16309
2447243.10235 13.28460
2447244.10240 11.26414
2447245.10245 12.60299
2447246.10249 13.40695
2447247.10254 12.06136
2447248.10258 12.69387
2447249.10263 14.02317
2447250.10267 17.36531
2447251.10272 10.74752
2447252.10277 16.23085
2447253.10281 17.54562
2447254.10286 14.91346
2447255.10290 17.36887
2447256.10295 17.34898
2447257.10299 19.09039
2447258.10304 18.72477
2447259.10308 19.00691
2447260.10313 17.35805
2447261.10318 16.37494
2447262.10322 19.54872
2447263.10327 19.99190
2447264.10331 16.18615
2447265.10336 19.98245
2447266.10340 20.93366
2447267.10345 17.11874
2447268.10350 16.82607
2447269.10354 18.88805
2447270.10359 10.82060
2447271.10363 14.38053
2447272.10368 13.21346
2447273.10372 15.06425
2447274.10377 12.07797
2447275.10381 13.99914
2447276.10386 8.51868
2447277.10391 11.75456
2447278.10395 9.58642
2447279.10400 10.68826
2447280.10404 10.81890
2447281.10409 11.27225
2447282.10413 10.69632
2447283.10418 12.52189
2447284.10423 10.95521
2447285.10427 11.88562
2447286.10432 13.50373
2447287.10436 13.23182
2447288.10441 14.25157
2447289.10445 14.47672
2447290.10450 15.52236
2447291.10455 13.96822
2447292.10459 14.32788
2447293.10464 18.67253
2447294.10468 16.18143
2447295.10473 19.33250
2447296.10477 16.77489
2447297.10482 18.14050
2447298.10486 20.02391
2447299.10491 18.88204
2447300.10496 20.53572
2447301.10500 19.05937
2447302.10505 21.53375
2447303.10509 18.59843
2447304.10514 17.00665
2447305.10518 22.63368
2447306.10523 18.90030
2447307.10528 18.25357
2447308.10532 16.12481
2447309.10537 15.18853
2447310.10541 16.45514
2447311.10546 14.50112
2447312.10550 12.78666
2447313.10555 16.69018
2447314.10559 13.26980
2447315.10564 13.47960
2447316.10569 11.89910
2447317.10573 11.44708
2447318.10578 13.08811
2447319.10582 11.13523
2447320.10587 10.40299
2447321.10591 11.73094
2447322.10596 9.73289
2447323.10601 10.74155
2447324.10605 10.70494
2447325.10610 11.40126
2447326.10614 10.63389
2447327.10619 11.23894
2447328.10623 11.26018
2447329.10628 13.06797
2447330.10632 13.31284
2447331.10637 13.63314
2447332.10642 14.43296
2447333.10646 15.71325
2447334.10651 18.75411
2447335.10655 16.25325
2447336.10660 13.97249
2447337.10664 18.62365
2447338.10669 16.74835
2447339.10674 17.81228
2447340.10678 17.72816
2447341.10683 17.80597
2447342.10687 19.43808
2447343.10692 20.46317
2447344.10696 19.26977
2447345.10701 16.93434
2447346.10705 18.15401
2447347.10710 23.26149
2447348.10715 18.73436
2447349.10719 14.42849
2447350.10724 16.36533
2447351.10728 19.55967
2447352.10733 16.95581
2447353.10737 15.65583
2447354.10742 13.97471
2447355.10747 15.35176
2447356.10751 14.52793
2447357.10756 14.69298
2447358.10760 14.03876
2447359.10765 11.55470
2447360.10769 12.32649
2447361.10774 11.06091
2447362.10778 10.01448
2447363.10783 12.38297
2447364.10788 11.13079
2447365.10792 9.70025
2447366.10797 10.67833
2447367.10801 12.43150
2447368.10806 10.89094
2447369.10810 13.44720
2447370.10815 10.82514
2447371.10820 8.67958
2447557.11668 16.52535
2447558.11673 16.71684
2447559.11677 16.21082
2447560.11682 17.73644
2447561.11687 16.45666
2447562.11691 13.95448
2447563.11696 14.71220
2447564.11700 16.82354
2447565.11705 12.75999
2447566.11709 12.15513
2447567.11714 11.96837
2447568.11719 11.91220
2447569.11723 10.32302
2447570.11728 11.13147
2447571.11732 9.48831
2447572.11737 7.82396
2447573.11741 8.51450
2447574.11746 8.51518
2447575.11750 9.90948
2447576.11755 8.88443
2447577.11760 9.17385
2447578.11764 8.35415
2447579.11769 9.43379
2447580.11773 8.47656
2447581.11778 12.26445
2447582.11782 11.42754
2447583.11787 9.62836
2447584.11792 13.15684
2447585.11796 12.46632
2447586.11801 15.22787
2447587.11805 13.94855
2447588.11810 14.46425
2447589.11814 15.19996
2447590.11819 13.78594
2447591.11823 15.99068
2447592.11828 14.50861
2447593.11833 16.19816
2447594.11837 14.24149
2447595.11842 18.20418
2447596.11846 19.39741
2447597.11851 18.37735
2447598.11855 16.93207
2447599.11860 17.52306
2447600.11865 16.71323
2447601.11869 17.33915
2447602.11874 17.26453
2447603.11878 14.88257
2447604.11883 13.97634
2447605.11887 14.34488
2447606.11892 13.64134
2447607.11897 12.54660
2447608.11901 10.45066
2447609.11906 11.86775
2447610.11910 9.96143
2447611.11915 12.00659
2447612.11919 9.83950
2447613.11924 8.89229
2447614.11928 7.79267
2447615.11933 9.81289
2447616.11938 7.35660
2447617.11942 8.10682
2447618.11947 8.33081
2447619.11951 8.22311
2447620.11956 8.80059
2447621.11960 8.11261
2447622.11965 10.13029
2447623.11970 8.88146
2447624.11974 8.22660
2447625.11979 11.49707
2447626.11983 10.47113
2447627.11988 10.99990
2447628.11992 13.40065
2447629.11997 12.58751
2447630.12001 10.48853
2447631.12006 15.38121
2447632.12011 16.41025
2447633.12015 13.13540
2447634.12020 18.66875
2447635.12024 17.04397
2447636.12029 15.28684
2447637.12033 18.80594
2447638.12038 12.72693
2447639.12043 15.97837
2447640.12047 16.59938
2447641.12052 17.73915
2447642.12056 17.83197
2447643.12061 15.61413
2447644.12065 14.08488
2447645.12070 15.65161
2447646.12074 13.61803
2447647.12079 12.66932
2447648.12084 9.37997
2447649.12088 12.53716
2447650.12093 11.02893
2447651.12097 13.79450
2447652.12102 9.02435
2447653.12106 11.20500
2447654.12111 8.09268
2447655.12116 9.09982
2447656.12120 7.81444
2447657.12125 8.81446
2447658.12129 7.94700
2447659.12134 8.43467
2447660.12138 8.51326
2447661.12143 6.52184
2447662.12147 8.31620
2447663.12152 8.95932
2447664.12157 7.48781
2447665.12161 9.66256
2447666.12166 8.30142
2447667.12170 10.27870
2447668.12175 9.29992
2447669.12179 12.84335
2447670.12184 9.33822
2447671.12189 12.76490
2447672.12193 13.75706
2447673.12198 12.23933
2447674.12202 13.41727
2447675.12207 13.79934
2447676.12211 14.23314
2447677.12216 13.89447
2447678.12220 16.69973
2447679.12225 14.42468
2447680.12230 17.17025
2447681.12234 17.34539
2447682.12239 16.24371
2447683.12243 13.05932
2447684.12248 14.14728
2447685.12252 13.64110
2447686.12257 14.54914
2447687.12262 16.15941
2447688.12266 13.54905
2447689.12271 10.09196
2447690.12275 12.80693
2447691.12280 9.14515
2447692.12284 11.00472
2447693.12289 9.05654
2447694.12294 9.45591
2447695.12298 8.31208
2447696.12303 8.18650
2447697.12307 6.63170
2447698.12312 6.98290
2447699.12316 6.84594
2447700.12321 7.00406
2447701.12325 5.28032
2447702.12330 6.97508
2447703.12335 7.29932
2447704.12339 7.75824
2447705.12344 7.24869
2447706.12348 8.87733
2447707.12353 6.99911
2447708.12357 8.44240
2447709.12362 9.34755
2447710.12367 7.55961
2447711.12371 11.02042
2447712.12376 11.86717
2447713.12380 10.93060
2447714.12385 12.50143
2447715.12389 11.84980
2447716.12394 12.94390
2447717.12398 12.14975
2447718.12403 12.31007
2447719.12408 15.36913
2447720.12412 14.57831
2447721.12417 15.55271
2447722.12421 18.04783
2447723.12426 17.83289
2447724.12430 13.37083
2447725.12435 12.29894
2447726.12440 15.99389
2447727.12444 14.46234
2447728.12449 14.16649
2447729.12453 12.47731
2447730.12458 12.32873
2447731.12462 11.46042
2447732.12467 11.54155
2447733.12471 9.64562
2447734.12476 7.81885
2447735.12481 9.24934
2447736.12485 8.57712
2447922.13334 4.15590
2447923.13339 5.58413
2447924.13343 6.06173
2447925.13348 7.79519
2447926.13352 8.72344
2447927.13357 8.29763
2447928.13361 9.55048
2447929.13366 8.99239
2447930.13370 9.66823
2447931.13375 9.33518
2447932.13380 8.04538
2447933.13384 10.79661
2447934.13389 10.02090
2447935.13393 9.45917
2447936.13398 10.74950
2447937.13402 10.23263
2447938.13407 8.80114
2447939.13412 7.13158
2447940.13416 6.71664
2447941.13421 8.77718
2447942.13425 6.09881
2447943.13430 5.27018
2447944.13434 4.99681
2447945.13439 4.86984
2447946.13443 4.48695
2447947.13448 3.28781
2447948.13453 2.96214
2447949.13457 2.44818
2447950.13462 1.99503
2447951.13466 1.44118
2447952.13471 1.18119
2447953.13475 0.94727
2447954.13480 0.79532
2447955.13485 0.73689
2447956.13489 0.84811
2447957.13494 0.85706
2447958.13498 1.07041
2447959.13503 1.49182
2447960.13507 1.78460
2447961.13512 2.50548
2447962.13516 3.12137
2447963.13521 2.75122
2447964.13526 4.24149
2447965.13530 4.93743
2447966.13535 5.91003
2447967.13539 5.46727
2447968.13544 6.37602
2447969.13548 7.78736
2447970.13553 6.96832
2447971.13558 6.85203
2447972.13562 7.96598
2447973.13567 8.18345
2447974.13571 6.38296
2447975.13576 7.59580
2447976.13580 8.62024
2447977.13585 7.95922
2447978.13589 6.73771
2447979.13594 7.39531
2447980.13599 7.12159
2447981.13603 7.15073
2447982.13608 6.01149
2447983.13612 6.11992
2447984.13617 5.31006
2447985.13621 5.19994
2447986.13626 4.28311
2447987.13631 3.12546
2447988.13635 3.16422
2447989.13640 2.24814
2447990.13644 1.57317
2447991.13649 0.98013
2447992.13653 0.74170
2447993.13658 0.33278
2447994.13662 0.00306
2447995.13667 -0.21546
2447996.13672 -0.36414
2447997.13676 -0.42802
2447998.13681 -0.40813
2447999.13685 -0.27638
2448000.13690 -0.04687
2448001.13694 0.24578
2448002.13699 0.69734
2448003.13704 1.03299
2448004.13708 1.44486
2448005.13713 2.13297
2448006.13717 2.88827
2448007.13722 2.89698
2448008.13726 4.21681
2448009.13731 4.50475
2448010.13736 4.24589
2448011.13740 5.13068
2448012.13745 5.26023
2448013.13749 8.01920
2448014.13754 6.79998
2448015.13758 7.56206
2448016.13763 8.29834
2448017.13767 6.01028
2448018.13772 6.78932
2448019.13777 6.31640
2448020.13781 6.86570
2448021.13786 6.11756
2448022.13790 7.06112
2448023.13795 6.09063
2448024.13799 6.00705
2448025.13804 5.29296
2448026.13809 4.62487
2448027.13813 3.54141
2448028.13818 3.07245
2448029.13822 2.37218
2448030.13827 1.68608
2448031.13831 1.06517
2448032.13836 0.61857
2448033.13840 0.08743
2448034.13845 -0.36720
2448035.13850 -0.76280
2448036.13854 -1.28341
2448037.13859 -1.28166
2448038.13863 -1.85662
2448039.13868 -1.72142
2448040.13872 -1.54136
2448041.13877 -1.69122
2448042.13882 -1.32115
2448043.13886 -0.89353
2448044.13891 -0.65137
2448045.13895 -0.16373
2448046.13900 0.27448
2448047.13904 0.66702
2448048.13909 1.19871
2448049.13913 2.04814
2448050.13918 2.61434
2448051.13923 3.25291
2448052.13927 3.86070
2448053.13932 3.75815
2448054.13936 5.19665
2448055.13941 4.93897
2448056.13945 5.21386
2448057.13950 5.14808
2448058.13955 6.50382
2448059.13959 5.04090
2448060.13964 6.80560
2448061.13968 6.34748
2448062.13973 7.05034
2448063.13977 6.34712
2448064.13982 5.10657
2448065.13986 5.92925
2448066.13991 4.89393
2448067.13996 4.49067
2448068.14000 2.95026
2448069.14005 2.61655
2448070.14009 1.95468
2448071.14014 1.43112
2448072.14018 0.80166
2448073.14023 0.09273
2448074.14028 -0.53822
2448075.14032 -0.97548
2448076.14037 -1.37478
2448077.14041 -1.66590
2448078.14046 -2.42726
2448079.14050 -2.70779
2448080.14055 -2.57102
2448081.14060 -2.50809
2448082.14064 -2.96448
2448083.14069 -1.90134
2448084.14073 -2.75333
2448085.14078 -2.31985
2448086.14082 -1.67894
2448087.14087 -1.70255
2448088.14091 -0.96692
2448089.14096 -0.42619
2448090.14101 0.11046
2448091.14105 0.70413
2448092.14110 1.22259
2448093.14114 2.10575
2448094.14119 2.69041
2448095.14123 3.22593
2448096.14128 3.59250
2448097.14133 3.97855
2448098.14137 3.88370
2448099.14142 4.63220
2448100.14146 4.94615
2448101.14151 5.02574
2448288.15004 -7.41642
2448289.15009 -8.78450
2448290.15013 -6.73572
2448291.15018 -8.74181
2448292.15022 -8.60075
2448293.15027 -7.73230
2448294.15031 -8.65597
2448295.15036 -7.25619
2448296.15041 -9.38347
2448297.15045 -9.65371
2448298.15050 -6.87174
2448299.15054 -6.63742
2448300.15059 -6.27263
2448301.15063 -5.93471
2448302.15068 -4.79241
2448303.15073 -4.37768
2448304.15077 -3.88686
2448305.15082 -3.22276
2448306.15086 -2.82806
2448307.15091 -2.15413
2448308.15095 -2.03051
2448309.15100 -1.68503
2448310.15104 -1.16413
2448311.15109 -1.07640
2448312.15114 -0.97986
2448313.15118 -0.83290
2448314.15123 -1.01847
2448315.15127 -1.44120
2448316.15132 -1.59002
2448317.15136 -1.82743
2448318.15141 -2.07444
2448319.15146 -2.41487
2448320.15150 -3.37145
2448321.15155 -4.34023
2448322.15159 -4.62172
2448323.15164 -4.31105
2448324.15168 -6.17688
2448325.15173 -7.45300
2448326.15178 -6.55040
2448327.15182 -8.87111
2448328.15187 -8.16894
2448329.15191 -7.89247
2448330.15196 -10.29839
2448331.15200 -8.49740
2448332.15205 -9.31132
2448333.15209 -8.13642
2448334.15214 -9.53201
2448335.15219 -10.63125
2448336.15223 -12.44107
2448337.15228 -10.68660
2448338.15232 -7.33264
2448339.15237 -9.96179
2448340.15241 -9.95192
2448341.15246 -10.01806
2448342.15251 -8.03539
2448343.15255 -7.73428
2448344.15260 -5.90354
2448345.15264 -5.19231
2448346.15269 -4.74567
2448347.15273 -5.06083
2448348.15278 -3.69941
2448349.15282 -3.10199
2448350.15287 -3.44041
2448351.15292 -2.82535
2448352.15296 -2.08565
2448353.15301 -2.18267
2448354.15305 -2.17588
2448355.15310 -2.27659
2448356.15314 -2.28540
2448357.15319 -2.06479
2448358.15324 -2.59375
2448359.15328 -3.20955
2448360.15333 -3.28517
2448361.15337 -3.79137
2448362.15342 -4.13996
2448363.15346 -5.34179
2448364.15351 -6.03055
2448365.15355 -6.35300
2448366.15360 -6.45556
2448367.15365 -7.17967
2448368.15369 -7.31098
2448369.15374 -8.47837
2448370.15378 -9.49390
2448371.15383 -9.00147
2448372.15387 -8.97935
2448373.15392 -10.75223
2448374.15397 -11.29036
2448375.15401 -10.27699
2448376.15406 -12.05429
2448377.15410 -9.93343
2448378.15415 -11.25660
2448379.15419 -9.51461
2448380.15424 -10.56368
2448381.15428 -9.99298
2448382.15433 -9.80802
2448383.15438 -9.32673
2448384.15442 -9.16290
2448385.15447 -6.03855
2448386.15451 -7.87713
2448387.15456 -6.27792
2448388.15460 -7.34873
2448389.15465 -5.21107
2448390.15470 -5.33000
2448391.15474 -5.04325
2448392.15479 -4.45657
2448393.15483 -3.98897
2448394.15488 -2.98186
2448395.15492 -3.39445
2448396.15497 -3.66543
2448397.15502 -2.80275
2448398.15506 -3.39265
2448399.15511 -3.80454
2448400.15515 -3.80349
2448401.15520 -3.92602
2448402.15524 -4.42937
2448403.15529 -5.11610
2448404.15533 -4.15373
2448405.15538 -5.61796
2448406.15543 -6.50662
2448407.15547 -7.25396
2448408.15552 -8.30058
2448409.15556 -8.48115
2448410.15561 -9.18879
2448411.15565 -9.91252
2448412.15570 -9.81404
2448413.15575 -9.95373
2448414.15579 -9.15271
2448415.15584 -12.72536
2448416.15588 -11.45909
2448417.15593 -12.36905
2448418.15597 -10.31659
2448419.15602 -13.03854
2448420.15606 -10.96113
2448421.15611 -11.23807
2448422.15616 -11.14442
2448423.15620 -11.25778
2448424.15625 -8.81786
2448425.15629 -10.35805
2448426.15634 -10.03533
2448427.15638 -8.77389
2448428.15643 -7.68803
2448429.15648 -7.48247
2448430.15652 -7.93554
2448431.15657 -8.15816
2448432.15661 -7.09659
2448433.15666 -6.25760
2448434.15670 -5.39799
2448435.15675 -4.73682
2448436.15679 -4.28342
2448437.15684 -4.46191
2448438.15689 -4.36865
2448439.15693 -4.15349
2448440.15698 -4.10188
2448441.15702 -4.56471
2448442.15707 -4.32277
2448443.15711 -4.13135
2448444.15716 -6.30298
2448445.15721 -5.89943
2448446.15725 -6.02757
2448447.15730 -7.13477
2448448.15734 -8.54744
2448449.15739 -10.60248
2448450.15743 -9.71296
2448451.15748 -9.22678
2448452.15752 -8.27694
2448453.15757 -9.90784
2448454.15762 -9.37595
2448455.15766 -11.95673
2448456.15771 -11.82269
2448457.15775 -10.45395
2448458.15780 -13.68929
2448459.15784 -13.27865
2448460.15789 -12.71818
2448461.15794 -13.60136
2448462.15798 -12.03141
2448463.15803 -14.84030
2448464.15807 -13.47494
2448465.15812 -13.03802
2448466.15816 -11.19073
2448467.15821 -11.40863
2448653.16670 -8.83560
2448654.16674 -9.15748
2448655.16679 -10.50185
2448656.16683 -11.67512
2448657.16688 -11.91413
2448658.16693 -10.76676
2448659.16697 -11.48694
2448660.16702 -11.52158
2448661.16706 -12.89572
2448662.16711 -14.75734
2448663.16715 -15.55130
2448664.16720 -11.58028
2448665.16724 -13.12801
2448666.16729 -14.74389
2448667.16734 -15.81402
2448668.16738 -13.52514
2448669.16743 -17.97146
2448670.16747 -19.01945
2448671.16752 -17.87124
2448672.16756 -18.05680
2448673.16761 -17.82266
2448674.16766 -15.55891
2448675.16770 -15.91728
2448676.16775 -15.87263
2448677.16779 -15.11765
2448678.16784 -13.40885
2448679.16788 -12.99234
2448680.16793 -15.22195
2448681.16797 -11.01008
2448682.16802 -14.32363
2448683.16807 -13.14115
2448684.16811 -12.80300
2448685.16816 -9.73268
2448686.16820 -9.73139
2448687.16825 -10.89570
2448688.16829 -9.41367
2448689.16834 -10.49815
2448690.16839 -10.09635
2448691.16843 -9.06991
2448692.16848 -9.96626
2448693.16852 -7.76982
2448694.16857 -9.73899
2448695.16861 -10.09853
2448696.16866 -8.71750
2448697.16870 -10.03747
2448698.16875 -10.60723
2448699.16880 -10.29825
2448700.16884 -11.55152
2448701.16889 -12.66727
2448702.16893 -12.39370
2448703.16898 -12.27179
2448704.16902 -16.51157
2448705.16907 -14.96440
2448706.16912 -13.46592
2448707.16916 -16.11729
2448708.16921 -14.69074
2448709.16925 -15.70726
2448710.16930 -19.05403
2448711.16934 -17.39649
2448712.16939 -18.32543
2448713.16944 -13.84179
2448714.16948 -16.68435
2448715.16953 -19.28483
2448716.16957 -17.85989
2448717.16962 -15.87089
2448718.16966 -17.85887
2448719.16971 -15.93887
2448720.16975 -15.05564
2448721.16980 -15.83655
2448722.16985 -13.08233
2448723.16989 -15.45647
2448724.16994 -15.92927
2448725.16998 -12.63294
2448726.17003 -11.84994
2448727.17007 -11.69687
2448728.17012 -9.01611
2448729.17017 -10.85185
2448730.17021 -8.42060
2448731.17026 -11.74269
2448732.17030 -10.97637
2448733.17035 -9.28044
2448734.17039 -9.96717
2448735.17044 -7.98034
2448736.17048 -9.72588
2448737.17053 -9.34465
2448738.17058 -12.20123
2448739.17062 -10.13745
2448740.17067 -10.68163
2448741.17071 -10.84241
2448742.17076 -10.14534
2448743.17080 -13.65354
2448744.17085 -14.87494
2448745.17090 -14.42601
2448746.17094 -13.77501
2448747.17099 -14.37374
2448748.17103 -13.70169
2448749.17108 -18.24332
2448750.17112 -14.10081
2448751.17117 -13.76738
2448752.17121 -18.88996
2448753.17126 -17.11510
2448754.17131 -18.50544
2448755.17135 -17.74444
2448756.17140 -19.90221
2448757.17144 -17.11400
2448758.17149 -18.61006
2448759.17153 -16.96058
2448760.17158 -17.58839
2448761.17163 -19.11221
2448762.17167 -15.68308
2448763.17172 -17.46217
2448764.17176 -14.01587
2448765.17181 -11.55827
2448766.17185 -14.94147
2448767.17190 -12.94267
2448768.17194 -12.03737
2448769.17199 -12.59252
2448770.17204 -12.31768
2448771.17208 -13.60149
2448772.17213 -12.27683
2448773.17217 -10.84195
2448774.17222 -7.76824
2448775.17226 -9.05122
2448776.17231 -9.47893
2448777.17236 -10.31927
2448778.17240 -10.85206
2448779.17245 -8.82824
2448780.17249 -11.43767
2448781.17254 -12.66049
2448782.17258 -12.94079
2448783.17263 -11.91408
2448784.17268 -16.90000
2448785.17272 -12.55059
2448786.17277 -13.37508
2448787.17281 -13.84267
2448788.17286 -15.02922
2448789.17290 -13.77034
2448790.17295 -17.28661
2448791.17299 -13.85557
2448792.17304 -18.64919
2448793.17309 -16.37188
2448794.17313 -15.35487
2448795.17318 -18.12326
2448796.17322 -19.36602
2448797.17327 -18.28409
2448798.17331 -18.00452
2448799.17336 -22.31346
2448800.17341 -17.30249
2448801.17345 -18.64343
2448802.17350 -20.19047
2448803.17354 -16.31447
2448804.17359 -18.03945
2448805.17363 -15.27866
2448806.17368 -15.59911
2448807.17372 -14.66898
2448808.17377 -10.57488
2448809.17382 -12.31479
2448810.17386 -14.87573
2448811.17391 -11.49437
2448812.17395 -14.21331
2448813.17400 -11.25604
2448814.17404 -10.44537
2448815.17409 -11.44510
2448816.17414 -9.62620
2448817.17418 -9.59045
2448818.17423 -9.88705
2448819.17427 -8.51539
2448820.17432 -10.33673
2448821.17436 -11.83635
2448822.17441 -10.80180
2448823.17445 -11.52313
2448824.17450 -11.39981
2448825.17455 -12.20976
2448826.17459 -13.00055
2448827.17464 -13.97629
2448828.17468 -12.86872
2448829.17473 -14.95956
2448830.17477 -14.77688
2448831.17482 -14.21958
2448832.17487 -15.42721
2449018.18335 -14.68603
2449019.18340 -15.18229
2449020.18344 -14.64613
2449021.18349 -12.29205
2449022.18354 -12.08859
2449023.18358 -14.99410
2449024.18363 -13.81403
2449025.18367 -12.20861
2449026.18372 -11.92560
2449027.18376 -11.43352
2449028.18381 -9.49638
2449029.18386 -10.79926
2449030.18390 -9.15817
2449031.18395 -11.08875
2449032.18399 -11.32213
2449033.18404 -10.93866
2449034.18408 -11.83525
2449035.18413 -12.10207
2449036.18417 -12.53570
2449037.18422 -13.02567
2449038.18427 -15.24164
2449039.18431 -12.69136
2449040.18436 -13.49263
2449041.18440 -16.02568
2449042.18445 -16.21337
2449043.18449 -18.46051
2449044.18454 -15.73430
2449045.18459 -16.09835
2449046.18463 -17.22245
2449047.18468 -16.03433
2449048.18472 -20.60867
2449049.18477 -17.66226
2449050.18481 -20.86486
2449051.18486 -18.66169
2449052.18490 -18.58811
2449053.18495 -19.28181
2449054.18500 -15.93939
2449055.18504 -17.23030
2449056.18509 -16.03823
2449057.18513 -16.25272
2449058.18518 -16.25830
2449059.18522 -14.62405
2449060.18527 -15.11046
2449061.18532 -16.08502
2449062.18536 -15.36173
2449063.18541 -12.42003
2449064.18545 -12.33512
2449065.18550 -12.27604
2449066.18554 -12.71047
2449067.18559 -12.91561
2449068.18563 -11.30018
2449069.18568 -11.27927
2449070.18573 -10.74535
2449071.18577 -10.25764
2449072.18582 -10.22300
2449073.18586 -12.38168
2449074.18591 -9.66659
2449075.18595 -11.00304
2449076.18600 -10.57533
2449077.18605 -14.88034
2449078.18609 -11.24532
2449079.18614 -12.97120
2449080.18618 -14.30869
2449081.18623 -13.70313
2449082.18627 -13.29694
2449083.18632 -14.99997
2449084.18636 -16.64337
2449085.18641 -17.07533
2449086.18646 -15.05950
2449087.18650 -16.70245
2449088.18655 -16.69425
2449089.18659 -17.67204
2449090.18664 -15.77548
2449091.18668 -21.01968
2449092.18673 -17.73871
2449093.18678 -19.04655
2449094.18682 -20.66334
2449095.18687 -16.18949
2449096.18691 -18.80849
2449097.18696 -18.67981
2449098.18700 -15.55947
2449099.18705 -15.50200
2449100.18710 -16.42840
2449101.18714 -18.32526
2449102.18719 -14.71352
2449103.18723 -15.47004
2449104.18728 -15.72994
2449105.18732 -13.68960
2449106.18737 -13.42690
2449107.18741 -13.09306
2449108.18746 -13.85369
2449109.18751 -9.75025
2449110.18755 -10.29677
2449111.18760 -9.46277
2449112.18764 -10.46290
2449113.18769 -10.42565
2449114.18773 -10.08634
2449115.18778 -11.13047
2449116.18783 -11.50319
2449117.18787 -10.56729
2449118.18792 -9.75817
2449119.18796 -10.92187
2449120.18801 -12.08721
2449121.18805 -11.71945
2449122.18810 -15.01847
2449123.18814 -14.48893
2449124.18819 -15.69483
2449125.18824 -14.31456
2449126.18828 -16.32241
2449127.18833 -16.74094
2449128.18837 -16.97296
2449129.18842 -15.69791
2449130.18846 -19.14015
2449131.18851 -18.61505
2449132.18856 -21.84985
2449133.18860 -19.44939
2449134.18865 -16.97338
2449135.18869 -15.45986
2449136.18874 -20.19953
2449137.18878 -18.00552
2449138.18883 -18.15655
2449139.18887 -17.65785
2449140.18892 -13.74614
2449141.18897 -16.01965
2449142.18901 -15.11961
2449143.18906 -17.49942
2449144.18910 -13.40947
2449145.18915 -15.88539
2449146.18919 -13.96503
2449147.18924 -10.38003
2449148.18929 -12.13043
2449149.18933 -12.56331
2449150.18938 -11.95648
2449151.18942 -10.82206
2449152.18947 -10.74286
2449153.18951 -9.92159
2449154.18956 -9.45601
2449155.18960 -9.59215
2449156.18965 -8.85647
2449157.18970 -9.28966
2449158.18974 -9.88105
2449159.18979 -11.28848
2449160.18983 -10.90440
2449161.18988 -11.26636
2449162.18992 -11.79729
2449163.18997 -11.54209
2449164.19002 -9.73094
2449165.19006 -14.21197
2449166.19011 -14.17610
2449167.19015 -14.51622
2449168.19020 -15.97011
2449169.19024 -15.21781
2449170.19029 -12.55048
2449171.19033 -14.34505
2449172.19038 -19.76766
2449173.19043 -14.44411
2449174.19047 -19.64777
2449175.19052 -17.54322
2449176.19056 -18.19931
2449177.19061 -18.63822
2449178.19065 -17.48012
2449179.19070 -14.85472
2449180.19075 -19.08303
2449181.19079 -18.20916
2449182.19084 -16.55292
2449183.19088 -17.71763
2449184.19093 -13.44436
2449185.19097 -15.97783
2449186.19102 -15.39252
2449187.19107 -14.99758
2449188.19111 -11.97712
2449189.19116 -13.57787
2449190.19120 -12.73487
2449191.19125 -11.85865
2449192.19129 -10.75102
2449193.19134 -10.89750
2449194.19138 -10.46699
2449195.19143 -8.70915
2449196.19148 -7.45172
2449197.19152 -9.54391
2449383.20001 -14.94301
2449384.20005 -12.92950
2449385.20010 -14.00809
2449386.20015 -13.61697
2449387.20019 -13.65367
2449388.20024 -12.94208
2449389.20028 -13.01025
2449390.20033 -15.25016
2449391.20037 -13.85113
2449392.20042 -14.23975
2449393.20047 -10.45456
2449394.20051 -12.72048
2449395.20056 -11.16220
2449396.20060 -12.62735
2449397.20065 -13.13355
2449398.20069 -10.57823
2449399.20074 -10.78434
2449400.20078 -9.87599
2449401.20083 -8.31346
2449402.20088 -6.89657
2449403.20092 -7.48687
2449404.20097 -6.09025
2449405.20101 -6.55097
2449406.20106 -7.10314
2449407.20110 -6.22024
2449408.20115 -4.62981
2449409.20120 -5.53017
2449410.20124 -6.52394
2449411.20129 -6.66837
2449412.20133 -5.95932
2449413.20138 -6.72035
2449414.20142 -5.82278
2449415.20147 -7.60143
2449416.20152 -6.31320
2449417.20156 -7.95327
2449418.20161 -8.68848
2449419.20165 -10.01554
2449420.20170 -9.39715
2449421.20174 -9.52474
2449422.20179 -11.23905
2449423.20183 -11.95100
2449424.20188 -10.61504
2449425.20193 -11.62969
2449426.20197 -9.35863
2449427.20202 -12.91743
2449428.20206 -12.99942
2449429.20211 -14.86226
2449430.20215 -14.51968
2449431.20220 -12.11408
2449432.20225 -14.85822
2449433.20229 -11.71580
2449434.20234 -12.88776
2449435.20238 -9.72629
2449436.20243 -10.88953
2449437.20247 -12.60659
2449438.20252 -11.94280
2449439.20256 -11.47635
2449440.20261 -7.90702
2449441.20266 -8.59144
2449442.20270 -8.20050
2449443.20275 -7.19222
2449444.20279 -7.90998
2449445.20284 -6.53746
2449446.20288 -5.97204
2449447.20293 -4.34272
2449448.20298 -5.08471
2449449.20302 -4.34649
2449450.20307 -4.38105
2449451.20311 -4.52382
2449452.20316 -5.54287
2449453.20320 -4.55071
2449454.20325 -5.37916
2449455.20329 -5.71185
2449456.20334 -6.11520
2449457.20339 -5.68698
2449458.20343 -6.63770
2449459.20348 -6.66944
2449460.20352 -8.28362
2449461.20357 -8.50518
2449462.20361 -8.48041
2449463.20366 -10.68855
2449464.20371 -9.67014
2449465.20375 -10.69473
2449466.20380 -10.38122
2449467.20384 -12.00055
2449468.20389 -10.80432
2449469.20393 -12.33552
2449470.20398 -13.47884
2449471.20402 -12.08335
2449472.20407 -12.12053
2449473.20412 -12.43654
2449474.20416 -11.57480
2449475.20421 -10.53832
2449476.20425 -11.58153
2449477.20430 -10.40006
2449478.20434 -9.96384
2449479.20439 -11.50869
2449480.20444 -11.23375
2449481.20448 -10.17006
2449482.20453 -8.13616
2449483.20457 -7.05779
2449484.20462 -5.82410
2449485.20466 -6.89148
2449486.20471 -6.00002
2449487.20475 -6.12459
2449488.20480 -5.47675
2449489.20485 -4.04525
2449490.20489 -4.06225
2449491.20494 -4.21498
2449492.20498 -3.62120
2449493.20503 -3.42451
2449494.20507 -3.52381
2449495.20512 -3.98991
2449496.20517 -3.49581
2449497.20521 -4.49147
2449498.20526 -4.17570
2449499.20530 -4.32597
2449500.20535 -4.78529
2449501.20539 -5.89723
2449502.20544 -5.91481
2449503.20549 -7.13973
2449504.20553 -7.96688
2449505.20558 -9.29090
2449506.20562 -11.18815
2449507.20567 -10.96109
2449508.20571 -8.85014
2449509.20576 -9.97891
2449510.20580 -9.79703
2449511.20585 -11.68838
2449512.20590 -11.00825
2449513.20594 -10.36144
2449514.20599 -10.87325
2449515.20603 -12.11918
2449516.20608 -13.27741
2449517.20612 -11.54479
2449518.20617 -11.73054
2449519.20622 -10.57744
2449520.20626 -11.79943
2449521.20631 -10.36719
2449522.20635 -7.94586
2449523.20640 -7.98315
2449524.20644 -7.78123
2449525.20649 -6.37300
2449526.20653 -6.46838
2449527.20658 -6.04964
2449528.20663 -4.86960
2449529.20667 -4.75753
2449530.20672 -4.11619
2449531.20676 -3.54603
2449532.20681 -2.87230
2449533.20685 -3.49582
2449534.20690 -3.11998
2449535.20695 -3.23186
2449536.20699 -2.63896
2449537.20704 -2.55923
2449538.20708 -2.73368
2449539.20713 -2.81189
2449540.20717 -2.98078
2449541.20722 -3.28998
2449542.20726 -4.27676
2449543.20731 -4.72379
2449544.20736 -5.26750
2449545.20740 -5.98489
2449546.20745 -6.25943
2449547.20749 -7.12489
2449548.20754 -8.14933
2449549.20758 -7.07644
2449550.20763 -10.18212
2449551.20768 -9.95002
2449552.20772 -9.99922
2449553.20777 -10.42000
2449554.20781 -12.43378
2449555.20786 -9.25691
2449556.20790 -11.14342
2449557.20795 -9.34020
2449558.20799 -11.11760
2449559.20804 -9.09878
2449560.20809 -8.59398
2449561.20813 -9.47790
2449562.20818 -8.40266
2449749.21671 2.60447
2449750.21676 1.95267
2449751.21680 2.08935
2449752.21685 1.90506
2449753.21689 1.55479
2449754.21694 0.99374
2449755.21698 0.35538
2449756.21703 -0.24332
2449757.21708 -0.77350
2449758.21712 -1.25102
2449759.21717 -2.20780
2449760.21721 -2.22998
2449761.21726 -3.12034
2449762.21730 -3.36701
2449763.21735 -4.00262
2449764.21740 -4.66997
2449765.21744 -3.74401
2449766.21749 -3.98132
2449767.21753 -4.35259
2449768.21758 -4.14955
2449769.21762 -4.67833
2449770.21767 -4.28763
2449771.21771 -4.61729
2449772.21776 -3.63696
2449773.21781 -2.91795
2449774.21785 -2.63679
2449775.21790 -1.74768
2449776.21794 -1.12912
2449777.21799 -0.74402
2449778.21803 -0.08398
2449779.21808 0.61495
2449780.21813 1.07612
2449781.21817 1.82931
2449782.21822 2.15185
2449783.21826 3.25906
2449784.21831 3.37594
2449785.21835 3.95183
2449786.21840 3.63078
2449787.21844 3.22876
2449788.21849 4.25336
2449789.21854 3.83178
2449790.21858 4.16105
2449791.21863 4.55149
2449792.21867 4.62795
2449793.21872 3.60663
2449794.21876 2.64208
2449795.21881 2.67746
2449796.21886 2.19479
2449797.21890 1.58255
2449798.21895 1.02514
2449799.21899 0.43172
2449800.21904 -0.12032
2449801.21908 -0.72294
2449802.21913 -1.27507
2449803.21917 -1.93147
2449804.21922 -2.28535
2449805.21927 -2.34969
2449806.21931 -2.87506
2449807.21936 -2.73988
2449808.21940 -3.17833
2449809.21945 -3.66221
2449810.21949 -3.71880
2449811.21954 -3.24039
2449812.21959 -3.42840
2449813.21963 -2.82281
2449814.21968 -2.25250
2449815.21972 -1.83740
2449816.21977 -1.27647
2449817.21981 -0.87978
2449818.21986 -0.22986
2449819.21991 0.38079
2449820.21995 1.11209
2449821.22000 1.61799
2449822.22004 2.30880
2449823.22009 2.81372
2449824.22013 3.28334
2449825.22018 3.55076
2449826.22022 4.86661
2449827.22027 4.55542
2449828.22032 5.89172
2449829.22036 5.95046
2449830.22041 6.19953
2449831.22045 5.06780
2449832.22050 4.68030
2449833.22054 5.11651
2449834.22059 4.95165
2449835.22064 4.46802
2449836.22068 4.75887
2449837.22073 3.79734
2449838.22077 3.71957
2449839.22082 2.59371
2449840.22086 2.67804
2449841.22091 1.82092
2449842.22095 1.24389
2449843.22100 0.60772
2449844.22105 0.04224
2449845.22109 -0.41574
2449846.22114 -0.91644
2449847.22118 -1.37003
2449848.22123 -1.86393
2449849.22127 -2.11976
2449850.22132 -2.35007
2449851.22137 -1.84466
2449852.22141 -2.13600
2449853.22146 -1.90474
2449854.22150 -1.92639
2449855.22155 -1.45583
2449856.22159 -1.17094
2449857.22164 -0.81237
2449858.22168 -0.31022
2449859.22173 0.23175
2449860.22178 0.72049
2449861.22182 1.55737
2449862.22187 2.32246
2449863.22191 2.72648
2449864.22196 3.15437
2449865.22200 4.08872
2449866.22205 4.90772
2449867.22210 5.49200
2449868.22214 5.82970
2449869.22219 5.16446
2449870.22223 6.90738
2449871.22228 7.07693
2449872.22232 7.02338
2449873.22237 6.41026
2449874.22241 7.84288
2449875.22246 6.28992
2449876.22251 6.14917
2449877.22255 5.84583
2449878.22260 5.54116
2449879.22264 5.70612
2449880.22269 4.49498
2449881.22273 4.13799
2449882.22278 3.42478
2449883.22283 3.04586
2449884.22287 2.58678
2449885.22292 1.95825
2449886.22296 1.00969
2449887.22301 0.75338
2449888.22305 0.36712
2449889.22310 -0.08700
2449890.22315 -0.45623
2449891.22319 -0.63522
2449892.22324 -0.89434
2449893.22328 -1.00337
2449894.22333 -0.96610
2449895.22337 -0.94707
2449896.22342 -0.59253
2449897.22346 -0.33890
2449898.22351 -0.12536
2449899.22356 0.32966
2449900.22360 0.85495
2449901.22365 1.18874
2449902.22369 1.92403
2449903.22374 2.75722
2449904.22378 3.09011
2449905.22383 4.89717
2449906.22388 4.93323
2449907.22392 5.11598
2449908.22397 5.81408
2449909.22401 6.45442
2449910.22406 6.74181
2449911.22410 5.81337
2449912.22415 6.46677
2449913.22419 7.29275
2449914.22424 7.53964
2449915.22429 7.95242
2449916.22433 6.57961
2449917.22438 8.84215
2449918.22442 7.38506
2449919.22447 7.61220
2449920.22451 6.14694
2449921.22456 5.92798
2449922.22461 5.67414
2449923.22465 5.23252
2449924.22470 4.77820
2449925.22474 4.07741
2449926.22479 3.57129
2449927.22483 3.18203
2449928.22488 2.43387
2450114.23337 7.15930
2450115.23341 9.92124
2450116.23346 9.81504
2450117.23350 9.14467
2450118.23355 10.59820
2450119.23359 11.45478
2450120.23364 10.78584
2450121.23369 11.45944
2450122.23373 12.80274
2450123.23378 13.11649
2450124.23382 12.10740
2450125.23387 14.22720
2450126.23391 12.60975
2450127.23396 12.98611
2450128.23401 16.22790
2450129.23405 14.77731
2450130.23410 13.97246
2450131.23414 11.13924
2450132.23419 11.30001
2450133.23423 10.75984
2450134.23428 12.82368
2450135.23433 7.70831
2450136.23437 8.26812
2450137.23442 10.41051
2450138.23446 7.71259
2450139.23451 8.75491
2450140.23455 7.70340
2450141.23460 7.35598
2450142.23464 5.99383
2450143.23469 5.31985
2450144.23474 6.53887
2450145.23478 4.91181
2450146.23483 5.02192
2450147.23487 5.07682
2450148.23492 4.59861
2450149.23496 5.90114
2450150.23501 6.39084
2450151.23506 6.06629
2450152.23510 6.03617
2450153.23515 7.44871
2450154.23519 7.40467
2450155.23524 10.10513
2450156.23528 8.00235
2450157.23533 9.87292
2450158.23537 9.65945
2450159.23542 11.52290
2450160.23547 12.37888
2450161.23551 11.85343
2450162.23556 11.30379
2450163.23560 12.74881
2450164.23565 16.10043
2450165.23569 13.68227
2450166.23574 15.01658
2450167.23579 12.43896
2450168.23583 14.15890
2450169.23588 14.14496
2450170.23592 14.75029
2450171.23597 12.03431
2450172.23601 11.79348
2450173.23606 12.21168
2450174.23610 13.10957
2450175.23615 12.37296
2450176.23620 11.63444
2450177.23624 10.76227
2450178.23629 11.41983
2450179.23633 10.41973
2450180.23638 10.62529
2450181.23642 8.40937
2450182.23647 8.97635
2450183.23652 8.07696
2450184.23656 7.41697
2450185.23661 5.68617
2450186.23665 6.48049
2450187.23670 5.88917
2450188.23674 6.11742
2450189.23679 5.90522
2450190.23683 6.21026
2450191.23688 6.18689
2450192.23693 6.96786
2450193.23697 5.01465
2450194.23702 7.61983
2450195.23706 8.20849
2450196.23711 9.01381
2450197.23715 9.21158
2450198.23720 10.20547
2450199.23725 8.89913
2450200.23729 11.81116
2450201.23734 11.27562
2450202.23738 11.57614
2450203.23743 13.74541
2450204.23747 13.08384
2450205.23752 12.40557
2450206.23757 15.49863
2450207.23761 13.06931
2450208.23766 12.78596
2450209.23770 15.91136
2450210.23775 13.70123
2450211.23779 13.33111
2450212.23784 15.99168
2450213.23788 13.40114
2450214.23793 16.50935
2450215.23798 15.71361
2450216.23802 15.12636
2450217.23807 15.02761
2450218.23811 11.51208
2450219.23816 15.64130
2450220.23820 12.28064
2450221.23825 9.98855
2450222.23830 8.52043
2450223.23834 8.53050
2450224.23839 6.81004
2450225.23843 7.99201
2450226.23848 8.06572
2450227.23852 8.41482
2450228.23857 6.94717
2450229.23861 7.90641
2450230.23866 7.49829
2450231.23871 6.31828
2450232.23875 6.93827
2450233.23880 7.36018
2450234.23884 7.20240
2450235.23889 7.54482
2450236.23893 6.76687
2450237.23898 9.46491
2450238.23903 10.77710
2450239.23907 10.22961
2450240.23912 10.80865
2450241.23916 11.37992
2450242.23921 11.11669
2450243.23925 12.62549
2450244.23930 12.73421
2450245.23934 11.71840
2450246.23939 14.75965
2450247.23944 15.35137
2450248.23948 13.95465
2450249.23953 15.64762
2450250.23957 16.49990
2450251.23962 15.19722
2450252.23966 14.81482
2450253.23971 17.36273
2450254.23976 17.06967
2450255.23980 14.60505
2450256.23985 15.18646
2450257.23989 15.23693
2450258.23994 17.43526
2450259.23998 15.74758
2450260.24003 12.91772
2450261.24007 11.53163
2450262.24012 11.09096
2450263.24017 11.66112
2450264.24021 10.88042
2450265.24026 8.87142
2450266.24030 10.77992
2450267.24035 9.83912
2450268.24039 7.76519
2450269.24044 8.72639
2450270.24049 8.36321
2450271.24053 8.65843
2450272.24058 7.99218
2450273.24062 7.58308
2450274.24067 8.50049
2450275.24071 8.17491
2450276.24076 9.85372
2450277.24080 9.58592
2450278.24085 9.95953
2450279.24090 10.17752
2450280.24094 10.33262
2450281.24099 9.07754
2450282.24103 10.86577
2450283.24108 10.26366
2450284.24112 11.69047
2450285.24117 11.78400
2450286.24122 13.52932
2450287.24126 13.51172
2450288.24131 15.69665
2450289.24135 15.12591
2450290.24140 14.49754
2450291.24144 18.67109
2450292.24149 16.71717
2450293.24154 17.73895
2450479.25002 11.81885
2450480.25007 10.25960
2450481.25011 10.94600
2450482.25016 10.88974
2450483.25021 10.04385
2450484.25025 10.97362
2450485.25030 9.00809
2450486.25034 9.45077
2450487.25039 11.25491
2450488.25043 12.79344
2450489.25048 10.64604
2450490.25052 11.87700
2450491.25057 12.49888
2450492.25062 14.67739
2450493.25066 13.34230
2450494.25071 14.59439
2450495.25075 14.99590
2450496.25080 15.88096
2450497.25084 14.70972
2450498.25089 18.59835
2450499.25094 15.08648
2450500.25098 14.79683
2450501.25103 16.76890
2450502.25107 19.20115
2450503.25112 20.49854
2450504.25116 19.66735
2450505.25121 18.34796
2450506.25125 21.15314
2450507.25130 20.14808
2450508.25135 17.73292
2450509.25139 17.23752
2450510.25144 17.64463
2450511.25148 18.59950
2450512.25153 16.77000
2450513.25157 17.97683
2450514.25162 14.06473
2450515.25167 13.85347
2450516.25171 13.29541
2450517.25176 14.98138
2450518.25180 12.98509
2450519.25185 14.02507
2450520.25189 12.49275
2450521.25194 13.19627
2450522.25199 10.75585
2450523.25203 12.63248
2450524.25208 11.80344
2450525.25212 12.52135
2450526.25217 10.80765
2450527.25221 8.64899
2450528.25226 10.91891
2450529.25230 12.29368
2450530.25235 11.63967
2450531.25240 11.37328
2450532.25244 12.46730
2450533.25249 13.10874
2450534.25253 11.36161
2450535.25258 12.93497
2450536.25262 14.11833
2450537.25267 15.69496
2450538.25272 18.56559
2450539.25276 15.49690
2450540.25281 16.75503
2450541.25285 12.28523
2450542.25290 18.99058
2450543.25294 15.71940
2450544.25299 17.87451
2450545.25303 22.42656
2450546.25308 18.14967
2450547.25313 17.16830
2450548.25317 18.52893
2450549.25322 19.68228
2450550.25326 17.00723
2450551.25331 20.88861
2450552.25335 21.45349
2450553.25340 18.71366
2450554.25345 16.76346
2450555.25349 14.69247
2450556.25354 13.28167
2450557.25358 15.52692
2450558.25363 16.24109
2450559.25367 14.58535
2450560.25372 15.71474
2450561.25376 11.39597
2450562.25381 12.85319
2450563.25386 12.92886
2450564.25390 11.66503
2450565.25395 10.35986
2450566.25399 11.81187
2450567.25404 9.68459
2450568.25408 10.92785
2450569.25413 11.17327
2450570.25418 12.84888
2450571.25422 8.97660
2450572.25427 10.50107
2450573.25431 12.08882
2450574.25436 12.93141
2450575.25440 12.27136
2450576.25445 13.17430
2450577.25449 12.60867
2450578.25454 13.51935
2450579.25459 15.51755
2450580.25463 15.40822
2450581.25468 14.61112
2450582.25472 15.37701
2450583.25477 17.23778
2450584.25481 18.57529
2450585.25486 18.48969
2450586.25491 17.68115
2450587.25495 15.87052
2450588.25500 17.53536
2450589.25504 18.49385
2450590.25509 16.58595
2450591.25513 16.92995
2450592.25518 18.10558
2450593.25522 18.62040
2450594.25527 17.11043
2450595.25532 17.66451
2450596.25536 16.24380
2450597.25541 17.97971
2450598.25545 15.95480
2450599.25550 15.30232
2450600.25554 16.06757
2450601.25559 14.42795
2450602.25564 13.06387
2450603.25568 11.36807
2450604.25573 14.61301
2450605.25577 10.13352
2450606.25582 9.49968
2450607.25586 9.52692
2450608.25591 12.25334
2450609.25596 12.71190
2450610.25600 9.71519
2450611.25605 11.30540
2450612.25609 11.63564
2450613.25614 9.69241
2450614.25618 12.67738
2450615.25623 10.37769
2450616.25627 13.66808
2450617.25632 11.92963
2450618.25637 12.43889
2450619.25641 10.71783
2450620.25646 14.29245
2450621.25650 16.39970
2450622.25655 13.97650
2450623.25659 15.70773
2450624.25664 13.79852
2450625.25669 16.58507
2450626.25673 18.33739
2450627.25678 18.99403
2450628.25682 18.11827
2450629.25687 19.63949
2450630.25691 17.67636
2450631.25696 15.31800
2450632.25700 20.07997
2450633.25705 19.33313
2450634.25710 19.53510
2450635.25714 17.55509
2450636.25719 18.12462
2450637.25723 18.01807
2450638.25728 18.91457
2450639.25732 20.00908
2450640.25737 14.56802
2450641.25742 16.05920
2450642.25746 13.85629
2450643.25751 11.14469
2450644.25755 15.04874
2450645.25760 10.45770
2450646.25764 12.00396
2450647.25769 11.95799
2450648.25773 10.06520
2450649.25778 11.14172
2450650.25783 11.78700
2450651.25787 9.87693
2450652.25792 11.41767
2450653.25796 11.50970
2450654.25801 12.91301
2450655.25805 12.13496
2450656.25810 10.59956
2450657.25815 11.23307
2450658.25819 11.23555
2450844.26668 15.74880
2450845.26672 14.89084
2450846.26677 19.88427
2450847.26682 14.44795
2450848.26686 16.24474
2450849.26691 14.86387
2450850.26695 14.12014
2450851.26700 16.29561
2450852.26704 14.88069
2450853.26709 12.56361
2450854.26714 12.25149
2450855.26718 12.25939
2450856.26723 9.70592
2450857.26727 10.61342
2450858.26732 10.56980
2450859.26736 10.78092
2450860.26741 9.08544
2450861.26745 9.51662
2450862.26750 9.53149
2450863.26755 10.57465
2450864.26759 9.63506
2450865.26764 8.42073
2450866.26768 9.54856
2450867.26773 7.83297
2450868.26777 10.27818
2450869.26782 11.45023
2450870.26787 11.76957
2450871.26791 11.21991
2450872.26796 10.37881
2450873.26800 10.68872
2450874.26805 15.32994
2450875.26809 9.58023
2450876.26814 14.46552
2450877.26818 14.35731
2450878.26823 15.37645
2450879.26828 16.35723
2450880.26832 16.04137
2450881.26837 15.79203
2450882.26841 14.98743
2450883.26846 15.11444
2450884.26850 16.56869
2450885.26855 17.79628
2450886.26860 18.17060
2450887.26864 13.74372
2450888.26869 16.45354
2450889.26873 14.29070
2450890.26878 17.52122
2450891.26882 14.67381
2450892.26887 16.35831
2450893.26891 15.43811
2450894.26896 13.90660
2450895.26901 10.87093
2450896.26905 12.56380
2450897.26910 12.50707
2450898.26914 9.32146
2450899.26919 8.11484
2450900.26923 8.72540
2450901.26928 9.13606
2450902.26933 9.56143
2450903.26937 9.09509
2450904.26942 7.61694
2450905.26946 7.09958
2450906.26951 11.03139
2450907.26955 8.53113
2450908.26960 8.99789
2450909.26964 10.16324
2450910.26969 8.54294
2450911.26974 8.67487
2450912.26978 9.63073
2450913.26983 9.99596
2450914.26987 9.36803
2450915.26992 12.46040
2450916.26996 12.88555
2450917.27001 11.74371
2450918.27006 14.71279
2450919.27010 14.93586
2450920.27015 12.98299
2450921.27019 12.98299
2450922.27024 12.00913
2450923.27028 16.54943
2450924.27033 14.98858
2450925.27038 16.32016
2450926.27042 16.23497
2450927.27047 16.31368
2450928.27051 16.89169
2450929.27056 15.88457
2450930.27060 13.31072
2450931.27065 14.84455
2450932.27069 13.84330
2450933.27074 16.00213
2450934.27079 13.66851
2450935.27083 14.50759
2450936.27088 10.34624
2450937.27092 12.92952
2450938.27097 10.99099
2450939.27101 10.72480
2450940.27106 9.22649
2450941.27111 10.10682
2450942.27115 8.94802
2450943.27120 10.36560
2450944.27124 8.99501
2450945.27129 8.85069
2450946.27133 8.55539
2450947.27138 8.56631
2450948.27142 8.26829
2450949.27147 8.69802
2450950.27152 7.66748
2450951.27156 8.38664
2450952.27161 7.01427
2450953.27165 9.61644
2450954.27170 10.90213
2450955.27174 10.46826
2450956.27179 10.64497
2450957.27184 12.08493
2450958.27188 9.88695
2450959.27193 13.22094
2450960.27197 13.75480
2450961.27202 14.01012
2450962.27206 11.89053
2450963.27211 15.61262
2450964.27215 16.66571
2450965.27220 12.85565
2450966.27225 14.06616
2450967.27229 15.24531
2450968.27234 13.76412
2450969.27238 16.85364
2450970.27243 15.64538
2450971.27247 15.36663
2450972.27252 14.83753
2450973.27257 13.28593
2450974.27261 12.87166
2450975.27266 12.74601
2450976.27270 13.67314
2450977.27275 11.79155
2450978.27279 12.76752
2450979.27284 11.97160
2450980.27288 10.82133
2450981.27293 8.40561
2450982.27298 10.36623
2450983.27302 9.57888
2450984.27307 9.19460
2450985.27311 9.34117
2450986.27316 8.01187
2450987.27320 8.45325
2450988.27325 7.39285
2450989.27330 8.00795
2450990.27334 6.39897
2450991.27339 7.10536
2450992.27343 7.58451
2450993.27348 7.86246
2450994.27352 7.99556
2450995.27357 7.85737
2450996.27362 8.93886
2450997.27366 9.51585
2450998.27371 10.27883
2450999.27375 10.07257
2451000.27380 10.15811
2451001.27384 11.08837
2451002.27389 12.78735
2451003.27393 11.44907
2451004.27398 12.29761
2451005.27403 14.06136
2451006.27407 12.29096
2451007.27412 15.04230
2451008.27416 14.15403
2451009.27421 12.52005
2451010.27425 14.07953
2451011.27430 15.54242
2451012.27435 15.71408
2451013.27439 13.31709
2451014.27444 14.57990
2451015.27448 12.69437
2451016.27453 12.43833
2451017.27457 11.94131
2451018.27462 11.60833
2451019.27466 12.76877
2451020.27471 11.63724
2451021.27476 11.83393
2451022.27480 9.17337
2451023.27485 10.80759
2451209.28333 3.91924
2451210.28338 5.70911
2451211.28343 6.47354
2451212.28347 8.44657
2451213.28352 6.59062
2451214.28356 7.77339
2451215.28361 6.83887
2451216.28365 10.10722
2451217.28370 10.32760
2451218.28375 9.75066
2451219.28379 9.51440
2451220.28384 11.34395
2451221.28388 8.93272
2451222.28393 10.24277
2451223.28397 9.98035
2451224.28402 8.54776
2451225.28406 8.16000
2451226.28411 9.01893
2451227.28416 8.65133
2451228.28420 8.71901
2451229.28425 7.25711
2451230.28429 6.53266
2451231.28434 7.10039
2451232.28438 5.46391
2451233.28443 5.48739
2451234.28448 4.94658
2451235.28452 3.30649
2451236.28457 3.33323
2451237.28461 2.76291
2451238.28466 2.91822
2451239.28470 2.49795
2451240.28475 1.90314
2451241.28480 1.22055
2451242.28484 1.13529
2451243.28489 1.18888
2451244.28493 1.37797
2451245.28498 1.35758
2451246.28502 1.70879
2451247.28507 2.10766
2451248.28511 2.06377
2451249.28516 2.74632
2451250.28521 3.40451
2451251.28525 4.00721
2451252.28530 4.15352
2451253.28534 5.10103
2451254.28539 5.97849
2451255.28543 5.20699
2451256.28548 6.12654
2451257.28553 6.75641
2451258.28557 6.71843
2451259.28562 7.52281
2451260.28566 8.16129
2451261.28571 9.30801
2451262.28575 8.15953
2451263.28580 8.56438
2451264.28584 8.78138
2451265.28589 9.38517
2451266.28594 9.27497
2451267.28598 9.28850
2451268.28603 6.43226
2451269.28607 8.53778
2451270.28612 6.11062
2451271.28616 5.12667
2451272.28621 6.48486
2451273.28626 4.54379
2451274.28630 4.79031
2451275.28635 4.34591
2451276.28639 3.78366
2451277.28644 2.61064
2451278.28648 2.63937
2451279.28653 1.59864
2451280.28657 1.29571
2451281.28662 0.86315
2451282.28667 0.64784
2451283.28671 0.35504
2451284.28676 0.21416
2451285.28680 0.13254
2451286.28685 0.11029
2451287.28689 0.23407
2451288.28694 0.37802
2451289.28699 0.66489
2451290.28703 1.08816
2451291.28708 1.38001
2451292.28712 1.78717
2451293.28717 2.88396
2451294.28721 2.78789
2451295.28726 3.75569
2451296.28730 4.55049
2451297.28735 4.62917
2451298.28740 5.87797
2451299.28744 4.90718
2451300.28749 5.71005
2451301.28753 8.12813
2451302.28758 7.31261
2451303.28762 6.42473
2451304.28767 7.33574
2451305.28772 7.32953
2451306.28776 8.45503
2451307.28781 7.58774
2451308.28785 8.32887
2451309.28790 7.50722
2451310.28794 7.54737
2451311.28799 7.42889
2451312.28804 5.89599
2451313.28808 5.41266
2451314.28813 4.24606
2451315.28817 3.49210
2451316.28822 3.65442
2451317.28826 3.22131
2451318.28831 1.88614
2451319.28835 2.16717
2451320.28840 1.09823
2451321.28845 0.76276
2451322.28849 0.30084
2451323.28854 -0.14869
2451324.28858 -0.45312
2451325.28863 -0.67899
2451326.28867 -1.00648
2451327.28872 -0.94458
2451328.28877 -1.05629
2451329.28881 -1.08453
2451330.28886 -0.77452
2451331.28890 -0.48872
2451332.28895 -0.17044
2451333.28899 0.19988
2451334.28904 0.53060
2451335.28908 1.07439
2451336.28913 1.90947
2451337.28918 1.97604
2451338.28922 2.78454
2451339.28927 3.49441
2451340.28931 4.42346
2451341.28936 4.03784
2451342.28940 4.75583
2451343.28945 5.02953
2451344.28950 5.77637
2451345.28954 6.37590
2451346.28959 6.44059
2451347.28963 6.83688
2451348.28968 7.23845
2451349.28972 6.54080
2451350.28977 5.90858
2451351.28981 5.92989
2451352.28986 5.58218
2451353.28991 4.21403
2451354.28995 4.03818
2451355.29000 4.28058
2451356.29004 3.38726
2451357.29009 3.15092
2451358.29013 3.16129
2451359.29018 1.55115
2451360.29023 1.40103
2451361.29027 0.93596
2451362.29032 0.21565
2451363.29036 -0.34867
2451364.29041 -0.69585
2451365.29045 -1.12644
2451366.29050 -1.79255
2451367.29054 -2.05834
2451368.29059 -2.04711
2451369.29064 -2.29821
2451370.29068 -1.95027
2451371.29073 -2.23683
2451372.29077 -1.93138
2451373.29082 -1.96235
2451374.29086 -1.28653
2451375.29091 -0.98592
2451376.29096 -0.51325
2451377.29100 -0.05755
2451378.29105 0.59708
2451379.29109 1.05613
2451380.29114 1.45171
2451381.29118 2.57142
2451382.29123 2.54280
2451383.29127 2.79426
2451384.29132 3.35730
2451385.29137 4.57262
2451386.29141 4.35928
2451387.29146 4.60615
2451388.29150 6.14650
2451575.30004 -7.02104
2451576.30008 -5.90869
2451577.30013 -6.57622
2451578.30017 -8.93959
2451579.30022 -7.51601
2451580.30026 -8.80312
2451581.30031 -7.24772
2451582.30036 -8.29768
2451583.30040 -7.31527
2451584.30045 -7.86773
2451585.30049 -6.81824
2451586.30054 -5.29011
2451587.30058 -6.83591
2451588.30063 -6.35166
2451589.30068 -5.73138
2451590.30072 -4.84134
2451591.30077 -4.18085
2451592.30081 -3.56402
2451593.30086 -3.43435
2451594.30090 -2.68399
2451595.30095 -1.70640
2451596.30099 -1.37419
2451597.30104 -1.18429
2451598.30109 -0.75658
2451599.30113 -0.66233
2451600.30118 -0.54022
2451601.30122 -0.44254
2451602.30127 -0.55120
2451603.30131 -0.66794
2451604.30136 -0.88998
2451605.30141 -1.41641
2451606.30145 -1.50717
2451607.30150 -1.90749
2451608.30154 -2.46950
2451609.30159 -3.02790
2451610.30163 -3.81122
2451611.30168 -4.72910
2451612.30172 -5.26220
2451613.30177 -5.19103
2451614.30182 -6.23358
2451615.30186 -6.70241
2451616.30191 -8.32718
2451617.30195 -9.37104
2451618.30200 -8.02168
2451619.30204 -8.41588
2451620.30209 -9.07610
2451621.30214 -8.82621
2451622.30218 -8.72638
2451623.30223 -9.58037
2451624.30227 -11.14201
2451625.30232 -9.29171
2451626.30236 -7.98043
2451627.30241 -9.39185
2451628.30246 -7.53810
2451629.30250 -7.15913
2451630.30255 -7.08208
2451631.30259 -5.94852
2451632.30264 -6.40827
2451633.30268 -5.51921
2451634.30273 -4.25166
2451635.30277 -4.19115
2451636.30282 -3.42830
2451637.30287 -3.08638
2451638.30291 -3.09536
2451639.30296 -2.49787
2451640.30300 -1.89395
2451641.30305 -1.70217
2451642.30309 -1.38352
2451643.30314 -1.69936
2451644.30319 -1.51658
2451645.30323 -1.93133
2451646.30328 -1.88865
2451647.30332 -2.30033
2451648.30337 -2.39750
2451649.30341 -3.35055
2451650.30346 -4.29177
2451651.30350 -4.32964
2451652.30355 -5.01971
2451653.30360 -5.94669
2451654.30364 -5.36229
2451655.30369 -6.61682
2451656.30373 -6.54602
2451657.30378 -7.88432
2451658.30382 -8.48572
2451659.30387 -8.05544
2451660.30392 -10.05966
2451661.30396 -7.55529
2451662.30401 -9.90743
2451663.30405 -9.09116
2451664.30410 -11.95928
2451665.30414 -9.16559
2451666.30419 -11.46793
2451667.30423 -10.22191
2451668.30428 -8.43615
2451669.30433 -9.23516
2451670.30437 -8.52802
2451671.30442 -10.78625
2451672.30446 -9.87534
2451673.30451 -8.10964
2451674.30455 -7.06719
2451675.30460 -7.15619
2451676.30465 -6.02624
2451677.30469 -4.55072
2451678.30474 -4.47341
2451679.30478 -4.79706
2451680.30483 -4.31622
2451681.30487 -2.92929
2451682.30492 -3.30557
2451683.30496 -3.20638
2451684.30501 -2.66199
2451685.30506 -2.59075
2451686.30510 -2.63194
2451687.30515 -2.89624
2451688.30519 -2.77224
2451689.30524 -3.03402
2451690.30528 -3.88477
2451691.30533 -4.48272
2451692.30538 -4.92601
2451693.30542 -5.15173
2451694.30547 -6.32663
2451695.30551 -7.08910
2451696.30556 -7.14585
2451697.30560 -7.64303
2451698.30565 -8.32596
2451699.30569 -8.61918
2451700.30574 -11.58391
2451701.30579 -10.26835
2451702.30583 -11.16208
2451703.30588 -10.57275
2451704.30592 -9.96254
2451705.30597 -9.49786
2451706.30601 -13.32162
2451707.30606 -10.83234
2451708.30611 -9.55001
2451709.30615 -9.68071
2451710.30620 -10.45014
2451711.30624 -9.68448
2451712.30629 -10.35760
2451713.30633 -8.84133
2451714.30638 -10.18381
2451715.30643 -9.60705
2451716.30647 -6.93923
2451717.30652 -5.41021
2451718.30656 -7.48410
2451719.30661 -6.21131
2451720.30665 -4.77025
2451721.30670 -5.10910
2451722.30674 -4.58044
2451723.30679 -4.32595
2451724.30684 -4.18784
2451725.30688 -3.86629
2451726.30693 -3.39474
2451727.30697 -3.93397
2451728.30702 -3.13673
2451729.30706 -3.86458
2451730.30711 -3.97608
2451731.30716 -3.55706
2451732.30720 -4.59003
2451733.30725 -5.30295
2451734.30729 -5.85773
2451735.30734 -5.21713
2451736.30738 -6.20844
2451737.30743 -7.39898
2451738.30747 -6.13270
2451739.30752 -8.64688
2451740.30757 -10.22713
2451741.30761 -10.89436
2451742.30766 -11.45046
2451743.30770 -11.92160
2451744.30775 -11.75737
2451745.30779 -12.80612
2451746.30784 -10.60096
2451747.30789 -11.46484
2451748.30793 -9.95091
2451749.30798 -10.53083
2451750.30802 -13.38583
2451751.30807 -11.85756
2451752.30811 -9.46501
2451753.30816 -11.59975
2451754.30820 -9.89069
2451940.31669 -7.91257
2451941.31674 -7.54884
2451942.31678 -8.19128
2451943.31683 -8.69726
2451944.31688 -10.42217
2451945.31692 -10.32659
2451946.31697 -11.06223
2451947.31701 -10.63330
2451948.31706 -9.90447
2451949.31710 -13.92312
2451950.31715 -10.62152
2451951.31719 -10.56535
2451952.31724 -12.64530
2451953.31729 -16.37002
2451954.31733 -13.98327
2451955.31738 -15.53534
2451956.31742 -17.49619
2451957.31747 -16.56013
2451958.31751 -15.54558
2451959.31756 -18.00353
2451960.31761 -18.89134
2451961.31765 -18.23659
2451962.31770 -14.97690
2451963.31774 -17.99839
2451964.31779 -15.26794
2451965.31783 -14.12202
2451966.31788 -12.65986
2451967.31792 -15.25391
2451968.31797 -13.36062
2451969.31802 -13.53420
2451970.31806 -11.80935
2451971.31811 -13.05902
2451972.31815 -11.83191
2451973.31820 -11.90851
2451974.31824 -12.15161
2451975.31829 -9.49699
2451976.31834 -8.49937
2451977.31838 -9.84931
2451978.31843 -8.88441
2451979.31847 -7.22784
2451980.31852 -9.79427
2451981.31856 -7.58245
2451982.31861 -8.59875
2451983.31865 -8.55958
2451984.31870 -9.24963
2451985.31875 -10.25157
2451986.31879 -9.72128
2451987.31884 -11.84645
2451988.31888 -13.06322
2451989.31893 -11.21996
2451990.31897 -13.84256
2451991.31902 -12.12056
2451992.31907 -13.03846
2451993.31911 -12.21260
2451994.31916 -13.46319
2451995.31920 -14.76930
2451996.31925 -14.55217
2451997.31929 -16.09092
2451998.31934 -16.80929
2451999.31938 -17.50267
2452000.31943 -15.09500
2452001.31948 -18.21012
2452002.31952 -18.06085
2452003.31957 -17.36587
2452004.31961 -16.59339
2452005.31966 -17.77817
2452006.31970 -16.73077
2452007.31975 -16.37234
2452008.31980 -15.64895
2452009.31984 -15.49112
2452010.31989 -14.84227
2452011.31993 -16.19213
2452012.31998 -12.29184
2452013.32002 -13.69908
2452014.32007 -12.31509
2452015.32011 -12.30419
2452016.32016 -9.81663
2452017.32021 -10.40082
2452018.32025 -9.01413
2452019.32030 -8.99238
2452020.32034 -9.85717
2452021.32039 -9.04710
2452022.32043 -8.69066
2452023.32048 -10.15157
2452024.32053 -7.80852
2452025.32057 -8.11280
2452026.32062 -8.30748
2452027.32066 -9.88207
2452028.32071 -10.61350
2452029.32075 -11.89804
2452030.32080 -9.66503
2452031.32085 -11.62770
2452032.32089 -9.70367
2452033.32094 -14.28043
2452034.32098 -16.32937
2452035.32103 -15.67447
2452036.32107 -14.27176
2452037.32112 -17.03494
2452038.32116 -17.81532
2452039.32121 -14.07474
2452040.32126 -16.86891
2452041.32130 -15.96973
2452042.32135 -19.60962
2452043.32139 -18.55113
2452044.32144 -16.44247
2452045.32148 -16.65213
2452046.32153 -13.44674
2452047.32158 -18.17614
2452048.32162 -16.19464
2452049.32167 -15.47281
2452050.32171 -15.08243
2452051.32176 -15.06833
2452052.32180 -14.61969
2452053.32185 -12.90366
2452054.32189 -14.11820
2452055.32194 -11.53381
2452056.32199 -13.34944
2452057.32203 -13.74504
2452058.32208 -9.39835
2452059.32212 -11.08680
2452060.32217 -11.77109
2452061.32221 -9.83194
2452062.32226 -10.75176
2452063.32231 -8.37394
2452064.32235 -10.10110
2452065.32240 -9.05195
2452066.32244 -8.73793
2452067.32249 -9.95694
2452068.32253 -10.13866
2452069.32258 -9.54580
2452070.32262 -10.48847
2452071.32267 -11.87958
2452072.32272 -12.81298
2452073.32276 -12.04591
2452074.32281 -12.48411
2452075.32285 -12.39703
2452076.32290 -12.40910
2452077.32294 -16.05717
2452078.32299 -15.38681
2452079.32304 -15.21588
2452080.32308 -17.30205
2452081.32313 -18.05860
2452082.32317 -15.92645
2452083.32322 -18.17392
2452084.32326 -21.35717
2452085.32331 -17.34239
2452086.32335 -13.94468
2452087.32340 -16.66470
2452088.32345 -15.54656
2452089.32349 -18.61228
2452090.32354 -18.95310
2452091.32358 -15.38390
2452092.32363 -16.48953
2452093.32367 -16.80664
2452094.32372 -14.19544
2452095.32377 -14.56393
2452096.32381 -13.52788
2452097.32386 -15.62502
2452098.32390 -11.75664
2452099.32395 -11.90615
2452100.32399 -11.11892
2452101.32404 -13.63521
2452102.32409 -11.34120
2452103.32413 -11.71261
2452104.32418 -10.45102
2452105.32422 -10.22811
2452106.32427 -9.14675
2452107.32431 -8.68283
2452108.32436 -8.69288
2452109.32440 -8.77753
2452110.32445 -12.03753
2452111.32450 -10.68319
2452112.32454 -11.62037
2452113.32459 -11.00979
2452114.32463 -13.13650
2452115.32468 -13.33586
2452116.32472 -12.53103
2452117.32477 -11.06053
2452118.32482 -11.93933
2452119.32486 -13.83633
2452305.33335 -15.58301
2452306.33339 -17.65328
2452307.33344 -12.37790
2452308.33349 -10.86712
2452309.33353 -15.92445
2452310.33358 -13.36940
2452311.33362 -11.23560
2452312.33367 -10.37483
2452313.33371 -13.38718
2452314.33376 -13.37316
2452315.33380 -10.19546
2452316.33385 -10.73837
2452317.33390 -8.28089
2452318.33394 -11.39107
2452319.33399 -11.80858
2452320.33403 -9.56424
2452321.33408 -9.79595
2452322.33412 -11.89133
2452323.33417 -12.70327
2452324.33422 -12.05654
2452325.33426 -12.81438
2452326.33431 -12.07140
2452327.33435 -10.52399
2452328.33440 -15.01251
2452329.33444 -15.65440
2452330.33449 -16.01749
2452331.33454 -15.87289
2452332.33458 -17.78893
2452333.33463 -18.91339
2452334.33467 -18.78660
2452335.33472 -17.86010
2452336.33476 -14.69912
2452337.33481 -16.95681
2452338.33485 -19.56133
2452339.33490 -15.31926
2452340.33495 -17.95158
2452341.33499 -17.78431
2452342.33504 -22.42052
2452343.33508 -16.05071
2452344.33513 -18.40533
2452345.33517 -15.11757
2452346.33522 -15.69210
2452347.33527 -15.97658
2452348.33531 -14.66444
2452349.33536 -13.64889
2452350.33540 -14.79216
2452351.33545 -16.47742
2452352.33549 -15.16112
2452353.33554 -12.63082
2452354.33558 -12.08297
2452355.33563 -10.62200
2452356.33568 -12.10549
2452357.33572 -12.89909
2452358.33577 -10.13524
2452359.33581 -10.45017
2452360.33586 -9.03815
2452361.33590 -9.81497
2452362.33595 -9.68594
2452363.33600 -12.53442
2452364.33604 -10.60540
2452365.33609 -10.68045
2452366.33613 -12.48252
2452367.33618 -11.92438
2452368.33622 -12.89224
2452369.33627 -11.65258
2452370.33631 -14.86187
2452371.33636 -15.27986
2452372.33641 -13.27454
2452373.33645 -17.15682
2452374.33650 -17.64991
2452375.33654 -17.69002
2452376.33659 -16.53769
2452377.33663 -15.18395
2452378.33668 -16.09566
2452379.33673 -18.57207
2452380.33677 -16.12714
2452381.33682 -18.52549
2452382.33686 -19.89867
2452383.33691 -14.75880
2452384.33695 -19.22815
2452385.33700 -17.08342
2452386.33704 -16.52167
2452387.33709 -15.44270
2452388.33714 -17.76893
2452389.33718 -16.25327
2452390.33723 -10.94493
2452391.33727 -15.70058
2452392.33732 -12.05628
2452393.33736 -10.99197
2452394.33741 -12.56700
2452395.33746 -12.09178
2452396.33750 -14.81086
2452397.33755 -10.52014
2452398.33759 -10.87545
2452399.33764 -9.61113
2452400.33768 -11.75360
2452401.33773 -9.69895
2452402.33777 -9.76950
2452403.33782 -10.52312
2452404.33787 -9.35119
2452405.33791 -11.55131
2452406.33796 -10.33286
2452407.33800 -10.85385
2452408.33805 -10.07687
2452409.33809 -8.15668
2452410.33814 -12.10995
2452411.33819 -12.92523
2452412.33823 -14.48046
2452413.33828 -15.05562
2452414.33832 -14.84772
2452415.33837 -13.34562
2452416.33841 -14.73024
2452417.33846 -17.36645
2452418.33851 -13.06010
2452419.33855 -18.46645
2452420.33860 -23.22504
2452421.33864 -18.50201
2452422.33869 -17.05683
2452423.33873 -15.09322
2452424.33878 -17.93239
2452425.33882 -13.73867
2452426.33887 -16.81113
2452427.33892 -19.97419
2452428.33896 -20.73513
2452429.33901 -15.33823
2452430.33905 -15.00640
2452431.33910 -14.52534
2452432.33914 -11.87353
2452433.33919 -15.47723
2452434.33924 -14.54421
2452435.33928 -15.05646
2452436.33933 -11.60173
2452437.33937 -11.65477
2452438.33942 -11.54262
2452439.33946 -10.64898
2452440.33951 -10.12662
2452441.33955 -10.20158
2452442.33960 -10.15248
2452443.33965 -10.51771
2452444.33969 -12.45110
2452445.33974 -10.72542
2452446.33978 -8.03776
2452447.33983 -9.74273
2452448.33987 -9.17096
2452449.33992 -10.75219
2452450.33997 -10.05648
2452451.34001 -13.64158
2452452.34006 -13.29509
2452453.34010 -11.26152
2452454.34015 -12.67507
2452455.34019 -13.38142
2452456.34024 -15.06950
2452457.34028 -14.25935
2452458.34033 -13.79326
2452459.34038 -12.82006
2452460.34042 -13.20481
2452461.34047 -14.98048
2452462.34051 -18.61902
2452463.34056 -18.10944
2452464.34060 -15.61572
2452465.34065 -16.21792
2452466.34070 -19.27501
2452467.34074 -18.73083
2452468.34079 -15.75374
2452469.34083 -18.20977
2452470.34088 -15.09427
2452471.34092 -16.38400
2452472.34097 -16.54574
2452473.34101 -12.52075
2452474.34106 -17.11269
2452475.34111 -12.34587
2452476.34115 -13.24199
2452477.34120 -13.86188
2452478.34124 -12.70941
2452479.34129 -12.53265
2452480.34133 -12.07189
2452481.34138 -9.89759
2452482.34143 -9.71097
2452483.34147 -9.96441
2452484.34152 -8.63862
2452670.35000 -14.62220
2452671.35005 -15.85668
2452672.35010 -12.81690
2452673.35014 -16.75207
2452674.35019 -13.94039
2452675.35023 -12.97491
2452676.35028 -12.33217
2452677.35032 -13.00362
2452678.35037 -16.38775
2452679.35042 -14.81591
2452680.35046 -15.37194
2452681.35051 -11.25276
2452682.35055 -12.49913
2452683.35060 -8.35555
2452684.35064 -11.71360
2452685.35069 -11.35891
2452686.35073 -9.54598
2452687.35078 -10.55343
2452688.35083 -8.21649
2452689.35087 -8.14118
2452690.35092 -8.56299
2452691.35096 -8.05703
2452692.35101 -6.63544
2452693.35105 -7.02735
2452694.35110 -6.35566
2452695.35115 -6.48944
2452696.35119 -6.52000
2452697.35124 -5.95908
2452698.35128 -6.22487
2452699.35133 -6.53091
2452700.35137 -5.07028
2452701.35142 -6.81283
2452702.35146 -6.41314
2452703.35151 -7.65191
2452704.35156 -6.94766
2452705.35160 -8.99418
2452706.35165 -10.44300
2452707.35169 -9.02337
2452708.35174 -9.33992
2452709.35178 -9.81859
2452710.35183 -11.26970
2452711.35188 -11.68298
2452712.35192 -12.61952
2452713.35197 -10.93469
2452714.35201 -10.59164
2452715.35206 -11.12629
2452716.35210 -14.58025
2452717.35215 -15.14155
2452718.35219 -14.65221
2452719.35224 -12.27791
2452720.35229 -15.65205
2452721.35233 -13.13968
2452722.35238 -14.14525
2452723.35242 -13.56808
2452724.35247 -14.07935
2452725.35251 -10.41224
2452726.35256 -9.86104
2452727.35261 -10.17476
2452728.35265 -10.88013
2452729.35270 -9.24583
2452730.35274 -9.44029
2452731.35279 -7.52507
2452732.35283 -8.07497
2452733.35288 -5.77803
2452734.35293 -7.60478
2452735.35297 -6.21982
2452736.35302 -5.68345
2452737.35306 -4.87580
2452738.35311 -5.89085
2452739.35315 -4.97416
2452740.35320 -4.99173
2452741.35324 -5.23826
2452742.35329 -4.61758
2452743.35334 -5.33814
2452744.35338 -4.89610
2452745.35343 -6.49597
2452746.35347 -5.51221
2452747.35352 -6.85571
2452748.35356 -6.50072
2452749.35361 -8.84514
2452750.35366 -8.14766
2452751.35370 -9.85272
2452752.35375 -9.97119
2452753.35379 -12.12862
2452754.35384 -10.07076
2452755.35388 -12.90631
2452756.35393 -9.60394
2452757.35397 -10.85991
2452758.35402 -11.64689
2452759.35407 -12.24842
2452760.35411 -12.46093
2452761.35416 -12.89621
2452762.35420 -12.58409
2452763.35425 -13.31288
2452764.35429 -11.48389
2452765.35434 -11.92493
2452766.35439 -10.76177
2452767.35443 -10.15213
2452768.35448 -10.09367
2452769.35452 -10.89470
2452770.35457 -8.32524
2452771.35461 -7.41796
2452772.35466 -6.52617
2452773.35470 -8.50012
2452774.35475 -5.83037
2452775.35480 -6.39291
2452776.35484 -5.61054
2452777.35489 -4.64928
2452778.35493 -5.30963
2452779.35498 -4.76835
2452780.35502 -3.89486
2452781.35507 -4.07202
2452782.35512 -3.85316
2452783.35516 -3.80087
2452784.35521 -4.28187
2452785.35525 -4.77726
2452786.35530 -5.75091
2452787.35534 -4.19110
2452788.35539 -5.48350
2452789.35543 -4.84147
2452790.35548 -6.79093
2452791.35553 -5.54489
2452792.35557 -7.72399
2452793.35562 -7.81669
2452794.35566 -8.83391
2452795.35571 -11.30228
2452796.35575 -11.71111
2452797.35580 -8.90549
2452798.35585 -12.29286
2452799.35589 -10.99830
2452800.35594 -11.01711
2452801.35598 -10.98141
2452802.35603 -9.53661
2452803.35607 -12.14170
2452804.35612 -12.61486
2452805.35617 -11.41502
2452806.35621 -11.75635
2452807.35626 -10.63440
2452808.35630 -11.54423
2452809.35635 -9.81952
2452810.35639 -9.29370
2452811.35644 -8.64406
2452812.35648 -8.55730
2452813.35653 -7.42274
2452814.35658 -7.09206
2452815.35662 -5.17621
2452816.35667 -6.29652
2452817.35671 -4.18402
2452818.35676 -5.24827
2452819.35680 -4.43554
2452820.35685 -3.33361
2452821.35690 -3.78651
2452822.35694 -3.14815
2452823.35699 -2.92495
2452824.35703 -2.93786
2452825.35708 -2.86514
2452826.35712 -3.01038
2452827.35717 -3.41177
2452828.35721 -3.56620
2452829.35726 -4.06784
2452830.35731 -5.14110
2452831.35735 -4.46719
2452832.35740 -6.06504
2452833.35744 -6.11364
2452834.35749 -7.31794
2452835.35753 -6.91048
2452836.35758 -6.30801
2452837.35763 -9.66007
2452838.35767 -8.04310
2452839.35772 -9.61807
2452840.35776 -8.56792
2452841.35781 -8.58489
2452842.35785 -9.99537
2452843.35790 -12.47171
2452844.35794 -9.55819
2452845.35799 -12.15224
2452846.35804 -10.96725
2452847.35808 -9.76075
2452848.35813 -9.55403
2452849.35817 -11.31630
2453036.36671 2.33604
2453037.36675 2.25942
2453038.36680 2.25774
2453039.36684 1.77939
2453040.36689 1.27416
2453041.36693 0.93288
2453042.36698 0.55138
2453043.36703 -0.05509
2453044.36707 -0.62593
2453045.36712 -1.22332
2453046.36716 -1.98868
2453047.36721 -2.28583
2453048.36725 -2.53347
2453049.36730 -3.31625
2453050.36735 -4.49879
2453051.36739 -4.45839
2453052.36744 -3.88979
2453053.36748 -4.08428
2453054.36753 -4.74855
2453055.36757 -4.76792
2453056.36762 -5.14654
2453057.36766 -4.47177
2453058.36771 -4.33533
2453059.36776 -4.52986
2453060.36780 -3.23267
2453061.36785 -3.76567
2453062.36789 -3.26917
2453063.36794 -2.61847
2453064.36798 -2.20912
2453065.36803 -1.62525
2453066.36808 -0.86147
2453067.36812 -0.17991
2453068.36817 0.40670
2453069.36821 1.01637
2453070.36826 1.60124
2453071.36830 1.96780
2453072.36835 2.71476
2453073.36839 2.84597
2453074.36844 3.69248
2453075.36849 3.84775
2453076.36853 3.26134
2453077.36858 3.77990
2453078.36862 3.22026
2453079.36867 3.71862
2453080.36871 3.17029
2453081.36876 2.75173
2453082.36881 2.41391
2453083.36885 2.16223
2453084.36890 1.92614
2453085.36894 1.08329
2453086.36899 0.60573
2453087.36903 0.08838
2453088.36908 -0.51139
2453089.36912 -1.00562
2453090.36917 -1.63081
2453091.36922 -2.41067
2453092.36926 -2.21771
2453093.36931 -2.72690
2453094.36935 -3.27171
2453095.36940 -3.55407
2453096.36944 -4.03471
2453097.36949 -3.60340
2453098.36954 -4.50455
2453099.36958 -3.41627
2453100.36963 -3.56682
2453101.36967 -3.00295
2453102.36972 -2.74108
2453103.36976 -2.95013
2453104.36981 -1.83933
2453105.36985 -1.37822
2453106.36990 -1.04060
2453107.36995 -0.37983
2453108.36999 0.23957
2453109.37004 0.93432
2453110.37008 1.47122
2453111.37013 1.87933
2453112.37017 2.38022
2453113.37022 3.31946
2453114.37027 3.84105
2453115.37031 3.74228
2453116.37036 4.14634
2453117.37040 4.45828
2453118.37045 5.15427
2453119.37049 4.55754
2453120.37054 5.16541
2453121.37059 4.88321
2453122.37063 4.49758
2453123.37068 3.44562
2453124.37072 4.55524
2453125.37077 3.24566
2453126.37081 2.67123
2453127.37086 2.07851
2453128.37090 1.95154
2453129.37095 1.45604
2453130.37100 0.73566
2453131.37104 0.21174
2453132.37109 -0.31868
2453133.37113 -0.80845
2453134.37118 -1.01679
2453135.37122 -1.87977
2453136.37127 -2.37601
2453137.37132 -2.39798
2453138.37136 -2.66781
2453139.37141 -2.26020
2453140.37145 -2.66397
2453141.37150 -2.77109
2453142.37154 -2.76100
2453143.37159 -2.35483
2453144.37163 -1.77194
2453145.37168 -1.47924
2453146.37173 -1.08251
2453147.37177 -0.46187
2453148.37182 0.11168
2453149.37186 0.65284
2453150.37191 1.18222
2453151.37195 2.11541
2453152.37200 2.55947
2453153.37205 3.54655
2453154.37209 3.91476
2453155.37214 4.24391
2453156.37218 4.75831
2453157.37223 4.88453
2453158.37227 6.16817
2453159.37232 6.14556
2453160.37236 6.00676
2453161.37241 6.51655
2453162.37246 5.46889
2453163.37250 5.91012
2453164.37255 5.16655
2453165.37259 4.73125
2453166.37264 5.20415
2453167.37268 5.51963
2453168.37273 3.72386
2453169.37278 3.43382
2453170.37282 2.74836
2453171.37287 2.63484
2453172.37291 1.54978
2453173.37296 1.30572
2453174.37300 0.91160
2453175.37305 0.34025
2453176.37309 -0.08854
2453177.37314 -0.58664
2453178.37319 -1.01494
2453179.37323 -1.31122
2453180.37328 -1.48053
2453181.37332 -1.45208
2453182.37337 -1.49176
2453183.37341 -1.31026
2453184.37346 -1.49654
2453185.37351 -1.01128
2453186.37355 -0.86081
2453187.37360 -0.37929
2453188.37364 0.11605
2453189.37369 0.70619
2453190.37373 1.21588
2453191.37378 1.74885
2453192.37382 2.55471
2453193.37387 2.91210
2453194.37392 3.72182
2453195.37396 4.86665
2453196.37401 5.50980
2453197.37405 6.39920
2453198.37410 6.47848
2453199.37414 5.67633
2453200.37419 6.82438
2453201.37424 7.56613
2453202.37428 6.49511
2453203.37433 6.91710
2453204.37437 6.89029
2453205.37442 6.85852
2453206.37446 7.33821
2453207.37451 5.67875
2453208.37456 6.03897
2453209.37460 5.08025
2453210.37465 4.78701
2453211.37469 5.18818
2453212.37474 4.84042
2453213.37478 3.95310
2453214.37483 3.18152
2453215.37487 2.91412
2453401.38336 6.51336
2453402.38341 6.80259
2453403.38345 8.50242
2453404.38350 8.21194
2453405.38354 9.56568
2453406.38359 9.28925
2453407.38364 8.16067
2453408.38368 11.10331
2453409.38373 11.64204
2453410.38377 10.32544
2453411.38382 11.06616
2453412.38386 11.77318
2453413.38391 13.24533
2453414.38396 12.94796
2453415.38400 12.15335
2453416.38405 12.76961
2453417.38409 12.09777
2453418.38414 10.56609
2453419.38418 10.91432
2453420.38423 10.97652
2453421.38427 8.18742
2453422.38432 10.50445
2453423.38437 10.26722
2453424.38441 8.69292
2453425.38446 8.31691
2453426.38450 8.38575
2453427.38455 7.75124
2453428.38459 5.33355
2453429.38464 6.53527
2453430.38469 5.36885
2453431.38473 5.64906
2453432.38478 5.00955
2453433.38482 5.63289
2453434.38487 4.44169
2453435.38491 5.26636
2453436.38496 4.65226
2453437.38501 4.32979
2453438.38505 5.01281
2453439.38510 5.75925
2453440.38514 5.88698
2453441.38519 7.02608
2453442.38523 7.02791
2453443.38528 7.18780
2453444.38532 8.22886
2453445.38537 9.11652
2453446.38542 8.15348
2453447.38546 9.38310
2453448.38551 10.10736
2453449.38555 10.93011
2453450.38560 12.62099
2453451.38564 11.27633
2453452.38569 12.89587
2453453.38574 12.61804
2453454.38578 13.49980
2453455.38583 14.12389
2453456.38587 12.94629
2453457.38592 13.31830
2453458.38596 16.95579
2453459.38601 12.39918
2453460.38605 14.48604
2453461.38610 11.37830
2453462.38615 10.68127
2453463.38619 9.85220
2453464.38624 10.50859
2453465.38628 11.81848
2453466.38633 8.40197
2453467.38637 9.68134
2453468.38642 7.48249
2453469.38647 7.82557
2453470.38651 6.51740
2453471.38656 6.25260
2453472.38660 6.69596
2453473.38665 6.98429
2453474.38669 6.28686
2453475.38674 5.13318
2453476.38678 5.61120
2453477.38683 6.07562
2453478.38688 6.13013
2453479.38692 6.49059
2453480.38697 6.81973
2453481.38701 5.70871
2453482.38706 7.07812
2453483.38710 5.96472
2453484.38715 7.82229
2453485.38720 7.08711
2453486.38724 9.81071
2453487.38729 9.26838
2453488.38733 9.08244
2453489.38738 10.47289
2453490.38742 10.94873
2453491.38747 12.33543
2453492.38751 11.84418
2453493.38756 13.51235
2453494.38761 14.00076
2453495.38765 16.08789
2453496.38770 14.31957
2453497.38774 13.67882
2453498.38779 14.85518
2453499.38783 16.42625
2453500.38788 11.78608
2453501.38793 15.21832
2453502.38797 12.04817
2453503.38802 14.94721
2453504.38806 13.33135
2453505.38811 12.52962
2453506.38815 14.08600
2453507.38820 11.11062
2453508.38824 10.76278
2453509.38829 10.31918
2453510.38834 9.28064
2453511.38838 10.14447
2453512.38843 10.21845
2453513.38847 8.94009
2453514.38852 7.47481
2453515.38856 6.43651
2453516.38861 6.53762
2453517.38866 7.77590
2453518.38870 5.23980
2453519.38875 6.95143
2453520.38879 6.54593
2453521.38884 6.08834
2453522.38888 7.37491
2453523.38893 7.30029
2453524.38898 7.12564
2453525.38902 8.20095
2453526.38907 9.31108
2453527.38911 10.34260
2453528.38916 10.31903
2453529.38920 11.01797
2453530.38925 10.00491
2453531.38929 11.50185
2453532.38934 11.36608
2453533.38939 12.21760
2453534.38943 12.86974
2453535.38948 13.53076
2453536.38952 13.57465
2453537.38957 14.44479
2453538.38961 13.87111
2453539.38966 15.43053
2453540.38971 14.81227
2453541.38975 15.19979
2453542.38980 15.89591
2453543.38984 13.14658
2453544.38989 17.63847
2453545.38993 16.14729
2453546.38998 14.46185
2453547.39002 12.52334
2453548.39007 13.41836
2453549.39012 13.42636
2453550.39016 11.23660
2453551.39021 9.82354
2453552.39025 10.10690
2453553.39030 11.23454
2453554.39034 8.32569
2453555.39039 9.75529
2453556.39044 8.13721
2453557.39048 8.07382
2453558.39053 7.59889
2453559.39057 7.96964
2453560.39062 8.36281
2453561.39066 8.21382
2453562.39071 7.90785
2453563.39075 6.53669
2453564.39080 7.53501
2453565.39085 7.73254
2453566.39089 8.55467
2453567.39094 7.66206
2453568.39098 9.58362
2453569.39103 9.39316
2453570.39107 7.99881
2453571.39112 10.37538
2453572.39117 12.18374
2453573.39121 12.58012
2453574.39126 11.42139
2453575.39130 11.40978
2453576.39135 15.75763
2453577.39139 15.45351
2453578.39144 15.24211
2453579.39148 15.66016
2453580.39153 12.97870
2453766.40002 9.80028
2453767.40006 9.21380
2453768.40011 10.08323
2453769.40016 9.14889
2453770.40020 11.46917
2453771.40025 13.16283
2453772.40029 9.84163
2453773.40034 9.17704
2453774.40038 10.97123
2453775.40043 11.29373
2453776.40047 8.10043
2453777.40052 12.70860
2453778.40057 11.00668
2453779.40061 11.30330
2453780.40066 11.66363
2453781.40070 12.28637
2453782.40075 13.93573
2453783.40079 14.72573
2453784.40084 15.20928
2453785.40089 13.67533
2453786.40093 15.64494
2453787.40098 18.23903
2453788.40102 15.78994
2453789.40107 16.62174
2453790.40111 15.91251
2453791.40116 19.49375
2453792.40120 19.55441
2453793.40125 17.10868
2453794.40130 17.61948
2453795.40134 22.15156
2453796.40139 18.56606
2453797.40143 15.62077
2453798.40148 17.76743
2453799.40152 14.18957
2453800.40157 15.05489
2453801.40162 15.96155
2453802.40166 14.48371
2453803.40171 14.47352
2453804.40175 15.40713
2453805.40180 14.01955
2453806.40184 11.54913
2453807.40189 10.73340
2453808.40193 9.42078
2453809.40198 10.67924
2453810.40203 8.21854
2453811.40207 8.36598
2453812.40212 10.54063
2453813.40216 10.50481
2453814.40221 10.45708
2453815.40225 12.01138
2453816.40230 8.67135
2453817.40235 9.67161
2453818.40239 10.29818
2453819.40244 11.14231
2453820.40248 12.16518
2453821.40253 13.00107
2453822.40257 12.42077
2453823.40262 12.15594
2453824.40266 15.34189
2453825.40271 13.42444
2453826.40276 11.29619
2453827.40280 13.90278
2453828.40285 16.06304
2453829.40289 17.50015
2453830.40294 19.08368
2453831.40298 17.51251
2453832.40303 15.69274
2453833.40308 18.58628
2453834.40312 18.71848
2453835.40317 17.84061
2453836.40321 19.43649
2453837.40326 17.24308
2453838.40330 17.64391
2453839.40335 13.95055
2453840.40340 17.44657
2453841.40344 17.44555
2453842.40349 17.73317
2453843.40353 13.82698
2453844.40358 14.01713
2453845.40362 15.84781
2453846.40367 13.39418
2453847.40371 13.78259
2453848.40376 15.02102
2453849.40381 12.11745
2453850.40385 12.73157
2453851.40390 11.79533
2453852.40394 11.50666
2453853.40399 9.50785
2453854.40403 12.70843
2453855.40408 11.06604
2453856.40413 12.17859
2453857.40417 10.35570
2453858.40422 10.57859
2453859.40426 10.35768
2453860.40431 9.82108
2453861.40435 9.84689
2453862.40440 10.76763
2453863.40444 11.30956
2453864.40449 12.12461
2453865.40454 10.10192
2453866.40458 15.20690
2453867.40463 14.46679
2453868.40467 13.26604
2453869.40472 15.19093
2453870.40476 18.36713
2453871.40481 17.01417
2453872.40486 14.42391
2453873.40490 19.52175
2453874.40495 16.32864
2453875.40499 19.08316
2453876.40504 16.86175
2453877.40508 16.72705
2453878.40513 17.03243
2453879.40517 17.32948
2453880.40522 18.44005
2453881.40527 17.34707
2453882.40531 17.45271
2453883.40536 15.68021
2453884.40540 16.27289
2453885.40545 15.16082
2453886.40549 13.30712
2453887.40554 15.92781
2453888.40559 12.80674
2453889.40563 14.41375
2453890.40568 13.09297
2453891.40572 12.76335
2453892.40577 12.97195
2453893.40581 11.47651
2453894.40586 11.74151
2453895.40590 11.41159
2453896.40595 11.76763
2453897.40600 10.81437
2453898.40604 10.26855
2453899.40609 10.72864
2453900.40613 10.63554
2453901.40618 10.62178
2453902.40622 12.96925
2453903.40627 13.73058
2453904.40632 13.41977
2453905.40636 12.54929
2453906.40641 14.39102
2453907.40645 12.83387
2453908.40650 12.84372
2453909.40654 17.64713
2453910.40659 15.03469
2453911.40664 18.19091
2453912.40668 18.33578
2453913.40673 13.24798
2453914.40677 17.11161
2453915.40682 19.83936
2453916.40686 17.56514
2453917.40691 21.10791
2453918.40695 19.07806
2453919.40700 16.17520
2453920.40705 17.18853
2453921.40709 17.53418
2453922.40714 19.76385
2453923.40718 15.72531
2453924.40723 17.01860
2453925.40727 17.29525
2453926.40732 17.21818
2453927.40737 15.48144
2453928.40741 17.22817
2453929.40746 17.97365
2453930.40750 15.18679
2453931.40755 13.84759
2453932.40759 14.98556
2453933.40764 15.36291
2453934.40768 9.95106
2453935.40773 9.52743
2453936.40778 11.49273
2453937.40782 11.02371
2453938.40787 9.39377
2453939.40791 11.29909
2453940.40796 9.98952
2453941.40800 10.37230
2453942.40805 11.04164
2453943.40810 9.53073
2453944.40814 9.78558
2453945.40819 10.66531
2454131.41667 19.46073
2454132.41672 15.04262
2454133.41677 15.90370
2454134.41681 18.23169
2454135.41686 19.84970
2454136.41690 15.85133
2454137.41695 12.72806
2454138.41699 15.33155
2454139.41704 18.45838
2454140.41708 15.79001
2454141.41713 13.94782
2454142.41718 12.02182
2454143.41722 13.92325
2454144.41727 12.08567
2454145.41731 10.92764
2454146.41736 10.21235
2454147.41740 10.80444
2454148.41745 7.40645
2454149.41750 8.93954
2454150.41754 7.63182
2454151.41759 11.03852
2454152.41763 8.71049
2454153.41768 8.97728
2454154.41772 9.67528
2454155.41777 9.10222
2454156.41782 8.29012
2454157.41786 11.30405
2454158.41791 10.89859
2454159.41795 9.93895
2454160.41800 12.71236
2454161.41804 12.68599
2454162.41809 14.98374
2454163.41813 13.56477
2454164.41818 12.91963
2454165.41823 12.68621
2454166.41827 15.20759
2454167.41832 17.21442
2454168.41836 15.96585
2454169.41841 17.57977
2454170.41845 14.54310
2454171.41850 19.00989
2454172.41855 18.14082
2454173.41859 18.01431
2454174.41864 15.68782
2454175.41868 18.41433
2454176.41873 14.32740
2454177.41877 16.37270
2454178.41882 15.64355
2454179.41886 14.96680
2454180.41891 13.64107
2454181.41896 12.59436
2454182.41900 11.11500
2454183.41905 13.60177
2454184.41909 10.61692
2454185.41914 13.00230
2454186.41918 11.95892
2454187.41923 9.34924
2454188.41928 9.91308
2454189.41932 8.98280
2454190.41937 8.42944
2454191.41941 9.28072
2454192.41946 8.24914
2454193.41950 8.80277
2454194.41955 6.66757
2454195.41959 8.26530
2454196.41964 8.16526
2454197.41969 8.64463
2454198.41973 10.04715
2454199.41978 7.68083
2454200.41982 9.82036
2454201.41987 10.90258
2454202.41991 11.38609
2454203.41996 9.84067
2454204.42001 12.48242
2454205.42005 12.04321
2454206.42010 12.78442
2454207.42014 14.45754
2454208.42019 14.17890
2454209.42023 15.09829
2454210.42028 14.20099
2454211.42032 13.53655
2454212.42037 16.19080
2454213.42042 15.07465
2454214.42046 15.09922
2454215.42051 16.54580
2454216.42055 13.60344
2454217.42060 17.21902
2454218.42064 16.48977
2454219.42069 14.37062
2454220.42074 14.35766
2454221.42078 13.28421
2454222.42083 13.44514
2454223.42087 12.54350
2454224.42092 11.98619
2454225.42096 11.47159
2454226.42101 11.95031
2454227.42106 10.66248
2454228.42110 8.83936
2454229.42115 10.23799
2454230.42119 8.67479
2454231.42124 9.02435
2454232.42128 9.36339
2454233.42133 8.94227
2454234.42137 8.19921
2454235.42142 6.49077
2454236.42147 7.33181
2454237.42151 9.50380
2454238.42156 6.19971
2454239.42160 8.71680
2454240.42165 8.50943
2454241.42169 7.85657
2454242.42174 10.18935
2454243.42179 9.65485
2454244.42183 10.97712
2454245.42188 9.39067
2454246.42192 11.88843
2454247.42197 12.34378
2454248.42201 10.60914
2454249.42206 12.60893
2454250.42210 11.98389
2454251.42215 13.84891
2454252.42220 15.76081
2454253.42224 14.11164
2454254.42229 16.34220
2454255.42233 14.41369
2454256.42238 17.39889
2454257.42242 15.12121
2454258.42247 15.63987
2454259.42252 15.22855
2454260.42256 11.51370
2454261.42261 13.77061
2454262.42265 13.71006
2454263.42270 10.57711
2454264.42274 13.98955
2454265.42279 11.54152
2454266.42283 13.45518
2454267.42288 11.70489
2454268.42293 10.72364
2454269.42297 9.74539
2454270.42302 10.89513
2454271.42306 8.94862
2454272.42311 8.12487
2454273.42315 7.47818
2454274.42320 6.01227
2454275.42325 8.09269
2454276.42329 6.85164
2454277.42334 6.43920
2454278.42338 7.63539
2454279.42343 7.33511
2454280.42347 7.27372
2454281.42352 7.20901
2454282.42356 7.15104
2454283.42361 8.23744
2454284.42366 9.57494
2454285.42370 9.57247
2454286.42375 10.66732
2454287.42379 8.24041
2454288.42384 11.70243
2454289.42388 12.22789
2454290.42393 10.66114
2454291.42398 11.53204
2454292.42402 11.10710
2454293.42407 13.85688
2454294.42411 13.92846
2454295.42416 17.40030
2454296.42420 14.44363
2454297.42425 17.47559
2454298.42429 14.36204
2454299.42434 14.99498
2454300.42439 16.04350
2454301.42443 15.53124
2454302.42448 13.76469
2454303.42452 13.28566
2454304.42457 13.04977
2454305.42461 13.16058
2454306.42466 13.26970
2454307.42471 11.91227
2454308.42475 11.47079
2454309.42480 10.37231
2454310.42484 9.30538
2454497.43338 5.22113
2454498.43342 5.98988
2454499.43347 7.05609
2454500.43351 6.23585
2454501.43356 7.35407
2454502.43360 7.51483
2454503.43365 7.37114
2454504.43370 9.26700
2454505.43374 8.95663
2454506.43379 8.96468
2454507.43383 8.90118
2454508.43388 10.17413
2454509.43392 9.51283
2454510.43397 8.78589
2454511.43401 9.48882
2454512.43406 10.80774
2454513.43411 11.88432
2454514.43415 10.19618
2454515.43420 8.79040
2454516.43424 9.30222
2454517.43429 6.32607
2454518.43433 6.94893
2454519.43438 6.77854
2454520.43443 6.13890
2454521.43447 5.98250
2454522.43452 5.31416
2454523.43456 5.31271
2454524.43461 3.78142
2454525.43465 3.76001
2454526.43470 2.82795
2454527.43474 2.32445
2454528.43479 1.87044
2454529.43484 1.95577
2454530.43488 1.69245
2454531.43493 1.31783
2454532.43497 1.64911
2454533.43502 1.61404
2454534.43506 1.70538
2454535.43511 2.19161
2454536.43516 2.10903
2454537.43520 2.69226
2454538.43525 3.08582
2454539.43529 3.76784
2454540.43534 4.14923
2454541.43538 4.55238
2454542.43543 6.45878
2454543.43548 5.78435
2454544.43552 6.06783
2454545.43557 6.52432
2454546.43561 7.30165
2454547.43566 8.51100
2454548.43570 8.76496
2454549.43575 10.45121
2454550.43579 8.39928
2454551.43584 8.21528
2454552.43589 8.19769
2454553.43593 7.39535
2454554.43598 8.84695
2454555.43602 8.64471
2454556.43607 7.92584
2454557.43611 6.41092
2454558.43616 8.58718
2454559.43621 8.01464
2454560.43625 5.94466
2454561.43630 6.04114
2454562.43634 5.56279
2454563.43639 4.94388
2454564.43643 4.99471
2454565.43648 2.86357
2454566.43652 2.47759
2454567.43657 2.32588
2454568.43662 2.03272
2454569.43666 1.70616
2454570.43671 1.16378
2454571.43675 0.79846
2454572.43680 0.69179
2454573.43684 0.64559
2454574.43689 0.56924
2454575.43694 0.63163
2454576.43698 0.70425
2454577.43703 1.19755
2454578.43707 1.32358
2454579.43712 1.96699
2454580.43716 2.49583
2454581.43721 2.57989
2454582.43725 2.83650
2454583.43730 2.97492
2454584.43735 3.81328
2454585.43739 5.15533
2454586.43744 6.20083
2454587.43748 6.14352
2454588.43753 6.43592
2454589.43757 6.90412
2454590.43762 6.71812
2454591.43767 7.72313
2454592.43771 7.13055
2454593.43776 8.37594
2454594.43780 7.07566
2454595.43785 8.04040
2454596.43789 7.87181
2454597.43794 8.30669
2454598.43798 7.47444
2454599.43803 7.44008
2454600.43808 5.68070
2454601.43812 6.07271
2454602.43817 6.25045
2454603.43821 4.48525
2454604.43826 3.87513
2454605.43830 3.42057
2454606.43835 2.98019
2454607.43840 2.42810
2454608.43844 1.93153
2454609.43849 1.25276
2454610.43853 0.87616
2454611.43858 0.44368
2454612.43862 0.12315
2454613.43867 -0.17311
2454614.43871 -0.36472
2454615.43876 -0.46247
2454616.43881 -0.47238
2454617.43885 -0.42878
2454618.43890 -0.27517
2454619.43894 -0.06877
2454620.43899 0.23036
2454621.43903 0.63077
2454622.43908 1.02726
2454623.43913 1.42282
2454624.43917 2.62248
2454625.43922 2.85129
2454626.43926 3.18624
2454627.43931 4.06622
2454628.43935 4.02596
2454629.43940 5.15722
2454630.43945 4.89558
2454631.43949 5.78907
2454632.43954 5.49194
2454633.43958 7.39385
2454634.43963 6.88669
2454635.43967 6.76367
2454636.43972 6.67992
2454637.43976 7.70229
2454638.43981 6.70672
2454639.43986 6.18372
2454640.43990 6.80142
2454641.43995 6.89820
2454642.43999 5.34918
2454643.44004 4.82172
2454644.44008 4.01099
2454645.44013 4.53827
2454646.44018 3.13495
2454647.44022 2.39465
2454648.44027 2.00101
2454649.44031 1.35543
2454650.44036 0.82019
2454651.44040 0.37868
2454652.44045 -0.12672
2454653.44049 -0.62750
2454654.44054 -0.92147
2454655.44059 -1.09468
2454656.44063 -1.52881
2454657.44068 -1.68851
2454658.44072 -1.68778
2454659.44077 -1.59730
2454660.44081 -1.58993
2454661.44086 -1.46535
2454662.44091 -0.84866
2454663.44095 -0.64594
2454664.44100 -0.15325
2454665.44104 0.33531
2454666.44109 0.85533
2454667.44113 1.43629
2454668.44118 2.13285
2454669.44122 3.21504
2454670.44127 2.62616
2454671.44132 4.15324
2454672.44136 3.95732
2454673.44141 5.15421
2454674.44145 5.07589
2454675.44150 5.00308
2454676.44154 5.58568
2454862.45003 -4.64434
2454863.45008 -5.45559
2454864.45012 -5.49731
2454865.45017 -7.57983
2454866.45021 -7.15172
2454867.45026 -6.60412
2454868.45031 -7.13681
2454869.45035 -7.11709
2454870.45040 -7.01761
2454871.45044 -7.11132
2454872.45049 -6.66409
2454873.45053 -7.95691
2454874.45058 -5.74112
2454875.45063 -4.90865
2454876.45067 -4.99494
2454877.45072 -4.51369
2454878.45076 -4.69642
2454879.45081 -3.75225
2454880.45085 -3.49476
2454881.45090 -2.41165
2454882.45094 -1.69494
2454883.45099 -1.25981
2454884.45104 -1.00264
2454885.45108 -0.78079
2454886.45113 -0.45831
2454887.45117 -0.14266
2454888.45122 -0.01210
2454889.45126 0.04896
2454890.45131 0.02626
2454891.45136 -0.07646
2454892.45140 -0.24603
2454893.45145 -0.52273
2454894.45149 -0.83807
2454895.45154 -1.06453
2454896.45158 -1.85121
2454897.45163 -2.72486
2454898.45167 -3.15652
2454899.45172 -2.90007
2454900.45177 -4.99000
2454901.45181 -4.46013
2454902.45186 -6.60108
2454903.45190 -6.44228
2454904.45195 -6.99205
2454905.45199 -7.52431
2454906.45204 -8.21910
2454907.45209 -7.50905
2454908.45213 -7.43679
2454909.45218 -9.01957
2454910.45222 -8.35127
2454911.45227 -8.10857
2454912.45231 -9.19236
2454913.45236 -6.74422
2454914.45240 -8.02838
2454915.45245 -7.40370
2454916.45250 -8.40904
2454917.45254 -7.26619
2454918.45259 -6.40720
2454919.45263 -6.20621
2454920.45268 -4.16679
2454921.45272 -5.02657
2454922.45277 -3.64734
2454923.45282 -4.55403
2454924.45286 -3.42823
2454925.45291 -2.66921
2454926.45295 -2.42227
2454927.45300 -2.01817
2454928.45304 -1.54655
2454929.45309 -1.33510
2454930.45313 -1.12787
2454931.45318 -0.85908
2454932.45323 -1.05779
2454933.45327 -1.26047
2454934.45332 -1.43595
2454935.45336 -1.88316
2454936.45341 -1.68773
2454937.45345 -2.26464
2454938.45350 -2.99245
2454939.45355 -3.32956
2454940.45359 -4.18307
2454941.45364 -4.37137
2454942.45368 -5.51273
2454943.45373 -5.66769
2454944.45377 -5.86800
2454945.45382 -6.61129
2454946.45387 -7.38462
2454947.45391 -7.46233
2454948.45396 -8.94604
2454949.45400 -9.22332
2454950.45405 -9.80426
2454951.45409 -9.77802
2454952.45414 -10.25770
2454953.45418 -8.83730
2454954.45423 -9.05653
2454955.45428 -11.23355
2454956.45432 -8.40825
2454957.45437 -8.46669
2454958.45441 -8.18532
2454959.45446 -9.11793
2454960.45450 -7.27921
2454961.45455 -6.67791
2454962.45460 -6.55741
2454963.45464 -5.10418
2454964.45469 -4.89747
2454965.45473 -4.74622
2454966.45478 -4.50851
2454967.45482 -4.00266
2454968.45487 -3.81787
2454969.45491 -3.06249
2454970.45496 -2.22674
2454971.45501 -2.42740
2454972.45505 -1.92625
2454973.45510 -2.19744
2454974.45514 -1.77251
2454975.45519 -2.12896
2454976.45523 -2.36202
2454977.45528 -2.44600
2454978.45533 -2.60333
2454979.45537 -3.20192
2454980.45542 -3.90427
2454981.45546 -5.49562
2454982.45551 -5.36838
2454983.45555 -5.58115
2454984.45560 -5.70796
2454985.45564 -7.24875
2454986.45569 -6.52541
2454987.45574 -8.40688
2454988.45578 -9.14770
2454989.45583 -8.89196
2454990.45587 -9.67258
2454991.45592 -8.96254
2454992.45596 -10.49936
2454993.45601 -8.69425
2454994.45606 -10.42102
2454995.45610 -11.08647
2454996.45615 -11.74434
2454997.45619 -11.44517
2454998.45624 -10.55835
2454999.45628 -10.26502
2455000.45633 -11.54695
2455001.45637 -10.42438
2455002.45642 -9.49552
2455003.45647 -6.37479
2455004.45651 -9.57309
2455005.45656 -7.52784
2455006.45660 -6.37954
2455007.45665 -5.81279
2455008.45669 -5.13681
2455009.45674 -5.18385
2455010.45679 -5.21037
2455011.45683 -3.65241
2455012.45688 -3.49082
2455013.45692 -3.47264
2455014.45697 -3.10500
2455015.45701 -2.78661
2455016.45706 -2.82524
2455017.45711 -3.72192
2455018.45715 -3.78956
2455019.45720 -3.49025
2455020.45724 -4.01093
2455021.45729 -3.91849
2455022.45733 -4.70664
2455023.45738 -5.03522
2455024.45742 -5.77402
2455025.45747 -6.43359
2455026.45752 -6.67907
2455027.45756 -7.69592
2455028.45761 -9.03680
2455029.45765 -9.94601
2455030.45770 -10.93002
2455031.45774 -10.71096
2455032.45779 -9.73175
2455033.45784 -8.31003
2455034.45788 -11.87380
2455035.45793 -10.37679
2455036.45797 -10.18120
2455037.45802 -10.21830
2455038.45806 -13.01222
2455039.45811 -11.81484
2455040.45815 -11.96232
2455041.45820 -11.09001
2455227.46669 -8.20914
2455228.46673 -7.54522
2455229.46678 -6.87875
2455230.46682 -8.56389
2455231.46687 -8.58849
2455232.46692 -8.57756
2455233.46696 -8.79140
2455234.46701 -10.69748
2455235.46705 -9.23451
2455236.46710 -8.32561
2455237.46714 -10.77921
2455238.46719 -13.28622
2455239.46724 -12.09117
2455240.46728 -12.40343
2455241.46733 -14.70840
2455242.46737 -15.08702
2455243.46742 -13.11026
2455244.46746 -14.40715
2455245.46751 -15.77737
2455246.46755 -14.31541
2455247.46760 -14.37403
2455248.46765 -16.39630
2455249.46769 -18.47171
2455250.46774 -18.60113
2455251.46778 -18.22491
2455252.46783 -15.43958
2455253.46787 -14.14684
2455254.46792 -12.24116
2455255.46797 -13.36612
2455256.46801 -12.92030
2455257.46806 -13.30601
2455258.46810 -10.84234
2455259.46815 -10.82967
2455260.46819 -10.17051
2455261.46824 -12.07295
2455262.46829 -10.89639
2455263.46833 -9.06334
2455264.46838 -9.80994
2455265.46842 -9.39556
2455266.46847 -8.97430
2455267.46851 -8.01517
2455268.46856 -8.03594
2455269.46860 -7.72554
2455270.46865 -8.05380
2455271.46870 -7.50921
2455272.46874 -9.89759
2455273.46879 -8.54507
2455274.46883 -9.65847
2455275.46888 -9.54938
2455276.46892 -9.15689
2455277.46897 -12.15108
2455278.46902 -10.01171
2455279.46906 -12.60348
2455280.46911 -12.89645
2455281.46915 -12.97312
2455282.46920 -14.56095
2455283.46924 -13.88382
2455284.46929 -15.29802
2455285.46933 -15.65876
2455286.46938 -15.48252
2455287.46943 -16.48378
2455288.46947 -14.56790
2455289.46952 -16.52134
2455290.46956 -12.58625
2455291.46961 -17.59273
2455292.46965 -18.56430
2455293.46970 -16.14872
2455294.46975 -16.14765
2455295.46979 -16.83346
2455296.46984 -12.28695
2455297.46988 -13.19347
2455298.46993 -15.40879
2455299.46997 -12.79090
2455300.47002 -13.70680
2455301.47006 -11.72718
2455302.47011 -12.86767
2455303.47016 -11.10843
2455304.47020 -10.59334
2455305.47025 -9.94734
2455306.47029 -9.22416
2455307.47034 -8.79129
2455308.47038 -9.39095
2455309.47043 -8.96571
2455310.47048 -7.71325
2455311.47052 -8.41674
2455312.47057 -9.54283
2455313.47061 -7.57268
2455314.47066 -9.39428
2455315.47070 -8.87498
2455316.47075 -9.82943
2455317.47079 -9.29518
2455318.47084 -10.11099
2455319.47089 -11.32686
2455320.47093 -13.78211
2455321.47098 -13.89953
2455322.47102 -13.63342
2455323.47107 -14.09437
2455324.47111 -13.56358
2455325.47116 -14.57941
2455326.47121 -13.86150
2455327.47125 -13.61140
2455328.47130 -14.36781
2455329.47134 -14.81484
2455330.47139 -15.88061
2455331.47143 -13.87316
2455332.47148 -14.36805
2455333.47153 -17.89391
2455334.47157 -16.51247
2455335.47162 -17.99697
2455336.47166 -16.82723
2455337.47171 -15.76445
2455338.47175 -15.10629
2455339.47180 -12.25370
2455340.47184 -14.41195
2455341.47189 -15.96783
2455342.47194 -11.91208
2455343.47198 -10.22119
2455344.47203 -10.87478
2455345.47207 -12.13173
2455346.47212 -12.55433
2455347.47216 -9.49176
2455348.47221 -11.60108
2455349.47226 -8.72491
2455350.47230 -9.30726
2455351.47235 -9.81916
2455352.47239 -8.45952
2455353.47244 -8.82053
2455354.47248 -9.52408
2455355.47253 -9.26764
2455356.47257 -8.91914
2455357.47262 -9.42195
2455358.47267 -12.14470
2455359.47271 -11.69253
2455360.47276 -9.75526
2455361.47280 -10.57070
2455362.47285 -12.07292
2455363.47289 -13.58269
2455364.47294 -12.78999
2455365.47299 -14.29705
2455366.47303 -14.92639
2455367.47308 -15.38639
2455368.47312 -16.39353
2455369.47317 -16.48373
2455370.47321 -14.57880
2455371.47326 -16.61310
2455372.47330 -17.50667
2455373.47335 -17.40051
2455374.47340 -18.49332
2455375.47344 -19.91349
2455376.47349 -16.72662
2455377.47353 -16.56411
2455378.47358 -18.06119
2455379.47362 -16.16699
2455380.47367 -14.47892
2455381.47372 -17.07165
2455382.47376 -13.42724
2455383.47381 -17.46659
2455384.47385 -10.19842
2455385.47390 -11.95346
2455386.47394 -11.99346
2455387.47399 -11.64677
2455388.47403 -13.05767
2455389.47408 -11.02172
2455390.47413 -11.71395
2455391.47417 -11.36900
2455392.47422 -9.05544
2455393.47426 -9.72485
2455394.47431 -10.97318
2455395.47435 -9.72874
2455396.47440 -9.36625
2455397.47445 -10.08108
2455398.47449 -9.22281
2455399.47454 -9.62187
2455400.47458 -8.44442
2455401.47463 -9.96350
2455402.47467 -11.52812
2455403.47472 -11.48705
2455404.47476 -13.77879
2455405.47481 -13.74425
2455406.47486 -14.18922
2455592.48334 -17.68710
2455593.48339 -12.65144
2455594.48344 -14.22923
2455595.48348 -13.95746
2455596.48353 -14.40175
2455597.48357 -13.79331
2455598.48362 -12.05571
2455599.48366 -11.69666
2455600.48371 -10.58043
2455601.48375 -11.13019
2455602.48380 -9.01842
2455603.48385 -10.29463
2455604.48389 -11.29133
2455605.48394 -10.23072
2455606.48398 -9.34435
2455607.48403 -10.53398
2455608.48407 -10.08947
2455609.48412 -12.45230
2455610.48417 -8.82019
2455611.48421 -6.76752
2455612.48426 -10.59683
2455613.48430 -13.14146
2455614.48435 -12.70540
2455615.48439 -12.49451
2455616.48444 -14.96965
2455617.48448 -12.75123
2455618.48453 -15.83414
2455619.48458 -17.52696
2455620.48462 -17.19202
2455621.48467 -16.82162
2455622.48471 -14.50117
2455623.48476 -19.22896
2455624.48480 -16.28355
2455625.48485 -17.48107
2455626.48490 -16.68319
2455627.48494 -17.89071
2455628.48499 -18.36784
2455629.48503 -18.83845
2455630.48508 -16.91149
2455631.48512 -23.57161
2455632.48517 -17.01845
2455633.48521 -13.95166
2455634.48526 -13.27881
2455635.48531 -13.53797
2455636.48535 -15.36269
2455637.48540 -15.43998
2455638.48544 -14.26418
2455639.48549 -13.63905
2455640.48553 -12.98178
2455641.48558 -14.95397
2455642.48563 -9.89130
2455643.48567 -10.71281
2455644.48572 -12.18011
2455645.48576 -13.12137
2455646.48581 -9.02491
2455647.48585 -9.80343
2455648.48590 -10.88769
2455649.48595 -11.04618
2455650.48599 -9.97162
2455651.48604 -11.03415
2455652.48608 -9.82146
2455653.48613 -10.53054
2455654.48617 -9.35468
2455655.48622 -8.99442
2455656.48626 -11.51913
2455657.48631 -12.61126
2455658.48636 -11.55003
2455659.48640 -12.65231
2455660.48645 -11.32326
2455661.48649 -14.71206
2455662.48654 -15.11941
2455663.48658 -13.14841
2455664.48663 -16.82381
2455665.48668 -16.69705
2455666.48672 -17.54878
2455667.48677 -19.84778
2455668.48681 -19.01823
2455669.48686 -18.32141
2455670.48690 -18.89090
2455671.48695 -16.24023
2455672.48699 -18.13087
2455673.48704 -14.83907
2455674.48709 -14.47881
2455675.48713 -15.47177
2455676.48718 -16.34473
2455677.48722 -12.37712
2455678.48727 -16.75098
2455679.48731 -15.82058
2455680.48736 -15.13814
2455681.48741 -13.06652
2455682.48745 -11.75002
2455683.48750 -12.84684
2455684.48754 -9.91452
2455685.48759 -9.58822
2455686.48763 -9.59179
2455687.48768 -13.65079
2455688.48772 -9.91119
2455689.48777 -9.77865
2455690.48782 -10.15169
2455691.48786 -9.93128
2455692.48791 -8.56818
2455693.48795 -9.78897
2455694.48800 -10.66177
2455695.48804 -11.17357
2455696.48809 -10.09503
2455697.48814 -12.32171
2455698.48818 -13.93556
2455699.48823 -11.16480
2455700.48827 -12.74030
2455701.48832 -13.87693
2455702.48836 -14.66140
2455703.48841 -14.36725
2455704.48845 -14.80954
2455705.48850 -14.94476
2455706.48855 -14.78319
2455707.48859 -21.62013
2455708.48864 -15.51870
2455709.48868 -15.73927
2455710.48873 -17.98936
2455711.48877 -18.68496
2455712.48882 -16.71391
2455713.48887 -14.36450
2455714.48891 -18.18764
2455715.48896 -18.13592
2455716.48900 -15.90504
2455717.48905 -16.13135
2455718.48909 -13.84798
2455719.48914 -16.78382
2455720.48918 -12.82168
2455721.48923 -11.33892
2455722.48928 -12.93569
2455723.48932 -15.03359
2455724.48937 -13.96603
2455725.48941 -14.32206
2455726.48946 -12.51850
2455727.48950 -11.34800
2455728.48955 -8.90465
2455729.48960 -11.05601
2455730.48964 -9.75199
2455731.48969 -8.64930
2455732.48973 -8.91487
2455733.48978 -9.58700
2455734.48982 -10.38147
2455735.48987 -10.58518
2455736.48992 -9.92931
2455737.48996 -9.75861
2455738.49001 -10.14779
2455739.49005 -10.09498
2455740.49010 -11.85857
2455741.49014 -12.93861
2455742.49019 -14.24838
2455743.49023 -11.44388
2455744.49028 -13.12254
2455745.49033 -14.21283
2455746.49037 -16.24727
2455747.49042 -15.99872
2455748.49046 -14.09362
2455749.49051 -17.09278
2455750.49055 -12.66694
2455751.49060 -15.19689
2455752.49065 -16.55442
2455753.49069 -16.02451
2455754.49074 -18.73208
2455755.49078 -17.71212
2455756.49083 -15.14492
2455757.49087 -15.92400
2455758.49092 -14.80967
2455759.49096 -17.53030
2455760.49101 -13.64870
2455761.49106 -15.22490
2455762.49110 -14.70272
2455763.49115 -13.33585
2455764.49119 -12.09189
2455765.49124 -13.05488
2455766.49128 -12.25594
2455767.49133 -12.84152
2455768.49138 -12.38139
2455769.49142 -10.96471
2455770.49147 -9.47905
2455771.49151 -10.09972
2455957.50000 -12.81865
