2445000.00000 2.50299
2445001.00005 1.01640
2445002.00009 -0.37510
2445003.00014 -1.60581
2445004.00018 -2.39030
2445005.00023 -3.97771
2445006.00027 -4.44502
2445007.00032 -3.84005
2445008.00037 -3.46801
2445009.00041 -2.77463
2445010.00046 -2.30845
2445011.00050 -0.82634
2445012.00055 0.50283
2445013.00059 1.71481
2445014.00064 2.77739
2445015.00068 3.62894
2445016.00073 4.81648
2445017.00078 3.92130
2445018.00082 5.04041
2445019.00087 3.81754
2445020.00091 3.08291
2445021.00096 2.01837
2445022.00100 0.80609
2445023.00105 -0.50438
2445024.00110 -1.63619
2445025.00114 -3.22759
2445026.00119 -4.24954
2445027.00123 -4.82158
2445028.00128 -5.29609
2445029.00132 -4.09225
2445030.00137 -3.19547
2445031.00141 -2.20728
2445032.00146 -1.20587
2445033.00151 -0.06288
2445034.00155 1.18359
2445035.00160 2.05570
2445036.00164 3.18591
2445037.00169 3.87523
2445038.00173 4.20457
2445039.00178 4.29882
2445040.00183 4.49052
2445041.00187 2.74463
2445042.00192 1.89444
2445043.00196 0.43415
2445044.00201 -0.91587
2445045.00205 -2.37808
2445046.00210 -3.27975
2445047.00214 -4.48986
2445048.00219 -4.34002
2445049.00224 -6.21984
2445050.00228 -4.04051
2445051.00233 -3.83107
2445052.00237 -2.71138
2445053.00242 -2.17738
2445054.00246 -0.69862
2445055.00251 0.62895
2445056.00256 1.69797
2445057.00260 3.12981
2445058.00265 3.04847
2445059.00269 4.02644
2445060.00274 3.54186
2445061.00278 3.36935
2445062.00283 2.64480
2445063.00287 1.84206
2445064.00292 0.20030
2445065.00297 -1.10106
2445066.00301 -2.51452
2445067.00306 -3.36154
2445068.00310 -4.56979
2445069.00315 -5.28890
2445070.00319 -5.16002
2445071.00324 -4.44684
2445072.00329 -4.13347
2445073.00333 -3.11853
2445074.00338 -2.17907
2445075.00342 -1.04831
2445076.00347 0.11147
2445077.00351 1.24193
2445078.00356 2.38331
2445079.00361 3.27598
2445080.00365 3.24722
2445081.00370 2.89634
2445082.00374 3.12516
2445083.00379 2.41201
2445084.00383 1.08511
2445085.00388 -0.04253
2445086.00392 -1.58352
2445087.00397 -2.54385
2445088.00402 -4.08207
2445089.00406 -4.49009
2445090.00411 -4.85572
2445091.00415 -5.26247
2445092.00420 -6.24600
2445093.00424 -5.32659
2445094.00429 -5.18319
2445095.00434 -3.12296
2445096.00438 -1.60536
2445097.00443 -0.46514
2445098.00447 0.90991
2445099.00452 2.04222
2445100.00456 2.67199
2445101.00461 3.14824
2445102.00465 2.83532
2445103.00470 2.35085
2445104.00475 1.79412
2445105.00479 1.07644
2445106.00484 -0.32689
2445107.00488 -1.47971
2445108.00493 -2.49328
2445109.00497 -3.90008
2445110.00502 -5.90099
2445111.00507 -4.55087
2445112.00511 -6.07318
2445113.00516 -6.06855
2445114.00520 -5.91906
2445115.00525 -4.42956
2445116.00529 -3.13864
2445117.00534 -2.15732
2445118.00538 -0.96810
2445119.00543 0.28710
2445120.00548 1.25865
2445121.00552 2.20993
2445122.00557 2.93576
2445123.00561 2.81035
2445124.00566 2.55772
2445125.00570 1.40541
2445126.00575 0.71758
2445127.00580 -0.58179
2445128.00584 -1.89127
2445129.00589 -3.31324
2445130.00593 -4.37384
2445131.00598 -5.40078
2445132.00602 -6.52803
2445133.00607 -6.14290
2445134.00611 -5.85277
2445135.00616 -5.77651
2445136.00621 -4.94010
2445137.00625 -4.54384
2445138.00630 -3.13195
2445139.00634 -1.18419
2445140.00639 -0.28578
2445141.00643 0.83877
2445142.00648 1.71861
2445143.00653 1.95333
2445144.00657 2.07575
2445145.00662 2.09239
2445146.00666 1.61078
2445147.00671 0.34499
2445148.00675 -0.93306
2445149.00680 -2.48989
2445150.00684 -3.40419
2445151.00689 -4.76099
2445152.00694 -6.60090
2445153.00698 -6.67538
2445154.00703 -5.69976
2445155.00707 -6.75570
2445156.00712 -7.52994
2445157.00716 -5.22710
2445158.00721 -3.72781
2445159.00726 -3.48549
2445160.00730 -1.43079
2445161.00735 -0.84153
2445162.00739 0.34017
2445163.00744 1.25056
2445164.00748 1.43103
2445165.00753 1.84525
2445166.00758 1.76706
2445167.00762 1.01707
2445168.00767 0.16119
2445169.00771 -0.95406
2445170.00776 -2.72729
2445171.00780 -3.34328
2445172.00785 -4.57227
2445173.00789 -6.08807
2445174.00794 -6.86575
2445175.00799 -6.18948
2445176.00803 -8.70857
2445177.00808 -6.13714
2445178.00812 -5.56059
2445179.00817 -4.42735
2445366.01670 -9.70079
2445367.01675 -8.28912
2445368.01679 -9.24745
2445369.01684 -7.17614
2445370.01688 -6.65447
2445371.01693 -5.82987
2445372.01698 -4.12205
2445373.01702 -3.07351
2445374.01707 -1.76080
2445375.01711 -1.33530
2445376.01716 -1.39275
2445377.01720 -1.42451
2445378.01725 -2.14926
2445379.01729 -3.18098
2445380.01734 -3.94463
2445381.01739 -5.10482
2445382.01743 -5.73118
2445383.01748 -8.25766
2445384.01752 -8.14712
2445385.01757 -9.04389
2445386.01761 -9.94914
2445387.01766 -10.49857
2445388.01771 -11.19956
2445389.01775 -7.38984
2445390.01780 -7.95522
2445391.01784 -6.32845
2445392.01789 -5.75177
2445393.01793 -4.33300
2445394.01798 -3.35995
2445395.01803 -2.57465
2445396.01807 -1.70791
2445397.01812 -1.45101
2445398.01816 -1.79145
2445399.01821 -1.80471
2445400.01825 -3.50576
2445401.01830 -3.94759
2445402.01834 -5.00578
2445403.01839 -6.93654
2445404.01844 -8.12389
2445405.01848 -8.87699
2445406.01853 -7.32478
2445407.01857 -10.68290
2445408.01862 -11.32213
2445409.01866 -10.43973
2445410.01871 -10.37178
2445411.01876 -10.95670
2445412.01880 -8.34995
2445413.01885 -6.05406
2445414.01889 -4.09437
2445415.01894 -3.68842
2445416.01898 -2.76949
2445417.01903 -2.08646
2445418.01907 -1.43534
2445419.01912 -1.51874
2445420.01917 -2.59452
2445421.01921 -3.34363
2445422.01926 -4.57228
2445423.01930 -5.45542
2445424.01935 -7.50855
2445425.01939 -8.36736
2445426.01944 -10.06073
2445427.01949 -11.10003
2445428.01953 -8.63175
2445429.01958 -13.57851
2445430.01962 -9.65472
2445431.01967 -10.13142
2445432.01971 -8.86042
2445433.01976 -8.03873
2445434.01980 -5.41065
2445435.01985 -4.78843
2445436.01990 -3.78649
2445437.01994 -2.31645
2445438.01999 -2.31281
2445439.02003 -1.84444
2445440.02008 -1.88482
2445441.02012 -2.63520
2445442.02017 -2.91569
2445443.02022 -3.92070
2445444.02026 -4.91220
2445445.02031 -6.22283
2445446.02035 -8.37700
2445447.02040 -9.36033
2445448.02044 -10.67933
2445449.02049 -8.65225
2445450.02053 -11.53685
2445451.02058 -10.41896
2445452.02063 -9.92518
2445453.02067 -11.40736
2445454.02072 -9.92158
2445455.02076 -5.63863
2445456.02081 -5.93410
2445457.02085 -3.96663
2445458.02090 -3.23815
2445459.02095 -2.68576
2445460.02099 -2.13068
2445461.02104 -1.83223
2445462.02108 -2.42864
2445463.02113 -2.09849
2445464.02117 -4.54882
2445465.02122 -5.01870
2445466.02126 -6.41325
2445467.02131 -8.84004
2445468.02136 -9.99472
2445469.02140 -11.49405
2445470.02145 -12.25541
2445471.02149 -12.38383
2445472.02154 -11.06675
2445473.02158 -12.96630
2445474.02163 -10.48736
2445475.02168 -8.46601
2445476.02172 -7.25103
2445477.02177 -6.00573
2445478.02181 -4.53358
2445479.02186 -3.86351
2445480.02190 -2.72895
2445481.02195 -1.81005
2445482.02200 -2.05538
2445483.02204 -2.73936
2445484.02209 -3.38998
2445485.02213 -3.87463
2445486.02218 -5.50934
2445487.02222 -7.24671
2445488.02227 -8.24375
2445489.02231 -9.46818
2445490.02236 -10.56733
2445491.02241 -11.67345
2445492.02245 -12.74275
2445493.02250 -11.36757
2445494.02254 -10.37327
2445495.02259 -9.70350
2445496.02263 -9.02497
2445497.02268 -6.39161
2445498.02273 -6.78442
2445499.02277 -5.59279
2445500.02282 -4.44584
2445501.02286 -3.29476
2445502.02291 -2.19133
2445503.02295 -2.34862
2445504.02300 -2.64817
2445505.02304 -3.27818
2445506.02309 -4.51783
2445507.02314 -5.84936
2445508.02318 -6.44052
2445509.02323 -8.37588
2445510.02327 -10.42221
2445511.02332 -10.83593
2445512.02336 -10.30474
2445513.02341 -11.35006
2445514.02346 -9.97455
2445515.02350 -10.40651
2445516.02355 -10.25199
2445517.02359 -8.74224
2445518.02364 -8.10968
2445519.02368 -6.26811
2445520.02373 -4.87739
2445521.02377 -4.17992
2445522.02382 -3.00357
2445523.02387 -2.17492
2445524.02391 -2.32491
2445525.02396 -2.72776
2445526.02400 -2.70221
2445527.02405 -4.22513
2445528.02409 -4.27617
2445529.02414 -6.48966
2445530.02419 -7.99947
2445531.02423 -8.90377
2445532.02428 -8.80386
2445533.02432 -12.75645
2445534.02437 -14.27911
2445535.02441 -13.35226
2445536.02446 -11.83402
2445537.02450 -10.41512
2445538.02455 -8.74873
2445539.02460 -8.68543
2445540.02464 -6.67781
2445541.02469 -5.13467
2445542.02473 -4.20509
2445543.02478 -3.24877
2445544.02482 -2.68121
2445545.02487 -1.78452
2445731.03336 -4.94347
2445732.03340 -2.75783
2445733.03345 -2.40020
2445734.03349 -1.95088
2445735.03354 -1.90924
2445736.03359 -1.91590
2445737.03363 -2.98385
2445738.03368 -3.75116
2445739.03372 -5.21409
2445740.03377 -5.22244
2445741.03381 -6.48289
2445742.03386 -8.43383
2445743.03391 -10.33329
2445744.03395 -11.77813
2445745.03400 -9.88686
2445746.03404 -11.16885
2445747.03409 -10.09536
2445748.03413 -9.68131
2445749.03418 -9.40571
2445750.03422 -7.81026
2445751.03427 -5.24162
2445752.03432 -5.41934
2445753.03436 -4.11597
2445754.03441 -2.70922
2445755.03445 -1.79293
2445756.03450 -1.70870
2445757.03454 -1.69453
2445758.03459 -2.22018
2445759.03464 -3.45260
2445760.03468 -4.83215
2445761.03473 -6.02463
2445762.03477 -5.46362
2445763.03482 -7.45633
2445764.03486 -10.24688
2445765.03491 -9.84793
2445766.03495 -9.56936
2445767.03500 -11.67961
2445768.03505 -9.23576
2445769.03509 -9.30697
2445770.03514 -8.07380
2445771.03518 -7.06889
2445772.03523 -5.93324
2445773.03527 -4.63917
2445774.03532 -3.18575
2445775.03537 -2.04811
2445776.03541 -1.90459
2445777.03546 -1.61101
2445778.03550 -1.33886
2445779.03555 -1.93027
2445780.03559 -2.95264
2445781.03564 -3.83142
2445782.03568 -5.19952
2445783.03573 -7.36247
2445784.03578 -7.61697
2445785.03582 -9.59152
2445786.03587 -10.57735
2445787.03591 -8.13376
2445788.03596 -9.83947
2445789.03600 -9.95879
2445790.03605 -10.61881
2445791.03610 -9.05622
2445792.03614 -6.57776
2445793.03619 -6.66119
2445794.03623 -4.34717
2445795.03628 -3.51778
2445796.03632 -2.00221
2445797.03637 -1.55457
2445798.03642 -1.01419
2445799.03646 -1.58902
2445800.03651 -1.58640
2445801.03655 -2.60588
2445802.03660 -3.44781
2445803.03664 -4.04740
2445804.03669 -6.61980
2445805.03673 -7.28725
2445806.03678 -8.40179
2445807.03683 -11.90618
2445808.03687 -10.31309
2445809.03692 -8.81815
2445810.03696 -9.06452
2445811.03701 -9.30391
2445812.03705 -7.40908
2445813.03710 -8.76341
2445814.03715 -6.41560
2445815.03719 -4.51405
2445816.03724 -3.40494
2445817.03728 -2.30247
2445818.03733 -1.48547
2445819.03737 -0.96576
2445820.03742 -0.97469
2445821.03746 -1.38404
2445822.03751 -2.26568
2445823.03756 -2.75112
2445824.03760 -4.84750
2445825.03765 -4.80936
2445826.03769 -5.93330
2445827.03774 -8.74583
2445828.03778 -10.21831
2445829.03783 -9.83002
2445830.03788 -11.51809
2445831.03792 -9.46492
2445832.03797 -9.20669
2445833.03801 -8.20792
2445834.03806 -6.79884
2445835.03810 -6.31377
2445836.03815 -4.82907
2445837.03819 -3.59213
2445838.03824 -1.95300
2445839.03829 -1.50221
2445840.03833 -0.86035
2445841.03838 -0.74559
2445842.03842 -1.16214
2445843.03847 -1.49858
2445844.03851 -3.40606
2445845.03856 -4.74919
2445846.03861 -5.81314
2445847.03865 -7.16748
2445848.03870 -7.53624
2445849.03874 -8.36654
2445850.03879 -7.80890
2445851.03883 -9.47911
2445852.03888 -10.98050
2445853.03892 -10.51646
2445854.03897 -7.07459
2445855.03902 -6.27603
2445856.03906 -6.12208
2445857.03911 -4.78903
2445858.03915 -3.12535
2445859.03920 -2.33347
2445860.03924 -0.92028
2445861.03929 -0.50093
2445862.03934 -0.44088
2445863.03938 -0.88243
2445864.03943 -1.42466
2445865.03947 -1.91076
2445866.03952 -4.48486
2445867.03956 -4.91463
2445868.03961 -7.43557
2445869.03966 -8.70086
2445870.03970 -7.75083
2445871.03975 -9.89633
2445872.03979 -10.18210
2445873.03984 -8.23723
2445874.03988 -8.85692
2445875.03993 -9.00174
2445876.03997 -7.21762
2445877.04002 -5.63165
2445878.04007 -3.96297
2445879.04011 -3.06203
2445880.04016 -1.54161
2445881.04020 -0.82563
2445882.04025 -0.25090
2445883.04029 -0.12399
2445884.04034 -0.43106
2445885.04039 -1.02481
2445886.04043 -1.90742
2445887.04048 -2.26753
2445888.04052 -4.29457
2445889.04057 -6.41416
2445890.04061 -8.13689
2445891.04066 -8.15574
2445892.04070 -7.62397
2445893.04075 -8.41110
2445894.04080 -9.38185
2445895.04084 -10.19770
2445896.04089 -7.26243
2445897.04093 -6.96327
2445898.04098 -5.09206
2445899.04102 -3.87786
2445900.04107 -2.82760
2445901.04112 -1.41199
2445902.04116 -0.55578
2445903.04121 0.01253
2445904.04125 0.22360
2445905.04130 -0.01745
2445906.04134 -0.70613
2445907.04139 -1.53065
2445908.04143 -2.84131
2445909.04148 -3.82908
2445910.04153 -5.78137
2446096.05001 2.96746
2446097.05006 1.98321
2446098.05010 0.73459
2446099.05015 -0.53488
2446100.05020 -1.80797
2446101.05024 -3.08704
2446102.05029 -3.49803
2446103.05033 -4.54644
2446104.05038 -4.48430
2446105.05042 -5.57452
2446106.05047 -5.30453
2446107.05052 -3.93210
2446108.05056 -3.60330
2446109.05061 -2.08570
2446110.05065 -0.30620
2446111.05070 1.03235
2446112.05074 2.08843
2446113.05079 3.19913
2446114.05084 4.77383
2446115.05088 4.19653
2446116.05093 3.71411
2446117.05097 2.83973
2446118.05102 2.26961
2446119.05106 1.44639
2446120.05111 0.02193
2446121.05115 -1.35981
2446122.05120 -2.62187
2446123.05125 -3.91290
2446124.05129 -4.79030
2446125.05134 -5.61746
2446126.05138 -4.71265
2446127.05143 -4.47459
2446128.05147 -3.79739
2446129.05152 -2.74658
2446130.05157 -1.56509
2446131.05161 -0.06030
2446132.05166 1.56342
2446133.05170 2.31365
2446134.05175 3.77853
2446135.05179 4.81704
2446136.05184 3.86364
2446137.05188 4.18269
2446138.05193 4.05293
2446139.05198 2.83150
2446140.05202 1.93807
2446141.05207 0.47227
2446142.05211 -0.85000
2446143.05216 -1.99310
2446144.05220 -3.13305
2446145.05225 -4.07831
2446146.05230 -4.08412
2446147.05234 -4.52205
2446148.05239 -4.01242
2446149.05243 -3.49456
2446150.05248 -2.04055
2446151.05252 -1.11693
2446152.05257 0.19220
2446153.05261 1.62913
2446154.05266 2.89053
2446155.05271 4.39670
2446156.05275 4.15824
2446157.05280 4.97095
2446158.05284 4.34842
2446159.05289 3.92283
2446160.05293 3.65958
2446161.05298 2.76308
2446162.05303 1.11970
2446163.05307 -0.19278
2446164.05312 -1.27413
2446165.05316 -2.26761
2446166.05321 -3.63239
2446167.05325 -3.74602
2446168.05330 -4.09658
2446169.05334 -3.71354
2446170.05339 -3.43257
2446171.05344 -1.94257
2446172.05348 -0.86462
2446173.05353 0.54348
2446174.05357 1.81716
2446175.05362 3.31577
2446176.05366 4.42831
2446177.05371 4.70855
2446178.05376 5.82024
2446179.05380 4.91091
2446180.05385 4.95075
2446181.05389 4.95255
2446182.05394 2.92648
2446183.05398 1.70210
2446184.05403 0.43418
2446185.05408 -0.84271
2446186.05412 -2.09719
2446187.05417 -2.65684
2446188.05421 -3.13684
2446189.05426 -3.36548
2446190.05430 -3.88967
2446191.05435 -2.61780
2446192.05439 -1.77948
2446193.05444 -0.63097
2446194.05449 0.78597
2446195.05453 2.36084
2446196.05458 3.34568
2446197.05462 4.69560
2446198.05467 5.37513
2446199.05471 5.84683
2446200.05476 5.22629
2446201.05481 5.67477
2446202.05485 5.27085
2446203.05490 3.27927
2446204.05494 2.17049
2446205.05499 1.13224
2446206.05503 -0.40673
2446207.05508 -1.84647
2446208.05512 -2.21211
2446209.05517 -2.86692
2446210.05522 -3.57918
2446211.05526 -3.54129
2446212.05531 -2.08752
2446213.05535 -1.65972
2446214.05540 -0.30166
2446215.05544 0.96146
2446216.05549 2.36626
2446217.05554 3.48340
2446218.05558 4.57083
2446219.05563 5.08027
2446220.05567 6.15199
2446221.05572 7.05109
2446222.05576 5.50564
2446223.05581 5.52370
2446224.05585 4.06360
2446225.05590 2.62781
2446226.05595 1.31238
2446227.05599 0.19749
2446228.05604 -0.94826
2446229.05608 -2.07061
2446230.05613 -2.04907
2446231.05617 -2.93837
2446232.05622 -2.72411
2446233.05627 -2.38579
2446234.05631 -1.61902
2446235.05636 -0.08452
2446236.05640 1.22058
2446237.05645 2.62064
2446238.05649 3.40219
2446239.05654 4.69891
2446240.05658 6.19610
2446241.05663 6.05755
2446242.05668 6.96160
2446243.05672 6.41413
2446244.05677 5.98134
2446245.05681 3.86816
2446246.05686 3.60716
2446247.05690 1.76190
2446248.05695 0.81352
2446249.05700 -0.51361
2446250.05704 -1.51376
2446251.05709 -2.10957
2446252.05713 -2.14561
2446253.05718 -2.13002
2446254.05722 -1.89283
2446255.05727 -0.91889
2446256.05731 0.17247
2446257.05736 1.63648
2446258.05741 3.21274
2446259.05745 3.88580
2446260.05750 5.90363
2446261.05754 6.79656
2446262.05759 7.94345
2446263.05763 6.31997
2446264.05768 5.59252
2446265.05773 6.17397
2446266.05777 4.95136
2446267.05782 3.48908
2446268.05786 2.89080
2446269.05791 1.51205
2446270.05795 0.06774
2446271.05800 -0.87842
2446272.05805 -1.71838
2446273.05809 -2.15655
2446274.05814 -2.26349
2446275.05818 -1.30384
2446461.06667 2.29041
2446462.06672 1.73353
2446463.06676 1.10380
2446464.06681 1.31994
2446465.06685 1.83413
2446466.06690 2.45508
2446467.06694 3.30239
2446468.06699 4.76202
2446469.06703 5.88498
2446470.06708 7.17099
2446471.06713 8.44142
2446472.06717 9.73285
2446473.06722 11.27229
2446474.06726 8.87077
2446475.06731 9.53209
2446476.06735 9.60257
2446477.06740 9.38174
2446478.06745 7.65851
2446479.06749 5.74753
2446480.06754 4.79965
2446481.06758 3.63234
2446482.06763 2.21137
2446483.06767 1.79882
2446484.06772 1.11598
2446485.06776 1.27048
2446486.06781 1.70652
2446487.06786 2.76280
2446488.06790 3.50198
2446489.06795 5.44811
2446490.06799 7.05925
2446491.06804 8.18161
2446492.06808 8.83219
2446493.06813 10.59867
2446494.06818 11.95052
2446495.06822 10.47597
2446496.06827 9.52074
2446497.06831 9.87316
2446498.06836 10.15249
2446499.06840 9.94528
2446500.06845 6.91647
2446501.06850 5.07498
2446502.06854 3.84430
2446503.06859 2.26678
2446504.06863 1.90060
2446505.06868 1.50417
2446506.06872 1.68420
2446507.06877 1.98082
2446508.06881 2.99373
2446509.06886 3.89464
2446510.06891 4.99893
2446511.06895 6.42732
2446512.06900 7.05714
2446513.06904 9.30615
2446514.06909 11.33805
2446515.06913 9.75203
2446516.06918 11.59156
2446517.06923 10.42586
2446518.06927 10.10862
2446519.06932 8.82518
2446520.06936 8.80438
2446521.06941 7.59212
2446522.06945 5.68896
2446523.06950 4.49315
2446524.06954 3.50250
2446525.06959 2.83072
2446526.06964 1.89581
2446527.06968 1.63913
2446528.06973 2.14356
2446529.06977 2.27058
2446530.06982 3.92995
2446531.06986 4.73600
2446532.06991 7.35174
2446533.06996 7.94281
2446534.07000 8.81205
2446535.07005 9.53060
2446536.07009 10.60412
2446537.07014 10.42885
2446538.07018 10.69678
2446539.07023 9.05485
2446540.07027 12.12469
2446541.07032 8.91382
2446542.07037 7.70345
2446543.07041 5.69896
2446544.07046 3.88895
2446545.07050 3.02761
2446546.07055 2.47353
2446547.07059 2.03383
2446548.07064 1.95397
2446549.07069 2.22997
2446550.07073 2.74254
2446551.07078 3.47020
2446552.07082 4.62507
2446553.07087 6.06136
2446554.07091 6.37981
2446555.07096 8.43615
2446556.07100 8.36932
2446557.07105 8.64119
2446558.07110 12.74666
2446559.07114 12.93740
2446560.07119 12.62731
2446561.07123 10.30004
2446562.07128 10.04879
2446563.07132 8.35885
2446564.07137 5.39608
2446565.07142 4.08723
2446566.07146 3.90249
2446567.07151 2.71644
2446568.07155 2.09860
2446569.07160 1.93903
2446570.07164 2.07521
2446571.07169 2.91365
2446572.07173 4.27634
2446573.07178 4.80527
2446574.07183 6.25461
2446575.07187 8.21354
2446576.07192 9.06177
2446577.07196 10.21194
2446578.07201 11.91585
2446579.07205 11.43462
2446580.07210 11.46190
2446581.07215 9.88612
2446582.07219 11.86752
2446583.07224 8.88828
2446584.07228 7.31256
2446585.07233 7.39242
2446586.07237 5.31647
2446587.07242 3.64094
2446588.07247 2.84106
2446589.07251 2.29270
2446590.07256 2.08950
2446591.07260 2.04200
2446592.07265 2.42516
2446593.07269 3.82805
2446594.07274 5.33410
2446595.07278 6.96860
2446596.07283 9.59397
2446597.07288 10.49417
2446598.07292 10.59763
2446599.07297 11.13921
2446600.07301 10.83937
2446601.07306 10.78216
2446602.07310 10.70329
2446603.07315 9.04255
2446604.07320 9.63405
2446605.07324 8.70582
2446606.07329 6.72373
2446607.07333 6.13053
2446608.07338 4.11961
2446609.07342 3.20709
2446610.07347 3.17286
2446611.07351 2.47493
2446612.07356 2.68116
2446613.07361 2.89291
2446614.07365 3.93923
2446615.07370 5.16275
2446616.07374 6.61064
2446617.07379 7.25292
2446618.07383 10.60555
2446619.07388 10.30800
2446620.07393 12.51991
2446621.07397 10.30893
2446622.07402 11.37962
2446623.07406 12.20879
2446624.07411 10.46464
2446625.07415 9.98466
2446626.07420 8.54202
2446627.07424 7.12280
2446628.07429 5.86398
2446629.07434 5.15305
2446630.07438 3.52969
2446631.07443 2.67157
2446632.07447 2.18388
2446633.07452 2.84232
2446634.07456 2.84801
2446635.07461 3.93299
2446636.07466 4.73941
2446637.07470 6.99774
2446638.07475 8.53397
2446639.07479 8.88100
2446640.07484 9.33380
2446827.08337 6.40137
2446828.08342 7.84052
2446829.08346 10.46189
2446830.08351 10.23017
2446831.08355 10.65328
2446832.08360 12.11329
2446833.08365 13.52248
2446834.08369 11.72662
2446835.08374 10.55781
2446836.08378 10.48422
2446837.08383 7.90375
2446838.08387 6.47657
2446839.08392 4.54575
2446840.08396 4.96239
2446841.08401 3.65307
2446842.08406 2.73431
2446843.08410 2.01578
2446844.08415 2.35336
2446845.08419 2.49912
2446846.08424 3.27155
2446847.08428 4.75300
2446848.08433 6.76377
2446849.08438 7.63914
2446850.08442 8.20043
2446851.08447 10.88592
2446852.08451 8.64227
2446853.08456 9.67273
2446854.08460 9.97617
2446855.08465 11.28624
2446856.08469 9.59102
2446857.08474 10.77879
2446858.08479 8.62989
2446859.08483 5.91071
2446860.08488 4.20921
2446861.08492 3.96963
2446862.08497 3.35519
2446863.08501 2.20203
2446864.08506 1.84973
2446865.08511 1.77421
2446866.08515 2.30210
2446867.08520 3.33116
2446868.08524 4.53777
2446869.08529 5.17825
2446870.08533 7.17445
2446871.08538 8.16451
2446872.08542 8.77356
2446873.08547 11.06860
2446874.08552 10.98152
2446875.08556 11.78392
2446876.08561 12.06806
2446877.08565 10.37394
2446878.08570 9.71024
2446879.08574 8.45276
2446880.08579 6.81231
2446881.08584 5.35595
2446882.08588 3.94150
2446883.08593 2.96647
2446884.08597 2.47707
2446885.08602 2.00807
2446886.08606 1.81834
2446887.08611 1.67653
2446888.08615 2.33812
2446889.08620 3.96949
2446890.08625 5.08705
2446891.08629 7.98210
2446892.08634 7.86623
2446893.08638 10.37681
2446894.08643 9.09364
2446895.08647 11.96928
2446896.08652 12.31756
2446897.08657 11.56212
2446898.08661 11.67467
2446899.08666 9.38699
2446900.08670 7.51274
2446901.08675 5.87561
2446902.08679 5.98806
2446903.08684 4.10950
2446904.08689 2.88864
2446905.08693 1.84154
2446906.08698 1.78134
2446907.08702 1.50257
2446908.08707 1.76881
2446909.08711 1.99087
2446910.08716 3.39536
2446911.08720 4.26270
2446912.08725 7.05561
2446913.08730 7.34242
2446914.08734 9.57131
2446915.08739 8.33785
2446916.08743 10.78182
2446917.08748 10.16309
2446918.08752 9.64765
2446919.08757 8.63961
2446920.08762 8.07722
2446921.08766 7.01148
2446922.08771 5.77640
2446923.08775 5.89575
2446924.08780 3.41398
2446925.08784 3.14826
2446926.08789 1.90003
2446927.08793 1.44800
2446928.08798 0.91018
2446929.08803 1.25898
2446930.08807 1.90473
2446931.08812 3.13138
2446932.08816 4.73315
2446933.08821 7.10157
2446934.08825 6.03715
2446935.08830 9.13210
2446936.08835 8.08245
2446937.08839 11.45192
2446938.08844 9.71049
2446939.08848 11.68913
2446940.08853 10.82357
2446941.08857 9.40950
2446942.08862 7.91623
2446943.08866 6.61007
2446944.08871 5.31399
2446945.08876 4.02866
2446946.08880 2.80212
2446947.08885 1.56547
2446948.08889 1.09574
2446949.08894 0.85371
2446950.08898 1.04836
2446951.08903 1.78299
2446952.08908 2.66495
2446953.08912 3.81549
2446954.08917 5.01032
2446955.08921 7.46465
2446956.08926 8.41744
2446957.08930 8.22802
2446958.08935 9.07626
2446959.08939 8.69713
2446960.08944 9.16816
2446961.08949 10.94768
2446962.08953 8.62307
2446963.08958 7.15036
2446964.08962 6.26014
2446965.08967 4.44546
2446966.08971 4.45903
2446967.08976 3.01213
2446968.08981 1.80658
2446969.08985 0.76214
2446970.08990 0.51589
2446971.08994 0.79724
2446972.08999 1.17595
2446973.09003 2.12551
2446974.09008 3.16107
2446975.09013 4.38949
2446976.09017 6.26284
2446977.09022 6.45574
2446978.09026 8.60174
2446979.09031 10.76435
2446980.09035 10.77943
2446981.09040 11.96888
2446982.09044 12.51107
2446983.09049 10.21439
2446984.09054 8.18624
2446985.09058 7.05859
2446986.09063 5.70902
2446987.09067 3.32770
2446988.09072 2.40292
2446989.09076 1.27974
2446990.09081 0.57654
2446991.09086 0.21233
2446992.09090 0.31567
2446993.09095 0.88416
2446994.09099 1.69696
2446995.09104 2.53122
2446996.09108 4.00530
2446997.09113 6.31127
2446998.09117 6.41795
2446999.09122 7.35849
2447000.09127 9.95435
2447001.09131 9.72654
2447002.09136 10.04855
2447003.09140 9.27091
2447004.09145 6.66538
2447005.09149 8.01430
2447006.09154 5.43941
2447192.10003 4.88544
2447193.10007 6.66325
2447194.10012 5.62893
2447195.10016 3.70052
2447196.10021 2.90473
2447197.10026 1.33534
2447198.10030 -0.09847
2447199.10035 -1.40842
2447200.10039 -2.48271
2447201.10044 -3.14102
2447202.10048 -3.38636
2447203.10053 -3.29715
2447204.10057 -2.75085
2447205.10062 -1.81752
2447206.10067 -1.35180
2447207.10071 0.02239
2447208.10076 1.43482
2447209.10080 3.00046
2447210.10085 4.37503
2447211.10089 5.36118
2447212.10094 5.06299
2447213.10099 5.98350
2447214.10103 4.58849
2447215.10108 4.09158
2447216.10112 3.41369
2447217.10117 2.58025
2447218.10121 1.07836
2447219.10126 -0.41661
2447220.10131 -1.59761
2447221.10135 -2.60248
2447222.10140 -4.30077
2447223.10144 -4.21144
2447224.10149 -4.59220
2447225.10153 -3.49312
2447226.10158 -3.41394
2447227.10162 -2.29113
2447228.10167 -0.62172
2447229.10172 0.91409
2447230.10176 1.97567
2447231.10181 3.81580
2447232.10185 4.71793
2447233.10190 5.06588
2447234.10194 5.61515
2447235.10199 5.81440
2447236.10204 4.29826
2447237.10208 3.07676
2447238.10213 2.13912
2447239.10217 0.69574
2447240.10222 -0.48549
2447241.10226 -1.89071
2447242.10231 -3.02885
2447243.10235 -4.28475
2447244.10240 -5.16441
2447245.10245 -5.39777
2447246.10249 -4.03146
2447247.10254 -3.56639
2447248.10258 -2.80054
2447249.10263 -1.38661
2447250.10267 0.22696
2447251.10272 1.48287
2447252.10277 2.91467
2447253.10281 4.48717
2447254.10286 3.59923
2447255.10290 4.81404
2447256.10295 5.34010
2447257.10299 4.32030
2447258.10304 3.91249
2447259.10308 1.97356
2447260.10313 0.62237
2447261.10318 -0.92296
2447262.10322 -2.50272
2447263.10327 -3.65892
2447264.10331 -4.23758
2447265.10336 -5.06959
2447266.10340 -4.89520
2447267.10345 -5.56062
2447268.10350 -3.98872
2447269.10354 -3.35906
2447270.10359 -1.98857
2447271.10363 -0.37755
2447272.10368 0.96621
2447273.10372 2.75906
2447274.10377 3.35244
2447275.10381 3.59132
2447276.10386 3.54679
2447277.10391 4.24781
2447278.10395 3.77649
2447279.10400 2.52970
2447280.10404 1.70824
2447281.10409 0.23928
2447282.10413 -1.32911
2447283.10418 -3.12163
2447284.10423 -5.13764
2447285.10427 -5.04385
2447286.10432 -5.24130
2447287.10436 -5.73335
2447288.10441 -5.38726
2447289.10445 -5.12611
2447290.10450 -3.81737
2447291.10455 -2.98463
2447292.10459 -0.89725
2447293.10464 0.37913
2447294.10468 1.90499
2447295.10473 2.91709
2447296.10477 3.34581
2447297.10482 4.24459
2447298.10486 4.22408
2447299.10491 3.45511
2447300.10496 2.37859
2447301.10500 1.22753
2447302.10505 -0.04819
2447303.10509 -1.63735
2447304.10514 -3.03086
2447305.10518 -4.04225
2447306.10523 -4.94107
2447307.10528 -6.19583
2447308.10532 -6.27790
2447309.10537 -5.68304
2447310.10541 -5.75174
2447311.10546 -4.20098
2447312.10550 -2.87453
2447313.10555 -1.65863
2447314.10559 -0.18364
2447315.10564 1.35673
2447316.10569 2.14243
2447317.10573 3.03649
2447318.10578 3.74763
2447319.10582 3.17276
2447320.10587 2.75133
2447321.10591 2.27198
2447322.10596 0.99980
2447323.10601 -0.27790
2447324.10605 -1.58412
2447325.10610 -3.38875
2447326.10614 -4.43485
2447327.10619 -5.83037
2447328.10623 -6.33560
2447329.10628 -5.87950
2447330.10632 -6.43599
2447331.10637 -6.15261
2447332.10642 -6.30290
2447333.10646 -4.13394
2447334.10651 -1.91621
2447335.10655 -0.69373
2447336.10660 0.52106
2447337.10664 1.66624
2447338.10669 2.50910
2447339.10674 2.95015
2447340.10678 2.75316
2447341.10683 2.44766
2447342.10687 1.86378
2447343.10692 0.77065
2447344.10696 -0.70973
2447345.10701 -1.79728
2447346.10705 -3.53348
2447347.10710 -4.92855
2447348.10715 -5.60927
2447349.10719 -7.17829
2447350.10724 -8.07027
2447351.10728 -8.19802
2447352.10733 -5.94142
2447353.10737 -5.14441
2447354.10742 -3.86491
2447355.10747 -2.49686
2447356.10751 -1.42957
2447357.10756 -0.00222
2447358.10760 1.13343
2447359.10765 1.83861
2447360.10769 2.39659
2447361.10774 3.09890
2447362.10778 2.33191
2447363.10783 1.76086
2447364.10788 0.53877
2447365.10792 -0.98610
2447366.10797 -2.50620
2447367.10801 -4.26534
2447368.10806 -4.84952
2447369.10810 -6.00743
2447370.10815 -6.81608
2447371.10820 -8.23768
2447557.11668 -6.81845
2447558.11673 -9.01836
2447559.11677 -9.49927
2447560.11682 -10.83637
2447561.11687 -11.62589
2447562.11691 -10.61332
2447563.11696 -9.61061
2447564.11700 -8.53248
2447565.11705 -9.48975
2447566.11709 -7.57348
2447567.11714 -6.01640
2447568.11719 -4.63031
2447569.11723 -2.39100
2447570.11728 -2.03479
2447571.11732 -1.29310
2447572.11737 -1.01939
2447573.11741 -1.35098
2447574.11746 -1.86228
2447575.11750 -2.96305
2447576.11755 -3.86750
2447577.11760 -5.34101
2447578.11764 -7.54745
2447579.11769 -9.17712
2447580.11773 -10.18633
2447581.11778 -11.99440
2447582.11782 -12.37347
2447583.11787 -11.59928
2447584.11792 -13.80363
2447585.11796 -10.05216
2447586.11801 -9.18961
2447587.11805 -7.37818
2447588.11810 -6.42019
2447589.11814 -4.35446
2447590.11819 -3.59375
2447591.11823 -1.90949
2447592.11828 -1.48085
2447593.11833 -1.36259
2447594.11837 -1.43705
2447595.11842 -2.47419
2447596.11846 -2.92223
2447597.11851 -3.99578
2447598.11855 -5.69866
2447599.11860 -9.32489
2447600.11865 -9.13754
2447601.11869 -11.45885
2447602.11874 -11.22849
2447603.11878 -9.51377
2447604.11883 -12.22333
2447605.11887 -12.33461
2447606.11892 -11.08101
2447607.11897 -9.85867
2447608.11901 -8.68279
2447609.11906 -6.88308
2447610.11910 -5.42266
2447611.11915 -3.83593
2447612.11919 -3.04983
2447613.11924 -1.65047
2447614.11928 -1.50819
2447615.11933 -1.48710
2447616.11938 -2.42367
2447617.11942 -3.45355
2447618.11947 -4.65905
2447619.11951 -6.58167
2447620.11956 -8.87245
2447621.11960 -8.29238
2447622.11965 -10.15121
2447623.11970 -11.60036
2447624.11974 -12.07393
2447625.11979 -12.10158
2447626.11983 -10.62580
2447627.11988 -11.42590
2447628.11992 -10.57097
2447629.11997 -8.36918
2447630.12001 -6.66449
2447631.12006 -5.29451
2447632.12011 -4.33778
2447633.12015 -3.21728
2447634.12020 -1.99628
2447635.12024 -1.78432
2447636.12029 -1.93845
2447637.12033 -2.18809
2447638.12038 -3.67632
2447639.12043 -4.54950
2447640.12047 -5.71223
2447641.12052 -7.52922
2447642.12056 -9.25626
2447643.12061 -10.75005
2447644.12065 -11.42456
2447645.12070 -13.06397
2447646.12074 -11.76455
2447647.12079 -10.29592
2447648.12084 -12.66026
2447649.12088 -8.17129
2447650.12093 -10.73277
2447651.12097 -7.26241
2447652.12102 -5.47806
2447653.12106 -4.96580
2447654.12111 -3.40591
2447655.12116 -2.75528
2447656.12120 -2.14366
2447657.12125 -1.99428
2447658.12129 -2.30435
2447659.12134 -3.76975
2447660.12138 -3.90397
2447661.12143 -7.12069
2447662.12147 -6.89628
2447663.12152 -9.40696
2447664.12157 -11.06674
2447665.12161 -10.75425
2447666.12166 -10.93303
2447667.12170 -10.45216
2447668.12175 -10.84536
2447669.12179 -11.42212
2447670.12184 -9.47088
2447671.12189 -9.30196
2447672.12193 -7.22841
2447673.12198 -6.69960
2447674.12202 -5.85488
2447675.12207 -2.95761
2447676.12211 -2.44136
2447677.12216 -2.24932
2447678.12220 -1.83720
2447679.12225 -2.36588
2447680.12230 -3.65964
2447681.12234 -5.70795
2447682.12239 -6.81424
2447683.12243 -7.44383
2447684.12248 -10.66030
2447685.12252 -12.07846
2447686.12257 -11.63725
2447687.12262 -12.64122
2447688.12266 -11.86929
2447689.12271 -10.79552
2447690.12275 -10.66302
2447691.12280 -11.61435
2447692.12284 -7.88279
2447693.12289 -7.71415
2447694.12294 -6.32008
2447695.12298 -4.37246
2447696.12303 -4.30256
2447697.12307 -2.49975
2447698.12312 -2.59993
2447699.12316 -2.21040
2447700.12321 -2.78485
2447701.12325 -3.64069
2447702.12330 -4.62551
2447703.12335 -7.05085
2447704.12339 -7.86863
2447705.12344 -9.33955
2447706.12348 -12.30968
2447707.12353 -11.84228
2447708.12357 -12.53493
2447709.12362 -10.95819
2447710.12367 -12.14689
2447711.12371 -11.37854
2447712.12376 -9.39856
2447713.12380 -9.62641
2447714.12385 -8.58060
2447715.12389 -6.58943
2447716.12394 -5.35786
2447717.12398 -4.21398
2447718.12403 -3.02098
2447719.12408 -2.55047
2447720.12412 -2.69639
2447721.12417 -2.25085
2447722.12421 -3.58933
2447723.12426 -4.73112
2447724.12430 -5.87187
2447725.12435 -5.77693
2447726.12440 -10.13375
2447727.12444 -12.67926
2447728.12449 -10.80198
2447729.12453 -10.90679
2447730.12458 -13.76218
2447731.12462 -13.57516
2447732.12467 -13.16816
2447733.12471 -9.39346
2447734.12476 -9.25872
2447735.12481 -6.82150
2447736.12485 -7.27421
2447922.13334 -11.35456
2447923.13339 -10.07262
2447924.13343 -9.57607
2447925.13348 -9.13059
2447926.13352 -5.40812
2447927.13357 -4.71965
2447928.13361 -3.74732
2447929.13366 -2.90844
2447930.13370 -2.01092
2447931.13375 -2.35775
2447932.13380 -2.36186
2447933.13384 -3.35984
2447934.13389 -5.58656
2447935.13393 -6.39634
2447936.13398 -7.45176
2447937.13402 -8.96356
2447938.13407 -11.48296
2447939.13412 -11.78434
2447940.13416 -11.96998
2447941.13421 -10.58240
2447942.13425 -13.40413
2447943.13430 -12.84739
2447944.13434 -12.24115
2447945.13439 -9.17567
2447946.13443 -7.41816
2447947.13448 -5.80366
2447948.13453 -5.12796
2447949.13457 -3.77899
2447950.13462 -3.13843
2447951.13466 -2.71935
2447952.13471 -2.31306
2447953.13475 -2.20080
2447954.13480 -2.99118
2447955.13485 -4.01821
2447956.13489 -4.69495
2447957.13494 -7.71851
2447958.13498 -8.75821
2447959.13503 -11.77435
2447960.13507 -13.39569
2447961.13512 -12.89813
2447962.13516 -10.61743
2447963.13521 -11.86139
2447964.13526 -11.98677
2447965.13530 -10.71381
2447966.13535 -8.86324
2447967.13539 -8.01989
2447968.13544 -6.65820
2447969.13548 -5.63061
2447970.13553 -3.90257
2447971.13558 -2.87448
2447972.13562 -2.34611
2447973.13567 -1.98892
2447974.13571 -2.22313
2447975.13576 -2.49749
2447976.13580 -3.56428
2447977.13585 -5.58808
2447978.13589 -6.90505
2447979.13594 -8.42163
2447980.13599 -9.30879
2447981.13603 -10.12696
2447982.13608 -12.83082
2447983.13612 -14.35905
2447984.13617 -10.97153
2447985.13621 -11.43598
2447986.13626 -11.76846
2447987.13631 -10.07647
2447988.13635 -8.16888
2447989.13640 -7.24207
2447990.13644 -5.33060
2447991.13649 -4.17300
2447992.13653 -2.61089
2447993.13658 -1.86954
2447994.13662 -1.64684
2447995.13667 -1.73060
2447996.13672 -2.91368
2447997.13676 -3.44830
2447998.13681 -4.48412
2447999.13685 -6.20662
2448000.13690 -8.27140
2448001.13694 -7.59435
2448002.13699 -9.52066
2448003.13704 -11.83721
2448004.13708 -10.76519
2448005.13713 -13.32283
2448006.13717 -11.47079
2448007.13722 -12.63894
2448008.13726 -9.21485
2448009.13731 -9.80778
2448010.13736 -6.62732
2448011.13740 -4.90310
2448012.13745 -3.06254
2448013.13749 -2.91041
2448014.13754 -1.79356
2448015.13758 -1.88442
2448016.13763 -1.35258
2448017.13767 -1.84876
2448018.13772 -3.35910
2448019.13777 -4.95197
2448020.13781 -6.03959
2448021.13786 -6.73862
2448022.13790 -9.49712
2448023.13795 -11.46994
2448024.13799 -10.84454
2448025.13804 -10.27823
2448026.13809 -9.90351
2448027.13813 -12.09454
2448028.13818 -11.89984
2448029.13822 -10.32883
2448030.13827 -7.10189
2448031.13831 -6.76165
2448032.13836 -5.17608
2448033.13840 -3.85697
2448034.13845 -3.25588
2448035.13850 -1.69746
2448036.13854 -1.26067
2448037.13859 -1.19314
2448038.13863 -1.82897
2448039.13868 -2.63075
2448040.13872 -4.07090
2448041.13877 -4.87460
2448042.13882 -6.54321
2448043.13886 -7.77683
2448044.13891 -10.68484
2448045.13895 -10.29460
2448046.13900 -10.94864
2448047.13904 -11.69471
2448048.13909 -12.27871
2448049.13913 -9.40593
2448050.13918 -9.66236
2448051.13923 -7.56872
2448052.13927 -6.37058
2448053.13932 -4.61317
2448054.13936 -3.33078
2448055.13941 -2.46815
2448056.13945 -1.57255
2448057.13950 -0.96906
2448058.13955 -0.97217
2448059.13959 -1.47767
2448060.13964 -2.07555
2448061.13968 -3.47617
2448062.13973 -3.99744
2448063.13977 -5.47567
2448064.13982 -6.31452
2448065.13986 -9.33264
2448066.13991 -10.78925
2448067.13996 -11.91002
2448068.14000 -11.62127
2448069.14005 -9.75294
2448070.14009 -10.23563
2448071.14014 -9.80289
2448072.14018 -5.85596
2448073.14023 -6.01339
2448074.14028 -5.25016
2448075.14032 -3.48331
2448076.14037 -2.25946
2448077.14041 -1.34022
2448078.14046 -0.69870
2448079.14050 -0.70503
2448080.14055 -1.09239
2448081.14060 -2.14367
2448082.14064 -2.84360
2448083.14069 -3.99351
2448084.14073 -5.61079
2448085.14078 -7.00107
2448086.14082 -9.26363
2448087.14087 -10.33075
2448088.14091 -11.37422
2448089.14096 -8.72693
2448090.14101 -11.50667
2448091.14105 -10.93946
2448092.14110 -10.36767
2448093.14114 -7.04211
2448094.14119 -5.78370
2448095.14123 -5.24859
2448096.14128 -3.53323
2448097.14133 -1.90866
2448098.14137 -0.94225
2448099.14142 -0.44233
2448100.14146 -0.24588
2448101.14151 -0.54657
2448288.15004 2.52392
2448289.15009 3.85800
2448290.15013 3.51431
2448291.15018 3.12950
2448292.15022 2.46031
2448293.15027 1.27824
2448294.15031 -0.06800
2448295.15036 -1.26690
2448296.15041 -3.55860
2448297.15045 -4.53580
2448298.15050 -6.31762
2448299.15054 -7.14943
2448300.15059 -7.33805
2448301.15063 -6.86937
2448302.15068 -6.08936
2448303.15073 -5.27016
2448304.15077 -3.90780
2448305.15082 -2.58658
2448306.15086 -0.65603
2448307.15091 0.87623
2448308.15095 2.26385
2448309.15100 3.03667
2448310.15104 3.22779
2448311.15109 3.90079
2448312.15114 3.63056
2448313.15118 2.51720
2448314.15123 1.74195
2448315.15127 0.66274
2448316.15132 -0.92726
2448317.15136 -2.48378
2448318.15141 -4.04595
2448319.15146 -5.79190
2448320.15150 -5.84067
2448321.15155 -7.52648
2448322.15159 -5.66944
2448323.15164 -5.17863
2448324.15168 -4.41416
2448325.15173 -3.61044
2448326.15178 -1.97816
2448327.15182 -0.36831
2448328.15187 1.41827
2448329.15191 2.53426
2448330.15196 3.43234
2448331.15200 4.16811
2448332.15205 4.67982
2448333.15209 4.36057
2448334.15214 3.51772
2448335.15219 3.05764
2448336.15223 1.14587
2448337.15228 -0.28311
2448338.15232 -1.72310
2448339.15237 -3.20258
2448340.15241 -4.41921
2448341.15246 -5.32255
2448342.15251 -5.45090
2448343.15255 -5.45180
2448344.15260 -5.43457
2448345.15264 -5.03176
2448346.15269 -3.43572
2448347.15273 -1.46354
2448348.15278 -0.06155
2448349.15282 1.31649
2448350.15287 2.48397
2448351.15292 4.34221
2448352.15296 4.49279
2448353.15301 4.88710
2448354.15305 3.98928
2448355.15310 3.32565
2448356.15314 3.46905
2448357.15319 1.80418
2448358.15324 0.39653
2448359.15328 -1.05827
2448360.15333 -2.80418
2448361.15337 -4.13061
2448362.15342 -4.92420
2448363.15346 -4.87408
2448364.15351 -5.76400
2448365.15355 -5.53690
2448366.15360 -4.02533
2448367.15365 -2.42833
2448368.15369 -1.08717
2448369.15374 0.23996
2448370.15378 1.47983
2448371.15383 3.15853
2448372.15387 4.53912
2448373.15392 4.64699
2448374.15397 6.05045
2448375.15401 4.83128
2448376.15406 4.87237
2448377.15410 4.17067
2448378.15415 2.45942
2448379.15419 0.92664
2448380.15424 -0.47948
2448381.15428 -2.01361
2448382.15433 -3.14811
2448383.15438 -4.44378
2448384.15442 -5.61233
2448385.15447 -4.83350
2448386.15451 -4.52707
2448387.15456 -4.22513
2448388.15460 -2.07416
2448389.15465 -0.97341
2448390.15470 0.49059
2448391.15474 2.34570
2448392.15479 2.57025
2448393.15483 5.24528
2448394.15488 5.30304
2448395.15492 5.50296
2448396.15497 5.58757
2448397.15502 4.99938
2448398.15506 4.64405
2448399.15511 3.34164
2448400.15515 1.39352
2448401.15520 0.14195
2448402.15524 -1.38964
2448403.15529 -2.44962
2448404.15533 -3.91468
2448405.15538 -4.58664
2448406.15543 -4.22470
2448407.15547 -4.42231
2448408.15552 -2.98581
2448409.15556 -2.35527
2448410.15561 -0.76255
2448411.15565 0.96545
2448412.15570 2.21786
2448413.15575 4.07253
2448414.15579 5.34052
2448415.15584 6.24979
2448416.15588 6.14101
2448417.15593 7.58314
2448418.15597 6.21580
2448419.15602 4.71146
2448420.15606 3.49825
2448421.15611 2.13316
2448422.15616 0.84565
2448423.15620 -0.66587
2448424.15625 -2.06489
2448425.15629 -3.23839
2448426.15634 -4.54594
2448427.15638 -4.40787
2448428.15643 -3.11147
2448429.15648 -3.09296
2448430.15652 -2.00363
2448431.15657 -0.41991
2448432.15661 1.19115
2448433.15666 2.47511
2448434.15670 4.40920
2448435.15675 6.03685
2448436.15679 7.01471
2448437.15684 6.76942
2448438.15689 6.99704
2448439.15693 5.73921
2448440.15698 5.29796
2448441.15702 5.34990
2448442.15707 2.67430
2448443.15711 1.12804
2448444.15716 -0.05972
2448445.15721 -1.53855
2448446.15725 -2.49262
2448447.15730 -3.77092
2448448.15734 -3.53601
2448449.15739 -3.21142
2448450.15743 -2.50378
2448451.15748 -1.33723
2448452.15752 -0.11978
2448453.15757 1.34207
2448454.15762 3.04653
2448455.15766 4.61533
2448456.15771 5.93242
2448457.15775 5.88304
2448458.15780 8.46960
2448459.15784 8.83177
2448460.15789 8.80492
2448461.15794 6.71266
2448462.15798 4.56773
2448463.15803 3.86152
2448464.15807 1.98272
2448465.15812 0.63338
2448466.15816 -0.78107
2448467.15821 -2.05714
2448653.16670 7.96187
2448654.16674 6.78742
2448655.16679 3.80717
2448656.16683 2.72493
2448657.16688 1.97847
2448658.16693 0.98278
2448659.16697 0.54183
2448660.16702 0.74614
2448661.16706 1.68925
2448662.16711 2.75180
2448663.16715 3.53403
2448664.16720 4.86834
2448665.16724 7.56520
2448666.16729 7.13565
2448667.16734 11.03557
2448668.16738 11.06397
2448669.16743 10.73340
2448670.16747 12.56290
2448671.16752 11.27967
2448672.16756 9.81273
2448673.16761 9.39484
2448674.16766 9.11582
2448675.16770 5.49242
2448676.16775 4.12942
2448677.16779 3.64169
2448678.16784 2.60796
2448679.16788 1.40761
2448680.16793 1.24586
2448681.16797 1.08913
2448682.16802 1.49985
2448683.16807 2.99672
2448684.16811 3.64557
2448685.16816 5.07514
2448686.16820 7.65930
2448687.16825 8.12235
2448688.16829 11.12834
2448689.16834 10.32526
2448690.16839 12.61786
2448691.16843 13.66501
2448692.16848 11.78541
2448693.16852 10.20966
2448694.16857 8.54135
2448695.16861 9.51240
2448696.16866 6.27312
2448697.16870 4.40751
2448698.16875 4.41122
2448699.16880 2.39281
2448700.16884 2.25107
2448701.16889 1.24242
2448702.16893 1.47321
2448703.16898 1.94065
2448704.16902 2.89225
2448705.16907 4.68058
2448706.16912 4.90068
2448707.16916 7.92635
2448708.16921 8.22918
2448709.16925 11.19867
2448710.16930 11.49216
2448711.16934 14.38655
2448712.16939 11.44837
2448713.16944 13.56836
2448714.16948 10.73131
2448715.16953 9.88998
2448716.16957 8.64946
2448717.16962 8.56095
2448718.16966 6.70330
2448719.16971 4.48610
2448720.16975 2.75652
2448721.16980 2.51308
2448722.16985 1.80442
2448723.16989 1.56208
2448724.16994 2.10437
2448725.16998 2.75237
2448726.17003 3.80273
2448727.17007 6.18894
2448728.17012 6.44651
2448729.17017 8.55659
2448730.17021 10.28826
2448731.17026 13.65220
2448732.17030 12.38296
2448733.17035 12.61565
2448734.17039 13.24848
2448735.17044 11.25352
2448736.17048 9.48358
2448737.17053 8.87412
2448738.17058 7.92550
2448739.17062 5.87616
2448740.17067 4.85764
2448741.17071 4.45500
2448742.17076 2.23782
2448743.17080 1.88897
2448744.17085 1.70898
2448745.17090 2.64098
2448746.17094 3.09209
2448747.17099 4.26871
2448748.17103 5.85128
2448749.17108 7.19806
2448750.17112 8.37027
2448751.17117 11.32577
2448752.17121 10.59766
2448753.17126 14.72703
2448754.17131 11.57929
2448755.17135 11.68367
2448756.17140 12.89384
2448757.17144 12.02465
2448758.17149 9.59055
2448759.17153 8.98601
2448760.17158 5.76616
2448761.17163 4.63099
2448762.17167 4.09196
2448763.17172 2.99420
2448764.17176 2.26583
2448765.17181 2.42668
2448766.17185 2.46045
2448767.17190 2.53894
2448768.17194 5.61455
2448769.17199 6.20791
2448770.17204 7.32726
2448771.17208 9.57423
2448772.17213 9.63805
2448773.17217 13.39509
2448774.17222 11.68930
2448775.17226 12.89189
2448776.17231 12.43711
2448777.17236 12.44217
2448778.17240 10.11552
2448779.17245 9.12003
2448780.17249 8.29784
2448781.17254 6.79595
2448782.17258 5.50843
2448783.17263 3.97913
2448784.17268 2.82721
2448785.17272 2.76393
2448786.17277 2.17493
2448787.17281 3.13424
2448788.17286 3.32489
2448789.17290 4.72456
2448790.17295 5.24890
2448791.17299 8.20845
2448792.17304 8.80172
2448793.17309 11.26354
2448794.17313 11.48219
2448795.17318 12.90361
2448796.17322 12.97734
2448797.17327 12.64500
2448798.17331 13.06682
2448799.17336 13.40650
2448800.17341 11.99733
2448801.17345 9.23041
2448802.17350 7.44146
2448803.17354 5.73124
2448804.17359 4.75383
2448805.17363 3.10169
2448806.17368 2.75470
2448807.17372 2.58016
2448808.17377 2.77031
2448809.17382 3.52081
2448810.17386 5.07643
2448811.17391 5.33088
2448812.17395 6.99498
2448813.17400 9.57926
2448814.17404 10.02319
2448815.17409 13.12401
2448816.17414 12.75660
2448817.17418 13.06835
2448818.17423 11.02924
2448819.17427 14.09400
2448820.17432 11.29843
2448821.17436 9.44072
2448822.17441 9.02908
2448823.17445 7.32973
2448824.17450 5.03775
2448825.17455 5.05302
2448826.17459 3.97895
2448827.17464 3.55641
2448828.17468 3.02612
2448829.17473 3.13512
2448830.17477 3.57485
2448831.17482 5.06973
2448832.17487 5.79695
2449018.18335 2.57822
2449019.18340 3.07785
2449020.18344 3.56107
2449021.18349 4.33984
2449022.18354 7.18536
2449023.18358 5.97973
2449024.18363 9.02086
2449025.18367 11.09256
2449026.18372 13.28435
2449027.18376 13.87480
2449028.18381 13.95493
2449029.18386 14.50398
2449030.18390 11.76023
2449031.18395 11.74370
2449032.18399 10.92115
2449033.18404 9.25862
2449034.18408 8.86839
2449035.18413 7.00650
2449036.18417 5.34481
2449037.18422 3.90536
2449038.18427 2.95820
2449039.18431 2.71336
2449040.18436 2.59007
2449041.18440 3.17119
2449042.18445 4.29918
2449043.18449 5.49060
2449044.18454 6.92017
2449045.18459 8.18180
2449046.18463 9.29173
2449047.18468 11.07008
2449048.18472 12.32947
2449049.18477 12.84611
2449050.18481 12.55676
2449051.18486 14.25844
2449052.18490 12.47344
2449053.18495 12.21437
2449054.18500 11.17881
2449055.18504 7.24161
2449056.18509 6.27866
2449057.18513 5.31178
2449058.18518 3.22289
2449059.18522 2.83564
2449060.18527 2.33853
2449061.18532 2.48626
2449062.18536 2.26483
2449063.18541 4.79743
2449064.18545 5.18639
2449065.18550 5.77883
2449066.18554 8.78586
2449067.18559 9.64746
2449068.18563 9.45193
2449069.18568 14.42210
2449070.18573 13.54730
2449071.18577 12.93286
2449072.18582 12.94876
2449073.18586 12.50618
2449074.18591 9.85308
2449075.18595 10.19789
2449076.18600 8.02204
2449077.18605 5.82781
2449078.18609 6.03819
2449079.18614 3.30631
2449080.18618 2.89239
2449081.18623 2.34962
2449082.18627 2.13574
2449083.18632 2.78283
2449084.18636 3.63183
2449085.18641 4.41045
2449086.18646 6.68520
2449087.18650 7.52182
2449088.18655 8.87014
2449089.18659 10.73461
2449090.18664 12.96340
2449091.18668 13.24720
2449092.18673 13.97449
2449093.18678 16.13933
2449094.18682 11.93033
2449095.18687 11.40398
2449096.18691 9.64296
2449097.18696 7.73293
2449098.18700 6.28246
2449099.18705 4.35843
2449100.18710 3.41497
2449101.18714 2.32418
2449102.18719 1.65493
2449103.18723 1.89696
2449104.18728 1.92535
2449105.18732 3.48434
2449106.18737 4.31477
2449107.18741 6.01445
2449108.18746 6.88670
2449109.18751 9.52261
2449110.18755 9.74867
2449111.18760 11.85714
2449112.18764 11.30562
2449113.18769 12.02518
2449114.18773 12.91447
2449115.18778 12.79884
2449116.18783 9.13865
2449117.18787 9.69080
2449118.18792 7.69710
2449119.18796 5.84325
2449120.18801 5.34411
2449121.18805 3.54365
2449122.18810 2.44536
2449123.18814 1.53227
2449124.18819 1.86304
2449125.18824 2.01552
2449126.18828 2.57456
2449127.18833 3.81779
2449128.18837 6.38804
2449129.18842 8.16284
2449130.18846 9.97746
2449131.18851 9.68021
2449132.18856 11.60362
2449133.18860 10.76469
2449134.18865 12.55925
2449135.18869 10.93377
2449136.18874 12.46355
2449137.18878 11.42295
2449138.18883 8.64648
2449139.18887 7.74739
2449140.18892 5.80246
2449141.18897 4.09646
2449142.18901 3.64335
2449143.18906 1.94512
2449144.18910 1.55007
2449145.18915 1.49701
2449146.18919 1.56712
2449147.18924 2.33946
2449148.18929 3.82471
2449149.18933 5.80192
2449150.18938 5.96768
2449151.18942 8.74678
2449152.18947 10.02484
2449153.18951 11.92153
2449154.18956 11.51835
2449155.18960 13.41742
2449156.18965 15.06082
2449157.18970 12.43477
2449158.18974 9.61644
2449159.18979 9.50513
2449160.18983 8.62644
2449161.18988 5.74137
2449162.18992 4.17799
2449163.18997 3.07476
2449164.19002 1.95711
2449165.19006 1.58122
2449166.19011 1.03522
2449167.19015 1.22353
2449168.19020 2.19520
2449169.19024 2.69903
2449170.19029 4.65544
2449171.19033 5.84133
2449172.19038 8.02631
2449173.19043 8.45878
2449174.19047 11.37146
2449175.19052 12.60731
2449176.19056 12.17270
2449177.19061 10.05191
2449178.19065 13.19348
2449179.19070 10.24778
2449180.19075 9.60363
2449181.19079 8.06235
2449182.19084 5.87322
2449183.19088 4.34749
2449184.19093 2.66843
2449185.19097 1.52647
2449186.19102 0.89548
2449187.19107 0.71943
2449188.19111 1.01195
2449189.19116 1.63749
2449190.19120 3.12345
2449191.19125 4.38248
2449192.19129 5.89080
2449193.19134 8.13736
2449194.19138 8.73771
2449195.19143 10.94714
2449196.19148 11.19163
2449197.19152 11.99107
2449383.20001 3.52578
2449384.20005 4.56179
2449385.20010 5.96519
2449386.20015 8.43038
2449387.20019 5.69337
2449388.20024 7.20418
2449389.20028 8.51017
2449390.20033 5.80067
2449391.20037 5.61962
2449392.20042 3.37753
2449393.20047 2.13295
2449394.20051 0.23103
2449395.20056 -1.19530
2449396.20060 -2.45653
2449397.20065 -3.28380
2449398.20069 -4.11153
2449399.20074 -3.67516
2449400.20078 -3.46498
2449401.20083 -2.01385
2449402.20088 -0.48712
2449403.20092 1.13148
2449404.20097 2.25178
2449405.20101 4.26555
2449406.20106 6.01873
2449407.20110 5.66231
2449408.20115 7.99648
2449409.20120 7.41498
2449410.20124 7.48754
2449411.20129 5.97050
2449412.20133 4.42638
2449413.20138 2.94157
2449414.20142 1.54341
2449415.20147 -0.09547
2449416.20152 -1.36189
2449417.20156 -2.98844
2449418.20161 -3.24342
2449419.20165 -3.70186
2449420.20170 -4.08828
2449421.20174 -3.32444
2449422.20179 -2.75432
2449423.20183 -1.14840
2449424.20188 0.42631
2449425.20193 1.90789
2449426.20197 3.30894
2449427.20202 5.18704
2449428.20206 6.50426
2449429.20211 7.30061
2449430.20215 5.85693
2449431.20220 5.38914
2449432.20225 4.84758
2449433.20229 4.62915
2449434.20234 3.02179
2449435.20238 1.11066
2449436.20243 -0.46419
2449437.20247 -2.17545
2449438.20252 -2.77521
2449439.20256 -4.03375
2449440.20261 -5.07769
2449441.20266 -4.33770
2449442.20270 -3.68971
2449443.20275 -3.47813
2449444.20279 -2.12855
2449445.20284 -0.33514
2449446.20288 1.14347
2449447.20293 2.78714
2449448.20298 4.14629
2449449.20302 5.33137
2449450.20307 6.29996
2449451.20311 6.67600
2449452.20316 6.70068
2449453.20320 5.02112
2449454.20325 3.75637
2449455.20329 2.56961
2449456.20334 0.78981
2449457.20339 -0.68414
2449458.20343 -2.31404
2449459.20348 -3.61211
2449460.20352 -5.36912
2449461.20357 -5.79910
2449462.20361 -5.65895
2449463.20366 -3.94520
2449464.20371 -3.69281
2449465.20375 -2.40409
2449466.20380 -1.11121
2449467.20384 0.65825
2449468.20389 2.17681
2449469.20393 3.63790
2449470.20398 4.99384
2449471.20402 6.20514
2449472.20407 6.11628
2449473.20412 6.60822
2449474.20416 5.68808
2449475.20421 4.15506
2449476.20425 2.30174
2449477.20430 0.69665
2449478.20434 -1.20037
2449479.20439 -3.19964
2449480.20444 -3.86015
2449481.20448 -4.50455
2449482.20453 -6.30264
2449483.20457 -6.34655
2449484.20462 -5.01076
2449485.20466 -4.41547
2449486.20471 -3.22223
2449487.20475 -1.66023
2449488.20480 -0.08885
2449489.20485 1.45127
2449490.20489 2.92211
2449491.20494 4.27781
2449492.20498 4.66758
2449493.20503 4.64472
2449494.20507 5.28585
2449495.20512 3.55269
2449496.20517 3.23668
2449497.20521 1.85670
2449498.20526 0.27709
2449499.20530 -1.65457
2449500.20535 -3.18352
2449501.20539 -4.53215
2449502.20544 -5.45604
2449503.20549 -6.18881
2449504.20553 -6.20606
2449505.20558 -6.42511
2449506.20562 -5.59199
2449507.20567 -4.32692
2449508.20571 -2.42676
2449509.20576 -0.70695
2449510.20580 0.64865
2449511.20585 2.62125
2449512.20590 4.09057
2449513.20594 3.45800
2449514.20599 5.30113
2449515.20603 4.85102
2449516.20608 4.17085
2449517.20612 3.13014
2449518.20617 1.33087
2449519.20622 -0.04533
2449520.20626 -1.97136
2449521.20631 -3.34117
2449522.20635 -6.25269
2449523.20640 -5.66458
2449524.20644 -6.29285
2449525.20649 -6.56520
2449526.20653 -7.71422
2449527.20658 -5.81412
2449528.20663 -4.96458
2449529.20667 -3.17777
2449530.20672 -1.74580
2449531.20676 0.13885
2449532.20681 1.34573
2449533.20685 3.31709
2449534.20690 3.73952
2449535.20695 4.35599
2449536.20699 4.47979
2449537.20704 3.65450
2449538.20708 2.91031
2449539.20713 1.26628
2449540.20717 -0.31006
2449541.20722 -2.14854
2449542.20726 -4.11845
2449543.20731 -5.03837
2449544.20736 -5.88089
2449545.20740 -7.74482
2449546.20745 -8.11713
2449547.20749 -8.55198
2449548.20754 -5.86119
2449549.20758 -5.05112
2449550.20763 -4.30730
2449551.20768 -2.40881
2449552.20772 -0.55946
2449553.20777 0.99871
2449554.20781 2.60330
2449555.20786 3.32729
2449556.20790 3.75261
2449557.20795 3.18759
2449558.20799 2.99757
2449559.20804 2.47993
2449560.20809 0.80236
2449561.20813 -0.65038
2449562.20818 -2.45430
2449749.21671 -1.88339
2449750.21676 -3.55225
2449751.21680 -4.95399
2449752.21685 -6.58722
2449753.21689 -9.51271
2449754.21694 -11.99482
2449755.21698 -11.23772
2449756.21703 -12.81202
2449757.21708 -12.37591
2449758.21712 -12.93169
2449759.21717 -11.37192
2449760.21721 -10.87415
2449761.21726 -10.13809
2449762.21730 -6.86571
2449763.21735 -6.06986
2449764.21740 -3.37960
2449765.21744 -2.41301
2449766.21749 -1.16924
2449767.21753 -0.66917
2449768.21758 -0.92689
2449769.21762 -1.34316
2449770.21767 -2.16227
2449771.21771 -3.26740
2449772.21776 -4.27739
2449773.21781 -5.81925
2449774.21785 -8.78852
2449775.21790 -10.34179
2449776.21794 -11.83674
2449777.21799 -13.27339
2449778.21803 -14.51441
2449779.21808 -12.92341
2449780.21813 -11.39479
2449781.21817 -9.33016
2449782.21822 -9.69795
2449783.21826 -7.78531
2449784.21831 -5.23037
2449785.21835 -4.08908
2449786.21840 -2.88069
2449787.21844 -2.02488
2449788.21849 -1.15247
2449789.21854 -1.04043
2449790.21858 -1.48212
2449791.21863 -2.32703
2449792.21867 -4.13020
2449793.21872 -5.50990
2449794.21876 -5.21064
2449795.21881 -8.13795
2449796.21886 -9.78423
2449797.21890 -10.28478
2449798.21895 -12.52760
2449799.21899 -11.98936
2449800.21904 -11.70952
2449801.21908 -9.69854
2449802.21913 -11.47698
2449803.21917 -8.81562
2449804.21922 -8.28020
2449805.21927 -7.02032
2449806.21931 -4.58784
2449807.21936 -2.68458
2449808.21940 -2.39558
2449809.21945 -1.57261
2449810.21949 -1.30403
2449811.21954 -1.66507
2449812.21959 -2.21378
2449813.21963 -3.97269
2449814.21968 -5.79570
2449815.21972 -6.24274
2449816.21977 -8.56321
2449817.21981 -10.98345
2449818.21986 -9.20765
2449819.21991 -12.52677
2449820.21995 -11.97978
2449821.22000 -13.04743
2449822.22004 -12.94151
2449823.22009 -12.80852
2449824.22013 -9.53316
2449825.22018 -8.68384
2449826.22022 -7.08186
2449827.22027 -5.20211
2449828.22032 -3.74457
2449829.22036 -2.66535
2449830.22041 -1.93606
2449831.22045 -1.68066
2449832.22050 -1.79868
2449833.22054 -2.64418
2449834.22059 -4.55171
2449835.22064 -5.44355
2449836.22068 -6.81340
2449837.22073 -7.95381
2449838.22077 -10.39972
2449839.22082 -10.10479
2449840.22086 -14.67376
2449841.22091 -14.00667
2449842.22095 -12.70230
2449843.22100 -15.19120
2449844.22105 -12.83045
2449845.22109 -10.89220
2449846.22114 -9.23479
2449847.22118 -6.63504
2449848.22123 -5.39014
2449849.22127 -4.36741
2449850.22132 -3.56895
2449851.22137 -2.39970
2449852.22141 -1.88929
2449853.22146 -2.13665
2449854.22150 -2.87193
2449855.22155 -3.63146
2449856.22159 -4.94861
2449857.22164 -6.76430
2449858.22168 -7.27020
2449859.22173 -12.00111
2449860.22178 -12.33718
2449861.22182 -14.77149
2449862.22187 -12.27751
2449863.22191 -13.66384
2449864.22196 -13.90973
2449865.22200 -12.39119
2449866.22205 -12.63758
2449867.22210 -7.89236
2449868.22214 -6.99824
2449869.22219 -7.57964
2449870.22223 -4.32618
2449871.22228 -3.44821
2449872.22232 -2.54422
2449873.22237 -2.01667
2449874.22241 -2.48831
2449875.22246 -2.61331
2449876.22251 -4.44967
2449877.22255 -5.83278
2449878.22260 -6.65906
2449879.22264 -8.21869
2449880.22269 -12.32875
2449881.22273 -11.56229
2449882.22278 -12.10779
2449883.22283 -13.51739
2449884.22287 -15.39980
2449885.22292 -12.91241
2449886.22296 -15.14205
2449887.22301 -11.76253
2449888.22305 -10.36986
2449889.22310 -9.11295
2449890.22315 -6.55445
2449891.22319 -5.16218
2449892.22324 -3.36695
2449893.22328 -3.31227
2449894.22333 -2.33949
2449895.22337 -2.62524
2449896.22342 -2.55363
2449897.22346 -5.01888
2449898.22351 -5.99361
2449899.22356 -7.47823
2449900.22360 -10.17515
2449901.22365 -10.85136
2449902.22369 -11.08298
2449903.22374 -12.98818
2449904.22378 -13.06771
2449905.22383 -14.60726
2449906.22388 -14.31500
2449907.22392 -15.56581
2449908.22397 -12.58413
2449909.22401 -9.86884
2449910.22406 -8.77969
2449911.22410 -5.77266
2449912.22415 -5.31123
2449913.22419 -3.36137
2449914.22424 -3.21355
2449915.22429 -2.66988
2449916.22433 -2.70293
2449917.22438 -3.24596
2449918.22442 -4.27552
2449919.22447 -5.60443
2449920.22451 -7.24046
2449921.22456 -7.60397
2449922.22461 -12.29589
2449923.22465 -13.90868
2449924.22470 -12.07557
2449925.22474 -12.99583
2449926.22479 -15.58024
2449927.22483 -14.27447
2449928.22488 -14.33766
2450114.23337 -15.51276
2450115.23341 -13.89703
2450116.23346 -14.95423
2450117.23350 -13.87022
2450118.23355 -13.56541
2450119.23359 -8.08414
2450120.23364 -9.81356
2450121.23369 -8.45599
2450122.23373 -6.14645
2450123.23378 -5.88920
2450124.23382 -3.79600
2450125.23387 -3.38535
2450126.23391 -2.89666
2450127.23396 -2.55955
2450128.23401 -3.50353
2450129.23405 -4.10073
2450130.23410 -6.16159
2450131.23414 -5.79379
2450132.23419 -7.75646
2450133.23423 -11.75435
2450134.23428 -13.80962
2450135.23433 -11.34668
2450136.23437 -18.13565
2450137.23442 -11.54358
2450138.23446 -14.18435
2450139.23451 -13.58528
2450140.23455 -12.87067
2450141.23460 -11.11281
2450142.23464 -8.47367
2450143.23469 -8.07770
2450144.23474 -5.73788
2450145.23478 -4.02503
2450146.23483 -3.72268
2450147.23487 -2.67685
2450148.23492 -2.84229
2450149.23496 -2.64727
2450150.23501 -4.39828
2450151.23506 -4.58523
2450152.23510 -7.10296
2450153.23515 -7.97852
2450154.23519 -11.88744
2450155.23524 -13.30157
2450156.23528 -14.19788
2450157.23533 -16.11558
2450158.23537 -17.19549
2450159.23542 -12.81607
2450160.23547 -12.58571
2450161.23551 -15.04845
2450162.23556 -12.61640
2450163.23560 -7.51587
2450164.23565 -8.27034
2450165.23569 -5.78955
2450166.23574 -4.63810
2450167.23579 -3.78115
2450168.23583 -2.74512
2450169.23588 -2.23828
2450170.23592 -3.00382
2450171.23597 -3.83618
2450172.23601 -4.11772
2450173.23606 -6.80740
2450174.23610 -8.13529
2450175.23615 -9.92224
2450176.23620 -11.50320
2450177.23624 -13.58630
2450178.23629 -10.12938
2450179.23633 -13.07679
2450180.23638 -11.42370
2450181.23642 -15.14618
2450182.23647 -12.05254
2450183.23652 -9.96792
2450184.23656 -10.12105
2450185.23661 -7.52014
2450186.23665 -5.73895
2450187.23670 -4.03607
2450188.23674 -3.13518
2450189.23679 -2.21017
2450190.23683 -2.12007
2450191.23688 -3.13187
2450192.23693 -2.84837
2450193.23697 -4.90528
2450194.23702 -6.00437
2450195.23706 -7.90237
2450196.23711 -9.60135
2450197.23715 -11.15483
2450198.23720 -12.65735
2450199.23725 -12.25881
2450200.23729 -15.33289
2450201.23734 -14.91304
2450202.23738 -12.79332
2450203.23743 -13.98846
2450204.23747 -8.62132
2450205.23752 -9.63573
2450206.23757 -6.47838
2450207.23761 -5.95612
2450208.23766 -4.74100
2450209.23770 -3.07521
2450210.23775 -2.22047
2450211.23779 -2.12465
2450212.23784 -2.87315
2450213.23788 -3.05887
2450214.23793 -4.22233
2450215.23798 -6.32153
2450216.23802 -6.27407
2450217.23807 -8.96079
2450218.23811 -9.56998
2450219.23816 -11.17844
2450220.23820 -14.46884
2450221.23825 -15.39668
2450222.23830 -14.76814
2450223.23834 -12.51416
2450224.23839 -11.40513
2450225.23843 -9.10285
2450226.23848 -9.02785
2450227.23852 -7.25772
2450228.23857 -6.29996
2450229.23861 -4.98850
2450230.23866 -2.81488
2450231.23871 -2.47150
2450232.23875 -1.63384
2450233.23880 -1.74807
2450234.23884 -2.50313
2450235.23889 -3.85711
2450236.23893 -5.39038
2450237.23898 -7.02561
2450238.23903 -7.05585
2450239.23907 -9.59200
2450240.23912 -10.86440
2450241.23916 -12.76989
2450242.23921 -11.84570
2450243.23925 -15.38069
2450244.23930 -14.14697
2450245.23934 -12.17923
2450246.23939 -10.59551
2450247.23944 -8.74699
2450248.23948 -8.11746
2450249.23953 -6.47359
2450250.23957 -4.63200
2450251.23962 -2.79337
2450252.23966 -2.09606
2450253.23971 -1.70212
2450254.23976 -1.77860
2450255.23980 -2.04032
2450256.23985 -3.51715
2450257.23989 -3.78781
2450258.23994 -5.26317
2450259.23998 -8.28420
2450260.24003 -10.17834
2450261.24007 -10.43257
2450262.24012 -12.43990
2450263.24017 -12.80486
2450264.24021 -13.60315
2450265.24026 -14.54948
2450266.24030 -11.21553
2450267.24035 -10.11350
2450268.24039 -8.37719
2450269.24044 -6.84310
2450270.24049 -6.14895
2450271.24053 -3.70084
2450272.24058 -2.66013
2450273.24062 -1.54475
2450274.24067 -1.28366
2450275.24071 -1.05335
2450276.24076 -1.48739
2450277.24080 -3.00668
2450278.24085 -4.17565
2450279.24090 -5.69914
2450280.24094 -7.55124
2450281.24099 -10.04694
2450282.24103 -12.66803
2450283.24108 -11.68465
2450284.24112 -13.44799
2450285.24117 -12.39907
2450286.24122 -12.74100
2450287.24126 -9.14659
2450288.24131 -10.65155
2450289.24135 -7.72318
2450290.24140 -7.88009
2450291.24144 -4.95445
2450292.24149 -3.72430
2450293.24154 -2.43366
2450479.25002 -5.22626
2450480.25007 -3.00957
2450481.25011 -1.29592
2450482.25016 0.25148
2450483.25021 1.74676
2450484.25025 2.94451
2450485.25030 4.01188
2450486.25034 3.92602
2450487.25039 2.62002
2450488.25043 1.89369
2450489.25048 0.49007
2450490.25052 -1.14731
2450491.25057 -2.80451
2450492.25062 -5.08832
2450493.25066 -7.86752
2450494.25071 -6.86101
2450495.25075 -7.01818
2450496.25080 -9.47446
2450497.25084 -9.34509
2450498.25089 -6.87947
2450499.25094 -6.56175
2450500.25098 -5.18282
2450501.25103 -2.85032
2450502.25107 -1.05624
2450503.25112 0.66686
2450504.25116 2.04281
2450505.25121 3.05509
2450506.25125 3.86470
2450507.25130 4.15674
2450508.25135 3.30502
2450509.25139 2.72697
2450510.25144 1.06708
2450511.25148 -0.53799
2450512.25153 -2.19269
2450513.25157 -4.04165
2450514.25162 -5.72439
2450515.25167 -5.70751
2450516.25171 -6.90728
2450517.25176 -9.20105
2450518.25180 -8.01842
2450519.25185 -6.69217
2450520.25189 -6.20366
2450521.25194 -5.32950
2450522.25199 -2.60441
2450523.25203 -0.66251
2450524.25208 1.03767
2450525.25212 2.31766
2450526.25217 3.85377
2450527.25221 4.63895
2450528.25226 4.79885
2450529.25230 4.54098
2450530.25235 2.82059
2450531.25240 1.79258
2450532.25244 0.29622
2450533.25249 -1.56681
2450534.25253 -3.41805
2450535.25258 -4.37621
2450536.25262 -5.04792
2450537.25267 -7.37072
2450538.25272 -7.43052
2450539.25276 -6.94428
2450540.25281 -6.62979
2450541.25285 -5.25880
2450542.25290 -3.90929
2450543.25294 -2.28077
2450544.25299 -0.48975
2450545.25303 1.37933
2450546.25308 2.93769
2450547.25313 4.64108
2450548.25317 4.93277
2450549.25322 5.38887
2450550.25326 3.69933
2450551.25331 3.93673
2450552.25335 2.07674
2450553.25340 1.06693
2450554.25345 -0.71113
2450555.25349 -2.34560
2450556.25354 -3.79007
2450557.25358 -5.22429
2450558.25363 -6.96554
2450559.25367 -6.88046
2450560.25372 -7.27911
2450561.25376 -5.72819
2450562.25381 -4.63322
2450563.25386 -3.36772
2450564.25390 -1.78604
2450565.25395 -0.08472
2450566.25399 1.59153
2450567.25404 3.00143
2450568.25408 3.77236
2450569.25413 4.93853
2450570.25418 5.25642
2450571.25422 4.93733
2450572.25427 4.85327
2450573.25431 3.41497
2450574.25436 1.79314
2450575.25440 0.05853
2450576.25445 -1.61450
2450577.25449 -3.00476
2450578.25454 -5.13995
2450579.25459 -6.78229
2450580.25463 -5.74495
2450581.25468 -6.62759
2450582.25472 -5.68228
2450583.25477 -3.53519
2450584.25481 -2.36514
2450585.25486 -1.46213
2450586.25491 0.28965
2450587.25495 2.26941
2450588.25500 3.15991
2450589.25504 4.96785
2450590.25509 6.14454
2450591.25513 6.41106
2450592.25518 6.06424
2450593.25522 5.95849
2450594.25527 4.31014
2450595.25532 1.92876
2450596.25536 0.84904
2450597.25541 -1.01102
2450598.25545 -2.76032
2450599.25550 -3.23403
2450600.25554 -5.36053
2450601.25559 -5.76577
2450602.25564 -6.73879
2450603.25568 -5.38507
2450604.25573 -4.48358
2450605.25577 -2.24298
2450606.25582 -0.95647
2450607.25586 0.55840
2450608.25591 2.77432
2450609.25596 4.05386
2450610.25600 4.87764
2450611.25605 6.05078
2450612.25609 6.09075
2450613.25614 5.70230
2450614.25618 5.76764
2450615.25623 4.74031
2450616.25627 3.15032
2450617.25632 1.76479
2450618.25637 -0.21612
2450619.25641 -1.85696
2450620.25646 -2.79068
2450621.25650 -4.39759
2450622.25655 -5.27419
2450623.25659 -3.99134
2450624.25664 -4.31458
2450625.25669 -4.27122
2450626.25673 -2.57355
2450627.25678 -0.79411
2450628.25682 0.84584
2450629.25687 3.00357
2450630.25691 4.55876
2450631.25696 6.24074
2450632.25700 6.48948
2450633.25705 6.71246
2450634.25710 6.79363
2450635.25714 6.21688
2450636.25719 5.68992
2450637.25723 3.67001
2450638.25728 1.82775
2450639.25732 0.44902
2450640.25737 -0.99993
2450641.25742 -2.52079
2450642.25746 -4.45596
2450643.25751 -4.10799
2450644.25755 -4.54237
2450645.25760 -4.37904
2450646.25764 -2.69226
2450647.25769 -2.20381
2450648.25773 -0.44150
2450649.25778 1.59163
2450650.25783 3.10815
2450651.25787 4.76083
2450652.25792 5.93235
2450653.25796 7.11039
2450654.25801 6.94157
2450655.25805 7.45379
2450656.25810 6.89580
2450657.25815 6.50578
2450658.25819 4.59514
2450844.26668 12.08975
2450845.26672 12.82972
2450846.26677 12.22260
2450847.26682 10.50614
2450848.26686 7.32519
2450849.26691 8.88938
2450850.26695 6.37530
2450851.26700 4.42384
2450852.26704 2.51818
2450853.26709 1.43658
2450854.26714 0.59643
2450855.26718 0.26707
2450856.26723 0.56084
2450857.26727 1.40249
2450858.26732 2.67992
2450859.26736 3.86565
2450860.26741 5.65737
2450861.26745 8.46960
2450862.26750 7.43975
2450863.26755 10.61063
2450864.26759 12.17862
2450865.26764 12.15520
2450866.26768 12.73104
2450867.26773 11.53153
2450868.26777 12.15614
2450869.26782 11.68047
2450870.26787 8.98793
2450871.26791 7.40032
2450872.26796 4.34060
2450873.26800 2.91868
2450874.26805 1.69482
2450875.26809 1.10531
2450876.26814 0.64790
2450877.26818 0.95631
2450878.26823 1.77307
2450879.26828 2.85417
2450880.26832 4.76251
2450881.26837 6.10702
2450882.26841 9.39094
2450883.26846 10.69342
2450884.26850 11.11843
2450885.26855 12.57825
2450886.26860 9.37737
2450887.26864 13.60328
2450888.26869 9.97125
2450889.26873 10.71029
2450890.26878 11.69881
2450891.26882 9.26581
2450892.26887 7.22701
2450893.26891 5.14899
2450894.26896 3.31347
2450895.26901 2.09175
2450896.26905 1.49626
2450897.26910 0.95581
2450898.26914 1.24333
2450899.26919 1.96207
2450900.26923 3.00333
2450901.26928 4.24143
2450902.26933 6.47338
2450903.26937 7.57752
2450904.26942 10.06436
2450905.26946 11.52117
2450906.26951 15.18981
2450907.26955 14.22544
2450908.26960 12.12058
2450909.26964 14.46506
2450910.26969 11.18310
2450911.26974 13.04088
2450912.26978 8.94696
2450913.26983 8.95826
2450914.26987 5.91649
2450915.26992 3.83299
2450916.26996 2.55576
2450917.27001 2.09356
2450918.27006 1.44638
2450919.27010 1.45790
2450920.27015 2.24413
2450921.27019 3.63859
2450922.27024 5.26691
2450923.27028 7.62418
2450924.27033 9.67613
2450925.27038 11.12898
2450926.27042 11.67820
2450927.27047 12.63207
2450928.27051 10.99625
2450929.27056 16.19533
2450930.27060 12.20608
2450931.27065 14.22062
2450932.27069 11.99551
2450933.27074 10.58232
2450934.27079 9.01959
2450935.27083 5.87444
2450936.27088 4.30743
2450937.27092 3.30540
2450938.27097 2.33353
2450939.27101 1.87811
2450940.27106 1.88803
2450941.27111 2.27818
2450942.27115 3.56228
2450943.27120 5.17132
2450944.27124 7.55678
2450945.27129 9.73063
2450946.27133 10.15548
2450947.27138 12.86319
2450948.27142 15.32234
2450949.27147 13.51483
2450950.27152 13.13628
2450951.27156 13.61402
2450952.27161 12.69057
2450953.27165 13.42931
2450954.27170 11.79756
2450955.27174 10.20221
2450956.27179 7.19740
2450957.27184 5.70225
2450958.27188 3.84328
2450959.27193 3.26973
2450960.27197 2.37777
2450961.27202 2.25523
2450962.27206 2.71278
2450963.27211 3.80799
2450964.27215 5.37740
2450965.27220 6.17639
2450966.27225 7.44703
2450967.27229 12.32989
2450968.27234 11.68420
2450969.27238 12.93744
2450970.27243 13.68377
2450971.27247 15.74489
2450972.27252 13.31093
2450973.27257 12.13039
2450974.27261 12.45562
2450975.27266 9.75842
2450976.27270 9.11212
2450977.27275 6.98013
2450978.27279 6.09255
2450979.27284 4.45499
2450980.27288 2.37861
2450981.27293 2.52000
2450982.27298 1.84117
2450983.27302 3.03878
2450984.27307 3.89867
2450985.27311 6.04236
2450986.27316 8.25803
2450987.27320 8.31604
2450988.27325 10.37198
2450989.27330 11.69367
2450990.27334 16.49137
2450991.27339 15.76670
2450992.27343 15.39954
2450993.27348 13.54063
2450994.27352 12.38616
2450995.27357 12.94940
2450996.27362 12.64245
2450997.27366 9.53543
2450998.27371 7.20611
2450999.27375 6.87179
2451000.27380 4.54165
2451001.27384 3.62249
2451002.27389 2.99935
2451003.27393 2.74905
2451004.27398 2.64670
2451005.27403 4.10359
2451006.27407 3.99740
2451007.27412 6.84425
2451008.27416 9.47452
2451009.27421 10.02103
2451010.27425 12.09993
2451011.27430 14.00356
2451012.27435 14.00309
2451013.27439 13.60276
2451014.27444 11.24150
2451015.27448 17.57022
2451016.27453 13.21825
2451017.27457 12.21442
2451018.27462 10.10083
2451019.27466 7.47425
2451020.27471 6.12514
2451021.27476 4.79743
2451022.27480 4.24980
2451023.27485 3.14172
2451209.28333 8.20285
2451210.28338 6.54437
2451211.28343 5.96156
2451212.28347 3.79298
2451213.28352 3.69287
2451214.28356 3.15764
2451215.28361 3.44995
2451216.28365 3.77034
2451217.28370 6.00625
2451218.28375 7.94888
2451219.28379 6.88966
2451220.28384 12.79122
2451221.28388 12.45738
2451222.28393 15.69178
2451223.28397 15.51404
2451224.28402 17.91826
2451225.28406 19.83668
2451226.28411 15.29683
2451227.28416 16.04618
2451228.28420 12.85664
2451229.28425 11.59325
2451230.28429 7.40434
2451231.28434 7.20592
2451232.28438 5.41306
2451233.28443 4.01451
2451234.28448 3.36360
2451235.28452 3.10697
2451236.28457 3.18851
2451237.28461 4.24137
2451238.28466 4.98526
2451239.28470 5.36296
2451240.28475 7.67113
2451241.28480 6.19523
2451242.28484 11.20053
2451243.28489 14.92086
2451244.28493 15.44609
2451245.28498 15.90102
2451246.28502 17.21988
2451247.28507 13.25980
2451248.28511 13.31744
2451249.28516 13.94238
2451250.28521 10.03142
2451251.28525 9.97287
2451252.28530 7.35619
2451253.28534 5.34085
2451254.28539 4.15717
2451255.28543 3.19260
2451256.28548 2.80615
2451257.28553 2.95723
2451258.28557 3.95756
2451259.28562 5.43187
2451260.28566 6.40956
2451261.28571 8.60420
2451262.28575 10.04893
2451263.28580 12.78483
2451264.28584 12.71093
2451265.28589 13.61479
2451266.28594 16.74022
2451267.28598 16.32758
2451268.28603 15.81553
2451269.28607 15.11944
2451270.28612 11.91510
2451271.28616 11.44514
2451272.28621 10.15685
2451273.28626 8.71785
2451274.28630 5.75360
2451275.28635 4.11122
2451276.28639 3.26743
2451277.28644 2.49978
2451278.28648 2.83559
2451279.28653 2.99767
2451280.28657 3.96328
2451281.28662 6.90978
2451282.28667 6.96703
2451283.28671 8.65853
2451284.28676 11.61950
2451285.28680 14.55759
2451286.28685 13.29471
2451287.28689 12.58541
2451288.28694 15.52897
2451289.28699 17.74208
2451290.28703 11.21212
2451291.28708 9.99086
2451292.28712 10.42929
2451293.28717 10.98920
2451294.28721 6.25819
2451295.28726 4.89174
2451296.28730 4.24626
2451297.28735 3.35384
2451298.28740 2.48143
2451299.28744 3.21712
2451300.28749 3.37073
2451301.28753 3.83326
2451302.28758 5.89280
2451303.28762 7.04852
2451304.28767 9.80197
2451305.28772 11.41809
2451306.28776 12.90406
2451307.28781 11.57707
2451308.28785 16.77554
2451309.28790 15.86755
2451310.28794 12.19416
2451311.28799 15.90239
2451312.28804 12.33868
2451313.28808 8.70770
2451314.28813 9.70961
2451315.28817 8.66178
2451316.28822 5.47287
2451317.28826 4.49298
2451318.28831 2.86215
2451319.28835 2.06903
2451320.28840 2.67932
2451321.28845 2.81558
2451322.28849 3.74544
2451323.28854 5.02547
2451324.28858 7.49556
2451325.28863 9.35377
2451326.28867 10.89869
2451327.28872 13.39518
2451328.28877 13.62623
2451329.28881 13.09077
2451330.28886 13.65131
2451331.28890 15.17983
2451332.28895 13.18260
2451333.28899 11.43859
2451334.28904 10.78319
2451335.28908 10.09922
2451336.28913 5.84145
2451337.28918 6.06544
2451338.28922 3.22710
2451339.28927 2.58689
2451340.28931 2.25877
2451341.28936 2.02887
2451342.28940 2.27470
2451343.28945 3.53752
2451344.28950 4.63940
2451345.28954 6.69842
2451346.28959 9.04747
2451347.28963 10.37591
2451348.28968 11.20436
2451349.28972 11.17246
2451350.28977 13.74035
2451351.28981 16.00566
2451352.28986 15.10564
2451353.28991 13.59337
2451354.28995 13.79591
2451355.29000 10.92156
2451356.29004 7.49812
2451357.29009 6.52055
2451358.29013 5.12354
2451359.29018 3.98786
2451360.29023 2.25983
2451361.29027 1.71990
2451362.29032 1.63183
2451363.29036 2.15848
2451364.29041 2.90207
2451365.29045 4.04191
2451366.29050 6.42160
2451367.29054 8.78427
2451368.29059 10.23773
2451369.29064 11.98070
2451370.29068 13.60375
2451371.29073 15.44838
2451372.29077 13.42587
2451373.29082 17.40862
2451374.29086 13.80440
2451375.29091 11.28160
2451376.29096 11.42720
2451377.29100 9.24554
2451378.29105 6.77709
2451379.29109 5.49929
2451380.29114 3.66823
2451381.29118 1.99516
2451382.29123 1.53183
2451383.29127 1.20937
2451384.29132 1.51730
2451385.29137 2.09011
2451386.29141 3.60880
2451387.29146 5.16805
2451388.29150 7.51761
2451575.30004 -1.63300
2451576.30008 -0.38408
2451577.30013 1.43469
2451578.30017 2.73330
2451579.30022 4.80614
2451580.30026 6.31385
2451581.30031 7.95568
2451582.30036 8.73886
2451583.30040 8.33225
2451584.30045 8.87704
2451585.30049 7.78914
2451586.30054 8.94250
2451587.30058 5.89114
2451588.30063 3.95596
2451589.30068 2.91426
2451590.30072 0.67874
2451591.30077 -1.07923
2451592.30081 -2.48966
2451593.30086 -2.74373
2451594.30090 -3.44036
2451595.30095 -3.52271
2451596.30099 -2.08481
2451597.30104 -1.14864
2451598.30109 0.51814
2451599.30113 2.51896
2451600.30118 4.25557
2451601.30122 5.79017
2451602.30127 7.67964
2451603.30131 7.53557
2451604.30136 9.08112
2451605.30141 7.98910
2451606.30145 6.71653
2451607.30150 6.68534
2451608.30154 5.62640
2451609.30159 3.94098
2451610.30163 2.03772
2451611.30168 0.20286
2451612.30172 -1.24138
2451613.30177 -2.54940
2451614.30182 -3.11742
2451615.30186 -3.57641
2451616.30191 -3.67689
2451617.30195 -3.16271
2451618.30200 -2.01195
2451619.30204 -0.20474
2451620.30209 1.48199
2451621.30214 3.66718
2451622.30218 5.05773
2451623.30223 6.45894
2451624.30227 7.40897
2451625.30232 8.83703
2451626.30236 8.96779
2451627.30241 7.81166
2451628.30246 7.01597
2451629.30250 5.88424
2451630.30255 2.95519
2451631.30259 1.62564
2451632.30264 -0.11063
2451633.30268 -1.95964
2451634.30273 -3.06849
2451635.30277 -4.29617
2451636.30282 -4.88454
2451637.30287 -4.36290
2451638.30291 -3.66147
2451639.30296 -2.37273
2451640.30300 -0.92502
2451641.30305 0.76516
2451642.30309 2.74071
2451643.30314 3.95221
2451644.30319 5.59494
2451645.30323 8.32352
2451646.30328 9.80403
2451647.30332 7.46098
2451648.30337 9.00005
2451649.30341 5.35509
2451650.30346 4.56259
2451651.30350 3.70107
2451652.30355 1.42416
2451653.30360 -0.43556
2451654.30364 -2.09014
2451655.30369 -3.76196
2451656.30373 -4.75182
2451657.30378 -4.75111
2451658.30382 -5.24843
2451659.30387 -4.25952
2451660.30392 -3.92305
2451661.30396 -1.88519
2451662.30401 -0.00343
2451663.30405 1.68610
2451664.30410 3.54925
2451665.30414 4.89755
2451666.30419 6.57822
2451667.30423 8.09667
2451668.30428 6.75642
2451669.30433 6.93482
2451670.30437 5.22670
2451671.30442 4.94472
2451672.30446 2.76965
2451673.30451 1.03116
2451674.30455 -0.97491
2451675.30460 -2.59087
2451676.30465 -4.60263
2451677.30469 -6.24542
2451678.30474 -5.04764
2451679.30478 -6.34241
2451680.30483 -5.53439
2451681.30487 -3.89405
2451682.30492 -2.64217
2451683.30496 -0.90362
2451684.30501 1.11553
2451685.30506 2.56315
2451686.30510 4.25465
2451687.30515 5.54887
2451688.30519 6.52654
2451689.30524 6.89409
2451690.30528 7.01151
2451691.30533 6.16326
2451692.30538 4.09048
2451693.30542 2.80589
2451694.30547 0.70251
2451695.30551 -1.25160
2451696.30556 -3.19974
2451697.30560 -4.33589
2451698.30565 -5.66039
2451699.30569 -6.83592
2451700.30574 -7.99227
2451701.30579 -4.84390
2451702.30583 -5.64762
2451703.30588 -2.71457
2451704.30592 -1.48572
2451705.30597 0.25805
2451706.30601 2.35517
2451707.30606 4.28922
2451708.30611 5.63707
2451709.30615 5.39041
2451710.30620 6.24444
2451711.30624 5.36563
2451712.30629 5.37370
2451713.30633 3.73598
2451714.30638 2.10417
2451715.30643 0.27640
2451716.30647 -1.47031
2451717.30652 -2.82579
2451718.30656 -4.74943
2451719.30661 -5.90815
2451720.30665 -6.33494
2451721.30670 -5.28045
2451722.30674 -4.83974
2451723.30679 -5.07355
2451724.30684 -4.36732
2451725.30688 -2.56688
2451726.30693 -0.50528
2451727.30697 1.45871
2451728.30702 3.09520
2451729.30706 4.68573
2451730.30711 5.53564
2451731.30716 4.54611
2451732.30720 4.61320
2451733.30725 3.98286
2451734.30729 3.10397
2451735.30734 1.98437
2451736.30738 -0.04898
2451737.30743 -2.03871
2451738.30747 -3.86707
2451739.30752 -5.30782
2451740.30757 -6.92017
2451741.30761 -7.62182
2451742.30766 -6.81978
2451743.30770 -7.14797
2451744.30775 -6.35807
2451745.30779 -4.76330
2451746.30784 -2.93306
2451747.30789 -1.15088
2451748.30793 0.52043
2451749.30798 2.32733
2451750.30802 3.33914
2451751.30807 4.07694
2451752.30811 4.85890
2451753.30816 4.91087
2451754.30820 4.58285
2451940.31669 -1.05913
2451941.31674 -0.24955
2451942.31678 0.19289
2451943.31683 0.07836
2451944.31688 -0.62229
2451945.31692 -1.83473
2451946.31697 -3.11844
2451947.31701 -4.79241
2451948.31706 -7.07066
2451949.31710 -7.90606
2451950.31715 -10.44439
2451951.31719 -12.36845
2451952.31724 -12.46802
2451953.31729 -10.64671
2451954.31733 -12.82728
2451955.31738 -11.93190
2451956.31742 -10.78648
2451957.31747 -8.91707
2451958.31751 -6.99643
2451959.31756 -4.87188
2451960.31761 -3.10833
2451961.31765 -1.79011
2451962.31770 -0.67455
2451963.31774 -0.30264
2451964.31779 -0.30386
2451965.31783 -0.85942
2451966.31788 -1.69038
2451967.31792 -3.06999
2451968.31797 -4.79595
2451969.31802 -8.09057
2451970.31806 -8.45815
2451971.31811 -12.08634
2451972.31815 -13.74163
2451973.31820 -13.02480
2451974.31824 -15.22685
2451975.31829 -14.87871
2451976.31834 -12.44030
2451977.31838 -11.25424
2451978.31843 -9.71612
2451979.31847 -8.66466
2451980.31852 -5.80438
2451981.31856 -3.43716
2451982.31861 -2.44168
2451983.31865 -1.16513
2451984.31870 -0.58117
2451985.31875 -0.64695
2451986.31879 -1.17654
2451987.31884 -2.24210
2451988.31888 -3.93775
2451989.31893 -5.32388
2451990.31897 -7.70313
2451991.31902 -7.90660
2451992.31907 -10.71882
2451993.31911 -12.17082
2451994.31916 -13.07883
2451995.31920 -13.78209
2451996.31925 -15.58875
2451997.31929 -11.15528
2451998.31934 -14.01508
2451999.31938 -10.13276
2452000.31943 -8.29154
2452001.31948 -6.22983
2452002.31952 -5.44043
2452003.31957 -2.65806
2452004.31961 -1.72468
2452005.31966 -1.12535
2452006.31970 -1.15134
2452007.31975 -1.44081
2452008.31980 -3.01044
2452009.31984 -3.54339
2452010.31989 -4.77816
2452011.31993 -6.56645
2452012.31998 -9.79962
2452013.32002 -10.00416
2452014.32007 -11.77702
2452015.32011 -17.86997
2452016.32016 -14.73481
2452017.32021 -12.28920
2452018.32025 -14.35495
2452019.32030 -12.73353
2452020.32034 -10.58248
2452021.32039 -7.84129
2452022.32043 -5.84810
2452023.32048 -5.41522
2452024.32053 -3.47454
2452025.32057 -2.22922
2452026.32062 -1.70613
2452027.32066 -1.37041
2452028.32071 -1.62261
2452029.32075 -2.76354
2452030.32080 -4.77979
2452031.32085 -6.38822
2452032.32089 -7.51389
2452033.32094 -9.65927
2452034.32098 -11.96431
2452035.32103 -14.08278
2452036.32107 -13.68288
2452037.32112 -16.06930
2452038.32116 -13.25186
2452039.32121 -13.81361
2452040.32126 -12.52769
2452041.32130 -9.36676
2452042.32135 -9.06641
2452043.32139 -6.05494
2452044.32144 -5.87985
2452045.32148 -4.31577
2452046.32153 -2.97910
2452047.32158 -1.80823
2452048.32162 -1.64597
2452049.32167 -1.95419
2452050.32171 -3.19332
2452051.32176 -5.28494
2452052.32180 -5.51171
2452053.32185 -8.55667
2452054.32189 -10.38619
2452055.32194 -13.56660
2452056.32199 -13.10576
2452057.32203 -17.93630
2452058.32208 -15.86086
2452059.32212 -13.94629
2452060.32217 -14.69018
2452061.32221 -14.70276
2452062.32226 -12.25697
2452063.32231 -9.21917
2452064.32235 -8.22113
2452065.32240 -5.81493
2452066.32244 -4.98259
2452067.32249 -3.08504
2452068.32253 -2.15926
2452069.32258 -2.06237
2452070.32262 -2.24497
2452071.32267 -3.32979
2452072.32272 -4.41100
2452073.32276 -5.12035
2452074.32281 -7.97167
2452075.32285 -10.54462
2452076.32290 -9.99798
2452077.32294 -11.48820
2452078.32299 -14.34632
2452079.32304 -15.75284
2452080.32308 -15.27203
2452081.32313 -12.57050
2452082.32317 -14.50345
2452083.32322 -9.39538
2452084.32326 -11.22415
2452085.32331 -9.03445
2452086.32335 -7.25228
2452087.32340 -5.09953
2452088.32345 -2.94109
2452089.32349 -2.89522
2452090.32354 -2.33672
2452091.32358 -2.22318
2452092.32363 -2.87789
2452093.32367 -4.98865
2452094.32372 -6.54147
2452095.32377 -6.71273
2452096.32381 -10.94578
2452097.32386 -9.41172
2452098.32390 -15.40473
2452099.32395 -15.30325
2452100.32399 -17.42212
2452101.32404 -10.90117
2452102.32409 -15.10977
2452103.32413 -14.67442
2452104.32418 -9.22101
2452105.32422 -9.92530
2452106.32427 -8.69241
2452107.32431 -6.20123
2452108.32436 -4.90246
2452109.32440 -3.38755
2452110.32445 -3.17282
2452111.32450 -2.72389
2452112.32454 -2.49296
2452113.32459 -3.76332
2452114.32463 -4.64410
2452115.32468 -5.69952
2452116.32472 -7.24664
2452117.32477 -8.26579
2452118.32482 -10.35028
2452119.32486 -13.29940
2452305.33335 -7.15110
2452306.33339 -9.63678
2452307.33344 -10.20850
2452308.33349 -12.69471
2452309.33353 -11.82575
2452310.33358 -15.08609
2452311.33362 -15.82484
2452312.33367 -17.92173
2452313.33371 -18.40277
2452314.33376 -16.28530
2452315.33380 -14.94159
2452316.33385 -12.21860
2452317.33390 -9.01824
2452318.33394 -6.97683
2452319.33399 -6.02702
2452320.33403 -4.72068
2452321.33408 -4.52834
2452322.33412 -3.56832
2452323.33417 -3.20050
2452324.33422 -3.73622
2452325.33426 -5.91719
2452326.33431 -7.18506
2452327.33435 -8.47500
2452328.33440 -12.18393
2452329.33444 -13.29782
2452330.33449 -10.71850
2452331.33454 -12.25393
2452332.33458 -16.76891
2452333.33463 -14.89564
2452334.33467 -15.53101
2452335.33472 -14.72209
2452336.33476 -14.15012
2452337.33481 -12.75811
2452338.33485 -10.93259
2452339.33490 -8.01683
2452340.33495 -6.11676
2452341.33499 -4.51080
2452342.33504 -2.98550
2452343.33508 -2.51713
2452344.33513 -3.07831
2452345.33517 -4.67236
2452346.33522 -6.05018
2452347.33527 -6.29771
2452348.33531 -7.57028
2452349.33536 -9.50796
2452350.33540 -14.30070
2452351.33545 -14.26089
2452352.33549 -15.44735
2452353.33554 -14.91037
2452354.33558 -16.00205
2452355.33563 -14.45681
2452356.33568 -13.33463
2452357.33572 -15.17098
2452358.33577 -13.94583
2452359.33581 -11.19301
2452360.33586 -8.95504
2452361.33590 -6.22247
2452362.33595 -4.58877
2452363.33600 -3.26529
2452364.33604 -3.26391
2452365.33609 -3.42787
2452366.33613 -3.41963
2452367.33618 -5.25904
2452368.33622 -6.05306
2452369.33627 -7.03831
2452370.33631 -10.29445
2452371.33636 -13.34462
2452372.33641 -11.00884
2452373.33645 -13.73512
2452374.33650 -16.43741
2452375.33654 -13.36079
2452376.33659 -18.34656
2452377.33663 -12.04725
2452378.33668 -14.01707
2452379.33673 -12.92904
2452380.33677 -11.93820
2452381.33682 -8.57164
2452382.33686 -5.91484
2452383.33691 -4.71696
2452384.33695 -3.25084
2452385.33700 -3.00236
2452386.33704 -2.68322
2452387.33709 -3.08837
2452388.33714 -4.95090
2452389.33718 -5.37043
2452390.33723 -6.81202
2452391.33727 -9.11239
2452392.33732 -11.24616
2452393.33736 -14.61636
2452394.33741 -14.35166
2452395.33746 -18.13834
2452396.33750 -18.26646
2452397.33755 -15.91166
2452398.33759 -16.25137
2452399.33764 -13.71152
2452400.33768 -11.30526
2452401.33773 -10.43419
2452402.33777 -9.01348
2452403.33782 -6.11656
2452404.33787 -4.71248
2452405.33791 -3.91907
2452406.33796 -3.22339
2452407.33800 -2.81869
2452408.33805 -2.84943
2452409.33809 -3.70537
2452410.33814 -5.07738
2452411.33819 -6.98495
2452412.33823 -8.88918
2452413.33828 -12.19029
2452414.33832 -12.15395
2452415.33837 -13.09818
2452416.33841 -18.26044
2452417.33846 -16.06665
2452418.33851 -15.13905
2452419.33855 -14.97609
2452420.33860 -15.09836
2452421.33864 -14.38192
2452422.33869 -9.10140
2452423.33873 -8.43966
2452424.33878 -6.63789
2452425.33882 -5.03352
2452426.33887 -3.08590
2452427.33892 -1.94816
2452428.33896 -2.09820
2452429.33901 -3.10188
2452430.33905 -3.50729
2452431.33910 -4.92840
2452432.33914 -7.39140
2452433.33919 -8.30605
2452434.33924 -8.52710
2452435.33928 -11.36516
2452436.33933 -13.05580
2452437.33937 -15.28579
2452438.33942 -16.41003
2452439.33946 -15.47562
2452440.33951 -13.46991
2452441.33955 -13.75406
2452442.33960 -12.09163
2452443.33965 -10.21828
2452444.33969 -7.60815
2452445.33974 -6.94717
2452446.33978 -4.75413
2452447.33983 -3.35571
2452448.33987 -2.53849
2452449.33992 -2.15764
2452450.33997 -2.44286
2452451.34001 -2.94093
2452452.34006 -4.77363
2452453.34010 -6.24505
2452454.34015 -9.42479
2452455.34019 -10.78493
2452456.34024 -9.97041
2452457.34028 -13.84412
2452458.34033 -9.45540
2452459.34038 -16.07717
2452460.34042 -12.81519
2452461.34047 -14.14709
2452462.34051 -13.84028
2452463.34056 -11.59338
2452464.34060 -8.79909
2452465.34065 -7.57937
2452466.34070 -5.94096
2452467.34074 -5.15333
2452468.34079 -3.60098
2452469.34083 -1.98226
2452470.34088 -2.12150
2452471.34092 -1.92922
2452472.34097 -2.81304
2452473.34101 -3.84676
2452474.34106 -5.17928
2452475.34111 -7.86728
2452476.34115 -10.02867
2452477.34120 -10.96570
2452478.34124 -12.28056
2452479.34129 -12.93755
2452480.34133 -14.60256
2452481.34138 -15.60503
2452482.34143 -13.65830
2452483.34147 -13.23740
2452484.34152 -12.18547
2452670.35000 -12.11342
2452671.35005 -9.90990
2452672.35010 -11.05125
2452673.35014 -7.99322
2452674.35019 -6.84383
2452675.35023 -5.24990
2452676.35028 -3.48873
2452677.35032 -2.15408
2452678.35037 -0.12176
2452679.35042 1.26697
2452680.35046 2.39421
2452681.35051 2.92817
2452682.35055 3.01938
2452683.35060 2.10072
2452684.35064 1.10572
2452685.35069 -0.73258
2452686.35073 -2.92383
2452687.35078 -4.57243
2452688.35083 -6.77196
2452689.35087 -6.70801
2452690.35092 -9.27254
2452691.35096 -9.22641
2452692.35101 -10.39104
2452693.35105 -10.03052
2452694.35110 -9.04668
2452695.35115 -7.82323
2452696.35119 -5.41570
2452697.35124 -3.72287
2452698.35128 -1.80036
2452699.35133 0.22104
2452700.35137 1.64666
2452701.35142 3.16900
2452702.35146 3.36557
2452703.35151 3.68495
2452704.35156 2.72920
2452705.35160 1.64617
2452706.35165 0.16010
2452707.35169 -1.90966
2452708.35174 -3.84525
2452709.35178 -6.83799
2452710.35183 -7.74642
2452711.35188 -8.03534
2452712.35192 -8.95362
2452713.35197 -7.99640
2452714.35201 -9.37206
2452715.35206 -7.11650
2452716.35210 -6.66855
2452717.35215 -5.51341
2452718.35219 -3.54036
2452719.35224 -1.01839
2452720.35229 0.64372
2452721.35233 2.06250
2452722.35238 3.12576
2452723.35242 4.56849
2452724.35247 4.08266
2452725.35251 3.14114
2452726.35256 2.22496
2452727.35261 0.84364
2452728.35265 -0.86424
2452729.35270 -2.34961
2452730.35274 -5.38594
2452731.35279 -6.47699
2452732.35283 -6.75045
2452733.35288 -8.72567
2452734.35293 -8.50051
2452735.35297 -8.43278
2452736.35302 -9.29338
2452737.35306 -6.59585
2452738.35311 -5.21623
2452739.35315 -2.54592
2452740.35320 -0.73523
2452741.35324 1.07743
2452742.35329 2.84159
2452743.35334 3.63364
2452744.35338 5.14375
2452745.35343 4.91350
2452746.35347 3.83136
2452747.35352 2.58065
2452748.35356 1.92127
2452749.35361 -0.06828
2452750.35366 -1.86850
2452751.35370 -3.54722
2452752.35375 -6.11085
2452753.35379 -5.58766
2452754.35384 -8.44301
2452755.35388 -8.87333
2452756.35393 -8.09894
2452757.35397 -7.43167
2452758.35402 -6.42824
2452759.35407 -4.45861
2452760.35411 -2.27796
2452761.35416 -0.49955
2452762.35420 1.36714
2452763.35425 2.49818
2452764.35429 3.85169
2452765.35434 4.27564
2452766.35439 5.76214
2452767.35443 5.02878
2452768.35448 3.98265
2452769.35452 2.44983
2452770.35457 0.77313
2452771.35461 -1.04078
2452772.35466 -2.83602
2452773.35470 -5.22809
2452774.35475 -7.39594
2452775.35480 -7.93382
2452776.35484 -8.42719
2452777.35489 -6.90221
2452778.35493 -6.23659
2452779.35498 -4.26745
2452780.35502 -4.43617
2452781.35507 -2.05325
2452782.35512 -0.08810
2452783.35516 1.98342
2452784.35521 3.03511
2452785.35525 5.23678
2452786.35530 5.78478
2452787.35534 6.02496
2452788.35539 6.19621
2452789.35543 4.20442
2452790.35548 3.28227
2452791.35553 1.33917
2452792.35557 -0.30802
2452793.35562 -2.39904
2452794.35566 -4.42417
2452795.35571 -6.32055
2452796.35575 -5.92959
2452797.35580 -6.83301
2452798.35585 -5.90048
2452799.35589 -5.34167
2452800.35594 -4.73000
2452801.35598 -3.93886
2452802.35603 -1.78026
2452803.35607 0.28717
2452804.35612 2.50464
2452805.35617 4.91394
2452806.35621 5.52828
2452807.35626 5.52665
2452808.35630 7.00970
2452809.35635 6.70160
2452810.35639 5.15504
2452811.35644 4.34289
2452812.35648 2.16946
2452813.35653 0.44067
2452814.35658 -1.21635
2452815.35662 -3.21493
2452816.35667 -4.00857
2452817.35671 -5.98538
2452818.35676 -6.40126
2452819.35680 -5.69826
2452820.35685 -6.69869
2452821.35690 -4.49940
2452822.35694 -3.23933
2452823.35699 -1.43670
2452824.35703 0.63007
2452825.35708 2.72704
2452826.35712 4.85983
2452827.35717 6.74577
2452828.35721 6.69491
2452829.35726 7.76717
2452830.35731 8.36828
2452831.35735 6.40584
2452832.35740 5.42788
2452833.35744 3.23824
2452834.35749 1.63367
2452835.35753 -0.59373
2452836.35758 -2.74797
2452837.35763 -3.43059
2452838.35767 -4.47887
2452839.35772 -4.84156
2452840.35776 -6.38207
2452841.35781 -5.26368
2452842.35785 -4.82579
2452843.35790 -3.31075
2452844.35794 -0.95339
2452845.35799 1.07186
2452846.35804 2.93956
2452847.35808 4.95982
2452848.35813 6.76333
2452849.35817 9.11700
2453036.36671 8.12080
2453037.36675 7.97618
2453038.36680 9.69812
2453039.36684 12.32353
2453040.36689 12.75436
2453041.36693 12.43269
2453042.36698 14.66691
2453043.36703 10.25490
2453044.36707 8.99220
2453045.36712 7.78231
2453046.36716 4.86338
2453047.36721 3.18525
2453048.36725 2.00578
2453049.36730 0.59461
2453050.36735 -0.13928
2453051.36739 -0.32260
2453052.36744 0.18540
2453053.36748 1.43132
2453054.36753 2.01061
2453055.36757 4.19775
2453056.36762 5.98110
2453057.36766 8.11441
2453058.36771 9.81214
2453059.36776 10.40537
2453060.36780 12.51739
2453061.36785 11.70228
2453062.36789 12.26162
2453063.36794 13.36315
2453064.36798 10.18586
2453065.36803 9.95992
2453066.36808 9.00759
2453067.36812 6.01421
2453068.36817 4.20969
2453069.36821 2.64036
2453070.36826 1.17417
2453071.36830 0.36111
2453072.36835 0.17742
2453073.36839 0.51720
2453074.36844 1.30260
2453075.36849 3.06159
2453076.36853 4.67074
2453077.36858 6.25582
2453078.36862 9.93781
2453079.36867 10.87228
2453080.36871 13.13946
2453081.36876 13.43184
2453082.36881 15.14905
2453083.36885 13.04629
2453084.36890 11.32087
2453085.36894 11.33859
2453086.36899 11.39871
2453087.36903 7.48336
2453088.36908 6.81915
2453089.36912 4.97904
2453090.36917 3.47787
2453091.36922 1.92606
2453092.36926 0.81654
2453093.36931 0.55715
2453094.36935 1.15854
2453095.36940 2.18609
2453096.36944 2.81535
2453097.36949 4.55742
2453098.36954 7.42348
2453099.36958 7.55147
2453100.36963 10.47154
2453101.36967 12.19377
2453102.36972 14.07628
2453103.36976 15.76552
2453104.36981 16.49620
2453105.36985 13.02077
2453106.36990 11.99843
2453107.36995 12.06105
2453108.36999 10.61308
2453109.37004 7.53249
2453110.37008 6.10793
2453111.37013 3.81277
2453112.37017 2.36130
2453113.37022 1.34241
2453114.37027 0.92505
2453115.37031 1.15086
2453116.37036 1.97664
2453117.37040 3.61210
2453118.37045 5.45495
2453119.37049 7.14721
2453120.37054 8.39823
2453121.37059 11.24727
2453122.37063 11.49852
2453123.37068 13.15994
2453124.37072 14.40435
2453125.37077 14.43166
2453126.37081 12.38529
2453127.37086 13.28311
2453128.37090 11.55299
2453129.37095 11.02469
2453130.37100 7.47601
2453131.37104 6.60881
2453132.37109 4.90074
2453133.37113 2.71679
2453134.37118 1.96722
2453135.37122 1.68445
2453136.37127 1.30709
2453137.37132 2.24126
2453138.37136 4.41968
2453139.37141 5.55715
2453140.37145 7.70196
2453141.37150 7.97068
2453142.37154 11.43102
2453143.37159 13.22558
2453144.37163 13.36373
2453145.37168 15.22658
2453146.37173 12.15231
2453147.37177 16.64401
2453148.37182 15.96063
2453149.37186 10.73187
2453150.37191 10.78343
2453151.37195 7.85362
2453152.37200 6.92043
2453153.37205 4.78710
2453154.37209 3.25141
2453155.37214 2.50597
2453156.37218 2.01617
2453157.37223 1.64554
2453158.37227 2.99631
2453159.37232 3.98725
2453160.37236 4.85774
2453161.37241 7.41826
2453162.37246 9.02841
2453163.37250 11.47077
2453164.37255 12.91736
2453165.37259 13.26291
2453166.37264 13.78619
2453167.37268 14.43967
2453168.37273 13.57465
2453169.37278 16.07303
2453170.37282 12.50459
2453171.37287 11.01463
2453172.37291 9.76748
2453173.37296 8.32077
2453174.37300 5.29393
2453175.37305 4.09909
2453176.37309 2.76326
2453177.37314 2.24146
2453178.37319 2.15424
2453179.37323 2.79169
2453180.37328 4.31358
2453181.37332 5.57479
2453182.37337 6.91296
2453183.37341 9.48049
2453184.37346 10.83532
2453185.37351 13.95892
2453186.37355 12.33559
2453187.37360 16.41311
2453188.37364 16.85886
2453189.37369 16.41196
2453190.37373 13.51900
2453191.37378 13.10770
2453192.37382 12.10118
2453193.37387 8.83730
2453194.37392 6.88274
2453195.37396 5.83199
2453196.37401 4.30828
2453197.37405 3.35063
2453198.37410 2.56502
2453199.37414 1.96656
2453200.37419 2.91076
2453201.37424 4.33352
2453202.37428 5.26408
2453203.37433 7.79193
2453204.37437 8.63563
2453205.37442 11.27044
2453206.37446 13.62199
2453207.37451 17.15231
2453208.37456 15.23750
2453209.37460 16.66409
2453210.37465 15.04455
2453211.37469 13.62091
2453212.37474 13.24106
2453213.37478 11.60344
2453214.37483 9.82420
2453215.37487 8.33748
2453401.38336 15.61543
2453402.38341 13.04203
2453403.38345 12.87831
2453404.38350 12.02309
2453405.38354 10.25739
2453406.38359 7.88090
2453407.38364 5.90932
2453408.38368 4.32596
2453409.38373 2.99200
2453410.38377 3.18712
2453411.38382 4.34131
2453412.38386 5.97486
2453413.38391 6.01863
2453414.38396 9.10703
2453415.38400 9.70644
2453416.38405 11.43370
2453417.38409 14.76816
2453418.38414 14.81231
2453419.38418 14.31642
2453420.38423 16.46363
2453421.38427 16.34853
2453422.38432 13.82527
2453423.38437 17.05512
2453424.38441 13.82510
2453425.38446 10.78440
2453426.38450 8.48604
2453427.38455 7.41516
2453428.38459 5.16578
2453429.38464 4.51015
2453430.38469 2.88853
2453431.38473 3.35917
2453432.38478 4.79343
2453433.38482 4.85866
2453434.38487 5.18171
2453435.38491 9.24191
2453436.38496 10.64205
2453437.38501 11.64418
2453438.38505 15.03293
2453439.38510 12.87013
2453440.38514 15.35645
2453441.38519 17.84154
2453442.38523 19.30458
2453443.38528 14.00041
2453444.38532 10.72094
2453445.38537 13.94733
2453446.38542 11.77243
2453447.38546 8.58865
2453448.38551 7.76706
2453449.38555 5.97087
2453450.38560 4.86220
2453451.38564 4.00376
2453452.38569 3.17607
2453453.38574 3.72403
2453454.38578 4.27303
2453455.38583 6.26398
2453456.38587 7.38696
2453457.38592 11.20802
2453458.38596 11.61297
2453459.38601 12.40671
2453460.38605 13.74944
2453461.38610 15.38798
2453462.38615 17.11985
2453463.38619 18.78549
2453464.38624 16.70044
2453465.38628 15.24724
2453466.38633 12.64205
2453467.38637 10.58936
2453468.38642 7.92993
2453469.38647 8.15382
2453470.38651 5.56087
2453471.38656 4.74348
2453472.38660 3.49933
2453473.38665 2.74490
2453474.38669 3.30026
2453475.38674 4.96886
2453476.38678 6.16179
2453477.38683 6.36980
2453478.38688 8.28124
2453479.38692 12.09554
2453480.38697 12.98451
2453481.38701 16.72975
2453482.38706 16.50289
2453483.38710 12.15114
2453484.38715 14.22812
2453485.38720 14.46700
2453486.38724 16.31319
2453487.38729 16.18251
2453488.38733 12.22914
2453489.38738 8.55944
2453490.38742 8.99293
2453491.38747 5.67868
2453492.38751 4.59165
2453493.38756 4.22101
2453494.38761 2.90952
2453495.38765 2.95481
2453496.38770 4.55709
2453497.38774 4.82087
2453498.38779 6.02345
2453499.38783 10.11359
2453500.38788 10.98711
2453501.38793 13.24391
2453502.38797 15.73449
2453503.38802 19.56370
2453504.38806 17.55599
2453505.38811 18.11205
2453506.38815 12.96318
2453507.38820 17.10566
2453508.38824 15.71455
2453509.38829 10.19995
2453510.38834 9.41231
2453511.38838 8.06728
2453512.38843 6.54235
2453513.38847 3.46921
2453514.38852 3.21314
2453515.38856 2.49758
2453516.38861 2.14265
2453517.38866 3.83633
2453518.38870 4.69433
2453519.38875 6.96376
2453520.38879 7.84138
2453521.38884 11.15157
2453522.38888 11.03937
2453523.38893 12.11175
2453524.38898 15.51780
2453525.38902 15.16900
2453526.38907 14.10465
2453527.38911 15.26044
2453528.38916 12.51077
2453529.38920 13.73427
2453530.38925 10.91492
2453531.38929 9.32554
2453532.38934 7.48656
2453533.38939 5.67526
2453534.38943 3.85952
2453535.38948 2.70307
2453536.38952 2.65193
2453537.38957 2.72285
2453538.38961 3.17875
2453539.38966 4.06442
2453540.38971 5.99849
2453541.38975 7.28465
2453542.38980 9.98692
2453543.38984 9.67729
2453544.38989 12.93583
2453545.38993 15.02986
2453546.38998 17.47515
2453547.39002 14.76284
2453548.39007 18.43758
2453549.39012 16.60562
2453550.39016 12.96525
2453551.39021 11.90451
2453552.39025 9.79959
2453553.39030 6.16145
2453554.39034 5.99667
2453555.39039 3.68179
2453556.39044 3.03698
2453557.39048 2.36888
2453558.39053 2.11293
2453559.39057 2.85557
2453560.39062 3.99135
2453561.39066 4.97188
2453562.39071 6.26678
2453563.39075 6.54866
2453564.39080 10.74764
2453565.39085 13.65950
2453566.39089 13.20979
2453567.39094 15.68258
2453568.39098 17.92176
2453569.39103 15.56616
2453570.39107 14.87924
2453571.39112 11.88149
2453572.39117 11.81408
2453573.39121 9.80963
2453574.39126 7.62776
2453575.39130 5.48011
2453576.39135 4.28569
2453577.39139 2.13411
2453578.39144 1.95940
2453579.39148 1.94335
2453580.39153 2.07526
2453766.40002 -0.23244
2453767.40006 -1.55709
2453768.40011 -2.05955
2453769.40016 -2.28194
2453770.40020 -1.92463
2453771.40025 -0.80031
2453772.40029 0.75237
2453773.40034 2.20409
2453774.40038 4.45961
2453775.40043 6.72904
2453776.40047 8.28443
2453777.40052 8.38128
2453778.40057 11.11190
2453779.40061 10.50878
2453780.40066 11.90599
2453781.40070 11.48235
2453782.40075 8.05262
2453783.40079 6.41579
2453784.40084 4.83963
2453785.40089 3.10362
2453786.40093 0.97662
2453787.40098 -0.72602
2453788.40102 -1.86106
2453789.40107 -2.89142
2453790.40111 -2.39864
2453791.40116 -2.71564
2453792.40120 -1.54856
2453793.40125 -0.03946
2453794.40130 1.82171
2453795.40134 3.39243
2453796.40139 5.84050
2453797.40143 8.67036
2453798.40148 7.97408
2453799.40152 11.41544
2453800.40157 12.47718
2453801.40162 12.18747
2453802.40166 11.38496
2453803.40171 9.04568
2453804.40175 5.89814
2453805.40180 4.25672
2453806.40184 2.25653
2453807.40189 0.67555
2453808.40193 -1.27531
2453809.40198 -2.28411
2453810.40203 -2.90858
2453811.40207 -3.84005
2453812.40212 -3.40662
2453813.40216 -2.87309
2453814.40221 -0.81664
2453815.40225 1.02146
2453816.40230 3.10045
2453817.40235 4.12973
2453818.40239 6.85703
2453819.40244 8.06045
2453820.40248 8.37588
2453821.40253 8.85268
2453822.40257 10.46664
2453823.40262 8.27098
2453824.40266 8.09102
2453825.40271 6.46475
2453826.40276 3.79182
2453827.40280 2.76654
2453828.40285 0.25582
2453829.40289 -1.63288
2453830.40294 -3.22817
2453831.40298 -3.77437
2453832.40303 -4.39696
2453833.40308 -3.63058
2453834.40312 -2.72153
2453835.40317 -1.51786
2453836.40321 0.13363
2453837.40326 1.68060
2453838.40330 3.18497
2453839.40335 7.20190
2453840.40340 8.30197
2453841.40344 7.21121
2453842.40349 8.97238
2453843.40353 9.13086
2453844.40358 10.31321
2453845.40362 7.42263
2453846.40367 5.19146
2453847.40371 3.63667
2453848.40376 2.00484
2453849.40381 -0.10148
2453850.40385 -1.75719
2453851.40390 -3.72425
2453852.40394 -4.66750
2453853.40399 -4.56926
2453854.40403 -4.08345
2453855.40408 -3.90511
2453856.40413 -2.22015
2453857.40417 -0.63183
2453858.40422 1.26677
2453859.40426 2.96020
2453860.40431 4.57626
2453861.40435 7.16690
2453862.40440 7.27733
2453863.40444 8.88680
2453864.40449 8.72025
2453865.40454 6.31045
2453866.40458 7.08531
2453867.40463 5.34870
2453868.40467 3.23593
2453869.40472 1.34703
2453870.40476 -0.42404
2453871.40481 -2.44894
2453872.40486 -4.07851
2453873.40490 -4.57770
2453874.40495 -5.23908
2453875.40499 -5.44851
2453876.40504 -4.09903
2453877.40508 -2.99174
2453878.40513 -1.48674
2453879.40517 0.39157
2453880.40522 2.49733
2453881.40527 4.50655
2453882.40531 5.62417
2453883.40536 7.12328
2453884.40540 8.35285
2453885.40545 7.27160
2453886.40549 6.53494
2453887.40554 5.86945
2453888.40559 4.77631
2453889.40563 3.17038
2453890.40568 1.02097
2453891.40572 -0.87447
2453892.40577 -3.23650
2453893.40581 -5.26521
2453894.40586 -5.37644
2453895.40590 -4.79198
2453896.40595 -6.04019
2453897.40600 -5.46488
2453898.40604 -4.24645
2453899.40609 -2.62134
2453900.40613 -0.43793
2453901.40618 1.70885
2453902.40622 2.97161
2453903.40627 5.90181
2453904.40632 7.07482
2453905.40636 6.73131
2453906.40641 7.83261
2453907.40645 5.87224
2453908.40650 7.15687
2453909.40654 4.13576
2453910.40659 2.80061
2453911.40664 0.66723
2453912.40668 -1.18646
2453913.40673 -3.59295
2453914.40677 -5.16702
2453915.40682 -6.21854
2453916.40686 -6.47822
2453917.40691 -6.13391
2453918.40695 -6.05649
2453919.40700 -5.13236
2453920.40705 -3.00350
2453921.40709 -1.31804
2453922.40714 0.63220
2453923.40718 2.51809
2453924.40723 4.33883
2453925.40727 4.80771
2453926.40732 5.90206
2453927.40737 6.54019
2453928.40741 5.98559
2453929.40746 4.89445
2453930.40750 4.73788
2453931.40755 2.38374
2453932.40759 0.32564
2453933.40764 -1.54418
2453934.40768 -3.46453
2453935.40773 -5.53475
2453936.40778 -5.52325
2453937.40782 -6.91936
2453938.40787 -8.51574
2453939.40791 -6.56748
2453940.40796 -5.88460
2453941.40800 -4.48422
2453942.40805 -2.47790
2453943.40810 -0.16443
2453944.40814 1.79033
2453945.40819 3.41392
2454131.41667 -9.08276
2454132.41672 -6.71412
2454133.41677 -5.80914
2454134.41681 -3.63844
2454135.41686 -1.68473
2454136.41690 -0.33808
2454137.41695 0.55052
2454138.41699 0.86928
2454139.41704 0.55164
2454140.41708 -0.18498
2454141.41713 -1.37613
2454142.41718 -3.05385
2454143.41722 -4.45012
2454144.41727 -7.14967
2454145.41731 -8.27190
2454146.41736 -10.85387
2454147.41740 -12.58131
2454148.41745 -15.06337
2454149.41750 -11.40078
2454150.41754 -11.29093
2454151.41759 -12.72492
2454152.41763 -10.30068
2454153.41768 -9.75382
2454154.41772 -6.83276
2454155.41777 -4.71288
2454156.41782 -2.55535
2454157.41786 -0.85874
2454158.41791 -0.03132
2454159.41795 0.43604
2454160.41800 0.20599
2454161.41804 -0.63672
2454162.41809 -2.04403
2454163.41813 -3.99292
2454164.41818 -5.47616
2454165.41823 -9.61589
2454166.41827 -8.34541
2454167.41832 -11.44782
2454168.41836 -12.42073
2454169.41841 -12.22916
2454170.41845 -12.02066
2454171.41850 -12.83488
2454172.41855 -10.85471
2454173.41859 -11.60107
2454174.41864 -8.18401
2454175.41868 -7.73863
2454176.41873 -4.56531
2454177.41877 -2.95452
2454178.41882 -1.44686
2454179.41886 -0.71780
2454180.41891 -0.10499
2454181.41896 -0.22663
2454182.41900 -0.94732
2454183.41905 -2.27105
2454184.41909 -3.94855
2454185.41914 -4.47338
2454186.41918 -8.00235
2454187.41923 -9.46516
2454188.41928 -10.80295
2454189.41932 -13.85431
2454190.41937 -12.38190
2454191.41941 -15.15194
2454192.41946 -12.25015
2454193.41950 -13.85870
2454194.41955 -11.97489
2454195.41959 -8.93630
2454196.41964 -7.51807
2454197.41969 -5.40296
2454198.41973 -4.20637
2454199.41978 -1.89591
2454200.41982 -1.34630
2454201.41987 -0.54113
2454202.41991 -0.61332
2454203.41996 -1.37059
2454204.42001 -2.40012
2454205.42005 -3.87346
2454206.42010 -6.16154
2454207.42014 -8.51232
2454208.42019 -9.51997
2454209.42023 -9.85362
2454210.42028 -14.20418
2454211.42032 -13.09851
2454212.42037 -13.71520
2454213.42042 -11.44828
2454214.42046 -11.58500
2454215.42051 -10.73368
2454216.42055 -8.59378
2454217.42060 -8.09913
2454218.42064 -6.44274
2454219.42069 -4.02839
2454220.42074 -3.05000
2454221.42078 -1.45151
2454222.42083 -1.19758
2454223.42087 -1.16424
2454224.42092 -1.73381
2454225.42096 -2.99454
2454226.42101 -4.62423
2454227.42106 -7.44361
2454228.42110 -8.89354
2454229.42115 -10.56779
2454230.42119 -11.79197
2454231.42124 -13.80735
2454232.42128 -14.15236
2454233.42133 -14.51450
2454234.42137 -16.78062
2454235.42142 -12.69759
2454236.42147 -13.32473
2454237.42151 -13.74186
2454238.42156 -9.68761
2454239.42160 -6.86576
2454240.42165 -4.28691
2454241.42169 -2.98850
2454242.42174 -2.61169
2454243.42179 -1.68851
2454244.42183 -1.38352
2454245.42188 -1.89137
2454246.42192 -2.97838
2454247.42197 -4.38444
2454248.42201 -7.48344
2454249.42206 -8.60373
2454250.42210 -10.57803
2454251.42215 -13.61880
2454252.42220 -14.01655
2454253.42224 -14.90087
2454254.42229 -15.40889
2454255.42233 -12.32994
2454256.42238 -14.02045
2454257.42242 -13.63639
2454258.42247 -12.71735
2454259.42252 -8.47943
2454260.42256 -7.43845
2454261.42261 -6.01519
2454262.42265 -4.54332
2454263.42270 -2.47178
2454264.42274 -1.84870
2454265.42279 -1.92213
2454266.42283 -2.37680
2454267.42288 -3.19643
2454268.42293 -4.18902
2454269.42297 -6.33958
2454270.42302 -9.35733
2454271.42306 -9.13746
2454272.42311 -12.26576
2454273.42315 -15.05391
2454274.42320 -15.52872
2454275.42325 -15.36843
2454276.42329 -13.78704
2454277.42334 -15.23341
2454278.42338 -15.73356
2454279.42343 -12.89321
2454280.42347 -8.14037
2454281.42352 -6.61276
2454282.42356 -5.82200
2454283.42361 -5.45560
2454284.42366 -2.52380
2454285.42370 -2.54339
2454286.42375 -1.93938
2454287.42379 -2.47933
2454288.42384 -3.19744
2454289.42388 -4.66670
2454290.42393 -6.55417
2454291.42398 -8.85738
2454292.42402 -11.88937
2454293.42407 -13.80243
2454294.42411 -14.23024
2454295.42416 -16.12574
2454296.42420 -16.05152
2454297.42425 -14.48665
2454298.42429 -14.31451
2454299.42434 -13.65961
2454300.42439 -12.20904
2454301.42443 -10.49937
2454302.42448 -7.78058
2454303.42452 -6.62440
2454304.42457 -5.40933
2454305.42461 -2.70795
2454306.42466 -2.86214
2454307.42471 -2.83323
2454308.42475 -2.73534
2454309.42480 -4.03741
2454310.42484 -5.63861
2454497.43338 -3.62071
2454498.43342 -3.81350
2454499.43347 -5.26868
2454500.43351 -6.34834
2454501.43356 -6.97147
2454502.43360 -11.62242
2454503.43365 -11.81862
2454504.43370 -14.74760
2454505.43374 -15.13865
2454506.43379 -17.45151
2454507.43383 -19.53926
2454508.43388 -16.34331
2454509.43392 -13.40889
2454510.43397 -14.77720
2454511.43401 -14.34400
2454512.43406 -11.42119
2454513.43411 -10.41291
2454514.43415 -6.94269
2454515.43420 -6.42231
2454516.43424 -4.13494
2454517.43429 -3.70968
2454518.43433 -3.47695
2454519.43438 -3.75925
2454520.43443 -4.48148
2454521.43447 -6.70541
2454522.43452 -7.67671
2454523.43456 -8.02125
2454524.43461 -12.33196
2454525.43465 -13.90597
2454526.43470 -14.23530
2454527.43474 -19.06640
2454528.43479 -19.10883
2454529.43484 -14.81856
2454530.43488 -17.35584
2454531.43493 -13.34016
2454532.43497 -13.21406
2454533.43502 -13.04871
2454534.43506 -9.30780
2454535.43511 -8.72738
2454536.43516 -7.34994
2454537.43520 -4.29111
2454538.43525 -4.76339
2454539.43529 -3.74167
2454540.43534 -4.20790
2454541.43538 -4.44764
2454542.43543 -5.50768
2454543.43548 -6.84755
2454544.43552 -7.50430
2454545.43557 -10.43800
2454546.43561 -13.37100
2454547.43566 -15.43785
2454548.43570 -17.74695
2454549.43575 -16.76976
2454550.43579 -18.15475
2454551.43584 -13.74895
2454552.43589 -15.44393
2454553.43593 -15.55704
2454554.43598 -12.69483
2454555.43602 -9.45523
2454556.43607 -8.28880
2454557.43611 -6.78178
2454558.43616 -5.24162
2454559.43621 -3.78700
2454560.43625 -3.47443
2454561.43630 -3.74973
2454562.43634 -4.12577
2454563.43639 -5.32106
2454564.43643 -6.89899
2454565.43648 -8.10530
2454566.43652 -12.27501
2454567.43657 -13.41937
2454568.43662 -14.92347
2454569.43666 -17.08303
2454570.43671 -18.33704
2454571.43675 -16.89891
2454572.43680 -16.35694
2454573.43684 -16.57472
2454574.43689 -12.41688
2454575.43694 -13.01118
2454576.43698 -12.28992
2454577.43703 -8.05279
2454578.43707 -7.37168
2454579.43712 -4.20907
2454580.43716 -4.27829
2454581.43721 -3.68775
2454582.43725 -3.00286
2454583.43730 -4.07944
2454584.43735 -5.11303
2454585.43739 -7.35683
2454586.43744 -8.73674
2454587.43748 -10.83748
2454588.43753 -13.68401
2454589.43757 -12.59366
2454590.43762 -17.22218
2454591.43767 -17.42206
2454592.43771 -18.31609
2454593.43776 -17.63430
2454594.43780 -17.91454
2454595.43785 -13.97467
2454596.43789 -11.03318
2454597.43794 -10.01724
2454598.43798 -7.88892
2454599.43803 -6.52242
2454600.43808 -5.57946
2454601.43812 -4.37827
2454602.43817 -3.47332
2454603.43821 -2.99390
2454604.43826 -3.28616
2454605.43830 -5.19764
2454606.43835 -6.17417
2454607.43840 -7.39627
2454608.43844 -8.86723
2454609.43849 -10.83111
2454610.43853 -14.15271
2454611.43858 -11.91705
2454612.43862 -13.22786
2454613.43867 -17.34436
2454614.43871 -15.18140
2454615.43876 -15.56369
2454616.43881 -14.48081
2454617.43885 -14.89176
2454618.43890 -7.62648
2454619.43894 -9.40970
2454620.43899 -7.20502
2454621.43903 -5.20647
2454622.43908 -3.26783
2454623.43913 -3.07351
2454624.43917 -3.46424
2454625.43922 -3.62346
2454626.43926 -3.73337
2454627.43931 -5.89030
2454628.43935 -8.07348
2454629.43940 -8.76585
2454630.43945 -10.45310
2454631.43949 -13.07139
2454632.43954 -14.40042
2454633.43958 -12.55528
2454634.43963 -17.42651
2454635.43967 -19.01728
2454636.43972 -16.54731
2454637.43976 -14.82866
2454638.43981 -11.74170
2454639.43986 -11.22301
2454640.43990 -10.18614
2454641.43995 -6.51180
2454642.43999 -5.22671
2454643.44004 -3.80321
2454644.44008 -3.09643
2454645.44013 -2.82831
2454646.44018 -3.06937
2454647.44022 -4.29629
2454648.44027 -4.77307
2454649.44031 -7.96844
2454650.44036 -9.01492
2454651.44040 -11.03152
2454652.44045 -12.68116
2454653.44049 -13.53599
2454654.44054 -14.50013
2454655.44059 -16.71724
2454656.44063 -15.61547
2454657.44068 -17.68249
2454658.44072 -11.51636
2454659.44077 -13.31870
2454660.44081 -12.22084
2454661.44086 -9.16541
2454662.44091 -6.43649
2454663.44095 -4.31026
2454664.44100 -3.38485
2454665.44104 -2.56768
2454666.44109 -2.07983
2454667.44113 -2.68139
2454668.44118 -3.55602
2454669.44122 -4.61512
2454670.44127 -5.99882
2454671.44132 -8.24785
2454672.44136 -12.18935
2454673.44141 -10.64983
2454674.44145 -13.89573
2454675.44150 -18.72094
2454676.44154 -16.84650
2454862.45003 -5.82001
2454863.45008 -9.53524
2454864.45012 -10.05493
2454865.45017 -8.89770
2454866.45021 -10.93570
2454867.45026 -13.41732
2454868.45031 -11.54632
2454869.45035 -10.90040
2454870.45040 -7.91304
2454871.45044 -5.88705
2454872.45049 -4.73660
2454873.45053 -2.69249
2454874.45058 -0.51869
2454875.45063 0.99075
2454876.45067 2.04764
2454877.45072 2.43081
2454878.45076 1.98471
2454879.45081 0.91480
2454880.45085 -0.11092
2454881.45090 -1.70150
2454882.45094 -3.80016
2454883.45099 -5.61007
2454884.45104 -9.06953
2454885.45108 -9.66449
2454886.45113 -10.86112
2454887.45117 -10.78506
2454888.45122 -11.55125
2454889.45126 -11.22421
2454890.45131 -10.98286
2454891.45136 -7.87033
2454892.45140 -6.11331
2454893.45145 -4.39558
2454894.45149 -2.26573
2454895.45154 -0.11875
2454896.45158 1.24270
2454897.45163 2.55944
2454898.45167 2.73789
2454899.45172 2.26336
2454900.45177 2.15408
2454901.45181 0.66032
2454902.45186 -1.01403
2454903.45190 -3.02780
2454904.45195 -5.24488
2454905.45199 -6.79552
2454906.45204 -8.40894
2454907.45209 -11.13125
2454908.45213 -12.54969
2454909.45218 -11.56060
2454910.45222 -10.43754
2454911.45227 -8.20296
2454912.45231 -7.19675
2454913.45236 -4.72160
2454914.45240 -3.73205
2454915.45245 -1.97285
2454916.45250 0.21178
2454917.45254 1.71283
2454918.45259 3.04579
2454919.45263 3.20381
2454920.45268 3.24323
2454921.45272 2.75510
2454922.45277 1.37247
2454923.45282 -0.24056
2454924.45286 -2.05696
2454925.45291 -5.23817
2454926.45295 -5.78728
2454927.45300 -7.44086
2454928.45304 -8.91870
2454929.45309 -8.62469
2454930.45313 -9.16238
2454931.45318 -8.79510
2454932.45323 -9.21779
2454933.45327 -7.24765
2454934.45332 -5.79424
2454935.45336 -2.94635
2454936.45341 -1.33161
2454937.45345 0.71600
2454938.45350 2.17916
2454939.45355 3.20075
2454940.45359 4.53829
2454941.45364 4.38536
2454942.45368 3.86184
2454943.45373 1.95251
2454944.45377 0.51860
2454945.45382 -1.53560
2454946.45387 -3.28463
2454947.45391 -5.48466
2454948.45396 -7.31137
2454949.45400 -8.03680
2454950.45405 -9.93652
2454951.45409 -11.17582
2454952.45414 -10.65055
2454953.45418 -9.15429
2454954.45423 -6.73625
2454955.45428 -4.86412
2454956.45432 -2.65894
2454957.45437 -0.98368
2454958.45441 1.00438
2454959.45446 2.81686
2454960.45450 3.71227
2454961.45455 4.53368
2454962.45460 4.73180
2454963.45464 4.74514
2454964.45469 3.17717
2454965.45473 1.31469
2454966.45478 -0.42120
2454967.45482 -2.60424
2454968.45487 -4.16327
2454969.45491 -6.11069
2454970.45496 -8.87451
2454971.45501 -8.54989
2454972.45505 -8.69271
2454973.45510 -10.93396
2454974.45514 -7.80085
2454975.45519 -5.72997
2454976.45523 -4.66601
2454977.45528 -2.76471
2454978.45533 -0.49332
2454979.45537 1.62255
2454980.45542 3.54975
2454981.45546 4.66539
2454982.45551 4.93302
2454983.45555 4.72332
2454984.45560 5.20984
2454985.45564 3.57078
2454986.45569 2.03308
2454987.45574 0.31407
2454988.45578 -1.95166
2454989.45583 -3.35705
2454990.45587 -5.61859
2454991.45592 -6.55003
2454992.45596 -6.87552
2454993.45601 -7.39546
2454994.45606 -10.04837
2454995.45610 -8.21125
2454996.45615 -6.03637
2454997.45619 -3.91939
2454998.45624 -2.10039
2454999.45628 -0.08489
2455000.45633 2.01241
2455001.45637 3.51399
2455002.45642 4.74458
2455003.45647 5.21584
2455004.45651 6.25650
2455005.45656 5.37826
2455006.45660 3.68027
2455007.45665 3.28618
2455008.45669 1.24778
2455009.45674 -0.74783
2455010.45679 -3.12317
2455011.45683 -3.90368
2455012.45688 -6.60652
2455013.45692 -6.18893
2455014.45697 -7.49619
2455015.45701 -7.75951
2455016.45706 -5.57428
2455017.45711 -5.39542
2455018.45715 -3.72020
2455019.45720 -1.85955
2455020.45724 0.22846
2455021.45729 2.54227
2455022.45733 3.99241
2455023.45738 5.33706
2455024.45742 5.76244
2455025.45747 6.27897
2455026.45752 5.65977
2455027.45756 5.92021
2455028.45761 3.33066
2455029.45765 1.66751
2455030.45770 0.08339
2455031.45774 -1.68424
2455032.45779 -4.22025
2455033.45784 -4.88451
2455034.45788 -8.01217
2455035.45793 -7.48734
2455036.45797 -7.11744
2455037.45802 -6.97042
2455038.45806 -5.03187
2455039.45811 -3.34996
2455040.45815 -1.55714
2455041.45820 0.62086
2455227.46669 -0.78054
2455228.46673 0.48431
2455229.46678 2.28128
2455230.46682 4.47590
2455231.46687 6.63835
2455232.46692 8.89351
2455233.46696 9.61851
2455234.46701 10.79233
2455235.46705 13.86370
2455236.46710 12.29830
2455237.46714 11.46081
2455238.46719 12.55372
2455239.46724 9.58085
2455240.46728 8.61882
2455241.46733 5.12857
2455242.46737 4.66963
2455243.46742 2.14343
2455244.46746 0.89681
2455245.46751 -0.30849
2455246.46755 -0.71212
2455247.46760 -0.94698
2455248.46765 -0.33618
2455249.46769 0.83512
2455250.46774 2.23676
2455251.46778 4.75972
2455252.46783 6.64535
2455253.46787 9.12217
2455254.46792 12.71471
2455255.46797 10.20847
2455256.46801 13.34238
2455257.46806 13.41548
2455258.46810 11.36251
2455259.46815 10.64283
2455260.46819 11.77031
2455261.46824 10.75575
2455262.46829 8.12333
2455263.46833 5.59236
2455264.46838 3.30736
2455265.46842 1.66732
2455266.46847 0.32826
2455267.46851 -0.32950
2455268.46856 -0.47814
2455269.46860 0.07997
2455270.46865 1.28222
2455271.46870 2.82910
2455272.46874 5.86409
2455273.46879 6.37460
2455274.46883 10.10226
2455275.46888 10.01259
2455276.46892 12.70644
2455277.46897 13.06033
2455278.46902 15.96480
2455279.46906 14.01272
2455280.46911 11.65337
2455281.46915 12.08942
2455282.46920 8.83046
2455283.46924 8.17372
2455284.46929 6.03861
2455285.46933 3.28307
2455286.46938 2.59895
2455287.46943 0.96515
2455288.46947 0.20832
2455289.46952 0.02942
2455290.46956 0.48438
2455291.46961 1.41133
2455292.46965 3.30086
2455293.46970 4.58735
2455294.46975 6.54397
2455295.46979 10.41134
2455296.46984 10.60424
2455297.46988 12.31534
2455298.46993 15.00594
2455299.46997 13.86822
2455300.47002 12.83473
2455301.47006 13.37992
2455302.47011 12.85777
2455303.47016 10.21829
2455304.47020 8.78031
2455305.47025 6.47382
2455306.47029 4.19399
2455307.47034 2.32169
2455308.47038 1.67270
2455309.47043 0.73366
2455310.47048 0.48787
2455311.47052 0.83771
2455312.47057 1.91411
2455313.47061 3.16353
2455314.47066 5.43728
2455315.47070 7.10977
2455316.47075 8.54401
2455317.47079 13.20061
2455318.47084 13.98959
2455319.47089 16.01156
2455320.47093 16.27455
2455321.47098 14.01460
2455322.47102 13.96647
2455323.47107 14.09958
2455324.47111 11.24036
2455325.47116 8.58435
2455326.47121 7.39775
2455327.47125 6.22218
2455328.47130 3.64330
2455329.47134 1.81176
2455330.47139 1.16923
2455331.47143 1.06314
2455332.47148 1.23728
2455333.47153 1.83772
2455334.47157 3.69966
2455335.47162 5.21580
2455336.47166 8.28537
2455337.47171 9.51418
2455338.47175 13.69469
2455339.47180 12.59994
2455340.47184 16.02999
2455341.47189 15.25407
2455342.47194 14.62321
2455343.47198 14.40642
2455344.47203 12.25402
2455345.47207 13.22411
2455346.47212 9.49843
2455347.47216 9.17083
2455348.47221 6.39782
2455349.47226 4.09001
2455350.47230 2.75874
2455351.47235 1.84071
2455352.47239 1.46551
2455353.47244 1.90384
2455354.47248 2.85338
2455355.47253 3.17778
2455356.47257 6.30076
2455357.47262 7.96807
2455358.47267 8.85356
2455359.47271 10.90412
2455360.47276 14.72807
2455361.47280 15.26422
2455362.47285 15.43953
2455363.47289 18.04919
2455364.47294 15.02432
2455365.47299 15.90213
2455366.47303 8.32122
2455367.47308 12.76729
2455368.47312 9.69330
2455369.47317 6.36574
2455370.47321 4.55480
2455371.47326 3.14163
2455372.47330 2.47840
2455373.47335 1.85466
2455374.47340 1.77989
2455375.47344 2.70746
2455376.47349 4.38095
2455377.47353 6.32321
2455378.47358 8.90265
2455379.47362 9.54025
2455380.47367 11.49378
2455381.47372 15.47674
2455382.47376 14.72054
2455383.47381 17.43019
2455384.47385 15.75853
2455385.47390 14.31038
2455386.47394 14.06988
2455387.47399 12.87974
2455388.47403 9.81852
2455389.47408 9.75531
2455390.47413 7.69600
2455391.47417 4.98090
2455392.47422 4.38285
2455393.47426 2.83853
2455394.47431 2.25314
2455395.47435 2.40466
2455396.47440 2.84982
2455397.47445 3.87274
2455398.47449 4.94001
2455399.47454 9.28361
2455400.47458 9.16627
2455401.47463 12.03536
2455402.47467 14.50188
2455403.47472 15.71262
2455404.47476 17.63302
2455405.47481 17.31622
2455406.47486 16.04936
2455592.48334 14.68244
2455593.48339 18.72669
2455594.48344 16.21923
2455595.48348 21.23078
2455596.48353 18.11370
2455597.48357 15.24757
2455598.48362 14.31345
2455599.48366 14.93274
2455600.48371 10.43105
2455601.48375 9.58617
2455602.48380 7.05279
2455603.48385 5.77274
2455604.48389 5.12254
2455605.48394 3.77724
2455606.48398 4.35731
2455607.48403 4.42782
2455608.48407 5.38445
2455609.48412 7.78829
2455610.48417 9.41295
2455611.48421 12.86893
2455612.48426 12.59479
2455613.48430 13.78710
2455614.48435 18.53052
2455615.48439 15.54583
2455616.48444 20.04014
2455617.48448 15.61748
2455618.48453 18.29242
2455619.48458 15.89619
2455620.48462 11.65799
2455621.48467 9.17223
2455622.48471 9.64941
2455623.48476 8.24425
2455624.48480 6.53789
2455625.48485 4.01104
2455626.48490 4.18635
2455627.48494 3.82727
2455628.48499 5.03421
2455629.48503 5.20718
2455630.48508 7.32356
2455631.48512 7.63535
2455632.48517 11.87937
2455633.48521 11.70022
2455634.48526 15.89899
2455635.48531 16.84919
2455636.48535 16.68374
2455637.48540 16.95309
2455638.48544 17.81299
2455639.48549 17.76807
2455640.48553 16.05512
2455641.48558 15.06869
2455642.48563 11.52427
2455643.48567 9.80298
2455644.48572 8.75641
2455645.48576 6.36087
2455646.48581 4.02571
2455647.48585 3.61221
2455648.48590 3.64559
2455649.48595 3.88662
2455650.48599 5.59712
2455651.48604 6.17753
2455652.48608 7.61328
2455653.48613 10.62615
2455654.48617 11.49019
2455655.48622 13.80252
2455656.48626 17.21735
2455657.48631 16.15292
2455658.48636 18.44011
2455659.48640 16.62207
2455660.48645 16.32581
2455661.48649 16.68688
2455662.48654 14.16866
2455663.48658 13.23865
2455664.48663 9.11958
2455665.48668 7.78254
2455666.48672 5.20349
2455667.48677 4.48982
2455668.48681 3.29802
2455669.48686 3.74555
2455670.48690 3.81156
2455671.48695 5.19728
2455672.48699 6.96406
2455673.48704 8.29932
2455674.48709 11.78528
2455675.48713 12.51651
2455676.48718 13.79392
2455677.48722 15.13191
2455678.48727 15.63577
2455679.48731 16.42024
2455680.48736 15.51051
2455681.48741 16.65757
2455682.48745 16.23392
2455683.48750 12.72202
2455684.48754 13.38499
2455685.48759 11.93207
2455686.48763 7.08668
2455687.48768 6.96007
2455688.48772 4.70694
2455689.48777 3.88240
2455690.48782 2.49371
2455691.48786 3.38396
2455692.48791 4.38385
2455693.48795 4.55551
2455694.48800 7.54256
2455695.48804 10.54273
2455696.48809 10.98144
2455697.48814 14.76471
2455698.48818 14.52916
2455699.48823 18.85782
2455700.48827 16.04850
2455701.48832 20.05199
2455702.48836 16.86752
2455703.48841 15.81680
2455704.48845 13.29163
2455705.48850 12.53866
2455706.48855 8.46893
2455707.48859 7.61926
2455708.48864 5.84270
2455709.48868 4.44213
2455710.48873 3.32188
2455711.48877 2.98145
2455712.48882 3.30587
2455713.48887 4.09430
2455714.48891 5.72412
2455715.48896 8.98281
2455716.48900 9.18828
2455717.48905 12.44308
2455718.48909 13.75049
2455719.48914 19.58429
2455720.48918 18.13682
2455721.48923 18.45449
2455722.48928 16.66840
2455723.48932 17.94936
2455724.48937 15.68785
2455725.48941 14.23656
2455726.48946 14.23666
2455727.48950 9.42511
2455728.48955 8.49905
2455729.48960 5.01234
2455730.48964 4.72891
2455731.48969 3.53401
2455732.48973 3.08030
2455733.48978 3.41106
2455734.48982 4.55106
2455735.48987 5.20822
2455736.48992 6.93585
2455737.48996 9.29209
2455738.49001 10.29453
2455739.49005 13.30397
2455740.49010 14.41275
2455741.49014 17.59694
2455742.49019 16.78211
2455743.49023 16.48102
2455744.49028 16.74198
2455745.49033 12.90578
2455746.49037 12.67219
2455747.49042 13.35378
2455748.49046 7.99266
2455749.49051 8.06112
2455750.49055 6.35341
2455751.49060 4.07736
2455752.49065 3.26510
2455753.49069 2.49031
2455754.49074 2.95929
2455755.49078 3.32447
2455756.49083 4.83535
2455757.49087 6.51981
2455758.49092 9.21706
2455759.49096 10.08576
2455760.49101 12.98078
2455761.49106 12.32758
2455762.49110 13.27703
2455763.49115 15.37107
2455764.49119 16.02345
2455765.49124 17.00083
2455766.49128 12.93904
2455767.49133 14.26175
2455768.49138 12.44459
2455769.49142 7.30629
2455770.49147 7.00764
2455771.49151 5.12955
2455957.50000 8.35167
