2445000.00000 2.67993
2445001.00005 2.88380
2445002.00009 3.26135
2445003.00014 3.46306
2445004.00018 3.54684
2445005.00023 3.38011
2445006.00027 3.81849
2445007.00032 3.41886
2445008.00037 4.15976
2445009.00041 5.06225
2445010.00046 4.99099
2445011.00050 5.78245
2445012.00055 5.57691
2445013.00059 5.05954
2445014.00064 6.46211
2445015.00068 4.77628
2445016.00073 6.47985
2445017.00078 5.47813
2445018.00082 6.42581
2445019.00087 5.55267
2445020.00091 7.38653
2445021.00096 6.48433
2445022.00100 6.05998
2445023.00105 6.10764
2445024.00110 6.77515
2445025.00114 5.94904
2445026.00119 4.88414
2445027.00123 5.29938
2445028.00128 5.03385
2445029.00132 4.20817
2445030.00137 4.20796
2445031.00141 4.00024
2445032.00146 3.60698
2445033.00151 4.06369
2445034.00155 3.15003
2445035.00160 3.12934
2445036.00164 3.46944
2445037.00169 2.49015
2445038.00173 3.10518
2445039.00178 2.45638
2445040.00183 2.92684
2445041.00187 2.87694
2445042.00192 3.63554
2445043.00196 3.14483
2445044.00201 3.53448
2445045.00205 3.63697
2445046.00210 4.31013
2445047.00214 4.10381
2445048.00219 4.77873
2445049.00224 4.80892
2445050.00228 5.79743
2445051.00233 4.53041
2445052.00237 5.37749
2445053.00242 5.45538
2445054.00246 5.96010
2445055.00251 6.45348
2445056.00256 6.35439
2445057.00260 8.98891
2445058.00265 6.63931
2445059.00269 5.39662
2445060.00274 5.81662
2445061.00278 6.04455
2445062.00283 6.39713
2445063.00287 6.57966
2445064.00292 6.31972
2445065.00297 5.81465
2445066.00301 5.27442
2445067.00306 5.44671
2445068.00310 5.42344
2445069.00315 4.79036
2445070.00319 3.92923
2445071.00324 4.52369
2445072.00329 3.88423
2445073.00333 3.53263
2445074.00338 3.45454
2445075.00342 3.62522
2445076.00347 3.10424
2445077.00351 3.26667
2445078.00356 2.78867
2445079.00361 3.47575
2445080.00365 2.98486
2445081.00370 2.89419
2445082.00374 3.52839
2445083.00379 3.32166
2445084.00383 3.86132
2445085.00388 3.48735
2445086.00392 5.09613
2445087.00397 4.38227
2445088.00402 4.77380
2445089.00406 5.45825
2445090.00411 5.65900
2445091.00415 5.00270
2445092.00420 6.16730
2445093.00424 5.74598
2445094.00429 6.34299
2445095.00434 5.93609
2445096.00438 6.26822
2445097.00443 7.37404
2445098.00447 7.20373
2445099.00452 6.63452
2445100.00456 7.20069
2445101.00461 7.64552
2445102.00465 7.22299
2445103.00470 6.11841
2445104.00475 6.70210
2445105.00479 5.64976
2445106.00484 5.93528
2445107.00488 5.43405
2445108.00493 5.25669
2445109.00497 4.93360
2445110.00502 4.93560
2445111.00507 4.67123
2445112.00511 4.39924
2445113.00516 4.04814
2445114.00520 4.09314
2445115.00525 3.95368
2445116.00529 2.98957
2445117.00534 3.49054
2445118.00538 3.08462
2445119.00543 3.39775
2445120.00548 3.80953
2445121.00552 4.24542
2445122.00557 3.65506
2445123.00561 4.39417
2445124.00566 4.46773
2445125.00570 3.97713
2445126.00575 4.53038
2445127.00580 5.14357
2445128.00584 5.70151
2445129.00589 5.49274
2445130.00593 6.08522
2445131.00598 6.56314
2445132.00602 6.76751
2445133.00607 6.96554
2445134.00611 6.33380
2445135.00616 7.81738
2445136.00621 6.92691
2445137.00625 7.68047
2445138.00630 7.81510
2445139.00634 7.94344
2445140.00639 6.37261
2445141.00643 7.00829
2445142.00648 6.33553
2445143.00653 6.28523
2445144.00657 6.50329
2445145.00662 4.97691
2445146.00666 6.83830
2445147.00671 6.90743
2445148.00675 6.21919
2445149.00680 5.89999
2445150.00684 4.69865
2445151.00689 4.46210
2445152.00694 4.65634
2445153.00698 5.52096
2445154.00703 3.60498
2445155.00707 4.18360
2445156.00712 4.31304
2445157.00716 4.98992
2445158.00721 4.53582
2445159.00726 4.50766
2445160.00730 4.57775
2445161.00735 4.62374
2445162.00739 4.07792
2445163.00744 4.46876
2445164.00748 4.96797
2445165.00753 4.93815
2445166.00758 5.45601
2445167.00762 5.26216
2445168.00767 6.71397
2445169.00771 7.44862
2445170.00776 6.50255
2445171.00780 7.31180
2445172.00785 8.24039
2445173.00789 5.89263
2445174.00794 7.85998
2445175.00799 7.92420
2445176.00803 7.97191
2445177.00808 8.19079
2445178.00812 8.09257
2445179.00817 7.99675
2445366.01670 10.15324
2445367.01675 10.73507
2445368.01679 8.21648
2445369.01684 9.43769
2445370.01688 10.51095
2445371.01693 8.87077
2445372.01698 11.95406
2445373.01702 12.74709
2445374.01707 11.21074
2445375.01711 10.03088
2445376.01716 10.67990
2445377.01720 10.41586
2445378.01725 12.94647
2445379.01729 9.04966
2445380.01734 11.02469
2445381.01739 11.36747
2445382.01743 12.49515
2445383.01748 11.71597
2445384.01752 11.59053
2445385.01757 9.91779
2445386.01761 10.62361
2445387.01766 8.45452
2445388.01771 11.20723
2445389.01775 9.83877
2445390.01780 8.13246
2445391.01784 9.00778
2445392.01789 8.74941
2445393.01793 8.97186
2445394.01798 9.99748
2445395.01803 8.28893
2445396.01807 8.32015
2445397.01812 7.51106
2445398.01816 7.28829
2445399.01821 7.44959
2445400.01825 7.31138
2445401.01830 8.92728
2445402.01834 9.19698
2445403.01839 8.55829
2445404.01844 8.42699
2445405.01848 7.39729
2445406.01853 10.60409
2445407.01857 11.27161
2445408.01862 8.75910
2445409.01866 11.23411
2445410.01871 9.59098
2445411.01876 9.22274
2445412.01880 12.63663
2445413.01885 10.40366
2445414.01889 10.63743
2445415.01894 11.90069
2445416.01898 8.73151
2445417.01903 9.95435
2445418.01907 10.79944
2445419.01912 12.60555
2445420.01917 9.67044
2445421.01921 11.84265
2445422.01926 12.00553
2445423.01930 10.22677
2445424.01935 11.77464
2445425.01939 8.66443
2445426.01944 11.26348
2445427.01949 10.38345
2445428.01953 10.12605
2445429.01958 8.11120
2445430.01962 8.83497
2445431.01967 10.18668
2445432.01971 8.53237
2445433.01976 8.45008
2445434.01980 6.31332
2445435.01985 8.28735
2445436.01990 8.63970
2445437.01994 9.14012
2445438.01999 8.31706
2445439.02003 7.72296
2445440.02008 7.26366
2445441.02012 8.80476
2445442.02017 8.22773
2445443.02022 7.25170
2445444.02026 8.89559
2445445.02031 8.16871
2445446.02035 10.08548
2445447.02040 10.65295
2445448.02044 9.35111
2445449.02049 9.93135
2445450.02053 10.91016
2445451.02058 12.30157
2445452.02063 10.65394
2445453.02067 11.13626
2445454.02072 10.88510
2445455.02076 11.52744
2445456.02081 11.14738
2445457.02085 11.20179
2445458.02090 12.53875
2445459.02095 10.82184
2445460.02099 15.08342
2445461.02104 11.51429
2445462.02108 10.31916
2445463.02113 9.30417
2445464.02117 10.35734
2445465.02122 12.77185
2445466.02126 11.03190
2445467.02131 10.44037
2445468.02136 9.10634
2445469.02140 9.38962
2445470.02145 11.03098
2445471.02149 7.47400
2445472.02154 8.74256
2445473.02158 8.29865
2445474.02163 8.22913
2445475.02168 7.48577
2445476.02172 8.90585
2445477.02177 9.78752
2445478.02181 7.56053
2445479.02186 7.25891
2445480.02190 9.14606
2445481.02195 9.29941
2445482.02200 8.69211
2445483.02204 7.95567
2445484.02209 8.05773
2445485.02213 8.66305
2445486.02218 10.25855
2445487.02222 8.58194
2445488.02227 8.74664
2445489.02231 6.35859
2445490.02236 13.47373
2445491.02241 11.01404
2445492.02245 12.28062
2445493.02250 12.14132
2445494.02254 14.03622
2445495.02259 12.83826
2445496.02263 13.52531
2445497.02268 9.91764
2445498.02273 11.44357
2445499.02277 10.94581
2445500.02282 12.87682
2445501.02286 10.74012
2445502.02291 9.44762
2445503.02295 11.95574
2445504.02300 10.50429
2445505.02304 10.43187
2445506.02309 9.40288
2445507.02314 9.44718
2445508.02318 9.84678
2445509.02323 7.87566
2445510.02327 7.57755
2445511.02332 9.88664
2445512.02336 7.52045
2445513.02341 8.01722
2445514.02346 6.57471
2445515.02350 8.13448
2445516.02355 6.68130
2445517.02359 7.65588
2445518.02364 9.06636
2445519.02368 8.30175
2445520.02373 7.97672
2445521.02377 9.00908
2445522.02382 9.17837
2445523.02387 7.62162
2445524.02391 9.48431
2445525.02396 10.91316
2445526.02400 9.07947
2445527.02405 10.78782
2445528.02409 10.78536
2445529.02414 9.85583
2445530.02419 10.58948
2445531.02423 11.92591
2445532.02428 11.81155
2445533.02432 12.16397
2445534.02437 10.43233
2445535.02441 13.13442
2445536.02446 12.45186
2445537.02450 11.80001
2445538.02455 12.31100
2445539.02460 7.49337
2445540.02464 10.14846
2445541.02469 8.92078
2445542.02473 10.30581
2445543.02478 10.78056
2445544.02482 11.04765
2445545.02487 9.62413
2445731.03336 8.29127
2445732.03340 6.85922
2445733.03345 8.40081
2445734.03349 9.52980
2445735.03354 6.76108
2445736.03359 7.90776
2445737.03363 8.23707
2445738.03368 8.24280
2445739.03372 9.12921
2445740.03377 8.35448
2445741.03381 7.63428
2445742.03386 7.16755
2445743.03391 7.51207
2445744.03395 6.71015
2445745.03400 5.32439
2445746.03404 6.68782
2445747.03409 5.14322
2445748.03413 5.51647
2445749.03418 4.43673
2445750.03422 5.09533
2445751.03427 4.66373
2445752.03432 4.29344
2445753.03436 4.44427
2445754.03441 5.19578
2445755.03445 3.93872
2445756.03450 4.67979
2445757.03454 4.55602
2445758.03459 4.26489
2445759.03464 4.70833
2445760.03468 4.35014
2445761.03473 4.64603
2445762.03477 4.89057
2445763.03482 5.69902
2445764.03486 5.54933
2445765.03491 5.87528
2445766.03495 7.00754
2445767.03500 7.26297
2445768.03505 8.34349
2445769.03509 7.00447
2445770.03514 7.48012
2445771.03518 7.75490
2445772.03523 6.50856
2445773.03527 8.67923
2445774.03532 6.46578
2445775.03537 8.27246
2445776.03541 8.70326
2445777.03546 8.63605
2445778.03550 7.49172
2445779.03555 7.11989
2445780.03559 6.58413
2445781.03564 7.86665
2445782.03568 7.10123
2445783.03573 6.33081
2445784.03578 6.68285
2445785.03582 5.49669
2445786.03587 5.36554
2445787.03591 4.19480
2445788.03596 3.76142
2445789.03600 4.29140
2445790.03605 4.43485
2445791.03610 4.40640
2445792.03614 4.14988
2445793.03619 4.15237
2445794.03623 3.40947
2445795.03628 3.67211
2445796.03632 4.36684
2445797.03637 4.05384
2445798.03642 4.28552
2445799.03646 3.19967
2445800.03651 4.68868
2445801.03655 3.83971
2445802.03660 4.40438
2445803.03664 5.11980
2445804.03669 5.43742
2445805.03673 5.15793
2445806.03678 5.63872
2445807.03683 5.88467
2445808.03687 5.75139
2445809.03692 6.18118
2445810.03696 7.47400
2445811.03701 7.11935
2445812.03705 6.81470
2445813.03710 7.83706
2445814.03715 7.36293
2445815.03719 6.86557
2445816.03724 7.02749
2445817.03728 7.26694
2445818.03733 6.45599
2445819.03737 7.19455
2445820.03742 6.19602
2445821.03746 6.30711
2445822.03751 5.37310
2445823.03756 6.10460
2445824.03760 4.80057
2445825.03765 5.42175
2445826.03769 4.56831
2445827.03774 4.61031
2445828.03778 4.77634
2445829.03783 3.23760
2445830.03788 4.22084
2445831.03792 3.87326
2445832.03797 3.14607
2445833.03801 2.83331
2445834.03806 3.50761
2445835.03810 3.70830
2445836.03815 3.47183
2445837.03819 3.32614
2445838.03824 3.30680
2445839.03829 3.61579
2445840.03833 4.10544
2445841.03838 4.15314
2445842.03842 4.27325
2445843.03847 4.66442
2445844.03851 4.45616
2445845.03856 5.81982
2445846.03861 5.83241
2445847.03865 4.95864
2445848.03870 4.67647
2445849.03874 5.53480
2445850.03879 6.36292
2445851.03883 5.61417
2445852.03888 7.33855
2445853.03892 6.65863
2445854.03897 7.73636
2445855.03902 6.93531
2445856.03906 6.87109
2445857.03911 7.18270
2445858.03915 6.95857
2445859.03920 6.07166
2445860.03924 5.63681
2445861.03929 5.41731
2445862.03934 6.23238
2445863.03938 5.02304
2445864.03943 6.10072
2445865.03947 4.82501
2445866.03952 3.99023
2445867.03956 3.66713
2445868.03961 3.58515
2445869.03966 3.07278
2445870.03970 3.44897
2445871.03975 3.54728
2445872.03979 2.62745
2445873.03984 3.25020
2445874.03988 2.90418
2445875.03993 2.88046
2445876.03997 2.50594
2445877.04002 3.41358
2445878.04007 2.53461
2445879.04011 3.28691
2445880.04016 4.00010
2445881.04020 3.82177
2445882.04025 4.09033
2445883.04029 3.80991
2445884.04034 4.44125
2445885.04039 5.11957
2445886.04043 4.70554
2445887.04048 4.74566
2445888.04052 5.58977
2445889.04057 5.01905
2445890.04061 6.34612
2445891.04066 6.20472
2445892.04070 6.40250
2445893.04075 6.27479
2445894.04080 6.23226
2445895.04084 6.57723
2445896.04089 6.40770
2445897.04093 6.09611
2445898.04098 5.96271
2445899.04102 5.86557
2445900.04107 7.02900
2445901.04112 6.48709
2445902.04116 5.60688
2445903.04121 4.23745
2445904.04125 4.63345
2445905.04130 4.52825
2445906.04134 2.80323
2445907.04139 4.04286
2445908.04143 3.77275
2445909.04148 3.21904
2445910.04153 3.04797
2446096.05001 8.10231
2446097.05006 7.47477
2446098.05010 7.61474
2446099.05015 7.72671
2446100.05020 7.06835
2446101.05024 6.99074
2446102.05029 6.66699
2446103.05033 6.28562
2446104.05038 6.00019
2446105.05042 5.93867
2446106.05047 5.62480
2446107.05052 4.77985
2446108.05056 4.68741
2446109.05061 4.57587
2446110.05065 4.85777
2446111.05070 5.60331
2446112.05074 4.47771
2446113.05079 4.29030
2446114.05084 5.07084
2446115.05088 4.71659
2446116.05093 4.84469
2446117.05097 5.11510
2446118.05102 5.75048
2446119.05106 4.90578
2446120.05111 6.90032
2446121.05115 4.78770
2446122.05120 6.80255
2446123.05125 6.53688
2446124.05129 7.77755
2446125.05134 8.14019
2446126.05138 7.50145
2446127.05143 6.96387
2446128.05147 9.35464
2446129.05152 9.44162
2446130.05157 9.95586
2446131.05161 8.06373
2446132.05166 9.06818
2446133.05170 9.59875
2446134.05175 9.40573
2446135.05179 8.70141
2446136.05184 9.41454
2446137.05188 6.74285
2446138.05193 7.60055
2446139.05198 7.93954
2446140.05202 9.45675
2446141.05207 7.04821
2446142.05211 6.80136
2446143.05216 7.62565
2446144.05220 7.24713
2446145.05225 6.53822
2446146.05230 7.17354
2446147.05234 6.10063
2446148.05239 6.28440
2446149.05243 5.63905
2446150.05248 5.55824
2446151.05252 4.87324
2446152.05257 6.02766
2446153.05261 4.61226
2446154.05266 5.29739
2446155.05271 5.32039
2446156.05275 6.12747
2446157.05280 5.11711
2446158.05284 5.61830
2446159.05289 5.89998
2446160.05293 6.83712
2446161.05298 6.91026
2446162.05303 7.55623
2446163.05307 8.45323
2446164.05312 6.65430
2446165.05316 8.04879
2446166.05321 8.61461
2446167.05325 9.35901
2446168.05330 9.24636
2446169.05334 9.43848
2446170.05339 10.34296
2446171.05344 10.03167
2446172.05348 8.76616
2446173.05353 10.15386
2446174.05357 7.86853
2446175.05362 9.25874
2446176.05366 9.33883
2446177.05371 9.62739
2446178.05376 8.57051
2446179.05380 7.34016
2446180.05385 7.88406
2446181.05389 7.51807
2446182.05394 8.89147
2446183.05398 7.98223
2446184.05403 7.97703
2446185.05408 6.39409
2446186.05412 6.87105
2446187.05417 7.66806
2446188.05421 7.67517
2446189.05426 7.30981
2446190.05430 6.39035
2446191.05435 5.23705
2446192.05439 5.51666
2446193.05444 6.97570
2446194.05449 5.37244
2446195.05453 5.99261
2446196.05458 6.14001
2446197.05462 5.80620
2446198.05467 5.34174
2446199.05471 8.11582
2446200.05476 7.55342
2446201.05481 6.58133
2446202.05485 8.55934
2446203.05490 8.47627
2446204.05494 9.21865
2446205.05499 9.26118
2446206.05503 10.19865
2446207.05508 11.37180
2446208.05512 9.72688
2446209.05517 9.08545
2446210.05522 7.79181
2446211.05526 9.64676
2446212.05531 9.90647
2446213.05535 8.72691
2446214.05540 10.58609
2446215.05544 11.47150
2446216.05549 10.00371
2446217.05554 10.83289
2446218.05558 8.86150
2446219.05563 10.71545
2446220.05567 8.34919
2446221.05572 10.26194
2446222.05576 8.83002
2446223.05581 9.89556
2446224.05585 7.72087
2446225.05590 7.52250
2446226.05595 7.81186
2446227.05599 8.31187
2446228.05604 7.26086
2446229.05608 7.48464
2446230.05613 7.30758
2446231.05617 7.23602
2446232.05622 7.70473
2446233.05627 7.31431
2446234.05631 7.68951
2446235.05636 8.16494
2446236.05640 7.72685
2446237.05645 7.74048
2446238.05649 7.28688
2446239.05654 7.05461
2446240.05658 8.46525
2446241.05663 7.68204
2446242.05668 7.77100
2446243.05672 9.42871
2446244.05677 8.61120
2446245.05681 9.11809
2446246.05686 8.56052
2446247.05690 9.95918
2446248.05695 11.03719
2446249.05700 11.50290
2446250.05704 11.45667
2446251.05709 8.43935
2446252.05713 10.96538
2446253.05718 10.42930
2446254.05722 8.16006
2446255.05727 10.23151
2446256.05731 10.37540
2446257.05736 9.92382
2446258.05741 10.32146
2446259.05745 9.99770
2446260.05750 10.37632
2446261.05754 11.19284
2446262.05759 10.24406
2446263.05763 9.44027
2446264.05768 9.18331
2446265.05773 8.53690
2446266.05777 8.09836
2446267.05782 10.01611
2446268.05786 7.62510
2446269.05791 7.52352
2446270.05795 7.89609
2446271.05800 7.51714
2446272.05805 6.02302
2446273.05809 7.24869
2446274.05814 6.78400
2446275.05818 7.40819
2446461.06667 10.85571
2446462.06672 10.32389
2446463.06676 9.43898
2446464.06681 8.60421
2446465.06685 8.17812
2446466.06690 7.81985
2446467.06694 9.02012
2446468.06699 6.82309
2446469.06703 7.65562
2446470.06708 8.96230
2446471.06713 8.15826
2446472.06717 8.68406
2446473.06722 6.01881
2446474.06726 10.34819
2446475.06731 7.54843
2446476.06735 8.73267
2446477.06740 9.37443
2446478.06745 8.83159
2446479.06749 8.32801
2446480.06754 7.25172
2446481.06758 12.07529
2446482.06763 9.81943
2446483.06767 8.96810
2446484.06772 11.35025
2446485.06776 10.24840
2446486.06781 11.27705
2446487.06786 8.97364
2446488.06790 9.11245
2446489.06795 12.52034
2446490.06799 11.64596
2446491.06804 9.32385
2446492.06808 10.31013
2446493.06813 11.43716
2446494.06818 11.38960
2446495.06822 12.24857
2446496.06827 10.90547
2446497.06831 9.65311
2446498.06836 10.53564
2446499.06840 10.58825
2446500.06845 8.67735
2446501.06850 9.35085
2446502.06854 8.61565
2446503.06859 8.43766
2446504.06863 8.72273
2446505.06868 8.61400
2446506.06872 7.89887
2446507.06877 7.11846
2446508.06881 9.89903
2446509.06886 7.31806
2446510.06891 7.70273
2446511.06895 8.44855
2446512.06900 7.04643
2446513.06904 6.14675
2446514.06909 7.10067
2446515.06913 9.32890
2446516.06918 7.15143
2446517.06923 8.29791
2446518.06927 8.49056
2446519.06932 9.25120
2446520.06936 7.77861
2446521.06941 7.72855
2446522.06945 8.30337
2446523.06950 9.65440
2446524.06954 9.65973
2446525.06959 9.66753
2446526.06964 8.46556
2446527.06968 11.79786
2446528.06973 10.98484
2446529.06977 12.03725
2446530.06982 10.98097
2446531.06986 11.30316
2446532.06991 10.01321
2446533.06996 11.14347
2446534.07000 10.03503
2446535.07005 10.00765
2446536.07009 11.30961
2446537.07014 12.36115
2446538.07018 9.23624
2446539.07023 9.67325
2446540.07027 8.96442
2446541.07032 9.01571
2446542.07037 8.29705
2446543.07041 8.71604
2446544.07046 8.43632
2446545.07050 7.25441
2446546.07055 7.74282
2446547.07059 6.13867
2446548.07064 7.29144
2446549.07069 7.44911
2446550.07073 7.38449
2446551.07078 6.22107
2446552.07082 6.29388
2446553.07087 6.12553
2446554.07091 7.37807
2446555.07096 6.56997
2446556.07100 6.61842
2446557.07105 6.64401
2446558.07110 7.47258
2446559.07114 9.05307
2446560.07119 7.98535
2446561.07123 7.23091
2446562.07128 9.43237
2446563.07132 10.35235
2446564.07137 8.29471
2446565.07142 10.14766
2446566.07146 10.53480
2446567.07151 9.95671
2446568.07155 10.42803
2446569.07160 9.49554
2446570.07164 10.68395
2446571.07169 9.72400
2446572.07173 10.04047
2446573.07178 9.10369
2446574.07183 10.47182
2446575.07187 9.92679
2446576.07192 9.36505
2446577.07196 8.97742
2446578.07201 8.57241
2446579.07205 9.85084
2446580.07210 9.28362
2446581.07215 8.48116
2446582.07219 7.23638
2446583.07224 6.46029
2446584.07228 6.57966
2446585.07233 7.38569
2446586.07237 7.94218
2446587.07242 6.13793
2446588.07247 5.84607
2446589.07251 5.43251
2446590.07256 5.32129
2446591.07260 6.03812
2446592.07265 6.69938
2446593.07269 5.30038
2446594.07274 7.44514
2446595.07278 6.10825
2446596.07283 6.24188
2446597.07288 5.87781
2446598.07292 8.09504
2446599.07297 6.42713
2446600.07301 6.71176
2446601.07306 8.14966
2446602.07310 8.52866
2446603.07315 9.72471
2446604.07320 7.96065
2446605.07324 8.59906
2446606.07329 9.78733
2446607.07333 8.83901
2446608.07338 8.84543
2446609.07342 10.85036
2446610.07347 8.85005
2446611.07351 10.88856
2446612.07356 9.28880
2446613.07361 10.13914
2446614.07365 9.71608
2446615.07370 9.16255
2446616.07374 9.45689
2446617.07379 7.23674
2446618.07383 7.78705
2446619.07388 8.26729
2446620.07393 8.09601
2446621.07397 7.40172
2446622.07402 7.45315
2446623.07406 6.38782
2446624.07411 5.19563
2446625.07415 6.06014
2446626.07420 6.49087
2446627.07424 6.13302
2446628.07429 5.18373
2446629.07434 5.16836
2446630.07438 5.31746
2446631.07443 6.03319
2446632.07447 4.97790
2446633.07452 5.19574
2446634.07456 4.99096
2446635.07461 5.89792
2446636.07466 5.62875
2446637.07470 5.45230
2446638.07475 4.89072
2446639.07479 5.37291
2446640.07484 6.94717
2446827.08337 2.63161
2446828.08342 2.64700
2446829.08346 2.53868
2446830.08351 2.91920
2446831.08355 2.45325
2446832.08360 2.33621
2446833.08365 2.46678
2446834.08369 2.60302
2446835.08374 3.15373
2446836.08378 3.62150
2446837.08383 3.31713
2446838.08387 3.43867
2446839.08392 3.90319
2446840.08396 4.02343
2446841.08401 4.29926
2446842.08406 5.36942
2446843.08410 5.46073
2446844.08415 5.04339
2446845.08419 6.12449
2446846.08424 5.78182
2446847.08428 6.57310
2446848.08433 6.58367
2446849.08438 7.50291
2446850.08442 5.93381
2446851.08447 6.34051
2446852.08451 6.90800
2446853.08456 5.75785
2446854.08460 4.96193
2446855.08465 4.73639
2446856.08469 5.25799
2446857.08474 4.37314
2446858.08479 6.06263
2446859.08483 4.72409
2446860.08488 4.28734
2446861.08492 4.81761
2446862.08497 3.28964
2446863.08501 3.39662
2446864.08506 3.33493
2446865.08511 2.71945
2446866.08515 2.28640
2446867.08520 2.31631
2446868.08524 2.44105
2446869.08529 1.98066
2446870.08533 2.50458
2446871.08538 2.22972
2446872.08542 2.51249
2446873.08547 3.06629
2446874.08552 3.02564
2446875.08556 3.25985
2446876.08561 2.87219
2446877.08565 3.87771
2446878.08570 3.84098
2446879.08574 5.14638
2446880.08579 4.80625
2446881.08584 4.29785
2446882.08588 5.74117
2446883.08593 4.70206
2446884.08597 6.70801
2446885.08602 7.11560
2446886.08606 6.41969
2446887.08611 6.69502
2446888.08615 7.08972
2446889.08620 4.90878
2446890.08625 7.32577
2446891.08629 6.79057
2446892.08634 6.86509
2446893.08638 6.63336
2446894.08643 5.84000
2446895.08647 5.20065
2446896.08652 5.95814
2446897.08657 5.88589
2446898.08661 5.70013
2446899.08666 4.70893
2446900.08670 3.83365
2446901.08675 3.06008
2446902.08679 4.10044
2446903.08684 3.11873
2446904.08689 3.41789
2446905.08693 3.66110
2446906.08698 2.65353
2446907.08702 2.99895
2446908.08707 2.73511
2446909.08711 2.95401
2446910.08716 3.01302
2446911.08720 2.57249
2446912.08725 3.07881
2446913.08730 2.96691
2446914.08734 2.84149
2446915.08739 3.22671
2446916.08743 4.47049
2446917.08748 3.85691
2446918.08752 4.15183
2446919.08757 5.12399
2446920.08762 5.16973
2446921.08766 5.68128
2446922.08771 5.72014
2446923.08775 5.33647
2446924.08780 5.31200
2446925.08784 6.11797
2446926.08789 6.97914
2446927.08793 6.96482
2446928.08798 6.46811
2446929.08803 6.39445
2446930.08807 6.08920
2446931.08812 6.51685
2446932.08816 7.91190
2446933.08821 6.46500
2446934.08825 5.91207
2446935.08830 5.58464
2446936.08835 5.36383
2446937.08839 5.13408
2446938.08844 5.60796
2446939.08848 4.93681
2446940.08853 5.66961
2446941.08857 4.20744
2446942.08862 4.04733
2446943.08866 3.77366
2446944.08871 3.39287
2446945.08876 3.51247
2446946.08880 3.60275
2446947.08885 3.39483
2446948.08889 3.36927
2446949.08894 2.99801
2446950.08898 3.03586
2446951.08903 3.28084
2446952.08908 3.47440
2446953.08912 2.95839
2446954.08917 3.24302
2446955.08921 3.87148
2446956.08926 4.11925
2446957.08930 4.67012
2446958.08935 4.09008
2446959.08939 5.09697
2446960.08944 4.38873
2446961.08949 5.63508
2446962.08953 4.49766
2446963.08958 5.59325
2446964.08962 5.99825
2446965.08967 6.64228
2446966.08971 6.64403
2446967.08976 6.88757
2446968.08981 7.53650
2446969.08985 7.92984
2446970.08990 7.39588
2446971.08994 6.60409
2446972.08999 6.25104
2446973.09003 7.45419
2446974.09008 8.68153
2446975.09013 6.33416
2446976.09017 6.17897
2446977.09022 6.65527
2446978.09026 5.73938
2446979.09031 5.92675
2446980.09035 5.59927
2446981.09040 4.47092
2446982.09044 4.24122
2446983.09049 4.14705
2446984.09054 4.50904
2446985.09058 3.19095
2446986.09063 3.86563
2446987.09067 4.09264
2446988.09072 3.63294
2446989.09076 4.40831
2446990.09081 4.34552
2446991.09086 3.27104
2446992.09090 3.56617
2446993.09095 3.55078
2446994.09099 4.04129
2446995.09104 5.22429
2446996.09108 4.91024
2446997.09113 5.60751
2446998.09117 6.13077
2446999.09122 5.85430
2447000.09127 5.55050
2447001.09131 5.69887
2447002.09136 5.81222
2447003.09140 7.20774
2447004.09145 8.08125
2447005.09149 7.31919
2447006.09154 7.66625
2447192.10003 8.38792
2447193.10007 7.92887
2447194.10012 6.91335
2447195.10016 7.50791
2447196.10021 9.31821
2447197.10026 8.53964
2447198.10030 9.53763
2447199.10035 8.88977
2447200.10039 11.52125
2447201.10044 10.83770
2447202.10048 10.62169
2447203.10053 10.31898
2447204.10057 13.31256
2447205.10062 11.01752
2447206.10067 12.16196
2447207.10071 10.84213
2447208.10076 11.16849
2447209.10080 12.82882
2447210.10085 11.05536
2447211.10089 11.19659
2447212.10094 10.29883
2447213.10099 11.25492
2447214.10103 11.08714
2447215.10108 10.39483
2447216.10112 10.80401
2447217.10117 10.77357
2447218.10121 9.81157
2447219.10126 11.59200
2447220.10131 8.07643
2447221.10135 8.19963
2447222.10140 9.42854
2447223.10144 7.08379
2447224.10149 8.33384
2447225.10153 7.71255
2447226.10158 8.55230
2447227.10162 7.99857
2447228.10167 8.71613
2447229.10172 9.09200
2447230.10176 7.51876
2447231.10181 6.00708
2447232.10185 7.61940
2447233.10190 8.29452
2447234.10194 8.80028
2447235.10199 9.46467
2447236.10204 10.88872
2447237.10208 11.51259
2447238.10213 11.60258
2447239.10217 10.96156
2447240.10222 10.89102
2447241.10226 11.59715
2447242.10231 12.18454
2447243.10235 13.27910
2447244.10240 11.75434
2447245.10245 13.11681
2447246.10249 10.26283
2447247.10254 10.60730
2447248.10258 9.80627
2447249.10263 11.22613
2447250.10267 11.12410
2447251.10272 13.01394
2447252.10277 11.22171
2447253.10281 10.69399
2447254.10286 12.71490
2447255.10290 10.33435
2447256.10295 11.55473
2447257.10299 11.51137
2447258.10304 11.09814
2447259.10308 8.99420
2447260.10313 9.22531
2447261.10318 7.75891
2447262.10322 8.66190
2447263.10327 9.18823
2447264.10331 7.63829
2447265.10336 8.18133
2447266.10340 8.84553
2447267.10345 8.29216
2447268.10350 8.77838
2447269.10354 8.29495
2447270.10359 8.12560
2447271.10363 7.46949
2447272.10368 8.90629
2447273.10372 9.24059
2447274.10377 8.39981
2447275.10381 10.79996
2447276.10386 8.83887
2447277.10391 10.99260
2447278.10395 9.93151
2447279.10400 8.11852
2447280.10404 10.85912
2447281.10409 11.40004
2447282.10413 11.69392
2447283.10418 11.44651
2447284.10423 10.90487
2447285.10427 12.83491
2447286.10432 10.24855
2447287.10436 13.48591
2447288.10441 12.25291
2447289.10445 13.03813
2447290.10450 11.24985
2447291.10455 11.28161
2447292.10459 12.52240
2447293.10464 11.85121
2447294.10468 12.11694
2447295.10473 10.98411
2447296.10477 12.59727
2447297.10482 10.57875
2447298.10486 12.65465
2447299.10491 8.18347
2447300.10496 8.22581
2447301.10500 9.87967
2447302.10505 9.54319
2447303.10509 9.67761
2447304.10514 9.37163
2447305.10518 7.16524
2447306.10523 7.90689
2447307.10528 8.58325
2447308.10532 8.83540
2447309.10537 7.96094
2447310.10541 9.05208
2447311.10546 8.08857
2447312.10550 8.80504
2447313.10555 9.55799
2447314.10559 8.37718
2447315.10564 10.18089
2447316.10569 9.94304
2447317.10573 10.69230
2447318.10578 10.25522
2447319.10582 9.93071
2447320.10587 11.19552
2447321.10591 11.42394
2447322.10596 11.05600
2447323.10601 13.23515
2447324.10605 8.05074
2447325.10610 13.37435
2447326.10614 13.90697
2447327.10619 13.05388
2447328.10623 15.46643
2447329.10628 13.86018
2447330.10632 12.40383
2447331.10637 12.25334
2447332.10642 11.85708
2447333.10646 11.03288
2447334.10651 12.40625
2447335.10655 11.00064
2447336.10660 11.42219
2447337.10664 10.39872
2447338.10669 12.32934
2447339.10674 7.29105
2447340.10678 10.16188
2447341.10683 9.48142
2447342.10687 8.24879
2447343.10692 8.88129
2447344.10696 8.81795
2447345.10701 7.63757
2447346.10705 8.15404
2447347.10710 9.74365
2447348.10715 7.58362
2447349.10719 8.53111
2447350.10724 8.76241
2447351.10728 7.90387
2447352.10733 7.08168
2447353.10737 8.51894
2447354.10742 9.83560
2447355.10747 10.20208
2447356.10751 9.01935
2447357.10756 11.85339
2447358.10760 11.66606
2447359.10765 10.40746
2447360.10769 9.01122
2447361.10774 12.81641
2447362.10778 11.38164
2447363.10783 11.75239
2447364.10788 10.30111
2447365.10792 13.46193
2447366.10797 12.00719
2447367.10801 11.60710
2447368.10806 11.04682
2447369.10810 13.79326
2447370.10815 9.54171
2447371.10820 11.72357
2447557.11668 7.80110
2447558.11673 7.81174
2447559.11677 7.16212
2447560.11682 7.95396
2447561.11687 9.21573
2447562.11691 6.97992
2447563.11696 7.62964
2447564.11700 8.63653
2447565.11705 8.00304
2447566.11709 8.23923
2447567.11714 9.21218
2447568.11719 9.53815
2447569.11723 10.11992
2447570.11728 10.32331
2447571.11732 8.92438
2447572.11737 6.30337
2447573.11741 7.26180
2447574.11746 7.37143
2447575.11750 7.72185
2447576.11755 6.58021
2447577.11760 5.89306
2447578.11764 5.28625
2447579.11769 5.86930
2447580.11773 5.07983
2447581.11778 5.35525
2447582.11782 4.44980
2447583.11787 4.56647
2447584.11792 4.08127
2447585.11796 4.11871
2447586.11801 4.06949
2447587.11805 4.29775
2447588.11810 5.27377
2447589.11814 4.23384
2447590.11819 5.19338
2447591.11823 4.06265
2447592.11828 4.52645
2447593.11833 6.09928
2447594.11837 4.63941
2447595.11842 6.44994
2447596.11846 5.31123
2447597.11851 6.32168
2447598.11855 6.17568
2447599.11860 8.20676
2447600.11865 6.99316
2447601.11869 6.94387
2447602.11874 7.49970
2447603.11878 8.60622
2447604.11883 7.21975
2447605.11887 8.13277
2447606.11892 7.50459
2447607.11897 8.88898
2447608.11901 8.54097
2447609.11906 6.08993
2447610.11910 7.49556
2447611.11915 7.53596
2447612.11919 7.70084
2447613.11924 6.72158
2447614.11928 6.31539
2447615.11933 6.82804
2447616.11938 6.43257
2447617.11942 5.67578
2447618.11947 4.76340
2447619.11951 5.30807
2447620.11956 4.38254
2447621.11960 4.79951
2447622.11965 4.45351
2447623.11970 5.03756
2447624.11974 2.89925
2447625.11979 3.57953
2447626.11983 3.30267
2447627.11988 3.45562
2447628.11992 3.93101
2447629.11997 3.66427
2447630.12001 3.47438
2447631.12006 3.45005
2447632.12011 4.73719
2447633.12015 5.24469
2447634.12020 5.01735
2447635.12024 4.29287
2447636.12029 6.18937
2447637.12033 5.60196
2447638.12038 6.37023
2447639.12043 5.19820
2447640.12047 7.76520
2447641.12052 6.25247
2447642.12056 7.85252
2447643.12061 6.63779
2447644.12065 7.96691
2447645.12070 6.62780
2447646.12074 7.00097
2447647.12079 8.45748
2447648.12084 6.56594
2447649.12088 6.94064
2447650.12093 5.93282
2447651.12097 7.13865
2447652.12102 6.58016
2447653.12106 6.22589
2447654.12111 5.43502
2447655.12116 5.08560
2447656.12120 5.86263
2447657.12125 4.84730
2447658.12129 4.08393
2447659.12134 4.51223
2447660.12138 3.69865
2447661.12143 3.86503
2447662.12147 3.14404
2447663.12152 3.41556
2447664.12157 3.26737
2447665.12161 3.39682
2447666.12166 2.71675
2447667.12170 2.96768
2447668.12175 3.13023
2447669.12179 3.31390
2447670.12184 3.09268
2447671.12189 3.90777
2447672.12193 4.28235
2447673.12198 4.32386
2447674.12202 4.77493
2447675.12207 5.17078
2447676.12211 5.16206
2447677.12216 4.80514
2447678.12220 4.72859
2447679.12225 6.62498
2447680.12230 6.10044
2447681.12234 6.65676
2447682.12239 7.43804
2447683.12243 8.20028
2447684.12248 7.65907
2447685.12252 6.51717
2447686.12257 6.79613
2447687.12262 5.95884
2447688.12266 6.59530
2447689.12271 6.24089
2447690.12275 6.24535
2447691.12280 5.86095
2447692.12284 5.61226
2447693.12289 5.84203
2447694.12294 5.30084
2447695.12298 5.14387
2447696.12303 4.50297
2447697.12307 4.14883
2447698.12312 3.80355
2447699.12316 3.53958
2447700.12321 3.41441
2447701.12325 3.59947
2447702.12330 3.07308
2447703.12335 2.85916
2447704.12339 2.56604
2447705.12344 2.20836
2447706.12348 2.43868
2447707.12353 2.47902
2447708.12357 2.66512
2447709.12362 2.76993
2447710.12367 2.16481
2447711.12371 3.00222
2447712.12376 3.01330
2447713.12380 3.39549
2447714.12385 3.82219
2447715.12389 4.94504
2447716.12394 5.01793
2447717.12398 4.53628
2447718.12403 5.75453
2447719.12408 5.11625
2447720.12412 5.03350
2447721.12417 5.96545
2447722.12421 6.16376
2447723.12426 6.62820
2447724.12430 6.72107
2447725.12435 5.29282
2447726.12440 6.32429
2447727.12444 6.16072
2447728.12449 6.83768
2447729.12453 6.99799
2447730.12458 5.24115
2447731.12462 5.19845
2447732.12467 5.38836
2447733.12471 4.31319
2447734.12476 5.21380
2447735.12481 4.19345
2447736.12485 4.16902
2447922.13334 6.91328
2447923.13339 7.05946
2447924.13343 8.31356
2447925.13348 7.86714
2447926.13352 8.10576
2447927.13357 8.61372
2447928.13361 8.79888
2447929.13366 7.48249
2447930.13370 6.41481
2447931.13375 6.97486
2447932.13380 7.01986
2447933.13384 6.39873
2447934.13389 6.60446
2447935.13393 5.09956
2447936.13398 5.67940
2447937.13402 5.88176
2447938.13407 4.22961
2447939.13412 4.40656
2447940.13416 4.39871
2447941.13421 3.72366
2447942.13425 4.55540
2447943.13430 3.78824
2447944.13434 4.46637
2447945.13439 3.58270
2447946.13443 4.81778
2447947.13448 4.57104
2447948.13453 4.53875
2447949.13457 4.61686
2447950.13462 4.90939
2447951.13466 5.31895
2447952.13471 6.38874
2447953.13475 5.99525
2447954.13480 5.50300
2447955.13485 6.59278
2447956.13489 6.89925
2447957.13494 7.36088
2447958.13498 5.79195
2447959.13503 7.13393
2447960.13507 9.56061
2447961.13512 8.86420
2447962.13516 7.51456
2447963.13521 8.70031
2447964.13526 9.53000
2447965.13530 9.29872
2447966.13535 9.29996
2447967.13539 8.03021
2447968.13544 9.08751
2447969.13548 9.61529
2447970.13553 8.49976
2447971.13558 8.55223
2447972.13562 7.23920
2447973.13567 7.71473
2447974.13571 7.06888
2447975.13576 6.43436
2447976.13580 5.09200
2447977.13585 6.90357
2447978.13589 6.09558
2447979.13594 5.08863
2447980.13599 4.19237
2447981.13603 5.30830
2447982.13608 4.47902
2447983.13612 5.13825
2447984.13617 4.69755
2447985.13621 5.60315
2447986.13626 5.55068
2447987.13631 3.68693
2447988.13635 5.88300
2447989.13640 5.75186
2447990.13644 6.54415
2447991.13649 7.29463
2447992.13653 5.54683
2447993.13658 7.29791
2447994.13662 6.55196
2447995.13667 7.96188
2447996.13672 8.68066
2447997.13676 9.03598
2447998.13681 8.80274
2447999.13685 9.12531
2448000.13690 9.47862
2448001.13694 10.59994
2448002.13699 8.69448
2448003.13704 9.50609
2448004.13708 11.67201
2448005.13713 9.04083
2448006.13717 9.61229
2448007.13722 9.58976
2448008.13726 10.03841
2448009.13731 8.88958
2448010.13736 7.27876
2448011.13740 8.89265
2448012.13745 8.95108
2448013.13749 9.50369
2448014.13754 6.62614
2448015.13758 7.63760
2448016.13763 6.30915
2448017.13767 6.56365
2448018.13772 6.30629
2448019.13777 5.77824
2448020.13781 6.15599
2448021.13786 6.02356
2448022.13790 6.24695
2448023.13795 7.31553
2448024.13799 4.93307
2448025.13804 5.69766
2448026.13809 5.75005
2448027.13813 6.76699
2448028.13818 5.37163
2448029.13822 6.87137
2448030.13827 6.16353
2448031.13831 7.57081
2448032.13836 7.57697
2448033.13840 7.80581
2448034.13845 7.24929
2448035.13850 9.25552
2448036.13854 8.16955
2448037.13859 8.53578
2448038.13863 9.76173
2448039.13868 11.37913
2448040.13872 8.92993
2448041.13877 9.66346
2448042.13882 10.69053
2448043.13886 10.87170
2448044.13891 10.65770
2448045.13895 9.82311
2448046.13900 8.54421
2448047.13904 10.67043
2448048.13909 9.79517
2448049.13913 11.24975
2448050.13918 9.05693
2448051.13923 10.15560
2448052.13927 9.11210
2448053.13932 9.39151
2448054.13936 9.90487
2448055.13941 8.46891
2448056.13945 7.24717
2448057.13950 6.91091
2448058.13955 7.73924
2448059.13959 7.17312
2448060.13964 7.18613
2448061.13968 7.44579
2448062.13973 6.69234
2448063.13977 6.96602
2448064.13982 5.62188
2448065.13986 5.67409
2448066.13991 8.08792
2448067.13996 6.28064
2448068.14000 6.61542
2448069.14005 8.00254
2448070.14009 7.48555
2448071.14014 7.73163
2448072.14018 8.56383
2448073.14023 8.38386
2448074.14028 8.37806
2448075.14032 7.82558
2448076.14037 9.00050
2448077.14041 9.57621
2448078.14046 9.32057
2448079.14050 11.18850
2448080.14055 10.04408
2448081.14060 11.04616
2448082.14064 9.99708
2448083.14069 9.33847
2448084.14073 11.28962
2448085.14078 12.31537
2448086.14082 9.87626
2448087.14087 9.69362
2448088.14091 12.44440
2448089.14096 10.01644
2448090.14101 10.60465
2448091.14105 10.86993
2448092.14110 9.68734
2448093.14114 9.09551
2448094.14119 8.71290
2448095.14123 9.03687
2448096.14128 10.26339
2448097.14133 6.97255
2448098.14137 8.28966
2448099.14142 8.03749
2448100.14146 7.44318
2448101.14151 8.60932
2448288.15004 12.25597
2448289.15009 12.31330
2448290.15013 10.99291
2448291.15018 10.06172
2448292.15022 10.28695
2448293.15027 9.60491
2448294.15031 9.73395
2448295.15036 8.77078
2448296.15041 10.92165
2448297.15045 9.15987
2448298.15050 9.91741
2448299.15054 7.81412
2448300.15059 7.58872
2448301.15063 7.72194
2448302.15068 8.81492
2448303.15073 8.72504
2448304.15077 8.29789
2448305.15082 7.92147
2448306.15086 8.74134
2448307.15091 10.44654
2448308.15095 9.09207
2448309.15100 8.06176
2448310.15104 10.00854
2448311.15109 9.02761
2448312.15114 10.76155
2448313.15118 9.55729
2448314.15123 11.50097
2448315.15127 10.16241
2448316.15132 11.36937
2448317.15136 12.16019
2448318.15141 10.87898
2448319.15146 11.40260
2448320.15150 14.59172
2448321.15155 13.35251
2448322.15159 11.26045
2448323.15164 12.23458
2448324.15168 14.65109
2448325.15173 14.27877
2448326.15178 12.15717
2448327.15182 12.31529
2448328.15187 8.90068
2448329.15191 10.34706
2448330.15196 11.65262
2448331.15200 10.19675
2448332.15205 9.54858
2448333.15209 8.67500
2448334.15214 8.03891
2448335.15219 8.83744
2448336.15223 8.52181
2448337.15228 8.71408
2448338.15232 9.06953
2448339.15237 6.38685
2448340.15241 8.46623
2448341.15246 7.85660
2448342.15251 8.24018
2448343.15255 7.76866
2448344.15260 7.96440
2448345.15264 8.73099
2448346.15269 6.55564
2448347.15273 7.31556
2448348.15278 8.21026
2448349.15282 8.82164
2448350.15287 8.81108
2448351.15292 10.46307
2448352.15296 8.89282
2448353.15301 10.58850
2448354.15305 11.31974
2448355.15310 11.25263
2448356.15314 11.55645
2448357.15319 10.87784
2448358.15324 9.69892
2448359.15328 10.23142
2448360.15333 10.77197
2448361.15337 10.88101
2448362.15342 11.59971
2448363.15346 10.16437
2448364.15351 12.37106
2448365.15355 13.01257
2448366.15360 13.05672
2448367.15365 10.37158
2448368.15369 10.29338
2448369.15374 8.61313
2448370.15378 7.88562
2448371.15383 9.68462
2448372.15387 8.25007
2448373.15392 10.05730
2448374.15397 8.01682
2448375.15401 8.43608
2448376.15406 8.67013
2448377.15410 6.98163
2448378.15415 7.79692
2448379.15419 7.91796
2448380.15424 6.66511
2448381.15428 6.33452
2448382.15433 7.68095
2448383.15438 6.58306
2448384.15442 7.28848
2448385.15447 6.00191
2448386.15451 6.70842
2448387.15456 7.91536
2448388.15460 8.56656
2448389.15465 7.21234
2448390.15470 7.91778
2448391.15474 7.08388
2448392.15479 9.27733
2448393.15483 9.85953
2448394.15488 10.17883
2448395.15492 9.84831
2448396.15497 10.72178
2448397.15502 11.01367
2448398.15506 10.45356
2448399.15511 10.91154
2448400.15515 9.35732
2448401.15520 11.28805
2448402.15524 9.12755
2448403.15529 10.37016
2448404.15533 10.71082
2448405.15538 11.16318
2448406.15543 9.52342
2448407.15547 8.63667
2448408.15552 7.62966
2448409.15556 10.37607
2448410.15561 10.40353
2448411.15565 9.86658
2448412.15570 8.43107
2448413.15575 10.56379
2448414.15579 7.02653
2448415.15584 7.52246
2448416.15588 6.46894
2448417.15593 6.39135
2448418.15597 6.28266
2448419.15602 7.11518
2448420.15606 5.73171
2448421.15611 6.85847
2448422.15616 6.57706
2448423.15620 6.10940
2448424.15625 6.90641
2448425.15629 7.60793
2448426.15634 6.19641
2448427.15638 6.46182
2448428.15643 7.20886
2448429.15648 7.88040
2448430.15652 7.85907
2448431.15657 8.57966
2448432.15661 7.71527
2448433.15666 9.34096
2448434.15670 9.40989
2448435.15675 9.66214
2448436.15679 9.89286
2448437.15684 10.15446
2448438.15689 10.55226
2448439.15693 9.92030
2448440.15698 9.03030
2448441.15702 8.61987
2448442.15707 10.16647
2448443.15711 10.76456
2448444.15716 9.62898
2448445.15721 10.18190
2448446.15725 8.98068
2448447.15730 8.70685
2448448.15734 8.95549
2448449.15739 8.35426
2448450.15743 8.14284
2448451.15748 8.58340
2448452.15752 6.21376
2448453.15757 5.60895
2448454.15762 7.19604
2448455.15766 7.22955
2448456.15771 5.98543
2448457.15775 5.89050
2448458.15780 6.47392
2448459.15784 5.39647
2448460.15789 5.44692
2448461.15794 5.81670
2448462.15798 5.34757
2448463.15803 5.54047
2448464.15807 5.54883
2448465.15812 5.56856
2448466.15816 5.62957
2448467.15821 5.95141
2448653.16670 3.40979
2448654.16674 3.20818
2448655.16679 3.68757
2448656.16683 2.67345
2448657.16688 2.50993
2448658.16693 2.39634
2448659.16697 2.29719
2448660.16702 1.88008
2448661.16706 1.55598
2448662.16711 1.67444
2448663.16715 2.14419
2448664.16720 2.22398
2448665.16724 2.12803
2448666.16729 2.60763
2448667.16734 2.91704
2448668.16738 3.14655
2448669.16743 3.23413
2448670.16747 3.34635
2448671.16752 4.10812
2448672.16756 3.87221
2448673.16761 5.28360
2448674.16766 4.93833
2448675.16770 5.82025
2448676.16775 5.89766
2448677.16779 6.21735
2448678.16784 5.21722
2448679.16788 5.79103
2448680.16793 5.05762
2448681.16797 5.01213
2448682.16802 5.89241
2448683.16807 6.03347
2448684.16811 5.89960
2448685.16816 6.06823
2448686.16820 7.17573
2448687.16825 4.31416
2448688.16829 5.46123
2448689.16834 4.45665
2448690.16839 4.20681
2448691.16843 3.05942
2448692.16848 3.29667
2448693.16852 3.55716
2448694.16857 2.81148
2448695.16861 2.81019
2448696.16866 2.02228
2448697.16870 2.34956
2448698.16875 2.00528
2448699.16880 2.04430
2448700.16884 2.16043
2448701.16889 1.82524
2448702.16893 1.96753
2448703.16898 2.00550
2448704.16902 2.06542
2448705.16907 2.41359
2448706.16912 2.20674
2448707.16916 2.78766
2448708.16921 2.94211
2448709.16925 3.88970
2448710.16930 3.39210
2448711.16934 4.22278
2448712.16939 4.71137
2448713.16944 4.91813
2448714.16948 4.49300
2448715.16953 5.08867
2448716.16957 5.26076
2448717.16962 5.31533
2448718.16966 5.79817
2448719.16971 6.60415
2448720.16975 6.22435
2448721.16980 7.38368
2448722.16985 6.07984
2448723.16989 6.79396
2448724.16994 5.37913
2448725.16998 5.86952
2448726.17003 5.28754
2448727.17007 5.26973
2448728.17012 4.66393
2448729.17017 4.55906
2448730.17021 4.57557
2448731.17026 4.01050
2448732.17030 3.16496
2448733.17035 3.00425
2448734.17039 3.15935
2448735.17044 2.63418
2448736.17048 2.49286
2448737.17053 2.22531
2448738.17058 2.24006
2448739.17062 2.11897
2448740.17067 2.00134
2448741.17071 1.80217
2448742.17076 2.10197
2448743.17080 2.57446
2448744.17085 2.55564
2448745.17090 2.06224
2448746.17094 2.91162
2448747.17099 3.14904
2448748.17103 3.35941
2448749.17108 4.03211
2448750.17112 4.35525
2448751.17117 3.87419
2448752.17121 4.99406
2448753.17126 5.08821
2448754.17131 5.53917
2448755.17135 6.56609
2448756.17140 6.62004
2448757.17144 6.87453
2448758.17149 6.36059
2448759.17153 7.16986
2448760.17158 5.70926
2448761.17163 5.65621
2448762.17167 6.59971
2448763.17172 6.93270
2448764.17176 6.30244
2448765.17181 5.82525
2448766.17185 5.87151
2448767.17190 5.04382
2448768.17194 4.23147
2448769.17199 5.33690
2448770.17204 4.31878
2448771.17208 4.46574
2448772.17213 4.27775
2448773.17217 4.24006
2448774.17222 3.54385
2448775.17226 2.81037
2448776.17231 3.00408
2448777.17236 2.20353
2448778.17240 2.42987
2448779.17245 2.42581
2448780.17249 2.21781
2448781.17254 2.34300
2448782.17258 2.61349
2448783.17263 2.54738
2448784.17268 2.40088
2448785.17272 3.63042
2448786.17277 3.27659
2448787.17281 3.58674
2448788.17286 3.22399
2448789.17290 4.48702
2448790.17295 4.32598
2448791.17299 5.84677
2448792.17304 5.40943
2448793.17309 5.15368
2448794.17313 5.34281
2448795.17318 6.89866
2448796.17322 6.42449
2448797.17327 6.01026
2448798.17331 6.35968
2448799.17336 6.56539
2448800.17341 7.03038
2448801.17345 6.82084
2448802.17350 7.25007
2448803.17354 6.67422
2448804.17359 6.22893
2448805.17363 6.68455
2448806.17368 7.20225
2448807.17372 6.41341
2448808.17377 5.62044
2448809.17382 5.35128
2448810.17386 4.81021
2448811.17391 4.96379
2448812.17395 4.10745
2448813.17400 3.68960
2448814.17404 3.22705
2448815.17409 3.56026
2448816.17414 3.25911
2448817.17418 3.40634
2448818.17423 3.26348
2448819.17427 2.76505
2448820.17432 3.45529
2448821.17436 2.84497
2448822.17441 2.66338
2448823.17445 3.85131
2448824.17450 3.32037
2448825.17455 3.75299
2448826.17459 3.43538
2448827.17464 4.84737
2448828.17468 5.04349
2448829.17473 4.70300
2448830.17477 4.99324
2448831.17482 5.64816
2448832.17487 5.59671
2449018.18335 7.03793
2449019.18340 6.70823
2449020.18344 6.12300
2449021.18349 7.17215
2449022.18354 5.97588
2449023.18358 7.29404
2449024.18363 6.62680
2449025.18367 9.14269
2449026.18372 9.16875
2449027.18376 9.84800
2449028.18381 8.83392
2449029.18386 8.99338
2449030.18390 9.60221
2449031.18395 9.41209
2449032.18399 11.30898
2449033.18404 10.65393
2449034.18408 11.02993
2449035.18413 12.81478
2449036.18417 11.09526
2449037.18422 11.77260
2449038.18427 11.40336
2449039.18431 13.83344
2449040.18436 12.91960
2449041.18440 14.30975
2449042.18445 9.58129
2449043.18449 11.87317
2449044.18454 11.22113
2449045.18459 11.33982
2449046.18463 12.54469
2449047.18468 9.99043
2449048.18472 11.61717
2449049.18477 9.11974
2449050.18481 8.51355
2449051.18486 8.13444
2449052.18490 9.89000
2449053.18495 9.19342
2449054.18500 9.09729
2449055.18504 7.83346
2449056.18509 8.24166
2449057.18513 6.97711
2449058.18518 8.70631
2449059.18522 6.93609
2449060.18527 8.60590
2449061.18532 8.15569
2449062.18536 7.94222
2449063.18541 8.67437
2449064.18545 7.18938
2449065.18550 9.71986
2449066.18554 8.91411
2449067.18559 10.41783
2449068.18563 10.73609
2449069.18568 10.94822
2449070.18573 9.97125
2449071.18577 11.32830
2449072.18582 11.40038
2449073.18586 11.22060
2449074.18591 12.00598
2449075.18595 12.80876
2449076.18600 13.85121
2449077.18605 13.84041
2449078.18609 11.12236
2449079.18614 11.27678
2449080.18618 11.17361
2449081.18623 12.24096
2449082.18627 14.75513
2449083.18632 9.68599
2449084.18636 12.04959
2449085.18641 12.43602
2449086.18646 11.15476
2449087.18650 11.13000
2449088.18655 10.90408
2449089.18659 8.98190
2449090.18664 9.64028
2449091.18668 9.38071
2449092.18673 10.86898
2449093.18678 9.65837
2449094.18682 8.43211
2449095.18687 7.44083
2449096.18691 8.54269
2449097.18696 7.60033
2449098.18700 7.23212
2449099.18705 7.72603
2449100.18710 8.15214
2449101.18714 10.03995
2449102.18719 9.17413
2449103.18723 8.84858
2449104.18728 9.35528
2449105.18732 7.60540
2449106.18737 8.95261
2449107.18741 10.09362
2449108.18746 11.01054
2449109.18751 8.87300
2449110.18755 11.71445
2449111.18760 10.32668
2449112.18764 11.88451
2449113.18769 11.78599
2449114.18773 10.75304
2449115.18778 11.33342
2449116.18783 12.23056
2449117.18787 15.14118
2449118.18792 13.86269
2449119.18796 13.67568
2449120.18801 10.90416
2449121.18805 12.44122
2449122.18810 12.30301
2449123.18814 14.01689
2449124.18819 12.46365
2449125.18824 9.94202
2449126.18828 12.05474
2449127.18833 12.71126
2449128.18837 10.37395
2449129.18842 10.23247
2449130.18846 8.90602
2449131.18851 9.72046
2449132.18856 9.39621
2449133.18860 8.68460
2449134.18865 6.57106
2449135.18869 7.48791
2449136.18874 8.39296
2449137.18878 7.74123
2449138.18883 6.64125
2449139.18887 8.23007
2449140.18892 7.74897
2449141.18897 9.06598
2449142.18901 9.42438
2449143.18906 8.49163
2449144.18910 10.05146
2449145.18915 9.54149
2449146.18919 8.61608
2449147.18924 9.79065
2449148.18929 12.15982
2449149.18933 10.38010
2449150.18938 11.89351
2449151.18942 11.77820
2449152.18947 12.59062
2449153.18951 11.90859
2449154.18956 12.52711
2449155.18960 12.64891
2449156.18965 12.31864
2449157.18970 14.23439
2449158.18974 10.47533
2449159.18979 13.59528
2449160.18983 12.53440
2449161.18988 14.92270
2449162.18992 11.44756
2449163.18997 11.44290
2449164.19002 11.26915
2449165.19006 10.28006
2449166.19011 13.39557
2449167.19015 13.86277
2449168.19020 12.58894
2449169.19024 10.47765
2449170.19029 11.32745
2449171.19033 9.52032
2449172.19038 9.75564
2449173.19043 8.99108
2449174.19047 7.78435
2449175.19052 8.21774
2449176.19056 8.93390
2449177.19061 7.93444
2449178.19065 9.03103
2449179.19070 8.12903
2449180.19075 7.44577
2449181.19079 8.28933
2449182.19084 9.15173
2449183.19088 7.32525
2449184.19093 7.80458
2449185.19097 10.36527
2449186.19102 11.79721
2449187.19107 11.48045
2449188.19111 10.83785
2449189.19116 9.25070
2449190.19120 9.91386
2449191.19125 10.71417
2449192.19129 11.89223
2449193.19134 11.63315
2449194.19138 10.24171
2449195.19143 13.85090
2449196.19148 13.18784
2449197.19152 14.29287
2449383.20001 6.91623
2449384.20005 6.33345
2449385.20010 6.20916
2449386.20015 5.23206
2449387.20019 6.88680
2449388.20024 6.62758
2449389.20028 5.31990
2449390.20033 8.05976
2449391.20037 9.02564
2449392.20042 9.77343
2449393.20047 9.85929
2449394.20051 8.50852
2449395.20056 9.44783
2449396.20060 7.85398
2449397.20065 11.21758
2449398.20069 10.47245
2449399.20074 10.78357
2449400.20078 10.42539
2449401.20083 8.43534
2449402.20088 7.86215
2449403.20092 6.94812
2449404.20097 8.84423
2449405.20101 7.51061
2449406.20106 8.42680
2449407.20110 8.24260
2449408.20115 5.41214
2449409.20120 6.35446
2449410.20124 5.79869
2449411.20129 6.11575
2449412.20133 5.76702
2449413.20138 5.79217
2449414.20142 5.21748
2449415.20147 4.47694
2449416.20152 4.39680
2449417.20156 3.94239
2449418.20161 4.57572
2449419.20165 3.96530
2449420.20170 3.67448
2449421.20174 5.35241
2449422.20179 4.61629
2449423.20183 5.15628
2449424.20188 5.90827
2449425.20193 5.35920
2449426.20197 6.80302
2449427.20202 6.47009
2449428.20206 7.33526
2449429.20211 5.98141
2449430.20215 5.92365
2449431.20220 6.51096
2449432.20225 6.70128
2449433.20229 7.12767
2449434.20234 9.54834
2449435.20238 9.62590
2449436.20243 8.67024
2449437.20247 11.08792
2449438.20252 8.54446
2449439.20256 8.50159
2449440.20261 7.72254
2449441.20266 7.99948
2449442.20270 7.79448
2449443.20275 6.61261
2449444.20279 7.06633
2449445.20284 6.73951
2449446.20288 7.29588
2449447.20293 5.53609
2449448.20298 5.09180
2449449.20302 5.50851
2449450.20307 4.03051
2449451.20311 5.22461
2449452.20316 3.46552
2449453.20320 3.64581
2449454.20325 3.51960
2449455.20329 3.71642
2449456.20334 3.64658
2449457.20339 3.68197
2449458.20343 3.14881
2449459.20348 3.61579
2449460.20352 3.72549
2449461.20357 2.61205
2449462.20361 4.13389
2449463.20366 4.98003
2449464.20371 4.61546
2449465.20375 5.13533
2449466.20380 5.76241
2449467.20384 5.20681
2449468.20389 6.66608
2449469.20393 6.92079
2449470.20398 7.76161
2449471.20402 6.50765
2449472.20407 6.57238
2449473.20412 8.01661
2449474.20416 7.72332
2449475.20421 7.89445
2449476.20425 6.78781
2449477.20430 7.08702
2449478.20434 7.94049
2449479.20439 8.54464
2449480.20444 6.80513
2449481.20448 7.43529
2449482.20453 7.16363
2449483.20457 7.21262
2449484.20462 6.69509
2449485.20466 5.99886
2449486.20471 6.26007
2449487.20475 5.22240
2449488.20480 5.34221
2449489.20485 4.09466
2449490.20489 4.40906
2449491.20494 2.77078
2449492.20498 3.96616
2449493.20503 3.07747
2449494.20507 2.97457
2449495.20512 2.92290
2449496.20517 2.90508
2449497.20521 2.95907
2449498.20526 2.49889
2449499.20530 2.93882
2449500.20535 3.25679
2449501.20539 2.93431
2449502.20544 3.54051
2449503.20549 3.58254
2449504.20553 3.33712
2449505.20558 4.81975
2449506.20562 4.72658
2449507.20567 4.50117
2449508.20571 5.81845
2449509.20576 5.62380
2449510.20580 5.92891
2449511.20585 7.17732
2449512.20590 6.30991
2449513.20594 6.29800
2449514.20599 7.43706
2449515.20603 5.37912
2449516.20608 7.00707
2449517.20612 7.43504
2449518.20617 6.42895
2449519.20622 7.18711
2449520.20626 6.92288
2449521.20631 6.24944
2449522.20635 5.71324
2449523.20640 5.48388
2449524.20644 4.92208
2449525.20649 5.00004
2449526.20653 5.38575
2449527.20658 4.46540
2449528.20663 4.71610
2449529.20667 3.53160
2449530.20672 3.08174
2449531.20676 2.73660
2449532.20681 2.87813
2449533.20685 2.43804
2449534.20690 2.44141
2449535.20695 2.12179
2449536.20699 1.84954
2449537.20704 2.18791
2449538.20708 1.82678
2449539.20713 2.51233
2449540.20717 2.83183
2449541.20722 2.90728
2449542.20726 3.10078
2449543.20731 2.92103
2449544.20736 3.99183
2449545.20740 3.51657
2449546.20745 4.13447
2449547.20749 4.46796
2449548.20754 4.66549
2449549.20758 4.41837
2449550.20763 5.71614
2449551.20768 4.61927
2449552.20772 5.59725
2449553.20777 6.11266
2449554.20781 7.18829
2449555.20786 6.85936
2449556.20790 7.08060
2449557.20795 5.62808
2449558.20799 6.31528
2449559.20804 5.64614
2449560.20809 5.16056
2449561.20813 6.30436
2449562.20818 4.62419
2449749.21671 7.31013
2449750.21676 7.46109
2449751.21680 7.46890
2449752.21685 6.24516
2449753.21689 7.26988
2449754.21694 8.00674
2449755.21698 8.34142
2449756.21703 7.62671
2449757.21708 7.06895
2449758.21712 6.54933
2449759.21717 7.86764
2449760.21721 6.73576
2449761.21726 6.85463
2449762.21730 7.37542
2449763.21735 6.60609
2449764.21740 5.45921
2449765.21744 5.28037
2449766.21749 4.61018
2449767.21753 4.85956
2449768.21758 4.61547
2449769.21762 3.81233
2449770.21767 4.29588
2449771.21771 3.92755
2449772.21776 3.08615
2449773.21781 4.12917
2449774.21785 3.04665
2449775.21790 3.85479
2449776.21794 2.56628
2449777.21799 3.42724
2449778.21803 4.04132
2449779.21808 3.89293
2449780.21813 4.39107
2449781.21817 4.58998
2449782.21822 5.01690
2449783.21826 4.88140
2449784.21831 5.10563
2449785.21835 5.56523
2449786.21840 5.83169
2449787.21844 6.64763
2449788.21849 7.19627
2449789.21854 8.28380
2449790.21858 7.19455
2449791.21863 6.27833
2449792.21867 8.14455
2449793.21872 8.17756
2449794.21876 8.95137
2449795.21881 7.13494
2449796.21886 8.87785
2449797.21890 7.35481
2449798.21895 6.91228
2449799.21899 7.18905
2449800.21904 7.29171
2449801.21908 6.18549
2449802.21913 6.73208
2449803.21917 6.29905
2449804.21922 5.94192
2449805.21927 5.46362
2449806.21931 5.42530
2449807.21936 6.29891
2449808.21940 5.60408
2449809.21945 4.93229
2449810.21949 5.78994
2449811.21954 5.20344
2449812.21959 4.99214
2449813.21963 4.59838
2449814.21968 4.74788
2449815.21972 4.46440
2449816.21977 3.76581
2449817.21981 4.67381
2449818.21986 4.87422
2449819.21991 5.03186
2449820.21995 5.28129
2449821.22000 5.23088
2449822.22004 5.42130
2449823.22009 4.86208
2449824.22013 6.89822
2449825.22018 6.58068
2449826.22022 6.81480
2449827.22027 6.11059
2449828.22032 8.26467
2449829.22036 9.21791
2449830.22041 6.69691
2449831.22045 8.80380
2449832.22050 7.18721
2449833.22054 9.74019
2449834.22059 10.59510
2449835.22064 9.32111
2449836.22068 10.11181
2449837.22073 6.39653
2449838.22077 9.25905
2449839.22082 7.39140
2449840.22086 9.24282
2449841.22091 8.18125
2449842.22095 6.51049
2449843.22100 7.84639
2449844.22105 8.15402
2449845.22109 8.68749
2449846.22114 7.00233
2449847.22118 6.90054
2449848.22123 6.31533
2449849.22127 7.03552
2449850.22132 6.05095
2449851.22137 6.38010
2449852.22141 4.71863
2449853.22146 5.41663
2449854.22150 5.62463
2449855.22155 5.47753
2449856.22159 4.65420
2449857.22164 4.28242
2449858.22168 6.44989
2449859.22173 5.40032
2449860.22178 5.95037
2449861.22182 5.78423
2449862.22187 6.20104
2449863.22191 6.70542
2449864.22196 7.20035
2449865.22200 8.99740
2449866.22205 10.15740
2449867.22210 8.48162
2449868.22214 9.08534
2449869.22219 7.69954
2449870.22223 9.44527
2449871.22228 10.04527
2449872.22232 10.74575
2449873.22237 9.89216
2449874.22241 9.89601
2449875.22246 9.42619
2449876.22251 11.04546
2449877.22255 9.49492
2449878.22260 11.30767
2449879.22264 9.97996
2449880.22269 10.79444
2449881.22273 9.38960
2449882.22278 8.50951
2449883.22283 9.09514
2449884.22287 8.50816
2449885.22292 8.28292
2449886.22296 6.56543
2449887.22301 6.31429
2449888.22305 6.87139
2449889.22310 5.27509
2449890.22315 6.97144
2449891.22319 6.29514
2449892.22324 6.36187
2449893.22328 7.24491
2449894.22333 5.84544
2449895.22337 7.22404
2449896.22342 6.07474
2449897.22346 6.21957
2449898.22351 6.68909
2449899.22356 8.23546
2449900.22360 6.25564
2449901.22365 6.65899
2449902.22369 6.73226
2449903.22374 8.19372
2449904.22378 9.35442
2449905.22383 8.70172
2449906.22388 8.94080
2449907.22392 9.92646
2449908.22397 9.77371
2449909.22401 8.82589
2449910.22406 10.17085
2449911.22410 10.63403
2449912.22415 10.49111
2449913.22419 10.95467
2449914.22424 11.03520
2449915.22429 13.47651
2449916.22433 9.61912
2449917.22438 11.40795
2449918.22442 9.41602
2449919.22447 10.50172
2449920.22451 8.87921
2449921.22456 10.25060
2449922.22461 9.50180
2449923.22465 8.77488
2449924.22470 9.26094
2449925.22474 8.87142
2449926.22479 8.89446
2449927.22483 10.20092
2449928.22488 7.59534
2450114.23337 11.22713
2450115.23341 10.59123
2450116.23346 11.99883
2450117.23350 13.05744
2450118.23355 14.61269
2450119.23359 13.51088
2450120.23364 12.10298
2450121.23369 10.98586
2450122.23373 10.41340
2450123.23378 9.70807
2450124.23382 11.37720
2450125.23387 10.06700
2450126.23391 10.93370
2450127.23396 9.39430
2450128.23401 10.76548
2450129.23405 8.12546
2450130.23410 7.67560
2450131.23414 7.71068
2450132.23419 9.74500
2450133.23423 8.05139
2450134.23428 8.27019
2450135.23433 9.08412
2450136.23437 8.51465
2450137.23442 8.07283
2450138.23446 9.73797
2450139.23451 8.19112
2450140.23455 9.33299
2450141.23460 8.54420
2450142.23464 12.01175
2450143.23469 10.88434
2450144.23474 9.15627
2450145.23478 10.67951
2450146.23483 12.23425
2450147.23487 10.53622
2450148.23492 12.34398
2450149.23496 11.25207
2450150.23501 11.86493
2450151.23506 11.78098
2450152.23510 12.97291
2450153.23515 14.45653
2450154.23519 11.57826
2450155.23524 12.29559
2450156.23528 11.67727
2450157.23533 12.33097
2450158.23537 12.18378
2450159.23542 11.27722
2450160.23547 11.47452
2450161.23551 10.85363
2450162.23556 9.96364
2450163.23560 12.83735
2450164.23565 10.46184
2450165.23569 8.43061
2450166.23574 9.80669
2450167.23579 10.07930
2450168.23583 10.26118
2450169.23588 9.39642
2450170.23592 9.33054
2450171.23597 10.17536
2450172.23601 7.61973
2450173.23606 7.27545
2450174.23610 8.37045
2450175.23615 8.50708
2450176.23620 8.55376
2450177.23624 8.23101
2450178.23629 8.97958
2450179.23633 7.60285
2450180.23638 9.62607
2450181.23642 9.07492
2450182.23647 9.61543
2450183.23652 9.42240
2450184.23656 10.01176
2450185.23661 9.60282
2450186.23665 9.51183
2450187.23670 11.25568
2450188.23674 11.59795
2450189.23679 12.89554
2450190.23683 11.28696
2450191.23688 12.38840
2450192.23693 12.22991
2450193.23697 13.02332
2450194.23702 12.39637
2450195.23706 10.76522
2450196.23711 10.12698
2450197.23715 13.54410
2450198.23720 11.86789
2450199.23725 12.39279
2450200.23729 9.09831
2450201.23734 12.54655
2450202.23738 10.24649
2450203.23743 10.97269
2450204.23747 11.57706
2450205.23752 9.86759
2450206.23757 8.34142
2450207.23761 9.24916
2450208.23766 6.35476
2450209.23770 8.48417
2450210.23775 8.18581
2450211.23779 6.11909
2450212.23784 6.58768
2450213.23788 7.49814
2450214.23793 7.00108
2450215.23798 7.20575
2450216.23802 6.26488
2450217.23807 7.79185
2450218.23811 7.97982
2450219.23816 7.73739
2450220.23820 8.44917
2450221.23825 7.45897
2450222.23830 9.98692
2450223.23834 8.65549
2450224.23839 10.08667
2450225.23843 8.65625
2450226.23848 9.88568
2450227.23852 9.67288
2450228.23857 12.72566
2450229.23861 9.32195
2450230.23866 10.86388
2450231.23871 8.05530
2450232.23875 12.04297
2450233.23880 9.92172
2450234.23884 12.45516
2450235.23889 11.56088
2450236.23893 11.61793
2450237.23898 13.60870
2450238.23903 10.67923
2450239.23907 11.44828
2450240.23912 11.82946
2450241.23916 10.53930
2450242.23921 8.49552
2450243.23925 10.05679
2450244.23930 8.01173
2450245.23934 8.35126
2450246.23939 8.30127
2450247.23944 7.10025
2450248.23948 7.51491
2450249.23953 7.30850
2450250.23957 7.24659
2450251.23962 7.46610
2450252.23966 5.62262
2450253.23971 5.74091
2450254.23976 7.66026
2450255.23980 6.31316
2450256.23985 6.45197
2450257.23989 5.80240
2450258.23994 5.86076
2450259.23998 7.80877
2450260.24003 6.46540
2450261.24007 7.91472
2450262.24012 8.96348
2450263.24017 7.86701
2450264.24021 7.98380
2450265.24026 8.87064
2450266.24030 8.39112
2450267.24035 10.65700
2450268.24039 10.04372
2450269.24044 8.46839
2450270.24049 9.84321
2450271.24053 9.95043
2450272.24058 10.54954
2450273.24062 11.00035
2450274.24067 7.74623
2450275.24071 10.16105
2450276.24076 9.24417
2450277.24080 10.16248
2450278.24085 9.66328
2450279.24090 11.59008
2450280.24094 9.15732
2450281.24099 9.02687
2450282.24103 9.78621
2450283.24108 8.62743
2450284.24112 7.35797
2450285.24117 8.07686
2450286.24122 6.09959
2450287.24126 5.79029
2450288.24131 6.77561
2450289.24135 5.48641
2450290.24140 5.58360
2450291.24144 6.23762
2450292.24149 6.16505
2450293.24154 6.14465
2450479.25002 5.13693
2450480.25007 4.80466
2450481.25011 4.59426
2450482.25016 3.78621
2450483.25021 3.21863
2450484.25025 2.92306
2450485.25030 2.58131
2450486.25034 2.56097
2450487.25039 2.21975
2450488.25043 2.27625
2450489.25048 1.95662
2450490.25052 1.97930
2450491.25057 1.76782
2450492.25062 1.34662
2450493.25066 1.65271
2450494.25071 1.57989
2450495.25075 1.70674
2450496.25080 1.84298
2450497.25084 1.88452
2450498.25089 2.57891
2450499.25094 2.69109
2450500.25098 3.14224
2450501.25103 3.38654
2450502.25107 3.43217
2450503.25112 4.36022
2450504.25116 4.38960
2450505.25121 5.05269
2450506.25125 5.91232
2450507.25130 4.45235
2450508.25135 6.50622
2450509.25139 6.24686
2450510.25144 6.87245
2450511.25148 5.49358
2450512.25153 5.84135
2450513.25157 6.09801
2450514.25162 6.70844
2450515.25167 6.47829
2450516.25171 6.27841
2450517.25176 5.38437
2450518.25180 5.29312
2450519.25185 4.44298
2450520.25189 4.39301
2450521.25194 4.65658
2450522.25199 3.44075
2450523.25203 3.75574
2450524.25208 3.15835
2450525.25212 2.76451
2450526.25217 2.46411
2450527.25221 1.92408
2450528.25226 1.83684
2450529.25230 1.49450
2450530.25235 1.35338
2450531.25240 1.61162
2450532.25244 1.30465
2450533.25249 1.38378
2450534.25253 1.34860
2450535.25258 1.83601
2450536.25262 1.59935
2450537.25267 2.03694
2450538.25272 1.87467
2450539.25276 2.50549
2450540.25281 3.38395
2450541.25285 3.13827
2450542.25290 3.87239
2450543.25294 4.21197
2450544.25299 5.42207
2450545.25303 4.99743
2450546.25308 5.34538
2450547.25313 4.92694
2450548.25317 6.20720
2450549.25322 5.06622
2450550.25326 6.24217
2450551.25331 5.98773
2450552.25335 5.12085
2450553.25340 6.29363
2450554.25345 5.98920
2450555.25349 5.71544
2450556.25354 5.39820
2450557.25358 5.75563
2450558.25363 5.05992
2450559.25367 5.30220
2450560.25372 4.84922
2450561.25376 4.01398
2450562.25381 3.33118
2450563.25386 3.04535
2450564.25390 2.44294
2450565.25395 2.76712
2450566.25399 2.68020
2450567.25404 2.05452
2450568.25408 1.62844
2450569.25413 1.83864
2450570.25418 1.30938
2450571.25422 1.67415
2450572.25427 1.40791
2450573.25431 1.48313
2450574.25436 1.54229
2450575.25440 1.82699
2450576.25445 2.28193
2450577.25449 2.58215
2450578.25454 2.82946
2450579.25459 2.40412
2450580.25463 2.65236
2450581.25468 4.07600
2450582.25472 3.63078
2450583.25477 5.13568
2450584.25481 4.23585
2450585.25486 3.92362
2450586.25491 5.48132
2450587.25495 5.21571
2450588.25500 6.41600
2450589.25504 5.55068
2450590.25509 6.24959
2450591.25513 5.68995
2450592.25518 5.89509
2450593.25522 6.60052
2450594.25527 6.37089
2450595.25532 5.61262
2450596.25536 5.37426
2450597.25541 4.84459
2450598.25545 5.79527
2450599.25550 4.77672
2450600.25554 4.49911
2450601.25559 4.30068
2450602.25564 4.55665
2450603.25568 3.71182
2450604.25573 3.63322
2450605.25577 2.69457
2450606.25582 2.28840
2450607.25586 1.99438
2450608.25591 2.02137
2450609.25596 1.92584
2450610.25600 2.12807
2450611.25605 1.68110
2450612.25609 1.87135
2450613.25614 1.77933
2450614.25618 1.80596
2450615.25623 2.14632
2450616.25627 1.85135
2450617.25632 2.42516
2450618.25637 2.92657
2450619.25641 3.58982
2450620.25646 4.60928
2450621.25650 4.18148
2450622.25655 4.81672
2450623.25659 5.49064
2450624.25664 5.13853
2450625.25669 5.53223
2450626.25673 5.79431
2450627.25678 7.38817
2450628.25682 5.56938
2450629.25687 7.07904
2450630.25691 7.52259
2450631.25696 5.78203
2450632.25700 8.35249
2450633.25705 7.30589
2450634.25710 7.15615
2450635.25714 5.38188
2450636.25719 6.17648
2450637.25723 5.10370
2450638.25728 5.14218
2450639.25732 5.31049
2450640.25737 4.94010
2450641.25742 4.37103
2450642.25746 3.53527
2450643.25751 3.92722
2450644.25755 2.68929
2450645.25760 3.23073
2450646.25764 3.03881
2450647.25769 2.56797
2450648.25773 2.60170
2450649.25778 2.49106
2450650.25783 2.60826
2450651.25787 2.08622
2450652.25792 2.06916
2450653.25796 2.66708
2450654.25801 2.28767
2450655.25805 2.68777
2450656.25810 2.48183
2450657.25815 2.94831
2450658.25819 3.49561
2450844.26668 6.98338
2450845.26672 6.43584
2450846.26677 8.31706
2450847.26682 6.66092
2450848.26686 6.71900
2450849.26691 7.93282
2450850.26695 7.25166
2450851.26700 7.11196
2450852.26704 6.39123
2450853.26709 7.30518
2450854.26714 7.68210
2450855.26718 6.74217
2450856.26723 7.51344
2450857.26727 9.94689
2450858.26732 10.34813
2450859.26736 9.48073
2450860.26741 9.61281
2450861.26745 10.17536
2450862.26750 9.46368
2450863.26755 9.04909
2450864.26759 12.47454
2450865.26764 10.91402
2450866.26768 10.83113
2450867.26773 10.69852
2450868.26777 11.24823
2450869.26782 12.70350
2450870.26787 11.62278
2450871.26791 12.46739
2450872.26796 12.48318
2450873.26800 11.96808
2450874.26805 12.30304
2450875.26809 11.62205
2450876.26814 11.50831
2450877.26818 10.22626
2450878.26823 10.32924
2450879.26828 10.49583
2450880.26832 7.95389
2450881.26837 10.18534
2450882.26841 9.53358
2450883.26846 10.41719
2450884.26850 7.83509
2450885.26855 7.27766
2450886.26860 7.76170
2450887.26864 7.73649
2450888.26869 7.47751
2450889.26873 7.30237
2450890.26878 7.46175
2450891.26882 7.85077
2450892.26887 7.24972
2450893.26891 8.49652
2450894.26896 8.58635
2450895.26901 6.63993
2450896.26905 7.78917
2450897.26910 8.00037
2450898.26914 8.54082
2450899.26919 8.49981
2450900.26923 11.45349
2450901.26928 11.45907
2450902.26933 11.91985
2450903.26937 13.22365
2450904.26942 13.71399
2450905.26946 12.86668
2450906.26951 11.21982
2450907.26955 14.87471
2450908.26960 16.17036
2450909.26964 14.24748
2450910.26969 13.94439
2450911.26974 12.58940
2450912.26978 13.13639
2450913.26983 14.07229
2450914.26987 12.79352
2450915.26992 11.21685
2450916.26996 12.00291
2450917.27001 11.86154
2450918.27006 10.93431
2450919.27010 9.49924
2450920.27015 13.43794
2450921.27019 10.77829
2450922.27024 8.76024
2450923.27028 9.72073
2450924.27033 8.42393
2450925.27038 9.74076
2450926.27042 7.21023
2450927.27047 7.75490
2450928.27051 6.52372
2450929.27056 7.66713
2450930.27060 7.36340
2450931.27065 8.09108
2450932.27069 8.14415
2450933.27074 10.23641
2450934.27079 8.82050
2450935.27083 7.30900
2450936.27088 7.89508
2450937.27092 10.07443
2450938.27097 10.89551
2450939.27101 11.61195
2450940.27106 9.75696
2450941.27111 11.55118
2450942.27115 10.26054
2450943.27120 12.50337
2450944.27124 11.70481
2450945.27129 12.93454
2450946.27133 11.24163
2450947.27138 15.63873
2450948.27142 11.25006
2450949.27147 9.88432
2450950.27152 11.97342
2450951.27156 10.76865
2450952.27161 12.64447
2450953.27165 12.27310
2450954.27170 13.20976
2450955.27174 11.94294
2450956.27179 12.17248
2450957.27184 12.67686
2450958.27188 10.38218
2450959.27193 12.28285
2450960.27197 9.17009
2450961.27202 10.92530
2450962.27206 9.03055
2450963.27211 9.18827
2450964.27215 9.61878
2450965.27220 9.12540
2450966.27225 7.83908
2450967.27229 8.83828
2450968.27234 7.78610
2450969.27238 9.69531
2450970.27243 8.25666
2450971.27247 8.93013
2450972.27252 8.74372
2450973.27257 8.32297
2450974.27261 7.65944
2450975.27266 8.73846
2450976.27270 8.64225
2450977.27275 11.17763
2450978.27279 9.94792
2450979.27284 10.64787
2450980.27288 12.54581
2450981.27293 9.51869
2450982.27298 13.01884
2450983.27302 10.94724
2450984.27307 14.94518
2450985.27311 14.92395
2450986.27316 13.32336
2450987.27320 12.52483
2450988.27325 14.70416
2450989.27330 12.40400
2450990.27334 11.39493
2450991.27339 12.12283
2450992.27343 14.38417
2450993.27348 12.25676
2450994.27352 12.09610
2450995.27357 11.98211
2450996.27362 12.19767
2450997.27366 11.86563
2450998.27371 11.50790
2450999.27375 9.80348
2451000.27380 11.81254
2451001.27384 12.64626
2451002.27389 10.53905
2451003.27393 9.88604
2451004.27398 7.82703
2451005.27403 10.17179
2451006.27407 10.02033
2451007.27412 8.28266
2451008.27416 9.98511
2451009.27421 6.55537
2451010.27425 8.25494
2451011.27430 8.20544
2451012.27435 8.97337
2451013.27439 9.49851
2451014.27444 10.84049
2451015.27448 8.77835
2451016.27453 9.43988
2451017.27457 10.88008
2451018.27462 11.46841
2451019.27466 9.62881
2451020.27471 12.17046
2451021.27476 13.10308
2451022.27480 10.24337
2451023.27485 12.28487
2451209.28333 4.87289
2451210.28338 5.12261
2451211.28343 4.98825
2451212.28347 5.40890
2451213.28352 5.65544
2451214.28356 7.20988
2451215.28361 6.70189
2451216.28365 7.01814
2451217.28370 6.04551
2451218.28375 8.31138
2451219.28379 7.30019
2451220.28384 6.90873
2451221.28388 10.07591
2451222.28393 10.53704
2451223.28397 8.32722
2451224.28402 10.29462
2451225.28406 9.03944
2451226.28411 8.95909
2451227.28416 9.04195
2451228.28420 9.22146
2451229.28425 9.62252
2451230.28429 9.99870
2451231.28434 9.85898
2451232.28438 9.24179
2451233.28443 8.63931
2451234.28448 9.25536
2451235.28452 8.15102
2451236.28457 7.73517
2451237.28461 7.40168
2451238.28466 7.86777
2451239.28470 6.73709
2451240.28475 7.28120
2451241.28480 6.45462
2451242.28484 5.86559
2451243.28489 6.06122
2451244.28493 5.17062
2451245.28498 4.20839
2451246.28502 4.56518
2451247.28507 4.69141
2451248.28511 4.86095
2451249.28516 4.69701
2451250.28521 4.63214
2451251.28525 4.63524
2451252.28530 4.12011
2451253.28534 4.64988
2451254.28539 5.21930
2451255.28543 5.17898
2451256.28548 6.31676
2451257.28553 5.76098
2451258.28557 6.39589
2451259.28562 6.72497
2451260.28566 6.95512
2451261.28571 7.26258
2451262.28575 7.40613
2451263.28580 8.57304
2451264.28584 9.13217
2451265.28589 7.89529
2451266.28594 8.08521
2451267.28598 10.19529
2451268.28603 8.48727
2451269.28607 9.97956
2451270.28612 6.80207
2451271.28616 7.56803
2451272.28621 8.55481
2451273.28626 8.74694
2451274.28630 6.99671
2451275.28635 7.89965
2451276.28639 6.67194
2451277.28644 6.17227
2451278.28648 6.63475
2451279.28653 5.45617
2451280.28657 4.62884
2451281.28662 5.46652
2451282.28667 5.35730
2451283.28671 4.12301
2451284.28676 3.99623
2451285.28680 3.66905
2451286.28685 3.99186
2451287.28689 4.07927
2451288.28694 3.23775
2451289.28699 3.39372
2451290.28703 3.00836
2451291.28708 3.66989
2451292.28712 3.30904
2451293.28717 3.25187
2451294.28721 4.06718
2451295.28726 4.35775
2451296.28730 4.41840
2451297.28735 4.59930
2451298.28740 5.67129
2451299.28744 7.08001
2451300.28749 6.49608
2451301.28753 6.61773
2451302.28758 7.02293
2451303.28762 8.26987
2451304.28767 6.64869
2451305.28772 7.38241
2451306.28776 8.93884
2451307.28781 8.19798
2451308.28785 9.03756
2451309.28790 7.07441
2451310.28794 7.14549
2451311.28799 6.71068
2451312.28804 5.92300
2451313.28808 7.34494
2451314.28813 5.45324
2451315.28817 7.46768
2451316.28822 5.61528
2451317.28826 5.66440
2451318.28831 4.82202
2451319.28835 4.27423
2451320.28840 5.16963
2451321.28845 3.85589
2451322.28849 3.68236
2451323.28854 3.34531
2451324.28858 3.14440
2451325.28863 2.64935
2451326.28867 2.83637
2451327.28872 2.88983
2451328.28877 2.80271
2451329.28881 2.89699
2451330.28886 2.78626
2451331.28890 3.09912
2451332.28895 3.03236
2451333.28899 3.42259
2451334.28904 3.65753
2451335.28908 4.56051
2451336.28913 4.08427
2451337.28918 5.20003
2451338.28922 5.80719
2451339.28927 5.02680
2451340.28931 6.49664
2451341.28936 6.90468
2451342.28940 5.90268
2451343.28945 6.69388
2451344.28950 6.50644
2451345.28954 5.91483
2451346.28959 6.18014
2451347.28963 6.47267
2451348.28968 6.42186
2451349.28972 7.00867
2451350.28977 8.39659
2451351.28981 5.49206
2451352.28986 6.62136
2451353.28991 6.49716
2451354.28995 5.30283
2451355.29000 5.34464
2451356.29004 5.42053
2451357.29009 4.82566
2451358.29013 5.08055
2451359.29018 3.63812
2451360.29023 3.37688
2451361.29027 3.28520
2451362.29032 2.82189
2451363.29036 2.49365
2451364.29041 2.63707
2451365.29045 2.29291
2451366.29050 1.81387
2451367.29054 2.05925
2451368.29059 1.98666
2451369.29064 1.56291
2451370.29068 1.99839
2451371.29073 2.06301
2451372.29077 2.32225
2451373.29082 3.07275
2451374.29086 2.84042
2451375.29091 3.01642
2451376.29096 3.72253
2451377.29100 3.52237
2451378.29105 3.36686
2451379.29109 4.17958
2451380.29114 3.91764
2451381.29118 5.42833
2451382.29123 5.50559
2451383.29127 4.71664
2451384.29132 7.47356
2451385.29137 6.04428
2451386.29141 7.32049
2451387.29146 5.76686
2451388.29150 5.38265
2451575.30004 3.22659
2451576.30008 3.56530
2451577.30013 4.48785
2451578.30017 5.18632
2451579.30022 6.01470
2451580.30026 4.45227
2451581.30031 5.62723
2451582.30036 7.27595
2451583.30040 5.25519
2451584.30045 7.24135
2451585.30049 6.75790
2451586.30054 6.49520
2451587.30058 6.72730
2451588.30063 8.10456
2451589.30068 6.78482
2451590.30072 6.44598
2451591.30077 6.87544
2451592.30081 7.89834
2451593.30086 7.41280
2451594.30090 4.92375
2451595.30095 5.28556
2451596.30099 5.30257
2451597.30104 4.94808
2451598.30109 4.37868
2451599.30113 4.42957
2451600.30118 3.56821
2451601.30122 2.86174
2451602.30127 3.03653
2451603.30131 3.38886
2451604.30136 2.84633
2451605.30141 3.34466
2451606.30145 2.59828
2451607.30150 2.06136
2451608.30154 2.21573
2451609.30159 2.76013
2451610.30163 3.04424
2451611.30168 3.32481
2451612.30172 3.15016
2451613.30177 3.53119
2451614.30182 5.10238
2451615.30186 5.92121
2451616.30191 5.69718
2451617.30195 6.82341
2451618.30200 5.99691
2451619.30204 7.03807
2451620.30209 6.47280
2451621.30214 6.48186
2451622.30218 8.20490
2451623.30223 6.92726
2451624.30227 8.37309
2451625.30232 6.09306
2451626.30236 7.32746
2451627.30241 7.11575
2451628.30246 8.48795
2451629.30250 7.88440
2451630.30255 7.57835
2451631.30259 7.54052
2451632.30264 7.96014
2451633.30268 6.64720
2451634.30273 5.97990
2451635.30277 4.86140
2451636.30282 6.63536
2451637.30287 5.28016
2451638.30291 5.75616
2451639.30296 5.48029
2451640.30300 4.83803
2451641.30305 4.56162
2451642.30309 3.93340
2451643.30314 3.44695
2451644.30319 3.64806
2451645.30323 3.63945
2451646.30328 2.90360
2451647.30332 3.69606
2451648.30337 3.55295
2451649.30341 3.89686
2451650.30346 4.17147
2451651.30350 4.21933
2451652.30355 4.26656
2451653.30360 4.65732
2451654.30364 5.51248
2451655.30369 5.44014
2451656.30373 5.61762
2451657.30378 6.04986
2451658.30382 6.49602
2451659.30387 6.89439
2451660.30392 8.26792
2451661.30396 7.58957
2451662.30401 7.52754
2451663.30405 8.44007
2451664.30410 10.22666
2451665.30414 8.48803
2451666.30419 9.80766
2451667.30423 9.12110
2451668.30428 8.78060
2451669.30433 10.47361
2451670.30437 8.40644
2451671.30442 7.24600
2451672.30446 8.26247
2451673.30451 8.99029
2451674.30455 8.56127
2451675.30460 7.54082
2451676.30465 6.22409
2451677.30469 6.40338
2451678.30474 6.60678
2451679.30478 6.54523
2451680.30483 5.10458
2451681.30487 5.02219
2451682.30492 5.26006
2451683.30496 4.29766
2451684.30501 5.88875
2451685.30506 3.92836
2451686.30510 3.58916
2451687.30515 4.48012
2451688.30519 4.48916
2451689.30524 4.40686
2451690.30528 4.97815
2451691.30533 4.94129
2451692.30538 5.70243
2451693.30542 6.73413
2451694.30547 6.22024
2451695.30551 7.10030
2451696.30556 7.75744
2451697.30560 8.53219
2451698.30565 9.11989
2451699.30569 6.90072
2451700.30574 7.93095
2451701.30579 8.28831
2451702.30583 7.51989
2451703.30588 8.99983
2451704.30592 9.75745
2451705.30597 11.54139
2451706.30601 9.11244
2451707.30606 11.73675
2451708.30611 10.99972
2451709.30615 9.11904
2451710.30620 9.73974
2451711.30624 9.07259
2451712.30629 8.75922
2451713.30633 8.71894
2451714.30638 8.91553
2451715.30643 8.23343
2451716.30647 8.04818
2451717.30652 7.58193
2451718.30656 6.03960
2451719.30661 6.89038
2451720.30665 6.90779
2451721.30670 7.12583
2451722.30674 6.39719
2451723.30679 6.08111
2451724.30684 6.29984
2451725.30688 5.71118
2451726.30693 5.70090
2451727.30697 4.57686
2451728.30702 5.54095
2451729.30706 6.30896
2451730.30711 5.79914
2451731.30716 7.13774
2451732.30720 7.29334
2451733.30725 7.97585
2451734.30729 6.70422
2451735.30734 7.21664
2451736.30738 9.10255
2451737.30743 9.59947
2451738.30747 8.56323
2451739.30752 10.13214
2451740.30757 10.66305
2451741.30761 11.23673
2451742.30766 9.91392
2451743.30770 11.28989
2451744.30775 9.32477
2451745.30779 10.69529
2451746.30784 10.32978
2451747.30789 10.58852
2451748.30793 11.78926
2451749.30798 8.06176
2451750.30802 10.65018
2451751.30807 9.20897
2451752.30811 10.83369
2451753.30816 9.58276
2451754.30820 9.60027
2451940.31669 12.42981
2451941.31674 12.47825
2451942.31678 13.21496
2451943.31683 11.00420
2451944.31688 13.25402
2451945.31692 15.87370
2451946.31697 15.25965
2451947.31701 15.10595
2451948.31706 12.32777
2451949.31710 13.37371
2451950.31715 14.04279
2451951.31719 12.70929
2451952.31724 12.67129
2451953.31729 11.78078
2451954.31733 9.54609
2451955.31738 9.65579
2451956.31742 11.20975
2451957.31747 10.78782
2451958.31751 11.03586
2451959.31756 10.39107
2451960.31761 11.08129
2451961.31765 9.56376
2451962.31770 6.99492
2451963.31774 8.62037
2451964.31779 7.86748
2451965.31783 8.45445
2451966.31788 8.52029
2451967.31792 8.60162
2451968.31797 8.02719
2451969.31802 8.21582
2451970.31806 8.37415
2451971.31811 8.12740
2451972.31815 9.66001
2451973.31820 11.11460
2451974.31824 9.61020
2451975.31829 10.98412
2451976.31834 11.28030
2451977.31838 12.05585
2451978.31843 11.45003
2451979.31847 10.58819
2451980.31852 11.59651
2451981.31856 13.08434
2451982.31861 15.09282
2451983.31865 11.42662
2451984.31870 11.45595
2451985.31875 13.84391
2451986.31879 14.49547
2451987.31884 13.19613
2451988.31888 11.70379
2451989.31893 12.89686
2451990.31897 9.92022
2451991.31902 12.45736
2451992.31907 9.08640
2451993.31911 10.34120
2451994.31916 9.16879
2451995.31920 12.24970
2451996.31925 9.46809
2451997.31929 13.04731
2451998.31934 8.49922
2451999.31938 9.59771
2452000.31943 9.71784
2452001.31948 6.93926
2452002.31952 8.85660
2452003.31957 7.75502
2452004.31961 8.44885
2452005.31966 7.73264
2452006.31970 8.63631
2452007.31975 8.17366
2452008.31980 8.01742
2452009.31984 8.89161
2452010.31989 9.13971
2452011.31993 9.03823
2452012.31998 8.78160
2452013.32002 10.03804
2452014.32007 11.62511
2452015.32011 10.77505
2452016.32016 12.26382
2452017.32021 8.79867
2452018.32025 10.45238
2452019.32030 13.11191
2452020.32034 13.71357
2452021.32039 14.40404
2452022.32043 12.78077
2452023.32048 14.26103
2452024.32053 14.09890
2452025.32057 11.42445
2452026.32062 13.03289
2452027.32066 12.72266
2452028.32071 12.34937
2452029.32075 13.13295
2452030.32080 11.15814
2452031.32085 11.28286
2452032.32089 10.83772
2452033.32094 9.82406
2452034.32098 9.87099
2452035.32103 9.70584
2452036.32107 8.25723
2452037.32112 9.68983
2452038.32116 8.93974
2452039.32121 8.57937
2452040.32126 8.76780
2452041.32130 7.58729
2452042.32135 7.82572
2452043.32139 6.63943
2452044.32144 7.96915
2452045.32148 7.79049
2452046.32153 7.22061
2452047.32158 7.49872
2452048.32162 7.23626
2452049.32167 7.92154
2452050.32171 9.06810
2452051.32176 7.71178
2452052.32180 9.51937
2452053.32185 8.00068
2452054.32189 10.21580
2452055.32194 8.32517
2452056.32199 12.13652
2452057.32203 12.11586
2452058.32208 10.98990
2452059.32212 11.30446
2452060.32217 11.70425
2452061.32221 10.18722
2452062.32226 13.03173
2452063.32231 10.63953
2452064.32235 13.06877
2452065.32240 12.12793
2452066.32244 11.70005
2452067.32249 13.44239
2452068.32253 10.84427
2452069.32258 13.02760
2452070.32262 10.13199
2452071.32267 9.39573
2452072.32272 10.81705
2452073.32276 9.67714
2452074.32281 9.02744
2452075.32285 9.97428
2452076.32290 8.64184
2452077.32294 7.76162
2452078.32299 6.08541
2452079.32304 6.68337
2452080.32308 6.64827
2452081.32313 6.96524
2452082.32317 6.95122
2452083.32322 6.72175
2452084.32326 6.61807
2452085.32331 6.68505
2452086.32335 7.31668
2452087.32340 7.06223
2452088.32345 7.44291
2452089.32349 6.28624
2452090.32354 7.36114
2452091.32358 8.19926
2452092.32363 7.91052
2452093.32367 8.95351
2452094.32372 8.28678
2452095.32377 10.20614
2452096.32381 8.95138
2452097.32386 10.72577
2452098.32390 12.75465
2452099.32395 11.06949
2452100.32399 9.82571
2452101.32404 11.03088
2452102.32409 12.40279
2452103.32413 9.17794
2452104.32418 10.71097
2452105.32422 11.35477
2452106.32427 10.23020
2452107.32431 11.91715
2452108.32436 8.30232
2452109.32440 11.82449
2452110.32445 9.06261
2452111.32450 8.36591
2452112.32454 10.08173
2452113.32459 8.16025
2452114.32463 8.75728
2452115.32468 8.80201
2452116.32472 8.35450
2452117.32477 7.80471
2452118.32482 6.80050
2452119.32486 7.11886
2452305.33335 7.36967
2452306.33339 6.09209
2452307.33344 5.69570
2452308.33349 5.30615
2452309.33353 5.22749
2452310.33358 5.07517
2452311.33362 6.23658
2452312.33367 4.77592
2452313.33371 3.71592
2452314.33376 3.61849
2452315.33380 3.24387
2452316.33385 2.24826
2452317.33390 2.13351
2452318.33394 1.93434
2452319.33399 1.73474
2452320.33403 1.54690
2452321.33408 1.49809
2452322.33412 1.15054
2452323.33417 1.25971
2452324.33422 1.08868
2452325.33426 1.32519
2452326.33431 1.09690
2452327.33435 1.51650
2452328.33440 1.70891
2452329.33444 2.07399
2452330.33449 2.08557
2452331.33454 3.32002
2452332.33458 3.02319
2452333.33463 4.13444
2452334.33467 3.68526
2452335.33472 4.28948
2452336.33476 5.30679
2452337.33481 4.57985
2452338.33485 4.74471
2452339.33490 5.14481
2452340.33495 5.30669
2452341.33499 5.73900
2452342.33504 5.44659
2452343.33508 5.54046
2452344.33513 5.33017
2452345.33517 5.48301
2452346.33522 5.94035
2452347.33527 4.51705
2452348.33531 5.14640
2452349.33536 3.96695
2452350.33540 5.12798
2452351.33545 3.84451
2452352.33549 3.80488
2452353.33554 3.72580
2452354.33558 3.36259
2452355.33563 2.93964
2452356.33568 2.26816
2452357.33572 2.14676
2452358.33577 2.07778
2452359.33581 1.44098
2452360.33586 1.12847
2452361.33590 0.90121
2452362.33595 0.97705
2452363.33600 0.85537
2452364.33604 1.05445
2452365.33609 1.01344
2452366.33613 0.90277
2452367.33618 1.35685
2452368.33622 1.63150
2452369.33627 1.91413
2452370.33631 2.67834
2452371.33636 2.53711
2452372.33641 3.39784
2452373.33645 3.37595
2452374.33650 3.86845
2452375.33654 3.70993
2452376.33659 4.14388
2452377.33663 4.93861
2452378.33668 5.39121
2452379.33673 6.04575
2452380.33677 5.65671
2452381.33682 5.36589
2452382.33686 5.84217
2452383.33691 5.67279
2452384.33695 4.83739
2452385.33700 5.69753
2452386.33704 6.72046
2452387.33709 5.67951
2452388.33714 4.91225
2452389.33718 5.79323
2452390.33723 4.36926
2452391.33727 3.66556
2452392.33732 3.02208
2452393.33736 3.41134
2452394.33741 2.78286
2452395.33746 2.35945
2452396.33750 2.60403
2452397.33755 1.82164
2452398.33759 1.58138
2452399.33764 1.39750
2452400.33768 1.06508
2452401.33773 0.94030
2452402.33777 0.91071
2452403.33782 0.65871
2452404.33787 0.90912
2452405.33791 0.71504
2452406.33796 1.00986
2452407.33800 1.41646
2452408.33805 1.65485
2452409.33809 1.98062
2452410.33814 2.37085
2452411.33819 2.80381
2452412.33823 2.78049
2452413.33828 3.22286
2452414.33832 3.62245
2452415.33837 4.38233
2452416.33841 4.30747
2452417.33846 4.77246
2452418.33851 4.59612
2452419.33855 5.81277
2452420.33860 4.13822
2452421.33864 5.34484
2452422.33869 5.81887
2452423.33873 5.79222
2452424.33878 4.45361
2452425.33882 4.95187
2452426.33887 6.49415
2452427.33892 5.11342
2452428.33896 5.38310
2452429.33901 4.80298
2452430.33905 5.01533
2452431.33910 4.29161
2452432.33914 4.07603
2452433.33919 3.81595
2452434.33924 3.47881
2452435.33928 2.36264
2452436.33933 2.49808
2452437.33937 1.83414
2452438.33942 1.64193
2452439.33946 1.15747
2452440.33951 1.19690
2452441.33955 1.05411
2452442.33960 1.02036
2452443.33965 1.01204
2452444.33969 1.16869
2452445.33974 1.06188
2452446.33978 1.47761
2452447.33983 1.66119
2452448.33987 2.10292
2452449.33992 2.50916
2452450.33997 2.36810
2452451.34001 2.96862
2452452.34006 3.19759
2452453.34010 3.82392
2452454.34015 4.90222
2452455.34019 4.89627
2452456.34024 4.46244
2452457.34028 5.48567
2452458.34033 4.94213
2452459.34038 6.82190
2452460.34042 6.62181
2452461.34047 5.88562
2452462.34051 6.37589
2452463.34056 6.30543
2452464.34060 6.97125
2452465.34065 6.35508
2452466.34070 6.00391
2452467.34074 5.97412
2452468.34079 6.13397
2452469.34083 4.42933
2452470.34088 5.60439
2452471.34092 5.43566
2452472.34097 4.18343
2452473.34101 4.03745
2452474.34106 3.42754
2452475.34111 3.20328
2452476.34115 2.67927
2452477.34120 2.31704
2452478.34124 2.33014
2452479.34129 1.58086
2452480.34133 1.60086
2452481.34138 1.32662
2452482.34143 1.27483
2452483.34147 1.77869
2452484.34152 1.96614
2452670.35000 10.12492
2452671.35005 10.00299
2452672.35010 9.01689
2452673.35014 7.48937
2452674.35019 7.73067
2452675.35023 7.16723
2452676.35028 6.72416
2452677.35032 6.50505
2452678.35037 7.51786
2452679.35042 6.01474
2452680.35046 5.97584
2452681.35051 5.93519
2452682.35055 5.64405
2452683.35060 5.84667
2452684.35064 6.05603
2452685.35069 5.10100
2452686.35073 8.35675
2452687.35078 7.32823
2452688.35083 6.05747
2452689.35087 7.96949
2452690.35092 8.23560
2452691.35096 8.88774
2452692.35101 10.62140
2452693.35105 9.15322
2452694.35110 7.35191
2452695.35115 11.14858
2452696.35119 11.20705
2452697.35124 11.47920
2452698.35128 12.03403
2452699.35133 10.30476
2452700.35137 11.02789
2452701.35142 12.15903
2452702.35146 10.17299
2452703.35151 10.85046
2452704.35156 12.29893
2452705.35160 13.42371
2452706.35165 10.60568
2452707.35169 9.42094
2452708.35174 10.64159
2452709.35178 10.60614
2452710.35183 9.92436
2452711.35188 10.47617
2452712.35192 8.28196
2452713.35197 9.53707
2452714.35201 8.33120
2452715.35206 8.71661
2452716.35210 7.94609
2452717.35215 6.93503
2452718.35219 6.23176
2452719.35224 7.67411
2452720.35229 7.50859
2452721.35233 7.72593
2452722.35238 7.79502
2452723.35242 6.99107
2452724.35247 9.62581
2452725.35251 8.51889
2452726.35256 9.42801
2452727.35261 7.54842
2452728.35265 9.55367
2452729.35270 8.51292
2452730.35274 11.21781
2452731.35279 11.30137
2452732.35283 10.34363
2452733.35288 9.81878
2452734.35293 8.51497
2452735.35297 11.95718
2452736.35302 11.51855
2452737.35306 13.00303
2452738.35311 14.18885
2452739.35315 14.38990
2452740.35320 13.29554
2452741.35324 13.34275
2452742.35329 11.78944
2452743.35334 16.22207
2452744.35338 13.25600
2452745.35343 12.12773
2452746.35347 12.32456
2452747.35352 12.98645
2452748.35356 11.10232
2452749.35361 9.71816
2452750.35366 12.50664
2452751.35370 10.93570
2452752.35375 10.74891
2452753.35379 9.78960
2452754.35384 7.67137
2452755.35388 9.21578
2452756.35393 9.86234
2452757.35397 7.65991
2452758.35402 7.09486
2452759.35407 8.44567
2452760.35411 6.50711
2452761.35416 8.55176
2452762.35420 8.86757
2452763.35425 8.48466
2452764.35429 8.49160
2452765.35434 8.84044
2452766.35439 8.68420
2452767.35443 8.71739
2452768.35448 8.77456
2452769.35452 8.52708
2452770.35457 11.06456
2452771.35461 11.75684
2452772.35466 11.14881
2452773.35470 9.20285
2452774.35475 13.39689
2452775.35480 12.96677
2452776.35484 11.97924
2452777.35489 12.66866
2452778.35493 12.96147
2452779.35498 13.55937
2452780.35502 13.10484
2452781.35507 15.33113
2452782.35512 14.34706
2452783.35516 11.95253
2452784.35521 15.23027
2452785.35525 12.93365
2452786.35530 12.79074
2452787.35534 10.63792
2452788.35539 13.56894
2452789.35543 12.29108
2452790.35548 11.77539
2452791.35553 9.93739
2452792.35557 7.63528
2452793.35562 9.46148
2452794.35566 11.69218
2452795.35571 9.05485
2452796.35575 8.35033
2452797.35580 8.93625
2452798.35585 8.02530
2452799.35589 9.58352
2452800.35594 7.93898
2452801.35598 8.11880
2452802.35603 9.08425
2452803.35607 9.21832
2452804.35612 9.04572
2452805.35617 9.47877
2452806.35621 8.22263
2452807.35626 8.49688
2452808.35630 10.95454
2452809.35635 12.25510
2452810.35639 9.80199
2452811.35644 12.79224
2452812.35648 12.03617
2452813.35653 14.81168
2452814.35658 12.02668
2452815.35662 12.06357
2452816.35667 8.76407
2452817.35671 13.58319
2452818.35676 14.86848
2452819.35680 13.71591
2452820.35685 13.76605
2452821.35690 11.82181
2452822.35694 16.17024
2452823.35699 13.26306
2452824.35703 14.50010
2452825.35708 12.95613
2452826.35712 10.90763
2452827.35717 11.41559
2452828.35721 13.13615
2452829.35726 10.63351
2452830.35731 11.53942
2452831.35735 11.86776
2452832.35740 11.52636
2452833.35744 10.03975
2452834.35749 10.84919
2452835.35753 11.20187
2452836.35758 8.73803
2452837.35763 9.59966
2452838.35767 8.81850
2452839.35772 8.86175
2452840.35776 9.23770
2452841.35781 9.45341
2452842.35785 9.79912
2452843.35790 9.08961
2452844.35794 7.27398
2452845.35799 7.76253
2452846.35804 9.07311
2452847.35808 9.18350
2452848.35813 9.43225
2452849.35817 10.38379
2453036.36671 5.50114
2453037.36675 5.98984
2453038.36680 6.32039
2453039.36684 6.12005
2453040.36689 6.44577
2453041.36693 5.79827
2453042.36698 5.89495
2453043.36703 5.12593
2453044.36707 5.69665
2453045.36712 6.32889
2453046.36716 6.35967
2453047.36721 6.26685
2453048.36725 6.77393
2453049.36730 8.43137
2453050.36735 10.18736
2453051.36739 8.22576
2453052.36744 8.67071
2453053.36748 10.10000
2453054.36753 9.43005
2453055.36757 8.39132
2453056.36762 10.01748
2453057.36766 11.25603
2453058.36771 9.53981
2453059.36776 10.58191
2453060.36780 11.30897
2453061.36785 10.58930
2453062.36789 10.86022
2453063.36794 11.54953
2453064.36798 10.71349
2453065.36803 10.15847
2453066.36808 7.62954
2453067.36812 7.31943
2453068.36817 8.50962
2453069.36821 8.20537
2453070.36826 7.09079
2453071.36830 8.08136
2453072.36835 6.10292
2453073.36839 6.21436
2453074.36844 5.99310
2453075.36849 4.80338
2453076.36853 5.00338
2453077.36858 5.51292
2453078.36862 4.55454
2453079.36867 3.95146
2453080.36871 4.63236
2453081.36876 5.05674
2453082.36881 4.71579
2453083.36885 4.90866
2453084.36890 5.36000
2453085.36894 5.12449
2453086.36899 5.23263
2453087.36903 7.19077
2453088.36908 7.52840
2453089.36912 5.81168
2453090.36917 8.43083
2453091.36922 7.56114
2453092.36926 8.09822
2453093.36931 9.22441
2453094.36935 7.06008
2453095.36940 11.02878
2453096.36944 8.63728
2453097.36949 9.43511
2453098.36954 9.75569
2453099.36958 10.94196
2453100.36963 10.16750
2453101.36967 8.41131
2453102.36972 8.33177
2453103.36976 9.31156
2453104.36981 8.42820
2453105.36985 8.12243
2453106.36990 5.99864
2453107.36995 9.08592
2453108.36999 7.24557
2453109.37004 7.57464
2453110.37008 6.60902
2453111.37013 6.33154
2453112.37017 5.95956
2453113.37022 4.52043
2453114.37027 4.97498
2453115.37031 3.43331
2453116.37036 4.11565
2453117.37040 4.12051
2453118.37045 3.53705
2453119.37049 3.38439
2453120.37054 3.14121
2453121.37059 3.21588
2453122.37063 4.03250
2453123.37068 3.78683
2453124.37072 3.75774
2453125.37077 4.31401
2453126.37081 4.92920
2453127.37086 4.32970
2453128.37090 5.54413
2453129.37095 5.09995
2453130.37100 5.91007
2453131.37104 6.48023
2453132.37109 6.93750
2453133.37113 7.86385
2453134.37118 8.10927
2453135.37122 8.87071
2453136.37127 8.53952
2453137.37132 8.42020
2453138.37136 9.15134
2453139.37141 8.24993
2453140.37145 9.61193
2453141.37150 8.97670
2453142.37154 7.17151
2453143.37159 8.53390
2453144.37163 7.87934
2453145.37168 7.21136
2453146.37173 6.09379
2453147.37177 6.71186
2453148.37182 5.27176
2453149.37186 5.71332
2453150.37191 5.16591
2453151.37195 5.17748
2453152.37200 4.50864
2453153.37205 3.68060
2453154.37209 3.41553
2453155.37214 3.32674
2453156.37218 2.89062
2453157.37223 2.38598
2453158.37227 2.37866
2453159.37232 2.46526
2453160.37236 2.83806
2453161.37241 2.49049
2453162.37246 2.82347
2453163.37250 3.48389
2453164.37255 3.10100
2453165.37259 3.64542
2453166.37264 4.22329
2453167.37268 4.09949
2453168.37273 4.11609
2453169.37278 5.72348
2453170.37282 5.88080
2453171.37287 5.73043
2453172.37291 6.48800
2453173.37296 6.12818
2453174.37300 6.38368
2453175.37305 7.48025
2453176.37309 6.83876
2453177.37314 7.69415
2453178.37319 7.60614
2453179.37323 7.33388
2453180.37328 7.50536
2453181.37332 8.04649
2453182.37337 7.39515
2453183.37341 6.59307
2453184.37346 6.26109
2453185.37351 5.73953
2453186.37355 5.49268
2453187.37360 6.15386
2453188.37364 4.69810
2453189.37369 4.67265
2453190.37373 3.45104
2453191.37378 3.44082
2453192.37382 3.30620
2453193.37387 3.32933
2453194.37392 2.86781
2453195.37396 2.40228
2453196.37401 2.14549
2453197.37405 1.86396
2453198.37410 1.77809
2453199.37414 1.75835
2453200.37419 1.49629
2453201.37424 1.96141
2453202.37428 1.79400
2453203.37433 2.16702
2453204.37437 2.40806
2453205.37442 2.56912
2453206.37446 3.21448
2453207.37451 3.61108
2453208.37456 3.53236
2453209.37460 4.44486
2453210.37465 5.16636
2453211.37469 4.80155
2453212.37474 5.16082
2453213.37478 5.87957
2453214.37483 5.77724
2453215.37487 6.25469
2453401.38336 1.42953
2453402.38341 1.74833
2453403.38345 1.89916
2453404.38350 2.16143
2453405.38354 2.46174
2453406.38359 2.97526
2453407.38364 3.08931
2453408.38368 4.58108
2453409.38373 4.24000
2453410.38377 5.40302
2453411.38382 5.49676
2453412.38386 5.60927
2453413.38391 5.95128
2453414.38396 6.06706
2453415.38400 6.09025
2453416.38405 6.33138
2453417.38409 6.04499
2453418.38414 8.39405
2453419.38418 7.36290
2453420.38423 6.75054
2453421.38427 7.56664
2453422.38432 5.50568
2453423.38437 5.26834
2453424.38441 5.59693
2453425.38446 5.00803
2453426.38450 4.13226
2453427.38455 4.78475
2453428.38459 4.13869
2453429.38464 4.31675
2453430.38469 3.60819
2453431.38473 2.94761
2453432.38478 3.29797
2453433.38482 2.26847
2453434.38487 2.38744
2453435.38491 2.27337
2453436.38496 2.15922
2453437.38501 1.96060
2453438.38505 1.61537
2453439.38510 2.15543
2453440.38514 2.48287
2453441.38519 2.12038
2453442.38523 3.09592
2453443.38528 2.59535
2453444.38532 3.04632
2453445.38537 3.82960
2453446.38542 4.28254
2453447.38546 3.75767
2453448.38551 3.87909
2453449.38555 5.56016
2453450.38560 5.60951
2453451.38564 6.03359
2453452.38569 7.26895
2453453.38574 7.37603
2453454.38578 7.70547
2453455.38583 6.41888
2453456.38587 6.67543
2453457.38592 8.26367
2453458.38596 7.01334
2453459.38601 7.32691
2453460.38605 7.51951
2453461.38610 7.71330
2453462.38615 7.29487
2453463.38619 6.21377
2453464.38624 5.14111
2453465.38628 6.57047
2453466.38633 5.83195
2453467.38637 5.51935
2453468.38642 4.54178
2453469.38647 5.18742
2453470.38651 4.83201
2453471.38656 4.17551
2453472.38660 3.60356
2453473.38665 3.35811
2453474.38669 2.83225
2453475.38674 3.16524
2453476.38678 3.06217
2453477.38683 2.90669
2453478.38688 2.94844
2453479.38692 2.93975
2453480.38697 3.61426
2453481.38701 3.00571
2453482.38706 3.73398
2453483.38710 3.72592
2453484.38715 3.78653
2453485.38720 4.89745
2453486.38724 5.59604
2453487.38729 6.11812
2453488.38733 5.56266
2453489.38738 5.64939
2453490.38742 7.25913
2453491.38747 7.43977
2453492.38751 7.69589
2453493.38756 7.64416
2453494.38761 8.20476
2453495.38765 7.70762
2453496.38770 8.83648
2453497.38774 8.75955
2453498.38779 10.43877
2453499.38783 7.57691
2453500.38788 8.83846
2453501.38793 8.94449
2453502.38797 9.26261
2453503.38802 8.58233
2453504.38806 7.99910
2453505.38811 8.52829
2453506.38815 6.48638
2453507.38820 5.62155
2453508.38824 5.70398
2453509.38829 5.16798
2453510.38834 7.08754
2453511.38838 4.15962
2453512.38843 4.92383
2453513.38847 5.14651
2453514.38852 3.53315
2453515.38856 3.55334
2453516.38861 3.77318
2453517.38866 3.38967
2453518.38870 4.08953
2453519.38875 4.02365
2453520.38879 3.76976
2453521.38884 5.15657
2453522.38888 4.82043
2453523.38893 5.16575
2453524.38898 5.39075
2453525.38902 5.77603
2453526.38907 5.55332
2453527.38911 5.31680
2453528.38916 7.78102
2453529.38920 6.48641
2453530.38925 8.70479
2453531.38929 7.80153
2453532.38934 9.13595
2453533.38939 8.15990
2453534.38943 8.86513
2453535.38948 10.56914
2453536.38952 10.04859
2453537.38957 10.19558
2453538.38961 10.47669
2453539.38966 8.60966
2453540.38971 9.13428
2453541.38975 9.78387
2453542.38980 8.52012
2453543.38984 9.23138
2453544.38989 7.74496
2453545.38993 7.38813
2453546.38998 7.87792
2453547.39002 8.29406
2453548.39007 8.17744
2453549.39012 5.50380
2453550.39016 6.34581
2453551.39021 5.89162
2453552.39025 6.10222
2453553.39030 5.18049
2453554.39034 5.87742
2453555.39039 5.04505
2453556.39044 4.53442
2453557.39048 4.06487
2453558.39053 5.51909
2453559.39057 5.67463
2453560.39062 5.62915
2453561.39066 5.81389
2453562.39071 5.06405
2453563.39075 6.65022
2453564.39080 6.07541
2453565.39085 7.56126
2453566.39089 8.76135
2453567.39094 8.25948
2453568.39098 8.93022
2453569.39103 7.34872
2453570.39107 10.20931
2453571.39112 10.94835
2453572.39117 10.09504
2453573.39121 9.99445
2453574.39126 10.95567
2453575.39130 11.48065
2453576.39135 9.41753
2453577.39139 13.40144
2453578.39144 11.10360
2453579.39148 9.97167
2453580.39153 10.63287
2453766.40002 13.68030
2453767.40006 9.39048
2453768.40011 13.27810
2453769.40016 14.80403
2453770.40020 14.29035
2453771.40025 12.77512
2453772.40029 12.67633
2453773.40034 12.90008
2453774.40038 14.34622
2453775.40043 15.05745
2453776.40047 15.18435
2453777.40052 14.33648
2453778.40057 13.51728
2453779.40061 15.24413
2453780.40066 15.33414
2453781.40070 13.05335
2453782.40075 10.42884
2453783.40079 13.05630
2453784.40084 13.73254
2453785.40089 10.42877
2453786.40093 10.96816
2453787.40098 12.69234
2453788.40102 10.40530
2453789.40107 10.46658
2453790.40111 9.38870
2453791.40116 8.80161
2453792.40120 9.40760
2453793.40125 10.36407
2453794.40130 8.93855
2453795.40134 7.47774
2453796.40139 8.92250
2453797.40143 9.95151
2453798.40148 10.55645
2453799.40152 8.91697
2453800.40157 8.60594
2453801.40162 9.74345
2453802.40166 9.48385
2453803.40171 10.04984
2453804.40175 11.84448
2453805.40180 10.90604
2453806.40184 11.70657
2453807.40189 12.66838
2453808.40193 14.14927
2453809.40198 11.87198
2453810.40203 11.16320
2453811.40207 10.07483
2453812.40212 14.26209
2453813.40216 13.30597
2453814.40221 16.02279
2453815.40225 14.68406
2453816.40230 13.09039
2453817.40235 14.26117
2453818.40239 15.97998
2453819.40244 14.91919
2453820.40248 12.97625
2453821.40253 15.28593
2453822.40257 15.05055
2453823.40262 12.29305
2453824.40266 11.66336
2453825.40271 10.57444
2453826.40276 11.00305
2453827.40280 10.83302
2453828.40285 11.71927
2453829.40289 10.44239
2453830.40294 8.72478
2453831.40298 9.89419
2453832.40303 9.99420
2453833.40308 8.76745
2453834.40312 9.41626
2453835.40317 8.17586
2453836.40321 7.71663
2453837.40326 7.71528
2453838.40330 8.01765
2453839.40335 7.70435
2453840.40340 9.85950
2453841.40344 9.22885
2453842.40349 10.31691
2453843.40353 9.37999
2453844.40358 10.18402
2453845.40362 8.78313
2453846.40367 9.27701
2453847.40371 10.28541
2453848.40376 9.38997
2453849.40381 12.62551
2453850.40385 13.88352
2453851.40390 12.78701
2453852.40394 12.52811
2453853.40399 11.30847
2453854.40403 12.44256
2453855.40408 13.33610
2453856.40413 14.50480
2453857.40417 14.13554
2453858.40422 14.65317
2453859.40426 11.87818
2453860.40431 13.09798
2453861.40435 12.06322
2453862.40440 11.12274
2453863.40444 12.09578
2453864.40449 11.60365
2453865.40454 12.19486
2453866.40458 10.95867
2453867.40463 9.59244
2453868.40467 10.49007
2453869.40472 9.17320
2453870.40476 7.80469
2453871.40481 7.71697
2453872.40486 8.66687
2453873.40490 9.13235
2453874.40495 8.24355
2453875.40499 8.79205
2453876.40504 7.22595
2453877.40508 7.19003
2453878.40513 8.18212
2453879.40517 7.74857
2453880.40522 7.97392
2453881.40527 8.14368
2453882.40531 9.55100
2453883.40536 8.14044
2453884.40540 7.31132
2453885.40545 9.88629
2453886.40549 10.55959
2453887.40554 11.98219
2453888.40559 9.46732
2453889.40563 11.88442
2453890.40568 13.12185
2453891.40572 11.96417
2453892.40577 11.40698
2453893.40581 13.47502
2453894.40586 13.23104
2453895.40590 13.62033
2453896.40595 14.11802
2453897.40600 10.76529
2453898.40604 15.88341
2453899.40609 12.15071
2453900.40613 11.05904
2453901.40618 10.74822
2453902.40622 12.52165
2453903.40627 11.43110
2453904.40632 12.13388
2453905.40636 10.39827
2453906.40641 10.79941
2453907.40645 9.75724
2453908.40650 9.14454
2453909.40654 9.80986
2453910.40659 8.62930
2453911.40664 7.84869
2453912.40668 9.29361
2453913.40673 8.18025
2453914.40677 6.90699
2453915.40682 5.60353
2453916.40686 6.57390
2453917.40691 6.66438
2453918.40695 8.11406
2453919.40700 7.37513
2453920.40705 7.77987
2453921.40709 7.43782
2453922.40714 7.47813
2453923.40718 10.03570
2453924.40723 8.12881
2453925.40727 8.95412
2453926.40732 10.26446
2453927.40737 10.64617
2453928.40741 11.52156
2453929.40746 10.98047
2453930.40750 10.74635
2453931.40755 11.95070
2453932.40759 9.04824
2453933.40764 11.31968
2453934.40768 12.16364
2453935.40773 11.11655
2453936.40778 11.70242
2453937.40782 11.18353
2453938.40787 13.95209
2453939.40791 11.75327
2453940.40796 11.02576
2453941.40800 10.77944
2453942.40805 10.94203
2453943.40810 8.45447
2453944.40814 10.76392
2453945.40819 8.14819
2454131.41667 6.01928
2454132.41672 8.17244
2454133.41677 7.15946
2454134.41681 6.53530
2454135.41686 5.80759
2454136.41690 7.40855
2454137.41695 6.35558
2454138.41699 6.81240
2454139.41704 6.28842
2454140.41708 6.28834
2454141.41713 5.29902
2454142.41718 4.71212
2454143.41722 4.83852
2454144.41727 4.35106
2454145.41731 4.31914
2454146.41736 2.68976
2454147.41740 2.69229
2454148.41745 2.16478
2454149.41750 1.72879
2454150.41754 1.40491
2454151.41759 0.94501
2454152.41763 0.92957
2454153.41768 0.94489
2454154.41772 0.79161
2454155.41777 0.97902
2454156.41782 0.85368
2454157.41786 0.85572
2454158.41791 1.34160
2454159.41795 1.83426
2454160.41800 2.06669
2454161.41804 2.15405
2454162.41809 2.69391
2454163.41813 2.41944
2454164.41818 3.59898
2454165.41823 4.30368
2454166.41827 3.87153
2454167.41832 4.29549
2454168.41836 5.68562
2454169.41841 6.33667
2454170.41845 5.73423
2454171.41850 5.41230
2454172.41855 6.73649
2454173.41859 6.20264
2454174.41864 6.14780
2454175.41868 6.66632
2454176.41873 6.27361
2454177.41877 6.80372
2454178.41882 5.65663
2454179.41886 5.22218
2454180.41891 5.51804
2454181.41896 5.19126
2454182.41900 4.15993
2454183.41905 4.43459
2454184.41909 3.30760
2454185.41914 2.94375
2454186.41918 2.85388
2454187.41923 2.32731
2454188.41928 1.44067
2454189.41932 1.58554
2454190.41937 1.21531
2454191.41941 0.84429
2454192.41946 0.55933
2454193.41950 0.43191
2454194.41955 0.39740
2454195.41959 0.38893
2454196.41964 0.46933
2454197.41969 0.51000
2454198.41973 0.77436
2454199.41978 1.17401
2454200.41982 1.48920
2454201.41987 1.66034
2454202.41991 2.25225
2454203.41996 2.65796
2454204.42001 3.78966
2454205.42005 3.44114
2454206.42010 3.98765
2454207.42014 4.30625
2454208.42019 3.95407
2454209.42023 5.12120
2454210.42028 4.96584
2454211.42032 5.56741
2454212.42037 5.88453
2454213.42042 5.32803
2454214.42046 5.75107
2454215.42051 5.70022
2454216.42055 6.35534
2454217.42060 6.07262
2454218.42064 5.56399
2454219.42069 4.38920
2454220.42074 4.62926
2454221.42078 4.34952
2454222.42083 3.62493
2454223.42087 3.78890
2454224.42092 3.30734
2454225.42096 2.52031
2454226.42101 1.93697
2454227.42106 1.90363
2454228.42110 1.18537
2454229.42115 0.92754
2454230.42119 0.78137
2454231.42124 0.61107
2454232.42128 0.42046
2454233.42133 0.28274
2454234.42137 0.23346
2454235.42142 0.29033
2454236.42147 0.39348
2454237.42151 0.51740
2454238.42156 0.70181
2454239.42160 0.89203
2454240.42165 1.65084
2454241.42169 1.53362
2454242.42174 2.42252
2454243.42179 2.77104
2454244.42183 3.29038
2454245.42188 2.80541
2454246.42192 4.40442
2454247.42197 4.52121
2454248.42201 4.35303
2454249.42206 5.20233
2454250.42210 5.97766
2454251.42215 4.99743
2454252.42220 6.23139
2454253.42224 6.00873
2454254.42229 5.97726
2454255.42233 5.51147
2454256.42238 6.11296
2454257.42242 5.82851
2454258.42247 4.68050
2454259.42252 5.29205
2454260.42256 4.73031
2454261.42261 3.98615
2454262.42265 4.15652
2454263.42270 3.35364
2454264.42274 2.30316
2454265.42279 2.77634
2454266.42283 2.39151
2454267.42288 1.57853
2454268.42293 1.30486
2454269.42297 0.95619
2454270.42302 0.86265
2454271.42306 0.54289
2454272.42311 0.44445
2454273.42315 0.36960
2454274.42320 0.38127
2454275.42325 0.47762
2454276.42329 0.56048
2454277.42334 0.66439
2454278.42338 1.03835
2454279.42343 1.35789
2454280.42347 1.46172
2454281.42352 1.58527
2454282.42356 2.42098
2454283.42361 3.09819
2454284.42366 2.72399
2454285.42370 3.63069
2454286.42375 4.05949
2454287.42379 5.17160
2454288.42384 5.61318
2454289.42388 5.38625
2454290.42393 6.11250
2454291.42398 5.65704
2454292.42402 5.69325
2454293.42407 5.41017
2454294.42411 5.34381
2454295.42416 6.42233
2454296.42420 5.60960
2454297.42425 5.27201
2454298.42429 4.74606
2454299.42434 5.08981
2454300.42439 5.23092
2454301.42443 3.79272
2454302.42448 3.76061
2454303.42452 4.08508
2454304.42457 4.21982
2454305.42461 2.65084
2454306.42466 2.48188
2454307.42471 2.12113
2454308.42475 1.99113
2454309.42480 1.51362
2454310.42484 1.13956
2454497.43338 11.11119
2454498.43342 11.93092
2454499.43347 10.26092
2454500.43351 8.93229
2454501.43356 7.71524
2454502.43360 8.03300
2454503.43365 6.16361
2454504.43370 8.11197
2454505.43374 7.46245
2454506.43379 6.40444
2454507.43383 5.59826
2454508.43388 6.67824
2454509.43392 5.40051
2454510.43397 6.69731
2454511.43401 5.46041
2454512.43406 6.97694
2454513.43411 5.40065
2454514.43415 5.46387
2454515.43420 5.84510
2454516.43424 7.15366
2454517.43429 6.61624
2454518.43433 7.41210
2454519.43438 8.11209
2454520.43443 7.22875
2454521.43447 6.42136
2454522.43452 8.13845
2454523.43456 10.17277
2454524.43461 8.77899
2454525.43465 7.91330
2454526.43470 10.24864
2454527.43474 10.90982
2454528.43479 11.76950
2454529.43484 10.19474
2454530.43488 12.37309
2454531.43493 11.54315
2454532.43497 12.93292
2454533.43502 11.50848
2454534.43506 11.64916
2454535.43511 12.09440
2454536.43516 12.26676
2454537.43520 10.92412
2454538.43525 8.58607
2454539.43529 11.32295
2454540.43534 11.07164
2454541.43538 9.81376
2454542.43543 8.16874
2454543.43548 9.44822
2454544.43552 8.42174
2454545.43557 9.38134
2454546.43561 8.39211
2454547.43566 6.56095
2454548.43570 7.12397
2454549.43575 7.41716
2454550.43579 6.96186
2454551.43584 6.91595
2454552.43589 7.13601
2454553.43593 7.44867
2454554.43598 6.98943
2454555.43602 6.54646
2454556.43607 7.34876
2454557.43611 7.86651
2454558.43616 9.06519
2454559.43621 9.41287
2454560.43625 6.46740
2454561.43630 10.11976
2454562.43634 10.06170
2454563.43639 13.42894
2454564.43643 9.33662
2454565.43648 11.50685
2454566.43652 13.81948
2454567.43657 13.50283
2454568.43662 12.87948
2454569.43666 13.29133
2454570.43671 12.40676
2454571.43675 13.32347
2454572.43680 15.36185
2454573.43684 13.27639
2454574.43689 12.33165
2454575.43694 13.69167
2454576.43698 13.65097
2454577.43703 11.24272
2454578.43707 13.26827
2454579.43712 13.18787
2454580.43716 14.80525
2454581.43721 10.64435
2454582.43725 11.97487
2454583.43730 10.38733
2454584.43735 11.18624
2454585.43739 9.36804
2454586.43744 9.40369
2454587.43748 7.60025
2454588.43753 9.54535
2454589.43757 7.46048
2454590.43762 8.51215
2454591.43767 6.49139
2454592.43771 8.37876
2454593.43776 7.67584
2454594.43780 7.17007
2454595.43785 7.44034
2454596.43789 7.66782
2454597.43794 8.52111
2454598.43798 10.04390
2454599.43803 7.77827
2454600.43808 9.82501
2454601.43812 11.99067
2454602.43817 11.70249
2454603.43821 10.87682
2454604.43826 12.47425
2454605.43830 12.23040
2454606.43835 11.82374
2454607.43840 11.98413
2454608.43844 13.34566
2454609.43849 13.57399
2454610.43853 13.39564
2454611.43858 14.96535
2454612.43862 11.32235
2454613.43867 11.08390
2454614.43871 13.19456
2454615.43876 13.23226
2454616.43881 14.31115
2454617.43885 12.19207
2454618.43890 13.68479
2454619.43894 12.49035
2454620.43899 13.26941
2454621.43903 11.38244
2454622.43908 12.74239
2454623.43913 9.33709
2454624.43917 11.07301
2454625.43922 10.05437
2454626.43926 10.18548
2454627.43931 9.27239
2454628.43935 9.70838
2454629.43940 9.61045
2454630.43945 9.20906
2454631.43949 9.08137
2454632.43954 7.37852
2454633.43958 8.18849
2454634.43963 7.77940
2454635.43967 7.46649
2454636.43972 9.40418
2454637.43976 10.12244
2454638.43981 9.47207
2454639.43986 9.40521
2454640.43990 11.52184
2454641.43995 11.05257
2454642.43999 11.95944
2454643.44004 10.17829
2454644.44008 14.98713
2454645.44013 12.50605
2454646.44018 13.10249
2454647.44022 15.22614
2454648.44027 13.16045
2454649.44031 15.58255
2454650.44036 13.96410
2454651.44040 12.59660
2454652.44045 12.62604
2454653.44049 14.90425
2454654.44054 10.92719
2454655.44059 15.24752
2454656.44063 12.52367
2454657.44068 14.34684
2454658.44072 14.35317
2454659.44077 11.43629
2454660.44081 12.10080
2454661.44086 11.54909
2454662.44091 11.26075
2454663.44095 13.69332
2454664.44100 12.25176
2454665.44104 12.51024
2454666.44109 10.75899
2454667.44113 8.86862
2454668.44118 8.62136
2454669.44122 9.82312
2454670.44127 8.23292
2454671.44132 7.83099
2454672.44136 9.25942
2454673.44141 8.34198
2454674.44145 8.79716
2454675.44150 7.63903
2454676.44154 8.90131
2454862.45003 8.36220
2454863.45008 6.74532
2454864.45012 5.93194
2454865.45017 6.74157
2454866.45021 7.58734
2454867.45026 5.89793
2454868.45031 6.12516
2454869.45035 5.88801
2454870.45040 6.66670
2454871.45044 5.60498
2454872.45049 6.62389
2454873.45053 6.55127
2454874.45058 6.12213
2454875.45063 6.22409
2454876.45067 6.14154
2454877.45072 6.79216
2454878.45076 7.43793
2454879.45081 8.02460
2454880.45085 7.89079
2454881.45090 7.72666
2454882.45094 10.69505
2454883.45099 10.18449
2454884.45104 10.18310
2454885.45108 12.25571
2454886.45113 11.56638
2454887.45117 9.47325
2454888.45122 12.34982
2454889.45126 11.08439
2454890.45131 10.61410
2454891.45136 11.70097
2454892.45140 9.90560
2454893.45145 11.98668
2454894.45149 10.58051
2454895.45154 10.81286
2454896.45158 10.36150
2454897.45163 8.68081
2454898.45167 8.98936
2454899.45172 9.67713
2454900.45177 8.67755
2454901.45181 7.60756
2454902.45186 7.66126
2454903.45190 7.61632
2454904.45195 6.60413
2454905.45199 5.88204
2454906.45204 6.14948
2454907.45209 5.23373
2454908.45213 4.88889
2454909.45218 4.35144
2454910.45222 4.71960
2454911.45227 4.89265
2454912.45231 5.32567
2454913.45236 4.81069
2454914.45240 5.37967
2454915.45245 5.78235
2454916.45250 6.14723
2454917.45254 5.76047
2454918.45259 7.14174
2454919.45263 6.95718
2454920.45268 7.52575
2454921.45272 6.78750
2454922.45277 7.67468
2454923.45282 8.98975
2454924.45286 7.96210
2454925.45291 8.83315
2454926.45295 8.68048
2454927.45300 9.40636
2454928.45304 9.99345
2454929.45309 10.99347
2454930.45313 10.68322
2454931.45318 10.83141
2454932.45323 9.42852
2454933.45327 10.69852
2454934.45332 8.23702
2454935.45336 9.73640
2454936.45341 8.56932
2454937.45345 8.98775
2454938.45350 9.08518
2454939.45355 7.87785
2454940.45359 7.49667
2454941.45364 6.58848
2454942.45368 6.68414
2454943.45373 5.39438
2454944.45377 5.41044
2454945.45382 4.96286
2454946.45387 4.25640
2454947.45391 4.01199
2454948.45396 4.21815
2454949.45400 3.18613
2454950.45405 3.55481
2454951.45409 3.76940
2454952.45414 4.23728
2454953.45418 3.30641
2454954.45423 3.40652
2454955.45428 4.22027
2454956.45432 4.90831
2454957.45437 4.15904
2454958.45441 4.47133
2454959.45446 5.00867
2454960.45450 6.52867
2454961.45455 5.90673
2454962.45460 7.10056
2454963.45464 7.78910
2454964.45469 6.92086
2454965.45473 7.86891
2454966.45478 7.94901
2454967.45482 8.02005
2454968.45487 9.33887
2454969.45491 8.16307
2454970.45496 9.53473
2454971.45501 8.44135
2454972.45505 8.39295
2454973.45510 9.89828
2454974.45514 8.69699
2454975.45519 6.88839
2454976.45523 8.12708
2454977.45528 9.28777
2454978.45533 6.94486
2454979.45537 5.97253
2454980.45542 6.27060
2454981.45546 6.06056
2454982.45551 4.99083
2454983.45555 4.50122
2454984.45560 4.12040
2454985.45564 4.04525
2454986.45569 3.62720
2454987.45574 2.38995
2454988.45578 3.12704
2454989.45583 2.41093
2454990.45587 2.80610
2454991.45592 2.63692
2454992.45596 2.88086
2454993.45601 2.66976
2454994.45606 3.42546
2454995.45610 3.19766
2454996.45615 3.34613
2454997.45619 3.81716
2454998.45624 4.35241
2454999.45628 4.82655
2455000.45633 5.70422
2455001.45637 6.25049
2455002.45642 6.18792
2455003.45647 6.52274
2455004.45651 6.64186
2455005.45656 6.40148
2455006.45660 5.92585
2455007.45665 6.79042
2455008.45669 7.11093
2455009.45674 8.03955
2455010.45679 7.47015
2455011.45683 6.90698
2455012.45688 8.09764
2455013.45692 6.68728
2455014.45697 6.44915
2455015.45701 7.12747
2455016.45706 8.50341
2455017.45711 5.92339
2455018.45715 5.82835
2455019.45720 5.32445
2455020.45724 4.97970
2455021.45729 4.67867
2455022.45733 3.84275
2455023.45738 3.34403
2455024.45742 2.72964
2455025.45747 2.16429
2455026.45752 2.14587
2455027.45756 2.07297
2455028.45761 1.95816
2455029.45765 1.62652
2455030.45770 1.50155
2455031.45774 1.52136
2455032.45779 1.76091
2455033.45784 1.74930
2455034.45788 2.25433
2455035.45793 2.03138
2455036.45797 3.04410
2455037.45802 2.79509
2455038.45806 3.30597
2455039.45811 3.73345
2455040.45815 3.94074
2455041.45820 5.13644
2455227.46669 0.62216
2455228.46673 0.52982
2455229.46678 0.50584
2455230.46682 0.54800
2455231.46687 0.72632
2455232.46692 0.75051
2455233.46696 1.17013
2455234.46701 1.22437
2455235.46705 1.82628
2455236.46710 1.97484
2455237.46714 2.23781
2455238.46719 2.93151
2455239.46724 3.18269
2455240.46728 4.10936
2455241.46733 4.28091
2455242.46737 5.19493
2455243.46742 4.96697
2455244.46746 5.46182
2455245.46751 5.67289
2455246.46755 5.64393
2455247.46760 6.19570
2455248.46765 6.17995
2455249.46769 6.28340
2455250.46774 6.54474
2455251.46778 5.27263
2455252.46783 7.24300
2455253.46787 7.13604
2455254.46792 6.03758
2455255.46797 5.04936
2455256.46801 5.99500
2455257.46806 4.61511
2455258.46810 4.90206
2455259.46815 3.28967
2455260.46819 3.22211
2455261.46824 3.16492
2455262.46829 2.43873
2455263.46833 1.99105
2455264.46838 1.90677
2455265.46842 1.67559
2455266.46847 1.36584
2455267.46851 1.13629
2455268.46856 1.25303
2455269.46860 1.34145
2455270.46865 1.22187
2455271.46870 1.10603
2455272.46874 1.31705
2455273.46879 1.89445
2455274.46883 1.89451
2455275.46888 2.73006
2455276.46892 3.22648
2455277.46897 2.85189
2455278.46902 4.35138
2455279.46906 4.83830
2455280.46911 4.67328
2455281.46915 5.73349
2455282.46920 5.77233
2455283.46924 6.45927
2455284.46929 7.72363
2455285.46933 6.11923
2455286.46938 6.85389
2455287.46943 6.36646
2455288.46947 7.49531
2455289.46952 8.07903
2455290.46956 8.11242
2455291.46961 7.65910
2455292.46965 6.04638
2455293.46970 7.48916
2455294.46975 5.42094
2455295.46979 5.98840
2455296.46984 5.82655
2455297.46988 5.24378
2455298.46993 5.20190
2455299.46997 4.29372
2455300.47002 4.67315
2455301.47006 4.70770
2455302.47011 3.27004
2455303.47016 3.03568
2455304.47020 2.86065
2455305.47025 2.55180
2455306.47029 2.44533
2455307.47034 2.30968
2455308.47038 2.22166
2455309.47043 2.25027
2455310.47048 2.19275
2455311.47052 2.31065
2455312.47057 3.03136
2455313.47061 2.91778
2455314.47066 3.16333
2455315.47070 4.06068
2455316.47075 4.22815
2455317.47079 4.43992
2455318.47084 5.34218
2455319.47089 5.26067
2455320.47093 7.13473
2455321.47098 6.12653
2455322.47102 6.29498
2455323.47107 7.10659
2455324.47111 7.77471
2455325.47116 8.79550
2455326.47121 8.27968
2455327.47125 8.46037
2455328.47130 8.73505
2455329.47134 7.63456
2455330.47139 7.95444
2455331.47143 8.08925
2455332.47148 7.08491
2455333.47153 8.70489
2455334.47157 7.18533
2455335.47162 7.09785
2455336.47166 6.17041
2455337.47171 6.30695
2455338.47175 5.11154
2455339.47180 5.54939
2455340.47184 4.76858
2455341.47189 4.17548
2455342.47194 4.47972
2455343.47198 3.84890
2455344.47203 3.68521
2455345.47207 2.61188
2455346.47212 3.46125
2455347.47216 3.00584
2455348.47221 3.68604
2455349.47226 3.10096
2455350.47230 3.43988
2455351.47235 3.28811
2455352.47239 3.60396
2455353.47244 4.96941
2455354.47248 4.06605
2455355.47253 4.63011
2455356.47257 5.20998
2455357.47262 4.49346
2455358.47267 5.67740
2455359.47271 6.65790
2455360.47276 6.58485
2455361.47280 7.73569
2455362.47285 8.79824
2455363.47289 7.01019
2455364.47294 9.48957
2455365.47299 8.98571
2455366.47303 8.95278
2455367.47308 8.72339
2455368.47312 9.28798
2455369.47317 9.44924
2455370.47321 8.06091
2455371.47326 10.76662
2455372.47330 9.58371
2455373.47335 7.90043
2455374.47340 8.44644
2455375.47344 8.98046
2455376.47349 8.29376
2455377.47353 8.20376
2455378.47358 6.45042
2455379.47362 6.79813
2455380.47367 6.78166
2455381.47372 5.62890
2455382.47376 4.63788
2455383.47381 5.18560
2455384.47385 5.04965
2455385.47390 4.64189
2455386.47394 4.47077
2455387.47399 3.74549
2455388.47403 3.92371
2455389.47408 4.98262
2455390.47413 3.77251
2455391.47417 4.78097
2455392.47422 5.16703
2455393.47426 5.72230
2455394.47431 6.19217
2455395.47435 4.80941
2455396.47440 5.28841
2455397.47445 6.77635
2455398.47449 7.39701
2455399.47454 8.71974
2455400.47458 8.19089
2455401.47463 8.64424
2455402.47467 10.14635
2455403.47472 10.16499
2455404.47476 10.42470
2455405.47481 11.01745
2455406.47486 9.85448
2455592.48334 9.92072
2455593.48339 9.20437
2455594.48344 8.82961
2455595.48348 11.69578
2455596.48353 12.91679
2455597.48357 12.10724
2455598.48362 12.17764
2455599.48366 10.42781
2455600.48371 12.59956
2455601.48375 13.51809
2455602.48380 12.85130
2455603.48385 14.12749
2455604.48389 14.23625
2455605.48394 13.52881
2455606.48398 16.31116
2455607.48403 15.29420
2455608.48407 16.48275
2455609.48412 14.34304
2455610.48417 17.32426
2455611.48421 14.56136
2455612.48426 13.10695
2455613.48430 16.43735
2455614.48435 12.27083
2455615.48439 12.11112
2455616.48444 9.67425
2455617.48448 13.08147
2455618.48453 11.81293
2455619.48458 11.16839
2455620.48462 11.42503
2455621.48467 12.72853
2455622.48471 9.70548
2455623.48476 11.18984
2455624.48480 9.36875
2455625.48485 10.04223
2455626.48490 8.38022
2455627.48494 7.75455
2455628.48499 9.72940
2455629.48503 7.61781
2455630.48508 10.30367
2455631.48512 10.76346
2455632.48517 9.59982
2455633.48521 7.48890
2455634.48526 9.77413
2455635.48531 9.11733
2455636.48535 12.85987
2455637.48540 11.88163
2455638.48544 13.37469
2455639.48549 13.00407
2455640.48553 13.00707
2455641.48558 16.18274
2455642.48563 11.87997
2455643.48567 14.55233
2455644.48572 13.17360
2455645.48576 13.71877
2455646.48581 12.98917
2455647.48585 14.74002
2455648.48590 17.63852
2455649.48595 14.60373
2455650.48599 14.56440
2455651.48604 13.44033
2455652.48608 16.17793
2455653.48613 13.74006
2455654.48617 14.89045
2455655.48622 10.65922
2455656.48626 13.54578
2455657.48631 10.95811
2455658.48636 11.64312
2455659.48640 11.17570
2455660.48645 9.04001
2455661.48649 10.19655
2455662.48654 10.43821
2455663.48658 8.74602
2455664.48663 9.26402
2455665.48668 8.31329
2455666.48672 8.58608
2455667.48677 7.66930
2455668.48681 7.45022
2455669.48686 9.83964
2455670.48690 8.61730
2455671.48695 9.65561
2455672.48699 8.88992
2455673.48704 11.10264
2455674.48709 9.75313
2455675.48713 9.49346
2455676.48718 10.82625
2455677.48722 11.42185
2455678.48727 11.78919
2455679.48731 13.02477
2455680.48736 11.52655
2455681.48741 11.14213
2455682.48745 13.14111
2455683.48750 16.10453
2455684.48754 15.10899
2455685.48759 13.85723
2455686.48763 16.93932
2455687.48768 13.25839
2455688.48772 14.48272
2455689.48777 14.36112
2455690.48782 15.43371
2455691.48786 11.31954
2455692.48791 14.50537
2455693.48795 12.42897
2455694.48800 15.67127
2455695.48804 15.73654
2455696.48809 12.25578
2455697.48814 9.76190
2455698.48818 11.54151
2455699.48823 10.65033
2455700.48827 11.08955
2455701.48832 9.84674
2455702.48836 11.08708
2455703.48841 7.07842
2455704.48845 7.70683
2455705.48850 8.80296
2455706.48855 6.58445
2455707.48859 7.63141
2455708.48864 8.05189
2455709.48868 7.46400
2455710.48873 8.18477
2455711.48877 7.28730
2455712.48882 8.12902
2455713.48887 10.15194
2455714.48891 9.33751
2455715.48896 12.36562
2455716.48900 10.44353
2455717.48905 10.79641
2455718.48909 9.97182
2455719.48914 11.88654
2455720.48918 9.77276
2455721.48923 11.92552
2455722.48928 11.71123
2455723.48932 10.70050
2455724.48937 13.16555
2455725.48941 14.21308
2455726.48946 12.93067
2455727.48950 14.39276
2455728.48955 10.82829
2455729.48960 11.09351
2455730.48964 9.63746
2455731.48969 12.13811
2455732.48973 12.55413
2455733.48978 12.51559
2455734.48982 13.05181
2455735.48987 13.19004
2455736.48992 11.68177
2455737.48996 11.88673
2455738.49001 8.57998
2455739.49005 9.60589
2455740.49010 8.90993
2455741.49014 8.17362
2455742.49019 7.53329
2455743.49023 8.42514
2455744.49028 7.04759
2455745.49033 7.57277
2455746.49037 7.35669
2455747.49042 7.74630
2455748.49046 7.79918
2455749.49051 7.43349
2455750.49055 7.81573
2455751.49060 7.47522
2455752.49065 6.14216
2455753.49069 8.28572
2455754.49074 10.71592
2455755.49078 10.33762
2455756.49083 9.79163
2455757.49087 10.43477
2455758.49092 10.19721
2455759.49096 9.41099
2455760.49101 11.01919
2455761.49106 12.96948
2455762.49110 12.05646
2455763.49115 10.86160
2455764.49119 10.87693
2455765.49124 12.52036
2455766.49128 12.43182
2455767.49133 12.67723
2455768.49138 10.77332
2455769.49142 12.71810
2455770.49147 12.53819
2455771.49151 11.04681
2455957.50000 5.51262
