2445000.00000 206.84788
2445001.00005 198.57970
2445002.00009 200.76187
2445003.00014 177.92823
2445004.00018 209.61896
2445005.00023 203.24614
2445006.00027 172.96591
2445007.00032 207.42532
2445008.00037 181.97658
2445009.00041 210.03694
2445010.00046 191.59267
2445011.00050 155.14925
2445012.00055 187.34332
2445013.00059 160.34919
2445014.00064 150.93043
2445015.00068 159.88007
2445016.00073 138.02932
2445017.00078 148.55008
2445018.00082 106.25004
2445019.00087 111.68575
2445020.00091 135.08008
2445021.00096 114.11181
2445022.00100 117.25656
2445023.00105 117.24505
2445024.00110 135.83237
2445025.00114 101.05041
2445026.00119 130.37158
2445027.00123 118.96165
2445028.00128 153.95356
2445029.00132 148.39727
2445030.00137 141.68764
2445031.00141 144.41309
2445032.00146 167.63499
2445033.00151 132.19459
2445034.00155 189.96658
2445035.00160 166.06372
2445036.00164 169.41482
2445037.00169 172.33379
2445038.00173 186.73748
2445039.00178 166.90761
2445040.00183 199.07130
2445041.00187 216.04270
2445042.00192 176.56826
2445043.00196 230.20313
2445044.00201 219.07334
2445045.00205 174.23536
2445046.00210 211.68452
2445047.00214 175.08840
2445048.00219 203.31366
2445049.00224 187.59981
2445050.00228 190.79368
2445051.00233 169.73647
2445052.00237 161.53492
2445053.00242 165.22597
2445054.00246 140.38680
2445055.00251 125.24858
2445056.00256 140.80290
2445057.00260 137.53170
2445058.00265 106.83007
2445059.00269 132.08930
2445060.00274 131.03728
2445061.00278 112.75035
2445062.00283 125.74972
2445063.00287 125.00456
2445064.00292 114.50295
2445065.00297 132.17493
2445066.00301 153.82393
2445067.00306 112.24497
2445068.00310 135.19109
2445069.00315 121.31084
2445070.00319 159.01011
2445071.00324 147.89815
2445072.00329 137.69760
2445073.00333 155.31365
2445074.00338 154.78340
2445075.00342 183.26331
2445076.00347 144.06827
2445077.00351 194.49204
2445078.00356 166.39804
2445079.00361 225.54009
2445080.00365 162.02978
2445081.00370 214.74404
2445082.00374 213.32675
2445083.00379 178.30294
2445084.00383 168.69901
2445085.00388 221.69192
2445086.00392 201.84710
2445087.00397 176.19683
2445088.00402 197.45659
2445089.00406 191.52001
2445090.00411 143.72861
2445091.00415 183.46417
2445092.00420 186.90842
2445093.00424 151.25649
2445094.00429 140.59144
2445095.00434 139.93676
2445096.00438 113.75826
2445097.00443 136.28262
2445098.00447 128.66081
2445099.00452 126.86784
2445100.00456 135.64442
2445101.00461 125.82820
2445102.00465 118.87580
2445103.00470 119.25475
2445104.00475 115.35743
2445105.00479 119.08616
2445106.00484 141.27349
2445107.00488 126.10398
2445108.00493 143.32840
2445109.00497 140.67987
2445110.00502 144.03336
2445111.00507 117.51245
2445112.00511 160.95213
2445113.00516 168.20520
2445114.00520 152.66653
2445115.00525 160.39491
2445116.00529 188.91375
2445117.00534 197.99353
2445118.00538 211.98074
2445119.00543 168.87309
2445120.00548 175.21852
2445121.00552 210.78109
2445122.00557 197.04311
2445123.00561 191.22071
2445124.00566 181.90847
2445125.00570 166.66308
2445126.00575 202.52295
2445127.00580 209.70750
2445128.00584 175.36468
2445129.00589 178.91636
2445130.00593 195.74633
2445131.00598 147.05055
2445132.00602 151.96222
2445133.00607 134.88129
2445134.00611 146.42964
2445135.00616 133.93840
2445136.00621 106.74897
2445137.00625 127.47075
2445138.00630 101.99377
2445139.00634 105.04461
2445140.00639 106.98602
2445141.00643 122.39027
2445142.00648 108.57707
2445143.00653 91.68944
2445144.00657 137.40143
2445145.00662 123.79661
2445146.00666 129.05389
2445147.00671 138.91087
2445148.00675 117.68524
2445149.00680 154.72174
2445150.00684 157.96440
2445151.00689 152.77449
2445152.00694 147.03960
2445153.00698 165.01334
2445154.00703 174.36770
2445155.00707 157.15080
2445156.00712 155.17149
2445157.00716 208.14978
2445158.00721 152.95507
2445159.00726 167.73434
2445160.00730 177.73029
2445161.00735 160.85228
2445162.00739 187.56869
2445163.00744 183.69764
2445164.00748 149.16418
2445165.00753 184.59285
2445166.00758 159.27786
2445167.00762 180.29325
2445168.00767 182.18216
2445169.00771 174.24270
2445170.00776 143.61507
2445171.00780 128.15124
2445172.00785 123.67196
2445173.00789 113.48300
2445174.00794 122.53244
2445175.00799 123.81381
2445176.00803 143.86316
2445177.00808 141.36448
2445178.00812 124.75593
2445179.00817 82.54703
2445366.01670 142.30333
2445367.01675 146.35914
2445368.01679 135.01570
2445369.01684 111.71811
2445370.01688 125.28725
2445371.01693 108.52526
2445372.01698 79.68585
2445373.01702 86.24939
2445374.01707 103.98888
2445375.01711 90.18519
2445376.01716 98.43506
2445377.01720 80.10761
2445378.01725 72.51063
2445379.01729 94.87390
2445380.01734 91.03319
2445381.01739 88.98414
2445382.01743 81.34601
2445383.01748 110.11438
2445384.01752 111.75885
2445385.01757 106.14782
2445386.01761 111.37555
2445387.01766 127.00729
2445388.01771 142.07323
2445389.01775 147.41023
2445390.01780 141.50836
2445391.01784 139.43178
2445392.01789 159.86349
2445393.01793 139.99183
2445394.01798 149.12625
2445395.01803 141.91029
2445396.01807 152.89028
2445397.01812 169.35628
2445398.01816 130.71044
2445399.01821 171.56816
2445400.01825 156.18756
2445401.01830 173.36890
2445402.01834 152.58954
2445403.01839 152.44741
2445404.01844 146.53198
2445405.01848 114.31259
2445406.01853 117.34317
2445407.01857 109.19492
2445408.01862 106.81454
2445409.01866 122.69303
2445410.01871 108.92877
2445411.01876 104.70676
2445412.01880 103.27839
2445413.01885 83.40767
2445414.01889 84.99024
2445415.01894 87.82338
2445416.01898 75.37195
2445417.01903 85.48294
2445418.01907 73.23714
2445419.01912 94.75961
2445420.01917 82.25671
2445421.01921 86.95981
2445422.01926 104.40949
2445423.01930 84.12499
2445424.01935 114.09890
2445425.01939 97.80522
2445426.01944 131.17272
2445427.01949 139.01255
2445428.01953 135.69176
2445429.01958 125.25857
2445430.01962 143.74522
2445431.01967 127.12105
2445432.01971 153.23134
2445433.01976 165.18446
2445434.01980 176.53712
2445435.01985 163.36111
2445436.01990 148.57021
2445437.01994 147.80417
2445438.01999 121.38028
2445439.02003 165.67527
2445440.02008 156.60583
2445441.02012 164.18694
2445442.02017 119.19966
2445443.02022 154.25812
2445444.02026 128.87753
2445445.02031 122.24743
2445446.02035 106.72073
2445447.02040 90.39926
2445448.02044 90.05452
2445449.02049 103.65952
2445450.02053 111.06568
2445451.02058 77.00509
2445452.02063 88.23229
2445453.02067 61.83829
2445454.02072 78.25337
2445455.02076 75.95831
2445456.02081 67.51499
2445457.02085 62.55313
2445458.02090 58.96258
2445459.02095 77.61276
2445460.02099 84.49312
2445461.02104 90.27932
2445462.02108 95.82015
2445463.02113 88.96060
2445464.02117 113.44165
2445465.02122 115.24646
2445466.02126 117.67463
2445467.02131 110.67665
2445468.02136 133.81888
2445469.02140 122.53644
2445470.02145 136.97352
2445471.02149 142.23333
2445472.02154 160.97423
2445473.02158 150.78855
2445474.02163 181.18338
2445475.02168 162.16261
2445476.02172 139.62833
2445477.02177 167.89135
2445478.02181 143.46667
2445479.02186 163.97931
2445480.02190 139.73336
2445481.02195 140.47019
2445482.02200 141.42297
2445483.02204 96.91206
2445484.02209 121.18392
2445485.02213 97.96882
2445486.02218 132.82664
2445487.02222 91.50663
2445488.02227 98.08095
2445489.02231 102.77237
2445490.02236 96.86543
2445491.02241 85.44990
2445492.02245 79.85473
2445493.02250 73.85576
2445494.02254 69.01231
2445495.02259 67.69069
2445496.02263 78.53744
2445497.02268 73.65701
2445498.02273 81.88924
2445499.02277 77.67390
2445500.02282 69.72050
2445501.02286 87.77638
2445502.02291 95.06353
2445503.02295 101.89376
2445504.02300 116.60034
2445505.02304 121.64125
2445506.02309 125.88675
2445507.02314 131.83835
2445508.02318 116.81439
2445509.02323 128.96609
2445510.02327 127.59859
2445511.02332 139.71206
2445512.02336 136.99689
2445513.02341 152.56323
2445514.02346 119.61420
2445515.02350 132.51657
2445516.02355 153.70188
2445517.02359 157.17641
2445518.02364 129.09452
2445519.02368 161.43770
2445520.02373 153.74800
2445521.02377 128.24016
2445522.02382 114.12678
2445523.02387 126.19715
2445524.02391 96.83205
2445525.02396 106.52439
2445526.02400 99.06571
2445527.02405 92.37331
2445528.02409 81.70308
2445529.02414 72.49164
2445530.02419 77.12071
2445531.02423 72.19106
2445532.02428 62.04685
2445533.02432 61.50576
2445534.02437 59.54013
2445535.02441 63.92139
2445536.02446 68.29981
2445537.02450 71.69342
2445538.02455 64.08944
2445539.02460 56.20803
2445540.02464 81.22262
2445541.02469 81.42816
2445542.02473 82.35639
2445543.02478 81.67921
2445544.02482 96.83804
2445545.02487 82.07382
2445731.03336 36.71089
2445732.03340 34.02530
2445733.03345 31.30628
2445734.03349 40.23241
2445735.03354 44.22049
2445736.03359 46.60284
2445737.03363 50.94836
2445738.03368 62.59039
2445739.03372 50.07298
2445740.03377 64.65951
2445741.03381 82.14834
2445742.03386 101.63575
2445743.03391 96.92996
2445744.03395 76.01059
2445745.03400 96.53233
2445746.03404 104.84785
2445747.03409 104.37989
2445748.03413 109.64907
2445749.03418 114.21296
2445750.03422 131.68246
2445751.03427 121.56025
2445752.03432 131.44435
2445753.03436 114.97992
2445754.03441 129.21711
2445755.03445 125.78321
2445756.03450 114.57392
2445757.03454 88.80411
2445758.03459 92.97287
2445759.03464 82.91915
2445760.03468 85.98824
2445761.03473 90.57535
2445762.03477 75.22796
2445763.03482 60.81650
2445764.03486 55.68852
2445765.03491 48.34717
2445766.03495 44.71371
2445767.03500 44.41751
2445768.03505 36.08799
2445769.03509 34.03674
2445770.03514 38.26163
2445771.03518 34.20832
2445772.03523 28.69581
2445773.03527 33.74056
2445774.03532 36.21615
2445775.03537 35.80677
2445776.03541 45.75220
2445777.03546 46.25849
2445778.03550 65.25694
2445779.03555 67.07479
2445780.03559 76.60715
2445781.03564 79.54262
2445782.03568 73.28526
2445783.03573 84.24803
2445784.03578 96.40026
2445785.03582 92.71045
2445786.03587 104.21094
2445787.03591 86.49660
2445788.03596 109.21388
2445789.03600 108.65102
2445790.03605 123.47484
2445791.03610 105.08378
2445792.03614 112.67211
2445793.03619 106.63417
2445794.03623 117.43510
2445795.03628 85.35867
2445796.03632 80.24846
2445797.03637 95.65454
2445798.03642 79.37619
2445799.03646 81.47749
2445800.03651 62.66654
2445801.03655 47.89052
2445802.03660 61.52100
2445803.03664 48.99810
2445804.03669 48.20295
2445805.03673 45.15271
2445806.03678 41.77026
2445807.03683 32.96872
2445808.03687 32.01715
2445809.03692 30.15166
2445810.03696 27.09364
2445811.03701 28.55323
2445812.03705 33.09199
2445813.03710 34.22347
2445814.03715 31.18342
2445815.03719 39.34553
2445816.03724 39.54066
2445817.03728 52.29500
2445818.03733 53.39485
2445819.03737 68.80068
2445820.03742 65.71693
2445821.03746 85.39082
2445822.03751 88.77146
2445823.03756 98.00401
2445824.03760 77.14319
2445825.03765 74.89137
2445826.03769 92.72280
2445827.03774 115.68877
2445828.03778 105.50656
2445829.03783 113.71496
2445830.03788 110.03831
2445831.03792 120.52382
2445832.03797 100.62167
2445833.03801 75.93101
2445834.03806 110.47718
2445835.03810 101.17128
2445836.03815 72.57363
2445837.03819 83.27702
2445838.03824 71.92714
2445839.03829 65.21293
2445840.03833 54.75973
2445841.03838 50.03254
2445842.03842 52.64038
2445843.03847 37.58169
2445844.03851 40.64416
2445845.03856 36.95882
2445846.03861 33.72571
2445847.03865 25.61028
2445848.03870 22.97865
2445849.03874 22.66181
2445850.03879 23.01786
2445851.03883 29.16217
2445852.03888 25.26097
2445853.03892 35.53645
2445854.03897 34.44985
2445855.03902 38.85242
2445856.03906 46.41207
2445857.03911 51.02911
2445858.03915 63.95586
2445859.03920 57.72584
2445860.03924 70.62236
2445861.03929 75.78464
2445862.03934 85.91186
2445863.03938 96.90032
2445864.03943 90.67036
2445865.03947 85.87394
2445866.03952 96.60560
2445867.03956 109.05168
2445868.03961 86.31972
2445869.03966 102.03422
2445870.03970 103.28629
2445871.03975 101.74264
2445872.03979 114.37909
2445873.03984 90.97641
2445874.03988 98.79320
2445875.03993 71.39255
2445876.03997 74.73933
2445877.04002 70.76318
2445878.04007 76.30207
2445879.04011 59.82925
2445880.04016 50.37324
2445881.04020 42.50008
2445882.04025 43.18916
2445883.04029 34.61653
2445884.04034 30.65799
2445885.04039 26.14491
2445886.04043 26.33584
2445887.04048 23.55934
2445888.04052 19.82688
2445889.04057 19.77629
2445890.04061 22.25672
2445891.04066 17.48274
2445892.04070 24.21390
2445893.04075 30.56132
2445894.04080 33.39004
2445895.04084 26.35768
2445896.04089 47.63102
2445897.04093 44.04020
2445898.04098 52.68232
2445899.04102 67.94840
2445900.04107 71.70924
2445901.04112 65.58317
2445902.04116 94.79589
2445903.04121 93.09640
2445904.04125 96.78455
2445905.04130 98.25409
2445906.04134 101.14788
2445907.04139 81.71575
2445908.04143 97.27524
2445909.04148 116.36128
2445910.04153 91.01353
2446096.05001 45.49094
2446097.05006 54.12253
2446098.05010 55.23045
2446099.05015 70.36051
2446100.05020 77.61258
2446101.05024 73.40987
2446102.05029 80.47931
2446103.05033 77.75436
2446104.05038 92.06988
2446105.05042 84.65526
2446106.05047 92.04510
2446107.05052 94.86656
2446108.05056 86.87759
2446109.05061 75.51561
2446110.05065 60.78307
2446111.05070 72.56614
2446112.05074 63.71450
2446113.05079 59.71705
2446114.05084 61.35243
2446115.05088 44.29881
2446116.05093 28.91400
2446117.05097 31.91478
2446118.05102 22.23725
2446119.05106 20.36926
2446120.05111 14.80355
2446121.05115 12.18602
2446122.05120 7.05710
2446123.05125 4.68252
2446124.05129 3.78761
2446125.05134 2.88173
2446126.05138 3.40621
2446127.05143 5.77746
2446128.05147 5.31676
2446129.05152 11.10630
2446130.05157 14.22729
2446131.05161 19.87354
2446132.05166 26.31320
2446133.05170 28.85100
2446134.05175 42.75515
2446135.05179 47.06207
2446136.05184 47.50462
2446137.05188 46.15732
2446138.05193 56.83852
2446139.05198 74.72995
2446140.05202 69.91545
2446141.05207 80.78409
2446142.05211 78.80259
2446143.05216 91.03119
2446144.05220 84.99445
2446145.05225 99.87044
2446146.05230 86.82012
2446147.05234 88.64757
2446148.05239 71.54637
2446149.05243 82.19988
2446150.05248 61.68173
2446151.05252 70.39683
2446152.05257 58.92031
2446153.05261 53.38069
2446154.05266 41.52922
2446155.05271 41.20171
2446156.05275 26.35010
2446157.05280 27.87977
2446158.05284 17.74641
2446159.05289 16.15828
2446160.05293 11.51433
2446161.05298 7.50296
2446162.05303 4.24531
2446163.05307 2.45939
2446164.05312 1.45994
2446165.05316 1.69127
2446166.05321 2.75812
2446167.05325 5.20163
2446168.05330 7.47823
2446169.05334 12.95952
2446170.05339 14.49309
2446171.05344 24.34672
2446172.05348 32.28861
2446173.05353 34.64754
2446174.05357 43.28955
2446175.05362 49.74505
2446176.05366 52.67290
2446177.05371 66.21880
2446178.05376 65.27949
2446179.05380 65.90868
2446180.05385 70.72022
2446181.05389 80.12744
2446182.05394 100.41719
2446183.05398 97.84327
2446184.05403 80.52548
2446185.05408 83.72063
2446186.05412 72.49820
2446187.05417 75.72677
2446188.05421 75.45075
2446189.05426 76.20818
2446190.05430 70.39507
2446191.05435 56.56400
2446192.05439 52.42023
2446193.05444 45.55704
2446194.05449 49.22488
2446195.05453 35.23415
2446196.05458 24.75419
2446197.05462 21.73365
2446198.05467 20.02414
2446199.05471 11.22604
2446200.05476 7.06846
2446201.05481 4.74629
2446202.05485 2.12092
2446203.05490 0.60270
2446204.05494 0.41986
2446205.05499 1.48436
2446206.05503 3.34234
2446207.05508 6.11277
2446208.05512 10.08189
2446209.05517 16.66277
2446210.05522 19.79795
2446211.05526 24.23708
2446212.05531 30.24000
2446213.05535 35.56742
2446214.05540 41.63527
2446215.05544 51.83401
2446216.05549 59.90695
2446217.05554 58.32355
2446218.05558 63.63076
2446219.05563 80.60607
2446220.05567 81.37211
2446221.05572 83.43977
2446222.05576 82.34703
2446223.05581 89.89919
2446224.05585 84.35285
2446225.05590 82.35476
2446226.05595 80.91785
2446227.05599 78.89619
2446228.05604 79.01391
2446229.05608 68.06429
2446230.05613 58.50563
2446231.05617 53.65168
2446232.05622 49.59801
2446233.05627 41.86719
2446234.05631 39.69300
2446235.05636 27.54432
2446236.05640 23.88926
2446237.05645 17.18271
2446238.05649 13.93952
2446239.05654 8.30279
2446240.05658 4.03436
2446241.05663 1.81891
2446242.05668 0.58288
2446243.05672 0.01599
2446244.05677 0.46963
2446245.05681 1.85641
2446246.05686 4.21714
2446247.05690 8.04672
2446248.05695 10.83944
2446249.05700 19.55927
2446250.05704 24.72004
2446251.05709 34.31691
2446252.05713 32.14948
2446253.05718 46.08916
2446254.05722 50.06097
2446255.05727 53.68472
2446256.05731 61.24496
2446257.05736 73.92277
2446258.05741 72.45258
2446259.05745 65.14365
2446260.05750 99.58723
2446261.05754 89.63024
2446262.05759 74.79801
2446263.05763 78.94044
2446264.05768 74.32015
2446265.05773 75.18653
2446266.05777 73.92691
2446267.05782 80.45860
2446268.05786 56.69675
2446269.05791 62.10472
2446270.05795 69.34832
2446271.05800 49.08811
2446272.05805 49.46382
2446273.05809 34.49298
2446274.05814 34.28647
2446275.05818 27.05794
2446461.06667 86.42813
2446462.06672 89.62932
2446463.06676 87.86196
2446464.06681 89.91855
2446465.06685 81.84008
2446466.06690 73.18711
2446467.06694 44.11375
2446468.06699 61.07783
2446469.06703 48.59358
2446470.06708 49.09373
2446471.06713 34.31090
2446472.06717 29.68111
2446473.06722 27.06016
2446474.06726 19.09698
2446475.06731 12.20946
2446476.06735 12.19477
2446477.06740 9.67951
2446478.06745 7.98351
2446479.06749 7.10503
2446480.06754 7.49399
2446481.06758 7.98156
2446482.06763 9.25647
2446483.06767 16.12355
2446484.06772 22.09304
2446485.06776 23.99467
2446486.06781 24.02366
2446487.06786 37.82307
2446488.06790 44.14939
2446489.06795 50.54837
2446490.06799 59.62768
2446491.06804 65.82089
2446492.06808 70.97457
2446493.06813 70.83696
2446494.06818 77.02812
2446495.06822 68.20390
2446496.06827 90.22755
2446497.06831 77.03722
2446498.06836 91.05352
2446499.06840 86.50413
2446500.06845 93.87524
2446501.06850 80.76772
2446502.06854 67.58648
2446503.06859 80.37713
2446504.06863 70.67202
2446505.06868 80.17830
2446506.06872 75.25920
2446507.06877 56.52485
2446508.06881 69.92516
2446509.06886 50.80702
2446510.06891 42.20986
2446511.06895 32.27085
2446512.06900 37.09394
2446513.06904 23.27213
2446514.06909 18.57492
2446515.06913 16.65280
2446516.06918 13.65177
2446517.06923 12.45546
2446518.06927 10.47006
2446519.06932 9.50756
2446520.06936 11.03045
2446521.06941 12.94547
2446522.06945 17.92443
2446523.06950 22.68035
2446524.06954 20.78601
2446525.06959 33.71951
2446526.06964 37.07635
2446527.06968 44.38406
2446528.06973 48.34338
2446529.06977 45.60831
2446530.06982 52.94565
2446531.06986 63.01996
2446532.06991 82.16382
2446533.06996 67.78623
2446534.07000 83.36027
2446535.07005 97.47074
2446536.07009 96.76543
2446537.07014 84.92044
2446538.07018 87.65776
2446539.07023 96.15537
2446540.07027 89.65568
2446541.07032 104.49375
2446542.07037 74.57175
2446543.07041 71.36125
2446544.07046 81.16686
2446545.07050 72.76533
2446546.07055 56.29357
2446547.07059 56.16646
2446548.07064 39.55826
2446549.07069 46.35035
2446550.07073 37.96811
2446551.07078 33.56429
2446552.07082 26.31257
2446553.07087 27.61801
2446554.07091 19.04086
2446555.07096 15.03891
2446556.07100 15.30565
2446557.07105 12.93537
2446558.07110 13.09433
2446559.07114 15.27700
2446560.07119 14.67504
2446561.07123 15.11759
2446562.07128 18.79911
2446563.07132 26.43977
2446564.07137 29.16493
2446565.07142 40.34299
2446566.07146 45.64896
2446567.07151 56.44190
2446568.07155 61.93072
2446569.07160 66.41308
2446570.07164 72.35271
2446571.07169 71.54622
2446572.07173 77.73308
2446573.07178 72.16558
2446574.07183 101.10347
2446575.07187 70.42832
2446576.07192 99.11784
2446577.07196 86.66757
2446578.07201 73.99549
2446579.07205 108.73701
2446580.07210 93.42334
2446581.07215 97.45104
2446582.07219 98.35118
2446583.07224 69.09250
2446584.07228 72.43805
2446585.07233 54.89537
2446586.07237 56.78215
2446587.07242 64.44032
2446588.07247 50.36925
2446589.07251 41.77767
2446590.07256 40.00730
2446591.07260 27.43130
2446592.07265 28.35066
2446593.07269 25.96555
2446594.07274 24.45370
2446595.07278 18.11196
2446596.07283 14.71906
2446597.07288 17.19019
2446598.07292 15.82817
2446599.07297 18.96320
2446600.07301 19.43256
2446601.07306 23.51991
2446602.07310 26.95806
2446603.07315 28.66864
2446604.07320 36.94434
2446605.07324 38.44084
2446606.07329 48.54786
2446607.07333 56.18564
2446608.07338 62.58855
2446609.07342 69.29835
2446610.07347 78.31992
2446611.07351 86.08891
2446612.07356 88.93758
2446613.07361 89.20151
2446614.07365 111.49470
2446615.07370 97.65484
2446616.07374 100.24598
2446617.07379 103.31781
2446618.07383 87.14973
2446619.07388 96.86821
2446620.07393 88.16732
2446621.07397 94.27372
2446622.07402 95.70804
2446623.07406 78.52814
2446624.07411 79.58706
2446625.07415 64.88782
2446626.07420 57.03251
2446627.07424 63.29160
2446628.07429 53.76674
2446629.07434 46.42148
2446630.07438 42.11137
2446631.07443 35.94608
2446632.07447 29.24814
2446633.07452 22.68661
2446634.07456 24.48889
2446635.07461 22.01973
2446636.07466 21.34273
2446637.07470 20.04967
2446638.07475 21.77154
2446639.07479 24.79571
2446640.07484 23.76233
2446827.08337 66.62004
2446828.08342 48.09981
2446829.08346 51.88217
2446830.08351 39.60938
2446831.08355 48.25805
2446832.08360 43.58839
2446833.08365 38.88256
2446834.08369 40.81876
2446835.08374 42.86007
2446836.08378 44.85008
2446837.08383 40.65417
2446838.08387 55.90682
2446839.08392 52.01364
2446840.08396 69.97929
2446841.08401 68.95313
2446842.08406 69.72245
2446843.08410 66.39926
2446844.08415 82.04881
2446845.08419 96.92091
2446846.08424 101.15902
2446847.08428 104.86805
2446848.08433 110.65564
2446849.08438 126.74607
2446850.08442 128.18323
2446851.08447 137.16820
2446852.08451 153.06149
2446853.08456 110.41447
2446854.08460 109.47647
2446855.08465 118.09972
2446856.08469 135.43922
2446857.08474 106.62959
2446858.08479 120.63530
2446859.08483 118.34339
2446860.08488 99.78829
2446861.08492 90.83204
2446862.08497 73.94856
2446863.08501 94.99050
2446864.08506 83.90464
2446865.08511 84.61526
2446866.08515 86.28141
2446867.08520 47.74143
2446868.08524 65.44595
2446869.08529 50.42825
2446870.08533 52.15762
2446871.08538 50.30148
2446872.08542 45.74618
2446873.08547 45.93144
2446874.08552 54.32026
2446875.08556 66.03782
2446876.08561 47.79655
2446877.08565 57.34075
2446878.08570 63.11184
2446879.08574 65.44453
2446880.08579 69.51420
2446881.08584 84.04962
2446882.08588 96.13584
2446883.08593 84.19792
2446884.08597 94.97538
2446885.08602 104.26496
2446886.08606 103.75738
2446887.08611 109.81384
2446888.08615 112.23436
2446889.08620 118.48467
2446890.08625 135.28152
2446891.08629 122.90961
2446892.08634 115.93454
2446893.08638 146.55534
2446894.08643 136.21986
2446895.08647 142.17142
2446896.08652 111.65935
2446897.08657 116.64661
2446898.08661 104.96739
2446899.08666 92.24808
2446900.08670 104.06946
2446901.08675 92.65494
2446902.08679 96.80842
2446903.08684 89.67750
2446904.08689 73.05423
2446905.08693 81.16831
2446906.08698 69.33799
2446907.08702 65.52020
2446908.08707 62.61794
2446909.08711 62.12391
2446910.08716 52.87576
2446911.08720 63.01216
2446912.08725 54.25511
2446913.08730 54.41808
2446914.08734 60.72688
2446915.08739 60.81724
2446916.08743 56.05500
2446917.08748 57.17675
2446918.08752 66.66015
2446919.08757 92.34635
2446920.08762 70.80744
2446921.08766 87.02758
2446922.08771 108.44353
2446923.08775 84.20957
2446924.08780 91.60617
2446925.08784 113.85765
2446926.08789 128.89943
2446927.08793 120.78424
2446928.08798 122.96742
2446929.08803 134.97047
2446930.08807 129.38555
2446931.08812 138.52084
2446932.08816 133.62308
2446933.08821 126.52837
2446934.08825 138.69191
2446935.08830 124.67994
2446936.08835 111.43439
2446937.08839 137.10515
2446938.08844 128.61499
2446939.08848 126.70362
2446940.08853 115.40547
2446941.08857 109.25311
2446942.08862 106.33365
2446943.08866 87.75479
2446944.08871 69.11171
2446945.08876 76.27023
2446946.08880 74.51929
2446947.08885 69.40451
2446948.08889 63.15620
2446949.08894 67.49497
2446950.08898 62.29558
2446951.08903 45.81023
2446952.08908 71.41587
2446953.08912 61.97879
2446954.08917 62.03171
2446955.08921 76.92847
2446956.08926 68.77258
2446957.08930 74.42609
2446958.08935 72.54495
2446959.08939 89.36113
2446960.08944 99.13285
2446961.08949 106.90336
2446962.08953 77.01126
2446963.08958 98.61380
2446964.08962 117.91325
2446965.08967 123.44802
2446966.08971 111.73857
2446967.08976 154.95224
2446968.08981 124.27534
2446969.08985 154.64953
2446970.08990 155.00084
2446971.08994 150.47194
2446972.08999 141.28139
2446973.09003 153.68001
2446974.09008 122.64702
2446975.09013 150.56995
2446976.09017 135.52285
2446977.09022 99.87883
2446978.09026 104.75111
2446979.09031 113.51713
2446980.09035 103.00213
2446981.09040 111.17009
2446982.09044 105.99479
2446983.09049 102.76696
2446984.09054 88.35744
2446985.09058 77.61129
2446986.09063 69.52376
2446987.09067 71.72160
2446988.09072 83.75400
2446989.09076 68.37704
2446990.09081 60.81870
2446991.09086 64.41352
2446992.09090 60.03158
2446993.09095 59.09909
2446994.09099 74.65090
2446995.09104 65.34170
2446996.09108 68.46309
2446997.09113 78.89431
2446998.09117 110.67767
2446999.09122 92.28114
2447000.09127 104.67017
2447001.09131 102.83344
2447002.09136 94.42063
2447003.09140 133.83639
2447004.09145 142.87817
2447005.09149 134.67387
2447006.09154 166.79647
2447192.10003 80.51326
2447193.10007 104.38047
2447194.10012 104.43513
2447195.10016 128.64312
2447196.10021 118.40223
2447197.10026 120.44319
2447198.10030 149.42791
2447199.10035 127.18800
2447200.10039 166.22747
2447201.10044 130.71240
2447202.10048 137.17622
2447203.10053 153.23322
2447204.10057 151.64183
2447205.10062 158.77445
2447206.10067 164.54618
2447207.10071 207.12921
2447208.10076 168.80000
2447209.10080 188.08014
2447210.10085 196.39656
2447211.10089 172.85847
2447212.10094 178.91786
2447213.10099 169.69787
2447214.10103 153.12145
2447215.10108 138.79918
2447216.10112 138.42262
2447217.10117 132.07899
2447218.10121 126.62496
2447219.10126 115.85516
2447220.10131 119.51724
2447221.10135 122.53989
2447222.10140 105.48172
2447223.10144 103.20218
2447224.10149 100.28321
2447225.10153 91.17649
2447226.10158 98.18173
2447227.10162 82.09265
2447228.10167 98.39855
2447229.10172 88.67719
2447230.10176 109.40582
2447231.10181 109.85163
2447232.10185 105.29839
2447233.10190 112.90626
2447234.10194 110.25727
2447235.10199 112.22220
2447236.10204 140.50929
2447237.10208 152.55856
2447238.10213 163.95198
2447239.10217 148.93024
2447240.10222 187.04217
2447241.10226 154.47935
2447242.10231 174.10087
2447243.10235 150.21196
2447244.10240 188.11450
2447245.10245 165.16187
2447246.10249 178.58145
2447247.10254 149.57733
2447248.10258 196.06951
2447249.10263 150.72645
2447250.10267 190.87239
2447251.10272 188.20490
2447252.10277 160.80565
2447253.10281 161.05332
2447254.10286 142.25635
2447255.10290 146.85389
2447256.10295 132.58506
2447257.10299 144.33792
2447258.10304 123.42816
2447259.10308 125.19576
2447260.10313 109.38941
2447261.10318 107.14653
2447262.10322 112.54134
2447263.10327 112.63043
2447264.10331 96.77121
2447265.10336 82.29581
2447266.10340 98.19855
2447267.10345 112.15975
2447268.10350 107.21634
2447269.10354 112.21191
2447270.10359 93.97151
2447271.10363 98.56978
2447272.10368 129.57286
2447273.10372 121.54579
2447274.10377 112.79396
2447275.10381 141.19349
2447276.10386 128.83037
2447277.10391 179.42500
2447278.10395 127.47242
2447279.10400 150.92926
2447280.10404 187.69098
2447281.10409 184.38729
2447282.10413 175.76499
2447283.10418 180.25851
2447284.10423 193.86369
2447285.10427 166.42198
2447286.10432 153.10800
2447287.10436 185.11709
2447288.10441 176.17128
2447289.10445 205.22197
2447290.10450 140.97791
2447291.10455 178.29300
2447292.10459 154.17317
2447293.10464 148.92656
2447294.10468 192.61257
2447295.10473 170.94813
2447296.10477 154.20002
2447297.10482 141.56312
2447298.10486 124.40397
2447299.10491 116.48489
2447300.10496 105.23615
2447301.10500 117.30520
2447302.10505 119.61252
2447303.10509 102.39570
2447304.10514 99.00644
2447305.10518 87.74299
2447306.10523 94.92068
2447307.10528 121.85377
2447308.10532 83.01468
2447309.10537 97.85901
2447310.10541 127.48982
2447311.10546 124.77598
2447312.10550 125.43558
2447313.10555 135.10635
2447314.10559 123.26912
2447315.10564 141.74439
2447316.10569 144.75228
2447317.10573 133.38486
2447318.10578 182.93195
2447319.10582 192.76234
2447320.10587 154.54417
2447321.10591 190.72101
2447322.10596 188.04476
2447323.10601 192.90911
2447324.10605 184.63165
2447325.10610 178.51343
2447326.10614 203.80411
2447327.10619 206.95845
2447328.10623 200.04676
2447329.10628 192.60275
2447330.10632 208.21630
2447331.10637 163.08261
2447332.10642 170.93355
2447333.10646 152.39476
2447334.10651 174.69032
2447335.10655 155.01974
2447336.10660 146.30643
2447337.10664 145.92773
2447338.10669 156.71311
2447339.10674 143.26021
2447340.10678 106.48432
2447341.10683 137.59413
2447342.10687 123.99291
2447343.10692 118.23359
2447344.10696 113.33968
2447345.10701 121.08339
2447346.10705 118.75022
2447347.10710 105.07198
2447348.10715 117.88211
2447349.10719 111.43335
2447350.10724 133.15952
2447351.10728 146.11961
2447352.10733 132.24824
2447353.10737 116.89315
2447354.10742 120.74479
2447355.10747 123.62738
2447356.10751 159.71437
2447357.10756 151.67236
2447358.10760 171.73016
2447359.10765 176.14381
2447360.10769 180.68295
2447361.10774 182.60119
2447362.10778 199.78942
2447363.10783 198.69688
2447364.10788 178.59380
2447365.10792 183.09989
2447366.10797 201.41742
2447367.10801 233.66025
2447368.10806 189.58812
2447369.10810 182.39938
2447370.10815 185.64728
2447371.10820 185.68215
2447557.11668 190.25863
2447558.11673 257.05917
2447559.11677 248.00418
2447560.11682 217.44609
2447561.11687 186.95138
2447562.11691 160.89091
2447563.11696 183.05839
2447564.11700 199.65487
2447565.11705 212.00455
2447566.11709 175.87619
2447567.11714 187.94411
2447568.11719 191.64763
2447569.11723 172.29937
2447570.11728 173.19527
2447571.11732 168.15670
2447572.11737 147.32332
2447573.11741 161.14753
2447574.11746 148.39105
2447575.11750 140.94504
2447576.11755 132.01964
2447577.11760 127.63415
2447578.11764 111.10412
2447579.11769 123.09307
2447580.11773 121.17571
2447581.11778 131.03861
2447582.11782 119.75534
2447583.11787 115.14983
2447584.11792 137.57485
2447585.11796 124.48122
2447586.11801 127.80912
2447587.11805 152.05560
2447588.11810 127.76653
2447589.11814 155.98583
2447590.11819 165.86331
2447591.11823 160.47964
2447592.11828 167.05751
2447593.11833 156.35423
2447594.11837 167.78042
2447595.11842 183.93338
2447596.11846 184.42021
2447597.11851 201.35820
2447598.11855 226.27144
2447599.11860 197.93870
2447600.11865 222.65360
2447601.11869 188.32693
2447602.11874 206.20130
2447603.11878 194.41928
2447604.11883 180.81364
2447605.11887 228.57154
2447606.11892 205.50309
2447607.11897 191.99097
2447608.11901 186.55642
2447609.11906 202.47602
2447610.11910 171.63145
2447611.11915 215.11821
2447612.11919 138.95459
2447613.11924 132.72153
2447614.11928 142.27775
2447615.11933 152.73050
2447616.11938 132.71815
2447617.11942 129.01602
2447618.11947 135.99392
2447619.11951 116.13078
2447620.11956 127.30113
2447621.11960 139.22069
2447622.11965 133.33609
2447623.11970 110.99748
2447624.11974 125.96886
2447625.11979 147.80078
2447626.11983 113.95773
2447627.11988 154.40011
2447628.11992 159.86245
2447629.11997 149.74957
2447630.12001 155.19533
2447631.12006 156.80436
2447632.12011 165.09422
2447633.12015 171.14469
2447634.12020 188.76606
2447635.12024 200.75732
2447636.12029 199.76993
2447637.12033 186.94697
2447638.12038 208.94187
2447639.12043 215.55006
2447640.12047 216.31635
2447641.12052 187.01867
2447642.12056 199.62324
2447643.12061 217.01057
2447644.12065 216.68626
2447645.12070 191.52124
2447646.12074 198.68963
2447647.12079 197.72801
2447648.12084 190.92282
2447649.12088 143.15778
2447650.12093 153.29788
2447651.12097 174.14820
2447652.12102 162.82540
2447653.12106 130.94946
2447654.12111 147.39623
2447655.12116 148.11317
2447656.12120 119.86576
2447657.12125 122.35886
2447658.12129 127.32845
2447659.12134 129.18796
2447660.12138 124.68377
2447661.12143 137.76431
2447662.12147 141.78085
2447663.12152 122.93564
2447664.12157 140.65509
2447665.12161 161.24540
2447666.12166 127.63856
2447667.12170 169.45431
2447668.12175 168.77153
2447669.12179 149.75192
2447670.12184 204.51083
2447671.12189 176.34931
2447672.12193 191.30223
2447673.12198 192.06156
2447674.12202 201.11800
2447675.12207 204.95113
2447676.12211 211.74491
2447677.12216 219.62303
2447678.12220 208.16111
2447679.12225 209.22948
2447680.12230 207.77797
2447681.12234 189.48251
2447682.12239 196.37366
2447683.12243 198.56820
2447684.12248 215.21015
2447685.12252 190.57408
2447686.12257 196.44020
2447687.12262 166.15206
2447688.12266 202.85756
2447689.12271 183.28674
2447690.12275 148.08142
2447691.12280 127.56900
2447692.12284 156.57346
2447693.12289 132.47565
2447694.12294 112.94011
2447695.12298 131.58433
2447696.12303 129.48366
2447697.12307 113.68308
2447698.12312 141.57820
2447699.12316 140.66510
2447700.12321 124.84725
2447701.12325 131.71749
2447702.12330 135.79034
2447703.12335 136.76077
2447704.12339 133.56144
2447705.12344 123.35561
2447706.12348 146.33006
2447707.12353 138.95576
2447708.12357 152.88227
2447709.12362 145.04020
2447710.12367 173.22560
2447711.12371 170.31270
2447712.12376 213.43841
2447713.12380 178.32537
2447714.12385 216.21759
2447715.12389 202.94178
2447716.12394 236.60797
2447717.12398 222.40975
2447718.12403 201.91054
2447719.12408 211.13678
2447720.12412 199.31330
2447721.12417 226.25449
2447722.12421 212.83210
2447723.12426 208.17993
2447724.12430 193.78957
2447725.12435 189.55430
2447726.12440 196.09704
2447727.12444 203.52676
2447728.12449 148.76692
2447729.12453 164.56568
2447730.12458 162.96227
2447731.12462 145.65444
2447732.12467 135.87298
2447733.12471 173.88358
2447734.12476 131.20566
2447735.12481 96.77258
2447736.12485 167.16322
2447922.13334 181.06422
2447923.13339 165.97866
2447924.13343 175.50264
2447925.13348 186.79233
2447926.13352 197.50944
2447927.13357 175.83415
2447928.13361 163.61055
2447929.13366 138.50299
2447930.13370 154.97880
2447931.13375 142.28046
2447932.13380 130.20457
2447933.13384 144.42053
2447934.13389 121.54981
2447935.13393 139.80631
2447936.13398 139.20817
2447937.13402 133.33522
2447938.13407 101.27660
2447939.13412 139.34056
2447940.13416 154.81570
2447941.13421 125.16821
2447942.13425 178.78738
2447943.13430 121.95800
2447944.13434 158.09388
2447945.13439 167.94049
2447946.13443 169.22470
2447947.13448 182.54641
2447948.13453 174.81488
2447949.13457 179.34316
2447950.13462 189.64673
2447951.13466 156.45975
2447952.13471 184.90986
2447953.13475 198.03048
2447954.13480 209.93296
2447955.13485 245.17506
2447956.13489 198.61225
2447957.13494 167.31427
2447958.13498 175.66995
2447959.13503 181.19099
2447960.13507 217.73375
2447961.13512 183.85879
2447962.13516 181.95423
2447963.13521 159.43697
2447964.13526 159.69185
2447965.13530 162.20580
2447966.13535 153.03648
2447967.13539 133.81861
2447968.13544 139.28482
2447969.13548 138.74288
2447970.13553 131.97092
2447971.13558 126.30398
2447972.13562 136.39267
2447973.13567 119.18533
2447974.13571 121.81875
2447975.13576 126.56104
2447976.13580 120.90895
2447977.13585 115.43652
2447978.13589 124.50966
2447979.13594 116.33180
2447980.13599 146.50497
2447981.13603 113.54933
2447982.13608 157.50525
2447983.13612 129.31982
2447984.13617 171.97227
2447985.13621 154.98559
2447986.13626 149.76654
2447987.13631 177.16996
2447988.13635 178.50420
2447989.13640 180.44391
2447990.13644 164.87044
2447991.13649 184.25078
2447992.13653 167.26696
2447993.13658 199.78698
2447994.13662 215.20704
2447995.13667 227.85209
2447996.13672 220.16194
2447997.13676 192.97546
2447998.13681 198.04044
2447999.13685 233.29712
2448000.13690 180.65025
2448001.13694 146.80920
2448002.13699 178.77387
2448003.13704 168.60861
2448004.13708 143.71738
2448005.13713 144.93422
2448006.13717 137.62804
2448007.13722 162.99603
2448008.13726 133.00357
2448009.13731 130.41165
2448010.13736 124.37269
2448011.13740 108.62495
2448012.13745 104.61060
2448013.13749 118.27676
2448014.13754 107.27312
2448015.13758 95.37589
2448016.13763 118.01779
2448017.13767 122.68010
2448018.13772 122.79766
2448019.13777 113.52875
2448020.13781 141.50970
2448021.13786 133.93271
2448022.13790 145.85567
2448023.13795 127.77643
2448024.13799 159.61878
2448025.13804 188.14874
2448026.13809 166.71284
2448027.13813 175.93876
2448028.13818 191.20747
2448029.13822 165.53669
2448030.13827 200.71991
2448031.13831 157.24729
2448032.13836 186.64175
2448033.13840 200.22045
2448034.13845 221.59679
2448035.13850 202.22684
2448036.13854 166.88433
2448037.13859 189.75664
2448038.13863 176.91448
2448039.13868 187.44265
2448040.13872 180.93855
2448041.13877 156.27263
2448042.13882 164.14170
2448043.13886 157.87137
2448044.13891 163.21665
2448045.13895 167.20001
2448046.13900 123.79963
2448047.13904 121.67233
2448048.13909 129.05728
2448049.13913 110.32430
2448050.13918 116.87175
2448051.13923 123.86402
2448052.13927 116.23785
2448053.13932 120.76228
2448054.13936 88.73433
2448055.13941 122.39068
2448056.13945 94.57077
2448057.13950 106.31623
2448058.13955 107.55366
2448059.13959 133.28031
2448060.13964 123.41806
2448061.13968 126.75405
2448062.13973 128.14865
2448063.13977 145.54254
2448064.13982 171.16575
2448065.13986 183.51308
2448066.13991 146.66874
2448067.13996 148.23245
2448068.14000 168.45418
2448069.14005 211.35787
2448070.14009 211.84711
2448071.14014 200.52459
2448072.14018 208.42203
2448073.14023 192.05758
2448074.14028 188.68127
2448075.14032 218.83961
2448076.14037 215.82623
2448077.14041 170.01665
2448078.14046 185.59060
2448079.14050 187.44817
2448080.14055 167.62384
2448081.14060 146.45684
2448082.14064 145.81072
2448083.14069 133.99992
2448084.14073 150.30002
2448085.14078 137.00400
2448086.14082 143.84821
2448087.14087 121.07001
2448088.14091 102.03716
2448089.14096 117.96001
2448090.14101 88.84719
2448091.14105 114.31449
2448092.14110 106.10060
2448093.14114 131.13128
2448094.14119 98.75686
2448095.14123 115.50897
2448096.14128 93.62254
2448097.14133 117.94091
2448098.14137 113.56926
2448099.14142 127.90228
2448100.14146 124.34974
2448101.14151 136.64921
2448288.15004 72.78591
2448289.15009 91.88060
2448290.15013 81.93891
2448291.15018 99.65184
2448292.15022 89.15040
2448293.15027 108.70617
2448294.15031 94.67738
2448295.15036 101.07043
2448296.15041 104.39003
2448297.15045 117.74079
2448298.15050 119.94194
2448299.15054 123.40680
2448300.15059 107.55652
2448301.15063 145.81559
2448302.15068 141.68256
2448303.15073 134.64791
2448304.15077 177.40341
2448305.15082 136.97030
2448306.15086 173.46735
2448307.15091 178.74933
2448308.15095 160.56878
2448309.15100 178.55723
2448310.15104 152.07274
2448311.15109 157.60717
2448312.15114 164.52981
2448313.15118 172.29630
2448314.15123 149.89404
2448315.15127 160.32215
2448316.15132 143.10963
2448317.15136 125.19634
2448318.15141 99.44774
2448319.15146 103.74588
2448320.15150 79.20328
2448321.15155 116.54813
2448322.15159 105.96565
2448323.15164 82.73037
2448324.15168 75.61699
2448325.15173 87.16140
2448326.15178 91.20651
2448327.15182 76.30267
2448328.15187 75.51617
2448329.15191 71.65714
2448330.15196 79.20376
2448331.15200 78.77198
2448332.15205 78.62826
2448333.15209 88.44290
2448334.15214 83.53541
2448335.15219 94.49200
2448336.15223 90.89680
2448337.15228 99.98937
2448338.15232 94.83520
2448339.15237 116.91459
2448340.15241 146.30325
2448341.15246 145.83036
2448342.15251 129.01839
2448343.15255 124.92125
2448344.15260 151.41883
2448345.15264 144.12761
2448346.15269 149.79136
2448347.15273 114.74047
2448348.15278 140.52642
2448349.15282 127.83618
2448350.15287 172.51452
2448351.15292 167.98941
2448352.15296 170.57243
2448353.15301 167.98547
2448354.15305 141.82495
2448355.15310 132.73919
2448356.15314 144.01546
2448357.15319 124.56347
2448358.15324 137.22582
2448359.15328 107.01718
2448360.15333 105.89460
2448361.15337 101.78680
2448362.15342 104.20724
2448363.15346 101.99887
2448364.15351 99.49165
2448365.15355 81.41862
2448366.15360 67.35394
2448367.15365 70.49958
2448368.15369 75.28748
2448369.15374 67.15440
2448370.15378 77.99528
2448371.15383 92.54252
2448372.15387 81.96525
2448373.15392 81.49673
2448374.15397 61.53199
2448375.15401 90.79007
2448376.15406 108.45129
2448377.15410 98.76528
2448378.15415 103.90487
2448379.15419 130.55716
2448380.15424 125.55547
2448381.15428 113.93047
2448382.15433 140.18756
2448383.15438 151.63684
2448384.15442 142.74989
2448385.15447 162.70398
2448386.15451 130.45458
2448387.15456 177.40834
2448388.15460 166.14809
2448389.15465 155.66560
2448390.15470 154.08829
2448391.15474 156.55941
2448392.15479 169.98434
2448393.15483 156.36693
2448394.15488 113.97592
2448395.15492 114.52715
2448396.15497 120.42833
2448397.15502 104.38589
2448398.15506 94.90031
2448399.15511 116.59151
2448400.15515 107.05999
2448401.15520 81.16783
2448402.15524 86.19072
2448403.15529 78.94243
2448404.15533 93.02902
2448405.15538 66.51885
2448406.15543 65.93095
2448407.15547 64.99993
2448408.15552 69.19353
2448409.15556 68.77717
2448410.15561 66.95345
2448411.15565 78.81651
2448412.15570 87.25689
2448413.15575 88.39296
2448414.15579 96.08322
2448415.15584 79.50409
2448416.15588 85.13246
2448417.15593 107.02830
2448418.15597 114.88028
2448419.15602 126.59382
2448420.15606 117.54399
2448421.15611 136.27524
2448422.15616 140.34827
2448423.15620 151.03508
2448424.15625 117.32871
2448425.15629 113.35060
2448426.15634 130.75336
2448427.15638 165.74690
2448428.15643 132.37340
2448429.15648 137.78707
2448430.15652 164.29130
2448431.15657 138.96205
2448432.15661 132.38707
2448433.15666 109.12024
2448434.15670 119.56994
2448435.15675 122.45212
2448436.15679 121.89648
2448437.15684 107.44944
2448438.15689 100.20867
2448439.15693 77.16151
2448440.15698 82.50661
2448441.15702 84.20362
2448442.15707 71.53209
2448443.15711 75.73146
2448444.15716 59.61945
2448445.15721 68.20550
2448446.15725 70.05302
2448447.15730 53.76348
2448448.15734 61.40712
2448449.15739 58.62516
2448450.15743 61.32358
2448451.15748 73.08187
2448452.15752 73.68709
2448453.15757 82.68389
2448454.15762 80.18770
2448455.15766 82.86023
2448456.15771 105.90931
2448457.15775 102.60864
2448458.15780 99.36704
2448459.15784 112.63016
2448460.15789 108.77513
2448461.15794 128.60944
2448462.15798 136.84311
2448463.15803 157.79676
2448464.15807 140.66257
2448465.15812 156.19421
2448466.15816 163.06246
2448467.15821 164.82753
2448653.16670 71.78331
2448654.16674 79.00849
2448655.16679 73.89070
2448656.16683 89.84492
2448657.16688 86.01209
2448658.16693 125.24647
2448659.16697 114.71440
2448660.16702 127.55506
2448661.16706 115.87793
2448662.16711 90.73790
2448663.16715 112.52540
2448664.16720 125.65509
2448665.16724 141.90832
2448666.16729 125.84107
2448667.16734 135.39402
2448668.16738 108.00434
2448669.16743 94.59212
2448670.16747 93.26148
2448671.16752 84.18337
2448672.16756 85.98888
2448673.16761 84.40694
2448674.16766 62.69310
2448675.16770 68.62547
2448676.16775 58.19956
2448677.16779 55.53616
2448678.16784 35.81232
2448679.16788 38.32332
2448680.16793 38.22250
2448681.16797 38.83185
2448682.16802 33.58173
2448683.16807 32.93536
2448684.16811 31.51994
2448685.16816 43.07957
2448686.16820 29.54789
2448687.16825 38.27947
2448688.16829 46.61788
2448689.16834 51.02162
2448690.16839 59.24878
2448691.16843 48.36686
2448692.16848 69.46070
2448693.16852 77.67357
2448694.16857 87.05339
2448695.16861 89.80277
2448696.16866 93.96270
2448697.16870 99.29068
2448698.16875 125.92456
2448699.16880 104.83194
2448700.16884 108.06807
2448701.16889 97.17715
2448702.16893 121.72844
2448703.16898 126.53703
2448704.16902 111.77305
2448705.16907 108.77931
2448706.16912 111.18225
2448707.16916 84.15221
2448708.16921 104.60318
2448709.16925 80.50632
2448710.16930 79.76951
2448711.16934 79.24440
2448712.16939 90.49296
2448713.16944 65.35163
2448714.16948 57.47583
2448715.16953 52.89673
2448716.16957 45.31701
2448717.16962 48.87928
2448718.16966 38.46473
2448719.16971 39.02927
2448720.16975 37.73994
2448721.16980 29.26467
2448722.16985 28.57016
2448723.16989 28.06589
2448724.16994 30.02976
2448725.16998 33.97672
2448726.17003 34.01104
2448727.17007 33.58030
2448728.17012 42.47903
2448729.17017 39.13536
2448730.17021 47.95761
2448731.17026 60.38840
2448732.17030 67.40307
2448733.17035 72.07014
2448734.17039 74.70907
2448735.17044 85.86187
2448736.17048 102.92944
2448737.17053 106.10402
2448738.17058 99.01001
2448739.17062 106.95281
2448740.17067 100.79544
2448741.17071 98.84498
2448742.17076 102.95736
2448743.17080 97.65989
2448744.17085 101.12480
2448745.17090 102.34947
2448746.17094 92.56765
2448747.17099 86.94885
2448748.17103 104.99002
2448749.17108 79.34222
2448750.17112 61.42405
2448751.17117 84.95473
2448752.17121 71.58522
2448753.17126 57.15654
2448754.17131 52.39726
2448755.17135 43.13340
2448756.17140 47.55179
2448757.17144 32.73232
2448758.17149 32.25541
2448759.17153 27.66470
2448760.17158 29.60027
2448761.17163 24.68292
2448762.17167 23.94323
2448763.17172 26.74239
2448764.17176 19.72024
2448765.17181 28.93625
2448766.17185 33.11471
2448767.17190 37.16116
2448768.17194 38.13830
2448769.17199 43.05847
2448770.17204 57.63739
2448771.17208 50.95761
2448772.17213 65.39826
2448773.17217 69.52153
2448774.17222 73.39869
2448775.17226 88.87397
2448776.17231 91.32925
2448777.17236 97.87543
2448778.17240 91.82973
2448779.17245 88.72546
2448780.17249 105.21169
2448781.17254 118.17837
2448782.17258 118.99584
2448783.17263 112.41184
2448784.17268 101.76442
2448785.17272 107.76784
2448786.17277 74.84215
2448787.17281 99.84568
2448788.17286 96.63761
2448789.17290 82.87171
2448790.17295 68.52964
2448791.17299 60.55703
2448792.17304 51.69127
2448793.17309 50.26812
2448794.17313 52.32677
2448795.17318 34.12571
2448796.17322 44.81926
2448797.17327 25.82661
2448798.17331 25.54482
2448799.17336 22.16938
2448800.17341 22.87127
2448801.17345 17.91809
2448802.17350 22.72581
2448803.17354 20.59872
2448804.17359 26.46706
2448805.17363 25.91873
2448806.17368 33.99727
2448807.17372 30.26573
2448808.17377 40.97559
2448809.17382 48.59782
2448810.17386 56.22713
2448811.17391 56.65924
2448812.17395 66.58913
2448813.17400 85.86194
2448814.17404 77.45465
2448815.17409 80.37050
2448816.17414 89.28115
2448817.17418 90.24372
2448818.17423 94.80053
2448819.17427 119.07594
2448820.17432 105.97441
2448821.17436 126.97011
2448822.17441 86.70720
2448823.17445 89.85017
2448824.17450 81.16571
2448825.17455 82.68525
2448826.17459 81.57910
2448827.17464 82.21321
2448828.17468 77.70795
2448829.17473 66.16641
2448830.17477 52.66386
2448831.17482 60.61912
2448832.17487 58.61046
2449018.18335 87.69720
2449019.18340 87.92583
2449020.18344 68.62232
2449021.18349 91.78565
2449022.18354 84.62682
2449023.18358 74.50651
2449024.18363 67.34430
2449025.18367 56.65776
2449026.18372 56.28347
2449027.18376 43.77886
2449028.18381 36.76643
2449029.18386 31.28030
2449030.18390 29.13314
2449031.18395 23.21956
2449032.18399 19.28234
2449033.18404 15.02380
2449034.18408 10.03371
2449035.18413 6.61046
2449036.18417 4.88868
2449037.18422 3.58781
2449038.18427 3.44525
2449039.18431 5.11465
2449040.18436 5.83647
2449041.18440 10.41610
2449042.18445 12.96365
2449043.18449 20.37389
2449044.18454 25.91165
2449045.18459 29.60710
2449046.18463 35.86133
2449047.18468 46.19997
2449048.18472 48.15614
2449049.18477 50.99646
2449050.18481 66.44048
2449051.18486 81.88157
2449052.18490 80.67554
2449053.18495 70.30876
2449054.18500 87.86492
2449055.18504 78.50932
2449056.18509 83.32194
2449057.18513 78.03687
2449058.18518 78.24069
2449059.18522 80.01495
2449060.18527 69.71190
2449061.18532 81.41150
2449062.18536 78.27545
2449063.18541 71.23610
2449064.18545 64.18060
2449065.18550 59.71316
2449066.18554 52.29476
2449067.18559 50.98143
2449068.18563 37.62211
2449069.18568 30.66157
2449070.18573 20.93470
2449071.18577 18.92918
2449072.18582 13.14936
2449073.18586 8.06271
2449074.18591 6.16557
2449075.18595 4.24495
2449076.18600 2.96869
2449077.18605 1.99498
2449078.18609 3.32899
2449079.18614 4.89372
2449080.18618 7.24304
2449081.18623 11.29916
2449082.18627 17.23931
2449083.18632 23.60687
2449084.18636 29.57480
2449085.18641 29.02588
2449086.18646 41.67288
2449087.18650 42.18128
2449088.18655 54.63873
2449089.18659 57.82701
2449090.18664 60.01156
2449091.18668 70.92168
2449092.18673 69.91577
2449093.18678 80.58251
2449094.18682 80.05714
2449095.18687 101.68767
2449096.18691 80.32000
2449097.18696 98.67654
2449098.18700 79.06112
2449099.18705 76.47479
2449100.18710 75.96977
2449101.18714 76.25239
2449102.18719 55.72106
2449103.18723 63.96459
2449104.18728 64.00858
2449105.18732 48.40769
2449106.18737 47.47603
2449107.18741 38.03376
2449108.18746 26.56693
2449109.18751 28.55852
2449110.18755 18.68447
2449111.18760 12.28082
2449112.18764 8.09092
2449113.18769 5.96737
2449114.18773 3.66676
2449115.18778 1.54009
2449116.18783 1.41549
2449117.18787 1.64414
2449118.18792 3.57334
2449119.18796 5.73131
2449120.18801 9.48954
2449121.18805 13.29289
2449122.18810 22.94130
2449123.18814 21.71538
2449124.18819 30.37431
2449125.18824 32.81733
2449126.18828 45.87401
2449127.18833 56.97682
2449128.18837 58.59018
2449129.18842 62.69128
2449130.18846 62.01246
2449131.18851 68.03617
2449132.18856 80.60841
2449133.18860 103.22003
2449134.18865 83.74803
2449135.18869 67.45416
2449136.18874 72.77301
2449137.18878 81.67886
2449138.18883 90.44739
2449139.18887 71.25090
2449140.18892 73.85570
2449141.18897 76.07452
2449142.18901 73.31363
2449143.18906 54.17107
2449144.18910 51.64819
2449145.18915 43.98852
2449146.18919 43.95527
2449147.18924 36.63141
2449148.18929 30.65314
2449149.18933 18.66109
2449150.18938 17.10011
2449151.18942 10.11269
2449152.18947 7.04072
2449153.18951 4.01993
2449154.18956 1.93095
2449155.18960 0.93449
2449156.18965 0.86678
2449157.18970 1.78819
2449158.18974 3.89120
2449159.18979 7.53885
2449160.18983 10.63724
2449161.18988 15.70658
2449162.18992 22.58267
2449163.18997 28.33514
2449164.19002 36.80968
2449165.19006 40.39942
2449166.19011 39.77546
2449167.19015 50.60700
2449168.19020 59.98749
2449169.19024 59.41080
2449170.19029 71.38987
2449171.19033 70.19153
2449172.19038 71.12472
2449173.19043 81.86903
2449174.19047 80.74137
2449175.19052 85.13860
2449176.19056 75.65665
2449177.19061 89.88994
2449178.19065 96.41427
2449179.19070 74.43435
2449180.19075 62.66852
2449181.19079 50.35905
2449182.19084 45.02980
2449183.19088 53.04393
2449184.19093 47.18705
2449185.19097 46.13419
2449186.19102 39.02894
2449187.19107 28.36304
2449188.19111 26.61866
2449189.19116 17.17326
2449190.19120 14.91537
2449191.19125 7.67110
2449192.19129 3.77309
2449193.19134 2.93109
2449194.19138 0.89873
2449195.19143 0.86149
2449196.19148 1.90559
2449197.19152 3.43683
2449383.20001 39.55626
2449384.20005 39.82483
2449385.20010 26.21876
2449386.20015 23.06869
2449387.20019 20.05057
2449388.20024 12.06309
2449389.20028 10.48776
2449390.20033 9.38465
2449391.20037 7.30194
2449392.20042 7.41121
2449393.20047 8.46735
2449394.20051 9.39193
2449395.20056 14.48545
2449396.20060 14.28350
2449397.20065 22.17749
2449398.20069 24.16404
2449399.20074 35.91688
2449400.20078 42.93997
2449401.20083 49.66805
2449402.20088 51.87164
2449403.20092 66.03450
2449404.20097 66.67325
2449405.20101 94.73741
2449406.20106 79.42365
2449407.20110 84.84334
2449408.20115 85.13290
2449409.20120 88.49689
2449410.20124 78.38488
2449411.20129 96.68006
2449412.20133 80.16082
2449413.20138 92.22494
2449414.20142 97.10178
2449415.20147 80.57405
2449416.20152 75.58614
2449417.20156 73.10300
2449418.20161 69.54586
2449419.20165 69.48772
2449420.20170 48.20168
2449421.20174 53.67412
2449422.20179 54.96023
2449423.20183 45.46642
2449424.20188 36.44500
2449425.20193 27.44065
2449426.20197 24.21156
2449427.20202 18.38932
2449428.20206 13.21762
2449429.20211 13.47083
2449430.20215 10.06901
2449431.20220 9.11825
2449432.20225 11.75302
2449433.20229 12.22760
2449434.20234 16.14168
2449435.20238 16.55405
2449436.20243 27.75295
2449437.20247 27.56789
2449438.20252 37.53014
2449439.20256 39.78236
2449440.20261 44.38869
2449441.20266 51.32817
2449442.20270 60.34725
2449443.20275 69.35318
2449444.20279 75.62630
2449445.20284 81.36019
2449446.20288 101.55610
2449447.20293 86.37377
2449448.20298 91.29938
2449449.20302 86.39141
2449450.20307 105.66048
2449451.20311 87.40696
2449452.20316 72.52725
2449453.20320 83.87693
2449454.20325 88.17870
2449455.20329 82.08841
2449456.20334 72.46372
2449457.20339 66.38142
2449458.20343 57.26624
2449459.20348 67.03992
2449460.20352 59.02593
2449461.20357 53.80601
2449462.20361 47.57121
2449463.20366 43.46070
2449464.20371 34.99841
2449465.20375 27.02748
2449466.20380 26.30565
2449467.20384 15.70307
2449468.20389 18.58457
2449469.20393 18.15427
2449470.20398 12.47791
2449471.20402 11.87324
2449472.20407 15.24687
2449473.20412 16.61993
2449474.20416 20.06959
2449475.20421 22.19220
2449476.20425 32.31030
2449477.20430 44.46140
2449478.20434 40.44407
2449479.20439 46.91527
2449480.20444 47.80021
2449481.20448 57.86156
2449482.20453 67.04076
2449483.20457 71.98613
2449484.20462 85.38030
2449485.20466 94.81509
2449486.20471 83.51607
2449487.20475 90.52645
2449488.20480 104.83643
2449489.20485 98.86981
2449490.20489 96.73192
2449491.20494 87.28132
2449492.20498 95.62926
2449493.20503 99.89018
2449494.20507 81.61476
2449495.20512 82.55181
2449496.20517 85.50499
2449497.20521 73.96086
2449498.20526 69.71471
2449499.20530 53.72837
2449500.20535 55.13731
2449501.20539 52.39856
2449502.20544 46.92189
2449503.20549 35.46150
2449504.20553 32.15920
2449505.20558 22.44154
2449506.20562 22.40909
2449507.20567 20.62030
2449508.20571 16.43901
2449509.20576 16.27061
2449510.20580 15.53485
2449511.20585 20.07895
2449512.20590 20.49098
2449513.20594 24.61948
2449514.20599 29.95107
2449515.20603 34.15293
2449516.20608 39.18996
2449517.20612 42.88657
2449518.20617 44.88091
2449519.20622 54.76349
2449520.20626 64.35734
2449521.20631 83.91447
2449522.20635 72.11026
2449523.20640 79.75914
2449524.20644 98.92545
2449525.20649 99.10473
2449526.20653 83.23836
2449527.20658 97.78326
2449528.20663 93.54868
2449529.20667 105.82236
2449530.20672 82.96432
2449531.20676 104.73902
2449532.20681 82.89283
2449533.20685 104.24712
2449534.20690 85.54415
2449535.20695 83.98710
2449536.20699 87.83142
2449537.20704 73.36160
2449538.20708 54.46222
2449539.20713 54.14428
2449540.20717 45.73497
2449541.20722 47.90812
2449542.20726 44.34230
2449543.20731 36.66010
2449544.20736 29.47723
2449545.20740 33.64272
2449546.20745 25.46993
2449547.20749 22.14674
2449548.20754 26.00221
2449549.20758 22.09087
2449550.20763 18.16636
2449551.20768 25.23100
2449552.20772 22.60767
2449553.20777 27.04728
2449554.20781 35.23571
2449555.20786 36.50703
2449556.20790 57.13209
2449557.20795 55.93406
2449558.20799 56.77811
2449559.20804 60.77308
2449560.20809 77.34110
2449561.20813 69.07452
2449562.20818 84.05485
2449749.21671 46.63104
2449750.21676 57.89783
2449751.21680 57.20854
2449752.21685 66.26290
2449753.21689 67.23311
2449754.21694 69.82939
2449755.21698 73.37693
2449756.21703 90.47797
2449757.21708 96.23972
2449758.21712 100.99528
2449759.21717 106.14942
2449760.21721 121.15906
2449761.21726 109.49323
2449762.21730 118.19128
2449763.21735 107.67247
2449764.21740 149.20162
2449765.21744 145.26240
2449766.21749 103.90373
2449767.21753 142.51539
2449768.21758 126.36209
2449769.21762 120.22898
2449770.21767 123.59712
2449771.21771 111.22328
2449772.21776 122.17382
2449773.21781 93.45063
2449774.21785 113.67990
2449775.21790 84.20408
2449776.21794 75.34905
2449777.21799 85.18761
2449778.21803 70.89205
2449779.21808 71.10757
2449780.21813 56.09503
2449781.21817 59.26603
2449782.21822 49.60294
2449783.21826 49.72198
2449784.21831 48.49445
2449785.21835 45.96887
2449786.21840 45.10791
2449787.21844 53.33992
2449788.21849 48.00022
2449789.21854 53.14071
2449790.21858 68.46345
2449791.21863 60.92357
2449792.21867 68.77485
2449793.21872 82.99196
2449794.21876 89.95788
2449795.21881 88.26050
2449796.21886 106.73240
2449797.21890 114.05670
2449798.21895 102.97765
2449799.21899 123.30346
2449800.21904 144.49445
2449801.21908 104.65284
2449802.21913 106.36942
2449803.21917 119.94985
2449804.21922 113.85475
2449805.21927 122.09720
2449806.21931 160.32108
2449807.21936 111.82363
2449808.21940 126.31317
2449809.21945 119.18026
2449810.21949 109.15230
2449811.21954 113.49405
2449812.21959 113.59934
2449813.21963 105.56652
2449814.21968 88.38062
2449815.21972 94.36733
2449816.21977 86.65155
2449817.21981 74.36441
2449818.21986 72.98175
2449819.21991 68.24507
2449820.21995 65.04713
2449821.22000 50.97284
2449822.22004 60.08547
2449823.22009 62.31832
2449824.22013 57.95470
2449825.22018 59.95623
2449826.22022 52.29120
2449827.22027 68.60564
2449828.22032 57.32906
2449829.22036 67.67864
2449830.22041 78.99713
2449831.22045 69.14885
2449832.22050 79.75921
2449833.22054 72.65702
2449834.22059 100.01069
2449835.22064 96.81214
2449836.22068 114.72063
2449837.22073 93.16303
2449838.22077 131.85454
2449839.22082 140.66293
2449840.22086 142.68423
2449841.22091 120.93541
2449842.22095 152.83409
2449843.22100 147.57980
2449844.22105 135.49725
2449845.22109 148.24944
2449846.22114 172.26428
2449847.22118 113.62863
2449848.22123 132.03225
2449849.22127 139.61441
2449850.22132 126.82828
2449851.22137 118.05659
2449852.22141 103.46166
2449853.22146 89.77744
2449854.22150 84.40053
2449855.22155 86.08197
2449856.22159 81.35273
2449857.22164 73.00544
2449858.22168 83.01457
2449859.22173 57.37623
2449860.22178 71.03784
2449861.22182 53.59701
2449862.22187 59.96792
2449863.22191 54.96967
2449864.22196 65.50280
2449865.22200 60.37309
2449866.22205 61.69746
2449867.22210 49.72711
2449868.22214 73.71902
2449869.22219 60.23047
2449870.22223 74.01034
2449871.22228 80.00066
2449872.22232 67.43356
2449873.22237 86.89222
2449874.22241 114.79645
2449875.22246 103.41019
2449876.22251 140.80486
2449877.22255 112.64862
2449878.22260 115.21180
2449879.22264 110.00553
2449880.22269 147.91646
2449881.22273 163.67018
2449882.22278 137.55653
2449883.22283 158.78391
2449884.22287 157.83153
2449885.22292 121.78576
2449886.22296 131.96490
2449887.22301 131.47333
2449888.22305 120.83424
2449889.22310 153.28943
2449890.22315 137.93347
2449891.22319 99.44906
2449892.22324 112.23678
2449893.22328 114.85959
2449894.22333 85.50366
2449895.22337 94.38274
2449896.22342 84.74566
2449897.22346 98.07329
2449898.22351 70.77756
2449899.22356 83.11753
2449900.22360 52.09565
2449901.22365 74.48094
2449902.22369 69.40638
2449903.22374 63.48622
2449904.22378 61.83979
2449905.22383 68.13080
2449906.22388 60.34229
2449907.22392 73.85606
2449908.22397 86.19246
2449909.22401 86.99147
2449910.22406 83.78330
2449911.22410 91.05619
2449912.22415 85.99573
2449913.22419 126.04565
2449914.22424 92.79918
2449915.22429 121.34059
2449916.22433 135.46612
2449917.22438 114.15347
2449918.22442 154.84609
2449919.22447 143.99495
2449920.22451 118.86242
2449921.22456 145.00979
2449922.22461 161.23377
2449923.22465 147.16120
2449924.22470 160.67166
2449925.22474 137.03403
2449926.22479 144.63059
2449927.22483 142.86961
2449928.22488 124.51031
2450114.23337 167.50621
2450115.23341 156.94968
2450116.23346 214.54440
2450117.23350 177.83559
2450118.23355 192.81467
2450119.23359 155.14653
2450120.23364 206.60313
2450121.23369 170.60842
2450122.23373 210.37607
2450123.23378 209.23087
2450124.23382 151.57687
2450125.23387 173.58102
2450126.23391 158.29359
2450127.23396 151.50591
2450128.23401 146.68340
2450129.23405 171.44469
2450130.23410 136.45891
2450131.23414 125.57241
2450132.23419 130.46810
2450133.23423 98.70100
2450134.23428 122.17228
2450135.23433 103.48282
2450136.23437 109.27863
2450137.23442 95.87426
2450138.23446 86.09256
2450139.23451 101.71555
2450140.23455 88.69117
2450141.23460 100.62618
2450142.23464 88.56753
2450143.23469 107.99187
2450144.23474 102.60155
2450145.23478 87.74320
2450146.23483 114.04971
2450147.23487 94.93408
2450148.23492 133.53535
2450149.23496 150.80272
2450150.23501 146.88898
2450151.23506 159.26505
2450152.23510 132.38413
2450153.23515 158.25053
2450154.23519 178.97682
2450155.23524 141.67488
2450156.23528 153.63104
2450157.23533 170.30545
2450158.23537 189.81951
2450159.23542 200.38174
2450160.23547 182.21475
2450161.23551 165.12464
2450162.23556 200.33929
2450163.23560 189.96075
2450164.23565 172.56473
2450165.23569 159.63832
2450166.23574 164.11874
2450167.23579 140.50828
2450168.23583 131.66673
2450169.23588 124.03156
2450170.23592 114.37219
2450171.23597 153.75205
2450172.23601 166.24567
2450173.23606 113.64050
2450174.23610 110.97935
2450175.23615 121.72707
2450176.23620 123.46559
2450177.23624 112.94908
2450178.23629 105.22260
2450179.23633 112.42810
2450180.23638 115.06045
2450181.23642 105.51583
2450182.23647 86.46316
2450183.23652 118.10098
2450184.23656 115.17662
2450185.23661 120.26948
2450186.23665 139.69980
2450187.23670 130.92317
2450188.23674 135.80249
2450189.23679 177.30400
2450190.23683 163.82357
2450191.23688 156.57381
2450192.23693 175.09854
2450193.23697 168.51784
2450194.23702 171.16673
2450195.23706 155.16886
2450196.23711 235.08875
2450197.23715 204.59748
2450198.23720 228.01949
2450199.23725 191.50526
2450200.23729 173.80739
2450201.23734 189.35200
2450202.23738 198.12588
2450203.23743 165.95107
2450204.23747 173.96057
2450205.23752 157.00554
2450206.23757 147.00615
2450207.23761 173.01403
2450208.23766 151.73541
2450209.23770 139.93737
2450210.23775 107.49556
2450211.23779 126.76090
2450212.23784 124.47179
2450213.23788 122.69707
2450214.23793 106.08876
2450215.23798 87.36678
2450216.23802 105.78598
2450217.23807 128.16005
2450218.23811 121.33330
2450219.23816 105.63516
2450220.23820 100.56470
2450221.23825 104.94056
2450222.23830 123.16894
2450223.23834 119.03733
2450224.23839 118.69073
2450225.23843 121.09164
2450226.23848 119.33086
2450227.23852 123.97967
2450228.23857 148.76564
2450229.23861 163.64571
2450230.23866 137.54495
2450231.23871 169.91026
2450232.23875 167.80042
2450233.23880 192.44587
2450234.23884 189.68931
2450235.23889 198.76010
2450236.23893 177.60744
2450237.23898 188.04963
2450238.23903 171.31472
2450239.23907 229.19540
2450240.23912 167.35155
2450241.23916 170.36145
2450242.23921 181.40531
2450243.23925 207.00694
2450244.23930 178.15874
2450245.23934 173.03229
2450246.23939 154.05695
2450247.23944 158.22939
2450248.23948 143.73261
2450249.23953 159.30420
2450250.23957 101.18772
2450251.23962 118.70603
2450252.23966 138.92020
2450253.23971 108.52144
2450254.23976 129.68475
2450255.23980 108.37214
2450256.23985 93.17200
2450257.23989 105.21348
2450258.23994 113.77937
2450259.23998 105.90859
2450260.24003 134.01596
2450261.24007 118.05852
2450262.24012 114.74422
2450263.24017 130.02783
2450264.24021 133.48812
2450265.24026 132.29906
2450266.24030 146.30946
2450267.24035 176.35195
2450268.24039 150.14606
2450269.24044 165.50684
2450270.24049 164.70625
2450271.24053 165.15665
2450272.24058 159.31974
2450273.24062 178.21602
2450274.24067 177.86517
2450275.24071 187.46260
2450276.24076 194.24969
2450277.24080 190.97972
2450278.24085 192.76636
2450279.24090 167.49781
2450280.24094 182.53760
2450281.24099 138.41240
2450282.24103 182.51407
2450283.24108 187.93059
2450284.24112 136.00357
2450285.24117 160.12408
2450286.24122 153.35301
2450287.24126 182.13825
2450288.24131 141.27264
2450289.24135 138.96714
2450290.24140 149.53984
2450291.24144 114.06439
2450292.24149 131.17952
2450293.24154 137.41290
2450479.25002 167.80435
2450480.25007 195.35482
2450481.25011 168.34291
2450482.25016 177.33447
2450483.25021 158.25092
2450484.25025 162.89085
2450485.25030 142.19721
2450486.25034 137.51266
2450487.25039 160.31936
2450488.25043 129.92133
2450489.25048 144.61199
2450490.25052 118.00944
2450491.25057 111.02299
2450492.25062 135.01252
2450493.25066 108.52034
2450494.25071 95.91961
2450495.25075 132.99473
2450496.25080 153.56342
2450497.25084 164.57447
2450498.25089 138.93992
2450499.25094 139.27808
2450500.25098 138.78177
2450501.25103 163.90253
2450502.25107 177.54674
2450503.25112 146.05878
2450504.25116 175.42868
2450505.25121 161.71104
2450506.25125 159.92729
2450507.25130 161.99045
2450508.25135 174.11218
2450509.25139 170.37227
2450510.25144 248.36536
2450511.25148 168.78207
2450512.25153 167.10349
2450513.25157 214.03362
2450514.25162 214.79735
2450515.25167 205.34491
2450516.25171 197.72881
2450517.25176 213.83567
2450518.25180 208.42189
2450519.25185 172.18644
2450520.25189 170.66087
2450521.25194 135.61023
2450522.25199 176.96108
2450523.25203 142.70279
2450524.25208 157.66841
2450525.25212 176.35835
2450526.25217 139.73220
2450527.25221 134.10616
2450528.25226 132.19079
2450529.25230 120.57401
2450530.25235 133.52689
2450531.25240 131.86889
2450532.25244 126.58790
2450533.25249 132.32409
2450534.25253 144.79994
2450535.25258 100.11599
2450536.25262 143.35398
2450537.25267 113.70517
2450538.25272 126.93705
2450539.25276 140.50501
2450540.25281 148.62616
2450541.25285 145.42244
2450542.25290 148.69837
2450543.25294 138.41650
2450544.25299 206.34996
2450545.25303 157.90072
2450546.25308 187.49899
2450547.25313 197.81626
2450548.25317 189.45678
2450549.25322 192.90269
2450550.25326 206.65555
2450551.25331 246.62363
2450552.25335 200.82904
2450553.25340 244.12763
2450554.25345 211.11543
2450555.25349 208.78860
2450556.25354 221.55187
2450557.25358 172.06181
2450558.25363 168.87971
2450559.25367 203.78284
2450560.25372 155.89070
2450561.25376 187.04665
2450562.25381 154.31641
2450563.25386 141.28510
2450564.25390 150.56694
2450565.25395 140.33470
2450566.25399 149.20959
2450567.25404 125.43755
2450568.25408 145.38044
2450569.25413 158.69841
2450570.25418 158.63866
2450571.25422 131.33277
2450572.25427 144.49261
2450573.25431 146.01346
2450574.25436 132.32800
2450575.25440 132.28519
2450576.25445 119.30839
2450577.25449 132.76115
2450578.25454 129.32161
2450579.25459 152.12222
2450580.25463 129.14780
2450581.25468 144.03065
2450582.25472 149.97663
2450583.25477 177.85916
2450584.25481 181.93513
2450585.25486 178.70239
2450586.25491 213.86190
2450587.25495 165.50854
2450588.25500 199.51161
2450589.25504 178.77784
2450590.25509 188.07075
2450591.25513 208.14171
2450592.25518 225.66525
2450593.25522 220.60662
2450594.25527 180.81432
2450595.25532 205.18316
2450596.25536 152.17252
2450597.25541 221.43775
2450598.25545 195.70447
2450599.25550 191.44751
2450600.25554 147.53757
2450601.25559 155.41280
2450602.25564 155.27639
2450603.25568 134.32031
2450604.25573 154.01939
2450605.25577 154.43571
2450606.25582 150.37058
2450607.25586 142.81224
2450608.25591 142.52927
2450609.25596 158.43648
2450610.25600 127.48073
2450611.25605 102.41976
2450612.25609 135.64266
2450613.25614 126.35520
2450614.25618 132.50646
2450615.25623 113.22098
2450616.25627 144.56931
2450617.25632 163.49639
2450618.25637 126.30205
2450619.25641 172.95202
2450620.25646 151.97446
2450621.25650 168.49988
2450622.25655 166.67790
2450623.25659 166.59680
2450624.25664 158.34953
2450625.25669 180.84551
2450626.25673 206.57265
2450627.25678 191.10472
2450628.25682 224.45188
2450629.25687 228.21785
2450630.25691 202.06374
2450631.25696 165.79592
2450632.25700 214.23134
2450633.25705 185.55968
2450634.25710 198.98160
2450635.25714 210.14874
2450636.25719 212.63190
2450637.25723 245.41294
2450638.25728 223.46914
2450639.25732 222.72087
2450640.25737 172.76256
2450641.25742 175.68495
2450642.25746 175.88998
2450643.25751 169.45088
2450644.25755 132.44433
2450645.25760 135.12036
2450646.25764 160.32066
2450647.25769 143.69826
2450648.25773 137.60165
2450649.25778 117.43827
2450650.25783 117.93395
2450651.25787 113.64367
2450652.25792 123.46603
2450653.25796 124.71439
2450654.25801 128.60565
2450655.25805 132.46634
2450656.25810 142.48179
2450657.25815 127.96276
2450658.25819 160.78331
2450844.26668 139.52534
2450845.26672 142.53372
2450846.26677 99.46701
2450847.26682 142.95855
2450848.26686 107.45367
2450849.26691 106.73038
2450850.26695 128.59474
2450851.26700 114.63820
2450852.26704 158.14946
2450853.26709 146.49301
2450854.26714 141.32900
2450855.26718 138.14297
2450856.26723 131.06013
2450857.26727 135.94490
2450858.26732 157.56667
2450859.26736 178.20731
2450860.26741 154.40197
2450861.26745 172.73317
2450862.26750 181.85364
2450863.26755 195.93433
2450864.26759 166.24813
2450865.26764 189.66181
2450866.26768 226.56447
2450867.26773 196.76111
2450868.26777 193.71214
2450869.26782 184.29151
2450870.26787 228.75216
2450871.26791 211.30689
2450872.26796 202.17107
2450873.26800 183.09333
2450874.26805 148.25777
2450875.26809 145.05794
2450876.26814 175.69727
2450877.26818 141.44892
2450878.26823 156.01366
2450879.26828 162.70481
2450880.26832 141.40132
2450881.26837 121.39502
2450882.26841 141.27567
2450883.26846 131.35483
2450884.26850 136.55428
2450885.26855 116.43986
2450886.26860 102.04757
2450887.26864 121.08261
2450888.26869 117.81879
2450889.26873 107.79529
2450890.26878 115.19913
2450891.26882 122.92918
2450892.26887 133.68940
2450893.26891 132.61962
2450894.26896 132.71161
2450895.26901 131.31512
2450896.26905 137.36852
2450897.26910 166.61895
2450898.26914 152.82344
2450899.26919 195.04113
2450900.26923 174.08225
2450901.26928 199.19328
2450902.26933 179.10017
2450903.26937 191.99229
2450904.26942 188.19217
2450905.26946 186.80930
2450906.26951 169.01553
2450907.26955 171.05330
2450908.26960 183.51230
2450909.26964 204.57553
2450910.26969 226.43591
2450911.26974 225.92499
2450912.26978 194.25936
2450913.26983 166.25453
2450914.26987 171.98864
2450915.26992 181.32746
2450916.26996 170.49240
2450917.27001 159.81431
2450918.27006 160.36948
2450919.27010 161.42958
2450920.27015 152.75139
2450921.27019 123.63439
2450922.27024 122.78500
2450923.27028 133.14298
2450924.27033 120.48839
2450925.27038 107.84331
2450926.27042 124.78401
2450927.27047 110.36659
2450928.27051 113.07384
2450929.27056 110.21803
2450930.27060 119.70707
2450931.27065 125.39312
2450932.27069 178.17773
2450933.27074 140.99503
2450934.27079 117.16488
2450935.27083 143.73393
2450936.27088 143.46336
2450937.27092 145.04389
2450938.27097 157.46801
2450939.27101 184.65384
2450940.27106 158.19541
2450941.27111 159.45230
2450942.27115 184.33140
2450943.27120 184.20878
2450944.27124 220.52622
2450945.27129 186.63672
2450946.27133 174.93668
2450947.27138 193.59233
2450948.27142 209.87175
2450949.27147 210.34370
2450950.27152 222.34597
2450951.27156 189.83043
2450952.27161 181.56654
2450953.27165 177.79821
2450954.27170 136.49337
2450955.27174 133.85430
2450956.27179 140.81058
2450957.27184 147.59047
2450958.27188 158.55052
2450959.27193 128.44408
2450960.27197 124.52938
2450961.27202 127.26529
2450962.27206 132.79504
2450963.27211 131.94419
2450964.27215 111.18090
2450965.27220 110.80181
2450966.27225 118.57265
2450967.27229 119.18751
2450968.27234 105.77358
2450969.27238 137.36806
2450970.27243 103.05239
2450971.27247 124.44218
2450972.27252 129.91944
2450973.27257 126.69644
2450974.27261 133.41344
2450975.27266 136.57310
2450976.27270 142.56420
2450977.27275 136.93611
2450978.27279 170.09378
2450979.27284 160.52888
2450980.27288 168.40318
2450981.27293 174.73924
2450982.27298 163.11595
2450983.27302 171.38363
2450984.27307 183.09936
2450985.27311 199.30415
2450986.27316 173.98144
2450987.27320 229.83189
2450988.27325 180.85512
2450989.27330 193.03088
2450990.27334 208.29882
2450991.27339 176.56977
2450992.27343 169.34726
2450993.27348 155.27896
2450994.27352 162.81394
2450995.27357 174.05699
2450996.27362 132.24214
2450997.27366 125.52370
2450998.27371 115.62874
2450999.27375 110.99396
2451000.27380 131.72165
2451001.27384 111.93451
2451002.27389 108.13125
2451003.27393 105.97758
2451004.27398 115.51992
2451005.27403 108.00817
2451006.27407 104.34880
2451007.27412 114.46190
2451008.27416 111.29958
2451009.27421 133.26979
2451010.27425 114.67574
2451011.27430 131.85600
2451012.27435 135.05970
2451013.27439 145.86759
2451014.27444 114.45213
2451015.27448 130.26312
2451016.27453 130.01632
2451017.27457 163.63601
2451018.27462 167.89792
2451019.27466 193.69437
2451020.27471 176.05935
2451021.27476 140.44603
2451022.27480 149.01050
2451023.27485 172.42167
2451209.28333 116.90312
2451210.28338 119.07759
2451211.28343 98.35806
2451212.28347 127.69691
2451213.28352 132.77332
2451214.28356 138.00139
2451215.28361 173.57666
2451216.28365 160.89694
2451217.28370 152.61929
2451218.28375 155.59295
2451219.28379 165.05799
2451220.28384 184.74312
2451221.28388 181.22891
2451222.28393 168.94339
2451223.28397 153.17019
2451224.28402 137.58085
2451225.28406 178.45744
2451226.28411 163.28614
2451227.28416 137.64141
2451228.28420 146.17077
2451229.28425 168.69271
2451230.28429 119.48221
2451231.28434 140.91826
2451232.28438 118.69493
2451233.28443 115.39927
2451234.28448 116.17540
2451235.28452 105.97039
2451236.28457 86.67497
2451237.28461 78.72458
2451238.28466 90.54292
2451239.28470 82.29953
2451240.28475 74.18758
2451241.28480 77.41267
2451242.28484 70.51953
2451243.28489 99.04542
2451244.28493 81.96140
2451245.28498 79.77348
2451246.28502 99.66796
2451247.28507 87.80044
2451248.28511 102.92057
2451249.28516 112.32576
2451250.28521 102.04675
2451251.28525 129.88794
2451252.28530 119.40041
2451253.28534 109.96992
2451254.28539 136.83377
2451255.28543 112.61346
2451256.28548 132.13924
2451257.28553 133.41613
2451258.28557 163.46965
2451259.28562 162.35568
2451260.28566 162.60385
2451261.28571 172.65986
2451262.28575 150.24384
2451263.28580 149.26137
2451264.28584 158.46068
2451265.28589 144.16985
2451266.28594 135.63724
2451267.28598 148.86342
2451268.28603 125.98876
2451269.28607 118.62787
2451270.28612 129.76316
2451271.28616 119.44219
2451272.28621 111.65305
2451273.28626 117.04505
2451274.28630 92.35408
2451275.28635 100.61830
2451276.28639 78.40969
2451277.28644 81.87395
2451278.28648 71.92763
2451279.28653 81.18820
2451280.28657 74.38360
2451281.28662 90.06389
2451282.28667 78.51558
2451283.28671 75.92125
2451284.28676 74.56114
2451285.28680 76.89716
2451286.28685 71.12840
2451287.28689 84.82247
2451288.28694 102.10855
2451289.28699 99.23924
2451290.28703 106.12078
2451291.28708 111.85046
2451292.28712 156.80497
2451293.28717 135.06477
2451294.28721 133.05394
2451295.28726 148.13690
2451296.28730 149.70223
2451297.28735 150.12583
2451298.28740 146.31732
2451299.28744 154.06239
2451300.28749 135.13515
2451301.28753 143.96866
2451302.28758 146.47566
2451303.28762 172.78080
2451304.28767 147.62227
2451305.28772 155.87919
2451306.28776 124.11686
2451307.28781 136.44428
2451308.28785 140.12696
2451309.28790 127.11484
2451310.28794 105.19643
2451311.28799 94.21792
2451312.28804 95.94580
2451313.28808 74.59539
2451314.28813 79.25561
2451315.28817 84.31633
2451316.28822 72.67429
2451317.28826 70.03683
2451318.28831 72.26946
2451319.28835 77.43547
2451320.28840 69.01420
2451321.28845 74.64634
2451322.28849 67.06244
2451323.28854 78.05418
2451324.28858 73.61447
2451325.28863 86.54833
2451326.28867 80.62807
2451327.28872 101.11397
2451328.28877 100.99466
2451329.28881 98.11868
2451330.28886 109.98342
2451331.28890 121.44253
2451332.28895 119.50245
2451333.28899 145.77866
2451334.28904 136.66824
2451335.28908 123.77418
2451336.28913 167.42960
2451337.28918 142.11135
2451338.28922 148.67089
2451339.28927 144.54095
2451340.28931 117.53962
2451341.28936 132.63476
2451342.28940 145.20644
2451343.28945 162.96373
2451344.28950 144.05029
2451345.28954 136.55516
2451346.28959 120.16246
2451347.28963 122.67545
2451348.28968 135.01806
2451349.28972 109.21518
2451350.28977 96.74127
2451351.28981 97.49546
2451352.28986 81.68985
2451353.28991 86.30732
2451354.28995 90.95227
2451355.29000 70.70584
2451356.29004 74.61566
2451357.29009 64.97241
2451358.29013 63.66253
2451359.29018 66.41628
2451360.29023 72.41872
2451361.29027 54.68597
2451362.29032 61.29441
2451363.29036 74.62698
2451364.29041 72.26875
2451365.29045 83.57427
2451366.29050 86.77286
2451367.29054 79.46844
2451368.29059 98.20579
2451369.29064 99.33052
2451370.29068 104.97131
2451371.29073 131.00223
2451372.29077 122.85957
2451373.29082 145.59623
2451374.29086 114.11639
2451375.29091 131.61299
2451376.29096 147.57203
2451377.29100 140.96754
2451378.29105 163.26228
2451379.29109 144.12279
2451380.29114 158.13010
2451381.29118 129.15498
2451382.29123 148.79862
2451383.29127 130.43452
2451384.29132 108.51608
2451385.29137 121.74098
2451386.29141 106.38608
2451387.29146 98.98414
2451388.29150 104.97796
2451575.30004 125.92359
2451576.30008 123.56633
2451577.30013 101.11680
2451578.30017 110.62227
2451579.30022 114.33164
2451580.30026 102.71878
2451581.30031 85.46295
2451582.30036 113.70248
2451583.30040 91.48021
2451584.30045 77.66145
2451585.30049 78.40308
2451586.30054 91.85713
2451587.30058 59.47037
2451588.30063 54.13332
2451589.30068 58.71547
2451590.30072 51.19358
2451591.30077 48.20036
2451592.30081 42.37094
2451593.30086 32.45876
2451594.30090 39.07179
2451595.30095 38.22826
2451596.30099 33.58782
2451597.30104 32.19600
2451598.30109 37.86581
2451599.30113 41.10302
2451600.30118 45.43395
2451601.30122 39.20820
2451602.30127 51.90452
2451603.30131 55.89599
2451604.30136 63.93289
2451605.30141 52.92165
2451606.30145 77.86448
2451607.30150 92.36587
2451608.30154 98.63118
2451609.30159 96.00442
2451610.30163 109.71660
2451611.30168 114.99105
2451612.30172 117.91960
2451613.30177 135.30336
2451614.30182 112.15725
2451615.30186 105.71453
2451616.30191 107.03707
2451617.30195 110.02757
2451618.30200 95.38643
2451619.30204 110.75796
2451620.30209 102.81042
2451621.30214 93.91315
2451622.30218 101.06814
2451623.30223 76.92412
2451624.30227 82.21072
2451625.30232 74.23951
2451626.30236 72.29693
2451627.30241 47.64299
2451628.30246 64.01599
2451629.30250 44.40458
2451630.30255 47.41547
2451631.30259 35.04897
2451632.30264 37.99094
2451633.30268 29.71502
2451634.30273 35.10325
2451635.30277 23.76889
2451636.30282 31.63517
2451637.30287 31.70226
2451638.30291 32.66529
2451639.30296 37.57952
2451640.30300 41.57029
2451641.30305 43.76668
2451642.30309 55.80740
2451643.30314 64.78863
2451644.30319 62.03152
2451645.30323 68.24487
2451646.30328 66.23456
2451647.30332 71.56683
2451648.30337 95.31298
2451649.30341 99.11638
2451650.30346 94.47822
2451651.30350 85.73514
2451652.30355 90.61547
2451653.30360 117.59787
2451654.30364 108.49978
2451655.30369 97.53867
2451656.30373 92.19873
2451657.30378 93.27882
2451658.30382 79.98915
2451659.30387 87.80414
2451660.30392 71.38055
2451661.30396 82.94286
2451662.30401 88.90039
2451663.30405 66.87943
2451664.30410 61.78927
2451665.30414 46.63272
2451666.30419 56.92364
2451667.30423 51.61121
2451668.30428 38.82077
2451669.30433 37.00341
2451670.30437 31.13369
2451671.30442 30.59117
2451672.30446 24.31516
2451673.30451 27.38504
2451674.30455 25.12361
2451675.30460 27.78586
2451676.30465 29.86268
2451677.30469 27.73219
2451678.30474 29.84453
2451679.30478 34.59153
2451680.30483 34.29234
2451681.30487 46.34184
2451682.30492 49.47003
2451683.30496 58.47013
2451684.30501 62.43761
2451685.30506 60.13393
2451686.30510 63.66818
2451687.30515 87.23151
2451688.30519 76.24070
2451689.30524 81.65565
2451690.30528 101.57939
2451691.30533 91.24485
2451692.30538 102.10243
2451693.30542 93.60334
2451694.30547 94.75654
2451695.30551 96.29518
2451696.30556 99.08312
2451697.30560 105.57537
2451698.30565 75.51890
2451699.30569 94.23195
2451700.30574 85.86539
2451701.30579 76.46187
2451702.30583 61.83459
2451703.30588 57.78900
2451704.30592 54.85523
2451705.30597 54.05404
2451706.30601 57.71239
2451707.30606 45.03845
2451708.30611 33.40892
2451709.30615 34.18343
2451710.30620 31.98912
2451711.30624 28.16922
2451712.30629 19.63985
2451713.30633 21.58260
2451714.30638 22.21748
2451715.30643 22.25647
2451716.30647 23.28868
2451717.30652 22.83273
2451718.30656 32.83638
2451719.30661 36.40184
2451720.30665 39.31447
2451721.30670 41.02292
2451722.30674 49.26248
2451723.30679 55.29955
2451724.30684 53.32234
2451725.30688 69.47702
2451726.30693 81.46489
2451727.30697 94.23396
2451728.30702 95.82100
2451729.30706 95.16409
2451730.30711 90.32676
2451731.30716 111.65210
2451732.30720 98.91203
2451733.30725 101.85213
2451734.30729 94.40338
2451735.30734 107.84467
2451736.30738 86.67995
2451737.30743 91.43344
2451738.30747 82.69500
2451739.30752 93.26746
2451740.30757 78.54710
2451741.30761 73.92368
2451742.30766 59.08477
2451743.30770 56.98057
2451744.30775 47.13307
2451745.30779 49.25550
2451746.30784 36.54786
2451747.30789 36.64314
2451748.30793 30.89292
2451749.30798 19.65456
2451750.30802 19.60973
2451751.30807 17.53139
2451752.30811 18.57247
2451753.30816 18.58804
2451754.30820 18.69931
2451940.31669 44.70210
2451941.31674 34.76918
2451942.31678 33.66510
2451943.31683 24.40988
2451944.31688 21.27869
2451945.31692 16.27685
2451946.31697 12.44588
2451947.31701 10.67736
2451948.31706 6.29966
2451949.31710 5.11414
2451950.31715 5.36930
2451951.31719 5.70133
2451952.31724 6.94182
2451953.31729 9.60712
2451954.31733 10.86932
2451955.31738 18.30265
2451956.31742 23.39502
2451957.31747 32.48492
2451958.31751 28.21156
2451959.31756 38.05892
2451960.31761 45.99573
2451961.31765 49.94418
2451962.31770 56.58838
2451963.31774 55.72820
2451964.31779 74.60333
2451965.31783 77.56843
2451966.31788 74.75663
2451967.31792 71.43644
2451968.31797 92.39929
2451969.31802 84.74231
2451970.31806 86.80715
2451971.31811 76.64111
2451972.31815 69.46484
2451973.31820 80.59407
2451974.31824 84.65958
2451975.31829 71.65744
2451976.31834 62.85151
2451977.31838 65.26112
2451978.31843 52.98510
2451979.31847 39.73700
2451980.31852 44.59573
2451981.31856 31.26537
2451982.31861 27.48716
2451983.31865 24.77092
2451984.31870 17.60876
2451985.31875 11.76957
2451986.31879 8.37255
2451987.31884 6.28291
2451988.31888 4.83227
2451989.31893 3.27960
2451990.31897 4.09186
2451991.31902 5.37097
2451992.31907 8.90155
2451993.31911 8.65761
2451994.31916 16.30084
2451995.31920 19.20439
2451996.31925 23.01807
2451997.31929 32.37164
2451998.31934 31.74178
2451999.31938 44.15670
2452000.31943 53.86595
2452001.31948 53.55126
2452002.31952 65.02873
2452003.31957 59.20297
2452004.31961 69.10012
2452005.31966 80.41419
2452006.31970 85.72375
2452007.31975 87.52676
2452008.31980 84.07092
2452009.31984 85.67780
2452010.31989 71.04141
2452011.31993 81.08377
2452012.31998 79.89991
2452013.32002 66.13606
2452014.32007 65.71561
2452015.32011 57.78631
2452016.32016 71.71960
2452017.32021 54.85784
2452018.32025 46.02512
2452019.32030 43.24212
2452020.32034 33.42075
2452021.32039 32.08127
2452022.32043 23.12688
2452023.32048 17.03940
2452024.32053 13.23277
2452025.32057 9.47206
2452026.32062 6.38587
2452027.32066 3.44408
2452028.32071 3.04332
2452029.32075 2.79667
2452030.32080 3.72653
2452031.32085 6.89999
2452032.32089 9.58686
2452033.32094 12.55813
2452034.32098 18.66252
2452035.32103 26.31961
2452036.32107 25.68078
2452037.32112 34.12534
2452038.32116 46.89664
2452039.32121 45.12861
2452040.32126 53.18605
2452041.32130 61.90022
2452042.32135 72.43785
2452043.32139 78.51645
2452044.32144 91.93377
2452045.32148 76.94003
2452046.32153 72.20076
2452047.32158 89.26862
2452048.32162 72.75727
2452049.32167 86.15582
2452050.32171 74.97981
2452051.32176 76.85881
2452052.32180 66.44537
2452053.32185 64.91246
2452054.32189 66.95418
2452055.32194 62.95399
2452056.32199 46.63850
2452057.32203 52.45170
2452058.32208 38.43329
2452059.32212 40.61237
2452060.32217 27.50608
2452061.32221 25.19673
2452062.32226 20.81728
2452063.32231 12.01821
2452064.32235 10.68798
2452065.32240 6.41574
2452066.32244 4.01102
2452067.32249 2.53830
2452068.32253 2.56741
2452069.32258 3.13999
2452070.32262 4.46644
2452071.32267 7.79305
2452072.32272 12.56160
2452073.32276 15.48168
2452074.32281 18.73267
2452075.32285 25.15010
2452076.32290 29.36890
2452077.32294 32.68570
2452078.32299 43.39072
2452079.32304 55.57954
2452080.32308 64.85142
2452081.32313 63.45932
2452082.32317 63.57852
2452083.32322 68.01210
2452084.32326 67.84568
2452085.32331 91.06926
2452086.32335 91.39061
2452087.32340 88.26259
2452088.32345 94.11443
2452089.32349 71.87281
2452090.32354 91.16005
2452091.32358 71.40187
2452092.32363 82.11914
2452093.32367 70.47915
2452094.32372 68.43996
2452095.32377 58.28330
2452096.32381 53.04969
2452097.32386 47.22110
2452098.32390 42.35907
2452099.32395 28.18931
2452100.32399 25.51007
2452101.32404 20.29319
2452102.32409 17.62119
2452103.32413 10.54172
2452104.32418 6.73034
2452105.32422 4.83870
2452106.32427 2.59138
2452107.32431 2.39890
2452108.32436 2.48436
2452109.32440 3.83664
2452110.32445 6.26999
2452111.32450 8.68726
2452112.32454 13.18115
2452113.32459 18.53314
2452114.32463 23.69349
2452115.32468 31.01602
2452116.32472 39.45278
2452117.32477 43.29372
2452118.32482 44.07439
2452119.32486 64.30720
2452305.33335 11.05639
2452306.33339 11.00614
2452307.33344 14.18189
2452308.33349 16.11693
2452309.33353 25.45270
2452310.33358 27.27721
2452311.33362 33.76681
2452312.33367 38.88777
2452313.33371 47.88018
2452314.33376 57.80948
2452315.33380 54.61986
2452316.33385 68.82759
2452317.33390 58.30729
2452318.33394 73.45300
2452319.33399 84.69998
2452320.33403 84.38945
2452321.33408 71.94616
2452322.33412 95.65893
2452323.33417 86.06133
2452324.33422 102.93653
2452325.33426 95.43883
2452326.33431 92.25694
2452327.33435 91.66519
2452328.33440 86.58856
2452329.33444 73.44639
2452330.33449 67.48807
2452331.33454 69.84226
2452332.33458 67.95099
2452333.33463 57.93506
2452334.33467 48.31954
2452335.33472 44.48379
2452336.33476 33.20411
2452337.33481 36.53997
2452338.33485 22.82831
2452339.33490 20.68164
2452340.33495 19.90913
2452341.33499 14.37103
2452342.33504 12.47231
2452343.33508 11.71281
2452344.33513 12.31308
2452345.33517 13.41438
2452346.33522 14.03221
2452347.33527 16.92842
2452348.33531 23.79254
2452349.33536 29.27654
2452350.33540 39.82735
2452351.33545 46.32533
2452352.33549 45.18926
2452353.33554 54.41402
2452354.33558 56.62568
2452355.33563 64.40011
2452356.33568 65.17154
2452357.33572 79.05532
2452358.33577 77.46089
2452359.33581 95.91667
2452360.33586 76.53736
2452361.33590 93.11950
2452362.33595 88.92533
2452363.33600 91.54229
2452364.33604 111.41417
2452365.33609 98.07439
2452366.33613 92.17685
2452367.33618 89.31473
2452368.33622 79.44573
2452369.33627 77.72222
2452370.33631 66.74960
2452371.33636 53.63753
2452372.33641 43.65508
2452373.33645 45.28851
2452374.33650 52.90778
2452375.33654 48.41675
2452376.33659 31.63595
2452377.33663 26.81742
2452378.33668 26.86524
2452379.33673 21.04574
2452380.33677 16.84383
2452381.33682 17.61857
2452382.33686 14.79484
2452383.33691 16.43396
2452384.33695 15.74531
2452385.33700 16.27719
2452386.33704 20.79115
2452387.33709 25.22179
2452388.33714 27.48932
2452389.33718 31.92664
2452390.33723 37.65670
2452391.33727 43.48950
2452392.33732 60.04812
2452393.33736 61.39684
2452394.33741 63.02981
2452395.33746 72.12826
2452396.33750 86.44006
2452397.33755 87.03219
2452398.33759 73.12564
2452399.33764 85.94921
2452400.33768 90.04159
2452401.33773 98.41959
2452402.33777 89.07212
2452403.33782 103.08977
2452404.33787 114.55254
2452405.33791 112.89989
2452406.33796 88.02082
2452407.33800 95.20440
2452408.33805 83.91096
2452409.33809 71.77688
2452410.33814 74.28967
2452411.33819 61.59834
2452412.33823 75.00071
2452413.33828 53.11002
2452414.33832 49.09401
2452415.33837 39.97763
2452416.33841 34.90128
2452417.33846 29.31308
2452418.33851 27.52868
2452419.33855 18.42023
2452420.33860 24.60359
2452421.33864 15.70405
2452422.33869 19.64646
2452423.33873 22.80703
2452424.33878 17.37850
2452425.33882 23.34219
2452426.33887 29.71002
2452427.33892 28.26614
2452428.33896 35.45100
2452429.33901 36.32464
2452430.33905 48.14822
2452431.33910 41.07413
2452432.33914 57.90992
2452433.33919 64.89714
2452434.33924 75.69042
2452435.33928 75.25306
2452436.33933 97.78126
2452437.33937 98.00461
2452438.33942 85.39133
2452439.33946 93.07105
2452440.33951 110.04863
2452441.33955 112.07590
2452442.33960 94.78795
2452443.33965 97.93551
2452444.33969 105.19229
2452445.33974 103.24946
2452446.33978 95.55122
2452447.33983 90.87445
2452448.33987 69.17300
2452449.33992 84.48519
2452450.33997 72.46025
2452451.34001 65.98746
2452452.34006 65.40678
2452453.34010 56.88610
2452454.34015 51.85705
2452455.34019 40.68595
2452456.34024 38.76448
2452457.34028 28.55355
2452458.34033 21.82922
2452459.34038 25.71139
2452460.34042 25.27689
2452461.34047 19.65680
2452462.34051 18.41405
2452463.34056 23.32643
2452464.34060 25.67854
2452465.34065 28.18960
2452466.34070 32.72566
2452467.34074 43.15007
2452468.34079 36.24779
2452469.34083 55.40053
2452470.34088 55.50554
2452471.34092 60.06449
2452472.34097 66.37040
2452473.34101 74.81773
2452474.34106 78.49069
2452475.34111 71.95264
2452476.34115 92.02924
2452477.34120 87.36792
2452478.34124 107.47563
2452479.34129 90.68477
2452480.34133 95.29095
2452481.34138 112.50341
2452482.34143 103.45924
2452483.34147 107.48577
2452484.34152 93.95584
2452670.35000 104.25918
2452671.35005 121.86995
2452672.35010 126.65005
2452673.35014 131.48209
2452674.35019 101.63420
2452675.35023 116.87510
2452676.35028 105.45627
2452677.35032 153.34361
2452678.35037 139.96401
2452679.35042 126.65132
2452680.35046 127.37118
2452681.35051 115.31916
2452682.35055 121.02310
2452683.35060 112.79190
2452684.35064 117.93813
2452685.35069 112.18669
2452686.35073 105.24859
2452687.35078 83.18012
2452688.35083 80.29032
2452689.35087 89.84998
2452690.35092 72.56156
2452691.35096 63.74738
2452692.35101 59.54137
2452693.35105 63.63797
2452694.35110 57.99410
2452695.35115 44.51074
2452696.35119 52.16772
2452697.35124 52.79318
2452698.35128 42.63903
2452699.35133 42.96536
2452700.35137 48.69581
2452701.35142 58.16455
2452702.35146 63.25877
2452703.35151 63.92120
2452704.35156 68.99225
2452705.35160 72.27712
2452706.35165 78.89522
2452707.35169 76.05158
2452708.35174 95.63046
2452709.35178 93.83233
2452710.35183 80.92035
2452711.35188 116.43380
2452712.35192 109.83977
2452713.35197 110.84800
2452714.35201 109.88435
2452715.35206 135.86251
2452716.35210 117.94837
2452717.35215 145.31832
2452718.35219 133.36494
2452719.35224 140.84663
2452720.35229 125.58831
2452721.35233 113.04632
2452722.35238 137.88331
2452723.35242 123.76821
2452724.35247 131.30696
2452725.35251 101.70426
2452726.35256 118.35961
2452727.35261 68.56294
2452728.35265 91.29670
2452729.35270 91.59183
2452730.35274 78.97551
2452731.35279 73.35684
2452732.35283 73.46531
2452733.35288 64.13429
2452734.35293 55.34038
2452735.35297 52.81266
2452736.35302 50.85162
2452737.35306 54.36202
2452738.35311 50.42691
2452739.35315 55.15852
2452740.35320 68.26356
2452741.35324 61.45608
2452742.35329 76.02504
2452743.35334 69.58515
2452744.35338 71.08311
2452745.35343 90.84875
2452746.35347 94.33308
2452747.35352 89.69258
2452748.35356 104.05385
2452749.35361 94.86523
2452750.35366 128.84764
2452751.35370 115.93854
2452752.35375 132.37328
2452753.35379 129.85692
2452754.35384 105.83594
2452755.35388 117.50852
2452756.35393 175.20996
2452757.35397 107.88125
2452758.35402 144.08432
2452759.35407 115.55892
2452760.35411 135.12146
2452761.35416 90.43104
2452762.35420 135.95755
2452763.35425 137.07581
2452764.35429 121.11657
2452765.35434 116.29574
2452766.35439 95.30318
2452767.35443 86.27198
2452768.35448 83.15145
2452769.35452 80.79645
2452770.35457 89.04567
2452771.35461 75.24800
2452772.35466 64.81868
2452773.35470 57.75292
2452774.35475 74.90871
2452775.35480 67.12116
2452776.35484 65.52234
2452777.35489 60.36083
2452778.35493 67.32482
2452779.35498 73.71928
2452780.35502 74.83065
2452781.35507 64.45044
2452782.35512 71.04778
2452783.35516 81.12664
2452784.35521 82.73166
2452785.35525 98.79336
2452786.35530 96.25506
2452787.35534 96.45903
2452788.35539 131.54876
2452789.35543 116.18434
2452790.35548 130.63322
2452791.35553 139.13792
2452792.35557 150.76428
2452793.35562 118.83431
2452794.35566 141.43064
2452795.35571 130.04199
2452796.35575 153.12581
2452797.35580 149.16906
2452798.35585 142.15893
2452799.35589 118.37613
2452800.35594 112.10468
2452801.35598 110.29710
2452802.35603 131.84538
2452803.35607 102.01830
2452804.35612 117.52877
2452805.35617 120.52911
2452806.35621 126.73341
2452807.35626 101.03353
2452808.35630 71.39409
2452809.35635 94.40984
2452810.35639 76.48533
2452811.35644 76.00520
2452812.35648 79.81528
2452813.35653 74.21685
2452814.35658 72.16205
2452815.35662 64.46031
2452816.35667 64.75354
2452817.35671 58.22896
2452818.35676 70.52984
2452819.35680 72.98299
2452820.35685 76.79264
2452821.35690 82.48466
2452822.35694 81.43671
2452823.35699 97.69436
2452824.35703 106.33724
2452825.35708 103.91582
2452826.35712 109.42473
2452827.35717 116.08259
2452828.35721 114.62036
2452829.35726 141.43958
2452830.35731 142.96609
2452831.35735 144.30925
2452832.35740 144.20299
2452833.35744 130.94542
2452834.35749 109.68012
2452835.35753 170.90986
2452836.35758 169.40507
2452837.35763 145.60186
2452838.35767 143.51400
2452839.35772 172.55557
2452840.35776 145.07182
2452841.35781 145.33234
2452842.35785 102.39112
2452843.35790 139.76892
2452844.35794 114.33307
2452845.35799 122.42920
2452846.35804 91.41309
2452847.35808 103.01858
2452848.35813 82.66965
2452849.35817 83.78845
2453036.36671 179.01811
2453037.36675 156.53746
2453038.36680 163.22738
2453039.36684 152.75766
2453040.36689 120.62814
2453041.36693 110.73231
2453042.36698 172.04919
2453043.36703 99.96596
2453044.36707 132.94847
2453045.36712 108.33207
2453046.36716 111.98627
2453047.36721 104.13284
2453048.36725 101.68771
2453049.36730 94.96039
2453050.36735 103.56960
2453051.36739 95.56005
2453052.36744 86.07694
2453053.36748 91.72604
2453054.36753 110.33684
2453055.36757 101.27087
2453056.36762 82.09186
2453057.36766 117.21195
2453058.36771 117.39530
2453059.36776 110.99466
2453060.36780 129.21740
2453061.36785 147.72110
2453062.36789 147.27386
2453063.36794 140.37919
2453064.36798 145.74574
2453065.36803 192.03015
2453066.36808 158.98307
2453067.36812 172.48543
2453068.36817 182.35569
2453069.36821 166.17477
2453070.36826 156.45661
2453071.36830 190.59943
2453072.36835 169.12966
2453073.36839 163.71001
2453074.36844 164.51872
2453075.36849 129.78569
2453076.36853 161.34070
2453077.36858 179.00001
2453078.36862 151.62625
2453079.36867 139.67617
2453080.36871 161.19830
2453081.36876 109.52408
2453082.36881 132.02258
2453083.36885 127.88093
2453084.36890 117.90808
2453085.36894 122.07028
2453086.36899 103.11751
2453087.36903 100.74960
2453088.36908 98.65015
2453089.36912 105.20828
2453090.36917 93.60078
2453091.36922 110.74145
2453092.36926 94.03048
2453093.36931 103.63427
2453094.36935 121.23593
2453095.36940 120.36631
2453096.36944 110.47385
2453097.36949 112.56976
2453098.36954 128.21566
2453099.36958 118.99499
2453100.36963 117.60748
2453101.36967 136.37282
2453102.36972 145.05685
2453103.36976 188.52926
2453104.36981 133.33846
2453105.36985 168.42486
2453106.36990 177.79513
2453107.36995 196.15828
2453108.36999 168.12974
2453109.37004 163.57348
2453110.37008 206.90342
2453111.37013 160.36548
2453112.37017 190.26815
2453113.37022 183.49147
2453114.37027 191.62120
2453115.37031 177.95365
2453116.37036 156.67845
2453117.37040 142.96343
2453118.37045 144.03732
2453119.37049 156.87760
2453120.37054 152.99032
2453121.37059 156.27730
2453122.37063 145.53978
2453123.37068 136.33623
2453124.37072 120.23281
2453125.37077 120.81969
2453126.37081 124.95227
2453127.37086 112.16757
2453128.37090 96.69504
2453129.37095 109.77072
2453130.37100 124.22939
2453131.37104 117.03231
2453132.37109 112.12804
2453133.37113 119.64373
2453134.37118 104.04869
2453135.37122 85.08150
2453136.37127 124.51861
2453137.37132 117.24033
2453138.37136 145.47630
2453139.37141 139.44268
2453140.37145 135.26752
2453141.37150 161.11493
2453142.37154 154.11367
2453143.37159 157.54594
2453144.37163 159.58769
2453145.37168 190.75361
2453146.37173 181.85940
2453147.37177 172.47337
2453148.37182 192.96260
2453149.37186 211.98313
2453150.37191 165.44927
2453151.37195 167.02951
2453152.37200 165.04186
2453153.37205 179.55190
2453154.37209 173.05274
2453155.37214 185.97735
2453156.37218 178.45648
2453157.37223 128.38339
2453158.37227 153.42891
2453159.37232 166.46000
2453160.37236 149.49953
2453161.37241 152.33498
2453162.37246 123.68283
2453163.37250 131.66067
2453164.37255 133.70162
2453165.37259 118.81125
2453166.37264 97.94952
2453167.37268 108.20012
2453168.37273 108.25532
2453169.37278 99.01154
2453170.37282 82.33533
2453171.37287 124.44794
2453172.37291 103.26564
2453173.37296 128.17104
2453174.37300 118.10116
2453175.37305 124.62494
2453176.37309 131.75388
2453177.37314 141.81890
2453178.37319 140.84973
2453179.37323 150.89927
2453180.37328 140.71856
2453181.37332 162.58322
2453182.37337 180.09023
2453183.37341 160.73668
2453184.37346 192.88979
2453185.37351 204.48098
2453186.37355 189.88960
2453187.37360 168.77884
2453188.37364 197.51670
2453189.37369 183.37350
2453190.37373 219.46075
2453191.37378 212.97699
2453192.37382 182.40802
2453193.37387 208.17136
2453194.37392 145.25667
2453195.37396 183.93245
2453196.37401 171.75162
2453197.37405 142.08467
2453198.37410 162.79955
2453199.37414 126.00384
2453200.37419 138.17942
2453201.37424 140.53858
2453202.37428 131.80098
2453203.37433 123.50850
2453204.37437 137.81785
2453205.37442 122.26776
2453206.37446 112.75471
2453207.37451 105.23238
2453208.37456 98.80521
2453209.37460 101.39805
2453210.37465 116.34041
2453211.37469 112.12932
2453212.37474 100.94491
2453213.37478 125.84700
2453214.37483 119.96040
2453215.37487 128.54721
2453401.38336 123.66774
2453402.38341 118.85498
2453403.38345 130.09077
2453404.38350 112.01499
2453405.38354 153.31635
2453406.38359 134.79814
2453407.38364 137.41922
2453408.38368 140.21001
2453409.38373 122.09848
2453410.38377 114.12111
2453411.38382 111.23189
2453412.38386 129.29466
2453413.38391 150.84852
2453414.38396 158.47345
2453415.38400 158.23350
2453416.38405 153.51305
2453417.38409 198.42394
2453418.38414 185.63683
2453419.38418 156.95436
2453420.38423 197.25958
2453421.38427 211.52894
2453422.38432 200.92268
2453423.38437 221.23686
2453424.38441 229.24371
2453425.38446 226.36305
2453426.38450 223.14104
2453427.38455 234.32386
2453428.38459 202.42103
2453429.38464 180.43131
2453430.38469 203.55742
2453431.38473 202.48854
2453432.38478 196.31885
2453433.38482 172.48341
2453434.38487 178.88319
2453435.38491 135.46291
2453436.38496 160.34782
2453437.38501 163.48829
2453438.38505 162.65297
2453439.38510 152.78567
2453440.38514 122.61939
2453441.38519 128.36959
2453442.38523 132.70887
2453443.38528 111.82508
2453444.38532 113.65796
2453445.38537 121.61109
2453446.38542 108.82774
2453447.38546 144.08480
2453448.38551 108.45647
2453449.38555 107.63511
2453450.38560 131.13046
2453451.38564 155.66724
2453452.38569 134.93378
2453453.38574 112.81803
2453454.38578 135.81079
2453455.38583 173.34593
2453456.38587 146.19883
2453457.38592 194.45165
2453458.38596 193.03592
2453459.38601 198.06473
2453460.38605 187.28772
2453461.38610 171.64716
2453462.38615 203.16314
2453463.38619 200.12717
2453464.38624 221.15138
2453465.38628 234.91458
2453466.38633 175.83097
2453467.38637 227.98084
2453468.38642 170.43064
2453469.38647 180.94334
2453470.38651 192.45532
2453471.38656 182.31586
2453472.38660 195.48333
2453473.38665 128.18932
2453474.38669 195.94328
2453475.38674 154.86280
2453476.38678 159.16219
2453477.38683 179.50101
2453478.38688 170.95737
2453479.38692 136.66174
2453480.38697 118.10074
2453481.38701 124.35938
2453482.38706 137.44307
2453483.38710 113.71881
2453484.38715 114.38263
2453485.38720 110.24693
2453486.38724 139.88988
2453487.38729 123.11300
2453488.38733 125.37823
2453489.38738 145.38089
2453490.38742 164.65882
2453491.38747 142.62341
2453492.38751 155.87093
2453493.38756 122.87035
2453494.38761 186.62338
2453495.38765 178.23209
2453496.38770 149.45836
2453497.38774 172.14752
2453498.38779 173.88637
2453499.38783 224.55048
2453500.38788 206.38229
2453501.38793 203.12610
2453502.38797 192.45578
2453503.38802 220.42433
2453504.38806 199.13080
2453505.38811 174.73918
2453506.38815 167.76994
2453507.38820 202.58901
2453508.38824 218.12803
2453509.38829 216.28813
2453510.38834 217.49602
2453511.38838 181.05422
2453512.38843 155.37737
2453513.38847 183.96022
2453514.38852 150.92461
2453515.38856 179.85394
2453516.38861 161.59103
2453517.38866 146.31641
2453518.38870 151.95397
2453519.38875 151.67170
2453520.38879 136.34303
2453521.38884 141.96297
2453522.38888 138.16192
2453523.38893 140.85820
2453524.38898 119.65957
2453525.38902 115.19677
2453526.38907 138.92394
2453527.38911 148.10039
2453528.38916 134.63646
2453529.38920 147.97347
2453530.38925 149.29725
2453531.38929 142.11654
2453532.38934 167.77068
2453533.38939 169.55773
2453534.38943 175.59700
2453535.38948 190.82447
2453536.38952 190.15633
2453537.38957 160.45783
2453538.38961 228.75847
2453539.38966 175.45875
2453540.38971 206.72968
2453541.38975 180.86617
2453542.38980 225.11434
2453543.38984 216.78015
2453544.38989 195.17590
2453545.38993 190.21287
2453546.38998 180.89731
2453547.39002 217.80927
2453548.39007 208.81743
2453549.39012 189.88379
2453550.39016 193.47097
2453551.39021 186.26941
2453552.39025 206.51456
2453553.39030 167.16564
2453554.39034 163.16287
2453555.39039 161.38307
2453556.39044 164.58498
2453557.39048 152.42884
2453558.39053 138.11463
2453559.39057 124.60227
2453560.39062 144.46457
2453561.39066 129.75039
2453562.39071 143.67921
2453563.39075 113.01766
2453564.39080 126.04972
2453565.39085 115.00396
2453566.39089 120.92239
2453567.39094 119.80708
2453568.39098 138.81956
2453569.39103 155.28501
2453570.39107 150.23738
2453571.39112 150.74966
2453572.39117 156.23260
2453573.39121 135.07118
2453574.39126 182.37590
2453575.39130 182.49629
2453576.39135 161.26934
2453577.39139 174.17024
2453578.39144 209.24940
2453579.39148 234.11929
2453580.39153 201.32647
2453766.40002 143.24940
2453767.40006 128.83202
2453768.40011 143.97530
2453769.40016 173.94923
2453770.40020 146.23777
2453771.40025 144.65878
2453772.40029 181.21362
2453773.40034 176.14086
2453774.40038 171.89945
2453775.40043 170.78504
2453776.40047 192.07824
2453777.40052 200.36388
2453778.40057 236.45837
2453779.40061 149.92438
2453780.40066 228.83019
2453781.40070 167.27834
2453782.40075 212.73492
2453783.40079 191.54423
2453784.40084 229.75285
2453785.40089 216.30791
2453786.40093 200.69338
2453787.40098 165.26780
2453788.40102 165.45627
2453789.40107 157.36303
2453790.40111 150.51230
2453791.40116 126.03281
2453792.40120 127.15641
2453793.40125 119.60909
2453794.40130 111.93117
2453795.40134 134.89463
2453796.40139 137.05267
2453797.40143 143.45967
2453798.40148 127.41097
2453799.40152 85.13459
2453800.40157 130.88216
2453801.40162 129.98947
2453802.40166 106.65452
2453803.40171 118.23869
2453804.40175 126.54906
2453805.40180 112.45916
2453806.40184 128.86079
2453807.40189 139.27253
2453808.40193 163.80450
2453809.40198 148.21904
2453810.40203 166.62891
2453811.40207 191.04969
2453812.40212 170.93004
2453813.40216 171.92861
2453814.40221 179.30891
2453815.40225 176.12462
2453816.40230 161.47143
2453817.40235 216.73420
2453818.40239 228.43228
2453819.40244 204.45170
2453820.40248 189.78963
2453821.40253 207.93685
2453822.40257 206.86222
2453823.40262 215.20701
2453824.40266 190.47352
2453825.40271 150.75719
2453826.40276 168.06472
2453827.40280 175.74877
2453828.40285 155.72471
2453829.40289 201.22900
2453830.40294 157.25626
2453831.40298 138.30108
2453832.40303 124.29350
2453833.40308 155.34998
2453834.40312 112.26971
2453835.40317 124.04253
2453836.40321 108.47166
2453837.40326 98.87639
2453838.40330 107.09480
2453839.40335 104.47589
2453840.40340 116.05854
2453841.40344 127.47149
2453842.40349 126.51317
2453843.40353 142.99303
2453844.40358 121.20195
2453845.40362 148.36960
2453846.40367 125.32237
2453847.40371 130.79057
2453848.40376 152.50820
2453849.40381 129.44605
2453850.40385 161.21032
2453851.40390 169.58416
2453852.40394 169.67071
2453853.40399 200.91233
2453854.40403 194.84953
2453855.40408 202.19062
2453856.40413 171.13042
2453857.40417 196.94154
2453858.40422 173.04156
2453859.40426 190.09371
2453860.40431 194.62753
2453861.40435 192.38773
2453862.40440 156.17409
2453863.40444 192.01723
2453864.40449 186.49482
2453865.40454 152.30050
2453866.40458 183.41964
2453867.40463 166.44648
2453868.40467 131.30098
2453869.40472 128.76507
2453870.40476 160.02568
2453871.40481 128.33194
2453872.40486 148.35926
2453873.40490 123.16789
2453874.40495 110.08189
2453875.40499 116.27818
2453876.40504 123.56882
2453877.40508 110.42627
2453878.40513 118.03469
2453879.40517 112.01456
2453880.40522 117.07452
2453881.40527 97.26871
2453882.40531 95.52878
2453883.40536 127.94322
2453884.40540 150.13672
2453885.40545 120.70999
2453886.40549 133.19202
2453887.40554 180.48653
2453888.40559 142.08654
2453889.40563 155.76229
2453890.40568 166.05817
2453891.40572 196.89824
2453892.40577 172.63326
2453893.40581 181.65354
2453894.40586 189.94763
2453895.40590 187.68803
2453896.40595 191.30932
2453897.40600 181.35812
2453898.40604 201.81489
2453899.40609 159.75233
2453900.40613 174.88986
2453901.40618 168.54062
2453902.40622 185.33658
2453903.40627 154.58143
2453904.40632 183.84707
2453905.40636 169.80189
2453906.40641 170.96669
2453907.40645 138.83247
2453908.40650 138.00749
2453909.40654 138.71743
2453910.40659 130.67089
2453911.40664 139.87056
2453912.40668 126.54931
2453913.40673 110.96155
2453914.40677 127.81910
2453915.40682 99.86564
2453916.40686 93.90488
2453917.40691 108.71221
2453918.40695 114.19400
2453919.40700 116.26727
2453920.40705 124.70307
2453921.40709 120.45401
2453922.40714 82.77898
2453923.40718 122.43589
2453924.40723 143.83118
2453925.40727 139.77049
2453926.40732 138.60488
2453927.40737 154.58049
2453928.40741 155.32464
2453929.40746 135.75796
2453930.40750 167.77587
2453931.40755 183.78214
2453932.40759 164.04483
2453933.40764 191.01285
2453934.40768 200.69140
2453935.40773 213.87219
2453936.40778 225.35971
2453937.40782 185.72865
2453938.40787 174.50461
2453939.40791 184.98800
2453940.40796 194.80150
2453941.40800 166.67207
2453942.40805 180.73281
2453943.40810 131.82877
2453944.40814 152.93438
2453945.40819 151.46153
2454131.41667 150.38067
2454132.41672 191.64749
2454133.41677 172.37358
2454134.41681 188.37126
2454135.41686 154.79338
2454136.41690 153.76632
2454137.41695 177.57993
2454138.41699 174.43847
2454139.41704 128.99537
2454140.41708 119.07108
2454141.41713 134.78725
2454142.41718 118.51951
2454143.41722 112.69129
2454144.41727 122.69342
2454145.41731 100.44633
2454146.41736 91.94036
2454147.41740 120.36701
2454148.41745 102.93174
2454149.41750 89.98115
2454150.41754 88.39704
2454151.41759 78.63678
2454152.41763 86.94451
2454153.41768 80.44565
2454154.41772 73.47711
2454155.41777 88.66451
2454156.41782 100.04828
2454157.41786 72.66613
2454158.41791 95.67650
2454159.41795 85.89362
2454160.41800 84.28960
2454161.41804 119.85951
2454162.41809 115.89630
2454163.41813 130.68535
2454164.41818 133.09209
2454165.41823 129.33436
2454166.41827 139.20927
2454167.41832 142.67418
2454168.41836 134.65087
2454169.41841 140.99144
2454170.41845 131.11439
2454171.41850 156.26681
2454172.41855 139.60561
2454173.41859 148.22025
2454174.41864 173.57547
2454175.41868 154.72319
2454176.41873 170.01255
2454177.41877 146.57234
2454178.41882 124.15522
2454179.41886 153.74355
2454180.41891 153.31969
2454181.41896 138.55835
2454182.41900 110.76047
2454183.41905 133.92852
2454184.41909 120.31455
2454185.41914 112.65612
2454186.41918 87.49275
2454187.41923 93.74215
2454188.41928 92.33966
2454189.41932 87.34945
2454190.41937 88.07882
2454191.41941 70.36073
2454192.41946 76.95990
2454193.41950 79.68752
2454194.41955 91.58112
2454195.41959 78.10780
2454196.41964 80.27147
2454197.41969 90.88821
2454198.41973 86.48240
2454199.41978 83.02073
2454200.41982 98.50873
2454201.41987 97.32148
2454202.41991 123.56775
2454203.41996 123.09191
2454204.42001 131.79204
2454205.42005 124.60519
2454206.42010 144.41690
2454207.42014 170.09379
2454208.42019 164.82292
2454209.42023 110.27848
2454210.42028 162.32837
2454211.42032 149.10345
2454212.42037 134.41239
2454213.42042 157.97499
2454214.42046 159.50974
2454215.42051 155.43002
2454216.42055 147.15951
2454217.42060 154.65445
2454218.42064 148.00726
2454219.42069 124.67216
2454220.42074 121.25739
2454221.42078 110.04466
2454222.42083 113.36220
2454223.42087 108.59191
2454224.42092 94.04070
2454225.42096 100.79963
2454226.42101 113.34252
2454227.42106 90.93814
2454228.42110 80.87789
2454229.42115 76.66709
2454230.42119 68.51339
2454231.42124 64.80918
2454232.42128 77.45529
2454233.42133 62.82037
2454234.42137 69.44388
2454235.42142 71.03130
2454236.42147 82.49346
2454237.42151 83.93536
2454238.42156 70.74652
2454239.42160 96.65576
2454240.42165 95.29271
2454241.42169 108.51284
2454242.42174 117.40459
2454243.42179 101.87841
2454244.42183 108.61616
2454245.42188 135.44705
2454246.42192 109.81202
2454247.42197 152.31631
2454248.42201 134.86114
2454249.42206 170.80638
2454250.42210 153.43401
2454251.42215 133.45947
2454252.42220 143.20779
2454253.42224 162.98440
2454254.42229 166.70396
2454255.42233 124.56607
2454256.42238 126.67145
2454257.42242 132.75386
2454258.42247 156.78382
2454259.42252 152.88905
2454260.42256 105.27808
2454261.42261 120.98262
2454262.42265 111.83693
2454263.42270 95.71956
2454264.42274 113.37294
2454265.42279 86.53676
2454266.42283 101.93798
2454267.42288 84.84813
2454268.42293 58.13852
2454269.42297 62.03013
2454270.42302 76.30736
2454271.42306 65.76981
2454272.42311 62.82470
2454273.42315 67.67930
2454274.42320 66.56157
2454275.42325 61.02375
2454276.42329 83.41075
2454277.42334 71.83303
2454278.42338 91.10696
2454279.42343 80.81463
2454280.42347 86.48669
2454281.42352 100.61576
2454282.42356 117.38493
2454283.42361 89.42889
2454284.42366 126.26111
2454285.42370 134.21742
2454286.42375 121.13769
2454287.42379 124.30012
2454288.42384 113.25255
2454289.42388 159.42937
2454290.42393 143.19513
2454291.42398 138.80300
2454292.42402 172.74215
2454293.42407 142.59501
2454294.42411 118.63094
2454295.42416 173.17669
2454296.42420 131.82383
2454297.42425 100.88195
2454298.42429 131.19746
2454299.42434 123.25614
2454300.42439 135.95134
2454301.42443 98.76225
2454302.42448 69.05931
2454303.42452 87.47591
2454304.42457 87.40758
2454305.42461 83.69771
2454306.42466 74.80909
2454307.42471 78.94688
2454308.42475 64.96463
2454309.42480 56.77154
2454310.42484 50.90454
2454497.43338 86.00227
2454498.43342 97.64890
2454499.43347 69.46897
2454500.43351 57.02476
2454501.43356 58.65276
2454502.43360 53.24876
2454503.43365 50.53737
2454504.43370 45.12013
2454505.43374 47.45902
2454506.43379 39.07910
2454507.43383 30.98744
2454508.43388 35.27004
2454509.43392 38.62343
2454510.43397 36.29451
2454511.43401 41.08193
2454512.43406 48.67336
2454513.43411 53.61091
2454514.43415 46.93288
2454515.43420 61.05350
2454516.43424 56.33737
2454517.43429 56.82238
2454518.43433 77.72973
2454519.43438 85.24520
2454520.43443 84.88378
2454521.43447 90.65201
2454522.43452 103.56831
2454523.43456 97.80137
2454524.43461 102.74598
2454525.43465 117.76400
2454526.43470 115.42578
2454527.43474 117.21114
2454528.43479 113.08087
2454529.43484 120.44020
2454530.43488 111.76337
2454531.43493 109.32155
2454532.43497 105.36833
2454533.43502 96.53843
2454534.43506 89.64605
2454535.43511 85.78637
2454536.43516 81.57381
2454537.43520 78.98186
2454538.43525 69.60752
2454539.43529 74.48927
2454540.43534 55.92533
2454541.43538 49.49330
2454542.43543 43.43686
2454543.43548 45.46017
2454544.43552 41.08870
2454545.43557 35.32769
2454546.43561 27.34689
2454547.43566 34.32862
2454548.43570 29.61562
2454549.43575 29.24077
2454550.43579 32.95392
2454551.43584 36.16673
2454552.43589 34.57497
2454553.43593 43.34174
2454554.43598 48.99801
2454555.43602 54.48256
2454556.43607 77.70850
2454557.43611 63.03730
2454558.43616 85.77636
2454559.43621 86.90044
2454560.43625 78.51652
2454561.43630 106.05488
2454562.43634 96.79152
2454563.43639 118.40379
2454564.43643 97.86721
2454565.43648 97.47530
2454566.43652 109.10278
2454567.43657 108.33042
2454568.43662 121.36707
2454569.43666 111.07258
2454570.43671 113.38024
2454571.43675 101.58351
2454572.43680 85.97821
2454573.43684 87.59394
2454574.43689 88.98720
2454575.43694 87.86270
2454576.43698 72.06698
2454577.43703 62.17628
2454578.43707 50.61622
2454579.43712 56.98276
2454580.43716 52.39396
2454581.43721 40.88954
2454582.43725 40.91333
2454583.43730 39.69680
2454584.43735 30.93463
2454585.43739 29.52584
2454586.43744 28.20312
2454587.43748 24.95556
2454588.43753 24.70422
2454589.43757 28.67056
2454590.43762 29.85612
2454591.43767 39.62617
2454592.43771 37.14110
2454593.43776 48.65935
2454594.43780 43.46483
2454595.43785 68.90898
2454596.43789 54.08169
2454597.43794 66.17222
2454598.43798 68.26100
2454599.43803 82.07644
2454600.43808 80.20749
2454601.43812 94.77983
2454602.43817 76.02276
2454603.43821 117.17999
2454604.43826 107.25762
2454605.43830 116.40222
2454606.43835 120.86053
2454607.43840 98.21212
2454608.43844 105.14752
2454609.43849 89.15236
2454610.43853 90.45648
2454611.43858 100.24613
2454612.43862 91.99438
2454613.43867 80.29718
2454614.43871 77.82114
2454615.43876 74.70835
2454616.43881 66.56060
2454617.43885 59.85538
2454618.43890 55.71685
2454619.43894 42.29895
2454620.43899 40.34882
2454621.43903 34.29968
2454622.43908 33.76246
2454623.43913 28.43284
2454624.43917 24.70617
2454625.43922 22.34931
2454626.43926 19.82485
2454627.43931 21.93067
2454628.43935 21.94500
2454629.43940 28.09699
2454630.43945 28.94290
2454631.43949 32.74037
2454632.43954 40.79326
2454633.43958 47.02042
2454634.43963 59.00651
2454635.43967 55.19730
2454636.43972 60.09540
2454637.43976 69.37318
2454638.43981 77.52932
2454639.43986 66.35060
2454640.43990 91.30298
2454641.43995 95.64934
2454642.43999 87.86238
2454643.44004 98.59641
2454644.44008 95.92374
2454645.44013 88.84325
2454646.44018 88.56942
2454647.44022 107.08967
2454648.44027 96.72002
2454649.44031 88.47784
2454650.44036 85.60749
2454651.44040 87.67314
2454652.44045 91.69220
2454653.44049 65.06390
2454654.44054 63.07804
2454655.44059 72.98156
2454656.44063 56.31880
2454657.44068 53.65968
2454658.44072 52.06603
2454659.44077 38.90725
2454660.44081 30.90966
2454661.44086 34.39103
2454662.44091 24.28971
2454663.44095 24.40643
2454664.44100 18.05397
2454665.44104 20.53510
2454666.44109 18.64820
2454667.44113 17.63323
2454668.44118 26.02000
2454669.44122 26.58381
2454670.44127 25.56892
2454671.44132 37.23313
2454672.44136 45.34706
2454673.44141 48.41917
2454674.44145 58.13965
2454675.44150 56.39261
2454676.44154 62.74143
2454862.45003 7.80101
2454863.45008 6.36642
2454864.45012 7.48876
2454865.45017 10.97592
2454866.45021 15.78723
2454867.45026 13.80208
2454868.45031 20.47932
2454869.45035 27.57755
2454870.45040 33.93996
2454871.45044 42.81125
2454872.45049 51.27535
2454873.45053 50.88313
2454874.45058 67.46181
2454875.45063 67.18707
2454876.45067 69.90446
2454877.45072 65.83837
2454878.45076 75.53927
2454879.45081 78.30972
2454880.45085 79.07066
2454881.45090 88.27227
2454882.45094 83.40621
2454883.45099 87.61889
2454884.45104 82.34995
2454885.45108 86.12523
2454886.45113 80.31823
2454887.45117 85.34839
2454888.45122 77.77665
2454889.45126 65.34756
2454890.45131 52.01145
2454891.45136 54.66704
2454892.45140 43.43038
2454893.45145 37.14941
2454894.45149 32.22469
2454895.45154 28.09349
2454896.45158 15.78424
2454897.45163 17.01030
2454898.45167 10.37477
2454899.45172 10.10135
2454900.45177 7.09380
2454901.45181 5.78964
2454902.45186 5.16775
2454903.45190 6.79921
2454904.45195 7.55788
2454905.45199 11.35600
2454906.45204 14.37797
2454907.45209 19.30999
2454908.45213 24.32812
2454909.45218 31.15008
2454910.45222 34.51479
2454911.45227 40.63916
2454912.45231 40.77756
2454913.45236 63.61486
2454914.45240 64.58448
2454915.45245 71.04683
2454916.45250 72.50898
2454917.45254 79.27266
2454918.45259 75.11520
2454919.45263 93.61509
2454920.45268 78.49189
2454921.45272 87.09992
2454922.45277 82.00039
2454923.45282 99.97836
2454924.45286 85.29874
2454925.45291 64.74128
2454926.45295 87.48911
2454927.45300 64.80987
2454928.45304 71.00424
2454929.45309 70.17122
2454930.45313 44.93949
2454931.45318 50.13192
2454932.45323 46.74223
2454933.45327 33.48823
2454934.45332 28.43523
2454935.45336 23.25817
2454936.45341 16.97679
2454937.45345 10.00823
2454938.45350 7.94801
2454939.45355 7.13590
2454940.45359 5.22731
2454941.45364 4.43196
2454942.45368 4.70105
2454943.45373 7.79021
2454944.45377 9.61514
2454945.45382 14.27516
2454946.45387 13.76745
2454947.45391 20.43365
2454948.45396 24.96488
2454949.45400 32.24439
2454950.45405 36.93355
2454951.45409 44.12270
2454952.45414 49.77369
2454953.45418 60.10758
2454954.45423 58.38658
2454955.45428 68.32970
2454956.45432 71.65489
2454957.45437 65.36876
2454958.45441 77.65727
2454959.45446 85.00218
2454960.45450 88.56920
2454961.45455 86.57155
2454962.45460 90.41336
2454963.45464 84.75779
2454964.45469 89.55940
2454965.45473 68.92767
2454966.45478 56.32312
2454967.45482 72.39346
2454968.45487 58.31821
2454969.45491 65.10975
2454970.45496 48.40526
2454971.45501 45.25950
2454972.45505 34.65070
2454973.45510 26.24062
2454974.45514 18.05376
2454975.45519 18.42628
2454976.45523 13.08069
2454977.45528 11.66952
2454978.45533 5.59737
2454979.45537 4.98011
2454980.45542 4.49133
2454981.45546 4.42865
2454982.45551 5.23558
2454983.45555 8.07000
2454984.45560 9.86610
2454985.45564 13.09222
2454986.45569 18.86162
2454987.45574 29.26018
2454988.45578 33.70745
2454989.45583 27.95578
2454990.45587 47.19743
2454991.45592 56.94086
2454992.45596 58.88866
2454993.45601 58.89365
2454994.45606 57.76172
2454995.45610 71.74086
2454996.45615 64.23016
2454997.45619 79.49657
2454998.45624 81.81345
2454999.45628 85.02492
2455000.45633 98.00241
2455001.45637 87.99350
2455002.45642 78.18194
2455003.45647 77.22572
2455004.45651 79.48464
2455005.45656 72.98063
2455006.45660 69.40251
2455007.45665 60.35248
2455008.45669 54.85155
2455009.45674 52.63068
2455010.45679 50.18685
2455011.45683 38.93068
2455012.45688 33.49446
2455013.45692 25.83742
2455014.45697 20.07843
2455015.45701 15.67354
2455016.45706 11.13119
2455017.45711 7.20086
2455018.45715 6.47287
2455019.45720 4.48599
2455020.45724 3.96679
2455021.45729 5.51712
2455022.45733 8.20683
2455023.45738 9.96854
2455024.45742 11.71721
2455025.45747 17.73211
2455026.45752 22.14876
2455027.45756 30.26710
2455028.45761 30.46750
2455029.45765 39.71404
2455030.45770 46.63747
2455031.45774 55.60609
2455032.45779 54.98246
2455033.45784 65.46298
2455034.45788 68.16993
2455035.45793 75.64992
2455036.45797 67.45630
2455037.45802 95.52255
2455038.45806 75.18370
2455039.45811 78.01462
2455040.45815 83.82316
2455041.45820 84.80960
2455227.46669 60.66512
2455228.46673 67.66363
2455229.46678 59.56471
2455230.46682 68.28362
2455231.46687 64.14388
2455232.46692 86.93292
2455233.46696 76.72868
2455234.46701 93.38487
2455235.46705 93.00377
2455236.46710 92.12237
2455237.46714 97.61000
2455238.46719 92.35506
2455239.46724 90.21444
2455240.46728 71.43790
2455241.46733 78.16286
2455242.46737 78.03105
2455243.46742 64.80284
2455244.46746 70.17322
2455245.46751 66.93986
2455246.46755 59.52206
2455247.46760 44.09124
2455248.46765 36.33600
2455249.46769 38.26266
2455250.46774 31.22503
2455251.46778 27.63362
2455252.46783 18.81111
2455253.46787 18.07311
2455254.46792 13.33161
2455255.46797 15.73109
2455256.46801 13.99884
2455257.46806 14.26403
2455258.46810 15.64584
2455259.46815 18.24807
2455260.46819 21.26007
2455261.46824 24.35842
2455262.46829 30.37485
2455263.46833 41.64718
2455264.46838 47.90998
2455265.46842 51.96937
2455266.46847 52.90643
2455267.46851 69.08264
2455268.46856 65.60413
2455269.46860 73.14635
2455270.46865 78.33300
2455271.46870 90.09524
2455272.46874 86.33766
2455273.46879 93.74227
2455274.46883 87.60018
2455275.46888 98.25941
2455276.46892 87.88036
2455277.46897 103.72579
2455278.46902 110.54325
2455279.46906 93.25804
2455280.46911 82.98969
2455281.46915 76.50818
2455282.46920 65.48525
2455283.46924 64.53834
2455284.46929 63.88578
2455285.46933 58.39800
2455286.46938 58.43338
2455287.46943 45.70829
2455288.46947 43.23222
2455289.46952 30.77815
2455290.46956 28.45218
2455291.46961 25.31104
2455292.46965 20.66579
2455293.46970 15.93405
2455294.46975 17.47695
2455295.46979 13.30974
2455296.46984 16.04001
2455297.46988 15.53416
2455298.46993 20.95850
2455299.46997 25.24616
2455300.47002 29.42720
2455301.47006 28.78645
2455302.47011 39.20584
2455303.47016 45.18583
2455304.47020 44.39111
2455305.47025 60.67011
2455306.47029 63.98267
2455307.47034 71.63045
2455308.47038 72.95712
2455309.47043 70.66140
2455310.47048 80.33307
2455311.47052 89.88052
2455312.47057 88.87759
2455313.47061 91.81442
2455314.47066 96.90604
2455315.47070 103.74115
2455316.47075 98.34846
2455317.47079 83.65539
2455318.47084 90.45635
2455319.47089 93.94118
2455320.47093 79.02123
2455321.47098 74.23125
2455322.47102 73.91128
2455323.47107 73.61558
2455324.47111 66.42831
2455325.47116 53.12493
2455326.47121 56.49442
2455327.47125 58.56002
2455328.47130 29.80210
2455329.47134 35.51983
2455330.47139 30.79036
2455331.47143 27.51830
2455332.47148 26.80445
2455333.47153 20.82678
2455334.47157 17.02558
2455335.47162 18.89767
2455336.47166 24.01731
2455337.47171 20.42229
2455338.47175 25.61188
2455339.47180 25.94489
2455340.47184 31.63457
2455341.47189 41.76769
2455342.47194 37.91349
2455343.47198 42.89657
2455344.47203 39.79558
2455345.47207 59.34451
2455346.47212 77.66729
2455347.47216 66.99322
2455348.47221 87.37829
2455349.47226 90.43704
2455350.47230 79.36800
2455351.47235 100.28274
2455352.47239 104.91328
2455353.47244 114.06530
2455354.47248 103.47401
2455355.47253 106.94679
2455356.47257 107.84415
2455357.47262 92.46863
2455358.47267 101.89495
2455359.47271 78.45089
2455360.47276 95.18117
2455361.47280 75.59004
2455362.47285 85.42415
2455363.47289 71.85920
2455364.47294 69.63597
2455365.47299 47.87576
2455366.47303 58.39802
2455367.47308 41.81853
2455368.47312 33.26929
2455369.47317 34.95311
2455370.47321 32.30038
2455371.47326 24.70739
2455372.47330 26.38422
2455373.47335 26.74265
2455374.47340 23.02894
2455375.47344 17.44284
2455376.47349 27.26368
2455377.47353 27.53230
2455378.47358 25.84437
2455379.47362 32.81527
2455380.47367 42.94180
2455381.47372 46.19263
2455382.47376 37.21870
2455383.47381 62.80262
2455384.47385 59.74652
2455385.47390 61.18182
2455386.47394 86.06143
2455387.47399 86.12221
2455388.47403 87.37142
2455389.47408 99.62417
2455390.47413 96.28173
2455391.47417 103.13427
2455392.47422 107.22081
2455393.47426 90.63555
2455394.47431 73.19546
2455395.47435 98.72240
2455396.47440 98.44754
2455397.47445 95.12084
2455398.47449 98.03476
2455399.47454 86.68870
2455400.47458 76.63969
2455401.47463 74.31086
2455402.47467 70.01846
2455403.47472 65.39935
2455404.47476 67.00977
2455405.47481 59.34213
2455406.47486 46.23729
2455592.48334 141.02540
2455593.48339 117.73420
2455594.48344 114.97440
2455595.48348 121.04231
2455596.48353 115.66334
2455597.48357 123.11513
2455598.48362 103.18512
2455599.48366 92.69104
2455600.48371 90.44302
2455601.48375 82.11146
2455602.48380 82.98449
2455603.48385 62.25506
2455604.48389 88.01820
2455605.48394 68.06945
2455606.48398 55.13622
2455607.48403 49.63007
2455608.48407 61.47735
2455609.48412 51.16614
2455610.48417 48.92265
2455611.48421 44.74501
2455612.48426 52.79352
2455613.48430 68.39436
2455614.48435 65.43891
2455615.48439 55.47746
2455616.48444 76.16090
2455617.48448 77.95544
2455618.48453 86.36058
2455619.48458 76.29270
2455620.48462 88.13372
2455621.48467 106.84139
2455622.48471 108.43752
2455623.48476 94.21236
2455624.48480 120.70157
2455625.48485 111.53212
2455626.48490 105.79416
2455627.48494 108.28917
2455628.48499 142.09938
2455629.48503 133.67811
2455630.48508 138.26785
2455631.48512 125.10450
2455632.48517 102.91056
2455633.48521 106.38410
2455634.48526 124.14690
2455635.48531 109.37509
2455636.48535 119.01062
2455637.48540 112.50620
2455638.48544 127.43773
2455639.48549 93.39096
2455640.48553 85.90836
2455641.48558 92.23857
2455642.48563 82.12360
2455643.48567 64.80562
2455644.48572 63.29754
2455645.48576 59.24917
2455646.48581 57.22463
2455647.48585 48.39035
2455648.48590 49.76033
2455649.48595 52.36857
2455650.48599 51.26811
2455651.48604 65.33916
2455652.48608 55.26425
2455653.48613 73.54855
2455654.48617 69.15208
2455655.48622 72.74784
2455656.48626 65.21071
2455657.48631 88.48228
2455658.48636 101.57229
2455659.48640 91.10179
2455660.48645 105.41538
2455661.48649 99.39546
2455662.48654 121.95705
2455663.48658 122.95281
2455664.48663 127.50798
2455665.48668 159.93196
2455666.48672 91.94348
2455667.48677 137.67478
2455668.48681 143.70227
2455669.48686 175.11098
2455670.48690 127.40197
2455671.48695 146.80881
2455672.48699 108.95379
2455673.48704 119.39370
2455674.48709 134.12196
2455675.48713 113.80073
2455676.48718 135.93432
2455677.48722 106.83164
2455678.48727 101.88587
2455679.48731 91.39348
2455680.48736 77.75562
2455681.48741 99.82370
2455682.48745 94.32503
2455683.48750 76.21630
2455684.48754 68.61971
2455685.48759 71.29155
2455686.48763 65.72596
2455687.48768 55.08574
2455688.48772 58.91098
2455689.48777 69.75985
2455690.48782 67.47656
2455691.48786 74.99019
2455692.48791 61.00808
2455693.48795 62.19786
2455694.48800 69.44223
2455695.48804 77.42318
2455696.48809 83.72151
2455697.48814 94.24792
2455698.48818 103.69807
2455699.48823 108.85599
2455700.48827 127.93328
2455701.48832 124.17668
2455702.48836 111.11843
2455703.48841 140.41071
2455704.48845 123.37107
2455705.48850 134.62592
2455706.48855 132.67311
2455707.48859 145.73377
2455708.48864 179.50743
2455709.48868 145.69733
2455710.48873 155.22206
2455711.48877 124.70390
2455712.48882 157.24315
2455713.48887 141.05092
2455714.48891 141.20518
2455715.48896 129.24753
2455716.48900 107.14745
2455717.48905 97.21751
2455718.48909 126.66886
2455719.48914 109.85384
2455720.48918 96.23530
2455721.48923 99.55238
2455722.48928 79.03055
2455723.48932 72.86840
2455724.48937 72.49982
2455725.48941 61.60014
2455726.48946 70.14154
2455727.48950 66.98644
2455728.48955 63.84307
2455729.48960 60.47135
2455730.48964 70.09128
2455731.48969 70.68861
2455732.48973 72.94667
2455733.48978 80.74006
2455734.48982 84.01933
2455735.48987 94.53554
2455736.48992 91.42069
2455737.48996 109.61921
2455738.49001 117.47425
2455739.49005 109.73429
2455740.49010 146.55629
2455741.49014 134.05934
2455742.49019 121.57506
2455743.49023 117.79471
2455744.49028 155.13455
2455745.49033 151.93753
2455746.49037 148.64609
2455747.49042 145.43742
2455748.49046 166.93854
2455749.49051 117.71388
2455750.49055 144.63301
2455751.49060 125.60068
2455752.49065 140.92101
2455753.49069 137.73343
2455754.49074 123.18539
2455755.49078 130.70682
2455756.49083 160.53624
2455757.49087 120.19531
2455758.49092 111.95851
2455759.49096 104.72593
2455760.49101 99.38919
2455761.49106 84.70452
2455762.49110 83.48779
2455763.49115 80.57319
2455764.49119 91.16197
2455765.49124 83.17245
2455766.49128 70.50284
2455767.49133 80.20034
2455768.49138 61.28217
2455769.49142 72.50193
2455770.49147 80.27862
2455771.49151 100.51316
2455957.50000 114.25569
