2445000.00000 2.63190
2445001.00005 2.53288
2445002.00009 2.82887
2445003.00014 2.81645
2445004.00018 2.83940
2445005.00023 2.44999
2445006.00027 2.51338
2445007.00032 1.71516
2445008.00037 1.38278
2445009.00041 0.87420
2445010.00046 0.51911
2445011.00050 0.18888
2445012.00055 -0.01109
2445013.00059 -0.05477
2445014.00064 0.01439
2445015.00068 0.19354
2445016.00073 0.48160
2445017.00078 0.95711
2445018.00082 1.86909
2445019.00087 2.04342
2445020.00091 1.88894
2445021.00096 2.85901
2445022.00100 3.32561
2445023.00105 2.95359
2445024.00110 2.58991
2445025.00114 2.54807
2445026.00119 2.45912
2445027.00123 2.13332
2445028.00128 1.38169
2445029.00132 1.20720
2445030.00137 0.69176
2445031.00141 0.32059
2445032.00146 0.09032
2445033.00151 -0.03880
2445034.00155 -0.01637
2445035.00160 0.13771
2445036.00164 0.51049
2445037.00169 0.88017
2445038.00173 1.28231
2445039.00178 2.03327
2445040.00183 2.11003
2445041.00187 2.65117
2445042.00192 2.91016
2445043.00196 3.00269
2445044.00201 3.19660
2445045.00205 2.90083
2445046.00210 2.84333
2445047.00214 2.31123
2445048.00219 1.59690
2445049.00224 1.27279
2445050.00228 0.90948
2445051.00233 0.49971
2445052.00237 0.21237
2445053.00242 0.02207
2445054.00246 -0.02168
2445055.00251 0.07506
2445056.00256 0.32490
2445057.00260 0.77874
2445058.00265 1.23001
2445059.00269 1.63159
2445060.00274 1.85801
2445061.00278 2.58822
2445062.00283 3.10834
2445063.00287 2.67393
2445064.00292 3.15079
2445065.00297 2.98436
2445066.00301 2.72885
2445067.00306 2.62691
2445068.00310 2.28344
2445069.00315 1.63165
2445070.00319 1.14571
2445071.00324 0.76035
2445072.00329 0.32776
2445073.00333 0.09705
2445074.00338 -0.00864
2445075.00342 0.02335
2445076.00347 0.21322
2445077.00351 0.44409
2445078.00356 0.89453
2445079.00361 1.21358
2445080.00365 1.77887
2445081.00370 2.05452
2445082.00374 2.53334
2445083.00379 3.15778
2445084.00383 3.19340
2445085.00388 2.86223
2445086.00392 3.26532
2445087.00397 2.96357
2445088.00402 2.09597
2445089.00406 1.56670
2445090.00411 1.29382
2445091.00415 0.82245
2445092.00420 0.49530
2445093.00424 0.20830
2445094.00429 0.03616
2445095.00434 -0.00007
2445096.00438 0.10218
2445097.00443 0.40205
2445098.00447 0.65996
2445099.00452 1.04634
2445100.00456 1.48542
2445101.00461 2.24222
2445102.00465 2.52900
2445103.00470 2.81067
2445104.00475 2.57267
2445105.00479 3.09346
2445106.00484 3.70464
2445107.00488 2.85361
2445108.00493 2.41220
2445109.00497 1.87105
2445110.00502 1.29681
2445111.00507 1.03360
2445112.00511 0.69134
2445113.00516 0.33373
2445114.00520 0.09380
2445115.00525 -0.00286
2445116.00529 0.05036
2445117.00534 0.20929
2445118.00538 0.53183
2445119.00543 0.95132
2445120.00548 1.51139
2445121.00552 1.66771
2445122.00557 1.96501
2445123.00561 2.44525
2445124.00566 3.00622
2445125.00570 3.09821
2445126.00575 3.06313
2445127.00580 2.63681
2445128.00584 2.18402
2445129.00589 2.42615
2445130.00593 2.06554
2445131.00598 1.17466
2445132.00602 0.96874
2445133.00607 0.53360
2445134.00611 0.18331
2445135.00616 0.01708
2445136.00621 0.00220
2445137.00625 0.14383
2445138.00630 0.42152
2445139.00634 0.84172
2445140.00639 1.28270
2445141.00643 1.57017
2445142.00648 1.85697
2445143.00653 2.36689
2445144.00657 2.71814
2445145.00662 2.76275
2445146.00666 3.43060
2445147.00671 2.89494
2445148.00675 2.81573
2445149.00680 2.59135
2445150.00684 1.87308
2445151.00689 1.57908
2445152.00694 1.10209
2445153.00698 0.51942
2445154.00703 0.30289
2445155.00707 0.07176
2445156.00712 -0.01560
2445157.00716 0.03971
2445158.00721 0.25932
2445159.00726 0.52554
2445160.00730 0.95692
2445161.00735 1.54759
2445162.00739 2.10509
2445163.00744 2.29057
2445164.00748 2.43150
2445165.00753 2.75003
2445166.00758 3.56555
2445167.00762 3.21007
2445168.00767 2.26597
2445169.00771 2.55423
2445170.00776 2.24129
2445171.00780 1.58481
2445172.00785 1.33784
2445173.00789 0.92724
2445174.00794 0.32285
2445175.00799 0.14192
2445176.00803 -0.01746
2445177.00808 -0.01704
2445178.00812 0.11174
2445179.00817 0.36371
2445366.01670 1.14287
2445367.01675 1.52969
2445368.01679 2.14494
2445369.01684 2.12482
2445370.01688 2.23513
2445371.01693 2.33483
2445372.01698 2.24257
2445373.01702 2.43381
2445374.01707 1.78428
2445375.01711 1.06161
2445376.01716 1.08410
2445377.01720 0.65695
2445378.01725 0.12770
2445379.01729 -0.19591
2445380.01734 -0.43253
2445381.01739 -0.37105
2445382.01743 -0.38887
2445383.01748 -0.22469
2445384.01752 0.12592
2445385.01757 0.53037
2445386.01761 1.02689
2445387.01766 1.63333
2445388.01771 1.99995
2445389.01775 2.36979
2445390.01780 2.31782
2445391.01784 2.35757
2445392.01789 2.77882
2445393.01793 2.62363
2445394.01798 2.20057
2445395.01803 1.32926
2445396.01807 1.00171
2445397.01812 0.60138
2445398.01816 0.23781
2445399.01821 -0.13287
2445400.01825 -0.31249
2445401.01830 -0.62734
2445402.01834 -0.60576
2445403.01839 -0.42239
2445404.01844 -0.11368
2445405.01848 0.23009
2445406.01853 0.69786
2445407.01857 1.25518
2445408.01862 1.74232
2445409.01866 1.93738
2445410.01871 2.48642
2445411.01876 2.14835
2445412.01880 2.77685
2445413.01885 1.77225
2445414.01889 2.12564
2445415.01894 1.90721
2445416.01898 1.37221
2445417.01903 0.81917
2445418.01907 0.34512
2445419.01912 -0.06693
2445420.01917 -0.38271
2445421.01921 -0.58308
2445422.01926 -0.67202
2445423.01930 -0.49238
2445424.01935 -0.35333
2445425.01939 0.00208
2445426.01944 0.45060
2445427.01949 0.91356
2445428.01953 1.45781
2445429.01958 1.76667
2445430.01962 2.23799
2445431.01967 2.45671
2445432.01971 2.31602
2445433.01976 2.14630
2445434.01980 2.02574
2445435.01985 1.79801
2445436.01990 1.45624
2445437.01994 1.10985
2445438.01999 0.45504
2445439.02003 0.02912
2445440.02008 -0.36801
2445441.02012 -0.51685
2445442.02017 -0.61943
2445443.02022 -0.77257
2445444.02026 -0.44952
2445445.02031 -0.26871
2445446.02035 0.13504
2445447.02040 0.57554
2445448.02044 0.90936
2445449.02049 1.33063
2445450.02053 1.97834
2445451.02058 2.27342
2445452.02063 1.79943
2445453.02067 2.66442
2445454.02072 2.19587
2445455.02076 1.96218
2445456.02081 1.50014
2445457.02085 1.06542
2445458.02090 0.62163
2445459.02095 0.16518
2445460.02099 -0.29359
2445461.02104 -0.57193
2445462.02108 -0.78577
2445463.02113 -0.58639
2445464.02117 -0.77125
2445465.02122 -0.48400
2445466.02126 -0.10326
2445467.02131 0.29959
2445468.02136 0.68199
2445469.02140 1.15919
2445470.02145 1.40700
2445471.02149 2.05609
2445472.02154 2.17446
2445473.02158 2.42284
2445474.02163 2.14475
2445475.02168 2.20378
2445476.02172 1.68254
2445477.02177 1.25694
2445478.02181 0.74834
2445479.02186 0.22904
2445480.02190 -0.14162
2445481.02195 -0.57990
2445482.02200 -0.77826
2445483.02204 -0.92741
2445484.02209 -0.89373
2445485.02213 -0.72209
2445486.02218 -0.35775
2445487.02222 0.01979
2445488.02227 0.37954
2445489.02231 0.90080
2445490.02236 1.30497
2445491.02241 2.01171
2445492.02245 2.00615
2445493.02250 2.21998
2445494.02254 1.99235
2445495.02259 2.10164
2445496.02263 1.72921
2445497.02268 1.35982
2445498.02273 0.78321
2445499.02277 0.34893
2445500.02282 -0.07420
2445501.02286 -0.46159
2445502.02291 -0.77744
2445503.02295 -0.92830
2445504.02300 -0.89806
2445505.02304 -0.85099
2445506.02309 -0.65344
2445507.02314 -0.27373
2445508.02318 0.19774
2445509.02323 0.59783
2445510.02327 1.14250
2445511.02332 1.39760
2445512.02336 2.10602
2445513.02341 1.72991
2445514.02346 2.32253
2445515.02350 2.35721
2445516.02355 1.76348
2445517.02359 1.42143
2445518.02364 0.97346
2445519.02368 0.58529
2445520.02373 0.02536
2445521.02377 -0.42187
2445522.02382 -0.82904
2445523.02387 -0.92505
2445524.02391 -1.21020
2445525.02396 -1.05816
2445526.02400 -0.88620
2445527.02405 -0.51100
2445528.02409 -0.10449
2445529.02414 0.37938
2445530.02419 0.69237
2445531.02423 1.18518
2445532.02428 1.59791
2445533.02432 1.97775
2445534.02437 2.08162
2445535.02441 1.83349
2445536.02446 2.00475
2445537.02450 1.46359
2445538.02455 1.09198
2445539.02460 0.73385
2445540.02464 0.14729
2445541.02469 -0.30363
2445542.02473 -0.64724
2445543.02478 -1.08034
2445544.02482 -1.08344
2445545.02487 -1.34614
2445731.03336 -1.88576
2445732.03340 -1.21117
2445733.03345 -0.69068
2445734.03349 -0.31213
2445735.03354 0.09841
2445736.03359 0.49811
2445737.03363 0.76366
2445738.03368 0.97404
2445739.03372 1.14467
2445740.03377 1.09520
2445741.03381 0.74649
2445742.03386 0.27679
2445743.03391 -0.10001
2445744.03395 -0.54117
2445745.03400 -1.25007
2445746.03404 -1.56998
2445747.03409 -1.74724
2445748.03413 -2.14097
2445749.03418 -1.78977
2445750.03422 -1.90124
2445751.03427 -1.56071
2445752.03432 -1.31945
2445753.03436 -1.10728
2445754.03441 -0.75016
2445755.03445 -0.16820
2445756.03450 0.22770
2445757.03454 0.57348
2445758.03459 1.05370
2445759.03464 1.04196
2445760.03468 0.79469
2445761.03473 0.74198
2445762.03477 0.31892
2445763.03482 0.01498
2445764.03486 -0.39517
2445765.03491 -0.94874
2445766.03495 -1.39429
2445767.03500 -1.72028
2445768.03505 -1.81834
2445769.03509 -2.30272
2445770.03514 -2.36674
2445771.03518 -2.09434
2445772.03523 -1.91915
2445773.03527 -1.42405
2445774.03532 -0.95233
2445775.03537 -0.50574
2445776.03541 -0.02755
2445777.03546 0.40847
2445778.03550 0.73346
2445779.03555 0.91092
2445780.03559 1.00186
2445781.03564 0.85486
2445782.03568 0.49878
2445783.03573 0.12928
2445784.03578 -0.37703
2445785.03582 -0.81687
2445786.03587 -1.48011
2445787.03591 -1.57198
2445788.03596 -2.05056
2445789.03600 -2.19978
2445790.03605 -2.44955
2445791.03610 -2.26938
2445792.03614 -2.45172
2445793.03619 -1.65713
2445794.03623 -1.26325
2445795.03628 -0.72699
2445796.03632 -0.23776
2445797.03637 0.12134
2445798.03642 0.39027
2445799.03646 0.75931
2445800.03651 0.85398
2445801.03655 0.66719
2445802.03660 0.58961
2445803.03664 0.23572
2445804.03669 -0.23240
2445805.03673 -0.64457
2445806.03678 -1.13757
2445807.03683 -1.54080
2445808.03687 -1.81901
2445809.03692 -2.31772
2445810.03696 -2.35236
2445811.03701 -2.01586
2445812.03705 -2.27579
2445813.03710 -1.94652
2445814.03715 -1.52986
2445815.03719 -1.35204
2445816.03724 -0.52555
2445817.03728 -0.14843
2445818.03733 0.25873
2445819.03737 0.41033
2445820.03742 0.75936
2445821.03746 0.75652
2445822.03751 0.66894
2445823.03756 0.27711
2445824.03760 -0.08520
2445825.03765 -0.59603
2445826.03769 -0.88456
2445827.03774 -1.67586
2445828.03778 -2.01651
2445829.03783 -2.40445
2445830.03788 -2.42898
2445831.03792 -2.65548
2445832.03797 -2.19639
2445833.03801 -2.19295
2445834.03806 -1.96715
2445835.03810 -1.37053
2445836.03815 -0.72446
2445837.03819 -0.40912
2445838.03824 -0.00794
2445839.03829 0.24073
2445840.03833 0.54645
2445841.03838 0.64342
2445842.03842 0.47173
2445843.03847 0.34835
2445844.03851 0.01290
2445845.03856 -0.45386
2445846.03861 -0.73385
2445847.03865 -1.47016
2445848.03870 -1.66482
2445849.03874 -2.08530
2445850.03879 -2.19599
2445851.03883 -2.38300
2445852.03888 -2.19571
2445853.03892 -2.32099
2445854.03897 -1.91917
2445855.03902 -1.37196
2445856.03906 -1.07603
2445857.03911 -0.57629
2445858.03915 -0.28038
2445859.03920 0.11643
2445860.03924 0.45743
2445861.03929 0.54239
2445862.03934 0.50498
2445863.03938 0.41868
2445864.03943 0.11252
2445865.03947 -0.30962
2445866.03952 -0.81789
2445867.03956 -1.36636
2445868.03961 -1.64178
2445869.03966 -1.64189
2445870.03970 -2.24101
2445871.03975 -3.06657
2445872.03979 -2.47746
2445873.03984 -2.65568
2445874.03988 -1.97884
2445875.03993 -1.95484
2445876.03997 -1.75540
2445877.04002 -1.20331
2445878.04007 -0.52564
2445879.04011 -0.10528
2445880.04016 0.23004
2445881.04020 0.38160
2445882.04025 0.48647
2445883.04029 0.41607
2445884.04034 0.17045
2445885.04039 -0.17460
2445886.04043 -0.64673
2445887.04048 -1.15837
2445888.04052 -1.87031
2445889.04057 -2.16993
2445890.04061 -2.19333
2445891.04066 -3.04793
2445892.04070 -2.71090
2445893.04075 -2.10548
2445894.04080 -2.92861
2445895.04084 -2.21175
2445896.04089 -1.56520
2445897.04093 -1.34209
2445898.04098 -0.84761
2445899.04102 -0.35050
2445900.04107 0.00874
2445901.04112 0.29230
2445902.04116 0.39980
2445903.04121 0.42711
2445904.04125 0.21491
2445905.04130 -0.07299
2445906.04134 -0.46826
2445907.04139 -1.00768
2445908.04143 -1.41608
2445909.04148 -2.04059
2445910.04153 -2.44751
2446096.05001 -3.54727
2446097.05006 -3.31580
2446098.05010 -2.96332
2446099.05015 -3.23418
2446100.05020 -2.31124
2446101.05024 -1.72959
2446102.05029 -1.44108
2446103.05033 -0.89644
2446104.05038 -0.64215
2446105.05042 -0.24119
2446106.05047 -0.03040
2446107.05052 0.01198
2446108.05056 -0.07348
2446109.05061 -0.30430
2446110.05065 -0.57968
2446111.05070 -1.14413
2446112.05074 -1.76365
2446113.05079 -1.94721
2446114.05084 -2.49687
2446115.05088 -2.85997
2446116.05093 -2.91832
2446117.05097 -3.29384
2446118.05102 -2.94801
2446119.05106 -2.65008
2446120.05111 -2.48804
2446121.05115 -1.75150
2446122.05120 -1.57687
2446123.05125 -1.27191
2446124.05129 -0.85347
2446125.05134 -0.39552
2446126.05138 -0.11672
2446127.05143 -0.00146
2446128.05147 -0.02449
2446129.05152 -0.18260
2446130.05157 -0.49492
2446131.05161 -0.93097
2446132.05166 -1.46037
2446133.05170 -1.72544
2446134.05175 -2.03902
2446135.05179 -3.04884
2446136.05184 -2.82009
2446137.05188 -3.61791
2446138.05193 -3.35380
2446139.05198 -3.04460
2446140.05202 -2.24593
2446141.05207 -2.19114
2446142.05211 -1.75775
2446143.05216 -1.63737
2446144.05220 -1.11121
2446145.05225 -0.51747
2446146.05230 -0.21499
2446147.05234 -0.03888
2446148.05239 0.00065
2446149.05243 -0.11294
2446150.05248 -0.35796
2446151.05252 -0.62375
2446152.05257 -1.09420
2446153.05261 -1.52008
2446154.05266 -2.07097
2446155.05271 -2.86938
2446156.05275 -2.66579
2446157.05280 -2.94475
2446158.05284 -3.37444
2446159.05289 -2.82625
2446160.05293 -2.90872
2446161.05298 -2.62195
2446162.05303 -2.20067
2446163.05307 -1.49871
2446164.05312 -1.09515
2446165.05316 -0.69936
2446166.05321 -0.33138
2446167.05325 -0.10792
2446168.05330 0.00530
2446169.05334 -0.03144
2446170.05339 -0.21654
2446171.05344 -0.63306
2446172.05348 -1.07128
2446173.05353 -1.41896
2446174.05357 -2.02565
2446175.05362 -2.60433
2446176.05366 -2.37911
2446177.05371 -2.76153
2446178.05376 -3.04908
2446179.05380 -2.44340
2446180.05385 -2.75761
2446181.05389 -2.83685
2446182.05394 -2.11223
2446183.05398 -1.68891
2446184.05403 -1.23400
2446185.05408 -0.99971
2446186.05412 -0.46144
2446187.05417 -0.16003
2446188.05421 -0.01452
2446189.05426 0.00944
2446190.05430 -0.10200
2446191.05435 -0.34396
2446192.05439 -0.77326
2446193.05444 -1.29558
2446194.05449 -1.68059
2446195.05453 -2.44086
2446196.05458 -2.73311
2446197.05462 -2.94452
2446198.05467 -3.90291
2446199.05471 -3.49234
2446200.05476 -2.99211
2446201.05481 -2.68605
2446202.05485 -2.63287
2446203.05490 -2.23010
2446204.05494 -1.41283
2446205.05499 -1.12461
2446206.05503 -0.60901
2446207.05508 -0.26766
2446208.05512 -0.05591
2446209.05517 0.03931
2446210.05522 -0.02089
2446211.05526 -0.23402
2446212.05531 -0.57852
2446213.05535 -0.95875
2446214.05540 -1.22424
2446215.05544 -1.77333
2446216.05549 -2.97462
2446217.05554 -2.75224
2446218.05558 -2.93880
2446219.05563 -3.39613
2446220.05567 -3.56495
2446221.05572 -2.86832
2446222.05576 -2.29794
2446223.05581 -2.30794
2446224.05585 -1.95337
2446225.05590 -1.33716
2446226.05595 -0.78780
2446227.05599 -0.45782
2446228.05604 -0.14987
2446229.05608 0.03338
2446230.05613 0.04210
2446231.05617 -0.10965
2446232.05622 -0.35989
2446233.05627 -0.75160
2446234.05631 -1.15865
2446235.05636 -1.71210
2446236.05640 -2.12331
2446237.05645 -2.24526
2446238.05649 -3.38423
2446239.05654 -3.51040
2446240.05658 -3.34043
2446241.05663 -2.63310
2446242.05668 -2.72788
2446243.05672 -2.58425
2446244.05677 -1.56672
2446245.05681 -1.46099
2446246.05686 -1.03534
2446247.05690 -0.59950
2446248.05695 -0.18328
2446249.05700 0.00905
2446250.05704 0.08437
2446251.05709 0.01537
2446252.05713 -0.17274
2446253.05718 -0.55933
2446254.05722 -1.03544
2446255.05727 -1.13527
2446256.05731 -1.99432
2446257.05736 -2.19057
2446258.05741 -2.79377
2446259.05745 -2.43916
2446260.05750 -3.11634
2446261.05754 -3.28968
2446262.05759 -2.54002
2446263.05763 -2.48615
2446264.05768 -1.93642
2446265.05773 -1.35736
2446266.05777 -1.25909
2446267.05782 -0.67272
2446268.05786 -0.27390
2446269.05791 -0.03352
2446270.05795 0.09825
2446271.05800 0.10523
2446272.05805 -0.05139
2446273.05809 -0.32064
2446274.05814 -0.78844
2446275.05818 -1.32210
2446461.06667 -1.61042
2446462.06672 -2.06346
2446463.06676 -2.49170
2446464.06681 -2.83421
2446465.06685 -2.14326
2446466.06690 -2.47768
2446467.06694 -2.05327
2446468.06699 -1.63122
2446469.06703 -1.49577
2446470.06708 -0.62929
2446471.06713 -0.28885
2446472.06717 0.13018
2446473.06722 0.46054
2446474.06726 0.63380
2446475.06731 0.59519
2446476.06735 0.64300
2446477.06740 0.35246
2446478.06745 0.09395
2446479.06749 -0.29202
2446480.06754 -0.90474
2446481.06758 -1.18799
2446482.06763 -1.75040
2446483.06767 -2.26540
2446484.06772 -2.50975
2446485.06776 -2.88509
2446486.06781 -2.18990
2446487.06786 -2.28074
2446488.06790 -1.61194
2446489.06795 -1.42867
2446490.06799 -1.03576
2446491.06804 -0.50956
2446492.06808 0.02794
2446493.06813 0.36643
2446494.06818 0.81454
2446495.06822 0.84029
2446496.06827 0.68848
2446497.06831 0.65513
2446498.06836 0.35447
2446499.06840 -0.04821
2446500.06845 -0.44513
2446501.06850 -0.93504
2446502.06854 -1.48550
2446503.06859 -1.92795
2446504.06863 -1.99726
2446505.06868 -1.88703
2446506.06872 -2.04507
2446507.06877 -2.40111
2446508.06881 -1.87107
2446509.06886 -1.54771
2446510.06891 -1.09826
2446511.06895 -0.56226
2446512.06900 -0.07720
2446513.06904 0.33133
2446514.06909 0.68173
2446515.06913 0.87454
2446516.06918 0.88696
2446517.06923 0.76479
2446518.06927 0.56717
2446519.06932 0.23988
2446520.06936 -0.19910
2446521.06941 -0.74349
2446522.06945 -1.33907
2446523.06950 -1.84716
2446524.06954 -1.95259
2446525.06959 -1.93207
2446526.06964 -2.10075
2446527.06968 -1.75470
2446528.06973 -2.41261
2446529.06977 -1.57068
2446530.06982 -1.06444
2446531.06986 -0.73834
2446532.06991 -0.18252
2446533.06996 0.25615
2446534.07000 0.60251
2446535.07005 0.88755
2446536.07009 1.08476
2446537.07014 1.23742
2446538.07018 0.79999
2446539.07023 0.51212
2446540.07027 0.10089
2446541.07032 -0.41362
2446542.07037 -0.91182
2446543.07041 -1.42967
2446544.07046 -1.92679
2446545.07050 -2.49503
2446546.07055 -1.92553
2446547.07059 -2.14949
2446548.07064 -2.31613
2446549.07069 -1.91967
2446550.07073 -1.14905
2446551.07078 -0.75626
2446552.07082 -0.30457
2446553.07087 0.14382
2446554.07091 0.58331
2446555.07096 0.87874
2446556.07100 0.97314
2446557.07105 1.24039
2446558.07110 1.17622
2446559.07114 0.70468
2446560.07119 0.34935
2446561.07123 -0.06377
2446562.07128 -0.56918
2446563.07132 -1.11360
2446564.07137 -1.67930
2446565.07142 -2.23095
2446566.07146 -1.86930
2446567.07151 -1.68431
2446568.07155 -1.77610
2446569.07160 -1.64407
2446570.07164 -1.45044
2446571.07169 -0.99911
2446572.07173 -0.49869
2446573.07178 0.03325
2446574.07183 0.49783
2446575.07187 0.97131
2446576.07192 1.16381
2446577.07196 1.16737
2446578.07201 1.23874
2446579.07205 1.00289
2446580.07210 0.55501
2446581.07215 0.18066
2446582.07219 -0.22532
2446583.07224 -0.86838
2446584.07228 -1.31315
2446585.07233 -1.32212
2446586.07237 -1.83769
2446587.07242 -1.84041
2446588.07247 -1.71343
2446589.07251 -1.73484
2446590.07256 -1.63273
2446591.07260 -1.17652
2446592.07265 -0.64488
2446593.07269 -0.09074
2446594.07274 0.39688
2446595.07278 0.95717
2446596.07283 1.03904
2446597.07288 1.28718
2446598.07292 1.22999
2446599.07297 1.07481
2446600.07301 0.92404
2446601.07306 0.53207
2446602.07310 0.06554
2446603.07315 -0.37771
2446604.07320 -0.79025
2446605.07324 -1.47937
2446606.07329 -1.31032
2446607.07333 -2.06371
2446608.07338 -1.84987
2446609.07342 -1.76248
2446610.07347 -1.56774
2446611.07351 -1.31949
2446612.07356 -0.71729
2446613.07361 -0.23458
2446614.07365 0.27685
2446615.07370 0.88195
2446616.07374 1.13056
2446617.07379 1.51326
2446618.07383 1.85805
2446619.07388 1.02338
2446620.07393 1.05298
2446621.07397 0.89417
2446622.07402 0.34919
2446623.07406 -0.07821
2446624.07411 -0.55110
2446625.07415 -1.22372
2446626.07420 -1.47632
2446627.07424 -1.69705
2446628.07429 -1.80171
2446629.07434 -1.42071
2446630.07438 -1.32967
2446631.07443 -1.30809
2446632.07447 -0.78691
2446633.07452 -0.33476
2446634.07456 0.16581
2446635.07461 0.58445
2446636.07466 1.21582
2446637.07470 1.20645
2446638.07475 1.30979
2446639.07479 1.63745
2446640.07484 1.52313
2446827.08337 1.21386
2446828.08342 0.56844
2446829.08346 0.15178
2446830.08351 -0.24588
2446831.08355 -0.57877
2446832.08360 -0.87142
2446833.08365 -0.65563
2446834.08369 -0.67393
2446835.08374 -0.42505
2446836.08378 -0.05497
2446837.08383 0.37473
2446838.08387 0.91111
2446839.08392 1.43290
2446840.08396 1.71417
2446841.08401 1.95501
2446842.08406 2.33922
2446843.08410 2.42508
2446844.08415 2.32562
2446845.08419 1.72371
2446846.08424 1.71418
2446847.08428 1.61265
2446848.08433 0.83305
2446849.08438 0.41295
2446850.08442 -0.00959
2446851.08447 -0.36918
2446852.08451 -0.66168
2446853.08456 -0.64059
2446854.08460 -0.75444
2446855.08465 -0.58856
2446856.08469 -0.16727
2446857.08474 0.29005
2446858.08479 0.96544
2446859.08483 1.09071
2446860.08488 1.85954
2446861.08492 1.97386
2446862.08497 2.25002
2446863.08501 2.33201
2446864.08506 2.34910
2446865.08511 2.19737
2446866.08515 2.07955
2446867.08520 1.74534
2446868.08524 1.28224
2446869.08529 0.78106
2446870.08533 0.31911
2446871.08538 -0.15095
2446872.08542 -0.42116
2446873.08547 -0.59791
2446874.08552 -0.60837
2446875.08556 -0.60746
2446876.08561 -0.19284
2446877.08565 0.13265
2446878.08570 0.67357
2446879.08574 1.07989
2446880.08579 1.42359
2446881.08584 1.78849
2446882.08588 2.31281
2446883.08593 2.23674
2446884.08597 3.06343
2446885.08602 2.59188
2446886.08606 2.40508
2446887.08611 2.25706
2446888.08615 1.73446
2446889.08620 1.14288
2446890.08625 0.51551
2446891.08629 0.11351
2446892.08634 -0.21759
2446893.08638 -0.53451
2446894.08643 -0.53660
2446895.08647 -0.53671
2446896.08652 -0.31878
2446897.08657 0.04710
2446898.08661 0.37690
2446899.08666 0.94140
2446900.08670 1.49962
2446901.08675 2.28631
2446902.08679 2.40991
2446903.08684 2.13677
2446904.08689 2.84820
2446905.08693 2.97786
2446906.08698 2.14816
2446907.08702 2.61212
2446908.08707 1.87352
2446909.08711 1.52512
2446910.08716 0.68190
2446911.08720 0.39337
2446912.08725 -0.02901
2446913.08730 -0.39053
2446914.08734 -0.43740
2446915.08739 -0.45263
2446916.08743 -0.31309
2446917.08748 -0.05919
2446918.08752 0.33433
2446919.08757 0.72541
2446920.08762 1.43171
2446921.08766 1.59610
2446922.08771 2.17378
2446923.08775 2.90455
2446924.08780 2.68717
2446925.08784 2.70171
2446926.08789 2.86696
2446927.08793 2.38676
2446928.08798 1.96992
2446929.08803 1.45090
2446930.08807 1.36393
2446931.08812 0.71926
2446932.08816 0.21121
2446933.08821 -0.14082
2446934.08825 -0.40307
2446935.08830 -0.44164
2446936.08835 -0.30772
2446937.08839 -0.12230
2446938.08844 0.23612
2446939.08848 0.70796
2446940.08853 1.16382
2446941.08857 1.76034
2446942.08862 2.35946
2446943.08866 2.42173
2446944.08871 2.71880
2446945.08876 3.09820
2446946.08880 3.07066
2446947.08885 2.75853
2446948.08889 2.05596
2446949.08894 2.40561
2446950.08898 1.33782
2446951.08903 0.91118
2446952.08908 0.45854
2446953.08912 0.06297
2446954.08917 -0.22128
2446955.08921 -0.40700
2446956.08926 -0.36862
2446957.08930 -0.19143
2446958.08935 0.10313
2446959.08939 0.44143
2446960.08944 0.91574
2446961.08949 1.41870
2446962.08953 2.07638
2446963.08958 2.58147
2446964.08962 2.78892
2446965.08967 3.21020
2446966.08971 2.95042
2446967.08976 2.96231
2446968.08981 2.72722
2446969.08985 2.31713
2446970.08990 1.56513
2446971.08994 1.42087
2446972.08999 0.63822
2446973.09003 0.30120
2446974.09008 -0.03193
2446975.09013 -0.25075
2446976.09017 -0.24033
2446977.09022 -0.25307
2446978.09026 0.03049
2446979.09031 0.39434
2446980.09035 0.89700
2446981.09040 1.53610
2446982.09044 1.94007
2446983.09049 2.04284
2446984.09054 2.68507
2446985.09058 2.88158
2446986.09063 3.31503
2446987.09067 3.11022
2446988.09072 2.56246
2446989.09076 2.28008
2446990.09081 1.93107
2446991.09086 1.87297
2446992.09090 1.03683
2446993.09095 0.56365
2446994.09099 0.14324
2446995.09104 -0.11260
2446996.09108 -0.28744
2446997.09113 -0.24705
2446998.09117 -0.03732
2446999.09122 0.25661
2447000.09127 0.61586
2447001.09131 1.15827
2447002.09136 1.65363
2447003.09140 2.01606
2447004.09145 2.23287
2447005.09149 2.69044
2447006.09154 3.06303
2447192.10003 3.23052
2447193.10007 3.49878
2447194.10012 2.48481
2447195.10016 1.69212
2447196.10021 1.36446
2447197.10026 0.89863
2447198.10030 0.56327
2447199.10035 0.28670
2447200.10039 0.04799
2447201.10044 -0.00621
2447202.10048 0.08866
2447203.10053 0.34933
2447204.10057 0.84273
2447205.10062 1.29915
2447206.10067 1.64217
2447207.10071 2.22763
2447208.10076 2.33225
2447209.10080 3.34250
2447210.10085 3.19218
2447211.10089 3.71270
2447212.10094 2.72575
2447213.10099 2.63341
2447214.10103 2.31550
2447215.10108 2.37883
2447216.10112 1.73395
2447217.10117 1.33353
2447218.10121 0.84786
2447219.10126 0.30769
2447220.10131 0.12134
2447221.10135 -0.01206
2447222.10140 0.02625
2447223.10144 0.17235
2447224.10149 0.58151
2447225.10153 1.08232
2447226.10158 1.30382
2447227.10162 1.56573
2447228.10167 2.44334
2447229.10172 3.10271
2447230.10176 2.80579
2447231.10181 3.54462
2447232.10185 3.38256
2447233.10190 2.93345
2447234.10194 2.82005
2447235.10199 2.52399
2447236.10204 2.21172
2447237.10208 1.42162
2447238.10213 1.02334
2447239.10217 0.47145
2447240.10222 0.20734
2447241.10226 0.00558
2447242.10231 -0.03078
2447243.10235 0.10218
2447244.10240 0.36640
2447245.10245 0.79539
2447246.10249 1.32189
2447247.10254 1.63896
2447248.10258 1.83962
2447249.10263 2.05240
2447250.10267 3.27645
2447251.10272 3.05291
2447252.10277 3.92820
2447253.10281 3.08627
2447254.10286 3.01344
2447255.10290 2.68373
2447256.10295 2.40824
2447257.10299 1.49548
2447258.10304 0.97587
2447259.10308 0.56699
2447260.10313 0.26475
2447261.10318 0.04400
2447262.10322 -0.06808
2447263.10327 -0.00772
2447264.10331 0.20354
2447265.10336 0.50892
2447266.10340 1.00366
2447267.10345 1.53311
2447268.10350 2.00130
2447269.10354 3.11977
2447270.10359 2.78869
2447271.10363 3.28715
2447272.10368 3.72978
2447273.10372 3.58348
2447274.10377 3.56101
2447275.10381 2.47459
2447276.10386 2.79178
2447277.10391 1.79235
2447278.10395 1.50641
2447279.10400 0.93751
2447280.10404 0.39546
2447281.10409 0.11183
2447282.10413 -0.05656
2447283.10418 -0.08952
2447284.10423 0.04805
2447285.10427 0.30176
2447286.10432 0.76984
2447287.10436 1.33385
2447288.10441 1.85984
2447289.10445 2.29500
2447290.10450 2.87524
2447291.10455 3.19536
2447292.10459 3.27620
2447293.10464 3.35924
2447294.10468 2.62148
2447295.10473 2.42901
2447296.10477 2.14547
2447297.10482 1.79481
2447298.10486 1.41314
2447299.10491 1.11285
2447300.10496 0.47110
2447301.10500 0.20612
2447302.10505 -0.03570
2447303.10509 -0.10696
2447304.10514 -0.06123
2447305.10518 0.18079
2447306.10523 0.49704
2447307.10528 0.96820
2447308.10532 1.50610
2447309.10537 1.89513
2447310.10541 2.26003
2447311.10546 2.98080
2447312.10550 2.86248
2447313.10555 3.05725
2447314.10559 2.82844
2447315.10564 2.19974
2447316.10569 2.26245
2447317.10573 2.18169
2447318.10578 1.41981
2447319.10582 1.23835
2447320.10587 0.78662
2447321.10591 0.32389
2447322.10596 0.01568
2447323.10601 -0.12194
2447324.10605 -0.14210
2447325.10610 0.00028
2447326.10614 0.30259
2447327.10619 0.72792
2447328.10623 1.21885
2447329.10628 2.00838
2447330.10632 1.89095
2447331.10637 2.52226
2447332.10642 3.02364
2447333.10646 3.01956
2447334.10651 3.70946
2447335.10655 3.40612
2447336.10660 2.80894
2447337.10664 2.32122
2447338.10669 1.84388
2447339.10674 1.37955
2447340.10678 0.97414
2447341.10683 0.46630
2447342.10687 0.08070
2447343.10692 -0.12539
2447344.10696 -0.17703
2447345.10701 -0.14423
2447346.10705 0.09106
2447347.10710 0.52018
2447348.10715 0.97942
2447349.10719 1.58174
2447350.10724 2.01758
2447351.10728 2.34678
2447352.10733 2.70502
2447353.10737 3.16391
2447354.10742 2.37975
2447355.10747 3.08190
2447356.10751 3.23899
2447357.10756 2.46492
2447358.10760 2.24451
2447359.10765 1.64882
2447360.10769 1.08132
2447361.10774 0.54592
2447362.10778 0.19579
2447363.10783 -0.08806
2447364.10788 -0.28646
2447365.10792 -0.23231
2447366.10797 -0.06665
2447367.10801 0.22967
2447368.10806 0.68182
2447369.10810 0.91581
2447370.10815 1.72632
2447371.10820 2.03650
2447557.11668 2.33898
2447558.11673 1.74789
2447559.11677 2.33688
2447560.11682 2.47775
2447561.11687 2.16474
2447562.11691 1.91695
2447563.11696 1.07905
2447564.11700 0.48854
2447565.11705 0.02310
2447566.11709 -0.38995
2447567.11714 -0.89516
2447568.11719 -0.93119
2447569.11723 -0.95657
2447570.11728 -1.09346
2447571.11732 -0.83245
2447572.11737 -0.39651
2447573.11741 0.11206
2447574.11746 0.66008
2447575.11750 1.29079
2447576.11755 1.71351
2447577.11760 2.04423
2447578.11764 2.29140
2447579.11769 2.18682
2447580.11773 2.41250
2447581.11778 2.40488
2447582.11782 1.79084
2447583.11787 1.25711
2447584.11792 0.56406
2447585.11796 0.14958
2447586.11801 -0.34025
2447587.11805 -0.89872
2447588.11810 -0.99938
2447589.11814 -1.14728
2447590.11819 -0.94590
2447591.11823 -1.00565
2447592.11828 -0.47129
2447593.11833 -0.18793
2447594.11837 0.22763
2447595.11842 0.68365
2447596.11846 1.35820
2447597.11851 1.44855
2447598.11855 2.11027
2447599.11860 2.41624
2447600.11865 2.22312
2447601.11869 2.10087
2447602.11874 2.00313
2447603.11878 1.34178
2447604.11883 0.74803
2447605.11887 0.29209
2447606.11892 -0.19181
2447607.11897 -0.72278
2447608.11901 -1.00652
2447609.11906 -1.27618
2447610.11910 -1.34223
2447611.11915 -1.21863
2447612.11919 -0.86085
2447613.11924 -0.50618
2447614.11928 -0.05377
2447615.11933 0.41808
2447616.11938 0.85953
2447617.11942 1.19579
2447618.11947 2.01211
2447619.11951 1.88097
2447620.11956 1.66093
2447621.11960 2.24953
2447622.11965 1.68356
2447623.11970 1.52036
2447624.11974 0.87633
2447625.11979 0.36712
2447626.11983 -0.09395
2447627.11988 -0.53713
2447628.11992 -1.04506
2447629.11997 -1.40384
2447630.12001 -1.49230
2447631.12006 -1.47975
2447632.12011 -1.33548
2447633.12015 -0.76635
2447634.12020 -0.38732
2447635.12024 0.11486
2447636.12029 0.80845
2447637.12033 1.01453
2447638.12038 1.69254
2447639.12043 1.92031
2447640.12047 1.98936
2447641.12052 2.04685
2447642.12056 2.30561
2447643.12061 1.46082
2447644.12065 0.95599
2447645.12070 0.67261
2447646.12074 0.02071
2447647.12079 -0.50947
2447648.12084 -1.13778
2447649.12088 -1.31069
2447650.12093 -1.57379
2447651.12097 -1.52610
2447652.12102 -1.33498
2447653.12106 -1.16748
2447654.12111 -0.64862
2447655.12116 -0.21908
2447656.12120 0.31879
2447657.12125 0.86215
2447658.12129 1.20314
2447659.12134 1.68236
2447660.12138 1.85222
2447661.12143 2.18392
2447662.12147 1.91926
2447663.12152 1.42167
2447664.12157 1.19970
2447665.12161 0.66374
2447666.12166 0.15047
2447667.12170 -0.36143
2447668.12175 -1.03343
2447669.12179 -1.29237
2447670.12184 -1.53714
2447671.12189 -1.40305
2447672.12193 -1.38816
2447673.12198 -1.33989
2447674.12202 -0.95649
2447675.12207 -0.49132
2447676.12211 -0.03569
2447677.12216 0.59636
2447678.12220 1.10487
2447679.12225 1.35229
2447680.12230 1.71469
2447681.12234 1.99291
2447682.12239 1.55732
2447683.12243 2.01091
2447684.12248 1.37440
2447685.12252 0.81287
2447686.12257 0.30974
2447687.12262 -0.29244
2447688.12266 -0.77581
2447689.12271 -1.38119
2447690.12275 -1.23323
2447691.12280 -1.23646
2447692.12284 -1.83763
2447693.12289 -1.54743
2447694.12294 -1.38562
2447695.12298 -0.86984
2447696.12303 -0.36563
2447697.12307 0.16477
2447698.12312 0.58624
2447699.12316 0.97791
2447700.12321 1.39504
2447701.12325 1.60697
2447702.12330 1.74326
2447703.12335 1.51203
2447704.12339 1.27598
2447705.12344 0.93307
2447706.12348 0.38604
2447707.12353 -0.10758
2447708.12357 -0.69339
2447709.12362 -1.00464
2447710.12367 -1.51451
2447711.12371 -1.66131
2447712.12376 -1.59845
2447713.12380 -1.92364
2447714.12385 -1.36882
2447715.12389 -1.29881
2447716.12394 -0.56477
2447717.12398 -0.21567
2447718.12403 0.36577
2447719.12408 0.80391
2447720.12412 1.31270
2447721.12417 1.37133
2447722.12421 1.45150
2447723.12426 1.88213
2447724.12430 1.60063
2447725.12435 0.98868
2447726.12440 0.54511
2447727.12444 0.01729
2447728.12449 -0.53570
2447729.12453 -1.06049
2447730.12458 -1.43566
2447731.12462 -1.80731
2447732.12467 -1.81289
2447733.12471 -1.85335
2447734.12476 -2.01034
2447735.12481 -1.56246
2447736.12485 -1.13140
2447922.13334 -0.92011
2447923.13339 -0.34404
2447924.13343 0.05212
2447925.13348 0.50125
2447926.13352 0.55052
2447927.13357 0.51989
2447928.13361 0.43823
2447929.13366 0.21179
2447930.13370 -0.19018
2447931.13375 -0.73983
2447932.13380 -1.16068
2447933.13384 -1.81091
2447934.13389 -2.24547
2447935.13393 -2.83685
2447936.13398 -3.07361
2447937.13402 -2.80866
2447938.13407 -3.05609
2447939.13412 -2.68618
2447940.13416 -1.90119
2447941.13421 -1.54424
2447942.13425 -0.96286
2447943.13430 -0.60321
2447944.13434 -0.24260
2447945.13439 0.17978
2447946.13443 0.45328
2447947.13448 0.44521
2447948.13453 0.44542
2447949.13457 0.27618
2447950.13462 -0.09716
2447951.13466 -0.53699
2447952.13471 -1.01386
2447953.13475 -1.65240
2447954.13480 -2.33547
2447955.13485 -2.57281
2447956.13489 -2.83590
2447957.13494 -2.83645
2447958.13498 -3.78277
2447959.13503 -2.61949
2447960.13507 -2.50234
2447961.13512 -1.71505
2447962.13516 -1.36834
2447963.13521 -1.00859
2447964.13526 -0.48577
2447965.13530 -0.08355
2447966.13535 0.21441
2447967.13539 0.38493
2447968.13544 0.49921
2447969.13548 0.26646
2447970.13553 0.00361
2447971.13558 -0.33718
2447972.13562 -0.83679
2447973.13567 -1.37833
2447974.13571 -2.02447
2447975.13576 -2.81810
2447976.13580 -2.92205
2447977.13585 -2.73081
2447978.13589 -3.43910
2447979.13594 -3.28288
2447980.13599 -2.75444
2447981.13603 -2.26525
2447982.13608 -1.86946
2447983.13612 -1.24425
2447984.13617 -0.68129
2447985.13621 -0.26331
2447986.13626 0.05688
2447987.13631 0.30485
2447988.13635 0.39199
2447989.13640 0.31014
2447990.13644 0.08485
2447991.13649 -0.33331
2447992.13653 -0.71904
2447993.13658 -1.20822
2447994.13662 -1.92400
2447995.13667 -2.11782
2447996.13672 -2.47688
2447997.13676 -2.80210
2447998.13681 -3.42014
2447999.13685 -3.08133
2448000.13690 -3.41595
2448001.13694 -2.75447
2448002.13699 -2.09124
2448003.13704 -1.56899
2448004.13708 -1.22088
2448005.13713 -0.57073
2448006.13717 -0.17316
2448007.13722 0.13487
2448008.13726 0.27845
2448009.13731 0.27745
2448010.13736 0.15319
2448011.13740 -0.18418
2448012.13745 -0.64498
2448013.13749 -1.14389
2448014.13754 -1.61757
2448015.13758 -1.95300
2448016.13763 -2.29217
2448017.13767 -2.81495
2448018.13772 -3.09436
2448019.13777 -2.64448
2448020.13781 -3.34540
2448021.13786 -2.73113
2448022.13790 -2.95374
2448023.13795 -1.89365
2448024.13799 -1.56821
2448025.13804 -1.01063
2448026.13809 -0.44397
2448027.13813 -0.03979
2448028.13818 0.18271
2448029.13822 0.29775
2448030.13827 0.19501
2448031.13831 -0.07535
2448032.13836 -0.43068
2448033.13840 -0.99978
2448034.13845 -1.56141
2448035.13850 -2.11153
2448036.13854 -2.88493
2448037.13859 -3.31071
2448038.13863 -3.40223
2448039.13868 -2.95869
2448040.13872 -3.80625
2448041.13877 -3.16962
2448042.13882 -2.04498
2448043.13886 -2.45097
2448044.13891 -1.59954
2448045.13895 -1.14754
2448046.13900 -0.64716
2448047.13904 -0.27805
2448048.13909 0.06185
2448049.13913 0.20655
2448050.13918 0.17787
2448051.13923 0.00130
2448052.13927 -0.35372
2448053.13932 -0.76994
2448054.13936 -1.35059
2448055.13941 -1.69806
2448056.13945 -2.11500
2448057.13950 -2.72791
2448058.13955 -3.09373
2448059.13959 -3.72161
2448060.13964 -3.29463
2448061.13968 -3.29656
2448062.13973 -3.00884
2448063.13977 -2.77914
2448064.13982 -2.16415
2448065.13986 -1.70346
2448066.13991 -0.99107
2448067.13996 -0.44052
2448068.14000 -0.12581
2448069.14005 0.10500
2448070.14009 0.17383
2448071.14014 0.04944
2448072.14018 -0.23905
2448073.14023 -0.72735
2448074.14028 -1.11466
2448075.14032 -1.43425
2448076.14037 -2.44694
2448077.14041 -2.40968
2448078.14046 -3.20062
2448079.14050 -3.54678
2448080.14055 -3.31155
2448081.14060 -3.16453
2448082.14064 -2.62888
2448083.14069 -2.78320
2448084.14073 -2.53810
2448085.14078 -1.99657
2448086.14082 -1.25700
2448087.14087 -0.80529
2448088.14091 -0.35628
2448089.14096 -0.02132
2448090.14101 0.10755
2448091.14105 0.08923
2448092.14110 -0.10625
2448093.14114 -0.55524
2448094.14119 -0.95286
2448095.14123 -1.26205
2448096.14128 -2.09245
2448097.14133 -2.52653
2448098.14137 -3.08675
2448099.14142 -3.70583
2448100.14146 -3.31160
2448101.14151 -2.99342
2448288.15004 -2.89343
2448289.15009 -1.98306
2448290.15013 -1.46780
2448291.15018 -0.92738
2448292.15022 -0.56446
2448293.15027 -0.21631
2448294.15031 0.01145
2448295.15036 0.05344
2448296.15041 -0.05101
2448297.15045 -0.36799
2448298.15050 -0.73113
2448299.15054 -1.22827
2448300.15059 -1.88959
2448301.15063 -2.26897
2448302.15068 -2.94619
2448303.15073 -3.12280
2448304.15077 -3.20310
2448305.15082 -2.34534
2448306.15086 -3.55410
2448307.15091 -3.74614
2448308.15095 -2.70347
2448309.15100 -2.07021
2448310.15104 -1.98876
2448311.15109 -1.18037
2448312.15114 -0.69346
2448313.15118 -0.30535
2448314.15123 -0.03314
2448315.15127 0.10203
2448316.15132 0.04324
2448317.15136 -0.11080
2448318.15141 -0.48306
2448319.15146 -1.06544
2448320.15150 -1.37953
2448321.15155 -2.45109
2448322.15159 -2.88802
2448323.15164 -3.14795
2448324.15168 -3.45567
2448325.15173 -3.26114
2448326.15178 -3.45769
2448327.15182 -3.49542
2448328.15187 -2.64831
2448329.15191 -2.62589
2448330.15196 -2.15097
2448331.15200 -1.48991
2448332.15205 -0.78748
2448333.15209 -0.47471
2448334.15214 -0.10597
2448335.15219 0.09935
2448336.15223 0.12565
2448337.15228 -0.00983
2448338.15232 -0.28375
2448339.15237 -0.73175
2448340.15241 -1.29354
2448341.15246 -2.02653
2448342.15251 -2.44176
2448343.15255 -2.76003
2448344.15260 -3.75299
2448345.15264 -3.04024
2448346.15269 -3.37210
2448347.15273 -3.55914
2448348.15278 -2.69758
2448349.15282 -2.10481
2448350.15287 -2.41783
2448351.15292 -1.43284
2448352.15296 -1.01473
2448353.15301 -0.68610
2448354.15305 -0.19168
2448355.15310 0.06862
2448356.15314 0.18133
2448357.15319 0.09582
2448358.15324 -0.10568
2448359.15328 -0.51570
2448360.15333 -1.09020
2448361.15337 -1.45784
2448362.15342 -2.28179
2448363.15346 -2.22158
2448364.15351 -2.81848
2448365.15355 -2.74170
2448366.15360 -4.02519
2448367.15365 -3.46160
2448368.15369 -2.91799
2448369.15374 -3.14282
2448370.15378 -2.44762
2448371.15383 -1.88605
2448372.15387 -1.35600
2448373.15392 -0.82163
2448374.15397 -0.39083
2448375.15401 0.01950
2448376.15406 0.19446
2448377.15410 0.21053
2448378.15415 0.06991
2448379.15419 -0.24391
2448380.15424 -0.73439
2448381.15428 -1.28817
2448382.15433 -2.00296
2448383.15438 -2.02462
2448384.15442 -3.18637
2448385.15447 -2.88127
2448386.15451 -2.69526
2448387.15456 -3.26017
2448388.15460 -2.67767
2448389.15465 -2.84682
2448390.15470 -2.87657
2448391.15474 -1.71730
2448392.15479 -1.64146
2448393.15483 -0.95948
2448394.15488 -0.39164
2448395.15492 -0.05844
2448396.15497 0.19728
2448397.15502 0.26143
2448398.15506 0.20736
2448399.15511 -0.02814
2448400.15515 -0.39287
2448401.15520 -1.06411
2448402.15524 -1.76519
2448403.15529 -1.94228
2448404.15533 -2.50070
2448405.15538 -3.17492
2448406.15543 -3.54134
2448407.15547 -3.65002
2448408.15552 -3.30249
2448409.15556 -3.41001
2448410.15561 -2.73681
2448411.15565 -2.14814
2448412.15570 -1.54789
2448413.15575 -1.32709
2448414.15579 -0.59665
2448415.15584 -0.15100
2448416.15588 0.17586
2448417.15593 0.26696
2448418.15597 0.31511
2448419.15602 0.15018
2448420.15606 -0.17870
2448421.15611 -0.62856
2448422.15616 -1.01691
2448423.15620 -1.89259
2448424.15625 -2.17763
2448425.15629 -2.62401
2448426.15634 -2.82022
2448427.15638 -2.97773
2448428.15643 -2.85133
2448429.15648 -3.46274
2448430.15652 -2.68598
2448431.15657 -2.07218
2448432.15661 -2.26007
2448433.15666 -1.38203
2448434.15670 -0.73508
2448435.15675 -0.23327
2448436.15679 0.11058
2448437.15684 0.40429
2448438.15689 0.39210
2448439.15693 0.38835
2448440.15698 0.08123
2448441.15702 -0.33177
2448442.15707 -0.79709
2448443.15711 -1.31393
2448444.15716 -1.95968
2448445.15721 -2.43565
2448446.15725 -2.89039
2448447.15730 -2.98983
2448448.15734 -3.24234
2448449.15739 -3.42398
2448450.15743 -2.68220
2448451.15748 -2.29884
2448452.15752 -2.41210
2448453.15757 -1.68665
2448454.15762 -0.98012
2448455.15766 -0.44504
2448456.15771 0.02708
2448457.15775 0.34171
2448458.15780 0.46556
2448459.15784 0.54685
2448460.15789 0.26465
2448461.15794 -0.06805
2448462.15798 -0.56395
2448463.15803 -1.15695
2448464.15807 -1.31944
2448465.15812 -2.40462
2448466.15816 -2.17277
2448467.15821 -2.77456
2448653.16670 -2.61284
2448654.16674 -1.99890
2448655.16679 -1.92422
2448656.16683 -1.48080
2448657.16688 -0.70068
2448658.16693 -0.24603
2448659.16697 0.34782
2448660.16702 0.84492
2448661.16706 1.19212
2448662.16711 1.49284
2448663.16715 1.51956
2448664.16720 1.30938
2448665.16724 1.17158
2448666.16729 0.63716
2448667.16734 0.22222
2448668.16738 -0.30865
2448669.16743 -1.02047
2448670.16747 -1.53705
2448671.16752 -1.85357
2448672.16756 -2.15173
2448673.16761 -1.98478
2448674.16766 -1.98611
2448675.16770 -1.54422
2448676.16775 -1.69430
2448677.16779 -1.05332
2448678.16784 -0.36673
2448679.16788 0.19758
2448680.16793 0.78097
2448681.16797 1.06568
2448682.16802 1.15368
2448683.16807 1.35089
2448684.16811 1.25817
2448685.16816 1.40775
2448686.16820 1.10159
2448687.16825 0.58277
2448688.16829 0.00985
2448689.16834 -0.58785
2448690.16839 -1.10054
2448691.16843 -1.56778
2448692.16848 -1.85979
2448693.16852 -1.65529
2448694.16857 -1.83461
2448695.16861 -1.88911
2448696.16866 -1.81871
2448697.16870 -1.02753
2448698.16875 -0.52494
2448699.16880 0.05769
2448700.16884 0.60234
2448701.16889 1.14889
2448702.16893 1.32129
2448703.16898 1.70910
2448704.16902 1.80619
2448705.16907 1.57296
2448706.16912 1.58027
2448707.16916 1.01080
2448708.16921 0.38935
2448709.16925 -0.20849
2448710.16930 -0.67067
2448711.16934 -1.31161
2448712.16939 -1.82874
2448713.16944 -1.64986
2448714.16948 -2.01691
2448715.16953 -1.98841
2448716.16957 -1.61916
2448717.16962 -1.15947
2448718.16966 -0.62304
2448719.16971 -0.07414
2448720.16975 0.52415
2448721.16980 1.17208
2448722.16985 1.40627
2448723.16989 1.91400
2448724.16994 1.74574
2448725.16998 1.67299
2448726.17003 1.52156
2448727.17007 1.32756
2448728.17012 0.68409
2448729.17017 0.20562
2448730.17021 -0.37449
2448731.17026 -0.90515
2448732.17030 -1.43808
2448733.17035 -2.04538
2448734.17039 -1.74508
2448735.17044 -2.07427
2448736.17048 -1.27220
2448737.17053 -1.38016
2448738.17058 -0.81444
2448739.17062 -0.23514
2448740.17067 0.36358
2448741.17071 0.81614
2448742.17076 1.54102
2448743.17080 1.67273
2448744.17085 2.49651
2448745.17090 2.10185
2448746.17094 1.84396
2448747.17099 1.52180
2448748.17103 1.17340
2448749.17108 0.56629
2448750.17112 -0.01298
2448751.17117 -0.59178
2448752.17121 -0.89789
2448753.17126 -1.50772
2448754.17131 -1.93065
2448755.17135 -1.35465
2448756.17140 -1.41572
2448757.17144 -1.23642
2448758.17149 -0.95313
2448759.17153 -0.40349
2448760.17158 0.21841
2448761.17163 0.92592
2448762.17167 1.18543
2448763.17172 1.70147
2448764.17176 1.66328
2448765.17181 2.04863
2448766.17185 1.84239
2448767.17190 1.66601
2448768.17194 1.30670
2448769.17199 0.85991
2448770.17204 0.43872
2448771.17208 -0.18828
2448772.17213 -0.71049
2448773.17217 -1.29776
2448774.17222 -1.72171
2448775.17226 -1.47148
2448776.17231 -1.47741
2448777.17236 -1.45030
2448778.17240 -1.06572
2448779.17245 -0.45555
2448780.17249 0.06280
2448781.17254 0.52107
2448782.17258 1.15467
2448783.17263 1.55411
2448784.17268 2.45648
2448785.17272 1.97611
2448786.17277 2.04058
2448787.17281 2.12515
2448788.17286 1.66242
2448789.17290 1.19072
2448790.17295 0.66011
2448791.17299 0.15711
2448792.17304 -0.37816
2448793.17309 -0.82380
2448794.17313 -1.17405
2448795.17318 -1.65460
2448796.17322 -1.54676
2448797.17327 -1.34297
2448798.17331 -0.93463
2448799.17336 -0.65807
2448800.17341 -0.07070
2448801.17345 0.60237
2448802.17350 1.16528
2448803.17354 1.86310
2448804.17359 1.95556
2448805.17363 2.07474
2448806.17368 2.30796
2448807.17372 2.22901
2448808.17377 1.94820
2448809.17382 1.62430
2448810.17386 0.88843
2448811.17391 0.55419
2448812.17395 -0.04057
2448813.17400 -0.64479
2448814.17404 -1.02131
2448815.17409 -1.51295
2448816.17414 -1.42634
2448817.17418 -1.25968
2448818.17423 -1.15427
2448819.17427 -0.60612
2448820.17432 -0.21478
2448821.17436 0.38402
2448822.17441 0.93017
2448823.17445 1.43901
2448824.17450 2.17087
2448825.17455 2.52238
2448826.17459 2.57853
2448827.17464 2.10751
2448828.17468 2.29359
2448829.17473 1.79081
2448830.17477 1.41076
2448831.17482 0.76377
2448832.17487 0.31017
2449018.18335 0.16570
2449019.18340 -0.16346
2449020.18344 -0.39883
2449021.18349 -0.44663
2449022.18354 -0.27428
2449023.18358 0.05206
2449024.18363 0.52994
2449025.18367 0.99292
2449026.18372 1.40139
2449027.18376 2.08474
2449028.18381 2.68731
2449029.18386 3.25547
2449030.18390 3.24817
2449031.18395 3.98933
2449032.18399 2.77916
2449033.18404 3.34717
2449034.18408 2.50963
2449035.18413 1.92927
2449036.18417 1.54319
2449037.18422 0.97872
2449038.18427 0.39862
2449039.18431 0.02818
2449040.18436 -0.24380
2449041.18440 -0.35545
2449042.18445 -0.28414
2449043.18449 -0.04048
2449044.18454 0.40010
2449045.18459 0.71566
2449046.18463 1.40432
2449047.18468 2.47498
2449048.18472 2.42721
2449049.18477 3.38978
2449050.18481 3.66643
2449051.18486 3.21789
2449052.18490 3.37827
2449053.18495 3.45867
2449054.18500 2.50568
2449055.18504 2.08663
2449056.18509 2.00304
2449057.18513 1.36127
2449058.18518 0.77177
2449059.18522 0.27633
2449060.18527 -0.06661
2449061.18532 -0.29521
2449062.18536 -0.24088
2449063.18541 -0.12542
2449064.18545 0.23835
2449065.18550 0.54205
2449066.18554 1.19397
2449067.18559 1.88314
2449068.18563 2.77021
2449069.18568 2.36372
2449070.18573 3.87867
2449071.18577 4.36579
2449072.18582 3.57164
2449073.18586 3.62776
2449074.18591 3.32682
2449075.18595 2.57702
2449076.18600 2.27716
2449077.18605 1.59548
2449078.18609 1.05128
2449079.18614 0.52246
2449080.18618 0.12767
2449081.18623 -0.15714
2449082.18627 -0.24158
2449083.18632 -0.14115
2449084.18636 0.10677
2449085.18641 0.61107
2449086.18646 1.02669
2449087.18650 1.52965
2449088.18655 2.17024
2449089.18659 2.76709
2449090.18664 3.22091
2449091.18668 3.66474
2449092.18673 3.64943
2449093.18678 3.20610
2449094.18682 3.58698
2449095.18687 2.45007
2449096.18691 2.87854
2449097.18696 1.70619
2449098.18700 1.52317
2449099.18705 0.88727
2449100.18710 0.40517
2449101.18714 0.00982
2449102.18719 -0.13884
2449103.18723 -0.14193
2449104.18728 0.03154
2449105.18732 0.34269
2449106.18737 0.92894
2449107.18741 1.69890
2449108.18746 1.92698
2449109.18751 2.38357
2449110.18755 2.91108
2449111.18760 3.39570
2449112.18764 3.76153
2449113.18769 3.55092
2449114.18773 3.70029
2449115.18778 3.81349
2449116.18783 2.92526
2449117.18787 2.29935
2449118.18792 1.55853
2449119.18796 1.10789
2449120.18801 0.57108
2449121.18805 0.19868
2449122.18810 -0.06999
2449123.18814 -0.12889
2449124.18819 -0.02877
2449125.18824 0.26891
2449126.18828 0.52439
2449127.18833 1.26008
2449128.18837 1.66136
2449129.18842 2.46509
2449130.18846 3.54093
2449131.18851 3.59543
2449132.18856 3.54900
2449133.18860 4.38162
2449134.18865 3.36048
2449135.18869 3.96446
2449136.18874 3.60595
2449137.18878 2.18972
2449138.18883 1.92553
2449139.18887 1.44612
2449140.18892 0.87788
2449141.18897 0.37274
2449142.18901 0.07395
2449143.18906 -0.08376
2449144.18910 -0.05927
2449145.18915 0.17851
2449146.18919 0.49326
2449147.18924 0.85219
2449148.18929 1.68757
2449149.18933 2.30154
2449150.18938 2.83548
2449151.18942 3.10895
2449152.18947 3.10433
2449153.18951 3.93440
2449154.18956 3.60033
2449155.18960 4.27542
2449156.18965 3.30948
2449157.18970 2.87030
2449158.18974 2.02597
2449159.18979 1.74631
2449160.18983 1.27618
2449161.18988 0.70411
2449162.18992 0.22245
2449163.18997 -0.00275
2449164.19002 -0.06517
2449165.19006 0.05980
2449166.19011 0.33537
2449167.19015 0.86564
2449168.19020 1.26378
2449169.19024 1.76438
2449170.19029 2.31582
2449171.19033 2.75040
2449172.19038 3.69039
2449173.19043 3.03286
2449174.19047 3.94456
2449175.19052 4.24941
2449176.19056 3.84935
2449177.19061 2.97090
2449178.19065 2.52743
2449179.19070 2.40447
2449180.19075 1.40043
2449181.19079 0.67283
2449182.19084 0.45175
2449183.19088 0.11618
2449184.19093 -0.03076
2449185.19097 0.01455
2449186.19102 0.22327
2449187.19107 0.58712
2449188.19111 0.99463
2449189.19116 1.82697
2449190.19120 2.49695
2449191.19125 2.77635
2449192.19129 3.93721
2449193.19134 3.54517
2449194.19138 4.31117
2449195.19143 3.92661
2449196.19148 3.69276
2449197.19152 3.34548
2449383.20001 1.83784
2449384.20005 1.57584
2449385.20010 0.94318
2449386.20015 0.50325
2449387.20019 0.10375
2449388.20024 -0.11800
2449389.20028 -0.22156
2449390.20033 -0.05763
2449391.20037 0.24052
2449392.20042 0.73056
2449393.20047 1.15899
2449394.20051 2.00814
2449395.20056 2.18212
2449396.20060 2.70728
2449397.20065 2.95670
2449398.20069 4.10973
2449399.20074 3.19700
2449400.20078 3.88260
2449401.20083 3.30810
2449402.20088 2.81783
2449403.20092 2.14053
2449404.20097 1.66558
2449405.20101 1.26614
2449406.20106 0.51114
2449407.20110 0.19681
2449408.20115 -0.12142
2449409.20120 -0.16798
2449410.20124 -0.19098
2449411.20129 0.05042
2449412.20133 0.46236
2449413.20138 1.00165
2449414.20142 1.40032
2449415.20147 2.34434
2449416.20152 2.99334
2449417.20156 3.14104
2449418.20161 3.38051
2449419.20165 3.36996
2449420.20170 3.66652
2449421.20174 3.05063
2449422.20179 2.86981
2449423.20183 2.78092
2449424.20188 1.90519
2449425.20193 1.31337
2449426.20197 0.80345
2449427.20202 0.33092
2449428.20206 -0.06339
2449429.20211 -0.29319
2449430.20215 -0.30219
2449431.20220 -0.10725
2449432.20225 0.20317
2449433.20229 0.59068
2449434.20234 1.27817
2449435.20238 2.07610
2449436.20243 2.26903
2449437.20247 2.68457
2449438.20252 3.65670
2449439.20256 4.37485
2449440.20261 3.75397
2449441.20266 2.87206
2449442.20270 3.36325
2449443.20275 2.19140
2449444.20279 2.19999
2449445.20284 1.73880
2449446.20288 1.04532
2449447.20293 0.36858
2449448.20298 0.01653
2449449.20302 -0.30922
2449450.20307 -0.39122
2449451.20311 -0.33278
2449452.20316 -0.06136
2449453.20320 0.34629
2449454.20325 0.78839
2449455.20329 1.56121
2449456.20334 2.26340
2449457.20339 2.83415
2449458.20343 3.07453
2449459.20348 3.60111
2449460.20352 2.85467
2449461.20357 3.74858
2449462.20361 3.54849
2449463.20366 2.93055
2449464.20371 2.79501
2449465.20375 1.93183
2449466.20380 1.31980
2449467.20384 0.62573
2449468.20389 0.11669
2449469.20393 -0.25476
2449470.20398 -0.43978
2449471.20402 -0.39631
2449472.20407 -0.26968
2449473.20412 0.08864
2449474.20416 0.57073
2449475.20421 1.31340
2449476.20425 1.77697
2449477.20430 2.57985
2449478.20434 2.57495
2449479.20439 2.95714
2449480.20444 3.89041
2449481.20448 3.11541
2449482.20453 2.79538
2449483.20457 2.80393
2449484.20462 2.48692
2449485.20466 1.89173
2449486.20471 1.38772
2449487.20475 0.72768
2449488.20480 0.25606
2449489.20485 -0.19425
2449490.20489 -0.45714
2449491.20494 -0.54153
2449492.20498 -0.43692
2449493.20503 -0.16056
2449494.20507 0.24842
2449495.20512 0.87149
2449496.20517 1.50565
2449497.20521 2.18646
2449498.20526 2.62976
2449499.20530 3.08549
2449500.20535 3.30161
2449501.20539 3.88512
2449502.20544 3.47215
2449503.20549 3.20230
2449504.20553 2.75908
2449505.20558 1.81878
2449506.20562 1.35660
2449507.20567 1.02853
2449508.20571 0.39307
2449509.20576 -0.08852
2449510.20580 -0.45008
2449511.20585 -0.65334
2449512.20590 -0.58565
2449513.20594 -0.47942
2449514.20599 -0.05114
2449515.20603 0.48232
2449516.20608 1.22909
2449517.20612 1.45903
2449518.20617 1.97909
2449519.20622 2.46071
2449520.20626 2.78962
2449521.20631 3.18534
2449522.20635 3.34040
2449523.20640 3.02284
2449524.20644 3.26995
2449525.20649 2.04714
2449526.20653 1.71231
2449527.20658 1.16787
2449528.20663 0.55201
2449529.20667 0.01843
2449530.20672 -0.33321
2449531.20676 -0.50093
2449532.20681 -0.78149
2449533.20685 -0.56736
2449534.20690 -0.34944
2449535.20695 0.09957
2449536.20699 0.60462
2449537.20704 1.13924
2449538.20708 1.95226
2449539.20713 2.43734
2449540.20717 2.33895
2449541.20722 3.27457
2449542.20726 3.66266
2449543.20731 3.37696
2449544.20736 3.18763
2449545.20740 2.30614
2449546.20745 2.15675
2449547.20749 1.53567
2449548.20754 0.79085
2449549.20758 0.14596
2449550.20763 -0.34791
2449551.20768 -0.71846
2449552.20772 -0.76998
2449553.20777 -0.65219
2449554.20781 -0.48767
2449555.20786 -0.19865
2449556.20790 0.31079
2449557.20795 1.15030
2449558.20799 1.43881
2449559.20804 1.80763
2449560.20809 2.78657
2449561.20813 2.85735
2449562.20818 2.87504
2449749.21671 1.74152
2449750.21676 1.07541
2449751.21680 0.46095
2449752.21685 -0.16838
2449753.21689 -0.79928
2449754.21694 -1.28110
2449755.21698 -1.50954
2449756.21703 -2.11969
2449757.21708 -2.33681
2449758.21712 -2.11217
2449759.21717 -1.62366
2449760.21721 -1.03589
2449761.21726 -0.55624
2449762.21730 0.04330
2449763.21735 0.77424
2449764.21740 0.84392
2449765.21744 1.64445
2449766.21749 1.69443
2449767.21753 1.73907
2449768.21758 1.75318
2449769.21762 1.29850
2449770.21767 1.07232
2449771.21771 0.58199
2449772.21776 0.00992
2449773.21781 -0.60869
2449774.21785 -1.10222
2449775.21790 -1.75521
2449776.21794 -1.55582
2449777.21799 -2.25672
2449778.21803 -2.27706
2449779.21808 -2.10804
2449780.21813 -1.50851
2449781.21817 -0.92582
2449782.21822 -0.30804
2449783.21826 0.23261
2449784.21831 0.77962
2449785.21835 1.51690
2449786.21840 1.82801
2449787.21844 2.09330
2449788.21849 2.04973
2449789.21854 1.96633
2449790.21858 1.26424
2449791.21863 0.73530
2449792.21867 0.13655
2449793.21872 -0.44683
2449794.21876 -1.02964
2449795.21881 -1.52314
2449796.21886 -1.86028
2449797.21890 -2.10821
2449798.21895 -2.32299
2449799.21899 -2.17458
2449800.21904 -1.81427
2449801.21908 -1.49059
2449802.21913 -0.62935
2449803.21917 -0.12599
2449804.21922 0.43034
2449805.21927 0.99263
2449806.21931 1.49587
2449807.21936 1.43689
2449808.21940 1.64907
2449809.21945 1.49355
2449810.21949 1.41957
2449811.21954 0.80792
2449812.21959 0.33343
2449813.21963 -0.26886
2449814.21968 -0.96298
2449815.21972 -1.58938
2449816.21977 -2.24402
2449817.21981 -2.29192
2449818.21986 -2.29184
2449819.21991 -2.08719
2449820.21995 -1.98182
2449821.22000 -1.58558
2449822.22004 -1.05131
2449823.22009 -0.55766
2449824.22013 0.07523
2449825.22018 0.62434
2449826.22022 1.13577
2449827.22027 1.44053
2449828.22032 1.45409
2449829.22036 1.48794
2449830.22041 1.59835
2449831.22045 0.92950
2449832.22050 0.34665
2449833.22054 -0.16359
2449834.22059 -0.72515
2449835.22064 -1.58724
2449836.22068 -2.16924
2449837.22073 -2.06480
2449838.22077 -2.49912
2449839.22082 -2.17985
2449840.22086 -2.81257
2449841.22091 -1.82130
2449842.22095 -1.46924
2449843.22100 -0.87920
2449844.22105 -0.35432
2449845.22109 0.26064
2449846.22114 0.58845
2449847.22118 1.51112
2449848.22123 1.45005
2449849.22127 1.43534
2449850.22132 1.32157
2449851.22137 1.17872
2449852.22141 0.70765
2449853.22146 0.00531
2449854.22150 -0.58729
2449855.22155 -1.42237
2449856.22159 -1.70829
2449857.22164 -2.16984
2449858.22168 -2.39994
2449859.22173 -2.50232
2449860.22178 -2.08886
2449861.22182 -2.42505
2449862.22187 -1.74494
2449863.22191 -1.16893
2449864.22196 -0.61350
2449865.22200 -0.11742
2449866.22205 0.48948
2449867.22210 0.97313
2449868.22214 1.13836
2449869.22219 1.28635
2449870.22223 1.37049
2449871.22228 1.17330
2449872.22232 0.58108
2449873.22237 0.15229
2449874.22241 -0.43652
2449875.22246 -1.23926
2449876.22251 -1.83922
2449877.22255 -1.95034
2449878.22260 -2.44074
2449879.22264 -2.64232
2449880.22269 -3.00936
2449881.22273 -2.90899
2449882.22278 -2.44931
2449883.22283 -1.59105
2449884.22287 -1.23287
2449885.22292 -0.56773
2449886.22296 0.10372
2449887.22301 0.60451
2449888.22305 1.07616
2449889.22310 1.11284
2449890.22315 1.22134
2449891.22319 1.07716
2449892.22324 0.81080
2449893.22328 0.35852
2449894.22333 -0.30457
2449895.22337 -0.94619
2449896.22342 -1.80339
2449897.22346 -2.12720
2449898.22351 -2.56415
2449899.22356 -2.75147
2449900.22360 -2.72836
2449901.22365 -2.70910
2449902.22369 -2.47494
2449903.22374 -2.30844
2449904.22378 -1.38183
2449905.22383 -0.84234
2449906.22388 -0.27686
2449907.22392 0.30434
2449908.22397 0.81520
2449909.22401 0.93141
2449910.22406 1.15512
2449911.22410 1.11886
2449912.22415 0.77892
2449913.22419 0.39377
2449914.22424 -0.14480
2449915.22429 -0.86627
2449916.22433 -1.42354
2449917.22438 -1.65974
2449918.22442 -2.33831
2449919.22447 -2.78246
2449920.22451 -3.10724
2449921.22456 -3.65947
2449922.22461 -2.77464
2449923.22465 -2.57860
2449924.22470 -2.10514
2449925.22474 -1.35566
2449926.22479 -0.50938
2449927.22483 -0.07897
2449928.22488 0.43222
2450114.23337 0.21177
2450115.23341 0.24660
2450116.23346 0.05310
2450117.23350 -0.29060
2450118.23355 -0.82340
2450119.23359 -1.31573
2450120.23364 -1.87286
2450121.23369 -2.25671
2450122.23373 -3.02955
2450123.23378 -3.35337
2450124.23382 -3.80760
2450125.23387 -3.96352
2450126.23391 -3.93856
2450127.23396 -3.12177
2450128.23401 -2.84435
2450129.23405 -2.56539
2450130.23410 -1.68869
2450131.23414 -1.27428
2450132.23419 -0.78880
2450133.23423 -0.20764
2450134.23428 0.09826
2450135.23433 0.19211
2450136.23437 0.09156
2450137.23442 -0.19161
2450138.23446 -0.57753
2450139.23451 -0.82462
2450140.23455 -1.74346
2450141.23460 -2.45527
2450142.23464 -2.99329
2450143.23469 -3.18977
2450144.23474 -4.17751
2450145.23478 -3.64889
2450146.23483 -4.50988
2450147.23487 -3.49104
2450148.23492 -4.09091
2450149.23496 -2.72576
2450150.23501 -2.55495
2450151.23506 -1.50996
2450152.23510 -1.03063
2450153.23515 -0.51276
2450154.23519 -0.06880
2450155.23524 0.11471
2450156.23528 0.12135
2450157.23533 -0.06917
2450158.23537 -0.38380
2450159.23542 -1.01545
2450160.23547 -1.23737
2450161.23551 -2.24185
2450162.23556 -2.86374
2450163.23560 -3.49768
2450164.23565 -3.80264
2450165.23569 -4.30748
2450166.23574 -4.08255
2450167.23579 -3.86329
2450168.23583 -3.25192
2450169.23588 -2.82236
2450170.23592 -3.12902
2450171.23597 -2.09763
2450172.23601 -1.24562
2450173.23606 -0.74176
2450174.23610 -0.24681
2450175.23615 0.01096
2450176.23620 0.11306
2450177.23624 -0.00164
2450178.23629 -0.30895
2450179.23633 -0.74307
2450180.23638 -1.46965
2450181.23642 -1.84117
2450182.23647 -2.32256
2450183.23652 -2.89461
2450184.23656 -3.56453
2450185.23661 -4.36640
2450186.23665 -3.64236
2450187.23670 -4.40737
2450188.23674 -3.77331
2450189.23679 -3.78565
2450190.23683 -3.68488
2450191.23688 -2.37318
2450192.23693 -1.72783
2450193.23697 -0.88536
2450194.23702 -0.41594
2450195.23706 -0.12250
2450196.23711 0.04525
2450197.23715 0.03475
2450198.23720 -0.17816
2450199.23725 -0.56532
2450200.23729 -1.13969
2450201.23734 -1.79607
2450202.23738 -2.57941
2450203.23743 -2.88746
2450204.23747 -3.57929
2450205.23752 -4.34760
2450206.23757 -4.16757
2450207.23761 -3.90477
2450208.23766 -4.20105
2450209.23770 -2.89374
2450210.23775 -2.64313
2450211.23779 -2.30426
2450212.23784 -1.88882
2450213.23788 -1.47029
2450214.23793 -0.63454
2450215.23798 -0.27368
2450216.23802 -0.03251
2450217.23807 0.04032
2450218.23811 -0.09423
2450219.23816 -0.40491
2450220.23820 -0.96702
2450221.23825 -1.54174
2450222.23830 -2.17915
2450223.23834 -2.43062
2450224.23839 -2.80794
2450225.23843 -3.84425
2450226.23848 -4.38105
2450227.23852 -3.69567
2450228.23857 -3.82443
2450229.23861 -3.17511
2450230.23866 -3.17048
2450231.23871 -2.93440
2450232.23875 -2.26106
2450233.23880 -1.71092
2450234.23884 -1.10980
2450235.23889 -0.45226
2450236.23893 -0.14143
2450237.23898 0.01253
2450238.23903 -0.02369
2450239.23907 -0.23778
2450240.23912 -0.74059
2450241.23916 -1.05109
2450242.23921 -1.72721
2450243.23925 -2.49421
2450244.23930 -3.31700
2450245.23934 -3.04803
2450246.23939 -3.37174
2450247.23944 -4.59421
2450248.23948 -4.29563
2450249.23953 -4.10191
2450250.23957 -3.23502
2450251.23962 -2.61432
2450252.23966 -2.53781
2450253.23971 -1.61784
2450254.23976 -1.33390
2450255.23980 -0.63826
2450256.23985 -0.34248
2450257.23989 -0.05097
2450258.23994 0.00360
2450259.23998 -0.14054
2450260.24003 -0.50622
2450261.24007 -1.03181
2450262.24012 -1.52413
2450263.24017 -2.19121
2450264.24021 -2.46802
2450265.24026 -3.38743
2450266.24030 -4.30755
2450267.24035 -3.91023
2450268.24039 -3.67892
2450269.24044 -3.52636
2450270.24049 -3.94096
2450271.24053 -4.08932
2450272.24058 -3.21071
2450273.24062 -2.29966
2450274.24067 -1.41540
2450275.24071 -0.91726
2450276.24076 -0.41949
2450277.24080 -0.16110
2450278.24085 0.00107
2450279.24090 -0.05534
2450280.24094 -0.29466
2450281.24099 -0.77734
2450282.24103 -1.15589
2450283.24108 -2.19176
2450284.24112 -2.47628
2450285.24117 -3.15649
2450286.24122 -4.29494
2450287.24126 -4.00051
2450288.24131 -4.25193
2450289.24135 -4.49005
2450290.24140 -3.73167
2450291.24144 -3.79363
2450292.24149 -3.39440
2450293.24154 -2.60420
2450479.25002 -0.70467
2450480.25007 -0.27357
2450481.25011 0.13502
2450482.25016 0.35101
2450483.25021 0.44661
2450484.25025 0.23514
2450485.25030 -0.10895
2450486.25034 -0.61768
2450487.25039 -1.16756
2450488.25043 -1.83816
2450489.25048 -2.78906
2450490.25052 -2.61871
2450491.25057 -3.13687
2450492.25062 -4.11904
2450493.25066 -4.33811
2450494.25071 -3.80573
2450495.25075 -2.69020
2450496.25080 -2.61859
2450497.25084 -2.27086
2450498.25089 -1.61936
2450499.25094 -0.90011
2450500.25098 -0.38385
2450501.25103 0.03644
2450502.25107 0.32936
2450503.25112 0.48275
2450504.25116 0.43554
2450505.25121 0.17089
2450506.25125 -0.26538
2450507.25130 -0.85684
2450508.25135 -1.37323
2450509.25139 -2.03726
2450510.25144 -2.52247
2450511.25148 -3.22026
2450512.25153 -3.58107
2450513.25157 -3.37882
2450514.25162 -3.63992
2450515.25167 -3.25491
2450516.25171 -3.06659
2450517.25176 -2.49901
2450518.25180 -2.03157
2450519.25185 -1.35491
2450520.25189 -0.62554
2450521.25194 -0.07286
2450522.25199 0.32160
2450523.25203 0.57433
2450524.25208 0.51175
2450525.25212 0.32562
2450526.25217 0.02787
2450527.25221 -0.48456
2450528.25226 -1.16684
2450529.25230 -1.83199
2450530.25235 -2.66206
2450531.25240 -3.02839
2450532.25244 -3.50160
2450533.25249 -3.23644
2450534.25253 -3.46335
2450535.25258 -3.40661
2450536.25262 -3.10015
2450537.25267 -2.51142
2450538.25272 -2.02144
2450539.25276 -1.34684
2450540.25281 -0.95834
2450541.25285 -0.20337
2450542.25290 0.23544
2450543.25294 0.49796
2450544.25299 0.68087
2450545.25303 0.54269
2450546.25308 0.28756
2450547.25313 -0.14073
2450548.25317 -0.71414
2450549.25322 -1.37890
2450550.25326 -2.13849
2450551.25331 -2.52597
2450552.25335 -2.67391
2450553.25340 -3.80310
2450554.25345 -3.86946
2450555.25349 -3.00668
2450556.25354 -3.21131
2450557.25358 -3.10332
2450558.25363 -2.47523
2450559.25367 -1.60028
2450560.25372 -0.82503
2450561.25376 -0.32510
2450562.25381 0.16096
2450563.25386 0.42041
2450564.25390 0.65677
2450565.25395 0.71077
2450566.25399 0.52623
2450567.25404 0.18165
2450568.25408 -0.39576
2450569.25413 -1.03642
2450570.25418 -1.69081
2450571.25422 -2.07144
2450572.25427 -3.14238
2450573.25431 -3.09228
2450574.25436 -3.75160
2450575.25440 -4.44427
2450576.25445 -3.02033
2450577.25449 -3.27808
2450578.25454 -1.92180
2450579.25459 -1.93675
2450580.25463 -1.41299
2450581.25468 -0.50018
2450582.25472 0.04712
2450583.25477 0.49188
2450584.25481 0.74467
2450585.25486 0.95247
2450586.25491 0.68743
2450587.25495 0.53620
2450588.25500 0.00843
2450589.25504 -0.62668
2450590.25509 -1.35058
2450591.25513 -2.01233
2450592.25518 -2.72189
2450593.25522 -2.95446
2450594.25527 -3.00722
2450595.25532 -3.49593
2450596.25536 -3.19253
2450597.25541 -3.15795
2450598.25545 -2.76733
2450599.25550 -1.84480
2450600.25554 -1.36223
2450601.25559 -0.70971
2450602.25564 -0.09973
2450603.25568 0.47199
2450604.25573 0.75477
2450605.25577 0.92412
2450606.25582 0.93463
2450607.25586 0.78715
2450608.25591 0.33286
2450609.25596 -0.18784
2450610.25600 -0.80903
2450611.25605 -1.46321
2450612.25609 -1.98097
2450613.25614 -2.85936
2450614.25618 -3.07028
2450615.25623 -3.06596
2450616.25627 -4.12261
2450617.25632 -2.58137
2450618.25637 -2.47098
2450619.25641 -2.53133
2450620.25646 -1.41446
2450621.25650 -1.04860
2450622.25655 -0.28740
2450623.25659 0.36516
2450624.25664 0.77998
2450625.25669 1.04483
2450626.25673 0.98783
2450627.25678 1.01003
2450628.25682 0.65516
2450629.25687 0.15197
2450630.25691 -0.43909
2450631.25696 -0.73106
2450632.25700 -1.83207
2450633.25705 -2.20016
2450634.25710 -2.71961
2450635.25714 -2.85857
2450636.25719 -2.79801
2450637.25723 -2.89640
2450638.25728 -2.94315
2450639.25732 -2.41697
2450640.25737 -1.57939
2450641.25742 -1.16971
2450642.25746 -0.40454
2450643.25751 0.22195
2450644.25755 0.72258
2450645.25760 1.08155
2450646.25764 1.26253
2450647.25769 1.11798
2450648.25773 0.81283
2450649.25778 0.52493
2450650.25783 -0.01760
2450651.25787 -0.55472
2450652.25792 -1.40152
2450653.25796 -1.81916
2450654.25801 -2.20376
2450655.25805 -3.09947
2450656.25810 -2.89586
2450657.25815 -3.25859
2450658.25819 -2.80337
2450844.26668 -0.71016
2450845.26672 -0.07949
2450846.26677 0.49011
2450847.26682 1.21340
2450848.26686 1.91883
2450849.26691 2.23378
2450850.26695 2.35077
2450851.26700 2.24598
2450852.26704 2.85516
2450853.26709 2.43164
2450854.26714 1.44403
2450855.26718 1.06584
2450856.26723 0.32800
2450857.26727 -0.30810
2450858.26732 -0.96119
2450859.26736 -1.45181
2450860.26741 -1.83665
2450861.26745 -1.55302
2450862.26750 -2.00000
2450863.26755 -1.40037
2450864.26759 -0.83293
2450865.26764 -0.23791
2450866.26768 0.43165
2450867.26773 0.95601
2450868.26777 1.90122
2450869.26782 2.54848
2450870.26787 1.97039
2450871.26791 2.19068
2450872.26796 2.47129
2450873.26800 2.34988
2450874.26805 1.94996
2450875.26809 1.46490
2450876.26814 0.71291
2450877.26818 0.11193
2450878.26823 -0.45060
2450879.26828 -1.10149
2450880.26832 -1.31436
2450881.26837 -1.37956
2450882.26841 -1.51162
2450883.26846 -1.41170
2450884.26850 -1.06898
2450885.26855 -0.43086
2450886.26860 0.18917
2450887.26864 0.93639
2450888.26869 1.85458
2450889.26873 2.43263
2450890.26878 1.90465
2450891.26882 2.35270
2450892.26887 2.56406
2450893.26891 2.64177
2450894.26896 1.81331
2450895.26901 1.97589
2450896.26905 1.12849
2450897.26910 0.49764
2450898.26914 -0.13483
2450899.26919 -0.76002
2450900.26923 -1.33884
2450901.26928 -1.43963
2450902.26933 -1.70672
2450903.26937 -1.14713
2450904.26942 -1.04056
2450905.26946 -0.50278
2450906.26951 0.09324
2450907.26955 0.72212
2450908.26960 1.39991
2450909.26964 2.27650
2450910.26969 2.85141
2450911.26974 2.41422
2450912.26978 3.57062
2450913.26983 2.68330
2450914.26987 2.92913
2450915.26992 2.45010
2450916.26996 1.59601
2450917.27001 0.97776
2450918.27006 0.26100
2450919.27010 -0.35547
2450920.27015 -0.86125
2450921.27019 -1.35017
2450922.27024 -1.25118
2450923.27028 -1.46869
2450924.27033 -0.97613
2450925.27038 -0.54977
2450926.27042 -0.06964
2450927.27047 0.71009
2450928.27051 1.04427
2450929.27056 1.91525
2450930.27060 2.38798
2450931.27065 3.28797
2450932.27069 3.28457
2450933.27074 3.29581
2450934.27079 3.31961
2450935.27083 2.57554
2450936.27088 2.04380
2450937.27092 1.54639
2450938.27097 0.77890
2450939.27101 0.05277
2450940.27106 -0.51806
2450941.27111 -0.86277
2450942.27115 -1.16873
2450943.27120 -1.14664
2450944.27124 -0.97411
2450945.27129 -0.74561
2450946.27133 -0.22493
2450947.27138 0.44990
2450948.27142 1.03134
2450949.27147 1.62785
2450950.27152 2.51951
2450951.27156 2.58361
2450952.27161 3.48350
2450953.27165 3.09539
2450954.27170 3.72166
2450955.27174 2.89486
2450956.27179 2.44746
2450957.27184 1.92405
2450958.27188 1.12444
2450959.27193 0.44847
2450960.27197 -0.13468
2450961.27202 -0.77972
2450962.27206 -1.02408
2450963.27211 -1.21082
2450964.27215 -1.03425
2450965.27220 -0.76119
2450966.27225 -0.33178
2450967.27229 0.25321
2450968.27234 0.92419
2450969.27238 1.77409
2450970.27243 2.40738
2450971.27247 2.57736
2450972.27252 3.34180
2450973.27257 3.26152
2450974.27261 3.47201
2450975.27266 3.57244
2450976.27270 2.90121
2450977.27275 2.26264
2450978.27279 1.71972
2450979.27284 0.92338
2450980.27288 0.20797
2450981.27293 -0.37057
2450982.27298 -0.71882
2450983.27302 -0.92934
2450984.27307 -1.16035
2450985.27311 -0.86088
2450986.27316 -0.50647
2450987.27320 0.06568
2450988.27325 0.82719
2450989.27330 1.29579
2450990.27334 1.97004
2450991.27339 2.61538
2450992.27343 3.15118
2450993.27348 3.61265
2450994.27352 3.52738
2450995.27357 3.59790
2450996.27362 3.58645
2450997.27366 3.02743
2450998.27371 1.74519
2450999.27375 1.51865
2451000.27380 0.64466
2451001.27384 0.02283
2451002.27389 -0.57239
2451003.27393 -0.81339
2451004.27398 -0.97628
2451005.27403 -0.57037
2451006.27407 -0.49961
2451007.27412 -0.06395
2451008.27416 0.66763
2451009.27421 1.26653
2451010.27425 2.05729
2451011.27430 2.58172
2451012.27435 3.66592
2451013.27439 3.31754
2451014.27444 4.06769
2451015.27448 3.43397
2451016.27453 3.12892
2451017.27457 3.06537
2451018.27462 2.60465
2451019.27466 1.64262
2451020.27471 1.12224
2451021.27476 0.40544
2451022.27480 -0.14287
2451023.27485 -0.56354
2451209.28333 -0.10534
2451210.28338 0.09637
2451211.28343 0.55646
2451212.28347 0.92468
2451213.28352 1.99110
2451214.28356 2.92560
2451215.28361 2.99481
2451216.28365 4.32089
2451217.28370 4.49857
2451218.28375 4.71625
2451219.28379 3.63930
2451220.28384 5.13812
2451221.28388 3.80025
2451222.28393 3.35415
2451223.28397 3.01149
2451224.28402 2.09986
2451225.28406 1.58102
2451226.28411 0.96529
2451227.28416 0.34744
2451228.28420 0.03979
2451229.28425 -0.07885
2451230.28429 0.02516
2451231.28434 0.37492
2451232.28438 0.75789
2451233.28443 1.28763
2451234.28448 2.06864
2451235.28452 3.13089
2451236.28457 3.21368
2451237.28461 3.91057
2451238.28466 4.60434
2451239.28470 5.16217
2451240.28475 4.69630
2451241.28480 3.64493
2451242.28484 3.98258
2451243.28489 3.87574
2451244.28493 2.53718
2451245.28498 1.95647
2451246.28502 1.38081
2451247.28507 0.62356
2451248.28511 0.17143
2451249.28516 -0.02065
2451250.28521 -0.01472
2451251.28525 0.18245
2451252.28530 0.59481
2451253.28534 1.13940
2451254.28539 1.79535
2451255.28543 2.35783
2451256.28548 3.11352
2451257.28553 2.86332
2451258.28557 4.54061
2451259.28562 4.21599
2451260.28566 4.73565
2451261.28571 4.26165
2451262.28575 3.86407
2451263.28580 3.36793
2451264.28584 2.80531
2451265.28589 1.99462
2451266.28594 1.49585
2451267.28598 0.88737
2451268.28603 0.43411
2451269.28607 0.06793
2451270.28612 -0.02338
2451271.28616 0.09696
2451272.28621 0.44078
2451273.28626 0.86358
2451274.28630 1.20457
2451275.28635 2.18276
2451276.28639 2.90519
2451277.28644 3.18994
2451278.28648 3.95101
2451279.28653 3.17307
2451280.28657 4.35097
2451281.28662 5.34428
2451282.28667 4.40714
2451283.28671 3.48083
2451284.28676 3.09361
2451285.28680 2.54614
2451286.28685 1.61780
2451287.28689 1.07571
2451288.28694 0.56739
2451289.28699 0.15027
2451290.28703 0.00512
2451291.28708 0.02828
2451292.28712 0.26162
2451293.28717 0.81200
2451294.28721 1.19019
2451295.28726 1.62323
2451296.28730 2.47020
2451297.28735 3.52283
2451298.28740 3.93667
2451299.28744 4.53942
2451300.28749 5.22010
2451301.28753 4.02104
2451302.28758 5.11141
2451303.28762 4.22200
2451304.28767 3.80065
2451305.28772 2.98104
2451306.28776 2.03467
2451307.28781 1.55146
2451308.28785 0.88107
2451309.28790 0.38230
2451310.28794 0.04192
2451311.28799 -0.00366
2451312.28804 0.15188
2451313.28808 0.47443
2451314.28813 1.02233
2451315.28817 1.55137
2451316.28822 2.23868
2451317.28826 3.07415
2451318.28831 3.35619
2451319.28835 4.56387
2451320.28840 4.24553
2451321.28845 4.19197
2451322.28849 5.04966
2451323.28854 4.49350
2451324.28858 3.82492
2451325.28863 3.14464
2451326.28867 2.35450
2451327.28872 1.75429
2451328.28877 0.99512
2451329.28881 0.48819
2451330.28886 0.17108
2451331.28890 -0.00306
2451332.28895 0.04668
2451333.28899 0.28904
2451334.28904 0.69095
2451335.28908 1.21946
2451336.28913 1.87923
2451337.28918 2.50427
2451338.28922 3.80542
2451339.28927 3.29362
2451340.28931 5.28010
2451341.28936 4.38481
2451342.28940 4.27515
2451343.28945 4.30906
2451344.28950 3.19276
2451345.28954 3.62383
2451346.28959 2.93576
2451347.28963 2.13299
2451348.28968 1.55835
2451349.28972 0.77661
2451350.28977 0.29762
2451351.28981 0.02998
2451352.28986 -0.01776
2451353.28991 0.14079
2451354.28995 0.53422
2451355.29000 1.07758
2451356.29004 1.50266
2451357.29009 2.23759
2451358.29013 3.33013
2451359.29018 3.16375
2451360.29023 5.11196
2451361.29027 4.60563
2451362.29032 4.10222
2451363.29036 4.56612
2451364.29041 3.90059
2451365.29045 3.81637
2451366.29050 2.78060
2451367.29054 1.91019
2451368.29059 1.46359
2451369.29064 0.95229
2451370.29068 0.44751
2451371.29073 0.10221
2451372.29077 -0.03962
2451373.29082 0.02713
2451374.29086 0.31295
2451375.29091 0.72573
2451376.29096 1.35269
2451377.29100 2.26147
2451378.29105 3.48080
2451379.29109 3.25046
2451380.29114 4.20089
2451381.29118 4.37911
2451382.29123 4.63890
2451383.29127 4.12332
2451384.29132 4.09549
2451385.29137 3.76628
2451386.29141 3.56986
2451387.29146 2.58707
2451388.29150 1.90872
2451575.30004 -0.40216
2451576.30008 -0.74650
2451577.30013 -0.80805
2451578.30017 -0.55829
2451579.30022 -0.16765
2451580.30026 0.34815
2451581.30031 1.03073
2451582.30036 1.72284
2451583.30040 2.26222
2451584.30045 2.65757
2451585.30049 3.84203
2451586.30054 4.00733
2451587.30058 4.05949
2451588.30063 3.62686
2451589.30068 3.46706
2451590.30072 2.90684
2451591.30077 2.39156
2451592.30081 1.76319
2451593.30086 0.81647
2451594.30090 0.16981
2451595.30095 -0.37408
2451596.30099 -0.75798
2451597.30104 -0.85812
2451598.30109 -0.58067
2451599.30113 -0.52349
2451600.30118 0.01518
2451601.30122 0.68303
2451602.30127 1.33466
2451603.30131 2.08436
2451604.30136 3.03404
2451605.30141 3.31677
2451606.30145 2.35463
2451607.30150 3.32958
2451608.30154 3.87077
2451609.30159 3.52435
2451610.30163 2.79797
2451611.30168 2.75850
2451612.30172 1.53742
2451613.30177 1.02615
2451614.30182 0.35542
2451615.30186 -0.24104
2451616.30191 -0.73102
2451617.30195 -0.77890
2451618.30200 -0.84547
2451619.30204 -0.77623
2451620.30209 -0.31536
2451621.30214 0.24444
2451622.30218 0.82268
2451623.30223 1.69619
2451624.30227 2.18242
2451625.30232 3.13198
2451626.30236 3.15389
2451627.30241 3.97321
2451628.30246 3.78184
2451629.30250 3.83992
2451630.30255 2.96157
2451631.30259 3.28969
2451632.30264 1.60611
2451633.30268 1.11474
2451634.30273 0.46803
2451635.30277 -0.13272
2451636.30282 -0.64222
2451637.30287 -0.99290
2451638.30291 -1.22625
2451639.30296 -0.87511
2451640.30300 -0.65273
2451641.30305 -0.16931
2451642.30309 0.46594
2451643.30314 1.22047
2451644.30319 1.78773
2451645.30323 2.96173
2451646.30328 2.46825
2451647.30332 3.76263
2451648.30337 3.92381
2451649.30341 3.44364
2451650.30346 3.26466
2451651.30350 2.29658
2451652.30355 2.07843
2451653.30360 1.36055
2451654.30364 0.76516
2451655.30369 0.01061
2451656.30373 -0.67221
2451657.30378 -0.87655
2451658.30382 -1.29272
2451659.30387 -1.25041
2451660.30392 -1.07240
2451661.30396 -0.52113
2451662.30401 0.04349
2451663.30405 0.69122
2451664.30410 1.49708
2451665.30414 2.40145
2451666.30419 2.66953
2451667.30423 2.88023
2451668.30428 3.07063
2451669.30433 3.38275
2451670.30437 3.50114
2451671.30442 2.64150
2451672.30446 2.33092
2451673.30451 1.87420
2451674.30455 1.08170
2451675.30460 0.15027
2451676.30465 -0.42579
2451677.30469 -1.02025
2451678.30474 -1.16323
2451679.30478 -1.46861
2451680.30483 -1.04121
2451681.30487 -0.82372
2451682.30492 -0.33275
2451683.30496 0.27832
2451684.30501 0.84764
2451685.30506 1.58667
2451686.30510 1.75982
2451687.30515 2.74178
2451688.30519 3.09904
2451689.30524 3.48140
2451690.30528 3.42628
2451691.30533 2.18024
2451692.30538 2.44877
2451693.30542 1.76863
2451694.30547 1.04542
2451695.30551 0.35502
2451696.30556 -0.34975
2451697.30560 -0.88025
2451698.30565 -1.00739
2451699.30569 -1.49843
2451700.30574 -1.51154
2451701.30579 -1.32434
2451702.30583 -0.65744
2451703.30588 -0.16960
2451704.30592 0.56070
2451705.30597 1.26620
2451706.30601 1.69141
2451707.30606 2.28005
2451708.30611 2.99335
2451709.30615 3.48506
2451710.30620 3.39148
2451711.30624 2.78689
2451712.30629 2.90759
2451713.30633 1.68349
2451714.30638 1.09943
2451715.30643 0.56892
2451716.30647 -0.15045
2451717.30652 -0.80538
2451718.30656 -1.24608
2451719.30661 -1.59538
2451720.30665 -1.70026
2451721.30670 -1.53389
2451722.30674 -1.07313
2451723.30679 -0.62005
2451724.30684 0.07753
2451725.30688 0.96577
2451726.30693 1.59651
2451727.30697 2.29265
2451728.30702 2.40773
2451729.30706 3.32352
2451730.30711 2.82353
2451731.30716 3.07046
2451732.30720 2.71790
2451733.30725 1.98007
2451734.30729 1.35814
2451735.30734 0.66542
2451736.30738 0.00647
2451737.30743 -0.73310
2451738.30747 -1.28362
2451739.30752 -1.74449
2451740.30757 -1.62747
2451741.30761 -1.62324
2451742.30766 -1.49424
2451743.30770 -1.04516
2451744.30775 -0.32927
2451745.30779 0.35573
2451746.30784 1.10173
2451747.30789 1.56402
2451748.30793 2.32487
2451749.30798 2.51903
2451750.30802 3.37598
2451751.30807 2.96746
2451752.30811 2.33673
2451753.30816 2.51493
2451754.30820 1.43988
2451940.31669 -1.11762
2451941.31674 -1.74225
2451942.31678 -2.51064
2451943.31683 -3.29834
2451944.31688 -2.88901
2451945.31692 -3.26437
2451946.31697 -2.69702
2451947.31701 -2.43598
2451948.31706 -2.08946
2451949.31710 -1.36849
2451950.31715 -0.69082
2451951.31719 -0.02842
2451952.31724 0.56138
2451953.31729 0.95939
2451954.31733 1.67219
2451955.31738 1.30366
2451956.31742 1.35666
2451957.31747 0.94526
2451958.31751 0.40296
2451959.31756 -0.21655
2451960.31761 -1.05155
2451961.31765 -1.70382
2451962.31770 -2.14969
2451963.31774 -2.89985
2451964.31779 -3.71645
2451965.31783 -3.77688
2451966.31788 -3.20471
2451967.31792 -3.05475
2451968.31797 -2.53963
2451969.31802 -1.85924
2451970.31806 -1.09333
2451971.31811 -0.37195
2451972.31815 0.20422
2451973.31820 0.90716
2451974.31824 1.20188
2451975.31829 1.16629
2451976.31834 1.36126
2451977.31838 1.09827
2451978.31843 0.74279
2451979.31847 -0.01121
2451980.31852 -0.87043
2451981.31856 -1.53032
2451982.31861 -2.03015
2451983.31865 -2.47091
2451984.31870 -3.43909
2451985.31875 -3.81864
2451986.31879 -3.51804
2451987.31884 -3.29016
2451988.31888 -2.90017
2451989.31893 -2.76015
2451990.31897 -1.78011
2451991.31902 -0.82588
2451992.31907 -0.21439
2451993.31911 0.40777
2451994.31916 0.88752
2451995.31920 1.05123
2451996.31925 1.08132
2451997.31929 0.93597
2451998.31934 0.58050
2451999.31938 0.14116
2452000.31943 -0.49170
2452001.31948 -1.10752
2452002.31952 -2.06846
2452003.31957 -2.73461
2452004.31961 -3.48791
2452005.31966 -3.20799
2452006.31970 -3.43496
2452007.31975 -3.95789
2452008.31980 -3.57463
2452009.31984 -2.46995
2452010.31989 -1.94322
2452011.31993 -1.46732
2452012.31998 -0.74722
2452013.32002 0.00062
2452014.32007 0.53394
2452015.32011 0.88715
2452016.32016 1.16870
2452017.32021 1.02834
2452018.32025 0.80842
2452019.32030 0.28247
2452020.32034 -0.31166
2452021.32039 -1.11782
2452022.32043 -1.68974
2452023.32048 -2.62204
2452024.32053 -2.98218
2452025.32057 -3.08281
2452026.32062 -3.47505
2452027.32066 -4.00821
2452028.32071 -3.67269
2452029.32075 -3.69470
2452030.32080 -2.66865
2452031.32085 -1.70559
2452032.32089 -1.05885
2452033.32094 -0.38453
2452034.32098 0.13848
2452035.32103 0.69751
2452036.32107 0.91646
2452037.32112 1.08650
2452038.32116 0.81716
2452039.32121 0.34522
2452040.32126 -0.16423
2452041.32130 -0.72985
2452042.32135 -1.50943
2452043.32139 -2.59275
2452044.32144 -2.90476
2452045.32148 -3.05568
2452046.32153 -3.88434
2452047.32158 -4.30597
2452048.32162 -3.45556
2452049.32167 -3.24970
2452050.32171 -2.96563
2452051.32176 -2.54492
2452052.32180 -1.78611
2452053.32185 -0.72490
2452054.32189 -0.18243
2452055.32194 0.33884
2452056.32199 0.85522
2452057.32203 0.85230
2452058.32208 0.80504
2452059.32212 0.44888
2452060.32217 -0.01327
2452061.32221 -0.60034
2452062.32226 -1.20951
2452063.32231 -2.02634
2452064.32235 -2.86877
2452065.32240 -3.00921
2452066.32244 -3.66939
2452067.32249 -4.33243
2452068.32253 -4.11837
2452069.32258 -4.13854
2452070.32262 -3.57572
2452071.32267 -2.78310
2452072.32272 -1.80887
2452073.32276 -1.24566
2452074.32281 -0.56739
2452075.32285 0.02376
2452076.32290 0.41839
2452077.32294 0.59632
2452078.32299 0.69191
2452079.32304 0.41950
2452080.32308 0.10434
2452081.32313 -0.50631
2452082.32317 -1.33581
2452083.32322 -1.39749
2452084.32326 -3.03813
2452085.32331 -2.80946
2452086.32335 -3.73602
2452087.32340 -3.94030
2452088.32345 -3.74466
2452089.32349 -4.12809
2452090.32354 -2.84175
2452091.32358 -3.29959
2452092.32363 -2.41707
2452093.32367 -1.55764
2452094.32372 -0.98120
2452095.32377 -0.32077
2452096.32381 0.20196
2452097.32386 0.52009
2452098.32390 0.67962
2452099.32395 0.49741
2452100.32399 0.21115
2452101.32404 -0.29921
2452102.32409 -0.65691
2452103.32413 -1.79641
2452104.32418 -2.18704
2452105.32422 -2.92580
2452106.32427 -3.74437
2452107.32431 -3.34322
2452108.32436 -3.74449
2452109.32440 -3.93999
2452110.32445 -3.95153
2452111.32450 -4.15836
2452112.32454 -2.80054
2452113.32459 -2.19718
2452114.32463 -1.37337
2452115.32468 -0.69229
2452116.32472 -0.11920
2452117.32477 0.28371
2452118.32482 0.47877
2452119.32486 0.46521
2452305.33335 -0.62512
2452306.33339 -1.08849
2452307.33344 -1.94977
2452308.33349 -2.55071
2452309.33353 -3.06845
2452310.33358 -3.85442
2452311.33362 -4.82933
2452312.33367 -4.33571
2452313.33371 -4.71671
2452314.33376 -5.04393
2452315.33380 -5.42389
2452316.33385 -3.77019
2452317.33390 -3.19073
2452318.33394 -2.35679
2452319.33399 -1.62988
2452320.33403 -0.90132
2452321.33408 -0.44360
2452322.33412 -0.09015
2452323.33417 0.01179
2452324.33422 -0.10230
2452325.33426 -0.39743
2452326.33431 -1.04037
2452327.33435 -1.34861
2452328.33440 -2.13797
2452329.33444 -3.45572
2452330.33449 -3.33347
2452331.33454 -4.26956
2452332.33458 -5.15491
2452333.33463 -4.62949
2452334.33467 -4.68440
2452335.33472 -4.72346
2452336.33476 -4.51226
2452337.33481 -3.31231
2452338.33485 -2.62322
2452339.33490 -2.09192
2452340.33495 -1.32516
2452341.33499 -0.61402
2452342.33504 -0.20759
2452343.33508 -0.01582
2452344.33513 -0.02854
2452345.33517 -0.27073
2452346.33522 -0.77457
2452347.33527 -1.33673
2452348.33531 -2.08285
2452349.33536 -2.52851
2452350.33540 -3.16327
2452351.33545 -4.31438
2452352.33549 -3.61800
2452353.33554 -5.78085
2452354.33558 -4.41976
2452355.33563 -3.88354
2452356.33568 -4.72001
2452357.33572 -3.87843
2452358.33577 -3.82266
2452359.33581 -2.22161
2452360.33586 -1.56213
2452361.33590 -0.65620
2452362.33595 -0.36166
2452363.33600 -0.08503
2452364.33604 0.00991
2452365.33609 -0.14960
2452366.33613 -0.53665
2452367.33618 -0.95951
2452368.33622 -1.55017
2452369.33627 -2.58759
2452370.33631 -2.95224
2452371.33636 -3.31637
2452372.33641 -3.95908
2452373.33645 -3.64884
2452374.33650 -4.48490
2452375.33654 -4.48949
2452376.33659 -4.41262
2452377.33663 -3.97688
2452378.33668 -3.44780
2452379.33673 -2.47122
2452380.33677 -1.90590
2452381.33682 -0.76582
2452382.33686 -0.56108
2452383.33691 -0.19403
2452384.33695 0.01342
2452385.33700 -0.02752
2452386.33704 -0.25863
2452387.33709 -0.69009
2452388.33714 -1.26634
2452389.33718 -2.23735
2452390.33723 -3.12856
2452391.33727 -3.05514
2452392.33732 -3.89253
2452393.33736 -4.71138
2452394.33741 -4.63072
2452395.33746 -5.71919
2452396.33750 -4.52627
2452397.33755 -4.28388
2452398.33759 -3.73593
2452399.33764 -3.25858
2452400.33768 -1.94142
2452401.33773 -1.14766
2452402.33777 -0.77536
2452403.33782 -0.32080
2452404.33787 -0.02159
2452405.33791 0.03479
2452406.33796 -0.10472
2452407.33800 -0.58084
2452408.33805 -0.95333
2452409.33809 -1.59493
2452410.33814 -2.22104
2452411.33819 -3.06188
2452412.33823 -3.05242
2452413.33828 -4.27439
2452414.33832 -4.72765
2452415.33837 -5.00925
2452416.33841 -4.61551
2452417.33846 -4.83776
2452418.33851 -4.06536
2452419.33855 -2.81522
2452420.33860 -2.07462
2452421.33864 -1.71698
2452422.33869 -0.94200
2452423.33873 -0.47046
2452424.33878 -0.09484
2452425.33882 0.07312
2452426.33887 0.01524
2452427.33892 -0.28772
2452428.33896 -0.70898
2452429.33901 -1.31834
2452430.33905 -2.44151
2452431.33910 -2.95755
2452432.33914 -3.90371
2452433.33919 -4.12993
2452434.33924 -4.56324
2452435.33928 -5.24639
2452436.33933 -5.02255
2452437.33937 -4.39465
2452438.33942 -3.97936
2452439.33946 -3.48297
2452440.33951 -3.08162
2452441.33955 -2.00608
2452442.33960 -1.44442
2452443.33965 -0.63280
2452444.33969 -0.20131
2452445.33974 0.06143
2452446.33978 0.12143
2452447.33983 -0.06425
2452448.33987 -0.56457
2452449.33992 -1.04934
2452450.33997 -1.50883
2452451.34001 -2.41389
2452452.34006 -3.78301
2452453.34010 -3.29764
2452454.34015 -4.40843
2452455.34019 -5.11323
2452456.34024 -3.92322
2452457.34028 -5.34089
2452458.34033 -4.04668
2452459.34038 -3.75360
2452460.34042 -3.10503
2452461.34047 -2.39707
2452462.34051 -1.52563
2452463.34056 -0.80745
2452464.34060 -0.34907
2452465.34065 0.03103
2452466.34070 0.18308
2452467.34074 0.08808
2452468.34079 -0.23498
2452469.34083 -0.69027
2452470.34088 -1.40101
2452471.34092 -2.42280
2452472.34097 -2.91825
2452473.34101 -3.75214
2452474.34106 -4.13726
2452475.34111 -4.58712
2452476.34115 -4.46786
2452477.34120 -4.28499
2452478.34124 -4.01951
2452479.34129 -4.55354
2452480.34133 -3.57606
2452481.34138 -2.68929
2452482.34143 -1.73206
2452483.34147 -1.13713
2452484.34152 -0.45818
2452670.35000 1.30453
2452671.35005 1.04440
2452672.35010 1.06179
2452673.35014 0.52009
2452674.35019 -0.08835
2452675.35023 -0.79357
2452676.35028 -1.60961
2452677.35032 -2.20336
2452678.35037 -2.40793
2452679.35042 -3.47098
2452680.35046 -3.44701
2452681.35051 -4.14519
2452682.35055 -3.66155
2452683.35060 -3.87848
2452684.35064 -2.90778
2452685.35069 -2.14540
2452686.35073 -1.26373
2452687.35078 -0.45788
2452688.35083 0.26525
2452689.35087 0.79914
2452690.35092 1.02219
2452691.35096 1.21237
2452692.35101 1.44878
2452693.35105 1.00161
2452694.35110 0.29292
2452695.35115 -0.37833
2452696.35119 -1.07755
2452697.35124 -1.51152
2452698.35128 -2.12704
2452699.35133 -3.36189
2452700.35137 -3.40011
2452701.35142 -3.59475
2452702.35146 -3.85079
2452703.35151 -3.32980
2452704.35156 -2.52951
2452705.35160 -2.03984
2452706.35165 -1.29469
2452707.35169 -0.49703
2452708.35174 0.08167
2452709.35178 0.69208
2452710.35183 1.07761
2452711.35188 1.70998
2452712.35192 1.45550
2452713.35197 1.28627
2452714.35201 0.74545
2452715.35206 0.12977
2452716.35210 -0.50439
2452717.35215 -1.23183
2452718.35219 -2.27125
2452719.35224 -2.61460
2452720.35229 -2.87870
2452721.35233 -3.61744
2452722.35238 -3.79443
2452723.35242 -3.56796
2452724.35247 -3.03358
2452725.35251 -2.47094
2452726.35256 -1.75989
2452727.35261 -0.85608
2452728.35265 -0.09509
2452729.35270 0.56702
2452730.35274 0.88246
2452731.35279 1.77234
2452732.35283 1.62870
2452733.35288 1.21498
2452734.35293 1.12173
2452735.35297 0.52599
2452736.35302 -0.12020
2452737.35306 -0.81782
2452738.35311 -1.82170
2452739.35315 -2.30067
2452740.35320 -2.92554
2452741.35324 -3.32013
2452742.35329 -3.70046
2452743.35334 -3.06347
2452744.35338 -2.83467
2452745.35343 -2.03535
2452746.35347 -1.65935
2452747.35352 -0.87473
2452748.35356 -0.29956
2452749.35361 0.39944
2452750.35366 1.10318
2452751.35370 1.65160
2452752.35375 1.60822
2452753.35379 1.72004
2452754.35384 1.21294
2452755.35388 0.92465
2452756.35393 0.34121
2452757.35397 -0.36764
2452758.35402 -1.22202
2452759.35407 -1.78413
2452760.35411 -2.63617
2452761.35416 -2.96344
2452762.35420 -3.31257
2452763.35425 -3.15555
2452764.35429 -2.90199
2452765.35434 -2.11577
2452766.35439 -2.13295
2452767.35443 -1.26771
2452768.35448 -0.49539
2452769.35452 0.30510
2452770.35457 0.92901
2452771.35461 1.52322
2452772.35466 1.91630
2452773.35470 2.04673
2452774.35475 1.80154
2452775.35480 1.40167
2452776.35484 0.78606
2452777.35489 0.10310
2452778.35493 -0.58805
2452779.35498 -1.29257
2452780.35502 -2.21023
2452781.35507 -2.47535
2452782.35512 -2.83853
2452783.35516 -2.52721
2452784.35521 -2.41061
2452785.35525 -2.30008
2452786.35530 -1.99880
2452787.35534 -1.59620
2452788.35539 -0.67705
2452789.35543 0.09563
2452790.35548 0.65680
2452791.35553 1.50988
2452792.35557 1.72718
2452793.35562 2.06562
2452794.35566 2.04987
2452795.35571 1.44801
2452796.35575 1.17865
2452797.35580 0.51572
2452798.35585 -0.17718
2452799.35589 -0.94971
2452800.35594 -1.38753
2452801.35598 -2.19465
2452802.35603 -2.58481
2452803.35607 -2.60577
2452804.35612 -2.83035
2452805.35617 -3.11064
2452806.35621 -2.66526
2452807.35626 -1.75016
2452808.35630 -1.00903
2452809.35635 -0.09986
2452810.35639 0.79515
2452811.35644 1.18691
2452812.35648 2.02393
2452813.35653 1.72170
2452814.35658 2.14007
2452815.35662 2.32622
2452816.35667 1.71079
2452817.35671 0.83181
2452818.35676 0.36427
2452819.35680 -0.40400
2452820.35685 -1.28225
2452821.35690 -1.79986
2452822.35694 -2.28894
2452823.35699 -2.82319
2452824.35703 -3.15753
2452825.35708 -2.55485
2452826.35712 -2.69797
2452827.35717 -1.74391
2452828.35721 -1.07290
2452829.35726 -0.30175
2452830.35731 0.47569
2452831.35735 1.16066
2452832.35740 1.44109
2452833.35744 2.23900
2452834.35749 2.29063
2452835.35753 2.20122
2452836.35758 1.91435
2452837.35763 1.37918
2452838.35767 0.84452
2452839.35772 0.06243
2452840.35776 -0.69763
2452841.35781 -1.47928
2452842.35785 -1.91599
2452843.35790 -2.58369
2452844.35794 -2.88065
2452845.35799 -2.70959
2452846.35804 -2.47270
2452847.35808 -1.89665
2452848.35813 -1.24987
2452849.35817 -0.51243
2453036.36671 2.98981
2453037.36675 3.62426
2453038.36680 3.60727
2453039.36684 3.80005
2453040.36689 4.16340
2453041.36693 2.85935
2453042.36698 2.32847
2453043.36703 2.00683
2453044.36707 1.10689
2453045.36712 0.37677
2453046.36716 -0.25222
2453047.36721 -0.76039
2453048.36725 -1.22939
2453049.36730 -1.25182
2453050.36735 -0.98307
2453051.36739 -0.55459
2453052.36744 -0.05816
2453053.36748 0.62434
2453054.36753 1.60621
2453055.36757 2.38807
2453056.36762 2.69505
2453057.36766 3.55107
2453058.36771 3.30724
2453059.36776 4.93199
2453060.36780 3.96889
2453061.36785 3.92781
2453062.36789 3.24420
2453063.36794 2.05486
2453064.36798 1.61632
2453065.36803 0.87362
2453066.36808 0.14417
2453067.36812 -0.48579
2453068.36817 -0.84618
2453069.36821 -1.04706
2453070.36826 -1.01768
2453071.36830 -0.82480
2453072.36835 -0.20500
2453073.36839 0.39197
2453074.36844 1.14131
2453075.36849 2.32555
2453076.36853 2.94948
2453077.36858 3.43613
2453078.36862 3.49224
2453079.36867 4.26932
2453080.36871 4.84852
2453081.36876 3.14097
2453082.36881 3.25067
2453083.36885 2.76698
2453084.36890 2.11178
2453085.36894 1.27905
2453086.36899 0.63677
2453087.36903 -0.06217
2453088.36908 -0.56824
2453089.36912 -0.96192
2453090.36917 -1.00612
2453091.36922 -0.75629
2453092.36926 -0.34586
2453093.36931 0.29147
2453094.36935 0.90662
2453095.36940 1.51455
2453096.36944 2.99187
2453097.36949 2.78049
2453098.36954 3.88003
2453099.36958 4.16978
2453100.36963 4.02201
2453101.36967 5.03004
2453102.36972 3.95720
2453103.36976 3.18893
2453104.36981 2.77100
2453105.36985 2.03240
2453106.36990 1.13106
2453107.36995 0.30506
2453108.36999 -0.23132
2453109.37004 -0.55478
2453110.37008 -0.69101
2453111.37013 -0.72369
2453112.37017 -0.41213
2453113.37022 0.09464
2453114.37027 0.91717
2453115.37031 1.46438
2453116.37036 2.57530
2453117.37040 2.70645
2453118.37045 3.79021
2453119.37049 4.21930
2453120.37054 4.14437
2453121.37059 4.25995
2453122.37063 4.19142
2453123.37068 3.72846
2453124.37072 2.68678
2453125.37077 2.13631
2453126.37081 1.57792
2453127.37086 0.70143
2453128.37090 0.13342
2453129.37095 -0.40751
2453130.37100 -0.66261
2453131.37104 -0.58255
2453132.37109 -0.42032
2453133.37113 -0.04690
2453134.37118 0.58798
2453135.37122 1.29458
2453136.37127 2.37866
2453137.37132 2.49176
2453138.37136 3.51679
2453139.37141 4.48379
2453140.37145 4.21111
2453141.37150 4.91017
2453142.37154 4.29569
2453143.37159 3.48531
2453144.37163 4.09423
2453145.37168 2.31826
2453146.37173 1.73063
2453147.37177 1.27226
2453148.37182 0.50046
2453149.37186 -0.05996
2453150.37191 -0.42210
2453151.37195 -0.61514
2453152.37200 -0.52223
2453153.37205 -0.15530
2453154.37209 0.36082
2453155.37214 1.14860
2453156.37218 1.99925
2453157.37223 2.68066
2453158.37227 3.06846
2453159.37232 3.58526
2453160.37236 4.46102
2453161.37241 4.15314
2453162.37246 3.84189
2453163.37250 4.83705
2453164.37255 4.01202
2453165.37259 3.41020
2453166.37264 2.37355
2453167.37268 1.77173
2453168.37273 0.97095
2453169.37278 0.24885
2453170.37282 -0.21291
2453171.37287 -0.43039
2453172.37291 -0.43451
2453173.37296 -0.23939
2453174.37300 0.23885
2453175.37305 0.86630
2453176.37309 1.56416
2453177.37314 2.90472
2453178.37319 2.53620
2453179.37323 4.53426
2453180.37328 4.71383
2453181.37332 5.14063
2453182.37337 5.72356
2453183.37341 5.23825
2453184.37346 5.00487
2453185.37351 3.04358
2453186.37355 2.67513
2453187.37360 2.31244
2453188.37364 1.18546
2453189.37369 0.60681
2453190.37373 0.07664
2453191.37378 -0.29869
2453192.37382 -0.46951
2453193.37387 -0.23046
2453194.37392 0.07076
2453195.37396 0.68974
2453196.37401 1.38058
2453197.37405 2.17736
2453198.37410 2.14182
2453199.37414 3.87165
2453200.37419 3.97938
2453201.37424 3.98840
2453202.37428 4.50673
2453203.37433 4.97592
2453204.37437 4.07163
2453205.37442 4.12303
2453206.37446 3.36169
2453207.37451 2.69965
2453208.37456 1.58432
2453209.37460 0.87612
2453210.37465 0.40703
2453211.37469 -0.07675
2453212.37474 -0.27674
2453213.37478 -0.28946
2453214.37483 -0.03124
2453215.37487 0.47367
2453401.38336 2.03044
2453402.38341 2.86589
2453403.38345 3.60070
2453404.38350 4.17095
2453405.38354 3.59742
2453406.38359 4.51205
2453407.38364 5.52532
2453408.38368 5.12900
2453409.38373 5.08774
2453410.38377 3.84612
2453411.38382 3.25449
2453412.38386 2.59951
2453413.38391 1.37633
2453414.38396 1.11416
2453415.38400 0.42190
2453416.38405 0.07086
2453417.38409 -0.02348
2453418.38414 0.11360
2453419.38418 0.45853
2453420.38423 1.00686
2453421.38427 2.01788
2453422.38432 2.47839
2453423.38437 3.88836
2453424.38441 3.97383
2453425.38446 5.11444
2453426.38450 5.38556
2453427.38455 6.00065
2453428.38459 5.09596
2453429.38464 5.11572
2453430.38469 4.35161
2453431.38473 3.25485
2453432.38478 2.81067
2453433.38482 2.03213
2453434.38487 1.25282
2453435.38491 0.69053
2453436.38496 0.17951
2453437.38501 -0.03082
2453438.38505 -0.00658
2453439.38510 0.28013
2453440.38514 0.68289
2453441.38519 1.47187
2453442.38523 2.17678
2453443.38528 3.11483
2453444.38532 3.58524
2453445.38537 5.22413
2453446.38542 4.89323
2453447.38546 5.37500
2453448.38551 5.54718
2453449.38555 3.74354
2453450.38560 4.57887
2453451.38564 4.03885
2453452.38569 3.03597
2453453.38574 2.62749
2453454.38578 1.51265
2453455.38583 0.92626
2453456.38587 0.34286
2453457.38592 0.00093
2453458.38596 -0.06897
2453459.38601 0.07443
2453460.38605 0.45334
2453461.38610 1.00478
2453462.38615 2.02960
2453463.38619 2.46588
2453464.38624 3.62114
2453465.38628 3.45027
2453466.38633 5.11259
2453467.38637 4.69868
2453468.38642 4.69396
2453469.38647 4.16513
2453470.38651 5.02109
2453471.38656 3.45871
2453472.38660 3.39586
2453473.38665 2.75871
2453474.38669 1.98150
2453475.38674 1.32739
2453476.38678 0.47168
2453477.38683 0.07207
2453478.38688 -0.10936
2453479.38692 -0.07112
2453480.38697 0.21097
2453481.38701 0.75465
2453482.38706 1.35494
2453483.38710 2.02750
2453484.38715 2.80810
2453485.38720 3.53397
2453486.38724 4.31219
2453487.38729 3.78974
2453488.38733 5.15233
2453489.38738 4.20115
2453490.38742 4.60642
2453491.38747 4.05327
2453492.38751 4.13279
2453493.38756 2.98744
2453494.38761 2.23358
2453495.38765 1.29960
2453496.38770 0.77482
2453497.38774 0.17261
2453498.38779 -0.14056
2453499.38783 -0.17230
2453500.38788 0.00615
2453501.38793 0.43840
2453502.38797 1.05522
2453503.38802 1.91569
2453504.38806 2.78712
2453505.38811 3.43297
2453506.38815 3.38921
2453507.38820 4.79513
2453508.38824 5.49070
2453509.38829 4.44445
2453510.38834 4.17996
2453511.38838 4.62149
2453512.38843 3.90004
2453513.38847 3.28113
2453514.38852 2.35195
2453515.38856 1.52305
2453516.38861 0.82512
2453517.38866 0.36231
2453518.38870 -0.07554
2453519.38875 -0.27229
2453520.38879 -0.15621
2453521.38884 0.14153
2453522.38888 0.72811
2453523.38893 1.21646
2453524.38898 1.61396
2453525.38902 3.48644
2453526.38907 3.14938
2453527.38911 3.86153
2453528.38916 4.76703
2453529.38920 5.15764
2453530.38925 3.97521
2453531.38929 5.83323
2453532.38934 3.27966
2453533.38939 3.18982
2453534.38943 2.65152
2453535.38948 2.17020
2453536.38952 1.21514
2453537.38957 0.51574
2453538.38961 0.00571
2453539.38966 -0.25548
2453540.38971 -0.33699
2453541.38975 -0.09559
2453542.38980 0.29274
2453543.38984 1.04350
2453544.38989 1.66975
2453545.38993 2.70246
2453546.38998 3.20032
2453547.39002 3.99671
2453548.39007 4.44282
2453549.39012 5.26707
2453550.39016 4.67952
2453551.39021 4.19036
2453552.39025 5.03175
2453553.39030 3.73955
2453554.39034 3.11733
2453555.39039 2.19234
2453556.39044 1.81253
2453557.39048 0.54852
2453558.39053 0.15572
2453559.39057 -0.26923
2453560.39062 -0.46357
2453561.39066 -0.30497
2453562.39071 0.03325
2453563.39075 0.49047
2453564.39080 1.38433
2453565.39085 2.16014
2453566.39089 3.28484
2453567.39094 3.02006
2453568.39098 3.85728
2453569.39103 4.89709
2453570.39107 4.65688
2453571.39112 3.97311
2453572.39117 4.78596
2453573.39121 3.83864
2453574.39126 3.46889
2453575.39130 2.41039
2453576.39135 1.42550
2453577.39139 0.85942
2453578.39144 0.25841
2453579.39148 -0.22623
2453580.39153 -0.47748
2453766.40002 -1.35951
2453767.40006 -0.99720
2453768.40011 -0.31733
2453769.40016 0.42439
2453770.40020 0.98890
2453771.40025 2.04992
2453772.40029 2.58862
2453773.40034 3.28172
2453774.40038 3.88882
2453775.40043 3.57356
2453776.40047 3.81473
2453777.40052 2.92448
2453778.40057 2.27789
2453779.40061 1.46141
2453780.40066 0.78754
2453781.40070 -0.00379
2453782.40075 -0.72809
2453783.40079 -1.31445
2453784.40084 -1.54902
2453785.40089 -1.79439
2453786.40093 -1.85945
2453787.40098 -1.44379
2453788.40102 -0.87594
2453789.40107 -0.07694
2453790.40111 0.70839
2453791.40116 1.57424
2453792.40120 2.14288
2453793.40125 2.86469
2453794.40130 3.10990
2453795.40134 2.82802
2453796.40139 3.33386
2453797.40143 2.52590
2453798.40148 2.37609
2453799.40152 1.99354
2453800.40157 0.94019
2453801.40162 0.21682
2453802.40166 -0.67756
2453803.40171 -1.36336
2453804.40175 -1.64497
2453805.40180 -2.21123
2453806.40184 -1.38974
2453807.40189 -1.52808
2453808.40193 -1.21436
2453809.40198 -0.46134
2453810.40203 0.21921
2453811.40207 0.96960
2453812.40212 1.75169
2453813.40216 2.33009
2453814.40221 3.27874
2453815.40225 2.94436
2453816.40230 3.76331
2453817.40235 3.16319
2453818.40239 2.47390
2453819.40244 1.89801
2453820.40248 1.41391
2453821.40253 0.46105
2453822.40257 -0.41084
2453823.40262 -1.07062
2453824.40266 -1.70495
2453825.40271 -2.59403
2453826.40276 -2.58409
2453827.40280 -1.66434
2453828.40285 -1.54369
2453829.40289 -0.97826
2453830.40294 -0.30802
2453831.40298 0.43029
2453832.40303 1.24892
2453833.40308 2.10360
2453834.40312 2.51523
2453835.40317 3.01546
2453836.40321 2.80872
2453837.40326 2.88736
2453838.40330 2.58358
2453839.40335 2.40455
2453840.40340 1.38934
2453841.40344 0.61435
2453842.40349 -0.19436
2453843.40353 -1.04466
2453844.40358 -1.68692
2453845.40362 -1.74311
2453846.40367 -2.11455
2453847.40371 -2.02285
2453848.40376 -2.06099
2453849.40381 -1.32571
2453850.40385 -0.85333
2453851.40390 -0.03417
2453852.40394 0.77055
2453853.40399 1.50947
2453854.40403 2.65411
2453855.40408 2.38802
2453856.40413 2.85516
2453857.40417 3.07211
2453858.40422 2.67006
2453859.40426 1.82943
2453860.40431 1.63873
2453861.40435 0.86161
2453862.40440 -0.01242
2453863.40444 -0.55963
2453864.40449 -1.48389
2453865.40454 -2.05161
2453866.40458 -2.77870
2453867.40463 -2.40338
2453868.40467 -2.55989
2453869.40472 -1.83618
2453870.40476 -1.18462
2453871.40481 -0.54413
2453872.40486 0.20235
2453873.40490 0.96809
2453874.40495 1.80100
2453875.40499 2.31119
2453876.40504 2.60889
2453877.40508 2.89683
2453878.40513 2.97604
2453879.40517 2.38671
2453880.40522 1.60133
2453881.40527 0.85688
2453882.40531 0.16454
2453883.40536 -0.66785
2453884.40540 -1.42124
2453885.40545 -1.95731
2453886.40549 -2.28855
2453887.40554 -2.94932
2453888.40559 -2.38370
2453889.40563 -2.20058
2453890.40568 -1.58608
2453891.40572 -0.99578
2453892.40577 -0.25751
2453893.40581 0.58266
2453894.40586 1.35128
2453895.40590 1.90607
2453896.40595 2.63032
2453897.40600 2.65711
2453898.40604 2.31247
2453899.40609 2.19633
2453900.40613 1.57354
2453901.40618 1.08662
2453902.40622 0.39641
2453903.40627 -0.39138
2453904.40632 -1.15203
2453905.40636 -1.96495
2453906.40641 -2.55276
2453907.40645 -3.04364
2453908.40650 -2.58531
2453909.40654 -2.05029
2453910.40659 -2.06349
2453911.40664 -1.22186
2453912.40668 -0.79896
2453913.40673 0.00272
2453914.40677 0.70976
2453915.40682 1.64299
2453916.40686 1.91733
2453917.40691 2.33324
2453918.40695 2.28552
2453919.40700 2.82852
2453920.40705 1.79359
2453921.40709 1.64804
2453922.40714 0.58353
2453923.40718 -0.20754
2453924.40723 -1.11050
2453925.40727 -1.91168
2453926.40732 -2.47864
2453927.40737 -2.65396
2453928.40741 -2.73523
2453929.40746 -2.64849
2453930.40750 -2.55508
2453931.40755 -2.06068
2453932.40759 -1.33564
2453933.40764 -0.51073
2453934.40768 0.30602
2453935.40773 1.16007
2453936.40778 1.66907
2453937.40782 2.04527
2453938.40787 2.46782
2453939.40791 2.34452
2453940.40796 2.38472
2453941.40800 1.33683
2453942.40805 0.74611
2453943.40810 -0.01687
2453944.40814 -0.88972
2453945.40819 -1.59821
2454131.41667 -4.06575
2454132.41672 -5.01835
2454133.41677 -4.40403
2454134.41681 -4.48949
2454135.41686 -3.37720
2454136.41690 -3.41379
2454137.41695 -2.44639
2454138.41699 -1.59120
2454139.41704 -0.81221
2454140.41708 -0.10950
2454141.41713 0.47107
2454142.41718 0.76989
2454143.41722 0.86359
2454144.41727 0.62065
2454145.41731 0.27125
2454146.41736 -0.35108
2454147.41740 -1.06553
2454148.41745 -1.84527
2454149.41750 -2.69123
2454150.41754 -3.63998
2454151.41759 -5.17330
2454152.41763 -4.30291
2454153.41768 -4.68367
2454154.41772 -4.13588
2454155.41777 -4.14020
2454156.41782 -3.19446
2454157.41786 -2.78092
2454158.41791 -2.20154
2454159.41795 -1.34942
2454160.41800 -0.52846
2454161.41804 0.10394
2454162.41809 0.56625
2454163.41813 0.82805
2454164.41818 0.69696
2454165.41823 0.34210
2454166.41827 -0.14396
2454167.41832 -0.83013
2454168.41836 -2.00529
2454169.41841 -2.43193
2454170.41845 -2.94729
2454171.41850 -4.26301
2454172.41855 -4.82201
2454173.41859 -5.16903
2454174.41864 -4.92238
2454175.41868 -4.34947
2454176.41873 -4.21329
2454177.41877 -3.26173
2454178.41882 -2.79015
2454179.41886 -1.61618
2454180.41891 -0.81819
2454181.41896 -0.27982
2454182.41900 0.29607
2454183.41905 0.49912
2454184.41909 0.66011
2454185.41914 0.40368
2454186.41918 -0.02419
2454187.41923 -0.73206
2454188.41928 -1.37092
2454189.41932 -2.19343
2454190.41937 -3.19406
2454191.41941 -3.38091
2454192.41946 -4.03029
2454193.41950 -3.65422
2454194.41955 -4.08001
2454195.41959 -4.83534
2454196.41964 -4.57319
2454197.41969 -3.30407
2454198.41973 -2.60307
2454199.41978 -2.54259
2454200.41982 -1.37157
2454201.41987 -0.44975
2454202.41991 -0.06400
2454203.41996 0.30364
2454204.42001 0.46566
2454205.42005 0.43327
2454206.42010 0.08960
2454207.42014 -0.42500
2454208.42019 -1.14389
2454209.42023 -2.28146
2454210.42028 -2.68681
2454211.42032 -2.96530
2454212.42037 -3.89806
2454213.42042 -4.57479
2454214.42046 -5.58411
2454215.42051 -3.92576
2454216.42055 -4.98679
2454217.42060 -4.71896
2454218.42064 -3.98572
2454219.42069 -2.58878
2454220.42074 -2.01827
2454221.42078 -1.07689
2454222.42083 -0.50122
2454223.42087 0.09778
2454224.42092 0.36895
2454225.42096 0.38368
2454226.42101 0.17426
2454227.42106 -0.22544
2454228.42110 -1.08015
2454229.42115 -1.82807
2454230.42119 -2.40854
2454231.42124 -3.98438
2454232.42128 -3.73011
2454233.42133 -4.74432
2454234.42137 -5.24623
2454235.42142 -4.37384
2454236.42147 -5.34364
2454237.42151 -3.82393
2454238.42156 -3.85883
2454239.42160 -2.89860
2454240.42165 -2.81219
2454241.42169 -1.58969
2454242.42174 -0.67438
2454243.42179 -0.20496
2454244.42183 0.17748
2454245.42188 0.34280
2454246.42192 0.21776
2454247.42197 -0.09546
2454248.42201 -0.60731
2454249.42206 -1.27726
2454250.42210 -2.43188
2454251.42215 -2.72570
2454252.42220 -3.83268
2454253.42224 -4.20692
2454254.42229 -5.17969
2454255.42233 -5.03108
2454256.42238 -5.42260
2454257.42242 -5.37921
2454258.42247 -3.02721
2454259.42252 -4.02119
2454260.42256 -2.67967
2454261.42261 -2.15602
2454262.42265 -1.30432
2454263.42270 -0.51275
2454264.42274 -0.02010
2454265.42279 0.22197
2454266.42283 0.28793
2454267.42288 -0.01486
2454268.42293 -0.49325
2454269.42297 -1.23626
2454270.42302 -1.88842
2454271.42306 -3.10227
2454272.42311 -3.68153
2454273.42315 -4.34612
2454274.42320 -4.44935
2454275.42325 -4.99411
2454276.42329 -5.01275
2454277.42334 -4.21775
2454278.42338 -5.21354
2454279.42343 -3.45379
2454280.42347 -2.71979
2454281.42352 -2.39035
2454282.42356 -1.77325
2454283.42361 -0.91488
2454284.42366 -0.27103
2454285.42370 0.06917
2454286.42375 0.16784
2454287.42379 0.05876
2454288.42384 -0.29617
2454289.42388 -0.84151
2454290.42393 -1.65749
2454291.42398 -2.32488
2454292.42402 -3.26366
2454293.42407 -3.19027
2454294.42411 -4.02138
2454295.42416 -3.98254
2454296.42420 -4.57754
2454297.42425 -5.23591
2454298.42429 -5.33389
2454299.42434 -4.88505
2454300.42439 -3.22835
2454301.42443 -2.86844
2454302.42448 -2.07510
2454303.42452 -1.08142
2454304.42457 -0.57290
2454305.42461 -0.09810
2454306.42466 0.07988
2454307.42471 0.10549
2454308.42475 -0.15374
2454309.42480 -0.64244
2454310.42484 -1.36816
2454497.43338 -4.43318
2454498.43342 -4.87692
2454499.43347 -5.18960
2454500.43351 -4.98253
2454501.43356 -5.31777
2454502.43360 -5.94084
2454503.43365 -4.26322
2454504.43370 -3.65622
2454505.43374 -3.01374
2454506.43379 -2.23008
2454507.43383 -1.53120
2454508.43388 -0.77440
2454509.43392 -0.31170
2454510.43397 0.03441
2454511.43401 0.11812
2454512.43406 -0.01619
2454513.43411 -0.35062
2454514.43415 -1.04325
2454515.43420 -1.83769
2454516.43424 -2.21550
2454517.43429 -3.30057
2454518.43433 -3.95754
2454519.43438 -4.10572
2454520.43443 -5.86778
2454521.43447 -5.57310
2454522.43452 -6.15287
2454523.43456 -4.33570
2454524.43461 -4.41665
2454525.43465 -3.41802
2454526.43470 -2.94015
2454527.43474 -1.76077
2454528.43479 -1.15434
2454529.43484 -0.60072
2454530.43488 -0.04621
2454531.43493 0.20454
2454532.43497 0.13772
2454533.43502 -0.14164
2454534.43506 -0.58514
2454535.43511 -1.18494
2454536.43516 -1.77585
2454537.43520 -3.09887
2454538.43525 -3.34292
2454539.43529 -4.38348
2454540.43534 -5.32071
2454541.43538 -5.61481
2454542.43543 -5.18687
2454543.43548 -4.92157
2454544.43552 -4.97345
2454545.43557 -3.91305
2454546.43561 -2.76155
2454547.43566 -2.48000
2454548.43570 -1.39839
2454549.43575 -0.58827
2454550.43579 -0.16356
2454551.43584 0.17245
2454552.43589 0.27065
2454553.43593 0.09606
2454554.43598 -0.38970
2454555.43602 -0.90355
2454556.43607 -1.77660
2454557.43611 -2.51387
2454558.43616 -3.09753
2454559.43621 -4.37823
2454560.43625 -3.64517
2454561.43630 -4.27808
2454562.43634 -5.53518
2454563.43639 -4.23295
2454564.43643 -4.76124
2454565.43648 -3.80134
2454566.43652 -3.76786
2454567.43657 -2.93606
2454568.43662 -1.71094
2454569.43666 -1.00767
2454570.43671 -0.31987
2454571.43675 0.11892
2454572.43680 0.33098
2454573.43684 0.23845
2454574.43689 -0.04995
2454575.43694 -0.48607
2454576.43698 -1.27342
2454577.43703 -1.88192
2454578.43707 -2.87127
2454579.43712 -3.90851
2454580.43716 -3.86647
2454581.43721 -3.06097
2454582.43725 -5.64829
2454583.43730 -4.76972
2454584.43735 -5.02516
2454585.43739 -4.02116
2454586.43744 -3.60470
2454587.43748 -2.55587
2454588.43753 -1.91327
2454589.43757 -1.45158
2454590.43762 -0.48466
2454591.43767 0.05112
2454592.43771 0.31009
2454593.43776 0.37043
2454594.43780 0.23486
2454595.43785 -0.27475
2454596.43789 -0.93858
2454597.43794 -1.76164
2454598.43798 -2.59542
2454599.43803 -3.74019
2454600.43808 -4.17171
2454601.43812 -4.24692
2454602.43817 -4.79551
2454603.43821 -4.97628
2454604.43826 -3.96328
2454605.43830 -4.91939
2454606.43835 -3.48781
2454607.43840 -3.11921
2454608.43844 -2.48493
2454609.43849 -1.43724
2454610.43853 -0.71834
2454611.43858 -0.06182
2454612.43862 0.30271
2454613.43867 0.49446
2454614.43871 0.43371
2454615.43876 0.09876
2454616.43881 -0.48260
2454617.43885 -1.17982
2454618.43890 -1.85857
2454619.43894 -2.70754
2454620.43899 -3.72647
2454621.43903 -3.68151
2454622.43908 -5.44763
2454623.43913 -4.48782
2454624.43917 -4.47504
2454625.43922 -4.50372
2454626.43926 -4.15523
2454627.43931 -3.06926
2454628.43935 -2.88715
2454629.43940 -1.83306
2454630.43945 -0.88328
2454631.43949 -0.17402
2454632.43954 0.25037
2454633.43958 0.49956
2454634.43963 0.54098
2454635.43967 0.47111
2454636.43972 -0.08469
2454637.43976 -0.56011
2454638.43981 -1.33391
2454639.43986 -2.71308
2454640.43990 -3.08694
2454641.43995 -3.63389
2454642.43999 -4.57431
2454643.44004 -4.61086
2454644.44008 -5.51330
2454645.44013 -4.33856
2454646.44018 -4.37855
2454647.44022 -3.74883
2454648.44027 -2.90924
2454649.44031 -2.02640
2454650.44036 -1.31634
2454651.44040 -0.39352
2454652.44045 0.22573
2454653.44049 0.62639
2454654.44054 0.83799
2454655.44059 0.71158
2454656.44063 0.16827
2454657.44068 -0.31983
2454658.44072 -1.13634
2454659.44077 -1.98244
2454660.44081 -2.81418
2454661.44086 -3.58439
2454662.44091 -3.97122
2454663.44095 -4.95362
2454664.44100 -3.87131
2454665.44104 -4.10559
2454666.44109 -4.52413
2454667.44113 -3.78759
2454668.44118 -2.73250
2454669.44122 -2.24417
2454670.44127 -1.40335
2454671.44132 -0.64669
2454672.44136 0.05890
2454673.44141 0.57221
2454674.44145 0.80978
2454675.44150 0.76664
2454676.44154 0.56668
2454862.45003 0.74673
2454863.45008 -0.00385
2454864.45012 -0.83209
2454865.45017 -1.51164
2454866.45021 -2.45738
2454867.45026 -2.89019
2454868.45031 -3.17893
2454869.45035 -3.58387
2454870.45040 -3.40874
2454871.45044 -2.31572
2454872.45049 -2.04307
2454873.45053 -1.25495
2454874.45058 -0.30123
2454875.45063 0.60620
2454876.45067 1.54034
2454877.45072 1.85876
2454878.45076 2.08089
2454879.45081 2.51545
2454880.45085 2.20583
2454881.45090 1.90830
2454882.45094 1.21089
2454883.45099 0.61324
2454884.45104 -0.31414
2454885.45108 -1.04229
2454886.45113 -1.60932
2454887.45117 -2.37598
2454888.45122 -2.73210
2454889.45126 -3.17339
2454890.45131 -3.23875
2454891.45136 -2.31695
2454892.45140 -2.01802
2454893.45145 -1.24629
2454894.45149 -0.53529
2454895.45154 0.29377
2454896.45158 1.01767
2454897.45163 1.68039
2454898.45167 2.33639
2454899.45172 2.42035
2454900.45177 2.52685
2454901.45181 2.15534
2454902.45186 1.62496
2454903.45190 1.05132
2454904.45195 0.24328
2454905.45199 -0.66909
2454906.45204 -1.40143
2454907.45209 -1.73383
2454908.45213 -2.17978
2454909.45218 -2.77644
2454910.45222 -2.40005
2454911.45227 -2.56587
2454912.45231 -2.02104
2454913.45236 -1.46596
2454914.45240 -0.71150
2454915.45245 0.11516
2454916.45250 0.85228
2454917.45254 2.05361
2454918.45259 2.03009
2454919.45263 2.53301
2454920.45268 2.77359
2454921.45272 2.39121
2454922.45277 2.36808
2454923.45282 1.61254
2454924.45286 0.77484
2454925.45291 -0.04021
2454926.45295 -0.69432
2454927.45300 -1.55876
2454928.45304 -1.97165
2454929.45309 -2.41955
2454930.45313 -2.77922
2454931.45318 -2.56034
2454932.45323 -2.47368
2454933.45327 -1.84241
2454934.45332 -0.92642
2454935.45336 -0.07992
2454936.45341 0.82349
2454937.45345 1.61221
2454938.45350 2.21660
2454939.45355 2.55204
2454940.45359 2.92567
2454941.45364 2.54920
2454942.45368 2.65740
2454943.45373 1.71908
2454944.45377 1.29427
2454945.45382 0.50695
2454946.45387 -0.33985
2454947.45391 -1.28782
2454948.45396 -1.79641
2454949.45400 -2.11035
2454950.45405 -1.95100
2454951.45409 -2.55512
2454952.45414 -2.16153
2454953.45418 -1.61194
2454954.45423 -0.89039
2454955.45428 -0.31498
2454956.45432 0.52806
2454957.45437 1.42633
2454958.45441 1.93239
2454959.45446 2.27978
2454960.45450 2.86093
2454961.45455 2.89976
2454962.45460 2.72039
2454963.45464 2.54349
2454964.45469 1.68652
2454965.45473 1.12779
2454966.45478 0.18730
2454967.45482 -0.67716
2454968.45487 -1.39981
2454969.45491 -2.16238
2454970.45496 -2.10394
2454971.45501 -2.60074
2454972.45505 -2.12215
2454973.45510 -1.91294
2454974.45514 -1.47203
2454975.45519 -0.57781
2454976.45523 0.33307
2454977.45528 1.12310
2454978.45533 2.13338
2454979.45537 2.60869
2454980.45542 2.57463
2454981.45546 3.68453
2454982.45551 3.28431
2454983.45555 3.02057
2454984.45560 2.19293
2454985.45564 1.69590
2454986.45569 0.79413
2454987.45574 -0.08729
2454988.45578 -0.85442
2454989.45583 -1.48229
2454990.45587 -1.90619
2454991.45592 -2.26236
2454992.45596 -2.55434
2454993.45601 -1.78122
2454994.45606 -1.44959
2454995.45610 -0.75379
2454996.45615 0.10671
2454997.45619 1.02526
2454998.45624 1.74494
2454999.45628 2.58050
2455000.45633 2.99020
2455001.45637 3.37657
2455002.45642 2.93068
2455003.45647 3.14881
2455004.45651 2.91855
2455005.45656 2.49066
2455006.45660 1.37455
2455007.45665 0.53380
2455008.45669 -0.29979
2455009.45674 -1.04715
2455010.45679 -1.84037
2455011.45683 -2.36772
2455012.45688 -2.18989
2455013.45692 -2.24652
2455014.45697 -1.77753
2455015.45701 -0.84472
2455016.45706 -0.06104
2455017.45711 0.83166
2455018.45715 1.61492
2455019.45720 2.30959
2455020.45724 3.00726
2455021.45729 3.20309
2455022.45733 3.61931
2455023.45738 3.59384
2455024.45742 2.72048
2455025.45747 2.41944
2455026.45752 1.61725
2455027.45756 1.04348
2455028.45761 0.14641
2455029.45765 -0.63795
2455030.45770 -1.34077
2455031.45774 -1.68418
2455032.45779 -1.40645
2455033.45784 -2.02235
2455034.45788 -1.32948
2455035.45793 -0.94014
2455036.45797 -0.29557
2455037.45802 0.56603
2455038.45806 1.54035
2455039.45811 2.21565
2455040.45815 3.30322
2455041.45820 3.08186
2455227.46669 4.45090
2455228.46673 5.29290
2455229.46678 4.11200
2455230.46682 3.92091
2455231.46687 2.86813
2455232.46692 1.69435
2455233.46696 1.08526
2455234.46701 0.40501
2455235.46705 -0.10304
2455236.46710 -0.40160
2455237.46714 -0.54362
2455238.46719 -0.34512
2455239.46724 0.09524
2455240.46728 0.75354
2455241.46733 1.24655
2455242.46737 2.48998
2455243.46742 3.14458
2455244.46746 3.98250
2455245.46751 3.82777
2455246.46755 4.32228
2455247.46760 4.30861
2455248.46765 4.66417
2455249.46769 4.11518
2455250.46774 3.53268
2455251.46778 3.07247
2455252.46783 2.32314
2455253.46787 1.37389
2455254.46792 1.05291
2455255.46797 0.15837
2455256.46801 -0.23740
2455257.46806 -0.39365
2455258.46810 -0.47080
2455259.46815 -0.03978
2455260.46819 0.53247
2455261.46824 1.50145
2455262.46829 1.81995
2455263.46833 2.76114
2455264.46838 4.04998
2455265.46842 4.63634
2455266.46847 5.24753
2455267.46851 5.44591
2455268.46856 6.13783
2455269.46860 5.26046
2455270.46865 3.50513
2455271.46870 3.99802
2455272.46874 3.08092
2455273.46879 1.76486
2455274.46883 1.02777
2455275.46888 0.53453
2455276.46892 0.00788
2455277.46897 -0.32050
2455278.46902 -0.35026
2455279.46906 -0.10412
2455280.46911 0.35127
2455281.46915 1.04221
2455282.46920 1.68083
2455283.46924 2.94805
2455284.46929 3.00981
2455285.46933 3.46562
2455286.46938 5.27487
2455287.46943 5.28895
2455288.46947 5.29548
2455289.46952 4.83819
2455290.46956 4.86709
2455291.46961 4.07635
2455292.46965 3.74866
2455293.46970 2.46473
2455294.46975 1.79806
2455295.46979 0.92118
2455296.46984 0.29744
2455297.46988 -0.12037
2455298.46993 -0.27150
2455299.46997 -0.19385
2455300.47002 0.21597
2455301.47006 0.59861
2455302.47011 1.44669
2455303.47016 2.13891
2455304.47020 3.18002
2455305.47025 3.66339
2455306.47029 3.64039
2455307.47034 5.33250
2455308.47038 5.09621
2455309.47043 5.92434
2455310.47048 4.92829
2455311.47052 4.02074
2455312.47057 3.91975
2455313.47061 3.04241
2455314.47066 2.29108
2455315.47070 1.06068
2455316.47075 0.53041
2455317.47079 0.11964
2455318.47084 -0.14847
2455319.47089 -0.17368
2455320.47093 0.06635
2455321.47098 0.65135
2455322.47102 1.15308
2455323.47107 2.23616
2455324.47111 2.79855
2455325.47116 3.81289
2455326.47121 4.58182
2455327.47125 4.99002
2455328.47130 5.77346
2455329.47134 5.56738
2455330.47139 4.70799
2455331.47143 4.50528
2455332.47148 3.85389
2455333.47153 3.58848
2455334.47157 2.58642
2455335.47162 1.92790
2455336.47166 1.11010
2455337.47171 0.40746
2455338.47175 -0.01014
2455339.47180 -0.13806
2455340.47184 -0.02219
2455341.47189 0.32454
2455342.47194 0.98613
2455343.47198 1.57516
2455344.47203 2.56705
2455345.47207 3.46802
2455346.47212 4.34938
2455347.47216 5.60240
2455348.47221 4.78655
2455349.47226 5.69687
2455350.47230 5.02952
2455351.47235 5.38743
2455352.47239 4.39835
2455353.47244 3.72725
2455354.47248 3.18731
2455355.47253 1.91265
2455356.47257 1.39300
2455357.47262 0.62093
2455358.47267 0.18554
2455359.47271 -0.06682
2455360.47276 -0.06190
2455361.47280 0.19440
2455362.47285 0.69093
2455363.47289 1.64929
2455364.47294 2.40799
2455365.47299 3.11645
2455366.47303 3.71598
2455367.47308 4.81367
2455368.47312 4.97048
2455369.47317 5.54424
2455370.47321 4.85527
2455371.47326 5.67117
2455372.47330 4.04999
2455373.47335 3.50037
2455374.47340 3.73049
2455375.47344 2.77040
2455376.47349 1.45871
2455377.47353 1.13329
2455378.47358 0.38991
2455379.47362 0.05366
2455380.47367 -0.05749
2455381.47372 0.09269
2455382.47376 0.45770
2455383.47381 1.11513
2455384.47385 1.82075
2455385.47390 2.93438
2455386.47394 3.62545
2455387.47399 4.01162
2455388.47403 4.47922
2455389.47408 5.03614
2455390.47413 5.97727
2455391.47417 5.96740
2455392.47422 5.35877
2455393.47426 4.13973
2455394.47431 4.32501
2455395.47435 3.12085
2455396.47440 2.32024
2455397.47445 1.05388
2455398.47449 0.53904
2455399.47454 0.22029
2455400.47458 -0.01183
2455401.47463 0.01960
2455402.47467 0.30176
2455403.47472 0.87058
2455404.47476 1.68386
2455405.47481 2.29213
2455406.47486 2.78643
2455592.48334 4.19960
2455593.48339 4.32858
2455594.48344 5.16689
2455595.48348 5.68838
2455596.48353 4.61067
2455597.48357 4.68733
2455598.48362 3.56447
2455599.48366 2.80032
2455600.48371 2.47803
2455601.48375 1.54567
2455602.48380 0.59959
2455603.48385 0.11001
2455604.48389 -0.19443
2455605.48394 -0.31570
2455606.48398 -0.14252
2455607.48403 0.27215
2455608.48407 0.97493
2455609.48412 1.62249
2455610.48417 2.60200
2455611.48421 2.67046
2455612.48426 3.42404
2455613.48430 4.42496
2455614.48435 5.57244
2455615.48439 5.63522
2455616.48444 4.64012
2455617.48448 5.34573
2455618.48453 4.81316
2455619.48458 3.29352
2455620.48462 2.20729
2455621.48467 1.59318
2455622.48471 0.76977
2455623.48476 0.27646
2455624.48480 -0.22079
2455625.48485 -0.48327
2455626.48490 -0.41699
2455627.48494 -0.05820
2455628.48499 0.41958
2455629.48503 1.25912
2455630.48508 2.09154
2455631.48512 2.96929
2455632.48517 3.53351
2455633.48521 4.10045
2455634.48526 5.43129
2455635.48531 5.05466
2455636.48535 4.85128
2455637.48540 5.15903
2455638.48544 3.87466
2455639.48549 3.52472
2455640.48553 2.06363
2455641.48558 2.30985
2455642.48563 1.02020
2455643.48567 0.43260
2455644.48572 -0.11653
2455645.48576 -0.40019
2455646.48581 -0.46462
2455647.48585 -0.31004
2455648.48590 0.09577
2455649.48595 0.71085
2455650.48599 1.36748
2455651.48604 2.62450
2455652.48608 2.29714
2455653.48613 3.66736
2455654.48617 5.06268
2455655.48622 5.08877
2455656.48626 5.43953
2455657.48631 5.01229
2455658.48636 4.63231
2455659.48640 3.72354
2455660.48645 3.43346
2455661.48649 2.14392
2455662.48654 1.48706
2455663.48658 0.59589
2455664.48663 -0.00337
2455665.48668 -0.39848
2455666.48672 -0.64360
2455667.48677 -0.48626
2455668.48681 -0.18346
2455669.48686 0.35430
2455670.48690 1.02313
2455671.48695 2.12992
2455672.48699 2.91132
2455673.48704 3.28435
2455674.48709 3.50612
2455675.48713 3.94659
2455676.48718 5.49213
2455677.48722 4.29830
2455678.48727 4.53389
2455679.48731 4.74010
2455680.48736 3.24739
2455681.48741 2.29044
2455682.48745 1.41121
2455683.48750 0.86118
2455684.48754 0.14855
2455685.48759 -0.40225
2455686.48763 -0.62908
2455687.48768 -0.75042
2455688.48772 -0.50906
2455689.48777 -0.05341
2455690.48782 0.54792
2455691.48786 1.46514
2455692.48791 2.25838
2455693.48795 2.68081
2455694.48800 4.06232
2455695.48804 3.90243
2455696.48809 5.74142
2455697.48814 4.56646
2455698.48818 4.83984
2455699.48823 3.82424
2455700.48827 3.76438
2455701.48832 3.10149
2455702.48836 1.69815
2455703.48841 1.08868
2455704.48845 0.31146
2455705.48850 -0.23558
2455706.48855 -0.74297
2455707.48859 -0.81506
2455708.48864 -0.85887
2455709.48868 -0.40264
2455710.48873 0.19535
2455711.48877 0.97310
2455712.48882 1.73187
2455713.48887 2.41056
2455714.48891 3.97148
2455715.48896 4.38966
2455716.48900 3.98556
2455717.48905 4.74026
2455718.48909 4.60584
2455719.48914 4.06599
2455720.48918 2.96812
2455721.48923 3.31466
2455722.48928 2.32352
2455723.48932 1.56346
2455724.48937 0.52964
2455725.48941 -0.15807
2455726.48946 -0.72828
2455727.48950 -0.89951
2455728.48955 -0.95332
2455729.48960 -0.78811
2455730.48964 -0.27102
2455731.48969 0.46171
2455732.48973 1.19153
2455733.48978 2.04734
2455734.48982 2.91966
2455735.48987 3.48657
2455736.48992 4.21279
2455737.48996 4.51364
2455738.49001 3.98384
2455739.49005 4.62977
2455740.49010 3.86641
2455741.49014 3.16903
2455742.49019 2.53229
2455743.49023 1.71643
2455744.49028 0.82654
2455745.49033 -0.00902
2455746.49037 -0.64924
2455747.49042 -0.92370
2455748.49046 -1.35256
2455749.49051 -1.13332
2455750.49055 -0.61332
2455751.49060 -0.03082
2455752.49065 0.79288
2455753.49069 1.55825
2455754.49074 2.62455
2455755.49078 3.10010
2455756.49083 3.91520
2455757.49087 3.83964
2455758.49092 4.82353
2455759.49096 4.49301
2455760.49101 4.65662
2455761.49106 3.51376
2455762.49110 2.07491
2455763.49115 1.66403
2455764.49119 0.95165
2455765.49124 0.17346
2455766.49128 -0.59364
2455767.49133 -0.88328
2455768.49138 -1.26502
2455769.49142 -1.27966
2455770.49147 -1.01256
2455771.49151 -0.49431
2455957.50000 -0.45456
