2445000.00000 12.86842
2445001.00005 14.99915
2445002.00009 12.39484
2445003.00014 10.89563
2445004.00018 7.98262
2445005.00023 5.29541
2445006.00027 2.30677
2445007.00032 -0.76830
2445008.00037 -3.51711
2445009.00041 -5.09440
2445010.00046 -6.70026
2445011.00050 -10.21967
2445012.00055 -9.72857
2445013.00059 -10.28628
2445014.00064 -7.91573
2445015.00068 -4.56980
2445016.00073 -4.59268
2445017.00078 -1.19616
2445018.00082 1.59706
2445019.00087 5.25416
2445020.00091 8.12652
2445021.00096 11.11753
2445022.00100 12.39767
2445023.00105 17.04281
2445024.00110 17.04510
2445025.00114 16.77254
2445026.00119 18.80647
2445027.00123 12.49007
2445028.00128 13.45195
2445029.00132 8.82889
2445030.00137 9.07662
2445031.00141 4.95927
2445032.00146 2.66412
2445033.00151 -0.28770
2445034.00155 -2.94861
2445035.00160 -4.88042
2445036.00164 -5.85793
2445037.00169 -8.55236
2445038.00173 -9.23059
2445039.00178 -8.40646
2445040.00183 -6.66695
2445041.00187 -5.23195
2445042.00192 -2.54024
2445043.00196 -0.10838
2445044.00201 2.23157
2445045.00205 5.86696
2445046.00210 8.07290
2445047.00214 11.33536
2445048.00219 13.26008
2445049.00224 17.96399
2445050.00228 16.29086
2445051.00233 17.90338
2445052.00237 19.18111
2445053.00242 16.70158
2445054.00246 15.22799
2445055.00251 12.31873
2445056.00256 10.86358
2445057.00260 5.84728
2445058.00265 3.61732
2445059.00269 0.26284
2445060.00274 -2.61094
2445061.00278 -5.19543
2445062.00283 -6.27216
2445063.00287 -6.27132
2445064.00292 -7.76528
2445065.00297 -5.33578
2445066.00301 -6.86357
2445067.00306 -4.06852
2445068.00310 -1.38975
2445069.00315 0.89979
2445070.00319 3.97520
2445071.00324 6.32992
2445072.00329 9.36852
2445073.00333 13.32026
2445074.00338 14.94890
2445075.00342 13.43546
2445076.00347 18.03732
2445077.00351 17.56770
2445078.00356 17.77089
2445079.00361 14.44867
2445080.00365 14.53486
2445081.00370 13.03318
2445082.00374 10.11114
2445083.00379 6.94077
2445084.00383 3.57658
2445085.00388 0.74473
2445086.00392 -2.12369
2445087.00397 -4.36753
2445088.00402 -6.33585
2445089.00406 -5.68743
2445090.00411 -7.14143
2445091.00415 -5.63172
2445092.00420 -4.69788
2445093.00424 -2.98571
2445094.00429 -0.65466
2445095.00434 1.87802
2445096.00438 5.07967
2445097.00443 8.41631
2445098.00447 10.74298
2445099.00452 14.21604
2445100.00456 17.48571
2445101.00461 16.09932
2445102.00465 20.82365
2445103.00470 19.81096
2445104.00475 19.02493
2445105.00479 19.24171
2445106.00484 14.38697
2445107.00488 14.33300
2445108.00493 10.79932
2445109.00497 7.54850
2445110.00502 3.72763
2445111.00507 1.40745
2445112.00511 -1.39412
2445113.00516 -3.63961
2445114.00520 -5.27822
2445115.00525 -6.74135
2445116.00529 -6.05378
2445117.00534 -5.37418
2445118.00538 -4.53984
2445119.00543 -2.05149
2445120.00548 0.29914
2445121.00552 3.01217
2445122.00557 6.78478
2445123.00561 10.73780
2445124.00566 12.95186
2445125.00570 16.46360
2445126.00575 20.40556
2445127.00580 19.71683
2445128.00584 20.96509
2445129.00589 22.00978
2445130.00593 18.96540
2445131.00598 19.28135
2445132.00602 18.94991
2445133.00607 12.87784
2445134.00611 10.47298
2445135.00616 7.28381
2445136.00621 4.42662
2445137.00625 1.79218
2445138.00630 -0.84512
2445139.00634 -3.27086
2445140.00639 -5.06885
2445141.00643 -4.49754
2445142.00648 -4.71048
2445143.00653 -3.83152
2445144.00657 -3.19481
2445145.00662 -1.14244
2445146.00666 1.57686
2445147.00671 4.23216
2445148.00675 7.69377
2445149.00680 11.99799
2445150.00684 15.05491
2445151.00689 16.13694
2445152.00694 16.14802
2445153.00698 19.17928
2445154.00703 21.51422
2445155.00707 21.63882
2445156.00712 21.52222
2445157.00716 16.91883
2445158.00721 18.07689
2445159.00726 14.81489
2445160.00730 11.82452
2445161.00735 7.81480
2445162.00739 4.37384
2445163.00744 1.88998
2445164.00748 -0.46160
2445165.00753 -2.47427
2445166.00758 -4.00093
2445167.00762 -4.38433
2445168.00767 -4.24413
2445169.00771 -3.29685
2445170.00776 -2.54437
2445171.00780 -0.26434
2445172.00785 2.40837
2445173.00789 4.97124
2445174.00794 7.47726
2445175.00799 11.59901
2445176.00803 15.11733
2445177.00808 17.54243
2445178.00812 20.10418
2445179.00817 21.51113
2445366.01670 16.35945
2445367.01675 15.07678
2445368.01679 11.23593
2445369.01684 7.85646
2445370.01688 4.82960
2445371.01693 2.67555
2445372.01698 0.52159
2445373.01702 -1.01032
2445374.01707 -1.69985
2445375.01711 -2.03471
2445376.01716 -1.15635
2445377.01720 0.02678
2445378.01725 1.83644
2445379.01729 4.99423
2445380.01734 7.98218
2445381.01739 10.17635
2445382.01743 12.99717
2445383.01748 14.93018
2445384.01752 20.25032
2445385.01757 22.75539
2445386.01761 24.05427
2445387.01766 20.85619
2445388.01771 24.00361
2445389.01775 19.27179
2445390.01780 23.54567
2445391.01784 18.14119
2445392.01789 17.15764
2445393.01793 13.95047
2445394.01798 9.98139
2445395.01803 6.54146
2445396.01807 5.95013
2445397.01812 1.46348
2445398.01816 0.38147
2445399.01821 -1.03949
2445400.01825 -2.16276
2445401.01830 -1.74484
2445402.01834 -1.09256
2445403.01839 0.23782
2445404.01844 2.33207
2445405.01848 4.63225
2445406.01853 7.77523
2445407.01857 10.78069
2445408.01862 12.31869
2445409.01866 15.72879
2445410.01871 20.77585
2445411.01876 20.84963
2445412.01880 20.30992
2445413.01885 22.80755
2445414.01889 20.10008
2445415.01894 23.28808
2445416.01898 23.87883
2445417.01903 20.09604
2445418.01907 18.45718
2445419.01912 14.35669
2445420.01917 11.93595
2445421.01921 7.53052
2445422.01926 4.70275
2445423.01930 1.87798
2445424.01935 0.16155
2445425.01939 -1.24103
2445426.01944 -1.67576
2445427.01949 -1.61875
2445428.01953 -1.02869
2445429.01958 0.29407
2445430.01962 2.40294
2445431.01967 5.24680
2445432.01971 7.38234
2445433.01976 10.54962
2445434.01980 15.19934
2445435.01985 14.64741
2445436.01990 22.25552
2445437.01994 21.80094
2445438.01999 22.92960
2445439.02003 22.08760
2445440.02008 23.25891
2445441.02012 25.56566
2445442.02017 16.31015
2445443.02022 18.02094
2445444.02026 15.86325
2445445.02031 11.06920
2445446.02035 9.53214
2445447.02040 7.26536
2445448.02044 4.13019
2445449.02049 1.89201
2445450.02053 -0.19024
2445451.02058 -1.43523
2445452.02063 -2.00362
2445453.02067 -1.91591
2445454.02072 -1.01089
2445455.02076 0.28578
2445456.02081 2.51704
2445457.02085 4.40900
2445458.02090 8.37027
2445459.02095 9.54308
2445460.02099 15.71306
2445461.02104 14.45297
2445462.02108 20.35773
2445463.02113 20.33344
2445464.02117 24.64337
2445465.02122 20.18047
2445466.02126 24.53458
2445467.02131 21.26018
2445468.02136 19.37306
2445469.02140 16.41531
2445470.02145 14.83186
2445471.02149 11.42614
2445472.02154 9.82600
2445473.02158 6.33064
2445474.02163 2.71919
2445475.02168 1.35962
2445476.02172 -0.56911
2445477.02177 -1.53090
2445478.02181 -2.04691
2445479.02186 -1.83376
2445480.02190 -1.19952
2445481.02195 0.31859
2445482.02200 1.73403
2445483.02204 5.27708
2445484.02209 7.01277
2445485.02213 10.48351
2445486.02218 13.89466
2445487.02222 15.83227
2445488.02227 19.69704
2445489.02231 19.48093
2445490.02236 20.58966
2445491.02241 25.35741
2445492.02245 21.28624
2445493.02250 21.18310
2445494.02254 19.17738
2445495.02259 15.80549
2445496.02263 11.95627
2445497.02268 12.73160
2445498.02273 9.81226
2445499.02277 5.48471
2445500.02282 3.41872
2445501.02286 0.82387
2445502.02291 -1.11345
2445503.02295 -2.04584
2445504.02300 -3.00469
2445505.02304 -2.46686
2445506.02309 -1.65868
2445507.02314 0.19213
2445508.02318 2.38770
2445509.02323 5.08285
2445510.02327 7.61895
2445511.02332 10.90319
2445512.02336 13.91984
2445513.02341 16.71878
2445514.02346 18.73320
2445515.02350 18.70411
2445516.02355 21.48201
2445517.02359 22.51115
2445518.02364 21.30375
2445519.02368 20.04104
2445520.02373 20.68778
2445521.02377 19.21191
2445522.02382 13.63296
2445523.02387 12.41392
2445524.02391 8.42655
2445525.02396 5.48592
2445526.02400 2.48963
2445527.02405 0.23484
2445528.02409 -1.53697
2445529.02414 -2.72429
2445530.02419 -3.19639
2445531.02423 -3.41966
2445532.02428 -1.54082
2445533.02432 0.01658
2445534.02437 2.37169
2445535.02441 5.34471
2445536.02446 7.79826
2445537.02450 11.71969
2445538.02455 14.46259
2445539.02460 15.64650
2445540.02464 19.80005
2445541.02469 19.25693
2445542.02473 19.81992
2445543.02478 21.95496
2445544.02482 18.70351
2445545.02487 20.41029
2445731.03336 3.27937
2445732.03340 0.57822
2445733.03345 -2.06654
2445734.03349 -4.07542
2445735.03354 -6.31257
2445736.03359 -7.06512
2445737.03363 -9.14806
2445738.03368 -7.57548
2445739.03372 -6.29626
2445740.03377 -5.54707
2445741.03381 -3.56601
2445742.03386 -0.71931
2445743.03391 2.01224
2445744.03395 4.57236
2445745.03400 8.67275
2445746.03404 11.90812
2445747.03409 11.28337
2445748.03413 14.41730
2445749.03418 19.81501
2445750.03422 17.79850
2445751.03427 15.00065
2445752.03432 16.63555
2445753.03436 14.39730
2445754.03441 10.61942
2445755.03445 7.30578
2445756.03450 6.45513
2445757.03454 2.49449
2445758.03459 -0.63216
2445759.03464 -2.92083
2445760.03468 -6.24214
2445761.03473 -7.81941
2445762.03477 -9.09810
2445763.03482 -8.93038
2445764.03486 -7.46425
2445765.03491 -7.56301
2445766.03495 -6.49722
2445767.03500 -3.90779
2445768.03505 -1.31761
2445769.03509 1.76418
2445770.03514 4.85363
2445771.03518 8.02366
2445772.03523 9.67958
2445773.03527 13.48642
2445774.03532 14.63076
2445775.03537 16.36889
2445776.03541 18.53670
2445777.03546 14.53523
2445778.03550 18.84672
2445779.03555 11.53513
2445780.03559 9.45996
2445781.03564 7.00744
2445782.03568 4.91202
2445783.03573 1.29715
2445784.03578 -1.76592
2445785.03582 -4.53090
2445786.03587 -6.87083
2445787.03591 -8.66432
2445788.03596 -10.98042
2445789.03600 -9.34107
2445790.03605 -8.16115
2445791.03610 -9.46248
2445792.03614 -6.72222
2445793.03619 -4.59234
2445794.03623 -2.01695
2445795.03628 1.01087
2445796.03632 4.43485
2445797.03637 7.66083
2445798.03642 8.21615
2445799.03646 11.98727
2445800.03651 12.70381
2445801.03655 12.09609
2445802.03660 13.53342
2445803.03664 13.51339
2445804.03669 13.00538
2445805.03673 11.31703
2445806.03678 8.64075
2445807.03683 5.56485
2445808.03687 3.24070
2445809.03692 0.03016
2445810.03696 -3.30630
2445811.03701 -5.63246
2445812.03705 -8.65289
2445813.03710 -10.29030
2445814.03715 -12.29943
2445815.03719 -9.23122
2445816.03724 -8.96470
2445817.03728 -8.90784
2445818.03733 -7.22307
2445819.03737 -6.05172
2445820.03742 -2.81035
2445821.03746 0.50106
2445822.03751 3.36987
2445823.03756 5.46661
2445824.03760 9.32550
2445825.03765 10.25706
2445826.03769 10.82255
2445827.03774 12.73146
2445828.03778 14.29169
2445829.03783 15.44359
2445830.03788 12.41138
2445831.03792 9.49792
2445832.03797 6.70851
2445833.03801 5.36749
2445834.03806 2.06406
2445835.03810 -1.24611
2445836.03815 -3.77263
2445837.03819 -6.81945
2445838.03824 -9.47638
2445839.03829 -9.34499
2445840.03833 -12.96384
2445841.03838 -11.55132
2445842.03842 -13.34309
2445843.03847 -9.55188
2445844.03851 -7.06125
2445845.03856 -6.36795
2445846.03861 -3.25870
2445847.03865 -0.12180
2445848.03870 3.10300
2445849.03874 5.50084
2445850.03879 7.51092
2445851.03883 9.43738
2445852.03888 13.04356
2445853.03892 12.37783
2445854.03897 12.07912
2445855.03902 13.41754
2445856.03906 9.33749
2445857.03911 8.39624
2445858.03915 6.19171
2445859.03920 3.47507
2445860.03924 0.57827
2445861.03929 -2.37681
2445862.03934 -5.47719
2445863.03938 -6.37989
2445864.03943 -13.08027
2445865.03947 -13.33881
2445866.03952 -11.66487
2445867.03956 -15.41684
2445868.03961 -13.44519
2445869.03966 -8.30724
2445870.03970 -9.16588
2445871.03975 -6.83447
2445872.03979 -3.28881
2445873.03984 -0.83077
2445874.03988 2.29138
2445875.03993 4.79957
2445876.03997 6.94650
2445877.04002 9.06591
2445878.04007 12.53277
2445879.04011 11.28030
2445880.04016 10.78383
2445881.04020 9.86277
2445882.04025 8.97827
2445883.04029 8.91814
2445884.04034 6.62850
2445885.04039 2.46584
2445886.04043 -0.60971
2445887.04048 -3.14818
2445888.04052 -6.14020
2445889.04057 -10.11687
2445890.04061 -10.50918
2445891.04066 -11.32539
2445892.04070 -14.31204
2445893.04075 -12.94591
2445894.04080 -12.21582
2445895.04084 -12.68741
2445896.04089 -9.34261
2445897.04093 -5.24116
2445898.04098 -4.43327
2445899.04102 -1.33983
2445900.04107 1.64266
2445901.04112 4.68037
2445902.04116 6.15441
2445903.04121 9.63386
2445904.04125 10.21227
2445905.04130 13.89758
2445906.04134 10.74485
2445907.04139 10.61342
2445908.04143 7.55014
2445909.04148 5.34159
2445910.04153 4.51187
2446096.05001 -13.21337
2446097.05006 -15.50235
2446098.05010 -20.12589
2446099.05015 -19.86970
2446100.05020 -18.03619
2446101.05024 -15.96002
2446102.05029 -16.91975
2446103.05033 -13.70306
2446104.05038 -13.48533
2446105.05042 -10.73800
2446106.05047 -8.09695
2446107.05052 -5.43625
2446108.05056 -2.06703
2446109.05061 0.23088
2446110.05065 2.57133
2446111.05070 3.85719
2446112.05074 4.88568
2446113.05079 4.66152
2446114.05084 4.53760
2446115.05088 3.09278
2446116.05093 0.67782
2446117.05097 -1.87786
2446118.05102 -3.98402
2446119.05106 -6.35071
2446120.05111 -9.51802
2446121.05115 -13.81545
2446122.05120 -15.84905
2446123.05125 -15.91140
2446124.05129 -20.59817
2446125.05134 -20.07476
2446126.05138 -21.78353
2446127.05143 -15.01546
2446128.05147 -15.73465
2446129.05152 -17.27219
2446130.05157 -12.44326
2446131.05161 -10.97458
2446132.05166 -7.95913
2446133.05170 -5.76111
2446134.05175 -2.62133
2446135.05179 -0.12500
2446136.05184 1.44602
2446137.05188 3.54893
2446138.05193 4.64399
2446139.05198 4.59749
2446140.05202 3.19128
2446141.05207 1.68425
2446142.05211 -0.08907
2446143.05216 -2.36809
2446144.05220 -6.28580
2446145.05225 -8.66555
2446146.05230 -11.85916
2446147.05234 -13.62023
2446148.05239 -14.64071
2446149.05243 -17.47261
2446150.05248 -21.83492
2446151.05252 -23.14167
2446152.05257 -23.98220
2446153.05261 -16.52384
2446154.05266 -21.11927
2446155.05271 -15.52176
2446156.05275 -13.20141
2446157.05280 -12.04827
2446158.05284 -8.56419
2446159.05289 -5.15126
2446160.05293 -2.31111
2446161.05298 -0.40486
2446162.05303 1.69185
2446163.05307 3.48583
2446164.05312 3.29657
2446165.05316 3.68567
2446166.05321 2.67895
2446167.05325 1.28146
2446168.05330 -0.87366
2446169.05334 -3.40418
2446170.05339 -6.90655
2446171.05344 -9.29527
2446172.05348 -12.56035
2446173.05353 -15.05708
2446174.05357 -15.86804
2446175.05362 -18.73916
2446176.05366 -20.40312
2446177.05371 -22.54881
2446178.05376 -21.81390
2446179.05380 -24.75976
2446180.05385 -19.59625
2446181.05389 -16.80453
2446182.05394 -12.40989
2446183.05398 -10.94854
2446184.05403 -7.17634
2446185.05408 -5.34113
2446186.05412 -2.91784
2446187.05417 -0.61553
2446188.05421 1.08649
2446189.05426 2.51608
2446190.05430 2.70304
2446191.05435 2.78558
2446192.05439 2.25717
2446193.05444 0.58099
2446194.05449 -1.48042
2446195.05453 -3.65004
2446196.05458 -6.99081
2446197.05462 -10.07843
2446198.05467 -11.19173
2446199.05471 -14.15032
2446200.05476 -17.51562
2446201.05481 -15.84220
2446202.05485 -23.90629
2446203.05490 -17.70074
2446204.05494 -22.44169
2446205.05499 -20.57622
2446206.05503 -17.44696
2446207.05508 -16.12038
2446208.05512 -13.83329
2446209.05517 -11.63409
2446210.05522 -8.59066
2446211.05526 -6.22417
2446212.05531 -3.48337
2446213.05535 -0.66039
2446214.05540 0.99378
2446215.05544 2.42923
2446216.05549 2.61224
2446217.05554 2.55579
2446218.05558 1.07975
2446219.05563 -0.00765
2446220.05567 -2.35936
2446221.05572 -4.33237
2446222.05576 -7.70311
2446223.05581 -10.85607
2446224.05585 -12.43549
2446225.05590 -17.85637
2446226.05595 -19.24528
2446227.05599 -19.10896
2446228.05604 -19.55998
2446229.05608 -22.42386
2446230.05613 -20.38670
2446231.05617 -19.00706
2446232.05622 -20.57601
2446233.05627 -15.01905
2446234.05631 -13.25159
2446235.05636 -12.85934
2446236.05640 -8.72506
2446237.05645 -6.20302
2446238.05649 -3.16955
2446239.05654 -1.02570
2446240.05658 0.83913
2446241.05663 1.85422
2446242.05668 2.90646
2446243.05672 2.32887
2446244.05677 1.19177
2446245.05681 -0.55502
2446246.05686 -2.53702
2446247.05690 -4.91053
2446248.05695 -7.10610
2446249.05700 -11.97093
2446250.05704 -14.05908
2446251.05709 -17.73180
2446252.05713 -17.36010
2446253.05718 -21.32378
2446254.05722 -22.67686
2446255.05727 -26.16092
2446256.05731 -20.26582
2446257.05736 -24.27056
2446258.05741 -20.78465
2446259.05745 -19.50979
2446260.05750 -13.83801
2446261.05754 -12.39487
2446262.05759 -8.67966
2446263.05763 -5.68551
2446264.05768 -3.42300
2446265.05773 -0.95895
2446266.05777 0.96274
2446267.05782 1.93042
2446268.05786 2.05385
2446269.05791 1.59083
2446270.05795 0.76753
2446271.05800 -0.79593
2446272.05805 -3.10993
2446273.05809 -5.37661
2446274.05814 -10.28858
2446275.05818 -10.68724
2446461.06667 -23.59423
2446462.06672 -20.17200
2446463.06676 -21.95867
2446464.06681 -17.73362
2446465.06685 -23.06156
2446466.06690 -16.91035
2446467.06694 -13.78220
2446468.06699 -13.02932
2446469.06703 -7.98909
2446470.06708 -5.06317
2446471.06713 -2.89226
2446472.06717 -0.51908
2446473.06722 1.50057
2446474.06726 2.50686
2446475.06731 2.37640
2446476.06735 2.87964
2446477.06740 2.14258
2446478.06745 0.23684
2446479.06749 -1.55652
2446480.06754 -3.94285
2446481.06758 -6.53621
2446482.06763 -9.63995
2446483.06767 -11.31582
2446484.06772 -18.28116
2446485.06776 -16.53114
2446486.06781 -19.26863
2446487.06786 -18.89419
2446488.06790 -19.69534
2446489.06795 -17.87141
2446490.06799 -17.85402
2446491.06804 -19.14032
2446492.06808 -17.82374
2446493.06813 -14.10051
2446494.06818 -11.10499
2446495.06822 -7.58523
2446496.06827 -5.14642
2446497.06831 -2.04527
2446498.06836 0.10298
2446499.06840 1.79300
2446500.06845 2.62414
2446501.06850 3.89978
2446502.06854 3.72817
2446503.06859 2.34665
2446504.06863 0.50947
2446505.06868 -1.56232
2446506.06872 -4.32655
2446507.06877 -7.00839
2446508.06881 -9.37124
2446509.06886 -12.90477
2446510.06891 -16.15608
2446511.06895 -18.25089
2446512.06900 -19.23211
2446513.06904 -22.20078
2446514.06909 -20.84247
2446515.06913 -22.37496
2446516.06918 -19.32567
2446517.06923 -19.47296
2446518.06927 -15.85755
2446519.06932 -11.09219
2446520.06936 -10.95689
2446521.06941 -7.54446
2446522.06945 -4.08832
2446523.06950 -1.28505
2446524.06954 0.68335
2446525.06959 2.31780
2446526.06964 4.23956
2446527.06968 4.85360
2446528.06973 3.66568
2446529.06977 2.78113
2446530.06982 0.70184
2446531.06986 -1.53285
2446532.06991 -4.55460
2446533.06996 -7.44825
2446534.07000 -10.90248
2446535.07005 -13.40295
2446536.07009 -13.71945
2446537.07014 -20.30703
2446538.07018 -16.94378
2446539.07023 -19.45897
2446540.07027 -16.87518
2446541.07032 -20.52739
2446542.07037 -18.59813
2446543.07041 -18.03572
2446544.07046 -13.65716
2446545.07050 -12.04361
2446546.07055 -8.81408
2446547.07059 -6.02843
2446548.07064 -2.82580
2446549.07069 -0.57717
2446550.07073 1.57931
2446551.07078 2.92925
2446552.07082 3.87097
2446553.07087 4.14443
2446554.07091 3.74219
2446555.07096 2.74667
2446556.07100 0.91122
2446557.07105 -1.15520
2446558.07110 -4.15634
2446559.07114 -6.24012
2446560.07119 -10.98229
2446561.07123 -13.93577
2446562.07128 -17.98211
2446563.07132 -19.66706
2446564.07137 -20.32551
2446565.07142 -19.43480
2446566.07146 -18.95286
2446567.07151 -21.52080
2446568.07155 -18.24028
2446569.07160 -17.72431
2446570.07164 -13.05401
2446571.07169 -10.10889
2446572.07173 -9.50458
2446573.07178 -5.43067
2446574.07183 -2.48569
2446575.07187 0.23698
2446576.07192 2.63539
2446577.07196 3.34214
2446578.07201 4.72497
2446579.07205 5.34440
2446580.07210 4.15708
2446581.07215 3.19230
2446582.07219 1.62645
2446583.07224 -0.83195
2446584.07228 -3.45458
2446585.07233 -5.70490
2446586.07237 -9.90828
2446587.07242 -11.93337
2446588.07247 -14.41264
2446589.07251 -15.29496
2446590.07256 -17.82354
2446591.07260 -20.79247
2446592.07265 -18.24476
2446593.07269 -16.31368
2446594.07274 -15.03441
2446595.07278 -16.48261
2446596.07283 -14.05873
2446597.07288 -10.62171
2446598.07292 -7.90029
2446599.07297 -4.19976
2446600.07301 -1.24660
2446601.07306 1.20295
2446602.07310 3.03423
2446603.07315 4.34120
2446604.07320 5.76209
2446605.07324 5.52019
2446606.07329 5.51340
2446607.07333 3.52091
2446608.07338 1.67997
2446609.07342 -0.43425
2446610.07347 -2.88282
2446611.07351 -6.51705
2446612.07356 -8.83620
2446613.07361 -11.66268
2446614.07365 -15.47242
2446615.07370 -13.48122
2446616.07374 -21.80952
2446617.07379 -18.07797
2446618.07383 -20.23274
2446619.07388 -18.32790
2446620.07393 -16.48967
2446621.07397 -15.10067
2446622.07402 -9.72602
2446623.07406 -8.02786
2446624.07411 -6.47954
2446625.07415 -3.34901
2446626.07420 -0.37025
2446627.07424 2.52984
2446628.07429 3.39875
2446629.07434 5.13413
2446630.07438 5.97716
2446631.07443 6.41211
2446632.07447 5.72691
2446633.07452 4.72419
2446634.07456 2.49858
2446635.07461 0.02493
2446636.07466 -2.92227
2446637.07470 -6.92762
2446638.07475 -9.15452
2446639.07479 -12.03112
2446640.07484 -12.69682
2446827.08337 -11.75580
2446828.08342 -8.64191
2446829.08346 -4.57952
2446830.08351 -2.76496
2446831.08355 0.03947
2446832.08360 2.30883
2446833.08365 6.99671
2446834.08369 6.78814
2446835.08374 8.49803
2446836.08378 10.13750
2446837.08383 12.57219
2446838.08387 10.48180
2446839.08392 14.12981
2446840.08396 10.30995
2446841.08401 9.89532
2446842.08406 7.57899
2446843.08410 4.57721
2446844.08415 1.52977
2446845.08419 -1.14228
2446846.08424 -4.60907
2446847.08428 -6.11590
2446848.08433 -8.82310
2446849.08438 -9.57410
2446850.08442 -11.39380
2446851.08447 -9.62512
2446852.08451 -10.22843
2446853.08456 -9.05816
2446854.08460 -6.80753
2446855.08465 -3.95465
2446856.08469 -1.62702
2446857.08474 1.39317
2446858.08479 4.57857
2446859.08483 7.01674
2446860.08488 10.07401
2446861.08492 11.17535
2446862.08497 13.10550
2446863.08501 11.80508
2446864.08506 12.76430
2446865.08511 13.12813
2446866.08515 11.53980
2446867.08520 9.54783
2446868.08524 6.97486
2446869.08529 5.21989
2446870.08533 2.33493
2446871.08538 -0.71874
2446872.08542 -3.68099
2446873.08547 -5.40791
2446874.08552 -8.02079
2446875.08556 -9.78863
2446876.08561 -8.94798
2446877.08565 -9.31370
2446878.08570 -7.98111
2446879.08574 -8.90365
2446880.08579 -6.35778
2446881.08584 -3.64541
2446882.08588 -0.49569
2446883.08593 2.10389
2446884.08597 4.73073
2446885.08602 6.85245
2446886.08606 9.88334
2446887.08611 9.89898
2446888.08615 14.86979
2446889.08620 15.90538
2446890.08625 14.07552
2446891.08629 14.47863
2446892.08634 13.48465
2446893.08638 11.71248
2446894.08643 9.02379
2446895.08647 4.37188
2446896.08652 2.33275
2446897.08657 -0.16963
2446898.08661 -2.76561
2446899.08666 -4.96900
2446900.08670 -6.63147
2446901.08675 -8.25028
2446902.08679 -9.13637
2446903.08684 -9.13653
2446904.08689 -8.48346
2446905.08693 -5.47162
2446906.08698 -4.86413
2446907.08702 -2.33817
2446908.08707 0.48180
2446909.08711 4.23547
2446910.08716 4.95880
2446911.08720 8.12999
2446912.08725 11.30796
2446913.08730 14.44062
2446914.08734 14.55669
2446915.08739 15.11530
2446916.08743 16.86859
2446917.08748 17.34744
2446918.08752 14.29364
2446919.08757 9.63657
2446920.08762 8.71694
2446921.08766 6.81052
2446922.08771 3.13189
2446923.08775 0.29185
2446924.08780 -2.00129
2446925.08784 -4.53705
2446926.08789 -6.27761
2446927.08793 -7.39947
2446928.08798 -7.99765
2446929.08803 -9.18520
2446930.08807 -6.02872
2446931.08812 -5.89428
2446932.08816 -3.88560
2446933.08821 -1.01395
2446934.08825 1.79427
2446935.08830 4.05594
2446936.08835 7.25267
2446937.08839 11.42422
2446938.08844 11.47204
2446939.08848 12.67697
2446940.08853 14.49440
2446941.08857 15.70228
2446942.08862 15.50863
2446943.08866 12.91884
2446944.08871 13.65108
2446945.08876 11.34666
2446946.08880 9.34466
2446947.08885 6.98261
2446948.08889 3.01859
2446949.08894 0.86515
2446950.08898 -1.96484
2446951.08903 -4.06831
2446952.08908 -7.06906
2446953.08912 -7.73104
2446954.08917 -7.16685
2446955.08921 -7.36732
2446956.08926 -6.36419
2446957.08930 -3.79662
2446958.08935 -2.32814
2446959.08939 0.00017
2446960.08944 3.19637
2446961.08949 6.28502
2446962.08953 9.91341
2446963.08958 11.40070
2446964.08962 13.17815
2446965.08967 15.22127
2446966.08971 17.97556
2446967.08976 16.14863
2446968.08981 17.03835
2446969.08985 15.26572
2446970.08990 12.64463
2446971.08994 10.46072
2446972.08999 9.08215
2446973.09003 7.37289
2446974.09008 4.81126
2446975.09013 1.42178
2446976.09017 -1.60323
2446977.09022 -3.15559
2446978.09026 -5.25190
2446979.09031 -6.36630
2446980.09035 -6.65157
2446981.09040 -6.33572
2446982.09044 -4.78311
2446983.09049 -3.92236
2446984.09054 -1.27205
2446985.09058 1.00898
2446986.09063 4.57425
2446987.09067 6.43853
2446988.09072 10.49803
2446989.09076 11.00807
2446990.09081 12.57727
2446991.09086 15.77201
2446992.09090 18.73654
2446993.09095 20.03100
2446994.09099 17.22372
2446995.09104 16.26521
2446996.09108 13.74149
2446997.09113 12.28222
2446998.09117 11.05275
2446999.09122 8.33583
2447000.09127 4.61193
2447001.09131 1.92053
2447002.09136 -0.70947
2447003.09140 -2.52839
2447004.09145 -4.85692
2447005.09149 -6.06825
2447006.09154 -6.32834
2447192.10003 4.99617
2447193.10007 7.78023
2447194.10012 9.11489
2447195.10016 13.49451
2447196.10021 13.28263
2447197.10026 17.68680
2447198.10030 19.36068
2447199.10035 16.50450
2447200.10039 19.85197
2447201.10044 20.02530
2447202.10048 21.46520
2447203.10053 19.87068
2447204.10057 20.24460
2447205.10062 14.36160
2447206.10067 13.49813
2447207.10071 8.18690
2447208.10076 6.19726
2447209.10080 3.28641
2447210.10085 1.45329
2447211.10089 -0.60305
2447212.10094 -1.31140
2447213.10099 -1.84551
2447214.10103 -1.57266
2447215.10108 -0.75082
2447216.10112 0.70359
2447217.10117 2.83661
2447218.10121 5.41095
2447219.10126 7.46121
2447220.10131 10.85535
2447221.10135 12.77075
2447222.10140 14.24468
2447223.10144 17.89054
2447224.10149 18.16172
2447225.10153 22.34399
2447226.10158 19.64750
2447227.10162 23.33296
2447228.10167 21.79525
2447229.10172 15.74085
2447230.10176 19.68962
2447231.10181 11.94658
2447232.10185 12.84071
2447233.10190 8.01314
2447234.10194 6.27528
2447235.10199 3.28642
2447236.10204 1.13971
2447237.10208 -0.57536
2447238.10213 -1.61880
2447239.10217 -1.62869
2447240.10222 -1.81270
2447241.10226 -0.50238
2447242.10231 0.87167
2447243.10235 3.15705
2447244.10240 6.43557
2447245.10245 7.56681
2447246.10249 9.82309
2447247.10254 15.07883
2447248.10258 15.27362
2447249.10263 18.26140
2447250.10267 21.35394
2447251.10272 21.40866
2447252.10277 18.55908
2447253.10281 21.70194
2447254.10286 24.01707
2447255.10290 16.48620
2447256.10295 15.44708
2447257.10299 13.04540
2447258.10304 11.16359
2447259.10308 7.93404
2447260.10313 5.69817
2447261.10318 3.43629
2447262.10322 0.98209
2447263.10327 -0.57712
2447264.10331 -1.54804
2447265.10336 -1.69143
2447266.10340 -1.59735
2447267.10345 -0.37243
2447268.10350 1.32720
2447269.10354 3.74615
2447270.10359 5.44884
2447271.10363 7.81397
2447272.10368 11.87445
2447273.10372 12.44460
2447274.10377 16.99024
2447275.10381 18.44099
2447276.10386 19.25928
2447277.10391 24.98527
2447278.10395 24.72542
2447279.10400 18.87492
2447280.10404 19.79465
2447281.10409 21.63369
2447282.10413 15.98477
2447283.10418 14.54805
2447284.10423 10.37477
2447285.10427 9.23212
2447286.10432 5.35477
2447287.10436 2.90603
2447288.10441 0.96422
2447289.10445 -0.63047
2447290.10450 -1.57000
2447291.10455 -2.00891
2447292.10459 -1.19187
2447293.10464 -0.23717
2447294.10468 1.50569
2447295.10473 3.72877
2447296.10477 6.04281
2447297.10482 8.55320
2447298.10486 10.94175
2447299.10491 13.94657
2447300.10496 18.52626
2447301.10500 19.62289
2447302.10505 21.12453
2447303.10509 22.50307
2447304.10514 19.80961
2447305.10518 24.00255
2447306.10523 20.67154
2447307.10528 18.10673
2447308.10532 16.74364
2447309.10537 12.56874
2447310.10541 12.63844
2447311.10546 7.60502
2447312.10550 4.88224
2447313.10555 2.71763
2447314.10559 0.56612
2447315.10564 -0.85320
2447316.10569 -1.84251
2447317.10573 -1.67818
2447318.10578 -1.18651
2447319.10582 -0.15719
2447320.10587 1.77056
2447321.10591 3.93278
2447322.10596 6.77764
2447323.10601 8.78341
2447324.10605 13.58132
2447325.10610 16.05776
2447326.10614 18.55096
2447327.10619 20.29073
2447328.10623 26.27840
2447329.10628 21.27416
2447330.10632 23.72951
2447331.10637 23.85095
2447332.10642 18.18570
2447333.10646 16.99750
2447334.10651 17.24993
2447335.10655 11.97016
2447336.10660 10.21767
2447337.10664 7.41426
2447338.10669 4.67594
2447339.10674 1.90181
2447340.10678 0.33159
2447341.10683 -0.98425
2447342.10687 -1.86742
2447343.10692 -1.84916
2447344.10696 -1.34106
2447345.10701 -0.10942
2447346.10705 1.57130
2447347.10710 3.68256
2447348.10715 6.08818
2447349.10719 8.21882
2447350.10724 12.00964
2447351.10728 13.79427
2447352.10733 14.70504
2447353.10737 17.04780
2447354.10742 21.03235
2447355.10747 21.43291
2447356.10751 20.08123
2447357.10756 18.87397
2447358.10760 18.68456
2447359.10765 17.97638
2447360.10769 15.53342
2447361.10774 9.95503
2447362.10778 10.00528
2447363.10783 6.11641
2447364.10788 4.08665
2447365.10792 1.68368
2447366.10797 -0.02479
2447367.10801 -1.48814
2447368.10806 -2.37325
2447369.10810 -2.08170
2447370.10815 -1.29501
2447371.10820 -0.15737
2447557.11668 8.27887
2447558.11673 10.13422
2447559.11677 13.28556
2447560.11682 18.26972
2447561.11687 16.52594
2447562.11691 17.19267
2447563.11696 16.26130
2447564.11700 17.29758
2447565.11705 13.99015
2447566.11709 11.83282
2447567.11714 11.85847
2447568.11719 9.34600
2447569.11723 5.31929
2447570.11728 3.52317
2447571.11732 0.77857
2447572.11737 -1.96582
2447573.11741 -3.11392
2447574.11746 -5.27847
2447575.11750 -5.32353
2447576.11755 -5.78365
2447577.11760 -5.96236
2447578.11764 -3.88727
2447579.11769 -2.65854
2447580.11773 -0.28376
2447581.11778 2.32879
2447582.11782 5.13993
2447583.11787 8.31818
2447584.11792 10.32210
2447585.11796 11.32361
2447586.11801 14.50485
2447587.11805 14.07844
2447588.11810 16.27090
2447589.11814 18.19104
2447590.11819 14.35352
2447591.11823 14.41245
2447592.11828 13.74419
2447593.11833 10.29580
2447594.11837 7.23105
2447595.11842 5.87326
2447596.11846 2.29998
2447597.11851 -0.14073
2447598.11855 -3.26718
2447599.11860 -4.50694
2447600.11865 -4.86056
2447601.11869 -7.78404
2447602.11874 -6.72202
2447603.11878 -5.46494
2447604.11883 -5.29657
2447605.11887 -3.61546
2447606.11892 -0.89031
2447607.11897 1.88734
2447608.11901 4.78380
2447609.11906 6.68412
2447610.11910 10.12805
2447611.11915 13.18473
2447612.11919 13.54713
2447613.11924 16.62144
2447614.11928 14.62498
2447615.11933 16.55623
2447616.11938 18.84517
2447617.11942 13.66992
2447618.11947 10.82919
2447619.11951 8.99093
2447620.11956 7.75194
2447621.11960 3.68329
2447622.11965 1.54270
2447623.11970 -1.17074
2447624.11974 -3.61948
2447625.11979 -6.52389
2447626.11983 -6.93725
2447627.11988 -8.35172
2447628.11992 -6.97198
2447629.11997 -5.93496
2447630.12001 -5.10902
2447631.12006 -3.19857
2447632.12011 -1.09791
2447633.12015 1.50133
2447634.12020 4.11981
2447635.12024 6.28793
2447636.12029 10.19234
2447637.12033 12.89989
2447638.12038 15.85906
2447639.12043 13.73253
2447640.12047 16.51911
2447641.12052 15.71173
2447642.12056 15.24375
2447643.12061 12.38629
2447644.12065 10.20791
2447645.12070 9.62513
2447646.12074 5.48908
2447647.12079 3.26034
2447648.12084 0.36909
2447649.12088 -2.46467
2447650.12093 -4.41697
2447651.12097 -7.06119
2447652.12102 -6.42993
2447653.12106 -9.04174
2447654.12111 -7.85882
2447655.12116 -7.86212
2447656.12120 -5.91419
2447657.12125 -3.67007
2447658.12129 -1.80889
2447659.12134 0.74931
2447660.12138 3.38050
2447661.12143 6.48218
2447662.12147 9.43233
2447663.12152 9.78564
2447664.12157 12.31039
2447665.12161 15.27381
2447666.12166 12.45558
2447667.12170 15.42981
2447668.12175 12.22988
2447669.12179 13.15163
2447670.12184 10.37974
2447671.12189 8.46968
2447672.12193 4.68988
2447673.12198 1.97365
2447674.12202 -0.69240
2447675.12207 -2.84696
2447676.12211 -5.48148
2447677.12216 -7.38091
2447678.12220 -9.54359
2447679.12225 -8.54885
2447680.12230 -9.07664
2447681.12234 -8.22574
2447682.12239 -6.14947
2447683.12243 -5.03817
2447684.12248 -1.99922
2447685.12252 0.35271
2447686.12257 3.22938
2447687.12262 5.21138
2447688.12266 7.46958
2447689.12271 10.40219
2447690.12275 11.55677
2447691.12280 14.14639
2447692.12284 13.20884
2447693.12289 12.18218
2447694.12294 11.64666
2447695.12298 11.58875
2447696.12303 10.00458
2447697.12307 6.42064
2447698.12312 3.43702
2447699.12316 1.15903
2447700.12321 -1.63769
2447701.12325 -4.97188
2447702.12330 -7.57973
2447703.12335 -6.98018
2447704.12339 -9.97198
2447705.12344 -8.69844
2447706.12348 -10.65225
2447707.12353 -9.85933
2447708.12357 -6.85655
2447709.12362 -5.41952
2447710.12367 -3.08153
2447711.12371 -0.22158
2447712.12376 2.46079
2447713.12380 5.18165
2447714.12385 7.64898
2447715.12389 9.33826
2447716.12394 10.77921
2447717.12398 13.36249
2447718.12403 11.62367
2447719.12408 10.23586
2447720.12412 10.14088
2447721.12417 9.00444
2447722.12421 8.71933
2447723.12426 5.08876
2447724.12430 2.24106
2447725.12435 -0.09178
2447726.12440 -2.58419
2447727.12444 -6.14361
2447728.12449 -7.07069
2447729.12453 -10.30457
2447730.12458 -10.09683
2447731.12462 -11.95153
2447732.12467 -9.02603
2447733.12471 -10.58404
2447734.12476 -9.67093
2447735.12481 -6.08537
2447736.12485 -3.16387
2447922.13334 3.06682
2447923.13339 3.81730
2447924.13343 5.82842
2447925.13348 5.69816
2447926.13352 6.46394
2447927.13357 5.90504
2447928.13361 4.13058
2447929.13366 1.84997
2447930.13370 -0.45539
2447931.13375 -3.67479
2447932.13380 -6.65856
2447933.13384 -8.91229
2447934.13389 -10.58492
2447935.13393 -12.00569
2447936.13398 -18.19124
2447937.13402 -16.78504
2447938.13407 -18.45523
2447939.13412 -16.70875
2447940.13416 -15.97347
2447941.13421 -16.90044
2447942.13425 -12.69862
2447943.13430 -11.17989
2447944.13434 -6.63126
2447945.13439 -5.54330
2447946.13443 -1.95377
2447947.13448 0.41475
2447948.13453 2.70028
2447949.13457 5.39182
2447950.13462 4.56610
2447951.13466 5.83701
2447952.13471 4.88081
2447953.13475 3.95062
2447954.13480 3.59657
2447955.13485 0.98225
2447956.13489 -1.52892
2447957.13494 -3.91471
2447958.13498 -6.87497
2447959.13503 -10.17300
2447960.13507 -13.05890
2447961.13512 -12.46784
2447962.13516 -14.11676
2447963.13521 -18.06278
2447964.13526 -16.79136
2447965.13530 -17.79233
2447966.13535 -19.39491
2447967.13539 -14.41005
2447968.13544 -11.77314
2447969.13548 -11.17364
2447970.13553 -6.29193
2447971.13558 -5.19940
2447972.13562 -2.58804
2447973.13567 0.07054
2447974.13571 2.12133
2447975.13576 3.77720
2447976.13580 4.73835
2447977.13585 4.79725
2447978.13589 5.02610
2447979.13594 3.38567
2447980.13599 1.95154
2447981.13603 0.06410
2447982.13608 -2.04489
2447983.13612 -5.11627
2447984.13617 -7.92229
2447985.13621 -11.94331
2447986.13626 -11.91545
2447987.13631 -15.09895
2447988.13635 -16.77799
2447989.13640 -18.44065
2447990.13644 -17.38683
2447991.13649 -18.57746
2447992.13653 -15.83847
2447993.13658 -14.60902
2447994.13662 -14.06412
2447995.13667 -10.24146
2447996.13672 -7.47707
2447997.13676 -5.15362
2447998.13681 -2.84458
2447999.13685 -0.28458
2448000.13690 1.76864
2448001.13694 3.47166
2448002.13699 4.50931
2448003.13704 4.02997
2448004.13708 3.76651
2448005.13713 2.85469
2448006.13717 1.59036
2448007.13722 -0.80809
2448008.13726 -3.66597
2448009.13731 -5.24656
2448010.13736 -9.21667
2448011.13740 -12.40087
2448012.13745 -12.94814
2448013.13749 -17.48576
2448014.13754 -16.07965
2448015.13758 -15.70706
2448016.13763 -19.37830
2448017.13767 -19.27822
2448018.13772 -17.39639
2448019.13777 -14.90138
2448020.13781 -12.46173
2448021.13786 -11.40257
2448022.13790 -7.56753
2448023.13795 -5.96483
2448024.13799 -2.74994
2448025.13804 -0.69200
2448026.13809 1.43676
2448027.13813 2.57431
2448028.13818 3.60677
2448029.13822 4.60705
2448030.13827 3.22004
2448031.13831 2.04339
2448032.13836 0.66599
2448033.13840 -1.58438
2448034.13845 -4.20361
2448035.13850 -6.41193
2448036.13854 -11.09924
2448037.13859 -10.61186
2448038.13863 -15.79703
2448039.13868 -16.21533
2448040.13872 -18.02367
2448041.13877 -16.01333
2448042.13882 -19.22363
2448043.13886 -21.13572
2448044.13891 -16.52271
2448045.13895 -13.68191
2448046.13900 -11.66592
2448047.13904 -11.54085
2448048.13909 -8.35131
2448049.13913 -5.06941
2448050.13918 -3.07795
2448051.13923 -0.84976
2448052.13927 0.93910
2448053.13932 2.80401
2448054.13936 2.98323
2448055.13941 3.52365
2448056.13945 2.62390
2448057.13950 1.35292
2448058.13955 -0.08082
2448059.13959 -1.99564
2448060.13964 -4.62585
2448061.13968 -8.08648
2448062.13973 -11.65587
2448063.13977 -12.84500
2448064.13982 -16.50363
2448065.13986 -18.47234
2448066.13991 -20.39006
2448067.13996 -21.75992
2448068.14000 -19.35264
2448069.14005 -19.90852
2448070.14009 -17.83801
2448071.14014 -14.14617
2448072.14018 -13.91502
2448073.14023 -14.50825
2448074.14028 -9.07983
2448075.14032 -6.33311
2448076.14037 -3.48963
2448077.14041 -0.92718
2448078.14046 0.66381
2448079.14050 1.85388
2448080.14055 2.75939
2448081.14060 2.89615
2448082.14064 2.05454
2448083.14069 1.02640
2448084.14073 -0.64215
2448085.14078 -3.19419
2448086.14082 -6.20644
2448087.14087 -8.24218
2448088.14091 -11.99033
2448089.14096 -12.49154
2448090.14101 -17.70044
2448091.14105 -19.11077
2448092.14110 -19.23278
2448093.14114 -21.35833
2448094.14119 -17.95263
2448095.14123 -21.07796
2448096.14128 -17.73725
2448097.14133 -16.51031
2448098.14137 -15.82465
2448099.14142 -13.78472
2448100.14146 -8.93262
2448101.14151 -5.63544
2448288.15004 1.35228
2448289.15009 1.38111
2448290.15013 0.33947
2448291.15018 -1.49995
2448292.15022 -3.65243
2448293.15027 -7.10888
2448294.15031 -9.45333
2448295.15036 -12.67071
2448296.15041 -15.30436
2448297.15045 -16.13380
2448298.15050 -18.14272
2448299.15054 -22.05610
2448300.15059 -21.27501
2448301.15063 -21.60954
2448302.15068 -20.39101
2448303.15073 -18.32411
2448304.15077 -15.45625
2448305.15082 -12.47536
2448306.15086 -11.75128
2448307.15091 -10.74404
2448308.15095 -8.15265
2448309.15100 -5.07428
2448310.15104 -2.61094
2448311.15109 -0.24115
2448312.15114 1.20271
2448313.15118 1.73628
2448314.15123 2.04232
2448315.15127 1.51748
2448316.15132 0.34388
2448317.15136 -1.30885
2448318.15141 -3.33349
2448319.15146 -5.31235
2448320.15150 -9.64570
2448321.15155 -9.33515
2448322.15159 -13.19467
2448323.15164 -14.23340
2448324.15168 -20.69492
2448325.15173 -15.93046
2448326.15178 -23.81563
2448327.15182 -20.85538
2448328.15187 -16.06241
2448329.15191 -17.79260
2448330.15196 -16.13777
2448331.15200 -13.33405
2448332.15205 -10.90986
2448333.15209 -8.88767
2448334.15214 -7.04198
2448335.15219 -4.03587
2448336.15223 -1.85376
2448337.15228 0.18484
2448338.15232 1.46472
2448339.15237 2.34598
2448340.15241 2.56846
2448341.15246 1.52036
2448342.15251 0.38937
2448343.15255 -1.42642
2448344.15260 -3.36538
2448345.15264 -6.12491
2448346.15269 -9.40778
2448347.15273 -11.96066
2448348.15278 -16.43054
2448349.15282 -18.03363
2448350.15287 -15.46027
2448351.15292 -17.02314
2448352.15296 -20.32303
2448353.15301 -17.67748
2448354.15305 -21.84617
2448355.15310 -16.85214
2448356.15314 -17.42247
2448357.15319 -14.66362
2448358.15324 -13.17160
2448359.15328 -9.85884
2448360.15333 -4.96212
2448361.15337 -3.42178
2448362.15342 -0.92028
2448363.15346 0.65330
2448364.15351 1.93394
2448365.15355 1.98858
2448366.15360 2.69135
2448367.15365 1.98272
2448368.15369 0.55676
2448369.15374 -1.11981
2448370.15378 -3.30982
2448371.15383 -7.05889
2448372.15387 -8.99413
2448373.15392 -10.20144
2448374.15397 -12.04565
2448375.15401 -15.88062
2448376.15406 -17.65929
2448377.15410 -17.89501
2448378.15415 -18.81420
2448379.15419 -23.10252
2448380.15424 -21.18699
2448381.15428 -16.71972
2448382.15433 -14.46250
2448383.15438 -14.23041
2448384.15442 -9.83970
2448385.15447 -8.06207
2448386.15451 -5.47592
2448387.15456 -2.62241
2448388.15460 -0.58862
2448389.15465 1.15984
2448390.15470 2.71440
2448391.15474 2.87467
2448392.15479 2.78375
2448393.15483 1.91996
2448394.15488 0.81624
2448395.15492 -0.91336
2448396.15497 -3.00396
2448397.15502 -6.21366
2448398.15506 -7.85885
2448399.15511 -10.78108
2448400.15515 -14.53044
2448401.15520 -18.75297
2448402.15524 -18.43318
2448403.15529 -19.38320
2448404.15533 -20.13696
2448405.15538 -18.34194
2448406.15543 -19.79157
2448407.15547 -16.18734
2448408.15552 -14.40805
2448409.15556 -13.33640
2448410.15561 -7.55399
2448411.15565 -6.00775
2448412.15570 -5.00198
2448413.15575 -1.90061
2448414.15579 0.06988
2448415.15584 1.66650
2448416.15588 2.92340
2448417.15593 3.15405
2448418.15597 3.01661
2448419.15602 2.50065
2448420.15606 1.03675
2448421.15611 -0.78600
2448422.15616 -3.56160
2448423.15620 -6.41370
2448424.15625 -8.68535
2448425.15629 -11.58124
2448426.15634 -14.34483
2448427.15638 -17.26629
2448428.15643 -15.40717
2448429.15648 -20.14596
2448430.15652 -21.78326
2448431.15657 -16.81194
2448432.15661 -18.85560
2448433.15666 -20.52196
2448434.15670 -14.08352
2448435.15675 -10.34582
2448436.15679 -8.36586
2448437.15684 -6.43782
2448438.15689 -3.72462
2448439.15693 -1.51613
2448440.15698 0.69609
2448441.15702 2.31639
2448442.15707 2.58796
2448443.15711 3.77516
2448444.15716 3.91256
2448445.15721 2.77523
2448446.15725 1.54285
2448447.15730 -0.56778
2448448.15734 -3.11149
2448449.15739 -5.88135
2448450.15743 -9.00579
2448451.15748 -10.60692
2448452.15752 -13.53852
2448453.15757 -13.97028
2448454.15762 -15.04726
2448455.15766 -18.78157
2448456.15771 -16.56568
2448457.15775 -18.35869
2448458.15780 -17.53287
2448459.15784 -15.70999
2448460.15789 -10.91710
2448461.15794 -11.57867
2448462.15798 -8.87764
2448463.15803 -5.73115
2448464.15807 -2.96074
2448465.15812 -0.50158
2448466.15816 1.61588
2448467.15821 2.76752
2448653.16670 7.79897
2448654.16674 5.61840
2448655.16679 3.11842
2448656.16683 0.52259
2448657.16688 -2.79418
2448658.16693 -3.68788
2448659.16697 -7.03996
2448660.16702 -8.32852
2448661.16706 -9.76486
2448662.16711 -11.87400
2448663.16715 -12.58550
2448664.16720 -12.38258
2448665.16724 -9.47442
2448666.16729 -10.93989
2448667.16734 -8.53944
2448668.16738 -4.77792
2448669.16743 -3.62464
2448670.16747 -0.41893
2448671.16752 1.76661
2448672.16756 4.73808
2448673.16761 5.93856
2448674.16766 8.86521
2448675.16770 10.47293
2448676.16775 10.50808
2448677.16779 10.66590
2448678.16784 10.66114
2448679.16788 7.17777
2448680.16793 5.32705
2448681.16797 3.27168
2448682.16802 1.13690
2448683.16807 -1.58022
2448684.16811 -4.79779
2448685.16816 -5.79022
2448686.16820 -9.25015
2448687.16825 -9.67903
2448688.16829 -8.54237
2448689.16834 -12.88732
2448690.16839 -12.44955
2448691.16843 -8.41803
2448692.16848 -8.83876
2448693.16852 -7.97921
2448694.16857 -4.45253
2448695.16861 -1.78492
2448696.16866 0.69412
2448697.16870 3.13673
2448698.16875 5.46059
2448699.16880 7.88228
2448700.16884 6.93545
2448701.16889 9.19379
2448702.16893 10.08760
2448703.16898 9.94259
2448704.16902 9.66628
2448705.16907 8.10163
2448706.16912 6.41231
2448707.16916 4.84278
2448708.16921 1.52685
2448709.16925 -1.18174
2448710.16930 -4.18054
2448711.16934 -6.28839
2448712.16939 -8.07676
2448713.16944 -8.55125
2448714.16948 -10.86425
2448715.16953 -10.35569
2448716.16957 -11.27633
2448717.16962 -10.00425
2448718.16966 -8.11349
2448719.16971 -6.15805
2448720.16975 -3.31211
2448721.16980 -0.98189
2448722.16985 1.38991
2448723.16989 3.32390
2448724.16994 6.53526
2448725.16998 10.24013
2448726.17003 11.95406
2448727.17007 12.08781
2448728.17012 11.11406
2448729.17017 12.63995
2448730.17021 11.06840
2448731.17026 8.13289
2448732.17030 7.50449
2448733.17035 4.27106
2448734.17039 1.87837
2448735.17044 -0.65443
2448736.17048 -3.11763
2448737.17053 -5.39448
2448738.17058 -7.11593
2448739.17062 -8.85121
2448740.17067 -9.49847
2448741.17071 -8.94180
2448742.17076 -8.52955
2448743.17080 -8.09501
2448744.17085 -7.75052
2448745.17090 -4.69148
2448746.17094 -2.06489
2448747.17099 0.14523
2448748.17103 2.75930
2448749.17108 6.13207
2448750.17112 9.09082
2448751.17117 10.85100
2448752.17121 10.97033
2448753.17126 13.69191
2448754.17131 11.69899
2448755.17135 10.60139
2448756.17140 13.72146
2448757.17144 10.77674
2448758.17149 7.15430
2448759.17153 5.14837
2448760.17158 2.40368
2448761.17163 -0.10727
2448762.17167 -2.28772
2448763.17172 -5.29012
2448764.17176 -7.79064
2448765.17181 -9.81680
2448766.17185 -9.27508
2448767.17190 -8.50939
2448768.17194 -8.47328
2448769.17199 -8.62661
2448770.17204 -5.93009
2448771.17208 -3.90177
2448772.17213 -1.43764
2448773.17217 1.24775
2448774.17222 4.33981
2448775.17226 6.72933
2448776.17231 9.03872
2448777.17236 11.84672
2448778.17240 11.99750
2448779.17245 12.21646
2448780.17249 12.32546
2448781.17254 11.42718
2448782.17258 10.97364
2448783.17263 10.61982
2448784.17268 7.71755
2448785.17272 5.44760
2448786.17277 3.27597
2448787.17281 0.41832
2448788.17286 -1.70789
2448789.17290 -3.82681
2448790.17295 -5.33780
2448791.17299 -9.14460
2448792.17304 -7.42991
2448793.17309 -9.34915
2448794.17313 -8.07275
2448795.17318 -8.04580
2448796.17322 -4.78376
2448797.17327 -2.99686
2448798.17331 -0.33912
2448799.17336 1.66242
2448800.17341 4.24351
2448801.17345 8.76400
2448802.17350 10.79885
2448803.17354 12.00417
2448804.17359 12.67340
2448805.17363 15.63876
2448806.17368 15.14046
2448807.17372 12.81158
2448808.17377 10.73223
2448809.17382 9.66254
2448810.17386 8.58688
2448811.17391 6.06140
2448812.17395 3.77180
2448813.17400 0.88367
2448814.17404 -1.81621
2448815.17409 -3.46838
2448816.17414 -6.21463
2448817.17418 -6.84153
2448818.17423 -6.70389
2448819.17427 -7.08197
2448820.17432 -6.27200
2448821.17436 -5.83396
2448822.17441 -3.74292
2448823.17445 -2.17716
2448824.17450 0.71261
2448825.17455 3.08364
2448826.17459 7.32878
2448827.17464 8.93286
2448828.17468 13.73677
2448829.17473 12.11525
2448830.17477 15.46453
2448831.17482 14.39397
2448832.17487 14.79024
2449018.18335 9.18240
2449019.18340 9.75500
2449020.18344 6.24015
2449021.18349 3.47123
2449022.18354 1.48663
2449023.18358 -0.56141
2449024.18363 -1.79278
2449025.18367 -2.44313
2449026.18372 -2.72133
2449027.18376 -2.32349
2449028.18381 -1.46802
2449029.18386 0.34377
2449030.18390 2.48515
2449031.18395 4.91364
2449032.18399 6.74523
2449033.18404 10.07123
2449034.18408 13.90528
2449035.18413 12.53873
2449036.18417 14.07101
2449037.18422 17.92910
2449038.18427 21.05832
2449039.18431 19.24847
2449040.18436 17.58455
2449041.18440 17.71695
2449042.18445 17.84001
2449043.18449 12.54169
2449044.18454 9.01076
2449045.18459 8.84484
2449046.18463 6.06640
2449047.18468 3.05169
2449048.18472 1.43000
2449049.18477 -0.33790
2449050.18481 -1.59336
2449051.18486 -2.31240
2449052.18490 -2.57151
2449053.18495 -1.80186
2449054.18500 -0.84101
2449055.18504 1.02908
2449056.18509 3.32428
2449057.18513 5.15772
2449058.18518 7.74490
2449059.18522 11.44256
2449060.18527 12.81842
2449061.18532 14.92743
2449062.18536 17.45844
2449063.18541 17.98231
2449064.18545 20.97838
2449065.18550 20.78839
2449066.18554 19.88277
2449067.18559 17.27095
2449068.18563 15.54725
2449069.18568 14.51559
2449070.18573 12.45625
2449071.18577 8.36978
2449072.18582 7.07930
2449073.18586 3.12527
2449074.18591 1.53904
2449075.18595 -0.23549
2449076.18600 -1.58889
2449077.18605 -2.07362
2449078.18609 -2.48511
2449079.18614 -1.64866
2449080.18618 -0.32467
2449081.18623 1.79015
2449082.18627 3.77123
2449083.18632 5.25921
2449084.18636 7.95634
2449085.18641 10.80871
2449086.18646 16.16032
2449087.18650 17.19945
2449088.18655 15.84374
2449089.18659 21.64040
2449090.18664 22.88277
2449091.18668 22.45539
2449092.18673 19.58099
2449093.18678 16.53736
2449094.18682 14.22952
2449095.18687 13.76706
2449096.18691 11.41076
2449097.18696 7.98033
2449098.18700 5.64335
2449099.18705 4.18968
2449100.18710 1.39175
2449101.18714 -0.13148
2449102.18719 -1.46972
2449103.18723 -1.60910
2449104.18728 -1.97545
2449105.18732 -1.10395
2449106.18737 0.06206
2449107.18741 1.91422
2449108.18746 4.31536
2449109.18751 6.59824
2449110.18755 8.69395
2449111.18760 13.63794
2449112.18764 12.05511
2449113.18769 15.52288
2449114.18773 18.23504
2449115.18778 18.95486
2449116.18783 19.97082
2449117.18787 20.44804
2449118.18792 17.24085
2449119.18796 16.59092
2449120.18801 14.30024
2449121.18805 13.89184
2449122.18810 11.12148
2449123.18814 9.32442
2449124.18819 6.07548
2449125.18824 3.60256
2449126.18828 1.76660
2449127.18833 -0.15014
2449128.18837 -1.14730
2449129.18842 -1.80453
2449130.18846 -1.67498
2449131.18851 -0.94041
2449132.18856 0.39792
2449133.18860 2.35357
2449134.18865 4.47209
2449135.18869 5.93701
2449136.18874 9.20504
2449137.18878 12.08467
2449138.18883 15.25638
2449139.18887 18.16824
2449140.18892 21.18411
2449141.18897 20.27864
2449142.18901 20.46859
2449143.18906 16.77887
2449144.18910 20.03071
2449145.18915 18.46536
2449146.18919 15.83696
2449147.18924 12.70989
2449148.18929 11.90032
2449149.18933 8.69326
2449150.18938 5.93435
2449151.18942 3.63848
2449152.18947 1.31421
2449153.18951 -0.18551
2449154.18956 -1.06836
2449155.18960 -1.68236
2449156.18965 -1.06134
2449157.18970 -0.74641
2449158.18974 0.71225
2449159.18979 2.62475
2449160.18983 3.62433
2449161.18988 7.76263
2449162.18992 7.81293
2449163.18997 11.80768
2449164.19002 16.30621
2449165.19006 15.67627
2449166.19011 19.89677
2449167.19015 19.54842
2449168.19020 18.50570
2449169.19024 21.87954
2449170.19029 19.04066
2449171.19033 18.10587
2449172.19038 15.51097
2449173.19043 14.01645
2449174.19047 11.76385
2449175.19052 9.20228
2449176.19056 5.26328
2449177.19061 3.84565
2449178.19065 1.26250
2449179.19070 -0.31831
2449180.19075 -1.26164
2449181.19079 -1.63751
2449182.19084 -1.47781
2449183.19088 -0.59304
2449184.19093 0.85382
2449185.19097 2.84783
2449186.19102 5.52304
2449187.19107 8.02665
2449188.19111 8.92469
2449189.19116 11.29757
2449190.19120 12.10622
2449191.19125 16.83798
2449192.19129 17.82201
2449193.19134 21.18242
2449194.19138 20.57085
2449195.19143 19.78153
2449196.19148 19.60879
2449197.19152 16.20772
2449383.20001 3.94205
2449384.20005 1.56309
2449385.20010 -0.37826
2449386.20015 -1.96725
2449387.20019 -3.12852
2449388.20024 -4.39720
2449389.20028 -3.54613
2449390.20033 -3.24715
2449391.20037 -1.81384
2449392.20042 0.33998
2449393.20047 2.77617
2449394.20051 4.44577
2449395.20056 6.16359
2449396.20060 9.49515
2449397.20065 11.58181
2449398.20069 14.16440
2449399.20074 14.42885
2449400.20078 16.75507
2449401.20083 15.66800
2449402.20088 19.32990
2449403.20092 16.21531
2449404.20097 18.28238
2449405.20101 14.32042
2449406.20106 12.06037
2449407.20110 7.45292
2449408.20115 5.60942
2449409.20120 3.25510
2449410.20124 0.97835
2449411.20129 -1.08208
2449412.20133 -2.68953
2449413.20138 -3.70332
2449414.20142 -4.99077
2449415.20147 -4.06935
2449416.20152 -3.19788
2449417.20156 -2.06437
2449418.20161 -0.01107
2449419.20165 2.06027
2449420.20170 4.57532
2449421.20174 7.11089
2449422.20179 10.34157
2449423.20183 10.65087
2449424.20188 13.38603
2449425.20193 13.50863
2449426.20197 15.00616
2449427.20202 18.97108
2449428.20206 17.56568
2449429.20211 13.50045
2449430.20215 13.78794
2449431.20220 13.18008
2449432.20225 9.92864
2449433.20229 7.51771
2449434.20234 4.99570
2449435.20238 2.93087
2449436.20243 0.13382
2449437.20247 -1.68965
2449438.20252 -2.73281
2449439.20256 -4.96507
2449440.20261 -4.25225
2449441.20266 -3.35693
2449442.20270 -3.59798
2449443.20275 -2.25127
2449444.20279 -0.40910
2449445.20284 2.25299
2449446.20288 4.38376
2449447.20293 5.71107
2449448.20298 9.19570
2449449.20302 11.74427
2449450.20307 12.70512
2449451.20311 15.71971
2449452.20316 16.36275
2449453.20320 14.83243
2449454.20325 15.68642
2449455.20329 15.94508
2449456.20334 14.05574
2449457.20339 12.03020
2449458.20343 10.64117
2449459.20348 6.02010
2449460.20352 4.72885
2449461.20357 1.64668
2449462.20361 -0.79103
2449463.20366 -2.61434
2449464.20371 -4.00775
2449465.20375 -4.76294
2449466.20380 -4.22011
2449467.20384 -4.41288
2449468.20389 -5.03465
2449469.20393 -2.80816
2449470.20398 -0.68485
2449471.20402 1.86707
2449472.20407 4.68295
2449473.20412 5.84383
2449474.20416 8.31974
2449475.20421 10.33410
2449476.20425 10.81788
2449477.20430 16.45587
2449478.20434 15.69973
2449479.20439 16.17932
2449480.20444 13.50089
2449481.20448 13.02449
2449482.20453 13.86109
2449483.20457 9.36894
2449484.20462 8.59302
2449485.20466 5.88321
2449486.20471 2.99587
2449487.20475 0.70295
2449488.20480 -1.53109
2449489.20485 -3.83202
2449490.20489 -4.65908
2449491.20494 -5.00411
2449492.20498 -6.07563
2449493.20503 -5.69473
2449494.20507 -4.00040
2449495.20512 -3.11905
2449496.20517 -1.14364
2449497.20521 1.23645
2449498.20526 4.08492
2449499.20530 5.97347
2449500.20535 8.32885
2449501.20539 12.18783
2449502.20544 14.12022
2449503.20549 15.58602
2449504.20553 16.09984
2449505.20558 15.81468
2449506.20562 14.75248
2449507.20567 12.45540
2449508.20571 11.45239
2449509.20576 8.07482
2449510.20580 7.42809
2449511.20585 5.24686
2449512.20590 2.48456
2449513.20594 -0.21545
2449514.20599 -2.56958
2449515.20603 -3.76933
2449516.20608 -5.18690
2449517.20612 -5.74757
2449518.20617 -5.43318
2449519.20622 -7.24438
2449520.20626 -5.54106
2449521.20631 -4.56860
2449522.20635 -1.59847
2449523.20640 0.59254
2449524.20644 3.14027
2449525.20649 6.06001
2449526.20653 6.85701
2449527.20658 11.00950
2449528.20663 9.66833
2449529.20667 15.85731
2449530.20672 13.08691
2449531.20676 15.06805
2449532.20681 11.64841
2449533.20685 12.92363
2449534.20690 11.62314
2449535.20695 8.78183
2449536.20699 6.70817
2449537.20704 4.35298
2449538.20708 1.40001
2449539.20713 -0.98570
2449540.20717 -3.18000
2449541.20722 -5.90183
2449542.20726 -5.80118
2449543.20731 -7.51169
2449544.20736 -7.06569
2449545.20740 -6.11912
2449546.20745 -5.81252
2449547.20749 -4.12508
2449548.20754 -2.20693
2449549.20758 0.24372
2449550.20763 2.51691
2449551.20768 5.79909
2449552.20772 7.37616
2449553.20777 9.14441
2449554.20781 12.67348
2449555.20786 14.43312
2449556.20790 14.78793
2449557.20795 14.58074
2449558.20799 11.51351
2449559.20804 14.59866
2449560.20809 11.29347
2449561.20813 7.69828
2449562.20818 5.84349
2449749.21671 -10.39706
2449750.21676 -12.60699
2449751.21680 -13.89107
2449752.21685 -12.91870
2449753.21689 -9.72972
2449754.21694 -11.75476
2449755.21698 -8.63382
2449756.21703 -5.55807
2449757.21708 -4.49161
2449758.21712 -1.04716
2449759.21717 1.30893
2449760.21721 3.29025
2449761.21726 4.83559
2449762.21730 7.63280
2449763.21735 7.70988
2449764.21740 7.99906
2449765.21744 7.59951
2449766.21749 5.40747
2449767.21753 4.82089
2449768.21758 1.99513
2449769.21762 -0.15091
2449770.21767 -2.73495
2449771.21771 -4.73926
2449772.21776 -8.33281
2449773.21781 -9.86083
2449774.21785 -12.85324
2449775.21790 -12.55640
2449776.21794 -14.61862
2449777.21799 -13.70022
2449778.21803 -12.49364
2449779.21808 -13.85450
2449780.21813 -9.07707
2449781.21817 -10.27363
2449782.21822 -7.49912
2449783.21826 -4.16370
2449784.21831 -1.46479
2449785.21835 0.86090
2449786.21840 2.38152
2449787.21844 4.05991
2449788.21849 6.42734
2449789.21854 7.15593
2449790.21858 6.45299
2449791.21863 6.36318
2449792.21867 5.73498
2449793.21872 3.33899
2449794.21876 1.14556
2449795.21881 -1.35836
2449796.21886 -3.72566
2449797.21890 -5.79124
2449798.21895 -9.01255
2449799.21899 -12.77204
2449800.21904 -13.25654
2449801.21908 -13.66809
2449802.21913 -13.58108
2449803.21917 -13.66238
2449804.21922 -13.08972
2449805.21927 -15.29838
2449806.21931 -11.62218
2449807.21936 -9.52372
2449808.21940 -5.35738
2449809.21945 -3.86708
2449810.21949 -2.18413
2449811.21954 0.44023
2449812.21959 2.20119
2449813.21963 5.12729
2449814.21968 5.28222
2449815.21972 6.82549
2449816.21977 6.07824
2449817.21981 5.56894
2449818.21986 3.35868
2449819.21991 2.15142
2449820.21995 0.34946
2449821.22000 -2.10251
2449822.22004 -5.33728
2449823.22009 -6.72587
2449824.22013 -9.79866
2449825.22018 -12.10634
2449826.22022 -14.16417
2449827.22027 -14.18103
2449828.22032 -15.02544
2449829.22036 -17.13016
2449830.22041 -15.37089
2449831.22045 -14.56758
2449832.22050 -11.38870
2449833.22054 -10.43151
2449834.22059 -7.73532
2449835.22064 -4.88892
2449836.22068 -2.88919
2449837.22073 -0.03549
2449838.22077 1.76584
2449839.22082 3.62898
2449840.22086 5.12129
2449841.22091 5.15328
2449842.22095 6.19191
2449843.22100 4.63735
2449844.22105 3.80719
2449845.22109 1.55829
2449846.22114 -0.54704
2449847.22118 -2.90204
2449848.22123 -6.33086
2449849.22127 -7.57425
2449850.22132 -12.30813
2449851.22137 -11.24378
2449852.22141 -13.66131
2449853.22146 -16.88921
2449854.22150 -15.72893
2449855.22155 -17.92343
2449856.22159 -15.17637
2449857.22164 -14.19273
2449858.22168 -11.28149
2449859.22173 -9.55967
2449860.22178 -8.97568
2449861.22182 -4.46439
2449862.22187 -2.76327
2449863.22191 -0.41240
2449864.22196 1.74729
2449865.22200 3.00212
2449866.22205 4.13684
2449867.22210 4.51245
2449868.22214 4.18228
2449869.22219 3.66388
2449870.22223 2.56006
2449871.22228 0.86938
2449872.22232 -1.25519
2449873.22237 -4.12380
2449874.22241 -7.33373
2449875.22246 -10.64040
2449876.22251 -12.06634
2449877.22255 -11.86349
2449878.22260 -16.02989
2449879.22264 -15.58006
2449880.22269 -14.14754
2449881.22273 -15.41700
2449882.22278 -15.15522
2449883.22283 -15.78986
2449884.22287 -11.91379
2449885.22292 -10.38802
2449886.22296 -9.26087
2449887.22301 -5.41712
2449888.22305 -3.11480
2449889.22310 -0.88975
2449890.22315 1.25851
2449891.22319 2.27808
2449892.22324 3.69494
2449893.22328 4.18044
2449894.22333 4.28545
2449895.22337 3.35514
2449896.22342 1.73432
2449897.22346 0.02853
2449898.22351 -2.20269
2449899.22356 -4.35842
2449900.22360 -6.87769
2449901.22365 -8.45562
2449902.22369 -12.06232
2449903.22374 -16.29859
2449904.22378 -14.28973
2449905.22383 -14.88231
2449906.22388 -15.85803
2449907.22392 -19.81480
2449908.22397 -17.22506
2449909.22401 -17.04693
2449910.22406 -11.03534
2449911.22410 -10.67109
2449912.22415 -8.21639
2449913.22419 -5.10165
2449914.22424 -2.87116
2449915.22429 -1.02047
2449916.22433 0.77246
2449917.22438 2.30018
2449918.22442 3.65292
2449919.22447 3.67522
2449920.22451 3.51769
2449921.22456 2.58250
2449922.22461 1.30351
2449923.22465 -0.72911
2449924.22470 -2.33678
2449925.22474 -5.92917
2449926.22479 -7.96066
2449927.22483 -11.04623
2449928.22488 -13.35501
2450114.23337 -22.25938
2450115.23341 -19.41765
2450116.23346 -16.19051
2450117.23350 -16.89157
2450118.23355 -13.49177
2450119.23359 -10.52609
2450120.23364 -9.57622
2450121.23369 -6.60259
2450122.23373 -3.36742
2450123.23378 -1.48685
2450124.23382 0.05280
2450125.23387 1.39702
2450126.23391 1.58284
2450127.23396 1.45077
2450128.23401 0.67878
2450129.23405 -0.64094
2450130.23410 -2.19594
2450131.23414 -4.28999
2450132.23419 -5.41039
2450133.23423 -10.51295
2450134.23428 -10.51454
2450135.23433 -13.56568
2450136.23437 -13.18489
2450137.23442 -15.94225
2450138.23446 -17.41623
2450139.23451 -18.37892
2450140.23455 -16.17610
2450141.23460 -17.37894
2450142.23464 -16.86692
2450143.23469 -13.50459
2450144.23474 -12.63445
2450145.23478 -11.60101
2450146.23483 -8.78625
2450147.23487 -6.09933
2450148.23492 -3.22634
2450149.23496 -1.20989
2450150.23501 0.17782
2450151.23506 1.22492
2450152.23510 1.32197
2450153.23515 1.68774
2450154.23519 0.69978
2450155.23524 -0.80733
2450156.23528 -1.91369
2450157.23533 -4.24296
2450158.23537 -7.27004
2450159.23542 -10.11558
2450160.23547 -11.49964
2450161.23551 -13.60372
2450162.23556 -15.28262
2450163.23560 -19.61857
2450164.23565 -18.99977
2450165.23569 -18.33849
2450166.23574 -16.63434
2450167.23579 -19.21870
2450168.23583 -15.23103
2450169.23588 -13.89834
2450170.23592 -13.04656
2450171.23597 -9.07014
2450172.23601 -8.49056
2450173.23606 -5.29297
2450174.23610 -2.95018
2450175.23615 -1.23395
2450176.23620 0.43195
2450177.23624 1.50868
2450178.23629 1.62413
2450179.23633 1.59633
2450180.23638 0.63508
2450181.23642 -0.79835
2450182.23647 -2.50586
2450183.23652 -5.04462
2450184.23656 -5.92536
2450185.23661 -10.90966
2450186.23665 -11.92609
2450187.23670 -13.54891
2450188.23674 -16.41765
2450189.23679 -17.60322
2450190.23683 -19.07101
2450191.23688 -20.54668
2450192.23693 -19.15533
2450193.23697 -15.91498
2450194.23702 -20.18458
2450195.23706 -15.42495
2450196.23711 -12.17326
2450197.23715 -11.16317
2450198.23720 -7.18450
2450199.23725 -4.69992
2450200.23729 -2.58562
2450201.23734 -0.73427
2450202.23738 0.79845
2450203.23743 1.66473
2450204.23747 2.01778
2450205.23752 1.33860
2450206.23757 0.53557
2450207.23761 -0.84385
2450208.23766 -2.63283
2450209.23770 -4.50092
2450210.23775 -8.26424
2450211.23779 -10.03822
2450212.23784 -10.33821
2450213.23788 -14.73782
2450214.23793 -18.11824
2450215.23798 -16.79538
2450216.23802 -21.75459
2450217.23807 -21.31597
2450218.23811 -19.18808
2450219.23816 -18.43547
2450220.23820 -16.09151
2450221.23825 -12.44799
2450222.23830 -12.84985
2450223.23834 -10.98238
2450224.23839 -6.87636
2450225.23843 -3.91964
2450226.23848 -2.14814
2450227.23852 -0.33927
2450228.23857 0.99926
2450229.23861 1.79691
2450230.23866 2.21869
2450231.23871 1.56647
2450232.23875 0.60878
2450233.23880 -0.77226
2450234.23884 -3.05859
2450235.23889 -5.19053
2450236.23893 -8.97156
2450237.23898 -11.80328
2450238.23903 -10.60066
2450239.23907 -12.90966
2450240.23912 -14.89777
2450241.23916 -15.70778
2450242.23921 -18.61110
2450243.23925 -20.60364
2450244.23930 -17.99187
2450245.23934 -15.75848
2450246.23939 -15.07573
2450247.23944 -14.12489
2450248.23948 -9.69430
2450249.23953 -6.56740
2450250.23957 -6.19492
2450251.23962 -4.00950
2450252.23966 -1.50843
2450253.23971 0.09542
2450254.23976 1.36099
2450255.23980 2.18451
2450256.23985 2.53935
2450257.23989 1.84966
2450258.23994 0.81232
2450259.23998 -0.73660
2450260.24003 -2.91921
2450261.24007 -4.39764
2450262.24012 -7.06915
2450263.24017 -11.92927
2450264.24021 -11.44987
2450265.24026 -14.83729
2450266.24030 -14.88838
2450267.24035 -19.99520
2450268.24039 -16.84556
2450269.24044 -13.74278
2450270.24049 -15.02759
2450271.24053 -17.71449
2450272.24058 -15.16898
2450273.24062 -11.54526
2450274.24067 -9.98874
2450275.24071 -7.50671
2450276.24076 -6.51959
2450277.24080 -3.07092
2450278.24085 -1.37800
2450279.24090 0.50938
2450280.24094 1.82039
2450281.24099 2.36811
2450282.24103 2.71190
2450283.24108 2.01897
2450284.24112 1.07676
2450285.24117 -0.48229
2450286.24122 -2.14677
2450287.24126 -4.89685
2450288.24131 -6.35590
2450289.24135 -8.42147
2450290.24140 -12.39850
2450291.24144 -15.29896
2450292.24149 -19.10770
2450293.24154 -17.00378
2450479.25002 -11.81219
2450480.25007 -8.24783
2450481.25011 -6.61919
2450482.25016 -4.86089
2450483.25021 -1.70836
2450484.25025 0.59713
2450485.25030 2.48554
2450486.25034 4.44622
2450487.25039 6.35325
2450488.25043 6.99020
2450489.25048 7.91828
2450490.25052 6.67104
2450491.25057 5.49889
2450492.25062 4.08512
2450493.25066 2.16912
2450494.25071 0.03143
2450495.25075 -2.41029
2450496.25080 -5.04260
2450497.25084 -7.30229
2450498.25089 -8.57754
2450499.25094 -12.18184
2450500.25098 -13.70762
2450501.25103 -12.11879
2450502.25107 -12.65952
2450503.25112 -11.80692
2450504.25116 -12.88282
2450505.25121 -9.46511
2450506.25125 -8.85722
2450507.25130 -5.39319
2450508.25135 -3.26223
2450509.25139 -0.88333
2450510.25144 1.33293
2450511.25148 4.20202
2450512.25153 5.65425
2450513.25157 7.15493
2450514.25162 7.77243
2450515.25167 7.76820
2450516.25171 7.41451
2450517.25176 6.71901
2450518.25180 4.89459
2450519.25185 2.63124
2450520.25189 0.50426
2450521.25194 -1.65966
2450522.25199 -3.83052
2450523.25203 -6.25379
2450524.25208 -8.31012
2450525.25212 -10.30170
2450526.25217 -11.74611
2450527.25221 -11.39865
2450528.25226 -12.17179
2450529.25230 -13.23753
2450530.25235 -11.61691
2450531.25240 -9.53967
2450532.25244 -6.48649
2450533.25249 -4.93414
2450534.25253 -2.16609
2450535.25258 0.26430
2450536.25262 2.63282
2450537.25267 4.20158
2450538.25272 5.91718
2450539.25276 7.60236
2450540.25281 9.65867
2450541.25285 9.38310
2450542.25290 8.34928
2450543.25294 6.72352
2450544.25299 4.89882
2450545.25303 3.42618
2450546.25308 0.93052
2450547.25313 -1.44236
2450548.25317 -5.00259
2450549.25322 -5.74618
2450550.25326 -8.89711
2450551.25331 -9.11738
2450552.25335 -10.15702
2450553.25340 -10.64142
2450554.25345 -11.27762
2450555.25349 -12.44023
2450556.25354 -9.56500
2450557.25358 -7.92348
2450558.25363 -6.52344
2450559.25367 -3.87772
2450560.25372 -1.34011
2450561.25376 1.35782
2450562.25381 3.02889
2450563.25386 5.49840
2450564.25390 7.02243
2450565.25395 7.80698
2450566.25399 7.90265
2450567.25404 10.71899
2450568.25408 8.41256
2450569.25413 6.54578
2450570.25418 5.94380
2450571.25422 3.43706
2450572.25427 1.39368
2450573.25431 -0.98894
2450574.25436 -3.95653
2450575.25440 -5.46837
2450576.25445 -7.80885
2450577.25449 -8.59102
2450578.25454 -10.22323
2450579.25459 -9.35681
2450580.25463 -11.76916
2450581.25468 -11.26182
2450582.25472 -7.49415
2450583.25477 -7.78841
2450584.25481 -5.28844
2450585.25486 -2.67678
2450586.25491 -0.28192
2450587.25495 2.26664
2450588.25500 4.73729
2450589.25504 6.09308
2450590.25509 9.71060
2450591.25513 8.62617
2450592.25518 9.66597
2450593.25522 9.83938
2450594.25527 11.03859
2450595.25532 7.03597
2450596.25536 6.87079
2450597.25541 3.91734
2450598.25545 2.00048
2450599.25550 -0.58217
2450600.25554 -3.19874
2450601.25559 -4.32719
2450602.25564 -8.14402
2450603.25568 -8.46036
2450604.25573 -11.01588
2450605.25577 -11.06129
2450606.25582 -9.43494
2450607.25586 -9.51728
2450608.25591 -10.25292
2450609.25596 -6.21473
2450610.25600 -3.77763
2450611.25605 -1.76655
2450612.25609 0.81387
2450613.25614 3.53414
2450614.25618 6.31897
2450615.25623 7.73577
2450616.25627 7.56239
2450617.25632 8.47152
2450618.25637 10.77465
2450619.25641 10.13571
2450620.25646 11.80252
2450621.25650 6.74380
2450622.25655 6.88170
2450623.25659 4.91980
2450624.25664 2.49053
2450625.25669 -0.02623
2450626.25673 -1.91164
2450627.25678 -4.50008
2450628.25682 -6.60025
2450629.25687 -8.25824
2450630.25691 -9.89174
2450631.25696 -9.19725
2450632.25700 -8.43050
2450633.25705 -7.77412
2450634.25710 -6.50929
2450635.25714 -5.61435
2450636.25719 -3.39381
2450637.25723 -0.67195
2450638.25728 1.86532
2450639.25732 4.18873
2450640.25737 6.04431
2450641.25742 7.79414
2450642.25746 9.74214
2450643.25751 13.42633
2450644.25755 10.58904
2450645.25760 12.89680
2450646.25764 9.68503
2450647.25769 10.50444
2450648.25773 7.72421
2450649.25778 5.21097
2450650.25783 2.71032
2450651.25787 0.43755
2450652.25792 -1.82355
2450653.25796 -4.38657
2450654.25801 -5.98605
2450655.25805 -6.85332
2450656.25810 -8.29821
2450657.25815 -7.46873
2450658.25819 -7.80477
2450844.26668 3.99493
2450845.26672 6.29267
2450846.26677 8.35273
2450847.26682 13.48615
2450848.26686 13.73808
2450849.26691 15.17309
2450850.26695 13.98040
2450851.26700 16.05346
2450852.26704 18.29298
2450853.26709 15.41887
2450854.26714 13.27029
2450855.26718 13.28138
2450856.26723 11.25856
2450857.26727 7.68220
2450858.26732 4.79769
2450859.26736 3.69636
2450860.26741 1.38940
2450861.26745 -0.78130
2450862.26750 -1.91028
2450863.26755 -3.01030
2450864.26759 -3.45149
2450865.26764 -3.71625
2450866.26768 -2.64051
2450867.26773 -1.40972
2450868.26777 0.34604
2450869.26782 2.47157
2450870.26787 4.62410
2450871.26791 7.53063
2450872.26796 12.00061
2450873.26800 9.78776
2450874.26805 11.18320
2450875.26809 14.91327
2450876.26814 16.60194
2450877.26818 18.53898
2450878.26823 13.98613
2450879.26828 14.02117
2450880.26832 14.72419
2450881.26837 14.32757
2450882.26841 11.19929
2450883.26846 8.30137
2450884.26850 6.06567
2450885.26855 4.10801
2450886.26860 1.35050
2450887.26864 -0.40071
2450888.26869 -2.15982
2450889.26873 -2.27080
2450890.26878 -3.38413
2450891.26882 -3.25503
2450892.26887 -2.32514
2450893.26891 -0.72220
2450894.26896 0.95022
2450895.26901 3.03773
2450896.26905 5.72637
2450897.26910 8.05559
2450898.26914 11.21439
2450899.26919 10.24234
2450900.26923 17.08870
2450901.26928 15.91867
2450902.26933 17.73416
2450903.26937 14.77017
2450904.26942 17.94472
2450905.26946 16.26919
2450906.26951 14.29602
2450907.26955 13.06403
2450908.26960 13.07206
2450909.26964 8.30314
2450910.26969 5.80746
2450911.26974 3.32850
2450912.26978 1.53418
2450913.26983 -0.14404
2450914.26987 -1.66617
2450915.26992 -2.64969
2450916.26996 -2.89344
2450917.27001 -2.24242
2450918.27006 -1.65277
2450919.27010 -0.24075
2450920.27015 1.44433
2450921.27019 3.23051
2450922.27024 6.58115
2450923.27028 8.18806
2450924.27033 11.01031
2450925.27038 13.21217
2450926.27042 13.48073
2450927.27047 19.19658
2450928.27051 19.31277
2450929.27056 15.61353
2450930.27060 11.84318
2450931.27065 15.02439
2450932.27069 16.20587
2450933.27074 11.74105
2450934.27079 12.27033
2450935.27083 6.43084
2450936.27088 4.48949
2450937.27092 4.05168
2450938.27097 1.72780
2450939.27101 0.03176
2450940.27106 -1.68708
2450941.27111 -2.26316
2450942.27115 -2.20530
2450943.27120 -1.91804
2450944.27124 -1.27493
2450945.27129 0.30539
2450946.27133 2.58624
2450947.27138 3.93641
2450948.27142 8.00300
2450949.27147 8.91793
2450950.27152 11.16008
2450951.27156 13.28664
2450952.27161 16.11941
2450953.27165 15.61575
2450954.27170 19.00312
2450955.27174 15.77183
2450956.27179 16.84084
2450957.27184 15.60206
2450958.27188 14.58237
2450959.27193 13.43749
2450960.27197 10.96533
2450961.27202 8.95267
2450962.27206 7.30062
2450963.27211 3.36447
2450964.27215 1.92887
2450965.27220 0.17746
2450966.27225 -1.16270
2450967.27229 -2.12551
2450968.27234 -1.94919
2450969.27238 -1.79864
2450970.27243 -0.80009
2450971.27247 0.82524
2450972.27252 2.26129
2450973.27257 4.30374
2450974.27261 7.88187
2450975.27266 9.29919
2450976.27270 10.78168
2450977.27275 11.55663
2450978.27279 15.61959
2450979.27284 17.23468
2450980.27288 17.81472
2450981.27293 16.49283
2450982.27298 16.59169
2450983.27302 16.59806
2450984.27307 13.73476
2450985.27311 13.09684
2450986.27316 11.02113
2450987.27320 8.21297
2450988.27325 7.05843
2450989.27330 3.41914
2450990.27334 1.40274
2450991.27339 0.24287
2450992.27343 -1.06274
2450993.27348 -2.08054
2450994.27352 -1.80198
2450995.27357 -1.27671
2450996.27362 -0.39834
2450997.27366 1.19281
2450998.27371 3.01996
2450999.27375 5.82053
2451000.27380 7.49902
2451001.27384 9.96478
2451002.27389 13.53121
2451003.27393 12.45347
2451004.27398 14.18070
2451005.27403 19.23164
2451006.27407 17.03338
2451007.27412 19.45372
2451008.27416 15.49544
2451009.27421 17.73350
2451010.27425 14.01580
2451011.27430 14.26304
2451012.27435 8.71436
2451013.27439 9.02383
2451014.27444 6.23897
2451015.27448 4.10340
2451016.27453 2.15165
2451017.27457 0.29932
2451018.27462 -1.03326
2451019.27466 -1.54553
2451020.27471 -1.58123
2451021.27476 -1.17836
2451022.27480 -0.07034
2451023.27485 1.54136
2451209.28333 12.40674
2451210.28338 11.52043
2451211.28343 18.75936
2451212.28347 18.74075
2451213.28352 14.12796
2451214.28356 19.08822
2451215.28361 14.64560
2451216.28365 14.39818
2451217.28370 14.23240
2451218.28375 13.09000
2451219.28379 11.03453
2451220.28384 7.33739
2451221.28388 6.37205
2451222.28393 3.71927
2451223.28397 1.55915
2451224.28402 -0.31980
2451225.28406 -1.45414
2451226.28411 -2.48301
2451227.28416 -2.65106
2451228.28420 -2.32466
2451229.28425 -1.14567
2451230.28429 0.26773
2451231.28434 2.20414
2451232.28438 4.95913
2451233.28443 6.77391
2451234.28448 9.66890
2451235.28452 11.54195
2451236.28457 12.69280
2451237.28461 13.13629
2451238.28466 17.29610
2451239.28470 16.54063
2451240.28475 18.08084
2451241.28480 16.91927
2451242.28484 16.41608
2451243.28489 13.07780
2451244.28493 12.49592
2451245.28498 9.89184
2451246.28502 7.98610
2451247.28507 5.27249
2451248.28511 3.16847
2451249.28516 0.86145
2451250.28521 -0.79098
2451251.28525 -1.88157
2451252.28530 -2.70004
2451253.28534 -2.41415
2451254.28539 -2.07333
2451255.28543 -1.70127
2451256.28548 0.07689
2451257.28553 2.04564
2451258.28557 4.50982
2451259.28562 6.32237
2451260.28566 9.89289
2451261.28571 9.69938
2451262.28575 11.93436
2451263.28580 16.81255
2451264.28584 16.25153
2451265.28589 17.63615
2451266.28594 19.90333
2451267.28598 17.08615
2451268.28603 14.75739
2451269.28607 15.23125
2451270.28612 10.75557
2451271.28616 9.71679
2451272.28621 6.97408
2451273.28626 4.23714
2451274.28630 2.33412
2451275.28635 0.26641
2451276.28639 -1.30432
2451277.28644 -1.85818
2451278.28648 -3.48758
2451279.28653 -3.10565
2451280.28657 -2.73754
2451281.28662 -1.76469
2451282.28667 -0.14371
2451283.28671 1.76107
2451284.28676 4.01165
2451285.28680 5.67585
2451286.28685 9.53594
2451287.28689 10.93692
2451288.28694 11.00358
2451289.28699 11.18111
2451290.28703 14.96881
2451291.28708 19.47620
2451292.28712 14.36286
2451293.28717 15.39363
2451294.28721 15.43355
2451295.28726 10.84867
2451296.28730 11.03630
2451297.28735 7.30323
2451298.28740 6.65623
2451299.28744 3.52983
2451300.28749 1.66886
2451301.28753 -0.42496
2451302.28758 -1.86496
2451303.28762 -2.99286
2451304.28767 -3.76948
2451305.28772 -3.71526
2451306.28776 -2.63277
2451307.28781 -2.35347
2451308.28785 -0.42038
2451309.28790 1.58785
2451310.28794 3.75359
2451311.28799 5.95031
2451312.28804 9.56138
2451313.28808 10.41062
2451314.28813 13.73598
2451315.28817 16.31748
2451316.28822 14.00648
2451317.28826 16.37784
2451318.28831 15.22808
2451319.28835 16.14853
2451320.28840 15.32416
2451321.28845 10.40140
2451322.28849 10.37980
2451323.28854 7.38957
2451324.28858 5.41511
2451325.28863 2.61558
2451326.28867 0.95281
2451327.28872 -1.15197
2451328.28877 -2.31244
2451329.28881 -2.91833
2451330.28886 -4.42363
2451331.28890 -3.67630
2451332.28895 -2.93355
2451333.28899 -3.11014
2451334.28904 -0.67975
2451335.28908 1.22348
2451336.28913 3.37593
2451337.28918 5.21635
2451338.28922 8.47504
2451339.28927 10.75552
2451340.28931 13.22174
2451341.28936 13.48286
2451342.28940 12.63895
2451343.28945 16.01105
2451344.28950 17.12367
2451345.28954 12.94545
2451346.28959 12.81975
2451347.28963 11.55083
2451348.28968 9.12454
2451349.28972 7.72145
2451350.28977 4.75465
2451351.28981 2.35003
2451352.28986 0.06792
2451353.28991 -1.78306
2451354.28995 -3.06321
2451355.29000 -4.76593
2451356.29004 -3.99013
2451357.29009 -4.74681
2451358.29013 -3.93135
2451359.29018 -2.45833
2451360.29023 -1.03954
2451361.29027 0.80065
2451362.29032 2.75717
2451363.29036 6.32338
2451364.29041 6.78624
2451365.29045 9.32736
2451366.29050 9.19812
2451367.29054 13.95565
2451368.29059 13.91289
2451369.29064 13.56011
2451370.29068 15.54679
2451371.29073 13.48516
2451372.29077 12.30302
2451373.29082 11.71867
2451374.29086 7.66443
2451375.29091 5.29953
2451376.29096 4.21820
2451377.29100 1.36010
2451378.29105 -0.74149
2451379.29109 -2.49690
2451380.29114 -3.62623
2451381.29118 -4.68215
2451382.29123 -4.78765
2451383.29127 -5.92928
2451384.29132 -4.56043
2451385.29137 -3.07792
2451386.29141 -1.46297
2451387.29146 0.62049
2451388.29150 2.89508
2451575.30004 8.12871
2451576.30008 10.44974
2451577.30013 10.48366
2451578.30017 8.25830
2451579.30022 6.84504
2451580.30026 5.97754
2451581.30031 3.69268
2451582.30036 1.06243
2451583.30040 -1.22241
2451584.30045 -3.07434
2451585.30049 -6.08099
2451586.30054 -7.83736
2451587.30058 -9.82870
2451588.30063 -12.17219
2451589.30068 -10.13865
2451590.30072 -11.48602
2451591.30077 -9.67769
2451592.30081 -7.47791
2451593.30086 -7.28358
2451594.30090 -5.11962
2451595.30095 -3.09475
2451596.30099 -0.61388
2451597.30104 1.65400
2451598.30109 3.73738
2451599.30113 6.28749
2451600.30118 6.15239
2451601.30122 8.86984
2451602.30127 9.16800
2451603.30131 8.92625
2451604.30136 8.48919
2451605.30141 5.99056
2451606.30145 3.80548
2451607.30150 2.54277
2451608.30154 0.21155
2451609.30159 -2.29296
2451610.30163 -4.70476
2451611.30168 -7.19139
2451612.30172 -8.69845
2451613.30177 -10.59751
2451614.30182 -10.77364
2451615.30186 -11.49827
2451616.30191 -10.73168
2451617.30195 -11.06990
2451618.30200 -8.65908
2451619.30204 -7.21964
2451620.30209 -5.85740
2451621.30214 -3.42342
2451622.30218 -1.07142
2451623.30223 1.08138
2451624.30227 3.47985
2451625.30232 4.20665
2451626.30236 7.41383
2451627.30241 6.85741
2451628.30246 8.20936
2451629.30250 8.03970
2451630.30255 5.99490
2451631.30259 5.84151
2451632.30264 3.73551
2451633.30268 1.48360
2451634.30273 -0.76325
2451635.30277 -3.01190
2451636.30282 -5.76595
2451637.30287 -6.37178
2451638.30291 -10.10869
2451639.30296 -9.85553
2451640.30300 -11.41912
2451641.30305 -11.88333
2451642.30309 -11.20030
2451643.30314 -11.12357
2451644.30319 -10.60586
2451645.30323 -6.99519
2451646.30328 -6.61512
2451647.30332 -4.05871
2451648.30337 -1.50586
2451649.30341 0.85577
2451650.30346 3.12720
2451651.30350 3.46037
2451652.30355 5.28814
2451653.30360 7.45532
2451654.30364 6.49836
2451655.30369 6.61976
2451656.30373 5.15792
2451657.30378 4.83938
2451658.30382 2.53614
2451659.30387 0.64303
2451660.30392 -1.60425
2451661.30396 -2.96810
2451662.30401 -6.94478
2451663.30405 -8.92196
2451664.30410 -9.42220
2451665.30414 -11.46308
2451666.30419 -10.52294
2451667.30423 -13.02172
2451668.30428 -14.33677
2451669.30433 -13.87300
2451670.30437 -11.09148
2451671.30442 -9.10852
2451672.30446 -7.47082
2451673.30451 -3.87915
2451674.30455 -1.86099
2451675.30460 0.26300
2451676.30465 2.46977
2451677.30469 4.31380
2451678.30474 5.43527
2451679.30478 6.33823
2451680.30483 5.94270
2451681.30487 6.06333
2451682.30492 5.46920
2451683.30496 2.92086
2451684.30501 1.92257
2451685.30506 -0.26221
2451686.30510 -2.64505
2451687.30515 -5.69478
2451688.30519 -5.75622
2451689.30524 -8.11063
2451690.30528 -11.73961
2451691.30533 -9.89831
2451692.30538 -12.88281
2451693.30542 -13.49489
2451694.30547 -13.56952
2451695.30551 -9.56883
2451696.30556 -9.52069
2451697.30560 -9.01053
2451698.30565 -8.26601
2451699.30569 -4.00455
2451700.30574 -2.16589
2451701.30579 -0.12056
2451702.30583 2.38221
2451703.30588 2.86777
2451704.30592 4.53883
2451705.30597 6.03347
2451706.30601 5.46367
2451707.30606 6.40293
2451708.30611 4.03612
2451709.30615 3.04761
2451710.30620 1.17973
2451711.30624 -1.21206
2451712.30629 -3.41738
2451713.30633 -5.65873
2451714.30638 -8.02910
2451715.30643 -8.79030
2451716.30647 -11.50527
2451717.30652 -13.00464
2451718.30656 -14.60783
2451719.30661 -13.72783
2451720.30665 -12.72992
2451721.30670 -11.55660
2451722.30674 -12.56844
2451723.30679 -8.94026
2451724.30684 -7.60702
2451725.30688 -5.53008
2451726.30693 -2.72942
2451727.30697 -0.68662
2451728.30702 1.30891
2451729.30706 3.39632
2451730.30711 4.16818
2451731.30716 6.28890
2451732.30720 5.71343
2451733.30725 4.80678
2451734.30729 3.18420
2451735.30734 1.87748
2451736.30738 0.26792
2451737.30743 -1.91244
2451738.30747 -5.00002
2451739.30752 -6.98180
2451740.30757 -8.40049
2451741.30761 -11.11240
2451742.30766 -14.61463
2451743.30770 -13.02837
2451744.30775 -14.73962
2451745.30779 -13.37052
2451746.30784 -12.34540
2451747.30789 -14.13288
2451748.30793 -11.04093
2451749.30798 -10.02212
2451750.30802 -7.92702
2451751.30807 -6.06728
2451752.30811 -3.19015
2451753.30816 -0.84006
2451754.30820 1.04268
2451940.31669 1.55751
2451941.31674 0.45629
2451942.31678 -0.77667
2451943.31683 -2.49755
2451944.31688 -5.17774
2451945.31692 -6.88531
2451946.31697 -8.02924
2451947.31701 -10.16968
2451948.31706 -12.86167
2451949.31710 -16.34013
2451950.31715 -18.02433
2451951.31719 -15.96196
2451952.31724 -14.59722
2451953.31729 -15.76837
2451954.31733 -15.34776
2451955.31738 -14.71470
2451956.31742 -12.12625
2451957.31747 -9.80702
2451958.31751 -8.86585
2451959.31756 -7.16443
2451960.31761 -3.57008
2451961.31765 -2.04657
2451962.31770 -0.43594
2451963.31774 0.70294
2451964.31779 1.68771
2451965.31783 1.52497
2451966.31788 0.86277
2451967.31792 0.29698
2451968.31797 -1.08074
2451969.31802 -2.66082
2451970.31806 -5.11050
2451971.31811 -8.58660
2451972.31815 -9.23567
2451973.31820 -11.75920
2451974.31824 -15.53674
2451975.31829 -14.89409
2451976.31834 -16.92114
2451977.31838 -15.36956
2451978.31843 -14.12184
2451979.31847 -17.98102
2451980.31852 -16.23043
2451981.31856 -17.75127
2451982.31861 -11.61436
2451983.31865 -9.45136
2451984.31870 -8.71726
2451985.31875 -5.05545
2451986.31879 -3.45060
2451987.31884 -2.17296
2451988.31888 -0.37505
2451989.31893 0.80915
2451990.31897 1.15366
2451991.31902 1.40600
2451992.31907 0.99106
2451993.31911 0.03851
2451994.31916 -1.33873
2451995.31920 -3.51202
2451996.31925 -4.65597
2451997.31929 -8.20603
2451998.31934 -9.20681
2451999.31938 -14.90694
2452000.31943 -14.58402
2452001.31948 -16.46787
2452002.31952 -17.72198
2452003.31957 -17.26327
2452004.31961 -17.22135
2452005.31966 -17.46482
2452006.31970 -16.77746
2452007.31975 -15.34956
2452008.31980 -11.80646
2452009.31984 -11.82897
2452010.31989 -9.33545
2452011.31993 -6.63076
2452012.31998 -4.03681
2452013.32002 -2.18860
2452014.32007 -0.34182
2452015.32011 0.78040
2452016.32016 1.41869
2452017.32021 1.12855
2452018.32025 0.97850
2452019.32030 -0.12043
2452020.32034 -1.57260
2452021.32039 -3.16407
2452022.32043 -4.53409
2452023.32048 -6.33801
2452024.32053 -9.50878
2452025.32057 -11.90699
2452026.32062 -13.71283
2452027.32066 -14.02868
2452028.32071 -15.97741
2452029.32075 -16.31432
2452030.32080 -19.11044
2452031.32085 -15.28786
2452032.32089 -12.54780
2452033.32094 -12.04045
2452034.32098 -14.14363
2452035.32103 -11.27919
2452036.32107 -7.43583
2452037.32112 -5.87878
2452038.32116 -3.06908
2452039.32121 -1.61504
2452040.32126 -0.19721
2452041.32130 0.71138
2452042.32135 1.38392
2452043.32139 1.29027
2452044.32144 0.86463
2452045.32148 -0.25211
2452046.32153 -1.96906
2452047.32158 -4.18686
2452048.32162 -5.11884
2452049.32167 -7.43415
2452050.32171 -9.53449
2452051.32176 -12.98991
2452052.32180 -13.97676
2452053.32185 -16.50568
2452054.32189 -18.89557
2452055.32194 -15.26460
2452056.32199 -16.98017
2452057.32203 -14.22888
2452058.32208 -15.41655
2452059.32212 -12.05682
2452060.32217 -10.28451
2452061.32221 -9.66159
2452062.32226 -8.87712
2452063.32231 -4.99603
2452064.32235 -3.65909
2452065.32240 -1.54392
2452066.32244 0.02409
2452067.32249 1.12169
2452068.32253 1.76689
2452069.32258 1.31352
2452070.32262 0.81383
2452071.32267 -0.30619
2452072.32272 -2.02796
2452073.32276 -4.55024
2452074.32281 -6.79273
2452075.32285 -8.30357
2452076.32290 -12.18461
2452077.32294 -12.66126
2452078.32299 -15.64669
2452079.32304 -17.50537
2452080.32308 -18.07809
2452081.32313 -16.34873
2452082.32317 -19.57826
2452083.32322 -19.52662
2452084.32326 -14.96229
2452085.32331 -15.79114
2452086.32335 -10.33576
2452087.32340 -9.53208
2452088.32345 -6.36939
2452089.32349 -5.69924
2452090.32354 -3.14305
2452091.32358 -1.31228
2452092.32363 0.31375
2452093.32367 0.98983
2452094.32372 1.54437
2452095.32377 1.63657
2452096.32381 0.80786
2452097.32386 -0.34274
2452098.32390 -1.90627
2452099.32395 -4.31424
2452100.32399 -6.28732
2452101.32404 -6.31387
2452102.32409 -11.26713
2452103.32413 -11.02083
2452104.32418 -14.43736
2452105.32422 -18.35658
2452106.32427 -16.09454
2452107.32431 -19.41354
2452108.32436 -16.34078
2452109.32440 -16.19197
2452110.32445 -16.97312
2452111.32450 -12.65201
2452112.32454 -11.23990
2452113.32459 -9.28089
2452114.32463 -6.90136
2452115.32468 -5.13076
2452116.32472 -2.56129
2452117.32477 -0.65565
2452118.32482 0.51847
2452119.32486 1.59396
2452305.33335 1.35146
2452306.33339 -0.63170
2452307.33344 -2.45331
2452308.33349 -4.98859
2452309.33353 -7.55984
2452310.33358 -10.46358
2452311.33362 -10.89919
2452312.33367 -12.36976
2452313.33371 -16.85482
2452314.33376 -15.19409
2452315.33380 -10.37658
2452316.33385 -13.40304
2452317.33390 -14.55486
2452318.33394 -11.03578
2452319.33399 -9.01892
2452320.33403 -6.85650
2452321.33408 -3.72152
2452322.33412 -1.87796
2452323.33417 0.35718
2452324.33422 2.26680
2452325.33426 3.96533
2452326.33431 3.89699
2452327.33435 5.35526
2452328.33440 4.51921
2452329.33444 4.58151
2452330.33449 3.40190
2452331.33454 1.75288
2452332.33458 -0.30641
2452333.33463 -2.63406
2452334.33467 -4.56921
2452335.33472 -6.13192
2452336.33476 -11.40460
2452337.33481 -11.36077
2452338.33485 -11.31956
2452339.33490 -11.36720
2452340.33495 -12.04409
2452341.33499 -11.18857
2452342.33504 -10.44307
2452343.33508 -10.67469
2452344.33513 -9.25227
2452345.33517 -7.22929
2452346.33522 -5.29268
2452347.33527 -3.34601
2452348.33531 -0.90570
2452349.33536 1.10948
2452350.33540 3.19636
2452351.33545 4.31003
2452352.33549 4.71294
2452353.33554 4.15048
2452354.33558 5.73142
2452355.33563 4.91359
2452356.33568 3.18935
2452357.33572 2.05880
2452358.33577 0.11280
2452359.33581 -2.02110
2452360.33586 -3.97926
2452361.33590 -6.33770
2452362.33595 -8.65603
2452363.33600 -10.78793
2452364.33604 -10.63693
2452365.33609 -12.32122
2452366.33613 -12.63672
2452367.33618 -11.62144
2452368.33622 -13.17203
2452369.33627 -9.36581
2452370.33631 -8.77385
2452371.33636 -5.84226
2452372.33641 -5.01177
2452373.33645 -2.35790
2452374.33650 -0.12784
2452375.33654 2.04988
2452376.33659 3.84286
2452377.33663 3.82668
2452378.33668 7.34386
2452379.33673 6.07168
2452380.33677 6.33103
2452381.33682 5.31128
2452382.33686 3.45063
2452383.33691 2.09233
2452384.33695 0.46756
2452385.33700 -1.64064
2452386.33704 -3.97571
2452387.33709 -7.02245
2452388.33714 -7.95844
2452389.33718 -12.66516
2452390.33723 -11.02777
2452391.33727 -10.05562
2452392.33732 -13.59581
2452393.33736 -12.72292
2452394.33741 -11.64929
2452395.33746 -8.79223
2452396.33750 -7.83825
2452397.33755 -6.09149
2452398.33759 -3.70532
2452399.33764 -1.40831
2452400.33768 0.71439
2452401.33773 2.49404
2452402.33777 4.10181
2452403.33782 6.19517
2452404.33787 7.60628
2452405.33791 7.94708
2452406.33796 6.56803
2452407.33800 5.78178
2452408.33805 4.21402
2452409.33809 2.79707
2452410.33814 0.90702
2452411.33819 -1.35479
2452412.33823 -3.71091
2452413.33828 -6.26206
2452414.33832 -8.02831
2452415.33837 -8.07993
2452416.33841 -9.95255
2452417.33846 -8.91867
2452418.33851 -10.64970
2452419.33855 -11.59008
2452420.33860 -10.74698
2452421.33864 -9.99323
2452422.33869 -6.22900
2452423.33873 -5.48370
2452424.33878 -2.79999
2452425.33882 -0.60245
2452426.33887 1.53478
2452427.33892 2.81129
2452428.33896 5.23122
2452429.33901 6.10598
2452430.33905 6.60311
2452431.33910 6.88633
2452432.33914 6.63884
2452433.33919 7.18457
2452434.33924 5.32743
2452435.33928 2.78715
2452436.33933 1.48583
2452437.33937 -0.85598
2452438.33942 -3.28908
2452439.33946 -5.01044
2452440.33951 -6.65817
2452441.33955 -9.84300
2452442.33960 -9.10210
2452443.33965 -11.02508
2452444.33969 -10.13765
2452445.33974 -11.87336
2452446.33978 -8.65693
2452447.33983 -9.23829
2452448.33987 -5.51893
2452449.33992 -4.44315
2452450.33997 -1.94472
2452451.34001 0.29829
2452452.34006 2.61811
2452453.34010 5.16288
2452454.34015 5.88727
2452455.34019 6.88112
2452456.34024 7.24996
2452457.34028 7.97981
2452458.34033 7.52564
2452459.34038 8.10788
2452460.34042 6.46816
2452461.34047 3.69208
2452462.34051 1.74692
2452463.34056 -0.42976
2452464.34060 -2.37011
2452465.34065 -5.11516
2452466.34070 -6.99000
2452467.34074 -7.67388
2452468.34079 -10.07385
2452469.34083 -8.80801
2452470.34088 -10.56539
2452471.34092 -10.76027
2452472.34097 -8.44446
2452473.34101 -7.08807
2452474.34106 -5.86492
2452475.34111 -3.77375
2452476.34115 -1.29061
2452477.34120 1.14392
2452478.34124 2.82098
2452479.34129 4.93550
2452480.34133 6.10873
2452481.34138 8.33132
2452482.34143 9.09542
2452483.34147 9.80330
2452484.34152 8.79053
2452670.35000 5.42956
2452671.35005 3.37985
2452672.35010 0.74435
2452673.35014 -1.23795
2452674.35019 -2.15003
2452675.35023 -3.60595
2452676.35028 -4.94275
2452677.35032 -4.76725
2452678.35037 -4.07541
2452679.35042 -3.22596
2452680.35046 -2.39820
2452681.35051 -0.55471
2452682.35055 1.64088
2452683.35060 3.38103
2452684.35064 5.93434
2452685.35069 6.89887
2452686.35073 9.39177
2452687.35078 12.47015
2452688.35083 13.34202
2452689.35087 12.80806
2452690.35092 13.24021
2452691.35096 11.33256
2452692.35101 14.32377
2452693.35105 12.29006
2452694.35110 9.53164
2452695.35115 7.24932
2452696.35119 4.93358
2452697.35124 2.86023
2452698.35128 1.12297
2452699.35133 -0.82367
2452700.35137 -2.91310
2452701.35142 -2.41120
2452702.35146 -3.54736
2452703.35151 -4.44707
2452704.35156 -4.28474
2452705.35160 -3.14649
2452706.35165 -1.61634
2452707.35169 0.17364
2452708.35174 2.19631
2452709.35178 5.16272
2452710.35183 7.32448
2452711.35188 9.04012
2452712.35192 9.32189
2452713.35197 12.55242
2452714.35201 12.43114
2452715.35206 13.19854
2452716.35210 17.27565
2452717.35215 12.66795
2452718.35219 13.29411
2452719.35224 11.28522
2452720.35229 9.46264
2452721.35233 7.11581
2452722.35238 6.38479
2452723.35242 2.24048
2452724.35247 1.43144
2452725.35251 -0.53602
2452726.35256 -1.80086
2452727.35261 -3.43452
2452728.35265 -4.07349
2452729.35270 -4.24348
2452730.35274 -3.33302
2452731.35279 -2.52454
2452732.35283 -0.98223
2452733.35288 0.89551
2452734.35293 2.82967
2452735.35297 5.72114
2452736.35302 9.39365
2452737.35306 11.33164
2452738.35311 11.84384
2452739.35315 13.58006
2452740.35320 11.25690
2452741.35324 13.91734
2452742.35329 14.85412
2452743.35334 14.55406
2452744.35338 14.06267
2452745.35343 11.12705
2452746.35347 11.29024
2452747.35352 6.96914
2452748.35356 5.94567
2452749.35361 4.39646
2452750.35366 1.68119
2452751.35370 -0.23288
2452752.35375 -1.91271
2452753.35379 -2.73638
2452754.35384 -3.05122
2452755.35388 -3.92637
2452756.35393 -2.93216
2452757.35397 -1.89405
2452758.35402 -0.30141
2452759.35407 1.44378
2452760.35411 3.85682
2452761.35416 6.96853
2452762.35420 6.48621
2452763.35425 10.58253
2452764.35429 11.64767
2452765.35434 15.56513
2452766.35439 14.33715
2452767.35443 15.73102
2452768.35448 17.32181
2452769.35452 13.09504
2452770.35457 13.07943
2452771.35461 12.84103
2452772.35466 9.74828
2452773.35470 7.28952
2452774.35475 5.16426
2452775.35480 4.04196
2452776.35484 1.90801
2452777.35489 0.02078
2452778.35493 -1.40700
2452779.35498 -2.75260
2452780.35502 -2.67403
2452781.35507 -3.14043
2452782.35512 -2.17147
2452783.35516 -1.21270
2452784.35521 0.31328
2452785.35525 2.29194
2452786.35530 3.16438
2452787.35534 6.20753
2452788.35539 8.98554
2452789.35543 9.95231
2452790.35548 14.29676
2452791.35553 12.35741
2452792.35557 14.75783
2452793.35562 15.23256
2452794.35566 12.89035
2452795.35571 15.96415
2452796.35575 15.97600
2452797.35580 12.30079
2452798.35585 10.72018
2452799.35589 7.09980
2452800.35594 5.69380
2452801.35598 4.82718
2452802.35603 2.31935
2452803.35607 0.23335
2452804.35612 -1.12483
2452805.35617 -1.87778
2452806.35621 -2.05423
2452807.35626 -2.12066
2452808.35630 -1.81266
2452809.35635 -0.69002
2452810.35639 0.92585
2452811.35644 3.11534
2452812.35648 5.79671
2452813.35653 7.35388
2452814.35658 8.62629
2452815.35662 13.55084
2452816.35667 11.53230
2452817.35671 14.17464
2452818.35676 18.96991
2452819.35680 15.34582
2452820.35685 13.85781
2452821.35690 12.67774
2452822.35694 14.72247
2452823.35699 12.00480
2452824.35703 10.39132
2452825.35708 8.22658
2452826.35712 6.47683
2452827.35717 3.72588
2452828.35721 2.01530
2452829.35726 0.32973
2452830.35731 -1.04185
2452831.35735 -1.52174
2452832.35740 -2.05977
2452833.35744 -1.47000
2452834.35749 -1.45750
2452835.35753 -0.23016
2452836.35758 1.39878
2452837.35763 2.86157
2452838.35767 4.47282
2452839.35772 7.38805
2452840.35776 10.01253
2452841.35781 11.10215
2452842.35785 12.64742
2452843.35790 15.98443
2452844.35794 16.46259
2452845.35799 13.40364
2452846.35804 16.63595
2452847.35808 18.39080
2452848.35813 15.66391
2452849.35817 12.33686
2453036.36671 1.27344
2453037.36675 -0.06941
2453038.36680 -0.91897
2453039.36684 -1.53698
2453040.36689 -1.58535
2453041.36693 -0.83743
2453042.36698 0.16963
2453043.36703 1.62671
2453044.36707 2.95887
2453045.36712 5.43037
2453046.36716 7.13704
2453047.36721 10.06467
2453048.36725 12.82298
2453049.36730 13.44698
2453050.36735 14.64852
2453051.36739 17.10620
2453052.36744 18.39556
2453053.36748 15.07792
2453054.36753 15.81664
2453055.36757 15.01889
2453056.36762 11.96022
2453057.36766 9.70419
2453058.36771 10.53101
2453059.36776 7.14554
2453060.36780 4.99202
2453061.36785 2.69786
2453062.36789 0.81293
2453063.36794 -0.33431
2453064.36798 -1.53605
2453065.36803 -1.86611
2453066.36808 -1.57178
2453067.36812 -1.13591
2453068.36817 0.12209
2453069.36821 1.65523
2453070.36826 3.62672
2453071.36830 5.85523
2453072.36835 8.26100
2453073.36839 9.83061
2453074.36844 10.55720
2453075.36849 14.82970
2453076.36853 13.13418
2453077.36858 15.12252
2453078.36862 15.71274
2453079.36867 15.82417
2453080.36871 14.81782
2453081.36876 14.24276
2453082.36881 12.78777
2453083.36885 9.45666
2453084.36890 7.67406
2453085.36894 6.15221
2453086.36899 4.10666
2453087.36903 1.99529
2453088.36908 0.64638
2453089.36912 -0.75666
2453090.36917 -1.33183
2453091.36922 -2.08652
2453092.36926 -1.67105
2453093.36931 -1.13512
2453094.36935 0.03635
2453095.36940 1.85146
2453096.36944 3.40521
2453097.36949 5.96023
2453098.36954 7.12275
2453099.36958 9.29423
2453100.36963 13.17788
2453101.36967 11.73514
2453102.36972 17.93461
2453103.36976 14.99319
2453104.36981 16.60929
2453105.36985 16.87318
2453106.36990 17.64146
2453107.36995 14.94515
2453108.36999 13.41306
2453109.37004 9.46256
2453110.37008 8.50818
2453111.37013 6.82606
2453112.37017 3.90012
2453113.37022 1.44948
2453114.37027 0.21945
2453115.37031 -0.97298
2453116.37036 -2.06919
2453117.37040 -2.25278
2453118.37045 -1.57553
2453119.37049 -1.44671
2453120.37054 -0.11088
2453121.37059 1.48138
2453122.37063 3.70803
2453123.37068 4.68183
2453124.37072 7.01972
2453125.37077 9.63613
2453126.37081 11.70781
2453127.37086 12.65646
2453128.37090 12.06108
2453129.37095 16.57073
2453130.37100 17.84076
2453131.37104 16.59596
2453132.37109 13.63175
2453133.37113 13.19724
2453134.37118 12.13068
2453135.37122 9.56131
2453136.37127 7.78607
2453137.37132 5.50340
2453138.37136 3.46153
2453139.37141 1.28890
2453140.37145 -0.23742
2453141.37150 -1.51938
2453142.37154 -2.55101
2453143.37159 -3.12905
2453144.37163 -2.10547
2453145.37168 -1.78629
2453146.37173 -0.27777
2453147.37177 1.89192
2453148.37182 3.00092
2453149.37186 6.21306
2453150.37191 6.67371
2453151.37195 8.19563
2453152.37200 11.72852
2453153.37205 15.08289
2453154.37209 13.23910
2453155.37214 13.07559
2453156.37218 14.85612
2453157.37223 15.93656
2453158.37227 15.08155
2453159.37232 14.19512
2453160.37236 11.06988
2453161.37241 8.75054
2453162.37246 7.38475
2453163.37250 4.95307
2453164.37255 3.00257
2453165.37259 0.82079
2453166.37264 -0.87233
2453167.37268 -1.96613
2453168.37273 -2.58711
2453169.37278 -3.16505
2453170.37282 -2.34346
2453171.37287 -1.71000
2453172.37291 -0.45852
2453173.37296 1.09205
2453174.37300 3.05707
2453175.37305 5.68925
2453176.37309 7.16350
2453177.37314 10.27329
2453178.37319 11.86516
2453179.37323 14.05138
2453180.37328 13.79815
2453181.37332 17.93283
2453182.37337 14.19021
2453183.37341 14.47473
2453184.37346 13.81243
2453185.37351 11.76633
2453186.37355 9.34527
2453187.37360 7.60613
2453188.37364 6.05888
2453189.37369 4.76942
2453190.37373 2.00610
2453191.37378 0.24696
2453192.37382 -1.21432
2453193.37387 -2.64713
2453194.37392 -3.39848
2453195.37396 -3.35338
2453196.37401 -2.44258
2453197.37405 -1.93743
2453198.37410 -0.67322
2453199.37414 1.03508
2453200.37419 3.26083
2453201.37424 5.63060
2453202.37428 6.07142
2453203.37433 9.56508
2453204.37437 10.55440
2453205.37442 14.49463
2453206.37446 14.32518
2453207.37451 14.62885
2453208.37456 15.32727
2453209.37460 13.11319
2453210.37465 11.74487
2453211.37469 14.89992
2453212.37474 8.77833
2453213.37478 8.45301
2453214.37483 5.68166
2453215.37487 3.62489
2453401.38336 -6.64414
2453402.38341 -7.20942
2453403.38345 -7.41501
2453404.38350 -5.99137
2453405.38354 -5.62391
2453406.38359 -3.33358
2453407.38364 -1.95672
2453408.38368 0.14324
2453409.38373 2.16256
2453410.38377 4.73873
2453411.38382 5.31650
2453412.38386 7.15957
2453413.38391 7.96884
2453414.38396 7.99880
2453415.38400 7.47156
2453416.38405 9.91341
2453417.38409 7.93116
2453418.38414 7.26749
2453419.38418 4.76928
2453420.38423 3.76794
2453421.38427 1.34187
2453422.38432 -0.84993
2453423.38437 -2.97867
2453424.38441 -4.75541
2453425.38446 -6.61867
2453426.38450 -5.53119
2453427.38455 -8.24317
2453428.38459 -9.42250
2453429.38464 -8.04053
2453430.38469 -7.46041
2453431.38473 -6.12967
2453432.38478 -4.19565
2453433.38482 -2.12678
2453434.38487 -0.27245
2453435.38491 1.69280
2453436.38496 3.98776
2453437.38501 5.56833
2453438.38505 7.18303
2453439.38510 6.46615
2453440.38514 7.89694
2453441.38519 8.80486
2453442.38523 7.17532
2453443.38528 7.63980
2453444.38532 6.30240
2453445.38537 3.87916
2453446.38542 2.97525
2453447.38546 0.52028
2453448.38551 -1.75101
2453449.38555 -3.39756
2453450.38560 -5.95232
2453451.38564 -8.52246
2453452.38569 -8.90058
2453453.38574 -9.23209
2453454.38578 -11.01825
2453455.38583 -7.14002
2453456.38587 -6.65011
2453457.38592 -6.14735
2453458.38596 -4.32250
2453459.38601 -2.51807
2453460.38605 -0.59795
2453461.38610 1.48594
2453462.38615 3.92875
2453463.38619 5.20219
2453464.38624 6.59646
2453465.38628 8.54849
2453466.38633 9.07813
2453467.38637 9.51422
2453468.38642 7.99400
2453469.38647 6.60865
2453470.38651 6.36043
2453471.38656 3.91409
2453472.38660 2.00966
2453473.38665 -0.36641
2453474.38669 -2.88293
2453475.38674 -4.67035
2453476.38678 -7.01869
2453477.38683 -8.19502
2453478.38688 -9.04318
2453479.38692 -9.10358
2453480.38697 -8.88745
2453481.38701 -7.80573
2453482.38706 -7.56460
2453483.38710 -6.66027
2453484.38715 -5.18095
2453485.38720 -2.91350
2453486.38724 -1.09655
2453487.38729 0.98606
2453488.38733 3.14443
2453489.38738 4.53118
2453490.38742 6.19301
2453491.38747 8.02438
2453492.38751 5.69681
2453493.38756 6.71401
2453494.38761 7.31773
2453495.38765 6.47392
2453496.38770 3.99364
2453497.38774 3.14410
2453498.38779 0.86034
2453499.38783 -1.32051
2453500.38788 -3.26537
2453501.38793 -6.41504
2453502.38797 -7.82528
2453503.38802 -8.96623
2453504.38806 -10.95751
2453505.38811 -9.90576
2453506.38815 -10.07449
2453507.38820 -11.13469
2453508.38824 -8.11851
2453509.38829 -7.10242
2453510.38834 -5.46681
2453511.38838 -3.54298
2453512.38843 -1.68779
2453513.38847 0.61876
2453514.38852 2.18880
2453515.38856 4.61982
2453516.38861 4.30433
2453517.38866 6.89669
2453518.38870 7.47681
2453519.38875 7.80013
2453520.38879 7.13716
2453521.38884 5.60648
2453522.38888 4.27312
2453523.38893 2.36600
2453524.38898 0.09202
2453525.38902 -2.01489
2453526.38907 -4.00260
2453527.38911 -6.44322
2453528.38916 -7.33896
2453529.38920 -9.16221
2453530.38925 -9.32307
2453531.38929 -10.34251
2453532.38934 -9.50489
2453533.38939 -7.91723
2453534.38943 -11.53940
2453535.38948 -8.34962
2453536.38952 -6.37899
2453537.38957 -3.74421
2453538.38961 -1.78008
2453539.38966 0.17402
2453540.38971 1.92466
2453541.38975 3.97985
2453542.38980 5.10092
2453543.38984 7.25387
2453544.38989 5.93699
2453545.38993 4.98101
2453546.38998 5.01820
2453547.39002 4.81630
2453548.39007 3.20930
2453549.39012 1.55668
2453550.39016 -0.61210
2453551.39021 -3.34492
2453552.39025 -4.31975
2453553.39030 -7.37885
2453554.39034 -8.82661
2453555.39039 -9.82848
2453556.39044 -10.60496
2453557.39048 -11.59998
2453558.39053 -12.03675
2453559.39057 -10.70737
2453560.39062 -8.49973
2453561.39066 -8.29431
2453562.39071 -7.46962
2453563.39075 -4.09239
2453564.39080 -2.19114
2453565.39085 -0.16542
2453566.39089 1.65442
2453567.39094 2.82846
2453568.39098 4.54696
2453569.39103 4.70613
2453570.39107 5.92398
2453571.39112 6.00360
2453572.39117 5.69954
2453573.39121 4.04349
2453574.39126 2.57401
2453575.39130 0.53757
2453576.39135 -1.75327
2453577.39139 -2.94455
2453578.39144 -6.22801
2453579.39148 -9.44250
2453580.39153 -9.16784
2453766.40002 -14.79919
2453767.40006 -13.92947
2453768.40011 -11.77482
2453769.40016 -10.27815
2453770.40020 -8.90261
2453771.40025 -5.99632
2453772.40029 -4.05699
2453773.40034 -2.21975
2453774.40038 -0.50596
2453775.40043 0.87519
2453776.40047 1.50485
2453777.40052 1.94913
2453778.40057 2.15740
2453779.40061 1.56271
2453780.40066 0.47871
2453781.40070 -0.98397
2453782.40075 -2.86892
2453783.40079 -4.47645
2453784.40084 -5.51418
2453785.40089 -8.60939
2453786.40093 -10.21940
2453787.40098 -13.02314
2453788.40102 -15.25229
2453789.40107 -16.98772
2453790.40111 -16.49969
2453791.40116 -15.05739
2453792.40120 -15.59106
2453793.40125 -13.53008
2453794.40130 -13.14667
2453795.40134 -9.73206
2453796.40139 -8.11555
2453797.40143 -6.56587
2453798.40148 -4.46152
2453799.40152 -2.32127
2453800.40157 -0.66151
2453801.40162 0.62665
2453802.40166 1.44300
2453803.40171 2.13410
2453804.40175 1.60322
2453805.40180 1.00329
2453806.40184 0.05991
2453807.40189 -1.71041
2453808.40193 -3.07491
2453809.40198 -4.59236
2453810.40203 -7.06830
2453811.40207 -8.95152
2453812.40212 -10.80061
2453813.40216 -11.48234
2453814.40221 -13.22583
2453815.40225 -15.25608
2453816.40230 -15.71807
2453817.40235 -14.92928
2453818.40239 -12.77474
2453819.40244 -16.02268
2453820.40248 -13.75839
2453821.40253 -10.48029
2453822.40257 -7.04409
2453823.40262 -6.32243
2453824.40266 -4.32695
2453825.40271 -2.52270
2453826.40276 -0.81277
2453827.40280 0.54099
2453828.40285 1.49504
2453829.40289 2.03585
2453830.40294 1.40818
2453831.40298 0.79579
2453832.40303 -0.30123
2453833.40308 -1.89309
2453834.40312 -3.63128
2453835.40317 -6.94404
2453836.40321 -7.21589
2453837.40326 -12.57250
2453838.40330 -11.38364
2453839.40335 -12.17553
2453840.40340 -14.38014
2453841.40344 -14.73345
2453842.40349 -18.51001
2453843.40353 -16.40935
2453844.40358 -16.28915
2453845.40362 -11.00155
2453846.40367 -10.37740
2453847.40371 -11.10236
2453848.40376 -8.99848
2453849.40381 -6.29584
2453850.40385 -4.11795
2453851.40390 -2.13111
2453852.40394 -0.79671
2453853.40399 0.40783
2453854.40403 1.21197
2453855.40408 1.67990
2453856.40413 1.04833
2453857.40417 0.57290
2453858.40422 -0.67802
2453859.40426 -2.13992
2453860.40431 -4.20716
2453861.40435 -5.81112
2453862.40440 -7.35803
2453863.40444 -9.25628
2453864.40449 -12.37484
2453865.40454 -13.04612
2453866.40458 -14.87344
2453867.40463 -16.66330
2453868.40467 -16.76297
2453869.40472 -14.33491
2453870.40476 -15.24537
2453871.40481 -14.22453
2453872.40486 -12.25081
2453873.40490 -10.59052
2453874.40495 -8.42435
2453875.40499 -6.53633
2453876.40504 -4.52973
2453877.40508 -2.19092
2453878.40513 -0.57244
2453879.40517 0.34395
2453880.40522 1.08490
2453881.40527 1.30710
2453882.40531 1.07736
2453883.40536 0.36794
2453884.40540 -0.76199
2453885.40545 -2.74706
2453886.40549 -4.82020
2453887.40554 -5.48769
2453888.40559 -8.75704
2453889.40563 -11.24245
2453890.40568 -11.69738
2453891.40572 -11.54079
2453892.40577 -13.57591
2453893.40581 -13.86111
2453894.40586 -14.51281
2453895.40590 -15.15040
2453896.40595 -14.43380
2453897.40600 -14.09231
2453898.40604 -12.44562
2453899.40609 -9.19995
2453900.40613 -9.21624
2453901.40618 -6.10208
2453902.40622 -4.01380
2453903.40627 -2.41216
2453904.40632 -0.76080
2453905.40636 0.46621
2453906.40641 1.25400
2453907.40645 1.36054
2453908.40650 0.87475
2453909.40654 0.18514
2453910.40659 -1.18363
2453911.40664 -2.46271
2453912.40668 -5.12393
2453913.40673 -6.76968
2453914.40677 -9.35754
2453915.40682 -10.29857
2453916.40686 -13.35096
2453917.40691 -13.95000
2453918.40695 -11.09871
2453919.40700 -17.44103
2453920.40705 -17.97828
2453921.40709 -14.17799
2453922.40714 -14.63724
2453923.40718 -14.10000
2453924.40723 -10.42549
2453925.40727 -11.03324
2453926.40732 -7.96896
2453927.40737 -6.28280
2453928.40741 -3.33259
2453929.40746 -2.13769
2453930.40750 -0.42870
2453931.40755 0.61067
2453932.40759 1.32380
2453933.40764 1.17894
2453934.40768 1.07271
2453935.40773 0.08269
2453936.40778 -1.35997
2453937.40782 -3.20660
2453938.40787 -5.96668
2453939.40791 -5.78499
2453940.40796 -8.36382
2453941.40800 -11.84560
2453942.40805 -12.02585
2453943.40810 -12.91917
2453944.40814 -14.26854
2453945.40819 -14.75774
2454131.41667 -8.72087
2454132.41672 -8.45874
2454133.41677 -5.89646
2454134.41681 -4.16735
2454135.41686 -2.49993
2454136.41690 -0.57786
2454137.41695 1.17304
2454138.41699 1.77089
2454139.41704 3.42039
2454140.41708 3.78842
2454141.41713 2.96393
2454142.41718 1.48370
2454143.41722 0.95309
2454144.41727 -0.63252
2454145.41731 -2.64581
2454146.41736 -5.52418
2454147.41740 -6.46803
2454148.41745 -7.18661
2454149.41750 -9.82688
2454150.41754 -10.91944
2454151.41759 -13.21047
2454152.41763 -11.67667
2454153.41768 -13.97692
2454154.41772 -12.90809
2454155.41777 -12.68228
2454156.41782 -10.71463
2454157.41786 -10.24478
2454158.41791 -8.04986
2454159.41795 -6.22939
2454160.41800 -3.81726
2454161.41804 -1.52844
2454162.41809 0.10388
2454163.41813 1.38714
2454164.41818 2.41553
2454165.41823 3.39547
2454166.41827 3.29248
2454167.41832 2.61917
2454168.41836 2.19090
2454169.41841 1.16528
2454170.41845 -0.46935
2454171.41850 -2.19365
2454172.41855 -3.98319
2454173.41859 -6.16219
2454174.41864 -8.29664
2454175.41868 -10.68005
2454176.41873 -12.14538
2454177.41877 -13.09689
2454178.41882 -13.87485
2454179.41886 -13.96655
2454180.41891 -11.17187
2454181.41896 -11.57977
2454182.41900 -10.18381
2454183.41905 -9.68244
2454184.41909 -8.07469
2454185.41914 -4.90039
2454186.41918 -3.13782
2454187.41923 -1.00147
2454188.41928 0.71531
2454189.41932 2.16829
2454190.41937 2.98630
2454191.41941 3.26240
2454192.41946 3.90615
2454193.41950 4.05086
2454194.41955 2.90562
2454195.41959 1.11373
2454196.41964 -0.17318
2454197.41969 -2.51653
2454198.41973 -3.90128
2454199.41978 -6.15796
2454200.41982 -8.49907
2454201.41987 -9.28536
2454202.41991 -11.49607
2454203.41996 -12.95058
2454204.42001 -11.59603
2454205.42005 -10.69063
2454206.42010 -12.17867
2454207.42014 -12.04908
2454208.42019 -8.41422
2454209.42023 -6.94829
2454210.42028 -6.00259
2454211.42032 -4.00997
2454212.42037 -2.69648
2454213.42042 -0.38159
2454214.42046 1.28296
2454215.42051 2.89532
2454216.42055 3.28332
2454217.42060 4.35643
2454218.42064 4.29219
2454219.42069 3.56811
2454220.42074 2.94313
2454221.42078 1.80729
2454222.42083 0.18019
2454223.42087 -1.63920
2454224.42092 -4.13629
2454225.42096 -5.23227
2454226.42101 -6.79689
2454227.42106 -8.62238
2454228.42110 -8.93769
2454229.42115 -9.99062
2454230.42119 -11.34394
2454231.42124 -11.77666
2454232.42128 -11.57662
2454233.42133 -11.52962
2454234.42137 -10.37538
2454235.42142 -7.47312
2454236.42147 -6.62330
2454237.42151 -3.83006
2454238.42156 -1.87488
2454239.42160 0.37310
2454240.42165 2.15193
2454241.42169 3.52740
2454242.42174 4.01497
2454243.42179 4.45643
2454244.42183 4.80826
2454245.42188 4.98797
2454246.42192 3.99615
2454247.42197 2.17652
2454248.42201 0.51561
2454249.42206 -1.42270
2454250.42210 -3.56829
2454251.42215 -6.30897
2454252.42220 -6.81421
2454253.42224 -9.14133
2454254.42229 -11.88960
2454255.42233 -11.01444
2454256.42238 -11.56832
2454257.42242 -12.74469
2454258.42247 -13.76242
2454259.42252 -9.76359
2454260.42256 -8.98193
2454261.42261 -7.76356
2454262.42265 -5.14454
2454263.42270 -2.57053
2454264.42274 -0.69130
2454265.42279 1.00041
2454266.42283 3.11997
2454267.42288 4.18136
2454268.42293 5.00325
2454269.42297 6.25712
2454270.42302 5.03039
2454271.42306 4.76599
2454272.42311 3.91320
2454273.42315 2.74562
2454274.42320 0.84241
2454275.42325 -1.02962
2454276.42329 -3.59141
2454277.42334 -5.34751
2454278.42338 -8.48039
2454279.42343 -8.59775
2454280.42347 -10.90825
2454281.42352 -10.90559
2454282.42356 -11.33204
2454283.42361 -8.56801
2454284.42366 -8.83252
2454285.42370 -8.29546
2454286.42375 -8.77186
2454287.42379 -5.61076
2454288.42384 -4.54231
2454289.42388 -2.35067
2454290.42393 -0.03272
2454291.42398 2.16963
2454292.42402 3.84836
2454293.42407 4.41783
2454294.42411 5.67783
2454295.42416 6.59298
2454296.42420 6.43939
2454297.42425 6.36027
2454298.42429 5.10413
2454299.42434 3.07843
2454300.42439 1.24820
2454301.42443 -0.63561
2454302.42448 -2.62908
2454303.42452 -4.07651
2454304.42457 -6.75147
2454305.42461 -8.05771
2454306.42466 -9.65617
2454307.42471 -10.45436
2454308.42475 -12.26583
2454309.42480 -8.98582
2454310.42484 -10.72677
2454497.43338 4.63499
2454498.43342 6.79375
2454499.43347 8.55338
2454500.43351 9.13257
2454501.43356 12.18828
2454502.43360 8.81244
2454503.43365 10.23195
2454504.43370 9.24756
2454505.43374 7.22053
2454506.43379 7.41254
2454507.43383 5.97119
2454508.43388 4.78286
2454509.43392 2.85334
2454510.43397 0.35715
2454511.43401 -1.53248
2454512.43406 -3.69719
2454513.43411 -4.16786
2454514.43415 -5.94936
2454515.43420 -5.40076
2454516.43424 -5.50046
2454517.43429 -5.04811
2454518.43433 -3.84881
2454519.43438 -2.86804
2454520.43443 -0.95516
2454521.43447 0.99053
2454522.43452 3.91419
2454523.43456 5.11898
2454524.43461 6.91214
2454525.43465 8.52081
2454526.43470 9.68537
2454527.43474 9.87596
2454528.43479 12.93256
2454529.43484 11.69417
2454530.43488 8.39224
2454531.43493 10.87887
2454532.43497 7.78026
2454533.43502 7.71572
2454534.43506 4.01442
2454535.43511 2.53236
2454536.43516 0.66791
2454537.43520 -0.98088
2454538.43525 -2.00971
2454539.43529 -3.45638
2454540.43534 -5.50423
2454541.43538 -4.90509
2454542.43543 -5.18706
2454543.43548 -4.78890
2454544.43552 -3.01815
2454545.43557 -1.76542
2454546.43561 -0.06058
2454547.43566 1.97402
2454548.43570 3.93603
2454549.43575 5.88080
2454550.43579 7.45850
2454551.43584 9.30296
2454552.43589 9.70939
2454553.43593 12.66678
2454554.43598 11.52476
2454555.43602 11.68619
2454556.43607 9.83333
2454557.43611 9.97816
2454558.43616 7.57977
2454559.43621 7.53922
2454560.43625 5.89770
2454561.43630 3.64752
2454562.43634 1.30548
2454563.43639 -0.73101
2454564.43643 -2.56884
2454565.43648 -3.28315
2454566.43652 -4.14505
2454567.43657 -4.28035
2454568.43662 -4.90455
2454569.43666 -3.56914
2454570.43671 -2.46624
2454571.43675 -1.09607
2454572.43680 0.62633
2454573.43684 2.48553
2454574.43689 4.44919
2454575.43694 6.75138
2454576.43698 9.08326
2454577.43703 11.08217
2454578.43707 10.76304
2454579.43712 13.73732
2454580.43716 11.45234
2454581.43721 12.74450
2454582.43725 12.02397
2454583.43730 9.09692
2454584.43735 10.21368
2454585.43739 7.30293
2454586.43744 5.84489
2454587.43748 3.39951
2454588.43753 1.60074
2454589.43757 -0.39184
2454590.43762 -1.75137
2454591.43767 -2.93277
2454592.43771 -3.83631
2454593.43776 -4.43058
2454594.43780 -4.31147
2454595.43785 -3.46179
2454596.43789 -1.94311
2454597.43794 -0.35480
2454598.43798 1.41104
2454599.43803 3.51910
2454600.43808 5.08702
2454601.43812 6.38522
2454602.43817 9.47079
2454603.43821 10.50750
2454604.43826 12.10036
2454605.43830 11.06615
2454606.43835 13.84052
2454607.43840 13.75629
2454608.43844 12.10413
2454609.43849 10.29451
2454610.43853 11.97434
2454611.43858 8.91294
2454612.43862 4.78782
2454613.43867 4.02996
2454614.43871 1.98241
2454615.43876 -0.12153
2454616.43881 -1.73311
2454617.43885 -2.75481
2454618.43890 -3.06015
2454619.43894 -3.85146
2454620.43899 -3.06552
2454621.43903 -2.38836
2454622.43908 -1.45560
2454623.43913 0.18052
2454624.43917 2.13813
2454625.43922 4.40418
2454626.43926 6.48714
2454627.43931 8.23652
2454628.43935 9.93415
2454629.43940 12.50095
2454630.43945 14.06088
2454631.43949 11.95983
2454632.43954 14.38207
2454633.43958 12.34548
2454634.43963 12.62050
2454635.43967 11.29611
2454636.43972 9.73836
2454637.43976 7.62813
2454638.43981 5.91084
2454639.43986 4.00597
2454640.43990 1.73417
2454641.43995 0.16247
2454642.43999 -1.51646
2454643.44004 -2.49384
2454644.44008 -2.94555
2454645.44013 -3.60128
2454646.44018 -3.06403
2454647.44022 -2.09087
2454648.44027 -0.76059
2454649.44031 0.80416
2454650.44036 2.53677
2454651.44040 5.20318
2454652.44045 8.40638
2454653.44049 8.71624
2454654.44054 13.11554
2454655.44059 13.52848
2454656.44063 13.36530
2454657.44068 14.25557
2454658.44072 12.59635
2454659.44077 12.39320
2454660.44081 12.74016
2454661.44086 12.36263
2454662.44091 9.58976
2454663.44095 8.17515
2454664.44100 6.14380
2454665.44104 4.11841
2454666.44109 2.10315
2454667.44113 0.37766
2454668.44118 -1.05274
2454669.44122 -1.84419
2454670.44127 -2.78687
2454671.44132 -2.43861
2454672.44136 -2.58657
2454673.44141 -1.39108
2454674.44145 -0.25915
2454675.44150 1.20566
2454676.44154 3.48043
2454862.45003 10.89835
2454863.45008 10.73670
2454864.45012 14.48212
2454865.45017 16.92589
2454866.45021 14.85852
2454867.45026 12.26328
2454868.45031 13.21829
2454869.45035 11.77007
2454870.45040 7.99968
2454871.45044 8.86344
2454872.45049 5.24475
2454873.45053 3.88960
2454874.45058 2.05620
2454875.45063 0.70332
2454876.45067 -0.46415
2454877.45072 -1.24532
2454878.45076 -1.22811
2454879.45081 -1.20269
2454880.45085 -0.26257
2454881.45090 0.88247
2454882.45094 2.65117
2454883.45099 5.13056
2454884.45104 5.48270
2454885.45108 8.93189
2454886.45113 9.67361
2454887.45117 11.41877
2454888.45122 14.62566
2454889.45126 16.50360
2454890.45131 13.95867
2454891.45136 14.69948
2454892.45140 14.67501
2454893.45145 11.27741
2454894.45149 14.23536
2454895.45154 11.62592
2454896.45158 9.62836
2454897.45163 8.31061
2454898.45167 5.90581
2454899.45172 3.60502
2454900.45177 1.93150
2454901.45181 0.52690
2454902.45186 -0.48740
2454903.45190 -1.28562
2454904.45195 -1.46160
2454905.45199 -0.92177
2454906.45204 -0.14536
2454907.45209 1.12816
2454908.45213 2.59093
2454909.45218 3.71136
2454910.45222 5.86251
2454911.45227 8.75140
2454912.45231 12.46081
2454913.45236 12.18110
2454914.45240 13.30136
2454915.45245 15.28360
2454916.45250 14.65012
2454917.45254 19.19411
2454918.45259 15.04984
2454919.45263 12.07837
2454920.45268 12.47521
2454921.45272 10.71867
2454922.45277 6.85159
2454923.45282 6.94987
2454924.45286 4.50875
2454925.45291 4.01531
2454926.45295 1.83067
2454927.45300 0.25584
2454928.45304 -0.65079
2454929.45309 -1.25051
2454930.45313 -1.47921
2454931.45318 -1.12078
2454932.45323 -0.13855
2454933.45327 1.23405
2454934.45332 2.45468
2454935.45336 4.02078
2454936.45341 6.58490
2454937.45345 8.25756
2454938.45350 9.37456
2454939.45355 11.50411
2454940.45359 15.42480
2454941.45364 13.12334
2454942.45368 14.62284
2454943.45373 15.83225
2454944.45377 15.18333
2454945.45382 13.59614
2454946.45387 12.78921
2454947.45391 11.14929
2454948.45396 7.55006
2454949.45400 7.28736
2454950.45405 4.93357
2454951.45409 2.88753
2454952.45414 1.25093
2454953.45418 0.02713
2454954.45423 -1.01574
2454955.45428 -1.29822
2454956.45432 -1.45559
2454957.45437 -0.95633
2454958.45441 -0.19578
2454959.45446 1.09043
2454960.45450 2.31477
2454961.45455 4.50188
2454962.45460 6.99552
2454963.45464 9.28487
2454964.45469 9.29385
2454965.45473 13.25440
2454966.45478 14.36992
2454967.45482 14.99898
2454968.45487 14.31902
2454969.45491 16.15860
2454970.45496 14.45212
2454971.45501 13.48387
2454972.45505 10.63125
2454973.45510 7.93623
2454974.45514 8.09230
2454975.45519 6.93074
2454976.45523 4.68572
2454977.45528 2.37568
2454978.45533 1.03174
2454979.45537 -0.26260
2454980.45542 -1.23978
2454981.45546 -1.68615
2454982.45551 -1.77878
2454983.45555 -1.16451
2454984.45560 -0.23674
2454985.45564 1.09660
2454986.45569 2.42914
2454987.45574 4.75102
2454988.45578 6.98953
2454989.45583 8.12087
2454990.45587 9.87389
2454991.45592 10.52902
2454992.45596 13.59770
2454993.45601 15.70376
2454994.45606 12.69860
2454995.45610 12.58242
2454996.45615 14.51763
2454997.45619 13.69017
2454998.45624 14.91306
2454999.45628 9.74721
2455000.45633 9.17586
2455001.45637 6.75171
2455002.45642 4.50590
2455003.45647 2.19851
2455004.45651 0.74942
2455005.45656 -0.74157
2455006.45660 -1.43369
2455007.45665 -1.84062
2455008.45669 -1.95600
2455009.45674 -1.27743
2455010.45679 -0.34959
2455011.45683 0.83337
2455012.45688 2.69719
2455013.45692 5.07434
2455014.45697 6.10813
2455015.45701 8.21963
2455016.45706 10.51687
2455017.45711 10.82602
2455018.45715 12.56987
2455019.45720 15.79105
2455020.45724 15.53333
2455021.45729 13.33991
2455022.45733 15.63641
2455023.45738 13.55697
2455024.45742 10.01897
2455025.45747 10.50050
2455026.45752 6.73366
2455027.45756 6.14313
2455028.45761 3.13806
2455029.45765 1.81418
2455030.45770 0.25984
2455031.45774 -1.16526
2455032.45779 -2.25116
2455033.45784 -2.56068
2455034.45788 -2.29911
2455035.45793 -1.57109
2455036.45797 -0.49006
2455037.45802 0.84641
2455038.45806 2.98199
2455039.45811 4.47138
2455040.45815 6.30068
2455041.45820 9.05326
2455227.46669 11.40732
2455228.46673 9.13683
2455229.46678 8.58636
2455230.46682 10.82550
2455231.46687 8.53560
2455232.46692 7.04045
2455233.46696 4.25728
2455234.46701 2.16327
2455235.46705 0.45789
2455236.46710 -1.40089
2455237.46714 -3.44923
2455238.46719 -4.71296
2455239.46724 -5.98437
2455240.46728 -6.55216
2455241.46733 -5.69789
2455242.46737 -4.81984
2455243.46742 -4.59824
2455244.46746 -3.35837
2455245.46751 -1.26596
2455246.46755 0.50406
2455247.46760 2.27961
2455248.46765 5.10741
2455249.46769 6.23352
2455250.46774 7.01639
2455251.46778 7.92272
2455252.46783 11.10178
2455253.46787 12.02487
2455254.46792 10.21225
2455255.46797 11.88613
2455256.46801 7.74271
2455257.46806 6.71810
2455258.46810 5.67136
2455259.46815 3.78543
2455260.46819 1.33429
2455261.46824 -0.40314
2455262.46829 -1.77236
2455263.46833 -3.84106
2455264.46838 -5.40700
2455265.46842 -5.27607
2455266.46847 -6.78666
2455267.46851 -6.03742
2455268.46856 -5.03701
2455269.46860 -4.93084
2455270.46865 -2.50329
2455271.46870 -1.54584
2455272.46874 0.10094
2455273.46879 2.02329
2455274.46883 3.90617
2455275.46888 5.28826
2455276.46892 6.52146
2455277.46897 6.99618
2455278.46902 8.98891
2455279.46906 7.80223
2455280.46911 8.09074
2455281.46915 9.63077
2455282.46920 7.90266
2455283.46924 7.48762
2455284.46929 4.83988
2455285.46933 2.63244
2455286.46938 0.73780
2455287.46943 -1.18646
2455288.46947 -2.71082
2455289.46952 -4.43907
2455290.46956 -5.69706
2455291.46961 -5.88344
2455292.46965 -6.80428
2455293.46970 -6.59059
2455294.46975 -6.62230
2455295.46979 -5.72290
2455296.46984 -3.69751
2455297.46988 -2.04914
2455298.46993 -0.28578
2455299.46997 1.91393
2455300.47002 3.17116
2455301.47006 5.21183
2455302.47011 7.63389
2455303.47016 8.53427
2455304.47020 10.18017
2455305.47025 7.56868
2455306.47029 10.34109
2455307.47034 7.68385
2455308.47038 8.23306
2455309.47043 5.74012
2455310.47048 3.42464
2455311.47052 2.30730
2455312.47057 0.00650
2455313.47061 -1.79982
2455314.47066 -4.47267
2455315.47070 -5.27658
2455316.47075 -6.14734
2455317.47079 -7.28996
2455318.47084 -7.85624
2455319.47089 -8.47614
2455320.47093 -7.45899
2455321.47098 -5.76005
2455322.47102 -4.31172
2455323.47107 -3.03323
2455324.47111 -0.59247
2455325.47116 1.12385
2455326.47121 2.62464
2455327.47125 3.94342
2455328.47130 6.96431
2455329.47134 7.03377
2455330.47139 7.57216
2455331.47143 8.00071
2455332.47148 8.42010
2455333.47153 7.48823
2455334.47157 6.22210
2455335.47162 4.64056
2455336.47166 3.72421
2455337.47171 1.15941
2455338.47175 -0.81038
2455339.47180 -3.16894
2455340.47184 -5.40766
2455341.47189 -5.73500
2455342.47194 -8.62902
2455343.47198 -7.55982
2455344.47203 -9.46674
2455345.47207 -7.61407
2455346.47212 -7.39525
2455347.47216 -7.47337
2455348.47221 -3.85004
2455349.47226 -3.25451
2455350.47230 -1.12641
2455351.47235 0.91441
2455352.47239 2.58584
2455353.47244 4.73155
2455354.47248 5.87112
2455355.47253 8.15956
2455356.47257 6.30211
2455357.47262 8.00996
2455358.47267 7.52317
2455359.47271 8.11947
2455360.47276 5.39910
2455361.47280 4.30497
2455362.47285 2.54863
2455363.47289 0.37629
2455364.47294 -1.59045
2455365.47299 -3.20272
2455366.47303 -4.63090
2455367.47308 -7.12547
2455368.47312 -8.14174
2455369.47317 -8.15530
2455370.47321 -9.78027
2455371.47326 -8.03062
2455372.47330 -8.69587
2455373.47335 -5.85396
2455374.47340 -4.73840
2455375.47344 -3.16317
2455376.47349 -1.26001
2455377.47353 0.42284
2455378.47358 2.50047
2455379.47362 4.33406
2455380.47367 4.81070
2455381.47372 6.71394
2455382.47376 7.18246
2455383.47381 8.59744
2455384.47385 6.14964
2455385.47390 5.21362
2455386.47394 4.70404
2455387.47399 3.00107
2455388.47403 1.40334
2455389.47408 -0.41704
2455390.47413 -2.61649
2455391.47417 -4.86504
2455392.47422 -5.32005
2455393.47426 -6.28002
2455394.47431 -6.08673
2455395.47435 -8.91492
2455396.47440 -8.76930
2455397.47445 -10.66186
2455398.47449 -9.59069
2455399.47454 -6.15413
2455400.47458 -5.51094
2455401.47463 -3.57477
2455402.47467 -1.51634
2455403.47472 0.11926
2455404.47476 2.10744
2455405.47481 3.92842
2455406.47486 5.28029
2455592.48334 1.84869
2455593.48339 0.91541
2455594.48344 -0.51231
2455595.48348 -2.41536
2455596.48353 -3.97748
2455597.48357 -7.07205
2455598.48362 -8.59661
2455599.48366 -10.22126
2455600.48371 -12.43189
2455601.48375 -11.62064
2455602.48380 -13.45649
2455603.48385 -14.26782
2455604.48389 -13.11985
2455605.48394 -11.21918
2455606.48398 -10.70082
2455607.48403 -8.86195
2455608.48407 -7.17989
2455609.48412 -5.89929
2455610.48417 -3.50582
2455611.48421 -2.42290
2455612.48426 -0.52084
2455613.48430 0.71316
2455614.48435 2.08420
2455615.48439 2.86458
2455616.48444 2.38997
2455617.48448 2.86989
2455618.48453 1.66105
2455619.48458 0.48555
2455620.48462 -1.06152
2455621.48467 -2.88746
2455622.48471 -4.60970
2455623.48476 -6.31261
2455624.48480 -8.12754
2455625.48485 -10.85859
2455626.48490 -8.86397
2455627.48494 -12.49315
2455628.48499 -13.83751
2455629.48503 -12.11532
2455630.48508 -11.46995
2455631.48512 -11.58573
2455632.48517 -10.41418
2455633.48521 -10.91506
2455634.48526 -7.58781
2455635.48531 -6.25729
2455636.48535 -3.93854
2455637.48540 -2.19536
2455638.48544 -0.71858
2455639.48549 0.68387
2455640.48553 1.62394
2455641.48558 2.62326
2455642.48563 2.15258
2455643.48567 1.80076
2455644.48572 1.10324
2455645.48576 0.00283
2455646.48581 -1.62489
2455647.48585 -3.58702
2455648.48590 -4.78613
2455649.48595 -6.94758
2455650.48599 -9.61335
2455651.48604 -11.67194
2455652.48608 -12.52475
2455653.48613 -13.65183
2455654.48617 -16.15203
2455655.48622 -12.89554
2455656.48626 -11.91381
2455657.48631 -14.96348
2455658.48636 -11.26871
2455659.48640 -10.10446
2455660.48645 -8.79456
2455661.48649 -4.01358
2455662.48654 -4.15016
2455663.48658 -2.59870
2455664.48663 -1.01127
2455665.48668 0.42480
2455666.48672 1.33730
2455667.48677 1.93293
2455668.48681 2.40297
2455669.48686 1.59945
2455670.48690 0.81690
2455671.48695 -0.43925
2455672.48699 -1.88029
2455673.48704 -3.76703
2455674.48709 -5.41222
2455675.48713 -8.73650
2455676.48718 -11.46180
2455677.48722 -11.48242
2455678.48727 -12.22035
2455679.48731 -12.65086
2455680.48736 -14.05452
2455681.48741 -16.57562
2455682.48745 -14.37985
2455683.48750 -14.56669
2455684.48754 -11.15413
2455685.48759 -10.27445
2455686.48763 -8.62553
2455687.48768 -6.97389
2455688.48772 -4.43921
2455689.48777 -2.37475
2455690.48782 -0.97503
2455691.48786 0.29726
2455692.48791 1.19841
2455693.48795 1.85318
2455694.48800 1.81965
2455695.48804 1.21720
2455696.48809 0.39246
2455697.48814 -0.92749
2455698.48818 -2.52530
2455699.48823 -4.82090
2455700.48827 -6.13454
2455701.48832 -9.70768
2455702.48836 -10.12928
2455703.48841 -12.95479
2455704.48845 -14.64473
2455705.48850 -14.25782
2455706.48855 -16.19044
2455707.48859 -17.03525
2455708.48864 -16.64512
2455709.48868 -14.30956
2455710.48873 -11.26024
2455711.48877 -10.91240
2455712.48882 -8.37529
2455713.48887 -7.63761
2455714.48891 -4.11414
2455715.48896 -2.20259
2455716.48900 -1.24592
2455717.48905 0.23214
2455718.48909 1.14791
2455719.48914 1.77155
2455720.48918 1.55017
2455721.48923 0.82107
2455722.48928 0.11474
2455723.48932 -1.12701
2455724.48937 -2.81164
2455725.48941 -4.45891
2455726.48946 -7.33927
2455727.48950 -7.88374
2455728.48955 -9.72393
2455729.48960 -10.81533
2455730.48964 -10.81348
2455731.48969 -14.41338
2455732.48973 -13.66936
2455733.48978 -14.12225
2455734.48982 -12.03766
2455735.48987 -14.57182
2455736.48992 -10.72837
2455737.48996 -10.12676
2455738.49001 -9.60794
2455739.49005 -7.49535
2455740.49010 -4.68784
2455741.49014 -3.12107
2455742.49019 -0.94514
2455743.49023 0.16254
2455744.49028 0.94070
2455745.49033 1.39823
2455746.49037 1.15519
2455747.49042 0.83641
2455748.49046 -0.17919
2455749.49051 -1.49599
2455750.49055 -3.42018
2455751.49060 -4.68883
2455752.49065 -7.35097
2455753.49069 -11.00885
2455754.49074 -10.09081
2455755.49078 -11.86746
2455756.49083 -13.64690
2455757.49087 -15.85140
2455758.49092 -14.01028
2455759.49096 -12.07783
2455760.49101 -15.90192
2455761.49106 -13.89651
2455762.49110 -11.94320
2455763.49115 -11.14253
2455764.49119 -10.19146
2455765.49124 -6.91891
2455766.49128 -5.44597
2455767.49133 -2.48669
2455768.49138 -0.92114
2455769.49142 0.14895
2455770.49147 0.85289
2455771.49151 1.40777
2455957.50000 -2.42179
