2445000.00000 36.10485
2445001.00005 37.11541
2445002.00009 33.96062
2445003.00014 31.00286
2445004.00018 35.50511
2445005.00023 39.00780
2445006.00027 46.40661
2445007.00032 40.36600
2445008.00037 39.55311
2445009.00041 37.19933
2445010.00046 36.89993
2445011.00050 45.24678
2445012.00055 40.79032
2445013.00059 32.56079
2445014.00064 36.33950
2445015.00068 31.17266
2445016.00073 36.20148
2445017.00078 31.52267
2445018.00082 26.24646
2445019.00087 28.97525
2445020.00091 25.82312
2445021.00096 25.57110
2445022.00100 28.08218
2445023.00105 32.87823
2445024.00110 28.87222
2445025.00114 28.44003
2445026.00119 31.46775
2445027.00123 33.51722
2445028.00128 41.19419
2445029.00132 38.28766
2445030.00137 35.55783
2445031.00141 38.68581
2445032.00146 42.30522
2445033.00151 36.96139
2445034.00155 36.50935
2445035.00160 37.48569
2445036.00164 38.91987
2445037.00169 42.24507
2445038.00173 35.86901
2445039.00178 37.84929
2445040.00183 34.32560
2445041.00187 26.58371
2445042.00192 30.60148
2445043.00196 29.71445
2445044.00201 27.98083
2445045.00205 17.55127
2445046.00210 24.79660
2445047.00214 26.39926
2445048.00219 26.46775
2445049.00224 28.64851
2445050.00228 28.77676
2445051.00233 24.70615
2445052.00237 30.08627
2445053.00242 28.56855
2445054.00246 32.70577
2445055.00251 33.94092
2445056.00256 36.52298
2445057.00260 33.34413
2445058.00265 30.44533
2445059.00269 36.74638
2445060.00274 39.91725
2445061.00278 42.26107
2445062.00283 42.21767
2445063.00287 36.90320
2445064.00292 37.86313
2445065.00297 33.58211
2445066.00301 33.34670
2445067.00306 26.98722
2445068.00310 22.65755
2445069.00315 27.78784
2445070.00319 28.95501
2445071.00324 28.51989
2445072.00329 20.41979
2445073.00333 25.43991
2445074.00338 27.95123
2445075.00342 27.43825
2445076.00347 28.76371
2445077.00351 34.37708
2445078.00356 26.34863
2445079.00361 31.61818
2445080.00365 36.61172
2445081.00370 38.83674
2445082.00374 33.22373
2445083.00379 40.08957
2445084.00383 38.76290
2445085.00388 44.32626
2445086.00392 43.28599
2445087.00397 38.93308
2445088.00402 41.13934
2445089.00406 40.61721
2445090.00411 39.10943
2445091.00415 34.36261
2445092.00420 33.28179
2445093.00424 31.80997
2445094.00429 30.40830
2445095.00434 26.75285
2445096.00438 25.22741
2445097.00443 28.63124
2445098.00447 24.10636
2445099.00452 30.83868
2445100.00456 27.73124
2445101.00461 23.25989
2445102.00465 28.03362
2445103.00470 31.59324
2445104.00475 30.86656
2445105.00479 27.21449
2445106.00484 25.90290
2445107.00488 39.01736
2445108.00493 26.78044
2445109.00497 44.74882
2445110.00502 36.12547
2445111.00507 29.44520
2445112.00511 40.87529
2445113.00516 35.61852
2445114.00520 37.51903
2445115.00525 34.69778
2445116.00529 36.78605
2445117.00534 36.34674
2445118.00538 27.21803
2445119.00543 31.42128
2445120.00548 25.51539
2445121.00552 24.32309
2445122.00557 23.79606
2445123.00561 23.52846
2445124.00566 26.28634
2445125.00570 20.48152
2445126.00575 24.48108
2445127.00580 23.00859
2445128.00584 32.59558
2445129.00589 22.24532
2445130.00593 34.12740
2445131.00598 29.84656
2445132.00602 31.31508
2445133.00607 36.27868
2445134.00611 30.40405
2445135.00616 39.55211
2445136.00621 34.80740
2445137.00625 37.12795
2445138.00630 34.95369
2445139.00634 35.92878
2445140.00639 39.53570
2445141.00643 35.32930
2445142.00648 40.16775
2445143.00653 33.79309
2445144.00657 34.34535
2445145.00662 31.64224
2445146.00666 28.55478
2445147.00671 30.19053
2445148.00675 25.87138
2445149.00680 28.22936
2445150.00684 24.62916
2445151.00689 21.71562
2445152.00694 23.71008
2445153.00698 21.78567
2445154.00703 28.78467
2445155.00707 25.53027
2445156.00712 28.73310
2445157.00716 31.00119
2445158.00721 28.65603
2445159.00726 30.21404
2445160.00730 33.36516
2445161.00735 35.21602
2445162.00739 41.61648
2445163.00744 40.59721
2445164.00748 31.98333
2445165.00753 42.38995
2445166.00758 36.96692
2445167.00762 42.40900
2445168.00767 35.27691
2445169.00771 37.76730
2445170.00776 35.71671
2445171.00780 28.92606
2445172.00785 34.11940
2445173.00789 28.33228
2445174.00794 28.01430
2445175.00799 23.86948
2445176.00803 27.33024
2445177.00808 18.76671
2445178.00812 23.78686
2445179.00817 25.85328
2445366.01670 23.65505
2445367.01675 27.62878
2445368.01679 25.60540
2445369.01684 31.37624
2445370.01688 27.11891
2445371.01693 30.05392
2445372.01698 30.23538
2445373.01702 31.29527
2445374.01707 29.81210
2445375.01711 36.99528
2445376.01716 32.49198
2445377.01720 29.36099
2445378.01725 31.54428
2445379.01729 27.93234
2445380.01734 31.62502
2445381.01739 23.88256
2445382.01743 18.82911
2445383.01748 23.69370
2445384.01752 20.28066
2445385.01757 15.85813
2445386.01761 21.10429
2445387.01766 14.83188
2445388.01771 17.41532
2445389.01775 16.78903
2445390.01780 19.59850
2445391.01784 26.53081
2445392.01789 26.52248
2445393.01793 26.41593
2445394.01798 21.27393
2445395.01803 28.76202
2445396.01807 24.73522
2445397.01812 27.96283
2445398.01816 32.23573
2445399.01821 32.76805
2445400.01825 33.00146
2445401.01830 35.69372
2445402.01834 32.52527
2445403.01839 31.14603
2445404.01844 31.23925
2445405.01848 25.56258
2445406.01853 26.47723
2445407.01857 26.88094
2445408.01862 22.39097
2445409.01866 20.85404
2445410.01871 21.16813
2445411.01876 17.44014
2445412.01880 18.51177
2445413.01885 20.44915
2445414.01889 17.86043
2445415.01894 19.64155
2445416.01898 23.25833
2445417.01903 24.08384
2445418.01907 18.44382
2445419.01912 21.78148
2445420.01917 21.02706
2445421.01921 27.39397
2445422.01926 34.31067
2445423.01930 34.17806
2445424.01935 34.38769
2445425.01939 34.25031
2445426.01944 30.45047
2445427.01949 32.82204
2445428.01953 27.11914
2445429.01958 30.46389
2445430.01962 24.56530
2445431.01967 27.88659
2445432.01971 25.33925
2445433.01976 24.08632
2445434.01980 19.90230
2445435.01985 16.89912
2445436.01990 17.61107
2445437.01994 18.58985
2445438.01999 18.03663
2445439.02003 21.77564
2445440.02008 16.91298
2445441.02012 21.43807
2445442.02017 18.34574
2445443.02022 20.42532
2445444.02026 21.90689
2445445.02031 23.00951
2445446.02035 26.18364
2445447.02040 27.86620
2445448.02044 26.90381
2445449.02049 28.75705
2445450.02053 30.76810
2445451.02058 28.99014
2445452.02063 29.47482
2445453.02067 29.81841
2445454.02072 26.41161
2445455.02076 27.86910
2445456.02081 32.43806
2445457.02085 29.44930
2445458.02090 26.11938
2445459.02095 23.43861
2445460.02099 21.94461
2445461.02104 19.03734
2445462.02108 19.12383
2445463.02113 19.86227
2445464.02117 17.82907
2445465.02122 14.84100
2445466.02126 16.67687
2445467.02131 17.15844
2445468.02136 20.51362
2445469.02140 21.71614
2445470.02145 22.42304
2445471.02149 21.05380
2445472.02154 27.69042
2445473.02158 25.26946
2445474.02163 29.83309
2445475.02168 25.83858
2445476.02172 32.46868
2445477.02177 33.86070
2445478.02181 26.56224
2445479.02186 34.32515
2445480.02190 34.11391
2445481.02195 30.01295
2445482.02200 25.90437
2445483.02204 27.38934
2445484.02209 24.49440
2445485.02213 20.91407
2445486.02218 19.34409
2445487.02222 17.29932
2445488.02227 16.84686
2445489.02231 15.70959
2445490.02236 16.62006
2445491.02241 11.70767
2445492.02245 13.42664
2445493.02250 15.95763
2445494.02254 14.85598
2445495.02259 17.94910
2445496.02263 16.79666
2445497.02268 22.16728
2445498.02273 24.87372
2445499.02277 28.13459
2445500.02282 26.29013
2445501.02286 27.97666
2445502.02291 34.34634
2445503.02295 27.09208
2445504.02300 31.71582
2445505.02304 29.08251
2445506.02309 27.39515
2445507.02314 24.53554
2445508.02318 26.35978
2445509.02323 26.78910
2445510.02327 24.03863
2445511.02332 19.02875
2445512.02336 19.21067
2445513.02341 20.13487
2445514.02346 16.69882
2445515.02350 14.28547
2445516.02355 12.61145
2445517.02359 14.98373
2445518.02364 15.12298
2445519.02368 16.29293
2445520.02373 16.26216
2445521.02377 15.99958
2445522.02382 18.79387
2445523.02387 23.30313
2445524.02391 21.17121
2445525.02396 25.38266
2445526.02400 28.14071
2445527.02405 23.91676
2445528.02409 29.66080
2445529.02414 25.52281
2445530.02419 25.76046
2445531.02423 26.67259
2445532.02428 32.41653
2445533.02432 27.58556
2445534.02437 24.86794
2445535.02441 26.68685
2445536.02446 27.29078
2445537.02450 17.65633
2445538.02455 21.49298
2445539.02460 21.71602
2445540.02464 14.44783
2445541.02469 13.62085
2445542.02473 14.61708
2445543.02478 12.93018
2445544.02482 16.38129
2445545.02487 17.40216
2445731.03336 13.02002
2445732.03340 16.79201
2445733.03345 15.54663
2445734.03349 20.89070
2445735.03354 18.02895
2445736.03359 21.50900
2445737.03363 17.89558
2445738.03368 23.89979
2445739.03372 25.25881
2445740.03377 23.03888
2445741.03381 21.60742
2445742.03386 20.28468
2445743.03391 22.58633
2445744.03395 20.68072
2445745.03400 16.30036
2445746.03404 17.53679
2445747.03409 9.91146
2445748.03413 11.37549
2445749.03418 11.06923
2445750.03422 8.17489
2445751.03427 8.56179
2445752.03432 6.61120
2445753.03436 7.35241
2445754.03441 7.55489
2445755.03445 9.41031
2445756.03450 9.96900
2445757.03454 13.58562
2445758.03459 13.48450
2445759.03464 16.17300
2445760.03468 16.50196
2445761.03473 18.36884
2445762.03477 19.09723
2445763.03482 22.33176
2445764.03486 16.88715
2445765.03491 22.86255
2445766.03495 20.37421
2445767.03500 21.40572
2445768.03505 21.85413
2445769.03509 19.55419
2445770.03514 20.26750
2445771.03518 19.02129
2445772.03523 16.40166
2445773.03527 13.21178
2445774.03532 11.85248
2445775.03537 9.40633
2445776.03541 9.54812
2445777.03546 7.95928
2445778.03550 8.07697
2445779.03555 6.79001
2445780.03559 8.36590
2445781.03564 8.78798
2445782.03568 10.45069
2445783.03573 10.97512
2445784.03578 12.92949
2445785.03582 11.26715
2445786.03587 16.53862
2445787.03591 16.86248
2445788.03596 14.52699
2445789.03600 21.38517
2445790.03605 21.02666
2445791.03610 18.87218
2445792.03614 18.75190
2445793.03619 19.26644
2445794.03623 20.17513
2445795.03628 20.87009
2445796.03632 15.81343
2445797.03637 15.00080
2445798.03642 14.66015
2445799.03646 14.01074
2445800.03651 12.93967
2445801.03655 11.57191
2445802.03660 10.10290
2445803.03664 8.35176
2445804.03669 7.31075
2445805.03673 6.59051
2445806.03678 6.98187
2445807.03683 7.89603
2445808.03687 9.61008
2445809.03692 10.19216
2445810.03696 12.02919
2445811.03701 14.19629
2445812.03705 14.47237
2445813.03710 14.84384
2445814.03715 19.16793
2445815.03719 19.45165
2445816.03724 20.38278
2445817.03728 19.30521
2445818.03733 20.14307
2445819.03737 21.79001
2445820.03742 19.86267
2445821.03746 17.62540
2445822.03751 17.62403
2445823.03756 12.77991
2445824.03760 17.17735
2445825.03765 12.30804
2445826.03769 8.96505
2445827.03774 9.79494
2445828.03778 8.95783
2445829.03783 6.96559
2445830.03788 6.81821
2445831.03792 6.40664
2445832.03797 5.40061
2445833.03801 6.45251
2445834.03806 8.42172
2445835.03810 8.10271
2445836.03815 10.07248
2445837.03819 13.85653
2445838.03824 14.96766
2445839.03829 12.96619
2445840.03833 16.32865
2445841.03838 17.14762
2445842.03842 20.20954
2445843.03847 19.03690
2445844.03851 19.67395
2445845.03856 18.22867
2445846.03861 19.08587
2445847.03865 17.50892
2445848.03870 13.41343
2445849.03874 13.30954
2445850.03879 12.53612
2445851.03883 13.41428
2445852.03888 8.71505
2445853.03892 8.00732
2445854.03897 8.92222
2445855.03902 6.76390
2445856.03906 5.64675
2445857.03911 5.07682
2445858.03915 6.37290
2445859.03920 5.79075
2445860.03924 7.56753
2445861.03929 8.86825
2445862.03934 8.68001
2445863.03938 12.96779
2445864.03943 12.71982
2445865.03947 14.89435
2445866.03952 12.23605
2445867.03956 16.38079
2445868.03961 17.98381
2445869.03966 20.16482
2445870.03970 19.24183
2445871.03975 19.14081
2445872.03979 18.30369
2445873.03984 16.27503
2445874.03988 15.96537
2445875.03993 16.56319
2445876.03997 13.46076
2445877.04002 12.19962
2445878.04007 10.02971
2445879.04011 9.96877
2445880.04016 8.88543
2445881.04020 5.10115
2445882.04025 5.64999
2445883.04029 4.00814
2445884.04034 4.96122
2445885.04039 4.59603
2445886.04043 6.23819
2445887.04048 7.29944
2445888.04052 9.02621
2445889.04057 11.02731
2445890.04061 12.45601
2445891.04066 14.20491
2445892.04070 14.28955
2445893.04075 16.25221
2445894.04080 19.00744
2445895.04084 21.46514
2445896.04089 18.99378
2445897.04093 16.98607
2445898.04098 19.09154
2445899.04102 15.23872
2445900.04107 12.60485
2445901.04112 13.35939
2445902.04116 13.70896
2445903.04121 12.09448
2445904.04125 9.98773
2445905.04130 9.53293
2445906.04134 6.44566
2445907.04139 6.06655
2445908.04143 5.11458
2445909.04148 4.41701
2445910.04153 4.12949
2446096.05001 3.26839
2446097.05006 4.87490
2446098.05010 6.92870
2446099.05015 6.96965
2446100.05020 9.62319
2446101.05024 10.75985
2446102.05029 11.82788
2446103.05033 12.60181
2446104.05038 14.16490
2446105.05042 12.71560
2446106.05047 18.10291
2446107.05052 15.82192
2446108.05056 13.08326
2446109.05061 13.03621
2446110.05065 11.92499
2446111.05070 12.44778
2446112.05074 9.11491
2446113.05079 8.51007
2446114.05084 6.36993
2446115.05088 4.53228
2446116.05093 3.06794
2446117.05097 2.19702
2446118.05102 1.81618
2446119.05106 1.29495
2446120.05111 1.78553
2446121.05115 2.41975
2446122.05120 3.24221
2446123.05125 4.77658
2446124.05129 5.84972
2446125.05134 7.32869
2446126.05138 9.81624
2446127.05143 10.37678
2446128.05147 11.90170
2446129.05152 12.73552
2446130.05157 15.67300
2446131.05161 15.02857
2446132.05166 15.10316
2446133.05170 13.34088
2446134.05175 11.58751
2446135.05179 12.59622
2446136.05184 12.09398
2446137.05188 8.45130
2446138.05193 8.32010
2446139.05198 8.58392
2446140.05202 4.83240
2446141.05207 3.94229
2446142.05211 2.73988
2446143.05216 2.12128
2446144.05220 1.37323
2446145.05225 1.19425
2446146.05230 1.33904
2446147.05234 1.80326
2446148.05239 2.57440
2446149.05243 4.08388
2446150.05248 5.20094
2446151.05252 7.40560
2446152.05257 8.93347
2446153.05261 10.79843
2446154.05266 10.75567
2446155.05271 13.33696
2446156.05275 12.38085
2446157.05280 13.42865
2446158.05284 14.44332
2446159.05289 15.33434
2446160.05293 13.92238
2446161.05298 13.84874
2446162.05303 11.25583
2446163.05307 11.91018
2446164.05312 8.50621
2446165.05316 6.14140
2446166.05321 5.86210
2446167.05325 3.95815
2446168.05330 2.68668
2446169.05334 1.96101
2446170.05339 1.28780
2446171.05344 1.21109
2446172.05348 1.04010
2446173.05353 1.77096
2446174.05357 2.80128
2446175.05362 4.03776
2446176.05366 4.77056
2446177.05371 6.19236
2446178.05376 8.37744
2446179.05380 10.30780
2446180.05385 10.35646
2446181.05389 15.15040
2446182.05394 15.99878
2446183.05398 15.81597
2446184.05403 14.84323
2446185.05408 14.53733
2446186.05412 14.98641
2446187.05417 12.37067
2446188.05421 11.38877
2446189.05426 9.83887
2446190.05430 7.33743
2446191.05435 9.04688
2446192.05439 5.73907
2446193.05444 4.89899
2446194.05449 2.90824
2446195.05453 2.18940
2446196.05458 1.18891
2446197.05462 0.98407
2446198.05467 0.89169
2446199.05471 1.55135
2446200.05476 2.30907
2446201.05481 3.09601
2446202.05485 4.41471
2446203.05490 6.73465
2446204.05494 6.95489
2446205.05499 8.98066
2446206.05503 11.59877
2446207.05508 11.77347
2446208.05512 15.66148
2446209.05517 14.13887
2446210.05522 12.51408
2446211.05526 14.51929
2446212.05531 11.17629
2446213.05535 11.97898
2446214.05540 11.36258
2446215.05544 9.99719
2446216.05549 8.86935
2446217.05554 6.96971
2446218.05558 4.68999
2446219.05563 4.55975
2446220.05567 2.88421
2446221.05572 1.70359
2446222.05576 1.17408
2446223.05581 0.88412
2446224.05585 0.94197
2446225.05590 1.27097
2446226.05595 1.96712
2446227.05599 2.96538
2446228.05604 5.09777
2446229.05608 6.22810
2446230.05613 8.24419
2446231.05617 9.02013
2446232.05622 14.47824
2446233.05627 12.45727
2446234.05631 14.28239
2446235.05636 15.65757
2446236.05640 13.66749
2446237.05645 15.17687
2446238.05649 14.16486
2446239.05654 12.78103
2446240.05658 12.70680
2446241.05663 13.76035
2446242.05668 8.19181
2446243.05672 6.94430
2446244.05677 5.27439
2446245.05681 4.86105
2446246.05686 3.24382
2446247.05690 2.02837
2446248.05695 1.10101
2446249.05700 0.78174
2446250.05704 0.76683
2446251.05709 1.14430
2446252.05713 1.99475
2446253.05718 2.66071
2446254.05722 4.64162
2446255.05727 5.55907
2446256.05731 7.28017
2446257.05736 9.32697
2446258.05741 12.66171
2446259.05745 11.58089
2446260.05750 15.71693
2446261.05754 11.99134
2446262.05759 13.75134
2446263.05763 12.10302
2446264.05768 13.45506
2446265.05773 13.61209
2446266.05777 12.47653
2446267.05782 9.95373
2446268.05786 9.00308
2446269.05791 7.76122
2446270.05795 6.93466
2446271.05800 4.72028
2446272.05805 3.47584
2446273.05809 2.05704
2446274.05814 1.31815
2446275.05818 0.82949
2446461.06667 2.91475
2446462.06672 4.34663
2446463.06676 5.41355
2446464.06681 7.08668
2446465.06685 8.84255
2446466.06690 10.92318
2446467.06694 13.45353
2446468.06699 11.63755
2446469.06703 13.92667
2446470.06708 17.92612
2446471.06713 16.18376
2446472.06717 15.33819
2446473.06722 13.84589
2446474.06726 11.49521
2446475.06731 15.74825
2446476.06735 10.19283
2446477.06740 10.60086
2446478.06745 9.42013
2446479.06749 8.67813
2446480.06754 6.13100
2446481.06758 5.08503
2446482.06763 3.57525
2446483.06767 3.19726
2446484.06772 2.15934
2446485.06776 2.17887
2446486.06781 3.01876
2446487.06786 3.20873
2446488.06790 4.05175
2446489.06795 4.60525
2446490.06799 6.71889
2446491.06804 8.62816
2446492.06808 10.49658
2446493.06813 10.84221
2446494.06818 14.40759
2446495.06822 13.06093
2446496.06827 13.22709
2446497.06831 13.15411
2446498.06836 15.59055
2446499.06840 16.80973
2446500.06845 14.90903
2446501.06850 15.84372
2446502.06854 14.41211
2446503.06859 12.57477
2446504.06863 9.14049
2446505.06868 7.29635
2446506.06872 6.94947
2446507.06877 5.39650
2446508.06881 4.24257
2446509.06886 3.70081
2446510.06891 2.83579
2446511.06895 2.33395
2446512.06900 2.67049
2446513.06904 3.36148
2446514.06909 4.52169
2446515.06913 5.24049
2446516.06918 7.79506
2446517.06923 8.47483
2446518.06927 9.33411
2446519.06932 10.19506
2446520.06936 11.08924
2446521.06941 13.59963
2446522.06945 16.35044
2446523.06950 14.90739
2446524.06954 15.09189
2446525.06959 14.70912
2446526.06964 17.12207
2446527.06968 17.06675
2446528.06973 15.14626
2446529.06977 11.05559
2446530.06982 9.68980
2446531.06986 9.54670
2446532.06991 7.40336
2446533.06996 6.38834
2446534.07000 4.60399
2446535.07005 3.90118
2446536.07009 2.72005
2446537.07014 2.50748
2446538.07018 2.99145
2446539.07023 3.33897
2446540.07027 3.44236
2446541.07032 5.84444
2446542.07037 6.30824
2446543.07041 8.23338
2446544.07046 8.25387
2446545.07050 10.86204
2446546.07055 12.97205
2446547.07059 15.33391
2446548.07064 17.97106
2446549.07069 16.24608
2446550.07073 17.94237
2446551.07078 18.85600
2446552.07082 15.85391
2446553.07087 14.21336
2446554.07091 14.65688
2446555.07096 11.31358
2446556.07100 9.15191
2446557.07105 10.73061
2446558.07110 7.68492
2446559.07114 6.94249
2446560.07119 5.72717
2446561.07123 4.44348
2446562.07128 3.77617
2446563.07132 3.61751
2446564.07137 3.57519
2446565.07142 3.65754
2446566.07146 4.43824
2446567.07151 6.15435
2446568.07155 8.97946
2446569.07160 10.73948
2446570.07164 8.82569
2446571.07169 12.42829
2446572.07173 11.14546
2446573.07178 16.89744
2446574.07183 13.79627
2446575.07187 18.30128
2446576.07192 16.42586
2446577.07196 17.46881
2446578.07201 16.98779
2446579.07205 14.29648
2446580.07210 13.17928
2446581.07215 15.47534
2446582.07219 12.09046
2446583.07224 10.90284
2446584.07228 8.42970
2446585.07233 8.81058
2446586.07237 6.18139
2446587.07242 5.28890
2446588.07247 4.28880
2446589.07251 3.92878
2446590.07256 4.17855
2446591.07260 4.71411
2446592.07265 5.27334
2446593.07269 6.24395
2446594.07274 8.04192
2446595.07278 10.51298
2446596.07283 8.17789
2446597.07288 11.38448
2446598.07292 14.30065
2446599.07297 14.48708
2446600.07301 15.57286
2446601.07306 16.80412
2446602.07310 18.84792
2446603.07315 16.07140
2446604.07320 18.62303
2446605.07324 16.73584
2446606.07329 16.72316
2446607.07333 18.09602
2446608.07338 12.86437
2446609.07342 12.15250
2446610.07347 8.35928
2446611.07351 9.14358
2446612.07356 7.14564
2446613.07361 5.61727
2446614.07365 5.20029
2446615.07370 4.27650
2446616.07374 3.81902
2446617.07379 5.02771
2446618.07383 5.12814
2446619.07388 7.42357
2446620.07393 8.30324
2446621.07397 10.38712
2446622.07402 12.24169
2446623.07406 12.59504
2446624.07411 15.54058
2446625.07415 17.03121
2446626.07420 14.38938
2446627.07424 14.36884
2446628.07429 18.63897
2446629.07434 20.41186
2446630.07438 19.58178
2446631.07443 17.61014
2446632.07447 15.03455
2446633.07452 15.64481
2446634.07456 15.11036
2446635.07461 12.81989
2446636.07466 8.79681
2446637.07470 9.39249
2446638.07475 7.53369
2446639.07479 6.78207
2446640.07484 5.10813
2446827.08337 11.91517
2446828.08342 9.79723
2446829.08346 11.62297
2446830.08351 12.42863
2446831.08355 15.55252
2446832.08360 17.34998
2446833.08365 17.61105
2446834.08369 19.93625
2446835.08374 22.71004
2446836.08378 23.71416
2446837.08383 21.24726
2446838.08387 21.46267
2446839.08392 24.79244
2446840.08396 23.88001
2446841.08401 25.26412
2446842.08406 17.68520
2446843.08410 20.12937
2446844.08415 17.78221
2446845.08419 19.09548
2446846.08424 14.29204
2446847.08428 14.04386
2446848.08433 11.86331
2446849.08438 11.00616
2446850.08442 10.38680
2446851.08447 10.66905
2446852.08451 9.94469
2446853.08456 9.57698
2446854.08460 12.58850
2446855.08465 13.87694
2446856.08469 17.54910
2446857.08474 16.69538
2446858.08479 18.00910
2446859.08483 18.45847
2446860.08488 19.52324
2446861.08492 22.36602
2446862.08497 24.80639
2446863.08501 18.64740
2446864.08506 20.33733
2446865.08511 21.82637
2446866.08515 20.75280
2446867.08520 22.56211
2446868.08524 23.75452
2446869.08529 15.99342
2446870.08533 18.34143
2446871.08538 14.16766
2446872.08542 16.21991
2446873.08547 13.62612
2446874.08552 11.71522
2446875.08556 10.53654
2446876.08561 9.49170
2446877.08565 9.27866
2446878.08570 11.38129
2446879.08574 10.60079
2446880.08579 12.64271
2446881.08584 14.45964
2446882.08588 12.74484
2446883.08593 19.78420
2446884.08597 18.83864
2446885.08602 18.70657
2446886.08606 17.92201
2446887.08611 23.79655
2446888.08615 29.87321
2446889.08620 21.37952
2446890.08625 23.26388
2446891.08629 24.47627
2446892.08634 21.98518
2446893.08638 22.81381
2446894.08643 18.62631
2446895.08647 21.58158
2446896.08652 20.49758
2446897.08657 18.63573
2446898.08661 16.01149
2446899.08666 15.87049
2446900.08670 14.56936
2446901.08675 13.39925
2446902.08679 12.44932
2446903.08684 10.62614
2446904.08689 12.58837
2446905.08693 10.91847
2446906.08698 12.57454
2446907.08702 13.46760
2446908.08707 17.08392
2446909.08711 19.48986
2446910.08716 17.43842
2446911.08720 21.07017
2446912.08725 25.90130
2446913.08730 25.24379
2446914.08734 24.21632
2446915.08739 28.12630
2446916.08743 27.33004
2446917.08748 21.32239
2446918.08752 29.74529
2446919.08757 22.29422
2446920.08762 22.59495
2446921.08766 17.81025
2446922.08771 16.79192
2446923.08775 18.40377
2446924.08780 14.40900
2446925.08784 15.77565
2446926.08789 17.06996
2446927.08793 11.83654
2446928.08798 14.79515
2446929.08803 10.76340
2446930.08807 12.22189
2446931.08812 11.47321
2446932.08816 11.97358
2446933.08821 15.80415
2446934.08825 15.72629
2446935.08830 17.05988
2446936.08835 18.92626
2446937.08839 19.49094
2446938.08844 24.32355
2446939.08848 21.55217
2446940.08853 22.73230
2446941.08857 31.14231
2446942.08862 22.82247
2446943.08866 27.39609
2446944.08871 26.16818
2446945.08876 26.95075
2446946.08880 28.37736
2446947.08885 21.83926
2446948.08889 21.02799
2446949.08894 19.25569
2446950.08898 16.68572
2446951.08903 15.82880
2446952.08908 16.02856
2446953.08912 14.05255
2446954.08917 11.38577
2446955.08921 14.53091
2446956.08926 14.22254
2446957.08930 11.52887
2446958.08935 14.77576
2446959.08939 15.14030
2446960.08944 14.83429
2446961.08949 16.69669
2446962.08953 19.54207
2446963.08958 23.56312
2446964.08962 23.84680
2446965.08967 23.23698
2446966.08971 29.90457
2446967.08976 27.66416
2446968.08981 24.37893
2446969.08985 26.70580
2446970.08990 22.47924
2446971.08994 24.02427
2446972.08999 27.21740
2446973.09003 19.44716
2446974.09008 24.36291
2446975.09013 21.08537
2446976.09017 22.79767
2446977.09022 19.55683
2446978.09026 16.29058
2446979.09031 13.67938
2446980.09035 14.74203
2446981.09040 12.97310
2446982.09044 13.47300
2446983.09049 16.31211
2446984.09054 13.97948
2446985.09058 16.54734
2446986.09063 17.40710
2446987.09067 16.60982
2446988.09072 22.12850
2446989.09076 24.07028
2446990.09081 21.78200
2446991.09086 22.17090
2446992.09090 26.89034
2446993.09095 24.91614
2446994.09099 27.91345
2446995.09104 26.32657
2446996.09108 26.69860
2446997.09113 29.20124
2446998.09117 28.53340
2446999.09122 24.58262
2447000.09127 20.18805
2447001.09131 23.59739
2447002.09136 21.19200
2447003.09140 16.33367
2447004.09145 18.22280
2447005.09149 16.99286
2447006.09154 14.79593
2447192.10003 21.49357
2447193.10007 18.59466
2447194.10012 22.20360
2447195.10016 25.27214
2447196.10021 27.87375
2447197.10026 26.87811
2447198.10030 22.89526
2447199.10035 31.85218
2447200.10039 30.06916
2447201.10044 34.73316
2447202.10048 22.59808
2447203.10053 29.48603
2447204.10057 30.11217
2447205.10062 31.99233
2447206.10067 25.57993
2447207.10071 38.25298
2447208.10076 30.27108
2447209.10080 25.83111
2447210.10085 29.69644
2447211.10089 25.96194
2447212.10094 21.69720
2447213.10099 26.82076
2447214.10103 21.91608
2447215.10108 23.50936
2447216.10112 22.01106
2447217.10117 19.55011
2447218.10121 21.22056
2447219.10126 20.60127
2447220.10131 23.36742
2447221.10135 25.83083
2447222.10140 20.32793
2447223.10144 24.51744
2447224.10149 30.77585
2447225.10153 27.70599
2447226.10158 26.25191
2447227.10162 34.78895
2447228.10167 33.77120
2447229.10172 29.60140
2447230.10176 32.79892
2447231.10181 36.67859
2447232.10185 34.79213
2447233.10190 31.67464
2447234.10194 30.64696
2447235.10199 31.61508
2447236.10204 33.50903
2447237.10208 29.60425
2447238.10213 23.07815
2447239.10217 25.43900
2447240.10222 19.67874
2447241.10226 21.00198
2447242.10231 21.66033
2447243.10235 22.06780
2447244.10240 18.79491
2447245.10245 22.26066
2447246.10249 25.45503
2447247.10254 24.29253
2447248.10258 27.76813
2447249.10263 24.98215
2447250.10267 25.88870
2447251.10272 29.11315
2447252.10277 29.51655
2447253.10281 31.34080
2447254.10286 29.93139
2447255.10290 34.10886
2447256.10295 37.60108
2447257.10299 35.55789
2447258.10304 39.46541
2447259.10308 35.83741
2447260.10313 38.91251
2447261.10318 32.01188
2447262.10322 27.63117
2447263.10327 29.20112
2447264.10331 27.67423
2447265.10336 27.30409
2447266.10340 21.05393
2447267.10345 19.58245
2447268.10350 18.82844
2447269.10354 20.84521
2447270.10359 19.62692
2447271.10363 22.74000
2447272.10368 21.78310
2447273.10372 23.80149
2447274.10377 29.94070
2447275.10381 27.20305
2447276.10386 27.21652
2447277.10391 32.01274
2447278.10395 29.65448
2447279.10400 38.30939
2447280.10404 40.46601
2447281.10409 28.43966
2447282.10413 33.43941
2447283.10418 31.91051
2447284.10423 39.21824
2447285.10427 39.51326
2447286.10432 34.88269
2447287.10436 32.19987
2447288.10441 31.40674
2447289.10445 27.61192
2447290.10450 24.73420
2447291.10455 27.58543
2447292.10459 22.62837
2447293.10464 20.54337
2447294.10468 27.04951
2447295.10473 21.43483
2447296.10477 22.52590
2447297.10482 23.17132
2447298.10486 23.72965
2447299.10491 24.46692
2447300.10496 22.51953
2447301.10500 24.53051
2447302.10505 29.91158
2447303.10509 32.08518
2447304.10514 32.11614
2447305.10518 33.72440
2447306.10523 31.17828
2447307.10528 31.32206
2447308.10532 33.81470
2447309.10537 35.57749
2447310.10541 35.09026
2447311.10546 37.87710
2447312.10550 32.13669
2447313.10555 37.72508
2447314.10559 28.29439
2447315.10564 27.65313
2447316.10569 29.35799
2447317.10573 28.47474
2447318.10578 23.83892
2447319.10582 20.71155
2447320.10587 21.01524
2447321.10591 23.20367
2447322.10596 19.03435
2447323.10601 21.60771
2447324.10605 21.63510
2447325.10610 22.42158
2447326.10614 31.79022
2447327.10619 25.10219
2447328.10623 29.81320
2447329.10628 26.40943
2447330.10632 38.11784
2447331.10637 30.29620
2447332.10642 35.11792
2447333.10646 29.24816
2447334.10651 35.74471
2447335.10655 42.81383
2447336.10660 40.64617
2447337.10664 36.40429
2447338.10669 31.26696
2447339.10674 37.41575
2447340.10678 34.46444
2447341.10683 28.95358
2447342.10687 32.46466
2447343.10692 27.81597
2447344.10696 25.59535
2447345.10701 25.11253
2447346.10705 25.94276
2447347.10710 25.21489
2447348.10715 25.59868
2447349.10719 20.84264
2447350.10724 27.89504
2447351.10728 22.36703
2447352.10733 28.05207
2447353.10737 21.69544
2447354.10742 29.21814
2447355.10747 35.12173
2447356.10751 33.98375
2447357.10756 30.77714
2447358.10760 35.48237
2447359.10765 41.79346
2447360.10769 38.83024
2447361.10774 35.46093
2447362.10778 35.09885
2447363.10783 37.02644
2447364.10788 31.72971
2447365.10792 34.45713
2447366.10797 27.97755
2447367.10801 31.75336
2447368.10806 25.29014
2447369.10810 27.71061
2447370.10815 28.69647
2447371.10820 23.58070
2447557.11668 23.32744
2447558.11673 26.65152
2447559.11677 32.77232
2447560.11682 28.69835
2447561.11687 32.22553
2447562.11691 35.62841
2447563.11696 27.48475
2447564.11700 36.26366
2447565.11705 38.30674
2447566.11709 34.77469
2447567.11714 38.42231
2447568.11719 39.25363
2447569.11723 43.55821
2447570.11728 39.36732
2447571.11732 36.66149
2447572.11737 39.96978
2447573.11741 34.25591
2447574.11746 41.24189
2447575.11750 35.66343
2447576.11755 33.25214
2447577.11760 28.94008
2447578.11764 34.11830
2447579.11769 32.28798
2447580.11773 27.21945
2447581.11778 28.00078
2447582.11782 23.31916
2447583.11787 27.99700
2447584.11792 24.61604
2447585.11796 22.45839
2447586.11801 33.39976
2447587.11805 25.54240
2447588.11810 31.88305
2447589.11814 27.29273
2447590.11819 30.56006
2447591.11823 37.86912
2447592.11828 37.05237
2447593.11833 32.60213
2447594.11837 42.44901
2447595.11842 39.64458
2447596.11846 41.96595
2447597.11851 43.07032
2447598.11855 34.01745
2447599.11860 36.65133
2447600.11865 38.22489
2447601.11869 30.45929
2447602.11874 32.08263
2447603.11878 32.41990
2447604.11883 35.16213
2447605.11887 31.68658
2447606.11892 32.16441
2447607.11897 28.58530
2447608.11901 31.57595
2447609.11906 26.88672
2447610.11910 26.20222
2447611.11915 26.03123
2447612.11919 23.43555
2447613.11924 31.39061
2447614.11928 31.73401
2447615.11933 27.41675
2447616.11938 25.58759
2447617.11942 39.02997
2447618.11947 40.75362
2447619.11951 37.91074
2447620.11956 42.20671
2447621.11960 42.68954
2447622.11965 48.56618
2447623.11970 39.17410
2447624.11974 37.10627
2447625.11979 46.14893
2447626.11983 42.11753
2447627.11988 35.26177
2447628.11992 33.64684
2447629.11997 33.47650
2447630.12001 31.58866
2447631.12006 23.82425
2447632.12011 27.67985
2447633.12015 26.33948
2447634.12020 25.01784
2447635.12024 29.06050
2447636.12029 28.60345
2447637.12033 28.76932
2447638.12038 27.37341
2447639.12043 28.83075
2447640.12047 37.22120
2447641.12052 38.04285
2447642.12056 37.33125
2447643.12061 38.31729
2447644.12065 42.05678
2447645.12070 38.78135
2447646.12074 38.73145
2447647.12079 45.63760
2447648.12084 42.52592
2447649.12088 36.04741
2447650.12093 38.49285
2447651.12097 36.66373
2447652.12102 44.76637
2447653.12106 31.88836
2447654.12111 39.84770
2447655.12116 33.01243
2447656.12120 33.08725
2447657.12125 32.41043
2447658.12129 29.37543
2447659.12134 28.69543
2447660.12138 23.46227
2447661.12143 27.01025
2447662.12147 25.36161
2447663.12152 28.34377
2447664.12157 26.09112
2447665.12161 31.07435
2447666.12166 27.26807
2447667.12170 30.75017
2447668.12175 32.20453
2447669.12179 39.94456
2447670.12184 36.74587
2447671.12189 39.04188
2447672.12193 33.34669
2447673.12198 40.53647
2447674.12202 29.54992
2447675.12207 45.74359
2447676.12211 28.06862
2447677.12216 40.29012
2447678.12220 37.17186
2447679.12225 40.68519
2447680.12230 37.39282
2447681.12234 33.09978
2447682.12239 28.82129
2447683.12243 32.75975
2447684.12248 33.08708
2447685.12252 33.17343
2447686.12257 28.28162
2447687.12262 26.08063
2447688.12266 25.02641
2447689.12271 28.32436
2447690.12275 27.57882
2447691.12280 30.07809
2447692.12284 28.08077
2447693.12289 27.73202
2447694.12294 32.72157
2447695.12298 35.70669
2447696.12303 37.58680
2447697.12307 35.52889
2447698.12312 32.33634
2447699.12316 43.29111
2447700.12321 50.45648
2447701.12325 44.21051
2447702.12330 39.80116
2447703.12335 36.71322
2447704.12339 32.91993
2447705.12344 38.85423
2447706.12348 36.47308
2447707.12353 36.43763
2447708.12357 31.69095
2447709.12362 31.11019
2447710.12367 29.85041
2447711.12371 30.11601
2447712.12376 28.47011
2447713.12380 29.36083
2447714.12385 27.39100
2447715.12389 25.91368
2447716.12394 27.43965
2447717.12398 29.02428
2447718.12403 32.17176
2447719.12408 33.10154
2447720.12412 38.56783
2447721.12417 34.83200
2447722.12421 37.54385
2447723.12426 38.08384
2447724.12430 34.77396
2447725.12435 37.15462
2447726.12440 35.02535
2447727.12444 40.99051
2447728.12449 36.04400
2447729.12453 39.51013
2447730.12458 34.53430
2447731.12462 35.58667
2447732.12467 35.67637
2447733.12471 39.84375
2447734.12476 31.63487
2447735.12481 33.52258
2447736.12485 34.87302
2447922.13334 29.13761
2447923.13339 22.43704
2447924.13343 23.84698
2447925.13348 25.88885
2447926.13352 28.81849
2447927.13357 26.42267
2447928.13361 27.18787
2447929.13366 26.94828
2447930.13370 33.62758
2447931.13375 32.71102
2447932.13380 31.73572
2447933.13384 31.64323
2447934.13389 35.18757
2447935.13393 42.85538
2447936.13398 38.39570
2447937.13402 38.77608
2447938.13407 37.82511
2447939.13412 42.32846
2447940.13416 39.24212
2447941.13421 32.79539
2447942.13425 40.72529
2447943.13430 30.74875
2447944.13434 31.03853
2447945.13439 31.17824
2447946.13443 25.74827
2447947.13448 26.21972
2447948.13453 25.34969
2447949.13457 23.50635
2447950.13462 23.29246
2447951.13466 22.15461
2447952.13471 30.24389
2447953.13475 27.09654
2447954.13480 30.55584
2447955.13485 29.22725
2447956.13489 30.18885
2447957.13494 33.95245
2447958.13498 30.21957
2447959.13503 43.39348
2447960.13507 38.35081
2447961.13512 40.41791
2447962.13516 45.96432
2447963.13521 37.46364
2447964.13526 39.62412
2447965.13530 33.31206
2447966.13535 37.42745
2447967.13539 35.36962
2447968.13544 41.00887
2447969.13548 30.31733
2447970.13553 32.89403
2447971.13558 28.92076
2447972.13562 27.51958
2447973.13567 24.48909
2447974.13571 21.56255
2447975.13576 23.27671
2447976.13580 25.02487
2447977.13585 25.11132
2447978.13589 25.80952
2447979.13594 27.18671
2447980.13599 32.90708
2447981.13603 30.99891
2447982.13608 30.76131
2447983.13612 34.70454
2447984.13617 31.71667
2447985.13621 41.53845
2447986.13626 28.60186
2447987.13631 40.83188
2447988.13635 35.75219
2447989.13640 40.32619
2447990.13644 41.14200
2447991.13649 36.13586
2447992.13653 31.28148
2447993.13658 24.13346
2447994.13662 38.59595
2447995.13667 26.27521
2447996.13672 30.17278
2447997.13676 27.89165
2447998.13681 28.86042
2447999.13685 23.67936
2448000.13690 27.79892
2448001.13694 22.37136
2448002.13699 23.56135
2448003.13704 20.82081
2448004.13708 21.71082
2448005.13713 24.39381
2448006.13717 28.60495
2448007.13722 30.56383
2448008.13726 38.86536
2448009.13731 32.94988
2448010.13736 32.74957
2448011.13740 37.93547
2448012.13745 40.26354
2448013.13749 34.74183
2448014.13754 39.80346
2448015.13758 36.65042
2448016.13763 40.58305
2448017.13767 33.12138
2448018.13772 40.74452
2448019.13777 29.70228
2448020.13781 35.62521
2448021.13786 37.93002
2448022.13790 26.62556
2448023.13795 27.39453
2448024.13799 23.81612
2448025.13804 22.69966
2448026.13809 31.67707
2448027.13813 24.57922
2448028.13818 26.86682
2448029.13822 22.11668
2448030.13827 27.79883
2448031.13831 25.69889
2448032.13836 27.90099
2448033.13840 32.05692
2448034.13845 26.25538
2448035.13850 25.41684
2448036.13854 31.38697
2448037.13859 38.92829
2448038.13863 36.11917
2448039.13868 38.75336
2448040.13872 41.12412
2448041.13877 32.16132
2448042.13882 36.47432
2448043.13886 36.52680
2448044.13891 35.18148
2448045.13895 33.17603
2448046.13900 30.08884
2448047.13904 30.28818
2448048.13909 28.59421
2448049.13913 28.06831
2448050.13918 31.23489
2448051.13923 33.02174
2448052.13927 26.61548
2448053.13932 24.37765
2448054.13936 23.32574
2448055.13941 26.02828
2448056.13945 27.39598
2448057.13950 27.35282
2448058.13955 28.57460
2448059.13959 32.17560
2448060.13964 28.00780
2448061.13968 29.11547
2448062.13973 40.89810
2448063.13977 27.29814
2448064.13982 36.97832
2448065.13986 37.40809
2448066.13991 37.15296
2448067.13996 40.77366
2448068.14000 38.83227
2448069.14005 39.58125
2448070.14009 36.93950
2448071.14014 31.02649
2448072.14018 31.61360
2448073.14023 33.62398
2448074.14028 30.76531
2448075.14032 25.33880
2448076.14037 26.76443
2448077.14041 21.06289
2448078.14046 25.85351
2448079.14050 23.98254
2448080.14055 25.46002
2448081.14060 22.28951
2448082.14064 26.91894
2448083.14069 21.78396
2448084.14073 27.03744
2448085.14078 25.84842
2448086.14082 28.02859
2448087.14087 32.17487
2448088.14091 35.96404
2448089.14096 36.49268
2448090.14101 34.46848
2448091.14105 44.24000
2448092.14110 32.04183
2448093.14114 33.61919
2448094.14119 32.70173
2448095.14123 36.37776
2448096.14128 31.58549
2448097.14133 36.42148
2448098.14137 36.00433
2448099.14142 31.88883
2448100.14146 31.26685
2448101.14151 24.38884
2448288.15004 18.79956
2448289.15009 19.20892
2448290.15013 18.03779
2448291.15018 22.29359
2448292.15022 18.23016
2448293.15027 21.37377
2448294.15031 19.15241
2448295.15036 23.92790
2448296.15041 23.19129
2448297.15045 31.05335
2448298.15050 27.67129
2448299.15054 30.37531
2448300.15059 31.86387
2448301.15063 34.59782
2448302.15068 31.53424
2448303.15073 28.81232
2448304.15077 26.93389
2448305.15082 30.41409
2448306.15086 32.99527
2448307.15091 24.68661
2448308.15095 22.46367
2448309.15100 25.74526
2448310.15104 22.58365
2448311.15109 19.79856
2448312.15114 20.35234
2448313.15118 19.67495
2448314.15123 17.69003
2448315.15127 18.38055
2448316.15132 20.91795
2448317.15136 18.16362
2448318.15141 16.54236
2448319.15146 21.52045
2448320.15150 22.62575
2448321.15155 23.08921
2448322.15159 24.56839
2448323.15164 26.77260
2448324.15168 27.71200
2448325.15173 28.67234
2448326.15178 26.50467
2448327.15182 29.70498
2448328.15187 29.98910
2448329.15191 26.53782
2448330.15196 29.89507
2448331.15200 29.34634
2448332.15205 27.64252
2448333.15209 28.70910
2448334.15214 24.66304
2448335.15219 22.74018
2448336.15223 21.32815
2448337.15228 17.18548
2448338.15232 17.90818
2448339.15237 20.71331
2448340.15241 17.64827
2448341.15246 16.90980
2448342.15251 16.02030
2448343.15255 18.79606
2448344.15260 15.63027
2448345.15264 21.49950
2448346.15269 19.26955
2448347.15273 21.77224
2448348.15278 24.61232
2448349.15282 23.19382
2448350.15287 32.15611
2448351.15292 26.50947
2448352.15296 25.03761
2448353.15301 30.86612
2448354.15305 27.25587
2448355.15310 34.03289
2448356.15314 26.56317
2448357.15319 26.07014
2448358.15324 29.30870
2448359.15328 27.30810
2448360.15333 30.47588
2448361.15337 24.16261
2448362.15342 20.43055
2448363.15346 23.34530
2448364.15351 16.23663
2448365.15355 15.56268
2448366.15360 15.75738
2448367.15365 17.80731
2448368.15369 15.91812
2448369.15374 15.12202
2448370.15378 18.03080
2448371.15383 18.69088
2448372.15387 18.81908
2448373.15392 22.91265
2448374.15397 20.16985
2448375.15401 24.64633
2448376.15406 26.25836
2448377.15410 24.94103
2448378.15415 31.14496
2448379.15419 31.65152
2448380.15424 32.00404
2448381.15428 30.56667
2448382.15433 25.98002
2448383.15438 33.12929
2448384.15442 30.42876
2448385.15447 25.34498
2448386.15451 23.29350
2448387.15456 19.10106
2448388.15460 21.37306
2448389.15465 19.35265
2448390.15470 21.86586
2448391.15474 20.15271
2448392.15479 14.52216
2448393.15483 15.58883
2448394.15488 14.01625
2448395.15492 16.15185
2448396.15497 20.48077
2448397.15502 17.60735
2448398.15506 22.24767
2448399.15511 22.16027
2448400.15515 23.55316
2448401.15520 25.07753
2448402.15524 22.03905
2448403.15529 25.67284
2448404.15533 23.57544
2448405.15538 27.16802
2448406.15543 27.38724
2448407.15547 28.77450
2448408.15552 30.88924
2448409.15556 32.41812
2448410.15561 28.80161
2448411.15565 24.72568
2448412.15570 20.07017
2448413.15575 21.07200
2448414.15579 18.97607
2448415.15584 18.85653
2448416.15588 18.40846
2448417.15593 20.48304
2448418.15597 16.58920
2448419.15602 12.93415
2448420.15606 17.56571
2448421.15611 13.62275
2448422.15616 15.27454
2448423.15620 17.13527
2448424.15625 17.79573
2448425.15629 19.15186
2448426.15634 23.24425
2448427.15638 21.09742
2448428.15643 27.45206
2448429.15648 25.90700
2448430.15652 25.90265
2448431.15657 26.71398
2448432.15661 29.57942
2448433.15666 28.34072
2448434.15670 31.83484
2448435.15675 31.34224
2448436.15679 21.49438
2448437.15684 22.26905
2448438.15689 23.02190
2448439.15693 22.34932
2448440.15698 24.08194
2448441.15702 19.94748
2448442.15707 19.64039
2448443.15711 12.22664
2448444.15716 15.49179
2448445.15721 14.54273
2448446.15725 11.91018
2448447.15730 13.76774
2448448.15734 15.00346
2448449.15739 15.46740
2448450.15743 18.19947
2448451.15748 18.46936
2448452.15752 17.86866
2448453.15757 20.12107
2448454.15762 28.06382
2448455.15766 23.22453
2448456.15771 30.65149
2448457.15775 30.41801
2448458.15780 30.20388
2448459.15784 26.19513
2448460.15789 27.66931
2448461.15794 24.39064
2448462.15798 28.42015
2448463.15803 24.53232
2448464.15807 22.24314
2448465.15812 22.70686
2448466.15816 18.29373
2448467.15821 20.70341
2448653.16670 10.23506
2448654.16674 7.86141
2448655.16679 8.47265
2448656.16683 8.35763
2448657.16688 7.69240
2448658.16693 10.45518
2448659.16697 11.63560
2448660.16702 11.93553
2448661.16706 14.29311
2448662.16711 12.30053
2448663.16715 17.44564
2448664.16720 17.71047
2448665.16724 20.25208
2448666.16729 20.64842
2448667.16734 18.08450
2448668.16738 22.85444
2448669.16743 23.00457
2448670.16747 22.37439
2448671.16752 21.31575
2448672.16756 19.36325
2448673.16761 15.88855
2448674.16766 16.30795
2448675.16770 19.28476
2448676.16775 14.30636
2448677.16779 10.70204
2448678.16784 10.27662
2448679.16788 7.30321
2448680.16793 8.06014
2448681.16797 7.61092
2448682.16802 8.14363
2448683.16807 9.20458
2448684.16811 8.53617
2448685.16816 7.55891
2448686.16820 11.29225
2448687.16825 11.92257
2448688.16829 13.77311
2448689.16834 16.18406
2448690.16839 16.31197
2448691.16843 16.43326
2448692.16848 18.05216
2448693.16852 20.82300
2448694.16857 18.40390
2448695.16861 23.02476
2448696.16866 21.15854
2448697.16870 19.84344
2448698.16875 18.34765
2448699.16880 15.87639
2448700.16884 13.85569
2448701.16889 14.00046
2448702.16893 12.38350
2448703.16898 11.57852
2448704.16902 8.02423
2448705.16907 8.13531
2448706.16912 7.92224
2448707.16916 7.09620
2448708.16921 6.74836
2448709.16925 7.55822
2448710.16930 8.36166
2448711.16934 9.58117
2448712.16939 9.94006
2448713.16944 12.05711
2448714.16948 13.25834
2448715.16953 15.07137
2448716.16957 17.29866
2448717.16962 17.77837
2448718.16966 18.83714
2448719.16971 21.13163
2448720.16975 17.89728
2448721.16980 21.74682
2448722.16985 18.78429
2448723.16989 18.27756
2448724.16994 21.27051
2448725.16998 15.82983
2448726.17003 12.75833
2448727.17007 14.09813
2448728.17012 12.39703
2448729.17017 8.21772
2448730.17021 9.37063
2448731.17026 8.67002
2448732.17030 7.33168
2448733.17035 7.53027
2448734.17039 7.75148
2448735.17044 7.78784
2448736.17048 7.50439
2448737.17053 8.00442
2448738.17058 7.98908
2448739.17062 12.32893
2448740.17067 15.50062
2448741.17071 15.85900
2448742.17076 18.33274
2448743.17080 16.13488
2448744.17085 18.33199
2448745.17090 17.80484
2448746.17094 16.75014
2448747.17099 15.89046
2448748.17103 20.00333
2448749.17108 15.74767
2448750.17112 17.83073
2448751.17117 16.99680
2448752.17121 14.25367
2448753.17126 11.47235
2448754.17131 11.56098
2448755.17135 11.12735
2448756.17140 10.79415
2448757.17144 8.08977
2448758.17149 6.93414
2448759.17153 6.08607
2448760.17158 5.29956
2448761.17163 5.47450
2448762.17167 7.43936
2448763.17172 6.59268
2448764.17176 9.40107
2448765.17181 11.45933
2448766.17185 10.02719
2448767.17190 13.54103
2448768.17194 14.26545
2448769.17199 18.26545
2448770.17204 15.54060
2448771.17208 19.88447
2448772.17213 20.91447
2448773.17217 22.01624
2448774.17222 20.25350
2448775.17226 17.65240
2448776.17231 14.47578
2448777.17236 16.39043
2448778.17240 17.49617
2448779.17245 11.36356
2448780.17249 12.24882
2448781.17254 9.41948
2448782.17258 8.11761
2448783.17263 7.09451
2448784.17268 6.51305
2448785.17272 5.84918
2448786.17277 6.24183
2448787.17281 5.68704
2448788.17286 5.59054
2448789.17290 7.66628
2448790.17295 8.63737
2448791.17299 7.60767
2448792.17304 10.37224
2448793.17309 11.33189
2448794.17313 14.36140
2448795.17318 14.27845
2448796.17322 17.08264
2448797.17327 16.19345
2448798.17331 21.59644
2448799.17336 17.75258
2448800.17341 17.51891
2448801.17345 16.55231
2448802.17350 18.90904
2448803.17354 15.10947
2448804.17359 14.30994
2448805.17363 12.81015
2448806.17368 10.73419
2448807.17372 9.03433
2448808.17377 7.56080
2448809.17382 8.58696
2448810.17386 5.32211
2448811.17391 5.80561
2448812.17395 5.29179
2448813.17400 4.35563
2448814.17404 5.65077
2448815.17409 6.83795
2448816.17414 7.44389
2448817.17418 7.41573
2448818.17423 12.03936
2448819.17427 10.82675
2448820.17432 13.69465
2448821.17436 13.84435
2448822.17441 16.51499
2448823.17445 18.98310
2448824.17450 15.82878
2448825.17455 19.06689
2448826.17459 17.78268
2448827.17464 14.37601
2448828.17468 16.27180
2448829.17473 17.64072
2448830.17477 13.63501
2448831.17482 11.25688
2448832.17487 12.25732
2449018.18335 4.60852
2449019.18340 2.80973
2449020.18344 2.47784
2449021.18349 2.03530
2449022.18354 1.89857
2449023.18358 2.48109
2449024.18363 3.45992
2449025.18367 3.63092
2449026.18372 6.03693
2449027.18376 6.07763
2449028.18381 9.88217
2449029.18386 10.15141
2449030.18390 10.95404
2449031.18395 15.49114
2449032.18399 12.99030
2449033.18404 13.88129
2449034.18408 16.63382
2449035.18413 17.83124
2449036.18417 14.49051
2449037.18422 13.99879
2449038.18427 11.27967
2449039.18431 11.90481
2449040.18436 8.40899
2449041.18440 7.52259
2449042.18445 6.23261
2449043.18449 5.06556
2449044.18454 4.39191
2449045.18459 2.55903
2449046.18463 2.39081
2449047.18468 1.76324
2449048.18472 1.39878
2449049.18477 2.64705
2449050.18481 3.34672
2449051.18486 3.79469
2449052.18490 4.14603
2449053.18495 6.48547
2449054.18500 8.66561
2449055.18504 10.45085
2449056.18509 10.58097
2449057.18513 11.46996
2449058.18518 17.34645
2449059.18522 13.57552
2449060.18527 16.15134
2449061.18532 17.62914
2449062.18536 15.04068
2449063.18541 15.13677
2449064.18545 13.46364
2449065.18550 12.54365
2449066.18554 9.00583
2449067.18559 9.05685
2449068.18563 6.38068
2449069.18568 4.22336
2449070.18573 4.92848
2449071.18577 2.81883
2449072.18582 2.45763
2449073.18586 1.34711
2449074.18591 1.81568
2449075.18595 1.41522
2449076.18600 2.60155
2449077.18605 4.13797
2449078.18609 4.95865
2449079.18614 5.67142
2449080.18618 8.67682
2449081.18623 9.36396
2449082.18627 10.25349
2449083.18632 12.50546
2449084.18636 12.19403
2449085.18641 13.66641
2449086.18646 16.05316
2449087.18650 16.58866
2449088.18655 16.14389
2449089.18659 12.68981
2449090.18664 12.44808
2449091.18668 10.90122
2449092.18673 9.60390
2449093.18678 7.93853
2449094.18682 6.80519
2449095.18687 4.81577
2449096.18691 4.07946
2449097.18696 2.83331
2449098.18700 1.87806
2449099.18705 1.61481
2449100.18710 1.52605
2449101.18714 1.79465
2449102.18719 2.53919
2449103.18723 3.41951
2449104.18728 3.86285
2449105.18732 5.66775
2449106.18737 7.47004
2449107.18741 9.02470
2449108.18746 12.37312
2449109.18751 13.52490
2449110.18755 14.17765
2449111.18760 12.85422
2449112.18764 14.60117
2449113.18769 12.86620
2449114.18773 14.78464
2449115.18778 11.02049
2449116.18783 14.10935
2449117.18787 11.79532
2449118.18792 9.00958
2449119.18796 8.38112
2449120.18801 6.77155
2449121.18805 5.34944
2449122.18810 4.22842
2449123.18814 2.66725
2449124.18819 2.26636
2449125.18824 1.55389
2449126.18828 1.25950
2449127.18833 1.46378
2449128.18837 2.04576
2449129.18842 3.49165
2449130.18846 4.13750
2449131.18851 5.51944
2449132.18856 7.26530
2449133.18860 9.84507
2449134.18865 11.80394
2449135.18869 12.94834
2449136.18874 12.66119
2449137.18878 13.67844
2449138.18883 15.03742
2449139.18887 12.72320
2449140.18892 15.00644
2449141.18897 14.00327
2449142.18901 10.47198
2449143.18906 10.72958
2449144.18910 9.01092
2449145.18915 8.10113
2449146.18919 8.13465
2449147.18924 4.54356
2449148.18929 4.72926
2449149.18933 2.58187
2449150.18938 1.86627
2449151.18942 1.25849
2449152.18947 1.09881
2449153.18951 1.70778
2449154.18956 1.93828
2449155.18960 2.54317
2449156.18965 3.66930
2449157.18970 6.29830
2449158.18974 6.36947
2449159.18979 8.09721
2449160.18983 10.32844
2449161.18988 9.13816
2449162.18992 12.34109
2449163.18997 15.14692
2449164.19002 12.32207
2449165.19006 14.24813
2449166.19011 15.31535
2449167.19015 14.52030
2449168.19020 13.28580
2449169.19024 10.44781
2449170.19029 10.27360
2449171.19033 10.47935
2449172.19038 6.32728
2449173.19043 7.11201
2449174.19047 4.68072
2449175.19052 3.42349
2449176.19056 2.10295
2449177.19061 1.71615
2449178.19065 1.37545
2449179.19070 1.23954
2449180.19075 1.82377
2449181.19079 2.44085
2449182.19084 4.59775
2449183.19088 5.84966
2449184.19093 5.95042
2449185.19097 8.30286
2449186.19102 10.41019
2449187.19107 11.51242
2449188.19111 13.70474
2449189.19116 13.63637
2449190.19120 13.53489
2449191.19125 14.67058
2449192.19129 15.32275
2449193.19134 15.12599
2449194.19138 11.58803
2449195.19143 9.44904
2449196.19148 10.43219
2449197.19152 9.42557
2449383.20001 5.36069
2449384.20005 4.79412
2449385.20010 3.84859
2449386.20015 2.82914
2449387.20019 1.99610
2449388.20024 3.21453
2449389.20028 3.08069
2449390.20033 3.28339
2449391.20037 4.74718
2449392.20042 6.84071
2449393.20047 8.00085
2449394.20051 10.51181
2449395.20056 11.09301
2449396.20060 13.05137
2449397.20065 12.95538
2449398.20069 17.68295
2449399.20074 15.96947
2449400.20078 13.07515
2449401.20083 15.52211
2449402.20088 14.62011
2449403.20092 13.68040
2449404.20097 14.84832
2449405.20101 14.59963
2449406.20106 9.30472
2449407.20110 8.09206
2449408.20115 9.07613
2449409.20120 5.28146
2449410.20124 5.00748
2449411.20129 3.81968
2449412.20133 2.86361
2449413.20138 2.95080
2449414.20142 3.25793
2449415.20147 3.39698
2449416.20152 4.55645
2449417.20156 5.14406
2449418.20161 6.19946
2449419.20165 7.95174
2449420.20170 10.97185
2449421.20174 9.31513
2449422.20179 16.75660
2449423.20183 13.59249
2449424.20188 17.67131
2449425.20193 15.54392
2449426.20197 13.84146
2449427.20202 17.44018
2449428.20206 18.82641
2449429.20211 14.26352
2449430.20215 13.22929
2449431.20220 14.92338
2449432.20225 11.76212
2449433.20229 9.65195
2449434.20234 8.36351
2449435.20238 5.87279
2449436.20243 5.21003
2449437.20247 4.80087
2449438.20252 3.97212
2449439.20256 3.75757
2449440.20261 3.91746
2449441.20266 3.69706
2449442.20270 4.42493
2449443.20275 5.79608
2449444.20279 7.39567
2449445.20284 8.05966
2449446.20288 9.79573
2449447.20293 11.78232
2449448.20298 12.85547
2449449.20302 13.00198
2449450.20307 14.63834
2449451.20311 15.92068
2449452.20316 15.04609
2449453.20320 16.12221
2449454.20325 18.08581
2449455.20329 15.41994
2449456.20334 13.46267
2449457.20339 13.34298
2449458.20343 13.81044
2449459.20348 11.68106
2449460.20352 9.32253
2449461.20357 7.23503
2449462.20361 5.48623
2449463.20366 5.83724
2449464.20371 4.08263
2449465.20375 3.88516
2449466.20380 3.90560
2449467.20384 3.89267
2449468.20389 4.16634
2449469.20393 5.76244
2449470.20398 7.17526
2449471.20402 10.36180
2449472.20407 9.35343
2449473.20412 10.23496
2449474.20416 12.45686
2449475.20421 15.88309
2449476.20425 16.97672
2449477.20430 20.04229
2449478.20434 15.74688
2449479.20439 18.57103
2449480.20444 18.46161
2449481.20448 16.30122
2449482.20453 14.61008
2449483.20457 13.77695
2449484.20462 14.17119
2449485.20466 10.97679
2449486.20471 10.15242
2449487.20475 7.50500
2449488.20480 7.78447
2449489.20485 5.66419
2449490.20489 4.87241
2449491.20494 5.03591
2449492.20498 4.09645
2449493.20503 4.24610
2449494.20507 5.37701
2449495.20512 5.80314
2449496.20517 7.93373
2449497.20521 8.81199
2449498.20526 9.90217
2449499.20530 11.73974
2449500.20535 14.12759
2449501.20539 15.73701
2449502.20544 16.44233
2449503.20549 18.35423
2449504.20553 20.42879
2449505.20558 20.24788
2449506.20562 16.61728
2449507.20567 18.43591
2449508.20571 16.20738
2449509.20576 16.19601
2449510.20580 13.73613
2449511.20585 13.30454
2449512.20590 12.19579
2449513.20594 9.86087
2449514.20599 6.74951
2449515.20603 6.79757
2449516.20608 5.54818
2449517.20612 3.75185
2449518.20617 4.43360
2449519.20622 4.54235
2449520.20626 5.97594
2449521.20631 6.53022
2449522.20635 6.87713
2449523.20640 8.69762
2449524.20644 10.11096
2449525.20649 10.51331
2449526.20653 10.56479
2449527.20658 15.42532
2449528.20663 15.81004
2449529.20667 17.66756
2449530.20672 15.14917
2449531.20676 17.39586
2449532.20681 20.62750
2449533.20685 17.12727
2449534.20690 15.99418
2449535.20695 14.57216
2449536.20699 15.21693
2449537.20704 14.70374
2449538.20708 11.80475
2449539.20713 8.42570
2449540.20717 7.84271
2449541.20722 8.00983
2449542.20726 5.30252
2449543.20731 5.46233
2449544.20736 5.18819
2449545.20740 5.17268
2449546.20745 4.84331
2449547.20749 6.31167
2449548.20754 7.59019
2449549.20758 8.66347
2449550.20763 11.97033
2449551.20768 11.14653
2449552.20772 12.17577
2449553.20777 12.56629
2449554.20781 16.14233
2449555.20786 17.84697
2449556.20790 15.81497
2449557.20795 20.00819
2449558.20799 16.84151
2449559.20804 17.05075
2449560.20809 17.22561
2449561.20813 19.56875
2449562.20818 15.02867
2449749.21671 12.74912
2449750.21676 12.30065
2449751.21680 10.81179
2449752.21685 9.98523
2449753.21689 9.84165
2449754.21694 9.99187
2449755.21698 8.27725
2449756.21703 9.96537
2449757.21708 11.03902
2449758.21712 14.97668
2449759.21717 14.78695
2449760.21721 18.16941
2449761.21726 21.26437
2449762.21730 18.67763
2449763.21735 20.66616
2449764.21740 22.87079
2449765.21744 24.20918
2449766.21749 21.09195
2449767.21753 24.91208
2449768.21758 26.78473
2449769.21762 23.94664
2449770.21767 16.97368
2449771.21771 18.44705
2449772.21776 18.76911
2449773.21781 16.29980
2449774.21785 16.69098
2449775.21790 13.15089
2449776.21794 14.28059
2449777.21799 10.77571
2449778.21803 12.42693
2449779.21808 9.90511
2449780.21813 10.95675
2449781.21817 11.43785
2449782.21822 11.70850
2449783.21826 12.06560
2449784.21831 15.31060
2449785.21835 16.90740
2449786.21840 15.92210
2449787.21844 22.68002
2449788.21849 23.65457
2449789.21854 22.15450
2449790.21858 21.44325
2449791.21863 27.54389
2449792.21867 26.69376
2449793.21872 23.66171
2449794.21876 27.84296
2449795.21881 22.26546
2449796.21886 17.80957
2449797.21890 26.33708
2449798.21895 21.24630
2449799.21899 16.88515
2449800.21904 17.34981
2449801.21908 18.05637
2449802.21913 15.70106
2449803.21917 13.07979
2449804.21922 12.27245
2449805.21927 11.76582
2449806.21931 11.81467
2449807.21936 10.42639
2449808.21940 12.45636
2449809.21945 13.84659
2449810.21949 13.86513
2449811.21954 19.46858
2449812.21959 17.70477
2449813.21963 20.47371
2449814.21968 21.26861
2449815.21972 24.01974
2449816.21977 22.95156
2449817.21981 24.75835
2449818.21986 27.10744
2449819.21991 22.24114
2449820.21995 29.50364
2449821.22000 28.60712
2449822.22004 23.31524
2449823.22009 22.02661
2449824.22013 21.88840
2449825.22018 19.69863
2449826.22022 17.69777
2449827.22027 14.67907
2449828.22032 15.01037
2449829.22036 14.41318
2449830.22041 12.13721
2449831.22045 11.53822
2449832.22050 11.14458
2449833.22054 14.13021
2449834.22059 13.76686
2449835.22064 15.11969
2449836.22068 15.11785
2449837.22073 15.47803
2449838.22077 19.26778
2449839.22082 19.38752
2449840.22086 19.23691
2449841.22091 24.01165
2449842.22095 20.99570
2449843.22100 21.65054
2449844.22105 24.18093
2449845.22109 27.52414
2449846.22114 21.02191
2449847.22118 22.59644
2449848.22123 23.33647
2449849.22127 20.60628
2449850.22132 17.06391
2449851.22137 19.20250
2449852.22141 20.11461
2449853.22146 17.64873
2449854.22150 15.94263
2449855.22155 13.26620
2449856.22159 14.24148
2449857.22164 12.46511
2449858.22168 16.06915
2449859.22173 10.38733
2449860.22178 12.86471
2449861.22182 13.56472
2449862.22187 15.85493
2449863.22191 15.97677
2449864.22196 20.55641
2449865.22200 24.78357
2449866.22205 24.77939
2449867.22210 22.62146
2449868.22214 25.45028
2449869.22219 27.51876
2449870.22223 24.65656
2449871.22228 23.87342
2449872.22232 29.61627
2449873.22237 27.42667
2449874.22241 29.71431
2449875.22246 25.04685
2449876.22251 24.95145
2449877.22255 15.76413
2449878.22260 19.96394
2449879.22264 17.14820
2449880.22269 17.99241
2449881.22273 13.50590
2449882.22278 15.55719
2449883.22283 15.32224
2449884.22287 11.65257
2449885.22292 13.97086
2449886.22296 14.93705
2449887.22301 15.35982
2449888.22305 18.55689
2449889.22310 17.14477
2449890.22315 18.83318
2449891.22319 21.93766
2449892.22324 24.86133
2449893.22328 25.05807
2449894.22333 23.12240
2449895.22337 26.12056
2449896.22342 24.27321
2449897.22346 29.92401
2449898.22351 30.66890
2449899.22356 25.49747
2449900.22360 30.94911
2449901.22365 25.09662
2449902.22369 22.39408
2449903.22374 20.63848
2449904.22378 19.59903
2449905.22383 17.02132
2449906.22388 18.39873
2449907.22392 15.61532
2449908.22397 17.41745
2449909.22401 14.00082
2449910.22406 14.90360
2449911.22410 15.42645
2449912.22415 14.90249
2449913.22419 15.81892
2449914.22424 14.17163
2449915.22429 18.70547
2449916.22433 22.39828
2449917.22438 23.50495
2449918.22442 23.80252
2449919.22447 24.96930
2449920.22451 25.63272
2449921.22456 30.25594
2449922.22461 20.96489
2449923.22465 25.22170
2449924.22470 29.74070
2449925.22474 28.07468
2449926.22479 28.26430
2449927.22483 26.53871
2449928.22488 25.56305
2450114.23337 21.41806
2450115.23341 17.26281
2450116.23346 24.64431
2450117.23350 18.56604
2450118.23355 20.90911
2450119.23359 22.22328
2450120.23364 18.86746
2450121.23369 21.45713
2450122.23373 18.77985
2450123.23378 24.05384
2450124.23382 23.81077
2450125.23387 28.73160
2450126.23391 24.13981
2450127.23396 21.54291
2450128.23401 28.39706
2450129.23405 35.47943
2450130.23410 33.95283
2450131.23414 32.03413
2450132.23419 39.36810
2450133.23423 31.14749
2450134.23428 29.80316
2450135.23433 29.72282
2450136.23437 33.07581
2450137.23442 35.33216
2450138.23446 28.36048
2450139.23451 27.24669
2450140.23455 25.46155
2450141.23460 16.47237
2450142.23464 24.62787
2450143.23469 22.17710
2450144.23474 23.68360
2450145.23478 22.42374
2450146.23483 18.84258
2450147.23487 21.62928
2450148.23492 23.47090
2450149.23496 22.06079
2450150.23501 21.19938
2450151.23506 23.87285
2450152.23510 27.65862
2450153.23515 29.89235
2450154.23519 26.35306
2450155.23524 30.68886
2450156.23528 34.81336
2450157.23533 31.26742
2450158.23537 30.68868
2450159.23542 35.64653
2450160.23547 36.40041
2450161.23551 32.81325
2450162.23556 34.57964
2450163.23560 28.65428
2450164.23565 32.71592
2450165.23569 26.67547
2450166.23574 27.81032
2450167.23579 28.92609
2450168.23583 20.28218
2450169.23588 25.50365
2450170.23592 24.76190
2450171.23597 16.63488
2450172.23601 21.69439
2450173.23606 24.21164
2450174.23610 26.29996
2450175.23615 28.11663
2450176.23620 25.70887
2450177.23624 27.11649
2450178.23629 26.46053
2450179.23633 31.50616
2450180.23638 33.78646
2450181.23642 25.01307
2450182.23647 32.78728
2450183.23652 33.17223
2450184.23656 35.94734
2450185.23661 37.81831
2450186.23665 40.29414
2450187.23670 33.62679
2450188.23674 33.25809
2450189.23679 31.77383
2450190.23683 28.26520
2450191.23688 31.80091
2450192.23693 31.87420
2450193.23697 23.49300
2450194.23702 23.27483
2450195.23706 21.35342
2450196.23711 20.42685
2450197.23715 21.28008
2450198.23720 22.82120
2450199.23725 23.14746
2450200.23729 22.66154
2450201.23734 24.40104
2450202.23738 26.40775
2450203.23743 24.48917
2450204.23747 31.39447
2450205.23752 28.34085
2450206.23757 29.53975
2450207.23761 30.75685
2450208.23766 32.02470
2450209.23770 39.03587
2450210.23775 38.71600
2450211.23779 30.98319
2450212.23784 30.09438
2450213.23788 34.45322
2450214.23793 40.52697
2450215.23798 35.03043
2450216.23802 24.08959
2450217.23807 31.65411
2450218.23811 27.70697
2450219.23816 29.37023
2450220.23820 26.08071
2450221.23825 23.31492
2450222.23830 24.81515
2450223.23834 22.46632
2450224.23839 23.78539
2450225.23843 22.66577
2450226.23848 25.46654
2450227.23852 30.18965
2450228.23857 25.39482
2450229.23861 24.60060
2450230.23866 31.10115
2450231.23871 32.11258
2450232.23875 26.54976
2450233.23880 32.72036
2450234.23884 34.24568
2450235.23889 37.72405
2450236.23893 36.32113
2450237.23898 37.67889
2450238.23903 36.46339
2450239.23907 31.32387
2450240.23912 35.82966
2450241.23916 38.58070
2450242.23921 34.18708
2450243.23925 28.77960
2450244.23930 29.66981
2450245.23934 26.91402
2450246.23939 23.63023
2450247.23944 31.08051
2450248.23948 24.69130
2450249.23953 23.65286
2450250.23957 27.69728
2450251.23962 21.35180
2450252.23966 24.90431
2450253.23971 24.61297
2450254.23976 26.63480
2450255.23980 27.92040
2450256.23985 23.90137
2450257.23989 30.78772
2450258.23994 34.14088
2450259.23998 32.58422
2450260.24003 38.38635
2450261.24007 31.99151
2450262.24012 43.11676
2450263.24017 34.28604
2450264.24021 43.20240
2450265.24026 30.14100
2450266.24030 30.28601
2450267.24035 39.29445
2450268.24039 31.59735
2450269.24044 32.91514
2450270.24049 29.45132
2450271.24053 31.06475
2450272.24058 26.97506
2450273.24062 28.96168
2450274.24067 24.74248
2450275.24071 24.91272
2450276.24076 21.61024
2450277.24080 26.30289
2450278.24085 28.88412
2450279.24090 24.97757
2450280.24094 27.19053
2450281.24099 29.25556
2450282.24103 26.70601
2450283.24108 31.40456
2450284.24112 32.01682
2450285.24117 25.23646
2450286.24122 35.14131
2450287.24126 33.44925
2450288.24131 33.83928
2450289.24135 32.21252
2450290.24140 30.93278
2450291.24144 38.64023
2450292.24149 36.87643
2450293.24154 33.37158
2450479.25002 39.08587
2450480.25007 28.16395
2450481.25011 34.62693
2450482.25016 32.07583
2450483.25021 28.32567
2450484.25025 25.37496
2450485.25030 29.00865
2450486.25034 29.67345
2450487.25039 27.30267
2450488.25043 27.45488
2450489.25048 32.05940
2450490.25052 29.63865
2450491.25057 27.84045
2450492.25062 35.92524
2450493.25066 33.77066
2450494.25071 36.22725
2450495.25075 36.76712
2450496.25080 43.08205
2450497.25084 36.68760
2450498.25089 41.50925
2450499.25094 41.22861
2450500.25098 40.70327
2450501.25103 42.60048
2450502.25107 33.30393
2450503.25112 40.09704
2450504.25116 30.67789
2450505.25121 35.44929
2450506.25125 31.97963
2450507.25130 29.16695
2450508.25135 29.16379
2450509.25139 28.96947
2450510.25144 24.74005
2450511.25148 27.60929
2450512.25153 25.90528
2450513.25157 28.08981
2450514.25162 27.18340
2450515.25167 29.94417
2450516.25171 30.65218
2450517.25176 32.03990
2450518.25180 36.07260
2450519.25185 32.03844
2450520.25189 38.85941
2450521.25194 34.15201
2450522.25199 38.50168
2450523.25203 39.90876
2450524.25208 38.03324
2450525.25212 39.95411
2450526.25217 41.93640
2450527.25221 41.74044
2450528.25226 38.44945
2450529.25230 43.54202
2450530.25235 32.84616
2450531.25240 34.54386
2450532.25244 35.21424
2450533.25249 31.30088
2450534.25253 30.56510
2450535.25258 32.10181
2450536.25262 28.71167
2450537.25267 27.64081
2450538.25272 25.67361
2450539.25276 24.22124
2450540.25281 28.10218
2450541.25285 29.69970
2450542.25290 28.03494
2450543.25294 30.48123
2450544.25299 34.92605
2450545.25303 36.70481
2450546.25308 36.00382
2450547.25313 34.65950
2450548.25317 46.27301
2450549.25322 41.32578
2450550.25326 44.49319
2450551.25331 39.82362
2450552.25335 38.99027
2450553.25340 46.63202
2450554.25345 31.25265
2450555.25349 33.26375
2450556.25354 38.86596
2450557.25358 33.22328
2450558.25363 34.74106
2450559.25367 31.49637
2450560.25372 27.10478
2450561.25376 28.66210
2450562.25381 26.75024
2450563.25386 23.10068
2450564.25390 30.24024
2450565.25395 31.55031
2450566.25399 23.90396
2450567.25404 26.30572
2450568.25408 32.99889
2450569.25413 37.74015
2450570.25418 38.37953
2450571.25422 27.02989
2450572.25427 37.27811
2450573.25431 38.58422
2450574.25436 38.05624
2450575.25440 42.15148
2450576.25445 47.90316
2450577.25449 41.41163
2450578.25454 37.06057
2450579.25459 45.03293
2450580.25463 32.45841
2450581.25468 35.21808
2450582.25472 42.61432
2450583.25477 34.79682
2450584.25481 30.81087
2450585.25486 34.45494
2450586.25491 32.32812
2450587.25495 27.48328
2450588.25500 29.67610
2450589.25504 26.86022
2450590.25509 29.64352
2450591.25513 25.32037
2450592.25518 24.73813
2450593.25522 24.02392
2450594.25527 30.66960
2450595.25532 31.13104
2450596.25536 34.70340
2450597.25541 35.97858
2450598.25545 39.58229
2450599.25550 48.90339
2450600.25554 43.08769
2450601.25559 38.75265
2450602.25564 48.19112
2450603.25568 40.81825
2450604.25573 45.60574
2450605.25577 39.62472
2450606.25582 37.90835
2450607.25586 39.60740
2450608.25591 39.22275
2450609.25596 35.56955
2450610.25600 27.95898
2450611.25605 28.76096
2450612.25609 29.20908
2450613.25614 35.28550
2450614.25618 20.96933
2450615.25623 27.14048
2450616.25627 27.31101
2450617.25632 29.34977
2450618.25637 30.62952
2450619.25641 26.43526
2450620.25646 34.10454
2450621.25650 28.76040
2450622.25655 26.12861
2450623.25659 35.37757
2450624.25664 36.90330
2450625.25669 40.96021
2450626.25673 40.16530
2450627.25678 45.97696
2450628.25682 38.52579
2450629.25687 46.21211
2450630.25691 37.71491
2450631.25696 44.67440
2450632.25700 36.40203
2450633.25705 36.65604
2450634.25710 35.29973
2450635.25714 36.06890
2450636.25719 33.18300
2450637.25723 39.16141
2450638.25728 29.84010
2450639.25732 28.82676
2450640.25737 27.39028
2450641.25742 25.12446
2450642.25746 29.91614
2450643.25751 24.15972
2450644.25755 25.74659
2450645.25760 29.73064
2450646.25764 25.40782
2450647.25769 31.23347
2450648.25773 32.49002
2450649.25778 28.43205
2450650.25783 35.06956
2450651.25787 34.58951
2450652.25792 42.83243
2450653.25796 44.09237
2450654.25801 39.11349
2450655.25805 48.35193
2450656.25810 38.12123
2450657.25815 43.30812
2450658.25819 43.72580
2450844.26668 32.49726
2450845.26672 34.86874
2450846.26677 29.27038
2450847.26682 25.63142
2450848.26686 31.53794
2450849.26691 26.58371
2450850.26695 25.43763
2450851.26700 29.83722
2450852.26704 22.38679
2450853.26709 31.52239
2450854.26714 26.50646
2450855.26718 24.28348
2450856.26723 27.81290
2450857.26727 27.39646
2450858.26732 26.16135
2450859.26736 26.36716
2450860.26741 34.64334
2450861.26745 31.48071
2450862.26750 28.49126
2450863.26755 38.83295
2450864.26759 43.96082
2450865.26764 42.47959
2450866.26768 40.51024
2450867.26773 37.44409
2450868.26777 36.97607
2450869.26782 42.82743
2450870.26787 33.32971
2450871.26791 32.76388
2450872.26796 25.74271
2450873.26800 28.41387
2450874.26805 29.18056
2450875.26809 21.98435
2450876.26814 29.27771
2450877.26818 26.08920
2450878.26823 25.60955
2450879.26828 24.92535
2450880.26832 26.40134
2450881.26837 26.24146
2450882.26841 23.64473
2450883.26846 28.59933
2450884.26850 26.63046
2450885.26855 34.09490
2450886.26860 31.29643
2450887.26864 33.96052
2450888.26869 37.30221
2450889.26873 38.27854
2450890.26878 31.36126
2450891.26882 41.21624
2450892.26887 33.78855
2450893.26891 28.22588
2450894.26896 41.10952
2450895.26901 34.73446
2450896.26905 37.30197
2450897.26910 34.73555
2450898.26914 28.50923
2450899.26919 28.86351
2450900.26923 32.37440
2450901.26928 19.21523
2450902.26933 26.19399
2450903.26937 24.28334
2450904.26942 23.99218
2450905.26946 28.24820
2450906.26951 23.97883
2450907.26955 26.05353
2450908.26960 24.47870
2450909.26964 29.54077
2450910.26969 30.28473
2450911.26974 34.42547
2450912.26978 30.69171
2450913.26983 31.38601
2450914.26987 33.72207
2450915.26992 38.16428
2450916.26996 36.81336
2450917.27001 40.60528
2450918.27006 39.78877
2450919.27010 44.05929
2450920.27015 35.56056
2450921.27019 37.32278
2450922.27024 35.74432
2450923.27028 27.84937
2450924.27033 32.43093
2450925.27038 29.66449
2450926.27042 25.88664
2450927.27047 27.94951
2450928.27051 28.76271
2450929.27056 24.65545
2450930.27060 25.10422
2450931.27065 26.97805
2450932.27069 28.05694
2450933.27074 25.66465
2450934.27079 27.70742
2450935.27083 31.66301
2450936.27088 33.96763
2450937.27092 33.67923
2450938.27097 38.24848
2450939.27101 33.32390
2450940.27106 43.26043
2450941.27111 38.96768
2450942.27115 39.65433
2450943.27120 37.60678
2450944.27124 37.11932
2450945.27129 36.03405
2450946.27133 32.62760
2450947.27138 33.14257
2450948.27142 44.44392
2450949.27147 30.95067
2450950.27152 36.88717
2450951.27156 24.31289
2450952.27161 27.68436
2450953.27165 19.50748
2450954.27170 22.66194
2450955.27174 26.45855
2450956.27179 22.22336
2450957.27184 24.16853
2450958.27188 25.59893
2450959.27193 29.17716
2450960.27197 26.38220
2450961.27202 27.72772
2450962.27206 33.31163
2450963.27211 34.03670
2450964.27215 35.56967
2450965.27220 31.70137
2450966.27225 35.11353
2450967.27229 40.12888
2450968.27234 30.21761
2450969.27238 42.40429
2450970.27243 28.29898
2450971.27247 35.78746
2450972.27252 33.01158
2450973.27257 32.99851
2450974.27261 31.50001
2450975.27266 29.78392
2450976.27270 29.81054
2450977.27275 24.77535
2450978.27279 22.96488
2450979.27284 29.77897
2450980.27288 26.69174
2450981.27293 29.88002
2450982.27298 23.31282
2450983.27302 24.60590
2450984.27307 20.14558
2450985.27311 20.94348
2450986.27316 26.38509
2450987.27320 24.90783
2450988.27325 27.30396
2450989.27330 27.68491
2450990.27334 28.97935
2450991.27339 32.65192
2450992.27343 35.64625
2450993.27348 35.40261
2450994.27352 39.18410
2450995.27357 32.54363
2450996.27362 41.34921
2450997.27366 30.43300
2450998.27371 37.77083
2450999.27375 29.70294
2451000.27380 35.64983
2451001.27384 33.74474
2451002.27389 26.80884
2451003.27393 26.52682
2451004.27398 27.68415
2451005.27403 23.50910
2451006.27407 25.78726
2451007.27412 23.81361
2451008.27416 23.06333
2451009.27421 26.75822
2451010.27425 27.86218
2451011.27430 22.10428
2451012.27435 22.06239
2451013.27439 27.58183
2451014.27444 21.37120
2451015.27448 24.34589
2451016.27453 33.38111
2451017.27457 34.07745
2451018.27462 29.93986
2451019.27466 37.34228
2451020.27471 40.38205
2451021.27476 41.70522
2451022.27480 36.40114
2451023.27485 36.48016
2451209.28333 28.48273
2451210.28338 23.95302
2451211.28343 24.07039
2451212.28347 25.84062
2451213.28352 24.28579
2451214.28356 16.62594
2451215.28361 19.28347
2451216.28365 18.86829
2451217.28370 16.97479
2451218.28375 15.33362
2451219.28379 19.19958
2451220.28384 17.76883
2451221.28388 20.71617
2451222.28393 22.03128
2451223.28397 19.43532
2451224.28402 23.85170
2451225.28406 25.20486
2451226.28411 22.97376
2451227.28416 27.46088
2451228.28420 32.59676
2451229.28425 25.53426
2451230.28429 30.20256
2451231.28434 29.90883
2451232.28438 24.87973
2451233.28443 26.94620
2451234.28448 30.69442
2451235.28452 25.82810
2451236.28457 26.71647
2451237.28461 21.63920
2451238.28466 23.55705
2451239.28470 22.26050
2451240.28475 18.46818
2451241.28480 20.29264
2451242.28484 16.00866
2451243.28489 13.17583
2451244.28493 16.21397
2451245.28498 14.93136
2451246.28502 17.24945
2451247.28507 19.14283
2451248.28511 21.88018
2451249.28516 21.08210
2451250.28521 21.71345
2451251.28525 26.36940
2451252.28530 27.35673
2451253.28534 27.57430
2451254.28539 31.58760
2451255.28543 30.37335
2451256.28548 28.99367
2451257.28553 28.71424
2451258.28557 28.65664
2451259.28562 30.62934
2451260.28566 21.90322
2451261.28571 28.47343
2451262.28575 26.72185
2451263.28580 19.79732
2451264.28584 28.04840
2451265.28589 19.26776
2451266.28594 18.08167
2451267.28598 19.25909
2451268.28603 18.43197
2451269.28607 17.33571
2451270.28612 17.55192
2451271.28616 16.49249
2451272.28621 15.90671
2451273.28626 19.73735
2451274.28630 20.65108
2451275.28635 21.52538
2451276.28639 21.64740
2451277.28644 19.34730
2451278.28648 27.62694
2451279.28653 26.53290
2451280.28657 30.46400
2451281.28662 26.59163
2451282.28667 29.38971
2451283.28671 32.04752
2451284.28676 34.49915
2451285.28680 29.28978
2451286.28685 28.78026
2451287.28689 26.79196
2451288.28694 24.15147
2451289.28699 19.15643
2451290.28703 24.55102
2451291.28708 21.25962
2451292.28712 19.45958
2451293.28717 18.17693
2451294.28721 15.90683
2451295.28726 15.46507
2451296.28730 17.86438
2451297.28735 13.13779
2451298.28740 16.12212
2451299.28744 13.30371
2451300.28749 17.22950
2451301.28753 19.92375
2451302.28758 21.78891
2451303.28762 22.41768
2451304.28767 23.13229
2451305.28772 30.53389
2451306.28776 26.38782
2451307.28781 29.68785
2451308.28785 26.94242
2451309.28790 26.83235
2451310.28794 22.49871
2451311.28799 29.78216
2451312.28804 24.02346
2451313.28808 25.78600
2451314.28813 24.57602
2451315.28817 20.40035
2451316.28822 23.31710
2451317.28826 18.44791
2451318.28831 16.77015
2451319.28835 17.84013
2451320.28840 17.08120
2451321.28845 16.05782
2451322.28849 16.65379
2451323.28854 13.70160
2451324.28858 17.57366
2451325.28863 13.14510
2451326.28867 17.31667
2451327.28872 17.94993
2451328.28877 18.75734
2451329.28881 24.14763
2451330.28886 25.15180
2451331.28890 21.76756
2451332.28895 23.97681
2451333.28899 30.89151
2451334.28904 27.19648
2451335.28908 25.83852
2451336.28913 26.22189
2451337.28918 25.63045
2451338.28922 30.59215
2451339.28927 25.68510
2451340.28931 23.08594
2451341.28936 19.76077
2451342.28940 19.66213
2451343.28945 21.47889
2451344.28950 17.09563
2451345.28954 18.12990
2451346.28959 17.77161
2451347.28963 13.17366
2451348.28968 11.68821
2451349.28972 15.47359
2451350.28977 16.34745
2451351.28981 14.70801
2451352.28986 16.14340
2451353.28991 17.14904
2451354.28995 20.42881
2451355.29000 17.81607
2451356.29004 26.07236
2451357.29009 22.44273
2451358.29013 28.94106
2451359.29018 21.80422
2451360.29023 25.97806
2451361.29027 23.63503
2451362.29032 26.17419
2451363.29036 29.94119
2451364.29041 31.90995
2451365.29045 27.04988
2451366.29050 22.61946
2451367.29054 26.90312
2451368.29059 21.10180
2451369.29064 16.76560
2451370.29068 16.66012
2451371.29073 16.02205
2451372.29077 13.76570
2451373.29082 13.98359
2451374.29086 13.49133
2451375.29091 15.11867
2451376.29096 14.04229
2451377.29100 14.09727
2451378.29105 17.36739
2451379.29109 13.50604
2451380.29114 15.71325
2451381.29118 20.32692
2451382.29123 17.43034
2451383.29127 20.46714
2451384.29132 26.37539
2451385.29137 25.68545
2451386.29141 21.61942
2451387.29146 29.26199
2451388.29150 27.92822
2451575.30004 16.12538
2451576.30008 16.78160
2451577.30013 17.63312
2451578.30017 14.97458
2451579.30022 11.56276
2451580.30026 9.63494
2451581.30031 11.23435
2451582.30036 9.52318
2451583.30040 9.25955
2451584.30045 7.51835
2451585.30049 8.47316
2451586.30054 7.71281
2451587.30058 9.48733
2451588.30063 11.70239
2451589.30068 12.73566
2451590.30072 12.80323
2451591.30077 16.89032
2451592.30081 16.99811
2451593.30086 17.86311
2451594.30090 19.61599
2451595.30095 21.88600
2451596.30099 23.60718
2451597.30104 19.33182
2451598.30109 16.56698
2451599.30113 14.81511
2451600.30118 19.33813
2451601.30122 21.46554
2451602.30127 16.81918
2451603.30131 16.34479
2451604.30136 14.14647
2451605.30141 11.75930
2451606.30145 11.58674
2451607.30150 8.60965
2451608.30154 7.96755
2451609.30159 5.90003
2451610.30163 6.54535
2451611.30168 6.74222
2451612.30172 8.22639
2451613.30177 8.38132
2451614.30182 9.89369
2451615.30186 11.47911
2451616.30191 12.78596
2451617.30195 14.26874
2451618.30200 15.50892
2451619.30204 15.55957
2451620.30209 17.12338
2451621.30214 19.89406
2451622.30218 19.01165
2451623.30223 17.86515
2451624.30227 19.97073
2451625.30232 19.20860
2451626.30236 14.05739
2451627.30241 14.98884
2451628.30246 14.54182
2451629.30250 14.66798
2451630.30255 12.71227
2451631.30259 11.76576
2451632.30264 8.28154
2451633.30268 10.10075
2451634.30273 7.67582
2451635.30277 6.51762
2451636.30282 6.67327
2451637.30287 6.49261
2451638.30291 6.80195
2451639.30296 7.17981
2451640.30300 8.99827
2451641.30305 10.53378
2451642.30309 11.67733
2451643.30314 12.86019
2451644.30319 16.19388
2451645.30323 18.73673
2451646.30328 21.63548
2451647.30332 18.01206
2451648.30337 18.50603
2451649.30341 21.25292
2451650.30346 18.45972
2451651.30350 22.21784
2451652.30355 19.96002
2451653.30360 15.51089
2451654.30364 15.42526
2451655.30369 11.16166
2451656.30373 11.66703
2451657.30378 11.68120
2451658.30382 9.81540
2451659.30387 7.97071
2451660.30392 6.76555
2451661.30396 5.94096
2451662.30401 5.22637
2451663.30405 5.99225
2451664.30410 5.77714
2451665.30414 6.29847
2451666.30419 8.69667
2451667.30423 8.75951
2451668.30428 9.56985
2451669.30433 11.57165
2451670.30437 16.46377
2451671.30442 14.51798
2451672.30446 17.14118
2451673.30451 18.48975
2451674.30455 22.05747
2451675.30460 18.93921
2451676.30465 18.14424
2451677.30469 21.11550
2451678.30474 17.14309
2451679.30478 17.63448
2451680.30483 17.91780
2451681.30487 14.47723
2451682.30492 10.46185
2451683.30496 8.14139
2451684.30501 9.02336
2451685.30506 7.55414
2451686.30510 5.71420
2451687.30515 6.01736
2451688.30519 5.30239
2451689.30524 6.18368
2451690.30528 6.31684
2451691.30533 6.01648
2451692.30538 6.25309
2451693.30542 9.74091
2451694.30547 10.14568
2451695.30551 12.80707
2451696.30556 14.60485
2451697.30560 16.89463
2451698.30565 18.75213
2451699.30569 14.27651
2451700.30574 15.89006
2451701.30579 19.31681
2451702.30583 17.29707
2451703.30588 17.73972
2451704.30592 17.43789
2451705.30597 16.78472
2451706.30601 14.13119
2451707.30606 11.62576
2451708.30611 13.05395
2451709.30615 9.77493
2451710.30620 8.62129
2451711.30624 6.84828
2451712.30629 7.08666
2451713.30633 5.56025
2451714.30638 4.75680
2451715.30643 4.78495
2451716.30647 4.29975
2451717.30652 4.86932
2451718.30656 7.14636
2451719.30661 8.48262
2451720.30665 10.62485
2451721.30670 11.25246
2451722.30674 13.46857
2451723.30679 14.58970
2451724.30684 14.23817
2451725.30688 18.14606
2451726.30693 19.90599
2451727.30697 17.26459
2451728.30702 19.91956
2451729.30706 16.92681
2451730.30711 17.30153
2451731.30716 13.63521
2451732.30720 11.83680
2451733.30725 14.32727
2451734.30729 9.75068
2451735.30734 9.44152
2451736.30738 8.87063
2451737.30743 6.58814
2451738.30747 6.60317
2451739.30752 4.48522
2451740.30757 4.02314
2451741.30761 5.05318
2451742.30766 5.12735
2451743.30770 5.21854
2451744.30775 6.47749
2451745.30779 6.39956
2451746.30784 7.48554
2451747.30789 11.01358
2451748.30793 12.18561
2451749.30798 14.31759
2451750.30802 16.69070
2451751.30807 15.70189
2451752.30811 20.14121
2451753.30816 19.20973
2451754.30820 18.16259
2451940.31669 12.73164
2451941.31674 10.98609
2451942.31678 10.93048
2451943.31683 9.57560
2451944.31688 7.24346
2451945.31692 5.31016
2451946.31697 4.00424
2451947.31701 3.05692
2451948.31706 2.45691
2451949.31710 1.64016
2451950.31715 1.11770
2451951.31719 1.72111
2451952.31724 2.43177
2451953.31729 2.96782
2451954.31733 4.23036
2451955.31738 5.82011
2451956.31742 7.08259
2451957.31747 7.98609
2451958.31751 9.12584
2451959.31756 11.09087
2451960.31761 11.71737
2451961.31765 12.30909
2451962.31770 15.05775
2451963.31774 15.01470
2451964.31779 15.36713
2451965.31783 16.03010
2451966.31788 13.20146
2451967.31792 14.25512
2451968.31797 11.36641
2451969.31802 8.95878
2451970.31806 7.74908
2451971.31811 5.15405
2451972.31815 4.69447
2451973.31820 3.05036
2451974.31824 2.09059
2451975.31829 1.56071
2451976.31834 1.39360
2451977.31838 1.40229
2451978.31843 1.76576
2451979.31847 2.67451
2451980.31852 4.40975
2451981.31856 4.60951
2451982.31861 6.75179
2451983.31865 7.46680
2451984.31870 10.42945
2451985.31875 12.41715
2451986.31879 11.40669
2451987.31884 15.16497
2451988.31888 14.58920
2451989.31893 12.71458
2451990.31897 13.84630
2451991.31902 13.71616
2451992.31907 12.83613
2451993.31911 11.54705
2451994.31916 10.67138
2451995.31920 8.92091
2451996.31925 6.80546
2451997.31929 5.94229
2451998.31934 5.33464
2451999.31938 2.96713
2452000.31943 2.01571
2452001.31948 1.30825
2452002.31952 1.09383
2452003.31957 1.30111
2452004.31961 2.07462
2452005.31966 3.19804
2452006.31970 3.86240
2452007.31975 4.49785
2452008.31980 6.27113
2452009.31984 8.15427
2452010.31989 10.61661
2452011.31993 11.89778
2452012.31998 11.81548
2452013.32002 13.94704
2452014.32007 13.76027
2452015.32011 14.03917
2452016.32016 14.37821
2452017.32021 16.05019
2452018.32025 13.02200
2452019.32030 11.00327
2452020.32034 11.21190
2452021.32039 9.52535
2452022.32043 7.05582
2452023.32048 5.45023
2452024.32053 3.47510
2452025.32057 2.38591
2452026.32062 2.32754
2452027.32066 1.50710
2452028.32071 1.23815
2452029.32075 1.19330
2452030.32080 1.45100
2452031.32085 2.69722
2452032.32089 3.72341
2452033.32094 4.50086
2452034.32098 5.79280
2452035.32103 7.21696
2452036.32107 8.36783
2452037.32112 15.06710
2452038.32116 11.20226
2452039.32121 12.98394
2452040.32126 15.16507
2452041.32130 13.40268
2452042.32135 16.06800
2452043.32139 15.48687
2452044.32144 12.46594
2452045.32148 11.75764
2452046.32153 10.87519
2452047.32158 10.43594
2452048.32162 6.58137
2452049.32167 6.22711
2452050.32171 3.74935
2452051.32176 3.20048
2452052.32180 2.16979
2452053.32185 1.34910
2452054.32189 0.96347
2452055.32194 1.10340
2452056.32199 1.00303
2452057.32203 2.40587
2452058.32208 2.65054
2452059.32212 4.81539
2452060.32217 6.49867
2452061.32221 9.02468
2452062.32226 10.31959
2452063.32231 9.50141
2452064.32235 11.89239
2452065.32240 13.90210
2452066.32244 13.28426
2452067.32249 16.15589
2452068.32253 14.29911
2452069.32258 11.87516
2452070.32262 14.37633
2452071.32267 12.05316
2452072.32272 10.98022
2452073.32276 8.39642
2452074.32281 8.90902
2452075.32285 5.97143
2452076.32290 4.18693
2452077.32294 3.59696
2452078.32299 2.33544
2452079.32304 1.38474
2452080.32308 0.98452
2452081.32313 1.20938
2452082.32317 1.31154
2452083.32322 2.19128
2452084.32326 2.98584
2452085.32331 4.76898
2452086.32335 6.11935
2452087.32340 7.83844
2452088.32345 6.29016
2452089.32349 12.14740
2452090.32354 10.07405
2452091.32358 15.22072
2452092.32363 15.71763
2452093.32367 14.64284
2452094.32372 12.44063
2452095.32377 12.09156
2452096.32381 14.26702
2452097.32386 9.84020
2452098.32390 11.60931
2452099.32395 8.38519
2452100.32399 7.78738
2452101.32404 6.28490
2452102.32409 5.47003
2452103.32413 3.52630
2452104.32418 2.73033
2452105.32422 1.73008
2452106.32427 1.26218
2452107.32431 1.12872
2452108.32436 1.23859
2452109.32440 1.91667
2452110.32445 3.35811
2452111.32450 4.54651
2452112.32454 6.02370
2452113.32459 7.07447
2452114.32463 9.35049
2452115.32468 10.98253
2452116.32472 11.53980
2452117.32477 14.19943
2452118.32482 11.95572
2452119.32486 14.10869
2452305.33335 15.59470
2452306.33339 13.93356
2452307.33344 13.11256
2452308.33349 12.13515
2452309.33353 9.57055
2452310.33358 7.77972
2452311.33362 7.61805
2452312.33367 5.19107
2452313.33371 5.05951
2452314.33376 2.80258
2452315.33380 3.27387
2452316.33385 2.49079
2452317.33390 2.39439
2452318.33394 3.27114
2452319.33399 4.76670
2452320.33403 5.36913
2452321.33408 6.91942
2452322.33412 9.63525
2452323.33417 11.00484
2452324.33422 11.77259
2452325.33426 13.11882
2452326.33431 14.05825
2452327.33435 15.94562
2452328.33440 16.24481
2452329.33444 17.64778
2452330.33449 18.80437
2452331.33454 15.50260
2452332.33458 13.95866
2452333.33463 16.67652
2452334.33467 13.57556
2452335.33472 11.27456
2452336.33476 9.35700
2452337.33481 6.26718
2452338.33485 5.45598
2452339.33490 4.33133
2452340.33495 3.86947
2452341.33499 3.34807
2452342.33504 3.33983
2452343.33508 3.27431
2452344.33513 4.16978
2452345.33517 4.64817
2452346.33522 5.49163
2452347.33527 5.74406
2452348.33531 9.57699
2452349.33536 9.81577
2452350.33540 12.52218
2452351.33545 14.49106
2452352.33549 13.78889
2452353.33554 15.70959
2452354.33558 17.87107
2452355.33563 16.36472
2452356.33568 16.20374
2452357.33572 15.94428
2452358.33577 15.16292
2452359.33581 10.81746
2452360.33586 12.67289
2452361.33590 13.81762
2452362.33595 10.72227
2452363.33600 9.43048
2452364.33604 5.65000
2452365.33609 5.40772
2452366.33613 4.76460
2452367.33618 4.10293
2452368.33622 3.17432
2452369.33627 3.75183
2452370.33631 4.21482
2452371.33636 4.47713
2452372.33641 6.15625
2452373.33645 8.35001
2452374.33650 7.63192
2452375.33654 10.64496
2452376.33659 12.38632
2452377.33663 15.84011
2452378.33668 13.71137
2452379.33673 14.65430
2452380.33677 15.09023
2452381.33682 17.11280
2452382.33686 16.11648
2452383.33691 18.62857
2452384.33695 15.78897
2452385.33700 13.31214
2452386.33704 12.17943
2452387.33709 11.31962
2452388.33714 10.01509
2452389.33718 8.41409
2452390.33723 7.94875
2452391.33727 6.78579
2452392.33732 4.07798
2452393.33736 4.33493
2452394.33741 4.22381
2452395.33746 4.36279
2452396.33750 5.70013
2452397.33755 5.33869
2452398.33759 6.41855
2452399.33764 8.59749
2452400.33768 8.03598
2452401.33773 11.74427
2452402.33777 11.76654
2452403.33782 15.23576
2452404.33787 18.13148
2452405.33791 15.96449
2452406.33796 16.70522
2452407.33800 20.19231
2452408.33805 18.56275
2452409.33809 14.66868
2452410.33814 16.83819
2452411.33819 15.28692
2452412.33823 13.68705
2452413.33828 15.23967
2452414.33832 10.47315
2452415.33837 9.38992
2452416.33841 10.00033
2452417.33846 7.06975
2452418.33851 6.87035
2452419.33855 6.23986
2452420.33860 4.64318
2452421.33864 4.22658
2452422.33869 3.64202
2452423.33873 5.38727
2452424.33878 6.75396
2452425.33882 8.83586
2452426.33887 9.33473
2452427.33892 9.80052
2452428.33896 12.62605
2452429.33901 13.02426
2452430.33905 16.31889
2452431.33910 16.37850
2452432.33914 15.87375
2452433.33919 17.88175
2452434.33924 16.70755
2452435.33928 19.42027
2452436.33933 15.45170
2452437.33937 16.98706
2452438.33942 13.66078
2452439.33946 15.00314
2452440.33951 10.89845
2452441.33955 8.97968
2452442.33960 10.21478
2452443.33965 7.58243
2452444.33969 7.39416
2452445.33974 5.73565
2452446.33978 5.02554
2452447.33983 5.13310
2452448.33987 6.58943
2452449.33992 6.66178
2452450.33997 6.04792
2452451.34001 7.25614
2452452.34006 9.50359
2452453.34010 10.42475
2452454.34015 13.15673
2452455.34019 16.43845
2452456.34024 16.57725
2452457.34028 18.95730
2452458.34033 14.60166
2452459.34038 19.74704
2452460.34042 20.56441
2452461.34047 20.70022
2452462.34051 18.92006
2452463.34056 18.23015
2452464.34060 17.44690
2452465.34065 14.88501
2452466.34070 11.91209
2452467.34074 11.46750
2452468.34079 9.51504
2452469.34083 8.22689
2452470.34088 6.58884
2452471.34092 5.81764
2452472.34097 6.52637
2452473.34101 5.61765
2452474.34106 6.27049
2452475.34111 6.62755
2452476.34115 7.96897
2452477.34120 8.23531
2452478.34124 11.55978
2452479.34129 9.60090
2452480.34133 12.48332
2452481.34138 16.84779
2452482.34143 18.51239
2452483.34147 14.34778
2452484.34152 16.67898
2452670.35000 25.97863
2452671.35005 23.55562
2452672.35010 23.04184
2452673.35014 22.57260
2452674.35019 23.78086
2452675.35023 19.52771
2452676.35028 15.03586
2452677.35032 14.96609
2452678.35037 14.33973
2452679.35042 14.49161
2452680.35046 11.25623
2452681.35051 10.86984
2452682.35055 11.75687
2452683.35060 12.24834
2452684.35064 10.46874
2452685.35069 11.58975
2452686.35073 12.64077
2452687.35078 16.67929
2452688.35083 20.27664
2452689.35087 17.21166
2452690.35092 22.31637
2452691.35096 22.90456
2452692.35101 22.22195
2452693.35105 23.76105
2452694.35110 25.70808
2452695.35115 24.39846
2452696.35119 26.25932
2452697.35124 23.85077
2452698.35128 21.96254
2452699.35133 19.28745
2452700.35137 20.20513
2452701.35142 19.09165
2452702.35146 16.14238
2452703.35151 14.79150
2452704.35156 14.20659
2452705.35160 14.47541
2452706.35165 10.71177
2452707.35169 12.20609
2452708.35174 9.68113
2452709.35178 11.58138
2452710.35183 13.90238
2452711.35188 13.65521
2452712.35192 15.06401
2452713.35197 15.43437
2452714.35201 15.31905
2452715.35206 17.53612
2452716.35210 18.43331
2452717.35215 29.21108
2452718.35219 22.75421
2452719.35224 21.38923
2452720.35229 24.94464
2452721.35233 28.27208
2452722.35238 27.66166
2452723.35242 23.21444
2452724.35247 23.31008
2452725.35251 20.72630
2452726.35256 22.30389
2452727.35261 19.63291
2452728.35265 16.71900
2452729.35270 17.73725
2452730.35274 15.83874
2452731.35279 14.22269
2452732.35283 13.43193
2452733.35288 11.48377
2452734.35293 13.38739
2452735.35297 14.27619
2452736.35302 15.29693
2452737.35306 16.51349
2452738.35311 15.34073
2452739.35315 14.42177
2452740.35320 15.43616
2452741.35324 17.48656
2452742.35329 21.07440
2452743.35334 19.06498
2452744.35338 24.04668
2452745.35343 28.86570
2452746.35347 26.02184
2452747.35352 30.36075
2452748.35356 26.31058
2452749.35361 24.14185
2452750.35366 25.68497
2452751.35370 24.79272
2452752.35375 25.80528
2452753.35379 21.30407
2452754.35384 18.36081
2452755.35388 18.21848
2452756.35393 14.36071
2452757.35397 15.59925
2452758.35402 15.69431
2452759.35407 13.34850
2452760.35411 10.85304
2452761.35416 15.14823
2452762.35420 12.15740
2452763.35425 14.37317
2452764.35429 16.18529
2452765.35434 15.15764
2452766.35439 18.21691
2452767.35443 22.54287
2452768.35448 28.00761
2452769.35452 21.45456
2452770.35457 20.24138
2452771.35461 27.01623
2452772.35466 28.42392
2452773.35470 26.22731
2452774.35475 29.15864
2452775.35480 22.97271
2452776.35484 28.91725
2452777.35489 23.27840
2452778.35493 18.98534
2452779.35498 22.88029
2452780.35502 19.35757
2452781.35507 20.62820
2452782.35512 19.68703
2452783.35516 16.36227
2452784.35521 18.51573
2452785.35525 14.01885
2452786.35530 13.67107
2452787.35534 10.92669
2452788.35539 15.82817
2452789.35543 16.67720
2452790.35548 16.70979
2452791.35553 18.01658
2452792.35557 17.50867
2452793.35562 20.18146
2452794.35566 24.02345
2452795.35571 21.49950
2452796.35575 28.08548
2452797.35580 26.72643
2452798.35585 29.22348
2452799.35589 24.93709
2452800.35594 26.91928
2452801.35598 28.93092
2452802.35603 25.44239
2452803.35607 31.27509
2452804.35612 23.16465
2452805.35617 26.81001
2452806.35621 27.37770
2452807.35626 18.22045
2452808.35630 16.53902
2452809.35635 16.81265
2452810.35639 18.74695
2452811.35644 13.77757
2452812.35648 14.71446
2452813.35653 13.29326
2452814.35658 11.44053
2452815.35662 17.96122
2452816.35667 18.70718
2452817.35671 14.93323
2452818.35676 20.01182
2452819.35680 21.28964
2452820.35685 21.45835
2452821.35690 24.39566
2452822.35694 30.83480
2452823.35699 28.10437
2452824.35703 25.36561
2452825.35708 30.00428
2452826.35712 28.42503
2452827.35717 26.60514
2452828.35721 32.56889
2452829.35726 27.10374
2452830.35731 24.82970
2452831.35735 21.73105
2452832.35740 23.22715
2452833.35744 20.18273
2452834.35749 20.07453
2452835.35753 15.13621
2452836.35758 18.92474
2452837.35763 16.43697
2452838.35767 15.34792
2452839.35772 13.78885
2452840.35776 20.56208
2452841.35781 16.56906
2452842.35785 15.79679
2452843.35790 14.93752
2452844.35794 20.77109
2452845.35799 21.21333
2452846.35804 24.18808
2452847.35808 27.92915
2452848.35813 31.30132
2452849.35817 26.24172
2453036.36671 35.59036
2453037.36675 25.46834
2453038.36680 34.02848
2453039.36684 26.92055
2453040.36689 35.60170
2453041.36693 31.69452
2453042.36698 26.51628
2453043.36703 24.09360
2453044.36707 23.60380
2453045.36712 21.58573
2453046.36716 24.64161
2453047.36721 19.60192
2453048.36725 22.44412
2453049.36730 20.39197
2453050.36735 24.66584
2453051.36739 21.00240
2453052.36744 23.02477
2453053.36748 28.24461
2453054.36753 20.42516
2453055.36757 29.24267
2453056.36762 27.28888
2453057.36766 29.57683
2453058.36771 29.96088
2453059.36776 31.63997
2453060.36780 33.99588
2453061.36785 31.96995
2453062.36789 32.79350
2453063.36794 34.27696
2453064.36798 31.30358
2453065.36803 29.55814
2453066.36808 32.43533
2453067.36812 27.63290
2453068.36817 31.60780
2453069.36821 19.09000
2453070.36826 21.75920
2453071.36830 23.61828
2453072.36835 19.83407
2453073.36839 25.74661
2453074.36844 21.19066
2453075.36849 22.40354
2453076.36853 22.75841
2453077.36858 23.23957
2453078.36862 24.43964
2453079.36867 25.50151
2453080.36871 32.06171
2453081.36876 27.10763
2453082.36881 34.15691
2453083.36885 26.46537
2453084.36890 33.17788
2453085.36894 40.13267
2453086.36899 31.50646
2453087.36903 36.22295
2453088.36908 30.71366
2453089.36912 32.69498
2453090.36917 36.09321
2453091.36922 30.87248
2453092.36926 33.03236
2453093.36931 33.04450
2453094.36935 27.08335
2453095.36940 25.84741
2453096.36944 26.11395
2453097.36949 24.83223
2453098.36954 24.96375
2453099.36958 20.92383
2453100.36963 24.73032
2453101.36967 23.62926
2453102.36972 19.31244
2453103.36976 24.46236
2453104.36981 22.34311
2453105.36985 27.40520
2453106.36990 32.76209
2453107.36995 29.43970
2453108.36999 32.87018
2453109.37004 35.79246
2453110.37008 33.61887
2453111.37013 34.69504
2453112.37017 34.71710
2453113.37022 39.53600
2453114.37027 38.05092
2453115.37031 39.97084
2453116.37036 26.54699
2453117.37040 33.12469
2453118.37045 35.24845
2453119.37049 32.88221
2453120.37054 28.70994
2453121.37059 32.93316
2453122.37063 25.23610
2453123.37068 27.94225
2453124.37072 26.99881
2453125.37077 19.31246
2453126.37081 18.13938
2453127.37086 25.11294
2453128.37090 20.26848
2453129.37095 21.85153
2453130.37100 26.13996
2453131.37104 24.27137
2453132.37109 26.72714
2453133.37113 31.31938
2453134.37118 32.59425
2453135.37122 31.67307
2453136.37127 26.87492
2453137.37132 34.90093
2453138.37136 31.82753
2453139.37141 38.34815
2453140.37145 33.95358
2453141.37150 40.33945
2453142.37154 38.81694
2453143.37159 33.44691
2453144.37163 32.39953
2453145.37168 27.91432
2453146.37173 28.76063
2453147.37177 22.94861
2453148.37182 27.54508
2453149.37186 29.09358
2453150.37191 25.16092
2453151.37195 23.86544
2453152.37200 25.60841
2453153.37205 21.40414
2453154.37209 22.61099
2453155.37214 22.57825
2453156.37218 29.06590
2453157.37223 29.90203
2453158.37227 25.42166
2453159.37232 34.61220
2453160.37236 32.82574
2453161.37241 29.69035
2453162.37246 34.84333
2453163.37250 29.62410
2453164.37255 33.67518
2453165.37259 40.91463
2453166.37264 39.89343
2453167.37268 33.24024
2453168.37273 30.42254
2453169.37278 37.88242
2453170.37282 33.85491
2453171.37287 35.74440
2453172.37291 33.83634
2453173.37296 31.33142
2453174.37300 26.52187
2453175.37305 26.60905
2453176.37309 29.21516
2453177.37314 26.68115
2453178.37319 20.59164
2453179.37323 22.43572
2453180.37328 27.94016
2453181.37332 21.93271
2453182.37337 29.29159
2453183.37341 22.27185
2453184.37346 28.51722
2453185.37351 28.61290
2453186.37355 29.28330
2453187.37360 35.35257
2453188.37364 35.95714
2453189.37369 36.37073
2453190.37373 38.72805
2453191.37378 35.27553
2453192.37382 41.43206
2453193.37387 32.95862
2453194.37392 36.04088
2453195.37396 33.28051
2453196.37401 34.38454
2453197.37405 31.11612
2453198.37410 33.25918
2453199.37414 31.91264
2453200.37419 24.69301
2453201.37424 31.54968
2453202.37428 26.81297
2453203.37433 24.77232
2453204.37437 25.34148
2453205.37442 24.05103
2453206.37446 23.92622
2453207.37451 26.76168
2453208.37456 26.08662
2453209.37460 32.89073
2453210.37465 29.21876
2453211.37469 32.09872
2453212.37474 25.93111
2453213.37478 34.30771
2453214.37483 35.15888
2453215.37487 37.77064
2453401.38336 42.58823
2453402.38341 46.68385
2453403.38345 35.01765
2453404.38350 36.18817
2453405.38354 34.76537
2453406.38359 44.39523
2453407.38364 33.82635
2453408.38368 29.65398
2453409.38373 30.88927
2453410.38377 31.36650
2453411.38382 30.10758
2453412.38386 28.17746
2453413.38391 22.98312
2453414.38396 35.87712
2453415.38400 26.41889
2453416.38405 23.76362
2453417.38409 25.15598
2453418.38414 26.85192
2453419.38418 27.70938
2453420.38423 36.29657
2453421.38427 37.44463
2453422.38432 35.24851
2453423.38437 35.67959
2453424.38441 35.20330
2453425.38446 36.85685
2453426.38450 37.39180
2453427.38455 39.48036
2453428.38459 34.73903
2453429.38464 41.52434
2453430.38469 46.62559
2453431.38473 40.54195
2453432.38478 40.26951
2453433.38482 41.77864
2453434.38487 28.75415
2453435.38491 33.83691
2453436.38496 32.10684
2453437.38501 31.98057
2453438.38505 28.39623
2453439.38510 30.13105
2453440.38514 26.53246
2453441.38519 22.94432
2453442.38523 26.73389
2453443.38528 30.70866
2453444.38532 30.21037
2453445.38537 31.28267
2453446.38542 34.12908
2453447.38546 39.23457
2453448.38551 36.43636
2453449.38555 30.86902
2453450.38560 39.38320
2453451.38564 44.45137
2453452.38569 48.92597
2453453.38574 40.49874
2453454.38578 36.71447
2453455.38583 40.15761
2453456.38587 39.27283
2453457.38592 33.71672
2453458.38596 34.26979
2453459.38601 32.62394
2453460.38605 36.84591
2453461.38610 27.19588
2453462.38615 26.00047
2453463.38619 28.31370
2453464.38624 26.16141
2453465.38628 28.07326
2453466.38633 28.12157
2453467.38637 25.24151
2453468.38642 29.75409
2453469.38647 25.07514
2453470.38651 27.01230
2453471.38656 29.94988
2453472.38660 30.66934
2453473.38665 39.56015
2453474.38669 33.93116
2453475.38674 32.16172
2453476.38678 36.43877
2453477.38683 41.24886
2453478.38688 41.26885
2453479.38692 47.30290
2453480.38697 48.70215
2453481.38701 40.81422
2453482.38706 31.68962
2453483.38710 42.28956
2453484.38715 36.59454
2453485.38720 37.15909
2453486.38724 38.01890
2453487.38729 31.93317
2453488.38733 26.20639
2453489.38738 27.92063
2453490.38742 28.27011
2453491.38747 25.71609
2453492.38751 24.90755
2453493.38756 24.08018
2453494.38761 23.69906
2453495.38765 24.99392
2453496.38770 29.49037
2453497.38774 35.45755
2453498.38779 28.49580
2453499.38783 22.90777
2453500.38788 43.56718
2453501.38793 36.66254
2453502.38797 38.99433
2453503.38802 42.92105
2453504.38806 44.06560
2453505.38811 41.14927
2453506.38815 43.30842
2453507.38820 36.51178
2453508.38824 39.95495
2453509.38829 33.21104
2453510.38834 30.99100
2453511.38838 43.62899
2453512.38843 30.87501
2453513.38847 36.07817
2453514.38852 35.39548
2453515.38856 33.11693
2453516.38861 34.50310
2453517.38866 29.87442
2453518.38870 27.28006
2453519.38875 27.67484
2453520.38879 33.31760
2453521.38884 27.13577
2453522.38888 27.56509
2453523.38893 30.93664
2453524.38898 39.66705
2453525.38902 37.73725
2453526.38907 38.14559
2453527.38911 28.02453
2453528.38916 41.69292
2453529.38920 47.83907
2453530.38925 45.52350
2453531.38929 40.92419
2453532.38934 52.94348
2453533.38939 40.72139
2453534.38943 38.73505
2453535.38948 37.25369
2453536.38952 34.92506
2453537.38957 28.47370
2453538.38961 35.38656
2453539.38966 36.01282
2453540.38971 28.13566
2453541.38975 29.49114
2453542.38980 30.18737
2453543.38984 30.91124
2453544.38989 28.82595
2453545.38993 25.00508
2453546.38998 30.60385
2453547.39002 31.63541
2453548.39007 28.05567
2453549.39012 30.36901
2453550.39016 32.85699
2453551.39021 34.88553
2453552.39025 32.73063
2453553.39030 37.78690
2453554.39034 32.98019
2453555.39039 42.81415
2453556.39044 38.43182
2453557.39048 39.18708
2453558.39053 42.17271
2453559.39057 40.70747
2453560.39062 35.18117
2453561.39066 36.88938
2453562.39071 45.17151
2453563.39075 42.32710
2453564.39080 35.85109
2453565.39085 33.33835
2453566.39089 28.97084
2453567.39094 29.91637
2453568.39098 33.30665
2453569.39103 30.28319
2453570.39107 26.03651
2453571.39112 26.07688
2453572.39117 30.10253
2453573.39121 28.47196
2453574.39126 27.75666
2453575.39130 29.94221
2453576.39135 30.38572
2453577.39139 28.40361
2453578.39144 32.04549
2453579.39148 42.21776
2453580.39153 35.27304
2453766.40002 38.24476
2453767.40006 36.34089
2453768.40011 43.55101
2453769.40016 37.68207
2453770.40020 40.74463
2453771.40025 29.60961
2453772.40029 35.02199
2453773.40034 35.90280
2453774.40038 30.14404
2453775.40043 32.82241
2453776.40047 28.47857
2453777.40052 33.02138
2453778.40057 25.33812
2453779.40061 22.04686
2453780.40066 24.77074
2453781.40070 22.76198
2453782.40075 26.41214
2453783.40079 30.88947
2453784.40084 24.39989
2453785.40089 28.67709
2453786.40093 29.83536
2453787.40098 37.55991
2453788.40102 33.33698
2453789.40107 33.80652
2453790.40111 45.05170
2453791.40116 44.59198
2453792.40120 36.99951
2453793.40125 34.59081
2453794.40130 32.03637
2453795.40134 44.32262
2453796.40139 31.20517
2453797.40143 45.26863
2453798.40148 34.33027
2453799.40152 29.38532
2453800.40157 27.82774
2453801.40162 38.03814
2453802.40166 30.88226
2453803.40171 26.86024
2453804.40175 26.51245
2453805.40180 26.81839
2453806.40184 29.15482
2453807.40189 25.48720
2453808.40193 20.92326
2453809.40198 23.66837
2453810.40203 29.69682
2453811.40207 30.22310
2453812.40212 30.46741
2453813.40216 32.19375
2453814.40221 31.61074
2453815.40225 35.32082
2453816.40230 37.83893
2453817.40235 39.08223
2453818.40239 35.31528
2453819.40244 40.86752
2453820.40248 35.74043
2453821.40253 43.62654
2453822.40257 38.75809
2453823.40262 41.01990
2453824.40266 36.93550
2453825.40271 33.88003
2453826.40276 27.81565
2453827.40280 28.09165
2453828.40285 31.84323
2453829.40289 28.55980
2453830.40294 25.66614
2453831.40298 21.42438
2453832.40303 22.70804
2453833.40308 25.50225
2453834.40312 24.91986
2453835.40317 26.09556
2453836.40321 18.16675
2453837.40326 23.93737
2453838.40330 25.25464
2453839.40335 33.57341
2453840.40340 30.82762
2453841.40344 30.78389
2453842.40349 39.99193
2453843.40353 36.41520
2453844.40358 34.87150
2453845.40362 41.95062
2453846.40367 40.11090
2453847.40371 27.38029
2453848.40376 29.83490
2453849.40381 38.58922
2453850.40385 33.40857
2453851.40390 31.16427
2453852.40394 30.10979
2453853.40399 28.73265
2453854.40403 33.00356
2453855.40408 33.81580
2453856.40413 25.40739
2453857.40417 22.32965
2453858.40422 24.92186
2453859.40426 23.46019
2453860.40431 21.63212
2453861.40435 23.83252
2453862.40440 18.95512
2453863.40444 24.22548
2453864.40449 31.67256
2453865.40454 27.28206
2453866.40458 29.29561
2453867.40463 31.96981
2453868.40467 26.68904
2453869.40472 38.48003
2453870.40476 36.27376
2453871.40481 39.78001
2453872.40486 40.52187
2453873.40490 35.04703
2453874.40495 34.33622
2453875.40499 32.95994
2453876.40504 31.31435
2453877.40508 35.27681
2453878.40513 26.97844
2453879.40517 33.50132
2453880.40522 26.27199
2453881.40527 26.14701
2453882.40531 28.99517
2453883.40536 26.22608
2453884.40540 23.08942
2453885.40545 27.15591
2453886.40549 18.23135
2453887.40554 23.34081
2453888.40559 21.36004
2453889.40563 23.61615
2453890.40568 27.30064
2453891.40572 29.84620
2453892.40577 32.67699
2453893.40581 31.44401
2453894.40586 31.89722
2453895.40590 33.30179
2453896.40595 38.77607
2453897.40600 33.27622
2453898.40604 36.08132
2453899.40609 39.55367
2453900.40613 32.38750
2453901.40618 36.75490
2453902.40622 27.39239
2453903.40627 36.37285
2453904.40632 30.23580
2453905.40636 28.68669
2453906.40641 27.05537
2453907.40645 26.47566
2453908.40650 24.66578
2453909.40654 26.11300
2453910.40659 21.41261
2453911.40664 24.67786
2453912.40668 22.20778
2453913.40673 24.60948
2453914.40677 25.88605
2453915.40682 19.12192
2453916.40686 29.84814
2453917.40691 29.60051
2453918.40695 33.45078
2453919.40700 28.41804
2453920.40705 28.75085
2453921.40709 33.68799
2453922.40714 37.40449
2453923.40718 35.24645
2453924.40723 35.07023
2453925.40727 39.34975
2453926.40732 37.83064
2453927.40737 32.81131
2453928.40741 37.05740
2453929.40746 37.65718
2453930.40750 27.67328
2453931.40755 32.62476
2453932.40759 30.07385
2453933.40764 26.32391
2453934.40768 27.06736
2453935.40773 23.76542
2453936.40778 23.21845
2453937.40782 23.43415
2453938.40787 23.00186
2453939.40791 19.38592
2453940.40796 23.32854
2453941.40800 22.74263
2453942.40805 26.82738
2453943.40810 29.12037
2453944.40814 32.25331
2453945.40819 31.18016
2454131.41667 32.50821
2454132.41672 29.33375
2454133.41677 26.99624
2454134.41681 33.15197
2454135.41686 26.09744
2454136.41690 29.84514
2454137.41695 23.39069
2454138.41699 29.53915
2454139.41704 23.13143
2454140.41708 26.23238
2454141.41713 21.75198
2454142.41718 19.11836
2454143.41722 16.67563
2454144.41727 19.76608
2454145.41731 17.46616
2454146.41736 13.90643
2454147.41740 14.46477
2454148.41745 15.69612
2454149.41750 16.21098
2454150.41754 20.56800
2454151.41759 22.72366
2454152.41763 21.07268
2454153.41768 24.99663
2454154.41772 27.93153
2454155.41777 28.03123
2454156.41782 29.39127
2454157.41786 28.57475
2454158.41791 32.14108
2454159.41795 32.58160
2454160.41800 25.50908
2454161.41804 29.40758
2454162.41809 27.55176
2454163.41813 24.99773
2454164.41818 23.08359
2454165.41823 22.82926
2454166.41827 23.81426
2454167.41832 20.59979
2454168.41836 16.90821
2454169.41841 22.76388
2454170.41845 19.16848
2454171.41850 15.88767
2454172.41855 13.86047
2454173.41859 15.13753
2454174.41864 16.50472
2454175.41868 17.99527
2454176.41873 20.27286
2454177.41877 20.04503
2454178.41882 19.28299
2454179.41886 19.57195
2454180.41891 24.23108
2454181.41896 24.69794
2454182.41900 24.03683
2454183.41905 27.70207
2454184.41909 27.75352
2454185.41914 30.53005
2454186.41918 27.75621
2454187.41923 28.18318
2454188.41928 24.70472
2454189.41932 24.13840
2454190.41937 23.73104
2454191.41941 26.83079
2454192.41946 23.89056
2454193.41950 21.85081
2454194.41955 18.11059
2454195.41959 20.56836
2454196.41964 15.20231
2454197.41969 16.15850
2454198.41973 15.07156
2454199.41978 15.52848
2454200.41982 15.60649
2454201.41987 17.78450
2454202.41991 18.65126
2454203.41996 21.25777
2454204.42001 20.04946
2454205.42005 21.69588
2454206.42010 23.06942
2454207.42014 22.12100
2454208.42019 23.59741
2454209.42023 33.90782
2454210.42028 23.80929
2454211.42032 29.84050
2454212.42037 33.87070
2454213.42042 29.70574
2454214.42046 26.67049
2454215.42051 24.81453
2454216.42055 25.86838
2454217.42060 22.95628
2454218.42064 18.51485
2454219.42069 22.52355
2454220.42074 18.55526
2454221.42078 18.24895
2454222.42083 15.05881
2454223.42087 14.60641
2454224.42092 16.08528
2454225.42096 12.96802
2454226.42101 13.70728
2454227.42106 14.50826
2454228.42110 18.52139
2454229.42115 18.62560
2454230.42119 18.36818
2454231.42124 22.61126
2454232.42128 18.91791
2454233.42133 24.75273
2454234.42137 30.37977
2454235.42142 26.06795
2454236.42147 25.42077
2454237.42151 27.13853
2454238.42156 28.53851
2454239.42160 27.18076
2454240.42165 29.20625
2454241.42169 25.40498
2454242.42174 22.17179
2454243.42179 25.33491
2454244.42183 21.20189
2454245.42188 14.34996
2454246.42192 20.44774
2454247.42197 16.97068
2454248.42201 14.06029
2454249.42206 15.81022
2454250.42210 13.96908
2454251.42215 14.13398
2454252.42220 13.56369
2454253.42224 13.60554
2454254.42229 16.03550
2454255.42233 14.43925
2454256.42238 17.78474
2454257.42242 19.81705
2454258.42247 19.23314
2454259.42252 27.79391
2454260.42256 25.88264
2454261.42261 23.45097
2454262.42265 24.71621
2454263.42270 25.57857
2454264.42274 21.92370
2454265.42279 31.36864
2454266.42283 25.09711
2454267.42288 19.42941
2454268.42293 23.32102
2454269.42297 27.96676
2454270.42302 19.47890
2454271.42306 20.39637
2454272.42311 17.69649
2454273.42315 16.03128
2454274.42320 14.71160
2454275.42325 12.06271
2454276.42329 14.65693
2454277.42334 14.31708
2454278.42338 14.35141
2454279.42343 12.63692
2454280.42347 12.96296
2454281.42352 17.46129
2454282.42356 17.35965
2454283.42361 16.83373
2454284.42366 21.74640
2454285.42370 22.96258
2454286.42375 26.99046
2454287.42379 21.82766
2454288.42384 23.36911
2454289.42388 29.33512
2454290.42393 23.49809
2454291.42398 25.01088
2454292.42402 23.12005
2454293.42407 19.71751
2454294.42411 24.57071
2454295.42416 22.31147
2454296.42420 19.33926
2454297.42425 21.93036
2454298.42429 19.42691
2454299.42434 15.77652
2454300.42439 13.50727
2454301.42443 15.73695
2454302.42448 11.68010
2454303.42452 13.14504
2454304.42457 11.94953
2454305.42461 9.67353
2454306.42466 10.95001
2454307.42471 13.00651
2454308.42475 17.02940
2454309.42480 16.27016
2454310.42484 20.36138
2454497.43338 17.69914
2454498.43342 20.28738
2454499.43347 23.21202
2454500.43351 18.39109
2454501.43356 22.10980
2454502.43360 23.73752
2454503.43365 16.94431
2454504.43370 17.49480
2454505.43374 15.66219
2454506.43379 15.71474
2454507.43383 10.30847
2454508.43388 10.35604
2454509.43392 8.45697
2454510.43397 7.31932
2454511.43401 7.66425
2454512.43406 6.78700
2454513.43411 6.19968
2454514.43415 7.23287
2454515.43420 7.77614
2454516.43424 8.62853
2454517.43429 8.89091
2454518.43433 11.92506
2454519.43438 13.47597
2454520.43443 12.54312
2454521.43447 16.67003
2454522.43452 18.30086
2454523.43456 18.01675
2454524.43461 20.77211
2454525.43465 19.68909
2454526.43470 19.69900
2454527.43474 20.48232
2454528.43479 16.67951
2454529.43484 16.97885
2454530.43488 16.98295
2454531.43493 14.95351
2454532.43497 11.65155
2454533.43502 10.36265
2454534.43506 8.86672
2454535.43511 8.70808
2454536.43516 8.52780
2454537.43520 5.46207
2454538.43525 6.46662
2454539.43529 5.39046
2454540.43534 6.34562
2454541.43538 7.28923
2454542.43543 9.09900
2454543.43548 8.27542
2454544.43552 11.17933
2454545.43557 11.66735
2454546.43561 12.65992
2454547.43566 13.75288
2454548.43570 15.86780
2454549.43575 15.34435
2454550.43579 15.29547
2454551.43584 18.81783
2454552.43589 19.22390
2454553.43593 19.28856
2454554.43598 15.10556
2454555.43602 16.94670
2454556.43607 14.18057
2454557.43611 15.51094
2454558.43616 10.41627
2454559.43621 12.70861
2454560.43625 9.26043
2454561.43630 6.46088
2454562.43634 6.57421
2454563.43639 6.33665
2454564.43643 4.90328
2454565.43648 4.83057
2454566.43652 5.61984
2454567.43657 6.72492
2454568.43662 8.11544
2454569.43666 8.78443
2454570.43671 10.74644
2454571.43675 12.68120
2454572.43680 13.89260
2454573.43684 13.47721
2454574.43689 16.77533
2454575.43694 17.16443
2454576.43698 15.64228
2454577.43703 17.35221
2454578.43707 19.10115
2454579.43712 19.99090
2454580.43716 17.58874
2454581.43721 17.02504
2454582.43725 16.03641
2454583.43730 13.04521
2454584.43735 11.76549
2454585.43739 11.48712
2454586.43744 9.48286
2454587.43748 7.88824
2454588.43753 7.67286
2454589.43757 4.46817
2454590.43762 4.93260
2454591.43767 4.51287
2454592.43771 5.04086
2454593.43776 5.26304
2454594.43780 7.43723
2454595.43785 7.55087
2454596.43789 9.12880
2454597.43794 10.51587
2454598.43798 12.60095
2454599.43803 12.20473
2454600.43808 15.18100
2454601.43812 16.76879
2454602.43817 16.93511
2454603.43821 17.02000
2454604.43826 18.36018
2454605.43830 18.95034
2454606.43835 15.02479
2454607.43840 15.61890
2454608.43844 16.94146
2454609.43849 12.70754
2454610.43853 13.15861
2454611.43858 10.51194
2454612.43862 7.50650
2454613.43867 7.33159
2454614.43871 5.71072
2454615.43876 4.75928
2454616.43881 4.14663
2454617.43885 4.69672
2454618.43890 4.12072
2454619.43894 4.69036
2454620.43899 5.52828
2454621.43903 6.56214
2454622.43908 9.25056
2454623.43913 8.89451
2454624.43917 13.03416
2454625.43922 13.18280
2454626.43926 16.35474
2454627.43931 14.12307
2454628.43935 15.81859
2454629.43940 15.33040
2454630.43945 19.56222
2454631.43949 17.01873
2454632.43954 16.03940
2454633.43958 16.42498
2454634.43963 19.06408
2454635.43967 11.44126
2454636.43972 11.26183
2454637.43976 10.86628
2454638.43981 8.08082
2454639.43986 6.67202
2454640.43990 6.19057
2454641.43995 4.96306
2454642.43999 3.67645
2454643.44004 3.39256
2454644.44008 3.40523
2454645.44013 3.60068
2454646.44018 4.48112
2454647.44022 6.62260
2454648.44027 6.84123
2454649.44031 8.93612
2454650.44036 9.75213
2454651.44040 13.01589
2454652.44045 12.17293
2454653.44049 15.96662
2454654.44054 16.32253
2454655.44059 19.07019
2454656.44063 16.64375
2454657.44068 17.31298
2454658.44072 13.45930
2454659.44077 14.62540
2454660.44081 14.91317
2454661.44086 14.05293
2454662.44091 11.64432
2454663.44095 9.08818
2454664.44100 8.43510
2454665.44104 5.15046
2454666.44109 5.35817
2454667.44113 5.12277
2454668.44118 3.63320
2454669.44122 3.12325
2454670.44127 2.88206
2454671.44132 3.26384
2454672.44136 4.81913
2454673.44141 4.86079
2454674.44145 5.46314
2454675.44150 7.77318
2454676.44154 9.72165
2454862.45003 11.77643
2454863.45008 13.51851
2454864.45012 13.87609
2454865.45017 14.33708
2454866.45021 10.44282
2454867.45026 16.18278
2454868.45031 11.82752
2454869.45035 12.99886
2454870.45040 10.29318
2454871.45044 10.04623
2454872.45049 6.97860
2454873.45053 5.11515
2454874.45058 4.15864
2454875.45063 2.59259
2454876.45067 2.00101
2454877.45072 0.89319
2454878.45076 0.37152
2454879.45081 0.28535
2454880.45085 0.64746
2454881.45090 1.45343
2454882.45094 2.30445
2454883.45099 3.74435
2454884.45104 5.52068
2454885.45108 7.67701
2454886.45113 8.93660
2454887.45117 12.70774
2454888.45122 11.42265
2454889.45126 11.96704
2454890.45131 14.54391
2454891.45136 15.35487
2454892.45140 15.60984
2454893.45145 16.57457
2454894.45149 14.40224
2454895.45154 12.20885
2454896.45158 12.77909
2454897.45163 8.50061
2454898.45167 7.32199
2454899.45172 5.47021
2454900.45177 3.95897
2454901.45181 2.46392
2454902.45186 1.61395
2454903.45190 0.82629
2454904.45195 0.25844
2454905.45199 0.17565
2454906.45204 0.42814
2454907.45209 1.26913
2454908.45213 2.08520
2454909.45218 3.32745
2454910.45222 5.20617
2454911.45227 6.69891
2454912.45231 8.23516
2454913.45236 11.86681
2454914.45240 11.93382
2454915.45245 15.33235
2454916.45250 13.93173
2454917.45254 13.04474
2454918.45259 13.24283
2454919.45263 12.76030
2454920.45268 14.41811
2454921.45272 14.18305
2454922.45277 10.75849
2454923.45282 8.49978
2454924.45286 7.47611
2454925.45291 6.89111
2454926.45295 4.27551
2454927.45300 3.22393
2454928.45304 1.76470
2454929.45309 0.56189
2454930.45313 0.22292
2454931.45318 0.06822
2454932.45323 0.34059
2454933.45327 0.95098
2454934.45332 1.96291
2454935.45336 3.29933
2454936.45341 5.12839
2454937.45345 6.28986
2454938.45350 7.96125
2454939.45355 10.86190
2454940.45359 11.21168
2454941.45364 11.74699
2454942.45368 13.30048
2454943.45373 11.53112
2454944.45377 14.58586
2454945.45382 12.89781
2454946.45387 12.63358
2454947.45391 13.82713
2454948.45396 11.74752
2454949.45400 8.95400
2454950.45405 7.42233
2454951.45409 5.25021
2454952.45414 4.13298
2454953.45418 3.26041
2454954.45423 1.87119
2454955.45428 0.90984
2454956.45432 0.18977
2454957.45437 0.01839
2454958.45441 0.23477
2454959.45446 0.79002
2454960.45450 1.68045
2454961.45455 3.03774
2454962.45460 4.80653
2454963.45464 5.55637
2454964.45469 9.18209
2454965.45473 9.62671
2454966.45478 10.41187
2454967.45482 13.54080
2454968.45487 13.64322
2454969.45491 16.80309
2454970.45496 14.92857
2454971.45501 10.80171
2454972.45505 12.56167
2454973.45510 12.59840
2454974.45514 10.78298
2454975.45519 8.82429
2454976.45523 9.03563
2454977.45528 6.12171
2454978.45533 4.96623
2454979.45537 2.75591
2454980.45542 1.97201
2454981.45546 0.95803
2454982.45551 0.27659
2454983.45555 0.01570
2454984.45560 0.17849
2454985.45564 0.69376
2454986.45569 1.45797
2454987.45574 2.81405
2454988.45578 4.44831
2454989.45583 5.63661
2454990.45587 6.95733
2454991.45592 8.50416
2454992.45596 10.16552
2454993.45601 13.78263
2454994.45606 14.18196
2454995.45610 15.85061
2454996.45615 15.60379
2454997.45619 11.04157
2454998.45624 12.62460
2454999.45628 12.75025
2455000.45633 10.23447
2455001.45637 10.29042
2455002.45642 8.16672
2455003.45647 6.05887
2455004.45651 5.41910
2455005.45656 3.23031
2455006.45660 2.14096
2455007.45665 1.19159
2455008.45669 0.41442
2455009.45674 0.06389
2455010.45679 0.13369
2455011.45683 0.59924
2455012.45688 1.50705
2455013.45692 2.43202
2455014.45697 3.73889
2455015.45701 5.51201
2455016.45706 7.99861
2455017.45711 9.31767
2455018.45715 10.51927
2455019.45720 11.26512
2455020.45724 11.58928
2455021.45729 14.66489
2455022.45733 15.77141
2455023.45738 15.09876
2455024.45742 13.81014
2455025.45747 12.54592
2455026.45752 14.34791
2455027.45756 10.74157
2455028.45761 9.67520
2455029.45765 7.08887
2455030.45770 5.28315
2455031.45774 3.66104
2455032.45779 2.21065
2455033.45784 1.20499
2455034.45788 0.57258
2455035.45793 0.13746
2455036.45797 0.23315
2455037.45802 0.59611
2455038.45806 1.28643
2455039.45811 3.18998
2455040.45815 4.14790
2455041.45820 6.48499
2455227.46669 12.13534
2455228.46673 16.11412
2455229.46678 12.58289
2455230.46682 19.76877
2455231.46687 13.39944
2455232.46692 16.59811
2455233.46696 16.92748
2455234.46701 15.98390
2455235.46705 14.13069
2455236.46710 13.45604
2455237.46714 10.50167
2455238.46719 10.61438
2455239.46724 6.96725
2455240.46728 6.11584
2455241.46733 3.94205
2455242.46737 3.58971
2455243.46742 2.96230
2455244.46746 2.13175
2455245.46751 2.35103
2455246.46755 2.95057
2455247.46760 3.08319
2455248.46765 4.20502
2455249.46769 5.01646
2455250.46774 8.04807
2455251.46778 8.54381
2455252.46783 10.64829
2455253.46787 13.64798
2455254.46792 10.58442
2455255.46797 15.59396
2455256.46801 16.78256
2455257.46806 15.75232
2455258.46810 17.84903
2455259.46815 14.47820
2455260.46819 15.10178
2455261.46824 15.30948
2455262.46829 10.30796
2455263.46833 12.76479
2455264.46838 11.03731
2455265.46842 8.68514
2455266.46847 7.18958
2455267.46851 5.55102
2455268.46856 4.38174
2455269.46860 3.58274
2455270.46865 3.01919
2455271.46870 3.35719
2455272.46874 3.06731
2455273.46879 4.18582
2455274.46883 4.08888
2455275.46888 7.12338
2455276.46892 8.29316
2455277.46897 8.40046
2455278.46902 11.84179
2455279.46906 13.31462
2455280.46911 11.84363
2455281.46915 17.38126
2455282.46920 19.85118
2455283.46924 19.50575
2455284.46929 17.72590
2455285.46933 18.67576
2455286.46938 17.52132
2455287.46943 13.13386
2455288.46947 15.44384
2455289.46952 10.63698
2455290.46956 10.26683
2455291.46961 8.30898
2455292.46965 7.59784
2455293.46970 5.29366
2455294.46975 5.68937
2455295.46979 3.75789
2455296.46984 3.24845
2455297.46988 3.47368
2455298.46993 3.26085
2455299.46997 4.64177
2455300.47002 4.22679
2455301.47006 5.76125
2455302.47011 7.73261
2455303.47016 10.03427
2455304.47020 10.44190
2455305.47025 14.43058
2455306.47029 15.14252
2455307.47034 18.39973
2455308.47038 16.72130
2455309.47043 19.21230
2455310.47048 18.94835
2455311.47052 15.23838
2455312.47057 19.02761
2455313.47061 14.91575
2455314.47066 17.97572
2455315.47070 13.18856
2455316.47075 12.67624
2455317.47079 9.43420
2455318.47084 7.94217
2455319.47089 7.20772
2455320.47093 6.17406
2455321.47098 5.20652
2455322.47102 3.84093
2455323.47107 4.37701
2455324.47111 3.92902
2455325.47116 4.95135
2455326.47121 4.77236
2455327.47125 7.38536
2455328.47130 7.45917
2455329.47134 9.07651
2455330.47139 11.62707
2455331.47143 13.90558
2455332.47148 16.47518
2455333.47153 19.03124
2455334.47157 16.48642
2455335.47162 16.61818
2455336.47166 19.78224
2455337.47171 19.34464
2455338.47175 17.05362
2455339.47180 15.94069
2455340.47184 18.42537
2455341.47189 12.06004
2455342.47194 10.92749
2455343.47198 10.49575
2455344.47203 8.76573
2455345.47207 7.92080
2455346.47212 6.17399
2455347.47216 5.39068
2455348.47221 4.66504
2455349.47226 4.17067
2455350.47230 4.79235
2455351.47235 5.23507
2455352.47239 6.18573
2455353.47244 6.57739
2455354.47248 9.99704
2455355.47253 10.76414
2455356.47257 11.39047
2455357.47262 14.54505
2455358.47267 13.08251
2455359.47271 13.85125
2455360.47276 19.62038
2455361.47280 16.41521
2455362.47285 21.41554
2455363.47289 21.21963
2455364.47294 19.25806
2455365.47299 19.73779
2455366.47303 17.01046
2455367.47308 14.18655
2455368.47312 13.95027
2455369.47317 11.83564
2455370.47321 11.28838
2455371.47326 7.97382
2455372.47330 7.88479
2455373.47335 5.62209
2455374.47340 5.11746
2455375.47344 5.59532
2455376.47349 5.34276
2455377.47353 5.01567
2455378.47358 6.36711
2455379.47362 6.55134
2455380.47367 8.79785
2455381.47372 10.29414
2455382.47376 10.90502
2455383.47381 13.17008
2455384.47385 16.99850
2455385.47390 16.89654
2455386.47394 18.29654
2455387.47399 21.65255
2455388.47403 18.37160
2455389.47408 17.08766
2455390.47413 18.21109
2455391.47417 19.43311
2455392.47422 15.72068
2455393.47426 14.69545
2455394.47431 14.74530
2455395.47435 10.75829
2455396.47440 10.19947
2455397.47445 9.31941
2455398.47449 6.71356
2455399.47454 6.22941
2455400.47458 6.33344
2455401.47463 5.48533
2455402.47467 6.01153
2455403.47472 5.62698
2455404.47476 7.10916
2455405.47481 7.89289
2455406.47486 8.88995
2455592.48334 16.93665
2455593.48339 23.28696
2455594.48344 19.90516
2455595.48348 24.42686
2455596.48353 27.19492
2455597.48357 27.21767
2455598.48362 24.42931
2455599.48366 24.87602
2455600.48371 23.14961
2455601.48375 27.51028
2455602.48380 19.67225
2455603.48385 19.67840
2455604.48389 15.16333
2455605.48394 15.95121
2455606.48398 12.34802
2455607.48403 13.02006
2455608.48407 11.91434
2455609.48412 12.16045
2455610.48417 10.42304
2455611.48421 10.66755
2455612.48426 12.45234
2455613.48430 11.08522
2455614.48435 13.61840
2455615.48439 15.92171
2455616.48444 15.27351
2455617.48448 17.67230
2455618.48453 22.52898
2455619.48458 19.95489
2455620.48462 25.48665
2455621.48467 28.32958
2455622.48471 28.14264
2455623.48476 28.45394
2455624.48480 25.48640
2455625.48485 29.00058
2455626.48490 24.31796
2455627.48494 20.82623
2455628.48499 16.82261
2455629.48503 23.18036
2455630.48508 21.67564
2455631.48512 16.92109
2455632.48517 18.15341
2455633.48521 13.76161
2455634.48526 12.91962
2455635.48531 11.64744
2455636.48535 11.68721
2455637.48540 10.83969
2455638.48544 12.58043
2455639.48549 15.10907
2455640.48553 13.97103
2455641.48558 14.05161
2455642.48563 17.16095
2455643.48567 17.90108
2455644.48572 18.55381
2455645.48576 22.12343
2455646.48581 24.00013
2455647.48585 23.70489
2455648.48590 27.56317
2455649.48595 30.15481
2455650.48599 24.20647
2455651.48604 26.61260
2455652.48608 24.30399
2455653.48613 23.61086
2455654.48617 22.64136
2455655.48622 20.12869
2455656.48626 19.30957
2455657.48631 16.35410
2455658.48636 15.71530
2455659.48640 14.85344
2455660.48645 14.47091
2455661.48649 13.94905
2455662.48654 12.77124
2455663.48658 14.40388
2455664.48663 13.76986
2455665.48668 14.05298
2455666.48672 14.21255
2455667.48677 17.31549
2455668.48681 16.31901
2455669.48686 18.64156
2455670.48690 22.06600
2455671.48695 23.24480
2455672.48699 19.47000
2455673.48704 27.05935
2455674.48709 23.35341
2455675.48713 25.41461
2455676.48718 30.15390
2455677.48722 27.37745
2455678.48727 29.09427
2455679.48731 27.91690
2455680.48736 23.96687
2455681.48741 25.97793
2455682.48745 25.04668
2455683.48750 20.86236
2455684.48754 19.52536
2455685.48759 14.46502
2455686.48763 16.51641
2455687.48768 14.11353
2455688.48772 11.31430
2455689.48777 12.19017
2455690.48782 13.62907
2455691.48786 16.09915
2455692.48791 17.43483
2455693.48795 14.35358
2455694.48800 17.31921
2455695.48804 20.40977
2455696.48809 19.73399
2455697.48814 20.48150
2455698.48818 22.74685
2455699.48823 28.84719
2455700.48827 25.13486
2455701.48832 29.06931
2455702.48836 30.86872
2455703.48841 28.89546
2455704.48845 27.93610
2455705.48850 26.87402
2455706.48855 24.56490
2455707.48859 21.97457
2455708.48864 21.94594
2455709.48868 19.54610
2455710.48873 18.31427
2455711.48877 16.57038
2455712.48882 17.01611
2455713.48887 14.27002
2455714.48891 15.10035
2455715.48896 15.81111
2455716.48900 14.49958
2455717.48905 16.28373
2455718.48909 15.43735
2455719.48914 16.74911
2455720.48918 19.12739
2455721.48923 18.06935
2455722.48928 22.74482
2455723.48932 21.74122
2455724.48937 25.11496
2455725.48941 31.08691
2455726.48946 25.87056
2455727.48950 25.73809
2455728.48955 32.09949
2455729.48960 24.79331
2455730.48964 31.28615
2455731.48969 24.20213
2455732.48973 26.93672
2455733.48978 24.32970
2455734.48982 23.08920
2455735.48987 20.18552
2455736.48992 24.97061
2455737.48996 18.73141
2455738.49001 16.24753
2455739.49005 16.55681
2455740.49010 15.59694
2455741.49014 15.40564
2455742.49019 14.64781
2455743.49023 17.27460
2455744.49028 16.32228
2455745.49033 16.73099
2455746.49037 16.72370
2455747.49042 22.29163
2455748.49046 20.46970
2455749.49051 21.58826
2455750.49055 26.32213
2455751.49060 25.90542
2455752.49065 29.55002
2455753.49069 37.50405
2455754.49074 32.34810
2455755.49078 31.83576
2455756.49083 32.48414
2455757.49087 34.99852
2455758.49092 29.07727
2455759.49096 28.03622
2455760.49101 23.89842
2455761.49106 22.23906
2455762.49110 18.45079
2455763.49115 17.61549
2455764.49119 15.57150
2455765.49124 17.27196
2455766.49128 14.14756
2455767.49133 17.30292
2455768.49138 16.13818
2455769.49142 17.38077
2455770.49147 18.77110
2455771.49151 18.40549
2455957.50000 22.54176
