2445000.00000 -3.45902
2445001.00005 -6.31027
2445002.00009 -0.98988
2445003.00014 -9.32973
2445004.00018 -0.52678
2445005.00023 -7.81848
2445006.00027 -1.81052
2445007.00032 -5.76557
2445008.00037 -5.45260
2445009.00041 -3.09590
2445010.00046 -9.42808
2445011.00050 -0.87525
2445012.00055 -8.09326
2445013.00059 -0.68440
2445014.00064 -8.19656
2445015.00068 -2.87012
2445016.00073 -5.50747
2445017.00078 -5.01639
2445018.00082 -2.55361
2445019.00087 -8.05585
2445020.00091 -0.82710
2445021.00096 -8.37404
2445022.00100 -1.13042
2445023.00105 -7.72938
2445024.00110 -2.16171
2445025.00114 -6.15943
2445026.00119 -6.05650
2445027.00123 -2.43135
2445028.00128 -8.79658
2445029.00132 -0.62783
2445030.00137 -8.74131
2445031.00141 -0.99770
2445032.00146 -7.21729
2445033.00151 -3.21217
2445034.00155 -3.45416
2445035.00160 -6.14447
2445036.00164 -2.15844
2445037.00169 -10.07432
2445038.00173 -0.69071
2445039.00178 -8.10565
2445040.00183 -1.34240
2445041.00187 -9.27719
2445042.00192 -3.52147
2445043.00196 -4.12004
2445044.00201 -6.52775
2445045.00205 -2.05262
2445046.00210 -10.40825
2445047.00214 -0.60197
2445048.00219 -8.51104
2445049.00224 -1.61812
2445050.00228 -6.56314
2445051.00233 -3.55892
2445052.00237 -3.97569
2445053.00242 -6.46169
2445054.00246 -1.66739
2445055.00251 -8.46450
2445056.00256 -0.57236
2445057.00260 -10.69310
2445058.00265 -1.81687
2445059.00269 -7.68759
2445060.00274 -4.23363
2445061.00278 -4.03007
2445062.00283 -6.92475
2445063.00287 -1.41860
2445064.00292 -8.01896
2445065.00297 -0.70036
2445066.00301 -8.74451
2445067.00306 -1.95506
2445068.00310 -7.03472
2445069.00315 -4.36229
2445070.00319 -5.23543
2445071.00324 -5.64536
2445072.00329 -1.34518
2445073.00333 -9.71233
2445074.00338 -0.55105
2445075.00342 -9.15359
2445076.00347 -2.01286
2445077.00351 -6.96029
2445078.00356 -4.03732
2445079.00361 -3.65804
2445080.00365 -7.59146
2445081.00370 -1.11874
2445082.00374 -8.70835
2445083.00379 -0.74608
2445084.00383 -7.74487
2445085.00388 -1.70979
2445086.00392 -6.15696
2445087.00397 -5.10424
2445088.00402 -3.28399
2445089.00406 -6.91555
2445090.00411 -1.20361
2445091.00415 -9.56800
2445092.00420 -0.94863
2445093.00424 -9.57014
2445094.00429 -2.68814
2445095.00434 -6.10566
2445096.00438 -4.51918
2445097.00443 -2.90442
2445098.00447 -8.94051
2445099.00452 -1.09203
2445100.00456 -8.05949
2445101.00461 -0.81883
2445102.00465 -8.35797
2445103.00470 -2.95682
2445104.00475 -5.12735
2445105.00479 -6.38985
2445106.00484 -2.69531
2445107.00488 -6.49853
2445108.00493 -0.90073
2445109.00497 -10.08044
2445110.00502 -1.00051
2445111.00507 -8.57144
2445112.00511 -3.55184
2445113.00516 -5.09312
2445114.00520 -5.44376
2445115.00525 -2.63089
2445116.00529 -8.93176
2445117.00534 -0.92210
2445118.00538 -9.48139
2445119.00543 -1.24977
2445120.00548 -8.77959
2445121.00552 -2.76605
2445122.00557 -4.93148
2445123.00561 -6.06952
2445124.00566 -2.10514
2445125.00570 -8.10677
2445126.00575 -0.81554
2445127.00580 -9.04997
2445128.00584 -1.37794
2445129.00589 -7.40359
2445130.00593 -3.58611
2445131.00598 -5.05223
2445132.00602 -7.63412
2445133.00607 -2.04891
2445134.00611 -9.12247
2445135.00616 -0.88689
2445136.00621 -8.77257
2445137.00625 -1.37179
2445138.00630 -5.60136
2445139.00634 -4.17717
2445140.00639 -4.80400
2445141.00643 -7.80814
2445142.00648 -1.82448
2445143.00653 -8.89009
2445144.00657 -0.78875
2445145.00662 -9.31642
2445146.00666 -2.05063
2445147.00671 -6.56563
2445148.00675 -4.66456
2445149.00680 -4.26639
2445150.00684 -8.34896
2445151.00689 -1.75923
2445152.00694 -9.44160
2445153.00698 -0.73514
2445154.00703 -8.61350
2445155.00707 -1.64496
2445156.00712 -6.45176
2445157.00716 -4.19719
2445158.00721 -3.37649
2445159.00726 -7.14003
2445160.00730 -1.48300
2445161.00735 -8.33696
2445162.00739 -0.67859
2445163.00744 -8.33792
2445164.00748 -2.45817
2445165.00753 -7.23777
2445166.00758 -5.09422
2445167.00762 -3.36270
2445168.00767 -7.83821
2445169.00771 -1.16092
2445170.00776 -8.10881
2445171.00780 -0.71019
2445172.00785 -7.70648
2445173.00789 -2.63158
2445174.00794 -6.07197
2445175.00799 -5.59116
2445176.00803 -3.90521
2445177.00808 -8.28721
2445178.00812 -1.00639
2445179.00817 -8.94486
2445366.01670 -6.34317
2445367.01675 -2.51516
2445368.01679 -3.97566
2445369.01684 -5.46972
2445370.01688 -2.27356
2445371.01693 -9.16262
2445372.01698 -0.39594
2445373.01702 -9.42235
2445374.01707 -0.69920
2445375.01711 -6.70920
2445376.01716 -2.48054
2445377.01720 -4.35677
2445378.01725 -6.04883
2445379.01729 -1.99117
2445380.01734 -8.31579
2445381.01739 -0.30287
2445382.01743 -7.51784
2445383.01748 -0.73129
2445384.01752 -5.95928
2445385.01757 -2.78411
2445386.01761 -4.66538
2445387.01766 -5.59300
2445388.01771 -1.40632
2445389.01775 -6.71230
2445390.01780 -0.20500
2445391.01784 -8.78254
2445392.01789 -0.89948
2445393.01793 -6.72855
2445394.01798 -2.76270
2445395.01803 -4.01986
2445396.01807 -6.06131
2445397.01812 -1.41617
2445398.01816 -8.76764
2445399.01821 -0.16033
2445400.01825 -8.56816
2445401.01830 -0.84425
2445402.01834 -7.00256
2445403.01839 -3.56397
2445404.01844 -4.17880
2445405.01848 -6.11825
2445406.01853 -1.00669
2445407.01857 -7.17587
2445408.01862 -0.10218
2445409.01866 -8.05226
2445410.01871 -1.19331
2445411.01876 -6.17902
2445412.01880 -3.73003
2445413.01885 -3.47120
2445414.01889 -6.72482
2445415.01894 -0.88264
2445416.01898 -8.87680
2445417.01903 -0.07402
2445418.01907 -6.94683
2445419.01912 -0.98190
2445420.01917 -6.94202
2445421.01921 -4.63988
2445422.01926 -3.44107
2445423.01930 -7.10575
2445424.01935 -0.63698
2445425.01939 -8.14342
2445426.01944 -0.06058
2445427.01949 -7.75582
2445428.01953 -1.63965
2445429.01958 -6.00016
2445430.01962 -4.39981
2445431.01967 -3.23711
2445432.01971 -8.07216
2445433.01976 -0.54799
2445434.01980 -8.00133
2445435.01985 -0.07047
2445436.01990 -7.49166
2445437.01994 -2.05250
2445438.01999 -6.32639
2445439.02003 -4.35061
2445440.02008 -3.13707
2445441.02012 -6.50689
2445442.02017 -0.36001
2445443.02022 -7.91804
2445444.02026 -0.11305
2445445.02031 -6.93604
2445446.02035 -1.32164
2445447.02040 -6.32453
2445448.02044 -4.58270
2445449.02049 -2.50757
2445450.02053 -7.25646
2445451.02058 -0.13853
2445452.02063 -8.49530
2445453.02067 -0.17019
2445454.02072 -6.91333
2445455.02076 -2.48339
2445456.02081 -4.19609
2445457.02085 -5.39823
2445458.02090 -2.05464
2445459.02095 -6.49388
2445460.02099 0.01285
2445461.02104 -6.91277
2445462.02108 -0.20032
2445463.02113 -7.80680
2445464.02117 -2.42242
2445465.02122 -4.37064
2445466.02126 -4.61005
2445467.02131 -1.42603
2445468.02136 -7.71410
2445469.02140 0.13812
2445470.02145 -8.49614
2445471.02149 -0.27812
2445472.02154 -6.94077
2445473.02158 -2.74725
2445474.02163 -4.28339
2445475.02168 -6.00181
2445476.02172 -1.36043
2445477.02177 -8.55531
2445478.02181 0.28500
2445479.02186 -8.51269
2445480.02190 -0.39992
2445481.02195 -8.28666
2445482.02200 -2.72597
2445483.02204 -3.74305
2445484.02209 -6.20904
2445485.02213 -0.89234
2445486.02218 -8.44093
2445487.02222 0.26258
2445488.02227 -7.44702
2445489.02231 -0.54490
2445490.02236 -6.52140
2445491.02241 -3.44619
2445492.02245 -3.80014
2445493.02250 -6.01206
2445494.02254 -0.53626
2445495.02259 -7.93926
2445496.02263 0.34240
2445497.02268 -7.86240
2445498.02273 -0.70741
2445499.02277 -5.47388
2445500.02282 -3.19207
2445501.02286 -3.82410
2445502.02291 -6.01620
2445503.02295 -0.42500
2445504.02300 -9.30038
2445505.02304 0.43136
2445506.02309 -7.53753
2445507.02314 -1.00664
2445508.02318 -5.25016
2445509.02323 -3.37664
2445510.02327 -2.56815
2445511.02332 -7.13200
2445512.02336 -0.16499
2445513.02341 -7.32112
2445514.02346 0.39079
2445515.02350 -6.84065
2445516.02355 -1.05782
2445517.02359 -5.34474
2445518.02364 -4.58165
2445519.02368 -2.25371
2445520.02373 -6.33285
2445521.02377 0.05851
2445522.02382 -7.74329
2445523.02387 0.46373
2445524.02391 -7.90748
2445525.02396 -1.12495
2445526.02400 -6.01672
2445527.02405 -4.02470
2445528.02409 -1.56631
2445529.02414 -5.91886
2445530.02419 0.27668
2445531.02423 -8.36205
2445532.02428 0.40996
2445533.02432 -7.39998
2445534.02437 -1.35396
2445535.02441 -4.92830
2445536.02446 -4.08712
2445537.02450 -1.20000
2445538.02455 -7.10818
2445539.02460 0.38542
2445540.02464 -9.14439
2445541.02469 0.42590
2445542.02473 -6.95744
2445543.02478 -1.50030
2445544.02482 -4.40696
2445545.02487 -4.28214
2445731.03336 0.68383
2445732.03340 -6.32495
2445733.03345 2.17119
2445734.03349 -7.16049
2445735.03354 2.04732
2445736.03359 -4.82788
2445737.03363 -0.64375
2445738.03368 -1.93128
2445739.03372 -4.13907
2445740.03377 0.99571
2445741.03381 -5.30357
2445742.03386 2.26587
2445743.03391 -6.78362
2445744.03395 1.64361
2445745.03400 -4.21845
2445746.03404 -0.76030
2445747.03409 -1.37884
2445748.03413 -3.69496
2445749.03418 1.42478
2445750.03422 -6.69745
2445751.03427 2.25598
2445752.03432 -6.71981
2445753.03436 1.30972
2445754.03441 -3.75953
2445755.03445 -1.10342
2445756.03450 -1.01963
2445757.03454 -5.21638
2445758.03459 1.95597
2445759.03464 -6.56726
2445760.03468 3.10955
2445761.03473 -6.71200
2445762.03477 1.27365
2445763.03482 -4.53514
2445764.03486 -1.31689
2445765.03491 -0.69911
2445766.03495 -4.78676
2445767.03500 1.63778
2445768.03505 -5.56001
2445769.03509 2.82926
2445770.03514 -4.61813
2445771.03518 1.15992
2445772.03523 -3.26457
2445773.03527 -1.80412
2445774.03532 -0.24488
2445775.03537 -4.72245
2445776.03541 2.25583
2445777.03546 -5.39521
2445778.03550 2.94575
2445779.03555 -5.85147
2445780.03559 1.19804
2445781.03564 -2.96244
2445782.03568 -1.88925
2445783.03573 0.13846
2445784.03578 -4.90073
2445785.03582 2.81073
2445786.03587 -5.77682
2445787.03591 2.74383
2445788.03596 -5.26733
2445789.03600 1.14432
2445790.03605 -2.22030
2445791.03610 -2.20861
2445792.03614 0.51209
2445793.03619 -4.87807
2445794.03623 2.64951
2445795.03628 -6.30347
2445796.03632 2.80963
2445797.03637 -4.14518
2445798.03642 0.64025
2445799.03646 -2.39430
2445800.03651 -2.39756
2445801.03655 0.85492
2445802.03660 -3.91515
2445803.03664 3.08949
2445804.03669 -5.24969
2445805.03673 2.59445
2445806.03678 -4.67775
2445807.03683 0.46469
2445808.03687 -1.60876
2445809.03692 -2.38598
2445810.03696 1.41067
2445811.03701 -5.09679
2445812.03705 2.94112
2445813.03710 -5.58358
2445814.03715 2.85091
2445815.03719 -4.85014
2445816.03724 0.36554
2445817.03728 -1.33884
2445818.03733 -3.01334
2445819.03737 1.26087
2445820.03742 -5.13965
2445821.03746 3.59068
2445822.03751 -4.61200
2445823.03756 2.64050
2445824.03760 -3.12945
2445825.03765 0.12864
2445826.03769 -0.83772
2445827.03774 -3.06484
2445828.03778 1.82274
2445829.03783 -5.47629
2445830.03788 2.59409
2445831.03792 -4.68414
2445832.03797 2.30492
2445833.03801 -3.82740
2445834.03806 -0.09916
2445835.03810 -0.52716
2445836.03815 -2.57851
2445837.03819 2.70262
2445838.03824 -6.02386
2445839.03829 3.25577
2445840.03833 -5.72644
2445841.03838 2.59057
2445842.03842 -3.08901
2445843.03847 -0.33144
2445844.03851 -0.10881
2445845.03856 -3.47596
2445846.03861 2.93956
2445847.03865 -4.89762
2445848.03870 3.69249
2445849.03874 -6.30929
2445850.03879 2.21978
2445851.03883 -2.22064
2445852.03888 -0.46659
2445853.03892 0.23912
2445854.03897 -3.60150
2445855.03902 2.47180
2445856.03906 -4.28837
2445857.03911 3.60920
2445858.03915 -5.11529
2445859.03920 2.10263
2445860.03924 -3.05022
2445861.03929 -0.84911
2445862.03934 0.69294
2445863.03938 -3.34376
2445864.03943 2.47302
2445865.03947 -5.33941
2445866.03952 3.92262
2445867.03956 -5.15231
2445868.03961 1.98551
2445869.03966 -2.01162
2445870.03970 -0.82376
2445871.03975 1.05530
2445872.03979 -3.86324
2445873.03984 3.59115
2445874.03988 -5.76497
2445875.03993 3.50108
2445876.03997 -4.42063
2445877.04002 1.74801
2445878.04007 -1.48563
2445879.04011 -1.15320
2445880.04016 1.35151
2445881.04020 -3.87339
2445882.04025 4.05286
2445883.04029 -5.42976
2445884.04034 3.62721
2445885.04039 -4.01361
2445886.04043 1.58160
2445887.04048 -1.41449
2445888.04052 -1.24057
2445889.04057 1.68928
2445890.04061 -3.62414
2445891.04066 3.49319
2445892.04070 -5.21994
2445893.04075 3.97933
2445894.04080 -3.26844
2445895.04084 1.42861
2445896.04089 -0.74382
2445897.04093 -1.71098
2445898.04098 2.18737
2445899.04102 -4.40471
2445900.04107 4.25273
2445901.04112 -5.12097
2445902.04116 4.02125
2445903.04121 -3.40820
2445904.04125 1.19989
2445905.04130 -0.36212
2445906.04134 -1.87075
2445907.04139 2.45838
2445908.04143 -4.21728
2445909.04148 4.41545
2445910.04153 -4.94962
2446096.05001 5.04991
2446097.05006 -0.73072
2446098.05010 2.70519
2446099.05015 2.31497
2446100.05020 -0.45924
2446101.05024 4.98251
2446102.05029 -2.59648
2446103.05033 6.01253
2446104.05038 -2.78530
2446105.05042 4.47997
2446106.05047 -0.38169
2446107.05052 2.51803
2446108.05056 2.73501
2446109.05061 -0.78241
2446110.05065 6.00573
2446111.05070 -2.14968
2446112.05074 6.96702
2446113.05079 -2.43580
2446114.05084 4.62294
2446115.05088 0.02011
2446116.05093 2.07782
2446117.05097 3.05998
2446118.05102 -0.85348
2446119.05106 6.18393
2446120.05111 -2.67514
2446121.05115 6.37581
2446122.05120 -1.82088
2446123.05125 4.16584
2446124.05129 0.40591
2446125.05134 1.59469
2446126.05138 3.18888
2446127.05143 -1.13988
2446128.05147 6.14597
2446129.05152 -2.57469
2446130.05157 5.85803
2446131.05161 -1.74049
2446132.05166 4.02443
2446133.05170 0.83545
2446134.05175 1.73674
2446135.05179 3.88926
2446136.05184 -1.24853
2446137.05188 6.32042
2446138.05193 -2.92963
2446139.05198 6.60253
2446140.05202 -1.01629
2446141.05207 4.31111
2446142.05211 1.18813
2446143.05216 1.42584
2446144.05220 4.99963
2446145.05225 -1.22033
2446146.05230 4.94013
2446147.05234 -2.22143
2446148.05239 7.85134
2446149.05243 -1.10578
2446150.05248 3.68900
2446151.05252 1.65311
2446152.05257 0.95665
2446153.05261 5.22777
2446154.05266 -1.60318
2446155.05271 6.52785
2446156.05275 -2.44277
2446157.05280 5.86280
2446158.05284 -0.73924
2446159.05289 4.00590
2446160.05293 1.90273
2446161.05298 0.77202
2446162.05303 4.06508
2446163.05307 -1.75086
2446164.05312 6.71292
2446165.05316 -1.91478
2446166.05321 5.79260
2446167.05325 -0.45672
2446168.05330 3.48020
2446169.05334 2.36596
2446170.05339 0.58240
2446171.05344 5.86161
2446172.05348 -1.28791
2446173.05353 5.58037
2446174.05357 -2.04187
2446175.05362 6.81540
2446176.05366 -0.23013
2446177.05371 3.72482
2446178.05376 3.17646
2446179.05380 0.44524
2446180.05385 5.95974
2446181.05389 -1.38691
2446182.05394 8.22653
2446183.05398 -1.81335
2446184.05403 5.62730
2446185.05408 0.13860
2446186.05412 3.61584
2446187.05417 2.79112
2446188.05421 0.23403
2446189.05426 6.00802
2446190.05430 -1.80247
2446191.05435 7.16722
2446192.05439 -1.19654
2446193.05444 5.74733
2446194.05449 0.49528
2446195.05453 3.36819
2446196.05458 3.72153
2446197.05462 0.05639
2446198.05467 6.32874
2446199.05471 -1.77054
2446200.05476 5.78017
2446201.05481 -1.62130
2446202.05485 4.63264
2446203.05490 0.92687
2446204.05494 2.43397
2446205.05499 4.53348
2446206.05503 -0.12881
2446207.05508 6.32722
2446208.05512 -1.86220
2446209.05517 7.51395
2446210.05522 -1.25450
2446211.05526 4.97017
2446212.05531 1.42829
2446213.05535 2.66732
2446214.05540 4.30945
2446215.05544 -0.27517
2446216.05549 6.73015
2446217.05554 -1.62023
2446218.05558 6.50957
2446219.05563 -0.71955
2446220.05567 5.02755
2446221.05572 1.92638
2446222.05576 2.28975
2446223.05581 5.17542
2446224.05585 -0.41135
2446225.05590 7.73702
2446226.05595 -1.76682
2446227.05599 7.84130
2446228.05604 -0.51792
2446229.05608 5.01275
2446230.05613 2.06972
2446231.05617 1.98353
2446232.05622 4.97501
2446233.05627 -0.47886
2446234.05631 6.41883
2446235.05636 -1.69858
2446236.05640 8.18307
2446237.05645 -0.32392
2446238.05649 5.98966
2446239.05654 2.35074
2446240.05658 1.87883
2446241.05663 5.14176
2446242.05668 -0.68435
2446243.05672 6.01041
2446244.05677 -1.35283
2446245.05681 7.21926
2446246.05686 -0.03962
2446247.05690 4.54167
2446248.05695 2.60634
2446249.05700 1.74046
2446250.05704 5.15899
2446251.05709 -0.75206
2446252.05713 9.00075
2446253.05718 -1.13233
2446254.05722 5.87537
2446255.05727 0.26676
2446256.05731 4.69009
2446257.05736 3.24042
2446258.05741 1.20038
2446259.05745 6.40312
2446260.05750 -0.87271
2446261.05754 9.02872
2446262.05759 -1.21531
2446263.05763 7.61486
2446264.05768 0.53885
2446265.05773 3.82760
2446266.05777 3.92690
2446267.05782 1.30440
2446268.05786 5.85140
2446269.05791 -0.92884
2446270.05795 6.61670
2446271.05800 -1.03739
2446272.05805 7.26096
2446273.05809 0.92272
2446274.05814 3.92475
2446275.05818 3.59991
2446461.06667 1.76399
2446462.06672 9.76214
2446463.06676 0.17299
2446464.06681 8.10870
2446465.06685 0.57968
2446466.06690 6.33907
2446467.06694 2.66294
2446468.06699 5.25034
2446469.06703 6.02881
2446470.06708 1.99528
2446471.06713 8.43886
2446472.06717 0.15686
2446473.06722 9.58288
2446474.06726 0.59241
2446475.06731 7.49073
2446476.06735 3.30198
2446477.06740 4.98817
2446478.06745 7.08872
2446479.06749 1.31525
2446480.06754 9.79831
2446481.06758 0.16061
2446482.06763 8.16309
2446483.06767 1.05746
2446484.06772 6.97610
2446485.06776 4.24442
2446486.06781 4.20224
2446487.06786 6.94309
2446488.06790 1.42122
2446489.06795 9.85987
2446490.06799 0.20973
2446491.06804 10.18581
2446492.06808 1.36126
2446493.06813 7.00156
2446494.06818 4.54355
2446495.06822 3.75194
2446496.06827 7.15247
2446497.06831 1.33660
2446498.06836 10.50358
2446499.06840 0.24595
2446500.06845 8.43983
2446501.06850 1.77203
2446502.06854 7.17001
2446503.06859 4.54799
2446504.06863 3.39905
2446505.06868 7.68712
2446506.06872 0.99184
2446507.06877 8.55416
2446508.06881 0.32400
2446509.06886 8.97073
2446510.06891 1.75545
2446511.06895 6.95616
2446512.06900 5.39104
2446513.06904 3.55720
2446514.06909 7.52270
2446515.06913 0.93134
2446516.06918 9.33569
2446517.06923 0.36414
2446518.06927 9.19387
2446519.06932 2.14704
2446520.06936 7.69520
2446521.06941 5.89013
2446522.06945 3.19166
2446523.06950 8.21540
2446524.06954 0.76927
2446525.06959 8.40178
2446526.06964 0.44005
2446527.06968 7.72944
2446528.06973 2.40956
2446529.06977 4.60473
2446530.06982 5.20378
2446531.06986 2.65741
2446532.06991 8.09850
2446533.06996 0.62351
2446534.07000 9.06901
2446535.07005 0.78675
2446536.07009 8.85144
2446537.07014 2.58413
2446538.07018 5.51058
2446539.07023 5.84441
2446540.07027 2.28916
2446541.07032 7.86343
2446542.07037 0.65957
2446543.07041 9.01977
2446544.07046 0.73922
2446545.07050 8.08053
2446546.07055 3.09997
2446547.07059 4.22156
2446548.07064 6.18691
2446549.07069 2.44023
2446550.07073 9.13441
2446551.07078 0.67438
2446552.07082 10.59306
2446553.07087 1.15533
2446554.07091 10.12604
2446555.07096 3.65616
2446556.07100 5.04705
2446557.07105 7.19365
2446558.07110 1.91039
2446559.07114 9.03628
2446560.07119 0.49128
2446561.07123 9.76392
2446562.07128 1.12866
2446563.07132 7.16090
2446564.07137 3.89462
2446565.07142 4.60707
2446566.07146 5.56088
2446567.07151 1.55129
2446568.07155 8.07163
2446569.07160 0.47498
2446570.07164 9.72762
2446571.07169 1.45515
2446572.07173 8.24514
2446573.07178 4.39425
2446574.07183 4.84583
2446575.07187 7.64937
2446576.07192 1.65663
2446577.07196 10.29157
2446578.07201 0.58816
2446579.07205 9.61500
2446580.07210 1.86870
2446581.07215 5.51038
2446582.07219 4.30785
2446583.07224 3.95877
2446584.07228 8.38655
2446585.07233 1.67308
2446586.07237 8.03938
2446587.07242 0.65995
2446588.07247 8.09456
2446589.07251 1.69047
2446590.07256 6.77145
2446591.07260 4.63625
2446592.07265 3.20269
2446593.07269 8.32229
2446594.07274 1.37383
2446595.07278 10.51172
2446596.07283 0.61228
2446597.07288 9.01171
2446598.07292 2.16705
2446599.07297 7.78085
2446600.07301 3.68363
2446601.07306 3.17342
2446602.07310 8.09780
2446603.07315 1.02092
2446604.07320 9.34325
2446605.07324 0.71437
2446606.07329 8.31838
2446607.07333 2.46876
2446608.07338 6.77058
2446609.07342 5.36120
2446610.07347 3.08472
2446611.07351 8.21651
2446612.07356 1.02244
2446613.07361 7.96853
2446614.07365 0.86670
2446615.07370 8.34474
2446616.07374 3.09101
2446617.07379 6.43448
2446618.07383 6.52095
2446619.07388 2.66188
2446620.07393 8.27892
2446621.07397 0.80662
2446622.07402 8.99617
2446623.07406 1.07401
2446624.07411 9.82539
2446625.07415 2.69775
2446626.07420 5.50910
2446627.07424 6.13265
2446628.07429 2.85929
2446629.07434 7.26939
2446630.07438 0.70491
2446631.07443 10.15869
2446632.07447 0.88644
2446633.07452 7.97484
2446634.07456 3.41467
2446635.07461 5.69426
2446636.07466 6.42248
2446637.07470 2.36247
2446638.07475 9.78699
2446639.07479 0.80119
2446640.07484 9.03965
2446827.08337 7.81128
2446828.08342 4.21184
2446829.08346 5.51295
2446830.08351 7.77432
2446831.08355 2.08690
2446832.08360 8.79640
2446833.08365 0.60541
2446834.08369 9.25732
2446835.08374 1.61056
2446836.08378 6.73187
2446837.08383 4.90957
2446838.08387 4.74399
2446839.08392 7.24836
2446840.08396 1.72848
2446841.08401 9.67515
2446842.08406 0.66149
2446843.08410 8.08946
2446844.08415 1.80102
2446845.08419 7.13548
2446846.08424 4.95281
2446847.08428 3.76331
2446848.08433 5.79946
2446849.08438 1.25247
2446850.08442 9.47745
2446851.08447 0.62134
2446852.08451 10.73432
2446853.08456 2.15584
2446854.08460 6.91112
2446855.08465 4.95116
2446856.08469 4.08242
2446857.08474 7.50249
2446858.08479 1.18548
2446859.08483 8.53861
2446860.08488 0.73054
2446861.08492 9.35938
2446862.08497 2.10128
2446863.08501 6.44776
2446864.08506 5.54039
2446865.08511 3.25920
2446866.08515 7.75876
2446867.08520 0.95241
2446868.08524 9.92949
2446869.08529 0.65946
2446870.08533 8.40274
2446871.08538 2.16493
2446872.08542 6.22827
2446873.08547 5.47274
2446874.08552 2.91989
2446875.08556 8.56989
2446876.08561 0.91945
2446877.08565 10.27365
2446878.08570 0.79104
2446879.08574 8.37066
2446880.08579 2.59247
2446881.08584 5.22186
2446882.08588 5.52335
2446883.08593 2.70511
2446884.08597 7.91438
2446885.08602 0.71904
2446886.08606 8.64678
2446887.08611 0.69736
2446888.08615 9.01444
2446889.08620 2.86564
2446890.08625 5.01655
2446891.08629 5.48944
2446892.08634 2.49442
2446893.08638 9.96041
2446894.08643 0.56614
2446895.08647 9.31082
2446896.08652 1.04442
2446897.08657 6.60672
2446898.08661 3.92213
2446899.08666 6.36502
2446900.08670 4.70304
2446901.08675 2.07804
2446902.08679 8.26190
2446903.08684 0.47618
2446904.08689 9.04094
2446905.08693 1.15698
2446906.08698 7.69721
2446907.08702 3.23036
2446908.08707 4.67065
2446909.08711 7.06952
2446910.08716 1.60209
2446911.08720 7.53939
2446912.08725 0.49196
2446913.08730 8.73092
2446914.08734 1.19909
2446915.08739 7.18805
2446916.08743 4.04688
2446917.08748 5.16746
2446918.08752 7.39313
2446919.08757 1.31512
2446920.08762 7.86230
2446921.08766 0.33933
2446922.08771 8.95340
2446923.08775 1.14190
2446924.08780 7.75922
2446925.08784 3.67539
2446926.08789 4.62854
2446927.08793 8.55811
2446928.08798 1.26757
2446929.08803 9.60580
2446930.08807 0.27962
2446931.08812 9.60993
2446932.08816 1.48230
2446933.08821 6.09960
2446934.08825 4.28492
2446935.08830 3.49689
2446936.08835 7.23503
2446937.08839 1.16743
2446938.08844 8.52732
2446939.08848 0.35988
2446940.08853 7.69268
2446941.08857 2.04017
2446942.08862 5.84243
2446943.08866 4.70223
2446944.08871 3.15031
2446945.08876 7.43636
2446946.08880 0.91880
2446947.08885 10.67350
2446948.08889 0.35429
2446949.08894 8.31585
2446950.08898 2.00369
2446951.08903 5.67155
2446952.08908 4.49697
2446953.08912 2.62403
2446954.08917 7.56125
2446955.08921 0.67047
2446956.08926 7.50882
2446957.08930 0.34683
2446958.08935 9.72376
2446959.08939 2.43766
2446960.08944 5.45399
2446961.08949 4.54124
2446962.08953 2.74317
2446963.08958 6.21938
2446964.08962 0.53056
2446965.08967 9.06278
2446966.08971 0.47546
2446967.08976 6.78348
2446968.08981 2.65093
2446969.08985 5.37140
2446970.08990 5.37684
2446971.08994 1.97691
2446972.08999 8.75677
2446973.09003 0.34331
2446974.09008 10.85643
2446975.09013 0.52438
2446976.09017 7.46402
2446977.09022 2.40622
2446978.09026 4.36176
2446979.09031 6.69722
2446980.09035 1.81640
2446981.09040 9.65842
2446982.09044 0.19663
2446983.09049 9.43939
2446984.09054 0.55380
2446985.09058 8.15774
2446986.09063 2.92587
2446987.09067 4.50412
2446988.09072 6.53088
2446989.09076 1.63706
2446990.09081 7.85861
2446991.09086 0.07822
2446992.09090 8.98075
2446993.09095 0.71962
2446994.09099 7.01777
2446995.09104 2.80735
2446996.09108 5.04395
2446997.09113 7.34966
2446998.09117 1.48670
2446999.09122 8.31022
2447000.09127 -0.01765
2447001.09131 10.14644
2447002.09136 0.79074
2447003.09140 6.58938
2447004.09145 4.11057
2447005.09149 3.90053
2447006.09154 7.78313
2447192.10003 -0.61052
2447193.10007 7.94038
2447194.10012 -1.13727
2447195.10016 7.30258
2447196.10021 -0.10238
2447197.10026 4.39969
2447198.10030 3.11139
2447199.10035 1.63004
2447200.10039 5.80241
2447201.10044 -0.90091
2447202.10048 8.72763
2447203.10053 -1.30518
2447204.10057 7.03030
2447205.10062 0.05837
2447206.10067 5.30112
2447207.10071 2.94890
2447208.10076 1.22086
2447209.10080 4.97295
2447210.10085 -1.11673
2447211.10089 6.43467
2447212.10094 -1.58712
2447213.10099 7.30844
2447214.10103 0.23718
2447215.10108 4.34924
2447216.10112 3.07357
2447217.10117 0.99294
2447218.10121 7.38927
2447219.10126 -1.32035
2447220.10131 7.77095
2447221.10135 -1.72329
2447222.10140 7.52305
2447223.10144 0.41923
2447224.10149 4.19552
2447225.10153 3.51886
2447226.10158 0.64684
2447227.10162 6.76799
2447228.10167 -1.54888
2447229.10172 8.22079
2447230.10176 -1.57498
2447231.10181 6.72374
2447232.10185 0.62081
2447233.10190 3.50590
2447234.10194 3.63185
2447235.10199 0.24448
2447236.10204 5.77197
2447237.10208 -1.62490
2447238.10213 7.34703
2447239.10217 -1.49265
2447240.10222 5.89480
2447241.10226 0.87384
2447242.10231 2.79074
2447243.10235 3.99449
2447244.10240 -0.12197
2447245.10245 8.11267
2447246.10249 -1.63459
2447247.10254 7.38937
2447248.10258 -1.18956
2447249.10263 4.49044
2447250.10267 0.80935
2447251.10272 2.45598
2447252.10277 3.68787
2447253.10281 -0.46194
2447254.10286 6.79106
2447255.10290 -1.78652
2447256.10295 6.24435
2447257.10299 -1.20838
2447258.10304 5.26065
2447259.10308 1.36595
2447260.10313 2.03017
2447261.10318 5.12131
2447262.10322 -0.78470
2447263.10327 7.90642
2447264.10331 -2.24873
2447265.10336 7.38623
2447266.10340 -1.15742
2447267.10345 4.73214
2447268.10350 1.65691
2447269.10354 1.67426
2447270.10359 3.45580
2447271.10363 -1.41826
2447272.10368 7.61227
2447273.10372 -1.90934
2447274.10377 7.94152
2447275.10381 -1.02590
2447276.10386 3.93415
2447277.10391 1.72518
2447278.10395 1.31463
2447279.10400 4.41306
2447280.10404 -1.15018
2447281.10409 8.28302
2447282.10413 -2.13960
2447283.10418 6.45544
2447284.10423 -0.99443
2447285.10427 4.77067
2447286.10432 2.06107
2447287.10436 0.87877
2447288.10441 5.33593
2447289.10445 -1.74672
2447290.10450 6.85711
2447291.10455 -2.62458
2447292.10459 6.89799
2447293.10464 -0.72818
2447294.10468 4.16748
2447295.10473 2.24476
2447296.10477 0.49617
2447297.10482 4.62163
2447298.10486 -1.75864
2447299.10491 6.13495
2447300.10496 -2.43000
2447301.10500 5.95964
2447302.10505 -0.53947
2447303.10509 2.76085
2447304.10514 2.47663
2447305.10518 0.11776
2447306.10523 5.20596
2447307.10528 -2.18382
2447308.10532 6.77340
2447309.10537 -2.34728
2447310.10541 5.09065
2447311.10546 -0.35935
2447312.10550 3.20546
2447313.10555 2.48478
2447314.10559 -0.28556
2447315.10564 4.77810
2447316.10569 -2.12608
2447317.10573 6.52085
2447318.10578 -2.49178
2447319.10582 5.42176
2447320.10587 -0.17699
2447321.10591 2.23892
2447322.10596 2.57364
2447323.10601 -0.71756
2447324.10605 6.42634
2447325.10610 -2.72209
2447326.10614 6.77508
2447327.10619 -2.44160
2447328.10623 5.43375
2447329.10628 0.04726
2447330.10632 2.08275
2447331.10637 3.26166
2447332.10642 -0.77398
2447333.10646 6.11495
2447334.10651 -2.86292
2447335.10655 6.77454
2447336.10660 -1.72068
2447337.10664 3.94304
2447338.10669 0.24937
2447339.10674 1.61119
2447340.10678 3.32287
2447341.10683 -1.40017
2447342.10687 5.06539
2447343.10692 -2.44655
2447344.10696 5.30309
2447345.10701 -2.14590
2447346.10705 4.81060
2447347.10710 0.49786
2447348.10715 1.10572
2447349.10719 3.18456
2447350.10724 -1.72456
2447351.10728 5.43107
2447352.10733 -2.90534
2447353.10737 5.15995
2447354.10742 -1.83686
2447355.10747 4.03089
2447356.10751 0.74610
2447357.10756 0.91856
2447358.10760 3.71346
2447359.10765 -2.14480
2447360.10769 5.58051
2447361.10774 -3.12170
2447362.10778 5.74293
2447363.10783 -2.03246
2447364.10788 2.87275
2447365.10792 0.91477
2447366.10797 0.39710
2447367.10801 4.12886
2447368.10806 -2.02014
2447369.10810 7.06396
2447370.10815 -2.89753
2447371.10820 6.33702
2447557.11668 -3.14357
2447558.11673 0.96623
2447559.11677 -0.27836
2447560.11682 -2.19629
2447561.11687 2.78993
2447562.11691 -4.87961
2447563.11696 3.96979
2447564.11700 -5.26961
2447565.11705 3.30760
2447566.11709 -3.46356
2447567.11714 0.39727
2447568.11719 -0.12918
2447569.11723 -2.34031
2447570.11728 2.68228
2447571.11732 -4.78541
2447572.11737 4.47843
2447573.11741 -4.94260
2447574.11746 3.21866
2447575.11750 -3.42108
2447576.11755 -0.01575
2447577.11760 0.14391
2447578.11764 -3.14930
2447579.11769 3.26971
2447580.11773 -5.83388
2447581.11778 3.69701
2447582.11782 -4.33832
2447583.11787 2.02688
2447584.11792 -2.68384
2447585.11796 -0.42633
2447586.11801 0.43062
2447587.11805 -4.16153
2447588.11810 3.43887
2447589.11814 -5.71234
2447590.11819 3.51652
2447591.11823 -5.63694
2447592.11828 1.92017
2447593.11833 -2.52611
2447594.11837 -0.98003
2447595.11842 0.62689
2447596.11846 -4.21684
2447597.11851 2.67335
2447598.11855 -5.86613
2447599.11860 3.65025
2447600.11865 -5.09110
2447601.11869 1.80701
2447602.11874 -2.24425
2447603.11878 -1.17163
2447604.11883 0.77506
2447605.11887 -4.74981
2447606.11892 3.12550
2447607.11897 -5.44135
2447608.11901 2.86752
2447609.11906 -5.29640
2447610.11910 1.32942
2447611.11915 -2.22981
2447612.11919 -1.87698
2447613.11924 1.07789
2447614.11928 -5.37275
2447615.11933 2.64379
2447616.11938 -6.01806
2447617.11942 3.10603
2447618.11947 -5.44410
2447619.11951 0.98702
2447620.11956 -2.02889
2447621.11960 -2.25672
2447622.11965 1.22092
2447623.11970 -5.26696
2447624.11974 3.62170
2447625.11979 -5.62381
2447626.11983 2.70498
2447627.11988 -4.57947
2447628.11992 0.66556
2447629.11997 -1.50458
2447630.12001 -2.74902
2447631.12006 1.49256
2447632.12011 -5.20916
2447633.12015 3.61770
2447634.12020 -5.20510
2447635.12024 2.75463
2447636.12029 -4.59306
2447637.12033 0.26676
2447638.12038 -1.49858
2447639.12043 -2.50297
2447640.12047 1.56809
2447641.12052 -5.72448
2447642.12056 2.97429
2447643.12061 -6.74599
2447644.12065 2.57497
2447645.12070 -4.66505
2447646.12074 -0.14073
2447647.12079 -1.38968
2447648.12084 -3.37165
2447649.12088 1.90710
2447650.12093 -6.98753
2447651.12097 3.68169
2447652.12102 -6.28799
2447653.12106 2.18718
2447654.12111 -3.89586
2447655.12116 -0.53497
2447656.12120 -0.96293
2447657.12125 -3.43135
2447658.12129 1.94429
2447659.12134 -4.92385
2447660.12138 3.14139
2447661.12143 -4.83954
2447662.12147 2.02219
2447663.12152 -4.64970
2447664.12157 -0.73939
2447665.12161 -0.79533
2447666.12166 -3.56851
2447667.12170 1.97392
2447668.12175 -5.52352
2447669.12179 2.68508
2447670.12184 -5.61581
2447671.12189 1.49632
2447672.12193 -3.14318
2447673.12198 -1.36516
2447674.12202 -0.47003
2447675.12207 -5.55554
2447676.12211 2.05243
2447677.12216 -6.09733
2447678.12220 2.81965
2447679.12225 -5.36521
2447680.12230 1.15457
2447681.12234 -3.49850
2447682.12239 -1.63713
2447683.12243 -0.35735
2447684.12248 -4.63323
2447685.12252 2.08001
2447686.12257 -7.10747
2447687.12262 2.69652
2447688.12266 -5.13955
2447689.12271 0.93395
2447690.12275 -3.33384
2447691.12280 -2.08466
2447692.12284 -0.06500
2447693.12289 -5.30926
2447694.12294 2.05950
2447695.12298 -7.06547
2447696.12303 2.64029
2447697.12307 -5.78465
2447698.12312 0.42926
2447699.12316 -3.57022
2447700.12321 -2.48548
2447701.12325 0.13176
2447702.12330 -5.40094
2447703.12335 2.53166
2447704.12339 -7.63208
2447705.12344 2.23067
2447706.12348 -5.73809
2447707.12353 0.10385
2447708.12357 -2.46654
2447709.12362 -3.54993
2447710.12367 0.35840
2447711.12371 -5.28132
2447712.12376 2.22754
2447713.12380 -6.92283
2447714.12385 2.10776
2447715.12389 -5.31419
2447716.12394 -0.27362
2447717.12398 -2.42676
2447718.12403 -3.89869
2447719.12408 0.57856
2447720.12412 -5.45182
2447721.12417 2.30672
2447722.12421 -7.91278
2447723.12426 1.76336
2447724.12430 -5.24413
2447725.12435 -0.76982
2447726.12440 -2.40781
2447727.12444 -4.51743
2447728.12449 0.74249
2447729.12453 -6.32724
2447730.12458 1.86817
2447731.12462 -6.67148
2447732.12467 1.51516
2447733.12471 -4.90814
2447734.12476 -1.14195
2447735.12481 -2.24270
2447736.12485 -4.69567
2447922.13334 -0.47081
2447923.13339 -8.45288
2447924.13343 0.61498
2447925.13348 -8.56556
2447926.13352 -0.64975
2447927.13357 -6.44113
2447928.13361 -2.65329
2447929.13366 -3.22529
2447930.13370 -7.10439
2447931.13375 -0.20547
2447932.13380 -8.27150
2447933.13384 0.44874
2447934.13389 -7.63254
2447935.13393 -1.00934
2447936.13398 -5.43833
2447937.13402 -4.02738
2447938.13407 -2.85397
2447939.13412 -5.93053
2447940.13416 -0.17416
2447941.13421 -7.92236
2447942.13425 0.42996
2447943.13430 -8.60740
2447944.13434 -1.16667
2447945.13439 -5.03777
2447946.13443 -4.28835
2447947.13448 -2.03240
2447948.13453 -6.76184
2447949.13457 -0.08066
2447950.13462 -8.66849
2447951.13466 0.28446
2447952.13471 -9.14129
2447953.13475 -1.58865
2447954.13480 -5.34888
2447955.13485 -4.94537
2447956.13489 -2.15665
2447957.13494 -7.67869
2447958.13498 -0.00058
2447959.13503 -8.38659
2447960.13507 0.12880
2447961.13512 -9.07847
2447962.13516 -1.57554
2447963.13521 -5.27503
2447964.13526 -5.18669
2447965.13530 -2.06262
2447966.13535 -8.37046
2447967.13539 0.06924
2447968.13544 -7.79254
2447969.13548 -0.04708
2447970.13553 -7.91182
2447971.13558 -2.13452
2447972.13562 -4.89017
2447973.13567 -5.64220
2447974.13571 -1.70771
2447975.13576 -8.60972
2447976.13580 0.10127
2447977.13585 -8.89913
2447978.13589 -0.23175
2447979.13594 -8.12282
2447980.13599 -2.45384
2447981.13603 -5.06869
2447982.13608 -6.26053
2447983.13612 -1.63512
2447984.13617 -9.39994
2447985.13621 0.12698
2447986.13626 -9.97858
2447987.13631 -0.49711
2447988.13635 -6.51683
2447989.13640 -3.18774
2447990.13644 -4.44802
2447991.13649 -6.93445
2447992.13653 -1.23964
2447993.13658 -7.97359
2447994.13662 0.11713
2447995.13667 -8.59547
2447996.13672 -0.69730
2447997.13676 -7.61812
2447998.13681 -3.67326
2447999.13685 -3.55672
2448000.13690 -6.15267
2448001.13694 -1.24757
2448002.13699 -8.87381
2448003.13704 0.07752
2448004.13708 -10.06561
2448005.13713 -0.94211
2448006.13717 -7.30024
2448007.13722 -4.14234
2448008.13726 -4.36434
2448009.13731 -8.11196
2448010.13736 -1.03451
2448011.13740 -9.16058
2448012.13745 0.02527
2448013.13749 -8.39719
2448014.13754 -1.24170
2448015.13758 -6.37503
2448016.13763 -4.24705
2448017.13767 -3.80051
2448018.13772 -7.26992
2448019.13777 -0.95257
2448020.13781 -8.73447
2448021.13786 -0.05208
2448022.13790 -8.07724
2448023.13795 -1.57629
2448024.13799 -5.81734
2448025.13804 -5.07274
2448026.13809 -3.46902
2448027.13813 -7.38487
2448028.13818 -0.62928
2448029.13822 -7.79709
2448030.13827 -0.14528
2448031.13831 -7.16857
2448032.13836 -1.88415
2448033.13840 -5.55571
2448034.13845 -5.41661
2448035.13850 -2.85534
2448036.13854 -9.85356
2448037.13859 -0.66638
2448038.13863 -9.01343
2448039.13868 -0.30187
2448040.13872 -8.27927
2448041.13877 -1.95650
2448042.13882 -6.26368
2448043.13886 -5.85454
2448044.13891 -2.84909
2448045.13895 -9.07132
2448046.13900 -0.51119
2448047.13904 -9.42962
2448048.13909 -0.42267
2448049.13913 -7.07067
2448050.13918 -2.66323
2448051.13923 -4.88975
2448052.13927 -6.31608
2448053.13932 -2.45106
2448054.13936 -7.53074
2448055.13941 -0.38499
2448056.13945 -9.97527
2448057.13950 -0.54328
2448058.13955 -7.96576
2448059.13959 -2.98123
2448060.13964 -5.05758
2448061.13968 -4.96195
2448062.13973 -2.12374
2448063.13977 -8.29165
2448064.13982 -0.35810
2448065.13986 -10.99436
2448066.13991 -0.72642
2448067.13996 -8.94533
2448068.14000 -3.36969
2448069.14005 -3.99329
2448070.14009 -6.63095
2448071.14014 -2.14929
2448072.14018 -7.97669
2448073.14023 -0.38969
2448074.14028 -10.01563
2448075.14032 -0.84722
2448076.14037 -7.87130
2448077.14041 -4.09663
2448078.14046 -4.53648
2448079.14050 -7.09801
2448080.14055 -1.51208
2448081.14060 -9.77833
2448082.14064 -0.31378
2448083.14069 -7.85807
2448084.14073 -1.29604
2448085.14078 -7.82168
2448086.14082 -3.75879
2448087.14087 -4.88522
2448088.14091 -6.98246
2448089.14096 -1.62435
2448090.14101 -9.62977
2448091.14105 -0.36639
2448092.14110 -9.42954
2448093.14114 -1.41565
2448094.14119 -7.87079
2448095.14123 -4.52041
2448096.14128 -4.25235
2448097.14133 -7.54647
2448098.14137 -1.46809
2448099.14142 -9.24544
2448100.14146 -0.48291
2448101.14151 -10.10247
2448288.15004 -7.36839
2448289.15009 -5.96213
2448290.15013 -3.24217
2448291.15018 -8.56662
2448292.15022 -1.35247
2448293.15027 -10.66170
2448294.15031 -0.90050
2448295.15036 -10.62998
2448296.15041 -2.71918
2448297.15045 -7.48599
2448298.15050 -5.99536
2448299.15054 -4.46738
2448300.15059 -9.83029
2448301.15063 -1.04299
2448302.15068 -9.36020
2448303.15073 -0.85167
2448304.15077 -7.99533
2448305.15082 -2.75355
2448306.15086 -6.80750
2448307.15091 -6.81192
2448308.15095 -2.87627
2448309.15100 -9.00714
2448310.15104 -0.81633
2448311.15109 -10.59209
2448312.15114 -0.87100
2448313.15118 -9.20958
2448314.15123 -2.80922
2448315.15127 -5.12585
2448316.15132 -7.17023
2448317.15136 -3.09384
2448318.15141 -10.23542
2448319.15146 -1.09449
2448320.15150 -9.52292
2448321.15155 -1.23434
2448322.15159 -8.78432
2448323.15164 -3.34576
2448324.15168 -6.91106
2448325.15173 -5.95198
2448326.15178 -2.75710
2448327.15182 -8.96299
2448328.15187 -0.82875
2448329.15191 -8.76867
2448330.15196 -1.37102
2448331.15200 -10.39518
2448332.15205 -3.82983
2448333.15209 -5.37004
2448334.15214 -7.88778
2448335.15219 -2.35517
2448336.15223 -9.98215
2448337.15228 -0.92440
2448338.15232 -9.41558
2448339.15237 -1.60891
2448340.15241 -8.63724
2448341.15246 -4.36059
2448342.15251 -4.49591
2448343.15255 -7.48606
2448344.15260 -2.11426
2448345.15264 -10.20900
2448346.15269 -0.73347
2448347.15273 -8.64984
2448348.15278 -1.59772
2448349.15282 -7.45878
2448350.15287 -4.21688
2448351.15292 -5.43887
2448352.15296 -8.42968
2448353.15301 -1.92619
2448354.15305 -10.61608
2448355.15310 -0.82551
2448356.15314 -11.72866
2448357.15319 -2.16927
2448358.15324 -7.90019
2448359.15328 -4.84718
2448360.15333 -4.78184
2448361.15337 -7.96868
2448362.15342 -1.73285
2448363.15346 -8.90242
2448364.15351 -0.75817
2448365.15355 -9.05637
2448366.15360 -2.08890
2448367.15365 -8.41771
2448368.15369 -5.18686
2448369.15374 -4.58997
2448370.15378 -8.38805
2448371.15383 -1.56037
2448372.15387 -9.67675
2448373.15392 -0.87233
2448374.15397 -9.55085
2448375.15401 -2.23281
2448376.15406 -6.41064
2448377.15410 -5.88448
2448378.15415 -3.73849
2448379.15419 -8.39052
2448380.15424 -1.06728
2448381.15428 -11.60065
2448382.15433 -0.88907
2448383.15438 -6.74373
2448384.15442 -2.69048
2448385.15447 -7.97656
2448386.15451 -6.12876
2448387.15456 -4.35674
2448388.15460 -8.56795
2448389.15465 -1.00458
2448390.15470 -11.04312
2448391.15474 -0.92459
2448392.15479 -8.31091
2448393.15483 -3.38710
2448394.15488 -7.19699
2448395.15492 -6.25186
2448396.15497 -3.31974
2448397.15502 -9.25587
2448398.15506 -1.06376
2448399.15511 -9.89381
2448400.15515 -0.98775
2448401.15520 -8.42979
2448402.15524 -3.09451
2448403.15529 -5.87475
2448404.15533 -7.35778
2448405.15538 -2.63653
2448406.15543 -9.48705
2448407.15547 -0.83085
2448408.15552 -9.01791
2448409.15556 -1.16294
2448410.15561 -7.49176
2448411.15565 -2.94568
2448412.15570 -5.21119
2448413.15575 -7.39718
2448414.15579 -3.01069
2448415.15584 -8.34404
2448416.15588 -0.70422
2448417.15593 -10.75684
2448418.15597 -1.07446
2448419.15602 -9.10795
2448420.15606 -3.89517
2448421.15611 -4.99215
2448422.15616 -7.81972
2448423.15620 -2.20511
2448424.15625 -8.46552
2448425.15629 -0.61632
2448426.15634 -8.68382
2448427.15638 -1.21443
2448428.15643 -8.08466
2448429.15648 -4.98047
2448430.15652 -5.44228
2448431.15657 -6.76603
2448432.15661 -2.20211
2448433.15666 -9.93814
2448434.15670 -0.55064
2448435.15675 -8.36501
2448436.15679 -1.62975
2448437.15684 -8.28049
2448438.15689 -4.36537
2448439.15693 -4.37330
2448440.15698 -7.71921
2448441.15702 -1.47493
2448442.15707 -10.49982
2448443.15711 -0.52689
2448444.15716 -9.23489
2448445.15721 -1.79985
2448446.15725 -6.82793
2448447.15730 -4.58213
2448448.15734 -3.83765
2448449.15739 -7.71222
2448450.15743 -1.35337
2448451.15748 -10.41637
2448452.15752 -0.55257
2448453.15757 -8.33629
2448454.15762 -1.81383
2448455.15766 -7.84216
2448456.15771 -4.87206
2448457.15775 -4.70706
2448458.15780 -8.57803
2448459.15784 -1.06941
2448460.15789 -9.96840
2448461.15794 -0.52307
2448462.15798 -12.11744
2448463.15803 -2.24361
2448464.15807 -6.53436
2448465.15812 -5.02666
2448466.15816 -3.11562
2448467.15821 -8.51857
2448653.16670 0.26498
2448654.16674 -10.05874
2448655.16679 0.37732
2448656.16683 -8.77817
2448657.16688 -2.01406
2448658.16693 -5.44476
2448659.16697 -4.21137
2448660.16702 -1.67317
2448661.16706 -7.62189
2448662.16711 0.43239
2448663.16715 -10.38543
2448664.16720 0.36193
2448665.16724 -9.13034
2448666.16729 -2.04283
2448667.16734 -4.52745
2448668.16738 -5.10781
2448669.16743 -1.36436
2448670.16747 -9.38826
2448671.16752 0.57015
2448672.16756 -9.36636
2448673.16761 0.23527
2448674.16766 -6.49031
2448675.16770 -2.44545
2448676.16775 -3.96689
2448677.16779 -5.40257
2448678.16784 -0.83864
2448679.16788 -8.15327
2448680.16793 0.82113
2448681.16797 -8.74136
2448682.16802 0.16489
2448683.16807 -7.88618
2448684.16811 -3.07655
2448685.16816 -3.53621
2448686.16820 -5.49379
2448687.16825 -0.56952
2448688.16829 -8.56606
2448689.16834 1.00968
2448690.16839 -8.83541
2448691.16843 0.04264
2448692.16848 -6.12018
2448693.16852 -2.23126
2448694.16857 -3.36294
2448695.16861 -6.37305
2448696.16866 -0.32649
2448697.16870 -6.93367
2448698.16875 1.01404
2448699.16880 -7.90014
2448700.16884 -0.06565
2448701.16889 -5.94332
2448702.16893 -3.34456
2448703.16898 -2.90149
2448704.16902 -6.81607
2448705.16907 0.01243
2448706.16912 -8.58465
2448707.16916 0.98233
2448708.16921 -9.20374
2448709.16925 -0.21000
2448710.16930 -5.59269
2448711.16934 -3.29983
2448712.16939 -2.25071
2448713.16944 -6.12226
2448714.16948 0.29957
2448715.16953 -7.70537
2448716.16957 1.10500
2448717.16962 -7.33050
2448718.16966 -0.38943
2448719.16971 -5.28721
2448720.16975 -3.57329
2448721.16980 -1.71915
2448722.16985 -6.94009
2448723.16989 0.57226
2448724.16994 -7.92394
2448725.16998 1.04571
2448726.17003 -8.22744
2448727.17007 -0.62974
2448728.17012 -5.21856
2448729.17017 -4.31387
2448730.17021 -1.73752
2448731.17026 -6.62396
2448732.17030 0.88942
2448733.17035 -7.77782
2448734.17039 0.82396
2448735.17044 -6.87422
2448736.17048 -0.85481
2448737.17053 -4.35716
2448738.17058 -4.03696
2448739.17062 -1.26522
2448740.17067 -7.03956
2448741.17071 1.00469
2448742.17076 -7.07724
2448743.17080 1.08804
2448744.17085 -6.29048
2448745.17090 -0.92769
2448746.17094 -3.87040
2448747.17099 -5.06065
2448748.17103 -0.76540
2448749.17108 -7.43753
2448750.17112 1.28841
2448751.17117 -8.87952
2448752.17121 0.92069
2448753.17126 -5.41372
2448754.17131 -1.36923
2448755.17135 -3.29789
2448756.17140 -4.49613
2448757.17144 -0.51455
2448758.17149 -7.26708
2448759.17153 1.19615
2448760.17158 -7.99337
2448761.17163 0.87108
2448762.17167 -6.67257
2448763.17172 -1.34776
2448764.17176 -3.21521
2448765.17181 -5.51014
2448766.17185 -0.12754
2448767.17190 -7.34079
2448768.17194 1.44187
2448769.17199 -7.26046
2448770.17204 0.87323
2448771.17208 -6.78017
2448772.17213 -1.40945
2448773.17217 -2.87666
2448774.17222 -5.07944
2448775.17226 0.19199
2448776.17231 -6.53894
2448777.17236 1.56374
2448778.17240 -8.87187
2448779.17245 0.72616
2448780.17249 -4.95192
2448781.17254 -1.81448
2448782.17258 -2.50684
2448783.17263 -4.54374
2448784.17268 0.56247
2448785.17272 -7.66739
2448786.17277 1.72325
2448787.17281 -7.25077
2448788.17286 0.59653
2448789.17290 -5.32911
2448790.17295 -2.16529
2448791.17299 -2.35999
2448792.17304 -5.58686
2448793.17309 0.80388
2448794.17313 -6.72764
2448795.17318 1.49267
2448796.17322 -7.56407
2448797.17327 0.47976
2448798.17331 -4.46585
2448799.17336 -2.50316
2448800.17341 -1.31099
2448801.17345 -5.30848
2448802.17350 1.07013
2448803.17354 -7.32406
2448804.17359 1.81745
2448805.17363 -6.44463
2448806.17368 0.29503
2448807.17372 -4.91066
2448808.17377 -2.62628
2448809.17382 -1.03739
2448810.17386 -7.16403
2448811.17391 1.57303
2448812.17395 -7.58878
2448813.17400 1.55357
2448814.17404 -8.83055
2448815.17409 0.13631
2448816.17414 -4.13177
2448817.17418 -3.03035
2448818.17423 -0.72502
2448819.17427 -6.37236
2448820.17432 1.44864
2448821.17436 -7.74548
2448822.17441 1.92700
2448823.17445 -6.36061
2448824.17450 -0.03556
2448825.17455 -3.36824
2448826.17459 -3.47007
2448827.17464 -0.40746
2448828.17468 -6.52714
2448829.17473 2.05287
2448830.17477 -7.46448
2448831.17482 1.77145
2448832.17487 -5.63370
2449018.18335 1.62363
2449019.18340 -0.84079
2449020.18344 -1.74164
2449021.18349 2.61133
2449022.18354 -4.89909
2449023.18358 4.17173
2449024.18363 -5.93761
2449025.18367 3.58324
2449026.18372 -3.81603
2449027.18376 1.07026
2449028.18381 -0.44160
2449029.18386 -2.27810
2449030.18390 2.88037
2449031.18395 -4.74843
2449032.18399 3.51372
2449033.18404 -5.47626
2449034.18408 3.03433
2449035.18413 -3.13856
2449036.18417 0.92942
2449037.18422 0.03812
2449038.18427 -2.62463
2449039.18431 3.16318
2449040.18436 -4.96596
2449041.18440 3.94564
2449042.18445 -4.54079
2449043.18449 3.76126
2449044.18454 -2.55959
2449045.18459 0.60848
2449046.18463 0.54023
2449047.18468 -2.77105
2449048.18472 3.64487
2449049.18477 -5.01416
2449050.18481 4.45877
2449051.18486 -5.82440
2449052.18490 3.25455
2449053.18495 -2.40318
2449054.18500 0.38932
2449055.18504 1.08812
2449056.18509 -3.16557
2449057.18513 3.52591
2449058.18518 -5.20603
2449059.18522 4.38251
2449060.18527 -3.99091
2449061.18532 3.69152
2449062.18536 -2.15160
2449063.18541 0.14924
2449064.18545 1.20469
2449065.18550 -2.62299
2449066.18554 4.48334
2449067.18559 -4.80366
2449068.18563 4.04619
2449069.18568 -4.73500
2449070.18573 3.11114
2449071.18577 -1.49877
2449072.18582 -0.10329
2449073.18586 1.73416
2449074.18591 -2.66779
2449075.18595 4.21137
2449076.18600 -4.00648
2449077.18605 5.04368
2449078.18609 -4.32700
2449079.18614 2.80109
2449080.18618 -1.16740
2449081.18623 -0.36327
2449082.18627 1.99746
2449083.18632 -2.82978
2449084.18636 4.11099
2449085.18641 -4.13713
2449086.18646 4.53816
2449087.18650 -3.60786
2449088.18655 2.84891
2449089.18659 -0.75517
2449090.18664 -0.54287
2449091.18668 2.08497
2449092.18673 -3.31037
2449093.18678 3.60343
2449094.18682 -4.64453
2449095.18687 5.13428
2449096.18691 -3.06990
2449097.18696 2.17181
2449098.18700 -0.29885
2449099.18705 -0.87160
2449100.18710 3.07457
2449101.18714 -4.30038
2449102.18719 4.98228
2449103.18723 -4.28294
2449104.18728 4.55880
2449105.18732 -2.77598
2449106.18737 2.33371
2449107.18741 0.17072
2449108.18746 -1.25281
2449109.18751 3.44659
2449110.18755 -4.01459
2449111.18760 4.86990
2449112.18764 -4.06986
2449113.18769 5.28640
2449114.18773 -2.57852
2449115.18778 2.17336
2449116.18783 0.53881
2449117.18787 -1.24493
2449118.18792 3.74588
2449119.18796 -3.27588
2449120.18801 5.03620
2449121.18805 -4.20310
2449122.18810 5.02810
2449123.18814 -2.21174
2449124.18819 1.62480
2449125.18824 1.35361
2449126.18828 -1.65489
2449127.18833 4.09200
2449128.18837 -3.65133
2449129.18842 5.59981
2449130.18846 -3.98296
2449131.18851 4.36007
2449132.18856 -1.84213
2449133.18860 1.41153
2449134.18865 1.85241
2449135.18869 -1.73788
2449136.18874 4.71612
2449137.18878 -3.93433
2449138.18883 5.36119
2449139.18887 -3.85781
2449140.18892 3.64839
2449141.18897 -1.41753
2449142.18901 1.29049
2449143.18906 2.19678
2449144.18910 -2.12152
2449145.18915 4.48774
2449146.18919 -4.14985
2449147.18924 6.45067
2449148.18929 -3.74723
2449149.18933 4.40873
2449150.18938 -0.88405
2449151.18942 1.08236
2449152.18947 2.07135
2449153.18951 -2.35823
2449154.18956 5.48850
2449155.18960 -4.26146
2449156.18965 5.91426
2449157.18970 -3.14637
2449158.18974 4.16418
2449159.18979 -0.52717
2449160.18983 0.77076
2449161.18988 2.55371
2449162.18992 -2.08001
2449163.18997 4.98846
2449164.19002 -4.76411
2449165.19006 6.09074
2449166.19011 -3.19659
2449167.19015 4.01448
2449168.19020 -0.10290
2449169.19024 0.60323
2449170.19029 3.57113
2449171.19033 -2.35171
2449172.19038 6.45447
2449173.19043 -4.05298
2449174.19047 5.71866
2449175.19052 -2.41522
2449176.19056 3.57352
2449177.19061 0.35724
2449178.19065 0.34105
2449179.19070 4.41049
2449180.19075 -1.98419
2449181.19079 5.95680
2449182.19084 -3.36919
2449183.19088 6.38223
2449184.19093 -2.53185
2449185.19097 2.98609
2449186.19102 0.86061
2449187.19107 0.11776
2449188.19111 3.95607
2449189.19116 -2.62685
2449190.19120 4.56248
2449191.19125 -3.50940
2449192.19129 5.23208
2449193.19134 -1.74241
2449194.19138 3.53965
2449195.19143 1.28112
2449196.19148 -0.11671
2449197.19152 3.76375
2449383.20001 -0.99627
2449384.20005 8.64653
2449385.20010 -1.16135
2449386.20015 8.77864
2449387.20019 0.56583
2449388.20024 4.27130
2449389.20028 3.69562
2449390.20033 1.13069
2449391.20037 7.00591
2449392.20042 -1.14124
2449393.20047 9.08135
2449394.20051 -1.26390
2449395.20056 6.37062
2449396.20060 0.95317
2449397.20065 4.03162
2449398.20069 3.87663
2449399.20074 0.88522
2449400.20078 7.18129
2449401.20083 -1.23926
2449402.20088 9.03523
2449403.20092 -0.93314
2449404.20097 7.69647
2449405.20101 1.42586
2449406.20106 3.90609
2449407.20110 4.56878
2449408.20115 0.67936
2449409.20120 8.12690
2449410.20124 -1.20723
2449411.20129 8.79006
2449412.20133 -0.75102
2449413.20138 7.29897
2449414.20142 1.74867
2449415.20147 3.95595
2449416.20152 5.28702
2449417.20156 0.55751
2449418.20161 6.94292
2449419.20165 -1.31581
2449420.20170 7.86186
2449421.20174 -0.50112
2449422.20179 5.68121
2449423.20183 2.40738
2449424.20188 3.37245
2449425.20193 5.38759
2449426.20197 0.29145
2449427.20202 7.60457
2449428.20206 -0.92651
2449429.20211 7.75751
2449430.20215 -0.18724
2449431.20220 6.89322
2449432.20225 2.62513
2449433.20229 3.73508
2449434.20234 5.73325
2449435.20238 0.15076
2449436.20243 9.20081
2449437.20247 -1.10326
2449438.20252 7.72315
2449439.20256 0.13832
2449440.20261 6.51611
2449441.20266 2.66620
2449442.20270 2.51360
2449443.20275 4.80001
2449444.20279 -0.00695
2449445.20284 8.26981
2449446.20288 -0.97897
2449447.20293 6.88566
2449448.20298 0.39267
2449449.20302 5.64192
2449450.20307 3.29061
2449451.20311 2.59825
2449452.20316 7.19262
2449453.20320 -0.10423
2449454.20325 8.63913
2449455.20329 -0.75870
2449456.20334 7.52622
2449457.20339 0.64135
2449458.20343 5.47635
2449459.20348 3.32089
2449460.20352 2.31171
2449461.20357 6.58705
2449462.20361 -0.28963
2449463.20366 10.32149
2449464.20371 -0.75936
2449465.20375 6.77662
2449466.20380 1.21540
2449467.20384 5.02244
2449468.20389 4.85297
2449469.20393 1.90525
2449470.20398 7.07114
2449471.20402 -0.31747
2449472.20407 9.43489
2449473.20412 -0.52036
2449474.20416 7.90560
2449475.20421 1.55213
2449476.20425 5.53325
2449477.20430 4.89278
2449478.20434 1.78697
2449479.20439 6.66169
2449480.20444 -0.37000
2449481.20448 9.02964
2449482.20453 -0.39944
2449483.20457 8.82924
2449484.20462 1.58224
2449485.20466 5.67595
2449486.20471 5.20088
2449487.20475 1.63051
2449488.20480 7.75930
2449489.20485 -0.50858
2449490.20489 8.92378
2449491.20494 -0.17485
2449492.20498 8.17791
2449493.20503 2.18423
2449494.20507 3.58728
2449495.20512 4.75511
2449496.20517 1.63920
2449497.20521 7.43601
2449498.20526 -0.39026
2449499.20530 8.23349
2449500.20535 0.04281
2449501.20539 7.93864
2449502.20544 2.40537
2449503.20549 4.99799
2449504.20553 6.06832
2449505.20558 1.20683
2449506.20562 8.36500
2449507.20567 -0.42135
2449508.20571 10.52153
2449509.20576 0.28534
2449510.20580 8.52160
2449511.20585 2.83512
2449512.20590 4.33452
2449513.20594 6.72713
2449514.20599 0.85959
2449515.20603 9.00680
2449516.20608 -0.42280
2449517.20612 8.29223
2449518.20617 0.57459
2449519.20622 7.14472
2449520.20626 3.40033
2449521.20631 3.71682
2449522.20635 6.73111
2449523.20640 0.75876
2449524.20644 9.14305
2449525.20649 -0.39510
2449526.20653 11.41473
2449527.20658 0.72103
2449528.20663 6.40539
2449529.20667 3.64068
2449530.20672 4.16636
2449531.20676 6.21259
2449532.20681 0.65768
2449533.20685 9.41868
2449534.20690 -0.28540
2449535.20695 10.05235
2449536.20699 1.28055
2449537.20704 6.25560
2449538.20708 4.32862
2449539.20713 2.58887
2449540.20717 7.58189
2449541.20722 0.45368
2449542.20726 9.16390
2449543.20731 -0.22829
2449544.20736 9.20757
2449545.20740 1.21288
2449546.20745 6.38002
2449547.20749 4.08688
2449548.20754 2.66229
2449549.20758 8.74617
2449550.20763 0.39680
2449551.20768 10.54616
2449552.20772 -0.06055
2449553.20777 8.05390
2449554.20781 2.06388
2449555.20786 5.13112
2449556.20790 5.44684
2449557.20795 2.51393
2449558.20799 7.39711
2449559.20804 0.29467
2449560.20809 10.45634
2449561.20813 0.08215
2449562.20818 8.76918
2449749.21671 6.19052
2449750.21676 7.10606
2449751.21680 2.89696
2449752.21685 10.07900
2449753.21689 0.87923
2449754.21694 11.30137
2449755.21698 1.01802
2449756.21703 8.79904
2449757.21708 3.19104
2449758.21712 5.93946
2449759.21717 8.27872
2449760.21721 2.42788
2449761.21726 9.89951
2449762.21730 0.86607
2449763.21735 8.24594
2449764.21740 1.33022
2449765.21744 8.98687
2449766.21749 2.87925
2449767.21753 4.91424
2449768.21758 8.28363
2449769.21762 2.53062
2449770.21767 10.33815
2449771.21771 0.84010
2449772.21776 10.56331
2449773.21781 1.70092
2449774.21785 8.14210
2449775.21790 4.46108
2449776.21794 4.78855
2449777.21799 8.78748
2449778.21803 2.38109
2449779.21808 11.52844
2449780.21813 0.73132
2449781.21817 9.28112
2449782.21822 2.07344
2449783.21826 8.56967
2449784.21831 4.92790
2449785.21835 4.47536
2449786.21840 8.47419
2449787.21844 1.64934
2449788.21849 10.92170
2449789.21854 0.88369
2449790.21858 11.80814
2449791.21863 2.23173
2449792.21867 6.75020
2449793.21872 5.23643
2449794.21876 5.39852
2449795.21881 7.70678
2449796.21886 1.64186
2449797.21890 11.85223
2449798.21895 0.86481
2449799.21899 12.50428
2449800.21904 2.17450
2449801.21908 6.77964
2449802.21913 6.17336
2449803.21917 3.62753
2449804.21922 8.56332
2449805.21927 1.46260
2449806.21931 11.55647
2449807.21936 0.92991
2449808.21940 10.31235
2449809.21945 2.51892
2449810.21949 8.07965
2449811.21954 8.22505
2449812.21959 4.06235
2449813.21963 9.10250
2449814.21968 1.14261
2449815.21972 9.86045
2449816.21977 0.94048
2449817.21981 9.16249
2449818.21986 2.91220
2449819.21991 8.09653
2449820.21995 7.00210
2449821.22000 3.43162
2449822.22004 8.15069
2449823.22009 1.33194
2449824.22013 10.51291
2449825.22018 0.88438
2449826.22022 10.15048
2449827.22027 3.55251
2449828.22032 4.95042
2449829.22036 6.03977
2449830.22041 3.14874
2449831.22045 10.20689
2449832.22050 1.00384
2449833.22054 9.69059
2449834.22059 1.28650
2449835.22064 8.81590
2449836.22068 3.73020
2449837.22073 5.50313
2449838.22077 5.99544
2449839.22082 3.11046
2449840.22086 9.96985
2449841.22091 1.05346
2449842.22095 9.98636
2449843.22100 1.24402
2449844.22105 10.22702
2449845.22109 3.27584
2449846.22114 6.57315
2449847.22118 8.23597
2449848.22123 2.83767
2449849.22127 9.23506
2449850.22132 0.82058
2449851.22137 10.27825
2449852.22141 1.32724
2449853.22146 7.89570
2449854.22150 4.46891
2449855.22155 5.84654
2449856.22159 6.80906
2449857.22164 2.50686
2449858.22168 10.54433
2449859.22173 0.97369
2449860.22178 11.01551
2449861.22182 1.89994
2449862.22187 8.85487
2449863.22191 4.98299
2449864.22196 4.47596
2449865.22200 7.83151
2449866.22205 2.09075
2449867.22210 9.98087
2449868.22214 0.85850
2449869.22219 10.97384
2449870.22223 2.00631
2449871.22228 8.00686
2449872.22232 4.52346
2449873.22237 5.31033
2449874.22241 8.52312
2449875.22246 1.67660
2449876.22251 10.14831
2449877.22255 0.67857
2449878.22260 10.22597
2449879.22264 2.11826
2449880.22269 7.38555
2449881.22273 6.05837
2449882.22278 3.92333
2449883.22283 9.12946
2449884.22287 2.01417
2449885.22292 11.56581
2449886.22296 0.84277
2449887.22301 8.89709
2449888.22305 2.08044
2449889.22310 7.19812
2449890.22315 5.19422
2449891.22319 3.79738
2449892.22324 8.51526
2449893.22328 1.44316
2449894.22333 11.01634
2449895.22337 0.78216
2449896.22342 9.18325
2449897.22346 2.62867
2449898.22351 7.02685
2449899.22356 7.01185
2449900.22360 3.84098
2449901.22365 7.59789
2449902.22369 1.33737
2449903.22374 11.12032
2449904.22378 0.95117
2449905.22383 8.48111
2449906.22388 3.46657
2449907.22392 6.08773
2449908.22397 6.68169
2449909.22401 3.49245
2449910.22406 9.85615
2449911.22410 1.32345
2449912.22415 11.14876
2449913.22419 0.99771
2449914.22424 10.46871
2449915.22429 3.03342
2449916.22433 6.56486
2449917.22438 5.75204
2449918.22442 2.78323
2449919.22447 9.56339
2449920.22451 1.03603
2449921.22456 8.74516
2449922.22461 1.23100
2449923.22465 8.42627
2449924.22470 3.99106
2449925.22474 5.88068
2449926.22479 6.15875
2449927.22483 2.81663
2449928.22488 8.81984
2450114.23337 0.12323
2450115.23341 9.75249
2450116.23346 0.82682
2450117.23350 8.34117
2450118.23355 3.22223
2450119.23359 3.97955
2450120.23364 7.27670
2450121.23369 1.28414
2450122.23373 8.36111
2450123.23378 0.02206
2450124.23382 10.11625
2450125.23387 0.86672
2450126.23391 7.06419
2450127.23396 3.52447
2450128.23401 4.90189
2450129.23405 7.91352
2450130.23410 1.09995
2450131.23414 10.02268
2450132.23419 -0.05060
2450133.23423 8.80953
2450134.23428 1.17357
2450135.23433 7.49445
2450136.23437 4.13025
2450137.23442 3.85178
2450138.23446 7.56583
2450139.23451 0.85737
2450140.23455 9.25069
2450141.23460 -0.08894
2450142.23464 9.46694
2450143.23469 1.40512
2450144.23474 6.93084
2450145.23478 3.94246
2450146.23483 3.02305
2450147.23487 8.05121
2450148.23492 0.70443
2450149.23496 9.70877
2450150.23501 -0.10612
2450151.23506 9.23753
2450152.23510 1.37783
2450153.23515 7.24862
2450154.23519 4.85665
2450155.23524 2.76584
2450156.23528 7.82786
2450157.23533 0.35680
2450158.23537 10.82102
2450159.23542 -0.09652
2450160.23547 8.92979
2450161.23551 1.87651
2450162.23556 5.56734
2450163.23560 5.16263
2450164.23565 2.64831
2450165.23569 6.89219
2450166.23574 0.16442
2450167.23579 9.49871
2450168.23583 -0.06283
2450169.23588 8.55870
2450170.23592 2.06070
2450171.23597 6.35703
2450172.23601 4.72588
2450173.23606 2.12486
2450174.23610 8.89621
2450175.23615 -0.03230
2450176.23620 9.92727
2450177.23624 -0.00691
2450178.23629 8.74750
2450179.23633 2.50990
2450180.23638 5.03519
2450181.23642 5.08524
2450182.23647 1.77605
2450183.23652 9.10407
2450184.23656 -0.19716
2450185.23661 9.79235
2450186.23665 0.06575
2450187.23670 7.63696
2450188.23674 2.46665
2450189.23679 5.12335
2450190.23683 6.42490
2450191.23688 1.33093
2450192.23693 9.29377
2450193.23697 -0.37683
2450194.23702 9.74352
2450195.23706 0.16263
2450196.23711 8.79702
2450197.23715 2.66169
2450198.23720 4.43449
2450199.23725 6.57448
2450200.23729 1.04049
2450201.23734 8.68488
2450202.23738 -0.49105
2450203.23743 8.70303
2450204.23747 0.27295
2450205.23752 8.06779
2450206.23757 2.86852
2450207.23761 4.15773
2450208.23766 6.66285
2450209.23770 0.70205
2450210.23775 9.29637
2450211.23779 -0.66046
2450212.23784 9.58136
2450213.23788 0.40374
2450214.23793 6.90382
2450215.23798 2.89905
2450216.23802 3.55670
2450217.23807 7.33020
2450218.23811 0.46791
2450219.23816 8.36099
2450220.23820 -0.62494
2450221.23825 9.25319
2450222.23830 0.44199
2450223.23834 7.83469
2450224.23839 3.80368
2450225.23843 3.31078
2450226.23848 6.84340
2450227.23852 0.17934
2450228.23857 9.54282
2450229.23861 -0.74625
2450230.23866 9.08759
2450231.23871 0.74433
2450232.23875 6.27542
2450233.23880 3.59533
2450234.23884 2.91259
2450235.23889 6.31098
2450236.23893 -0.03810
2450237.23898 10.95488
2450238.23903 -0.61384
2450239.23907 9.45237
2450240.23912 0.94633
2450241.23916 6.39474
2450242.23921 4.14191
2450243.23925 1.91977
2450244.23930 8.47099
2450245.23934 -0.26428
2450246.23939 8.90879
2450247.23944 -0.82703
2450248.23948 7.64739
2450249.23953 0.95127
2450250.23957 5.81603
2450251.23962 3.74925
2450252.23966 1.92662
2450253.23971 6.91062
2450254.23976 -0.60011
2450255.23980 9.10708
2450256.23985 -0.73999
2450257.23989 8.49845
2450258.23994 1.20996
2450259.23998 4.52219
2450260.24003 3.61176
2450261.24007 1.15882
2450262.24012 9.09743
2450263.24017 -0.57799
2450264.24021 8.90805
2450265.24026 -0.72744
2450266.24030 7.31212
2450267.24035 1.76197
2450268.24039 4.23554
2450269.24044 5.13789
2450270.24049 1.10253
2450271.24053 7.40652
2450272.24058 -0.95998
2450273.24062 8.98628
2450274.24067 -0.66443
2450275.24071 7.53820
2450276.24076 1.77793
2450277.24080 4.08459
2450278.24085 6.01692
2450279.24090 0.72584
2450280.24094 8.70672
2450281.24099 -1.26200
2450282.24103 8.20233
2450283.24108 -0.51506
2450284.24112 8.18956
2450285.24117 1.70486
2450286.24122 3.56396
2450287.24126 6.35070
2450288.24131 0.35680
2450289.24135 7.89841
2450290.24140 -1.16438
2450291.24144 8.61344
2450292.24149 -0.34283
2450293.24154 6.79865
2450479.25002 1.10415
2450480.25007 0.81473
2450481.25011 4.02217
2450482.25016 -2.17313
2450483.25021 5.70712
2450484.25025 -3.04207
2450485.25030 6.02445
2450486.25034 -1.98080
2450487.25039 4.05040
2450488.25043 1.08978
2450489.25048 0.42753
2450490.25052 4.32638
2450491.25057 -2.15359
2450492.25062 6.19968
2450493.25066 -3.06017
2450494.25071 6.12237
2450495.25075 -1.57320
2450496.25080 3.46871
2450497.25084 1.24071
2450498.25089 -0.04065
2450499.25094 4.68658
2450500.25098 -2.51063
2450501.25103 6.86858
2450502.25107 -3.56741
2450503.25112 5.21386
2450504.25116 -1.42621
2450505.25121 2.90292
2450506.25125 1.90966
2450507.25130 -0.48801
2450508.25135 5.39631
2450509.25139 -2.86710
2450510.25144 6.55440
2450511.25148 -3.45572
2450512.25153 5.56705
2450513.25157 -1.17776
2450514.25162 2.53415
2450515.25167 2.10864
2450516.25171 -0.89986
2450517.25176 5.10704
2450518.25180 -2.68077
2450519.25185 7.04637
2450520.25189 -3.29993
2450521.25194 5.23051
2450522.25199 -1.21387
2450523.25203 2.05936
2450524.25208 2.32462
2450525.25212 -1.20517
2450526.25217 5.56095
2450527.25221 -3.84436
2450528.25226 6.78761
2450529.25230 -3.32677
2450530.25235 4.30851
2450531.25240 -0.79597
2450532.25244 1.87827
2450533.25249 2.56801
2450534.25253 -1.59556
2450535.25258 5.68697
2450536.25262 -3.14718
2450537.25267 6.49068
2450538.25272 -3.67609
2450539.25276 5.30923
2450540.25281 -0.61858
2450541.25285 1.11853
2450542.25290 2.45967
2450543.25294 -1.99650
2450544.25299 5.21858
2450545.25303 -3.70369
2450546.25308 6.32859
2450547.25313 -3.34988
2450548.25317 3.59208
2450549.25322 -0.43917
2450550.25326 0.67944
2450551.25331 3.01642
2450552.25335 -2.80384
2450553.25340 5.29438
2450554.25345 -3.69284
2450555.25349 6.05101
2450556.25354 -3.31594
2450557.25358 3.22326
2450558.25363 -0.21344
2450559.25367 0.27233
2450560.25372 3.32269
2450561.25376 -2.96787
2450562.25381 5.63391
2450563.25386 -3.48299
2450564.25390 5.60726
2450565.25395 -3.43898
2450566.25399 3.30698
2450567.25404 0.04203
2450568.25408 -0.22474
2450569.25413 3.41137
2450570.25418 -3.22717
2450571.25422 5.53870
2450572.25427 -4.11320
2450573.25431 5.85846
2450574.25436 -2.79523
2450575.25440 3.17958
2450576.25445 0.28404
2450577.25449 -0.67408
2450578.25454 3.35466
2450579.25459 -4.09813
2450580.25463 5.62716
2450581.25468 -3.38890
2450582.25472 5.22837
2450583.25477 -2.48073
2450584.25481 2.28778
2450585.25486 0.52871
2450586.25491 -0.98880
2450587.25495 4.53177
2450588.25500 -3.19950
2450589.25504 5.87872
2450590.25509 -4.29445
2450591.25513 4.81527
2450592.25518 -2.67879
2450593.25522 1.66209
2450594.25527 0.70689
2450595.25532 -1.52617
2450596.25536 3.82038
2450597.25541 -4.61898
2450598.25545 5.35914
2450599.25550 -4.46686
2450600.25554 3.89380
2450601.25559 -2.38809
2450602.25564 1.44496
2450603.25568 0.98496
2450604.25573 -1.77887
2450605.25577 3.30242
2450606.25582 -5.12069
2450607.25586 5.29346
2450608.25591 -4.28199
2450609.25596 4.24988
2450610.25600 -2.21363
2450611.25605 0.94106
2450612.25609 1.29823
2450613.25614 -2.48016
2450614.25618 4.85395
2450615.25623 -4.63897
2450616.25627 5.15053
2450617.25632 -3.23087
2450618.25637 3.66556
2450619.25641 -1.78054
2450620.25646 0.61251
2450621.25650 1.65620
2450622.25655 -2.69595
2450623.25659 4.38850
2450624.25664 -4.64247
2450625.25669 4.74814
2450626.25673 -4.10226
2450627.25678 4.05760
2450628.25682 -1.45850
2450629.25687 0.11567
2450630.25691 1.93268
2450631.25696 -3.43693
2450632.25700 4.27185
2450633.25705 -4.39978
2450634.25710 5.59743
2450635.25714 -4.48492
2450636.25719 2.84624
2450637.25723 -1.11348
2450638.25728 -0.34776
2450639.25732 2.37460
2450640.25737 -3.45801
2450641.25742 4.55382
2450642.25746 -5.15868
2450643.25751 5.12294
2450644.25755 -3.51358
2450645.25760 2.32433
2450646.25764 -1.22299
2450647.25769 -0.73854
2450648.25773 2.19701
2450649.25778 -4.07332
2450650.25783 4.93130
2450651.25787 -4.55958
2450652.25792 4.26474
2450653.25796 -3.86251
2450654.25801 1.91674
2450655.25805 -1.01637
2450656.25810 -1.25542
2450657.25815 2.43864
2450658.25819 -4.62033
2450844.26668 2.34647
2450845.26672 -8.04161
2450846.26677 2.02851
2450847.26682 -6.65383
2450848.26686 -0.83177
2450849.26691 -2.72759
2450850.26695 -4.07401
2450851.26700 0.74595
2450852.26704 -6.82963
2450853.26709 2.89672
2450854.26714 -6.07229
2450855.26718 1.35581
2450856.26723 -5.21034
2450857.26727 -1.31323
2450858.26732 -2.27774
2450859.26736 -4.73085
2450860.26741 1.20534
2450861.26745 -6.67561
2450862.26750 2.25141
2450863.26755 -6.77748
2450864.26759 1.04561
2450865.26764 -5.55422
2450866.26768 -1.77605
2450867.26773 -1.75830
2450868.26777 -5.19455
2450869.26782 1.20171
2450870.26787 -7.45480
2450871.26791 2.34090
2450872.26796 -6.87233
2450873.26800 1.03699
2450874.26805 -5.08610
2450875.26809 -2.00692
2450876.26814 -1.38784
2450877.26818 -5.79633
2450878.26823 1.33718
2450879.26828 -6.65212
2450880.26832 1.97627
2450881.26837 -5.91107
2450882.26841 0.58618
2450883.26846 -4.87552
2450884.26850 -2.78500
2450885.26855 -0.98328
2450886.26860 -6.17106
2450887.26864 1.37834
2450888.26869 -7.98591
2450889.26873 2.10151
2450890.26878 -7.37077
2450891.26882 0.31051
2450892.26887 -6.04594
2450893.26891 -2.97906
2450894.26896 -1.00974
2450895.26901 -5.59430
2450896.26905 1.73646
2450897.26910 -7.99495
2450898.26914 2.07360
2450899.26919 -7.81157
2450900.26923 -0.05836
2450901.26928 -4.45669
2450902.26933 -3.85597
2450903.26937 -0.78753
2450904.26942 -5.66836
2450905.26946 1.62652
2450906.26951 -6.77560
2450907.26955 1.59875
2450908.26960 -6.18947
2450909.26964 -0.48505
2450910.26969 -3.86512
2450911.26974 -3.81107
2450912.26978 -0.50923
2450913.26983 -6.74693
2450914.26987 1.51568
2450915.26992 -7.35166
2450916.26996 1.77761
2450917.27001 -7.16516
2450918.27006 -1.01799
2450919.27010 -3.50306
2450920.27015 -4.48177
2450921.27019 -0.33387
2450922.27024 -6.82626
2450923.27028 1.57658
2450924.27033 -8.34598
2450925.27038 1.26622
2450926.27042 -5.63475
2450927.27047 -1.27203
2450928.27051 -3.83819
2450929.27056 -5.34437
2450930.27060 -0.12571
2450931.27065 -8.36240
2450932.27069 1.38633
2450933.27074 -7.64760
2450934.27079 1.09019
2450935.27083 -6.65870
2450936.27088 -1.65086
2450937.27092 -3.08366
2450938.27097 -4.88661
2450939.27101 0.06296
2450940.27106 -9.80208
2450941.27111 1.57071
2450942.27115 -7.75535
2450943.27120 0.70972
2450944.27124 -6.19879
2450945.27129 -1.97303
2450946.27133 -2.84595
2450947.27138 -4.76859
2450948.27142 0.25549
2450949.27147 -8.10859
2450950.27152 1.52016
2450951.27156 -10.49204
2450952.27161 0.42499
2450953.27165 -6.81674
2450954.27170 -2.51421
2450955.27174 -2.55738
2450956.27179 -5.59939
2450957.27184 0.43525
2450958.27188 -8.24772
2450959.27193 1.80190
2450960.27197 -7.93584
2450961.27202 0.10358
2450962.27206 -6.09698
2450963.27211 -3.12500
2450964.27215 -2.19052
2450965.27220 -7.01354
2450966.27225 0.49969
2450967.27229 -8.54821
2450968.27234 1.29780
2450969.27238 -7.40530
2450970.27243 -0.20500
2450971.27247 -4.88300
2450972.27252 -3.57051
2450973.27257 -1.81660
2450974.27261 -7.70389
2450975.27266 0.54071
2450976.27270 -9.61347
2450977.27275 1.22632
2450978.27279 -7.01098
2450979.27284 -0.60862
2450980.27288 -5.52326
2450981.27293 -3.98362
2450982.27298 -1.70486
2450983.27302 -7.47497
2450984.27307 0.68106
2450985.27311 -9.87745
2450986.27316 1.00609
2450987.27320 -6.93045
2450988.27325 -0.93578
2450989.27330 -5.37692
2450990.27334 -3.80404
2450991.27339 -1.65209
2450992.27343 -6.40951
2450993.27348 0.89952
2450994.27352 -8.76279
2450995.27357 0.75223
2450996.27362 -5.95163
2450997.27366 -1.27698
2450998.27371 -4.88666
2450999.27375 -4.32102
2451000.27380 -1.23057
2451001.27384 -6.76524
2451002.27389 0.77990
2451003.27393 -8.60762
2451004.27398 0.59843
2451005.27403 -7.05691
2451006.27407 -1.72859
2451007.27412 -4.32912
2451008.27416 -5.28545
2451009.27421 -1.12597
2451010.27425 -8.78150
2451011.27430 0.92586
2451012.27435 -7.60988
2451013.27439 0.42507
2451014.27444 -6.97350
2451015.27448 -2.03917
2451016.27453 -4.16779
2451017.27457 -6.49272
2451018.27462 -1.00241
2451019.27466 -9.00342
2451020.27471 0.67349
2451021.27476 -7.70344
2451022.27480 0.20651
2451023.27485 -7.20598
2451209.28333 -5.16567
2451210.28338 -5.50740
2451211.28343 -7.71365
2451212.28347 -1.27479
2451213.28352 -10.72869
2451214.28356 -0.32435
2451215.28361 -10.54139
2451216.28365 -1.55872
2451217.28370 -6.84654
2451218.28375 -4.79728
2451219.28379 -4.64325
2451220.28384 -6.92368
2451221.28388 -1.39414
2451222.28393 -9.07581
2451223.28397 -0.43532
2451224.28402 -8.56264
2451225.28406 -1.80353
2451226.28411 -7.18504
2451227.28416 -4.97211
2451228.28420 -4.23659
2451229.28425 -8.40932
2451230.28429 -1.28710
2451231.28434 -9.32971
2451232.28438 -0.49410
2451233.28443 -11.31735
2451234.28448 -2.52058
2451235.28452 -8.46345
2451236.28457 -5.10413
2451237.28461 -4.15664
2451238.28466 -8.46872
2451239.28470 -1.06999
2451240.28475 -10.49251
2451241.28480 -0.55974
2451242.28484 -9.54557
2451243.28489 -3.14896
2451244.28493 -7.13539
2451245.28498 -5.59235
2451246.28502 -2.86683
2451247.28507 -7.51103
2451248.28511 -1.08891
2451249.28516 -10.86967
2451250.28521 -0.82176
2451251.28525 -8.08161
2451252.28530 -2.52643
2451253.28534 -6.36555
2451254.28539 -6.13385
2451255.28543 -2.70670
2451256.28548 -8.18963
2451257.28553 -0.75494
2451258.28557 -10.06982
2451259.28562 -0.88905
2451260.28566 -8.62176
2451261.28571 -2.89962
2451262.28575 -6.39405
2451263.28580 -6.86170
2451264.28584 -2.53751
2451265.28589 -7.98620
2451266.28594 -0.83000
2451267.28598 -10.85138
2451268.28603 -0.99431
2451269.28607 -8.68040
2451270.28612 -3.69784
2451271.28616 -4.82637
2451272.28621 -6.71696
2451273.28626 -2.45784
2451274.28630 -8.09263
2451275.28635 -0.74591
2451276.28639 -10.65953
2451277.28644 -1.37746
2451278.28648 -9.04344
2451279.28653 -4.45821
2451280.28657 -5.19469
2451281.28662 -7.07764
2451282.28667 -2.40851
2451283.28671 -10.13601
2451284.28676 -0.62770
2451285.28680 -11.72756
2451286.28685 -1.40953
2451287.28689 -8.03278
2451288.28694 -5.01222
2451289.28699 -4.91917
2451290.28703 -9.04962
2451291.28708 -2.13152
2451292.28712 -11.41539
2451293.28717 -0.57343
2451294.28721 -11.68059
2451295.28726 -1.95033
2451296.28730 -8.25449
2451297.28735 -4.82490
2451298.28740 -5.69156
2451299.28744 -7.67706
2451300.28749 -2.26239
2451301.28753 -11.46718
2451302.28758 -0.72269
2451303.28762 -9.54717
2451304.28767 -1.67863
2451305.28772 -7.18814
2451306.28776 -5.09303
2451307.28781 -5.73574
2451308.28785 -8.11001
2451309.28790 -1.43689
2451310.28794 -9.22969
2451311.28799 -0.68859
2451312.28804 -11.48496
2451313.28808 -2.31647
2451314.28813 -6.27363
2451315.28817 -6.16609
2451316.28822 -4.77956
2451317.28826 -7.93480
2451318.28831 -1.56658
2451319.28835 -11.89719
2451320.28840 -0.66508
2451321.28845 -9.65576
2451322.28849 -2.58503
2451323.28854 -8.31871
2451324.28858 -4.60110
2451325.28863 -3.97474
2451326.28867 -7.79701
2451327.28872 -1.21965
2451328.28877 -11.28191
2451329.28881 -0.91696
2451330.28886 -8.51600
2451331.28890 -2.38568
2451332.28895 -8.47826
2451333.28899 -5.82930
2451334.28904 -3.69433
2451335.28908 -10.31310
2451336.28913 -1.16676
2451337.28918 -12.23362
2451338.28922 -1.02910
2451339.28927 -10.54522
2451340.28931 -3.26814
2451341.28936 -6.85277
2451342.28940 -7.21224
2451343.28945 -2.81817
2451344.28950 -9.13634
2451345.28954 -0.88539
2451346.28959 -10.97931
2451347.28963 -1.17891
2451348.28968 -7.87246
2451349.28972 -3.64203
2451350.28977 -6.57772
2451351.28981 -6.42212
2451352.28986 -3.42678
2451353.28991 -9.15095
2451354.28995 -0.92544
2451355.29000 -9.43395
2451356.29004 -1.16120
2451357.29009 -8.10590
2451358.29013 -3.82581
2451359.29018 -6.64296
2451360.29023 -5.74856
2451361.29027 -3.18934
2451362.29032 -11.50640
2451363.29036 -0.85851
2451364.29041 -9.02540
2451365.29045 -1.42614
2451366.29050 -8.15616
2451367.29054 -4.95894
2451368.29059 -6.05271
2451369.29064 -9.07384
2451370.29068 -2.30355
2451371.29073 -11.85202
2451372.29077 -0.97100
2451373.29082 -10.16869
2451374.29086 -1.47824
2451375.29091 -8.92702
2451376.29096 -4.23480
2451377.29100 -5.12133
2451378.29105 -8.15846
2451379.29109 -2.49152
2451380.29114 -9.84352
2451381.29118 -0.78497
2451382.29123 -9.68444
2451383.29127 -1.81564
2451384.29132 -9.48817
2451385.29137 -4.51806
2451386.29141 -5.06100
2451387.29146 -8.71946
2451388.29150 -2.06896
2451575.30004 -0.63291
2451576.30008 -9.18484
2451577.30013 -2.47272
2451578.30017 -8.23914
2451579.30022 -5.58834
2451580.30026 -3.33151
2451581.30031 -7.81584
2451582.30036 -1.43526
2451583.30040 -9.09444
2451584.30045 -0.52885
2451585.30049 -11.03188
2451586.30054 -3.01528
2451587.30058 -7.17080
2451588.30063 -5.09692
2451589.30068 -3.02488
2451590.30072 -9.75987
2451591.30077 -0.84498
2451592.30081 -12.87871
2451593.30086 -0.67892
2451594.30090 -10.04239
2451595.30095 -2.35819
2451596.30099 -5.85975
2451597.30104 -5.49029
2451598.30109 -3.66659
2451599.30113 -8.40574
2451600.30118 -0.79516
2451601.30122 -12.27917
2451602.30127 -0.87134
2451603.30131 -8.41001
2451604.30136 -2.98869
2451605.30141 -7.15521
2451606.30145 -6.52599
2451607.30150 -2.76879
2451608.30154 -9.47724
2451609.30159 -0.77834
2451610.30163 -8.50502
2451611.30168 -0.73100
2451612.30172 -9.41098
2451613.30177 -3.31290
2451614.30182 -5.72670
2451615.30186 -7.46777
2451616.30191 -2.44663
2451617.30195 -10.85148
2451618.30200 -0.53680
2451619.30204 -11.63050
2451620.30209 -1.02924
2451621.30214 -7.35682
2451622.30218 -3.48925
2451623.30223 -5.42080
2451624.30227 -8.42997
2451625.30232 -2.32752
2451626.30236 -9.28233
2451627.30241 -0.40809
2451628.30246 -12.54028
2451629.30250 -1.03871
2451630.30255 -8.17569
2451631.30259 -3.32122
2451632.30264 -5.46440
2451633.30268 -8.95702
2451634.30273 -2.06684
2451635.30277 -10.94247
2451636.30282 -0.29974
2451637.30287 -12.96375
2451638.30291 -1.27107
2451639.30296 -6.98735
2451640.30300 -4.11421
2451641.30305 -4.29736
2451642.30309 -8.85108
2451643.30314 -1.83191
2451644.30319 -8.53259
2451645.30323 -0.25295
2451646.30328 -9.93963
2451647.30332 -1.54794
2451648.30337 -7.71651
2451649.30341 -4.93610
2451650.30346 -3.80181
2451651.30350 -5.72710
2451652.30355 -1.23343
2451653.30360 -10.68026
2451654.30364 -0.26595
2451655.30369 -11.52753
2451656.30373 -1.34001
2451657.30378 -8.19006
2451658.30382 -4.91868
2451659.30387 -3.65405
2451660.30392 -6.92703
2451661.30396 -1.05296
2451662.30401 -10.50201
2451663.30405 -0.19216
2451664.30410 -10.26838
2451665.30414 -1.90189
2451666.30419 -6.75309
2451667.30423 -4.96417
2451668.30428 -2.76326
2451669.30433 -8.00520
2451670.30437 -0.69791
2451671.30442 -11.20094
2451672.30446 -0.18899
2451673.30451 -10.11496
2451674.30455 -1.94662
2451675.30460 -6.19117
2451676.30465 -5.34517
2451677.30469 -2.36914
2451678.30474 -7.36702
2451679.30478 -0.49958
2451680.30483 -9.33997
2451681.30487 -0.18918
2451682.30492 -10.49878
2451683.30496 -1.95856
2451684.30501 -6.86400
2451685.30506 -6.00383
2451686.30510 -2.58378
2451687.30515 -7.71124
2451688.30519 -0.40809
2451689.30524 -10.59733
2451690.30528 -0.28101
2451691.30533 -9.06909
2451692.30538 -2.30982
2451693.30542 -3.82887
2451694.30547 -5.73831
2451695.30551 -2.53896
2451696.30556 -10.14025
2451697.30560 -0.19457
2451698.30565 -10.96245
2451699.30569 -0.34433
2451700.30574 -8.21564
2451701.30579 -2.92238
2451702.30583 -4.34026
2451703.30588 -6.75165
2451704.30592 -2.02879
2451705.30597 -8.55060
2451706.30601 -0.03148
2451707.30606 -8.66299
2451708.30611 -0.44156
2451709.30615 -7.41455
2451710.30620 -3.27462
2451711.30624 -4.53472
2451712.30629 -5.98491
2451713.30633 -1.40749
2451714.30638 -10.81529
2451715.30643 0.08656
2451716.30647 -9.00758
2451717.30652 -0.73797
2451718.30656 -7.55557
2451719.30661 -3.00028
2451720.30665 -4.83228
2451721.30670 -7.15617
2451722.30674 -1.46979
2451723.30679 -9.86781
2451724.30684 0.19057
2451725.30688 -10.33204
2451726.30693 -0.77982
2451727.30697 -7.79565
2451728.30702 -3.75111
2451729.30706 -3.36779
2451730.30711 -7.41070
2451731.30716 -0.97798
2451732.30720 -10.00895
2451733.30725 0.26435
2451734.30729 -11.11983
2451735.30734 -1.02879
2451736.30738 -8.08816
2451737.30743 -3.87181
2451738.30747 -3.32129
2451739.30752 -8.70383
2451740.30757 -0.75591
2451741.30761 -10.82265
2451742.30766 0.32759
2451743.30770 -8.30222
2451744.30775 -1.11851
2451745.30779 -6.86195
2451746.30784 -3.62585
2451747.30789 -3.15150
2451748.30793 -8.20327
2451749.30798 -0.43267
2451750.30802 -10.34305
2451751.30807 0.38259
2451752.30811 -8.61170
2451753.30816 -1.44334
2451754.30820 -6.31640
2451940.31669 -3.41576
2451941.31674 -0.75950
2451942.31678 -6.00987
2451943.31683 1.77011
2451944.31688 -8.20912
2451945.31692 2.10291
2451946.31697 -7.51721
2451947.31701 -0.23304
2451948.31706 -5.14350
2451949.31710 -3.67311
2451950.31715 -0.41624
2451951.31719 -6.44234
2451952.31724 1.54081
2451953.31729 -8.39436
2451954.31733 1.98640
2451955.31738 -7.26614
2451956.31742 -0.41211
2451957.31747 -3.63523
2451958.31751 -3.92686
2451959.31756 0.02330
2451960.31761 -6.19049
2451961.31765 2.14440
2451962.31770 -8.40593
2451963.31774 1.76250
2451964.31779 -5.84345
2451965.31783 -0.73304
2451966.31788 -3.03755
2451967.31792 -4.33476
2451968.31797 0.41069
2451969.31802 -7.65511
2451970.31806 1.87874
2451971.31811 -7.23729
2451972.31815 1.94491
2451973.31820 -6.92759
2451974.31824 -0.87682
2451975.31829 -2.24959
2451976.31834 -4.16106
2451977.31838 0.75969
2451978.31843 -7.70512
2451979.31847 2.48156
2451980.31852 -7.28433
2451981.31856 1.69446
2451982.31861 -5.58935
2451983.31865 -1.28984
2451984.31870 -1.97365
2451985.31875 -4.44565
2451986.31879 1.17686
2451987.31884 -7.02514
2451988.31888 3.02728
2451989.31893 -7.73158
2451990.31897 1.76166
2451991.31902 -5.46326
2451992.31907 -1.26571
2451993.31911 -1.40269
2451994.31916 -5.03714
2451995.31920 1.74502
2451996.31925 -6.80704
2451997.31929 2.46014
2451998.31934 -7.32291
2451999.31938 1.58586
2452000.31943 -4.24256
2452001.31948 -1.86639
2452002.31952 -1.15856
2452003.31957 -5.00431
2452004.31961 1.72735
2452005.31966 -5.46741
2452006.31970 2.84049
2452007.31975 -6.85695
2452008.31980 1.41943
2452009.31984 -4.40019
2452010.31989 -1.75774
2452011.31993 -0.80568
2452012.31998 -5.54812
2452013.32002 2.34486
2452014.32007 -6.01894
2452015.32011 2.61008
2452016.32016 -7.12859
2452017.32021 1.15665
2452018.32025 -4.04195
2452019.32030 -2.28191
2452020.32034 -0.22402
2452021.32039 -5.78810
2452022.32043 1.93061
2452023.32048 -8.02277
2452024.32053 2.85936
2452025.32057 -7.41883
2452026.32062 0.87747
2452027.32066 -3.82210
2452028.32071 -2.08052
2452029.32075 0.23167
2452030.32080 -6.25123
2452031.32085 2.72902
2452032.32089 -7.70635
2452033.32094 2.77060
2452034.32098 -4.86724
2452035.32103 0.66665
2452036.32107 -2.98036
2452037.32112 -3.01138
2452038.32116 0.68618
2452039.32121 -7.68849
2452040.32126 2.76663
2452041.32130 -6.96766
2452042.32135 2.64931
2452043.32139 -5.11747
2452044.32144 0.53874
2452045.32148 -2.77781
2452046.32153 -2.38019
2452047.32158 0.88191
2452048.32162 -5.15674
2452049.32167 3.15098
2452050.32171 -7.15656
2452051.32176 2.67633
2452052.32180 -5.26134
2452053.32185 0.25616
2452054.32189 -2.14784
2452055.32194 -3.33835
2452056.32199 1.31673
2452057.32203 -6.75153
2452058.32208 3.02025
2452059.32212 -7.43014
2452060.32217 2.60662
2452061.32221 -4.65688
2452062.32226 0.01112
2452063.32231 -1.20198
2452064.32235 -4.27982
2452065.32240 1.89422
2452066.32244 -6.09341
2452067.32249 3.72940
2452068.32253 -6.02266
2452069.32258 2.58544
2452070.32262 -4.39623
2452071.32267 -0.25478
2452072.32272 -0.96542
2452073.32276 -4.43991
2452074.32281 2.34353
2452075.32285 -6.16466
2452076.32290 3.40692
2452077.32294 -6.43086
2452078.32299 2.47514
2452079.32304 -3.53641
2452080.32308 -0.33266
2452081.32313 -0.49291
2452082.32317 -4.18189
2452083.32322 2.67995
2452084.32326 -5.76252
2452085.32331 3.34725
2452086.32335 -6.81969
2452087.32340 2.36608
2452088.32345 -3.34540
2452089.32349 -0.87165
2452090.32354 -0.10527
2452091.32358 -3.92630
2452092.32363 2.85957
2452093.32367 -5.30563
2452094.32372 3.23750
2452095.32377 -4.43758
2452096.32381 1.88526
2452097.32386 -3.85236
2452098.32390 -1.01831
2452099.32395 0.31840
2452100.32399 -4.37295
2452101.32404 3.12970
2452102.32409 -6.27793
2452103.32413 3.50232
2452104.32418 -5.28531
2452105.32422 1.99153
2452106.32427 -2.45080
2452107.32431 -1.29780
2452108.32436 0.73072
2452109.32440 -5.29501
2452110.32445 3.37672
2452111.32450 -6.88230
2452112.32454 3.33343
2452113.32459 -4.94736
2452114.32463 1.53693
2452115.32468 -1.97362
2452116.32472 -1.51160
2452117.32477 1.24324
2452118.32482 -5.17132
2452119.32486 3.97791
2452305.33335 -3.85114
2452306.33339 5.48227
2452307.33344 -2.35742
2452308.33349 2.86148
2452309.33353 0.68849
2452310.33358 -0.08157
2452311.33362 4.41817
2452312.33367 -2.92722
2452313.33371 6.91564
2452314.33376 -4.05383
2452315.33380 6.16706
2452316.33385 -2.05893
2452317.33390 2.90506
2452318.33394 1.34522
2452319.33399 -0.32204
2452320.33403 4.37056
2452321.33408 -3.00220
2452322.33412 6.35156
2452323.33417 -3.60305
2452324.33422 5.51627
2452325.33426 -1.86373
2452326.33431 2.98662
2452327.33435 1.62569
2452328.33440 -0.61499
2452329.33444 4.92012
2452330.33449 -2.85457
2452331.33454 6.70618
2452332.33458 -3.53742
2452333.33463 5.32933
2452334.33467 -1.16635
2452335.33472 2.06274
2452336.33476 2.41639
2452337.33481 -0.93326
2452338.33485 4.63562
2452339.33490 -3.28353
2452340.33495 8.16125
2452341.33499 -2.61683
2452342.33504 5.91938
2452343.33508 -0.79866
2452344.33513 1.99772
2452345.33517 2.74682
2452346.33522 -1.05700
2452347.33527 5.26939
2452348.33531 -3.09219
2452349.33536 6.48039
2452350.33540 -2.65235
2452351.33545 4.34195
2452352.33549 -0.39522
2452353.33554 1.99940
2452354.33558 3.03545
2452355.33563 -1.16770
2452356.33568 5.37793
2452357.33572 -3.08226
2452358.33577 6.72255
2452359.33581 -2.81611
2452360.33586 4.97456
2452361.33590 0.04197
2452362.33595 1.77857
2452363.33600 3.62061
2452364.33604 -1.43039
2452365.33609 5.95993
2452366.33613 -2.60818
2452367.33618 7.19586
2452368.33622 -2.44547
2452369.33627 5.11123
2452370.33631 0.44196
2452371.33636 1.58744
2452372.33641 3.93138
2452373.33645 -1.75713
2452374.33650 6.87401
2452375.33654 -3.19680
2452376.33659 6.67670
2452377.33663 -2.16345
2452378.33668 6.27017
2452379.33673 0.88671
2452380.33677 1.10592
2452381.33682 3.77437
2452382.33686 -1.58475
2452383.33691 7.77973
2452384.33695 -3.16042
2452385.33700 7.79404
2452386.33704 -1.59045
2452387.33709 4.53618
2452388.33714 1.37526
2452389.33718 1.15213
2452390.33723 5.34294
2452391.33727 -1.77483
2452392.33732 6.60259
2452393.33736 -2.89805
2452394.33741 8.23346
2452395.33746 -1.33460
2452396.33750 4.77756
2452397.33755 1.97918
2452398.33759 0.89758
2452399.33764 5.37348
2452400.33768 -1.78505
2452401.33773 7.79777
2452402.33777 -2.64064
2452403.33782 6.33619
2452404.33787 -0.96317
2452405.33791 4.12724
2452406.33796 2.27268
2452407.33800 0.78902
2452408.33805 4.82519
2452409.33809 -1.85547
2452410.33814 6.79930
2452411.33819 -2.51681
2452412.33823 8.44717
2452413.33828 -0.67716
2452414.33832 3.62182
2452415.33837 2.80666
2452416.33841 0.34719
2452417.33846 6.60879
2452418.33851 -2.23409
2452419.33855 8.07610
2452420.33860 -2.67705
2452421.33864 5.41555
2452422.33869 -0.22326
2452423.33873 3.07358
2452424.33878 3.77300
2452425.33882 0.12409
2452426.33887 5.75516
2452427.33892 -2.07627
2452428.33896 7.24098
2452429.33901 -2.47737
2452430.33905 7.79773
2452431.33910 0.17541
2452432.33914 3.31330
2452433.33919 3.65713
2452434.33924 -0.06917
2452435.33928 7.06221
2452436.33933 -2.36763
2452437.33937 7.52277
2452438.33942 -1.95783
2452439.33946 6.79564
2452440.33951 0.54774
2452441.33955 3.73661
2452442.33960 3.87047
2452443.33965 -0.28216
2452444.33969 6.23798
2452445.33974 -2.46644
2452446.33978 7.14783
2452447.33983 -1.81508
2452448.33987 5.89323
2452449.33992 0.95241
2452450.33997 3.03305
2452451.34001 4.27052
2452452.34006 -0.51669
2452453.34010 7.05120
2452454.34015 -1.94020
2452455.34019 8.03094
2452456.34024 -1.38572
2452457.34028 5.10183
2452458.34033 1.32842
2452459.34038 2.23403
2452460.34042 5.73025
2452461.34047 -0.61564
2452462.34051 6.94367
2452463.34056 -2.21805
2452464.34060 7.21520
2452465.34065 -1.16262
2452466.34070 6.01007
2452467.34074 1.89439
2452468.34079 2.76434
2452469.34083 6.17708
2452470.34088 -0.70223
2452471.34092 8.35764
2452472.34097 -2.10470
2452473.34101 8.30850
2452474.34106 -0.76948
2452475.34111 6.42056
2452476.34115 2.50311
2452477.34120 2.07055
2452478.34124 5.97435
2452479.34129 -0.78196
2452480.34133 6.88667
2452481.34138 -1.56166
2452482.34143 7.64443
2452483.34147 -0.45611
2452484.34152 4.88443
2452670.35000 4.13371
2452671.35005 3.09432
2452672.35010 7.41120
2452673.35014 0.29492
2452674.35019 11.02815
2452675.35023 -0.11139
2452676.35028 8.82034
2452677.35032 1.67063
2452678.35037 5.92431
2452679.35042 6.76866
2452680.35046 2.83454
2452681.35051 8.36870
2452682.35055 0.18427
2452683.35060 9.95407
2452684.35064 0.05986
2452685.35069 8.53316
2452686.35073 2.41375
2452687.35078 5.30574
2452688.35083 5.25398
2452689.35087 2.45318
2452690.35092 7.86138
2452691.35096 0.13474
2452692.35101 10.04592
2452693.35105 0.20141
2452694.35110 8.82242
2452695.35115 2.22486
2452696.35119 5.94508
2452697.35124 6.07758
2452698.35128 2.50430
2452699.35133 10.16871
2452700.35137 0.07029
2452701.35142 8.05546
2452702.35146 0.42253
2452703.35151 7.48472
2452704.35156 3.63032
2452705.35160 5.24417
2452706.35165 7.26661
2452707.35169 1.82075
2452708.35174 9.27460
2452709.35178 0.05578
2452710.35183 11.22030
2452711.35188 0.71154
2452712.35192 7.42692
2452713.35197 4.03616
2452714.35201 4.79224
2452715.35206 6.72881
2452716.35210 1.18330
2452717.35215 10.29328
2452718.35219 0.05858
2452719.35224 10.18204
2452720.35229 0.90646
2452721.35233 7.60159
2452722.35238 3.73903
2452723.35242 4.83729
2452724.35247 7.91751
2452725.35251 1.40947
2452726.35256 10.82698
2452727.35261 0.08432
2452728.35265 9.52665
2452729.35270 1.24359
2452730.35274 6.74743
2452731.35279 4.39741
2452732.35283 3.64584
2452733.35288 7.01654
2452734.35293 1.00024
2452735.35297 9.89523
2452736.35302 0.15915
2452737.35306 9.84001
2452738.35311 1.61093
2452739.35315 9.30990
2452740.35320 4.90597
2452741.35324 3.69487
2452742.35329 7.66974
2452743.35334 1.08285
2452744.35338 9.58019
2452745.35343 0.20230
2452746.35347 10.82504
2452747.35352 2.01295
2452748.35356 6.05701
2452749.35361 4.71459
2452750.35366 3.52482
2452751.35370 9.04039
2452752.35375 1.03921
2452753.35379 13.15375
2452754.35384 0.30165
2452755.35388 9.32169
2452756.35393 2.28106
2452757.35397 6.47905
2452758.35402 5.47493
2452759.35407 3.25729
2452760.35411 6.53499
2452761.35416 0.81365
2452762.35420 10.26510
2452763.35425 0.49948
2452764.35429 9.57836
2452765.35434 2.18458
2452766.35439 6.47392
2452767.35443 4.72086
2452768.35448 2.73240
2452769.35452 9.74695
2452770.35457 0.67987
2452771.35461 11.49862
2452772.35466 0.47728
2452773.35470 9.16859
2452774.35475 2.71951
2452775.35480 6.93405
2452776.35484 6.80943
2452777.35489 3.01138
2452778.35493 10.90743
2452779.35498 0.59092
2452780.35502 11.98184
2452781.35507 0.68851
2452782.35512 8.20301
2452783.35516 3.46714
2452784.35521 5.10247
2452785.35525 7.17339
2452786.35530 2.58836
2452787.35534 10.75536
2452788.35539 0.55029
2452789.35543 10.64446
2452790.35548 1.01563
2452791.35553 8.38162
2452792.35557 3.34921
2452793.35562 5.94829
2452794.35566 7.15982
2452795.35571 2.21469
2452796.35575 9.87133
2452797.35580 0.60046
2452798.35585 10.10292
2452799.35589 1.13018
2452800.35594 7.24421
2452801.35598 3.97445
2452802.35603 5.70018
2452803.35607 8.19927
2452804.35612 2.09259
2452805.35617 11.14032
2452806.35621 0.54384
2452807.35626 11.70102
2452808.35630 1.56759
2452809.35635 9.80743
2452810.35639 4.31111
2452811.35644 4.35215
2452812.35648 8.46703
2452813.35653 1.99247
2452814.35658 11.98325
2452815.35662 0.58726
2452816.35667 12.49417
2452817.35671 1.79283
2452818.35676 8.38809
2452819.35680 4.12172
2452820.35685 4.83300
2452821.35690 7.84098
2452822.35694 1.67893
2452823.35699 10.57663
2452824.35703 0.58570
2452825.35708 10.26142
2452826.35712 2.15221
2452827.35717 5.75521
2452828.35721 5.28443
2452829.35726 4.88667
2452830.35731 10.25967
2452831.35735 1.56610
2452832.35740 12.44911
2452833.35744 0.63356
2452834.35749 10.24160
2452835.35753 2.38577
2452836.35758 7.60133
2452837.35763 5.15104
2452838.35767 3.83254
2452839.35772 7.97220
2452840.35776 1.36314
2452841.35781 10.77313
2452842.35785 0.68590
2452843.35790 9.51759
2452844.35794 2.70999
2452845.35799 7.85538
2452846.35804 5.31232
2452847.35808 3.24637
2452848.35813 10.16285
2452849.35817 0.99318
2453036.36671 1.21704
2453037.36675 11.39884
2453038.36680 4.06198
2453039.36684 7.16047
2453040.36689 7.53401
2453041.36693 3.88424
2453042.36698 7.69686
2453043.36703 0.97900
2453044.36707 11.97870
2453045.36712 1.24080
2453046.36716 10.73140
2453047.36721 3.80051
2453048.36725 6.37018
2453049.36730 7.17942
2453050.36735 2.70395
2453051.36739 9.67901
2453052.36744 0.94706
2453053.36748 10.13736
2453054.36753 1.57385
2453055.36757 9.86719
2453056.36762 4.60003
2453057.36766 5.23608
2453058.36771 6.40762
2453059.36776 2.54884
2453060.36780 13.43163
2453061.36785 0.94835
2453062.36789 10.30192
2453063.36794 1.67971
2453064.36798 9.60879
2453065.36803 3.86755
2453066.36808 6.27099
2453067.36812 7.91083
2453068.36817 2.24197
2453069.36821 10.58654
2453070.36826 0.87614
2453071.36830 9.98123
2453072.36835 1.49805
2453073.36839 8.91284
2453074.36844 3.83701
2453075.36849 4.97432
2453076.36853 9.35041
2453077.36858 2.10755
2453078.36862 11.79692
2453079.36867 0.80232
2453080.36871 13.22793
2453081.36876 1.90216
2453082.36881 8.62475
2453083.36885 4.94177
2453084.36890 5.19781
2453085.36894 8.60304
2453086.36899 2.03947
2453087.36903 10.20599
2453088.36908 0.85521
2453089.36912 11.11639
2453090.36917 2.24672
2453091.36922 8.37103
2453092.36926 5.65973
2453093.36931 4.51829
2453094.36935 8.75286
2453095.36940 1.40236
2453096.36944 10.48174
2453097.36949 0.63947
2453098.36954 11.17021
2453099.36958 2.19474
2453100.36963 7.40832
2453101.36967 6.24286
2453102.36972 4.32260
2453103.36976 7.56817
2453104.36981 1.28488
2453105.36985 11.38431
2453106.36990 0.81696
2453107.36995 11.44181
2453108.36999 2.54201
2453109.37004 5.72057
2453110.37008 6.71120
2453111.37013 3.42593
2453112.37017 7.78378
2453113.37022 1.08966
2453114.37027 12.23477
2453115.37031 0.76965
2453116.37036 12.14493
2453117.37040 2.79378
2453118.37045 6.86644
2453119.37049 5.75090
2453120.37054 3.27593
2453121.37059 9.53794
2453122.37063 0.80023
2453123.37068 13.94897
2453124.37072 0.92480
2453125.37077 9.10704
2453126.37081 3.66519
2453127.37086 7.57554
2453128.37090 7.66015
2453129.37095 2.56533
2453130.37100 10.07852
2453131.37104 0.64686
2453132.37109 11.80482
2453133.37113 0.91033
2453134.37118 8.54786
2453135.37122 3.64316
2453136.37127 6.27926
2453137.37132 7.02388
2453138.37136 2.97378
2453139.37141 10.77051
2453140.37145 0.72091
2453141.37150 9.43055
2453142.37154 1.43442
2453143.37159 8.26556
2453144.37163 4.64372
2453145.37168 6.74176
2453146.37173 7.91580
2453147.37177 2.49562
2453148.37182 7.05270
2453149.37186 0.57086
2453150.37191 11.82164
2453151.37195 1.51354
2453152.37200 7.60455
2453153.37205 4.14995
2453154.37209 3.88276
2453155.37214 8.15956
2453156.37218 1.58982
2453157.37223 11.48935
2453158.37227 0.57257
2453159.37232 10.01674
2453160.37236 1.64705
2453161.37241 8.13634
2453162.37246 4.71145
2453163.37250 4.24676
2453164.37255 8.63478
2453165.37259 1.39817
2453166.37264 8.51511
2453167.37268 0.46113
2453168.37273 10.13676
2453169.37278 1.81298
2453170.37282 7.43996
2453171.37287 5.85767
2453172.37291 4.46493
2453173.37296 8.60231
2453174.37300 1.43313
2453175.37305 11.54760
2453176.37309 0.47245
2453177.37314 10.61803
2453178.37319 2.12857
2453179.37323 6.19878
2453180.37328 4.31857
2453181.37332 3.96549
2453182.37337 8.49626
2453183.37341 1.22524
2453184.37346 10.56110
2453185.37351 0.47788
2453186.37355 8.71543
2453187.37360 2.21492
2453188.37364 6.23021
2453189.37369 5.80374
2453190.37373 2.92673
2453191.37378 9.22073
2453192.37382 0.79496
2453193.37387 10.15189
2453194.37392 0.52433
2453195.37396 9.93814
2453196.37401 2.06138
2453197.37405 6.34017
2453198.37410 5.02675
2453199.37414 2.67373
2453200.37419 9.24085
2453201.37424 0.76842
2453202.37428 11.00966
2453203.37433 0.56759
2453204.37437 9.44346
2453205.37442 2.65685
2453206.37446 5.70466
2453207.37451 5.96329
2453208.37456 2.46900
2453209.37460 8.54625
2453210.37465 0.55122
2453211.37469 10.38089
2453212.37474 0.80126
2453213.37478 7.93524
2453214.37483 2.97034
2453215.37487 5.12567
2453401.38336 5.46554
2453402.38341 0.72952
2453403.38345 9.15544
2453404.38350 -1.11297
2453405.38354 8.85598
2453406.38359 -0.43039
2453407.38364 6.14836
2453408.38368 2.22992
2453409.38373 3.57393
2453410.38377 5.99667
2453411.38382 0.41793
2453412.38386 8.33628
2453413.38391 -1.22610
2453414.38396 7.33951
2453415.38400 -0.27446
2453416.38405 6.29758
2453417.38409 2.86051
2453418.38414 3.69268
2453419.38418 6.09094
2453420.38423 0.04766
2453421.38427 8.59105
2453422.38432 -1.25589
2453423.38437 8.40029
2453424.38441 -0.15517
2453425.38446 6.72964
2453426.38450 3.08941
2453427.38455 2.71483
2453428.38459 5.38221
2453429.38464 -0.25860
2453430.38469 7.98442
2453431.38473 -1.35129
2453432.38478 8.58397
2453433.38482 0.01292
2453434.38487 6.00618
2453435.38491 3.39364
2453436.38496 2.51583
2453437.38501 6.75330
2453438.38505 -0.68881
2453439.38510 9.77011
2453440.38514 -1.37583
2453441.38519 7.22410
2453442.38523 0.18152
2453443.38528 5.66000
2453444.38532 3.75237
2453445.38537 1.82992
2453446.38542 7.45248
2453447.38546 -1.01196
2453448.38551 7.75002
2453449.38555 -1.76520
2453450.38560 7.23044
2453451.38564 0.45469
2453452.38569 6.14354
2453453.38574 3.88804
2453454.38578 1.39497
2453455.38583 6.91820
2453456.38587 -1.06599
2453457.38592 7.26631
2453458.38596 -1.55014
2453459.38601 8.74776
2453460.38605 0.54499
2453461.38610 4.30052
2453462.38615 4.08721
2453463.38619 1.09608
2453464.38624 6.79315
2453465.38628 -1.34622
2453466.38633 9.06436
2453467.38637 -1.16105
2453468.38642 7.24117
2453469.38647 0.83264
2453470.38651 4.83568
2453471.38656 4.12087
2453472.38660 0.56651
2453473.38665 7.58100
2453474.38669 -1.40142
2453475.38674 8.75430
2453476.38678 -1.41173
2453477.38683 5.98235
2453478.38688 1.06956
2453479.38692 4.19631
2453480.38697 4.06080
2453481.38701 0.24690
2453482.38706 7.23191
2453483.38710 -1.88233
2453484.38715 8.53198
2453485.38720 -1.26944
2453486.38724 6.92414
2453487.38729 1.19664
2453488.38733 2.73414
2453489.38738 5.02498
2453490.38742 -0.13880
2453491.38747 9.02961
2453492.38751 -1.56103
2453493.38756 9.80126
2453494.38761 -1.35179
2453495.38765 6.61545
2453496.38770 1.72342
2453497.38774 3.02148
2453498.38779 4.96794
2453499.38783 -0.43697
2453500.38788 7.70734
2453501.38793 -2.03546
2453502.38797 6.76555
2453503.38802 -1.04874
2453504.38806 5.71101
2453505.38811 1.93759
2453506.38815 2.39972
2453507.38820 5.49020
2453508.38824 -0.85617
2453509.38829 8.37162
2453510.38834 -2.21761
2453511.38838 6.65557
2453512.38843 -0.92947
2453513.38847 5.01129
2453514.38852 1.84175
2453515.38856 1.69061
2453516.38861 5.78050
2453517.38866 -1.19579
2453518.38870 6.12799
2453519.38875 -2.34759
2453520.38879 8.44014
2453521.38884 -0.86787
2453522.38888 4.94363
2453523.38893 2.64755
2453524.38898 1.53946
2453525.38902 6.43078
2453526.38907 -1.91082
2453527.38911 9.14098
2453528.38916 -2.17361
2453529.38920 9.09504
2453530.38925 -0.70822
2453531.38929 3.77955
2453532.38934 2.67540
2453533.38939 0.94838
2453534.38943 6.42545
2453535.38948 -1.59413
2453536.38952 7.69679
2453537.38957 -2.41270
2453538.38961 7.38241
2453539.38966 -0.47820
2453540.38971 3.99927
2453541.38975 3.25472
2453542.38980 0.59978
2453543.38984 6.88257
2453544.38989 -2.08813
2453545.38993 6.06110
2453546.38998 -2.40014
2453547.39002 6.20054
2453548.39007 -0.26349
2453549.39012 3.43538
2453550.39016 3.21513
2453551.39021 0.08976
2453552.39025 5.55246
2453553.39030 -2.01657
2453554.39034 6.89005
2453555.39039 -2.34898
2453556.39044 6.98880
2453557.39048 -0.03633
2453558.39053 3.47393
2453559.39057 3.59605
2453560.39062 -0.29727
2453561.39066 7.39877
2453562.39071 -2.41003
2453563.39075 6.13912
2453564.39080 -2.43047
2453565.39085 6.44907
2453566.39089 0.18041
2453567.39094 3.19421
2453568.39098 3.72886
2453569.39103 -0.72134
2453570.39107 7.36540
2453571.39112 -2.76108
2453572.39117 7.51424
2453573.39121 -2.04225
2453574.39126 4.82545
2453575.39130 0.42317
2453576.39135 2.46542
2453577.39139 4.03292
2453578.39144 -0.95514
2453579.39148 5.65474
2453580.39153 -3.36722
2453766.40002 5.30478
2453767.40006 -3.71120
2453768.40011 2.64312
2453769.40016 -0.98535
2453770.40020 -0.79381
2453771.40025 2.29751
2453772.40029 -4.29153
2453773.40034 4.87421
2453774.40038 -4.75533
2453775.40043 4.14599
2453776.40047 -4.01041
2453777.40052 2.20730
2453778.40057 -0.73485
2453779.40061 -1.33332
2453780.40066 2.56186
2453781.40070 -3.80303
2453782.40075 4.52813
2453783.40079 -5.47180
2453784.40084 3.72966
2453785.40089 -4.05191
2453786.40093 1.91119
2453787.40098 -0.48780
2453788.40102 -1.69242
2453789.40107 3.06351
2453790.40111 -3.68794
2453791.40116 4.40678
2453792.40120 -6.24898
2453793.40125 3.71728
2453794.40130 -3.86684
2453795.40134 1.22886
2453796.40139 -0.23726
2453797.40143 -1.97723
2453798.40148 3.55507
2453799.40152 -4.70356
2453800.40157 5.72255
2453801.40162 -5.60571
2453802.40166 3.22007
2453803.40171 -3.06505
2453804.40175 0.73190
2453805.40180 0.02268
2453806.40184 -2.56938
2453807.40189 3.20679
2453808.40193 -5.32131
2453809.40198 4.08938
2453810.40203 -5.42702
2453811.40207 3.87403
2453812.40212 -3.21675
2453813.40216 0.38980
2453814.40221 0.25050
2453815.40225 -3.40333
2453816.40230 3.51241
2453817.40235 -5.27709
2453818.40239 4.17072
2453819.40244 -6.59818
2453820.40248 3.30511
2453821.40253 -3.27610
2453822.40257 -0.04804
2453823.40262 0.50252
2453824.40266 -3.92584
2453825.40271 3.55262
2453826.40276 -4.34267
2453827.40280 4.73339
2453828.40285 -5.28767
2453829.40289 2.90387
2453830.40294 -3.26288
2453831.40298 -0.59096
2453832.40303 0.59531
2453833.40308 -3.29314
2453834.40312 4.14575
2453835.40317 -5.64289
2453836.40321 4.30413
2453837.40326 -6.11454
2453838.40330 2.36324
2453839.40335 -2.08161
2453840.40340 -0.99880
2453841.40344 0.97957
2453842.40349 -5.14309
2453843.40353 4.17771
2453844.40358 -6.08033
2453845.40362 3.34970
2453846.40367 -5.68294
2453847.40371 1.75517
2453848.40376 -2.31677
2453849.40381 -1.46099
2453850.40385 1.20768
2453851.40390 -4.37879
2453852.40394 3.75113
2453853.40399 -5.51925
2453854.40403 3.71670
2453855.40408 -3.53877
2453856.40413 1.50300
2453857.40417 -2.21320
2453858.40422 -2.17087
2453859.40426 1.46209
2453860.40431 -5.97860
2453861.40435 3.85843
2453862.40440 -7.48268
2453863.40444 3.67831
2453864.40449 -5.62229
2453865.40454 1.11570
2453866.40458 -1.66080
2453867.40463 -1.87841
2453868.40467 1.51876
2453869.40472 -5.51549
2453870.40476 3.47768
2453871.40481 -6.92157
2453872.40486 3.12023
2453873.40490 -4.40204
2453874.40495 0.68012
2453875.40499 -1.16416
2453876.40504 -2.78499
2453877.40508 1.70455
2453878.40513 -5.95435
2453879.40517 3.42562
2453880.40522 -5.90899
2453881.40527 2.57303
2453882.40531 -5.24266
2453883.40536 0.24461
2453884.40540 -1.15048
2453885.40545 -2.94759
2453886.40549 2.35967
2453887.40554 -5.71058
2453888.40559 3.64286
2453889.40563 -5.93837
2453890.40568 2.45410
2453891.40572 -5.24793
2453892.40577 -0.19440
2453893.40581 -1.06534
2453894.40586 -3.83267
2453895.40590 2.25962
2453896.40595 -6.13567
2453897.40600 3.93317
2453898.40604 -5.91551
2453899.40609 2.49102
2453900.40613 -4.40914
2453901.40618 -0.66562
2453902.40622 -0.74540
2453903.40627 -4.32425
2453904.40632 2.99450
2453905.40636 -6.40914
2453906.40641 3.64928
2453907.40645 -6.88107
2453908.40650 2.30855
2453909.40654 -3.69586
2453910.40659 -1.05885
2453911.40664 -0.43360
2453912.40668 -4.17792
2453913.40673 2.80995
2453914.40677 -6.54744
2453915.40682 3.32312
2453916.40686 -5.80678
2453917.40691 1.57089
2453918.40695 -4.03502
2453919.40700 -1.63189
2453920.40705 -0.22178
2453921.40709 -4.64379
2453922.40714 2.34156
2453923.40718 -7.24790
2453924.40723 3.13656
2453925.40727 -6.27739
2453926.40732 1.29522
2453927.40737 -3.54224
2453928.40741 -2.11256
2453929.40746 0.05486
2453930.40750 -5.86945
2453931.40755 2.95489
2453932.40759 -8.56713
2453933.40764 2.95996
2453934.40768 -6.49402
2453935.40773 0.97856
2453936.40778 -3.73774
2453937.40782 -2.70397
2453938.40787 0.29098
2453939.40791 -5.19234
2453940.40796 2.80870
2453941.40800 -8.05916
2453942.40805 2.67661
2453943.40810 -5.54247
2453944.40814 0.45963
2453945.40819 -3.02411
2454131.41667 -5.42818
2454132.41672 -1.01558
2454133.41677 -6.09765
2454134.41681 0.94160
2454135.41686 -8.75334
2454136.41690 0.44725
2454137.41695 -7.08980
2454138.41699 -2.04187
2454139.41704 -4.37929
2454140.41708 -5.89161
2454141.41713 -0.83355
2454142.41718 -9.60889
2454143.41722 1.07256
2454144.41727 -9.69139
2454145.41731 0.16446
2454146.41736 -5.99126
2454147.41740 -2.88386
2454148.41745 -3.93658
2454149.41750 -5.25398
2454150.41754 -0.57652
2454151.41759 -9.01615
2454152.41763 0.82108
2454153.41768 -10.67135
2454154.41772 -0.07359
2454155.41777 -6.79302
2454156.41782 -3.01433
2454157.41786 -3.71885
2454158.41791 -6.68516
2454159.41795 -0.46105
2454160.41800 -8.67593
2454161.41804 0.88877
2454162.41809 -7.33102
2454163.41813 -0.38171
2454164.41818 -7.44719
2454165.41823 -3.57155
2454166.41827 -3.36327
2454167.41832 -6.78939
2454168.41836 -0.22886
2454169.41841 -10.46152
2454170.41845 0.65873
2454171.41850 -8.83024
2454172.41855 -0.61250
2454173.41859 -6.49602
2454174.41864 -3.67501
2454175.41868 -2.66841
2454176.41873 -7.28165
2454177.41877 -0.09693
2454178.41882 -9.27527
2454179.41886 0.75631
2454180.41891 -8.50178
2454181.41896 -0.97834
2454182.41900 -6.56784
2454183.41905 -4.53785
2454184.41909 -2.71969
2454185.41914 -7.88728
2454186.41918 0.03232
2454187.41923 -11.85486
2454188.41928 0.53839
2454189.41932 -8.93148
2454190.41937 -1.61534
2454191.41941 -5.59317
2454192.41946 -5.24857
2454193.41950 -2.50054
2454194.41955 -6.67881
2454195.41959 0.13790
2454196.41964 -9.15618
2454197.41969 0.38784
2454198.41973 -8.86387
2454199.41978 -1.43885
2454200.41982 -5.24757
2454201.41987 -5.73687
2454202.41991 -2.45169
2454203.41996 -8.03677
2454204.42001 0.19732
2454205.42005 -11.19890
2454206.42010 0.19392
2454207.42014 -8.78646
2454208.42019 -2.07334
2454209.42023 -5.16832
2454210.42028 -6.12564
2454211.42032 -1.77813
2454212.42037 -9.26316
2454213.42042 0.23703
2454214.42046 -10.37913
2454215.42051 -0.02270
2454216.42055 -8.60510
2454217.42060 -2.23639
2454218.42064 -4.19347
2454219.42069 -6.66307
2454220.42074 -2.14364
2454221.42078 -8.15374
2454222.42083 0.26329
2454223.42087 -10.73786
2454224.42092 -0.27559
2454225.42096 -8.50216
2454226.42101 -2.61476
2454227.42106 -4.72005
2454228.42110 -5.77536
2454229.42115 -1.36361
2454230.42119 -9.65080
2454231.42124 0.26191
2454232.42128 -9.32592
2454233.42133 -0.47474
2454234.42137 -7.14630
2454235.42142 -3.51430
2454236.42147 -4.40963
2454237.42151 -6.62500
2454238.42156 -1.27324
2454239.42160 -10.68122
2454240.42165 0.22730
2454241.42169 -10.08918
2454242.42174 -0.74259
2454243.42179 -6.72508
2454244.42183 -4.37319
2454245.42188 -4.42987
2454246.42192 -7.69912
2454247.42197 -0.95315
2454248.42201 -10.31488
2454249.42206 0.18804
2454250.42210 -11.17808
2454251.42215 -1.04054
2454252.42220 -7.55368
2454253.42224 -4.56132
2454254.42229 -3.97494
2454255.42233 -6.93481
2454256.42238 -0.95042
2454257.42242 -10.81495
2454258.42247 0.13530
2454259.42252 -9.63777
2454260.42256 -1.31587
2454261.42261 -6.87156
2454262.42265 -4.73041
2454263.42270 -3.69731
2454264.42274 -7.50141
2454265.42279 -0.62921
2454266.42283 -9.02779
2454267.42288 0.01641
2454268.42293 -8.34855
2454269.42297 -1.80715
2454270.42302 -7.39073
2454271.42306 -5.23350
2454272.42311 -3.00507
2454273.42315 -8.06889
2454274.42320 -0.59637
2454275.42325 -9.38925
2454276.42329 -0.10665
2454277.42334 -10.00856
2454278.42338 -2.24337
2454279.42343 -6.30393
2454280.42347 -5.62315
2454281.42352 -3.40130
2454282.42356 -8.10803
2454283.42361 -0.49601
2454284.42366 -8.69476
2454285.42370 -0.29614
2454286.42375 -9.47470
2454287.42379 -2.63196
2454288.42384 -6.87741
2454289.42388 -6.29636
2454290.42393 -2.23210
2454291.42398 -9.03467
2454292.42402 -0.41881
2454293.42407 -12.30888
2454294.42411 -0.51047
2454295.42416 -9.61306
2454296.42420 -3.01709
2454297.42425 -6.08489
2454298.42429 -7.88521
2454299.42434 -2.46857
2454300.42439 -8.47999
2454301.42443 -0.27365
2454302.42448 -12.42018
2454303.42452 -0.68578
2454304.42457 -9.68052
2454305.42461 -3.17886
2454306.42466 -6.31849
2454307.42471 -5.68827
2454308.42475 -2.18355
2454309.42480 -9.83262
2454310.42484 -0.24348
2454497.43338 -1.75789
2454498.43342 -8.59290
2454499.43347 -5.07563
2454500.43351 -6.20401
2454501.43356 -8.82118
2454502.43360 -1.74147
2454503.43365 -10.09561
2454504.43370 -0.82478
2454505.43374 -11.97543
2454506.43379 -1.80847
2454507.43383 -9.82108
2454508.43388 -5.89587
2454509.43392 -5.38063
2454510.43397 -6.96113
2454511.43401 -1.61505
2454512.43406 -11.41087
2454513.43411 -0.91501
2454514.43415 -12.55809
2454515.43420 -2.22617
2454516.43424 -8.19220
2454517.43429 -5.04359
2454518.43433 -4.30675
2454519.43438 -9.15203
2454520.43443 -1.67816
2454521.43447 -11.80369
2454522.43452 -0.84363
2454523.43456 -11.17927
2454524.43461 -2.39988
2454525.43465 -7.69050
2454526.43470 -5.81540
2454527.43474 -4.03701
2454528.43479 -10.73738
2454529.43484 -1.74923
2454530.43488 -11.41538
2454531.43493 -1.08802
2454532.43497 -10.89035
2454533.43502 -2.90876
2454534.43506 -6.64519
2454535.43511 -6.14553
2454536.43516 -3.62347
2454537.43520 -9.27763
2454538.43525 -1.48151
2454539.43529 -11.02152
2454540.43534 -0.95933
2454541.43538 -9.03935
2454542.43543 -3.14811
2454543.43548 -8.49081
2454544.43552 -7.74556
2454545.43557 -3.82243
2454546.43561 -12.13047
2454547.43566 -1.02875
2454548.43570 -10.52921
2454549.43575 -1.21578
2454550.43579 -11.15387
2454551.43584 -3.07169
2454552.43589 -7.69549
2454553.43593 -7.69160
2454554.43598 -3.63263
2454555.43602 -9.96068
2454556.43607 -1.05478
2454557.43611 -9.86005
2454558.43616 -1.14190
2454559.43621 -9.79154
2454560.43625 -3.36923
2454561.43630 -6.99193
2454562.43634 -8.68195
2454563.43639 -3.26404
2454564.43643 -11.12635
2454565.43648 -1.08359
2454566.43652 -12.23489
2454567.43657 -1.49618
2454568.43662 -8.93262
2454569.43666 -3.38899
2454570.43671 -7.24094
2454571.43675 -8.69106
2454572.43680 -2.97516
2454573.43684 -9.68898
2454574.43689 -0.95735
2454575.43694 -11.90752
2454576.43698 -1.49230
2454577.43703 -8.35043
2454578.43707 -4.44570
2454579.43712 -6.26897
2454580.43716 -7.82640
2454581.43721 -2.52801
2454582.43725 -10.92025
2454583.43730 -0.92703
2454584.43735 -9.99570
2454585.43739 -1.76094
2454586.43744 -8.00075
2454587.43748 -4.15034
2454588.43753 -5.16699
2454589.43757 -8.79970
2454590.43762 -1.97156
2454591.43767 -10.30446
2454592.43771 -0.62915
2454593.43776 -10.55941
2454594.43780 -1.88353
2454595.43785 -8.34975
2454596.43789 -5.19917
2454597.43794 -5.16673
2454598.43798 -8.43708
2454599.43803 -1.84709
2454600.43808 -9.66391
2454601.43812 -0.81841
2454602.43817 -11.25026
2454603.43821 -2.33647
2454604.43826 -9.35082
2454605.43830 -4.59332
2454606.43835 -4.91256
2454607.43840 -8.12403
2454608.43844 -1.66869
2454609.43849 -10.68011
2454610.43853 -0.87369
2454611.43858 -11.41436
2454612.43862 -2.76181
2454613.43867 -6.53721
2454614.43871 -5.80235
2454615.43876 -3.80670
2454616.43881 -7.99290
2454617.43885 -1.56597
2454618.43890 -10.60682
2454619.43894 -0.90350
2454620.43899 -11.58455
2454621.43903 -2.84140
2454622.43908 -7.09343
2454623.43913 -6.53961
2454624.43917 -4.05283
2454625.43922 -9.70759
2454626.43926 -1.03634
2454627.43931 -13.14575
2454628.43935 -0.92733
2454629.43940 -10.41750
2454630.43945 -3.27324
2454631.43949 -7.35787
2454632.43954 -6.14557
2454633.43958 -3.31138
2454634.43963 -9.60379
2454635.43967 -1.02059
2454636.43972 -9.70204
2454637.43976 -0.98198
2454638.43981 -10.45464
2454639.43986 -3.20896
2454640.43990 -6.43528
2454641.43995 -7.50178
2454642.43999 -3.73151
2454643.44004 -12.03169
2454644.44008 -0.99414
2454645.44013 -10.75602
2454646.44018 -1.32607
2454647.44022 -8.63472
2454648.44027 -3.63102
2454649.44031 -5.52038
2454650.44036 -7.01016
2454651.44040 -3.20134
2454652.44045 -9.73796
2454653.44049 -0.82141
2454654.44054 -11.63601
2454655.44059 -1.51668
2454656.44063 -9.25843
2454657.44068 -4.40939
2454658.44072 -5.31440
2454659.44077 -7.92472
2454660.44081 -2.13036
2454661.44086 -12.58420
2454662.44091 -0.77359
2454663.44095 -9.38350
2454664.44100 -1.61968
2454665.44104 -9.18487
2454666.44109 -4.51213
2454667.44113 -5.96860
2454668.44118 -7.74429
2454669.44122 -2.56550
2454670.44127 -10.64453
2454671.44132 -0.67600
2454672.44136 -11.06959
2454673.44141 -1.83721
2454674.44145 -7.81368
2454675.44150 -4.33136
2454676.44154 -5.72760
2454862.45003 -8.71834
2454863.45008 -0.79417
2454864.45012 -9.31217
2454865.45017 0.28874
2454866.45021 -8.79492
2454867.45026 -1.27168
2454868.45031 -7.60301
2454869.45035 -4.10137
2454870.45040 -3.52309
2454871.45044 -7.81226
2454872.45049 -0.51864
2454873.45053 -10.43660
2454874.45058 0.33378
2454875.45063 -9.98073
2454876.45067 -1.32477
2454877.45072 -8.07241
2454878.45076 -5.09482
2454879.45081 -2.96784
2454880.45085 -6.75802
2454881.45090 -0.21705
2454882.45094 -9.20826
2454883.45099 0.33179
2454884.45104 -9.70568
2454885.45108 -1.73134
2454886.45113 -6.03587
2454887.45117 -5.89194
2454888.45122 -2.61954
2454889.45126 -7.31758
2454890.45131 0.03998
2454891.45136 -9.99293
2454892.45140 0.27513
2454893.45145 -8.25794
2454894.45149 -1.76272
2454895.45154 -6.00639
2454896.45158 -4.60064
2454897.45163 -1.82632
2454898.45167 -7.99043
2454899.45172 0.22621
2454900.45177 -10.77581
2454901.45181 0.21242
2454902.45186 -8.40743
2454903.45190 -2.54724
2454904.45195 -4.99031
2454905.45199 -4.99408
2454906.45204 -1.61387
2454907.45209 -9.32189
2454908.45213 0.39772
2454909.45218 -9.39853
2454910.45222 0.14110
2454911.45227 -7.76849
2454912.45231 -2.28366
2454913.45236 -4.28053
2454914.45240 -6.70356
2454915.45245 -1.30588
2454916.45250 -9.19121
2454917.45254 0.58654
2454918.45259 -8.74401
2454919.45263 0.04821
2454920.45268 -6.69027
2454921.45272 -2.58965
2454922.45277 -4.40527
2454923.45282 -6.46148
2454924.45286 -1.14234
2454925.45291 -7.77831
2454926.45295 0.70416
2454927.45300 -8.94856
2454928.45304 -0.07235
2454929.45309 -8.33096
2454930.45313 -3.26317
2454931.45318 -3.30375
2454932.45323 -6.38026
2454933.45327 -0.66454
2454934.45332 -9.18349
2454935.45336 0.92824
2454936.45341 -8.38715
2454937.45345 -0.25266
2454938.45350 -5.87392
2454939.45355 -2.95925
2454940.45359 -3.51314
2454941.45364 -7.64061
2454942.45368 -0.26907
2454943.45373 -8.69494
2454944.45377 0.78699
2454945.45382 -9.26037
2454946.45387 -0.26338
2454947.45391 -6.60781
2454948.45396 -3.83281
2454949.45400 -3.31935
2454950.45405 -5.81559
2454951.45409 0.00772
2454952.45414 -7.87417
2454953.45418 1.00385
2454954.45423 -7.71612
2454955.45428 -0.61271
2454956.45432 -6.10123
2454957.45437 -3.75155
2454958.45441 -2.21903
2454959.45446 -7.06026
2454960.45450 0.27594
2454961.45455 -9.11164
2454962.45460 0.84243
2454963.45464 -10.55754
2454964.45469 -0.70042
2454965.45473 -5.98957
2454966.45478 -4.26553
2454967.45482 -1.96360
2454968.45487 -6.45174
2454969.45491 0.58974
2454970.45496 -7.38491
2454971.45501 1.07044
2454972.45505 -8.03959
2454973.45510 -0.95557
2454974.45514 -6.01975
2454975.45519 -4.02408
2454976.45523 -2.13658
2454977.45528 -8.13717
2454978.45533 0.80435
2454979.45537 -9.81771
2454980.45542 0.95598
2454981.45546 -6.51842
2454982.45551 -1.07535
2454983.45555 -5.22161
2454984.45560 -4.96072
2454985.45564 -1.46878
2454986.45569 -7.29916
2454987.45574 0.99604
2454988.45578 -10.79484
2454989.45583 0.96827
2454990.45587 -7.32614
2454991.45592 -1.31162
2454992.45596 -4.46494
2454993.45601 -5.20842
2454994.45606 -0.72157
2454995.45610 -7.99157
2454996.45615 1.30373
2454997.45619 -9.39527
2454998.45624 0.95358
2454999.45628 -8.38092
2455000.45633 -1.78404
2455001.45637 -4.45402
2455002.45642 -5.61717
2455003.45647 -0.44827
2455004.45651 -8.61460
2455005.45656 1.48543
2455006.45660 -7.44737
2455007.45665 0.80005
2455008.45669 -6.25888
2455009.45674 -1.86399
2455010.45679 -3.47190
2455011.45683 -5.14531
2455012.45688 -0.11411
2455013.45692 -8.73729
2455014.45697 1.38333
2455015.45701 -9.49369
2455016.45706 0.75882
2455017.45711 -5.82317
2455018.45715 -2.35977
2455019.45720 -3.70298
2455020.45724 -6.20985
2455021.45729 0.22736
2455022.45733 -8.34009
2455023.45738 1.67824
2455024.45742 -8.86717
2455025.45747 0.61328
2455026.45752 -5.95121
2455027.45756 -2.36869
2455028.45761 -2.54991
2455029.45765 -5.74117
2455030.45770 0.57772
2455031.45774 -9.10268
2455032.45779 1.80590
2455033.45784 -7.55906
2455034.45788 0.44988
2455035.45793 -5.50659
2455036.45797 -3.06692
2455037.45802 -2.30766
2455038.45806 -6.55916
2455039.45811 0.88583
2455040.45815 -8.44967
2455041.45820 1.60426
2455227.46669 -6.31640
2455228.46673 1.51810
2455229.46678 -3.67443
2455230.46682 -1.52293
2455231.46687 1.02674
2455232.46692 -3.93461
2455233.46696 3.12360
2455234.46701 -6.24219
2455235.46705 3.25417
2455236.46710 -6.06401
2455237.46714 1.51805
2455238.46719 -2.38509
2455239.46724 -1.80169
2455240.46728 1.31097
2455241.46733 -4.62150
2455242.46737 3.59399
2455243.46742 -6.22768
2455244.46746 3.39147
2455245.46751 -5.69900
2455246.46755 1.28629
2455247.46760 -1.73699
2455248.46765 -2.10060
2455249.46769 1.39145
2455250.46774 -5.11464
2455251.46778 3.45790
2455252.46783 -5.11712
2455253.46787 3.55949
2455254.46792 -4.34740
2455255.46797 1.42887
2455256.46801 -1.50962
2455257.46806 -2.27143
2455258.46810 2.24879
2455259.46815 -5.13357
2455260.46819 4.30797
2455261.46824 -6.79107
2455262.46829 3.93010
2455263.46833 -4.49571
2455264.46838 1.08941
2455265.46842 -0.81337
2455266.46847 -2.36845
2455267.46851 2.62273
2455268.46856 -4.94254
2455269.46860 4.63678
2455270.46865 -4.95388
2455271.46870 3.63321
2455272.46874 -3.82704
2455273.46879 0.88230
2455274.46883 -0.43309
2455275.46888 -3.14917
2455276.46892 3.06468
2455277.46897 -5.45604
2455278.46902 3.94947
2455279.46906 -5.34733
2455280.46911 4.05194
2455281.46915 -4.04431
2455282.46920 0.61035
2455283.46924 0.05132
2455284.46929 -3.12741
2455285.46933 3.89338
2455286.46938 -5.56215
2455287.46943 4.66031
2455288.46947 -4.99432
2455289.46952 2.83456
2455290.46956 -3.02711
2455291.46961 0.29637
2455292.46965 0.64895
2455293.46970 -3.62127
2455294.46975 3.49692
2455295.46979 -5.90051
2455296.46984 4.23058
2455297.46988 -4.57714
2455298.46993 3.28736
2455299.46997 -2.75199
2455300.47002 0.02958
2455301.47006 0.96262
2455302.47011 -3.58661
2455303.47016 3.46076
2455304.47020 -5.52646
2455305.47025 4.61951
2455306.47029 -5.25595
2455307.47034 3.16435
2455308.47038 -2.10184
2455309.47043 -0.24724
2455310.47048 1.46442
2455311.47052 -2.83040
2455312.47057 5.16957
2455313.47061 -5.91206
2455314.47066 4.39537
2455315.47070 -5.07473
2455316.47075 3.24585
2455317.47079 -1.75737
2455318.47084 -0.48779
2455319.47089 2.33035
2455320.47093 -3.78106
2455321.47098 4.86601
2455322.47102 -5.00768
2455323.47107 4.57165
2455324.47111 -3.81636
2455325.47116 2.50596
2455326.47121 -1.05531
2455327.47125 -0.80845
2455328.47130 2.27390
2455329.47134 -4.35285
2455330.47139 4.35663
2455331.47143 -5.41125
2455332.47148 3.67147
2455333.47153 -4.01801
2455334.47157 2.39857
2455335.47162 -0.68260
2455336.47166 -0.98042
2455337.47171 2.62121
2455338.47175 -4.23948
2455339.47180 4.91220
2455340.47184 -4.31643
2455341.47189 4.42264
2455342.47194 -3.82019
2455343.47198 2.04221
2455344.47203 -0.29816
2455345.47207 -1.23904
2455346.47212 3.30477
2455347.47216 -3.62639
2455348.47221 5.77918
2455349.47226 -3.74268
2455350.47230 4.72692
2455351.47235 -3.26458
2455352.47239 1.79705
2455353.47244 0.23944
2455354.47248 -1.50730
2455355.47253 3.87820
2455356.47257 -4.72715
2455357.47262 5.60167
2455358.47267 -4.65137
2455359.47271 4.74642
2455360.47276 -2.97196
2455361.47280 2.03597
2455362.47285 0.85246
2455363.47289 -1.95895
2455364.47294 4.31529
2455365.47299 -5.54231
2455366.47303 5.93360
2455367.47308 -5.39908
2455368.47312 4.33724
2455369.47317 -2.67647
2455370.47321 1.53187
2455371.47326 1.28876
2455372.47330 -2.35949
2455373.47335 4.23243
2455374.47340 -4.56199
2455375.47344 6.58366
2455376.47349 -4.13552
2455377.47353 3.92776
2455378.47358 -2.02638
2455379.47362 1.50889
2455380.47367 1.78574
2455381.47372 -2.40618
2455382.47376 4.60811
2455383.47381 -4.45170
2455384.47385 5.46966
2455385.47390 -4.76668
2455386.47394 4.01364
2455387.47399 -1.28442
2455388.47403 1.00200
2455389.47408 2.11632
2455390.47413 -2.36950
2455391.47417 6.17865
2455392.47422 -4.32995
2455393.47426 6.48900
2455394.47431 -4.02139
2455395.47435 4.03213
2455396.47440 -1.03573
2455397.47445 0.71549
2455398.47449 2.54924
2455399.47454 -2.35696
2455400.47458 4.92756
2455401.47463 -4.29180
2455402.47467 6.30799
2455403.47472 -3.78284
2455404.47476 4.38892
2455405.47481 -0.56903
2455406.47486 0.50072
2455592.48334 4.46959
2455593.48339 -1.00942
2455594.48344 8.20740
2455595.48348 -1.75967
2455596.48353 8.29060
2455597.48357 -0.67794
2455598.48362 4.77479
2455599.48366 2.44048
2455600.48371 2.09006
2455601.48375 5.47116
2455602.48380 -0.99992
2455603.48385 8.71177
2455604.48389 -1.95971
2455605.48394 7.53065
2455606.48398 -0.44840
2455607.48403 6.10637
2455608.48407 3.12431
2455609.48412 1.64972
2455610.48417 6.13519
2455611.48421 -1.21468
2455612.48426 8.42912
2455613.48430 -1.79752
2455614.48435 8.26834
2455615.48439 -0.03736
2455616.48444 4.20547
2455617.48448 3.43431
2455618.48453 1.10207
2455619.48458 6.55737
2455620.48462 -1.37634
2455621.48467 8.85582
2455622.48471 -1.36618
2455623.48476 6.11749
2455624.48480 0.43573
2455625.48485 4.55230
2455626.48490 4.00540
2455627.48494 0.93108
2455628.48499 7.84583
2455629.48503 -1.37120
2455630.48508 8.50829
2455631.48512 -1.80297
2455632.48517 7.51739
2455633.48521 0.82342
2455634.48526 4.28200
2455635.48531 4.84080
2455636.48535 0.94022
2455637.48540 6.99264
2455638.48544 -1.19370
2455639.48549 8.69203
2455640.48553 -1.28556
2455641.48558 7.38034
2455642.48563 1.18444
2455643.48567 3.02475
2455644.48572 4.69887
2455645.48576 0.53298
2455646.48581 9.05285
2455647.48585 -1.21077
2455648.48590 9.45906
2455649.48595 -1.07466
2455650.48599 6.41360
2455651.48604 1.49899
2455652.48608 4.56042
2455653.48613 4.87310
2455654.48617 0.30883
2455655.48622 8.91013
2455656.48626 -1.21768
2455657.48631 10.20406
2455658.48636 -0.70268
2455659.48640 7.77093
2455660.48645 2.05283
2455661.48649 2.79766
2455662.48654 5.68946
2455663.48658 0.21946
2455664.48663 8.23204
2455665.48668 -1.42610
2455666.48672 7.91493
2455667.48677 -0.54611
2455668.48681 7.95985
2455669.48686 2.95313
2455670.48690 3.24172
2455671.48695 6.27198
2455672.48699 0.02387
2455673.48704 9.13815
2455674.48709 -1.10679
2455675.48713 7.40296
2455676.48718 -0.17886
2455677.48722 6.84367
2455678.48727 3.09245
2455679.48731 3.44165
2455680.48736 7.83964
2455681.48741 -0.13823
2455682.48745 9.39408
2455683.48750 -1.24899
2455684.48754 8.14290
2455685.48759 0.14499
2455686.48763 6.66783
2455687.48768 3.46510
2455688.48772 2.43748
2455689.48777 6.59122
2455690.48782 -0.28937
2455691.48786 8.23237
2455692.48791 -1.11415
2455693.48795 8.97930
2455694.48800 0.53633
2455695.48804 5.47578
2455696.48809 3.62502
2455697.48814 2.76784
2455698.48818 7.17297
2455699.48823 -0.39621
2455700.48827 8.98999
2455701.48832 -0.90012
2455702.48836 9.51831
2455703.48841 0.94791
2455704.48845 5.73415
2455705.48850 3.92709
2455706.48855 2.53433
2455707.48859 8.31144
2455708.48864 -0.51866
2455709.48868 10.60434
2455710.48873 -0.90046
2455711.48877 9.58075
2455712.48882 1.41537
2455713.48887 4.93747
2455714.48891 5.03198
2455715.48896 2.00983
2455716.48900 10.09052
2455717.48905 -0.61407
2455718.48909 10.73144
2455719.48914 -0.66814
2455720.48918 7.22501
2455721.48923 1.60773
2455722.48928 5.15158
2455723.48932 4.65282
2455724.48937 1.66413
2455725.48941 9.11753
2455726.48946 -0.60867
2455727.48950 8.94960
2455728.48955 -0.46639
2455729.48960 8.07563
2455730.48964 2.07798
2455731.48969 5.39483
2455732.48973 5.79955
2455733.48978 1.18304
2455734.48982 8.13494
2455735.48987 -0.64020
2455736.48992 10.57831
2455737.48996 -0.19686
2455738.49001 9.28835
2455739.49005 2.48292
2455740.49010 4.90521
2455741.49014 5.19559
2455742.49019 1.20210
2455743.49023 7.93845
2455744.49028 -0.65765
2455745.49033 12.41478
2455746.49037 0.03080
2455747.49042 7.01449
2455748.49046 2.99413
2455749.49051 4.03646
2455750.49055 5.87873
2455751.49060 1.14350
2455752.49065 10.12085
2455753.49069 -0.60902
2455754.49074 9.14549
2455755.49078 0.29822
2455756.49083 8.59762
2455757.49087 3.41110
2455758.49092 2.73609
2455759.49096 8.58928
2455760.49101 0.76804
2455761.49106 9.69144
2455762.49110 -0.51922
2455763.49115 9.92247
2455764.49119 0.65166
2455765.49124 6.89767
2455766.49128 3.28658
2455767.49133 3.75854
2455768.49138 8.35982
2455769.49142 0.54450
2455770.49147 8.87098
2455771.49151 -0.44649
2455957.50000 9.80708
