2445000.00000 -0.80552
2445001.00005 -1.29593
2445002.00009 -1.42237
2445003.00014 -1.75734
2445004.00018 -1.64279
2445005.00023 -1.75511
2445006.00027 -2.28832
2445007.00032 -1.87775
2445008.00037 -1.94651
2445009.00041 -1.77449
2445010.00046 -1.43454
2445011.00050 -1.39444
2445012.00055 -1.24671
2445013.00059 -0.85617
2445014.00064 -0.47774
2445015.00068 -0.15755
2445016.00073 0.24542
2445017.00078 0.71681
2445018.00082 0.98780
2445019.00087 1.72732
2445020.00091 2.16043
2445021.00096 2.68569
2445022.00100 3.14124
2445023.00105 3.53834
2445024.00110 4.98634
2445025.00114 4.75483
2445026.00119 6.06542
2445027.00123 7.19346
2445028.00128 5.23246
2445029.00132 7.22874
2445030.00137 9.16555
2445031.00141 8.85144
2445032.00146 9.58552
2445033.00151 11.13842
2445034.00155 9.71039
2445035.00160 11.35454
2445036.00164 10.89563
2445037.00169 11.41295
2445038.00173 9.24499
2445039.00178 11.17785
2445040.00183 11.20875
2445041.00187 13.21689
2445042.00192 14.84174
2445043.00196 13.76546
2445044.00201 13.26694
2445045.00205 15.03969
2445046.00210 15.35618
2445047.00214 12.10135
2445048.00219 13.54563
2445049.00224 12.51465
2445050.00228 12.18000
2445051.00233 12.66772
2445052.00237 12.78345
2445053.00242 14.26583
2445054.00246 12.51048
2445055.00251 10.28213
2445056.00256 9.97429
2445057.00260 9.85241
2445058.00265 10.01763
2445059.00269 8.35775
2445060.00274 8.43852
2445061.00278 7.96647
2445062.00283 7.95070
2445063.00287 6.16792
2445064.00292 5.29204
2445065.00297 4.26802
2445066.00301 3.65573
2445067.00306 3.41021
2445068.00310 2.38417
2445069.00315 1.61446
2445070.00319 0.70190
2445071.00324 0.16356
2445072.00329 -0.48252
2445073.00333 -1.06632
2445074.00338 -1.58827
2445075.00342 -2.06257
2445076.00347 -2.89801
2445077.00351 -3.63269
2445078.00356 -4.31010
2445079.00361 -4.08008
2445080.00365 -4.64376
2445081.00370 -5.78961
2445082.00374 -5.85260
2445083.00379 -5.24592
2445084.00383 -5.80501
2445085.00388 -5.29524
2445086.00392 -6.56585
2445087.00397 -6.28324
2445088.00402 -5.61644
2445089.00406 -6.78237
2445090.00411 -7.57207
2445091.00415 -6.11208
2445092.00420 -5.96141
2445093.00424 -6.04012
2445094.00429 -5.47998
2445095.00434 -4.68656
2445096.00438 -4.83123
2445097.00443 -3.56953
2445098.00447 -3.93273
2445099.00452 -3.48371
2445100.00456 -2.99102
2445101.00461 -2.19359
2445102.00465 -1.71146
2445103.00470 -1.12272
2445104.00475 -0.53077
2445105.00479 0.08158
2445106.00484 0.53340
2445107.00488 1.23895
2445108.00493 2.08768
2445109.00497 2.34406
2445110.00502 2.68016
2445111.00507 3.18950
2445112.00511 3.84679
2445113.00516 5.11690
2445114.00520 4.63292
2445115.00525 5.76445
2445116.00529 6.42831
2445117.00534 6.43489
2445118.00538 6.79198
2445119.00543 6.92050
2445120.00548 9.08841
2445121.00552 7.94288
2445122.00557 8.81400
2445123.00561 9.13077
2445124.00566 8.93092
2445125.00570 9.75641
2445126.00575 8.55652
2445127.00580 7.83935
2445128.00584 8.32611
2445129.00589 7.99175
2445130.00593 8.92664
2445131.00598 9.77236
2445132.00602 9.24197
2445133.00607 7.33968
2445134.00611 7.14978
2445135.00616 6.82298
2445136.00621 6.29480
2445137.00625 4.96167
2445138.00630 5.64429
2445139.00634 4.46146
2445140.00639 3.61523
2445141.00643 3.72087
2445142.00648 3.42249
2445143.00653 2.34690
2445144.00657 1.64773
2445145.00662 0.85542
2445146.00666 0.10589
2445147.00671 -0.50450
2445148.00675 -1.43919
2445149.00680 -2.05066
2445150.00684 -2.93336
2445151.00689 -3.84547
2445152.00694 -3.40759
2445153.00698 -6.12945
2445154.00703 -5.79477
2445155.00707 -5.72773
2445156.00712 -6.23126
2445157.00716 -6.09026
2445158.00721 -7.18960
2445159.00726 -8.26480
2445160.00730 -7.31339
2445161.00735 -9.88024
2445162.00739 -11.50405
2445163.00744 -9.04670
2445164.00748 -10.64447
2445165.00753 -12.01087
2445166.00758 -11.57183
2445167.00762 -9.76564
2445168.00767 -11.50507
2445169.00771 -10.74200
2445170.00776 -11.01046
2445171.00780 -10.95331
2445172.00785 -9.87682
2445173.00789 -11.43983
2445174.00794 -11.58939
2445175.00799 -9.55303
2445176.00803 -9.85326
2445177.00808 -9.60291
2445178.00812 -7.71981
2445179.00817 -8.34229
2445366.01670 -3.82449
2445367.01675 -3.61918
2445368.01679 -3.60952
2445369.01684 -3.82265
2445370.01688 -3.47461
2445371.01693 -3.72996
2445372.01698 -4.34369
2445373.01702 -3.68573
2445374.01707 -4.37495
2445375.01711 -4.41207
2445376.01716 -4.94244
2445377.01720 -4.64030
2445378.01725 -4.16553
2445379.01729 -6.25099
2445380.01734 -6.19658
2445381.01739 -5.91707
2445382.01743 -6.77298
2445383.01748 -7.05137
2445384.01752 -8.64202
2445385.01757 -9.38595
2445386.01761 -11.40213
2445387.01766 -11.56524
2445388.01771 -10.66163
2445389.01775 -14.47565
2445390.01780 -10.88485
2445391.01784 -15.59604
2445392.01789 -12.50185
2445393.01793 -16.11816
2445394.01798 -14.23070
2445395.01803 -14.36341
2445396.01807 -16.14272
2445397.01812 -16.50152
2445398.01816 -17.67086
2445399.01821 -19.46210
2445400.01825 -19.14529
2445401.01830 -19.61106
2445402.01834 -15.05501
2445403.01839 -20.45553
2445404.01844 -19.52305
2445405.01848 -21.62546
2445406.01853 -18.08696
2445407.01857 -22.15653
2445408.01862 -26.03233
2445409.01866 -24.47978
2445410.01871 -21.39530
2445411.01876 -23.54792
2445412.01880 -25.59674
2445413.01885 -22.71311
2445414.01889 -23.57118
2445415.01894 -22.69587
2445416.01898 -19.88262
2445417.01903 -20.64812
2445418.01907 -19.89779
2445419.01912 -20.83952
2445420.01917 -23.73565
2445421.01921 -23.06055
2445422.01926 -20.30373
2445423.01930 -22.35514
2445424.01935 -18.91372
2445425.01939 -18.86005
2445426.01944 -20.24523
2445427.01949 -17.68735
2445428.01953 -16.46030
2445429.01958 -17.06996
2445430.01962 -16.14308
2445431.01967 -13.12980
2445432.01971 -13.96984
2445433.01976 -15.07292
2445434.01980 -15.39455
2445435.01985 -9.31500
2445436.01990 -10.59105
2445437.01994 -10.31335
2445438.01999 -10.33679
2445439.02003 -12.60826
2445440.02008 -9.22922
2445441.02012 -9.80320
2445442.02017 -9.32784
2445443.02022 -8.44067
2445444.02026 -6.98006
2445445.02031 -6.49054
2445446.02035 -6.99030
2445447.02040 -6.28885
2445448.02044 -6.67972
2445449.02049 -6.27196
2445450.02053 -6.47808
2445451.02058 -6.48091
2445452.02063 -7.74262
2445453.02067 -5.46473
2445454.02072 -7.31385
2445455.02076 -6.63797
2445456.02081 -7.61106
2445457.02085 -7.48065
2445458.02090 -8.88706
2445459.02095 -8.34421
2445460.02099 -8.71905
2445461.02104 -7.85718
2445462.02108 -8.29631
2445463.02113 -9.96397
2445464.02117 -11.49825
2445465.02122 -10.22252
2445466.02126 -11.78785
2445467.02131 -9.98364
2445468.02136 -12.64028
2445469.02140 -13.19726
2445470.02145 -15.25012
2445471.02149 -15.75533
2445472.02154 -16.34260
2445473.02158 -18.05845
2445474.02163 -14.25160
2445475.02168 -18.01780
2445476.02172 -22.15755
2445477.02177 -21.91795
2445478.02181 -20.18143
2445479.02186 -19.46331
2445480.02190 -21.17045
2445481.02195 -20.43262
2445482.02200 -22.50821
2445483.02204 -20.82506
2445484.02209 -23.63901
2445485.02213 -23.89222
2445486.02218 -20.81231
2445487.02222 -23.13531
2445488.02227 -22.34664
2445489.02231 -22.46723
2445490.02236 -23.35880
2445491.02241 -24.51774
2445492.02245 -28.08312
2445493.02250 -28.77563
2445494.02254 -22.79951
2445495.02259 -23.31898
2445496.02263 -24.38977
2445497.02268 -25.40467
2445498.02273 -24.15365
2445499.02277 -25.66044
2445500.02282 -25.74081
2445501.02286 -24.01221
2445502.02291 -22.51982
2445503.02295 -22.17805
2445504.02300 -19.42257
2445505.02304 -21.19168
2445506.02309 -20.56401
2445507.02314 -24.15422
2445508.02318 -19.14536
2445509.02323 -20.34741
2445510.02327 -21.41192
2445511.02332 -21.08074
2445512.02336 -15.73715
2445513.02341 -14.99047
2445514.02346 -15.06021
2445515.02350 -16.76132
2445516.02355 -15.58444
2445517.02359 -14.44230
2445518.02364 -13.15838
2445519.02368 -12.19346
2445520.02373 -10.15719
2445521.02377 -11.84018
2445522.02382 -8.97591
2445523.02387 -10.85205
2445524.02391 -11.03669
2445525.02396 -10.11157
2445526.02400 -10.94980
2445527.02405 -11.68049
2445528.02409 -10.59598
2445529.02414 -8.09603
2445530.02419 -9.40566
2445531.02423 -10.16731
2445532.02428 -8.18659
2445533.02432 -9.17274
2445534.02437 -8.97423
2445535.02441 -8.99411
2445536.02446 -9.06874
2445537.02450 -10.05174
2445538.02455 -9.82718
2445539.02460 -11.26570
2445540.02464 -9.44560
2445541.02469 -10.70505
2445542.02473 -9.66147
2445543.02478 -9.01661
2445544.02482 -8.59027
2445545.02487 -13.22668
2445731.03336 -25.62032
2445732.03340 -24.76982
2445733.03345 -23.70686
2445734.03349 -27.61900
2445735.03354 -25.70044
2445736.03359 -29.50739
2445737.03363 -25.84890
2445738.03368 -26.83136
2445739.03372 -28.52529
2445740.03377 -25.42208
2445741.03381 -27.14942
2445742.03386 -25.06052
2445743.03391 -21.57621
2445744.03395 -30.95261
2445745.03400 -22.33874
2445746.03404 -20.89141
2445747.03409 -19.76490
2445748.03413 -24.58061
2445749.03418 -24.95829
2445750.03422 -20.85813
2445751.03427 -21.02423
2445752.03432 -20.12140
2445753.03436 -14.33077
2445754.03441 -17.56688
2445755.03445 -22.56960
2445756.03450 -17.58402
2445757.03454 -16.93506
2445758.03459 -19.03988
2445759.03464 -16.45969
2445760.03468 -14.07883
2445761.03473 -13.18153
2445762.03477 -12.55682
2445763.03482 -10.98009
2445764.03486 -13.47424
2445765.03491 -10.81048
2445766.03495 -11.70997
2445767.03500 -10.85484
2445768.03505 -11.16544
2445769.03509 -8.66261
2445770.03514 -9.38287
2445771.03518 -9.53135
2445772.03523 -9.41670
2445773.03527 -9.42481
2445774.03532 -8.30720
2445775.03537 -9.46607
2445776.03541 -8.45483
2445777.03546 -7.44466
2445778.03550 -8.34224
2445779.03555 -8.30586
2445780.03559 -9.18726
2445781.03564 -9.56759
2445782.03568 -9.46654
2445783.03573 -8.36352
2445784.03578 -9.54124
2445785.03582 -10.40913
2445786.03587 -11.28726
2445787.03591 -10.93805
2445788.03596 -12.65398
2445789.03600 -13.15075
2445790.03605 -14.31516
2445791.03610 -15.90726
2445792.03614 -15.29586
2445793.03619 -15.64210
2445794.03623 -12.60402
2445795.03628 -15.10036
2445796.03632 -13.61735
2445797.03637 -14.26718
2445798.03642 -17.07084
2445799.03646 -18.30037
2445800.03651 -19.28352
2445801.03655 -15.80712
2445802.03660 -23.14307
2445803.03664 -23.13590
2445804.03669 -19.97888
2445805.03673 -20.16375
2445806.03678 -25.05545
2445807.03683 -18.80070
2445808.03687 -23.64564
2445809.03692 -25.16453
2445810.03696 -23.86235
2445811.03701 -21.72649
2445812.03705 -20.28070
2445813.03710 -24.77856
2445814.03715 -27.12279
2445815.03719 -26.67464
2445816.03724 -24.34969
2445817.03728 -20.22721
2445818.03733 -28.59218
2445819.03737 -27.33106
2445820.03742 -24.72238
2445821.03746 -26.95044
2445822.03751 -29.22510
2445823.03756 -28.42180
2445824.03760 -21.60616
2445825.03765 -21.54298
2445826.03769 -21.69573
2445827.03774 -24.81488
2445828.03778 -20.01922
2445829.03783 -20.54192
2445830.03788 -16.60315
2445831.03792 -18.09140
2445832.03797 -18.83791
2445833.03801 -19.31316
2445834.03806 -18.68330
2445835.03810 -19.57909
2445836.03815 -18.71235
2445837.03819 -17.18532
2445838.03824 -16.38702
2445839.03829 -13.18939
2445840.03833 -16.14857
2445841.03838 -14.05932
2445842.03842 -13.52826
2445843.03847 -10.11526
2445844.03851 -10.61000
2445845.03856 -10.30503
2445846.03861 -10.71256
2445847.03865 -7.76094
2445848.03870 -8.80736
2445849.03874 -8.28718
2445850.03879 -9.42497
2445851.03883 -7.72723
2445852.03888 -8.79042
2445853.03892 -8.58860
2445854.03897 -7.57733
2445855.03902 -7.10025
2445856.03906 -7.06424
2445857.03911 -6.66425
2445858.03915 -6.56317
2445859.03920 -6.12578
2445860.03924 -6.43184
2445861.03929 -7.84468
2445862.03934 -6.39480
2445863.03938 -8.14339
2445864.03943 -8.40886
2445865.03947 -7.40330
2445866.03952 -8.60244
2445867.03956 -8.60951
2445868.03961 -8.53374
2445869.03966 -9.16675
2445870.03970 -9.87849
2445871.03975 -11.64541
2445872.03979 -7.87621
2445873.03984 -10.08361
2445874.03988 -13.66396
2445875.03993 -11.97646
2445876.03997 -16.54494
2445877.04002 -12.91575
2445878.04007 -16.51471
2445879.04011 -16.12428
2445880.04016 -16.35401
2445881.04020 -15.13021
2445882.04025 -18.78092
2445883.04029 -18.39893
2445884.04034 -19.32139
2445885.04039 -17.34010
2445886.04043 -19.82505
2445887.04048 -16.99925
2445888.04052 -21.82721
2445889.04057 -18.47319
2445890.04061 -23.52009
2445891.04066 -24.63851
2445892.04070 -23.52777
2445893.04075 -24.59161
2445894.04080 -27.71241
2445895.04084 -21.59924
2445896.04089 -20.65602
2445897.04093 -22.74539
2445898.04098 -22.85848
2445899.04102 -20.76036
2445900.04107 -21.07551
2445901.04112 -18.80991
2445902.04116 -19.83064
2445903.04121 -22.33441
2445904.04125 -25.49033
2445905.04130 -18.46674
2445906.04134 -23.21932
2445907.04139 -20.05993
2445908.04143 -24.35189
2445909.04148 -21.82351
2445910.04153 -19.15810
2446096.05001 2.97441
2446097.05006 2.99191
2446098.05010 2.49643
2446099.05015 3.30921
2446100.05020 3.76447
2446101.05024 3.50662
2446102.05029 3.45251
2446103.05033 3.63736
2446104.05038 3.63232
2446105.05042 3.70117
2446106.05047 2.82734
2446107.05052 2.90192
2446108.05056 3.07995
2446109.05061 2.61702
2446110.05065 2.23018
2446111.05070 1.98914
2446112.05074 1.26306
2446113.05079 0.96131
2446114.05084 0.42998
2446115.05088 -0.02447
2446116.05093 -0.53813
2446117.05097 -1.13688
2446118.05102 -1.81485
2446119.05106 -2.00129
2446120.05111 -3.14577
2446121.05115 -3.31761
2446122.05120 -4.76789
2446123.05125 -5.17677
2446124.05129 -5.74720
2446125.05134 -5.98640
2446126.05138 -5.82898
2446127.05143 -6.49605
2446128.05147 -8.00588
2446129.05152 -7.36931
2446130.05157 -8.57172
2446131.05161 -8.76374
2446132.05166 -8.53096
2446133.05170 -8.63641
2446134.05175 -9.67653
2446135.05179 -9.75439
2446136.05184 -11.07675
2446137.05188 -9.09842
2446138.05193 -9.85060
2446139.05198 -12.94201
2446140.05202 -12.10104
2446141.05207 -12.56393
2446142.05211 -10.44531
2446143.05216 -10.14212
2446144.05220 -10.95425
2446145.05225 -10.32939
2446146.05230 -11.30581
2446147.05234 -9.08818
2446148.05239 -8.96382
2446149.05243 -8.91293
2446150.05248 -7.66223
2446151.05252 -6.40470
2446152.05257 -6.93720
2446153.05261 -7.58753
2446154.05266 -6.37363
2446155.05271 -6.43700
2446156.05275 -5.35553
2446157.05280 -4.87529
2446158.05284 -4.89838
2446159.05289 -3.93341
2446160.05293 -3.12891
2446161.05298 -2.26457
2446162.05303 -1.70050
2446163.05307 -1.01673
2446164.05312 -0.20987
2446165.05316 0.51258
2446166.05321 1.28538
2446167.05325 1.75386
2446168.05330 2.45342
2446169.05334 3.30312
2446170.05339 3.56983
2446171.05344 4.15286
2446172.05348 5.32502
2446173.05353 5.99941
2446174.05357 4.86083
2446175.05362 6.94049
2446176.05366 6.38995
2446177.05371 6.38696
2446178.05376 6.33869
2446179.05380 7.51836
2446180.05385 7.52086
2446181.05389 8.31886
2446182.05394 5.59190
2446183.05398 8.20890
2446184.05403 6.58914
2446185.05408 8.53533
2446186.05412 7.02442
2446187.05417 8.45917
2446188.05421 7.12704
2446189.05426 8.60360
2446190.05430 6.47989
2446191.05435 6.86338
2446192.05439 6.10360
2446193.05444 5.49260
2446194.05449 5.52590
2446195.05453 5.07188
2446196.05458 4.37300
2446197.05462 3.82206
2446198.05467 3.20471
2446199.05471 2.92393
2446200.05476 2.22873
2446201.05481 1.80819
2446202.05485 1.12419
2446203.05490 0.47747
2446204.05494 -0.18239
2446205.05499 -0.82313
2446206.05503 -1.54014
2446207.05508 -1.95228
2446208.05512 -2.26745
2446209.05517 -3.20725
2446210.05522 -3.64630
2446211.05526 -3.79363
2446212.05531 -3.53904
2446213.05535 -5.41039
2446214.05540 -5.61114
2446215.05544 -5.40538
2446216.05549 -4.78375
2446217.05554 -6.95545
2446218.05558 -6.36601
2446219.05563 -7.58950
2446220.05567 -6.62231
2446221.05572 -8.08072
2446222.05576 -6.16813
2446223.05581 -7.46977
2446224.05585 -6.58520
2446225.05590 -5.48671
2446226.05595 -6.46356
2446227.05599 -5.95494
2446228.05604 -6.07730
2446229.05608 -5.55036
2446230.05613 -5.16326
2446231.05617 -3.90907
2446232.05622 -4.07810
2446233.05627 -3.71533
2446234.05631 -3.32309
2446235.05636 -2.13927
2446236.05640 -1.83319
2446237.05645 -1.37125
2446238.05649 -0.82821
2446239.05654 -0.10848
2446240.05658 0.63064
2446241.05663 1.19084
2446242.05668 2.19958
2446243.05672 2.50412
2446244.05677 3.32454
2446245.05681 3.45998
2446246.05686 4.53500
2446247.05690 4.93522
2446248.05695 5.74093
2446249.05700 5.74135
2446250.05704 7.60312
2446251.05709 7.23041
2446252.05713 7.97089
2446253.05718 8.30763
2446254.05722 9.18421
2446255.05727 8.99376
2446256.05731 10.49174
2446257.05736 10.27135
2446258.05741 10.87546
2446259.05745 11.17444
2446260.05750 11.53952
2446261.05754 12.13003
2446262.05759 13.77032
2446263.05763 12.35436
2446264.05768 11.73564
2446265.05773 13.08717
2446266.05777 12.93966
2446267.05782 11.26453
2446268.05786 9.59406
2446269.05791 12.30193
2446270.05795 9.95587
2446271.05800 10.94329
2446272.05805 11.05876
2446273.05809 8.97233
2446274.05814 9.19588
2446275.05818 8.93192
2446461.06667 5.98096
2446462.06672 4.84988
2446463.06676 5.18221
2446464.06681 5.27036
2446465.06685 4.78032
2446466.06690 3.92991
2446467.06694 4.92175
2446468.06699 4.82004
2446469.06703 4.55488
2446470.06708 5.73434
2446471.06713 4.94545
2446472.06717 5.40402
2446473.06722 5.85018
2446474.06726 6.24890
2446475.06731 8.00074
2446476.06735 6.55925
2446477.06740 6.74463
2446478.06745 7.91713
2446479.06749 9.34808
2446480.06754 10.81553
2446481.06758 9.49996
2446482.06763 11.57029
2446483.06767 11.38317
2446484.06772 13.81642
2446485.06776 11.47436
2446486.06781 12.42258
2446487.06786 16.40386
2446488.06790 16.58761
2446489.06795 15.45024
2446490.06799 17.47341
2446491.06804 17.94914
2446492.06808 19.27854
2446493.06813 19.20626
2446494.06818 18.09581
2446495.06822 18.85407
2446496.06827 19.50432
2446497.06831 21.33091
2446498.06836 18.82038
2446499.06840 21.48717
2446500.06845 19.71000
2446501.06850 25.32842
2446502.06854 22.73498
2446503.06859 22.64864
2446504.06863 22.95895
2446505.06868 23.05735
2446506.06872 18.36263
2446507.06877 21.11557
2446508.06881 21.96819
2446509.06886 23.49254
2446510.06891 20.90001
2446511.06895 21.02643
2446512.06900 20.51797
2446513.06904 22.37992
2446514.06909 21.27731
2446515.06913 20.76745
2446516.06918 17.79238
2446517.06923 20.19006
2446518.06927 24.45299
2446519.06932 18.39847
2446520.06936 17.88782
2446521.06941 16.21797
2446522.06945 17.03614
2446523.06950 16.06005
2446524.06954 15.66850
2446525.06959 14.54485
2446526.06964 17.32369
2446527.06968 16.26629
2446528.06973 12.76580
2446529.06977 12.37287
2446530.06982 14.39151
2446531.06986 13.55621
2446532.06991 14.17019
2446533.06996 12.57219
2446534.07000 10.48665
2446535.07005 10.81032
2446536.07009 12.30894
2446537.07014 9.54235
2446538.07018 9.83691
2446539.07023 9.66739
2446540.07027 7.62621
2446541.07032 7.58227
2446542.07037 9.17872
2446543.07041 8.37375
2446544.07046 7.14266
2446545.07050 6.59000
2446546.07055 7.21609
2446547.07059 7.33462
2446548.07064 6.97799
2446549.07069 6.60942
2446550.07073 8.77860
2446551.07078 7.67225
2446552.07082 9.13969
2446553.07087 8.44569
2446554.07091 7.88423
2446555.07096 9.13099
2446556.07100 9.41435
2446557.07105 9.59026
2446558.07110 9.23367
2446559.07114 11.21278
2446560.07119 8.57466
2446561.07123 12.40023
2446562.07128 13.51213
2446563.07132 13.13715
2446564.07137 12.87108
2446565.07142 13.36815
2446566.07146 16.51384
2446567.07151 16.29281
2446568.07155 13.34223
2446569.07160 14.98478
2446570.07164 17.39853
2446571.07169 16.26304
2446572.07173 21.35417
2446573.07178 18.73807
2446574.07183 19.09319
2446575.07187 20.40069
2446576.07192 23.52469
2446577.07196 23.22601
2446578.07201 17.53371
2446579.07205 21.52162
2446580.07210 18.62378
2446581.07215 21.27160
2446582.07219 25.21860
2446583.07224 26.24298
2446584.07228 24.08494
2446585.07233 25.04318
2446586.07237 28.56329
2446587.07242 24.92598
2446588.07247 24.55840
2446589.07251 24.56088
2446590.07256 25.66118
2446591.07260 25.89444
2446592.07265 28.74570
2446593.07269 25.07246
2446594.07274 24.72718
2446595.07278 24.97511
2446596.07283 20.10595
2446597.07288 23.92292
2446598.07292 18.04113
2446599.07297 24.96702
2446600.07301 25.20972
2446601.07306 18.30139
2446602.07310 20.84979
2446603.07315 19.15416
2446604.07320 15.00201
2446605.07324 20.81086
2446606.07329 17.66606
2446607.07333 18.17145
2446608.07338 16.79910
2446609.07342 18.10409
2446610.07347 17.69402
2446611.07351 15.46445
2446612.07356 13.76093
2446613.07361 14.00566
2446614.07365 13.25108
2446615.07370 12.63396
2446616.07374 13.87720
2446617.07379 11.93618
2446618.07383 11.64915
2446619.07388 10.72007
2446620.07393 11.06729
2446621.07397 9.82860
2446622.07402 10.66573
2446623.07406 10.20037
2446624.07411 9.24243
2446625.07415 8.10759
2446626.07420 10.98915
2446627.07424 10.07453
2446628.07429 10.15274
2446629.07434 9.02205
2446630.07438 10.58854
2446631.07443 9.99249
2446632.07447 10.23831
2446633.07452 9.28912
2446634.07456 10.25911
2446635.07461 12.32980
2446636.07466 10.43288
2446637.07470 9.99710
2446638.07475 10.59456
2446639.07479 12.68677
2446640.07484 10.25424
2446827.08337 28.48567
2446828.08342 23.73472
2446829.08346 22.47267
2446830.08351 24.35306
2446831.08355 28.40523
2446832.08360 20.74769
2446833.08365 24.63525
2446834.08369 25.40081
2446835.08374 29.79244
2446836.08378 23.16393
2446837.08383 26.17597
2446838.08387 21.71278
2446839.08392 28.15790
2446840.08396 25.46246
2446841.08401 22.95056
2446842.08406 21.28065
2446843.08410 23.26008
2446844.08415 18.86874
2446845.08419 21.23841
2446846.08424 17.22623
2446847.08428 17.86955
2446848.08433 18.75822
2446849.08438 18.23281
2446850.08442 18.56002
2446851.08447 17.35682
2446852.08451 16.34445
2446853.08456 15.18293
2446854.08460 14.54959
2446855.08465 11.51042
2446856.08469 14.27095
2446857.08474 14.57612
2446858.08479 12.28528
2446859.08483 11.10401
2446860.08488 12.07500
2446861.08492 11.55817
2446862.08497 10.20704
2446863.08501 11.37636
2446864.08506 9.85888
2446865.08511 9.86771
2446866.08515 9.16023
2446867.08520 8.42854
2446868.08524 8.04104
2446869.08529 9.65555
2446870.08533 7.55868
2446871.08538 7.95634
2446872.08542 7.61167
2446873.08547 7.34892
2446874.08552 6.83231
2446875.08556 6.47975
2446876.08561 9.38787
2446877.08565 6.98480
2446878.08570 6.83403
2446879.08574 8.30077
2446880.08579 8.86246
2446881.08584 7.29670
2446882.08588 8.79488
2446883.08593 10.01434
2446884.08597 10.24825
2446885.08602 12.36847
2446886.08606 11.37697
2446887.08611 12.09103
2446888.08615 12.48807
2446889.08620 11.81662
2446890.08625 14.36968
2446891.08629 15.71508
2446892.08634 19.49367
2446893.08638 13.52085
2446894.08643 13.76022
2446895.08647 14.57206
2446896.08652 17.28734
2446897.08657 17.97092
2446898.08661 17.73111
2446899.08666 18.89212
2446900.08670 20.51769
2446901.08675 23.68906
2446902.08679 23.47060
2446903.08684 23.10806
2446904.08689 19.19005
2446905.08693 22.89708
2446906.08698 19.20197
2446907.08702 20.14881
2446908.08707 18.74697
2446909.08711 19.76585
2446910.08716 25.46341
2446911.08720 24.82633
2446912.08725 24.70676
2446913.08730 24.54901
2446914.08734 21.39488
2446915.08739 18.74534
2446916.08743 21.99031
2446917.08748 23.77199
2446918.08752 19.14463
2446919.08757 17.68751
2446920.08762 20.37845
2446921.08766 19.26259
2446922.08771 23.72267
2446923.08775 17.00774
2446924.08780 21.48915
2446925.08784 21.12733
2446926.08789 17.97006
2446927.08793 19.25435
2446928.08798 15.44655
2446929.08803 18.16567
2446930.08807 15.43583
2446931.08812 15.44071
2446932.08816 16.67804
2446933.08821 14.24948
2446934.08825 13.93548
2446935.08830 13.03416
2446936.08835 11.86591
2446937.08839 11.12926
2446938.08844 11.52069
2446939.08848 10.37615
2446940.08853 11.18145
2446941.08857 9.85594
2446942.08862 7.76989
2446943.08866 8.45018
2446944.08871 7.68229
2446945.08876 7.27283
2446946.08880 6.71165
2446947.08885 7.15063
2446948.08889 6.73849
2446949.08894 6.10642
2446950.08898 5.39971
2446951.08903 5.61961
2446952.08908 4.32444
2446953.08912 5.27105
2446954.08917 4.60457
2446955.08921 4.66882
2446956.08926 5.17918
2446957.08930 4.58650
2446958.08935 6.97141
2446959.08939 6.79150
2446960.08944 6.16905
2446961.08949 7.20343
2446962.08953 7.39693
2446963.08958 7.04068
2446964.08962 7.51329
2446965.08967 9.73728
2446966.08971 9.76713
2446967.08976 10.12738
2446968.08981 11.08667
2446969.08985 9.63992
2446970.08990 12.10804
2446971.08994 8.90052
2446972.08999 10.85446
2446973.09003 13.10546
2446974.09008 10.86180
2446975.09013 13.25165
2446976.09017 17.21020
2446977.09022 12.75800
2446978.09026 16.61881
2446979.09031 18.46428
2446980.09035 15.07863
2446981.09040 20.96407
2446982.09044 18.38633
2446983.09049 19.45751
2446984.09054 20.65270
2446985.09058 18.65548
2446986.09063 19.78069
2446987.09067 23.87192
2446988.09072 18.48966
2446989.09076 19.34436
2446990.09081 20.50302
2446991.09086 20.95269
2446992.09090 20.56517
2446993.09095 23.18595
2446994.09099 19.23634
2446995.09104 20.18301
2446996.09108 20.53943
2446997.09113 18.35467
2446998.09117 20.11616
2446999.09122 15.75769
2447000.09127 18.25077
2447001.09131 19.00687
2447002.09136 15.89929
2447003.09140 19.08141
2447004.09145 15.63701
2447005.09149 16.01831
2447006.09154 16.98890
2447192.10003 -4.16171
2447193.10007 -4.04302
2447194.10012 -4.96819
2447195.10016 -4.22843
2447196.10021 -5.94567
2447197.10026 -5.06399
2447198.10030 -4.63443
2447199.10035 -5.16056
2447200.10039 -6.00751
2447201.10044 -5.15446
2447202.10048 -5.10769
2447203.10053 -4.94341
2447204.10057 -4.49063
2447205.10062 -4.59922
2447206.10067 -4.21541
2447207.10071 -3.56570
2447208.10076 -2.72763
2447209.10080 -2.78643
2447210.10085 -1.74800
2447211.10089 -1.62752
2447212.10094 -0.94773
2447213.10099 -0.49601
2447214.10103 0.01201
2447215.10108 0.50095
2447216.10112 1.18817
2447217.10117 2.01080
2447218.10121 2.34598
2447219.10126 2.41089
2447220.10131 3.54979
2447221.10135 3.64520
2447222.10140 4.26684
2447223.10144 6.02319
2447224.10149 5.91452
2447225.10153 5.57066
2447226.10158 7.70678
2447227.10162 5.80889
2447228.10167 6.83214
2447229.10172 8.18766
2447230.10176 10.31482
2447231.10181 8.80300
2447232.10185 9.12366
2447233.10190 10.51533
2447234.10194 8.74040
2447235.10199 8.67949
2447236.10204 9.41677
2447237.10208 9.37777
2447238.10213 7.57691
2447239.10217 8.26708
2447240.10222 9.25849
2447241.10226 7.91279
2447242.10231 6.85884
2447243.10235 7.16756
2447244.10240 8.23111
2447245.10245 6.71243
2447246.10249 6.97873
2447247.10254 6.02380
2447248.10258 5.72573
2447249.10263 5.81731
2447250.10267 4.74385
2447251.10272 4.28364
2447252.10277 3.32664
2447253.10281 2.99976
2447254.10286 2.17702
2447255.10290 1.61526
2447256.10295 0.79077
2447257.10299 0.28011
2447258.10304 -0.38281
2447259.10308 -0.80649
2447260.10313 -1.61421
2447261.10318 -2.09930
2447262.10322 -2.79271
2447263.10327 -4.15280
2447264.10331 -3.63053
2447265.10336 -5.23758
2447266.10340 -6.40416
2447267.10345 -6.05420
2447268.10350 -6.19238
2447269.10354 -7.40239
2447270.10359 -6.73923
2447271.10363 -7.62111
2447272.10368 -9.28903
2447273.10372 -7.89708
2447274.10377 -7.34318
2447275.10381 -8.04149
2447276.10386 -10.57311
2447277.10391 -8.99219
2447278.10395 -8.03257
2447279.10400 -9.44388
2447280.10404 -10.11434
2447281.10409 -9.97712
2447282.10413 -10.51999
2447283.10418 -10.11431
2447284.10423 -6.87562
2447285.10427 -9.58083
2447286.10432 -6.75449
2447287.10436 -7.24647
2447288.10441 -6.79171
2447289.10445 -7.38043
2447290.10450 -7.77104
2447291.10455 -6.58787
2447292.10459 -5.31779
2447293.10464 -5.75074
2447294.10468 -4.71652
2447295.10473 -3.79824
2447296.10477 -4.25078
2447297.10482 -3.36625
2447298.10486 -2.49762
2447299.10491 -1.96819
2447300.10496 -1.62063
2447301.10500 -0.88028
2447302.10505 -0.31404
2447303.10509 0.19706
2447304.10514 0.65990
2447305.10518 1.39883
2447306.10523 1.69334
2447307.10528 2.00608
2447308.10532 2.12726
2447309.10537 2.12847
2447310.10541 3.29109
2447311.10546 3.48605
2447312.10550 3.96247
2447313.10555 4.26973
2447314.10559 4.74484
2447315.10564 3.55371
2447316.10569 4.42517
2447317.10573 4.98839
2447318.10578 4.75822
2447319.10582 4.57577
2447320.10587 4.77844
2447321.10591 4.39646
2447322.10596 3.63558
2447323.10601 4.33734
2447324.10605 3.60584
2447325.10610 3.35557
2447326.10614 3.26194
2447327.10619 2.18975
2447328.10623 2.24958
2447329.10628 1.70195
2447330.10632 1.29331
2447331.10637 0.61116
2447332.10642 0.06345
2447333.10646 -0.60885
2447334.10651 -0.91704
2447335.10655 -1.86493
2447336.10660 -2.54189
2447337.10664 -2.98840
2447338.10669 -3.91780
2447339.10674 -4.45284
2447340.10678 -4.85422
2447341.10683 -5.09544
2447342.10687 -6.24064
2447343.10692 -7.34335
2447344.10696 -8.22203
2447345.10701 -7.08607
2447346.10705 -9.12114
2447347.10710 -8.40724
2447348.10715 -11.41039
2447349.10719 -11.19817
2447350.10724 -10.84762
2447351.10728 -11.64333
2447352.10733 -9.40018
2447353.10737 -11.62093
2447354.10742 -11.80993
2447355.10747 -11.52481
2447356.10751 -15.05803
2447357.10756 -11.67102
2447358.10760 -12.82852
2447359.10765 -13.15270
2447360.10769 -14.62594
2447361.10774 -16.88592
2447362.10778 -13.72269
2447363.10783 -14.50462
2447364.10788 -11.86251
2447365.10792 -10.79307
2447366.10797 -11.84078
2447367.10801 -12.53759
2447368.10806 -10.21834
2447369.10810 -12.77072
2447370.10815 -10.67503
2447371.10820 -10.74498
2447557.11668 -5.66143
2447558.11673 -6.73744
2447559.11677 -4.88864
2447560.11682 -5.53694
2447561.11687 -5.64865
2447562.11691 -6.44352
2447563.11696 -5.23686
2447564.11700 -6.02190
2447565.11705 -5.34635
2447566.11709 -6.19413
2447567.11714 -6.42729
2447568.11719 -6.73324
2447569.11723 -7.46868
2447570.11728 -7.88181
2447571.11732 -8.62534
2447572.11737 -7.33912
2447573.11741 -8.12240
2447574.11746 -10.53368
2447575.11750 -8.21809
2447576.11755 -9.29478
2447577.11760 -9.51885
2447578.11764 -11.64342
2447579.11769 -13.00519
2447580.11773 -13.87191
2447581.11778 -14.36496
2447582.11782 -13.15344
2447583.11787 -12.03377
2447584.11792 -13.75327
2447585.11796 -14.23819
2447586.11801 -16.96022
2447587.11805 -17.54032
2447588.11810 -16.82643
2447589.11814 -19.73311
2447590.11819 -15.93008
2447591.11823 -19.29218
2447592.11828 -20.39619
2447593.11833 -22.79144
2447594.11837 -19.47600
2447595.11842 -23.27019
2447596.11846 -18.50754
2447597.11851 -20.46510
2447598.11855 -17.85644
2447599.11860 -24.70233
2447600.11865 -22.68518
2447601.11869 -28.18703
2447602.11874 -23.04470
2447603.11878 -22.01896
2447604.11883 -21.38637
2447605.11887 -26.63704
2447606.11892 -23.31696
2447607.11897 -22.57814
2447608.11901 -15.82817
2447609.11906 -25.74593
2447610.11910 -19.86078
2447611.11915 -19.17597
2447612.11919 -21.44728
2447613.11924 -21.92159
2447614.11928 -18.07118
2447615.11933 -17.58648
2447616.11938 -21.09185
2447617.11942 -16.99652
2447618.11947 -17.55361
2447619.11951 -18.87402
2447620.11956 -18.02581
2447621.11960 -16.77928
2447622.11965 -16.55035
2447623.11970 -14.54387
2447624.11974 -10.76308
2447625.11979 -13.78652
2447626.11983 -13.40569
2447627.11988 -12.42654
2447628.11992 -12.26324
2447629.11997 -11.28999
2447630.12001 -12.64120
2447631.12006 -12.90041
2447632.12011 -9.82771
2447633.12015 -9.15729
2447634.12020 -9.80348
2447635.12024 -9.98348
2447636.12029 -9.43207
2447637.12033 -8.64166
2447638.12038 -9.38449
2447639.12043 -8.59037
2447640.12047 -8.77778
2447641.12052 -7.56363
2447642.12056 -7.67154
2447643.12061 -8.90988
2447644.12065 -6.36732
2447645.12070 -8.16293
2447646.12074 -8.51596
2447647.12079 -7.80870
2447648.12084 -7.86123
2447649.12088 -8.64682
2447650.12093 -8.97570
2447651.12097 -9.61453
2447652.12102 -10.79518
2447653.12106 -11.12678
2447654.12111 -9.71172
2447655.12116 -12.55668
2447656.12120 -11.28194
2447657.12125 -14.12172
2447658.12129 -13.27931
2447659.12134 -10.57906
2447660.12138 -13.35119
2447661.12143 -13.78424
2447662.12147 -12.73723
2447663.12152 -18.02216
2447664.12157 -16.44888
2447665.12161 -19.10609
2447666.12166 -19.14206
2447667.12170 -16.49209
2447668.12175 -18.07111
2447669.12179 -20.25081
2447670.12184 -19.22058
2447671.12189 -18.55741
2447672.12193 -23.72298
2447673.12198 -25.01914
2447674.12202 -19.69291
2447675.12207 -23.12791
2447676.12211 -24.85919
2447677.12216 -22.41310
2447678.12220 -16.37471
2447679.12225 -25.17267
2447680.12230 -25.05942
2447681.12234 -26.67027
2447682.12239 -22.76975
2447683.12243 -24.89757
2447684.12248 -24.07263
2447685.12252 -28.77271
2447686.12257 -27.75655
2447687.12262 -27.41114
2447688.12266 -24.14397
2447689.12271 -17.51767
2447690.12275 -20.21310
2447691.12280 -24.83190
2447692.12284 -25.57894
2447693.12289 -23.96501
2447694.12294 -20.83349
2447695.12298 -23.64161
2447696.12303 -22.55649
2447697.12307 -22.75817
2447698.12312 -22.08183
2447699.12316 -21.45632
2447700.12321 -18.51625
2447701.12325 -17.53966
2447702.12330 -16.72982
2447703.12335 -17.31959
2447704.12339 -13.97895
2447705.12344 -14.97617
2447706.12348 -12.94041
2447707.12353 -12.44728
2447708.12357 -12.16188
2447709.12362 -14.64278
2447710.12367 -14.29286
2447711.12371 -11.20891
2447712.12376 -12.67535
2447713.12380 -12.06891
2447714.12385 -10.97549
2447715.12389 -10.81330
2447716.12394 -9.58543
2447717.12398 -9.77916
2447718.12403 -10.42884
2447719.12408 -8.81112
2447720.12412 -9.66933
2447721.12417 -8.27362
2447722.12421 -10.09724
2447723.12426 -8.06499
2447724.12430 -8.77962
2447725.12435 -9.48306
2447726.12440 -8.92734
2447727.12444 -9.29984
2447728.12449 -9.64227
2447729.12453 -11.77721
2447730.12458 -9.91792
2447731.12462 -10.51290
2447732.12467 -11.31300
2447733.12471 -10.99558
2447734.12476 -10.90517
2447735.12481 -9.94084
2447736.12485 -11.18368
2447922.13334 -23.27149
2447923.13339 -25.85853
2447924.13343 -20.19470
2447925.13348 -21.44728
2447926.13352 -25.07922
2447927.13357 -22.78067
2447928.13361 -26.11205
2447929.13366 -24.66727
2447930.13370 -23.87112
2447931.13375 -21.19728
2447932.13380 -21.87409
2447933.13384 -23.46101
2447934.13389 -21.96875
2447935.13393 -21.86887
2447936.13398 -24.13020
2447937.13402 -18.45759
2447938.13407 -20.19277
2447939.13412 -19.53691
2447940.13416 -18.78668
2447941.13421 -19.56966
2447942.13425 -20.12304
2447943.13430 -18.86695
2447944.13434 -17.51425
2447945.13439 -16.32144
2447946.13443 -16.10934
2447947.13448 -13.16268
2447948.13453 -14.64261
2447949.13457 -14.60120
2447950.13462 -12.17931
2447951.13466 -13.80204
2447952.13471 -12.37790
2447953.13475 -10.95916
2447954.13480 -11.48855
2447955.13485 -10.50093
2447956.13489 -10.68767
2447957.13494 -8.38265
2447958.13498 -9.22759
2447959.13503 -8.75289
2447960.13507 -8.21818
2447961.13512 -8.04175
2447962.13516 -8.14593
2447963.13521 -7.19747
2447964.13526 -7.54683
2447965.13530 -6.97641
2447966.13535 -7.20206
2447967.13539 -6.66406
2447968.13544 -7.33546
2447969.13548 -6.34010
2447970.13553 -6.53855
2447971.13558 -7.28362
2447972.13562 -6.87592
2447973.13567 -6.43504
2447974.13571 -6.95334
2447975.13576 -8.50541
2447976.13580 -6.70869
2447977.13585 -9.09701
2447978.13589 -9.43097
2447979.13594 -8.29728
2447980.13599 -9.45529
2447981.13603 -10.97286
2447982.13608 -9.03615
2447983.13612 -11.95927
2447984.13617 -9.59213
2447985.13621 -12.91061
2447986.13626 -14.16106
2447987.13631 -12.39417
2447988.13635 -12.08954
2447989.13640 -12.78694
2447990.13644 -15.78638
2447991.13649 -16.04621
2447992.13653 -16.07914
2447993.13658 -13.81303
2447994.13662 -14.15073
2447995.13667 -14.93945
2447996.13672 -18.85015
2447997.13676 -21.02262
2447998.13681 -19.74684
2447999.13685 -19.97320
2448000.13690 -16.61839
2448001.13694 -21.38707
2448002.13699 -21.45684
2448003.13704 -19.73154
2448004.13708 -18.99567
2448005.13713 -16.06964
2448006.13717 -17.03977
2448007.13722 -19.56684
2448008.13726 -26.01613
2448009.13731 -20.62049
2448010.13736 -24.65054
2448011.13740 -22.48963
2448012.13745 -17.81074
2448013.13749 -22.14329
2448014.13754 -22.33762
2448015.13758 -18.07650
2448016.13763 -20.32668
2448017.13767 -18.52301
2448018.13772 -16.68648
2448019.13777 -19.20123
2448020.13781 -16.01359
2448021.13786 -17.79371
2448022.13790 -14.62947
2448023.13795 -18.18835
2448024.13799 -18.84370
2448025.13804 -14.06602
2448026.13809 -13.23341
2448027.13813 -14.52174
2448028.13818 -13.63637
2448029.13822 -11.70514
2448030.13827 -11.03421
2448031.13831 -8.04472
2448032.13836 -10.81539
2448033.13840 -10.86677
2448034.13845 -10.44269
2448035.13850 -6.72514
2448036.13854 -7.43831
2448037.13859 -7.39859
2448038.13863 -6.82955
2448039.13868 -6.28749
2448040.13872 -6.28569
2448041.13877 -5.18997
2448042.13882 -5.70312
2448043.13886 -5.15494
2448044.13891 -5.52425
2448045.13895 -5.77040
2448046.13900 -4.11329
2448047.13904 -4.86372
2448048.13909 -3.86520
2448049.13913 -3.97070
2448050.13918 -3.59976
2448051.13923 -3.99978
2448052.13927 -4.82368
2448053.13932 -4.43131
2448054.13936 -3.96845
2448055.13941 -4.71792
2448056.13945 -5.47788
2448057.13950 -4.86458
2448058.13955 -6.36651
2448059.13959 -5.53929
2448060.13964 -6.60339
2448061.13968 -6.76333
2448062.13973 -7.75176
2448063.13977 -8.21386
2448064.13982 -6.75093
2448065.13986 -8.82816
2448066.13991 -9.83384
2448067.13996 -10.08795
2448068.14000 -13.78457
2448069.14005 -11.14281
2448070.14009 -10.63016
2448071.14014 -11.78013
2448072.14018 -11.45573
2448073.14023 -11.79897
2448074.14028 -15.43966
2448075.14032 -12.46069
2448076.14037 -12.24455
2448077.14041 -15.74149
2448078.14046 -12.44523
2448079.14050 -14.95740
2448080.14055 -14.74741
2448081.14060 -18.59461
2448082.14064 -18.12093
2448083.14069 -18.10842
2448084.14073 -17.25279
2448085.14078 -21.26629
2448086.14082 -18.61923
2448087.14087 -16.81383
2448088.14091 -16.79662
2448089.14096 -19.69060
2448090.14101 -20.06424
2448091.14105 -16.58331
2448092.14110 -16.38616
2448093.14114 -16.77306
2448094.14119 -17.12343
2448095.14123 -19.49302
2448096.14128 -17.95333
2448097.14133 -17.70659
2448098.14137 -13.43799
2448099.14142 -18.36854
2448100.14146 -16.91301
2448101.14151 -12.66136
2448288.15004 6.64551
2448289.15009 6.09845
2448290.15013 6.13282
2448291.15018 6.46715
2448292.15022 7.09184
2448293.15027 6.08757
2448294.15031 5.74320
2448295.15036 6.49229
2448296.15041 6.20100
2448297.15045 6.30922
2448298.15050 5.63017
2448299.15054 7.08843
2448300.15059 4.78811
2448301.15063 5.94168
2448302.15068 5.31032
2448303.15073 4.77515
2448304.15077 3.79708
2448305.15082 3.90724
2448306.15086 3.41589
2448307.15091 3.44942
2448308.15095 2.77682
2448309.15100 2.28644
2448310.15104 1.52801
2448311.15109 1.08889
2448312.15114 0.37201
2448313.15118 -0.08225
2448314.15123 -0.73210
2448315.15127 -1.16067
2448316.15132 -1.42427
2448317.15136 -2.73756
2448318.15141 -2.89662
2448319.15146 -3.27888
2448320.15150 -4.30407
2448321.15155 -4.16910
2448322.15159 -4.59098
2448323.15164 -4.79325
2448324.15168 -5.77553
2448325.15173 -6.04425
2448326.15178 -5.51160
2448327.15182 -7.32837
2448328.15187 -6.88348
2448329.15191 -4.93716
2448330.15196 -6.50168
2448331.15200 -5.86238
2448332.15205 -6.68396
2448333.15209 -7.01685
2448334.15214 -6.80527
2448335.15219 -6.87735
2448336.15223 -6.71663
2448337.15228 -5.54585
2448338.15232 -5.62054
2448339.15237 -4.58486
2448340.15241 -5.87479
2448341.15246 -4.39021
2448342.15251 -3.98997
2448343.15255 -4.38178
2448344.15260 -3.82550
2448345.15264 -3.25603
2448346.15269 -2.58351
2448347.15273 -1.89214
2448348.15278 -1.18826
2448349.15282 -1.18578
2448350.15287 -0.24749
2448351.15292 0.33463
2448352.15296 0.99427
2448353.15301 1.58468
2448354.15305 2.09616
2448355.15310 2.34644
2448356.15314 3.78863
2448357.15319 3.98511
2448358.15324 5.12330
2448359.15328 5.08940
2448360.15333 5.11676
2448361.15337 7.43087
2448362.15342 7.75444
2448363.15346 7.00559
2448364.15351 6.43520
2448365.15355 8.38690
2448366.15360 7.04901
2448367.15365 8.13206
2448368.15369 8.78998
2448369.15374 9.74916
2448370.15378 10.72099
2448371.15383 11.00871
2448372.15387 10.71241
2448373.15392 11.53473
2448374.15397 10.18399
2448375.15401 9.86005
2448376.15406 11.72373
2448377.15410 10.72426
2448378.15415 9.51176
2448379.15419 10.05102
2448380.15424 8.90575
2448381.15428 10.23526
2448382.15433 8.47654
2448383.15438 9.12046
2448384.15442 8.73793
2448385.15447 9.22937
2448386.15451 7.21204
2448387.15456 6.12959
2448388.15460 7.84664
2448389.15465 6.92158
2448390.15470 7.28524
2448391.15474 6.05748
2448392.15479 5.15793
2448393.15483 4.53159
2448394.15488 4.50149
2448395.15492 3.46307
2448396.15497 2.94489
2448397.15502 2.24595
2448398.15506 2.00488
2448399.15511 1.42661
2448400.15515 0.75677
2448401.15520 0.29359
2448402.15524 -0.12232
2448403.15529 -0.56364
2448404.15533 -1.06833
2448405.15538 -1.39472
2448406.15543 -1.71894
2448407.15547 -2.03115
2448408.15552 -2.00464
2448409.15556 -2.41168
2448410.15561 -2.36900
2448411.15565 -2.16460
2448412.15570 -2.61541
2448413.15575 -2.40291
2448414.15579 -2.51954
2448415.15584 -2.51014
2448416.15588 -1.95933
2448417.15593 -2.33421
2448418.15597 -2.20361
2448419.15602 -2.15026
2448420.15606 -1.74093
2448421.15611 -1.68043
2448422.15616 -1.21114
2448423.15620 -0.68939
2448424.15625 -0.29761
2448425.15629 0.13324
2448426.15634 0.52206
2448427.15638 1.03619
2448428.15643 1.83400
2448429.15648 2.20272
2448430.15652 3.17121
2448431.15657 3.18072
2448432.15661 3.59686
2448433.15666 4.00490
2448434.15670 5.87278
2448435.15675 6.61882
2448436.15679 5.63765
2448437.15684 6.94173
2448438.15689 7.75159
2448439.15693 7.76333
2448440.15698 9.89471
2448441.15702 11.31719
2448442.15707 9.91794
2448443.15711 12.03111
2448444.15716 10.68616
2448445.15721 12.22881
2448446.15725 13.41263
2448447.15730 14.86498
2448448.15734 13.30620
2448449.15739 13.62744
2448450.15743 14.67531
2448451.15748 15.08690
2448452.15752 12.41008
2448453.15757 15.35250
2448454.15762 14.28185
2448455.15766 15.06070
2448456.15771 11.65844
2448457.15775 13.40098
2448458.15780 15.53069
2448459.15784 12.98345
2448460.15789 16.99023
2448461.15794 13.21811
2448462.15798 12.42837
2448463.15803 13.26277
2448464.15807 13.56242
2448465.15812 13.64887
2448466.15816 12.06020
2448467.15821 10.95247
2448653.16670 8.01306
2448654.16674 6.02611
2448655.16679 7.21296
2448656.16683 5.82516
2448657.16688 6.16918
2448658.16693 5.72982
2448659.16697 5.52054
2448660.16702 6.55409
2448661.16706 6.57360
2448662.16711 7.71200
2448663.16715 7.09693
2448664.16720 8.41908
2448665.16724 8.22907
2448666.16729 8.78085
2448667.16734 9.69655
2448668.16738 8.08478
2448669.16743 7.70631
2448670.16747 9.67209
2448671.16752 8.38606
2448672.16756 10.64284
2448673.16761 9.72057
2448674.16766 12.66606
2448675.16770 13.82682
2448676.16775 15.05719
2448677.16779 13.94825
2448678.16784 17.51284
2448679.16788 13.94865
2448680.16793 15.61295
2448681.16797 16.01991
2448682.16802 19.04904
2448683.16807 15.72166
2448684.16811 15.09930
2448685.16816 16.83194
2448686.16820 16.82452
2448687.16825 20.36087
2448688.16829 18.59241
2448689.16834 20.20155
2448690.16839 18.83904
2448691.16843 17.62909
2448692.16848 19.87549
2448693.16852 26.40542
2448694.16857 18.54032
2448695.16861 22.24104
2448696.16866 22.82333
2448697.16870 21.43323
2448698.16875 21.53578
2448699.16880 22.93548
2448700.16884 21.96210
2448701.16889 20.37401
2448702.16893 22.84408
2448703.16898 21.76979
2448704.16902 20.28461
2448705.16907 22.17577
2448706.16912 22.65574
2448707.16916 19.44476
2448708.16921 16.19144
2448709.16925 20.24862
2448710.16930 18.68478
2448711.16934 20.62694
2448712.16939 16.70797
2448713.16944 18.70768
2448714.16948 18.36959
2448715.16953 16.64646
2448716.16957 18.14448
2448717.16962 17.11472
2448718.16966 19.28362
2448719.16971 14.89947
2448720.16975 13.94842
2448721.16980 13.45884
2448722.16985 15.31728
2448723.16989 12.30463
2448724.16994 11.46317
2448725.16998 9.86355
2448726.17003 12.98667
2448727.17007 10.18892
2448728.17012 11.27653
2448729.17017 10.65903
2448730.17021 8.29742
2448731.17026 9.54384
2448732.17030 9.24418
2448733.17035 7.49089
2448734.17039 7.47332
2448735.17044 7.28493
2448736.17048 7.27315
2448737.17053 6.04745
2448738.17058 8.16207
2448739.17062 8.32813
2448740.17067 8.30150
2448741.17071 8.81627
2448742.17076 8.42354
2448743.17080 8.09246
2448744.17085 6.24783
2448745.17090 10.82666
2448746.17094 8.67429
2448747.17099 7.83348
2448748.17103 10.05730
2448749.17108 9.61927
2448750.17112 11.29553
2448751.17117 11.46052
2448752.17121 12.95073
2448753.17126 11.50756
2448754.17131 12.38192
2448755.17135 12.31246
2448756.17140 13.62251
2448757.17144 17.59441
2448758.17149 15.33782
2448759.17153 14.64205
2448760.17158 13.84554
2448761.17163 14.96615
2448762.17167 16.71595
2448763.17172 16.23388
2448764.17176 17.03556
2448765.17181 18.64767
2448766.17185 17.43583
2448767.17190 18.71732
2448768.17194 23.13662
2448769.17199 21.66109
2448770.17204 21.94781
2448771.17208 18.29583
2448772.17213 22.73127
2448773.17217 22.00033
2448774.17222 23.35396
2448775.17226 21.30601
2448776.17231 24.53796
2448777.17236 26.88643
2448778.17240 21.28580
2448779.17245 24.59868
2448780.17249 21.32667
2448781.17254 23.29010
2448782.17258 19.33242
2448783.17263 21.69964
2448784.17268 24.29217
2448785.17272 24.94376
2448786.17277 26.11909
2448787.17281 21.32189
2448788.17286 22.52043
2448789.17290 18.79529
2448790.17295 21.99009
2448791.17299 20.65947
2448792.17304 21.31271
2448793.17309 16.12230
2448794.17313 17.27620
2448795.17318 17.75880
2448796.17322 18.31821
2448797.17327 17.96003
2448798.17331 13.13655
2448799.17336 19.13774
2448800.17341 13.65315
2448801.17345 14.86766
2448802.17350 15.47420
2448803.17354 14.23609
2448804.17359 14.79730
2448805.17363 15.65707
2448806.17368 11.91863
2448807.17372 11.10090
2448808.17377 12.77625
2448809.17382 10.81412
2448810.17386 10.80036
2448811.17391 10.65138
2448812.17395 9.54015
2448813.17400 8.89377
2448814.17404 9.30733
2448815.17409 8.79948
2448816.17414 8.71128
2448817.17418 9.78325
2448818.17423 8.35178
2448819.17427 7.44519
2448820.17432 8.45461
2448821.17436 7.98708
2448822.17441 9.53258
2448823.17445 10.08285
2448824.17450 8.77937
2448825.17455 8.92144
2448826.17459 9.58793
2448827.17464 9.84005
2448828.17468 9.61872
2448829.17473 10.34090
2448830.17477 10.29109
2448831.17482 10.28244
2448832.17487 12.16898
2449018.18335 20.51774
2449019.18340 21.13087
2449020.18344 19.36759
2449021.18349 17.44747
2449022.18354 19.93242
2449023.18358 18.08378
2449024.18363 19.44475
2449025.18367 22.34584
2449026.18372 21.81065
2449027.18376 22.94152
2449028.18381 19.09943
2449029.18386 20.81126
2449030.18390 23.34864
2449031.18395 19.94472
2449032.18399 20.11757
2449033.18404 19.10376
2449034.18408 16.70810
2449035.18413 18.56430
2449036.18417 13.45639
2449037.18422 16.60933
2449038.18427 17.20734
2449039.18431 15.53709
2449040.18436 15.67214
2449041.18440 14.38226
2449042.18445 15.39727
2449043.18449 13.11495
2449044.18454 9.25043
2449045.18459 11.31789
2449046.18463 11.66225
2449047.18468 11.84932
2449048.18472 8.67775
2449049.18477 9.90170
2449050.18481 8.89137
2449051.18486 8.67516
2449052.18490 8.09342
2449053.18495 7.59688
2449054.18500 7.96186
2449055.18504 7.77267
2449056.18509 6.28560
2449057.18513 7.23140
2449058.18518 5.62527
2449059.18522 5.56916
2449060.18527 4.79924
2449061.18532 5.73987
2449062.18536 5.12411
2449063.18541 5.80581
2449064.18545 4.76852
2449065.18550 5.75470
2449066.18554 4.32236
2449067.18559 5.45002
2449068.18563 6.50728
2449069.18568 6.62012
2449070.18573 6.79354
2449071.18577 6.14892
2449072.18582 6.17478
2449073.18586 6.41807
2449074.18591 7.41991
2449075.18595 9.37769
2449076.18600 9.09334
2449077.18605 8.38828
2449078.18609 8.85244
2449079.18614 8.29027
2449080.18618 8.66955
2449081.18623 11.21380
2449082.18627 10.71566
2449083.18632 12.27790
2449084.18636 12.23851
2449085.18641 12.26410
2449086.18646 13.10698
2449087.18650 15.38814
2449088.18655 15.37098
2449089.18659 15.28695
2449090.18664 16.20904
2449091.18668 17.69232
2449092.18673 17.53324
2449093.18678 20.28823
2449094.18682 13.16590
2449095.18687 17.43772
2449096.18691 17.83225
2449097.18696 17.25055
2449098.18700 16.79006
2449099.18705 17.34104
2449100.18710 18.94918
2449101.18714 20.72348
2449102.18719 20.75435
2449103.18723 17.96973
2449104.18728 18.47374
2449105.18732 21.39712
2449106.18737 17.41828
2449107.18741 13.58257
2449108.18746 13.79797
2449109.18751 18.68609
2449110.18755 17.57062
2449111.18760 20.28950
2449112.18764 14.54529
2449113.18769 16.36360
2449114.18773 17.92629
2449115.18778 17.74783
2449116.18783 16.79753
2449117.18787 15.98557
2449118.18792 16.01186
2449119.18796 13.59505
2449120.18801 14.96937
2449121.18805 13.21924
2449122.18810 11.69869
2449123.18814 11.87418
2449124.18819 11.30750
2449125.18824 9.67575
2449126.18828 8.38825
2449127.18833 9.03032
2449128.18837 6.96625
2449129.18842 8.00077
2449130.18846 7.80634
2449131.18851 7.20043
2449132.18856 7.38934
2449133.18860 5.60622
2449134.18865 4.99569
2449135.18869 5.71524
2449136.18874 5.27517
2449137.18878 4.44977
2449138.18883 4.58395
2449139.18887 2.65276
2449140.18892 3.10851
2449141.18897 3.64730
2449142.18901 3.23706
2449143.18906 3.24050
2449144.18910 2.80877
2449145.18915 2.68569
2449146.18919 2.88271
2449147.18924 2.69514
2449148.18929 2.51727
2449149.18933 2.72946
2449150.18938 2.92857
2449151.18942 2.99264
2449152.18947 3.43220
2449153.18951 3.80644
2449154.18956 4.03819
2449155.18960 4.94342
2449156.18965 4.56092
2449157.18970 5.58141
2449158.18974 6.21985
2449159.18979 5.58311
2449160.18983 6.86334
2449161.18988 6.42943
2449162.18992 7.28042
2449163.18997 9.17103
2449164.19002 9.00658
2449165.19006 9.35445
2449166.19011 8.75261
2449167.19015 10.22774
2449168.19020 11.65028
2449169.19024 11.49406
2449170.19029 11.36349
2449171.19033 12.64968
2449172.19038 10.80158
2449173.19043 13.65416
2449174.19047 12.59570
2449175.19052 14.29581
2449176.19056 14.64244
2449177.19061 13.36798
2449178.19065 17.50293
2449179.19070 16.14482
2449180.19075 14.26371
2449181.19079 14.70509
2449182.19084 14.27462
2449183.19088 16.71760
2449184.19093 16.24197
2449185.19097 16.33774
2449186.19102 18.22893
2449187.19107 14.10508
2449188.19111 15.44612
2449189.19116 16.65375
2449190.19120 12.93101
2449191.19125 15.71133
2449192.19129 14.57378
2449193.19134 14.22616
2449194.19138 13.97476
2449195.19143 11.69999
2449196.19148 13.82888
2449197.19152 10.10810
2449383.20001 -7.11742
2449384.20005 -7.77052
2449385.20010 -7.29065
2449386.20015 -6.97236
2449387.20019 -8.87334
2449388.20024 -7.42373
2449389.20028 -7.37391
2449390.20033 -8.77635
2449391.20037 -8.11085
2449392.20042 -8.19598
2449393.20047 -6.92653
2449394.20051 -7.23118
2449395.20056 -7.81499
2449396.20060 -6.57420
2449397.20065 -6.73172
2449398.20069 -5.60679
2449399.20074 -5.08863
2449400.20078 -6.06838
2449401.20083 -5.07212
2449402.20088 -4.27357
2449403.20092 -4.43140
2449404.20097 -3.50755
2449405.20101 -4.05729
2449406.20106 -2.89061
2449407.20110 -2.39619
2449408.20115 -1.61557
2449409.20120 -1.59579
2449410.20124 -0.78295
2449411.20129 -0.30638
2449412.20133 0.19355
2449413.20138 0.69831
2449414.20142 1.07385
2449415.20147 1.64485
2449416.20152 1.97951
2449417.20156 2.74263
2449418.20161 2.46353
2449419.20165 3.09373
2449420.20170 3.30710
2449421.20174 3.66468
2449422.20179 3.97626
2449423.20183 4.55587
2449424.20188 5.10412
2449425.20193 4.37425
2449426.20197 4.18136
2449427.20202 4.42067
2449428.20206 5.36786
2449429.20211 4.77956
2449430.20215 4.47552
2449431.20220 4.20536
2449432.20225 4.54206
2449433.20229 4.13533
2449434.20234 3.19143
2449435.20238 3.85334
2449436.20243 3.50257
2449437.20247 2.78430
2449438.20252 2.27641
2449439.20256 2.33393
2449440.20261 1.70213
2449441.20266 1.20404
2449442.20270 0.77073
2449443.20275 0.22186
2449444.20279 -0.25550
2449445.20284 -0.87662
2449446.20288 -1.54010
2449447.20293 -2.05489
2449448.20298 -2.81932
2449449.20302 -3.51570
2449450.20307 -3.17254
2449451.20311 -4.64534
2449452.20316 -5.39704
2449453.20320 -5.38338
2449454.20325 -6.54460
2449455.20329 -6.60316
2449456.20334 -8.64087
2449457.20339 -7.92612
2449458.20343 -7.73683
2449459.20348 -10.85913
2449460.20352 -9.54896
2449461.20357 -8.88716
2449462.20361 -9.29302
2449463.20366 -9.55491
2449464.20371 -11.08076
2449465.20375 -11.74631
2449466.20380 -11.13361
2449467.20384 -10.94213
2449468.20389 -12.72570
2449469.20393 -12.12993
2449470.20398 -11.96149
2449471.20402 -10.31661
2449472.20407 -9.92105
2449473.20412 -11.78072
2449474.20416 -11.05906
2449475.20421 -11.56745
2449476.20425 -11.74152
2449477.20430 -10.41771
2449478.20434 -9.02657
2449479.20439 -11.26406
2449480.20444 -9.53256
2449481.20448 -8.54774
2449482.20453 -7.53192
2449483.20457 -6.95630
2449484.20462 -9.13053
2449485.20466 -6.76767
2449486.20471 -6.66853
2449487.20475 -7.70293
2449488.20480 -6.43241
2449489.20485 -4.72235
2449490.20489 -5.61674
2449491.20494 -4.91962
2449492.20498 -3.70576
2449493.20503 -4.00388
2449494.20507 -2.96399
2449495.20512 -2.38835
2449496.20517 -1.82923
2449497.20521 -1.60433
2449498.20526 -1.09058
2449499.20530 -0.89784
2449500.20535 -0.58537
2449501.20539 -0.16023
2449502.20544 0.12063
2449503.20549 0.39897
2449504.20553 0.65333
2449505.20558 0.83389
2449506.20562 0.99876
2449507.20567 1.01361
2449508.20571 0.90505
2449509.20576 1.05882
2449510.20580 1.03861
2449511.20585 1.15201
2449512.20590 0.95867
2449513.20594 0.79608
2449514.20599 0.59901
2449515.20603 0.46227
2449516.20608 0.17004
2449517.20612 -0.13634
2449518.20617 -0.48797
2449519.20622 -0.95770
2449520.20626 -1.16967
2449521.20631 -1.70129
2449522.20635 -2.24199
2449523.20640 -2.72601
2449524.20644 -3.37915
2449525.20649 -3.66072
2449526.20653 -4.54206
2449527.20658 -4.93508
2449528.20663 -4.95436
2449529.20667 -6.29278
2449530.20672 -6.07969
2449531.20676 -7.63135
2449532.20681 -8.47919
2449533.20685 -8.10356
2449534.20690 -9.35085
2449535.20695 -8.80127
2449536.20699 -10.62641
2449537.20704 -10.94476
2449538.20708 -9.41226
2449539.20713 -10.54201
2449540.20717 -12.72158
2449541.20722 -11.85417
2449542.20726 -12.38936
2449543.20731 -13.15143
2449544.20736 -15.71984
2449545.20740 -13.41366
2449546.20745 -13.35481
2449547.20749 -14.77485
2449548.20754 -14.72626
2449549.20758 -12.31409
2449550.20763 -12.41905
2449551.20768 -14.08748
2449552.20772 -15.59170
2449553.20777 -13.79450
2449554.20781 -18.05395
2449555.20786 -15.50386
2449556.20790 -17.70874
2449557.20795 -14.57064
2449558.20799 -14.46050
2449559.20804 -13.15125
2449560.20809 -13.86619
2449561.20813 -13.70084
2449562.20818 -13.95773
2449749.21671 -7.02742
2449750.21676 -6.61769
2449751.21680 -6.65736
2449752.21685 -6.95318
2449753.21689 -5.97319
2449754.21694 -6.78321
2449755.21698 -6.17981
2449756.21703 -6.55223
2449757.21708 -8.59319
2449758.21712 -8.33842
2449759.21717 -7.60837
2449760.21721 -7.68547
2449761.21726 -7.94825
2449762.21730 -7.56763
2449763.21735 -9.70877
2449764.21740 -9.36101
2449765.21744 -10.00387
2449766.21749 -10.47346
2449767.21753 -10.97005
2449768.21758 -9.68184
2449769.21762 -12.93020
2449770.21767 -10.85517
2449771.21771 -12.95749
2449772.21776 -12.32843
2449773.21781 -15.30710
2449774.21785 -12.87966
2449775.21790 -14.87814
2449776.21794 -14.47766
2449777.21799 -14.06049
2449778.21803 -17.60491
2449779.21808 -15.67511
2449780.21813 -19.74429
2449781.21817 -18.08821
2449782.21822 -17.93065
2449783.21826 -19.30898
2449784.21831 -20.02839
2449785.21835 -18.04436
2449786.21840 -16.65054
2449787.21844 -28.47571
2449788.21849 -18.81520
2449789.21854 -22.67103
2449790.21858 -22.37170
2449791.21863 -17.48890
2449792.21867 -22.06743
2449793.21872 -18.56268
2449794.21876 -23.11730
2449795.21881 -24.89368
2449796.21886 -19.96246
2449797.21890 -20.18996
2449798.21895 -20.41805
2449799.21899 -22.38107
2449800.21904 -21.54397
2449801.21908 -21.71135
2449802.21913 -19.86452
2449803.21917 -17.15286
2449804.21922 -20.77046
2449805.21927 -17.03717
2449806.21931 -18.76466
2449807.21936 -16.61054
2449808.21940 -19.85190
2449809.21945 -18.70248
2449810.21949 -18.07314
2449811.21954 -15.05389
2449812.21959 -17.19604
2449813.21963 -17.14004
2449814.21968 -16.20755
2449815.21972 -13.34113
2449816.21977 -13.21730
2449817.21981 -12.84345
2449818.21986 -15.12860
2449819.21991 -11.51936
2449820.21995 -11.05992
2449821.22000 -12.05953
2449822.22004 -12.21676
2449823.22009 -10.97496
2449824.22013 -10.03782
2449825.22018 -9.34498
2449826.22022 -9.23704
2449827.22027 -9.09708
2449828.22032 -7.80230
2449829.22036 -8.34697
2449830.22041 -9.56352
2449831.22045 -7.53889
2449832.22050 -6.83166
2449833.22054 -7.68193
2449834.22059 -8.11153
2449835.22064 -8.87053
2449836.22068 -8.41437
2449837.22073 -7.20996
2449838.22077 -8.97209
2449839.22082 -7.28430
2449840.22086 -8.69108
2449841.22091 -9.83996
2449842.22095 -9.39685
2449843.22100 -9.97061
2449844.22105 -9.15751
2449845.22109 -11.03131
2449846.22114 -9.81955
2449847.22118 -8.50103
2449848.22123 -10.87531
2449849.22127 -10.31426
2449850.22132 -12.35781
2449851.22137 -13.69032
2449852.22141 -13.27725
2449853.22146 -16.10022
2449854.22150 -15.55022
2449855.22155 -15.19970
2449856.22159 -14.84413
2449857.22164 -16.79094
2449858.22168 -16.97895
2449859.22173 -15.25708
2449860.22178 -16.71432
2449861.22182 -19.61915
2449862.22187 -17.98568
2449863.22191 -20.53714
2449864.22196 -20.52091
2449865.22200 -21.38195
2449866.22205 -21.36281
2449867.22210 -24.09678
2449868.22214 -20.34606
2449869.22219 -19.99679
2449870.22223 -22.52962
2449871.22228 -23.19414
2449872.22232 -22.90083
2449873.22237 -24.65438
2449874.22241 -25.31204
2449875.22246 -24.34621
2449876.22251 -24.66749
2449877.22255 -22.50101
2449878.22260 -21.05104
2449879.22264 -22.33494
2449880.22269 -24.18074
2449881.22273 -22.20842
2449882.22278 -21.16161
2449883.22283 -21.77936
2449884.22287 -20.84495
2449885.22292 -21.45855
2449886.22296 -19.59162
2449887.22301 -17.79363
2449888.22305 -16.88364
2449889.22310 -19.19367
2449890.22315 -20.59196
2449891.22319 -15.08278
2449892.22324 -16.63277
2449893.22328 -17.99677
2449894.22333 -17.38658
2449895.22337 -15.51399
2449896.22342 -16.26937
2449897.22346 -14.33371
2449898.22351 -14.45888
2449899.22356 -13.76595
2449900.22360 -13.63781
2449901.22365 -11.38891
2449902.22369 -12.70642
2449903.22374 -11.93450
2449904.22378 -12.24278
2449905.22383 -10.68831
2449906.22388 -12.22133
2449907.22392 -9.83133
2449908.22397 -7.44780
2449909.22401 -8.64456
2449910.22406 -9.65883
2449911.22410 -9.51011
2449912.22415 -8.18782
2449913.22419 -9.57420
2449914.22424 -6.52431
2449915.22429 -7.70098
2449916.22433 -9.16388
2449917.22438 -9.36660
2449918.22442 -7.51568
2449919.22447 -7.15214
2449920.22451 -8.89518
2449921.22456 -8.63655
2449922.22461 -8.16720
2449923.22465 -11.07109
2449924.22470 -10.56275
2449925.22474 -10.29888
2449926.22479 -10.17823
2449927.22483 -10.90332
2449928.22488 -9.21261
2450114.23337 -20.42838
2450115.23341 -21.31858
2450116.23346 -17.64428
2450117.23350 -18.62103
2450118.23355 -17.66638
2450119.23359 -20.72723
2450120.23364 -18.77195
2450121.23369 -18.00920
2450122.23373 -16.64529
2450123.23378 -19.09743
2450124.23382 -21.58433
2450125.23387 -18.48867
2450126.23391 -17.47365
2450127.23396 -16.25701
2450128.23401 -18.78678
2450129.23405 -18.42292
2450130.23410 -15.27427
2450131.23414 -15.72920
2450132.23419 -14.64208
2450133.23423 -14.91072
2450134.23428 -16.74995
2450135.23433 -12.65177
2450136.23437 -14.85200
2450137.23442 -13.45409
2450138.23446 -14.08323
2450139.23451 -12.38882
2450140.23455 -11.54573
2450141.23460 -10.11562
2450142.23464 -13.59896
2450143.23469 -10.05821
2450144.23474 -9.09889
2450145.23478 -8.15736
2450146.23483 -8.39802
2450147.23487 -7.38977
2450148.23492 -8.04035
2450149.23496 -6.29485
2450150.23501 -5.58540
2450151.23506 -5.72947
2450152.23510 -4.80938
2450153.23515 -4.28037
2450154.23519 -3.94728
2450155.23524 -4.46860
2450156.23528 -4.39567
2450157.23533 -3.68849
2450158.23537 -3.93911
2450159.23542 -3.37303
2450160.23547 -4.45274
2450161.23551 -3.71918
2450162.23556 -3.65381
2450163.23560 -4.23065
2450164.23565 -4.49321
2450165.23569 -4.71643
2450166.23574 -4.53415
2450167.23579 -4.93929
2450168.23583 -5.83960
2450169.23588 -6.57063
2450170.23592 -6.17189
2450171.23597 -6.57257
2450172.23601 -6.35965
2450173.23606 -7.50263
2450174.23610 -6.73496
2450175.23615 -8.85744
2450176.23620 -8.55126
2450177.23624 -7.93907
2450178.23629 -10.74943
2450179.23633 -8.68084
2450180.23638 -9.86628
2450181.23642 -9.36439
2450182.23647 -10.73634
2450183.23652 -11.13762
2450184.23656 -12.19462
2450185.23661 -14.93590
2450186.23665 -15.69348
2450187.23670 -15.28719
2450188.23674 -15.50816
2450189.23679 -15.12706
2450190.23683 -16.32395
2450191.23688 -13.62940
2450192.23693 -16.55979
2450193.23697 -16.85740
2450194.23702 -15.31495
2450195.23706 -16.48021
2450196.23711 -15.23339
2450197.23715 -15.23923
2450198.23720 -17.63220
2450199.23725 -13.72148
2450200.23729 -16.57407
2450201.23734 -16.10848
2450202.23738 -17.13834
2450203.23743 -15.85333
2450204.23747 -18.55114
2450205.23752 -14.33269
2450206.23757 -17.17258
2450207.23761 -15.50502
2450208.23766 -16.33162
2450209.23770 -12.86787
2450210.23775 -15.18758
2450211.23779 -13.92541
2450212.23784 -13.63418
2450213.23788 -12.13093
2450214.23793 -13.25571
2450215.23798 -11.38394
2450216.23802 -11.79403
2450217.23807 -10.29966
2450218.23811 -10.89093
2450219.23816 -9.80515
2450220.23820 -9.32830
2450221.23825 -8.31511
2450222.23830 -8.80019
2450223.23834 -7.11521
2450224.23839 -8.22717
2450225.23843 -7.06382
2450226.23848 -6.05602
2450227.23852 -5.74306
2450228.23857 -4.66552
2450229.23861 -3.46630
2450230.23866 -3.76747
2450231.23871 -3.36506
2450232.23875 -3.39301
2450233.23880 -2.53380
2450234.23884 -2.77394
2450235.23889 -2.22088
2450236.23893 -2.05718
2450237.23898 -2.01614
2450238.23903 -1.34822
2450239.23907 -1.47924
2450240.23912 -1.41711
2450241.23916 -1.52961
2450242.23921 -1.43780
2450243.23925 -1.24434
2450244.23930 -1.47930
2450245.23934 -1.32469
2450246.23939 -1.89541
2450247.23944 -1.26088
2450248.23948 -2.31119
2450249.23953 -2.31627
2450250.23957 -3.27515
2450251.23962 -3.20599
2450252.23966 -3.29031
2450253.23971 -3.35961
2450254.23976 -4.57676
2450255.23980 -4.14985
2450256.23985 -4.73639
2450257.23989 -5.51955
2450258.23994 -6.62383
2450259.23998 -7.41855
2450260.24003 -5.83358
2450261.24007 -7.35029
2450262.24012 -8.14630
2450263.24017 -7.68376
2450264.24021 -8.23128
2450265.24026 -10.15385
2450266.24030 -11.16708
2450267.24035 -10.00197
2450268.24039 -11.69451
2450269.24044 -8.98375
2450270.24049 -13.19530
2450271.24053 -10.81751
2450272.24058 -10.05139
2450273.24062 -11.93062
2450274.24067 -14.92146
2450275.24071 -16.14535
2450276.24076 -13.78116
2450277.24080 -11.81979
2450278.24085 -12.18275
2450279.24090 -12.99334
2450280.24094 -12.17793
2450281.24099 -14.04212
2450282.24103 -15.49727
2450283.24108 -11.79572
2450284.24112 -12.96225
2450285.24117 -13.89918
2450286.24122 -11.60339
2450287.24126 -11.55654
2450288.24131 -11.96659
2450289.24135 -10.89574
2450290.24140 -9.94930
2450291.24144 -9.38140
2450292.24149 -9.49910
2450293.24154 -9.16619
2450479.25002 7.40559
2450480.25007 8.06979
2450481.25011 9.07805
2450482.25016 9.03771
2450483.25021 10.07650
2450484.25025 9.04544
2450485.25030 8.91743
2450486.25034 8.45400
2450487.25039 9.21443
2450488.25043 8.85303
2450489.25048 9.21543
2450490.25052 9.29937
2450491.25057 8.69889
2450492.25062 7.43640
2450493.25066 7.99933
2450494.25071 7.06741
2450495.25075 7.71996
2450496.25080 7.20009
2450497.25084 6.52434
2450498.25089 4.43509
2450499.25094 5.96392
2450500.25098 5.34155
2450501.25103 5.10994
2450502.25107 4.37483
2450503.25112 3.51675
2450504.25116 2.91657
2450505.25121 3.00225
2450506.25125 2.38249
2450507.25130 1.81047
2450508.25135 1.26351
2450509.25139 0.62544
2450510.25144 0.27182
2450511.25148 -0.12675
2450512.25153 -0.64008
2450513.25157 -0.94595
2450514.25162 -1.53342
2450515.25167 -1.96464
2450516.25171 -1.75533
2450517.25176 -2.21909
2450518.25180 -2.33833
2450519.25185 -2.57545
2450520.25189 -2.58865
2450521.25194 -2.71772
2450522.25199 -3.06535
2450523.25203 -2.62176
2450524.25208 -2.92754
2450525.25212 -3.19211
2450526.25217 -2.80020
2450527.25221 -2.38927
2450528.25226 -2.28561
2450529.25230 -2.88846
2450530.25235 -2.08242
2450531.25240 -1.82182
2450532.25244 -1.29020
2450533.25249 -1.34218
2450534.25253 -0.94010
2450535.25258 -0.56871
2450536.25262 -0.08735
2450537.25267 0.37907
2450538.25272 0.83704
2450539.25276 1.30053
2450540.25281 1.55326
2450541.25285 2.51974
2450542.25290 2.80986
2450543.25294 3.56494
2450544.25299 3.87140
2450545.25303 5.52058
2450546.25308 4.05596
2450547.25313 6.62389
2450548.25317 6.30925
2450549.25322 7.00008
2450550.25326 6.50954
2450551.25331 7.10096
2450552.25335 7.72558
2450553.25340 9.99665
2450554.25345 9.52372
2450555.25349 10.73875
2450556.25354 9.81008
2450557.25358 9.40408
2450558.25363 12.65366
2450559.25367 12.42608
2450560.25372 11.77179
2450561.25376 12.18853
2450562.25381 13.27446
2450563.25386 10.07831
2450564.25390 11.91248
2450565.25395 12.74335
2450566.25399 13.22292
2450567.25404 11.68364
2450568.25408 11.49539
2450569.25413 10.37457
2450570.25418 11.42366
2450571.25422 12.47302
2450572.25427 10.66847
2450573.25431 11.35940
2450574.25436 12.25296
2450575.25440 12.05642
2450576.25445 11.22808
2450577.25449 9.30611
2450578.25454 10.27184
2450579.25459 10.35355
2450580.25463 9.30515
2450581.25468 7.65755
2450582.25472 8.65511
2450583.25477 8.61366
2450584.25481 8.05307
2450585.25486 7.12539
2450586.25491 5.20166
2450587.25495 5.03266
2450588.25500 5.41661
2450589.25504 4.37033
2450590.25509 4.40525
2450591.25513 3.31290
2450592.25518 2.91967
2450593.25522 2.47040
2450594.25527 1.96764
2450595.25532 2.12321
2450596.25536 1.82920
2450597.25541 1.33482
2450598.25545 1.23550
2450599.25550 1.06910
2450600.25554 0.76518
2450601.25559 0.51832
2450602.25564 0.38174
2450603.25568 0.34815
2450604.25573 0.24396
2450605.25577 0.24491
2450606.25582 0.23580
2450607.25586 0.35768
2450608.25591 0.45794
2450609.25596 0.60503
2450610.25600 0.61187
2450611.25605 1.24664
2450612.25609 1.37103
2450613.25614 1.54484
2450614.25618 1.98254
2450615.25623 2.16891
2450616.25627 2.54586
2450617.25632 3.17202
2450618.25637 3.62147
2450619.25641 3.95380
2450620.25646 4.66211
2450621.25650 4.97985
2450622.25655 4.91742
2450623.25659 5.21129
2450624.25664 6.96679
2450625.25669 6.61008
2450626.25673 7.46684
2450627.25678 7.61299
2450628.25682 8.81680
2450629.25687 10.48692
2450630.25691 9.20554
2450631.25696 10.29699
2450632.25700 12.05080
2450633.25705 12.31387
2450634.25710 14.62550
2450635.25714 13.65404
2450636.25719 12.34373
2450637.25723 12.11964
2450638.25728 13.45720
2450639.25732 15.43959
2450640.25737 14.55591
2450641.25742 15.64071
2450642.25746 13.54695
2450643.25751 17.16811
2450644.25755 15.89801
2450645.25760 14.91605
2450646.25764 17.01349
2450647.25769 15.21084
2450648.25773 16.18245
2450649.25778 16.93572
2450650.25783 15.19526
2450651.25787 17.44023
2450652.25792 12.74578
2450653.25796 13.37375
2450654.25801 14.81805
2450655.25805 12.89415
2450656.25810 14.77998
2450657.25815 13.56558
2450658.25819 11.65134
2450844.26668 7.71499
2450845.26672 7.85354
2450846.26677 8.52710
2450847.26682 5.68135
2450848.26686 7.83779
2450849.26691 6.62730
2450850.26695 8.20262
2450851.26700 7.71860
2450852.26704 8.79278
2450853.26709 7.24758
2450854.26714 8.50053
2450855.26718 7.74758
2450856.26723 8.58715
2450857.26727 8.16398
2450858.26732 8.42813
2450859.26736 8.90435
2450860.26741 10.00231
2450861.26745 10.72261
2450862.26750 11.19826
2450863.26755 11.87736
2450864.26759 11.47852
2450865.26764 11.93998
2450866.26768 11.29534
2450867.26773 12.84576
2450868.26777 12.47212
2450869.26782 15.08784
2450870.26787 12.40292
2450871.26791 14.04261
2450872.26796 14.90219
2450873.26800 15.02488
2450874.26805 18.52987
2450875.26809 19.01023
2450876.26814 17.54918
2450877.26818 17.20471
2450878.26823 19.95231
2450879.26828 18.59268
2450880.26832 19.35922
2450881.26837 21.47103
2450882.26841 19.94799
2450883.26846 22.09638
2450884.26850 19.78135
2450885.26855 18.70069
2450886.26860 19.53357
2450887.26864 22.70858
2450888.26869 25.83559
2450889.26873 16.93673
2450890.26878 19.94269
2450891.26882 20.98151
2450892.26887 21.63794
2450893.26891 20.66425
2450894.26896 25.17444
2450895.26901 18.58641
2450896.26905 20.24177
2450897.26910 18.84880
2450898.26914 20.12882
2450899.26919 14.41751
2450900.26923 22.01156
2450901.26928 19.32532
2450902.26933 18.08864
2450903.26937 18.78903
2450904.26942 18.97864
2450905.26946 18.97268
2450906.26951 16.27894
2450907.26955 15.91370
2450908.26960 12.84462
2450909.26964 12.05181
2450910.26969 16.68395
2450911.26974 13.93283
2450912.26978 12.18543
2450913.26983 13.59772
2450914.26987 12.32455
2450915.26992 12.85337
2450916.26996 11.30398
2450917.27001 12.05162
2450918.27006 9.98092
2450919.27010 10.07566
2450920.27015 10.28410
2450921.27019 9.71537
2450922.27024 9.65789
2450923.27028 8.39463
2450924.27033 8.02254
2450925.27038 8.70596
2450926.27042 8.23434
2450927.27047 7.78388
2450928.27051 8.18760
2450929.27056 7.48046
2450930.27060 6.94098
2450931.27065 6.43919
2450932.27069 8.06597
2450933.27074 8.12359
2450934.27079 7.98552
2450935.27083 7.60535
2450936.27088 9.79634
2450937.27092 9.05436
2450938.27097 9.43098
2450939.27101 8.08821
2450940.27106 9.23037
2450941.27111 10.98629
2450942.27115 10.20920
2450943.27120 10.09594
2450944.27124 9.60733
2450945.27129 12.54743
2450946.27133 12.21351
2450947.27138 13.34549
2450948.27142 13.69993
2450949.27147 13.89006
2450950.27152 16.89429
2450951.27156 13.08623
2450952.27161 15.50145
2450953.27165 16.72794
2450954.27170 15.86385
2450955.27174 19.26368
2450956.27179 16.44810
2450957.27184 17.47977
2450958.27188 16.22042
2450959.27193 15.93341
2450960.27197 18.98288
2450961.27202 19.24110
2450962.27206 19.78224
2450963.27211 19.12465
2450964.27215 21.84666
2450965.27220 21.92535
2450966.27225 23.10037
2450967.27229 23.01905
2450968.27234 21.63922
2450969.27238 19.80920
2450970.27243 20.01968
2450971.27247 21.99619
2450972.27252 20.53090
2450973.27257 18.94583
2450974.27261 20.81281
2450975.27266 23.08296
2450976.27270 19.35174
2450977.27275 21.01967
2450978.27279 21.58994
2450979.27284 19.71233
2450980.27288 18.69390
2450981.27293 21.71624
2450982.27298 18.52817
2450983.27302 18.75921
2450984.27307 17.94472
2450985.27311 19.54415
2450986.27316 17.74307
2450987.27320 19.02989
2450988.27325 15.67133
2450989.27330 14.87930
2450990.27334 17.80658
2450991.27339 14.04732
2450992.27343 13.57523
2450993.27348 13.85677
2450994.27352 13.69138
2450995.27357 11.71381
2450996.27362 14.13796
2450997.27366 11.56411
2450998.27371 11.76340
2450999.27375 10.58625
2451000.27380 10.57655
2451001.27384 11.54252
2451002.27389 8.38664
2451003.27393 9.13764
2451004.27398 6.56248
2451005.27403 8.50076
2451006.27407 7.64482
2451007.27412 7.65545
2451008.27416 8.16036
2451009.27421 6.85415
2451010.27425 7.95318
2451011.27430 8.05520
2451012.27435 7.53232
2451013.27439 7.07041
2451014.27444 8.18643
2451015.27448 8.76463
2451016.27453 8.06698
2451017.27457 8.14642
2451018.27462 8.69673
2451019.27466 8.95375
2451020.27471 9.61372
2451021.27476 7.92226
2451022.27480 9.63281
2451023.27485 10.26732
2451209.28333 14.39154
2451210.28338 14.60376
2451211.28343 14.90972
2451212.28347 21.61469
2451213.28352 17.28101
2451214.28356 16.24789
2451215.28361 17.28431
2451216.28365 17.91448
2451217.28370 19.12168
2451218.28375 19.42796
2451219.28379 16.97805
2451220.28384 17.15963
2451221.28388 17.03941
2451222.28393 14.23147
2451223.28397 16.85045
2451224.28402 15.18198
2451225.28406 12.87356
2451226.28411 17.82351
2451227.28416 15.15718
2451228.28420 15.10517
2451229.28425 12.65099
2451230.28429 10.92035
2451231.28434 12.09788
2451232.28438 10.51570
2451233.28443 9.75566
2451234.28448 9.24936
2451235.28452 10.21872
2451236.28457 10.48684
2451237.28461 9.43283
2451238.28466 8.28204
2451239.28470 8.65553
2451240.28475 6.68133
2451241.28480 7.38537
2451242.28484 6.67196
2451243.28489 6.48542
2451244.28493 5.45408
2451245.28498 5.19262
2451246.28502 3.97911
2451247.28507 4.66068
2451248.28511 4.62768
2451249.28516 3.54957
2451250.28521 3.46412
2451251.28525 3.28190
2451252.28530 2.52933
2451253.28534 2.77816
2451254.28539 2.53047
2451255.28543 3.29787
2451256.28548 2.34642
2451257.28553 2.28561
2451258.28557 3.33374
2451259.28562 2.67264
2451260.28566 3.57345
2451261.28571 3.78727
2451262.28575 3.57245
2451263.28580 3.85401
2451264.28584 4.24516
2451265.28589 4.55805
2451266.28594 4.56816
2451267.28598 4.82079
2451268.28603 6.24696
2451269.28607 5.14013
2451270.28612 5.28693
2451271.28616 6.46267
2451272.28621 7.39940
2451273.28626 7.80513
2451274.28630 7.47630
2451275.28635 7.70095
2451276.28639 10.39699
2451277.28644 9.54515
2451278.28648 10.82122
2451279.28653 10.13836
2451280.28657 9.68220
2451281.28662 11.34750
2451282.28667 12.19389
2451283.28671 12.63375
2451284.28676 12.16367
2451285.28680 13.55456
2451286.28685 12.85374
2451287.28689 14.52317
2451288.28694 15.47398
2451289.28699 15.52852
2451290.28703 13.29572
2451291.28708 13.88785
2451292.28712 13.73920
2451293.28717 15.30459
2451294.28721 15.84494
2451295.28726 15.38850
2451296.28730 15.33137
2451297.28735 13.79388
2451298.28740 10.22542
2451299.28744 17.35127
2451300.28749 14.23554
2451301.28753 14.89233
2451302.28758 12.89730
2451303.28762 11.79609
2451304.28767 14.93263
2451305.28772 13.37490
2451306.28776 11.17528
2451307.28781 10.89920
2451308.28785 11.40519
2451309.28790 10.99065
2451310.28794 9.54139
2451311.28799 11.49496
2451312.28804 11.04214
2451313.28808 8.30679
2451314.28813 9.53605
2451315.28817 7.59200
2451316.28822 6.56754
2451317.28826 7.01640
2451318.28831 6.23462
2451319.28835 5.64006
2451320.28840 5.08701
2451321.28845 4.55697
2451322.28849 3.91720
2451323.28854 4.09911
2451324.28858 3.83398
2451325.28863 3.32448
2451326.28867 2.46152
2451327.28872 2.02134
2451328.28877 1.68988
2451329.28881 1.43861
2451330.28886 1.19698
2451331.28890 0.72962
2451332.28895 0.53965
2451333.28899 0.39419
2451334.28904 0.21583
2451335.28908 0.12452
2451336.28913 0.03163
2451337.28918 0.00102
2451338.28922 0.00911
2451339.28927 0.05467
2451340.28931 0.13999
2451341.28936 0.22630
2451342.28940 0.37874
2451343.28945 0.59639
2451344.28950 0.91162
2451345.28954 1.16428
2451346.28959 1.40605
2451347.28963 1.65385
2451348.28968 2.09583
2451349.28972 2.56292
2451350.28977 2.55612
2451351.28981 2.97555
2451352.28986 3.38738
2451353.28991 3.79122
2451354.28995 5.36270
2451355.29000 4.85147
2451356.29004 5.56064
2451357.29009 6.75247
2451358.29013 6.80507
2451359.29018 5.82013
2451360.29023 6.83636
2451361.29027 7.63555
2451362.29032 8.68477
2451363.29036 8.66406
2451364.29041 9.29972
2451365.29045 10.78776
2451366.29050 9.76235
2451367.29054 9.37816
2451368.29059 12.50345
2451369.29064 9.08495
2451370.29068 12.07923
2451371.29073 10.69253
2451372.29077 13.30552
2451373.29082 11.83076
2451374.29086 12.64251
2451375.29091 12.23299
2451376.29096 10.95759
2451377.29100 10.68833
2451378.29105 12.25003
2451379.29109 10.32818
2451380.29114 10.27565
2451381.29118 11.58425
2451382.29123 9.67195
2451383.29127 11.07439
2451384.29132 10.76489
2451385.29137 10.23450
2451386.29141 9.01142
2451387.29146 9.61367
2451388.29150 8.58891
2451575.30004 -9.56901
2451576.30008 -9.17307
2451577.30013 -11.50273
2451578.30017 -9.32865
2451579.30022 -10.46603
2451580.30026 -9.96418
2451581.30031 -8.38011
2451582.30036 -10.55001
2451583.30040 -10.36902
2451584.30045 -10.78712
2451585.30049 -9.16772
2451586.30054 -8.86438
2451587.30058 -7.62371
2451588.30063 -8.58741
2451589.30068 -8.59993
2451590.30072 -9.05374
2451591.30077 -7.92935
2451592.30081 -7.88857
2451593.30086 -7.59926
2451594.30090 -7.17680
2451595.30095 -5.99627
2451596.30099 -5.79115
2451597.30104 -5.13273
2451598.30109 -5.20546
2451599.30113 -4.72973
2451600.30118 -4.24878
2451601.30122 -3.53114
2451602.30127 -3.60683
2451603.30131 -3.00015
2451604.30136 -2.41307
2451605.30141 -2.05901
2451606.30145 -1.83860
2451607.30150 -1.27236
2451608.30154 -0.76850
2451609.30159 -0.36658
2451610.30163 -0.07466
2451611.30168 0.27033
2451612.30172 0.57583
2451613.30177 0.74717
2451614.30182 1.08069
2451615.30186 1.30091
2451616.30191 1.43667
2451617.30195 1.10749
2451618.30200 1.67127
2451619.30204 1.55717
2451620.30209 1.66035
2451621.30214 1.34465
2451622.30218 1.37651
2451623.30223 1.38941
2451624.30227 1.11420
2451625.30232 1.09902
2451626.30236 0.70418
2451627.30241 0.43846
2451628.30246 0.16339
2451629.30250 -0.17962
2451630.30255 -0.48100
2451631.30259 -1.03490
2451632.30264 -1.48571
2451633.30268 -1.76058
2451634.30273 -2.57042
2451635.30277 -2.57611
2451636.30282 -3.32498
2451637.30287 -3.26853
2451638.30291 -4.31236
2451639.30296 -4.72133
2451640.30300 -5.16094
2451641.30305 -6.00929
2451642.30309 -6.79181
2451643.30314 -8.82251
2451644.30319 -7.83662
2451645.30323 -7.56649
2451646.30328 -8.73747
2451647.30332 -8.31575
2451648.30337 -10.49161
2451649.30341 -11.47326
2451650.30346 -11.02288
2451651.30350 -10.97458
2451652.30355 -8.48522
2451653.30360 -10.45106
2451654.30364 -11.91618
2451655.30369 -13.60667
2451656.30373 -14.22906
2451657.30378 -13.23743
2451658.30382 -13.45909
2451659.30387 -14.64339
2451660.30392 -11.06589
2451661.30396 -12.83420
2451662.30401 -11.98228
2451663.30405 -11.27522
2451664.30410 -14.64127
2451665.30414 -12.39601
2451666.30419 -12.06937
2451667.30423 -12.42750
2451668.30428 -13.81548
2451669.30433 -11.16161
2451670.30437 -11.35071
2451671.30442 -9.92948
2451672.30446 -11.93974
2451673.30451 -11.60846
2451674.30455 -11.70067
2451675.30460 -11.08804
2451676.30465 -10.82048
2451677.30469 -9.55071
2451678.30474 -8.40979
2451679.30478 -8.81296
2451680.30483 -7.48998
2451681.30487 -7.48753
2451682.30492 -8.25857
2451683.30496 -8.15902
2451684.30501 -5.65111
2451685.30506 -5.54046
2451686.30510 -3.96729
2451687.30515 -5.20752
2451688.30519 -4.57174
2451689.30524 -4.16408
2451690.30528 -3.77788
2451691.30533 -3.62210
2451692.30538 -2.75445
2451693.30542 -2.59234
2451694.30547 -2.53690
2451695.30551 -1.87025
2451696.30556 -2.05688
2451697.30560 -1.68945
2451698.30565 -1.66033
2451699.30569 -1.66040
2451700.30574 -1.42779
2451701.30579 -1.19928
2451702.30583 -1.49349
2451703.30588 -1.63324
2451704.30592 -1.31930
2451705.30597 -1.72881
2451706.30601 -2.04597
2451707.30606 -2.16328
2451708.30611 -2.30558
2451709.30615 -2.93136
2451710.30620 -3.59068
2451711.30624 -2.86034
2451712.30629 -3.94290
2451713.30633 -3.50331
2451714.30638 -4.58135
2451715.30643 -4.37641
2451716.30647 -5.76114
2451717.30652 -6.76626
2451718.30656 -6.18377
2451719.30661 -7.63656
2451720.30665 -7.32545
2451721.30670 -7.03073
2451722.30674 -7.45173
2451723.30679 -10.83509
2451724.30684 -7.85266
2451725.30688 -10.64242
2451726.30693 -10.77560
2451727.30697 -7.76161
2451728.30702 -11.88005
2451729.30706 -12.95335
2451730.30711 -13.54108
2451731.30716 -12.76527
2451732.30720 -14.18797
2451733.30725 -13.84220
2451734.30729 -18.67790
2451735.30734 -14.69495
2451736.30738 -15.24223
2451737.30743 -13.43634
2451738.30747 -13.93722
2451739.30752 -16.56701
2451740.30757 -14.73684
2451741.30761 -13.77805
2451742.30766 -17.87926
2451743.30770 -19.46452
2451744.30775 -17.65964
2451745.30779 -16.32355
2451746.30784 -13.65469
2451747.30789 -15.81547
2451748.30793 -18.31569
2451749.30798 -14.63491
2451750.30802 -16.91026
2451751.30807 -14.94118
2451752.30811 -13.68561
2451753.30816 -13.69685
2451754.30820 -13.92710
2451940.31669 -7.96851
2451941.31674 -8.33603
2451942.31678 -8.26940
2451943.31683 -6.33925
2451944.31688 -7.93875
2451945.31692 -6.56222
2451946.31697 -7.50427
2451947.31701 -6.63593
2451948.31706 -8.15554
2451949.31710 -7.19995
2451950.31715 -7.78908
2451951.31719 -8.26725
2451952.31724 -8.75995
2451953.31729 -9.27249
2451954.31733 -9.37080
2451955.31738 -8.27762
2451956.31742 -8.01852
2451957.31747 -9.77888
2451958.31751 -10.43675
2451959.31756 -11.99663
2451960.31761 -10.95411
2451961.31765 -15.93445
2451962.31770 -12.69672
2451963.31774 -12.29133
2451964.31779 -10.77669
2451965.31783 -13.31350
2451966.31788 -13.98493
2451967.31792 -15.14314
2451968.31797 -14.52858
2451969.31802 -16.74996
2451970.31806 -17.79306
2451971.31811 -18.12147
2451972.31815 -15.70499
2451973.31820 -21.39243
2451974.31824 -15.44191
2451975.31829 -18.34567
2451976.31834 -15.91330
2451977.31838 -19.06326
2451978.31843 -20.73041
2451979.31847 -19.91322
2451980.31852 -19.14630
2451981.31856 -19.47033
2451982.31861 -20.08847
2451983.31865 -22.30342
2451984.31870 -19.49653
2451985.31875 -18.89649
2451986.31879 -20.86098
2451987.31884 -23.80775
2451988.31888 -19.99233
2451989.31893 -21.31816
2451990.31897 -23.69165
2451991.31902 -21.07389
2451992.31907 -24.98134
2451993.31911 -19.19741
2451994.31916 -21.70491
2451995.31920 -19.33032
2451996.31925 -18.44117
2451997.31929 -20.82556
2451998.31934 -19.28742
2451999.31938 -16.95825
2452000.31943 -15.89244
2452001.31948 -14.21670
2452002.31952 -15.15306
2452003.31957 -16.55039
2452004.31961 -15.05978
2452005.31966 -11.54478
2452006.31970 -15.75910
2452007.31975 -13.54444
2452008.31980 -14.02433
2452009.31984 -15.83427
2452010.31989 -11.57371
2452011.31993 -12.64503
2452012.31998 -10.96333
2452013.32002 -11.59268
2452014.32007 -10.95875
2452015.32011 -9.51439
2452016.32016 -8.94235
2452017.32021 -10.01317
2452018.32025 -7.93002
2452019.32030 -10.44345
2452020.32034 -7.62549
2452021.32039 -6.47737
2452022.32043 -7.53070
2452023.32048 -8.89371
2452024.32053 -7.42255
2452025.32057 -6.71937
2452026.32062 -6.62151
2452027.32066 -8.71253
2452028.32071 -7.66880
2452029.32075 -8.35871
2452030.32080 -6.98030
2452031.32085 -8.79434
2452032.32089 -9.02749
2452033.32094 -7.89948
2452034.32098 -10.26938
2452035.32103 -8.56887
2452036.32107 -8.88321
2452037.32112 -8.57971
2452038.32116 -12.33455
2452039.32121 -10.17300
2452040.32126 -12.40039
2452041.32130 -11.65351
2452042.32135 -14.22534
2452043.32139 -12.19764
2452044.32144 -13.58754
2452045.32148 -14.32114
2452046.32153 -14.88971
2452047.32158 -15.21498
2452048.32162 -12.39948
2452049.32167 -13.68208
2452050.32171 -12.89446
2452051.32176 -16.23694
2452052.32180 -14.33476
2452053.32185 -18.16832
2452054.32189 -20.29537
2452055.32194 -14.76510
2452056.32199 -21.18793
2452057.32203 -18.58056
2452058.32208 -16.60668
2452059.32212 -24.14414
2452060.32217 -19.42718
2452061.32221 -18.34650
2452062.32226 -21.37024
2452063.32231 -19.84594
2452064.32235 -21.27456
2452065.32240 -17.36047
2452066.32244 -15.26552
2452067.32249 -17.01051
2452068.32253 -21.86980
2452069.32258 -19.18276
2452070.32262 -18.76863
2452071.32267 -24.12850
2452072.32272 -22.58199
2452073.32276 -18.81285
2452074.32281 -22.53591
2452075.32285 -18.59865
2452076.32290 -18.50091
2452077.32294 -19.94016
2452078.32299 -14.69461
2452079.32304 -17.28717
2452080.32308 -16.01469
2452081.32313 -18.01583
2452082.32317 -18.22740
2452083.32322 -16.41933
2452084.32326 -13.64130
2452085.32331 -14.68873
2452086.32335 -14.37286
2452087.32340 -12.17563
2452088.32345 -14.24041
2452089.32349 -11.57095
2452090.32354 -12.52764
2452091.32358 -13.74436
2452092.32363 -12.42551
2452093.32367 -11.28797
2452094.32372 -9.89071
2452095.32377 -8.74506
2452096.32381 -9.84809
2452097.32386 -9.88727
2452098.32390 -8.10456
2452099.32395 -8.19417
2452100.32399 -8.44809
2452101.32404 -8.68030
2452102.32409 -7.01753
2452103.32413 -6.59979
2452104.32418 -8.35070
2452105.32422 -7.72186
2452106.32427 -8.18543
2452107.32431 -6.00831
2452108.32436 -6.58791
2452109.32440 -7.06649
2452110.32445 -7.68513
2452111.32450 -8.52191
2452112.32454 -6.37037
2452113.32459 -9.70855
2452114.32463 -7.81613
2452115.32468 -7.94826
2452116.32472 -7.50333
2452117.32477 -8.79478
2452118.32482 -8.39951
2452119.32486 -9.63775
2452305.33335 -16.93071
2452306.33339 -16.87925
2452307.33344 -14.84708
2452308.33349 -15.83146
2452309.33353 -15.04597
2452310.33358 -15.98622
2452311.33362 -16.79638
2452312.33367 -17.92498
2452313.33371 -14.88241
2452314.33376 -14.15584
2452315.33380 -15.66424
2452316.33385 -13.39051
2452317.33390 -13.35379
2452318.33394 -13.37675
2452319.33399 -12.01721
2452320.33403 -12.89667
2452321.33408 -14.60281
2452322.33412 -13.11607
2452323.33417 -14.26780
2452324.33422 -12.42518
2452325.33426 -13.98315
2452326.33431 -12.57693
2452327.33435 -11.33061
2452328.33440 -9.79415
2452329.33444 -9.67149
2452330.33449 -9.46941
2452331.33454 -7.79459
2452332.33458 -8.37764
2452333.33463 -8.67549
2452334.33467 -5.92804
2452335.33472 -6.38457
2452336.33476 -6.18769
2452337.33481 -4.79423
2452338.33485 -4.83259
2452339.33490 -4.75407
2452340.33495 -4.46648
2452341.33499 -4.30247
2452342.33504 -3.74121
2452343.33508 -3.07431
2452344.33513 -2.39466
2452345.33517 -2.12895
2452346.33522 -2.32549
2452347.33527 -2.23880
2452348.33531 -1.68888
2452349.33536 -1.79859
2452350.33540 -1.83247
2452351.33545 -1.85474
2452352.33549 -1.73327
2452353.33554 -2.08011
2452354.33558 -1.76831
2452355.33563 -1.99343
2452356.33568 -2.22308
2452357.33572 -2.28136
2452358.33577 -2.38894
2452359.33581 -2.47812
2452360.33586 -2.74955
2452361.33590 -3.15168
2452362.33595 -3.51152
2452363.33600 -3.27972
2452364.33604 -4.09102
2452365.33609 -4.90630
2452366.33613 -4.89363
2452367.33618 -6.29584
2452368.33622 -5.87244
2452369.33627 -5.94328
2452370.33631 -7.69828
2452371.33636 -7.15901
2452372.33641 -8.56713
2452373.33645 -8.16821
2452374.33650 -8.95708
2452375.33654 -8.43708
2452376.33659 -9.88022
2452377.33663 -12.24145
2452378.33668 -9.13822
2452379.33673 -10.19452
2452380.33677 -11.25591
2452381.33682 -11.53308
2452382.33686 -12.10684
2452383.33691 -11.57879
2452384.33695 -11.61474
2452385.33700 -11.43636
2452386.33704 -13.31451
2452387.33709 -15.70139
2452388.33714 -12.58605
2452389.33718 -14.33051
2452390.33723 -16.13269
2452391.33727 -12.66426
2452392.33732 -12.15998
2452393.33736 -10.59773
2452394.33741 -14.92668
2452395.33746 -14.21588
2452396.33750 -12.90078
2452397.33755 -12.53304
2452398.33759 -12.56207
2452399.33764 -10.95493
2452400.33768 -13.34673
2452401.33773 -11.82121
2452402.33777 -9.62574
2452403.33782 -10.55162
2452404.33787 -8.20471
2452405.33791 -10.41244
2452406.33796 -8.07758
2452407.33800 -7.96695
2452408.33805 -8.67640
2452409.33809 -7.35695
2452410.33814 -6.37387
2452411.33819 -5.83980
2452412.33823 -5.68413
2452413.33828 -6.00193
2452414.33832 -5.48890
2452415.33837 -3.72203
2452416.33841 -3.91102
2452417.33846 -3.11779
2452418.33851 -2.66207
2452419.33855 -2.29080
2452420.33860 -1.60321
2452421.33864 -1.33884
2452422.33869 -0.97323
2452423.33873 -0.53819
2452424.33878 -0.27597
2452425.33882 0.06617
2452426.33887 0.42195
2452427.33892 0.54589
2452428.33896 0.88468
2452429.33901 0.96661
2452430.33905 1.24077
2452431.33910 1.13191
2452432.33914 1.13297
2452433.33919 1.25675
2452434.33924 1.18213
2452435.33928 1.35226
2452436.33933 1.11673
2452437.33937 0.85676
2452438.33942 0.71622
2452439.33946 0.53259
2452440.33951 0.44737
2452441.33955 0.11545
2452442.33960 -0.15984
2452443.33965 -0.51005
2452444.33969 -0.90910
2452445.33974 -1.19213
2452446.33978 -1.59402
2452447.33983 -2.01169
2452448.33987 -2.00490
2452449.33992 -2.56355
2452450.33997 -3.42928
2452451.34001 -4.05686
2452452.34006 -4.45728
2452453.34010 -5.26518
2452454.34015 -5.08376
2452455.34019 -6.59123
2452456.34024 -6.45673
2452457.34028 -7.39898
2452458.34033 -7.38311
2452459.34038 -7.55194
2452460.34042 -8.61282
2452461.34047 -8.12752
2452462.34051 -7.25758
2452463.34056 -7.14431
2452464.34060 -9.48150
2452465.34065 -9.94299
2452466.34070 -8.76317
2452467.34074 -10.67456
2452468.34079 -10.65362
2452469.34083 -9.39480
2452470.34088 -9.96718
2452471.34092 -9.20088
2452472.34097 -9.81040
2452473.34101 -8.75131
2452474.34106 -10.02644
2452475.34111 -8.87925
2452476.34115 -8.67922
2452477.34120 -8.38247
2452478.34124 -9.36455
2452479.34129 -8.79671
2452480.34133 -9.35305
2452481.34138 -7.47626
2452482.34143 -7.71894
2452483.34147 -7.65862
2452484.34152 -7.58448
2452670.35000 12.69875
2452671.35005 11.79783
2452672.35010 10.56673
2452673.35014 12.33817
2452674.35019 11.88153
2452675.35023 12.12320
2452676.35028 10.78921
2452677.35032 11.30400
2452678.35037 10.92730
2452679.35042 8.54475
2452680.35046 12.00698
2452681.35051 10.96157
2452682.35055 11.21287
2452683.35060 9.46326
2452684.35064 9.87856
2452685.35069 8.12953
2452686.35073 10.77573
2452687.35078 9.27419
2452688.35083 8.18250
2452689.35087 8.90544
2452690.35092 7.16628
2452691.35096 8.89846
2452692.35101 6.75244
2452693.35105 5.96772
2452694.35110 6.53237
2452695.35115 5.78584
2452696.35119 5.22142
2452697.35124 4.73620
2452698.35128 5.00606
2452699.35133 3.93772
2452700.35137 3.68216
2452701.35142 2.76147
2452702.35146 2.70482
2452703.35151 2.54458
2452704.35156 2.08185
2452705.35160 1.69698
2452706.35165 1.28802
2452707.35169 1.03460
2452708.35174 0.75175
2452709.35178 0.55075
2452710.35183 0.28137
2452711.35188 0.09133
2452712.35192 -0.03681
2452713.35197 -0.15075
2452714.35201 -0.21671
2452715.35206 -0.23647
2452716.35210 -0.21409
2452717.35215 -0.15919
2452718.35219 -0.08156
2452719.35224 0.03904
2452720.35229 0.21708
2452721.35233 0.46326
2452722.35238 0.51787
2452723.35242 0.79987
2452724.35247 1.28642
2452725.35251 1.51408
2452726.35256 1.91375
2452727.35261 2.05838
2452728.35265 2.04749
2452729.35270 2.88672
2452730.35274 3.37582
2452731.35279 3.69812
2452732.35283 5.46744
2452733.35288 5.59784
2452734.35293 6.13848
2452735.35297 5.58484
2452736.35302 7.04353
2452737.35306 7.91889
2452738.35311 7.33912
2452739.35315 8.04094
2452740.35320 10.37709
2452741.35324 8.80232
2452742.35329 9.58526
2452743.35334 11.58403
2452744.35338 10.54066
2452745.35343 9.68411
2452746.35347 11.24627
2452747.35352 12.33025
2452748.35356 10.41017
2452749.35361 12.67179
2452750.35366 11.47866
2452751.35370 13.77795
2452752.35375 10.40156
2452753.35379 13.12957
2452754.35384 13.16977
2452755.35388 13.67548
2452756.35393 14.17770
2452757.35397 13.56451
2452758.35402 16.77238
2452759.35407 14.05675
2452760.35411 15.41630
2452761.35416 14.38572
2452762.35420 15.05570
2452763.35425 13.54746
2452764.35429 12.44041
2452765.35434 9.65832
2452766.35439 12.01801
2452767.35443 13.34208
2452768.35448 11.74462
2452769.35452 11.95404
2452770.35457 13.19330
2452771.35461 10.23206
2452772.35466 11.38332
2452773.35470 11.65277
2452774.35475 10.27902
2452775.35480 8.36059
2452776.35484 9.46355
2452777.35489 7.95020
2452778.35493 7.01573
2452779.35498 5.12402
2452780.35502 7.70923
2452781.35507 5.42871
2452782.35512 6.11249
2452783.35516 5.58064
2452784.35521 4.82815
2452785.35525 5.15622
2452786.35530 4.49872
2452787.35534 4.18474
2452788.35539 3.86409
2452789.35543 4.01420
2452790.35548 3.96801
2452791.35553 3.48606
2452792.35557 3.04091
2452793.35562 3.01245
2452794.35566 3.12790
2452795.35571 2.51200
2452796.35575 2.68004
2452797.35580 2.87261
2452798.35585 2.44738
2452799.35589 2.43416
2452800.35594 2.81173
2452801.35598 2.31516
2452802.35603 2.71010
2452803.35607 2.79767
2452804.35612 3.34506
2452805.35617 3.84774
2452806.35621 4.68675
2452807.35626 4.29852
2452808.35630 5.69141
2452809.35635 4.71703
2452810.35639 6.07060
2452811.35644 6.51348
2452812.35648 6.13539
2452813.35653 7.75140
2452814.35658 10.11870
2452815.35662 7.93332
2452816.35667 9.25447
2452817.35671 9.40622
2452818.35676 11.72346
2452819.35680 10.00840
2452820.35685 11.37960
2452821.35690 10.32998
2452822.35694 10.99840
2452823.35699 12.78247
2452824.35703 12.44980
2452825.35708 12.17181
2452826.35712 12.68963
2452827.35717 14.96360
2452828.35721 15.26597
2452829.35726 14.30681
2452830.35731 16.28933
2452831.35735 15.18473
2452832.35740 17.94747
2452833.35744 15.80743
2452834.35749 16.59640
2452835.35753 12.03524
2452836.35758 15.06392
2452837.35763 16.76231
2452838.35767 16.53043
2452839.35772 15.89479
2452840.35776 17.42845
2452841.35781 16.20404
2452842.35785 15.64632
2452843.35790 17.34426
2452844.35794 16.08182
2452845.35799 15.15856
2452846.35804 17.42369
2452847.35808 16.31725
2452848.35813 17.04550
2452849.35817 11.38802
2453036.36671 8.99732
2453037.36675 7.39012
2453038.36680 7.77767
2453039.36684 7.01809
2453040.36689 7.00899
2453041.36693 7.04735
2453042.36698 6.88931
2453043.36703 7.58840
2453044.36707 7.62564
2453045.36712 6.84579
2453046.36716 6.88035
2453047.36721 7.17688
2453048.36725 7.77910
2453049.36730 8.58838
2453050.36735 9.23247
2453051.36739 9.31376
2453052.36744 8.82250
2453053.36748 11.10359
2453054.36753 8.81341
2453055.36757 11.12714
2453056.36762 10.69972
2453057.36766 11.55843
2453058.36771 12.64150
2453059.36776 13.37650
2453060.36780 14.97636
2453061.36785 14.74991
2453062.36789 14.55141
2453063.36794 14.81262
2453064.36798 15.52857
2453065.36803 17.82664
2453066.36808 18.39909
2453067.36812 16.53914
2453068.36817 14.43301
2453069.36821 14.28787
2453070.36826 18.35825
2453071.36830 17.89053
2453072.36835 20.78531
2453073.36839 19.11240
2453074.36844 18.61101
2453075.36849 19.62689
2453076.36853 18.72286
2453077.36858 19.96190
2453078.36862 24.71508
2453079.36867 21.09487
2453080.36871 23.42735
2453081.36876 23.16419
2453082.36881 19.62935
2453083.36885 23.67522
2453084.36890 24.82903
2453085.36894 21.23888
2453086.36899 18.05984
2453087.36903 21.05576
2453088.36908 21.15432
2453089.36912 22.78617
2453090.36917 19.62628
2453091.36922 19.32855
2453092.36926 16.85759
2453093.36931 17.81448
2453094.36935 15.34399
2453095.36940 15.79750
2453096.36944 18.26656
2453097.36949 16.33571
2453098.36954 15.17797
2453099.36958 14.59867
2453100.36963 13.23840
2453101.36967 15.19890
2453102.36972 15.73298
2453103.36976 11.67941
2453104.36981 14.00517
2453105.36985 12.49606
2453106.36990 14.02937
2453107.36995 11.51098
2453108.36999 12.54450
2453109.37004 10.04225
2453110.37008 9.69269
2453111.37013 8.38228
2453112.37017 9.62558
2453113.37022 7.70242
2453114.37027 9.99742
2453115.37031 6.97261
2453116.37036 8.16397
2453117.37040 7.35945
2453118.37045 6.92050
2453119.37049 7.67383
2453120.37054 8.92865
2453121.37059 7.74869
2453122.37063 7.13271
2453123.37068 5.87153
2453124.37072 7.11231
2453125.37077 6.34133
2453126.37081 9.17545
2453127.37086 8.08646
2453128.37090 9.75054
2453129.37095 9.07710
2453130.37100 7.33914
2453131.37104 7.91975
2453132.37109 8.53964
2453133.37113 9.80003
2453134.37118 8.36598
2453135.37122 10.81200
2453136.37127 11.13901
2453137.37132 9.88969
2453138.37136 10.03664
2453139.37141 12.21519
2453140.37145 11.44298
2453141.37150 14.07437
2453142.37154 14.67084
2453143.37159 14.87703
2453144.37163 15.89781
2453145.37168 15.33813
2453146.37173 16.33503
2453147.37177 14.89325
2453148.37182 16.59989
2453149.37186 16.98883
2453150.37191 19.52306
2453151.37195 18.69669
2453152.37200 21.17046
2453153.37205 16.40159
2453154.37209 16.72569
2453155.37214 20.31674
2453156.37218 14.31628
2453157.37223 20.41814
2453158.37227 23.11947
2453159.37232 19.98933
2453160.37236 21.00437
2453161.37241 22.43396
2453162.37246 20.19737
2453163.37250 17.28777
2453164.37255 26.14359
2453165.37259 21.01738
2453166.37264 19.21341
2453167.37268 21.23105
2453168.37273 22.77831
2453169.37278 19.31879
2453170.37282 19.26239
2453171.37287 18.78053
2453172.37291 19.32020
2453173.37296 14.46530
2453174.37300 18.57073
2453175.37305 16.39181
2453176.37309 14.65788
2453177.37314 17.16731
2453178.37319 14.38756
2453179.37323 14.50921
2453180.37328 14.48365
2453181.37332 13.97834
2453182.37337 12.99562
2453183.37341 11.62161
2453184.37346 10.59650
2453185.37351 11.67884
2453186.37355 12.56221
2453187.37360 11.15761
2453188.37364 11.24317
2453189.37369 9.75495
2453190.37373 11.25341
2453191.37378 9.01880
2453192.37382 7.15674
2453193.37387 7.87505
2453194.37392 9.02598
2453195.37396 8.16638
2453196.37401 8.66376
2453197.37405 7.97856
2453198.37410 7.14720
2453199.37414 6.24261
2453200.37419 6.86448
2453201.37424 6.56182
2453202.37428 5.97010
2453203.37433 6.94196
2453204.37437 6.44363
2453205.37442 7.35605
2453206.37446 7.94453
2453207.37451 6.31820
2453208.37456 7.43390
2453209.37460 6.96847
2453210.37465 6.27327
2453211.37469 7.78485
2453212.37474 6.80906
2453213.37478 8.31453
2453214.37483 9.13151
2453215.37487 11.01855
2453401.38336 14.06842
2453402.38341 14.71961
2453403.38345 13.52616
2453404.38350 17.38248
2453405.38354 16.35894
2453406.38359 12.19468
2453407.38364 12.26131
2453408.38368 16.33980
2453409.38373 13.24149
2453410.38377 13.53153
2453411.38382 13.14452
2453412.38386 12.10853
2453413.38391 14.10667
2453414.38396 12.36698
2453415.38400 12.91943
2453416.38405 10.89345
2453417.38409 9.78722
2453418.38414 13.03097
2453419.38418 12.03761
2453420.38423 10.96566
2453421.38427 9.56601
2453422.38432 10.81177
2453423.38437 10.34232
2453424.38441 7.34037
2453425.38446 7.61284
2453426.38450 8.33491
2453427.38455 7.38146
2453428.38459 7.61734
2453429.38464 5.35882
2453430.38469 5.94751
2453431.38473 5.16646
2453432.38478 4.30621
2453433.38482 3.87457
2453434.38487 3.71807
2453435.38491 2.95509
2453436.38496 2.82646
2453437.38501 2.45072
2453438.38505 2.43939
2453439.38510 2.05996
2453440.38514 1.69756
2453441.38519 1.34741
2453442.38523 0.98225
2453443.38528 0.88410
2453444.38532 0.66474
2453445.38537 0.59309
2453446.38542 0.49299
2453447.38546 0.45626
2453448.38551 0.43076
2453449.38555 0.52321
2453450.38560 0.55046
2453451.38564 0.83095
2453452.38569 0.89600
2453453.38574 1.04115
2453454.38578 1.34212
2453455.38583 1.79586
2453456.38587 1.75557
2453457.38592 2.15029
2453458.38596 2.45564
2453459.38601 2.77940
2453460.38605 3.25256
2453461.38610 3.52477
2453462.38615 4.04085
2453463.38619 3.85926
2453464.38624 4.45371
2453465.38628 5.20767
2453466.38633 4.67337
2453467.38637 5.51211
2453468.38642 6.35053
2453469.38647 6.41846
2453470.38651 7.69595
2453471.38656 8.81657
2453472.38660 7.30497
2453473.38665 7.97247
2453474.38669 9.04215
2453475.38674 8.78615
2453476.38678 9.27013
2453477.38683 10.22043
2453478.38688 13.11016
2453479.38692 9.44628
2453480.38697 11.91753
2453481.38701 10.96676
2453482.38706 11.20929
2453483.38710 10.60411
2453484.38715 11.99815
2453485.38720 11.62836
2453486.38724 11.34854
2453487.38729 13.56970
2453488.38733 10.65100
2453489.38738 10.97030
2453490.38742 10.49253
2453491.38747 10.01466
2453492.38751 10.12727
2453493.38756 10.20006
2453494.38761 9.99666
2453495.38765 10.88078
2453496.38770 8.53069
2453497.38774 9.04234
2453498.38779 9.81987
2453499.38783 10.24961
2453500.38788 8.52852
2453501.38793 9.19507
2453502.38797 7.92645
2453503.38802 6.96951
2453504.38806 6.40210
2453505.38811 5.46399
2453506.38815 4.95249
2453507.38820 4.44498
2453508.38824 4.58192
2453509.38829 3.59037
2453510.38834 3.23760
2453511.38838 3.12230
2453512.38843 2.23164
2453513.38847 1.86203
2453514.38852 1.21284
2453515.38856 0.78700
2453516.38861 0.31903
2453517.38866 -0.06143
2453518.38870 -0.47074
2453519.38875 -0.72809
2453520.38879 -1.09745
2453521.38884 -1.42939
2453522.38888 -1.55325
2453523.38893 -2.01762
2453524.38898 -2.45358
2453525.38902 -1.94541
2453526.38907 -2.35133
2453527.38911 -2.70528
2453528.38916 -2.62690
2453529.38920 -2.60150
2453530.38925 -2.53821
2453531.38929 -2.27354
2453532.38934 -2.57623
2453533.38939 -2.50104
2453534.38943 -2.17159
2453535.38948 -1.80316
2453536.38952 -1.70468
2453537.38957 -1.20976
2453538.38961 -1.09806
2453539.38966 -0.91412
2453540.38971 -0.40692
2453541.38975 -0.06145
2453542.38980 0.33906
2453543.38984 0.63487
2453544.38989 1.10667
2453545.38993 1.55004
2453546.38998 2.26575
2453547.39002 1.95718
2453548.39007 3.22154
2453549.39012 3.34657
2453550.39016 4.19139
2453551.39021 4.41388
2453552.39025 4.20311
2453553.39030 4.96626
2453554.39034 5.17950
2453555.39039 5.71129
2453556.39044 7.31794
2453557.39048 5.87180
2453558.39053 8.24825
2453559.39057 8.03311
2453560.39062 8.50590
2453561.39066 6.17245
2453562.39071 7.07134
2453563.39075 7.48010
2453564.39080 8.57800
2453565.39085 8.23121
2453566.39089 8.32514
2453567.39094 7.70907
2453568.39098 8.57689
2453569.39103 8.18082
2453570.39107 8.68142
2453571.39112 6.30022
2453572.39117 8.00940
2453573.39121 8.15299
2453574.39126 8.93683
2453575.39130 6.24195
2453576.39135 6.88061
2453577.39139 6.89072
2453578.39144 6.72442
2453579.39148 7.15625
2453580.39153 5.18009
2453766.40002 -11.93268
2453767.40006 -10.21901
2453768.40011 -12.50020
2453769.40016 -10.07975
2453770.40020 -15.19136
2453771.40025 -12.40669
2453772.40029 -12.90281
2453773.40034 -13.84583
2453774.40038 -10.53240
2453775.40043 -12.81074
2453776.40047 -12.34710
2453777.40052 -10.66326
2453778.40057 -12.59062
2453779.40061 -11.73222
2453780.40066 -9.65181
2453781.40070 -12.08308
2453782.40075 -10.35951
2453783.40079 -9.89323
2453784.40084 -9.15888
2453785.40089 -7.50432
2453786.40093 -9.39374
2453787.40098 -8.22235
2453788.40102 -6.50631
2453789.40107 -7.29624
2453790.40111 -7.45441
2453791.40116 -5.99826
2453792.40120 -7.58238
2453793.40125 -5.93739
2453794.40130 -5.68425
2453795.40134 -4.16686
2453796.40139 -5.19657
2453797.40143 -4.48084
2453798.40148 -3.97571
2453799.40152 -3.28399
2453800.40157 -2.71612
2453801.40162 -2.54773
2453802.40166 -2.27279
2453803.40171 -2.17864
2453804.40175 -1.77135
2453805.40180 -1.68623
2453806.40184 -1.29935
2453807.40189 -1.14777
2453808.40193 -0.99084
2453809.40198 -1.07493
2453810.40203 -1.01670
2453811.40207 -0.96028
2453812.40212 -1.14614
2453813.40216 -1.11415
2453814.40221 -1.09539
2453815.40225 -1.11103
2453816.40230 -1.41161
2453817.40235 -1.50302
2453818.40239 -1.86105
2453819.40244 -1.85003
2453820.40248 -2.48153
2453821.40253 -3.20543
2453822.40257 -3.40486
2453823.40262 -3.38699
2453824.40266 -4.34054
2453825.40271 -5.05788
2453826.40276 -4.74745
2453827.40280 -5.43708
2453828.40285 -6.40206
2453829.40289 -5.64652
2453830.40294 -7.60802
2453831.40298 -6.69385
2453832.40303 -7.87967
2453833.40308 -9.60472
2453834.40312 -8.15342
2453835.40317 -9.97419
2453836.40321 -9.99491
2453837.40326 -8.28906
2453838.40330 -9.94047
2453839.40335 -13.63276
2453840.40340 -12.19236
2453841.40344 -12.58145
2453842.40349 -12.90282
2453843.40353 -14.87651
2453844.40358 -13.82460
2453845.40362 -14.74360
2453846.40367 -14.15553
2453847.40371 -17.59225
2453848.40376 -14.86106
2453849.40381 -14.40330
2453850.40385 -17.95591
2453851.40390 -14.88706
2453852.40394 -15.15340
2453853.40399 -15.28567
2453854.40403 -12.64928
2453855.40408 -16.17491
2453856.40413 -14.14661
2453857.40417 -16.09174
2453858.40422 -15.68589
2453859.40426 -15.09255
2453860.40431 -13.57781
2453861.40435 -13.59882
2453862.40440 -13.71896
2453863.40444 -11.53153
2453864.40449 -13.26847
2453865.40454 -11.88121
2453866.40458 -15.16813
2453867.40463 -11.01854
2453868.40467 -10.03519
2453869.40472 -10.05696
2453870.40476 -10.06572
2453871.40481 -9.40299
2453872.40486 -9.85278
2453873.40490 -9.60294
2453874.40495 -7.30589
2453875.40499 -9.29367
2453876.40504 -8.44015
2453877.40508 -7.51508
2453878.40513 -6.75503
2453879.40517 -6.60338
2453880.40522 -6.66368
2453881.40527 -5.65970
2453882.40531 -4.85732
2453883.40536 -4.83236
2453884.40540 -5.38370
2453885.40545 -4.56706
2453886.40549 -4.63804
2453887.40554 -3.94162
2453888.40559 -4.02567
2453889.40563 -4.21598
2453890.40568 -3.95049
2453891.40572 -3.63861
2453892.40577 -3.71011
2453893.40581 -3.87216
2453894.40586 -3.56649
2453895.40590 -3.78775
2453896.40595 -4.35267
2453897.40600 -3.67043
2453898.40604 -3.41439
2453899.40609 -3.51086
2453900.40613 -4.64595
2453901.40618 -4.71054
2453902.40622 -5.76225
2453903.40627 -5.75503
2453904.40632 -6.10842
2453905.40636 -6.45964
2453906.40641 -6.47240
2453907.40645 -6.92049
2453908.40650 -7.43009
2453909.40654 -7.21835
2453910.40659 -8.13616
2453911.40664 -6.94523
2453912.40668 -10.91089
2453913.40673 -9.45215
2453914.40677 -9.71564
2453915.40682 -12.89047
2453916.40686 -11.51238
2453917.40691 -11.50844
2453918.40695 -13.88190
2453919.40700 -14.91238
2453920.40705 -13.59221
2453921.40709 -15.56696
2453922.40714 -14.63323
2453923.40718 -14.05420
2453924.40723 -15.26452
2453925.40727 -16.21706
2453926.40732 -16.37287
2453927.40737 -17.67907
2453928.40741 -16.35417
2453929.40746 -17.11570
2453930.40750 -17.32519
2453931.40755 -17.13614
2453932.40759 -17.58551
2453933.40764 -18.46545
2453934.40768 -14.27136
2453935.40773 -18.33708
2453936.40778 -15.92865
2453937.40782 -16.42451
2453938.40787 -16.99163
2453939.40791 -17.90742
2453940.40796 -14.67185
2453941.40800 -18.50901
2453942.40805 -12.16187
2453943.40810 -15.71265
2453944.40814 -14.34206
2453945.40819 -11.37355
2454131.41667 -7.64726
2454132.41672 -6.91006
2454133.41677 -6.24338
2454134.41681 -6.78139
2454135.41686 -6.64402
2454136.41690 -6.80275
2454137.41695 -6.20857
2454138.41699 -7.11793
2454139.41704 -7.03339
2454140.41708 -8.32191
2454141.41713 -6.27261
2454142.41718 -6.73445
2454143.41722 -7.29280
2454144.41727 -8.22282
2454145.41731 -9.46705
2454146.41736 -9.79618
2454147.41740 -10.42267
2454148.41745 -9.23864
2454149.41750 -11.78123
2454150.41754 -9.92648
2454151.41759 -9.94987
2454152.41763 -12.78101
2454153.41768 -12.01525
2454154.41772 -11.08394
2454155.41777 -14.10196
2454156.41782 -15.76293
2454157.41786 -15.21810
2454158.41791 -13.11193
2454159.41795 -14.92835
2454160.41800 -17.34639
2454161.41804 -14.27774
2454162.41809 -14.58254
2454163.41813 -15.26355
2454164.41818 -20.58265
2454165.41823 -20.32664
2454166.41827 -17.19265
2454167.41832 -18.74571
2454168.41836 -18.90890
2454169.41841 -20.41177
2454170.41845 -20.85838
2454171.41850 -18.31139
2454172.41855 -20.34391
2454173.41859 -19.14780
2454174.41864 -19.78711
2454175.41868 -21.19710
2454176.41873 -16.15521
2454177.41877 -22.76086
2454178.41882 -21.51319
2454179.41886 -20.19531
2454180.41891 -22.14099
2454181.41896 -20.10623
2454182.41900 -17.69591
2454183.41905 -19.50669
2454184.41909 -21.39104
2454185.41914 -19.62087
2454186.41918 -19.11838
2454187.41923 -18.88988
2454188.41928 -18.36569
2454189.41932 -17.42431
2454190.41937 -13.96469
2454191.41941 -16.37105
2454192.41946 -15.05727
2454193.41950 -15.86754
2454194.41955 -14.42199
2454195.41959 -16.04512
2454196.41964 -12.81060
2454197.41969 -14.99465
2454198.41973 -9.62202
2454199.41978 -13.32611
2454200.41982 -12.23576
2454201.41987 -13.02198
2454202.41991 -9.80409
2454203.41996 -11.35400
2454204.42001 -12.96896
2454205.42005 -9.34423
2454206.42010 -7.82627
2454207.42014 -9.82126
2454208.42019 -8.67675
2454209.42023 -9.16987
2454210.42028 -8.69846
2454211.42032 -7.41596
2454212.42037 -7.02273
2454213.42042 -6.86967
2454214.42046 -7.87392
2454215.42051 -7.68666
2454216.42055 -7.66832
2454217.42060 -6.85141
2454218.42064 -7.07954
2454219.42069 -7.06924
2454220.42074 -6.00755
2454221.42078 -7.73086
2454222.42083 -7.01165
2454223.42087 -6.58278
2454224.42092 -8.56691
2454225.42096 -8.47098
2454226.42101 -7.83439
2454227.42106 -8.11957
2454228.42110 -9.23308
2454229.42115 -9.95493
2454230.42119 -10.18557
2454231.42124 -9.25880
2454232.42128 -11.90751
2454233.42133 -12.84667
2454234.42137 -11.36236
2454235.42142 -13.02527
2454236.42147 -12.28133
2454237.42151 -12.67196
2454238.42156 -11.96700
2454239.42160 -16.02841
2454240.42165 -13.96004
2454241.42169 -14.46433
2454242.42174 -18.14417
2454243.42179 -15.62365
2454244.42183 -15.40362
2454245.42188 -20.35383
2454246.42192 -18.79302
2454247.42197 -18.04781
2454248.42201 -19.67734
2454249.42206 -17.11060
2454250.42210 -18.54951
2454251.42215 -18.86969
2454252.42220 -20.62086
2454253.42224 -17.94091
2454254.42229 -17.25602
2454255.42233 -19.44635
2454256.42238 -19.76004
2454257.42242 -21.99113
2454258.42247 -20.52504
2454259.42252 -21.58798
2454260.42256 -18.14320
2454261.42261 -21.74682
2454262.42265 -21.57714
2454263.42270 -20.15449
2454264.42274 -17.78068
2454265.42279 -17.43668
2454266.42283 -20.64911
2454267.42288 -17.28313
2454268.42293 -18.66967
2454269.42297 -15.64121
2454270.42302 -15.28083
2454271.42306 -17.46574
2454272.42311 -13.90014
2454273.42315 -13.16142
2454274.42320 -16.33731
2454275.42325 -14.69190
2454276.42329 -11.59620
2454277.42334 -12.81640
2454278.42338 -15.89563
2454279.42343 -12.74872
2454280.42347 -13.70875
2454281.42352 -11.84750
2454282.42356 -12.94250
2454283.42361 -9.94574
2454284.42366 -8.83914
2454285.42370 -10.93328
2454286.42375 -10.76917
2454287.42379 -8.20011
2454288.42384 -9.46104
2454289.42388 -8.14363
2454290.42393 -7.75552
2454291.42398 -7.30423
2454292.42402 -7.38150
2454293.42407 -7.17644
2454294.42411 -7.47463
2454295.42416 -7.37204
2454296.42420 -6.51796
2454297.42425 -6.89990
2454298.42429 -6.60600
2454299.42434 -7.45876
2454300.42439 -6.31307
2454301.42443 -6.61756
2454302.42448 -5.58907
2454303.42452 -7.44688
2454304.42457 -6.89973
2454305.42461 -6.74935
2454306.42466 -6.48755
2454307.42471 -6.72519
2454308.42475 -8.39717
2454309.42480 -8.34338
2454310.42484 -7.89313
2454497.43338 -13.09867
2454498.43342 -14.74886
2454499.43347 -14.98824
2454500.43351 -12.68882
2454501.43356 -13.13226
2454502.43360 -12.86455
2454503.43365 -14.23236
2454504.43370 -12.85367
2454505.43374 -14.35991
2454506.43379 -12.41949
2454507.43383 -13.68961
2454508.43388 -13.50981
2454509.43392 -12.20906
2454510.43397 -11.91998
2454511.43401 -10.00520
2454512.43406 -12.25094
2454513.43411 -13.18729
2454514.43415 -9.79338
2454515.43420 -10.95148
2454516.43424 -9.03321
2454517.43429 -6.50094
2454518.43433 -8.63090
2454519.43438 -8.96408
2454520.43443 -6.53884
2454521.43447 -7.40746
2454522.43452 -6.57951
2454523.43456 -6.21432
2454524.43461 -5.54569
2454525.43465 -5.29059
2454526.43470 -3.83151
2454527.43474 -4.07973
2454528.43479 -3.18967
2454529.43484 -2.88401
2454530.43488 -2.29701
2454531.43493 -1.91956
2454532.43497 -1.52188
2454533.43502 -1.40451
2454534.43506 -0.72525
2454535.43511 -0.40819
2454536.43516 -0.20768
2454537.43520 0.04075
2454538.43525 0.19991
2454539.43529 0.40310
2454540.43534 0.53184
2454541.43538 0.73351
2454542.43543 0.75719
2454543.43548 0.78900
2454544.43552 0.80089
2454545.43557 0.76252
2454546.43561 0.65814
2454547.43566 0.56067
2454548.43570 0.36703
2454549.43575 0.19635
2454550.43579 -0.02320
2454551.43584 -0.30209
2454552.43589 -0.60112
2454553.43593 -0.80569
2454554.43598 -1.15543
2454555.43602 -1.40881
2454556.43607 -2.17984
2454557.43611 -2.19009
2454558.43616 -2.91701
2454559.43621 -3.02523
2454560.43625 -3.44958
2454561.43630 -4.42440
2454562.43634 -4.91400
2454563.43639 -5.16596
2454564.43643 -5.61282
2454565.43648 -5.94175
2454566.43652 -6.53642
2454567.43657 -8.34223
2454568.43662 -6.86685
2454569.43666 -7.29963
2454570.43671 -8.07310
2454571.43675 -7.26633
2454572.43680 -7.22873
2454573.43684 -9.77980
2454574.43689 -9.26134
2454575.43694 -11.01964
2454576.43698 -11.04459
2454577.43703 -7.99224
2454578.43707 -10.68992
2454579.43712 -10.19197
2454580.43716 -8.13916
2454581.43721 -12.61474
2454582.43725 -8.77048
2454583.43730 -11.75435
2454584.43735 -10.94653
2454585.43739 -9.52056
2454586.43744 -9.70533
2454587.43748 -9.75382
2454588.43753 -9.73988
2454589.43757 -9.08124
2454590.43762 -9.94448
2454591.43767 -8.55349
2454592.43771 -8.33046
2454593.43776 -8.73720
2454594.43780 -7.98761
2454595.43785 -7.64091
2454596.43789 -5.99532
2454597.43794 -7.34639
2454598.43798 -6.13341
2454599.43803 -5.27388
2454600.43808 -5.30715
2454601.43812 -3.89586
2454602.43817 -3.20274
2454603.43821 -3.47767
2454604.43826 -3.34143
2454605.43830 -2.51390
2454606.43835 -1.65614
2454607.43840 -0.97348
2454608.43844 -0.66305
2454609.43849 -0.25423
2454610.43853 0.22566
2454611.43858 0.76528
2454612.43862 1.03642
2454613.43867 1.40636
2454614.43871 2.00078
2454615.43876 2.21853
2454616.43881 2.47515
2454617.43885 3.12895
2454618.43890 2.77370
2454619.43894 3.38247
2454620.43899 4.09581
2454621.43903 3.94611
2454622.43908 3.47188
2454623.43913 3.83104
2454624.43917 4.27864
2454625.43922 3.69413
2454626.43926 3.56637
2454627.43931 3.57980
2454628.43935 3.56412
2454629.43940 3.20382
2454630.43945 3.23939
2454631.43949 3.71769
2454632.43954 2.41975
2454633.43958 2.61001
2454634.43963 1.66334
2454635.43967 1.89761
2454636.43972 1.52096
2454637.43976 1.58872
2454638.43981 0.94120
2454639.43986 0.51872
2454640.43990 0.07328
2454641.43995 -0.31406
2454642.43999 -0.75879
2454643.44004 -1.15921
2454644.44008 -1.38363
2454645.44013 -2.40695
2454646.44018 -2.48971
2454647.44022 -3.88654
2454648.44027 -3.77815
2454649.44031 -3.93287
2454650.44036 -3.61969
2454651.44040 -4.15928
2454652.44045 -5.13131
2454653.44049 -5.42241
2454654.44054 -5.16979
2454655.44059 -5.90350
2454656.44063 -5.90023
2454657.44068 -5.81865
2454658.44072 -7.55049
2454659.44077 -6.02235
2454660.44081 -6.51929
2454661.44086 -8.33047
2454662.44091 -5.76411
2454663.44095 -6.92432
2454664.44100 -7.77104
2454665.44104 -7.61113
2454666.44109 -6.88193
2454667.44113 -5.72764
2454668.44118 -6.55593
2454669.44122 -6.81833
2454670.44127 -6.51998
2454671.44132 -5.99323
2454672.44136 -6.04249
2454673.44141 -5.50900
2454674.44145 -4.54519
2454675.44150 -4.18699
2454676.44154 -3.62198
2454862.45003 12.01664
2454863.45008 12.71028
2454864.45012 13.94072
2454865.45017 12.31168
2454866.45021 11.98208
2454867.45026 14.28041
2454868.45031 14.23959
2454869.45035 15.72278
2454870.45040 12.55006
2454871.45044 12.58272
2454872.45049 11.83871
2454873.45053 12.98647
2454874.45058 11.74083
2454875.45063 14.87111
2454876.45067 12.62715
2454877.45072 9.60681
2454878.45076 11.14893
2454879.45081 10.80706
2454880.45085 10.97707
2454881.45090 9.32107
2454882.45094 11.40301
2454883.45099 10.57886
2454884.45104 10.24946
2454885.45108 9.67050
2454886.45113 6.18794
2454887.45117 8.10813
2454888.45122 7.30690
2454889.45126 6.03925
2454890.45131 6.40859
2454891.45136 5.49078
2454892.45140 5.54771
2454893.45145 4.71149
2454894.45149 4.87109
2454895.45154 5.00151
2454896.45158 4.32296
2454897.45163 3.08158
2454898.45167 3.95127
2454899.45172 3.39552
2454900.45177 3.25104
2454901.45181 2.98745
2454902.45186 2.61529
2454903.45190 2.43858
2454904.45195 2.05092
2454905.45199 2.12175
2454906.45204 2.22020
2454907.45209 2.31505
2454908.45213 2.45626
2454909.45218 2.13705
2454910.45222 1.63735
2454911.45227 2.99704
2454912.45231 2.95867
2454913.45236 3.28627
2454914.45240 3.26255
2454915.45245 3.57184
2454916.45250 3.40896
2454917.45254 4.34347
2454918.45259 3.96632
2454919.45263 4.30249
2454920.45268 4.65260
2454921.45272 5.58538
2454922.45277 7.43651
2454923.45282 7.93328
2454924.45286 8.15259
2454925.45291 8.46409
2454926.45295 8.17275
2454927.45300 7.94883
2454928.45304 8.97506
2454929.45309 8.92841
2454930.45313 10.17714
2454931.45318 11.55987
2454932.45323 10.55165
2454933.45327 11.45881
2454934.45332 10.49910
2454935.45336 14.18376
2454936.45341 12.26546
2454937.45345 13.77666
2454938.45350 13.56797
2454939.45355 15.57177
2454940.45359 16.15135
2454941.45364 13.71120
2454942.45368 13.76927
2454943.45373 17.47444
2454944.45377 17.97542
2454945.45382 16.30499
2454946.45387 17.70396
2454947.45391 14.66225
2454948.45396 17.62607
2454949.45400 16.08769
2454950.45405 18.42162
2454951.45409 14.03117
2454952.45414 15.97737
2454953.45418 15.99264
2454954.45423 16.75518
2454955.45428 16.12754
2454956.45432 14.52456
2454957.45437 16.45260
2454958.45441 16.49541
2454959.45446 13.17385
2454960.45450 15.82081
2454961.45455 13.73602
2454962.45460 12.79443
2454963.45464 12.44826
2454964.45469 12.38507
2454965.45473 11.98509
2454966.45478 10.80084
2454967.45482 10.20659
2454968.45487 10.01063
2454969.45491 9.92971
2454970.45496 11.18541
2454971.45501 7.95677
2454972.45505 7.61361
2454973.45510 7.13708
2454974.45514 7.21980
2454975.45519 8.15359
2454976.45523 7.43166
2454977.45528 6.81856
2454978.45533 5.35040
2454979.45537 5.69204
2454980.45542 4.57466
2454981.45546 5.32542
2454982.45551 5.50601
2454983.45555 5.30269
2454984.45560 4.90145
2454985.45564 4.80165
2454986.45569 4.65206
2454987.45574 4.85388
2454988.45578 4.01795
2454989.45583 4.21433
2454990.45587 4.52000
2454991.45592 5.43359
2454992.45596 4.58651
2454993.45601 4.34923
2454994.45606 4.77641
2454995.45610 4.94036
2454996.45615 5.89002
2454997.45619 6.50248
2454998.45624 6.98052
2454999.45628 7.12006
2455000.45633 7.16788
2455001.45637 8.20148
2455002.45642 6.00340
2455003.45647 7.40273
2455004.45651 9.52214
2455005.45656 9.06430
2455006.45660 9.42670
2455007.45665 8.94466
2455008.45669 11.91989
2455009.45674 12.21994
2455010.45679 13.52661
2455011.45683 12.36057
2455012.45688 11.38170
2455013.45692 12.36280
2455014.45697 13.81651
2455015.45701 16.34738
2455016.45706 13.03835
2455017.45711 17.51293
2455018.45715 18.09276
2455019.45720 16.52394
2455020.45724 16.38352
2455021.45729 18.10620
2455022.45733 17.81381
2455023.45738 19.66147
2455024.45742 16.08465
2455025.45747 16.25661
2455026.45752 15.25972
2455027.45756 19.37237
2455028.45761 17.87282
2455029.45765 19.68836
2455030.45770 18.76363
2455031.45774 19.18842
2455032.45779 18.33101
2455033.45784 20.74763
2455034.45788 21.68081
2455035.45793 18.55022
2455036.45797 18.63560
2455037.45802 17.77279
2455038.45806 14.41156
2455039.45811 17.83875
2455040.45815 17.28150
2455041.45820 14.59839
2455227.46669 8.98152
2455228.46673 8.77215
2455229.46678 7.72746
2455230.46682 8.12914
2455231.46687 7.95384
2455232.46692 7.30225
2455233.46696 7.93019
2455234.46701 6.67395
2455235.46705 7.36157
2455236.46710 8.24614
2455237.46714 7.84954
2455238.46719 8.58351
2455239.46724 9.15015
2455240.46728 9.87362
2455241.46733 8.99657
2455242.46737 10.00933
2455243.46742 9.73324
2455244.46746 9.87054
2455245.46751 10.34624
2455246.46755 10.17309
2455247.46760 12.86783
2455248.46765 10.30625
2455249.46769 12.46405
2455250.46774 12.38519
2455251.46778 12.89214
2455252.46783 13.06979
2455253.46787 15.87184
2455254.46792 14.82683
2455255.46797 14.12291
2455256.46801 15.76183
2455257.46806 15.07817
2455258.46810 14.48068
2455259.46815 17.17382
2455260.46819 17.27700
2455261.46824 17.61961
2455262.46829 15.77674
2455263.46833 21.24268
2455264.46838 16.20822
2455265.46842 19.27312
2455266.46847 17.58459
2455267.46851 21.01495
2455268.46856 18.07619
2455269.46860 17.50401
2455270.46865 20.67477
2455271.46870 19.46380
2455272.46874 18.53072
2455273.46879 19.61766
2455274.46883 21.92267
2455275.46888 20.33664
2455276.46892 19.38817
2455277.46897 20.65981
2455278.46902 18.83988
2455279.46906 16.71509
2455280.46911 18.21284
2455281.46915 20.44000
2455282.46920 17.89739
2455283.46924 20.95452
2455284.46929 17.46464
2455285.46933 18.35462
2455286.46938 17.42901
2455287.46943 16.95853
2455288.46947 13.99954
2455289.46952 17.09483
2455290.46956 14.38306
2455291.46961 16.10546
2455292.46965 14.42466
2455293.46970 16.13343
2455294.46975 12.52918
2455295.46979 14.78698
2455296.46984 10.57980
2455297.46988 12.99796
2455298.46993 10.39230
2455299.46997 11.48661
2455300.47002 11.44127
2455301.47006 11.92991
2455302.47011 11.41200
2455303.47016 8.16165
2455304.47020 8.51924
2455305.47025 7.62265
2455306.47029 6.67959
2455307.47034 7.95944
2455308.47038 6.63378
2455309.47043 6.21199
2455310.47048 7.48630
2455311.47052 7.77711
2455312.47057 7.29551
2455313.47061 6.62566
2455314.47066 6.62957
2455315.47070 6.61801
2455316.47075 7.39206
2455317.47079 6.46360
2455318.47084 8.44551
2455319.47089 6.62077
2455320.47093 8.55076
2455321.47098 9.12478
2455322.47102 8.75378
2455323.47107 9.06448
2455324.47111 8.77913
2455325.47116 9.99236
2455326.47121 10.41822
2455327.47125 10.31872
2455328.47130 10.20358
2455329.47134 9.54051
2455330.47139 12.11295
2455331.47143 9.07912
2455332.47148 12.50602
2455333.47153 13.12321
2455334.47157 15.32656
2455335.47162 12.59145
2455336.47166 14.28948
2455337.47171 14.58548
2455338.47175 16.48836
2455339.47180 14.26352
2455340.47184 13.66360
2455341.47189 20.27605
2455342.47194 17.39163
2455343.47198 20.10428
2455344.47203 20.84000
2455345.47207 19.38455
2455346.47212 19.82019
2455347.47216 18.80705
2455348.47221 16.49102
2455349.47226 19.16121
2455350.47230 21.19097
2455351.47235 17.94641
2455352.47239 19.16155
2455353.47244 18.93770
2455354.47248 23.68909
2455355.47253 21.08970
2455356.47257 20.42919
2455357.47262 16.99213
2455358.47267 19.88534
2455359.47271 20.00824
2455360.47276 14.62652
2455361.47280 16.01692
2455362.47285 17.07442
2455363.47289 19.33570
2455364.47294 16.51661
2455365.47299 18.66540
2455366.47303 15.73182
2455367.47308 14.66671
2455368.47312 15.24027
2455369.47317 16.33656
2455370.47321 13.79584
2455371.47326 14.11501
2455372.47330 11.92272
2455373.47335 13.30330
2455374.47340 14.38285
2455375.47344 11.28386
2455376.47349 11.90860
2455377.47353 10.51410
2455378.47358 10.46825
2455379.47362 9.76168
2455380.47367 9.64182
2455381.47372 10.05923
2455382.47376 8.27037
2455383.47381 8.86192
2455384.47385 8.28219
2455385.47390 6.38035
2455386.47394 7.03861
2455387.47399 6.63341
2455388.47403 5.92685
2455389.47408 5.57951
2455390.47413 7.43994
2455391.47417 5.61165
2455392.47422 5.12107
2455393.47426 6.10523
2455394.47431 5.90538
2455395.47435 5.67923
2455396.47440 6.48332
2455397.47445 5.99592
2455398.47449 5.90868
2455399.47454 5.43534
2455400.47458 5.90009
2455401.47463 7.24813
2455402.47467 6.46947
2455403.47472 7.65524
2455404.47476 6.76379
2455405.47481 7.20642
2455406.47486 8.53604
2455592.48334 12.95973
2455593.48339 15.53941
2455594.48344 11.14681
2455595.48348 12.52114
2455596.48353 11.61082
2455597.48357 13.97354
2455598.48362 12.57310
2455599.48366 11.26358
2455600.48371 12.19003
2455601.48375 11.18328
2455602.48380 10.82548
2455603.48385 11.78481
2455604.48389 11.76650
2455605.48394 9.79321
2455606.48398 10.59582
2455607.48403 10.39097
2455608.48407 10.53697
2455609.48412 9.63292
2455610.48417 8.37207
2455611.48421 9.08245
2455612.48426 9.34966
2455613.48430 8.61810
2455614.48435 6.94208
2455615.48439 6.94297
2455616.48444 5.23213
2455617.48448 5.42706
2455618.48453 5.26909
2455619.48458 5.32542
2455620.48462 3.20453
2455621.48467 3.26532
2455622.48471 3.18235
2455623.48476 2.09770
2455624.48480 1.75293
2455625.48485 1.42727
2455626.48490 1.02273
2455627.48494 0.55243
2455628.48499 0.14152
2455629.48503 -0.20794
2455630.48508 -0.59632
2455631.48512 -0.79128
2455632.48517 -1.17984
2455633.48521 -1.26831
2455634.48526 -1.79469
2455635.48531 -1.59531
2455636.48535 -2.14023
2455637.48540 -2.04948
2455638.48544 -1.68072
2455639.48549 -2.21337
2455640.48553 -2.05495
2455641.48558 -2.06586
2455642.48563 -1.95988
2455643.48567 -1.55983
2455644.48572 -1.74601
2455645.48576 -1.37471
2455646.48581 -1.14655
2455647.48585 -1.01694
2455648.48590 -0.60796
2455649.48595 -0.36411
2455650.48599 -0.02100
2455651.48604 0.29817
2455652.48608 0.68663
2455653.48613 1.38993
2455654.48617 1.74488
2455655.48622 2.16142
2455656.48626 2.38233
2455657.48631 3.39294
2455658.48636 3.43878
2455659.48640 3.88044
2455660.48645 3.95895
2455661.48649 4.63754
2455662.48654 5.51818
2455663.48658 5.56559
2455664.48663 5.85041
2455665.48668 6.61461
2455666.48672 7.47675
2455667.48677 6.94827
2455668.48681 7.47339
2455669.48686 7.67948
2455670.48690 7.40858
2455671.48695 8.80022
2455672.48699 7.19506
2455673.48704 9.01624
2455674.48709 8.42459
2455675.48713 8.83332
2455676.48718 9.30956
2455677.48722 8.49513
2455678.48727 9.75397
2455679.48731 8.67329
2455680.48736 10.40876
2455681.48741 8.64897
2455682.48745 9.50300
2455683.48750 9.47661
2455684.48754 8.54955
2455685.48759 9.20269
2455686.48763 9.06645
2455687.48768 7.44611
2455688.48772 6.59555
2455689.48777 6.14517
2455690.48782 6.92201
2455691.48786 5.48026
2455692.48791 5.48251
2455693.48795 5.10037
2455694.48800 4.88067
2455695.48804 4.17505
2455696.48809 2.98215
2455697.48814 2.63441
2455698.48818 1.92997
2455699.48823 1.90606
2455700.48827 1.12382
2455701.48832 0.81512
2455702.48836 0.23380
2455703.48841 -0.24664
2455704.48845 -0.74467
2455705.48850 -1.34608
2455706.48855 -1.89934
2455707.48859 -2.41319
2455708.48864 -3.07657
2455709.48868 -3.35644
2455710.48873 -3.14103
2455711.48877 -4.28240
2455712.48882 -4.25117
2455713.48887 -4.39383
2455714.48891 -4.52255
2455715.48896 -5.56642
2455716.48900 -5.71202
2455717.48905 -5.48783
2455718.48909 -5.40581
2455719.48914 -5.94822
2455720.48918 -5.76713
2455721.48923 -5.15140
2455722.48928 -5.65693
2455723.48932 -4.36247
2455724.48937 -5.60103
2455725.48941 -4.84405
2455726.48946 -5.79335
2455727.48950 -3.99815
2455728.48955 -4.35412
2455729.48960 -4.55671
2455730.48964 -3.87695
2455731.48969 -2.99645
2455732.48973 -3.86586
2455733.48978 -2.60469
2455734.48982 -1.95917
2455735.48987 -1.87527
2455736.48992 -1.27088
2455737.48996 -0.85907
2455738.49001 -0.36640
2455739.49005 -0.02949
2455740.49010 0.50947
2455741.49014 0.74040
2455742.49019 1.26879
2455743.49023 1.88363
2455744.49028 2.18318
2455745.49033 2.63408
2455746.49037 3.15370
2455747.49042 3.24706
2455748.49046 3.99642
2455749.49051 3.84259
2455750.49055 4.34773
2455751.49060 4.76873
2455752.49065 4.40963
2455753.49069 5.14328
2455754.49074 5.99925
2455755.49078 5.71071
2455756.49083 5.67791
2455757.49087 5.38384
2455758.49092 6.39218
2455759.49096 6.07366
2455760.49101 5.89953
2455761.49106 6.29869
2455762.49110 5.24329
2455763.49115 5.43894
2455764.49119 5.45510
2455765.49124 4.93548
2455766.49128 5.23669
2455767.49133 4.70376
2455768.49138 4.59126
2455769.49142 4.34706
2455770.49147 3.89883
2455771.49151 3.16323
2455957.50000 -11.13776
