2445000.00000 2.92342
2445001.00005 2.83330
2445002.00009 1.77114
2445003.00014 1.91338
2445004.00018 2.11733
2445005.00023 3.05947
2445006.00027 4.71377
2445007.00032 5.89296
2445008.00037 8.97555
2445009.00041 9.13556
2445010.00046 10.11089
2445011.00050 9.33851
2445012.00055 8.14549
2445013.00059 6.59995
2445014.00064 5.59477
2445015.00068 4.12359
2445016.00073 2.80202
2445017.00078 1.69365
2445018.00082 1.53366
2445019.00087 2.51804
2445020.00091 3.58606
2445021.00096 4.24844
2445022.00100 6.64321
2445023.00105 8.36797
2445024.00110 9.08526
2445025.00114 9.88025
2445026.00119 8.16275
2445027.00123 8.29858
2445028.00128 6.53836
2445029.00132 4.91955
2445030.00137 3.29670
2445031.00141 2.19272
2445032.00146 1.57043
2445033.00151 1.50451
2445034.00155 2.39990
2445035.00160 2.83991
2445036.00164 5.39352
2445037.00169 6.35237
2445038.00173 8.84800
2445039.00178 8.11941
2445040.00183 9.49033
2445041.00187 9.52743
2445042.00192 7.14203
2445043.00196 7.24993
2445044.00201 4.52686
2445045.00205 2.77422
2445046.00210 2.03100
2445047.00214 1.45246
2445048.00219 1.73176
2445049.00224 2.24183
2445050.00228 3.65268
2445051.00233 4.92234
2445052.00237 6.34377
2445053.00242 7.88413
2445054.00246 9.50647
2445055.00251 7.75219
2445056.00256 7.91290
2445057.00260 6.37108
2445058.00265 4.85922
2445059.00269 4.67293
2445060.00274 1.94901
2445061.00278 1.60021
2445062.00283 1.20879
2445063.00287 1.54455
2445064.00292 2.69578
2445065.00297 3.90614
2445066.00301 5.67454
2445067.00306 6.70200
2445068.00310 7.34216
2445069.00315 10.66580
2445070.00319 9.75291
2445071.00324 8.03765
2445072.00329 7.62176
2445073.00333 4.94215
2445074.00338 3.72430
2445075.00342 2.10059
2445076.00347 1.55975
2445077.00351 1.18498
2445078.00356 1.69321
2445079.00361 2.70896
2445080.00365 4.04708
2445081.00370 5.52482
2445082.00374 8.06800
2445083.00379 8.89091
2445084.00383 8.19184
2445085.00388 6.86256
2445086.00392 7.44796
2445087.00397 5.87011
2445088.00402 5.31904
2445089.00406 2.95624
2445090.00411 1.80619
2445091.00415 1.03739
2445092.00420 0.98676
2445093.00424 1.48750
2445094.00429 2.60247
2445095.00434 4.72975
2445096.00438 5.28983
2445097.00443 6.35286
2445098.00447 8.60270
2445099.00452 7.65929
2445100.00456 8.02501
2445101.00461 6.68943
2445102.00465 5.35555
2445103.00470 4.23098
2445104.00475 2.99891
2445105.00479 1.57591
2445106.00484 0.89230
2445107.00488 0.81848
2445108.00493 1.38146
2445109.00497 2.16016
2445110.00502 3.71122
2445111.00507 6.56524
2445112.00511 7.69199
2445113.00516 8.87019
2445114.00520 6.92230
2445115.00525 8.27565
2445116.00529 6.16335
2445117.00534 4.64061
2445118.00538 3.80460
2445119.00543 2.28990
2445120.00548 1.07753
2445121.00552 0.37720
2445122.00557 0.60555
2445123.00561 1.24586
2445124.00566 2.52973
2445125.00570 4.74203
2445126.00575 5.71977
2445127.00580 6.03781
2445128.00584 8.45947
2445129.00589 7.69276
2445130.00593 6.86678
2445131.00598 5.49377
2445132.00602 5.29475
2445133.00607 3.19954
2445134.00611 1.55235
2445135.00616 0.53384
2445136.00621 0.08829
2445137.00625 0.29174
2445138.00630 1.07466
2445139.00634 2.37631
2445140.00639 4.79735
2445141.00643 5.04391
2445142.00648 7.12578
2445143.00653 8.23628
2445144.00657 6.89357
2445145.00662 5.75404
2445146.00666 5.94581
2445147.00671 4.00286
2445148.00675 2.59042
2445149.00680 1.07682
2445150.00684 0.03974
2445151.00689 -0.31388
2445152.00694 0.01870
2445153.00698 0.90543
2445154.00703 2.67560
2445155.00707 4.07840
2445156.00712 4.95716
2445157.00716 6.52669
2445158.00721 6.18774
2445159.00726 6.62856
2445160.00730 6.03911
2445161.00735 4.94607
2445162.00739 3.63581
2445163.00744 1.79818
2445164.00748 0.35461
2445165.00753 -0.48788
2445166.00758 -0.69704
2445167.00762 -0.24994
2445168.00767 0.87306
2445169.00771 2.24701
2445170.00776 3.61438
2445171.00780 6.12904
2445172.00785 5.14415
2445173.00789 7.02687
2445174.00794 6.07386
2445175.00799 5.21386
2445176.00803 4.44995
2445177.00808 2.39094
2445178.00812 1.12137
2445179.00817 -0.22022
2445366.01670 0.31773
2445367.01675 -0.09155
2445368.01679 -1.00289
2445369.01684 -2.46373
2445370.01688 -3.20342
2445371.01693 -5.00514
2445372.01698 -7.36848
2445373.01702 -6.87648
2445374.01707 -6.48323
2445375.01711 -5.61388
2445376.01716 -4.90601
2445377.01720 -2.97469
2445378.01725 -2.52087
2445379.01729 -0.82453
2445380.01734 -0.22024
2445381.01739 -0.08178
2445382.01743 -0.55093
2445383.01748 -1.72397
2445384.01752 -2.96410
2445385.01757 -4.67422
2445386.01761 -7.41036
2445387.01766 -8.57350
2445388.01771 -7.73553
2445389.01775 -8.56889
2445390.01780 -5.55113
2445391.01784 -5.18816
2445392.01789 -3.53204
2445393.01793 -2.45526
2445394.01798 -1.24784
2445395.01803 -0.45173
2445396.01807 -0.45201
2445397.01812 -1.01556
2445398.01816 -1.77979
2445399.01821 -3.74058
2445400.01825 -5.03874
2445401.01830 -6.35963
2445402.01834 -7.17389
2445403.01839 -8.97599
2445404.01844 -6.55010
2445405.01848 -7.19120
2445406.01853 -5.50922
2445407.01857 -4.19439
2445408.01862 -2.67612
2445409.01866 -1.37433
2445410.01871 -0.65659
2445411.01876 -0.74282
2445412.01880 -1.60814
2445413.01885 -2.51030
2445414.01889 -4.44574
2445415.01894 -5.90490
2445416.01898 -7.95534
2445417.01903 -7.09928
2445418.01907 -7.88018
2445419.01912 -7.91476
2445420.01917 -6.65495
2445421.01921 -7.14048
2445422.01926 -4.03496
2445423.01930 -2.36158
2445424.01935 -1.17357
2445425.01939 -0.94248
2445426.01944 -0.92072
2445427.01949 -2.31674
2445428.01953 -3.83130
2445429.01958 -4.24840
2445430.01962 -5.11778
2445431.01967 -7.48180
2445432.01971 -9.09791
2445433.01976 -7.99174
2445434.01980 -8.05456
2445435.01985 -6.40778
2445436.01990 -5.75742
2445437.01994 -3.00491
2445438.01999 -1.86107
2445439.02003 -1.55581
2445440.02008 -1.21915
2445441.02012 -1.76659
2445442.02017 -2.08819
2445443.02022 -3.84429
2445444.02026 -5.61836
2445445.02031 -5.93686
2445446.02035 -8.74762
2445447.02040 -9.00093
2445448.02044 -9.48046
2445449.02049 -7.20801
2445450.02053 -6.63077
2445451.02058 -5.82570
2445452.02063 -4.30732
2445453.02067 -2.75605
2445454.02072 -1.47370
2445455.02076 -1.34904
2445456.02081 -1.85686
2445457.02085 -2.68874
2445458.02090 -4.81315
2445459.02095 -5.39486
2445460.02099 -7.39692
2445461.02104 -9.12234
2445462.02108 -9.54441
2445463.02113 -7.61659
2445464.02117 -7.84144
2445465.02122 -5.14509
2445466.02126 -5.56203
2445467.02131 -3.57901
2445468.02136 -2.33596
2445469.02140 -1.66397
2445470.02145 -1.55847
2445471.02149 -2.22982
2445472.02154 -2.98818
2445473.02158 -3.50902
2445474.02163 -6.18316
2445475.02168 -8.07669
2445476.02172 -7.23558
2445477.02177 -9.51184
2445478.02181 -9.37125
2445479.02186 -6.65828
2445480.02190 -6.17943
2445481.02195 -4.94183
2445482.02200 -3.30024
2445483.02204 -2.41936
2445484.02209 -1.65336
2445485.02213 -1.48784
2445486.02218 -2.32412
2445487.02222 -3.37265
2445488.02227 -4.75240
2445489.02231 -6.02711
2445490.02236 -7.06638
2445491.02241 -7.97617
2445492.02245 -8.82032
2445493.02250 -7.56295
2445494.02254 -6.59243
2445495.02259 -5.26951
2445496.02263 -5.34701
2445497.02268 -3.28433
2445498.02273 -2.56272
2445499.02277 -1.47283
2445500.02282 -1.48887
2445501.02286 -2.92639
2445502.02291 -3.44835
2445503.02295 -5.89228
2445504.02300 -6.72853
2445505.02304 -6.96701
2445506.02309 -8.85086
2445507.02314 -9.46269
2445508.02318 -8.75618
2445509.02323 -7.95712
2445510.02327 -5.16413
2445511.02332 -4.91089
2445512.02336 -3.10339
2445513.02341 -2.44297
2445514.02346 -1.83761
2445515.02350 -1.89391
2445516.02355 -2.35951
2445517.02359 -2.98742
2445518.02364 -5.27922
2445519.02368 -6.82572
2445520.02373 -9.48887
2445521.02377 -7.72971
2445522.02382 -8.10662
2445523.02387 -7.20716
2445524.02391 -8.94973
2445525.02396 -6.08034
2445526.02400 -4.03273
2445527.02405 -2.71766
2445528.02409 -1.36669
2445529.02414 -1.38813
2445530.02419 -1.87765
2445531.02423 -2.86562
2445532.02428 -4.34112
2445533.02432 -5.89147
2445534.02437 -6.68454
2445535.02441 -8.18824
2445536.02446 -8.61716
2445537.02450 -7.43996
2445538.02455 -8.11470
2445539.02460 -5.97238
2445540.02464 -5.05226
2445541.02469 -3.20219
2445542.02473 -2.03753
2445543.02478 -1.77868
2445544.02482 -1.50294
2445545.02487 -1.74983
2445731.03336 -3.19246
2445732.03340 -1.51999
2445733.03345 0.11586
2445734.03349 1.24678
2445735.03354 2.42101
2445736.03359 3.45310
2445737.03363 3.88835
2445738.03368 3.50763
2445739.03372 1.82368
2445740.03377 0.38428
2445741.03381 -1.01014
2445742.03386 -2.30764
2445743.03391 -2.95140
2445744.03395 -3.41649
2445745.03400 -3.02961
2445746.03404 -2.47623
2445747.03409 -0.56736
2445748.03413 0.89372
2445749.03418 2.29482
2445750.03422 3.86869
2445751.03427 4.17216
2445752.03432 3.43132
2445753.03436 3.03753
2445754.03441 1.95222
2445755.03445 0.50232
2445756.03450 -0.86842
2445757.03454 -2.22282
2445758.03459 -2.49062
2445759.03464 -3.36500
2445760.03468 -2.65814
2445761.03473 -1.27606
2445762.03477 0.10395
2445763.03482 1.92618
2445764.03486 3.39820
2445765.03491 4.46706
2445766.03495 5.14540
2445767.03500 4.30848
2445768.03505 3.61779
2445769.03509 1.85052
2445770.03514 0.65036
2445771.03518 -0.60243
2445772.03523 -1.92127
2445773.03527 -2.17718
2445774.03532 -2.13170
2445775.03537 -1.67834
2445776.03541 -0.67348
2445777.03546 0.84138
2445778.03550 2.48736
2445779.03555 3.37459
2445780.03559 5.08169
2445781.03564 5.30769
2445782.03568 4.22668
2445783.03573 4.00466
2445784.03578 2.76870
2445785.03582 1.19488
2445786.03587 -0.45081
2445787.03591 -1.57442
2445788.03596 -1.86877
2445789.03600 -1.95178
2445790.03605 -1.15491
2445791.03610 0.10354
2445792.03614 1.55799
2445793.03619 3.34364
2445794.03623 5.07390
2445795.03628 4.93109
2445796.03632 5.62476
2445797.03637 5.87772
2445798.03642 4.51915
2445799.03646 2.82193
2445800.03651 1.03494
2445801.03655 -0.13565
2445802.03660 -1.23984
2445803.03664 -1.18641
2445804.03669 -1.29218
2445805.03673 -0.56207
2445806.03678 0.80916
2445807.03683 1.76733
2445808.03687 4.19301
2445809.03692 5.08929
2445810.03696 5.41397
2445811.03701 4.91359
2445812.03705 6.44707
2445813.03710 4.58039
2445814.03715 3.01336
2445815.03719 1.34753
2445816.03724 0.11645
2445817.03728 -0.64428
2445818.03733 -1.28667
2445819.03737 -0.60406
2445820.03742 0.15439
2445821.03746 1.60406
2445822.03751 2.94668
2445823.03756 4.59769
2445824.03760 6.38538
2445825.03765 6.34167
2445826.03769 6.76074
2445827.03774 6.09301
2445828.03778 4.35743
2445829.03783 2.57913
2445830.03788 1.74620
2445831.03792 0.33512
2445832.03797 -0.46073
2445833.03801 -0.62668
2445834.03806 -0.22232
2445835.03810 0.87317
2445836.03815 1.96403
2445837.03819 4.00520
2445838.03824 5.84758
2445839.03829 5.96989
2445840.03833 6.32862
2445841.03838 6.96025
2445842.03842 5.94001
2445843.03847 4.05784
2445844.03851 3.26206
2445845.03856 1.61774
2445846.03861 0.56058
2445847.03865 -0.13067
2445848.03870 -0.20392
2445849.03874 0.31052
2445850.03879 1.29020
2445851.03883 2.84301
2445852.03888 5.01496
2445853.03892 5.85502
2445854.03897 6.32896
2445855.03902 7.36076
2445856.03906 6.61926
2445857.03911 5.85066
2445858.03915 4.59598
2445859.03920 3.46315
2445860.03924 1.95877
2445861.03929 0.69216
2445862.03934 0.18650
2445863.03938 0.22495
2445864.03943 0.74855
2445865.03947 2.12700
2445866.03952 3.13621
2445867.03956 5.51225
2445868.03961 6.35103
2445869.03966 7.61900
2445870.03970 7.65530
2445871.03975 6.61435
2445872.03979 5.64201
2445873.03984 3.77529
2445874.03988 3.37605
2445875.03993 1.92923
2445876.03997 1.18015
2445877.04002 0.47595
2445878.04007 0.58237
2445879.04011 1.28645
2445880.04016 2.94932
2445881.04020 4.56694
2445882.04025 4.94450
2445883.04029 6.75192
2445884.04034 8.27228
2445885.04039 9.70176
2445886.04043 8.51025
2445887.04048 5.45926
2445888.04052 4.53246
2445889.04057 3.18469
2445890.04061 2.13201
2445891.04066 0.98313
2445892.04070 0.61207
2445893.04075 0.90518
2445894.04080 1.84014
2445895.04084 3.09389
2445896.04089 4.37991
2445897.04093 6.66211
2445898.04098 7.63039
2445899.04102 8.60107
2445900.04107 7.14252
2445901.04112 6.59063
2445902.04116 6.43944
2445903.04121 4.91247
2445904.04125 3.13696
2445905.04130 2.05687
2445906.04134 1.44172
2445907.04139 1.09905
2445908.04143 1.17706
2445909.04148 1.99853
2445910.04153 3.24046
2446096.05001 3.77652
2446097.05006 2.07988
2446098.05010 0.83974
2446099.05015 0.18031
2446100.05020 0.00672
2446101.05024 0.46454
2446102.05029 1.63717
2446103.05033 2.97269
2446104.05038 4.34819
2446105.05042 6.01558
2446106.05047 7.76840
2446107.05052 6.40452
2446108.05056 7.74354
2446109.05061 6.05572
2446110.05065 5.45737
2446111.05070 2.98484
2446112.05074 1.62451
2446113.05079 0.43279
2446114.05084 -0.27719
2446115.05088 -0.29474
2446116.05093 0.27913
2446117.05097 1.49188
2446118.05102 2.96782
2446119.05106 4.64333
2446120.05111 5.65955
2446121.05115 6.80567
2446122.05120 7.17060
2446123.05125 6.30524
2446124.05129 4.56875
2446125.05134 3.78252
2446126.05138 2.74774
2446127.05143 0.76594
2446128.05147 -0.18982
2446129.05152 -0.71690
2446130.05157 -0.68475
2446131.05161 0.03224
2446132.05166 1.08771
2446133.05170 3.21721
2446134.05175 3.96900
2446135.05179 6.10793
2446136.05184 5.71664
2446137.05188 5.74225
2446138.05193 5.53627
2446139.05198 5.04433
2446140.05202 3.10153
2446141.05207 1.64108
2446142.05211 0.24870
2446143.05216 -0.81642
2446144.05220 -1.26203
2446145.05225 -0.99718
2446146.05230 -0.24077
2446147.05234 1.01017
2446148.05239 2.45932
2446149.05243 3.72486
2446150.05248 4.74194
2446151.05252 5.66857
2446152.05257 5.19304
2446153.05261 4.45228
2446154.05266 3.98214
2446155.05271 2.12718
2446156.05275 0.92346
2446157.05280 -0.39469
2446158.05284 -1.19384
2446159.05289 -1.53475
2446160.05293 -1.46524
2446161.05298 -0.44997
2446162.05303 0.82155
2446163.05307 2.32113
2446164.05312 3.92544
2446165.05316 4.89843
2446166.05321 5.08770
2446167.05325 3.92391
2446168.05330 3.40600
2446169.05334 3.05909
2446170.05339 1.89977
2446171.05344 0.25145
2446172.05348 -1.10702
2446173.05353 -1.85044
2446174.05357 -1.82796
2446175.05362 -1.77245
2446176.05366 -0.81250
2446177.05371 0.62557
2446178.05376 2.06861
2446179.05380 3.68399
2446180.05385 4.34735
2446181.05389 4.51957
2446182.05394 4.53200
2446183.05398 3.90671
2446184.05403 2.48601
2446185.05408 0.96226
2446186.05412 -0.47654
2446187.05417 -1.33787
2446188.05421 -2.14384
2446189.05426 -2.46951
2446190.05430 -2.41425
2446191.05435 -1.13241
2446192.05439 0.29805
2446193.05444 1.87979
2446194.05449 2.86311
2446195.05453 3.29068
2446196.05458 4.44181
2446197.05462 4.11152
2446198.05467 3.56393
2446199.05471 1.83057
2446200.05476 0.24388
2446201.05481 -1.04951
2446202.05485 -2.34533
2446203.05490 -2.84027
2446204.05494 -2.59847
2446205.05499 -2.53591
2446206.05503 -1.11944
2446207.05508 0.19538
2446208.05512 1.62039
2446209.05517 3.13790
2446210.05522 3.64133
2446211.05526 3.94717
2446212.05531 3.11188
2446213.05535 1.96616
2446214.05540 1.05505
2446215.05544 -0.52152
2446216.05549 -2.01143
2446217.05554 -3.43234
2446218.05558 -3.47230
2446219.05563 -2.77477
2446220.05567 -2.32322
2446221.05572 -1.55842
2446222.05576 -0.06027
2446223.05581 1.20183
2446224.05585 1.99511
2446225.05590 2.55392
2446226.05595 3.06283
2446227.05599 3.08291
2446228.05604 1.71303
2446229.05608 0.23657
2446230.05613 -1.30840
2446231.05617 -3.05318
2446232.05622 -2.78800
2446233.05627 -4.43336
2446234.05631 -4.24720
2446235.05636 -3.10704
2446236.05640 -2.34055
2446237.05645 -0.30839
2446238.05649 0.97486
2446239.05654 2.19573
2446240.05658 2.61176
2446241.05663 2.63879
2446242.05668 1.65709
2446243.05672 1.11058
2446244.05677 -0.53407
2446245.05681 -2.03189
2446246.05686 -2.88206
2446247.05690 -3.12992
2446248.05695 -4.60201
2446249.05700 -4.14830
2446250.05704 -3.35549
2446251.05709 -2.13567
2446252.05713 -0.50678
2446253.05718 0.82672
2446254.05722 1.77713
2446255.05727 2.03135
2446256.05731 2.38808
2446257.05736 1.76417
2446258.05741 0.25016
2446259.05745 -1.24956
2446260.05750 -2.91594
2446261.05754 -3.68543
2446262.05759 -5.23343
2446263.05763 -4.78206
2446264.05768 -4.49170
2446265.05773 -4.37396
2446266.05777 -2.35960
2446267.05782 -0.66806
2446268.05786 0.66352
2446269.05791 1.93186
2446270.05795 1.80624
2446271.05800 1.54375
2446272.05805 0.87141
2446273.05809 -0.48585
2446274.05814 -2.13802
2446275.05818 -3.29092
2446461.06667 -2.31686
2446462.06672 -1.41162
2446463.06676 -1.57605
2446464.06681 -2.07850
2446465.06685 -2.41538
2446466.06690 -4.63036
2446467.06694 -4.90043
2446468.06699 -7.75050
2446469.06703 -9.06883
2446470.06708 -7.96592
2446471.06713 -8.52971
2446472.06717 -7.83023
2446473.06722 -6.50421
2446474.06726 -5.69749
2446475.06731 -3.84775
2446476.06735 -2.33339
2446477.06740 -1.67785
2446478.06745 -1.68037
2446479.06749 -1.94728
2446480.06754 -2.70701
2446481.06758 -3.96532
2446482.06763 -6.90333
2446483.06767 -7.19176
2446484.06772 -8.99120
2446485.06776 -9.83090
2446486.06781 -9.14935
2446487.06786 -8.76837
2446488.06790 -7.47597
2446489.06795 -4.65572
2446490.06799 -3.14370
2446491.06804 -1.89115
2446492.06808 -1.31978
2446493.06813 -1.31345
2446494.06818 -2.15090
2446495.06822 -3.55592
2446496.06827 -4.35057
2446497.06831 -6.10074
2446498.06836 -8.84906
2446499.06840 -8.38845
2446500.06845 -9.07198
2446501.06850 -8.13017
2446502.06854 -7.53650
2446503.06859 -5.43713
2446504.06863 -4.47076
2446505.06868 -2.63106
2446506.06872 -1.51381
2446507.06877 -1.36010
2446508.06881 -1.46291
2446509.06886 -1.98964
2446510.06891 -3.55060
2446511.06895 -5.36444
2446512.06900 -5.87231
2446513.06904 -7.57377
2446514.06909 -6.81095
2446515.06913 -8.76017
2446516.06918 -7.87334
2446517.06923 -6.48953
2446518.06927 -5.01143
2446519.06932 -3.89579
2446520.06936 -2.60422
2446521.06941 -1.43512
2446522.06945 -0.90854
2446523.06950 -1.42429
2446524.06954 -2.26753
2446525.06959 -3.47156
2446526.06964 -4.58736
2446527.06968 -5.52594
2446528.06973 -7.86439
2446529.06977 -7.16921
2446530.06982 -7.77938
2446531.06986 -7.16352
2446532.06991 -7.23607
2446533.06996 -4.94444
2446534.07000 -2.85476
2446535.07005 -1.54528
2446536.07009 -1.11523
2446537.07014 -0.74128
2446538.07018 -1.02118
2446539.07023 -2.13932
2446540.07027 -2.97833
2446541.07032 -4.77123
2446542.07037 -5.57900
2446543.07041 -7.74313
2446544.07046 -7.09221
2446545.07050 -7.66526
2446546.07055 -7.50620
2446547.07059 -5.50020
2446548.07064 -4.90781
2446549.07069 -2.90466
2446550.07073 -1.52126
2446551.07078 -0.63991
2446552.07082 -0.59849
2446553.07087 -1.00265
2446554.07091 -1.96687
2446555.07096 -3.32321
2446556.07100 -4.29095
2446557.07105 -6.03449
2446558.07110 -8.05872
2446559.07114 -7.68652
2446560.07119 -8.53003
2446561.07123 -6.11871
2446562.07128 -5.26215
2446563.07132 -3.43629
2446564.07137 -2.56779
2446565.07142 -0.99663
2446566.07146 -0.47112
2446567.07151 -0.29885
2446568.07155 -0.81217
2446569.07160 -1.73245
2446570.07164 -3.26496
2446571.07169 -5.63320
2446572.07173 -5.78204
2446573.07178 -6.79356
2446574.07183 -6.92443
2446575.07187 -5.95791
2446576.07192 -5.79251
2446577.07196 -4.17100
2446578.07201 -3.10337
2446579.07205 -1.87987
2446580.07210 -0.58929
2446581.07215 -0.01165
2446582.07219 -0.02150
2446583.07224 -0.66901
2446584.07228 -1.87489
2446585.07233 -3.08820
2446586.07237 -4.88137
2446587.07242 -5.70902
2446588.07247 -6.79648
2446589.07251 -6.31101
2446590.07256 -7.44800
2446591.07260 -5.58094
2446592.07265 -3.66920
2446593.07269 -2.67748
2446594.07274 -1.23103
2446595.07278 -0.10472
2446596.07283 0.42433
2446597.07288 0.31920
2446598.07292 -0.33384
2446599.07297 -1.29829
2446600.07301 -3.20363
2446601.07306 -5.09282
2446602.07310 -5.52544
2446603.07315 -6.84997
2446604.07320 -6.36710
2446605.07324 -4.80208
2446606.07329 -3.80817
2446607.07333 -3.24658
2446608.07338 -1.68910
2446609.07342 -0.54439
2446610.07347 0.39299
2446611.07351 0.86488
2446612.07356 0.52273
2446613.07361 -0.24547
2446614.07365 -1.36432
2446615.07370 -3.35252
2446616.07374 -4.42954
2446617.07379 -5.85597
2446618.07383 -5.84702
2446619.07388 -6.07285
2446620.07393 -4.54756
2446621.07397 -4.05378
2446622.07402 -2.83866
2446623.07406 -1.20326
2446624.07411 0.07040
2446625.07415 0.84650
2446626.07420 1.10494
2446627.07424 0.63327
2446628.07429 0.00812
2446629.07434 -1.44278
2446630.07438 -3.40951
2446631.07443 -4.27600
2446632.07447 -6.11157
2446633.07452 -4.92271
2446634.07456 -5.96910
2446635.07461 -4.88296
2446636.07466 -3.90258
2446637.07470 -2.40094
2446638.07475 -0.40132
2446639.07479 0.77982
2446640.07484 1.08408
2446827.08337 0.51519
2446828.08342 1.24010
2446829.08346 2.31808
2446830.08351 3.79301
2446831.08355 5.71761
2446832.08360 7.16806
2446833.08365 6.82215
2446834.08369 7.47861
2446835.08374 5.47592
2446836.08378 5.35956
2446837.08383 3.99578
2446838.08387 2.66432
2446839.08392 1.38835
2446840.08396 0.56594
2446841.08401 0.54395
2446842.08406 0.99262
2446843.08410 2.01857
2446844.08415 2.99735
2446845.08419 5.27616
2446846.08424 6.13595
2446847.08428 7.85113
2446848.08433 7.38504
2446849.08438 6.91532
2446850.08442 6.18447
2446851.08447 6.19700
2446852.08451 4.23072
2446853.08456 2.71263
2446854.08460 1.60329
2446855.08465 0.82138
2446856.08469 0.81865
2446857.08474 1.11004
2446858.08479 2.31138
2446859.08483 3.14141
2446860.08488 5.28931
2446861.08492 7.25366
2446862.08497 5.77223
2446863.08501 7.83203
2446864.08506 7.88371
2446865.08511 7.46121
2446866.08515 5.39925
2446867.08520 3.80948
2446868.08524 2.91696
2446869.08529 1.75188
2446870.08533 0.96346
2446871.08538 1.06163
2446872.08542 1.76776
2446873.08547 2.39953
2446874.08552 4.71265
2446875.08556 5.80622
2446876.08561 7.48668
2446877.08565 7.87988
2446878.08570 8.35284
2446879.08574 7.42704
2446880.08579 7.63106
2446881.08584 6.54363
2446882.08588 4.14395
2446883.08593 3.10857
2446884.08597 1.76299
2446885.08602 0.97318
2446886.08606 1.23462
2446887.08611 1.97163
2446888.08615 3.71923
2446889.08620 4.38962
2446890.08625 5.62270
2446891.08629 7.86612
2446892.08634 8.27258
2446893.08638 8.40444
2446894.08643 8.27202
2446895.08647 6.51949
2446896.08652 5.34767
2446897.08657 3.86453
2446898.08661 2.86977
2446899.08666 1.79768
2446900.08670 1.49921
2446901.08675 1.47775
2446902.08679 2.19913
2446903.08684 3.88751
2446904.08689 4.78168
2446905.08693 5.66615
2446906.08698 7.78272
2446907.08702 9.27250
2446908.08707 6.44327
2446909.08711 6.86156
2446910.08716 6.48361
2446911.08720 5.29647
2446912.08725 3.56819
2446913.08730 2.24919
2446914.08734 1.45147
2446915.08739 1.53805
2446916.08743 1.81896
2446917.08748 2.54834
2446918.08752 3.88174
2446919.08757 5.79227
2446920.08762 6.13509
2446921.08766 7.54331
2446922.08771 7.61909
2446923.08775 8.42721
2446924.08780 7.12904
2446925.08784 7.09560
2446926.08789 4.94677
2446927.08793 4.16850
2446928.08798 2.59029
2446929.08803 1.81251
2446930.08807 1.25725
2446931.08812 2.03568
2446932.08816 3.13367
2446933.08821 3.20552
2446934.08825 5.55615
2446935.08830 7.18057
2446936.08835 8.39280
2446937.08839 7.80911
2446938.08844 7.96616
2446939.08848 7.52549
2446940.08853 6.49828
2446941.08857 3.84763
2446942.08862 3.81458
2446943.08866 2.22628
2446944.08871 1.67643
2446945.08876 1.48854
2446946.08880 2.11051
2446947.08885 2.83446
2446948.08889 5.03689
2446949.08894 5.06112
2446950.08898 7.13792
2446951.08903 8.28613
2446952.08908 8.29192
2446953.08912 8.75584
2446954.08917 6.62565
2446955.08921 5.38936
2446956.08926 4.43929
2446957.08930 3.21631
2446958.08935 2.02833
2446959.08939 1.70147
2446960.08944 1.20204
2446961.08949 2.26105
2446962.08953 3.02134
2446963.08958 5.42419
2446964.08962 6.91952
2446965.08967 7.38689
2446966.08971 7.79805
2446967.08976 8.57373
2446968.08981 7.14063
2446969.08985 5.94599
2446970.08990 5.47000
2446971.08994 4.05111
2446972.08999 3.10450
2446973.09003 1.80271
2446974.09008 1.42504
2446975.09013 1.64543
2446976.09017 2.44602
2446977.09022 3.21452
2446978.09026 4.59596
2446979.09031 5.61627
2446980.09035 7.00707
2446981.09040 8.93867
2446982.09044 7.40292
2446983.09049 9.54411
2446984.09054 6.64766
2446985.09058 5.40880
2446986.09063 4.74385
2446987.09067 2.17395
2446988.09072 1.54328
2446989.09076 1.11817
2446990.09081 1.19041
2446991.09086 2.30030
2446992.09090 3.69928
2446993.09095 4.29989
2446994.09099 5.70551
2446995.09104 7.11196
2446996.09108 7.62565
2446997.09113 7.59093
2446998.09117 8.20704
2446999.09122 6.14360
2447000.09127 4.39054
2447001.09131 3.67338
2447002.09136 2.02205
2447003.09140 1.26883
2447004.09145 0.97706
2447005.09149 1.48338
2447006.09154 2.07903
2447192.10003 0.86647
2447193.10007 -0.55087
2447194.10012 -2.09271
2447195.10016 -2.55900
2447196.10021 -3.41549
2447197.10026 -3.51132
2447198.10030 -2.70857
2447199.10035 -2.27987
2447200.10039 -1.13572
2447201.10044 0.24827
2447202.10048 1.25203
2447203.10053 2.49299
2447204.10057 2.51999
2447205.10062 2.39057
2447206.10067 1.41159
2447207.10071 0.15029
2447208.10076 -1.07594
2447209.10080 -3.08588
2447210.10085 -3.40640
2447211.10089 -3.61807
2447212.10094 -5.46253
2447213.10099 -3.66524
2447214.10103 -2.55017
2447215.10108 -1.35239
2447216.10112 0.03794
2447217.10117 1.14830
2447218.10121 2.21298
2447219.10126 2.25417
2447220.10131 1.48189
2447221.10135 0.74279
2447222.10140 -0.51133
2447223.10144 -2.40322
2447224.10149 -3.41635
2447225.10153 -3.69013
2447226.10158 -5.15483
2447227.10162 -5.26527
2447228.10167 -4.05587
2447229.10172 -2.31776
2447230.10176 -1.69442
2447231.10181 -0.20249
2447232.10185 0.98331
2447233.10190 1.72181
2447234.10194 1.71763
2447235.10199 1.02120
2447236.10204 0.12712
2447237.10208 -1.25742
2447238.10213 -2.96517
2447239.10217 -3.74963
2447240.10222 -4.92406
2447241.10226 -4.74381
2447242.10231 -5.15603
2447243.10235 -4.36793
2447244.10240 -3.16846
2447245.10245 -1.92012
2447246.10249 -0.45581
2447247.10254 0.69023
2447248.10258 1.33494
2447249.10263 1.13345
2447250.10267 0.53793
2447251.10272 -0.52562
2447252.10277 -1.74466
2447253.10281 -3.79543
2447254.10286 -4.44932
2447255.10290 -5.77474
2447256.10295 -5.10812
2447257.10299 -5.34626
2447258.10304 -4.06999
2447259.10308 -3.20414
2447260.10313 -1.80701
2447261.10318 -0.61086
2447262.10322 0.41223
2447263.10327 0.88994
2447264.10331 0.76554
2447265.10336 0.01035
2447266.10340 -1.19888
2447267.10345 -2.65498
2447268.10350 -4.40410
2447269.10354 -5.32111
2447270.10359 -6.13514
2447271.10363 -6.98373
2447272.10368 -5.59469
2447273.10372 -4.88656
2447274.10377 -3.30185
2447275.10381 -1.85332
2447276.10386 -0.84369
2447277.10391 0.09071
2447278.10395 0.46212
2447279.10400 0.28413
2447280.10404 -0.52253
2447281.10409 -1.68334
2447282.10413 -2.62374
2447283.10418 -5.43208
2447284.10423 -7.48659
2447285.10427 -5.94308
2447286.10432 -6.19869
2447287.10436 -6.19315
2447288.10441 -5.04753
2447289.10445 -3.85304
2447290.10450 -2.14312
2447291.10455 -1.15548
2447292.10459 -0.14205
2447293.10464 0.12717
2447294.10468 -0.15455
2447295.10473 -0.96110
2447296.10477 -2.07313
2447297.10482 -3.54453
2447298.10486 -5.36943
2447299.10491 -5.77356
2447300.10496 -6.11851
2447301.10500 -7.14712
2447302.10505 -5.35229
2447303.10509 -4.45419
2447304.10514 -3.33745
2447305.10518 -2.44597
2447306.10523 -0.98474
2447307.10528 -0.41287
2447308.10532 -0.21100
2447309.10537 -0.59467
2447310.10541 -1.78986
2447311.10546 -2.93889
2447312.10550 -4.63959
2447313.10555 -6.47776
2447314.10559 -6.96341
2447315.10564 -6.25407
2447316.10569 -7.30600
2447317.10573 -6.77397
2447318.10578 -5.58806
2447319.10582 -3.89607
2447320.10587 -2.18463
2447321.10591 -1.26091
2447322.10596 -0.53133
2447323.10601 -0.50349
2447324.10605 -1.00575
2447325.10610 -2.23542
2447326.10614 -4.30509
2447327.10619 -5.02807
2447328.10623 -6.39149
2447329.10628 -7.30048
2447330.10632 -6.77232
2447331.10637 -7.47056
2447332.10642 -5.89793
2447333.10646 -4.87851
2447334.10651 -3.82565
2447335.10655 -2.36960
2447336.10660 -1.33041
2447337.10664 -0.76156
2447338.10669 -0.89479
2447339.10674 -1.70217
2447340.10678 -2.67883
2447341.10683 -3.34825
2447342.10687 -6.47948
2447343.10692 -5.93615
2447344.10696 -7.40211
2447345.10701 -7.63064
2447346.10705 -7.96533
2447347.10710 -6.87996
2447348.10715 -5.33675
2447349.10719 -3.44469
2447350.10724 -2.25267
2447351.10728 -1.47752
2447352.10733 -1.00960
2447353.10737 -1.04343
2447354.10742 -1.83571
2447355.10747 -2.63546
2447356.10751 -4.87163
2447357.10756 -5.65709
2447358.10760 -6.76836
2447359.10765 -7.36307
2447360.10769 -7.53070
2447361.10774 -6.94175
2447362.10778 -5.84118
2447363.10783 -6.21099
2447364.10788 -3.46784
2447365.10792 -2.28476
2447366.10797 -1.68677
2447367.10801 -1.28508
2447368.10806 -1.51679
2447369.10810 -2.18083
2447370.10815 -2.33441
2447371.10820 -3.61324
2447557.11668 -1.60892
2447558.11673 -0.45604
2447559.11677 0.24552
2447560.11682 0.40773
2447561.11687 0.08762
2447562.11691 -0.74554
2447563.11696 -2.48245
2447564.11700 -3.18828
2447565.11705 -4.19292
2447566.11709 -5.38748
2447567.11714 -6.05258
2447568.11719 -5.72058
2447569.11723 -5.30476
2447570.11728 -4.10064
2447571.11732 -2.57644
2447572.11737 -1.11095
2447573.11741 0.06673
2447574.11746 0.72185
2447575.11750 0.88197
2447576.11755 0.30496
2447577.11760 -0.60461
2447578.11764 -1.54997
2447579.11769 -3.10901
2447580.11773 -4.29866
2447581.11778 -5.02272
2447582.11782 -5.53859
2447583.11787 -5.08488
2447584.11792 -5.02638
2447585.11796 -3.08607
2447586.11801 -1.77073
2447587.11805 -0.47342
2447588.11810 0.58322
2447589.11814 1.17828
2447590.11819 1.18855
2447591.11823 0.52363
2447592.11828 -0.38939
2447593.11833 -1.68650
2447594.11837 -3.54478
2447595.11842 -3.70133
2447596.11846 -4.52863
2447597.11851 -6.18990
2447598.11855 -4.65167
2447599.11860 -4.70783
2447600.11865 -2.30363
2447601.11869 -1.14555
2447602.11874 0.20536
2447603.11878 1.22791
2447604.11883 1.47354
2447605.11887 1.74716
2447606.11892 0.78190
2447607.11897 -0.23375
2447608.11901 -1.75309
2447609.11906 -2.60863
2447610.11910 -4.51788
2447611.11915 -3.94890
2447612.11919 -5.30410
2447613.11924 -4.55788
2447614.11928 -2.45656
2447615.11933 -1.95775
2447616.11938 -0.35981
2447617.11942 0.86918
2447618.11947 1.69756
2447619.11951 2.02015
2447620.11956 1.85227
2447621.11960 1.21700
2447622.11965 -0.01205
2447623.11970 -1.53211
2447624.11974 -2.81454
2447625.11979 -3.30284
2447626.11983 -4.78585
2447627.11988 -4.39038
2447628.11992 -3.48959
2447629.11997 -2.62665
2447630.12001 -1.09918
2447631.12006 0.24719
2447632.12011 1.38680
2447633.12015 2.52565
2447634.12020 2.56500
2447635.12024 2.42082
2447636.12029 1.52549
2447637.12033 0.21023
2447638.12038 -1.07983
2447639.12043 -2.54504
2447640.12047 -3.24221
2447641.12052 -3.84754
2447642.12056 -3.90128
2447643.12061 -2.83528
2447644.12065 -1.79538
2447645.12070 -0.40233
2447646.12074 0.93734
2447647.12079 2.09227
2447648.12084 3.06990
2447649.12088 3.00600
2447650.12093 2.96783
2447651.12097 1.77473
2447652.12102 0.40255
2447653.12106 -0.90041
2447654.12111 -2.15633
2447655.12116 -3.21444
2447656.12120 -3.89226
2447657.12125 -3.17558
2447658.12129 -2.58804
2447659.12134 -0.97344
2447660.12138 0.24533
2447661.12143 1.55245
2447662.12147 2.44219
2447663.12152 3.61584
2447664.12157 3.78687
2447665.12161 3.57088
2447666.12166 1.75034
2447667.12170 0.65162
2447668.12175 -0.59265
2447669.12179 -1.61861
2447670.12184 -2.55281
2447671.12189 -2.91262
2447672.12193 -2.75621
2447673.12198 -1.56444
2447674.12202 -0.52182
2447675.12207 0.94814
2447676.12211 2.06482
2447677.12216 3.28403
2447678.12220 3.92323
2447679.12225 3.50036
2447680.12230 3.07274
2447681.12234 1.89705
2447682.12239 0.80652
2447683.12243 -0.47712
2447684.12248 -1.59649
2447685.12252 -2.06560
2447686.12257 -2.42167
2447687.12262 -2.39079
2447688.12266 -1.00619
2447689.12271 0.23076
2447690.12275 1.33406
2447691.12280 2.78651
2447692.12284 4.03246
2447693.12289 3.46153
2447694.12294 4.03892
2447695.12298 4.32730
2447696.12303 2.79444
2447697.12307 1.03482
2447698.12312 -0.21884
2447699.12316 -1.43229
2447700.12321 -1.67955
2447701.12325 -2.15609
2447702.12330 -1.41485
2447703.12335 -0.50869
2447704.12339 1.00349
2447705.12344 2.56884
2447706.12348 3.75772
2447707.12353 5.13972
2447708.12357 5.45961
2447709.12362 4.92948
2447710.12367 4.22551
2447711.12371 2.64569
2447712.12376 1.36294
2447713.12380 -0.05286
2447714.12385 -1.01911
2447715.12389 -1.70784
2447716.12394 -1.32112
2447717.12398 -0.79716
2447718.12403 0.20592
2447719.12408 1.37622
2447720.12412 3.05578
2447721.12417 4.44993
2447722.12421 5.16486
2447723.12426 5.35610
2447724.12430 4.03112
2447725.12435 5.07685
2447726.12440 2.36244
2447727.12444 1.53125
2447728.12449 0.16044
2447729.12453 -0.73176
2447730.12458 -1.15342
2447731.12462 -1.06603
2447732.12467 -0.31309
2447733.12471 0.73764
2447734.12476 2.51828
2447735.12481 3.85285
2447736.12485 4.52404
2447922.13334 1.32819
2447923.13339 1.03262
2447924.13343 1.35848
2447925.13348 2.60018
2447926.13352 3.64292
2447927.13357 5.43352
2447928.13361 5.93833
2447929.13366 7.09072
2447930.13370 8.66487
2447931.13375 6.40700
2447932.13380 7.91791
2447933.13384 5.17874
2447934.13389 5.19125
2447935.13393 2.84473
2447936.13398 1.81274
2447937.13402 1.57273
2447938.13407 1.33076
2447939.13412 1.79562
2447940.13416 2.19173
2447941.13421 3.70948
2447942.13425 5.32475
2447943.13430 7.23535
2447944.13434 7.10394
2447945.13439 7.81053
2447946.13443 8.21455
2447947.13448 5.84581
2447948.13453 5.84899
2447949.13457 3.77234
2447950.13462 2.92847
2447951.13466 1.90305
2447952.13471 1.31291
2447953.13475 1.21059
2447954.13480 1.36175
2447955.13485 2.21169
2447956.13489 3.81890
2447957.13494 4.96854
2447958.13498 6.82990
2447959.13503 8.03743
2447960.13507 6.64806
2447961.13512 8.54304
2447962.13516 7.36198
2447963.13521 6.32373
2447964.13526 3.47491
2447965.13530 2.87611
2447966.13535 1.40180
2447967.13539 0.87479
2447968.13544 1.02598
2447969.13548 1.45676
2447970.13553 1.99666
2447971.13558 4.07269
2447972.13562 5.88130
2447973.13567 5.56751
2447974.13571 7.99088
2447975.13576 8.99485
2447976.13580 7.81575
2447977.13585 6.22993
2447978.13589 4.90632
2447979.13594 3.40693
2447980.13599 2.13398
2447981.13603 1.26293
2447982.13608 0.75991
2447983.13612 0.93885
2447984.13617 1.30900
2447985.13621 2.51039
2447986.13626 3.14770
2447987.13631 4.71740
2447988.13635 5.83987
2447989.13640 6.78141
2447990.13644 6.23285
2447991.13649 6.64999
2447992.13653 6.54272
2447993.13658 4.08706
2447994.13662 3.08175
2447995.13667 1.74664
2447996.13672 0.90748
2447997.13676 0.45426
2447998.13681 0.68535
2447999.13685 1.44222
2448000.13690 2.64684
2448001.13694 4.11449
2448002.13699 5.24432
2448003.13704 6.15195
2448004.13708 6.63316
2448005.13713 6.32826
2448006.13717 6.67372
2448007.13722 4.79059
2448008.13726 4.11954
2448009.13731 2.46294
2448010.13736 1.17857
2448011.13740 0.42179
2448012.13745 0.14600
2448013.13749 0.46969
2448014.13754 1.40243
2448015.13758 2.64045
2448016.13763 3.57809
2448017.13767 4.88276
2448018.13772 6.53621
2448019.13777 6.39215
2448020.13781 5.51966
2448021.13786 6.04230
2448022.13790 4.47341
2448023.13795 2.24748
2448024.13799 1.75534
2448025.13804 0.87023
2448026.13809 0.00297
2448027.13813 -0.15960
2448028.13818 0.25566
2448029.13822 1.12688
2448030.13827 1.89263
2448031.13831 3.94605
2448032.13836 4.98269
2448033.13840 5.87840
2448034.13845 6.12516
2448035.13850 6.14516
2448036.13854 5.34619
2448037.13859 4.28862
2448038.13863 2.55404
2448039.13868 1.20701
2448040.13872 0.20495
2448041.13877 -0.44340
2448042.13882 -0.49161
2448043.13886 0.02482
2448044.13891 0.98528
2448045.13895 2.12101
2448046.13900 3.80333
2448047.13904 5.29409
2448048.13909 5.60408
2448049.13913 5.31154
2448050.13918 4.60275
2448051.13923 4.22533
2448052.13927 2.87132
2448053.13932 2.10345
2448054.13936 0.65650
2448055.13941 -0.32288
2448056.13945 -0.81473
2448057.13950 -0.63677
2448058.13955 -0.21127
2448059.13959 0.87248
2448060.13964 2.28951
2448061.13968 3.17343
2448062.13973 4.30181
2448063.13977 4.37591
2448064.13982 5.73573
2448065.13986 5.56882
2448066.13991 4.99344
2448067.13996 2.68840
2448068.14000 1.25443
2448069.14005 0.10415
2448070.14009 -0.68005
2448071.14014 -1.28996
2448072.14018 -1.20414
2448073.14023 -0.45169
2448074.14028 0.64009
2448075.14032 1.81220
2448076.14037 3.23850
2448077.14041 4.20800
2448078.14046 3.63749
2448079.14050 5.63590
2448080.14055 4.08619
2448081.14060 3.32815
2448082.14064 2.26956
2448083.14069 0.84113
2448084.14073 -0.55406
2448085.14078 -1.17321
2448086.14082 -1.55801
2448087.14087 -1.12254
2448088.14091 -0.69069
2448089.14096 0.51976
2448090.14101 1.55748
2448091.14105 3.15705
2448092.14110 4.48997
2448093.14114 3.96309
2448094.14119 4.12984
2448095.14123 4.37117
2448096.14128 2.41553
2448097.14133 1.47583
2448098.14137 0.07238
2448099.14142 -1.02831
2448100.14146 -1.63189
2448101.14151 -1.88068
2448288.15004 -1.47522
2448289.15009 -2.31517
2448290.15013 -3.74937
2448291.15018 -5.29630
2448292.15022 -5.90013
2448293.15027 -7.13789
2448294.15031 -6.83986
2448295.15036 -5.75263
2448296.15041 -5.19433
2448297.15045 -3.94654
2448298.15050 -2.92263
2448299.15054 -1.87557
2448300.15059 -1.02864
2448301.15063 -0.74289
2448302.15068 -1.00082
2448303.15073 -1.52803
2448304.15077 -2.96035
2448305.15082 -5.02437
2448306.15086 -5.37395
2448307.15091 -6.83627
2448308.15095 -6.37016
2448309.15100 -7.88202
2448310.15104 -6.24461
2448311.15109 -5.40075
2448312.15114 -3.98361
2448313.15118 -2.88558
2448314.15123 -2.06717
2448315.15127 -0.99707
2448316.15132 -0.98469
2448317.15136 -1.41429
2448318.15141 -2.44942
2448319.15146 -3.86313
2448320.15150 -3.66196
2448321.15155 -5.35834
2448322.15159 -5.72452
2448323.15164 -7.30094
2448324.15168 -7.81429
2448325.15173 -6.48914
2448326.15178 -5.61135
2448327.15182 -3.66333
2448328.15187 -3.05169
2448329.15191 -1.66334
2448330.15196 -1.06127
2448331.15200 -1.27304
2448332.15205 -1.70914
2448333.15209 -2.35597
2448334.15214 -3.98292
2448335.15219 -4.29630
2448336.15223 -6.06215
2448337.15228 -7.82726
2448338.15232 -7.00125
2448339.15237 -6.99971
2448340.15241 -6.58810
2448341.15246 -5.12691
2448342.15251 -3.41550
2448343.15255 -2.79014
2448344.15260 -1.76532
2448345.15264 -1.46668
2448346.15269 -1.07652
2448347.15273 -2.19724
2448348.15278 -2.48246
2448349.15282 -4.14161
2448350.15287 -5.34511
2448351.15292 -6.89132
2448352.15296 -8.14561
2448353.15301 -7.56045
2448354.15305 -7.37535
2448355.15310 -6.30151
2448356.15314 -4.97929
2448357.15319 -3.50237
2448358.15324 -2.77679
2448359.15328 -1.83586
2448360.15333 -1.32296
2448361.15337 -1.62195
2448362.15342 -1.99438
2448363.15346 -3.07111
2448364.15351 -4.73481
2448365.15355 -6.53342
2448366.15360 -7.25670
2448367.15365 -6.37309
2448368.15369 -6.96166
2448369.15374 -6.97422
2448370.15378 -5.57597
2448371.15383 -5.78346
2448372.15387 -3.92863
2448373.15392 -2.47062
2448374.15397 -1.74257
2448375.15401 -1.53214
2448376.15406 -1.61699
2448377.15410 -2.06961
2448378.15415 -3.64849
2448379.15419 -4.28990
2448380.15424 -6.57550
2448381.15428 -7.66152
2448382.15433 -7.96459
2448383.15438 -6.38250
2448384.15442 -7.79705
2448385.15447 -5.41389
2448386.15451 -5.80061
2448387.15456 -2.98513
2448388.15460 -1.93395
2448389.15465 -1.52057
2448390.15470 -1.30545
2448391.15474 -1.55255
2448392.15479 -2.19713
2448393.15483 -4.34421
2448394.15488 -3.89386
2448395.15492 -5.36620
2448396.15497 -7.91762
2448397.15502 -7.67551
2448398.15506 -7.35332
2448399.15511 -6.48076
2448400.15515 -5.89467
2448401.15520 -4.88960
2448402.15524 -2.36290
2448403.15529 -1.94523
2448404.15533 -1.45597
2448405.15538 -1.06181
2448406.15543 -1.60005
2448407.15547 -2.50764
2448408.15552 -3.95086
2448409.15556 -5.08564
2448410.15561 -6.27194
2448411.15565 -7.31414
2448412.15570 -8.08603
2448413.15575 -7.63702
2448414.15579 -5.63932
2448415.15584 -6.05240
2448416.15588 -3.62733
2448417.15593 -3.19737
2448418.15597 -2.11098
2448419.15602 -1.23745
2448420.15606 -1.63898
2448421.15611 -1.81517
2448422.15616 -2.54625
2448423.15620 -4.25900
2448424.15625 -4.45263
2448425.15629 -6.03850
2448426.15634 -7.27885
2448427.15638 -8.11508
2448428.15643 -7.18955
2448429.15648 -7.44116
2448430.15652 -4.98933
2448431.15657 -3.87406
2448432.15661 -2.93076
2448433.15666 -1.50677
2448434.15670 -1.08221
2448435.15675 -1.05843
2448436.15679 -1.87110
2448437.15684 -2.69881
2448438.15689 -3.45449
2448439.15693 -4.20599
2448440.15698 -6.42546
2448441.15702 -6.63493
2448442.15707 -7.31477
2448443.15711 -6.97767
2448444.15716 -5.89241
2448445.15721 -3.77517
2448446.15725 -3.55615
2448447.15730 -2.04128
2448448.15734 -1.16328
2448449.15739 -0.84834
2448450.15743 -0.94844
2448451.15748 -1.47286
2448452.15752 -2.49293
2448453.15757 -3.78641
2448454.15762 -5.30526
2448455.15766 -5.83615
2448456.15771 -7.09845
2448457.15775 -6.89465
2448458.15780 -5.55902
2448459.15784 -5.36215
2448460.15789 -4.37471
2448461.15794 -2.90208
2448462.15798 -1.78390
2448463.15803 -0.93890
2448464.15807 -0.61434
2448465.15812 -0.80669
2448466.15816 -1.78768
2448467.15821 -2.81935
2448653.16670 0.97911
2448654.16674 2.41124
2448655.16679 2.40037
2448656.16683 4.34137
2448657.16688 3.43241
2448658.16693 3.80274
2448659.16697 3.07121
2448660.16702 1.93870
2448661.16706 0.52070
2448662.16711 -0.66597
2448663.16715 -1.58930
2448664.16720 -1.87257
2448665.16724 -1.72051
2448666.16729 -0.80233
2448667.16734 0.28360
2448668.16738 1.25645
2448669.16743 3.07067
2448670.16747 3.74048
2448671.16752 5.35482
2448672.16756 4.66007
2448673.16761 4.38731
2448674.16766 2.99486
2448675.16770 2.32648
2448676.16775 0.63517
2448677.16779 -0.42599
2448678.16784 -1.08576
2448679.16788 -1.31433
2448680.16793 -1.08523
2448681.16797 -0.28147
2448682.16802 0.83900
2448683.16807 2.24831
2448684.16811 3.13702
2448685.16816 4.53003
2448686.16820 5.43254
2448687.16825 5.39284
2448688.16829 3.19524
2448689.16834 3.37336
2448690.16839 2.07727
2448691.16843 0.92183
2448692.16848 -0.19475
2448693.16852 -0.85640
2448694.16857 -1.07546
2448695.16861 -0.55781
2448696.16866 0.26339
2448697.16870 1.39629
2448698.16875 3.06917
2448699.16880 4.42537
2448700.16884 5.43266
2448701.16889 5.83195
2448702.16893 4.97591
2448703.16898 5.03454
2448704.16902 3.34266
2448705.16907 2.15758
2448706.16912 0.74428
2448707.16916 0.00516
2448708.16921 -0.64128
2448709.16925 -0.57793
2448710.16930 -0.14020
2448711.16934 0.88505
2448712.16939 1.82341
2448713.16944 3.54344
2448714.16948 3.74855
2448715.16953 5.99941
2448716.16957 5.57653
2448717.16962 6.83713
2448718.16966 4.85398
2448719.16971 3.42606
2448720.16975 2.01717
2448721.16980 1.09655
2448722.16985 0.23616
2448723.16989 -0.28341
2448724.16994 -0.25584
2448725.16998 0.39178
2448726.17003 1.09286
2448727.17007 2.43587
2448728.17012 4.06640
2448729.17017 4.88795
2448730.17021 5.77272
2448731.17026 6.46062
2448732.17030 5.81918
2448733.17035 4.98811
2448734.17039 3.75803
2448735.17044 2.43616
2448736.17048 1.32810
2448737.17053 0.45940
2448738.17058 0.00851
2448739.17062 0.14744
2448740.17067 0.84515
2448741.17071 1.91901
2448742.17076 3.73825
2448743.17080 3.94070
2448744.17085 5.61889
2448745.17090 6.02034
2448746.17094 7.35088
2448747.17099 5.38156
2448748.17103 4.75373
2448749.17108 3.76789
2448750.17112 2.30888
2448751.17117 1.25668
2448752.17121 0.59491
2448753.17126 0.28185
2448754.17131 0.56659
2448755.17135 1.21348
2448756.17140 2.65168
2448757.17144 4.23504
2448758.17149 5.82293
2448759.17153 5.39062
2448760.17158 7.57196
2448761.17163 6.66131
2448762.17167 7.01735
2448763.17172 4.76302
2448764.17176 3.83517
2448765.17181 2.53631
2448766.17185 1.22873
2448767.17190 0.72190
2448768.17194 0.41983
2448769.17199 0.77401
2448770.17204 1.45445
2448771.17208 3.02604
2448772.17213 4.17163
2448773.17217 5.36112
2448774.17222 6.23101
2448775.17226 7.03670
2448776.17231 8.27454
2448777.17236 6.10675
2448778.17240 4.63760
2448779.17245 3.95352
2448780.17249 2.32839
2448781.17254 1.58028
2448782.17258 0.97534
2448783.17263 0.76998
2448784.17268 0.91560
2448785.17272 2.15184
2448786.17277 3.71735
2448787.17281 3.93679
2448788.17286 5.17132
2448789.17290 7.43027
2448790.17295 6.51018
2448791.17299 7.12855
2448792.17304 6.20052
2448793.17309 4.99393
2448794.17313 3.63957
2448795.17318 2.46141
2448796.17322 1.40409
2448797.17327 0.93174
2448798.17331 0.92801
2448799.17336 1.43374
2448800.17341 2.74539
2448801.17345 4.08161
2448802.17350 5.29902
2448803.17354 6.39257
2448804.17359 6.91419
2448805.17363 6.67774
2448806.17368 7.26694
2448807.17372 5.59465
2448808.17377 5.52042
2448809.17382 4.16864
2448810.17386 2.64082
2448811.17391 1.85897
2448812.17395 0.85955
2448813.17400 1.25501
2448814.17404 1.56128
2448815.17409 2.79320
2448816.17414 3.81171
2448817.17418 5.37739
2448818.17423 6.51042
2448819.17427 7.11888
2448820.17432 7.58547
2448821.17436 7.24121
2448822.17441 6.65943
2448823.17445 4.93445
2448824.17450 3.76474
2448825.17455 2.12553
2448826.17459 1.22248
2448827.17464 1.19134
2448828.17468 1.43168
2448829.17473 1.92697
2448830.17477 3.07338
2448831.17482 4.12539
2448832.17487 5.83333
2449018.18335 0.09828
2449019.18340 -0.60911
2449020.18344 -1.03254
2449021.18349 -0.68988
2449022.18354 0.13858
2449023.18358 1.36050
2449024.18363 2.51911
2449025.18367 4.43156
2449026.18372 3.86537
2449027.18376 4.34345
2449028.18381 5.07579
2449029.18386 4.32740
2449030.18390 3.22335
2449031.18395 2.10924
2449032.18399 0.59610
2449033.18404 -0.50326
2449034.18408 -1.11807
2449035.18413 -1.44487
2449036.18417 -0.90932
2449037.18422 -0.07447
2449038.18427 1.02063
2449039.18431 2.00240
2449040.18436 3.56630
2449041.18440 4.25662
2449042.18445 4.14812
2449043.18449 4.36544
2449044.18454 3.66239
2449045.18459 3.08999
2449046.18463 1.30545
2449047.18468 0.01715
2449048.18472 -1.08180
2449049.18477 -1.57391
2449050.18481 -1.70755
2449051.18486 -1.12628
2449052.18490 -0.26836
2449053.18495 0.89214
2449054.18500 1.69792
2449055.18504 3.48418
2449056.18509 3.90985
2449057.18513 3.86548
2449058.18518 3.63874
2449059.18522 3.40705
2449060.18527 1.71075
2449061.18532 0.69245
2449062.18536 -0.52221
2449063.18541 -1.25558
2449064.18545 -2.51136
2449065.18550 -1.98853
2449066.18554 -1.72896
2449067.18559 -0.44158
2449068.18563 0.75098
2449069.18568 2.15047
2449070.18573 2.93839
2449071.18577 3.46011
2449072.18582 3.85343
2449073.18586 3.60519
2449074.18591 2.43416
2449075.18595 1.18522
2449076.18600 0.00764
2449077.18605 -1.06189
2449078.18609 -2.05664
2449079.18614 -2.63808
2449080.18618 -2.56500
2449081.18623 -1.55125
2449082.18627 -0.64392
2449083.18632 0.50650
2449084.18636 1.77578
2449085.18641 2.91036
2449086.18646 3.42854
2449087.18650 3.08424
2449088.18655 2.61186
2449089.18659 1.72058
2449090.18664 0.58089
2449091.18668 -0.60665
2449092.18673 -2.02059
2449093.18678 -2.41532
2449094.18682 -2.73398
2449095.18687 -2.49245
2449096.18691 -1.90578
2449097.18696 -0.80929
2449098.18700 0.37695
2449099.18705 1.73244
2449100.18710 2.25822
2449101.18714 2.86371
2449102.18719 3.07769
2449103.18723 2.58729
2449104.18728 1.30165
2449105.18732 0.02832
2449106.18737 -1.07878
2449107.18741 -2.52413
2449108.18746 -2.77951
2449109.18751 -2.98457
2449110.18755 -3.51404
2449111.18760 -2.35884
2449112.18764 -1.24859
2449113.18769 0.14288
2449114.18773 1.35313
2449115.18778 1.91207
2449116.18783 2.82663
2449117.18787 2.75654
2449118.18792 1.55227
2449119.18796 0.60025
2449120.18801 -0.60534
2449121.18805 -1.92532
2449122.18810 -3.53469
2449123.18814 -3.74320
2449124.18819 -4.53248
2449125.18824 -2.86527
2449126.18828 -2.66630
2449127.18833 -1.19259
2449128.18837 -0.04977
2449129.18842 0.90976
2449130.18846 1.81092
2449131.18851 2.13525
2449132.18856 2.07861
2449133.18860 1.16281
2449134.18865 0.02785
2449135.18869 -1.20562
2449136.18874 -2.62366
2449137.18878 -3.05249
2449138.18883 -3.83005
2449139.18887 -3.79204
2449140.18892 -3.99754
2449141.18897 -2.24648
2449142.18901 -1.57760
2449143.18906 -0.22200
2449144.18910 0.61451
2449145.18915 1.49807
2449146.18919 1.56484
2449147.18924 1.34360
2449148.18929 0.63297
2449149.18933 -0.62590
2449150.18938 -1.75546
2449151.18942 -2.72657
2449152.18947 -4.43032
2449153.18951 -4.91022
2449154.18956 -4.21492
2449155.18960 -3.80350
2449156.18965 -3.00360
2449157.18970 -1.61237
2449158.18974 -0.46160
2449159.18979 0.58335
2449160.18983 1.02775
2449161.18988 1.07882
2449162.18992 0.98281
2449163.18997 -0.00393
2449164.19002 -0.96698
2449165.19006 -2.62758
2449166.19011 -3.33361
2449167.19015 -5.03347
2449168.19020 -5.43925
2449169.19024 -4.70929
2449170.19029 -4.06239
2449171.19033 -2.47436
2449172.19038 -1.77632
2449173.19043 -0.64349
2449174.19047 0.31730
2449175.19052 0.66190
2449176.19056 0.79879
2449177.19061 0.33831
2449178.19065 -0.59924
2449179.19070 -2.15142
2449180.19075 -3.18314
2449181.19079 -4.16514
2449182.19084 -4.96653
2449183.19088 -4.71862
2449184.19093 -4.32213
2449185.19097 -4.48886
2449186.19102 -3.17830
2449187.19107 -1.78550
2449188.19111 -0.64883
2449189.19116 0.10557
2449190.19120 0.53842
2449191.19125 0.46320
2449192.19129 -0.10312
2449193.19134 -1.20787
2449194.19138 -2.48847
2449195.19143 -3.21652
2449196.19148 -3.99083
2449197.19152 -4.91764
2449383.20001 -1.15191
2449384.20005 -1.23978
2449385.20010 -2.01650
2449386.20015 -2.92873
2449387.20019 -3.90949
2449388.20024 -4.23499
2449389.20028 -7.38923
2449390.20033 -7.69990
2449391.20037 -6.91466
2449392.20042 -6.60182
2449393.20047 -5.77927
2449394.20051 -3.62298
2449395.20056 -3.33935
2449396.20060 -1.67040
2449397.20065 -1.13027
2449398.20069 -0.77066
2449399.20074 -1.26300
2449400.20078 -2.08019
2449401.20083 -3.01973
2449402.20088 -4.42869
2449403.20092 -5.90041
2449404.20097 -5.96893
2449405.20101 -5.46536
2449406.20106 -7.61350
2449407.20110 -6.32182
2449408.20115 -5.63005
2449409.20120 -3.10234
2449410.20124 -2.80902
2449411.20129 -1.53282
2449412.20133 -0.97710
2449413.20138 -0.76940
2449414.20142 -1.17421
2449415.20147 -1.86145
2449416.20152 -3.33508
2449417.20156 -4.73805
2449418.20161 -5.53828
2449419.20165 -6.89586
2449420.20170 -6.16979
2449421.20174 -5.63918
2449422.20179 -5.15476
2449423.20183 -4.57717
2449424.20188 -3.70598
2449425.20193 -2.31420
2449426.20197 -0.96776
2449427.20202 -0.46879
2449428.20206 -0.55494
2449429.20211 -1.11100
2449430.20215 -1.98566
2449431.20220 -2.95774
2449432.20225 -4.33242
2449433.20229 -5.85576
2449434.20234 -5.46128
2449435.20238 -7.32919
2449436.20243 -5.86559
2449437.20247 -4.58974
2449438.20252 -4.59264
2449439.20256 -3.14100
2449440.20261 -1.66823
2449441.20266 -0.78251
2449442.20270 -0.36823
2449443.20275 -0.30852
2449444.20279 -0.89732
2449445.20284 -2.01503
2449446.20288 -2.93250
2449447.20293 -3.87760
2449448.20298 -5.27021
2449449.20302 -5.76120
2449450.20307 -4.69166
2449451.20311 -5.59387
2449452.20316 -4.31025
2449453.20320 -3.18050
2449454.20325 -2.87469
2449455.20329 -1.22812
2449456.20334 -0.40519
2449457.20339 -0.04352
2449458.20343 -0.18403
2449459.20348 -0.78512
2449460.20352 -1.92260
2449461.20357 -2.84925
2449462.20361 -4.44209
2449463.20366 -4.99602
2449464.20371 -5.48636
2449465.20375 -5.65597
2449466.20380 -5.69950
2449467.20384 -4.64359
2449468.20389 -3.16815
2449469.20393 -1.67366
2449470.20398 -0.84387
2449471.20402 -0.03500
2449472.20407 0.26648
2449473.20412 0.05237
2449474.20416 -0.66314
2449475.20421 -1.66826
2449476.20425 -2.80841
2449477.20430 -3.52639
2449478.20434 -4.50909
2449479.20439 -5.92237
2449480.20444 -4.85419
2449481.20448 -5.23290
2449482.20453 -3.84160
2449483.20457 -2.27595
2449484.20462 -1.24404
2449485.20466 -0.31684
2449486.20471 0.40382
2449487.20475 0.58407
2449488.20480 0.32221
2449489.20485 -0.52438
2449490.20489 -1.53744
2449491.20494 -3.02403
2449492.20498 -3.54283
2449493.20503 -3.99756
2449494.20507 -5.23215
2449495.20512 -5.60457
2449496.20517 -4.06445
2449497.20521 -3.27602
2449498.20526 -2.33453
2449499.20530 -0.81696
2449500.20535 0.16784
2449501.20539 0.90591
2449502.20544 0.89794
2449503.20549 0.55359
2449504.20553 -0.35861
2449505.20558 -1.46057
2449506.20562 -2.74630
2449507.20567 -3.97472
2449508.20571 -4.51077
2449509.20576 -4.18547
2449510.20580 -4.12605
2449511.20585 -3.54845
2449512.20590 -2.80119
2449513.20594 -1.20965
2449514.20599 -0.27959
2449515.20603 0.63179
2449516.20608 1.15593
2449517.20612 1.25493
2449518.20617 0.66457
2449519.20622 -0.14061
2449520.20626 -1.31469
2449521.20631 -2.05271
2449522.20635 -3.71128
2449523.20640 -3.87901
2449524.20644 -4.51253
2449525.20649 -4.28151
2449526.20653 -2.98557
2449527.20658 -1.53790
2449528.20663 -1.13438
2449529.20667 0.29159
2449530.20672 1.33897
2449531.20676 1.86043
2449532.20681 1.74599
2449533.20685 1.09321
2449534.20690 0.05681
2449535.20695 -1.14574
2449536.20699 -2.27511
2449537.20704 -3.14378
2449538.20708 -3.43055
2449539.20713 -3.59586
2449540.20717 -2.76104
2449541.20722 -2.91059
2449542.20726 -1.46675
2449543.20731 -0.26835
2449544.20736 0.98149
2449545.20740 1.64443
2449546.20745 2.19562
2449547.20749 1.75228
2449548.20754 1.27347
2449549.20758 0.25401
2449550.20763 -1.00180
2449551.20768 -2.08777
2449552.20772 -2.87600
2449553.20777 -3.59963
2449554.20781 -3.37993
2449555.20786 -3.12084
2449556.20790 -1.79976
2449557.20795 -0.92716
2449558.20799 0.31533
2449559.20804 1.24299
2449560.20809 2.38208
2449561.20813 2.92806
2449562.20818 2.49286
2449749.21671 2.12524
2449750.21676 3.36762
2449751.21680 5.28091
2449752.21685 5.63367
2449753.21689 5.89668
2449754.21694 6.72523
2449755.21698 7.09232
2449756.21703 5.01360
2449757.21708 4.14102
2449758.21712 2.61170
2449759.21717 1.84895
2449760.21721 1.17247
2449761.21726 0.92680
2449762.21730 1.07250
2449763.21735 1.80852
2449764.21740 2.59820
2449765.21744 4.09481
2449766.21749 5.37249
2449767.21753 7.21263
2449768.21758 6.26039
2449769.21762 7.55080
2449770.21767 5.97242
2449771.21771 4.70984
2449772.21776 4.39727
2449773.21781 2.91268
2449774.21785 1.75713
2449775.21790 1.17378
2449776.21794 1.11493
2449777.21799 1.41678
2449778.21803 1.93728
2449779.21808 3.47172
2449780.21813 4.56253
2449781.21817 6.22320
2449782.21822 7.05874
2449783.21826 7.57625
2449784.21831 6.27654
2449785.21835 6.39237
2449786.21840 5.70193
2449787.21844 4.04524
2449788.21849 2.93973
2449789.21854 1.90432
2449790.21858 1.20107
2449791.21863 1.17301
2449792.21867 1.56674
2449793.21872 2.40652
2449794.21876 3.63829
2449795.21881 4.98478
2449796.21886 5.49811
2449797.21890 6.35339
2449798.21895 5.37763
2449799.21899 6.45749
2449800.21904 5.30024
2449801.21908 4.33688
2449802.21913 2.83147
2449803.21917 3.01776
2449804.21922 1.73700
2449805.21927 1.24002
2449806.21931 1.39863
2449807.21936 1.74701
2449808.21940 3.01247
2449809.21945 3.33754
2449810.21949 4.66529
2449811.21954 6.66218
2449812.21959 6.87274
2449813.21963 7.00894
2449814.21968 6.42543
2449815.21972 5.20851
2449816.21977 5.31984
2449817.21981 3.60520
2449818.21986 2.95390
2449819.21991 1.72753
2449820.21995 1.27653
2449821.22000 1.08239
2449822.22004 1.86299
2449823.22009 2.94363
2449824.22013 4.40910
2449825.22018 5.75882
2449826.22022 6.28413
2449827.22027 6.12630
2449828.22032 6.54637
2449829.22036 6.86537
2449830.22041 5.22577
2449831.22045 4.85425
2449832.22050 3.09527
2449833.22054 2.42697
2449834.22059 1.50371
2449835.22064 1.13887
2449836.22068 1.16936
2449837.22073 2.07556
2449838.22077 2.74975
2449839.22082 3.99382
2449840.22086 5.29078
2449841.22091 5.30635
2449842.22095 6.85340
2449843.22100 7.69545
2449844.22105 5.68761
2449845.22109 6.14236
2449846.22114 4.42922
2449847.22118 2.86422
2449848.22123 2.31817
2449849.22127 1.37815
2449850.22132 1.09546
2449851.22137 1.39188
2449852.22141 1.75012
2449853.22146 3.02754
2449854.22150 4.83851
2449855.22155 5.43577
2449856.22159 5.98084
2449857.22164 5.56901
2449858.22168 5.77369
2449859.22173 5.48856
2449860.22178 4.83337
2449861.22182 4.37333
2449862.22187 2.98354
2449863.22191 2.11388
2449864.22196 1.23619
2449865.22200 1.15908
2449866.22205 1.29349
2449867.22210 2.17046
2449868.22214 3.34291
2449869.22219 4.29288
2449870.22223 6.11444
2449871.22228 6.86414
2449872.22232 6.88910
2449873.22237 6.43450
2449874.22241 5.89566
2449875.22246 4.23275
2449876.22251 3.91598
2449877.22255 2.33020
2449878.22260 1.72392
2449879.22264 0.73394
2449880.22269 0.85885
2449881.22273 1.26124
2449882.22278 2.36407
2449883.22283 3.45568
2449884.22287 4.57250
2449885.22292 5.69256
2449886.22296 6.07880
2449887.22301 7.56997
2449888.22305 6.47542
2449889.22310 4.91099
2449890.22315 4.35690
2449891.22319 3.34305
2449892.22324 2.12273
2449893.22328 1.14100
2449894.22333 0.84402
2449895.22337 0.69606
2449896.22342 1.20774
2449897.22346 2.01365
2449898.22351 3.45199
2449899.22356 3.43080
2449900.22360 4.81246
2449901.22365 6.08470
2449902.22369 6.53554
2449903.22374 6.54092
2449904.22378 5.13578
2449905.22383 3.40625
2449906.22388 2.57556
2449907.22392 1.80333
2449908.22397 0.90167
2449909.22401 0.53121
2449910.22406 0.62078
2449911.22410 1.25138
2449912.22415 2.48813
2449913.22419 3.14114
2449914.22424 4.01893
2449915.22429 5.56082
2449916.22433 5.49485
2449917.22438 5.64641
2449918.22442 5.29437
2449919.22447 5.28594
2449920.22451 3.81853
2449921.22456 2.06140
2449922.22461 1.36510
2449923.22465 0.64758
2449924.22470 0.27991
2449925.22474 0.44631
2449926.22479 1.07654
2449927.22483 2.02393
2449928.22488 3.26825
2450114.23337 -2.20738
2450115.23341 -3.32665
2450116.23346 -3.65526
2450117.23350 -4.68405
2450118.23355 -3.93446
2450119.23359 -2.80777
2450120.23364 -2.44937
2450121.23369 -1.02360
2450122.23373 -0.00356
2450123.23378 0.85397
2450124.23382 1.23716
2450125.23387 0.91645
2450126.23391 0.39326
2450127.23396 -0.55313
2450128.23401 -1.76115
2450129.23405 -2.97265
2450130.23410 -3.89375
2450131.23414 -4.78970
2450132.23419 -5.02691
2450133.23423 -3.61663
2450134.23428 -3.42267
2450135.23433 -1.98073
2450136.23437 -1.25167
2450137.23442 -0.19168
2450138.23446 0.58266
2450139.23451 0.73547
2450140.23455 0.53394
2450141.23460 -0.10015
2450142.23464 -1.17147
2450143.23469 -2.25082
2450144.23474 -4.07720
2450145.23478 -3.59226
2450146.23483 -4.60480
2450147.23487 -4.84964
2450148.23492 -4.00323
2450149.23496 -4.17260
2450150.23501 -2.44525
2450151.23506 -1.31933
2450152.23510 -0.34607
2450153.23515 0.33828
2450154.23519 0.46686
2450155.23524 0.17486
2450156.23528 -0.57024
2450157.23533 -1.62095
2450158.23537 -3.17795
2450159.23542 -3.87706
2450160.23547 -4.15638
2450161.23551 -6.32800
2450162.23556 -5.57557
2450163.23560 -4.38935
2450164.23565 -3.22077
2450165.23569 -2.64244
2450166.23574 -1.49717
2450167.23579 -0.61114
2450168.23583 0.04997
2450169.23588 0.16092
2450170.23592 -0.15977
2450171.23597 -0.87380
2450172.23601 -1.97229
2450173.23606 -3.27988
2450174.23610 -4.71579
2450175.23615 -4.80418
2450176.23620 -5.50501
2450177.23624 -6.18764
2450178.23629 -4.63321
2450179.23633 -3.64482
2450180.23638 -2.19328
2450181.23642 -1.53137
2450182.23647 -0.64412
2450183.23652 -0.14741
2450184.23656 -0.13163
2450185.23661 -0.56886
2450186.23665 -1.46456
2450187.23670 -2.69149
2450188.23674 -4.17076
2450189.23679 -3.69034
2450190.23683 -5.33329
2450191.23688 -5.68526
2450192.23693 -5.48311
2450193.23697 -5.74523
2450194.23702 -3.52324
2450195.23706 -2.30019
2450196.23711 -1.59389
2450197.23715 -0.76716
2450198.23720 -0.34224
2450199.23725 -0.45820
2450200.23729 -0.89201
2450201.23734 -2.10860
2450202.23738 -3.32142
2450203.23743 -4.25548
2450204.23747 -5.14121
2450205.23752 -6.17686
2450206.23757 -6.24852
2450207.23761 -6.11733
2450208.23766 -4.75482
2450209.23770 -3.77532
2450210.23775 -2.61115
2450211.23779 -1.88904
2450212.23784 -0.76424
2450213.23788 -0.54003
2450214.23793 -0.69745
2450215.23798 -1.11201
2450216.23802 -2.47928
2450217.23807 -3.71212
2450218.23811 -4.65977
2450219.23816 -4.91457
2450220.23820 -6.17428
2450221.23825 -5.50881
2450222.23830 -6.48743
2450223.23834 -4.81015
2450224.23839 -3.72552
2450225.23843 -3.00230
2450226.23848 -1.72071
2450227.23852 -1.08324
2450228.23857 -0.71088
2450229.23861 -0.84638
2450230.23866 -1.74196
2450231.23871 -2.70724
2450232.23875 -3.37007
2450233.23880 -4.49196
2450234.23884 -5.28777
2450235.23889 -6.39467
2450236.23893 -7.45514
2450237.23898 -5.89445
2450238.23903 -4.73042
2450239.23907 -4.08168
2450240.23912 -2.27174
2450241.23916 -1.78125
2450242.23921 -1.05107
2450243.23925 -0.81756
2450244.23930 -1.41069
2450245.23934 -1.81838
2450246.23939 -2.47756
2450247.23944 -4.34427
2450248.23948 -5.04051
2450249.23953 -4.30644
2450250.23957 -6.59723
2450251.23962 -5.01002
2450252.23966 -6.31290
2450253.23971 -4.76398
2450254.23976 -3.06448
2450255.23980 -2.45051
2450256.23985 -1.79833
2450257.23989 -1.12500
2450258.23994 -0.90698
2450259.23998 -1.28420
2450260.24003 -2.12790
2450261.24007 -3.01629
2450262.24012 -3.33987
2450263.24017 -7.02938
2450264.24021 -5.73629
2450265.24026 -6.74433
2450266.24030 -5.36771
2450267.24035 -5.44454
2450268.24039 -5.68946
2450269.24044 -3.77891
2450270.24049 -2.33108
2450271.24053 -1.44381
2450272.24058 -0.98171
2450273.24062 -1.07787
2450274.24067 -1.72102
2450275.24071 -2.76045
2450276.24076 -3.24067
2450277.24080 -4.98499
2450278.24085 -5.40333
2450279.24090 -6.93205
2450280.24094 -6.99216
2450281.24099 -5.72863
2450282.24103 -5.18605
2450283.24108 -4.27090
2450284.24112 -2.96470
2450285.24117 -2.17768
2450286.24122 -1.56719
2450287.24126 -1.12820
2450288.24131 -0.96390
2450289.24135 -1.90169
2450290.24140 -2.53942
2450291.24144 -3.23794
2450292.24149 -3.96574
2450293.24154 -6.37026
2450479.25002 0.89834
2450480.25007 1.31831
2450481.25011 1.00330
2450482.25016 0.41651
2450483.25021 -0.51706
2450484.25025 -1.61592
2450485.25030 -2.43150
2450486.25034 -3.65041
2450487.25039 -3.53308
2450488.25043 -3.77203
2450489.25048 -3.40832
2450490.25052 -2.74106
2450491.25057 -1.15455
2450492.25062 -0.21670
2450493.25066 0.83462
2450494.25071 1.40112
2450495.25075 1.69646
2450496.25080 1.28991
2450497.25084 0.60437
2450498.25089 -0.34431
2450499.25094 -1.67902
2450500.25098 -2.41484
2450501.25103 -3.12529
2450502.25107 -3.03901
2450503.25112 -4.02466
2450504.25116 -3.32509
2450505.25121 -2.26806
2450506.25125 -0.70220
2450507.25130 0.27221
2450508.25135 1.11854
2450509.25139 2.13875
2450510.25144 1.88672
2450511.25148 1.81640
2450512.25153 0.88592
2450513.25157 -0.16488
2450514.25162 -1.27361
2450515.25167 -2.28570
2450516.25171 -2.82630
2450517.25176 -3.50700
2450518.25180 -3.40805
2450519.25185 -2.13945
2450520.25189 -1.33364
2450521.25194 -0.21142
2450522.25199 1.00962
2450523.25203 1.85692
2450524.25208 2.19213
2450525.25212 1.99659
2450526.25217 1.65672
2450527.25221 0.89664
2450528.25226 -0.00981
2450529.25230 -1.17678
2450530.25235 -1.90735
2450531.25240 -2.45391
2450532.25244 -2.20235
2450533.25249 -2.72041
2450534.25253 -1.68994
2450535.25258 -0.70261
2450536.25262 0.32781
2450537.25267 1.33630
2450538.25272 2.29923
2450539.25276 1.96771
2450540.25281 2.38186
2450541.25285 1.76717
2450542.25290 1.26885
2450543.25294 0.18450
2450544.25299 -0.94814
2450545.25303 -1.95917
2450546.25308 -2.05114
2450547.25313 -2.40535
2450548.25317 -1.87974
2450549.25322 -1.39030
2450550.25326 -0.25039
2450551.25331 1.03036
2450552.25335 2.16376
2450553.25340 2.25064
2450554.25345 3.09785
2450555.25349 2.60683
2450556.25354 2.33448
2450557.25358 1.44011
2450558.25363 0.34467
2450559.25367 -0.81027
2450560.25372 -1.66743
2450561.25376 -1.74918
2450562.25381 -2.07242
2450563.25386 -1.61020
2450564.25390 -0.77010
2450565.25395 0.35226
2450566.25399 1.56408
2450567.25404 2.42890
2450568.25408 3.34902
2450569.25413 3.21051
2450570.25418 3.66998
2450571.25422 2.29689
2450572.25427 1.48702
2450573.25431 0.46806
2450574.25436 -0.54193
2450575.25440 -1.33581
2450576.25445 -1.70260
2450577.25449 -1.70538
2450578.25454 -1.29684
2450579.25459 -0.22862
2450580.25463 0.87461
2450581.25468 1.97821
2450582.25472 2.79893
2450583.25477 3.86251
2450584.25481 3.57033
2450585.25486 3.84229
2450586.25491 2.89154
2450587.25495 1.78022
2450588.25500 0.69971
2450589.25504 -0.37870
2450590.25509 -1.20433
2450591.25513 -1.45484
2450592.25518 -1.37707
2450593.25522 -0.48064
2450594.25527 0.33259
2450595.25532 1.35939
2450596.25536 2.64214
2450597.25541 3.42272
2450598.25545 4.43461
2450599.25550 4.25617
2450600.25554 3.68957
2450601.25559 2.85298
2450602.25564 1.79870
2450603.25568 0.88786
2450604.25573 -0.14574
2450605.25577 -0.79501
2450606.25582 -0.98585
2450607.25586 -0.87171
2450608.25591 -0.13911
2450609.25596 0.66131
2450610.25600 1.95783
2450611.25605 2.54628
2450612.25609 4.80811
2450613.25614 3.92575
2450614.25618 3.98988
2450615.25623 4.24408
2450616.25627 3.36515
2450617.25632 1.72702
2450618.25637 0.82229
2450619.25641 0.02285
2450620.25646 -0.47403
2450621.25650 -0.53410
2450622.25655 -0.41605
2450623.25659 0.32750
2450624.25664 1.41681
2450625.25669 2.85986
2450626.25673 4.11229
2450627.25678 4.55013
2450628.25682 4.95780
2450629.25687 4.84635
2450630.25691 4.13913
2450631.25696 2.93185
2450632.25700 1.90163
2450633.25705 1.10085
2450634.25710 0.17752
2450635.25714 -0.29745
2450636.25719 -0.34261
2450637.25723 0.00099
2450638.25728 0.83510
2450639.25732 1.89568
2450640.25737 2.87003
2450641.25742 4.38668
2450642.25746 4.09245
2450643.25751 4.85131
2450644.25755 4.66367
2450645.25760 4.16752
2450646.25764 3.46345
2450647.25769 2.14007
2450648.25773 1.20861
2450649.25778 0.43645
2450650.25783 -0.08808
2450651.25787 -0.08052
2450652.25792 0.39513
2450653.25796 1.21155
2450654.25801 2.33906
2450655.25805 3.33694
2450656.25810 4.03498
2450657.25815 5.61685
2450658.25819 5.14178
2450844.26668 0.93642
2450845.26672 1.46035
2450846.26677 2.09968
2450847.26682 3.74494
2450848.26686 4.62655
2450849.26691 4.49407
2450850.26695 5.46751
2450851.26700 6.17101
2450852.26704 5.58779
2450853.26709 5.00205
2450854.26714 3.57188
2450855.26718 2.44659
2450856.26723 1.38273
2450857.26727 0.80623
2450858.26732 0.58112
2450859.26736 0.84040
2450860.26741 1.35393
2450861.26745 2.15624
2450862.26750 3.66213
2450863.26755 5.11617
2450864.26759 3.86173
2450865.26764 6.11968
2450866.26768 5.39633
2450867.26773 5.31417
2450868.26777 4.22217
2450869.26782 3.27636
2450870.26787 2.08548
2450871.26791 1.25284
2450872.26796 0.54308
2450873.26800 0.38522
2450874.26805 0.63396
2450875.26809 1.14137
2450876.26814 2.37645
2450877.26818 3.89235
2450878.26823 4.75862
2450879.26828 4.82254
2450880.26832 5.57751
2450881.26837 4.17066
2450882.26841 4.24466
2450883.26846 3.23208
2450884.26850 2.48558
2450885.26855 1.67369
2450886.26860 0.85147
2450887.26864 0.33197
2450888.26869 0.16010
2450889.26873 0.33465
2450890.26878 1.22746
2450891.26882 2.18104
2450892.26887 2.81131
2450893.26891 3.77953
2450894.26896 5.48476
2450895.26901 5.29787
2450896.26905 5.31942
2450897.26910 4.41560
2450898.26914 3.27934
2450899.26919 2.55261
2450900.26923 1.30250
2450901.26928 0.57086
2450902.26933 0.00109
2450903.26937 -0.02271
2450904.26942 0.46307
2450905.26946 1.19353
2450906.26951 2.00841
2450907.26955 3.29366
2450908.26960 4.13011
2450909.26964 3.63270
2450910.26969 6.28055
2450911.26974 4.30773
2450912.26978 4.57317
2450913.26983 3.56710
2450914.26987 1.94702
2450915.26992 0.94735
2450916.26996 0.08189
2450917.27001 -0.26579
2450918.27006 -0.28076
2450919.27010 0.25974
2450920.27015 1.12181
2450921.27019 1.61011
2450922.27024 2.80434
2450923.27028 3.61783
2450924.27033 3.87476
2450925.27038 4.43419
2450926.27042 4.51513
2450927.27047 3.85435
2450928.27051 2.53155
2450929.27056 1.70292
2450930.27060 0.39963
2450931.27065 -0.28955
2450932.27069 -0.56051
2450933.27074 -0.50955
2450934.27079 0.09371
2450935.27083 1.05274
2450936.27088 1.88025
2450937.27092 3.60661
2450938.27097 3.49367
2450939.27101 4.35211
2450940.27106 4.53197
2450941.27111 4.00543
2450942.27115 3.52593
2450943.27120 2.51509
2450944.27124 1.04555
2450945.27129 -0.03474
2450946.27133 -0.61954
2450947.27138 -0.89264
2450948.27142 -0.80091
2450949.27147 -0.08173
2450950.27152 0.79471
2450951.27156 2.22400
2450952.27161 2.80830
2450953.27165 4.46179
2450954.27170 3.87075
2450955.27174 3.99170
2450956.27179 2.99789
2450957.27184 2.54944
2450958.27188 1.59105
2450959.27193 0.37153
2450960.27197 -0.51839
2450961.27202 -0.88809
2450962.27206 -1.37658
2450963.27211 -0.89991
2450964.27215 -0.34726
2450965.27220 0.74980
2450966.27225 1.96338
2450967.27229 2.35576
2450968.27234 4.09382
2450969.27238 3.14986
2450970.27243 2.98015
2450971.27247 3.61303
2450972.27252 2.03923
2450973.27257 1.19396
2450974.27261 -0.07397
2450975.27266 -0.99672
2450976.27270 -1.54763
2450977.27275 -1.79517
2450978.27279 -1.26307
2450979.27284 -0.51936
2450980.27288 0.57210
2450981.27293 1.49704
2450982.27298 2.72267
2450983.27302 3.53983
2450984.27307 3.33950
2450985.27311 3.44642
2450986.27316 2.39747
2450987.27320 1.72789
2450988.27325 0.48581
2450989.27330 -0.70553
2450990.27334 -1.40543
2450991.27339 -2.03556
2450992.27343 -2.10848
2450993.27348 -1.42750
2450994.27352 -0.67044
2450995.27357 0.41587
2450996.27362 1.20787
2450997.27366 2.46248
2450998.27371 2.87055
2450999.27375 3.00531
2451000.27380 3.02644
2451001.27384 2.01389
2451002.27389 0.86801
2451003.27393 -0.10998
2451004.27398 -1.14014
2451005.27403 -2.09652
2451006.27407 -2.27248
2451007.27412 -2.41127
2451008.27416 -1.75626
2451009.27421 -0.87032
2451010.27425 0.21422
2451011.27430 1.04409
2451012.27435 1.95278
2451013.27439 2.58211
2451014.27444 3.08167
2451015.27448 2.50507
2451016.27453 1.35496
2451017.27457 0.39374
2451018.27462 -0.59071
2451019.27466 -1.29568
2451020.27471 -2.59741
2451021.27476 -2.47082
2451022.27480 -2.58049
2451023.27485 -1.82724
2451209.28333 -2.46926
2451210.28338 -3.56071
2451211.28343 -3.85810
2451212.28347 -5.16312
2451213.28352 -5.66530
2451214.28356 -5.24283
2451215.28361 -4.99821
2451216.28365 -4.59049
2451217.28370 -4.09381
2451218.28375 -2.73118
2451219.28379 -1.85871
2451220.28384 -1.42146
2451221.28388 -1.02502
2451222.28393 -0.92034
2451223.28397 -1.78205
2451224.28402 -2.84299
2451225.28406 -3.09555
2451226.28411 -4.31999
2451227.28416 -5.74678
2451228.28420 -4.94406
2451229.28425 -6.17341
2451230.28429 -6.76621
2451231.28434 -4.47804
2451232.28438 -3.50796
2451233.28443 -2.61446
2451234.28448 -1.66102
2451235.28452 -1.27622
2451236.28457 -1.05448
2451237.28461 -1.26699
2451238.28466 -1.75551
2451239.28470 -2.42780
2451240.28475 -4.16662
2451241.28480 -5.03996
2451242.28484 -5.69839
2451243.28489 -5.96234
2451244.28493 -7.00858
2451245.28498 -4.75009
2451246.28502 -4.78512
2451247.28507 -3.61859
2451248.28511 -2.58947
2451249.28516 -2.05613
2451250.28521 -1.47927
2451251.28525 -1.02825
2451252.28530 -1.27197
2451253.28534 -1.80397
2451254.28539 -3.14303
2451255.28543 -3.40753
2451256.28548 -4.43503
2451257.28553 -4.90532
2451258.28557 -6.85430
2451259.28562 -6.17288
2451260.28566 -6.61696
2451261.28571 -3.76937
2451262.28575 -3.35704
2451263.28580 -2.41382
2451264.28584 -1.60401
2451265.28589 -1.26422
2451266.28594 -1.05397
2451267.28598 -1.42937
2451268.28603 -2.08904
2451269.28607 -3.25587
2451270.28612 -4.42820
2451271.28616 -4.86018
2451272.28621 -6.04487
2451273.28626 -5.86189
2451274.28630 -7.23891
2451275.28635 -5.21923
2451276.28639 -3.52175
2451277.28644 -2.88842
2451278.28648 -1.62089
2451279.28653 -1.52741
2451280.28657 -0.93519
2451281.28662 -0.88211
2451282.28667 -1.41341
2451283.28671 -2.21258
2451284.28676 -3.88654
2451285.28680 -4.64023
2451286.28685 -4.00908
2451287.28689 -6.16439
2451288.28694 -5.75565
2451289.28699 -5.74632
2451290.28703 -5.35451
2451291.28708 -4.07639
2451292.28712 -3.20730
2451293.28717 -1.87947
2451294.28721 -1.50354
2451295.28726 -0.96416
2451296.28730 -0.96236
2451297.28735 -1.65946
2451298.28740 -2.88189
2451299.28744 -3.47015
2451300.28749 -4.22762
2451301.28753 -4.90672
2451302.28758 -6.86817
2451303.28762 -5.67266
2451304.28767 -5.58810
2451305.28772 -4.11492
2451306.28776 -3.28691
2451307.28781 -3.24036
2451308.28785 -1.79446
2451309.28790 -0.94959
2451310.28794 -0.95542
2451311.28799 -1.08797
2451312.28804 -1.76214
2451313.28808 -2.39817
2451314.28813 -2.49637
2451315.28817 -4.25399
2451316.28822 -6.31437
2451317.28826 -5.74743
2451318.28831 -5.48419
2451319.28835 -5.21744
2451320.28840 -4.87254
2451321.28845 -4.31813
2451322.28849 -2.60092
2451323.28854 -1.45516
2451324.28858 -0.85028
2451325.28863 -0.72573
2451326.28867 -0.97712
2451327.28872 -1.30024
2451328.28877 -2.58462
2451329.28881 -3.41254
2451330.28886 -4.44758
2451331.28890 -5.14322
2451332.28895 -6.70496
2451333.28899 -4.91818
2451334.28904 -4.49280
2451335.28908 -4.81298
2451336.28913 -3.38948
2451337.28918 -2.64329
2451338.28922 -1.30696
2451339.28927 -0.79201
2451340.28931 -0.52283
2451341.28936 -0.86714
2451342.28940 -1.71977
2451343.28945 -2.10751
2451344.28950 -3.51333
2451345.28954 -4.85806
2451346.28959 -5.14848
2451347.28963 -4.49658
2451348.28968 -6.44888
2451349.28972 -4.85718
2451350.28977 -4.41338
2451351.28981 -2.99589
2451352.28986 -1.55967
2451353.28991 -1.13110
2451354.28995 -0.42405
2451355.29000 -0.39125
2451356.29004 -0.64671
2451357.29009 -1.39731
2451358.29013 -2.80144
2451359.29018 -3.42529
2451360.29023 -4.76010
2451361.29027 -4.84452
2451362.29032 -5.56199
2451363.29036 -4.63574
2451364.29041 -4.63447
2451365.29045 -3.39734
2451366.29050 -2.38039
2451367.29054 -1.47975
2451368.29059 -0.64021
2451369.29064 -0.15833
2451370.29068 -0.20914
2451371.29073 -0.62896
2451372.29077 -1.27695
2451373.29082 -2.00293
2451374.29086 -3.12067
2451375.29091 -4.56969
2451376.29096 -5.15052
2451377.29100 -5.11512
2451378.29105 -4.72018
2451379.29109 -3.62875
2451380.29114 -2.94581
2451381.29118 -1.92317
2451382.29123 -0.84151
2451383.29127 -0.28574
2451384.29132 0.07875
2451385.29137 -0.00624
2451386.29141 -0.57304
2451387.29146 -1.40307
2451388.29150 -2.64216
2451575.30004 3.46665
2451576.30008 3.89811
2451577.30013 4.39894
2451578.30017 4.32505
2451579.30022 2.99201
2451580.30026 2.53612
2451581.30031 1.57990
2451582.30036 0.53587
2451583.30040 -0.20992
2451584.30045 -0.62287
2451585.30049 -0.60001
2451586.30054 -0.02582
2451587.30058 0.92385
2451588.30063 1.81410
2451589.30068 2.73007
2451590.30072 3.07779
2451591.30077 5.16620
2451592.30081 4.28416
2451593.30086 4.54699
2451594.30090 2.86874
2451595.30095 2.68168
2451596.30099 1.31768
2451597.30104 0.64826
2451598.30109 -0.02554
2451599.30113 -0.33602
2451600.30118 -0.18813
2451601.30122 0.33774
2451602.30127 1.38746
2451603.30131 2.41417
2451604.30136 3.53916
2451605.30141 4.34248
2451606.30145 5.65703
2451607.30150 4.19286
2451608.30154 3.88966
2451609.30159 3.45388
2451610.30163 3.12837
2451611.30168 1.57339
2451612.30172 0.81976
2451613.30177 0.14583
2451614.30182 -0.06356
2451615.30186 0.15971
2451616.30191 0.69748
2451617.30195 1.29421
2451618.30200 2.94699
2451619.30204 3.48630
2451620.30209 4.67216
2451621.30214 5.15220
2451622.30218 5.24605
2451623.30223 4.87303
2451624.30227 3.78482
2451625.30232 2.84705
2451626.30236 1.96912
2451627.30241 0.92900
2451628.30246 0.30979
2451629.30250 0.18240
2451630.30255 0.41273
2451631.30259 1.06082
2451632.30264 2.01925
2451633.30268 3.36433
2451634.30273 3.77871
2451635.30277 4.77475
2451636.30282 4.55034
2451637.30287 5.07472
2451638.30291 3.64238
2451639.30296 3.99817
2451640.30300 2.94761
2451641.30305 1.61151
2451642.30309 0.85398
2451643.30314 0.51461
2451644.30319 0.41900
2451645.30323 0.66731
2451646.30328 1.70358
2451647.30332 2.36387
2451648.30337 4.22314
2451649.30341 4.55203
2451650.30346 6.04007
2451651.30350 5.43223
2451652.30355 4.92827
2451653.30360 6.12140
2451654.30364 4.04824
2451655.30369 2.76533
2451656.30373 1.49077
2451657.30378 0.93374
2451658.30382 0.62279
2451659.30387 0.57444
2451660.30392 0.96380
2451661.30396 1.57225
2451662.30401 3.18715
2451663.30405 3.73651
2451664.30410 5.16513
2451665.30414 5.95461
2451666.30419 4.97856
2451667.30423 5.90136
2451668.30428 4.53751
2451669.30433 3.43144
2451670.30437 2.46985
2451671.30442 1.62190
2451672.30446 1.14827
2451673.30451 0.81855
2451674.30455 0.87632
2451675.30460 1.47539
2451676.30465 2.06289
2451677.30469 3.08653
2451678.30474 4.86404
2451679.30478 5.38161
2451680.30483 5.42479
2451681.30487 5.92818
2451682.30492 6.16571
2451683.30496 4.94997
2451684.30501 3.69434
2451685.30506 2.50906
2451686.30510 1.76230
2451687.30515 1.10558
2451688.30519 0.89901
2451689.30524 0.96239
2451690.30528 1.38516
2451691.30533 2.54469
2451692.30538 3.24433
2451693.30542 4.78882
2451694.30547 5.06278
2451695.30551 5.48593
2451696.30556 5.88460
2451697.30560 5.07132
2451698.30565 4.71190
2451699.30569 3.38813
2451700.30574 2.56110
2451701.30579 1.81555
2451702.30583 1.05878
2451703.30588 0.88243
2451704.30592 1.13409
2451705.30597 1.62358
2451706.30601 2.65101
2451707.30606 3.99444
2451708.30611 4.01011
2451709.30615 5.04438
2451710.30620 5.67211
2451711.30624 6.23252
2451712.30629 5.38152
2451713.30633 4.27739
2451714.30638 3.98539
2451715.30643 2.74201
2451716.30647 1.69641
2451717.30652 1.38668
2451718.30656 0.98815
2451719.30661 1.22733
2451720.30665 1.85736
2451721.30670 3.58523
2451722.30674 4.51387
2451723.30679 5.14332
2451724.30684 5.91029
2451725.30688 6.03213
2451726.30693 5.64069
2451727.30697 3.91502
2451728.30702 4.23501
2451729.30706 4.00412
2451730.30711 2.29155
2451731.30716 1.82489
2451732.30720 1.05665
2451733.30725 1.11763
2451734.30729 1.45097
2451735.30734 2.26013
2451736.30738 3.43926
2451737.30743 4.48007
2451738.30747 4.91842
2451739.30752 5.12466
2451740.30757 5.51107
2451741.30761 6.21520
2451742.30766 5.94458
2451743.30770 4.23393
2451744.30775 3.61970
2451745.30779 2.45180
2451746.30784 1.54814
2451747.30789 1.27321
2451748.30793 1.21301
2451749.30798 1.56749
2451750.30802 2.03374
2451751.30807 3.67612
2451752.30811 4.11249
2451753.30816 4.79362
2451754.30820 6.35238
2451940.31669 -1.84962
2451941.31674 -1.31981
2451942.31678 -0.84563
2451943.31683 -0.07576
2451944.31688 0.89491
2451945.31692 2.02432
2451946.31697 2.77682
2451947.31701 2.77693
2451948.31706 2.96460
2451949.31710 2.60069
2451950.31715 1.93713
2451951.31719 0.78763
2451952.31724 -0.13851
2451953.31729 -0.97710
2451954.31733 -1.71264
2451955.31738 -1.60248
2451956.31742 -1.63726
2451957.31747 -1.20795
2451958.31751 -0.23130
2451959.31756 0.68739
2451960.31761 1.81803
2451961.31765 2.37221
2451962.31770 3.06634
2451963.31774 1.90625
2451964.31779 2.14545
2451965.31783 1.18876
2451966.31788 0.43670
2451967.31792 -0.71323
2451968.31797 -1.44433
2451969.31802 -2.08696
2451970.31806 -2.10186
2451971.31811 -1.93171
2451972.31815 -1.22782
2451973.31820 -0.45642
2451974.31824 0.54821
2451975.31829 1.75129
2451976.31834 1.81202
2451977.31838 2.64853
2451978.31843 2.08250
2451979.31847 1.59617
2451980.31852 0.78799
2451981.31856 -0.13489
2451982.31861 -1.25028
2451983.31865 -1.86271
2451984.31870 -2.66567
2451985.31875 -2.55512
2451986.31879 -2.47765
2451987.31884 -1.48868
2451988.31888 -0.53608
2451989.31893 0.40231
2451990.31897 1.41259
2451991.31902 1.99103
2451992.31907 1.99735
2451993.31911 2.04804
2451994.31916 1.48278
2451995.31920 0.44577
2451996.31925 -0.58135
2451997.31929 -1.58712
2451998.31934 -2.62970
2451999.31938 -3.30597
2452000.31943 -2.88956
2452001.31948 -2.64067
2452002.31952 -1.84129
2452003.31957 -0.66094
2452004.31961 0.33609
2452005.31966 1.22154
2452006.31970 1.40283
2452007.31975 2.11030
2452008.31980 1.19529
2452009.31984 0.82572
2452010.31989 -0.14077
2452011.31993 -1.10839
2452012.31998 -2.15681
2452013.32002 -3.05056
2452014.32007 -3.13850
2452015.32011 -2.81547
2452016.32016 -3.01355
2452017.32021 -2.18737
2452018.32025 -0.92783
2452019.32030 0.10971
2452020.32034 1.00174
2452021.32039 1.61098
2452022.32043 1.58880
2452023.32048 1.11947
2452024.32053 0.31666
2452025.32057 -0.60076
2452026.32062 -1.87176
2452027.32066 -1.85515
2452028.32071 -3.69814
2452029.32075 -3.64296
2452030.32080 -3.65448
2452031.32085 -2.69893
2452032.32089 -1.45218
2452033.32094 -0.97744
2452034.32098 -0.05115
2452035.32103 0.69000
2452036.32107 1.21346
2452037.32112 1.23922
2452038.32116 0.76702
2452039.32121 -0.12406
2452040.32126 -1.21919
2452041.32130 -2.33731
2452042.32135 -3.40404
2452043.32139 -4.63380
2452044.32144 -4.34458
2452045.32148 -3.56634
2452046.32153 -3.45182
2452047.32158 -2.13423
2452048.32162 -1.22656
2452049.32167 -0.20506
2452050.32171 0.47920
2452051.32176 0.69210
2452052.32180 0.77611
2452053.32185 0.22143
2452054.32189 -0.67585
2452055.32194 -1.71814
2452056.32199 -2.34309
2452057.32203 -3.48577
2452058.32208 -4.05771
2452059.32212 -4.62505
2452060.32217 -3.73788
2452061.32221 -2.89837
2452062.32226 -2.13658
2452063.32231 -1.25579
2452064.32235 -0.33891
2452065.32240 0.30308
2452066.32244 0.63523
2452067.32249 0.45464
2452068.32253 -0.13842
2452069.32258 -0.89434
2452070.32262 -1.65592
2452071.32267 -3.32554
2452072.32272 -3.36888
2452073.32276 -4.80707
2452074.32281 -4.69340
2452075.32285 -4.00075
2452076.32290 -3.20293
2452077.32294 -1.99232
2452078.32299 -1.53827
2452079.32304 -0.42176
2452080.32308 0.10149
2452081.32313 0.23751
2452082.32317 0.04729
2452083.32322 -0.65427
2452084.32326 -1.46860
2452085.32331 -2.37592
2452086.32335 -2.83510
2452087.32340 -4.50633
2452088.32345 -4.34765
2452089.32349 -4.82568
2452090.32354 -4.82948
2452091.32358 -3.50115
2452092.32363 -2.22031
2452093.32367 -1.51658
2452094.32372 -0.67023
2452095.32377 -0.08227
2452096.32381 0.03318
2452097.32386 -0.28889
2452098.32390 -0.96043
2452099.32395 -1.84897
2452100.32399 -2.36694
2452101.32404 -4.03267
2452102.32409 -3.80924
2452103.32413 -4.76940
2452104.32418 -3.78851
2452105.32422 -3.44661
2452106.32427 -2.98296
2452107.32431 -2.22907
2452108.32436 -1.55517
2452109.32440 -0.59393
2452110.32445 -0.20815
2452111.32450 -0.24215
2452112.32454 -0.62316
2452113.32459 -1.50138
2452114.32463 -2.10833
2452115.32468 -3.94959
2452116.32472 -3.96215
2452117.32477 -4.87053
2452118.32482 -4.52112
2452119.32486 -5.67507
2452305.33335 -1.02994
2452306.33339 -1.81523
2452307.33344 -2.94846
2452308.33349 -3.63920
2452309.33353 -4.41885
2452310.33358 -4.38323
2452311.33362 -5.12863
2452312.33367 -4.29318
2452313.33371 -3.63459
2452314.33376 -3.44690
2452315.33380 -2.21748
2452316.33385 -1.27028
2452317.33390 -0.57419
2452318.33394 -0.33347
2452319.33399 -0.40331
2452320.33403 -0.81467
2452321.33408 -1.77463
2452322.33412 -3.09795
2452323.33417 -3.92847
2452324.33422 -4.54737
2452325.33426 -4.66260
2452326.33431 -5.33080
2452327.33435 -3.98867
2452328.33440 -3.39518
2452329.33444 -2.79535
2452330.33449 -1.74369
2452331.33454 -1.01998
2452332.33458 -0.31531
2452333.33463 -0.07532
2452334.33467 -0.26203
2452335.33472 -0.94848
2452336.33476 -1.69183
2452337.33481 -3.08670
2452338.33485 -3.31246
2452339.33490 -4.21131
2452340.33495 -4.68876
2452341.33499 -4.30382
2452342.33504 -4.21621
2452343.33508 -3.19089
2452344.33513 -2.08849
2452345.33517 -1.36438
2452346.33522 -0.53833
2452347.33527 -0.00081
2452348.33531 0.14770
2452349.33536 -0.11883
2452350.33540 -0.71926
2452351.33545 -1.57214
2452352.33549 -2.83906
2452353.33554 -3.18262
2452354.33558 -4.17724
2452355.33563 -4.57424
2452356.33568 -4.43662
2452357.33572 -3.62357
2452358.33577 -3.36275
2452359.33581 -2.08185
2452360.33586 -1.08578
2452361.33590 -0.16500
2452362.33595 0.33876
2452363.33600 0.41453
2452364.33604 0.04095
2452365.33609 -0.71224
2452366.33613 -1.42453
2452367.33618 -2.67646
2452368.33622 -3.20271
2452369.33627 -3.91721
2452370.33631 -4.17032
2452371.33636 -4.19334
2452372.33641 -3.00978
2452373.33645 -2.31696
2452374.33650 -1.42730
2452375.33654 -0.49120
2452376.33659 0.24074
2452377.33663 0.62908
2452378.33668 0.55322
2452379.33673 0.21465
2452380.33677 -0.47650
2452381.33682 -1.57235
2452382.33686 -2.60107
2452383.33691 -3.59850
2452384.33695 -4.01126
2452385.33700 -4.45644
2452386.33704 -3.30556
2452387.33709 -3.26374
2452388.33714 -1.79064
2452389.33718 -1.03782
2452390.33723 -0.10561
2452391.33727 0.65235
2452392.33732 0.91284
2452393.33736 0.78406
2452394.33741 0.43130
2452395.33746 -0.44078
2452396.33750 -1.28535
2452397.33755 -2.56947
2452398.33759 -2.92392
2452399.33764 -3.32902
2452400.33768 -3.02388
2452401.33773 -3.00635
2452402.33777 -2.55940
2452403.33782 -1.48989
2452404.33787 -0.57677
2452405.33791 0.32219
2452406.33796 0.88579
2452407.33800 1.33175
2452408.33805 1.14245
2452409.33809 0.59327
2452410.33814 -0.21313
2452411.33819 -1.32966
2452412.33823 -2.41184
2452413.33828 -2.73430
2452414.33832 -3.53437
2452415.33837 -3.27476
2452416.33841 -2.87511
2452417.33846 -1.79566
2452418.33851 -0.97941
2452419.33855 -0.08576
2452420.33860 0.92303
2452421.33864 1.40443
2452422.33869 1.84334
2452423.33873 1.17618
2452424.33878 0.78416
2452425.33882 -0.09036
2452426.33887 -1.14078
2452427.33892 -2.13344
2452428.33896 -2.28411
2452429.33901 -3.12787
2452430.33905 -2.88279
2452431.33910 -2.14914
2452432.33914 -1.64913
2452433.33919 -0.48258
2452434.33924 0.49412
2452435.33928 1.22142
2452436.33933 1.71777
2452437.33937 1.54975
2452438.33942 1.64869
2452439.33946 0.93097
2452440.33951 0.05870
2452441.33955 -0.92081
2452442.33960 -2.09879
2452443.33965 -2.52550
2452444.33969 -2.44313
2452445.33974 -2.51191
2452446.33978 -1.91687
2452447.33983 -1.17236
2452448.33987 -0.11013
2452449.33992 0.80512
2452450.33997 1.55467
2452451.34001 1.81329
2452452.34006 2.23615
2452453.34010 1.45632
2452454.34015 1.19064
2452455.34019 0.18393
2452456.34024 -0.94369
2452457.34028 -1.76022
2452458.34033 -2.45458
2452459.34038 -2.46495
2452460.34042 -2.08443
2452461.34047 -1.48087
2452462.34051 -0.58977
2452463.34056 0.34343
2452464.34060 1.34716
2452465.34065 2.32060
2452466.34070 2.36986
2452467.34074 1.93487
2452468.34079 1.99365
2452469.34083 1.46555
2452470.34088 0.34892
2452471.34092 -0.55896
2452472.34097 -1.54731
2452473.34101 -2.09655
2452474.34106 -1.90829
2452475.34111 -1.56245
2452476.34115 -1.00475
2452477.34120 -0.09859
2452478.34124 0.96150
2452479.34129 1.84084
2452480.34133 2.87064
2452481.34138 2.81667
2452482.34143 3.27145
2452483.34147 2.15361
2452484.34152 1.53463
2452670.35000 2.60938
2452671.35005 3.94855
2452672.35010 5.03339
2452673.35014 4.75013
2452674.35019 5.02408
2452675.35023 5.06790
2452676.35028 5.45261
2452677.35032 4.18485
2452678.35037 2.71253
2452679.35042 2.20921
2452680.35046 1.22003
2452681.35051 0.93286
2452682.35055 1.23177
2452683.35060 1.52871
2452684.35064 2.64673
2452685.35069 3.27705
2452686.35073 3.77252
2452687.35078 5.10153
2452688.35083 6.19837
2452689.35087 5.51108
2452690.35092 6.30094
2452691.35096 4.29852
2452692.35101 4.04897
2452693.35105 2.43156
2452694.35110 2.08181
2452695.35115 1.37444
2452696.35119 0.93141
2452697.35124 1.19337
2452698.35128 1.58169
2452699.35133 2.44925
2452700.35137 3.30429
2452701.35142 4.36051
2452702.35146 5.65903
2452703.35151 4.77988
2452704.35156 5.47730
2452705.35160 6.07765
2452706.35165 4.69409
2452707.35169 3.74798
2452708.35174 2.40603
2452709.35178 1.69199
2452710.35183 1.30531
2452711.35188 0.87298
2452712.35192 1.21021
2452713.35197 1.77974
2452714.35201 2.33323
2452715.35206 3.62507
2452716.35210 4.46228
2452717.35215 5.12922
2452718.35219 5.42782
2452719.35224 7.20588
2452720.35229 5.13283
2452721.35233 3.44390
2452722.35238 3.54488
2452723.35242 2.65792
2452724.35247 1.67142
2452725.35251 1.04470
2452726.35256 0.97352
2452727.35261 1.14239
2452728.35265 1.98006
2452729.35270 2.78640
2452730.35274 3.82235
2452731.35279 5.11860
2452732.35283 4.99205
2452733.35288 5.45903
2452734.35293 5.57810
2452735.35297 4.85567
2452736.35302 4.10475
2452737.35306 3.57318
2452738.35311 2.30994
2452739.35315 1.54625
2452740.35320 0.91270
2452741.35324 0.71358
2452742.35329 1.54665
2452743.35334 1.69265
2452744.35338 3.00491
2452745.35343 4.16720
2452746.35347 5.02513
2452747.35352 4.91270
2452748.35356 5.22117
2452749.35361 4.82368
2452750.35366 4.10580
2452751.35370 3.66609
2452752.35375 2.91287
2452753.35379 2.27275
2452754.35384 1.43692
2452755.35388 0.84245
2452756.35393 0.78420
2452757.35397 1.16580
2452758.35402 1.83929
2452759.35407 2.41274
2452760.35411 3.80122
2452761.35416 4.69769
2452762.35420 4.96250
2452763.35425 4.65434
2452764.35429 4.33738
2452765.35434 4.49675
2452766.35439 3.08194
2452767.35443 2.53630
2452768.35448 1.74823
2452769.35452 0.95188
2452770.35457 0.66543
2452771.35461 0.50379
2452772.35466 1.15198
2452773.35470 2.19346
2452774.35475 2.86534
2452775.35480 3.83934
2452776.35484 5.36457
2452777.35489 5.12277
2452778.35493 4.95511
2452779.35498 5.47059
2452780.35502 4.26757
2452781.35507 3.39814
2452782.35512 2.29785
2452783.35516 1.25286
2452784.35521 0.71282
2452785.35525 0.40724
2452786.35530 0.57956
2452787.35534 1.25740
2452788.35539 2.33787
2452789.35543 3.11198
2452790.35548 3.79341
2452791.35553 4.50096
2452792.35557 4.62388
2452793.35562 4.98700
2452794.35566 3.86634
2452795.35571 3.80850
2452796.35575 3.26688
2452797.35580 1.52611
2452798.35585 1.11063
2452799.35589 0.51719
2452800.35594 0.29894
2452801.35598 0.55961
2452802.35603 1.12123
2452803.35607 1.81628
2452804.35612 2.82550
2452805.35617 3.74534
2452806.35621 4.86194
2452807.35626 4.72060
2452808.35630 5.45067
2452809.35635 4.82160
2452810.35639 3.04126
2452811.35644 2.45121
2452812.35648 1.73356
2452813.35653 0.59394
2452814.35658 0.16985
2452815.35662 0.06515
2452816.35667 0.34343
2452817.35671 0.90877
2452818.35676 1.96856
2452819.35680 3.43496
2452820.35685 3.96756
2452821.35690 4.04186
2452822.35694 4.24843
2452823.35699 4.01470
2452824.35703 4.30124
2452825.35708 2.68792
2452826.35712 2.33151
2452827.35717 1.18972
2452828.35721 0.32244
2452829.35726 -0.09938
2452830.35731 -0.16450
2452831.35735 0.19888
2452832.35740 0.87914
2452833.35744 1.88084
2452834.35749 2.62937
2452835.35753 3.51707
2452836.35758 3.95040
2452837.35763 4.24505
2452838.35767 4.29427
2452839.35772 3.39278
2452840.35776 3.36850
2452841.35781 1.81012
2452842.35785 0.67537
2452843.35790 -0.00847
2452844.35794 -0.34878
2452845.35799 -0.36061
2452846.35804 0.05838
2452847.35808 0.75563
2452848.35813 1.84713
2452849.35817 3.19174
2453036.36671 -3.80715
2453037.36675 -4.21786
2453038.36680 -4.61244
2453039.36684 -4.16352
2453040.36689 -3.01595
2453041.36693 -1.65333
2453042.36698 -1.05699
2453043.36703 -0.19902
2453044.36707 0.15536
2453045.36712 0.17735
2453046.36716 -0.27576
2453047.36721 -0.97899
2453048.36725 -1.69432
2453049.36730 -2.86847
2453050.36735 -4.35891
2453051.36739 -4.30130
2453052.36744 -4.34453
2453053.36748 -3.73581
2453054.36753 -3.30822
2453055.36757 -2.89054
2453056.36762 -1.84416
2453057.36766 -0.89322
2453058.36771 -0.32373
2453059.36776 -0.03864
2453060.36780 -0.11263
2453061.36785 -0.73816
2453062.36789 -1.60405
2453063.36794 -2.44277
2453064.36798 -3.43932
2453065.36803 -4.94680
2453066.36808 -3.85768
2453067.36812 -4.30055
2453068.36817 -4.29274
2453069.36821 -3.39536
2453070.36826 -2.73795
2453071.36830 -2.12693
2453072.36835 -1.17819
2453073.36839 -0.43492
2453074.36844 -0.19250
2453075.36849 -0.27873
2453076.36853 -1.00702
2453077.36858 -1.49495
2453078.36862 -2.42791
2453079.36867 -2.91532
2453080.36871 -4.31260
2453081.36876 -5.05250
2453082.36881 -5.23034
2453083.36885 -4.36812
2453084.36890 -3.61051
2453085.36894 -2.57687
2453086.36899 -2.11164
2453087.36903 -1.13520
2453088.36908 -0.72714
2453089.36912 -0.48283
2453090.36917 -0.63390
2453091.36922 -1.30357
2453092.36926 -2.01526
2453093.36931 -3.44535
2453094.36935 -3.78925
2453095.36940 -5.00284
2453096.36944 -4.72838
2453097.36949 -5.15446
2453098.36954 -5.13652
2453099.36958 -3.86954
2453100.36963 -2.76598
2453101.36967 -2.26079
2453102.36972 -1.30024
2453103.36976 -0.76871
2453104.36981 -0.70509
2453105.36985 -0.67588
2453106.36990 -1.46080
2453107.36995 -2.42721
2453108.36999 -3.52675
2453109.37004 -4.18368
2453110.37008 -4.22497
2453111.37013 -5.06528
2453112.37017 -4.51786
2453113.37022 -4.69390
2453114.37027 -4.01089
2453115.37031 -2.86437
2453116.37036 -1.90535
2453117.37040 -1.32316
2453118.37045 -0.75788
2453119.37049 -0.72681
2453120.37054 -0.95944
2453121.37059 -1.86259
2453122.37063 -2.90646
2453123.37068 -4.13404
2453124.37072 -4.55902
2453125.37077 -5.79146
2453126.37081 -5.57234
2453127.37086 -5.24810
2453128.37090 -4.58364
2453129.37095 -4.04704
2453130.37100 -3.32977
2453131.37104 -2.10927
2453132.37109 -1.10912
2453133.37113 -1.02762
2453134.37118 -0.78770
2453135.37122 -1.29743
2453136.37127 -1.73462
2453137.37132 -3.09498
2453138.37136 -4.01500
2453139.37141 -4.10621
2453140.37145 -4.94084
2453141.37150 -6.14804
2453142.37154 -5.38334
2453143.37159 -4.26851
2453144.37163 -3.79929
2453145.37168 -2.71481
2453146.37173 -2.27208
2453147.37177 -1.27459
2453148.37182 -0.97038
2453149.37186 -1.11074
2453150.37191 -1.43461
2453151.37195 -1.93849
2453152.37200 -2.99437
2453153.37205 -4.09932
2453154.37209 -6.28752
2453155.37214 -6.18712
2453156.37218 -6.32147
2453157.37223 -5.65099
2453158.37227 -4.75248
2453159.37232 -3.57790
2453160.37236 -2.66401
2453161.37241 -2.07929
2453162.37246 -1.26229
2453163.37250 -0.82636
2453164.37255 -1.01537
2453165.37259 -1.57249
2453166.37264 -2.61182
2453167.37268 -3.82945
2453168.37273 -4.31014
2453169.37278 -5.16454
2453170.37282 -6.55336
2453171.37287 -5.32566
2453172.37291 -4.22995
2453173.37296 -4.47731
2453174.37300 -3.61708
2453175.37305 -2.40771
2453176.37309 -1.64817
2453177.37314 -0.98825
2453178.37319 -0.94209
2453179.37323 -1.26080
2453180.37328 -1.86206
2453181.37332 -2.84769
2453182.37337 -3.51187
2453183.37341 -4.08454
2453184.37346 -5.04941
2453185.37351 -6.29641
2453186.37355 -5.65557
2453187.37360 -5.56730
2453188.37364 -3.70569
2453189.37369 -3.99960
2453190.37373 -2.28415
2453191.37378 -1.63796
2453192.37382 -1.07896
2453193.37387 -1.02781
2453194.37392 -1.11823
2453195.37396 -2.03226
2453196.37401 -2.72922
2453197.37405 -3.35769
2453198.37410 -4.07667
2453199.37414 -5.87018
2453200.37419 -5.04742
2453201.37424 -6.56787
2453202.37428 -4.94193
2453203.37433 -4.46903
2453204.37437 -2.91488
2453205.37442 -1.99426
2453206.37446 -1.33450
2453207.37451 -1.04549
2453208.37456 -0.84190
2453209.37460 -1.27335
2453210.37465 -1.73218
2453211.37469 -3.39410
2453212.37474 -4.11817
2453213.37478 -3.91932
2453214.37483 -4.72942
2453215.37487 -5.58079
2453401.38336 1.94906
2453402.38341 1.31143
2453403.38345 0.65557
2453404.38350 -0.23939
2453405.38354 -1.15052
2453406.38359 -1.87993
2453407.38364 -2.51814
2453408.38368 -2.65643
2453409.38373 -1.74344
2453410.38377 -1.53893
2453411.38382 -0.54090
2453412.38386 0.49169
2453413.38391 1.48958
2453414.38396 1.85953
2453415.38400 2.25495
2453416.38405 1.95358
2453417.38409 1.71108
2453418.38414 0.74900
2453419.38418 -0.14207
2453420.38423 -1.01228
2453421.38427 -1.76126
2453422.38432 -2.48614
2453423.38437 -2.30054
2453424.38441 -1.82678
2453425.38446 -1.05131
2453426.38450 -0.04477
2453427.38455 0.87047
2453428.38459 1.43318
2453429.38464 2.43034
2453430.38469 2.69325
2453431.38473 2.52168
2453432.38478 2.10735
2453433.38482 1.03876
2453434.38487 -0.01998
2453435.38491 -1.06729
2453436.38496 -1.58557
2453437.38501 -1.73223
2453438.38505 -1.81991
2453439.38510 -1.23136
2453440.38514 -0.53927
2453441.38519 0.50232
2453442.38523 1.44225
2453443.38528 2.30912
2453444.38532 2.51186
2453445.38537 2.63270
2453446.38542 2.93005
2453447.38546 2.10904
2453448.38551 1.04940
2453449.38555 0.12777
2453450.38560 -0.73467
2453451.38564 -1.44661
2453452.38569 -1.38950
2453453.38574 -1.48574
2453454.38578 -1.01013
2453455.38583 -0.04758
2453456.38587 1.05790
2453457.38592 1.96047
2453458.38596 2.52664
2453459.38601 2.62744
2453460.38605 3.63514
2453461.38610 3.10641
2453462.38615 1.82585
2453463.38619 1.15342
2453464.38624 0.22793
2453465.38628 -0.55876
2453466.38633 -1.01631
2453467.38637 -1.53768
2453468.38642 -1.08591
2453469.38647 -0.47857
2453470.38651 0.45725
2453471.38656 1.44302
2453472.38660 2.73854
2453473.38665 3.55483
2453474.38669 2.96896
2453475.38674 3.87056
2453476.38678 3.26521
2453477.38683 2.55583
2453478.38688 1.38629
2453479.38692 0.41782
2453480.38697 -0.31492
2453481.38701 -0.88032
2453482.38706 -0.98302
2453483.38710 -0.67334
2453484.38715 -0.02654
2453485.38720 0.86739
2453486.38724 2.05680
2453487.38729 2.74255
2453488.38733 3.15074
2453489.38738 3.15136
2453490.38742 3.25631
2453491.38747 3.57784
2453492.38751 2.19023
2453493.38756 1.35392
2453494.38761 0.58197
2453495.38765 -0.21252
2453496.38770 -0.63572
2453497.38774 -0.72018
2453498.38779 -0.31704
2453499.38783 0.35836
2453500.38788 1.23723
2453501.38793 2.02341
2453502.38797 3.31029
2453503.38802 3.86917
2453504.38806 3.57813
2453505.38811 3.69497
2453506.38815 3.48762
2453507.38820 2.10865
2453508.38824 1.41184
2453509.38829 0.62713
2453510.38834 -0.03238
2453511.38838 -0.34165
2453512.38843 -0.34739
2453513.38847 0.07585
2453514.38852 0.77499
2453515.38856 1.60147
2453516.38861 2.70198
2453517.38866 3.95738
2453518.38870 3.52048
2453519.38875 3.91019
2453520.38879 3.26086
2453521.38884 3.38583
2453522.38888 2.60710
2453523.38893 1.67251
2453524.38898 0.77920
2453525.38902 0.10394
2453526.38907 -0.15661
2453527.38911 -0.06886
2453528.38916 0.38075
2453529.38920 1.03213
2453530.38925 2.27479
2453531.38929 2.81121
2453532.38934 3.28831
2453533.38939 4.82198
2453534.38943 5.14350
2453535.38948 4.13801
2453536.38952 3.59306
2453537.38957 2.75073
2453538.38961 1.85440
2453539.38966 0.89718
2453540.38971 0.27123
2453541.38975 0.04486
2453542.38980 0.21586
2453543.38984 0.82676
2453544.38989 1.63527
2453545.38993 2.81080
2453546.38998 3.50400
2453547.39002 4.93510
2453548.39007 5.36501
2453549.39012 5.10898
2453550.39016 4.10563
2453551.39021 4.13694
2453552.39025 3.02638
2453553.39030 1.99222
2453554.39034 0.90618
2453555.39039 0.42228
2453556.39044 0.27878
2453557.39048 0.48654
2453558.39053 1.05514
2453559.39057 2.29076
2453560.39062 2.76955
2453561.39066 4.29770
2453562.39071 4.37533
2453563.39075 4.43186
2453564.39080 4.69731
2453565.39085 5.19207
2453566.39089 3.67494
2453567.39094 3.15467
2453568.39098 1.61234
2453569.39103 1.15354
2453570.39107 0.58747
2453571.39112 0.50218
2453572.39117 0.60541
2453573.39121 1.37366
2453574.39126 2.16689
2453575.39130 3.73434
2453576.39135 4.67717
2453577.39139 5.14025
2453578.39144 4.74748
2453579.39148 5.44613
2453580.39153 4.22353
2453766.40002 1.29922
2453767.40006 2.45668
2453768.40011 3.04203
2453769.40016 4.20163
2453770.40020 4.37114
2453771.40025 4.68496
2453772.40029 4.72749
2453773.40034 3.55557
2453774.40038 2.76435
2453775.40043 1.76873
2453776.40047 1.13470
2453777.40052 0.29342
2453778.40057 0.02143
2453779.40061 0.10551
2453780.40066 0.55516
2453781.40070 1.55044
2453782.40075 2.10833
2453783.40079 2.76837
2453784.40084 3.43400
2453785.40089 4.30224
2453786.40093 4.19337
2453787.40098 4.04003
2453788.40102 3.55508
2453789.40107 2.51418
2453790.40111 1.59778
2453791.40116 0.67695
2453792.40120 0.02443
2453793.40125 -0.21690
2453794.40130 -0.09255
2453795.40134 0.39286
2453796.40139 1.24153
2453797.40143 2.03480
2453798.40148 3.31294
2453799.40152 3.41913
2453800.40157 4.73022
2453801.40162 4.01313
2453802.40166 4.26246
2453803.40171 3.22848
2453804.40175 2.00509
2453805.40180 1.33882
2453806.40184 0.24911
2453807.40189 -0.35429
2453808.40193 -0.47203
2453809.40198 -0.27729
2453810.40203 0.29022
2453811.40207 1.26251
2453812.40212 2.00168
2453813.40216 2.89570
2453814.40221 3.88778
2453815.40225 4.12903
2453816.40230 4.19776
2453817.40235 3.83731
2453818.40239 2.77907
2453819.40244 1.75144
2453820.40248 0.63516
2453821.40253 -0.11109
2453822.40257 -0.69890
2453823.40262 -0.75982
2453824.40266 -0.44383
2453825.40271 0.16540
2453826.40276 0.93273
2453827.40280 1.62681
2453828.40285 2.65893
2453829.40289 3.59317
2453830.40294 4.09809
2453831.40298 3.47201
2453832.40303 3.22492
2453833.40308 2.43623
2453834.40312 1.36427
2453835.40317 0.23053
2453836.40321 -0.53926
2453837.40326 -0.87216
2453838.40330 -1.03725
2453839.40335 -0.61272
2453840.40340 0.01741
2453841.40344 0.84748
2453842.40349 1.77598
2453843.40353 2.31553
2453844.40358 3.87522
2453845.40362 3.43332
2453846.40367 2.86342
2453847.40371 2.17750
2453848.40376 1.54216
2453849.40381 0.72779
2453850.40385 -0.19977
2453851.40390 -0.91234
2453852.40394 -1.38182
2453853.40399 -1.37391
2453854.40403 -0.81894
2453855.40408 -0.12112
2453856.40413 0.74774
2453857.40417 1.98188
2453858.40422 2.69354
2453859.40426 3.07472
2453860.40431 3.02070
2453861.40435 3.32804
2453862.40440 2.40531
2453863.40444 1.36004
2453864.40449 0.25968
2453865.40454 -0.60585
2453866.40458 -1.36359
2453867.40463 -1.62503
2453868.40467 -1.39780
2453869.40472 -1.10801
2453870.40476 -0.27589
2453871.40481 0.59648
2453872.40486 1.28604
2453873.40490 2.14421
2453874.40495 2.49710
2453875.40499 3.14035
2453876.40504 2.13919
2453877.40508 1.66536
2453878.40513 0.81040
2453879.40517 -0.23860
2453880.40522 -1.01348
2453881.40527 -2.02349
2453882.40531 -2.33941
2453883.40536 -1.66619
2453884.40540 -1.22512
2453885.40545 -0.45145
2453886.40549 0.47226
2453887.40554 1.48163
2453888.40559 2.10155
2453889.40563 2.29595
2453890.40568 2.29842
2453891.40572 1.58990
2453892.40577 1.09010
2453893.40581 0.29667
2453894.40586 -0.63219
2453895.40590 -1.47796
2453896.40595 -1.80255
2453897.40600 -2.52515
2453898.40604 -1.87819
2453899.40609 -1.29003
2453900.40613 -0.67311
2453901.40618 0.42612
2453902.40622 1.31759
2453903.40627 1.79310
2453904.40632 1.93761
2453905.40636 2.19727
2453906.40641 1.54049
2453907.40645 0.69059
2453908.40650 -0.20628
2453909.40654 -1.14956
2453910.40659 -2.14274
2453911.40664 -2.54500
2453912.40668 -2.31576
2453913.40673 -2.26250
2453914.40677 -1.70688
2453915.40682 -0.59248
2453916.40686 0.15927
2453917.40691 1.11404
2453918.40695 1.74204
2453919.40700 1.83858
2453920.40705 1.44623
2453921.40709 1.01621
2453922.40714 0.31337
2453923.40718 -0.83525
2453924.40723 -1.65144
2453925.40727 -2.53098
2453926.40732 -3.25837
2453927.40737 -2.56752
2453928.40741 -2.12064
2453929.40746 -1.85898
2453930.40750 -0.96185
2453931.40755 0.04548
2453932.40759 0.84805
2453933.40764 1.62152
2453934.40768 1.52539
2453935.40773 1.41107
2453936.40778 0.70237
2453937.40782 -0.23129
2453938.40787 -1.21222
2453939.40791 -2.03541
2453940.40796 -2.80565
2453941.40800 -2.94461
2453942.40805 -2.96703
2453943.40810 -2.66145
2453944.40814 -1.83967
2453945.40819 -0.97932
2454131.41667 -4.03462
2454132.41672 -5.30553
2454133.41677 -4.82102
2454134.41681 -5.77704
2454135.41686 -5.35802
2454136.41690 -5.11094
2454137.41695 -4.24457
2454138.41699 -2.85043
2454139.41704 -2.01542
2454140.41708 -1.20625
2454141.41713 -0.90437
2454142.41718 -1.08271
2454143.41722 -1.25805
2454144.41727 -1.86803
2454145.41731 -2.72371
2454146.41736 -4.07243
2454147.41740 -5.49889
2454148.41745 -5.46112
2454149.41750 -5.45244
2454150.41754 -5.15961
2454151.41759 -5.39058
2454152.41763 -3.26764
2454153.41768 -3.02826
2454154.41772 -1.69663
2454155.41777 -1.06837
2454156.41782 -0.87706
2454157.41786 -0.90325
2454158.41791 -1.46170
2454159.41795 -2.31930
2454160.41800 -3.20713
2454161.41804 -4.37597
2454162.41809 -5.06227
2454163.41813 -5.76363
2454164.41818 -5.26356
2454165.41823 -5.47543
2454166.41827 -4.64544
2454167.41832 -4.06876
2454168.41836 -2.41303
2454169.41841 -2.16741
2454170.41845 -1.01417
2454171.41850 -1.08562
2454172.41855 -1.24723
2454173.41859 -1.79437
2454174.41864 -2.03551
2454175.41868 -2.99950
2454176.41873 -4.21012
2454177.41877 -3.94588
2454178.41882 -4.73862
2454179.41886 -5.37687
2454180.41891 -4.92449
2454181.41896 -4.25712
2454182.41900 -3.30122
2454183.41905 -2.10145
2454184.41909 -1.45087
2454185.41914 -0.88126
2454186.41918 -0.77053
2454187.41923 -1.05376
2454188.41928 -1.40133
2454189.41932 -2.46913
2454190.41937 -3.31304
2454191.41941 -3.72015
2454192.41946 -4.98515
2454193.41950 -4.94980
2454194.41955 -5.34021
2454195.41959 -4.97002
2454196.41964 -3.90886
2454197.41969 -3.00869
2454198.41973 -1.71776
2454199.41978 -1.25748
2454200.41982 -0.89376
2454201.41987 -0.74131
2454202.41991 -0.85165
2454203.41996 -1.50336
2454204.42001 -2.78663
2454205.42005 -3.18129
2454206.42010 -4.01316
2454207.42014 -3.22660
2454208.42019 -4.68583
2454209.42023 -5.11515
2454210.42028 -4.92844
2454211.42032 -3.96547
2454212.42037 -2.49317
2454213.42042 -1.84420
2454214.42046 -0.94229
2454215.42051 -0.66299
2454216.42055 -0.56905
2454217.42060 -1.04786
2454218.42064 -1.52150
2454219.42069 -2.22623
2454220.42074 -2.80720
2454221.42078 -3.91861
2454222.42083 -5.47373
2454223.42087 -3.90826
2454224.42092 -4.70919
2454225.42096 -4.75119
2454226.42101 -3.23754
2454227.42106 -2.42407
2454228.42110 -1.56667
2454229.42115 -0.80185
2454230.42119 -0.44391
2454231.42124 -0.37502
2454232.42128 -0.92875
2454233.42133 -1.46136
2454234.42137 -2.27512
2454235.42142 -3.43246
2454236.42147 -4.89984
2454237.42151 -5.27025
2454238.42156 -5.25960
2454239.42160 -5.31510
2454240.42165 -5.20664
2454241.42169 -2.91349
2454242.42174 -1.75967
2454243.42179 -1.20542
2454244.42183 -0.61956
2454245.42188 -0.21358
2454246.42192 -0.28102
2454247.42197 -0.71089
2454248.42201 -1.63422
2454249.42206 -2.60914
2454250.42210 -3.52671
2454251.42215 -4.27938
2454252.42220 -4.47467
2454253.42224 -5.03436
2454254.42229 -4.39286
2454255.42233 -3.73072
2454256.42238 -2.48254
2454257.42242 -1.66358
2454258.42247 -0.76220
2454259.42252 -0.20229
2454260.42256 0.02985
2454261.42261 -0.15137
2454262.42265 -0.73538
2454263.42270 -1.74189
2454264.42274 -2.61494
2454265.42279 -3.06942
2454266.42283 -3.75825
2454267.42288 -4.41497
2454268.42293 -4.67592
2454269.42297 -4.30947
2454270.42302 -2.63429
2454271.42306 -2.22775
2454272.42311 -1.62264
2454273.42315 -0.50599
2454274.42320 0.09112
2454275.42325 0.24775
2454276.42329 0.02526
2454277.42334 -0.52712
2454278.42338 -1.24492
2454279.42343 -2.35007
2454280.42347 -2.79072
2454281.42352 -3.81700
2454282.42356 -4.32512
2454283.42361 -3.69537
2454284.42366 -3.78258
2454285.42370 -3.43129
2454286.42375 -1.64830
2454287.42379 -0.79118
2454288.42384 -0.06175
2454289.42388 0.43882
2454290.42393 0.49235
2454291.42398 0.19632
2454292.42402 -0.43035
2454293.42407 -1.36754
2454294.42411 -1.83224
2454295.42416 -3.42324
2454296.42420 -4.03299
2454297.42425 -3.85773
2454298.42429 -4.16102
2454299.42434 -3.26812
2454300.42439 -2.09168
2454301.42443 -1.46389
2454302.42448 -0.46570
2454303.42452 0.29701
2454304.42457 0.57968
2454305.42461 0.78655
2454306.42466 0.33685
2454307.42471 -0.30314
2454308.42475 -1.37668
2454309.42480 -2.49758
2454310.42484 -2.89095
2454497.43338 4.50650
2454498.43342 4.21425
2454499.43347 3.90154
2454500.43351 3.06279
2454501.43356 2.20833
2454502.43360 1.16720
2454503.43365 0.65587
2454504.43370 0.19273
2454505.43374 0.13390
2454506.43379 0.51753
2454507.43383 1.18169
2454508.43388 2.20546
2454509.43392 3.36511
2454510.43397 4.55010
2454511.43401 4.47730
2454512.43406 4.52718
2454513.43411 4.80630
2454514.43415 4.52279
2454515.43420 3.33809
2454516.43424 2.51960
2454517.43429 1.13073
2454518.43433 0.77567
2454519.43438 0.36240
2454520.43443 0.34785
2454521.43447 0.81538
2454522.43452 1.42260
2454523.43456 2.48154
2454524.43461 3.58113
2454525.43465 3.23653
2454526.43470 4.43891
2454527.43474 5.09243
2454528.43479 5.82851
2454529.43484 4.31304
2454530.43488 3.96321
2454531.43493 2.20937
2454532.43497 1.28551
2454533.43502 0.70573
2454534.43506 0.45870
2454535.43511 0.62861
2454536.43516 0.92142
2454537.43520 1.82321
2454538.43525 2.76502
2454539.43529 3.81625
2454540.43534 4.82484
2454541.43538 4.97325
2454542.43543 5.10876
2454543.43548 5.12116
2454544.43552 4.47099
2454545.43557 2.07775
2454546.43561 2.12100
2454547.43566 1.26568
2454548.43570 0.84633
2454549.43575 0.70897
2454550.43579 0.87688
2454551.43584 1.23267
2454552.43589 2.40696
2454553.43593 3.28011
2454554.43598 4.05460
2454555.43602 5.31666
2454556.43607 5.57591
2454557.43611 5.28554
2454558.43616 5.60303
2454559.43621 4.41874
2454560.43625 3.61943
2454561.43630 2.59955
2454562.43634 1.26574
2454563.43639 0.88329
2454564.43643 0.61690
2454565.43648 1.05461
2454566.43652 1.46195
2454567.43657 2.33041
2454568.43662 3.63495
2454569.43666 4.36394
2454570.43671 5.11920
2454571.43675 5.80098
2454572.43680 4.65415
2454573.43684 5.72541
2454574.43689 3.87244
2454575.43694 3.24416
2454576.43698 2.39552
2454577.43703 1.40383
2454578.43707 1.17400
2454579.43712 0.84732
2454580.43716 1.07406
2454581.43721 1.65612
2454582.43725 2.90776
2454583.43730 4.55560
2454584.43735 5.11133
2454585.43739 5.33205
2454586.43744 6.02801
2454587.43748 5.57420
2454588.43753 4.27159
2454589.43757 3.92936
2454590.43762 3.05340
2454591.43767 2.37833
2454592.43771 1.50152
2454593.43776 0.93623
2454594.43780 1.03886
2454595.43785 1.35747
2454596.43789 1.69649
2454597.43794 3.20797
2454598.43798 3.82201
2454599.43803 5.43780
2454600.43808 5.73922
2454601.43812 6.19237
2454602.43817 4.94691
2454603.43821 5.04492
2454604.43826 3.75325
2454605.43830 2.39342
2454606.43835 1.88058
2454607.43840 1.55814
2454608.43844 1.22946
2454609.43849 1.06135
2454610.43853 1.40642
2454611.43858 2.61681
2454612.43862 3.23686
2454613.43867 4.48821
2454614.43871 4.94021
2454615.43876 6.16349
2454616.43881 6.01953
2454617.43885 4.97569
2454618.43890 5.13224
2454619.43894 3.80355
2454620.43899 2.66334
2454621.43903 2.07050
2454622.43908 1.46082
2454623.43913 1.01825
2454624.43917 1.04337
2454625.43922 1.60331
2454626.43926 2.33549
2454627.43931 3.01133
2454628.43935 4.10208
2454629.43940 4.59669
2454630.43945 5.24867
2454631.43949 7.02038
2454632.43954 6.12301
2454633.43958 4.64119
2454634.43963 3.99437
2454635.43967 3.02370
2454636.43972 2.01406
2454637.43976 1.23334
2454638.43981 0.87329
2454639.43986 1.01966
2454640.43990 1.84453
2454641.43995 2.58461
2454642.43999 3.78461
2454643.44004 4.25260
2454644.44008 6.34319
2454645.44013 5.09794
2454646.44018 6.08781
2454647.44022 4.88994
2454648.44027 3.91861
2454649.44031 3.24962
2454650.44036 2.72813
2454651.44040 1.46843
2454652.44045 1.01187
2454653.44049 0.99522
2454654.44054 0.91991
2454655.44059 1.48323
2454656.44063 2.75403
2454657.44068 3.91351
2454658.44072 4.96952
2454659.44077 4.57069
2454660.44081 4.84522
2454661.44086 5.40132
2454662.44091 4.23088
2454663.44095 4.08733
2454664.44100 3.44222
2454665.44104 2.18304
2454666.44109 1.39371
2454667.44113 0.90298
2454668.44118 0.93657
2454669.44122 1.28616
2454670.44127 1.91832
2454671.44132 2.52288
2454672.44136 4.10641
2454673.44141 4.73906
2454674.44145 5.45138
2454675.44150 5.08671
2454676.44154 5.27431
2454862.45003 -1.78322
2454863.45008 -1.17739
2454864.45012 -0.25121
2454865.45017 0.67030
2454866.45021 1.57383
2454867.45026 2.36866
2454868.45031 1.92293
2454869.45035 1.45231
2454870.45040 1.25773
2454871.45044 0.22799
2454872.45049 -0.79451
2454873.45053 -2.01102
2454874.45058 -2.59331
2454875.45063 -2.63313
2454876.45067 -2.03011
2454877.45072 -2.47610
2454878.45076 -1.50806
2454879.45081 -0.36515
2454880.45085 0.50094
2454881.45090 1.30578
2454882.45094 1.37727
2454883.45099 1.99620
2454884.45104 1.16808
2454885.45108 0.71108
2454886.45113 -0.27556
2454887.45117 -1.30633
2454888.45122 -2.28165
2454889.45126 -2.86802
2454890.45131 -3.04421
2454891.45136 -3.09498
2454892.45140 -2.37407
2454893.45145 -1.22045
2454894.45149 -0.57918
2454895.45154 0.44008
2454896.45158 1.07813
2454897.45163 1.69740
2454898.45167 1.29044
2454899.45172 1.22012
2454900.45177 0.20207
2454901.45181 -0.75510
2454902.45186 -1.63355
2454903.45190 -2.61582
2454904.45195 -3.37317
2454905.45199 -2.85350
2454906.45204 -2.82473
2454907.45209 -2.35980
2454908.45213 -1.52039
2454909.45218 -0.49048
2454910.45222 0.25341
2454911.45227 0.86477
2454912.45231 1.10331
2454913.45236 1.14743
2454914.45240 0.48334
2454915.45245 -0.22136
2454916.45250 -1.35801
2454917.45254 -2.31291
2454918.45259 -2.99113
2454919.45263 -3.71516
2454920.45268 -3.49871
2454921.45272 -3.25033
2454922.45277 -3.05779
2454923.45282 -2.05341
2454924.45286 -0.90014
2454925.45291 0.05380
2454926.45295 0.69585
2454927.45300 0.91123
2454928.45304 0.66628
2454929.45309 0.16527
2454930.45313 -0.73507
2454931.45318 -1.58194
2454932.45323 -2.43766
2454933.45327 -3.91647
2454934.45332 -3.40690
2454935.45336 -4.15858
2454936.45341 -3.40189
2454937.45345 -2.73968
2454938.45350 -2.04097
2454939.45355 -0.85277
2454940.45359 -0.09617
2454941.45364 0.50491
2454942.45368 0.60419
2454943.45373 0.33545
2454944.45377 -0.30535
2454945.45382 -1.11726
2454946.45387 -2.47998
2454947.45391 -2.84634
2454948.45396 -4.11190
2454949.45400 -4.20013
2454950.45405 -3.84307
2454951.45409 -4.15966
2454952.45414 -2.88080
2454953.45418 -2.03134
2454954.45423 -1.06610
2454955.45428 -0.30008
2454956.45432 0.18884
2454957.45437 0.34611
2454958.45441 0.00766
2454959.45446 -0.63866
2454960.45450 -1.66340
2454961.45455 -2.61084
2454962.45460 -3.82544
2454963.45464 -4.69835
2454964.45469 -4.04613
2454965.45473 -4.02667
2454966.45478 -4.09977
2454967.45482 -3.26185
2454968.45487 -1.96372
2454969.45491 -1.18665
2454970.45496 -0.33944
2454971.45501 0.03356
2454972.45505 0.05910
2454973.45510 -0.34961
2454974.45514 -1.20716
2454975.45519 -2.30732
2454976.45523 -3.15007
2454977.45528 -3.75594
2454978.45533 -4.27125
2454979.45537 -4.95883
2454980.45542 -3.75281
2454981.45546 -4.74898
2454982.45551 -3.09786
2454983.45555 -2.21620
2454984.45560 -1.17883
2454985.45564 -0.62120
2454986.45569 -0.15702
2454987.45574 -0.21550
2454988.45578 -0.58609
2454989.45583 -1.62146
2454990.45587 -2.38567
2454991.45592 -3.92103
2454992.45596 -4.06792
2454993.45601 -4.81843
2454994.45606 -4.49104
2454995.45610 -5.01320
2454996.45615 -4.07326
2454997.45619 -3.20567
2454998.45624 -2.09059
2454999.45628 -1.25573
2455000.45633 -0.65433
2455001.45637 -0.35900
2455002.45642 -0.41248
2455003.45647 -0.85425
2455004.45651 -1.79870
2455005.45656 -3.10112
2455006.45660 -4.01176
2455007.45665 -4.61234
2455008.45669 -5.67335
2455009.45674 -4.90197
2455010.45679 -5.61962
2455011.45683 -4.00463
2455012.45688 -3.46454
2455013.45692 -2.16818
2455014.45697 -1.39144
2455015.45701 -0.81541
2455016.45706 -0.52394
2455017.45711 -0.67955
2455018.45715 -1.04352
2455019.45720 -1.92545
2455020.45724 -3.23735
2455021.45729 -3.50909
2455022.45733 -4.76982
2455023.45738 -5.43154
2455024.45742 -5.43882
2455025.45747 -5.43998
2455026.45752 -4.21342
2455027.45756 -2.89840
2455028.45761 -2.16261
2455029.45765 -1.43706
2455030.45770 -0.83304
2455031.45774 -0.65732
2455032.45779 -0.83039
2455033.45784 -1.30654
2455034.45788 -2.54919
2455035.45793 -3.29326
2455036.45797 -4.40732
2455037.45802 -6.27593
2455038.45806 -5.41295
2455039.45811 -6.09480
2455040.45815 -4.96898
2455041.45820 -4.06152
2455227.46669 -1.72361
2455228.46673 -2.61145
2455229.46678 -3.19949
2455230.46682 -4.51048
2455231.46687 -3.66513
2455232.46692 -4.62127
2455233.46696 -3.46357
2455234.46701 -2.85097
2455235.46705 -1.66479
2455236.46710 -0.97172
2455237.46714 -0.10483
2455238.46719 0.25182
2455239.46724 0.30395
2455240.46728 -0.16806
2455241.46733 -0.91116
2455242.46737 -1.93863
2455243.46742 -3.21526
2455244.46746 -3.36294
2455245.46751 -4.70514
2455246.46755 -4.42016
2455247.46760 -4.16047
2455248.46765 -3.87938
2455249.46769 -2.52317
2455250.46774 -1.18324
2455251.46778 -0.36082
2455252.46783 0.26358
2455253.46787 0.49495
2455254.46792 0.49736
2455255.46797 -0.00203
2455256.46801 -0.75880
2455257.46806 -1.92096
2455258.46810 -2.28540
2455259.46815 -3.72486
2455260.46819 -4.19433
2455261.46824 -4.52565
2455262.46829 -2.93745
2455263.46833 -2.87277
2455264.46838 -1.79557
2455265.46842 -0.82855
2455266.46847 0.00621
2455267.46851 0.66870
2455268.46856 0.78736
2455269.46860 0.75073
2455270.46865 0.17514
2455271.46870 -0.66797
2455272.46874 -1.54884
2455273.46879 -2.38461
2455274.46883 -3.16964
2455275.46888 -3.90003
2455276.46892 -3.90062
2455277.46897 -3.02093
2455278.46902 -2.38465
2455279.46906 -1.33403
2455280.46911 -0.35195
2455281.46915 0.48612
2455282.46920 0.75129
2455283.46924 1.20210
2455284.46929 0.97613
2455285.46933 0.31489
2455286.46938 -0.54755
2455287.46943 -1.61324
2455288.46947 -2.15017
2455289.46952 -3.57005
2455290.46956 -3.15272
2455291.46961 -3.32997
2455292.46965 -2.59913
2455293.46970 -2.06251
2455294.46975 -1.03428
2455295.46979 0.05163
2455296.46984 0.85504
2455297.46988 1.35287
2455298.46993 1.31292
2455299.46997 1.30203
2455300.47002 0.42085
2455301.47006 -0.38937
2455302.47011 -1.31132
2455303.47016 -2.39615
2455304.47020 -2.59983
2455305.47025 -3.41160
2455306.47029 -2.71190
2455307.47034 -1.88602
2455308.47038 -1.14269
2455309.47043 -0.52244
2455310.47048 0.44201
2455311.47052 1.19189
2455312.47057 1.45402
2455313.47061 1.81559
2455314.47066 1.57399
2455315.47070 0.71735
2455316.47075 -0.21062
2455317.47079 -1.14958
2455318.47084 -1.66595
2455319.47089 -2.59402
2455320.47093 -2.87798
2455321.47098 -2.67798
2455322.47102 -1.69720
2455323.47107 -0.84613
2455324.47111 0.05153
2455325.47116 1.08010
2455326.47121 1.78558
2455327.47125 1.97343
2455328.47130 1.98615
2455329.47134 1.34097
2455330.47139 0.92053
2455331.47143 -0.10963
2455332.47148 -0.91159
2455333.47153 -1.79675
2455334.47157 -2.13741
2455335.47162 -2.49191
2455336.47166 -1.94190
2455337.47171 -1.50549
2455338.47175 -0.44662
2455339.47180 0.53518
2455340.47184 1.50559
2455341.47189 2.18475
2455342.47194 2.49676
2455343.47198 2.78526
2455344.47203 1.82598
2455345.47207 0.98153
2455346.47212 0.04861
2455347.47216 -0.98734
2455348.47221 -1.51614
2455349.47226 -2.24218
2455350.47230 -2.13638
2455351.47235 -1.81548
2455352.47239 -0.95827
2455353.47244 0.03316
2455354.47248 1.09895
2455355.47253 1.60723
2455356.47257 3.14842
2455357.47262 2.70435
2455358.47267 2.92997
2455359.47271 1.89857
2455360.47276 1.21383
2455361.47280 0.18222
2455362.47285 -0.52491
2455363.47289 -1.48158
2455364.47294 -1.52418
2455365.47299 -1.45293
2455366.47303 -1.20230
2455367.47308 -0.55878
2455368.47312 0.54064
2455369.47317 1.62597
2455370.47321 2.82006
2455371.47326 2.91028
2455372.47330 2.73413
2455373.47335 2.79933
2455374.47340 1.99952
2455375.47344 1.42600
2455376.47349 0.33944
2455377.47353 -0.48475
2455378.47358 -1.07805
2455379.47362 -1.25023
2455380.47367 -1.42199
2455381.47372 -0.84573
2455382.47376 0.03360
2455383.47381 1.07312
2455384.47385 1.47097
2455385.47390 2.70535
2455386.47394 2.57019
2455387.47399 3.42557
2455388.47403 3.26039
2455389.47408 2.46111
2455390.47413 1.61143
2455391.47417 0.62237
2455392.47422 -0.32312
2455393.47426 -1.03112
2455394.47431 -1.06796
2455395.47435 -0.97882
2455396.47440 -0.39178
2455397.47445 0.46545
2455398.47449 1.68857
2455399.47454 2.48867
2455400.47458 3.94441
2455401.47463 3.84957
2455402.47467 4.13542
2455403.47472 3.55803
2455404.47476 2.43080
2455405.47481 1.63760
2455406.47486 0.65270
2455592.48334 4.05180
2455593.48339 4.94330
2455594.48344 6.31943
2455595.48348 4.68332
2455596.48353 5.38272
2455597.48357 3.55926
2455598.48362 3.46549
2455599.48366 2.08518
2455600.48371 1.55447
2455601.48375 0.94190
2455602.48380 1.29085
2455603.48385 1.36427
2455604.48389 2.21007
2455605.48394 3.37354
2455606.48398 3.98512
2455607.48403 5.10620
2455608.48407 4.50626
2455609.48412 6.36374
2455610.48417 4.70301
2455611.48421 4.98203
2455612.48426 4.15495
2455613.48430 3.68358
2455614.48435 2.30289
2455615.48439 1.16139
2455616.48444 1.01657
2455617.48448 1.02228
2455618.48453 1.41804
2455619.48458 2.09731
2455620.48462 2.93567
2455621.48467 4.47984
2455622.48471 4.85836
2455623.48476 5.40165
2455624.48480 5.97382
2455625.48485 6.04365
2455626.48490 4.82604
2455627.48494 3.42282
2455628.48499 2.38348
2455629.48503 1.83299
2455630.48508 0.93015
2455631.48512 0.78973
2455632.48517 1.03966
2455633.48521 1.44793
2455634.48526 2.73671
2455635.48531 3.31351
2455636.48535 4.28730
2455637.48540 4.59749
2455638.48544 5.88011
2455639.48549 6.69220
2455640.48553 5.40725
2455641.48558 3.89168
2455642.48563 3.56527
2455643.48567 2.62343
2455644.48572 1.75826
2455645.48576 1.03712
2455646.48581 0.71278
2455647.48585 0.75808
2455648.48590 1.53889
2455649.48595 1.99224
2455650.48599 3.51588
2455651.48604 4.80928
2455652.48608 5.34054
2455653.48613 5.98779
2455654.48617 4.81018
2455655.48622 5.08018
2455656.48626 3.98200
2455657.48631 2.98295
2455658.48636 2.09126
2455659.48640 1.38258
2455660.48645 0.63728
2455661.48649 0.55572
2455662.48654 0.77209
2455663.48658 1.13582
2455664.48663 2.52657
2455665.48668 3.18042
2455666.48672 4.84855
2455667.48677 5.70646
2455668.48681 6.17370
2455669.48686 5.07247
2455670.48690 4.15843
2455671.48695 4.01882
2455672.48699 2.62264
2455673.48704 1.96601
2455674.48709 0.95199
2455675.48713 0.42455
2455676.48718 0.36978
2455677.48722 0.61837
2455678.48727 1.30020
2455679.48731 2.45171
2455680.48736 2.75115
2455681.48741 5.31140
2455682.48745 5.54192
2455683.48750 5.18301
2455684.48754 4.00191
2455685.48759 4.39530
2455686.48763 3.39251
2455687.48768 2.08033
2455688.48772 1.37833
2455689.48777 0.59808
2455690.48782 0.18509
2455691.48786 0.17423
2455692.48791 0.52172
2455693.48795 1.07240
2455694.48800 2.14469
2455695.48804 3.12846
2455696.48809 4.34479
2455697.48814 4.66683
2455698.48818 5.18965
2455699.48823 3.79506
2455700.48827 3.66536
2455701.48832 3.00787
2455702.48836 1.81872
2455703.48841 1.24398
2455704.48845 0.31679
2455705.48850 -0.08235
2455706.48855 -0.03462
2455707.48859 0.43654
2455708.48864 1.26268
2455709.48868 2.64163
2455710.48873 3.33094
2455711.48877 4.18499
2455712.48882 4.74112
2455713.48887 4.25852
2455714.48891 3.73532
2455715.48896 3.38362
2455716.48900 2.55193
2455717.48905 1.63538
2455718.48909 0.66464
2455719.48914 -0.05077
2455720.48918 -0.32042
2455721.48923 -0.22664
2455722.48928 0.28875
2455723.48932 1.14564
2455724.48937 2.06304
2455725.48941 3.17790
2455726.48946 3.88246
2455727.48950 4.31052
2455728.48955 3.40110
2455729.48960 3.77645
2455730.48964 3.62794
2455731.48969 2.33166
2455732.48973 0.85656
2455733.48978 0.21034
2455734.48982 -0.40819
2455735.48987 -0.65509
2455736.48992 -0.39033
2455737.48996 0.13493
2455738.49001 1.01962
2455739.49005 1.95170
2455740.49010 3.23494
2455741.49014 3.51519
2455742.49019 3.58419
2455743.49023 3.87786
2455744.49028 3.36256
2455745.49033 2.98056
2455746.49037 1.95463
2455747.49042 0.76458
2455748.49046 -0.20458
2455749.49051 -0.94016
2455750.49055 -0.99808
2455751.49060 -0.61019
2455752.49065 -0.02212
2455753.49069 0.84415
2455754.49074 1.88375
2455755.49078 2.48140
2455756.49083 3.42005
2455757.49087 3.41159
2455758.49092 3.14280
2455759.49096 2.89843
2455760.49101 1.94862
2455761.49106 1.32372
2455762.49110 0.16010
2455763.49115 -0.69718
2455764.49119 -1.14666
2455765.49124 -1.39106
2455766.49128 -0.99412
2455767.49133 -0.20137
2455768.49138 0.85783
2455769.49142 1.66081
2455770.49147 2.22145
2455771.49151 3.32978
2455957.50000 -5.90679
