2445000.00000 16.59080
2445001.00005 20.85891
2445002.00009 20.41570
2445003.00014 20.68833
2445004.00018 14.97108
2445005.00023 9.99039
2445006.00027 7.12007
2445007.00032 2.60830
2445008.00037 0.42347
2445009.00041 0.19487
2445010.00046 2.18890
2445011.00050 5.41425
2445012.00055 8.74097
2445013.00059 16.41985
2445014.00064 18.64819
2445015.00068 20.62495
2445016.00073 19.60316
2445017.00078 20.77732
2445018.00082 13.56799
2445019.00087 9.58068
2445020.00091 7.66821
2445021.00096 2.57865
2445022.00100 0.82212
2445023.00105 0.74244
2445024.00110 2.60820
2445025.00114 5.54474
2445026.00119 11.19190
2445027.00123 17.10261
2445028.00128 19.27796
2445029.00132 19.14231
2445030.00137 21.38385
2445031.00141 16.21387
2445032.00146 13.80278
2445033.00151 10.59662
2445034.00155 6.50928
2445035.00160 2.60075
2445036.00164 1.07429
2445037.00169 1.19312
2445038.00173 3.13330
2445039.00178 5.36633
2445040.00183 11.45116
2445041.00187 18.63889
2445042.00192 20.16946
2445043.00196 21.19976
2445044.00201 20.26049
2445045.00205 20.04306
2445046.00210 15.62692
2445047.00214 11.62315
2445048.00219 5.77893
2445049.00224 3.13189
2445050.00228 1.29112
2445051.00233 1.68314
2445052.00237 3.10396
2445053.00242 7.30563
2445054.00246 12.78557
2445055.00251 17.68487
2445056.00256 19.85096
2445057.00260 16.95055
2445058.00265 22.68170
2445059.00269 22.07649
2445060.00274 14.02420
2445061.00278 10.36325
2445062.00283 7.03531
2445063.00287 3.50664
2445064.00292 1.84903
2445065.00297 2.33360
2445066.00301 3.81794
2445067.00306 7.96175
2445068.00310 13.72147
2445069.00315 17.10266
2445070.00319 21.26446
2445071.00324 21.76352
2445072.00329 20.62023
2445073.00333 18.68096
2445074.00338 13.57753
2445075.00342 10.00472
2445076.00347 6.48521
2445077.00351 3.36740
2445078.00356 2.09871
2445079.00361 2.54613
2445080.00365 6.03223
2445081.00370 10.23876
2445082.00374 12.99888
2445083.00379 18.31766
2445084.00383 23.65080
2445085.00388 21.01578
2445086.00392 20.15125
2445087.00397 21.70500
2445088.00402 16.31817
2445089.00406 11.89100
2445090.00411 6.75334
2445091.00415 3.44522
2445092.00420 2.00227
2445093.00424 3.17184
2445094.00429 6.54377
2445095.00434 11.09492
2445096.00438 15.99538
2445097.00443 20.12291
2445098.00447 26.43352
2445099.00452 19.28855
2445100.00456 22.48179
2445101.00461 17.44935
2445102.00465 17.58037
2445103.00470 10.09313
2445104.00475 7.22626
2445105.00479 3.52541
2445106.00484 2.75700
2445107.00488 3.60301
2445108.00493 6.47759
2445109.00497 10.96636
2445110.00502 16.59464
2445111.00507 19.11534
2445112.00511 24.15376
2445113.00516 25.58733
2445114.00520 21.21977
2445115.00525 22.90954
2445116.00529 16.28797
2445117.00534 10.16382
2445118.00538 6.98556
2445119.00543 4.25173
2445120.00548 3.16141
2445121.00552 4.24489
2445122.00557 4.68055
2445123.00561 10.25259
2445124.00566 17.01343
2445125.00570 18.00585
2445126.00575 23.84694
2445127.00580 25.58406
2445128.00584 22.03603
2445129.00589 15.87583
2445130.00593 13.97344
2445131.00598 11.27669
2445132.00602 7.42806
2445133.00607 3.18064
2445134.00611 3.35792
2445135.00616 3.99619
2445136.00621 7.87829
2445137.00625 11.89183
2445138.00630 20.58311
2445139.00634 19.49788
2445140.00639 25.58894
2445141.00643 26.20160
2445142.00648 21.96858
2445143.00653 19.48806
2445144.00657 14.99825
2445145.00662 9.70018
2445146.00666 6.06676
2445147.00671 4.01482
2445148.00675 3.26321
2445149.00680 4.94908
2445150.00684 8.30112
2445151.00689 13.01138
2445152.00694 18.12703
2445153.00698 20.79954
2445154.00703 21.79603
2445155.00707 25.09265
2445156.00712 24.27763
2445157.00716 18.28653
2445158.00721 13.43315
2445159.00726 9.93526
2445160.00730 6.51356
2445161.00735 4.85985
2445162.00739 4.31955
2445163.00744 5.73724
2445164.00748 10.85746
2445165.00753 13.47060
2445166.00758 20.59586
2445167.00762 24.46343
2445168.00767 26.80290
2445169.00771 25.08949
2445170.00776 22.82918
2445171.00780 19.17151
2445172.00785 16.04031
2445173.00789 9.49951
2445174.00794 6.47772
2445175.00799 5.29587
2445176.00803 4.67572
2445177.00808 6.86925
2445178.00812 8.58321
2445179.00817 13.60650
2445366.01670 21.68472
2445367.01675 16.40026
2445368.01679 10.61300
2445369.01684 9.40678
2445370.01688 7.84844
2445371.01693 7.24392
2445372.01698 10.56309
2445373.01702 16.36343
2445374.01707 20.91664
2445375.01711 21.96842
2445376.01716 22.96590
2445377.01720 28.03150
2445378.01725 33.27754
2445379.01729 27.84561
2445380.01734 20.69184
2445381.01739 18.68655
2445382.01743 13.22786
2445383.01748 6.98102
2445384.01752 7.89015
2445385.01757 7.77915
2445386.01761 9.29133
2445387.01766 14.21959
2445388.01771 19.43057
2445389.01775 21.13504
2445390.01780 25.81801
2445391.01784 26.63076
2445392.01789 29.04787
2445393.01793 23.62403
2445394.01798 16.93625
2445395.01803 15.13349
2445396.01807 10.49047
2445397.01812 7.39430
2445398.01816 8.03117
2445399.01821 8.55722
2445400.01825 9.53804
2445401.01830 12.72068
2445402.01834 18.95424
2445403.01839 20.28856
2445404.01844 25.78006
2445405.01848 27.84705
2445406.01853 27.65130
2445407.01857 24.95201
2445408.01862 18.51797
2445409.01866 15.62085
2445410.01871 12.77580
2445411.01876 6.61402
2445412.01880 7.47189
2445413.01885 7.19413
2445414.01889 12.47855
2445415.01894 16.26884
2445416.01898 21.16821
2445417.01903 21.75486
2445418.01907 27.38315
2445419.01912 28.77188
2445420.01917 20.39247
2445421.01921 24.22890
2445422.01926 20.95986
2445423.01930 13.02417
2445424.01935 11.72550
2445425.01939 8.32762
2445426.01944 8.29883
2445427.01949 8.04386
2445428.01953 11.52344
2445429.01958 16.02884
2445430.01962 14.44677
2445431.01967 23.30486
2445432.01971 27.14195
2445433.01976 21.23356
2445434.01980 28.39143
2445435.01985 23.80475
2445436.01990 19.54882
2445437.01994 15.88491
2445438.01999 10.34681
2445439.02003 8.15782
2445440.02008 7.98539
2445441.02012 8.67451
2445442.02017 9.54137
2445443.02022 16.03119
2445444.02026 20.65786
2445445.02031 26.72125
2445446.02035 26.18015
2445447.02040 25.07886
2445448.02044 23.85954
2445449.02049 26.66223
2445450.02053 19.57045
2445451.02058 16.46487
2445452.02063 12.13284
2445453.02067 7.40599
2445454.02072 6.80236
2445455.02076 8.75009
2445456.02081 12.81130
2445457.02085 14.08989
2445458.02090 21.90121
2445459.02095 25.84431
2445460.02099 24.21152
2445461.02104 24.75442
2445462.02108 27.41214
2445463.02113 27.73867
2445464.02117 18.08115
2445465.02122 14.54581
2445466.02126 9.62170
2445467.02131 8.06682
2445468.02136 7.00534
2445469.02140 8.86430
2445470.02145 15.48177
2445471.02149 16.99205
2445472.02154 18.01076
2445473.02158 26.75683
2445474.02163 30.51986
2445475.02168 29.61305
2445476.02172 25.56618
2445477.02177 20.55170
2445478.02181 16.59750
2445479.02186 13.44066
2445480.02190 9.59759
2445481.02195 7.32828
2445482.02200 8.45370
2445483.02204 10.19630
2445484.02209 14.41798
2445485.02213 15.86673
2445486.02218 19.73100
2445487.02222 25.61135
2445488.02227 28.67627
2445489.02231 27.86166
2445490.02236 26.67292
2445491.02241 25.78423
2445492.02245 17.41427
2445493.02250 14.38608
2445494.02254 10.18440
2445495.02259 7.71721
2445496.02263 8.18353
2445497.02268 8.83683
2445498.02273 11.87653
2445499.02277 18.38666
2445500.02282 18.47407
2445501.02286 26.97444
2445502.02291 24.49862
2445503.02295 31.74062
2445504.02300 24.49292
2445505.02304 25.04063
2445506.02309 17.00064
2445507.02314 12.58775
2445508.02318 10.21522
2445509.02323 7.74962
2445510.02327 7.62278
2445511.02332 9.41017
2445512.02336 12.96578
2445513.02341 22.25430
2445514.02346 18.67423
2445515.02350 22.76906
2445516.02355 30.91920
2445517.02359 30.44206
2445518.02364 22.87612
2445519.02368 17.69007
2445520.02373 19.06862
2445521.02377 11.20216
2445522.02382 8.67058
2445523.02387 7.48709
2445524.02391 6.91432
2445525.02396 10.96757
2445526.02400 13.86722
2445527.02405 16.75767
2445528.02409 20.94340
2445529.02414 29.45485
2445530.02419 26.91066
2445531.02423 28.92793
2445532.02428 24.84652
2445533.02432 17.32650
2445534.02437 17.68115
2445535.02441 13.40199
2445536.02446 10.46278
2445537.02450 5.91647
2445538.02455 5.34866
2445539.02460 10.92698
2445540.02464 13.32082
2445541.02469 16.05442
2445542.02473 23.29190
2445543.02478 25.05806
2445544.02482 24.13899
2445545.02487 26.83165
2445731.03336 6.39953
2445732.03340 5.10106
2445733.03345 6.14294
2445734.03349 9.30179
2445735.03354 10.84720
2445736.03359 17.55221
2445737.03363 22.26694
2445738.03368 23.60884
2445739.03372 23.34114
2445740.03377 22.49223
2445741.03381 20.69771
2445742.03386 18.66251
2445743.03391 14.38197
2445744.03395 9.48826
2445745.03400 4.74745
2445746.03404 4.31614
2445747.03409 6.35497
2445748.03413 10.14712
2445749.03418 11.92708
2445750.03422 18.11111
2445751.03427 19.33346
2445752.03432 25.11771
2445753.03436 23.55439
2445754.03441 24.28338
2445755.03445 18.21178
2445756.03450 13.74089
2445757.03454 15.46877
2445758.03459 7.85478
2445759.03464 6.30693
2445760.03468 5.20010
2445761.03473 4.93129
2445762.03477 9.37657
2445763.03482 11.61548
2445764.03486 17.38035
2445765.03491 17.71816
2445766.03495 20.49141
2445767.03500 22.74155
2445768.03505 22.08654
2445769.03509 20.17880
2445770.03514 14.10449
2445771.03518 11.30187
2445772.03523 8.04139
2445773.03527 4.90360
2445774.03532 4.24878
2445775.03537 6.02984
2445776.03541 7.80830
2445777.03546 14.75454
2445778.03550 15.86134
2445779.03555 25.23210
2445780.03559 26.03306
2445781.03564 25.89667
2445782.03568 24.22058
2445783.03573 19.45368
2445784.03578 13.84931
2445785.03582 9.47027
2445786.03587 7.80485
2445787.03591 4.39720
2445788.03596 3.59107
2445789.03600 6.06608
2445790.03605 9.49560
2445791.03610 13.14360
2445792.03614 16.48399
2445793.03619 23.43297
2445794.03623 26.26237
2445795.03628 24.94619
2445796.03632 22.47111
2445797.03637 17.32323
2445798.03642 15.00151
2445799.03646 9.14849
2445800.03651 5.29118
2445801.03655 4.37902
2445802.03660 3.41826
2445803.03664 4.62491
2445804.03669 10.45150
2445805.03673 11.31000
2445806.03678 17.47462
2445807.03683 19.40114
2445808.03687 22.06552
2445809.03692 29.06226
2445810.03696 21.52751
2445811.03701 18.76218
2445812.03705 14.65962
2445813.03710 8.49015
2445814.03715 6.07461
2445815.03719 3.65706
2445816.03724 3.85507
2445817.03728 5.23976
2445818.03733 9.71182
2445819.03737 13.78516
2445820.03742 20.29831
2445821.03746 20.55095
2445822.03751 28.34095
2445823.03756 24.14550
2445824.03760 20.89579
2445825.03765 16.98685
2445826.03769 12.83664
2445827.03774 7.85521
2445828.03778 5.23645
2445829.03783 3.11460
2445830.03788 4.01800
2445831.03792 5.35030
2445832.03797 9.23926
2445833.03801 13.28071
2445834.03806 21.68917
2445835.03810 18.50875
2445836.03815 23.51176
2445837.03819 23.62383
2445838.03824 18.23127
2445839.03829 21.09994
2445840.03833 10.96932
2445841.03838 7.70972
2445842.03842 5.06624
2445843.03847 2.61578
2445844.03851 3.19395
2445845.03856 5.34684
2445846.03861 9.35069
2445847.03865 15.46754
2445848.03870 17.51944
2445849.03874 15.81073
2445850.03879 22.92980
2445851.03883 22.57358
2445852.03888 20.30386
2445853.03892 15.65979
2445854.03897 10.35713
2445855.03902 6.81237
2445856.03906 4.43105
2445857.03911 2.31334
2445858.03915 3.13052
2445859.03920 4.91745
2445860.03924 9.16945
2445861.03929 12.61726
2445862.03934 20.65378
2445863.03938 18.05957
2445864.03943 23.53532
2445865.03947 22.67889
2445866.03952 19.78904
2445867.03956 11.63551
2445868.03961 8.42882
2445869.03966 6.35537
2445870.03970 2.90495
2445871.03975 1.81049
2445872.03979 2.61793
2445873.03984 4.86031
2445874.03988 8.32141
2445875.03993 14.06950
2445876.03997 14.78406
2445877.04002 20.15118
2445878.04007 20.85646
2445879.04011 21.35412
2445880.04016 23.01417
2445881.04020 13.01490
2445882.04025 10.18821
2445883.04029 5.70282
2445884.04034 2.78688
2445885.04039 1.52022
2445886.04043 2.90019
2445887.04048 5.75011
2445888.04052 10.18396
2445889.04057 12.11105
2445890.04061 18.39899
2445891.04066 19.96509
2445892.04070 20.08510
2445893.04075 19.54636
2445894.04080 17.77961
2445895.04084 14.27387
2445896.04089 9.89207
2445897.04093 5.33369
2445898.04098 2.14403
2445899.04102 1.18542
2445900.04107 2.26512
2445901.04112 5.19921
2445902.04116 8.79928
2445903.04121 13.52362
2445904.04125 18.80361
2445905.04130 24.03372
2445906.04134 21.26010
2445907.04139 18.63820
2445908.04143 18.82343
2445909.04148 10.28134
2445910.04153 9.07724
2446096.05001 0.15432
2446097.05006 4.87989
2446098.05010 8.68211
2446099.05015 13.28773
2446100.05020 18.23773
2446101.05024 14.03736
2446102.05029 12.15296
2446103.05033 10.07878
2446104.05038 6.34582
2446105.05042 0.93127
2446106.05047 -2.84605
2446107.05052 -4.97946
2446108.05056 -5.79771
2446109.05061 -3.37330
2446110.05065 0.05846
2446111.05070 5.10714
2446112.05074 9.73436
2446113.05079 10.98713
2446114.05084 14.30050
2446115.05088 15.53641
2446116.05093 11.51525
2446117.05097 8.15606
2446118.05102 4.38782
2446119.05106 0.04673
2446120.05111 -3.24101
2446121.05115 -5.52471
2446122.05120 -4.27566
2446123.05125 -3.91732
2446124.05129 -0.05059
2446125.05134 3.94649
2446126.05138 10.33719
2446127.05143 14.12586
2446128.05147 15.33940
2446129.05152 11.71213
2446130.05157 12.85930
2446131.05161 7.59583
2446132.05166 3.85798
2446133.05170 -0.94072
2446134.05175 -4.24621
2446135.05179 -6.45460
2446136.05184 -6.53556
2446137.05188 -3.66294
2446138.05193 -0.16737
2446139.05198 4.27377
2446140.05202 9.42706
2446141.05207 14.51137
2446142.05211 14.28694
2446143.05216 11.11835
2446144.05220 9.49353
2446145.05225 7.44471
2446146.05230 3.06284
2446147.05234 -1.66072
2446148.05239 -4.84091
2446149.05243 -6.83921
2446150.05248 -5.82219
2446151.05252 -3.85554
2446152.05257 -0.30306
2446153.05261 4.47537
2446154.05266 7.31171
2446155.05271 12.46282
2446156.05275 13.08651
2446157.05280 13.15326
2446158.05284 10.79964
2446159.05289 6.68765
2446160.05293 2.12693
2446161.05298 -2.53158
2446162.05303 -5.71876
2446163.05307 -6.37304
2446164.05312 -5.51593
2446165.05316 -4.32235
2446166.05321 -0.39987
2446167.05325 4.00535
2446168.05330 8.88251
2446169.05334 11.41253
2446170.05339 10.73479
2446171.05344 13.68448
2446172.05348 10.44829
2446173.05353 6.24962
2446174.05357 1.07444
2446175.05362 -3.32616
2446176.05366 -6.37365
2446177.05371 -7.09360
2446178.05376 -8.02869
2446179.05380 -4.67020
2446180.05385 -0.48571
2446181.05389 4.49003
2446182.05394 7.89249
2446183.05398 10.54508
2446184.05403 11.99496
2446185.05408 12.18895
2446186.05412 8.78611
2446187.05417 4.01952
2446188.05421 0.02762
2446189.05426 -4.17624
2446190.05430 -7.12386
2446191.05435 -8.38682
2446192.05439 -7.84997
2446193.05444 -4.32836
2446194.05449 -0.56114
2446195.05453 4.15214
2446196.05458 8.47501
2446197.05462 12.80463
2446198.05467 10.80750
2446199.05471 10.50240
2446200.05476 7.74967
2446201.05481 4.26680
2446202.05485 -0.91570
2446203.05490 -5.47082
2446204.05494 -8.02060
2446205.05499 -8.82403
2446206.05503 -6.88584
2446207.05508 -5.06169
2446208.05512 -0.72676
2446209.05517 3.56245
2446210.05522 7.71574
2446211.05526 13.45755
2446212.05531 11.96878
2446213.05535 10.88348
2446214.05540 7.17997
2446215.05544 2.91289
2446216.05549 -1.65349
2446217.05554 -5.56326
2446218.05558 -8.31165
2446219.05563 -9.39383
2446220.05567 -8.41883
2446221.05572 -4.83151
2446222.05576 -0.76874
2446223.05581 4.62874
2446224.05585 8.61648
2446225.05590 9.66649
2446226.05595 9.71083
2446227.05599 9.17740
2446228.05604 5.64414
2446229.05608 1.86303
2446230.05613 -2.96524
2446231.05617 -6.93013
2446232.05622 -9.56570
2446233.05627 -9.73928
2446234.05631 -8.60353
2446235.05636 -5.67553
2446236.05640 -0.76301
2446237.05645 3.85482
2446238.05649 7.17819
2446239.05654 9.11645
2446240.05658 8.91538
2446241.05663 7.47108
2446242.05668 6.04212
2446243.05672 1.12535
2446244.05677 -3.81791
2446245.05681 -6.48859
2446246.05686 -9.30753
2446247.05690 -10.13395
2446248.05695 -7.96107
2446249.05700 -5.02595
2446250.05704 -0.94545
2446251.05709 3.50385
2446252.05713 7.29442
2446253.05718 8.07641
2446254.05722 9.09133
2446255.05727 9.54689
2446256.05731 4.21889
2446257.05736 0.08358
2446258.05741 -4.09831
2446259.05745 -8.10146
2446260.05750 -10.22762
2446261.05754 -10.95691
2446262.05759 -8.16286
2446263.05763 -4.65883
2446264.05768 -1.10528
2446265.05773 3.68798
2446266.05777 7.94198
2446267.05782 8.69566
2446268.05786 10.70422
2446269.05791 8.15362
2446270.05795 3.25931
2446271.05800 -0.69283
2446272.05805 -6.03949
2446273.05809 -9.71259
2446274.05814 -10.39947
2446275.05818 -10.04503
2446461.06667 1.03422
2446462.06672 2.46730
2446463.06676 2.12042
2446464.06681 -0.26921
2446465.06685 -3.84132
2446466.06690 -9.20359
2446467.06694 -14.15060
2446468.06699 -19.08694
2446469.06703 -19.29943
2446470.06708 -17.94287
2446471.06713 -17.00942
2446472.06717 -13.34438
2446473.06722 -6.10291
2446474.06726 -2.66444
2446475.06731 0.68795
2446476.06735 2.57312
2446477.06740 1.71556
2446478.06745 -0.91021
2446479.06749 -4.79351
2446480.06754 -8.44453
2446481.06758 -12.85024
2446482.06763 -17.90247
2446483.06767 -20.70746
2446484.06772 -20.35845
2446485.06776 -15.64985
2446486.06781 -12.67289
2446487.06786 -7.34650
2446488.06790 -2.56475
2446489.06795 0.62809
2446490.06799 1.53191
2446491.06804 0.97903
2446492.06808 -1.99642
2446493.06813 -6.23013
2446494.06818 -9.60049
2446495.06822 -16.15347
2446496.06827 -18.43433
2446497.06831 -18.91751
2446498.06836 -17.04569
2446499.06840 -16.42123
2446500.06845 -10.01542
2446501.06850 -7.14182
2446502.06854 -2.50576
2446503.06859 0.29678
2446504.06863 1.47666
2446505.06868 0.43545
2446506.06872 -2.60947
2446507.06877 -6.76361
2446508.06881 -11.93479
2446509.06886 -16.58632
2446510.06891 -19.89455
2446511.06895 -19.67455
2446512.06900 -20.04105
2446513.06904 -16.85518
2446514.06909 -15.13003
2446515.06913 -5.91622
2446516.06918 -2.29246
2446517.06923 0.04902
2446518.06927 0.85356
2446519.06932 -0.29318
2446520.06936 -3.82461
2446521.06941 -7.11476
2446522.06945 -10.73098
2446523.06950 -16.15556
2446524.06954 -17.55721
2446525.06959 -19.17090
2446526.06964 -20.29087
2446527.06968 -14.18892
2446528.06973 -10.42430
2446529.06977 -7.57642
2446530.06982 -2.62624
2446531.06986 -0.22159
2446532.06991 0.47365
2446533.06996 -0.85544
2446534.07000 -3.93140
2446535.07005 -7.69364
2446536.07009 -14.23263
2446537.07014 -16.19877
2446538.07018 -22.08754
2446539.07023 -20.83000
2446540.07027 -19.27195
2446541.07032 -14.32351
2446542.07037 -11.51220
2446543.07041 -7.09781
2446544.07046 -2.54961
2446545.07050 -0.51164
2446546.07055 0.02698
2446547.07059 -1.81360
2446548.07064 -4.95597
2446549.07069 -10.15447
2446550.07073 -14.28805
2446551.07078 -17.46249
2446552.07082 -22.56372
2446553.07087 -22.55504
2446554.07091 -22.33512
2446555.07096 -16.73668
2446556.07100 -12.61062
2446557.07105 -5.44948
2446558.07110 -2.62869
2446559.07114 -0.66716
2446560.07119 -0.49515
2446561.07123 -2.20861
2446562.07128 -6.30103
2446563.07132 -8.25024
2446564.07137 -13.51933
2446565.07142 -20.55046
2446566.07146 -20.12181
2446567.07151 -24.33202
2446568.07155 -19.69470
2446569.07160 -16.25044
2446570.07164 -10.66024
2446571.07169 -6.26747
2446572.07173 -3.21166
2446573.07178 -1.08184
2446574.07183 -1.20884
2446575.07187 -2.37838
2446576.07192 -6.81852
2446577.07196 -10.82685
2446578.07201 -12.02628
2446579.07205 -21.57504
2446580.07210 -21.36201
2446581.07215 -20.44632
2446582.07219 -17.44187
2446583.07224 -15.99630
2446584.07228 -10.14038
2446585.07233 -7.25942
2446586.07237 -3.16435
2446587.07242 -1.29719
2446588.07247 -1.40884
2446589.07251 -3.35973
2446590.07256 -7.79738
2446591.07260 -12.10576
2446592.07265 -18.41047
2446593.07269 -20.81208
2446594.07274 -19.40365
2446595.07278 -20.89738
2446596.07283 -19.10297
2446597.07288 -18.56938
2446598.07292 -11.09459
2446599.07297 -7.02685
2446600.07301 -3.29131
2446601.07306 -1.42660
2446602.07310 -1.96338
2446603.07315 -4.25979
2446604.07320 -7.21177
2446605.07324 -13.31942
2446606.07329 -16.92076
2446607.07333 -24.67398
2446608.07338 -23.04676
2446609.07342 -19.20523
2446610.07347 -19.15153
2446611.07351 -14.56505
2446612.07356 -10.33014
2446613.07361 -6.05084
2446614.07365 -3.73982
2446615.07370 -1.77999
2446616.07374 -1.84759
2446617.07379 -4.80277
2446618.07383 -9.85776
2446619.07388 -14.15250
2446620.07393 -16.97659
2446621.07397 -24.69896
2446622.07402 -24.53084
2446623.07406 -23.07145
2446624.07411 -19.68156
2446625.07415 -13.11182
2446626.07420 -10.59251
2446627.07424 -7.78500
2446628.07429 -2.30249
2446629.07434 -2.28546
2446630.07438 -3.37170
2446631.07443 -6.01965
2446632.07447 -10.45036
2446633.07452 -16.04914
2446634.07456 -17.58219
2446635.07461 -27.57255
2446636.07466 -20.92355
2446637.07470 -20.71890
2446638.07475 -20.87310
2446639.07479 -14.48587
2446640.07484 -12.55586
2446827.08337 -15.77458
2446828.08342 -18.18003
2446829.08346 -23.90020
2446830.08351 -27.87212
2446831.08355 -27.44987
2446832.08360 -22.53488
2446833.08365 -19.98773
2446834.08369 -17.84960
2446835.08374 -14.48305
2446836.08378 -9.36893
2446837.08383 -7.78246
2446838.08387 -5.62970
2446839.08392 -6.94682
2446840.08396 -8.72254
2446841.08401 -16.36729
2446842.08406 -21.66866
2446843.08410 -22.59566
2446844.08415 -27.31063
2446845.08419 -24.57658
2446846.08424 -22.52080
2446847.08428 -18.88447
2446848.08433 -18.30164
2446849.08438 -12.54969
2446850.08442 -10.25509
2446851.08447 -7.02931
2446852.08451 -6.61664
2446853.08456 -8.14896
2446854.08460 -9.26755
2446855.08465 -17.85682
2446856.08469 -20.41788
2446857.08474 -24.26229
2446858.08479 -25.17324
2446859.08483 -30.44848
2446860.08488 -26.66497
2446861.08492 -23.91999
2446862.08497 -22.24694
2446863.08501 -11.95522
2446864.08506 -11.02905
2446865.08511 -8.36407
2446866.08515 -6.14772
2446867.08520 -8.73319
2446868.08524 -12.21075
2446869.08529 -16.78338
2446870.08533 -18.71222
2446871.08538 -26.21818
2446872.08542 -25.57688
2446873.08547 -30.68285
2446874.08552 -24.96263
2446875.08556 -20.34802
2446876.08561 -15.37712
2446877.08565 -15.34443
2446878.08570 -9.75974
2446879.08574 -6.07749
2446880.08579 -6.35844
2446881.08584 -9.01386
2446882.08588 -12.36476
2446883.08593 -16.39063
2446884.08597 -22.30345
2446885.08602 -23.89145
2446886.08606 -26.10939
2446887.08611 -30.68923
2446888.08615 -26.96951
2446889.08620 -23.14181
2446890.08625 -18.05878
2446891.08629 -12.68517
2446892.08634 -9.17147
2446893.08638 -7.78399
2446894.08643 -6.25214
2446895.08647 -9.22094
2446896.08652 -10.99344
2446897.08657 -14.93449
2446898.08661 -24.34974
2446899.08666 -26.93359
2446900.08670 -28.84180
2446901.08675 -26.78511
2446902.08679 -23.72012
2446903.08684 -21.56260
2446904.08689 -18.26580
2446905.08693 -10.66980
2446906.08698 -9.60389
2446907.08702 -6.75053
2446908.08707 -7.46566
2446909.08711 -9.67523
2446910.08716 -12.47911
2446911.08720 -15.21248
2446912.08725 -21.82568
2446913.08730 -27.32077
2446914.08734 -23.75876
2446915.08739 -26.29487
2446916.08743 -24.98545
2446917.08748 -19.38935
2446918.08752 -16.45346
2446919.08757 -9.44217
2446920.08762 -9.05862
2446921.08766 -6.48199
2446922.08771 -7.32006
2446923.08775 -9.55978
2446924.08780 -14.37805
2446925.08784 -19.17524
2446926.08789 -21.84324
2446927.08793 -28.68382
2446928.08798 -29.66927
2446929.08803 -27.59726
2446930.08807 -22.10201
2446931.08812 -21.14358
2446932.08816 -16.56915
2446933.08821 -13.54535
2446934.08825 -7.40719
2446935.08830 -6.54434
2446936.08835 -6.91988
2446937.08839 -11.89070
2446938.08844 -13.85771
2446939.08848 -20.80951
2446940.08853 -21.62602
2446941.08857 -25.84938
2446942.08862 -26.72911
2446943.08866 -29.56448
2446944.08871 -27.61957
2446945.08876 -22.34541
2446946.08880 -15.83702
2446947.08885 -12.26413
2446948.08889 -8.55676
2446949.08894 -8.15409
2446950.08898 -8.11078
2446951.08903 -9.26256
2446952.08908 -14.34767
2446953.08912 -18.74782
2446954.08917 -22.89889
2446955.08921 -28.37789
2446956.08926 -23.68012
2446957.08930 -26.52301
2446958.08935 -24.33905
2446959.08939 -19.24509
2446960.08944 -14.48645
2446961.08949 -13.15109
2446962.08953 -8.58985
2446963.08958 -5.77458
2446964.08962 -6.95218
2446965.08967 -11.26183
2446966.08971 -14.19513
2446967.08976 -20.64869
2446968.08981 -23.40394
2446969.08985 -28.50291
2446970.08990 -29.72017
2446971.08994 -29.01335
2446972.08999 -20.38848
2446973.09003 -21.28610
2446974.09008 -13.84524
2446975.09013 -11.90276
2446976.09017 -8.96271
2446977.09022 -7.18828
2446978.09026 -9.66967
2446979.09031 -10.75321
2446980.09035 -15.98292
2446981.09040 -21.58134
2446982.09044 -26.52499
2446983.09049 -22.06437
2446984.09054 -28.51173
2446985.09058 -27.45755
2446986.09063 -22.10651
2446987.09067 -21.61527
2446988.09072 -13.52725
2446989.09076 -11.16173
2446990.09081 -9.51612
2446991.09086 -7.92391
2446992.09090 -9.74811
2446993.09095 -11.79392
2446994.09099 -17.50286
2446995.09104 -22.78370
2446996.09108 -24.26019
2446997.09113 -27.55843
2446998.09117 -24.98802
2446999.09122 -23.92232
2447000.09127 -23.75787
2447001.09131 -18.56963
2447002.09136 -16.96959
2447003.09140 -10.07638
2447004.09145 -7.88357
2447005.09149 -6.84992
2447006.09154 -9.29013
2447192.10003 -27.79093
2447193.10007 -27.97881
2447194.10012 -21.68497
2447195.10016 -21.13495
2447196.10021 -19.77301
2447197.10026 -11.76554
2447198.10030 -9.21084
2447199.10035 -5.91574
2447200.10039 -6.15479
2447201.10044 -7.38963
2447202.10048 -10.78737
2447203.10053 -15.03105
2447204.10057 -18.76355
2447205.10062 -22.82773
2447206.10067 -28.77663
2447207.10071 -29.99600
2447208.10076 -26.93871
2447209.10080 -19.63633
2447210.10085 -20.27488
2447211.10089 -12.01942
2447212.10094 -8.56508
2447213.10099 -5.56828
2447214.10103 -6.47857
2447215.10108 -8.81830
2447216.10112 -10.61580
2447217.10117 -16.96819
2447218.10121 -21.88983
2447219.10126 -26.13641
2447220.10131 -26.03520
2447221.10135 -27.50045
2447222.10140 -25.20323
2447223.10144 -17.60999
2447224.10149 -15.88223
2447225.10153 -11.93166
2447226.10158 -8.66786
2447227.10162 -5.93706
2447228.10167 -6.65778
2447229.10172 -8.88919
2447230.10176 -13.46118
2447231.10181 -16.69245
2447232.10185 -24.31533
2447233.10190 -23.92739
2447234.10194 -28.11863
2447235.10199 -24.40448
2447236.10204 -22.74607
2447237.10208 -19.78157
2447238.10213 -14.02442
2447239.10217 -9.14660
2447240.10222 -6.48219
2447241.10226 -6.53010
2447242.10231 -6.58522
2447243.10235 -9.05868
2447244.10240 -11.77509
2447245.10245 -18.12710
2447246.10249 -22.86858
2447247.10254 -26.79632
2447248.10258 -25.70045
2447249.10263 -24.28333
2447250.10267 -26.21640
2447251.10272 -20.35804
2447252.10277 -17.44924
2447253.10281 -12.69179
2447254.10286 -6.62786
2447255.10290 -5.31976
2447256.10295 -6.01140
2447257.10299 -7.32643
2447258.10304 -14.88023
2447259.10308 -21.03420
2447260.10313 -24.21755
2447261.10318 -30.23284
2447262.10322 -27.90541
2447263.10327 -24.05158
2447264.10331 -22.15794
2447265.10336 -16.79337
2447266.10340 -13.48753
2447267.10345 -10.03704
2447268.10350 -6.85088
2447269.10354 -4.98855
2447270.10359 -6.94972
2447271.10363 -11.56260
2447272.10368 -12.39954
2447273.10372 -17.16978
2447274.10377 -18.43650
2447275.10381 -23.16524
2447276.10386 -25.25730
2447277.10391 -25.90669
2447278.10395 -24.06824
2447279.10400 -18.55875
2447280.10404 -12.06059
2447281.10409 -8.62968
2447282.10413 -5.48820
2447283.10418 -4.89200
2447284.10423 -6.47540
2447285.10427 -7.81301
2447286.10432 -11.65649
2447287.10436 -17.40626
2447288.10441 -20.72195
2447289.10445 -23.58174
2447290.10450 -27.01224
2447291.10455 -25.31822
2447292.10459 -23.63686
2447293.10464 -17.83042
2447294.10468 -11.34797
2447295.10473 -7.73838
2447296.10477 -5.28878
2447297.10482 -4.22863
2447298.10486 -6.07142
2447299.10491 -9.94592
2447300.10496 -13.40190
2447301.10500 -18.01138
2447302.10505 -20.50605
2447303.10509 -23.45892
2447304.10514 -22.93595
2447305.10518 -29.07892
2447306.10523 -22.72595
2447307.10528 -16.82767
2447308.10532 -11.38843
2447309.10537 -6.20369
2447310.10541 -5.65618
2447311.10546 -4.72783
2447312.10550 -6.02128
2447313.10555 -9.63022
2447314.10559 -14.51115
2447315.10564 -17.91036
2447316.10569 -19.85299
2447317.10573 -24.29979
2447318.10578 -27.36180
2447319.10582 -24.16597
2447320.10587 -22.52368
2447321.10591 -14.39409
2447322.10596 -9.60684
2447323.10601 -8.40024
2447324.10605 -4.59948
2447325.10610 -4.48007
2447326.10614 -5.66292
2447327.10619 -9.09730
2447328.10623 -15.25401
2447329.10628 -15.90869
2447330.10632 -22.35582
2447331.10637 -25.58358
2447332.10642 -24.55880
2447333.10646 -25.19003
2447334.10651 -20.10366
2447335.10655 -18.03658
2447336.10660 -13.04842
2447337.10664 -7.28635
2447338.10669 -4.49323
2447339.10674 -4.58972
2447340.10678 -5.90313
2447341.10683 -9.55980
2447342.10687 -13.64659
2447343.10692 -17.06512
2447344.10696 -18.23379
2447345.10701 -23.21030
2447346.10705 -26.87926
2447347.10710 -21.11064
2447348.10715 -16.38790
2447349.10719 -16.12153
2447350.10724 -10.89779
2447351.10728 -6.89847
2447352.10733 -4.04574
2447353.10737 -3.51984
2447354.10742 -4.72724
2447355.10747 -8.31371
2447356.10751 -13.13863
2447357.10756 -18.16577
2447358.10760 -21.09532
2447359.10765 -22.95171
2447360.10769 -20.92950
2447361.10774 -22.08406
2447362.10778 -17.87277
2447363.10783 -14.30690
2447364.10788 -9.03062
2447365.10792 -5.57909
2447366.10797 -3.80231
2447367.10801 -3.11602
2447368.10806 -4.66439
2447369.10810 -9.21061
2447370.10815 -13.30013
2447371.10820 -16.72169
2447557.11668 -11.82872
2447558.11673 -6.81203
2447559.11677 -2.51657
2447560.11682 0.83919
2447561.11687 2.57156
2447562.11691 1.99697
2447563.11696 -0.57155
2447564.11700 -4.63132
2447565.11705 -10.40666
2447566.11709 -12.15945
2447567.11714 -18.13161
2447568.11719 -19.66548
2447569.11723 -18.52060
2447570.11728 -17.50957
2447571.11732 -11.02943
2447572.11737 -5.68257
2447573.11741 -1.71423
2447574.11746 1.78118
2447575.11750 3.32211
2447576.11755 2.41017
2447577.11760 -0.56539
2447578.11764 -3.91432
2447579.11769 -9.46489
2447580.11773 -11.28204
2447581.11778 -17.63844
2447582.11782 -18.09971
2447583.11787 -16.80425
2447584.11792 -15.44130
2447585.11796 -11.52270
2447586.11801 -6.40703
2447587.11805 -0.58223
2447588.11810 1.87067
2447589.11814 2.86848
2447590.11819 2.66137
2447591.11823 -0.36917
2447592.11828 -5.23335
2447593.11833 -11.83202
2447594.11837 -13.03193
2447595.11842 -18.10527
2447596.11846 -16.26796
2447597.11851 -16.42899
2447598.11855 -13.20763
2447599.11860 -9.43597
2447600.11865 -4.39324
2447601.11869 -0.01488
2447602.11874 2.67754
2447603.11878 3.48825
2447604.11883 3.23726
2447605.11887 -0.18481
2447606.11892 -5.45105
2447607.11897 -8.88966
2447608.11901 -14.34298
2447609.11906 -16.12694
2447610.11910 -17.35564
2447611.11915 -13.30366
2447612.11919 -12.98187
2447613.11924 -7.46470
2447614.11928 -3.14075
2447615.11933 0.68519
2447616.11938 3.63238
2447617.11942 4.05282
2447618.11947 2.72171
2447619.11951 -0.04193
2447620.11956 -4.01953
2447621.11960 -6.65925
2447622.11965 -14.16632
2447623.11970 -15.39534
2447624.11974 -15.88225
2447625.11979 -15.73249
2447626.11983 -10.02513
2447627.11988 -5.63452
2447628.11992 -2.63452
2447629.11997 1.87141
2447630.12001 3.97964
2447631.12006 4.37176
2447632.12011 3.32327
2447633.12015 0.10658
2447634.12020 -4.35663
2447635.12024 -8.30590
2447636.12029 -12.63558
2447637.12033 -13.31067
2447638.12038 -15.01831
2447639.12043 -12.05049
2447640.12047 -11.74584
2447641.12052 -6.43482
2447642.12056 -1.59153
2447643.12061 2.18492
2447644.12065 4.35507
2447645.12070 5.48719
2447646.12074 3.87632
2447647.12079 0.23142
2447648.12084 -3.79247
2447649.12088 -9.85225
2447650.12093 -13.22761
2447651.12097 -16.80403
2447652.12102 -15.09376
2447653.12106 -12.83819
2447654.12111 -8.61934
2447655.12116 -6.01992
2447656.12120 -0.67209
2447657.12125 3.63103
2447658.12129 4.91651
2447659.12134 5.00956
2447660.12138 3.31539
2447661.12143 0.37730
2447662.12147 -4.47128
2447663.12152 -8.34938
2447664.12157 -12.78479
2447665.12161 -12.00964
2447666.12166 -13.57239
2447667.12170 -13.77142
2447668.12175 -9.35397
2447669.12179 -4.10869
2447670.12184 0.17203
2447671.12189 4.41960
2447672.12193 5.92029
2447673.12198 6.63038
2447674.12202 4.05190
2447675.12207 0.45212
2447676.12211 -4.37427
2447677.12216 -7.15415
2447678.12220 -12.64440
2447679.12225 -9.85598
2447680.12230 -13.92389
2447681.12234 -12.99873
2447682.12239 -9.49142
2447683.12243 -3.09506
2447684.12248 1.05884
2447685.12252 5.10828
2447686.12257 8.21584
2447687.12262 6.97617
2447688.12266 4.51437
2447689.12271 0.66796
2447690.12275 -3.69082
2447691.12280 -9.60371
2447692.12284 -10.42917
2447693.12289 -13.88381
2447694.12294 -11.43936
2447695.12298 -10.62792
2447696.12303 -6.42587
2447697.12307 -2.65585
2447698.12312 1.66458
2447699.12316 5.78579
2447700.12321 7.95707
2447701.12325 6.54396
2447702.12330 4.49780
2447703.12335 0.55202
2447704.12339 -3.99157
2447705.12344 -9.43871
2447706.12348 -11.15798
2447707.12353 -12.92868
2447708.12357 -12.87009
2447709.12362 -9.02087
2447710.12367 -6.23420
2447711.12371 -1.63077
2447712.12376 2.93058
2447713.12380 5.86008
2447714.12385 8.59104
2447715.12389 6.63760
2447716.12394 5.00838
2447717.12398 0.91925
2447718.12403 -4.23808
2447719.12408 -9.34725
2447720.12412 -12.68258
2447721.12417 -10.56704
2447722.12421 -12.98220
2447723.12426 -10.73148
2447724.12430 -5.27224
2447725.12435 -0.92585
2447726.12440 3.35546
2447727.12444 7.93994
2447728.12449 7.56906
2447729.12453 7.47046
2447730.12458 5.15675
2447731.12462 0.95367
2447732.12467 -3.95214
2447733.12471 -7.63934
2447734.12476 -9.56627
2447735.12481 -13.75076
2447736.12485 -12.12556
2447922.13334 14.51072
2447923.13339 16.64226
2447924.13343 14.37240
2447925.13348 11.08938
2447926.13352 5.83341
2447927.13357 1.96188
2447928.13361 -1.85449
2447929.13366 -4.81257
2447930.13370 -5.48208
2447931.13375 -3.93299
2447932.13380 -0.51584
2447933.13384 3.57599
2447934.13389 9.70023
2447935.13393 14.30778
2447936.13398 16.55681
2447937.13402 14.66680
2447938.13407 14.81272
2447939.13412 10.93351
2447940.13416 8.38272
2447941.13421 2.39470
2447942.13425 -1.74437
2447943.13430 -3.48020
2447944.13434 -4.93886
2447945.13439 -3.02036
2447946.13443 0.18946
2447947.13448 4.84348
2447948.13453 9.31833
2447949.13457 14.57304
2447950.13462 14.95908
2447951.13466 18.30907
2447952.13471 14.46155
2447953.13475 13.04911
2447954.13480 7.78179
2447955.13485 2.52001
2447956.13489 -1.53120
2447957.13494 -3.45540
2447958.13498 -3.98653
2447959.13503 -3.27034
2447960.13507 0.94791
2447961.13512 5.69037
2447962.13516 10.59639
2447963.13521 15.23681
2447964.13526 19.15199
2447965.13530 17.89353
2447966.13535 11.97561
2447967.13539 11.85697
2447968.13544 7.96963
2447969.13548 2.50613
2447970.13553 -1.29263
2447971.13558 -3.69335
2447972.13562 -3.32445
2447973.13567 -1.80434
2447974.13571 2.00348
2447975.13576 6.78617
2447976.13580 11.24681
2447977.13585 15.72231
2447978.13589 17.52698
2447979.13594 19.51809
2447980.13599 16.39776
2447981.13603 12.95108
2447982.13608 6.61350
2447983.13612 2.35716
2447984.13617 -1.10678
2447985.13621 -2.90822
2447986.13626 -2.94146
2447987.13631 -1.07787
2447988.13635 2.96796
2447989.13640 6.94840
2447990.13644 12.86396
2447991.13649 16.19468
2447992.13653 17.35558
2447993.13658 16.74219
2447994.13662 15.77586
2447995.13667 11.92031
2447996.13672 6.45489
2447997.13676 2.82259
2447998.13681 -0.79620
2447999.13685 -2.51988
2448000.13690 -2.44923
2448001.13694 -0.26601
2448002.13699 3.66312
2448003.13704 8.20525
2448004.13708 13.06449
2448005.13713 18.01370
2448006.13717 18.10953
2448007.13722 14.73410
2448008.13726 17.01937
2448009.13731 12.37244
2448010.13736 7.36144
2448011.13740 2.43315
2448012.13745 -0.73567
2448013.13749 -2.52839
2448014.13754 -2.05391
2448015.13758 0.47586
2448016.13763 3.95109
2448017.13767 11.18956
2448018.13772 15.80602
2448019.13777 17.65480
2448020.13781 18.77256
2448021.13786 21.74652
2448022.13790 18.51779
2448023.13795 11.07925
2448024.13799 7.47131
2448025.13804 2.80160
2448026.13809 -0.46228
2448027.13813 -1.98370
2448028.13818 -1.35387
2448029.13822 1.28800
2448030.13827 5.45994
2448031.13831 11.54560
2448032.13836 13.38902
2448033.13840 19.59241
2448034.13845 17.26167
2448035.13850 19.14508
2448036.13854 17.76157
2448037.13859 12.70045
2448038.13863 7.09211
2448039.13868 3.03681
2448040.13872 -0.17812
2448041.13877 -1.62361
2448042.13882 -0.69307
2448043.13886 2.22336
2448044.13891 5.96579
2448045.13895 12.87423
2448046.13900 18.55666
2448047.13904 20.55670
2448048.13909 21.99417
2448049.13913 15.70976
2448050.13918 14.07490
2448051.13923 11.95466
2448052.13927 6.86865
2448053.13932 3.24550
2448054.13936 0.02232
2448055.13941 -1.03597
2448056.13945 -0.12030
2448057.13950 2.64666
2448058.13955 8.41382
2448059.13959 11.47213
2448060.13964 13.54615
2448061.13968 20.04754
2448062.13973 21.05230
2448063.13977 18.92571
2448064.13982 20.17185
2448065.13986 12.33813
2448066.13991 8.12491
2448067.13996 3.26076
2448068.14000 0.31957
2448069.14005 -0.68820
2448070.14009 0.45255
2448071.14014 3.84587
2448072.14018 8.16005
2448073.14023 13.70117
2448074.14028 15.88482
2448075.14032 20.74050
2448076.14037 17.40675
2448077.14041 18.56910
2448078.14046 15.27023
2448079.14050 12.70043
2448080.14055 7.03834
2448081.14060 2.81766
2448082.14064 0.51270
2448083.14069 -0.20552
2448084.14073 1.15344
2448085.14078 4.02489
2448086.14082 9.51124
2448087.14087 15.65342
2448088.14091 19.28665
2448089.14096 15.68118
2448090.14101 21.61435
2448091.14105 19.44584
2448092.14110 13.14534
2448093.14114 10.54293
2448094.14119 8.00528
2448095.14123 3.43917
2448096.14128 0.81782
2448097.14133 0.22245
2448098.14137 1.96983
2448099.14142 4.49662
2448100.14146 8.76690
2448101.14151 13.90775
2448288.15004 13.40117
2448289.15009 10.19551
2448290.15013 8.22070
2448291.15018 4.87201
2448292.15022 5.68915
2448293.15027 7.77621
2448294.15031 10.83597
2448295.15036 13.44302
2448296.15041 20.44596
2448297.15045 18.97046
2448298.15050 24.72791
2448299.15054 26.72995
2448300.15059 26.09961
2448301.15063 19.97226
2448302.15068 14.70071
2448303.15073 10.29960
2448304.15077 7.08159
2448305.15082 5.83387
2448306.15086 5.83540
2448307.15091 7.82711
2448308.15095 12.40675
2448309.15100 16.35605
2448310.15104 18.16207
2448311.15109 21.83800
2448312.15114 28.04422
2448313.15118 22.63995
2448314.15123 23.07704
2448315.15127 19.91330
2448316.15132 13.87862
2448317.15136 9.11111
2448318.15141 6.55550
2448319.15146 4.63990
2448320.15150 6.37004
2448321.15155 8.71017
2448322.15159 11.37985
2448323.15164 14.70223
2448324.15168 24.09871
2448325.15173 26.16152
2448326.15178 25.10412
2448327.15182 29.49749
2448328.15187 24.27382
2448329.15191 20.62231
2448330.15196 13.69829
2448331.15200 9.16603
2448332.15205 6.26162
2448333.15209 7.06027
2448334.15214 5.84402
2448335.15219 8.96779
2448336.15223 13.54795
2448337.15228 17.65555
2448338.15232 21.83945
2448339.15237 25.07250
2448340.15241 28.34812
2448341.15246 23.70768
2448342.15251 22.82020
2448343.15255 15.24694
2448344.15260 12.28157
2448345.15264 9.28444
2448346.15269 8.06306
2448347.15273 5.86075
2448348.15278 7.21306
2448349.15282 9.80466
2448350.15287 13.93562
2448351.15292 16.60722
2448352.15296 22.92950
2448353.15301 26.62065
2448354.15305 33.31116
2448355.15310 25.60306
2448356.15314 25.51464
2448357.15319 19.37311
2448358.15324 13.83911
2448359.15328 11.44635
2448360.15333 8.83695
2448361.15337 6.37352
2448362.15342 6.63092
2448363.15346 10.43731
2448364.15351 14.60056
2448365.15355 23.17292
2448366.15360 25.04313
2448367.15365 23.90659
2448368.15369 31.03324
2448369.15374 28.61174
2448370.15378 25.86303
2448371.15383 20.26624
2448372.15387 16.14315
2448373.15392 10.84623
2448374.15397 7.24621
2448375.15401 6.48613
2448376.15406 7.40663
2448377.15410 10.85712
2448378.15415 14.93347
2448379.15419 18.96552
2448380.15424 23.40976
2448381.15428 26.73782
2448382.15433 22.77923
2448383.15438 29.27608
2448384.15442 24.32056
2448385.15447 17.99972
2448386.15451 15.28796
2448387.15456 9.72275
2448388.15460 7.06310
2448389.15465 6.84020
2448390.15470 8.99797
2448391.15474 11.33170
2448392.15479 14.22155
2448393.15483 19.46681
2448394.15488 26.41501
2448395.15492 28.19246
2448396.15497 30.54984
2448397.15502 27.57278
2448398.15506 25.12889
2448399.15511 22.73313
2448400.15515 12.27545
2448401.15520 12.52533
2448402.15524 8.14661
2448403.15529 8.57176
2448404.15533 7.44012
2448405.15538 11.98541
2448406.15543 16.26402
2448407.15547 22.58670
2448408.15552 25.99353
2448409.15556 28.39726
2448410.15561 30.18488
2448411.15565 26.19038
2448412.15570 21.94087
2448413.15575 19.50442
2448414.15579 13.22436
2448415.15584 9.82014
2448416.15588 6.38398
2448417.15593 7.02815
2448418.15597 7.83034
2448419.15602 12.02038
2448420.15606 14.78669
2448421.15611 21.26882
2448422.15616 27.55508
2448423.15620 26.05472
2448424.15625 25.47793
2448425.15629 28.45095
2448426.15634 25.00709
2448427.15638 19.15648
2448428.15643 13.05228
2448429.15648 9.17614
2448430.15652 7.22327
2448431.15657 7.14905
2448432.15661 7.45771
2448433.15666 11.33525
2448434.15670 19.30084
2448435.15675 22.29982
2448436.15679 28.86130
2448437.15684 30.80401
2448438.15689 27.28589
2448439.15693 25.49353
2448440.15698 24.86282
2448441.15702 19.45215
2448442.15707 14.74997
2448443.15711 9.62596
2448444.15716 7.59196
2448445.15721 7.20788
2448446.15725 9.34329
2448447.15730 12.17974
2448448.15734 17.57591
2448449.15739 22.00443
2448450.15743 24.90862
2448451.15748 30.42127
2448452.15752 24.22304
2448453.15757 27.01468
2448454.15762 20.34089
2448455.15766 16.26197
2448456.15771 12.14959
2448457.15775 9.93055
2448458.15780 5.80825
2448459.15784 7.73308
2448460.15789 9.81799
2448461.15794 12.25780
2448462.15798 18.58000
2448463.15803 20.08300
2448464.15807 26.36151
2448465.15812 24.83556
2448466.15816 33.98483
2448467.15821 28.19927
2448653.16670 7.54147
2448654.16674 7.22748
2448655.16679 10.32537
2448656.16683 14.36869
2448657.16688 19.92448
2448658.16693 24.83950
2448659.16697 27.73318
2448660.16702 29.48660
2448661.16706 27.29823
2448662.16711 25.90577
2448663.16715 19.55665
2448664.16720 14.41125
2448665.16724 13.87723
2448666.16729 8.88753
2448667.16734 8.52607
2448668.16738 7.82081
2448669.16743 13.43640
2448670.16747 15.13524
2448671.16752 22.03288
2448672.16756 24.20659
2448673.16761 27.66764
2448674.16766 28.09263
2448675.16770 26.13385
2448676.16775 27.02150
2448677.16779 20.33984
2448678.16784 16.87973
2448679.16788 12.26391
2448680.16793 9.37341
2448681.16797 7.38471
2448682.16802 6.87123
2448683.16807 10.67870
2448684.16811 15.26970
2448685.16816 20.08858
2448686.16820 27.55170
2448687.16825 30.38449
2448688.16829 27.88744
2448689.16834 33.78087
2448690.16839 23.30243
2448691.16843 19.27745
2448692.16848 13.39133
2448693.16852 9.09751
2448694.16857 6.96105
2448695.16861 7.65847
2448696.16866 8.75225
2448697.16870 10.24140
2448698.16875 15.74613
2448699.16880 21.98201
2448700.16884 19.54393
2448701.16889 32.16157
2448702.16893 31.10538
2448703.16898 29.00985
2448704.16902 26.49860
2448705.16907 15.31165
2448706.16912 14.15518
2448707.16916 11.60209
2448708.16921 7.56900
2448709.16925 7.33095
2448710.16930 9.39093
2448711.16934 12.23649
2448712.16939 15.45277
2448713.16944 21.78657
2448714.16948 20.56964
2448715.16953 28.66506
2448716.16957 30.05300
2448717.16962 26.86290
2448718.16966 25.82892
2448719.16971 19.17375
2448720.16975 14.10420
2448721.16980 11.63118
2448722.16985 6.56290
2448723.16989 7.63013
2448724.16994 9.34318
2448725.16998 12.60860
2448726.17003 15.46894
2448727.17007 21.55448
2448728.17012 22.83708
2448729.17017 25.76544
2448730.17021 28.10436
2448731.17026 23.75994
2448732.17030 22.07586
2448733.17035 16.06278
2448734.17039 14.18942
2448735.17044 10.88175
2448736.17048 8.46970
2448737.17053 5.89501
2448738.17058 7.60202
2448739.17062 11.75578
2448740.17067 17.71447
2448741.17071 20.86638
2448742.17076 27.63422
2448743.17080 29.00464
2448744.17085 22.94444
2448745.17090 26.06811
2448746.17094 19.56258
2448747.17099 16.64775
2448748.17103 12.35194
2448749.17108 9.63260
2448750.17112 6.68839
2448751.17117 6.22675
2448752.17121 10.22166
2448753.17126 11.06162
2448754.17131 17.26785
2448755.17135 22.91687
2448756.17140 25.73169
2448757.17144 25.02167
2448758.17149 24.93167
2448759.17153 27.01924
2448760.17158 23.94114
2448761.17163 16.90118
2448762.17167 10.67237
2448763.17172 8.49646
2448764.17176 7.35257
2448765.17181 5.77045
2448766.17185 8.25506
2448767.17190 12.38200
2448768.17194 18.84179
2448769.17199 20.54023
2448770.17204 26.58133
2448771.17208 31.10215
2448772.17213 23.21245
2448773.17217 21.72797
2448774.17222 20.89047
2448775.17226 17.91921
2448776.17231 12.04689
2448777.17236 8.84958
2448778.17240 5.06129
2448779.17245 6.50857
2448780.17249 6.16434
2448781.17254 14.12333
2448782.17258 19.24535
2448783.17263 21.12472
2448784.17268 19.59531
2448785.17272 26.62922
2448786.17277 29.81834
2448787.17281 25.44832
2448788.17286 24.19399
2448789.17290 15.20921
2448790.17295 13.26785
2448791.17299 6.01436
2448792.17304 5.34655
2448793.17309 5.38943
2448794.17313 9.26564
2448795.17318 11.13440
2448796.17322 19.14804
2448797.17327 23.45963
2448798.17331 25.84943
2448799.17336 26.70396
2448800.17341 23.71460
2448801.17345 25.31889
2448802.17350 18.79703
2448803.17354 16.11707
2448804.17359 11.96822
2448805.17363 6.81452
2448806.17368 6.19134
2448807.17372 6.18301
2448808.17377 9.19991
2448809.17382 11.12516
2448810.17386 16.38592
2448811.17391 20.54246
2448812.17395 28.73047
2448813.17400 25.84670
2448814.17404 27.67064
2448815.17409 23.13876
2448816.17414 18.43856
2448817.17418 12.20586
2448818.17423 7.94845
2448819.17427 6.32864
2448820.17432 5.03531
2448821.17436 5.44537
2448822.17441 8.86778
2448823.17445 15.46982
2448824.17450 20.36816
2448825.17455 22.12045
2448826.17459 25.34344
2448827.17464 28.11188
2448828.17468 26.13724
2448829.17473 24.07359
2448830.17477 18.85192
2448831.17482 13.65881
2448832.17487 8.54601
2449018.18335 9.51936
2449019.18340 10.80640
2449020.18344 18.56255
2449021.18349 16.49690
2449022.18354 22.02186
2449023.18358 18.04823
2449024.18363 18.80235
2449025.18367 12.27558
2449026.18372 7.35659
2449027.18376 3.33295
2449028.18381 0.49232
2449029.18386 -0.09752
2449030.18390 1.47413
2449031.18395 4.44556
2449032.18399 8.22126
2449033.18404 13.34742
2449034.18408 17.69374
2449035.18413 18.18381
2449036.18417 19.93134
2449037.18422 18.11105
2449038.18427 15.49112
2449039.18431 11.03378
2449040.18436 6.79873
2449041.18440 2.45896
2449042.18445 -0.03687
2449043.18449 -0.48137
2449044.18454 1.14785
2449045.18459 4.92999
2449046.18463 6.63258
2449047.18468 13.33914
2449048.18472 16.73773
2449049.18477 20.33456
2449050.18481 19.09758
2449051.18486 19.59354
2449052.18490 16.08979
2449053.18495 8.94703
2449054.18500 5.76750
2449055.18504 1.49817
2449056.18509 -0.57569
2449057.18513 -0.90838
2449058.18518 0.89674
2449059.18522 3.77043
2449060.18527 9.04466
2449061.18532 12.19423
2449062.18536 14.98398
2449063.18541 20.13595
2449064.18545 21.79726
2449065.18550 18.58097
2449066.18554 12.14727
2449067.18559 9.37686
2449068.18563 5.12571
2449069.18568 0.97673
2449070.18573 -1.12435
2449071.18577 -1.28678
2449072.18582 0.75567
2449073.18586 4.18706
2449074.18591 9.66723
2449075.18595 14.65926
2449076.18600 16.44969
2449077.18605 20.88310
2449078.18609 16.56873
2449079.18614 16.86238
2449080.18618 11.52926
2449081.18623 7.64569
2449082.18627 3.41608
2449083.18632 0.25046
2449084.18636 -1.60431
2449085.18641 -1.60082
2449086.18646 0.56763
2449087.18650 4.34058
2449088.18655 7.21539
2449089.18659 14.43914
2449090.18664 13.34799
2449091.18668 17.69522
2449092.18673 18.60962
2449093.18678 17.14661
2449094.18682 12.77631
2449095.18687 7.69090
2449096.18691 3.56820
2449097.18696 -0.35736
2449098.18700 -2.24697
2449099.18705 -1.95355
2449100.18710 0.41906
2449101.18714 4.08574
2449102.18719 9.38893
2449103.18723 15.29413
2449104.18728 12.76531
2449105.18732 18.32603
2449106.18737 20.86876
2449107.18741 16.26998
2449108.18746 12.08861
2449109.18751 5.73731
2449110.18755 2.43345
2449111.18760 -1.03905
2449112.18764 -2.72092
2449113.18769 -2.41895
2449114.18773 0.26621
2449115.18778 3.84073
2449116.18783 7.95248
2449117.18787 14.54390
2449118.18792 18.59344
2449119.18796 16.86581
2449120.18801 15.50372
2449121.18805 13.56882
2449122.18810 10.93782
2449123.18814 5.23765
2449124.18819 1.62026
2449125.18824 -1.94188
2449126.18828 -3.17281
2449127.18833 -2.78897
2449128.18837 0.09515
2449129.18842 4.49969
2449130.18846 7.45298
2449131.18851 12.43639
2449132.18856 16.23664
2449133.18860 16.83827
2449134.18865 18.38395
2449135.18869 13.23573
2449136.18874 10.53466
2449137.18878 5.26425
2449138.18883 0.59511
2449139.18887 -2.35397
2449140.18892 -4.38342
2449141.18897 -2.92971
2449142.18901 -0.07469
2449143.18906 4.10669
2449144.18910 8.47840
2449145.18915 13.28594
2449146.18919 16.22705
2449147.18924 17.54117
2449148.18929 16.53937
2449149.18933 14.02109
2449150.18938 7.80363
2449151.18942 4.32080
2449152.18947 -0.26266
2449153.18951 -4.12985
2449154.18956 -3.44629
2449155.18960 -3.51919
2449156.18965 -0.23287
2449157.18970 3.32133
2449158.18974 8.42621
2449159.18979 13.32398
2449160.18983 16.29345
2449161.18988 14.77938
2449162.18992 14.87698
2449163.18997 12.88704
2449164.19002 8.20460
2449165.19006 3.24134
2449166.19011 -0.97237
2449167.19015 -3.94122
2449168.19020 -4.11009
2449169.19024 -3.61511
2449170.19029 -0.34518
2449171.19033 4.30454
2449172.19038 7.31528
2449173.19043 13.45317
2449174.19047 14.58440
2449175.19052 14.64816
2449176.19056 14.23429
2449177.19061 11.76844
2449178.19065 5.98152
2449179.19070 2.29488
2449180.19075 -1.91088
2449181.19079 -4.08524
2449182.19084 -5.57634
2449183.19088 -3.34493
2449184.19093 -0.49377
2449185.19097 3.92614
2449186.19102 9.76515
2449187.19107 15.14125
2449188.19111 14.91479
2449189.19116 14.58779
2449190.19120 14.74965
2449191.19125 9.19376
2449192.19129 5.36011
2449193.19134 1.55781
2449194.19138 -2.52730
2449195.19143 -5.65327
2449196.19148 -3.91333
2449197.19152 -4.63325
2449383.20001 8.88301
2449384.20005 7.67228
2449385.20010 7.32437
2449386.20015 2.29587
2449387.20019 -2.35306
2449388.20024 -8.24584
2449389.20028 -8.49199
2449390.20033 -13.56293
2449391.20037 -12.11195
2449392.20042 -10.58630
2449393.20047 -7.18956
2449394.20051 -2.63571
2449395.20056 2.38603
2449396.20060 5.88418
2449397.20065 8.18671
2449398.20069 9.36664
2449399.20074 5.76956
2449400.20078 1.64046
2449401.20083 -3.33907
2449402.20088 -8.92235
2449403.20092 -11.82546
2449404.20097 -14.35708
2449405.20101 -13.19619
2449406.20106 -11.36283
2449407.20110 -8.09957
2449408.20115 -1.95880
2449409.20120 2.26997
2449410.20124 5.59025
2449411.20129 6.66059
2449412.20133 6.73672
2449413.20138 4.21405
2449414.20142 0.52108
2449415.20147 -4.12135
2449416.20152 -9.19157
2449417.20156 -11.34795
2449418.20161 -14.45935
2449419.20165 -13.36379
2449420.20170 -10.95361
2449421.20174 -6.77790
2449422.20179 -2.52516
2449423.20183 2.35064
2449424.20188 4.85239
2449425.20193 7.05683
2449426.20197 5.64614
2449427.20202 3.74815
2449428.20206 -0.30139
2449429.20211 -4.84960
2449430.20215 -8.63900
2449431.20220 -13.40554
2449432.20225 -13.19856
2449433.20229 -14.84961
2449434.20234 -11.77089
2449435.20238 -7.06069
2449436.20243 -2.20933
2449437.20247 1.89491
2449438.20252 5.57232
2449439.20256 6.70313
2449440.20261 5.94656
2449441.20266 2.71281
2449442.20270 -1.30445
2449443.20275 -6.13186
2449444.20279 -10.17561
2449445.20284 -14.84702
2449446.20288 -17.00506
2449447.20293 -17.27471
2449448.20298 -10.59211
2449449.20302 -6.56540
2449450.20307 -3.00152
2449451.20311 1.85988
2449452.20316 4.72174
2449453.20320 6.79993
2449454.20325 4.96627
2449455.20329 2.24647
2449456.20334 -2.27577
2449457.20339 -7.49043
2449458.20343 -10.51313
2449459.20348 -12.88806
2449460.20352 -17.55669
2449461.20357 -12.90394
2449462.20361 -12.75442
2449463.20366 -9.04907
2449464.20371 -2.58078
2449465.20375 1.76563
2449466.20380 3.89564
2449467.20384 4.45666
2449468.20389 4.16412
2449469.20393 1.20585
2449470.20398 -2.68426
2449471.20402 -7.92575
2449472.20407 -11.32978
2449473.20412 -14.81700
2449474.20416 -13.55645
2449475.20421 -16.20553
2449476.20425 -11.88610
2449477.20430 -8.58187
2449478.20434 -2.45135
2449479.20439 1.67597
2449480.20444 4.63688
2449481.20448 4.97930
2449482.20453 3.12960
2449483.20457 0.43291
2449484.20462 -4.31050
2449485.20466 -8.03649
2449486.20471 -13.61072
2449487.20475 -16.51068
2449488.20480 -12.95666
2449489.20485 -13.95695
2449490.20489 -10.64517
2449491.20494 -7.87403
2449492.20498 -3.05509
2449493.20503 1.47021
2449494.20507 4.51194
2449495.20512 3.93200
2449496.20517 2.80963
2449497.20521 -0.45720
2449498.20526 -4.72298
2449499.20530 -8.70130
2449500.20535 -14.37358
2449501.20539 -17.06061
2449502.20544 -20.33949
2449503.20549 -16.91365
2449504.20553 -10.24233
2449505.20558 -7.18338
2449506.20562 -2.57433
2449507.20567 1.10012
2449508.20571 3.47845
2449509.20576 3.97779
2449510.20580 2.31117
2449511.20585 -1.10303
2449512.20590 -6.27979
2449513.20594 -10.80673
2449514.20599 -15.81744
2449515.20603 -20.43655
2449516.20608 -15.83838
2449517.20612 -12.94919
2449518.20617 -11.24522
2449519.20622 -7.43845
2449520.20626 -2.38104
2449521.20631 0.99137
2449522.20635 3.47283
2449523.20640 3.46442
2449524.20644 1.54917
2449525.20649 -2.17120
2449526.20653 -6.23577
2449527.20658 -12.80552
2449528.20663 -14.78177
2449529.20667 -19.18747
2449530.20672 -16.94288
2449531.20676 -12.11013
2449532.20681 -11.42089
2449533.20685 -6.76540
2449534.20690 -2.73777
2449535.20695 0.57293
2449536.20699 2.80487
2449537.20704 2.97827
2449538.20708 0.60354
2449539.20713 -3.09433
2449540.20717 -7.77634
2449541.20722 -13.94832
2449542.20726 -17.75248
2449543.20731 -15.81810
2449544.20736 -24.77114
2449545.20740 -15.69511
2449546.20745 -10.93008
2449547.20749 -7.73122
2449548.20754 -2.66093
2449549.20758 0.51485
2449550.20763 2.23638
2449551.20768 2.27181
2449552.20772 0.01271
2449553.20777 -4.09831
2449554.20781 -8.77776
2449555.20786 -14.32991
2449556.20790 -18.33536
2449557.20795 -20.92886
2449558.20799 -17.82822
2449559.20804 -17.95496
2449560.20809 -13.99033
2449561.20813 -8.58131
2449562.20818 -3.12103
2449749.21671 -14.55695
2449750.21676 -18.57052
2449751.21680 -22.82895
2449752.21685 -23.38240
2449753.21689 -24.06815
2449754.21694 -20.21742
2449755.21698 -16.25096
2449756.21703 -13.12381
2449757.21708 -8.68314
2449758.21712 -4.07355
2449759.21717 -3.43220
2449760.21721 -3.92668
2449761.21726 -8.06935
2449762.21730 -12.01532
2449763.21735 -18.62025
2449764.21740 -19.42565
2449765.21744 -25.33846
2449766.21749 -26.44931
2449767.21753 -19.38676
2449768.21758 -19.77718
2449769.21762 -15.80850
2449770.21767 -13.59941
2449771.21771 -9.28075
2449772.21776 -4.37488
2449773.21781 -4.64854
2449774.21785 -5.14499
2449775.21790 -8.57746
2449776.21794 -13.43423
2449777.21799 -17.87283
2449778.21803 -23.69825
2449779.21808 -27.35257
2449780.21813 -24.73838
2449781.21817 -21.65171
2449782.21822 -24.84873
2449783.21826 -16.48581
2449784.21831 -11.38882
2449785.21835 -7.46410
2449786.21840 -5.09411
2449787.21844 -4.37170
2449788.21849 -5.00354
2449789.21854 -8.30822
2449790.21858 -15.50801
2449791.21863 -18.24769
2449792.21867 -21.95717
2449793.21872 -27.59543
2449794.21876 -26.30739
2449795.21881 -23.14763
2449796.21886 -22.88219
2449797.21890 -16.30989
2449798.21895 -13.11469
2449799.21899 -8.76281
2449800.21904 -4.81097
2449801.21908 -3.93511
2449802.21913 -6.63494
2449803.21917 -8.37534
2449804.21922 -13.78870
2449805.21927 -22.68185
2449806.21931 -25.95772
2449807.21936 -23.79323
2449808.21940 -30.16273
2449809.21945 -25.93579
2449810.21949 -21.24406
2449811.21954 -15.82604
2449812.21959 -11.60145
2449813.21963 -6.56260
2449814.21968 -5.70350
2449815.21972 -4.74957
2449816.21977 -6.16178
2449817.21981 -9.20973
2449818.21986 -12.96976
2449819.21991 -20.10813
2449820.21995 -21.77876
2449821.22000 -28.15025
2449822.22004 -26.38900
2449823.22009 -23.25137
2449824.22013 -18.94232
2449825.22018 -15.48671
2449826.22022 -11.59301
2449827.22027 -7.83021
2449828.22032 -5.12642
2449829.22036 -4.01479
2449830.22041 -6.38105
2449831.22045 -10.16799
2449832.22050 -17.28672
2449833.22054 -21.63836
2449834.22059 -24.64086
2449835.22064 -23.78493
2449836.22068 -28.86465
2449837.22073 -22.93020
2449838.22077 -20.63515
2449839.22082 -15.68676
2449840.22086 -11.82176
2449841.22091 -8.21620
2449842.22095 -6.12216
2449843.22100 -5.15217
2449844.22105 -7.55989
2449845.22109 -12.43113
2449846.22114 -15.55000
2449847.22118 -13.55821
2449848.22123 -24.90415
2449849.22127 -22.14806
2449850.22132 -33.43781
2449851.22137 -25.16638
2449852.22141 -18.77743
2449853.22146 -16.06626
2449854.22150 -12.17400
2449855.22155 -7.75959
2449856.22159 -5.17250
2449857.22164 -4.58801
2449858.22168 -7.17285
2449859.22173 -12.46701
2449860.22178 -16.97873
2449861.22182 -21.73646
2449862.22187 -27.09270
2449863.22191 -27.29591
2449864.22196 -27.44695
2449865.22200 -27.41442
2449866.22205 -18.88556
2449867.22210 -15.23600
2449868.22214 -12.02481
2449869.22219 -7.61115
2449870.22223 -6.46963
2449871.22228 -6.53761
2449872.22232 -7.96622
2449873.22237 -11.91864
2449874.22241 -18.15195
2449875.22246 -21.19630
2449876.22251 -25.61068
2449877.22255 -29.90165
2449878.22260 -27.28045
2449879.22264 -23.36659
2449880.22269 -19.82065
2449881.22273 -18.36578
2449882.22278 -10.97179
2449883.22283 -7.69277
2449884.22287 -7.21887
2449885.22292 -7.08430
2449886.22296 -8.63393
2449887.22301 -11.32108
2449888.22305 -20.86547
2449889.22310 -20.27498
2449890.22315 -30.75202
2449891.22319 -23.63124
2449892.22324 -27.56019
2449893.22328 -26.08085
2449894.22333 -19.54197
2449895.22337 -16.98833
2449896.22342 -10.44114
2449897.22346 -7.79597
2449898.22351 -8.61416
2449899.22356 -7.47766
2449900.22360 -9.42160
2449901.22365 -12.29806
2449902.22369 -17.95285
2449903.22374 -20.62996
2449904.22378 -28.67222
2449905.22383 -25.70237
2449906.22388 -24.96566
2449907.22392 -28.18720
2449908.22397 -17.84956
2449909.22401 -14.77480
2449910.22406 -11.16257
2449911.22410 -7.91961
2449912.22415 -7.07734
2449913.22419 -6.82243
2449914.22424 -9.82231
2449915.22429 -13.54461
2449916.22433 -19.04395
2449917.22438 -23.11762
2449918.22442 -27.51579
2449919.22447 -24.92889
2449920.22451 -25.36220
2449921.22456 -23.68582
2449922.22461 -20.09695
2449923.22465 -17.70131
2449924.22470 -12.82486
2449925.22474 -7.96367
2449926.22479 -5.75352
2449927.22483 -8.18799
2449928.22488 -11.35761
2450114.23337 -31.97799
2450115.23341 -31.22925
2450116.23346 -26.55275
2450117.23350 -19.26696
2450118.23355 -15.77409
2450119.23359 -11.52226
2450120.23364 -8.86424
2450121.23369 -7.59115
2450122.23373 -8.98405
2450123.23378 -15.12877
2450124.23382 -18.60036
2450125.23387 -22.25435
2450126.23391 -24.95651
2450127.23396 -28.24406
2450128.23401 -26.68305
2450129.23405 -31.27613
2450130.23410 -22.94332
2450131.23414 -15.39052
2450132.23419 -14.52962
2450133.23423 -10.50919
2450134.23428 -7.75001
2450135.23433 -8.22572
2450136.23437 -10.45984
2450137.23442 -13.01038
2450138.23446 -20.61023
2450139.23451 -21.54043
2450140.23455 -24.87621
2450141.23460 -33.30663
2450142.23464 -28.50224
2450143.23469 -27.71084
2450144.23474 -20.04501
2450145.23478 -16.41468
2450146.23483 -12.96383
2450147.23487 -9.02567
2450148.23492 -8.30136
2450149.23496 -7.62414
2450150.23501 -10.00721
2450151.23506 -14.75809
2450152.23510 -17.92090
2450153.23515 -22.96796
2450154.23519 -27.13714
2450155.23524 -28.93546
2450156.23528 -28.66588
2450157.23533 -24.43084
2450158.23537 -24.43080
2450159.23542 -20.75396
2450160.23547 -12.77384
2450161.23551 -9.08222
2450162.23556 -7.56439
2450163.23560 -8.75194
2450164.23565 -10.09666
2450165.23569 -13.35485
2450166.23574 -20.41115
2450167.23579 -24.87238
2450168.23583 -27.19791
2450169.23588 -25.38873
2450170.23592 -28.03015
2450171.23597 -27.98575
2450172.23601 -23.07574
2450173.23606 -19.08738
2450174.23610 -13.78887
2450175.23615 -8.90289
2450176.23620 -9.15901
2450177.23624 -6.85156
2450178.23629 -7.94297
2450179.23633 -13.83738
2450180.23638 -20.35881
2450181.23642 -20.68774
2450182.23647 -26.23230
2450183.23652 -30.30732
2450184.23656 -31.24631
2450185.23661 -27.16006
2450186.23665 -21.70910
2450187.23670 -15.82026
2450188.23674 -12.41373
2450189.23679 -8.83771
2450190.23683 -7.77577
2450191.23688 -7.24537
2450192.23693 -10.58550
2450193.23697 -11.73483
2450194.23702 -20.38575
2450195.23706 -22.75680
2450196.23711 -21.19046
2450197.23715 -25.76216
2450198.23720 -26.14378
2450199.23725 -24.94059
2450200.23729 -21.51558
2450201.23734 -17.13688
2450202.23738 -12.99567
2450203.23743 -10.28989
2450204.23747 -6.89611
2450205.23752 -9.18248
2450206.23757 -9.88240
2450207.23761 -15.13412
2450208.23766 -21.31946
2450209.23770 -20.58380
2450210.23775 -31.19760
2450211.23779 -30.60358
2450212.23784 -29.59203
2450213.23788 -24.90099
2450214.23793 -22.39675
2450215.23798 -13.91650
2450216.23802 -13.44841
2450217.23807 -5.07595
2450218.23811 -7.97819
2450219.23816 -5.63247
2450220.23820 -9.59136
2450221.23825 -15.13886
2450222.23830 -19.31866
2450223.23834 -25.09996
2450224.23839 -26.38904
2450225.23843 -30.70112
2450226.23848 -25.73412
2450227.23852 -24.37616
2450228.23857 -22.59207
2450229.23861 -15.06949
2450230.23866 -10.92965
2450231.23871 -8.83608
2450232.23875 -7.36559
2450233.23880 -7.62335
2450234.23884 -9.76714
2450235.23889 -15.47457
2450236.23893 -18.18909
2450237.23898 -21.54584
2450238.23903 -23.82615
2450239.23907 -27.27622
2450240.23912 -29.84449
2450241.23916 -22.18055
2450242.23921 -20.37556
2450243.23925 -14.40513
2450244.23930 -11.54072
2450245.23934 -8.38329
2450246.23939 -7.40070
2450247.23944 -9.14579
2450248.23948 -11.80858
2450249.23953 -17.13530
2450250.23957 -19.17532
2450251.23962 -27.19301
2450252.23966 -29.26121
2450253.23971 -28.29145
2450254.23976 -22.12579
2450255.23980 -25.49911
2450256.23985 -22.09258
2450257.23989 -16.50979
2450258.23994 -11.26036
2450259.23998 -8.07146
2450260.24003 -5.21053
2450261.24007 -7.33290
2450262.24012 -11.69884
2450263.24017 -12.86727
2450264.24021 -21.83892
2450265.24026 -25.75079
2450266.24030 -28.71579
2450267.24035 -25.21990
2450268.24039 -26.82798
2450269.24044 -19.80619
2450270.24049 -17.99282
2450271.24053 -12.73380
2450272.24058 -11.66923
2450273.24062 -8.47166
2450274.24067 -7.73419
2450275.24071 -8.51001
2450276.24076 -13.29832
2450277.24080 -14.05464
2450278.24085 -21.22556
2450279.24090 -23.33508
2450280.24094 -28.73956
2450281.24099 -25.58024
2450282.24103 -31.38464
2450283.24108 -22.88186
2450284.24112 -17.28109
2450285.24117 -12.62566
2450286.24122 -9.67938
2450287.24126 -8.09333
2450288.24131 -5.83500
2450289.24135 -8.52631
2450290.24140 -12.06085
2450291.24144 -12.67006
2450292.24149 -20.82080
2450293.24154 -26.26591
2450479.25002 -13.75940
2450480.25007 -7.77567
2450481.25011 -4.97346
2450482.25016 -2.46631
2450483.25021 -2.41739
2450484.25025 -4.96258
2450485.25030 -7.89459
2450486.25034 -13.55591
2450487.25039 -19.32327
2450488.25043 -25.28859
2450489.25048 -22.88688
2450490.25052 -22.57763
2450491.25057 -18.87131
2450492.25062 -15.47109
2450493.25066 -9.67706
2450494.25071 -7.99350
2450495.25075 -3.82465
2450496.25080 -2.29480
2450497.25084 -2.22937
2450498.25089 -5.27820
2450499.25094 -7.98075
2450500.25098 -14.51379
2450501.25103 -16.69397
2450502.25107 -18.94818
2450503.25112 -26.82992
2450504.25116 -25.82449
2450505.25121 -19.77154
2450506.25125 -15.97740
2450507.25130 -11.71461
2450508.25135 -7.11891
2450509.25139 -3.62495
2450510.25144 -1.64558
2450511.25148 -2.41852
2450512.25153 -4.57061
2450513.25157 -9.30830
2450514.25162 -14.13454
2450515.25167 -15.86438
2450516.25171 -19.34925
2450517.25176 -25.16119
2450518.25180 -24.16343
2450519.25185 -18.02634
2450520.25189 -17.58664
2450521.25194 -9.02170
2450522.25199 -5.95347
2450523.25203 -2.87474
2450524.25208 -1.26269
2450525.25212 -1.69331
2450526.25217 -5.65370
2450527.25221 -7.91283
2450528.25226 -11.96874
2450529.25230 -18.59918
2450530.25235 -21.36098
2450531.25240 -22.20478
2450532.25244 -20.07313
2450533.25249 -20.19794
2450534.25253 -14.58292
2450535.25258 -9.82088
2450536.25262 -4.91665
2450537.25267 -1.53904
2450538.25272 -0.89503
2450539.25276 -1.70742
2450540.25281 -4.92719
2450541.25285 -9.25981
2450542.25290 -15.07552
2450543.25294 -20.71097
2450544.25299 -18.51807
2450545.25303 -21.32895
2450546.25308 -20.87917
2450547.25313 -19.66074
2450548.25317 -13.83101
2450549.25322 -9.91186
2450550.25326 -4.52758
2450551.25331 -1.44106
2450552.25335 -0.43409
2450553.25340 -1.60117
2450554.25345 -4.72062
2450555.25349 -8.11391
2450556.25354 -13.34225
2450557.25358 -20.75663
2450558.25363 -19.26785
2450559.25367 -20.51559
2450560.25372 -20.07965
2450561.25376 -14.46690
2450562.25381 -12.85045
2450563.25386 -7.69355
2450564.25390 -3.58119
2450565.25395 -0.80929
2450566.25399 0.00185
2450567.25404 -1.34415
2450568.25408 -3.99096
2450569.25413 -8.01990
2450570.25418 -11.87439
2450571.25422 -17.04480
2450572.25427 -23.89595
2450573.25431 -20.89669
2450574.25436 -19.75876
2450575.25440 -14.50041
2450576.25445 -10.74954
2450577.25449 -6.75023
2450578.25454 -3.62496
2450579.25459 -0.31475
2450580.25463 0.39194
2450581.25468 -1.07925
2450582.25472 -4.27223
2450583.25477 -7.52142
2450584.25481 -12.52950
2450585.25486 -19.28764
2450586.25491 -21.90862
2450587.25495 -22.67908
2450588.25500 -19.38868
2450589.25504 -14.46387
2450590.25509 -10.07661
2450591.25513 -6.57710
2450592.25518 -2.25781
2450593.25522 0.34747
2450594.25527 0.68338
2450595.25532 -0.77820
2450596.25536 -4.04332
2450597.25541 -9.07803
2450598.25545 -13.57855
2450599.25550 -16.78779
2450600.25554 -20.51249
2450601.25559 -21.56201
2450602.25564 -19.79834
2450603.25568 -12.13476
2450604.25573 -10.72344
2450605.25577 -5.37367
2450606.25582 -1.38581
2450607.25586 0.85894
2450608.25591 1.19322
2450609.25596 -0.59406
2450610.25600 -4.55124
2450611.25605 -10.15025
2450612.25609 -14.49118
2450613.25614 -14.36218
2450614.25618 -20.72143
2450615.25623 -19.48569
2450616.25627 -20.13106
2450617.25632 -12.18628
2450618.25637 -9.66420
2450619.25641 -4.83889
2450620.25646 -0.77221
2450621.25650 1.81217
2450622.25655 1.63489
2450623.25659 -0.43314
2450624.25664 -5.31055
2450625.25669 -7.58653
2450626.25673 -14.37506
2450627.25678 -18.64678
2450628.25682 -20.70720
2450629.25687 -16.38108
2450630.25691 -17.11844
2450631.25696 -15.23640
2450632.25700 -8.65749
2450633.25705 -4.08604
2450634.25710 -0.02533
2450635.25714 1.93162
2450636.25719 1.62938
2450637.25723 -0.23592
2450638.25728 -4.07245
2450639.25732 -9.83745
2450640.25737 -15.98205
2450641.25742 -16.49942
2450642.25746 -19.38814
2450643.25751 -19.01850
2450644.25755 -15.08230
2450645.25760 -14.75306
2450646.25764 -7.53428
2450647.25769 -2.72390
2450648.25773 0.68975
2450649.25778 2.19753
2450650.25783 2.13820
2450651.25787 -0.05024
2450652.25792 -4.60494
2450653.25796 -8.37919
2450654.25801 -13.26538
2450655.25805 -17.83311
2450656.25810 -16.63612
2450657.25815 -18.95973
2450658.25819 -13.23100
2450844.26668 9.50303
2450845.26672 8.09794
2450846.26677 5.58596
2450847.26682 1.95921
2450848.26686 -3.13844
2450849.26691 -7.10487
2450850.26695 -10.70798
2450851.26700 -11.95386
2450852.26704 -10.52771
2450853.26709 -6.77610
2450854.26714 -3.37290
2450855.26718 1.68595
2450856.26723 6.33435
2450857.26727 8.04493
2450858.26732 10.84446
2450859.26736 10.06006
2450860.26741 6.96226
2450861.26745 1.82027
2450862.26750 -3.01675
2450863.26755 -7.06330
2450864.26759 -10.07189
2450865.26764 -10.92311
2450866.26768 -10.11828
2450867.26773 -6.54206
2450868.26777 -2.82143
2450869.26782 2.77854
2450870.26787 7.95135
2450871.26791 9.31975
2450872.26796 11.04772
2450873.26800 11.25459
2450874.26805 6.55403
2450875.26809 2.21503
2450876.26814 -2.14278
2450877.26818 -5.43912
2450878.26823 -10.62985
2450879.26828 -10.83055
2450880.26832 -8.23202
2450881.26837 -5.50035
2450882.26841 -1.20077
2450883.26846 2.62248
2450884.26850 6.26484
2450885.26855 12.44703
2450886.26860 12.21097
2450887.26864 10.30519
2450888.26869 5.87199
2450889.26873 2.15486
2450890.26878 -2.37236
2450891.26882 -7.53956
2450892.26887 -9.89569
2450893.26891 -9.47390
2450894.26896 -7.80543
2450895.26901 -5.15669
2450896.26905 -0.30120
2450897.26910 4.92322
2450898.26914 7.08196
2450899.26919 13.08435
2450900.26923 13.19998
2450901.26928 10.46730
2450902.26933 6.77302
2450903.26937 2.52886
2450904.26942 -2.27200
2450905.26946 -6.57941
2450906.26951 -7.43795
2450907.26955 -11.21806
2450908.26960 -8.03604
2450909.26964 -3.82455
2450910.26969 0.62213
2450911.26974 5.81165
2450912.26978 8.13937
2450913.26983 11.60280
2450914.26987 13.70387
2450915.26992 8.96726
2450916.26996 6.85066
2450917.27001 2.30739
2450918.27006 -2.19672
2450919.27010 -5.93312
2450920.27015 -8.38107
2450921.27019 -8.92674
2450922.27024 -6.71918
2450923.27028 -3.15052
2450924.27033 1.57990
2450925.27038 7.28614
2450926.27042 9.03875
2450927.27047 12.97935
2450928.27051 11.54000
2450929.27056 12.92641
2450930.27060 7.22536
2450931.27065 2.20669
2450932.27069 -2.20373
2450933.27074 -6.80052
2450934.27079 -8.55951
2450935.27083 -7.57052
2450936.27088 -5.16267
2450937.27092 -1.95189
2450938.27097 2.51716
2450939.27101 7.69378
2450940.27106 11.96976
2450941.27111 16.14105
2450942.27115 12.37596
2450943.27120 12.73787
2450944.27124 6.49731
2450945.27129 2.92380
2450946.27133 -2.14811
2450947.27138 -6.07032
2450948.27142 -7.83807
2450949.27147 -8.02167
2450950.27152 -4.95789
2450951.27156 -1.11562
2450952.27161 2.76145
2450953.27165 8.04543
2450954.27170 10.57039
2450955.27174 15.03097
2450956.27179 15.51280
2450957.27184 11.10890
2450958.27188 6.89485
2450959.27193 2.26505
2450960.27197 -1.51822
2450961.27202 -4.70280
2450962.27206 -8.59772
2450963.27211 -6.36001
2450964.27215 -4.85590
2450965.27220 -0.36796
2450966.27225 3.89818
2450967.27229 7.26903
2450968.27234 12.56917
2450969.27238 17.09416
2450970.27243 12.68159
2450971.27247 12.55720
2450972.27252 8.31901
2450973.27257 2.98694
2450974.27261 -1.39501
2450975.27266 -4.65003
2450976.27270 -5.50688
2450977.27275 -6.86015
2450978.27279 -3.28652
2450979.27284 0.66166
2450980.27288 4.98650
2450981.27293 6.49700
2450982.27298 11.68164
2450983.27302 13.85431
2450984.27307 15.15366
2450985.27311 11.07219
2450986.27316 7.63612
2450987.27320 2.69560
2450988.27325 -1.61470
2450989.27330 -4.88541
2450990.27334 -6.64221
2450991.27339 -5.03816
2450992.27343 -2.34744
2450993.27348 1.32966
2450994.27352 6.48557
2450995.27357 9.29748
2450996.27362 11.63589
2450997.27366 17.08730
2450998.27371 17.65228
2450999.27375 11.53714
2451000.27380 9.14581
2451001.27384 2.75970
2451002.27389 -1.47295
2451003.27393 -3.79437
2451004.27398 -6.28665
2451005.27403 -4.36993
2451006.27407 -1.95299
2451007.27412 2.25583
2451008.27416 6.91440
2451009.27421 9.16977
2451010.27425 16.69055
2451011.27430 16.36891
2451012.27435 14.81128
2451013.27439 11.26630
2451014.27444 8.05903
2451015.27448 3.30006
2451016.27453 -1.31288
2451017.27457 -3.83403
2451018.27462 -5.11633
2451019.27466 -4.15939
2451020.27471 -0.94864
2451021.27476 3.18942
2451022.27480 7.18675
2451023.27485 12.48729
2451209.28333 13.09549
2451210.28338 8.10229
2451211.28343 4.73778
2451212.28347 1.79611
2451213.28352 1.21392
2451214.28356 2.88761
2451215.28361 6.41790
2451216.28365 11.54545
2451217.28370 15.86049
2451218.28375 19.52882
2451219.28379 19.35343
2451220.28384 21.15946
2451221.28388 21.66494
2451222.28393 17.92429
2451223.28397 11.08516
2451224.28402 7.81509
2451225.28406 3.93112
2451226.28411 2.24704
2451227.28416 1.73061
2451228.28420 3.68262
2451229.28425 7.09308
2451230.28429 11.06085
2451231.28434 15.84084
2451232.28438 21.53739
2451233.28443 22.25950
2451234.28448 24.26396
2451235.28452 21.52881
2451236.28457 18.12702
2451237.28461 13.42681
2451238.28466 7.83557
2451239.28470 4.29920
2451240.28475 2.45536
2451241.28480 2.54944
2451242.28484 4.55993
2451243.28489 5.70640
2451244.28493 11.66552
2451245.28498 17.56342
2451246.28502 18.86603
2451247.28507 20.67413
2451248.28511 22.42011
2451249.28516 22.08239
2451250.28521 18.68827
2451251.28525 12.44960
2451252.28530 7.89118
2451253.28534 4.16005
2451254.28539 2.65946
2451255.28543 2.74586
2451256.28548 5.26377
2451257.28553 8.79629
2451258.28557 11.67301
2451259.28562 17.49867
2451260.28566 23.70822
2451261.28571 19.68092
2451262.28575 23.46961
2451263.28580 22.05234
2451264.28584 21.09989
2451265.28589 12.08809
2451266.28594 8.14200
2451267.28598 5.43804
2451268.28603 2.65221
2451269.28607 3.44539
2451270.28612 5.69352
2451271.28616 9.24159
2451272.28621 14.87860
2451273.28626 18.60099
2451274.28630 27.52562
2451275.28635 19.24247
2451276.28639 23.23764
2451277.28644 20.96787
2451278.28648 17.30158
2451279.28653 14.16957
2451280.28657 7.85650
2451281.28662 5.00018
2451282.28667 3.18332
2451283.28671 3.89957
2451284.28676 6.04878
2451285.28680 10.54202
2451286.28685 14.83922
2451287.28689 17.67455
2451288.28694 26.73419
2451289.28699 22.78178
2451290.28703 22.97342
2451291.28708 19.71273
2451292.28712 18.18048
2451293.28717 12.09751
2451294.28721 9.44692
2451295.28726 5.14273
2451296.28730 3.31641
2451297.28735 3.71810
2451298.28740 6.71361
2451299.28744 11.54063
2451300.28749 15.72803
2451301.28753 20.03077
2451302.28758 21.20558
2451303.28762 30.65953
2451304.28767 23.82577
2451305.28772 18.61713
2451306.28776 15.53125
2451307.28781 12.17885
2451308.28785 9.77281
2451309.28790 4.91677
2451310.28794 3.57712
2451311.28799 4.97496
2451312.28804 8.12841
2451313.28808 12.49361
2451314.28813 16.89329
2451315.28817 18.68297
2451316.28822 22.34132
2451317.28826 21.35381
2451318.28831 23.92552
2451319.28835 20.66759
2451320.28840 16.39489
2451321.28845 12.86131
2451322.28849 7.62181
2451323.28854 4.95113
2451324.28858 3.83189
2451325.28863 5.07291
2451326.28867 8.39674
2451327.28872 10.78888
2451328.28877 18.09333
2451329.28881 22.23894
2451330.28886 25.70058
2451331.28890 26.05848
2451332.28895 25.49414
2451333.28899 20.66504
2451334.28904 17.96358
2451335.28908 13.82212
2451336.28913 7.73010
2451337.28918 5.01186
2451338.28922 4.61864
2451339.28927 5.28467
2451340.28931 8.12666
2451341.28936 13.75767
2451342.28940 17.26288
2451343.28945 25.03270
2451344.28950 23.97972
2451345.28954 23.87782
2451346.28959 24.69567
2451347.28963 22.45225
2451348.28968 17.62346
2451349.28972 12.94735
2451350.28977 7.65865
2451351.28981 5.99555
2451352.28986 3.89439
2451353.28991 5.62682
2451354.28995 9.44580
2451355.29000 12.95598
2451356.29004 18.17219
2451357.29009 20.67387
2451358.29013 25.07512
2451359.29018 27.48707
2451360.29023 23.45537
2451361.29027 19.56181
2451362.29032 16.15601
2451363.29036 13.50287
2451364.29041 8.96583
2451365.29045 5.25529
2451366.29050 5.24801
2451367.29054 6.60275
2451368.29059 11.35204
2451369.29064 14.92376
2451370.29068 19.05660
2451371.29073 27.27881
2451372.29077 23.62979
2451373.29082 27.34868
2451374.29086 28.22194
2451375.29091 22.77884
2451376.29096 15.50175
2451377.29100 11.04633
2451378.29105 6.91929
2451379.29109 6.49703
2451380.29114 4.72273
2451381.29118 7.63699
2451382.29123 9.17988
2451383.29127 19.27344
2451384.29132 17.40263
2451385.29137 24.18562
2451386.29141 29.63577
2451387.29146 24.82702
2451388.29150 26.25075
2451575.30004 7.74801
2451576.30008 10.65864
2451577.30013 15.70495
2451578.30017 18.11654
2451579.30022 27.09852
2451580.30026 28.12927
2451581.30031 34.66263
2451582.30036 26.32863
2451583.30040 24.66213
2451584.30045 21.87434
2451585.30049 15.49523
2451586.30054 14.23348
2451587.30058 9.42840
2451588.30063 6.87172
2451589.30068 7.48803
2451590.30072 9.69224
2451591.30077 15.99064
2451592.30081 20.30950
2451593.30086 23.68809
2451594.30090 26.47029
2451595.30095 28.43414
2451596.30099 33.74334
2451597.30104 25.49873
2451598.30109 23.93092
2451599.30113 16.68462
2451600.30118 14.84415
2451601.30122 8.17845
2451602.30127 8.38286
2451603.30131 7.71390
2451604.30136 13.39673
2451605.30141 16.14777
2451606.30145 16.50882
2451607.30150 22.14381
2451608.30154 29.64744
2451609.30159 31.13835
2451610.30163 30.19820
2451611.30168 26.24162
2451612.30172 20.97527
2451613.30177 18.69105
2451614.30182 11.30991
2451615.30186 9.17624
2451616.30191 7.27402
2451617.30195 7.94021
2451618.30200 10.79983
2451619.30204 14.39942
2451620.30209 21.47871
2451621.30214 21.14395
2451622.30218 29.19504
2451623.30223 27.41433
2451624.30227 28.48152
2451625.30232 25.11153
2451626.30236 20.20953
2451627.30241 18.44858
2451628.30246 11.60119
2451629.30250 9.57020
2451630.30255 8.31110
2451631.30259 8.49103
2451632.30264 10.19897
2451633.30268 14.56944
2451634.30273 23.46183
2451635.30277 26.40697
2451636.30282 28.59198
2451637.30287 27.63163
2451638.30291 33.11299
2451639.30296 23.02297
2451640.30300 21.14845
2451641.30305 16.83936
2451642.30309 10.18262
2451643.30314 8.09140
2451644.30319 7.40360
2451645.30323 9.68999
2451646.30328 11.48389
2451647.30332 14.04888
2451648.30337 17.97281
2451649.30341 23.54716
2451650.30346 24.15212
2451651.30350 31.53234
2451652.30355 30.28757
2451653.30360 24.87713
2451654.30364 19.88639
2451655.30369 16.76307
2451656.30373 12.16794
2451657.30378 7.72501
2451658.30382 7.10539
2451659.30387 9.75773
2451660.30392 12.68261
2451661.30396 17.84225
2451662.30401 19.69552
2451663.30405 23.87245
2451664.30410 29.85439
2451665.30414 27.24408
2451666.30419 23.56766
2451667.30423 22.84964
2451668.30428 19.56258
2451669.30433 17.74682
2451670.30437 10.10353
2451671.30442 8.33528
2451672.30446 9.36011
2451673.30451 8.28919
2451674.30455 13.51996
2451675.30460 15.99686
2451676.30465 22.89694
2451677.30469 32.18737
2451678.30474 30.91677
2451679.30478 29.60460
2451680.30483 24.91134
2451681.30487 23.65743
2451682.30492 18.40070
2451683.30496 12.58270
2451684.30501 8.40772
2451685.30506 7.52345
2451686.30510 7.75829
2451687.30515 10.56309
2451688.30519 12.05011
2451689.30524 17.94770
2451690.30528 18.56908
2451691.30533 24.24096
2451692.30538 21.70303
2451693.30542 35.54379
2451694.30547 27.77710
2451695.30551 24.04694
2451696.30556 20.03550
2451697.30560 17.87081
2451698.30565 9.88330
2451699.30569 7.23736
2451700.30574 9.35511
2451701.30579 8.49932
2451702.30583 15.06337
2451703.30588 17.85284
2451704.30592 23.70149
2451705.30597 22.75864
2451706.30601 36.25719
2451707.30606 27.80675
2451708.30611 25.02866
2451709.30615 24.47565
2451710.30620 17.32175
2451711.30624 14.37919
2451712.30629 8.72378
2451713.30633 7.96012
2451714.30638 7.33998
2451715.30643 9.10989
2451716.30647 12.36328
2451717.30652 19.97190
2451718.30656 22.22925
2451719.30661 26.28322
2451720.30665 30.04339
2451721.30670 32.01516
2451722.30674 24.11343
2451723.30679 23.23183
2451724.30684 16.36177
2451725.30688 13.04241
2451726.30693 10.65653
2451727.30697 5.87027
2451728.30702 7.10619
2451729.30706 9.84175
2451730.30711 14.48729
2451731.30716 20.97274
2451732.30720 19.37289
2451733.30725 30.75949
2451734.30729 30.30352
2451735.30734 27.84661
2451736.30738 22.34040
2451737.30743 20.96236
2451738.30747 19.25851
2451739.30752 12.87375
2451740.30757 9.11044
2451741.30761 6.76754
2451742.30766 8.42499
2451743.30770 10.11030
2451744.30775 13.91898
2451745.30779 18.84197
2451746.30784 22.08351
2451747.30789 24.87781
2451748.30793 24.39143
2451749.30798 26.54330
2451750.30802 21.13984
2451751.30807 22.77350
2451752.30811 15.79292
2451753.30816 11.86876
2451754.30820 8.89221
2451940.31669 15.92962
2451941.31674 19.14191
2451942.31678 25.30276
2451943.31683 30.78004
2451944.31688 27.12902
2451945.31692 24.68459
2451946.31697 15.25981
2451947.31701 12.44967
2451948.31706 8.15371
2451949.31710 6.04223
2451950.31715 4.58730
2451951.31719 5.19006
2451952.31724 6.39363
2451953.31729 11.17140
2451954.31733 18.53848
2451955.31738 21.02502
2451956.31742 24.36015
2451957.31747 27.14589
2451958.31751 27.11948
2451959.31756 19.57449
2451960.31761 17.79120
2451961.31765 13.88154
2451962.31770 8.76233
2451963.31774 4.53567
2451964.31779 4.00992
2451965.31783 5.54492
2451966.31788 8.33670
2451967.31792 12.42532
2451968.31797 14.50037
2451969.31802 19.84979
2451970.31806 22.77922
2451971.31811 22.05081
2451972.31815 24.09169
2451973.31820 22.32990
2451974.31824 15.36999
2451975.31829 8.73961
2451976.31834 6.93294
2451977.31838 4.41480
2451978.31843 3.66791
2451979.31847 4.67868
2451980.31852 7.34152
2451981.31856 13.97948
2451982.31861 18.23734
2451983.31865 20.23461
2451984.31870 20.65488
2451985.31875 25.41512
2451986.31879 21.18348
2451987.31884 20.60850
2451988.31888 15.51439
2451989.31893 12.63047
2451990.31897 6.31528
2451991.31902 4.57102
2451992.31907 3.32532
2451993.31911 4.60157
2451994.31916 7.48913
2451995.31920 11.79627
2451996.31925 18.44232
2451997.31929 21.95419
2451998.31934 19.66636
2451999.31938 26.95600
2452000.31943 26.03806
2452001.31948 15.59143
2452002.31952 15.95719
2452003.31957 11.33402
2452004.31961 4.68844
2452005.31966 3.17069
2452006.31970 2.75332
2452007.31975 5.29147
2452008.31980 8.04794
2452009.31984 12.41827
2452010.31989 18.47890
2452011.31993 24.98103
2452012.31998 23.71545
2452013.32002 22.89968
2452014.32007 21.44891
2452015.32011 19.59673
2452016.32016 11.87225
2452017.32021 8.92478
2452018.32025 4.59163
2452019.32030 2.50629
2452020.32034 2.19576
2452021.32039 4.47372
2452022.32043 9.32471
2452023.32048 10.48480
2452024.32053 18.72638
2452025.32057 20.12624
2452026.32062 21.09060
2452027.32066 24.38355
2452028.32071 24.25089
2452029.32075 20.26688
2452030.32080 13.25491
2452031.32085 8.11663
2452032.32089 4.59442
2452033.32094 2.96729
2452034.32098 2.37750
2452035.32103 5.13825
2452036.32107 7.93487
2452037.32112 12.04622
2452038.32116 20.91877
2452039.32121 21.41611
2452040.32126 23.83359
2452041.32130 24.34994
2452042.32135 18.92585
2452043.32139 16.10976
2452044.32144 11.29733
2452045.32148 7.65200
2452046.32153 3.91782
2452047.32158 1.79917
2452048.32162 2.62097
2452049.32167 4.50309
2452050.32171 8.53583
2452051.32176 14.95653
2452052.32180 16.21369
2452053.32185 20.16552
2452054.32189 23.64878
2452055.32194 19.24298
2452056.32199 19.62001
2452057.32203 19.34497
2452058.32208 13.30318
2452059.32212 7.23154
2452060.32217 3.51290
2452061.32221 1.52908
2452062.32226 1.83305
2452063.32231 5.14557
2452064.32235 7.65718
2452065.32240 14.50186
2452066.32244 16.83962
2452067.32249 20.16427
2452068.32253 23.86702
2452069.32258 26.51603
2452070.32262 22.16114
2452071.32267 15.75747
2452072.32272 10.47721
2452073.32276 6.32382
2452074.32281 2.85074
2452075.32285 0.83040
2452076.32290 1.63806
2452077.32294 3.87045
2452078.32299 8.28166
2452079.32304 11.57976
2452080.32308 14.50221
2452081.32313 18.16536
2452082.32317 21.04175
2452083.32322 22.72744
2452084.32326 17.14360
2452085.32331 13.16654
2452086.32335 9.94864
2452087.32340 5.24099
2452088.32345 2.20099
2452089.32349 0.61943
2452090.32354 1.26486
2452091.32358 3.95072
2452092.32363 9.10170
2452093.32367 12.08298
2452094.32372 17.06296
2452095.32377 17.17195
2452096.32381 19.01701
2452097.32386 23.50568
2452098.32390 18.21265
2452099.32395 12.71970
2452100.32399 8.29581
2452101.32404 5.06726
2452102.32409 1.17688
2452103.32413 0.13982
2452104.32418 1.26842
2452105.32422 4.74506
2452106.32427 7.74686
2452107.32431 11.40293
2452108.32436 15.61437
2452109.32440 21.97674
2452110.32445 25.72178
2452111.32450 21.81128
2452112.32454 16.01297
2452113.32459 14.23030
2452114.32463 7.49947
2452115.32468 3.26183
2452116.32472 0.62392
2452117.32477 -0.30765
2452118.32482 0.86570
2452119.32486 4.55535
2452305.33335 13.91146
2452306.33339 10.89184
2452307.33344 9.97532
2452308.33349 4.33853
2452309.33353 -0.01415
2452310.33358 -3.76380
2452311.33362 -6.97773
2452312.33367 -7.21429
2452313.33371 -5.14177
2452314.33376 -1.69439
2452315.33380 2.80854
2452316.33385 5.86164
2452317.33390 11.36081
2452318.33394 16.09631
2452319.33399 14.97162
2452320.33403 11.72489
2452321.33408 8.92781
2452322.33412 4.08535
2452323.33417 -1.01263
2452324.33422 -4.24611
2452325.33426 -7.02803
2452326.33431 -7.57559
2452327.33435 -4.56514
2452328.33440 -2.15267
2452329.33444 2.51461
2452330.33449 8.01835
2452331.33454 12.08814
2452332.33458 15.66681
2452333.33463 10.44004
2452334.33467 12.37972
2452335.33472 6.67055
2452336.33476 3.00947
2452337.33481 -1.86275
2452338.33485 -5.17441
2452339.33490 -7.95178
2452340.33495 -6.98972
2452341.33499 -6.15250
2452342.33504 -1.93034
2452343.33508 2.81601
2452344.33513 8.64637
2452345.33517 11.99516
2452346.33522 13.28982
2452347.33527 13.68118
2452348.33531 11.75458
2452349.33536 6.95294
2452350.33540 1.73250
2452351.33545 -2.58851
2452352.33549 -6.46008
2452353.33554 -8.67408
2452354.33558 -8.83382
2452355.33563 -5.58079
2452356.33568 -1.93599
2452357.33572 2.41797
2452358.33577 6.46114
2452359.33581 12.84881
2452360.33586 13.65886
2452361.33590 12.32251
2452362.33595 10.38331
2452363.33600 5.50532
2452364.33604 0.95441
2452365.33609 -3.65913
2452366.33613 -6.52038
2452367.33618 -10.24028
2452368.33622 -9.46669
2452369.33627 -6.90830
2452370.33631 -1.97675
2452371.33636 2.55540
2452372.33641 6.46244
2452373.33645 10.28791
2452374.33650 11.34524
2452375.33654 9.89848
2452376.33659 10.09181
2452377.33663 4.76879
2452378.33668 0.01334
2452379.33673 -5.22573
2452380.33677 -7.57511
2452381.33682 -10.92761
2452382.33686 -6.77985
2452383.33691 -7.47599
2452384.33695 -1.86801
2452385.33700 2.48158
2452386.33704 6.82661
2452387.33709 10.82341
2452388.33714 10.53514
2452389.33718 11.73232
2452390.33723 8.81827
2452391.33727 3.90457
2452392.33732 -0.92277
2452393.33736 -4.40107
2452394.33741 -8.15637
2452395.33746 -10.90214
2452396.33750 -8.64180
2452397.33755 -6.93557
2452398.33759 -2.56290
2452399.33764 2.51077
2452400.33768 6.09784
2452401.33773 9.95114
2452402.33777 11.87209
2452403.33782 12.12790
2452404.33787 7.73150
2452405.33791 2.51899
2452406.33796 -2.15243
2452407.33800 -5.23952
2452408.33805 -10.05654
2452409.33809 -12.27123
2452410.33814 -10.67004
2452411.33819 -6.23987
2452412.33823 -2.46695
2452413.33828 2.43468
2452414.33832 6.57867
2452415.33837 8.51767
2452416.33841 8.70706
2452417.33846 8.68130
2452418.33851 6.48033
2452419.33855 1.76476
2452420.33860 -2.57456
2452421.33864 -7.92183
2452422.33869 -11.85400
2452423.33873 -11.18125
2452424.33878 -9.26951
2452425.33882 -5.92428
2452426.33887 -3.01667
2452427.33892 2.49174
2452428.33896 6.52638
2452429.33901 8.65312
2452430.33905 10.74878
2452431.33910 9.93007
2452432.33914 4.59860
2452433.33919 1.00169
2452434.33924 -4.01062
2452435.33928 -7.55447
2452436.33933 -9.28609
2452437.33937 -11.60484
2452438.33942 -10.65609
2452439.33946 -6.82026
2452440.33951 -2.76019
2452441.33955 1.62226
2452442.33960 6.52460
2452443.33965 9.73665
2452444.33969 10.52932
2452445.33974 7.07782
2452446.33978 4.92290
2452447.33983 0.10336
2452448.33987 -3.54507
2452449.33992 -8.47734
2452450.33997 -10.41988
2452451.34001 -13.39007
2452452.34006 -11.85564
2452453.34010 -6.58092
2452454.34015 -3.36094
2452455.34019 1.98838
2452456.34024 6.84578
2452457.34028 9.08919
2452458.34033 9.56766
2452459.34038 7.21119
2452460.34042 3.59349
2452461.34047 -0.68155
2452462.34051 -4.98116
2452463.34056 -8.91131
2452464.34060 -12.18837
2452465.34065 -13.39161
2452466.34070 -9.76496
2452467.34074 -7.68366
2452468.34079 -2.86195
2452469.34083 1.95294
2452470.34088 5.88371
2452471.34092 9.34497
2452472.34097 7.24691
2452473.34101 6.52148
2452474.34106 3.45386
2452475.34111 -1.66326
2452476.34115 -6.74059
2452477.34120 -9.70923
2452478.34124 -12.93094
2452479.34129 -11.18338
2452480.34133 -10.29774
2452481.34138 -8.25574
2452482.34143 -2.90300
2452483.34147 1.78848
2452484.34152 5.78447
2452670.35000 -9.65256
2452671.35005 -13.79466
2452672.35010 -17.44530
2452673.35014 -21.46496
2452674.35019 -20.60096
2452675.35023 -17.76079
2452676.35028 -13.23429
2452677.35032 -8.84271
2452678.35037 -3.62105
2452679.35042 -0.67208
2452680.35046 0.86294
2452681.35051 0.67371
2452682.35055 -2.12709
2452683.35060 -5.37808
2452684.35064 -10.19518
2452685.35069 -16.65416
2452686.35073 -19.15020
2452687.35078 -21.10755
2452688.35083 -19.30161
2452689.35087 -18.80731
2452690.35092 -13.63864
2452691.35096 -8.67443
2452692.35101 -3.69133
2452693.35105 -0.86238
2452694.35110 0.58276
2452695.35115 -0.02968
2452696.35119 -2.62135
2452697.35124 -8.12193
2452698.35128 -10.32690
2452699.35133 -16.22221
2452700.35137 -18.71898
2452701.35142 -20.55037
2452702.35146 -21.65851
2452703.35151 -19.49659
2452704.35156 -14.36908
2452705.35160 -9.95529
2452706.35165 -4.08108
2452707.35169 -1.06739
2452708.35174 0.20166
2452709.35178 -0.66616
2452710.35183 -3.25297
2452711.35188 -6.75067
2452712.35192 -14.21356
2452713.35197 -13.36027
2452714.35201 -22.14981
2452715.35206 -25.12675
2452716.35210 -16.95278
2452717.35215 -19.54040
2452718.35219 -11.39314
2452719.35224 -9.23222
2452720.35229 -4.43623
2452721.35233 -1.44607
2452722.35238 -0.15554
2452723.35242 -1.09364
2452724.35247 -4.52166
2452725.35251 -8.66711
2452726.35256 -12.55874
2452727.35261 -18.65487
2452728.35265 -17.98882
2452729.35270 -22.12879
2452730.35274 -21.88735
2452731.35279 -20.59867
2452732.35283 -15.18012
2452733.35288 -8.14635
2452734.35293 -4.28989
2452735.35297 -1.39123
2452736.35302 -0.63746
2452737.35306 -2.15152
2452738.35311 -5.25356
2452739.35315 -7.52187
2452740.35320 -15.66774
2452741.35324 -18.63345
2452742.35329 -26.59657
2452743.35334 -23.45955
2452744.35338 -21.89082
2452745.35343 -17.25708
2452746.35347 -13.85524
2452747.35352 -9.96359
2452748.35356 -4.77620
2452749.35361 -1.79309
2452750.35366 -1.14026
2452751.35370 -2.67829
2452752.35375 -5.18992
2452753.35379 -10.92816
2452754.35384 -14.44999
2452755.35388 -19.63708
2452756.35393 -24.69989
2452757.35397 -23.43148
2452758.35402 -20.59287
2452759.35407 -14.78733
2452760.35411 -14.43802
2452761.35416 -8.71334
2452762.35420 -4.15148
2452763.35425 -1.75353
2452764.35429 -1.57428
2452765.35434 -3.14215
2452766.35439 -5.80774
2452767.35443 -10.54805
2452768.35448 -14.28000
2452769.35452 -17.66034
2452770.35457 -21.28970
2452771.35461 -22.69485
2452772.35466 -22.80873
2452773.35470 -18.35962
2452774.35475 -13.60337
2452775.35480 -7.59100
2452776.35484 -4.57475
2452777.35489 -2.22026
2452778.35493 -2.11885
2452779.35498 -3.27592
2452780.35502 -7.85921
2452781.35507 -12.27954
2452782.35512 -14.53127
2452783.35516 -18.85464
2452784.35521 -25.01301
2452785.35525 -25.86551
2452786.35530 -21.95259
2452787.35534 -18.96287
2452788.35539 -15.27079
2452789.35543 -9.25510
2452790.35548 -6.05501
2452791.35553 -2.29648
2452792.35557 -2.18286
2452793.35562 -3.74477
2452794.35566 -7.77696
2452795.35571 -13.32510
2452796.35575 -15.70773
2452797.35580 -22.84850
2452798.35585 -26.66595
2452799.35589 -23.98855
2452800.35594 -20.74024
2452801.35598 -19.37295
2452802.35603 -14.64511
2452803.35607 -8.94269
2452804.35612 -4.64584
2452805.35617 -2.83418
2452806.35621 -2.09567
2452807.35626 -5.06553
2452808.35630 -8.15957
2452809.35635 -15.52097
2452810.35639 -17.18684
2452811.35644 -23.00512
2452812.35648 -24.02627
2452813.35653 -19.87378
2452814.35658 -22.52831
2452815.35662 -20.22807
2452816.35667 -14.70455
2452817.35671 -8.41175
2452818.35676 -4.88539
2452819.35680 -3.04506
2452820.35685 -3.74111
2452821.35690 -4.49592
2452822.35694 -8.17553
2452823.35699 -14.16221
2452824.35703 -21.88946
2452825.35708 -19.02012
2452826.35712 -21.65907
2452827.35717 -23.89584
2452828.35721 -19.17419
2452829.35726 -18.72221
2452830.35731 -14.36233
2452831.35735 -8.39755
2452832.35740 -5.82925
2452833.35744 -3.72194
2452834.35749 -3.58356
2452835.35753 -6.13065
2452836.35758 -11.75764
2452837.35763 -15.74807
2452838.35767 -22.35933
2452839.35772 -24.32110
2452840.35776 -26.32671
2452841.35781 -21.93729
2452842.35785 -22.16986
2452843.35790 -18.20702
2452844.35794 -13.52323
2452845.35799 -9.96415
2452846.35804 -5.20150
2452847.35808 -3.46172
2452848.35813 -4.17075
2452849.35817 -6.44584
2453036.36671 -25.32720
2453037.36675 -19.01221
2453038.36680 -22.30179
2453039.36684 -14.88127
2453040.36689 -10.55212
2453041.36693 -8.23799
2453042.36698 -7.42893
2453043.36703 -7.73964
2453044.36707 -10.77685
2453045.36712 -17.26526
2453046.36716 -24.11519
2453047.36721 -25.94120
2453048.36725 -29.47757
2453049.36730 -26.81869
2453050.36735 -29.82933
2453051.36739 -24.59865
2453052.36744 -23.13200
2453053.36748 -17.28394
2453054.36753 -11.56988
2453055.36757 -8.14873
2453056.36762 -7.72952
2453057.36766 -8.36841
2453058.36771 -13.71241
2453059.36776 -16.53354
2453060.36780 -21.42302
2453061.36785 -28.83341
2453062.36789 -27.28188
2453063.36794 -34.86168
2453064.36798 -29.09318
2453065.36803 -22.05956
2453066.36808 -23.79127
2453067.36812 -13.69148
2453068.36817 -11.78266
2453069.36821 -8.38561
2453070.36826 -6.27636
2453071.36830 -9.38782
2453072.36835 -10.23439
2453073.36839 -17.24984
2453074.36844 -21.71341
2453075.36849 -23.46333
2453076.36853 -26.65665
2453077.36858 -28.28220
2453078.36862 -28.37552
2453079.36867 -27.37172
2453080.36871 -22.02189
2453081.36876 -12.49239
2453082.36881 -8.59851
2453083.36885 -7.78621
2453084.36890 -8.79057
2453085.36894 -9.88753
2453086.36899 -13.72609
2453087.36903 -18.23995
2453088.36908 -23.99659
2453089.36912 -24.67371
2453090.36917 -27.72664
2453091.36922 -24.22385
2453092.36926 -28.03099
2453093.36931 -22.95535
2453094.36935 -17.41979
2453095.36940 -12.63855
2453096.36944 -11.41861
2453097.36949 -7.54249
2453098.36954 -7.51962
2453099.36958 -9.23485
2453100.36963 -13.07909
2453101.36967 -14.75680
2453102.36972 -24.54784
2453103.36976 -28.91731
2453104.36981 -30.98905
2453105.36985 -29.61757
2453106.36990 -26.02733
2453107.36995 -24.18348
2453108.36999 -16.60836
2453109.37004 -13.76939
2453110.37008 -10.06245
2453111.37013 -8.87736
2453112.37017 -6.37893
2453113.37022 -9.91388
2453114.37027 -11.39434
2453115.37031 -19.45997
2453116.37036 -21.10029
2453117.37040 -28.26557
2453118.37045 -23.57266
2453119.37049 -25.53925
2453120.37054 -24.35651
2453121.37059 -24.46300
2453122.37063 -14.65221
2453123.37068 -10.70488
2453124.37072 -10.13885
2453125.37077 -7.68539
2453126.37081 -7.23058
2453127.37086 -12.22331
2453128.37090 -12.47094
2453129.37095 -16.89174
2453130.37100 -24.78204
2453131.37104 -33.02012
2453132.37109 -27.99325
2453133.37113 -31.96646
2453134.37118 -30.58512
2453135.37122 -21.63621
2453136.37127 -15.39056
2453137.37132 -13.40559
2453138.37136 -8.43470
2453139.37141 -7.27313
2453140.37145 -9.25905
2453141.37150 -11.13545
2453142.37154 -12.96797
2453143.37159 -20.38566
2453144.37163 -21.93011
2453145.37168 -28.49909
2453146.37173 -26.97317
2453147.37177 -27.39987
2453148.37182 -26.78986
2453149.37186 -20.57466
2453150.37191 -21.08021
2453151.37195 -14.17363
2453152.37200 -9.80328
2453153.37205 -6.86035
2453154.37209 -9.51730
2453155.37214 -10.92744
2453156.37218 -14.50467
2453157.37223 -19.27705
2453158.37227 -24.52800
2453159.37232 -29.35542
2453160.37236 -29.86822
2453161.37241 -25.73405
2453162.37246 -27.64072
2453163.37250 -26.41426
2453164.37255 -16.14240
2453165.37259 -10.58508
2453166.37264 -10.13279
2453167.37268 -6.70008
2453168.37273 -8.04802
2453169.37278 -12.52393
2453170.37282 -16.49882
2453171.37287 -21.72615
2453172.37291 -24.24888
2453173.37296 -28.37922
2453174.37300 -25.96821
2453175.37305 -25.95768
2453176.37309 -29.50229
2453177.37314 -24.34494
2453178.37319 -15.50056
2453179.37323 -12.72703
2453180.37328 -9.12598
2453181.37332 -7.31839
2453182.37337 -7.92256
2453183.37341 -12.98437
2453184.37346 -19.35646
2453185.37351 -20.87933
2453186.37355 -27.15649
2453187.37360 -27.89126
2453188.37364 -29.46913
2453189.37369 -30.93921
2453190.37373 -19.95674
2453191.37378 -20.86090
2453192.37382 -17.00957
2453193.37387 -11.63561
2453194.37392 -8.30515
2453195.37396 -8.21909
2453196.37401 -6.79198
2453197.37405 -13.69791
2453198.37410 -18.61229
2453199.37414 -24.42567
2453200.37419 -25.33427
2453201.37424 -26.91379
2453202.37428 -30.15664
2453203.37433 -26.66610
2453204.37437 -23.72496
2453205.37442 -21.19205
2453206.37446 -14.97828
2453207.37451 -11.62646
2453208.37456 -8.92199
2453209.37460 -8.10618
2453210.37465 -8.81190
2453211.37469 -10.72545
2453212.37474 -18.65919
2453213.37478 -22.48086
2453214.37483 -25.22696
2453215.37487 -23.40346
2453401.38336 -12.14829
2453402.38341 -9.43553
2453403.38345 -6.93072
2453404.38350 -5.43189
2453405.38354 -8.07531
2453406.38359 -12.79447
2453407.38364 -14.37336
2453408.38368 -20.07312
2453409.38373 -27.52897
2453410.38377 -30.45535
2453411.38382 -32.90684
2453412.38386 -26.68060
2453413.38391 -20.80379
2453414.38396 -15.18194
2453415.38400 -11.55006
2453416.38405 -9.27613
2453417.38409 -6.16385
2453418.38414 -5.02907
2453419.38418 -8.25119
2453420.38423 -10.65007
2453421.38427 -15.14358
2453422.38432 -19.28080
2453423.38437 -23.56720
2453424.38441 -24.69694
2453425.38446 -30.67009
2453426.38450 -20.87895
2453427.38455 -24.58541
2453428.38459 -15.61238
2453429.38464 -11.47811
2453430.38469 -8.16547
2453431.38473 -6.19739
2453432.38478 -5.39988
2453433.38482 -7.23870
2453434.38487 -11.79695
2453435.38491 -16.84200
2453436.38496 -18.30929
2453437.38501 -25.67827
2453438.38505 -26.66359
2453439.38510 -26.88664
2453440.38514 -18.12394
2453441.38519 -21.86314
2453442.38523 -14.13933
2453443.38528 -12.60903
2453444.38532 -7.85101
2453445.38537 -5.46774
2453446.38542 -5.63699
2453447.38546 -8.10622
2453448.38551 -11.92755
2453449.38555 -17.67453
2453450.38560 -18.39476
2453451.38564 -27.08536
2453452.38569 -24.39215
2453453.38574 -24.19892
2453454.38578 -25.73727
2453455.38583 -20.21013
2453456.38587 -14.71981
2453457.38592 -8.43101
2453458.38596 -6.89143
2453459.38601 -3.16596
2453460.38605 -5.00212
2453461.38610 -7.63850
2453462.38615 -10.88185
2453463.38619 -19.55572
2453464.38624 -18.71966
2453465.38628 -27.82887
2453466.38633 -23.85435
2453467.38637 -27.04923
2453468.38642 -24.75302
2453469.38647 -15.46890
2453470.38651 -14.13918
2453471.38656 -10.92512
2453472.38660 -5.53199
2453473.38665 -5.19659
2453474.38669 -4.55821
2453475.38674 -7.94341
2453476.38678 -13.59376
2453477.38683 -15.44384
2453478.38688 -20.16518
2453479.38692 -29.70928
2453480.38697 -26.03289
2453481.38701 -24.33570
2453482.38706 -21.77172
2453483.38710 -18.42445
2453484.38715 -12.28419
2453485.38720 -8.31667
2453486.38724 -5.59802
2453487.38729 -4.40412
2453488.38733 -5.06199
2453489.38738 -8.43043
2453490.38742 -13.41551
2453491.38747 -18.85351
2453492.38751 -21.53428
2453493.38756 -26.49976
2453494.38761 -25.98765
2453495.38765 -21.33327
2453496.38770 -22.12034
2453497.38774 -17.12207
2453498.38779 -12.82384
2453499.38783 -7.09412
2453500.38788 -4.25851
2453501.38793 -4.16574
2453502.38797 -4.63975
2453503.38802 -6.30308
2453504.38806 -13.70147
2453505.38811 -15.38425
2453506.38815 -25.06115
2453507.38820 -24.20728
2453508.38824 -25.61832
2453509.38829 -28.21258
2453510.38834 -18.72306
2453511.38838 -16.37217
2453512.38843 -12.88644
2453513.38847 -7.25453
2453514.38852 -4.18226
2453515.38856 -4.30855
2453516.38861 -6.40805
2453517.38866 -8.02138
2453518.38870 -13.32480
2453519.38875 -14.85271
2453520.38879 -22.13776
2453521.38884 -23.37786
2453522.38888 -25.38400
2453523.38893 -27.20712
2453524.38898 -20.26743
2453525.38902 -17.96092
2453526.38907 -12.55977
2453527.38911 -7.59228
2453528.38916 -4.58066
2453529.38920 -3.41941
2453530.38925 -4.93331
2453531.38929 -7.77727
2453532.38934 -14.42504
2453533.38939 -17.65673
2453534.38943 -22.35182
2453535.38948 -23.45958
2453536.38952 -23.93073
2453537.38957 -22.64325
2453538.38961 -21.56918
2453539.38966 -15.04675
2453540.38971 -10.81132
2453541.38975 -5.36976
2453542.38980 -3.55788
2453543.38984 -3.01879
2453544.38989 -5.21688
2453545.38993 -8.49349
2453546.38998 -12.21858
2453547.39002 -17.41786
2453548.39007 -21.47076
2453549.39012 -27.89327
2453550.39016 -26.10376
2453551.39021 -23.03134
2453552.39025 -16.62995
2453553.39030 -17.00054
2453554.39034 -10.51428
2453555.39039 -6.57297
2453556.39044 -3.00429
2453557.39048 -2.41787
2453558.39053 -4.34307
2453559.39057 -7.56964
2453560.39062 -13.91573
2453561.39066 -16.68329
2453562.39071 -22.85004
2453563.39075 -23.35317
2453564.39080 -22.51528
2453565.39085 -22.43843
2453566.39089 -16.66794
2453567.39094 -13.71836
2453568.39098 -8.51304
2453569.39103 -3.94786
2453570.39107 -2.48876
2453571.39112 -2.63368
2453572.39117 -4.60097
2453573.39121 -7.34209
2453574.39126 -11.35329
2453575.39130 -17.41051
2453576.39135 -24.34398
2453577.39139 -25.43529
2453578.39144 -22.82592
2453579.39148 -19.93574
2453580.39153 -15.64641
2453766.40002 2.65004
2453767.40006 0.98923
2453768.40011 -2.62323
2453769.40016 -9.64246
2453770.40020 -12.30384
2453771.40025 -14.50856
2453772.40029 -19.73439
2453773.40034 -17.59338
2453774.40038 -13.39302
2453775.40043 -10.62335
2453776.40047 -5.48617
2453777.40052 -0.72181
2453778.40057 2.35274
2453779.40061 3.78631
2453780.40066 3.84769
2453781.40070 1.19942
2453782.40075 -2.85842
2453783.40079 -6.66752
2453784.40084 -11.65899
2453785.40089 -12.58154
2453786.40093 -16.73235
2453787.40098 -15.70631
2453788.40102 -12.84253
2453789.40107 -9.76692
2453790.40111 -4.70943
2453791.40116 0.10634
2453792.40120 3.19096
2453793.40125 5.75561
2453794.40130 4.74493
2453795.40134 1.23221
2453796.40139 -3.01631
2453797.40143 -9.29064
2453798.40148 -13.22321
2453799.40152 -16.37128
2453800.40157 -17.09017
2453801.40162 -16.32934
2453802.40166 -12.28990
2453803.40171 -7.63282
2453804.40175 -3.69550
2453805.40180 1.10547
2453806.40184 4.22362
2453807.40189 5.75468
2453808.40193 4.14988
2453809.40198 1.52459
2453810.40203 -2.68461
2453811.40207 -6.46015
2453812.40212 -11.09535
2453813.40216 -13.57228
2453814.40221 -16.71542
2453815.40225 -12.99873
2453816.40230 -13.21716
2453817.40235 -7.77058
2453818.40239 -2.44752
2453819.40244 1.60144
2453820.40248 4.33421
2453821.40253 5.25488
2453822.40257 4.83228
2453823.40262 1.58482
2453824.40266 -2.46643
2453825.40271 -6.07817
2453826.40276 -11.38141
2453827.40280 -15.25508
2453828.40285 -14.79342
2453829.40289 -15.31919
2453830.40294 -10.93739
2453831.40298 -4.83706
2453832.40303 -1.62441
2453833.40308 2.72653
2453834.40312 5.36747
2453835.40317 6.02209
2453836.40321 5.19812
2453837.40326 1.54385
2453838.40330 -2.69029
2453839.40335 -8.39582
2453840.40340 -9.73248
2453841.40344 -12.76810
2453842.40349 -15.96006
2453843.40353 -15.81113
2453844.40358 -9.51077
2453845.40362 -5.50215
2453846.40367 -0.51737
2453847.40371 3.96169
2453848.40376 6.51242
2453849.40381 6.39872
2453850.40385 5.11414
2453851.40390 1.97837
2453852.40394 -2.47139
2453853.40399 -7.80603
2453854.40403 -12.84972
2453855.40408 -11.13972
2453856.40413 -14.21485
2453857.40417 -12.05994
2453858.40422 -9.90342
2453859.40426 -3.91439
2453860.40431 0.28225
2453861.40435 4.31976
2453862.40440 6.92046
2453863.40444 7.42326
2453864.40449 5.58593
2453865.40454 2.18105
2453866.40458 -2.38404
2453867.40463 -7.30539
2453868.40467 -12.38490
2453869.40472 -13.44953
2453870.40476 -12.65783
2453871.40481 -11.03919
2453872.40486 -7.14954
2453873.40490 -3.07657
2453874.40495 1.25738
2453875.40499 5.19861
2453876.40504 7.67345
2453877.40508 7.22467
2453878.40513 6.26348
2453879.40517 2.49701
2453880.40522 -2.14190
2453881.40527 -6.66627
2453882.40531 -11.11654
2453883.40536 -13.47413
2453884.40540 -13.29530
2453885.40545 -11.86593
2453886.40549 -7.12582
2453887.40554 -3.36931
2453888.40559 1.97713
2453889.40563 5.94147
2453890.40568 10.05708
2453891.40572 8.10091
2453892.40577 6.08135
2453893.40581 2.14362
2453894.40586 -1.90693
2453895.40590 -7.49326
2453896.40595 -8.45005
2453897.40600 -13.51876
2453898.40604 -11.29462
2453899.40609 -10.32464
2453900.40613 -6.77554
2453901.40618 -1.50936
2453902.40622 3.39734
2453903.40627 6.56373
2453904.40632 8.63445
2453905.40636 8.16320
2453906.40641 6.44215
2453907.40645 2.19628
2453908.40650 -2.80903
2453909.40654 -8.06074
2453910.40659 -10.56987
2453911.40664 -13.44437
2453912.40668 -11.97179
2453913.40673 -9.94419
2453914.40677 -5.88187
2453915.40682 -0.77070
2453916.40686 4.27886
2453917.40691 7.63730
2453918.40695 10.69804
2453919.40700 9.00830
2453920.40705 5.28587
2453921.40709 2.31830
2453922.40714 -2.09643
2453923.40718 -6.48139
2453924.40723 -10.65053
2453925.40727 -12.61391
2453926.40732 -11.85827
2453927.40737 -8.76309
2453928.40741 -4.58758
2453929.40746 0.20583
2453930.40750 4.91452
2453931.40755 8.41713
2453932.40759 9.72104
2453933.40764 8.65947
2453934.40768 7.20851
2453935.40773 3.06357
2453936.40778 -2.11705
2453937.40782 -6.89111
2453938.40787 -9.31020
2453939.40791 -12.51683
2453940.40796 -11.84862
2453941.40800 -8.31039
2453942.40805 -3.51773
2453943.40810 1.08056
2453944.40814 5.67195
2453945.40819 7.16642
2454131.41667 4.18115
2454132.41672 -0.25505
2454133.41677 -3.45075
2454134.41681 -3.89411
2454135.41686 -2.90358
2454136.41690 0.29228
2454137.41695 4.58853
2454138.41699 9.23302
2454139.41704 12.63497
2454140.41708 14.82177
2454141.41713 19.45398
2454142.41718 13.54037
2454143.41722 13.11108
2454144.41727 8.69610
2454145.41731 3.98978
2454146.41736 -0.12777
2454147.41740 -2.95127
2454148.41745 -3.33486
2454149.41750 -1.72413
2454150.41754 1.10930
2454151.41759 4.47407
2454152.41763 10.27245
2454153.41768 14.23609
2454154.41772 17.98004
2454155.41777 14.39496
2454156.41782 17.07716
2454157.41786 12.70217
2454158.41791 9.51378
2454159.41795 3.86668
2454160.41800 0.03281
2454161.41804 -2.89861
2454162.41809 -3.04361
2454163.41813 -1.58991
2454164.41818 1.87153
2454165.41823 8.29659
2454166.41827 10.23488
2454167.41832 14.80045
2454168.41836 15.85942
2454169.41841 17.84504
2454170.41845 16.53544
2454171.41850 12.38862
2454172.41855 10.24870
2454173.41859 4.62613
2454174.41864 0.18407
2454175.41868 -2.00228
2454176.41873 -2.64007
2454177.41877 -0.82908
2454178.41882 2.60976
2454179.41886 6.49271
2454180.41891 13.33089
2454181.41896 14.72577
2454182.41900 20.89097
2454183.41905 19.08139
2454184.41909 16.32630
2454185.41914 12.78909
2454186.41918 10.44979
2454187.41923 4.22011
2454188.41928 0.36335
2454189.41932 -1.67606
2454190.41937 -1.86274
2454191.41941 -0.02181
2454192.41946 3.65945
2454193.41950 6.81727
2454194.41955 13.00254
2454195.41959 17.41818
2454196.41964 19.93753
2454197.41969 17.27957
2454198.41973 15.94598
2454199.41978 13.87944
2454200.41982 10.03778
2454201.41987 4.32391
2454202.41991 0.53652
2454203.41996 -1.33158
2454204.42001 -1.40951
2454205.42005 0.71815
2454206.42010 4.86369
2454207.42014 9.12440
2454208.42019 12.59696
2454209.42023 17.34194
2454210.42028 21.81821
2454211.42032 23.25753
2454212.42037 15.28053
2454213.42042 15.83671
2454214.42046 8.61720
2454215.42051 4.36233
2454216.42055 0.88940
2454217.42060 -1.15255
2454218.42064 -0.89150
2454219.42069 1.34466
2454220.42074 5.37139
2454221.42078 10.41066
2454222.42083 13.71433
2454223.42087 20.97645
2454224.42092 18.65489
2454225.42096 20.88079
2454226.42101 17.61074
2454227.42106 15.35696
2454228.42110 8.24127
2454229.42115 4.67614
2454230.42119 1.19058
2454231.42124 -0.83554
2454232.42128 -0.32527
2454233.42133 2.62681
2454234.42137 6.11361
2454235.42142 11.09446
2454236.42147 15.02561
2454237.42151 22.14586
2454238.42156 17.32924
2454239.42160 22.69676
2454240.42165 15.09004
2454241.42169 11.54781
2454242.42174 7.99624
2454243.42179 4.43574
2454244.42183 1.08021
2454245.42188 -0.37077
2454246.42192 0.25347
2454247.42197 2.64966
2454248.42201 6.38351
2454249.42206 12.11181
2454250.42210 15.30146
2454251.42215 14.42211
2454252.42220 21.06094
2454253.42224 22.01702
2454254.42229 17.33045
2454255.42233 11.98558
2454256.42238 9.64341
2454257.42242 3.93798
2454258.42247 1.33041
2454259.42252 0.05079
2454260.42256 0.95841
2454261.42261 3.87124
2454262.42265 8.06850
2454263.42270 13.86758
2454264.42274 15.13823
2454265.42279 23.50617
2454266.42283 14.97261
2454267.42288 23.70239
2454268.42293 16.42013
2454269.42297 14.24387
2454270.42302 10.27175
2454271.42306 4.89714
2454272.42311 1.65158
2454273.42315 0.49395
2454274.42320 1.24224
2454275.42325 3.82115
2454276.42329 8.95331
2454277.42334 13.26067
2454278.42338 17.32250
2454279.42343 23.50025
2454280.42347 24.54873
2454281.42352 19.04383
2454282.42356 18.80568
2454283.42361 11.57059
2454284.42366 7.54014
2454285.42370 4.29045
2454286.42375 1.80685
2454287.42379 0.80996
2454288.42384 2.15048
2454289.42388 5.14873
2454290.42393 10.61145
2454291.42398 15.13933
2454292.42402 16.68876
2454293.42407 23.43425
2454294.42411 20.47923
2454295.42416 22.05576
2454296.42420 17.17984
2454297.42425 15.51091
2454298.42429 9.60494
2454299.42434 4.45527
2454300.42439 1.96807
2454301.42443 1.70710
2454302.42448 2.32745
2454303.42452 5.48168
2454304.42457 9.67649
2454305.42461 13.41187
2454306.42466 17.30428
2454307.42471 21.81977
2454308.42475 23.86655
2454309.42480 17.96387
2454310.42484 17.20186
2454497.43338 7.14234
2454498.43342 10.04471
2454499.43347 17.59096
2454500.43351 19.12377
2454501.43356 21.19986
2454502.43360 29.15740
2454503.43365 30.33826
2454504.43370 25.62691
2454505.43374 19.37978
2454506.43379 16.31316
2454507.43383 11.32634
2454508.43388 8.31248
2454509.43392 6.68472
2454510.43397 6.18526
2454511.43401 8.24975
2454512.43406 11.37005
2454513.43411 17.75952
2454514.43415 22.10700
2454515.43420 20.45324
2454516.43424 22.28823
2454517.43429 26.19277
2454518.43433 27.40864
2454519.43438 23.69822
2454520.43443 17.82881
2454521.43447 11.76869
2454522.43452 9.51864
2454523.43456 5.90088
2454524.43461 6.29300
2454525.43465 7.49690
2454526.43470 12.15292
2454527.43474 15.80295
2454528.43479 25.28438
2454529.43484 28.95018
2454530.43488 27.58311
2454531.43493 28.45703
2454532.43497 23.40307
2454533.43502 15.69636
2454534.43506 15.09196
2454535.43511 12.65191
2454536.43516 8.61286
2454537.43520 6.23179
2454538.43525 7.33783
2454539.43529 8.78968
2454540.43534 11.67835
2454541.43538 19.24465
2454542.43543 21.10901
2454543.43548 28.63211
2454544.43552 22.14151
2454545.43557 25.70105
2454546.43561 26.28702
2454547.43566 21.84797
2454548.43570 15.74158
2454549.43575 11.92188
2454550.43579 8.31564
2454551.43584 5.63008
2454552.43589 6.89259
2454553.43593 9.92890
2454554.43598 14.46861
2454555.43602 18.40948
2454556.43607 21.76095
2454557.43611 22.85720
2454558.43616 29.99674
2454559.43621 29.04268
2454560.43625 27.11308
2454561.43630 18.36815
2454562.43634 16.03864
2454563.43639 10.61226
2454564.43643 8.18863
2454565.43648 8.70859
2454566.43652 8.15063
2454567.43657 9.42045
2454568.43662 13.98852
2454569.43666 18.43223
2454570.43671 23.84810
2454571.43675 22.68114
2454572.43680 29.00257
2454573.43684 21.51359
2454574.43689 20.42018
2454575.43694 24.40845
2454576.43698 15.01931
2454577.43703 12.80863
2454578.43707 7.44540
2454579.43712 5.43639
2454580.43716 6.98011
2454581.43721 13.53853
2454582.43725 12.81644
2454583.43730 23.20221
2454584.43735 24.88633
2454585.43739 27.43631
2454586.43744 26.14262
2454587.43748 24.81035
2454588.43753 25.71446
2454589.43757 22.71540
2454590.43762 15.60694
2454591.43767 11.82877
2454592.43771 7.71116
2454593.43776 8.54719
2454594.43780 8.31948
2454595.43785 13.41347
2454596.43789 13.98729
2454597.43794 20.17050
2454598.43798 27.15899
2454599.43803 27.82341
2454600.43808 29.86096
2454601.43812 24.55141
2454602.43817 23.15680
2454603.43821 18.04858
2454604.43826 14.89259
2454605.43830 10.61132
2454606.43835 7.58378
2454607.43840 7.61589
2454608.43844 7.55242
2454609.43849 9.12260
2454610.43853 15.11460
2454611.43858 25.28009
2454612.43862 26.25327
2454613.43867 25.37956
2454614.43871 29.76022
2454615.43876 26.76276
2454616.43881 24.83136
2454617.43885 21.18952
2454618.43890 15.01068
2454619.43894 10.74084
2454620.43899 9.14601
2454621.43903 7.70171
2454622.43908 8.95178
2454623.43913 12.13942
2454624.43917 15.63089
2454625.43922 18.66794
2454626.43926 27.10527
2454627.43931 31.55994
2454628.43935 29.78340
2454629.43940 28.54018
2454630.43945 21.55171
2454631.43949 18.00983
2454632.43954 12.57254
2454633.43958 10.14842
2454634.43963 8.69769
2454635.43967 6.93461
2454636.43972 9.04087
2454637.43976 13.43337
2454638.43981 19.15876
2454639.43986 18.23038
2454640.43990 24.56840
2454641.43995 26.13415
2454642.43999 26.09147
2454643.44004 25.83807
2454644.44008 18.81931
2454645.44013 18.12091
2454646.44018 14.15704
2454647.44022 9.13702
2454648.44027 7.49813
2454649.44031 7.61909
2454650.44036 9.54997
2454651.44040 10.88290
2454652.44045 18.83836
2454653.44049 23.92077
2454654.44054 24.22388
2454655.44059 33.18437
2454656.44063 29.90793
2454657.44068 27.52428
2454658.44072 24.64420
2454659.44077 16.55079
2454660.44081 13.29884
2454661.44086 10.60949
2454662.44091 7.21279
2454663.44095 7.48295
2454664.44100 10.35113
2454665.44104 13.87717
2454666.44109 18.14129
2454667.44113 22.90610
2454668.44118 26.04346
2454669.44122 31.02108
2454670.44127 34.55044
2454671.44132 27.26641
2454672.44136 25.65925
2454673.44141 17.29732
2454674.44145 12.53977
2454675.44150 9.01117
2454676.44154 7.08433
2454862.45003 22.52442
2454863.45008 28.92148
2454864.45012 30.94424
2454865.45017 26.15560
2454866.45021 24.17860
2454867.45026 20.91657
2454868.45031 16.55090
2454869.45035 12.37871
2454870.45040 8.04386
2454871.45044 6.75351
2454872.45049 8.54859
2454873.45053 9.87638
2454874.45058 13.43480
2454875.45063 18.82607
2454876.45067 23.59434
2454877.45072 22.52930
2454878.45076 26.76275
2454879.45081 28.39470
2454880.45085 29.43177
2454881.45090 19.27573
2454882.45094 16.78019
2454883.45099 11.37813
2454884.45104 8.93249
2454885.45108 6.28598
2454886.45113 8.35703
2454887.45117 11.76009
2454888.45122 16.59583
2454889.45126 21.99253
2454890.45131 24.04349
2454891.45136 28.22974
2454892.45140 26.68672
2454893.45145 20.92821
2454894.45149 24.63546
2454895.45154 19.44632
2454896.45158 16.43625
2454897.45163 11.57780
2454898.45167 6.82043
2454899.45172 8.03645
2454900.45177 7.81872
2454901.45181 9.12187
2454902.45186 13.05229
2454903.45190 15.24165
2454904.45195 25.56421
2454905.45199 25.27131
2454906.45204 25.34860
2454907.45209 24.83113
2454908.45213 22.79293
2454909.45218 20.26174
2454910.45222 12.02077
2454911.45227 9.05254
2454912.45231 7.59721
2454913.45236 5.95276
2454914.45240 7.96659
2454915.45245 10.08660
2454916.45250 17.32289
2454917.45254 20.11794
2454918.45259 26.81169
2454919.45263 28.03438
2454920.45268 29.05002
2454921.45272 24.17410
2454922.45277 25.63309
2454923.45282 18.93589
2454924.45286 12.45786
2454925.45291 7.58423
2454926.45295 6.98681
2454927.45300 7.07516
2454928.45304 6.84824
2454929.45309 9.74760
2454930.45313 14.70265
2454931.45318 22.10259
2454932.45323 19.58377
2454933.45327 24.87249
2454934.45332 24.48104
2454935.45336 27.15828
2454936.45341 22.06469
2454937.45345 17.27643
2454938.45350 12.91078
2454939.45355 9.79918
2454940.45359 7.25543
2454941.45364 6.58304
2454942.45368 7.96973
2454943.45373 12.40989
2454944.45377 13.95486
2454945.45382 20.87345
2454946.45387 29.72551
2454947.45391 21.64904
2454948.45396 25.50496
2454949.45400 22.64042
2454950.45405 22.42109
2454951.45409 19.72105
2454952.45414 13.18872
2454953.45418 8.37257
2454954.45423 6.49621
2454955.45428 5.63016
2454956.45432 7.68853
2454957.45437 11.72114
2454958.45441 18.31375
2454959.45446 21.16998
2454960.45450 24.65309
2454961.45455 31.78334
2454962.45460 21.42911
2454963.45464 24.54460
2454964.45469 19.60779
2454965.45473 16.17748
2454966.45478 12.59488
2454967.45482 8.81810
2454968.45487 5.49798
2454969.45491 6.00567
2454970.45496 6.87123
2454971.45501 9.74022
2454972.45505 15.87590
2454973.45510 19.95872
2454974.45514 27.75829
2454975.45519 31.85719
2454976.45523 24.70411
2454977.45528 19.86636
2454978.45533 17.73368
2454979.45537 14.56164
2454980.45542 11.46586
2454981.45546 7.30681
2454982.45551 4.75827
2454983.45555 6.43981
2454984.45560 8.05745
2454985.45564 13.28506
2454986.45569 13.06356
2454987.45574 23.14230
2454988.45578 23.80076
2454989.45583 25.07246
2454990.45587 26.00329
2454991.45592 22.06424
2454992.45596 19.60190
2454993.45601 16.63164
2454994.45606 8.50576
2454995.45610 8.02033
2454996.45615 5.29076
2454997.45619 5.24438
2454998.45624 8.27262
2454999.45628 11.83480
2455000.45633 15.31707
2455001.45637 19.03908
2455002.45642 27.75706
2455003.45647 22.06394
2455004.45651 25.04299
2455005.45656 19.89367
2455006.45660 20.14793
2455007.45665 14.34538
2455008.45669 8.68850
2455009.45674 5.88984
2455010.45679 4.76425
2455011.45683 5.29256
2455012.45688 6.10637
2455013.45692 10.72123
2455014.45697 16.49192
2455015.45701 23.22331
2455016.45706 26.10898
2455017.45711 24.49521
2455018.45715 27.63280
2455019.45720 21.86048
2455020.45724 12.73511
2455021.45729 15.75099
2455022.45733 9.69588
2455023.45738 6.03849
2455024.45742 4.40384
2455025.45747 5.14418
2455026.45752 7.58776
2455027.45756 11.30747
2455028.45761 15.29119
2455029.45765 20.93852
2455030.45770 21.89441
2455031.45774 22.50021
2455032.45779 25.33663
2455033.45784 24.11060
2455034.45788 16.38734
2455035.45793 12.22731
2455036.45797 7.15093
2455037.45802 4.69484
2455038.45806 3.54310
2455039.45811 5.31630
2455040.45815 6.27277
2455041.45820 12.28584
2455227.46669 18.33375
2455228.46673 16.63648
2455229.46678 12.60617
2455230.46682 6.49727
2455231.46687 2.58238
2455232.46692 -0.39465
2455233.46696 -1.11643
2455234.46701 0.00817
2455235.46705 2.53978
2455236.46710 7.43842
2455237.46714 12.45353
2455238.46719 13.13313
2455239.46724 19.08054
2455240.46728 14.57873
2455241.46733 20.98297
2455242.46737 15.59572
2455243.46742 9.56403
2455244.46746 5.72809
2455245.46751 1.59330
2455246.46755 -1.02192
2455247.46760 -1.69569
2455248.46765 -0.20494
2455249.46769 2.67744
2455250.46774 7.40612
2455251.46778 14.36527
2455252.46783 15.60519
2455253.46787 19.10635
2455254.46792 17.22531
2455255.46797 21.26479
2455256.46801 14.46776
2455257.46806 8.33308
2455258.46810 5.31712
2455259.46815 0.70910
2455260.46819 -1.55705
2455261.46824 -1.89698
2455262.46829 -0.36180
2455263.46833 3.03846
2455264.46838 7.50501
2455265.46842 9.66933
2455266.46847 15.27655
2455267.46851 17.01520
2455268.46856 18.26921
2455269.46860 15.91579
2455270.46865 14.27240
2455271.46870 8.15807
2455272.46874 4.11860
2455273.46879 0.03966
2455274.46883 -2.39979
2455275.46888 -2.69086
2455276.46892 -0.65787
2455277.46897 3.27439
2455278.46902 6.88570
2455279.46906 12.11141
2455280.46911 16.58717
2455281.46915 17.93325
2455282.46920 14.87967
2455283.46924 16.83489
2455284.46929 10.51754
2455285.46933 6.58724
2455286.46938 2.66883
2455287.46943 -0.71889
2455288.46947 -3.10986
2455289.46952 -3.31373
2455290.46956 -0.85209
2455291.46961 2.78163
2455292.46965 7.94235
2455293.46970 11.09443
2455294.46975 15.51701
2455295.46979 18.99858
2455296.46984 15.19120
2455297.46988 14.30818
2455298.46993 12.66366
2455299.46997 6.85142
2455300.47002 2.17506
2455301.47006 -1.45309
2455302.47011 -2.98684
2455303.47016 -3.28086
2455304.47020 -1.08538
2455305.47025 2.69563
2455306.47029 6.14661
2455307.47034 12.46376
2455308.47038 14.12755
2455309.47043 15.02020
2455310.47048 13.94452
2455311.47052 12.31908
2455312.47057 8.22872
2455313.47061 5.32036
2455314.47066 1.29108
2455315.47070 -1.94797
2455316.47075 -3.93407
2455317.47079 -3.54483
2455318.47084 -1.12272
2455319.47089 1.86755
2455320.47093 7.55814
2455321.47098 12.12345
2455322.47102 16.39459
2455323.47107 13.75487
2455324.47111 15.34591
2455325.47116 12.49611
2455326.47121 8.50027
2455327.47125 6.17354
2455328.47130 0.46660
2455329.47134 -2.63279
2455330.47139 -4.18356
2455331.47143 -4.56433
2455332.47148 -1.55465
2455333.47153 2.54089
2455334.47157 7.49369
2455335.47162 12.00985
2455336.47166 17.49230
2455337.47171 17.80712
2455338.47175 16.67206
2455339.47180 14.23809
2455340.47184 10.05717
2455341.47189 3.84175
2455342.47194 -0.41239
2455343.47198 -3.83386
2455344.47203 -5.72308
2455345.47207 -4.75663
2455346.47212 -1.64283
2455347.47216 2.30466
2455348.47221 7.59954
2455349.47226 11.83193
2455350.47230 15.13219
2455351.47235 13.84852
2455352.47239 13.67225
2455353.47244 9.84317
2455354.47248 8.40275
2455355.47253 3.78909
2455356.47257 -1.18000
2455357.47262 -4.20110
2455358.47267 -5.84468
2455359.47271 -4.76134
2455360.47276 -1.60063
2455361.47280 2.37554
2455362.47285 7.50940
2455363.47289 12.80026
2455364.47294 15.87013
2455365.47299 15.41496
2455366.47303 14.46218
2455367.47308 10.89956
2455368.47312 7.38591
2455369.47317 2.16529
2455370.47321 -1.96902
2455371.47326 -4.48742
2455372.47330 -7.07491
2455373.47335 -5.90280
2455374.47340 -2.01136
2455375.47344 2.42064
2455376.47349 7.17185
2455377.47353 9.80503
2455378.47358 15.23198
2455379.47362 17.69039
2455380.47367 12.43193
2455381.47372 9.73280
2455382.47376 6.12697
2455383.47381 1.32261
2455384.47385 -2.52657
2455385.47390 -5.52464
2455386.47394 -6.73567
2455387.47399 -5.59552
2455388.47403 -2.49389
2455389.47408 2.48257
2455390.47413 7.30941
2455391.47417 10.87109
2455392.47422 13.78152
2455393.47426 14.17090
2455394.47431 10.62236
2455395.47435 8.26667
2455396.47440 5.07555
2455397.47445 0.41237
2455398.47449 -3.69995
2455399.47454 -5.27343
2455400.47458 -7.22246
2455401.47463 -6.00319
2455402.47467 -2.30529
2455403.47472 1.80481
2455404.47476 6.88099
2455405.47481 9.98943
2455406.47486 13.57153
2455592.48334 -8.02021
2455593.48339 -11.85216
2455594.48344 -13.00239
2455595.48348 -12.97304
2455596.48353 -9.60609
2455597.48357 -7.85162
2455598.48362 -3.96924
2455599.48366 0.66440
2455600.48371 4.53889
2455601.48375 7.35050
2455602.48380 6.92102
2455603.48385 3.96846
2455604.48389 0.54434
2455605.48394 -4.04383
2455606.48398 -7.84965
2455607.48403 -12.08360
2455608.48407 -14.08914
2455609.48412 -16.11177
2455610.48417 -11.32022
2455611.48421 -9.74564
2455612.48426 -3.91690
2455613.48430 0.55383
2455614.48435 3.88936
2455615.48439 6.34397
2455616.48444 5.76387
2455617.48448 2.65753
2455618.48453 -0.38010
2455619.48458 -5.26199
2455620.48462 -8.43651
2455621.48467 -14.85599
2455622.48471 -12.16547
2455623.48476 -13.52998
2455624.48480 -12.86161
2455625.48485 -9.02666
2455626.48490 -4.28438
2455627.48494 0.47314
2455628.48499 3.58060
2455629.48503 5.49764
2455630.48508 4.58457
2455631.48512 2.89835
2455632.48517 -1.24754
2455633.48521 -6.27044
2455634.48526 -10.77216
2455635.48531 -14.91800
2455636.48535 -15.11992
2455637.48540 -17.06872
2455638.48544 -11.56977
2455639.48549 -8.60953
2455640.48553 -4.28359
2455641.48558 0.34539
2455642.48563 3.76222
2455643.48567 4.58297
2455644.48572 5.09841
2455645.48576 1.43243
2455646.48581 -1.93102
2455647.48585 -7.02173
2455648.48590 -10.24606
2455649.48595 -12.55656
2455650.48599 -16.83604
2455651.48604 -16.10256
2455652.48608 -12.49728
2455653.48613 -9.85206
2455654.48617 -4.30790
2455655.48622 0.18122
2455656.48626 2.94904
2455657.48631 4.44205
2455658.48636 4.15364
2455659.48640 1.18042
2455660.48645 -3.12026
2455661.48649 -7.77211
2455662.48654 -12.58450
2455663.48658 -18.07518
2455664.48663 -18.35478
2455665.48668 -14.31966
2455666.48672 -11.50811
2455667.48677 -9.69288
2455668.48681 -3.76323
2455669.48686 0.04130
2455670.48690 2.90191
2455671.48695 4.14117
2455672.48699 3.11805
2455673.48704 0.27446
2455674.48709 -3.91411
2455675.48713 -8.04723
2455676.48718 -14.93359
2455677.48722 -15.84407
2455678.48727 -15.49835
2455679.48731 -16.81014
2455680.48736 -13.95033
2455681.48741 -9.76024
2455682.48745 -3.44261
2455683.48750 -0.08542
2455684.48754 2.68280
2455685.48759 4.14710
2455686.48763 2.40465
2455687.48768 -0.52907
2455688.48772 -5.37663
2455689.48777 -11.39218
2455690.48782 -14.65053
2455691.48786 -17.41387
2455692.48791 -16.87164
2455693.48795 -15.35212
2455694.48800 -13.52845
2455695.48804 -9.95134
2455696.48809 -4.65534
2455697.48814 -0.21284
2455698.48818 2.61312
2455699.48823 3.67370
2455700.48827 2.19187
2455701.48832 -1.42956
2455702.48836 -5.28376
2455703.48841 -11.45119
2455704.48845 -13.12638
2455705.48850 -15.90411
2455706.48855 -21.89035
2455707.48859 -16.01893
2455708.48864 -14.64112
2455709.48868 -9.41399
2455710.48873 -4.72353
2455711.48877 -0.37396
2455712.48882 1.99622
2455713.48887 2.36494
2455714.48891 1.08033
2455715.48896 -2.21186
2455716.48900 -6.37408
2455717.48905 -10.01610
2455718.48909 -14.62130
2455719.48914 -16.90472
2455720.48918 -17.12776
2455721.48923 -15.54918
2455722.48928 -12.18707
2455723.48932 -6.85454
2455724.48937 -4.13364
2455725.48941 -0.55862
2455726.48946 1.73259
2455727.48950 2.26488
2455728.48955 0.53671
2455729.48960 -3.35664
2455730.48964 -6.58492
2455731.48969 -12.75949
2455732.48973 -16.54287
2455733.48978 -17.57553
2455734.48982 -19.88812
2455735.48987 -16.36704
2455736.48992 -15.25801
2455737.48996 -8.37475
2455738.49001 -4.46586
2455739.49005 -0.74490
2455740.49010 1.52268
2455741.49014 1.66823
2455742.49019 -0.21051
2455743.49023 -3.89970
2455744.49028 -8.65827
2455745.49033 -15.39788
2455746.49037 -14.59608
2455747.49042 -21.33234
2455748.49046 -16.15577
2455749.49051 -17.77439
2455750.49055 -12.08147
2455751.49060 -8.24473
2455752.49065 -4.17215
2455753.49069 -0.91570
2455754.49074 1.00150
2455755.49078 1.11599
2455756.49083 -0.95746
2455757.49087 -4.69712
2455758.49092 -10.42752
2455759.49096 -14.31593
2455760.49101 -22.76691
2455761.49106 -20.24265
2455762.49110 -19.37292
2455763.49115 -18.90343
2455764.49119 -14.18911
2455765.49124 -9.07165
2455766.49128 -4.20371
2455767.49133 -0.98508
2455768.49138 0.80747
2455769.49142 0.59081
2455770.49147 -1.58378
2455771.49151 -4.49235
2455957.50000 -23.26683
