2445000.00000 21.50254
2445001.00005 34.63635
2445002.00009 36.25581
2445003.00014 36.90307
2445004.00018 45.68734
2445005.00023 50.52026
2445006.00027 48.35918
2445007.00032 56.25772
2445008.00037 44.57098
2445009.00041 50.44990
2445010.00046 43.95483
2445011.00050 40.54666
2445012.00055 36.00530
2445013.00059 34.58639
2445014.00064 27.14773
2445015.00068 15.22580
2445016.00073 12.67580
2445017.00078 5.44818
2445018.00082 -0.14100
2445019.00087 -5.17724
2445020.00091 -9.96634
2445021.00096 -12.62004
2445022.00100 -16.69061
2445023.00105 -17.62869
2445024.00110 -16.80775
2445025.00114 -18.73341
2445026.00119 -18.25777
2445027.00123 -16.33644
2445028.00128 -11.78400
2445029.00132 -7.44215
2445030.00137 -2.57612
2445031.00141 3.59297
2445032.00146 8.03959
2445033.00151 14.42037
2445034.00155 23.40369
2445035.00160 33.78421
2445036.00164 31.91366
2445037.00169 44.77531
2445038.00173 49.68218
2445039.00178 43.39054
2445040.00183 41.02247
2445041.00187 56.85829
2445042.00192 51.03537
2445043.00196 49.07108
2445044.00201 43.69982
2445045.00205 49.61352
2445046.00210 37.67988
2445047.00214 34.80800
2445048.00219 28.27139
2445049.00224 28.01329
2445050.00228 20.68976
2445051.00233 11.38334
2445052.00237 5.24748
2445053.00242 0.23877
2445054.00246 -4.29826
2445055.00251 -8.67817
2445056.00256 -13.79723
2445057.00260 -17.36231
2445058.00265 -18.39934
2445059.00269 -16.89581
2445060.00274 -19.08820
2445061.00278 -16.24861
2445062.00283 -14.34098
2445063.00287 -11.87366
2445064.00292 -6.77139
2445065.00297 -1.95228
2445066.00301 3.90595
2445067.00306 10.56418
2445068.00310 18.03578
2445069.00315 23.11218
2445070.00319 26.62723
2445071.00324 36.21703
2445072.00329 44.05033
2445073.00333 40.43849
2445074.00338 43.79390
2445075.00342 45.09261
2445076.00347 45.27479
2445077.00351 48.23035
2445078.00356 47.76065
2445079.00361 51.08878
2445080.00365 53.58990
2445081.00370 44.99329
2445082.00374 27.80862
2445083.00379 25.40555
2445084.00383 26.12394
2445085.00388 18.24020
2445086.00392 10.47195
2445087.00397 6.22266
2445088.00402 0.69792
2445089.00406 -4.36372
2445090.00411 -10.24335
2445091.00415 -12.02313
2445092.00420 -16.07089
2445093.00424 -18.35637
2445094.00429 -20.73545
2445095.00434 -13.19773
2445096.00438 -19.13452
2445097.00443 -13.55916
2445098.00447 -10.94946
2445099.00452 -7.74675
2445100.00456 -1.25831
2445101.00461 3.43687
2445102.00465 8.52339
2445103.00470 16.46533
2445104.00475 24.71736
2445105.00479 25.75223
2445106.00484 35.41128
2445107.00488 42.70148
2445108.00493 43.81692
2445109.00497 43.43713
2445110.00502 45.78841
2445111.00507 49.02193
2445112.00511 52.44816
2445113.00516 53.30015
2445114.00520 47.97074
2445115.00525 44.50298
2445116.00529 43.19871
2445117.00534 33.50881
2445118.00538 26.35419
2445119.00543 26.19245
2445120.00548 20.77413
2445121.00552 10.63721
2445122.00557 5.99640
2445123.00561 0.89302
2445124.00566 -4.80075
2445125.00570 -8.84666
2445126.00575 -13.98362
2445127.00580 -15.76791
2445128.00584 -18.44208
2445129.00589 -18.12899
2445130.00593 -19.18068
2445131.00598 -16.79178
2445132.00602 -15.99839
2445133.00607 -10.87176
2445134.00611 -6.80286
2445135.00616 -1.58048
2445136.00621 4.43526
2445137.00625 11.37481
2445138.00630 16.80461
2445139.00634 24.08521
2445140.00639 26.32216
2445141.00643 32.38962
2445142.00648 33.69883
2445143.00653 51.86304
2445144.00657 44.56395
2445145.00662 49.95505
2445146.00666 50.96213
2445147.00671 47.60375
2445148.00675 53.25231
2445149.00680 50.39065
2445150.00684 44.73257
2445151.00689 41.02184
2445152.00694 33.99028
2445153.00698 32.32792
2445154.00703 27.70210
2445155.00707 21.02248
2445156.00712 13.35867
2445157.00716 6.98602
2445158.00721 1.29017
2445159.00726 -3.35784
2445160.00730 -6.75838
2445161.00735 -12.76444
2445162.00739 -17.12790
2445163.00744 -16.00875
2445164.00748 -19.19706
2445165.00753 -18.23952
2445166.00758 -17.29438
2445167.00762 -14.88836
2445168.00767 -10.98876
2445169.00771 -6.06606
2445170.00776 -0.92651
2445171.00780 4.40663
2445172.00785 10.95193
2445173.00789 17.77765
2445174.00794 20.27051
2445175.00799 29.42016
2445176.00803 34.73592
2445177.00808 39.72250
2445178.00812 40.12997
2445179.00817 44.64788
2445366.01670 12.95270
2445367.01675 6.85049
2445368.01679 2.17380
2445369.01684 -3.12701
2445370.01688 -6.42000
2445371.01693 -13.89173
2445372.01698 -14.32719
2445373.01702 -16.29169
2445374.01707 -16.43363
2445375.01711 -17.35948
2445376.01716 -11.88773
2445377.01720 -11.84587
2445378.01725 -9.56678
2445379.01729 -4.91690
2445380.01734 -0.38738
2445381.01739 5.11976
2445382.01743 10.90494
2445383.01748 17.98706
2445384.01752 18.73547
2445385.01757 32.62224
2445386.01761 33.32290
2445387.01766 41.04895
2445388.01771 41.91475
2445389.01775 34.91062
2445390.01780 53.64890
2445391.01784 53.19830
2445392.01789 45.66965
2445393.01793 55.13018
2445394.01798 43.50369
2445395.01803 44.57184
2445396.01807 35.33741
2445397.01812 40.77110
2445398.01816 35.72139
2445399.01821 28.74272
2445400.01825 20.85229
2445401.01830 16.20212
2445402.01834 7.44627
2445403.01839 2.05560
2445404.01844 -3.03504
2445405.01848 -7.55451
2445406.01853 -11.82969
2445407.01857 -15.84232
2445408.01862 -15.45220
2445409.01866 -15.66590
2445410.01871 -17.38299
2445411.01876 -12.76054
2445412.01880 -14.90341
2445413.01885 -11.40261
2445414.01889 -5.46905
2445415.01894 -0.45564
2445416.01898 4.89035
2445417.01903 10.30795
2445418.01907 19.95965
2445419.01912 22.50535
2445420.01917 32.75566
2445421.01921 34.12449
2445422.01926 41.28254
2445423.01930 42.12221
2445424.01935 50.62504
2445425.01939 54.09439
2445426.01944 41.41850
2445427.01949 50.70944
2445428.01953 46.86293
2445429.01958 44.85455
2445430.01962 40.13259
2445431.01967 41.06762
2445432.01971 33.45080
2445433.01976 29.77593
2445434.01980 29.17092
2445435.01985 21.00286
2445436.01990 15.63170
2445437.01994 8.09213
2445438.01999 2.01906
2445439.02003 -3.00341
2445440.02008 -6.99904
2445441.02012 -10.68210
2445442.02017 -14.79411
2445443.02022 -15.36468
2445444.02026 -18.05160
2445445.02031 -18.62546
2445446.02035 -16.32608
2445447.02040 -12.85807
2445448.02044 -9.37186
2445449.02049 -4.86481
2445450.02053 -0.59196
2445451.02058 5.41490
2445452.02063 9.20979
2445453.02067 17.31744
2445454.02072 23.17022
2445455.02076 30.61859
2445456.02081 34.76836
2445457.02085 34.34306
2445458.02090 47.21356
2445459.02095 54.59755
2445460.02099 45.42297
2445461.02104 48.20932
2445462.02108 47.67205
2445463.02113 47.60773
2445464.02117 42.42942
2445465.02122 44.14862
2445466.02126 36.75104
2445467.02131 53.19602
2445468.02136 31.90643
2445469.02140 27.31100
2445470.02145 17.11231
2445471.02149 13.54915
2445472.02154 7.42695
2445473.02158 2.19657
2445474.02163 -3.63396
2445475.02168 -7.40710
2445476.02172 -11.47279
2445477.02177 -16.82997
2445478.02181 -18.36017
2445479.02186 -16.57616
2445480.02190 -17.35281
2445481.02195 -17.29532
2445482.02200 -13.22989
2445483.02204 -9.42277
2445484.02209 -6.98726
2445485.02213 -0.66183
2445486.02218 4.45887
2445487.02222 11.07590
2445488.02227 17.14781
2445489.02231 26.09556
2445490.02236 27.54715
2445491.02241 26.76810
2445492.02245 33.76039
2445493.02250 36.32383
2445494.02254 42.89310
2445495.02259 52.94578
2445496.02263 45.20634
2445497.02268 50.82697
2445498.02273 54.91787
2445499.02277 41.45581
2445500.02282 49.93284
2445501.02286 41.27734
2445502.02291 32.18955
2445503.02295 29.61433
2445504.02300 21.00807
2445505.02304 17.05899
2445506.02309 14.72586
2445507.02314 7.92198
2445508.02318 1.75465
2445509.02323 -3.05898
2445510.02327 -7.95289
2445511.02332 -13.61934
2445512.02336 -15.62020
2445513.02341 -15.81590
2445514.02346 -16.76917
2445515.02350 -17.26184
2445516.02355 -14.39202
2445517.02359 -11.29131
2445518.02364 -8.87250
2445519.02368 -5.74293
2445520.02373 -0.86607
2445521.02377 5.19885
2445522.02382 10.51746
2445523.02387 19.11010
2445524.02391 25.42590
2445525.02396 29.96310
2445526.02400 39.84573
2445527.02405 39.80961
2445528.02409 48.96808
2445529.02414 45.48547
2445530.02419 36.84976
2445531.02423 43.66141
2445532.02428 45.27448
2445533.02432 51.02526
2445534.02437 40.12815
2445535.02441 41.77907
2445536.02446 43.94110
2445537.02450 36.96096
2445538.02455 29.48008
2445539.02460 25.17413
2445540.02464 16.09473
2445541.02469 12.64810
2445542.02473 7.13568
2445543.02478 1.52946
2445544.02482 -3.64176
2445545.02487 -7.87506
2445731.03336 2.36517
2445732.03340 8.89646
2445733.03345 13.76105
2445734.03349 18.72222
2445735.03354 27.29401
2445736.03359 29.74965
2445737.03363 42.50122
2445738.03368 40.17109
2445739.03372 43.81680
2445740.03377 41.07913
2445741.03381 56.06716
2445742.03386 51.29079
2445743.03391 48.65149
2445744.03395 46.69846
2445745.03400 46.44642
2445746.03404 41.26924
2445747.03409 39.58720
2445748.03413 29.01216
2445749.03418 31.54874
2445750.03422 19.58236
2445751.03427 12.78353
2445752.03432 4.77938
2445753.03436 -0.60623
2445754.03441 -5.78497
2445755.03445 -10.73764
2445756.03450 -12.89318
2445757.03454 -16.12087
2445758.03459 -22.01677
2445759.03464 -20.65278
2445760.03468 -21.75289
2445761.03473 -18.14508
2445762.03477 -18.74838
2445763.03482 -12.70814
2445764.03486 -8.73224
2445765.03491 -3.46930
2445766.03495 1.79242
2445767.03500 6.97830
2445768.03505 16.86995
2445769.03509 22.01029
2445770.03514 27.38251
2445771.03518 33.27830
2445772.03523 30.61811
2445773.03527 46.08601
2445774.03532 36.83691
2445775.03537 53.90536
2445776.03541 46.55876
2445777.03546 47.08898
2445778.03550 46.22771
2445779.03555 45.98720
2445780.03559 43.03319
2445781.03564 36.35398
2445782.03568 30.94081
2445783.03573 29.91685
2445784.03578 24.54494
2445785.03582 14.38654
2445786.03587 10.62419
2445787.03591 4.95649
2445788.03596 -1.10623
2445789.03600 -7.14761
2445790.03605 -12.93044
2445791.03610 -15.65560
2445792.03614 -16.12948
2445793.03619 -21.46887
2445794.03623 -19.92387
2445795.03628 -19.32690
2445796.03632 -20.32779
2445797.03637 -16.00228
2445798.03642 -11.64982
2445799.03646 -8.56722
2445800.03651 -4.88581
2445801.03655 1.32003
2445802.03660 6.57686
2445803.03664 10.47412
2445804.03669 19.73924
2445805.03673 24.28597
2445806.03678 26.56112
2445807.03683 40.05452
2445808.03687 43.36176
2445809.03692 42.79629
2445810.03696 50.56140
2445811.03701 52.43331
2445812.03705 59.34482
2445813.03710 42.91901
2445814.03715 37.04151
2445815.03719 40.08959
2445816.03724 36.66069
2445817.03728 40.20048
2445818.03733 30.14743
2445819.03737 18.60819
2445820.03742 14.47899
2445821.03746 8.36103
2445822.03751 4.05754
2445823.03756 -1.86145
2445824.03760 -6.20605
2445825.03765 -12.31908
2445826.03769 -17.39602
2445827.03774 -18.83778
2445828.03778 -20.83172
2445829.03783 -20.91957
2445830.03788 -20.02450
2445831.03792 -18.97536
2445832.03797 -19.20631
2445833.03801 -14.75286
2445834.03806 -9.59167
2445835.03810 -4.71223
2445836.03815 0.85515
2445837.03819 6.37356
2445838.03824 11.21354
2445839.03829 18.80193
2445840.03833 25.72379
2445841.03838 29.23231
2445842.03842 43.08470
2445843.03847 38.84934
2445844.03851 45.00233
2445845.03856 44.90615
2445846.03861 39.46807
2445847.03865 47.66918
2445848.03870 45.50195
2445849.03874 45.60670
2445850.03879 33.35523
2445851.03883 32.91957
2445852.03888 31.97210
2445853.03892 30.76634
2445854.03897 22.58252
2445855.03902 16.87997
2445856.03906 8.64234
2445857.03911 3.63225
2445858.03915 -2.23078
2445859.03920 -6.35669
2445860.03924 -11.74832
2445861.03929 -17.42390
2445862.03934 -21.16621
2445863.03938 -19.02597
2445864.03943 -18.19694
2445865.03947 -22.95637
2445866.03952 -19.06984
2445867.03956 -18.35506
2445868.03961 -16.01811
2445869.03966 -8.61935
2445870.03970 -4.94867
2445871.03975 0.16381
2445872.03979 6.19290
2445873.03984 12.68013
2445874.03988 18.00087
2445875.03993 24.82181
2445876.03997 24.70828
2445877.04002 38.55299
2445878.04007 40.52694
2445879.04011 44.97674
2445880.04016 47.76535
2445881.04020 49.14173
2445882.04025 47.27324
2445883.04029 42.62021
2445884.04034 37.95873
2445885.04039 38.92311
2445886.04043 32.02085
2445887.04048 32.47510
2445888.04052 29.50761
2445889.04057 20.86984
2445890.04061 14.73558
2445891.04066 10.05646
2445892.04070 2.70333
2445893.04075 -2.45647
2445894.04080 -8.83910
2445895.04084 -12.71797
2445896.04089 -17.66877
2445897.04093 -17.99271
2445898.04098 -24.24834
2445899.04102 -23.06971
2445900.04107 -25.78096
2445901.04112 -18.94866
2445902.04116 -17.31204
2445903.04121 -15.07139
2445904.04125 -10.67405
2445905.04130 -5.60692
2445906.04134 -0.43598
2445907.04139 5.57735
2445908.04143 10.94943
2445909.04148 17.13614
2445910.04153 22.37936
2446096.05001 32.85644
2446097.05006 31.59414
2446098.05010 23.96960
2446099.05015 18.34150
2446100.05020 11.26684
2446101.05024 4.82440
2446102.05029 -1.43667
2446103.05033 -7.83424
2446104.05038 -13.62471
2446105.05042 -14.40178
2446106.05047 -24.38723
2446107.05052 -22.41073
2446108.05056 -26.29428
2446109.05061 -26.61871
2446110.05065 -27.34377
2446111.05070 -28.22913
2446112.05074 -22.13364
2446113.05079 -18.36851
2446114.05084 -15.32100
2446115.05088 -11.29133
2446116.05093 -4.95889
2446117.05097 0.97762
2446118.05102 6.73984
2446119.05106 14.54440
2446120.05111 18.00526
2446121.05115 21.97862
2446122.05120 34.52413
2446123.05125 30.85782
2446124.05129 43.43091
2446125.05134 34.50647
2446126.05138 47.23374
2446127.05143 43.51478
2446128.05147 39.35285
2446129.05152 39.01954
2446130.05157 33.38964
2446131.05161 27.37585
2446132.05166 28.24468
2446133.05170 21.88102
2446134.05175 17.10991
2446135.05179 9.62173
2446136.05184 3.57319
2446137.05188 -2.31807
2446138.05193 -9.27418
2446139.05198 -13.89162
2446140.05202 -16.22599
2446141.05207 -23.48176
2446142.05211 -20.38634
2446143.05216 -26.32996
2446144.05220 -30.83099
2446145.05225 -28.96589
2446146.05230 -26.22380
2446147.05234 -22.92963
2446148.05239 -17.81340
2446149.05243 -17.30650
2446150.05248 -12.03762
2446151.05252 -6.34592
2446152.05257 0.05186
2446153.05261 6.07049
2446154.05266 13.26979
2446155.05271 17.08713
2446156.05275 24.22505
2446157.05280 31.42957
2446158.05284 39.51022
2446159.05289 33.01240
2446160.05293 36.92099
2446161.05298 35.16028
2446162.05303 42.28548
2446163.05307 44.09008
2446164.05312 43.18192
2446165.05316 32.34009
2446166.05321 31.91310
2446167.05325 26.19180
2446168.05330 18.71067
2446169.05334 13.30920
2446170.05339 10.40183
2446171.05344 2.99846
2446172.05348 -2.54322
2446173.05353 -8.81793
2446174.05357 -11.65292
2446175.05362 -19.89523
2446176.05366 -22.05994
2446177.05371 -27.70815
2446178.05376 -30.37393
2446179.05380 -27.64217
2446180.05385 -26.46037
2446181.05389 -22.30159
2446182.05394 -26.13598
2446183.05398 -16.50119
2446184.05403 -18.71573
2446185.05408 -12.81242
2446186.05412 -5.98660
2446187.05417 -0.76359
2446188.05421 5.84104
2446189.05426 10.63494
2446190.05430 18.86004
2446191.05435 23.84887
2446192.05439 25.52675
2446193.05444 31.16605
2446194.05449 37.81202
2446195.05453 36.95391
2446196.05458 42.20094
2446197.05462 44.06542
2446198.05467 38.39348
2446199.05471 34.12634
2446200.05476 31.22515
2446201.05481 30.00135
2446202.05485 27.96370
2446203.05490 21.11290
2446204.05494 14.97382
2446205.05499 7.58512
2446206.05503 1.96967
2446207.05508 -3.56232
2446208.05512 -10.62848
2446209.05517 -13.87624
2446210.05522 -20.42636
2446211.05526 -26.99868
2446212.05531 -24.83478
2446213.05535 -24.59427
2446214.05540 -29.23779
2446215.05544 -28.93981
2446216.05549 -24.55998
2446217.05554 -23.86678
2446218.05558 -21.14065
2446219.05563 -19.28960
2446220.05567 -12.86611
2446221.05572 -7.69911
2446222.05576 -1.61783
2446223.05581 4.17975
2446224.05585 8.85531
2446225.05590 13.30283
2446226.05595 19.56690
2446227.05599 32.23430
2446228.05604 28.61724
2446229.05608 35.32607
2446230.05613 29.94683
2446231.05617 35.45143
2446232.05622 43.43325
2446233.05627 34.57534
2446234.05631 39.54954
2446235.05636 28.39073
2446236.05640 28.72921
2446237.05645 25.05129
2446238.05649 19.72101
2446239.05654 14.74107
2446240.05658 7.68345
2446241.05663 1.41328
2446242.05668 -4.41596
2446243.05672 -11.41814
2446244.05677 -16.97712
2446245.05681 -21.57825
2446246.05686 -31.32736
2446247.05690 -32.41860
2446248.05695 -32.34925
2446249.05700 -32.02182
2446250.05704 -29.80590
2446251.05709 -25.15939
2446252.05713 -29.98096
2446253.05718 -23.59600
2446254.05722 -19.71917
2446255.05727 -12.55128
2446256.05731 -8.74382
2446257.05736 -2.70684
2446258.05741 3.77396
2446259.05745 9.43570
2446260.05750 14.60606
2446261.05754 20.52081
2446262.05759 29.53197
2446263.05763 24.34037
2446264.05768 34.81906
2446265.05773 38.12506
2446266.05777 29.85171
2446267.05782 38.41627
2446268.05786 35.62937
2446269.05791 36.11670
2446270.05795 28.62736
2446271.05800 30.48620
2446272.05805 25.62610
2446273.05809 16.30172
2446274.05814 11.83900
2446275.05818 5.35031
2446461.06667 -28.20643
2446462.06672 -26.15448
2446463.06676 -28.43755
2446464.06681 -21.77997
2446465.06685 -18.56560
2446466.06690 -14.31023
2446467.06694 -8.45991
2446468.06699 -1.73548
2446469.06703 4.42292
2446470.06708 12.26253
2446471.06713 15.06497
2446472.06717 22.70925
2446473.06722 24.13387
2446474.06726 24.55968
2446475.06731 30.53398
2446476.06735 32.38624
2446477.06740 33.07070
2446478.06745 28.25038
2446479.06749 30.76942
2446480.06754 22.25195
2446481.06758 21.18892
2446482.06763 15.26399
2446483.06767 13.89450
2446484.06772 6.63514
2446485.06776 1.60985
2446486.06781 -4.41011
2446487.06786 -12.31245
2446488.06790 -17.55591
2446489.06795 -21.97224
2446490.06799 -28.65289
2446491.06804 -29.47275
2446492.06808 -33.33667
2446493.06813 -35.12205
2446494.06818 -32.04754
2446495.06822 -36.11408
2446496.06827 -32.59754
2446497.06831 -35.10691
2446498.06836 -30.15909
2446499.06840 -31.15784
2446500.06845 -21.06320
2446501.06850 -15.74934
2446502.06854 -7.99889
2446503.06859 -2.61829
2446504.06863 3.43523
2446505.06868 9.63345
2446506.06872 13.94152
2446507.06877 14.49378
2446508.06881 19.78326
2446509.06886 26.62193
2446510.06891 28.39470
2446511.06895 29.15588
2446512.06900 34.28456
2446513.06904 31.38671
2446514.06909 33.17926
2446515.06913 21.09865
2446516.06918 19.19009
2446517.06923 16.39180
2446518.06927 12.05113
2446519.06932 6.65733
2446520.06936 0.53278
2446521.06941 -5.30238
2446522.06945 -10.20896
2446523.06950 -15.00319
2446524.06954 -27.16019
2446525.06959 -26.08267
2446526.06964 -33.00163
2446527.06968 -37.18830
2446528.06973 -31.07156
2446529.06977 -40.17324
2446530.06982 -31.86410
2446531.06986 -32.40119
2446532.06991 -34.35846
2446533.06996 -26.71954
2446534.07000 -26.01430
2446535.07005 -16.88002
2446536.07009 -14.57383
2446537.07014 -10.16276
2446538.07018 -3.10857
2446539.07023 2.11855
2446540.07027 8.52078
2446541.07032 13.51851
2446542.07037 20.34581
2446543.07041 21.50833
2446544.07046 29.83082
2446545.07050 28.41804
2446546.07055 28.62624
2446547.07059 28.99247
2446548.07064 29.25117
2446549.07069 24.90048
2446550.07073 25.90185
2446551.07078 18.26410
2446552.07082 13.68305
2446553.07087 12.57742
2446554.07091 6.25221
2446555.07096 -0.18884
2446556.07100 -5.61512
2446557.07105 -11.68391
2446558.07110 -19.14572
2446559.07114 -24.21861
2446560.07119 -21.89846
2446561.07123 -33.92591
2446562.07128 -26.96253
2446563.07132 -34.81499
2446564.07137 -39.37523
2446565.07142 -38.54389
2446566.07146 -34.32650
2446567.07151 -34.57582
2446568.07155 -33.64179
2446569.07160 -27.81274
2446570.07164 -22.35734
2446571.07169 -12.29170
2446572.07173 -9.70543
2446573.07178 -3.46115
2446574.07183 1.34258
2446575.07187 7.86023
2446576.07192 11.77455
2446577.07196 18.69491
2446578.07201 24.24780
2446579.07205 30.02506
2446580.07210 29.75683
2446581.07215 29.15567
2446582.07219 28.95691
2446583.07224 29.54236
2446584.07228 27.87464
2446585.07233 27.40445
2446586.07237 19.89664
2446587.07242 16.52703
2446588.07247 11.19281
2446589.07251 4.90284
2446590.07256 -1.08103
2446591.07260 -6.68941
2446592.07265 -11.98219
2446593.07269 -19.77265
2446594.07274 -23.09643
2446595.07278 -28.03856
2446596.07283 -29.21050
2446597.07288 -38.70928
2446598.07292 -40.13645
2446599.07297 -36.25522
2446600.07301 -38.13271
2446601.07306 -37.53437
2446602.07310 -35.01454
2446603.07315 -31.53436
2446604.07320 -23.79219
2446605.07324 -24.50844
2446606.07329 -19.37856
2446607.07333 -12.71618
2446608.07338 -4.73669
2446609.07342 0.52316
2446610.07347 6.73106
2446611.07351 10.77348
2446612.07356 17.17838
2446613.07361 23.45214
2446614.07365 22.74174
2446615.07370 30.58618
2446616.07374 25.89129
2446617.07379 32.09306
2446618.07383 25.95515
2446619.07388 22.66086
2446620.07393 21.42428
2446621.07397 16.15738
2446622.07402 16.81402
2446623.07406 10.75957
2446624.07411 4.21501
2446625.07415 -1.90476
2446626.07420 -8.64179
2446627.07424 -13.73538
2446628.07429 -19.03730
2446629.07434 -21.37670
2446630.07438 -26.25696
2446631.07443 -32.24873
2446632.07447 -31.08219
2446633.07452 -43.54713
2446634.07456 -38.98298
2446635.07461 -39.13067
2446636.07466 -39.82287
2446637.07470 -42.02141
2446638.07475 -35.16109
2446639.07479 -22.89087
2446640.07484 -23.44851
2446827.08337 21.97742
2446828.08342 24.01868
2446829.08346 19.58183
2446830.08351 21.54646
2446831.08355 17.43069
2446832.08360 10.04315
2446833.08365 4.60146
2446834.08369 -0.47684
2446835.08374 -6.24380
2446836.08378 -12.45753
2446837.08383 -18.22807
2446838.08387 -28.62974
2446839.08392 -27.89427
2446840.08396 -34.69982
2446841.08401 -42.59404
2446842.08406 -37.73698
2446843.08410 -41.42492
2446844.08415 -41.55566
2446845.08419 -46.71416
2446846.08424 -39.00471
2446847.08428 -40.27424
2446848.08433 -40.79954
2446849.08438 -32.08199
2446850.08442 -30.92912
2446851.08447 -22.81691
2446852.08451 -15.63799
2446853.08456 -10.15427
2446854.08460 -5.60524
2446855.08465 0.99155
2446856.08469 5.27102
2446857.08474 10.85138
2446858.08479 17.28597
2446859.08483 20.24014
2446860.08488 18.72489
2446861.08492 22.94674
2446862.08497 21.37919
2446863.08501 23.58377
2446864.08506 17.51242
2446865.08511 20.55691
2446866.08515 12.10794
2446867.08520 10.94476
2446868.08524 4.92756
2446869.08529 -1.06037
2446870.08533 -7.11264
2446871.08538 -12.02041
2446872.08542 -17.19482
2446873.08547 -24.75098
2446874.08552 -27.87064
2446875.08556 -34.65219
2446876.08561 -37.65903
2446877.08565 -38.76310
2446878.08570 -46.69769
2446879.08574 -42.36125
2446880.08579 -41.85866
2446881.08584 -40.33199
2446882.08588 -38.91124
2446883.08593 -30.64992
2446884.08597 -31.36311
2446885.08602 -29.08710
2446886.08606 -19.29847
2446887.08611 -18.48201
2446888.08615 -11.35253
2446889.08620 -6.21374
2446890.08625 0.25984
2446891.08629 5.95405
2446892.08634 11.23652
2446893.08638 14.37013
2446894.08643 19.20939
2446895.08647 23.60441
2446896.08652 23.02701
2446897.08657 21.39940
2446898.08661 22.89571
2446899.08666 22.99254
2446900.08670 15.07674
2446901.08675 14.65941
2446902.08679 8.19773
2446903.08684 3.82355
2446904.08689 -1.68673
2446905.08693 -7.42430
2446906.08698 -16.27832
2446907.08702 -21.04498
2446908.08707 -22.69613
2446909.08711 -33.58030
2446910.08716 -38.93195
2446911.08720 -37.56724
2446912.08725 -38.23854
2446913.08730 -47.36015
2446914.08734 -45.44207
2446915.08739 -44.13268
2446916.08743 -42.59672
2446917.08748 -44.00641
2446918.08752 -41.29525
2446919.08757 -26.32989
2446920.08762 -27.52413
2446921.08766 -23.17218
2446922.08771 -18.12904
2446923.08775 -11.40138
2446924.08780 -5.88223
2446925.08784 -0.47244
2446926.08789 5.07584
2446927.08793 9.53635
2446928.08798 13.21971
2446929.08803 15.11880
2446930.08807 22.35467
2446931.08812 24.79725
2446932.08816 20.90810
2446933.08821 25.59409
2446934.08825 17.93626
2446935.08830 15.52515
2446936.08835 10.12134
2446937.08839 9.45579
2446938.08844 3.38850
2446939.08848 -2.42548
2446940.08853 -7.29496
2446941.08857 -14.09473
2446942.08862 -21.24613
2446943.08866 -26.19700
2446944.08871 -33.99003
2446945.08876 -29.35857
2446946.08880 -43.85593
2446947.08885 -47.99383
2446948.08889 -43.61953
2446949.08894 -42.76152
2446950.08898 -44.71012
2446951.08903 -47.92157
2446952.08908 -47.87735
2446953.08912 -40.66584
2446954.08917 -35.18474
2446955.08921 -34.59171
2446956.08926 -25.40896
2446957.08930 -19.98155
2446958.08935 -12.68199
2446959.08939 -8.13339
2446960.08944 -1.12337
2446961.08949 3.71366
2446962.08953 9.44570
2446963.08958 13.49917
2446964.08962 20.73355
2446965.08967 19.98704
2446966.08971 23.44737
2446967.08976 22.59135
2446968.08981 20.18566
2446969.08985 19.38547
2446970.08990 15.23060
2446971.08994 15.05412
2446972.08999 7.38334
2446973.09003 2.45693
2446974.09008 -3.40116
2446975.09013 -9.58924
2446976.09017 -13.88274
2446977.09022 -22.16635
2446978.09026 -25.83946
2446979.09031 -33.58937
2446980.09035 -34.21105
2446981.09040 -47.22807
2446982.09044 -39.73074
2446983.09049 -54.67416
2446984.09054 -38.00268
2446985.09058 -51.01574
2446986.09063 -42.63845
2446987.09067 -41.26304
2446988.09072 -43.68761
2446989.09076 -35.36816
2446990.09081 -35.37547
2446991.09086 -21.51680
2446992.09090 -16.58277
2446993.09095 -15.13053
2446994.09099 -7.53472
2446995.09104 -1.39737
2446996.09108 3.42717
2446997.09113 8.77890
2446998.09117 14.63119
2446999.09122 17.63734
2447000.09127 17.77267
2447001.09131 20.01019
2447002.09136 19.89585
2447003.09140 22.18649
2447004.09145 19.26535
2447005.09149 14.39037
2447006.09154 11.45728
2447192.10003 -49.14148
2447193.10007 -52.86327
2447194.10012 -53.88380
2447195.10016 -49.38630
2447196.10021 -45.02680
2447197.10026 -40.37440
2447198.10030 -39.31771
2447199.10035 -37.38150
2447200.10039 -30.73188
2447201.10044 -35.52566
2447202.10048 -20.37113
2447203.10053 -18.59284
2447204.10057 -8.95997
2447205.10062 -4.49244
2447206.10067 1.18071
2447207.10071 6.18255
2447208.10076 8.99399
2447209.10080 12.03763
2447210.10085 16.03790
2447211.10089 18.64348
2447212.10094 17.42666
2447213.10099 18.58782
2447214.10103 17.65567
2447215.10108 13.60295
2447216.10112 9.39813
2447217.10117 3.60536
2447218.10121 -0.53302
2447219.10126 -6.99582
2447220.10131 -11.21097
2447221.10135 -17.89387
2447222.10140 -27.36892
2447223.10144 -33.20625
2447224.10149 -40.42719
2447225.10153 -44.07465
2447226.10158 -39.17095
2447227.10162 -45.33687
2447228.10167 -48.24884
2447229.10172 -59.40885
2447230.10176 -53.97251
2447231.10181 -46.84124
2447232.10185 -50.08703
2447233.10190 -37.68915
2447234.10194 -36.41067
2447235.10199 -32.60965
2447236.10204 -28.46466
2447237.10208 -19.31412
2447238.10213 -15.31339
2447239.10217 -13.60788
2447240.10222 -4.64037
2447241.10226 0.83730
2447242.10231 6.18418
2447243.10235 10.64215
2447244.10240 11.13908
2447245.10245 16.47657
2447246.10249 20.31216
2447247.10254 18.16219
2447248.10258 17.62300
2447249.10263 15.65324
2447250.10267 12.28158
2447251.10272 8.05667
2447252.10277 3.44374
2447253.10281 -0.75763
2447254.10286 -6.16727
2447255.10290 -14.66307
2447256.10295 -18.73218
2447257.10299 -21.58627
2447258.10304 -27.45314
2447259.10308 -37.81577
2447260.10313 -46.12164
2447261.10318 -50.80142
2447262.10322 -46.66660
2447263.10327 -52.16370
2447264.10331 -58.79530
2447265.10336 -52.48156
2447266.10340 -48.95178
2447267.10345 -40.08451
2447268.10350 -45.87101
2447269.10354 -42.60203
2447270.10359 -32.45171
2447271.10363 -30.88167
2447272.10368 -25.70839
2447273.10372 -19.96432
2447274.10377 -11.60839
2447275.10381 -4.95442
2447276.10386 0.47878
2447277.10391 5.16216
2447278.10395 10.34722
2447279.10400 11.72764
2447280.10404 16.67052
2447281.10409 19.14318
2447282.10413 18.21312
2447283.10418 18.15735
2447284.10423 15.40265
2447285.10427 11.08364
2447286.10432 7.31635
2447287.10436 3.65373
2447288.10441 -0.96383
2447289.10445 -7.50116
2447290.10450 -13.98532
2447291.10455 -15.49690
2447292.10459 -23.50572
2447293.10464 -27.73854
2447294.10468 -37.54003
2447295.10473 -47.40172
2447296.10477 -42.08154
2447297.10482 -45.02924
2447298.10486 -49.02901
2447299.10491 -58.76285
2447300.10496 -44.76086
2447301.10500 -45.90881
2447302.10505 -44.19298
2447303.10509 -44.89280
2447304.10514 -35.98196
2447305.10518 -38.02861
2447306.10523 -29.04550
2447307.10528 -23.46066
2447308.10532 -15.82356
2447309.10537 -9.93488
2447310.10541 -5.15110
2447311.10546 0.25577
2447312.10550 4.60282
2447313.10555 9.72553
2447314.10559 13.30997
2447315.10564 13.94772
2447316.10569 17.53841
2447317.10573 18.14886
2447318.10578 17.10234
2447319.10582 15.77204
2447320.10587 12.54108
2447321.10591 6.48766
2447322.10596 3.52019
2447323.10601 -1.03677
2447324.10605 -6.19644
2447325.10610 -12.51388
2447326.10614 -18.82623
2447327.10619 -24.42719
2447328.10623 -30.90421
2447329.10628 -41.90059
2447330.10632 -47.13713
2447331.10637 -48.77340
2447332.10642 -58.87001
2447333.10646 -50.04850
2447334.10651 -49.15238
2447335.10655 -50.42463
2447336.10660 -52.55671
2447337.10664 -56.09263
2447338.10669 -40.92767
2447339.10674 -38.48844
2447340.10678 -32.47863
2447341.10683 -28.94249
2447342.10687 -19.72971
2447343.10692 -17.00370
2447344.10696 -12.05649
2447345.10701 -4.57431
2447346.10705 0.05441
2447347.10710 5.56629
2447348.10715 9.13993
2447349.10719 12.50586
2447350.10724 15.96797
2447351.10728 17.08194
2447352.10733 13.07540
2447353.10737 16.39500
2447354.10742 14.51407
2447355.10747 12.65471
2447356.10751 7.78694
2447357.10756 3.58205
2447358.10760 -1.13829
2447359.10765 -8.23387
2447360.10769 -12.15576
2447361.10774 -13.81524
2447362.10778 -26.36266
2447363.10783 -33.62481
2447364.10788 -36.82763
2447365.10792 -39.79844
2447366.10797 -40.08128
2447367.10801 -47.52123
2447368.10806 -48.44480
2447369.10810 -41.68347
2447370.10815 -55.74044
2447371.10820 -41.84495
2447557.11668 5.53637
2447558.11673 9.77016
2447559.11677 11.88848
2447560.11682 11.49579
2447561.11687 17.52505
2447562.11691 17.17112
2447563.11696 18.18604
2447564.11700 15.47325
2447565.11705 10.03242
2447566.11709 8.14482
2447567.11714 4.08944
2447568.11719 -1.12071
2447569.11723 -7.22331
2447570.11728 -13.96210
2447571.11732 -20.47326
2447572.11737 -25.55263
2447573.11741 -22.91367
2447574.11746 -34.28273
2447575.11750 -41.27143
2447576.11755 -46.68894
2447577.11760 -49.23647
2447578.11764 -45.85842
2447579.11769 -44.81530
2447580.11773 -42.97516
2447581.11778 -49.66644
2447582.11782 -42.76939
2447583.11787 -44.96552
2447584.11792 -36.99236
2447585.11796 -35.53675
2447586.11801 -23.27276
2447587.11805 -21.00217
2447588.11810 -19.30596
2447589.11814 -13.73330
2447590.11819 -5.24317
2447591.11823 0.05224
2447592.11828 4.82727
2447593.11833 9.28855
2447594.11837 11.67204
2447595.11842 19.23539
2447596.11846 16.01762
2447597.11851 20.71613
2447598.11855 19.84058
2447599.11860 15.57832
2447600.11865 12.12257
2447601.11869 8.31921
2447602.11874 4.52825
2447603.11878 -1.02651
2447604.11883 -7.51011
2447605.11887 -11.71305
2447606.11892 -20.03461
2447607.11897 -27.04401
2447608.11901 -29.84272
2447609.11906 -35.63767
2447610.11910 -38.82988
2447611.11915 -41.09265
2447612.11919 -45.72441
2447613.11924 -51.81257
2447614.11928 -53.33196
2447615.11933 -43.96281
2447616.11938 -47.01157
2447617.11942 -38.87506
2447618.11947 -34.35459
2447619.11951 -42.16913
2447620.11956 -41.20977
2447621.11960 -34.71350
2447622.11965 -22.46419
2447623.11970 -12.78658
2447624.11974 -11.83772
2447625.11979 -5.75840
2447626.11983 0.25872
2447627.11988 5.66279
2447628.11992 10.56144
2447629.11997 15.07308
2447630.12001 15.79688
2447631.12006 15.76124
2447632.12011 18.70276
2447633.12015 18.90786
2447634.12020 15.78600
2447635.12024 11.42102
2447636.12029 8.15435
2447637.12033 4.45926
2447638.12038 -0.88740
2447639.12043 -6.27964
2447640.12047 -14.54832
2447641.12052 -17.00540
2447642.12056 -23.12933
2447643.12061 -26.66015
2447644.12065 -33.84038
2447645.12070 -37.16964
2447646.12074 -45.67119
2447647.12079 -55.16779
2447648.12084 -40.41842
2447649.12088 -43.74703
2447650.12093 -46.27993
2447651.12097 -48.22192
2447652.12102 -45.33047
2447653.12106 -47.83672
2447654.12111 -29.31148
2447655.12116 -27.60327
2447656.12120 -26.02386
2447657.12125 -21.39928
2447658.12129 -15.56945
2447659.12134 -11.05478
2447660.12138 -4.63215
2447661.12143 0.46869
2447662.12147 5.76952
2447663.12152 10.09735
2447664.12157 12.85529
2447665.12161 14.90051
2447666.12166 20.75596
2447667.12170 20.50807
2447668.12175 20.09450
2447669.12179 14.90568
2447670.12184 12.98702
2447671.12189 9.16222
2447672.12193 4.77227
2447673.12198 -0.61757
2447674.12202 -5.75217
2447675.12207 -11.72225
2447676.12211 -19.67724
2447677.12216 -19.75118
2447678.12220 -30.32960
2447679.12225 -37.51467
2447680.12230 -41.89210
2447681.12234 -48.02249
2447682.12239 -49.28779
2447683.12243 -46.76078
2447684.12248 -47.43492
2447685.12252 -37.47702
2447686.12257 -48.98335
2447687.12262 -52.26373
2447688.12266 -43.25559
2447689.12271 -28.90684
2447690.12275 -32.27571
2447691.12280 -30.08177
2447692.12284 -23.18655
2447693.12289 -16.66510
2447694.12294 -9.60710
2447695.12298 -4.67384
2447696.12303 0.74421
2447697.12307 6.75955
2447698.12312 11.33924
2447699.12316 11.40473
2447700.12321 16.60154
2447701.12325 17.46570
2447702.12330 18.06616
2447703.12335 15.36580
2447704.12339 15.10220
2447705.12344 13.05834
2447706.12348 8.62383
2447707.12353 5.78965
2447708.12357 -0.26142
2447709.12362 -5.18940
2447710.12367 -10.69972
2447711.12371 -17.72685
2447712.12376 -22.76895
2447713.12380 -32.30703
2447714.12385 -31.81390
2447715.12389 -39.38684
2447716.12394 -46.17730
2447717.12398 -46.04266
2447718.12403 -47.32800
2447719.12408 -46.94395
2447720.12412 -58.17795
2447721.12417 -36.96830
2447722.12421 -41.11008
2447723.12426 -43.39083
2447724.12430 -35.33741
2447725.12435 -33.91362
2447726.12440 -29.35739
2447727.12444 -22.31937
2447728.12449 -14.41208
2447729.12453 -10.37290
2447730.12458 -5.21141
2447731.12462 1.05201
2447732.12467 5.38065
2447733.12471 12.63908
2447734.12476 15.10679
2447735.12481 17.56458
2447736.12485 19.86637
2447922.13334 -19.38993
2447923.13339 -27.55392
2447924.13343 -33.09673
2447925.13348 -38.97775
2447926.13352 -38.33397
2447927.13357 -40.31322
2447928.13361 -43.74207
2447929.13366 -44.45961
2447930.13370 -51.93426
2447931.13375 -42.35843
2447932.13380 -47.74943
2447933.13384 -39.21462
2447934.13389 -39.17534
2447935.13393 -27.31771
2447936.13398 -23.54286
2447937.13402 -21.35829
2447938.13407 -16.11569
2447939.13412 -7.06193
2447940.13416 -1.80834
2447941.13421 3.82513
2447942.13425 8.61133
2447943.13430 13.56942
2447944.13434 15.11799
2447945.13439 18.54007
2447946.13443 22.01648
2447947.13448 21.85285
2447948.13453 19.64266
2447949.13457 19.19791
2447950.13462 18.18374
2447951.13466 11.14006
2447952.13471 9.13967
2447953.13475 3.19237
2447954.13480 -3.09666
2447955.13485 -8.52501
2447956.13489 -13.43455
2447957.13494 -21.22964
2447958.13498 -27.92027
2447959.13503 -32.70752
2447960.13507 -42.53122
2447961.13512 -45.83353
2447962.13516 -45.76214
2447963.13521 -44.88671
2447964.13526 -48.71405
2447965.13530 -40.76319
2447966.13535 -46.50723
2447967.13539 -44.22346
2447968.13544 -34.42998
2447969.13548 -33.94430
2447970.13553 -30.36173
2447971.13558 -24.58655
2447972.13562 -19.45029
2447973.13567 -14.67824
2447974.13571 -8.26963
2447975.13576 -1.15822
2447976.13580 4.51630
2447977.13585 9.32839
2447978.13589 12.20078
2447979.13594 13.53717
2447980.13599 19.49715
2447981.13603 26.05414
2447982.13608 21.90711
2447983.13612 19.17618
2447984.13617 23.60540
2447985.13621 16.31257
2447986.13626 12.28125
2447987.13631 9.37933
2447988.13635 3.61650
2447989.13640 -1.93069
2447990.13644 -8.93623
2447991.13649 -15.42699
2447992.13653 -23.95766
2447993.13658 -28.58288
2447994.13662 -34.41943
2447995.13667 -34.27436
2447996.13672 -46.28929
2447997.13676 -42.43095
2447998.13681 -34.68044
2447999.13685 -44.12378
2448000.13690 -47.19902
2448001.13694 -47.82068
2448002.13699 -36.52886
2448003.13704 -39.25871
2448004.13708 -40.83009
2448005.13713 -25.83075
2448006.13717 -25.53443
2448007.13722 -20.01188
2448008.13726 -12.72022
2448009.13731 -6.23130
2448010.13736 -0.67278
2448011.13740 5.06806
2448012.13745 10.14257
2448013.13749 13.29770
2448014.13754 16.52425
2448015.13758 21.99635
2448016.13763 21.56344
2448017.13767 22.98555
2448018.13772 18.72695
2448019.13777 17.15449
2448020.13781 18.23822
2448021.13786 16.54156
2448022.13790 9.85331
2448023.13795 4.61115
2448024.13799 -1.20709
2448025.13804 -7.52385
2448026.13809 -15.31174
2448027.13813 -20.49506
2448028.13818 -26.76904
2448029.13822 -26.87250
2448030.13827 -32.49832
2448031.13831 -42.22303
2448032.13836 -39.00186
2448033.13840 -41.37394
2448034.13845 -43.27536
2448035.13850 -43.37987
2448036.13854 -44.09220
2448037.13859 -39.29454
2448038.13863 -32.19408
2448039.13868 -32.58276
2448040.13872 -26.75590
2448041.13877 -23.51812
2448042.13882 -18.43795
2448043.13886 -11.22371
2448044.13891 -6.43709
2448045.13895 0.08050
2448046.13900 3.70941
2448047.13904 10.85998
2448048.13909 13.65275
2448049.13913 18.92921
2448050.13918 21.28907
2448051.13923 20.63722
2448052.13927 20.41773
2448053.13932 23.45072
2448054.13936 17.47724
2448055.13941 21.28795
2448056.13945 15.27021
2448057.13950 8.61694
2448058.13955 5.53379
2448059.13959 -0.51411
2448060.13964 -6.00619
2448061.13968 -12.57040
2448062.13973 -20.71567
2448063.13977 -25.95642
2448064.13982 -31.21793
2448065.13986 -35.00859
2448066.13991 -34.20269
2448067.13996 -39.99535
2448068.14000 -41.68825
2448069.14005 -46.69838
2448070.14009 -48.25844
2448071.14014 -41.16788
2448072.14018 -48.68547
2448073.14023 -37.35227
2448074.14028 -31.77178
2448075.14032 -26.42748
2448076.14037 -24.39171
2448077.14041 -17.09797
2448078.14046 -12.78231
2448079.14050 -5.10179
2448080.14055 0.76671
2448081.14060 6.25617
2448082.14064 12.42556
2448083.14069 15.27398
2448084.14073 19.97623
2448085.14078 21.01342
2448086.14082 24.38432
2448087.14087 22.89506
2448088.14091 26.21731
2448089.14096 21.05331
2448090.14101 17.70140
2448091.14105 14.41319
2448092.14110 10.68966
2448093.14114 5.61745
2448094.14119 0.19978
2448095.14123 -4.86685
2448096.14128 -13.24503
2448097.14133 -17.89335
2448098.14137 -22.98986
2448099.14142 -27.03510
2448100.14146 -31.28751
2448101.14151 -35.72228
2448288.15004 -7.10640
2448289.15009 -0.51560
2448290.15013 4.52943
2448291.15018 10.69842
2448292.15022 15.39536
2448293.15027 19.54049
2448294.15031 25.15098
2448295.15036 25.41418
2448296.15041 32.04286
2448297.15045 28.87183
2448298.15050 29.01185
2448299.15054 28.06028
2448300.15059 19.86992
2448301.15063 17.68682
2448302.15068 18.39744
2448303.15073 10.88702
2448304.15077 4.98209
2448305.15082 -0.80481
2448306.15086 -6.20037
2448307.15091 -13.61975
2448308.15095 -17.79903
2448309.15100 -24.92583
2448310.15104 -30.55072
2448311.15109 -33.80450
2448312.15114 -42.16454
2448313.15118 -42.34947
2448314.15123 -40.46660
2448315.15127 -38.82959
2448316.15132 -33.27202
2448317.15136 -40.34045
2448318.15141 -28.66921
2448319.15146 -27.88835
2448320.15150 -22.16598
2448321.15155 -21.85092
2448322.15159 -11.87990
2448323.15164 -5.04915
2448324.15168 0.26524
2448325.15173 6.05969
2448326.15178 12.78488
2448327.15182 15.06849
2448328.15187 20.14595
2448329.15191 24.27162
2448330.15196 26.22194
2448331.15200 26.70993
2448332.15205 24.54434
2448333.15209 32.97373
2448334.15214 25.21879
2448335.15219 23.86630
2448336.15223 22.69574
2448337.15228 14.11659
2448338.15232 11.52209
2448339.15237 6.18315
2448340.15241 -0.04086
2448341.15246 -4.68606
2448342.15251 -11.28208
2448343.15255 -17.93688
2448344.15260 -24.14406
2448345.15264 -29.68254
2448346.15269 -30.43230
2448347.15273 -37.42965
2448348.15278 -34.13221
2448349.15282 -34.82044
2448350.15287 -38.33419
2448351.15292 -32.74935
2448352.15296 -31.17835
2448353.15301 -32.81081
2448354.15305 -27.58579
2448355.15310 -19.14808
2448356.15314 -18.87005
2448357.15319 -11.42121
2448358.15324 -4.99779
2448359.15328 1.14817
2448360.15333 6.01445
2448361.15337 11.50219
2448362.15342 17.16405
2448363.15346 24.61896
2448364.15351 26.26749
2448365.15355 27.93067
2448366.15360 32.37060
2448367.15365 30.17964
2448368.15369 27.11248
2448369.15374 30.83364
2448370.15378 21.93722
2448371.15383 17.81197
2448372.15387 15.99719
2448373.15392 10.20449
2448374.15397 6.90507
2448375.15401 0.84883
2448376.15406 -5.11149
2448377.15410 -13.00886
2448378.15415 -17.53038
2448379.15419 -23.97683
2448380.15424 -25.56589
2448381.15428 -28.22892
2448382.15433 -37.89569
2448383.15438 -36.37485
2448384.15442 -33.67258
2448385.15447 -34.84834
2448386.15451 -37.99553
2448387.15456 -27.34466
2448388.15460 -30.40446
2448389.15465 -26.04729
2448390.15470 -19.07012
2448391.15474 -13.15127
2448392.15479 -13.09597
2448393.15483 -4.11988
2448394.15488 2.13260
2448395.15492 8.15200
2448396.15497 13.81404
2448397.15502 19.32188
2448398.15506 23.36917
2448399.15511 25.09295
2448400.15515 33.63388
2448401.15520 30.46997
2448402.15524 32.97220
2448403.15529 36.76509
2448404.15533 29.77872
2448405.15538 25.18668
2448406.15543 24.58320
2448407.15547 16.45098
2448408.15552 15.81719
2448409.15556 7.17096
2448410.15561 1.84620
2448411.15565 -3.94745
2448412.15570 -9.78997
2448413.15575 -16.17778
2448414.15579 -19.89009
2448415.15584 -28.59294
2448416.15588 -25.25157
2448417.15593 -40.27956
2448418.15597 -31.07445
2448419.15602 -34.15364
2448420.15606 -42.37574
2448421.15611 -35.45104
2448422.15616 -31.84291
2448423.15620 -29.99444
2448424.15625 -25.59959
2448425.15629 -23.05443
2448426.15634 -16.26381
2448427.15638 -8.73624
2448428.15643 -3.73919
2448429.15648 2.66516
2448430.15652 9.49890
2448431.15657 14.53898
2448432.15661 17.75802
2448433.15666 25.65552
2448434.15670 31.93870
2448435.15675 33.75895
2448436.15679 29.10520
2448437.15684 37.75977
2448438.15689 35.47461
2448439.15693 34.50472
2448440.15698 26.06385
2448441.15702 23.77760
2448442.15707 20.15392
2448443.15711 12.86380
2448444.15716 7.69188
2448445.15721 2.49484
2448446.15725 -2.92203
2448447.15730 -9.33008
2448448.15734 -15.98328
2448449.15739 -20.62033
2448450.15743 -27.61257
2448451.15748 -36.75364
2448452.15752 -26.31280
2448453.15757 -34.00550
2448454.15762 -40.82422
2448455.15766 -38.63270
2448456.15771 -31.04420
2448457.15775 -32.46928
2448458.15780 -30.95481
2448459.15784 -22.93516
2448460.15789 -18.32692
2448461.15794 -12.59416
2448462.15798 -8.20721
2448463.15803 -2.42953
2448464.15807 3.55534
2448465.15812 10.37469
2448466.15816 16.90003
2448467.15821 18.87298
2448653.16670 19.29139
2448654.16674 16.46759
2448655.16679 7.37749
2448656.16683 1.94482
2448657.16688 -4.10354
2448658.16693 -8.71587
2448659.16697 -15.09892
2448660.16702 -22.16334
2448661.16706 -26.50876
2448662.16711 -31.25963
2448663.16715 -23.24547
2448664.16720 -31.68105
2448665.16724 -32.19160
2448666.16729 -25.77457
2448667.16734 -28.26584
2448668.16738 -22.14343
2448669.16743 -19.93995
2448670.16747 -15.19308
2448671.16752 -9.48166
2448672.16756 -4.00646
2448673.16761 2.54492
2448674.16766 9.88404
2448675.16770 17.48137
2448676.16775 20.54663
2448677.16779 26.98825
2448678.16784 37.92569
2448679.16788 37.63649
2448680.16793 40.94020
2448681.16797 37.49166
2448682.16802 42.83000
2448683.16807 37.69106
2448684.16811 40.97541
2448685.16816 34.28062
2448686.16820 30.60923
2448687.16825 26.74453
2448688.16829 16.82343
2448689.16834 15.38713
2448690.16839 9.97421
2448691.16843 3.01844
2448692.16848 -3.60632
2448693.16852 -9.04187
2448694.16857 -11.64625
2448695.16861 -17.60460
2448696.16866 -23.10432
2448697.16870 -28.30358
2448698.16875 -32.47514
2448699.16880 -27.60397
2448700.16884 -30.00259
2448701.16889 -22.97551
2448702.16893 -26.57281
2448703.16898 -26.84717
2448704.16902 -19.06025
2448705.16907 -15.52961
2448706.16912 -8.72824
2448707.16916 -2.28922
2448708.16921 3.63063
2448709.16925 9.67181
2448710.16930 16.21567
2448711.16934 25.24569
2448712.16939 25.88153
2448713.16944 32.97657
2448714.16948 31.01497
2448715.16953 36.36657
2448716.16957 33.45484
2448717.16962 38.44354
2448718.16966 37.63342
2448719.16971 35.76052
2448720.16975 31.04217
2448721.16980 30.72010
2448722.16985 22.74810
2448723.16989 19.92210
2448724.16994 13.84779
2448725.16998 9.06066
2448726.17003 3.87088
2448727.17007 -2.75667
2448728.17012 -7.98471
2448729.17017 -10.07626
2448730.17021 -17.69475
2448731.17026 -22.59305
2448732.17030 -20.23536
2448733.17035 -28.12979
2448734.17039 -24.42671
2448735.17044 -28.50555
2448736.17048 -28.74366
2448737.17053 -27.89074
2448738.17058 -20.22871
2448739.17062 -17.28892
2448740.17067 -11.65812
2448741.17071 -7.36136
2448742.17076 -1.63997
2448743.17080 4.59107
2448744.17085 10.33936
2448745.17090 14.83766
2448746.17094 20.22478
2448747.17099 24.54789
2448748.17103 34.92660
2448749.17108 31.01350
2448750.17112 42.90547
2448751.17117 42.37266
2448752.17121 46.68164
2448753.17126 38.41576
2448754.17131 37.83784
2448755.17135 34.14533
2448756.17140 35.85355
2448757.17144 26.50556
2448758.17149 21.51604
2448759.17153 14.68005
2448760.17158 10.99134
2448761.17163 5.63701
2448762.17167 -1.34712
2448763.17172 -7.88064
2448764.17176 -10.89316
2448765.17181 -18.75536
2448766.17185 -18.11811
2448767.17190 -23.04276
2448768.17194 -28.11726
2448769.17199 -26.94656
2448770.17204 -29.15018
2448771.17208 -26.97018
2448772.17213 -20.71747
2448773.17217 -25.53106
2448774.17222 -16.72925
2448775.17226 -10.78594
2448776.17231 -7.19294
2448777.17236 -0.90857
2448778.17240 5.82896
2448779.17245 10.84224
2448780.17249 19.84306
2448781.17254 23.11820
2448782.17258 25.27626
2448783.17263 35.76647
2448784.17268 39.20430
2448785.17272 42.65185
2448786.17277 35.64615
2448787.17281 38.94086
2448788.17286 39.60185
2448789.17290 35.49325
2448790.17295 38.13194
2448791.17299 37.52350
2448792.17304 29.28526
2448793.17309 24.45498
2448794.17313 17.91837
2448795.17318 10.04537
2448796.17322 6.02367
2448797.17327 -0.56637
2448798.17331 -7.23028
2448799.17336 -11.93526
2448800.17341 -14.81563
2448801.17345 -17.98801
2448802.17350 -25.77228
2448803.17354 -24.50633
2448804.17359 -24.35885
2448805.17363 -27.09048
2448806.17368 -24.00632
2448807.17372 -22.84700
2448808.17377 -21.23879
2448809.17382 -16.56874
2448810.17386 -10.51227
2448811.17391 -5.97737
2448812.17395 0.00163
2448813.17400 6.70054
2448814.17404 13.23882
2448815.17409 17.96010
2448816.17414 22.89678
2448817.17418 26.35009
2448818.17423 32.29686
2448819.17427 28.74777
2448820.17432 35.39222
2448821.17436 33.72485
2448822.17441 49.94970
2448823.17445 39.80275
2448824.17450 28.31382
2448825.17455 41.93504
2448826.17459 32.09799
2448827.17464 32.62371
2448828.17468 22.69697
2448829.17473 16.55540
2448830.17477 12.97240
2448831.17482 6.53905
2448832.17487 0.15828
2449018.18335 -15.61449
2449019.18340 -12.34735
2449020.18344 -6.96141
2449021.18349 -1.43031
2449022.18354 3.80366
2449023.18358 10.21110
2449024.18363 17.14556
2449025.18367 22.05579
2449026.18372 27.40993
2449027.18376 33.51624
2449028.18381 30.03837
2449029.18386 41.18018
2449030.18390 39.91825
2449031.18395 40.74373
2449032.18399 41.82247
2449033.18404 40.69347
2449034.18408 45.70253
2449035.18413 39.69539
2449036.18417 35.58694
2449037.18422 28.28817
2449038.18427 32.44893
2449039.18431 21.37426
2449040.18436 13.27946
2449041.18440 10.07455
2449042.18445 5.65442
2449043.18449 -1.22528
2449044.18454 -6.37161
2449045.18459 -11.95758
2449046.18463 -12.01027
2449047.18468 -20.77674
2449048.18472 -18.49902
2449049.18477 -20.15224
2449050.18481 -19.44399
2449051.18486 -20.82154
2449052.18490 -17.60399
2449053.18495 -18.91534
2449054.18500 -9.21107
2449055.18504 -5.95144
2449056.18509 -0.80387
2449057.18513 4.43045
2449058.18518 14.12606
2449059.18522 15.26830
2449060.18527 26.67688
2449061.18532 29.09324
2449062.18536 35.20805
2449063.18541 40.07844
2449064.18545 44.52340
2449065.18550 44.67491
2449066.18554 49.08802
2449067.18559 36.91818
2449068.18563 38.43185
2449069.18568 48.26006
2449070.18573 37.55116
2449071.18577 35.07036
2449072.18582 38.51983
2449073.18586 31.60576
2449074.18591 24.85234
2449075.18595 16.57540
2449076.18600 11.48249
2449077.18605 5.30802
2449078.18609 -0.71972
2449079.18614 -5.33526
2449080.18618 -8.90016
2449081.18623 -17.39722
2449082.18627 -17.82928
2449083.18632 -21.32326
2449084.18636 -20.01797
2449085.18641 -22.03026
2449086.18646 -17.00805
2449087.18650 -16.43941
2449088.18655 -11.68995
2449089.18659 -11.68636
2449090.18664 -6.84105
2449091.18668 -0.34483
2449092.18673 6.29249
2449093.18678 11.17885
2449094.18682 16.69159
2449095.18687 22.73210
2449096.18691 34.78193
2449097.18696 28.26110
2449098.18700 39.34959
2449099.18705 45.36218
2449100.18710 44.23815
2449101.18714 43.77567
2449102.18719 37.31490
2449103.18723 47.96241
2449104.18728 46.53416
2449105.18732 44.35916
2449106.18737 34.70161
2449107.18741 34.59171
2449108.18746 30.16544
2449109.18751 23.36906
2449110.18755 15.14620
2449111.18760 12.73572
2449112.18764 5.98444
2449113.18769 -0.05678
2449114.18773 -4.45112
2449115.18778 -11.28042
2449116.18783 -15.22289
2449117.18787 -21.18412
2449118.18792 -20.26987
2449119.18796 -21.23187
2449120.18801 -19.00549
2449121.18805 -20.95984
2449122.18810 -14.11008
2449123.18814 -11.00881
2449124.18819 -11.01000
2449125.18824 -5.15087
2449126.18828 0.16335
2449127.18833 5.16079
2449128.18837 12.26999
2449129.18842 18.39802
2449130.18846 27.23761
2449131.18851 29.16903
2449132.18856 33.71937
2449133.18860 40.27411
2449134.18865 45.26433
2449135.18869 52.01493
2449136.18874 52.29803
2449137.18878 51.82764
2449138.18883 52.63294
2449139.18887 45.36679
2449140.18892 45.34082
2449141.18897 36.15608
2449142.18901 35.21097
2449143.18906 27.66126
2449144.18910 23.02460
2449145.18915 18.15633
2449146.18919 11.61048
2449147.18924 5.77120
2449148.18929 0.50046
2449149.18933 -4.31890
2449150.18938 -9.42618
2449151.18942 -14.10030
2449152.18947 -17.59207
2449153.18951 -18.85343
2449154.18956 -18.02745
2449155.18960 -17.93013
2449156.18965 -19.05407
2449157.18970 -21.46153
2449158.18974 -13.72187
2449159.18979 -7.62575
2449160.18983 -5.15885
2449161.18988 0.72824
2449162.18992 6.12212
2449163.18997 13.02406
2449164.19002 19.53528
2449165.19006 21.07403
2449166.19011 31.19829
2449167.19015 42.53486
2449168.19020 41.18202
2449169.19024 44.37511
2449170.19029 41.78198
2449171.19033 47.55261
2449172.19038 48.61986
2449173.19043 44.08168
2449174.19047 49.91369
2449175.19052 41.87359
2449176.19056 40.90291
2449177.19061 38.00821
2449178.19065 34.17486
2449179.19070 26.59108
2449180.19075 21.25750
2449181.19079 11.76292
2449182.19084 6.41311
2449183.19088 1.03813
2449184.19093 -4.46414
2449185.19097 -8.83598
2449186.19102 -13.90325
2449187.19107 -15.57810
2449188.19111 -17.09373
2449189.19116 -21.09038
2449190.19120 -19.80601
2449191.19125 -16.34578
2449192.19129 -16.54414
2449193.19134 -14.42438
2449194.19138 -9.12416
2449195.19143 -5.44478
2449196.19148 1.17777
2449197.19152 8.44594
2449383.20001 56.00230
2449384.20005 52.36703
2449385.20010 51.75589
2449386.20015 42.69623
2449387.20019 39.25225
2449388.20024 33.65849
2449389.20028 32.33992
2449390.20033 26.02663
2449391.20037 17.74143
2449392.20042 7.50872
2449393.20047 2.96376
2449394.20051 -2.19301
2449395.20056 -7.19184
2449396.20060 -10.65426
2449397.20065 -14.75397
2449398.20069 -13.38865
2449399.20074 -20.95573
2449400.20078 -18.95147
2449401.20083 -17.70146
2449402.20088 -13.10321
2449403.20092 -11.77107
2449404.20097 -6.40880
2449405.20101 -2.40608
2449406.20106 2.99058
2449407.20110 7.85847
2449408.20115 13.07269
2449409.20120 20.45227
2449410.20124 27.56414
2449411.20129 29.07824
2449412.20133 43.42885
2449413.20138 43.82506
2449414.20142 45.97300
2449415.20147 58.05027
2449416.20152 56.14836
2449417.20156 43.07293
2449418.20161 49.54305
2449419.20165 47.03477
2449420.20170 42.93529
2449421.20174 47.76812
2449422.20179 45.32430
2449423.20183 34.98443
2449424.20188 29.80752
2449425.20193 28.21826
2449426.20197 14.42235
2449427.20202 9.33698
2449428.20206 3.07726
2449429.20211 -1.68672
2449430.20215 -6.74213
2449431.20220 -10.42302
2449432.20225 -13.63272
2449433.20229 -18.02346
2449434.20234 -17.37526
2449435.20238 -17.05275
2449436.20243 -16.05706
2449437.20247 -15.15942
2449438.20252 -13.38808
2449439.20256 -7.54371
2449440.20261 -1.85200
2449441.20266 3.11815
2449442.20270 9.49041
2449443.20275 14.54117
2449444.20279 22.81919
2449445.20284 27.10185
2449446.20288 30.84564
2449447.20293 39.52105
2449448.20298 40.93334
2449449.20302 47.95856
2449450.20307 52.92593
2449451.20311 59.57673
2449452.20316 49.13393
2449453.20320 50.40877
2449454.20325 49.40409
2449455.20329 44.01527
2449456.20334 45.36542
2449457.20339 30.16597
2449458.20343 36.26784
2449459.20348 30.48898
2449460.20352 20.73161
2449461.20357 14.87357
2449462.20361 9.22148
2449463.20366 4.00390
2449464.20371 -2.12930
2449465.20375 -6.96858
2449466.20380 -12.87386
2449467.20384 -14.70257
2449468.20389 -17.97537
2449469.20393 -18.25988
2449470.20398 -16.28750
2449471.20402 -16.33998
2449472.20407 -13.87275
2449473.20412 -10.99781
2449474.20416 -6.16471
2449475.20421 -2.01336
2449476.20425 3.72788
2449477.20430 7.86114
2449478.20434 14.90990
2449479.20439 22.06658
2449480.20444 27.93990
2449481.20448 32.41075
2449482.20453 34.09132
2449483.20457 40.21262
2449484.20462 35.18998
2449485.20466 45.66864
2449486.20471 56.31089
2449487.20475 57.57895
2449488.20480 55.22184
2449489.20485 62.50564
2449490.20489 53.54852
2449491.20494 41.79804
2449492.20498 33.84966
2449493.20503 37.84295
2449494.20507 28.16137
2449495.20512 23.25590
2449496.20517 16.41973
2449497.20521 9.09108
2449498.20526 3.98275
2449499.20530 -1.69144
2449500.20535 -8.12025
2449501.20539 -12.29752
2449502.20544 -11.74804
2449503.20549 -15.06164
2449504.20553 -17.20433
2449505.20558 -16.89682
2449506.20562 -15.31459
2449507.20567 -14.72884
2449508.20571 -11.88389
2449509.20576 -7.15049
2449510.20580 -1.96882
2449511.20585 4.12181
2449512.20590 10.42516
2449513.20594 15.17845
2449514.20599 16.00527
2449515.20603 28.31773
2449516.20608 36.53100
2449517.20612 37.16041
2449518.20617 42.21031
2449519.20622 52.54376
2449520.20626 46.41279
2449521.20631 54.86581
2449522.20635 48.19792
2449523.20640 41.67892
2449524.20644 48.25500
2449525.20649 50.59736
2449526.20653 40.75910
2449527.20658 36.66867
2449528.20663 31.21254
2449529.20667 24.97403
2449530.20672 18.44630
2449531.20676 16.38212
2449532.20681 8.77970
2449533.20685 3.78454
2449534.20690 -1.77192
2449535.20695 -7.23208
2449536.20699 -11.12057
2449537.20704 -14.34916
2449538.20708 -15.79930
2449539.20713 -19.08039
2449540.20717 -14.92576
2449541.20722 -16.97254
2449542.20726 -12.96960
2449543.20731 -11.49217
2449544.20736 -6.15379
2449545.20740 -1.82358
2449546.20745 3.16531
2449547.20749 9.82132
2449548.20754 14.28355
2449549.20758 23.38015
2449550.20763 27.01992
2449551.20768 26.57670
2449552.20772 43.34508
2449553.20777 40.27084
2449554.20781 39.27619
2449555.20786 46.66063
2449556.20790 54.86437
2449557.20795 49.08815
2449558.20799 52.68488
2449559.20804 48.17209
2449560.20809 47.26485
2449561.20813 46.24282
2449562.20818 33.62491
2449749.21671 -20.48203
2449750.21676 -19.15022
2449751.21680 -14.32481
2449752.21685 -12.07530
2449753.21689 -12.37827
2449754.21694 -7.77753
2449755.21698 -2.90747
2449756.21703 2.19859
2449757.21708 8.39409
2449758.21712 13.78130
2449759.21717 20.94738
2449760.21721 26.52915
2449761.21726 36.95288
2449762.21730 38.00305
2449763.21735 37.45326
2449764.21740 43.42447
2449765.21744 52.90445
2449766.21749 52.79666
2449767.21753 49.96374
2449768.21758 52.23129
2449769.21762 51.18360
2449770.21767 45.40714
2449771.21771 40.59459
2449772.21776 36.84380
2449773.21781 33.22994
2449774.21785 27.10303
2449775.21790 20.10047
2449776.21794 16.91485
2449777.21799 7.99444
2449778.21803 3.03738
2449779.21808 -2.81511
2449780.21813 -7.10750
2449781.21817 -13.22901
2449782.21822 -14.82827
2449783.21826 -18.65265
2449784.21831 -20.57119
2449785.21835 -15.64828
2449786.21840 -16.21844
2449787.21844 -13.80325
2449788.21849 -10.89608
2449789.21854 -7.80561
2449790.21858 -3.00955
2449791.21863 2.36960
2449792.21867 8.71281
2449793.21872 13.32142
2449794.21876 19.87438
2449795.21881 30.51832
2449796.21886 32.29781
2449797.21890 36.22914
2449798.21895 45.01165
2449799.21899 45.33305
2449800.21904 44.06595
2449801.21908 54.99798
2449802.21913 46.51795
2449803.21917 48.28999
2449804.21922 52.35717
2449805.21927 43.11027
2449806.21931 48.92892
2449807.21936 46.73220
2449808.21940 34.97428
2449809.21945 26.24026
2449810.21949 22.42640
2449811.21954 14.96788
2449812.21959 8.81637
2449813.21963 2.88265
2449814.21968 -3.07258
2449815.21972 -8.83314
2449816.21977 -12.18707
2449817.21981 -15.56453
2449818.21986 -17.78757
2449819.21991 -16.15300
2449820.21995 -20.16662
2449821.22000 -16.84079
2449822.22004 -14.81787
2449823.22009 -12.05078
2449824.22013 -8.91051
2449825.22018 -2.91567
2449826.22022 2.08334
2449827.22027 8.07700
2449828.22032 10.15564
2449829.22036 17.30082
2449830.22041 24.23027
2449831.22045 32.33485
2449832.22050 41.13647
2449833.22054 47.14739
2449834.22059 46.20562
2449835.22064 49.72900
2449836.22068 50.81599
2449837.22073 51.76587
2449838.22077 61.85678
2449839.22082 49.99423
2449840.22086 44.21745
2449841.22091 43.41211
2449842.22095 41.81249
2449843.22100 31.19282
2449844.22105 29.44403
2449845.22109 17.77953
2449846.22114 12.18068
2449847.22118 8.05181
2449848.22123 2.44883
2449849.22127 -3.45963
2449850.22132 -8.66782
2449851.22137 -12.51410
2449852.22141 -13.72814
2449853.22146 -17.31507
2449854.22150 -17.20457
2449855.22155 -18.30732
2449856.22159 -16.85966
2449857.22164 -16.71276
2449858.22168 -11.54884
2449859.22173 -8.97646
2449860.22178 -3.38746
2449861.22182 1.80740
2449862.22187 7.21079
2449863.22191 15.41089
2449864.22196 22.98199
2449865.22200 25.71361
2449866.22205 35.21317
2449867.22210 36.05398
2449868.22214 37.85771
2449869.22219 49.92947
2449870.22223 43.99545
2449871.22228 46.00656
2449872.22232 57.54919
2449873.22237 45.23050
2449874.22241 49.65815
2449875.22246 46.65559
2449876.22251 42.60373
2449877.22255 39.30604
2449878.22260 38.13169
2449879.22264 25.15669
2449880.22269 23.25425
2449881.22273 13.06019
2449882.22278 6.86753
2449883.22283 1.97988
2449884.22287 -3.44505
2449885.22292 -10.03959
2449886.22296 -13.09446
2449887.22301 -13.90810
2449888.22305 -20.59406
2449889.22310 -19.35941
2449890.22315 -21.59690
2449891.22319 -19.75213
2449892.22324 -17.59352
2449893.22328 -12.14071
2449894.22333 -9.18693
2449895.22337 -4.19478
2449896.22342 1.35026
2449897.22346 7.06168
2449898.22351 15.22715
2449899.22356 21.06589
2449900.22360 24.59668
2449901.22365 33.03224
2449902.22369 40.70855
2449903.22374 48.21038
2449904.22378 38.71477
2449905.22383 44.07201
2449906.22388 54.83398
2449907.22392 53.70418
2449908.22397 45.18221
2449909.22401 47.46886
2449910.22406 46.63680
2449911.22410 44.24800
2449912.22415 42.76546
2449913.22419 31.86090
2449914.22424 26.59819
2449915.22429 19.19050
2449916.22433 15.16663
2449917.22438 8.91296
2449918.22442 1.83883
2449919.22447 -3.92234
2449920.22451 -9.70742
2449921.22456 -11.83739
2449922.22461 -12.90330
2449923.22465 -19.35232
2449924.22470 -20.66435
2449925.22474 -17.24994
2449926.22479 -17.99525
2449927.22483 -14.84763
2449928.22488 -14.97361
2450114.23337 36.09675
2450115.23341 46.87403
2450116.23346 41.71020
2450117.23350 47.12901
2450118.23355 53.49610
2450119.23359 37.93203
2450120.23364 40.21226
2450121.23369 41.72362
2450122.23373 34.94128
2450123.23378 32.22280
2450124.23382 20.33037
2450125.23387 14.11525
2450126.23391 8.56540
2450127.23396 4.40027
2450128.23401 -1.83606
2450129.23405 -7.68100
2450130.23410 -11.98284
2450131.23414 -17.19855
2450132.23419 -18.41034
2450133.23423 -23.76407
2450134.23428 -19.87750
2450135.23433 -23.16103
2450136.23437 -18.81728
2450137.23442 -19.07820
2450138.23446 -18.57918
2450139.23451 -13.99804
2450140.23455 -7.56582
2450141.23460 -3.20349
2450142.23464 2.99163
2450143.23469 8.49749
2450144.23474 14.67241
2450145.23478 21.84562
2450146.23483 26.85438
2450147.23487 34.53076
2450148.23492 28.70684
2450149.23496 38.32690
2450150.23501 51.43807
2450151.23506 45.14594
2450152.23510 48.15939
2450153.23515 50.80328
2450154.23519 46.75874
2450155.23524 46.99966
2450156.23528 39.71892
2450157.23533 31.61418
2450158.23537 27.95228
2450159.23542 22.91495
2450160.23547 13.23133
2450161.23551 9.76098
2450162.23556 3.45679
2450163.23560 -2.94525
2450164.23565 -6.90322
2450165.23569 -11.94664
2450166.23574 -15.01437
2450167.23579 -20.61246
2450168.23583 -27.40751
2450169.23588 -23.97535
2450170.23592 -23.48584
2450171.23597 -22.91267
2450172.23601 -19.67398
2450173.23606 -21.82667
2450174.23610 -12.93292
2450175.23615 -9.75008
2450176.23620 -3.57539
2450177.23624 2.77844
2450178.23629 7.04810
2450179.23633 12.62832
2450180.23638 24.59496
2450181.23642 27.55976
2450182.23647 29.52062
2450183.23652 33.27690
2450184.23656 39.55711
2450185.23661 44.85118
2450186.23665 47.81799
2450187.23670 48.51978
2450188.23674 39.51379
2450189.23679 39.95017
2450190.23683 40.79178
2450191.23688 36.32769
2450192.23693 35.72072
2450193.23697 25.00027
2450194.23702 21.34725
2450195.23706 14.43408
2450196.23711 9.52975
2450197.23715 2.77235
2450198.23720 -2.94844
2450199.23725 -11.00377
2450200.23729 -12.19930
2450201.23734 -18.60403
2450202.23738 -23.58126
2450203.23743 -24.98143
2450204.23747 -23.88509
2450205.23752 -23.05870
2450206.23757 -24.71847
2450207.23761 -22.53286
2450208.23766 -18.77210
2450209.23770 -13.71811
2450210.23775 -8.84975
2450211.23779 -4.68606
2450212.23784 1.33986
2450213.23788 7.41879
2450214.23793 13.97698
2450215.23798 20.75626
2450216.23802 27.42019
2450217.23807 31.58817
2450218.23811 39.59251
2450219.23816 43.94717
2450220.23820 43.89861
2450221.23825 46.78964
2450222.23830 47.56767
2450223.23834 48.04781
2450224.23839 42.68044
2450225.23843 33.94050
2450226.23848 36.14727
2450227.23852 31.20114
2450228.23857 24.56407
2450229.23861 21.63266
2450230.23866 14.05035
2450231.23871 6.31229
2450232.23875 2.03111
2450233.23880 -3.68005
2450234.23884 -9.33691
2450235.23889 -12.79384
2450236.23893 -18.13036
2450237.23898 -21.44903
2450238.23903 -21.05749
2450239.23907 -20.23358
2450240.23912 -28.23240
2450241.23916 -26.83039
2450242.23921 -22.15418
2450243.23925 -20.88303
2450244.23930 -13.48439
2450245.23934 -9.95467
2450246.23939 -5.42267
2450247.23944 0.80796
2450248.23948 7.27463
2450249.23953 13.67677
2450250.23957 14.66578
2450251.23962 28.77590
2450252.23966 33.58819
2450253.23971 40.26271
2450254.23976 34.33533
2450255.23980 34.89089
2450256.23985 47.68316
2450257.23989 46.83928
2450258.23994 44.39785
2450259.23998 37.63474
2450260.24003 39.14185
2450261.24007 37.52036
2450262.24012 30.79679
2450263.24017 20.48735
2450264.24021 16.68614
2450265.24026 12.27317
2450266.24030 8.71686
2450267.24035 1.23913
2450268.24039 -4.31633
2450269.24044 -11.77091
2450270.24049 -12.43056
2450271.24053 -20.51641
2450272.24058 -19.84240
2450273.24062 -22.72638
2450274.24067 -27.75401
2450275.24071 -29.02990
2450276.24076 -26.00874
2450277.24080 -24.95348
2450278.24085 -16.31155
2450279.24090 -17.61010
2450280.24094 -12.49327
2450281.24099 -6.41138
2450282.24103 -0.03472
2450283.24108 6.46116
2450284.24112 12.32632
2450285.24117 19.85788
2450286.24122 21.26377
2450287.24126 28.70417
2450288.24131 39.91746
2450289.24135 33.06610
2450290.24140 41.41507
2450291.24144 45.08470
2450292.24149 44.89470
2450293.24154 39.47278
2450479.25002 -18.18671
2450480.25007 -17.19009
2450481.25011 -19.07779
2450482.25016 -32.68975
2450483.25021 -33.82288
2450484.25025 -26.71394
2450485.25030 -32.71616
2450486.25034 -33.10882
2450487.25039 -30.18027
2450488.25043 -22.93748
2450489.25048 -24.07894
2450490.25052 -17.26706
2450491.25057 -12.56058
2450492.25062 -5.55096
2450493.25066 0.83689
2450494.25071 7.68200
2450495.25075 12.82697
2450496.25080 19.52489
2450497.25084 22.75260
2450498.25089 26.20719
2450499.25094 33.12331
2450500.25098 35.20854
2450501.25103 39.54799
2450502.25107 38.67904
2450503.25112 45.67697
2450504.25116 37.36119
2450505.25121 38.22862
2450506.25125 27.38032
2450507.25130 25.62441
2450508.25135 17.16883
2450509.25139 12.71556
2450510.25144 6.74371
2450511.25148 1.41833
2450512.25153 -5.21839
2450513.25157 -12.76839
2450514.25162 -16.02697
2450515.25167 -25.24551
2450516.25171 -30.15495
2450517.25176 -25.03974
2450518.25180 -30.86445
2450519.25185 -37.08824
2450520.25189 -32.18832
2450521.25194 -31.81789
2450522.25199 -32.36214
2450523.25203 -24.93230
2450524.25208 -24.41636
2450525.25212 -14.92637
2450526.25217 -11.19756
2450527.25221 -6.76694
2450528.25226 -0.02500
2450529.25230 5.81286
2450530.25235 12.13263
2450531.25240 16.75844
2450532.25244 22.90548
2450533.25249 27.57253
2450534.25253 29.83410
2450535.25258 35.24266
2450536.25262 36.11356
2450537.25267 41.76114
2450538.25272 27.67841
2450539.25276 31.83570
2450540.25281 33.90889
2450541.25285 27.98205
2450542.25290 24.20794
2450543.25294 17.96922
2450544.25299 15.54544
2450545.25303 7.40228
2450546.25308 0.86320
2450547.25313 -5.75939
2450548.25317 -11.52807
2450549.25322 -19.39751
2450550.25326 -22.64996
2450551.25331 -27.18030
2450552.25335 -28.19966
2450553.25340 -34.41179
2450554.25345 -36.31203
2450555.25349 -36.00725
2450556.25354 -34.54842
2450557.25358 -28.04324
2450558.25363 -30.89262
2450559.25367 -21.33270
2450560.25372 -20.31140
2450561.25376 -11.68705
2450562.25381 -6.01253
2450563.25386 -1.12721
2450564.25390 5.55281
2450565.25395 11.33190
2450566.25399 17.52798
2450567.25404 19.03973
2450568.25408 24.39663
2450569.25413 35.54621
2450570.25418 34.40458
2450571.25422 35.19024
2450572.25427 42.31103
2450573.25431 40.38730
2450574.25436 32.64588
2450575.25440 38.30875
2450576.25445 31.14984
2450577.25449 24.63770
2450578.25454 16.90304
2450579.25459 13.33173
2450580.25463 6.07193
2450581.25468 -0.19108
2450582.25472 -5.94952
2450583.25477 -11.57958
2450584.25481 -16.79226
2450585.25486 -24.55918
2450586.25491 -23.57514
2450587.25495 -34.86831
2450588.25500 -41.62759
2450589.25504 -41.65999
2450590.25509 -36.95564
2450591.25513 -26.40228
2450592.25518 -31.22345
2450593.25522 -27.35980
2450594.25527 -22.91754
2450595.25532 -22.92965
2450596.25536 -13.37862
2450597.25541 -7.97416
2450598.25545 -1.92699
2450599.25550 4.50776
2450600.25554 10.67374
2450601.25559 16.86943
2450602.25564 18.94442
2450603.25568 26.82345
2450604.25573 33.27096
2450605.25577 31.64160
2450606.25582 37.59379
2450607.25586 39.01496
2450608.25591 35.11219
2450609.25596 34.56840
2450610.25600 30.19091
2450611.25605 28.42104
2450612.25609 22.91306
2450613.25614 15.01982
2450614.25618 10.35052
2450615.25623 5.88034
2450616.25627 -1.24360
2450617.25632 -7.76203
2450618.25637 -15.26124
2450619.25641 -15.48162
2450620.25646 -20.86571
2450621.25650 -26.65998
2450622.25655 -33.64084
2450623.25659 -32.46256
2450624.25664 -34.44430
2450625.25669 -37.18409
2450626.25673 -32.35960
2450627.25678 -33.14493
2450628.25682 -26.80192
2450629.25687 -22.56865
2450630.25691 -21.02753
2450631.25696 -15.84828
2450632.25700 -10.10791
2450633.25705 -2.74184
2450634.25710 3.67405
2450635.25714 10.39528
2450636.25719 14.96994
2450637.25723 19.70154
2450638.25728 22.58927
2450639.25732 29.72085
2450640.25737 34.69868
2450641.25742 26.67484
2450642.25746 31.18929
2450643.25751 35.65080
2450644.25755 34.70896
2450645.25760 26.79265
2450646.25764 27.82957
2450647.25769 24.16457
2450648.25773 17.49607
2450649.25778 10.51602
2450650.25783 4.11686
2450651.25787 -2.29631
2450652.25792 -9.07938
2450653.25796 -14.96957
2450654.25801 -18.10845
2450655.25805 -28.13995
2450656.25810 -25.44127
2450657.25815 -32.59540
2450658.25819 -30.56552
2450844.26668 -1.99384
2450845.26672 4.34555
2450846.26677 9.98666
2450847.26682 15.14014
2450848.26686 22.13121
2450849.26691 23.07777
2450850.26695 21.80806
2450851.26700 27.02011
2450852.26704 32.33690
2450853.26709 30.39121
2450854.26714 27.61339
2450855.26718 26.35188
2450856.26723 19.01567
2450857.26727 15.58762
2450858.26732 8.84341
2450859.26736 4.82991
2450860.26741 -1.17294
2450861.26745 -6.09432
2450862.26750 -11.78773
2450863.26755 -20.37276
2450864.26759 -25.06579
2450865.26764 -28.68714
2450866.26768 -37.68592
2450867.26773 -39.29797
2450868.26777 -36.70602
2450869.26782 -42.84434
2450870.26787 -46.21415
2450871.26791 -36.44427
2450872.26796 -41.45785
2450873.26800 -34.29043
2450874.26805 -31.66656
2450875.26809 -25.44239
2450876.26814 -23.09358
2450877.26818 -17.11380
2450878.26823 -7.84412
2450879.26828 -2.93310
2450880.26832 3.79835
2450881.26837 9.75806
2450882.26841 14.40988
2450883.26846 20.47297
2450884.26850 22.55875
2450885.26855 30.27415
2450886.26860 24.78623
2450887.26864 31.36547
2450888.26869 26.23367
2450889.26873 29.41639
2450890.26878 22.91555
2450891.26882 19.13108
2450892.26887 16.37153
2450893.26891 10.31489
2450894.26896 3.84825
2450895.26901 -1.66043
2450896.26905 -7.37189
2450897.26910 -14.49597
2450898.26914 -20.37313
2450899.26919 -26.82189
2450900.26923 -30.84358
2450901.26928 -34.08986
2450902.26933 -42.38205
2450903.26937 -38.50311
2450904.26942 -38.04833
2450905.26946 -38.76832
2450906.26951 -36.16368
2450907.26955 -41.63963
2450908.26960 -41.90295
2450909.26964 -37.78688
2450910.26969 -32.93789
2450911.26974 -27.91157
2450912.26978 -16.66738
2450913.26983 -8.68652
2450914.26987 -3.88036
2450915.26992 2.05276
2450916.26996 8.87345
2450917.27001 14.58820
2450918.27006 17.51799
2450919.27010 23.73834
2450920.27015 26.70314
2450921.27019 29.06030
2450922.27024 27.74826
2450923.27028 24.58164
2450924.27033 20.56022
2450925.27038 19.40485
2450926.27042 20.41812
2450927.27047 15.24413
2450928.27051 9.55800
2450929.27056 3.96160
2450930.27060 -2.26707
2450931.27065 -9.25710
2450932.27069 -13.99204
2450933.27074 -22.65028
2450934.27079 -30.45463
2450935.27083 -33.86559
2450936.27088 -31.34183
2450937.27092 -34.70833
2450938.27097 -38.85256
2450939.27101 -47.77252
2450940.27106 -41.13977
2450941.27111 -37.79718
2450942.27115 -39.96213
2450943.27120 -32.52624
2450944.27124 -32.44852
2450945.27129 -25.64889
2450946.27133 -21.68764
2450947.27138 -16.94567
2450948.27142 -9.69992
2450949.27147 -4.34274
2450950.27152 1.60638
2450951.27156 8.67358
2450952.27161 13.46440
2450953.27165 18.93841
2450954.27170 19.65533
2450955.27174 25.76702
2450956.27179 24.98342
2450957.27184 25.06414
2450958.27188 27.28520
2450959.27193 27.05778
2450960.27197 22.18637
2450961.27202 22.94623
2450962.27206 11.83384
2450963.27211 6.91076
2450964.27215 2.61049
2450965.27220 -3.63049
2450966.27225 -7.82666
2450967.27229 -14.89150
2450968.27234 -24.05346
2450969.27238 -28.22898
2450970.27243 -35.97512
2450971.27247 -36.68732
2450972.27252 -32.48632
2450973.27257 -44.50820
2450974.27261 -36.38766
2450975.27266 -44.01768
2450976.27270 -39.09592
2450977.27275 -43.62206
2450978.27279 -38.02415
2450979.27284 -35.29052
2450980.27288 -28.50511
2450981.27293 -24.25542
2450982.27298 -17.72531
2450983.27302 -8.06860
2450984.27307 -4.72658
2450985.27311 0.71185
2450986.27316 6.20675
2450987.27320 12.80201
2450988.27325 16.59935
2450989.27330 21.65664
2450990.27334 22.56850
2450991.27339 24.76951
2450992.27343 22.89965
2450993.27348 21.76703
2450994.27352 18.75402
2450995.27357 25.26881
2450996.27362 16.77520
2450997.27366 13.23928
2450998.27371 8.33779
2450999.27375 1.84696
2451000.27380 -4.35290
2451001.27384 -10.74946
2451002.27389 -17.42358
2451003.27393 -22.73729
2451004.27398 -30.84302
2451005.27403 -31.13933
2451006.27407 -39.45980
2451007.27412 -46.83443
2451008.27416 -41.36484
2451009.27421 -45.89964
2451010.27425 -46.79011
2451011.27430 -49.71505
2451012.27435 -40.51129
2451013.27439 -34.34198
2451014.27444 -32.28223
2451015.27448 -34.51974
2451016.27453 -23.17180
2451017.27457 -19.70969
2451018.27462 -12.05690
2451019.27466 -5.58842
2451020.27471 -0.01390
2451021.27476 5.62921
2451022.27480 10.77805
2451023.27485 14.14507
2451209.28333 -2.01519
2451210.28338 -7.37257
2451211.28343 -15.74198
2451212.28347 -23.47670
2451213.28352 -30.87627
2451214.28356 -27.64259
2451215.28361 -35.51630
2451216.28365 -46.41291
2451217.28370 -52.09206
2451218.28375 -48.55772
2451219.28379 -41.81247
2451220.28384 -46.36732
2451221.28388 -40.74475
2451222.28393 -44.57258
2451223.28397 -44.88474
2451224.28402 -42.61150
2451225.28406 -28.67250
2451226.28411 -28.87924
2451227.28416 -26.29146
2451228.28420 -16.79167
2451229.28425 -10.24369
2451230.28429 -3.62316
2451231.28434 1.77769
2451232.28438 6.65297
2451233.28443 12.33479
2451234.28448 16.47258
2451235.28452 15.80311
2451236.28457 20.23105
2451237.28461 16.35403
2451238.28466 24.88129
2451239.28470 21.09906
2451240.28475 20.47699
2451241.28480 13.75280
2451242.28484 8.52180
2451243.28489 3.38386
2451244.28493 -2.66037
2451245.28498 -7.63068
2451246.28502 -13.13477
2451247.28507 -23.56256
2451248.28511 -28.22989
2451249.28516 -43.48163
2451250.28521 -38.66756
2451251.28525 -37.37104
2451252.28530 -47.34978
2451253.28534 -45.81417
2451254.28539 -52.12034
2451255.28543 -53.85909
2451256.28548 -49.15408
2451257.28553 -53.76301
2451258.28557 -36.94912
2451259.28562 -41.00814
2451260.28566 -36.55691
2451261.28571 -25.87173
2451262.28575 -26.33942
2451263.28580 -18.68586
2451264.28584 -10.45666
2451265.28589 -5.16133
2451266.28594 1.09868
2451267.28598 7.15067
2451268.28603 13.08875
2451269.28607 16.13761
2451270.28612 18.20805
2451271.28616 20.84851
2451272.28621 23.61608
2451273.28626 16.64277
2451274.28630 21.45951
2451275.28635 14.16210
2451276.28639 10.99933
2451277.28644 8.08074
2451278.28648 2.82937
2451279.28653 -3.22712
2451280.28657 -8.80155
2451281.28662 -15.76440
2451282.28667 -21.67751
2451283.28671 -23.88011
2451284.28676 -34.00707
2451285.28680 -36.69919
2451286.28685 -37.78115
2451287.28689 -46.43040
2451288.28694 -44.63881
2451289.28699 -60.14559
2451290.28703 -47.62966
2451291.28708 -49.89421
2451292.28712 -39.30157
2451293.28717 -47.80208
2451294.28721 -39.05681
2451295.28726 -39.88316
2451296.28730 -28.03383
2451297.28735 -26.53127
2451298.28740 -19.79969
2451299.28744 -10.65593
2451300.28749 -4.25660
2451301.28753 0.79292
2451302.28758 6.39809
2451303.28762 11.26549
2451304.28767 16.10144
2451305.28772 16.88138
2451306.28776 20.82395
2451307.28781 18.07519
2451308.28785 18.48382
2451309.28790 18.43058
2451310.28794 14.23865
2451311.28799 11.02178
2451312.28804 7.50905
2451313.28808 2.35154
2451314.28813 -3.36085
2451315.28817 -9.06052
2451316.28822 -18.69003
2451317.28826 -21.72590
2451318.28831 -30.35483
2451319.28835 -37.58788
2451320.28840 -45.12409
2451321.28845 -48.28588
2451322.28849 -52.65047
2451323.28854 -46.91389
2451324.28858 -47.80461
2451325.28863 -37.91907
2451326.28867 -53.96126
2451327.28872 -42.36613
2451328.28877 -48.71649
2451329.28881 -37.73340
2451330.28886 -43.03487
2451331.28890 -34.37557
2451332.28895 -28.20823
2451333.28899 -20.27703
2451334.28904 -12.03568
2451335.28908 -6.23090
2451336.28913 0.30252
2451337.28918 5.70266
2451338.28922 10.06300
2451339.28927 14.30295
2451340.28931 16.09191
2451341.28936 19.96357
2451342.28940 20.08838
2451343.28945 19.18701
2451344.28950 16.02764
2451345.28954 13.31369
2451346.28959 9.63430
2451347.28963 6.54633
2451348.28968 1.83626
2451349.28972 -3.52696
2451350.28977 -11.31862
2451351.28981 -17.44789
2451352.28986 -22.78586
2451353.28991 -23.96453
2451354.28995 -32.53414
2451355.29000 -43.33131
2451356.29004 -43.10525
2451357.29009 -49.08186
2451358.29013 -60.06789
2451359.29018 -55.87993
2451360.29023 -49.03713
2451361.29027 -53.63092
2451362.29032 -49.12582
2451363.29036 -52.55420
2451364.29041 -44.30876
2451365.29045 -34.02923
2451366.29050 -31.23456
2451367.29054 -24.10002
2451368.29059 -18.87755
2451369.29064 -13.12714
2451370.29068 -7.17335
2451371.29073 -0.15676
2451372.29077 4.67131
2451373.29082 8.80157
2451374.29086 14.15755
2451375.29091 16.18595
2451376.29096 19.06415
2451377.29100 21.02519
2451378.29105 19.52480
2451379.29109 21.31181
2451380.29114 14.39687
2451381.29118 12.82776
2451382.29123 7.33986
2451383.29127 1.17132
2451384.29132 -4.64821
2451385.29137 -10.83701
2451386.29141 -18.77230
2451387.29146 -20.92850
2451388.29150 -33.05787
2451575.30004 -41.15449
2451576.30008 -35.33201
2451577.30013 -27.50547
2451578.30017 -22.39320
2451579.30022 -12.13826
2451580.30026 -8.01177
2451581.30031 -1.97294
2451582.30036 4.02823
2451583.30040 7.78100
2451584.30045 12.67693
2451585.30049 16.41344
2451586.30054 21.05628
2451587.30058 14.79823
2451588.30063 17.16088
2451589.30068 14.97149
2451590.30072 14.12392
2451591.30077 10.58085
2451592.30081 5.56259
2451593.30086 0.11625
2451594.30090 -5.46106
2451595.30095 -12.24032
2451596.30099 -20.99544
2451597.30104 -29.72003
2451598.30109 -30.81151
2451599.30113 -32.17191
2451600.30118 -47.40285
2451601.30122 -44.85038
2451602.30127 -49.57318
2451603.30131 -57.51815
2451604.30136 -63.40264
2451605.30141 -43.72847
2451606.30145 -50.71274
2451607.30150 -48.32631
2451608.30154 -42.07193
2451609.30159 -41.22100
2451610.30163 -34.40266
2451611.30168 -34.82213
2451612.30172 -29.59111
2451613.30177 -23.15429
2451614.30182 -15.40958
2451615.30186 -9.06757
2451616.30191 -1.98223
2451617.30195 3.43796
2451618.30200 8.54026
2451619.30204 13.40203
2451620.30209 14.42429
2451621.30214 18.69507
2451622.30218 19.23760
2451623.30223 16.93282
2451624.30227 13.92416
2451625.30232 14.75005
2451626.30236 10.98578
2451627.30241 4.76422
2451628.30246 0.07937
2451629.30250 -7.16448
2451630.30255 -14.63891
2451631.30259 -19.36368
2451632.30264 -25.76083
2451633.30268 -33.18172
2451634.30273 -35.13852
2451635.30277 -44.31802
2451636.30282 -51.12732
2451637.30287 -51.93744
2451638.30291 -55.44597
2451639.30296 -39.20061
2451640.30300 -53.72733
2451641.30305 -56.16706
2451642.30309 -50.25747
2451643.30314 -43.54944
2451644.30319 -54.52015
2451645.30323 -34.37621
2451646.30328 -36.78961
2451647.30332 -27.45868
2451648.30337 -18.93536
2451649.30341 -14.14927
2451650.30346 -7.72570
2451651.30350 -1.81741
2451652.30355 4.06312
2451653.30360 9.32843
2451654.30364 11.48163
2451655.30369 17.06231
2451656.30373 20.57472
2451657.30378 17.43916
2451658.30382 18.92096
2451659.30387 15.91696
2451660.30392 14.71787
2451661.30396 10.97711
2451662.30401 5.30657
2451663.30405 0.06683
2451664.30410 -6.06000
2451665.30414 -11.25721
2451666.30419 -18.86207
2451667.30423 -19.38202
2451668.30428 -33.16244
2451669.30433 -37.73926
2451670.30437 -37.74765
2451671.30442 -49.05514
2451672.30446 -48.42628
2451673.30451 -49.35863
2451674.30455 -58.26453
2451675.30460 -56.33571
2451676.30465 -57.09915
2451677.30469 -49.79920
2451678.30474 -52.51353
2451679.30478 -45.63894
2451680.30483 -41.19621
2451681.30487 -29.12618
2451682.30492 -24.39616
2451683.30496 -22.35945
2451684.30501 -15.81447
2451685.30506 -6.98075
2451686.30510 -2.06416
2451687.30515 4.03239
2451688.30519 8.55461
2451689.30524 12.49519
2451690.30528 12.53893
2451691.30533 17.66211
2451692.30538 18.95004
2451693.30542 16.59716
2451694.30547 14.46572
2451695.30551 13.21515
2451696.30556 9.23746
2451697.30560 5.85657
2451698.30565 0.10286
2451699.30569 -5.50567
2451700.30574 -11.04359
2451701.30579 -18.72452
2451702.30583 -23.47888
2451703.30588 -33.99615
2451704.30592 -41.73472
2451705.30597 -38.94832
2451706.30601 -47.36495
2451707.30606 -58.49078
2451708.30611 -52.33054
2451709.30615 -51.64250
2451710.30620 -51.70627
2451711.30624 -53.81869
2451712.30629 -54.39387
2451713.30633 -52.97566
2451714.30638 -42.46172
2451715.30643 -33.15425
2451716.30647 -31.69752
2451717.30652 -27.70646
2451718.30656 -18.41326
2451719.30661 -12.49193
2451720.30665 -7.76148
2451721.30670 -1.73646
2451722.30674 3.16743
2451723.30679 7.81672
2451724.30684 12.72885
2451725.30688 16.05922
2451726.30693 17.62766
2451727.30697 19.72499
2451728.30702 16.08486
2451729.30706 13.94091
2451730.30711 14.42810
2451731.30716 10.62313
2451732.30720 5.28750
2451733.30725 0.16221
2451734.30729 -6.46021
2451735.30734 -12.13898
2451736.30738 -18.63057
2451737.30743 -25.51233
2451738.30747 -26.41502
2451739.30752 -34.19658
2451740.30757 -34.08544
2451741.30761 -46.04569
2451742.30766 -46.84394
2451743.30770 -46.66659
2451744.30775 -61.71949
2451745.30779 -45.81818
2451746.30784 -46.41433
2451747.30789 -53.57486
2451748.30793 -52.91464
2451749.30798 -36.72782
2451750.30802 -34.97035
2451751.30807 -28.14517
2451752.30811 -26.59703
2451753.30816 -22.12036
2451754.30820 -16.79214
2451940.31669 16.05487
2451941.31674 12.49310
2451942.31678 7.26657
2451943.31683 1.53816
2451944.31688 -4.11311
2451945.31692 -10.83619
2451946.31697 -16.45992
2451947.31701 -22.67817
2451948.31706 -34.25419
2451949.31710 -39.21389
2451950.31715 -42.57161
2451951.31719 -46.68480
2451952.31724 -42.89933
2451953.31729 -58.13648
2451954.31733 -54.18461
2451955.31738 -52.41025
2451956.31742 -57.40085
2451957.31747 -59.27027
2451958.31751 -51.18460
2451959.31756 -44.51517
2451960.31761 -28.79254
2451961.31765 -37.72509
2451962.31770 -24.42747
2451963.31774 -18.66541
2451964.31779 -14.02659
2451965.31783 -5.98764
2451966.31788 -0.20074
2451967.31792 4.60907
2451968.31797 10.91138
2451969.31802 12.91306
2451970.31806 16.66302
2451971.31811 19.29517
2451972.31815 16.38257
2451973.31820 19.81156
2451974.31824 19.59600
2451975.31829 15.08475
2451976.31834 11.36904
2451977.31838 7.33184
2451978.31843 2.67773
2451979.31847 -3.28929
2451980.31852 -10.64031
2451981.31856 -19.92700
2451982.31861 -21.28737
2451983.31865 -29.80911
2451984.31870 -36.87536
2451985.31875 -43.49345
2451986.31879 -36.61816
2451987.31884 -42.61020
2451988.31888 -63.08835
2451989.31893 -61.31762
2451990.31897 -57.55218
2451991.31902 -51.79915
2451992.31907 -47.20272
2451993.31911 -45.09538
2451994.31916 -35.44489
2451995.31920 -41.95257
2451996.31925 -27.52430
2451997.31929 -29.76657
2451998.31934 -15.43902
2451999.31938 -10.84560
2452000.31943 -6.16283
2452001.31948 0.25189
2452002.31952 5.26040
2452003.31957 10.97635
2452004.31961 13.29892
2452005.31966 18.14191
2452006.31970 23.92357
2452007.31975 18.92655
2452008.31980 21.47332
2452009.31984 14.17746
2452010.31989 18.87572
2452011.31993 13.68504
2452012.31998 7.53465
2452013.32002 2.74098
2452014.32007 -3.32694
2452015.32011 -9.98775
2452016.32016 -15.38138
2452017.32021 -25.24720
2452018.32025 -27.99868
2452019.32030 -35.73931
2452020.32034 -44.71890
2452021.32039 -41.95043
2452022.32043 -49.86090
2452023.32048 -43.82329
2452024.32053 -49.36721
2452025.32057 -54.50230
2452026.32062 -44.94394
2452027.32066 -57.84726
2452028.32071 -38.63655
2452029.32075 -36.99347
2452030.32080 -37.24510
2452031.32085 -31.74660
2452032.32089 -29.18727
2452033.32094 -17.83995
2452034.32098 -13.01159
2452035.32103 -5.12786
2452036.32107 0.56415
2452037.32112 6.39899
2452038.32116 12.17347
2452039.32121 16.03952
2452040.32126 20.22266
2452041.32130 18.13738
2452042.32135 23.81025
2452043.32139 17.47243
2452044.32144 19.00346
2452045.32148 16.77911
2452046.32153 10.76571
2452047.32158 8.62074
2452048.32162 3.37960
2452049.32167 -2.73818
2452050.32171 -8.10599
2452051.32176 -16.28444
2452052.32180 -24.69227
2452053.32185 -32.23841
2452054.32189 -35.64712
2452055.32194 -37.29476
2452056.32199 -48.71726
2452057.32203 -57.18461
2452058.32208 -50.54982
2452059.32212 -58.96980
2452060.32217 -50.44562
2452061.32221 -60.58315
2452062.32226 -41.17845
2452063.32231 -53.37986
2452064.32235 -38.48227
2452065.32240 -39.29680
2452066.32244 -34.65789
2452067.32249 -22.30303
2452068.32253 -15.78655
2452069.32258 -11.43117
2452070.32262 -4.62098
2452071.32267 1.11353
2452072.32272 5.76615
2452073.32276 11.33434
2452074.32281 15.09958
2452075.32285 21.21368
2452076.32290 20.87555
2452077.32294 20.78832
2452078.32299 20.41208
2452079.32304 22.60027
2452080.32308 19.43893
2452081.32313 12.56410
2452082.32317 9.68508
2452083.32322 3.67351
2452084.32326 -2.14602
2452085.32331 -8.41758
2452086.32335 -15.27586
2452087.32340 -19.44842
2452088.32345 -32.98739
2452089.32349 -31.78762
2452090.32354 -35.85755
2452091.32358 -43.54180
2452092.32363 -44.76002
2452093.32367 -50.82735
2452094.32372 -49.27532
2452095.32377 -51.09866
2452096.32381 -51.46579
2452097.32386 -47.50215
2452098.32390 -39.67838
2452099.32395 -35.13134
2452100.32399 -35.00596
2452101.32404 -31.17099
2452102.32409 -23.64128
2452103.32413 -17.90316
2452104.32418 -10.95390
2452105.32422 -4.37890
2452106.32427 1.77751
2452107.32431 8.16792
2452108.32436 12.66820
2452109.32440 16.37746
2452110.32445 16.56189
2452111.32450 20.76054
2452112.32454 21.69615
2452113.32459 20.79021
2452114.32463 19.20410
2452115.32468 19.02121
2452116.32472 11.84217
2452117.32477 8.37319
2452118.32482 4.23364
2452119.32486 -1.86423
2452305.33335 -53.55079
2452306.33339 -45.62399
2452307.33344 -40.66688
2452308.33349 -37.31027
2452309.33353 -39.13883
2452310.33358 -32.75342
2452311.33362 -28.81884
2452312.33367 -19.15726
2452313.33371 -10.82297
2452314.33376 -5.71697
2452315.33380 -0.29029
2452316.33385 5.74874
2452317.33390 12.21725
2452318.33394 13.16826
2452319.33399 19.04497
2452320.33403 22.13682
2452321.33408 22.18844
2452322.33412 21.80623
2452323.33417 27.11216
2452324.33422 25.05880
2452325.33426 24.92843
2452326.33431 19.21363
2452327.33435 17.23441
2452328.33440 9.01250
2452329.33444 2.83095
2452330.33449 -3.70554
2452331.33454 -11.86704
2452332.33458 -15.44494
2452333.33463 -24.94965
2452334.33467 -31.80310
2452335.33472 -39.74851
2452336.33476 -39.05544
2452337.33481 -43.90285
2452338.33485 -37.09185
2452339.33490 -46.44928
2452340.33495 -51.74815
2452341.33499 -46.42156
2452342.33504 -43.96679
2452343.33508 -38.90545
2452344.33513 -35.00009
2452345.33517 -31.51358
2452346.33522 -29.57531
2452347.33527 -22.19400
2452348.33531 -12.02691
2452349.33536 -6.64671
2452350.33540 0.52476
2452351.33545 7.07306
2452352.33549 11.21455
2452353.33554 19.68731
2452354.33558 20.44342
2452355.33563 22.65741
2452356.33568 27.92371
2452357.33572 23.97966
2452358.33577 27.96480
2452359.33581 26.10469
2452360.33586 21.84269
2452361.33590 20.27815
2452362.33595 14.58367
2452363.33600 8.04386
2452364.33604 3.80874
2452365.33609 -2.40459
2452366.33613 -9.07054
2452367.33618 -16.20499
2452368.33622 -16.62254
2452369.33627 -28.66463
2452370.33631 -35.79295
2452371.33636 -35.14289
2452372.33641 -34.55740
2452373.33645 -50.12280
2452374.33650 -45.92010
2452375.33654 -48.87350
2452376.33659 -34.45996
2452377.33663 -40.32289
2452378.33668 -40.31418
2452379.33673 -34.31717
2452380.33677 -32.37799
2452381.33682 -25.23292
2452382.33686 -15.99565
2452383.33691 -9.96046
2452384.33695 -4.73593
2452385.33700 1.22143
2452386.33704 7.52309
2452387.33709 13.51779
2452388.33714 19.02918
2452389.33718 24.21031
2452390.33723 23.74764
2452391.33727 27.47012
2452392.33732 32.41842
2452393.33736 28.96181
2452394.33741 24.89268
2452395.33746 25.07286
2452396.33750 18.28973
2452397.33755 16.76621
2452398.33759 12.06788
2452399.33764 4.42084
2452400.33768 -1.68892
2452401.33773 -8.44888
2452402.33777 -19.17320
2452403.33782 -21.63885
2452404.33787 -24.51548
2452405.33791 -31.39077
2452406.33796 -35.67215
2452407.33800 -37.63561
2452408.33805 -44.25990
2452409.33809 -44.98343
2452410.33814 -49.59840
2452411.33819 -39.77886
2452412.33823 -46.25636
2452413.33828 -33.96127
2452414.33832 -37.93758
2452415.33837 -30.89324
2452416.33841 -23.41073
2452417.33846 -16.50924
2452418.33851 -9.49023
2452419.33855 -4.06202
2452420.33860 2.04640
2452421.33864 8.93990
2452422.33869 16.00921
2452423.33873 18.86469
2452424.33878 24.06942
2452425.33882 28.88955
2452426.33887 30.65115
2452427.33892 26.83678
2452428.33896 28.04023
2452429.33901 25.12460
2452430.33905 20.29955
2452431.33910 20.93404
2452432.33914 15.24890
2452433.33919 11.41489
2452434.33924 4.77726
2452435.33928 -0.90538
2452436.33933 -6.94381
2452437.33937 -13.07827
2452438.33942 -20.47590
2452439.33946 -25.80445
2452440.33951 -32.20256
2452441.33955 -32.55236
2452442.33960 -42.04186
2452443.33965 -45.90362
2452444.33969 -50.20633
2452445.33974 -55.01544
2452446.33978 -44.65992
2452447.33983 -35.17636
2452448.33987 -41.23124
2452449.33992 -33.07622
2452450.33997 -25.46821
2452451.34001 -25.69868
2452452.34006 -14.96988
2452453.34010 -11.02882
2452454.34015 -3.60736
2452455.34019 3.05068
2452456.34024 10.05175
2452457.34028 13.50520
2452458.34033 20.14537
2452459.34038 22.85882
2452460.34042 30.44729
2452461.34047 25.48290
2452462.34051 24.71265
2452463.34056 34.21510
2452464.34060 30.81853
2452465.34065 19.87935
2452466.34070 24.99350
2452467.34074 18.42598
2452468.34079 12.88584
2452469.34083 5.82944
2452470.34088 -0.02926
2452471.34092 -5.90772
2452472.34097 -12.46235
2452473.34101 -17.50629
2452474.34106 -25.58185
2452475.34111 -29.04321
2452476.34115 -40.75040
2452477.34120 -39.62907
2452478.34124 -40.56434
2452479.34129 -49.86074
2452480.34133 -35.96870
2452481.34138 -48.71375
2452482.34143 -36.59892
2452483.34147 -34.21054
2452484.34152 -23.53369
2452670.35000 33.59607
2452671.35005 34.11906
2452672.35010 33.50750
2452673.35014 33.85077
2452674.35019 32.49037
2452675.35023 33.14473
2452676.35028 28.52684
2452677.35032 23.35804
2452678.35037 14.04784
2452679.35042 11.85456
2452680.35046 4.76044
2452681.35051 -0.66411
2452682.35055 -7.99093
2452683.35060 -12.02635
2452684.35064 -20.87679
2452685.35069 -27.30255
2452686.35073 -28.33176
2452687.35078 -30.49915
2452688.35083 -33.38864
2452689.35087 -32.24961
2452690.35092 -32.86031
2452691.35096 -35.97732
2452692.35101 -32.11704
2452693.35105 -29.19374
2452694.35110 -28.13026
2452695.35115 -21.96908
2452696.35119 -16.73993
2452697.35124 -10.72893
2452698.35128 -3.97558
2452699.35133 3.46026
2452700.35137 10.83125
2452701.35142 15.41845
2452702.35146 28.14286
2452703.35151 28.71083
2452704.35156 32.49879
2452705.35160 35.56101
2452706.35165 35.30474
2452707.35169 34.37357
2452708.35174 33.06409
2452709.35178 40.61247
2452710.35183 35.76919
2452711.35188 29.47519
2452712.35192 29.51268
2452713.35197 22.82674
2452714.35201 13.49853
2452715.35206 7.84159
2452716.35210 0.13495
2452717.35215 -5.81343
2452718.35219 -10.89427
2452719.35224 -19.50682
2452720.35229 -24.02114
2452721.35233 -30.57511
2452722.35238 -32.07080
2452723.35242 -41.38759
2452724.35247 -29.72567
2452725.35251 -39.39169
2452726.35256 -41.52839
2452727.35261 -32.80768
2452728.35265 -29.71461
2452729.35270 -26.72660
2452730.35274 -20.29510
2452731.35279 -14.44441
2452732.35283 -8.81621
2452733.35288 -2.91318
2452734.35293 3.59497
2452735.35297 9.76125
2452736.35302 16.94071
2452737.35306 20.04673
2452738.35311 28.56315
2452739.35315 36.11975
2452740.35320 36.94434
2452741.35324 38.41527
2452742.35329 37.97200
2452743.35334 38.81024
2452744.35338 39.26784
2452745.35343 37.96972
2452746.35347 24.53392
2452747.35352 25.18373
2452748.35356 21.67092
2452749.35361 14.24290
2452750.35366 8.15232
2452751.35370 0.95106
2452752.35375 -5.56914
2452753.35379 -11.65147
2452754.35384 -16.86532
2452755.35388 -23.54485
2452756.35393 -29.98815
2452757.35397 -36.23505
2452758.35402 -35.78287
2452759.35407 -34.83295
2452760.35411 -40.78509
2452761.35416 -36.83077
2452762.35420 -30.90092
2452763.35425 -32.40654
2452764.35429 -24.21355
2452765.35434 -18.12002
2452766.35439 -15.50128
2452767.35443 -8.15599
2452768.35448 -2.28105
2452769.35452 4.73628
2452770.35457 12.91448
2452771.35461 16.59853
2452772.35466 20.78253
2452773.35470 24.48619
2452774.35475 28.67603
2452775.35480 36.56595
2452776.35484 41.54225
2452777.35489 40.91276
2452778.35493 34.72222
2452779.35498 37.01106
2452780.35502 28.76205
2452781.35507 27.88111
2452782.35512 28.42475
2452783.35516 17.85044
2452784.35521 13.16507
2452785.35525 9.35530
2452786.35530 2.26544
2452787.35534 -4.17177
2452788.35539 -9.89274
2452789.35543 -17.71398
2452790.35548 -21.20614
2452791.35553 -25.69327
2452792.35557 -34.48800
2452793.35562 -39.97072
2452794.35566 -36.04360
2452795.35571 -30.41241
2452796.35575 -28.58203
2452797.35580 -36.11703
2452798.35585 -28.23886
2452799.35589 -25.42556
2452800.35594 -20.99573
2452801.35598 -14.77117
2452802.35603 -6.65795
2452803.35607 -0.79647
2452804.35612 5.93333
2452805.35617 11.44020
2452806.35621 18.41481
2452807.35626 22.98712
2452808.35630 24.78193
2452809.35635 35.02183
2452810.35639 39.27991
2452811.35644 39.28262
2452812.35648 41.71736
2452813.35653 40.67579
2452814.35658 36.02219
2452815.35662 38.29890
2452816.35667 34.51321
2452817.35671 26.73348
2452818.35676 23.32678
2452819.35680 17.49038
2452820.35685 8.73960
2452821.35690 2.90918
2452822.35694 -4.24057
2452823.35699 -8.93442
2452824.35703 -15.02610
2452825.35708 -19.20378
2452826.35712 -25.67643
2452827.35717 -26.52418
2452828.35721 -34.40520
2452829.35726 -32.65480
2452830.35731 -31.53099
2452831.35735 -32.29397
2452832.35740 -26.09342
2452833.35744 -24.57226
2452834.35749 -23.79950
2452835.35753 -16.58563
2452836.35758 -13.62962
2452837.35763 -5.60819
2452838.35767 0.16937
2452839.35772 5.98611
2452840.35776 13.28735
2452841.35781 21.26164
2452842.35785 28.48036
2452843.35790 30.86524
2452844.35794 37.21294
2452845.35799 40.91372
2452846.35804 46.99323
2452847.35808 43.19209
2452848.35813 44.15235
2452849.35817 40.01909
2453036.36671 -16.21033
2453037.36675 -25.49036
2453038.36680 -29.41572
2453039.36684 -29.31863
2453040.36689 -30.06044
2453041.36693 -33.36163
2453042.36698 -22.32080
2453043.36703 -22.25152
2453044.36707 -16.99436
2453045.36712 -13.29683
2453046.36716 -7.17477
2453047.36721 -1.06113
2453048.36725 5.39994
2453049.36730 11.04826
2453050.36735 20.10789
2453051.36739 30.01904
2453052.36744 32.11556
2453053.36748 32.10780
2453054.36753 40.81889
2453055.36757 44.76645
2453056.36762 48.20493
2453057.36766 44.70672
2453058.36771 42.29920
2453059.36776 46.24226
2453060.36780 43.55539
2453061.36785 38.51722
2453062.36789 34.76527
2453063.36794 21.16375
2453064.36798 24.20348
2453065.36803 15.84858
2453066.36808 9.51820
2453067.36812 2.83207
2453068.36817 -3.38416
2453069.36821 -8.69062
2453070.36826 -17.42195
2453071.36830 -21.07916
2453072.36835 -23.29189
2453073.36839 -22.52820
2453074.36844 -25.02993
2453075.36849 -24.05842
2453076.36853 -26.20304
2453077.36858 -25.05132
2453078.36862 -20.46190
2453079.36867 -14.37447
2453080.36871 -11.84293
2453081.36876 -6.67110
2453082.36881 -0.26851
2453083.36885 6.78875
2453084.36890 12.95586
2453085.36894 21.46414
2453086.36899 29.20183
2453087.36903 37.98015
2453088.36908 39.35255
2453089.36912 40.43156
2453090.36917 48.31562
2453091.36922 45.89591
2453092.36926 51.72397
2453093.36931 41.18185
2453094.36935 43.61830
2453095.36940 44.02764
2453096.36944 40.33300
2453097.36949 38.03019
2453098.36954 26.35067
2453099.36958 23.01420
2453100.36963 17.79374
2453101.36967 13.07991
2453102.36972 3.40752
2453103.36976 -2.59298
2453104.36981 -8.13482
2453105.36985 -13.73903
2453106.36990 -16.44467
2453107.36995 -23.79903
2453108.36999 -22.26355
2453109.37004 -24.32733
2453110.37008 -29.49200
2453111.37013 -21.53912
2453112.37017 -25.85230
2453113.37022 -21.85474
2453114.37027 -13.39447
2453115.37031 -12.46219
2453116.37036 -6.03919
2453117.37040 0.51845
2453118.37045 7.09134
2453119.37049 14.44250
2453120.37054 21.25182
2453121.37059 24.61013
2453122.37063 28.47278
2453123.37068 32.65169
2453124.37072 36.65117
2453125.37077 43.98901
2453126.37081 46.08087
2453127.37086 41.32536
2453128.37090 45.74687
2453129.37095 47.51108
2453130.37100 46.66145
2453131.37104 41.73105
2453132.37109 36.32820
2453133.37113 31.34367
2453134.37118 24.84391
2453135.37122 15.07383
2453136.37127 10.20111
2453137.37132 4.19461
2453138.37136 -2.04335
2453139.37141 -6.64489
2453140.37145 -13.00673
2453141.37150 -16.16846
2453142.37154 -23.18584
2453143.37159 -24.37236
2453144.37163 -24.71737
2453145.37168 -26.18763
2453146.37173 -19.00259
2453147.37177 -21.90218
2453148.37182 -20.93596
2453149.37186 -15.05128
2453150.37191 -10.90420
2453151.37195 -3.91142
2453152.37200 1.27327
2453153.37205 9.05735
2453154.37209 13.11094
2453155.37214 16.24856
2453156.37218 25.86725
2453157.37223 29.77055
2453158.37227 43.78160
2453159.37232 41.68848
2453160.37236 51.38833
2453161.37241 42.03152
2453162.37246 50.56445
2453163.37250 51.25716
2453164.37255 43.54148
2453165.37259 45.06329
2453166.37264 38.55519
2453167.37268 35.27017
2453168.37273 27.38578
2453169.37278 24.37121
2453170.37282 18.45521
2453171.37287 11.46697
2453172.37291 5.35283
2453173.37296 -1.16502
2453174.37300 -6.34453
2453175.37305 -13.56880
2453176.37309 -14.27923
2453177.37314 -21.66890
2453178.37319 -27.63335
2453179.37323 -26.88395
2453180.37328 -26.14137
2453181.37332 -19.88280
2453182.37337 -21.43366
2453183.37341 -18.98055
2453184.37346 -16.32140
2453185.37351 -9.43213
2453186.37355 -3.93394
2453187.37360 1.92109
2453188.37364 9.25418
2453189.37369 18.44625
2453190.37373 21.43720
2453191.37378 27.43072
2453192.37382 37.93675
2453193.37387 32.86812
2453194.37392 42.08657
2453195.37396 44.03381
2453196.37401 52.74671
2453197.37405 41.79186
2453198.37410 42.40287
2453199.37414 50.83261
2453200.37419 53.33079
2453201.37424 48.67144
2453202.37428 46.16328
2453203.37433 29.87668
2453204.37437 22.21576
2453205.37442 19.66259
2453206.37446 13.49417
2453207.37451 6.68351
2453208.37456 -0.28197
2453209.37460 -6.37412
2453210.37465 -11.57315
2453211.37469 -20.47864
2453212.37474 -20.13584
2453213.37478 -19.98732
2453214.37483 -27.99607
2453215.37487 -24.19249
2453401.38336 29.15536
2453402.38341 39.11924
2453403.38345 46.80790
2453404.38350 40.64138
2453405.38354 42.40766
2453406.38359 49.61081
2453407.38364 57.39272
2453408.38368 45.75901
2453409.38373 52.65247
2453410.38377 44.58567
2453411.38382 43.27097
2453412.38386 40.32565
2453413.38391 39.86653
2453414.38396 36.17489
2453415.38400 25.33124
2453416.38405 18.00048
2453417.38409 9.87825
2453418.38414 3.56358
2453419.38418 -2.50054
2453420.38423 -7.56129
2453421.38427 -13.56850
2453422.38432 -16.84786
2453423.38437 -20.52631
2453424.38441 -21.62852
2453425.38446 -20.64432
2453426.38450 -16.13488
2453427.38455 -17.43991
2453428.38459 -16.22270
2453429.38464 -11.33857
2453430.38469 -5.81681
2453431.38473 -0.06662
2453432.38478 5.95763
2453433.38482 13.00027
2453434.38487 16.33234
2453435.38491 25.84549
2453436.38496 37.81440
2453437.38501 44.12195
2453438.38505 41.55112
2453439.38510 53.73270
2453440.38514 47.87872
2453441.38519 46.82942
2453442.38523 48.01433
2453443.38528 55.41506
2453444.38532 46.90148
2453445.38537 55.80267
2453446.38542 50.39282
2453447.38546 44.50744
2453448.38551 42.07135
2453449.38555 28.13330
2453450.38560 24.79888
2453451.38564 17.22113
2453452.38569 9.87215
2453453.38574 4.63870
2453454.38578 -2.44825
2453455.38583 -7.06960
2453456.38587 -12.15214
2453457.38592 -15.88290
2453458.38596 -16.53683
2453459.38601 -19.18089
2453460.38605 -19.80438
2453461.38610 -20.13706
2453462.38615 -16.45380
2453463.38619 -17.18023
2453464.38624 -10.55769
2453465.38628 -5.94623
2453466.38633 0.32900
2453467.38637 6.58965
2453468.38642 13.32081
2453469.38647 21.60427
2453470.38651 22.32435
2453471.38656 36.73698
2453472.38660 44.83978
2453473.38665 45.71349
2453474.38669 50.51689
2453475.38674 56.27954
2453476.38678 44.09055
2453477.38683 46.75761
2453478.38688 54.99145
2453479.38692 59.29632
2453480.38697 46.45529
2453481.38701 44.01334
2453482.38706 36.39543
2453483.38710 34.85444
2453484.38715 31.49224
2453485.38720 23.04717
2453486.38724 15.31723
2453487.38729 11.93547
2453488.38733 4.39885
2453489.38738 -1.58264
2453490.38742 -6.66908
2453491.38747 -11.71795
2453492.38751 -17.97121
2453493.38756 -18.91731
2453494.38761 -21.07629
2453495.38765 -19.24962
2453496.38770 -18.68469
2453497.38774 -16.05284
2453498.38779 -12.40181
2453499.38783 -11.29545
2453500.38788 -4.89823
2453501.38793 0.71025
2453502.38797 6.36952
2453503.38802 12.49725
2453504.38806 23.74646
2453505.38811 29.85073
2453506.38815 38.87404
2453507.38820 39.07394
2453508.38824 45.65543
2453509.38829 44.87516
2453510.38834 45.27921
2453511.38838 56.40136
2453512.38843 69.32176
2453513.38847 47.08845
2453514.38852 55.26830
2453515.38856 49.42022
2453516.38861 51.17744
2453517.38866 30.24318
2453518.38870 29.70944
2453519.38875 28.31729
2453520.38879 25.20396
2453521.38884 18.30911
2453522.38888 11.74082
2453523.38893 5.58033
2453524.38898 -1.26931
2453525.38902 -6.47200
2453526.38907 -10.78052
2453527.38911 -19.24640
2453528.38916 -17.21745
2453529.38920 -17.22472
2453530.38925 -21.11299
2453531.38929 -19.65609
2453532.38934 -18.19281
2453533.38939 -15.39631
2453534.38943 -10.35404
2453535.38948 -4.60482
2453536.38952 1.29402
2453537.38957 7.63256
2453538.38961 11.65995
2453539.38966 23.90801
2453540.38971 29.25328
2453541.38975 34.55560
2453542.38980 42.02237
2453543.38984 45.88606
2453544.38989 39.32863
2453545.38993 54.71595
2453546.38998 59.27495
2453547.39002 49.52738
2453548.39007 51.18182
2453549.39012 52.78825
2453550.39016 52.77296
2453551.39021 45.15239
2453552.39025 42.67923
2453553.39030 36.03381
2453554.39034 31.86975
2453555.39039 23.29762
2453556.39044 19.33637
2453557.39048 11.78280
2453558.39053 6.02268
2453559.39057 -1.09573
2453560.39062 -5.51891
2453561.39066 -10.46920
2453562.39071 -12.35870
2453563.39075 -15.17038
2453564.39080 -18.44295
2453565.39085 -20.70412
2453566.39089 -18.23400
2453567.39094 -17.46519
2453568.39098 -12.21925
2453569.39103 -10.86254
2453570.39107 -4.56863
2453571.39112 1.39474
2453572.39117 9.13928
2453573.39121 12.93440
2453574.39126 23.03980
2453575.39130 28.99379
2453576.39135 36.00237
2453577.39139 37.87514
2453578.39144 45.58698
2453579.39148 52.99430
2453580.39153 50.23320
2453766.40002 21.78929
2453767.40006 13.58082
2453768.40011 6.48129
2453769.40016 -0.11105
2453770.40020 -6.19090
2453771.40025 -10.31918
2453772.40029 -13.89608
2453773.40034 -17.66767
2453774.40038 -19.86528
2453775.40043 -19.98116
2453776.40047 -17.47941
2453777.40052 -16.15940
2453778.40057 -14.81443
2453779.40061 -8.05411
2453780.40066 -3.28333
2453781.40070 1.78597
2453782.40075 8.48986
2453783.40079 17.60971
2453784.40084 15.86268
2453785.40089 31.64546
2453786.40093 33.44793
2453787.40098 39.80466
2453788.40102 48.43276
2453789.40107 55.11978
2453790.40111 44.78937
2453791.40116 57.71122
2453792.40120 60.76653
2453793.40125 67.42274
2453794.40130 48.95112
2453795.40134 48.11463
2453796.40139 46.09031
2453797.40143 47.88670
2453798.40148 36.10450
2453799.40152 31.00523
2453800.40157 25.75169
2453801.40162 22.81233
2453802.40166 14.77646
2453803.40171 7.28904
2453804.40175 -0.11955
2453805.40180 -6.55656
2453806.40184 -10.40950
2453807.40189 -13.95177
2453808.40193 -18.40251
2453809.40198 -21.98367
2453810.40203 -20.21983
2453811.40207 -16.20904
2453812.40212 -17.63418
2453813.40216 -11.95365
2453814.40221 -8.35642
2453815.40225 -4.17618
2453816.40230 1.73827
2453817.40235 8.95307
2453818.40239 16.47298
2453819.40244 23.66149
2453820.40248 28.08578
2453821.40253 36.69137
2453822.40257 39.52954
2453823.40262 44.32732
2453824.40266 51.62918
2453825.40271 54.15399
2453826.40276 64.04974
2453827.40280 61.23141
2453828.40285 57.64260
2453829.40289 59.04311
2453830.40294 48.33231
2453831.40298 53.67685
2453832.40303 45.66606
2453833.40308 39.47442
2453834.40312 33.74873
2453835.40317 25.97005
2453836.40321 22.12307
2453837.40326 11.43985
2453838.40330 5.87143
2453839.40335 -0.16490
2453840.40340 -5.70733
2453841.40344 -10.98235
2453842.40349 -11.76405
2453843.40353 -18.45631
2453844.40358 -18.94633
2453845.40362 -20.86373
2453846.40367 -20.05569
2453847.40371 -12.70539
2453848.40376 -11.20795
2453849.40381 -7.82015
2453850.40385 -3.84389
2453851.40390 1.68940
2453852.40394 8.41293
2453853.40399 16.05195
2453854.40403 20.23924
2453855.40408 31.42265
2453856.40413 33.10548
2453857.40417 42.30447
2453858.40422 46.83388
2453859.40426 62.20365
2453860.40431 50.87127
2453861.40435 61.29027
2453862.40440 57.08529
2453863.40444 46.61749
2453864.40449 44.69058
2453865.40454 51.27387
2453866.40458 47.92536
2453867.40463 46.50692
2453868.40467 41.36814
2453869.40472 31.12199
2453870.40476 23.54099
2453871.40481 19.88986
2453872.40486 10.39574
2453873.40490 5.76099
2453874.40495 -0.33095
2453875.40499 -6.98250
2453876.40504 -9.58210
2453877.40508 -13.55410
2453878.40513 -15.47068
2453879.40517 -18.04256
2453880.40522 -18.37747
2453881.40527 -17.92401
2453882.40531 -19.90668
2453883.40536 -13.93712
2453884.40540 -8.17175
2453885.40545 -4.46290
2453886.40549 1.55906
2453887.40554 7.37670
2453888.40559 12.11084
2453889.40563 21.48876
2453890.40568 26.31770
2453891.40572 34.92789
2453892.40577 40.80793
2453893.40581 39.54102
2453894.40586 50.65937
2453895.40590 46.67567
2453896.40595 61.53774
2453897.40600 60.25674
2453898.40604 62.77286
2453899.40609 59.50004
2453900.40613 53.49273
2453901.40618 48.51394
2453902.40622 45.58228
2453903.40627 47.82134
2453904.40632 35.37447
2453905.40636 24.61634
2453906.40641 17.57351
2453907.40645 11.67557
2453908.40650 6.16649
2453909.40654 -0.47285
2453910.40659 -6.19125
2453911.40664 -12.98371
2453912.40668 -15.38834
2453913.40673 -17.04711
2453914.40677 -20.82511
2453915.40682 -15.44253
2453916.40686 -17.20289
2453917.40691 -16.09135
2453918.40695 -14.60146
2453919.40700 -7.98471
2453920.40705 -4.98070
2453921.40709 1.47371
2453922.40714 9.14669
2453923.40718 13.36476
2453924.40723 17.83008
2453925.40727 30.39034
2453926.40732 36.03285
2453927.40737 41.49727
2453928.40741 42.75129
2453929.40746 49.99459
2453930.40750 60.45393
2453931.40755 58.53527
2453932.40759 59.94481
2453933.40764 59.21144
2453934.40768 55.83344
2453935.40773 55.77568
2453936.40778 63.29366
2453937.40782 47.01218
2453938.40787 33.93269
2453939.40791 29.06068
2453940.40796 22.72671
2453941.40800 21.33307
2453942.40805 12.29045
2453943.40810 5.41099
2453944.40814 -0.67721
2453945.40819 -7.32507
2454131.41667 -1.02890
2454132.41672 4.46910
2454133.41677 13.07457
2454134.41681 17.65117
2454135.41686 22.35517
2454136.41690 29.50701
2454137.41695 36.71527
2454138.41699 39.00468
2454139.41704 53.57987
2454140.41708 52.04757
2454141.41713 41.49421
2454142.41718 49.25976
2454143.41722 59.01682
2454144.41727 50.97009
2454145.41731 47.77650
2454146.41736 46.01182
2454147.41740 48.41076
2454148.41745 34.33899
2454149.41750 26.27525
2454150.41754 25.06249
2454151.41759 17.28879
2454152.41763 11.24010
2454153.41768 2.78388
2454154.41772 -3.06925
2454155.41777 -9.20249
2454156.41782 -15.28998
2454157.41786 -22.65464
2454158.41791 -20.58783
2454159.41795 -18.65836
2454160.41800 -21.85072
2454161.41804 -22.75333
2454162.41809 -20.26051
2454163.41813 -17.46818
2454164.41818 -11.13105
2454165.41823 -6.91419
2454166.41827 -1.52404
2454167.41832 4.38212
2454168.41836 10.82260
2454169.41841 18.94602
2454170.41845 25.62230
2454171.41850 32.12044
2454172.41855 37.82190
2454173.41859 44.86999
2454174.41864 48.46854
2454175.41868 47.75569
2454176.41873 54.36687
2454177.41877 53.06498
2454178.41882 55.11010
2454179.41886 51.56539
2454180.41891 52.68266
2454181.41896 41.63125
2454182.41900 41.20983
2454183.41905 34.79099
2454184.41909 27.92517
2454185.41914 19.88105
2454186.41918 16.90276
2454187.41923 9.88040
2454188.41928 2.66427
2454189.41932 -3.86000
2454190.41937 -11.13633
2454191.41941 -13.62355
2454192.41946 -19.16442
2454193.41950 -23.42667
2454194.41955 -24.02346
2454195.41959 -23.71692
2454196.41964 -21.21837
2454197.41969 -17.11635
2454198.41973 -15.23078
2454199.41978 -10.20734
2454200.41982 -9.02498
2454201.41987 -2.08938
2454202.41991 3.69489
2454203.41996 11.89448
2454204.42001 17.53934
2454205.42005 25.73538
2454206.42010 27.84678
2454207.42014 42.02268
2454208.42019 41.99497
2454209.42023 47.99950
2454210.42028 54.64138
2454211.42032 59.00602
2454212.42037 42.17425
2454213.42042 53.51870
2454214.42046 50.21769
2454215.42051 50.41943
2454216.42055 44.09086
2454217.42060 41.15757
2454218.42064 33.81451
2454219.42069 29.47947
2454220.42074 19.41842
2454221.42078 15.69506
2454222.42083 9.08940
2454223.42087 1.90170
2454224.42092 -4.66883
2454225.42096 -11.05652
2454226.42101 -14.88839
2454227.42106 -20.35285
2454228.42110 -18.17906
2454229.42115 -26.54484
2454230.42119 -21.62339
2454231.42124 -25.22404
2454232.42128 -23.15583
2454233.42133 -16.25015
2454234.42137 -14.19790
2454235.42142 -9.02829
2454236.42147 -3.13635
2454237.42151 3.51241
2454238.42156 9.87838
2454239.42160 19.70007
2454240.42165 23.72437
2454241.42169 28.60518
2454242.42174 34.38843
2454243.42179 38.79757
2454244.42183 48.60155
2454245.42188 46.87916
2454246.42192 42.17045
2454247.42197 54.96045
2454248.42201 49.09634
2454249.42206 52.62647
2454250.42210 49.77097
2454251.42215 39.24454
2454252.42220 38.01854
2454253.42224 37.76306
2454254.42229 29.85041
2454255.42233 20.55480
2454256.42238 12.24170
2454257.42242 7.40929
2454258.42247 1.34789
2454259.42252 -4.57776
2454260.42256 -10.93337
2454261.42261 -17.89471
2454262.42265 -15.87389
2454263.42270 -25.28676
2454264.42274 -24.42028
2454265.42279 -25.24718
2454266.42283 -26.90890
2454267.42288 -25.27966
2454268.42293 -20.16615
2454269.42297 -14.43836
2454270.42302 -8.40020
2454271.42306 -3.87667
2454272.42311 2.98536
2454273.42315 9.17347
2454274.42320 18.52472
2454275.42325 23.67348
2454276.42329 32.47055
2454277.42334 35.51361
2454278.42338 46.93133
2454279.42343 40.22544
2454280.42347 48.84943
2454281.42352 55.83061
2454282.42356 49.33824
2454283.42361 54.52958
2454284.42366 49.46404
2454285.42370 47.58969
2454286.42375 39.88604
2454287.42379 44.08908
2454288.42384 33.73867
2454289.42388 26.44475
2454290.42393 21.41341
2454291.42398 14.18036
2454292.42402 7.81675
2454293.42407 0.57003
2454294.42411 -6.23482
2454295.42416 -12.37418
2454296.42420 -16.16649
2454297.42425 -24.03516
2454298.42429 -25.78765
2454299.42434 -27.49989
2454300.42439 -20.43669
2454301.42443 -23.98025
2454302.42448 -17.20600
2454303.42452 -15.94706
2454304.42457 -12.24108
2454305.42461 -11.06855
2454306.42466 -3.56910
2454307.42471 2.48672
2454308.42475 10.11333
2454309.42480 13.62111
2454310.42484 21.43632
2454497.43338 41.63343
2454498.43342 29.50820
2454499.43347 24.77312
2454500.43351 15.89819
2454501.43356 9.24537
2454502.43360 2.45479
2454503.43365 -4.57977
2454504.43370 -10.57294
2454505.43374 -18.12534
2454506.43379 -19.94920
2454507.43383 -27.31852
2454508.43388 -29.38100
2454509.43392 -36.89827
2454510.43397 -33.10188
2454511.43401 -28.29073
2454512.43406 -28.07772
2454513.43411 -25.34942
2454514.43415 -21.43177
2454515.43420 -15.19822
2454516.43424 -9.72163
2454517.43429 -2.77058
2454518.43433 4.03060
2454519.43438 10.67889
2454520.43443 19.18751
2454521.43447 23.09625
2454522.43452 28.23816
2454523.43456 35.33383
2454524.43461 45.38960
2454525.43465 35.14786
2454526.43470 56.35314
2454527.43474 50.59652
2454528.43479 38.96233
2454529.43484 49.66480
2454530.43488 41.02040
2454531.43493 46.14283
2454532.43497 41.39933
2454533.43502 34.33964
2454534.43506 25.45384
2454535.43511 13.23438
2454536.43516 7.24395
2454537.43520 1.59322
2454538.43525 -5.74041
2454539.43529 -10.47094
2454540.43534 -17.12832
2454541.43538 -25.34743
2454542.43543 -26.74650
2454543.43548 -30.06484
2454544.43552 -31.20130
2454545.43557 -26.45766
2454546.43561 -25.74988
2454547.43566 -27.33222
2454548.43570 -25.57218
2454549.43575 -22.58541
2454550.43579 -16.30904
2454551.43584 -10.35246
2454552.43589 -3.79604
2454553.43593 2.84075
2454554.43598 8.24573
2454555.43602 18.14206
2454556.43607 20.55715
2454557.43611 31.08011
2454558.43616 42.51852
2454559.43621 31.46618
2454560.43625 36.98322
2454561.43630 39.08502
2454562.43634 42.55927
2454563.43639 50.91857
2454564.43643 42.35349
2454565.43648 43.94393
2454566.43652 41.32526
2454567.43657 27.42705
2454568.43662 27.30075
2454569.43666 21.41298
2454570.43671 13.60723
2454571.43675 6.59167
2454572.43680 0.68897
2454573.43684 -5.77195
2454574.43689 -14.07826
2454575.43694 -17.95471
2454576.43698 -22.73878
2454577.43703 -23.93799
2454578.43707 -32.42119
2454579.43712 -33.56940
2454580.43716 -27.72116
2454581.43721 -36.17095
2454582.43725 -30.20588
2454583.43730 -28.78548
2454584.43735 -22.61919
2454585.43739 -15.96275
2454586.43744 -12.67268
2454587.43748 -4.48450
2454588.43753 1.98064
2454589.43757 6.41580
2454590.43762 15.82790
2454591.43767 23.17881
2454592.43771 27.97609
2454593.43776 36.82313
2454594.43780 32.90540
2454595.43785 43.26880
2454596.43789 41.91785
2454597.43794 50.46263
2454598.43798 42.83598
2454599.43803 48.98639
2454600.43808 42.26323
2454601.43812 32.11093
2454602.43817 28.69196
2454603.43821 32.20055
2454604.43826 20.27565
2454605.43830 13.34784
2454606.43835 6.76559
2454607.43840 -0.21356
2454608.43844 -7.29955
2454609.43849 -14.84151
2454610.43853 -22.59666
2454611.43858 -22.27144
2454612.43862 -27.85119
2454613.43867 -34.46476
2454614.43871 -34.02618
2454615.43876 -30.95868
2454616.43881 -31.30132
2454617.43885 -32.62109
2454618.43890 -27.87786
2454619.43894 -24.94264
2454620.43899 -17.94094
2454621.43903 -13.91819
2454622.43908 -5.56073
2454623.43913 1.03432
2454624.43917 7.85284
2454625.43922 15.02167
2454626.43926 21.68421
2454627.43931 31.80681
2454628.43935 25.89176
2454629.43940 30.88836
2454630.43945 39.67630
2454631.43949 37.11064
2454632.43954 43.03728
2454633.43958 48.29397
2454634.43963 43.56568
2454635.43967 48.93176
2454636.43972 38.61797
2454637.43976 29.51311
2454638.43981 22.92834
2454639.43986 20.71426
2454640.43990 11.74713
2454641.43995 6.57060
2454642.43999 -1.23391
2454643.44004 -7.95604
2454644.44008 -13.27169
2454645.44013 -18.25613
2454646.44018 -20.54981
2454647.44022 -34.85946
2454648.44027 -38.47818
2454649.44031 -34.21349
2454650.44036 -35.50365
2454651.44040 -28.62759
2454652.44045 -36.69574
2454653.44049 -35.12001
2454654.44054 -29.73187
2454655.44059 -17.65549
2454656.44063 -11.93539
2454657.44068 -7.94529
2454658.44072 -0.00191
2454659.44077 7.06520
2454660.44081 14.53873
2454661.44086 24.17610
2454662.44091 28.50789
2454663.44095 36.84326
2454664.44100 39.32797
2454665.44104 40.47092
2454666.44109 35.12234
2454667.44113 48.04648
2454668.44118 45.82876
2454669.44122 34.67147
2454670.44127 36.13840
2454671.44132 35.09390
2454672.44136 33.83543
2454673.44141 29.29286
2454674.44145 15.57195
2454675.44150 10.68555
2454676.44154 4.37280
2454862.45003 -43.99986
2454863.45008 -37.11222
2454864.45012 -27.62567
2454865.45017 -25.19860
2454866.45021 -19.00132
2454867.45026 -12.55174
2454868.45031 -5.78778
2454869.45035 0.71929
2454870.45040 6.54856
2454871.45044 13.06491
2454872.45049 19.24925
2454873.45053 24.45668
2454874.45058 26.44087
2454875.45063 38.93359
2454876.45067 32.75820
2454877.45072 40.30417
2454878.45076 39.38894
2454879.45081 31.21037
2454880.45085 29.27045
2454881.45090 27.00976
2454882.45094 21.86811
2454883.45099 18.67451
2454884.45104 13.23850
2454885.45108 6.06109
2454886.45113 -1.02996
2454887.45117 -7.54460
2454888.45122 -17.76879
2454889.45126 -22.82706
2454890.45131 -22.22697
2454891.45136 -36.69084
2454892.45140 -38.25017
2454893.45145 -30.92058
2454894.45149 -35.02516
2454895.45154 -47.13944
2454896.45158 -40.68339
2454897.45163 -34.70421
2454898.45167 -36.80748
2454899.45172 -36.26728
2454900.45177 -25.86137
2454901.45181 -21.76808
2454902.45186 -15.81534
2454903.45190 -5.79646
2454904.45195 -0.26172
2454905.45199 6.24130
2454906.45204 13.19395
2454907.45209 20.73004
2454908.45213 23.62568
2454909.45218 27.65163
2454910.45222 28.11040
2454911.45227 38.88569
2454912.45231 34.84888
2454913.45236 37.93425
2454914.45240 32.36437
2454915.45245 31.90266
2454916.45250 22.91207
2454917.45254 23.58890
2454918.45259 18.84698
2454919.45263 10.68738
2454920.45268 4.23340
2454921.45272 -2.45748
2454922.45277 -9.10576
2454923.45282 -16.18479
2454924.45286 -21.44779
2454925.45291 -25.95194
2454926.45295 -30.04367
2454927.45300 -37.38921
2454928.45304 -39.32253
2454929.45309 -44.87435
2454930.45313 -40.21695
2454931.45318 -45.36576
2454932.45323 -39.15948
2454933.45327 -37.92627
2454934.45332 -32.95495
2454935.45336 -29.89644
2454936.45341 -22.69724
2454937.45345 -14.95656
2454938.45350 -8.29346
2454939.45355 -1.34086
2454940.45359 4.98846
2454941.45364 10.08462
2454942.45368 14.01790
2454943.45373 22.32540
2454944.45377 26.47258
2454945.45382 26.00485
2454946.45387 31.56886
2454947.45391 34.82313
2454948.45396 38.92619
2454949.45400 33.35443
2454950.45405 28.42926
2454951.45409 30.04816
2454952.45414 25.65138
2454953.45418 17.94722
2454954.45423 8.85205
2454955.45428 4.17773
2454956.45432 -3.34050
2454957.45437 -10.37862
2454958.45441 -15.81662
2454959.45446 -20.25266
2454960.45450 -31.43875
2454961.45455 -32.22902
2454962.45460 -44.19690
2454963.45464 -40.43352
2454964.45469 -46.89110
2454965.45473 -37.38945
2454966.45478 -48.73718
2454967.45482 -34.60961
2454968.45487 -37.53665
2454969.45491 -34.08608
2454970.45496 -25.62618
2454971.45501 -22.70712
2454972.45505 -18.12875
2454973.45510 -9.12309
2454974.45514 -2.55017
2454975.45519 4.75774
2454976.45523 11.66891
2454977.45528 18.42362
2454978.45533 25.00684
2454979.45537 30.78602
2454980.45542 31.33257
2454981.45546 30.42807
2454982.45551 39.39597
2454983.45555 30.17254
2454984.45560 34.68602
2454985.45564 35.53085
2454986.45569 27.54070
2454987.45574 23.67341
2454988.45578 18.80837
2454989.45583 9.27873
2454990.45587 2.85701
2454991.45592 -3.86522
2454992.45596 -9.94123
2454993.45601 -18.96617
2454994.45606 -23.91003
2454995.45610 -24.33595
2454996.45615 -32.09000
2454997.45619 -36.75608
2454998.45624 -39.87133
2454999.45628 -44.15460
2455000.45633 -48.73484
2455001.45637 -47.19908
2455002.45642 -38.36600
2455003.45647 -38.15319
2455004.45651 -35.85057
2455005.45656 -33.49293
2455006.45660 -23.19592
2455007.45665 -17.77995
2455008.45669 -11.05116
2455009.45674 -2.94652
2455010.45679 3.18303
2455011.45683 8.84727
2455012.45688 16.77616
2455013.45692 22.28173
2455014.45697 23.42008
2455015.45701 32.46403
2455016.45706 35.22620
2455017.45711 35.53308
2455018.45715 36.54330
2455019.45720 25.56625
2455020.45724 24.07942
2455021.45729 25.21545
2455022.45733 19.70392
2455023.45738 17.53887
2455024.45742 9.65733
2455025.45747 2.17113
2455026.45752 -5.99162
2455027.45756 -12.09797
2455028.45761 -20.24669
2455029.45765 -25.36323
2455030.45770 -30.76864
2455031.45774 -38.96999
2455032.45779 -41.46450
2455033.45784 -46.74220
2455034.45788 -46.47500
2455035.45793 -44.56698
2455036.45797 -45.81002
2455037.45802 -44.32954
2455038.45806 -39.31247
2455039.45811 -39.25117
2455040.45815 -29.45440
2455041.45820 -22.35842
2455227.46669 24.95568
2455228.46673 28.57820
2455229.46678 26.68884
2455230.46682 23.32332
2455231.46687 19.83353
2455232.46692 13.67053
2455233.46696 9.29187
2455234.46701 3.62952
2455235.46705 -3.78001
2455236.46710 -8.93218
2455237.46714 -13.80503
2455238.46719 -23.22611
2455239.46724 -30.24890
2455240.46728 -34.81962
2455241.46733 -38.00131
2455242.46737 -46.12616
2455243.46742 -48.81982
2455244.46746 -46.50883
2455245.46751 -58.64123
2455246.46755 -59.12896
2455247.46760 -53.05720
2455248.46765 -48.95618
2455249.46769 -44.32248
2455250.46774 -43.92947
2455251.46778 -34.49310
2455252.46783 -27.30285
2455253.46787 -13.78591
2455254.46792 -10.19643
2455255.46797 -3.02824
2455256.46801 4.34401
2455257.46806 9.44119
2455258.46810 15.69295
2455259.46815 19.01175
2455260.46819 24.04053
2455261.46824 28.94076
2455262.46829 25.45818
2455263.46833 31.03282
2455264.46838 29.62834
2455265.46842 21.12702
2455266.46847 20.54273
2455267.46851 14.77616
2455268.46856 9.20220
2455269.46860 2.40025
2455270.46865 -3.89208
2455271.46870 -9.66838
2455272.46874 -18.16799
2455273.46879 -23.45438
2455274.46883 -31.54282
2455275.46888 -35.94946
2455276.46892 -44.33548
2455277.46897 -44.89324
2455278.46902 -44.15524
2455279.46906 -55.00690
2455280.46911 -54.34013
2455281.46915 -47.53823
2455282.46920 -53.37143
2455283.46924 -45.13453
2455284.46929 -42.91345
2455285.46933 -40.03959
2455286.46938 -36.00377
2455287.46943 -19.90503
2455288.46947 -20.27106
2455289.46952 -10.29717
2455290.46956 -3.52443
2455291.46961 3.21141
2455292.46965 9.52286
2455293.46970 14.19458
2455294.46975 21.58355
2455295.46979 20.25868
2455296.46984 22.79011
2455297.46988 22.59649
2455298.46993 19.60702
2455299.46997 23.85599
2455300.47002 22.00461
2455301.47006 19.15593
2455302.47011 14.06593
2455303.47016 6.56265
2455304.47020 1.61247
2455305.47025 -4.37176
2455306.47029 -13.10241
2455307.47034 -18.89783
2455308.47038 -22.60442
2455309.47043 -33.29402
2455310.47048 -38.87268
2455311.47052 -44.49238
2455312.47057 -43.86982
2455313.47061 -46.55692
2455314.47066 -49.32889
2455315.47070 -66.70459
2455316.47075 -59.85782
2455317.47079 -49.76346
2455318.47084 -43.70250
2455319.47089 -40.34549
2455320.47093 -32.65254
2455321.47098 -33.98292
2455322.47102 -24.73851
2455323.47107 -21.87443
2455324.47111 -12.19161
2455325.47116 -5.09844
2455326.47121 2.56245
2455327.47125 9.93494
2455328.47130 16.15757
2455329.47134 16.93656
2455330.47139 22.35330
2455331.47143 27.42751
2455332.47148 25.07118
2455333.47153 25.40421
2455334.47157 26.65922
2455335.47162 20.95677
2455336.47166 20.38428
2455337.47171 12.04797
2455338.47175 7.26127
2455339.47180 1.04254
2455340.47184 -6.30075
2455341.47189 -13.14148
2455342.47194 -22.21164
2455343.47198 -28.10461
2455344.47203 -29.31701
2455345.47207 -38.65923
2455346.47212 -48.98272
2455347.47216 -50.29736
2455348.47221 -62.90432
2455349.47226 -47.74271
2455350.47230 -46.52846
2455351.47235 -58.54012
2455352.47239 -42.70604
2455353.47244 -45.48452
2455354.47248 -40.97353
2455355.47253 -43.11172
2455356.47257 -27.92310
2455357.47262 -24.98024
2455358.47267 -19.06623
2455359.47271 -10.84213
2455360.47276 -5.78977
2455361.47280 1.29121
2455362.47285 8.10265
2455363.47289 14.37569
2455364.47294 17.78781
2455365.47299 20.19887
2455366.47303 21.69258
2455367.47308 22.29767
2455368.47312 26.34962
2455369.47317 23.00642
2455370.47321 22.34651
2455371.47326 15.55669
2455372.47330 10.40272
2455373.47335 7.52604
2455374.47340 0.33763
2455375.47344 -7.05616
2455376.47349 -16.08136
2455377.47353 -19.41997
2455378.47358 -25.77253
2455379.47362 -33.22591
2455380.47367 -36.01257
2455381.47372 -42.93952
2455382.47376 -53.77299
2455383.47381 -53.43754
2455384.47385 -58.07139
2455385.47390 -50.69855
2455386.47394 -55.95149
2455387.47399 -57.54344
2455388.47403 -46.60566
2455389.47408 -48.69232
2455390.47413 -38.04743
2455391.47417 -34.24604
2455392.47422 -24.25251
2455393.47426 -19.44545
2455394.47431 -14.46516
2455395.47435 -6.12509
2455396.47440 0.72613
2455397.47445 7.68164
2455398.47449 12.55932
2455399.47454 16.58367
2455400.47458 20.51118
2455401.47463 21.37968
2455402.47467 19.97257
2455403.47472 21.49569
2455404.47476 21.27016
2455405.47481 18.59584
2455406.47486 17.70032
2455592.48334 -48.67581
2455593.48339 -58.55711
2455594.48344 -52.76445
2455595.48348 -57.23192
2455596.48353 -64.01356
2455597.48357 -55.98512
2455598.48362 -60.87950
2455599.48366 -45.36968
2455600.48371 -41.62867
2455601.48375 -31.72720
2455602.48380 -32.34309
2455603.48385 -26.28375
2455604.48389 -14.74087
2455605.48394 -9.06680
2455606.48398 -2.41551
2455607.48403 4.18278
2455608.48407 7.86533
2455609.48412 12.82525
2455610.48417 17.11084
2455611.48421 20.47646
2455612.48426 17.21757
2455613.48430 19.60629
2455614.48435 22.23932
2455615.48439 18.34355
2455616.48444 11.42687
2455617.48448 7.55787
2455618.48453 3.65463
2455619.48458 -3.31066
2455620.48462 -12.68133
2455621.48467 -17.81571
2455622.48471 -21.51055
2455623.48476 -29.68812
2455624.48480 -41.97890
2455625.48485 -52.29052
2455626.48490 -54.21543
2455627.48494 -60.42163
2455628.48499 -48.29286
2455629.48503 -63.88562
2455630.48508 -52.69965
2455631.48512 -64.13658
2455632.48517 -61.09423
2455633.48521 -52.61588
2455634.48526 -45.70586
2455635.48531 -44.63506
2455636.48535 -36.83474
2455637.48540 -28.74773
2455638.48544 -22.14097
2455639.48549 -12.43384
2455640.48553 -8.40462
2455641.48558 -2.24370
2455642.48563 3.09903
2455643.48567 9.31280
2455644.48572 13.50733
2455645.48576 15.61297
2455646.48581 20.17908
2455647.48585 19.51261
2455648.48590 22.17985
2455649.48595 17.05898
2455650.48599 19.75611
2455651.48604 13.91490
2455652.48608 8.44919
2455653.48613 3.21875
2455654.48617 -3.34149
2455655.48622 -12.26738
2455656.48626 -16.13293
2455657.48631 -23.70109
2455658.48636 -34.75979
2455659.48640 -35.26307
2455660.48645 -46.90659
2455661.48649 -56.67206
2455662.48654 -53.16856
2455663.48658 -57.06793
2455664.48663 -68.64020
2455665.48668 -55.89382
2455666.48672 -60.55059
2455667.48677 -72.48232
2455668.48681 -52.19797
2455669.48686 -52.81102
2455670.48690 -40.12784
2455671.48695 -35.22811
2455672.48699 -34.06228
2455673.48704 -26.65433
2455674.48709 -16.15401
2455675.48713 -10.40191
2455676.48718 -3.32623
2455677.48722 3.48006
2455678.48727 8.04431
2455679.48731 13.38447
2455680.48736 17.83235
2455681.48741 20.97719
2455682.48745 21.99172
2455683.48750 19.64861
2455684.48754 23.04980
2455685.48759 16.96003
2455686.48763 12.95701
2455687.48768 8.04024
2455688.48772 2.30509
2455689.48777 -4.24560
2455690.48782 -10.01705
2455691.48786 -17.80016
2455692.48791 -25.16642
2455693.48795 -32.81437
2455694.48800 -38.59787
2455695.48804 -36.90720
2455696.48809 -52.08398
2455697.48814 -58.56637
2455698.48818 -51.88220
2455699.48823 -59.19001
2455700.48827 -56.26545
2455701.48832 -53.90244
2455702.48836 -58.62545
2455703.48841 -47.64799
2455704.48845 -45.73209
2455705.48850 -42.30537
2455706.48855 -36.94077
2455707.48859 -33.06407
2455708.48864 -21.16791
2455709.48868 -18.09265
2455710.48873 -10.06667
2455711.48877 -4.28963
2455712.48882 2.77505
2455713.48887 8.75407
2455714.48891 13.03012
2455715.48896 16.68909
2455716.48900 15.71884
2455717.48905 17.91873
2455718.48909 21.33781
2455719.48914 20.70979
2455720.48918 17.30551
2455721.48923 12.91499
2455722.48928 8.08156
2455723.48932 2.28203
2455724.48937 -3.53829
2455725.48941 -12.69430
2455726.48946 -17.38361
2455727.48950 -25.00992
2455728.48955 -35.32709
2455729.48960 -39.63158
2455730.48964 -44.72483
2455731.48969 -59.47256
2455732.48973 -50.55197
2455733.48978 -63.82684
2455734.48982 -64.72376
2455735.48987 -62.48529
2455736.48992 -64.26195
2455737.48996 -55.41539
2455738.49001 -54.15304
2455739.49005 -48.75996
2455740.49010 -46.59417
2455741.49014 -32.47076
2455742.49019 -26.03960
2455743.49023 -25.25394
2455744.49028 -16.93038
2455745.49033 -10.36787
2455746.49037 -3.34428
2455747.49042 2.71190
2455748.49046 8.71952
2455749.49051 15.86438
2455750.49055 17.73990
2455751.49060 19.60159
2455752.49065 19.81070
2455753.49069 17.39733
2455754.49074 17.74325
2455755.49078 15.52990
2455756.49083 12.72948
2455757.49087 6.88356
2455758.49092 1.68102
2455759.49096 -4.50394
2455760.49101 -11.31028
2455761.49106 -17.82918
2455762.49110 -25.10553
2455763.49115 -31.67922
2455764.49119 -36.63368
2455765.49124 -47.11161
2455766.49128 -47.83597
2455767.49133 -55.87163
2455768.49138 -64.05775
2455769.49142 -58.63885
2455770.49147 -46.53510
2455771.49151 -55.80611
2455957.50000 2.54036
