2445000.00000 5.01697
2445001.00005 4.22220
2445002.00009 4.13896
2445003.00014 3.60736
2445004.00018 3.20423
2445005.00023 1.06933
2445006.00027 -0.53156
2445007.00032 -2.40066
2445008.00037 -4.09766
2445009.00041 -6.95333
2445010.00046 -8.72584
2445011.00050 -8.43265
2445012.00055 -12.40043
2445013.00059 -13.25696
2445014.00064 -11.42723
2445015.00068 -11.00351
2445016.00073 -14.88745
2445017.00078 -8.99583
2445018.00082 -9.69521
2445019.00087 -6.28653
2445020.00091 -5.74412
2445021.00096 -3.97048
2445022.00100 -1.83841
2445023.00105 0.01108
2445024.00110 1.58023
2445025.00114 3.08982
2445026.00119 3.55483
2445027.00123 4.29261
2445028.00128 4.36729
2445029.00132 3.58350
2445030.00137 2.74034
2445031.00141 1.75751
2445032.00146 -0.14856
2445033.00151 -2.04684
2445034.00155 -4.13639
2445035.00160 -6.98119
2445036.00164 -7.56576
2445037.00169 -8.77747
2445038.00173 -10.77107
2445039.00178 -11.23613
2445040.00183 -10.58560
2445041.00187 -12.05764
2445042.00192 -10.52501
2445043.00196 -10.53549
2445044.00201 -9.52578
2445045.00205 -6.35241
2445046.00210 -5.45131
2445047.00214 -4.02097
2445048.00219 -1.81700
2445049.00224 -0.11300
2445050.00228 1.54437
2445051.00233 3.54014
2445052.00237 3.68434
2445053.00242 4.16030
2445054.00246 3.62688
2445055.00251 3.21362
2445056.00256 2.79600
2445057.00260 1.60372
2445058.00265 0.19121
2445059.00269 -1.72795
2445060.00274 -2.98697
2445061.00278 -5.53058
2445062.00283 -8.04490
2445063.00287 -9.79631
2445064.00292 -8.69851
2445065.00297 -11.57277
2445066.00301 -11.73211
2445067.00306 -10.74307
2445068.00310 -11.03406
2445069.00315 -10.28699
2445070.00319 -9.39260
2445071.00324 -8.82136
2445072.00329 -6.35758
2445073.00333 -4.21851
2445074.00338 -1.66374
2445075.00342 -0.27245
2445076.00347 1.53397
2445077.00351 3.04320
2445078.00356 3.82252
2445079.00361 4.29122
2445080.00365 5.11362
2445081.00370 4.50922
2445082.00374 3.21930
2445083.00379 2.21344
2445084.00383 0.49038
2445085.00388 -1.53072
2445086.00392 -3.48186
2445087.00397 -4.89428
2445088.00402 -7.33659
2445089.00406 -8.54145
2445090.00411 -9.94540
2445091.00415 -11.14911
2445092.00420 -10.61529
2445093.00424 -13.56919
2445094.00429 -10.44756
2445095.00434 -9.77061
2445096.00438 -9.76910
2445097.00443 -8.23381
2445098.00447 -6.08009
2445099.00452 -4.48209
2445100.00456 -1.80090
2445101.00461 -0.46842
2445102.00465 1.44139
2445103.00470 2.79623
2445104.00475 3.78749
2445105.00479 4.08189
2445106.00484 4.11692
2445107.00488 3.84789
2445108.00493 4.11852
2445109.00497 2.22868
2445110.00502 1.09070
2445111.00507 -1.03910
2445112.00511 -2.98265
2445113.00516 -4.03184
2445114.00520 -5.24012
2445115.00525 -10.22149
2445116.00529 -10.03809
2445117.00534 -10.12960
2445118.00538 -12.60005
2445119.00543 -9.63424
2445120.00548 -10.62490
2445121.00552 -13.13286
2445122.00557 -9.81974
2445123.00561 -7.85073
2445124.00566 -6.02682
2445125.00570 -4.96438
2445126.00575 -2.67996
2445127.00580 -0.61023
2445128.00584 1.21926
2445129.00589 2.64865
2445130.00593 4.05556
2445131.00598 4.52232
2445132.00602 4.77967
2445133.00607 4.07734
2445134.00611 3.85440
2445135.00616 2.67397
2445136.00621 1.32392
2445137.00625 -0.44889
2445138.00630 -2.25825
2445139.00634 -4.78309
2445140.00639 -6.36087
2445141.00643 -6.38497
2445142.00648 -9.45442
2445143.00653 -9.05405
2445144.00657 -13.02782
2445145.00662 -13.57929
2445146.00666 -11.41919
2445147.00671 -10.67100
2445148.00675 -9.98628
2445149.00680 -8.99096
2445150.00684 -6.71567
2445151.00689 -4.74540
2445152.00694 -2.65595
2445153.00698 -0.71344
2445154.00703 1.15195
2445155.00707 2.64938
2445156.00712 3.78473
2445157.00716 4.81189
2445158.00721 5.40126
2445159.00726 4.27575
2445160.00730 4.28315
2445161.00735 3.13843
2445162.00739 1.99412
2445163.00744 -0.08190
2445164.00748 -1.87765
2445165.00753 -3.63992
2445166.00758 -6.67228
2445167.00762 -8.03279
2445168.00767 -8.88173
2445169.00771 -10.08511
2445170.00776 -11.70407
2445171.00780 -12.46020
2445172.00785 -8.31566
2445173.00789 -11.89700
2445174.00794 -8.55395
2445175.00799 -7.42078
2445176.00803 -7.17853
2445177.00808 -4.28150
2445178.00812 -2.69339
2445179.00817 -0.79723
2445366.01670 5.41300
2445367.01675 5.26821
2445368.01679 5.51906
2445369.01684 5.37082
2445370.01688 4.00708
2445371.01693 2.93445
2445372.01698 1.53969
2445373.01702 -0.53440
2445374.01707 -2.65985
2445375.01711 -4.61855
2445376.01716 -5.64101
2445377.01720 -8.13777
2445378.01725 -9.11193
2445379.01729 -10.73271
2445380.01734 -9.35328
2445381.01739 -9.63446
2445382.01743 -8.89317
2445383.01748 -8.23399
2445384.01752 -8.13049
2445385.01757 -5.10839
2445386.01761 -3.33675
2445387.01766 -1.63247
2445388.01771 0.20580
2445389.01775 1.81983
2445390.01780 4.26511
2445391.01784 5.20880
2445392.01789 5.26571
2445393.01793 6.84762
2445394.01798 6.16327
2445395.01803 5.79735
2445396.01807 4.56158
2445397.01812 2.72992
2445398.01816 1.51951
2445399.01821 -0.09315
2445400.01825 -1.92031
2445401.01830 -3.88596
2445402.01834 -4.71058
2445403.01839 -7.55641
2445404.01844 -9.54754
2445405.01848 -9.50403
2445406.01853 -9.79178
2445407.01857 -9.05019
2445408.01862 -9.75742
2445409.01866 -8.99030
2445410.01871 -7.43845
2445411.01876 -4.95279
2445412.01880 -3.80173
2445413.01885 -1.90438
2445414.01889 0.09175
2445415.01894 2.22500
2445416.01898 3.43326
2445417.01903 4.81490
2445418.01907 5.05774
2445419.01912 6.07054
2445420.01917 5.83760
2445421.01921 5.66206
2445422.01926 6.18577
2445423.01930 3.11643
2445424.01935 1.99557
2445425.01939 0.32310
2445426.01944 -1.68553
2445427.01949 -3.37094
2445428.01953 -5.60231
2445429.01958 -6.65137
2445430.01962 -6.85958
2445431.01967 -11.01168
2445432.01971 -8.90519
2445433.01976 -10.94267
2445434.01980 -10.92377
2445435.01985 -7.95915
2445436.01990 -7.00960
2445437.01994 -4.56248
2445438.01999 -3.61729
2445439.02003 -2.10270
2445440.02008 -0.00371
2445441.02012 1.89978
2445442.02017 3.43457
2445443.02022 4.17097
2445444.02026 5.50392
2445445.02031 6.25321
2445446.02035 6.95052
2445447.02040 5.99161
2445448.02044 5.42560
2445449.02049 4.56874
2445450.02053 2.57950
2445451.02058 0.79336
2445452.02063 -0.99191
2445453.02067 -2.99563
2445454.02072 -4.81308
2445455.02076 -5.14994
2445456.02081 -7.84978
2445457.02085 -8.77425
2445458.02090 -10.58105
2445459.02095 -8.11530
2445460.02099 -9.18405
2445461.02104 -8.17205
2445462.02108 -8.04827
2445463.02113 -5.98513
2445464.02117 -3.68973
2445465.02122 -2.03894
2445466.02126 -0.08153
2445467.02131 1.70039
2445468.02136 2.99280
2445469.02140 4.55409
2445470.02145 6.54383
2445471.02149 7.32456
2445472.02154 6.41860
2445473.02158 5.66117
2445474.02163 4.67643
2445475.02168 3.53729
2445476.02172 2.90321
2445477.02177 1.20726
2445478.02181 -0.76616
2445479.02186 -3.06784
2445480.02190 -3.85065
2445481.02195 -5.10768
2445482.02200 -7.49819
2445483.02204 -7.73621
2445484.02209 -7.81445
2445485.02213 -10.10729
2445486.02218 -7.81874
2445487.02222 -9.32816
2445488.02227 -6.97204
2445489.02231 -7.37040
2445490.02236 -3.48630
2445491.02241 -2.16856
2445492.02245 -0.19348
2445493.02250 1.79413
2445494.02254 2.82812
2445495.02259 4.64429
2445496.02263 5.21481
2445497.02268 6.21144
2445498.02273 6.36262
2445499.02277 6.18830
2445500.02282 5.54477
2445501.02286 5.53954
2445502.02291 3.34020
2445503.02295 1.75860
2445504.02300 -0.25446
2445505.02304 -2.32192
2445506.02309 -4.35967
2445507.02314 -5.89289
2445508.02318 -7.48292
2445509.02323 -8.34693
2445510.02327 -7.90068
2445511.02332 -8.02121
2445512.02336 -9.15449
2445513.02341 -9.85165
2445514.02346 -7.58947
2445515.02350 -5.63878
2445516.02355 -2.99026
2445517.02359 -2.38799
2445518.02364 -0.24197
2445519.02368 1.81037
2445520.02373 3.21074
2445521.02377 5.43787
2445522.02382 6.07184
2445523.02387 6.25615
2445524.02391 7.05891
2445525.02396 7.16989
2445526.02400 6.00739
2445527.02405 5.76118
2445528.02409 3.79934
2445529.02414 1.95818
2445530.02419 0.24837
2445531.02423 -1.59395
2445532.02428 -3.75762
2445533.02432 -6.40916
2445534.02437 -7.06807
2445535.02441 -7.12357
2445536.02446 -8.32309
2445537.02450 -8.13214
2445538.02455 -8.39649
2445539.02460 -6.64191
2445540.02464 -6.54449
2445541.02469 -5.67100
2445542.02473 -4.09466
2445543.02478 -2.32642
2445544.02482 -0.33600
2445545.02487 1.87579
2445731.03336 8.25716
2445732.03340 8.91673
2445733.03345 8.13064
2445734.03349 8.30422
2445735.03354 8.59479
2445736.03359 6.20507
2445737.03363 5.68483
2445738.03368 4.02443
2445739.03372 2.19596
2445740.03377 0.04698
2445741.03381 -1.58428
2445742.03386 -4.14356
2445743.03391 -4.11759
2445744.03395 -7.03235
2445745.03400 -5.69339
2445746.03404 -7.07517
2445747.03409 -6.15557
2445748.03413 -6.62151
2445749.03418 -5.40616
2445750.03422 -4.39575
2445751.03427 -2.73306
2445752.03432 -0.92510
2445753.03436 0.90794
2445754.03441 2.71629
2445755.03445 4.25923
2445756.03450 6.86152
2445757.03454 7.91372
2445758.03459 7.86060
2445759.03464 8.20978
2445760.03468 8.52177
2445761.03473 7.96117
2445762.03477 8.13359
2445763.03482 5.35033
2445764.03486 3.52592
2445765.03491 2.50036
2445766.03495 0.46384
2445767.03500 -1.52392
2445768.03505 -2.51200
2445769.03509 -4.18019
2445770.03514 -5.20453
2445771.03518 -7.30380
2445772.03523 -7.58661
2445773.03527 -5.80405
2445774.03532 -6.25426
2445775.03537 -4.61964
2445776.03541 -4.87929
2445777.03546 -3.06205
2445778.03550 -1.08153
2445779.03555 0.58107
2445780.03559 3.00292
2445781.03564 4.84558
2445782.03568 5.57180
2445783.03573 6.22144
2445784.03578 8.36026
2445785.03582 9.94720
2445786.03587 9.72362
2445787.03591 10.00227
2445788.03596 6.65213
2445789.03600 5.94396
2445790.03605 5.00012
2445791.03610 2.90478
2445792.03614 0.85600
2445793.03619 -1.02439
2445794.03623 -2.60346
2445795.03628 -4.75483
2445796.03632 -5.07543
2445797.03637 -6.01474
2445798.03642 -6.56281
2445799.03646 -7.46457
2445800.03651 -6.58320
2445801.03655 -5.01491
2445802.03660 -4.94834
2445803.03664 -3.05623
2445804.03669 -1.28614
2445805.03673 0.68992
2445806.03678 2.74163
2445807.03683 5.01757
2445808.03687 6.04549
2445809.03692 8.39713
2445810.03696 7.98094
2445811.03701 7.91598
2445812.03705 10.82539
2445813.03710 6.99182
2445814.03715 8.64465
2445815.03719 6.04250
2445816.03724 4.73945
2445817.03728 3.77712
2445818.03733 1.46034
2445819.03737 -0.49680
2445820.03742 -2.27789
2445821.03746 -3.69407
2445822.03751 -5.72037
2445823.03756 -6.68514
2445824.03760 -6.98980
2445825.03765 -6.84301
2445826.03769 -6.79021
2445827.03774 -5.74345
2445828.03778 -4.79217
2445829.03783 -2.74311
2445830.03788 -0.91591
2445831.03792 0.60677
2445832.03797 2.97732
2445833.03801 4.41827
2445834.03806 5.67215
2445835.03810 7.70330
2445836.03815 8.09541
2445837.03819 9.44103
2445838.03824 7.22958
2445839.03829 8.81294
2445840.03833 8.82462
2445841.03838 6.01746
2445842.03842 6.14110
2445843.03847 3.13710
2445844.03851 1.62922
2445845.03856 -0.04530
2445846.03861 -1.93519
2445847.03865 -3.77929
2445848.03870 -4.20482
2445849.03874 -5.34744
2445850.03879 -7.10247
2445851.03883 -6.75171
2445852.03888 -5.36452
2445853.03892 -5.59837
2445854.03897 -4.41553
2445855.03902 -2.82479
2445856.03906 -1.24040
2445857.03911 0.58050
2445858.03915 2.55445
2445859.03920 4.25779
2445860.03924 6.63641
2445861.03929 7.96988
2445862.03934 9.15136
2445863.03938 9.26393
2445864.03943 9.30677
2445865.03947 8.13660
2445866.03952 8.88574
2445867.03956 7.00372
2445868.03961 5.94266
2445869.03966 4.40083
2445870.03970 2.33110
2445871.03975 0.35106
2445872.03979 -1.22612
2445873.03984 -3.24846
2445874.03988 -4.49414
2445875.03993 -6.04317
2445876.03997 -5.74185
2445877.04002 -7.09965
2445878.04007 -6.51734
2445879.04011 -5.07275
2445880.04016 -4.19922
2445881.04020 -2.64782
2445882.04025 -1.18676
2445883.04029 0.36609
2445884.04034 2.15894
2445885.04039 4.55510
2445886.04043 6.81203
2445887.04048 6.66136
2445888.04052 9.23793
2445889.04057 7.99127
2445890.04061 9.79666
2445891.04066 8.35993
2445892.04070 9.99408
2445893.04075 7.76700
2445894.04080 5.72890
2445895.04084 5.51706
2445896.04089 2.74214
2445897.04093 0.91667
2445898.04098 -1.11675
2445899.04102 -2.44688
2445900.04107 -4.31583
2445901.04112 -4.34658
2445902.04116 -6.86835
2445903.04121 -6.12897
2445904.04125 -6.79942
2445905.04130 -6.24827
2445906.04134 -4.61294
2445907.04139 -3.32258
2445908.04143 -1.19242
2445909.04148 0.41320
2445910.04153 2.32352
2446096.05001 7.94553
2446097.05006 7.43509
2446098.05010 10.26663
2446099.05015 10.60223
2446100.05020 10.24487
2446101.05024 11.35969
2446102.05029 7.45976
2446103.05033 6.91183
2446104.05038 5.76292
2446105.05042 4.51655
2446106.05047 2.35956
2446107.05052 0.44221
2446108.05056 -1.27529
2446109.05061 -2.35673
2446110.05065 -4.00041
2446111.05070 -4.55240
2446112.05074 -5.04261
2446113.05079 -5.31720
2446114.05084 -4.28019
2446115.05088 -3.29464
2446116.05093 -1.95647
2446117.05097 -0.39824
2446118.05102 1.18478
2446119.05106 2.87724
2446120.05111 4.84155
2446121.05115 6.87864
2446122.05120 8.17100
2446123.05125 11.30155
2446124.05129 10.87243
2446125.05134 11.02575
2446126.05138 8.97623
2446127.05143 11.10490
2446128.05147 9.28542
2446129.05152 7.14249
2446130.05157 6.87147
2446131.05161 4.79422
2446132.05166 2.87948
2446133.05170 0.75425
2446134.05175 -1.10605
2446135.05179 -2.10483
2446136.05184 -3.44595
2446137.05188 -3.78736
2446138.05193 -3.40085
2446139.05198 -5.64887
2446140.05202 -3.63819
2446141.05207 -3.57328
2446142.05211 -1.99488
2446143.05216 -0.65688
2446144.05220 1.16755
2446145.05225 3.00433
2446146.05230 4.60501
2446147.05234 7.57364
2446148.05239 7.83875
2446149.05243 9.38115
2446150.05248 10.06088
2446151.05252 10.02276
2446152.05257 12.34159
2446153.05261 10.63129
2446154.05266 7.38316
2446155.05271 8.49656
2446156.05275 6.61339
2446157.05280 5.06388
2446158.05284 3.06825
2446159.05289 1.37831
2446160.05293 -0.43394
2446161.05298 -2.48384
2446162.05303 -3.84982
2446163.05307 -3.57777
2446164.05312 -4.38065
2446165.05316 -4.48869
2446166.05321 -4.23974
2446167.05325 -3.42417
2446168.05330 -1.99173
2446169.05334 -0.71249
2446170.05339 0.97429
2446171.05344 2.87517
2446172.05348 4.74407
2446173.05353 6.65278
2446174.05357 7.12737
2446175.05362 7.51532
2446176.05366 9.78681
2446177.05371 12.07757
2446178.05376 10.22174
2446179.05380 9.64853
2446180.05385 9.02415
2446181.05389 10.08364
2446182.05394 7.41241
2446183.05398 4.82054
2446184.05403 3.16658
2446185.05408 1.83869
2446186.05412 -0.15070
2446187.05417 -1.67745
2446188.05421 -3.15503
2446189.05426 -4.05604
2446190.05430 -4.53440
2446191.05435 -4.61590
2446192.05439 -4.00586
2446193.05444 -3.75447
2446194.05449 -2.14146
2446195.05453 -0.79008
2446196.05458 1.16850
2446197.05462 2.93715
2446198.05467 4.66212
2446199.05471 6.39277
2446200.05476 7.71237
2446201.05481 11.04188
2446202.05485 9.80039
2446203.05490 12.33490
2446204.05494 12.65695
2446205.05499 11.12198
2446206.05503 9.88609
2446207.05508 9.60103
2446208.05512 6.46103
2446209.05517 4.80933
2446210.05522 3.21056
2446211.05526 1.81247
2446212.05531 0.20470
2446213.05535 -1.50474
2446214.05540 -2.57881
2446215.05544 -3.74951
2446216.05549 -4.71370
2446217.05554 -4.66878
2446218.05558 -4.28371
2446219.05563 -3.33203
2446220.05567 -2.27878
2446221.05572 -0.84867
2446222.05576 0.88672
2446223.05581 3.24682
2446224.05585 4.36829
2446225.05590 6.25735
2446226.05595 10.35519
2446227.05599 10.84349
2446228.05604 9.53442
2446229.05608 11.02441
2446230.05613 13.31359
2446231.05617 9.84281
2446232.05622 9.31107
2446233.05627 7.97840
2446234.05631 7.55031
2446235.05636 5.98851
2446236.05640 3.68113
2446237.05645 2.68666
2446238.05649 0.42317
2446239.05654 -1.02820
2446240.05658 -1.66391
2446241.05663 -4.08682
2446242.05668 -4.06363
2446243.05672 -3.83727
2446244.05677 -3.76326
2446245.05681 -3.39310
2446246.05686 -2.46878
2446247.05690 -1.01909
2446248.05695 0.76589
2446249.05700 2.35726
2446250.05704 3.89046
2446251.05709 5.81322
2446252.05713 8.03239
2446253.05718 7.91957
2446254.05722 11.14576
2446255.05727 11.40075
2446256.05731 11.56487
2446257.05736 10.05689
2446258.05741 10.32862
2446259.05745 9.93139
2446260.05750 8.30089
2446261.05754 7.02561
2446262.05759 4.64269
2446263.05763 2.81074
2446264.05768 0.72421
2446265.05773 -0.84792
2446266.05777 -2.14992
2446267.05782 -2.94115
2446268.05786 -3.03252
2446269.05791 -4.55297
2446270.05795 -3.67697
2446271.05800 -3.15035
2446272.05805 -2.46381
2446273.05809 -0.89285
2446274.05814 0.59316
2446275.05818 2.08745
2446461.06667 7.55889
2446462.06672 10.79642
2446463.06676 9.36296
2446464.06681 10.76612
2446465.06685 10.89307
2446466.06690 10.11352
2446467.06694 11.09833
2446468.06699 9.55760
2446469.06703 9.82920
2446470.06708 7.57762
2446471.06713 4.36362
2446472.06717 3.31420
2446473.06722 1.73803
2446474.06726 0.03869
2446475.06731 -1.62043
2446476.06735 -2.55235
2446477.06740 -3.28762
2446478.06745 -3.45408
2446479.06749 -3.86811
2446480.06754 -2.97557
2446481.06758 -1.75451
2446482.06763 -0.59832
2446483.06767 1.08698
2446484.06772 2.75844
2446485.06776 3.77095
2446486.06781 5.83224
2446487.06786 8.45806
2446488.06790 9.72919
2446489.06795 11.65210
2446490.06799 10.90814
2446491.06804 11.96189
2446492.06808 11.95694
2446493.06813 10.95362
2446494.06818 11.18504
2446495.06822 8.19015
2446496.06827 7.92828
2446497.06831 5.63044
2446498.06836 3.92406
2446499.06840 1.69940
2446500.06845 0.35734
2446501.06850 -1.22331
2446502.06854 -2.09008
2446503.06859 -3.13724
2446504.06863 -3.88977
2446505.06868 -3.04250
2446506.06872 -2.96738
2446507.06877 -2.26636
2446508.06881 -0.88105
2446509.06886 0.81376
2446510.06891 2.52284
2446511.06895 3.81794
2446512.06900 6.96072
2446513.06904 8.52904
2446514.06909 10.03694
2446515.06913 10.57741
2446516.06918 10.96361
2446517.06923 10.99739
2446518.06927 11.35460
2446519.06932 11.84987
2446520.06936 11.19891
2446521.06941 9.53124
2446522.06945 8.89060
2446523.06950 5.19432
2446524.06954 3.91017
2446525.06959 1.62646
2446526.06964 0.54363
2446527.06968 -0.83163
2446528.06973 -2.38363
2446529.06977 -2.74845
2446530.06982 -3.81623
2446531.06986 -3.23088
2446532.06991 -2.87784
2446533.06996 -2.10032
2446534.07000 -0.84767
2446535.07005 0.61550
2446536.07009 2.62126
2446537.07014 4.91153
2446538.07018 4.93067
2446539.07023 6.51227
2446540.07027 8.66002
2446541.07032 12.20935
2446542.07037 10.47492
2446543.07041 12.23441
2446544.07046 9.89156
2446545.07050 10.57135
2446546.07055 12.06213
2446547.07059 10.51071
2446548.07064 8.74665
2446549.07069 5.63410
2446550.07073 4.82555
2446551.07078 2.27409
2446552.07082 0.75694
2446553.07087 -0.69459
2446554.07091 -2.18165
2446555.07096 -2.58303
2446556.07100 -3.70849
2446557.07105 -3.27396
2446558.07110 -2.93381
2446559.07114 -2.31031
2446560.07119 -1.13623
2446561.07123 0.32832
2446562.07128 1.99908
2446563.07132 4.55809
2446564.07137 6.29562
2446565.07142 7.10469
2446566.07146 8.99482
2446567.07151 10.05071
2446568.07155 10.59661
2446569.07160 12.73355
2446570.07164 12.92844
2446571.07169 10.99809
2446572.07173 11.69574
2446573.07178 12.09722
2446574.07183 8.41934
2446575.07187 6.64461
2446576.07192 4.26554
2446577.07196 3.01700
2446578.07201 1.04109
2446579.07205 -0.46842
2446580.07210 -1.70936
2446581.07215 -2.72779
2446582.07219 -3.34023
2446583.07224 -3.25883
2446584.07228 -2.98876
2446585.07233 -1.94278
2446586.07237 -1.05399
2446587.07242 0.15845
2446588.07247 2.02818
2446589.07251 3.40118
2446590.07256 6.47662
2446591.07260 6.85206
2446592.07265 8.53459
2446593.07269 10.48469
2446594.07274 11.49597
2446595.07278 11.67823
2446596.07283 12.72071
2446597.07288 11.63122
2446598.07292 10.49261
2446599.07297 8.60622
2446600.07301 10.27751
2446601.07306 7.73136
2446602.07310 4.86249
2446603.07315 3.03249
2446604.07320 1.48152
2446605.07324 -0.26251
2446606.07329 -1.63270
2446607.07333 -2.75085
2446608.07338 -2.98951
2446609.07342 -2.86034
2446610.07347 -2.67846
2446611.07351 -2.24654
2446612.07356 -1.34615
2446613.07361 -0.04439
2446614.07365 1.41850
2446615.07370 3.16289
2446616.07374 5.40754
2446617.07379 7.81265
2446618.07383 9.21751
2446619.07388 11.50899
2446620.07393 10.17083
2446621.07397 10.63356
2446622.07402 12.08323
2446623.07406 12.89000
2446624.07411 9.89850
2446625.07415 9.32166
2446626.07420 9.01564
2446627.07424 6.50832
2446628.07429 5.42523
2446629.07434 3.99919
2446630.07438 1.61836
2446631.07443 -0.06373
2446632.07447 -1.36014
2446633.07452 -2.90195
2446634.07456 -3.14693
2446635.07461 -3.95705
2446636.07466 -3.21262
2446637.07470 -2.64324
2446638.07475 -1.76489
2446639.07479 -0.25356
2446640.07484 1.23045
2446827.08337 8.49126
2446828.08342 8.83939
2446829.08346 10.92335
2446830.08351 11.04986
2446831.08355 9.27899
2446832.08360 13.59717
2446833.08365 10.14945
2446834.08369 9.50575
2446835.08374 7.97144
2446836.08378 6.68529
2446837.08383 5.94019
2446838.08387 3.52966
2446839.08392 1.69175
2446840.08396 -0.11364
2446841.08401 -1.46078
2446842.08406 -3.00028
2446843.08410 -4.31480
2446844.08415 -3.43704
2446845.08419 -3.58156
2446846.08424 -2.94746
2446847.08428 -2.31717
2446848.08433 -0.79491
2446849.08438 1.02011
2446850.08442 2.81119
2446851.08447 4.75888
2446852.08451 5.16980
2446853.08456 7.26802
2446854.08460 10.02759
2446855.08465 8.30047
2446856.08469 11.80121
2446857.08474 11.28545
2446858.08479 11.15554
2446859.08483 9.62356
2446860.08488 9.76594
2446861.08492 9.54965
2446862.08497 5.95821
2446863.08501 6.15237
2446864.08506 3.53891
2446865.08511 1.50709
2446866.08515 0.04925
2446867.08520 -1.46713
2446868.08524 -2.95354
2446869.08529 -3.82241
2446870.08533 -3.75936
2446871.08538 -3.85930
2446872.08542 -3.14038
2446873.08547 -2.12265
2446874.08552 -0.96506
2446875.08556 0.54318
2446876.08561 2.23654
2446877.08565 3.96124
2446878.08570 5.83205
2446879.08574 6.92770
2446880.08579 9.67454
2446881.08584 10.35834
2446882.08588 10.53344
2446883.08593 10.83926
2446884.08597 12.77946
2446885.08602 10.27157
2446886.08606 10.53667
2446887.08611 8.76011
2446888.08615 8.24738
2446889.08620 5.08521
2446890.08625 3.72384
2446891.08629 2.19190
2446892.08634 0.21858
2446893.08638 -1.61328
2446894.08643 -2.35219
2446895.08647 -3.32514
2446896.08652 -3.76565
2446897.08657 -3.92579
2446898.08661 -3.61153
2446899.08666 -2.25959
2446900.08670 -1.17251
2446901.08675 0.30602
2446902.08679 2.19346
2446903.08684 3.85971
2446904.08689 5.96472
2446905.08693 8.45549
2446906.08698 8.74163
2446907.08702 10.14117
2446908.08707 9.05210
2446909.08711 11.27621
2446910.08716 12.29679
2446911.08720 10.82778
2446912.08725 9.38873
2446913.08730 6.82425
2446914.08734 8.77608
2446915.08739 6.27441
2446916.08743 3.46966
2446917.08748 2.17571
2446918.08752 0.35619
2446919.08757 -1.24292
2446920.08762 -2.41122
2446921.08766 -2.71186
2446922.08771 -4.69198
2446923.08775 -3.81569
2446924.08780 -3.34871
2446925.08784 -2.47610
2446926.08789 -1.39461
2446927.08793 -0.00771
2446928.08798 1.59710
2446929.08803 3.32354
2446930.08807 4.65830
2446931.08812 7.00782
2446932.08816 8.03995
2446933.08821 9.86714
2446934.08825 10.81445
2446935.08830 10.15658
2446936.08835 11.12293
2446937.08839 10.97730
2446938.08844 11.37362
2446939.08848 7.67458
2446940.08853 8.19139
2446941.08857 6.06133
2446942.08862 3.54869
2446943.08866 2.17928
2446944.08871 0.49752
2446945.08876 -1.16431
2446946.08880 -2.19846
2446947.08885 -3.08408
2446948.08889 -3.60939
2446949.08894 -4.15985
2446950.08898 -3.51309
2446951.08903 -3.39686
2446952.08908 -1.65719
2446953.08912 -0.27577
2446954.08917 1.23445
2446955.08921 3.40617
2446956.08926 4.67517
2446957.08930 7.05121
2446958.08935 7.72374
2446959.08939 10.15636
2446960.08944 11.66928
2446961.08949 9.16053
2446962.08953 11.31942
2446963.08958 10.35342
2446964.08962 10.27866
2446965.08967 8.88962
2446966.08971 5.14370
2446967.08976 6.57905
2446968.08981 4.73880
2446969.08985 2.28971
2446970.08990 0.56414
2446971.08994 -0.82280
2446972.08999 -2.30106
2446973.09003 -3.23263
2446974.09008 -3.88368
2446975.09013 -3.77466
2446976.09017 -3.94369
2446977.09022 -3.14183
2446978.09026 -1.45079
2446979.09031 -0.69075
2446980.09035 0.94745
2446981.09040 2.38520
2446982.09044 4.82668
2446983.09049 6.10221
2446984.09054 8.51041
2446985.09058 8.66082
2446986.09063 10.42620
2446987.09067 11.05244
2446988.09072 11.29855
2446989.09076 8.99550
2446990.09081 10.05954
2446991.09086 9.07886
2446992.09090 7.11917
2446993.09095 5.48006
2446994.09099 4.40511
2446995.09104 2.26211
2446996.09108 0.74143
2446997.09113 -0.76810
2446998.09117 -2.12973
2446999.09122 -3.78897
2447000.09127 -4.42291
2447001.09131 -4.38737
2447002.09136 -3.46820
2447003.09140 -3.85797
2447004.09145 -2.44815
2447005.09149 -0.99627
2447006.09154 0.75351
2447192.10003 4.77314
2447193.10007 6.29566
2447194.10012 9.28237
2447195.10016 9.15254
2447196.10021 11.80844
2447197.10026 11.39332
2447198.10030 10.40862
2447199.10035 7.70131
2447200.10039 7.64983
2447201.10044 7.22707
2447202.10048 5.63391
2447203.10053 3.83118
2447204.10057 1.66137
2447205.10062 0.02300
2447206.10067 -1.60620
2447207.10071 -2.89592
2447208.10076 -4.62620
2447209.10080 -4.23541
2447210.10085 -5.68016
2447211.10089 -4.46737
2447212.10094 -4.84228
2447213.10099 -3.37690
2447214.10103 -1.99405
2447215.10108 -0.46262
2447216.10112 1.29229
2447217.10117 2.90163
2447218.10121 5.63605
2447219.10126 6.80801
2447220.10131 8.75736
2447221.10135 9.05944
2447222.10140 9.50689
2447223.10144 10.51976
2447224.10149 10.84010
2447225.10153 10.41397
2447226.10158 7.47212
2447227.10162 5.87476
2447228.10167 5.22755
2447229.10172 3.95071
2447230.10176 1.86833
2447231.10181 0.10355
2447232.10185 -1.59580
2447233.10190 -3.08298
2447234.10194 -4.49202
2447235.10199 -4.57005
2447236.10204 -4.31972
2447237.10208 -4.25643
2447238.10213 -4.86868
2447239.10217 -3.15163
2447240.10222 -2.31735
2447241.10226 -0.88635
2447242.10231 0.87053
2447243.10235 2.63507
2447244.10240 4.46571
2447245.10245 5.43573
2447246.10249 7.70798
2447247.10254 9.10837
2447248.10258 9.95771
2447249.10263 7.18550
2447250.10267 9.66543
2447251.10272 9.34330
2447252.10277 9.43132
2447253.10281 6.53828
2447254.10286 5.87744
2447255.10290 4.62812
2447256.10295 1.84589
2447257.10299 0.20285
2447258.10304 -1.29679
2447259.10308 -2.75954
2447260.10313 -4.16696
2447261.10318 -4.89857
2447262.10322 -5.50623
2447263.10327 -6.37601
2447264.10331 -4.91406
2447265.10336 -3.73112
2447266.10340 -3.02875
2447267.10345 -1.44935
2447268.10350 0.36826
2447269.10354 2.25599
2447270.10359 3.75503
2447271.10363 6.29458
2447272.10368 6.75012
2447273.10372 7.92958
2447274.10377 7.80712
2447275.10381 8.66284
2447276.10386 8.95954
2447277.10391 8.69096
2447278.10395 8.27085
2447279.10400 8.52629
2447280.10404 4.88637
2447281.10409 4.42662
2447282.10413 2.31460
2447283.10418 0.32601
2447284.10423 -1.35389
2447285.10427 -2.64369
2447286.10432 -4.06776
2447287.10436 -5.73459
2447288.10441 -4.42691
2447289.10445 -6.33966
2447290.10450 -5.14122
2447291.10455 -4.00017
2447292.10459 -2.84631
2447293.10464 -1.66855
2447294.10468 0.02052
2447295.10473 1.41805
2447296.10477 3.36406
2447297.10482 4.47587
2447298.10486 6.83122
2447299.10491 8.71312
2447300.10496 8.48259
2447301.10500 9.99258
2447302.10505 10.90568
2447303.10509 10.02493
2447304.10514 8.95494
2447305.10518 7.21747
2447306.10523 5.00151
2447307.10528 3.99666
2447308.10532 2.42551
2447309.10537 0.39155
2447310.10541 -1.18551
2447311.10546 -2.72896
2447312.10550 -4.17379
2447313.10555 -4.66682
2447314.10559 -5.69500
2447315.10564 -3.98819
2447316.10569 -5.30467
2447317.10573 -4.02914
2447318.10578 -3.42779
2447319.10582 -1.92387
2447320.10587 -0.41388
2447321.10591 1.39612
2447322.10596 3.01439
2447323.10601 4.77239
2447324.10605 6.41497
2447325.10610 7.40237
2447326.10614 8.63250
2447327.10619 8.39309
2447328.10623 9.08893
2447329.10628 10.33773
2447330.10632 9.35786
2447331.10637 7.44115
2447332.10642 5.68013
2447333.10646 4.32625
2447334.10651 2.54777
2447335.10655 0.48220
2447336.10660 -1.06945
2447337.10664 -2.82899
2447338.10669 -3.40326
2447339.10674 -4.81186
2447340.10678 -6.35056
2447341.10683 -6.89642
2447342.10687 -4.96214
2447343.10692 -4.71461
2447344.10696 -3.84100
2447345.10701 -2.62493
2447346.10705 -0.79225
2447347.10710 1.13519
2447348.10715 2.86717
2447349.10719 4.86724
2447350.10724 7.54997
2447351.10728 7.05381
2447352.10733 10.59585
2447353.10737 9.61543
2447354.10742 8.06152
2447355.10747 8.87527
2447356.10751 9.55235
2447357.10756 7.93458
2447358.10760 5.76137
2447359.10765 5.00966
2447360.10769 2.47298
2447361.10774 0.50271
2447362.10778 -0.96162
2447363.10783 -2.75196
2447364.10788 -3.98103
2447365.10792 -4.45727
2447366.10797 -5.22503
2447367.10801 -5.54979
2447368.10806 -5.48695
2447369.10810 -5.34873
2447370.10815 -3.93848
2447371.10820 -3.12140
2447557.11668 1.32795
2447558.11673 3.46567
2447559.11677 4.46443
2447560.11682 6.70069
2447561.11687 7.48407
2447562.11691 8.17321
2447563.11696 8.24679
2447564.11700 8.29286
2447565.11705 6.74171
2447566.11709 6.47454
2447567.11714 4.88127
2447568.11719 2.65293
2447569.11723 1.47846
2447570.11728 -0.63548
2447571.11732 -2.72333
2447572.11737 -3.68930
2447573.11741 -5.59727
2447574.11746 -6.47563
2447575.11750 -7.54431
2447576.11755 -7.42904
2447577.11760 -7.48991
2447578.11764 -7.19764
2447579.11769 -5.84792
2447580.11773 -5.00386
2447581.11778 -2.73123
2447582.11782 -0.89519
2447583.11787 0.85988
2447584.11792 2.28448
2447585.11796 4.55149
2447586.11801 5.70373
2447587.11805 6.57533
2447588.11810 7.55924
2447589.11814 9.22757
2447590.11819 6.01341
2447591.11823 5.40922
2447592.11828 5.12651
2447593.11833 4.69754
2447594.11837 3.46777
2447595.11842 1.32446
2447596.11846 -0.41685
2447597.11851 -2.35323
2447598.11855 -2.99358
2447599.11860 -4.96721
2447600.11865 -6.31218
2447601.11869 -7.03732
2447602.11874 -7.58903
2447603.11878 -7.49503
2447604.11883 -6.94188
2447605.11887 -4.14765
2447606.11892 -4.09401
2447607.11897 -2.98755
2447608.11901 -1.49744
2447609.11906 0.35209
2447610.11910 2.03146
2447611.11915 3.28476
2447612.11919 5.81792
2447613.11924 5.95147
2447614.11928 7.79562
2447615.11933 7.96684
2447616.11938 8.35302
2447617.11942 6.27262
2447618.11947 6.09766
2447619.11951 4.20920
2447620.11956 3.07878
2447621.11960 1.64095
2447622.11965 -0.40093
2447623.11970 -2.26924
2447624.11974 -4.09717
2447625.11979 -5.15275
2447626.11983 -6.91736
2447627.11988 -7.41222
2447628.11992 -8.17208
2447629.11997 -8.16514
2447630.12001 -7.79708
2447631.12006 -5.93120
2447632.12011 -5.56195
2447633.12015 -4.07112
2447634.12020 -2.03831
2447635.12024 -0.08650
2447636.12029 1.91092
2447637.12033 2.97375
2447638.12038 6.02641
2447639.12043 6.72672
2447640.12047 8.12175
2447641.12052 7.88779
2447642.12056 7.16317
2447643.12061 7.11732
2447644.12065 6.24145
2447645.12070 5.41346
2447646.12074 3.36530
2447647.12079 1.47404
2447648.12084 -0.38246
2447649.12088 -2.09078
2447650.12093 -4.57122
2447651.12097 -5.27626
2447652.12102 -7.13181
2447653.12106 -5.47257
2447654.12111 -8.81352
2447655.12116 -8.27561
2447656.12120 -8.08288
2447657.12125 -7.07995
2447658.12129 -4.25510
2447659.12134 -4.11979
2447660.12138 -2.58030
2447661.12143 -0.58803
2447662.12147 1.25263
2447663.12152 3.15583
2447664.12157 4.44075
2447665.12161 5.71658
2447666.12166 5.77581
2447667.12170 7.09449
2447668.12175 6.50851
2447669.12179 6.02988
2447670.12184 7.10755
2447671.12189 4.80724
2447672.12193 3.04756
2447673.12198 1.55657
2447674.12202 -0.25095
2447675.12207 -1.82080
2447676.12211 -4.03526
2447677.12216 -4.95818
2447678.12220 -6.63506
2447679.12225 -7.18618
2447680.12230 -5.85628
2447681.12234 -7.90261
2447682.12239 -8.76956
2447683.12243 -7.66475
2447684.12248 -6.46494
2447685.12252 -4.10605
2447686.12257 -2.81534
2447687.12262 -0.93475
2447688.12266 0.84946
2447689.12271 2.64620
2447690.12275 3.45765
2447691.12280 6.39024
2447692.12284 6.48011
2447693.12289 7.38230
2447694.12294 8.18299
2447695.12298 6.30011
2447696.12303 6.99847
2447697.12307 4.82543
2447698.12312 4.06030
2447699.12316 1.80791
2447700.12321 -0.22524
2447701.12325 -2.10953
2447702.12330 -4.11709
2447703.12335 -5.25858
2447704.12339 -6.24102
2447705.12344 -7.57694
2447706.12348 -9.60125
2447707.12353 -7.96624
2447708.12357 -7.67535
2447709.12362 -7.65174
2447710.12367 -5.37201
2447711.12371 -4.46128
2447712.12376 -2.52307
2447713.12380 -1.38996
2447714.12385 0.47393
2447715.12389 2.23801
2447716.12394 3.65541
2447717.12398 5.65576
2447718.12403 5.50773
2447719.12408 6.73121
2447720.12412 7.41702
2447721.12417 6.82978
2447722.12421 6.29614
2447723.12426 4.31357
2447724.12430 3.62045
2447725.12435 1.80604
2447726.12440 -0.10409
2447727.12444 -1.75903
2447728.12449 -4.40445
2447729.12453 -4.72035
2447730.12458 -7.27777
2447731.12462 -7.43312
2447732.12467 -9.01362
2447733.12471 -7.29802
2447734.12476 -8.58038
2447735.12481 -8.98053
2447736.12485 -7.77578
2447922.13334 -2.36569
2447923.13339 -1.18272
2447924.13343 0.72122
2447925.13348 1.96350
2447926.13352 3.60261
2447927.13357 4.71637
2447928.13361 5.40637
2447929.13366 6.20894
2447930.13370 5.29363
2447931.13375 5.03161
2447932.13380 3.95028
2447933.13384 2.59708
2447934.13389 0.49325
2447935.13393 -1.19546
2447936.13398 -3.18587
2447937.13402 -5.41669
2447938.13407 -7.21244
2447939.13412 -7.62344
2447940.13416 -8.70686
2447941.13421 -9.83704
2447942.13425 -11.37061
2447943.13430 -9.72440
2447944.13434 -9.81459
2447945.13439 -9.18359
2447946.13443 -7.52409
2447947.13448 -5.12691
2447948.13453 -3.41962
2447949.13457 -1.71345
2447950.13462 0.23092
2447951.13466 1.89379
2447952.13471 3.06475
2447953.13475 4.79087
2447954.13480 4.80717
2447955.13485 5.31720
2447956.13489 5.10562
2447957.13494 4.05096
2447958.13498 3.43614
2447959.13503 1.97325
2447960.13507 0.63531
2447961.13512 -1.15168
2447962.13516 -3.16590
2447963.13521 -4.83521
2447964.13526 -5.84890
2447965.13530 -7.76602
2447966.13535 -8.53279
2447967.13539 -10.05232
2447968.13544 -10.39554
2447969.13548 -10.88768
2447970.13553 -8.40003
2447971.13558 -8.48013
2447972.13562 -7.11734
2447973.13567 -6.18706
2447974.13571 -2.87984
2447975.13576 -2.00908
2447976.13580 -0.12623
2447977.13585 1.47620
2447978.13589 3.01130
2447979.13594 3.85159
2447980.13599 5.87121
2447981.13603 4.35263
2447982.13608 4.85935
2447983.13612 4.58086
2447984.13617 3.67651
2447985.13621 2.59167
2447986.13626 0.72157
2447987.13631 -0.93496
2447988.13635 -3.47926
2447989.13640 -5.23516
2447990.13644 -6.94546
2447991.13649 -7.12774
2447992.13653 -9.89626
2447993.13658 -9.83358
2447994.13662 -10.38095
2447995.13667 -10.46822
2447996.13672 -10.58454
2447997.13676 -8.11094
2447998.13681 -8.49386
2447999.13685 -6.20492
2448000.13690 -3.99122
2448001.13694 -2.52012
2448002.13699 -0.59935
2448003.13704 1.21141
2448004.13708 2.86843
2448005.13713 4.42438
2448006.13717 4.71653
2448007.13722 5.00560
2448008.13726 4.84354
2448009.13731 4.68786
2448010.13736 3.39565
2448011.13740 2.59700
2448012.13745 0.74608
2448013.13749 -0.80009
2448014.13754 -2.22369
2448015.13758 -5.39594
2448016.13763 -6.38829
2448017.13767 -7.34689
2448018.13772 -9.29262
2448019.13777 -10.50982
2448020.13781 -10.90074
2448021.13786 -11.88203
2448022.13790 -10.07226
2448023.13795 -8.93661
2448024.13799 -7.97059
2448025.13804 -7.12474
2448026.13809 -4.35662
2448027.13813 -3.01806
2448028.13818 -0.86928
2448029.13822 0.80289
2448030.13827 2.23758
2448031.13831 3.42844
2448032.13836 4.55629
2448033.13840 4.00930
2448034.13845 4.21420
2448035.13850 5.03013
2448036.13854 3.58365
2448037.13859 2.55562
2448038.13863 1.00987
2448039.13868 -0.82792
2448040.13872 -2.86093
2448041.13877 -4.44603
2448042.13882 -6.63302
2448043.13886 -7.30974
2448044.13891 -8.37433
2448045.13895 -10.86804
2448046.13900 -10.86985
2448047.13904 -10.91315
2448048.13909 -11.53202
2448049.13913 -10.72148
2448050.13918 -8.65842
2448051.13923 -7.12582
2448052.13927 -5.93228
2448053.13932 -3.27520
2448054.13936 -1.31585
2448055.13941 0.41393
2448056.13945 2.19415
2448057.13950 3.11402
2448058.13955 4.38160
2448059.13959 5.32901
2448060.13964 4.53080
2448061.13968 4.63773
2448062.13973 3.46412
2448063.13977 2.39572
2448064.13982 1.06200
2448065.13986 -0.67867
2448066.13991 -2.12155
2448067.13996 -3.93299
2448068.14000 -6.47958
2448069.14005 -7.41776
2448070.14009 -8.46690
2448071.14014 -11.70545
2448072.14018 -11.73442
2448073.14023 -10.88022
2448074.14028 -10.29893
2448075.14032 -10.84300
2448076.14037 -8.22761
2448077.14041 -7.40907
2448078.14046 -5.69338
2448079.14050 -3.29491
2448080.14055 -1.66307
2448081.14060 0.06910
2448082.14064 1.64333
2448083.14069 2.92466
2448084.14073 3.46436
2448085.14078 4.81474
2448086.14082 4.82092
2448087.14087 4.25521
2448088.14091 3.47307
2448089.14096 2.67400
2448090.14101 1.05001
2448091.14105 -0.60067
2448092.14110 -2.85325
2448093.14114 -4.83052
2448094.14119 -5.95132
2448095.14123 -8.20295
2448096.14128 -7.84304
2448097.14133 -10.19728
2448098.14137 -9.56389
2448099.14142 -11.25449
2448100.14146 -9.44256
2448101.14151 -11.25277
2448288.15004 -4.24996
2448289.15009 -2.68331
2448290.15013 -1.04528
2448291.15018 0.78421
2448292.15022 1.70331
2448293.15027 2.94357
2448294.15031 3.96423
2448295.15036 3.91130
2448296.15041 3.25445
2448297.15045 2.56196
2448298.15050 1.73599
2448299.15054 0.51398
2448300.15059 -1.13286
2448301.15063 -3.22295
2448302.15068 -4.18529
2448303.15073 -7.28324
2448304.15077 -8.75444
2448305.15082 -8.25127
2448306.15086 -10.72239
2448307.15091 -9.56803
2448308.15095 -15.25522
2448309.15100 -12.27304
2448310.15104 -10.63285
2448311.15109 -11.64163
2448312.15114 -7.93789
2448313.15118 -5.53528
2448314.15123 -5.37531
2448315.15127 -3.19634
2448316.15132 -1.25183
2448317.15136 0.34082
2448318.15141 1.77279
2448319.15146 2.86942
2448320.15150 3.30493
2448321.15155 3.68335
2448322.15159 3.71645
2448323.15164 2.96657
2448324.15168 2.16279
2448325.15173 0.67683
2448326.15178 -0.95708
2448327.15182 -2.69773
2448328.15187 -4.50674
2448329.15191 -6.22342
2448330.15196 -8.34660
2448331.15200 -10.55621
2448332.15205 -8.37713
2448333.15209 -12.68525
2448334.15214 -10.13592
2448335.15219 -11.55662
2448336.15223 -9.59477
2448337.15228 -9.59678
2448338.15232 -9.26687
2448339.15237 -6.97459
2448340.15241 -5.24912
2448341.15246 -4.25900
2448342.15251 -2.03672
2448343.15255 0.08444
2448344.15260 1.74264
2448345.15264 3.24056
2448346.15269 3.75910
2448347.15273 3.42335
2448348.15278 4.57983
2448349.15282 3.05490
2448350.15287 2.36032
2448351.15292 0.72792
2448352.15296 -0.91581
2448353.15301 -2.77437
2448354.15305 -4.50723
2448355.15310 -6.53766
2448356.15314 -8.20517
2448357.15319 -9.70256
2448358.15324 -11.49472
2448359.15328 -13.40981
2448360.15333 -10.99949
2448361.15337 -11.93811
2448362.15342 -12.03642
2448363.15346 -11.19473
2448364.15351 -7.67141
2448365.15355 -7.86512
2448366.15360 -5.19876
2448367.15365 -4.05435
2448368.15369 -1.93017
2448369.15374 -0.21667
2448370.15378 1.16784
2448371.15383 2.39922
2448372.15387 3.20995
2448373.15392 3.00569
2448374.15397 3.12410
2448375.15401 3.31976
2448376.15406 2.92865
2448377.15410 1.02849
2448378.15415 -0.64900
2448379.15419 -2.38264
2448380.15424 -3.78002
2448381.15428 -6.30284
2448382.15433 -6.95454
2448383.15438 -9.76905
2448384.15442 -10.07725
2448385.15447 -13.16702
2448386.15451 -13.92013
2448387.15456 -12.61592
2448388.15460 -11.81543
2448389.15465 -8.95101
2448390.15470 -10.03686
2448391.15474 -7.85069
2448392.15479 -5.76960
2448393.15483 -4.16092
2448394.15488 -2.17905
2448395.15492 -0.53580
2448396.15497 0.99793
2448397.15502 2.42989
2448398.15506 3.40267
2448399.15511 3.79125
2448400.15515 3.93444
2448401.15520 2.95516
2448402.15524 2.43886
2448403.15529 1.19209
2448404.15533 -0.39035
2448405.15538 -2.32019
2448406.15543 -3.50423
2448407.15547 -5.55939
2448408.15552 -5.68593
2448409.15556 -8.45706
2448410.15561 -10.47242
2448411.15565 -12.74770
2448412.15570 -12.93550
2448413.15575 -12.11993
2448414.15579 -11.40963
2448415.15584 -12.94385
2448416.15588 -8.71310
2448417.15593 -7.23373
2448418.15597 -7.18983
2448419.15602 -4.98460
2448420.15606 -2.67149
2448421.15611 -0.72875
2448422.15616 0.76089
2448423.15620 1.97341
2448424.15625 3.39848
2448425.15629 4.02922
2448426.15634 4.22962
2448427.15638 3.55606
2448428.15643 2.40773
2448429.15648 1.33335
2448430.15652 -0.29529
2448431.15657 -1.89952
2448432.15661 -4.32338
2448433.15666 -6.43161
2448434.15670 -8.78163
2448435.15675 -8.04367
2448436.15679 -11.02359
2448437.15684 -13.36311
2448438.15689 -12.56289
2448439.15693 -10.48230
2448440.15698 -11.74138
2448441.15702 -11.19499
2448442.15707 -9.12497
2448443.15711 -8.60648
2448444.15716 -6.00169
2448445.15721 -5.06954
2448446.15725 -2.67055
2448447.15730 -0.93033
2448448.15734 0.60800
2448449.15739 2.09100
2448450.15743 3.21574
2448451.15748 3.46710
2448452.15752 3.24253
2448453.15757 3.04199
2448454.15762 2.68341
2448455.15766 1.15950
2448456.15771 -0.08198
2448457.15775 -1.62592
2448458.15780 -4.15278
2448459.15784 -5.64642
2448460.15789 -8.03943
2448461.15794 -10.14095
2448462.15798 -10.42501
2448463.15803 -11.86848
2448464.15807 -13.31250
2448465.15812 -12.24108
2448466.15816 -12.04057
2448467.15821 -11.84811
2448653.16670 -6.71172
2448654.16674 -5.32264
2448655.16679 -3.00346
2448656.16683 -1.21414
2448657.16688 0.37013
2448658.16693 2.07929
2448659.16697 2.92906
2448660.16702 2.87752
2448661.16706 3.21709
2448662.16711 2.87348
2448663.16715 2.62679
2448664.16720 1.29135
2448665.16724 0.09084
2448666.16729 -1.26082
2448667.16734 -4.16470
2448668.16738 -5.83894
2448669.16743 -6.58015
2448670.16747 -7.67926
2448671.16752 -11.59211
2448672.16756 -13.10516
2448673.16761 -11.97326
2448674.16766 -9.57856
2448675.16770 -12.88952
2448676.16775 -10.51596
2448677.16779 -8.76738
2448678.16784 -8.26965
2448679.16788 -6.97233
2448680.16793 -5.09663
2448681.16797 -4.14424
2448682.16802 -1.61947
2448683.16807 0.15520
2448684.16811 1.61699
2448685.16816 2.41478
2448686.16820 3.18229
2448687.16825 4.43920
2448688.16829 3.13072
2448689.16834 2.62054
2448690.16839 1.89811
2448691.16843 0.31579
2448692.16848 -1.36724
2448693.16852 -3.64563
2448694.16857 -4.90381
2448695.16861 -7.02403
2448696.16866 -8.99340
2448697.16870 -8.60829
2448698.16875 -13.42621
2448699.16880 -13.92018
2448700.16884 -13.15186
2448701.16889 -12.31023
2448702.16893 -13.21627
2448703.16898 -10.05678
2448704.16902 -7.36658
2448705.16907 -7.50067
2448706.16912 -5.51627
2448707.16916 -4.09547
2448708.16921 -1.62290
2448709.16925 -0.03433
2448710.16930 1.36445
2448711.16934 2.92754
2448712.16939 3.80056
2448713.16944 3.77106
2448714.16948 3.68782
2448715.16953 2.49993
2448716.16957 1.89474
2448717.16962 0.61717
2448718.16966 -1.13280
2448719.16971 -3.10484
2448720.16975 -5.51345
2448721.16980 -7.78000
2448722.16985 -7.64646
2448723.16989 -8.41520
2448724.16994 -12.65093
2448725.16998 -11.07591
2448726.17003 -11.57458
2448727.17007 -12.31518
2448728.17012 -12.24609
2448729.17017 -13.46219
2448730.17021 -10.54623
2448731.17026 -8.16491
2448732.17030 -5.67378
2448733.17035 -3.65216
2448734.17039 -1.94642
2448735.17044 -0.19473
2448736.17048 1.54397
2448737.17053 2.71181
2448738.17058 3.66953
2448739.17062 3.80920
2448740.17067 3.71203
2448741.17071 3.73158
2448742.17076 2.45916
2448743.17080 0.96802
2448744.17085 -0.95106
2448745.17090 -2.74825
2448746.17094 -4.78859
2448747.17099 -7.92077
2448748.17103 -7.03675
2448749.17108 -8.05872
2448750.17112 -9.98137
2448751.17117 -13.04175
2448752.17121 -12.83292
2448753.17126 -13.00290
2448754.17131 -11.11537
2448755.17135 -11.03131
2448756.17140 -8.71700
2448757.17144 -7.94524
2448758.17149 -4.55391
2448759.17153 -4.71968
2448760.17158 -2.20057
2448761.17163 -0.34747
2448762.17167 1.38215
2448763.17172 2.41442
2448764.17176 2.68948
2448765.17181 4.14331
2448766.17185 3.31188
2448767.17190 3.87580
2448768.17194 2.58553
2448769.17199 1.14608
2448770.17204 -0.47145
2448771.17208 -2.33065
2448772.17213 -4.25209
2448773.17217 -7.04084
2448774.17222 -9.19232
2448775.17226 -10.32253
2448776.17231 -10.20462
2448777.17236 -13.41787
2448778.17240 -10.89302
2448779.17245 -11.61585
2448780.17249 -11.79679
2448781.17254 -12.57519
2448782.17258 -8.98674
2448783.17263 -8.20990
2448784.17268 -7.31370
2448785.17272 -4.48342
2448786.17277 -2.45602
2448787.17281 -0.59789
2448788.17286 1.29192
2448789.17290 2.00346
2448790.17295 3.47120
2448791.17299 3.28613
2448792.17304 3.29875
2448793.17309 3.40364
2448794.17313 2.50874
2448795.17318 1.52925
2448796.17322 -0.16963
2448797.17327 -1.82493
2448798.17331 -3.49987
2448799.17336 -5.87783
2448800.17341 -8.07230
2448801.17345 -8.49874
2448802.17350 -10.96464
2448803.17354 -10.11815
2448804.17359 -12.08239
2448805.17363 -11.36810
2448806.17368 -10.63499
2448807.17372 -10.70155
2448808.17377 -7.95922
2448809.17382 -7.33326
2448810.17386 -6.48680
2448811.17391 -4.19743
2448812.17395 -2.28262
2448813.17400 -0.69356
2448814.17404 0.89180
2448815.17409 2.16405
2448816.17414 3.38557
2448817.17418 3.87962
2448818.17423 3.94784
2448819.17427 3.72252
2448820.17432 2.80023
2448821.17436 1.84648
2448822.17441 0.13949
2448823.17445 -1.90428
2448824.17450 -3.71730
2448825.17455 -4.37624
2448826.17459 -7.19650
2448827.17464 -9.06893
2448828.17468 -8.34406
2448829.17473 -13.00478
2448830.17477 -13.51872
2448831.17482 -13.22689
2448832.17487 -10.52293
2449018.18335 -8.85678
2449019.18340 -6.37033
2449020.18344 -4.02605
2449021.18349 -2.00106
2449022.18354 -0.13613
2449023.18358 1.47345
2449024.18363 3.33028
2449025.18367 3.87606
2449026.18372 4.11255
2449027.18376 4.63225
2449028.18381 4.36463
2449029.18386 4.05698
2449030.18390 2.49449
2449031.18395 1.33674
2449032.18399 -0.62908
2449033.18404 -1.82467
2449034.18408 -4.43111
2449035.18413 -5.86993
2449036.18417 -7.98049
2449037.18422 -9.53079
2449038.18427 -10.52572
2449039.18431 -10.82768
2449040.18436 -11.38987
2449041.18440 -11.60553
2449042.18445 -11.46514
2449043.18449 -8.71182
2449044.18454 -7.78641
2449045.18459 -6.23126
2449046.18463 -4.78369
2449047.18468 -2.18376
2449048.18472 -0.27618
2449049.18477 1.38035
2449050.18481 2.68822
2449051.18486 4.47083
2449052.18490 5.20986
2449053.18495 4.82349
2449054.18500 5.04585
2449055.18504 4.28606
2449056.18509 3.07406
2449057.18513 1.58470
2449058.18518 -0.13969
2449059.18522 -2.13704
2449060.18527 -3.30825
2449061.18532 -5.85049
2449062.18536 -6.80256
2449063.18541 -9.44239
2449064.18545 -9.84120
2449065.18550 -11.50356
2449066.18554 -11.73136
2449067.18559 -11.58057
2449068.18563 -8.93322
2449069.18568 -8.40097
2449070.18573 -8.14097
2449071.18577 -6.37945
2449072.18582 -3.89443
2449073.18586 -2.33420
2449074.18591 -0.30039
2449075.18595 1.36030
2449076.18600 2.70645
2449077.18605 4.09247
2449078.18609 4.16315
2449079.18614 4.82554
2449080.18618 6.47067
2449081.18623 4.45623
2449082.18627 3.55788
2449083.18632 1.63947
2449084.18636 0.25552
2449085.18641 -1.34334
2449086.18646 -3.78751
2449087.18650 -5.95467
2449088.18655 -6.77056
2449089.18659 -9.75868
2449090.18664 -10.27626
2449091.18668 -12.39342
2449092.18673 -11.71310
2449093.18678 -9.06459
2449094.18682 -11.44824
2449095.18687 -9.66142
2449096.18691 -7.56128
2449097.18696 -6.25007
2449098.18700 -4.88098
2449099.18705 -2.90732
2449100.18710 -0.56012
2449101.18714 1.43322
2449102.18719 2.97045
2449103.18723 4.69026
2449104.18728 4.51493
2449105.18732 5.45856
2449106.18737 5.60148
2449107.18741 3.62287
2449108.18746 3.65982
2449109.18751 2.42921
2449110.18755 0.60178
2449111.18760 -1.09695
2449112.18764 -3.52186
2449113.18769 -6.24717
2449114.18773 -6.87934
2449115.18778 -8.20544
2449116.18783 -9.92222
2449117.18787 -9.91354
2449118.18792 -10.57109
2449119.18796 -10.30474
2449120.18801 -10.87139
2449121.18805 -10.31526
2449122.18810 -8.96159
2449123.18814 -5.90461
2449124.18819 -5.03178
2449125.18824 -2.49035
2449126.18828 -0.68716
2449127.18833 1.12823
2449128.18837 3.05161
2449129.18842 3.33110
2449130.18846 4.70048
2449131.18851 5.91040
2449132.18856 5.50792
2449133.18860 4.98264
2449134.18865 3.58805
2449135.18869 2.59186
2449136.18874 1.06963
2449137.18878 -0.83876
2449138.18883 -2.46953
2449139.18887 -4.71958
2449140.18892 -5.84981
2449141.18897 -7.71793
2449142.18901 -8.01085
2449143.18906 -10.01911
2449144.18910 -13.02348
2449145.18915 -9.67159
2449146.18919 -11.03415
2449147.18924 -9.30605
2449148.18929 -8.01386
2449149.18933 -6.28347
2449150.18938 -4.30357
2449151.18942 -2.83963
2449152.18947 -0.81425
2449153.18951 1.16541
2449154.18956 2.50853
2449155.18960 4.15951
2449156.18965 5.01566
2449157.18970 6.21054
2449158.18974 5.95031
2449159.18979 4.52288
2449160.18983 5.08562
2449161.18988 3.23453
2449162.18992 1.43365
2449163.18997 -0.31215
2449164.19002 -2.52829
2449165.19006 -4.10292
2449166.19011 -6.06067
2449167.19015 -6.77196
2449168.19020 -9.00266
2449169.19024 -11.15945
2449170.19029 -11.88425
2449171.19033 -12.54793
2449172.19038 -10.89787
2449173.19043 -8.96061
2449174.19047 -8.05027
2449175.19052 -7.86348
2449176.19056 -5.15654
2449177.19061 -3.35228
2449178.19065 -0.81235
2449179.19070 1.14675
2449180.19075 2.91606
2449181.19079 4.00843
2449182.19084 4.57439
2449183.19088 5.39192
2449184.19093 6.35356
2449185.19097 5.47183
2449186.19102 4.46101
2449187.19107 3.69415
2449188.19111 2.01632
2449189.19116 0.05180
2449190.19120 -1.95391
2449191.19125 -3.96854
2449192.19129 -5.59645
2449193.19134 -7.49139
2449194.19138 -8.67402
2449195.19143 -9.13822
2449196.19148 -11.75657
2449197.19152 -11.47956
2449383.20001 -6.92830
2449384.20005 -6.04188
2449385.20010 -3.41084
2449386.20015 -1.59604
2449387.20019 0.35995
2449388.20024 2.12620
2449389.20028 4.21165
2449390.20033 4.86678
2449391.20037 7.41709
2449392.20042 6.40385
2449393.20047 6.80196
2449394.20051 7.42983
2449395.20056 7.26419
2449396.20060 5.96571
2449397.20065 4.12153
2449398.20069 2.02012
2449399.20074 -0.21887
2449400.20078 -2.59198
2449401.20083 -4.00435
2449402.20088 -6.47994
2449403.20092 -8.28895
2449404.20097 -9.97947
2449405.20101 -9.20612
2449406.20106 -9.08616
2449407.20110 -8.30182
2449408.20115 -7.65213
2449409.20120 -6.61395
2449410.20124 -6.14692
2449411.20129 -4.32086
2449412.20133 -1.23447
2449413.20138 0.23415
2449414.20142 2.12765
2449415.20147 4.55162
2449416.20152 5.24745
2449417.20156 6.07535
2449418.20161 6.54821
2449419.20165 7.35075
2449420.20170 7.91211
2449421.20174 6.25279
2449422.20179 5.20688
2449423.20183 4.08787
2449424.20188 2.22316
2449425.20193 0.26392
2449426.20197 -1.52551
2449427.20202 -3.83121
2449428.20206 -6.32626
2449429.20211 -7.12669
2449430.20215 -8.24947
2449431.20220 -9.14808
2449432.20225 -8.23748
2449433.20229 -9.91365
2449434.20234 -7.37715
2449435.20238 -6.46199
2449436.20243 -4.94798
2449437.20247 -3.79435
2449438.20252 -1.96509
2449439.20256 0.15422
2449440.20261 2.11301
2449441.20266 4.13659
2449442.20270 6.87010
2449443.20275 6.00834
2449444.20279 7.72862
2449445.20284 8.23409
2449446.20288 8.47142
2449447.20293 6.77246
2449448.20298 5.96302
2449449.20302 3.99542
2449450.20307 2.92236
2449451.20311 0.80115
2449452.20316 -1.05913
2449453.20320 -3.21637
2449454.20325 -5.11630
2449455.20329 -7.85583
2449456.20334 -7.96610
2449457.20339 -9.01112
2449458.20343 -9.79442
2449459.20348 -7.53216
2449460.20352 -8.48551
2449461.20357 -7.33483
2449462.20361 -5.70747
2449463.20366 -4.44380
2449464.20371 -2.34967
2449465.20375 0.06062
2449466.20380 2.17065
2449467.20384 3.73196
2449468.20389 5.01128
2449469.20393 7.38002
2449470.20398 8.36290
2449471.20402 7.86675
2449472.20407 8.39583
2449473.20412 6.51790
2449474.20416 7.07735
2449475.20421 4.92577
2449476.20425 3.48362
2449477.20430 1.15892
2449478.20434 -0.66711
2449479.20439 -3.33245
2449480.20444 -4.61367
2449481.20448 -6.34885
2449482.20453 -8.04466
2449483.20457 -7.58719
2449484.20462 -8.90314
2449485.20466 -10.18240
2449486.20471 -8.09944
2449487.20475 -7.21527
2449488.20480 -6.03195
2449489.20485 -3.51547
2449490.20489 -1.39092
2449491.20494 -0.02226
2449492.20498 1.79271
2449493.20503 4.64626
2449494.20507 5.49806
2449495.20512 6.56338
2449496.20517 8.37283
2449497.20521 8.10889
2449498.20526 8.49159
2449499.20530 9.54248
2449500.20535 6.38244
2449501.20539 4.11941
2449502.20544 3.22189
2449503.20549 1.91763
2449504.20553 -0.30034
2449505.20558 -2.90101
2449506.20562 -4.63749
2449507.20567 -6.44990
2449508.20571 -7.67495
2449509.20576 -6.86997
2449510.20580 -7.48329
2449511.20585 -8.61614
2449512.20590 -8.28000
2449513.20594 -6.84866
2449514.20599 -6.58474
2449515.20603 -3.51415
2449516.20608 -2.38119
2449517.20612 -0.13234
2449518.20617 1.77963
2449519.20622 3.54376
2449520.20626 5.38667
2449521.20631 5.92186
2449522.20635 7.98232
2449523.20640 6.80082
2449524.20644 8.99600
2449525.20649 8.23696
2449526.20653 6.73461
2449527.20658 4.96130
2449528.20663 4.08693
2449529.20667 1.91570
2449530.20672 0.16704
2449531.20676 -2.16066
2449532.20681 -4.45704
2449533.20685 -5.69885
2449534.20690 -6.87496
2449535.20695 -7.51309
2449536.20699 -8.28892
2449537.20704 -7.91802
2449538.20708 -7.61297
2449539.20713 -5.16420
2449540.20717 -4.88040
2449541.20722 -4.91896
2449542.20726 -2.16566
2449543.20731 -0.17876
2449544.20736 1.76322
2449545.20740 4.05757
2449546.20745 6.39226
2449547.20749 6.55961
2449548.20754 6.79313
2449549.20758 7.52794
2449550.20763 7.82772
2449551.20768 8.42044
2449552.20772 8.12832
2449553.20777 6.26886
2449554.20781 4.22712
2449555.20786 2.85428
2449556.20790 0.70230
2449557.20795 -1.48493
2449558.20799 -3.13883
2449559.20804 -4.99709
2449560.20809 -5.98536
2449561.20813 -8.54791
2449562.20818 -8.02276
2449749.21671 -4.78462
2449750.21676 -2.44785
2449751.21680 -0.88408
2449752.21685 1.09555
2449753.21689 3.32367
2449754.21694 5.47490
2449755.21698 7.91938
2449756.21703 8.37356
2449757.21708 10.52575
2449758.21712 9.54599
2449759.21717 10.33427
2449760.21721 8.96972
2449761.21726 12.24200
2449762.21730 6.32107
2449763.21735 6.95955
2449764.21740 4.81445
2449765.21744 2.80320
2449766.21749 0.43763
2449767.21753 -1.84961
2449768.21758 -4.10183
2449769.21762 -4.43726
2449770.21767 -6.45148
2449771.21771 -6.38529
2449772.21776 -6.44142
2449773.21781 -6.82975
2449774.21785 -4.84713
2449775.21790 -5.17857
2449776.21794 -2.52620
2449777.21799 -1.00818
2449778.21803 0.93643
2449779.21808 2.90188
2449780.21813 5.35277
2449781.21817 6.29905
2449782.21822 10.08837
2449783.21826 9.65927
2449784.21831 11.91108
2449785.21835 10.83699
2449786.21840 10.10741
2449787.21844 8.98168
2449788.21849 8.12560
2449789.21854 7.38499
2449790.21858 5.08007
2449791.21863 3.74876
2449792.21867 0.80800
2449793.21872 -0.96116
2449794.21876 -2.59536
2449795.21881 -4.37416
2449796.21886 -5.28680
2449797.21890 -6.01147
2449798.21895 -7.29721
2449799.21899 -5.25376
2449800.21904 -5.69758
2449801.21908 -4.33279
2449802.21913 -2.99444
2449803.21917 -1.13528
2449804.21922 0.84267
2449805.21927 2.62568
2449806.21931 4.55133
2449807.21936 6.89925
2449808.21940 8.85837
2449809.21945 10.57425
2449810.21949 9.85303
2449811.21954 11.97608
2449812.21959 10.88485
2449813.21963 10.00528
2449814.21968 9.28724
2449815.21972 7.55512
2449816.21977 5.34672
2449817.21981 3.53955
2449818.21986 1.25311
2449819.21991 -0.59559
2449820.21995 -2.71093
2449821.22000 -4.26349
2449822.22004 -4.43160
2449823.22009 -6.36981
2449824.22013 -6.07131
2449825.22018 -6.22229
2449826.22022 -5.41654
2449827.22027 -4.53015
2449828.22032 -3.22465
2449829.22036 -1.21232
2449830.22041 0.78564
2449831.22045 3.04614
2449832.22050 5.54279
2449833.22054 7.15612
2449834.22059 10.14770
2449835.22064 10.28757
2449836.22068 11.59973
2449837.22073 10.91442
2449838.22077 12.99336
2449839.22082 11.93588
2449840.22086 8.41668
2449841.22091 6.99767
2449842.22095 6.32330
2449843.22100 3.94883
2449844.22105 1.75960
2449845.22109 -0.18977
2449846.22114 -2.08304
2449847.22118 -4.27636
2449848.22123 -5.50884
2449849.22127 -6.00782
2449850.22132 -5.73420
2449851.22137 -6.61951
2449852.22141 -5.41568
2449853.22146 -4.87555
2449854.22150 -3.47892
2449855.22155 -1.09302
2449856.22159 0.61082
2449857.22164 3.11338
2449858.22168 4.66550
2449859.22173 6.70425
2449860.22178 9.11832
2449861.22182 7.66695
2449862.22187 12.18141
2449863.22191 11.73070
2449864.22196 10.54924
2449865.22200 11.04489
2449866.22205 9.70397
2449867.22210 8.65632
2449868.22214 5.88873
2449869.22219 4.30246
2449870.22223 2.57635
2449871.22228 0.26541
2449872.22232 -1.90562
2449873.22237 -3.64889
2449874.22241 -4.53161
2449875.22246 -5.95276
2449876.22251 -6.92444
2449877.22255 -7.18166
2449878.22260 -6.22439
2449879.22264 -5.02482
2449880.22269 -2.99968
2449881.22273 -1.27831
2449882.22278 0.50093
2449883.22283 2.71645
2449884.22287 4.72651
2449885.22292 7.68387
2449886.22296 9.44995
2449887.22301 10.07240
2449888.22305 11.38901
2449889.22310 11.44220
2449890.22315 12.73553
2449891.22319 9.91881
2449892.22324 10.07260
2449893.22328 9.75898
2449894.22333 7.01068
2449895.22337 5.24023
2449896.22342 2.55385
2449897.22346 0.61586
2449898.22351 -1.42846
2449899.22356 -3.35052
2449900.22360 -4.87072
2449901.22365 -6.50587
2449902.22369 -7.13943
2449903.22374 -5.82012
2449904.22378 -6.15268
2449905.22383 -4.56656
2449906.22388 -3.29597
2449907.22392 -1.56328
2449908.22397 0.55430
2449909.22401 2.48124
2449910.22406 4.76342
2449911.22410 7.17991
2449912.22415 7.73446
2449913.22419 9.08974
2449914.22424 11.91119
2449915.22429 12.26162
2449916.22433 8.93350
2449917.22438 11.17409
2449918.22442 9.70189
2449919.22447 8.93868
2449920.22451 7.42805
2449921.22456 5.34189
2449922.22461 3.29886
2449923.22465 1.30927
2449924.22470 -0.73346
2449925.22474 -2.27624
2449926.22479 -4.26646
2449927.22483 -5.12340
2449928.22488 -5.25601
2450114.23337 -3.66037
2450115.23341 -2.57179
2450116.23346 -0.47192
2450117.23350 1.28594
2450118.23355 3.97003
2450119.23359 5.34756
2450120.23364 8.53829
2450121.23369 10.61043
2450122.23373 9.86779
2450123.23378 12.48407
2450124.23382 13.24199
2450125.23387 13.76308
2450126.23391 13.69246
2450127.23396 11.68969
2450128.23401 10.70538
2450129.23405 8.70673
2450130.23410 6.94430
2450131.23414 5.37803
2450132.23419 2.89385
2450133.23423 0.63051
2450134.23428 -1.35264
2450135.23433 -2.93550
2450136.23437 -3.99406
2450137.23442 -5.33552
2450138.23446 -5.11439
2450139.23451 -4.19940
2450140.23455 -3.58211
2450141.23460 -2.29020
2450142.23464 -0.67730
2450143.23469 1.28117
2450144.23474 3.38733
2450145.23478 5.84783
2450146.23483 7.87365
2450147.23487 10.43744
2450148.23492 9.06620
2450149.23496 11.74771
2450150.23501 12.18031
2450151.23506 12.75347
2450152.23510 12.19490
2450153.23515 12.61180
2450154.23519 13.03733
2450155.23524 8.47513
2450156.23528 7.51957
2450157.23533 5.41640
2450158.23537 3.42448
2450159.23542 0.74828
2450160.23547 -1.02679
2450161.23551 -2.46994
2450162.23556 -4.04247
2450163.23560 -4.96905
2450164.23565 -4.36608
2450165.23569 -3.68832
2450166.23574 -3.46508
2450167.23579 -2.58851
2450168.23583 -0.82035
2450169.23588 1.14732
2450170.23592 3.79301
2450171.23597 5.27108
2450172.23601 8.29922
2450173.23606 12.00980
2450174.23610 11.84424
2450175.23615 11.43123
2450176.23620 14.67554
2450177.23624 14.94648
2450178.23629 15.03746
2450179.23633 13.26148
2450180.23638 9.40471
2450181.23642 10.32079
2450182.23647 9.53916
2450183.23652 6.37235
2450184.23656 3.01057
2450185.23661 1.65250
2450186.23665 -0.69510
2450187.23670 -2.23071
2450188.23674 -3.59136
2450189.23679 -4.97239
2450190.23683 -4.57558
2450191.23688 -4.39721
2450192.23693 -3.48849
2450193.23697 -2.40780
2450194.23702 -1.10621
2450195.23706 0.91305
2450196.23711 3.35154
2450197.23715 5.14817
2450198.23720 8.01012
2450199.23725 9.86024
2450200.23729 9.73644
2450201.23734 11.62378
2450202.23738 14.34751
2450203.23743 15.35041
2450204.23747 11.27947
2450205.23752 12.82370
2450206.23757 10.58714
2450207.23761 9.33955
2450208.23766 8.09902
2450209.23770 5.80818
2450210.23775 3.51258
2450211.23779 2.15388
2450212.23784 -0.26675
2450213.23788 -1.86053
2450214.23793 -3.31495
2450215.23798 -3.60901
2450216.23802 -4.67034
2450217.23807 -5.04211
2450218.23811 -3.50455
2450219.23816 -2.46142
2450220.23820 -0.93692
2450221.23825 0.69057
2450222.23830 2.86352
2450223.23834 4.86601
2450224.23839 6.60782
2450225.23843 9.24526
2450226.23848 11.24238
2450227.23852 10.52600
2450228.23857 14.31855
2450229.23861 14.35914
2450230.23866 11.54570
2450231.23871 13.04262
2450232.23875 10.74104
2450233.23880 10.06739
2450234.23884 8.61787
2450235.23889 5.55484
2450236.23893 4.42429
2450237.23898 1.80072
2450238.23903 0.09373
2450239.23907 -1.84541
2450240.23912 -3.07258
2450241.23916 -4.51497
2450242.23921 -4.37090
2450243.23925 -3.59394
2450244.23930 -3.81921
2450245.23934 -2.77954
2450246.23939 -1.15667
2450247.23944 0.52722
2450248.23948 2.76577
2450249.23953 5.52584
2450250.23957 6.90101
2450251.23962 8.38073
2450252.23966 11.46093
2450253.23971 11.27980
2450254.23976 11.12895
2450255.23980 14.07674
2450256.23985 15.14626
2450257.23989 15.09000
2450258.23994 12.82590
2450259.23998 9.11348
2450260.24003 9.25793
2450261.24007 7.68096
2450262.24012 5.17573
2450263.24017 2.64584
2450264.24021 0.43747
2450265.24026 -1.31837
2450266.24030 -2.80411
2450267.24035 -3.57738
2450268.24039 -4.83408
2450269.24044 -4.30189
2450270.24049 -4.11957
2450271.24053 -2.49662
2450272.24058 -1.19560
2450273.24062 0.39781
2450274.24067 2.48941
2450275.24071 4.90826
2450276.24076 6.06302
2450277.24080 8.99030
2450278.24085 11.34054
2450279.24090 11.95159
2450280.24094 13.53500
2450281.24099 12.12928
2450282.24103 13.20764
2450283.24108 14.66163
2450284.24112 14.24783
2450285.24117 12.05938
2450286.24122 8.40224
2450287.24126 7.40280
2450288.24131 5.54121
2450289.24135 3.24100
2450290.24140 0.79411
2450291.24144 -1.23027
2450292.24149 -2.36251
2450293.24154 -3.92036
2450479.25002 -3.62777
2450480.25007 -2.88497
2450481.25011 -1.44083
2450482.25016 0.48945
2450483.25021 2.18803
2450484.25025 5.62950
2450485.25030 7.30479
2450486.25034 9.67742
2450487.25039 11.88010
2450488.25043 10.70366
2450489.25048 13.17729
2450490.25052 13.15777
2450491.25057 13.31720
2450492.25062 12.48179
2450493.25066 13.07291
2450494.25071 11.15157
2450495.25075 9.70235
2450496.25080 7.64109
2450497.25084 5.30499
2450498.25089 3.47407
2450499.25094 1.51800
2450500.25098 -0.65587
2450501.25103 -2.28694
2450502.25107 -3.25653
2450503.25112 -4.19435
2450504.25116 -4.42564
2450505.25121 -4.30934
2450506.25125 -3.03146
2450507.25130 -1.59305
2450508.25135 0.18978
2450509.25139 2.41469
2450510.25144 4.09978
2450511.25148 7.67191
2450512.25153 9.43491
2450513.25157 10.88442
2450514.25162 10.96756
2450515.25167 12.74425
2450516.25171 16.22965
2450517.25176 16.42874
2450518.25180 12.51922
2450519.25185 15.07755
2450520.25189 11.68519
2450521.25194 11.35210
2450522.25199 8.91475
2450523.25203 5.46960
2450524.25208 3.93951
2450525.25212 1.59395
2450526.25217 -0.31964
2450527.25221 -1.95716
2450528.25226 -3.50815
2450529.25230 -3.87117
2450530.25235 -4.16347
2450531.25240 -3.69131
2450532.25244 -3.62454
2450533.25249 -1.76954
2450534.25253 -0.07654
2450535.25258 2.00593
2450536.25262 3.97617
2450537.25267 6.45928
2450538.25272 8.01803
2450539.25276 12.89508
2450540.25281 11.92086
2450541.25285 16.52730
2450542.25290 14.55305
2450543.25294 16.64555
2450544.25299 14.92090
2450545.25303 13.37447
2450546.25308 12.24835
2450547.25313 8.90764
2450548.25317 9.42733
2450549.25322 5.91467
2450550.25326 4.09641
2450551.25331 2.34471
2450552.25335 -0.07241
2450553.25340 -1.60385
2450554.25345 -3.28079
2450555.25349 -4.01876
2450556.25354 -3.95047
2450557.25358 -4.31387
2450558.25363 -3.45394
2450559.25367 -2.35189
2450560.25372 -0.28577
2450561.25376 1.46317
2450562.25381 4.69572
2450563.25386 5.24228
2450564.25390 9.07597
2450565.25395 9.42931
2450566.25399 14.29557
2450567.25404 9.89620
2450568.25408 14.55504
2450569.25413 14.89855
2450570.25418 14.05143
2450571.25422 14.67625
2450572.25427 11.01593
2450573.25431 11.21631
2450574.25436 7.75712
2450575.25440 7.08916
2450576.25445 4.66261
2450577.25449 1.99422
2450578.25454 0.17761
2450579.25459 -1.78182
2450580.25463 -2.97573
2450581.25468 -3.91609
2450582.25472 -4.37134
2450583.25477 -4.66055
2450584.25481 -3.60640
2450585.25486 -2.12707
2450586.25491 -0.55321
2450587.25495 1.34609
2450588.25500 3.57548
2450589.25504 6.30788
2450590.25509 8.14463
2450591.25513 10.38946
2450592.25518 8.90703
2450593.25522 13.87782
2450594.25527 14.00903
2450595.25532 14.49713
2450596.25536 14.85716
2450597.25541 11.63717
2450598.25545 13.31394
2450599.25550 10.63906
2450600.25554 9.67234
2450601.25559 7.32446
2450602.25564 4.78481
2450603.25568 2.42619
2450604.25573 0.35692
2450605.25577 -1.37270
2450606.25582 -2.86617
2450607.25586 -3.02909
2450608.25591 -3.77292
2450609.25596 -4.48624
2450610.25600 -3.69821
2450611.25605 -2.35642
2450612.25609 -0.93272
2450613.25614 0.96754
2450614.25618 2.92827
2450615.25623 6.53773
2450616.25627 8.87790
2450617.25632 10.04839
2450618.25637 14.81493
2450619.25641 14.55085
2450620.25646 13.54662
2450621.25650 15.09932
2450622.25655 15.23972
2450623.25659 15.32185
2450624.25664 12.72894
2450625.25669 9.61893
2450626.25673 11.37885
2450627.25678 6.80041
2450628.25682 5.42774
2450629.25687 3.01528
2450630.25691 0.55467
2450631.25696 -1.28401
2450632.25700 -2.98323
2450633.25705 -4.62270
2450634.25710 -3.78342
2450635.25714 -4.40562
2450636.25719 -3.83206
2450637.25723 -2.98120
2450638.25728 -1.38332
2450639.25732 0.70512
2450640.25737 3.31394
2450641.25742 5.29671
2450642.25746 7.20959
2450643.25751 9.77436
2450644.25755 10.54954
2450645.25760 12.80453
2450646.25764 13.66617
2450647.25769 14.40350
2450648.25773 15.07122
2450649.25778 13.94142
2450650.25783 12.54087
2450651.25787 12.75479
2450652.25792 9.54389
2450653.25796 6.56747
2450654.25801 4.53851
2450655.25805 3.38708
2450656.25810 0.86250
2450657.25815 -1.07587
2450658.25819 -2.30811
2450844.26668 -4.28469
2450845.26672 -4.54081
2450846.26677 -3.40610
2450847.26682 -2.20498
2450848.26686 -0.27231
2450849.26691 1.70803
2450850.26695 4.20441
2450851.26700 6.05166
2450852.26704 8.87991
2450853.26709 10.36007
2450854.26714 13.86670
2450855.26718 14.08199
2450856.26723 14.35190
2450857.26727 15.74546
2450858.26732 12.12014
2450859.26736 13.92961
2450860.26741 10.81703
2450861.26745 10.50289
2450862.26750 7.11247
2450863.26755 4.67552
2450864.26759 2.54656
2450865.26764 0.43168
2450866.26768 -1.49396
2450867.26773 -3.20639
2450868.26777 -4.36941
2450869.26782 -4.41971
2450870.26787 -5.87112
2450871.26791 -5.72264
2450872.26796 -3.61405
2450873.26800 -2.81756
2450874.26805 -0.66281
2450875.26809 1.32093
2450876.26814 3.83509
2450877.26818 5.08706
2450878.26823 9.10290
2450879.26828 9.04642
2450880.26832 12.36859
2450881.26837 13.03156
2450882.26841 12.04744
2450883.26846 15.75100
2450884.26850 12.80651
2450885.26855 12.42116
2450886.26860 10.23700
2450887.26864 10.11264
2450888.26869 7.49171
2450889.26873 4.53756
2450890.26878 2.64719
2450891.26882 0.57950
2450892.26887 -1.44606
2450893.26891 -2.50477
2450894.26896 -4.59755
2450895.26901 -5.27615
2450896.26905 -5.52177
2450897.26910 -4.90232
2450898.26914 -4.25769
2450899.26919 -3.11595
2450900.26923 -1.05098
2450901.26928 1.05886
2450902.26933 2.75022
2450903.26937 5.25423
2450904.26942 7.44993
2450905.26946 11.55240
2450906.26951 11.45358
2450907.26955 12.64572
2450908.26960 14.40988
2450909.26964 12.72894
2450910.26969 12.34179
2450911.26974 14.46575
2450912.26978 11.00358
2450913.26983 9.33456
2450914.26987 7.44485
2450915.26992 5.81986
2450916.26996 3.49492
2450917.27001 0.74586
2450918.27006 -1.30306
2450919.27010 -2.99096
2450920.27015 -3.53393
2450921.27019 -5.12515
2450922.27024 -5.55958
2450923.27028 -6.54159
2450924.27033 -5.77455
2450925.27038 -3.66627
2450926.27042 -1.58786
2450927.27047 0.48783
2450928.27051 2.80520
2450929.27056 5.87382
2450930.27060 6.37935
2450931.27065 8.90027
2450932.27069 11.74240
2450933.27074 13.50443
2450934.27079 13.36633
2450935.27083 14.36357
2450936.27088 16.22381
2450937.27092 11.89095
2450938.27097 12.90003
2450939.27101 9.51448
2450940.27106 8.47623
2450941.27111 5.58242
2450942.27115 3.12716
2450943.27120 0.83920
2450944.27124 -1.15836
2450945.27129 -3.20546
2450946.27133 -5.12929
2450947.27138 -5.81271
2450948.27142 -5.99194
2450949.27147 -6.78244
2450950.27152 -4.73989
2450951.27156 -3.41471
2450952.27161 -2.19669
2450953.27165 0.04861
2450954.27170 3.08234
2450955.27174 4.59621
2450956.27179 6.00856
2450957.27184 10.06689
2450958.27188 10.56389
2450959.27193 12.01573
2450960.27197 15.94236
2450961.27202 16.45231
2450962.27206 15.60817
2450963.27211 11.62495
2450964.27215 10.51278
2450965.27220 11.24093
2450966.27225 7.27302
2450967.27229 5.30010
2450968.27234 3.52006
2450969.27238 0.94308
2450970.27243 -1.06837
2450971.27247 -3.15881
2450972.27252 -5.24853
2450973.27257 -5.09575
2450974.27261 -6.84542
2450975.27266 -6.14871
2450976.27270 -5.59562
2450977.27275 -4.82510
2450978.27279 -2.50207
2450979.27284 -0.45268
2450980.27288 1.93039
2450981.27293 4.41358
2450982.27298 6.73904
2450983.27302 8.14915
2450984.27307 9.76047
2450985.27311 12.15281
2450986.27316 12.28666
2450987.27320 13.94378
2450988.27325 15.23577
2450989.27330 13.53351
2450990.27334 11.00471
2450991.27339 9.55927
2450992.27343 7.20988
2450993.27348 5.29709
2450994.27352 3.68934
2450995.27357 1.38403
2450996.27362 -0.63120
2450997.27366 -2.75032
2450998.27371 -5.33344
2450999.27375 -5.10571
2451000.27380 -6.18625
2451001.27384 -5.99955
2451002.27389 -5.45216
2451003.27393 -3.19385
2451004.27398 -2.65433
2451005.27403 -0.90648
2451006.27407 1.11253
2451007.27412 3.87311
2451008.27416 5.77569
2451009.27421 8.99035
2451010.27425 10.17959
2451011.27430 9.33507
2451012.27435 13.31198
2451013.27439 12.17322
2451014.27444 13.81246
2451015.27448 13.76592
2451016.27453 12.11299
2451017.27457 10.90355
2451018.27462 9.33712
2451019.27466 6.26034
2451020.27471 3.35308
2451021.27476 1.31961
2451022.27480 -0.86449
2451023.27485 -2.73176
2451209.28333 -8.61911
2451210.28338 -7.83820
2451211.28343 -6.53727
2451212.28347 -6.08727
2451213.28352 -5.09181
2451214.28356 -2.46104
2451215.28361 -0.50519
2451216.28365 1.76312
2451217.28370 4.22518
2451218.28375 6.79219
2451219.28379 7.70090
2451220.28384 9.82161
2451221.28388 11.20205
2451222.28393 15.47272
2451223.28397 11.26995
2451224.28402 11.35055
2451225.28406 10.67641
2451226.28411 8.28935
2451227.28416 7.74145
2451228.28420 5.69078
2451229.28425 3.04291
2451230.28429 0.05947
2451231.28434 -2.12548
2451232.28438 -3.94426
2451233.28443 -5.73385
2451234.28448 -7.92604
2451235.28452 -7.56019
2451236.28457 -7.56567
2451237.28461 -7.28673
2451238.28466 -6.99559
2451239.28470 -5.51223
2451240.28475 -3.59574
2451241.28480 -1.02163
2451242.28484 1.38451
2451243.28489 4.14652
2451244.28493 6.47754
2451245.28498 8.38105
2451246.28502 11.38797
2451247.28507 9.63997
2451248.28511 9.94105
2451249.28516 11.52135
2451250.28521 12.01531
2451251.28525 11.41483
2451252.28530 8.70095
2451253.28534 7.48404
2451254.28539 5.84006
2451255.28543 2.72007
2451256.28548 0.18722
2451257.28553 -1.95393
2451258.28557 -4.52856
2451259.28562 -5.55717
2451260.28566 -6.85548
2451261.28571 -8.74177
2451262.28575 -7.32227
2451263.28580 -7.66786
2451264.28584 -6.99496
2451265.28589 -5.76647
2451266.28594 -3.81143
2451267.28598 -1.68030
2451268.28603 0.74528
2451269.28607 3.04140
2451270.28612 5.34289
2451271.28616 8.56077
2451272.28621 8.98867
2451273.28626 11.17477
2451274.28630 12.02899
2451275.28635 12.32863
2451276.28639 14.32924
2451277.28644 11.19783
2451278.28648 9.03199
2451279.28653 7.46692
2451280.28657 4.91029
2451281.28662 2.87514
2451282.28667 0.30751
2451283.28671 -2.30724
2451284.28676 -4.20972
2451285.28680 -6.70542
2451286.28685 -6.63143
2451287.28689 -8.65543
2451288.28694 -9.01248
2451289.28699 -8.89556
2451290.28703 -7.93370
2451291.28708 -5.79225
2451292.28712 -4.42611
2451293.28717 -2.42863
2451294.28721 0.21168
2451295.28726 3.00573
2451296.28730 4.74346
2451297.28735 7.99280
2451298.28740 8.17186
2451299.28744 11.54133
2451300.28749 12.35575
2451301.28753 9.82100
2451302.28758 10.32858
2451303.28762 10.13475
2451304.28767 9.57519
2451305.28772 7.46441
2451306.28776 5.22134
2451307.28781 3.15125
2451308.28785 0.29051
2451309.28790 -1.67018
2451310.28794 -4.58124
2451311.28799 -5.31389
2451312.28804 -8.62516
2451313.28808 -9.69572
2451314.28813 -11.20488
2451315.28817 -8.86379
2451316.28822 -8.29122
2451317.28826 -6.61081
2451318.28831 -6.02178
2451319.28835 -2.53660
2451320.28840 -0.33697
2451321.28845 2.29985
2451322.28849 4.83363
2451323.28854 6.66606
2451324.28858 8.24821
2451325.28863 10.45767
2451326.28867 11.84198
2451327.28872 12.24267
2451328.28877 11.44894
2451329.28881 9.93414
2451330.28886 9.18841
2451331.28890 9.52541
2451332.28895 5.62935
2451333.28899 3.07729
2451334.28904 0.57838
2451335.28908 -1.70452
2451336.28913 -4.24689
2451337.28918 -6.40411
2451338.28922 -8.54353
2451339.28927 -9.76673
2451340.28931 -7.76818
2451341.28936 -9.11489
2451342.28940 -7.97667
2451343.28945 -6.60238
2451344.28950 -5.62668
2451345.28954 -3.05888
2451346.28959 -0.85982
2451347.28963 1.41545
2451348.28968 3.36284
2451349.28972 5.91167
2451350.28977 8.07809
2451351.28981 10.30035
2451352.28986 11.76428
2451353.28991 12.57122
2451354.28995 12.40830
2451355.29000 11.21536
2451356.29004 8.65393
2451357.29009 6.88767
2451358.29013 5.08782
2451359.29018 2.50802
2451360.29023 0.55820
2451361.29027 -1.79351
2451362.29032 -4.12629
2451363.29036 -7.06281
2451364.29041 -7.55338
2451365.29045 -8.72489
2451366.29050 -10.19459
2451367.29054 -9.52560
2451368.29059 -8.30303
2451369.29064 -7.71522
2451370.29068 -6.31836
2451371.29073 -4.26891
2451372.29077 -1.41221
2451373.29082 0.97570
2451374.29086 2.95356
2451375.29091 5.41655
2451376.29096 10.14078
2451377.29100 9.84325
2451378.29105 10.88133
2451379.29109 10.67888
2451380.29114 11.79903
2451381.29118 8.09611
2451382.29123 7.56690
2451383.29127 7.68966
2451384.29132 5.63111
2451385.29137 3.28836
2451386.29141 0.76195
2451387.29146 -1.66663
2451388.29150 -4.45544
2451575.30004 -10.68817
2451576.30008 -11.36306
2451577.30013 -10.97054
2451578.30017 -9.63753
2451579.30022 -6.80954
2451580.30026 -5.43320
2451581.30031 -3.25897
2451582.30036 -1.27701
2451583.30040 1.10829
2451584.30045 3.08708
2451585.30049 6.20110
2451586.30054 7.43506
2451587.30058 7.52603
2451588.30063 9.34534
2451589.30068 11.33181
2451590.30072 7.64607
2451591.30077 6.93218
2451592.30081 7.38087
2451593.30086 3.67153
2451594.30090 1.46306
2451595.30095 -0.87098
2451596.30099 -2.78013
2451597.30104 -6.02108
2451598.30109 -8.69744
2451599.30113 -8.29379
2451600.30118 -11.03923
2451601.30122 -13.32236
2451602.30127 -12.69760
2451603.30131 -10.23869
2451604.30136 -10.02045
2451605.30141 -8.05366
2451606.30145 -6.19156
2451607.30150 -4.73713
2451608.30154 -1.86196
2451609.30159 0.50805
2451610.30163 3.24957
2451611.30168 4.73271
2451612.30172 6.12682
2451613.30177 7.78285
2451614.30182 9.65846
2451615.30186 8.51229
2451616.30191 8.82423
2451617.30195 7.46677
2451618.30200 5.97643
2451619.30204 3.77230
2451620.30209 1.54185
2451621.30214 -0.76011
2451622.30218 -3.38747
2451623.30223 -5.82992
2451624.30227 -7.83105
2451625.30232 -9.89945
2451626.30236 -9.32512
2451627.30241 -12.41256
2451628.30246 -10.87734
2451629.30250 -12.99814
2451630.30255 -11.23926
2451631.30259 -9.39880
2451632.30264 -8.80539
2451633.30268 -4.21565
2451634.30273 -2.42754
2451635.30277 0.00455
2451636.30282 1.83814
2451637.30287 4.32996
2451638.30291 6.53466
2451639.30296 7.18924
2451640.30300 9.29233
2451641.30305 7.91973
2451642.30309 9.51597
2451643.30314 7.47213
2451644.30319 5.28731
2451645.30323 4.01801
2451646.30328 1.80365
2451647.30332 -0.51565
2451648.30337 -2.99070
2451649.30341 -6.00674
2451650.30346 -8.16381
2451651.30350 -8.17220
2451652.30355 -13.03983
2451653.30360 -12.81001
2451654.30364 -11.77039
2451655.30369 -13.15523
2451656.30373 -9.67398
2451657.30378 -9.80393
2451658.30382 -8.87233
2451659.30387 -5.68045
2451660.30392 -3.32243
2451661.30396 -0.54953
2451662.30401 1.93807
2451663.30405 3.62774
2451664.30410 5.62545
2451665.30414 7.28772
2451666.30419 7.96887
2451667.30423 9.50374
2451668.30428 7.29052
2451669.30433 8.39344
2451670.30437 6.37214
2451671.30442 3.47484
2451672.30446 1.90283
2451673.30451 -0.65836
2451674.30455 -3.13682
2451675.30460 -6.15810
2451676.30465 -7.66640
2451677.30469 -8.72929
2451678.30474 -10.66813
2451679.30478 -13.11507
2451680.30483 -13.92008
2451681.30487 -13.95362
2451682.30492 -12.67165
2451683.30496 -9.18197
2451684.30501 -9.29105
2451685.30506 -5.90983
2451686.30510 -3.24909
2451687.30515 -1.08576
2451688.30519 1.31455
2451689.30524 3.39308
2451690.30528 5.61201
2451691.30533 7.41971
2451692.30538 7.51786
2451693.30542 8.29683
2451694.30547 7.89236
2451695.30551 7.70456
2451696.30556 6.83180
2451697.30560 4.59492
2451698.30565 1.57204
2451699.30569 -0.43491
2451700.30574 -3.57144
2451701.30579 -5.49564
2451702.30583 -7.68061
2451703.30588 -9.22868
2451704.30592 -12.07908
2451705.30597 -12.34315
2451706.30601 -11.97110
2451707.30606 -12.46464
2451708.30611 -13.80730
2451709.30615 -10.68382
2451710.30620 -7.46316
2451711.30624 -7.78048
2451712.30629 -4.58791
2451713.30633 -1.87272
2451714.30638 0.80032
2451715.30643 3.45227
2451716.30647 5.32904
2451717.30652 6.96724
2451718.30656 7.79644
2451719.30661 6.81348
2451720.30665 9.45901
2451721.30670 6.94431
2451722.30674 5.59620
2451723.30679 3.89163
2451724.30684 2.63373
2451725.30688 -0.32077
2451726.30693 -3.23912
2451727.30697 -5.04797
2451728.30702 -8.16587
2451729.30706 -9.82858
2451730.30711 -12.37446
2451731.30716 -14.26660
2451732.30720 -13.01839
2451733.30725 -12.45395
2451734.30729 -12.69026
2451735.30734 -12.51739
2451736.30738 -7.31788
2451737.30743 -8.61189
2451738.30747 -5.53576
2451739.30752 -2.47737
2451740.30757 0.18060
2451741.30761 2.81134
2451742.30766 4.39065
2451743.30770 5.41562
2451744.30775 5.78322
2451745.30779 7.59321
2451746.30784 7.72405
2451747.30789 7.48818
2451748.30793 5.94256
2451749.30798 4.45153
2451750.30802 2.49698
2451751.30807 -0.19344
2451752.30811 -2.42161
2451753.30816 -4.83874
2451754.30820 -8.12020
2451940.31669 -13.45961
2451941.31674 -11.77439
2451942.31678 -14.04211
2451943.31683 -15.65819
2451944.31688 -12.94478
2451945.31692 -11.51184
2451946.31697 -9.40578
2451947.31701 -8.02184
2451948.31706 -4.95856
2451949.31710 -1.73337
2451950.31715 0.67425
2451951.31719 3.16065
2451952.31724 4.37448
2451953.31729 4.77924
2451954.31733 7.01586
2451955.31738 6.18529
2451956.31742 5.44967
2451957.31747 4.51364
2451958.31751 3.13932
2451959.31756 1.07122
2451960.31761 -1.97738
2451961.31765 -4.27540
2451962.31770 -5.40524
2451963.31774 -9.75037
2451964.31779 -11.89734
2451965.31783 -13.87836
2451966.31788 -12.21755
2451967.31792 -15.38644
2451968.31797 -17.12158
2451969.31802 -15.08844
2451970.31806 -12.18886
2451971.31811 -13.09646
2451972.31815 -9.03807
2451973.31820 -7.54406
2451974.31824 -5.31455
2451975.31829 -2.46866
2451976.31834 0.17092
2451977.31838 2.23745
2451978.31843 3.09907
2451979.31847 5.05449
2451980.31852 5.62355
2451981.31856 6.29551
2451982.31861 5.64816
2451983.31865 5.19773
2451984.31870 2.77868
2451985.31875 0.99409
2451986.31879 -1.44951
2451987.31884 -3.63342
2451988.31888 -6.39636
2451989.31893 -8.77383
2451990.31897 -11.14912
2451991.31902 -13.93045
2451992.31907 -16.69043
2451993.31911 -16.91460
2451994.31916 -14.34005
2451995.31920 -15.56002
2451996.31925 -15.37059
2451997.31929 -12.19738
2451998.31934 -9.55989
2451999.31938 -8.31395
2452000.31943 -5.11580
2452001.31948 -2.52520
2452002.31952 -0.36668
2452003.31957 1.99058
2452004.31961 3.77078
2452005.31966 5.17387
2452006.31970 6.57576
2452007.31975 5.75313
2452008.31980 5.55230
2452009.31984 5.31369
2452010.31989 3.67536
2452011.31993 1.34064
2452012.31998 -1.18265
2452013.32002 -3.62728
2452014.32007 -4.99762
2452015.32011 -7.88301
2452016.32016 -9.35617
2452017.32021 -11.80550
2452018.32025 -17.06179
2452019.32030 -15.15764
2452020.32034 -14.28112
2452021.32039 -15.24212
2452022.32043 -13.87098
2452023.32048 -12.81864
2452024.32053 -10.15190
2452025.32057 -8.90635
2452026.32062 -6.31646
2452027.32066 -3.59529
2452028.32071 -0.84991
2452029.32075 1.29239
2452030.32080 4.22239
2452031.32085 4.46731
2452032.32089 6.49277
2452033.32094 5.51492
2452034.32098 6.00321
2452035.32103 4.67414
2452036.32107 3.41081
2452037.32112 1.42595
2452038.32116 -1.01551
2452039.32121 -2.95621
2452040.32126 -5.34150
2452041.32130 -9.22639
2452042.32135 -13.19757
2452043.32139 -11.70273
2452044.32144 -16.11332
2452045.32148 -17.31159
2452046.32153 -17.93370
2452047.32158 -17.16079
2452048.32162 -13.98036
2452049.32167 -15.75210
2452050.32171 -10.99153
2452051.32176 -7.65192
2452052.32180 -6.31023
2452053.32185 -4.10962
2452054.32189 -1.32196
2452055.32194 1.08425
2452056.32199 2.89599
2452057.32203 4.91909
2452058.32208 5.95484
2452059.32212 5.71916
2452060.32217 6.11114
2452061.32221 5.02999
2452062.32226 4.03839
2452063.32231 1.50985
2452064.32235 -0.79589
2452065.32240 -3.16533
2452066.32244 -6.24615
2452067.32249 -8.61238
2452068.32253 -9.75619
2452069.32258 -15.28252
2452070.32262 -16.04666
2452071.32267 -13.70273
2452072.32272 -16.44782
2452073.32276 -18.41973
2452074.32281 -16.86459
2452075.32285 -14.20720
2452076.32290 -10.70836
2452077.32294 -9.83743
2452078.32299 -7.99944
2452079.32304 -4.04382
2452080.32308 -1.92112
2452081.32313 0.57529
2452082.32317 2.49002
2452083.32322 3.28567
2452084.32326 5.73621
2452085.32331 6.15340
2452086.32335 6.10222
2452087.32340 5.06489
2452088.32345 3.42639
2452089.32349 1.45756
2452090.32354 -0.55335
2452091.32358 -3.45989
2452092.32363 -5.40601
2452093.32367 -9.53913
2452094.32372 -10.74083
2452095.32377 -12.48917
2452096.32381 -14.11840
2452097.32386 -13.93653
2452098.32390 -18.95130
2452099.32395 -16.21671
2452100.32399 -12.86749
2452101.32404 -13.10485
2452102.32409 -14.02783
2452103.32413 -11.33771
2452104.32418 -6.15074
2452105.32422 -5.70649
2452106.32427 -2.19236
2452107.32431 0.11855
2452108.32436 2.30108
2452109.32440 4.24911
2452110.32445 5.72487
2452111.32450 5.31080
2452112.32454 4.97166
2452113.32459 5.36893
2452114.32463 3.27819
2452115.32468 1.85216
2452116.32472 -0.40660
2452117.32477 -2.92719
2452118.32482 -5.54152
2452119.32486 -8.19552
2452305.33335 -13.85743
2452306.33339 -17.78289
2452307.33344 -22.17367
2452308.33349 -17.09695
2452309.33353 -19.37479
2452310.33358 -15.77219
2452311.33362 -16.34004
2452312.33367 -11.10732
2452313.33371 -7.99869
2452314.33376 -6.81976
2452315.33380 -2.98221
2452316.33385 -1.01975
2452317.33390 1.62508
2452318.33394 3.39282
2452319.33399 4.45215
2452320.33403 5.66619
2452321.33408 4.39625
2452322.33412 3.68280
2452323.33417 3.34487
2452324.33422 1.60843
2452325.33426 -0.75623
2452326.33431 -3.96015
2452327.33435 -5.87137
2452328.33440 -7.28343
2452329.33444 -11.06993
2452330.33449 -13.63607
2452331.33454 -14.19410
2452332.33458 -16.00579
2452333.33463 -19.79846
2452334.33467 -15.97651
2452335.33472 -17.18060
2452336.33476 -14.55137
2452337.33481 -13.52890
2452338.33485 -13.88030
2452339.33490 -9.00060
2452340.33495 -6.45114
2452341.33499 -4.32060
2452342.33504 -1.24733
2452343.33508 1.06498
2452344.33513 2.79004
2452345.33517 5.18908
2452346.33522 4.49222
2452347.33527 4.97835
2452348.33531 4.80194
2452349.33536 3.31775
2452350.33540 1.92458
2452351.33545 -0.55776
2452352.33549 -3.03865
2452353.33554 -5.65984
2452354.33558 -9.27399
2452355.33563 -9.59323
2452356.33568 -14.83459
2452357.33572 -13.91024
2452358.33577 -17.43940
2452359.33581 -13.84042
2452360.33586 -14.09205
2452361.33590 -16.67537
2452362.33595 -15.11960
2452363.33600 -16.21091
2452364.33604 -13.23417
2452365.33609 -11.03744
2452366.33613 -6.89076
2452367.33618 -4.52356
2452368.33622 -1.67635
2452369.33627 0.69844
2452370.33631 2.42666
2452371.33636 3.99732
2452372.33641 4.96484
2452373.33645 4.12543
2452374.33650 4.23456
2452375.33654 3.88573
2452376.33659 2.21487
2452377.33663 -0.19719
2452378.33668 -2.80883
2452379.33673 -6.06835
2452380.33677 -7.58578
2452381.33682 -12.56245
2452382.33686 -10.43391
2452383.33691 -14.07638
2452384.33695 -16.28299
2452385.33700 -13.99514
2452386.33704 -17.06098
2452387.33709 -15.77684
2452388.33714 -15.80816
2452389.33718 -15.81775
2452390.33723 -11.29001
2452391.33727 -10.99296
2452392.33732 -8.15120
2452393.33736 -4.41369
2452394.33741 -2.11941
2452395.33746 0.37859
2452396.33750 2.17399
2452397.33755 3.71388
2452398.33759 4.77075
2452399.33764 4.85565
2452400.33768 4.37046
2452401.33773 3.44549
2452402.33777 2.02713
2452403.33782 0.11987
2452404.33787 -2.08997
2452405.33791 -4.21984
2452406.33796 -8.64354
2452407.33800 -11.34034
2452408.33805 -13.73989
2452409.33809 -10.96873
2452410.33814 -17.47134
2452411.33819 -21.85250
2452412.33823 -18.55050
2452413.33828 -16.55892
2452414.33832 -15.97251
2452415.33837 -15.24142
2452416.33841 -11.39596
2452417.33846 -11.89660
2452418.33851 -8.09748
2452419.33855 -5.06887
2452420.33860 -2.50228
2452421.33864 0.04022
2452422.33869 1.99150
2452423.33873 4.24192
2452424.33878 5.10149
2452425.33882 5.53287
2452426.33887 5.21161
2452427.33892 3.95441
2452428.33896 2.24353
2452429.33901 0.45828
2452430.33905 -1.77107
2452431.33910 -5.20377
2452432.33914 -7.43904
2452433.33919 -9.84576
2452434.33924 -12.24771
2452435.33928 -17.11729
2452436.33933 -18.14784
2452437.33937 -16.76323
2452438.33942 -19.66843
2452439.33946 -19.78605
2452440.33951 -15.37463
2452441.33955 -15.18800
2452442.33960 -13.77356
2452443.33965 -11.42673
2452444.33969 -8.33023
2452445.33974 -5.35159
2452446.33978 -2.97770
2452447.33983 -0.26740
2452448.33987 2.40026
2452449.33992 3.86025
2452450.33997 4.96944
2452451.34001 4.89213
2452452.34006 5.18067
2452453.34010 3.66678
2452454.34015 2.61774
2452455.34019 0.67349
2452456.34024 -1.50475
2452457.34028 -4.97976
2452458.34033 -6.92581
2452459.34038 -6.65624
2452460.34042 -11.74937
2452461.34047 -11.24185
2452462.34051 -16.57700
2452463.34056 -14.52131
2452464.34060 -17.55589
2452465.34065 -16.89430
2452466.34070 -18.02063
2452467.34074 -13.52718
2452468.34079 -12.93797
2452469.34083 -11.50293
2452470.34088 -6.89074
2452471.34092 -5.87053
2452472.34097 -3.24710
2452473.34101 -0.65048
2452474.34106 1.51063
2452475.34111 3.48751
2452476.34115 4.61630
2452477.34120 5.88958
2452478.34124 5.72252
2452479.34129 4.17616
2452480.34133 3.02906
2452481.34138 0.95568
2452482.34143 -1.43111
2452483.34147 -3.77257
2452484.34152 -6.88972
2452670.35000 -13.28897
2452671.35005 -16.12435
2452672.35010 -13.76215
2452673.35014 -19.02426
2452674.35019 -18.32981
2452675.35023 -16.59438
2452676.35028 -13.51702
2452677.35032 -13.76142
2452678.35037 -12.61461
2452679.35042 -7.52008
2452680.35046 -4.67449
2452681.35051 -3.24208
2452682.35055 -0.32493
2452683.35060 1.71531
2452684.35064 2.93766
2452685.35069 4.82779
2452686.35073 5.65469
2452687.35078 6.40659
2452688.35083 5.46335
2452689.35087 3.63108
2452690.35092 1.80977
2452691.35096 -0.37709
2452692.35101 -3.86071
2452693.35105 -6.13055
2452694.35110 -9.57527
2452695.35115 -9.27483
2452696.35119 -16.00260
2452697.35124 -14.35008
2452698.35128 -15.81296
2452699.35133 -16.93584
2452700.35137 -18.39324
2452701.35142 -15.73389
2452702.35146 -13.19019
2452703.35151 -14.41497
2452704.35156 -13.20747
2452705.35160 -9.25525
2452706.35165 -6.04452
2452707.35169 -3.51192
2452708.35174 -0.57079
2452709.35178 1.80946
2452710.35183 3.22899
2452711.35188 5.33241
2452712.35192 5.76792
2452713.35197 6.33816
2452714.35201 4.53066
2452715.35206 4.75083
2452716.35210 2.60702
2452717.35215 0.08807
2452718.35219 -2.37156
2452719.35224 -5.28343
2452720.35229 -8.07094
2452721.35233 -12.98935
2452722.35238 -13.55166
2452723.35242 -15.36331
2452724.35247 -17.97535
2452725.35251 -15.60079
2452726.35256 -17.26664
2452727.35261 -19.39813
2452728.35265 -17.43307
2452729.35270 -12.46903
2452730.35274 -10.16871
2452731.35279 -9.14301
2452732.35283 -6.67826
2452733.35288 -3.99956
2452734.35293 -0.85308
2452735.35297 1.66940
2452736.35302 3.45692
2452737.35306 4.32673
2452738.35311 6.29521
2452739.35315 5.05779
2452740.35320 5.44975
2452741.35324 3.83150
2452742.35329 3.09064
2452743.35334 0.58093
2452744.35338 -2.33431
2452745.35343 -3.97823
2452746.35347 -7.81340
2452747.35352 -9.97348
2452748.35356 -13.04813
2452749.35361 -14.89950
2452750.35366 -16.50229
2452751.35370 -15.00906
2452752.35375 -22.59538
2452753.35379 -17.40620
2452754.35384 -16.82971
2452755.35388 -12.66838
2452756.35393 -10.45364
2452757.35397 -10.07764
2452758.35402 -6.82903
2452759.35407 -3.88379
2452760.35411 -1.19312
2452761.35416 1.55331
2452762.35420 3.55740
2452763.35425 5.76541
2452764.35429 6.83433
2452765.35434 5.59616
2452766.35439 5.77426
2452767.35443 4.43559
2452768.35448 2.76207
2452769.35452 0.99965
2452770.35457 -1.37694
2452771.35461 -3.57220
2452772.35466 -7.19143
2452773.35470 -10.11645
2452774.35475 -12.06888
2452775.35480 -14.00940
2452776.35484 -17.06117
2452777.35489 -18.33287
2452778.35493 -15.48672
2452779.35498 -18.96134
2452780.35502 -17.83595
2452781.35507 -14.50808
2452782.35512 -12.86674
2452783.35516 -8.86840
2452784.35521 -6.05273
2452785.35525 -3.68088
2452786.35530 -1.26301
2452787.35534 1.27090
2452788.35539 3.16253
2452789.35543 5.27086
2452790.35548 5.93821
2452791.35553 6.26806
2452792.35557 6.38055
2452793.35562 5.80539
2452794.35566 3.47027
2452795.35571 1.43255
2452796.35575 -0.92378
2452797.35580 -3.66615
2452798.35585 -6.87922
2452799.35589 -8.65187
2452800.35594 -10.06079
2452801.35598 -11.81097
2452802.35603 -15.76735
2452803.35607 -17.99217
2452804.35612 -19.50943
2452805.35617 -21.59748
2452806.35621 -14.07742
2452807.35626 -12.36248
2452808.35630 -13.01713
2452809.35635 -10.10890
2452810.35639 -8.06827
2452811.35644 -4.32347
2452812.35648 -1.51350
2452813.35653 1.07967
2452814.35658 3.42791
2452815.35662 5.30014
2452816.35667 6.29889
2452817.35671 6.67732
2452818.35676 6.21369
2452819.35680 5.95169
2452820.35685 4.04735
2452821.35690 2.17588
2452822.35694 -0.48143
2452823.35699 -2.81263
2452824.35703 -5.72503
2452825.35708 -9.84102
2452826.35712 -11.28829
2452827.35717 -13.09773
2452828.35721 -11.85745
2452829.35726 -14.79968
2452830.35731 -16.01658
2452831.35735 -16.63354
2452832.35740 -14.52523
2452833.35744 -16.12214
2452834.35749 -13.06075
2452835.35753 -9.73157
2452836.35758 -7.04779
2452837.35763 -4.38993
2452838.35767 -1.91556
2452839.35772 0.88926
2452840.35776 2.77404
2452841.35781 4.79053
2452842.35785 5.90011
2452843.35790 7.37591
2452844.35794 6.80682
2452845.35799 5.74305
2452846.35804 4.09645
2452847.35808 2.44504
2452848.35813 0.09622
2452849.35817 -2.75088
2453036.36671 -11.97209
2453037.36675 -12.62782
2453038.36680 -15.31295
2453039.36684 -10.64678
2453040.36689 -15.12332
2453041.36693 -16.25089
2453042.36698 -12.01441
2453043.36703 -9.74381
2453044.36707 -8.31861
2453045.36712 -5.77658
2453046.36716 -3.08366
2453047.36721 -0.37887
2453048.36725 2.16476
2453049.36730 4.40087
2453050.36735 6.51144
2453051.36739 7.76825
2453052.36744 8.42337
2453053.36748 7.68316
2453054.36753 7.81286
2453055.36757 5.89950
2453056.36762 3.88539
2453057.36766 2.10862
2453058.36771 -0.55396
2453059.36776 -3.14718
2453060.36780 -7.58105
2453061.36785 -8.62157
2453062.36789 -11.26867
2453063.36794 -13.44088
2453064.36798 -16.06547
2453065.36803 -14.30631
2453066.36808 -15.38083
2453067.36812 -13.44564
2453068.36817 -15.58286
2453069.36821 -14.00150
2453070.36826 -8.85112
2453071.36830 -8.03883
2453072.36835 -3.62390
2453073.36839 -0.67766
2453074.36844 2.00941
2453075.36849 4.73607
2453076.36853 6.88880
2453077.36858 8.37945
2453078.36862 10.23189
2453079.36867 8.28558
2453080.36871 8.62274
2453081.36876 6.60372
2453082.36881 5.74148
2453083.36885 2.80610
2453084.36890 0.03807
2453085.36894 -2.45737
2453086.36899 -5.65098
2453087.36903 -8.81739
2453088.36908 -12.06199
2453089.36912 -11.78569
2453090.36917 -15.78141
2453091.36922 -12.84549
2453092.36926 -14.54693
2453093.36931 -15.31370
2453094.36935 -15.13886
2453095.36940 -12.15776
2453096.36944 -9.15953
2453097.36949 -5.15926
2453098.36954 -4.10156
2453099.36958 -0.71556
2453100.36963 2.07708
2453101.36967 3.53721
2453102.36972 7.08729
2453103.36976 7.14804
2453104.36981 9.70996
2453105.36985 9.36567
2453106.36990 8.28204
2453107.36995 8.04341
2453108.36999 5.23194
2453109.37004 4.13755
2453110.37008 0.67432
2453111.37013 -2.47712
2453112.37017 -4.96656
2453113.37022 -7.06935
2453114.37027 -10.04731
2453115.37031 -13.82736
2453116.37036 -15.20389
2453117.37040 -15.41175
2453118.37045 -15.24504
2453119.37049 -13.64191
2453120.37054 -13.71332
2453121.37059 -12.28674
2453122.37063 -9.49068
2453123.37068 -5.70167
2453124.37072 -3.20809
2453125.37077 -0.85901
2453126.37081 1.96635
2453127.37086 3.36987
2453128.37090 7.62372
2453129.37095 7.85305
2453130.37100 10.85143
2453131.37104 10.35221
2453132.37109 9.56773
2453133.37113 7.21391
2453134.37118 6.73921
2453135.37122 4.43863
2453136.37127 1.32790
2453137.37132 -1.29230
2453138.37136 -4.36979
2453139.37141 -7.01466
2453140.37145 -9.28268
2453141.37150 -11.40267
2453142.37154 -13.42456
2453143.37159 -16.10913
2453144.37163 -15.79841
2453145.37168 -14.90886
2453146.37173 -13.54058
2453147.37177 -13.46576
2453148.37182 -9.67791
2453149.37186 -7.78922
2453150.37191 -3.76209
2453151.37195 -1.02290
2453152.37200 1.92163
2453153.37205 4.85951
2453154.37209 6.73421
2453155.37214 8.72438
2453156.37218 8.39201
2453157.37223 9.32634
2453158.37227 10.59991
2453159.37232 8.87763
2453160.37236 7.73217
2453161.37241 5.01200
2453162.37246 1.74237
2453163.37250 -0.81720
2453164.37255 -3.63376
2453165.37259 -7.04040
2453166.37264 -9.07676
2453167.37268 -14.10098
2453168.37273 -13.96203
2453169.37278 -15.42583
2453170.37282 -12.61385
2453171.37287 -14.24941
2453172.37291 -12.47682
2453173.37296 -11.54410
2453174.37300 -8.54456
2453175.37305 -6.74411
2453176.37309 -4.25158
2453177.37314 -1.08931
2453178.37319 2.01256
2453179.37323 3.73478
2453180.37328 5.24214
2453181.37332 9.49162
2453182.37337 9.60841
2453183.37341 10.85246
2453184.37346 8.44242
2453185.37351 7.20356
2453186.37355 7.18019
2453187.37360 4.49779
2453188.37364 2.53301
2453189.37369 -0.17753
2453190.37373 -3.18246
2453191.37378 -7.42683
2453192.37382 -8.24506
2453193.37387 -11.38227
2453194.37392 -14.30042
2453195.37396 -12.01736
2453196.37401 -13.99552
2453197.37405 -15.49403
2453198.37410 -11.64411
2453199.37414 -11.48919
2453200.37419 -8.60058
2453201.37424 -8.48565
2453202.37428 -3.81032
2453203.37433 -1.19114
2453204.37437 1.60978
2453205.37442 3.69861
2453206.37446 6.46353
2453207.37451 9.78247
2453208.37456 8.55641
2453209.37460 10.04995
2453210.37465 9.84859
2453211.37469 9.12961
2453212.37474 5.90670
2453213.37478 4.76751
2453214.37483 3.35566
2453215.37487 0.56169
2453401.38336 -6.87450
2453402.38341 -8.94156
2453403.38345 -9.33062
2453404.38350 -9.89435
2453405.38354 -11.26763
2453406.38359 -13.71921
2453407.38364 -13.10665
2453408.38368 -9.34523
2453409.38373 -8.50688
2453410.38377 -4.48349
2453411.38382 -2.48774
2453412.38386 0.54514
2453413.38391 4.02361
2453414.38396 5.92333
2453415.38400 8.81392
2453416.38405 8.98976
2453417.38409 11.90448
2453418.38414 14.28742
2453419.38418 12.88801
2453420.38423 11.48092
2453421.38427 10.25431
2453422.38432 7.99923
2453423.38437 5.75829
2453424.38441 3.64827
2453425.38446 0.20469
2453426.38450 -2.98149
2453427.38455 -5.51035
2453428.38459 -8.27653
2453429.38464 -10.80747
2453430.38469 -10.29078
2453431.38473 -11.96874
2453432.38478 -12.61104
2453433.38482 -12.13408
2453434.38487 -11.57634
2453435.38491 -7.11466
2453436.38496 -4.98176
2453437.38501 -2.18647
2453438.38505 0.41783
2453439.38510 3.44030
2453440.38514 5.44599
2453441.38519 9.54534
2453442.38523 10.73824
2453443.38528 12.03391
2453444.38532 14.33154
2453445.38537 15.94395
2453446.38542 12.86586
2453447.38546 10.22986
2453448.38551 9.33172
2453449.38555 7.36279
2453450.38560 3.94433
2453451.38564 0.82963
2453452.38569 -1.69437
2453453.38574 -5.61726
2453454.38578 -7.51572
2453455.38583 -8.17742
2453456.38587 -10.34543
2453457.38592 -13.06313
2453458.38596 -11.72320
2453459.38601 -11.59879
2453460.38605 -10.36710
2453461.38610 -7.41051
2453462.38615 -4.83148
2453463.38619 -2.70946
2453464.38624 0.33641
2453465.38628 4.16943
2453466.38633 7.02212
2453467.38637 8.84921
2453468.38642 10.69947
2453469.38647 12.25504
2453470.38651 16.33509
2453471.38656 14.81604
2453472.38660 15.50695
2453473.38665 11.72167
2453474.38669 8.92054
2453475.38674 6.68029
2453476.38678 4.87325
2453477.38683 1.78904
2453478.38688 -1.21888
2453479.38692 -4.01379
2453480.38697 -7.36717
2453481.38701 -8.58401
2453482.38706 -10.71498
2453483.38710 -9.46960
2453484.38715 -12.48383
2453485.38720 -10.73236
2453486.38724 -9.18779
2453487.38729 -8.17346
2453488.38733 -5.18045
2453489.38738 -2.53116
2453490.38742 0.21290
2453491.38747 3.85378
2453492.38751 5.57643
2453493.38756 8.99352
2453494.38761 12.25514
2453495.38765 10.23824
2453496.38770 14.50449
2453497.38774 15.14829
2453498.38779 11.65681
2453499.38783 13.12918
2453500.38788 10.30310
2453501.38793 7.06255
2453502.38797 4.79320
2453503.38802 2.53417
2453504.38806 -0.63180
2453505.38811 -3.64051
2453506.38815 -6.96966
2453507.38820 -8.03233
2453508.38824 -8.81590
2453509.38829 -11.20254
2453510.38834 -10.44481
2453511.38838 -11.45174
2453512.38843 -9.81026
2453513.38847 -6.84924
2453514.38852 -5.74328
2453515.38856 -2.64052
2453516.38861 0.09096
2453517.38866 3.74382
2453518.38870 5.08510
2453519.38875 8.07188
2453520.38879 12.61912
2453521.38884 11.17167
2453522.38888 15.23289
2453523.38893 14.27548
2453524.38898 11.15556
2453525.38902 14.81955
2453526.38907 10.71691
2453527.38911 7.25024
2453528.38916 5.58570
2453529.38920 2.41293
2453530.38925 0.07196
2453531.38929 -2.56947
2453532.38934 -5.75533
2453533.38939 -7.46434
2453534.38943 -7.91359
2453535.38948 -11.76197
2453536.38952 -9.76603
2453537.38957 -10.56033
2453538.38961 -10.06214
2453539.38966 -8.91933
2453540.38971 -5.21134
2453541.38975 -3.62158
2453542.38980 -0.03691
2453543.38984 2.97884
2453544.38989 6.30960
2453545.38993 7.36364
2453546.38998 10.26809
2453547.39002 12.95635
2453548.39007 14.85699
2453549.39012 13.34294
2453550.39016 13.02347
2453551.39021 12.91018
2453552.39025 9.95805
2453553.39030 9.86999
2453554.39034 5.98292
2453555.39039 4.11332
2453556.39044 0.88704
2453557.39048 -2.02609
2453558.39053 -4.56380
2453559.39057 -7.00274
2453560.39062 -8.54705
2453561.39066 -10.44594
2453562.39071 -8.90979
2453563.39075 -10.43113
2453564.39080 -10.16777
2453565.39085 -6.83859
2453566.39089 -4.67499
2453567.39094 -3.33685
2453568.39098 -0.14070
2453569.39103 2.83782
2453570.39107 5.45332
2453571.39112 8.43101
2453572.39117 13.11101
2453573.39121 12.69811
2453574.39126 12.98457
2453575.39130 13.51597
2453576.39135 14.21904
2453577.39139 11.52394
2453578.39144 13.25942
2453579.39148 10.82412
2453580.39153 7.23188
2453766.40002 0.26294
2453767.40006 -2.44158
2453768.40011 -5.25454
2453769.40016 -6.52333
2453770.40020 -9.79326
2453771.40025 -9.32687
2453772.40029 -10.48226
2453773.40034 -8.81682
2453774.40038 -5.88963
2453775.40043 -3.54111
2453776.40047 -1.15564
2453777.40052 1.83496
2453778.40057 4.32024
2453779.40061 8.45952
2453780.40066 13.29910
2453781.40070 15.66977
2453782.40075 14.65761
2453783.40079 17.21639
2453784.40084 15.10559
2453785.40089 17.49020
2453786.40093 17.10026
2453787.40098 15.14879
2453788.40102 13.62602
2453789.40107 11.27856
2453790.40111 7.72005
2453791.40116 4.64370
2453792.40120 0.97791
2453793.40125 -1.92155
2453794.40130 -4.63314
2453795.40134 -6.87907
2453796.40139 -8.32903
2453797.40143 -9.16346
2453798.40148 -7.36465
2453799.40152 -8.49423
2453800.40157 -5.44772
2453801.40162 -4.19455
2453802.40166 -1.57980
2453803.40171 1.48721
2453804.40175 5.11577
2453805.40180 7.55785
2453806.40184 12.39378
2453807.40189 12.40614
2453808.40193 16.43013
2453809.40198 19.35609
2453810.40203 17.09706
2453811.40207 18.46427
2453812.40212 17.56314
2453813.40216 17.39932
2453814.40221 11.25485
2453815.40225 10.80135
2453816.40230 8.15560
2453817.40235 4.69901
2453818.40239 1.58691
2453819.40244 -1.10717
2453820.40248 -3.52320
2453821.40253 -5.55794
2453822.40257 -5.22494
2453823.40262 -9.13496
2453824.40266 -7.00807
2453825.40271 -8.48633
2453826.40276 -5.98199
2453827.40280 -4.06428
2453828.40285 -1.39262
2453829.40289 1.09804
2453830.40294 4.57180
2453831.40298 7.70389
2453832.40303 10.49120
2453833.40308 10.85290
2453834.40312 16.40475
2453835.40317 17.33743
2453836.40321 19.28677
2453837.40326 18.08309
2453838.40330 17.08352
2453839.40335 15.15997
2453840.40340 16.86473
2453841.40344 12.73373
2453842.40349 8.77377
2453843.40353 5.75272
2453844.40358 2.12114
2453845.40362 -0.59783
2453846.40367 -3.27129
2453847.40371 -5.20556
2453848.40376 -7.88735
2453849.40381 -7.16413
2453850.40385 -9.71845
2453851.40390 -8.10920
2453852.40394 -6.34774
2453853.40399 -3.99789
2453854.40403 -1.86797
2453855.40408 0.94962
2453856.40413 3.78699
2453857.40417 7.76968
2453858.40422 10.62052
2453859.40426 11.69593
2453860.40431 16.12476
2453861.40435 22.20378
2453862.40440 14.85828
2453863.40444 16.87460
2453864.40449 18.76403
2453865.40454 14.68993
2453866.40458 12.56903
2453867.40463 13.49754
2453868.40467 7.47006
2453869.40472 6.27964
2453870.40476 2.89493
2453871.40481 -0.03166
2453872.40486 -2.59500
2453873.40490 -4.97150
2453874.40495 -6.33100
2453875.40499 -7.10132
2453876.40504 -8.50922
2453877.40508 -7.24953
2453878.40513 -5.96558
2453879.40517 -3.78937
2453880.40522 -2.15693
2453881.40527 0.91981
2453882.40531 3.95738
2453883.40536 7.01607
2453884.40540 9.67033
2453885.40545 11.12682
2453886.40549 15.71766
2453887.40554 22.01909
2453888.40559 16.88503
2453889.40563 17.62689
2453890.40568 16.80743
2453891.40572 18.40828
2453892.40577 16.64643
2453893.40581 13.55878
2453894.40586 9.70023
2453895.40590 6.99168
2453896.40595 3.59329
2453897.40600 0.53278
2453898.40604 -1.87545
2453899.40609 -4.99245
2453900.40613 -6.96355
2453901.40618 -7.09225
2453902.40622 -7.14826
2453903.40627 -6.83169
2453904.40632 -6.57841
2453905.40636 -4.22633
2453906.40641 -2.20530
2453907.40645 0.68424
2453908.40650 3.93588
2453909.40654 5.85506
2453910.40659 10.68333
2453911.40664 12.81114
2453912.40668 13.34483
2453913.40673 16.45275
2453914.40677 15.67376
2453915.40682 15.32717
2453916.40686 16.35042
2453917.40691 15.33916
2453918.40695 14.76148
2453919.40700 14.96884
2453920.40705 10.98286
2453921.40709 7.77721
2453922.40714 4.99127
2453923.40718 1.11015
2453924.40723 -1.60337
2453925.40727 -3.76375
2453926.40732 -6.07054
2453927.40737 -8.38524
2453928.40741 -7.56531
2453929.40746 -6.28925
2453930.40750 -7.51955
2453931.40755 -4.44527
2453932.40759 -2.17441
2453933.40764 0.40376
2453934.40768 3.35132
2453935.40773 5.91083
2453936.40778 8.49221
2453937.40782 10.84392
2453938.40787 16.10865
2453939.40791 13.00122
2453940.40796 18.23782
2453941.40800 22.55572
2453942.40805 17.16433
2453943.40810 17.53299
2453944.40814 14.74858
2453945.40819 14.62326
2454131.41667 6.07209
2454132.41672 2.65477
2454133.41677 -0.05044
2454134.41681 -2.77296
2454135.41686 -4.38388
2454136.41690 -6.43229
2454137.41695 -6.39534
2454138.41699 -5.80290
2454139.41704 -5.00626
2454140.41708 -4.05466
2454141.41713 -1.40712
2454142.41718 1.26728
2454143.41722 4.68014
2454144.41727 8.21231
2454145.41731 9.96101
2454146.41736 13.96225
2454147.41740 13.99238
2454148.41745 18.25402
2454149.41750 19.28996
2454150.41754 21.49071
2454151.41759 19.70074
2454152.41763 20.45756
2454153.41768 18.88043
2454154.41772 17.44158
2454155.41777 13.05620
2454156.41782 10.07180
2454157.41786 6.59532
2454158.41791 3.41941
2454159.41795 0.48094
2454160.41800 -2.52114
2454161.41804 -4.83014
2454162.41809 -5.16703
2454163.41813 -6.43210
2454164.41818 -4.96326
2454165.41823 -4.60245
2454166.41827 -3.31035
2454167.41832 -1.60942
2454168.41836 1.37057
2454169.41841 4.19451
2454170.41845 6.78834
2454171.41850 10.45506
2454172.41855 12.25532
2454173.41859 16.29960
2454174.41864 16.25201
2454175.41868 16.77387
2454176.41873 17.34518
2454177.41877 18.52225
2454178.41882 22.26761
2454179.41886 17.89118
2454180.41891 16.36807
2454181.41896 13.53776
2454182.41900 9.50619
2454183.41905 6.77204
2454184.41909 4.11661
2454185.41914 0.87765
2454186.41918 -1.68415
2454187.41923 -3.95689
2454188.41928 -6.05683
2454189.41932 -5.34243
2454190.41937 -5.70974
2454191.41941 -4.56598
2454192.41946 -3.54288
2454193.41950 -1.87006
2454194.41955 0.75628
2454195.41959 3.89358
2454196.41964 7.10260
2454197.41969 11.71746
2454198.41973 11.79693
2454199.41978 15.75403
2454200.41982 17.99458
2454201.41987 15.70873
2454202.41991 21.35829
2454203.41996 20.99641
2454204.42001 20.15142
2454205.42005 21.59272
2454206.42010 14.95032
2454207.42014 14.08166
2454208.42019 9.49537
2454209.42023 6.45527
2454210.42028 4.81953
2454211.42032 1.42597
2454212.42037 -1.32271
2454213.42042 -3.47889
2454214.42046 -4.38749
2454215.42051 -5.77421
2454216.42055 -5.59043
2454217.42060 -4.27364
2454218.42064 -4.10798
2454219.42069 -2.54902
2454220.42074 0.44882
2454221.42078 2.92340
2454222.42083 7.38809
2454223.42087 9.72256
2454224.42092 12.15775
2454225.42096 16.72789
2454226.42101 17.70724
2454227.42106 17.41795
2454228.42110 21.02308
2454229.42115 23.18012
2454230.42119 18.91866
2454231.42124 17.88482
2454232.42128 20.11344
2454233.42133 14.73044
2454234.42137 9.40172
2454235.42142 8.58033
2454236.42147 4.98086
2454237.42151 1.86567
2454238.42156 -0.87221
2454239.42160 -3.43829
2454240.42165 -4.79480
2454241.42169 -5.27878
2454242.42174 -6.29781
2454243.42179 -5.79709
2454244.42183 -4.87865
2454245.42188 -1.98219
2454246.42192 0.08569
2454247.42197 2.86692
2454248.42201 7.19409
2454249.42206 10.24628
2454250.42210 13.51038
2454251.42215 13.31569
2454252.42220 16.53053
2454253.42224 21.83107
2454254.42229 20.20897
2454255.42233 21.12507
2454256.42238 21.35930
2454257.42242 24.09449
2454258.42247 18.49460
2454259.42252 14.36899
2454260.42256 10.88815
2454261.42261 10.05488
2454262.42265 5.21791
2454263.42270 2.66558
2454264.42274 -0.44005
2454265.42279 -3.04616
2454266.42283 -5.18534
2454267.42288 -4.36672
2454268.42293 -6.50596
2454269.42297 -5.33234
2454270.42302 -4.26352
2454271.42306 -2.72253
2454272.42311 -0.25379
2454273.42315 2.68587
2454274.42320 5.48139
2454275.42325 8.42864
2454276.42329 12.01309
2454277.42334 15.52931
2454278.42338 19.13863
2454279.42343 19.16157
2454280.42347 19.87230
2454281.42352 23.52032
2454282.42356 18.75852
2454283.42361 17.65323
2454284.42366 18.87820
2454285.42370 14.27321
2454286.42375 11.71167
2454287.42379 8.19406
2454288.42384 5.72174
2454289.42388 3.11649
2454290.42393 -0.05686
2454291.42398 -2.31715
2454292.42402 -5.15640
2454293.42407 -5.84758
2454294.42411 -6.60690
2454295.42416 -4.45467
2454296.42420 -4.42721
2454297.42425 -3.34930
2454298.42429 -0.64896
2454299.42434 2.53172
2454300.42439 4.92641
2454301.42443 9.33302
2454302.42448 8.81487
2454303.42452 14.65568
2454304.42457 16.19791
2454305.42461 19.37812
2454306.42466 20.08910
2454307.42471 20.60457
2454308.42475 16.48341
2454309.42480 22.60395
2454310.42484 19.30610
2454497.43338 7.10177
2454498.43342 3.39046
2454499.43347 0.10327
2454500.43351 -2.37385
2454501.43356 -4.29786
2454502.43360 -5.26089
2454503.43365 -4.72645
2454504.43370 -6.65326
2454505.43374 -4.96810
2454506.43379 -3.71801
2454507.43383 -1.21267
2454508.43388 1.64653
2454509.43392 5.27690
2454510.43397 7.87860
2454511.43401 10.82484
2454512.43406 14.39429
2454513.43411 16.47146
2454514.43415 19.07628
2454515.43420 17.49225
2454516.43424 24.25315
2454517.43429 23.93599
2454518.43433 24.01246
2454519.43438 16.90665
2454520.43443 15.43117
2454521.43447 13.38708
2454522.43452 10.35003
2454523.43456 6.33208
2454524.43461 3.46837
2454525.43465 0.40407
2454526.43470 -2.12195
2454527.43474 -3.77467
2454528.43479 -5.79569
2454529.43484 -5.85474
2454530.43488 -6.55561
2454531.43493 -5.35684
2454532.43497 -3.20783
2454533.43502 -1.45860
2454534.43506 1.29907
2454535.43511 4.60686
2454536.43516 6.43589
2454537.43520 9.68856
2454538.43525 11.78274
2454539.43529 20.86080
2454540.43534 21.16023
2454541.43538 24.08433
2454542.43543 18.08067
2454543.43548 19.51095
2454544.43552 21.01277
2454545.43557 16.57261
2454546.43561 18.28757
2454547.43566 13.52142
2454548.43570 8.28172
2454549.43575 6.91313
2454550.43579 4.02794
2454551.43584 0.74084
2454552.43589 -1.49860
2454553.43593 -4.35425
2454554.43598 -5.57800
2454555.43602 -7.00864
2454556.43607 -6.14494
2454557.43611 -5.88798
2454558.43616 -3.31526
2454559.43621 -1.84491
2454560.43625 0.73261
2454561.43630 3.77335
2454562.43634 6.76065
2454563.43639 8.45743
2454564.43643 16.60548
2454565.43648 17.84075
2454566.43652 14.52100
2454567.43657 18.47895
2454568.43662 20.90679
2454569.43666 18.87993
2454570.43671 20.36709
2454571.43675 24.16314
2454572.43680 14.69345
2454573.43684 13.21957
2454574.43689 10.27252
2454575.43694 7.73004
2454576.43698 4.63635
2454577.43703 1.03396
2454578.43707 -1.71372
2454579.43712 -3.90624
2454580.43716 -5.75951
2454581.43721 -6.49089
2454582.43725 -7.37577
2454583.43730 -6.19738
2454584.43735 -4.33107
2454585.43739 -2.06300
2454586.43744 0.17288
2454587.43748 2.81798
2454588.43753 6.27041
2454589.43757 10.49125
2454590.43762 12.59338
2454591.43767 15.21723
2454592.43771 15.94762
2454593.43776 18.88541
2454594.43780 21.60133
2454595.43785 19.55888
2454596.43789 19.19262
2454597.43794 18.70593
2454598.43798 14.43750
2454599.43803 15.32697
2454600.43808 9.32456
2454601.43812 7.53727
2454602.43817 4.31217
2454603.43821 1.39682
2454604.43826 -1.57641
2454605.43830 -3.19023
2454606.43835 -6.51400
2454607.43840 -6.58425
2454608.43844 -6.47906
2454609.43849 -6.13056
2454610.43853 -5.37284
2454611.43858 -2.89095
2454612.43862 -0.34197
2454613.43867 2.14454
2454614.43871 6.32321
2454615.43876 8.61677
2454616.43881 12.76078
2454617.43885 15.84887
2454618.43890 19.15953
2454619.43894 23.19002
2454620.43899 21.73802
2454621.43903 23.00239
2454622.43908 22.64342
2454623.43913 20.83844
2454624.43917 15.60827
2454625.43922 14.31922
2454626.43926 10.69905
2454627.43931 7.31938
2454628.43935 4.67906
2454629.43940 1.45156
2454630.43945 -1.20420
2454631.43949 -3.83218
2454632.43954 -5.27022
2454633.43958 -6.53082
2454634.43963 -6.46399
2454635.43967 -6.77591
2454636.43972 -5.12780
2454637.43976 -3.52827
2454638.43981 -0.84280
2454639.43986 2.04931
2454640.43990 5.33646
2454641.43995 7.11723
2454642.43999 10.35781
2454643.44004 14.28822
2454644.44008 18.04445
2454645.44013 19.14167
2454646.44018 22.18754
2454647.44022 20.51783
2454648.44027 22.26579
2454649.44031 18.76511
2454650.44036 13.52130
2454651.44040 15.17117
2454652.44045 11.05517
2454653.44049 6.69496
2454654.44054 5.54832
2454655.44059 1.82023
2454656.44063 -1.07076
2454657.44068 -3.04464
2454658.44072 -5.53609
2454659.44077 -5.61283
2454660.44081 -7.52665
2454661.44086 -5.53940
2454662.44091 -5.12235
2454663.44095 -4.38362
2454664.44100 -1.52048
2454665.44104 1.45269
2454666.44109 4.56661
2454667.44113 8.13076
2454668.44118 10.60605
2454669.44122 14.84973
2454670.44127 18.40519
2454671.44132 18.06264
2454672.44136 22.93106
2454673.44141 21.26222
2454674.44145 19.82958
2454675.44150 19.17805
2454676.44154 17.70288
2454862.45003 7.50304
2454863.45008 4.45065
2454864.45012 0.89966
2454865.45017 -2.51724
2454866.45021 -5.07414
2454867.45026 -7.96798
2454868.45031 -8.65548
2454869.45035 -8.85568
2454870.45040 -9.66253
2454871.45044 -6.82333
2454872.45049 -5.34950
2454873.45053 -3.32068
2454874.45058 -0.60535
2454875.45063 2.43376
2454876.45067 5.48803
2454877.45072 9.16850
2454878.45076 12.96837
2454879.45081 15.18107
2454880.45085 17.51916
2454881.45090 16.21140
2454882.45094 20.79182
2454883.45099 19.42340
2454884.45104 15.73859
2454885.45108 16.71598
2454886.45113 13.73902
2454887.45117 10.34565
2454888.45122 8.14935
2454889.45126 4.03024
2454890.45131 0.93221
2454891.45136 -2.19543
2454892.45140 -4.07083
2454893.45145 -7.31259
2454894.45149 -8.02582
2454895.45154 -8.55543
2454896.45158 -9.93035
2454897.45163 -9.01407
2454898.45167 -6.93635
2454899.45172 -3.89767
2454900.45177 -1.36683
2454901.45181 2.10350
2454902.45186 5.58722
2454903.45190 10.08706
2454904.45195 11.74252
2454905.45199 16.59250
2454906.45204 17.44442
2454907.45209 17.40506
2454908.45213 16.30801
2454909.45218 17.19248
2454910.45222 19.02158
2454911.45227 15.78234
2454912.45231 14.10776
2454913.45236 12.57180
2454914.45240 6.05862
2454915.45245 4.46362
2454916.45250 1.08624
2454917.45254 -1.90683
2454918.45259 -4.64418
2454919.45263 -7.50407
2454920.45268 -9.24694
2454921.45272 -9.71331
2454922.45277 -8.96500
2454923.45282 -7.87151
2454924.45286 -6.08544
2454925.45291 -4.50074
2454926.45295 -1.88111
2454927.45300 1.25497
2454928.45304 5.03398
2454929.45309 8.49676
2454930.45313 11.87180
2454931.45318 14.54212
2454932.45323 16.02204
2454933.45327 17.11578
2454934.45332 19.42865
2454935.45336 17.99233
2454936.45341 16.48092
2454937.45345 16.63298
2454938.45350 14.73696
2454939.45355 10.68937
2454940.45359 8.79106
2454941.45364 4.20577
2454942.45368 1.23609
2454943.45373 -1.58229
2454944.45377 -5.37670
2454945.45382 -6.27699
2454946.45387 -8.66370
2454947.45391 -9.95594
2454948.45396 -8.71958
2454949.45400 -8.61346
2454950.45405 -8.16242
2454951.45409 -4.78291
2454952.45414 -2.20932
2454953.45418 0.47606
2454954.45423 3.11690
2454955.45428 6.80174
2454956.45432 9.23001
2454957.45437 13.53619
2454958.45441 14.38234
2454959.45446 14.72783
2454960.45450 19.56682
2454961.45455 21.77514
2454962.45460 17.31104
2454963.45464 18.50055
2454964.45469 11.72783
2454965.45473 12.84075
2454966.45478 8.51643
2454967.45482 5.16600
2454968.45487 1.27641
2454969.45491 -1.73444
2454970.45496 -3.83734
2454971.45501 -7.15654
2454972.45505 -9.66780
2454973.45510 -10.12712
2454974.45514 -9.01930
2454975.45519 -7.74309
2454976.45523 -8.45890
2454977.45528 -5.30996
2454978.45533 -3.43947
2454979.45537 -0.16065
2454980.45542 3.36969
2454981.45546 5.28104
2454982.45551 11.45854
2454983.45555 11.70145
2454984.45560 15.11846
2454985.45564 17.11205
2454986.45569 19.58177
2454987.45574 16.93680
2454988.45578 15.69316
2454989.45583 14.86762
2454990.45587 14.29994
2454991.45592 10.04897
2454992.45596 8.39581
2454993.45601 4.71584
2454994.45606 1.82725
2454995.45610 -1.71781
2454996.45615 -4.63637
2454997.45619 -7.31484
2454998.45624 -7.40740
2454999.45628 -10.57027
2455000.45633 -8.52894
2455001.45637 -11.39285
2455002.45642 -8.33634
2455003.45647 -7.63584
2455004.45651 -3.65892
2455005.45656 -0.85591
2455006.45660 2.20636
2455007.45665 6.62531
2455008.45669 9.52565
2455009.45674 12.56195
2455010.45679 12.95400
2455011.45683 18.01293
2455012.45688 21.34953
2455013.45692 14.00380
2455014.45697 15.13526
2455015.45701 16.56276
2455016.45706 13.50491
2455017.45711 10.96747
2455018.45715 8.01296
2455019.45720 5.19768
2455020.45724 1.60300
2455021.45729 -1.30519
2455022.45733 -4.44870
2455023.45738 -7.15796
2455024.45742 -9.20399
2455025.45747 -10.14510
2455026.45752 -9.68422
2455027.45756 -11.04949
2455028.45761 -10.84029
2455029.45765 -7.74828
2455030.45770 -4.90284
2455031.45774 -1.90576
2455032.45779 1.55963
2455033.45784 5.24654
2455034.45788 7.59165
2455035.45793 11.22014
2455036.45797 16.41801
2455037.45802 13.87627
2455038.45806 14.66268
2455039.45811 14.69747
2455040.45815 16.16393
2455041.45820 16.24874
2455227.46669 6.71074
2455228.46673 2.69491
2455229.46678 -0.16787
2455230.46682 -3.56979
2455231.46687 -6.20963
2455232.46692 -7.97039
2455233.46696 -9.59757
2455234.46701 -10.79273
2455235.46705 -12.54022
2455236.46710 -12.79225
2455237.46714 -11.63293
2455238.46719 -10.18110
2455239.46724 -6.30039
2455240.46728 -4.80253
2455241.46733 -1.24481
2455242.46737 1.85705
2455243.46742 4.93491
2455244.46746 9.08259
2455245.46751 12.48001
2455246.46755 10.40739
2455247.46760 16.09497
2455248.46765 15.91226
2455249.46769 12.37574
2455250.46774 12.82591
2455251.46778 10.54934
2455252.46783 7.79538
2455253.46787 8.02075
2455254.46792 3.77561
2455255.46797 -0.03805
2455256.46801 -3.39520
2455257.46806 -6.43533
2455258.46810 -10.21515
2455259.46815 -11.78645
2455260.46819 -11.04983
2455261.46824 -13.13955
2455262.46829 -13.89246
2455263.46833 -11.87791
2455264.46838 -10.47244
2455265.46842 -7.68526
2455266.46847 -5.25741
2455267.46851 -1.66590
2455268.46856 1.36091
2455269.46860 5.03669
2455270.46865 8.46053
2455271.46870 10.70508
2455272.46874 12.67014
2455273.46879 14.97874
2455274.46883 12.75092
2455275.46888 15.62144
2455276.46892 13.68597
2455277.46897 11.84345
2455278.46902 10.46805
2455279.46906 6.70150
2455280.46911 2.95454
2455281.46915 0.12766
2455282.46920 -3.22493
2455283.46924 -6.45134
2455284.46929 -11.19863
2455285.46933 -10.00915
2455286.46938 -14.81818
2455287.46943 -14.23573
2455288.46947 -15.29706
2455289.46952 -13.80827
2455290.46956 -11.05821
2455291.46961 -8.11157
2455292.46965 -6.80214
2455293.46970 -3.03347
2455294.46975 0.45512
2455295.46979 3.80424
2455296.46984 6.83340
2455297.46988 9.76494
2455298.46993 12.81181
2455299.46997 10.53296
2455300.47002 13.48158
2455301.47006 14.64918
2455302.47011 14.37538
2455303.47016 13.03328
2455304.47020 9.05502
2455305.47025 6.98329
2455306.47029 3.08824
2455307.47034 0.27510
2455308.47038 -2.82167
2455309.47043 -5.88275
2455310.47048 -8.99217
2455311.47052 -11.10666
2455312.47057 -14.33638
2455313.47061 -14.29643
2455314.47066 -10.88777
2455315.47070 -11.76673
2455316.47075 -12.29859
2455317.47079 -10.40636
2455318.47084 -6.14993
2455319.47089 -3.85439
2455320.47093 -0.38431
2455321.47098 2.36940
2455322.47102 6.65223
2455323.47107 8.67011
2455324.47111 10.94435
2455325.47116 12.72064
2455326.47121 12.91515
2455327.47125 14.18488
2455328.47130 13.88486
2455329.47134 11.69021
2455330.47139 8.94391
2455331.47143 6.44700
2455332.47148 3.66810
2455333.47153 0.45956
2455334.47157 -2.65488
2455335.47162 -6.50457
2455336.47166 -9.04014
2455337.47171 -11.57719
2455338.47175 -15.72068
2455339.47180 -14.39404
2455340.47184 -14.53316
2455341.47189 -13.97516
2455342.47194 -12.41965
2455343.47198 -11.97641
2455344.47203 -6.91598
2455345.47207 -4.25638
2455346.47212 -1.34443
2455347.47216 2.25331
2455348.47221 4.61793
2455349.47226 9.30107
2455350.47230 10.74580
2455351.47235 13.85129
2455352.47239 13.13893
2455353.47244 14.10512
2455354.47248 14.65688
2455355.47253 11.75143
2455356.47257 9.19771
2455357.47262 6.73177
2455358.47267 3.56906
2455359.47271 0.57785
2455360.47276 -2.91185
2455361.47280 -6.39668
2455362.47285 -9.43029
2455363.47289 -13.96112
2455364.47294 -10.93022
2455365.47299 -14.76457
2455366.47303 -14.81989
2455367.47308 -15.10397
2455368.47312 -10.82031
2455369.47317 -11.26639
2455370.47321 -8.02593
2455371.47326 -4.82926
2455372.47330 -1.82190
2455373.47335 1.44124
2455374.47340 5.22415
2455375.47344 8.30645
2455376.47349 11.79810
2455377.47353 12.54470
2455378.47358 11.59840
2455379.47362 13.94355
2455380.47367 13.06596
2455381.47372 11.16105
2455382.47376 8.26451
2455383.47381 8.10447
2455384.47385 4.50509
2455385.47390 0.61080
2455386.47394 -3.12741
2455387.47399 -5.54443
2455388.47403 -9.49714
2455389.47408 -10.80455
2455390.47413 -11.21617
2455391.47417 -14.45150
2455392.47422 -16.18349
2455393.47426 -12.07048
2455394.47431 -14.91356
2455395.47435 -10.32758
2455396.47440 -8.06613
2455397.47445 -6.11758
2455398.47449 -2.58801
2455399.47454 0.63557
2455400.47458 3.12367
2455401.47463 7.01678
2455402.47467 9.62055
2455403.47472 13.50570
2455404.47476 13.97863
2455405.47481 13.88205
2455406.47486 10.76514
2455592.48334 4.28010
2455593.48339 1.91135
2455594.48344 -1.76865
2455595.48348 -5.04778
2455596.48353 -9.92172
2455597.48357 -10.19924
2455598.48362 -14.75207
2455599.48366 -15.10583
2455600.48371 -18.13574
2455601.48375 -20.07990
2455602.48380 -18.71746
2455603.48385 -17.13435
2455604.48389 -15.40452
2455605.48394 -13.14534
2455606.48398 -9.02924
2455607.48403 -6.12019
2455608.48407 -2.74968
2455609.48412 0.89991
2455610.48417 3.90833
2455611.48421 6.59854
2455612.48426 8.85641
2455613.48430 10.78982
2455614.48435 9.60738
2455615.48439 9.41402
2455616.48444 9.01421
2455617.48448 6.95385
2455618.48453 4.97363
2455619.48458 2.08422
2455620.48462 -1.14478
2455621.48467 -4.53486
2455622.48471 -6.14803
2455623.48476 -10.82497
2455624.48480 -11.57444
2455625.48485 -15.53373
2455626.48490 -16.03888
2455627.48494 -17.85754
2455628.48499 -19.31693
2455629.48503 -15.27407
2455630.48508 -15.99699
2455631.48512 -13.90993
2455632.48517 -8.05581
2455633.48521 -6.65273
2455634.48526 -3.27238
2455635.48531 0.24467
2455636.48535 3.53656
2455637.48540 5.82073
2455638.48544 8.07920
2455639.48549 9.22967
2455640.48553 12.18463
2455641.48558 10.03346
2455642.48563 9.75206
2455643.48567 8.52619
2455644.48572 4.45032
2455645.48576 2.01842
2455646.48581 -1.23251
2455647.48585 -4.32412
2455648.48590 -7.54052
2455649.48595 -11.55320
2455650.48599 -13.04758
2455651.48604 -17.81879
2455652.48608 -17.50252
2455653.48613 -22.22691
2455654.48617 -18.18714
2455655.48622 -14.61076
2455656.48626 -18.42112
2455657.48631 -12.85685
2455658.48636 -8.03937
2455659.48640 -7.61996
2455660.48645 -3.57215
2455661.48649 -0.55179
2455662.48654 2.70361
2455663.48658 5.92659
2455664.48663 7.65846
2455665.48668 10.43187
2455666.48672 8.38512
2455667.48677 10.02806
2455668.48681 9.39289
2455669.48686 6.52423
2455670.48690 5.33909
2455671.48695 2.29928
2455672.48699 -0.84652
2455673.48704 -4.35636
2455674.48709 -7.31869
2455675.48713 -10.73573
2455676.48718 -12.93622
2455677.48722 -17.35054
2455678.48727 -19.14672
2455679.48731 -20.62243
2455680.48736 -19.87172
2455681.48741 -16.45966
2455682.48745 -17.12556
2455683.48750 -12.86282
2455684.48754 -9.51638
2455685.48759 -8.71216
2455686.48763 -5.36572
2455687.48768 -1.34394
2455688.48772 1.87567
2455689.48777 4.46065
2455690.48782 6.59756
2455691.48786 7.01768
2455692.48791 10.39984
2455693.48795 7.83649
2455694.48800 9.51025
2455695.48804 9.42453
2455696.48809 5.96689
2455697.48814 2.81818
2455698.48818 -0.72559
2455699.48823 -4.57366
2455700.48827 -7.63945
2455701.48832 -11.80571
2455702.48836 -13.21306
2455703.48841 -15.99912
2455704.48845 -14.71983
2455705.48850 -13.98189
2455706.48855 -20.55134
2455707.48859 -14.52032
2455708.48864 -17.69643
2455709.48868 -15.58141
2455710.48873 -11.76137
2455711.48877 -10.51785
2455712.48882 -4.90214
2455713.48887 -1.76903
2455714.48891 1.35726
2455715.48896 3.26095
2455716.48900 5.45978
2455717.48905 8.23550
2455718.48909 8.84677
2455719.48914 8.96289
2455720.48918 7.91816
2455721.48923 7.81876
2455722.48928 5.26289
2455723.48932 2.33922
2455724.48937 -0.51558
2455725.48941 -4.46214
2455726.48946 -7.85080
2455727.48950 -11.06931
2455728.48955 -12.95330
2455729.48960 -18.24707
2455730.48964 -21.01845
2455731.48969 -19.57659
2455732.48973 -19.77120
2455733.48978 -18.93986
2455734.48982 -17.71186
2455735.48987 -16.33881
2455736.48992 -13.01482
2455737.48996 -8.68093
2455738.49001 -6.63549
2455739.49005 -2.16921
2455740.49010 0.53391
2455741.49014 3.92424
2455742.49019 6.54909
2455743.49023 8.08010
2455744.49028 8.13190
2455745.49033 8.89225
2455746.49037 9.70401
2455747.49042 7.33634
2455748.49046 4.52235
2455749.49051 3.16091
2455750.49055 -0.39020
2455751.49060 -3.19416
2455752.49065 -6.55665
2455753.49069 -10.59278
2455754.49074 -14.15657
2455755.49078 -18.79447
2455756.49083 -22.39618
2455757.49087 -18.55577
2455758.49092 -19.94917
2455759.49096 -17.60328
2455760.49101 -19.21975
2455761.49106 -15.51984
2455762.49110 -15.11089
2455763.49115 -10.89760
2455764.49119 -7.15843
2455765.49124 -3.68006
2455766.49128 -0.13010
2455767.49133 2.67553
2455768.49138 5.77003
2455769.49142 8.07798
2455770.49147 9.48319
2455771.49151 10.13002
2455957.50000 4.57451
