star,n_obs,span_years,split_idx,best_combo,rho_mid_years,Q_mid,n_cycles_obs,is_const,aleatoric_frac_at_t0,valid_metric_value,lookahead_years,t0_year,gpr_med,gpr_lb68,gpr_ub68,gpr_lb95,gpr_ub95,truth_med,truth_lb,truth_ub,error,abs_error,in_68,in_95,gpr_width_68,truth_width,sampling_rate_days
sim0000_ME,1801,29.99726201232056,0,2sm,2.402629041399281,4.999999999999999,12.485182479460201,True,0.9998878386454969,35.63713895220612,1.0,1993.081953045859,1993.896463655031,1993.814328131417,1993.896463655031,1993.814328131417,1993.978599178645,1993.878325967433,1993.878325967433,1993.878325967433,0.018137687598027696,0.018137687598027696,True,True,0.08213552361416987,0.0,1.0
sim0000_ME,1801,29.99726201232056,0,2sm,2.402629041399281,4.999999999999999,12.485182479460201,True,0.9998878386454969,35.63713895220612,2.0,1993.081953045859,1993.896463655031,1993.814328131417,1993.896463655031,1993.814328131417,1993.978599178645,1994.4035406599942,1994.4035406599942,1994.4035406599942,-0.5070770049630937,0.5070770049630937,False,False,0.08213552361416987,0.0,1.0
sim0000_ME,1801,29.99726201232056,0,2sm,2.402629041399281,4.999999999999999,12.485182479460201,True,0.9998878386454969,35.63713895220612,3.0,1993.081953045859,1993.896463655031,1993.814328131417,1993.896463655031,1993.814328131417,1993.978599178645,1994.4035406599942,1994.4035406599942,1994.4035406599942,-0.5070770049630937,0.5070770049630937,False,False,0.08213552361416987,0.0,1.0
sim0000_ME,1801,29.99726201232056,0,2sm,2.402629041399281,4.999999999999999,12.485182479460201,True,0.9998878386454969,35.63713895220612,4.0,1993.081953045859,1993.896463655031,1993.814328131417,1993.896463655031,1993.814328131417,1993.978599178645,1994.4035406599942,1994.4035406599942,1994.4035406599942,-0.5070770049630937,0.5070770049630937,False,False,0.08213552361416987,0.0,1.0
sim0000_ME,1801,29.99726201232056,0,2sm,2.402629041399281,4.999999999999999,12.485182479460201,True,0.9998878386454969,35.63713895220612,5.0,1993.081953045859,1993.896463655031,1993.814328131417,1993.896463655031,1993.814328131417,1993.978599178645,1994.4035406599942,1994.4035406599942,1994.4035406599942,-0.5070770049630937,0.5070770049630937,False,False,0.08213552361416987,0.0,1.0
sim0000_ME,1801,29.99726201232056,0,2sm,2.402629041399281,4.999999999999999,12.485182479460201,True,0.9998878386454969,35.63713895220612,6.0,1993.081953045859,1993.896463655031,1993.814328131417,1993.896463655031,1993.814328131417,1993.978599178645,1994.4035406599942,1994.4035406599942,1994.4035406599942,-0.5070770049630937,0.5070770049630937,False,False,0.08213552361416987,0.0,1.0
sim0000_ME,1801,29.99726201232056,0,2sm,2.402629041399281,4.999999999999999,12.485182479460201,True,0.9998878386454969,35.63713895220612,7.0,1993.081953045859,1993.896463655031,1993.814328131417,1993.896463655031,1993.814328131417,1993.978599178645,1999.3105465019305,1999.3105465019305,1999.3105465019305,-5.414082846899419,5.414082846899419,False,False,0.08213552361416987,0.0,1.0
sim0000_ME,1801,29.99726201232056,0,2sm,2.402629041399281,4.999999999999999,12.485182479460201,True,0.9998878386454969,35.63713895220612,8.0,1993.081953045859,1993.896463655031,1993.814328131417,1993.896463655031,1993.814328131417,1993.978599178645,1999.3105465019305,1999.3105465019305,1999.3105465019305,-5.414082846899419,5.414082846899419,False,False,0.08213552361416987,0.0,1.0
sim0000_ME,1801,29.99726201232056,0,2sm,2.402629041399281,4.999999999999999,12.485182479460201,True,0.9998878386454969,35.63713895220612,9.0,1993.081953045859,1993.896463655031,1993.814328131417,1993.896463655031,1993.814328131417,1993.978599178645,1999.3105465019305,1999.3105465019305,1999.3105465019305,-5.414082846899419,5.414082846899419,False,False,0.08213552361416987,0.0,1.0
sim0000_ME,1801,29.99726201232056,0,2sm,2.402629041399281,4.999999999999999,12.485182479460201,True,0.9998878386454969,35.63713895220612,10.0,1993.081953045859,1993.896463655031,1993.814328131417,1993.896463655031,1993.814328131417,1993.978599178645,1999.3105465019305,1999.3105465019305,1999.3105465019305,-5.414082846899419,5.414082846899419,False,False,0.08213552361416987,0.0,1.0
sim0000_ME,1801,29.99726201232056,0,2sm,2.402629041399281,4.999999999999999,12.485182479460201,True,0.9998878386454969,35.63713895220612,11.0,1993.081953045859,1993.896463655031,1993.814328131417,1993.896463655031,1993.814328131417,1993.978599178645,1999.3105465019305,1999.3105465019305,1999.3105465019305,-5.414082846899419,5.414082846899419,False,False,0.08213552361416987,0.0,1.0
sim0000_ME,1801,29.99726201232056,0,2sm,2.402629041399281,4.999999999999999,12.485182479460201,True,0.9998878386454969,35.63713895220612,12.0,1993.081953045859,1993.896463655031,1993.814328131417,1993.896463655031,1993.814328131417,1993.978599178645,1999.3105465019305,1999.3105465019305,1999.3105465019305,-5.414082846899419,5.414082846899419,False,False,0.08213552361416987,0.0,1.0
sim0000_ME,1801,29.99726201232056,0,2sm,2.402629041399281,4.999999999999999,12.485182479460201,True,0.9998878386454969,35.63713895220612,13.0,1993.081953045859,1993.896463655031,1993.814328131417,1993.896463655031,1993.814328131417,1993.978599178645,1999.3105465019305,1999.3105465019305,1999.3105465019305,-5.414082846899419,5.414082846899419,False,False,0.08213552361416987,0.0,1.0
sim0000_ME,1801,29.99726201232056,0,2sm,2.402629041399281,4.999999999999999,12.485182479460201,True,0.9998878386454969,35.63713895220612,14.0,1993.081953045859,1993.896463655031,1993.814328131417,1993.896463655031,1993.814328131417,1993.978599178645,1999.3105465019305,1999.3105465019305,1999.3105465019305,-5.414082846899419,5.414082846899419,False,False,0.08213552361416987,0.0,1.0
sim0000_ME,1801,29.99726201232056,0,2sm,2.402629041399281,4.999999999999999,12.485182479460201,True,0.9998878386454969,35.63713895220612,15.0,1993.081953045859,1993.896463655031,1993.814328131417,1993.896463655031,1993.814328131417,1993.978599178645,1999.3105465019305,1999.3105465019305,1999.3105465019305,-5.414082846899419,5.414082846899419,False,False,0.08213552361416987,0.0,1.0
sim0000_ME,1801,29.99726201232056,0,2sm,2.402629041399281,4.999999999999999,12.485182479460201,True,0.9998878386454969,35.63713895220612,16.0,1993.081953045859,1993.896463655031,1993.814328131417,1993.896463655031,1993.814328131417,1993.978599178645,1999.3105465019305,1999.3105465019305,1999.3105465019305,-5.414082846899419,5.414082846899419,False,False,0.08213552361416987,0.0,1.0
sim0000_ME,1801,29.99726201232056,0,2sm,2.402629041399281,4.999999999999999,12.485182479460201,True,0.9998878386454969,35.63713895220612,17.0,1993.081953045859,1993.896463655031,1993.814328131417,1993.896463655031,1993.814328131417,1993.978599178645,1999.3105465019305,1999.3105465019305,1999.3105465019305,-5.414082846899419,5.414082846899419,False,False,0.08213552361416987,0.0,1.0
sim0000_ME,1801,29.99726201232056,0,2sm,2.402629041399281,4.999999999999999,12.485182479460201,True,0.9998878386454969,35.63713895220612,18.0,1993.081953045859,1993.896463655031,1993.814328131417,1993.896463655031,1993.814328131417,1993.978599178645,1999.3105465019305,1999.3105465019305,1999.3105465019305,-5.414082846899419,5.414082846899419,False,False,0.08213552361416987,0.0,1.0
sim0000_ME,1801,29.99726201232056,0,2sm,2.402629041399281,4.999999999999999,12.485182479460201,True,0.9998878386454969,35.63713895220612,18.998813552361298,1993.081953045859,1993.896463655031,1993.814328131417,1993.896463655031,1993.814328131417,1993.978599178645,1999.3105465019305,1999.3105465019305,2011.5705580397316,-5.414082846899419,5.414082846899419,False,False,0.08213552361416987,12.26001153780112,1.0
sim0000_ME,1801,29.99726201232056,1,2sm,2.4317254484984683,4.999999999999999,12.335793101496366,True,0.9996678707139157,36.17239869284285,1.0,1997.0821355783714,1997.1574264750175,1997.1574264750175,1997.1574264750175,1997.1574264750175,1997.1574264750175,1997.9599944353422,1997.9599944353422,1997.9599944353422,-0.8025679603247227,0.8025679603247227,False,False,0.0,0.0,1.0
sim0000_ME,1801,29.99726201232056,1,2sm,2.4317254484984683,4.999999999999999,12.335793101496366,True,0.9996678707139157,36.17239869284285,2.0,1997.0821355783714,1998.8480493360717,1997.1574264750175,1998.875427843943,1997.1574264750175,1998.9028063518142,1998.875368613807,1998.875368613807,1998.875368613807,-0.027319277735387004,0.027319277735387004,True,True,1.7180013689255702,0.0,1.0
sim0000_ME,1801,29.99726201232056,1,2sm,2.4317254484984683,4.999999999999999,12.335793101496366,True,0.9996678707139157,36.17239869284285,3.0,1997.0821355783714,1998.8480493360717,1997.1574264750175,1998.875427843943,1997.1574264750175,1998.9028063518142,1998.875368613807,1998.875368613807,1998.875368613807,-0.027319277735387004,0.027319277735387004,True,True,1.7180013689255702,0.0,1.0
sim0000_ME,1801,29.99726201232056,1,2sm,2.4317254484984683,4.999999999999999,12.335793101496366,True,0.9996678707139157,36.17239869284285,4.0,1997.0821355783714,1998.8480493360717,1997.1574264750175,1998.875427843943,1997.1574264750175,1998.9028063518142,1998.875368613807,1998.875368613807,1998.875368613807,-0.027319277735387004,0.027319277735387004,True,True,1.7180013689255702,0.0,1.0
sim0000_ME,1801,29.99726201232056,1,2sm,2.4317254484984683,4.999999999999999,12.335793101496366,True,0.9996678707139157,36.17239869284285,5.0,1997.0821355783714,1998.8480493360717,1997.1574264750175,1998.875427843943,1997.1574264750175,1998.9028063518142,1998.875368613807,1998.875368613807,1998.875368613807,-0.027319277735387004,0.027319277735387004,True,True,1.7180013689255702,0.0,1.0
sim0000_ME,1801,29.99726201232056,1,2sm,2.4317254484984683,4.999999999999999,12.335793101496366,True,0.9996678707139157,36.17239869284285,6.0,1997.0821355783714,1998.8480493360717,1997.1574264750175,1998.875427843943,1997.1574264750175,1998.9028063518142,1998.875368613807,1998.875368613807,1998.875368613807,-0.027319277735387004,0.027319277735387004,True,True,1.7180013689255702,0.0,1.0
sim0000_ME,1801,29.99726201232056,1,2sm,2.4317254484984683,4.999999999999999,12.335793101496366,True,0.9996678707139157,36.17239869284285,7.0,1997.0821355783714,1998.8480493360717,1997.1574264750175,1998.875427843943,1997.1574264750175,1998.9028063518142,1998.875368613807,1998.875368613807,1998.875368613807,-0.027319277735387004,0.027319277735387004,True,True,1.7180013689255702,0.0,1.0
sim0000_ME,1801,29.99726201232056,1,2sm,2.4317254484984683,4.999999999999999,12.335793101496366,True,0.9996678707139157,36.17239869284285,8.0,1997.0821355783714,1998.8480493360717,1997.1574264750175,1998.875427843943,1997.1574264750175,1998.9028063518142,1998.875368613807,1998.875368613807,1998.875368613807,-0.027319277735387004,0.027319277735387004,True,True,1.7180013689255702,0.0,1.0
sim0000_ME,1801,29.99726201232056,1,2sm,2.4317254484984683,4.999999999999999,12.335793101496366,True,0.9996678707139157,36.17239869284285,9.0,1997.0821355783714,1998.8480493360717,1997.1574264750175,1998.875427843943,1997.1574264750175,1998.9028063518142,1998.875368613807,1998.875368613807,1998.875368613807,-0.027319277735387004,0.027319277735387004,True,True,1.7180013689255702,0.0,1.0
sim0000_ME,1801,29.99726201232056,1,2sm,2.4317254484984683,4.999999999999999,12.335793101496366,True,0.9996678707139157,36.17239869284285,10.0,1997.0821355783714,1998.8480493360717,1997.1574264750175,1998.875427843943,1997.1574264750175,1998.9028063518142,1998.875368613807,1998.875368613807,2006.243380443747,-0.027319277735387004,0.027319277735387004,True,True,1.7180013689255702,7.36801182993986,1.0
sim0000_ME,1801,29.99726201232056,1,2sm,2.4317254484984683,4.999999999999999,12.335793101496366,True,0.9996678707139157,36.17239869284285,11.0,1997.0821355783714,1998.8480493360717,1997.1574264750175,1998.875427843943,1997.1574264750175,1998.9028063518142,1998.875368613807,1998.875368613807,2006.243380443747,-0.027319277735387004,0.027319277735387004,True,True,1.7180013689255702,7.36801182993986,1.0
sim0000_ME,1801,29.99726201232056,1,2sm,2.4317254484984683,4.999999999999999,12.335793101496366,True,0.9996678707139157,36.17239869284285,12.0,1997.0821355783714,1998.8480493360717,1997.1574264750175,1998.875427843943,1997.1574264750175,1998.9028063518142,2008.7043864317507,2006.243380443747,2008.7043864317507,-9.85633709567901,9.85633709567901,False,False,1.7180013689255702,2.4610059880037625,1.0
sim0000_ME,1801,29.99726201232056,1,2sm,2.4317254484984683,4.999999999999999,12.335793101496366,True,0.9996678707139157,36.17239869284285,13.0,1997.0821355783714,1998.8480493360717,1997.1574264750175,1998.875427843943,1997.1574264750175,1998.9028063518142,2008.7043864317507,2006.243380443747,2008.7043864317507,-9.85633709567901,9.85633709567901,False,False,1.7180013689255702,2.4610059880037625,1.0
sim0000_ME,1801,29.99726201232056,1,2sm,2.4317254484984683,4.999999999999999,12.335793101496366,True,0.9996678707139157,36.17239869284285,14.0,1997.0821355783714,1998.8480493360717,1997.1574264750175,1998.875427843943,1997.1574264750175,1998.9028063518142,2008.7043864317507,2006.243380443747,2008.7043864317507,-9.85633709567901,9.85633709567901,False,False,1.7180013689255702,2.4610059880037625,1.0
sim0000_ME,1801,29.99726201232056,1,2sm,2.4317254484984683,4.999999999999999,12.335793101496366,True,0.9996678707139157,36.17239869284285,14.998631019848972,1997.0821355783714,1998.8480493360717,1997.1574264750175,1998.875427843943,1997.1574264750175,1998.9028063518142,2008.7043864317507,2006.243380443747,2008.7043864317507,-9.85633709567901,9.85633709567901,False,False,1.7180013689255702,2.4610059880037625,1.0
sim0000_ME,1801,29.99726201232056,2,3sml,2.4359087632603234,4.999999999999999,12.31460819253795,True,0.9989409495560511,35.08785104940829,1.0,2001.3287359342912,2001.4040268309373,2001.4040268309373,2001.4861623545514,2001.4040268309373,2001.4861623545514,2001.3813930040317,2001.366386869958,2001.4114052721775,0.022633826905575916,0.022633826905575916,False,False,0.08213552361416987,0.0450184022195117,1.0
sim0000_ME,1801,29.99726201232056,2,3sml,2.4359087632603234,4.999999999999999,12.31460819253795,True,0.9989409495560511,35.08785104940829,2.0,2001.3287359342912,2001.4040268309373,2001.4040268309373,2001.4861623545514,2001.4040268309373,2001.4861623545514,2001.3813930040317,2001.366386869958,2001.4114052721775,0.022633826905575916,0.022633826905575916,False,False,0.08213552361416987,0.0450184022195117,1.0
sim0000_ME,1801,29.99726201232056,2,3sml,2.4359087632603234,4.999999999999999,12.31460819253795,True,0.9989409495560511,35.08785104940829,3.0,2001.3287359342912,2001.4040268309373,2001.4040268309373,2001.4861623545514,2001.4040268309373,2001.4861623545514,2001.4564236743972,2001.3813930040317,2003.8123867238892,-0.05239684345997375,0.05239684345997375,True,True,0.08213552361416987,2.430993719857497,1.0
sim0000_ME,1801,29.99726201232056,2,3sml,2.4359087632603234,4.999999999999999,12.31460819253795,True,0.9989409495560511,35.08785104940829,4.0,2001.3287359342912,2001.4040268309373,2001.4040268309373,2001.4861623545514,2001.4040268309373,2001.4861623545514,2001.4564236743972,2001.3813930040317,2003.8123867238892,-0.05239684345997375,0.05239684345997375,True,True,0.08213552361416987,2.430993719857497,1.0
sim0000_ME,1801,29.99726201232056,2,3sml,2.4359087632603234,4.999999999999999,12.31460819253795,True,0.9989409495560511,35.08785104940829,5.0,2001.3287359342912,2001.4040268309373,2001.4040268309373,2001.4861623545514,2001.4040268309373,2001.4861623545514,2006.2583865778206,2001.3813930040317,2006.30340498004,-4.854359746883347,4.854359746883347,False,False,0.08213552361416987,4.922011976008434,1.0
sim0000_ME,1801,29.99726201232056,2,3sml,2.4359087632603234,4.999999999999999,12.31460819253795,True,0.9989409495560511,35.08785104940829,6.0,2001.3287359342912,2001.4040268309373,2001.4040268309373,2001.4861623545514,2001.4040268309373,2001.4861623545514,2006.2583865778206,2001.3813930040317,2006.30340498004,-4.854359746883347,4.854359746883347,False,False,0.08213552361416987,4.922011976008434,1.0
sim0000_ME,1801,29.99726201232056,2,3sml,2.4359087632603234,4.999999999999999,12.31460819253795,True,0.9989409495560511,35.08785104940829,7.0,2001.3287359342912,2001.4040268309373,2001.4040268309373,2001.4861623545514,2001.4040268309373,2001.4861623545514,2006.2583865778206,2001.3813930040317,2006.30340498004,-4.854359746883347,4.854359746883347,False,False,0.08213552361416987,4.922011976008434,1.0
sim0000_ME,1801,29.99726201232056,2,3sml,2.4359087632603234,4.999999999999999,12.31460819253795,True,0.9989409495560511,35.08785104940829,8.0,2001.3287359342912,2001.4040268309373,2001.4040268309373,2001.4861623545514,2001.4040268309373,2001.4861623545514,2008.7043864317507,2003.857405126109,2008.7343986998978,-7.300359600813408,7.300359600813408,False,False,0.08213552361416987,4.876993573788923,1.0
sim0000_ME,1801,29.99726201232056,2,3sml,2.4359087632603234,4.999999999999999,12.31460819253795,True,0.9989409495560511,35.08785104940829,9.0,2001.3287359342912,2001.4040268309373,2001.4040268309373,2001.4861623545514,2001.4040268309373,2001.4861623545514,2008.7043864317507,2003.857405126109,2008.7343986998978,-7.300359600813408,7.300359600813408,False,False,0.08213552361416987,4.876993573788923,1.0
sim0000_ME,1801,29.99726201232056,2,3sml,2.4359087632603234,4.999999999999999,12.31460819253795,True,0.9989409495560511,35.08785104940829,10.0,2001.3287359342912,2001.4040268309373,2001.4040268309373,2001.4861623545514,2001.4040268309373,2001.4861623545514,2008.7043864317507,2006.30340498004,2008.7343986998978,-7.300359600813408,7.300359600813408,False,False,0.08213552361416987,2.4309937198577245,1.0
sim0000_ME,1801,29.99726201232056,2,3sml,2.4359087632603234,4.999999999999999,12.31460819253795,True,0.9989409495560511,35.08785104940829,10.75203066392919,2001.3287359342912,2001.4040268309373,2001.4040268309373,2001.4861623545514,2001.4040268309373,2001.4861623545514,2008.7043864317507,2006.30340498004,2008.7343986998978,-7.300359600813408,7.300359600813408,False,False,0.08213552361416987,2.4309937198577245,1.0
sim0000_ME,1801,29.99726201232056,3,3sml,2.4348986983814616,4.999999999999999,12.319716640474816,True,0.9986717844026052,34.842877492997715,1.0,2006.0900757289533,2006.2475021492135,2006.2475021492135,2006.3296376728274,2006.1653666255995,2006.3296376728274,2006.3334172481862,2006.30340498004,2006.3334172481862,-0.08591509897269134,0.08591509897269134,False,False,0.0821355236139425,0.030012268146037968,1.0
sim0000_ME,1801,29.99726201232056,3,3sml,2.4348986983814616,4.999999999999999,12.319716640474816,True,0.9986717844026052,34.842877492997715,2.0,2006.0900757289533,2006.2475021492135,2006.2475021492135,2006.3296376728274,2006.1653666255995,2006.3296376728274,2006.3334172481862,2006.30340498004,2006.3334172481862,-0.08591509897269134,0.08591509897269134,False,False,0.0821355236139425,0.030012268146037968,1.0
sim0000_ME,1801,29.99726201232056,3,3sml,2.4348986983814616,4.999999999999999,12.319716640474816,True,0.9986717844026052,34.842877492997715,3.0,2006.0900757289533,2006.2475021492135,2006.2475021492135,2006.3296376728274,2006.1653666255995,2006.3296376728274,2006.3334172481862,2006.3334172481862,2008.7794171021173,-0.08591509897269134,0.08591509897269134,False,False,0.0821355236139425,2.4459998539311982,1.0
sim0000_ME,1801,29.99726201232056,3,3sml,2.4348986983814616,4.999999999999999,12.319716640474816,True,0.9986717844026052,34.842877492997715,4.0,2006.0900757289533,2006.2475021492135,2006.2475021492135,2006.3296376728274,2006.1653666255995,2006.3296376728274,2006.3334172481862,2006.3334172481862,2008.7794171021173,-0.08591509897269134,0.08591509897269134,False,False,0.0821355236139425,2.4459998539311982,1.0
sim0000_ME,1801,29.99726201232056,3,3sml,2.4348986983814616,4.999999999999999,12.319716640474816,True,0.9986717844026052,34.842877492997715,5.0,2006.0900757289533,2006.2475021492135,2006.2475021492135,2006.3296376728274,2006.1653666255995,2006.3296376728274,2006.3334172481862,2006.3334172481862,2008.7794171021173,-0.08591509897269134,0.08591509897269134,False,False,0.0821355236139425,2.4459998539311982,1.0
sim0000_ME,1801,29.99726201232056,3,3sml,2.4348986983814616,4.999999999999999,12.319716640474816,True,0.9986717844026052,34.842877492997715,5.990690869267155,2006.0900757289533,2006.2475021492135,2006.2475021492135,2006.3296376728274,2006.1653666255995,2006.3296376728274,2011.240423090121,2008.7794171021173,2011.240423090121,-4.992920940907652,4.992920940907652,False,False,0.0821355236139425,2.4610059880037625,1.0
sim0000_ME,1801,29.99726201232056,4,2sm,2.4358177613860885,4.999999999999999,12.31506826489794,True,0.9998916081509593,34.77992724105493,1.0,2010.3366760574945,2011.1511866666663,2011.1511866666663,2011.1511866666663,2011.1511866666663,2011.1511866666663,2011.1503862856819,2011.1503862856819,2011.1503862856819,0.0008003809844012721,0.0008003809844012721,False,False,0.0,0.0,1.0
sim0000_ME,1801,29.99726201232056,4,2sm,2.4358177613860885,4.999999999999999,12.31506826489794,True,0.9998916081509593,34.77992724105493,1.7440905407258924,2010.3366760574945,2011.1511866666663,2011.1511866666663,2011.1511866666663,2011.1511866666663,2011.1511866666663,2011.1503862856819,2011.1503862856819,2011.1503862856819,0.0008003809844012721,0.0008003809844012721,False,False,0.0,0.0,1.0
sim0001_K,1801,29.99726201232056,0,2sm,7.519866165583299,4.999999999999999,3.989068601993363,True,0.9964639153729199,2.0725410478200765,1.0,1993.081953045859,1994.0812685831625,1994.0812685831625,1994.0812685831625,1994.0812685831625,1994.0812685831625,1994.0734057103837,1994.0734057103837,1994.0734057103837,0.007862872778787278,0.007862872778787278,False,False,0.0,0.0,1.0
sim0001_K,1801,29.99726201232056,0,2sm,7.519866165583299,4.999999999999999,3.989068601993363,True,0.9964639153729199,2.0725410478200765,2.0,1993.081953045859,1995.06689486653,1995.06689486653,1995.06689486653,1995.06689486653,1995.06689486653,1995.078816693289,1995.078816693289,1995.078816693289,-0.011921826758907628,0.011921826758907628,False,False,0.0,0.0,1.0
sim0001_K,1801,29.99726201232056,0,2sm,7.519866165583299,4.999999999999999,3.989068601993363,True,0.9964639153729199,2.0725410478200765,3.0,1993.081953045859,1996.079899657769,1996.079899657769,1996.079899657769,1996.079899657769,1996.079899657769,1996.0692215421193,1996.0692215421193,1996.0692215421193,0.010678115649625397,0.010678115649625397,False,False,0.0,0.0,1.0
sim0001_K,1801,29.99726201232056,0,2sm,7.519866165583299,4.999999999999999,3.989068601993363,True,0.9964639153729199,2.0725410478200765,4.0,1993.081953045859,1997.0655259411365,1997.0655259411365,1997.0655259411365,1997.038147433265,1997.0655259411365,1996.6544607709736,1996.579430100608,1996.7444975754129,0.4110651701628285,0.4110651701628285,False,False,0.0,0.16506747480480044,1.0
sim0001_K,1801,29.99726201232056,0,2sm,7.519866165583299,4.999999999999999,3.989068601993363,True,0.9964639153729199,2.0725410478200765,5.0,1993.081953045859,1997.0929044490076,1997.0655259411365,1997.1476614647504,1997.038147433265,1997.2297969883643,1996.6544607709736,1996.579430100608,1996.7444975754129,0.4384436780339911,0.4384436780339911,False,False,0.0821355236139425,0.16506747480480044,1.0
sim0001_K,1801,29.99726201232056,0,2sm,7.519866165583299,4.999999999999999,3.989068601993363,True,0.9964639153729199,2.0725410478200765,6.0,1993.081953045859,1997.0929044490076,1997.0655259411365,1997.1476614647504,1997.038147433265,1997.2297969883643,1996.6544607709736,1996.579430100608,1996.7444975754129,0.4384436780339911,0.4384436780339911,False,False,0.0821355236139425,0.16506747480480044,1.0
sim0001_K,1801,29.99726201232056,0,2sm,7.519866165583299,4.999999999999999,3.989068601993363,True,0.9964639153729199,2.0725410478200765,7.0,1993.081953045859,1997.0929044490076,1997.0655259411365,1997.1476614647504,1997.038147433265,1997.2297969883643,1996.6544607709736,1996.579430100608,1996.7444975754129,0.4384436780339911,0.4384436780339911,False,False,0.0821355236139425,0.16506747480480044,1.0
sim0001_K,1801,29.99726201232056,0,2sm,7.519866165583299,4.999999999999999,3.989068601993363,True,0.9964639153729199,2.0725410478200765,8.0,1993.081953045859,1997.0929044490076,1997.0655259411365,1997.1476614647504,1997.038147433265,1997.2297969883643,1996.6544607709736,1996.579430100608,1996.7444975754129,0.4384436780339911,0.4384436780339911,False,False,0.0821355236139425,0.16506747480480044,1.0
sim0001_K,1801,29.99726201232056,0,2sm,7.519866165583299,4.999999999999999,3.989068601993363,True,0.9964639153729199,2.0725410478200765,9.0,1993.081953045859,1997.0929044490076,1997.0655259411365,1997.1476614647504,1997.038147433265,1997.2297969883643,1996.6544607709736,1996.579430100608,1996.7444975754129,0.4384436780339911,0.4384436780339911,False,False,0.0821355236139425,0.16506747480480044,1.0
sim0001_K,1801,29.99726201232056,0,2sm,7.519866165583299,4.999999999999999,3.989068601993363,True,0.9964639153729199,2.0725410478200765,10.0,1993.081953045859,1997.0929044490076,1997.0655259411365,1997.1476614647504,1997.038147433265,1997.2297969883643,1996.6544607709736,1996.579430100608,1996.7444975754129,0.4384436780339911,0.4384436780339911,False,False,0.0821355236139425,0.16506747480480044,1.0
sim0001_K,1801,29.99726201232056,0,2sm,7.519866165583299,4.999999999999999,3.989068601993363,True,0.9964639153729199,2.0725410478200765,11.0,1993.081953045859,1997.0929044490076,1997.0655259411365,1997.1476614647504,1997.038147433265,1997.2297969883643,1996.6694669050473,1996.5944362346818,1996.7595037094864,0.42343754396029,0.42343754396029,False,False,0.0821355236139425,0.16506747480457307,1.0
sim0001_K,1801,29.99726201232056,0,2sm,7.519866165583299,4.999999999999999,3.989068601993363,True,0.9964639153729199,2.0725410478200765,12.0,1993.081953045859,1997.0929044490076,1997.0655259411365,1997.1476614647504,1997.038147433265,1997.2297969883643,2004.0975032712802,1996.6394546369013,2004.2475646120113,-7.0045988222725555,7.0045988222725555,False,False,0.0821355236139425,7.608109975109983,1.0
sim0001_K,1801,29.99726201232056,0,2sm,7.519866165583299,4.999999999999999,3.989068601993363,True,0.9964639153729199,2.0725410478200765,13.0,1993.081953045859,1997.0929044490076,1997.0655259411365,1997.1476614647504,1997.038147433265,1997.2297969883643,2004.0975032712802,1996.6394546369013,2004.2475646120113,-7.0045988222725555,7.0045988222725555,False,False,0.0821355236139425,7.608109975109983,1.0
sim0001_K,1801,29.99726201232056,0,2sm,7.519866165583299,4.999999999999999,3.989068601993363,True,0.9964639153729199,2.0725410478200765,14.0,1993.081953045859,1997.0929044490076,1997.0655259411365,1997.1476614647504,1997.038147433265,1997.2297969883643,2004.0975032712802,1996.6394546369013,2004.2475646120113,-7.0045988222725555,7.0045988222725555,False,False,0.0821355236139425,7.608109975109983,1.0
sim0001_K,1801,29.99726201232056,0,2sm,7.519866165583299,4.999999999999999,3.989068601993363,True,0.9964639153729199,2.0725410478200765,15.0,1993.081953045859,1997.0929044490076,1997.0655259411365,1997.1476614647504,1997.038147433265,1997.2297969883643,2004.0975032712802,1996.6394546369013,2004.2475646120113,-7.0045988222725555,7.0045988222725555,False,False,0.0821355236139425,7.608109975109983,1.0
sim0001_K,1801,29.99726201232056,0,2sm,7.519866165583299,4.999999999999999,3.989068601993363,True,0.9964639153729199,2.0725410478200765,16.0,1993.081953045859,1997.0929044490076,1997.0655259411365,1997.1476614647504,1997.038147433265,1997.2297969883643,2004.0975032712802,1996.6394546369013,2004.2475646120113,-7.0045988222725555,7.0045988222725555,False,False,0.0821355236139425,7.608109975109983,1.0
sim0001_K,1801,29.99726201232056,0,2sm,7.519866165583299,4.999999999999999,3.989068601993363,True,0.9964639153729199,2.0725410478200765,17.0,1993.081953045859,1997.0929044490076,1997.0655259411365,1997.1476614647504,1997.038147433265,1997.2297969883643,2004.0975032712802,1996.6394546369013,2004.2475646120113,-7.0045988222725555,7.0045988222725555,False,False,0.0821355236139425,7.608109975109983,1.0
sim0001_K,1801,29.99726201232056,0,2sm,7.519866165583299,4.999999999999999,3.989068601993363,True,0.9964639153729199,2.0725410478200765,18.0,1993.081953045859,1997.0929044490076,1997.0655259411365,1997.1476614647504,1997.038147433265,1997.2297969883643,2004.0975032712802,1996.6394546369013,2004.2475646120113,-7.0045988222725555,7.0045988222725555,False,False,0.0821355236139425,7.608109975109983,1.0
sim0001_K,1801,29.99726201232056,0,2sm,7.519866165583299,4.999999999999999,3.989068601993363,True,0.9964639153729199,2.0725410478200765,18.998813552361298,1993.081953045859,1997.0929044490076,1997.0655259411365,1997.1476614647504,1997.038147433265,1997.2297969883643,2004.2175523438655,1996.6544607709736,2011.6906071123167,-7.124647894857844,7.124647894857844,False,False,0.0821355236139425,15.036146341343056,1.0
sim0001_K,1801,29.99726201232056,1,3sml,7.4843793992491126,4.999999999999999,4.007982547668562,True,0.9991732416653663,2.221418964645297,1.0,1997.0821355783714,1997.1574264750175,1997.1574264750175,1997.1574264750175,1997.1574264750175,1997.1574264750175,1997.0896386590969,1997.0896386590969,1997.0896386590969,0.06778781592061023,0.06778781592061023,False,False,0.0,0.0,1.0
sim0001_K,1801,29.99726201232056,1,3sml,7.4843793992491126,4.999999999999999,4.007982547668562,True,0.9991732416653663,2.221418964645297,2.0,1997.0821355783714,1997.1574264750175,1997.1574264750175,1997.1574264750175,1997.1574264750175,1997.1574264750175,1997.0896386590969,1997.0896386590969,1997.0896386590969,0.06778781592061023,0.06778781592061023,False,False,0.0,0.0,1.0
sim0001_K,1801,29.99726201232056,1,3sml,7.4843793992491126,4.999999999999999,4.007982547668562,True,0.9991732416653663,2.221418964645297,3.0,1997.0821355783714,1997.1574264750175,1997.1574264750175,1997.1574264750175,1997.1574264750175,1997.1574264750175,1997.0896386590969,1997.0896386590969,1997.0896386590969,0.06778781592061023,0.06778781592061023,False,False,0.0,0.0,1.0
sim0001_K,1801,29.99726201232056,1,3sml,7.4843793992491126,4.999999999999999,4.007982547668562,True,0.9991732416653663,2.221418964645297,4.0,1997.0821355783714,1997.1574264750175,1997.1574264750175,1997.1574264750175,1997.1574264750175,1997.1574264750175,1997.0896386590969,1997.0896386590969,1997.0896386590969,0.06778781592061023,0.06778781592061023,False,False,0.0,0.0,1.0
sim0001_K,1801,29.99726201232056,1,3sml,7.4843793992491126,4.999999999999999,4.007982547668562,True,0.9991732416653663,2.221418964645297,5.0,1997.0821355783714,1997.1574264750175,1997.1574264750175,1997.1574264750175,1997.1574264750175,1997.1574264750175,1997.0896386590969,1997.0896386590969,1997.0896386590969,0.06778781592061023,0.06778781592061023,False,False,0.0,0.0,1.0
sim0001_K,1801,29.99726201232056,1,3sml,7.4843793992491126,4.999999999999999,4.007982547668562,True,0.9991732416653663,2.221418964645297,6.0,1997.0821355783714,1997.1574264750175,1997.1574264750175,1997.1574264750175,1997.1574264750175,1997.1574264750175,1997.0896386590969,1997.0896386590969,1997.0896386590969,0.06778781592061023,0.06778781592061023,False,False,0.0,0.0,1.0
sim0001_K,1801,29.99726201232056,1,3sml,7.4843793992491126,4.999999999999999,4.007982547668562,True,0.9991732416653663,2.221418964645297,7.0,1997.0821355783714,1997.1574264750175,1997.1574264750175,1997.1574264750175,1997.1574264750175,1997.1574264750175,2004.067491003133,2004.067491003133,2004.067491003133,-6.910064528115527,6.910064528115527,False,False,0.0,0.0,1.0
sim0001_K,1801,29.99726201232056,1,3sml,7.4843793992491126,4.999999999999999,4.007982547668562,True,0.9991732416653663,2.221418964645297,8.0,1997.0821355783714,1997.1574264750175,1997.1574264750175,1997.1574264750175,1997.1574264750175,1997.1574264750175,2004.1575278075723,2004.1425216735,2004.1575278075723,-7.000101332554777,7.000101332554777,False,False,0.0,0.015006134072336863,1.0
sim0001_K,1801,29.99726201232056,1,3sml,7.4843793992491126,4.999999999999999,4.007982547668562,True,0.9991732416653663,2.221418964645297,9.0,1997.0821355783714,1997.1574264750175,1997.1574264750175,1997.1574264750175,1997.1574264750175,1997.1574264750175,2004.1575278075723,2004.1425216735,2004.1575278075723,-7.000101332554777,7.000101332554777,False,False,0.0,0.015006134072336863,1.0
sim0001_K,1801,29.99726201232056,1,3sml,7.4843793992491126,4.999999999999999,4.007982547668562,True,0.9991732416653663,2.221418964645297,10.0,1997.0821355783714,1997.1574264750175,1997.1574264750175,1997.1574264750175,1997.1574264750175,1997.1574264750175,2004.1575278075723,2004.1425216735,2004.1575278075723,-7.000101332554777,7.000101332554777,False,False,0.0,0.015006134072336863,1.0
sim0001_K,1801,29.99726201232056,1,3sml,7.4843793992491126,4.999999999999999,4.007982547668562,True,0.9991732416653663,2.221418964645297,11.0,1997.0821355783714,1997.1574264750175,1997.1574264750175,1997.1574264750175,1997.1574264750175,1997.1574264750175,2004.1575278075723,2004.1425216735,2004.1575278075723,-7.000101332554777,7.000101332554777,False,False,0.0,0.015006134072336863,1.0
sim0001_K,1801,29.99726201232056,1,3sml,7.4843793992491126,4.999999999999999,4.007982547668562,True,0.9991732416653663,2.221418964645297,12.0,1997.0821355783714,1997.1574264750175,1997.1574264750175,1997.1574264750175,1997.1574264750175,1997.1574264750175,2004.1575278075723,2004.1425216735,2004.1575278075723,-7.000101332554777,7.000101332554777,False,False,0.0,0.015006134072336863,1.0
sim0001_K,1801,29.99726201232056,1,3sml,7.4843793992491126,4.999999999999999,4.007982547668562,True,0.9991732416653663,2.221418964645297,13.0,1997.0821355783714,1997.1574264750175,1997.1574264750175,1997.1574264750175,1997.1574264750175,1997.1574264750175,2004.1575278075723,2004.1425216735,2004.1575278075723,-7.000101332554777,7.000101332554777,False,False,0.0,0.015006134072336863,1.0
sim0001_K,1801,29.99726201232056,1,3sml,7.4843793992491126,4.999999999999999,4.007982547668562,True,0.9991732416653663,2.221418964645297,14.0,1997.0821355783714,1997.1574264750175,1997.1574264750175,1997.1574264750175,1997.1574264750175,1997.1574264750175,2004.1575278075723,2004.1425216735,2004.1575278075723,-7.000101332554777,7.000101332554777,False,False,0.0,0.015006134072336863,1.0
sim0001_K,1801,29.99726201232056,1,3sml,7.4843793992491126,4.999999999999999,4.007982547668562,True,0.9991732416653663,2.221418964645297,14.998631019848972,1997.0821355783714,1997.1574264750175,1997.1574264750175,1997.1574264750175,1997.1574264750175,1997.1574264750175,2004.1575278075723,2004.1575278075723,2011.3454660286338,-7.000101332554777,7.000101332554777,False,False,0.0,7.187938221061586,1.0
sim0001_K,1801,29.99726201232056,2,3sml,7.300171700995104,4.999999999999999,4.1091173250392945,True,0.9997891828724392,2.137526305903507,1.0,2001.3287359342912,2002.3280514715946,2002.3280514715946,2002.3280514715946,2002.3280514715946,2002.3280514715946,2001.7565463558603,2001.6965218195685,2001.8615892943733,0.5715051157342259,0.5715051157342259,False,False,0.0,0.16506747480480044,1.0
sim0001_K,1801,29.99726201232056,2,3sml,7.300171700995104,4.999999999999999,4.1091173250392945,True,0.9997891828724392,2.137526305903507,2.0,2001.3287359342912,2003.313677754962,2003.313677754962,2003.313677754962,2003.313677754962,2003.313677754962,2003.3171842994727,2003.3171842994727,2003.3171842994727,-0.0035065445106283732,0.0035065445106283732,False,False,0.0,0.0,1.0
sim0001_K,1801,29.99726201232056,2,3sml,7.300171700995104,4.999999999999999,4.1091173250392945,True,0.9997891828724392,2.137526305903507,3.0,2001.3287359342912,2003.998140451745,2003.9707619438736,2003.998140451745,2003.9433834360025,2004.0255189596164,2004.0824971372067,2004.067491003133,2004.0824971372067,-0.08435668546167108,0.08435668546167108,False,False,0.027378507871389957,0.015006134073701105,1.0
sim0001_K,1801,29.99726201232056,2,3sml,7.300171700995104,4.999999999999999,4.1091173250392945,True,0.9997891828724392,2.137526305903507,4.0,2001.3287359342912,2003.998140451745,2003.9707619438736,2003.998140451745,2003.9433834360025,2004.0255189596164,2004.0824971372067,2004.067491003133,2004.0824971372067,-0.08435668546167108,0.08435668546167108,False,False,0.027378507871389957,0.015006134073701105,1.0
sim0001_K,1801,29.99726201232056,2,3sml,7.300171700995104,4.999999999999999,4.1091173250392945,True,0.9997891828724392,2.137526305903507,5.0,2001.3287359342912,2003.998140451745,2003.9707619438736,2003.998140451745,2003.9433834360025,2004.0255189596164,2004.0824971372067,2004.067491003133,2004.0824971372067,-0.08435668546167108,0.08435668546167108,False,False,0.027378507871389957,0.015006134073701105,1.0
sim0001_K,1801,29.99726201232056,2,3sml,7.300171700995104,4.999999999999999,4.1091173250392945,True,0.9997891828724392,2.137526305903507,6.0,2001.3287359342912,2003.998140451745,2003.9707619438736,2003.998140451745,2003.9433834360025,2004.0255189596164,2004.0824971372067,2004.067491003133,2004.0824971372067,-0.08435668546167108,0.08435668546167108,False,False,0.027378507871389957,0.015006134073701105,1.0
sim0001_K,1801,29.99726201232056,2,3sml,7.300171700995104,4.999999999999999,4.1091173250392945,True,0.9997891828724392,2.137526305903507,7.0,2001.3287359342912,2003.998140451745,2003.9707619438736,2003.998140451745,2003.9433834360025,2004.0255189596164,2004.0824971372067,2004.067491003133,2004.0824971372067,-0.08435668546167108,0.08435668546167108,False,False,0.027378507871389957,0.015006134073701105,1.0
sim0001_K,1801,29.99726201232056,2,3sml,7.300171700995104,4.999999999999999,4.1091173250392945,True,0.9997891828724392,2.137526305903507,8.0,2001.3287359342912,2003.998140451745,2003.9707619438736,2003.998140451745,2003.9433834360025,2004.0255189596164,2004.0824971372067,2004.067491003133,2004.0824971372067,-0.08435668546167108,0.08435668546167108,False,False,0.027378507871389957,0.015006134073701105,1.0
sim0001_K,1801,29.99726201232056,2,3sml,7.300171700995104,4.999999999999999,4.1091173250392945,True,0.9997891828724392,2.137526305903507,9.0,2001.3287359342912,2003.998140451745,2003.9707619438736,2003.998140451745,2003.9433834360025,2004.0255189596164,2004.0824971372067,2004.067491003133,2004.0824971372067,-0.08435668546167108,0.08435668546167108,False,False,0.027378507871389957,0.015006134073701105,1.0
sim0001_K,1801,29.99726201232056,2,3sml,7.300171700995104,4.999999999999999,4.1091173250392945,True,0.9997891828724392,2.137526305903507,10.0,2001.3287359342912,2003.998140451745,2003.9707619438736,2003.998140451745,2003.9433834360025,2004.0255189596164,2004.0824971372067,2004.067491003133,2004.0824971372067,-0.08435668546167108,0.08435668546167108,False,False,0.027378507871389957,0.015006134073701105,1.0
sim0001_K,1801,29.99726201232056,2,3sml,7.300171700995104,4.999999999999999,4.1091173250392945,True,0.9997891828724392,2.137526305903507,10.75203066392919,2001.3287359342912,2003.998140451745,2003.9707619438736,2003.998140451745,2003.9433834360025,2004.0255189596164,2004.0824971372067,2004.067491003133,2011.3604721627073,-0.08435668546167108,0.08435668546167108,False,False,0.027378507871389957,7.29298115957431,1.0
sim0001_K,1801,29.99726201232056,3,3sml,7.353121825899767,4.999999999999999,4.079527406531162,True,0.9998434195759787,1.9969654153823653,1.0,2006.0900757289533,2006.1653666255995,2006.1653666255995,2006.1653666255995,2006.1653666255995,2006.1653666255995,2006.4984847229907,2006.4984847229907,2006.5134908570644,-0.3331180973912069,0.3331180973912069,False,False,0.0,0.015006134073701105,1.0
sim0001_K,1801,29.99726201232056,3,3sml,7.353121825899767,4.999999999999999,4.079527406531162,True,0.9998434195759787,1.9969654153823653,2.0,2006.0900757289533,2006.1653666255995,2006.1653666255995,2006.1653666255995,2006.1653666255995,2006.1653666255995,2006.4984847229907,2006.4984847229907,2006.5134908570644,-0.3331180973912069,0.3331180973912069,False,False,0.0,0.015006134073701105,1.0
sim0001_K,1801,29.99726201232056,3,3sml,7.353121825899767,4.999999999999999,4.079527406531162,True,0.9998434195759787,1.9969654153823653,3.0,2006.0900757289533,2006.1653666255995,2006.1653666255995,2006.1653666255995,2006.1653666255995,2006.1653666255995,2006.4984847229907,2006.4984847229907,2006.5134908570644,-0.3331180973912069,0.3331180973912069,False,False,0.0,0.015006134073701105,1.0
sim0001_K,1801,29.99726201232056,3,3sml,7.353121825899767,4.999999999999999,4.079527406531162,True,0.9998434195759787,1.9969654153823653,4.0,2006.0900757289533,2010.0736486242306,2010.0736486242306,2010.0736486242306,2010.0736486242306,2010.0736486242306,2006.4984847229907,2006.4984847229907,2006.5134908570644,3.5751639012398755,3.5751639012398755,False,False,0.0,0.015006134073701105,1.0
sim0001_K,1801,29.99726201232056,3,3sml,7.353121825899767,4.999999999999999,4.079527406531162,True,0.9998434195759787,1.9969654153823653,5.0,2006.0900757289533,2011.0866534154693,2011.0866534154693,2011.0866534154693,2011.0866534154693,2011.0866534154693,2006.4984847229907,2006.4984847229907,2006.5134908570644,4.588168692478575,4.588168692478575,False,False,0.0,0.015006134073701105,1.0
sim0001_K,1801,29.99726201232056,3,3sml,7.353121825899767,4.999999999999999,4.079527406531162,True,0.9998434195759787,1.9969654153823653,5.990690869267155,2006.0900757289533,2011.4425740177965,2011.4425740177965,2011.4425740177965,2011.4151955099253,2011.4699525256678,2006.4984847229907,2006.4984847229907,2006.5134908570644,4.944089294805735,4.944089294805735,False,False,0.0,0.015006134073701105,1.0
sim0001_K,1801,29.99726201232056,4,3sml,7.31932956442476,4.999999999999999,4.098361980873326,True,0.9997002834094709,2.0659689872106077,1.0,2010.3366760574945,2011.3154577138941,2011.3154577138941,2011.3154577138941,2011.3154577138941,2011.3359915947976,2011.3304598945601,2011.3304598945601,2011.3304598945601,-0.015002180665987908,0.015002180665987908,False,True,0.0,0.0,1.0
sim0001_K,1801,29.99726201232056,4,3sml,7.31932956442476,4.999999999999999,4.098361980873326,True,0.9997002834094709,2.0659689872106077,1.7440905407258924,2010.3366760574945,2011.3154577138941,2011.3154577138941,2011.3154577138941,2011.3154577138941,2011.3359915947976,2011.3754782967796,2011.3754782967796,2011.3754782967796,-0.06002058288549961,0.06002058288549961,False,False,0.0,0.0,1.0
sim0002_ME,1801,29.99726201232056,0,2sm,3.2778934016997785,4.999999999999999,9.151384238659267,True,0.9968574993308988,4.432497109561862,1.0,1993.081953045859,1993.4857860369611,1993.4857860369611,1993.4857860369611,1993.1572439425054,1993.567921560575,1993.4131358111638,1993.3981296770903,1993.4281419452361,0.07265022579736069,0.07265022579736069,False,True,0.0,0.030012268145810594,1.0
sim0002_ME,1801,29.99726201232056,0,2sm,3.2778934016997785,4.999999999999999,9.151384238659267,True,0.9968574993308988,4.432497109561862,2.0,1993.081953045859,1993.4857860369611,1993.4857860369611,1993.4857860369611,1993.1572439425054,1993.567921560575,1993.4131358111638,1993.3981296770903,1993.4281419452361,0.07265022579736069,0.07265022579736069,False,True,0.0,0.030012268145810594,1.0
sim0002_ME,1801,29.99726201232056,0,2sm,3.2778934016997785,4.999999999999999,9.151384238659267,True,0.9968574993308988,4.432497109561862,3.0,1993.081953045859,1993.4857860369611,1993.4857860369611,1993.4857860369611,1993.1572439425054,1993.567921560575,1993.4131358111638,1993.3981296770903,1993.4281419452361,0.07265022579736069,0.07265022579736069,False,True,0.0,0.030012268145810594,1.0
sim0002_ME,1801,29.99726201232056,0,2sm,3.2778934016997785,4.999999999999999,9.151384238659267,True,0.9968574993308988,4.432497109561862,4.0,1993.081953045859,1993.4857860369611,1993.4857860369611,1993.4857860369611,1993.1572439425054,1993.567921560575,1993.4281419452361,1993.3981296770903,1996.6544607709736,0.05764409172502383,0.05764409172502383,False,True,0.0,3.2563310938833183,1.0
sim0002_ME,1801,29.99726201232056,0,2sm,3.2778934016997785,4.999999999999999,9.151384238659267,True,0.9968574993308988,4.432497109561862,5.0,1993.081953045859,1993.4857860369611,1993.4857860369611,1993.4857860369611,1993.1572439425054,1993.567921560575,1993.4281419452361,1993.3981296770903,1996.6544607709736,0.05764409172502383,0.05764409172502383,False,True,0.0,3.2563310938833183,1.0
sim0002_ME,1801,29.99726201232056,0,2sm,3.2778934016997785,4.999999999999999,9.151384238659267,True,0.9968574993308988,4.432497109561862,6.0,1993.081953045859,1993.4857860369611,1993.4857860369611,1993.4857860369611,1993.1572439425054,1993.567921560575,1993.4281419452361,1993.3981296770903,1996.6544607709736,0.05764409172502383,0.05764409172502383,False,True,0.0,3.2563310938833183,1.0
sim0002_ME,1801,29.99726201232056,0,2sm,3.2778934016997785,4.999999999999999,9.151384238659267,True,0.9968574993308988,4.432497109561862,7.0,1993.081953045859,1993.4857860369611,1993.4857860369611,1993.4857860369611,1993.1572439425054,1993.567921560575,1996.6544607709736,1993.3981296770903,1999.9558102670778,-3.168674734012484,3.168674734012484,False,False,0.0,6.557680589987513,1.0
sim0002_ME,1801,29.99726201232056,0,2sm,3.2778934016997785,4.999999999999999,9.151384238659267,True,0.9968574993308988,4.432497109561862,8.0,1993.081953045859,1993.4857860369611,1993.4857860369611,1993.4857860369611,1993.1572439425054,1993.567921560575,1996.6544607709736,1993.3981296770903,1999.9558102670778,-3.168674734012484,3.168674734012484,False,False,0.0,6.557680589987513,1.0
sim0002_ME,1801,29.99726201232056,0,2sm,3.2778934016997785,4.999999999999999,9.151384238659267,True,0.9968574993308988,4.432497109561862,9.0,1993.081953045859,1993.4857860369611,1993.4857860369611,1993.4857860369611,1993.1572439425054,1993.567921560575,1996.6544607709736,1993.3981296770903,1999.9558102670778,-3.168674734012484,3.168674734012484,False,False,0.0,6.557680589987513,1.0
sim0002_ME,1801,29.99726201232056,0,2sm,3.2778934016997785,4.999999999999999,9.151384238659267,True,0.9968574993308988,4.432497109561862,10.0,1993.081953045859,1993.4857860369611,1993.4857860369611,1993.4857860369611,1993.1572439425054,1993.567921560575,1996.6544607709736,1993.3981296770903,1999.9558102670778,-3.168674734012484,3.168674734012484,False,False,0.0,6.557680589987513,1.0
sim0002_ME,1801,29.99726201232056,0,2sm,3.2778934016997785,4.999999999999999,9.151384238659267,True,0.9968574993308988,4.432497109561862,11.0,1993.081953045859,1993.4857860369611,1993.4857860369611,1993.4857860369611,1993.1572439425054,1993.567921560575,1999.9257979989306,1993.3981296770903,2003.1821290928142,-6.440011961969503,6.440011961969503,False,False,0.0,9.783999415723883,1.0
sim0002_ME,1801,29.99726201232056,0,2sm,3.2778934016997785,4.999999999999999,9.151384238659267,True,0.9968574993308988,4.432497109561862,12.0,1993.081953045859,1993.4857860369611,1993.4857860369611,1993.4857860369611,1993.1572439425054,1993.567921560575,1999.9257979989306,1993.3981296770903,2003.1821290928142,-6.440011961969503,6.440011961969503,False,False,0.0,9.783999415723883,1.0
sim0002_ME,1801,29.99726201232056,0,2sm,3.2778934016997785,4.999999999999999,9.151384238659267,True,0.9968574993308988,4.432497109561862,13.0,1993.081953045859,1993.4857860369611,1993.4857860369611,1993.4857860369611,1993.1572439425054,1993.567921560575,1999.9257979989306,1993.3981296770903,2003.1821290928142,-6.440011961969503,6.440011961969503,False,False,0.0,9.783999415723883,1.0
sim0002_ME,1801,29.99726201232056,0,2sm,3.2778934016997785,4.999999999999999,9.151384238659267,True,0.9968574993308988,4.432497109561862,14.0,1993.081953045859,1993.4857860369611,1993.4857860369611,1993.4857860369611,1993.1572439425054,1993.567921560575,1999.9257979989306,1993.3981296770903,2006.4534663207712,-6.440011961969503,6.440011961969503,False,False,0.0,13.055336643680903,1.0
sim0002_ME,1801,29.99726201232056,0,2sm,3.2778934016997785,4.999999999999999,9.151384238659267,True,0.9968574993308988,4.432497109561862,15.0,1993.081953045859,1993.4857860369611,1993.4857860369611,1993.4857860369611,1993.1572439425054,1993.567921560575,1999.9257979989306,1993.3981296770903,2006.4534663207712,-6.440011961969503,6.440011961969503,False,False,0.0,13.055336643680903,1.0
sim0002_ME,1801,29.99726201232056,0,2sm,3.2778934016997785,4.999999999999999,9.151384238659267,True,0.9968574993308988,4.432497109561862,16.0,1993.081953045859,1993.4857860369611,1993.4857860369611,1993.4857860369611,1993.1572439425054,1993.567921560575,1999.9257979989306,1993.3981296770903,2006.4534663207712,-6.440011961969503,6.440011961969503,False,False,0.0,13.055336643680903,1.0
sim0002_ME,1801,29.99726201232056,0,2sm,3.2778934016997785,4.999999999999999,9.151384238659267,True,0.9968574993308988,4.432497109561862,17.0,1993.081953045859,1993.4857860369611,1993.4857860369611,1993.4857860369611,1993.1572439425054,1993.567921560575,1999.9558102670778,1993.3981296770903,2009.709797414656,-6.470024230116678,6.470024230116678,False,False,0.0,16.311667737565585,1.0
sim0002_ME,1801,29.99726201232056,0,2sm,3.2778934016997785,4.999999999999999,9.151384238659267,True,0.9968574993308988,4.432497109561862,18.0,1993.081953045859,1993.4857860369611,1993.4857860369611,1993.4857860369611,1993.1572439425054,1993.567921560575,1999.9558102670778,1993.3981296770903,2009.709797414656,-6.470024230116678,6.470024230116678,False,False,0.0,16.311667737565585,1.0
sim0002_ME,1801,29.99726201232056,0,2sm,3.2778934016997785,4.999999999999999,9.151384238659267,True,0.9968574993308988,4.432497109561862,18.998813552361298,1993.081953045859,1993.4857860369611,1993.4857860369611,1993.4857860369611,1993.1572439425054,1993.567921560575,1999.9558102670778,1993.3981296770903,2009.709797414656,-6.470024230116678,6.470024230116678,False,False,0.0,16.311667737565585,1.0
sim0002_ME,1801,29.99726201232056,1,2sm,3.240192600771388,4.999999999999999,9.257863870554841,True,0.999396915031817,4.2359662556640965,1.0,1997.0821355783714,1997.1574264750175,1997.1574264750175,1997.1574264750175,1997.1574264750175,1997.1574264750175,1997.0896386590969,1997.0896386590969,1997.0896386590969,0.06778781592061023,0.06778781592061023,False,False,0.0,0.0,1.0
sim0002_ME,1801,29.99726201232056,1,2sm,3.240192600771388,4.999999999999999,9.257863870554841,True,0.999396915031817,4.2359662556640965,2.0,1997.0821355783714,1997.1574264750175,1997.1574264750175,1997.1574264750175,1997.1574264750175,1997.1574264750175,1997.0896386590969,1997.0896386590969,1997.0896386590969,0.06778781592061023,0.06778781592061023,False,False,0.0,0.0,1.0
sim0002_ME,1801,29.99726201232056,1,2sm,3.240192600771388,4.999999999999999,9.257863870554841,True,0.999396915031817,4.2359662556640965,3.0,1997.0821355783714,1997.1574264750175,1997.1574264750175,1997.1574264750175,1997.1574264750175,1997.1574264750175,1999.8957857307848,1999.8957857307848,1999.9107918648583,-2.7383592557673637,2.7383592557673637,False,False,0.0,0.015006134073473731,1.0
sim0002_ME,1801,29.99726201232056,1,2sm,3.240192600771388,4.999999999999999,9.257863870554841,True,0.999396915031817,4.2359662556640965,4.0,1997.0821355783714,1997.1574264750175,1997.1574264750175,1997.1574264750175,1997.1574264750175,1997.1574264750175,1999.8957857307848,1999.8957857307848,1999.9107918648583,-2.7383592557673637,2.7383592557673637,False,False,0.0,0.015006134073473731,1.0
sim0002_ME,1801,29.99726201232056,1,2sm,3.240192600771388,4.999999999999999,9.257863870554841,True,0.999396915031817,4.2359662556640965,5.0,1997.0821355783714,1997.1574264750175,1997.1574264750175,1997.1574264750175,1997.1574264750175,1997.1574264750175,1999.8957857307848,1999.8957857307848,1999.9107918648583,-2.7383592557673637,2.7383592557673637,False,False,0.0,0.015006134073473731,1.0
sim0002_ME,1801,29.99726201232056,1,2sm,3.240192600771388,4.999999999999999,9.257863870554841,True,0.999396915031817,4.2359662556640965,6.0,1997.0821355783714,1997.1574264750175,1997.1574264750175,1997.1574264750175,1997.1574264750175,1997.1574264750175,1999.8957857307848,1999.8957857307848,1999.9107918648583,-2.7383592557673637,2.7383592557673637,False,False,0.0,0.015006134073473731,1.0
sim0002_ME,1801,29.99726201232056,1,2sm,3.240192600771388,4.999999999999999,9.257863870554841,True,0.999396915031817,4.2359662556640965,7.0,1997.0821355783714,1997.1574264750175,1997.1574264750175,1997.1574264750175,1997.1574264750175,1997.1574264750175,2003.1521168246682,2003.1521168246682,2003.1671229587419,-5.994690349650682,5.994690349650682,False,False,0.0,0.015006134073701105,1.0
sim0002_ME,1801,29.99726201232056,1,2sm,3.240192600771388,4.999999999999999,9.257863870554841,True,0.999396915031817,4.2359662556640965,8.0,1997.0821355783714,1997.1574264750175,1997.1574264750175,1997.1574264750175,1997.1574264750175,1997.1574264750175,2003.1521168246682,2003.1521168246682,2003.1671229587419,-5.994690349650682,5.994690349650682,False,False,0.0,0.015006134073701105,1.0
sim0002_ME,1801,29.99726201232056,1,2sm,3.240192600771388,4.999999999999999,9.257863870554841,True,0.999396915031817,4.2359662556640965,9.0,1997.0821355783714,1997.1574264750175,1997.1574264750175,1997.1574264750175,1997.1574264750175,1997.1574264750175,2003.1521168246682,2003.1521168246682,2003.1671229587419,-5.994690349650682,5.994690349650682,False,False,0.0,0.015006134073701105,1.0
sim0002_ME,1801,29.99726201232056,1,2sm,3.240192600771388,4.999999999999999,9.257863870554841,True,0.999396915031817,4.2359662556640965,10.0,1997.0821355783714,1997.1574264750175,1997.1574264750175,1997.1574264750175,1997.1574264750175,1997.1574264750175,2006.4084479185517,2003.1521168246682,2006.4234540526252,-9.251021443534228,9.251021443534228,False,False,0.0,3.2713372279570194,1.0
sim0002_ME,1801,29.99726201232056,1,2sm,3.240192600771388,4.999999999999999,9.257863870554841,True,0.999396915031817,4.2359662556640965,11.0,1997.0821355783714,1997.1574264750175,1997.1574264750175,1997.1574264750175,1997.1574264750175,1997.1574264750175,2006.4084479185517,2003.1521168246682,2006.4234540526252,-9.251021443534228,9.251021443534228,False,False,0.0,3.2713372279570194,1.0
sim0002_ME,1801,29.99726201232056,1,2sm,3.240192600771388,4.999999999999999,9.257863870554841,True,0.999396915031817,4.2359662556640965,12.0,1997.0821355783714,1997.1574264750175,1997.1574264750175,1997.1574264750175,1997.1574264750175,1997.1574264750175,2006.4084479185517,2003.1521168246682,2006.4234540526252,-9.251021443534228,9.251021443534228,False,False,0.0,3.2713372279570194,1.0
sim0002_ME,1801,29.99726201232056,1,2sm,3.240192600771388,4.999999999999999,9.257863870554841,True,0.999396915031817,4.2359662556640965,13.0,1997.0821355783714,1997.1574264750175,1997.1574264750175,1997.1574264750175,1997.1574264750175,1997.1574264750175,2009.6647790124364,2003.1671229587419,2009.6797851465087,-12.50735253741891,12.50735253741891,False,False,0.0,6.512662187766864,1.0
sim0002_ME,1801,29.99726201232056,1,2sm,3.240192600771388,4.999999999999999,9.257863870554841,True,0.999396915031817,4.2359662556640965,14.0,1997.0821355783714,1997.1574264750175,1997.1574264750175,1997.1574264750175,1997.1574264750175,1997.1574264750175,2009.6647790124364,2003.1671229587419,2009.6797851465087,-12.50735253741891,12.50735253741891,False,False,0.0,6.512662187766864,1.0
sim0002_ME,1801,29.99726201232056,1,2sm,3.240192600771388,4.999999999999999,9.257863870554841,True,0.999396915031817,4.2359662556640965,14.998631019848972,1997.0821355783714,1997.1574264750175,1997.1574264750175,1997.1574264750175,1997.1574264750175,1997.1574264750175,2009.6647790124364,2003.1671229587419,2009.6797851465087,-12.50735253741891,12.50735253741891,False,False,0.0,6.512662187766864,1.0
sim0002_ME,1801,29.99726201232056,2,2sm,3.2440627076186948,4.999999999999999,9.246819410078562,True,0.9971371873528978,4.206422890105146,1.0,2001.3287359342912,2002.3280514715946,2002.3280514715946,2002.3280514715946,2002.3280514715946,2002.3280514715946,2002.3267794506423,2002.3267794506423,2002.3267794506423,0.0012720209522285586,0.0012720209522285586,False,False,0.0,0.0,1.0
sim0002_ME,1801,29.99726201232056,2,2sm,3.2440627076186948,4.999999999999999,9.246819410078562,True,0.9971371873528978,4.206422890105146,2.0,2001.3287359342912,2003.1220281998628,2003.0946496919914,2003.1220281998628,2003.0946496919914,2003.149406707734,2003.3171842994727,2003.2121413609614,2003.3171842994727,-0.19515609960990332,0.19515609960990332,False,False,0.027378507871389957,0.10504293851136026,1.0
sim0002_ME,1801,29.99726201232056,2,2sm,3.2440627076186948,4.999999999999999,9.246819410078562,True,0.9971371873528978,4.206422890105146,3.0,2001.3287359342912,2003.1220281998628,2003.0946496919914,2003.1220281998628,2003.0946496919914,2003.149406707734,2003.3622027016936,2003.2121413609614,2003.377208835766,-0.24017450183077926,0.24017450183077926,False,False,0.027378507871389957,0.16506747480457307,1.0
sim0002_ME,1801,29.99726201232056,2,2sm,3.2440627076186948,4.999999999999999,9.246819410078562,True,0.9971371873528978,4.206422890105146,4.0,2001.3287359342912,2003.1220281998628,2003.0946496919914,2003.1220281998628,2003.0946496919914,2003.149406707734,2003.3622027016936,2003.2121413609614,2003.377208835766,-0.24017450183077926,0.24017450183077926,False,False,0.027378507871389957,0.16506747480457307,1.0
sim0002_ME,1801,29.99726201232056,2,2sm,3.2440627076186948,4.999999999999999,9.246819410078562,True,0.9971371873528978,4.206422890105146,5.0,2001.3287359342912,2003.1220281998628,2003.0946496919914,2003.1220281998628,2003.0946496919914,2003.149406707734,2003.3622027016936,2003.2121413609614,2003.377208835766,-0.24017450183077926,0.24017450183077926,False,False,0.027378507871389957,0.16506747480457307,1.0
sim0002_ME,1801,29.99726201232056,2,2sm,3.2440627076186948,4.999999999999999,9.246819410078562,True,0.9971371873528978,4.206422890105146,6.0,2001.3287359342912,2003.1220281998628,2003.0946496919914,2003.1220281998628,2003.0946496919914,2003.149406707734,2003.377208835766,2003.2271474950337,2006.6185337955772,-0.2551806359031161,0.2551806359031161,False,False,0.027378507871389957,3.391386300543445,1.0
sim0002_ME,1801,29.99726201232056,2,2sm,3.2440627076186948,4.999999999999999,9.246819410078562,True,0.9971371873528978,4.206422890105146,7.0,2001.3287359342912,2003.1220281998628,2003.0946496919914,2003.1220281998628,2003.0946496919914,2003.149406707734,2003.377208835766,2003.2271474950337,2006.6185337955772,-0.2551806359031161,0.2551806359031161,False,False,0.027378507871389957,3.391386300543445,1.0
sim0002_ME,1801,29.99726201232056,2,2sm,3.2440627076186948,4.999999999999999,9.246819410078562,True,0.9971371873528978,4.206422890105146,8.0,2001.3287359342912,2003.1220281998628,2003.0946496919914,2003.1220281998628,2003.0946496919914,2003.149406707734,2003.377208835766,2003.2271474950337,2006.6185337955772,-0.2551806359031161,0.2551806359031161,False,False,0.027378507871389957,3.391386300543445,1.0
sim0002_ME,1801,29.99726201232056,2,2sm,3.2440627076186948,4.999999999999999,9.246819410078562,True,0.9971371873528978,4.206422890105146,9.0,2001.3287359342912,2003.1220281998628,2003.0946496919914,2003.1220281998628,2003.0946496919914,2003.149406707734,2006.6185337955772,2003.3748078543144,2009.8448526213147,-3.496505595714325,3.496505595714325,False,False,0.027378507871389957,6.470044767000218,1.0
sim0002_ME,1801,29.99726201232056,2,2sm,3.2440627076186948,4.999999999999999,9.246819410078562,True,0.9971371873528978,4.206422890105146,10.0,2001.3287359342912,2003.1220281998628,2003.0946496919914,2003.1220281998628,2003.0946496919914,2003.149406707734,2006.6185337955772,2003.3748078543144,2009.8448526213147,-3.496505595714325,3.496505595714325,False,False,0.027378507871389957,6.470044767000218,1.0
sim0002_ME,1801,29.99726201232056,2,2sm,3.2440627076186948,4.999999999999999,9.246819410078562,True,0.9971371873528978,4.206422890105146,10.75203066392919,2001.3287359342912,2003.1220281998628,2003.0946496919914,2003.1220281998628,2003.0946496919914,2003.149406707734,2006.6185337955772,2003.3748078543144,2009.8448526213147,-3.496505595714325,3.496505595714325,False,False,0.027378507871389957,6.470044767000218,1.0
sim0002_ME,1801,29.99726201232056,3,3sml,3.242281209464856,4.999999999999999,9.251900151273942,True,0.9979559783673247,4.1007658776985245,1.0,2006.0900757289533,2006.3296376728274,2006.3296376728274,2006.3296376728274,2006.3296376728274,2006.3727588227248,2006.4534663207712,2006.4384601866989,2006.4534663207712,-0.12382864794381021,0.12382864794381021,False,False,0.0,0.015006134072336863,1.0
sim0002_ME,1801,29.99726201232056,3,3sml,3.242281209464856,4.999999999999999,9.251900151273942,True,0.9979559783673247,4.1007658776985245,2.0,2006.0900757289533,2006.3296376728274,2006.3296376728274,2006.3296376728274,2006.3296376728274,2006.3727588227248,2006.4534663207712,2006.4384601866989,2006.4534663207712,-0.12382864794381021,0.12382864794381021,False,False,0.0,0.015006134072336863,1.0
sim0002_ME,1801,29.99726201232056,3,3sml,3.242281209464856,4.999999999999999,9.251900151273942,True,0.9979559783673247,4.1007658776985245,3.0,2006.0900757289533,2006.3296376728274,2006.3296376728274,2006.3296376728274,2006.3296376728274,2006.3727588227248,2006.4534663207712,2006.4384601866989,2006.4534663207712,-0.12382864794381021,0.12382864794381021,False,False,0.0,0.015006134072336863,1.0
sim0002_ME,1801,29.99726201232056,3,3sml,3.242281209464856,4.999999999999999,9.251900151273942,True,0.9979559783673247,4.1007658776985245,4.0,2006.0900757289533,2006.3296376728274,2006.3296376728274,2006.3296376728274,2006.3296376728274,2006.3727588227248,2009.6947912805822,2006.4534663207712,2009.6947912805822,-3.3651536077547917,3.3651536077547917,False,False,0.0,3.2413249598109815,1.0
sim0002_ME,1801,29.99726201232056,3,3sml,3.242281209464856,4.999999999999999,9.251900151273942,True,0.9979559783673247,4.1007658776985245,5.0,2006.0900757289533,2006.3296376728274,2006.3296376728274,2006.3296376728274,2006.3296376728274,2006.3727588227248,2009.6947912805822,2006.4534663207712,2009.6947912805822,-3.3651536077547917,3.3651536077547917,False,False,0.0,3.2413249598109815,1.0
sim0002_ME,1801,29.99726201232056,3,3sml,3.242281209464856,4.999999999999999,9.251900151273942,True,0.9979559783673247,4.1007658776985245,5.990690869267155,2006.0900757289533,2006.3296376728274,2006.3296376728274,2006.3296376728274,2006.3296376728274,2006.3727588227248,2009.6947912805822,2006.4534663207712,2009.6947912805822,-3.3651536077547917,3.3651536077547917,False,False,0.0,3.2413249598109815,1.0
sim0002_ME,1801,29.99726201232056,4,3sml,3.2457760165739775,4.999999999999999,9.24193840214016,True,0.9998291005192468,3.950773719119349,1.0,2010.3366760574945,2010.4119669541406,2010.4119669541406,2010.4119669541406,2010.4119669541406,2010.4119669541406,2010.3400550457297,2010.3400550457297,2010.3400550457297,0.07191190841081152,0.07191190841081152,False,False,0.0,0.0,1.0
sim0002_ME,1801,29.99726201232056,4,3sml,3.2457760165739775,4.999999999999999,9.24193840214016,True,0.9998291005192468,3.950773719119349,1.7440905407258924,2010.3366760574945,2010.4119669541406,2010.4119669541406,2010.4119669541406,2010.4119669541406,2010.4119669541406,2010.3400550457297,2010.3400550457297,2010.3400550457297,0.07191190841081152,0.07191190841081152,False,False,0.0,0.0,1.0
sim0003_ME,1801,29.99726201232056,0,3sml,2.7437254934057718,4.999999999999999,10.933040526253638,True,0.9994137200226819,5.91533718740806,1.0,1993.081953045859,1993.1572439425054,1993.1572439425054,1993.1572439425054,1993.1572439425054,1993.1572439425054,1993.0830008615533,1993.0830008615533,1993.0830008615533,0.07424308095210108,0.07424308095210108,False,False,0.0,0.0,1.0
sim0003_ME,1801,29.99726201232056,0,3sml,2.7437254934057718,4.999999999999999,10.933040526253638,True,0.9994137200226819,5.91533718740806,2.0,1993.081953045859,1995.06689486653,1995.06689486653,1995.06689486653,1995.06689486653,1995.06689486653,1995.078816693289,1995.078816693289,1995.078816693289,-0.011921826758907628,0.011921826758907628,False,False,0.0,0.0,1.0
sim0003_ME,1801,29.99726201232056,0,3sml,2.7437254934057718,4.999999999999999,10.933040526253638,True,0.9994137200226819,5.91533718740806,3.0,1993.081953045859,1995.149030390144,1995.1216518822725,1995.149030390144,1995.1216518822725,1995.149030390144,1995.1238350955084,1995.1238350955084,1995.1238350955084,0.02519529463552317,0.02519529463552317,True,True,0.027378507871389957,0.0,1.0
sim0003_ME,1801,29.99726201232056,0,3sml,2.7437254934057718,4.999999999999999,10.933040526253638,True,0.9994137200226819,5.91533718740806,4.0,1993.081953045859,1995.149030390144,1995.1216518822725,1995.149030390144,1995.1216518822725,1995.149030390144,1995.1238350955084,1995.1238350955084,1995.1238350955084,0.02519529463552317,0.02519529463552317,True,True,0.027378507871389957,0.0,1.0
sim0003_ME,1801,29.99726201232056,0,3sml,2.7437254934057718,4.999999999999999,10.933040526253638,True,0.9994137200226819,5.91533718740806,5.0,1993.081953045859,1995.149030390144,1995.1216518822725,1995.149030390144,1995.1216518822725,1995.149030390144,1997.8699576309032,1995.1238350955084,1997.8699576309032,-2.720927240759238,2.720927240759238,False,False,0.027378507871389957,2.746122535394761,1.0
sim0003_ME,1801,29.99726201232056,0,3sml,2.7437254934057718,4.999999999999999,10.933040526253638,True,0.9994137200226819,5.91533718740806,6.0,1993.081953045859,1995.149030390144,1995.1216518822725,1995.149030390144,1995.1216518822725,1995.149030390144,1997.8699576309032,1995.1238350955084,1997.8699576309032,-2.720927240759238,2.720927240759238,False,False,0.027378507871389957,2.746122535394761,1.0
sim0003_ME,1801,29.99726201232056,0,3sml,2.7437254934057718,4.999999999999999,10.933040526253638,True,0.9994137200226819,5.91533718740806,7.0,1993.081953045859,1995.149030390144,1995.1216518822725,1995.149030390144,1995.1216518822725,1995.149030390144,1997.8699576309032,1995.1238350955084,1997.8699576309032,-2.720927240759238,2.720927240759238,False,False,0.027378507871389957,2.746122535394761,1.0
sim0003_ME,1801,29.99726201232056,0,3sml,2.7437254934057718,4.999999999999999,10.933040526253638,True,0.9994137200226819,5.91533718740806,8.0,1993.081953045859,1995.149030390144,1995.1216518822725,1995.149030390144,1995.1216518822725,1995.149030390144,1997.8699576309032,1995.1238350955084,2000.6160801662977,-2.720927240759238,2.720927240759238,False,False,0.027378507871389957,5.492245070789295,1.0
sim0003_ME,1801,29.99726201232056,0,3sml,2.7437254934057718,4.999999999999999,10.933040526253638,True,0.9994137200226819,5.91533718740806,9.0,1993.081953045859,1995.149030390144,1995.1216518822725,1995.149030390144,1995.1216518822725,1995.149030390144,1997.8699576309032,1995.1238350955084,2000.6160801662977,-2.720927240759238,2.720927240759238,False,False,0.027378507871389957,5.492245070789295,1.0
sim0003_ME,1801,29.99726201232056,0,3sml,2.7437254934057718,4.999999999999999,10.933040526253638,True,0.9994137200226819,5.91533718740806,10.0,1993.081953045859,1995.149030390144,1995.1216518822725,1995.149030390144,1995.1216518822725,1995.149030390144,1997.8699576309032,1995.1238350955084,2000.6160801662977,-2.720927240759238,2.720927240759238,False,False,0.027378507871389957,5.492245070789295,1.0
sim0003_ME,1801,29.99726201232056,0,3sml,2.7437254934057718,4.999999999999999,10.933040526253638,True,0.9994137200226819,5.91533718740806,11.0,1993.081953045859,1995.149030390144,1995.1216518822725,1995.149030390144,1995.1216518822725,1995.149030390144,1997.8699576309032,1995.1238350955084,2000.6160801662977,-2.720927240759238,2.720927240759238,False,False,0.027378507871389957,5.492245070789295,1.0
sim0003_ME,1801,29.99726201232056,0,3sml,2.7437254934057718,4.999999999999999,10.933040526253638,True,0.9994137200226819,5.91533718740806,12.0,1993.081953045859,1995.149030390144,1995.1216518822725,1995.149030390144,1995.1216518822725,1995.149030390144,1997.8699576309032,1995.1238350955084,2000.6160801662977,-2.720927240759238,2.720927240759238,False,False,0.027378507871389957,5.492245070789295,1.0
sim0003_ME,1801,29.99726201232056,0,3sml,2.7437254934057718,4.999999999999999,10.933040526253638,True,0.9994137200226819,5.91533718740806,13.0,1993.081953045859,1995.149030390144,1995.1216518822725,1995.149030390144,1995.1216518822725,1995.149030390144,1997.8699576309032,1995.1238350955084,2000.6160801662977,-2.720927240759238,2.720927240759238,False,False,0.027378507871389957,5.492245070789295,1.0
sim0003_ME,1801,29.99726201232056,0,3sml,2.7437254934057718,4.999999999999999,10.933040526253638,True,0.9994137200226819,5.91533718740806,14.0,1993.081953045859,1995.149030390144,1995.1216518822725,1995.149030390144,1995.1216518822725,1995.149030390144,1997.8699576309032,1997.8699576309032,2000.6160801662977,-2.720927240759238,2.720927240759238,False,False,0.027378507871389957,2.7461225353945338,1.0
sim0003_ME,1801,29.99726201232056,0,3sml,2.7437254934057718,4.999999999999999,10.933040526253638,True,0.9994137200226819,5.91533718740806,15.0,1993.081953045859,1995.149030390144,1995.1216518822725,1995.149030390144,1995.1216518822725,1995.149030390144,1997.8699576309032,1997.8699576309032,2000.6160801662977,-2.720927240759238,2.720927240759238,False,False,0.027378507871389957,2.7461225353945338,1.0
sim0003_ME,1801,29.99726201232056,0,3sml,2.7437254934057718,4.999999999999999,10.933040526253638,True,0.9994137200226819,5.91533718740806,16.0,1993.081953045859,1995.149030390144,1995.1216518822725,1995.149030390144,1995.1216518822725,1995.149030390144,2000.6160801662977,1997.8699576309032,2006.0933191030147,-5.467049776153772,5.467049776153772,False,False,0.027378507871389957,8.223361472111492,1.0
sim0003_ME,1801,29.99726201232056,0,3sml,2.7437254934057718,4.999999999999999,10.933040526253638,True,0.9994137200226819,5.91533718740806,17.0,1993.081953045859,1995.149030390144,1995.1216518822725,1995.149030390144,1995.1216518822725,1995.149030390144,2000.6160801662977,1997.8699576309032,2006.0933191030147,-5.467049776153772,5.467049776153772,False,False,0.027378507871389957,8.223361472111492,1.0
sim0003_ME,1801,29.99726201232056,0,3sml,2.7437254934057718,4.999999999999999,10.933040526253638,True,0.9994137200226819,5.91533718740806,18.0,1993.081953045859,1995.149030390144,1995.1216518822725,1995.149030390144,1995.1216518822725,1995.149030390144,2000.6160801662977,1997.8699576309032,2006.0933191030147,-5.467049776153772,5.467049776153772,False,False,0.027378507871389957,8.223361472111492,1.0
sim0003_ME,1801,29.99726201232056,0,3sml,2.7437254934057718,4.999999999999999,10.933040526253638,True,0.9994137200226819,5.91533718740806,18.998813552361298,1993.081953045859,1995.149030390144,1995.1216518822725,1995.149030390144,1995.1216518822725,1995.149030390144,2000.6160801662977,1997.8699576309032,2008.8394416384092,-5.467049776153772,5.467049776153772,False,False,0.027378507871389957,10.969484007506026,1.0
sim0003_ME,1801,29.99726201232056,1,3sml,2.73004595098126,4.999999999999999,10.98782311760674,True,0.9984154547649191,5.4720750287819335,1.0,1997.0821355783714,1997.7323751403153,1997.7323751403153,1997.8145106639292,1997.7323751403153,1997.8145106639292,1997.8399453627571,1997.8399453627571,1997.8549514968295,-0.10757022244183645,0.10757022244183645,False,False,0.0821355236139425,0.015006134072336863,1.0
sim0003_ME,1801,29.99726201232056,1,3sml,2.73004595098126,4.999999999999999,10.98782311760674,True,0.9984154547649191,5.4720750287819335,2.0,1997.0821355783714,1997.7323751403153,1997.7323751403153,1997.8145106639292,1997.7323751403153,1997.8145106639292,1997.8399453627571,1997.8399453627571,1998.7403134071485,-0.10757022244183645,0.10757022244183645,False,False,0.0821355236139425,0.9003680443913709,1.0
sim0003_ME,1801,29.99726201232056,1,3sml,2.73004595098126,4.999999999999999,10.98782311760674,True,0.9984154547649191,5.4720750287819335,3.0,1997.0821355783714,1997.7323751403153,1997.7323751403153,1997.8145106639292,1997.7323751403153,1997.8145106639292,1997.8399453627571,1997.8399453627571,1998.7403134071485,-0.10757022244183645,0.10757022244183645,False,False,0.0821355236139425,0.9003680443913709,1.0
sim0003_ME,1801,29.99726201232056,1,3sml,2.73004595098126,4.999999999999999,10.98782311760674,True,0.9984154547649191,5.4720750287819335,4.0,1997.0821355783714,1997.7323751403153,1997.7323751403153,1997.8145106639292,1997.7323751403153,1997.8145106639292,1997.8549514968295,1997.8399453627571,1998.7403134071485,-0.12257635651417331,0.12257635651417331,False,False,0.0821355236139425,0.9003680443913709,1.0
sim0003_ME,1801,29.99726201232056,1,3sml,2.73004595098126,4.999999999999999,10.98782311760674,True,0.9984154547649191,5.4720750287819335,5.0,1997.0821355783714,1997.7323751403153,1997.7323751403153,1997.8145106639292,1997.7323751403153,1997.8145106639292,1997.8549514968295,1997.8399453627571,2001.4564236743972,-0.12257635651417331,0.12257635651417331,False,False,0.0821355236139425,3.616478311640094,1.0
sim0003_ME,1801,29.99726201232056,1,3sml,2.73004595098126,4.999999999999999,10.98782311760674,True,0.9984154547649191,5.4720750287819335,6.0,1997.0821355783714,1997.7323751403153,1997.7323751403153,1997.8145106639292,1997.7323751403153,1997.8145106639292,1997.8549514968295,1997.8399453627571,2001.4564236743972,-0.12257635651417331,0.12257635651417331,False,False,0.0821355236139425,3.616478311640094,1.0
sim0003_ME,1801,29.99726201232056,1,3sml,2.73004595098126,4.999999999999999,10.98782311760674,True,0.9984154547649191,5.4720750287819335,7.0,1997.0821355783714,1997.7323751403153,1997.7323751403153,1997.8145106639292,1997.7323751403153,1997.8145106639292,1997.8549514968295,1997.8399453627571,2001.4564236743972,-0.12257635651417331,0.12257635651417331,False,False,0.0821355236139425,3.616478311640094,1.0
sim0003_ME,1801,29.99726201232056,1,3sml,2.73004595098126,4.999999999999999,10.98782311760674,True,0.9984154547649191,5.4720750287819335,8.0,1997.0821355783714,1997.7323751403153,1997.7323751403153,1997.8145106639292,1997.7323751403153,1997.8145106639292,1997.8549514968295,1997.8399453627571,2004.1725339416457,-0.12257635651417331,0.12257635651417331,False,False,0.0821355236139425,6.33258857888859,1.0
sim0003_ME,1801,29.99726201232056,1,3sml,2.73004595098126,4.999999999999999,10.98782311760674,True,0.9984154547649191,5.4720750287819335,9.0,1997.0821355783714,1997.7323751403153,1997.7323751403153,1997.8145106639292,1997.7323751403153,1997.8145106639292,1997.8549514968295,1997.8399453627571,2004.1725339416457,-0.12257635651417331,0.12257635651417331,False,False,0.0821355236139425,6.33258857888859,1.0
sim0003_ME,1801,29.99726201232056,1,3sml,2.73004595098126,4.999999999999999,10.98782311760674,True,0.9984154547649191,5.4720750287819335,10.0,1997.0821355783714,1997.7323751403153,1997.7323751403153,1997.8145106639292,1997.7323751403153,1997.8145106639292,1997.8549514968295,1997.8399453627571,2006.8886442088944,-0.12257635651417331,0.12257635651417331,False,False,0.0821355236139425,9.048698846137313,1.0
sim0003_ME,1801,29.99726201232056,1,3sml,2.73004595098126,4.999999999999999,10.98782311760674,True,0.9984154547649191,5.4720750287819335,11.0,1997.0821355783714,1997.7323751403153,1997.7323751403153,1997.8145106639292,1997.7323751403153,1997.8145106639292,1997.8549514968295,1997.8399453627571,2006.8886442088944,-0.12257635651417331,0.12257635651417331,False,False,0.0821355236139425,9.048698846137313,1.0
sim0003_ME,1801,29.99726201232056,1,3sml,2.73004595098126,4.999999999999999,10.98782311760674,True,0.9984154547649191,5.4720750287819335,12.0,1997.0821355783714,1997.7323751403153,1997.7323751403153,1997.8145106639292,1997.7323751403153,1997.8145106639292,1997.8549514968295,1997.8399453627571,2006.8886442088944,-0.12257635651417331,0.12257635651417331,False,False,0.0821355236139425,9.048698846137313,1.0
sim0003_ME,1801,29.99726201232056,1,3sml,2.73004595098126,4.999999999999999,10.98782311760674,True,0.9984154547649191,5.4720750287819335,13.0,1997.0821355783714,1997.7323751403153,1997.7323751403153,1997.8145106639292,1997.7323751403153,1997.8145106639292,1997.8549514968295,1997.8399453627571,2009.6047544761432,-0.12257635651417331,0.12257635651417331,False,False,0.0821355236139425,11.764809113386036,1.0
sim0003_ME,1801,29.99726201232056,1,3sml,2.73004595098126,4.999999999999999,10.98782311760674,True,0.9984154547649191,5.4720750287819335,14.0,1997.0821355783714,1997.7323751403153,1997.7323751403153,1997.8145106639292,1997.7323751403153,1997.8145106639292,1997.8549514968295,1997.8399453627571,2009.6047544761432,-0.12257635651417331,0.12257635651417331,False,False,0.0821355236139425,11.764809113386036,1.0
sim0003_ME,1801,29.99726201232056,1,3sml,2.73004595098126,4.999999999999999,10.98782311760674,True,0.9984154547649191,5.4720750287819335,14.998631019848972,1997.0821355783714,1997.7323751403153,1997.7323751403153,1997.8145106639292,1997.7323751403153,1997.8145106639292,1997.8549514968295,1997.8399453627571,2009.6047544761432,-0.12257635651417331,0.12257635651417331,False,False,0.0821355236139425,11.764809113386036,1.0
sim0003_ME,1801,29.99726201232056,2,2sm,2.7251337127635917,4.999999999999999,11.007629413493978,True,0.9997782749497054,5.267435218212793,1.0,2001.3287359342912,2002.3280514715946,2002.3280514715946,2002.3280514715946,2002.3280514715946,2002.3280514715946,2001.336374601812,2001.336374601812,2001.336374601812,0.9916768697826228,0.9916768697826228,False,False,0.0,0.0,1.0
sim0003_ME,1801,29.99726201232056,2,2sm,2.7251337127635917,4.999999999999999,11.007629413493978,True,0.9997782749497054,5.267435218212793,2.0,2001.3287359342912,2003.2041637234768,2003.1767852156054,2003.2041637234768,2003.1767852156054,2003.2041637234768,2003.287172031327,2003.287172031327,2003.287172031327,-0.08300830785015023,0.08300830785015023,False,False,0.027378507871389957,0.0,1.0
sim0003_ME,1801,29.99726201232056,2,2sm,2.7251337127635917,4.999999999999999,11.007629413493978,True,0.9997782749497054,5.267435218212793,3.0,2001.3287359342912,2003.2041637234768,2003.1767852156054,2003.2041637234768,2003.1767852156054,2003.2041637234768,2003.287172031327,2003.287172031327,2003.287172031327,-0.08300830785015023,0.08300830785015023,False,False,0.027378507871389957,0.0,1.0
sim0003_ME,1801,29.99726201232056,2,2sm,2.7251337127635917,4.999999999999999,11.007629413493978,True,0.9997782749497054,5.267435218212793,4.0,2001.3287359342912,2003.2041637234768,2003.1767852156054,2003.2041637234768,2003.1767852156054,2003.2041637234768,2003.287172031327,2003.287172031327,2003.287172031327,-0.08300830785015023,0.08300830785015023,False,False,0.027378507871389957,0.0,1.0
sim0003_ME,1801,29.99726201232056,2,2sm,2.7251337127635917,4.999999999999999,11.007629413493978,True,0.9997782749497054,5.267435218212793,5.0,2001.3287359342912,2003.2041637234768,2003.1767852156054,2003.2041637234768,2003.1767852156054,2003.2041637234768,2006.0182884326491,2003.287172031327,2006.0182884326491,-2.814124709172347,2.814124709172347,False,False,0.027378507871389957,2.731116401322197,1.0
sim0003_ME,1801,29.99726201232056,2,2sm,2.7251337127635917,4.999999999999999,11.007629413493978,True,0.9997782749497054,5.267435218212793,6.0,2001.3287359342912,2003.2041637234768,2003.1767852156054,2003.2041637234768,2003.1767852156054,2003.2041637234768,2006.0182884326491,2003.287172031327,2006.0182884326491,-2.814124709172347,2.814124709172347,False,False,0.027378507871389957,2.731116401322197,1.0
sim0003_ME,1801,29.99726201232056,2,2sm,2.7251337127635917,4.999999999999999,11.007629413493978,True,0.9997782749497054,5.267435218212793,7.0,2001.3287359342912,2003.2041637234768,2003.1767852156054,2003.2041637234768,2003.1767852156054,2003.2041637234768,2006.0182884326491,2003.287172031327,2006.0182884326491,-2.814124709172347,2.814124709172347,False,False,0.027378507871389957,2.731116401322197,1.0
sim0003_ME,1801,29.99726201232056,2,2sm,2.7251337127635917,4.999999999999999,11.007629413493978,True,0.9997782749497054,5.267435218212793,8.0,2001.3287359342912,2003.2041637234768,2003.1767852156054,2003.2041637234768,2003.1767852156054,2003.2041637234768,2008.7343986998978,2006.0182884326491,2008.7343986998978,-5.53023497642107,5.53023497642107,False,False,0.027378507871389957,2.716110267248723,1.0
sim0003_ME,1801,29.99726201232056,2,2sm,2.7251337127635917,4.999999999999999,11.007629413493978,True,0.9997782749497054,5.267435218212793,9.0,2001.3287359342912,2003.2041637234768,2003.1767852156054,2003.2041637234768,2003.1767852156054,2003.2041637234768,2008.7343986998978,2006.0182884326491,2008.7343986998978,-5.53023497642107,5.53023497642107,False,False,0.027378507871389957,2.716110267248723,1.0
sim0003_ME,1801,29.99726201232056,2,2sm,2.7251337127635917,4.999999999999999,11.007629413493978,True,0.9997782749497054,5.267435218212793,10.0,2001.3287359342912,2003.2041637234768,2003.1767852156054,2003.2041637234768,2003.1767852156054,2003.2041637234768,2008.7343986998978,2006.0182884326491,2008.7343986998978,-5.53023497642107,5.53023497642107,False,False,0.027378507871389957,2.716110267248723,1.0
sim0003_ME,1801,29.99726201232056,2,2sm,2.7251337127635917,4.999999999999999,11.007629413493978,True,0.9997782749497054,5.267435218212793,10.75203066392919,2001.3287359342912,2003.2041637234768,2003.1767852156054,2003.2041637234768,2003.1767852156054,2003.2041637234768,2008.7343986998978,2006.0182884326491,2008.7343986998978,-5.53023497642107,5.53023497642107,False,False,0.027378507871389957,2.716110267248723,1.0
sim0003_ME,1801,29.99726201232056,3,2sm,2.7388019578731146,4.999999999999999,10.952694818290436,True,0.9957001047852462,5.0798574858755075,1.0,2006.0900757289533,2006.1653666255995,2006.1653666255995,2006.1653666255995,2006.1653666255995,2006.1653666255995,2006.0933191030147,2006.0933191030147,2006.0933191030147,0.07204752258485314,0.07204752258485314,False,False,0.0,0.0,1.0
sim0003_ME,1801,29.99726201232056,3,2sm,2.7388019578731146,4.999999999999999,10.952694818290436,True,0.9957001047852462,5.0798574858755075,2.0,2006.0900757289533,2006.1653666255995,2006.1653666255995,2006.1653666255995,2006.1653666255995,2006.1653666255995,2006.0933191030147,2006.0933191030147,2006.0933191030147,0.07204752258485314,0.07204752258485314,False,False,0.0,0.0,1.0
sim0003_ME,1801,29.99726201232056,3,2sm,2.7388019578731146,4.999999999999999,10.952694818290436,True,0.9957001047852462,5.0798574858755075,3.0,2006.0900757289533,2006.1653666255995,2006.1653666255995,2006.1653666255995,2006.1653666255995,2006.1653666255995,2008.7494048339702,2008.7494048339702,2008.7494048339702,-2.5840382083706572,2.5840382083706572,False,False,0.0,0.0,1.0
sim0003_ME,1801,29.99726201232056,3,2sm,2.7388019578731146,4.999999999999999,10.952694818290436,True,0.9957001047852462,5.0798574858755075,4.0,2006.0900757289533,2006.1653666255995,2006.1653666255995,2006.1653666255995,2006.1653666255995,2006.1653666255995,2008.7494048339702,2008.7494048339702,2008.7494048339702,-2.5840382083706572,2.5840382083706572,False,False,0.0,0.0,1.0
sim0003_ME,1801,29.99726201232056,3,2sm,2.7388019578731146,4.999999999999999,10.952694818290436,True,0.9957001047852462,5.0798574858755075,5.0,2006.0900757289533,2006.1653666255995,2006.1653666255995,2006.1653666255995,2006.1653666255995,2006.1653666255995,2008.7494048339702,2008.7494048339702,2008.7494048339702,-2.5840382083706572,2.5840382083706572,False,False,0.0,0.0,1.0
sim0003_ME,1801,29.99726201232056,3,2sm,2.7388019578731146,4.999999999999999,10.952694818290436,True,0.9957001047852462,5.0798574858755075,5.990690869267155,2006.0900757289533,2006.1653666255995,2006.1653666255995,2006.1653666255995,2006.1653666255995,2006.1653666255995,2008.7494048339702,2008.7494048339702,2008.7494048339702,-2.5840382083706572,2.5840382083706572,False,False,0.0,0.0,1.0
sim0003_ME,1801,29.99726201232056,4,2sm,2.742828832761084,4.999999999999999,10.936614656381474,True,0.9994998463971305,4.834400800585258,1.0,2010.3366760574945,2011.3359915947976,2011.3359915947976,2011.3359915947976,2011.3359915947976,2011.3359915947976,2011.3304598945601,2011.3304598945601,2011.3304598945601,0.0055317002374977164,0.0055317002374977164,False,False,0.0,0.0,1.0
sim0003_ME,1801,29.99726201232056,4,2sm,2.742828832761084,4.999999999999999,10.936614656381474,True,0.9994998463971305,4.834400800585258,1.7440905407258924,2010.3366760574945,2011.527641149897,2011.527641149897,2011.527641149897,2011.527641149897,2011.5550196577683,2011.3754782967796,2011.3454660286338,2011.3754782967796,0.15216285311726097,0.15216285311726097,False,False,0.0,0.030012268145810594,1.0
sim0004_ME,1801,29.99726201232056,0,3sml,2.6835962798989255,4.999999999999999,11.178008494426134,True,0.9983545756191917,5.918381743040773,1.0,1993.081953045859,1993.1572439425054,1993.1572439425054,1993.1572439425054,1993.1572439425054,1993.1572439425054,1993.0830008615533,1993.0830008615533,1993.0830008615533,0.07424308095210108,0.07424308095210108,False,False,0.0,0.0,1.0
sim0004_ME,1801,29.99726201232056,0,3sml,2.6835962798989255,4.999999999999999,11.178008494426134,True,0.9983545756191917,5.918381743040773,2.0,1993.081953045859,1993.1572439425054,1993.1572439425054,1993.1572439425054,1993.1572439425054,1993.1572439425054,1993.0830008615533,1993.0830008615533,1993.0830008615533,0.07424308095210108,0.07424308095210108,False,False,0.0,0.0,1.0
sim0004_ME,1801,29.99726201232056,0,3sml,2.6835962798989255,4.999999999999999,11.178008494426134,True,0.9983545756191917,5.918381743040773,3.0,1993.081953045859,1993.1572439425054,1993.1572439425054,1993.1572439425054,1993.1572439425054,1993.1572439425054,1995.6640559221432,1995.6640559221432,1995.6790620562156,-2.5068119796378596,2.5068119796378596,False,False,0.0,0.015006134072336863,1.0
sim0004_ME,1801,29.99726201232056,0,3sml,2.6835962798989255,4.999999999999999,11.178008494426134,True,0.9983545756191917,5.918381743040773,4.0,1993.081953045859,1993.1572439425054,1993.1572439425054,1993.1572439425054,1993.1572439425054,1993.1572439425054,1995.6640559221432,1995.6640559221432,1995.6790620562156,-2.5068119796378596,2.5068119796378596,False,False,0.0,0.015006134072336863,1.0
sim0004_ME,1801,29.99726201232056,0,3sml,2.6835962798989255,4.999999999999999,11.178008494426134,True,0.9983545756191917,5.918381743040773,5.0,1993.081953045859,1993.1572439425054,1993.1572439425054,1993.1572439425054,1993.1572439425054,1993.1572439425054,1995.6640559221432,1995.6640559221432,1995.6790620562156,-2.5068119796378596,2.5068119796378596,False,False,0.0,0.015006134072336863,1.0
sim0004_ME,1801,29.99726201232056,0,3sml,2.6835962798989255,4.999999999999999,11.178008494426134,True,0.9983545756191917,5.918381743040773,6.0,1993.081953045859,1993.1572439425054,1993.1572439425054,1993.1572439425054,1993.1572439425054,1993.1572439425054,1995.6790620562156,1995.6640559221432,1998.3651600553183,-2.5218181137101965,2.5218181137101965,False,False,0.0,2.701104133175022,1.0
sim0004_ME,1801,29.99726201232056,0,3sml,2.6835962798989255,4.999999999999999,11.178008494426134,True,0.9983545756191917,5.918381743040773,7.0,1993.081953045859,1993.1572439425054,1993.1572439425054,1993.1572439425054,1993.1572439425054,1993.1572439425054,1995.6790620562156,1995.6640559221432,1998.3651600553183,-2.5218181137101965,2.5218181137101965,False,False,0.0,2.701104133175022,1.0
sim0004_ME,1801,29.99726201232056,0,3sml,2.6835962798989255,4.999999999999999,11.178008494426134,True,0.9983545756191917,5.918381743040773,8.0,1993.081953045859,1993.1572439425054,1993.1572439425054,1993.1572439425054,1993.1572439425054,1993.1572439425054,2001.051258054421,1995.6790620562156,2001.0662641884933,-7.894014111915567,7.894014111915567,False,False,0.0,5.387202132277707,1.0
sim0004_ME,1801,29.99726201232056,0,3sml,2.6835962798989255,4.999999999999999,11.178008494426134,True,0.9983545756191917,5.918381743040773,9.0,1993.081953045859,1993.1572439425054,1993.1572439425054,1993.1572439425054,1993.1572439425054,1993.1572439425054,2001.051258054421,1995.6790620562156,2001.0662641884933,-7.894014111915567,7.894014111915567,False,False,0.0,5.387202132277707,1.0
sim0004_ME,1801,29.99726201232056,0,3sml,2.6835962798989255,4.999999999999999,11.178008494426134,True,0.9983545756191917,5.918381743040773,10.0,1993.081953045859,1993.1572439425054,1993.1572439425054,1993.1572439425054,1993.1572439425054,1993.1572439425054,2001.051258054421,1995.6790620562156,2001.0662641884933,-7.894014111915567,7.894014111915567,False,False,0.0,5.387202132277707,1.0
sim0004_ME,1801,29.99726201232056,0,3sml,2.6835962798989255,4.999999999999999,11.178008494426134,True,0.9983545756191917,5.918381743040773,11.0,1993.081953045859,1993.1572439425054,1993.1572439425054,1993.1572439425054,1993.1572439425054,1993.1572439425054,2001.0662641884933,1998.3651600553183,2003.7523621875962,-7.909020245987904,7.909020245987904,False,False,0.0,5.387202132277935,1.0
sim0004_ME,1801,29.99726201232056,0,3sml,2.6835962798989255,4.999999999999999,11.178008494426134,True,0.9983545756191917,5.918381743040773,12.0,1993.081953045859,1993.1572439425054,1993.1572439425054,1993.1572439425054,1993.1572439425054,1993.1572439425054,2001.0662641884933,1998.3651600553183,2003.7523621875962,-7.909020245987904,7.909020245987904,False,False,0.0,5.387202132277935,1.0
sim0004_ME,1801,29.99726201232056,0,3sml,2.6835962798989255,4.999999999999999,11.178008494426134,True,0.9983545756191917,5.918381743040773,13.0,1993.081953045859,1993.1572439425054,1993.1572439425054,1993.1572439425054,1993.1572439425054,1993.1572439425054,2001.0662641884933,1998.3651600553183,2003.7523621875962,-7.909020245987904,7.909020245987904,False,False,0.0,5.387202132277935,1.0
sim0004_ME,1801,29.99726201232056,0,3sml,2.6835962798989255,4.999999999999999,11.178008494426134,True,0.9983545756191917,5.918381743040773,14.0,1993.081953045859,1993.1572439425054,1993.1572439425054,1993.1572439425054,1993.1572439425054,1993.1572439425054,2001.0662641884933,2001.051258054421,2003.7523621875962,-7.909020245987904,7.909020245987904,False,False,0.0,2.7011041331752494,1.0
sim0004_ME,1801,29.99726201232056,0,3sml,2.6835962798989255,4.999999999999999,11.178008494426134,True,0.9983545756191917,5.918381743040773,15.0,1993.081953045859,1993.1572439425054,1993.1572439425054,1993.1572439425054,1993.1572439425054,1993.1572439425054,2001.0662641884933,2001.051258054421,2003.7523621875962,-7.909020245987904,7.909020245987904,False,False,0.0,2.7011041331752494,1.0
sim0004_ME,1801,29.99726201232056,0,3sml,2.6835962798989255,4.999999999999999,11.178008494426134,True,0.9983545756191917,5.918381743040773,16.0,1993.081953045859,1993.1572439425054,1993.1572439425054,1993.1572439425054,1993.1572439425054,1993.1572439425054,2001.0662641884933,2001.051258054421,2003.7523621875962,-7.909020245987904,7.909020245987904,False,False,0.0,2.7011041331752494,1.0
sim0004_ME,1801,29.99726201232056,0,3sml,2.6835962798989255,4.999999999999999,11.178008494426134,True,0.9983545756191917,5.918381743040773,17.0,1993.081953045859,1993.1572439425054,1993.1572439425054,1993.1572439425054,1993.1572439425054,1993.1572439425054,2001.0662641884933,2001.051258054421,2009.1545704539476,-7.909020245987904,7.909020245987904,False,False,0.0,8.103312399526658,1.0
sim0004_ME,1801,29.99726201232056,0,3sml,2.6835962798989255,4.999999999999999,11.178008494426134,True,0.9983545756191917,5.918381743040773,18.0,1993.081953045859,1993.1572439425054,1993.1572439425054,1993.1572439425054,1993.1572439425054,1993.1572439425054,2001.0662641884933,2001.051258054421,2009.1545704539476,-7.909020245987904,7.909020245987904,False,False,0.0,8.103312399526658,1.0
sim0004_ME,1801,29.99726201232056,0,3sml,2.6835962798989255,4.999999999999999,11.178008494426134,True,0.9983545756191917,5.918381743040773,18.998813552361298,1993.081953045859,1993.1572439425054,1993.1572439425054,1993.1572439425054,1993.1572439425054,1993.1572439425054,2003.7673683216697,2001.051258054421,2011.840668453049,-10.61012437916429,10.61012437916429,False,False,0.0,10.789410398627979,1.0
sim0004_ME,1801,29.99726201232056,1,3sml,2.7063375422869322,4.999999999999999,11.084080068952531,True,0.9848379613235405,5.992794374202779,1.0,1997.0821355783714,1998.0814511156746,1998.0814511156746,1998.0814511156746,1998.0814511156746,1998.0814511156746,1998.0800435079273,1998.0800435079273,1998.0800435079273,0.0014076077472964243,0.0014076077472964243,False,False,0.0,0.0,1.0
sim0004_ME,1801,29.99726201232056,1,3sml,2.7063375422869322,4.999999999999999,11.084080068952531,True,0.9848379613235405,5.992794374202779,2.0,1997.0821355783714,1998.3004791786452,1998.3004791786452,1998.3278576865166,1998.2731006707738,1998.3552361943878,1998.3651600553183,1998.3501539212448,1998.3951723234643,-0.06468087667303735,0.06468087667303735,False,False,0.027378507871389957,0.0450184022195117,1.0
sim0004_ME,1801,29.99726201232056,1,3sml,2.7063375422869322,4.999999999999999,11.084080068952531,True,0.9848379613235405,5.992794374202779,3.0,1997.0821355783714,1998.3004791786452,1998.3004791786452,1998.3278576865166,1998.2731006707738,1998.3552361943878,1998.3651600553183,1998.3501539212448,1998.3951723234643,-0.06468087667303735,0.06468087667303735,False,False,0.027378507871389957,0.0450184022195117,1.0
sim0004_ME,1801,29.99726201232056,1,3sml,2.7063375422869322,4.999999999999999,11.084080068952531,True,0.9848379613235405,5.992794374202779,4.0,1997.0821355783714,1998.3004791786452,1998.3004791786452,1998.3278576865166,1998.2731006707738,1998.3552361943878,1998.3951723234643,1998.3651600553183,2001.0662641884933,-0.09469314481907531,0.09469314481907531,False,False,0.027378507871389957,2.701104133175022,1.0
sim0004_ME,1801,29.99726201232056,1,3sml,2.7063375422869322,4.999999999999999,11.084080068952531,True,0.9848379613235405,5.992794374202779,5.0,1997.0821355783714,1998.3004791786452,1998.3004791786452,1998.3278576865166,1998.2731006707738,1998.3552361943878,1998.3951723234643,1998.3651600553183,2001.081270322567,-0.09469314481907531,0.09469314481907531,False,False,0.027378507871389957,2.716110267248723,1.0
sim0004_ME,1801,29.99726201232056,1,3sml,2.7063375422869322,4.999999999999999,11.084080068952531,True,0.9848379613235405,5.992794374202779,6.0,1997.0821355783714,1998.3004791786452,1998.3004791786452,1998.3278576865166,1998.2731006707738,1998.3552361943878,1998.3951723234643,1998.3651600553183,2001.081270322567,-0.09469314481907531,0.09469314481907531,False,False,0.027378507871389957,2.716110267248723,1.0
sim0004_ME,1801,29.99726201232056,1,3sml,2.7063375422869322,4.999999999999999,11.084080068952531,True,0.9848379613235405,5.992794374202779,7.0,1997.0821355783714,1998.3004791786452,1998.3004791786452,1998.3278576865166,1998.2731006707738,1998.3552361943878,2001.0662641884933,1998.3651600553183,2003.782374455742,-2.7657850098480594,2.7657850098480594,False,False,0.027378507871389957,5.417214400423745,1.0
sim0004_ME,1801,29.99726201232056,1,3sml,2.7063375422869322,4.999999999999999,11.084080068952531,True,0.9848379613235405,5.992794374202779,8.0,1997.0821355783714,1998.3004791786452,1998.3004791786452,1998.3278576865166,1998.2731006707738,1998.3552361943878,2001.0662641884933,1998.3651600553183,2003.782374455742,-2.7657850098480594,2.7657850098480594,False,False,0.027378507871389957,5.417214400423745,1.0
sim0004_ME,1801,29.99726201232056,1,3sml,2.7063375422869322,4.999999999999999,11.084080068952531,True,0.9848379613235405,5.992794374202779,9.0,1997.0821355783714,1998.3004791786452,1998.3004791786452,1998.3278576865166,1998.2731006707738,1998.3552361943878,2001.0662641884933,1998.3651600553183,2003.782374455742,-2.7657850098480594,2.7657850098480594,False,False,0.027378507871389957,5.417214400423745,1.0
sim0004_ME,1801,29.99726201232056,1,3sml,2.7063375422869322,4.999999999999999,11.084080068952531,True,0.9848379613235405,5.992794374202779,10.0,1997.0821355783714,1998.3004791786452,1998.3004791786452,1998.3278576865166,1998.2731006707738,1998.3552361943878,2001.0962764566407,1998.3651600553183,2006.4684724548447,-2.7957972779954616,2.7957972779954616,False,False,0.027378507871389957,8.10331239952643,1.0
sim0004_ME,1801,29.99726201232056,1,3sml,2.7063375422869322,4.999999999999999,11.084080068952531,True,0.9848379613235405,5.992794374202779,11.0,1997.0821355783714,1998.3004791786452,1998.3004791786452,1998.3278576865166,1998.2731006707738,1998.3552361943878,2001.0962764566407,1998.3651600553183,2006.4684724548447,-2.7957972779954616,2.7957972779954616,False,False,0.027378507871389957,8.10331239952643,1.0
sim0004_ME,1801,29.99726201232056,1,3sml,2.7063375422869322,4.999999999999999,11.084080068952531,True,0.9848379613235405,5.992794374202779,12.0,1997.0821355783714,1998.3004791786452,1998.3004791786452,1998.3278576865166,1998.2731006707738,1998.3552361943878,2001.0962764566407,1998.3651600553183,2006.4684724548447,-2.7957972779954616,2.7957972779954616,False,False,0.027378507871389957,8.10331239952643,1.0
sim0004_ME,1801,29.99726201232056,1,3sml,2.7063375422869322,4.999999999999999,11.084080068952531,True,0.9848379613235405,5.992794374202779,13.0,1997.0821355783714,1998.3004791786452,1998.3004791786452,1998.3278576865166,1998.2731006707738,1998.3552361943878,2003.782374455742,1998.3651600553183,2009.1845827220934,-5.481895277096783,5.481895277096783,False,False,0.027378507871389957,10.819422666775154,1.0
sim0004_ME,1801,29.99726201232056,1,3sml,2.7063375422869322,4.999999999999999,11.084080068952531,True,0.9848379613235405,5.992794374202779,14.0,1997.0821355783714,1998.3004791786452,1998.3004791786452,1998.3278576865166,1998.2731006707738,1998.3552361943878,2003.782374455742,1998.3651600553183,2009.1845827220934,-5.481895277096783,5.481895277096783,False,False,0.027378507871389957,10.819422666775154,1.0
sim0004_ME,1801,29.99726201232056,1,3sml,2.7063375422869322,4.999999999999999,11.084080068952531,True,0.9848379613235405,5.992794374202779,14.998631019848972,1997.0821355783714,1998.3004791786452,1998.3004791786452,1998.3278576865166,1998.2731006707738,1998.3552361943878,2003.7973805898155,1998.3951723234643,2009.199588856167,-5.496901411170256,5.496901411170256,False,False,0.027378507871389957,10.804416532702817,1.0
sim0004_ME,1801,29.99726201232056,2,3sml,2.6963887570234975,4.999999999999999,11.124976668955586,True,0.9996713184631312,5.453414988697102,1.0,2001.3287359342912,2001.4040268309373,2001.4040268309373,2001.4040268309373,2001.4040268309373,2001.4040268309373,2001.6214911492018,2001.6214911492018,2001.6214911492018,-0.21746431826454682,0.21746431826454682,False,False,0.0,0.0,1.0
sim0004_ME,1801,29.99726201232056,2,3sml,2.6963887570234975,4.999999999999999,11.124976668955586,True,0.9996713184631312,5.453414988697102,2.0,2001.3287359342912,2001.4040268309373,2001.4040268309373,2001.4040268309373,2001.4040268309373,2001.4040268309373,2001.6214911492018,2001.6214911492018,2001.6214911492018,-0.21746431826454682,0.21746431826454682,False,False,0.0,0.0,1.0
sim0004_ME,1801,29.99726201232056,2,3sml,2.6963887570234975,4.999999999999999,11.124976668955586,True,0.9996713184631312,5.453414988697102,3.0,2001.3287359342912,2003.6422198494179,2001.4040268309373,2003.6422198494179,2001.4040268309373,2003.6695983572893,2001.6214911492018,2001.6214911492018,2001.6214911492018,2.0207287002160683,2.0207287002160683,True,True,2.238193018480615,0.0,1.0
sim0004_ME,1801,29.99726201232056,2,3sml,2.6963887570234975,4.999999999999999,11.124976668955586,True,0.9996713184631312,5.453414988697102,4.0,2001.3287359342912,2003.6422198494179,2001.4040268309373,2003.6422198494179,2001.4040268309373,2003.6695983572893,2001.6214911492018,2001.6214911492018,2001.6214911492018,2.0207287002160683,2.0207287002160683,True,True,2.238193018480615,0.0,1.0
sim0004_ME,1801,29.99726201232056,2,3sml,2.6963887570234975,4.999999999999999,11.124976668955586,True,0.9996713184631312,5.453414988697102,5.0,2001.3287359342912,2003.6422198494179,2001.4040268309373,2003.6422198494179,2001.4040268309373,2003.6695983572893,2001.6214911492018,2001.6214911492018,2001.6214911492018,2.0207287002160683,2.0207287002160683,True,True,2.238193018480615,0.0,1.0
sim0004_ME,1801,29.99726201232056,2,3sml,2.6963887570234975,4.999999999999999,11.124976668955586,True,0.9996713184631312,5.453414988697102,6.0,2001.3287359342912,2003.6422198494179,2001.4040268309373,2003.6422198494179,2001.4040268309373,2003.6695983572893,2001.6214911492018,2001.6214911492018,2001.6214911492018,2.0207287002160683,2.0207287002160683,True,True,2.238193018480615,0.0,1.0
sim0004_ME,1801,29.99726201232056,2,3sml,2.6963887570234975,4.999999999999999,11.124976668955586,True,0.9996713184631312,5.453414988697102,7.0,2001.3287359342912,2003.6422198494179,2001.4040268309373,2003.6422198494179,2001.4040268309373,2003.6695983572893,2001.6214911492018,2001.6214911492018,2001.6214911492018,2.0207287002160683,2.0207287002160683,True,True,2.238193018480615,0.0,1.0
sim0004_ME,1801,29.99726201232056,2,3sml,2.6963887570234975,4.999999999999999,11.124976668955586,True,0.9996713184631312,5.453414988697102,8.0,2001.3287359342912,2003.6422198494179,2001.4040268309373,2003.6422198494179,2001.4040268309373,2003.6695983572893,2001.6214911492018,2001.6214911492018,2001.6214911492018,2.0207287002160683,2.0207287002160683,True,True,2.238193018480615,0.0,1.0
sim0004_ME,1801,29.99726201232056,2,3sml,2.6963887570234975,4.999999999999999,11.124976668955586,True,0.9996713184631312,5.453414988697102,9.0,2001.3287359342912,2003.6422198494179,2001.4040268309373,2003.6422198494179,2001.4040268309373,2003.6695983572893,2009.7548158168754,2009.7548158168754,2009.7548158168754,-6.112595967457537,6.112595967457537,False,False,2.238193018480615,0.0,1.0
sim0004_ME,1801,29.99726201232056,2,3sml,2.6963887570234975,4.999999999999999,11.124976668955586,True,0.9996713184631312,5.453414988697102,10.0,2001.3287359342912,2003.6422198494179,2001.4040268309373,2003.6422198494179,2001.4040268309373,2003.6695983572893,2009.7548158168754,2009.7548158168754,2009.7548158168754,-6.112595967457537,6.112595967457537,False,False,2.238193018480615,0.0,1.0
sim0004_ME,1801,29.99726201232056,2,3sml,2.6963887570234975,4.999999999999999,11.124976668955586,True,0.9996713184631312,5.453414988697102,10.75203066392919,2001.3287359342912,2003.6422198494179,2001.4040268309373,2003.6422198494179,2001.4040268309373,2003.6695983572893,2009.7548158168754,2009.7548158168754,2009.7548158168754,-6.112595967457537,6.112595967457537,False,False,2.238193018480615,0.0,1.0
sim0004_ME,1801,29.99726201232056,3,3sml,2.69648651323636,4.999999999999999,11.124573353165946,True,0.9906356698912498,6.1402173207759105,1.0,2006.0900757289533,2006.3296376728274,2006.3296376728274,2006.3296376728274,2006.3296376728274,2006.3296376728274,2006.8586319407486,2006.6185337955772,2006.933662611114,-0.5289942679212345,0.5289942679212345,False,False,0.0,0.31512881553680927,1.0
sim0004_ME,1801,29.99726201232056,3,3sml,2.69648651323636,4.999999999999999,11.124573353165946,True,0.9906356698912498,6.1402173207759105,2.0,2006.0900757289533,2006.3296376728274,2006.3296376728274,2006.3296376728274,2006.3296376728274,2006.3296376728274,2006.8586319407486,2006.6185337955772,2006.933662611114,-0.5289942679212345,0.5289942679212345,False,False,0.0,0.31512881553680927,1.0
sim0004_ME,1801,29.99726201232056,3,3sml,2.69648651323636,4.999999999999999,11.124573353165946,True,0.9906356698912498,6.1402173207759105,3.0,2006.0900757289533,2006.3296376728274,2006.3296376728274,2006.3296376728274,2006.3296376728274,2006.3296376728274,2006.8586319407486,2006.6185337955772,2006.933662611114,-0.5289942679212345,0.5289942679212345,False,False,0.0,0.31512881553680927,1.0
sim0004_ME,1801,29.99726201232056,3,3sml,2.69648651323636,4.999999999999999,11.124573353165946,True,0.9906356698912498,6.1402173207759105,4.0,2006.0900757289533,2006.3296376728274,2006.3296376728274,2006.3296376728274,2006.3296376728274,2006.3296376728274,2009.139564319874,2006.7235767340885,2009.6497728783627,-2.8099266470464954,2.8099266470464954,False,False,0.0,2.926196144274172,1.0
sim0004_ME,1801,29.99726201232056,3,3sml,2.69648651323636,4.999999999999999,11.124573353165946,True,0.9906356698912498,6.1402173207759105,5.0,2006.0900757289533,2006.3296376728274,2006.3296376728274,2006.3296376728274,2006.3296376728274,2006.3296376728274,2009.139564319874,2006.7235767340885,2009.6497728783627,-2.8099266470464954,2.8099266470464954,False,False,0.0,2.926196144274172,1.0
sim0004_ME,1801,29.99726201232056,3,3sml,2.69648651323636,4.999999999999999,11.124573353165946,True,0.9906356698912498,6.1402173207759105,5.990690869267155,2006.0900757289533,2006.3296376728274,2006.3296376728274,2006.3296376728274,2006.3296376728274,2006.3296376728274,2009.447190068374,2006.7836012703817,2009.6821861279604,-3.1175523955466815,3.1175523955466815,False,False,0.0,2.898584857578726,1.0
sim0004_ME,1801,29.99726201232056,4,3sml,2.7032204139976095,4.999999999999999,11.096861305497336,True,0.9998172568500568,6.009091775846161,1.0,2010.3366760574945,2011.3359915947976,2011.3359915947976,2011.3359915947976,2011.3359915947976,2011.3359915947976,2011.3304598945601,2011.3304598945601,2011.3304598945601,0.0055317002374977164,0.0055317002374977164,False,False,0.0,0.0,1.0
sim0004_ME,1801,29.99726201232056,4,3sml,2.7032204139976095,4.999999999999999,11.096861305497336,True,0.9998172568500568,6.009091775846161,1.7440905407258924,2010.3366760574945,2011.8014262286101,2011.8014262286101,2011.8014262286101,2011.8014262286101,2011.8288047364815,2011.810656184903,2011.810656184903,2011.810656184903,-0.009229956292983843,0.009229956292983843,False,True,0.0,0.0,1.0
sim0005_ME,1801,29.99726201232056,0,2sm,7.490457308827146,4.999999999999999,4.00473038902047,True,0.9989702807506339,9.286136905277543,1.0,1993.081953045859,1994.0812685831625,1994.0812685831625,1994.0812685831625,1994.0812685831625,1994.0812685831625,1993.0830008615533,1993.0830008615533,1993.0830008615533,0.9982677216091815,0.9982677216091815,False,False,0.0,0.0,1.0
sim0005_ME,1801,29.99726201232056,0,2sm,7.490457308827146,4.999999999999999,4.00473038902047,True,0.9989702807506339,9.286136905277543,2.0,1993.081953045859,1995.06689486653,1995.06689486653,1995.06689486653,1995.06689486653,1995.06689486653,1995.078816693289,1995.078816693289,1995.078816693289,-0.011921826758907628,0.011921826758907628,False,False,0.0,0.0,1.0
sim0005_ME,1801,29.99726201232056,0,2sm,7.490457308827146,4.999999999999999,4.00473038902047,True,0.9989702807506339,9.286136905277543,3.0,1993.081953045859,1996.079899657769,1996.079899657769,1996.079899657769,1996.079899657769,1996.079899657769,1996.0692215421193,1996.0692215421193,1996.0692215421193,0.010678115649625397,0.010678115649625397,False,False,0.0,0.0,1.0
sim0005_ME,1801,29.99726201232056,0,2sm,7.490457308827146,4.999999999999999,4.00473038902047,True,0.9989702807506339,9.286136905277543,4.0,1993.081953045859,1997.0655259411365,1997.0655259411365,1997.0655259411365,1997.0655259411365,1997.0655259411365,1997.0746325250234,1997.0746325250234,1997.0746325250234,-0.00910658388693264,0.00910658388693264,False,False,0.0,0.0,1.0
sim0005_ME,1801,29.99726201232056,0,2sm,7.490457308827146,4.999999999999999,4.00473038902047,True,0.9989702807506339,9.286136905277543,5.0,1993.081953045859,1997.1750399726218,1997.1750399726218,1997.202418480493,1997.1476614647504,1997.202418480493,1997.4197736087076,1997.4197736087076,1997.4197736087076,-0.24473363608581167,0.24473363608581167,False,False,0.027378507871162583,0.0,1.0
sim0005_ME,1801,29.99726201232056,0,2sm,7.490457308827146,4.999999999999999,4.00473038902047,True,0.9989702807506339,9.286136905277543,6.0,1993.081953045859,1997.1750399726218,1997.1750399726218,1997.202418480493,1997.1476614647504,1997.202418480493,1997.4197736087076,1997.4197736087076,1997.4197736087076,-0.24473363608581167,0.24473363608581167,False,False,0.027378507871162583,0.0,1.0
sim0005_ME,1801,29.99726201232056,0,2sm,7.490457308827146,4.999999999999999,4.00473038902047,True,0.9989702807506339,9.286136905277543,7.0,1993.081953045859,1997.1750399726218,1997.1750399726218,1997.202418480493,1997.1476614647504,1997.202418480493,1997.4197736087076,1997.4197736087076,1997.4197736087076,-0.24473363608581167,0.24473363608581167,False,False,0.027378507871162583,0.0,1.0
sim0005_ME,1801,29.99726201232056,0,2sm,7.490457308827146,4.999999999999999,4.00473038902047,True,0.9989702807506339,9.286136905277543,8.0,1993.081953045859,1997.1750399726218,1997.1750399726218,1997.202418480493,1997.1476614647504,1997.202418480493,1997.4197736087076,1997.4197736087076,1997.4197736087076,-0.24473363608581167,0.24473363608581167,False,False,0.027378507871162583,0.0,1.0
sim0005_ME,1801,29.99726201232056,0,2sm,7.490457308827146,4.999999999999999,4.00473038902047,True,0.9989702807506339,9.286136905277543,9.0,1993.081953045859,1997.1750399726218,1997.1750399726218,1997.202418480493,1997.1476614647504,1997.202418480493,1997.4197736087076,1997.4197736087076,1997.4197736087076,-0.24473363608581167,0.24473363608581167,False,False,0.027378507871162583,0.0,1.0
sim0005_ME,1801,29.99726201232056,0,2sm,7.490457308827146,4.999999999999999,4.00473038902047,True,0.9989702807506339,9.286136905277543,10.0,1993.081953045859,1997.1750399726218,1997.1750399726218,1997.202418480493,1997.1476614647504,1997.202418480493,1997.4197736087076,1997.4197736087076,1997.4197736087076,-0.24473363608581167,0.24473363608581167,False,False,0.027378507871162583,0.0,1.0
sim0005_ME,1801,29.99726201232056,0,2sm,7.490457308827146,4.999999999999999,4.00473038902047,True,0.9989702807506339,9.286136905277543,11.0,1993.081953045859,1997.1750399726218,1997.1750399726218,1997.202418480493,1997.1476614647504,1997.202418480493,1997.4197736087076,1997.4197736087076,1997.4197736087076,-0.24473363608581167,0.24473363608581167,False,False,0.027378507871162583,0.0,1.0
sim0005_ME,1801,29.99726201232056,0,2sm,7.490457308827146,4.999999999999999,4.00473038902047,True,0.9989702807506339,9.286136905277543,12.0,1993.081953045859,1997.1750399726218,1997.1750399726218,1997.202418480493,1997.1476614647504,1997.202418480493,2004.952852913452,1997.4197736087076,2004.952852913452,-7.777812940830245,7.777812940830245,False,False,0.027378507871162583,7.533079304744433,1.0
sim0005_ME,1801,29.99726201232056,0,2sm,7.490457308827146,4.999999999999999,4.00473038902047,True,0.9989702807506339,9.286136905277543,13.0,1993.081953045859,1997.1750399726218,1997.1750399726218,1997.202418480493,1997.1476614647504,1997.202418480493,2004.952852913452,1997.4197736087076,2004.952852913452,-7.777812940830245,7.777812940830245,False,False,0.027378507871162583,7.533079304744433,1.0
sim0005_ME,1801,29.99726201232056,0,2sm,7.490457308827146,4.999999999999999,4.00473038902047,True,0.9989702807506339,9.286136905277543,14.0,1993.081953045859,1997.1750399726218,1997.1750399726218,1997.202418480493,1997.1476614647504,1997.202418480493,2004.952852913452,1997.4197736087076,2004.952852913452,-7.777812940830245,7.777812940830245,False,False,0.027378507871162583,7.533079304744433,1.0
sim0005_ME,1801,29.99726201232056,0,2sm,7.490457308827146,4.999999999999999,4.00473038902047,True,0.9989702807506339,9.286136905277543,15.0,1993.081953045859,1997.1750399726218,1997.1750399726218,1997.202418480493,1997.1476614647504,1997.202418480493,2004.952852913452,1997.4197736087076,2004.952852913452,-7.777812940830245,7.777812940830245,False,False,0.027378507871162583,7.533079304744433,1.0
sim0005_ME,1801,29.99726201232056,0,2sm,7.490457308827146,4.999999999999999,4.00473038902047,True,0.9989702807506339,9.286136905277543,16.0,1993.081953045859,1997.1750399726218,1997.1750399726218,1997.202418480493,1997.1476614647504,1997.202418480493,2004.952852913452,1997.4197736087076,2004.952852913452,-7.777812940830245,7.777812940830245,False,False,0.027378507871162583,7.533079304744433,1.0
sim0005_ME,1801,29.99726201232056,0,2sm,7.490457308827146,4.999999999999999,4.00473038902047,True,0.9989702807506339,9.286136905277543,17.0,1993.081953045859,1997.1750399726218,1997.1750399726218,1997.202418480493,1997.1476614647504,1997.202418480493,2004.952852913452,1997.4197736087076,2004.952852913452,-7.777812940830245,7.777812940830245,False,False,0.027378507871162583,7.533079304744433,1.0
sim0005_ME,1801,29.99726201232056,0,2sm,7.490457308827146,4.999999999999999,4.00473038902047,True,0.9989702807506339,9.286136905277543,18.0,1993.081953045859,1997.1750399726218,1997.1750399726218,1997.202418480493,1997.1476614647504,1997.202418480493,2004.952852913452,1997.4197736087076,2004.952852913452,-7.777812940830245,7.777812940830245,False,False,0.027378507871162583,7.533079304744433,1.0
sim0005_ME,1801,29.99726201232056,0,2sm,7.490457308827146,4.999999999999999,4.00473038902047,True,0.9989702807506339,9.286136905277543,18.998813552361298,1993.081953045859,1997.1750399726218,1997.1750399726218,1997.202418480493,1997.1476614647504,1997.202418480493,2004.952852913452,1997.4197736087076,2004.952852913452,-7.777812940830245,7.777812940830245,False,False,0.027378507871162583,7.533079304744433,1.0
sim0005_ME,1801,29.99726201232056,1,3sml,7.496307691021956,4.999999999999999,4.001604956563769,True,0.9995543539895294,9.588765890175907,1.0,1997.0821355783714,1997.3216975222454,1997.2395619986314,1997.3216975222454,1997.2395619986314,1997.3216975222454,1997.2847184020488,1997.2547061339017,1997.3147306701946,0.03697912019651994,0.03697912019651994,True,True,0.0821355236139425,0.06002453629298543,1.0
sim0005_ME,1801,29.99726201232056,1,3sml,7.496307691021956,4.999999999999999,4.001604956563769,True,0.9995543539895294,9.588765890175907,2.0,1997.0821355783714,1997.3216975222454,1997.2395619986314,1997.3216975222454,1997.2395619986314,1997.3216975222454,1997.2847184020488,1997.2547061339017,1997.3147306701946,0.03697912019651994,0.03697912019651994,True,True,0.0821355236139425,0.06002453629298543,1.0
sim0005_ME,1801,29.99726201232056,1,3sml,7.496307691021956,4.999999999999999,4.001604956563769,True,0.9995543539895294,9.588765890175907,3.0,1997.0821355783714,1997.3216975222454,1997.2395619986314,1997.3216975222454,1997.2395619986314,1997.3216975222454,1997.2847184020488,1997.2547061339017,1997.3147306701946,0.03697912019651994,0.03697912019651994,True,True,0.0821355236139425,0.06002453629298543,1.0
sim0005_ME,1801,29.99726201232056,1,3sml,7.496307691021956,4.999999999999999,4.001604956563769,True,0.9995543539895294,9.588765890175907,4.0,1997.0821355783714,1997.3216975222454,1997.2395619986314,1997.3216975222454,1997.2395619986314,1997.3216975222454,1997.2847184020488,1997.2547061339017,1997.3147306701946,0.03697912019651994,0.03697912019651994,True,True,0.0821355236139425,0.06002453629298543,1.0
sim0005_ME,1801,29.99726201232056,1,3sml,7.496307691021956,4.999999999999999,4.001604956563769,True,0.9995543539895294,9.588765890175907,5.0,1997.0821355783714,1997.3216975222454,1997.2395619986314,1997.3216975222454,1997.2395619986314,1997.3216975222454,1997.2847184020488,1997.2547061339017,1997.3147306701946,0.03697912019651994,0.03697912019651994,True,True,0.0821355236139425,0.06002453629298543,1.0
sim0005_ME,1801,29.99726201232056,1,3sml,7.496307691021956,4.999999999999999,4.001604956563769,True,0.9995543539895294,9.588765890175907,6.0,1997.0821355783714,1997.3216975222454,1997.2395619986314,1997.3216975222454,1997.2395619986314,1997.3216975222454,1997.2847184020488,1997.2547061339017,1997.3147306701946,0.03697912019651994,0.03697912019651994,True,True,0.0821355236139425,0.06002453629298543,1.0
sim0005_ME,1801,29.99726201232056,1,3sml,7.496307691021956,4.999999999999999,4.001604956563769,True,0.9995543539895294,9.588765890175907,7.0,1997.0821355783714,1997.3216975222454,1997.2395619986314,1997.3216975222454,1997.2395619986314,1997.3216975222454,1997.2847184020488,1997.2547061339017,1997.3147306701946,0.03697912019651994,0.03697912019651994,True,True,0.0821355236139425,0.06002453629298543,1.0
sim0005_ME,1801,29.99726201232056,1,3sml,7.496307691021956,4.999999999999999,4.001604956563769,True,0.9995543539895294,9.588765890175907,8.0,1997.0821355783714,1997.3216975222454,1997.2395619986314,1997.3216975222454,1997.2395619986314,1997.3216975222454,1997.3597490724144,1997.2547061339017,2004.6977486342068,-0.038051550169029724,0.038051550169029724,False,False,0.0821355236139425,7.443042500305182,1.0
sim0005_ME,1801,29.99726201232056,1,3sml,7.496307691021956,4.999999999999999,4.001604956563769,True,0.9995543539895294,9.588765890175907,9.0,1997.0821355783714,1997.3216975222454,1997.2395619986314,1997.3216975222454,1997.2395619986314,1997.3216975222454,1997.3597490724144,1997.2547061339017,2004.6977486342068,-0.038051550169029724,0.038051550169029724,False,False,0.0821355236139425,7.443042500305182,1.0
sim0005_ME,1801,29.99726201232056,1,3sml,7.496307691021956,4.999999999999999,4.001604956563769,True,0.9995543539895294,9.588765890175907,10.0,1997.0821355783714,1997.3216975222454,1997.2395619986314,1997.3216975222454,1997.2395619986314,1997.3216975222454,1997.3597490724144,1997.2547061339017,2004.6977486342068,-0.038051550169029724,0.038051550169029724,False,False,0.0821355236139425,7.443042500305182,1.0
sim0005_ME,1801,29.99726201232056,1,3sml,7.496307691021956,4.999999999999999,4.001604956563769,True,0.9995543539895294,9.588765890175907,11.0,1997.0821355783714,1997.3216975222454,1997.2395619986314,1997.3216975222454,1997.2395619986314,1997.3216975222454,1997.3597490724144,1997.2547061339017,2004.6977486342068,-0.038051550169029724,0.038051550169029724,False,False,0.0821355236139425,7.443042500305182,1.0
sim0005_ME,1801,29.99726201232056,1,3sml,7.496307691021956,4.999999999999999,4.001604956563769,True,0.9995543539895294,9.588765890175907,12.0,1997.0821355783714,1997.3216975222454,1997.2395619986314,1997.3216975222454,1997.2395619986314,1997.3216975222454,1997.3597490724144,1997.2547061339017,2004.6977486342068,-0.038051550169029724,0.038051550169029724,False,False,0.0821355236139425,7.443042500305182,1.0
sim0005_ME,1801,29.99726201232056,1,3sml,7.496307691021956,4.999999999999999,4.001604956563769,True,0.9995543539895294,9.588765890175907,13.0,1997.0821355783714,1997.3216975222454,1997.2395619986314,1997.3216975222454,1997.2395619986314,1997.3216975222454,1997.3597490724144,1997.2547061339017,2004.6977486342068,-0.038051550169029724,0.038051550169029724,False,False,0.0821355236139425,7.443042500305182,1.0
sim0005_ME,1801,29.99726201232056,1,3sml,7.496307691021956,4.999999999999999,4.001604956563769,True,0.9995543539895294,9.588765890175907,14.0,1997.0821355783714,1997.3216975222454,1997.2395619986314,1997.3216975222454,1997.2395619986314,1997.3216975222454,1997.3597490724144,1997.2547061339017,2004.6977486342068,-0.038051550169029724,0.038051550169029724,False,False,0.0821355236139425,7.443042500305182,1.0
sim0005_ME,1801,29.99726201232056,1,3sml,7.496307691021956,4.999999999999999,4.001604956563769,True,0.9995543539895294,9.588765890175907,14.998631019848972,1997.0821355783714,1997.3216975222454,1997.2395619986314,1997.3216975222454,1997.2395619986314,1997.3216975222454,2004.667736366061,1997.2697122679751,2012.0657604641467,-7.346038843815677,7.346038843815677,False,False,0.0821355236139425,14.796048196171569,1.0
sim0005_ME,1801,29.99726201232056,2,3sml,7.5757473131710045,4.999999999999999,3.959643949603239,True,0.9996004776071887,9.273288839620433,1.0,2001.3287359342912,2002.3280514715946,2002.3280514715946,2002.3280514715946,2002.3280514715946,2002.3280514715946,2002.3267794506423,2002.3267794506423,2002.3267794506423,0.0012720209522285586,0.0012720209522285586,False,False,0.0,0.0,1.0
sim0005_ME,1801,29.99726201232056,2,3sml,7.5757473131710045,4.999999999999999,3.959643949603239,True,0.9996004776071887,9.273288839620433,2.0,2001.3287359342912,2003.313677754962,2003.313677754962,2003.313677754962,2003.313677754962,2003.313677754962,2003.3171842994727,2003.3171842994727,2003.3171842994727,-0.0035065445106283732,0.0035065445106283732,False,False,0.0,0.0,1.0
sim0005_ME,1801,29.99726201232056,2,3sml,7.5757473131710045,4.999999999999999,3.959643949603239,True,0.9996004776071887,9.273288839620433,3.0,2001.3287359342912,2004.3266825462008,2004.3266825462008,2004.3266825462008,2004.3266825462008,2004.3266825462008,2004.3225952823782,2004.3225952823782,2004.3225952823782,0.004087263822611931,0.004087263822611931,False,False,0.0,0.0,1.0
sim0005_ME,1801,29.99726201232056,2,3sml,7.5757473131710045,4.999999999999999,3.959643949603239,True,0.9996004776071887,9.273288839620433,4.0,2001.3287359342912,2005.011145242984,2005.011145242984,2005.0385237508553,2004.9837667351126,2005.0659022587265,2005.0578958519648,2005.0578958519648,2005.0578958519648,-0.04675060898080119,0.04675060898080119,False,True,0.027378507871389957,0.0,1.0
sim0005_ME,1801,29.99726201232056,2,3sml,7.5757473131710045,4.999999999999999,3.959643949603239,True,0.9996004776071887,9.273288839620433,5.0,2001.3287359342912,2005.011145242984,2005.011145242984,2005.0385237508553,2004.9837667351126,2005.0659022587265,2005.0578958519648,2005.0578958519648,2005.0578958519648,-0.04675060898080119,0.04675060898080119,False,True,0.027378507871389957,0.0,1.0
sim0005_ME,1801,29.99726201232056,2,3sml,7.5757473131710045,4.999999999999999,3.959643949603239,True,0.9996004776071887,9.273288839620433,6.0,2001.3287359342912,2005.011145242984,2005.011145242984,2005.0385237508553,2004.9837667351126,2005.0659022587265,2005.0578958519648,2005.0578958519648,2005.0578958519648,-0.04675060898080119,0.04675060898080119,False,True,0.027378507871389957,0.0,1.0
sim0005_ME,1801,29.99726201232056,2,3sml,7.5757473131710045,4.999999999999999,3.959643949603239,True,0.9996004776071887,9.273288839620433,7.0,2001.3287359342912,2005.011145242984,2005.011145242984,2005.0385237508553,2004.9837667351126,2005.0659022587265,2005.0578958519648,2005.0578958519648,2005.0578958519648,-0.04675060898080119,0.04675060898080119,False,True,0.027378507871389957,0.0,1.0
sim0005_ME,1801,29.99726201232056,2,3sml,7.5757473131710045,4.999999999999999,3.959643949603239,True,0.9996004776071887,9.273288839620433,8.0,2001.3287359342912,2005.011145242984,2005.011145242984,2005.0385237508553,2004.9837667351126,2005.0659022587265,2005.0578958519648,2005.0578958519648,2005.0578958519648,-0.04675060898080119,0.04675060898080119,False,True,0.027378507871389957,0.0,1.0
sim0005_ME,1801,29.99726201232056,2,3sml,7.5757473131710045,4.999999999999999,3.959643949603239,True,0.9996004776071887,9.273288839620433,9.0,2001.3287359342912,2005.011145242984,2005.011145242984,2005.0385237508553,2004.9837667351126,2005.0659022587265,2005.0578958519648,2005.0578958519648,2005.0578958519648,-0.04675060898080119,0.04675060898080119,False,True,0.027378507871389957,0.0,1.0
sim0005_ME,1801,29.99726201232056,2,3sml,7.5757473131710045,4.999999999999999,3.959643949603239,True,0.9996004776071887,9.273288839620433,10.0,2001.3287359342912,2005.011145242984,2005.011145242984,2005.0385237508553,2004.9837667351126,2005.0659022587265,2005.0578958519648,2005.0578958519648,2005.0578958519648,-0.04675060898080119,0.04675060898080119,False,True,0.027378507871389957,0.0,1.0
sim0005_ME,1801,29.99726201232056,2,3sml,7.5757473131710045,4.999999999999999,3.959643949603239,True,0.9996004776071887,9.273288839620433,10.75203066392919,2001.3287359342912,2005.011145242984,2005.011145242984,2005.0385237508553,2004.9837667351126,2005.0659022587265,2005.0578958519648,2005.0578958519648,2005.0578958519648,-0.04675060898080119,0.04675060898080119,False,True,0.027378507871389957,0.0,1.0
sim0005_ME,1801,29.99726201232056,3,2sm,7.616392871663721,4.999999999999999,3.9385129572193374,True,0.9998836846271187,9.09735120164556,1.0,2006.0900757289533,2006.1653666255995,2006.1653666255995,2006.1653666255995,2006.1653666255995,2006.1653666255995,2006.0933191030147,2006.0933191030147,2006.0933191030147,0.07204752258485314,0.07204752258485314,False,False,0.0,0.0,1.0
sim0005_ME,1801,29.99726201232056,3,2sm,7.616392871663721,4.999999999999999,3.9385129572193374,True,0.9998836846271187,9.09735120164556,2.0,2006.0900757289533,2006.1653666255995,2006.1653666255995,2006.1653666255995,2006.1653666255995,2006.1653666255995,2008.0891349347503,2008.0891349347503,2008.0891349347503,-1.9237683091507733,1.9237683091507733,False,False,0.0,0.0,1.0
sim0005_ME,1801,29.99726201232056,3,2sm,7.616392871663721,4.999999999999999,3.9385129572193374,True,0.9998836846271187,9.09735120164556,3.0,2006.0900757289533,2006.1653666255995,2006.1653666255995,2006.1653666255995,2006.1653666255995,2006.1653666255995,2008.7494048339702,2008.7494048339702,2008.7644109680439,-2.5840382083706572,2.5840382083706572,False,False,0.0,0.015006134073701105,1.0
sim0005_ME,1801,29.99726201232056,3,2sm,7.616392871663721,4.999999999999999,3.9385129572193374,True,0.9998836846271187,9.09735120164556,4.0,2006.0900757289533,2006.1653666255995,2006.1653666255995,2006.1653666255995,2006.1653666255995,2006.1653666255995,2008.7494048339702,2008.7494048339702,2008.7644109680439,-2.5840382083706572,2.5840382083706572,False,False,0.0,0.015006134073701105,1.0
sim0005_ME,1801,29.99726201232056,3,2sm,7.616392871663721,4.999999999999999,3.9385129572193374,True,0.9998836846271187,9.09735120164556,5.0,2006.0900757289533,2006.1653666255995,2006.1653666255995,2006.1653666255995,2006.1653666255995,2006.1653666255995,2008.7494048339702,2008.7494048339702,2008.7644109680439,-2.5840382083706572,2.5840382083706572,False,False,0.0,0.015006134073701105,1.0
sim0005_ME,1801,29.99726201232056,3,2sm,7.616392871663721,4.999999999999999,3.9385129572193374,True,0.9998836846271187,9.09735120164556,5.990690869267155,2006.0900757289533,2006.1653666255995,2006.1653666255995,2006.1653666255995,2006.1653666255995,2006.1653666255995,2012.0807665982204,2012.0807665982204,2012.0807665982204,-5.9153999726208895,5.9153999726208895,False,False,0.0,0.0,1.0
sim0005_ME,1801,29.99726201232056,4,3sml,7.628048610961031,4.999999999999999,3.9324948675885945,True,0.9998950119652729,8.947745266227288,1.0,2010.3366760574945,2011.3359915947976,2011.3359915947976,2011.3359915947976,2011.3359915947976,2011.3359915947976,2011.3304598945601,2011.3304598945601,2011.3304598945601,0.0055317002374977164,0.0055317002374977164,False,False,0.0,0.0,1.0
sim0005_ME,1801,29.99726201232056,4,3sml,7.628048610961031,4.999999999999999,3.9324948675885945,True,0.9998950119652729,8.947745266227288,1.7440905407258924,2010.3366760574945,2012.0752113073233,2012.0752113073233,2012.0752113073233,2012.0752113073233,2012.0752113073233,2012.0807665982204,2012.0807665982204,2012.0807665982204,-0.005555290897063969,0.005555290897063969,False,False,0.0,0.0,1.0
sim0006_ME,1801,29.99726201232056,0,3sml,2.919461150821159,4.999999999999999,10.274931044683779,True,0.9961698565806842,9.014444966698038,1.0,1993.081953045859,1994.0812685831625,1994.0812685831625,1994.0812685831625,1994.0812685831625,1994.0812685831625,1994.0734057103837,1994.0734057103837,1994.0734057103837,0.007862872778787278,0.007862872778787278,False,False,0.0,0.0,1.0
sim0006_ME,1801,29.99726201232056,0,3sml,2.919461150821159,4.999999999999999,10.274931044683779,True,0.9961698565806842,9.014444966698038,2.0,1993.081953045859,1994.65621724846,1994.65621724846,1994.6835957563314,1994.65621724846,1994.6835957563314,1994.628632671092,1994.628632671092,1994.628632671092,0.027584577368088503,0.027584577368088503,False,False,0.027378507871389957,0.0,1.0
sim0006_ME,1801,29.99726201232056,0,3sml,2.919461150821159,4.999999999999999,10.274931044683779,True,0.9961698565806842,9.014444966698038,3.0,1993.081953045859,1994.65621724846,1994.65621724846,1994.6835957563314,1994.65621724846,1994.6835957563314,1994.628632671092,1994.628632671092,1994.628632671092,0.027584577368088503,0.027584577368088503,False,False,0.027378507871389957,0.0,1.0
sim0006_ME,1801,29.99726201232056,0,3sml,2.919461150821159,4.999999999999999,10.274931044683779,True,0.9961698565806842,9.014444966698038,4.0,1993.081953045859,1994.65621724846,1994.65621724846,1994.6835957563314,1994.65621724846,1994.6835957563314,1994.628632671092,1994.628632671092,1994.628632671092,0.027584577368088503,0.027584577368088503,False,False,0.027378507871389957,0.0,1.0
sim0006_ME,1801,29.99726201232056,0,3sml,2.919461150821159,4.999999999999999,10.274931044683779,True,0.9961698565806842,9.014444966698038,5.0,1993.081953045859,1994.65621724846,1994.65621724846,1994.6835957563314,1994.65621724846,1994.6835957563314,1997.5848410835122,1994.628632671092,1997.5848410835122,-2.9286238350521216,2.9286238350521216,False,False,0.027378507871389957,2.95620841242021,1.0
sim0006_ME,1801,29.99726201232056,0,3sml,2.919461150821159,4.999999999999999,10.274931044683779,True,0.9961698565806842,9.014444966698038,6.0,1993.081953045859,1994.65621724846,1994.65621724846,1994.6835957563314,1994.65621724846,1994.6835957563314,1997.5848410835122,1994.628632671092,1997.5848410835122,-2.9286238350521216,2.9286238350521216,False,False,0.027378507871389957,2.95620841242021,1.0
sim0006_ME,1801,29.99726201232056,0,3sml,2.919461150821159,4.999999999999999,10.274931044683779,True,0.9961698565806842,9.014444966698038,7.0,1993.081953045859,1994.65621724846,1994.65621724846,1994.6835957563314,1994.65621724846,1994.6835957563314,1997.5848410835122,1994.628632671092,1997.5848410835122,-2.9286238350521216,2.9286238350521216,False,False,0.027378507871389957,2.95620841242021,1.0
sim0006_ME,1801,29.99726201232056,0,3sml,2.919461150821159,4.999999999999999,10.274931044683779,True,0.9961698565806842,9.014444966698038,8.0,1993.081953045859,1994.65621724846,1994.65621724846,1994.6835957563314,1994.65621724846,1994.6835957563314,2000.5410494959322,1994.628632671092,2000.5410494959322,-5.884832247472104,5.884832247472104,False,False,0.027378507871389957,5.912416824840193,1.0
sim0006_ME,1801,29.99726201232056,0,3sml,2.919461150821159,4.999999999999999,10.274931044683779,True,0.9961698565806842,9.014444966698038,9.0,1993.081953045859,1994.65621724846,1994.65621724846,1994.6835957563314,1994.65621724846,1994.6835957563314,2000.5410494959322,1994.628632671092,2000.5410494959322,-5.884832247472104,5.884832247472104,False,False,0.027378507871389957,5.912416824840193,1.0
sim0006_ME,1801,29.99726201232056,0,3sml,2.919461150821159,4.999999999999999,10.274931044683779,True,0.9961698565806842,9.014444966698038,10.0,1993.081953045859,1994.65621724846,1994.65621724846,1994.6835957563314,1994.65621724846,1994.6835957563314,2000.5410494959322,1994.628632671092,2000.5410494959322,-5.884832247472104,5.884832247472104,False,False,0.027378507871389957,5.912416824840193,1.0
sim0006_ME,1801,29.99726201232056,0,3sml,2.919461150821159,4.999999999999999,10.274931044683779,True,0.9961698565806842,9.014444966698038,11.0,1993.081953045859,1994.65621724846,1994.65621724846,1994.6835957563314,1994.65621724846,1994.6835957563314,2000.5410494959322,1994.628632671092,2003.4972579083524,-5.884832247472104,5.884832247472104,False,False,0.027378507871389957,8.868625237260403,1.0
sim0006_ME,1801,29.99726201232056,0,3sml,2.919461150821159,4.999999999999999,10.274931044683779,True,0.9961698565806842,9.014444966698038,12.0,1993.081953045859,1994.65621724846,1994.65621724846,1994.6835957563314,1994.65621724846,1994.6835957563314,2000.5410494959322,1994.628632671092,2003.4972579083524,-5.884832247472104,5.884832247472104,False,False,0.027378507871389957,8.868625237260403,1.0
sim0006_ME,1801,29.99726201232056,0,3sml,2.919461150821159,4.999999999999999,10.274931044683779,True,0.9961698565806842,9.014444966698038,13.0,1993.081953045859,1994.65621724846,1994.65621724846,1994.6835957563314,1994.65621724846,1994.6835957563314,2000.5410494959322,1994.628632671092,2003.4972579083524,-5.884832247472104,5.884832247472104,False,False,0.027378507871389957,8.868625237260403,1.0
sim0006_ME,1801,29.99726201232056,0,3sml,2.919461150821159,4.999999999999999,10.274931044683779,True,0.9961698565806842,9.014444966698038,14.0,1993.081953045859,1994.65621724846,1994.65621724846,1994.6835957563314,1994.65621724846,1994.6835957563314,2000.5410494959322,1994.628632671092,2003.4972579083524,-5.884832247472104,5.884832247472104,False,False,0.027378507871389957,8.868625237260403,1.0
sim0006_ME,1801,29.99726201232056,0,3sml,2.919461150821159,4.999999999999999,10.274931044683779,True,0.9961698565806842,9.014444966698038,15.0,1993.081953045859,1994.65621724846,1994.65621724846,1994.6835957563314,1994.65621724846,1994.6835957563314,2000.5410494959322,1994.628632671092,2003.4972579083524,-5.884832247472104,5.884832247472104,False,False,0.027378507871389957,8.868625237260403,1.0
sim0006_ME,1801,29.99726201232056,0,3sml,2.919461150821159,4.999999999999999,10.274931044683779,True,0.9961698565806842,9.014444966698038,16.0,1993.081953045859,1994.65621724846,1994.65621724846,1994.6835957563314,1994.65621724846,1994.6835957563314,2000.5410494959322,1994.628632671092,2003.4972579083524,-5.884832247472104,5.884832247472104,False,False,0.027378507871389957,8.868625237260403,1.0
sim0006_ME,1801,29.99726201232056,0,3sml,2.919461150821159,4.999999999999999,10.274931044683779,True,0.9961698565806842,9.014444966698038,17.0,1993.081953045859,1994.65621724846,1994.65621724846,1994.6835957563314,1994.65621724846,1994.6835957563314,2000.5410494959322,1994.628632671092,2003.4972579083524,-5.884832247472104,5.884832247472104,False,False,0.027378507871389957,8.868625237260403,1.0
sim0006_ME,1801,29.99726201232056,0,3sml,2.919461150821159,4.999999999999999,10.274931044683779,True,0.9961698565806842,9.014444966698038,18.0,1993.081953045859,1994.65621724846,1994.65621724846,1994.6835957563314,1994.65621724846,1994.6835957563314,2000.5410494959322,1994.628632671092,2003.4972579083524,-5.884832247472104,5.884832247472104,False,False,0.027378507871389957,8.868625237260403,1.0
sim0006_ME,1801,29.99726201232056,0,3sml,2.919461150821159,4.999999999999999,10.274931044683779,True,0.9961698565806842,9.014444966698038,18.998813552361298,1993.081953045859,1994.65621724846,1994.65621724846,1994.6835957563314,1994.65621724846,1994.6835957563314,2000.5410494959322,1994.628632671092,2003.4972579083524,-5.884832247472104,5.884832247472104,False,False,0.027378507871389957,8.868625237260403,1.0
sim0006_ME,1801,29.99726201232056,1,2sm,2.917066717341654,4.999999999999999,10.28336507834737,True,0.9988231453203875,8.935154785495609,1.0,1997.0821355783714,1997.5681040930874,1997.5681040930874,1997.5681040930874,1997.5681040930874,1997.5681040930874,1997.5398226812927,1997.5398226812927,1997.5398226812927,0.028281411794750966,0.028281411794750966,False,False,0.0,0.0,1.0
sim0006_ME,1801,29.99726201232056,1,2sm,2.917066717341654,4.999999999999999,10.28336507834737,True,0.9988231453203875,8.935154785495609,2.0,1997.0821355783714,1997.5681040930874,1997.5681040930874,1997.5681040930874,1997.5681040930874,1997.5681040930874,1997.5398226812927,1997.5398226812927,1997.5398226812927,0.028281411794750966,0.028281411794750966,False,False,0.0,0.0,1.0
sim0006_ME,1801,29.99726201232056,1,2sm,2.917066717341654,4.999999999999999,10.28336507834737,True,0.9988231453203875,8.935154785495609,3.0,1997.0821355783714,1997.5681040930874,1997.5681040930874,1997.5681040930874,1997.5681040930874,1997.5681040930874,1997.5398226812927,1997.5398226812927,1997.5398226812927,0.028281411794750966,0.028281411794750966,False,False,0.0,0.0,1.0
sim0006_ME,1801,29.99726201232056,1,2sm,2.917066717341654,4.999999999999999,10.28336507834737,True,0.9988231453203875,8.935154785495609,4.0,1997.0821355783714,1997.5681040930874,1997.5681040930874,1997.5681040930874,1997.5681040930874,1997.5681040930874,1997.5398226812927,1997.5398226812927,1997.5398226812927,0.028281411794750966,0.028281411794750966,False,False,0.0,0.0,1.0
sim0006_ME,1801,29.99726201232056,1,2sm,2.917066717341654,4.999999999999999,10.28336507834737,True,0.9988231453203875,8.935154785495609,5.0,1997.0821355783714,1997.5681040930874,1997.5681040930874,1997.5681040930874,1997.5681040930874,1997.5681040930874,1997.5398226812927,1997.5398226812927,1997.5398226812927,0.028281411794750966,0.028281411794750966,False,False,0.0,0.0,1.0
sim0006_ME,1801,29.99726201232056,1,2sm,2.917066717341654,4.999999999999999,10.28336507834737,True,0.9988231453203875,8.935154785495609,6.0,1997.0821355783714,1997.5681040930874,1997.5681040930874,1997.5681040930874,1997.5681040930874,1997.5681040930874,1997.5398226812927,1997.5398226812927,1997.5398226812927,0.028281411794750966,0.028281411794750966,False,False,0.0,0.0,1.0
sim0006_ME,1801,29.99726201232056,1,2sm,2.917066717341654,4.999999999999999,10.28336507834737,True,0.9988231453203875,8.935154785495609,7.0,1997.0821355783714,1997.5681040930874,1997.5681040930874,1997.5681040930874,1997.5681040930874,1997.5681040930874,2003.4072211039131,2003.4072211039131,2003.4072211039131,-5.839117010825703,5.839117010825703,False,False,0.0,0.0,1.0
sim0006_ME,1801,29.99726201232056,1,2sm,2.917066717341654,4.999999999999999,10.28336507834737,True,0.9988231453203875,8.935154785495609,8.0,1997.0821355783714,1997.5681040930874,1997.5681040930874,1997.5681040930874,1997.5681040930874,1997.5681040930874,2003.4072211039131,2003.4072211039131,2003.4072211039131,-5.839117010825703,5.839117010825703,False,False,0.0,0.0,1.0
sim0006_ME,1801,29.99726201232056,1,2sm,2.917066717341654,4.999999999999999,10.28336507834737,True,0.9988231453203875,8.935154785495609,9.0,1997.0821355783714,1997.5681040930874,1997.5681040930874,1997.5681040930874,1997.5681040930874,1997.5681040930874,2003.4072211039131,2003.4072211039131,2003.4072211039131,-5.839117010825703,5.839117010825703,False,False,0.0,0.0,1.0
sim0006_ME,1801,29.99726201232056,1,2sm,2.917066717341654,4.999999999999999,10.28336507834737,True,0.9988231453203875,8.935154785495609,10.0,1997.0821355783714,1997.5681040930874,1997.5681040930874,1997.5681040930874,1997.5681040930874,1997.5681040930874,2006.3334172481862,2006.3334172481862,2006.3334172481862,-8.765313155098738,8.765313155098738,False,False,0.0,0.0,1.0
sim0006_ME,1801,29.99726201232056,1,2sm,2.917066717341654,4.999999999999999,10.28336507834737,True,0.9988231453203875,8.935154785495609,11.0,1997.0821355783714,1997.5681040930874,1997.5681040930874,1997.5681040930874,1997.5681040930874,1997.5681040930874,2006.3334172481862,2006.3334172481862,2006.3334172481862,-8.765313155098738,8.765313155098738,False,False,0.0,0.0,1.0
sim0006_ME,1801,29.99726201232056,1,2sm,2.917066717341654,4.999999999999999,10.28336507834737,True,0.9988231453203875,8.935154785495609,12.0,1997.0821355783714,1997.5681040930874,1997.5681040930874,1997.5681040930874,1997.5681040930874,1997.5681040930874,2006.3334172481862,2006.3334172481862,2006.3334172481862,-8.765313155098738,8.765313155098738,False,False,0.0,0.0,1.0
sim0006_ME,1801,29.99726201232056,1,2sm,2.917066717341654,4.999999999999999,10.28336507834737,True,0.9988231453203875,8.935154785495609,13.0,1997.0821355783714,1997.5681040930874,1997.5681040930874,1997.5681040930874,1997.5681040930874,1997.5681040930874,2006.3334172481862,2006.3334172481862,2006.3334172481862,-8.765313155098738,8.765313155098738,False,False,0.0,0.0,1.0
sim0006_ME,1801,29.99726201232056,1,2sm,2.917066717341654,4.999999999999999,10.28336507834737,True,0.9988231453203875,8.935154785495609,14.0,1997.0821355783714,1997.5681040930874,1997.5681040930874,1997.5681040930874,1997.5681040930874,1997.5681040930874,2006.3334172481862,2006.3334172481862,2006.3334172481862,-8.765313155098738,8.765313155098738,False,False,0.0,0.0,1.0
sim0006_ME,1801,29.99726201232056,1,2sm,2.917066717341654,4.999999999999999,10.28336507834737,True,0.9988231453203875,8.935154785495609,14.998631019848972,1997.0821355783714,1997.5681040930874,1997.5681040930874,1997.5681040930874,1997.5681040930874,1997.5681040930874,2006.3334172481862,2006.3334172481862,2006.3334172481862,-8.765313155098738,8.765313155098738,False,False,0.0,0.0,1.0
sim0006_ME,1801,29.99726201232056,2,2sm,2.91621449876162,4.999999999999999,10.286370232731164,True,0.9998433482123147,9.303198224940669,1.0,2001.3287359342912,2001.4040268309373,2001.4040268309373,2001.4040268309373,2001.4040268309373,2001.4040268309373,2001.336374601812,2001.336374601812,2001.336374601812,0.06765222912531499,0.06765222912531499,False,False,0.0,0.0,1.0
sim0006_ME,1801,29.99726201232056,2,2sm,2.91621449876162,4.999999999999999,10.286370232731164,True,0.9998433482123147,9.303198224940669,2.0,2001.3287359342912,2003.313677754962,2003.313677754962,2003.313677754962,2003.313677754962,2003.313677754962,2003.3171842994727,2003.3171842994727,2003.3171842994727,-0.0035065445106283732,0.0035065445106283732,False,False,0.0,0.0,1.0
sim0006_ME,1801,29.99726201232056,2,2sm,2.91621449876162,4.999999999999999,10.286370232731164,True,0.9998433482123147,9.303198224940669,3.0,2001.3287359342912,2003.395813278576,2003.395813278576,2003.4231917864472,2003.395813278576,2003.4231917864472,2003.857405126109,2003.8423989920352,2003.857405126109,-0.46159184753287263,0.46159184753287263,False,False,0.027378507871162583,0.015006134073701105,1.0
sim0006_ME,1801,29.99726201232056,2,2sm,2.91621449876162,4.999999999999999,10.286370232731164,True,0.9998433482123147,9.303198224940669,4.0,2001.3287359342912,2003.395813278576,2003.395813278576,2003.4231917864472,2003.395813278576,2003.4231917864472,2003.857405126109,2003.8423989920352,2003.857405126109,-0.46159184753287263,0.46159184753287263,False,False,0.027378507871162583,0.015006134073701105,1.0
sim0006_ME,1801,29.99726201232056,2,2sm,2.91621449876162,4.999999999999999,10.286370232731164,True,0.9998433482123147,9.303198224940669,5.0,2001.3287359342912,2003.395813278576,2003.395813278576,2003.4231917864472,2003.395813278576,2003.4231917864472,2003.857405126109,2003.8423989920352,2003.857405126109,-0.46159184753287263,0.46159184753287263,False,False,0.027378507871162583,0.015006134073701105,1.0
sim0006_ME,1801,29.99726201232056,2,2sm,2.91621449876162,4.999999999999999,10.286370232731164,True,0.9998433482123147,9.303198224940669,6.0,2001.3287359342912,2003.395813278576,2003.395813278576,2003.4231917864472,2003.395813278576,2003.4231917864472,2003.857405126109,2003.8423989920352,2006.7535890022357,-0.46159184753287263,0.46159184753287263,False,False,0.027378507871162583,2.911190010200471,1.0
sim0006_ME,1801,29.99726201232056,2,2sm,2.91621449876162,4.999999999999999,10.286370232731164,True,0.9998433482123147,9.303198224940669,7.0,2001.3287359342912,2003.395813278576,2003.395813278576,2003.4231917864472,2003.395813278576,2003.4231917864472,2003.857405126109,2003.8423989920352,2006.7535890022357,-0.46159184753287263,0.46159184753287263,False,False,0.027378507871162583,2.911190010200471,1.0
sim0006_ME,1801,29.99726201232056,2,2sm,2.91621449876162,4.999999999999999,10.286370232731164,True,0.9998433482123147,9.303198224940669,8.0,2001.3287359342912,2003.395813278576,2003.395813278576,2003.4231917864472,2003.395813278576,2003.4231917864472,2003.857405126109,2003.8423989920352,2006.7535890022357,-0.46159184753287263,0.46159184753287263,False,False,0.027378507871162583,2.911190010200471,1.0
sim0006_ME,1801,29.99726201232056,2,2sm,2.91621449876162,4.999999999999999,10.286370232731164,True,0.9998433482123147,9.303198224940669,9.0,2001.3287359342912,2003.395813278576,2003.395813278576,2003.4231917864472,2003.395813278576,2003.4231917864472,2009.6947912805822,2003.8423989920352,2009.6947912805822,-6.298978002006152,6.298978002006152,False,False,0.027378507871162583,5.85239228854698,1.0
sim0006_ME,1801,29.99726201232056,2,2sm,2.91621449876162,4.999999999999999,10.286370232731164,True,0.9998433482123147,9.303198224940669,10.0,2001.3287359342912,2003.395813278576,2003.395813278576,2003.4231917864472,2003.395813278576,2003.4231917864472,2009.6947912805822,2003.8423989920352,2009.6947912805822,-6.298978002006152,6.298978002006152,False,False,0.027378507871162583,5.85239228854698,1.0
sim0006_ME,1801,29.99726201232056,2,2sm,2.91621449876162,4.999999999999999,10.286370232731164,True,0.9998433482123147,9.303198224940669,10.75203066392919,2001.3287359342912,2003.395813278576,2003.395813278576,2003.4231917864472,2003.395813278576,2003.4231917864472,2009.6947912805822,2003.8423989920352,2009.6947912805822,-6.298978002006152,6.298978002006152,False,False,0.027378507871162583,5.85239228854698,1.0
sim0006_ME,1801,29.99726201232056,3,3sml,2.911486846569658,4.999999999999999,10.303073169526295,True,0.9994450566101537,8.630728162068142,1.0,2006.0900757289533,2006.2475021492135,2006.2475021492135,2006.2475021492135,2006.2475021492135,2006.3296376728274,2006.3334172481862,2006.3184111141125,2006.3334172481862,-0.08591509897269134,0.08591509897269134,False,False,0.0,0.015006134073701105,1.0
sim0006_ME,1801,29.99726201232056,3,3sml,2.911486846569658,4.999999999999999,10.303073169526295,True,0.9994450566101537,8.630728162068142,2.0,2006.0900757289533,2006.2475021492135,2006.2475021492135,2006.2475021492135,2006.2475021492135,2006.3296376728274,2007.8040183873593,2006.3184111141125,2007.819024521433,-1.5565162381458322,1.5565162381458322,False,False,0.0,1.500613407320543,1.0
sim0006_ME,1801,29.99726201232056,3,3sml,2.911486846569658,4.999999999999999,10.303073169526295,True,0.9994450566101537,8.630728162068142,3.0,2006.0900757289533,2006.2475021492135,2006.2475021492135,2006.2475021492135,2006.2475021492135,2006.3296376728274,2007.8040183873593,2006.3184111141125,2007.819024521433,-1.5565162381458322,1.5565162381458322,False,False,0.0,1.500613407320543,1.0
sim0006_ME,1801,29.99726201232056,3,3sml,2.911486846569658,4.999999999999999,10.303073169526295,True,0.9994450566101537,8.630728162068142,4.0,2006.0900757289533,2006.2475021492135,2006.2475021492135,2006.2475021492135,2006.2475021492135,2006.3296376728274,2007.819024521433,2007.7890122532858,2009.2446072583866,-1.5715223722195333,1.5715223722195333,False,False,0.0,1.455595005100804,1.0
sim0006_ME,1801,29.99726201232056,3,3sml,2.911486846569658,4.999999999999999,10.303073169526295,True,0.9994450566101537,8.630728162068142,5.0,2006.0900757289533,2006.2475021492135,2006.2475021492135,2006.2475021492135,2006.2475021492135,2006.3296376728274,2007.819024521433,2007.8040183873593,2010.71520839756,-1.5715223722195333,1.5715223722195333,False,False,0.0,2.9111900102006985,1.0
sim0006_ME,1801,29.99726201232056,3,3sml,2.911486846569658,4.999999999999999,10.303073169526295,True,0.9994450566101537,8.630728162068142,5.990690869267155,2006.0900757289533,2006.2475021492135,2006.2475021492135,2006.2475021492135,2006.2475021492135,2006.3296376728274,2007.819024521433,2007.8040183873593,2010.71520839756,-1.5715223722195333,1.5715223722195333,False,False,0.0,2.9111900102006985,1.0
sim0006_ME,1801,29.99726201232056,4,2sm,2.9146132570542487,4.999999999999999,10.292021399311928,True,0.9999631751197555,8.666421255840953,1.0,2010.3366760574945,2011.3359915947976,2011.3359915947976,2011.3359915947976,2011.3359915947976,2011.3359915947976,2011.3304598945601,2011.3304598945601,2011.3304598945601,0.0055317002374977164,0.0055317002374977164,False,False,0.0,0.0,1.0
sim0006_ME,1801,29.99726201232056,4,2sm,2.9146132570542487,4.999999999999999,10.292021399311928,True,0.9999631751197555,8.666421255840953,1.7440905407258924,2010.3366760574945,2012.0752113073233,2012.0752113073233,2012.0752113073233,2012.0752113073233,2012.0752113073233,2012.0807665982204,2012.0807665982204,2012.0807665982204,-0.005555290897063969,0.005555290897063969,False,False,0.0,0.0,1.0
sim0007_K,1801,29.99726201232056,0,3sml,5.810567872216009,4.999999999999999,5.162535344566991,True,0.9769087688094948,3.959177037379047,1.0,1993.081953045859,1994.0812685831625,1994.0812685831625,1994.0812685831625,1994.0812685831625,1994.0812685831625,1993.683246224481,1993.683246224481,1993.7282646267008,0.3980223586813736,0.3980223586813736,False,False,0.0,0.04501840221973907,1.0
sim0007_K,1801,29.99726201232056,0,3sml,5.810567872216009,4.999999999999999,5.162535344566991,True,0.9769087688094948,3.959177037379047,2.0,1993.081953045859,1995.06689486653,1995.06689486653,1995.06689486653,1995.06689486653,1995.06689486653,1993.683246224481,1993.683246224481,1995.078816693289,1.383648642048911,1.383648642048911,False,False,0.0,1.3955704688078185,1.0
sim0007_K,1801,29.99726201232056,0,3sml,5.810567872216009,4.999999999999999,5.162535344566991,True,0.9769087688094948,3.959177037379047,3.0,1993.081953045859,1996.079899657769,1996.079899657769,1996.079899657769,1996.079899657769,1996.079899657769,1995.6190375199237,1995.513994581411,1995.6190375199237,0.46086213784519714,0.46086213784519714,False,False,0.0,0.1050429385127245,1.0
sim0007_K,1801,29.99726201232056,0,3sml,5.810567872216009,4.999999999999999,5.162535344566991,True,0.9769087688094948,3.959177037379047,4.0,1993.081953045859,1996.2167921971254,1996.189413689254,1996.2715492128682,1996.1346566735115,1996.3263062286107,1995.6190375199237,1995.513994581411,1995.6190375199237,0.5977546772016922,0.5977546772016922,False,False,0.08213552361416987,0.1050429385127245,1.0
sim0007_K,1801,29.99726201232056,0,3sml,5.810567872216009,4.999999999999999,5.162535344566991,True,0.9769087688094948,3.959177037379047,5.0,1993.081953045859,1996.2167921971254,1996.189413689254,1996.2715492128682,1996.1346566735115,1996.3263062286107,1995.6190375199237,1995.513994581411,1995.6190375199237,0.5977546772016922,0.5977546772016922,False,False,0.08213552361416987,0.1050429385127245,1.0
sim0007_K,1801,29.99726201232056,0,3sml,5.810567872216009,4.999999999999999,5.162535344566991,True,0.9769087688094948,3.959177037379047,6.0,1993.081953045859,1996.2167921971254,1996.189413689254,1996.2715492128682,1996.1346566735115,1996.3263062286107,1995.6190375199237,1995.513994581411,1995.6190375199237,0.5977546772016922,0.5977546772016922,False,False,0.08213552361416987,0.1050429385127245,1.0
sim0007_K,1801,29.99726201232056,0,3sml,5.810567872216009,4.999999999999999,5.162535344566991,True,0.9769087688094948,3.959177037379047,7.0,1993.081953045859,1996.2167921971254,1996.189413689254,1996.2715492128682,1996.1346566735115,1996.3263062286107,1995.6190375199237,1995.513994581411,1995.6190375199237,0.5977546772016922,0.5977546772016922,False,False,0.08213552361416987,0.1050429385127245,1.0
sim0007_K,1801,29.99726201232056,0,3sml,5.810567872216009,4.999999999999999,5.162535344566991,True,0.9769087688094948,3.959177037379047,8.0,1993.081953045859,1996.2167921971254,1996.189413689254,1996.2715492128682,1996.1346566735115,1996.3263062286107,1995.6190375199237,1995.513994581411,1995.6190375199237,0.5977546772016922,0.5977546772016922,False,False,0.08213552361416987,0.1050429385127245,1.0
sim0007_K,1801,29.99726201232056,0,3sml,5.810567872216009,4.999999999999999,5.162535344566991,True,0.9769087688094948,3.959177037379047,9.0,1993.081953045859,1996.2167921971254,1996.189413689254,1996.2715492128682,1996.1346566735115,1996.3263062286107,1995.6190375199237,1995.513994581411,2001.5164482106902,0.5977546772016922,0.5977546772016922,False,False,0.08213552361416987,6.002453629279216,1.0
sim0007_K,1801,29.99726201232056,0,3sml,5.810567872216009,4.999999999999999,5.162535344566991,True,0.9769087688094948,3.959177037379047,10.0,1993.081953045859,1996.2167921971254,1996.189413689254,1996.2715492128682,1996.1346566735115,1996.3263062286107,1995.6190375199237,1995.513994581411,2001.5164482106902,0.5977546772016922,0.5977546772016922,False,False,0.08213552361416987,6.002453629279216,1.0
sim0007_K,1801,29.99726201232056,0,3sml,5.810567872216009,4.999999999999999,5.162535344566991,True,0.9769087688094948,3.959177037379047,11.0,1993.081953045859,1996.2167921971254,1996.189413689254,1996.2715492128682,1996.1346566735115,1996.3263062286107,1995.6190375199237,1995.513994581411,2001.5164482106902,0.5977546772016922,0.5977546772016922,False,False,0.08213552361416987,6.002453629279216,1.0
sim0007_K,1801,29.99726201232056,0,3sml,5.810567872216009,4.999999999999999,5.162535344566991,True,0.9769087688094948,3.959177037379047,12.0,1993.081953045859,1996.2167921971254,1996.189413689254,1996.2715492128682,1996.1346566735115,1996.3263062286107,1995.6190375199237,1995.513994581411,2001.5164482106902,0.5977546772016922,0.5977546772016922,False,False,0.08213552361416987,6.002453629279216,1.0
sim0007_K,1801,29.99726201232056,0,3sml,5.810567872216009,4.999999999999999,5.162535344566991,True,0.9769087688094948,3.959177037379047,13.0,1993.081953045859,1996.2167921971254,1996.189413689254,1996.2715492128682,1996.1346566735115,1996.3263062286107,1995.6190375199237,1995.513994581411,2001.5164482106902,0.5977546772016922,0.5977546772016922,False,False,0.08213552361416987,6.002453629279216,1.0
sim0007_K,1801,29.99726201232056,0,3sml,5.810567872216009,4.999999999999999,5.162535344566991,True,0.9769087688094948,3.959177037379047,14.0,1993.081953045859,1996.2167921971254,1996.189413689254,1996.2715492128682,1996.1346566735115,1996.3263062286107,1995.6190375199237,1995.513994581411,2001.5164482106902,0.5977546772016922,0.5977546772016922,False,False,0.08213552361416987,6.002453629279216,1.0
sim0007_K,1801,29.99726201232056,0,3sml,5.810567872216009,4.999999999999999,5.162535344566991,True,0.9769087688094948,3.959177037379047,15.0,1993.081953045859,1996.2167921971254,1996.189413689254,1996.2715492128682,1996.1346566735115,1996.3263062286107,2001.5164482106902,1995.6190375199237,2007.4288650355293,-5.2996560135648,5.2996560135648,False,False,0.08213552361416987,11.809827515605548,1.0
sim0007_K,1801,29.99726201232056,0,3sml,5.810567872216009,4.999999999999999,5.162535344566991,True,0.9769087688094948,3.959177037379047,16.0,1993.081953045859,1996.2167921971254,1996.189413689254,1996.2715492128682,1996.1346566735115,1996.3263062286107,2001.5164482106902,1995.6190375199237,2007.4288650355293,-5.2996560135648,5.2996560135648,False,False,0.08213552361416987,11.809827515605548,1.0
sim0007_K,1801,29.99726201232056,0,3sml,5.810567872216009,4.999999999999999,5.162535344566991,True,0.9769087688094948,3.959177037379047,17.0,1993.081953045859,1996.2167921971254,1996.189413689254,1996.2715492128682,1996.1346566735115,1996.3263062286107,2001.5164482106902,1995.6190375199237,2007.4288650355293,-5.2996560135648,5.2996560135648,False,False,0.08213552361416987,11.809827515605548,1.0
sim0007_K,1801,29.99726201232056,0,3sml,5.810567872216009,4.999999999999999,5.162535344566991,True,0.9769087688094948,3.959177037379047,18.0,1993.081953045859,1996.2167921971254,1996.189413689254,1996.2715492128682,1996.1346566735115,1996.3263062286107,2001.5164482106902,1995.6190375199237,2007.4288650355293,-5.2996560135648,5.2996560135648,False,False,0.08213552361416987,11.809827515605548,1.0
sim0007_K,1801,29.99726201232056,0,3sml,5.810567872216009,4.999999999999999,5.162535344566991,True,0.9769087688094948,3.959177037379047,18.998813552361298,1993.081953045859,1996.2167921971254,1996.189413689254,1996.2715492128682,1996.1346566735115,1996.3263062286107,2001.5164482106902,1995.6190375199237,2007.4288650355293,-5.2996560135648,5.2996560135648,False,False,0.08213552361416987,11.809827515605548,1.0
sim0007_K,1801,29.99726201232056,1,2sm,5.667205435813011,4.999999999999999,5.293131218211642,True,0.9993702917868632,3.8544724887356687,1.0,1997.0821355783714,1997.1574264750175,1997.1574264750175,1997.1574264750175,1997.1574264750175,1997.1574264750175,1998.0800435079273,1998.0800435079273,1998.0800435079273,-0.922617032909784,0.922617032909784,False,False,0.0,0.0,1.0
sim0007_K,1801,29.99726201232056,1,2sm,5.667205435813011,4.999999999999999,5.293131218211642,True,0.9993702917868632,3.8544724887356687,2.0,1997.0821355783714,1997.1574264750175,1997.1574264750175,1997.1574264750175,1997.1574264750175,1997.1574264750175,1998.6802888708553,1998.6802888708553,1998.6952950049288,-1.5228623958378193,1.5228623958378193,False,False,0.0,0.015006134073473731,1.0
sim0007_K,1801,29.99726201232056,1,2sm,5.667205435813011,4.999999999999999,5.293131218211642,True,0.9993702917868632,3.8544724887356687,3.0,1997.0821355783714,1997.1574264750175,1997.1574264750175,1997.1574264750175,1997.1574264750175,1997.1574264750175,2000.0608532055894,2000.0608532055894,2000.0758593396629,-2.903426730571937,2.903426730571937,False,False,0.0,0.015006134073473731,1.0
sim0007_K,1801,29.99726201232056,1,2sm,5.667205435813011,4.999999999999999,5.293131218211642,True,0.9993702917868632,3.8544724887356687,4.0,1997.0821355783714,2001.0657084736486,2001.0657084736486,2001.0657084736486,2001.0657084736486,2001.0657084736486,2000.0608532055894,2000.0608532055894,2000.0758593396629,1.0048552680591456,1.0048552680591456,False,False,0.0,0.015006134073473731,1.0
sim0007_K,1801,29.99726201232056,1,2sm,5.667205435813011,4.999999999999999,5.293131218211642,True,0.9993702917868632,3.8544724887356687,5.0,1997.0821355783714,2001.5859001232036,2001.5859001232036,2001.613278631075,2001.5585216153324,2001.613278631075,2001.7265340877145,2001.7265340877145,2001.741540221788,-0.14063396451092558,0.14063396451092558,False,False,0.027378507871389957,0.015006134073473731,1.0
sim0007_K,1801,29.99726201232056,1,2sm,5.667205435813011,4.999999999999999,5.293131218211642,True,0.9993702917868632,3.8544724887356687,6.0,1997.0821355783714,2001.5859001232036,2001.5859001232036,2001.613278631075,2001.5585216153324,2001.613278631075,2001.7265340877145,2001.7265340877145,2001.741540221788,-0.14063396451092558,0.14063396451092558,False,False,0.027378507871389957,0.015006134073473731,1.0
sim0007_K,1801,29.99726201232056,1,2sm,5.667205435813011,4.999999999999999,5.293131218211642,True,0.9993702917868632,3.8544724887356687,7.0,1997.0821355783714,2001.5859001232036,2001.5859001232036,2001.613278631075,2001.5585216153324,2001.613278631075,2001.7265340877145,2001.7265340877145,2001.741540221788,-0.14063396451092558,0.14063396451092558,False,False,0.027378507871389957,0.015006134073473731,1.0
sim0007_K,1801,29.99726201232056,1,2sm,5.667205435813011,4.999999999999999,5.293131218211642,True,0.9993702917868632,3.8544724887356687,8.0,1997.0821355783714,2001.5859001232036,2001.5859001232036,2001.613278631075,2001.5585216153324,2001.613278631075,2001.7265340877145,2001.7265340877145,2001.741540221788,-0.14063396451092558,0.14063396451092558,False,False,0.027378507871389957,0.015006134073473731,1.0
sim0007_K,1801,29.99726201232056,1,2sm,5.667205435813011,4.999999999999999,5.293131218211642,True,0.9993702917868632,3.8544724887356687,9.0,1997.0821355783714,2001.5859001232036,2001.5859001232036,2001.613278631075,2001.5585216153324,2001.613278631075,2001.7265340877145,2001.7265340877145,2001.741540221788,-0.14063396451092558,0.14063396451092558,False,False,0.027378507871389957,0.015006134073473731,1.0
sim0007_K,1801,29.99726201232056,1,2sm,5.667205435813011,4.999999999999999,5.293131218211642,True,0.9993702917868632,3.8544724887356687,10.0,1997.0821355783714,2001.5859001232036,2001.5859001232036,2001.613278631075,2001.5585216153324,2001.613278631075,2001.7265340877145,2001.7265340877145,2001.741540221788,-0.14063396451092558,0.14063396451092558,False,False,0.027378507871389957,0.015006134073473731,1.0
sim0007_K,1801,29.99726201232056,1,2sm,5.667205435813011,4.999999999999999,5.293131218211642,True,0.9993702917868632,3.8544724887356687,11.0,1997.0821355783714,2001.5859001232036,2001.5859001232036,2001.613278631075,2001.5585216153324,2001.613278631075,2007.3088159629442,2007.3088159629442,2007.3238220970165,-5.722915839740608,5.722915839740608,False,False,0.027378507871389957,0.015006134072336863,1.0
sim0007_K,1801,29.99726201232056,1,2sm,5.667205435813011,4.999999999999999,5.293131218211642,True,0.9993702917868632,3.8544724887356687,12.0,1997.0821355783714,2001.5859001232036,2001.5859001232036,2001.613278631075,2001.5585216153324,2001.613278631075,2007.3088159629442,2007.3088159629442,2007.3238220970165,-5.722915839740608,5.722915839740608,False,False,0.027378507871389957,0.015006134072336863,1.0
sim0007_K,1801,29.99726201232056,1,2sm,5.667205435813011,4.999999999999999,5.293131218211642,True,0.9993702917868632,3.8544724887356687,13.0,1997.0821355783714,2001.5859001232036,2001.5859001232036,2001.613278631075,2001.5585216153324,2001.613278631075,2007.3088159629442,2007.3088159629442,2007.3238220970165,-5.722915839740608,5.722915839740608,False,False,0.027378507871389957,0.015006134072336863,1.0
sim0007_K,1801,29.99726201232056,1,2sm,5.667205435813011,4.999999999999999,5.293131218211642,True,0.9993702917868632,3.8544724887356687,14.0,1997.0821355783714,2001.5859001232036,2001.5859001232036,2001.613278631075,2001.5585216153324,2001.613278631075,2007.3088159629442,2007.3088159629442,2007.3238220970165,-5.722915839740608,5.722915839740608,False,False,0.027378507871389957,0.015006134072336863,1.0
sim0007_K,1801,29.99726201232056,1,2sm,5.667205435813011,4.999999999999999,5.293131218211642,True,0.9993702917868632,3.8544724887356687,14.998631019848972,1997.0821355783714,2001.5859001232036,2001.5859001232036,2001.613278631075,2001.5585216153324,2001.613278631075,2007.3088159629442,2007.3088159629442,2007.3238220970165,-5.722915839740608,5.722915839740608,False,False,0.027378507871389957,0.015006134072336863,1.0
sim0007_K,1801,29.99726201232056,2,3sml,5.657181909629677,4.999999999999999,5.302509710932064,True,0.9999691405884243,3.6811183979606446,1.0,2001.3287359342912,2001.5682978781654,2001.5682978781654,2001.5682978781654,2001.4861623545514,2001.5682978781654,2001.5764727469823,2001.5764727469823,2001.5764727469823,-0.008174868816922753,0.008174868816922753,False,False,0.0,0.0,1.0
sim0007_K,1801,29.99726201232056,2,3sml,5.657181909629677,4.999999999999999,5.302509710932064,True,0.9999691405884243,3.6811183979606446,2.0,2001.3287359342912,2001.5682978781654,2001.5682978781654,2001.5682978781654,2001.4861623545514,2001.5682978781654,2001.5764727469823,2001.5764727469823,2001.5764727469823,-0.008174868816922753,0.008174868816922753,False,False,0.0,0.0,1.0
sim0007_K,1801,29.99726201232056,2,3sml,5.657181909629677,4.999999999999999,5.302509710932064,True,0.9999691405884243,3.6811183979606446,3.0,2001.3287359342912,2001.5682978781654,2001.5682978781654,2001.5682978781654,2001.4861623545514,2001.5682978781654,2001.5764727469823,2001.5764727469823,2001.5764727469823,-0.008174868816922753,0.008174868816922753,False,False,0.0,0.0,1.0
sim0007_K,1801,29.99726201232056,2,3sml,5.657181909629677,4.999999999999999,5.302509710932064,True,0.9999691405884243,3.6811183979606446,4.0,2001.3287359342912,2001.5682978781654,2001.5682978781654,2001.5682978781654,2001.4861623545514,2001.5682978781654,2001.5764727469823,2001.5764727469823,2001.5764727469823,-0.008174868816922753,0.008174868816922753,False,False,0.0,0.0,1.0
sim0007_K,1801,29.99726201232056,2,3sml,5.657181909629677,4.999999999999999,5.302509710932064,True,0.9999691405884243,3.6811183979606446,5.0,2001.3287359342912,2001.5682978781654,2001.5682978781654,2001.5682978781654,2001.4861623545514,2001.5682978781654,2001.5764727469823,2001.5764727469823,2001.5764727469823,-0.008174868816922753,0.008174868816922753,False,False,0.0,0.0,1.0
sim0007_K,1801,29.99726201232056,2,3sml,5.657181909629677,4.999999999999999,5.302509710932064,True,0.9999691405884243,3.6811183979606446,6.0,2001.3287359342912,2001.5682978781654,2001.5682978781654,2001.5682978781654,2001.4861623545514,2001.5682978781654,2007.1587546222117,2007.1587546222117,2007.1587546222117,-5.590456744046378,5.590456744046378,False,False,0.0,0.0,1.0
sim0007_K,1801,29.99726201232056,2,3sml,5.657181909629677,4.999999999999999,5.302509710932064,True,0.9999691405884243,3.6811183979606446,7.0,2001.3287359342912,2001.5682978781654,2001.5682978781654,2001.5682978781654,2001.4861623545514,2001.5682978781654,2007.1587546222117,2007.1587546222117,2007.1587546222117,-5.590456744046378,5.590456744046378,False,False,0.0,0.0,1.0
sim0007_K,1801,29.99726201232056,2,3sml,5.657181909629677,4.999999999999999,5.302509710932064,True,0.9999691405884243,3.6811183979606446,8.0,2001.3287359342912,2001.5682978781654,2001.5682978781654,2001.5682978781654,2001.4861623545514,2001.5682978781654,2007.1587546222117,2007.1587546222117,2007.1587546222117,-5.590456744046378,5.590456744046378,False,False,0.0,0.0,1.0
sim0007_K,1801,29.99726201232056,2,3sml,5.657181909629677,4.999999999999999,5.302509710932064,True,0.9999691405884243,3.6811183979606446,9.0,2001.3287359342912,2001.5682978781654,2001.5682978781654,2001.5682978781654,2001.4861623545514,2001.5682978781654,2007.1587546222117,2007.1587546222117,2007.1587546222117,-5.590456744046378,5.590456744046378,False,False,0.0,0.0,1.0
sim0007_K,1801,29.99726201232056,2,3sml,5.657181909629677,4.999999999999999,5.302509710932064,True,0.9999691405884243,3.6811183979606446,10.0,2001.3287359342912,2001.5682978781654,2001.5682978781654,2001.5682978781654,2001.4861623545514,2001.5682978781654,2007.1587546222117,2007.1587546222117,2007.1587546222117,-5.590456744046378,5.590456744046378,False,False,0.0,0.0,1.0
sim0007_K,1801,29.99726201232056,2,3sml,5.657181909629677,4.999999999999999,5.302509710932064,True,0.9999691405884243,3.6811183979606446,10.75203066392919,2001.3287359342912,2001.5682978781654,2001.5682978781654,2001.5682978781654,2001.4861623545514,2001.5682978781654,2007.1587546222117,2007.1587546222117,2007.1587546222117,-5.590456744046378,5.590456744046378,False,False,0.0,0.0,1.0
sim0007_K,1801,29.99726201232056,3,3sml,5.631599092535087,4.999999999999999,5.326597564816564,True,0.9992423871855928,4.1942875326091515,1.0,2006.0900757289533,2006.9867218617392,2006.9867218617392,2006.9867218617392,2006.9867218617392,2006.9867218617392,2007.0837239518464,2007.0837239518464,2007.0837239518464,-0.09700209010725303,0.09700209010725303,False,False,0.0,0.0,1.0
sim0007_K,1801,29.99726201232056,3,3sml,5.631599092535087,4.999999999999999,5.326597564816564,True,0.9992423871855928,4.1942875326091515,2.0,2006.0900757289533,2006.9867218617392,2006.9867218617392,2006.9867218617392,2006.9867218617392,2006.9867218617392,2007.1587546222117,2007.1437484881383,2007.1737607562854,-0.17203276047257532,0.17203276047257532,False,False,0.0,0.030012268147174836,1.0
sim0007_K,1801,29.99726201232056,3,3sml,5.631599092535087,4.999999999999999,5.326597564816564,True,0.9992423871855928,4.1942875326091515,3.0,2006.0900757289533,2006.9867218617392,2006.9867218617392,2006.9867218617392,2006.9867218617392,2006.9867218617392,2007.1587546222117,2007.1437484881383,2007.1737607562854,-0.17203276047257532,0.17203276047257532,False,False,0.0,0.030012268147174836,1.0
sim0007_K,1801,29.99726201232056,3,3sml,5.631599092535087,4.999999999999999,5.326597564816564,True,0.9992423871855928,4.1942875326091515,4.0,2006.0900757289533,2006.9867218617392,2006.9867218617392,2006.9867218617392,2006.9867218617392,2006.9867218617392,2007.1587546222117,2007.1437484881383,2007.1737607562854,-0.17203276047257532,0.17203276047257532,False,False,0.0,0.030012268147174836,1.0
sim0007_K,1801,29.99726201232056,3,3sml,5.631599092535087,4.999999999999999,5.326597564816564,True,0.9992423871855928,4.1942875326091515,5.0,2006.0900757289533,2006.9867218617392,2006.9867218617392,2006.9867218617392,2006.9867218617392,2006.9867218617392,2007.1587546222117,2007.1437484881383,2007.1737607562854,-0.17203276047257532,0.17203276047257532,False,False,0.0,0.030012268147174836,1.0
sim0007_K,1801,29.99726201232056,3,3sml,5.631599092535087,4.999999999999999,5.326597564816564,True,0.9992423871855928,4.1942875326091515,5.990690869267155,2006.0900757289533,2006.9867218617392,2006.9867218617392,2006.9867218617392,2006.9867218617392,2006.9867218617392,2007.1587546222117,2007.1437484881383,2007.1737607562854,-0.17203276047257532,0.17203276047257532,False,False,0.0,0.030012268147174836,1.0
sim0007_K,1801,29.99726201232056,4,3sml,5.6624754354381786,4.999999999999999,5.2975526965794755,True,0.9987358260294147,4.293579883502741,1.0,2010.3366760574945,2011.3359915947976,2011.3359915947976,2011.3359915947976,2011.3359915947976,2011.3359915947976,2011.3304598945601,2011.3304598945601,2011.3304598945601,0.0055317002374977164,0.0055317002374977164,False,False,0.0,0.0,1.0
sim0007_K,1801,29.99726201232056,4,3sml,5.6624754354381786,4.999999999999999,5.2975526965794755,True,0.9987358260294147,4.293579883502741,1.7440905407258924,2010.3366760574945,2012.0752113073233,2012.0752113073233,2012.0752113073233,2012.0752113073233,2012.0752113073233,2012.0807665982204,2012.0807665982204,2012.0807665982204,-0.005555290897063969,0.005555290897063969,False,False,0.0,0.0,1.0
sim0008_MM,1801,29.99726201232056,0,3sml,8.389905827231395,4.999999999999999,3.5753991320090215,True,0.9997295458381493,12.985195505011566,1.0,1993.081953045859,1994.0812685831625,1994.0812685831625,1994.0812685831625,1993.1572439425054,1994.0812685831625,1994.0734057103837,1994.0734057103837,1994.0734057103837,0.007862872778787278,0.007862872778787278,False,True,0.0,0.0,1.0
sim0008_MM,1801,29.99726201232056,0,3sml,8.389905827231395,4.999999999999999,3.5753991320090215,True,0.9997295458381493,12.985195505011566,2.0,1993.081953045859,1995.06689486653,1995.06689486653,1995.06689486653,1993.1572439425054,1995.06689486653,1994.8837369503372,1994.8837369503372,1994.8987430844095,0.18315791619284028,0.18315791619284028,False,True,0.0,0.015006134072336863,1.0
sim0008_MM,1801,29.99726201232056,0,3sml,8.389905827231395,4.999999999999999,3.5753991320090215,True,0.9997295458381493,12.985195505011566,3.0,1993.081953045859,1995.5597080082136,1995.4775724845997,1995.669222039699,1993.1572439425054,1996.0251426420261,1994.8837369503372,1994.8837369503372,1994.8987430844095,0.6759710578764953,0.6759710578764953,False,True,0.19164955509927495,0.015006134072336863,1.0
sim0008_MM,1801,29.99726201232056,0,3sml,8.389905827231395,4.999999999999999,3.5753991320090215,True,0.9997295458381493,12.985195505011566,4.0,1993.081953045859,1995.5597080082136,1995.4775724845997,1995.669222039699,1993.1572439425054,1996.0251426420261,1994.8837369503372,1994.8837369503372,1994.8987430844095,0.6759710578764953,0.6759710578764953,False,True,0.19164955509927495,0.015006134072336863,1.0
sim0008_MM,1801,29.99726201232056,0,3sml,8.389905827231395,4.999999999999999,3.5753991320090215,True,0.9997295458381493,12.985195505011566,5.0,1993.081953045859,1995.5597080082136,1995.4775724845997,1995.669222039699,1993.1572439425054,1996.0251426420261,1994.8837369503372,1994.8837369503372,1994.8987430844095,0.6759710578764953,0.6759710578764953,False,True,0.19164955509927495,0.015006134072336863,1.0
sim0008_MM,1801,29.99726201232056,0,3sml,8.389905827231395,4.999999999999999,3.5753991320090215,True,0.9997295458381493,12.985195505011566,6.0,1993.081953045859,1995.5597080082136,1995.4775724845997,1995.669222039699,1993.1572439425054,1996.0251426420261,1994.8837369503372,1994.8837369503372,1994.8987430844095,0.6759710578764953,0.6759710578764953,False,True,0.19164955509927495,0.015006134072336863,1.0
sim0008_MM,1801,29.99726201232056,0,3sml,8.389905827231395,4.999999999999999,3.5753991320090215,True,0.9997295458381493,12.985195505011566,7.0,1993.081953045859,1995.5597080082136,1995.4775724845997,1995.669222039699,1993.1572439425054,1996.0251426420261,1994.8837369503372,1994.8837369503372,1994.8987430844095,0.6759710578764953,0.6759710578764953,False,True,0.19164955509927495,0.015006134072336863,1.0
sim0008_MM,1801,29.99726201232056,0,3sml,8.389905827231395,4.999999999999999,3.5753991320090215,True,0.9997295458381493,12.985195505011566,8.0,1993.081953045859,1995.5597080082136,1995.4775724845997,1995.669222039699,1993.1572439425054,1996.0251426420261,1994.8837369503372,1994.8837369503372,1994.8987430844095,0.6759710578764953,0.6759710578764953,False,True,0.19164955509927495,0.015006134072336863,1.0
sim0008_MM,1801,29.99726201232056,0,3sml,8.389905827231395,4.999999999999999,3.5753991320090215,True,0.9997295458381493,12.985195505011566,9.0,1993.081953045859,1995.5597080082136,1995.4775724845997,1995.669222039699,1993.1572439425054,1996.0251426420261,1994.8837369503372,1994.8837369503372,1994.8987430844095,0.6759710578764953,0.6759710578764953,False,True,0.19164955509927495,0.015006134072336863,1.0
sim0008_MM,1801,29.99726201232056,0,3sml,8.389905827231395,4.999999999999999,3.5753991320090215,True,0.9997295458381493,12.985195505011566,10.0,1993.081953045859,1995.5597080082136,1995.4775724845997,1995.669222039699,1993.1572439425054,1996.0251426420261,2002.9270248135704,1994.8837369503372,2002.9270248135704,-7.367316805356722,7.367316805356722,False,False,0.19164955509927495,8.043287863233218,1.0
sim0008_MM,1801,29.99726201232056,0,3sml,8.389905827231395,4.999999999999999,3.5753991320090215,True,0.9997295458381493,12.985195505011566,11.0,1993.081953045859,1995.5597080082136,1995.4775724845997,1995.669222039699,1993.1572439425054,1996.0251426420261,2002.9270248135704,1994.8837369503372,2002.9270248135704,-7.367316805356722,7.367316805356722,False,False,0.19164955509927495,8.043287863233218,1.0
sim0008_MM,1801,29.99726201232056,0,3sml,8.389905827231395,4.999999999999999,3.5753991320090215,True,0.9997295458381493,12.985195505011566,12.0,1993.081953045859,1995.5597080082136,1995.4775724845997,1995.669222039699,1993.1572439425054,1996.0251426420261,2002.9270248135704,1994.8837369503372,2002.9270248135704,-7.367316805356722,7.367316805356722,False,False,0.19164955509927495,8.043287863233218,1.0
sim0008_MM,1801,29.99726201232056,0,3sml,8.389905827231395,4.999999999999999,3.5753991320090215,True,0.9997295458381493,12.985195505011566,13.0,1993.081953045859,1995.5597080082136,1995.4775724845997,1995.669222039699,1993.1572439425054,1996.0251426420261,2002.9270248135704,1994.8837369503372,2002.9270248135704,-7.367316805356722,7.367316805356722,False,False,0.19164955509927495,8.043287863233218,1.0
sim0008_MM,1801,29.99726201232056,0,3sml,8.389905827231395,4.999999999999999,3.5753991320090215,True,0.9997295458381493,12.985195505011566,14.0,1993.081953045859,1995.5597080082136,1995.4775724845997,1995.669222039699,1993.1572439425054,1996.0251426420261,2002.9270248135704,1994.8837369503372,2002.9270248135704,-7.367316805356722,7.367316805356722,False,False,0.19164955509927495,8.043287863233218,1.0
sim0008_MM,1801,29.99726201232056,0,3sml,8.389905827231395,4.999999999999999,3.5753991320090215,True,0.9997295458381493,12.985195505011566,15.0,1993.081953045859,1995.5597080082136,1995.4775724845997,1995.669222039699,1993.1572439425054,1996.0251426420261,2002.9270248135704,1994.8837369503372,2002.9270248135704,-7.367316805356722,7.367316805356722,False,False,0.19164955509927495,8.043287863233218,1.0
sim0008_MM,1801,29.99726201232056,0,3sml,8.389905827231395,4.999999999999999,3.5753991320090215,True,0.9997295458381493,12.985195505011566,16.0,1993.081953045859,1995.5597080082136,1995.4775724845997,1995.669222039699,1993.1572439425054,1996.0251426420261,2002.9270248135704,1994.8837369503372,2002.9270248135704,-7.367316805356722,7.367316805356722,False,False,0.19164955509927495,8.043287863233218,1.0
sim0008_MM,1801,29.99726201232056,0,3sml,8.389905827231395,4.999999999999999,3.5753991320090215,True,0.9997295458381493,12.985195505011566,17.0,1993.081953045859,1995.5597080082136,1995.4775724845997,1995.669222039699,1993.1572439425054,1996.0251426420261,2002.9270248135704,1994.8837369503372,2002.9270248135704,-7.367316805356722,7.367316805356722,False,False,0.19164955509927495,8.043287863233218,1.0
sim0008_MM,1801,29.99726201232056,0,3sml,8.389905827231395,4.999999999999999,3.5753991320090215,True,0.9997295458381493,12.985195505011566,18.0,1993.081953045859,1995.5597080082136,1995.4775724845997,1995.669222039699,1993.1572439425054,1996.0251426420261,2002.9270248135704,1994.8837369503372,2010.95530654273,-7.367316805356722,7.367316805356722,False,False,0.19164955509927495,16.07156959239296,1.0
sim0008_MM,1801,29.99726201232056,0,3sml,8.389905827231395,4.999999999999999,3.5753991320090215,True,0.9997295458381493,12.985195505011566,18.998813552361298,1993.081953045859,1995.5597080082136,1995.4775724845997,1995.669222039699,1993.1572439425054,1996.0251426420261,2002.9270248135704,1994.8837369503372,2010.95530654273,-7.367316805356722,7.367316805356722,False,False,0.19164955509927495,16.07156959239296,1.0
sim0008_MM,1801,29.99726201232056,1,2sm,7.85677735651135,4.999999999999999,3.8180109542572382,True,0.9997147512560965,10.945761129921229,1.0,1997.0821355783714,1997.1574264750175,1997.1574264750175,1997.1574264750175,1997.1574264750175,1997.1574264750175,1997.0896386590969,1997.0896386590969,1997.0896386590969,0.06778781592061023,0.06778781592061023,False,False,0.0,0.0,1.0
sim0008_MM,1801,29.99726201232056,1,2sm,7.85677735651135,4.999999999999999,3.8180109542572382,True,0.9997147512560965,10.945761129921229,2.0,1997.0821355783714,1997.1574264750175,1997.1574264750175,1997.1574264750175,1997.1574264750175,1997.1574264750175,1997.0896386590969,1997.0896386590969,1997.0896386590969,0.06778781592061023,0.06778781592061023,False,False,0.0,0.0,1.0
sim0008_MM,1801,29.99726201232056,1,2sm,7.85677735651135,4.999999999999999,3.8180109542572382,True,0.9997147512560965,10.945761129921229,3.0,1997.0821355783714,1997.1574264750175,1997.1574264750175,1997.1574264750175,1997.1574264750175,1997.1574264750175,1997.0896386590969,1997.0896386590969,1997.0896386590969,0.06778781592061023,0.06778781592061023,False,False,0.0,0.0,1.0
sim0008_MM,1801,29.99726201232056,1,2sm,7.85677735651135,4.999999999999999,3.8180109542572382,True,0.9997147512560965,10.945761129921229,4.0,1997.0821355783714,1997.1574264750175,1997.1574264750175,2001.0657084736486,1997.1574264750175,2001.0657084736486,2001.081270322567,2001.081270322567,2001.081270322567,-3.923843847549506,3.923843847549506,False,False,3.9082819986310824,0.0,1.0
sim0008_MM,1801,29.99726201232056,1,2sm,7.85677735651135,4.999999999999999,3.8180109542572382,True,0.9997147512560965,10.945761129921229,5.0,1997.0821355783714,2002.0787132648875,1997.1574264750175,2002.0787132648875,1997.1574264750175,2002.0787132648875,2002.0716751713987,2002.0716751713987,2002.0716751713987,0.0070380934887452895,0.0070380934887452895,True,True,4.92128678987001,0.0,1.0
sim0008_MM,1801,29.99726201232056,1,2sm,7.85677735651135,4.999999999999999,3.8180109542572382,True,0.9997147512560965,10.945761129921229,6.0,1997.0821355783714,2002.9000685010271,2002.8179329774132,2003.0369610403836,1997.1574264750175,2003.064339548255,2002.656914400253,2002.656914400253,2002.656914400253,0.2431541007740634,0.2431541007740634,False,True,0.21902806297043753,0.0,1.0
sim0008_MM,1801,29.99726201232056,1,2sm,7.85677735651135,4.999999999999999,3.8180109542572382,True,0.9997147512560965,10.945761129921229,7.0,1997.0821355783714,2002.9000685010271,2002.8179329774132,2003.0369610403836,1997.1574264750175,2003.1738535797404,2002.656914400253,2002.656914400253,2002.656914400253,0.2431541007740634,0.2431541007740634,False,True,0.21902806297043753,0.0,1.0
sim0008_MM,1801,29.99726201232056,1,2sm,7.85677735651135,4.999999999999999,3.8180109542572382,True,0.9997147512560965,10.945761129921229,8.0,1997.0821355783714,2002.9000685010271,2002.8179329774132,2003.0369610403836,1997.1574264750175,2003.1738535797404,2002.656914400253,2002.656914400253,2002.656914400253,0.2431541007740634,0.2431541007740634,False,True,0.21902806297043753,0.0,1.0
sim0008_MM,1801,29.99726201232056,1,2sm,7.85677735651135,4.999999999999999,3.8180109542572382,True,0.9997147512560965,10.945761129921229,9.0,1997.0821355783714,2002.9000685010271,2002.8179329774132,2003.0369610403836,1997.1574264750175,2003.1738535797404,2002.656914400253,2002.656914400253,2002.656914400253,0.2431541007740634,0.2431541007740634,False,True,0.21902806297043753,0.0,1.0
sim0008_MM,1801,29.99726201232056,1,2sm,7.85677735651135,4.999999999999999,3.8180109542572382,True,0.9997147512560965,10.945761129921229,10.0,1997.0821355783714,2002.9000685010271,2002.8179329774132,2003.0369610403836,1997.1574264750175,2003.1738535797404,2002.656914400253,2002.656914400253,2002.656914400253,0.2431541007740634,0.2431541007740634,False,True,0.21902806297043753,0.0,1.0
sim0008_MM,1801,29.99726201232056,1,2sm,7.85677735651135,4.999999999999999,3.8180109542572382,True,0.9997147512560965,10.945761129921229,11.0,1997.0821355783714,2002.9000685010271,2002.8179329774132,2003.0369610403836,1997.1574264750175,2003.1738535797404,2002.656914400253,2002.656914400253,2002.656914400253,0.2431541007740634,0.2431541007740634,False,True,0.21902806297043753,0.0,1.0
sim0008_MM,1801,29.99726201232056,1,2sm,7.85677735651135,4.999999999999999,3.8180109542572382,True,0.9997147512560965,10.945761129921229,12.0,1997.0821355783714,2002.9000685010271,2002.8179329774132,2003.0369610403836,1997.1574264750175,2003.1738535797404,2002.656914400253,2002.656914400253,2002.656914400253,0.2431541007740634,0.2431541007740634,False,True,0.21902806297043753,0.0,1.0
sim0008_MM,1801,29.99726201232056,1,2sm,7.85677735651135,4.999999999999999,3.8180109542572382,True,0.9997147512560965,10.945761129921229,13.0,1997.0821355783714,2002.9000685010271,2002.8179329774132,2003.0369610403836,1997.1574264750175,2003.1738535797404,2002.656914400253,2002.656914400253,2002.656914400253,0.2431541007740634,0.2431541007740634,False,True,0.21902806297043753,0.0,1.0
sim0008_MM,1801,29.99726201232056,1,2sm,7.85677735651135,4.999999999999999,3.8180109542572382,True,0.9997147512560965,10.945761129921229,14.0,1997.0821355783714,2002.9000685010271,2002.8179329774132,2003.0369610403836,1997.1574264750175,2003.1738535797404,2002.656914400253,2002.656914400253,2002.656914400253,0.2431541007740634,0.2431541007740634,False,True,0.21902806297043753,0.0,1.0
sim0008_MM,1801,29.99726201232056,1,2sm,7.85677735651135,4.999999999999999,3.8180109542572382,True,0.9997147512560965,10.945761129921229,14.998631019848972,1997.0821355783714,2002.9000685010271,2002.8179329774132,2003.0369610403836,1997.1574264750175,2003.1738535797404,2002.656914400253,2002.656914400253,2002.656914400253,0.2431541007740634,0.2431541007740634,False,True,0.21902806297043753,0.0,1.0
sim0008_MM,1801,29.99726201232056,2,3sml,7.745298760408308,4.999999999999999,3.8729638378389937,True,0.9990760458543193,5.156082173374694,1.0,2001.3287359342912,2002.225382067077,2002.225382067077,2002.225382067077,2002.225382067077,2002.3280514715946,2002.3267794506423,2002.3267794506423,2002.3267794506423,-0.10139738356542694,0.10139738356542694,False,True,0.0,0.0,1.0
sim0008_MM,1801,29.99726201232056,2,3sml,7.745298760408308,4.999999999999999,3.8729638378389937,True,0.9990760458543193,5.156082173374694,2.0,2001.3287359342912,2002.225382067077,2002.225382067077,2002.225382067077,2002.225382067077,2002.3280514715946,2002.431822389155,2002.4018101210079,2002.4468285232274,-0.20644032207815144,0.20644032207815144,False,False,0.0,0.0450184022195117,1.0
sim0008_MM,1801,29.99726201232056,2,3sml,7.745298760408308,4.999999999999999,3.8729638378389937,True,0.9990760458543193,5.156082173374694,3.0,2001.3287359342912,2002.225382067077,2002.225382067077,2002.225382067077,2002.225382067077,2002.3280514715946,2002.431822389155,2002.4018101210079,2002.4468285232274,-0.20644032207815144,0.20644032207815144,False,False,0.0,0.0450184022195117,1.0
sim0008_MM,1801,29.99726201232056,2,3sml,7.745298760408308,4.999999999999999,3.8729638378389937,True,0.9990760458543193,5.156082173374694,4.0,2001.3287359342912,2002.225382067077,2002.225382067077,2002.225382067077,2002.225382067077,2002.3280514715946,2002.431822389155,2002.4018101210079,2002.4468285232274,-0.20644032207815144,0.20644032207815144,False,False,0.0,0.0450184022195117,1.0
sim0008_MM,1801,29.99726201232056,2,3sml,7.745298760408308,4.999999999999999,3.8729638378389937,True,0.9990760458543193,5.156082173374694,5.0,2001.3287359342912,2002.225382067077,2002.225382067077,2002.225382067077,2002.225382067077,2002.3280514715946,2002.431822389155,2002.4018101210079,2002.4468285232274,-0.20644032207815144,0.20644032207815144,False,False,0.0,0.0450184022195117,1.0
sim0008_MM,1801,29.99726201232056,2,3sml,7.745298760408308,4.999999999999999,3.8729638378389937,True,0.9990760458543193,5.156082173374694,6.0,2001.3287359342912,2002.225382067077,2002.225382067077,2002.225382067077,2002.225382067077,2002.3280514715946,2002.431822389155,2002.4018101210079,2002.4468285232274,-0.20644032207815144,0.20644032207815144,False,False,0.0,0.0450184022195117,1.0
sim0008_MM,1801,29.99726201232056,2,3sml,7.745298760408308,4.999999999999999,3.8729638378389937,True,0.9990760458543193,5.156082173374694,7.0,2001.3287359342912,2002.225382067077,2002.225382067077,2002.225382067077,2002.225382067077,2002.3280514715946,2002.431822389155,2002.4018101210079,2002.4468285232274,-0.20644032207815144,0.20644032207815144,False,False,0.0,0.0450184022195117,1.0
sim0008_MM,1801,29.99726201232056,2,3sml,7.745298760408308,4.999999999999999,3.8729638378389937,True,0.9990760458543193,5.156082173374694,8.0,2001.3287359342912,2002.225382067077,2002.225382067077,2002.225382067077,2002.225382067077,2002.3280514715946,2002.431822389155,2002.4018101210079,2002.4468285232274,-0.20644032207815144,0.20644032207815144,False,False,0.0,0.0450184022195117,1.0
sim0008_MM,1801,29.99726201232056,2,3sml,7.745298760408308,4.999999999999999,3.8729638378389937,True,0.9990760458543193,5.156082173374694,9.0,2001.3287359342912,2002.225382067077,2002.225382067077,2002.225382067077,2002.225382067077,2002.3280514715946,2010.0999569005583,2002.4018101210079,2010.144975302778,-7.874574833481347,7.874574833481347,False,False,0.0,7.7431651817701095,1.0
sim0008_MM,1801,29.99726201232056,2,3sml,7.745298760408308,4.999999999999999,3.8729638378389937,True,0.9990760458543193,5.156082173374694,10.0,2001.3287359342912,2002.225382067077,2002.225382067077,2002.225382067077,2002.225382067077,2002.3280514715946,2010.0999569005583,2002.4018101210079,2010.144975302778,-7.874574833481347,7.874574833481347,False,False,0.0,7.7431651817701095,1.0
sim0008_MM,1801,29.99726201232056,2,3sml,7.745298760408308,4.999999999999999,3.8729638378389937,True,0.9990760458543193,5.156082173374694,10.75203066392919,2001.3287359342912,2002.225382067077,2002.225382067077,2002.225382067077,2002.225382067077,2002.3280514715946,2010.0999569005583,2002.4018101210079,2010.144975302778,-7.874574833481347,7.874574833481347,False,False,0.0,7.7431651817701095,1.0
sim0008_MM,1801,29.99726201232056,3,3sml,7.701292215797595,4.999999999999999,3.8950946375969777,True,0.9971687721518908,11.778562176808284,1.0,2006.0900757289533,2006.1653666255995,2006.1653666255995,2006.1653666255995,2006.1653666255995,2006.1653666255995,2007.0837239518464,2007.0837239518464,2007.0837239518464,-0.9183573262469054,0.9183573262469054,False,False,0.0,0.0,1.0
sim0008_MM,1801,29.99726201232056,3,3sml,7.701292215797595,4.999999999999999,3.8950946375969777,True,0.9971687721518908,11.778562176808284,2.0,2006.0900757289533,2008.0750175496241,2008.0750175496241,2008.0750175496241,2006.1653666255995,2008.0750175496241,2008.0891349347503,2008.0891349347503,2008.0891349347503,-0.014117385126155568,0.014117385126155568,False,False,0.0,0.0,1.0
sim0008_MM,1801,29.99726201232056,3,3sml,7.701292215797595,4.999999999999999,3.8950946375969777,True,0.9971687721518908,11.778562176808284,3.0,2006.0900757289533,2009.088022340863,2009.088022340863,2009.088022340863,2006.1653666255995,2009.088022340863,2009.0795397835807,2009.0795397835807,2009.0795397835807,0.008482557282377456,0.008482557282377456,False,True,0.0,0.0,1.0
sim0008_MM,1801,29.99726201232056,3,3sml,7.701292215797595,4.999999999999999,3.8950946375969777,True,0.9971687721518908,11.778562176808284,4.0,2006.0900757289533,2010.0736486242306,2010.0736486242306,2010.0736486242306,2010.0736486242306,2010.0736486242306,2010.0849507664848,2010.0849507664848,2010.0849507664848,-0.01130214225418058,0.01130214225418058,False,False,0.0,0.0,1.0
sim0008_MM,1801,29.99726201232056,3,3sml,7.701292215797595,4.999999999999999,3.8950946375969777,True,0.9971687721518908,11.778562176808284,5.0,2006.0900757289533,2010.2652981793299,2010.2379196714585,2010.3200551950724,2010.2379196714585,2010.5117047501717,2010.235012107217,2010.204999839071,2010.265024375363,0.030286072112858164,0.030286072112858164,False,False,0.0821355236139425,0.060024536292075936,1.0
sim0008_MM,1801,29.99726201232056,3,3sml,7.701292215797595,4.999999999999999,3.8950946375969777,True,0.9971687721518908,11.778562176808284,5.990690869267155,2006.0900757289533,2010.2652981793299,2010.2379196714585,2010.3200551950724,2010.2379196714585,2010.5117047501717,2010.235012107217,2010.204999839071,2010.265024375363,0.030286072112858164,0.030286072112858164,False,False,0.0821355236139425,0.060024536292075936,1.0
sim0008_MM,1801,29.99726201232056,4,2sm,7.698147602032875,4.999999999999999,3.8966857435156332,True,0.9961493243445015,10.728324328515164,1.0,2010.3366760574945,2010.4941024777545,2010.4941024777545,2010.4941024777545,2010.4941024777545,2010.5762380013684,2010.3400550457297,2010.3400550457297,2010.3400550457297,0.15404743202475402,0.15404743202475402,False,False,0.0,0.0,1.0
sim0008_MM,1801,29.99726201232056,4,2sm,7.698147602032875,4.999999999999999,3.8966857435156332,True,0.9961493243445015,10.728324328515164,1.7440905407258924,2010.3366760574945,2010.4941024777545,2010.4941024777545,2010.4941024777545,2010.4941024777545,2010.5762380013684,2010.3400550457297,2010.3400550457297,2010.3400550457297,0.15404743202475402,0.15404743202475402,False,False,0.0,0.0,1.0
sim0009_ME,1801,29.99726201232056,0,2sm,5.705524837040803,4.999999999999999,5.2575815317769745,True,0.996596153355554,11.75728837957002,1.0,1993.081953045859,1993.1572439425054,1993.1572439425054,1993.1572439425054,1993.1572439425054,1993.1572439425054,1993.0830008615533,1993.0830008615533,1993.0830008615533,0.07424308095210108,0.07424308095210108,False,False,0.0,0.0,1.0
sim0009_ME,1801,29.99726201232056,0,2sm,5.705524837040803,4.999999999999999,5.2575815317769745,True,0.996596153355554,11.75728837957002,2.0,1993.081953045859,1993.1572439425054,1993.1572439425054,1993.1572439425054,1993.1572439425054,1993.1572439425054,1994.7036633414589,1994.6886572073852,1994.7036633414589,-1.5464193989535033,1.5464193989535033,False,False,0.0,0.015006134073701105,1.0
sim0009_ME,1801,29.99726201232056,0,2sm,5.705524837040803,4.999999999999999,5.2575815317769745,True,0.996596153355554,11.75728837957002,3.0,1993.081953045859,1993.1572439425054,1993.1572439425054,1993.1572439425054,1993.1572439425054,1993.1572439425054,1994.7036633414589,1994.7036633414589,1996.0692215421193,-1.5464193989535033,1.5464193989535033,False,False,0.0,1.3655582006604163,1.0
sim0009_ME,1801,29.99726201232056,0,2sm,5.705524837040803,4.999999999999999,5.2575815317769745,True,0.996596153355554,11.75728837957002,4.0,1993.081953045859,1993.1572439425054,1993.1572439425054,1993.1572439425054,1993.1572439425054,1993.1572439425054,1994.7036633414589,1994.7036633414589,1996.2342890169239,-1.5464193989535033,1.5464193989535033,False,False,0.0,1.5306256754649894,1.0
sim0009_ME,1801,29.99726201232056,0,2sm,5.705524837040803,4.999999999999999,5.2575815317769745,True,0.996596153355554,11.75728837957002,5.0,1993.081953045859,1993.1572439425054,1993.1572439425054,1993.1572439425054,1993.1572439425054,1993.1572439425054,1997.7198962901707,1997.7198962901707,1997.8249392286837,-4.562652347665335,4.562652347665335,False,False,0.0,0.10504293851295188,1.0
sim0009_ME,1801,29.99726201232056,0,2sm,5.705524837040803,4.999999999999999,5.2575815317769745,True,0.996596153355554,11.75728837957002,6.0,1993.081953045859,1993.1572439425054,1993.1572439425054,1993.1572439425054,1993.1572439425054,1993.1572439425054,1997.7198962901707,1997.7198962901707,1997.8249392286837,-4.562652347665335,4.562652347665335,False,False,0.0,0.10504293851295188,1.0
sim0009_ME,1801,29.99726201232056,0,2sm,5.705524837040803,4.999999999999999,5.2575815317769745,True,0.996596153355554,11.75728837957002,7.0,1993.081953045859,1993.1572439425054,1993.1572439425054,1993.1572439425054,1993.1572439425054,1993.1572439425054,1997.7198962901707,1997.7198962901707,1997.8249392286837,-4.562652347665335,4.562652347665335,False,False,0.0,0.10504293851295188,1.0
sim0009_ME,1801,29.99726201232056,0,2sm,5.705524837040803,4.999999999999999,5.2575815317769745,True,0.996596153355554,11.75728837957002,8.0,1993.081953045859,1993.1572439425054,1993.1572439425054,1993.1572439425054,1993.1572439425054,1993.1572439425054,1997.7198962901707,1997.7198962901707,1997.8249392286837,-4.562652347665335,4.562652347665335,False,False,0.0,0.10504293851295188,1.0
sim0009_ME,1801,29.99726201232056,0,2sm,5.705524837040803,4.999999999999999,5.2575815317769745,True,0.996596153355554,11.75728837957002,9.0,1993.081953045859,1993.1572439425054,1993.1572439425054,1993.1572439425054,1993.1572439425054,1993.1572439425054,1997.7198962901707,1997.7198962901707,1997.8249392286837,-4.562652347665335,4.562652347665335,False,False,0.0,0.10504293851295188,1.0
sim0009_ME,1801,29.99726201232056,0,2sm,5.705524837040803,4.999999999999999,5.2575815317769745,True,0.996596153355554,11.75728837957002,10.0,1993.081953045859,1993.1572439425054,1993.1572439425054,1993.1572439425054,1993.1572439425054,1993.1572439425054,2003.002055483936,1997.8249392286837,2003.002055483936,-9.844811541430545,9.844811541430545,False,False,0.0,5.177116255252258,1.0
sim0009_ME,1801,29.99726201232056,0,2sm,5.705524837040803,4.999999999999999,5.2575815317769745,True,0.996596153355554,11.75728837957002,11.0,1993.081953045859,1993.1572439425054,1993.1572439425054,1993.1572439425054,1993.1572439425054,1993.1572439425054,2003.002055483936,2003.002055483936,2003.1070984224486,-9.844811541430545,9.844811541430545,False,False,0.0,0.1050429385127245,1.0
sim0009_ME,1801,29.99726201232056,0,2sm,5.705524837040803,4.999999999999999,5.2575815317769745,True,0.996596153355554,11.75728837957002,12.0,1993.081953045859,1993.1572439425054,1993.1572439425054,1993.1572439425054,1993.1572439425054,1993.1572439425054,2003.002055483936,2003.002055483936,2003.1070984224486,-9.844811541430545,9.844811541430545,False,False,0.0,0.1050429385127245,1.0
sim0009_ME,1801,29.99726201232056,0,2sm,5.705524837040803,4.999999999999999,5.2575815317769745,True,0.996596153355554,11.75728837957002,13.0,1993.081953045859,1993.1572439425054,1993.1572439425054,1993.1572439425054,1993.1572439425054,1993.1572439425054,2003.002055483936,2003.002055483936,2003.1070984224486,-9.844811541430545,9.844811541430545,False,False,0.0,0.1050429385127245,1.0
sim0009_ME,1801,29.99726201232056,0,2sm,5.705524837040803,4.999999999999999,5.2575815317769745,True,0.996596153355554,11.75728837957002,14.0,1993.081953045859,1993.1572439425054,1993.1572439425054,1993.1572439425054,1993.1572439425054,1993.1572439425054,2003.002055483936,2003.002055483936,2003.1070984224486,-9.844811541430545,9.844811541430545,False,False,0.0,0.1050429385127245,1.0
sim0009_ME,1801,29.99726201232056,0,2sm,5.705524837040803,4.999999999999999,5.2575815317769745,True,0.996596153355554,11.75728837957002,15.0,1993.081953045859,1993.1572439425054,1993.1572439425054,1993.1572439425054,1993.1572439425054,1993.1572439425054,2003.002055483936,2003.002055483936,2003.1070984224486,-9.844811541430545,9.844811541430545,False,False,0.0,0.1050429385127245,1.0
sim0009_ME,1801,29.99726201232056,0,2sm,5.705524837040803,4.999999999999999,5.2575815317769745,True,0.996596153355554,11.75728837957002,16.0,1993.081953045859,1993.1572439425054,1993.1572439425054,1993.1572439425054,1993.1572439425054,1993.1572439425054,2008.2842146777023,2008.2842146777023,2008.3892576162136,-15.126970735196892,15.126970735196892,False,False,0.0,0.10504293851136026,1.0
sim0009_ME,1801,29.99726201232056,0,2sm,5.705524837040803,4.999999999999999,5.2575815317769745,True,0.996596153355554,11.75728837957002,17.0,1993.081953045859,1993.1572439425054,1993.1572439425054,1993.1572439425054,1993.1572439425054,1993.1572439425054,2008.2842146777023,2008.2842146777023,2008.3892576162136,-15.126970735196892,15.126970735196892,False,False,0.0,0.10504293851136026,1.0
sim0009_ME,1801,29.99726201232056,0,2sm,5.705524837040803,4.999999999999999,5.2575815317769745,True,0.996596153355554,11.75728837957002,18.0,1993.081953045859,1993.1572439425054,1993.1572439425054,1993.1572439425054,1993.1572439425054,1993.1572439425054,2008.2842146777023,2008.2842146777023,2008.3892576162136,-15.126970735196892,15.126970735196892,False,False,0.0,0.10504293851136026,1.0
sim0009_ME,1801,29.99726201232056,0,2sm,5.705524837040803,4.999999999999999,5.2575815317769745,True,0.996596153355554,11.75728837957002,18.998813552361298,1993.081953045859,1993.1572439425054,1993.1572439425054,1993.1572439425054,1993.1572439425054,1993.1572439425054,2008.2842146777023,2008.2842146777023,2008.3892576162136,-15.126970735196892,15.126970735196892,False,False,0.0,0.10504293851136026,1.0
sim0009_ME,1801,29.99726201232056,1,2sm,5.884028461774987,4.999999999999999,5.098082411938492,True,0.999528599849884,10.19703395574973,1.0,1997.0821355783714,1998.0814511156746,1998.0814511156746,1998.0814511156746,1998.0814511156746,1998.0814511156746,1998.0350251057077,1997.9900067034882,1998.065037373855,0.046426009966808124,0.046426009966808124,False,False,0.0,0.07503067036668654,1.0
sim0009_ME,1801,29.99726201232056,1,2sm,5.884028461774987,4.999999999999999,5.098082411938492,True,0.999528599849884,10.19703395574973,2.0,1997.0821355783714,1999.0123203832995,1998.9849418754281,1999.067077399042,1998.9849418754281,1999.067077399042,1999.070448356759,1999.070448356759,1999.070448356759,-0.05812797345947729,0.05812797345947729,False,False,0.0821355236139425,0.0,1.0
sim0009_ME,1801,29.99726201232056,1,2sm,5.884028461774987,4.999999999999999,5.098082411938492,True,0.999528599849884,10.19703395574973,3.0,1997.0821355783714,1999.0123203832995,1998.9849418754281,1999.0944559069135,1998.9849418754281,1999.3408624777553,1999.445601708589,1999.4305955745156,1999.4606078426614,-0.43328132528949936,0.43328132528949936,False,False,0.10951403148533245,0.030012268145810594,1.0
sim0009_ME,1801,29.99726201232056,1,2sm,5.884028461774987,4.999999999999999,5.098082411938492,True,0.999528599849884,10.19703395574973,4.0,1997.0821355783714,1999.0123203832995,1998.9849418754281,1999.0944559069135,1998.9849418754281,1999.3408624777553,1999.445601708589,1999.4305955745156,1999.4606078426614,-0.43328132528949936,0.43328132528949936,False,False,0.10951403148533245,0.030012268145810594,1.0
sim0009_ME,1801,29.99726201232056,1,2sm,5.884028461774987,4.999999999999999,5.098082411938492,True,0.999528599849884,10.19703395574973,5.0,1997.0821355783714,1999.0123203832995,1998.9849418754281,1999.0944559069135,1998.9849418754281,1999.3408624777553,1999.445601708589,1999.4305955745156,1999.4606078426614,-0.43328132528949936,0.43328132528949936,False,False,0.10951403148533245,0.030012268145810594,1.0
sim0009_ME,1801,29.99726201232056,1,2sm,5.884028461774987,4.999999999999999,5.098082411938492,True,0.999528599849884,10.19703395574973,6.0,1997.0821355783714,1999.0123203832995,1998.9849418754281,1999.0944559069135,1998.9849418754281,1999.3408624777553,1999.445601708589,1999.4305955745156,1999.4606078426614,-0.43328132528949936,0.43328132528949936,False,False,0.10951403148533245,0.030012268145810594,1.0
sim0009_ME,1801,29.99726201232056,1,2sm,5.884028461774987,4.999999999999999,5.098082411938492,True,0.999528599849884,10.19703395574973,7.0,1997.0821355783714,1999.0123203832995,1998.9849418754281,1999.0944559069135,1998.9849418754281,1999.3408624777553,1999.445601708589,1999.4305955745156,1999.4606078426614,-0.43328132528949936,0.43328132528949936,False,False,0.10951403148533245,0.030012268145810594,1.0
sim0009_ME,1801,29.99726201232056,1,2sm,5.884028461774987,4.999999999999999,5.098082411938492,True,0.999528599849884,10.19703395574973,8.0,1997.0821355783714,1999.0123203832995,1998.9849418754281,1999.0944559069135,1998.9849418754281,1999.3408624777553,1999.445601708589,1999.4305955745156,1999.4606078426614,-0.43328132528949936,0.43328132528949936,False,False,0.10951403148533245,0.030012268145810594,1.0
sim0009_ME,1801,29.99726201232056,1,2sm,5.884028461774987,4.999999999999999,5.098082411938492,True,0.999528599849884,10.19703395574973,9.0,1997.0821355783714,1999.0123203832995,1998.9849418754281,1999.0944559069135,1998.9849418754281,1999.3408624777553,2005.4330492037936,1999.445601708589,2005.4630614719408,-6.420728820494105,6.420728820494105,False,False,0.10951403148533245,6.017459763351781,1.0
sim0009_ME,1801,29.99726201232056,1,2sm,5.884028461774987,4.999999999999999,5.098082411938492,True,0.999528599849884,10.19703395574973,10.0,1997.0821355783714,1999.0123203832995,1998.9849418754281,1999.0944559069135,1998.9849418754281,1999.3408624777553,2005.4330492037936,1999.445601708589,2005.4630614719408,-6.420728820494105,6.420728820494105,False,False,0.10951403148533245,6.017459763351781,1.0
sim0009_ME,1801,29.99726201232056,1,2sm,5.884028461774987,4.999999999999999,5.098082411938492,True,0.999528599849884,10.19703395574973,11.0,1997.0821355783714,1999.0123203832995,1998.9849418754281,1999.0944559069135,1998.9849418754281,1999.3408624777553,2005.4330492037936,1999.445601708589,2005.4630614719408,-6.420728820494105,6.420728820494105,False,False,0.10951403148533245,6.017459763351781,1.0
sim0009_ME,1801,29.99726201232056,1,2sm,5.884028461774987,4.999999999999999,5.098082411938492,True,0.999528599849884,10.19703395574973,12.0,1997.0821355783714,1999.0123203832995,1998.9849418754281,1999.0944559069135,1998.9849418754281,1999.3408624777553,2005.4330492037936,1999.445601708589,2005.4630614719408,-6.420728820494105,6.420728820494105,False,False,0.10951403148533245,6.017459763351781,1.0
sim0009_ME,1801,29.99726201232056,1,2sm,5.884028461774987,4.999999999999999,5.098082411938492,True,0.999528599849884,10.19703395574973,13.0,1997.0821355783714,1999.0123203832995,1998.9849418754281,1999.0944559069135,1998.9849418754281,1999.3408624777553,2005.4330492037936,1999.445601708589,2005.4630614719408,-6.420728820494105,6.420728820494105,False,False,0.10951403148533245,6.017459763351781,1.0
sim0009_ME,1801,29.99726201232056,1,2sm,5.884028461774987,4.999999999999999,5.098082411938492,True,0.999528599849884,10.19703395574973,14.0,1997.0821355783714,1999.0123203832995,1998.9849418754281,1999.0944559069135,1998.9849418754281,1999.3408624777553,2005.4330492037936,1999.445601708589,2005.4630614719408,-6.420728820494105,6.420728820494105,False,False,0.10951403148533245,6.017459763351781,1.0
sim0009_ME,1801,29.99726201232056,1,2sm,5.884028461774987,4.999999999999999,5.098082411938492,True,0.999528599849884,10.19703395574973,14.998631019848972,1997.0821355783714,1999.0123203832995,1998.9849418754281,1999.0944559069135,1998.9849418754281,1999.3408624777553,2005.4480553378671,1999.445601708589,2011.465515101219,-6.435734954567579,6.435734954567579,False,False,0.10951403148533245,12.01991339262986,1.0
sim0009_ME,1801,29.99726201232056,2,2sm,5.926964230536584,4.999999999999999,5.061151180526836,True,0.9989289630264969,9.375759325144605,1.0,2001.3287359342912,2001.4861623545514,2001.4861623545514,2001.4861623545514,2001.4861623545514,2001.4861623545514,2002.3267794506423,2002.3267794506423,2002.3267794506423,-0.8406170960909094,0.8406170960909094,False,False,0.0,0.0,1.0
sim0009_ME,1801,29.99726201232056,2,2sm,5.926964230536584,4.999999999999999,5.061151180526836,True,0.9989289630264969,9.375759325144605,2.0,2001.3287359342912,2003.313677754962,2003.313677754962,2003.313677754962,2003.313677754962,2003.313677754962,2003.3171842994727,2003.3171842994727,2003.3171842994727,-0.0035065445106283732,0.0035065445106283732,False,False,0.0,0.0,1.0
sim0009_ME,1801,29.99726201232056,2,2sm,5.926964230536584,4.999999999999999,5.061151180526836,True,0.9989289630264969,9.375759325144605,3.0,2001.3287359342912,2004.3266825462008,2004.3266825462008,2004.3266825462008,2004.3266825462008,2004.3266825462008,2004.3225952823782,2004.3225952823782,2004.3225952823782,0.004087263822611931,0.004087263822611931,False,False,0.0,0.0,1.0
sim0009_ME,1801,29.99726201232056,2,2sm,5.926964230536584,4.999999999999999,5.061151180526836,True,0.9989289630264969,9.375759325144605,4.0,2001.3287359342912,2005.011145242984,2005.011145242984,2005.0385237508553,2004.9837667351126,2005.1350329911018,2005.0578958519648,2005.0578958519648,2005.0578958519648,-0.04675060898080119,0.04675060898080119,False,True,0.027378507871389957,0.0,1.0
sim0009_ME,1801,29.99726201232056,2,2sm,5.926964230536584,4.999999999999999,5.061151180526836,True,0.9989289630264969,9.375759325144605,5.0,2001.3287359342912,2005.011145242984,2005.011145242984,2005.0385237508553,2004.9837667351126,2005.1350329911018,2005.0578958519648,2005.0578958519648,2005.0578958519648,-0.04675060898080119,0.04675060898080119,False,True,0.027378507871389957,0.0,1.0
sim0009_ME,1801,29.99726201232056,2,2sm,5.926964230536584,4.999999999999999,5.061151180526836,True,0.9989289630264969,9.375759325144605,6.0,2001.3287359342912,2005.011145242984,2005.011145242984,2005.0385237508553,2004.9837667351126,2005.1350329911018,2005.0578958519648,2005.0578958519648,2005.0578958519648,-0.04675060898080119,0.04675060898080119,False,True,0.027378507871389957,0.0,1.0
sim0009_ME,1801,29.99726201232056,2,2sm,5.926964230536584,4.999999999999999,5.061151180526836,True,0.9989289630264969,9.375759325144605,7.0,2001.3287359342912,2005.011145242984,2005.011145242984,2005.0385237508553,2004.9837667351126,2005.1350329911018,2005.0578958519648,2005.0578958519648,2005.0578958519648,-0.04675060898080119,0.04675060898080119,False,True,0.027378507871389957,0.0,1.0
sim0009_ME,1801,29.99726201232056,2,2sm,5.926964230536584,4.999999999999999,5.061151180526836,True,0.9989289630264969,9.375759325144605,8.0,2001.3287359342912,2005.011145242984,2005.011145242984,2005.0385237508553,2004.9837667351126,2005.1350329911018,2005.0578958519648,2005.0578958519648,2005.0578958519648,-0.04675060898080119,0.04675060898080119,False,True,0.027378507871389957,0.0,1.0
sim0009_ME,1801,29.99726201232056,2,2sm,5.926964230536584,4.999999999999999,5.061151180526836,True,0.9989289630264969,9.375759325144605,9.0,2001.3287359342912,2005.011145242984,2005.011145242984,2005.0385237508553,2004.9837667351126,2005.1350329911018,2005.0578958519648,2005.0578958519648,2005.0578958519648,-0.04675060898080119,0.04675060898080119,False,True,0.027378507871389957,0.0,1.0
sim0009_ME,1801,29.99726201232056,2,2sm,5.926964230536584,4.999999999999999,5.061151180526836,True,0.9989289630264969,9.375759325144605,10.0,2001.3287359342912,2005.011145242984,2005.011145242984,2005.0385237508553,2004.9837667351126,2005.1350329911018,2005.0578958519648,2005.0578958519648,2005.0578958519648,-0.04675060898080119,0.04675060898080119,False,True,0.027378507871389957,0.0,1.0
sim0009_ME,1801,29.99726201232056,2,2sm,5.926964230536584,4.999999999999999,5.061151180526836,True,0.9989289630264969,9.375759325144605,10.75203066392919,2001.3287359342912,2005.011145242984,2005.011145242984,2005.0385237508553,2004.9837667351126,2005.1350329911018,2005.0578958519648,2005.0578958519648,2005.0578958519648,-0.04675060898080119,0.04675060898080119,False,True,0.027378507871389957,0.0,1.0
sim0009_ME,1801,29.99726201232056,3,3sml,5.974169776982436,4.999999999999999,5.021159948934734,True,0.9992275487151959,9.232852536245487,1.0,2006.0900757289533,2006.2475021492135,2006.2475021492135,2006.2475021492135,2006.2475021492135,2006.2475021492135,2007.0837239518464,2006.9036503429681,2007.0837239518464,-0.8362218026329629,0.8362218026329629,False,False,0.0,0.18007360887827417,1.0
sim0009_ME,1801,29.99726201232056,3,3sml,5.974169776982436,4.999999999999999,5.021159948934734,True,0.9992275487151959,9.232852536245487,2.0,2006.0900757289533,2006.2475021492135,2006.2475021492135,2006.2475021492135,2006.2475021492135,2006.2475021492135,2007.8040183873593,2006.9036503429681,2007.8040183873593,-1.5565162381458322,1.5565162381458322,False,False,0.0,0.9003680443911435,1.0
sim0009_ME,1801,29.99726201232056,3,3sml,5.974169776982436,4.999999999999999,5.021159948934734,True,0.9992275487151959,9.232852536245487,3.0,2006.0900757289533,2006.2475021492135,2006.2475021492135,2006.2475021492135,2006.2475021492135,2006.2475021492135,2009.0795397835807,2006.9036503429681,2009.0795397835807,-2.832037634367225,2.832037634367225,False,False,0.0,2.1758894406125364,1.0
sim0009_ME,1801,29.99726201232056,3,3sml,5.974169776982436,4.999999999999999,5.021159948934734,True,0.9992275487151959,9.232852536245487,4.0,2006.0900757289533,2006.2475021492135,2006.2475021492135,2006.2475021492135,2006.2475021492135,2006.2475021492135,2009.3046317946785,2006.9036503429681,2009.3046317946785,-3.057129645465011,3.057129645465011,False,False,0.0,2.4009814517103223,1.0
sim0009_ME,1801,29.99726201232056,3,3sml,5.974169776982436,4.999999999999999,5.021159948934734,True,0.9992275487151959,9.232852536245487,5.0,2006.0900757289533,2006.2475021492135,2006.2475021492135,2011.0866534154693,2006.2475021492135,2011.0866534154693,2011.0753556153163,2006.9036503429681,2011.0753556153163,-4.827853466102852,4.827853466102852,True,True,4.83915126625584,4.171705272348163,1.0
sim0009_ME,1801,29.99726201232056,3,3sml,5.974169776982436,4.999999999999999,5.021159948934734,True,0.9992275487151959,9.232852536245487,5.990690869267155,2006.0900757289533,2006.2475021492135,2006.2475021492135,2011.1961674469546,2006.2475021492135,2011.223545954826,2011.1053678834623,2006.9036503429681,2011.120374017536,-4.85786573424889,4.85786573424889,True,True,4.948665297741172,4.216723674567902,1.0
sim0009_ME,1801,29.99726201232056,4,3sml,5.947242907047719,4.999999999999999,5.043893864966003,True,0.9989899027617855,9.185774747995573,1.0,2010.3366760574945,2010.9869156194384,2010.9869156194384,2010.9869156194384,2010.9047800958244,2011.0690511430523,2011.210410821975,2011.210410821975,2011.2254169560488,-0.22349520253669652,0.22349520253669652,False,False,0.0,0.015006134073701105,1.0
sim0009_ME,1801,29.99726201232056,4,3sml,5.947242907047719,4.999999999999999,5.043893864966003,True,0.9989899027617855,9.185774747995573,1.7440905407258924,2010.3366760574945,2010.9869156194384,2010.9869156194384,2010.9869156194384,2010.9047800958244,2011.0690511430523,2011.210410821975,2011.210410821975,2011.2254169560488,-0.22349520253669652,0.22349520253669652,False,False,0.0,0.015006134073701105,1.0
sim0010_ME,1801,29.99726201232056,0,3sml,4.446585482300851,4.999999999999999,6.746134113854641,True,0.9998155485383103,4.737393347114219,1.0,1993.081953045859,1993.1572439425054,1993.1572439425054,1993.1572439425054,1993.1572439425054,1993.1572439425054,1993.0830008615533,1993.0830008615533,1993.0830008615533,0.07424308095210108,0.07424308095210108,False,False,0.0,0.0,1.0
sim0010_ME,1801,29.99726201232056,0,3sml,4.446585482300851,4.999999999999999,6.746134113854641,True,0.9998155485383103,4.737393347114219,2.0,1993.081953045859,1993.1572439425054,1993.1572439425054,1993.1572439425054,1993.1572439425054,1993.1572439425054,1993.0830008615533,1993.0830008615533,1993.0830008615533,0.07424308095210108,0.07424308095210108,False,False,0.0,0.0,1.0
sim0010_ME,1801,29.99726201232056,0,3sml,4.446585482300851,4.999999999999999,6.746134113854641,True,0.9998155485383103,4.737393347114219,3.0,1993.081953045859,1993.1572439425054,1993.1572439425054,1993.1572439425054,1993.1572439425054,1993.1572439425054,1995.3789393747522,1993.0830008615533,1995.60403138585,-2.221695432246861,2.221695432246861,False,False,0.0,2.521030524296748,1.0
sim0010_ME,1801,29.99726201232056,0,3sml,4.446585482300851,4.999999999999999,6.746134113854641,True,0.9998155485383103,4.737393347114219,4.0,1993.081953045859,1996.7917408624232,1993.1572439425054,1996.7917408624232,1993.1572439425054,1996.8191193702944,1996.9395773183646,1996.924571184291,1996.9695895865107,-0.1478364559413876,0.1478364559413876,False,False,3.634496919917865,0.04501840221973907,1.0
sim0010_ME,1801,29.99726201232056,0,3sml,4.446585482300851,4.999999999999999,6.746134113854641,True,0.9998155485383103,4.737393347114219,5.0,1993.081953045859,1996.7917408624232,1993.1572439425054,1996.7917408624232,1993.1572439425054,1996.8191193702944,1996.9395773183646,1996.924571184291,1996.9695895865107,-0.1478364559413876,0.1478364559413876,False,False,3.634496919917865,0.04501840221973907,1.0
sim0010_ME,1801,29.99726201232056,0,3sml,4.446585482300851,4.999999999999999,6.746134113854641,True,0.9998155485383103,4.737393347114219,6.0,1993.081953045859,1996.7917408624232,1993.1572439425054,1996.7917408624232,1993.1572439425054,1996.8191193702944,1996.9395773183646,1996.924571184291,1996.9695895865107,-0.1478364559413876,0.1478364559413876,False,False,3.634496919917865,0.04501840221973907,1.0
sim0010_ME,1801,29.99726201232056,0,3sml,4.446585482300851,4.999999999999999,6.746134113854641,True,0.9998155485383103,4.737393347114219,7.0,1993.081953045859,1996.7917408624232,1993.1572439425054,1996.7917408624232,1993.1572439425054,1996.8191193702944,1996.9395773183646,1996.924571184291,1996.9695895865107,-0.1478364559413876,0.1478364559413876,False,False,3.634496919917865,0.04501840221973907,1.0
sim0010_ME,1801,29.99726201232056,0,3sml,4.446585482300851,4.999999999999999,6.746134113854641,True,0.9998155485383103,4.737393347114219,8.0,1993.081953045859,1996.7917408624232,1993.1572439425054,1996.7917408624232,1993.1572439425054,1996.8191193702944,1996.9395773183646,1996.924571184291,1996.9695895865107,-0.1478364559413876,0.1478364559413876,False,False,3.634496919917865,0.04501840221973907,1.0
sim0010_ME,1801,29.99726201232056,0,3sml,4.446585482300851,4.999999999999999,6.746134113854641,True,0.9998155485383103,4.737393347114219,9.0,1993.081953045859,1996.7917408624232,1993.1572439425054,1996.7917408624232,1993.1572439425054,1996.8191193702944,2001.3813930040317,1996.9395773183646,2001.4114052721775,-4.58965214160844,4.58965214160844,False,False,3.634496919917865,4.471827953812863,1.0
sim0010_ME,1801,29.99726201232056,0,3sml,4.446585482300851,4.999999999999999,6.746134113854641,True,0.9998155485383103,4.737393347114219,10.0,1993.081953045859,1996.7917408624232,1993.1572439425054,1996.7917408624232,1993.1572439425054,1996.8191193702944,2001.3813930040317,1996.9395773183646,2001.4114052721775,-4.58965214160844,4.58965214160844,False,False,3.634496919917865,4.471827953812863,1.0
sim0010_ME,1801,29.99726201232056,0,3sml,4.446585482300851,4.999999999999999,6.746134113854641,True,0.9998155485383103,4.737393347114219,11.0,1993.081953045859,1996.7917408624232,1993.1572439425054,1996.7917408624232,1993.1572439425054,1996.8191193702944,2001.3813930040317,1996.9395773183646,2001.4114052721775,-4.58965214160844,4.58965214160844,False,False,3.634496919917865,4.471827953812863,1.0
sim0010_ME,1801,29.99726201232056,0,3sml,4.446585482300851,4.999999999999999,6.746134113854641,True,0.9998155485383103,4.737393347114219,12.0,1993.081953045859,1996.7917408624232,1993.1572439425054,1996.7917408624232,1993.1572439425054,1996.8191193702944,2001.3813930040317,1996.9395773183646,2001.4114052721775,-4.58965214160844,4.58965214160844,False,False,3.634496919917865,4.471827953812863,1.0
sim0010_ME,1801,29.99726201232056,0,3sml,4.446585482300851,4.999999999999999,6.746134113854641,True,0.9998155485383103,4.737393347114219,13.0,1993.081953045859,1996.7917408624232,1993.1572439425054,1996.7917408624232,1993.1572439425054,1996.8191193702944,2001.396399138104,1996.9395773183646,2005.8682270919169,-4.604658275680777,4.604658275680777,False,False,3.634496919917865,8.928649773552252,1.0
sim0010_ME,1801,29.99726201232056,0,3sml,4.446585482300851,4.999999999999999,6.746134113854641,True,0.9998155485383103,4.737393347114219,14.0,1993.081953045859,1996.7917408624232,1993.1572439425054,1996.7917408624232,1993.1572439425054,1996.8191193702944,2001.396399138104,1996.9395773183646,2005.8682270919169,-4.604658275680777,4.604658275680777,False,False,3.634496919917865,8.928649773552252,1.0
sim0010_ME,1801,29.99726201232056,0,3sml,4.446585482300851,4.999999999999999,6.746134113854641,True,0.9998155485383103,4.737393347114219,15.0,1993.081953045859,1996.7917408624232,1993.1572439425054,1996.7917408624232,1993.1572439425054,1996.8191193702944,2001.396399138104,1996.9395773183646,2005.8682270919169,-4.604658275680777,4.604658275680777,False,False,3.634496919917865,8.928649773552252,1.0
sim0010_ME,1801,29.99726201232056,0,3sml,4.446585482300851,4.999999999999999,6.746134113854641,True,0.9998155485383103,4.737393347114219,16.0,1993.081953045859,1996.7917408624232,1993.1572439425054,1996.7917408624232,1993.1572439425054,1996.8191193702944,2001.396399138104,1996.9395773183646,2005.8682270919169,-4.604658275680777,4.604658275680777,False,False,3.634496919917865,8.928649773552252,1.0
sim0010_ME,1801,29.99726201232056,0,3sml,4.446585482300851,4.999999999999999,6.746134113854641,True,0.9998155485383103,4.737393347114219,17.0,1993.081953045859,1996.7917408624232,1993.1572439425054,1996.7917408624232,1993.1572439425054,1996.8191193702944,2001.396399138104,1996.9395773183646,2005.8682270919169,-4.604658275680777,4.604658275680777,False,False,3.634496919917865,8.928649773552252,1.0
sim0010_ME,1801,29.99726201232056,0,3sml,4.446585482300851,4.999999999999999,6.746134113854641,True,0.9998155485383103,4.737393347114219,18.0,1993.081953045859,1996.7917408624232,1993.1572439425054,1996.7917408624232,1993.1572439425054,1996.8191193702944,2001.396399138104,1996.9395773183646,2010.3250489116563,-4.604658275680777,4.604658275680777,False,False,3.634496919917865,13.38547159329164,1.0
sim0010_ME,1801,29.99726201232056,0,3sml,4.446585482300851,4.999999999999999,6.746134113854641,True,0.9998155485383103,4.737393347114219,18.998813552361298,1993.081953045859,1996.7917408624232,1993.1572439425054,1996.7917408624232,1993.1572439425054,1996.8191193702944,2001.396399138104,1996.9395773183646,2010.3250489116563,-4.604658275680777,4.604658275680777,False,False,3.634496919917865,13.38547159329164,1.0
sim0010_ME,1801,29.99726201232056,1,3sml,4.444812904958342,4.999999999999999,6.748824450823922,True,0.9990859214675618,4.404660861146067,1.0,1997.0821355783714,1997.1574264750175,1997.1574264750175,1997.1574264750175,1997.1574264750175,1997.1574264750175,1997.0896386590969,1997.0896386590969,1997.0896386590969,0.06778781592061023,0.06778781592061023,False,False,0.0,0.0,1.0
sim0010_ME,1801,29.99726201232056,1,3sml,4.444812904958342,4.999999999999999,6.748824450823922,True,0.9990859214675618,4.404660861146067,2.0,1997.0821355783714,1997.1574264750175,1997.1574264750175,1997.1574264750175,1997.1574264750175,1997.1574264750175,1998.305135519025,1997.0896386590969,1998.305135519025,-1.14770904400757,1.14770904400757,False,False,0.0,1.2154968599281801,1.0
sim0010_ME,1801,29.99726201232056,1,3sml,4.444812904958342,4.999999999999999,6.748824450823922,True,0.9990859214675618,4.404660861146067,3.0,1997.0821355783714,1997.1574264750175,1997.1574264750175,1997.1574264750175,1997.1574264750175,1997.1574264750175,1998.305135519025,1997.0896386590969,1998.305135519025,-1.14770904400757,1.14770904400757,False,False,0.0,1.2154968599281801,1.0
sim0010_ME,1801,29.99726201232056,1,3sml,4.444812904958342,4.999999999999999,6.748824450823922,True,0.9990859214675618,4.404660861146067,4.0,1997.0821355783714,1997.1574264750175,1997.1574264750175,1997.1574264750175,1997.1574264750175,1997.1574264750175,1998.305135519025,1997.0896386590969,1998.305135519025,-1.14770904400757,1.14770904400757,False,False,0.0,1.2154968599281801,1.0
sim0010_ME,1801,29.99726201232056,1,3sml,4.444812904958342,4.999999999999999,6.748824450823922,True,0.9990859214675618,4.404660861146067,5.0,1997.0821355783714,1997.1574264750175,1997.1574264750175,1997.1574264750175,1997.1574264750175,1997.1574264750175,2001.396399138104,2001.3813930040317,2001.4114052721775,-4.2389726630865425,4.2389726630865425,False,False,0.0,0.030012268145810594,1.0
sim0010_ME,1801,29.99726201232056,1,3sml,4.444812904958342,4.999999999999999,6.748824450823922,True,0.9990859214675618,4.404660861146067,6.0,1997.0821355783714,1997.1574264750175,1997.1574264750175,1997.1574264750175,1997.1574264750175,1997.1574264750175,2001.396399138104,2001.3813930040317,2001.4114052721775,-4.2389726630865425,4.2389726630865425,False,False,0.0,0.030012268145810594,1.0
sim0010_ME,1801,29.99726201232056,1,3sml,4.444812904958342,4.999999999999999,6.748824450823922,True,0.9990859214675618,4.404660861146067,7.0,1997.0821355783714,1997.1574264750175,1997.1574264750175,1997.1574264750175,1997.1574264750175,1997.1574264750175,2001.396399138104,2001.3813930040317,2001.4114052721775,-4.2389726630865425,4.2389726630865425,False,False,0.0,0.030012268145810594,1.0
sim0010_ME,1801,29.99726201232056,1,3sml,4.444812904958342,4.999999999999999,6.748824450823922,True,0.9990859214675618,4.404660861146067,8.0,1997.0821355783714,1997.1574264750175,1997.1574264750175,1997.1574264750175,1997.1574264750175,1997.1574264750175,2001.396399138104,2001.3813930040317,2001.4114052721775,-4.2389726630865425,4.2389726630865425,False,False,0.0,0.030012268145810594,1.0
sim0010_ME,1801,29.99726201232056,1,3sml,4.444812904958342,4.999999999999999,6.748824450823922,True,0.9990859214675618,4.404660861146067,9.0,1997.0821355783714,1997.1574264750175,1997.1574264750175,1997.1574264750175,1997.1574264750175,1997.1574264750175,2005.8382148237708,2001.4114052721775,2005.8532209578432,-8.680788348753367,8.680788348753367,False,False,0.0,4.441815685665688,1.0
sim0010_ME,1801,29.99726201232056,1,3sml,4.444812904958342,4.999999999999999,6.748824450823922,True,0.9990859214675618,4.404660861146067,10.0,1997.0821355783714,1997.1574264750175,1997.1574264750175,1997.1574264750175,1997.1574264750175,1997.1574264750175,2005.8382148237708,2001.4114052721775,2005.8532209578432,-8.680788348753367,8.680788348753367,False,False,0.0,4.441815685665688,1.0
sim0010_ME,1801,29.99726201232056,1,3sml,4.444812904958342,4.999999999999999,6.748824450823922,True,0.9990859214675618,4.404660861146067,11.0,1997.0821355783714,1997.1574264750175,1997.1574264750175,1997.1574264750175,1997.1574264750175,1997.1574264750175,2005.8382148237708,2001.4114052721775,2005.8532209578432,-8.680788348753367,8.680788348753367,False,False,0.0,4.441815685665688,1.0
sim0010_ME,1801,29.99726201232056,1,3sml,4.444812904958342,4.999999999999999,6.748824450823922,True,0.9990859214675618,4.404660861146067,12.0,1997.0821355783714,1997.1574264750175,1997.1574264750175,1997.1574264750175,1997.1574264750175,1997.1574264750175,2005.8382148237708,2001.4114052721775,2005.8532209578432,-8.680788348753367,8.680788348753367,False,False,0.0,4.441815685665688,1.0
sim0010_ME,1801,29.99726201232056,1,3sml,4.444812904958342,4.999999999999999,6.748824450823922,True,0.9990859214675618,4.404660861146067,13.0,1997.0821355783714,1997.1574264750175,1997.1574264750175,1997.1574264750175,1997.1574264750175,1997.1574264750175,2005.8382148237708,2001.4114052721775,2005.8532209578432,-8.680788348753367,8.680788348753367,False,False,0.0,4.441815685665688,1.0
sim0010_ME,1801,29.99726201232056,1,3sml,4.444812904958342,4.999999999999999,6.748824450823922,True,0.9990859214675618,4.404660861146067,14.0,1997.0821355783714,1997.1574264750175,1997.1574264750175,1997.1574264750175,1997.1574264750175,1997.1574264750175,2010.2800305094365,2001.4114052721775,2010.2800305094365,-13.122604034419055,13.122604034419055,False,False,0.0,8.868625237259039,1.0
sim0010_ME,1801,29.99726201232056,1,3sml,4.444812904958342,4.999999999999999,6.748824450823922,True,0.9990859214675618,4.404660861146067,14.998631019848972,1997.0821355783714,1997.1574264750175,1997.1574264750175,1997.1574264750175,1997.1574264750175,1997.1574264750175,2010.2800305094365,2001.4114052721775,2010.2800305094365,-13.122604034419055,13.122604034419055,False,False,0.0,8.868625237259039,1.0
sim0010_ME,1801,29.99726201232056,2,3sml,4.466536323741147,4.999999999999999,6.7160009094463184,True,0.9982464650911905,4.5033963608177405,1.0,2001.3287359342912,2001.4861623545514,2001.4861623545514,2001.4861623545514,2001.4861623545514,2001.4861623545514,2001.4414175403235,2001.396399138104,2001.4714298084707,0.04474481422789722,0.04474481422789722,False,False,0.0,0.07503067036668654,1.0
sim0010_ME,1801,29.99726201232056,2,3sml,4.466536323741147,4.999999999999999,6.7160009094463184,True,0.9982464650911905,4.5033963608177405,2.0,2001.3287359342912,2001.4861623545514,2001.4861623545514,2001.4861623545514,2001.4861623545514,2001.4861623545514,2001.4414175403235,2001.396399138104,2001.4714298084707,0.04474481422789722,0.04474481422789722,False,False,0.0,0.07503067036668654,1.0
sim0010_ME,1801,29.99726201232056,2,3sml,4.466536323741147,4.999999999999999,6.7160009094463184,True,0.9982464650911905,4.5033963608177405,3.0,2001.3287359342912,2001.4861623545514,2001.4861623545514,2001.4861623545514,2001.4861623545514,2001.4861623545514,2001.4414175403235,2001.396399138104,2001.4714298084707,0.04474481422789722,0.04474481422789722,False,False,0.0,0.07503067036668654,1.0
sim0010_ME,1801,29.99726201232056,2,3sml,4.466536323741147,4.999999999999999,6.7160009094463184,True,0.9982464650911905,4.5033963608177405,4.0,2001.3287359342912,2001.4861623545514,2001.4861623545514,2001.4861623545514,2001.4861623545514,2001.4861623545514,2001.4414175403235,2001.396399138104,2001.4714298084707,0.04474481422789722,0.04474481422789722,False,False,0.0,0.07503067036668654,1.0
sim0010_ME,1801,29.99726201232056,2,3sml,4.466536323741147,4.999999999999999,6.7160009094463184,True,0.9982464650911905,4.5033963608177405,5.0,2001.3287359342912,2001.4861623545514,2001.4861623545514,2001.4861623545514,2001.4861623545514,2001.4861623545514,2001.486435942543,2001.4414175403235,2005.8682270919169,-0.0002735879916144768,0.0002735879916144768,False,False,0.0,4.426809551593351,1.0
sim0010_ME,1801,29.99726201232056,2,3sml,4.466536323741147,4.999999999999999,6.7160009094463184,True,0.9982464650911905,4.5033963608177405,6.0,2001.3287359342912,2001.4861623545514,2001.4861623545514,2001.4861623545514,2001.4861623545514,2001.4861623545514,2001.486435942543,2001.4414175403235,2005.8682270919169,-0.0002735879916144768,0.0002735879916144768,False,False,0.0,4.426809551593351,1.0
sim0010_ME,1801,29.99726201232056,2,3sml,4.466536323741147,4.999999999999999,6.7160009094463184,True,0.9982464650911905,4.5033963608177405,7.0,2001.3287359342912,2001.4861623545514,2001.4861623545514,2001.4861623545514,2001.4861623545514,2001.4861623545514,2001.486435942543,2001.4414175403235,2005.8682270919169,-0.0002735879916144768,0.0002735879916144768,False,False,0.0,4.426809551593351,1.0
sim0010_ME,1801,29.99726201232056,2,3sml,4.466536323741147,4.999999999999999,6.7160009094463184,True,0.9982464650911905,4.5033963608177405,8.0,2001.3287359342912,2001.4861623545514,2001.4861623545514,2001.4861623545514,2001.4861623545514,2001.4861623545514,2001.486435942543,2001.4414175403235,2005.8682270919169,-0.0002735879916144768,0.0002735879916144768,False,False,0.0,4.426809551593351,1.0
sim0010_ME,1801,29.99726201232056,2,3sml,4.466536323741147,4.999999999999999,6.7160009094463184,True,0.9982464650911905,4.5033963608177405,9.0,2001.3287359342912,2001.4861623545514,2001.4861623545514,2001.4861623545514,2001.4861623545514,2001.4861623545514,2005.8682270919169,2001.4414175403235,2010.2950366435102,-4.382064737365454,4.382064737365454,False,False,0.0,8.853619103186702,1.0
sim0010_ME,1801,29.99726201232056,2,3sml,4.466536323741147,4.999999999999999,6.7160009094463184,True,0.9982464650911905,4.5033963608177405,10.0,2001.3287359342912,2001.4861623545514,2001.4861623545514,2001.4861623545514,2001.4861623545514,2001.4861623545514,2005.8682270919169,2001.4414175403235,2010.2950366435102,-4.382064737365454,4.382064737365454,False,False,0.0,8.853619103186702,1.0
sim0010_ME,1801,29.99726201232056,2,3sml,4.466536323741147,4.999999999999999,6.7160009094463184,True,0.9982464650911905,4.5033963608177405,10.75203066392919,2001.3287359342912,2001.4861623545514,2001.4861623545514,2001.4861623545514,2001.4861623545514,2001.4861623545514,2005.8682270919169,2001.4414175403235,2010.2950366435102,-4.382064737365454,4.382064737365454,False,False,0.0,8.853619103186702,1.0
sim0010_ME,1801,29.99726201232056,3,3sml,4.462779618859371,4.999999999999999,6.7216543442016246,True,0.999304805228737,4.602128199318929,1.0,2006.0900757289533,2006.2475021492135,2006.2475021492135,2006.2475021492135,2006.2475021492135,2006.2475021492135,2006.0933191030147,2006.0933191030147,2006.0933191030147,0.15418304619879564,0.15418304619879564,False,False,0.0,0.0,1.0
sim0010_ME,1801,29.99726201232056,3,3sml,4.462779618859371,4.999999999999999,6.7216543442016246,True,0.999304805228737,4.602128199318929,2.0,2006.0900757289533,2006.2475021492135,2006.2475021492135,2006.2475021492135,2006.2475021492135,2006.2475021492135,2006.0933191030147,2006.0933191030147,2006.0933191030147,0.15418304619879564,0.15418304619879564,False,False,0.0,0.0,1.0
sim0010_ME,1801,29.99726201232056,3,3sml,4.462779618859371,4.999999999999999,6.7216543442016246,True,0.999304805228737,4.602128199318929,3.0,2006.0900757289533,2006.2475021492135,2006.2475021492135,2006.2475021492135,2006.2475021492135,2006.2475021492135,2006.0933191030147,2006.0933191030147,2006.0933191030147,0.15418304619879564,0.15418304619879564,False,False,0.0,0.0,1.0
sim0010_ME,1801,29.99726201232056,3,3sml,4.462779618859371,4.999999999999999,6.7216543442016246,True,0.999304805228737,4.602128199318929,4.0,2006.0900757289533,2006.2475021492135,2006.2475021492135,2006.2475021492135,2006.2475021492135,2006.2475021492135,2010.0849507664848,2010.0849507664848,2010.0849507664848,-3.8374486172713205,3.8374486172713205,False,False,0.0,0.0,1.0
sim0010_ME,1801,29.99726201232056,3,3sml,4.462779618859371,4.999999999999999,6.7216543442016246,True,0.999304805228737,4.602128199318929,5.0,2006.0900757289533,2006.2475021492135,2006.2475021492135,2006.2475021492135,2006.2475021492135,2006.2475021492135,2010.265024375363,2010.265024375363,2010.2800305094365,-4.017522226149595,4.017522226149595,False,False,0.0,0.015006134073473731,1.0
sim0010_ME,1801,29.99726201232056,3,3sml,4.462779618859371,4.999999999999999,6.7216543442016246,True,0.999304805228737,4.602128199318929,5.990690869267155,2006.0900757289533,2006.2475021492135,2006.2475021492135,2006.2475021492135,2006.2475021492135,2006.2475021492135,2010.265024375363,2010.265024375363,2010.2800305094365,-4.017522226149595,4.017522226149595,False,False,0.0,0.015006134073473731,1.0
sim0010_ME,1801,29.99726201232056,4,2sm,4.4746742506733765,4.999999999999999,6.703786763428956,True,0.9985279939077099,4.895375548147828,1.0,2010.3366760574945,2010.4941024777545,2010.4119669541406,2010.4941024777545,2010.4119669541406,2010.4941024777545,2010.3400550457297,2010.3400550457297,2010.3400550457297,0.15404743202475402,0.15404743202475402,False,False,0.0821355236139425,0.0,1.0
sim0010_ME,1801,29.99726201232056,4,2sm,4.4746742506733765,4.999999999999999,6.703786763428956,True,0.9985279939077099,4.895375548147828,1.7440905407258924,2010.3366760574945,2010.4941024777545,2010.4119669541406,2010.4941024777545,2010.4119669541406,2010.4941024777545,2010.3400550457297,2010.3400550457297,2010.3400550457297,0.15404743202475402,0.15404743202475402,False,False,0.0821355236139425,0.0,1.0
sim0011_K,1801,29.99726201232056,0,3sml,0.8671496962893277,4.999999999999999,34.59294530192843,True,0.9971033356403973,0.934948494348912,1.0,1993.081953045859,1993.896463655031,1993.1572439425054,1993.896463655031,1993.1572439425054,1993.896463655031,1993.8483136992859,1993.8483136992859,1993.8483136992859,0.04814995574520253,0.04814995574520253,True,True,0.7392197125257098,0.0,1.0
sim0011_K,1801,29.99726201232056,0,3sml,0.8671496962893277,4.999999999999999,34.59294530192843,True,0.9971033356403973,0.934948494348912,2.0,1993.081953045859,1993.896463655031,1993.1572439425054,1993.896463655031,1993.1572439425054,1993.896463655031,1993.8483136992859,1993.8483136992859,1993.8483136992859,0.04814995574520253,0.04814995574520253,True,True,0.7392197125257098,0.0,1.0
sim0011_K,1801,29.99726201232056,0,3sml,0.8671496962893277,4.999999999999999,34.59294530192843,True,0.9971033356403973,0.934948494348912,3.0,1993.081953045859,1993.896463655031,1993.1572439425054,1993.896463655031,1993.1572439425054,1993.896463655031,1993.8483136992859,1993.8483136992859,1995.5740191177042,0.04814995574520253,0.04814995574520253,True,True,0.7392197125257098,1.725705418418329,1.0
sim0011_K,1801,29.99726201232056,0,3sml,0.8671496962893277,4.999999999999999,34.59294530192843,True,0.9971033356403973,0.934948494348912,4.0,1993.081953045859,1993.896463655031,1993.1572439425054,1993.896463655031,1993.1572439425054,1993.896463655031,1993.8483136992859,1993.8483136992859,1996.4443748939495,0.04814995574520253,0.04814995574520253,True,True,0.7392197125257098,2.596061194663662,1.0
sim0011_K,1801,29.99726201232056,0,3sml,0.8671496962893277,4.999999999999999,34.59294530192843,True,0.9971033356403973,0.934948494348912,5.0,1993.081953045859,1993.896463655031,1993.1572439425054,1993.896463655031,1993.1572439425054,1993.896463655031,1993.8483136992859,1993.8483136992859,1997.3147306701946,0.04814995574520253,0.04814995574520253,True,True,0.7392197125257098,3.4664169709087673,1.0
sim0011_K,1801,29.99726201232056,0,3sml,0.8671496962893277,4.999999999999999,34.59294530192843,True,0.9971033356403973,0.934948494348912,6.0,1993.081953045859,1993.896463655031,1993.1572439425054,1993.896463655031,1993.1572439425054,1993.896463655031,1993.8483136992859,1993.8483136992859,1999.0554422226853,0.04814995574520253,0.04814995574520253,True,True,0.7392197125257098,5.207128523399433,1.0
sim0011_K,1801,29.99726201232056,0,3sml,0.8671496962893277,4.999999999999999,34.59294530192843,True,0.9971033356403973,0.934948494348912,7.0,1993.081953045859,1993.896463655031,1993.1572439425054,1993.896463655031,1993.1572439425054,1993.896463655031,1993.8483136992859,1993.8483136992859,1999.9257979989306,0.04814995574520253,0.04814995574520253,True,True,0.7392197125257098,6.077484299644766,1.0
sim0011_K,1801,29.99726201232056,0,3sml,0.8671496962893277,4.999999999999999,34.59294530192843,True,0.9971033356403973,0.934948494348912,8.0,1993.081953045859,1993.896463655031,1993.1572439425054,1993.896463655031,1993.1572439425054,1993.896463655031,1993.8483136992859,1993.8483136992859,1999.9257979989306,0.04814995574520253,0.04814995574520253,True,True,0.7392197125257098,6.077484299644766,1.0
sim0011_K,1801,29.99726201232056,0,3sml,0.8671496962893277,4.999999999999999,34.59294530192843,True,0.9971033356403973,0.934948494348912,9.0,1993.081953045859,1993.896463655031,1993.1572439425054,1993.896463655031,1993.1572439425054,1993.896463655031,1993.8483136992859,1993.8483136992859,1999.9257979989306,0.04814995574520253,0.04814995574520253,True,True,0.7392197125257098,6.077484299644766,1.0
sim0011_K,1801,29.99726201232056,0,3sml,0.8671496962893277,4.999999999999999,34.59294530192843,True,0.9971033356403973,0.934948494348912,10.0,1993.081953045859,1993.896463655031,1993.1572439425054,1993.896463655031,1993.1572439425054,1993.896463655031,1993.8483136992859,1993.8483136992859,1999.9257979989306,0.04814995574520253,0.04814995574520253,True,True,0.7392197125257098,6.077484299644766,1.0
sim0011_K,1801,29.99726201232056,0,3sml,0.8671496962893277,4.999999999999999,34.59294530192843,True,0.9971033356403973,0.934948494348912,11.0,1993.081953045859,1993.896463655031,1993.1572439425054,1993.896463655031,1993.1572439425054,1993.896463655031,1993.8483136992859,1993.8483136992859,2000.796153775176,0.04814995574520253,0.04814995574520253,True,True,0.7392197125257098,6.947840075890099,1.0
sim0011_K,1801,29.99726201232056,0,3sml,0.8671496962893277,4.999999999999999,34.59294530192843,True,0.9971033356403973,0.934948494348912,12.0,1993.081953045859,1993.896463655031,1993.1572439425054,1993.896463655031,1993.1572439425054,1993.896463655031,1993.8483136992859,1993.8483136992859,2000.796153775176,0.04814995574520253,0.04814995574520253,True,True,0.7392197125257098,6.947840075890099,1.0
sim0011_K,1801,29.99726201232056,0,3sml,0.8671496962893277,4.999999999999999,34.59294530192843,True,0.9971033356403973,0.934948494348912,13.0,1993.081953045859,1993.896463655031,1993.1572439425054,1993.896463655031,1993.1572439425054,1993.896463655031,1999.9257979989306,1993.8483136992859,2005.1479326564038,-6.0293343438995635,6.0293343438995635,False,False,0.7392197125257098,11.2996189571179,1.0
sim0011_K,1801,29.99726201232056,0,3sml,0.8671496962893277,4.999999999999999,34.59294530192843,True,0.9971033356403973,0.934948494348912,14.0,1993.081953045859,1993.896463655031,1993.1572439425054,1993.896463655031,1993.1572439425054,1993.896463655031,1999.9257979989306,1993.8483136992859,2005.1479326564038,-6.0293343438995635,6.0293343438995635,False,False,0.7392197125257098,11.2996189571179,1.0
sim0011_K,1801,29.99726201232056,0,3sml,0.8671496962893277,4.999999999999999,34.59294530192843,True,0.9971033356403973,0.934948494348912,15.0,1993.081953045859,1993.896463655031,1993.1572439425054,1993.896463655031,1993.1572439425054,1993.896463655031,1999.9257979989306,1993.8483136992859,2005.1479326564038,-6.0293343438995635,6.0293343438995635,False,False,0.7392197125257098,11.2996189571179,1.0
sim0011_K,1801,29.99726201232056,0,3sml,0.8671496962893277,4.999999999999999,34.59294530192843,True,0.9971033356403973,0.934948494348912,16.0,1993.081953045859,1993.896463655031,1993.1572439425054,1993.896463655031,1993.1572439425054,1993.896463655031,1999.9257979989306,1993.8483136992859,2005.1479326564038,-6.0293343438995635,6.0293343438995635,False,False,0.7392197125257098,11.2996189571179,1.0
sim0011_K,1801,29.99726201232056,0,3sml,0.8671496962893277,4.999999999999999,34.59294530192843,True,0.9971033356403973,0.934948494348912,17.0,1993.081953045859,1993.896463655031,1993.1572439425054,1993.896463655031,1993.1572439425054,1993.896463655031,1999.9257979989306,1993.8483136992859,2005.1479326564038,-6.0293343438995635,6.0293343438995635,False,False,0.7392197125257098,11.2996189571179,1.0
sim0011_K,1801,29.99726201232056,0,3sml,0.8671496962893277,4.999999999999999,34.59294530192843,True,0.9971033356403973,0.934948494348912,18.0,1993.081953045859,1993.896463655031,1993.1572439425054,1993.896463655031,1993.1572439425054,1993.896463655031,1999.9257979989306,1993.8483136992859,2005.1479326564038,-6.0293343438995635,6.0293343438995635,False,False,0.7392197125257098,11.2996189571179,1.0
sim0011_K,1801,29.99726201232056,0,3sml,0.8671496962893277,4.999999999999999,34.59294530192843,True,0.9971033356403973,0.934948494348912,18.998813552361298,1993.081953045859,1993.896463655031,1993.1572439425054,1993.896463655031,1993.1572439425054,1993.896463655031,1999.9257979989306,1993.8483136992859,2005.1479326564038,-6.0293343438995635,6.0293343438995635,False,False,0.7392197125257098,11.2996189571179,1.0
sim0011_K,1801,29.99726201232056,1,3sml,0.8651973947636835,4.999999999999999,34.67100362745994,True,0.9988416171798616,0.9805010538961765,1.0,1997.0821355783714,1997.3216975222454,1997.3216975222454,1997.3216975222454,1997.2395619986314,1997.3216975222454,1997.3297368042684,1997.3297368042684,1997.3297368042684,-0.008039282022991756,0.008039282022991756,False,False,0.0,0.0,1.0
sim0011_K,1801,29.99726201232056,1,3sml,0.8651973947636835,4.999999999999999,34.67100362745994,True,0.9988416171798616,0.9805010538961765,2.0,1997.0821355783714,1997.3216975222454,1997.3216975222454,1997.3216975222454,1997.2395619986314,1997.3216975222454,1998.2000925805137,1998.2000925805137,1999.070448356759,-0.8783950582683246,0.8783950582683246,False,False,0.0,0.8703557762453329,1.0
sim0011_K,1801,29.99726201232056,1,3sml,0.8651973947636835,4.999999999999999,34.67100362745994,True,0.9988416171798616,0.9805010538961765,3.0,1997.0821355783714,1997.3216975222454,1997.3216975222454,1997.3216975222454,1997.2395619986314,1997.3216975222454,1998.2000925805137,1998.2000925805137,1999.070448356759,-0.8783950582683246,0.8783950582683246,False,False,0.0,0.8703557762453329,1.0
sim0011_K,1801,29.99726201232056,1,3sml,0.8651973947636835,4.999999999999999,34.67100362745994,True,0.9988416171798616,0.9805010538961765,4.0,1997.0821355783714,1997.3216975222454,1997.3216975222454,1997.3216975222454,1997.2395619986314,1997.3216975222454,1998.2000925805137,1998.2000925805137,1999.070448356759,-0.8783950582683246,0.8783950582683246,False,False,0.0,0.8703557762453329,1.0
sim0011_K,1801,29.99726201232056,1,3sml,0.8651973947636835,4.999999999999999,34.67100362745994,True,0.9988416171798616,0.9805010538961765,5.0,1997.0821355783714,1997.3216975222454,1997.3216975222454,1997.3216975222454,1997.2395619986314,1997.3216975222454,1998.2000925805137,1998.2000925805137,1999.070448356759,-0.8783950582683246,0.8783950582683246,False,False,0.0,0.8703557762453329,1.0
sim0011_K,1801,29.99726201232056,1,3sml,0.8651973947636835,4.999999999999999,34.67100362745994,True,0.9988416171798616,0.9805010538961765,6.0,1997.0821355783714,1997.3216975222454,1997.3216975222454,1997.3216975222454,1997.2395619986314,1997.3216975222454,1998.2000925805137,1998.2000925805137,1999.070448356759,-0.8783950582683246,0.8783950582683246,False,False,0.0,0.8703557762453329,1.0
sim0011_K,1801,29.99726201232056,1,3sml,0.8651973947636835,4.999999999999999,34.67100362745994,True,0.9988416171798616,0.9805010538961765,7.0,1997.0821355783714,1997.3216975222454,1997.3216975222454,1997.3216975222454,1997.2395619986314,1997.3216975222454,1998.2000925805137,1998.2000925805137,1999.070448356759,-0.8783950582683246,0.8783950582683246,False,False,0.0,0.8703557762453329,1.0
sim0011_K,1801,29.99726201232056,1,3sml,0.8651973947636835,4.999999999999999,34.67100362745994,True,0.9988416171798616,0.9805010538961765,8.0,1997.0821355783714,1997.3216975222454,1997.3216975222454,1997.3216975222454,1997.2395619986314,1997.3216975222454,1998.2000925805137,1998.2000925805137,1999.070448356759,-0.8783950582683246,0.8783950582683246,False,False,0.0,0.8703557762453329,1.0
sim0011_K,1801,29.99726201232056,1,3sml,0.8651973947636835,4.999999999999999,34.67100362745994,True,0.9988416171798616,0.9805010538961765,9.0,1997.0821355783714,1997.3216975222454,1997.3216975222454,1997.3216975222454,1997.2395619986314,1997.3216975222454,1998.2000925805137,1998.2000925805137,1999.070448356759,-0.8783950582683246,0.8783950582683246,False,False,0.0,0.8703557762453329,1.0
sim0011_K,1801,29.99726201232056,1,3sml,0.8651973947636835,4.999999999999999,34.67100362745994,True,0.9988416171798616,0.9805010538961765,10.0,1997.0821355783714,1997.3216975222454,1997.3216975222454,1997.3216975222454,1997.2395619986314,1997.3216975222454,1998.2000925805137,1998.2000925805137,1999.070448356759,-0.8783950582683246,0.8783950582683246,False,False,0.0,0.8703557762453329,1.0
sim0011_K,1801,29.99726201232056,1,3sml,0.8651973947636835,4.999999999999999,34.67100362745994,True,0.9988416171798616,0.9805010538961765,11.0,1997.0821355783714,1997.3216975222454,1997.3216975222454,1997.3216975222454,1997.2395619986314,1997.3216975222454,2007.7589999851398,1999.070448356759,2007.7589999851398,-10.437302462894422,10.437302462894422,False,False,0.0,8.688551628380765,1.0
sim0011_K,1801,29.99726201232056,1,3sml,0.8651973947636835,4.999999999999999,34.67100362745994,True,0.9988416171798616,0.9805010538961765,12.0,1997.0821355783714,1997.3216975222454,1997.3216975222454,1997.3216975222454,1997.2395619986314,1997.3216975222454,2007.7589999851398,1999.070448356759,2007.7589999851398,-10.437302462894422,10.437302462894422,False,False,0.0,8.688551628380765,1.0
sim0011_K,1801,29.99726201232056,1,3sml,0.8651973947636835,4.999999999999999,34.67100362745994,True,0.9988416171798616,0.9805010538961765,13.0,1997.0821355783714,1997.3216975222454,1997.3216975222454,1997.3216975222454,1997.2395619986314,1997.3216975222454,2007.7589999851398,1999.070448356759,2007.7589999851398,-10.437302462894422,10.437302462894422,False,False,0.0,8.688551628380765,1.0
sim0011_K,1801,29.99726201232056,1,3sml,0.8651973947636835,4.999999999999999,34.67100362745994,True,0.9988416171798616,0.9805010538961765,14.0,1997.0821355783714,1997.3216975222454,1997.3216975222454,1997.3216975222454,1997.2395619986314,1997.3216975222454,2007.7589999851398,1999.070448356759,2007.7589999851398,-10.437302462894422,10.437302462894422,False,False,0.0,8.688551628380765,1.0
sim0011_K,1801,29.99726201232056,1,3sml,0.8651973947636835,4.999999999999999,34.67100362745994,True,0.9988416171798616,0.9805010538961765,14.998631019848972,1997.0821355783714,1997.3216975222454,1997.3216975222454,1997.3216975222454,1997.2395619986314,1997.3216975222454,2007.7589999851398,1999.070448356759,2007.7589999851398,-10.437302462894422,10.437302462894422,False,False,0.0,8.688551628380765,1.0
sim0011_K,1801,29.99726201232056,2,2sm,0.8668510037677407,4.999999999999999,34.60486505978352,True,0.9987934052703353,0.9739133028152782,1.0,2001.3287359342912,2001.6504334017793,2001.6504334017793,2001.6504334017793,2001.6504334017793,2001.7325689253933,2001.6965218195685,2001.6965218195685,2001.6965218195685,-0.04608841778917849,0.04608841778917849,False,True,0.0,0.0,1.0
sim0011_K,1801,29.99726201232056,2,2sm,0.8668510037677407,4.999999999999999,34.60486505978352,True,0.9987934052703353,0.9739133028152782,2.0,2001.3287359342912,2001.6504334017793,2001.6504334017793,2001.6504334017793,2001.6504334017793,2001.7325689253933,2001.6965218195685,2001.6965218195685,2001.6965218195685,-0.04608841778917849,0.04608841778917849,False,True,0.0,0.0,1.0
sim0011_K,1801,29.99726201232056,2,2sm,0.8668510037677407,4.999999999999999,34.60486505978352,True,0.9987934052703353,0.9739133028152782,3.0,2001.3287359342912,2001.6504334017793,2001.6504334017793,2001.6504334017793,2001.6504334017793,2001.7325689253933,2001.6965218195685,2001.6965218195685,2004.2925830142308,-0.04608841778917849,0.04608841778917849,False,True,0.0,2.5960611946622976,1.0
sim0011_K,1801,29.99726201232056,2,2sm,0.8668510037677407,4.999999999999999,34.60486505978352,True,0.9987934052703353,0.9739133028152782,4.0,2001.3287359342912,2001.6504334017793,2001.6504334017793,2001.6504334017793,2001.6504334017793,2001.7325689253933,2003.4222272379855,2001.6965218195685,2005.1629387904761,-1.7717938362061432,1.7717938362061432,False,False,0.0,3.4664169709076305,1.0
sim0011_K,1801,29.99726201232056,2,2sm,0.8668510037677407,4.999999999999999,34.60486505978352,True,0.9987934052703353,0.9739133028152782,5.0,2001.3287359342912,2001.6504334017793,2001.6504334017793,2001.6504334017793,2001.6504334017793,2001.7325689253933,2006.0332945667215,2001.6965218195685,2006.0332945667215,-4.382861164942142,4.382861164942142,False,False,0.0,4.336772747152963,1.0
sim0011_K,1801,29.99726201232056,2,2sm,0.8668510037677407,4.999999999999999,34.60486505978352,True,0.9987934052703353,0.9739133028152782,6.0,2001.3287359342912,2001.6504334017793,2001.6504334017793,2001.6504334017793,2001.6504334017793,2001.7325689253933,2006.9036503429681,2001.6965218195685,2006.9036503429681,-5.253216941188839,5.253216941188839,False,False,0.0,5.2071285233996605,1.0
sim0011_K,1801,29.99726201232056,2,2sm,0.8668510037677407,4.999999999999999,34.60486505978352,True,0.9987934052703353,0.9739133028152782,7.0,2001.3287359342912,2001.6504334017793,2001.6504334017793,2001.6504334017793,2001.6504334017793,2001.7325689253933,2007.7740061192135,2001.6965218195685,2007.7740061192135,-6.123572717434172,6.123572717434172,False,False,0.0,6.077484299644993,1.0
sim0011_K,1801,29.99726201232056,2,2sm,0.8668510037677407,4.999999999999999,34.60486505978352,True,0.9987934052703353,0.9739133028152782,8.0,2001.3287359342912,2001.6504334017793,2001.6504334017793,2001.6504334017793,2001.6504334017793,2001.7325689253933,2007.7740061192135,2006.9036503429681,2008.6443618954588,-6.123572717434172,6.123572717434172,False,False,0.0,1.7407115524906658,1.0
sim0011_K,1801,29.99726201232056,2,2sm,0.8668510037677407,4.999999999999999,34.60486505978352,True,0.9987934052703353,0.9739133028152782,9.0,2001.3287359342912,2001.6504334017793,2001.6504334017793,2001.6504334017793,2001.6504334017793,2001.7325689253933,2008.6443618954588,2006.9036503429681,2009.514717671704,-6.993928493679505,6.993928493679505,False,False,0.0,2.6110673287357713,1.0
sim0011_K,1801,29.99726201232056,2,2sm,0.8668510037677407,4.999999999999999,34.60486505978352,True,0.9987934052703353,0.9739133028152782,10.0,2001.3287359342912,2001.6504334017793,2001.6504334017793,2001.6504334017793,2001.6504334017793,2001.7325689253933,2008.6443618954588,2007.7740061192135,2009.514717671704,-6.993928493679505,6.993928493679505,False,False,0.0,1.7407115524904384,1.0
sim0011_K,1801,29.99726201232056,2,2sm,0.8668510037677407,4.999999999999999,34.60486505978352,True,0.9987934052703353,0.9739133028152782,10.75203066392919,2001.3287359342912,2001.6504334017793,2001.6504334017793,2001.6504334017793,2001.6504334017793,2001.7325689253933,2008.6443618954588,2007.7740061192135,2009.514717671704,-6.993928493679505,6.993928493679505,False,False,0.0,1.7407115524904384,1.0
sim0011_K,1801,29.99726201232056,3,3sml,0.8658626947433411,4.999999999999999,34.644363586090684,True,0.9994674288678721,0.960082004157246,1.0,2006.0900757289533,2006.822450814511,2006.822450814511,2006.9045863381252,2006.822450814511,2006.9045863381252,2006.30340498004,2006.30340498004,2006.30340498004,0.5190458344709441,0.5190458344709441,False,False,0.08213552361416987,0.0,1.0
sim0011_K,1801,29.99726201232056,3,3sml,0.8658626947433411,4.999999999999999,34.644363586090684,True,0.9994674288678721,0.960082004157246,2.0,2006.0900757289533,2006.822450814511,2006.822450814511,2006.9045863381252,2006.822450814511,2006.9045863381252,2007.1737607562854,2006.30340498004,2007.1737607562854,-0.3513099417743888,0.3513099417743888,False,False,0.08213552361416987,0.8703557762453329,1.0
sim0011_K,1801,29.99726201232056,3,3sml,0.8658626947433411,4.999999999999999,34.644363586090684,True,0.9994674288678721,0.960082004157246,3.0,2006.0900757289533,2006.822450814511,2006.822450814511,2006.9045863381252,2006.822450814511,2006.9045863381252,2007.1737607562854,2006.30340498004,2007.1737607562854,-0.3513099417743888,0.3513099417743888,False,False,0.08213552361416987,0.8703557762453329,1.0
sim0011_K,1801,29.99726201232056,3,3sml,0.8658626947433411,4.999999999999999,34.644363586090684,True,0.9994674288678721,0.960082004157246,4.0,2006.0900757289533,2006.822450814511,2006.822450814511,2006.9045863381252,2006.822450814511,2006.9045863381252,2007.1737607562854,2006.30340498004,2007.1737607562854,-0.3513099417743888,0.3513099417743888,False,False,0.08213552361416987,0.8703557762453329,1.0
sim0011_K,1801,29.99726201232056,3,3sml,0.8658626947433411,4.999999999999999,34.644363586090684,True,0.9994674288678721,0.960082004157246,5.0,2006.0900757289533,2006.822450814511,2006.822450814511,2006.9045863381252,2006.822450814511,2006.9045863381252,2007.1737607562854,2006.30340498004,2007.1737607562854,-0.3513099417743888,0.3513099417743888,False,False,0.08213552361416987,0.8703557762453329,1.0
sim0011_K,1801,29.99726201232056,3,3sml,0.8658626947433411,4.999999999999999,34.644363586090684,True,0.9994674288678721,0.960082004157246,5.990690869267155,2006.0900757289533,2006.822450814511,2006.822450814511,2006.9045863381252,2006.822450814511,2006.9045863381252,2007.1737607562854,2006.30340498004,2008.0441165325308,-0.3513099417743888,0.3513099417743888,False,False,0.08213552361416987,1.7407115524906658,1.0
sim0011_K,1801,29.99726201232056,4,3sml,0.8690711733560288,4.999999999999999,34.51646186408683,True,0.9983479612478167,0.9454432450830205,1.0,2010.3366760574945,2010.4119669541406,2010.4119669541406,2010.4119669541406,2010.4119669541406,2010.4119669541406,2011.2854414923406,2010.4450979842425,2011.2854414923406,-0.873474538200071,0.873474538200071,False,False,0.0,0.840343508098158,1.0
sim0011_K,1801,29.99726201232056,4,3sml,0.8690711733560288,4.999999999999999,34.51646186408683,True,0.9983479612478167,0.9454432450830205,1.7440905407258924,2010.3366760574945,2010.4119669541406,2010.4119669541406,2010.4119669541406,2010.4119669541406,2010.4119669541406,2011.2854414923406,2010.4450979842425,2011.2854414923406,-0.873474538200071,0.873474538200071,False,False,0.0,0.840343508098158,1.0
sim0012_ME,1801,29.99726201232056,0,3sml,7.5626802356835,4.999999999999999,3.9664855682754476,True,0.9994064243504823,5.354498846503362,1.0,1993.081953045859,1993.1572439425054,1993.1572439425054,1993.1572439425054,1993.1572439425054,1993.1572439425054,1993.0830008615533,1993.0830008615533,1993.0830008615533,0.07424308095210108,0.07424308095210108,False,False,0.0,0.0,1.0
sim0012_ME,1801,29.99726201232056,0,3sml,7.5626802356835,4.999999999999999,3.9664855682754476,True,0.9994064243504823,5.354498846503362,2.0,1993.081953045859,1993.1572439425054,1993.1572439425054,1993.1572439425054,1993.1572439425054,1993.1572439425054,1994.628632671092,1993.0830008615533,1994.628632671092,-1.4713887285865894,1.4713887285865894,False,False,0.0,1.5456318095386905,1.0
sim0012_ME,1801,29.99726201232056,0,3sml,7.5626802356835,4.999999999999999,3.9664855682754476,True,0.9994064243504823,5.354498846503362,3.0,1993.081953045859,1993.1572439425054,1993.1572439425054,1993.1572439425054,1993.1572439425054,1993.1572439425054,1994.628632671092,1993.0830008615533,1994.628632671092,-1.4713887285865894,1.4713887285865894,False,False,0.0,1.5456318095386905,1.0
sim0012_ME,1801,29.99726201232056,0,3sml,7.5626802356835,4.999999999999999,3.9664855682754476,True,0.9994064243504823,5.354498846503362,4.0,1993.081953045859,1993.1572439425054,1993.1572439425054,1993.1572439425054,1993.1572439425054,1993.1572439425054,1994.628632671092,1993.0830008615533,1994.628632671092,-1.4713887285865894,1.4713887285865894,False,False,0.0,1.5456318095386905,1.0
sim0012_ME,1801,29.99726201232056,0,3sml,7.5626802356835,4.999999999999999,3.9664855682754476,True,0.9994064243504823,5.354498846503362,5.0,1993.081953045859,1993.1572439425054,1993.1572439425054,1993.1572439425054,1993.1572439425054,1993.1572439425054,1994.628632671092,1993.0830008615533,1994.628632671092,-1.4713887285865894,1.4713887285865894,False,False,0.0,1.5456318095386905,1.0
sim0012_ME,1801,29.99726201232056,0,3sml,7.5626802356835,4.999999999999999,3.9664855682754476,True,0.9994064243504823,5.354498846503362,6.0,1993.081953045859,1993.1572439425054,1993.1572439425054,1993.1572439425054,1993.1572439425054,1993.1572439425054,1994.628632671092,1993.0830008615533,1994.628632671092,-1.4713887285865894,1.4713887285865894,False,False,0.0,1.5456318095386905,1.0
sim0012_ME,1801,29.99726201232056,0,3sml,7.5626802356835,4.999999999999999,3.9664855682754476,True,0.9994064243504823,5.354498846503362,7.0,1993.081953045859,1993.1572439425054,1993.1572439425054,1993.1572439425054,1993.1572439425054,1993.1572439425054,1999.6106691833938,1999.5956630493201,1999.6256753174673,-6.453425240888464,6.453425240888464,False,False,0.0,0.030012268147174836,1.0
sim0012_ME,1801,29.99726201232056,0,3sml,7.5626802356835,4.999999999999999,3.9664855682754476,True,0.9994064243504823,5.354498846503362,8.0,1993.081953045859,1993.1572439425054,1993.1572439425054,1993.1572439425054,1993.1572439425054,1993.1572439425054,1999.6106691833938,1999.5956630493201,1999.6256753174673,-6.453425240888464,6.453425240888464,False,False,0.0,0.030012268147174836,1.0
sim0012_ME,1801,29.99726201232056,0,3sml,7.5626802356835,4.999999999999999,3.9664855682754476,True,0.9994064243504823,5.354498846503362,9.0,1993.081953045859,1993.1572439425054,1993.1572439425054,1993.1572439425054,1993.1572439425054,1993.1572439425054,1999.6106691833938,1999.5956630493201,1999.6256753174673,-6.453425240888464,6.453425240888464,False,False,0.0,0.030012268147174836,1.0
sim0012_ME,1801,29.99726201232056,0,3sml,7.5626802356835,4.999999999999999,3.9664855682754476,True,0.9994064243504823,5.354498846503362,10.0,1993.081953045859,1993.1572439425054,1993.1572439425054,1993.1572439425054,1993.1572439425054,1993.1572439425054,1999.6106691833938,1999.5956630493201,1999.6256753174673,-6.453425240888464,6.453425240888464,False,False,0.0,0.030012268147174836,1.0
sim0012_ME,1801,29.99726201232056,0,3sml,7.5626802356835,4.999999999999999,3.9664855682754476,True,0.9994064243504823,5.354498846503362,11.0,1993.081953045859,1993.1572439425054,1993.1572439425054,1993.1572439425054,1993.1572439425054,1993.1572439425054,1999.6106691833938,1999.5956630493201,1999.6256753174673,-6.453425240888464,6.453425240888464,False,False,0.0,0.030012268147174836,1.0
sim0012_ME,1801,29.99726201232056,0,3sml,7.5626802356835,4.999999999999999,3.9664855682754476,True,0.9994064243504823,5.354498846503362,12.0,1993.081953045859,1993.1572439425054,1993.1572439425054,1993.1572439425054,1993.1572439425054,1993.1572439425054,1999.6106691833938,1999.5956630493201,1999.6256753174673,-6.453425240888464,6.453425240888464,False,False,0.0,0.030012268147174836,1.0
sim0012_ME,1801,29.99726201232056,0,3sml,7.5626802356835,4.999999999999999,3.9664855682754476,True,0.9994064243504823,5.354498846503362,13.0,1993.081953045859,1993.1572439425054,1993.1572439425054,1993.1572439425054,1993.1572439425054,1993.1572439425054,1999.6106691833938,1999.5956630493201,1999.6256753174673,-6.453425240888464,6.453425240888464,False,False,0.0,0.030012268147174836,1.0
sim0012_ME,1801,29.99726201232056,0,3sml,7.5626802356835,4.999999999999999,3.9664855682754476,True,0.9994064243504823,5.354498846503362,14.0,1993.081953045859,1993.1572439425054,1993.1572439425054,1993.1572439425054,1993.1572439425054,1993.1572439425054,1999.6256753174673,1999.6106691833938,2006.4684724548447,-6.468431374961938,6.468431374961938,False,False,0.0,6.857803271450848,1.0
sim0012_ME,1801,29.99726201232056,0,3sml,7.5626802356835,4.999999999999999,3.9664855682754476,True,0.9994064243504823,5.354498846503362,15.0,1993.081953045859,1993.1572439425054,1993.1572439425054,1993.1572439425054,1993.1572439425054,1993.1572439425054,1999.6256753174673,1999.6106691833938,2006.4684724548447,-6.468431374961938,6.468431374961938,False,False,0.0,6.857803271450848,1.0
sim0012_ME,1801,29.99726201232056,0,3sml,7.5626802356835,4.999999999999999,3.9664855682754476,True,0.9994064243504823,5.354498846503362,16.0,1993.081953045859,1993.1572439425054,1993.1572439425054,1993.1572439425054,1993.1572439425054,1993.1572439425054,1999.6256753174673,1999.6106691833938,2006.4684724548447,-6.468431374961938,6.468431374961938,False,False,0.0,6.857803271450848,1.0
sim0012_ME,1801,29.99726201232056,0,3sml,7.5626802356835,4.999999999999999,3.9664855682754476,True,0.9994064243504823,5.354498846503362,17.0,1993.081953045859,1993.1572439425054,1993.1572439425054,1993.1572439425054,1993.1572439425054,1993.1572439425054,1999.6256753174673,1999.6106691833938,2006.4684724548447,-6.468431374961938,6.468431374961938,False,False,0.0,6.857803271450848,1.0
sim0012_ME,1801,29.99726201232056,0,3sml,7.5626802356835,4.999999999999999,3.9664855682754476,True,0.9994064243504823,5.354498846503362,18.0,1993.081953045859,1993.1572439425054,1993.1572439425054,1993.1572439425054,1993.1572439425054,1993.1572439425054,1999.6256753174673,1999.6106691833938,2006.4684724548447,-6.468431374961938,6.468431374961938,False,False,0.0,6.857803271450848,1.0
sim0012_ME,1801,29.99726201232056,0,3sml,7.5626802356835,4.999999999999999,3.9664855682754476,True,0.9994064243504823,5.354498846503362,18.998813552361298,1993.081953045859,1993.1572439425054,1993.1572439425054,1993.1572439425054,1993.1572439425054,1993.1572439425054,1999.6256753174673,1999.6106691833938,2006.4684724548447,-6.468431374961938,6.468431374961938,False,False,0.0,6.857803271450848,1.0
sim0012_ME,1801,29.99726201232056,1,2sm,7.7567094471965135,4.999999999999999,3.8672664248320388,True,0.9965333743530747,5.0841575473490535,1.0,1997.0821355783714,1998.0814511156746,1998.0814511156746,1998.0814511156746,1998.0814511156746,1998.0814511156746,1998.0800435079273,1998.0800435079273,1998.0800435079273,0.0014076077472964243,0.0014076077472964243,False,False,0.0,0.0,1.0
sim0012_ME,1801,29.99726201232056,1,2sm,7.7567094471965135,4.999999999999999,3.8672664248320388,True,0.9965333743530747,5.0841575473490535,2.0,1997.0821355783714,1999.067077399042,1999.067077399042,1999.067077399042,1999.067077399042,1999.067077399042,1999.070448356759,1999.070448356759,1999.070448356759,-0.0033709577169247495,0.0033709577169247495,False,False,0.0,0.0,1.0
sim0012_ME,1801,29.99726201232056,1,2sm,7.7567094471965135,4.999999999999999,3.8672664248320388,True,0.9965333743530747,5.0841575473490535,3.0,1997.0821355783714,2000.080082190281,2000.080082190281,2000.080082190281,2000.080082190281,2000.080082190281,2000.0758593396629,2000.0758593396629,2000.0758593396629,0.004222850618134544,0.004222850618134544,False,False,0.0,0.0,1.0
sim0012_ME,1801,29.99726201232056,1,2sm,7.7567094471965135,4.999999999999999,3.8672664248320388,True,0.9965333743530747,5.0841575473490535,4.0,1997.0821355783714,2001.0657084736486,2001.0383299657774,2001.0657084736486,2001.010951457906,2001.0657084736486,2001.081270322567,2001.081270322567,2001.081270322567,-0.015561848918423493,0.015561848918423493,False,False,0.027378507871162583,0.0,1.0
sim0012_ME,1801,29.99726201232056,1,2sm,7.7567094471965135,4.999999999999999,3.8672664248320388,True,0.9965333743530747,5.0841575473490535,5.0,1997.0821355783714,2001.0657084736486,2001.0383299657774,2001.1204654893913,2001.010951457906,2001.175222505134,2001.1412948588602,2001.111282590713,2001.1563009929325,-0.0755863852116363,0.0755863852116363,False,True,0.0821355236139425,0.0450184022195117,1.0
sim0012_ME,1801,29.99726201232056,1,2sm,7.7567094471965135,4.999999999999999,3.8672664248320388,True,0.9965333743530747,5.0841575473490535,6.0,1997.0821355783714,2001.0657084736486,2001.0383299657774,2001.1204654893913,2001.010951457906,2001.175222505134,2001.1412948588602,2001.111282590713,2001.1563009929325,-0.0755863852116363,0.0755863852116363,False,True,0.0821355236139425,0.0450184022195117,1.0
sim0012_ME,1801,29.99726201232056,1,2sm,7.7567094471965135,4.999999999999999,3.8672664248320388,True,0.9965333743530747,5.0841575473490535,7.0,1997.0821355783714,2001.0657084736486,2001.0383299657774,2001.1204654893913,2001.010951457906,2001.175222505134,2001.1412948588602,2001.111282590713,2001.1563009929325,-0.0755863852116363,0.0755863852116363,False,True,0.0821355236139425,0.0450184022195117,1.0
sim0012_ME,1801,29.99726201232056,1,2sm,7.7567094471965135,4.999999999999999,3.8672664248320388,True,0.9965333743530747,5.0841575473490535,8.0,1997.0821355783714,2001.0657084736486,2001.0383299657774,2001.1204654893913,2001.010951457906,2001.175222505134,2001.1412948588602,2001.111282590713,2001.1563009929325,-0.0755863852116363,0.0755863852116363,False,True,0.0821355236139425,0.0450184022195117,1.0
sim0012_ME,1801,29.99726201232056,1,2sm,7.7567094471965135,4.999999999999999,3.8672664248320388,True,0.9965333743530747,5.0841575473490535,9.0,1997.0821355783714,2001.0657084736486,2001.0383299657774,2001.1204654893913,2001.010951457906,2001.175222505134,2001.1412948588602,2001.111282590713,2001.1563009929325,-0.0755863852116363,0.0755863852116363,False,True,0.0821355236139425,0.0450184022195117,1.0
sim0012_ME,1801,29.99726201232056,1,2sm,7.7567094471965135,4.999999999999999,3.8672664248320388,True,0.9965333743530747,5.0841575473490535,10.0,1997.0821355783714,2001.0657084736486,2001.0383299657774,2001.1204654893913,2001.010951457906,2001.175222505134,2001.1412948588602,2001.111282590713,2001.1563009929325,-0.0755863852116363,0.0755863852116363,False,True,0.0821355236139425,0.0450184022195117,1.0
sim0012_ME,1801,29.99726201232056,1,2sm,7.7567094471965135,4.999999999999999,3.8672664248320388,True,0.9965333743530747,5.0841575473490535,11.0,1997.0821355783714,2001.0657084736486,2001.0383299657774,2001.1204654893913,2001.010951457906,2001.175222505134,2001.1412948588602,2001.111282590713,2001.1563009929325,-0.0755863852116363,0.0755863852116363,False,True,0.0821355236139425,0.0450184022195117,1.0
sim0012_ME,1801,29.99726201232056,1,2sm,7.7567094471965135,4.999999999999999,3.8672664248320388,True,0.9965333743530747,5.0841575473490535,12.0,1997.0821355783714,2001.0657084736486,2001.0383299657774,2001.1204654893913,2001.010951457906,2001.175222505134,2008.9744968450693,2001.1412948588602,2009.0045091132151,-7.908788371420769,7.908788371420769,False,False,0.0821355236139425,7.8632142543549435,1.0
sim0012_ME,1801,29.99726201232056,1,2sm,7.7567094471965135,4.999999999999999,3.8672664248320388,True,0.9965333743530747,5.0841575473490535,13.0,1997.0821355783714,2001.0657084736486,2001.0383299657774,2001.1204654893913,2001.010951457906,2001.175222505134,2008.9744968450693,2001.1412948588602,2009.0045091132151,-7.908788371420769,7.908788371420769,False,False,0.0821355236139425,7.8632142543549435,1.0
sim0012_ME,1801,29.99726201232056,1,2sm,7.7567094471965135,4.999999999999999,3.8672664248320388,True,0.9965333743530747,5.0841575473490535,14.0,1997.0821355783714,2001.0657084736486,2001.0383299657774,2001.1204654893913,2001.010951457906,2001.175222505134,2008.9744968450693,2001.1412948588602,2009.0045091132151,-7.908788371420769,7.908788371420769,False,False,0.0821355236139425,7.8632142543549435,1.0
sim0012_ME,1801,29.99726201232056,1,2sm,7.7567094471965135,4.999999999999999,3.8672664248320388,True,0.9965333743530747,5.0841575473490535,14.998631019848972,1997.0821355783714,2001.0657084736486,2001.0383299657774,2001.1204654893913,2001.010951457906,2001.175222505134,2008.9744968450693,2001.1412948588602,2009.0045091132151,-7.908788371420769,7.908788371420769,False,False,0.0821355236139425,7.8632142543549435,1.0
sim0012_ME,1801,29.99726201232056,2,2sm,7.769848076184609,4.999999999999999,3.860726968943612,True,0.9996893134723573,5.033089261554342,1.0,2001.3287359342912,2001.4040268309373,2001.4040268309373,2001.4040268309373,2001.4040268309373,2001.4040268309373,2001.336374601812,2001.336374601812,2001.336374601812,0.06765222912531499,0.06765222912531499,False,False,0.0,0.0,1.0
sim0012_ME,1801,29.99726201232056,2,2sm,7.769848076184609,4.999999999999999,3.860726968943612,True,0.9996893134723573,5.033089261554342,2.0,2001.3287359342912,2001.4040268309373,2001.4040268309373,2001.4040268309373,2001.4040268309373,2001.4040268309373,2001.336374601812,2001.336374601812,2001.336374601812,0.06765222912531499,0.06765222912531499,False,False,0.0,0.0,1.0
sim0012_ME,1801,29.99726201232056,2,2sm,7.769848076184609,4.999999999999999,3.860726968943612,True,0.9996893134723573,5.033089261554342,3.0,2001.3287359342912,2001.4040268309373,2001.4040268309373,2001.4040268309373,2001.4040268309373,2001.4040268309373,2001.336374601812,2001.336374601812,2001.336374601812,0.06765222912531499,0.06765222912531499,False,False,0.0,0.0,1.0
sim0012_ME,1801,29.99726201232056,2,2sm,7.769848076184609,4.999999999999999,3.860726968943612,True,0.9996893134723573,5.033089261554342,4.0,2001.3287359342912,2001.4040268309373,2001.4040268309373,2001.4040268309373,2001.4040268309373,2001.4040268309373,2001.336374601812,2001.336374601812,2001.336374601812,0.06765222912531499,0.06765222912531499,False,False,0.0,0.0,1.0
sim0012_ME,1801,29.99726201232056,2,2sm,7.769848076184609,4.999999999999999,3.860726968943612,True,0.9996893134723573,5.033089261554342,5.0,2001.3287359342912,2001.4040268309373,2001.4040268309373,2001.4040268309373,2001.4040268309373,2001.4040268309373,2001.336374601812,2001.336374601812,2001.336374601812,0.06765222912531499,0.06765222912531499,False,False,0.0,0.0,1.0
sim0012_ME,1801,29.99726201232056,2,2sm,7.769848076184609,4.999999999999999,3.860726968943612,True,0.9996893134723573,5.033089261554342,6.0,2001.3287359342912,2001.4040268309373,2001.4040268309373,2001.4040268309373,2001.4040268309373,2001.4040268309373,2001.336374601812,2001.336374601812,2001.336374601812,0.06765222912531499,0.06765222912531499,False,False,0.0,0.0,1.0
sim0012_ME,1801,29.99726201232056,2,2sm,7.769848076184609,4.999999999999999,3.860726968943612,True,0.9996893134723573,5.033089261554342,7.0,2001.3287359342912,2001.4040268309373,2001.4040268309373,2001.4040268309373,2001.4040268309373,2001.4040268309373,2001.336374601812,2001.336374601812,2001.336374601812,0.06765222912531499,0.06765222912531499,False,False,0.0,0.0,1.0
sim0012_ME,1801,29.99726201232056,2,2sm,7.769848076184609,4.999999999999999,3.860726968943612,True,0.9996893134723573,5.033089261554342,8.0,2001.3287359342912,2001.4040268309373,2001.4040268309373,2001.4040268309373,2001.4040268309373,2001.4040268309373,2008.9444845769222,2008.9444845769222,2008.9744968450693,-7.540457745984895,7.540457745984895,False,False,0.0,0.030012268147174836,1.0
sim0012_ME,1801,29.99726201232056,2,2sm,7.769848076184609,4.999999999999999,3.860726968943612,True,0.9996893134723573,5.033089261554342,9.0,2001.3287359342912,2001.4040268309373,2001.4040268309373,2001.4040268309373,2001.4040268309373,2001.4040268309373,2008.9444845769222,2008.9444845769222,2008.9744968450693,-7.540457745984895,7.540457745984895,False,False,0.0,0.030012268147174836,1.0
sim0012_ME,1801,29.99726201232056,2,2sm,7.769848076184609,4.999999999999999,3.860726968943612,True,0.9996893134723573,5.033089261554342,10.0,2001.3287359342912,2001.4040268309373,2001.4040268309373,2001.4040268309373,2001.4040268309373,2001.4040268309373,2008.9444845769222,2008.9444845769222,2008.9744968450693,-7.540457745984895,7.540457745984895,False,False,0.0,0.030012268147174836,1.0
sim0012_ME,1801,29.99726201232056,2,2sm,7.769848076184609,4.999999999999999,3.860726968943612,True,0.9996893134723573,5.033089261554342,10.75203066392919,2001.3287359342912,2001.4040268309373,2001.4040268309373,2001.4040268309373,2001.4040268309373,2001.4040268309373,2008.9444845769222,2008.9444845769222,2008.9744968450693,-7.540457745984895,7.540457745984895,False,False,0.0,0.030012268147174836,1.0
sim0012_ME,1801,29.99726201232056,3,3sml,7.7792272914388825,4.999999999999999,3.8560721892433776,True,0.999987292163035,4.760554514695582,1.0,2006.0900757289533,2007.0893912662566,2007.0893912662566,2007.0893912662566,2007.0893912662566,2007.0893912662566,2007.0837239518464,2007.0837239518464,2007.0837239518464,0.005667314410175095,0.005667314410175095,False,False,0.0,0.0,1.0
sim0012_ME,1801,29.99726201232056,3,3sml,7.7792272914388825,4.999999999999999,3.8560721892433776,True,0.999987292163035,4.760554514695582,2.0,2006.0900757289533,2008.0750175496241,2008.0750175496241,2008.0750175496241,2008.0750175496241,2008.0750175496241,2008.0891349347503,2008.0891349347503,2008.0891349347503,-0.014117385126155568,0.014117385126155568,False,False,0.0,0.0,1.0
sim0012_ME,1801,29.99726201232056,3,3sml,7.7792272914388825,4.999999999999999,3.8560721892433776,True,0.999987292163035,4.760554514695582,3.0,2006.0900757289533,2008.841615770021,2008.8142372621498,2008.8689942778924,2008.7868587542785,2008.8689942778924,2008.8694539065566,2008.8694539065566,2008.884460040629,-0.02783813653559264,0.02783813653559264,False,False,0.05475701574255254,0.015006134072336863,1.0
sim0012_ME,1801,29.99726201232056,3,3sml,7.7792272914388825,4.999999999999999,3.8560721892433776,True,0.999987292163035,4.760554514695582,4.0,2006.0900757289533,2008.841615770021,2008.8142372621498,2008.8689942778924,2008.7868587542785,2008.8689942778924,2008.8694539065566,2008.8694539065566,2008.884460040629,-0.02783813653559264,0.02783813653559264,False,False,0.05475701574255254,0.015006134072336863,1.0
sim0012_ME,1801,29.99726201232056,3,3sml,7.7792272914388825,4.999999999999999,3.8560721892433776,True,0.999987292163035,4.760554514695582,5.0,2006.0900757289533,2008.841615770021,2008.8142372621498,2008.8689942778924,2008.7868587542785,2008.8689942778924,2008.8694539065566,2008.8694539065566,2008.884460040629,-0.02783813653559264,0.02783813653559264,False,False,0.05475701574255254,0.015006134072336863,1.0
sim0012_ME,1801,29.99726201232056,3,3sml,7.7792272914388825,4.999999999999999,3.8560721892433776,True,0.999987292163035,4.760554514695582,5.990690869267155,2006.0900757289533,2008.841615770021,2008.8142372621498,2008.8689942778924,2008.7868587542785,2008.8689942778924,2008.8694539065566,2008.8694539065566,2008.884460040629,-0.02783813653559264,0.02783813653559264,False,False,0.05475701574255254,0.015006134072336863,1.0
sim0012_ME,1801,29.99726201232056,4,2sm,7.76156551958125,4.999999999999999,3.8648468452198244,True,0.999972634736203,4.693400697110779,1.0,2010.3366760574945,2010.4119669541406,2010.4119669541406,2010.4119669541406,2010.4119669541406,2010.4119669541406,2010.3400550457297,2010.3400550457297,2010.3400550457297,0.07191190841081152,0.07191190841081152,False,False,0.0,0.0,1.0
sim0012_ME,1801,29.99726201232056,4,2sm,7.76156551958125,4.999999999999999,3.8648468452198244,True,0.999972634736203,4.693400697110779,1.7440905407258924,2010.3366760574945,2010.4119669541406,2010.4119669541406,2010.4119669541406,2010.4119669541406,2010.4119669541406,2010.3400550457297,2010.3400550457297,2010.3400550457297,0.07191190841081152,0.07191190841081152,False,False,0.0,0.0,1.0
sim0013_MM,1801,29.99726201232056,0,2sm,5.39677385199169,4.999999999999999,5.558369284132596,True,0.9957031120771871,1.419141851574939,1.0,1993.081953045859,1993.732192607803,1993.650057084189,1993.732192607803,1993.650057084189,1993.732192607803,1993.908338235579,1993.8633198333594,1993.908338235579,-0.17614562777612264,0.17614562777612264,False,False,0.0821355236139425,0.04501840221973907,1.0
sim0013_MM,1801,29.99726201232056,0,2sm,5.39677385199169,4.999999999999999,5.558369284132596,True,0.9957031120771871,1.419141851574939,2.0,1993.081953045859,1993.732192607803,1993.650057084189,1993.732192607803,1993.650057084189,1993.732192607803,1993.908338235579,1993.8633198333594,1993.908338235579,-0.17614562777612264,0.17614562777612264,False,False,0.0821355236139425,0.04501840221973907,1.0
sim0013_MM,1801,29.99726201232056,0,2sm,5.39677385199169,4.999999999999999,5.558369284132596,True,0.9957031120771871,1.419141851574939,3.0,1993.081953045859,1993.732192607803,1993.650057084189,1993.732192607803,1993.650057084189,1993.732192607803,1993.908338235579,1993.8633198333594,1993.908338235579,-0.17614562777612264,0.17614562777612264,False,False,0.0821355236139425,0.04501840221973907,1.0
sim0013_MM,1801,29.99726201232056,0,2sm,5.39677385199169,4.999999999999999,5.558369284132596,True,0.9957031120771871,1.419141851574939,4.0,1993.081953045859,1993.732192607803,1993.650057084189,1993.732192607803,1993.650057084189,1993.732192607803,1993.908338235579,1993.8633198333594,1993.908338235579,-0.17614562777612264,0.17614562777612264,False,False,0.0821355236139425,0.04501840221973907,1.0
sim0013_MM,1801,29.99726201232056,0,2sm,5.39677385199169,4.999999999999999,5.558369284132596,True,0.9957031120771871,1.419141851574939,5.0,1993.081953045859,1993.732192607803,1993.650057084189,1993.732192607803,1993.650057084189,1993.732192607803,1993.908338235579,1993.8633198333594,1993.908338235579,-0.17614562777612264,0.17614562777612264,False,False,0.0821355236139425,0.04501840221973907,1.0
sim0013_MM,1801,29.99726201232056,0,2sm,5.39677385199169,4.999999999999999,5.558369284132596,True,0.9957031120771871,1.419141851574939,6.0,1993.081953045859,1993.732192607803,1993.650057084189,1993.732192607803,1993.650057084189,1993.732192607803,1993.908338235579,1993.878325967433,1999.0554422226853,-0.17614562777612264,0.17614562777612264,False,False,0.0821355236139425,5.177116255252258,1.0
sim0013_MM,1801,29.99726201232056,0,2sm,5.39677385199169,4.999999999999999,5.558369284132596,True,0.9957031120771871,1.419141851574939,7.0,1993.081953045859,1993.732192607803,1993.650057084189,1993.732192607803,1993.650057084189,1993.732192607803,1993.908338235579,1993.8933321015054,1999.0554422226853,-0.17614562777612264,0.17614562777612264,False,False,0.0821355236139425,5.162110121179921,1.0
sim0013_MM,1801,29.99726201232056,0,2sm,5.39677385199169,4.999999999999999,5.558369284132596,True,0.9957031120771871,1.419141851574939,8.0,1993.081953045859,1993.732192607803,1993.650057084189,1993.732192607803,1993.650057084189,1993.732192607803,1993.908338235579,1993.8933321015054,1999.0554422226853,-0.17614562777612264,0.17614562777612264,False,False,0.0821355236139425,5.162110121179921,1.0
sim0013_MM,1801,29.99726201232056,0,2sm,5.39677385199169,4.999999999999999,5.558369284132596,True,0.9957031120771871,1.419141851574939,9.0,1993.081953045859,1993.732192607803,1993.650057084189,1993.732192607803,1993.650057084189,1993.732192607803,1993.908338235579,1993.8933321015054,1999.0554422226853,-0.17614562777612264,0.17614562777612264,False,False,0.0821355236139425,5.162110121179921,1.0
sim0013_MM,1801,29.99726201232056,0,2sm,5.39677385199169,4.999999999999999,5.558369284132596,True,0.9957031120771871,1.419141851574939,10.0,1993.081953045859,1993.732192607803,1993.650057084189,1993.732192607803,1993.650057084189,1993.732192607803,1993.908338235579,1993.8933321015054,1999.0554422226853,-0.17614562777612264,0.17614562777612264,False,False,0.0821355236139425,5.162110121179921,1.0
sim0013_MM,1801,29.99726201232056,0,2sm,5.39677385199169,4.999999999999999,5.558369284132596,True,0.9957031120771871,1.419141851574939,11.0,1993.081953045859,1993.732192607803,1993.650057084189,1993.732192607803,1993.650057084189,1993.732192607803,1993.908338235579,1993.8933321015054,1999.0554422226853,-0.17614562777612264,0.17614562777612264,False,False,0.0821355236139425,5.162110121179921,1.0
sim0013_MM,1801,29.99726201232056,0,2sm,5.39677385199169,4.999999999999999,5.558369284132596,True,0.9957031120771871,1.419141851574939,12.0,1993.081953045859,1993.732192607803,1993.650057084189,1993.732192607803,1993.650057084189,1993.732192607803,1999.1004606249048,1993.8933321015054,2004.2025462097918,-5.368268017101855,5.368268017101855,False,False,0.0821355236139425,10.309214108286369,1.0
sim0013_MM,1801,29.99726201232056,0,2sm,5.39677385199169,4.999999999999999,5.558369284132596,True,0.9957031120771871,1.419141851574939,13.0,1993.081953045859,1993.732192607803,1993.650057084189,1993.732192607803,1993.650057084189,1993.732192607803,1999.1004606249048,1993.8933321015054,2004.2025462097918,-5.368268017101855,5.368268017101855,False,False,0.0821355236139425,10.309214108286369,1.0
sim0013_MM,1801,29.99726201232056,0,2sm,5.39677385199169,4.999999999999999,5.558369284132596,True,0.9957031120771871,1.419141851574939,14.0,1993.081953045859,1993.732192607803,1993.650057084189,1993.732192607803,1993.650057084189,1993.732192607803,1999.1004606249048,1993.8933321015054,2004.2025462097918,-5.368268017101855,5.368268017101855,False,False,0.0821355236139425,10.309214108286369,1.0
sim0013_MM,1801,29.99726201232056,0,2sm,5.39677385199169,4.999999999999999,5.558369284132596,True,0.9957031120771871,1.419141851574939,15.0,1993.081953045859,1993.732192607803,1993.650057084189,1993.732192607803,1993.650057084189,1993.732192607803,1999.1004606249048,1993.8933321015054,2004.2025462097918,-5.368268017101855,5.368268017101855,False,False,0.0821355236139425,10.309214108286369,1.0
sim0013_MM,1801,29.99726201232056,0,2sm,5.39677385199169,4.999999999999999,5.558369284132596,True,0.9957031120771871,1.419141851574939,16.0,1993.081953045859,1993.732192607803,1993.650057084189,1993.732192607803,1993.650057084189,1993.732192607803,1999.1004606249048,1993.8933321015054,2004.2025462097918,-5.368268017101855,5.368268017101855,False,False,0.0821355236139425,10.309214108286369,1.0
sim0013_MM,1801,29.99726201232056,0,2sm,5.39677385199169,4.999999999999999,5.558369284132596,True,0.9957031120771871,1.419141851574939,17.0,1993.081953045859,1993.732192607803,1993.650057084189,1993.732192607803,1993.650057084189,1993.732192607803,2009.3346440628259,1993.908338235579,2009.3796624650454,-15.602451455022901,15.602451455022901,False,False,0.0821355236139425,15.47132422946629,1.0
sim0013_MM,1801,29.99726201232056,0,2sm,5.39677385199169,4.999999999999999,5.558369284132596,True,0.9957031120771871,1.419141851574939,18.0,1993.081953045859,1993.732192607803,1993.650057084189,1993.732192607803,1993.650057084189,1993.732192607803,2009.3346440628259,1993.908338235579,2009.3796624650454,-15.602451455022901,15.602451455022901,False,False,0.0821355236139425,15.47132422946629,1.0
sim0013_MM,1801,29.99726201232056,0,2sm,5.39677385199169,4.999999999999999,5.558369284132596,True,0.9957031120771871,1.419141851574939,18.998813552361298,1993.081953045859,1993.732192607803,1993.650057084189,1993.732192607803,1993.650057084189,1993.732192607803,2009.3346440628259,1993.908338235579,2009.3796624650454,-15.602451455022901,15.602451455022901,False,False,0.0821355236139425,15.47132422946629,1.0
sim0013_MM,1801,29.99726201232056,1,2sm,5.354784295012099,4.999999999999999,5.601955253410032,True,0.9994299378797502,1.4165307938373854,1.0,1997.0821355783714,1998.0814511156746,1998.0814511156746,1998.0814511156746,1998.0814511156746,1998.0814511156746,1998.0800435079273,1998.0800435079273,1998.0800435079273,0.0014076077472964243,0.0014076077472964243,False,False,0.0,0.0,1.0
sim0013_MM,1801,29.99726201232056,1,2sm,5.354784295012099,4.999999999999999,5.601955253410032,True,0.9994299378797502,1.4165307938373854,2.0,1997.0821355783714,1999.0123203832995,1998.9849418754281,1999.039698891171,1998.9849418754281,1999.067077399042,1999.0254299545395,1999.0254299545395,1999.0254299545395,-0.01310957123996559,0.01310957123996559,True,True,0.05475701574277991,0.0,1.0
sim0013_MM,1801,29.99726201232056,1,2sm,5.354784295012099,4.999999999999999,5.601955253410032,True,0.9994299378797502,1.4165307938373854,3.0,1997.0821355783714,1999.0123203832995,1998.9849418754281,1999.039698891171,1998.9849418754281,1999.067077399042,1999.0254299545395,1999.0254299545395,1999.0254299545395,-0.01310957123996559,0.01310957123996559,True,True,0.05475701574277991,0.0,1.0
sim0013_MM,1801,29.99726201232056,1,2sm,5.354784295012099,4.999999999999999,5.601955253410032,True,0.9994299378797502,1.4165307938373854,4.0,1997.0821355783714,1999.0123203832995,1998.9849418754281,1999.039698891171,1998.9849418754281,1999.067077399042,1999.0254299545395,1999.0254299545395,1999.0254299545395,-0.01310957123996559,0.01310957123996559,True,True,0.05475701574277991,0.0,1.0
sim0013_MM,1801,29.99726201232056,1,2sm,5.354784295012099,4.999999999999999,5.601955253410032,True,0.9994299378797502,1.4165307938373854,5.0,1997.0821355783714,1999.0123203832995,1998.9849418754281,1999.039698891171,1998.9849418754281,1999.067077399042,1999.0254299545395,1999.0254299545395,1999.0254299545395,-0.01310957123996559,0.01310957123996559,True,True,0.05475701574277991,0.0,1.0
sim0013_MM,1801,29.99726201232056,1,2sm,5.354784295012099,4.999999999999999,5.601955253410032,True,0.9994299378797502,1.4165307938373854,6.0,1997.0821355783714,1999.0123203832995,1998.9849418754281,1999.039698891171,1998.9849418754281,1999.067077399042,1999.0254299545395,1999.0254299545395,1999.0254299545395,-0.01310957123996559,0.01310957123996559,True,True,0.05475701574277991,0.0,1.0
sim0013_MM,1801,29.99726201232056,1,2sm,5.354784295012099,4.999999999999999,5.601955253410032,True,0.9994299378797502,1.4165307938373854,7.0,1997.0821355783714,1999.0123203832995,1998.9849418754281,1999.039698891171,1998.9849418754281,1999.067077399042,1999.0254299545395,1999.0254299545395,1999.0254299545395,-0.01310957123996559,0.01310957123996559,True,True,0.05475701574277991,0.0,1.0
sim0013_MM,1801,29.99726201232056,1,2sm,5.354784295012099,4.999999999999999,5.601955253410032,True,0.9994299378797502,1.4165307938373854,8.0,1997.0821355783714,1999.0123203832995,1998.9849418754281,1999.039698891171,1998.9849418754281,1999.067077399042,2004.3676136845977,2004.3676136845977,2004.3676136845977,-5.355293301298161,5.355293301298161,False,False,0.05475701574277991,0.0,1.0
sim0013_MM,1801,29.99726201232056,1,2sm,5.354784295012099,4.999999999999999,5.601955253410032,True,0.9994299378797502,1.4165307938373854,9.0,1997.0821355783714,1999.0123203832995,1998.9849418754281,1999.039698891171,1998.9849418754281,1999.067077399042,2004.3676136845977,2004.3676136845977,2004.3676136845977,-5.355293301298161,5.355293301298161,False,False,0.05475701574277991,0.0,1.0
sim0013_MM,1801,29.99726201232056,1,2sm,5.354784295012099,4.999999999999999,5.601955253410032,True,0.9994299378797502,1.4165307938373854,10.0,1997.0821355783714,1999.0123203832995,1998.9849418754281,1999.039698891171,1998.9849418754281,1999.067077399042,2004.3676136845977,2004.3676136845977,2004.3676136845977,-5.355293301298161,5.355293301298161,False,False,0.05475701574277991,0.0,1.0
sim0013_MM,1801,29.99726201232056,1,2sm,5.354784295012099,4.999999999999999,5.601955253410032,True,0.9994299378797502,1.4165307938373854,11.0,1997.0821355783714,1999.0123203832995,1998.9849418754281,1999.039698891171,1998.9849418754281,1999.067077399042,2004.3676136845977,2004.3676136845977,2004.3676136845977,-5.355293301298161,5.355293301298161,False,False,0.05475701574277991,0.0,1.0
sim0013_MM,1801,29.99726201232056,1,2sm,5.354784295012099,4.999999999999999,5.601955253410032,True,0.9994299378797502,1.4165307938373854,12.0,1997.0821355783714,1999.0123203832995,1998.9849418754281,1999.039698891171,1998.9849418754281,1999.067077399042,2004.3676136845977,2004.3676136845977,2004.3676136845977,-5.355293301298161,5.355293301298161,False,False,0.05475701574277991,0.0,1.0
sim0013_MM,1801,29.99726201232056,1,2sm,5.354784295012099,4.999999999999999,5.601955253410032,True,0.9994299378797502,1.4165307938373854,13.0,1997.0821355783714,1999.0123203832995,1998.9849418754281,1999.039698891171,1998.9849418754281,1999.067077399042,2004.3676136845977,2004.3676136845977,2004.3676136845977,-5.355293301298161,5.355293301298161,False,False,0.05475701574277991,0.0,1.0
sim0013_MM,1801,29.99726201232056,1,2sm,5.354784295012099,4.999999999999999,5.601955253410032,True,0.9994299378797502,1.4165307938373854,14.0,1997.0821355783714,1999.0123203832995,1998.9849418754281,1999.039698891171,1998.9849418754281,1999.067077399042,2004.3676136845977,2004.3676136845977,2004.3676136845977,-5.355293301298161,5.355293301298161,False,False,0.05475701574277991,0.0,1.0
sim0013_MM,1801,29.99726201232056,1,2sm,5.354784295012099,4.999999999999999,5.601955253410032,True,0.9994299378797502,1.4165307938373854,14.998631019848972,1997.0821355783714,1999.0123203832995,1998.9849418754281,1999.039698891171,1998.9849418754281,1999.067077399042,2004.3676136845977,2004.3676136845977,2004.3676136845977,-5.355293301298161,5.355293301298161,False,False,0.05475701574277991,0.0,1.0
sim0013_MM,1801,29.99726201232056,2,2sm,5.351160622493688,4.999999999999999,5.605748757797813,True,0.9980756361137738,1.3569830014362831,1.0,2001.3287359342912,2002.3280514715946,2002.3280514715946,2002.3280514715946,2002.3280514715946,2002.3280514715946,2002.3267794506423,2002.3267794506423,2002.3267794506423,0.0012720209522285586,0.0012720209522285586,False,False,0.0,0.0,1.0
sim0013_MM,1801,29.99726201232056,2,2sm,5.351160622493688,4.999999999999999,5.605748757797813,True,0.9980756361137738,1.3569830014362831,2.0,2001.3287359342912,2003.313677754962,2003.313677754962,2003.313677754962,2003.313677754962,2003.313677754962,2003.3171842994727,2003.3171842994727,2003.3171842994727,-0.0035065445106283732,0.0035065445106283732,False,False,0.0,0.0,1.0
sim0013_MM,1801,29.99726201232056,2,2sm,5.351160622493688,4.999999999999999,5.605748757797813,True,0.9980756361137738,1.3569830014362831,3.0,2001.3287359342912,2004.3266825462008,2004.3266825462008,2004.3266825462008,2004.3266825462008,2004.3266825462008,2004.3225952823782,2004.3225952823782,2004.3225952823782,0.004087263822611931,0.004087263822611931,False,False,0.0,0.0,1.0
sim0013_MM,1801,29.99726201232056,2,2sm,5.351160622493688,4.999999999999999,5.605748757797813,True,0.9980756361137738,1.3569830014362831,4.0,2001.3287359342912,2004.3540610540722,2004.3540610540722,2004.3814395619436,2004.3266825462008,2004.3814395619436,2004.3676136845977,2004.3676136845977,2004.3676136845977,-0.013552630525509812,0.013552630525509812,True,True,0.027378507871389957,0.0,1.0
sim0013_MM,1801,29.99726201232056,2,2sm,5.351160622493688,4.999999999999999,5.605748757797813,True,0.9980756361137738,1.3569830014362831,5.0,2001.3287359342912,2004.3540610540722,2004.3540610540722,2004.3814395619436,2004.3266825462008,2004.3814395619436,2004.3676136845977,2004.3676136845977,2004.3676136845977,-0.013552630525509812,0.013552630525509812,True,True,0.027378507871389957,0.0,1.0
sim0013_MM,1801,29.99726201232056,2,2sm,5.351160622493688,4.999999999999999,5.605748757797813,True,0.9980756361137738,1.3569830014362831,6.0,2001.3287359342912,2004.3540610540722,2004.3540610540722,2004.3814395619436,2004.3266825462008,2004.3814395619436,2004.3676136845977,2004.3676136845977,2004.3676136845977,-0.013552630525509812,0.013552630525509812,True,True,0.027378507871389957,0.0,1.0
sim0013_MM,1801,29.99726201232056,2,2sm,5.351160622493688,4.999999999999999,5.605748757797813,True,0.9980756361137738,1.3569830014362831,7.0,2001.3287359342912,2004.3540610540722,2004.3540610540722,2004.3814395619436,2004.3266825462008,2004.3814395619436,2004.3676136845977,2004.3676136845977,2004.3676136845977,-0.013552630525509812,0.013552630525509812,True,True,0.027378507871389957,0.0,1.0
sim0013_MM,1801,29.99726201232056,2,2sm,5.351160622493688,4.999999999999999,5.605748757797813,True,0.9980756361137738,1.3569830014362831,8.0,2001.3287359342912,2004.3540610540722,2004.3540610540722,2004.3814395619436,2004.3266825462008,2004.3814395619436,2004.3676136845977,2004.3676136845977,2004.3676136845977,-0.013552630525509812,0.013552630525509812,True,True,0.027378507871389957,0.0,1.0
sim0013_MM,1801,29.99726201232056,2,2sm,5.351160622493688,4.999999999999999,5.605748757797813,True,0.9980756361137738,1.3569830014362831,9.0,2001.3287359342912,2004.3540610540722,2004.3540610540722,2004.3814395619436,2004.3266825462008,2004.3814395619436,2009.7248035487282,2004.3676136845977,2009.7248035487282,-5.370742494656042,5.370742494656042,False,False,0.027378507871389957,5.357189864130532,1.0
sim0013_MM,1801,29.99726201232056,2,2sm,5.351160622493688,4.999999999999999,5.605748757797813,True,0.9980756361137738,1.3569830014362831,10.0,2001.3287359342912,2004.3540610540722,2004.3540610540722,2004.3814395619436,2004.3266825462008,2004.3814395619436,2009.7248035487282,2004.3676136845977,2009.7248035487282,-5.370742494656042,5.370742494656042,False,False,0.027378507871389957,5.357189864130532,1.0
sim0013_MM,1801,29.99726201232056,2,2sm,5.351160622493688,4.999999999999999,5.605748757797813,True,0.9980756361137738,1.3569830014362831,10.75203066392919,2001.3287359342912,2004.3540610540722,2004.3540610540722,2004.3814395619436,2004.3266825462008,2004.3814395619436,2009.7248035487282,2004.3676136845977,2009.7248035487282,-5.370742494656042,5.370742494656042,False,False,0.027378507871389957,5.357189864130532,1.0
sim0013_MM,1801,29.99726201232056,3,3sml,5.361665150238569,4.999999999999999,5.594766023571208,True,0.9992843852047372,1.3723556858075268,1.0,2006.0900757289533,2006.2475021492135,2006.2475021492135,2006.2475021492135,2006.2475021492135,2006.2475021492135,2006.0933191030147,2006.0933191030147,2006.0933191030147,0.15418304619879564,0.15418304619879564,False,False,0.0,0.0,1.0
sim0013_MM,1801,29.99726201232056,3,3sml,5.361665150238569,4.999999999999999,5.594766023571208,True,0.9992843852047372,1.3723556858075268,2.0,2006.0900757289533,2008.0750175496241,2008.0750175496241,2008.0750175496241,2006.2475021492135,2008.0750175496241,2007.8790490577248,2007.8640429236525,2008.0891349347503,0.19596849189929344,0.19596849189929344,False,True,0.0,0.22509201109778587,1.0
sim0013_MM,1801,29.99726201232056,3,3sml,5.361665150238569,4.999999999999999,5.594766023571208,True,0.9992843852047372,1.3723556858075268,3.0,2006.0900757289533,2009.088022340863,2009.088022340863,2009.088022340863,2009.088022340863,2009.088022340863,2007.8940551917985,2007.8640429236525,2009.0795397835807,1.1939671490645196,1.1939671490645196,False,False,0.0,1.2154968599281801,1.0
sim0013_MM,1801,29.99726201232056,3,3sml,5.361665150238569,4.999999999999999,5.594766023571208,True,0.9992843852047372,1.3723556858075268,4.0,2006.0900757289533,2009.772485037646,2009.772485037646,2009.7998635455174,2009.7451065297746,2009.8272420533885,2009.6647790124364,2009.6647790124364,2009.6797851465087,0.10770602520960892,0.10770602520960892,False,False,0.027378507871389957,0.015006134072336863,1.0
sim0013_MM,1801,29.99726201232056,3,3sml,5.361665150238569,4.999999999999999,5.594766023571208,True,0.9992843852047372,1.3723556858075268,5.0,2006.0900757289533,2009.772485037646,2009.772485037646,2009.7998635455174,2009.7451065297746,2009.8272420533885,2009.6647790124364,2009.6647790124364,2009.6797851465087,0.10770602520960892,0.10770602520960892,False,False,0.027378507871389957,0.015006134072336863,1.0
sim0013_MM,1801,29.99726201232056,3,3sml,5.361665150238569,4.999999999999999,5.594766023571208,True,0.9992843852047372,1.3723556858075268,5.990690869267155,2006.0900757289533,2009.772485037646,2009.772485037646,2009.7998635455174,2009.7451065297746,2009.8272420533885,2009.6647790124364,2009.6647790124364,2009.6797851465087,0.10770602520960892,0.10770602520960892,False,False,0.027378507871389957,0.015006134072336863,1.0
sim0013_MM,1801,29.99726201232056,4,2sm,5.354456539845854,4.999999999999999,5.602298158383061,True,0.9994413559829944,1.4282712287378956,1.0,2010.3366760574945,2010.4941024777545,2010.4941024777545,2010.4941024777545,2010.4941024777545,2010.4941024777545,2010.3400550457297,2010.3400550457297,2010.3400550457297,0.15404743202475402,0.15404743202475402,False,False,0.0,0.0,1.0
sim0013_MM,1801,29.99726201232056,4,2sm,5.354456539845854,4.999999999999999,5.602298158383061,True,0.9994413559829944,1.4282712287378956,1.7440905407258924,2010.3366760574945,2010.4941024777545,2010.4941024777545,2010.4941024777545,2010.4941024777545,2010.4941024777545,2010.3400550457297,2010.3400550457297,2010.3400550457297,0.15404743202475402,0.15404743202475402,False,False,0.0,0.0,1.0
sim0014_ME,1801,29.99726201232056,0,2sm,7.554136486730426,4.999999999999999,3.970971674262659,True,0.990602149528862,1.1855833620491794,1.0,1993.081953045859,1993.650057084189,1993.2393794661193,1993.732192607803,1993.2393794661193,1993.814328131417,1994.0583995763113,1994.0433934422376,1994.0734057103837,-0.40834249212230134,0.40834249212230134,False,False,0.492813141683655,0.030012268146037968,1.0
sim0014_ME,1801,29.99726201232056,0,2sm,7.554136486730426,4.999999999999999,3.970971674262659,True,0.990602149528862,1.1855833620491794,2.0,1993.081953045859,1993.650057084189,1993.2393794661193,1993.732192607803,1993.2393794661193,1993.814328131417,1994.0583995763113,1994.0433934422376,1994.0734057103837,-0.40834249212230134,0.40834249212230134,False,False,0.492813141683655,0.030012268146037968,1.0
sim0014_ME,1801,29.99726201232056,0,2sm,7.554136486730426,4.999999999999999,3.970971674262659,True,0.990602149528862,1.1855833620491794,3.0,1993.081953045859,1993.650057084189,1993.2393794661193,1993.732192607803,1993.2393794661193,1993.814328131417,1994.0583995763113,1994.0433934422376,1994.0734057103837,-0.40834249212230134,0.40834249212230134,False,False,0.492813141683655,0.030012268146037968,1.0
sim0014_ME,1801,29.99726201232056,0,2sm,7.554136486730426,4.999999999999999,3.970971674262659,True,0.990602149528862,1.1855833620491794,4.0,1993.081953045859,1993.650057084189,1993.2393794661193,1993.732192607803,1993.2393794661193,1993.814328131417,1994.0583995763113,1994.0433934422376,1994.0734057103837,-0.40834249212230134,0.40834249212230134,False,False,0.492813141683655,0.030012268146037968,1.0
sim0014_ME,1801,29.99726201232056,0,2sm,7.554136486730426,4.999999999999999,3.970971674262659,True,0.990602149528862,1.1855833620491794,5.0,1993.081953045859,1993.650057084189,1993.2393794661193,1993.732192607803,1993.2393794661193,1993.814328131417,1994.0583995763113,1994.0433934422376,1994.0734057103837,-0.40834249212230134,0.40834249212230134,False,False,0.492813141683655,0.030012268146037968,1.0
sim0014_ME,1801,29.99726201232056,0,2sm,7.554136486730426,4.999999999999999,3.970971674262659,True,0.990602149528862,1.1855833620491794,6.0,1993.081953045859,1993.650057084189,1993.2393794661193,1993.732192607803,1993.2393794661193,1993.814328131417,1994.0583995763113,1994.0433934422376,1994.0734057103837,-0.40834249212230134,0.40834249212230134,False,False,0.492813141683655,0.030012268146037968,1.0
sim0014_ME,1801,29.99726201232056,0,2sm,7.554136486730426,4.999999999999999,3.970971674262659,True,0.990602149528862,1.1855833620491794,7.0,1993.081953045859,1993.650057084189,1993.2393794661193,1993.732192607803,1993.2393794661193,1993.814328131417,1994.0583995763113,1994.0433934422376,1994.0734057103837,-0.40834249212230134,0.40834249212230134,False,False,0.492813141683655,0.030012268146037968,1.0
sim0014_ME,1801,29.99726201232056,0,2sm,7.554136486730426,4.999999999999999,3.970971674262659,True,0.990602149528862,1.1855833620491794,8.0,1993.081953045859,1993.650057084189,1993.2393794661193,1993.732192607803,1993.2393794661193,1993.814328131417,1994.0583995763113,1994.0433934422376,1994.0734057103837,-0.40834249212230134,0.40834249212230134,False,False,0.492813141683655,0.030012268146037968,1.0
sim0014_ME,1801,29.99726201232056,0,2sm,7.554136486730426,4.999999999999999,3.970971674262659,True,0.990602149528862,1.1855833620491794,9.0,1993.081953045859,1993.650057084189,1993.2393794661193,1993.732192607803,1993.2393794661193,1993.814328131417,1994.0734057103837,1994.0433934422376,2001.5014420766167,-0.4233486261946382,0.4233486261946382,False,False,0.492813141683655,7.458048634379111,1.0
sim0014_ME,1801,29.99726201232056,0,2sm,7.554136486730426,4.999999999999999,3.970971674262659,True,0.990602149528862,1.1855833620491794,10.0,1993.081953045859,1993.650057084189,1993.2393794661193,1993.732192607803,1993.2393794661193,1993.814328131417,1994.0734057103837,1994.0433934422376,2001.5014420766167,-0.4233486261946382,0.4233486261946382,False,False,0.492813141683655,7.458048634379111,1.0
sim0014_ME,1801,29.99726201232056,0,2sm,7.554136486730426,4.999999999999999,3.970971674262659,True,0.990602149528862,1.1855833620491794,11.0,1993.081953045859,1993.650057084189,1993.2393794661193,1993.732192607803,1993.2393794661193,1993.814328131417,1994.0734057103837,1994.0433934422376,2001.5014420766167,-0.4233486261946382,0.4233486261946382,False,False,0.492813141683655,7.458048634379111,1.0
sim0014_ME,1801,29.99726201232056,0,2sm,7.554136486730426,4.999999999999999,3.970971674262659,True,0.990602149528862,1.1855833620491794,12.0,1993.081953045859,1993.650057084189,1993.2393794661193,1993.732192607803,1993.2393794661193,1993.814328131417,1994.0734057103837,1994.0433934422376,2001.5014420766167,-0.4233486261946382,0.4233486261946382,False,False,0.492813141683655,7.458048634379111,1.0
sim0014_ME,1801,29.99726201232056,0,2sm,7.554136486730426,4.999999999999999,3.970971674262659,True,0.990602149528862,1.1855833620491794,13.0,1993.081953045859,1993.650057084189,1993.2393794661193,1993.732192607803,1993.2393794661193,1993.814328131417,1994.0734057103837,1994.0433934422376,2001.5014420766167,-0.4233486261946382,0.4233486261946382,False,False,0.492813141683655,7.458048634379111,1.0
sim0014_ME,1801,29.99726201232056,0,2sm,7.554136486730426,4.999999999999999,3.970971674262659,True,0.990602149528862,1.1855833620491794,14.0,1993.081953045859,1993.650057084189,1993.2393794661193,1993.732192607803,1993.2393794661193,1993.814328131417,1994.0734057103837,1994.0433934422376,2001.5014420766167,-0.4233486261946382,0.4233486261946382,False,False,0.492813141683655,7.458048634379111,1.0
sim0014_ME,1801,29.99726201232056,0,2sm,7.554136486730426,4.999999999999999,3.970971674262659,True,0.990602149528862,1.1855833620491794,15.0,1993.081953045859,1993.650057084189,1993.2393794661193,1993.732192607803,1993.2393794661193,1993.814328131417,1994.0734057103837,1994.0433934422376,2001.5014420766167,-0.4233486261946382,0.4233486261946382,False,False,0.492813141683655,7.458048634379111,1.0
sim0014_ME,1801,29.99726201232056,0,2sm,7.554136486730426,4.999999999999999,3.970971674262659,True,0.990602149528862,1.1855833620491794,16.0,1993.081953045859,1993.650057084189,1993.2393794661193,1993.732192607803,1993.2393794661193,1993.814328131417,2001.5014420766167,1994.0433934422376,2008.9744968450693,-7.851384992427711,7.851384992427711,False,False,0.492813141683655,14.931103402831695,1.0
sim0014_ME,1801,29.99726201232056,0,2sm,7.554136486730426,4.999999999999999,3.970971674262659,True,0.990602149528862,1.1855833620491794,17.0,1993.081953045859,1993.650057084189,1993.2393794661193,1993.732192607803,1993.2393794661193,1993.814328131417,2001.5014420766167,1994.0433934422376,2008.9744968450693,-7.851384992427711,7.851384992427711,False,False,0.492813141683655,14.931103402831695,1.0
sim0014_ME,1801,29.99726201232056,0,2sm,7.554136486730426,4.999999999999999,3.970971674262659,True,0.990602149528862,1.1855833620491794,18.0,1993.081953045859,1993.650057084189,1993.2393794661193,1993.732192607803,1993.2393794661193,1993.814328131417,2001.5014420766167,1994.0433934422376,2008.9744968450693,-7.851384992427711,7.851384992427711,False,False,0.492813141683655,14.931103402831695,1.0
sim0014_ME,1801,29.99726201232056,0,2sm,7.554136486730426,4.999999999999999,3.970971674262659,True,0.990602149528862,1.1855833620491794,18.998813552361298,1993.081953045859,1993.650057084189,1993.2393794661193,1993.732192607803,1993.2393794661193,1993.814328131417,2001.5014420766167,1994.0433934422376,2008.9744968450693,-7.851384992427711,7.851384992427711,False,False,0.492813141683655,14.931103402831695,1.0
sim0014_ME,1801,29.99726201232056,1,3sml,7.561197436412937,4.999999999999999,3.967263421513218,True,0.994939165433991,1.327394416127605,1.0,1997.0821355783714,1997.1574264750175,1997.1574264750175,1997.1574264750175,1997.1574264750175,1997.1574264750175,1997.0896386590969,1997.0896386590969,1997.0896386590969,0.06778781592061023,0.06778781592061023,False,False,0.0,0.0,1.0
sim0014_ME,1801,29.99726201232056,1,3sml,7.561197436412937,4.999999999999999,3.967263421513218,True,0.994939165433991,1.327394416127605,2.0,1997.0821355783714,1999.067077399042,1999.067077399042,1999.067077399042,1999.067077399042,1999.067077399042,1999.070448356759,1999.070448356759,1999.070448356759,-0.0033709577169247495,0.0033709577169247495,False,False,0.0,0.0,1.0
sim0014_ME,1801,29.99726201232056,1,3sml,7.561197436412937,4.999999999999999,3.967263421513218,True,0.994939165433991,1.327394416127605,3.0,1997.0821355783714,2000.080082190281,2000.080082190281,2000.080082190281,2000.080082190281,2000.080082190281,2000.0758593396629,2000.0758593396629,2000.0758593396629,0.004222850618134544,0.004222850618134544,False,False,0.0,0.0,1.0
sim0014_ME,1801,29.99726201232056,1,3sml,7.561197436412937,4.999999999999999,3.967263421513218,True,0.994939165433991,1.327394416127605,4.0,1997.0821355783714,2001.0657084736486,2001.0657084736486,2001.0657084736486,2001.0657084736486,2001.0657084736486,2001.081270322567,2001.081270322567,2001.081270322567,-0.015561848918423493,0.015561848918423493,False,False,0.0,0.0,1.0
sim0014_ME,1801,29.99726201232056,1,3sml,7.561197436412937,4.999999999999999,3.967263421513218,True,0.994939165433991,1.327394416127605,5.0,1997.0821355783714,2001.449007583847,2001.4216290759757,2001.4763860917185,2001.4216290759757,2001.5859001232036,2001.4114052721775,2001.4114052721775,2001.4114052721775,0.03760231166961603,0.03760231166961603,False,False,0.05475701574277991,0.0,1.0
sim0014_ME,1801,29.99726201232056,1,3sml,7.561197436412937,4.999999999999999,3.967263421513218,True,0.994939165433991,1.327394416127605,6.0,1997.0821355783714,2001.449007583847,2001.4216290759757,2001.4763860917185,2001.4216290759757,2001.5859001232036,2001.4114052721775,2001.4114052721775,2001.4114052721775,0.03760231166961603,0.03760231166961603,False,False,0.05475701574277991,0.0,1.0
sim0014_ME,1801,29.99726201232056,1,3sml,7.561197436412937,4.999999999999999,3.967263421513218,True,0.994939165433991,1.327394416127605,7.0,1997.0821355783714,2001.449007583847,2001.4216290759757,2001.4763860917185,2001.4216290759757,2001.5859001232036,2001.4114052721775,2001.4114052721775,2001.4114052721775,0.03760231166961603,0.03760231166961603,False,False,0.05475701574277991,0.0,1.0
sim0014_ME,1801,29.99726201232056,1,3sml,7.561197436412937,4.999999999999999,3.967263421513218,True,0.994939165433991,1.327394416127605,8.0,1997.0821355783714,2001.449007583847,2001.4216290759757,2001.4763860917185,2001.4216290759757,2001.5859001232036,2001.4114052721775,2001.4114052721775,2001.4114052721775,0.03760231166961603,0.03760231166961603,False,False,0.05475701574277991,0.0,1.0
sim0014_ME,1801,29.99726201232056,1,3sml,7.561197436412937,4.999999999999999,3.967263421513218,True,0.994939165433991,1.327394416127605,9.0,1997.0821355783714,2001.449007583847,2001.4216290759757,2001.4763860917185,2001.4216290759757,2001.5859001232036,2001.4114052721775,2001.4114052721775,2001.4114052721775,0.03760231166961603,0.03760231166961603,False,False,0.05475701574277991,0.0,1.0
sim0014_ME,1801,29.99726201232056,1,3sml,7.561197436412937,4.999999999999999,3.967263421513218,True,0.994939165433991,1.327394416127605,10.0,1997.0821355783714,2001.449007583847,2001.4216290759757,2001.4763860917185,2001.4216290759757,2001.5859001232036,2001.4114052721775,2001.4114052721775,2001.4114052721775,0.03760231166961603,0.03760231166961603,False,False,0.05475701574277991,0.0,1.0
sim0014_ME,1801,29.99726201232056,1,3sml,7.561197436412937,4.999999999999999,3.967263421513218,True,0.994939165433991,1.327394416127605,11.0,1997.0821355783714,2001.449007583847,2001.4216290759757,2001.4763860917185,2001.4216290759757,2001.5859001232036,2001.4114052721775,2001.4114052721775,2001.4114052721775,0.03760231166961603,0.03760231166961603,False,False,0.05475701574277991,0.0,1.0
sim0014_ME,1801,29.99726201232056,1,3sml,7.561197436412937,4.999999999999999,3.967263421513218,True,0.994939165433991,1.327394416127605,12.0,1997.0821355783714,2001.449007583847,2001.4216290759757,2001.4763860917185,2001.4216290759757,2001.5859001232036,2008.8994661747024,2001.4114052721775,2008.8994661747024,-7.450458590855305,7.450458590855305,False,False,0.05475701574277991,7.488060902524921,1.0
sim0014_ME,1801,29.99726201232056,1,3sml,7.561197436412937,4.999999999999999,3.967263421513218,True,0.994939165433991,1.327394416127605,13.0,1997.0821355783714,2001.449007583847,2001.4216290759757,2001.4763860917185,2001.4216290759757,2001.5859001232036,2008.8994661747024,2001.4114052721775,2008.8994661747024,-7.450458590855305,7.450458590855305,False,False,0.05475701574277991,7.488060902524921,1.0
sim0014_ME,1801,29.99726201232056,1,3sml,7.561197436412937,4.999999999999999,3.967263421513218,True,0.994939165433991,1.327394416127605,14.0,1997.0821355783714,2001.449007583847,2001.4216290759757,2001.4763860917185,2001.4216290759757,2001.5859001232036,2008.8994661747024,2001.4114052721775,2008.8994661747024,-7.450458590855305,7.450458590855305,False,False,0.05475701574277991,7.488060902524921,1.0
sim0014_ME,1801,29.99726201232056,1,3sml,7.561197436412937,4.999999999999999,3.967263421513218,True,0.994939165433991,1.327394416127605,14.998631019848972,1997.0821355783714,2001.449007583847,2001.4216290759757,2001.4763860917185,2001.4216290759757,2001.5859001232036,2008.8994661747024,2001.4114052721775,2008.8994661747024,-7.450458590855305,7.450458590855305,False,False,0.05475701574277991,7.488060902524921,1.0
sim0014_ME,1801,29.99726201232056,2,3sml,7.500171467848203,4.999999999999999,3.9995434958938034,True,0.9948168278866893,1.184733481729851,1.0,2001.3287359342912,2001.4040268309373,2001.4040268309373,2001.4040268309373,2001.4040268309373,2001.4861623545514,2001.4414175403235,2001.4414175403235,2001.4414175403235,-0.03739070938627265,0.03739070938627265,False,True,0.0,0.0,1.0
sim0014_ME,1801,29.99726201232056,2,3sml,7.500171467848203,4.999999999999999,3.9995434958938034,True,0.9948168278866893,1.184733481729851,2.0,2001.3287359342912,2001.4040268309373,2001.4040268309373,2001.4040268309373,2001.4040268309373,2001.4861623545514,2001.4414175403235,2001.4414175403235,2001.4414175403235,-0.03739070938627265,0.03739070938627265,False,True,0.0,0.0,1.0
sim0014_ME,1801,29.99726201232056,2,3sml,7.500171467848203,4.999999999999999,3.9995434958938034,True,0.9948168278866893,1.184733481729851,3.0,2001.3287359342912,2001.4040268309373,2001.4040268309373,2001.4040268309373,2001.4040268309373,2001.4861623545514,2001.4414175403235,2001.4414175403235,2001.4414175403235,-0.03739070938627265,0.03739070938627265,False,True,0.0,0.0,1.0
sim0014_ME,1801,29.99726201232056,2,3sml,7.500171467848203,4.999999999999999,3.9995434958938034,True,0.9948168278866893,1.184733481729851,4.0,2001.3287359342912,2001.4040268309373,2001.4040268309373,2001.4040268309373,2001.4040268309373,2001.4861623545514,2001.4414175403235,2001.4414175403235,2001.4414175403235,-0.03739070938627265,0.03739070938627265,False,True,0.0,0.0,1.0
sim0014_ME,1801,29.99726201232056,2,3sml,7.500171467848203,4.999999999999999,3.9995434958938034,True,0.9948168278866893,1.184733481729851,5.0,2001.3287359342912,2001.4040268309373,2001.4040268309373,2001.4040268309373,2001.4040268309373,2001.4861623545514,2001.4414175403235,2001.4414175403235,2001.4414175403235,-0.03739070938627265,0.03739070938627265,False,True,0.0,0.0,1.0
sim0014_ME,1801,29.99726201232056,2,3sml,7.500171467848203,4.999999999999999,3.9995434958938034,True,0.9948168278866893,1.184733481729851,6.0,2001.3287359342912,2001.4040268309373,2001.4040268309373,2001.4040268309373,2001.4040268309373,2001.4861623545514,2001.4414175403235,2001.4414175403235,2001.4414175403235,-0.03739070938627265,0.03739070938627265,False,True,0.0,0.0,1.0
sim0014_ME,1801,29.99726201232056,2,3sml,7.500171467848203,4.999999999999999,3.9995434958938034,True,0.9948168278866893,1.184733481729851,7.0,2001.3287359342912,2001.4040268309373,2001.4040268309373,2001.4040268309373,2001.4040268309373,2001.4861623545514,2001.4414175403235,2001.4414175403235,2001.4414175403235,-0.03739070938627265,0.03739070938627265,False,True,0.0,0.0,1.0
sim0014_ME,1801,29.99726201232056,2,3sml,7.500171467848203,4.999999999999999,3.9995434958938034,True,0.9948168278866893,1.184733481729851,8.0,2001.3287359342912,2001.4040268309373,2001.4040268309373,2001.4040268309373,2001.4040268309373,2001.4861623545514,2008.8994661747024,2008.8994661747024,2008.8994661747024,-7.495439343765156,7.495439343765156,False,False,0.0,0.0,1.0
sim0014_ME,1801,29.99726201232056,2,3sml,7.500171467848203,4.999999999999999,3.9995434958938034,True,0.9948168278866893,1.184733481729851,9.0,2001.3287359342912,2001.4040268309373,2001.4040268309373,2001.4040268309373,2001.4040268309373,2001.4861623545514,2008.8994661747024,2008.8994661747024,2008.8994661747024,-7.495439343765156,7.495439343765156,False,False,0.0,0.0,1.0
sim0014_ME,1801,29.99726201232056,2,3sml,7.500171467848203,4.999999999999999,3.9995434958938034,True,0.9948168278866893,1.184733481729851,10.0,2001.3287359342912,2001.4040268309373,2001.4040268309373,2001.4040268309373,2001.4040268309373,2001.4861623545514,2008.8994661747024,2008.8994661747024,2008.8994661747024,-7.495439343765156,7.495439343765156,False,False,0.0,0.0,1.0
sim0014_ME,1801,29.99726201232056,2,3sml,7.500171467848203,4.999999999999999,3.9995434958938034,True,0.9948168278866893,1.184733481729851,10.75203066392919,2001.3287359342912,2001.4040268309373,2001.4040268309373,2001.4040268309373,2001.4040268309373,2001.4861623545514,2008.8994661747024,2008.8994661747024,2008.8994661747024,-7.495439343765156,7.495439343765156,False,False,0.0,0.0,1.0
sim0014_ME,1801,29.99726201232056,3,3sml,7.531981883720274,4.999999999999999,3.982651906951216,True,0.9989971057367054,1.394862085997517,1.0,2006.0900757289533,2007.0893912662566,2007.0893912662566,2007.0893912662566,2007.0893912662566,2007.0893912662566,2007.0837239518464,2007.0837239518464,2007.0837239518464,0.005667314410175095,0.005667314410175095,False,False,0.0,0.0,1.0
sim0014_ME,1801,29.99726201232056,3,3sml,7.531981883720274,4.999999999999999,3.982651906951216,True,0.9989971057367054,1.394862085997517,2.0,2006.0900757289533,2008.0750175496241,2008.0750175496241,2008.0750175496241,2008.0750175496241,2008.0750175496241,2008.0891349347503,2008.0891349347503,2008.0891349347503,-0.014117385126155568,0.014117385126155568,False,False,0.0,0.0,1.0
sim0014_ME,1801,29.99726201232056,3,3sml,7.531981883720274,4.999999999999999,3.982651906951216,True,0.9989971057367054,1.394862085997517,3.0,2006.0900757289533,2008.923751293635,2008.923751293635,2008.9511298015063,2008.8963727857638,2009.0332653251203,2008.8994661747024,2008.8994661747024,2008.8994661747024,0.024285118932539262,0.024285118932539262,False,True,0.027378507871389957,0.0,1.0
sim0014_ME,1801,29.99726201232056,3,3sml,7.531981883720274,4.999999999999999,3.982651906951216,True,0.9989971057367054,1.394862085997517,4.0,2006.0900757289533,2008.923751293635,2008.923751293635,2008.9511298015063,2008.8963727857638,2009.0332653251203,2008.8994661747024,2008.8994661747024,2008.8994661747024,0.024285118932539262,0.024285118932539262,False,True,0.027378507871389957,0.0,1.0
sim0014_ME,1801,29.99726201232056,3,3sml,7.531981883720274,4.999999999999999,3.982651906951216,True,0.9989971057367054,1.394862085997517,5.0,2006.0900757289533,2008.923751293635,2008.923751293635,2008.9511298015063,2008.8963727857638,2009.0332653251203,2008.8994661747024,2008.8994661747024,2008.8994661747024,0.024285118932539262,0.024285118932539262,False,True,0.027378507871389957,0.0,1.0
sim0014_ME,1801,29.99726201232056,3,3sml,7.531981883720274,4.999999999999999,3.982651906951216,True,0.9989971057367054,1.394862085997517,5.990690869267155,2006.0900757289533,2008.923751293635,2008.923751293635,2008.9511298015063,2008.8963727857638,2009.0332653251203,2008.8994661747024,2008.8994661747024,2008.8994661747024,0.024285118932539262,0.024285118932539262,False,True,0.027378507871389957,0.0,1.0
sim0014_ME,1801,29.99726201232056,4,3sml,7.515873225028267,4.999999999999999,3.991187865227429,True,0.9998172332181989,1.27033481745216,1.0,2010.3366760574945,2010.4119669541406,2010.4119669541406,2010.4119669541406,2010.4119669541406,2010.4119669541406,2010.3400550457297,2010.3400550457297,2010.3400550457297,0.07191190841081152,0.07191190841081152,False,False,0.0,0.0,1.0
sim0014_ME,1801,29.99726201232056,4,3sml,7.515873225028267,4.999999999999999,3.991187865227429,True,0.9998172332181989,1.27033481745216,1.7440905407258924,2010.3366760574945,2010.4119669541406,2010.4119669541406,2010.4119669541406,2010.4119669541406,2010.4119669541406,2010.3400550457297,2010.3400550457297,2010.3400550457297,0.07191190841081152,0.07191190841081152,False,False,0.0,0.0,1.0
