star,n_obs,span_years,split_idx,best_combo,rho_mid_years,Q_mid,n_cycles_obs,is_const,aleatoric_frac_at_t0,valid_metric_value,lookahead_years,t0_year,gpr_med,gpr_lb68,gpr_ub68,gpr_lb95,gpr_ub95,truth_med,truth_lb,truth_ub,error,abs_error,in_68,in_95,gpr_width_68,truth_width,sampling_rate_days
sim0000_ME,510,29.970149240246883,0,2sm,2.404791609819735,4.999999999999999,12.462680391043724,True,0.9993206634187966,26.221182872796184,1.0,1992.5583785352496,1993.5576940725527,1993.5576940725527,1993.5576940725527,1993.5576940725527,1993.5576940725527,1993.5499489589286,1993.5499489589286,1993.5499489589286,0.007745113624196165,0.007745113624196165,False,False,0.0,0.0,10.9
sim0000_ME,510,29.970149240246883,0,2sm,2.404791609819735,4.999999999999999,12.462680391043724,True,0.9993206634187966,26.221182872796184,2.0,1992.5583785352496,1993.8588576591371,1993.831479151266,1993.8588576591371,1993.831479151266,1993.8588576591371,1993.939755802473,1993.924763231568,1993.939755802473,-0.080898143335844,0.080898143335844,False,False,0.027378507871162583,0.014992570904951208,10.9
sim0000_ME,510,29.970149240246883,0,2sm,2.404791609819735,4.999999999999999,12.462680391043724,True,0.9993206634187966,26.221182872796184,3.0,1992.5583785352496,1993.8588576591371,1993.831479151266,1993.8588576591371,1993.831479151266,1993.8588576591371,1993.939755802473,1993.924763231568,1993.939755802473,-0.080898143335844,0.080898143335844,False,False,0.027378507871162583,0.014992570904951208,10.9
sim0000_ME,510,29.970149240246883,0,2sm,2.404791609819735,4.999999999999999,12.462680391043724,True,0.9993206634187966,26.221182872796184,4.0,1992.5583785352496,1993.8588576591371,1993.831479151266,1993.8588576591371,1993.831479151266,1993.8588576591371,1996.3985374309873,1993.924763231568,1996.3985374309873,-2.5396797718501603,2.5396797718501603,False,False,0.027378507871162583,2.4737741994192675,10.9
sim0000_ME,510,29.970149240246883,0,2sm,2.404791609819735,4.999999999999999,12.462680391043724,True,0.9993206634187966,26.221182872796184,5.0,1992.5583785352496,1993.8588576591371,1993.831479151266,1993.8588576591371,1993.831479151266,1993.8588576591371,1996.3985374309873,1993.924763231568,1996.3985374309873,-2.5396797718501603,2.5396797718501603,False,False,0.027378507871162583,2.4737741994192675,10.9
sim0000_ME,510,29.970149240246883,0,2sm,2.404791609819735,4.999999999999999,12.462680391043724,True,0.9993206634187966,26.221182872796184,6.0,1992.5583785352496,1993.8588576591371,1993.831479151266,1993.8588576591371,1993.831479151266,1993.8588576591371,1996.3985374309873,1993.924763231568,1996.3985374309873,-2.5396797718501603,2.5396797718501603,False,False,0.027378507871162583,2.4737741994192675,10.9
sim0000_ME,510,29.970149240246883,0,2sm,2.404791609819735,4.999999999999999,12.462680391043724,True,0.9993206634187966,26.221182872796184,7.0,1992.5583785352496,1993.8588576591371,1993.831479151266,1993.8588576591371,1993.831479151266,1993.8588576591371,1998.8573190595018,1993.924763231568,1998.8573190595018,-4.998461400364704,4.998461400364704,False,False,0.027378507871162583,4.932555827933811,10.9
sim0000_ME,510,29.970149240246883,0,2sm,2.404791609819735,4.999999999999999,12.462680391043724,True,0.9993206634187966,26.221182872796184,8.0,1992.5583785352496,1993.8588576591371,1993.831479151266,1993.8588576591371,1993.831479151266,1993.8588576591371,1998.8573190595018,1993.924763231568,1998.8573190595018,-4.998461400364704,4.998461400364704,False,False,0.027378507871162583,4.932555827933811,10.9
sim0000_ME,510,29.970149240246883,0,2sm,2.404791609819735,4.999999999999999,12.462680391043724,True,0.9993206634187966,26.221182872796184,9.0,1992.5583785352496,1993.8588576591371,1993.831479151266,1993.8588576591371,1993.831479151266,1993.8588576591371,2001.3161006880161,1993.939755802473,2001.3161006880161,-7.45724302887902,7.45724302887902,False,False,0.027378507871162583,7.376344885543176,10.9
sim0000_ME,510,29.970149240246883,0,2sm,2.404791609819735,4.999999999999999,12.462680391043724,True,0.9993206634187966,26.221182872796184,10.0,1992.5583785352496,1993.8588576591371,1993.831479151266,1993.8588576591371,1993.831479151266,1993.8588576591371,2001.3161006880161,1993.939755802473,2001.3161006880161,-7.45724302887902,7.45724302887902,False,False,0.027378507871162583,7.376344885543176,10.9
sim0000_ME,510,29.970149240246883,0,2sm,2.404791609819735,4.999999999999999,12.462680391043724,True,0.9993206634187966,26.221182872796184,11.0,1992.5583785352496,1993.8588576591371,1993.831479151266,1993.8588576591371,1993.831479151266,1993.8588576591371,2001.3161006880161,1993.939755802473,2001.3161006880161,-7.45724302887902,7.45724302887902,False,False,0.027378507871162583,7.376344885543176,10.9
sim0000_ME,510,29.970149240246883,0,2sm,2.404791609819735,4.999999999999999,12.462680391043724,True,0.9993206634187966,26.221182872796184,12.0,1992.5583785352496,1993.8588576591371,1993.831479151266,1993.8588576591371,1993.831479151266,1993.8588576591371,2003.7748823165307,1993.939755802473,2003.7748823165307,-9.916024657393564,9.916024657393564,False,False,0.027378507871162583,9.83512651405772,10.9
sim0000_ME,510,29.970149240246883,0,2sm,2.404791609819735,4.999999999999999,12.462680391043724,True,0.9993206634187966,26.221182872796184,13.0,1992.5583785352496,1993.8588576591371,1993.831479151266,1993.8588576591371,1993.831479151266,1993.8588576591371,2003.7748823165307,1993.939755802473,2003.7748823165307,-9.916024657393564,9.916024657393564,False,False,0.027378507871162583,9.83512651405772,10.9
sim0000_ME,510,29.970149240246883,0,2sm,2.404791609819735,4.999999999999999,12.462680391043724,True,0.9993206634187966,26.221182872796184,14.0,1992.5583785352496,1993.8588576591371,1993.831479151266,1993.8588576591371,1993.831479151266,1993.8588576591371,2003.7748823165307,1993.939755802473,2006.233663945045,-9.916024657393564,9.916024657393564,False,False,0.027378507871162583,12.293908142572036,10.9
sim0000_ME,510,29.970149240246883,0,2sm,2.404791609819735,4.999999999999999,12.462680391043724,True,0.9993206634187966,26.221182872796184,15.0,1992.5583785352496,1993.8588576591371,1993.831479151266,1993.8588576591371,1993.831479151266,1993.8588576591371,2003.7748823165307,1993.939755802473,2006.233663945045,-9.916024657393564,9.916024657393564,False,False,0.027378507871162583,12.293908142572036,10.9
sim0000_ME,510,29.970149240246883,0,2sm,2.404791609819735,4.999999999999999,12.462680391043724,True,0.9993206634187966,26.221182872796184,16.0,1992.5583785352496,1993.8588576591371,1993.831479151266,1993.8588576591371,1993.831479151266,1993.8588576591371,2003.7748823165307,1993.939755802473,2006.233663945045,-9.916024657393564,9.916024657393564,False,False,0.027378507871162583,12.293908142572036,10.9
sim0000_ME,510,29.970149240246883,0,2sm,2.404791609819735,4.999999999999999,12.462680391043724,True,0.9993206634187966,26.221182872796184,17.0,1992.5583785352496,1993.8588576591371,1993.831479151266,1993.8588576591371,1993.831479151266,1993.8588576591371,2003.7748823165307,1993.939755802473,2008.6924455735607,-9.916024657393564,9.916024657393564,False,False,0.027378507871162583,14.752689771087717,10.9
sim0000_ME,510,29.970149240246883,0,2sm,2.404791609819735,4.999999999999999,12.462680391043724,True,0.9993206634187966,26.221182872796184,18.0,1992.5583785352496,1993.8588576591371,1993.831479151266,1993.8588576591371,1993.831479151266,1993.8588576591371,2003.7748823165307,1993.939755802473,2008.6924455735607,-9.916024657393564,9.916024657393564,False,False,0.027378507871162583,14.752689771087717,10.9
sim0000_ME,510,29.970149240246883,0,2sm,2.404791609819735,4.999999999999999,12.462680391043724,True,0.9993206634187966,26.221182872796184,19.0,1992.5583785352496,1993.8588576591371,1993.831479151266,1993.8588576591371,1993.831479151266,1993.8588576591371,2003.7748823165307,1993.939755802473,2011.1512272020752,-9.916024657393564,9.916024657393564,False,False,0.027378507871162583,17.21147139960226,10.9
sim0000_ME,510,29.970149240246883,0,2sm,2.404791609819735,4.999999999999999,12.462680391043724,True,0.9993206634187966,26.221182872796184,19.522388062970776,1992.5583785352496,1993.8588576591371,1993.831479151266,1993.8588576591371,1993.831479151266,1993.8588576591371,2003.7748823165307,1993.939755802473,2011.1512272020752,-9.916024657393564,9.916024657393564,False,False,0.027378507871162583,17.21147139960226,10.9
sim0000_ME,510,29.970149240246883,1,3sml,2.4367017058020437,4.999999999999999,12.299473985217311,True,0.9996715283271735,27.122266126850267,1.0,1997.0956919644077,1997.1709828610537,1997.1709828610537,1997.1709828610537,1997.1709828610537,1997.1709828610537,1997.1031882635493,1997.1031882635493,1997.1031882635493,0.06779459750441674,0.06779459750441674,False,False,0.0,0.0,10.9
sim0000_ME,510,29.970149240246883,1,3sml,2.4367017058020437,4.999999999999999,12.299473985217311,True,0.9996715283271735,27.122266126850267,2.0,1997.0956919644077,1998.888984229979,1998.888984229979,1998.9163627378505,1998.888984229979,1998.9163627378505,1998.8273339176908,1998.8273339176908,1998.8273339176908,0.06165031228829321,0.06165031228829321,False,False,0.027378507871389957,0.0,10.9
sim0000_ME,510,29.970149240246883,1,3sml,2.4367017058020437,4.999999999999999,12.299473985217311,True,0.9996715283271735,27.122266126850267,3.0,1997.0956919644077,1998.888984229979,1998.888984229979,1998.9163627378505,1998.888984229979,1998.9163627378505,1998.8273339176908,1998.8273339176908,1998.8273339176908,0.06165031228829321,0.06165031228829321,False,False,0.027378507871389957,0.0,10.9
sim0000_ME,510,29.970149240246883,1,3sml,2.4367017058020437,4.999999999999999,12.299473985217311,True,0.9996715283271735,27.122266126850267,4.0,1997.0956919644077,1998.888984229979,1998.888984229979,1998.9163627378505,1998.888984229979,1998.9163627378505,1998.8273339176908,1998.8273339176908,1998.8273339176908,0.06165031228829321,0.06165031228829321,False,False,0.027378507871389957,0.0,10.9
sim0000_ME,510,29.970149240246883,1,3sml,2.4367017058020437,4.999999999999999,12.299473985217311,True,0.9996715283271735,27.122266126850267,5.0,1997.0956919644077,1998.888984229979,1998.888984229979,1998.9163627378505,1998.888984229979,1998.9163627378505,2001.3011081171114,1998.8273339176908,2001.3011081171114,-2.4121238871323385,2.4121238871323385,False,False,0.027378507871389957,2.4737741994206317,10.9
sim0000_ME,510,29.970149240246883,1,3sml,2.4367017058020437,4.999999999999999,12.299473985217311,True,0.9996715283271735,27.122266126850267,6.0,1997.0956919644077,1998.888984229979,1998.888984229979,1998.9163627378505,1998.888984229979,1998.9163627378505,2001.3011081171114,1998.8273339176908,2001.3011081171114,-2.4121238871323385,2.4121238871323385,False,False,0.027378507871389957,2.4737741994206317,10.9
sim0000_ME,510,29.970149240246883,1,3sml,2.4367017058020437,4.999999999999999,12.299473985217311,True,0.9996715283271735,27.122266126850267,7.0,1997.0956919644077,1998.888984229979,1998.888984229979,1998.9163627378505,1998.888984229979,1998.9163627378505,2003.7598897456257,2001.3011081171114,2003.7598897456257,-4.870905515646655,4.870905515646655,False,False,0.027378507871389957,2.4587816285143163,10.9
sim0000_ME,510,29.970149240246883,1,3sml,2.4367017058020437,4.999999999999999,12.299473985217311,True,0.9996715283271735,27.122266126850267,8.0,1997.0956919644077,1998.888984229979,1998.888984229979,1998.9163627378505,1998.888984229979,1998.9163627378505,2003.7598897456257,2001.3011081171114,2003.7598897456257,-4.870905515646655,4.870905515646655,False,False,0.027378507871389957,2.4587816285143163,10.9
sim0000_ME,510,29.970149240246883,1,3sml,2.4367017058020437,4.999999999999999,12.299473985217311,True,0.9996715283271735,27.122266126850267,9.0,1997.0956919644077,1998.888984229979,1998.888984229979,1998.9163627378505,1998.888984229979,1998.9163627378505,2003.7598897456257,2001.3011081171114,2003.7598897456257,-4.870905515646655,4.870905515646655,False,False,0.027378507871389957,2.4587816285143163,10.9
sim0000_ME,510,29.970149240246883,1,3sml,2.4367017058020437,4.999999999999999,12.299473985217311,True,0.9996715283271735,27.122266126850267,10.0,1997.0956919644077,1998.888984229979,1998.888984229979,1998.9163627378505,1998.888984229979,1998.9163627378505,2003.7598897456257,2001.3011081171114,2003.7598897456257,-4.870905515646655,4.870905515646655,False,False,0.027378507871389957,2.4587816285143163,10.9
sim0000_ME,510,29.970149240246883,1,3sml,2.4367017058020437,4.999999999999999,12.299473985217311,True,0.9996715283271735,27.122266126850267,11.0,1997.0956919644077,1998.888984229979,1998.888984229979,1998.9163627378505,1998.888984229979,1998.9163627378505,2003.7598897456257,2001.3011081171114,2003.7598897456257,-4.870905515646655,4.870905515646655,False,False,0.027378507871389957,2.4587816285143163,10.9
sim0000_ME,510,29.970149240246883,1,3sml,2.4367017058020437,4.999999999999999,12.299473985217311,True,0.9996715283271735,27.122266126850267,12.0,1997.0956919644077,1998.888984229979,1998.888984229979,1998.9163627378505,1998.888984229979,1998.9163627378505,2008.6924455735607,2008.6924455735607,2008.6924455735607,-9.803461343581603,9.803461343581603,False,False,0.027378507871389957,0.0,10.9
sim0000_ME,510,29.970149240246883,1,3sml,2.4367017058020437,4.999999999999999,12.299473985217311,True,0.9996715283271735,27.122266126850267,13.0,1997.0956919644077,1998.888984229979,1998.888984229979,1998.9163627378505,1998.888984229979,1998.9163627378505,2008.6924455735607,2008.6924455735607,2008.6924455735607,-9.803461343581603,9.803461343581603,False,False,0.027378507871389957,0.0,10.9
sim0000_ME,510,29.970149240246883,1,3sml,2.4367017058020437,4.999999999999999,12.299473985217311,True,0.9996715283271735,27.122266126850267,14.0,1997.0956919644077,1998.888984229979,1998.888984229979,1998.9163627378505,1998.888984229979,1998.9163627378505,2008.6924455735607,2008.6924455735607,2008.6924455735607,-9.803461343581603,9.803461343581603,False,False,0.027378507871389957,0.0,10.9
sim0000_ME,510,29.970149240246883,1,3sml,2.4367017058020437,4.999999999999999,12.299473985217311,True,0.9996715283271735,27.122266126850267,14.985074633812701,1997.0956919644077,1998.888984229979,1998.888984229979,1998.9163627378505,1998.888984229979,1998.9163627378505,2008.6924455735607,2008.6924455735607,2008.6924455735607,-9.803461343581603,9.803461343581603,False,False,0.027378507871389957,0.0,10.9
sim0000_ME,510,29.970149240246883,2,2sm,2.446805520963498,4.999999999999999,12.248684655756907,True,0.9950188490923255,27.37748752489382,1.0,2001.3344979329222,2001.4097888295682,2001.4097888295682,2001.4097888295682,2001.4097888295682,2001.4097888295682,2001.3460858298272,2001.3460858298272,2001.3460858298272,0.06370299974105365,0.06370299974105365,False,False,0.0,0.0,10.9
sim0000_ME,510,29.970149240246883,2,2sm,2.446805520963498,4.999999999999999,12.248684655756907,True,0.9950188490923255,27.37748752489382,2.0,2001.3344979329222,2001.4097888295682,2001.4097888295682,2001.4097888295682,2001.4097888295682,2001.4097888295682,2001.3460858298272,2001.3460858298272,2001.3460858298272,0.06370299974105365,0.06370299974105365,False,False,0.0,0.0,10.9
sim0000_ME,510,29.970149240246883,2,2sm,2.446805520963498,4.999999999999999,12.248684655756907,True,0.9950188490923255,27.37748752489382,3.0,2001.3344979329222,2001.4097888295682,2001.4097888295682,2001.4097888295682,2001.4097888295682,2001.4097888295682,2003.7598897456257,2003.7598897456257,2003.7748823165307,-2.3501009160574995,2.3501009160574995,False,False,0.0,0.014992570904951208,10.9
sim0000_ME,510,29.970149240246883,2,2sm,2.446805520963498,4.999999999999999,12.248684655756907,True,0.9950188490923255,27.37748752489382,4.0,2001.3344979329222,2001.4097888295682,2001.4097888295682,2001.4097888295682,2001.4097888295682,2001.4097888295682,2003.7598897456257,2003.7598897456257,2003.7748823165307,-2.3501009160574995,2.3501009160574995,False,False,0.0,0.014992570904951208,10.9
sim0000_ME,510,29.970149240246883,2,2sm,2.446805520963498,4.999999999999999,12.248684655756907,True,0.9950188490923255,27.37748752489382,5.0,2001.3344979329222,2001.4097888295682,2001.4097888295682,2001.4097888295682,2001.4097888295682,2001.4097888295682,2006.2186713741403,2003.7748823165307,2006.2186713741403,-4.808882544572043,4.808882544572043,False,False,0.0,2.4437890576095924,10.9
sim0000_ME,510,29.970149240246883,2,2sm,2.446805520963498,4.999999999999999,12.248684655756907,True,0.9950188490923255,27.37748752489382,6.0,2001.3344979329222,2001.4097888295682,2001.4097888295682,2001.4097888295682,2001.4097888295682,2001.4097888295682,2006.2186713741403,2003.7748823165307,2006.2186713741403,-4.808882544572043,4.808882544572043,False,False,0.0,2.4437890576095924,10.9
sim0000_ME,510,29.970149240246883,2,2sm,2.446805520963498,4.999999999999999,12.248684655756907,True,0.9950188490923255,27.37748752489382,7.0,2001.3344979329222,2001.4097888295682,2001.4097888295682,2001.4097888295682,2001.4097888295682,2001.4097888295682,2006.2186713741403,2003.7748823165307,2006.2186713741403,-4.808882544572043,4.808882544572043,False,False,0.0,2.4437890576095924,10.9
sim0000_ME,510,29.970149240246883,2,2sm,2.446805520963498,4.999999999999999,12.248684655756907,True,0.9950188490923255,27.37748752489382,8.0,2001.3344979329222,2001.4097888295682,2001.4097888295682,2001.4097888295682,2001.4097888295682,2001.4097888295682,2008.6774530026546,2003.7748823165307,2008.6774530026546,-7.267664173086359,7.267664173086359,False,False,0.0,4.902570686123909,10.9
sim0000_ME,510,29.970149240246883,2,2sm,2.446805520963498,4.999999999999999,12.248684655756907,True,0.9950188490923255,27.37748752489382,9.0,2001.3344979329222,2001.4097888295682,2001.4097888295682,2001.4097888295682,2001.4097888295682,2001.4097888295682,2008.6774530026546,2003.7748823165307,2008.6774530026546,-7.267664173086359,7.267664173086359,False,False,0.0,4.902570686123909,10.9
sim0000_ME,510,29.970149240246883,2,2sm,2.446805520963498,4.999999999999999,12.248684655756907,True,0.9950188490923255,27.37748752489382,10.0,2001.3344979329222,2001.4097888295682,2001.4097888295682,2001.4097888295682,2001.4097888295682,2001.4097888295682,2008.6774530026546,2003.7748823165307,2008.6774530026546,-7.267664173086359,7.267664173086359,False,False,0.0,4.902570686123909,10.9
sim0000_ME,510,29.970149240246883,2,2sm,2.446805520963498,4.999999999999999,12.248684655756907,True,0.9950188490923255,27.37748752489382,10.746268665298203,2001.3344979329222,2001.4097888295682,2001.4097888295682,2001.4097888295682,2001.4097888295682,2001.4097888295682,2008.6774530026546,2003.7748823165307,2008.6774530026546,-7.267664173086359,7.267664173086359,False,False,0.0,4.902570686123909,10.9
sim0000_ME,510,29.970149240246883,3,2sm,2.4465722952352102,4.999999999999999,12.249852292783194,True,0.9975395672862057,28.985112956071752,1.0,2006.0807665982204,2006.2381930184804,2006.2381930184804,2006.2381930184804,2006.2381930184804,2006.2381930184804,2006.233663945045,2006.2186713741403,2006.233663945045,0.00452907343537845,0.00452907343537845,False,False,0.0,0.014992570904723834,10.9
sim0000_ME,510,29.970149240246883,3,2sm,2.4465722952352102,4.999999999999999,12.249852292783194,True,0.9975395672862057,28.985112956071752,2.0,2006.0807665982204,2006.2381930184804,2006.2381930184804,2006.2381930184804,2006.2381930184804,2006.2381930184804,2006.233663945045,2006.2186713741403,2006.233663945045,0.00452907343537845,0.00452907343537845,False,False,0.0,0.014992570904723834,10.9
sim0000_ME,510,29.970149240246883,3,2sm,2.4465722952352102,4.999999999999999,12.249852292783194,True,0.9975395672862057,28.985112956071752,3.0,2006.0807665982204,2006.2381930184804,2006.2381930184804,2006.2381930184804,2006.2381930184804,2006.2381930184804,2008.6624604317485,2006.2186713741403,2008.6924455735607,-2.424267413268126,2.424267413268126,False,False,0.0,2.4737741994204043,10.9
sim0000_ME,510,29.970149240246883,3,2sm,2.4465722952352102,4.999999999999999,12.249852292783194,True,0.9975395672862057,28.985112956071752,4.0,2006.0807665982204,2006.2381930184804,2006.2381930184804,2006.2381930184804,2006.2381930184804,2006.2381930184804,2008.6624604317485,2006.2186713741403,2008.6924455735607,-2.424267413268126,2.424267413268126,False,False,0.0,2.4737741994204043,10.9
sim0000_ME,510,29.970149240246883,3,2sm,2.4465722952352102,4.999999999999999,12.249852292783194,True,0.9975395672862057,28.985112956071752,5.0,2006.0807665982204,2006.2381930184804,2006.2381930184804,2006.2381930184804,2006.2381930184804,2006.2381930184804,2008.6624604317485,2006.2186713741403,2008.6924455735607,-2.424267413268126,2.424267413268126,False,False,0.0,2.4737741994204043,10.9
sim0000_ME,510,29.970149240246883,3,2sm,2.4465722952352102,4.999999999999999,12.249852292783194,True,0.9975395672862057,28.985112956071752,6.0,2006.0807665982204,2006.2381930184804,2006.2381930184804,2006.2381930184804,2006.2381930184804,2006.2381930184804,2008.6924455735607,2006.233663945045,2011.136234631169,-2.454252555080302,2.454252555080302,False,False,0.0,4.902570686123909,10.9
sim0000_ME,510,29.970149240246883,3,2sm,2.4465722952352102,4.999999999999999,12.249852292783194,True,0.9975395672862057,28.985112956071752,6.0,2006.0807665982204,2006.2381930184804,2006.2381930184804,2006.2381930184804,2006.2381930184804,2006.2381930184804,2008.6924455735607,2006.233663945045,2011.136234631169,-2.454252555080302,2.454252555080302,False,False,0.0,4.902570686123909,10.9
sim0000_ME,510,29.970149240246883,4,3sml,2.4464961799312652,4.999999999999999,12.250233409761098,True,0.9987800133373936,28.52797445547694,1.0,2010.319572566735,2011.2162186995206,2011.1340831759067,2011.2162186995206,2011.0519476522927,2011.2162186995206,2011.1212420602628,2011.1212420602628,2011.136234631169,0.09497663925776578,0.09497663925776578,False,True,0.0821355236139425,0.014992570906088076,10.9
sim0000_ME,510,29.970149240246883,4,3sml,2.4464961799312652,4.999999999999999,12.250233409761098,True,0.9987800133373936,28.52797445547694,1.761194031485502,2010.319572566735,2011.2162186995206,2011.1340831759067,2011.2162186995206,2011.0519476522927,2011.2162186995206,2011.1212420602628,2011.1212420602628,2011.136234631169,0.09497663925776578,0.09497663925776578,False,True,0.0821355236139425,0.014992570906088076,10.9
sim0001_K,510,29.970149240246883,0,2sm,6.409685038063284,4.999999999999999,4.6757600509653905,True,0.9983371015834359,2.0542998511140653,1.0,1992.5583785352496,1993.5576940725527,1993.5576940725527,1993.5576940725527,1993.5576940725527,1993.5576940725527,1993.145149544478,1993.0851792608546,1993.1901272571938,0.41254452807470443,0.41254452807470443,False,False,0.0,0.10494799633920593,10.9
sim0001_K,510,29.970149240246883,0,2sm,6.409685038063284,4.999999999999999,4.6757600509653905,True,0.9983371015834359,2.0542998511140653,2.0,1992.5583785352496,1994.5433203559203,1994.5433203559203,1994.5433203559203,1994.5433203559203,1994.5433203559203,1993.145149544478,1993.0851792608546,1993.1901272571938,1.3981708114422418,1.3981708114422418,False,False,0.0,0.10494799633920593,10.9
sim0001_K,510,29.970149240246883,0,2sm,6.409685038063284,4.999999999999999,4.6757600509653905,True,0.9983371015834359,2.0542998511140653,3.0,1992.5583785352496,1995.5563251471592,1995.5563251471592,1995.5563251471592,1995.5563251471592,1995.5563251471592,1995.1991317585419,1995.1841391876358,1995.229116900353,0.35719338861736105,0.35719338861736105,False,False,0.0,0.04497771271712736,10.9
sim0001_K,510,29.970149240246883,0,2sm,6.409685038063284,4.999999999999999,4.6757600509653905,True,0.9983371015834359,2.0542998511140653,4.0,1992.5583785352496,1996.0765167967143,1996.0491382888429,1996.1038953045854,1996.0491382888429,1996.1586523203282,1995.1991317585419,1995.1841391876358,1996.5484631400436,0.877385038172406,0.877385038172406,False,False,0.05475701574255254,1.364323952407858,10.9
sim0001_K,510,29.970149240246883,0,2sm,6.409685038063284,4.999999999999999,4.6757600509653905,True,0.9983371015834359,2.0542998511140653,5.0,1992.5583785352496,1996.0765167967143,1996.0491382888429,1996.1038953045854,1996.0491382888429,1996.1586523203282,1996.8932922708723,1996.833321987249,1996.9082848417772,-0.8167754741580211,0.8167754741580211,False,False,0.05475701574255254,0.07496285452816664,10.9
sim0001_K,510,29.970149240246883,0,2sm,6.409685038063284,4.999999999999999,4.6757600509653905,True,0.9983371015834359,2.0542998511140653,6.0,1992.5583785352496,1996.0765167967143,1996.0491382888429,1996.1038953045854,1996.0491382888429,1996.1586523203282,1996.8932922708723,1996.833321987249,1996.9082848417772,-0.8167754741580211,0.8167754741580211,False,False,0.05475701574255254,0.07496285452816664,10.9
sim0001_K,510,29.970149240246883,0,2sm,6.409685038063284,4.999999999999999,4.6757600509653905,True,0.9983371015834359,2.0542998511140653,7.0,1992.5583785352496,1996.0765167967143,1996.0491382888429,1996.1038953045854,1996.0491382888429,1996.1586523203282,1996.8932922708723,1996.833321987249,1996.9082848417772,-0.8167754741580211,0.8167754741580211,False,False,0.05475701574255254,0.07496285452816664,10.9
sim0001_K,510,29.970149240246883,0,2sm,6.409685038063284,4.999999999999999,4.6757600509653905,True,0.9983371015834359,2.0542998511140653,8.0,1992.5583785352496,1996.0765167967143,1996.0491382888429,1996.1038953045854,1996.0491382888429,1996.1586523203282,1996.8932922708723,1996.833321987249,1996.9082848417772,-0.8167754741580211,0.8167754741580211,False,False,0.05475701574255254,0.07496285452816664,10.9
sim0001_K,510,29.970149240246883,0,2sm,6.409685038063284,4.999999999999999,4.6757600509653905,True,0.9983371015834359,2.0542998511140653,9.0,1992.5583785352496,1996.0765167967143,1996.0491382888429,1996.1038953045854,1996.0491382888429,1996.1586523203282,1996.8932922708723,1996.833321987249,1996.9082848417772,-0.8167754741580211,0.8167754741580211,False,False,0.05475701574255254,0.07496285452816664,10.9
sim0001_K,510,29.970149240246883,0,2sm,6.409685038063284,4.999999999999999,4.6757600509653905,True,0.9983371015834359,2.0542998511140653,10.0,1992.5583785352496,1996.0765167967143,1996.0491382888429,1996.1038953045854,1996.0491382888429,1996.1586523203282,2002.2756252259737,1996.833321987249,2002.3355955095958,-6.199108429259468,6.199108429259468,False,False,0.05475701574255254,5.502273522346741,10.9
sim0001_K,510,29.970149240246883,0,2sm,6.409685038063284,4.999999999999999,4.6757600509653905,True,0.9983371015834359,2.0542998511140653,11.0,1992.5583785352496,1996.0765167967143,1996.0491382888429,1996.1038953045854,1996.0491382888429,1996.1586523203282,2002.2756252259737,1996.833321987249,2002.3355955095958,-6.199108429259468,6.199108429259468,False,False,0.05475701574255254,5.502273522346741,10.9
sim0001_K,510,29.970149240246883,0,2sm,6.409685038063284,4.999999999999999,4.6757600509653905,True,0.9983371015834359,2.0542998511140653,12.0,1992.5583785352496,1996.0765167967143,1996.0491382888429,1996.1038953045854,1996.0491382888429,1996.1586523203282,2002.2756252259737,1996.833321987249,2002.3355955095958,-6.199108429259468,6.199108429259468,False,False,0.05475701574255254,5.502273522346741,10.9
sim0001_K,510,29.970149240246883,0,2sm,6.409685038063284,4.999999999999999,4.6757600509653905,True,0.9983371015834359,2.0542998511140653,13.0,1992.5583785352496,1996.0765167967143,1996.0491382888429,1996.1038953045854,1996.0491382888429,1996.1586523203282,2002.2756252259737,1996.833321987249,2002.3355955095958,-6.199108429259468,6.199108429259468,False,False,0.05475701574255254,5.502273522346741,10.9
sim0001_K,510,29.970149240246883,0,2sm,6.409685038063284,4.999999999999999,4.6757600509653905,True,0.9983371015834359,2.0542998511140653,14.0,1992.5583785352496,1996.0765167967143,1996.0491382888429,1996.1038953045854,1996.0491382888429,1996.1586523203282,2002.2756252259737,1996.833321987249,2002.3355955095958,-6.199108429259468,6.199108429259468,False,False,0.05475701574255254,5.502273522346741,10.9
sim0001_K,510,29.970149240246883,0,2sm,6.409685038063284,4.999999999999999,4.6757600509653905,True,0.9983371015834359,2.0542998511140653,15.0,1992.5583785352496,1996.0765167967143,1996.0491382888429,1996.1038953045854,1996.0491382888429,1996.1586523203282,2002.2756252259737,1996.833321987249,2002.3355955095958,-6.199108429259468,6.199108429259468,False,False,0.05475701574255254,5.502273522346741,10.9
sim0001_K,510,29.970149240246883,0,2sm,6.409685038063284,4.999999999999999,4.6757600509653905,True,0.9983371015834359,2.0542998511140653,16.0,1992.5583785352496,1996.0765167967143,1996.0491382888429,1996.1038953045854,1996.0491382888429,1996.1586523203282,2007.6729507519813,1996.8932922708723,2007.7479136065094,-11.596433955267003,11.596433955267003,False,False,0.05475701574255254,10.854621335637148,10.9
sim0001_K,510,29.970149240246883,0,2sm,6.409685038063284,4.999999999999999,4.6757600509653905,True,0.9983371015834359,2.0542998511140653,17.0,1992.5583785352496,1996.0765167967143,1996.0491382888429,1996.1038953045854,1996.0491382888429,1996.1586523203282,2007.6729507519813,1996.8932922708723,2007.7479136065094,-11.596433955267003,11.596433955267003,False,False,0.05475701574255254,10.854621335637148,10.9
sim0001_K,510,29.970149240246883,0,2sm,6.409685038063284,4.999999999999999,4.6757600509653905,True,0.9983371015834359,2.0542998511140653,18.0,1992.5583785352496,1996.0765167967143,1996.0491382888429,1996.1038953045854,1996.0491382888429,1996.1586523203282,2007.6729507519813,1996.8932922708723,2007.7479136065094,-11.596433955267003,11.596433955267003,False,False,0.05475701574255254,10.854621335637148,10.9
sim0001_K,510,29.970149240246883,0,2sm,6.409685038063284,4.999999999999999,4.6757600509653905,True,0.9983371015834359,2.0542998511140653,19.0,1992.5583785352496,1996.0765167967143,1996.0491382888429,1996.1038953045854,1996.0491382888429,1996.1586523203282,2007.6729507519813,1996.8932922708723,2007.7479136065094,-11.596433955267003,11.596433955267003,False,False,0.05475701574255254,10.854621335637148,10.9
sim0001_K,510,29.970149240246883,0,2sm,6.409685038063284,4.999999999999999,4.6757600509653905,True,0.9983371015834359,2.0542998511140653,19.522388062970776,1992.5583785352496,1996.0765167967143,1996.0491382888429,1996.1038953045854,1996.0491382888429,1996.1586523203282,2007.6729507519813,1996.8932922708723,2007.7479136065094,-11.596433955267003,11.596433955267003,False,False,0.05475701574255254,10.854621335637148,10.9
sim0001_K,510,29.970149240246883,1,2sm,6.10558915078681,4.999999999999999,4.908641656044726,True,0.9911683300825344,2.6102446945539257,1.0,1997.0956919644077,1997.1709828610537,1997.1709828610537,1997.1709828610537,1997.1709828610537,1997.1709828610537,1997.1031882635493,1997.1031882635493,1997.1031882635493,0.06779459750441674,0.06779459750441674,False,False,0.0,0.0,10.9
sim0001_K,510,29.970149240246883,1,2sm,6.10558915078681,4.999999999999999,4.908641656044726,True,0.9911683300825344,2.6102446945539257,2.0,1997.0956919644077,1997.1709828610537,1997.1709828610537,1997.1709828610537,1997.1709828610537,1997.1709828610537,1997.1031882635493,1997.1031882635493,1997.1031882635493,0.06779459750441674,0.06779459750441674,False,False,0.0,0.0,10.9
sim0001_K,510,29.970149240246883,1,2sm,6.10558915078681,4.999999999999999,4.908641656044726,True,0.9911683300825344,2.6102446945539257,3.0,1997.0956919644077,1997.1709828610537,1997.1709828610537,1997.1709828610537,1997.1709828610537,1997.1709828610537,1997.1031882635493,1997.1031882635493,1997.1031882635493,0.06779459750441674,0.06779459750441674,False,False,0.0,0.0,10.9
sim0001_K,510,29.970149240246883,1,2sm,6.10558915078681,4.999999999999999,4.908641656044726,True,0.9911683300825344,2.6102446945539257,4.0,1997.0956919644077,1997.1709828610537,1997.1709828610537,1997.1709828610537,1997.1709828610537,1997.1709828610537,1997.1031882635493,1997.1031882635493,1997.1031882635493,0.06779459750441674,0.06779459750441674,False,False,0.0,0.0,10.9
sim0001_K,510,29.970149240246883,1,2sm,6.10558915078681,4.999999999999999,4.908641656044726,True,0.9911683300825344,2.6102446945539257,5.0,1997.0956919644077,1997.1709828610537,1997.1709828610537,1997.1709828610537,1997.1709828610537,1997.1709828610537,2001.8258480988059,2001.8108555279011,2001.8258480988059,-4.654865237752119,4.654865237752119,False,False,0.0,0.014992570904723834,10.9
sim0001_K,510,29.970149240246883,1,2sm,6.10558915078681,4.999999999999999,4.908641656044726,True,0.9911683300825344,2.6102446945539257,6.0,1997.0956919644077,1997.1709828610537,1997.1709828610537,1997.1709828610537,1997.1709828610537,1997.1709828610537,2001.8258480988059,2001.8108555279011,2001.8258480988059,-4.654865237752119,4.654865237752119,False,False,0.0,0.014992570904723834,10.9
sim0001_K,510,29.970149240246883,1,2sm,6.10558915078681,4.999999999999999,4.908641656044726,True,0.9911683300825344,2.6102446945539257,7.0,1997.0956919644077,1997.1709828610537,1997.1709828610537,1997.1709828610537,1997.1709828610537,1997.1709828610537,2001.8258480988059,2001.8108555279011,2001.8258480988059,-4.654865237752119,4.654865237752119,False,False,0.0,0.014992570904723834,10.9
sim0001_K,510,29.970149240246883,1,2sm,6.10558915078681,4.999999999999999,4.908641656044726,True,0.9911683300825344,2.6102446945539257,8.0,1997.0956919644077,1997.1709828610537,1997.1709828610537,1997.1709828610537,1997.1709828610537,1997.1709828610537,2001.8258480988059,2001.8108555279011,2001.8258480988059,-4.654865237752119,4.654865237752119,False,False,0.0,0.014992570904723834,10.9
sim0001_K,510,29.970149240246883,1,2sm,6.10558915078681,4.999999999999999,4.908641656044726,True,0.9911683300825344,2.6102446945539257,9.0,1997.0956919644077,1997.1709828610537,1997.1709828610537,1997.1709828610537,1997.1709828610537,1997.1709828610537,2001.8258480988059,2001.8108555279011,2001.8258480988059,-4.654865237752119,4.654865237752119,False,False,0.0,0.014992570904723834,10.9
sim0001_K,510,29.970149240246883,1,2sm,6.10558915078681,4.999999999999999,4.908641656044726,True,0.9911683300825344,2.6102446945539257,10.0,1997.0956919644077,1997.1709828610537,1997.1709828610537,1997.1709828610537,1997.1709828610537,1997.1709828610537,2001.8258480988059,2001.8108555279011,2006.908329635796,-4.654865237752119,4.654865237752119,False,False,0.0,5.097474107894868,10.9
sim0001_K,510,29.970149240246883,1,2sm,6.10558915078681,4.999999999999999,4.908641656044726,True,0.9911683300825344,2.6102446945539257,11.0,1997.0956919644077,1997.1709828610537,1997.1709828610537,1997.1709828610537,1997.1709828610537,1997.1709828610537,2001.8258480988059,2001.8108555279011,2006.908329635796,-4.654865237752119,4.654865237752119,False,False,0.0,5.097474107894868,10.9
sim0001_K,510,29.970149240246883,1,2sm,6.10558915078681,4.999999999999999,4.908641656044726,True,0.9911683300825344,2.6102446945539257,12.0,1997.0956919644077,1997.1709828610537,1997.1709828610537,1997.1709828610537,1997.1709828610537,1997.1709828610537,2001.8258480988059,2001.8108555279011,2006.908329635796,-4.654865237752119,4.654865237752119,False,False,0.0,5.097474107894868,10.9
sim0001_K,510,29.970149240246883,1,2sm,6.10558915078681,4.999999999999999,4.908641656044726,True,0.9911683300825344,2.6102446945539257,13.0,1997.0956919644077,1997.1709828610537,1997.1709828610537,1997.1709828610537,1997.1709828610537,1997.1709828610537,2001.8258480988059,2001.8108555279011,2006.908329635796,-4.654865237752119,4.654865237752119,False,False,0.0,5.097474107894868,10.9
sim0001_K,510,29.970149240246883,1,2sm,6.10558915078681,4.999999999999999,4.908641656044726,True,0.9911683300825344,2.6102446945539257,14.0,1997.0956919644077,1997.1709828610537,1997.1709828610537,1997.1709828610537,1997.1709828610537,1997.1709828610537,2001.8258480988059,2001.8108555279011,2006.908329635796,-4.654865237752119,4.654865237752119,False,False,0.0,5.097474107894868,10.9
sim0001_K,510,29.970149240246883,1,2sm,6.10558915078681,4.999999999999999,4.908641656044726,True,0.9911683300825344,2.6102446945539257,14.985074633812701,1997.0956919644077,1997.1709828610537,1997.1709828610537,1997.1709828610537,1997.1709828610537,1997.1709828610537,2001.8258480988059,2001.8108555279011,2006.908329635796,-4.654865237752119,4.654865237752119,False,False,0.0,5.097474107894868,10.9
sim0001_K,510,29.970149240246883,2,2sm,7.294394768087318,4.999999999999999,4.108654685288638,True,0.9992952724228823,2.1123399291378107,1.0,2001.3344979329222,2002.3338134702253,2002.3338134702253,2002.3338134702253,2002.3338134702253,2002.3338134702253,2001.3460858298272,2001.3460858298272,2001.3460858298272,0.9877276403981341,0.9877276403981341,False,False,0.0,0.0,10.9
sim0001_K,510,29.970149240246883,2,2sm,7.294394768087318,4.999999999999999,4.108654685288638,True,0.9992952724228823,2.1123399291378107,2.0,2001.3344979329222,2003.3194397535929,2003.3194397535929,2003.3194397535929,2003.3194397535929,2003.3194397535929,2001.3460858298272,2001.3460858298272,2001.3460858298272,1.9733539237656714,1.9733539237656714,False,False,0.0,0.0,10.9
sim0001_K,510,29.970149240246883,2,2sm,7.294394768087318,4.999999999999999,4.108654685288638,True,0.9992952724228823,2.1123399291378107,3.0,2001.3344979329222,2004.2776875290892,2004.2776875290892,2004.3324445448318,2004.2503090212178,2004.3324445448318,2004.1796817309812,2004.1796817309812,2004.1796817309812,0.09800579810803356,0.09800579810803356,False,False,0.05475701574255254,0.0,10.9
sim0001_K,510,29.970149240246883,2,2sm,7.294394768087318,4.999999999999999,4.108654685288638,True,0.9992952724228823,2.1123399291378107,4.0,2001.3344979329222,2004.2776875290892,2004.2776875290892,2004.3324445448318,2004.2503090212178,2004.3872015605743,2004.1796817309812,2004.1796817309812,2004.1796817309812,0.09800579810803356,0.09800579810803356,False,False,0.05475701574255254,0.0,10.9
sim0001_K,510,29.970149240246883,2,2sm,7.294394768087318,4.999999999999999,4.108654685288638,True,0.9992952724228823,2.1123399291378107,5.0,2001.3344979329222,2004.2776875290892,2004.2776875290892,2004.3324445448318,2004.2503090212178,2004.3872015605743,2004.1796817309812,2004.1796817309812,2004.1796817309812,0.09800579810803356,0.09800579810803356,False,False,0.05475701574255254,0.0,10.9
sim0001_K,510,29.970149240246883,2,2sm,7.294394768087318,4.999999999999999,4.108654685288638,True,0.9992952724228823,2.1123399291378107,6.0,2001.3344979329222,2004.2776875290892,2004.2776875290892,2004.3324445448318,2004.2503090212178,2004.3872015605743,2004.1796817309812,2004.1796817309812,2004.1796817309812,0.09800579810803356,0.09800579810803356,False,False,0.05475701574255254,0.0,10.9
sim0001_K,510,29.970149240246883,2,2sm,7.294394768087318,4.999999999999999,4.108654685288638,True,0.9992952724228823,2.1123399291378107,7.0,2001.3344979329222,2004.2776875290892,2004.2776875290892,2004.3324445448318,2004.2503090212178,2004.3872015605743,2004.1796817309812,2004.1796817309812,2004.1796817309812,0.09800579810803356,0.09800579810803356,False,False,0.05475701574255254,0.0,10.9
sim0001_K,510,29.970149240246883,2,2sm,7.294394768087318,4.999999999999999,4.108654685288638,True,0.9992952724228823,2.1123399291378107,8.0,2001.3344979329222,2004.2776875290892,2004.2776875290892,2004.3324445448318,2004.2503090212178,2004.3872015605743,2004.1796817309812,2004.1796817309812,2004.1796817309812,0.09800579810803356,0.09800579810803356,False,False,0.05475701574255254,0.0,10.9
sim0001_K,510,29.970149240246883,2,2sm,7.294394768087318,4.999999999999999,4.108654685288638,True,0.9992952724228823,2.1123399291378107,9.0,2001.3344979329222,2004.2776875290892,2004.2776875290892,2004.3324445448318,2004.2503090212178,2004.3872015605743,2004.1796817309812,2004.1796817309812,2004.1796817309812,0.09800579810803356,0.09800579810803356,False,False,0.05475701574255254,0.0,10.9
sim0001_K,510,29.970149240246883,2,2sm,7.294394768087318,4.999999999999999,4.108654685288638,True,0.9992952724228823,2.1123399291378107,10.0,2001.3344979329222,2004.2776875290892,2004.2776875290892,2004.3324445448318,2004.2503090212178,2004.3872015605743,2004.1796817309812,2004.1796817309812,2004.1796817309812,0.09800579810803356,0.09800579810803356,False,False,0.05475701574255254,0.0,10.9
sim0001_K,510,29.970149240246883,2,2sm,7.294394768087318,4.999999999999999,4.108654685288638,True,0.9992952724228823,2.1123399291378107,10.746268665298203,2001.3344979329222,2004.2776875290892,2004.2776875290892,2004.3324445448318,2004.2503090212178,2004.3872015605743,2011.4360860492804,2004.1796817309812,2011.4360860492804,-7.158398520191213,7.158398520191213,False,False,0.05475701574255254,7.256404318299246,10.9
sim0001_K,510,29.970149240246883,3,3sml,7.293822294631105,4.999999999999999,4.108977163086021,True,0.9995190313467079,2.168259552757283,1.0,2006.0807665982204,2006.1560574948664,2006.1560574948664,2006.1560574948664,2006.1560574948664,2006.1560574948664,2006.08373823599,2006.08373823599,2006.08373823599,0.072319258876405,0.072319258876405,False,False,0.0,0.0,10.9
sim0001_K,510,29.970149240246883,3,3sml,7.293822294631105,4.999999999999999,4.108977163086021,True,0.9995190313467079,2.168259552757283,2.0,2006.0807665982204,2006.1560574948664,2006.1560574948664,2006.1560574948664,2006.1560574948664,2006.1560574948664,2006.08373823599,2006.08373823599,2008.0777501664318,0.072319258876405,0.072319258876405,False,False,0.0,1.9940119304417294,10.9
sim0001_K,510,29.970149240246883,3,3sml,7.293822294631105,4.999999999999999,4.108977163086021,True,0.9995190313467079,2.168259552757283,3.0,2006.0807665982204,2006.1560574948664,2006.1560574948664,2006.1560574948664,2006.1560574948664,2006.1560574948664,2009.067259846199,2009.067259846199,2009.067259846199,-2.9112023513325767,2.9112023513325767,False,False,0.0,0.0,10.9
sim0001_K,510,29.970149240246883,3,3sml,7.293822294631105,4.999999999999999,4.108977163086021,True,0.9995190313467079,2.168259552757283,4.0,2006.0807665982204,2010.0643394934975,2010.0643394934975,2010.0643394934975,2010.0643394934975,2010.0643394934975,2010.0717620968737,2010.0717620968737,2010.0717620968737,-0.007422603376198822,0.007422603376198822,False,False,0.0,0.0,10.9
sim0001_K,510,29.970149240246883,3,3sml,7.293822294631105,4.999999999999999,4.108977163086021,True,0.9995190313467079,2.168259552757283,5.0,2006.0807665982204,2011.0773442847365,2011.0773442847365,2011.0773442847365,2011.0773442847365,2011.0773442847365,2011.076264347547,2011.076264347547,2011.076264347547,0.001079937189388147,0.001079937189388147,False,False,0.0,0.0,10.9
sim0001_K,510,29.970149240246883,3,3sml,7.293822294631105,4.999999999999999,4.108977163086021,True,0.9995190313467079,2.168259552757283,6.0,2006.0807665982204,2011.5154004106776,2011.4880219028062,2011.5154004106776,2011.4880219028062,2011.542778918549,2011.4360860492804,2011.4360860492804,2011.4510786201865,0.07931436139710968,0.07931436139710968,False,False,0.027378507871389957,0.014992570906088076,10.9
sim0001_K,510,29.970149240246883,3,3sml,7.293822294631105,4.999999999999999,4.108977163086021,True,0.9995190313467079,2.168259552757283,6.0,2006.0807665982204,2011.5154004106776,2011.4880219028062,2011.5154004106776,2011.4880219028062,2011.542778918549,2011.4360860492804,2011.4360860492804,2011.4510786201865,0.07931436139710968,0.07931436139710968,False,False,0.027378507871389957,0.014992570906088076,10.9
sim0001_K,510,29.970149240246883,4,3sml,7.2347573172093185,4.999999999999999,4.142523090436895,True,0.9989417233626692,1.9998106642946483,1.0,2010.319572566735,2011.2983542231345,2011.2983542231345,2011.2983542231345,2011.2162186995206,2011.2983542231345,2011.3161454820363,2011.3161454820363,2011.3161454820363,-0.01779125890175237,0.01779125890175237,False,False,0.0,0.0,10.9
sim0001_K,510,29.970149240246883,4,3sml,7.2347573172093185,4.999999999999999,4.142523090436895,True,0.9989417233626692,1.9998106642946483,1.761194031485502,2010.319572566735,2011.2983542231345,2011.2983542231345,2011.2983542231345,2011.2162186995206,2011.2983542231345,2011.5560266165257,2011.4210934783755,2011.6609746128636,-0.2576723933912035,0.2576723933912035,False,False,0.0,0.2398811344880869,10.9
sim0002_ME,510,29.970149240246883,0,2sm,3.2192157282943037,4.999999999999999,9.309767275561406,True,0.9989339291511762,3.999444112997308,1.0,1992.5583785352496,1993.2907536208072,1993.2907536208072,1993.2907536208072,1993.2907536208072,1993.2907536208072,1993.4150158207783,1993.4000232498722,1993.4450009625893,-0.12426219997109911,0.12426219997109911,False,False,0.0,0.04497771271712736,10.9
sim0002_ME,510,29.970149240246883,0,2sm,3.2192157282943037,4.999999999999999,9.309767275561406,True,0.9989339291511762,3.999444112997308,2.0,1992.5583785352496,1993.2907536208072,1993.2907536208072,1993.2907536208072,1993.2907536208072,1993.2907536208072,1993.4150158207783,1993.4000232498722,1993.4450009625893,-0.12426219997109911,0.12426219997109911,False,False,0.0,0.04497771271712736,10.9
sim0002_ME,510,29.970149240246883,0,2sm,3.2192157282943037,4.999999999999999,9.309767275561406,True,0.9989339291511762,3.999444112997308,3.0,1992.5583785352496,1993.2907536208072,1993.2907536208072,1993.2907536208072,1993.2907536208072,1993.2907536208072,1993.4150158207783,1993.4000232498722,1993.4450009625893,-0.12426219997109911,0.12426219997109911,False,False,0.0,0.04497771271712736,10.9
sim0002_ME,510,29.970149240246883,0,2sm,3.2192157282943037,4.999999999999999,9.309767275561406,True,0.9989339291511762,3.999444112997308,4.0,1992.5583785352496,1993.2907536208072,1993.2907536208072,1993.2907536208072,1993.2907536208072,1993.2907536208072,1993.4150158207783,1993.4000232498722,1993.4450009625893,-0.12426219997109911,0.12426219997109911,False,False,0.0,0.04497771271712736,10.9
sim0002_ME,510,29.970149240246883,0,2sm,3.2192157282943037,4.999999999999999,9.309767275561406,True,0.9989339291511762,3.999444112997308,5.0,1992.5583785352496,1993.2907536208072,1993.2907536208072,1993.2907536208072,1993.2907536208072,1993.2907536208072,1996.6384185654767,1993.4000232498722,1996.6534111363828,-3.347664944669532,3.347664944669532,False,False,0.0,3.253387886510609,10.9
sim0002_ME,510,29.970149240246883,0,2sm,3.2192157282943037,4.999999999999999,9.309767275561406,True,0.9989339291511762,3.999444112997308,6.0,1992.5583785352496,1993.2907536208072,1993.2907536208072,1993.2907536208072,1993.2907536208072,1993.2907536208072,1996.6384185654767,1993.4000232498722,1996.6534111363828,-3.347664944669532,3.347664944669532,False,False,0.0,3.253387886510609,10.9
sim0002_ME,510,29.970149240246883,0,2sm,3.2192157282943037,4.999999999999999,9.309767275561406,True,0.9989339291511762,3.999444112997308,7.0,1992.5583785352496,1993.2907536208072,1993.2907536208072,1993.2907536208072,1993.2907536208072,1993.2907536208072,1996.6384185654767,1993.4000232498722,1996.6534111363828,-3.347664944669532,3.347664944669532,False,False,0.0,3.253387886510609,10.9
sim0002_ME,510,29.970149240246883,0,2sm,3.2192157282943037,4.999999999999999,9.309767275561406,True,0.9989339291511762,3.999444112997308,8.0,1992.5583785352496,1993.2907536208072,1993.2907536208072,1993.2907536208072,1993.2907536208072,1993.2907536208072,1996.6534111363828,1993.4150158207783,1999.8918064519873,-3.36265751557562,3.36265751557562,False,False,0.0,6.476790631209042,10.9
sim0002_ME,510,29.970149240246883,0,2sm,3.2192157282943037,4.999999999999999,9.309767275561406,True,0.9989339291511762,3.999444112997308,9.0,1992.5583785352496,1993.2907536208072,1993.2907536208072,1993.2907536208072,1993.2907536208072,1993.2907536208072,1996.6534111363828,1993.4150158207783,1999.8918064519873,-3.36265751557562,3.36265751557562,False,False,0.0,6.476790631209042,10.9
sim0002_ME,510,29.970149240246883,0,2sm,3.2192157282943037,4.999999999999999,9.309767275561406,True,0.9989339291511762,3.999444112997308,10.0,1992.5583785352496,1993.2907536208072,1993.2907536208072,1993.2907536208072,1993.2907536208072,1993.2907536208072,1996.6534111363828,1993.4150158207783,1999.8918064519873,-3.36265751557562,3.36265751557562,False,False,0.0,6.476790631209042,10.9
sim0002_ME,510,29.970149240246883,0,2sm,3.2192157282943037,4.999999999999999,9.309767275561406,True,0.9989339291511762,3.999444112997308,11.0,1992.5583785352496,1993.2907536208072,1993.2907536208072,1993.2907536208072,1993.2907536208072,1993.2907536208072,1996.713381420005,1993.4150158207783,2003.1451943384968,-3.4226277991976986,3.4226277991976986,False,False,0.0,9.730178517718514,10.9
sim0002_ME,510,29.970149240246883,0,2sm,3.2192157282943037,4.999999999999999,9.309767275561406,True,0.9989339291511762,3.999444112997308,12.0,1992.5583785352496,1993.2907536208072,1993.2907536208072,1993.2907536208072,1993.2907536208072,1993.2907536208072,1996.713381420005,1993.4150158207783,2003.1451943384968,-3.4226277991976986,3.4226277991976986,False,False,0.0,9.730178517718514,10.9
sim0002_ME,510,29.970149240246883,0,2sm,3.2192157282943037,4.999999999999999,9.309767275561406,True,0.9989339291511762,3.999444112997308,13.0,1992.5583785352496,1993.2907536208072,1993.2907536208072,1993.2907536208072,1993.2907536208072,1993.2907536208072,1996.713381420005,1993.4150158207783,2003.1451943384968,-3.4226277991976986,3.4226277991976986,False,False,0.0,9.730178517718514,10.9
sim0002_ME,510,29.970149240246883,0,2sm,3.2192157282943037,4.999999999999999,9.309767275561406,True,0.9989339291511762,3.999444112997308,14.0,1992.5583785352496,1993.2907536208072,1993.2907536208072,1993.2907536208072,1993.2907536208072,1993.2907536208072,1999.9067990228923,1993.4300083916833,2006.3685970831953,-6.616045402085092,6.616045402085092,False,False,0.0,12.938588691511995,10.9
sim0002_ME,510,29.970149240246883,0,2sm,3.2192157282943037,4.999999999999999,9.309767275561406,True,0.9989339291511762,3.999444112997308,15.0,1992.5583785352496,1993.2907536208072,1993.2907536208072,1993.2907536208072,1993.2907536208072,1993.2907536208072,1999.9067990228923,1993.4300083916833,2006.3685970831953,-6.616045402085092,6.616045402085092,False,False,0.0,12.938588691511995,10.9
sim0002_ME,510,29.970149240246883,0,2sm,3.2192157282943037,4.999999999999999,9.309767275561406,True,0.9989339291511762,3.999444112997308,16.0,1992.5583785352496,1993.2907536208072,1993.2907536208072,1993.2907536208072,1993.2907536208072,1993.2907536208072,1999.9067990228923,1993.4300083916833,2006.3685970831953,-6.616045402085092,6.616045402085092,False,False,0.0,12.938588691511995,10.9
sim0002_ME,510,29.970149240246883,0,2sm,3.2192157282943037,4.999999999999999,9.309767275561406,True,0.9989339291511762,3.999444112997308,17.0,1992.5583785352496,1993.2907536208072,1993.2907536208072,1993.2907536208072,1993.2907536208072,1993.2907536208072,1999.9067990228923,1993.4300083916833,2006.3685970831953,-6.616045402085092,6.616045402085092,False,False,0.0,12.938588691511995,10.9
sim0002_ME,510,29.970149240246883,0,2sm,3.2192157282943037,4.999999999999999,9.309767275561406,True,0.9989339291511762,3.999444112997308,18.0,1992.5583785352496,1993.2907536208072,1993.2907536208072,1993.2907536208072,1993.2907536208072,1993.2907536208072,2003.1451943384968,1996.6534111363828,2009.5919998278948,-9.854440717689613,9.854440717689613,False,False,0.0,12.938588691511995,10.9
sim0002_ME,510,29.970149240246883,0,2sm,3.2192157282943037,4.999999999999999,9.309767275561406,True,0.9989339291511762,3.999444112997308,19.0,1992.5583785352496,1993.2907536208072,1993.2907536208072,1993.2907536208072,1993.2907536208072,1993.2907536208072,2003.1451943384968,1996.6534111363828,2009.5919998278948,-9.854440717689613,9.854440717689613,False,False,0.0,12.938588691511995,10.9
sim0002_ME,510,29.970149240246883,0,2sm,3.2192157282943037,4.999999999999999,9.309767275561406,True,0.9989339291511762,3.999444112997308,19.522388062970776,1992.5583785352496,1993.2907536208072,1993.2907536208072,1993.2907536208072,1993.2907536208072,1993.2907536208072,2003.1451943384968,1996.6534111363828,2009.5919998278948,-9.854440717689613,9.854440717689613,False,False,0.0,12.938588691511995,10.9
sim0002_ME,510,29.970149240246883,1,3sml,3.2451968665736093,4.999999999999999,9.235233014350344,True,0.9972926540954485,3.7702771989830794,1.0,1997.0956919644077,1997.1709828610537,1997.1709828610537,1997.1709828610537,1997.1709828610537,1997.1709828610537,1997.1031882635493,1997.1031882635493,1997.1031882635493,0.06779459750441674,0.06779459750441674,False,False,0.0,0.0,10.9
sim0002_ME,510,29.970149240246883,1,3sml,3.2451968665736093,4.999999999999999,9.235233014350344,True,0.9972926540954485,3.7702771989830794,2.0,1997.0956919644077,1997.1709828610537,1997.1709828610537,1997.1709828610537,1997.1709828610537,1997.1709828610537,1997.1031882635493,1997.1031882635493,1997.1031882635493,0.06779459750441674,0.06779459750441674,False,False,0.0,0.0,10.9
sim0002_ME,510,29.970149240246883,1,3sml,3.2451968665736093,4.999999999999999,9.235233014350344,True,0.9972926540954485,3.7702771989830794,3.0,1997.0956919644077,1997.1709828610537,1997.1709828610537,1997.1709828610537,1997.1709828610537,1999.7924749897327,1999.8618213101752,1999.8618213101752,1999.8768138810813,-2.690838449121429,2.690838449121429,False,False,0.0,0.014992570906088076,10.9
sim0002_ME,510,29.970149240246883,1,3sml,3.2451968665736093,4.999999999999999,9.235233014350344,True,0.9972926540954485,3.7702771989830794,4.0,1997.0956919644077,1997.1709828610537,1997.1709828610537,1997.1709828610537,1997.1709828610537,1999.7924749897327,1999.8618213101752,1999.8618213101752,1999.8768138810813,-2.690838449121429,2.690838449121429,False,False,0.0,0.014992570906088076,10.9
sim0002_ME,510,29.970149240246883,1,3sml,3.2451968665736093,4.999999999999999,9.235233014350344,True,0.9972926540954485,3.7702771989830794,5.0,1997.0956919644077,1997.1709828610537,1997.1709828610537,1997.1709828610537,1997.1709828610537,1999.7924749897327,1999.8618213101752,1999.8618213101752,1999.8768138810813,-2.690838449121429,2.690838449121429,False,False,0.0,0.014992570906088076,10.9
sim0002_ME,510,29.970149240246883,1,3sml,3.2451968665736093,4.999999999999999,9.235233014350344,True,0.9972926540954485,3.7702771989830794,6.0,1997.0956919644077,1997.1709828610537,1997.1709828610537,1997.1709828610537,1997.1709828610537,1999.7924749897327,1999.9217915937984,1999.8768138810813,2003.0852240548747,-2.7508087327446447,2.7508087327446447,False,False,0.0,3.2084101737934816,10.9
sim0002_ME,510,29.970149240246883,1,3sml,3.2451968665736093,4.999999999999999,9.235233014350344,True,0.9972926540954485,3.7702771989830794,7.0,1997.0956919644077,1997.1709828610537,1997.1709828610537,1997.1709828610537,1997.1709828610537,1999.7924749897327,2003.0852240548747,1999.8768138810813,2003.0852240548747,-5.914241193820999,5.914241193820999,False,False,0.0,3.2084101737934816,10.9
sim0002_ME,510,29.970149240246883,1,3sml,3.2451968665736093,4.999999999999999,9.235233014350344,True,0.9972926540954485,3.7702771989830794,8.0,1997.0956919644077,1997.1709828610537,1997.1709828610537,1997.1709828610537,1997.1709828610537,1999.7924749897327,2003.0852240548747,1999.8768138810813,2003.0852240548747,-5.914241193820999,5.914241193820999,False,False,0.0,3.2084101737934816,10.9
sim0002_ME,510,29.970149240246883,1,3sml,3.2451968665736093,4.999999999999999,9.235233014350344,True,0.9972926540954485,3.7702771989830794,9.0,1997.0956919644077,1997.1709828610537,1997.1709828610537,1997.1709828610537,1997.1709828610537,1999.7924749897327,2003.0852240548747,1999.8768138810813,2003.0852240548747,-5.914241193820999,5.914241193820999,False,False,0.0,3.2084101737934816,10.9
sim0002_ME,510,29.970149240246883,1,3sml,3.2451968665736093,4.999999999999999,9.235233014350344,True,0.9972926540954485,3.7702771989830794,10.0,1997.0956919644077,1997.1709828610537,1997.1709828610537,1997.1709828610537,1997.1709828610537,1999.7924749897327,2006.3011305141208,1999.8768138810813,2006.3086267995732,-9.13014765306707,9.13014765306707,False,False,0.0,6.431812918491914,10.9
sim0002_ME,510,29.970149240246883,1,3sml,3.2451968665736093,4.999999999999999,9.235233014350344,True,0.9972926540954485,3.7702771989830794,11.0,1997.0956919644077,1997.1709828610537,1997.1709828610537,1997.1709828610537,1997.1709828610537,1999.7924749897327,2006.3011305141208,1999.8768138810813,2006.3086267995732,-9.13014765306707,9.13014765306707,False,False,0.0,6.431812918491914,10.9
sim0002_ME,510,29.970149240246883,1,3sml,3.2451968665736093,4.999999999999999,9.235233014350344,True,0.9972926540954485,3.7702771989830794,12.0,1997.0956919644077,1997.1709828610537,1997.1709828610537,1997.1709828610537,1997.1709828610537,1999.7924749897327,2006.3011305141208,1999.8768138810813,2006.3086267995732,-9.13014765306707,9.13014765306707,False,False,0.0,6.431812918491914,10.9
sim0002_ME,510,29.970149240246883,1,3sml,3.2451968665736093,4.999999999999999,9.235233014350344,True,0.9972926540954485,3.7702771989830794,13.0,1997.0956919644077,1997.1709828610537,1997.1709828610537,1997.1709828610537,1997.1709828610537,1999.7924749897327,2006.3086267995732,1999.8768138810813,2009.532029544273,-9.137643938519432,9.137643938519432,False,False,0.0,9.655215663191711,10.9
sim0002_ME,510,29.970149240246883,1,3sml,3.2451968665736093,4.999999999999999,9.235233014350344,True,0.9972926540954485,3.7702771989830794,14.0,1997.0956919644077,1997.1709828610537,1997.1709828610537,1997.1709828610537,1997.1709828610537,1999.7924749897327,2006.3086267995732,1999.8768138810813,2009.532029544273,-9.137643938519432,9.137643938519432,False,False,0.0,9.655215663191711,10.9
sim0002_ME,510,29.970149240246883,1,3sml,3.2451968665736093,4.999999999999999,9.235233014350344,True,0.9972926540954485,3.7702771989830794,14.985074633812701,1997.0956919644077,1997.1709828610537,1997.1709828610537,1997.1709828610537,1997.1709828610537,1999.7924749897327,2006.3086267995732,1999.8768138810813,2009.532029544273,-9.137643938519432,9.137643938519432,False,False,0.0,9.655215663191711,10.9
sim0002_ME,510,29.970149240246883,2,2sm,3.2333851739795274,4.999999999999999,9.268969710577588,True,0.9995839424054551,3.9030934423641326,1.0,2001.3344979329222,2002.3338134702253,2002.3338134702253,2002.3338134702253,2002.3338134702253,2002.3338134702253,2002.3206029386909,2002.3206029386909,2002.3206029386909,0.013210531534468828,0.013210531534468828,False,False,0.0,0.0,10.9
sim0002_ME,510,29.970149240246883,2,2sm,3.2333851739795274,4.999999999999999,9.268969710577588,True,0.9995839424054551,3.9030934423641326,2.0,2001.3344979329222,2003.1277901984936,2003.1004116906224,2003.1277901984936,2003.1004116906224,2003.1277901984936,2003.190172051214,2003.1751794803079,2003.220157193025,-0.062381852720363895,0.062381852720363895,False,False,0.027378507871162583,0.04497771271712736,10.9
sim0002_ME,510,29.970149240246883,2,2sm,3.2333851739795274,4.999999999999999,9.268969710577588,True,0.9995839424054551,3.9030934423641326,3.0,2001.3344979329222,2003.1277901984936,2003.1004116906224,2003.1277901984936,2003.1004116906224,2003.1277901984936,2003.190172051214,2003.1751794803079,2003.220157193025,-0.062381852720363895,0.062381852720363895,False,False,0.027378507871162583,0.04497771271712736,10.9
sim0002_ME,510,29.970149240246883,2,2sm,3.2333851739795274,4.999999999999999,9.268969710577588,True,0.9995839424054551,3.9030934423641326,4.0,2001.3344979329222,2003.1277901984936,2003.1004116906224,2003.1277901984936,2003.1004116906224,2003.1277901984936,2003.190172051214,2003.1751794803079,2003.220157193025,-0.062381852720363895,0.062381852720363895,False,False,0.027378507871162583,0.04497771271712736,10.9
sim0002_ME,510,29.970149240246883,2,2sm,3.2333851739795274,4.999999999999999,9.268969710577588,True,0.9995839424054551,3.9030934423641326,5.0,2001.3344979329222,2003.1277901984936,2003.1004116906224,2003.1277901984936,2003.1004116906224,2003.1277901984936,2003.190172051214,2003.1751794803079,2003.220157193025,-0.062381852720363895,0.062381852720363895,False,False,0.027378507871162583,0.04497771271712736,10.9
sim0002_ME,510,29.970149240246883,2,2sm,3.2333851739795274,4.999999999999999,9.268969710577588,True,0.9995839424054551,3.9030934423641326,6.0,2001.3344979329222,2003.1277901984936,2003.1004116906224,2003.1277901984936,2003.1004116906224,2003.1277901984936,2006.4285673668185,2003.23514976393,2006.4285673668185,-3.3007771683248848,3.3007771683248848,False,False,0.027378507871162583,3.1934176028885304,10.9
sim0002_ME,510,29.970149240246883,2,2sm,3.2333851739795274,4.999999999999999,9.268969710577588,True,0.9995839424054551,3.9030934423641326,7.0,2001.3344979329222,2003.1277901984936,2003.1004116906224,2003.1277901984936,2003.1004116906224,2003.1277901984936,2006.4285673668185,2003.23514976393,2006.4285673668185,-3.3007771683248848,3.3007771683248848,False,False,0.027378507871162583,3.1934176028885304,10.9
sim0002_ME,510,29.970149240246883,2,2sm,3.2333851739795274,4.999999999999999,9.268969710577588,True,0.9995839424054551,3.9030934423641326,8.0,2001.3344979329222,2003.1277901984936,2003.1004116906224,2003.1277901984936,2003.1004116906224,2003.1277901984936,2006.4285673668185,2003.23514976393,2006.4285673668185,-3.3007771683248848,3.3007771683248848,False,False,0.027378507871162583,3.1934176028885304,10.9
sim0002_ME,510,29.970149240246883,2,2sm,3.2333851739795274,4.999999999999999,9.268969710577588,True,0.9995839424054551,3.9030934423641326,9.0,2001.3344979329222,2003.1277901984936,2003.1004116906224,2003.1277901984936,2003.1004116906224,2003.1277901984936,2006.4285673668185,2003.247743523491,2009.651970111517,-3.3007771683248848,3.3007771683248848,False,False,0.027378507871162583,6.404226588025949,10.9
sim0002_ME,510,29.970149240246883,2,2sm,3.2333851739795274,4.999999999999999,9.268969710577588,True,0.9995839424054551,3.9030934423641326,10.0,2001.3344979329222,2003.1277901984936,2003.1004116906224,2003.1277901984936,2003.1004116906224,2003.1277901984936,2006.4285673668185,2003.247743523491,2009.651970111517,-3.3007771683248848,3.3007771683248848,False,False,0.027378507871162583,6.404226588025949,10.9
sim0002_ME,510,29.970149240246883,2,2sm,3.2333851739795274,4.999999999999999,9.268969710577588,True,0.9995839424054551,3.9030934423641326,10.746268665298203,2001.3344979329222,2003.1277901984936,2003.1004116906224,2003.1277901984936,2003.1004116906224,2003.1277901984936,2006.4285673668185,2003.247743523491,2009.651970111517,-3.3007771683248848,3.3007771683248848,False,False,0.027378507871162583,6.404226588025949,10.9
sim0002_ME,510,29.970149240246883,3,3sml,3.24422233723804,4.999999999999999,9.238007178559128,True,0.9963201563718903,3.527259836467952,1.0,2006.0807665982204,2006.3203285420943,2006.3203285420943,2006.3203285420943,2006.3203285420943,2006.3203285420943,2006.4285673668185,2006.4285673668185,2006.4435599377234,-0.1082388247241397,0.1082388247241397,False,False,0.0,0.014992570904951208,10.9
sim0002_ME,510,29.970149240246883,3,3sml,3.24422233723804,4.999999999999999,9.238007178559128,True,0.9963201563718903,3.527259836467952,2.0,2006.0807665982204,2006.3203285420943,2006.3203285420943,2006.3203285420943,2006.3203285420943,2006.3203285420943,2006.4285673668185,2006.4285673668185,2006.4435599377234,-0.1082388247241397,0.1082388247241397,False,False,0.0,0.014992570904951208,10.9
sim0002_ME,510,29.970149240246883,3,3sml,3.24422233723804,4.999999999999999,9.238007178559128,True,0.9963201563718903,3.527259836467952,3.0,2006.0807665982204,2006.3203285420943,2006.3203285420943,2006.3203285420943,2006.3203285420943,2006.3203285420943,2006.4285673668185,2006.4285673668185,2006.4435599377234,-0.1082388247241397,0.1082388247241397,False,False,0.0,0.014992570904951208,10.9
sim0002_ME,510,29.970149240246883,3,3sml,3.24422233723804,4.999999999999999,9.238007178559128,True,0.9963201563718903,3.527259836467952,4.0,2006.0807665982204,2006.3203285420943,2006.3203285420943,2006.3203285420943,2006.3203285420943,2006.3203285420943,2009.666962682423,2006.4285673668185,2009.681955253328,-3.3466341403286606,3.3466341403286606,False,False,0.0,3.253387886509472,10.9
sim0002_ME,510,29.970149240246883,3,3sml,3.24422233723804,4.999999999999999,9.238007178559128,True,0.9963201563718903,3.527259836467952,5.0,2006.0807665982204,2006.3203285420943,2006.3203285420943,2006.3203285420943,2006.3203285420943,2006.3203285420943,2009.666962682423,2006.4285673668185,2009.681955253328,-3.3466341403286606,3.3466341403286606,False,False,0.0,3.253387886509472,10.9
sim0002_ME,510,29.970149240246883,3,3sml,3.24422233723804,4.999999999999999,9.238007178559128,True,0.9963201563718903,3.527259836467952,6.0,2006.0807665982204,2006.3203285420943,2006.3203285420943,2006.3203285420943,2006.3203285420943,2006.3203285420943,2009.666962682423,2006.4285673668185,2009.681955253328,-3.3466341403286606,3.3466341403286606,False,False,0.0,3.253387886509472,10.9
sim0002_ME,510,29.970149240246883,3,3sml,3.24422233723804,4.999999999999999,9.238007178559128,True,0.9963201563718903,3.527259836467952,6.0,2006.0807665982204,2006.3203285420943,2006.3203285420943,2006.3203285420943,2006.3203285420943,2006.3203285420943,2009.666962682423,2006.4285673668185,2009.681955253328,-3.3466341403286606,3.3466341403286606,False,False,0.0,3.253387886509472,10.9
sim0002_ME,510,29.970149240246883,4,2sm,3.2392045648144974,4.999999999999999,9.252317549127438,True,0.9998336290649863,3.5870208833317947,1.0,2010.319572566735,2010.394863463381,2010.394863463381,2010.394863463381,2010.394863463381,2010.394863463381,2010.326635802268,2010.326635802268,2010.326635802268,0.0682276611130419,0.0682276611130419,False,False,0.0,0.0,10.9
sim0002_ME,510,29.970149240246883,4,2sm,3.2392045648144974,4.999999999999999,9.252317549127438,True,0.9998336290649863,3.5870208833317947,1.761194031485502,2010.319572566735,2010.394863463381,2010.394863463381,2010.394863463381,2010.394863463381,2010.394863463381,2012.0807665982204,2010.326635802268,2012.0807665982204,-1.6859031348394637,1.6859031348394637,False,False,0.0,1.7541307959525057,10.9
sim0003_ME,510,29.970149240246883,0,3sml,2.7162810787998986,4.999999999999999,11.03352280960858,True,0.9953486412902529,5.88994029120595,1.0,1992.5583785352496,1992.6336694318957,1992.6336694318957,1992.6336694318957,1992.6336694318957,1992.6336694318957,1992.5604392791602,1992.5604392791602,1992.5604392791602,0.07323015273550482,0.07323015273550482,False,False,0.0,0.0,10.9
sim0003_ME,510,29.970149240246883,0,3sml,2.7162810787998986,4.999999999999999,11.03352280960858,True,0.9953486412902529,5.88994029120595,2.0,1992.5583785352496,1992.6336694318957,1992.6336694318957,1992.6336694318957,1992.6336694318957,1992.6336694318957,1992.5604392791602,1992.5604392791602,1992.5604392791602,0.07323015273550482,0.07323015273550482,False,False,0.0,0.0,10.9
sim0003_ME,510,29.970149240246883,0,3sml,2.7162810787998986,4.999999999999999,11.03352280960858,True,0.9953486412902529,5.88994029120595,3.0,1992.5583785352496,1992.6336694318957,1992.6336694318957,1992.6336694318957,1992.6336694318957,1992.6336694318957,1995.1091763331076,1995.1091763331076,1995.1091763331076,-2.4755069012119293,2.4755069012119293,False,False,0.0,0.0,10.9
sim0003_ME,510,29.970149240246883,0,3sml,2.7162810787998986,4.999999999999999,11.03352280960858,True,0.9953486412902529,5.88994029120595,4.0,1992.5583785352496,1992.6336694318957,1992.6336694318957,1992.6336694318957,1992.6336694318957,1992.6336694318957,1995.1091763331076,1995.1091763331076,1995.1091763331076,-2.4755069012119293,2.4755069012119293,False,False,0.0,0.0,10.9
sim0003_ME,510,29.970149240246883,0,3sml,2.7162810787998986,4.999999999999999,11.03352280960858,True,0.9953486412902529,5.88994029120595,5.0,1992.5583785352496,1992.6336694318957,1992.6336694318957,1992.6336694318957,1992.6336694318957,1992.6336694318957,1995.1091763331076,1995.1091763331076,1995.1091763331076,-2.4755069012119293,2.4755069012119293,False,False,0.0,0.0,10.9
sim0003_ME,510,29.970149240246883,0,3sml,2.7162810787998986,4.999999999999999,11.03352280960858,True,0.9953486412902529,5.88994029120595,6.0,1992.5583785352496,1992.6336694318957,1992.6336694318957,1992.6336694318957,1992.6336694318957,1992.6336694318957,1995.1091763331076,1995.1091763331076,1995.1091763331076,-2.4755069012119293,2.4755069012119293,False,False,0.0,0.0,10.9
sim0003_ME,510,29.970149240246883,0,3sml,2.7162810787998986,4.999999999999999,11.03352280960858,True,0.9953486412902529,5.88994029120595,7.0,1992.5583785352496,1992.6336694318957,1992.6336694318957,1992.6336694318957,1992.6336694318957,1992.6336694318957,1995.1091763331076,1995.1091763331076,1995.1091763331076,-2.4755069012119293,2.4755069012119293,False,False,0.0,0.0,10.9
sim0003_ME,510,29.970149240246883,0,3sml,2.7162810787998986,4.999999999999999,11.03352280960858,True,0.9953486412902529,5.88994029120595,8.0,1992.5583785352496,1992.6336694318957,1992.6336694318957,1992.6336694318957,1992.6336694318957,1992.6336694318957,1995.1091763331076,1995.1091763331076,1995.1091763331076,-2.4755069012119293,2.4755069012119293,False,False,0.0,0.0,10.9
sim0003_ME,510,29.970149240246883,0,3sml,2.7162810787998986,4.999999999999999,11.03352280960858,True,0.9953486412902529,5.88994029120595,9.0,1992.5583785352496,1992.6336694318957,1992.6336694318957,1992.6336694318957,1992.6336694318957,1992.6336694318957,1995.1091763331076,1995.1091763331076,2000.5814647136433,-2.4755069012119293,2.4755069012119293,False,False,0.0,5.472288380535701,10.9
sim0003_ME,510,29.970149240246883,0,3sml,2.7162810787998986,4.999999999999999,11.03352280960858,True,0.9953486412902529,5.88994029120595,10.0,1992.5583785352496,1992.6336694318957,1992.6336694318957,1992.6336694318957,1992.6336694318957,1992.6336694318957,1995.1091763331076,1995.1091763331076,2000.5814647136433,-2.4755069012119293,2.4755069012119293,False,False,0.0,5.472288380535701,10.9
sim0003_ME,510,29.970149240246883,0,3sml,2.7162810787998986,4.999999999999999,11.03352280960858,True,0.9953486412902529,5.88994029120595,11.0,1992.5583785352496,1992.6336694318957,1992.6336694318957,1992.6336694318957,1992.6336694318957,1992.6336694318957,1995.1241689040137,1995.1091763331076,2003.310112618458,-2.4904994721180174,2.4904994721180174,False,False,0.0,8.200936285350508,10.9
sim0003_ME,510,29.970149240246883,0,3sml,2.7162810787998986,4.999999999999999,11.03352280960858,True,0.9953486412902529,5.88994029120595,12.0,1992.5583785352496,1992.6336694318957,1992.6336694318957,1992.6336694318957,1992.6336694318957,1992.6336694318957,1995.1241689040137,1995.1091763331076,2003.310112618458,-2.4904994721180174,2.4904994721180174,False,False,0.0,8.200936285350508,10.9
sim0003_ME,510,29.970149240246883,0,3sml,2.7162810787998986,4.999999999999999,11.03352280960858,True,0.9953486412902529,5.88994029120595,13.0,1992.5583785352496,1992.6336694318957,1992.6336694318957,1992.6336694318957,1992.6336694318957,1992.6336694318957,1995.1241689040137,1995.1091763331076,2003.310112618458,-2.4904994721180174,2.4904994721180174,False,False,0.0,8.200936285350508,10.9
sim0003_ME,510,29.970149240246883,0,3sml,2.7162810787998986,4.999999999999999,11.03352280960858,True,0.9953486412902529,5.88994029120595,14.0,1992.5583785352496,1992.6336694318957,1992.6336694318957,1992.6336694318957,1992.6336694318957,1992.6336694318957,2000.5814647136433,1995.1091763331076,2003.310112618458,-7.947795281747631,7.947795281747631,False,False,0.0,8.200936285350508,10.9
sim0003_ME,510,29.970149240246883,0,3sml,2.7162810787998986,4.999999999999999,11.03352280960858,True,0.9953486412902529,5.88994029120595,15.0,1992.5583785352496,1992.6336694318957,1992.6336694318957,1992.6336694318957,1992.6336694318957,1992.6336694318957,2000.5814647136433,1995.1091763331076,2003.310112618458,-7.947795281747631,7.947795281747631,False,False,0.0,8.200936285350508,10.9
sim0003_ME,510,29.970149240246883,0,3sml,2.7162810787998986,4.999999999999999,11.03352280960858,True,0.9953486412902529,5.88994029120595,16.0,1992.5583785352496,1992.6336694318957,1992.6336694318957,1992.6336694318957,1992.6336694318957,1992.6336694318957,2000.5814647136433,1995.1091763331076,2003.310112618458,-7.947795281747631,7.947795281747631,False,False,0.0,8.200936285350508,10.9
sim0003_ME,510,29.970149240246883,0,3sml,2.7162810787998986,4.999999999999999,11.03352280960858,True,0.9953486412902529,5.88994029120595,17.0,1992.5583785352496,1992.6336694318957,1992.6336694318957,1992.6336694318957,1992.6336694318957,1992.6336694318957,2003.310112618458,1995.1091763331076,2008.7824009989938,-10.676443186562437,10.676443186562437,False,False,0.0,13.67322466588621,10.9
sim0003_ME,510,29.970149240246883,0,3sml,2.7162810787998986,4.999999999999999,11.03352280960858,True,0.9953486412902529,5.88994029120595,18.0,1992.5583785352496,1992.6336694318957,1992.6336694318957,1992.6336694318957,1992.6336694318957,1992.6336694318957,2003.310112618458,1995.1091763331076,2008.7824009989938,-10.676443186562437,10.676443186562437,False,False,0.0,13.67322466588621,10.9
sim0003_ME,510,29.970149240246883,0,3sml,2.7162810787998986,4.999999999999999,11.03352280960858,True,0.9953486412902529,5.88994029120595,19.0,1992.5583785352496,1992.6336694318957,1992.6336694318957,1992.6336694318957,1992.6336694318957,1992.6336694318957,2003.310112618458,1995.1091763331076,2008.7824009989938,-10.676443186562437,10.676443186562437,False,False,0.0,13.67322466588621,10.9
sim0003_ME,510,29.970149240246883,0,3sml,2.7162810787998986,4.999999999999999,11.03352280960858,True,0.9953486412902529,5.88994029120595,19.522388062970776,1992.5583785352496,1992.6336694318957,1992.6336694318957,1992.6336694318957,1992.6336694318957,1992.6336694318957,2003.310112618458,1995.1091763331076,2008.7824009989938,-10.676443186562437,10.676443186562437,False,False,0.0,13.67322466588621,10.9
sim0003_ME,510,29.970149240246883,1,2sm,2.7151331350620063,4.999999999999999,11.038187723918902,True,0.999630835762475,5.060232081812725,1.0,2001.3344979329222,2001.4097888295682,2001.4097888295682,2001.4097888295682,2001.4097888295682,2001.4097888295682,2001.3460858298272,2001.3460858298272,2001.3460858298272,0.06370299974105365,0.06370299974105365,False,False,0.0,0.0,10.9
sim0003_ME,510,29.970149240246883,1,2sm,2.7151331350620063,4.999999999999999,11.038187723918902,True,0.999630835762475,5.060232081812725,2.0,2001.3344979329222,2003.237304229979,2003.237304229979,2003.237304229979,2003.2099257221075,2003.237304229979,2003.310112618458,2003.250142334836,2003.310112618458,-0.07280838847918858,0.07280838847918858,False,False,0.0,0.05997028362207857,10.9
sim0003_ME,510,29.970149240246883,1,2sm,2.7151331350620063,4.999999999999999,11.038187723918902,True,0.999630835762475,5.060232081812725,3.0,2001.3344979329222,2003.237304229979,2003.237304229979,2003.237304229979,2003.2099257221075,2003.237304229979,2003.310112618458,2003.250142334836,2003.310112618458,-0.07280838847918858,0.07280838847918858,False,False,0.0,0.05997028362207857,10.9
sim0003_ME,510,29.970149240246883,1,2sm,2.7151331350620063,4.999999999999999,11.038187723918902,True,0.999630835762475,5.060232081812725,4.0,2001.3344979329222,2003.237304229979,2003.237304229979,2003.237304229979,2003.2099257221075,2003.237304229979,2003.310112618458,2003.250142334836,2003.310112618458,-0.07280838847918858,0.07280838847918858,False,False,0.0,0.05997028362207857,10.9
sim0003_ME,510,29.970149240246883,1,2sm,2.7151331350620063,4.999999999999999,11.038187723918902,True,0.999630835762475,5.060232081812725,5.0,2001.3344979329222,2003.237304229979,2003.237304229979,2003.237304229979,2003.2099257221075,2003.237304229979,2003.310112618458,2003.310112618458,2006.023767952368,-0.07280838847918858,0.07280838847918858,False,False,0.0,2.7136553339098555,10.9
sim0003_ME,510,29.970149240246883,1,2sm,2.7151331350620063,4.999999999999999,11.038187723918902,True,0.999630835762475,5.060232081812725,6.0,2001.3344979329222,2003.237304229979,2003.237304229979,2003.237304229979,2003.2099257221075,2003.237304229979,2003.310112618458,2003.310112618458,2006.023767952368,-0.07280838847918858,0.07280838847918858,False,False,0.0,2.7136553339098555,10.9
sim0003_ME,510,29.970149240246883,1,2sm,2.7151331350620063,4.999999999999999,11.038187723918902,True,0.999630835762475,5.060232081812725,7.0,2001.3344979329222,2003.237304229979,2003.237304229979,2003.237304229979,2003.2099257221075,2003.237304229979,2003.310112618458,2003.310112618458,2006.023767952368,-0.07280838847918858,0.07280838847918858,False,False,0.0,2.7136553339098555,10.9
sim0003_ME,510,29.970149240246883,1,2sm,2.7151331350620063,4.999999999999999,11.038187723918902,True,0.999630835762475,5.060232081812725,8.0,2001.3344979329222,2003.237304229979,2003.237304229979,2003.237304229979,2003.2099257221075,2003.237304229979,2008.7224307153717,2003.310112618458,2008.7524158571828,-5.4851264853928114,5.4851264853928114,False,False,0.0,5.442303238724662,10.9
sim0003_ME,510,29.970149240246883,1,2sm,2.7151331350620063,4.999999999999999,11.038187723918902,True,0.999630835762475,5.060232081812725,9.0,2001.3344979329222,2003.237304229979,2003.237304229979,2003.237304229979,2003.2099257221075,2003.237304229979,2008.7224307153717,2003.310112618458,2008.7524158571828,-5.4851264853928114,5.4851264853928114,False,False,0.0,5.442303238724662,10.9
sim0003_ME,510,29.970149240246883,1,2sm,2.7151331350620063,4.999999999999999,11.038187723918902,True,0.999630835762475,5.060232081812725,10.0,2001.3344979329222,2003.237304229979,2003.237304229979,2003.237304229979,2003.2099257221075,2003.237304229979,2008.7224307153717,2003.310112618458,2008.7524158571828,-5.4851264853928114,5.4851264853928114,False,False,0.0,5.442303238724662,10.9
sim0003_ME,510,29.970149240246883,1,2sm,2.7151331350620063,4.999999999999999,11.038187723918902,True,0.999630835762475,5.060232081812725,10.746268665298203,2001.3344979329222,2003.237304229979,2003.237304229979,2003.237304229979,2003.2099257221075,2003.237304229979,2011.4810637619976,2003.310112618458,2011.4810637619976,-8.243759532018657,8.243759532018657,False,False,0.0,8.170951143539469,10.9
sim0003_ME,510,29.970149240246883,2,3sml,2.7121842314404123,4.999999999999999,11.050189324465638,True,0.9908575103228899,4.781428304314045,1.0,2006.0807665982204,2006.2381930184804,2006.2381930184804,2006.2381930184804,2006.2381930184804,2006.2381930184804,2006.08373823599,2006.08373823599,2006.08373823599,0.1544547824903475,0.1544547824903475,False,False,0.0,0.0,10.9
sim0003_ME,510,29.970149240246883,2,3sml,2.7121842314404123,4.999999999999999,11.050189324465638,True,0.9908575103228899,4.781428304314045,2.0,2006.0807665982204,2006.2381930184804,2006.2381930184804,2006.2381930184804,2006.2381930184804,2006.2381930184804,2006.08373823599,2006.08373823599,2006.08373823599,0.1544547824903475,0.1544547824903475,False,False,0.0,0.0,10.9
sim0003_ME,510,29.970149240246883,2,3sml,2.7121842314404123,4.999999999999999,11.050189324465638,True,0.9908575103228899,4.781428304314045,3.0,2006.0807665982204,2006.2381930184804,2006.2381930184804,2006.2381930184804,2006.2381930184804,2006.2381930184804,2008.7674084280877,2008.7524158571828,2008.7824009989938,-2.529215409607332,2.529215409607332,False,False,0.0,0.029985141811039284,10.9
sim0003_ME,510,29.970149240246883,2,3sml,2.7121842314404123,4.999999999999999,11.050189324465638,True,0.9908575103228899,4.781428304314045,4.0,2006.0807665982204,2006.2381930184804,2006.2381930184804,2006.2381930184804,2006.2381930184804,2006.2381930184804,2008.7674084280877,2008.7524158571828,2008.7824009989938,-2.529215409607332,2.529215409607332,False,False,0.0,0.029985141811039284,10.9
sim0003_ME,510,29.970149240246883,2,3sml,2.7121842314404123,4.999999999999999,11.050189324465638,True,0.9908575103228899,4.781428304314045,5.0,2006.0807665982204,2006.2381930184804,2006.2381930184804,2006.2381930184804,2006.2381930184804,2006.2381930184804,2008.7674084280877,2008.7524158571828,2008.7824009989938,-2.529215409607332,2.529215409607332,False,False,0.0,0.029985141811039284,10.9
sim0003_ME,510,29.970149240246883,2,3sml,2.7121842314404123,4.999999999999999,11.050189324465638,True,0.9908575103228899,4.781428304314045,6.0,2006.0807665982204,2006.2381930184804,2006.2381930184804,2006.2381930184804,2006.2381930184804,2006.2381930184804,2011.4810637619976,2008.7674084280877,2011.4960563329023,-5.242870743517187,5.242870743517187,False,False,0.0,2.7286479048145793,10.9
sim0003_ME,510,29.970149240246883,2,3sml,2.7121842314404123,4.999999999999999,11.050189324465638,True,0.9908575103228899,4.781428304314045,6.0,2006.0807665982204,2006.2381930184804,2006.2381930184804,2006.2381930184804,2006.2381930184804,2006.2381930184804,2011.4810637619976,2008.7674084280877,2011.4960563329023,-5.242870743517187,5.242870743517187,False,False,0.0,2.7286479048145793,10.9
sim0004_ME,510,29.970149240246883,0,2sm,2.6828280576212733,4.999999999999999,11.171103252446184,True,0.9993859249993446,5.679461259047971,1.0,1992.5583785352496,1992.7979404791236,1992.7979404791236,1992.7979404791236,1992.7158049555096,1992.7979404791236,1993.100171831761,1993.0851792608546,1993.100171831761,-0.30223135263736367,0.30223135263736367,False,False,0.0,0.01499257090631545,10.9
sim0004_ME,510,29.970149240246883,0,2sm,2.6828280576212733,4.999999999999999,11.171103252446184,True,0.9993859249993446,5.679461259047971,2.0,1992.5583785352496,1992.7979404791236,1992.7979404791236,1992.7979404791236,1992.7158049555096,1992.7979404791236,1993.100171831761,1993.0851792608546,1993.100171831761,-0.30223135263736367,0.30223135263736367,False,False,0.0,0.01499257090631545,10.9
sim0004_ME,510,29.970149240246883,0,2sm,2.6828280576212733,4.999999999999999,11.171103252446184,True,0.9993859249993446,5.679461259047971,3.0,1992.5583785352496,1992.7979404791236,1992.7979404791236,1992.7979404791236,1992.7158049555096,1992.7979404791236,1993.100171831761,1993.0851792608546,1993.100171831761,-0.30223135263736367,0.30223135263736367,False,False,0.0,0.01499257090631545,10.9
sim0004_ME,510,29.970149240246883,0,2sm,2.6828280576212733,4.999999999999999,11.171103252446184,True,0.9993859249993446,5.679461259047971,4.0,1992.5583785352496,1992.7979404791236,1992.7979404791236,1992.7979404791236,1992.7158049555096,1992.7979404791236,1995.7838420238584,1993.100171831761,1995.7988345947647,-2.9859015447348156,2.9859015447348156,False,False,0.0,2.6986627630037674,10.9
sim0004_ME,510,29.970149240246883,0,2sm,2.6828280576212733,4.999999999999999,11.171103252446184,True,0.9993859249993446,5.679461259047971,5.0,1992.5583785352496,1992.7979404791236,1992.7979404791236,1992.7979404791236,1992.7158049555096,1992.7979404791236,1995.7838420238584,1993.100171831761,1995.7988345947647,-2.9859015447348156,2.9859015447348156,False,False,0.0,2.6986627630037674,10.9
sim0004_ME,510,29.970149240246883,0,2sm,2.6828280576212733,4.999999999999999,11.171103252446184,True,0.9993859249993446,5.679461259047971,6.0,1992.5583785352496,1992.7979404791236,1992.7979404791236,1992.7979404791236,1992.7158049555096,1992.7979404791236,1995.7988345947647,1993.100171831761,1998.4825047868624,-3.000894115641131,3.000894115641131,False,False,0.0,5.382332955101447,10.9
sim0004_ME,510,29.970149240246883,0,2sm,2.6828280576212733,4.999999999999999,11.171103252446184,True,0.9993859249993446,5.679461259047971,7.0,1992.5583785352496,1992.7979404791236,1992.7979404791236,1992.7979404791236,1992.7158049555096,1992.7979404791236,1995.7988345947647,1993.100171831761,1998.4825047868624,-3.000894115641131,3.000894115641131,False,False,0.0,5.382332955101447,10.9
sim0004_ME,510,29.970149240246883,0,2sm,2.6828280576212733,4.999999999999999,11.171103252446184,True,0.9993859249993446,5.679461259047971,8.0,1992.5583785352496,1992.7979404791236,1992.7979404791236,1992.7979404791236,1992.7158049555096,1992.7979404791236,1995.7988345947647,1993.100171831761,1998.4825047868624,-3.000894115641131,3.000894115641131,False,False,0.0,5.382332955101447,10.9
sim0004_ME,510,29.970149240246883,0,2sm,2.6828280576212733,4.999999999999999,11.171103252446184,True,0.9993859249993446,5.679461259047971,9.0,1992.5583785352496,1992.7979404791236,1992.7979404791236,1992.7979404791236,1992.7158049555096,1992.7979404791236,1998.4825047868624,1995.7838420238584,2001.1811675498661,-5.68456430773881,5.68456430773881,False,False,0.0,5.397325526007762,10.9
sim0004_ME,510,29.970149240246883,0,2sm,2.6828280576212733,4.999999999999999,11.171103252446184,True,0.9993859249993446,5.679461259047971,10.0,1992.5583785352496,1992.7979404791236,1992.7979404791236,1992.7979404791236,1992.7158049555096,1992.7979404791236,1998.4825047868624,1995.7838420238584,2001.1811675498661,-5.68456430773881,5.68456430773881,False,False,0.0,5.397325526007762,10.9
sim0004_ME,510,29.970149240246883,0,2sm,2.6828280576212733,4.999999999999999,11.171103252446184,True,0.9993859249993446,5.679461259047971,11.0,1992.5583785352496,1992.7979404791236,1992.7979404791236,1992.7979404791236,1992.7158049555096,1992.7979404791236,1998.4825047868624,1995.7838420238584,2001.1811675498661,-5.68456430773881,5.68456430773881,False,False,0.0,5.397325526007762,10.9
sim0004_ME,510,29.970149240246883,0,2sm,2.6828280576212733,4.999999999999999,11.171103252446184,True,0.9993859249993446,5.679461259047971,12.0,1992.5583785352496,1992.7979404791236,1992.7979404791236,1992.7979404791236,1992.7158049555096,1992.7979404791236,2001.1811675498661,1995.7988345947647,2003.864837741965,-8.383227070742578,8.383227070742578,False,False,0.0,8.066003147200263,10.9
sim0004_ME,510,29.970149240246883,0,2sm,2.6828280576212733,4.999999999999999,11.171103252446184,True,0.9993859249993446,5.679461259047971,13.0,1992.5583785352496,1992.7979404791236,1992.7979404791236,1992.7979404791236,1992.7158049555096,1992.7979404791236,2001.1811675498661,1995.7988345947647,2003.864837741965,-8.383227070742578,8.383227070742578,False,False,0.0,8.066003147200263,10.9
sim0004_ME,510,29.970149240246883,0,2sm,2.6828280576212733,4.999999999999999,11.171103252446184,True,0.9993859249993446,5.679461259047971,14.0,1992.5583785352496,1992.7979404791236,1992.7979404791236,1992.7979404791236,1992.7158049555096,1992.7979404791236,2001.1811675498661,1995.7988345947647,2003.864837741965,-8.383227070742578,8.383227070742578,False,False,0.0,8.066003147200263,10.9
sim0004_ME,510,29.970149240246883,0,2sm,2.6828280576212733,4.999999999999999,11.171103252446184,True,0.9993859249993446,5.679461259047971,15.0,1992.5583785352496,1992.7979404791236,1992.7979404791236,1992.7979404791236,1992.7158049555096,1992.7979404791236,2001.1811675498661,1995.7988345947647,2003.864837741965,-8.383227070742578,8.383227070742578,False,False,0.0,8.066003147200263,10.9
sim0004_ME,510,29.970149240246883,0,2sm,2.6828280576212733,4.999999999999999,11.171103252446184,True,0.9993859249993446,5.679461259047971,16.0,1992.5583785352496,1992.7979404791236,1992.7979404791236,1992.7979404791236,1992.7158049555096,1992.7979404791236,2001.1811675498661,1995.7988345947647,2003.864837741965,-8.383227070742578,8.383227070742578,False,False,0.0,8.066003147200263,10.9
sim0004_ME,510,29.970149240246883,0,2sm,2.6828280576212733,4.999999999999999,11.171103252446184,True,0.9993859249993446,5.679461259047971,17.0,1992.5583785352496,1992.7979404791236,1992.7979404791236,1992.7979404791236,1992.7158049555096,1992.7979404791236,2001.1811675498661,1998.4825047868624,2009.2621632679725,-8.383227070742578,8.383227070742578,False,False,0.0,10.779658481110118,10.9
sim0004_ME,510,29.970149240246883,0,2sm,2.6828280576212733,4.999999999999999,11.171103252446184,True,0.9993859249993446,5.679461259047971,18.0,1992.5583785352496,1992.7979404791236,1992.7979404791236,1992.7979404791236,1992.7158049555096,1992.7979404791236,2001.1811675498661,1998.4825047868624,2009.2621632679725,-8.383227070742578,8.383227070742578,False,False,0.0,10.779658481110118,10.9
sim0004_ME,510,29.970149240246883,0,2sm,2.6828280576212733,4.999999999999999,11.171103252446184,True,0.9993859249993446,5.679461259047971,19.0,1992.5583785352496,1992.7979404791236,1992.7979404791236,1992.7979404791236,1992.7158049555096,1992.7979404791236,2001.1811675498661,1998.4825047868624,2009.2621632679725,-8.383227070742578,8.383227070742578,False,False,0.0,10.779658481110118,10.9
sim0004_ME,510,29.970149240246883,0,2sm,2.6828280576212733,4.999999999999999,11.171103252446184,True,0.9993859249993446,5.679461259047971,19.522388062970776,1992.5583785352496,1992.7979404791236,1992.7979404791236,1992.7979404791236,1992.7158049555096,1992.7979404791236,2009.2621632679725,1998.4825047868624,2011.9458334600702,-16.46422278884893,16.46422278884893,False,False,0.0,13.463328673207798,10.9
sim0004_ME,510,29.970149240246883,1,3sml,2.711331463674988,4.999999999999999,11.05366482917024,True,0.980481778564853,6.029165628225637,1.0,1997.0956919644077,1998.0950075017108,1998.0950075017108,1998.0950075017108,1998.0950075017108,1998.0950075017108,1998.092697943318,1998.092697943318,1998.092697943318,0.0023095583928807173,0.0023095583928807173,False,False,0.0,0.0,10.9
sim0004_ME,510,29.970149240246883,1,3sml,2.711331463674988,4.999999999999999,11.05366482917024,True,0.980481778564853,6.029165628225637,2.0,1997.0956919644077,1998.3414140725527,1998.3140355646813,1998.3414140725527,1998.3140355646813,1998.368792580424,1998.3325790778072,1998.317586506901,1998.3475716487121,0.008834994745484437,0.008834994745484437,True,True,0.027378507871389957,0.029985141811039284,10.9
sim0004_ME,510,29.970149240246883,1,3sml,2.711331463674988,4.999999999999999,11.05366482917024,True,0.980481778564853,6.029165628225637,3.0,1997.0956919644077,1998.3414140725527,1998.3140355646813,1998.3414140725527,1998.3140355646813,1998.368792580424,1998.3325790778072,1998.317586506901,1998.3475716487121,0.008834994745484437,0.008834994745484437,True,True,0.027378507871389957,0.029985141811039284,10.9
sim0004_ME,510,29.970149240246883,1,3sml,2.711331463674988,4.999999999999999,11.05366482917024,True,0.980481778564853,6.029165628225637,4.0,1997.0956919644077,1998.3414140725527,1998.3140355646813,1998.3414140725527,1998.3140355646813,1998.368792580424,1998.3325790778072,1998.330180266462,2001.031241840811,0.008834994745484437,0.008834994745484437,True,True,0.027378507871389957,2.7010615743488415,10.9
sim0004_ME,510,29.970149240246883,1,3sml,2.711331463674988,4.999999999999999,11.05366482917024,True,0.980481778564853,6.029165628225637,5.0,1997.0956919644077,1998.3414140725527,1998.3140355646813,1998.3414140725527,1998.3140355646813,1998.368792580424,1998.3325790778072,1998.330180266462,2001.031241840811,0.008834994745484437,0.008834994745484437,True,True,0.027378507871389957,2.7010615743488415,10.9
sim0004_ME,510,29.970149240246883,1,3sml,2.711331463674988,4.999999999999999,11.05366482917024,True,0.980481778564853,6.029165628225637,6.0,1997.0956919644077,1998.3414140725527,1998.3140355646813,1998.3414140725527,1998.3140355646813,1998.368792580424,1998.3325790778072,1998.330180266462,2001.031241840811,0.008834994745484437,0.008834994745484437,True,True,0.027378507871389957,2.7010615743488415,10.9
sim0004_ME,510,29.970149240246883,1,3sml,2.711331463674988,4.999999999999999,11.05366482917024,True,0.980481778564853,6.029165628225637,7.0,1997.0956919644077,1998.3414140725527,1998.3140355646813,1998.3414140725527,1998.3140355646813,1998.368792580424,1998.3475716487121,1998.3325790778072,2003.7448971747197,-0.006157576159466771,0.006157576159466771,False,True,0.027378507871389957,5.412318096912486,10.9
sim0004_ME,510,29.970149240246883,1,3sml,2.711331463674988,4.999999999999999,11.05366482917024,True,0.980481778564853,6.029165628225637,8.0,1997.0956919644077,1998.3414140725527,1998.3140355646813,1998.3414140725527,1998.3140355646813,1998.368792580424,1998.3475716487121,1998.3325790778072,2003.7448971747197,-0.006157576159466771,0.006157576159466771,False,True,0.027378507871389957,5.412318096912486,10.9
sim0004_ME,510,29.970149240246883,1,3sml,2.711331463674988,4.999999999999999,11.05366482917024,True,0.980481778564853,6.029165628225637,9.0,1997.0956919644077,1998.3414140725527,1998.3140355646813,1998.3414140725527,1998.3140355646813,1998.368792580424,1998.3475716487121,1998.3325790778072,2003.7448971747197,-0.006157576159466771,0.006157576159466771,False,True,0.027378507871389957,5.412318096912486,10.9
sim0004_ME,510,29.970149240246883,1,3sml,2.711331463674988,4.999999999999999,11.05366482917024,True,0.980481778564853,6.029165628225637,10.0,1997.0956919644077,1998.3414140725527,1998.3140355646813,1998.3414140725527,1998.3140355646813,1998.368792580424,2003.7299046038147,1998.3325790778072,2006.4585525086295,-5.38849053126205,5.38849053126205,False,False,0.027378507871389957,8.125973430822341,10.9
sim0004_ME,510,29.970149240246883,1,3sml,2.711331463674988,4.999999999999999,11.05366482917024,True,0.980481778564853,6.029165628225637,11.0,1997.0956919644077,1998.3414140725527,1998.3140355646813,1998.3414140725527,1998.3140355646813,1998.368792580424,2003.7299046038147,1998.3325790778072,2006.4585525086295,-5.38849053126205,5.38849053126205,False,False,0.027378507871389957,8.125973430822341,10.9
sim0004_ME,510,29.970149240246883,1,3sml,2.711331463674988,4.999999999999999,11.05366482917024,True,0.980481778564853,6.029165628225637,12.0,1997.0956919644077,1998.3414140725527,1998.3140355646813,1998.3414140725527,1998.3140355646813,1998.368792580424,2003.7299046038147,1998.3325790778072,2006.4585525086295,-5.38849053126205,5.38849053126205,False,False,0.027378507871389957,8.125973430822341,10.9
sim0004_ME,510,29.970149240246883,1,3sml,2.711331463674988,4.999999999999999,11.05366482917024,True,0.980481778564853,6.029165628225637,13.0,1997.0956919644077,1998.3414140725527,1998.3140355646813,1998.3414140725527,1998.3140355646813,1998.368792580424,2006.4435599377234,1998.3475716487121,2009.1722078425382,-8.102145865170769,8.102145865170769,False,False,0.027378507871389957,10.824636193826109,10.9
sim0004_ME,510,29.970149240246883,1,3sml,2.711331463674988,4.999999999999999,11.05366482917024,True,0.980481778564853,6.029165628225637,14.0,1997.0956919644077,1998.3414140725527,1998.3140355646813,1998.3414140725527,1998.3140355646813,1998.368792580424,2006.4435599377234,1998.3475716487121,2009.1722078425382,-8.102145865170769,8.102145865170769,False,False,0.027378507871389957,10.824636193826109,10.9
sim0004_ME,510,29.970149240246883,1,3sml,2.711331463674988,4.999999999999999,11.05366482917024,True,0.980481778564853,6.029165628225637,14.985074633812701,1997.0956919644077,1998.3414140725527,1998.3140355646813,1998.3414140725527,1998.3140355646813,1998.368792580424,2006.4585525086295,1998.3475716487121,2009.1722078425382,-8.117138436076857,8.117138436076857,False,False,0.027378507871389957,10.824636193826109,10.9
sim0004_ME,510,29.970149240246883,2,3sml,2.704423775687994,4.999999999999999,11.08189829924957,True,0.9998988854117126,6.040983423272789,1.0,2001.3344979329222,2001.4097888295682,2001.4097888295682,2001.4097888295682,2001.4097888295682,2001.4097888295682,2001.3460858298272,2001.3460858298272,2001.3460858298272,0.06370299974105365,0.06370299974105365,False,False,0.0,0.0,10.9
sim0004_ME,510,29.970149240246883,2,3sml,2.704423775687994,4.999999999999999,11.08189829924957,True,0.9998988854117126,6.040983423272789,2.0,2001.3344979329222,2001.4097888295682,2001.4097888295682,2001.4097888295682,2001.4097888295682,2001.4097888295682,2003.0852240548747,2003.0852240548747,2003.0852240548747,-1.6754352253065008,1.6754352253065008,False,False,0.0,0.0,10.9
sim0004_ME,510,29.970149240246883,2,3sml,2.704423775687994,4.999999999999999,11.08189829924957,True,0.9998988854117126,6.040983423272789,3.0,2001.3344979329222,2001.4097888295682,2001.4097888295682,2001.4097888295682,2001.4097888295682,2001.4097888295682,2003.7448971747197,2003.7448971747197,2003.7598897456257,-2.3351083451514114,2.3351083451514114,False,False,0.0,0.014992570906088076,10.9
sim0004_ME,510,29.970149240246883,2,3sml,2.704423775687994,4.999999999999999,11.08189829924957,True,0.9998988854117126,6.040983423272789,4.0,2001.3344979329222,2001.4097888295682,2001.4097888295682,2001.4097888295682,2001.4097888295682,2001.4097888295682,2003.7448971747197,2003.7448971747197,2003.7598897456257,-2.3351083451514114,2.3351083451514114,False,False,0.0,0.014992570906088076,10.9
sim0004_ME,510,29.970149240246883,2,3sml,2.704423775687994,4.999999999999999,11.08189829924957,True,0.9998988854117126,6.040983423272789,5.0,2001.3344979329222,2001.4097888295682,2001.4097888295682,2001.4097888295682,2001.4097888295682,2001.4097888295682,2003.7448971747197,2003.7448971747197,2003.7598897456257,-2.3351083451514114,2.3351083451514114,False,False,0.0,0.014992570906088076,10.9
sim0004_ME,510,29.970149240246883,2,3sml,2.704423775687994,4.999999999999999,11.08189829924957,True,0.9998988854117126,6.040983423272789,6.0,2001.3344979329222,2001.4097888295682,2001.4097888295682,2001.4097888295682,2001.4097888295682,2001.4097888295682,2006.4585525086295,2006.4585525086295,2006.4585525086295,-5.048763679061267,5.048763679061267,False,False,0.0,0.0,10.9
sim0004_ME,510,29.970149240246883,2,3sml,2.704423775687994,4.999999999999999,11.08189829924957,True,0.9998988854117126,6.040983423272789,7.0,2001.3344979329222,2001.4097888295682,2001.4097888295682,2001.4097888295682,2001.4097888295682,2001.4097888295682,2006.4585525086295,2006.4585525086295,2006.4585525086295,-5.048763679061267,5.048763679061267,False,False,0.0,0.0,10.9
sim0004_ME,510,29.970149240246883,2,3sml,2.704423775687994,4.999999999999999,11.08189829924957,True,0.9998988854117126,6.040983423272789,8.0,2001.3344979329222,2001.4097888295682,2001.4097888295682,2001.4097888295682,2001.4097888295682,2001.4097888295682,2009.1722078425382,2006.4585525086295,2009.1722078425382,-7.7624190129699855,7.7624190129699855,False,False,0.0,2.7136553339087186,10.9
sim0004_ME,510,29.970149240246883,2,3sml,2.704423775687994,4.999999999999999,11.08189829924957,True,0.9998988854117126,6.040983423272789,9.0,2001.3344979329222,2001.4097888295682,2001.4097888295682,2001.4097888295682,2001.4097888295682,2001.4097888295682,2009.1722078425382,2006.4585525086295,2009.1722078425382,-7.7624190129699855,7.7624190129699855,False,False,0.0,2.7136553339087186,10.9
sim0004_ME,510,29.970149240246883,2,3sml,2.704423775687994,4.999999999999999,11.08189829924957,True,0.9998988854117126,6.040983423272789,10.0,2001.3344979329222,2001.4097888295682,2001.4097888295682,2001.4097888295682,2001.4097888295682,2001.4097888295682,2009.1722078425382,2006.4585525086295,2009.1722078425382,-7.7624190129699855,7.7624190129699855,False,False,0.0,2.7136553339087186,10.9
sim0004_ME,510,29.970149240246883,2,3sml,2.704423775687994,4.999999999999999,11.08189829924957,True,0.9998988854117126,6.040983423272789,10.746268665298203,2001.3344979329222,2001.4097888295682,2001.4097888295682,2001.4097888295682,2001.4097888295682,2001.4097888295682,2009.1722078425382,2006.4585525086295,2011.885863176448,-7.7624190129699855,7.7624190129699855,False,False,0.0,5.427310667818574,10.9
sim0004_ME,510,29.970149240246883,3,2sm,2.701002436710419,4.999999999999999,11.095935654448303,True,0.9928672996323238,6.071130527230537,1.0,2006.0807665982204,2006.1560574948664,2006.1560574948664,2006.1560574948664,2006.1560574948664,2006.3203285420943,2006.4735450795345,2006.4585525086295,2006.4735450795345,-0.3174875846680152,0.3174875846680152,False,False,0.0,0.014992570904951208,10.9
sim0004_ME,510,29.970149240246883,3,2sm,2.701002436710419,4.999999999999999,11.095935654448303,True,0.9928672996323238,6.071130527230537,2.0,2006.0807665982204,2006.1560574948664,2006.1560574948664,2006.1560574948664,2006.1560574948664,2006.3203285420943,2006.4735450795345,2006.4585525086295,2006.4735450795345,-0.3174875846680152,0.3174875846680152,False,False,0.0,0.014992570904951208,10.9
sim0004_ME,510,29.970149240246883,3,2sm,2.701002436710419,4.999999999999999,11.095935654448303,True,0.9928672996323238,6.071130527230537,3.0,2006.0807665982204,2006.1560574948664,2006.1560574948664,2006.1560574948664,2006.1560574948664,2006.3203285420943,2006.4735450795345,2006.4585525086295,2006.4735450795345,-0.3174875846680152,0.3174875846680152,False,False,0.0,0.014992570904951208,10.9
sim0004_ME,510,29.970149240246883,3,2sm,2.701002436710419,4.999999999999999,11.095935654448303,True,0.9928672996323238,6.071130527230537,4.0,2006.0807665982204,2006.1560574948664,2006.1560574948664,2006.1560574948664,2006.1560574948664,2006.3203285420943,2009.1722078425382,2006.4735450795345,2009.1722078425382,-3.0161503476717826,3.0161503476717826,False,False,0.0,2.6986627630037674,10.9
sim0004_ME,510,29.970149240246883,3,2sm,2.701002436710419,4.999999999999999,11.095935654448303,True,0.9928672996323238,6.071130527230537,5.0,2006.0807665982204,2006.1560574948664,2006.1560574948664,2006.1560574948664,2006.1560574948664,2006.3203285420943,2009.1722078425382,2006.4735450795345,2009.1722078425382,-3.0161503476717826,3.0161503476717826,False,False,0.0,2.6986627630037674,10.9
sim0004_ME,510,29.970149240246883,3,2sm,2.701002436710419,4.999999999999999,11.095935654448303,True,0.9928672996323238,6.071130527230537,6.0,2006.0807665982204,2006.1560574948664,2006.1560574948664,2006.1560574948664,2006.1560574948664,2006.3203285420943,2011.885863176448,2006.4735450795345,2011.885863176448,-5.729805681581638,5.729805681581638,False,False,0.0,5.412318096913623,10.9
sim0004_ME,510,29.970149240246883,3,2sm,2.701002436710419,4.999999999999999,11.095935654448303,True,0.9928672996323238,6.071130527230537,6.0,2006.0807665982204,2006.1560574948664,2006.1560574948664,2006.1560574948664,2006.1560574948664,2006.3203285420943,2011.885863176448,2006.4735450795345,2011.885863176448,-5.729805681581638,5.729805681581638,False,False,0.0,5.412318096913623,10.9
sim0004_ME,510,29.970149240246883,4,2sm,2.701347437424274,4.999999999999999,11.094518544724231,True,0.9992474354616934,6.035377338138937,1.0,2010.319572566735,2011.318888104038,2011.318888104038,2011.318888104038,2011.318888104038,2011.318888104038,2010.356620944079,2010.356620944079,2011.0612717766408,0.9622671599590831,0.9622671599590831,False,False,0.0,0.7046508325618106,10.9
sim0004_ME,510,29.970149240246883,4,2sm,2.701347437424274,4.999999999999999,11.094518544724231,True,0.9992474354616934,6.035377338138937,1.761194031485502,2010.319572566735,2011.7843227378505,2011.7843227378505,2011.811701245722,2011.7843227378505,2011.811701245722,2011.900855747353,2011.885863176448,2011.900855747353,-0.11653300950251833,0.11653300950251833,False,False,0.027378507871389957,0.014992570904951208,10.9
sim0005_ME,510,29.970149240246883,0,2sm,7.605860078987589,4.999999999999999,3.9404023909201586,True,0.9963632074641002,9.513172209584852,1.0,1997.0956919644077,1997.4995249555095,1997.4173894318956,1997.4995249555095,1997.4173894318956,1997.4995249555095,1997.6878985288672,1997.448017394378,1998.092697943318,-0.1883735733576941,0.1883735733576941,False,False,0.0821355236139425,0.6446805489399594,10.9
sim0005_ME,510,29.970149240246883,0,2sm,7.605860078987589,4.999999999999999,3.9404023909201586,True,0.9963632074641002,9.513172209584852,2.0,1997.0956919644077,1997.4995249555095,1997.4173894318956,1997.4995249555095,1997.4173894318956,1997.4995249555095,1997.7028910997722,1997.448017394378,1998.257616223279,-0.20336614426264532,0.20336614426264532,False,False,0.0821355236139425,0.8095988289010165,10.9
sim0005_ME,510,29.970149240246883,0,2sm,7.605860078987589,4.999999999999999,3.9404023909201586,True,0.9963632074641002,9.513172209584852,3.0,1997.0956919644077,1997.4995249555095,1997.4173894318956,1997.4995249555095,1997.4173894318956,1997.4995249555095,1997.7028910997722,1997.448017394378,1998.257616223279,-0.20336614426264532,0.20336614426264532,False,False,0.0821355236139425,0.8095988289010165,10.9
sim0005_ME,510,29.970149240246883,0,2sm,7.605860078987589,4.999999999999999,3.9404023909201586,True,0.9963632074641002,9.513172209584852,4.0,1997.0956919644077,1997.4995249555095,1997.4173894318956,1997.4995249555095,1997.4173894318956,1997.4995249555095,1997.7028910997722,1997.448017394378,1998.257616223279,-0.20336614426264532,0.20336614426264532,False,False,0.0821355236139425,0.8095988289010165,10.9
sim0005_ME,510,29.970149240246883,0,2sm,7.605860078987589,4.999999999999999,3.9404023909201586,True,0.9963632074641002,9.513172209584852,5.0,1997.0956919644077,1997.4995249555095,1997.4173894318956,1997.4995249555095,1997.4173894318956,1997.4995249555095,1997.7028910997722,1997.448017394378,1998.257616223279,-0.20336614426264532,0.20336614426264532,False,False,0.0821355236139425,0.8095988289010165,10.9
sim0005_ME,510,29.970149240246883,0,2sm,7.605860078987589,4.999999999999999,3.9404023909201586,True,0.9963632074641002,9.513172209584852,6.0,1997.0956919644077,1997.4995249555095,1997.4173894318956,1997.4995249555095,1997.4173894318956,1997.4995249555095,1997.7028910997722,1997.448017394378,1998.257616223279,-0.20336614426264532,0.20336614426264532,False,False,0.0821355236139425,0.8095988289010165,10.9
sim0005_ME,510,29.970149240246883,0,2sm,7.605860078987589,4.999999999999999,3.9404023909201586,True,0.9963632074641002,9.513172209584852,7.0,1997.0956919644077,1997.4995249555095,1997.4173894318956,1997.4995249555095,1997.4173894318956,1997.4995249555095,1997.7028910997722,1997.448017394378,1998.257616223279,-0.20336614426264532,0.20336614426264532,False,False,0.0821355236139425,0.8095988289010165,10.9
sim0005_ME,510,29.970149240246883,0,2sm,7.605860078987589,4.999999999999999,3.9404023909201586,True,0.9963632074641002,9.513172209584852,8.0,1997.0956919644077,1997.4995249555095,1997.4173894318956,1997.4995249555095,1997.4173894318956,1997.4995249555095,1997.7028910997722,1997.448017394378,1998.257616223279,-0.20336614426264532,0.20336614426264532,False,False,0.0821355236139425,0.8095988289010165,10.9
sim0005_ME,510,29.970149240246883,0,2sm,7.605860078987589,4.999999999999999,3.9404023909201586,True,0.9963632074641002,9.513172209584852,9.0,1997.0956919644077,1997.4995249555095,1997.4173894318956,1997.4995249555095,1997.4173894318956,1997.4995249555095,1998.272608794185,1997.6279282452454,2005.5440056833893,-0.773083838675575,0.773083838675575,False,False,0.0821355236139425,7.91607743814393,10.9
sim0005_ME,510,29.970149240246883,0,2sm,7.605860078987589,4.999999999999999,3.9404023909201586,True,0.9963632074641002,9.513172209584852,10.0,1997.0956919644077,1997.4995249555095,1997.4173894318956,1997.4995249555095,1997.4173894318956,1997.4995249555095,1998.3025939359961,1997.6279282452454,2005.6213673492623,-0.8030689804866142,0.8030689804866142,False,False,0.0821355236139425,7.993439104016943,10.9
sim0005_ME,510,29.970149240246883,0,2sm,7.605860078987589,4.999999999999999,3.9404023909201586,True,0.9963632074641002,9.513172209584852,11.0,1997.0956919644077,1997.4995249555095,1997.4173894318956,1997.4995249555095,1997.4173894318956,1997.4995249555095,1998.3025939359961,1997.6279282452454,2005.6213673492623,-0.8030689804866142,0.8030689804866142,False,False,0.0821355236139425,7.993439104016943,10.9
sim0005_ME,510,29.970149240246883,0,2sm,7.605860078987589,4.999999999999999,3.9404023909201586,True,0.9963632074641002,9.513172209584852,12.0,1997.0956919644077,1997.4995249555095,1997.4173894318956,1997.4995249555095,1997.4173894318956,1997.4995249555095,1998.3025939359961,1997.6279282452454,2005.6213673492623,-0.8030689804866142,0.8030689804866142,False,False,0.0821355236139425,7.993439104016943,10.9
sim0005_ME,510,29.970149240246883,0,2sm,7.605860078987589,4.999999999999999,3.9404023909201586,True,0.9963632074641002,9.513172209584852,13.0,1997.0956919644077,1997.4995249555095,1997.4173894318956,1997.4995249555095,1997.4173894318956,1997.4995249555095,1998.3025939359961,1997.6279282452454,2005.6213673492623,-0.8030689804866142,0.8030689804866142,False,False,0.0821355236139425,7.993439104016943,10.9
sim0005_ME,510,29.970149240246883,0,2sm,7.605860078987589,4.999999999999999,3.9404023909201586,True,0.9963632074641002,9.513172209584852,14.0,1997.0956919644077,1997.4995249555095,1997.4173894318956,1997.4995249555095,1997.4173894318956,1997.4995249555095,1998.3025939359961,1997.6279282452454,2005.6213673492623,-0.8030689804866142,0.8030689804866142,False,False,0.0821355236139425,7.993439104016943,10.9
sim0005_ME,510,29.970149240246883,0,2sm,7.605860078987589,4.999999999999999,3.9404023909201586,True,0.9963632074641002,9.513172209584852,14.985074633812701,1997.0956919644077,1997.4995249555095,1997.4173894318956,1997.4995249555095,1997.4173894318956,1997.4995249555095,1998.3025939359961,1997.6279282452454,2005.6213673492623,-0.8030689804866142,0.8030689804866142,False,False,0.0821355236139425,7.993439104016943,10.9
sim0005_ME,510,29.970149240246883,1,3sml,7.56895478404903,4.999999999999999,3.959615309554575,True,0.998337092860493,9.473900019598014,1.0,2001.3344979329222,2002.3338134702253,2002.3338134702253,2002.3338134702253,2002.3338134702253,2002.3338134702253,2002.3206029386909,2002.3206029386909,2002.3206029386909,0.013210531534468828,0.013210531534468828,False,False,0.0,0.0,10.9
sim0005_ME,510,29.970149240246883,1,3sml,7.56895478404903,4.999999999999999,3.959615309554575,True,0.998337092860493,9.473900019598014,2.0,2001.3344979329222,2003.3194397535929,2003.3194397535929,2003.3194397535929,2003.3194397535929,2003.3194397535929,2003.3251051893642,2003.3251051893642,2003.3251051893642,-0.00566543577133416,0.00566543577133416,False,False,0.0,0.0,10.9
sim0005_ME,510,29.970149240246883,1,3sml,7.56895478404903,4.999999999999999,3.959615309554575,True,0.998337092860493,9.473900019598014,3.0,2001.3344979329222,2004.3324445448318,2004.3324445448318,2004.3324445448318,2004.3324445448318,2004.3324445448318,2004.3296074400375,2004.3296074400375,2004.3296074400375,0.0028371047942528094,0.0028371047942528094,False,False,0.0,0.0,10.9
sim0005_ME,510,29.970149240246883,1,3sml,7.56895478404903,4.999999999999999,3.959615309554575,True,0.998337092860493,9.473900019598014,4.0,2001.3344979329222,2004.9895287337436,2004.9895287337436,2004.9895287337436,2004.9621502258722,2005.0169072416147,2005.1691914107496,2005.1691914107496,2005.184183981656,-0.17966267700603566,0.17966267700603566,False,False,0.0,0.01499257090631545,10.9
sim0005_ME,510,29.970149240246883,1,3sml,7.56895478404903,4.999999999999999,3.959615309554575,True,0.998337092860493,9.473900019598014,5.0,2001.3344979329222,2004.9895287337436,2004.9895287337436,2004.9895287337436,2004.9621502258722,2005.0169072416147,2005.1691914107496,2005.1691914107496,2005.184183981656,-0.17966267700603566,0.17966267700603566,False,False,0.0,0.01499257090631545,10.9
sim0005_ME,510,29.970149240246883,1,3sml,7.56895478404903,4.999999999999999,3.959615309554575,True,0.998337092860493,9.473900019598014,6.0,2001.3344979329222,2004.9895287337436,2004.9895287337436,2004.9895287337436,2004.9621502258722,2005.0169072416147,2005.1691914107496,2005.1691914107496,2005.184183981656,-0.17966267700603566,0.17966267700603566,False,False,0.0,0.01499257090631545,10.9
sim0005_ME,510,29.970149240246883,1,3sml,7.56895478404903,4.999999999999999,3.959615309554575,True,0.998337092860493,9.473900019598014,7.0,2001.3344979329222,2004.9895287337436,2004.9895287337436,2004.9895287337436,2004.9621502258722,2005.0169072416147,2005.1691914107496,2005.1691914107496,2005.184183981656,-0.17966267700603566,0.17966267700603566,False,False,0.0,0.01499257090631545,10.9
sim0005_ME,510,29.970149240246883,1,3sml,7.56895478404903,4.999999999999999,3.959615309554575,True,0.998337092860493,9.473900019598014,8.0,2001.3344979329222,2004.9895287337436,2004.9895287337436,2004.9895287337436,2004.9621502258722,2005.0169072416147,2005.1691914107496,2005.1691914107496,2005.184183981656,-0.17966267700603566,0.17966267700603566,False,False,0.0,0.01499257090631545,10.9
sim0005_ME,510,29.970149240246883,1,3sml,7.56895478404903,4.999999999999999,3.959615309554575,True,0.998337092860493,9.473900019598014,9.0,2001.3344979329222,2004.9895287337436,2004.9895287337436,2004.9895287337436,2004.9621502258722,2005.0169072416147,2005.1691914107496,2005.1691914107496,2005.184183981656,-0.17966267700603566,0.17966267700603566,False,False,0.0,0.01499257090631545,10.9
sim0005_ME,510,29.970149240246883,1,3sml,7.56895478404903,4.999999999999999,3.959615309554575,True,0.998337092860493,9.473900019598014,10.0,2001.3344979329222,2004.9895287337436,2004.9895287337436,2004.9895287337436,2004.9621502258722,2005.0169072416147,2005.1691914107496,2005.1691914107496,2005.184183981656,-0.17966267700603566,0.17966267700603566,False,False,0.0,0.01499257090631545,10.9
sim0005_ME,510,29.970149240246883,1,3sml,7.56895478404903,4.999999999999999,3.959615309554575,True,0.998337092860493,9.473900019598014,10.746268665298203,2001.3344979329222,2004.9895287337436,2004.9895287337436,2004.9895287337436,2004.9621502258722,2005.0169072416147,2005.1691914107496,2005.1691914107496,2005.184183981656,-0.17966267700603566,0.17966267700603566,False,False,0.0,0.01499257090631545,10.9
sim0005_ME,510,29.970149240246883,2,3sml,7.638371185722264,4.999999999999999,3.9236309039638515,True,0.999156668445054,9.20316207869953,1.0,2006.0807665982204,2006.1560574948664,2006.1560574948664,2006.1560574948664,2006.1560574948664,2006.1560574948664,2006.08373823599,2006.08373823599,2006.08373823599,0.072319258876405,0.072319258876405,False,False,0.0,0.0,10.9
sim0005_ME,510,29.970149240246883,2,3sml,7.638371185722264,4.999999999999999,3.9236309039638515,True,0.999156668445054,9.20316207869953,2.0,2006.0807665982204,2006.1560574948664,2006.1560574948664,2006.1560574948664,2006.1560574948664,2006.1560574948664,2006.08373823599,2006.08373823599,2006.08373823599,0.072319258876405,0.072319258876405,False,False,0.0,0.0,10.9
sim0005_ME,510,29.970149240246883,2,3sml,7.638371185722264,4.999999999999999,3.9236309039638515,True,0.999156668445054,9.20316207869953,3.0,2006.0807665982204,2006.1560574948664,2006.1560574948664,2006.1560574948664,2006.1560574948664,2006.1560574948664,2006.08373823599,2006.08373823599,2006.08373823599,0.072319258876405,0.072319258876405,False,False,0.0,0.0,10.9
sim0005_ME,510,29.970149240246883,2,3sml,7.638371185722264,4.999999999999999,3.9236309039638515,True,0.999156668445054,9.20316207869953,4.0,2006.0807665982204,2006.1560574948664,2006.1560574948664,2006.1560574948664,2006.1560574948664,2006.1560574948664,2006.08373823599,2006.08373823599,2006.08373823599,0.072319258876405,0.072319258876405,False,False,0.0,0.0,10.9
sim0005_ME,510,29.970149240246883,2,3sml,7.638371185722264,4.999999999999999,3.9236309039638515,True,0.999156668445054,9.20316207869953,5.0,2006.0807665982204,2006.1560574948664,2006.1560574948664,2006.1560574948664,2006.1560574948664,2006.1560574948664,2006.08373823599,2006.08373823599,2006.08373823599,0.072319258876405,0.072319258876405,False,False,0.0,0.0,10.9
sim0005_ME,510,29.970149240246883,2,3sml,7.638371185722264,4.999999999999999,3.9236309039638515,True,0.999156668445054,9.20316207869953,6.0,2006.0807665982204,2006.1560574948664,2006.1560574948664,2006.1560574948664,2006.1560574948664,2006.1560574948664,2012.0807665982204,2012.0807665982204,2012.0807665982204,-5.924709103353962,5.924709103353962,False,False,0.0,0.0,10.9
sim0005_ME,510,29.970149240246883,2,3sml,7.638371185722264,4.999999999999999,3.9236309039638515,True,0.999156668445054,9.20316207869953,6.0,2006.0807665982204,2006.1560574948664,2006.1560574948664,2006.1560574948664,2006.1560574948664,2006.1560574948664,2012.0807665982204,2012.0807665982204,2012.0807665982204,-5.924709103353962,5.924709103353962,False,False,0.0,0.0,10.9
sim0005_ME,510,29.970149240246883,3,3sml,7.617467072912348,4.999999999999999,3.934398265641409,True,0.9997337541597413,8.936924099863385,1.0,2010.319572566735,2011.318888104038,2011.318888104038,2011.318888104038,2011.318888104038,2011.318888104038,2011.3161454820363,2011.3161454820363,2011.3161454820363,0.0027426220017332525,0.0027426220017332525,False,False,0.0,0.0,10.9
sim0005_ME,510,29.970149240246883,3,3sml,7.617467072912348,4.999999999999999,3.934398265641409,True,0.9997337541597413,8.936924099863385,1.761194031485502,2010.319572566735,2012.0581078165637,2012.0581078165637,2012.0581078165637,2012.0581078165637,2012.0581078165637,2012.0807665982204,2012.0807665982204,2012.0807665982204,-0.022658781656673455,0.022658781656673455,False,False,0.0,0.0,10.9
sim0006_ME,510,29.970149240246883,0,3sml,2.8987649248380842,4.999999999999999,10.33893745003173,True,0.998943311859587,8.548665977990394,1.0,1992.5583785352496,1992.6336694318957,1992.6336694318957,1992.6336694318957,1992.6336694318957,1992.6336694318957,1992.5604392791602,1992.5604392791602,1992.5604392791602,0.07323015273550482,0.07323015273550482,False,False,0.0,0.0,10.9
sim0006_ME,510,29.970149240246883,0,3sml,2.8987649248380842,4.999999999999999,10.33893745003173,True,0.998943311859587,8.548665977990394,2.0,1992.5583785352496,1994.5433203559203,1994.5433203559203,1994.5433203559203,1994.5433203559203,1994.5433203559203,1994.554451209602,1994.554451209602,1994.554451209602,-0.011130853681606823,0.011130853681606823,False,False,0.0,0.0,10.9
sim0006_ME,510,29.970149240246883,0,3sml,2.8987649248380842,4.999999999999999,10.33893745003173,True,0.998943311859587,8.548665977990394,3.0,1992.5583785352496,1994.6528343874056,1994.6254558795342,1994.6528343874056,1994.6254558795342,1994.6528343874056,1994.644406635035,1994.644406635035,1994.644406635035,0.008427752370607777,0.008427752370607777,True,True,0.027378507871389957,0.0,10.9
sim0006_ME,510,29.970149240246883,0,3sml,2.8987649248380842,4.999999999999999,10.33893745003173,True,0.998943311859587,8.548665977990394,4.0,1992.5583785352496,1994.6528343874056,1994.6254558795342,1994.6528343874056,1994.6254558795342,1994.6528343874056,1994.644406635035,1994.644406635035,1994.644406635035,0.008427752370607777,0.008427752370607777,True,True,0.027378507871389957,0.0,10.9
sim0006_ME,510,29.970149240246883,0,3sml,2.8987649248380842,4.999999999999999,10.33893745003173,True,0.998943311859587,8.548665977990394,5.0,1992.5583785352496,1994.6528343874056,1994.6254558795342,1994.6528343874056,1994.6254558795342,1994.6528343874056,1994.644406635035,1994.644406635035,1997.5529653907172,0.008427752370607777,0.008427752370607777,True,True,0.027378507871389957,2.9085587556821793,10.9
sim0006_ME,510,29.970149240246883,0,3sml,2.8987649248380842,4.999999999999999,10.33893745003173,True,0.998943311859587,8.548665977990394,6.0,1992.5583785352496,1994.6528343874056,1994.6254558795342,1994.6528343874056,1994.6254558795342,1994.6528343874056,1994.644406635035,1994.644406635035,1997.5529653907172,0.008427752370607777,0.008427752370607777,True,True,0.027378507871389957,2.9085587556821793,10.9
sim0006_ME,510,29.970149240246883,0,3sml,2.8987649248380842,4.999999999999999,10.33893745003173,True,0.998943311859587,8.548665977990394,7.0,1992.5583785352496,1994.6528343874056,1994.6254558795342,1994.6528343874056,1994.6254558795342,1994.6528343874056,1994.644406635035,1994.644406635035,1997.5529653907172,0.008427752370607777,0.008427752370607777,True,True,0.027378507871389957,2.9085587556821793,10.9
sim0006_ME,510,29.970149240246883,0,3sml,2.8987649248380842,4.999999999999999,10.33893745003173,True,0.998943311859587,8.548665977990394,8.0,1992.5583785352496,1994.6528343874056,1994.6254558795342,1994.6528343874056,1994.6254558795342,1994.6528343874056,1994.644406635035,1994.644406635035,2000.476516717304,0.008427752370607777,0.008427752370607777,True,True,0.027378507871389957,5.832110082269082,10.9
sim0006_ME,510,29.970149240246883,0,3sml,2.8987649248380842,4.999999999999999,10.33893745003173,True,0.998943311859587,8.548665977990394,9.0,1992.5583785352496,1994.6528343874056,1994.6254558795342,1994.6528343874056,1994.6254558795342,1994.6528343874056,1994.644406635035,1994.644406635035,2000.476516717304,0.008427752370607777,0.008427752370607777,True,True,0.027378507871389957,5.832110082269082,10.9
sim0006_ME,510,29.970149240246883,0,3sml,2.8987649248380842,4.999999999999999,10.33893745003173,True,0.998943311859587,8.548665977990394,10.0,1992.5583785352496,1994.6528343874056,1994.6254558795342,1994.6528343874056,1994.6254558795342,1994.6528343874056,1994.644406635035,1994.644406635035,2000.476516717304,0.008427752370607777,0.008427752370607777,True,True,0.027378507871389957,5.832110082269082,10.9
sim0006_ME,510,29.970149240246883,0,3sml,2.8987649248380842,4.999999999999999,10.33893745003173,True,0.998943311859587,8.548665977990394,11.0,1992.5583785352496,1994.6528343874056,1994.6254558795342,1994.6528343874056,1994.6254558795342,1994.6528343874056,1994.644406635035,1994.644406635035,2003.400068043891,0.008427752370607777,0.008427752370607777,True,True,0.027378507871389957,8.755661408855985,10.9
sim0006_ME,510,29.970149240246883,0,3sml,2.8987649248380842,4.999999999999999,10.33893745003173,True,0.998943311859587,8.548665977990394,12.0,1992.5583785352496,1994.6528343874056,1994.6254558795342,1994.6528343874056,1994.6254558795342,1994.6528343874056,1994.644406635035,1994.644406635035,2003.400068043891,0.008427752370607777,0.008427752370607777,True,True,0.027378507871389957,8.755661408855985,10.9
sim0006_ME,510,29.970149240246883,0,3sml,2.8987649248380842,4.999999999999999,10.33893745003173,True,0.998943311859587,8.548665977990394,13.0,1992.5583785352496,1994.6528343874056,1994.6254558795342,1994.6528343874056,1994.6254558795342,1994.6528343874056,1994.644406635035,1994.644406635035,2003.400068043891,0.008427752370607777,0.008427752370607777,True,True,0.027378507871389957,8.755661408855985,10.9
sim0006_ME,510,29.970149240246883,0,3sml,2.8987649248380842,4.999999999999999,10.33893745003173,True,0.998943311859587,8.548665977990394,14.0,1992.5583785352496,1994.6528343874056,1994.6254558795342,1994.6528343874056,1994.6254558795342,1994.6528343874056,2006.3236193704793,1994.644406635035,2006.3236193704793,-11.670784983073645,11.670784983073645,False,False,0.027378507871389957,11.679212735444253,10.9
sim0006_ME,510,29.970149240246883,0,3sml,2.8987649248380842,4.999999999999999,10.33893745003173,True,0.998943311859587,8.548665977990394,15.0,1992.5583785352496,1994.6528343874056,1994.6254558795342,1994.6528343874056,1994.6254558795342,1994.6528343874056,2006.3236193704793,1994.644406635035,2006.3236193704793,-11.670784983073645,11.670784983073645,False,False,0.027378507871389957,11.679212735444253,10.9
sim0006_ME,510,29.970149240246883,0,3sml,2.8987649248380842,4.999999999999999,10.33893745003173,True,0.998943311859587,8.548665977990394,16.0,1992.5583785352496,1994.6528343874056,1994.6254558795342,1994.6528343874056,1994.6254558795342,1994.6528343874056,2006.3236193704793,1994.644406635035,2006.3236193704793,-11.670784983073645,11.670784983073645,False,False,0.027378507871389957,11.679212735444253,10.9
sim0006_ME,510,29.970149240246883,0,3sml,2.8987649248380842,4.999999999999999,10.33893745003173,True,0.998943311859587,8.548665977990394,17.0,1992.5583785352496,1994.6528343874056,1994.6254558795342,1994.6528343874056,1994.6254558795342,1994.6528343874056,2009.2471706970664,1994.644406635035,2009.2471706970664,-14.594336309660775,14.594336309660775,False,False,0.027378507871389957,14.602764062031383,10.9
sim0006_ME,510,29.970149240246883,0,3sml,2.8987649248380842,4.999999999999999,10.33893745003173,True,0.998943311859587,8.548665977990394,18.0,1992.5583785352496,1994.6528343874056,1994.6254558795342,1994.6528343874056,1994.6254558795342,1994.6528343874056,2009.2471706970664,1994.644406635035,2009.2471706970664,-14.594336309660775,14.594336309660775,False,False,0.027378507871389957,14.602764062031383,10.9
sim0006_ME,510,29.970149240246883,0,3sml,2.8987649248380842,4.999999999999999,10.33893745003173,True,0.998943311859587,8.548665977990394,19.0,1992.5583785352496,1994.6528343874056,1994.6254558795342,1994.6528343874056,1994.6254558795342,1994.6528343874056,2009.2471706970664,1994.644406635035,2009.2471706970664,-14.594336309660775,14.594336309660775,False,False,0.027378507871389957,14.602764062031383,10.9
sim0006_ME,510,29.970149240246883,0,3sml,2.8987649248380842,4.999999999999999,10.33893745003173,True,0.998943311859587,8.548665977990394,19.522388062970776,1992.5583785352496,1994.6528343874056,1994.6254558795342,1994.6528343874056,1994.6254558795342,1994.6528343874056,2009.2471706970664,1994.644406635035,2009.2471706970664,-14.594336309660775,14.594336309660775,False,False,0.027378507871389957,14.602764062031383,10.9
sim0006_ME,510,29.970149240246883,1,2sm,2.9195354371406883,4.999999999999999,10.26538293010028,True,0.9977780611256948,9.031440912403546,1.0,1997.0956919644077,1997.5816604791235,1997.5816604791235,1997.5816604791235,1997.5816604791235,1997.5816604791235,1997.582950532528,1997.582950532528,1997.582950532528,-0.001290053404545688,0.001290053404545688,False,False,0.0,0.0,10.9
sim0006_ME,510,29.970149240246883,1,2sm,2.9195354371406883,4.999999999999999,10.26538293010028,True,0.9977780611256948,9.031440912403546,2.0,1997.0956919644077,1997.5816604791235,1997.5816604791235,1997.5816604791235,1997.5816604791235,1997.5816604791235,1997.582950532528,1997.582950532528,1997.582950532528,-0.001290053404545688,0.001290053404545688,False,False,0.0,0.0,10.9
sim0006_ME,510,29.970149240246883,1,2sm,2.9195354371406883,4.999999999999999,10.26538293010028,True,0.9977780611256948,9.031440912403546,3.0,1997.0956919644077,1997.5816604791235,1997.5816604791235,1997.5816604791235,1997.5816604791235,1997.5816604791235,1997.582950532528,1997.582950532528,1997.582950532528,-0.001290053404545688,0.001290053404545688,False,False,0.0,0.0,10.9
sim0006_ME,510,29.970149240246883,1,2sm,2.9195354371406883,4.999999999999999,10.26538293010028,True,0.9977780611256948,9.031440912403546,4.0,1997.0956919644077,1997.5816604791235,1997.5816604791235,1997.5816604791235,1997.5816604791235,1997.5816604791235,2000.4915092882102,2000.4915092882102,2000.4915092882102,-2.909848809086725,2.909848809086725,False,False,0.0,0.0,10.9
sim0006_ME,510,29.970149240246883,1,2sm,2.9195354371406883,4.999999999999999,10.26538293010028,True,0.9977780611256948,9.031440912403546,5.0,1997.0956919644077,1997.5816604791235,1997.5816604791235,1997.5816604791235,1997.5816604791235,1997.5816604791235,2000.4915092882102,2000.4915092882102,2000.4915092882102,-2.909848809086725,2.909848809086725,False,False,0.0,0.0,10.9
sim0006_ME,510,29.970149240246883,1,2sm,2.9195354371406883,4.999999999999999,10.26538293010028,True,0.9977780611256948,9.031440912403546,6.0,1997.0956919644077,1997.5816604791235,1997.5816604791235,1997.5816604791235,1997.5816604791235,1997.5816604791235,2000.4915092882102,2000.4915092882102,2000.4915092882102,-2.909848809086725,2.909848809086725,False,False,0.0,0.0,10.9
sim0006_ME,510,29.970149240246883,1,2sm,2.9195354371406883,4.999999999999999,10.26538293010028,True,0.9977780611256948,9.031440912403546,7.0,1997.0956919644077,1997.5816604791235,1997.5816604791235,1997.5816604791235,1997.5816604791235,1997.5816604791235,2003.400068043891,2003.400068043891,2003.400068043891,-5.81840756476754,5.81840756476754,False,False,0.0,0.0,10.9
sim0006_ME,510,29.970149240246883,1,2sm,2.9195354371406883,4.999999999999999,10.26538293010028,True,0.9977780611256948,9.031440912403546,8.0,1997.0956919644077,1997.5816604791235,1997.5816604791235,1997.5816604791235,1997.5816604791235,1997.5816604791235,2003.400068043891,2003.400068043891,2003.400068043891,-5.81840756476754,5.81840756476754,False,False,0.0,0.0,10.9
sim0006_ME,510,29.970149240246883,1,2sm,2.9195354371406883,4.999999999999999,10.26538293010028,True,0.9977780611256948,9.031440912403546,9.0,1997.0956919644077,1997.5816604791235,1997.5816604791235,1997.5816604791235,1997.5816604791235,1997.5816604791235,2003.400068043891,2003.400068043891,2003.400068043891,-5.81840756476754,5.81840756476754,False,False,0.0,0.0,10.9
sim0006_ME,510,29.970149240246883,1,2sm,2.9195354371406883,4.999999999999999,10.26538293010028,True,0.9977780611256948,9.031440912403546,10.0,1997.0956919644077,1997.5816604791235,1997.5816604791235,1997.5816604791235,1997.5816604791235,1997.5816604791235,2006.3086267995732,2006.3086267995732,2006.3086267995732,-8.72696632044972,8.72696632044972,False,False,0.0,0.0,10.9
sim0006_ME,510,29.970149240246883,1,2sm,2.9195354371406883,4.999999999999999,10.26538293010028,True,0.9977780611256948,9.031440912403546,11.0,1997.0956919644077,1997.5816604791235,1997.5816604791235,1997.5816604791235,1997.5816604791235,1997.5816604791235,2006.3086267995732,2006.3086267995732,2006.3086267995732,-8.72696632044972,8.72696632044972,False,False,0.0,0.0,10.9
sim0006_ME,510,29.970149240246883,1,2sm,2.9195354371406883,4.999999999999999,10.26538293010028,True,0.9977780611256948,9.031440912403546,12.0,1997.0956919644077,1997.5816604791235,1997.5816604791235,1997.5816604791235,1997.5816604791235,1997.5816604791235,2006.3086267995732,2006.3086267995732,2006.3086267995732,-8.72696632044972,8.72696632044972,False,False,0.0,0.0,10.9
sim0006_ME,510,29.970149240246883,1,2sm,2.9195354371406883,4.999999999999999,10.26538293010028,True,0.9977780611256948,9.031440912403546,13.0,1997.0956919644077,1997.5816604791235,1997.5816604791235,1997.5816604791235,1997.5816604791235,1997.5816604791235,2009.2171855552554,2009.2171855552554,2009.2171855552554,-11.635525076131898,11.635525076131898,False,False,0.0,0.0,10.9
sim0006_ME,510,29.970149240246883,1,2sm,2.9195354371406883,4.999999999999999,10.26538293010028,True,0.9977780611256948,9.031440912403546,14.0,1997.0956919644077,1997.5816604791235,1997.5816604791235,1997.5816604791235,1997.5816604791235,1997.5816604791235,2009.2171855552554,2009.2171855552554,2009.2171855552554,-11.635525076131898,11.635525076131898,False,False,0.0,0.0,10.9
sim0006_ME,510,29.970149240246883,1,2sm,2.9195354371406883,4.999999999999999,10.26538293010028,True,0.9977780611256948,9.031440912403546,14.985074633812701,1997.0956919644077,1997.5816604791235,1997.5816604791235,1997.5816604791235,1997.5816604791235,1997.5816604791235,2009.2171855552554,2009.2171855552554,2009.2171855552554,-11.635525076131898,11.635525076131898,False,False,0.0,0.0,10.9
sim0006_ME,510,29.970149240246883,2,3sml,2.9108618357519562,4.999999999999999,10.295971066763038,True,0.999655238034183,9.060618010516457,1.0,2001.3344979329222,2001.4097888295682,2001.4097888295682,2001.4097888295682,2001.4097888295682,2001.4097888295682,2001.3460858298272,2001.3460858298272,2001.3460858298272,0.06370299974105365,0.06370299974105365,False,False,0.0,0.0,10.9
sim0006_ME,510,29.970149240246883,2,3sml,2.9108618357519562,4.999999999999999,10.295971066763038,True,0.999655238034183,9.060618010516457,2.0,2001.3344979329222,2003.3194397535929,2003.3194397535929,2003.3194397535929,2003.3194397535929,2003.3194397535929,2003.3251051893642,2003.3251051893642,2003.3251051893642,-0.00566543577133416,0.00566543577133416,False,False,0.0,0.0,10.9
sim0006_ME,510,29.970149240246883,2,3sml,2.9108618357519562,4.999999999999999,10.295971066763038,True,0.999655238034183,9.060618010516457,3.0,2001.3344979329222,2003.4015752772068,2003.4015752772068,2003.4015752772068,2003.3741967693356,2003.4289537850782,2003.4450457566081,2003.4450457566081,2003.4600383275144,-0.04347047940132143,0.04347047940132143,False,False,0.0,0.01499257090631545,10.9
sim0006_ME,510,29.970149240246883,2,3sml,2.9108618357519562,4.999999999999999,10.295971066763038,True,0.999655238034183,9.060618010516457,4.0,2001.3344979329222,2003.4015752772068,2003.4015752772068,2003.4015752772068,2003.3741967693356,2003.4289537850782,2003.4450457566081,2003.4450457566081,2003.4600383275144,-0.04347047940132143,0.04347047940132143,False,False,0.0,0.01499257090631545,10.9
sim0006_ME,510,29.970149240246883,2,3sml,2.9108618357519562,4.999999999999999,10.295971066763038,True,0.999655238034183,9.060618010516457,5.0,2001.3344979329222,2003.4015752772068,2003.4015752772068,2003.4015752772068,2003.3741967693356,2003.4289537850782,2003.4450457566081,2003.4450457566081,2003.4600383275144,-0.04347047940132143,0.04347047940132143,False,False,0.0,0.01499257090631545,10.9
sim0006_ME,510,29.970149240246883,2,3sml,2.9108618357519562,4.999999999999999,10.295971066763038,True,0.999655238034183,9.060618010516457,6.0,2001.3344979329222,2003.4015752772068,2003.4015752772068,2003.4015752772068,2003.3741967693356,2003.4289537850782,2003.4450457566081,2003.4450457566081,2006.3685970831953,-0.04347047940132143,0.04347047940132143,False,False,0.0,2.9235513265871305,10.9
sim0006_ME,510,29.970149240246883,2,3sml,2.9108618357519562,4.999999999999999,10.295971066763038,True,0.999655238034183,9.060618010516457,7.0,2001.3344979329222,2003.4015752772068,2003.4015752772068,2003.4015752772068,2003.3741967693356,2003.4289537850782,2003.4450457566081,2003.4450457566081,2006.3685970831953,-0.04347047940132143,0.04347047940132143,False,False,0.0,2.9235513265871305,10.9
sim0006_ME,510,29.970149240246883,2,3sml,2.9108618357519562,4.999999999999999,10.295971066763038,True,0.999655238034183,9.060618010516457,8.0,2001.3344979329222,2003.4015752772068,2003.4015752772068,2003.4015752772068,2003.3741967693356,2003.4289537850782,2003.4450457566081,2003.4450457566081,2009.2921484097835,-0.04347047940132143,0.04347047940132143,False,False,0.0,5.847102653175398,10.9
sim0006_ME,510,29.970149240246883,2,3sml,2.9108618357519562,4.999999999999999,10.295971066763038,True,0.999655238034183,9.060618010516457,9.0,2001.3344979329222,2003.4015752772068,2003.4015752772068,2003.4015752772068,2003.3741967693356,2003.4289537850782,2003.4450457566081,2003.4450457566081,2009.2921484097835,-0.04347047940132143,0.04347047940132143,False,False,0.0,5.847102653175398,10.9
sim0006_ME,510,29.970149240246883,2,3sml,2.9108618357519562,4.999999999999999,10.295971066763038,True,0.999655238034183,9.060618010516457,10.0,2001.3344979329222,2003.4015752772068,2003.4015752772068,2003.4015752772068,2003.3741967693356,2003.4289537850782,2003.4450457566081,2003.4450457566081,2009.2921484097835,-0.04347047940132143,0.04347047940132143,False,False,0.0,5.847102653175398,10.9
sim0006_ME,510,29.970149240246883,2,3sml,2.9108618357519562,4.999999999999999,10.295971066763038,True,0.999655238034183,9.060618010516457,10.746268665298203,2001.3344979329222,2003.4015752772068,2003.4015752772068,2003.4015752772068,2003.3741967693356,2003.4289537850782,2003.4450457566081,2003.4450457566081,2009.2921484097835,-0.04347047940132143,0.04347047940132143,False,False,0.0,5.847102653175398,10.9
sim0006_ME,510,29.970149240246883,3,3sml,2.9099226656509716,4.999999999999999,10.299294065102702,True,0.9981735134436996,8.73608546209368,1.0,2006.0807665982204,2006.3203285420943,2006.2381930184804,2006.3203285420943,2006.2381930184804,2006.3203285420943,2006.3536045122903,2006.3536045122903,2006.3536045122903,-0.03327597019597306,0.03327597019597306,False,False,0.0821355236139425,0.0,10.9
sim0006_ME,510,29.970149240246883,3,3sml,2.9099226656509716,4.999999999999999,10.299294065102702,True,0.9981735134436996,8.73608546209368,2.0,2006.0807665982204,2006.3203285420943,2006.2381930184804,2006.3203285420943,2006.2381930184804,2006.3203285420943,2006.3536045122903,2006.3536045122903,2006.3536045122903,-0.03327597019597306,0.03327597019597306,False,False,0.0821355236139425,0.0,10.9
sim0006_ME,510,29.970149240246883,3,3sml,2.9099226656509716,4.999999999999999,10.299294065102702,True,0.9981735134436996,8.73608546209368,3.0,2006.0807665982204,2006.3203285420943,2006.2381930184804,2006.3203285420943,2006.2381930184804,2006.3203285420943,2006.3536045122903,2006.3536045122903,2006.3536045122903,-0.03327597019597306,0.03327597019597306,False,False,0.0821355236139425,0.0,10.9
sim0006_ME,510,29.970149240246883,3,3sml,2.9099226656509716,4.999999999999999,10.299294065102702,True,0.9981735134436996,8.73608546209368,4.0,2006.0807665982204,2006.3203285420943,2006.2381930184804,2006.3203285420943,2006.2381930184804,2006.3203285420943,2009.2771558388774,2009.2771558388774,2009.2771558388774,-2.9568272967831035,2.9568272967831035,False,False,0.0821355236139425,0.0,10.9
sim0006_ME,510,29.970149240246883,3,3sml,2.9099226656509716,4.999999999999999,10.299294065102702,True,0.9981735134436996,8.73608546209368,5.0,2006.0807665982204,2006.3203285420943,2006.2381930184804,2006.3203285420943,2006.2381930184804,2006.3203285420943,2009.2771558388774,2009.2771558388774,2009.2771558388774,-2.9568272967831035,2.9568272967831035,False,False,0.0821355236139425,0.0,10.9
sim0006_ME,510,29.970149240246883,3,3sml,2.9099226656509716,4.999999999999999,10.299294065102702,True,0.9981735134436996,8.73608546209368,6.0,2006.0807665982204,2006.3203285420943,2006.2381930184804,2006.3203285420943,2006.2381930184804,2006.3203285420943,2009.2771558388774,2009.2771558388774,2009.2771558388774,-2.9568272967831035,2.9568272967831035,False,False,0.0821355236139425,0.0,10.9
sim0006_ME,510,29.970149240246883,3,3sml,2.9099226656509716,4.999999999999999,10.299294065102702,True,0.9981735134436996,8.73608546209368,6.0,2006.0807665982204,2006.3203285420943,2006.2381930184804,2006.3203285420943,2006.2381930184804,2006.3203285420943,2009.2771558388774,2009.2771558388774,2009.2771558388774,-2.9568272967831035,2.9568272967831035,False,False,0.0821355236139425,0.0,10.9
sim0006_ME,510,29.970149240246883,4,2sm,2.9091238716739514,4.999999999999999,10.302122069144355,True,0.9974275679822502,9.014535872404773,1.0,2010.319572566735,2011.318888104038,2011.318888104038,2011.318888104038,2011.318888104038,2011.318888104038,2011.3161454820363,2011.3161454820363,2011.3161454820363,0.0027426220017332525,0.0027426220017332525,False,False,0.0,0.0,10.9
sim0006_ME,510,29.970149240246883,4,2sm,2.9091238716739514,4.999999999999999,10.302122069144355,True,0.9974275679822502,9.014535872404773,1.761194031485502,2010.319572566735,2012.0581078165637,2012.0581078165637,2012.0581078165637,2012.0581078165637,2012.0581078165637,2012.0807665982204,2012.0807665982204,2012.0807665982204,-0.022658781656673455,0.022658781656673455,False,False,0.0,0.0,10.9
sim0007_K,510,29.970149240246883,0,3sml,5.559300023355554,4.999999999999999,5.39099331108903,True,0.9991490406128106,3.57575424504962,1.0,1992.5583785352496,1993.5576940725527,1993.5576940725527,1993.5576940725527,1993.5576940725527,1993.5576940725527,1993.5499489589286,1993.5499489589286,1993.5499489589286,0.007745113624196165,0.007745113624196165,False,False,0.0,0.0,10.9
sim0007_K,510,29.970149240246883,0,3sml,5.559300023355554,4.999999999999999,5.39099331108903,True,0.9991490406128106,3.57575424504962,2.0,1992.5583785352496,1994.5433203559203,1994.5433203559203,1994.5433203559203,1994.5433203559203,1994.5433203559203,1994.3895329296406,1994.2695923623953,1994.4045255005456,0.15378742627967767,0.15378742627967767,False,False,0.0,0.1349331381502452,10.9
sim0007_K,510,29.970149240246883,0,3sml,5.559300023355554,4.999999999999999,5.39099331108903,True,0.9991490406128106,3.57575424504962,3.0,1992.5583785352496,1995.5563251471592,1995.5563251471592,1995.5563251471592,1995.5563251471592,1995.5563251471592,1994.3895329296406,1994.2695923623953,1994.4045255005456,1.166792217518605,1.166792217518605,False,False,0.0,0.1349331381502452,10.9
sim0007_K,510,29.970149240246883,0,3sml,5.559300023355554,4.999999999999999,5.39099331108903,True,0.9991490406128106,3.57575424504962,4.0,1992.5583785352496,1995.8301102258724,1995.802731718001,1995.8574887337436,1995.7883580013686,1995.8574887337436,1994.3895329296406,1994.2695923623953,1994.4045255005456,1.4405772962318224,1.4405772962318224,False,False,0.05475701574255254,0.1349331381502452,10.9
sim0007_K,510,29.970149240246883,0,3sml,5.559300023355554,4.999999999999999,5.39099331108903,True,0.9991490406128106,3.57575424504962,5.0,1992.5583785352496,1995.8301102258724,1995.802731718001,1995.8574887337436,1995.7883580013686,1995.8574887337436,1994.3895329296406,1994.2695923623953,1994.4045255005456,1.4405772962318224,1.4405772962318224,False,False,0.05475701574255254,0.1349331381502452,10.9
sim0007_K,510,29.970149240246883,0,3sml,5.559300023355554,4.999999999999999,5.39099331108903,True,0.9991490406128106,3.57575424504962,6.0,1992.5583785352496,1995.8301102258724,1995.802731718001,1995.8574887337436,1995.7883580013686,1995.8574887337436,1994.3895329296406,1994.2695923623953,1994.4045255005456,1.4405772962318224,1.4405772962318224,False,False,0.05475701574255254,0.1349331381502452,10.9
sim0007_K,510,29.970149240246883,0,3sml,5.559300023355554,4.999999999999999,5.39099331108903,True,0.9991490406128106,3.57575424504962,7.0,1992.5583785352496,1995.8301102258724,1995.802731718001,1995.8574887337436,1995.7883580013686,1995.8574887337436,1994.3895329296406,1994.2695923623953,1994.4045255005456,1.4405772962318224,1.4405772962318224,False,False,0.05475701574255254,0.1349331381502452,10.9
sim0007_K,510,29.970149240246883,0,3sml,5.559300023355554,4.999999999999999,5.39099331108903,True,0.9991490406128106,3.57575424504962,8.0,1992.5583785352496,1995.8301102258724,1995.802731718001,1995.8574887337436,1995.7883580013686,1995.8574887337436,1994.3895329296406,1994.2695923623953,1994.4045255005456,1.4405772962318224,1.4405772962318224,False,False,0.05475701574255254,0.1349331381502452,10.9
sim0007_K,510,29.970149240246883,0,3sml,5.559300023355554,4.999999999999999,5.39099331108903,True,0.9991490406128106,3.57575424504962,9.0,1992.5583785352496,1995.8301102258724,1995.802731718001,1995.8574887337436,1995.7883580013686,1995.8574887337436,1994.4045255005456,1994.3745403587345,2000.8063532772264,1.4255847253268712,1.4255847253268712,False,False,0.05475701574255254,6.431812918491914,10.9
sim0007_K,510,29.970149240246883,0,3sml,5.559300023355554,4.999999999999999,5.39099331108903,True,0.9991490406128106,3.57575424504962,10.0,1992.5583785352496,1995.8301102258724,1995.802731718001,1995.8574887337436,1995.7883580013686,1995.8574887337436,1994.4045255005456,1994.3745403587345,2000.8063532772264,1.4255847253268712,1.4255847253268712,False,False,0.05475701574255254,6.431812918491914,10.9
sim0007_K,510,29.970149240246883,0,3sml,5.559300023355554,4.999999999999999,5.39099331108903,True,0.9991490406128106,3.57575424504962,11.0,1992.5583785352496,1995.8301102258724,1995.802731718001,1995.8574887337436,1995.7883580013686,1995.8574887337436,1994.4045255005456,1994.3745403587345,2000.8063532772264,1.4255847253268712,1.4255847253268712,False,False,0.05475701574255254,6.431812918491914,10.9
sim0007_K,510,29.970149240246883,0,3sml,5.559300023355554,4.999999999999999,5.39099331108903,True,0.9991490406128106,3.57575424504962,12.0,1992.5583785352496,1995.8301102258724,1995.802731718001,1995.8574887337436,1995.7883580013686,1995.8574887337436,1994.4045255005456,1994.3745403587345,2000.8063532772264,1.4255847253268712,1.4255847253268712,False,False,0.05475701574255254,6.431812918491914,10.9
sim0007_K,510,29.970149240246883,0,3sml,5.559300023355554,4.999999999999999,5.39099331108903,True,0.9991490406128106,3.57575424504962,13.0,1992.5583785352496,1995.8301102258724,1995.802731718001,1995.8574887337436,1995.7883580013686,1995.8574887337436,1994.4045255005456,1994.3745403587345,2000.8063532772264,1.4255847253268712,1.4255847253268712,False,False,0.05475701574255254,6.431812918491914,10.9
sim0007_K,510,29.970149240246883,0,3sml,5.559300023355554,4.999999999999999,5.39099331108903,True,0.9991490406128106,3.57575424504962,14.0,1992.5583785352496,1995.8301102258724,1995.802731718001,1995.8574887337436,1995.7883580013686,1995.8574887337436,1994.4045255005456,1994.3745403587345,2000.8063532772264,1.4255847253268712,1.4255847253268712,False,False,0.05475701574255254,6.431812918491914,10.9
sim0007_K,510,29.970149240246883,0,3sml,5.559300023355554,4.999999999999999,5.39099331108903,True,0.9991490406128106,3.57575424504962,15.0,1992.5583785352496,1995.8301102258724,1995.802731718001,1995.8574887337436,1995.7883580013686,1995.8574887337436,2000.6864127099825,1994.3745403587345,2007.1632033411915,-4.856302484110074,4.856302484110074,False,False,0.05475701574255254,12.788662982457026,10.9
sim0007_K,510,29.970149240246883,0,3sml,5.559300023355554,4.999999999999999,5.39099331108903,True,0.9991490406128106,3.57575424504962,16.0,1992.5583785352496,1995.8301102258724,1995.802731718001,1995.8574887337436,1995.7883580013686,1995.8574887337436,2000.6864127099825,1994.3745403587345,2007.1632033411915,-4.856302484110074,4.856302484110074,False,False,0.05475701574255254,12.788662982457026,10.9
sim0007_K,510,29.970149240246883,0,3sml,5.559300023355554,4.999999999999999,5.39099331108903,True,0.9991490406128106,3.57575424504962,17.0,1992.5583785352496,1995.8301102258724,1995.802731718001,1995.8574887337436,1995.7883580013686,1995.8574887337436,2000.6864127099825,1994.3745403587345,2007.1632033411915,-4.856302484110074,4.856302484110074,False,False,0.05475701574255254,12.788662982457026,10.9
sim0007_K,510,29.970149240246883,0,3sml,5.559300023355554,4.999999999999999,5.39099331108903,True,0.9991490406128106,3.57575424504962,18.0,1992.5583785352496,1995.8301102258724,1995.802731718001,1995.8574887337436,1995.7883580013686,1995.8574887337436,2000.6864127099825,1994.3745403587345,2007.1632033411915,-4.856302484110074,4.856302484110074,False,False,0.05475701574255254,12.788662982457026,10.9
sim0007_K,510,29.970149240246883,0,3sml,5.559300023355554,4.999999999999999,5.39099331108903,True,0.9991490406128106,3.57575424504962,19.0,1992.5583785352496,1995.8301102258724,1995.802731718001,1995.8574887337436,1995.7883580013686,1995.8574887337436,2000.6864127099825,1994.3745403587345,2007.1632033411915,-4.856302484110074,4.856302484110074,False,False,0.05475701574255254,12.788662982457026,10.9
sim0007_K,510,29.970149240246883,0,3sml,5.559300023355554,4.999999999999999,5.39099331108903,True,0.9991490406128106,3.57575424504962,19.522388062970776,1992.5583785352496,1995.8301102258724,1995.802731718001,1995.8574887337436,1995.7883580013686,1995.8574887337436,2000.6864127099825,1994.3745403587345,2007.1632033411915,-4.856302484110074,4.856302484110074,False,False,0.05475701574255254,12.788662982457026,10.9
sim0007_K,510,29.970149240246883,1,2sm,5.591415337950311,4.999999999999999,5.360029156988591,True,0.9993853989744119,3.727023077324389,1.0,1997.0956919644077,1997.1709828610537,1997.1709828610537,1997.1709828610537,1997.1709828610537,1997.1709828610537,1997.1031882635493,1997.1031882635493,1997.1031882635493,0.06779459750441674,0.06779459750441674,False,False,0.0,0.0,10.9
sim0007_K,510,29.970149240246883,1,2sm,5.591415337950311,4.999999999999999,5.360029156988591,True,0.9993853989744119,3.727023077324389,2.0,1997.0956919644077,1997.1709828610537,1997.1709828610537,1997.1709828610537,1997.1709828610537,1997.1709828610537,1997.1031882635493,1997.1031882635493,1997.1031882635493,0.06779459750441674,0.06779459750441674,False,False,0.0,0.0,10.9
sim0007_K,510,29.970149240246883,1,2sm,5.591415337950311,4.999999999999999,5.360029156988591,True,0.9993853989744119,3.727023077324389,3.0,1997.0956919644077,1997.1709828610537,1997.1709828610537,1997.1709828610537,1997.1709828610537,1997.1709828610537,1997.1031882635493,1997.1031882635493,1997.1031882635493,0.06779459750441674,0.06779459750441674,False,False,0.0,0.0,10.9
sim0007_K,510,29.970149240246883,1,2sm,5.591415337950311,4.999999999999999,5.360029156988591,True,0.9993853989744119,3.727023077324389,4.0,1997.0956919644077,2001.0792648596848,2001.0792648596848,2001.0792648596848,1997.1709828610537,2001.0792648596848,2001.091212124433,2001.091212124433,2001.091212124433,-0.01194726474818708,0.01194726474818708,False,False,0.0,0.0,10.9
sim0007_K,510,29.970149240246883,1,2sm,5.591415337950311,4.999999999999999,5.360029156988591,True,0.9993853989744119,3.727023077324389,5.0,1997.0956919644077,2001.5720780013685,2001.5446994934973,2001.5720780013685,2001.5446994934973,2001.5994565092399,2001.5559818225056,2001.5259966806946,2001.5859669643166,0.01609617886288106,0.01609617886288106,True,True,0.027378507871162583,0.05997028362207857,10.9
sim0007_K,510,29.970149240246883,1,2sm,5.591415337950311,4.999999999999999,5.360029156988591,True,0.9993853989744119,3.727023077324389,6.0,1997.0956919644077,2001.5720780013685,2001.5446994934973,2001.5720780013685,2001.5446994934973,2001.5994565092399,2001.5559818225056,2001.5259966806946,2001.5859669643166,0.01609617886288106,0.01609617886288106,True,True,0.027378507871162583,0.05997028362207857,10.9
sim0007_K,510,29.970149240246883,1,2sm,5.591415337950311,4.999999999999999,5.360029156988591,True,0.9993853989744119,3.727023077324389,7.0,1997.0956919644077,2001.5720780013685,2001.5446994934973,2001.5720780013685,2001.5446994934973,2001.5994565092399,2001.5559818225056,2001.5259966806946,2001.5859669643166,0.01609617886288106,0.01609617886288106,True,True,0.027378507871162583,0.05997028362207857,10.9
sim0007_K,510,29.970149240246883,1,2sm,5.591415337950311,4.999999999999999,5.360029156988591,True,0.9993853989744119,3.727023077324389,8.0,1997.0956919644077,2001.5720780013685,2001.5446994934973,2001.5720780013685,2001.5446994934973,2001.5994565092399,2001.5559818225056,2001.5259966806946,2001.5859669643166,0.01609617886288106,0.01609617886288106,True,True,0.027378507871162583,0.05997028362207857,10.9
sim0007_K,510,29.970149240246883,1,2sm,5.591415337950311,4.999999999999999,5.360029156988591,True,0.9993853989744119,3.727023077324389,9.0,1997.0956919644077,2001.5720780013685,2001.5446994934973,2001.5720780013685,2001.5446994934973,2001.5994565092399,2001.5559818225056,2001.5259966806946,2001.5859669643166,0.01609617886288106,0.01609617886288106,True,True,0.027378507871162583,0.05997028362207857,10.9
sim0007_K,510,29.970149240246883,1,2sm,5.591415337950311,4.999999999999999,5.360029156988591,True,0.9993853989744119,3.727023077324389,10.0,1997.0956919644077,2001.5720780013685,2001.5446994934973,2001.5720780013685,2001.5446994934973,2001.5994565092399,2001.5559818225056,2001.5259966806946,2001.5859669643166,0.01609617886288106,0.01609617886288106,True,True,0.027378507871162583,0.05997028362207857,10.9
sim0007_K,510,29.970149240246883,1,2sm,5.591415337950311,4.999999999999999,5.360029156988591,True,0.9993853989744119,3.727023077324389,11.0,1997.0956919644077,2001.5720780013685,2001.5446994934973,2001.5720780013685,2001.5446994934973,2001.5994565092399,2007.1182256284744,2001.5559818225056,2007.1482107702855,-5.546147627105938,5.546147627105938,False,False,0.027378507871162583,5.592228947779859,10.9
sim0007_K,510,29.970149240246883,1,2sm,5.591415337950311,4.999999999999999,5.360029156988591,True,0.9993853989744119,3.727023077324389,12.0,1997.0956919644077,2001.5720780013685,2001.5446994934973,2001.5720780013685,2001.5446994934973,2001.5994565092399,2007.1182256284744,2001.5559818225056,2007.1482107702855,-5.546147627105938,5.546147627105938,False,False,0.027378507871162583,5.592228947779859,10.9
sim0007_K,510,29.970149240246883,1,2sm,5.591415337950311,4.999999999999999,5.360029156988591,True,0.9993853989744119,3.727023077324389,13.0,1997.0956919644077,2001.5720780013685,2001.5446994934973,2001.5720780013685,2001.5446994934973,2001.5994565092399,2007.1182256284744,2001.5559818225056,2007.1482107702855,-5.546147627105938,5.546147627105938,False,False,0.027378507871162583,5.592228947779859,10.9
sim0007_K,510,29.970149240246883,1,2sm,5.591415337950311,4.999999999999999,5.360029156988591,True,0.9993853989744119,3.727023077324389,14.0,1997.0956919644077,2001.5720780013685,2001.5446994934973,2001.5720780013685,2001.5446994934973,2001.5994565092399,2007.1182256284744,2001.5559818225056,2007.1482107702855,-5.546147627105938,5.546147627105938,False,False,0.027378507871162583,5.592228947779859,10.9
sim0007_K,510,29.970149240246883,1,2sm,5.591415337950311,4.999999999999999,5.360029156988591,True,0.9993853989744119,3.727023077324389,14.985074633812701,1997.0956919644077,2001.5720780013685,2001.5446994934973,2001.5720780013685,2001.5446994934973,2001.5994565092399,2007.1182256284744,2001.5559818225056,2007.1482107702855,-5.546147627105938,5.546147627105938,False,False,0.027378507871162583,5.592228947779859,10.9
sim0007_K,510,29.970149240246883,2,2sm,5.582452155097674,4.999999999999999,5.368635217568203,True,0.9915941878494652,3.6591798894724046,1.0,2001.3344979329222,2001.5740598767961,2001.4097888295682,2001.5740598767961,2001.4097888295682,2001.5740598767961,2001.675922389751,2001.675922389751,2001.675922389751,-0.10186251295476723,0.10186251295476723,False,False,0.164271047227885,0.0,10.9
sim0007_K,510,29.970149240246883,2,2sm,5.582452155097674,4.999999999999999,5.368635217568203,True,0.9915941878494652,3.6591798894724046,2.0,2001.3344979329222,2001.5740598767961,2001.4097888295682,2001.5740598767961,2001.4097888295682,2001.5740598767961,2001.675922389751,2001.675922389751,2001.675922389751,-0.10186251295476723,0.10186251295476723,False,False,0.164271047227885,0.0,10.9
sim0007_K,510,29.970149240246883,2,2sm,5.582452155097674,4.999999999999999,5.368635217568203,True,0.9915941878494652,3.6591798894724046,3.0,2001.3344979329222,2001.5740598767961,2001.4097888295682,2001.5740598767961,2001.4097888295682,2001.5740598767961,2001.675922389751,2001.675922389751,2001.675922389751,-0.10186251295476723,0.10186251295476723,False,False,0.164271047227885,0.0,10.9
sim0007_K,510,29.970149240246883,2,2sm,5.582452155097674,4.999999999999999,5.368635217568203,True,0.9915941878494652,3.6591798894724046,4.0,2001.3344979329222,2001.5740598767961,2001.4097888295682,2001.5740598767961,2001.4097888295682,2001.5740598767961,2001.675922389751,2001.675922389751,2001.675922389751,-0.10186251295476723,0.10186251295476723,False,False,0.164271047227885,0.0,10.9
sim0007_K,510,29.970149240246883,2,2sm,5.582452155097674,4.999999999999999,5.368635217568203,True,0.9915941878494652,3.6591798894724046,5.0,2001.3344979329222,2001.5740598767961,2001.4097888295682,2001.5740598767961,2001.4097888295682,2001.5740598767961,2001.675922389751,2001.675922389751,2001.675922389751,-0.10186251295476723,0.10186251295476723,False,False,0.164271047227885,0.0,10.9
sim0007_K,510,29.970149240246883,2,2sm,5.582452155097674,4.999999999999999,5.368635217568203,True,0.9915941878494652,3.6591798894724046,6.0,2001.3344979329222,2001.5740598767961,2001.4097888295682,2001.5740598767961,2001.4097888295682,2001.5740598767961,2007.1931884830026,2007.1931884830026,2007.1931884830026,-5.619128606206459,5.619128606206459,False,False,0.164271047227885,0.0,10.9
sim0007_K,510,29.970149240246883,2,2sm,5.582452155097674,4.999999999999999,5.368635217568203,True,0.9915941878494652,3.6591798894724046,7.0,2001.3344979329222,2001.5740598767961,2001.4097888295682,2001.5740598767961,2001.4097888295682,2001.5740598767961,2007.1931884830026,2007.1931884830026,2007.1931884830026,-5.619128606206459,5.619128606206459,False,False,0.164271047227885,0.0,10.9
sim0007_K,510,29.970149240246883,2,2sm,5.582452155097674,4.999999999999999,5.368635217568203,True,0.9915941878494652,3.6591798894724046,8.0,2001.3344979329222,2001.5740598767961,2001.4097888295682,2001.5740598767961,2001.4097888295682,2001.5740598767961,2007.1931884830026,2007.1931884830026,2007.1931884830026,-5.619128606206459,5.619128606206459,False,False,0.164271047227885,0.0,10.9
sim0007_K,510,29.970149240246883,2,2sm,5.582452155097674,4.999999999999999,5.368635217568203,True,0.9915941878494652,3.6591798894724046,9.0,2001.3344979329222,2001.5740598767961,2001.4097888295682,2001.5740598767961,2001.4097888295682,2001.5740598767961,2007.1931884830026,2007.1931884830026,2007.1931884830026,-5.619128606206459,5.619128606206459,False,False,0.164271047227885,0.0,10.9
sim0007_K,510,29.970149240246883,2,2sm,5.582452155097674,4.999999999999999,5.368635217568203,True,0.9915941878494652,3.6591798894724046,10.0,2001.3344979329222,2001.5740598767961,2001.4097888295682,2001.5740598767961,2001.4097888295682,2001.5740598767961,2007.1931884830026,2007.1931884830026,2007.1931884830026,-5.619128606206459,5.619128606206459,False,False,0.164271047227885,0.0,10.9
sim0007_K,510,29.970149240246883,2,2sm,5.582452155097674,4.999999999999999,5.368635217568203,True,0.9915941878494652,3.6591798894724046,10.746268665298203,2001.3344979329222,2001.5740598767961,2001.4097888295682,2001.5740598767961,2001.4097888295682,2001.5740598767961,2007.1931884830026,2007.1931884830026,2007.1931884830026,-5.619128606206459,5.619128606206459,False,False,0.164271047227885,0.0,10.9
sim0007_K,510,29.970149240246883,3,2sm,5.569043806598667,4.999999999999999,5.3815610508819764,True,0.9977118624904145,4.43450878448422,1.0,2006.0807665982204,2006.977412731006,2006.977412731006,2006.977412731006,2006.977412731006,2006.977412731006,2007.0732479157584,2007.0732479157584,2007.0732479157584,-0.09583518475233177,0.09583518475233177,False,False,0.0,0.0,10.9
sim0007_K,510,29.970149240246883,3,2sm,5.569043806598667,4.999999999999999,5.3815610508819764,True,0.9977118624904145,4.43450878448422,2.0,2006.0807665982204,2006.977412731006,2006.977412731006,2006.977412731006,2006.977412731006,2006.977412731006,2007.1931884830026,2007.1907896716575,2007.1931884830026,-0.2157757519964889,0.2157757519964889,False,False,0.0,0.0023988113450741366,10.9
sim0007_K,510,29.970149240246883,3,2sm,5.569043806598667,4.999999999999999,5.3815610508819764,True,0.9977118624904145,4.43450878448422,3.0,2006.0807665982204,2006.977412731006,2006.977412731006,2006.977412731006,2006.977412731006,2006.977412731006,2007.1931884830026,2007.1907896716575,2007.1931884830026,-0.2157757519964889,0.2157757519964889,False,False,0.0,0.0023988113450741366,10.9
sim0007_K,510,29.970149240246883,3,2sm,5.569043806598667,4.999999999999999,5.3815610508819764,True,0.9977118624904145,4.43450878448422,4.0,2006.0807665982204,2006.977412731006,2006.977412731006,2006.977412731006,2006.977412731006,2006.977412731006,2007.1931884830026,2007.1907896716575,2007.1931884830026,-0.2157757519964889,0.2157757519964889,False,False,0.0,0.0023988113450741366,10.9
sim0007_K,510,29.970149240246883,3,2sm,5.569043806598667,4.999999999999999,5.3815610508819764,True,0.9977118624904145,4.43450878448422,5.0,2006.0807665982204,2006.977412731006,2006.977412731006,2006.977412731006,2006.977412731006,2006.977412731006,2007.1931884830026,2007.1907896716575,2007.1931884830026,-0.2157757519964889,0.2157757519964889,False,False,0.0,0.0023988113450741366,10.9
sim0007_K,510,29.970149240246883,3,2sm,5.569043806598667,4.999999999999999,5.3815610508819764,True,0.9977118624904145,4.43450878448422,6.0,2006.0807665982204,2006.977412731006,2006.977412731006,2006.977412731006,2006.977412731006,2006.977412731006,2007.1931884830026,2007.1907896716575,2007.1931884830026,-0.2157757519964889,0.2157757519964889,False,False,0.0,0.0023988113450741366,10.9
sim0007_K,510,29.970149240246883,3,2sm,5.569043806598667,4.999999999999999,5.3815610508819764,True,0.9977118624904145,4.43450878448422,6.0,2006.0807665982204,2006.977412731006,2006.977412731006,2006.977412731006,2006.977412731006,2006.977412731006,2007.1931884830026,2007.1907896716575,2007.1931884830026,-0.2157757519964889,0.2157757519964889,False,False,0.0,0.0023988113450741366,10.9
sim0007_K,510,29.970149240246883,4,2sm,5.605718564437552,4.999999999999999,5.346352817349104,True,0.9869825245532425,4.204490554169243,1.0,2010.319572566735,2011.318888104038,2011.318888104038,2011.318888104038,2011.318888104038,2011.318888104038,2011.3161454820363,2011.3161454820363,2011.3161454820363,0.0027426220017332525,0.0027426220017332525,False,False,0.0,0.0,10.9
sim0007_K,510,29.970149240246883,4,2sm,5.605718564437552,4.999999999999999,5.346352817349104,True,0.9869825245532425,4.204490554169243,1.761194031485502,2010.319572566735,2012.0581078165637,2012.0581078165637,2012.0581078165637,2012.0581078165637,2012.0581078165637,2012.0807665982204,2012.0807665982204,2012.0807665982204,-0.022658781656673455,0.022658781656673455,False,False,0.0,0.0,10.9
sim0008_MM,510,29.970149240246883,0,2sm,7.8226970523421935,4.999999999999999,3.831178561526107,True,0.9949175292878938,5.863259612087347,1.0,1997.0956919644077,1997.1709828610537,1997.1709828610537,1997.1709828610537,1997.1709828610537,1997.1709828610537,1997.1031882635493,1997.1031882635493,1997.1031882635493,0.06779459750441674,0.06779459750441674,False,False,0.0,0.0,10.9
sim0008_MM,510,29.970149240246883,0,2sm,7.8226970523421935,4.999999999999999,3.831178561526107,True,0.9949175292878938,5.863259612087347,2.0,1997.0956919644077,1997.1709828610537,1997.1709828610537,1997.1709828610537,1997.1709828610537,1997.1709828610537,1997.1031882635493,1997.1031882635493,1997.1031882635493,0.06779459750441674,0.06779459750441674,False,False,0.0,0.0,10.9
sim0008_MM,510,29.970149240246883,0,2sm,7.8226970523421935,4.999999999999999,3.831178561526107,True,0.9949175292878938,5.863259612087347,3.0,1997.0956919644077,1997.1709828610537,1997.1709828610537,1997.1709828610537,1997.1709828610537,1997.1709828610537,1997.1031882635493,1997.1031882635493,1997.1031882635493,0.06779459750441674,0.06779459750441674,False,False,0.0,0.0,10.9
sim0008_MM,510,29.970149240246883,0,2sm,7.8226970523421935,4.999999999999999,3.831178561526107,True,0.9949175292878938,5.863259612087347,4.0,1997.0956919644077,2001.0792648596848,2001.0792648596848,2001.0792648596848,2001.0792648596848,2001.0792648596848,2001.091212124433,2001.091212124433,2001.091212124433,-0.01194726474818708,0.01194726474818708,False,False,0.0,0.0,10.9
sim0008_MM,510,29.970149240246883,0,2sm,7.8226970523421935,4.999999999999999,3.831178561526107,True,0.9949175292878938,5.863259612087347,5.0,1997.0956919644077,2002.0922696509238,2002.0922696509238,2002.0922696509238,2002.0922696509238,2002.0922696509238,2002.0807218042014,2002.0807218042014,2002.0807218042014,0.011547846722351096,0.011547846722351096,False,False,0.0,0.0,10.9
sim0008_MM,510,29.970149240246883,0,2sm,7.8226970523421935,4.999999999999999,3.831178561526107,True,0.9949175292878938,5.863259612087347,6.0,1997.0956919644077,2002.5850827926074,2002.557704284736,2002.6124613004788,2002.5303257768649,2002.63983980835,2002.6204543568022,2002.6204543568022,2002.635446927707,-0.03537156419474741,0.03537156419474741,False,True,0.05475701574277991,0.014992570904951208,10.9
sim0008_MM,510,29.970149240246883,0,2sm,7.8226970523421935,4.999999999999999,3.831178561526107,True,0.9949175292878938,5.863259612087347,7.0,1997.0956919644077,2002.5850827926074,2002.557704284736,2002.6124613004788,2002.5303257768649,2002.63983980835,2002.6204543568022,2002.6204543568022,2002.635446927707,-0.03537156419474741,0.03537156419474741,False,True,0.05475701574277991,0.014992570904951208,10.9
sim0008_MM,510,29.970149240246883,0,2sm,7.8226970523421935,4.999999999999999,3.831178561526107,True,0.9949175292878938,5.863259612087347,8.0,1997.0956919644077,2002.5850827926074,2002.557704284736,2002.6124613004788,2002.5303257768649,2002.63983980835,2002.6204543568022,2002.6204543568022,2002.635446927707,-0.03537156419474741,0.03537156419474741,False,True,0.05475701574277991,0.014992570904951208,10.9
sim0008_MM,510,29.970149240246883,0,2sm,7.8226970523421935,4.999999999999999,3.831178561526107,True,0.9949175292878938,5.863259612087347,9.0,1997.0956919644077,2002.5850827926074,2002.557704284736,2002.6124613004788,2002.5303257768649,2002.63983980835,2002.6204543568022,2002.6204543568022,2002.635446927707,-0.03537156419474741,0.03537156419474741,False,True,0.05475701574277991,0.014992570904951208,10.9
sim0008_MM,510,29.970149240246883,0,2sm,7.8226970523421935,4.999999999999999,3.831178561526107,True,0.9949175292878938,5.863259612087347,10.0,1997.0956919644077,2002.5850827926074,2002.557704284736,2002.6124613004788,2002.5303257768649,2002.63983980835,2002.6204543568022,2002.6204543568022,2002.635446927707,-0.03537156419474741,0.03537156419474741,False,True,0.05475701574277991,0.014992570904951208,10.9
sim0008_MM,510,29.970149240246883,0,2sm,7.8226970523421935,4.999999999999999,3.831178561526107,True,0.9949175292878938,5.863259612087347,11.0,1997.0956919644077,2002.5850827926074,2002.557704284736,2002.6124613004788,2002.5303257768649,2002.63983980835,2002.6204543568022,2002.6204543568022,2002.635446927707,-0.03537156419474741,0.03537156419474741,False,True,0.05475701574277991,0.014992570904951208,10.9
sim0008_MM,510,29.970149240246883,0,2sm,7.8226970523421935,4.999999999999999,3.831178561526107,True,0.9949175292878938,5.863259612087347,12.0,1997.0956919644077,2002.5850827926074,2002.557704284736,2002.6124613004788,2002.5303257768649,2002.63983980835,2002.6204543568022,2002.6204543568022,2002.635446927707,-0.03537156419474741,0.03537156419474741,False,True,0.05475701574277991,0.014992570904951208,10.9
sim0008_MM,510,29.970149240246883,0,2sm,7.8226970523421935,4.999999999999999,3.831178561526107,True,0.9949175292878938,5.863259612087347,13.0,1997.0956919644077,2002.5850827926074,2002.557704284736,2002.6124613004788,2002.5303257768649,2002.63983980835,2002.6204543568022,2002.6204543568022,2002.635446927707,-0.03537156419474741,0.03537156419474741,False,True,0.05475701574277991,0.014992570904951208,10.9
sim0008_MM,510,29.970149240246883,0,2sm,7.8226970523421935,4.999999999999999,3.831178561526107,True,0.9949175292878938,5.863259612087347,14.0,1997.0956919644077,2002.5850827926074,2002.557704284736,2002.6124613004788,2002.5303257768649,2002.63983980835,2010.4765615113242,2002.6204543568022,2010.4765615113242,-7.891478718716826,7.891478718716826,False,False,0.05475701574277991,7.856107154522078,10.9
sim0008_MM,510,29.970149240246883,0,2sm,7.8226970523421935,4.999999999999999,3.831178561526107,True,0.9949175292878938,5.863259612087347,14.985074633812701,1997.0956919644077,2002.5850827926074,2002.557704284736,2002.6124613004788,2002.5303257768649,2002.63983980835,2010.4765615113242,2002.6204543568022,2010.4765615113242,-7.891478718716826,7.891478718716826,False,False,0.05475701574277991,7.856107154522078,10.9
sim0008_MM,510,29.970149240246883,1,2sm,7.681268369303844,4.999999999999999,3.9017188046722406,True,0.9963116124490582,5.201596160991965,1.0,2001.3344979329222,2002.231144065708,2002.231144065708,2002.231144065708,2002.149008542094,2002.231144065708,2002.3206029386909,2002.3206029386909,2002.3206029386909,-0.08945887298295929,0.08945887298295929,False,False,0.0,0.0,10.9
sim0008_MM,510,29.970149240246883,1,2sm,7.681268369303844,4.999999999999999,3.9017188046722406,True,0.9963116124490582,5.201596160991965,2.0,2001.3344979329222,2002.231144065708,2002.231144065708,2002.231144065708,2002.149008542094,2002.231144065708,2002.515506360463,2002.515506360463,2002.515506360463,-0.2843622947550557,0.2843622947550557,False,False,0.0,0.0,10.9
sim0008_MM,510,29.970149240246883,1,2sm,7.681268369303844,4.999999999999999,3.9017188046722406,True,0.9963116124490582,5.201596160991965,3.0,2001.3344979329222,2002.231144065708,2002.231144065708,2002.231144065708,2002.149008542094,2002.231144065708,2002.515506360463,2002.515506360463,2002.515506360463,-0.2843622947550557,0.2843622947550557,False,False,0.0,0.0,10.9
sim0008_MM,510,29.970149240246883,1,2sm,7.681268369303844,4.999999999999999,3.9017188046722406,True,0.9963116124490582,5.201596160991965,4.0,2001.3344979329222,2002.231144065708,2002.231144065708,2002.231144065708,2002.149008542094,2002.231144065708,2002.515506360463,2002.515506360463,2002.515506360463,-0.2843622947550557,0.2843622947550557,False,False,0.0,0.0,10.9
sim0008_MM,510,29.970149240246883,1,2sm,7.681268369303844,4.999999999999999,3.9017188046722406,True,0.9963116124490582,5.201596160991965,5.0,2001.3344979329222,2002.231144065708,2002.231144065708,2002.231144065708,2002.149008542094,2002.231144065708,2002.515506360463,2002.515506360463,2002.515506360463,-0.2843622947550557,0.2843622947550557,False,False,0.0,0.0,10.9
sim0008_MM,510,29.970149240246883,1,2sm,7.681268369303844,4.999999999999999,3.9017188046722406,True,0.9963116124490582,5.201596160991965,6.0,2001.3344979329222,2002.231144065708,2002.231144065708,2002.231144065708,2002.149008542094,2002.231144065708,2002.515506360463,2002.515506360463,2002.515506360463,-0.2843622947550557,0.2843622947550557,False,False,0.0,0.0,10.9
sim0008_MM,510,29.970149240246883,1,2sm,7.681268369303844,4.999999999999999,3.9017188046722406,True,0.9963116124490582,5.201596160991965,7.0,2001.3344979329222,2002.231144065708,2002.231144065708,2002.231144065708,2002.149008542094,2002.231144065708,2002.515506360463,2002.515506360463,2002.515506360463,-0.2843622947550557,0.2843622947550557,False,False,0.0,0.0,10.9
sim0008_MM,510,29.970149240246883,1,2sm,7.681268369303844,4.999999999999999,3.9017188046722406,True,0.9963116124490582,5.201596160991965,8.0,2001.3344979329222,2002.231144065708,2002.231144065708,2002.231144065708,2002.149008542094,2002.231144065708,2002.515506360463,2002.515506360463,2002.515506360463,-0.2843622947550557,0.2843622947550557,False,False,0.0,0.0,10.9
sim0008_MM,510,29.970149240246883,1,2sm,7.681268369303844,4.999999999999999,3.9017188046722406,True,0.9963116124490582,5.201596160991965,9.0,2001.3344979329222,2002.231144065708,2002.231144065708,2002.231144065708,2002.149008542094,2002.231144065708,2002.515506360463,2002.515506360463,2002.515506360463,-0.2843622947550557,0.2843622947550557,False,False,0.0,0.0,10.9
sim0008_MM,510,29.970149240246883,1,2sm,7.681268369303844,4.999999999999999,3.9017188046722406,True,0.9963116124490582,5.201596160991965,10.0,2001.3344979329222,2002.231144065708,2002.231144065708,2002.231144065708,2002.149008542094,2002.231144065708,2002.515506360463,2002.515506360463,2002.515506360463,-0.2843622947550557,0.2843622947550557,False,False,0.0,0.0,10.9
sim0008_MM,510,29.970149240246883,1,2sm,7.681268369303844,4.999999999999999,3.9017188046722406,True,0.9963116124490582,5.201596160991965,10.746268665298203,2001.3344979329222,2002.231144065708,2002.231144065708,2002.231144065708,2002.149008542094,2002.231144065708,2002.515506360463,2002.515506360463,2002.515506360463,-0.2843622947550557,0.2843622947550557,False,False,0.0,0.0,10.9
sim0008_MM,510,29.970149240246883,2,3sml,7.812731275751414,4.999999999999999,3.836065542567175,True,0.9950838433509179,5.477247690271656,1.0,2006.0807665982204,2007.0800821355235,2007.0800821355235,2007.0800821355235,2007.0800821355235,2007.0800821355235,2007.0732479157584,2007.0732479157584,2007.0732479157584,0.00683421976509635,0.00683421976509635,False,False,0.0,0.0,10.9
sim0008_MM,510,29.970149240246883,2,3sml,7.812731275751414,4.999999999999999,3.836065542567175,True,0.9950838433509179,5.477247690271656,2.0,2006.0807665982204,2008.065708418891,2008.065708418891,2008.065708418891,2008.065708418891,2008.065708418891,2008.0777501664318,2008.0777501664318,2008.0777501664318,-0.012041747540706638,0.012041747540706638,False,False,0.0,0.0,10.9
sim0008_MM,510,29.970149240246883,2,3sml,7.812731275751414,4.999999999999999,3.836065542567175,True,0.9950838433509179,5.477247690271656,3.0,2006.0807665982204,2009.07871321013,2009.07871321013,2009.07871321013,2009.07871321013,2009.07871321013,2009.067259846199,2009.067259846199,2009.067259846199,0.011453363930968408,0.011453363930968408,False,False,0.0,0.0,10.9
sim0008_MM,510,29.970149240246883,2,3sml,7.812731275751414,4.999999999999999,3.836065542567175,True,0.9950838433509179,5.477247690271656,4.0,2006.0807665982204,2010.0643394934975,2010.0643394934975,2010.0643394934975,2010.0643394934975,2010.0643394934975,2010.0717620968737,2010.0717620968737,2010.0717620968737,-0.007422603376198822,0.007422603376198822,False,False,0.0,0.0,10.9
sim0008_MM,510,29.970149240246883,2,3sml,7.812731275751414,4.999999999999999,3.836065542567175,True,0.9950838433509179,5.477247690271656,5.0,2006.0807665982204,2010.447638603696,2010.4202600958247,2010.4750171115672,2010.3928815879533,2010.5023956194386,2010.0717620968737,2010.0717620968737,2010.0867546677785,0.3758765068223511,0.3758765068223511,False,False,0.05475701574255254,0.014992570904723834,10.9
sim0008_MM,510,29.970149240246883,2,3sml,7.812731275751414,4.999999999999999,3.836065542567175,True,0.9950838433509179,5.477247690271656,6.0,2006.0807665982204,2010.447638603696,2010.4202600958247,2010.4750171115672,2010.3928815879533,2010.5023956194386,2010.0717620968737,2010.0717620968737,2010.0867546677785,0.3758765068223511,0.3758765068223511,False,False,0.05475701574255254,0.014992570904723834,10.9
sim0008_MM,510,29.970149240246883,2,3sml,7.812731275751414,4.999999999999999,3.836065542567175,True,0.9950838433509179,5.477247690271656,6.0,2006.0807665982204,2010.447638603696,2010.4202600958247,2010.4750171115672,2010.3928815879533,2010.5023956194386,2010.0717620968737,2010.0717620968737,2010.0867546677785,0.3758765068223511,0.3758765068223511,False,False,0.05475701574255254,0.014992570904723834,10.9
sim0008_MM,510,29.970149240246883,3,3sml,7.787866240775036,4.999999999999999,3.8483133009311037,True,0.9992959258578086,5.025396286844732,1.0,2010.319572566735,2010.394863463381,2010.394863463381,2010.394863463381,2010.394863463381,2010.394863463381,2010.326635802268,2010.326635802268,2010.326635802268,0.0682276611130419,0.0682276611130419,False,False,0.0,0.0,10.9
sim0008_MM,510,29.970149240246883,3,3sml,7.787866240775036,4.999999999999999,3.8483133009311037,True,0.9992959258578086,5.025396286844732,1.761194031485502,2010.319572566735,2010.394863463381,2010.394863463381,2010.394863463381,2010.394863463381,2010.394863463381,2010.326635802268,2010.326635802268,2010.326635802268,0.0682276611130419,0.0682276611130419,False,False,0.0,0.0,10.9
sim0009_ME,510,29.970149240246883,0,3sml,5.814132012499437,4.999999999999999,5.154707388104698,True,0.9998600949810271,9.325940633171193,1.0,1997.0956919644077,1998.0950075017108,1998.0950075017108,1998.0950075017108,1998.0950075017108,1998.0950075017108,1998.092697943318,1998.092697943318,1998.092697943318,0.0023095583928807173,0.0023095583928807173,False,False,0.0,0.0,10.9
sim0009_ME,510,29.970149240246883,0,3sml,5.814132012499437,4.999999999999999,5.154707388104698,True,0.9998600949810271,9.325940633171193,2.0,1997.0956919644077,1998.8616057221077,1998.8342272142365,1998.8616057221077,1998.8342272142365,1998.930736454483,1999.0822076230863,1999.0822076230863,1999.0822076230863,-0.22060190097863597,0.22060190097863597,False,False,0.027378507871162583,0.0,10.9
sim0009_ME,510,29.970149240246883,0,3sml,5.814132012499437,4.999999999999999,5.154707388104698,True,0.9998600949810271,9.325940633171193,3.0,1997.0956919644077,1998.8616057221077,1998.8342272142365,1998.8616057221077,1998.8342272142365,1998.930736454483,1999.4870070375368,1999.4870070375368,1999.4870070375368,-0.6254013154291442,0.6254013154291442,False,False,0.027378507871162583,0.0,10.9
sim0009_ME,510,29.970149240246883,0,3sml,5.814132012499437,4.999999999999999,5.154707388104698,True,0.9998600949810271,9.325940633171193,4.0,1997.0956919644077,1998.8616057221077,1998.8342272142365,1998.8616057221077,1998.8342272142365,1998.930736454483,1999.4870070375368,1999.4870070375368,1999.4870070375368,-0.6254013154291442,0.6254013154291442,False,False,0.027378507871162583,0.0,10.9
sim0009_ME,510,29.970149240246883,0,3sml,5.814132012499437,4.999999999999999,5.154707388104698,True,0.9998600949810271,9.325940633171193,5.0,1997.0956919644077,1998.8616057221077,1998.8342272142365,1998.8616057221077,1998.8342272142365,1998.930736454483,1999.4870070375368,1999.4870070375368,1999.4870070375368,-0.6254013154291442,0.6254013154291442,False,False,0.027378507871162583,0.0,10.9
sim0009_ME,510,29.970149240246883,0,3sml,5.814132012499437,4.999999999999999,5.154707388104698,True,0.9998600949810271,9.325940633171193,6.0,1997.0956919644077,1998.8616057221077,1998.8342272142365,1998.8616057221077,1998.8342272142365,1998.930736454483,1999.4870070375368,1999.4870070375368,1999.4870070375368,-0.6254013154291442,0.6254013154291442,False,False,0.027378507871162583,0.0,10.9
sim0009_ME,510,29.970149240246883,0,3sml,5.814132012499437,4.999999999999999,5.154707388104698,True,0.9998600949810271,9.325940633171193,7.0,1997.0956919644077,1998.8616057221077,1998.8342272142365,1998.8616057221077,1998.8342272142365,1998.930736454483,1999.4870070375368,1999.4870070375368,1999.4870070375368,-0.6254013154291442,0.6254013154291442,False,False,0.027378507871162583,0.0,10.9
sim0009_ME,510,29.970149240246883,0,3sml,5.814132012499437,4.999999999999999,5.154707388104698,True,0.9998600949810271,9.325940633171193,8.0,1997.0956919644077,1998.8616057221077,1998.8342272142365,1998.8616057221077,1998.8342272142365,1998.930736454483,1999.4870070375368,1999.4870070375368,1999.4870070375368,-0.6254013154291442,0.6254013154291442,False,False,0.027378507871162583,0.0,10.9
sim0009_ME,510,29.970149240246883,0,3sml,5.814132012499437,4.999999999999999,5.154707388104698,True,0.9998600949810271,9.325940633171193,9.0,1997.0956919644077,1998.8616057221077,1998.8342272142365,1998.8616057221077,1998.8342272142365,1998.930736454483,1999.4870070375368,1999.4870070375368,2005.4540502579562,-0.6254013154291442,0.6254013154291442,False,False,0.027378507871162583,5.9670432204193276,10.9
sim0009_ME,510,29.970149240246883,0,3sml,5.814132012499437,4.999999999999999,5.154707388104698,True,0.9998600949810271,9.325940633171193,10.0,1997.0956919644077,1998.8616057221077,1998.8342272142365,1998.8616057221077,1998.8342272142365,1998.930736454483,1999.4870070375368,1999.4870070375368,2005.4540502579562,-0.6254013154291442,0.6254013154291442,False,False,0.027378507871162583,5.9670432204193276,10.9
sim0009_ME,510,29.970149240246883,0,3sml,5.814132012499437,4.999999999999999,5.154707388104698,True,0.9998600949810271,9.325940633171193,11.0,1997.0956919644077,1998.8616057221077,1998.8342272142365,1998.8616057221077,1998.8342272142365,1998.930736454483,1999.4870070375368,1999.4870070375368,2005.4540502579562,-0.6254013154291442,0.6254013154291442,False,False,0.027378507871162583,5.9670432204193276,10.9
sim0009_ME,510,29.970149240246883,0,3sml,5.814132012499437,4.999999999999999,5.154707388104698,True,0.9998600949810271,9.325940633171193,12.0,1997.0956919644077,1998.8616057221077,1998.8342272142365,1998.8616057221077,1998.8342272142365,1998.930736454483,1999.4870070375368,1999.4870070375368,2005.4540502579562,-0.6254013154291442,0.6254013154291442,False,False,0.027378507871162583,5.9670432204193276,10.9
sim0009_ME,510,29.970149240246883,0,3sml,5.814132012499437,4.999999999999999,5.154707388104698,True,0.9998600949810271,9.325940633171193,13.0,1997.0956919644077,1998.8616057221077,1998.8342272142365,1998.8616057221077,1998.8342272142365,1998.930736454483,1999.4870070375368,1999.4870070375368,2005.4540502579562,-0.6254013154291442,0.6254013154291442,False,False,0.027378507871162583,5.9670432204193276,10.9
sim0009_ME,510,29.970149240246883,0,3sml,5.814132012499437,4.999999999999999,5.154707388104698,True,0.9998600949810271,9.325940633171193,14.0,1997.0956919644077,1998.8616057221077,1998.8342272142365,1998.8616057221077,1998.8342272142365,1998.930736454483,1999.4870070375368,1999.4870070375368,2005.4540502579562,-0.6254013154291442,0.6254013154291442,False,False,0.027378507871162583,5.9670432204193276,10.9
sim0009_ME,510,29.970149240246883,0,3sml,5.814132012499437,4.999999999999999,5.154707388104698,True,0.9998600949810271,9.325940633171193,14.985074633812701,1997.0956919644077,1998.8616057221077,1998.8342272142365,1998.8616057221077,1998.8342272142365,1998.930736454483,1999.4870070375368,1999.4870070375368,2011.4210934783755,-0.6254013154291442,0.6254013154291442,False,False,0.027378507871162583,11.934086440838655,10.9
sim0009_ME,510,29.970149240246883,1,2sm,5.8948160613740885,4.999999999999999,5.084153420261396,True,0.9993431146594393,8.563738721588651,1.0,2001.3344979329222,2001.4097888295682,2001.4097888295682,2001.4097888295682,2001.4097888295682,2001.4097888295682,2001.3460858298272,2001.3460858298272,2001.3460858298272,0.06370299974105365,0.06370299974105365,False,False,0.0,0.0,10.9
sim0009_ME,510,29.970149240246883,1,2sm,5.8948160613740885,4.999999999999999,5.084153420261396,True,0.9993431146594393,8.563738721588651,2.0,2001.3344979329222,2003.3194397535929,2003.3194397535929,2003.3194397535929,2003.3194397535929,2003.3194397535929,2003.3251051893642,2003.3251051893642,2003.3251051893642,-0.00566543577133416,0.00566543577133416,False,False,0.0,0.0,10.9
sim0009_ME,510,29.970149240246883,1,2sm,5.8948160613740885,4.999999999999999,5.084153420261396,True,0.9993431146594393,8.563738721588651,3.0,2001.3344979329222,2004.3324445448318,2004.3324445448318,2004.3324445448318,2004.3324445448318,2004.3324445448318,2004.3296074400375,2004.3296074400375,2004.3296074400375,0.0028371047942528094,0.0028371047942528094,False,False,0.0,0.0,10.9
sim0009_ME,510,29.970149240246883,1,2sm,5.8948160613740885,4.999999999999999,5.084153420261396,True,0.9993431146594393,8.563738721588651,4.0,2001.3344979329222,2004.9895287337436,2004.9621502258722,2004.9895287337436,2004.9621502258722,2004.9895287337436,2005.3341096907109,2005.319117119806,2005.3341096907109,-0.34458095696732016,0.34458095696732016,False,False,0.027378507871389957,0.014992570904951208,10.9
sim0009_ME,510,29.970149240246883,1,2sm,5.8948160613740885,4.999999999999999,5.084153420261396,True,0.9993431146594393,8.563738721588651,5.0,2001.3344979329222,2004.9895287337436,2004.9621502258722,2004.9895287337436,2004.9621502258722,2004.9895287337436,2005.3341096907109,2005.319117119806,2005.3341096907109,-0.34458095696732016,0.34458095696732016,False,False,0.027378507871389957,0.014992570904951208,10.9
sim0009_ME,510,29.970149240246883,1,2sm,5.8948160613740885,4.999999999999999,5.084153420261396,True,0.9993431146594393,8.563738721588651,6.0,2001.3344979329222,2004.9895287337436,2004.9621502258722,2004.9895287337436,2004.9621502258722,2004.9895287337436,2005.3341096907109,2005.319117119806,2005.3341096907109,-0.34458095696732016,0.34458095696732016,False,False,0.027378507871389957,0.014992570904951208,10.9
sim0009_ME,510,29.970149240246883,1,2sm,5.8948160613740885,4.999999999999999,5.084153420261396,True,0.9993431146594393,8.563738721588651,7.0,2001.3344979329222,2004.9895287337436,2004.9621502258722,2004.9895287337436,2004.9621502258722,2004.9895287337436,2005.3341096907109,2005.319117119806,2005.3341096907109,-0.34458095696732016,0.34458095696732016,False,False,0.027378507871389957,0.014992570904951208,10.9
sim0009_ME,510,29.970149240246883,1,2sm,5.8948160613740885,4.999999999999999,5.084153420261396,True,0.9993431146594393,8.563738721588651,8.0,2001.3344979329222,2004.9895287337436,2004.9621502258722,2004.9895287337436,2004.9621502258722,2004.9895287337436,2005.3341096907109,2005.319117119806,2005.3341096907109,-0.34458095696732016,0.34458095696732016,False,False,0.027378507871389957,0.014992570904951208,10.9
sim0009_ME,510,29.970149240246883,1,2sm,5.8948160613740885,4.999999999999999,5.084153420261396,True,0.9993431146594393,8.563738721588651,9.0,2001.3344979329222,2004.9895287337436,2004.9621502258722,2004.9895287337436,2004.9621502258722,2004.9895287337436,2005.3341096907109,2005.319117119806,2005.3341096907109,-0.34458095696732016,0.34458095696732016,False,False,0.027378507871389957,0.014992570904951208,10.9
sim0009_ME,510,29.970149240246883,1,2sm,5.8948160613740885,4.999999999999999,5.084153420261396,True,0.9993431146594393,8.563738721588651,10.0,2001.3344979329222,2004.9895287337436,2004.9621502258722,2004.9895287337436,2004.9621502258722,2004.9895287337436,2005.3341096907109,2005.3341096907109,2011.2711677693192,-0.34458095696732016,0.34458095696732016,False,False,0.027378507871389957,5.937058078608288,10.9
sim0009_ME,510,29.970149240246883,1,2sm,5.8948160613740885,4.999999999999999,5.084153420261396,True,0.9993431146594393,8.563738721588651,10.746268665298203,2001.3344979329222,2004.9895287337436,2004.9621502258722,2004.9895287337436,2004.9621502258722,2004.9895287337436,2005.3341096907109,2005.3341096907109,2011.2711677693192,-0.34458095696732016,0.34458095696732016,False,False,0.027378507871389957,5.937058078608288,10.9
sim0009_ME,510,29.970149240246883,2,2sm,5.9623665820494836,4.999999999999999,5.026552599176994,True,0.9993154379624789,8.135290832393066,1.0,2006.0807665982204,2006.1560574948664,2006.1560574948664,2006.1560574948664,2006.1560574948664,2006.1560574948664,2006.08373823599,2006.08373823599,2006.08373823599,0.072319258876405,0.072319258876405,False,False,0.0,0.0,10.9
sim0009_ME,510,29.970149240246883,2,2sm,5.9623665820494836,4.999999999999999,5.026552599176994,True,0.9993154379624789,8.135290832393066,2.0,2006.0807665982204,2006.1560574948664,2006.1560574948664,2006.1560574948664,2006.1560574948664,2006.1560574948664,2006.08373823599,2006.08373823599,2006.08373823599,0.072319258876405,0.072319258876405,False,False,0.0,0.0,10.9
sim0009_ME,510,29.970149240246883,2,2sm,5.9623665820494836,4.999999999999999,5.026552599176994,True,0.9993154379624789,8.135290832393066,3.0,2006.0807665982204,2006.1560574948664,2006.1560574948664,2006.1560574948664,2006.1560574948664,2006.1560574948664,2006.08373823599,2006.08373823599,2006.08373823599,0.072319258876405,0.072319258876405,False,False,0.0,0.0,10.9
sim0009_ME,510,29.970149240246883,2,2sm,5.9623665820494836,4.999999999999999,5.026552599176994,True,0.9993154379624789,8.135290832393066,4.0,2006.0807665982204,2006.1560574948664,2006.1560574948664,2006.1560574948664,2006.1560574948664,2006.1560574948664,2006.08373823599,2006.08373823599,2006.08373823599,0.072319258876405,0.072319258876405,False,False,0.0,0.0,10.9
sim0009_ME,510,29.970149240246883,2,2sm,5.9623665820494836,4.999999999999999,5.026552599176994,True,0.9993154379624789,8.135290832393066,5.0,2006.0807665982204,2006.1560574948664,2006.1560574948664,2006.1560574948664,2006.1560574948664,2006.1560574948664,2011.076264347547,2011.076264347547,2011.076264347547,-4.9202068526806215,4.9202068526806215,False,False,0.0,0.0,10.9
sim0009_ME,510,29.970149240246883,2,2sm,5.9623665820494836,4.999999999999999,5.026552599176994,True,0.9993154379624789,8.135290832393066,6.0,2006.0807665982204,2006.1560574948664,2006.1560574948664,2006.1560574948664,2006.1560574948664,2006.1560574948664,2011.181212343886,2011.181212343886,2011.196204914791,-5.0251548490196,5.0251548490196,False,False,0.0,0.014992570904951208,10.9
sim0009_ME,510,29.970149240246883,2,2sm,5.9623665820494836,4.999999999999999,5.026552599176994,True,0.9993154379624789,8.135290832393066,6.0,2006.0807665982204,2006.1560574948664,2006.1560574948664,2006.1560574948664,2006.1560574948664,2006.1560574948664,2011.181212343886,2011.181212343886,2011.196204914791,-5.0251548490196,5.0251548490196,False,False,0.0,0.014992570904951208,10.9
sim0009_ME,510,29.970149240246883,3,2sm,5.933097000551874,4.999999999999999,5.051349950533283,True,0.9977173585748688,8.433284410835915,1.0,2010.319572566735,2010.9698121286788,2010.9698121286788,2010.9698121286788,2010.8876766050648,2010.9698121286788,2011.181212343886,2011.076264347547,2011.2861603402253,-0.21140021520727714,0.21140021520727714,False,False,0.0,0.20989599267818448,10.9
sim0009_ME,510,29.970149240246883,3,2sm,5.933097000551874,4.999999999999999,5.051349950533283,True,0.9977173585748688,8.433284410835915,1.761194031485502,2010.319572566735,2010.9698121286788,2010.9698121286788,2010.9698121286788,2010.8876766050648,2010.9698121286788,2011.181212343886,2011.076264347547,2011.2861603402253,-0.21140021520727714,0.21140021520727714,False,False,0.0,0.20989599267818448,10.9
sim0010_ME,510,29.970149240246883,0,2sm,4.496770925802975,4.999999999999999,6.664815649886635,True,0.9983112647087292,4.4296120533671,1.0,1997.0956919644077,1997.1709828610537,1997.1709828610537,1997.1709828610537,1997.1709828610537,1997.2531183846677,1997.1031882635493,1997.1031882635493,1997.1031882635493,0.06779459750441674,0.06779459750441674,False,False,0.0,0.0,10.9
sim0010_ME,510,29.970149240246883,0,2sm,4.496770925802975,4.999999999999999,6.664815649886635,True,0.9983112647087292,4.4296120533671,2.0,1997.0956919644077,1997.1709828610537,1997.1709828610537,1997.1709828610537,1997.1709828610537,1997.2531183846677,1997.1031882635493,1997.1031882635493,1997.1031882635493,0.06779459750441674,0.06779459750441674,False,False,0.0,0.0,10.9
sim0010_ME,510,29.970149240246883,0,2sm,4.496770925802975,4.999999999999999,6.664815649886635,True,0.9983112647087292,4.4296120533671,3.0,1997.0956919644077,1997.1709828610537,1997.1709828610537,1997.1709828610537,1997.1709828610537,1997.2531183846677,1997.1031882635493,1997.1031882635493,1997.1031882635493,0.06779459750441674,0.06779459750441674,False,False,0.0,0.0,10.9
sim0010_ME,510,29.970149240246883,0,2sm,4.496770925802975,4.999999999999999,6.664815649886635,True,0.9983112647087292,4.4296120533671,4.0,1997.0956919644077,1997.1709828610537,1997.1709828610537,1997.1709828610537,1997.1709828610537,1997.2531183846677,1997.1031882635493,1997.1031882635493,1997.1031882635493,0.06779459750441674,0.06779459750441674,False,False,0.0,0.0,10.9
sim0010_ME,510,29.970149240246883,0,2sm,4.496770925802975,4.999999999999999,6.664815649886635,True,0.9983112647087292,4.4296120533671,5.0,1997.0956919644077,1997.1709828610537,1997.1709828610537,1997.1709828610537,1997.1709828610537,1997.2531183846677,2001.5409892516006,2001.4210486843554,2001.5709743934117,-4.370006390546905,4.370006390546905,False,False,0.0,0.1499257090563333,10.9
sim0010_ME,510,29.970149240246883,0,2sm,4.496770925802975,4.999999999999999,6.664815649886635,True,0.9983112647087292,4.4296120533671,6.0,1997.0956919644077,1997.1709828610537,1997.1709828610537,1997.1709828610537,1997.1709828610537,1997.2531183846677,2001.5409892516006,2001.4210486843554,2001.5709743934117,-4.370006390546905,4.370006390546905,False,False,0.0,0.1499257090563333,10.9
sim0010_ME,510,29.970149240246883,0,2sm,4.496770925802975,4.999999999999999,6.664815649886635,True,0.9983112647087292,4.4296120533671,7.0,1997.0956919644077,1997.1709828610537,1997.1709828610537,1997.1709828610537,1997.1709828610537,1997.2531183846677,2001.5409892516006,2001.4210486843554,2001.5709743934117,-4.370006390546905,4.370006390546905,False,False,0.0,0.1499257090563333,10.9
sim0010_ME,510,29.970149240246883,0,2sm,4.496770925802975,4.999999999999999,6.664815649886635,True,0.9983112647087292,4.4296120533671,8.0,1997.0956919644077,1997.1709828610537,1997.1709828610537,1997.1709828610537,1997.1709828610537,1997.2531183846677,2001.5409892516006,2001.4210486843554,2001.5709743934117,-4.370006390546905,4.370006390546905,False,False,0.0,0.1499257090563333,10.9
sim0010_ME,510,29.970149240246883,0,2sm,4.496770925802975,4.999999999999999,6.664815649886635,True,0.9983112647087292,4.4296120533671,9.0,1997.0956919644077,1997.1709828610537,1997.1709828610537,1997.1709828610537,1997.1709828610537,1997.2531183846677,2001.5709743934117,2001.4210486843554,2006.038760523273,-4.399991532357944,4.399991532357944,False,False,0.0,4.6177118389175575,10.9
sim0010_ME,510,29.970149240246883,0,2sm,4.496770925802975,4.999999999999999,6.664815649886635,True,0.9983112647087292,4.4296120533671,10.0,1997.0956919644077,1997.1709828610537,1997.1709828610537,1997.1709828610537,1997.1709828610537,1997.2531183846677,2001.5709743934117,2001.4210486843554,2006.038760523273,-4.399991532357944,4.399991532357944,False,False,0.0,4.6177118389175575,10.9
sim0010_ME,510,29.970149240246883,0,2sm,4.496770925802975,4.999999999999999,6.664815649886635,True,0.9983112647087292,4.4296120533671,11.0,1997.0956919644077,1997.1709828610537,1997.1709828610537,1997.1709828610537,1997.1709828610537,1997.2531183846677,2001.5709743934117,2001.4210486843554,2006.038760523273,-4.399991532357944,4.399991532357944,False,False,0.0,4.6177118389175575,10.9
sim0010_ME,510,29.970149240246883,0,2sm,4.496770925802975,4.999999999999999,6.664815649886635,True,0.9983112647087292,4.4296120533671,12.0,1997.0956919644077,1997.1709828610537,1997.1709828610537,1997.1709828610537,1997.1709828610537,1997.2531183846677,2001.5709743934117,2001.4210486843554,2006.038760523273,-4.399991532357944,4.399991532357944,False,False,0.0,4.6177118389175575,10.9
sim0010_ME,510,29.970149240246883,0,2sm,4.496770925802975,4.999999999999999,6.664815649886635,True,0.9983112647087292,4.4296120533671,13.0,1997.0956919644077,1997.1709828610537,1997.1709828610537,1997.1709828610537,1997.1709828610537,1997.2531183846677,2001.5709743934117,2001.4210486843554,2006.038760523273,-4.399991532357944,4.399991532357944,False,False,0.0,4.6177118389175575,10.9
sim0010_ME,510,29.970149240246883,0,2sm,4.496770925802975,4.999999999999999,6.664815649886635,True,0.9983112647087292,4.4296120533671,14.0,1997.0956919644077,1997.1709828610537,1997.1709828610537,1997.1709828610537,1997.1709828610537,1997.2531183846677,2006.038760523273,2001.5409892516006,2010.371613514985,-8.867777662219169,8.867777662219169,False,False,0.0,8.83062426338438,10.9
sim0010_ME,510,29.970149240246883,0,2sm,4.496770925802975,4.999999999999999,6.664815649886635,True,0.9983112647087292,4.4296120533671,14.985074633812701,1997.0956919644077,1997.1709828610537,1997.1709828610537,1997.1709828610537,1997.1709828610537,1997.2531183846677,2006.038760523273,2001.5409892516006,2010.371613514985,-8.867777662219169,8.867777662219169,False,False,0.0,8.83062426338438,10.9
sim0010_ME,510,29.970149240246883,1,2sm,4.476627071043695,4.999999999999999,6.694805880548711,True,0.99740889587619,4.223392652155294,1.0,2001.3344979329222,2001.4097888295682,2001.4097888295682,2001.4097888295682,2001.4097888295682,2001.4097888295682,2001.3610784007333,2001.3610784007333,2001.3610784007333,0.04871042883496557,0.04871042883496557,False,False,0.0,0.0,10.9
sim0010_ME,510,29.970149240246883,1,2sm,4.476627071043695,4.999999999999999,6.694805880548711,True,0.99740889587619,4.223392652155294,2.0,2001.3344979329222,2001.4097888295682,2001.4097888295682,2001.4097888295682,2001.4097888295682,2001.4097888295682,2001.3610784007333,2001.3610784007333,2001.3610784007333,0.04871042883496557,0.04871042883496557,False,False,0.0,0.0,10.9
sim0010_ME,510,29.970149240246883,1,2sm,4.476627071043695,4.999999999999999,6.694805880548711,True,0.99740889587619,4.223392652155294,3.0,2001.3344979329222,2001.4097888295682,2001.4097888295682,2001.4097888295682,2001.4097888295682,2001.4097888295682,2001.3610784007333,2001.3610784007333,2001.3610784007333,0.04871042883496557,0.04871042883496557,False,False,0.0,0.0,10.9
sim0010_ME,510,29.970149240246883,1,2sm,4.476627071043695,4.999999999999999,6.694805880548711,True,0.99740889587619,4.223392652155294,4.0,2001.3344979329222,2001.4097888295682,2001.4097888295682,2001.4097888295682,2001.4097888295682,2001.4097888295682,2001.3610784007333,2001.3610784007333,2001.3610784007333,0.04871042883496557,0.04871042883496557,False,False,0.0,0.0,10.9
sim0010_ME,510,29.970149240246883,1,2sm,4.476627071043695,4.999999999999999,6.694805880548711,True,0.99740889587619,4.223392652155294,5.0,2001.3344979329222,2001.4097888295682,2001.4097888295682,2001.4097888295682,2001.4097888295682,2001.4097888295682,2005.8438571015006,2005.8438571015006,2005.8438571015006,-4.434068271932347,4.434068271932347,False,False,0.0,0.0,10.9
sim0010_ME,510,29.970149240246883,1,2sm,4.476627071043695,4.999999999999999,6.694805880548711,True,0.99740889587619,4.223392652155294,6.0,2001.3344979329222,2001.4097888295682,2001.4097888295682,2001.4097888295682,2001.4097888295682,2001.4097888295682,2005.8438571015006,2005.8438571015006,2005.8438571015006,-4.434068271932347,4.434068271932347,False,False,0.0,0.0,10.9
sim0010_ME,510,29.970149240246883,1,2sm,4.476627071043695,4.999999999999999,6.694805880548711,True,0.99740889587619,4.223392652155294,7.0,2001.3344979329222,2001.4097888295682,2001.4097888295682,2001.4097888295682,2001.4097888295682,2001.4097888295682,2005.8438571015006,2005.8438571015006,2005.8438571015006,-4.434068271932347,4.434068271932347,False,False,0.0,0.0,10.9
sim0010_ME,510,29.970149240246883,1,2sm,4.476627071043695,4.999999999999999,6.694805880548711,True,0.99740889587619,4.223392652155294,8.0,2001.3344979329222,2001.4097888295682,2001.4097888295682,2001.4097888295682,2001.4097888295682,2001.4097888295682,2005.8438571015006,2005.8438571015006,2005.8438571015006,-4.434068271932347,4.434068271932347,False,False,0.0,0.0,10.9
sim0010_ME,510,29.970149240246883,1,2sm,4.476627071043695,4.999999999999999,6.694805880548711,True,0.99740889587619,4.223392652155294,9.0,2001.3344979329222,2001.4097888295682,2001.4097888295682,2001.4097888295682,2001.4097888295682,2001.4097888295682,2010.326635802268,2010.326635802268,2010.326635802268,-8.916846972699659,8.916846972699659,False,False,0.0,0.0,10.9
sim0010_ME,510,29.970149240246883,1,2sm,4.476627071043695,4.999999999999999,6.694805880548711,True,0.99740889587619,4.223392652155294,10.0,2001.3344979329222,2001.4097888295682,2001.4097888295682,2001.4097888295682,2001.4097888295682,2001.4097888295682,2010.326635802268,2010.326635802268,2010.326635802268,-8.916846972699659,8.916846972699659,False,False,0.0,0.0,10.9
sim0010_ME,510,29.970149240246883,1,2sm,4.476627071043695,4.999999999999999,6.694805880548711,True,0.99740889587619,4.223392652155294,10.746268665298203,2001.3344979329222,2001.4097888295682,2001.4097888295682,2001.4097888295682,2001.4097888295682,2001.4097888295682,2010.326635802268,2010.326635802268,2010.326635802268,-8.916846972699659,8.916846972699659,False,False,0.0,0.0,10.9
sim0010_ME,510,29.970149240246883,2,2sm,4.469267360166497,4.999999999999999,6.7058304695225,True,0.9997952592964063,4.705807307118283,1.0,2006.0807665982204,2006.1560574948664,2006.1560574948664,2006.1560574948664,2006.1560574948664,2006.1560574948664,2006.08373823599,2006.08373823599,2006.08373823599,0.072319258876405,0.072319258876405,False,False,0.0,0.0,10.9
sim0010_ME,510,29.970149240246883,2,2sm,4.469267360166497,4.999999999999999,6.7058304695225,True,0.9997952592964063,4.705807307118283,2.0,2006.0807665982204,2006.1560574948664,2006.1560574948664,2006.1560574948664,2006.1560574948664,2006.1560574948664,2006.08373823599,2006.08373823599,2006.08373823599,0.072319258876405,0.072319258876405,False,False,0.0,0.0,10.9
sim0010_ME,510,29.970149240246883,2,2sm,4.469267360166497,4.999999999999999,6.7058304695225,True,0.9997952592964063,4.705807307118283,3.0,2006.0807665982204,2006.1560574948664,2006.1560574948664,2006.1560574948664,2006.1560574948664,2006.1560574948664,2006.08373823599,2006.08373823599,2006.08373823599,0.072319258876405,0.072319258876405,False,False,0.0,0.0,10.9
sim0010_ME,510,29.970149240246883,2,2sm,4.469267360166497,4.999999999999999,6.7058304695225,True,0.9997952592964063,4.705807307118283,4.0,2006.0807665982204,2006.1560574948664,2006.1560574948664,2006.1560574948664,2006.1560574948664,2006.1560574948664,2006.08373823599,2006.08373823599,2006.08373823599,0.072319258876405,0.072319258876405,False,False,0.0,0.0,10.9
sim0010_ME,510,29.970149240246883,2,2sm,4.469267360166497,4.999999999999999,6.7058304695225,True,0.9997952592964063,4.705807307118283,5.0,2006.0807665982204,2006.1560574948664,2006.1560574948664,2006.1560574948664,2006.1560574948664,2006.1560574948664,2010.3116432313618,2010.3116432313618,2010.3116432313618,-4.155585736495368,4.155585736495368,False,False,0.0,0.0,10.9
sim0010_ME,510,29.970149240246883,2,2sm,4.469267360166497,4.999999999999999,6.7058304695225,True,0.9997952592964063,4.705807307118283,6.0,2006.0807665982204,2006.1560574948664,2006.1560574948664,2006.1560574948664,2006.1560574948664,2006.1560574948664,2010.3116432313618,2010.3116432313618,2010.3116432313618,-4.155585736495368,4.155585736495368,False,False,0.0,0.0,10.9
sim0010_ME,510,29.970149240246883,2,2sm,4.469267360166497,4.999999999999999,6.7058304695225,True,0.9997952592964063,4.705807307118283,6.0,2006.0807665982204,2006.1560574948664,2006.1560574948664,2006.1560574948664,2006.1560574948664,2006.1560574948664,2010.3116432313618,2010.3116432313618,2010.3116432313618,-4.155585736495368,4.155585736495368,False,False,0.0,0.0,10.9
sim0010_ME,510,29.970149240246883,3,3sml,4.468006542634152,4.999999999999999,6.707722773963917,True,0.9994101736363585,4.7211931847113044,1.0,2010.319572566735,2010.4769989869949,2010.4769989869949,2010.4769989869949,2010.394863463381,2010.4769989869949,2010.341628373174,2010.341628373174,2010.356620944079,0.13537061382089632,0.13537061382089632,False,False,0.0,0.014992570904951208,10.9
sim0010_ME,510,29.970149240246883,3,3sml,4.468006542634152,4.999999999999999,6.707722773963917,True,0.9994101736363585,4.7211931847113044,1.761194031485502,2010.319572566735,2010.4769989869949,2010.4769989869949,2010.4769989869949,2010.394863463381,2010.4769989869949,2010.341628373174,2010.341628373174,2010.356620944079,0.13537061382089632,0.13537061382089632,False,False,0.0,0.014992570904951208,10.9
sim0011_K,510,29.970149240246883,0,3sml,0.868586442212983,4.999999999999999,34.50450960745944,True,0.9942649846702977,0.9535773779808736,1.0,1992.5583785352496,1992.9622115263514,1992.9622115263514,1992.9622115263514,1992.9622115263514,1992.9622115263514,1993.4000232498722,1992.5604392791602,1993.4000232498722,-0.437811723520781,0.437811723520781,False,False,0.0,0.8395839707120558,10.9
sim0011_K,510,29.970149240246883,0,3sml,0.868586442212983,4.999999999999999,34.50450960745944,True,0.9942649846702977,0.9535773779808736,2.0,1992.5583785352496,1992.9622115263514,1992.9622115263514,1992.9622115263514,1992.9622115263514,1992.9622115263514,1993.4000232498722,1992.5604392791602,1994.2545997914906,-0.437811723520781,0.437811723520781,False,False,0.0,1.694160512330427,10.9
sim0011_K,510,29.970149240246883,0,3sml,0.868586442212983,4.999999999999999,34.50450960745944,True,0.9942649846702977,0.9535773779808736,3.0,1992.5583785352496,1992.9622115263514,1992.9622115263514,1992.9622115263514,1992.9622115263514,1992.9622115263514,1993.4000232498722,1992.5604392791602,1995.1241689040137,-0.437811723520781,0.437811723520781,False,False,0.0,2.563729624853522,10.9
sim0011_K,510,29.970149240246883,0,3sml,0.868586442212983,4.999999999999999,34.50450960745944,True,0.9942649846702977,0.9535773779808736,4.0,1992.5583785352496,1992.9622115263514,1992.9622115263514,1992.9622115263514,1992.9622115263514,1992.9622115263514,1993.4000232498722,1992.5604392791602,1995.9937380165368,-0.437811723520781,0.437811723520781,False,False,0.0,3.4332987373766173,10.9
sim0011_K,510,29.970149240246883,0,3sml,0.868586442212983,4.999999999999999,34.50450960745944,True,0.9942649846702977,0.9535773779808736,5.0,1992.5583785352496,1992.9622115263514,1992.9622115263514,1992.9622115263514,1992.9622115263514,1992.9622115263514,1993.4000232498722,1992.5604392791602,1996.86330712906,-0.437811723520781,0.437811723520781,False,False,0.0,4.30286784989994,10.9
sim0011_K,510,29.970149240246883,0,3sml,0.868586442212983,4.999999999999999,34.50450960745944,True,0.9942649846702977,0.9535773779808736,6.0,1992.5583785352496,1992.9622115263514,1992.9622115263514,1992.9622115263514,1992.9622115263514,1992.9622115263514,1993.4000232498722,1992.5604392791602,1997.7328762415843,-0.437811723520781,0.437811723520781,False,False,0.0,5.172436962424172,10.9
sim0011_K,510,29.970149240246883,0,3sml,0.868586442212983,4.999999999999999,34.50450960745944,True,0.9942649846702977,0.9535773779808736,7.0,1992.5583785352496,1992.9622115263514,1992.9622115263514,1992.9622115263514,1992.9622115263514,1992.9622115263514,1993.4000232498722,1992.5604392791602,1999.4720144666308,-0.437811723520781,0.437811723520781,False,False,0.0,6.911575187470589,10.9
sim0011_K,510,29.970149240246883,0,3sml,0.868586442212983,4.999999999999999,34.50450960745944,True,0.9942649846702977,0.9535773779808736,8.0,1992.5583785352496,1992.9622115263514,1992.9622115263514,1992.9622115263514,1992.9622115263514,1992.9622115263514,1993.4000232498722,1992.5604392791602,2000.3415835791538,-0.437811723520781,0.437811723520781,False,False,0.0,7.781144299993684,10.9
sim0011_K,510,29.970149240246883,0,3sml,0.868586442212983,4.999999999999999,34.50450960745944,True,0.9942649846702977,0.9535773779808736,9.0,1992.5583785352496,1992.9622115263514,1992.9622115263514,1992.9622115263514,1992.9622115263514,1992.9622115263514,1993.4150158207783,1992.5604392791602,2001.211152691677,-0.4528042944268691,0.4528042944268691,False,False,0.0,8.65071341251678,10.9
sim0011_K,510,29.970149240246883,0,3sml,0.868586442212983,4.999999999999999,34.50450960745944,True,0.9942649846702977,0.9535773779808736,10.0,1992.5583785352496,1992.9622115263514,1992.9622115263514,1992.9622115263514,1992.9622115263514,1992.9622115263514,2002.0807218042014,1992.5604392791602,2002.0807218042014,-9.118510277849964,9.118510277849964,False,False,0.0,9.520282525041239,10.9
sim0011_K,510,29.970149240246883,0,3sml,0.868586442212983,4.999999999999999,34.50450960745944,True,0.9942649846702977,0.9535773779808736,11.0,1992.5583785352496,1992.9622115263514,1992.9622115263514,1992.9622115263514,1992.9622115263514,1992.9622115263514,2002.9502909167247,1992.5604392791602,2002.9502909167247,-9.988079390373287,9.988079390373287,False,False,0.0,10.389851637564561,10.9
sim0011_K,510,29.970149240246883,0,3sml,0.868586442212983,4.999999999999999,34.50450960745944,True,0.9942649846702977,0.9535773779808736,12.0,1992.5583785352496,1992.9622115263514,1992.9622115263514,1992.9622115263514,1992.9622115263514,1992.9622115263514,2003.8198600292478,1992.5604392791602,2003.8198600292478,-10.857648502896382,10.857648502896382,False,False,0.0,11.259420750087656,10.9
sim0011_K,510,29.970149240246883,0,3sml,0.868586442212983,4.999999999999999,34.50450960745944,True,0.9942649846702977,0.9535773779808736,13.0,1992.5583785352496,1992.9622115263514,1992.9622115263514,1992.9622115263514,1992.9622115263514,1992.9622115263514,2004.689429141771,1993.4000232498722,2004.689429141771,-11.727217615419477,11.727217615419477,False,False,0.0,11.289405891898696,10.9
sim0011_K,510,29.970149240246883,0,3sml,0.868586442212983,4.999999999999999,34.50450960745944,True,0.9942649846702977,0.9535773779808736,14.0,1992.5583785352496,1992.9622115263514,1992.9622115263514,1992.9622115263514,1992.9622115263514,1992.9622115263514,2006.4285673668185,1993.4000232498722,2006.4285673668185,-13.466355840467031,13.466355840467031,False,False,0.0,13.02854411694625,10.9
sim0011_K,510,29.970149240246883,0,3sml,0.868586442212983,4.999999999999999,34.50450960745944,True,0.9942649846702977,0.9535773779808736,15.0,1992.5583785352496,1992.9622115263514,1992.9622115263514,1992.9622115263514,1992.9622115263514,1992.9622115263514,2007.2981364793418,1993.4000232498722,2007.2981364793418,-14.335924952990354,14.335924952990354,False,False,0.0,13.898113229469573,10.9
sim0011_K,510,29.970149240246883,0,3sml,0.868586442212983,4.999999999999999,34.50450960745944,True,0.9942649846702977,0.9535773779808736,16.0,1992.5583785352496,1992.9622115263514,1992.9622115263514,1992.9622115263514,1992.9622115263514,1992.9622115263514,2008.167705591865,1993.4000232498722,2008.167705591865,-15.205494065513449,15.205494065513449,False,False,0.0,14.767682341992668,10.9
sim0011_K,510,29.970149240246883,0,3sml,0.868586442212983,4.999999999999999,34.50450960745944,True,0.9942649846702977,0.9535773779808736,17.0,1992.5583785352496,1992.9622115263514,1992.9622115263514,1992.9622115263514,1992.9622115263514,1992.9622115263514,2009.037274704388,1993.4000232498722,2009.037274704388,-16.075063178036544,16.075063178036544,False,False,0.0,15.637251454515763,10.9
sim0011_K,510,29.970149240246883,0,3sml,0.868586442212983,4.999999999999999,34.50450960745944,True,0.9942649846702977,0.9535773779808736,18.0,1992.5583785352496,1992.9622115263514,1992.9622115263514,1992.9622115263514,1992.9622115263514,1992.9622115263514,2009.906843816911,1993.4000232498722,2009.906843816911,-16.94463229055964,16.94463229055964,False,False,0.0,16.506820567038858,10.9
sim0011_K,510,29.970149240246883,0,3sml,0.868586442212983,4.999999999999999,34.50450960745944,True,0.9942649846702977,0.9535773779808736,19.0,1992.5583785352496,1992.9622115263514,1992.9622115263514,1992.9622115263514,1992.9622115263514,1992.9622115263514,2010.7764129294355,1993.4000232498722,2010.7764129294355,-17.8142014030841,17.8142014030841,False,False,0.0,17.376389679563317,10.9
sim0011_K,510,29.970149240246883,0,3sml,0.868586442212983,4.999999999999999,34.50450960745944,True,0.9942649846702977,0.9535773779808736,19.522388062970776,1992.5583785352496,1992.9622115263514,1992.9622115263514,1992.9622115263514,1992.9622115263514,1992.9622115263514,2011.6459820419586,1993.4000232498722,2011.6459820419586,-18.683770515607193,18.683770515607193,False,False,0.0,18.245958792086412,10.9
sim0011_K,510,29.970149240246883,1,2sm,0.865975534579577,4.999999999999999,34.60854036112823,True,0.9961888764910846,0.9428781357810092,1.0,1997.0956919644077,1997.2531183846677,1997.2531183846677,1997.2531183846677,1997.2531183846677,1997.3352539082816,1997.3280768271338,1997.3280768271338,1997.3280768271338,-0.0749584424661407,0.0749584424661407,False,True,0.0,0.0,10.9
sim0011_K,510,29.970149240246883,1,2sm,0.865975534579577,4.999999999999999,34.60854036112823,True,0.9961888764910846,0.9428781357810092,2.0,1997.0956919644077,1997.2531183846677,1997.2531183846677,1997.2531183846677,1997.2531183846677,1997.3352539082816,1999.0672150521802,1997.3280768271338,1999.0672150521802,-1.8140966675125583,1.8140966675125583,False,False,0.0,1.7391382250464176,10.9
sim0011_K,510,29.970149240246883,1,2sm,0.865975534579577,4.999999999999999,34.60854036112823,True,0.9961888764910846,0.9428781357810092,3.0,1997.0956919644077,1997.2531183846677,1997.2531183846677,1997.2531183846677,1997.2531183846677,1997.3352539082816,1999.9367841647033,1997.3280768271338,1999.9367841647033,-2.6836657800356534,2.6836657800356534,False,False,0.0,2.6087073375695127,10.9
sim0011_K,510,29.970149240246883,1,2sm,0.865975534579577,4.999999999999999,34.60854036112823,True,0.9961888764910846,0.9428781357810092,4.0,1997.0956919644077,1997.2531183846677,1997.2531183846677,1997.2531183846677,1997.2531183846677,1997.3352539082816,2000.8063532772264,1997.3280768271338,2000.8063532772264,-3.5532348925587485,3.5532348925587485,False,False,0.0,3.4782764500926078,10.9
sim0011_K,510,29.970149240246883,1,2sm,0.865975534579577,4.999999999999999,34.60854036112823,True,0.9961888764910846,0.9428781357810092,5.0,1997.0956919644077,1997.2531183846677,1997.2531183846677,1997.2531183846677,1997.2531183846677,1997.3352539082816,2001.675922389751,1997.3280768271338,2001.675922389751,-4.422804005083208,4.422804005083208,False,False,0.0,4.347845562617067,10.9
sim0011_K,510,29.970149240246883,1,2sm,0.865975534579577,4.999999999999999,34.60854036112823,True,0.9961888764910846,0.9428781357810092,6.0,1997.0956919644077,1997.2531183846677,1997.2531183846677,1997.2531183846677,1997.2531183846677,1997.3352539082816,2002.5005137895569,1997.3280768271338,2002.545491502274,-5.2473954048891756,5.2473954048891756,False,False,0.0,5.217414675140162,10.9
sim0011_K,510,29.970149240246883,1,2sm,0.865975534579577,4.999999999999999,34.60854036112823,True,0.9961888764910846,0.9428781357810092,7.0,1997.0956919644077,1997.2531183846677,1997.2531183846677,1997.2531183846677,1997.2531183846677,1997.3352539082816,2002.545491502274,1997.3280768271338,2003.4150606147973,-5.292373117606303,5.292373117606303,False,False,0.0,6.086983787663485,10.9
sim0011_K,510,29.970149240246883,1,2sm,0.865975534579577,4.999999999999999,34.60854036112823,True,0.9961888764910846,0.9428781357810092,8.0,1997.0956919644077,1997.2531183846677,1997.2531183846677,1997.2531183846677,1997.2531183846677,1997.3352539082816,2002.545491502274,1997.3280768271338,2004.2846297273204,-5.292373117606303,5.292373117606303,False,False,0.0,6.95655290018658,10.9
sim0011_K,510,29.970149240246883,1,2sm,0.865975534579577,4.999999999999999,34.60854036112823,True,0.9961888764910846,0.9428781357810092,9.0,1997.0956919644077,1997.2531183846677,1997.2531183846677,1997.2531183846677,1997.2531183846677,1997.3352539082816,2002.545491502274,1997.3280768271338,2005.9787902396508,-5.292373117606303,5.292373117606303,False,False,0.0,8.650713412517007,10.9
sim0011_K,510,29.970149240246883,1,2sm,0.865975534579577,4.999999999999999,34.60854036112823,True,0.9961888764910846,0.9428781357810092,10.0,1997.0956919644077,1997.2531183846677,1997.2531183846677,1997.2531183846677,1997.2531183846677,1997.3352539082816,2002.545491502274,1997.3280768271338,2006.023767952368,-5.292373117606303,5.292373117606303,False,False,0.0,8.695691125234134,10.9
sim0011_K,510,29.970149240246883,1,2sm,0.865975534579577,4.999999999999999,34.60854036112823,True,0.9961888764910846,0.9428781357810092,11.0,1997.0956919644077,1997.2531183846677,1997.2531183846677,1997.2531183846677,1997.2531183846677,1997.3352539082816,2002.545491502274,1997.3280768271338,2006.023767952368,-5.292373117606303,5.292373117606303,False,False,0.0,8.695691125234134,10.9
sim0011_K,510,29.970149240246883,1,2sm,0.865975534579577,4.999999999999999,34.60854036112823,True,0.9961888764910846,0.9428781357810092,12.0,1997.0956919644077,1997.2531183846677,1997.2531183846677,1997.2531183846677,1997.2531183846677,1997.3352539082816,2002.545491502274,1997.3280768271338,2006.023767952368,-5.292373117606303,5.292373117606303,False,False,0.0,8.695691125234134,10.9
sim0011_K,510,29.970149240246883,1,2sm,0.865975534579577,4.999999999999999,34.60854036112823,True,0.9961888764910846,0.9428781357810092,13.0,1997.0956919644077,1997.2531183846677,1997.2531183846677,1997.2531183846677,1997.2531183846677,1997.3352539082816,2002.545491502274,1997.3280768271338,2006.023767952368,-5.292373117606303,5.292373117606303,False,False,0.0,8.695691125234134,10.9
sim0011_K,510,29.970149240246883,1,2sm,0.865975534579577,4.999999999999999,34.60854036112823,True,0.9961888764910846,0.9428781357810092,14.0,1997.0956919644077,1997.2531183846677,1997.2531183846677,1997.2531183846677,1997.2531183846677,1997.3352539082816,2002.545491502274,1997.3280768271338,2006.023767952368,-5.292373117606303,5.292373117606303,False,False,0.0,8.695691125234134,10.9
sim0011_K,510,29.970149240246883,1,2sm,0.865975534579577,4.999999999999999,34.60854036112823,True,0.9961888764910846,0.9428781357810092,14.985074633812701,1997.0956919644077,1997.2531183846677,1997.2531183846677,1997.2531183846677,1997.2531183846677,1997.3352539082816,2002.545491502274,1997.3280768271338,2006.023767952368,-5.292373117606303,5.292373117606303,False,False,0.0,8.695691125234134,10.9
sim0011_K,510,29.970149240246883,2,3sml,0.8701250540101324,4.999999999999999,34.44349648607852,True,0.9985387135935168,0.9063121955255959,1.0,2001.3344979329222,2001.65619540041,2001.65619540041,2001.65619540041,2001.65619540041,2001.65619540041,2001.6609298188448,2001.6609298188448,2001.675922389751,-0.004734418434736654,0.004734418434736654,False,False,0.0,0.014992570906088076,10.9
sim0011_K,510,29.970149240246883,2,3sml,0.8701250540101324,4.999999999999999,34.44349648607852,True,0.9985387135935168,0.9063121955255959,2.0,2001.3344979329222,2001.65619540041,2001.65619540041,2001.65619540041,2001.65619540041,2001.65619540041,2001.6609298188448,2001.6609298188448,2002.545491502274,-0.004734418434736654,0.004734418434736654,False,False,0.0,0.8845616834291832,10.9
sim0011_K,510,29.970149240246883,2,3sml,0.8701250540101324,4.999999999999999,34.44349648607852,True,0.9985387135935168,0.9063121955255959,3.0,2001.3344979329222,2001.65619540041,2001.65619540041,2001.65619540041,2001.65619540041,2001.65619540041,2004.2846297273204,2001.6609298188448,2004.2846297273204,-2.6284343269103374,2.6284343269103374,False,False,0.0,2.6236999084756008,10.9
sim0011_K,510,29.970149240246883,2,3sml,0.8701250540101324,4.999999999999999,34.44349648607852,True,0.9985387135935168,0.9063121955255959,4.0,2001.3344979329222,2001.65619540041,2001.65619540041,2001.65619540041,2001.65619540041,2001.65619540041,2005.1541988398435,2001.6609298188448,2005.1541988398435,-3.4980034394334325,3.4980034394334325,False,False,0.0,3.493269020998696,10.9
sim0011_K,510,29.970149240246883,2,3sml,0.8701250540101324,4.999999999999999,34.44349648607852,True,0.9985387135935168,0.9063121955255959,5.0,2001.3344979329222,2001.65619540041,2001.65619540041,2001.65619540041,2001.65619540041,2001.65619540041,2006.023767952368,2006.023767952368,2006.023767952368,-4.367572551957892,4.367572551957892,False,False,0.0,0.0,10.9
sim0011_K,510,29.970149240246883,2,3sml,0.8701250540101324,4.999999999999999,34.44349648607852,True,0.9985387135935168,0.9063121955255959,6.0,2001.3344979329222,2001.65619540041,2001.65619540041,2001.65619540041,2001.65619540041,2001.65619540041,2006.893337064891,2006.893337064891,2006.893337064891,-5.237141664480987,5.237141664480987,False,False,0.0,0.0,10.9
sim0011_K,510,29.970149240246883,2,3sml,0.8701250540101324,4.999999999999999,34.44349648607852,True,0.9985387135935168,0.9063121955255959,7.0,2001.3344979329222,2001.65619540041,2001.65619540041,2001.65619540041,2001.65619540041,2001.65619540041,2007.7629061774144,2007.7629061774144,2007.7629061774144,-6.106710777004309,6.106710777004309,False,False,0.0,0.0,10.9
sim0011_K,510,29.970149240246883,2,3sml,0.8701250540101324,4.999999999999999,34.44349648607852,True,0.9985387135935168,0.9063121955255959,8.0,2001.3344979329222,2001.65619540041,2001.65619540041,2001.65619540041,2001.65619540041,2001.65619540041,2008.6324752899375,2008.6324752899375,2008.6324752899375,-6.9762798895274045,6.9762798895274045,False,False,0.0,0.0,10.9
sim0011_K,510,29.970149240246883,2,3sml,0.8701250540101324,4.999999999999999,34.44349648607852,True,0.9985387135935168,0.9063121955255959,9.0,2001.3344979329222,2001.65619540041,2001.65619540041,2001.65619540041,2001.65619540041,2001.65619540041,2009.5020444024606,2009.5020444024606,2009.5020444024606,-7.8458490020505,7.8458490020505,False,False,0.0,0.0,10.9
sim0011_K,510,29.970149240246883,2,3sml,0.8701250540101324,4.999999999999999,34.44349648607852,True,0.9985387135935168,0.9063121955255959,10.0,2001.3344979329222,2001.65619540041,2001.65619540041,2001.65619540041,2001.65619540041,2001.65619540041,2011.2411826275081,2010.371613514985,2011.2411826275081,-9.584987227098054,9.584987227098054,False,False,0.0,0.8695691125230951,10.9
sim0011_K,510,29.970149240246883,2,3sml,0.8701250540101324,4.999999999999999,34.44349648607852,True,0.9985387135935168,0.9063121955255959,10.746268665298203,2001.3344979329222,2001.65619540041,2001.65619540041,2001.65619540041,2001.65619540041,2001.65619540041,2011.2411826275081,2010.371613514985,2011.2411826275081,-9.584987227098054,9.584987227098054,False,False,0.0,0.8695691125230951,10.9
sim0011_K,510,29.970149240246883,3,2sm,0.868215827069678,4.999999999999999,34.51923854164162,True,0.9971657603653192,0.8995093241489206,1.0,2006.0807665982204,2006.8131416837782,2006.8131416837782,2006.8131416837782,2006.8131416837782,2006.8952772073922,2006.893337064891,2006.248656515951,2006.893337064891,-0.08019538111284419,0.08019538111284419,False,True,0.0,0.6446805489399594,10.9
sim0011_K,510,29.970149240246883,3,2sm,0.868215827069678,4.999999999999999,34.51923854164162,True,0.9971657603653192,0.8995093241489206,2.0,2006.0807665982204,2006.8131416837782,2006.8131416837782,2006.8131416837782,2006.8131416837782,2006.8952772073922,2007.7629061774144,2006.248656515951,2007.7629061774144,-0.9497644936361667,0.9497644936361667,False,False,0.0,1.5142496614632819,10.9
sim0011_K,510,29.970149240246883,3,2sm,0.868215827069678,4.999999999999999,34.51923854164162,True,0.9971657603653192,0.8995093241489206,3.0,2006.0807665982204,2006.8131416837782,2006.8131416837782,2006.8131416837782,2006.8131416837782,2006.8952772073922,2008.6324752899375,2006.248656515951,2008.6324752899375,-1.8193336061592618,1.8193336061592618,False,False,0.0,2.383818773986377,10.9
sim0011_K,510,29.970149240246883,3,2sm,0.868215827069678,4.999999999999999,34.51923854164162,True,0.9971657603653192,0.8995093241489206,4.0,2006.0807665982204,2006.8131416837782,2006.8131416837782,2006.8131416837782,2006.8131416837782,2006.8952772073922,2009.5020444024606,2006.248656515951,2009.5020444024606,-2.688902718682357,2.688902718682357,False,False,0.0,3.253387886509472,10.9
sim0011_K,510,29.970149240246883,3,2sm,0.868215827069678,4.999999999999999,34.51923854164162,True,0.9971657603653192,0.8995093241489206,5.0,2006.0807665982204,2006.8131416837782,2006.8131416837782,2006.8131416837782,2006.8131416837782,2006.8952772073922,2010.371613514985,2006.248656515951,2010.371613514985,-3.558471831206816,3.558471831206816,False,False,0.0,4.122956999033931,10.9
sim0011_K,510,29.970149240246883,3,2sm,0.868215827069678,4.999999999999999,34.51923854164162,True,0.9971657603653192,0.8995093241489206,6.0,2006.0807665982204,2006.8131416837782,2006.8131416837782,2006.8131416837782,2006.8131416837782,2006.8952772073922,2011.2411826275081,2006.248656515951,2011.2411826275081,-4.428040943729911,4.428040943729911,False,False,0.0,4.9925261115570265,10.9
sim0011_K,510,29.970149240246883,3,2sm,0.868215827069678,4.999999999999999,34.51923854164162,True,0.9971657603653192,0.8995093241489206,6.0,2006.0807665982204,2006.8131416837782,2006.8131416837782,2006.8131416837782,2006.8131416837782,2006.8952772073922,2011.2411826275081,2006.248656515951,2011.2411826275081,-4.428040943729911,4.428040943729911,False,False,0.0,4.9925261115570265,10.9
sim0011_K,510,29.970149240246883,4,2sm,0.8674869600308759,4.999999999999999,34.54824178472974,True,0.9977260684529188,0.9581729674846144,1.0,2010.319572566735,2010.394863463381,2010.394863463381,2010.394863463381,2010.394863463381,2010.394863463381,2010.371613514985,2010.371613514985,2011.226190056602,0.023249948395914544,0.023249948395914544,False,False,0.0,0.854576541617007,10.9
sim0011_K,510,29.970149240246883,4,2sm,0.8674869600308759,4.999999999999999,34.54824178472974,True,0.9977260684529188,0.9581729674846144,1.761194031485502,2010.319572566735,2010.394863463381,2010.394863463381,2010.394863463381,2010.394863463381,2010.394863463381,2010.371613514985,2010.371613514985,2011.226190056602,0.023249948395914544,0.023249948395914544,False,False,0.0,0.854576541617007,10.9
sim0012_ME,510,29.970149240246883,0,2sm,7.585196678220134,4.999999999999999,3.951136735360088,True,0.9974512888631513,5.378373704754485,1.0,1992.5583785352496,1993.1264825735793,1993.0443470499654,1993.1264825735793,1992.9622115263514,1993.1264825735793,1993.4749861044004,1993.4599935334943,1993.4749861044004,-0.34850353082106267,0.34850353082106267,False,False,0.0821355236139425,0.014992570906088076,10.9
sim0012_ME,510,29.970149240246883,0,2sm,7.585196678220134,4.999999999999999,3.951136735360088,True,0.9974512888631513,5.378373704754485,2.0,1992.5583785352496,1993.1264825735793,1993.0443470499654,1993.1264825735793,1992.9622115263514,1993.1264825735793,1993.4749861044004,1993.4599935334943,1993.4749861044004,-0.34850353082106267,0.34850353082106267,False,False,0.0821355236139425,0.014992570906088076,10.9
sim0012_ME,510,29.970149240246883,0,2sm,7.585196678220134,4.999999999999999,3.951136735360088,True,0.9974512888631513,5.378373704754485,3.0,1992.5583785352496,1993.1264825735793,1993.0443470499654,1993.1264825735793,1992.9622115263514,1993.1264825735793,1993.4749861044004,1993.4599935334943,1993.4749861044004,-0.34850353082106267,0.34850353082106267,False,False,0.0821355236139425,0.014992570906088076,10.9
sim0012_ME,510,29.970149240246883,0,2sm,7.585196678220134,4.999999999999999,3.951136735360088,True,0.9974512888631513,5.378373704754485,4.0,1992.5583785352496,1993.1264825735793,1993.0443470499654,1993.1264825735793,1992.9622115263514,1993.1264825735793,1993.4749861044004,1993.4599935334943,1993.4749861044004,-0.34850353082106267,0.34850353082106267,False,False,0.0821355236139425,0.014992570906088076,10.9
sim0012_ME,510,29.970149240246883,0,2sm,7.585196678220134,4.999999999999999,3.951136735360088,True,0.9974512888631513,5.378373704754485,5.0,1992.5583785352496,1993.1264825735793,1993.0443470499654,1993.1264825735793,1992.9622115263514,1993.1264825735793,1993.4749861044004,1993.4599935334943,1993.4749861044004,-0.34850353082106267,0.34850353082106267,False,False,0.0821355236139425,0.014992570906088076,10.9
sim0012_ME,510,29.970149240246883,0,2sm,7.585196678220134,4.999999999999999,3.951136735360088,True,0.9974512888631513,5.378373704754485,6.0,1992.5583785352496,1993.1264825735793,1993.0443470499654,1993.1264825735793,1992.9622115263514,1993.1264825735793,1993.4749861044004,1993.4599935334943,1993.4749861044004,-0.34850353082106267,0.34850353082106267,False,False,0.0821355236139425,0.014992570906088076,10.9
sim0012_ME,510,29.970149240246883,0,2sm,7.585196678220134,4.999999999999999,3.951136735360088,True,0.9974512888631513,5.378373704754485,7.0,1992.5583785352496,1993.1264825735793,1993.0443470499654,1993.1264825735793,1992.9622115263514,1993.1264825735793,1993.4749861044004,1993.4599935334943,1993.4749861044004,-0.34850353082106267,0.34850353082106267,False,False,0.0821355236139425,0.014992570906088076,10.9
sim0012_ME,510,29.970149240246883,0,2sm,7.585196678220134,4.999999999999999,3.951136735360088,True,0.9974512888631513,5.378373704754485,8.0,1992.5583785352496,1993.1264825735793,1993.0443470499654,1993.1264825735793,1992.9622115263514,1993.1264825735793,1993.4749861044004,1993.4599935334943,1993.4749861044004,-0.34850353082106267,0.34850353082106267,False,False,0.0821355236139425,0.014992570906088076,10.9
sim0012_ME,510,29.970149240246883,0,2sm,7.585196678220134,4.999999999999999,3.951136735360088,True,0.9974512888631513,5.378373704754485,9.0,1992.5583785352496,1993.1264825735793,1993.0443470499654,1993.1264825735793,1992.9622115263514,1993.1264825735793,1993.4749861044004,1993.4599935334943,1993.4749861044004,-0.34850353082106267,0.34850353082106267,False,False,0.0821355236139425,0.014992570906088076,10.9
sim0012_ME,510,29.970149240246883,0,2sm,7.585196678220134,4.999999999999999,3.951136735360088,True,0.9974512888631513,5.378373704754485,10.0,1992.5583785352496,1993.1264825735793,1993.0443470499654,1993.1264825735793,1992.9622115263514,1993.1264825735793,2001.8708258115232,2001.8708258115232,2001.8708258115232,-8.744343237943895,8.744343237943895,False,False,0.0821355236139425,0.0,10.9
sim0012_ME,510,29.970149240246883,0,2sm,7.585196678220134,4.999999999999999,3.951136735360088,True,0.9974512888631513,5.378373704754485,11.0,1992.5583785352496,1993.1264825735793,1993.0443470499654,1993.1264825735793,1992.9622115263514,1993.1264825735793,2001.8708258115232,2001.8708258115232,2001.8708258115232,-8.744343237943895,8.744343237943895,False,False,0.0821355236139425,0.0,10.9
sim0012_ME,510,29.970149240246883,0,2sm,7.585196678220134,4.999999999999999,3.951136735360088,True,0.9974512888631513,5.378373704754485,12.0,1992.5583785352496,1993.1264825735793,1993.0443470499654,1993.1264825735793,1992.9622115263514,1993.1264825735793,2001.8708258115232,2001.8708258115232,2001.8708258115232,-8.744343237943895,8.744343237943895,False,False,0.0821355236139425,0.0,10.9
sim0012_ME,510,29.970149240246883,0,2sm,7.585196678220134,4.999999999999999,3.951136735360088,True,0.9974512888631513,5.378373704754485,13.0,1992.5583785352496,1993.1264825735793,1993.0443470499654,1993.1264825735793,1992.9622115263514,1993.1264825735793,2001.8708258115232,2001.8708258115232,2001.8708258115232,-8.744343237943895,8.744343237943895,False,False,0.0821355236139425,0.0,10.9
sim0012_ME,510,29.970149240246883,0,2sm,7.585196678220134,4.999999999999999,3.951136735360088,True,0.9974512888631513,5.378373704754485,14.0,1992.5583785352496,1993.1264825735793,1993.0443470499654,1993.1264825735793,1992.9622115263514,1993.1264825735793,2001.8708258115232,2001.8708258115232,2001.8708258115232,-8.744343237943895,8.744343237943895,False,False,0.0821355236139425,0.0,10.9
sim0012_ME,510,29.970149240246883,0,2sm,7.585196678220134,4.999999999999999,3.951136735360088,True,0.9974512888631513,5.378373704754485,15.0,1992.5583785352496,1993.1264825735793,1993.0443470499654,1993.1264825735793,1992.9622115263514,1993.1264825735793,2001.8708258115232,2001.8708258115232,2001.8708258115232,-8.744343237943895,8.744343237943895,False,False,0.0821355236139425,0.0,10.9
sim0012_ME,510,29.970149240246883,0,2sm,7.585196678220134,4.999999999999999,3.951136735360088,True,0.9974512888631513,5.378373704754485,16.0,1992.5583785352496,1993.1264825735793,1993.0443470499654,1993.1264825735793,1992.9622115263514,1993.1264825735793,2001.8708258115232,2001.8708258115232,2001.8708258115232,-8.744343237943895,8.744343237943895,False,False,0.0821355236139425,0.0,10.9
sim0012_ME,510,29.970149240246883,0,2sm,7.585196678220134,4.999999999999999,3.951136735360088,True,0.9974512888631513,5.378373704754485,17.0,1992.5583785352496,1993.1264825735793,1993.0443470499654,1993.1264825735793,1992.9622115263514,1993.1264825735793,2001.8708258115232,2001.8708258115232,2001.8708258115232,-8.744343237943895,8.744343237943895,False,False,0.0821355236139425,0.0,10.9
sim0012_ME,510,29.970149240246883,0,2sm,7.585196678220134,4.999999999999999,3.951136735360088,True,0.9974512888631513,5.378373704754485,18.0,1992.5583785352496,1993.1264825735793,1993.0443470499654,1993.1264825735793,1992.9622115263514,1993.1264825735793,2001.8708258115232,2001.8708258115232,2010.2816580895508,-8.744343237943895,8.744343237943895,False,False,0.0821355236139425,8.410832278027556,10.9
sim0012_ME,510,29.970149240246883,0,2sm,7.585196678220134,4.999999999999999,3.951136735360088,True,0.9974512888631513,5.378373704754485,19.0,1992.5583785352496,1993.1264825735793,1993.0443470499654,1993.1264825735793,1992.9622115263514,1993.1264825735793,2001.8708258115232,2001.8708258115232,2010.2816580895508,-8.744343237943895,8.744343237943895,False,False,0.0821355236139425,8.410832278027556,10.9
sim0012_ME,510,29.970149240246883,0,2sm,7.585196678220134,4.999999999999999,3.951136735360088,True,0.9974512888631513,5.378373704754485,19.522388062970776,1992.5583785352496,1993.1264825735793,1993.0443470499654,1993.1264825735793,1992.9622115263514,1993.1264825735793,2001.8708258115232,2001.8708258115232,2010.2816580895508,-8.744343237943895,8.744343237943895,False,False,0.0821355236139425,8.410832278027556,10.9
sim0012_ME,510,29.970149240246883,1,2sm,7.639310266503497,4.999999999999999,3.9231485820989156,True,0.9975629686996914,5.1460959742850125,1.0,1997.0956919644077,1998.0950075017108,1998.0950075017108,1998.0950075017108,1998.0950075017108,1998.0950075017108,1997.1031882635493,1997.1031882635493,1997.1031882635493,0.9918192381614972,0.9918192381614972,False,False,0.0,0.0,10.9
sim0012_ME,510,29.970149240246883,1,2sm,7.639310266503497,4.999999999999999,3.9231485820989156,True,0.9975629686996914,5.1460959742850125,2.0,1997.0956919644077,1999.0806337850784,1999.0806337850784,1999.0806337850784,1999.0806337850784,1999.0806337850784,1997.1031882635493,1997.1031882635493,1997.1031882635493,1.9774455215290345,1.9774455215290345,False,False,0.0,0.0,10.9
sim0012_ME,510,29.970149240246883,1,2sm,7.639310266503497,4.999999999999999,3.9231485820989156,True,0.9975629686996914,5.1460959742850125,3.0,1997.0956919644077,2000.0936385763173,2000.0936385763173,2000.0936385763173,2000.0936385763173,2000.0936385763173,1997.1031882635493,1997.1031882635493,1997.1031882635493,2.990450312767962,2.990450312767962,False,False,0.0,0.0,10.9
sim0012_ME,510,29.970149240246883,1,2sm,7.639310266503497,4.999999999999999,3.9231485820989156,True,0.9975629686996914,5.1460959742850125,4.0,1997.0956919644077,2000.942372320328,2000.914993812457,2000.9697508281995,2000.914993812457,2000.9971293360709,2000.7163978517935,2000.7014052808886,2000.7463829936044,0.2259744685345595,0.2259744685345595,False,False,0.05475701574255254,0.04497771271576312,10.9
sim0012_ME,510,29.970149240246883,1,2sm,7.639310266503497,4.999999999999999,3.9231485820989156,True,0.9975629686996914,5.1460959742850125,5.0,1997.0956919644077,2000.942372320328,2000.914993812457,2000.9697508281995,2000.914993812457,2000.9971293360709,2000.7163978517935,2000.7014052808886,2000.7463829936044,0.2259744685345595,0.2259744685345595,False,False,0.05475701574255254,0.04497771271576312,10.9
sim0012_ME,510,29.970149240246883,1,2sm,7.639310266503497,4.999999999999999,3.9231485820989156,True,0.9975629686996914,5.1460959742850125,6.0,1997.0956919644077,2000.942372320328,2000.914993812457,2000.9697508281995,2000.914993812457,2000.9971293360709,2000.7163978517935,2000.7014052808886,2000.7463829936044,0.2259744685345595,0.2259744685345595,False,False,0.05475701574255254,0.04497771271576312,10.9
sim0012_ME,510,29.970149240246883,1,2sm,7.639310266503497,4.999999999999999,3.9231485820989156,True,0.9975629686996914,5.1460959742850125,7.0,1997.0956919644077,2000.942372320328,2000.914993812457,2000.9697508281995,2000.914993812457,2000.9971293360709,2000.7163978517935,2000.7014052808886,2000.7463829936044,0.2259744685345595,0.2259744685345595,False,False,0.05475701574255254,0.04497771271576312,10.9
sim0012_ME,510,29.970149240246883,1,2sm,7.639310266503497,4.999999999999999,3.9231485820989156,True,0.9975629686996914,5.1460959742850125,8.0,1997.0956919644077,2000.942372320328,2000.914993812457,2000.9697508281995,2000.914993812457,2000.9971293360709,2000.7163978517935,2000.7014052808886,2000.7463829936044,0.2259744685345595,0.2259744685345595,False,False,0.05475701574255254,0.04497771271576312,10.9
sim0012_ME,510,29.970149240246883,1,2sm,7.639310266503497,4.999999999999999,3.9231485820989156,True,0.9975629686996914,5.1460959742850125,9.0,1997.0956919644077,2000.942372320328,2000.914993812457,2000.9697508281995,2000.914993812457,2000.9971293360709,2000.7163978517935,2000.7014052808886,2000.7463829936044,0.2259744685345595,0.2259744685345595,False,False,0.05475701574255254,0.04497771271576312,10.9
sim0012_ME,510,29.970149240246883,1,2sm,7.639310266503497,4.999999999999999,3.9231485820989156,True,0.9975629686996914,5.1460959742850125,10.0,1997.0956919644077,2000.942372320328,2000.914993812457,2000.9697508281995,2000.914993812457,2000.9971293360709,2000.7163978517935,2000.7014052808886,2000.7463829936044,0.2259744685345595,0.2259744685345595,False,False,0.05475701574255254,0.04497771271576312,10.9
sim0012_ME,510,29.970149240246883,1,2sm,7.639310266503497,4.999999999999999,3.9231485820989156,True,0.9975629686996914,5.1460959742850125,11.0,1997.0956919644077,2000.942372320328,2000.914993812457,2000.9697508281995,2000.914993812457,2000.9971293360709,2000.7163978517935,2000.7014052808886,2000.7463829936044,0.2259744685345595,0.2259744685345595,False,False,0.05475701574255254,0.04497771271576312,10.9
sim0012_ME,510,29.970149240246883,1,2sm,7.639310266503497,4.999999999999999,3.9231485820989156,True,0.9975629686996914,5.1460959742850125,12.0,1997.0956919644077,2000.942372320328,2000.914993812457,2000.9697508281995,2000.914993812457,2000.9971293360709,2000.7313904226996,2000.7014052808886,2008.6324752899375,0.21098189762847142,0.21098189762847142,False,False,0.05475701574255254,7.931070009048881,10.9
sim0012_ME,510,29.970149240246883,1,2sm,7.639310266503497,4.999999999999999,3.9231485820989156,True,0.9975629686996914,5.1460959742850125,13.0,1997.0956919644077,2000.942372320328,2000.914993812457,2000.9697508281995,2000.914993812457,2000.9971293360709,2000.7313904226996,2000.7014052808886,2008.6324752899375,0.21098189762847142,0.21098189762847142,False,False,0.05475701574255254,7.931070009048881,10.9
sim0012_ME,510,29.970149240246883,1,2sm,7.639310266503497,4.999999999999999,3.9231485820989156,True,0.9975629686996914,5.1460959742850125,14.0,1997.0956919644077,2000.942372320328,2000.914993812457,2000.9697508281995,2000.914993812457,2000.9971293360709,2000.7313904226996,2000.7014052808886,2008.6324752899375,0.21098189762847142,0.21098189762847142,False,False,0.05475701574255254,7.931070009048881,10.9
sim0012_ME,510,29.970149240246883,1,2sm,7.639310266503497,4.999999999999999,3.9231485820989156,True,0.9975629686996914,5.1460959742850125,14.985074633812701,1997.0956919644077,2000.942372320328,2000.914993812457,2000.9697508281995,2000.914993812457,2000.9971293360709,2000.7313904226996,2000.7014052808886,2008.6324752899375,0.21098189762847142,0.21098189762847142,False,False,0.05475701574255254,7.931070009048881,10.9
sim0012_ME,510,29.970149240246883,2,2sm,7.751220273013018,4.999999999999999,3.866507231718371,True,0.9987082436817961,5.083789613271287,1.0,2001.3344979329222,2001.4097888295682,2001.4097888295682,2001.4097888295682,2001.4097888295682,2001.4097888295682,2001.3460858298272,2001.3460858298272,2001.4210486843554,0.06370299974105365,0.06370299974105365,False,False,0.0,0.07496285452816664,10.9
sim0012_ME,510,29.970149240246883,2,2sm,7.751220273013018,4.999999999999999,3.866507231718371,True,0.9987082436817961,5.083789613271287,2.0,2001.3344979329222,2001.4097888295682,2001.4097888295682,2001.4097888295682,2001.4097888295682,2001.4097888295682,2001.3460858298272,2001.3460858298272,2001.4210486843554,0.06370299974105365,0.06370299974105365,False,False,0.0,0.07496285452816664,10.9
sim0012_ME,510,29.970149240246883,2,2sm,7.751220273013018,4.999999999999999,3.866507231718371,True,0.9987082436817961,5.083789613271287,3.0,2001.3344979329222,2001.4097888295682,2001.4097888295682,2001.4097888295682,2001.4097888295682,2001.4097888295682,2001.3460858298272,2001.3460858298272,2001.4210486843554,0.06370299974105365,0.06370299974105365,False,False,0.0,0.07496285452816664,10.9
sim0012_ME,510,29.970149240246883,2,2sm,7.751220273013018,4.999999999999999,3.866507231718371,True,0.9987082436817961,5.083789613271287,4.0,2001.3344979329222,2001.4097888295682,2001.4097888295682,2001.4097888295682,2001.4097888295682,2001.4097888295682,2001.3460858298272,2001.3460858298272,2001.4210486843554,0.06370299974105365,0.06370299974105365,False,False,0.0,0.07496285452816664,10.9
sim0012_ME,510,29.970149240246883,2,2sm,7.751220273013018,4.999999999999999,3.866507231718371,True,0.9987082436817961,5.083789613271287,5.0,2001.3344979329222,2001.4097888295682,2001.4097888295682,2001.4097888295682,2001.4097888295682,2001.4097888295682,2001.3460858298272,2001.3460858298272,2001.4210486843554,0.06370299974105365,0.06370299974105365,False,False,0.0,0.07496285452816664,10.9
sim0012_ME,510,29.970149240246883,2,2sm,7.751220273013018,4.999999999999999,3.866507231718371,True,0.9987082436817961,5.083789613271287,6.0,2001.3344979329222,2001.4097888295682,2001.4097888295682,2001.4097888295682,2001.4097888295682,2001.4097888295682,2001.3460858298272,2001.3460858298272,2001.4210486843554,0.06370299974105365,0.06370299974105365,False,False,0.0,0.07496285452816664,10.9
sim0012_ME,510,29.970149240246883,2,2sm,7.751220273013018,4.999999999999999,3.866507231718371,True,0.9987082436817961,5.083789613271287,7.0,2001.3344979329222,2001.4097888295682,2001.4097888295682,2001.4097888295682,2001.4097888295682,2001.4097888295682,2001.3460858298272,2001.3460858298272,2001.4660263970725,0.06370299974105365,0.06370299974105365,False,False,0.0,0.119940567245294,10.9
sim0012_ME,510,29.970149240246883,2,2sm,7.751220273013018,4.999999999999999,3.866507231718371,True,0.9987082436817961,5.083789613271287,8.0,2001.3344979329222,2001.4097888295682,2001.4097888295682,2001.4097888295682,2001.4097888295682,2001.4097888295682,2008.8123861408048,2001.4660263970725,2008.857363853522,-7.402597311236605,7.402597311236605,False,False,0.0,7.391337456449492,10.9
sim0012_ME,510,29.970149240246883,2,2sm,7.751220273013018,4.999999999999999,3.866507231718371,True,0.9987082436817961,5.083789613271287,9.0,2001.3344979329222,2001.4097888295682,2001.4097888295682,2001.4097888295682,2001.4097888295682,2001.4097888295682,2008.8123861408048,2001.4660263970725,2008.857363853522,-7.402597311236605,7.402597311236605,False,False,0.0,7.391337456449492,10.9
sim0012_ME,510,29.970149240246883,2,2sm,7.751220273013018,4.999999999999999,3.866507231718371,True,0.9987082436817961,5.083789613271287,10.0,2001.3344979329222,2001.4097888295682,2001.4097888295682,2001.4097888295682,2001.4097888295682,2001.4097888295682,2008.8123861408048,2001.4660263970725,2008.857363853522,-7.402597311236605,7.402597311236605,False,False,0.0,7.391337456449492,10.9
sim0012_ME,510,29.970149240246883,2,2sm,7.751220273013018,4.999999999999999,3.866507231718371,True,0.9987082436817961,5.083789613271287,10.746268665298203,2001.3344979329222,2001.4097888295682,2001.4097888295682,2001.4097888295682,2001.4097888295682,2001.4097888295682,2008.8123861408048,2001.4660263970725,2008.857363853522,-7.402597311236605,7.402597311236605,False,False,0.0,7.391337456449492,10.9
sim0012_ME,510,29.970149240246883,3,2sm,7.743905446366549,4.999999999999999,3.8701595012770875,True,0.9999205700406223,4.8036403590789085,1.0,2006.0807665982204,2007.0800821355235,2007.0800821355235,2007.0800821355235,2007.0800821355235,2007.0800821355235,2007.0732479157584,2007.0732479157584,2007.0732479157584,0.00683421976509635,0.00683421976509635,False,False,0.0,0.0,10.9
sim0012_ME,510,29.970149240246883,3,2sm,7.743905446366549,4.999999999999999,3.8701595012770875,True,0.9999205700406223,4.8036403590789085,2.0,2006.0807665982204,2008.065708418891,2008.065708418891,2008.065708418891,2008.065708418891,2008.065708418891,2008.0777501664318,2008.0777501664318,2008.0777501664318,-0.012041747540706638,0.012041747540706638,False,False,0.0,0.0,10.9
sim0012_ME,510,29.970149240246883,3,2sm,7.743905446366549,4.999999999999999,3.8701595012770875,True,0.9999205700406223,4.8036403590789085,3.0,2006.0807665982204,2008.8323066392882,2008.8049281314168,2008.8870636550307,2008.7357973990418,2008.914442162902,2008.857363853522,2008.857363853522,2008.8723564244267,-0.025057214233811465,0.025057214233811465,True,True,0.0821355236139425,0.014992570904723834,10.9
sim0012_ME,510,29.970149240246883,3,2sm,7.743905446366549,4.999999999999999,3.8701595012770875,True,0.9999205700406223,4.8036403590789085,4.0,2006.0807665982204,2008.8323066392882,2008.8049281314168,2008.8870636550307,2008.7357973990418,2008.914442162902,2008.857363853522,2008.857363853522,2008.8723564244267,-0.025057214233811465,0.025057214233811465,True,True,0.0821355236139425,0.014992570904723834,10.9
sim0012_ME,510,29.970149240246883,3,2sm,7.743905446366549,4.999999999999999,3.8701595012770875,True,0.9999205700406223,4.8036403590789085,5.0,2006.0807665982204,2008.8323066392882,2008.8049281314168,2008.8870636550307,2008.7357973990418,2008.914442162902,2008.857363853522,2008.857363853522,2008.8723564244267,-0.025057214233811465,0.025057214233811465,True,True,0.0821355236139425,0.014992570904723834,10.9
sim0012_ME,510,29.970149240246883,3,2sm,7.743905446366549,4.999999999999999,3.8701595012770875,True,0.9999205700406223,4.8036403590789085,6.0,2006.0807665982204,2008.8323066392882,2008.8049281314168,2008.8870636550307,2008.7357973990418,2008.914442162902,2008.857363853522,2008.857363853522,2008.8723564244267,-0.025057214233811465,0.025057214233811465,True,True,0.0821355236139425,0.014992570904723834,10.9
sim0012_ME,510,29.970149240246883,3,2sm,7.743905446366549,4.999999999999999,3.8701595012770875,True,0.9999205700406223,4.8036403590789085,6.0,2006.0807665982204,2008.8323066392882,2008.8049281314168,2008.8870636550307,2008.7357973990418,2008.914442162902,2008.857363853522,2008.857363853522,2008.8723564244267,-0.025057214233811465,0.025057214233811465,True,True,0.0821355236139425,0.014992570904723834,10.9
sim0012_ME,510,29.970149240246883,4,3sml,7.800292810278685,4.999999999999999,3.84218259098611,True,0.9996304386747431,4.752423609317707,1.0,2010.319572566735,2010.394863463381,2010.394863463381,2010.394863463381,2010.394863463381,2010.394863463381,2010.326635802268,2010.326635802268,2010.326635802268,0.0682276611130419,0.0682276611130419,False,False,0.0,0.0,10.9
sim0012_ME,510,29.970149240246883,4,3sml,7.800292810278685,4.999999999999999,3.84218259098611,True,0.9996304386747431,4.752423609317707,1.761194031485502,2010.319572566735,2010.394863463381,2010.394863463381,2010.394863463381,2010.394863463381,2010.394863463381,2010.326635802268,2010.326635802268,2010.326635802268,0.0682276611130419,0.0682276611130419,False,False,0.0,0.0,10.9
sim0013_MM,510,29.970149240246883,0,2sm,5.389748840861158,4.999999999999999,5.5605836422348665,True,0.9993332168068961,1.3129939891159983,1.0,1997.0956919644077,1998.0950075017108,1998.0950075017108,1998.0950075017108,1998.0950075017108,1998.0950075017108,1998.092697943318,1998.092697943318,1998.092697943318,0.0023095583928807173,0.0023095583928807173,False,False,0.0,0.0,10.9
sim0013_MM,510,29.970149240246883,0,2sm,5.389748840861158,4.999999999999999,5.5605836422348665,True,0.9993332168068961,1.3129939891159983,2.0,1997.0956919644077,1999.0258767693358,1999.0258767693358,1999.053255277207,1998.9984982614644,1999.053255277207,1999.0222373394631,1999.0222373394631,1999.0372299103692,0.003639429872691835,0.003639429872691835,False,True,0.027378507871162583,0.014992570906088076,10.9
sim0013_MM,510,29.970149240246883,0,2sm,5.389748840861158,4.999999999999999,5.5605836422348665,True,0.9993332168068961,1.3129939891159983,3.0,1997.0956919644077,1999.0258767693358,1999.0258767693358,1999.053255277207,1998.9984982614644,1999.053255277207,1999.0222373394631,1999.0222373394631,1999.0372299103692,0.003639429872691835,0.003639429872691835,False,True,0.027378507871162583,0.014992570906088076,10.9
sim0013_MM,510,29.970149240246883,0,2sm,5.389748840861158,4.999999999999999,5.5605836422348665,True,0.9993332168068961,1.3129939891159983,4.0,1997.0956919644077,1999.0258767693358,1999.0258767693358,1999.053255277207,1998.9984982614644,1999.053255277207,1999.0222373394631,1999.0222373394631,1999.0372299103692,0.003639429872691835,0.003639429872691835,False,True,0.027378507871162583,0.014992570906088076,10.9
sim0013_MM,510,29.970149240246883,0,2sm,5.389748840861158,4.999999999999999,5.5605836422348665,True,0.9993332168068961,1.3129939891159983,5.0,1997.0956919644077,1999.0258767693358,1999.0258767693358,1999.053255277207,1998.9984982614644,1999.053255277207,1999.0222373394631,1999.0222373394631,1999.0372299103692,0.003639429872691835,0.003639429872691835,False,True,0.027378507871162583,0.014992570906088076,10.9
sim0013_MM,510,29.970149240246883,0,2sm,5.389748840861158,4.999999999999999,5.5605836422348665,True,0.9993332168068961,1.3129939891159983,6.0,1997.0956919644077,1999.0258767693358,1999.0258767693358,1999.053255277207,1998.9984982614644,1999.053255277207,1999.0222373394631,1999.0222373394631,1999.0372299103692,0.003639429872691835,0.003639429872691835,False,True,0.027378507871162583,0.014992570906088076,10.9
sim0013_MM,510,29.970149240246883,0,2sm,5.389748840861158,4.999999999999999,5.5605836422348665,True,0.9993332168068961,1.3129939891159983,7.0,1997.0956919644077,1999.0258767693358,1999.0258767693358,1999.053255277207,1998.9984982614644,1999.053255277207,1999.0222373394631,1999.0222373394631,1999.0372299103692,0.003639429872691835,0.003639429872691835,False,True,0.027378507871162583,0.014992570906088076,10.9
sim0013_MM,510,29.970149240246883,0,2sm,5.389748840861158,4.999999999999999,5.5605836422348665,True,0.9993332168068961,1.3129939891159983,8.0,1997.0956919644077,1999.0258767693358,1999.0258767693358,1999.053255277207,1998.9984982614644,1999.053255277207,2004.3296074400375,2004.3296074400375,2004.3296074400375,-5.303730670701725,5.303730670701725,False,False,0.027378507871162583,0.0,10.9
sim0013_MM,510,29.970149240246883,0,2sm,5.389748840861158,4.999999999999999,5.5605836422348665,True,0.9993332168068961,1.3129939891159983,9.0,1997.0956919644077,1999.0258767693358,1999.0258767693358,1999.053255277207,1998.9984982614644,1999.053255277207,2004.3296074400375,2004.3296074400375,2004.3296074400375,-5.303730670701725,5.303730670701725,False,False,0.027378507871162583,0.0,10.9
sim0013_MM,510,29.970149240246883,0,2sm,5.389748840861158,4.999999999999999,5.5605836422348665,True,0.9993332168068961,1.3129939891159983,10.0,1997.0956919644077,1999.0258767693358,1999.0258767693358,1999.053255277207,1998.9984982614644,1999.053255277207,2004.3296074400375,2004.3296074400375,2004.3296074400375,-5.303730670701725,5.303730670701725,False,False,0.027378507871162583,0.0,10.9
sim0013_MM,510,29.970149240246883,0,2sm,5.389748840861158,4.999999999999999,5.5605836422348665,True,0.9993332168068961,1.3129939891159983,11.0,1997.0956919644077,1999.0258767693358,1999.0258767693358,1999.053255277207,1998.9984982614644,1999.053255277207,2004.3296074400375,2004.3296074400375,2004.3296074400375,-5.303730670701725,5.303730670701725,False,False,0.027378507871162583,0.0,10.9
sim0013_MM,510,29.970149240246883,0,2sm,5.389748840861158,4.999999999999999,5.5605836422348665,True,0.9993332168068961,1.3129939891159983,12.0,1997.0956919644077,1999.0258767693358,1999.0258767693358,1999.053255277207,1998.9984982614644,1999.053255277207,2004.3296074400375,2004.3296074400375,2004.3296074400375,-5.303730670701725,5.303730670701725,False,False,0.027378507871162583,0.0,10.9
sim0013_MM,510,29.970149240246883,0,2sm,5.389748840861158,4.999999999999999,5.5605836422348665,True,0.9993332168068961,1.3129939891159983,13.0,1997.0956919644077,1999.0258767693358,1999.0258767693358,1999.053255277207,1998.9984982614644,1999.053255277207,2004.3296074400375,2004.3296074400375,2004.3296074400375,-5.303730670701725,5.303730670701725,False,False,0.027378507871162583,0.0,10.9
sim0013_MM,510,29.970149240246883,0,2sm,5.389748840861158,4.999999999999999,5.5605836422348665,True,0.9993332168068961,1.3129939891159983,14.0,1997.0956919644077,1999.0258767693358,1999.0258767693358,1999.053255277207,1998.9984982614644,1999.053255277207,2004.3296074400375,2004.3296074400375,2004.3296074400375,-5.303730670701725,5.303730670701725,False,False,0.027378507871162583,0.0,10.9
sim0013_MM,510,29.970149240246883,0,2sm,5.389748840861158,4.999999999999999,5.5605836422348665,True,0.9993332168068961,1.3129939891159983,14.985074633812701,1997.0956919644077,1999.0258767693358,1999.0258767693358,1999.053255277207,1998.9984982614644,1999.053255277207,2004.3296074400375,2004.3296074400375,2004.3296074400375,-5.303730670701725,5.303730670701725,False,False,0.027378507871162583,0.0,10.9
sim0013_MM,510,29.970149240246883,1,3sml,5.364956154351605,4.999999999999999,5.586280368002187,True,0.9992523088122426,1.1178896373759855,1.0,2001.3344979329222,2002.3338134702253,2002.3338134702253,2002.3338134702253,2002.3338134702253,2002.3338134702253,2002.3206029386909,2001.3460858298272,2002.3206029386909,0.013210531534468828,0.013210531534468828,False,False,0.0,0.9745171088636653,10.9
sim0013_MM,510,29.970149240246883,1,3sml,5.364956154351605,4.999999999999999,5.586280368002187,True,0.9992523088122426,1.1178896373759855,2.0,2001.3344979329222,2003.3194397535929,2003.3194397535929,2003.3194397535929,2003.3194397535929,2003.3194397535929,2003.3251051893642,2002.8003652076684,2003.3251051893642,-0.00566543577133416,0.00566543577133416,False,False,0.0,0.5247399816958023,10.9
sim0013_MM,510,29.970149240246883,1,3sml,5.364956154351605,4.999999999999999,5.586280368002187,True,0.9992523088122426,1.1178896373759855,3.0,2001.3344979329222,2004.3050660369604,2004.3050660369604,2004.3050660369604,2004.2776875290892,2004.3324445448318,2004.3296074400375,2004.3146148691314,2004.3296074400375,-0.024541403077137147,0.024541403077137147,False,True,0.0,0.014992570906088076,10.9
sim0013_MM,510,29.970149240246883,1,3sml,5.364956154351605,4.999999999999999,5.586280368002187,True,0.9992523088122426,1.1178896373759855,4.0,2001.3344979329222,2004.3050660369604,2004.3050660369604,2004.3050660369604,2004.2776875290892,2004.3324445448318,2004.3296074400375,2004.3146148691314,2004.3619913931936,-0.024541403077137147,0.024541403077137147,False,True,0.0,0.0473765240622015,10.9
sim0013_MM,510,29.970149240246883,1,3sml,5.364956154351605,4.999999999999999,5.586280368002187,True,0.9992523088122426,1.1178896373759855,5.0,2001.3344979329222,2004.3050660369604,2004.3050660369604,2004.3050660369604,2004.2776875290892,2004.3324445448318,2004.3296074400375,2004.3146148691314,2004.3619913931936,-0.024541403077137147,0.024541403077137147,False,True,0.0,0.0473765240622015,10.9
sim0013_MM,510,29.970149240246883,1,3sml,5.364956154351605,4.999999999999999,5.586280368002187,True,0.9992523088122426,1.1178896373759855,6.0,2001.3344979329222,2004.3050660369604,2004.3050660369604,2004.3050660369604,2004.2776875290892,2004.3324445448318,2004.3296074400375,2004.3146148691314,2004.3619913931936,-0.024541403077137147,0.024541403077137147,False,True,0.0,0.0473765240622015,10.9
sim0013_MM,510,29.970149240246883,1,3sml,5.364956154351605,4.999999999999999,5.586280368002187,True,0.9992523088122426,1.1178896373759855,7.0,2001.3344979329222,2004.3050660369604,2004.3050660369604,2004.3050660369604,2004.2776875290892,2004.3324445448318,2004.3296074400375,2004.3146148691314,2004.3619913931936,-0.024541403077137147,0.024541403077137147,False,True,0.0,0.0473765240622015,10.9
sim0013_MM,510,29.970149240246883,1,3sml,5.364956154351605,4.999999999999999,5.586280368002187,True,0.9992523088122426,1.1178896373759855,8.0,2001.3344979329222,2004.3050660369604,2004.3050660369604,2004.3050660369604,2004.2776875290892,2004.3324445448318,2004.3296074400375,2004.3146148691314,2004.3619913931936,-0.024541403077137147,0.024541403077137147,False,True,0.0,0.0473765240622015,10.9
sim0013_MM,510,29.970149240246883,1,3sml,5.364956154351605,4.999999999999999,5.586280368002187,True,0.9992523088122426,1.1178896373759855,9.0,2001.3344979329222,2004.3050660369604,2004.3050660369604,2004.3050660369604,2004.2776875290892,2004.3324445448318,2004.4195628654707,2004.3296074400375,2009.696947824234,-0.114496828510255,0.114496828510255,False,False,0.0,5.3673403841964955,10.9
sim0013_MM,510,29.970149240246883,1,3sml,5.364956154351605,4.999999999999999,5.586280368002187,True,0.9992523088122426,1.1178896373759855,10.0,2001.3344979329222,2004.3050660369604,2004.3050660369604,2004.3050660369604,2004.2776875290892,2004.3324445448318,2004.4195628654707,2004.3296074400375,2009.696947824234,-0.114496828510255,0.114496828510255,False,False,0.0,5.3673403841964955,10.9
sim0013_MM,510,29.970149240246883,1,3sml,5.364956154351605,4.999999999999999,5.586280368002187,True,0.9992523088122426,1.1178896373759855,10.746268665298203,2001.3344979329222,2004.3050660369604,2004.3050660369604,2004.3050660369604,2004.2776875290892,2004.3324445448318,2004.4195628654707,2004.3296074400375,2009.696947824234,-0.114496828510255,0.114496828510255,False,False,0.0,5.3673403841964955,10.9
sim0013_MM,510,29.970149240246883,2,3sml,5.352543832124415,4.999999999999999,5.599234715346887,True,0.998323484311406,1.1659632062136607,1.0,2006.0807665982204,2006.1560574948664,2006.1560574948664,2006.1560574948664,2006.1560574948664,2006.1560574948664,2006.08373823599,2006.08373823599,2006.08373823599,0.072319258876405,0.072319258876405,False,False,0.0,0.0,10.9
sim0013_MM,510,29.970149240246883,2,3sml,5.352543832124415,4.999999999999999,5.599234715346887,True,0.998323484311406,1.1659632062136607,2.0,2006.0807665982204,2008.065708418891,2008.065708418891,2008.065708418891,2008.065708418891,2008.065708418891,2008.0777501664318,2008.0777501664318,2008.0777501664318,-0.012041747540706638,0.012041747540706638,False,False,0.0,0.0,10.9
sim0013_MM,510,29.970149240246883,2,3sml,5.352543832124415,4.999999999999999,5.599234715346887,True,0.998323484311406,1.1659632062136607,3.0,2006.0807665982204,2009.07871321013,2009.07871321013,2009.07871321013,2009.07871321013,2009.07871321013,2009.067259846199,2009.067259846199,2009.067259846199,0.011453363930968408,0.011453363930968408,False,False,0.0,0.0,10.9
sim0013_MM,510,29.970149240246883,2,3sml,5.352543832124415,4.999999999999999,5.599234715346887,True,0.998323484311406,1.1659632062136607,4.0,2006.0807665982204,2009.7084188911704,2009.681040383299,2009.7084188911704,2009.6536618754278,2009.7357973990418,2009.681955253328,2009.681955253328,2009.681955253328,0.02646363784242567,0.02646363784242567,True,True,0.027378507871389957,0.0,10.9
sim0013_MM,510,29.970149240246883,2,3sml,5.352543832124415,4.999999999999999,5.599234715346887,True,0.998323484311406,1.1659632062136607,5.0,2006.0807665982204,2009.7084188911704,2009.681040383299,2009.7084188911704,2009.6536618754278,2009.7357973990418,2009.681955253328,2009.681955253328,2009.681955253328,0.02646363784242567,0.02646363784242567,True,True,0.027378507871389957,0.0,10.9
sim0013_MM,510,29.970149240246883,2,3sml,5.352543832124415,4.999999999999999,5.599234715346887,True,0.998323484311406,1.1659632062136607,6.0,2006.0807665982204,2009.7084188911704,2009.681040383299,2009.7084188911704,2009.6536618754278,2009.7357973990418,2009.681955253328,2009.681955253328,2009.681955253328,0.02646363784242567,0.02646363784242567,True,True,0.027378507871389957,0.0,10.9
sim0013_MM,510,29.970149240246883,2,3sml,5.352543832124415,4.999999999999999,5.599234715346887,True,0.998323484311406,1.1659632062136607,6.0,2006.0807665982204,2009.7084188911704,2009.681040383299,2009.7084188911704,2009.6536618754278,2009.7357973990418,2009.681955253328,2009.681955253328,2009.681955253328,0.02646363784242567,0.02646363784242567,True,True,0.027378507871389957,0.0,10.9
sim0013_MM,510,29.970149240246883,3,2sm,5.357885151423241,4.999999999999999,5.593652792704183,True,0.999932798362344,1.2172869494788188,1.0,2010.319572566735,2010.394863463381,2010.394863463381,2010.394863463381,2010.394863463381,2010.394863463381,2010.326635802268,2010.326635802268,2010.326635802268,0.0682276611130419,0.0682276611130419,False,False,0.0,0.0,10.9
sim0013_MM,510,29.970149240246883,3,2sm,5.357885151423241,4.999999999999999,5.593652792704183,True,0.999932798362344,1.2172869494788188,1.761194031485502,2010.319572566735,2010.394863463381,2010.394863463381,2010.394863463381,2010.394863463381,2010.394863463381,2010.326635802268,2010.326635802268,2010.326635802268,0.0682276611130419,0.0682276611130419,False,False,0.0,0.0,10.9
sim0014_ME,510,29.970149240246883,0,2sm,7.5449145396112,4.999999999999999,3.9722317705392176,True,0.9853454445650156,0.8781016732319165,1.0,1997.0956919644077,1998.0950075017108,1997.1709828610537,1998.0950075017108,1997.1709828610537,1998.0950075017108,1997.1031882635493,1997.1031882635493,1997.1031882635493,0.9918192381614972,0.9918192381614972,False,False,0.9240246406570805,0.0,10.9
sim0014_ME,510,29.970149240246883,0,2sm,7.5449145396112,4.999999999999999,3.9722317705392176,True,0.9853454445650156,0.8781016732319165,2.0,1997.0956919644077,1999.0806337850784,1999.0806337850784,1999.0806337850784,1999.0806337850784,1999.0806337850784,1999.0822076230863,1999.0822076230863,1999.0822076230863,-0.0015738380079710623,0.0015738380079710623,False,False,0.0,0.0,10.9
sim0014_ME,510,29.970149240246883,0,2sm,7.5449145396112,4.999999999999999,3.9722317705392176,True,0.9853454445650156,0.8781016732319165,3.0,1997.0956919644077,2000.0936385763173,2000.0936385763173,2000.0936385763173,2000.0936385763173,2000.0936385763173,2000.0867098737597,2000.0867098737597,2000.0867098737597,0.006928702557615907,0.006928702557615907,False,False,0.0,0.0,10.9
sim0014_ME,510,29.970149240246883,0,2sm,7.5449145396112,4.999999999999999,3.9722317705392176,True,0.9853454445650156,0.8781016732319165,4.0,1997.0956919644077,2001.0792648596848,2001.0792648596848,2001.0792648596848,2001.0792648596848,2001.0792648596848,2001.091212124433,2001.091212124433,2001.091212124433,-0.01194726474818708,0.01194726474818708,False,False,0.0,0.0,10.9
sim0014_ME,510,29.970149240246883,0,2sm,7.5449145396112,4.999999999999999,3.9722317705392176,True,0.9853454445650156,0.8781016732319165,5.0,1997.0956919644077,2001.4078069541406,2001.3804284462692,2001.4625639698834,2001.3804284462692,2001.517320985626,2001.6009595352227,2001.6009595352227,2001.6159521061277,-0.1931525810821313,0.1931525810821313,False,False,0.08213552361416987,0.014992570904951208,10.9
sim0014_ME,510,29.970149240246883,0,2sm,7.5449145396112,4.999999999999999,3.9722317705392176,True,0.9853454445650156,0.8781016732319165,6.0,1997.0956919644077,2001.4078069541406,2001.3804284462692,2001.4625639698834,2001.3804284462692,2001.517320985626,2001.6009595352227,2001.6009595352227,2001.6159521061277,-0.1931525810821313,0.1931525810821313,False,False,0.08213552361416987,0.014992570904951208,10.9
sim0014_ME,510,29.970149240246883,0,2sm,7.5449145396112,4.999999999999999,3.9722317705392176,True,0.9853454445650156,0.8781016732319165,7.0,1997.0956919644077,2001.4078069541406,2001.3804284462692,2001.4625639698834,2001.3804284462692,2001.517320985626,2001.6009595352227,2001.6009595352227,2001.6159521061277,-0.1931525810821313,0.1931525810821313,False,False,0.08213552361416987,0.014992570904951208,10.9
sim0014_ME,510,29.970149240246883,0,2sm,7.5449145396112,4.999999999999999,3.9722317705392176,True,0.9853454445650156,0.8781016732319165,8.0,1997.0956919644077,2001.4078069541406,2001.3804284462692,2001.4625639698834,2001.3804284462692,2001.517320985626,2001.6009595352227,2001.6009595352227,2001.6159521061277,-0.1931525810821313,0.1931525810821313,False,False,0.08213552361416987,0.014992570904951208,10.9
sim0014_ME,510,29.970149240246883,0,2sm,7.5449145396112,4.999999999999999,3.9722317705392176,True,0.9853454445650156,0.8781016732319165,9.0,1997.0956919644077,2001.4078069541406,2001.3804284462692,2001.4625639698834,2001.3804284462692,2001.517320985626,2001.6009595352227,2001.6009595352227,2001.6159521061277,-0.1931525810821313,0.1931525810821313,False,False,0.08213552361416987,0.014992570904951208,10.9
sim0014_ME,510,29.970149240246883,0,2sm,7.5449145396112,4.999999999999999,3.9722317705392176,True,0.9853454445650156,0.8781016732319165,10.0,1997.0956919644077,2001.4078069541406,2001.3804284462692,2001.4625639698834,2001.3804284462692,2001.517320985626,2001.6009595352227,2001.6009595352227,2001.6159521061277,-0.1931525810821313,0.1931525810821313,False,False,0.08213552361416987,0.014992570904951208,10.9
sim0014_ME,510,29.970149240246883,0,2sm,7.5449145396112,4.999999999999999,3.9722317705392176,True,0.9853454445650156,0.8781016732319165,11.0,1997.0956919644077,2001.4078069541406,2001.3804284462692,2001.4625639698834,2001.3804284462692,2001.517320985626,2001.6009595352227,2001.6009595352227,2001.6159521061277,-0.1931525810821313,0.1931525810821313,False,False,0.08213552361416987,0.014992570904951208,10.9
sim0014_ME,510,29.970149240246883,0,2sm,7.5449145396112,4.999999999999999,3.9722317705392176,True,0.9853454445650156,0.8781016732319165,12.0,1997.0956919644077,2001.4078069541406,2001.3804284462692,2001.4625639698834,2001.3804284462692,2001.517320985626,2008.8723564244267,2008.8723564244267,2008.8723564244267,-7.4645494702861015,7.4645494702861015,False,False,0.08213552361416987,0.0,10.9
sim0014_ME,510,29.970149240246883,0,2sm,7.5449145396112,4.999999999999999,3.9722317705392176,True,0.9853454445650156,0.8781016732319165,13.0,1997.0956919644077,2001.4078069541406,2001.3804284462692,2001.4625639698834,2001.3804284462692,2001.517320985626,2008.8723564244267,2008.8723564244267,2008.8723564244267,-7.4645494702861015,7.4645494702861015,False,False,0.08213552361416987,0.0,10.9
sim0014_ME,510,29.970149240246883,0,2sm,7.5449145396112,4.999999999999999,3.9722317705392176,True,0.9853454445650156,0.8781016732319165,14.0,1997.0956919644077,2001.4078069541406,2001.3804284462692,2001.4625639698834,2001.3804284462692,2001.517320985626,2008.8723564244267,2008.8723564244267,2008.8723564244267,-7.4645494702861015,7.4645494702861015,False,False,0.08213552361416987,0.0,10.9
sim0014_ME,510,29.970149240246883,0,2sm,7.5449145396112,4.999999999999999,3.9722317705392176,True,0.9853454445650156,0.8781016732319165,14.985074633812701,1997.0956919644077,2001.4078069541406,2001.3804284462692,2001.4625639698834,2001.3804284462692,2001.517320985626,2008.8723564244267,2008.8723564244267,2008.8723564244267,-7.4645494702861015,7.4645494702861015,False,False,0.08213552361416987,0.0,10.9
sim0014_ME,510,29.970149240246883,1,3sml,7.512180055267624,4.999999999999999,3.9895408549521494,True,0.9985461176298805,0.8127747743520785,1.0,2001.3344979329222,2001.4097888295682,2001.4097888295682,2001.4097888295682,2001.4097888295682,2001.4097888295682,2001.4660263970725,2001.4360412552614,2001.4660263970725,-0.05623756750424036,0.05623756750424036,False,False,0.0,0.029985141811039284,10.9
sim0014_ME,510,29.970149240246883,1,3sml,7.512180055267624,4.999999999999999,3.9895408549521494,True,0.9985461176298805,0.8127747743520785,2.0,2001.3344979329222,2001.4097888295682,2001.4097888295682,2001.4097888295682,2001.4097888295682,2001.4097888295682,2001.4660263970725,2001.4360412552614,2001.4660263970725,-0.05623756750424036,0.05623756750424036,False,False,0.0,0.029985141811039284,10.9
sim0014_ME,510,29.970149240246883,1,3sml,7.512180055267624,4.999999999999999,3.9895408549521494,True,0.9985461176298805,0.8127747743520785,3.0,2001.3344979329222,2001.4097888295682,2001.4097888295682,2001.4097888295682,2001.4097888295682,2001.4097888295682,2001.4660263970725,2001.4360412552614,2001.4660263970725,-0.05623756750424036,0.05623756750424036,False,False,0.0,0.029985141811039284,10.9
sim0014_ME,510,29.970149240246883,1,3sml,7.512180055267624,4.999999999999999,3.9895408549521494,True,0.9985461176298805,0.8127747743520785,4.0,2001.3344979329222,2001.4097888295682,2001.4097888295682,2001.4097888295682,2001.4097888295682,2001.4097888295682,2001.4660263970725,2001.4360412552614,2001.4660263970725,-0.05623756750424036,0.05623756750424036,False,False,0.0,0.029985141811039284,10.9
sim0014_ME,510,29.970149240246883,1,3sml,7.512180055267624,4.999999999999999,3.9895408549521494,True,0.9985461176298805,0.8127747743520785,5.0,2001.3344979329222,2001.4097888295682,2001.4097888295682,2001.4097888295682,2001.4097888295682,2001.4097888295682,2001.4660263970725,2001.4360412552614,2001.4660263970725,-0.05623756750424036,0.05623756750424036,False,False,0.0,0.029985141811039284,10.9
sim0014_ME,510,29.970149240246883,1,3sml,7.512180055267624,4.999999999999999,3.9895408549521494,True,0.9985461176298805,0.8127747743520785,6.0,2001.3344979329222,2001.4097888295682,2001.4097888295682,2001.4097888295682,2001.4097888295682,2001.4097888295682,2001.4660263970725,2001.4360412552614,2001.4660263970725,-0.05623756750424036,0.05623756750424036,False,False,0.0,0.029985141811039284,10.9
sim0014_ME,510,29.970149240246883,1,3sml,7.512180055267624,4.999999999999999,3.9895408549521494,True,0.9985461176298805,0.8127747743520785,7.0,2001.3344979329222,2001.4097888295682,2001.4097888295682,2001.4097888295682,2001.4097888295682,2001.4097888295682,2001.4660263970725,2001.4360412552614,2001.4660263970725,-0.05623756750424036,0.05623756750424036,False,False,0.0,0.029985141811039284,10.9
sim0014_ME,510,29.970149240246883,1,3sml,7.512180055267624,4.999999999999999,3.9895408549521494,True,0.9985461176298805,0.8127747743520785,8.0,2001.3344979329222,2001.4097888295682,2001.4097888295682,2001.4097888295682,2001.4097888295682,2001.4097888295682,2008.8423712826159,2001.4660263970725,2008.8723564244267,-7.432582453047644,7.432582453047644,False,False,0.0,7.406330027354215,10.9
sim0014_ME,510,29.970149240246883,1,3sml,7.512180055267624,4.999999999999999,3.9895408549521494,True,0.9985461176298805,0.8127747743520785,9.0,2001.3344979329222,2001.4097888295682,2001.4097888295682,2001.4097888295682,2001.4097888295682,2001.4097888295682,2008.8423712826159,2001.4660263970725,2008.8723564244267,-7.432582453047644,7.432582453047644,False,False,0.0,7.406330027354215,10.9
sim0014_ME,510,29.970149240246883,1,3sml,7.512180055267624,4.999999999999999,3.9895408549521494,True,0.9985461176298805,0.8127747743520785,10.0,2001.3344979329222,2001.4097888295682,2001.4097888295682,2001.4097888295682,2001.4097888295682,2001.4097888295682,2008.8423712826159,2001.4660263970725,2008.8723564244267,-7.432582453047644,7.432582453047644,False,False,0.0,7.406330027354215,10.9
sim0014_ME,510,29.970149240246883,1,3sml,7.512180055267624,4.999999999999999,3.9895408549521494,True,0.9985461176298805,0.8127747743520785,10.746268665298203,2001.3344979329222,2001.4097888295682,2001.4097888295682,2001.4097888295682,2001.4097888295682,2001.4097888295682,2008.8423712826159,2001.4660263970725,2008.8723564244267,-7.432582453047644,7.432582453047644,False,False,0.0,7.406330027354215,10.9
sim0014_ME,510,29.970149240246883,2,3sml,7.512178725189041,4.999999999999999,3.989541561325499,True,0.999555892655559,0.840068787903779,1.0,2006.0807665982204,2007.0800821355235,2007.0800821355235,2007.0800821355235,2007.0800821355235,2007.0800821355235,2007.0732479157584,2007.0732479157584,2007.0732479157584,0.00683421976509635,0.00683421976509635,False,False,0.0,0.0,10.9
sim0014_ME,510,29.970149240246883,2,3sml,7.512178725189041,4.999999999999999,3.989541561325499,True,0.999555892655559,0.840068787903779,2.0,2006.0807665982204,2008.065708418891,2008.065708418891,2008.065708418891,2008.065708418891,2008.065708418891,2008.0777501664318,2008.0777501664318,2008.0777501664318,-0.012041747540706638,0.012041747540706638,False,False,0.0,0.0,10.9
sim0014_ME,510,29.970149240246883,2,3sml,7.512178725189041,4.999999999999999,3.989541561325499,True,0.999555892655559,0.840068787903779,3.0,2006.0807665982204,2008.7775496235454,2008.7227926078028,2008.7775496235454,2008.6954140999314,2008.8049281314168,2008.9323267080488,2008.9323267080488,2008.9323267080488,-0.15477708450339378,0.15477708450339378,False,False,0.05475701574255254,0.0,10.9
sim0014_ME,510,29.970149240246883,2,3sml,7.512178725189041,4.999999999999999,3.989541561325499,True,0.999555892655559,0.840068787903779,4.0,2006.0807665982204,2008.7775496235454,2008.7227926078028,2008.7775496235454,2008.6954140999314,2008.8049281314168,2008.9323267080488,2008.9323267080488,2008.9323267080488,-0.15477708450339378,0.15477708450339378,False,False,0.05475701574255254,0.0,10.9
sim0014_ME,510,29.970149240246883,2,3sml,7.512178725189041,4.999999999999999,3.989541561325499,True,0.999555892655559,0.840068787903779,5.0,2006.0807665982204,2008.7775496235454,2008.7227926078028,2008.7775496235454,2008.6954140999314,2008.8049281314168,2008.9323267080488,2008.9323267080488,2008.9323267080488,-0.15477708450339378,0.15477708450339378,False,False,0.05475701574255254,0.0,10.9
sim0014_ME,510,29.970149240246883,2,3sml,7.512178725189041,4.999999999999999,3.989541561325499,True,0.999555892655559,0.840068787903779,6.0,2006.0807665982204,2008.7775496235454,2008.7227926078028,2008.7775496235454,2008.6954140999314,2008.8049281314168,2008.9323267080488,2008.9323267080488,2008.9323267080488,-0.15477708450339378,0.15477708450339378,False,False,0.05475701574255254,0.0,10.9
sim0014_ME,510,29.970149240246883,2,3sml,7.512178725189041,4.999999999999999,3.989541561325499,True,0.999555892655559,0.840068787903779,6.0,2006.0807665982204,2008.7775496235454,2008.7227926078028,2008.7775496235454,2008.6954140999314,2008.8049281314168,2008.9323267080488,2008.9323267080488,2008.9323267080488,-0.15477708450339378,0.15477708450339378,False,False,0.05475701574255254,0.0,10.9
sim0014_ME,510,29.970149240246883,3,2sm,7.532144915442668,4.999999999999999,3.9789660948770424,True,0.9999489200283712,0.7664820317543638,1.0,2010.319572566735,2010.394863463381,2010.394863463381,2010.394863463381,2010.394863463381,2010.394863463381,2010.326635802268,2010.326635802268,2010.326635802268,0.0682276611130419,0.0682276611130419,False,False,0.0,0.0,10.9
sim0014_ME,510,29.970149240246883,3,2sm,7.532144915442668,4.999999999999999,3.9789660948770424,True,0.9999489200283712,0.7664820317543638,1.761194031485502,2010.319572566735,2010.394863463381,2010.394863463381,2010.394863463381,2010.394863463381,2010.394863463381,2010.326635802268,2010.326635802268,2010.326635802268,0.0682276611130419,0.0682276611130419,False,False,0.0,0.0,10.9
