star,n_obs,span_years,split_idx,best_combo,rho_mid_years,Q_mid,n_cycles_obs,is_const,aleatoric_frac_at_t0,valid_metric_value,lookahead_years,t0_year,gpr_med,gpr_lb68,gpr_ub68,gpr_lb95,gpr_ub95,truth_med,truth_lb,truth_ub,error,abs_error,in_68,in_95,gpr_width_68,truth_width,sampling_rate_days
sim0000_ME,260,29.94296577686555,0,3sml,3.097878165639972,4.581697582103424,9.665636986301497,True,0.9977072507207487,36.92640560166739,1.0,2001.4153673648184,2001.5727937850784,2001.5727937850784,2001.5727937850784,2001.5727937850784,2001.5727937850784,2002.4043504442154,2002.4043504442154,2002.4043504442154,-0.8315566591370498,0.8315566591370498,False,False,0.0,0.0,20.8
sim0000_ME,260,29.94296577686555,0,3sml,3.097878165639972,4.581697582103424,9.665636986301497,True,0.9977072507207487,36.92640560166739,2.0,2001.4153673648184,2001.5727937850784,2001.5727937850784,2001.5727937850784,2001.5727937850784,2001.5727937850784,2002.6589929745846,2002.6140560574604,2002.6739719469585,-1.0861991895062602,1.0861991895062602,False,False,0.0,0.05991588949814286,20.8
sim0000_ME,260,29.94296577686555,0,3sml,3.097878165639972,4.581697582103424,9.665636986301497,True,0.9977072507207487,36.92640560166739,3.0,2001.4153673648184,2001.5727937850784,2001.5727937850784,2001.5727937850784,2001.5727937850784,2001.5727937850784,2002.6589929745846,2002.6140560574604,2002.6739719469585,-1.0861991895062602,1.0861991895062602,False,False,0.0,0.05991588949814286,20.8
sim0000_ME,260,29.94296577686555,0,3sml,3.097878165639972,4.581697582103424,9.665636986301497,True,0.9977072507207487,36.92640560166739,4.0,2001.4153673648184,2001.5727937850784,2001.5727937850784,2001.5727937850784,2001.5727937850784,2001.5727937850784,2005.0256706097741,2005.0106916374002,2005.0406495821492,-3.4528768246957497,3.4528768246957497,False,False,0.0,0.029957944748957743,20.8
sim0000_ME,260,29.94296577686555,0,3sml,3.097878165639972,4.581697582103424,9.665636986301497,True,0.9977072507207487,36.92640560166739,5.0,2001.4153673648184,2001.5727937850784,2001.5727937850784,2001.5727937850784,2001.5727937850784,2001.5727937850784,2005.0256706097741,2005.0106916374002,2005.0406495821492,-3.4528768246957497,3.4528768246957497,False,False,0.0,0.029957944748957743,20.8
sim0000_ME,260,29.94296577686555,0,3sml,3.097878165639972,4.581697582103424,9.665636986301497,True,0.9977072507207487,36.92640560166739,6.0,2001.4153673648184,2001.5727937850784,2001.5727937850784,2001.5727937850784,2001.5727937850784,2001.5727937850784,2005.0256706097741,2005.0106916374002,2005.0406495821492,-3.4528768246957497,3.4528768246957497,False,False,0.0,0.029957944748957743,20.8
sim0000_ME,260,29.94296577686555,0,3sml,3.097878165639972,4.581697582103424,9.665636986301497,True,0.9977072507207487,36.92640560166739,7.0,2001.4153673648184,2001.5727937850784,2001.5727937850784,2001.5727937850784,2001.5727937850784,2001.5727937850784,2005.0256706097741,2005.0106916374002,2005.0406495821492,-3.4528768246957497,3.4528768246957497,False,False,0.0,0.029957944748957743,20.8
sim0000_ME,260,29.94296577686555,0,3sml,3.097878165639972,4.581697582103424,9.665636986301497,True,0.9977072507207487,36.92640560166739,8.0,2001.4153673648184,2001.5727937850784,2001.5727937850784,2001.5727937850784,2001.5727937850784,2001.5727937850784,2005.0256706097741,2005.0106916374002,2005.0406495821492,-3.4528768246957497,3.4528768246957497,False,False,0.0,0.029957944748957743,20.8
sim0000_ME,260,29.94296577686555,0,3sml,3.097878165639972,4.581697582103424,9.665636986301497,True,0.9977072507207487,36.92640560166739,9.0,2001.4153673648184,2001.5727937850784,2001.5727937850784,2001.5727937850784,2001.5727937850784,2001.5727937850784,2005.0256706097741,2005.0106916374002,2005.0406495821492,-3.4528768246957497,3.4528768246957497,False,False,0.0,0.029957944748957743,20.8
sim0000_ME,260,29.94296577686555,0,3sml,3.097878165639972,4.581697582103424,9.665636986301497,True,0.9977072507207487,36.92640560166739,10.0,2001.4153673648184,2001.5727937850784,2001.5727937850784,2001.5727937850784,2001.5727937850784,2001.5727937850784,2005.0406495821492,2005.0256706097741,2011.0172595596227,-3.467855797070797,3.467855797070797,False,False,0.0,5.9915889498486194,20.8
sim0000_ME,260,29.94296577686555,0,3sml,3.097878165639972,4.581697582103424,9.665636986301497,True,0.9977072507207487,36.92640560166739,10.665399233402013,2001.4153673648184,2001.5727937850784,2001.5727937850784,2001.5727937850784,2001.5727937850784,2001.5727937850784,2005.0406495821492,2005.0256706097741,2011.0172595596227,-3.467855797070797,3.467855797070797,False,False,0.0,5.9915889498486194,20.8
sim0000_ME,260,29.94296577686555,1,2sm,2.438834820144232,4.999999999999999,12.277570227201664,True,0.9993314011172216,31.71751739777536,1.0,2010.4267742094455,2011.2412848186173,2011.2412848186173,2011.2412848186173,2011.2412848186173,2011.3234203422312,2011.0621964767456,2011.0621964767456,2011.077175449121,0.17908834187164757,0.17908834187164757,False,False,0.0,0.01497897237527468,20.8
sim0000_ME,260,29.94296577686555,1,2sm,2.438834820144232,4.999999999999999,12.277570227201664,True,0.9993314011172216,31.71751739777536,1.6539923887748955,2010.4267742094455,2011.2412848186173,2011.2412848186173,2011.2412848186173,2011.2412848186173,2011.3234203422312,2011.0621964767456,2011.0621964767456,2011.077175449121,0.17908834187164757,0.17908834187164757,False,False,0.0,0.01497897237527468,20.8
sim0001_K,260,29.94296577686555,0,2sm,3.767643215947692,1.0,7.947399491045986,True,0.9997932795454184,6.506007636122505,1.0,1993.088371170431,1994.087686707734,1994.087686707734,1994.087686707734,1994.087686707734,1994.087686707734,1994.0760418039265,1994.0760418039265,1994.0760418039265,0.011644903807564333,0.011644903807564333,False,False,0.0,0.0,20.8
sim0001_K,260,29.94296577686555,0,2sm,3.767643215947692,1.0,7.947399491045986,True,0.9997932795454184,6.506007636122505,2.0,1993.088371170431,1994.1424437234768,1994.1424437234768,1994.1424437234768,1994.1424437234768,1994.1424437234768,1994.5853268646638,1994.5853268646638,1994.6302637817882,-0.4428831411869396,0.4428831411869396,False,False,0.0,0.044936917124459796,20.8
sim0001_K,260,29.94296577686555,0,2sm,3.767643215947692,1.0,7.947399491045986,True,0.9997932795454184,6.506007636122505,3.0,1993.088371170431,1994.1424437234768,1994.1424437234768,1994.1424437234768,1994.1424437234768,1994.1424437234768,1994.5853268646638,1994.5853268646638,1994.6302637817882,-0.4428831411869396,0.4428831411869396,False,False,0.0,0.044936917124459796,20.8
sim0001_K,260,29.94296577686555,0,2sm,3.767643215947692,1.0,7.947399491045986,True,0.9997932795454184,6.506007636122505,4.0,1993.088371170431,1994.1424437234768,1994.1424437234768,1994.1424437234768,1994.1424437234768,1994.1424437234768,1994.5853268646638,1994.5853268646638,1996.877109637981,-0.4428831411869396,0.4428831411869396,False,False,0.0,2.291782773317209,20.8
sim0001_K,260,29.94296577686555,0,2sm,3.767643215947692,1.0,7.947399491045986,True,0.9997932795454184,6.506007636122505,5.0,1993.088371170431,1994.1424437234768,1994.1424437234768,1994.1424437234768,1994.1424437234768,1994.1424437234768,1994.5853268646638,1994.5853268646638,1996.877109637981,-0.4428831411869396,0.4428831411869396,False,False,0.0,2.291782773317209,20.8
sim0001_K,260,29.94296577686555,0,2sm,3.767643215947692,1.0,7.947399491045986,True,0.9997932795454184,6.506007636122505,6.0,1993.088371170431,1994.1424437234768,1994.1424437234768,1994.1424437234768,1994.1424437234768,1994.1424437234768,1994.5853268646638,1994.5853268646638,1996.877109637981,-0.4428831411869396,0.4428831411869396,False,False,0.0,2.291782773317209,20.8
sim0001_K,260,29.94296577686555,0,2sm,3.767643215947692,1.0,7.947399491045986,True,0.9997932795454184,6.506007636122505,7.0,1993.088371170431,1994.1424437234768,1994.1424437234768,1994.1424437234768,1994.1424437234768,1994.1424437234768,1994.5928163508515,1994.5853268646638,1996.894485245935,-0.45037262737469064,0.45037262737469064,False,False,0.0,2.309158381271118,20.8
sim0001_K,260,29.94296577686555,0,2sm,3.767643215947692,1.0,7.947399491045986,True,0.9997932795454184,6.506007636122505,8.0,1993.088371170431,1994.1424437234768,1994.1424437234768,1994.1424437234768,1994.1424437234768,1994.1424437234768,1994.5928163508515,1994.5853268646638,1996.894485245935,-0.45037262737469064,0.45037262737469064,False,False,0.0,2.309158381271118,20.8
sim0001_K,260,29.94296577686555,0,2sm,3.767643215947692,1.0,7.947399491045986,True,0.9997932795454184,6.506007636122505,9.0,1993.088371170431,1994.1424437234768,1994.1424437234768,1994.1424437234768,1994.1424437234768,1994.1424437234768,1994.5928163508515,1994.5853268646638,1999.30370316267,-0.45037262737469064,0.45037262737469064,False,False,0.0,4.718376298006206,20.8
sim0001_K,260,29.94296577686555,0,2sm,3.767643215947692,1.0,7.947399491045986,True,0.9997932795454184,6.506007636122505,10.0,1993.088371170431,1994.1424437234768,1994.1424437234768,1994.1424437234768,1994.1424437234768,1994.1424437234768,1994.5928163508515,1994.5853268646638,1999.30370316267,-0.45037262737469064,0.45037262737469064,False,False,0.0,4.718376298006206,20.8
sim0001_K,260,29.94296577686555,0,2sm,3.767643215947692,1.0,7.947399491045986,True,0.9997932795454184,6.506007636122505,11.0,1993.088371170431,1994.1424437234768,1994.1424437234768,1994.1424437234768,1994.1424437234768,1994.1424437234768,2004.0071004883007,1996.877109637981,2004.0071004883007,-9.864656764823849,9.864656764823849,False,False,0.0,7.1299908503197,20.8
sim0001_K,260,29.94296577686555,0,2sm,3.767643215947692,1.0,7.947399491045986,True,0.9997932795454184,6.506007636122505,12.0,1993.088371170431,1994.1424437234768,1994.1424437234768,1994.1424437234768,1994.1424437234768,1994.1424437234768,2004.0071004883007,1996.877109637981,2004.0071004883007,-9.864656764823849,9.864656764823849,False,False,0.0,7.1299908503197,20.8
sim0001_K,260,29.94296577686555,0,2sm,3.767643215947692,1.0,7.947399491045986,True,0.9997932795454184,6.506007636122505,13.0,1993.088371170431,1994.1424437234768,1994.1424437234768,1994.1424437234768,1994.1424437234768,1994.1424437234768,2004.0071004883007,1996.877109637981,2004.0071004883007,-9.864656764823849,9.864656764823849,False,False,0.0,7.1299908503197,20.8
sim0001_K,260,29.94296577686555,0,2sm,3.767643215947692,1.0,7.947399491045986,True,0.9997932795454184,6.506007636122505,14.0,1993.088371170431,1994.1424437234768,1994.1424437234768,1994.1424437234768,1994.1424437234768,1994.1424437234768,2004.0071004883007,1996.877109637981,2004.0071004883007,-9.864656764823849,9.864656764823849,False,False,0.0,7.1299908503197,20.8
sim0001_K,260,29.94296577686555,0,2sm,3.767643215947692,1.0,7.947399491045986,True,0.9997932795454184,6.506007636122505,15.0,1993.088371170431,1994.1424437234768,1994.1424437234768,1994.1424437234768,1994.1424437234768,1994.1424437234768,2004.0071004883007,1996.877109637981,2004.0071004883007,-9.864656764823849,9.864656764823849,False,False,0.0,7.1299908503197,20.8
sim0001_K,260,29.94296577686555,0,2sm,3.767643215947692,1.0,7.947399491045986,True,0.9997932795454184,6.506007636122505,16.0,1993.088371170431,1994.1424437234768,1994.1424437234768,1994.1424437234768,1994.1424437234768,1994.1424437234768,2004.0071004883007,1996.877109637981,2004.0071004883007,-9.864656764823849,9.864656764823849,False,False,0.0,7.1299908503197,20.8
sim0001_K,260,29.94296577686555,0,2sm,3.767643215947692,1.0,7.947399491045986,True,0.9997932795454184,6.506007636122505,17.0,1993.088371170431,1994.1424437234768,1994.1424437234768,1994.1424437234768,1994.1424437234768,1994.1424437234768,2004.0071004883007,1996.877109637981,2004.0071004883007,-9.864656764823849,9.864656764823849,False,False,0.0,7.1299908503197,20.8
sim0001_K,260,29.94296577686555,0,2sm,3.767643215947692,1.0,7.947399491045986,True,0.9997932795454184,6.506007636122505,18.0,1993.088371170431,1994.1424437234768,1994.1424437234768,1994.1424437234768,1994.1424437234768,1994.1424437234768,2004.0071004883007,1996.877109637981,2004.0071004883007,-9.864656764823849,9.864656764823849,False,False,0.0,7.1299908503197,20.8
sim0001_K,260,29.94296577686555,0,2sm,3.767643215947692,1.0,7.947399491045986,True,0.9997932795454184,6.506007636122505,18.99239542778946,1993.088371170431,1994.1424437234768,1994.1424437234768,1994.1424437234768,1994.1424437234768,1994.1424437234768,2004.0071004883007,1996.877109637981,2004.0071004883007,-9.864656764823849,9.864656764823849,False,False,0.0,7.1299908503197,20.8
sim0001_K,260,29.94296577686555,1,2sm,7.3240299596173495,4.999999999999999,4.088318308630996,True,0.9993745031588575,2.312341195883908,1.0,1997.1948350444895,1997.2701259411356,1997.2701259411356,1997.2701259411356,1997.2701259411356,1997.2701259411356,1998.1802802345728,1998.1802802345728,1998.1802802345728,-0.9101542934372446,0.9101542934372446,False,False,0.0,0.0,20.8
sim0001_K,260,29.94296577686555,1,2sm,7.3240299596173495,4.999999999999999,4.088318308630996,True,0.9993745031588575,2.312341195883908,2.0,1997.1948350444895,1997.2701259411356,1997.2701259411356,1997.2701259411356,1997.2701259411356,1997.2701259411356,1998.3150909859444,1998.3150909859444,1998.3150909859444,-1.044965044808805,1.044965044808805,False,False,0.0,0.0,20.8
sim0001_K,260,29.94296577686555,1,2sm,7.3240299596173495,4.999999999999999,4.088318308630996,True,0.9993745031588575,2.312341195883908,3.0,1997.1948350444895,1997.2701259411356,1997.2701259411356,1997.2701259411356,1997.2701259411356,1997.2701259411356,1998.3150909859444,1998.3150909859444,1998.3150909859444,-1.044965044808805,1.044965044808805,False,False,0.0,0.0,20.8
sim0001_K,260,29.94296577686555,1,2sm,7.3240299596173495,4.999999999999999,4.088318308630996,True,0.9993745031588575,2.312341195883908,4.0,1997.1948350444895,1997.2701259411356,1997.2701259411356,1997.2701259411356,1997.2701259411356,1997.2701259411356,1998.3150909859444,1998.3150909859444,1998.3150909859444,-1.044965044808805,1.044965044808805,False,False,0.0,0.0,20.8
sim0001_K,260,29.94296577686555,1,2sm,7.3240299596173495,4.999999999999999,4.088318308630996,True,0.9993745031588575,2.312341195883908,5.0,1997.1948350444895,1997.2701259411356,1997.2701259411356,1997.2701259411356,1997.2701259411356,1997.2701259411356,1998.3150909859444,1998.3150909859444,1998.3150909859444,-1.044965044808805,1.044965044808805,False,False,0.0,0.0,20.8
sim0001_K,260,29.94296577686555,1,2sm,7.3240299596173495,4.999999999999999,4.088318308630996,True,0.9993745031588575,2.312341195883908,6.0,1997.1948350444895,1997.2701259411356,1997.2701259411356,1997.2701259411356,1997.2701259411356,1997.2701259411356,1998.3150909859444,1998.3150909859444,1998.3150909859444,-1.044965044808805,1.044965044808805,False,False,0.0,0.0,20.8
sim0001_K,260,29.94296577686555,1,2sm,7.3240299596173495,4.999999999999999,4.088318308630996,True,0.9993745031588575,2.312341195883908,7.0,1997.1948350444895,1997.2701259411356,1997.2701259411356,1997.2701259411356,1997.2701259411356,1997.2701259411356,1998.3150909859444,1998.3150909859444,1998.3150909859444,-1.044965044808805,1.044965044808805,False,False,0.0,0.0,20.8
sim0001_K,260,29.94296577686555,1,2sm,7.3240299596173495,4.999999999999999,4.088318308630996,True,0.9993745031588575,2.312341195883908,8.0,1997.1948350444895,1997.2701259411356,1997.2701259411356,1997.2701259411356,1997.2701259411356,1997.2701259411356,1998.3150909859444,1998.3150909859444,2004.78600705178,-1.044965044808805,1.044965044808805,False,False,0.0,6.470916065835581,20.8
sim0001_K,260,29.94296577686555,1,2sm,7.3240299596173495,4.999999999999999,4.088318308630996,True,0.9993745031588575,2.312341195883908,9.0,1997.1948350444895,1997.2701259411356,1997.2701259411356,1997.2701259411356,1997.2701259411356,1997.2701259411356,1998.3150909859444,1998.3150909859444,2004.78600705178,-1.044965044808805,1.044965044808805,False,False,0.0,6.470916065835581,20.8
sim0001_K,260,29.94296577686555,1,2sm,7.3240299596173495,4.999999999999999,4.088318308630996,True,0.9993745031588575,2.312341195883908,10.0,1997.1948350444895,1997.2701259411356,1997.2701259411356,1997.2701259411356,1997.2701259411356,1997.2701259411356,1998.3150909859444,1998.3150909859444,2004.78600705178,-1.044965044808805,1.044965044808805,False,False,0.0,6.470916065835581,20.8
sim0001_K,260,29.94296577686555,1,2sm,7.3240299596173495,4.999999999999999,4.088318308630996,True,0.9993745031588575,2.312341195883908,11.0,1997.1948350444895,1997.2701259411356,1997.2701259411356,1997.2701259411356,1997.2701259411356,1997.2701259411356,1998.3150909859444,1998.3150909859444,2004.78600705178,-1.044965044808805,1.044965044808805,False,False,0.0,6.470916065835581,20.8
sim0001_K,260,29.94296577686555,1,2sm,7.3240299596173495,4.999999999999999,4.088318308630996,True,0.9993745031588575,2.312341195883908,12.0,1997.1948350444895,1997.2701259411356,1997.2701259411356,1997.2701259411356,1997.2701259411356,1997.2701259411356,1998.3150909859444,1998.3150909859444,2004.78600705178,-1.044965044808805,1.044965044808805,False,False,0.0,6.470916065835581,20.8
sim0001_K,260,29.94296577686555,1,2sm,7.3240299596173495,4.999999999999999,4.088318308630996,True,0.9993745031588575,2.312341195883908,13.0,1997.1948350444895,1997.2701259411356,1997.2701259411356,1997.2701259411356,1997.2701259411356,1997.2701259411356,1998.3150909859444,1998.3150909859444,2004.78600705178,-1.044965044808805,1.044965044808805,False,False,0.0,6.470916065835581,20.8
sim0001_K,260,29.94296577686555,1,2sm,7.3240299596173495,4.999999999999999,4.088318308630996,True,0.9993745031588575,2.312341195883908,14.0,1997.1948350444895,1997.2701259411356,1997.2701259411356,1997.2701259411356,1997.2701259411356,1997.2701259411356,1998.3150909859444,1998.3150909859444,2004.78600705178,-1.044965044808805,1.044965044808805,False,False,0.0,6.470916065835581,20.8
sim0001_K,260,29.94296577686555,1,2sm,7.3240299596173495,4.999999999999999,4.088318308630996,True,0.9993745031588575,2.312341195883908,14.88593155373087,1997.1948350444895,1997.2701259411356,1997.2701259411356,1997.2701259411356,1997.2701259411356,1997.2701259411356,1998.3150909859444,1998.3150909859444,2004.78600705178,-1.044965044808805,1.044965044808805,False,False,0.0,6.470916065835581,20.8
sim0001_K,260,29.94296577686555,2,2sm,7.39841434392106,4.999999999999999,4.0472139549021495,True,0.9979733883119136,2.4892803514258097,1.0,2001.4153673648184,2002.4146829021215,2002.4146829021215,2002.4146829021215,2002.4146829021215,2002.4146829021215,2002.4043504442154,2002.4043504442154,2002.4043504442154,0.010332457906088166,0.010332457906088166,False,False,0.0,0.0,20.8
sim0001_K,260,29.94296577686555,2,2sm,7.39841434392106,4.999999999999999,4.0472139549021495,True,0.9979733883119136,2.4892803514258097,2.0,2001.4153673648184,2003.400309185489,2003.400309185489,2003.400309185489,2003.400309185489,2003.400309185489,2003.407941593315,2003.407941593315,2003.407941593315,-0.007632407825894916,0.007632407825894916,False,False,0.0,0.0,20.8
sim0001_K,260,29.94296577686555,2,2sm,7.39841434392106,4.999999999999999,4.0472139549021495,True,0.9979733883119136,2.4892803514258097,3.0,2001.4153673648184,2004.413313976728,2004.413313976728,2004.413313976728,2004.413313976728,2004.413313976728,2004.306679935793,2004.2767219910427,2004.306679935793,0.10663404093497775,0.10663404093497775,False,False,0.0,0.029957944750321985,20.8
sim0001_K,260,29.94296577686555,2,2sm,7.39841434392106,4.999999999999999,4.0472139549021495,True,0.9979733883119136,2.4892803514258097,4.0,2001.4153673648184,2004.5775850239559,2004.5502065160845,2004.6049635318273,2004.5502065160845,2004.6323420396984,2004.306679935793,2004.2767219910427,2004.306679935793,0.27090508816286274,0.27090508816286274,False,False,0.05475701574277991,0.029957944750321985,20.8
sim0001_K,260,29.94296577686555,2,2sm,7.39841434392106,4.999999999999999,4.0472139549021495,True,0.9979733883119136,2.4892803514258097,5.0,2001.4153673648184,2004.5775850239559,2004.5502065160845,2004.6049635318273,2004.5502065160845,2004.6323420396984,2004.306679935793,2004.2767219910427,2004.306679935793,0.27090508816286274,0.27090508816286274,False,False,0.05475701574277991,0.029957944750321985,20.8
sim0001_K,260,29.94296577686555,2,2sm,7.39841434392106,4.999999999999999,4.0472139549021495,True,0.9979733883119136,2.4892803514258097,6.0,2001.4153673648184,2004.5775850239559,2004.5502065160845,2004.6049635318273,2004.5502065160845,2004.6323420396984,2004.306679935793,2004.2767219910427,2004.306679935793,0.27090508816286274,0.27090508816286274,False,False,0.05475701574277991,0.029957944750321985,20.8
sim0001_K,260,29.94296577686555,2,2sm,7.39841434392106,4.999999999999999,4.0472139549021495,True,0.9979733883119136,2.4892803514258097,7.0,2001.4153673648184,2004.5775850239559,2004.5502065160845,2004.6049635318273,2004.5502065160845,2004.6323420396984,2004.306679935793,2004.2767219910427,2004.306679935793,0.27090508816286274,0.27090508816286274,False,False,0.05475701574277991,0.029957944750321985,20.8
sim0001_K,260,29.94296577686555,2,2sm,7.39841434392106,4.999999999999999,4.0472139549021495,True,0.9979733883119136,2.4892803514258097,8.0,2001.4153673648184,2004.5775850239559,2004.5502065160845,2004.6049635318273,2004.5502065160845,2004.6323420396984,2004.306679935793,2004.2767219910427,2004.306679935793,0.27090508816286274,0.27090508816286274,False,False,0.05475701574277991,0.029957944750321985,20.8
sim0001_K,260,29.94296577686555,2,2sm,7.39841434392106,4.999999999999999,4.0472139549021495,True,0.9979733883119136,2.4892803514258097,9.0,2001.4153673648184,2004.5775850239559,2004.5502065160845,2004.6049635318273,2004.5502065160845,2004.6323420396984,2004.306679935793,2004.2767219910427,2004.306679935793,0.27090508816286274,0.27090508816286274,False,False,0.05475701574277991,0.029957944750321985,20.8
sim0001_K,260,29.94296577686555,2,2sm,7.39841434392106,4.999999999999999,4.0472139549021495,True,0.9979733883119136,2.4892803514258097,10.0,2001.4153673648184,2004.5775850239559,2004.5502065160845,2004.6049635318273,2004.5502065160845,2004.6323420396984,2004.306679935793,2004.2767219910427,2004.306679935793,0.27090508816286274,0.27090508816286274,False,False,0.05475701574277991,0.029957944750321985,20.8
sim0001_K,260,29.94296577686555,2,2sm,7.39841434392106,4.999999999999999,4.0472139549021495,True,0.9979733883119136,2.4892803514258097,10.665399233402013,2001.4153673648184,2004.5775850239559,2004.5502065160845,2004.6049635318273,2004.5502065160845,2004.6323420396984,2011.6463763993563,2004.306679935793,2011.6763343441055,-7.068791375400451,7.068791375400451,False,False,0.05475701574277991,7.369654408312499,20.8
sim0001_K,260,29.94296577686555,3,2sm,7.372268796471225,4.999999999999999,4.061567287291248,True,0.9988256506877905,2.136329067667967,1.0,2006.1492076659822,2006.2244985626282,2006.2244985626282,2006.2244985626282,2006.2244985626282,2006.2244985626282,2006.164072510245,2006.164072510245,2006.164072510245,0.060426052383263595,0.060426052383263595,False,False,0.0,0.0,20.8
sim0001_K,260,29.94296577686555,3,2sm,7.372268796471225,4.999999999999999,4.061567287291248,True,0.9988256506877905,2.136329067667967,2.0,2006.1492076659822,2006.2244985626282,2006.2244985626282,2006.2244985626282,2006.2244985626282,2006.2244985626282,2006.164072510245,2006.164072510245,2006.164072510245,0.060426052383263595,0.060426052383263595,False,False,0.0,0.0,20.8
sim0001_K,260,29.94296577686555,3,2sm,7.372268796471225,4.999999999999999,4.061567287291248,True,0.9988256506877905,2.136329067667967,3.0,2006.1492076659822,2006.2244985626282,2006.2244985626282,2006.2244985626282,2006.2244985626282,2006.2244985626282,2006.164072510245,2006.164072510245,2006.164072510245,0.060426052383263595,0.060426052383263595,False,False,0.0,0.0,20.8
sim0001_K,260,29.94296577686555,3,2sm,7.372268796471225,4.999999999999999,4.061567287291248,True,0.9988256506877905,2.136329067667967,4.0,2006.1492076659822,2006.2244985626282,2006.2244985626282,2006.2244985626282,2006.2244985626282,2006.2244985626282,2010.1484791618948,2010.1484791618948,2010.1484791618948,-3.9239805992665424,3.9239805992665424,False,False,0.0,0.0,20.8
sim0001_K,260,29.94296577686555,3,2sm,7.372268796471225,4.999999999999999,4.061567287291248,True,0.9988256506877905,2.136329067667967,5.0,2006.1492076659822,2006.2244985626282,2006.2244985626282,2006.2244985626282,2006.2244985626282,2006.2244985626282,2011.137091338619,2011.137091338619,2011.137091338619,-4.912592775990788,4.912592775990788,False,False,0.0,0.0,20.8
sim0001_K,260,29.94296577686555,3,2sm,7.372268796471225,4.999999999999999,4.061567287291248,True,0.9988256506877905,2.136329067667967,5.931558932238204,2006.1492076659822,2006.2244985626282,2006.2244985626282,2011.8850050650237,2006.2244985626282,2011.9123835728951,2011.4816077032358,2011.4816077032358,2011.4816077032358,-5.257109140607554,5.257109140607554,True,True,5.660506502395492,0.0,20.8
sim0001_K,260,29.94296577686555,4,3sml,7.326626618325519,4.999999999999999,4.086869351574645,True,0.999355218153235,1.7847242627507969,1.0,2010.4267742094455,2011.4260897467486,2011.4260897467486,2011.4260897467486,2011.4260897467486,2011.4260897467486,2011.4216918137374,2011.1820282557435,2011.4216918137374,0.0043979330112051684,0.0043979330112051684,False,False,0.0,0.23966355799393568,20.8
sim0001_K,260,29.94296577686555,4,3sml,7.326626618325519,4.999999999999999,4.086869351574645,True,0.999355218153235,1.7847242627507969,1.6539923887748955,2010.4267742094455,2011.6724963175907,2011.6451178097193,2011.6724963175907,2011.617739301848,2011.6724963175907,2011.4216918137374,2011.1820282557435,2011.6613553717302,0.25080450385326003,0.25080450385326003,False,False,0.027378507871389957,0.4793271159867345,20.8
sim0002_ME,260,29.94296577686555,0,3sml,3.209840449430555,4.999999999999999,9.328490387170993,True,0.9996487985581826,4.1559195238414555,1.0,1997.1948350444895,1997.2701259411356,1997.2701259411356,1997.2701259411356,1997.2701259411356,1997.2701259411356,1997.2066470302225,1997.2066470302225,1997.2066470302225,0.06347891091309066,0.06347891091309066,False,False,0.0,0.0,20.8
sim0002_ME,260,29.94296577686555,0,3sml,3.209840449430555,4.999999999999999,9.328490387170993,True,0.9996487985581826,4.1559195238414555,2.0,1997.1948350444895,1997.2701259411356,1997.2701259411356,1997.2701259411356,1997.2701259411356,1997.2701259411356,1997.2066470302225,1997.2066470302225,1997.2066470302225,0.06347891091309066,0.06347891091309066,False,False,0.0,0.0,20.8
sim0002_ME,260,29.94296577686555,0,3sml,3.209840449430555,4.999999999999999,9.328490387170993,True,0.9996487985581826,4.1559195238414555,3.0,1997.1948350444895,1999.7821040383292,1999.7821040383292,1999.8094825462006,1998.4503107460637,1999.8094825462006,1999.8429461681562,1999.8279671957812,1999.8429461681562,-0.060842129827051394,0.060842129827051394,False,False,0.027378507871389957,0.014978972375047306,20.8
sim0002_ME,260,29.94296577686555,0,3sml,3.209840449430555,4.999999999999999,9.328490387170993,True,0.9996487985581826,4.1559195238414555,4.0,1997.1948350444895,1999.7821040383292,1999.7821040383292,1999.8094825462006,1998.4503107460637,1999.8094825462006,1999.8429461681562,1999.8279671957812,1999.8429461681562,-0.060842129827051394,0.060842129827051394,False,False,0.027378507871389957,0.014978972375047306,20.8
sim0002_ME,260,29.94296577686555,0,3sml,3.209840449430555,4.999999999999999,9.328490387170993,True,0.9996487985581826,4.1559195238414555,5.0,1997.1948350444895,1999.7821040383292,1999.7821040383292,1999.8094825462006,1998.4503107460637,1999.8094825462006,1999.8429461681562,1999.8279671957812,1999.8429461681562,-0.060842129827051394,0.060842129827051394,False,False,0.027378507871389957,0.014978972375047306,20.8
sim0002_ME,260,29.94296577686555,0,3sml,3.209840449430555,4.999999999999999,9.328490387170993,True,0.9996487985581826,4.1559195238414555,6.0,1997.1948350444895,1999.7821040383292,1999.7821040383292,1999.8094825462006,1998.4503107460637,1999.8094825462006,1999.8429461681562,1999.8429461681562,2003.0634252286995,-0.060842129827051394,0.060842129827051394,False,False,0.027378507871389957,3.220479060543312,20.8
sim0002_ME,260,29.94296577686555,0,3sml,3.209840449430555,4.999999999999999,9.328490387170993,True,0.9996487985581826,4.1559195238414555,7.0,1997.1948350444895,1999.7821040383292,1999.7821040383292,1999.8094825462006,1998.4503107460637,1999.8094825462006,1999.8429461681562,1999.8429461681562,2003.0634252286995,-0.060842129827051394,0.060842129827051394,False,False,0.027378507871389957,3.220479060543312,20.8
sim0002_ME,260,29.94296577686555,0,3sml,3.209840449430555,4.999999999999999,9.328490387170993,True,0.9996487985581826,4.1559195238414555,8.0,1997.1948350444895,1999.7821040383292,1999.7821040383292,1999.8094825462006,1998.4503107460637,1999.8094825462006,1999.8429461681562,1999.8429461681562,2003.0634252286995,-0.060842129827051394,0.060842129827051394,False,False,0.027378507871389957,3.220479060543312,20.8
sim0002_ME,260,29.94296577686555,0,3sml,3.209840449430555,4.999999999999999,9.328490387170993,True,0.9996487985581826,4.1559195238414555,9.0,1997.1948350444895,1999.7821040383292,1999.7821040383292,1999.8094825462006,1998.4503107460637,1999.8094825462006,1999.8429461681562,1999.8429461681562,2003.0634252286995,-0.060842129827051394,0.060842129827051394,False,False,0.027378507871389957,3.220479060543312,20.8
sim0002_ME,260,29.94296577686555,0,3sml,3.209840449430555,4.999999999999999,9.328490387170993,True,0.9996487985581826,4.1559195238414555,10.0,1997.1948350444895,1999.7821040383292,1999.7821040383292,1999.8094825462006,1998.4503107460637,1999.8094825462006,1999.8429461681562,1999.8429461681562,2006.2988832616168,-0.060842129827051394,0.060842129827051394,False,False,0.027378507871389957,6.455937093460534,20.8
sim0002_ME,260,29.94296577686555,0,3sml,3.209840449430555,4.999999999999999,9.328490387170993,True,0.9996487985581826,4.1559195238414555,11.0,1997.1948350444895,1999.7821040383292,1999.7821040383292,1999.8094825462006,1998.4503107460637,1999.8094825462006,1999.8429461681562,1999.8429461681562,2006.2988832616168,-0.060842129827051394,0.060842129827051394,False,False,0.027378507871389957,6.455937093460534,20.8
sim0002_ME,260,29.94296577686555,0,3sml,3.209840449430555,4.999999999999999,9.328490387170993,True,0.9996487985581826,4.1559195238414555,12.0,1997.1948350444895,1999.7821040383292,1999.7821040383292,1999.8094825462006,1998.4503107460637,1999.8094825462006,1999.8429461681562,1999.8429461681562,2006.2988832616168,-0.060842129827051394,0.060842129827051394,False,False,0.027378507871389957,6.455937093460534,20.8
sim0002_ME,260,29.94296577686555,0,3sml,3.209840449430555,4.999999999999999,9.328490387170993,True,0.9996487985581826,4.1559195238414555,13.0,1997.1948350444895,1999.7821040383292,1999.7821040383292,1999.8094825462006,1998.4503107460637,1999.8094825462006,1999.8429461681562,1999.8429461681562,2009.5343412945351,-0.060842129827051394,0.060842129827051394,False,False,0.027378507871389957,9.691395126378893,20.8
sim0002_ME,260,29.94296577686555,0,3sml,3.209840449430555,4.999999999999999,9.328490387170993,True,0.9996487985581826,4.1559195238414555,14.0,1997.1948350444895,1999.7821040383292,1999.7821040383292,1999.8094825462006,1998.4503107460637,1999.8094825462006,1999.8429461681562,1999.8429461681562,2009.5343412945351,-0.060842129827051394,0.060842129827051394,False,False,0.027378507871389957,9.691395126378893,20.8
sim0002_ME,260,29.94296577686555,0,3sml,3.209840449430555,4.999999999999999,9.328490387170993,True,0.9996487985581826,4.1559195238414555,14.88593155373087,1997.1948350444895,1999.7821040383292,1999.7821040383292,1999.8094825462006,1998.4503107460637,1999.8094825462006,1999.8429461681562,1999.8429461681562,2009.5343412945351,-0.060842129827051394,0.060842129827051394,False,False,0.027378507871389957,9.691395126378893,20.8
sim0002_ME,260,29.94296577686555,1,2sm,3.234736225226375,4.999999999999999,9.256694732433727,True,0.9984539491885358,3.7551979687382704,1.0,2001.4153673648184,2002.4146829021215,2002.4146829021215,2002.4146829021215,2002.4146829021215,2002.4146829021215,2002.4043504442154,2002.4043504442154,2002.4043504442154,0.010332457906088166,0.010332457906088166,False,False,0.0,0.0,20.8
sim0002_ME,260,29.94296577686555,1,2sm,3.234736225226375,4.999999999999999,9.256694732433727,True,0.9984539491885358,3.7551979687382704,2.0,2001.4153673648184,2003.2086596303898,2003.1812811225186,2003.2086596303898,2003.1539026146472,2003.2360381382612,2003.198235980071,2003.1083621458226,2003.2431728971942,0.010423650318671207,0.010423650318671207,True,True,0.027378507871162583,0.1348107513715604,20.8
sim0002_ME,260,29.94296577686555,1,2sm,3.234736225226375,4.999999999999999,9.256694732433727,True,0.9984539491885358,3.7551979687382704,3.0,2001.4153673648184,2003.2086596303898,2003.1812811225186,2003.2086596303898,2003.1539026146472,2003.2360381382612,2003.198235980071,2003.1083621458226,2003.2431728971942,0.010423650318671207,0.010423650318671207,True,True,0.027378507871162583,0.1348107513715604,20.8
sim0002_ME,260,29.94296577686555,1,2sm,3.234736225226375,4.999999999999999,9.256694732433727,True,0.9984539491885358,3.7551979687382704,4.0,2001.4153673648184,2003.2086596303898,2003.1812811225186,2003.2086596303898,2003.1539026146472,2003.2360381382612,2003.198235980071,2003.1083621458226,2003.2431728971942,0.010423650318671207,0.010423650318671207,True,True,0.027378507871162583,0.1348107513715604,20.8
sim0002_ME,260,29.94296577686555,1,2sm,3.234736225226375,4.999999999999999,9.256694732433727,True,0.9984539491885358,3.7551979687382704,5.0,2001.4153673648184,2003.2086596303898,2003.1812811225186,2003.2086596303898,2003.1539026146472,2003.2360381382612,2003.213214952445,2003.1083621458226,2006.3288412063657,-0.00455532205523923,0.00455532205523923,False,True,0.027378507871162583,3.2204790605430844,20.8
sim0002_ME,260,29.94296577686555,1,2sm,3.234736225226375,4.999999999999999,9.256694732433727,True,0.9984539491885358,3.7551979687382704,6.0,2001.4153673648184,2003.2086596303898,2003.1812811225186,2003.2086596303898,2003.1539026146472,2003.2360381382612,2003.2581518695692,2003.1083621458226,2006.4336940129883,-0.04949223917947165,0.04949223917947165,False,False,0.027378507871162583,3.325331867165687,20.8
sim0002_ME,260,29.94296577686555,1,2sm,3.234736225226375,4.999999999999999,9.256694732433727,True,0.9984539491885358,3.7551979687382704,7.0,2001.4153673648184,2003.2086596303898,2003.1812811225186,2003.2086596303898,2003.1539026146472,2003.2360381382612,2003.2581518695692,2003.1083621458226,2006.4336940129883,-0.04949223917947165,0.04949223917947165,False,False,0.027378507871162583,3.325331867165687,20.8
sim0002_ME,260,29.94296577686555,1,2sm,3.234736225226375,4.999999999999999,9.256694732433727,True,0.9984539491885358,3.7551979687382704,8.0,2001.4153673648184,2003.2086596303898,2003.1812811225186,2003.2086596303898,2003.1539026146472,2003.2360381382612,2003.2581518695692,2003.1083621458226,2006.4336940129883,-0.04949223917947165,0.04949223917947165,False,False,0.027378507871162583,3.325331867165687,20.8
sim0002_ME,260,29.94296577686555,1,2sm,3.234736225226375,4.999999999999999,9.256694732433727,True,0.9984539491885358,3.7551979687382704,9.0,2001.4153673648184,2003.2086596303898,2003.1812811225186,2003.2086596303898,2003.1539026146472,2003.2360381382612,2006.343820178741,2003.1359234549918,2009.6415907367373,-3.135160548351223,3.135160548351223,False,False,0.027378507871162583,6.5056672817454455,20.8
sim0002_ME,260,29.94296577686555,1,2sm,3.234736225226375,4.999999999999999,9.256694732433727,True,0.9984539491885358,3.7551979687382704,10.0,2001.4153673648184,2003.2086596303898,2003.1812811225186,2003.2086596303898,2003.1539026146472,2003.2360381382612,2006.343820178741,2003.1359234549918,2009.6415907367373,-3.135160548351223,3.135160548351223,False,False,0.027378507871162583,6.5056672817454455,20.8
sim0002_ME,260,29.94296577686555,1,2sm,3.234736225226375,4.999999999999999,9.256694732433727,True,0.9984539491885358,3.7551979687382704,10.665399233402013,2001.4153673648184,2003.2086596303898,2003.1812811225186,2003.2086596303898,2003.1539026146472,2003.2360381382612,2006.343820178741,2003.1359234549918,2009.6415907367373,-3.135160548351223,3.135160548351223,False,False,0.027378507871162583,6.5056672817454455,20.8
sim0002_ME,260,29.94296577686555,2,3sml,3.244069549596932,4.999999999999999,9.230062832834731,True,0.994940975768879,3.2328295822228137,1.0,2006.1492076659822,2006.2244985626282,2006.2244985626282,2006.2244985626282,2006.2244985626282,2006.3066340862422,2006.4786309301126,2006.4786309301126,2006.4786309301126,-0.254132367484317,0.254132367484317,False,False,0.0,0.0,20.8
sim0002_ME,260,29.94296577686555,2,3sml,3.244069549596932,4.999999999999999,9.230062832834731,True,0.994940975768879,3.2328295822228137,2.0,2006.1492076659822,2006.2244985626282,2006.2244985626282,2006.2244985626282,2006.2244985626282,2006.3066340862422,2006.4786309301126,2006.4786309301126,2006.4786309301126,-0.254132367484317,0.254132367484317,False,False,0.0,0.0,20.8
sim0002_ME,260,29.94296577686555,2,3sml,3.244069549596932,4.999999999999999,9.230062832834731,True,0.994940975768879,3.2328295822228137,3.0,2006.1492076659822,2006.2244985626282,2006.2244985626282,2006.2244985626282,2006.2244985626282,2006.3066340862422,2006.4786309301126,2006.4786309301126,2006.4786309301126,-0.254132367484317,0.254132367484317,False,False,0.0,0.0,20.8
sim0002_ME,260,29.94296577686555,2,3sml,3.244069549596932,4.999999999999999,9.230062832834731,True,0.994940975768879,3.2328295822228137,4.0,2006.1492076659822,2006.2244985626282,2006.2244985626282,2006.2244985626282,2006.2244985626282,2006.3066340862422,2006.4786309301126,2006.4786309301126,2009.6991099906559,-0.254132367484317,0.254132367484317,False,False,0.0,3.220479060543312,20.8
sim0002_ME,260,29.94296577686555,2,3sml,3.244069549596932,4.999999999999999,9.230062832834731,True,0.994940975768879,3.2328295822228137,5.0,2006.1492076659822,2006.2244985626282,2006.2244985626282,2006.2244985626282,2006.2244985626282,2006.3066340862422,2006.4786309301126,2006.4786309301126,2009.6991099906559,-0.254132367484317,0.254132367484317,False,False,0.0,3.220479060543312,20.8
sim0002_ME,260,29.94296577686555,2,3sml,3.244069549596932,4.999999999999999,9.230062832834731,True,0.994940975768879,3.2328295822228137,5.931558932238204,2006.1492076659822,2006.2244985626282,2006.2244985626282,2006.2244985626282,2006.2244985626282,2006.3066340862422,2006.4786309301126,2006.4786309301126,2009.6991099906559,-0.254132367484317,0.254132367484317,False,False,0.0,3.220479060543312,20.8
sim0003_ME,260,29.94296577686555,0,2sm,3.097878165639972,4.999999999999999,9.665636986301497,True,0.9761172888020099,5.944432814656261,1.0,1993.088371170431,1993.163662067077,1993.163662067077,1993.163662067077,1993.163662067077,1993.163662067077,1993.1024085995762,1993.1024085995762,1993.1024085995762,0.06125346750081917,0.06125346750081917,False,False,0.0,0.0,20.8
sim0003_ME,260,29.94296577686555,0,2sm,3.097878165639972,4.999999999999999,9.665636986301497,True,0.9761172888020099,5.944432814656261,2.0,1993.088371170431,1995.0733129911016,1993.163662067077,1995.0733129911016,1993.163662067077,1995.0733129911016,1995.079632953026,1995.079632953026,1995.079632953026,-0.006319961924418749,0.006319961924418749,False,False,1.9096509240246178,0.0,20.8
sim0003_ME,260,29.94296577686555,0,2sm,3.097878165639972,4.999999999999999,9.665636986301497,True,0.9761172888020099,5.944432814656261,3.0,1993.088371170431,1995.4839906091715,1995.4018550855576,1995.538747624914,1993.163662067077,1995.5661261327855,1995.9034764336307,1995.8884974612556,1995.9184554060048,-0.419485824459116,0.419485824459116,False,False,0.13689253935649504,0.029957944749185117,20.8
sim0003_ME,260,29.94296577686555,0,2sm,3.097878165639972,4.999999999999999,9.665636986301497,True,0.9761172888020099,5.944432814656261,4.0,1993.088371170431,1995.4839906091715,1995.4018550855576,1995.538747624914,1993.163662067077,1995.5661261327855,1995.9034764336307,1995.8884974612556,1995.9184554060048,-0.419485824459116,0.419485824459116,False,False,0.13689253935649504,0.029957944749185117,20.8
sim0003_ME,260,29.94296577686555,0,2sm,3.097878165639972,4.999999999999999,9.665636986301497,True,0.9761172888020099,5.944432814656261,5.0,1993.088371170431,1995.4839906091715,1995.4018550855576,1995.538747624914,1993.163662067077,1995.5661261327855,1995.9034764336307,1995.8884974612556,1995.9184554060048,-0.419485824459116,0.419485824459116,False,False,0.13689253935649504,0.029957944749185117,20.8
sim0003_ME,260,29.94296577686555,0,2sm,3.097878165639972,4.999999999999999,9.665636986301497,True,0.9761172888020099,5.944432814656261,6.0,1993.088371170431,1995.4839906091715,1995.4018550855576,1995.538747624914,1993.163662067077,1995.5661261327855,1995.9034764336307,1995.8884974612556,1995.9184554060048,-0.419485824459116,0.419485824459116,False,False,0.13689253935649504,0.029957944749185117,20.8
sim0003_ME,260,29.94296577686555,0,2sm,3.097878165639972,4.999999999999999,9.665636986301497,True,0.9761172888020099,5.944432814656261,7.0,1993.088371170431,1995.4839906091715,1995.4018550855576,1995.538747624914,1993.163662067077,1995.5661261327855,1995.9034764336307,1995.8884974612556,1995.9184554060048,-0.419485824459116,0.419485824459116,False,False,0.13689253935649504,0.029957944749185117,20.8
sim0003_ME,260,29.94296577686555,0,2sm,3.097878165639972,4.999999999999999,9.665636986301497,True,0.9761172888020099,5.944432814656261,8.0,1993.088371170431,1995.4839906091715,1995.4018550855576,1995.538747624914,1993.163662067077,1995.5661261327855,1995.9034764336307,1995.8884974612556,1995.9184554060048,-0.419485824459116,0.419485824459116,False,False,0.13689253935649504,0.029957944749185117,20.8
sim0003_ME,260,29.94296577686555,0,2sm,3.097878165639972,4.999999999999999,9.665636986301497,True,0.9761172888020099,5.944432814656261,9.0,1993.088371170431,1995.4839906091715,1995.4018550855576,1995.538747624914,1993.163662067077,1995.5661261327855,2001.8950653834781,1995.9034764336307,2001.9100443558534,-6.411074774306599,6.411074774306599,False,False,0.13689253935649504,6.006567922222757,20.8
sim0003_ME,260,29.94296577686555,0,2sm,3.097878165639972,4.999999999999999,9.665636986301497,True,0.9761172888020099,5.944432814656261,10.0,1993.088371170431,1995.4839906091715,1995.4018550855576,1995.538747624914,1993.163662067077,1995.5661261327855,2001.8950653834781,1995.9034764336307,2001.9100443558534,-6.411074774306599,6.411074774306599,False,False,0.13689253935649504,6.006567922222757,20.8
sim0003_ME,260,29.94296577686555,0,2sm,3.097878165639972,4.999999999999999,9.665636986301497,True,0.9761172888020099,5.944432814656261,11.0,1993.088371170431,1995.4839906091715,1995.4018550855576,1995.538747624914,1993.163662067077,1995.5661261327855,2001.8950653834781,1995.9034764336307,2001.9100443558534,-6.411074774306599,6.411074774306599,False,False,0.13689253935649504,6.006567922222757,20.8
sim0003_ME,260,29.94296577686555,0,2sm,3.097878165639972,4.999999999999999,9.665636986301497,True,0.9761172888020099,5.944432814656261,12.0,1993.088371170431,1995.4839906091715,1995.4018550855576,1995.538747624914,1993.163662067077,1995.5661261327855,2001.8950653834781,1995.9034764336307,2001.9100443558534,-6.411074774306599,6.411074774306599,False,False,0.13689253935649504,6.006567922222757,20.8
sim0003_ME,260,29.94296577686555,0,2sm,3.097878165639972,4.999999999999999,9.665636986301497,True,0.9761172888020099,5.944432814656261,13.0,1993.088371170431,1995.4839906091715,1995.4018550855576,1995.538747624914,1993.163662067077,1995.5661261327855,2001.8950653834781,1995.9034764336307,2001.9100443558534,-6.411074774306599,6.411074774306599,False,False,0.13689253935649504,6.006567922222757,20.8
sim0003_ME,260,29.94296577686555,0,2sm,3.097878165639972,4.999999999999999,9.665636986301497,True,0.9761172888020099,5.944432814656261,14.0,1993.088371170431,1995.4839906091715,1995.4018550855576,1995.538747624914,1993.163662067077,1995.5661261327855,2001.8950653834781,1995.9034764336307,2001.9100443558534,-6.411074774306599,6.411074774306599,False,False,0.13689253935649504,6.006567922222757,20.8
sim0003_ME,260,29.94296577686555,0,2sm,3.097878165639972,4.999999999999999,9.665636986301497,True,0.9761172888020099,5.944432814656261,15.0,1993.088371170431,1995.4839906091715,1995.4018550855576,1995.538747624914,1993.163662067077,1995.5661261327855,2001.9100443558534,1995.9034764336307,2007.9016333057007,-6.426053746681873,6.426053746681873,False,False,0.13689253935649504,11.998156872070012,20.8
sim0003_ME,260,29.94296577686555,0,2sm,3.097878165639972,4.999999999999999,9.665636986301497,True,0.9761172888020099,5.944432814656261,16.0,1993.088371170431,1995.4839906091715,1995.4018550855576,1995.538747624914,1993.163662067077,1995.5661261327855,2001.9100443558534,1995.9034764336307,2007.9016333057007,-6.426053746681873,6.426053746681873,False,False,0.13689253935649504,11.998156872070012,20.8
sim0003_ME,260,29.94296577686555,0,2sm,3.097878165639972,4.999999999999999,9.665636986301497,True,0.9761172888020099,5.944432814656261,17.0,1993.088371170431,1995.4839906091715,1995.4018550855576,1995.538747624914,1993.163662067077,1995.5661261327855,2001.9100443558534,1995.9034764336307,2007.9016333057007,-6.426053746681873,6.426053746681873,False,False,0.13689253935649504,11.998156872070012,20.8
sim0003_ME,260,29.94296577686555,0,2sm,3.097878165639972,4.999999999999999,9.665636986301497,True,0.9761172888020099,5.944432814656261,18.0,1993.088371170431,1995.4839906091715,1995.4018550855576,1995.538747624914,1993.163662067077,1995.5661261327855,2001.9100443558534,1995.9034764336307,2007.9016333057007,-6.426053746681873,6.426053746681873,False,False,0.13689253935649504,11.998156872070012,20.8
sim0003_ME,260,29.94296577686555,0,2sm,3.097878165639972,4.999999999999999,9.665636986301497,True,0.9761172888020099,5.944432814656261,18.99239542778946,1993.088371170431,1995.4839906091715,1995.4018550855576,1995.538747624914,1993.163662067077,1995.5661261327855,2001.9100443558534,1995.9034764336307,2007.9016333057007,-6.426053746681873,6.426053746681873,False,False,0.13689253935649504,11.998156872070012,20.8
sim0003_ME,260,29.94296577686555,1,2sm,2.7089603099747217,4.999999999999999,11.0533054569356,True,0.9968443480724068,5.107580120886554,1.0,1997.1948350444895,1997.7629390828192,1997.6808035592053,1997.7629390828192,1997.6808035592053,1997.7629390828192,1997.8507428423313,1997.8207848975824,1997.8657218147052,-0.08780375951209862,0.08780375951209862,False,False,0.0821355236139425,0.04493691712286818,20.8
sim0003_ME,260,29.94296577686555,1,2sm,2.7089603099747217,4.999999999999999,11.0533054569356,True,0.9968443480724068,5.107580120886554,2.0,1997.1948350444895,1997.7629390828192,1997.6808035592053,1997.7629390828192,1997.6808035592053,1997.7629390828192,1997.8507428423313,1997.8207848975824,1997.8657218147052,-0.08780375951209862,0.08780375951209862,False,False,0.0821355236139425,0.04493691712286818,20.8
sim0003_ME,260,29.94296577686555,1,2sm,2.7089603099747217,4.999999999999999,11.0533054569356,True,0.9968443480724068,5.107580120886554,3.0,1997.1948350444895,1997.7629390828192,1997.6808035592053,1997.7629390828192,1997.6808035592053,1997.7629390828192,1997.8507428423313,1997.8207848975824,1997.8657218147052,-0.08780375951209862,0.08780375951209862,False,False,0.0821355236139425,0.04493691712286818,20.8
sim0003_ME,260,29.94296577686555,1,2sm,2.7089603099747217,4.999999999999999,11.0533054569356,True,0.9968443480724068,5.107580120886554,4.0,1997.1948350444895,1997.7629390828192,1997.6808035592053,1997.7629390828192,1997.6808035592053,1997.7629390828192,1997.8507428423313,1997.8507428423313,2000.5769158145124,-0.08780375951209862,0.08780375951209862,False,False,0.0821355236139425,2.7261729721810752,20.8
sim0003_ME,260,29.94296577686555,1,2sm,2.7089603099747217,4.999999999999999,11.0533054569356,True,0.9968443480724068,5.107580120886554,5.0,1997.1948350444895,1997.7629390828192,1997.6808035592053,1997.7629390828192,1997.6808035592053,1997.7629390828192,1997.8507428423313,1997.8507428423313,2000.5769158145124,-0.08780375951209862,0.08780375951209862,False,False,0.0821355236139425,2.7261729721810752,20.8
sim0003_ME,260,29.94296577686555,1,2sm,2.7089603099747217,4.999999999999999,11.0533054569356,True,0.9968443480724068,5.107580120886554,6.0,1997.1948350444895,1997.7629390828192,1997.6808035592053,1997.7629390828192,1997.6808035592053,1997.7629390828192,1997.8507428423313,1997.8507428423313,2000.5769158145124,-0.08780375951209862,0.08780375951209862,False,False,0.0821355236139425,2.7261729721810752,20.8
sim0003_ME,260,29.94296577686555,1,2sm,2.7089603099747217,4.999999999999999,11.0533054569356,True,0.9968443480724068,5.107580120886554,7.0,1997.1948350444895,1997.7629390828192,1997.6808035592053,1997.7629390828192,1997.6808035592053,1997.7629390828192,1997.8507428423313,1997.8507428423313,2003.2881098143184,-0.08780375951209862,0.08780375951209862,False,False,0.0821355236139425,5.437366971987103,20.8
sim0003_ME,260,29.94296577686555,1,2sm,2.7089603099747217,4.999999999999999,11.0533054569356,True,0.9968443480724068,5.107580120886554,8.0,1997.1948350444895,1997.7629390828192,1997.6808035592053,1997.7629390828192,1997.6808035592053,1997.7629390828192,1997.8507428423313,1997.8507428423313,2003.2881098143184,-0.08780375951209862,0.08780375951209862,False,False,0.0821355236139425,5.437366971987103,20.8
sim0003_ME,260,29.94296577686555,1,2sm,2.7089603099747217,4.999999999999999,11.0533054569356,True,0.9968443480724068,5.107580120886554,9.0,1997.1948350444895,1997.7629390828192,1997.6808035592053,1997.7629390828192,1997.6808035592053,1997.7629390828192,1997.8507428423313,1997.8507428423313,2005.9993038141245,-0.08780375951209862,0.08780375951209862,False,False,0.0821355236139425,8.148560971793131,20.8
sim0003_ME,260,29.94296577686555,1,2sm,2.7089603099747217,4.999999999999999,11.0533054569356,True,0.9968443480724068,5.107580120886554,10.0,1997.1948350444895,1997.7629390828192,1997.6808035592053,1997.7629390828192,1997.6808035592053,1997.7629390828192,1997.8507428423313,1997.8507428423313,2005.9993038141245,-0.08780375951209862,0.08780375951209862,False,False,0.0821355236139425,8.148560971793131,20.8
sim0003_ME,260,29.94296577686555,1,2sm,2.7089603099747217,4.999999999999999,11.0533054569356,True,0.9968443480724068,5.107580120886554,11.0,1997.1948350444895,1997.7629390828192,1997.6808035592053,1997.7629390828192,1997.6808035592053,1997.7629390828192,1997.8507428423313,1997.8507428423313,2005.9993038141245,-0.08780375951209862,0.08780375951209862,False,False,0.0821355236139425,8.148560971793131,20.8
sim0003_ME,260,29.94296577686555,1,2sm,2.7089603099747217,4.999999999999999,11.0533054569356,True,0.9968443480724068,5.107580120886554,12.0,1997.1948350444895,1997.7629390828192,1997.6808035592053,1997.7629390828192,1997.6808035592053,1997.7629390828192,1997.8657218147052,1997.8507428423313,2008.7104978139303,-0.10278273188600906,0.10278273188600906,False,False,0.0821355236139425,10.859754971598932,20.8
sim0003_ME,260,29.94296577686555,1,2sm,2.7089603099747217,4.999999999999999,11.0533054569356,True,0.9968443480724068,5.107580120886554,13.0,1997.1948350444895,1997.7629390828192,1997.6808035592053,1997.7629390828192,1997.6808035592053,1997.7629390828192,1997.8657218147052,1997.8507428423313,2008.7104978139303,-0.10278273188600906,0.10278273188600906,False,False,0.0821355236139425,10.859754971598932,20.8
sim0003_ME,260,29.94296577686555,1,2sm,2.7089603099747217,4.999999999999999,11.0533054569356,True,0.9968443480724068,5.107580120886554,14.0,1997.1948350444895,1997.7629390828192,1997.6808035592053,1997.7629390828192,1997.6808035592053,1997.7629390828192,1997.8657218147052,1997.8507428423313,2008.7104978139303,-0.10278273188600906,0.10278273188600906,False,False,0.0821355236139425,10.859754971598932,20.8
sim0003_ME,260,29.94296577686555,1,2sm,2.7089603099747217,4.999999999999999,11.0533054569356,True,0.9968443480724068,5.107580120886554,14.88593155373087,1997.1948350444895,1997.7629390828192,1997.6808035592053,1997.7629390828192,1997.6808035592053,1997.7629390828192,1997.8657218147052,1997.8507428423313,2011.4216918137374,-0.10278273188600906,0.10278273188600906,False,False,0.0821355236139425,13.570948971406096,20.8
sim0003_ME,260,29.94296577686555,2,3sml,3.097878165639972,4.999999999999999,9.665636986301497,True,0.9948049727882655,6.013566694407428,1.0,2001.4153673648184,2001.4906582614644,2001.4906582614644,2001.4906582614644,2001.4906582614644,2001.4906582614644,2001.4456962122404,2001.4157382674912,2002.4043504442154,0.04496204922406832,0.04496204922406832,False,False,0.0,0.9886121767242457,20.8
sim0003_ME,260,29.94296577686555,2,3sml,3.097878165639972,4.999999999999999,9.665636986301497,True,0.9948049727882655,6.013566694407428,2.0,2001.4153673648184,2003.400309185489,2003.400309185489,2003.400309185489,2003.400309185489,2003.400309185489,2001.4456962122404,2001.4157382674912,2002.7788247535811,1.954612973248686,1.954612973248686,False,False,0.0,1.3630864860899692,20.8
sim0003_ME,260,29.94296577686555,2,3sml,3.097878165639972,4.999999999999999,9.665636986301497,True,0.9948049727882655,6.013566694407428,3.0,2001.4153673648184,2003.5372017248458,2003.5372017248458,2003.564580232717,2003.5098232169744,2003.5919587405883,2001.4456962122404,2001.4157382674912,2002.7788247535811,2.0915055126054085,2.0915055126054085,False,False,0.027378507871162583,1.3630864860899692,20.8
sim0003_ME,260,29.94296577686555,2,3sml,3.097878165639972,4.999999999999999,9.665636986301497,True,0.9948049727882655,6.013566694407428,4.0,2001.4153673648184,2003.5372017248458,2003.5372017248458,2003.564580232717,2003.5098232169744,2003.5919587405883,2001.4456962122404,2001.4157382674912,2002.7788247535811,2.0915055126054085,2.0915055126054085,False,False,0.027378507871162583,1.3630864860899692,20.8
sim0003_ME,260,29.94296577686555,2,3sml,3.097878165639972,4.999999999999999,9.665636986301497,True,0.9948049727882655,6.013566694407428,5.0,2001.4153673648184,2003.5372017248458,2003.5372017248458,2003.564580232717,2003.5098232169744,2003.5919587405883,2001.4456962122404,2001.4157382674912,2002.7788247535811,2.0915055126054085,2.0915055126054085,False,False,0.027378507871162583,1.3630864860899692,20.8
sim0003_ME,260,29.94296577686555,2,3sml,3.097878165639972,4.999999999999999,9.665636986301497,True,0.9948049727882655,6.013566694407428,6.0,2001.4153673648184,2003.5372017248458,2003.5372017248458,2003.564580232717,2003.5098232169744,2003.5919587405883,2002.8012932121433,2001.4906331293632,2007.4073272173387,0.7359085127025082,0.7359085127025082,False,False,0.027378507871162583,5.916694087975429,20.8
sim0003_ME,260,29.94296577686555,2,3sml,3.097878165639972,4.999999999999999,9.665636986301497,True,0.9948049727882655,6.013566694407428,7.0,2001.4153673648184,2003.5372017248458,2003.5372017248458,2003.564580232717,2003.5098232169744,2003.5919587405883,2007.3923482449648,2001.6530051899053,2007.4073272173387,-3.8551465201189785,3.8551465201189785,False,False,0.027378507871162583,5.754322027433318,20.8
sim0003_ME,260,29.94296577686555,2,3sml,3.097878165639972,4.999999999999999,9.665636986301497,True,0.9948049727882655,6.013566694407428,8.0,2001.4153673648184,2003.5372017248458,2003.5372017248458,2003.564580232717,2003.5098232169744,2003.5919587405883,2007.3923482449648,2001.6530051899053,2007.484618714792,-3.8551465201189785,3.8551465201189785,False,False,0.027378507871162583,5.831613524886734,20.8
sim0003_ME,260,29.94296577686555,2,3sml,3.097878165639972,4.999999999999999,9.665636986301497,True,0.9948049727882655,6.013566694407428,9.0,2001.4153673648184,2003.5372017248458,2003.5372017248458,2003.564580232717,2003.5098232169744,2003.5919587405883,2007.3923482449648,2001.6530051899053,2007.484618714792,-3.8551465201189785,3.8551465201189785,False,False,0.027378507871162583,5.831613524886734,20.8
sim0003_ME,260,29.94296577686555,2,3sml,3.097878165639972,4.999999999999999,9.665636986301497,True,0.9948049727882655,6.013566694407428,10.0,2001.4153673648184,2003.5372017248458,2003.5372017248458,2003.564580232717,2003.5098232169744,2003.5919587405883,2007.4073272173387,2001.6530051899053,2007.5271589963363,-3.870125492492889,3.870125492492889,False,False,0.027378507871162583,5.874153806430968,20.8
sim0003_ME,260,29.94296577686555,2,3sml,3.097878165639972,4.999999999999999,9.665636986301497,True,0.9948049727882655,6.013566694407428,10.665399233402013,2001.4153673648184,2003.5372017248458,2003.5372017248458,2003.564580232717,2003.5098232169744,2003.5919587405883,2007.4073272173387,2001.6530051899053,2007.5271589963363,-3.870125492492889,3.870125492492889,False,False,0.027378507871162583,5.874153806430968,20.8
sim0003_ME,260,29.94296577686555,3,3sml,2.7121335107557973,4.999999999999999,11.040373070911713,True,0.9988036338354176,4.358680514150241,1.0,2006.1492076659822,2006.3887696098561,2006.3887696098561,2006.3887696098561,2006.3887696098561,2006.3887696098561,2006.164072510245,2006.164072510245,2006.164072510245,0.2246970996111486,0.2246970996111486,False,False,0.0,0.0,20.8
sim0003_ME,260,29.94296577686555,3,3sml,2.7121335107557973,4.999999999999999,11.040373070911713,True,0.9988036338354176,4.358680514150241,2.0,2006.1492076659822,2006.3887696098561,2006.3887696098561,2008.1341494866529,2006.3887696098561,2008.1341494866529,2006.164072510245,2006.164072510245,2006.164072510245,0.2246970996111486,0.2246970996111486,False,False,1.7453798767967328,0.0,20.8
sim0003_ME,260,29.94296577686555,3,3sml,2.7121335107557973,4.999999999999999,11.040373070911713,True,0.9988036338354176,4.358680514150241,3.0,2006.1492076659822,2008.572205612594,2008.5448271047226,2008.6269626283365,2008.49007008898,2008.654341136208,2008.6505819244321,2008.6505819244321,2008.6655608968072,-0.07837631183815574,0.07837631183815574,False,True,0.0821355236139425,0.014978972375047306,20.8
sim0003_ME,260,29.94296577686555,3,3sml,2.7121335107557973,4.999999999999999,11.040373070911713,True,0.9988036338354176,4.358680514150241,4.0,2006.1492076659822,2008.572205612594,2008.5448271047226,2008.6269626283365,2008.49007008898,2008.654341136208,2008.6505819244321,2008.6505819244321,2008.6655608968072,-0.07837631183815574,0.07837631183815574,False,True,0.0821355236139425,0.014978972375047306,20.8
sim0003_ME,260,29.94296577686555,3,3sml,2.7121335107557973,4.999999999999999,11.040373070911713,True,0.9988036338354176,4.358680514150241,5.0,2006.1492076659822,2008.572205612594,2008.5448271047226,2008.6269626283365,2008.49007008898,2008.654341136208,2008.6505819244321,2008.6505819244321,2008.6655608968072,-0.07837631183815574,0.07837631183815574,False,True,0.0821355236139425,0.014978972375047306,20.8
sim0003_ME,260,29.94296577686555,3,3sml,2.7121335107557973,4.999999999999999,11.040373070911713,True,0.9988036338354176,4.358680514150241,5.931558932238204,2006.1492076659822,2008.572205612594,2008.5448271047226,2008.6269626283365,2008.49007008898,2008.654341136208,2011.316839007115,2008.6655608968072,2011.316839007115,-2.744633394521088,2.744633394521088,False,False,0.0821355236139425,2.651278110307885,20.8
sim0003_ME,260,29.94296577686555,4,3sml,2.71780736566319,4.999999999999999,11.01732453711228,True,0.9992959636627446,4.932983209857086,1.0,2010.4267742094455,2011.4260897467486,2011.4260897467486,2011.4260897467486,2011.4055558658451,2011.4260897467486,2011.4216918137374,2011.4216918137374,2011.4216918137374,0.0043979330112051684,0.0043979330112051684,False,True,0.0,0.0,20.8
sim0003_ME,260,29.94296577686555,4,3sml,2.71780736566319,4.999999999999999,11.01732453711228,True,0.9992959636627446,4.932983209857086,1.6539923887748955,2010.4267742094455,2011.4260897467486,2011.4260897467486,2011.45346825462,2011.4055558658451,2011.45346825462,2011.4516497584866,2011.4516497584866,2011.4666287308605,-0.02556001173797995,0.02556001173797995,True,True,0.027378507871389957,0.014978972373910437,20.8
sim0004_ME,260,29.94296577686555,0,3sml,2.7003605991576944,4.999999999999999,11.088506396592166,True,0.9949556146495478,6.51616996689553,1.0,1993.088371170431,1993.163662067077,1993.163662067077,1993.163662067077,1993.163662067077,1993.163662067077,1993.1024085995762,1993.1024085995762,1993.1024085995762,0.06125346750081917,0.06125346750081917,False,False,0.0,0.0,20.8
sim0004_ME,260,29.94296577686555,0,3sml,2.7003605991576944,4.999999999999999,11.088506396592166,True,0.9949556146495478,6.51616996689553,2.0,1993.088371170431,1993.163662067077,1993.163662067077,1993.163662067077,1993.163662067077,1993.163662067077,1993.1024085995762,1993.1024085995762,1993.1024085995762,0.06125346750081917,0.06125346750081917,False,False,0.0,0.0,20.8
sim0004_ME,260,29.94296577686555,0,3sml,2.7003605991576944,4.999999999999999,11.088506396592166,True,0.9949556146495478,6.51616996689553,3.0,1993.088371170431,1993.163662067077,1993.163662067077,1993.163662067077,1993.163662067077,1993.163662067077,1995.5739390413894,1995.5739390413894,1995.5739390413894,-2.41027697431241,2.41027697431241,False,False,0.0,0.0,20.8
sim0004_ME,260,29.94296577686555,0,3sml,2.7003605991576944,4.999999999999999,11.088506396592166,True,0.9949556146495478,6.51616996689553,4.0,1993.088371170431,1993.163662067077,1993.163662067077,1993.163662067077,1993.163662067077,1993.163662067077,1995.5739390413894,1995.5739390413894,1995.5739390413894,-2.41027697431241,2.41027697431241,False,False,0.0,0.0,20.8
sim0004_ME,260,29.94296577686555,0,3sml,2.7003605991576944,4.999999999999999,11.088506396592166,True,0.9949556146495478,6.51616996689553,5.0,1993.088371170431,1993.163662067077,1993.163662067077,1993.163662067077,1993.163662067077,1993.163662067077,1995.5739390413894,1995.5739390413894,1995.5739390413894,-2.41027697431241,2.41027697431241,False,False,0.0,0.0,20.8
sim0004_ME,260,29.94296577686555,0,3sml,2.7003605991576944,4.999999999999999,11.088506396592166,True,0.9949556146495478,6.51616996689553,6.0,1993.088371170431,1993.163662067077,1993.163662067077,1993.163662067077,1993.163662067077,1993.163662067077,1995.5739390413894,1995.5739390413894,1995.5739390413894,-2.41027697431241,2.41027697431241,False,False,0.0,0.0,20.8
sim0004_ME,260,29.94296577686555,0,3sml,2.7003605991576944,4.999999999999999,11.088506396592166,True,0.9949556146495478,6.51616996689553,7.0,1993.088371170431,1993.163662067077,1993.163662067077,1993.163662067077,1993.163662067077,1993.163662067077,1995.5739390413894,1995.5739390413894,1995.5739390413894,-2.41027697431241,2.41027697431241,False,False,0.0,0.0,20.8
sim0004_ME,260,29.94296577686555,0,3sml,2.7003605991576944,4.999999999999999,11.088506396592166,True,0.9949556146495478,6.51616996689553,8.0,1993.088371170431,1993.163662067077,1993.163662067077,1993.163662067077,1993.163662067077,1993.163662067077,1995.5739390413894,1995.5739390413894,1995.5739390413894,-2.41027697431241,2.41027697431241,False,False,0.0,0.0,20.8
sim0004_ME,260,29.94296577686555,0,3sml,2.7003605991576944,4.999999999999999,11.088506396592166,True,0.9949556146495478,6.51616996689553,9.0,1993.088371170431,1993.163662067077,1993.163662067077,1993.163662067077,1993.163662067077,1993.163662067077,1995.5739390413894,1995.5739390413894,1995.5739390413894,-2.41027697431241,2.41027697431241,False,False,0.0,0.0,20.8
sim0004_ME,260,29.94296577686555,0,3sml,2.7003605991576944,4.999999999999999,11.088506396592166,True,0.9949556146495478,6.51616996689553,10.0,1993.088371170431,1993.163662067077,1993.163662067077,1993.163662067077,1993.163662067077,1993.163662067077,1995.5739390413894,1995.5739390413894,1995.5739390413894,-2.41027697431241,2.41027697431241,False,False,0.0,0.0,20.8
sim0004_ME,260,29.94296577686555,0,3sml,2.7003605991576944,4.999999999999999,11.088506396592166,True,0.9949556146495478,6.51616996689553,11.0,1993.088371170431,1993.163662067077,1993.163662067077,1993.163662067077,1993.163662067077,1993.163662067077,1995.5739390413894,1995.5739390413894,1995.5739390413894,-2.41027697431241,2.41027697431241,False,False,0.0,0.0,20.8
sim0004_ME,260,29.94296577686555,0,3sml,2.7003605991576944,4.999999999999999,11.088506396592166,True,0.9949556146495478,6.51616996689553,12.0,1993.088371170431,1993.163662067077,1993.163662067077,1993.163662067077,1993.163662067077,1993.163662067077,1995.5739390413894,1995.5739390413894,1995.5739390413894,-2.41027697431241,2.41027697431241,False,False,0.0,0.0,20.8
sim0004_ME,260,29.94296577686555,0,3sml,2.7003605991576944,4.999999999999999,11.088506396592166,True,0.9949556146495478,6.51616996689553,13.0,1993.088371170431,1993.163662067077,1993.163662067077,1993.163662067077,1993.163662067077,1993.163662067077,1995.5739390413894,1995.5739390413894,1995.5739390413894,-2.41027697431241,2.41027697431241,False,False,0.0,0.0,20.8
sim0004_ME,260,29.94296577686555,0,3sml,2.7003605991576944,4.999999999999999,11.088506396592166,True,0.9949556146495478,6.51616996689553,14.0,1993.088371170431,1993.163662067077,1993.163662067077,1993.163662067077,1993.163662067077,1993.163662067077,1995.5739390413894,1995.5739390413894,1995.5739390413894,-2.41027697431241,2.41027697431241,False,False,0.0,0.0,20.8
sim0004_ME,260,29.94296577686555,0,3sml,2.7003605991576944,4.999999999999999,11.088506396592166,True,0.9949556146495478,6.51616996689553,15.0,1993.088371170431,1993.163662067077,1993.163662067077,1993.163662067077,1993.163662067077,1993.163662067077,1995.5739390413894,1995.5739390413894,1995.5739390413894,-2.41027697431241,2.41027697431241,False,False,0.0,0.0,20.8
sim0004_ME,260,29.94296577686555,0,3sml,2.7003605991576944,4.999999999999999,11.088506396592166,True,0.9949556146495478,6.51616996689553,16.0,1993.088371170431,1993.163662067077,1993.163662067077,1993.163662067077,1993.163662067077,1993.163662067077,1995.5739390413894,1995.5739390413894,1995.5739390413894,-2.41027697431241,2.41027697431241,False,False,0.0,0.0,20.8
sim0004_ME,260,29.94296577686555,0,3sml,2.7003605991576944,4.999999999999999,11.088506396592166,True,0.9949556146495478,6.51616996689553,17.0,1993.088371170431,1993.163662067077,1993.163662067077,1993.163662067077,1993.163662067077,1993.163662067077,1995.5739390413894,1995.5739390413894,2009.1748459575447,-2.41027697431241,2.41027697431241,False,False,0.0,13.600906916155282,20.8
sim0004_ME,260,29.94296577686555,0,3sml,2.7003605991576944,4.999999999999999,11.088506396592166,True,0.9949556146495478,6.51616996689553,18.0,1993.088371170431,1993.163662067077,1993.163662067077,1993.163662067077,1993.163662067077,1993.163662067077,1995.5739390413894,1995.5739390413894,2009.1748459575447,-2.41027697431241,2.41027697431241,False,False,0.0,13.600906916155282,20.8
sim0004_ME,260,29.94296577686555,0,3sml,2.7003605991576944,4.999999999999999,11.088506396592166,True,0.9949556146495478,6.51616996689553,18.99239542778946,1993.088371170431,1993.163662067077,1993.163662067077,1993.163662067077,1993.163662067077,1993.163662067077,1995.5739390413894,1995.5739390413894,2009.1748459575447,-2.41027697431241,2.41027697431241,False,False,0.0,13.600906916155282,20.8
sim0004_ME,260,29.94296577686555,1,3sml,2.6971664520727034,4.999999999999999,11.10163807422977,True,0.9989826619413873,6.030643039718119,1.0,1997.1948350444895,1998.1941505817927,1998.1941505817927,1998.1941505817927,1998.1941505817927,1998.1941505817927,1998.1802802345728,1998.1802802345728,1998.1802802345728,0.013870347219835821,0.013870347219835821,False,False,0.0,0.0,20.8
sim0004_ME,260,29.94296577686555,1,3sml,2.6971664520727034,4.999999999999999,11.10163807422977,True,0.9989826619413873,6.030643039718119,2.0,1997.1948350444895,1998.221529089664,1998.221529089664,1998.2489075975352,1998.221529089664,1998.2489075975352,1998.2851330411952,1998.2701540688201,1998.3150909859444,-0.0636039515311495,0.0636039515311495,False,False,0.027378507871162583,0.04493691712423242,20.8
sim0004_ME,260,29.94296577686555,1,3sml,2.6971664520727034,4.999999999999999,11.10163807422977,True,0.9989826619413873,6.030643039718119,3.0,1997.1948350444895,1998.221529089664,1998.221529089664,1998.2489075975352,1998.221529089664,1998.2489075975352,1998.2851330411952,1998.2701540688201,1998.3150909859444,-0.0636039515311495,0.0636039515311495,False,False,0.027378507871162583,0.04493691712423242,20.8
sim0004_ME,260,29.94296577686555,1,3sml,2.6971664520727034,4.999999999999999,11.10163807422977,True,0.9989826619413873,6.030643039718119,4.0,1997.1948350444895,1998.221529089664,1998.221529089664,1998.2489075975352,1998.221529089664,1998.2489075975352,2000.966369096252,1998.2701540688201,2000.9963270410012,-2.7448400065879923,2.7448400065879923,False,False,0.027378507871162583,2.7261729721810752,20.8
sim0004_ME,260,29.94296577686555,1,3sml,2.6971664520727034,4.999999999999999,11.10163807422977,True,0.9989826619413873,6.030643039718119,5.0,1997.1948350444895,1998.221529089664,1998.221529089664,1998.2489075975352,1998.221529089664,1998.2489075975352,2000.966369096252,1998.2701540688201,2000.9963270410012,-2.7448400065879923,2.7448400065879923,False,False,0.027378507871162583,2.7261729721810752,20.8
sim0004_ME,260,29.94296577686555,1,3sml,2.6971664520727034,4.999999999999999,11.10163807422977,True,0.9989826619413873,6.030643039718119,6.0,1997.1948350444895,1998.221529089664,1998.221529089664,1998.2489075975352,1998.221529089664,1998.2489075975352,2000.966369096252,1998.2701540688201,2000.9963270410012,-2.7448400065879923,2.7448400065879923,False,False,0.027378507871162583,2.7261729721810752,20.8
sim0004_ME,260,29.94296577686555,1,3sml,2.6971664520727034,4.999999999999999,11.10163807422977,True,0.9989826619413873,6.030643039718119,7.0,1997.1948350444895,1998.221529089664,1998.221529089664,1998.2489075975352,1998.221529089664,1998.2489075975352,2003.677563096058,1998.2851330411952,2003.6925420684333,-5.45603400639402,5.45603400639402,False,False,0.027378507871162583,5.407409027238145,20.8
sim0004_ME,260,29.94296577686555,1,3sml,2.6971664520727034,4.999999999999999,11.10163807422977,True,0.9989826619413873,6.030643039718119,8.0,1997.1948350444895,1998.221529089664,1998.221529089664,1998.2489075975352,1998.221529089664,1998.2489075975352,2003.677563096058,1998.2851330411952,2003.6925420684333,-5.45603400639402,5.45603400639402,False,False,0.027378507871162583,5.407409027238145,20.8
sim0004_ME,260,29.94296577686555,1,3sml,2.6971664520727034,4.999999999999999,11.10163807422977,True,0.9989826619413873,6.030643039718119,9.0,1997.1948350444895,1998.221529089664,1998.221529089664,1998.2489075975352,1998.221529089664,1998.2489075975352,2003.677563096058,1998.2851330411952,2003.6925420684333,-5.45603400639402,5.45603400639402,False,False,0.027378507871162583,5.407409027238145,20.8
sim0004_ME,260,29.94296577686555,1,3sml,2.6971664520727034,4.999999999999999,11.10163807422977,True,0.9989826619413873,6.030643039718119,10.0,1997.1948350444895,1998.221529089664,1998.221529089664,1998.2489075975352,1998.221529089664,1998.2489075975352,2003.677563096058,1998.3150909859444,2006.37377812349,-5.45603400639402,5.45603400639402,False,False,0.027378507871162583,8.058687137545576,20.8
sim0004_ME,260,29.94296577686555,1,3sml,2.6971664520727034,4.999999999999999,11.10163807422977,True,0.9989826619413873,6.030643039718119,11.0,1997.1948350444895,1998.221529089664,1998.221529089664,1998.2489075975352,1998.221529089664,1998.2489075975352,2003.677563096058,1998.3150909859444,2006.37377812349,-5.45603400639402,5.45603400639402,False,False,0.027378507871162583,8.058687137545576,20.8
sim0004_ME,260,29.94296577686555,1,3sml,2.6971664520727034,4.999999999999999,11.10163807422977,True,0.9989826619413873,6.030643039718119,12.0,1997.1948350444895,1998.221529089664,1998.221529089664,1998.2489075975352,1998.221529089664,1998.2489075975352,2003.6925420684333,2000.966369096252,2009.069993150922,-5.471012978769295,5.471012978769295,False,False,0.027378507871162583,8.103624054670036,20.8
sim0004_ME,260,29.94296577686555,1,3sml,2.6971664520727034,4.999999999999999,11.10163807422977,True,0.9989826619413873,6.030643039718119,13.0,1997.1948350444895,1998.221529089664,1998.221529089664,1998.2489075975352,1998.221529089664,1998.2489075975352,2003.6925420684333,2000.966369096252,2009.069993150922,-5.471012978769295,5.471012978769295,False,False,0.027378507871162583,8.103624054670036,20.8
sim0004_ME,260,29.94296577686555,1,3sml,2.6971664520727034,4.999999999999999,11.10163807422977,True,0.9989826619413873,6.030643039718119,14.0,1997.1948350444895,1998.221529089664,1998.221529089664,1998.2489075975352,1998.221529089664,1998.2489075975352,2003.6925420684333,2000.966369096252,2009.069993150922,-5.471012978769295,5.471012978769295,False,False,0.027378507871162583,8.103624054670036,20.8
sim0004_ME,260,29.94296577686555,1,3sml,2.6971664520727034,4.999999999999999,11.10163807422977,True,0.9989826619413873,6.030643039718119,14.88593155373087,1997.1948350444895,1998.221529089664,1998.221529089664,1998.2489075975352,1998.221529089664,1998.2489075975352,2003.7075210408073,2000.9939304054215,2009.084972123296,-5.485991951143205,5.485991951143205,False,False,0.027378507871162583,8.091041717874532,20.8
sim0004_ME,260,29.94296577686555,2,3sml,2.709427576438335,4.999999999999999,11.051399209654067,True,0.996781466166816,6.467437999032615,1.0,2006.1492076659822,2006.47090513347,2006.47090513347,2006.47090513347,2006.47090513347,2006.47090513347,2006.4636519577373,2006.4636519577373,2006.4636519577373,0.0072531757327851665,0.0072531757327851665,False,False,0.0,0.0,20.8
sim0004_ME,260,29.94296577686555,2,3sml,2.709427576438335,4.999999999999999,11.051399209654067,True,0.996781466166816,6.467437999032615,2.0,2006.1492076659822,2006.47090513347,2006.47090513347,2006.47090513347,2006.47090513347,2006.47090513347,2006.4636519577373,2006.4636519577373,2006.4636519577373,0.0072531757327851665,0.0072531757327851665,False,False,0.0,0.0,20.8
sim0004_ME,260,29.94296577686555,2,3sml,2.709427576438335,4.999999999999999,11.051399209654067,True,0.996781466166816,6.467437999032615,3.0,2006.1492076659822,2006.47090513347,2006.47090513347,2006.47090513347,2006.47090513347,2006.47090513347,2006.4636519577373,2006.4636519577373,2006.4636519577373,0.0072531757327851665,0.0072531757327851665,False,False,0.0,0.0,20.8
sim0004_ME,260,29.94296577686555,2,3sml,2.709427576438335,4.999999999999999,11.051399209654067,True,0.996781466166816,6.467437999032615,4.0,2006.1492076659822,2006.47090513347,2006.47090513347,2006.47090513347,2006.47090513347,2006.47090513347,2006.4636519577373,2006.4636519577373,2009.1748459575447,0.0072531757327851665,0.0072531757327851665,False,False,0.0,2.711193999807392,20.8
sim0004_ME,260,29.94296577686555,2,3sml,2.709427576438335,4.999999999999999,11.051399209654067,True,0.996781466166816,6.467437999032615,5.0,2006.1492076659822,2006.47090513347,2006.47090513347,2006.47090513347,2006.47090513347,2006.47090513347,2006.4636519577373,2006.4636519577373,2009.1748459575447,0.0072531757327851665,0.0072531757327851665,False,False,0.0,2.711193999807392,20.8
sim0004_ME,260,29.94296577686555,2,3sml,2.709427576438335,4.999999999999999,11.051399209654067,True,0.996781466166816,6.467437999032615,5.931558932238204,2006.1492076659822,2006.47090513347,2006.47090513347,2006.47090513347,2006.47090513347,2006.47090513347,2011.9010189297244,2009.1748459575447,2011.9010189297244,-5.430113796254318,5.430113796254318,False,False,0.0,2.726172972179711,20.8
sim0004_ME,260,29.94296577686555,3,2sm,2.7034399500000794,4.999999999999999,11.075876043359006,True,0.9990535871417867,6.9601229829687385,1.0,2010.4267742094455,2011.4260897467486,2011.4260897467486,2011.4260897467486,2011.4260897467486,2011.4260897467486,2011.4216918137374,2011.4216918137374,2011.4216918137374,0.0043979330112051684,0.0043979330112051684,False,False,0.0,0.0,20.8
sim0004_ME,260,29.94296577686555,3,2sm,2.7034399500000794,4.999999999999999,11.075876043359006,True,0.9990535871417867,6.9601229829687385,1.6539923887748955,2010.4267742094455,2011.8093888569472,2011.8093888569472,2011.8093888569472,2011.8093888569472,2011.8367673648186,2011.8860399573505,2011.8860399573505,2011.9010189297244,-0.07665110040329637,0.07665110040329637,False,False,0.0,0.014978972373910437,20.8
sim0005_ME,260,29.94296577686555,0,3sml,7.5417891060969735,4.999999999999999,3.9702735459227965,True,0.9939559240395156,9.473801429882936,1.0,1997.1948350444895,1997.3522614647495,1997.2701259411356,1997.3522614647495,1997.2701259411356,1997.3522614647495,1997.5062264777148,1997.5062264777148,1997.5062264777148,-0.15396501296527276,0.15396501296527276,False,False,0.0821355236139425,0.0,20.8
sim0005_ME,260,29.94296577686555,0,3sml,7.5417891060969735,4.999999999999999,3.9702735459227965,True,0.9939559240395156,9.473801429882936,2.0,1997.1948350444895,1997.3522614647495,1997.2701259411356,1997.3522614647495,1997.2701259411356,1997.3522614647495,1997.5062264777148,1997.5062264777148,1997.5062264777148,-0.15396501296527276,0.15396501296527276,False,False,0.0821355236139425,0.0,20.8
sim0005_ME,260,29.94296577686555,0,3sml,7.5417891060969735,4.999999999999999,3.9702735459227965,True,0.9939559240395156,9.473801429882936,3.0,1997.1948350444895,1997.3522614647495,1997.2701259411356,1997.3522614647495,1997.2701259411356,1997.3522614647495,1997.5062264777148,1997.5062264777148,1997.5062264777148,-0.15396501296527276,0.15396501296527276,False,False,0.0821355236139425,0.0,20.8
sim0005_ME,260,29.94296577686555,0,3sml,7.5417891060969735,4.999999999999999,3.9702735459227965,True,0.9939559240395156,9.473801429882936,4.0,1997.1948350444895,1997.3522614647495,1997.2701259411356,1997.3522614647495,1997.2701259411356,1997.3522614647495,1997.5062264777148,1997.5062264777148,1997.5062264777148,-0.15396501296527276,0.15396501296527276,False,False,0.0821355236139425,0.0,20.8
sim0005_ME,260,29.94296577686555,0,3sml,7.5417891060969735,4.999999999999999,3.9702735459227965,True,0.9939559240395156,9.473801429882936,5.0,1997.1948350444895,1997.3522614647495,1997.2701259411356,1997.3522614647495,1997.2701259411356,1997.3522614647495,1997.5062264777148,1997.5062264777148,1997.5062264777148,-0.15396501296527276,0.15396501296527276,False,False,0.0821355236139425,0.0,20.8
sim0005_ME,260,29.94296577686555,0,3sml,7.5417891060969735,4.999999999999999,3.9702735459227965,True,0.9939559240395156,9.473801429882936,6.0,1997.1948350444895,1997.3522614647495,1997.2701259411356,1997.3522614647495,1997.2701259411356,1997.3522614647495,1997.5062264777148,1997.5062264777148,1997.5062264777148,-0.15396501296527276,0.15396501296527276,False,False,0.0821355236139425,0.0,20.8
sim0005_ME,260,29.94296577686555,0,3sml,7.5417891060969735,4.999999999999999,3.9702735459227965,True,0.9939559240395156,9.473801429882936,7.0,1997.1948350444895,1997.3522614647495,1997.2701259411356,1997.3522614647495,1997.2701259411356,1997.3522614647495,1997.5062264777148,1997.5062264777148,1997.5062264777148,-0.15396501296527276,0.15396501296527276,False,False,0.0821355236139425,0.0,20.8
sim0005_ME,260,29.94296577686555,0,3sml,7.5417891060969735,4.999999999999999,3.9702735459227965,True,0.9939559240395156,9.473801429882936,8.0,1997.1948350444895,1997.3522614647495,1997.2701259411356,1997.3522614647495,1997.2701259411356,1997.3522614647495,2005.0406495821492,1997.5062264777148,2005.0406495821492,-7.688388117399654,7.688388117399654,False,False,0.0821355236139425,7.5344231044343815,20.8
sim0005_ME,260,29.94296577686555,0,3sml,7.5417891060969735,4.999999999999999,3.9702735459227965,True,0.9939559240395156,9.473801429882936,9.0,1997.1948350444895,1997.3522614647495,1997.2701259411356,1997.3522614647495,1997.2701259411356,1997.3522614647495,2005.0406495821492,1997.5062264777148,2005.0406495821492,-7.688388117399654,7.688388117399654,False,False,0.0821355236139425,7.5344231044343815,20.8
sim0005_ME,260,29.94296577686555,0,3sml,7.5417891060969735,4.999999999999999,3.9702735459227965,True,0.9939559240395156,9.473801429882936,10.0,1997.1948350444895,1997.3522614647495,1997.2701259411356,1997.3522614647495,1997.2701259411356,1997.3522614647495,2005.0406495821492,1997.5062264777148,2005.0406495821492,-7.688388117399654,7.688388117399654,False,False,0.0821355236139425,7.5344231044343815,20.8
sim0005_ME,260,29.94296577686555,0,3sml,7.5417891060969735,4.999999999999999,3.9702735459227965,True,0.9939559240395156,9.473801429882936,11.0,1997.1948350444895,1997.3522614647495,1997.2701259411356,1997.3522614647495,1997.2701259411356,1997.3522614647495,2005.0406495821492,1997.5062264777148,2005.0406495821492,-7.688388117399654,7.688388117399654,False,False,0.0821355236139425,7.5344231044343815,20.8
sim0005_ME,260,29.94296577686555,0,3sml,7.5417891060969735,4.999999999999999,3.9702735459227965,True,0.9939559240395156,9.473801429882936,12.0,1997.1948350444895,1997.3522614647495,1997.2701259411356,1997.3522614647495,1997.2701259411356,1997.3522614647495,2005.0406495821492,1997.5062264777148,2005.0406495821492,-7.688388117399654,7.688388117399654,False,False,0.0821355236139425,7.5344231044343815,20.8
sim0005_ME,260,29.94296577686555,0,3sml,7.5417891060969735,4.999999999999999,3.9702735459227965,True,0.9939559240395156,9.473801429882936,13.0,1997.1948350444895,1997.3522614647495,1997.2701259411356,1997.3522614647495,1997.2701259411356,1997.3522614647495,2005.0406495821492,1997.5062264777148,2005.0406495821492,-7.688388117399654,7.688388117399654,False,False,0.0821355236139425,7.5344231044343815,20.8
sim0005_ME,260,29.94296577686555,0,3sml,7.5417891060969735,4.999999999999999,3.9702735459227965,True,0.9939559240395156,9.473801429882936,14.0,1997.1948350444895,1997.3522614647495,1997.2701259411356,1997.3522614647495,1997.2701259411356,1997.3522614647495,2005.0406495821492,1997.5062264777148,2005.0406495821492,-7.688388117399654,7.688388117399654,False,False,0.0821355236139425,7.5344231044343815,20.8
sim0005_ME,260,29.94296577686555,0,3sml,7.5417891060969735,4.999999999999999,3.9702735459227965,True,0.9939559240395156,9.473801429882936,14.88593155373087,1997.1948350444895,1997.3522614647495,1997.2701259411356,1997.3522614647495,1997.2701259411356,1997.3522614647495,2005.0406495821492,1997.5062264777148,2005.0406495821492,-7.688388117399654,7.688388117399654,False,False,0.0821355236139425,7.5344231044343815,20.8
sim0005_ME,260,29.94296577686555,1,2sm,7.59908403797305,4.999999999999999,3.9403388128409773,True,0.9972563394186762,9.371172812204382,1.0,2001.4153673648184,2002.4146829021215,2002.4146829021215,2002.4146829021215,2002.4146829021215,2002.4146829021215,2002.4043504442154,2002.4043504442154,2002.4043504442154,0.010332457906088166,0.010332457906088166,False,False,0.0,0.0,20.8
sim0005_ME,260,29.94296577686555,1,2sm,7.59908403797305,4.999999999999999,3.9403388128409773,True,0.9972563394186762,9.371172812204382,2.0,2001.4153673648184,2003.400309185489,2003.400309185489,2003.400309185489,2003.400309185489,2003.400309185489,2003.407941593315,2003.407941593315,2003.407941593315,-0.007632407825894916,0.007632407825894916,False,False,0.0,0.0,20.8
sim0005_ME,260,29.94296577686555,1,2sm,7.59908403797305,4.999999999999999,3.9403388128409773,True,0.9972563394186762,9.371172812204382,3.0,2001.4153673648184,2004.413313976728,2004.413313976728,2004.413313976728,2004.413313976728,2004.413313976728,2004.4115327424142,2004.4115327424142,2004.4115327424142,0.0017812343137393327,0.0017812343137393327,False,False,0.0,0.0,20.8
sim0005_ME,260,29.94296577686555,1,2sm,7.59908403797305,4.999999999999999,3.9403388128409773,True,0.9972563394186762,9.371172812204382,4.0,2001.4153673648184,2005.0703981656397,2005.0703981656397,2005.0703981656397,2005.0430196577684,2005.1525336892537,2004.9208178031515,2004.8609019136534,2004.9357967755268,0.14958036248822282,0.14958036248822282,False,False,0.0,0.07489486187341754,20.8
sim0005_ME,260,29.94296577686555,1,2sm,7.59908403797305,4.999999999999999,3.9403388128409773,True,0.9972563394186762,9.371172812204382,5.0,2001.4153673648184,2005.0703981656397,2005.0703981656397,2005.0703981656397,2005.0430196577684,2005.1525336892537,2004.9208178031515,2004.8609019136534,2004.9357967755268,0.14958036248822282,0.14958036248822282,False,False,0.0,0.07489486187341754,20.8
sim0005_ME,260,29.94296577686555,1,2sm,7.59908403797305,4.999999999999999,3.9403388128409773,True,0.9972563394186762,9.371172812204382,6.0,2001.4153673648184,2005.0703981656397,2005.0703981656397,2005.0703981656397,2005.0430196577684,2005.1525336892537,2004.9208178031515,2004.8609019136534,2004.9357967755268,0.14958036248822282,0.14958036248822282,False,False,0.0,0.07489486187341754,20.8
sim0005_ME,260,29.94296577686555,1,2sm,7.59908403797305,4.999999999999999,3.9403388128409773,True,0.9972563394186762,9.371172812204382,7.0,2001.4153673648184,2005.0703981656397,2005.0703981656397,2005.0703981656397,2005.0430196577684,2005.1525336892537,2004.9208178031515,2004.8609019136534,2004.9357967755268,0.14958036248822282,0.14958036248822282,False,False,0.0,0.07489486187341754,20.8
sim0005_ME,260,29.94296577686555,1,2sm,7.59908403797305,4.999999999999999,3.9403388128409773,True,0.9972563394186762,9.371172812204382,8.0,2001.4153673648184,2005.0703981656397,2005.0703981656397,2005.0703981656397,2005.0430196577684,2005.1525336892537,2004.9208178031515,2004.8609019136534,2004.9357967755268,0.14958036248822282,0.14958036248822282,False,False,0.0,0.07489486187341754,20.8
sim0005_ME,260,29.94296577686555,1,2sm,7.59908403797305,4.999999999999999,3.9403388128409773,True,0.9972563394186762,9.371172812204382,9.0,2001.4153673648184,2005.0703981656397,2005.0703981656397,2005.0703981656397,2005.0430196577684,2005.1525336892537,2004.9208178031515,2004.8609019136534,2004.9357967755268,0.14958036248822282,0.14958036248822282,False,False,0.0,0.07489486187341754,20.8
sim0005_ME,260,29.94296577686555,1,2sm,7.59908403797305,4.999999999999999,3.9403388128409773,True,0.9972563394186762,9.371172812204382,10.0,2001.4153673648184,2005.0703981656397,2005.0703981656397,2005.0703981656397,2005.0430196577684,2005.1525336892537,2004.9208178031515,2004.8609019136534,2004.9357967755268,0.14958036248822282,0.14958036248822282,False,False,0.0,0.07489486187341754,20.8
sim0005_ME,260,29.94296577686555,1,2sm,7.59908403797305,4.999999999999999,3.9403388128409773,True,0.9972563394186762,9.371172812204382,10.665399233402013,2001.4153673648184,2005.0703981656397,2005.0703981656397,2005.0703981656397,2005.0430196577684,2005.1525336892537,2004.9208178031515,2004.8609019136534,2004.9357967755268,0.14958036248822282,0.14958036248822282,False,False,0.0,0.07489486187341754,20.8
sim0005_ME,260,29.94296577686555,2,3sml,7.594113596295038,4.999999999999999,3.942917813538358,True,0.9998725518204927,9.040769909602652,1.0,2010.4267742094455,2011.4260897467486,2011.4260897467486,2011.4260897467486,2011.4260897467486,2011.4260897467486,2011.4216918137374,2011.4216918137374,2011.4216918137374,0.0043979330112051684,0.0043979330112051684,False,False,0.0,0.0,20.8
sim0005_ME,260,29.94296577686555,2,3sml,7.594113596295038,4.999999999999999,3.942917813538358,True,0.9998725518204927,9.040769909602652,1.6539923887748955,2010.4267742094455,2012.055795427789,2012.055795427789,2012.055795427789,2012.055795427789,2012.055795427789,2012.0807665982204,2012.0807665982204,2012.0807665982204,-0.024971170431399514,0.024971170431399514,False,False,0.0,0.0,20.8
sim0006_ME,260,29.94296577686555,0,2sm,2.907913901112303,4.999999999999999,10.297060640417206,True,0.9994977238231424,9.35263397610029,1.0,2001.4153673648184,2002.4146829021215,2002.4146829021215,2002.4146829021215,2002.4146829021215,2002.4146829021215,2002.4043504442154,2002.4043504442154,2002.4043504442154,0.010332457906088166,0.010332457906088166,False,False,0.0,0.0,20.8
sim0006_ME,260,29.94296577686555,0,2sm,2.907913901112303,4.999999999999999,10.297060640417206,True,0.9994977238231424,9.35263397610029,2.0,2001.4153673648184,2003.3455521697465,2003.3455521697465,2003.3729306776177,2003.3455521697465,2003.3729306776177,2003.1383200905716,2003.1383200905716,2003.213214952445,0.20723207917490072,0.20723207917490072,False,False,0.027378507871162583,0.07489486187341754,20.8
sim0006_ME,260,29.94296577686555,0,2sm,2.907913901112303,4.999999999999999,10.297060640417206,True,0.9994977238231424,9.35263397610029,3.0,2001.4153673648184,2003.3455521697465,2003.3455521697465,2003.3729306776177,2003.3455521697465,2003.3729306776177,2003.887268709303,2003.827352819805,2003.887268709303,-0.5417165395565462,0.5417165395565462,False,False,0.027378507871162583,0.05991588949814286,20.8
sim0006_ME,260,29.94296577686555,0,2sm,2.907913901112303,4.999999999999999,10.297060640417206,True,0.9994977238231424,9.35263397610029,4.0,2001.4153673648184,2003.3455521697465,2003.3455521697465,2003.3729306776177,2003.3455521697465,2003.3729306776177,2003.887268709303,2003.827352819805,2003.887268709303,-0.5417165395565462,0.5417165395565462,False,False,0.027378507871162583,0.05991588949814286,20.8
sim0006_ME,260,29.94296577686555,0,2sm,2.907913901112303,4.999999999999999,10.297060640417206,True,0.9994977238231424,9.35263397610029,5.0,2001.4153673648184,2003.3455521697465,2003.3455521697465,2003.3729306776177,2003.3455521697465,2003.3729306776177,2003.887268709303,2003.827352819805,2003.887268709303,-0.5417165395565462,0.5417165395565462,False,False,0.027378507871162583,0.05991588949814286,20.8
sim0006_ME,260,29.94296577686555,0,2sm,2.907913901112303,4.999999999999999,10.297060640417206,True,0.9994977238231424,9.35263397610029,6.0,2001.4153673648184,2003.3455521697465,2003.3455521697465,2003.3729306776177,2003.3455521697465,2003.3729306776177,2003.887268709303,2003.827352819805,2003.887268709303,-0.5417165395565462,0.5417165395565462,False,False,0.027378507871162583,0.05991588949814286,20.8
sim0006_ME,260,29.94296577686555,0,2sm,2.907913901112303,4.999999999999999,10.297060640417206,True,0.9994977238231424,9.35263397610029,7.0,2001.4153673648184,2003.3455521697465,2003.3455521697465,2003.3729306776177,2003.3455521697465,2003.3729306776177,2003.887268709303,2003.827352819805,2003.887268709303,-0.5417165395565462,0.5417165395565462,False,False,0.027378507871162583,0.05991588949814286,20.8
sim0006_ME,260,29.94296577686555,0,2sm,2.907913901112303,4.999999999999999,10.297060640417206,True,0.9994977238231424,9.35263397610029,8.0,2001.4153673648184,2003.3455521697465,2003.3455521697465,2003.3729306776177,2003.3455521697465,2003.3729306776177,2003.887268709303,2003.827352819805,2003.887268709303,-0.5417165395565462,0.5417165395565462,False,False,0.027378507871162583,0.05991588949814286,20.8
sim0006_ME,260,29.94296577686555,0,2sm,2.907913901112303,4.999999999999999,10.297060640417206,True,0.9994977238231424,9.35263397610029,9.0,2001.4153673648184,2003.3455521697465,2003.3455521697465,2003.3729306776177,2003.3455521697465,2003.3729306776177,2009.74404690778,2003.827352819805,2009.74404690778,-6.398494738033605,6.398494738033605,False,False,0.027378507871162583,5.916694087975202,20.8
sim0006_ME,260,29.94296577686555,0,2sm,2.907913901112303,4.999999999999999,10.297060640417206,True,0.9994977238231424,9.35263397610029,10.0,2001.4153673648184,2003.3455521697465,2003.3455521697465,2003.3729306776177,2003.3455521697465,2003.3729306776177,2009.74404690778,2003.827352819805,2009.74404690778,-6.398494738033605,6.398494738033605,False,False,0.027378507871162583,5.916694087975202,20.8
sim0006_ME,260,29.94296577686555,0,2sm,2.907913901112303,4.999999999999999,10.297060640417206,True,0.9994977238231424,9.35263397610029,10.665399233402013,2001.4153673648184,2003.3455521697465,2003.3455521697465,2003.3729306776177,2003.3455521697465,2003.3729306776177,2009.74404690778,2003.827352819805,2009.74404690778,-6.398494738033605,6.398494738033605,False,False,0.027378507871162583,5.916694087975202,20.8
sim0006_ME,260,29.94296577686555,1,3sml,2.9150996152048667,4.999999999999999,10.271678408753528,True,0.9985327205622706,9.285381405755357,1.0,2006.1492076659822,2006.3066340862422,2006.3066340862422,2006.3066340862422,2006.3066340862422,2006.3066340862422,2006.5834837367352,2006.56850476436,2006.5834837367352,-0.27684965049297716,0.27684965049297716,False,False,0.0,0.01497897237527468,20.8
sim0006_ME,260,29.94296577686555,1,3sml,2.9150996152048667,4.999999999999999,10.271678408753528,True,0.9985327205622706,9.285381405755357,2.0,2006.1492076659822,2006.3066340862422,2006.3066340862422,2006.3066340862422,2006.3066340862422,2006.3066340862422,2006.5834837367352,2006.56850476436,2006.5834837367352,-0.27684965049297716,0.27684965049297716,False,False,0.0,0.01497897237527468,20.8
sim0006_ME,260,29.94296577686555,1,3sml,2.9150996152048667,4.999999999999999,10.271678408753528,True,0.9985327205622706,9.285381405755357,3.0,2006.1492076659822,2006.3066340862422,2006.3066340862422,2006.3066340862422,2006.3066340862422,2006.3066340862422,2009.0100772614226,2006.56850476436,2009.0100772614226,-2.7034431751803822,2.7034431751803822,False,False,0.0,2.4415724970626798,20.8
sim0006_ME,260,29.94296577686555,1,3sml,2.9150996152048667,4.999999999999999,10.271678408753528,True,0.9985327205622706,9.285381405755357,4.0,2006.1492076659822,2006.3066340862422,2006.3066340862422,2006.3066340862422,2006.3066340862422,2006.3066340862422,2009.0100772614226,2006.5834837367352,2009.504383349786,-2.7034431751803822,2.7034431751803822,False,False,0.0,2.9208996130507785,20.8
sim0006_ME,260,29.94296577686555,1,3sml,2.9150996152048667,4.999999999999999,10.271678408753528,True,0.9985327205622706,9.285381405755357,5.0,2006.1492076659822,2006.3066340862422,2006.3066340862422,2006.3066340862422,2006.3066340862422,2006.3066340862422,2009.0100772614226,2006.5834837367352,2009.504383349786,-2.7034431751803822,2.7034431751803822,False,False,0.0,2.9208996130507785,20.8
sim0006_ME,260,29.94296577686555,1,3sml,2.9150996152048667,4.999999999999999,10.271678408753528,True,0.9985327205622706,9.285381405755357,5.931558932238204,2006.1492076659822,2006.3066340862422,2006.3066340862422,2006.3066340862422,2006.3066340862422,2006.3066340862422,2009.489404377411,2006.5834837367352,2011.9309768744736,-3.1827702911687084,3.1827702911687084,False,False,0.0,5.347493137738411,20.8
sim0006_ME,260,29.94296577686555,2,3sml,2.907562888691416,4.999999999999999,10.298303742053106,True,0.9980517640373056,8.788846616842793,1.0,2010.4267742094455,2011.4260897467486,2011.4260897467486,2011.4260897467486,2011.4260897467486,2011.4260897467486,2011.4216918137374,2011.4216918137374,2011.4216918137374,0.0043979330112051684,0.0043979330112051684,False,False,0.0,0.0,20.8
sim0006_ME,260,29.94296577686555,2,3sml,2.907562888691416,4.999999999999999,10.298303742053106,True,0.9980517640373056,8.788846616842793,1.6539923887748955,2010.4267742094455,2012.055795427789,2012.055795427789,2012.055795427789,2012.055795427789,2012.055795427789,2011.990892763973,2011.960934819224,2012.020850708722,0.06490266381592846,0.06490266381592846,False,False,0.0,0.05991588949814286,20.8
sim0007_K,260,29.94296577686555,0,3sml,5.528115762739865,4.999999999999999,5.416486749189404,True,0.9918726636311364,4.430452717342246,1.0,1993.088371170431,1994.087686707734,1994.087686707734,1994.087686707734,1994.087686707734,1994.087686707734,1993.1024085995762,1993.1024085995762,1993.1024085995762,0.9852781081578996,0.9852781081578996,False,False,0.0,0.0,20.8
sim0007_K,260,29.94296577686555,0,3sml,5.528115762739865,4.999999999999999,5.416486749189404,True,0.9918726636311364,4.430452717342246,2.0,1993.088371170431,1995.0733129911016,1995.0733129911016,1995.0733129911016,1995.0733129911016,1995.0733129911016,1994.824990422658,1993.1024085995762,1994.9598011740295,0.24832256844365475,0.24832256844365475,False,False,0.0,1.8573925744533426,20.8
sim0007_K,260,29.94296577686555,0,3sml,5.528115762739865,4.999999999999999,5.416486749189404,True,0.9918726636311364,4.430452717342246,3.0,1993.088371170431,1995.785154195756,1995.785154195756,1995.785154195756,1995.7577756878848,1995.8125327036273,1996.0832241021267,1993.1024085995762,1996.0832241021267,-0.29806990637075614,0.29806990637075614,False,False,0.0,2.980815502550513,20.8
sim0007_K,260,29.94296577686555,0,3sml,5.528115762739865,4.999999999999999,5.416486749189404,True,0.9918726636311364,4.430452717342246,4.0,1993.088371170431,1995.785154195756,1995.785154195756,1995.785154195756,1995.7577756878848,1995.8125327036273,1997.086815251226,1993.1024085995762,1997.086815251226,-1.3016610554700492,1.3016610554700492,False,False,0.0,3.984406651649806,20.8
sim0007_K,260,29.94296577686555,0,3sml,5.528115762739865,4.999999999999999,5.416486749189404,True,0.9918726636311364,4.430452717342246,5.0,1993.088371170431,1995.785154195756,1995.785154195756,1995.785154195756,1995.7577756878848,1995.8125327036273,1997.3714157263432,1997.341457781594,1997.6560162014616,-1.5862615305873078,1.5862615305873078,False,False,0.0,0.3145584198675806,20.8
sim0007_K,260,29.94296577686555,0,3sml,5.528115762739865,4.999999999999999,5.416486749189404,True,0.9918726636311364,4.430452717342246,6.0,1993.088371170431,1995.785154195756,1995.785154195756,1995.785154195756,1995.7577756878848,1995.8125327036273,1997.3714157263432,1997.341457781594,1997.6560162014616,-1.5862615305873078,1.5862615305873078,False,False,0.0,0.3145584198675806,20.8
sim0007_K,260,29.94296577686555,0,3sml,5.528115762739865,4.999999999999999,5.416486749189404,True,0.9918726636311364,4.430452717342246,7.0,1993.088371170431,1995.785154195756,1995.785154195756,1995.785154195756,1995.7577756878848,1995.8125327036273,1997.3714157263432,1997.341457781594,1997.6560162014616,-1.5862615305873078,1.5862615305873078,False,False,0.0,0.3145584198675806,20.8
sim0007_K,260,29.94296577686555,0,3sml,5.528115762739865,4.999999999999999,5.416486749189404,True,0.9918726636311364,4.430452717342246,8.0,1993.088371170431,1995.785154195756,1995.785154195756,1995.785154195756,1995.7577756878848,1995.8125327036273,1997.3714157263432,1997.341457781594,1997.6560162014616,-1.5862615305873078,1.5862615305873078,False,False,0.0,0.3145584198675806,20.8
sim0007_K,260,29.94296577686555,0,3sml,5.528115762739865,4.999999999999999,5.416486749189404,True,0.9918726636311364,4.430452717342246,9.0,1993.088371170431,1995.785154195756,1995.785154195756,1995.785154195756,1995.7577756878848,1995.8125327036273,1997.3714157263432,1997.341457781594,1997.6560162014616,-1.5862615305873078,1.5862615305873078,False,False,0.0,0.3145584198675806,20.8
sim0007_K,260,29.94296577686555,0,3sml,5.528115762739865,4.999999999999999,5.416486749189404,True,0.9918726636311364,4.430452717342246,10.0,1993.088371170431,1995.785154195756,1995.785154195756,1995.785154195756,1995.7577756878848,1995.8125327036273,2002.1796658585965,1997.3564367539693,2002.2246027757208,-6.394511662840614,6.394511662840614,False,False,0.0,4.868166021751449,20.8
sim0007_K,260,29.94296577686555,0,3sml,5.528115762739865,4.999999999999999,5.416486749189404,True,0.9918726636311364,4.430452717342246,11.0,1993.088371170431,1995.785154195756,1995.785154195756,1995.785154195756,1995.7577756878848,1995.8125327036273,2002.1796658585965,1997.3564367539693,2002.2246027757208,-6.394511662840614,6.394511662840614,False,False,0.0,4.868166021751449,20.8
sim0007_K,260,29.94296577686555,0,3sml,5.528115762739865,4.999999999999999,5.416486749189404,True,0.9918726636311364,4.430452717342246,12.0,1993.088371170431,1995.785154195756,1995.785154195756,1995.785154195756,1995.7577756878848,1995.8125327036273,2002.1796658585965,1997.3564367539693,2002.2246027757208,-6.394511662840614,6.394511662840614,False,False,0.0,4.868166021751449,20.8
sim0007_K,260,29.94296577686555,0,3sml,5.528115762739865,4.999999999999999,5.416486749189404,True,0.9918726636311364,4.430452717342246,13.0,1993.088371170431,1995.785154195756,1995.785154195756,1995.785154195756,1995.7577756878848,1995.8125327036273,2002.1796658585965,1997.3564367539693,2002.2246027757208,-6.394511662840614,6.394511662840614,False,False,0.0,4.868166021751449,20.8
sim0007_K,260,29.94296577686555,0,3sml,5.528115762739865,4.999999999999999,5.416486749189404,True,0.9918726636311364,4.430452717342246,14.0,1993.088371170431,1995.785154195756,1995.785154195756,1995.785154195756,1995.7577756878848,1995.8125327036273,2002.1946448309718,1997.3714157263432,2007.032852907973,-6.409490635215889,6.409490635215889,False,False,0.0,9.661437181629708,20.8
sim0007_K,260,29.94296577686555,0,3sml,5.528115762739865,4.999999999999999,5.416486749189404,True,0.9918726636311364,4.430452717342246,15.0,1993.088371170431,1995.785154195756,1995.785154195756,1995.785154195756,1995.7577756878848,1995.8125327036273,2002.2096238033457,1997.3714157263432,2007.062810852722,-6.424469607589799,6.424469607589799,False,False,0.0,9.691395126378666,20.8
sim0007_K,260,29.94296577686555,0,3sml,5.528115762739865,4.999999999999999,5.416486749189404,True,0.9918726636311364,4.430452717342246,16.0,1993.088371170431,1995.785154195756,1995.785154195756,1995.785154195756,1995.7577756878848,1995.8125327036273,2002.2096238033457,1997.3714157263432,2007.062810852722,-6.424469607589799,6.424469607589799,False,False,0.0,9.691395126378666,20.8
sim0007_K,260,29.94296577686555,0,3sml,5.528115762739865,4.999999999999999,5.416486749189404,True,0.9918726636311364,4.430452717342246,17.0,1993.088371170431,1995.785154195756,1995.785154195756,1995.785154195756,1995.7577756878848,1995.8125327036273,2002.2096238033457,1997.3714157263432,2007.062810852722,-6.424469607589799,6.424469607589799,False,False,0.0,9.691395126378666,20.8
sim0007_K,260,29.94296577686555,0,3sml,5.528115762739865,4.999999999999999,5.416486749189404,True,0.9918726636311364,4.430452717342246,18.0,1993.088371170431,1995.785154195756,1995.785154195756,1995.785154195756,1995.7577756878848,1995.8125327036273,2002.2096238033457,1997.3714157263432,2007.062810852722,-6.424469607589799,6.424469607589799,False,False,0.0,9.691395126378666,20.8
sim0007_K,260,29.94296577686555,0,3sml,5.528115762739865,4.999999999999999,5.416486749189404,True,0.9918726636311364,4.430452717342246,18.99239542778946,1993.088371170431,1995.785154195756,1995.785154195756,1995.785154195756,1995.7577756878848,1995.8125327036273,2002.2246027757208,1997.6110792843374,2007.3474113278403,-6.439448579964846,6.439448579964846,False,False,0.0,9.736332043502898,20.8
sim0007_K,260,29.94296577686555,1,2sm,5.517106980734032,4.999999999999999,5.427294754556625,True,0.99467597982728,4.045144369527495,1.0,1997.1948350444895,1997.2701259411356,1997.2701259411356,1997.2701259411356,1997.2701259411356,1997.2701259411356,1997.2066470302225,1997.2066470302225,1997.2066470302225,0.06347891091309066,0.06347891091309066,False,False,0.0,0.0,20.8
sim0007_K,260,29.94296577686555,1,2sm,5.517106980734032,4.999999999999999,5.427294754556625,True,0.99467597982728,4.045144369527495,2.0,1997.1948350444895,1997.2701259411356,1997.2701259411356,1997.2701259411356,1997.2701259411356,1997.2701259411356,1997.2066470302225,1997.2066470302225,1997.2066470302225,0.06347891091309066,0.06347891091309066,False,False,0.0,0.0,20.8
sim0007_K,260,29.94296577686555,1,2sm,5.517106980734032,4.999999999999999,5.427294754556625,True,0.99467597982728,4.045144369527495,3.0,1997.1948350444895,2000.1927816563991,2000.1927816563991,2000.1927816563991,1997.2701259411356,2000.1927816563991,1997.2066470302225,1997.2066470302225,1997.2066470302225,2.9861346261766357,2.9861346261766357,False,False,0.0,0.0,20.8
sim0007_K,260,29.94296577686555,1,2sm,5.517106980734032,4.999999999999999,5.427294754556625,True,0.99467597982728,4.045144369527495,4.0,1997.1948350444895,2001.1784079397667,2001.1784079397667,2001.1784079397667,2001.1784079397667,2001.1784079397667,2001.191053681871,2001.191053681871,2001.191053681871,-0.01264574210426872,0.01264574210426872,False,False,0.0,0.0,20.8
sim0007_K,260,29.94296577686555,1,2sm,5.517106980734032,4.999999999999999,5.427294754556625,True,0.99467597982728,4.045144369527495,5.0,1997.1948350444895,2001.3426789869945,2001.287921971252,2001.370057494866,2001.2331649555092,2001.397436002737,2001.5505490188627,2001.5355700464877,2001.5655279912366,-0.20787003186819675,0.20787003186819675,False,False,0.0821355236139425,0.029957944748957743,20.8
sim0007_K,260,29.94296577686555,1,2sm,5.517106980734032,4.999999999999999,5.427294754556625,True,0.99467597982728,4.045144369527495,6.0,1997.1948350444895,2001.3426789869945,2001.287921971252,2001.370057494866,2001.2331649555092,2001.397436002737,2001.5505490188627,2001.5355700464877,2001.5655279912366,-0.20787003186819675,0.20787003186819675,False,False,0.0821355236139425,0.029957944748957743,20.8
sim0007_K,260,29.94296577686555,1,2sm,5.517106980734032,4.999999999999999,5.427294754556625,True,0.99467597982728,4.045144369527495,7.0,1997.1948350444895,2001.3426789869945,2001.287921971252,2001.370057494866,2001.2331649555092,2001.397436002737,2001.5505490188627,2001.5355700464877,2001.5655279912366,-0.20787003186819675,0.20787003186819675,False,False,0.0821355236139425,0.029957944748957743,20.8
sim0007_K,260,29.94296577686555,1,2sm,5.517106980734032,4.999999999999999,5.427294754556625,True,0.99467597982728,4.045144369527495,8.0,1997.1948350444895,2001.3426789869945,2001.287921971252,2001.370057494866,2001.2331649555092,2001.397436002737,2001.5505490188627,2001.5355700464877,2001.5655279912366,-0.20787003186819675,0.20787003186819675,False,False,0.0821355236139425,0.029957944748957743,20.8
sim0007_K,260,29.94296577686555,1,2sm,5.517106980734032,4.999999999999999,5.427294754556625,True,0.99467597982728,4.045144369527495,9.0,1997.1948350444895,2001.3426789869945,2001.287921971252,2001.370057494866,2001.2331649555092,2001.397436002737,2001.5505490188627,2001.5355700464877,2001.5655279912366,-0.20787003186819675,0.20787003186819675,False,False,0.0821355236139425,0.029957944748957743,20.8
sim0007_K,260,29.94296577686555,1,2sm,5.517106980734032,4.999999999999999,5.427294754556625,True,0.99467597982728,4.045144369527495,10.0,1997.1948350444895,2001.3426789869945,2001.287921971252,2001.370057494866,2001.2331649555092,2001.397436002737,2001.5655279912366,2001.5481523832827,2007.1377057145953,-0.22284900424210718,0.22284900424210718,False,False,0.0821355236139425,5.5895533313125725,20.8
sim0007_K,260,29.94296577686555,1,2sm,5.517106980734032,4.999999999999999,5.427294754556625,True,0.99467597982728,4.045144369527495,11.0,1997.1948350444895,2001.3426789869945,2001.287921971252,2001.370057494866,2001.2331649555092,2001.397436002737,2001.5655279912366,2001.5481523832827,2007.1377057145953,-0.22284900424210718,0.22284900424210718,False,False,0.0821355236139425,5.5895533313125725,20.8
sim0007_K,260,29.94296577686555,1,2sm,5.517106980734032,4.999999999999999,5.427294754556625,True,0.99467597982728,4.045144369527495,12.0,1997.1948350444895,2001.3426789869945,2001.287921971252,2001.370057494866,2001.2331649555092,2001.397436002737,2001.5655279912366,2001.5481523832827,2007.1377057145953,-0.22284900424210718,0.22284900424210718,False,False,0.0821355236139425,5.5895533313125725,20.8
sim0007_K,260,29.94296577686555,1,2sm,5.517106980734032,4.999999999999999,5.427294754556625,True,0.99467597982728,4.045144369527495,13.0,1997.1948350444895,2001.3426789869945,2001.287921971252,2001.370057494866,2001.2331649555092,2001.397436002737,2001.5655279912366,2001.5481523832827,2007.1377057145953,-0.22284900424210718,0.22284900424210718,False,False,0.0821355236139425,5.5895533313125725,20.8
sim0007_K,260,29.94296577686555,1,2sm,5.517106980734032,4.999999999999999,5.427294754556625,True,0.99467597982728,4.045144369527495,14.0,1997.1948350444895,2001.3426789869945,2001.287921971252,2001.370057494866,2001.2331649555092,2001.397436002737,2001.5655279912366,2001.5481523832827,2007.1377057145953,-0.22284900424210718,0.22284900424210718,False,False,0.0821355236139425,5.5895533313125725,20.8
sim0007_K,260,29.94296577686555,1,2sm,5.517106980734032,4.999999999999999,5.427294754556625,True,0.99467597982728,4.045144369527495,14.88593155373087,1997.1948350444895,2001.3426789869945,2001.287921971252,2001.370057494866,2001.2331649555092,2001.397436002737,2001.5655279912366,2001.5481523832827,2007.1377057145953,-0.22284900424210718,0.22284900424210718,False,False,0.0821355236139425,5.5895533313125725,20.8
sim0007_K,260,29.94296577686555,2,3sml,5.54835747380108,4.999999999999999,5.39672613350058,True,0.99636695437862,3.689002664392948,1.0,2001.4153673648184,2001.4906582614644,2001.4906582614644,2001.4906582614644,2001.4906582614644,2001.4906582614644,2001.5355700464877,2001.5205910741138,2001.5355700464877,-0.044911785023259654,0.044911785023259654,False,False,0.0,0.014978972373910437,20.8
sim0007_K,260,29.94296577686555,2,3sml,5.54835747380108,4.999999999999999,5.39672613350058,True,0.99636695437862,3.689002664392948,2.0,2001.4153673648184,2001.4906582614644,2001.4906582614644,2001.4906582614644,2001.4906582614644,2001.4906582614644,2001.5355700464877,2001.5205910741138,2001.5355700464877,-0.044911785023259654,0.044911785023259654,False,False,0.0,0.014978972373910437,20.8
sim0007_K,260,29.94296577686555,2,3sml,5.54835747380108,4.999999999999999,5.39672613350058,True,0.99636695437862,3.689002664392948,3.0,2001.4153673648184,2001.4906582614644,2001.4906582614644,2001.4906582614644,2001.4906582614644,2001.4906582614644,2001.5355700464877,2001.5205910741138,2001.5355700464877,-0.044911785023259654,0.044911785023259654,False,False,0.0,0.014978972373910437,20.8
sim0007_K,260,29.94296577686555,2,3sml,5.54835747380108,4.999999999999999,5.39672613350058,True,0.99636695437862,3.689002664392948,4.0,2001.4153673648184,2001.4906582614644,2001.4906582614644,2001.4906582614644,2001.4906582614644,2001.4906582614644,2001.5355700464877,2001.5205910741138,2001.5355700464877,-0.044911785023259654,0.044911785023259654,False,False,0.0,0.014978972373910437,20.8
sim0007_K,260,29.94296577686555,2,3sml,5.54835747380108,4.999999999999999,5.39672613350058,True,0.99636695437862,3.689002664392948,5.0,2001.4153673648184,2001.4906582614644,2001.4906582614644,2001.4906582614644,2001.4906582614644,2001.4906582614644,2001.5355700464877,2001.5205910741138,2001.5355700464877,-0.044911785023259654,0.044911785023259654,False,False,0.0,0.014978972373910437,20.8
sim0007_K,260,29.94296577686555,2,3sml,5.54835747380108,4.999999999999999,5.39672613350058,True,0.99636695437862,3.689002664392948,6.0,2001.4153673648184,2001.4906582614644,2001.4906582614644,2001.4906582614644,2001.4906582614644,2001.4906582614644,2007.1077477698464,2007.1077477698464,2007.1077477698464,-5.617089508381923,5.617089508381923,False,False,0.0,0.0,20.8
sim0007_K,260,29.94296577686555,2,3sml,5.54835747380108,4.999999999999999,5.39672613350058,True,0.99636695437862,3.689002664392948,7.0,2001.4153673648184,2001.4906582614644,2001.4906582614644,2001.4906582614644,2001.4906582614644,2001.4906582614644,2007.1077477698464,2007.1077477698464,2007.1077477698464,-5.617089508381923,5.617089508381923,False,False,0.0,0.0,20.8
sim0007_K,260,29.94296577686555,2,3sml,5.54835747380108,4.999999999999999,5.39672613350058,True,0.99636695437862,3.689002664392948,8.0,2001.4153673648184,2001.4906582614644,2001.4906582614644,2001.4906582614644,2001.4906582614644,2001.4906582614644,2007.1077477698464,2007.1077477698464,2007.1077477698464,-5.617089508381923,5.617089508381923,False,False,0.0,0.0,20.8
sim0007_K,260,29.94296577686555,2,3sml,5.54835747380108,4.999999999999999,5.39672613350058,True,0.99636695437862,3.689002664392948,9.0,2001.4153673648184,2001.4906582614644,2001.4906582614644,2001.4906582614644,2001.4906582614644,2001.4906582614644,2007.1077477698464,2007.1077477698464,2007.1077477698464,-5.617089508381923,5.617089508381923,False,False,0.0,0.0,20.8
sim0007_K,260,29.94296577686555,2,3sml,5.54835747380108,4.999999999999999,5.39672613350058,True,0.99636695437862,3.689002664392948,10.0,2001.4153673648184,2001.4906582614644,2001.4906582614644,2001.4906582614644,2001.4906582614644,2001.4906582614644,2007.1077477698464,2007.1077477698464,2007.1077477698464,-5.617089508381923,5.617089508381923,False,False,0.0,0.0,20.8
sim0007_K,260,29.94296577686555,2,3sml,5.54835747380108,4.999999999999999,5.39672613350058,True,0.99636695437862,3.689002664392948,10.665399233402013,2001.4153673648184,2001.4906582614644,2001.4906582614644,2001.4906582614644,2001.4906582614644,2001.4906582614644,2007.1077477698464,2007.1077477698464,2007.1077477698464,-5.617089508381923,5.617089508381923,False,False,0.0,0.0,20.8
sim0007_K,260,29.94296577686555,3,2sm,5.538474874442819,4.999999999999999,5.406355802937152,True,0.982160241488477,4.6439523091446615,1.0,2006.1492076659822,2006.8815827515398,2006.8815827515398,2006.9637182751537,2006.8815827515398,2006.9637182751537,2007.1377057145953,2007.1377057145953,2007.1377057145953,-0.2561229630555317,0.2561229630555317,False,False,0.0821355236139425,0.0,20.8
sim0007_K,260,29.94296577686555,3,2sm,5.538474874442819,4.999999999999999,5.406355802937152,True,0.982160241488477,4.6439523091446615,2.0,2006.1492076659822,2006.8815827515398,2006.8815827515398,2006.9637182751537,2006.8815827515398,2006.9637182751537,2007.2126005764687,2007.2126005764687,2007.2126005764687,-0.33101782492894927,0.33101782492894927,False,False,0.0821355236139425,0.0,20.8
sim0007_K,260,29.94296577686555,3,2sm,5.538474874442819,4.999999999999999,5.406355802937152,True,0.982160241488477,4.6439523091446615,3.0,2006.1492076659822,2006.8815827515398,2006.8815827515398,2006.9637182751537,2006.8815827515398,2006.9637182751537,2007.2126005764687,2007.2126005764687,2007.2126005764687,-0.33101782492894927,0.33101782492894927,False,False,0.0821355236139425,0.0,20.8
sim0007_K,260,29.94296577686555,3,2sm,5.538474874442819,4.999999999999999,5.406355802937152,True,0.982160241488477,4.6439523091446615,4.0,2006.1492076659822,2006.8815827515398,2006.8815827515398,2006.9637182751537,2006.8815827515398,2006.9637182751537,2007.2126005764687,2007.2126005764687,2007.2126005764687,-0.33101782492894927,0.33101782492894927,False,False,0.0821355236139425,0.0,20.8
sim0007_K,260,29.94296577686555,3,2sm,5.538474874442819,4.999999999999999,5.406355802937152,True,0.982160241488477,4.6439523091446615,5.0,2006.1492076659822,2006.8815827515398,2006.8815827515398,2006.9637182751537,2006.8815827515398,2006.9637182751537,2007.2126005764687,2007.2126005764687,2007.2126005764687,-0.33101782492894927,0.33101782492894927,False,False,0.0821355236139425,0.0,20.8
sim0007_K,260,29.94296577686555,3,2sm,5.538474874442819,4.999999999999999,5.406355802937152,True,0.982160241488477,4.6439523091446615,5.931558932238204,2006.1492076659822,2006.8815827515398,2006.8815827515398,2006.9637182751537,2006.8815827515398,2006.9637182751537,2007.2126005764687,2007.2126005764687,2007.2126005764687,-0.33101782492894927,0.33101782492894927,False,False,0.0821355236139425,0.0,20.8
sim0007_K,260,29.94296577686555,4,2sm,5.603299931425863,4.999999999999999,5.343809209450262,True,0.9914330284854167,3.999355144560882,1.0,2010.4267742094455,2011.4055558658451,2011.3234203422312,2011.4260897467486,2011.3234203422312,2011.4260897467486,2011.4216918137374,2011.4216918137374,2011.4216918137374,-0.016135947892280456,0.016135947892280456,True,True,0.10266940451742812,0.0,20.8
sim0007_K,260,29.94296577686555,4,2sm,5.603299931425863,4.999999999999999,5.343809209450262,True,0.9914330284854167,3.999355144560882,1.6539923887748955,2010.4267742094455,2012.055795427789,2012.055795427789,2012.055795427789,2012.055795427789,2012.055795427789,2012.0807665982204,2012.0807665982204,2012.0807665982204,-0.024971170431399514,0.024971170431399514,False,False,0.0,0.0,20.8
sim0008_MM,260,29.94296577686555,0,2sm,7.637845641813259,4.999999999999999,3.9203418321186385,True,0.9985915270996302,5.189633616459441,1.0,2001.4153673648184,2002.1477424503762,2002.1477424503762,2002.1477424503762,2002.0656069267623,2002.2298779739901,2002.4043504442154,2002.4043504442154,2002.4043504442154,-0.25660799383922495,0.25660799383922495,False,False,0.0,0.0,20.8
sim0008_MM,260,29.94296577686555,0,2sm,7.637845641813259,4.999999999999999,3.9203418321186385,True,0.9985915270996302,5.189633616459441,2.0,2001.4153673648184,2002.1477424503762,2002.1477424503762,2002.1477424503762,2002.0656069267623,2002.2298779739901,2002.5691191403362,2002.5691191403362,2002.5840981127112,-0.42137668995997046,0.42137668995997046,False,False,0.0,0.014978972375047306,20.8
sim0008_MM,260,29.94296577686555,0,2sm,7.637845641813259,4.999999999999999,3.9203418321186385,True,0.9985915270996302,5.189633616459441,3.0,2001.4153673648184,2002.1477424503762,2002.1477424503762,2002.1477424503762,2002.0656069267623,2002.2298779739901,2002.5691191403362,2002.5691191403362,2002.5840981127112,-0.42137668995997046,0.42137668995997046,False,False,0.0,0.014978972375047306,20.8
sim0008_MM,260,29.94296577686555,0,2sm,7.637845641813259,4.999999999999999,3.9203418321186385,True,0.9985915270996302,5.189633616459441,4.0,2001.4153673648184,2002.1477424503762,2002.1477424503762,2002.1477424503762,2002.0656069267623,2002.2298779739901,2002.5691191403362,2002.5691191403362,2002.5840981127112,-0.42137668995997046,0.42137668995997046,False,False,0.0,0.014978972375047306,20.8
sim0008_MM,260,29.94296577686555,0,2sm,7.637845641813259,4.999999999999999,3.9203418321186385,True,0.9985915270996302,5.189633616459441,5.0,2001.4153673648184,2002.1477424503762,2002.1477424503762,2002.1477424503762,2002.0656069267623,2002.2298779739901,2002.5691191403362,2002.5691191403362,2002.5840981127112,-0.42137668995997046,0.42137668995997046,False,False,0.0,0.014978972375047306,20.8
sim0008_MM,260,29.94296577686555,0,2sm,7.637845641813259,4.999999999999999,3.9203418321186385,True,0.9985915270996302,5.189633616459441,6.0,2001.4153673648184,2002.1477424503762,2002.1477424503762,2002.1477424503762,2002.0656069267623,2002.2298779739901,2002.5691191403362,2002.5691191403362,2002.5840981127112,-0.42137668995997046,0.42137668995997046,False,False,0.0,0.014978972375047306,20.8
sim0008_MM,260,29.94296577686555,0,2sm,7.637845641813259,4.999999999999999,3.9203418321186385,True,0.9985915270996302,5.189633616459441,7.0,2001.4153673648184,2002.1477424503762,2002.1477424503762,2002.1477424503762,2002.0656069267623,2002.2298779739901,2002.5691191403362,2002.5691191403362,2002.5840981127112,-0.42137668995997046,0.42137668995997046,False,False,0.0,0.014978972375047306,20.8
sim0008_MM,260,29.94296577686555,0,2sm,7.637845641813259,4.999999999999999,3.9203418321186385,True,0.9985915270996302,5.189633616459441,8.0,2001.4153673648184,2002.1477424503762,2002.1477424503762,2002.1477424503762,2002.0656069267623,2002.2298779739901,2002.5691191403362,2002.5691191403362,2002.5840981127112,-0.42137668995997046,0.42137668995997046,False,False,0.0,0.014978972375047306,20.8
sim0008_MM,260,29.94296577686555,0,2sm,7.637845641813259,4.999999999999999,3.9203418321186385,True,0.9985915270996302,5.189633616459441,9.0,2001.4153673648184,2002.1477424503762,2002.1477424503762,2002.1477424503762,2002.0656069267623,2002.2298779739901,2010.2982688856405,2002.5691191403362,2010.2982688856405,-8.150526435264283,8.150526435264283,False,False,0.0,7.729149745304312,20.8
sim0008_MM,260,29.94296577686555,0,2sm,7.637845641813259,4.999999999999999,3.9203418321186385,True,0.9985915270996302,5.189633616459441,10.0,2001.4153673648184,2002.1477424503762,2002.1477424503762,2002.1477424503762,2002.0656069267623,2002.2298779739901,2010.2982688856405,2002.5691191403362,2010.2982688856405,-8.150526435264283,8.150526435264283,False,False,0.0,7.729149745304312,20.8
sim0008_MM,260,29.94296577686555,0,2sm,7.637845641813259,4.999999999999999,3.9203418321186385,True,0.9985915270996302,5.189633616459441,10.665399233402013,2001.4153673648184,2002.1477424503762,2002.1477424503762,2002.1477424503762,2002.0656069267623,2002.2298779739901,2010.2982688856405,2002.5691191403362,2010.2982688856405,-8.150526435264283,8.150526435264283,False,False,0.0,7.729149745304312,20.8
sim0008_MM,260,29.94296577686555,1,3sml,7.763727499707916,4.999999999999999,3.856777015678622,True,0.9988892827699232,5.508776716062608,1.0,2010.4267742094455,2010.5020651060915,2010.5020651060915,2010.5020651060915,2010.5020651060915,2010.5020651060915,2010.433079637012,2010.433079637012,2010.433079637012,0.06898546907950731,0.06898546907950731,False,False,0.0,0.0,20.8
sim0008_MM,260,29.94296577686555,1,3sml,7.763727499707916,4.999999999999999,3.856777015678622,True,0.9988892827699232,5.508776716062608,1.6539923887748955,2010.4267742094455,2010.5020651060915,2010.5020651060915,2010.5020651060915,2010.5020651060915,2010.5020651060915,2010.433079637012,2010.433079637012,2010.433079637012,0.06898546907950731,0.06898546907950731,False,False,0.0,0.0,20.8
sim0009_ME,260,29.94296577686555,0,3sml,5.807071927945405,4.999999999999999,5.1562932487147,True,0.99798707401425,11.202293984804431,1.0,1997.1948350444895,1998.1941505817927,1998.1941505817927,1998.1941505817927,1998.1941505817927,1998.1941505817927,1998.1802802345728,1998.1802802345728,1998.1802802345728,0.013870347219835821,0.013870347219835821,False,False,0.0,0.0,20.8
sim0009_ME,260,29.94296577686555,0,3sml,5.807071927945405,4.999999999999999,5.1562932487147,True,0.99798707401425,11.202293984804431,2.0,1997.1948350444895,1999.1250198494176,1999.0702628336749,1999.1797768651602,1998.988127310061,1999.1797768651602,1999.0191026875516,1999.0041237151777,1999.0191026875516,0.10591716186604572,0.10591716186604572,False,True,0.10951403148533245,0.014978972373910437,20.8
sim0009_ME,260,29.94296577686555,0,3sml,5.807071927945405,4.999999999999999,5.1562932487147,True,0.99798707401425,11.202293984804431,3.0,1997.1948350444895,1999.1250198494176,1999.0702628336749,1999.2619123887741,1998.988127310061,1999.5356974674874,1999.0191026875516,1999.0041237151777,1999.0191026875516,0.10591716186604572,0.10591716186604572,False,True,0.19164955509927495,0.014978972373910437,20.8
sim0009_ME,260,29.94296577686555,0,3sml,5.807071927945405,4.999999999999999,5.1562932487147,True,0.99798707401425,11.202293984804431,4.0,1997.1948350444895,1999.1250198494176,1999.0702628336749,1999.2619123887741,1998.988127310061,1999.5356974674874,1999.0191026875516,1999.0041237151777,1999.0191026875516,0.10591716186604572,0.10591716186604572,False,True,0.19164955509927495,0.014978972373910437,20.8
sim0009_ME,260,29.94296577686555,0,3sml,5.807071927945405,4.999999999999999,5.1562932487147,True,0.99798707401425,11.202293984804431,5.0,1997.1948350444895,1999.1250198494176,1999.0702628336749,1999.2619123887741,1998.988127310061,1999.5356974674874,1999.0191026875516,1999.0041237151777,1999.0191026875516,0.10591716186604572,0.10591716186604572,False,True,0.19164955509927495,0.014978972373910437,20.8
sim0009_ME,260,29.94296577686555,0,3sml,5.807071927945405,4.999999999999999,5.1562932487147,True,0.99798707401425,11.202293984804431,6.0,1997.1948350444895,1999.1250198494176,1999.0702628336749,1999.2619123887741,1998.988127310061,1999.5356974674874,1999.0191026875516,1999.0041237151777,1999.0191026875516,0.10591716186604572,0.10591716186604572,False,True,0.19164955509927495,0.014978972373910437,20.8
sim0009_ME,260,29.94296577686555,0,3sml,5.807071927945405,4.999999999999999,5.1562932487147,True,0.99798707401425,11.202293984804431,7.0,1997.1948350444895,1999.1250198494176,1999.0702628336749,1999.2619123887741,1998.988127310061,1999.5356974674874,1999.0191026875516,1999.0041237151777,1999.0191026875516,0.10591716186604572,0.10591716186604572,False,True,0.19164955509927495,0.014978972373910437,20.8
sim0009_ME,260,29.94296577686555,0,3sml,5.807071927945405,4.999999999999999,5.1562932487147,True,0.99798707401425,11.202293984804431,8.0,1997.1948350444895,1999.1250198494176,1999.0702628336749,1999.2619123887741,1998.988127310061,1999.5356974674874,2004.8908598584026,1999.0041237151777,2004.9058388307776,-5.765840008984924,5.765840008984924,False,False,0.19164955509927495,5.901715115599927,20.8
sim0009_ME,260,29.94296577686555,0,3sml,5.807071927945405,4.999999999999999,5.1562932487147,True,0.99798707401425,11.202293984804431,9.0,1997.1948350444895,1999.1250198494176,1999.0702628336749,1999.2619123887741,1998.988127310061,1999.5356974674874,2004.8908598584026,1999.0041237151777,2004.9058388307776,-5.765840008984924,5.765840008984924,False,False,0.19164955509927495,5.901715115599927,20.8
sim0009_ME,260,29.94296577686555,0,3sml,5.807071927945405,4.999999999999999,5.1562932487147,True,0.99798707401425,11.202293984804431,10.0,1997.1948350444895,1999.1250198494176,1999.0702628336749,1999.2619123887741,1998.988127310061,1999.5356974674874,2004.8908598584026,1999.0041237151777,2004.9058388307776,-5.765840008984924,5.765840008984924,False,False,0.19164955509927495,5.901715115599927,20.8
sim0009_ME,260,29.94296577686555,0,3sml,5.807071927945405,4.999999999999999,5.1562932487147,True,0.99798707401425,11.202293984804431,11.0,1997.1948350444895,1999.1250198494176,1999.0702628336749,1999.2619123887741,1998.988127310061,1999.5356974674874,2004.8908598584026,1999.0041237151777,2004.9058388307776,-5.765840008984924,5.765840008984924,False,False,0.19164955509927495,5.901715115599927,20.8
sim0009_ME,260,29.94296577686555,0,3sml,5.807071927945405,4.999999999999999,5.1562932487147,True,0.99798707401425,11.202293984804431,12.0,1997.1948350444895,1999.1250198494176,1999.0702628336749,1999.2619123887741,1998.988127310061,1999.5356974674874,2004.8908598584026,1999.0041237151777,2004.9058388307776,-5.765840008984924,5.765840008984924,False,False,0.19164955509927495,5.901715115599927,20.8
sim0009_ME,260,29.94296577686555,0,3sml,5.807071927945405,4.999999999999999,5.1562932487147,True,0.99798707401425,11.202293984804431,13.0,1997.1948350444895,1999.1250198494176,1999.0702628336749,1999.2619123887741,1998.988127310061,1999.5356974674874,2004.8908598584026,1999.0041237151777,2004.9058388307776,-5.765840008984924,5.765840008984924,False,False,0.19164955509927495,5.901715115599927,20.8
sim0009_ME,260,29.94296577686555,0,3sml,5.807071927945405,4.999999999999999,5.1562932487147,True,0.99798707401425,11.202293984804431,14.0,1997.1948350444895,1999.1250198494176,1999.0702628336749,1999.2619123887741,1998.988127310061,1999.5356974674874,2004.9058388307776,1999.0041237151777,2010.7925749740025,-5.780818981359971,5.780818981359971,False,False,0.19164955509927495,11.788451258824807,20.8
sim0009_ME,260,29.94296577686555,0,3sml,5.807071927945405,4.999999999999999,5.1562932487147,True,0.99798707401425,11.202293984804431,14.88593155373087,1997.1948350444895,1999.1250198494176,1999.0702628336749,1999.2619123887741,1998.988127310061,1999.5356974674874,2004.9058388307776,1999.0041237151777,2010.7925749740025,-5.780818981359971,5.780818981359971,False,False,0.19164955509927495,11.788451258824807,20.8
sim0009_ME,260,29.94296577686555,1,2sm,5.836695624453537,4.999999999999999,5.130122881757942,True,0.99837668909878,6.056774678632793,1.0,2001.4153673648184,2002.4146829021215,2001.4906582614644,2002.4146829021215,2001.4906582614644,2002.4146829021215,2001.4157382674912,2001.4157382674912,2001.4157382674912,0.9989446346303339,0.9989446346303339,False,False,0.9240246406570805,0.0,20.8
sim0009_ME,260,29.94296577686555,1,2sm,5.836695624453537,4.999999999999999,5.130122881757942,True,0.99837668909878,6.056774678632793,2.0,2001.4153673648184,2003.400309185489,2003.400309185489,2003.400309185489,2003.400309185489,2003.400309185489,2003.407941593315,2003.407941593315,2003.407941593315,-0.007632407825894916,0.007632407825894916,False,False,0.0,0.0,20.8
sim0009_ME,260,29.94296577686555,1,2sm,5.836695624453537,4.999999999999999,5.130122881757942,True,0.99837668909878,6.056774678632793,3.0,2001.4153673648184,2004.413313976728,2004.413313976728,2004.413313976728,2004.413313976728,2004.413313976728,2004.4115327424142,2004.4115327424142,2004.4115327424142,0.0017812343137393327,0.0017812343137393327,False,False,0.0,0.0,20.8
sim0009_ME,260,29.94296577686555,1,2sm,5.836695624453537,4.999999999999999,5.130122881757942,True,0.99837668909878,6.056774678632793,4.0,2001.4153673648184,2004.8787486105405,2004.8787486105405,2004.8787486105405,2004.851370102669,2004.9061271184116,2004.980733692651,2004.9657547202758,2004.995712665025,-0.10198508211055923,0.10198508211055923,False,False,0.0,0.029957944749185117,20.8
sim0009_ME,260,29.94296577686555,1,2sm,5.836695624453537,4.999999999999999,5.130122881757942,True,0.99837668909878,6.056774678632793,5.0,2001.4153673648184,2004.8787486105405,2004.8787486105405,2004.8787486105405,2004.851370102669,2004.9061271184116,2004.980733692651,2004.9657547202758,2004.995712665025,-0.10198508211055923,0.10198508211055923,False,False,0.0,0.029957944749185117,20.8
sim0009_ME,260,29.94296577686555,1,2sm,5.836695624453537,4.999999999999999,5.130122881757942,True,0.99837668909878,6.056774678632793,6.0,2001.4153673648184,2004.8787486105405,2004.8787486105405,2004.8787486105405,2004.851370102669,2004.9061271184116,2004.980733692651,2004.9657547202758,2004.995712665025,-0.10198508211055923,0.10198508211055923,False,False,0.0,0.029957944749185117,20.8
sim0009_ME,260,29.94296577686555,1,2sm,5.836695624453537,4.999999999999999,5.130122881757942,True,0.99837668909878,6.056774678632793,7.0,2001.4153673648184,2004.8787486105405,2004.8787486105405,2004.8787486105405,2004.851370102669,2004.9061271184116,2004.980733692651,2004.9657547202758,2004.995712665025,-0.10198508211055923,0.10198508211055923,False,False,0.0,0.029957944749185117,20.8
sim0009_ME,260,29.94296577686555,1,2sm,5.836695624453537,4.999999999999999,5.130122881757942,True,0.99837668909878,6.056774678632793,8.0,2001.4153673648184,2004.8787486105405,2004.8787486105405,2004.8787486105405,2004.851370102669,2004.9061271184116,2004.980733692651,2004.9657547202758,2004.995712665025,-0.10198508211055923,0.10198508211055923,False,False,0.0,0.029957944749185117,20.8
sim0009_ME,260,29.94296577686555,1,2sm,5.836695624453537,4.999999999999999,5.130122881757942,True,0.99837668909878,6.056774678632793,9.0,2001.4153673648184,2004.8787486105405,2004.8787486105405,2004.8787486105405,2004.851370102669,2004.9061271184116,2004.980733692651,2004.9657547202758,2004.995712665025,-0.10198508211055923,0.10198508211055923,False,False,0.0,0.029957944749185117,20.8
sim0009_ME,260,29.94296577686555,1,2sm,5.836695624453537,4.999999999999999,5.130122881757942,True,0.99837668909878,6.056774678632793,10.0,2001.4153673648184,2004.8787486105405,2004.8787486105405,2004.8787486105405,2004.851370102669,2004.9061271184116,2010.8824488082512,2004.980733692651,2010.927385725374,-6.003700197710714,6.003700197710714,False,False,0.0,5.946652032723023,20.8
sim0009_ME,260,29.94296577686555,1,2sm,5.836695624453537,4.999999999999999,5.130122881757942,True,0.99837668909878,6.056774678632793,10.665399233402013,2001.4153673648184,2004.8787486105405,2004.8787486105405,2004.8787486105405,2004.851370102669,2004.9061271184116,2010.8824488082512,2004.980733692651,2010.927385725374,-6.003700197710714,6.003700197710714,False,False,0.0,5.946652032723023,20.8
sim0009_ME,260,29.94296577686555,2,3sml,5.920614066715432,4.999999999999999,5.057408815953605,True,0.9942164093058651,8.529840847544616,1.0,2006.1492076659822,2006.2244985626282,2006.2244985626282,2006.2244985626282,2006.2244985626282,2006.2244985626282,2006.164072510245,2006.164072510245,2006.164072510245,0.060426052383263595,0.060426052383263595,False,False,0.0,0.0,20.8
sim0009_ME,260,29.94296577686555,2,3sml,5.920614066715432,4.999999999999999,5.057408815953605,True,0.9942164093058651,8.529840847544616,2.0,2006.1492076659822,2006.2244985626282,2006.2244985626282,2006.2244985626282,2006.2244985626282,2006.2244985626282,2006.164072510245,2006.164072510245,2006.164072510245,0.060426052383263595,0.060426052383263595,False,False,0.0,0.0,20.8
sim0009_ME,260,29.94296577686555,2,3sml,5.920614066715432,4.999999999999999,5.057408815953605,True,0.9942164093058651,8.529840847544616,3.0,2006.1492076659822,2006.2244985626282,2006.2244985626282,2006.2244985626282,2006.2244985626282,2006.2244985626282,2006.164072510245,2006.164072510245,2006.164072510245,0.060426052383263595,0.060426052383263595,False,False,0.0,0.0,20.8
sim0009_ME,260,29.94296577686555,2,3sml,5.920614066715432,4.999999999999999,5.057408815953605,True,0.9942164093058651,8.529840847544616,4.0,2006.1492076659822,2006.2244985626282,2006.2244985626282,2006.2244985626282,2006.2244985626282,2006.2244985626282,2010.1484791618948,2010.1484791618948,2010.1484791618948,-3.9239805992665424,3.9239805992665424,False,False,0.0,0.0,20.8
sim0009_ME,260,29.94296577686555,2,3sml,5.920614066715432,4.999999999999999,5.057408815953605,True,0.9942164093058651,8.529840847544616,5.0,2006.1492076659822,2006.2244985626282,2006.2244985626282,2006.2244985626282,2006.2244985626282,2006.2244985626282,2010.9873016148736,2010.9723226424985,2010.9873016148736,-4.762803052245317,4.762803052245317,False,False,0.0,0.014978972375047306,20.8
sim0009_ME,260,29.94296577686555,2,3sml,5.920614066715432,4.999999999999999,5.057408815953605,True,0.9942164093058651,8.529840847544616,5.931558932238204,2006.1492076659822,2006.2244985626282,2006.2244985626282,2006.2244985626282,2006.2244985626282,2006.2244985626282,2010.9873016148736,2010.9723226424985,2010.9873016148736,-4.762803052245317,4.762803052245317,False,False,0.0,0.014978972375047306,20.8
sim0009_ME,260,29.94296577686555,3,2sm,5.878841261615008,4.999999999999999,5.093344835209882,True,0.9969952762875279,11.411499232633401,1.0,2010.4267742094455,2010.9127427241615,2010.9127427241615,2010.9948782477754,2010.9127427241615,2010.9948782477754,2011.0022805872475,2010.9723226424985,2011.0172595596227,-0.08953786308597955,0.08953786308597955,False,False,0.0821355236139425,0.04493691712423242,20.8
sim0009_ME,260,29.94296577686555,3,2sm,5.878841261615008,4.999999999999999,5.093344835209882,True,0.9969952762875279,11.411499232633401,1.6539923887748955,2010.4267742094455,2010.9127427241615,2010.9127427241615,2010.9948782477754,2010.9127427241615,2010.9948782477754,2011.0022805872475,2010.9723226424985,2011.0172595596227,-0.08953786308597955,0.08953786308597955,False,False,0.0821355236139425,0.04493691712423242,20.8
sim0010_ME,260,29.94296577686555,0,2sm,4.475818582440608,4.999999999999999,6.689941789494521,True,0.9910233112785145,4.6178142867597485,1.0,1997.1948350444895,1997.2701259411356,1997.2701259411356,1997.2701259411356,1997.2701259411356,1997.2701259411356,1997.2066470302225,1997.2066470302225,1997.2066470302225,0.06347891091309066,0.06347891091309066,False,False,0.0,0.0,20.8
sim0010_ME,260,29.94296577686555,0,2sm,4.475818582440608,4.999999999999999,6.689941789494521,True,0.9910233112785145,4.6178142867597485,2.0,1997.1948350444895,1997.2701259411356,1997.2701259411356,1997.2701259411356,1997.2701259411356,1997.2701259411356,1997.2066470302225,1997.2066470302225,1997.2066470302225,0.06347891091309066,0.06347891091309066,False,False,0.0,0.0,20.8
sim0010_ME,260,29.94296577686555,0,2sm,4.475818582440608,4.999999999999999,6.689941789494521,True,0.9910233112785145,4.6178142867597485,3.0,1997.1948350444895,1997.2701259411356,1997.2701259411356,1997.2701259411356,1997.2701259411356,1997.2701259411356,1997.2066470302225,1997.2066470302225,1997.2066470302225,0.06347891091309066,0.06347891091309066,False,False,0.0,0.0,20.8
sim0010_ME,260,29.94296577686555,0,2sm,4.475818582440608,4.999999999999999,6.689941789494521,True,0.9910233112785145,4.6178142867597485,4.0,1997.1948350444895,1997.2701259411356,1997.2701259411356,1997.2701259411356,1997.2701259411356,1997.2701259411356,2001.191053681871,2001.191053681871,2001.191053681871,-3.920927740735351,3.920927740735351,False,False,0.0,0.0,20.8
sim0010_ME,260,29.94296577686555,0,2sm,4.475818582440608,4.999999999999999,6.689941789494521,True,0.9910233112785145,4.6178142867597485,5.0,1997.1948350444895,1997.2701259411356,1997.2701259411356,1997.2701259411356,1997.2701259411356,1997.2701259411356,2001.3258644332427,2001.3258644332427,2001.3258644332427,-4.055738492107139,4.055738492107139,False,False,0.0,0.0,20.8
sim0010_ME,260,29.94296577686555,0,2sm,4.475818582440608,4.999999999999999,6.689941789494521,True,0.9910233112785145,4.6178142867597485,6.0,1997.1948350444895,1997.2701259411356,1997.2701259411356,1997.2701259411356,1997.2701259411356,1997.2701259411356,2001.3258644332427,2001.3258644332427,2001.3258644332427,-4.055738492107139,4.055738492107139,False,False,0.0,0.0,20.8
sim0010_ME,260,29.94296577686555,0,2sm,4.475818582440608,4.999999999999999,6.689941789494521,True,0.9910233112785145,4.6178142867597485,7.0,1997.1948350444895,1997.2701259411356,1997.2701259411356,1997.2701259411356,1997.2701259411356,1997.2701259411356,2001.3258644332427,2001.3258644332427,2001.3258644332427,-4.055738492107139,4.055738492107139,False,False,0.0,0.0,20.8
sim0010_ME,260,29.94296577686555,0,2sm,4.475818582440608,4.999999999999999,6.689941789494521,True,0.9910233112785145,4.6178142867597485,8.0,1997.1948350444895,1997.2701259411356,1997.2701259411356,1997.2701259411356,1997.2701259411356,1997.2701259411356,2001.3258644332427,2001.3258644332427,2001.3258644332427,-4.055738492107139,4.055738492107139,False,False,0.0,0.0,20.8
sim0010_ME,260,29.94296577686555,0,2sm,4.475818582440608,4.999999999999999,6.689941789494521,True,0.9910233112785145,4.6178142867597485,9.0,1997.1948350444895,1997.2701259411356,1997.2701259411356,1997.2701259411356,1997.2701259411356,1997.2701259411356,2001.3258644332427,2001.3258644332427,2001.3258644332427,-4.055738492107139,4.055738492107139,False,False,0.0,0.0,20.8
sim0010_ME,260,29.94296577686555,0,2sm,4.475818582440608,4.999999999999999,6.689941789494521,True,0.9910233112785145,4.6178142867597485,10.0,1997.1948350444895,1997.2701259411356,1997.2701259411356,1997.2701259411356,1997.2701259411356,1997.2701259411356,2001.3258644332427,2001.3258644332427,2001.3258644332427,-4.055738492107139,4.055738492107139,False,False,0.0,0.0,20.8
sim0010_ME,260,29.94296577686555,0,2sm,4.475818582440608,4.999999999999999,6.689941789494521,True,0.9910233112785145,4.6178142867597485,11.0,1997.1948350444895,1997.2701259411356,1997.2701259411356,1997.2701259411356,1997.2701259411356,1997.2701259411356,2001.3258644332427,2001.3258644332427,2001.3258644332427,-4.055738492107139,4.055738492107139,False,False,0.0,0.0,20.8
sim0010_ME,260,29.94296577686555,0,2sm,4.475818582440608,4.999999999999999,6.689941789494521,True,0.9910233112785145,4.6178142867597485,12.0,1997.1948350444895,1997.2701259411356,1997.2701259411356,1997.2701259411356,1997.2701259411356,1997.2701259411356,2001.3258644332427,2001.3258644332427,2001.3258644332427,-4.055738492107139,4.055738492107139,False,False,0.0,0.0,20.8
sim0010_ME,260,29.94296577686555,0,2sm,4.475818582440608,4.999999999999999,6.689941789494521,True,0.9910233112785145,4.6178142867597485,13.0,1997.1948350444895,1997.2701259411356,1997.2701259411356,1997.2701259411356,1997.2701259411356,1997.2701259411356,2001.3258644332427,2001.3258644332427,2010.1484791618948,-4.055738492107139,4.055738492107139,False,False,0.0,8.82261472865207,20.8
sim0010_ME,260,29.94296577686555,0,2sm,4.475818582440608,4.999999999999999,6.689941789494521,True,0.9910233112785145,4.6178142867597485,14.0,1997.1948350444895,1997.2701259411356,1997.2701259411356,1997.2701259411356,1997.2701259411356,1997.2701259411356,2001.3258644332427,2001.3258644332427,2010.1484791618948,-4.055738492107139,4.055738492107139,False,False,0.0,8.82261472865207,20.8
sim0010_ME,260,29.94296577686555,0,2sm,4.475818582440608,4.999999999999999,6.689941789494521,True,0.9910233112785145,4.6178142867597485,14.88593155373087,1997.1948350444895,1997.2701259411356,1997.2701259411356,1997.2701259411356,1997.2701259411356,1997.2701259411356,2001.3258644332427,2001.3258644332427,2010.1484791618948,-4.055738492107139,4.055738492107139,False,False,0.0,8.82261472865207,20.8
sim0010_ME,260,29.94296577686555,1,3sml,4.45170709264944,4.999999999999999,6.726176083396572,True,0.9942892970851104,4.657027838649894,1.0,2001.4153673648184,2001.5727937850784,2001.5727937850784,2001.5727937850784,2001.5727937850784,2001.5727937850784,2001.6029754221736,2001.5655279912366,2001.64042285311,-0.030181637095211045,0.030181637095211045,False,False,0.0,0.07489486187341754,20.8
sim0010_ME,260,29.94296577686555,1,3sml,4.45170709264944,4.999999999999999,6.726176083396572,True,0.9942892970851104,4.657027838649894,2.0,2001.4153673648184,2001.5727937850784,2001.5727937850784,2001.5727937850784,2001.5727937850784,2001.5727937850784,2001.6029754221736,2001.5655279912366,2001.64042285311,-0.030181637095211045,0.030181637095211045,False,False,0.0,0.07489486187341754,20.8
sim0010_ME,260,29.94296577686555,1,3sml,4.45170709264944,4.999999999999999,6.726176083396572,True,0.9942892970851104,4.657027838649894,3.0,2001.4153673648184,2001.5727937850784,2001.5727937850784,2001.5727937850784,2001.5727937850784,2001.5727937850784,2004.0220794606746,2003.9921215159256,2004.0370584330499,-2.4492856755962293,2.4492856755962293,False,False,0.0,0.04493691712423242,20.8
sim0010_ME,260,29.94296577686555,1,3sml,4.45170709264944,4.999999999999999,6.726176083396572,True,0.9942892970851104,4.657027838649894,4.0,2001.4153673648184,2001.5727937850784,2001.5727937850784,2001.5727937850784,2001.5727937850784,2001.5727937850784,2004.0220794606746,2003.9921215159256,2004.0370584330499,-2.4492856755962293,2.4492856755962293,False,False,0.0,0.04493691712423242,20.8
sim0010_ME,260,29.94296577686555,1,3sml,4.45170709264944,4.999999999999999,6.726176083396572,True,0.9942892970851104,4.657027838649894,5.0,2001.4153673648184,2001.5727937850784,2001.5727937850784,2001.5727937850784,2001.5727937850784,2001.5727937850784,2004.0220794606746,2004.0071004883007,2005.924408952251,-2.4492856755962293,2.4492856755962293,False,False,0.0,1.9173084639503486,20.8
sim0010_ME,260,29.94296577686555,1,3sml,4.45170709264944,4.999999999999999,6.726176083396572,True,0.9942892970851104,4.657027838649894,6.0,2001.4153673648184,2001.5727937850784,2001.5727937850784,2001.5727937850784,2001.5727937850784,2001.5727937850784,2004.0220794606746,2004.0071004883007,2005.924408952251,-2.4492856755962293,2.4492856755962293,False,False,0.0,1.9173084639503486,20.8
sim0010_ME,260,29.94296577686555,1,3sml,4.45170709264944,4.999999999999999,6.726176083396572,True,0.9942892970851104,4.657027838649894,7.0,2001.4153673648184,2001.5727937850784,2001.5727937850784,2001.5727937850784,2001.5727937850784,2001.5727937850784,2004.0220794606746,2004.0071004883007,2005.939387924626,-2.4492856755962293,2.4492856755962293,False,False,0.0,1.932287436325396,20.8
sim0010_ME,260,29.94296577686555,1,3sml,4.45170709264944,4.999999999999999,6.726176083396572,True,0.9942892970851104,4.657027838649894,8.0,2001.4153673648184,2001.5727937850784,2001.5727937850784,2001.5727937850784,2001.5727937850784,2001.5727937850784,2004.0220794606746,2004.0071004883007,2005.939387924626,-2.4492856755962293,2.4492856755962293,False,False,0.0,1.932287436325396,20.8
sim0010_ME,260,29.94296577686555,1,3sml,4.45170709264944,4.999999999999999,6.726176083396572,True,0.9942892970851104,4.657027838649894,9.0,2001.4153673648184,2001.5727937850784,2001.5727937850784,2001.5727937850784,2001.5727937850784,2001.5727937850784,2005.916919466064,2004.0220794606746,2010.0136684105232,-4.344125680985599,4.344125680985599,False,False,0.0,5.9915889498486194,20.8
sim0010_ME,260,29.94296577686555,1,3sml,4.45170709264944,4.999999999999999,6.726176083396572,True,0.9942892970851104,4.657027838649894,10.0,2001.4153673648184,2001.5727937850784,2001.5727937850784,2001.5727937850784,2001.5727937850784,2001.5727937850784,2005.916919466064,2004.0220794606746,2010.0136684105232,-4.344125680985599,4.344125680985599,False,False,0.0,5.9915889498486194,20.8
sim0010_ME,260,29.94296577686555,1,3sml,4.45170709264944,4.999999999999999,6.726176083396572,True,0.9942892970851104,4.657027838649894,10.665399233402013,2001.4153673648184,2001.5727937850784,2001.5727937850784,2001.5727937850784,2001.5727937850784,2001.5727937850784,2005.9543668970014,2004.0220794606746,2011.9159979020997,-4.3815731119229895,4.3815731119229895,False,False,0.0,7.893918441425058,20.8
sim0010_ME,260,29.94296577686555,2,2sm,4.432312092015395,4.999999999999999,6.755608620342059,True,0.9986151397245366,4.451525533908706,1.0,2006.1492076659822,2006.3066340862422,2006.3066340862422,2006.3066340862422,2006.3066340862422,2006.3066340862422,2006.164072510245,2006.164072510245,2006.164072510245,0.1425615759972061,0.1425615759972061,False,False,0.0,0.0,20.8
sim0010_ME,260,29.94296577686555,2,2sm,4.432312092015395,4.999999999999999,6.755608620342059,True,0.9986151397245366,4.451525533908706,2.0,2006.1492076659822,2006.3066340862422,2006.3066340862422,2006.3066340862422,2006.3066340862422,2006.3066340862422,2006.164072510245,2006.164072510245,2006.164072510245,0.1425615759972061,0.1425615759972061,False,False,0.0,0.0,20.8
sim0010_ME,260,29.94296577686555,2,2sm,4.432312092015395,4.999999999999999,6.755608620342059,True,0.9986151397245366,4.451525533908706,3.0,2006.1492076659822,2006.3066340862422,2006.3066340862422,2006.3066340862422,2006.3066340862422,2006.3066340862422,2006.164072510245,2006.164072510245,2006.164072510245,0.1425615759972061,0.1425615759972061,False,False,0.0,0.0,20.8
sim0010_ME,260,29.94296577686555,2,2sm,4.432312092015395,4.999999999999999,6.755608620342059,True,0.9986151397245366,4.451525533908706,4.0,2006.1492076659822,2006.3066340862422,2006.3066340862422,2006.3066340862422,2006.3066340862422,2010.0506450376452,2010.1484791618948,2010.1185212171445,2010.1484791618948,-3.8418450756526,3.8418450756526,False,False,0.0,0.029957944750321985,20.8
sim0010_ME,260,29.94296577686555,2,2sm,4.432312092015395,4.999999999999999,6.755608620342059,True,0.9986151397245366,4.451525533908706,5.0,2006.1492076659822,2006.3066340862422,2006.3066340862422,2006.3066340862422,2006.3066340862422,2010.0506450376452,2010.178437106644,2010.1185212171445,2010.1934160790179,-3.871803020401785,3.871803020401785,False,False,0.0,0.07489486187341754,20.8
sim0010_ME,260,29.94296577686555,2,2sm,4.432312092015395,4.999999999999999,6.755608620342059,True,0.9986151397245366,4.451525533908706,5.931558932238204,2006.1492076659822,2006.3066340862422,2006.3066340862422,2006.3066340862422,2006.3066340862422,2010.0506450376452,2010.178437106644,2010.1185212171445,2010.1934160790179,-3.871803020401785,3.871803020401785,False,False,0.0,0.07489486187341754,20.8
sim0010_ME,260,29.94296577686555,3,2sm,4.465227829064207,4.999999999999999,6.705809182225042,True,0.994616789246525,5.193200995846112,1.0,2010.4267742094455,2010.5020651060915,2010.5020651060915,2010.5020651060915,2010.5020651060915,2010.5020651060915,2010.433079637012,2010.433079637012,2010.433079637012,0.06898546907950731,0.06898546907950731,False,False,0.0,0.0,20.8
sim0010_ME,260,29.94296577686555,3,2sm,4.465227829064207,4.999999999999999,6.705809182225042,True,0.994616789246525,5.193200995846112,1.6539923887748955,2010.4267742094455,2010.5020651060915,2010.5020651060915,2010.5020651060915,2010.5020651060915,2010.5020651060915,2010.433079637012,2010.433079637012,2010.433079637012,0.06898546907950731,0.06898546907950731,False,False,0.0,0.0,20.8
sim0011_K,260,29.94296577686555,0,3sml,6.897874345772043,4.999999999999999,4.340897539720867,True,0.9862453322768642,0.9442884597699184,1.0,1993.088371170431,1993.245797590691,1993.245797590691,1993.3279331143049,1993.163662067077,1993.3279331143049,1993.1024085995762,1993.1024085995762,1993.1024085995762,0.14338899111476167,0.14338899111476167,False,False,0.0821355236139425,0.0,20.8
sim0011_K,260,29.94296577686555,0,3sml,6.897874345772043,4.999999999999999,4.340897539720867,True,0.9862453322768642,0.9442884597699184,2.0,1993.088371170431,1993.245797590691,1993.245797590691,1993.3279331143049,1993.163662067077,1993.4100686379188,1993.1024085995762,1993.1024085995762,1993.1024085995762,0.14338899111476167,0.14338899111476167,False,False,0.0821355236139425,0.0,20.8
sim0011_K,260,29.94296577686555,0,3sml,6.897874345772043,4.999999999999999,4.340897539720867,True,0.9862453322768642,0.9442884597699184,3.0,1993.088371170431,1996.0863177823405,1996.0863177823405,1996.0863177823405,1993.245797590691,1996.0863177823405,1996.0832241021267,1996.0832241021267,1996.0832241021267,0.0030936802138512576,0.0030936802138512576,False,True,0.0,0.0,20.8
sim0011_K,260,29.94296577686555,0,3sml,6.897874345772043,4.999999999999999,4.340897539720867,True,0.9862453322768642,0.9442884597699184,4.0,1993.088371170431,1997.071944065708,1997.071944065708,1997.071944065708,1993.3279331143049,1997.071944065708,1996.2629717706213,1996.2479927982474,1996.2629717706213,0.8089722950867326,0.8089722950867326,False,True,0.0,0.014978972373910437,20.8
sim0011_K,260,29.94296577686555,0,3sml,6.897874345772043,4.999999999999999,4.340897539720867,True,0.9862453322768642,0.9442884597699184,5.0,1993.088371170431,1997.7837852703624,1997.7016497467484,1997.8932993018477,1995.5731418754274,1998.084948856947,1996.2629717706213,1996.2479927982474,1996.2629717706213,1.5208134997410525,1.5208134997410525,False,True,0.19164955509927495,0.014978972373910437,20.8
sim0011_K,260,29.94296577686555,0,3sml,6.897874345772043,4.999999999999999,4.340897539720867,True,0.9862453322768642,0.9442884597699184,6.0,1993.088371170431,1997.7837852703624,1997.7016497467484,1997.8932993018477,1995.5731418754274,1998.3313554277888,1996.2629717706213,1996.2479927982474,1996.2629717706213,1.5208134997410525,1.5208134997410525,False,True,0.19164955509927495,0.014978972373910437,20.8
sim0011_K,260,29.94296577686555,0,3sml,6.897874345772043,4.999999999999999,4.340897539720867,True,0.9862453322768642,0.9442884597699184,7.0,1993.088371170431,1997.7837852703624,1997.7016497467484,1997.8932993018477,1995.5731418754274,1998.3313554277888,1999.8878830852793,1999.8878830852793,1999.8878830852793,-2.1040978149169405,2.1040978149169405,False,False,0.19164955509927495,0.0,20.8
sim0011_K,260,29.94296577686555,0,3sml,6.897874345772043,4.999999999999999,4.340897539720867,True,0.9862453322768642,0.9442884597699184,8.0,1993.088371170431,1997.7837852703624,1997.7016497467484,1997.8932993018477,1995.5731418754274,1998.3313554277888,1999.8878830852793,1999.8878830852793,1999.8878830852793,-2.1040978149169405,2.1040978149169405,False,False,0.19164955509927495,0.0,20.8
sim0011_K,260,29.94296577686555,0,3sml,6.897874345772043,4.999999999999999,4.340897539720867,True,0.9862453322768642,0.9442884597699184,9.0,1993.088371170431,1997.7837852703624,1997.7016497467484,1997.8932993018477,1995.5731418754274,1998.3313554277888,1999.8878830852793,1999.8878830852793,1999.8878830852793,-2.1040978149169405,2.1040978149169405,False,False,0.19164955509927495,0.0,20.8
sim0011_K,260,29.94296577686555,0,3sml,6.897874345772043,4.999999999999999,4.340897539720867,True,0.9862453322768642,0.9442884597699184,10.0,1993.088371170431,1997.7837852703624,1997.7016497467484,1997.8932993018477,1995.5731418754274,1998.3313554277888,1999.8878830852793,1999.8878830852793,1999.8878830852793,-2.1040978149169405,2.1040978149169405,False,False,0.19164955509927495,0.0,20.8
sim0011_K,260,29.94296577686555,0,3sml,6.897874345772043,4.999999999999999,4.340897539720867,True,0.9862453322768642,0.9442884597699184,11.0,1993.088371170431,1997.7837852703624,1997.7016497467484,1997.8932993018477,1995.5731418754274,1998.3313554277888,1999.8878830852793,1999.8878830852793,1999.8878830852793,-2.1040978149169405,2.1040978149169405,False,False,0.19164955509927495,0.0,20.8
sim0011_K,260,29.94296577686555,0,3sml,6.897874345772043,4.999999999999999,4.340897539720867,True,0.9862453322768642,0.9442884597699184,12.0,1993.088371170431,1997.7837852703624,1997.7016497467484,1997.8932993018477,1995.5731418754274,1998.3587339356602,1999.8878830852793,1999.8878830852793,1999.8878830852793,-2.1040978149169405,2.1040978149169405,False,False,0.19164955509927495,0.0,20.8
sim0011_K,260,29.94296577686555,0,3sml,6.897874345772043,4.999999999999999,4.340897539720867,True,0.9862453322768642,0.9442884597699184,13.0,1993.088371170431,1997.7837852703624,1997.7016497467484,1997.8932993018477,1995.5731418754274,1998.3587339356602,1999.8878830852793,1999.8878830852793,1999.8878830852793,-2.1040978149169405,2.1040978149169405,False,False,0.19164955509927495,0.0,20.8
sim0011_K,260,29.94296577686555,0,3sml,6.897874345772043,4.999999999999999,4.340897539720867,True,0.9862453322768642,0.9442884597699184,14.0,1993.088371170431,1997.7837852703624,1997.7016497467484,1997.8932993018477,1995.5731418754274,1998.3587339356602,1999.8878830852793,1999.8878830852793,1999.8878830852793,-2.1040978149169405,2.1040978149169405,False,False,0.19164955509927495,0.0,20.8
sim0011_K,260,29.94296577686555,0,3sml,6.897874345772043,4.999999999999999,4.340897539720867,True,0.9862453322768642,0.9442884597699184,15.0,1993.088371170431,1997.7837852703624,1997.7016497467484,1997.8932993018477,1995.5731418754274,1998.3587339356602,1999.8878830852793,1999.8878830852793,1999.8878830852793,-2.1040978149169405,2.1040978149169405,False,False,0.19164955509927495,0.0,20.8
sim0011_K,260,29.94296577686555,0,3sml,6.897874345772043,4.999999999999999,4.340897539720867,True,0.9862453322768642,0.9442884597699184,16.0,1993.088371170431,1997.7837852703624,1997.7016497467484,1997.8932993018477,1995.5731418754274,1998.3587339356602,2008.3809604216888,1999.8878830852793,2008.3809604216888,-10.597175151326383,10.597175151326383,False,False,0.19164955509927495,8.493077336409442,20.8
sim0011_K,260,29.94296577686555,0,3sml,6.897874345772043,4.999999999999999,4.340897539720867,True,0.9862453322768642,0.9442884597699184,17.0,1993.088371170431,1997.7837852703624,1997.7016497467484,1997.8932993018477,1995.5731418754274,1998.3587339356602,2008.3809604216888,1999.8878830852793,2008.3809604216888,-10.597175151326383,10.597175151326383,False,False,0.19164955509927495,8.493077336409442,20.8
sim0011_K,260,29.94296577686555,0,3sml,6.897874345772043,4.999999999999999,4.340897539720867,True,0.9862453322768642,0.9442884597699184,18.0,1993.088371170431,1997.7837852703624,1997.7016497467484,1997.8932993018477,1995.5731418754274,1998.3861124435316,2008.3809604216888,1999.8878830852793,2008.3809604216888,-10.597175151326383,10.597175151326383,False,False,0.19164955509927495,8.493077336409442,20.8
sim0011_K,260,29.94296577686555,0,3sml,6.897874345772043,4.999999999999999,4.340897539720867,True,0.9862453322768642,0.9442884597699184,18.99239542778946,1993.088371170431,1997.7837852703624,1997.7016497467484,1997.8932993018477,1995.5731418754274,1998.3861124435316,2008.3809604216888,1999.8878830852793,2008.3809604216888,-10.597175151326383,10.597175151326383,False,False,0.19164955509927495,8.493077336409442,20.8
sim0011_K,260,29.94296577686555,1,3sml,6.644777520227156,4.999999999999999,4.5062405303589355,True,0.9938228470905178,0.851455497421947,1.0,1997.1948350444895,1997.4343969883635,1997.3522614647495,1997.4343969883635,1997.2701259411356,1997.4343969883635,1997.3564367539693,1997.3564367539693,1997.3714157263432,0.07796023439414057,0.07796023439414057,True,True,0.0821355236139425,0.014978972373910437,20.8
sim0011_K,260,29.94296577686555,1,3sml,6.644777520227156,4.999999999999999,4.5062405303589355,True,0.9938228470905178,0.851455497421947,2.0,1997.1948350444895,1997.4343969883635,1997.3522614647495,1997.4343969883635,1997.2701259411356,1997.4343969883635,1997.3564367539693,1997.3564367539693,1997.3714157263432,0.07796023439414057,0.07796023439414057,True,True,0.0821355236139425,0.014978972373910437,20.8
sim0011_K,260,29.94296577686555,1,3sml,6.644777520227156,4.999999999999999,4.5062405303589355,True,0.9938228470905178,0.851455497421947,3.0,1997.1948350444895,1997.4343969883635,1997.3522614647495,1997.4343969883635,1997.2701259411356,1997.4343969883635,1997.3564367539693,1997.3564367539693,1997.3714157263432,0.07796023439414057,0.07796023439414057,True,True,0.0821355236139425,0.014978972373910437,20.8
sim0011_K,260,29.94296577686555,1,3sml,6.644777520227156,4.999999999999999,4.5062405303589355,True,0.9938228470905178,0.851455497421947,4.0,1997.1948350444895,1997.4343969883635,1997.3522614647495,1997.4343969883635,1997.2701259411356,1997.4343969883635,1997.3564367539693,1997.3564367539693,1997.3714157263432,0.07796023439414057,0.07796023439414057,True,True,0.0821355236139425,0.014978972373910437,20.8
sim0011_K,260,29.94296577686555,1,3sml,6.644777520227156,4.999999999999999,4.5062405303589355,True,0.9938228470905178,0.851455497421947,5.0,1997.1948350444895,1997.4343969883635,1997.3522614647495,1997.4343969883635,1997.2701259411356,1997.4343969883635,1997.3564367539693,1997.3564367539693,1997.3714157263432,0.07796023439414057,0.07796023439414057,True,True,0.0821355236139425,0.014978972373910437,20.8
sim0011_K,260,29.94296577686555,1,3sml,6.644777520227156,4.999999999999999,4.5062405303589355,True,0.9938228470905178,0.851455497421947,6.0,1997.1948350444895,1997.4343969883635,1997.3522614647495,1997.4343969883635,1997.2701259411356,1997.4343969883635,1997.3564367539693,1997.3564367539693,1997.3714157263432,0.07796023439414057,0.07796023439414057,True,True,0.0821355236139425,0.014978972373910437,20.8
sim0011_K,260,29.94296577686555,1,3sml,6.644777520227156,4.999999999999999,4.5062405303589355,True,0.9938228470905178,0.851455497421947,7.0,1997.1948350444895,1997.4343969883635,1997.3522614647495,1997.4343969883635,1997.2701259411356,1997.4343969883635,1997.3564367539693,1997.3564367539693,1997.3714157263432,0.07796023439414057,0.07796023439414057,True,True,0.0821355236139425,0.014978972373910437,20.8
sim0011_K,260,29.94296577686555,1,3sml,6.644777520227156,4.999999999999999,4.5062405303589355,True,0.9938228470905178,0.851455497421947,8.0,1997.1948350444895,1997.4343969883635,1997.3522614647495,1997.4343969883635,1997.2701259411356,1997.4343969883635,1997.3714157263432,1997.3564367539693,2004.4564696595385,0.06298126202023013,0.06298126202023013,True,True,0.0821355236139425,7.100032905569151,20.8
sim0011_K,260,29.94296577686555,1,3sml,6.644777520227156,4.999999999999999,4.5062405303589355,True,0.9938228470905178,0.851455497421947,9.0,1997.1948350444895,1997.4343969883635,1997.3522614647495,1997.4343969883635,1997.2701259411356,1997.4343969883635,1997.3714157263432,1997.3564367539693,2004.4564696595385,0.06298126202023013,0.06298126202023013,True,True,0.0821355236139425,7.100032905569151,20.8
sim0011_K,260,29.94296577686555,1,3sml,6.644777520227156,4.999999999999999,4.5062405303589355,True,0.9938228470905178,0.851455497421947,10.0,1997.1948350444895,1997.4343969883635,1997.3522614647495,1997.4343969883635,1997.2701259411356,1997.4343969883635,1997.3714157263432,1997.3564367539693,2004.4564696595385,0.06298126202023013,0.06298126202023013,True,True,0.0821355236139425,7.100032905569151,20.8
sim0011_K,260,29.94296577686555,1,3sml,6.644777520227156,4.999999999999999,4.5062405303589355,True,0.9938228470905178,0.851455497421947,11.0,1997.1948350444895,1997.4343969883635,1997.3522614647495,1997.4343969883635,1997.2701259411356,1997.4343969883635,1997.3714157263432,1997.3564367539693,2004.4564696595385,0.06298126202023013,0.06298126202023013,True,True,0.0821355236139425,7.100032905569151,20.8
sim0011_K,260,29.94296577686555,1,3sml,6.644777520227156,4.999999999999999,4.5062405303589355,True,0.9938228470905178,0.851455497421947,12.0,1997.1948350444895,1997.4343969883635,1997.3522614647495,1997.4343969883635,1997.2701259411356,1997.4343969883635,1997.3714157263432,1997.3564367539693,2004.4564696595385,0.06298126202023013,0.06298126202023013,True,True,0.0821355236139425,7.100032905569151,20.8
sim0011_K,260,29.94296577686555,1,3sml,6.644777520227156,4.999999999999999,4.5062405303589355,True,0.9938228470905178,0.851455497421947,13.0,1997.1948350444895,1997.4343969883635,1997.3522614647495,1997.4343969883635,1997.2701259411356,1997.4343969883635,1997.3714157263432,1997.3564367539693,2004.4564696595385,0.06298126202023013,0.06298126202023013,True,True,0.0821355236139425,7.100032905569151,20.8
sim0011_K,260,29.94296577686555,1,3sml,6.644777520227156,4.999999999999999,4.5062405303589355,True,0.9938228470905178,0.851455497421947,14.0,1997.1948350444895,1997.4343969883635,1997.3522614647495,1997.4343969883635,1997.2701259411356,1997.4343969883635,1997.3714157263432,1997.3564367539693,2004.4564696595385,0.06298126202023013,0.06298126202023013,True,True,0.0821355236139425,7.100032905569151,20.8
sim0011_K,260,29.94296577686555,1,3sml,6.644777520227156,4.999999999999999,4.5062405303589355,True,0.9938228470905178,0.851455497421947,14.88593155373087,1997.1948350444895,1997.4343969883635,1997.3522614647495,1997.4343969883635,1997.2701259411356,1997.4343969883635,2004.4414906871646,1997.3564367539693,2011.541523592734,-7.0070936988011,7.0070936988011,False,False,0.0821355236139425,14.185086838764619,20.8
sim0011_K,260,29.94296577686555,2,2sm,6.6805076542734465,4.999999999999999,4.482139281392989,True,0.987974563482616,0.8499252116391947,1.0,2001.4153673648184,2002.4146829021215,2002.4146829021215,2002.4146829021215,2002.4146829021215,2002.4146829021215,2001.4157382674912,2001.4157382674912,2001.4157382674912,0.9989446346303339,0.9989446346303339,False,False,0.0,0.0,20.8
sim0011_K,260,29.94296577686555,2,2sm,6.6805076542734465,4.999999999999999,4.482139281392989,True,0.987974563482616,0.8499252116391947,2.0,2001.4153673648184,2003.400309185489,2003.400309185489,2003.400309185489,2003.400309185489,2003.400309185489,2001.4157382674912,2001.4157382674912,2001.4157382674912,1.9845709179978712,1.9845709179978712,False,False,0.0,0.0,20.8
sim0011_K,260,29.94296577686555,2,2sm,6.6805076542734465,4.999999999999999,4.482139281392989,True,0.987974563482616,0.8499252116391947,3.0,2001.4153673648184,2004.2216644216287,2004.1669074058861,2004.3037999452426,2004.1395288980148,2004.413313976728,2004.4115327424142,2004.4115327424142,2004.4115327424142,-0.18986832078553562,0.18986832078553562,False,True,0.13689253935649504,0.0,20.8
sim0011_K,260,29.94296577686555,2,2sm,6.6805076542734465,4.999999999999999,4.482139281392989,True,0.987974563482616,0.8499252116391947,4.0,2001.4153673648184,2004.2216644216287,2004.1669074058861,2004.3037999452426,2004.1395288980148,2004.4276876933604,2004.771028079406,2004.771028079406,2004.771028079406,-0.5493636577773486,0.5493636577773486,False,False,0.13689253935649504,0.0,20.8
sim0011_K,260,29.94296577686555,2,2sm,6.6805076542734465,4.999999999999999,4.482139281392989,True,0.987974563482616,0.8499252116391947,5.0,2001.4153673648184,2004.2216644216287,2004.1669074058861,2004.3037999452426,2004.1395288980148,2004.4276876933604,2004.771028079406,2004.771028079406,2004.771028079406,-0.5493636577773486,0.5493636577773486,False,False,0.13689253935649504,0.0,20.8
sim0011_K,260,29.94296577686555,2,2sm,6.6805076542734465,4.999999999999999,4.482139281392989,True,0.987974563482616,0.8499252116391947,6.0,2001.4153673648184,2004.2216644216287,2004.1669074058861,2004.3037999452426,2004.1395288980148,2004.4276876933604,2004.771028079406,2004.771028079406,2004.771028079406,-0.5493636577773486,0.5493636577773486,False,False,0.13689253935649504,0.0,20.8
sim0011_K,260,29.94296577686555,2,2sm,6.6805076542734465,4.999999999999999,4.482139281392989,True,0.987974563482616,0.8499252116391947,7.0,2001.4153673648184,2004.2216644216287,2004.1669074058861,2004.3037999452426,2004.1395288980148,2004.4276876933604,2008.410918366438,2008.410918366438,2008.410918366438,-4.189253944809252,4.189253944809252,False,False,0.13689253935649504,0.0,20.8
sim0011_K,260,29.94296577686555,2,2sm,6.6805076542734465,4.999999999999999,4.482139281392989,True,0.987974563482616,0.8499252116391947,8.0,2001.4153673648184,2004.2216644216287,2004.1669074058861,2004.3037999452426,2004.1395288980148,2004.4276876933604,2008.4558552835622,2008.4558552835622,2008.4558552835622,-4.2341908619334845,4.2341908619334845,False,False,0.13689253935649504,0.0,20.8
sim0011_K,260,29.94296577686555,2,2sm,6.6805076542734465,4.999999999999999,4.482139281392989,True,0.987974563482616,0.8499252116391947,9.0,2001.4153673648184,2004.2216644216287,2004.1669074058861,2004.3037999452426,2004.1395288980148,2004.4276876933604,2008.4558552835622,2008.4558552835622,2008.4558552835622,-4.2341908619334845,4.2341908619334845,False,False,0.13689253935649504,0.0,20.8
sim0011_K,260,29.94296577686555,2,2sm,6.6805076542734465,4.999999999999999,4.482139281392989,True,0.987974563482616,0.8499252116391947,10.0,2001.4153673648184,2004.2216644216287,2004.1669074058861,2004.3037999452426,2004.1395288980148,2004.4276876933604,2008.4558552835622,2008.4558552835622,2008.4558552835622,-4.2341908619334845,4.2341908619334845,False,False,0.13689253935649504,0.0,20.8
sim0011_K,260,29.94296577686555,2,2sm,6.6805076542734465,4.999999999999999,4.482139281392989,True,0.987974563482616,0.8499252116391947,10.665399233402013,2001.4153673648184,2004.2216644216287,2004.1669074058861,2004.3037999452426,2004.1395288980148,2004.4276876933604,2008.4558552835622,2008.4558552835622,2008.4558552835622,-4.2341908619334845,4.2341908619334845,False,False,0.13689253935649504,0.0,20.8
sim0011_K,260,29.94296577686555,3,2sm,6.291763601592353,4.999999999999999,4.75907355598793,True,0.9991624318196554,0.9403623827637848,1.0,2006.1492076659822,2006.2244985626282,2006.2244985626282,2006.2244985626282,2006.2244985626282,2006.2244985626282,2006.164072510245,2006.164072510245,2006.164072510245,0.060426052383263595,0.060426052383263595,False,False,0.0,0.0,20.8
sim0011_K,260,29.94296577686555,3,2sm,6.291763601592353,4.999999999999999,4.75907355598793,True,0.9991624318196554,0.9403623827637848,2.0,2006.1492076659822,2008.1341494866529,2008.1341494866529,2008.1341494866529,2006.2244985626282,2008.1341494866529,2008.0963599465717,2008.0214650846983,2008.1412968636948,0.03778954008112123,0.03778954008112123,False,True,0.0,0.1198317789965131,20.8
sim0011_K,260,29.94296577686555,3,2sm,6.291763601592353,4.999999999999999,4.75907355598793,True,0.9991624318196554,0.9403623827637848,3.0,2006.1492076659822,2009.1471542778918,2009.1471542778918,2009.1471542778918,2009.1471542778918,2009.1471542778918,2008.0963599465717,2008.0214650846983,2008.186233780819,1.0507943313200485,1.0507943313200485,False,False,0.0,0.16476869612074552,20.8
sim0011_K,260,29.94296577686555,3,2sm,6.291763601592353,4.999999999999999,4.75907355598793,True,0.9991624318196554,0.9403623827637848,4.0,2006.1492076659822,2010.1327805612593,2010.1327805612593,2010.1327805612593,2010.1327805612593,2010.1327805612593,2009.7889838249032,2008.0214650846983,2009.8788576591517,0.3437967363561256,0.3437967363561256,False,False,0.0,1.8573925744533426,20.8
sim0011_K,260,29.94296577686555,3,2sm,6.291763601592353,4.999999999999999,4.75907355598793,True,0.9991624318196554,0.9403623827637848,5.0,2006.1492076659822,2010.2422945927444,2010.2149160848733,2010.2970516084872,2010.1875375770019,2010.4339441478437,2009.7889838249032,2008.0214650846983,2009.8788576591517,0.4533107678412307,0.4533107678412307,False,False,0.0821355236139425,1.8573925744533426,20.8
sim0011_K,260,29.94296577686555,3,2sm,6.291763601592353,4.999999999999999,4.75907355598793,True,0.9991624318196554,0.9403623827637848,5.931558932238204,2006.1492076659822,2010.2422945927444,2010.2149160848733,2010.2970516084872,2010.1875375770019,2010.4339441478437,2009.7889838249032,2008.0214650846983,2009.8788576591517,0.4533107678412307,0.4533107678412307,False,False,0.0821355236139425,1.8573925744533426,20.8
sim0011_K,260,29.94296577686555,4,3sml,0.8662965213534223,4.999999999999999,34.56433800528877,True,0.9933558520140156,0.9843407918479302,1.0,2010.4267742094455,2010.5020651060915,2010.5020651060915,2010.5020651060915,2010.5020651060915,2010.5020651060915,2011.1970072281174,2011.1970072281174,2011.1970072281174,-0.69494212202585,0.69494212202585,False,False,0.0,0.0,20.8
sim0011_K,260,29.94296577686555,4,3sml,0.8662965213534223,4.999999999999999,34.56433800528877,True,0.9933558520140156,0.9843407918479302,1.6539923887748955,2010.4267742094455,2010.5020651060915,2010.5020651060915,2010.5020651060915,2010.5020651060915,2010.5020651060915,2011.1970072281174,2011.1970072281174,2012.0657876258451,-0.69494212202585,0.69494212202585,False,False,0.0,0.8687803977277326,20.8
sim0012_ME,260,29.94296577686555,0,3sml,7.602682051315648,4.999999999999999,3.9384740246613235,True,0.9972093714958786,4.635844671149557,1.0,1997.1948350444895,1998.1941505817927,1998.1941505817927,1998.1941505817927,1998.1941505817927,1998.1941505817927,1998.1802802345728,1998.1802802345728,1998.1802802345728,0.013870347219835821,0.013870347219835821,False,False,0.0,0.0,20.8
sim0012_ME,260,29.94296577686555,0,3sml,7.602682051315648,4.999999999999999,3.9384740246613235,True,0.9972093714958786,4.635844671149557,2.0,1997.1948350444895,1999.1797768651602,1999.1797768651602,1999.1797768651602,1999.1797768651602,1999.1797768651602,1999.183871383672,1999.183871383672,1999.183871383672,-0.004094518511919887,0.004094518511919887,False,False,0.0,0.0,20.8
sim0012_ME,260,29.94296577686555,0,3sml,7.602682051315648,4.999999999999999,3.9384740246613235,True,0.9972093714958786,4.635844671149557,3.0,1997.1948350444895,2000.1927816563991,2000.1927816563991,2000.1927816563991,2000.1927816563991,2000.1927816563991,2000.1874625327716,2000.1874625327716,2000.1874625327716,0.005319123627486988,0.005319123627486988,False,False,0.0,0.0,20.8
sim0012_ME,260,29.94296577686555,0,3sml,7.602682051315648,4.999999999999999,3.9384740246613235,True,0.9972093714958786,4.635844671149557,4.0,1997.1948350444895,2000.795108829568,2000.7677303216967,2000.8224873374395,2000.725978097193,2000.9320013689248,2001.191053681871,2001.191053681871,2001.191053681871,-0.3959448523028186,0.3959448523028186,False,False,0.05475701574277991,0.0,20.8
sim0012_ME,260,29.94296577686555,0,3sml,7.602682051315648,4.999999999999999,3.9384740246613235,True,0.9972093714958786,4.635844671149557,5.0,1997.1948350444895,2000.795108829568,2000.7677303216967,2000.8224873374395,2000.725978097193,2000.9320013689248,2001.3408434056178,2001.3408434056178,2001.3408434056178,-0.5457345760496537,0.5457345760496537,False,False,0.05475701574277991,0.0,20.8
sim0012_ME,260,29.94296577686555,0,3sml,7.602682051315648,4.999999999999999,3.9384740246613235,True,0.9972093714958786,4.635844671149557,6.0,1997.1948350444895,2000.795108829568,2000.7677303216967,2000.8224873374395,2000.725978097193,2000.9320013689248,2001.3408434056178,2001.3408434056178,2001.3408434056178,-0.5457345760496537,0.5457345760496537,False,False,0.05475701574277991,0.0,20.8
sim0012_ME,260,29.94296577686555,0,3sml,7.602682051315648,4.999999999999999,3.9384740246613235,True,0.9972093714958786,4.635844671149557,7.0,1997.1948350444895,2000.795108829568,2000.7677303216967,2000.8224873374395,2000.725978097193,2000.9320013689248,2001.3408434056178,2001.3408434056178,2001.3408434056178,-0.5457345760496537,0.5457345760496537,False,False,0.05475701574277991,0.0,20.8
sim0012_ME,260,29.94296577686555,0,3sml,7.602682051315648,4.999999999999999,3.9384740246613235,True,0.9972093714958786,4.635844671149557,8.0,1997.1948350444895,2000.795108829568,2000.7677303216967,2000.8224873374395,2000.725978097193,2000.9320013689248,2001.3408434056178,2001.3408434056178,2001.3408434056178,-0.5457345760496537,0.5457345760496537,False,False,0.05475701574277991,0.0,20.8
sim0012_ME,260,29.94296577686555,0,3sml,7.602682051315648,4.999999999999999,3.9384740246613235,True,0.9972093714958786,4.635844671149557,9.0,1997.1948350444895,2000.795108829568,2000.7677303216967,2000.8224873374395,2000.725978097193,2000.9320013689248,2001.3408434056178,2001.3408434056178,2001.3408434056178,-0.5457345760496537,0.5457345760496537,False,False,0.05475701574277991,0.0,20.8
sim0012_ME,260,29.94296577686555,0,3sml,7.602682051315648,4.999999999999999,3.9384740246613235,True,0.9972093714958786,4.635844671149557,10.0,1997.1948350444895,2000.795108829568,2000.7677303216967,2000.8224873374395,2000.725978097193,2000.9320013689248,2001.3408434056178,2001.3408434056178,2001.3408434056178,-0.5457345760496537,0.5457345760496537,False,False,0.05475701574277991,0.0,20.8
sim0012_ME,260,29.94296577686555,0,3sml,7.602682051315648,4.999999999999999,3.9384740246613235,True,0.9972093714958786,4.635844671149557,11.0,1997.1948350444895,2000.795108829568,2000.7677303216967,2000.8224873374395,2000.725978097193,2000.9320013689248,2001.3408434056178,2001.3408434056178,2001.3408434056178,-0.5457345760496537,0.5457345760496537,False,False,0.05475701574277991,0.0,20.8
sim0012_ME,260,29.94296577686555,0,3sml,7.602682051315648,4.999999999999999,3.9384740246613235,True,0.9972093714958786,4.635844671149557,12.0,1997.1948350444895,2000.795108829568,2000.7677303216967,2000.8224873374395,2000.725978097193,2000.9320013689248,2001.3408434056178,2001.3408434056178,2001.3408434056178,-0.5457345760496537,0.5457345760496537,False,False,0.05475701574277991,0.0,20.8
sim0012_ME,260,29.94296577686555,0,3sml,7.602682051315648,4.999999999999999,3.9384740246613235,True,0.9972093714958786,4.635844671149557,13.0,1997.1948350444895,2000.795108829568,2000.7677303216967,2000.8224873374395,2000.725978097193,2000.9320013689248,2009.3995305431636,2001.3408434056178,2009.3995305431636,-8.604421713595457,8.604421713595457,False,False,0.05475701574277991,8.058687137545803,20.8
sim0012_ME,260,29.94296577686555,0,3sml,7.602682051315648,4.999999999999999,3.9384740246613235,True,0.9972093714958786,4.635844671149557,14.0,1997.1948350444895,2000.795108829568,2000.7677303216967,2000.8224873374395,2000.725978097193,2000.9320013689248,2009.3995305431636,2001.3408434056178,2009.3995305431636,-8.604421713595457,8.604421713595457,False,False,0.05475701574277991,8.058687137545803,20.8
sim0012_ME,260,29.94296577686555,0,3sml,7.602682051315648,4.999999999999999,3.9384740246613235,True,0.9972093714958786,4.635844671149557,14.88593155373087,1997.1948350444895,2000.795108829568,2000.7677303216967,2000.8224873374395,2000.725978097193,2000.9320013689248,2009.3995305431636,2001.3408434056178,2009.3995305431636,-8.604421713595457,8.604421713595457,False,False,0.05475701574277991,8.058687137545803,20.8
sim0012_ME,260,29.94296577686555,1,2sm,7.830771474491273,4.999999999999999,3.8237568130298167,True,0.9949923986799488,4.795263919279706,1.0,2001.4153673648184,2001.4906582614644,2001.4906582614644,2001.4906582614644,2001.4906582614644,2001.4906582614644,2001.4157382674912,2001.4157382674912,2001.4157382674912,0.07491999397325344,0.07491999397325344,False,False,0.0,0.0,20.8
sim0012_ME,260,29.94296577686555,1,2sm,7.830771474491273,4.999999999999999,3.8237568130298167,True,0.9949923986799488,4.795263919279706,2.0,2001.4153673648184,2001.4906582614644,2001.4906582614644,2001.4906582614644,2001.4906582614644,2001.4906582614644,2001.4157382674912,2001.4157382674912,2001.4157382674912,0.07491999397325344,0.07491999397325344,False,False,0.0,0.0,20.8
sim0012_ME,260,29.94296577686555,1,2sm,7.830771474491273,4.999999999999999,3.8237568130298167,True,0.9949923986799488,4.795263919279706,3.0,2001.4153673648184,2001.4906582614644,2001.4906582614644,2001.4906582614644,2001.4906582614644,2001.4906582614644,2001.4157382674912,2001.4157382674912,2001.4157382674912,0.07491999397325344,0.07491999397325344,False,False,0.0,0.0,20.8
sim0012_ME,260,29.94296577686555,1,2sm,7.830771474491273,4.999999999999999,3.8237568130298167,True,0.9949923986799488,4.795263919279706,4.0,2001.4153673648184,2001.4906582614644,2001.4906582614644,2001.4906582614644,2001.4906582614644,2001.4906582614644,2001.4157382674912,2001.4157382674912,2001.4157382674912,0.07491999397325344,0.07491999397325344,False,False,0.0,0.0,20.8
sim0012_ME,260,29.94296577686555,1,2sm,7.830771474491273,4.999999999999999,3.8237568130298167,True,0.9949923986799488,4.795263919279706,5.0,2001.4153673648184,2001.4906582614644,2001.4906582614644,2001.4906582614644,2001.4906582614644,2001.4906582614644,2001.4157382674912,2001.4157382674912,2001.4157382674912,0.07491999397325344,0.07491999397325344,False,False,0.0,0.0,20.8
sim0012_ME,260,29.94296577686555,1,2sm,7.830771474491273,4.999999999999999,3.8237568130298167,True,0.9949923986799488,4.795263919279706,6.0,2001.4153673648184,2001.4906582614644,2001.4906582614644,2001.4906582614644,2001.4906582614644,2001.4906582614644,2001.4157382674912,2001.4157382674912,2001.4157382674912,0.07491999397325344,0.07491999397325344,False,False,0.0,0.0,20.8
sim0012_ME,260,29.94296577686555,1,2sm,7.830771474491273,4.999999999999999,3.8237568130298167,True,0.9949923986799488,4.795263919279706,7.0,2001.4153673648184,2001.4906582614644,2001.4906582614644,2001.4906582614644,2001.4906582614644,2001.4906582614644,2001.4157382674912,2001.4157382674912,2001.4157382674912,0.07491999397325344,0.07491999397325344,False,False,0.0,0.0,20.8
sim0012_ME,260,29.94296577686555,1,2sm,7.830771474491273,4.999999999999999,3.8237568130298167,True,0.9949923986799488,4.795263919279706,8.0,2001.4153673648184,2001.4906582614644,2001.4906582614644,2001.4906582614644,2001.4906582614644,2001.4906582614644,2008.9052244548013,2008.9052244548013,2008.9052244548013,-7.414566193336896,7.414566193336896,False,False,0.0,0.0,20.8
sim0012_ME,260,29.94296577686555,1,2sm,7.830771474491273,4.999999999999999,3.8237568130298167,True,0.9949923986799488,4.795263919279706,9.0,2001.4153673648184,2001.4906582614644,2001.4906582614644,2001.4906582614644,2001.4906582614644,2001.4906582614644,2008.9052244548013,2008.9052244548013,2008.9052244548013,-7.414566193336896,7.414566193336896,False,False,0.0,0.0,20.8
sim0012_ME,260,29.94296577686555,1,2sm,7.830771474491273,4.999999999999999,3.8237568130298167,True,0.9949923986799488,4.795263919279706,10.0,2001.4153673648184,2001.4906582614644,2001.4906582614644,2001.4906582614644,2001.4906582614644,2001.4906582614644,2008.9052244548013,2008.9052244548013,2008.9052244548013,-7.414566193336896,7.414566193336896,False,False,0.0,0.0,20.8
sim0012_ME,260,29.94296577686555,1,2sm,7.830771474491273,4.999999999999999,3.8237568130298167,True,0.9949923986799488,4.795263919279706,10.665399233402013,2001.4153673648184,2001.4906582614644,2001.4906582614644,2001.4906582614644,2001.4906582614644,2001.4906582614644,2008.9052244548013,2008.9052244548013,2008.9052244548013,-7.414566193336896,7.414566193336896,False,False,0.0,0.0,20.8
sim0012_ME,260,29.94296577686555,2,2sm,7.777805547237402,4.999999999999999,3.849796140442337,True,0.9997267712867174,4.5422130928936335,1.0,2006.1492076659822,2007.1485232032853,2007.1485232032853,2007.1485232032853,2007.1485232032853,2007.1485232032853,2007.1377057145953,2007.1377057145953,2007.1377057145953,0.010817488690008759,0.010817488690008759,False,False,0.0,0.0,20.8
sim0012_ME,260,29.94296577686555,2,2sm,7.777805547237402,4.999999999999999,3.849796140442337,True,0.9997267712867174,4.5422130928936335,2.0,2006.1492076659822,2008.1341494866529,2008.1341494866529,2008.1341494866529,2008.1341494866529,2008.1341494866529,2008.1412968636948,2008.1412968636948,2008.1412968636948,-0.007147377041974323,0.007147377041974323,False,False,0.0,0.0,20.8
sim0012_ME,260,29.94296577686555,2,2sm,7.777805547237402,4.999999999999999,3.849796140442337,True,0.9997267712867174,4.5422130928936335,3.0,2006.1492076659822,2008.9007477070497,2008.8186121834358,2008.9281262149211,2008.7638551676932,2008.9828832306637,2009.1299090404202,2009.1149300680452,2009.1299090404202,-0.2291613333704845,0.2291613333704845,False,False,0.10951403148533245,0.014978972375047306,20.8
sim0012_ME,260,29.94296577686555,2,2sm,7.777805547237402,4.999999999999999,3.849796140442337,True,0.9997267712867174,4.5422130928936335,4.0,2006.1492076659822,2008.9007477070497,2008.8186121834358,2008.9281262149211,2008.7638551676932,2008.9828832306637,2009.1299090404202,2009.1149300680452,2009.1299090404202,-0.2291613333704845,0.2291613333704845,False,False,0.10951403148533245,0.014978972375047306,20.8
sim0012_ME,260,29.94296577686555,2,2sm,7.777805547237402,4.999999999999999,3.849796140442337,True,0.9997267712867174,4.5422130928936335,5.0,2006.1492076659822,2008.9007477070497,2008.8186121834358,2008.9281262149211,2008.7638551676932,2008.9828832306637,2009.1299090404202,2009.1149300680452,2009.1299090404202,-0.2291613333704845,0.2291613333704845,False,False,0.10951403148533245,0.014978972375047306,20.8
sim0012_ME,260,29.94296577686555,2,2sm,7.777805547237402,4.999999999999999,3.849796140442337,True,0.9997267712867174,4.5422130928936335,5.931558932238204,2006.1492076659822,2008.9007477070497,2008.8186121834358,2008.9281262149211,2008.7638551676932,2008.9828832306637,2009.1299090404202,2009.1149300680452,2009.1299090404202,-0.2291613333704845,0.2291613333704845,False,False,0.10951403148533245,0.014978972375047306,20.8
sim0012_ME,260,29.94296577686555,3,3sml,7.815024021522953,4.999999999999999,3.831461770866113,True,0.9995782724570447,4.653244725285258,1.0,2010.4267742094455,2010.5020651060915,2010.5020651060915,2010.5020651060915,2010.5020651060915,2010.5020651060915,2010.433079637012,2010.433079637012,2010.433079637012,0.06898546907950731,0.06898546907950731,False,False,0.0,0.0,20.8
sim0012_ME,260,29.94296577686555,3,3sml,7.815024021522953,4.999999999999999,3.831461770866113,True,0.9995782724570447,4.653244725285258,1.6539923887748955,2010.4267742094455,2010.5020651060915,2010.5020651060915,2010.5020651060915,2010.5020651060915,2010.5020651060915,2010.433079637012,2010.433079637012,2010.433079637012,0.06898546907950731,0.06898546907950731,False,False,0.0,0.0,20.8
sim0013_MM,260,29.94296577686555,0,2sm,5.406458689847197,4.999999999999999,5.538369475215916,True,0.9940360330138204,0.9424013958596447,1.0,1993.088371170431,1993.3279331143049,1993.3279331143049,1993.6564752087609,1993.3279331143049,1993.6564752087609,1993.1024085995762,1993.1024085995762,1993.1024085995762,0.22552451472870416,0.22552451472870416,False,False,0.32854209445599736,0.0,20.8
sim0013_MM,260,29.94296577686555,0,2sm,5.406458689847197,4.999999999999999,5.538369475215916,True,0.9940360330138204,0.9424013958596447,2.0,1993.088371170431,1993.3279331143049,1993.3279331143049,1993.6564752087609,1993.3279331143049,1993.6564752087609,1995.0496750082768,1995.0496750082768,1995.0496750082768,-1.7217418939719664,1.7217418939719664,False,False,0.32854209445599736,0.0,20.8
sim0013_MM,260,29.94296577686555,0,2sm,5.406458689847197,4.999999999999999,5.538369475215916,True,0.9940360330138204,0.9424013958596447,3.0,1993.088371170431,1993.3279331143049,1993.3279331143049,1993.6564752087609,1993.3279331143049,1993.6564752087609,1995.0496750082768,1995.0496750082768,1995.0496750082768,-1.7217418939719664,1.7217418939719664,False,False,0.32854209445599736,0.0,20.8
sim0013_MM,260,29.94296577686555,0,2sm,5.406458689847197,4.999999999999999,5.538369475215916,True,0.9940360330138204,0.9424013958596447,4.0,1993.088371170431,1993.3279331143049,1993.3279331143049,1993.6564752087609,1993.3279331143049,1993.6564752087609,1997.086815251226,1997.086815251226,1997.086815251226,-3.758882136921102,3.758882136921102,False,False,0.32854209445599736,0.0,20.8
sim0013_MM,260,29.94296577686555,0,2sm,5.406458689847197,4.999999999999999,5.538369475215916,True,0.9940360330138204,0.9424013958596447,5.0,1993.088371170431,1993.3279331143049,1993.3279331143049,1993.6564752087609,1993.3279331143049,1993.6564752087609,1997.3863946987183,1997.3863946987183,1997.4013736710922,-4.058461584413408,4.058461584413408,False,False,0.32854209445599736,0.014978972373910437,20.8
sim0013_MM,260,29.94296577686555,0,2sm,5.406458689847197,4.999999999999999,5.538369475215916,True,0.9940360330138204,0.9424013958596447,6.0,1993.088371170431,1993.3279331143049,1993.3279331143049,1993.6564752087609,1993.3279331143049,1993.6564752087609,1999.0790185770497,1999.0790185770497,1999.0790185770497,-5.751085462744868,5.751085462744868,False,False,0.32854209445599736,0.0,20.8
sim0013_MM,260,29.94296577686555,0,2sm,5.406458689847197,4.999999999999999,5.538369475215916,True,0.9940360330138204,0.9424013958596447,7.0,1993.088371170431,1993.3279331143049,1993.3279331143049,1993.6564752087609,1993.3279331143049,1993.6564752087609,1999.2138293284213,1999.2138293284213,1999.2288083007966,-5.885896214116428,5.885896214116428,False,False,0.32854209445599736,0.01497897237527468,20.8
sim0013_MM,260,29.94296577686555,0,2sm,5.406458689847197,4.999999999999999,5.538369475215916,True,0.9940360330138204,0.9424013958596447,8.0,1993.088371170431,1993.3279331143049,1993.3279331143049,1993.6564752087609,1993.3279331143049,1993.6564752087609,1999.2138293284213,1999.2138293284213,1999.2288083007966,-5.885896214116428,5.885896214116428,False,False,0.32854209445599736,0.01497897237527468,20.8
sim0013_MM,260,29.94296577686555,0,2sm,5.406458689847197,4.999999999999999,5.538369475215916,True,0.9940360330138204,0.9424013958596447,9.0,1993.088371170431,1993.3279331143049,1993.3279331143049,1993.6564752087609,1993.3279331143049,1993.6564752087609,1999.2138293284213,1999.2138293284213,1999.2288083007966,-5.885896214116428,5.885896214116428,False,False,0.32854209445599736,0.01497897237527468,20.8
sim0013_MM,260,29.94296577686555,0,2sm,5.406458689847197,4.999999999999999,5.538369475215916,True,0.9940360330138204,0.9424013958596447,10.0,1993.088371170431,1993.3279331143049,1993.3279331143049,1993.6564752087609,1993.3279331143049,1993.6564752087609,1999.2138293284213,1999.2138293284213,1999.2288083007966,-5.885896214116428,5.885896214116428,False,False,0.32854209445599736,0.01497897237527468,20.8
sim0013_MM,260,29.94296577686555,0,2sm,5.406458689847197,4.999999999999999,5.538369475215916,True,0.9940360330138204,0.9424013958596447,11.0,1993.088371170431,1993.3279331143049,1993.3279331143049,1993.6564752087609,1993.3279331143049,1993.6564752087609,1999.2138293284213,1999.2138293284213,1999.2288083007966,-5.885896214116428,5.885896214116428,False,False,0.32854209445599736,0.01497897237527468,20.8
sim0013_MM,260,29.94296577686555,0,2sm,5.406458689847197,4.999999999999999,5.538369475215916,True,0.9940360330138204,0.9424013958596447,12.0,1993.088371170431,1993.3279331143049,1993.3279331143049,1993.6564752087609,1993.3279331143049,1993.6564752087609,1999.2138293284213,1999.2138293284213,1999.2288083007966,-5.885896214116428,5.885896214116428,False,False,0.32854209445599736,0.01497897237527468,20.8
sim0013_MM,260,29.94296577686555,0,2sm,5.406458689847197,4.999999999999999,5.538369475215916,True,0.9940360330138204,0.9424013958596447,13.0,1993.088371170431,1993.3279331143049,1993.3279331143049,1993.6564752087609,1993.3279331143049,1993.6564752087609,1999.2138293284213,1999.2138293284213,1999.2288083007966,-5.885896214116428,5.885896214116428,False,False,0.32854209445599736,0.01497897237527468,20.8
sim0013_MM,260,29.94296577686555,0,2sm,5.406458689847197,4.999999999999999,5.538369475215916,True,0.9940360330138204,0.9424013958596447,14.0,1993.088371170431,1993.3279331143049,1993.3279331143049,1993.6564752087609,1993.3279331143049,1993.6564752087609,2006.3138622339918,2006.3138622339918,2006.3138622339918,-12.985929119686944,12.985929119686944,False,False,0.32854209445599736,0.0,20.8
sim0013_MM,260,29.94296577686555,0,2sm,5.406458689847197,4.999999999999999,5.538369475215916,True,0.9940360330138204,0.9424013958596447,15.0,1993.088371170431,1993.3279331143049,1993.3279331143049,1993.6564752087609,1993.3279331143049,1993.6564752087609,2006.3138622339918,2006.3138622339918,2006.3138622339918,-12.985929119686944,12.985929119686944,False,False,0.32854209445599736,0.0,20.8
sim0013_MM,260,29.94296577686555,0,2sm,5.406458689847197,4.999999999999999,5.538369475215916,True,0.9940360330138204,0.9424013958596447,16.0,1993.088371170431,1993.3279331143049,1993.3279331143049,1993.6564752087609,1993.3279331143049,1993.6564752087609,2006.3138622339918,2006.3138622339918,2006.3138622339918,-12.985929119686944,12.985929119686944,False,False,0.32854209445599736,0.0,20.8
sim0013_MM,260,29.94296577686555,0,2sm,5.406458689847197,4.999999999999999,5.538369475215916,True,0.9940360330138204,0.9424013958596447,17.0,1993.088371170431,1993.3279331143049,1993.3279331143049,1993.6564752087609,1993.3279331143049,1993.6564752087609,2006.3138622339918,2006.3138622339918,2006.3138622339918,-12.985929119686944,12.985929119686944,False,False,0.32854209445599736,0.0,20.8
sim0013_MM,260,29.94296577686555,0,2sm,5.406458689847197,4.999999999999999,5.538369475215916,True,0.9940360330138204,0.9424013958596447,18.0,1993.088371170431,1993.3279331143049,1993.3279331143049,1993.6564752087609,1993.3279331143049,1993.6564752087609,2006.3138622339918,2006.3138622339918,2006.3138622339918,-12.985929119686944,12.985929119686944,False,False,0.32854209445599736,0.0,20.8
sim0013_MM,260,29.94296577686555,0,2sm,5.406458689847197,4.999999999999999,5.538369475215916,True,0.9940360330138204,0.9424013958596447,18.99239542778946,1993.088371170431,1993.3279331143049,1993.3279331143049,1993.6564752087609,1993.3279331143049,1993.6564752087609,2006.3138622339918,2006.3138622339918,2006.3138622339918,-12.985929119686944,12.985929119686944,False,False,0.32854209445599736,0.0,20.8
sim0013_MM,260,29.94296577686555,1,3sml,5.367841009199202,4.999999999999999,5.5782139831545745,True,0.9919626969641364,1.454527041146305,1.0,2001.4153673648184,2002.4146829021215,2002.4146829021215,2002.4146829021215,2002.4146829021215,2002.4146829021215,2002.4043504442154,2002.4043504442154,2002.4043504442154,0.010332457906088166,0.010332457906088166,False,False,0.0,0.0,20.8
sim0013_MM,260,29.94296577686555,1,3sml,5.367841009199202,4.999999999999999,5.5782139831545745,True,0.9919626969641364,1.454527041146305,2.0,2001.4153673648184,2003.400309185489,2003.400309185489,2003.400309185489,2003.400309185489,2003.400309185489,2002.5840981127112,2002.5541401679623,2002.5990770850851,0.8162110727778327,0.8162110727778327,False,False,0.0,0.04493691712286818,20.8
sim0013_MM,260,29.94296577686555,1,3sml,5.367841009199202,4.999999999999999,5.5782139831545745,True,0.9919626969641364,1.454527041146305,3.0,2001.4153673648184,2004.331178453114,2004.331178453114,2004.331178453114,2004.3037999452426,2004.3585569609854,2002.5840981127112,2002.5541401679623,2004.4115327424142,1.7470803404028175,1.7470803404028175,False,False,0.0,1.8573925744519784,20.8
sim0013_MM,260,29.94296577686555,1,3sml,5.367841009199202,4.999999999999999,5.5782139831545745,True,0.9919626969641364,1.454527041146305,4.0,2001.4153673648184,2004.331178453114,2004.331178453114,2004.331178453114,2004.3037999452426,2004.3585569609854,2004.8009860241552,2004.7560491070308,2004.8159649965291,-0.4698075710412013,0.4698075710412013,False,False,0.0,0.059915889498370234,20.8
sim0013_MM,260,29.94296577686555,1,3sml,5.367841009199202,4.999999999999999,5.5782139831545745,True,0.9919626969641364,1.454527041146305,5.0,2001.4153673648184,2004.331178453114,2004.331178453114,2004.331178453114,2004.3037999452426,2004.3585569609854,2006.4037360682391,2004.8009860241552,2006.4037360682391,-2.072557615125106,2.072557615125106,False,False,0.0,1.6027500440839049,20.8
sim0013_MM,260,29.94296577686555,1,3sml,5.367841009199202,4.999999999999999,5.5782139831545745,True,0.9919626969641364,1.454527041146305,6.0,2001.4153673648184,2004.331178453114,2004.331178453114,2004.331178453114,2004.3037999452426,2004.3585569609854,2006.7632314052296,2006.7009188801517,2006.7782103776049,-2.432052952115555,2.432052952115555,False,False,0.0,0.07729149745318864,20.8
sim0013_MM,260,29.94296577686555,1,3sml,5.367841009199202,4.999999999999999,5.5782139831545745,True,0.9919626969641364,1.454527041146305,7.0,2001.4153673648184,2004.331178453114,2004.331178453114,2004.331178453114,2004.3037999452426,2004.3585569609854,2006.7632314052296,2006.7009188801517,2006.7782103776049,-2.432052952115555,2.432052952115555,False,False,0.0,0.07729149745318864,20.8
sim0013_MM,260,29.94296577686555,1,3sml,5.367841009199202,4.999999999999999,5.5782139831545745,True,0.9919626969641364,1.454527041146305,8.0,2001.4153673648184,2004.331178453114,2004.331178453114,2004.331178453114,2004.3037999452426,2004.3585569609854,2006.7632314052296,2006.7009188801517,2006.7782103776049,-2.432052952115555,2.432052952115555,False,False,0.0,0.07729149745318864,20.8
sim0013_MM,260,29.94296577686555,1,3sml,5.367841009199202,4.999999999999999,5.5782139831545745,True,0.9919626969641364,1.454527041146305,9.0,2001.4153673648184,2004.331178453114,2004.331178453114,2004.331178453114,2004.3037999452426,2004.3585569609854,2006.7632314052296,2006.7009188801517,2006.7782103776049,-2.432052952115555,2.432052952115555,False,False,0.0,0.07729149745318864,20.8
sim0013_MM,260,29.94296577686555,1,3sml,5.367841009199202,4.999999999999999,5.5782139831545745,True,0.9919626969641364,1.454527041146305,10.0,2001.4153673648184,2004.331178453114,2004.331178453114,2004.331178453114,2004.3037999452426,2004.3585569609854,2006.7632314052296,2006.7009188801517,2006.7782103776049,-2.432052952115555,2.432052952115555,False,False,0.0,0.07729149745318864,20.8
sim0013_MM,260,29.94296577686555,1,3sml,5.367841009199202,4.999999999999999,5.5782139831545745,True,0.9919626969641364,1.454527041146305,10.665399233402013,2001.4153673648184,2004.331178453114,2004.331178453114,2004.331178453114,2004.3037999452426,2004.3585569609854,2006.7632314052296,2006.7009188801517,2006.7782103776049,-2.432052952115555,2.432052952115555,False,False,0.0,0.07729149745318864,20.8
sim0013_MM,260,29.94296577686555,2,2sm,5.350768620337462,4.999999999999999,5.596012068818836,True,0.9988519479631243,1.1909931608176398,1.0,2006.1492076659822,2006.2244985626282,2006.2244985626282,2006.2244985626282,2006.2244985626282,2006.2244985626282,2006.164072510245,2006.164072510245,2006.164072510245,0.060426052383263595,0.060426052383263595,False,False,0.0,0.0,20.8
sim0013_MM,260,29.94296577686555,2,2sm,5.350768620337462,4.999999999999999,5.596012068818836,True,0.9988519479631243,1.1909931608176398,2.0,2006.1492076659822,2008.1341494866529,2008.1341494866529,2008.1341494866529,2008.1341494866529,2008.1341494866529,2008.1412968636948,2008.1412968636948,2008.1412968636948,-0.007147377041974323,0.007147377041974323,False,False,0.0,0.0,20.8
sim0013_MM,260,29.94296577686555,2,2sm,5.350768620337462,4.999999999999999,5.596012068818836,True,0.9988519479631243,1.1909931608176398,3.0,2006.1492076659822,2009.1471542778918,2009.1471542778918,2009.1471542778918,2009.1471542778918,2009.1471542778918,2009.1448880127941,2009.1448880127941,2009.1448880127941,0.0022662650976599252,0.0022662650976599252,False,False,0.0,0.0,20.8
sim0013_MM,260,29.94296577686555,2,2sm,5.350768620337462,4.999999999999999,5.596012068818836,True,0.9988519479631243,1.1909931608176398,4.0,2006.1492076659822,2009.694724435318,2009.6673459274468,2009.694724435318,2009.6673459274468,2009.7090981519505,2009.8339207420274,2009.8339207420274,2009.8488997144013,-0.1391963067094366,0.1391963067094366,False,False,0.027378507871162583,0.014978972373910437,20.8
sim0013_MM,260,29.94296577686555,2,2sm,5.350768620337462,4.999999999999999,5.596012068818836,True,0.9988519479631243,1.1909931608176398,5.0,2006.1492076659822,2009.694724435318,2009.6673459274468,2009.694724435318,2009.6673459274468,2009.7090981519505,2009.8339207420274,2009.8339207420274,2009.8488997144013,-0.1391963067094366,0.1391963067094366,False,False,0.027378507871162583,0.014978972373910437,20.8
sim0013_MM,260,29.94296577686555,2,2sm,5.350768620337462,4.999999999999999,5.596012068818836,True,0.9988519479631243,1.1909931608176398,5.931558932238204,2006.1492076659822,2009.694724435318,2009.6673459274468,2009.694724435318,2009.6673459274468,2009.7090981519505,2009.8339207420274,2009.8339207420274,2009.8488997144013,-0.1391963067094366,0.1391963067094366,False,False,0.027378507871162583,0.014978972373910437,20.8
sim0013_MM,260,29.94296577686555,3,2sm,5.36120024263799,4.999999999999999,5.585123558476162,True,0.999846570472411,0.8532049566688731,1.0,2010.4267742094455,2010.5020651060915,2010.5020651060915,2010.5020651060915,2010.5020651060915,2010.5020651060915,2010.433079637012,2010.433079637012,2010.433079637012,0.06898546907950731,0.06898546907950731,False,False,0.0,0.0,20.8
sim0013_MM,260,29.94296577686555,3,2sm,5.36120024263799,4.999999999999999,5.585123558476162,True,0.999846570472411,0.8532049566688731,1.6539923887748955,2010.4267742094455,2010.5020651060915,2010.5020651060915,2010.5020651060915,2010.5020651060915,2010.5020651060915,2010.433079637012,2010.433079637012,2010.433079637012,0.06898546907950731,0.06898546907950731,False,False,0.0,0.0,20.8
sim0014_ME,260,29.94296577686555,0,3sml,7.413348906869619,4.999999999999999,4.03906063953347,True,0.9956095890195986,0.8181496217829142,1.0,2001.4153673648184,2001.5727937850784,2001.5727937850784,2001.5727937850784,2001.5727937850784,2001.6549293086923,2001.4456962122404,2001.4456962122404,2001.4606751846143,0.12709757283801082,0.12709757283801082,False,False,0.0,0.014978972373910437,20.8
sim0014_ME,260,29.94296577686555,0,3sml,7.413348906869619,4.999999999999999,4.03906063953347,True,0.9956095890195986,0.8181496217829142,2.0,2001.4153673648184,2001.5727937850784,2001.5727937850784,2001.5727937850784,2001.5727937850784,2001.6549293086923,2001.4456962122404,2001.4456962122404,2001.4606751846143,0.12709757283801082,0.12709757283801082,False,False,0.0,0.014978972373910437,20.8
sim0014_ME,260,29.94296577686555,0,3sml,7.413348906869619,4.999999999999999,4.03906063953347,True,0.9956095890195986,0.8181496217829142,3.0,2001.4153673648184,2001.5727937850784,2001.5727937850784,2001.5727937850784,2001.5727937850784,2001.6549293086923,2001.4456962122404,2001.4456962122404,2001.4606751846143,0.12709757283801082,0.12709757283801082,False,False,0.0,0.014978972373910437,20.8
sim0014_ME,260,29.94296577686555,0,3sml,7.413348906869619,4.999999999999999,4.03906063953347,True,0.9956095890195986,0.8181496217829142,4.0,2001.4153673648184,2001.5727937850784,2001.5727937850784,2001.5727937850784,2001.5727937850784,2001.6549293086923,2001.4456962122404,2001.4456962122404,2001.4606751846143,0.12709757283801082,0.12709757283801082,False,False,0.0,0.014978972373910437,20.8
sim0014_ME,260,29.94296577686555,0,3sml,7.413348906869619,4.999999999999999,4.03906063953347,True,0.9956095890195986,0.8181496217829142,5.0,2001.4153673648184,2001.5727937850784,2001.5727937850784,2001.5727937850784,2001.5727937850784,2001.6549293086923,2001.4456962122404,2001.4456962122404,2001.4606751846143,0.12709757283801082,0.12709757283801082,False,False,0.0,0.014978972373910437,20.8
sim0014_ME,260,29.94296577686555,0,3sml,7.413348906869619,4.999999999999999,4.03906063953347,True,0.9956095890195986,0.8181496217829142,6.0,2001.4153673648184,2001.5727937850784,2001.5727937850784,2001.5727937850784,2001.5727937850784,2001.6549293086923,2001.4456962122404,2001.4456962122404,2001.4606751846143,0.12709757283801082,0.12709757283801082,False,False,0.0,0.014978972373910437,20.8
sim0014_ME,260,29.94296577686555,0,3sml,7.413348906869619,4.999999999999999,4.03906063953347,True,0.9956095890195986,0.8181496217829142,7.0,2001.4153673648184,2001.5727937850784,2001.5727937850784,2001.5727937850784,2001.5727937850784,2001.6549293086923,2007.4372851620876,2001.4456962122404,2007.452264134463,-5.864491377009244,5.864491377009244,False,False,0.0,6.00656792222253,20.8
sim0014_ME,260,29.94296577686555,0,3sml,7.413348906869619,4.999999999999999,4.03906063953347,True,0.9956095890195986,0.8181496217829142,8.0,2001.4153673648184,2001.5727937850784,2001.5727937850784,2001.5727937850784,2001.5727937850784,2001.6549293086923,2007.4372851620876,2001.4456962122404,2007.452264134463,-5.864491377009244,5.864491377009244,False,False,0.0,6.00656792222253,20.8
sim0014_ME,260,29.94296577686555,0,3sml,7.413348906869619,4.999999999999999,4.03906063953347,True,0.9956095890195986,0.8181496217829142,9.0,2001.4153673648184,2001.5727937850784,2001.5727937850784,2001.5727937850784,2001.5727937850784,2001.6549293086923,2007.4372851620876,2001.4456962122404,2007.452264134463,-5.864491377009244,5.864491377009244,False,False,0.0,6.00656792222253,20.8
sim0014_ME,260,29.94296577686555,0,3sml,7.413348906869619,4.999999999999999,4.03906063953347,True,0.9956095890195986,0.8181496217829142,10.0,2001.4153673648184,2001.5727937850784,2001.5727937850784,2001.5727937850784,2001.5727937850784,2001.6549293086923,2007.4372851620876,2001.4456962122404,2007.452264134463,-5.864491377009244,5.864491377009244,False,False,0.0,6.00656792222253,20.8
sim0014_ME,260,29.94296577686555,0,3sml,7.413348906869619,4.999999999999999,4.03906063953347,True,0.9956095890195986,0.8181496217829142,10.665399233402013,2001.4153673648184,2001.5727937850784,2001.5727937850784,2001.5727937850784,2001.5727937850784,2001.6549293086923,2007.4372851620876,2001.4456962122404,2007.452264134463,-5.864491377009244,5.864491377009244,False,False,0.0,6.00656792222253,20.8
sim0014_ME,260,29.94296577686555,1,3sml,7.475331513759004,4.999999999999999,4.005570284308179,True,0.9993033344653508,0.8663631675246337,1.0,2006.1492076659822,2007.1485232032853,2007.1485232032853,2007.1485232032853,2007.1485232032853,2007.1485232032853,2007.1377057145953,2007.1377057145953,2007.1377057145953,0.010817488690008759,0.010817488690008759,False,False,0.0,0.0,20.8
sim0014_ME,260,29.94296577686555,1,3sml,7.475331513759004,4.999999999999999,4.005570284308179,True,0.9993033344653508,0.8663631675246337,2.0,2006.1492076659822,2008.1341494866529,2008.1341494866529,2008.1341494866529,2008.1341494866529,2008.1341494866529,2008.1412968636948,2008.1412968636948,2008.1412968636948,-0.007147377041974323,0.007147377041974323,False,False,0.0,0.0,20.8
sim0014_ME,260,29.94296577686555,1,3sml,7.475331513759004,4.999999999999999,4.005570284308179,True,0.9993033344653508,0.8663631675246337,3.0,2006.1492076659822,2008.7912336755644,2008.7912336755644,2008.7912336755644,2008.7638551676932,2008.8186121834358,2008.7254767863055,2008.7104978139303,2008.7404557586806,0.06575688925886425,0.06575688925886425,False,False,0.0,0.029957944750321985,20.8
sim0014_ME,260,29.94296577686555,1,3sml,7.475331513759004,4.999999999999999,4.005570284308179,True,0.9993033344653508,0.8663631675246337,4.0,2006.1492076659822,2008.7912336755644,2008.7912336755644,2008.7912336755644,2008.7638551676932,2008.8186121834358,2008.7254767863055,2008.7104978139303,2008.7404557586806,0.06575688925886425,0.06575688925886425,False,False,0.0,0.029957944750321985,20.8
sim0014_ME,260,29.94296577686555,1,3sml,7.475331513759004,4.999999999999999,4.005570284308179,True,0.9993033344653508,0.8663631675246337,5.0,2006.1492076659822,2008.7912336755644,2008.7912336755644,2008.7912336755644,2008.7638551676932,2008.8186121834358,2008.7254767863055,2008.7104978139303,2008.7404557586806,0.06575688925886425,0.06575688925886425,False,False,0.0,0.029957944750321985,20.8
sim0014_ME,260,29.94296577686555,1,3sml,7.475331513759004,4.999999999999999,4.005570284308179,True,0.9993033344653508,0.8663631675246337,5.931558932238204,2006.1492076659822,2008.7912336755644,2008.7912336755644,2008.7912336755644,2008.7638551676932,2008.8186121834358,2008.7254767863055,2008.7104978139303,2008.7404557586806,0.06575688925886425,0.06575688925886425,False,False,0.0,0.029957944750321985,20.8
sim0014_ME,260,29.94296577686555,2,2sm,7.5001532769513,4.999999999999999,3.9923138462894077,True,0.9993172468920256,0.7521974537489376,1.0,2010.4267742094455,2010.5842006297055,2010.5842006297055,2010.5842006297055,2010.5842006297055,2010.5842006297055,2010.433079637012,2010.433079637012,2010.433079637012,0.1511209926934498,0.1511209926934498,False,False,0.0,0.0,20.8
sim0014_ME,260,29.94296577686555,2,2sm,7.5001532769513,4.999999999999999,3.9923138462894077,True,0.9993172468920256,0.7521974537489376,1.6539923887748955,2010.4267742094455,2010.5842006297055,2010.5842006297055,2010.5842006297055,2010.5842006297055,2010.5842006297055,2010.433079637012,2010.433079637012,2010.433079637012,0.1511209926934498,0.1511209926934498,False,False,0.0,0.0,20.8
