star,n_obs,span_years,split_idx,best_combo,rho_mid_years,Q_mid,n_cycles_obs,is_const,aleatoric_frac_at_t0,valid_metric_value,lookahead_years,t0_year,gpr_med,gpr_lb68,gpr_ub68,gpr_lb95,gpr_ub95,truth_med,truth_lb,truth_ub,error,abs_error,in_68,in_95,gpr_width_68,truth_width,sampling_rate_days
sim0000_ME,176,29.915730349075602,0,2sm,3.097878165639972,4.600246089045634,9.656845346884548,True,0.9740169138109833,32.26900721346357,1.0,1993.1200924298428,1994.0167385626287,1994.0167385626287,1994.1194079671461,1994.0167385626287,1994.1194079671461,1993.1346362220668,1993.1346362220668,1993.1346362220668,0.8821023405619144,0.8821023405619144,False,False,0.10266940451742812,0.0,30.7
sim0000_ME,176,29.915730349075602,0,2sm,3.097878165639972,4.600246089045634,9.656845346884548,True,0.9740169138109833,32.26900721346357,2.0,1993.1200924298428,1994.20154349076,1994.0167385626287,1994.233302559891,1994.0167385626287,1994.365814537988,1994.8107551810951,1994.8107551810951,1994.825720528944,-0.609211690335087,0.609211690335087,False,False,0.21656399726225573,0.01496534784882897,30.7
sim0000_ME,176,29.915730349075602,0,2sm,3.097878165639972,4.600246089045634,9.656845346884548,True,0.9740169138109833,32.26900721346357,3.0,1993.1200924298428,1994.20154349076,1994.0167385626287,1994.233302559891,1994.0167385626287,1994.365814537988,1994.8107551810951,1994.8107551810951,1994.825720528944,-0.609211690335087,0.609211690335087,False,False,0.21656399726225573,0.01496534784882897,30.7
sim0000_ME,176,29.915730349075602,0,2sm,3.097878165639972,4.600246089045634,9.656845346884548,True,0.9740169138109833,32.26900721346357,4.0,1993.1200924298428,1994.20154349076,1994.0167385626287,1994.233302559891,1994.0167385626287,1994.365814537988,1994.8107551810951,1994.8107551810951,1994.825720528944,-0.609211690335087,0.609211690335087,False,False,0.21656399726225573,0.01496534784882897,30.7
sim0000_ME,176,29.915730349075602,0,2sm,3.097878165639972,4.600246089045634,9.656845346884548,True,0.9740169138109833,32.26900721346357,5.0,1993.1200924298428,1994.20154349076,1994.0167385626287,1994.233302559891,1994.0167385626287,1994.365814537988,1994.8107551810951,1994.8107551810951,1994.825720528944,-0.609211690335087,0.609211690335087,False,False,0.21656399726225573,0.01496534784882897,30.7
sim0000_ME,176,29.915730349075602,0,2sm,3.097878165639972,4.600246089045634,9.656845346884548,True,0.9740169138109833,32.26900721346357,6.0,1993.1200924298428,1994.20154349076,1994.0167385626287,1994.233302559891,1994.0167385626287,1994.365814537988,1994.8107551810951,1994.8107551810951,1994.825720528944,-0.609211690335087,0.609211690335087,False,False,0.21656399726225573,0.01496534784882897,30.7
sim0000_ME,176,29.915730349075602,0,2sm,3.097878165639972,4.600246089045634,9.656845346884548,True,0.9740169138109833,32.26900721346357,7.0,1993.1200924298428,1994.20154349076,1994.0167385626287,1994.233302559891,1994.0167385626287,1994.365814537988,1994.8107551810951,1994.8107551810951,1994.825720528944,-0.609211690335087,0.609211690335087,False,False,0.21656399726225573,0.01496534784882897,30.7
sim0000_ME,176,29.915730349075602,0,2sm,3.097878165639972,4.600246089045634,9.656845346884548,True,0.9740169138109833,32.26900721346357,8.0,1993.1200924298428,1994.20154349076,1994.0167385626287,1994.233302559891,1994.0167385626287,1994.365814537988,1994.8107551810951,1994.8107551810951,2000.916617103268,-0.609211690335087,0.609211690335087,False,False,0.21656399726225573,6.105861922172835,30.7
sim0000_ME,176,29.915730349075602,0,2sm,3.097878165639972,4.600246089045634,9.656845346884548,True,0.9740169138109833,32.26900721346357,9.0,1993.1200924298428,1994.20154349076,1994.0167385626287,1994.233302559891,1994.0167385626287,1994.365814537988,1994.8107551810951,1994.8107551810951,2000.916617103268,-0.609211690335087,0.609211690335087,False,False,0.21656399726225573,6.105861922172835,30.7
sim0000_ME,176,29.915730349075602,0,2sm,3.097878165639972,4.600246089045634,9.656845346884548,True,0.9740169138109833,32.26900721346357,10.0,1993.1200924298428,1994.20154349076,1994.0167385626287,1994.233302559891,1994.0167385626287,1994.365814537988,1994.8107551810951,1994.8107551810951,2000.916617103268,-0.609211690335087,0.609211690335087,False,False,0.21656399726225573,6.105861922172835,30.7
sim0000_ME,176,29.915730349075602,0,2sm,3.097878165639972,4.600246089045634,9.656845346884548,True,0.9740169138109833,32.26900721346357,11.0,1993.1200924298428,1994.20154349076,1994.0167385626287,1994.233302559891,1994.0167385626287,1994.365814537988,1994.8107551810951,1994.8107551810951,2000.916617103268,-0.609211690335087,0.609211690335087,False,False,0.21656399726225573,6.105861922172835,30.7
sim0000_ME,176,29.915730349075602,0,2sm,3.097878165639972,4.600246089045634,9.656845346884548,True,0.9740169138109833,32.26900721346357,12.0,1993.1200924298428,1994.20154349076,1994.0167385626287,1994.233302559891,1994.0167385626287,1994.365814537988,1994.8107551810951,1994.8107551810951,2000.916617103268,-0.609211690335087,0.609211690335087,False,False,0.21656399726225573,6.105861922172835,30.7
sim0000_ME,176,29.915730349075602,0,2sm,3.097878165639972,4.600246089045634,9.656845346884548,True,0.9740169138109833,32.26900721346357,13.0,1993.1200924298428,1994.20154349076,1994.0167385626287,1994.233302559891,1994.0167385626287,1994.365814537988,1994.8107551810951,1994.8107551810951,2000.916617103268,-0.609211690335087,0.609211690335087,False,False,0.21656399726225573,6.105861922172835,30.7
sim0000_ME,176,29.915730349075602,0,2sm,3.097878165639972,4.600246089045634,9.656845346884548,True,0.9740169138109833,32.26900721346357,14.0,1993.1200924298428,1994.20154349076,1994.0167385626287,1994.233302559891,1994.0167385626287,1994.365814537988,1994.825720528944,1994.8107551810951,2007.0224790254406,-0.624177038183916,0.624177038183916,False,False,0.21656399726225573,12.211723844345443,30.7
sim0000_ME,176,29.915730349075602,0,2sm,3.097878165639972,4.600246089045634,9.656845346884548,True,0.9740169138109833,32.26900721346357,15.0,1993.1200924298428,1994.20154349076,1994.0167385626287,1994.233302559891,1994.0167385626287,1994.365814537988,1994.825720528944,1994.8107551810951,2007.0224790254406,-0.624177038183916,0.624177038183916,False,False,0.21656399726225573,12.211723844345443,30.7
sim0000_ME,176,29.915730349075602,0,2sm,3.097878165639972,4.600246089045634,9.656845346884548,True,0.9740169138109833,32.26900721346357,16.0,1993.1200924298428,1994.20154349076,1994.0167385626287,1994.233302559891,1994.0167385626287,1994.365814537988,1994.825720528944,1994.8107551810951,2007.0224790254406,-0.624177038183916,0.624177038183916,False,False,0.21656399726225573,12.211723844345443,30.7
sim0000_ME,176,29.915730349075602,0,2sm,3.097878165639972,4.600246089045634,9.656845346884548,True,0.9740169138109833,32.26900721346357,17.0,1993.1200924298428,1994.20154349076,1994.0167385626287,1994.233302559891,1994.0167385626287,1994.365814537988,1994.825720528944,1994.8107551810951,2007.0224790254406,-0.624177038183916,0.624177038183916,False,False,0.21656399726225573,12.211723844345443,30.7
sim0000_ME,176,29.915730349075602,0,2sm,3.097878165639972,4.600246089045634,9.656845346884548,True,0.9740169138109833,32.26900721346357,18.0,1993.1200924298428,1994.20154349076,1994.0167385626287,1994.233302559891,1994.0167385626287,1994.365814537988,1994.825720528944,1994.8107551810951,2007.0224790254406,-0.624177038183916,0.624177038183916,False,False,0.21656399726225573,12.211723844345443,30.7
sim0000_ME,176,29.915730349075602,0,2sm,3.097878165639972,4.600246089045634,9.656845346884548,True,0.9740169138109833,32.26900721346357,18.960674168377636,1993.1200924298428,1994.20154349076,1994.0167385626287,1994.233302559891,1994.0167385626287,1994.365814537988,1994.825720528944,1994.8107551810951,2007.0224790254406,-0.624177038183916,0.624177038183916,False,False,0.21656399726225573,12.211723844345443,30.7
sim0000_ME,176,29.915730349075602,1,2sm,2.4271020004513257,4.999999999999999,12.325699679499541,True,0.9985964437500779,27.262264071013366,1.0,1997.1650362491448,1998.164351786448,1998.164351786448,1998.164351786448,1998.164351786448,1998.164351786448,1997.1752801411528,1997.1752801411528,1998.1629930991505,0.9890716452950983,0.9890716452950983,False,False,0.0,0.9877129579977009,30.7
sim0000_ME,176,29.915730349075602,1,2sm,2.4271020004513257,4.999999999999999,12.325699679499541,True,0.9985964437500779,27.262264071013366,2.0,1997.1650362491448,1998.7940574674883,1998.7940574674883,1998.8214359753597,1998.7666789596171,1998.8214359753597,1998.8813297958775,1998.8813297958775,1998.8813297958775,-0.08727232838919008,0.08727232838919008,False,False,0.027378507871389957,0.0,30.7
sim0000_ME,176,29.915730349075602,1,2sm,2.4271020004513257,4.999999999999999,12.325699679499541,True,0.9985964437500779,27.262264071013366,3.0,1997.1650362491448,1998.7940574674883,1998.7940574674883,1998.8214359753597,1998.7666789596171,1998.8214359753597,1998.8813297958775,1998.8813297958775,1998.8813297958775,-0.08727232838919008,0.08727232838919008,False,False,0.027378507871389957,0.0,30.7
sim0000_ME,176,29.915730349075602,1,2sm,2.4271020004513257,4.999999999999999,12.325699679499541,True,0.9985964437500779,27.262264071013366,4.0,1997.1650362491448,1998.7940574674883,1998.7940574674883,1998.8214359753597,1998.7666789596171,1998.8214359753597,1998.8813297958775,1998.8813297958775,1998.8813297958775,-0.08727232838919008,0.08727232838919008,False,False,0.027378507871389957,0.0,30.7
sim0000_ME,176,29.915730349075602,1,2sm,2.4271020004513257,4.999999999999999,12.325699679499541,True,0.9985964437500779,27.262264071013366,5.0,1997.1650362491448,1998.7940574674883,1998.7940574674883,1998.8214359753597,1998.7666789596171,1998.8214359753597,1998.8813297958775,1998.8813297958775,2001.3506121908729,-0.08727232838919008,0.08727232838919008,False,False,0.027378507871389957,2.469282394995389,30.7
sim0000_ME,176,29.915730349075602,1,2sm,2.4271020004513257,4.999999999999999,12.325699679499541,True,0.9985964437500779,27.262264071013366,6.0,1997.1650362491448,1998.7940574674883,1998.7940574674883,1998.8214359753597,1998.7666789596171,1998.8214359753597,1998.8813297958775,1998.8813297958775,2001.3506121908729,-0.08727232838919008,0.08727232838919008,False,False,0.027378507871389957,2.469282394995389,30.7
sim0000_ME,176,29.915730349075602,1,2sm,2.4271020004513257,4.999999999999999,12.325699679499541,True,0.9985964437500779,27.262264071013366,7.0,1997.1650362491448,1998.7940574674883,1998.7940574674883,1998.8214359753597,1998.7666789596171,1998.8214359753597,1998.8813297958775,1998.8813297958775,2003.8049292380206,-0.08727232838919008,0.08727232838919008,False,False,0.027378507871389957,4.923599442143086,30.7
sim0000_ME,176,29.915730349075602,1,2sm,2.4271020004513257,4.999999999999999,12.325699679499541,True,0.9985964437500779,27.262264071013366,8.0,1997.1650362491448,1998.7940574674883,1998.7940574674883,1998.8214359753597,1998.7666789596171,1998.8214359753597,1998.8813297958775,1998.8813297958775,2003.8049292380206,-0.08727232838919008,0.08727232838919008,False,False,0.027378507871389957,4.923599442143086,30.7
sim0000_ME,176,29.915730349075602,1,2sm,2.4271020004513257,4.999999999999999,12.325699679499541,True,0.9985964437500779,27.262264071013366,9.0,1997.1650362491448,1998.7940574674883,1998.7940574674883,1998.8214359753597,1998.7666789596171,1998.8214359753597,1998.8813297958775,1998.8813297958775,2003.8049292380206,-0.08727232838919008,0.08727232838919008,False,False,0.027378507871389957,4.923599442143086,30.7
sim0000_ME,176,29.915730349075602,1,2sm,2.4271020004513257,4.999999999999999,12.325699679499541,True,0.9985964437500779,27.262264071013366,10.0,1997.1650362491448,1998.7940574674883,1998.7940574674883,1998.8214359753597,1998.7666789596171,1998.8214359753597,2003.7749985423243,1998.8813297958775,2006.2592462851685,-4.980941074835982,4.980941074835982,False,False,0.027378507871389957,7.37791648929101,30.7
sim0000_ME,176,29.915730349075602,1,2sm,2.4271020004513257,4.999999999999999,12.325699679499541,True,0.9985964437500779,27.262264071013366,11.0,1997.1650362491448,1998.7940574674883,1998.7940574674883,1998.8214359753597,1998.7666789596171,1998.8214359753597,2003.7749985423243,1998.8813297958775,2006.2592462851685,-4.980941074835982,4.980941074835982,False,False,0.027378507871389957,7.37791648929101,30.7
sim0000_ME,176,29.915730349075602,1,2sm,2.4271020004513257,4.999999999999999,12.325699679499541,True,0.9985964437500779,27.262264071013366,12.0,1997.1650362491448,1998.7940574674883,1998.7940574674883,1998.8214359753597,1998.7666789596171,1998.8214359753597,2003.8049292380206,1998.8813297958775,2006.2592462851685,-5.010871770532276,5.010871770532276,False,False,0.027378507871389957,7.37791648929101,30.7
sim0000_ME,176,29.915730349075602,1,2sm,2.4271020004513257,4.999999999999999,12.325699679499541,True,0.9985964437500779,27.262264071013366,13.0,1997.1650362491448,1998.7940574674883,1998.7940574674883,1998.8214359753597,1998.7666789596171,1998.8214359753597,2003.8049292380206,1998.8813297958775,2006.2592462851685,-5.010871770532276,5.010871770532276,False,False,0.027378507871389957,7.37791648929101,30.7
sim0000_ME,176,29.915730349075602,1,2sm,2.4271020004513257,4.999999999999999,12.325699679499541,True,0.9985964437500779,27.262264071013366,14.0,1997.1650362491448,1998.7940574674883,1998.7940574674883,1998.8214359753597,1998.7666789596171,1998.8214359753597,2003.8049292380206,1998.8813297958775,2006.2592462851685,-5.010871770532276,5.010871770532276,False,False,0.027378507871389957,7.37791648929101,30.7
sim0000_ME,176,29.915730349075602,1,2sm,2.4271020004513257,4.999999999999999,12.325699679499541,True,0.9985964437500779,27.262264071013366,14.915730349075602,1997.1650362491448,1998.7940574674883,1998.7940574674883,1998.8214359753597,1998.7666789596171,1998.8214359753597,2003.8049292380206,1998.8813297958775,2006.2592462851685,-5.010871770532276,5.010871770532276,False,False,0.027378507871389957,7.37791648929101,30.7
sim0000_ME,176,29.915730349075602,2,2sm,2.443524692920005,4.999999999999999,12.242859847397895,True,0.9920923469139281,26.56370055011275,1.0,2006.1818901848055,2006.3393166050657,2006.3393166050657,2006.3393166050657,2006.3393166050657,2006.3393166050657,2006.2742116330173,2006.2742116330173,2006.2742116330173,0.06510497204840249,0.06510497204840249,False,False,0.0,0.0,30.7
sim0000_ME,176,29.915730349075602,2,2sm,2.443524692920005,4.999999999999999,12.242859847397895,True,0.9920923469139281,26.56370055011275,2.0,2006.1818901848055,2006.3393166050657,2006.3393166050657,2006.3393166050657,2006.3393166050657,2006.3393166050657,2006.2742116330173,2006.2742116330173,2006.2742116330173,0.06510497204840249,0.06510497204840249,False,False,0.0,0.0,30.7
sim0000_ME,176,29.915730349075602,2,2sm,2.443524692920005,4.999999999999999,12.242859847397895,True,0.9920923469139281,26.56370055011275,3.0,2006.1818901848055,2006.3393166050657,2006.3393166050657,2006.3393166050657,2006.3393166050657,2006.3393166050657,2006.2742116330173,2006.2742116330173,2008.7883900715592,0.06510497204840249,0.06510497204840249,False,False,0.0,2.514178438541876,30.7
sim0000_ME,176,29.915730349075602,2,2sm,2.443524692920005,4.999999999999999,12.242859847397895,True,0.9920923469139281,26.56370055011275,4.0,2006.1818901848055,2006.3393166050657,2006.3393166050657,2006.3393166050657,2006.3393166050657,2006.3393166050657,2006.2742116330173,2006.2742116330173,2008.7883900715592,0.06510497204840249,0.06510497204840249,False,False,0.0,2.514178438541876,30.7
sim0000_ME,176,29.915730349075602,2,2sm,2.443524692920005,4.999999999999999,12.242859847397895,True,0.9920923469139281,26.56370055011275,5.0,2006.1818901848055,2006.3393166050657,2006.3393166050657,2006.3393166050657,2006.3393166050657,2006.3393166050657,2006.2742116330173,2006.2742116330173,2008.7883900715592,0.06510497204840249,0.06510497204840249,False,False,0.0,2.514178438541876,30.7
sim0000_ME,176,29.915730349075602,2,2sm,2.443524692920005,4.999999999999999,12.242859847397895,True,0.9920923469139281,26.56370055011275,5.898876413414882,2006.1818901848055,2006.3393166050657,2006.3393166050657,2006.3393166050657,2006.3393166050657,2006.3393166050657,2006.2742116330173,2006.2742116330173,2011.3025685101009,0.06510497204840249,0.06510497204840249,False,False,0.0,5.0283568770835245,30.7
sim0000_ME,176,29.915730349075602,3,3sml,2.444911648926637,4.999999999999999,12.235914685182664,True,0.9990983726108125,27.084392226699084,1.0,2010.3953733333335,2010.4706642299798,2010.4706642299798,2010.9634773716634,2010.4706642299798,2011.1277484188913,2011.242707118707,2011.242707118707,2011.242707118707,-0.7720428887271282,0.7720428887271282,False,False,0.492813141683655,0.0,30.7
sim0000_ME,176,29.915730349075602,3,3sml,2.444911648926637,4.999999999999999,12.235914685182664,True,0.9990983726108125,27.084392226699084,1.6853932648868977,2010.3953733333335,2010.4706642299798,2010.4706642299798,2010.9634773716634,2010.4706642299798,2011.1277484188913,2011.242707118707,2011.242707118707,2011.242707118707,-0.7720428887271282,0.7720428887271282,False,False,0.492813141683655,0.0,30.7
sim0001_K,176,29.915730349075602,0,3sml,7.274598992922701,4.999999999999999,4.112354561149002,True,0.9916559182357229,2.0708625081546517,1.0,1993.1200924298428,1994.1194079671461,1994.1194079671461,1994.1194079671461,1994.1194079671461,1994.1194079671461,1994.107383832217,1994.107383832217,1994.107383832217,0.012024134929106367,0.012024134929106367,False,False,0.0,0.0,30.7
sim0001_K,176,29.915730349075602,0,3sml,7.274598992922701,4.999999999999999,4.112354561149002,True,0.9916559182357229,2.0708625081546517,2.0,1993.1200924298428,1995.1050342505137,1995.1050342505137,1995.1050342505137,1995.1050342505137,1995.1050342505137,1994.3168987020963,1994.3168987020963,1994.3168987020963,0.7881355484173582,0.7881355484173582,False,False,0.0,0.0,30.7
sim0001_K,176,29.915730349075602,0,3sml,7.274598992922701,4.999999999999999,4.112354561149002,True,0.9916559182357229,2.0708625081546517,3.0,1993.1200924298428,1996.1180390417526,1996.1180390417526,1996.1180390417526,1996.1180390417526,1996.1180390417526,1994.3168987020963,1994.3168987020963,1994.3168987020963,1.8011403396562855,1.8011403396562855,False,False,0.0,0.0,30.7
sim0001_K,176,29.915730349075602,0,3sml,7.274598992922701,4.999999999999999,4.112354561149002,True,0.9916559182357229,2.0708625081546517,4.0,1993.1200924298428,1996.7203662149216,1996.6382306913076,1996.747744722793,1996.4739596440797,1996.8025017385355,1994.3168987020963,1994.3168987020963,1994.3168987020963,2.403467512825273,2.403467512825273,False,False,0.10951403148533245,0.0,30.7
sim0001_K,176,29.915730349075602,0,3sml,7.274598992922701,4.999999999999999,4.112354561149002,True,0.9916559182357229,2.0708625081546517,5.0,1993.1200924298428,1996.7203662149216,1996.6382306913076,1996.747744722793,1996.4739596440797,1996.8025017385355,1994.3168987020963,1994.3168987020963,1994.3168987020963,2.403467512825273,2.403467512825273,False,False,0.10951403148533245,0.0,30.7
sim0001_K,176,29.915730349075602,0,3sml,7.274598992922701,4.999999999999999,4.112354561149002,True,0.9916559182357229,2.0708625081546517,6.0,1993.1200924298428,1996.7203662149216,1996.6382306913076,1996.747744722793,1996.4739596440797,1996.8025017385355,1994.3168987020963,1994.3168987020963,1994.3168987020963,2.403467512825273,2.403467512825273,False,False,0.10951403148533245,0.0,30.7
sim0001_K,176,29.915730349075602,0,3sml,7.274598992922701,4.999999999999999,4.112354561149002,True,0.9916559182357229,2.0708625081546517,7.0,1993.1200924298428,1996.7203662149216,1996.6382306913076,1996.747744722793,1996.4739596440797,1996.8025017385355,1994.3168987020963,1994.3168987020963,1994.3168987020963,2.403467512825273,2.403467512825273,False,False,0.10951403148533245,0.0,30.7
sim0001_K,176,29.915730349075602,0,3sml,7.274598992922701,4.999999999999999,4.112354561149002,True,0.9916559182357229,2.0708625081546517,8.0,1993.1200924298428,1996.7203662149216,1996.6382306913076,1996.747744722793,1996.4739596440797,1996.8025017385355,1994.3168987020963,1994.3168987020963,1994.3168987020963,2.403467512825273,2.403467512825273,False,False,0.10951403148533245,0.0,30.7
sim0001_K,176,29.915730349075602,0,3sml,7.274598992922701,4.999999999999999,4.112354561149002,True,0.9916559182357229,2.0708625081546517,9.0,1993.1200924298428,1996.7203662149216,1996.6382306913076,1996.747744722793,1996.4739596440797,1996.8025017385355,1994.3168987020963,1994.3168987020963,1994.3168987020963,2.403467512825273,2.403467512825273,False,False,0.10951403148533245,0.0,30.7
sim0001_K,176,29.915730349075602,0,3sml,7.274598992922701,4.999999999999999,4.112354561149002,True,0.9916559182357229,2.0708625081546517,10.0,1993.1200924298428,1996.7203662149216,1996.6382306913076,1996.747744722793,1996.4739596440797,1996.8025017385355,1994.3168987020963,1994.3168987020963,2002.8022509321743,2.403467512825273,2.403467512825273,False,False,0.10951403148533245,8.485352230077979,30.7
sim0001_K,176,29.915730349075602,0,3sml,7.274598992922701,4.999999999999999,4.112354561149002,True,0.9916559182357229,2.0708625081546517,11.0,1993.1200924298428,1996.7203662149216,1996.6382306913076,1996.747744722793,1996.4739596440797,1996.8025017385355,1994.3168987020963,1994.3168987020963,2002.8022509321743,2.403467512825273,2.403467512825273,False,False,0.10951403148533245,8.485352230077979,30.7
sim0001_K,176,29.915730349075602,0,3sml,7.274598992922701,4.999999999999999,4.112354561149002,True,0.9916559182357229,2.0708625081546517,12.0,1993.1200924298428,1996.7203662149216,1996.6382306913076,1996.747744722793,1996.4739596440797,1996.8025017385355,1994.3168987020963,1994.3168987020963,2002.8022509321743,2.403467512825273,2.403467512825273,False,False,0.10951403148533245,8.485352230077979,30.7
sim0001_K,176,29.915730349075602,0,3sml,7.274598992922701,4.999999999999999,4.112354561149002,True,0.9916559182357229,2.0708625081546517,13.0,1993.1200924298428,1996.7203662149216,1996.6382306913076,1996.747744722793,1996.4739596440797,1996.8025017385355,1994.3168987020963,1994.3168987020963,2002.8022509321743,2.403467512825273,2.403467512825273,False,False,0.10951403148533245,8.485352230077979,30.7
sim0001_K,176,29.915730349075602,0,3sml,7.274598992922701,4.999999999999999,4.112354561149002,True,0.9916559182357229,2.0708625081546517,14.0,1993.1200924298428,1996.7203662149216,1996.6382306913076,1996.747744722793,1996.4739596440797,1996.8025017385355,1994.3168987020963,1994.3168987020963,2002.8022509321743,2.403467512825273,2.403467512825273,False,False,0.10951403148533245,8.485352230077979,30.7
sim0001_K,176,29.915730349075602,0,3sml,7.274598992922701,4.999999999999999,4.112354561149002,True,0.9916559182357229,2.0708625081546517,15.0,1993.1200924298428,1996.7203662149216,1996.6382306913076,1996.747744722793,1996.4739596440797,1996.8025017385355,1994.3168987020963,1994.3168987020963,2002.8022509321743,2.403467512825273,2.403467512825273,False,False,0.10951403148533245,8.485352230077979,30.7
sim0001_K,176,29.915730349075602,0,3sml,7.274598992922701,4.999999999999999,4.112354561149002,True,0.9916559182357229,2.0708625081546517,16.0,1993.1200924298428,1996.7203662149216,1996.6382306913076,1996.747744722793,1996.4739596440797,1996.8025017385355,1994.3168987020963,1994.3168987020963,2002.8022509321743,2.403467512825273,2.403467512825273,False,False,0.10951403148533245,8.485352230077979,30.7
sim0001_K,176,29.915730349075602,0,3sml,7.274598992922701,4.999999999999999,4.112354561149002,True,0.9916559182357229,2.0708625081546517,17.0,1993.1200924298428,1996.7203662149216,1996.6382306913076,1996.747744722793,1996.4739596440797,1996.8025017385355,1994.3168987020963,1994.3168987020963,2002.8022509321743,2.403467512825273,2.403467512825273,False,False,0.10951403148533245,8.485352230077979,30.7
sim0001_K,176,29.915730349075602,0,3sml,7.274598992922701,4.999999999999999,4.112354561149002,True,0.9916559182357229,2.0708625081546517,18.0,1993.1200924298428,1996.7203662149216,1996.6382306913076,1996.747744722793,1996.4739596440797,1996.8025017385355,1994.3168987020963,1994.3168987020963,2002.8022509321743,2.403467512825273,2.403467512825273,False,False,0.10951403148533245,8.485352230077979,30.7
sim0001_K,176,29.915730349075602,0,3sml,7.274598992922701,4.999999999999999,4.112354561149002,True,0.9916559182357229,2.0708625081546517,18.960674168377636,1993.1200924298428,1996.7203662149216,1996.6382306913076,1996.747744722793,1996.4739596440797,1996.8025017385355,1994.3168987020963,1994.3168987020963,2011.287603162252,2.403467512825273,2.403467512825273,False,False,0.10951403148533245,16.97070446015573,30.7
sim0001_K,176,29.915730349075602,1,2sm,7.347556439845238,4.999999999999999,4.071521000756779,True,0.9959674881739882,2.3523919152859216,1.0,1997.1650362491448,1997.2403271457908,1997.2403271457908,1997.2403271457908,1997.2403271457908,1997.2403271457908,1997.6841019680005,1997.6841019680005,1997.6841019680005,-0.4437748222096616,0.4437748222096616,False,False,0.0,0.0,30.7
sim0001_K,176,29.915730349075602,1,2sm,7.347556439845238,4.999999999999999,4.071521000756779,True,0.9959674881739882,2.3523919152859216,2.0,1997.1650362491448,1997.2403271457908,1997.2403271457908,1997.2403271457908,1997.2403271457908,1997.2403271457908,1997.6841019680005,1997.6841019680005,1997.6841019680005,-0.4437748222096616,0.4437748222096616,False,False,0.0,0.0,30.7
sim0001_K,176,29.915730349075602,1,2sm,7.347556439845238,4.999999999999999,4.071521000756779,True,0.9959674881739882,2.3523919152859216,3.0,1997.1650362491448,1997.2403271457908,1997.2403271457908,1997.2403271457908,1997.2403271457908,1997.2403271457908,1997.6841019680005,1997.6841019680005,1997.6841019680005,-0.4437748222096616,0.4437748222096616,False,False,0.0,0.0,30.7
sim0001_K,176,29.915730349075602,1,2sm,7.347556439845238,4.999999999999999,4.071521000756779,True,0.9959674881739882,2.3523919152859216,4.0,1997.1650362491448,1997.2403271457908,1997.2403271457908,1997.2403271457908,1997.2403271457908,1997.2403271457908,1997.6841019680005,1997.6841019680005,1997.6841019680005,-0.4437748222096616,0.4437748222096616,False,False,0.0,0.0,30.7
sim0001_K,176,29.915730349075602,1,2sm,7.347556439845238,4.999999999999999,4.071521000756779,True,0.9959674881739882,2.3523919152859216,5.0,1997.1650362491448,1997.2403271457908,1997.2403271457908,1997.2403271457908,1997.2403271457908,1997.2403271457908,1997.6841019680005,1997.6841019680005,1997.6841019680005,-0.4437748222096616,0.4437748222096616,False,False,0.0,0.0,30.7
sim0001_K,176,29.915730349075602,1,2sm,7.347556439845238,4.999999999999999,4.071521000756779,True,0.9959674881739882,2.3523919152859216,6.0,1997.1650362491448,1997.2403271457908,1997.2403271457908,1997.2403271457908,1997.2403271457908,1997.2403271457908,1997.6841019680005,1997.6841019680005,1997.6841019680005,-0.4437748222096616,0.4437748222096616,False,False,0.0,0.0,30.7
sim0001_K,176,29.915730349075602,1,2sm,7.347556439845238,4.999999999999999,4.071521000756779,True,0.9959674881739882,2.3523919152859216,7.0,1997.1650362491448,1997.2403271457908,1997.2403271457908,1997.2403271457908,1997.2403271457908,1997.2403271457908,2003.400864846112,2003.400864846112,2003.4158301939608,-6.160537700321129,6.160537700321129,False,False,0.0,0.01496534784882897,30.7
sim0001_K,176,29.915730349075602,1,2sm,7.347556439845238,4.999999999999999,4.071521000756779,True,0.9959674881739882,2.3523919152859216,8.0,1997.1650362491448,1997.2403271457908,1997.2403271457908,1997.2403271457908,1997.2403271457908,1997.2403271457908,2003.400864846112,2003.400864846112,2003.4158301939608,-6.160537700321129,6.160537700321129,False,False,0.0,0.01496534784882897,30.7
sim0001_K,176,29.915730349075602,1,2sm,7.347556439845238,4.999999999999999,4.071521000756779,True,0.9959674881739882,2.3523919152859216,9.0,1997.1650362491448,1997.2403271457908,1997.2403271457908,1997.2403271457908,1997.2403271457908,1997.2403271457908,2003.400864846112,2003.400864846112,2003.4158301939608,-6.160537700321129,6.160537700321129,False,False,0.0,0.01496534784882897,30.7
sim0001_K,176,29.915730349075602,1,2sm,7.347556439845238,4.999999999999999,4.071521000756779,True,0.9959674881739882,2.3523919152859216,10.0,1997.1650362491448,1997.2403271457908,1997.2403271457908,1997.2403271457908,1997.2403271457908,1997.2403271457908,2003.400864846112,2003.400864846112,2003.4158301939608,-6.160537700321129,6.160537700321129,False,False,0.0,0.01496534784882897,30.7
sim0001_K,176,29.915730349075602,1,2sm,7.347556439845238,4.999999999999999,4.071521000756779,True,0.9959674881739882,2.3523919152859216,11.0,1997.1650362491448,1997.2403271457908,1997.2403271457908,1997.2403271457908,1997.2403271457908,1997.2403271457908,2003.400864846112,2003.400864846112,2003.4158301939608,-6.160537700321129,6.160537700321129,False,False,0.0,0.01496534784882897,30.7
sim0001_K,176,29.915730349075602,1,2sm,7.347556439845238,4.999999999999999,4.071521000756779,True,0.9959674881739882,2.3523919152859216,12.0,1997.1650362491448,1997.2403271457908,1997.2403271457908,1997.2403271457908,1997.2403271457908,1997.2403271457908,2003.400864846112,2003.400864846112,2003.4158301939608,-6.160537700321129,6.160537700321129,False,False,0.0,0.01496534784882897,30.7
sim0001_K,176,29.915730349075602,1,2sm,7.347556439845238,4.999999999999999,4.071521000756779,True,0.9959674881739882,2.3523919152859216,13.0,1997.1650362491448,1997.2403271457908,1997.2403271457908,1997.2403271457908,1997.2403271457908,1997.2403271457908,2003.400864846112,2003.400864846112,2003.4158301939608,-6.160537700321129,6.160537700321129,False,False,0.0,0.01496534784882897,30.7
sim0001_K,176,29.915730349075602,1,2sm,7.347556439845238,4.999999999999999,4.071521000756779,True,0.9959674881739882,2.3523919152859216,14.0,1997.1650362491448,1997.2403271457908,1997.2403271457908,1997.2403271457908,1997.2403271457908,1997.2403271457908,2010.7338852918595,2003.400864846112,2010.7338852918595,-13.493558146068608,13.493558146068608,False,False,0.0,7.333020445747479,30.7
sim0001_K,176,29.915730349075602,1,2sm,7.347556439845238,4.999999999999999,4.071521000756779,True,0.9959674881739882,2.3523919152859216,14.915730349075602,1997.1650362491448,1997.2403271457908,1997.2403271457908,1997.2403271457908,1997.2403271457908,1997.2403271457908,2010.7338852918595,2003.400864846112,2010.7338852918595,-13.493558146068608,13.493558146068608,False,False,0.0,7.333020445747479,30.7
sim0001_K,176,29.915730349075602,2,3sml,7.2873759221460785,4.999999999999999,4.1051443851226,True,0.9989281747600282,2.2112427571161173,1.0,2001.3785193976726,2002.377834934976,2002.377834934976,2002.377834934976,2002.377834934976,2002.377834934976,2002.368255844568,2002.368255844568,2002.368255844568,0.009579090407896729,0.009579090407896729,False,False,0.0,0.0,30.7
sim0001_K,176,29.915730349075602,2,3sml,7.2873759221460785,4.999999999999999,4.1051443851226,True,0.9989281747600282,2.2112427571161173,2.0,2001.3785193976726,2003.3634612183434,2003.3634612183434,2003.3634612183434,2003.3634612183434,2003.3634612183434,2003.3709341504157,2003.3709341504157,2003.3709341504157,-0.007472932072232652,0.007472932072232652,False,False,0.0,0.0,30.7
sim0001_K,176,29.915730349075602,2,3sml,7.2873759221460785,4.999999999999999,4.1051443851226,True,0.9989281747600282,2.2112427571161173,3.0,2001.3785193976726,2004.2121949623545,2004.2121949623545,2004.2395734702259,2004.197821245722,2004.2943304859684,2003.3858994982645,2003.3858994982645,2003.3858994982645,0.8262954640899807,0.8262954640899807,False,False,0.027378507871389957,0.0,30.7
sim0001_K,176,29.915730349075602,2,3sml,7.2873759221460785,4.999999999999999,4.1051443851226,True,0.9989281747600282,2.2112427571161173,4.0,2001.3785193976726,2004.2121949623545,2004.2121949623545,2004.2395734702259,2004.197821245722,2004.2943304859684,2003.3858994982645,2003.3858994982645,2003.3858994982645,0.8262954640899807,0.8262954640899807,False,False,0.027378507871389957,0.0,30.7
sim0001_K,176,29.915730349075602,2,3sml,7.2873759221460785,4.999999999999999,4.1051443851226,True,0.9989281747600282,2.2112427571161173,5.0,2001.3785193976726,2004.2121949623545,2004.2121949623545,2004.2395734702259,2004.197821245722,2004.2943304859684,2003.3858994982645,2003.3858994982645,2003.3858994982645,0.8262954640899807,0.8262954640899807,False,False,0.027378507871389957,0.0,30.7
sim0001_K,176,29.915730349075602,2,3sml,7.2873759221460785,4.999999999999999,4.1051443851226,True,0.9989281747600282,2.2112427571161173,6.0,2001.3785193976726,2004.2121949623545,2004.2121949623545,2004.2395734702259,2004.197821245722,2004.2943304859684,2003.3858994982645,2003.3858994982645,2003.3858994982645,0.8262954640899807,0.8262954640899807,False,False,0.027378507871389957,0.0,30.7
sim0001_K,176,29.915730349075602,2,3sml,7.2873759221460785,4.999999999999999,4.1051443851226,True,0.9989281747600282,2.2112427571161173,7.0,2001.3785193976726,2004.2121949623545,2004.2121949623545,2004.2395734702259,2004.197821245722,2004.2943304859684,2003.3858994982645,2003.3858994982645,2003.3858994982645,0.8262954640899807,0.8262954640899807,False,False,0.027378507871389957,0.0,30.7
sim0001_K,176,29.915730349075602,2,3sml,7.2873759221460785,4.999999999999999,4.1051443851226,True,0.9989281747600282,2.2112427571161173,8.0,2001.3785193976726,2004.2121949623545,2004.2121949623545,2004.2395734702259,2004.197821245722,2004.2943304859684,2003.3858994982645,2003.3858994982645,2003.3858994982645,0.8262954640899807,0.8262954640899807,False,False,0.027378507871389957,0.0,30.7
sim0001_K,176,29.915730349075602,2,3sml,7.2873759221460785,4.999999999999999,4.1051443851226,True,0.9989281747600282,2.2112427571161173,9.0,2001.3785193976726,2004.2121949623545,2004.2121949623545,2004.2395734702259,2004.197821245722,2004.2943304859684,2003.3858994982645,2003.3858994982645,2003.3858994982645,0.8262954640899807,0.8262954640899807,False,False,0.027378507871389957,0.0,30.7
sim0001_K,176,29.915730349075602,2,3sml,7.2873759221460785,4.999999999999999,4.1051443851226,True,0.9989281747600282,2.2112427571161173,10.0,2001.3785193976726,2004.2121949623545,2004.2121949623545,2004.2395734702259,2004.197821245722,2004.2943304859684,2003.3858994982645,2003.3858994982645,2010.8087120311009,0.8262954640899807,0.8262954640899807,False,False,0.027378507871389957,7.42281253283636,30.7
sim0001_K,176,29.915730349075602,2,3sml,7.2873759221460785,4.999999999999999,4.1051443851226,True,0.9989281747600282,2.2112427571161173,10.702247200547845,2001.3785193976726,2004.2121949623545,2004.2121949623545,2004.2395734702259,2004.197821245722,2004.2943304859684,2003.3858994982645,2003.3858994982645,2010.8087120311009,0.8262954640899807,0.8262954640899807,False,False,0.027378507871389957,7.42281253283636,30.7
sim0001_K,176,29.915730349075602,3,3sml,7.2743599189724355,4.999999999999999,4.1124897148753465,True,0.9991330012656034,2.1243564541579927,1.0,2006.1818901848055,2006.2571810814518,2006.2571810814518,2006.2571810814518,2006.2571810814518,2006.2571810814518,2006.1844195459257,2006.1844195459257,2006.1844195459257,0.07276153552606957,0.07276153552606957,False,False,0.0,0.0,30.7
sim0001_K,176,29.915730349075602,3,3sml,7.2743599189724355,4.999999999999999,4.1124897148753465,True,0.9991330012656034,2.1243564541579927,2.0,2006.1818901848055,2006.2571810814518,2006.2571810814518,2006.2571810814518,2006.2571810814518,2006.2571810814518,2006.1844195459257,2006.1844195459257,2006.1844195459257,0.07276153552606957,0.07276153552606957,False,False,0.0,0.0,30.7
sim0001_K,176,29.915730349075602,3,3sml,7.2743599189724355,4.999999999999999,4.1124897148753465,True,0.9991330012656034,2.1243564541579927,3.0,2006.1818901848055,2006.2571810814518,2006.2571810814518,2006.2571810814518,2006.2571810814518,2006.2571810814518,2006.1844195459257,2006.1844195459257,2006.1844195459257,0.07276153552606957,0.07276153552606957,False,False,0.0,0.0,30.7
sim0001_K,176,29.915730349075602,3,3sml,7.2743599189724355,4.999999999999999,4.1124897148753465,True,0.9991330012656034,2.1243564541579927,4.0,2006.1818901848055,2010.1654630800829,2010.1654630800829,2010.1654630800829,2010.1654630800829,2010.1654630800829,2010.1801674214653,2010.1801674214653,2010.1801674214653,-0.014704341382412167,0.014704341382412167,False,False,0.0,0.0,30.7
sim0001_K,176,29.915730349075602,3,3sml,7.2743599189724355,4.999999999999999,4.1124897148753465,True,0.9991330012656034,2.1243564541579927,5.0,2006.1818901848055,2011.1784678713218,2011.1784678713218,2011.1784678713218,2011.1784678713218,2011.1784678713218,2010.7787813354046,2010.7787813354046,2010.7937466832532,0.39968653591722614,0.39968653591722614,False,False,0.0,0.014965347848601596,30.7
sim0001_K,176,29.915730349075602,3,3sml,7.2743599189724355,4.999999999999999,4.1124897148753465,True,0.9991330012656034,2.1243564541579927,5.898876413414882,2006.1818901848055,2011.4248744421636,2011.3974959342922,2011.452252950035,2011.3974959342922,2011.4796314579062,2010.7787813354046,2010.7787813354046,2010.7937466832532,0.6460931067590536,0.6460931067590536,False,False,0.05475701574277991,0.014965347848601596,30.7
sim0001_K,176,29.915730349075602,4,2sm,7.2246474208932465,4.999999999999999,4.140787585365219,True,0.9978807817252797,1.9705719976646232,1.0,2010.3953733333335,2011.2098839425055,2011.2098839425055,2011.2098839425055,2011.1277484188913,2011.2920194661194,2010.8087120311009,2010.8087120311009,2010.8236773789497,0.4011719114046173,0.4011719114046173,False,False,0.0,0.01496534784882897,30.7
sim0001_K,176,29.915730349075602,4,2sm,7.2246474208932465,4.999999999999999,4.140787585365219,True,0.9978807817252797,1.9705719976646232,1.6853932648868977,2010.3953733333335,2011.2098839425055,2011.2098839425055,2011.2098839425055,2011.1277484188913,2011.2920194661194,2010.8087120311009,2010.8087120311009,2010.8236773789497,0.4011719114046173,0.4011719114046173,False,False,0.0,0.01496534784882897,30.7
sim0002_ME,176,29.915730349075602,0,2sm,3.298803269175309,4.999999999999999,9.068661544207346,True,0.9828243816193188,4.3570442280636605,1.0,1993.1200924298428,1993.4417898973309,1993.4417898973309,1993.4417898973309,1993.4417898973309,1993.523925420945,1993.3890471354914,1993.3890471354914,1993.3890471354914,0.05274276183945403,0.05274276183945403,False,False,0.0,0.0,30.7
sim0002_ME,176,29.915730349075602,0,2sm,3.298803269175309,4.999999999999999,9.068661544207346,True,0.9828243816193188,4.3570442280636605,2.0,1993.1200924298428,1993.4417898973309,1993.4417898973309,1993.4417898973309,1993.4417898973309,1993.523925420945,1993.3890471354914,1993.3890471354914,1993.3890471354914,0.05274276183945403,0.05274276183945403,False,False,0.0,0.0,30.7
sim0002_ME,176,29.915730349075602,0,2sm,3.298803269175309,4.999999999999999,9.068661544207346,True,0.9828243816193188,4.3570442280636605,3.0,1993.1200924298428,1993.4417898973309,1993.4417898973309,1993.4417898973309,1993.4417898973309,1993.523925420945,1993.3890471354914,1993.3890471354914,1993.3890471354914,0.05274276183945403,0.05274276183945403,False,False,0.0,0.0,30.7
sim0002_ME,176,29.915730349075602,0,2sm,3.298803269175309,4.999999999999999,9.068661544207346,True,0.9828243816193188,4.3570442280636605,4.0,1993.1200924298428,1993.4417898973309,1993.4417898973309,1993.4417898973309,1993.4417898973309,1993.523925420945,1993.3890471354914,1993.3890471354914,1996.6664583143051,0.05274276183945403,0.05274276183945403,False,False,0.0,3.277411178813736,30.7
sim0002_ME,176,29.915730349075602,0,2sm,3.298803269175309,4.999999999999999,9.068661544207346,True,0.9828243816193188,4.3570442280636605,5.0,1993.1200924298428,1993.4417898973309,1993.4417898973309,1993.4417898973309,1993.4417898973309,1993.523925420945,1993.3890471354914,1993.3890471354914,1996.6664583143051,0.05274276183945403,0.05274276183945403,False,False,0.0,3.277411178813736,30.7
sim0002_ME,176,29.915730349075602,0,2sm,3.298803269175309,4.999999999999999,9.068661544207346,True,0.9828243816193188,4.3570442280636605,6.0,1993.1200924298428,1993.4417898973309,1993.4417898973309,1993.4417898973309,1993.4417898973309,1993.523925420945,1993.3890471354914,1993.3890471354914,1996.6664583143051,0.05274276183945403,0.05274276183945403,False,False,0.0,3.277411178813736,30.7
sim0002_ME,176,29.915730349075602,0,2sm,3.298803269175309,4.999999999999999,9.068661544207346,True,0.9828243816193188,4.3570442280636605,7.0,1993.1200924298428,1993.4417898973309,1993.4417898973309,1993.4417898973309,1993.4417898973309,1993.523925420945,1996.6814236621526,1993.3890471354914,1999.9588348409666,-3.239633764821747,3.239633764821747,False,False,0.0,6.569787705475164,30.7
sim0002_ME,176,29.915730349075602,0,2sm,3.298803269175309,4.999999999999999,9.068661544207346,True,0.9828243816193188,4.3570442280636605,8.0,1993.1200924298428,1993.4417898973309,1993.4417898973309,1993.4417898973309,1993.4417898973309,1993.523925420945,1996.6814236621526,1993.3890471354914,1999.9588348409666,-3.239633764821747,3.239633764821747,False,False,0.0,6.569787705475164,30.7
sim0002_ME,176,29.915730349075602,0,2sm,3.298803269175309,4.999999999999999,9.068661544207346,True,0.9828243816193188,4.3570442280636605,9.0,1993.1200924298428,1993.4417898973309,1993.4417898973309,1993.4417898973309,1993.4417898973309,1993.523925420945,1996.6814236621526,1993.3890471354914,1999.9588348409666,-3.239633764821747,3.239633764821747,False,False,0.0,6.569787705475164,30.7
sim0002_ME,176,29.915730349075602,0,2sm,3.298803269175309,4.999999999999999,9.068661544207346,True,0.9828243816193188,4.3570442280636605,10.0,1993.1200924298428,1993.4417898973309,1993.4417898973309,1993.4417898973309,1993.4417898973309,1993.523925420945,1996.6814236621526,1993.3890471354914,1999.9588348409666,-3.239633764821747,3.239633764821747,False,False,0.0,6.569787705475164,30.7
sim0002_ME,176,29.915730349075602,0,2sm,3.298803269175309,4.999999999999999,9.068661544207346,True,0.9828243816193188,4.3570442280636605,11.0,1993.1200924298428,1993.4417898973309,1993.4417898973309,1993.4417898973309,1993.4417898973309,1993.523925420945,1999.9588348409666,1993.3890471354914,2003.251211367628,-6.51704494363571,6.51704494363571,False,False,0.0,9.862164232136593,30.7
sim0002_ME,176,29.915730349075602,0,2sm,3.298803269175309,4.999999999999999,9.068661544207346,True,0.9828243816193188,4.3570442280636605,12.0,1993.1200924298428,1993.4417898973309,1993.4417898973309,1993.4417898973309,1993.4417898973309,1993.523925420945,1999.9588348409666,1993.3890471354914,2003.251211367628,-6.51704494363571,6.51704494363571,False,False,0.0,9.862164232136593,30.7
sim0002_ME,176,29.915730349075602,0,2sm,3.298803269175309,4.999999999999999,9.068661544207346,True,0.9828243816193188,4.3570442280636605,13.0,1993.1200924298428,1993.4417898973309,1993.4417898973309,1993.4417898973309,1993.4417898973309,1993.523925420945,1999.9588348409666,1993.3890471354914,2003.251211367628,-6.51704494363571,6.51704494363571,False,False,0.0,9.862164232136593,30.7
sim0002_ME,176,29.915730349075602,0,2sm,3.298803269175309,4.999999999999999,9.068661544207346,True,0.9828243816193188,4.3570442280636605,14.0,1993.1200924298428,1993.4417898973309,1993.4417898973309,1993.4417898973309,1993.4417898973309,1993.523925420945,1999.9588348409666,1993.3890471354914,2003.251211367628,-6.51704494363571,6.51704494363571,False,False,0.0,9.862164232136593,30.7
sim0002_ME,176,29.915730349075602,0,2sm,3.298803269175309,4.999999999999999,9.068661544207346,True,0.9828243816193188,4.3570442280636605,15.0,1993.1200924298428,1993.4417898973309,1993.4417898973309,1993.4417898973309,1993.4417898973309,1993.523925420945,1999.9588348409666,1993.3890471354914,2003.251211367628,-6.51704494363571,6.51704494363571,False,False,0.0,9.862164232136593,30.7
sim0002_ME,176,29.915730349075602,0,2sm,3.298803269175309,4.999999999999999,9.068661544207346,True,0.9828243816193188,4.3570442280636605,16.0,1993.1200924298428,1993.4417898973309,1993.4417898973309,1993.4417898973309,1993.4417898973309,1993.523925420945,1999.9588348409666,1993.3890471354914,2003.251211367628,-6.51704494363571,6.51704494363571,False,False,0.0,9.862164232136593,30.7
sim0002_ME,176,29.915730349075602,0,2sm,3.298803269175309,4.999999999999999,9.068661544207346,True,0.9828243816193188,4.3570442280636605,17.0,1993.1200924298428,1993.4417898973309,1993.4417898973309,1993.4417898973309,1993.4417898973309,1993.523925420945,1999.9588348409666,1993.3890471354914,2006.5435878942892,-6.51704494363571,6.51704494363571,False,False,0.0,13.154540758797793,30.7
sim0002_ME,176,29.915730349075602,0,2sm,3.298803269175309,4.999999999999999,9.068661544207346,True,0.9828243816193188,4.3570442280636605,18.0,1993.1200924298428,1993.4417898973309,1993.4417898973309,1993.4417898973309,1993.4417898973309,1993.523925420945,1999.9588348409666,1993.3890471354914,2006.5435878942892,-6.51704494363571,6.51704494363571,False,False,0.0,13.154540758797793,30.7
sim0002_ME,176,29.915730349075602,0,2sm,3.298803269175309,4.999999999999999,9.068661544207346,True,0.9828243816193188,4.3570442280636605,18.960674168377636,1993.1200924298428,1993.4417898973309,1993.4417898973309,1993.4417898973309,1993.4417898973309,1993.523925420945,1999.9588348409666,1993.3890471354914,2006.5435878942892,-6.51704494363571,6.51704494363571,False,False,0.0,13.154540758797793,30.7
sim0002_ME,176,29.915730349075602,1,2sm,3.2238096005829138,4.999999999999999,9.279620714469733,True,0.989382455877557,3.986491168332295,1.0,1997.1650362491448,1997.2403271457908,1997.2403271457908,1997.2403271457908,1997.2403271457908,1997.2403271457908,1997.4296910545759,1997.4296910545759,1997.4446564024247,-0.18936390878502607,0.18936390878502607,False,False,0.0,0.01496534784882897,30.7
sim0002_ME,176,29.915730349075602,1,2sm,3.2238096005829138,4.999999999999999,9.279620714469733,True,0.989382455877557,3.986491168332295,2.0,1997.1650362491448,1997.2403271457908,1997.2403271457908,1997.2403271457908,1997.2403271457908,1999.1499780698157,1997.4296910545759,1997.4296910545759,1997.4446564024247,-0.18936390878502607,0.18936390878502607,False,True,0.0,0.01496534784882897,30.7
sim0002_ME,176,29.915730349075602,1,2sm,3.2238096005829138,4.999999999999999,9.279620714469733,True,0.989382455877557,3.986491168332295,3.0,1997.1650362491448,1997.2403271457908,1997.2403271457908,1999.533277180014,1997.2403271457908,1999.5880341957568,1999.7343546232396,1999.7343546232396,1999.7343546232396,-2.4940274774487534,2.4940274774487534,False,False,2.2929500342231677,0.0,30.7
sim0002_ME,176,29.915730349075602,1,2sm,3.2238096005829138,4.999999999999999,9.279620714469733,True,0.989382455877557,3.986491168332295,4.0,1997.1650362491448,1997.2403271457908,1997.2403271457908,1999.533277180014,1997.2403271457908,1999.5880341957568,1999.7343546232396,1999.7343546232396,1999.7343546232396,-2.4940274774487534,2.4940274774487534,False,False,2.2929500342231677,0.0,30.7
sim0002_ME,176,29.915730349075602,1,2sm,3.2238096005829138,4.999999999999999,9.279620714469733,True,0.989382455877557,3.986491168332295,5.0,1997.1650362491448,1997.2403271457908,1997.2403271457908,1999.533277180014,1997.2403271457908,1999.5880341957568,1999.7343546232396,1999.7343546232396,1999.7343546232396,-2.4940274774487534,2.4940274774487534,False,False,2.2929500342231677,0.0,30.7
sim0002_ME,176,29.915730349075602,1,2sm,3.2238096005829138,4.999999999999999,9.279620714469733,True,0.989382455877557,3.986491168332295,6.0,1997.1650362491448,1997.2403271457908,1997.2403271457908,1999.533277180014,1997.2403271457908,1999.5880341957568,1999.7343546232396,1999.7343546232396,1999.7343546232396,-2.4940274774487534,2.4940274774487534,False,False,2.2929500342231677,0.0,30.7
sim0002_ME,176,29.915730349075602,1,2sm,3.2238096005829138,4.999999999999999,9.279620714469733,True,0.989382455877557,3.986491168332295,7.0,1997.1650362491448,1997.2403271457908,1997.2403271457908,1999.533277180014,1997.2403271457908,1999.5880341957568,1999.7343546232396,1999.7343546232396,1999.7343546232396,-2.4940274774487534,2.4940274774487534,False,False,2.2929500342231677,0.0,30.7
sim0002_ME,176,29.915730349075602,1,2sm,3.2238096005829138,4.999999999999999,9.279620714469733,True,0.989382455877557,3.986491168332295,8.0,1997.1650362491448,1997.2403271457908,1997.2403271457908,1999.533277180014,1997.2403271457908,1999.5880341957568,1999.7343546232396,1999.7343546232396,1999.7343546232396,-2.4940274774487534,2.4940274774487534,False,False,2.2929500342231677,0.0,30.7
sim0002_ME,176,29.915730349075602,1,2sm,3.2238096005829138,4.999999999999999,9.279620714469733,True,0.989382455877557,3.986491168332295,9.0,1997.1650362491448,1997.2403271457908,1997.2403271457908,1999.533277180014,1997.2403271457908,1999.5880341957568,1999.7343546232396,1999.7343546232396,2005.7354591104722,-2.4940274774487534,2.4940274774487534,False,False,2.2929500342231677,6.001104487232624,30.7
sim0002_ME,176,29.915730349075602,1,2sm,3.2238096005829138,4.999999999999999,9.279620714469733,True,0.989382455877557,3.986491168332295,10.0,1997.1650362491448,1997.2403271457908,1997.2403271457908,1999.533277180014,1997.2403271457908,1999.5880341957568,1999.7343546232396,1999.7343546232396,2005.7354591104722,-2.4940274774487534,2.4940274774487534,False,False,2.2929500342231677,6.001104487232624,30.7
sim0002_ME,176,29.915730349075602,1,2sm,3.2238096005829138,4.999999999999999,9.279620714469733,True,0.989382455877557,3.986491168332295,11.0,1997.1650362491448,1997.2403271457908,1997.2403271457908,1999.533277180014,1997.2403271457908,1999.5880341957568,1999.7343546232396,1999.7343546232396,2005.7354591104722,-2.4940274774487534,2.4940274774487534,False,False,2.2929500342231677,6.001104487232624,30.7
sim0002_ME,176,29.915730349075602,1,2sm,3.2238096005829138,4.999999999999999,9.279620714469733,True,0.989382455877557,3.986491168332295,12.0,1997.1650362491448,1997.2403271457908,1997.2403271457908,1999.533277180014,1997.2403271457908,1999.5880341957568,1999.7343546232396,1999.7343546232396,2005.7354591104722,-2.4940274774487534,2.4940274774487534,False,False,2.2929500342231677,6.001104487232624,30.7
sim0002_ME,176,29.915730349075602,1,2sm,3.2238096005829138,4.999999999999999,9.279620714469733,True,0.989382455877557,3.986491168332295,13.0,1997.1650362491448,1997.2403271457908,1997.2403271457908,1999.533277180014,1997.2403271457908,1999.5880341957568,1999.7343546232396,1999.7343546232396,2005.7354591104722,-2.4940274774487534,2.4940274774487534,False,False,2.2929500342231677,6.001104487232624,30.7
sim0002_ME,176,29.915730349075602,1,2sm,3.2238096005829138,4.999999999999999,9.279620714469733,True,0.989382455877557,3.986491168332295,14.0,1997.1650362491448,1997.2403271457908,1997.2403271457908,1999.533277180014,1997.2403271457908,1999.5880341957568,1999.7343546232396,1999.7343546232396,2005.7354591104722,-2.4940274774487534,2.4940274774487534,False,False,2.2929500342231677,6.001104487232624,30.7
sim0002_ME,176,29.915730349075602,1,2sm,3.2238096005829138,4.999999999999999,9.279620714469733,True,0.989382455877557,3.986491168332295,14.915730349075602,1997.1650362491448,1997.2403271457908,1997.2403271457908,1999.533277180014,1997.2403271457908,1999.5880341957568,1999.7343546232396,1999.7343546232396,2011.721598249857,-2.4940274774487534,2.4940274774487534,False,False,2.2929500342231677,11.987243626617328,30.7
sim0002_ME,176,29.915730349075602,2,3sml,3.2603227601452995,4.999999999999999,9.17569595095621,True,0.9914684973239852,3.616666391651488,1.0,2006.1818901848055,2006.4214521286797,2006.4214521286797,2006.4214521286797,2006.4214521286797,2006.4214521286797,2006.5735185899869,2006.558553242138,2006.5735185899869,-0.15206646130718582,0.15206646130718582,False,False,0.0,0.01496534784882897,30.7
sim0002_ME,176,29.915730349075602,2,3sml,3.2603227601452995,4.999999999999999,9.17569595095621,True,0.9914684973239852,3.616666391651488,2.0,2006.1818901848055,2006.4214521286797,2006.4214521286797,2006.4214521286797,2006.4214521286797,2006.4214521286797,2006.5735185899869,2006.558553242138,2006.5735185899869,-0.15206646130718582,0.15206646130718582,False,False,0.0,0.01496534784882897,30.7
sim0002_ME,176,29.915730349075602,2,3sml,3.2603227601452995,4.999999999999999,9.17569595095621,True,0.9914684973239852,3.616666391651488,3.0,2006.1818901848055,2006.4214521286797,2006.4214521286797,2006.4214521286797,2006.4214521286797,2006.4214521286797,2006.5735185899869,2006.558553242138,2006.5735185899869,-0.15206646130718582,0.15206646130718582,False,False,0.0,0.01496534784882897,30.7
sim0002_ME,176,29.915730349075602,2,3sml,3.2603227601452995,4.999999999999999,9.17569595095621,True,0.9914684973239852,3.616666391651488,4.0,2006.1818901848055,2006.4214521286797,2006.4214521286797,2006.4214521286797,2006.4214521286797,2006.4214521286797,2006.5735185899869,2006.558553242138,2009.8209990731032,-0.15206646130718582,0.15206646130718582,False,False,0.0,3.2624458309651345,30.7
sim0002_ME,176,29.915730349075602,2,3sml,3.2603227601452995,4.999999999999999,9.17569595095621,True,0.9914684973239852,3.616666391651488,5.0,2006.1818901848055,2006.4214521286797,2006.4214521286797,2006.4214521286797,2006.4214521286797,2006.4214521286797,2006.5735185899869,2006.558553242138,2009.8209990731032,-0.15206646130718582,0.15206646130718582,False,False,0.0,3.2624458309651345,30.7
sim0002_ME,176,29.915730349075602,2,3sml,3.2603227601452995,4.999999999999999,9.17569595095621,True,0.9914684973239852,3.616666391651488,5.898876413414882,2006.1818901848055,2006.4214521286797,2006.4214521286797,2006.4214521286797,2006.4214521286797,2006.4214521286797,2006.5735185899869,2006.558553242138,2009.8209990731032,-0.15206646130718582,0.15206646130718582,False,False,0.0,3.2624458309651345,30.7
sim0002_ME,176,29.915730349075602,3,2sm,3.2396509734045082,4.999999999999999,9.234244859913888,True,0.9949880592533387,3.5710536550312244,1.0,2010.3953733333335,2010.6349352772077,2010.6349352772077,2010.6349352772077,2010.6349352772077,2010.6349352772077,2010.4046476391923,2010.4046476391923,2010.4046476391923,0.23028763801539753,0.23028763801539753,False,False,0.0,0.0,30.7
sim0002_ME,176,29.915730349075602,3,2sm,3.2396509734045082,4.999999999999999,9.234244859913888,True,0.9949880592533387,3.5710536550312244,1.6853932648868977,2010.3953733333335,2010.6349352772077,2010.6349352772077,2010.6349352772077,2010.6349352772077,2010.6349352772077,2012.0807665982204,2012.0807665982204,2012.0807665982204,-1.4458313210127471,1.4458313210127471,False,False,0.0,0.0,30.7
sim0003_ME,176,29.915730349075602,0,2sm,3.097878165639972,4.999999999999999,9.656845346884548,True,0.9687117331697249,6.147784202207103,1.0,1993.1200924298428,1993.195383326489,1993.195383326489,1993.195383326489,1993.195383326489,1993.195383326489,1993.1346362220668,1993.1346362220668,1993.1346362220668,0.060747104422262055,0.060747104422262055,False,False,0.0,0.0,30.7
sim0003_ME,176,29.915730349075602,0,2sm,3.097878165639972,4.999999999999999,9.656845346884548,True,0.9687117331697249,6.147784202207103,2.0,1993.1200924298428,1995.1050342505137,1993.195383326489,1995.1050342505137,1993.195383326489,1995.1050342505137,1994.9155126160342,1994.9155126160342,1994.9155126160342,0.1895216344794335,0.1895216344794335,True,True,1.9096509240246178,0.0,30.7
sim0003_ME,176,29.915730349075602,0,2sm,3.097878165639972,4.999999999999999,9.656845346884548,True,0.9687117331697249,6.147784202207103,3.0,1993.1200924298428,1995.3788193292269,1995.296683805613,1995.4061978370983,1993.195383326489,1995.4335763449697,1994.9155126160342,1994.9155126160342,1994.9155126160342,0.46330671319265093,0.46330671319265093,False,True,0.10951403148533245,0.0,30.7
sim0003_ME,176,29.915730349075602,0,2sm,3.097878165639972,4.999999999999999,9.656845346884548,True,0.9687117331697249,6.147784202207103,4.0,1993.1200924298428,1995.3788193292269,1995.296683805613,1995.4061978370983,1993.195383326489,1995.4335763449697,1994.9155126160342,1994.9155126160342,1994.9155126160342,0.46330671319265093,0.46330671319265093,False,True,0.10951403148533245,0.0,30.7
sim0003_ME,176,29.915730349075602,0,2sm,3.097878165639972,4.999999999999999,9.656845346884548,True,0.9687117331697249,6.147784202207103,5.0,1993.1200924298428,1995.3788193292269,1995.296683805613,1995.4061978370983,1993.195383326489,1995.4335763449697,1994.9155126160342,1994.9155126160342,1994.9155126160342,0.46330671319265093,0.46330671319265093,False,True,0.10951403148533245,0.0,30.7
sim0003_ME,176,29.915730349075602,0,2sm,3.097878165639972,4.999999999999999,9.656845346884548,True,0.9687117331697249,6.147784202207103,6.0,1993.1200924298428,1995.3788193292269,1995.296683805613,1995.4061978370983,1993.195383326489,1995.4335763449697,1998.7915377087859,1998.7915377087859,1998.8065030566347,-3.41271837955901,3.41271837955901,False,False,0.10951403148533245,0.01496534784882897,30.7
sim0003_ME,176,29.915730349075602,0,2sm,3.097878165639972,4.999999999999999,9.656845346884548,True,0.9687117331697249,6.147784202207103,7.0,1993.1200924298428,1995.3788193292269,1995.296683805613,1995.4061978370983,1993.195383326489,1995.4335763449697,1998.7915377087859,1998.7915377087859,1998.8065030566347,-3.41271837955901,3.41271837955901,False,False,0.10951403148533245,0.01496534784882897,30.7
sim0003_ME,176,29.915730349075602,0,2sm,3.097878165639972,4.999999999999999,9.656845346884548,True,0.9687117331697249,6.147784202207103,8.0,1993.1200924298428,1995.3788193292269,1995.296683805613,1995.4061978370983,1993.195383326489,1995.4335763449697,1998.7915377087859,1998.7915377087859,1998.8065030566347,-3.41271837955901,3.41271837955901,False,False,0.10951403148533245,0.01496534784882897,30.7
sim0003_ME,176,29.915730349075602,0,2sm,3.097878165639972,4.999999999999999,9.656845346884548,True,0.9687117331697249,6.147784202207103,9.0,1993.1200924298428,1995.3788193292269,1995.296683805613,1995.4061978370983,1993.195383326489,1995.4335763449697,1998.7915377087859,1998.7915377087859,1998.8065030566347,-3.41271837955901,3.41271837955901,False,False,0.10951403148533245,0.01496534784882897,30.7
sim0003_ME,176,29.915730349075602,0,2sm,3.097878165639972,4.999999999999999,9.656845346884548,True,0.9687117331697249,6.147784202207103,10.0,1993.1200924298428,1995.3788193292269,1995.296683805613,1995.4061978370983,1993.195383326489,1995.4335763449697,1998.7915377087859,1998.7915377087859,1998.8065030566347,-3.41271837955901,3.41271837955901,False,False,0.10951403148533245,0.01496534784882897,30.7
sim0003_ME,176,29.915730349075602,0,2sm,3.097878165639972,4.999999999999999,9.656845346884548,True,0.9687117331697249,6.147784202207103,11.0,1993.1200924298428,1995.3788193292269,1995.296683805613,1995.4061978370983,1993.195383326489,1995.4335763449697,1998.7915377087859,1998.7915377087859,1998.8065030566347,-3.41271837955901,3.41271837955901,False,False,0.10951403148533245,0.01496534784882897,30.7
sim0003_ME,176,29.915730349075602,0,2sm,3.097878165639972,4.999999999999999,9.656845346884548,True,0.9687117331697249,6.147784202207103,12.0,1993.1200924298428,1995.3788193292269,1995.296683805613,1995.4061978370983,1993.195383326489,1995.4335763449697,2004.7926421960196,1998.8065030566347,2004.7926421960196,-9.41382286679277,9.41382286679277,False,False,0.10951403148533245,5.986139139384932,30.7
sim0003_ME,176,29.915730349075602,0,2sm,3.097878165639972,4.999999999999999,9.656845346884548,True,0.9687117331697249,6.147784202207103,13.0,1993.1200924298428,1995.3788193292269,1995.296683805613,1995.4061978370983,1993.195383326489,1995.4335763449697,2004.7926421960196,1998.8065030566347,2004.7926421960196,-9.41382286679277,9.41382286679277,False,False,0.10951403148533245,5.986139139384932,30.7
sim0003_ME,176,29.915730349075602,0,2sm,3.097878165639972,4.999999999999999,9.656845346884548,True,0.9687117331697249,6.147784202207103,14.0,1993.1200924298428,1995.3788193292269,1995.296683805613,1995.4061978370983,1993.195383326489,1995.4335763449697,2004.7926421960196,1998.8065030566347,2004.7926421960196,-9.41382286679277,9.41382286679277,False,False,0.10951403148533245,5.986139139384932,30.7
sim0003_ME,176,29.915730349075602,0,2sm,3.097878165639972,4.999999999999999,9.656845346884548,True,0.9687117331697249,6.147784202207103,15.0,1993.1200924298428,1995.3788193292269,1995.296683805613,1995.4061978370983,1993.195383326489,1995.4335763449697,2004.7926421960196,1998.8065030566347,2004.7926421960196,-9.41382286679277,9.41382286679277,False,False,0.10951403148533245,5.986139139384932,30.7
sim0003_ME,176,29.915730349075602,0,2sm,3.097878165639972,4.999999999999999,9.656845346884548,True,0.9687117331697249,6.147784202207103,16.0,1993.1200924298428,1995.3788193292269,1995.296683805613,1995.4061978370983,1993.195383326489,1995.4335763449697,2004.7926421960196,1998.8065030566347,2004.7926421960196,-9.41382286679277,9.41382286679277,False,False,0.10951403148533245,5.986139139384932,30.7
sim0003_ME,176,29.915730349075602,0,2sm,3.097878165639972,4.999999999999999,9.656845346884548,True,0.9687117331697249,6.147784202207103,17.0,1993.1200924298428,1995.3788193292269,1995.296683805613,1995.4061978370983,1993.195383326489,1995.4335763449697,2004.7926421960196,1998.8065030566347,2004.7926421960196,-9.41382286679277,9.41382286679277,False,False,0.10951403148533245,5.986139139384932,30.7
sim0003_ME,176,29.915730349075602,0,2sm,3.097878165639972,4.999999999999999,9.656845346884548,True,0.9687117331697249,6.147784202207103,18.0,1993.1200924298428,1995.3788193292269,1995.296683805613,1995.4061978370983,1993.195383326489,1995.4335763449697,2004.7926421960196,2004.7926421960196,2010.7937466832532,-9.41382286679277,9.41382286679277,False,False,0.10951403148533245,6.001104487233533,30.7
sim0003_ME,176,29.915730349075602,0,2sm,3.097878165639972,4.999999999999999,9.656845346884548,True,0.9687117331697249,6.147784202207103,18.960674168377636,1993.1200924298428,1995.3788193292269,1995.296683805613,1995.4061978370983,1993.195383326489,1995.4335763449697,2004.7926421960196,2004.7926421960196,2010.7937466832532,-9.41382286679277,9.41382286679277,False,False,0.10951403148533245,6.001104487233533,30.7
sim0003_ME,176,29.915730349075602,1,3sml,3.097878165639972,4.999999999999999,9.656845346884548,True,0.9891915651877867,5.711081134439381,1.0,1997.1650362491448,1998.0616823819305,1997.9795468583166,1998.1438179055444,1997.9795468583166,1998.164351786448,1998.1629930991505,1998.1629930991505,1998.1629930991505,-0.10131071722003071,0.10131071722003071,False,True,0.164271047227885,0.0,30.7
sim0003_ME,176,29.915730349075602,1,3sml,3.097878165639972,4.999999999999999,9.656845346884548,True,0.9891915651877867,5.711081134439381,2.0,1997.1650362491448,1998.0616823819305,1997.9795468583166,1998.1438179055444,1997.9795468583166,1998.1917302943193,1998.7915377087859,1998.7915377087859,1998.8065030566347,-0.729855326855386,0.729855326855386,False,False,0.164271047227885,0.01496534784882897,30.7
sim0003_ME,176,29.915730349075602,1,3sml,3.097878165639972,4.999999999999999,9.656845346884548,True,0.9891915651877867,5.711081134439381,3.0,1997.1650362491448,1998.0616823819305,1997.9795468583166,1998.1438179055444,1997.9795468583166,1998.1917302943193,1998.7915377087859,1998.7915377087859,1998.8065030566347,-0.729855326855386,0.729855326855386,False,False,0.164271047227885,0.01496534784882897,30.7
sim0003_ME,176,29.915730349075602,1,3sml,3.097878165639972,4.999999999999999,9.656845346884548,True,0.9891915651877867,5.711081134439381,4.0,1997.1650362491448,1998.0616823819305,1997.9795468583166,1998.1438179055444,1997.9795468583166,1998.1917302943193,2000.811859668329,1998.8065030566347,2000.8268250161777,-2.7501772863984115,2.7501772863984115,False,False,0.164271047227885,2.0203219595430255,30.7
sim0003_ME,176,29.915730349075602,1,3sml,3.097878165639972,4.999999999999999,9.656845346884548,True,0.9891915651877867,5.711081134439381,5.0,1997.1650362491448,1998.0616823819305,1997.9795468583166,1998.1438179055444,1997.9795468583166,1998.1917302943193,2000.811859668329,1998.8065030566347,2000.8268250161777,-2.7501772863984115,2.7501772863984115,False,False,0.164271047227885,2.0203219595430255,30.7
sim0003_ME,176,29.915730349075602,1,3sml,3.097878165639972,4.999999999999999,9.656845346884548,True,0.9891915651877867,5.711081134439381,6.0,1997.1650362491448,1998.0616823819305,1997.9795468583166,1998.1438179055444,1997.9795468583166,1998.1917302943193,2000.811859668329,1998.8065030566347,2000.8268250161777,-2.7501772863984115,2.7501772863984115,False,False,0.164271047227885,2.0203219595430255,30.7
sim0003_ME,176,29.915730349075602,1,3sml,3.097878165639972,4.999999999999999,9.656845346884548,True,0.9891915651877867,5.711081134439381,7.0,1997.1650362491448,1998.0616823819305,1997.9795468583166,1998.1438179055444,1997.9795468583166,1998.1917302943193,2000.811859668329,1998.8065030566347,2000.8268250161777,-2.7501772863984115,2.7501772863984115,False,False,0.164271047227885,2.0203219595430255,30.7
sim0003_ME,176,29.915730349075602,1,3sml,3.097878165639972,4.999999999999999,9.656845346884548,True,0.9891915651877867,5.711081134439381,8.0,1997.1650362491448,1998.0616823819305,1997.9795468583166,1998.1438179055444,1997.9795468583166,1998.1917302943193,2000.811859668329,1998.8065030566347,2000.8268250161777,-2.7501772863984115,2.7501772863984115,False,False,0.164271047227885,2.0203219595430255,30.7
sim0003_ME,176,29.915730349075602,1,3sml,3.097878165639972,4.999999999999999,9.656845346884548,True,0.9891915651877867,5.711081134439381,9.0,1997.1650362491448,1998.0616823819305,1997.9795468583166,1998.1438179055444,1997.9795468583166,1998.1917302943193,2000.811859668329,1998.8065030566347,2000.8268250161777,-2.7501772863984115,2.7501772863984115,False,False,0.164271047227885,2.0203219595430255,30.7
sim0003_ME,176,29.915730349075602,1,3sml,3.097878165639972,4.999999999999999,9.656845346884548,True,0.9891915651877867,5.711081134439381,10.0,1997.1650362491448,1998.0616823819305,1997.9795468583166,1998.1438179055444,1997.9795468583166,1998.1917302943193,2004.8076075438685,1998.8065030566347,2006.8129641555613,-6.745925161937976,6.745925161937976,False,False,0.164271047227885,8.006461098926593,30.7
sim0003_ME,176,29.915730349075602,1,3sml,3.097878165639972,4.999999999999999,9.656845346884548,True,0.9891915651877867,5.711081134439381,11.0,1997.1650362491448,1998.0616823819305,1997.9795468583166,1998.1438179055444,1997.9795468583166,1998.1917302943193,2004.8076075438685,1998.8065030566347,2006.8129641555613,-6.745925161937976,6.745925161937976,False,False,0.164271047227885,8.006461098926593,30.7
sim0003_ME,176,29.915730349075602,1,3sml,3.097878165639972,4.999999999999999,9.656845346884548,True,0.9891915651877867,5.711081134439381,12.0,1997.1650362491448,1998.0616823819305,1997.9795468583166,1998.1438179055444,1997.9795468583166,1998.1917302943193,2004.8076075438685,1998.8065030566347,2006.8129641555613,-6.745925161937976,6.745925161937976,False,False,0.164271047227885,8.006461098926593,30.7
sim0003_ME,176,29.915730349075602,1,3sml,3.097878165639972,4.999999999999999,9.656845346884548,True,0.9891915651877867,5.711081134439381,13.0,1997.1650362491448,1998.0616823819305,1997.9795468583166,1998.1438179055444,1997.9795468583166,1998.1917302943193,2004.8076075438685,1998.8065030566347,2006.8129641555613,-6.745925161937976,6.745925161937976,False,False,0.164271047227885,8.006461098926593,30.7
sim0003_ME,176,29.915730349075602,1,3sml,3.097878165639972,4.999999999999999,9.656845346884548,True,0.9891915651877867,5.711081134439381,14.0,1997.1650362491448,1998.0616823819305,1997.9795468583166,1998.1438179055444,1997.9795468583166,1998.1917302943193,2006.8129641555613,1998.8065030566347,2006.8129641555613,-8.751281773630808,8.751281773630808,False,False,0.164271047227885,8.006461098926593,30.7
sim0003_ME,176,29.915730349075602,1,3sml,3.097878165639972,4.999999999999999,9.656845346884548,True,0.9891915651877867,5.711081134439381,14.915730349075602,1997.1650362491448,1998.0616823819305,1997.9795468583166,1998.1438179055444,1997.9795468583166,1998.1917302943193,2006.8129641555613,1998.8065030566347,2006.8129641555613,-8.751281773630808,8.751281773630808,False,False,0.164271047227885,8.006461098926593,30.7
sim0003_ME,176,29.915730349075602,2,2sm,3.097878165639972,4.999999999999999,9.656845346884548,True,0.9773166742595826,5.522621256845407,1.0,2006.1818901848055,2006.3393166050657,2006.3393166050657,2006.3393166050657,2006.3393166050657,2006.3393166050657,2006.6932413727748,2006.678276024926,2006.783033459865,-0.3539247677090316,0.3539247677090316,False,False,0.0,0.1047574349390743,30.7
sim0003_ME,176,29.915730349075602,2,2sm,3.097878165639972,4.999999999999999,9.656845346884548,True,0.9773166742595826,5.522621256845407,2.0,2006.1818901848055,2006.3393166050657,2006.3393166050657,2006.3393166050657,2006.3393166050657,2006.3393166050657,2006.6932413727748,2006.678276024926,2006.7979988077138,-0.3539247677090316,0.3539247677090316,False,False,0.0,0.11972278278790327,30.7
sim0003_ME,176,29.915730349075602,2,2sm,3.097878165639972,4.999999999999999,9.656845346884548,True,0.9773166742595826,5.522621256845407,3.0,2006.1818901848055,2006.3393166050657,2006.3393166050657,2006.3393166050657,2006.3393166050657,2006.3393166050657,2008.6836326366201,2007.0350499176336,2008.7584593758615,-2.344316031554399,2.344316031554399,False,False,0.0,1.723409458227934,30.7
sim0003_ME,176,29.915730349075602,2,2sm,3.097878165639972,4.999999999999999,9.656845346884548,True,0.9773166742595826,5.522621256845407,4.0,2006.1818901848055,2006.3393166050657,2006.3393166050657,2006.3393166050657,2006.3393166050657,2006.3393166050657,2008.6836326366201,2007.0500152654813,2008.7608538315174,-2.344316031554399,2.344316031554399,False,False,0.0,1.7108385660360454,30.7
sim0003_ME,176,29.915730349075602,2,2sm,3.097878165639972,4.999999999999999,9.656845346884548,True,0.9773166742595826,5.522621256845407,5.0,2006.1818901848055,2006.3393166050657,2006.3393166050657,2006.3393166050657,2006.3393166050657,2006.3393166050657,2010.6740239004655,2008.6387365930736,2010.688989248313,-4.334707295399767,4.334707295399767,False,False,0.0,2.050252655239319,30.7
sim0003_ME,176,29.915730349075602,2,2sm,3.097878165639972,4.999999999999999,9.656845346884548,True,0.9773166742595826,5.522621256845407,5.898876413414882,2006.1818901848055,2006.3393166050657,2006.3393166050657,2006.3393166050657,2006.3393166050657,2006.3393166050657,2010.6740239004655,2008.6686672887713,2010.688989248313,-4.334707295399767,4.334707295399767,False,False,0.0,2.0203219595416613,30.7
sim0004_ME,176,29.915730349075602,0,3sml,3.097878165639972,4.999999999999999,9.656845346884548,True,0.9865605426468815,8.619673895986178,1.0,1993.1200924298428,1993.277518850103,1993.277518850103,1993.277518850103,1993.277518850103,1993.277518850103,1993.733250136006,1993.7182847881572,1993.733250136006,-0.4557312859030844,0.4557312859030844,False,False,0.0,0.01496534784882897,30.7
sim0004_ME,176,29.915730349075602,0,3sml,3.097878165639972,4.999999999999999,9.656845346884548,True,0.9865605426468815,8.619673895986178,2.0,1993.1200924298428,1993.277518850103,1993.277518850103,1993.277518850103,1993.277518850103,1993.277518850103,1995.1100621380647,1995.1100621380647,1995.1100621380647,-1.8325432879616983,1.8325432879616983,False,False,0.0,0.0,30.7
sim0004_ME,176,29.915730349075602,0,3sml,3.097878165639972,4.999999999999999,9.656845346884548,True,0.9865605426468815,8.619673895986178,3.0,1993.1200924298428,1993.277518850103,1993.277518850103,1993.277518850103,1993.277518850103,1993.277518850103,1995.7386067477003,1995.7386067477003,1995.7535720955489,-2.461087897597281,2.461087897597281,False,False,0.0,0.014965347848601596,30.7
sim0004_ME,176,29.915730349075602,0,3sml,3.097878165639972,4.999999999999999,9.656845346884548,True,0.9865605426468815,8.619673895986178,4.0,1993.1200924298428,1993.277518850103,1993.277518850103,1993.277518850103,1993.277518850103,1993.277518850103,1995.7386067477003,1995.7386067477003,1995.7535720955489,-2.461087897597281,2.461087897597281,False,False,0.0,0.014965347848601596,30.7
sim0004_ME,176,29.915730349075602,0,3sml,3.097878165639972,4.999999999999999,9.656845346884548,True,0.9865605426468815,8.619673895986178,5.0,1993.1200924298428,1993.277518850103,1993.277518850103,1993.277518850103,1993.277518850103,1993.277518850103,1995.7386067477003,1995.7386067477003,1995.7535720955489,-2.461087897597281,2.461087897597281,False,False,0.0,0.014965347848601596,30.7
sim0004_ME,176,29.915730349075602,0,3sml,3.097878165639972,4.999999999999999,9.656845346884548,True,0.9865605426468815,8.619673895986178,6.0,1993.1200924298428,1993.277518850103,1993.277518850103,1993.277518850103,1993.277518850103,1993.277518850103,1995.7386067477003,1995.7386067477003,1995.7535720955489,-2.461087897597281,2.461087897597281,False,False,0.0,0.014965347848601596,30.7
sim0004_ME,176,29.915730349075602,0,3sml,3.097878165639972,4.999999999999999,9.656845346884548,True,0.9865605426468815,8.619673895986178,7.0,1993.1200924298428,1993.277518850103,1993.277518850103,1993.277518850103,1993.277518850103,1993.277518850103,1995.7386067477003,1995.7386067477003,1995.7535720955489,-2.461087897597281,2.461087897597281,False,False,0.0,0.014965347848601596,30.7
sim0004_ME,176,29.915730349075602,0,3sml,3.097878165639972,4.999999999999999,9.656845346884548,True,0.9865605426468815,8.619673895986178,8.0,1993.1200924298428,1993.277518850103,1993.277518850103,1993.277518850103,1993.277518850103,1993.277518850103,1995.7386067477003,1995.7386067477003,1995.7535720955489,-2.461087897597281,2.461087897597281,False,False,0.0,0.014965347848601596,30.7
sim0004_ME,176,29.915730349075602,0,3sml,3.097878165639972,4.999999999999999,9.656845346884548,True,0.9865605426468815,8.619673895986178,9.0,1993.1200924298428,1993.277518850103,1993.277518850103,1993.277518850103,1993.277518850103,1993.277518850103,2001.7397112349327,2001.7397112349327,2001.7397112349327,-8.462192384829677,8.462192384829677,False,False,0.0,0.0,30.7
sim0004_ME,176,29.915730349075602,0,3sml,3.097878165639972,4.999999999999999,9.656845346884548,True,0.9865605426468815,8.619673895986178,10.0,1993.1200924298428,1993.277518850103,1993.277518850103,1993.277518850103,1993.277518850103,1993.277518850103,2001.7397112349327,2001.7397112349327,2001.7397112349327,-8.462192384829677,8.462192384829677,False,False,0.0,0.0,30.7
sim0004_ME,176,29.915730349075602,0,3sml,3.097878165639972,4.999999999999999,9.656845346884548,True,0.9865605426468815,8.619673895986178,11.0,1993.1200924298428,1993.277518850103,1993.277518850103,1993.277518850103,1993.277518850103,1993.277518850103,2001.7397112349327,2001.7397112349327,2001.7397112349327,-8.462192384829677,8.462192384829677,False,False,0.0,0.0,30.7
sim0004_ME,176,29.915730349075602,0,3sml,3.097878165639972,4.999999999999999,9.656845346884548,True,0.9865605426468815,8.619673895986178,12.0,1993.1200924298428,1993.277518850103,1993.277518850103,1993.277518850103,1993.277518850103,1993.277518850103,2001.7397112349327,2001.7397112349327,2001.7397112349327,-8.462192384829677,8.462192384829677,False,False,0.0,0.0,30.7
sim0004_ME,176,29.915730349075602,0,3sml,3.097878165639972,4.999999999999999,9.656845346884548,True,0.9865605426468815,8.619673895986178,13.0,1993.1200924298428,1993.277518850103,1993.277518850103,1993.277518850103,1993.277518850103,1993.277518850103,2001.7397112349327,2001.7397112349327,2001.7397112349327,-8.462192384829677,8.462192384829677,False,False,0.0,0.0,30.7
sim0004_ME,176,29.915730349075602,0,3sml,3.097878165639972,4.999999999999999,9.656845346884548,True,0.9865605426468815,8.619673895986178,14.0,1993.1200924298428,1993.277518850103,1993.277518850103,1993.277518850103,1993.277518850103,1993.277518850103,2001.7397112349327,2001.7397112349327,2001.7397112349327,-8.462192384829677,8.462192384829677,False,False,0.0,0.0,30.7
sim0004_ME,176,29.915730349075602,0,3sml,3.097878165639972,4.999999999999999,9.656845346884548,True,0.9865605426468815,8.619673895986178,15.0,1993.1200924298428,1993.277518850103,1993.277518850103,1993.277518850103,1993.277518850103,1993.277518850103,2001.7397112349327,2001.7397112349327,2007.7408157221662,-8.462192384829677,8.462192384829677,False,False,0.0,6.001104487233533,30.7
sim0004_ME,176,29.915730349075602,0,3sml,3.097878165639972,4.999999999999999,9.656845346884548,True,0.9865605426468815,8.619673895986178,16.0,1993.1200924298428,1993.277518850103,1993.277518850103,1993.277518850103,1993.277518850103,1993.277518850103,2001.7397112349327,2001.7397112349327,2007.7408157221662,-8.462192384829677,8.462192384829677,False,False,0.0,6.001104487233533,30.7
sim0004_ME,176,29.915730349075602,0,3sml,3.097878165639972,4.999999999999999,9.656845346884548,True,0.9865605426468815,8.619673895986178,17.0,1993.1200924298428,1993.277518850103,1993.277518850103,1993.277518850103,1993.277518850103,1993.277518850103,2001.7397112349327,2001.7397112349327,2007.7408157221662,-8.462192384829677,8.462192384829677,False,False,0.0,6.001104487233533,30.7
sim0004_ME,176,29.915730349075602,0,3sml,3.097878165639972,4.999999999999999,9.656845346884548,True,0.9865605426468815,8.619673895986178,18.0,1993.1200924298428,1993.277518850103,1993.277518850103,1993.277518850103,1993.277518850103,1993.277518850103,2001.7397112349327,2001.7397112349327,2007.7408157221662,-8.462192384829677,8.462192384829677,False,False,0.0,6.001104487233533,30.7
sim0004_ME,176,29.915730349075602,0,3sml,3.097878165639972,4.999999999999999,9.656845346884548,True,0.9865605426468815,8.619673895986178,18.960674168377636,1993.1200924298428,1993.277518850103,1993.277518850103,1993.277518850103,1993.277518850103,1993.277518850103,2001.7397112349327,2001.7397112349327,2007.7408157221662,-8.462192384829677,8.462192384829677,False,False,0.0,6.001104487233533,30.7
sim0004_ME,176,29.915730349075602,1,2sm,2.7053565728542095,4.999999999999999,11.057962062839598,True,0.9980555487745401,6.975094551325947,1.0,2001.3785193976726,2001.4538102943188,2001.4538102943188,2001.4538102943188,2001.4538102943188,2001.4538102943188,2001.3805428865703,2001.3805428865703,2001.3805428865703,0.07326740774851714,0.07326740774851714,False,False,0.0,0.0,30.7
sim0004_ME,176,29.915730349075602,1,2sm,2.7053565728542095,4.999999999999999,11.057962062839598,True,0.9980555487745401,6.975094551325947,2.0,2001.3785193976726,2001.4538102943188,2001.4538102943188,2001.4538102943188,2001.4538102943188,2001.4538102943188,2003.3709341504157,2003.3709341504157,2003.3709341504157,-1.9171238560968504,1.9171238560968504,False,False,0.0,0.0,30.7
sim0004_ME,176,29.915730349075602,1,2sm,2.7053565728542095,4.999999999999999,11.057962062839598,True,0.9980555487745401,6.975094551325947,3.0,2001.3785193976726,2001.4538102943188,2001.4538102943188,2001.4538102943188,2001.4538102943188,2001.4538102943188,2003.7749985423243,2003.7600331944755,2003.8049292380206,-2.3211882480054555,2.3211882480054555,False,False,0.0,0.044896043545122666,30.7
sim0004_ME,176,29.915730349075602,1,2sm,2.7053565728542095,4.999999999999999,11.057962062839598,True,0.9980555487745401,6.975094551325947,4.0,2001.3785193976726,2001.4538102943188,2001.4538102943188,2001.4538102943188,2001.4538102943188,2001.4538102943188,2003.7749985423243,2003.7600331944755,2003.8049292380206,-2.3211882480054555,2.3211882480054555,False,False,0.0,0.044896043545122666,30.7
sim0004_ME,176,29.915730349075602,1,2sm,2.7053565728542095,4.999999999999999,11.057962062839598,True,0.9980555487745401,6.975094551325947,5.0,2001.3785193976726,2001.4538102943188,2001.4538102943188,2001.4538102943188,2001.4538102943188,2001.4538102943188,2003.7749985423243,2003.7600331944755,2003.8049292380206,-2.3211882480054555,2.3211882480054555,False,False,0.0,0.044896043545122666,30.7
sim0004_ME,176,29.915730349075602,1,2sm,2.7053565728542095,4.999999999999999,11.057962062839598,True,0.9980555487745401,6.975094551325947,6.0,2001.3785193976726,2001.4538102943188,2001.4538102943188,2001.4538102943188,2001.4538102943188,2001.4538102943188,2006.4837265028955,2003.7749985423243,2006.513657198593,-5.029916208576651,5.029916208576651,False,False,0.0,2.738658656268626,30.7
sim0004_ME,176,29.915730349075602,1,2sm,2.7053565728542095,4.999999999999999,11.057962062839598,True,0.9980555487745401,6.975094551325947,7.0,2001.3785193976726,2001.4538102943188,2001.4538102943188,2001.4538102943188,2001.4538102943188,2001.4538102943188,2006.4837265028955,2003.7749985423243,2006.513657198593,-5.029916208576651,5.029916208576651,False,False,0.0,2.738658656268626,30.7
sim0004_ME,176,29.915730349075602,1,2sm,2.7053565728542095,4.999999999999999,11.057962062839598,True,0.9980555487745401,6.975094551325947,8.0,2001.3785193976726,2001.4538102943188,2001.4538102943188,2001.4538102943188,2001.4538102943188,2001.4538102943188,2006.5061745246685,2003.7749985423243,2009.282246550558,-5.052364230349667,5.052364230349667,False,False,0.0,5.507248008233773,30.7
sim0004_ME,176,29.915730349075602,1,2sm,2.7053565728542095,4.999999999999999,11.057962062839598,True,0.9980555487745401,6.975094551325947,9.0,2001.3785193976726,2001.4538102943188,2001.4538102943188,2001.4538102943188,2001.4538102943188,2001.4538102943188,2006.5061745246685,2003.7749985423243,2009.282246550558,-5.052364230349667,5.052364230349667,False,False,0.0,5.507248008233773,30.7
sim0004_ME,176,29.915730349075602,1,2sm,2.7053565728542095,4.999999999999999,11.057962062839598,True,0.9980555487745401,6.975094551325947,10.0,2001.3785193976726,2001.4538102943188,2001.4538102943188,2001.4538102943188,2001.4538102943188,2001.4538102943188,2006.5061745246685,2003.7749985423243,2009.282246550558,-5.052364230349667,5.052364230349667,False,False,0.0,5.507248008233773,30.7
sim0004_ME,176,29.915730349075602,1,2sm,2.7053565728542095,4.999999999999999,11.057962062839598,True,0.9980555487745401,6.975094551325947,10.702247200547845,2001.3785193976726,2001.4538102943188,2001.4538102943188,2001.4538102943188,2001.4538102943188,2001.4538102943188,2009.237350507013,2003.789963890172,2012.0209052068267,-7.783540212694106,7.783540212694106,False,False,0.0,8.230941316654707,30.7
sim0004_ME,176,29.915730349075602,2,2sm,2.7044881706461776,4.999999999999999,11.06151273789003,True,0.9967329928844626,7.775511906982015,1.0,2006.1818901848055,2006.4214521286797,2006.4214521286797,2006.4214521286797,2006.4214521286797,2006.4214521286797,2006.408899763654,2006.408899763654,2006.408899763654,0.012552365025612744,0.012552365025612744,False,False,0.0,0.0,30.7
sim0004_ME,176,29.915730349075602,2,2sm,2.7044881706461776,4.999999999999999,11.06151273789003,True,0.9967329928844626,7.775511906982015,2.0,2006.1818901848055,2006.4214521286797,2006.4214521286797,2006.4214521286797,2006.4214521286797,2006.4214521286797,2006.408899763654,2006.408899763654,2006.408899763654,0.012552365025612744,0.012552365025612744,False,False,0.0,0.0,30.7
sim0004_ME,176,29.915730349075602,2,2sm,2.7044881706461776,4.999999999999999,11.06151273789003,True,0.9967329928844626,7.775511906982015,3.0,2006.1818901848055,2006.4214521286797,2006.4214521286797,2006.4214521286797,2006.4214521286797,2006.4214521286797,2009.117627724225,2006.408899763654,2009.1325930720739,-2.6961755955453555,2.6961755955453555,False,False,0.0,2.723693308419797,30.7
sim0004_ME,176,29.915730349075602,2,2sm,2.7044881706461776,4.999999999999999,11.06151273789003,True,0.9967329928844626,7.775511906982015,4.0,2006.1818901848055,2006.4214521286797,2006.4214521286797,2006.4214521286797,2006.4214521286797,2006.4214521286797,2009.117627724225,2006.408899763654,2009.1325930720739,-2.6961755955453555,2.6961755955453555,False,False,0.0,2.723693308419797,30.7
sim0004_ME,176,29.915730349075602,2,2sm,2.7044881706461776,4.999999999999999,11.06151273789003,True,0.9967329928844626,7.775511906982015,5.0,2006.1818901848055,2006.4214521286797,2006.4214521286797,2006.4214521286797,2006.4214521286797,2006.4214521286797,2009.117627724225,2006.408899763654,2009.1325930720739,-2.6961755955453555,2.6961755955453555,False,False,0.0,2.723693308419797,30.7
sim0004_ME,176,29.915730349075602,2,2sm,2.7044881706461776,4.999999999999999,11.06151273789003,True,0.9967329928844626,7.775511906982015,5.898876413414882,2006.1818901848055,2006.4214521286797,2006.4214521286797,2006.4214521286797,2006.4214521286797,2006.4214521286797,2009.1325930720739,2006.408899763654,2011.8413210326448,-2.7111409433941844,2.7111409433941844,False,False,0.0,5.432421268990765,30.7
sim0004_ME,176,29.915730349075602,3,3sml,2.700153189086881,4.999999999999999,11.079271527995155,True,0.9953127696163292,6.884907973070631,1.0,2010.3953733333335,2011.3946888706369,2011.3946888706369,2011.3946888706369,2011.3946888706369,2011.3946888706369,2011.392360597191,2011.392360597191,2011.392360597191,0.002328273445755258,0.002328273445755258,False,False,0.0,0.0,30.7
sim0004_ME,176,29.915730349075602,3,3sml,2.700153189086881,4.999999999999999,11.079271527995155,True,0.9953127696163292,6.884907973070631,1.6853932648868977,2010.3953733333335,2011.8053664887066,2011.8053664887066,2011.832744996578,2011.8053664887066,2011.832744996578,2011.7365635977058,2011.7365635977058,2011.7515289455546,0.06880289100081427,0.06880289100081427,False,False,0.027378507871389957,0.01496534784882897,30.7
sim0005_ME,176,29.915730349075602,0,2sm,7.592398548310341,4.999999999999999,3.9402212830006444,True,0.9824701383334689,10.998056207650542,1.0,1993.1200924298428,1993.195383326489,1993.195383326489,1993.195383326489,1993.195383326489,1993.195383326489,1993.1795322656133,1993.1346362220668,1993.1944976134607,0.015851060875775147,0.015851060875775147,False,False,0.0,0.059861391393951635,30.7
sim0005_ME,176,29.915730349075602,0,2sm,7.592398548310341,4.999999999999999,3.9402212830006444,True,0.9824701383334689,10.998056207650542,2.0,1993.1200924298428,1995.1050342505137,1995.1050342505137,1995.1050342505137,1995.1050342505137,1995.1050342505137,1995.080131442367,1995.0651660945196,1995.1100621380647,0.024902808146634925,0.024902808146634925,False,False,0.0,0.044896043545122666,30.7
sim0005_ME,176,29.915730349075602,0,2sm,7.592398548310341,4.999999999999999,3.9402212830006444,True,0.9824701383334689,10.998056207650542,3.0,1993.1200924298428,1996.1180390417526,1996.1180390417526,1996.1180390417526,1996.1180390417526,1996.1180390417526,1995.080131442367,1995.0651660945196,1995.1250274859135,1.0379075993855622,1.0379075993855622,False,False,0.0,0.059861391393951635,30.7
sim0005_ME,176,29.915730349075602,0,2sm,7.592398548310341,4.999999999999999,3.9402212830006444,True,0.9824701383334689,10.998056207650542,4.0,1993.1200924298428,1997.1036653251201,1997.1036653251201,1997.1036653251201,1997.1036653251201,1997.1036653251201,1995.080131442367,1995.0651660945196,1997.0705227062126,2.0235338827530995,2.0235338827530995,False,False,0.0,2.0053566116930597,30.7
sim0005_ME,176,29.915730349075602,0,2sm,7.592398548310341,4.999999999999999,3.9402212830006444,True,0.9824701383334689,10.998056207650542,5.0,1993.1200924298428,1997.3226933880908,1997.3226933880908,1997.350071895962,1997.2953148802194,1997.350071895962,1995.080131442367,1995.0651660945196,1997.0705227062126,2.2425619457237644,2.2425619457237644,False,False,0.027378507871162583,2.0053566116930597,30.7
sim0005_ME,176,29.915730349075602,0,2sm,7.592398548310341,4.999999999999999,3.9402212830006444,True,0.9824701383334689,10.998056207650542,6.0,1993.1200924298428,1997.3226933880908,1997.3226933880908,1997.350071895962,1997.2953148802194,1997.350071895962,1995.080131442367,1995.0651660945196,1997.0705227062126,2.2425619457237644,2.2425619457237644,False,False,0.027378507871162583,2.0053566116930597,30.7
sim0005_ME,176,29.915730349075602,0,2sm,7.592398548310341,4.999999999999999,3.9402212830006444,True,0.9824701383334689,10.998056207650542,7.0,1993.1200924298428,1997.3226933880908,1997.3226933880908,1997.350071895962,1997.2953148802194,1997.350071895962,1995.080131442367,1995.0651660945196,1997.0705227062126,2.2425619457237644,2.2425619457237644,False,False,0.027378507871162583,2.0053566116930597,30.7
sim0005_ME,176,29.915730349075602,0,2sm,7.592398548310341,4.999999999999999,3.9402212830006444,True,0.9824701383334689,10.998056207650542,8.0,1993.1200924298428,1997.3226933880908,1997.3226933880908,1997.350071895962,1997.2953148802194,1997.350071895962,1997.0705227062126,1995.0651660945196,2001.0513052339045,0.2521706818781695,0.2521706818781695,False,False,0.027378507871162583,5.986139139384932,30.7
sim0005_ME,176,29.915730349075602,0,2sm,7.592398548310341,4.999999999999999,3.9402212830006444,True,0.9824701383334689,10.998056207650542,9.0,1993.1200924298428,1997.3226933880908,1997.3226933880908,1997.350071895962,1997.2953148802194,1997.350071895962,1997.0705227062126,1995.0651660945196,2001.0513052339045,0.2521706818781695,0.2521706818781695,False,False,0.027378507871162583,5.986139139384932,30.7
sim0005_ME,176,29.915730349075602,0,2sm,7.592398548310341,4.999999999999999,3.9402212830006444,True,0.9824701383334689,10.998056207650542,10.0,1993.1200924298428,1997.3226933880908,1997.3226933880908,1997.350071895962,1997.2953148802194,1997.350071895962,1997.0705227062126,1995.0651660945196,2001.0513052339045,0.2521706818781695,0.2521706818781695,False,False,0.027378507871162583,5.986139139384932,30.7
sim0005_ME,176,29.915730349075602,0,2sm,7.592398548310341,4.999999999999999,3.9402212830006444,True,0.9824701383334689,10.998056207650542,11.0,1993.1200924298428,1997.3226933880908,1997.3226933880908,1997.350071895962,1997.2953148802194,1997.350071895962,1997.0705227062126,1995.0651660945196,2001.0513052339045,0.2521706818781695,0.2521706818781695,False,False,0.027378507871162583,5.986139139384932,30.7
sim0005_ME,176,29.915730349075602,0,2sm,7.592398548310341,4.999999999999999,3.9402212830006444,True,0.9824701383334689,10.998056207650542,12.0,1993.1200924298428,1997.3226933880908,1997.3226933880908,1997.350071895962,1997.2953148802194,1997.350071895962,1997.0705227062126,1995.0651660945196,2001.0513052339045,0.2521706818781695,0.2521706818781695,False,False,0.027378507871162583,5.986139139384932,30.7
sim0005_ME,176,29.915730349075602,0,2sm,7.592398548310341,4.999999999999999,3.9402212830006444,True,0.9824701383334689,10.998056207650542,13.0,1993.1200924298428,1997.3226933880908,1997.3226933880908,1997.350071895962,1997.2953148802194,1997.350071895962,1997.0705227062126,1995.0651660945196,2001.0513052339045,0.2521706818781695,0.2521706818781695,False,False,0.027378507871162583,5.986139139384932,30.7
sim0005_ME,176,29.915730349075602,0,2sm,7.592398548310341,4.999999999999999,3.9402212830006444,True,0.9824701383334689,10.998056207650542,14.0,1993.1200924298428,1997.3226933880908,1997.3226933880908,1997.350071895962,1997.2953148802194,1997.350071895962,1997.0705227062126,1995.080131442367,2007.0524097211369,0.2521706818781695,0.2521706818781695,False,False,0.027378507871162583,11.972278278769863,30.7
sim0005_ME,176,29.915730349075602,0,2sm,7.592398548310341,4.999999999999999,3.9402212830006444,True,0.9824701383334689,10.998056207650542,15.0,1993.1200924298428,1997.3226933880908,1997.3226933880908,1997.350071895962,1997.2953148802194,1997.350071895962,1997.0705227062126,1995.080131442367,2007.0524097211369,0.2521706818781695,0.2521706818781695,False,False,0.027378507871162583,11.972278278769863,30.7
sim0005_ME,176,29.915730349075602,0,2sm,7.592398548310341,4.999999999999999,3.9402212830006444,True,0.9824701383334689,10.998056207650542,16.0,1993.1200924298428,1997.3226933880908,1997.3226933880908,1997.350071895962,1997.2953148802194,1997.350071895962,1997.0705227062126,1995.080131442367,2007.0524097211369,0.2521706818781695,0.2521706818781695,False,False,0.027378507871162583,11.972278278769863,30.7
sim0005_ME,176,29.915730349075602,0,2sm,7.592398548310341,4.999999999999999,3.9402212830006444,True,0.9824701383334689,10.998056207650542,17.0,1993.1200924298428,1997.3226933880908,1997.3226933880908,1997.350071895962,1997.2953148802194,1997.350071895962,1997.0705227062126,1995.080131442367,2007.0524097211369,0.2521706818781695,0.2521706818781695,False,False,0.027378507871162583,11.972278278769863,30.7
sim0005_ME,176,29.915730349075602,0,2sm,7.592398548310341,4.999999999999999,3.9402212830006444,True,0.9824701383334689,10.998056207650542,18.0,1993.1200924298428,1997.3226933880908,1997.3226933880908,1997.350071895962,1997.2953148802194,1997.350071895962,1997.0705227062126,1995.080131442367,2007.0524097211369,0.2521706818781695,0.2521706818781695,False,False,0.027378507871162583,11.972278278769863,30.7
sim0005_ME,176,29.915730349075602,0,2sm,7.592398548310341,4.999999999999999,3.9402212830006444,True,0.9824701383334689,10.998056207650542,18.960674168377636,1993.1200924298428,1997.3226933880908,1997.3226933880908,1997.350071895962,1997.2953148802194,1997.350071895962,1997.0705227062126,1995.080131442367,2007.0524097211369,0.2521706818781695,0.2521706818781695,False,False,0.027378507871162583,11.972278278769863,30.7
sim0005_ME,176,29.915730349075602,1,3sml,7.549513406538665,4.999999999999999,3.9626037782998655,True,0.9886865642501933,10.043705975556433,1.0,1997.1650362491448,1997.2403271457908,1997.2403271457908,1997.2403271457908,1997.2403271457908,1997.2403271457908,1997.1752801411528,1997.1752801411528,1997.1752801411528,0.06504700463801782,0.06504700463801782,False,False,0.0,0.0,30.7
sim0005_ME,176,29.915730349075602,1,3sml,7.549513406538665,4.999999999999999,3.9626037782998655,True,0.9886865642501933,10.043705975556433,2.0,1997.1650362491448,1997.2403271457908,1997.2403271457908,1997.2403271457908,1997.2403271457908,1997.2403271457908,1997.1752801411528,1997.1752801411528,1999.0609139700578,0.06504700463801782,0.06504700463801782,False,False,0.0,1.885633828904929,30.7
sim0005_ME,176,29.915730349075602,1,3sml,7.549513406538665,4.999999999999999,3.9626037782998655,True,0.9886865642501933,10.043705975556433,3.0,1997.1650362491448,1997.2403271457908,1997.2403271457908,1997.2403271457908,1997.2403271457908,1997.2403271457908,1997.1752801411528,1997.1752801411528,1999.0609139700578,0.06504700463801782,0.06504700463801782,False,False,0.0,1.885633828904929,30.7
sim0005_ME,176,29.915730349075602,1,3sml,7.549513406538665,4.999999999999999,3.9626037782998655,True,0.9886865642501933,10.043705975556433,4.0,1997.1650362491448,1997.2403271457908,1997.2403271457908,1997.2403271457908,1997.2403271457908,1997.2403271457908,1997.1752801411528,1997.1752801411528,1999.0609139700578,0.06504700463801782,0.06504700463801782,False,False,0.0,1.885633828904929,30.7
sim0005_ME,176,29.915730349075602,1,3sml,7.549513406538665,4.999999999999999,3.9626037782998655,True,0.9886865642501933,10.043705975556433,5.0,1997.1650362491448,1997.2403271457908,1997.2403271457908,1997.2403271457908,1997.2403271457908,1997.2403271457908,1997.1752801411528,1997.1752801411528,1999.0609139700578,0.06504700463801782,0.06504700463801782,False,False,0.0,1.885633828904929,30.7
sim0005_ME,176,29.915730349075602,1,3sml,7.549513406538665,4.999999999999999,3.9626037782998655,True,0.9886865642501933,10.043705975556433,6.0,1997.1650362491448,1997.2403271457908,1997.2403271457908,1997.2403271457908,1997.2403271457908,1997.2403271457908,2003.13148858484,2003.13148858484,2003.13148858484,-5.891161439049256,5.891161439049256,False,False,0.0,0.0,30.7
sim0005_ME,176,29.915730349075602,1,3sml,7.549513406538665,4.999999999999999,3.9626037782998655,True,0.9886865642501933,10.043705975556433,7.0,1997.1650362491448,1997.2403271457908,1997.2403271457908,1997.2403271457908,1997.2403271457908,1997.2403271457908,2003.13148858484,2003.13148858484,2003.13148858484,-5.891161439049256,5.891161439049256,False,False,0.0,0.0,30.7
sim0005_ME,176,29.915730349075602,1,3sml,7.549513406538665,4.999999999999999,3.9626037782998655,True,0.9886865642501933,10.043705975556433,8.0,1997.1650362491448,1997.2403271457908,1997.2403271457908,1997.2403271457908,1997.2403271457908,1997.2403271457908,2003.13148858484,2003.13148858484,2003.13148858484,-5.891161439049256,5.891161439049256,False,False,0.0,0.0,30.7
sim0005_ME,176,29.915730349075602,1,3sml,7.549513406538665,4.999999999999999,3.9626037782998655,True,0.9886865642501933,10.043705975556433,9.0,1997.1650362491448,1997.2403271457908,1997.2403271457908,1997.2403271457908,1997.2403271457908,1997.2403271457908,2003.13148858484,2003.13148858484,2003.13148858484,-5.891161439049256,5.891161439049256,False,False,0.0,0.0,30.7
sim0005_ME,176,29.915730349075602,1,3sml,7.549513406538665,4.999999999999999,3.9626037782998655,True,0.9886865642501933,10.043705975556433,10.0,1997.1650362491448,1997.2403271457908,1997.2403271457908,1997.2403271457908,1997.2403271457908,1997.2403271457908,2003.13148858484,2003.13148858484,2003.13148858484,-5.891161439049256,5.891161439049256,False,False,0.0,0.0,30.7
sim0005_ME,176,29.915730349075602,1,3sml,7.549513406538665,4.999999999999999,3.9626037782998655,True,0.9886865642501933,10.043705975556433,11.0,1997.1650362491448,1997.2403271457908,1997.2403271457908,1997.2403271457908,1997.2403271457908,1997.2403271457908,2003.13148858484,2003.13148858484,2003.13148858484,-5.891161439049256,5.891161439049256,False,False,0.0,0.0,30.7
sim0005_ME,176,29.915730349075602,1,3sml,7.549513406538665,4.999999999999999,3.9626037782998655,True,0.9886865642501933,10.043705975556433,12.0,1997.1650362491448,1997.2403271457908,1997.2403271457908,1997.2403271457908,1997.2403271457908,1997.2403271457908,2003.13148858484,2003.13148858484,2009.1026623763762,-5.891161439049256,5.891161439049256,False,False,0.0,5.971173791536103,30.7
sim0005_ME,176,29.915730349075602,1,3sml,7.549513406538665,4.999999999999999,3.9626037782998655,True,0.9886865642501933,10.043705975556433,13.0,1997.1650362491448,1997.2403271457908,1997.2403271457908,1997.2403271457908,1997.2403271457908,1997.2403271457908,2003.13148858484,2003.13148858484,2009.1026623763762,-5.891161439049256,5.891161439049256,False,False,0.0,5.971173791536103,30.7
sim0005_ME,176,29.915730349075602,1,3sml,7.549513406538665,4.999999999999999,3.9626037782998655,True,0.9886865642501933,10.043705975556433,14.0,1997.1650362491448,1997.2403271457908,1997.2403271457908,1997.2403271457908,1997.2403271457908,1997.2403271457908,2003.13148858484,2003.13148858484,2009.1026623763762,-5.891161439049256,5.891161439049256,False,False,0.0,5.971173791536103,30.7
sim0005_ME,176,29.915730349075602,1,3sml,7.549513406538665,4.999999999999999,3.9626037782998655,True,0.9886865642501933,10.043705975556433,14.915730349075602,1997.1650362491448,1997.2403271457908,1997.2403271457908,1997.2403271457908,1997.2403271457908,1997.2403271457908,2003.13148858484,2003.13148858484,2009.1026623763762,-5.891161439049256,5.891161439049256,False,False,0.0,5.971173791536103,30.7
sim0005_ME,176,29.915730349075602,2,2sm,7.505778072975905,4.999999999999999,3.985693429544015,True,0.9975412247895682,8.915018235419225,1.0,2001.3785193976726,2002.377834934976,2002.377834934976,2002.377834934976,2002.377834934976,2002.377834934976,2002.368255844568,2002.368255844568,2002.368255844568,0.009579090407896729,0.009579090407896729,False,False,0.0,0.0,30.7
sim0005_ME,176,29.915730349075602,2,2sm,7.505778072975905,4.999999999999999,3.985693429544015,True,0.9975412247895682,8.915018235419225,2.0,2001.3785193976726,2003.3634612183434,2003.3634612183434,2003.3634612183434,2003.3634612183434,2003.3634612183434,2003.3709341504157,2003.3709341504157,2003.3709341504157,-0.007472932072232652,0.007472932072232652,False,False,0.0,0.0,30.7
sim0005_ME,176,29.915730349075602,2,2sm,7.505778072975905,4.999999999999999,3.985693429544015,True,0.9975412247895682,8.915018235419225,3.0,2001.3785193976726,2004.3764660095824,2004.3764660095824,2004.3764660095824,2004.3764660095824,2004.3764660095824,2004.3736124562622,2004.3736124562622,2004.3736124562622,0.0028535533201647922,0.0028535533201647922,False,False,0.0,0.0,30.7
sim0005_ME,176,29.915730349075602,2,2sm,7.505778072975905,4.999999999999999,3.985693429544015,True,0.9975412247895682,8.915018235419225,4.0,2001.3785193976726,2004.9787931827514,2004.9514146748802,2005.0061716906228,2004.9240361670088,2005.0335501984941,2004.88243428311,2004.88243428311,2004.8973996309587,0.09635889964147282,0.09635889964147282,False,False,0.05475701574255254,0.01496534784882897,30.7
sim0005_ME,176,29.915730349075602,2,2sm,7.505778072975905,4.999999999999999,3.985693429544015,True,0.9975412247895682,8.915018235419225,5.0,2001.3785193976726,2004.9787931827514,2004.9514146748802,2005.0061716906228,2004.9240361670088,2005.0335501984941,2004.88243428311,2004.88243428311,2004.8973996309587,0.09635889964147282,0.09635889964147282,False,False,0.05475701574255254,0.01496534784882897,30.7
sim0005_ME,176,29.915730349075602,2,2sm,7.505778072975905,4.999999999999999,3.985693429544015,True,0.9975412247895682,8.915018235419225,6.0,2001.3785193976726,2004.9787931827514,2004.9514146748802,2005.0061716906228,2004.9240361670088,2005.0335501984941,2004.88243428311,2004.88243428311,2004.8973996309587,0.09635889964147282,0.09635889964147282,False,False,0.05475701574255254,0.01496534784882897,30.7
sim0005_ME,176,29.915730349075602,2,2sm,7.505778072975905,4.999999999999999,3.985693429544015,True,0.9975412247895682,8.915018235419225,7.0,2001.3785193976726,2004.9787931827514,2004.9514146748802,2005.0061716906228,2004.9240361670088,2005.0335501984941,2004.88243428311,2004.88243428311,2004.8973996309587,0.09635889964147282,0.09635889964147282,False,False,0.05475701574255254,0.01496534784882897,30.7
sim0005_ME,176,29.915730349075602,2,2sm,7.505778072975905,4.999999999999999,3.985693429544015,True,0.9975412247895682,8.915018235419225,8.0,2001.3785193976726,2004.9787931827514,2004.9514146748802,2005.0061716906228,2004.9240361670088,2005.0335501984941,2004.88243428311,2004.88243428311,2004.8973996309587,0.09635889964147282,0.09635889964147282,False,False,0.05475701574255254,0.01496534784882897,30.7
sim0005_ME,176,29.915730349075602,2,2sm,7.505778072975905,4.999999999999999,3.985693429544015,True,0.9975412247895682,8.915018235419225,9.0,2001.3785193976726,2004.9787931827514,2004.9514146748802,2005.0061716906228,2004.9240361670088,2005.0335501984941,2004.88243428311,2004.88243428311,2004.8973996309587,0.09635889964147282,0.09635889964147282,False,False,0.05475701574255254,0.01496534784882897,30.7
sim0005_ME,176,29.915730349075602,2,2sm,7.505778072975905,4.999999999999999,3.985693429544015,True,0.9975412247895682,8.915018235419225,10.0,2001.3785193976726,2004.9787931827514,2004.9514146748802,2005.0061716906228,2004.9240361670088,2005.0335501984941,2004.88243428311,2004.88243428311,2004.8973996309587,0.09635889964147282,0.09635889964147282,False,False,0.05475701574255254,0.01496534784882897,30.7
sim0005_ME,176,29.915730349075602,2,2sm,7.505778072975905,4.999999999999999,3.985693429544015,True,0.9975412247895682,8.915018235419225,10.702247200547845,2001.3785193976726,2004.9787931827514,2004.9514146748802,2005.0061716906228,2004.9240361670088,2005.0335501984941,2004.88243428311,2004.88243428311,2004.8973996309587,0.09635889964147282,0.09635889964147282,False,False,0.05475701574255254,0.01496534784882897,30.7
sim0005_ME,176,29.915730349075602,3,2sm,7.604740687969012,4.999999999999999,3.9338264875228974,True,0.9981631470056136,9.883758879211339,1.0,2006.1818901848055,2006.2571810814518,2006.2571810814518,2006.2571810814518,2006.2571810814518,2006.2571810814518,2006.1844195459257,2006.1844195459257,2006.1844195459257,0.07276153552606957,0.07276153552606957,False,False,0.0,0.0,30.7
sim0005_ME,176,29.915730349075602,3,2sm,7.604740687969012,4.999999999999999,3.9338264875228974,True,0.9981631470056136,9.883758879211339,2.0,2006.1818901848055,2006.2571810814518,2006.2571810814518,2006.2571810814518,2006.2571810814518,2006.2571810814518,2006.1844195459257,2006.1844195459257,2006.1844195459257,0.07276153552606957,0.07276153552606957,False,False,0.0,0.0,30.7
sim0005_ME,176,29.915730349075602,3,2sm,7.604740687969012,4.999999999999999,3.9338264875228974,True,0.9981631470056136,9.883758879211339,3.0,2006.1818901848055,2006.2571810814518,2006.2571810814518,2006.2571810814518,2006.2571810814518,2006.2571810814518,2006.1844195459257,2006.1844195459257,2006.1844195459257,0.07276153552606957,0.07276153552606957,False,False,0.0,0.0,30.7
sim0005_ME,176,29.915730349075602,3,2sm,7.604740687969012,4.999999999999999,3.9338264875228974,True,0.9981631470056136,9.883758879211339,4.0,2006.1818901848055,2006.2571810814518,2006.2571810814518,2006.2571810814518,2006.2571810814518,2006.2571810814518,2006.1844195459257,2006.1844195459257,2006.1844195459257,0.07276153552606957,0.07276153552606957,False,False,0.0,0.0,30.7
sim0005_ME,176,29.915730349075602,3,2sm,7.604740687969012,4.999999999999999,3.9338264875228974,True,0.9981631470056136,9.883758879211339,5.0,2006.1818901848055,2006.2571810814518,2006.2571810814518,2006.2571810814518,2006.2571810814518,2006.2571810814518,2006.1844195459257,2006.1844195459257,2006.1844195459257,0.07276153552606957,0.07276153552606957,False,False,0.0,0.0,30.7
sim0005_ME,176,29.915730349075602,3,2sm,7.604740687969012,4.999999999999999,3.9338264875228974,True,0.9981631470056136,9.883758879211339,5.898876413414882,2006.1818901848055,2006.2571810814518,2006.2571810814518,2006.2571810814518,2006.2571810814518,2006.2571810814518,2012.0807665982204,2012.0807665982204,2012.0807665982204,-5.823585516768617,5.823585516768617,False,False,0.0,0.0,30.7
sim0005_ME,176,29.915730349075602,4,3sml,7.506253055494189,4.999999999999999,3.9854412218595314,True,0.9999318077833168,9.466276009095818,1.0,2010.3953733333335,2011.3946888706369,2011.3946888706369,2011.3946888706369,2011.3946888706369,2011.3946888706369,2011.392360597191,2011.392360597191,2011.392360597191,0.002328273445755258,0.002328273445755258,False,False,0.0,0.0,30.7
sim0005_ME,176,29.915730349075602,4,3sml,7.506253055494189,4.999999999999999,3.9854412218595314,True,0.9999318077833168,9.466276009095818,1.6853932648868977,2010.3953733333335,2012.0791515674198,2012.0791515674198,2012.0791515674198,2012.0791515674198,2012.0791515674198,2012.0807665982204,2012.0807665982204,2012.0807665982204,-0.0016150308006217529,0.0016150308006217529,False,False,0.0,0.0,30.7
sim0006_ME,176,29.915730349075602,0,3sml,3.097878165639972,4.999999999999999,9.656845346884548,True,0.9449873876742125,10.027024473359468,1.0,1993.1200924298428,1994.1194079671461,1994.1194079671461,1994.1194079671461,1994.1194079671461,1994.1194079671461,1994.107383832217,1994.107383832217,1994.107383832217,0.012024134929106367,0.012024134929106367,False,False,0.0,0.0,30.7
sim0006_ME,176,29.915730349075602,0,3sml,3.097878165639972,4.999999999999999,9.656845346884548,True,0.9449873876742125,10.027024473359468,2.0,1993.1200924298428,1994.8038706639293,1994.8038706639293,1994.8038706639293,1994.7764921560579,1994.8312491718004,1994.3318640499438,1994.3318640499438,1994.3318640499438,0.47200661398551347,0.47200661398551347,False,False,0.0,0.0,30.7
sim0006_ME,176,29.915730349075602,0,3sml,3.097878165639972,4.999999999999999,9.656845346884548,True,0.9449873876742125,10.027024473359468,3.0,1993.1200924298428,1994.8038706639293,1994.8038706639293,1994.8038706639293,1994.7764921560579,1994.8312491718004,1994.3318640499438,1994.3318640499438,1994.3318640499438,0.47200661398551347,0.47200661398551347,False,False,0.0,0.0,30.7
sim0006_ME,176,29.915730349075602,0,3sml,3.097878165639972,4.999999999999999,9.656845346884548,True,0.9449873876742125,10.027024473359468,4.0,1993.1200924298428,1994.8038706639293,1994.8038706639293,1994.8038706639293,1994.7764921560579,1994.8312491718004,1994.3318640499438,1994.3318640499438,1994.3318640499438,0.47200661398551347,0.47200661398551347,False,False,0.0,0.0,30.7
sim0006_ME,176,29.915730349075602,0,3sml,3.097878165639972,4.999999999999999,9.656845346884548,True,0.9449873876742125,10.027024473359468,5.0,1993.1200924298428,1994.8038706639293,1994.8038706639293,1994.8038706639293,1994.7764921560579,1994.8312491718004,1997.639205924454,1997.6242405766066,1997.639205924454,-2.8353352605247437,2.8353352605247437,False,False,0.0,0.014965347847464727,30.7
sim0006_ME,176,29.915730349075602,0,3sml,3.097878165639972,4.999999999999999,9.656845346884548,True,0.9449873876742125,10.027024473359468,6.0,1993.1200924298428,1994.8038706639293,1994.8038706639293,1994.8038706639293,1994.7764921560579,1994.8312491718004,1997.639205924454,1997.6242405766066,1997.639205924454,-2.8353352605247437,2.8353352605247437,False,False,0.0,0.014965347847464727,30.7
sim0006_ME,176,29.915730349075602,0,3sml,3.097878165639972,4.999999999999999,9.656845346884548,True,0.9449873876742125,10.027024473359468,7.0,1993.1200924298428,1994.8038706639293,1994.8038706639293,1994.8038706639293,1994.7764921560579,1994.8312491718004,1997.639205924454,1997.6242405766066,1997.639205924454,-2.8353352605247437,2.8353352605247437,False,False,0.0,0.014965347847464727,30.7
sim0006_ME,176,29.915730349075602,0,3sml,3.097878165639972,4.999999999999999,9.656845346884548,True,0.9449873876742125,10.027024473359468,8.0,1993.1200924298428,1994.8038706639293,1994.8038706639293,1994.8038706639293,1994.7764921560579,1994.8312491718004,1997.639205924454,1997.6242405766066,1997.639205924454,-2.8353352605247437,2.8353352605247437,False,False,0.0,0.014965347847464727,30.7
sim0006_ME,176,29.915730349075602,0,3sml,3.097878165639972,4.999999999999999,9.656845346884548,True,0.9449873876742125,10.027024473359468,9.0,1993.1200924298428,1994.8038706639293,1994.8038706639293,1994.8038706639293,1994.7764921560579,1994.8312491718004,1997.639205924454,1997.6242405766066,1997.639205924454,-2.8353352605247437,2.8353352605247437,False,False,0.0,0.014965347847464727,30.7
sim0006_ME,176,29.915730349075602,0,3sml,3.097878165639972,4.999999999999999,9.656845346884548,True,0.9449873876742125,10.027024473359468,10.0,1993.1200924298428,1994.8038706639293,1994.8038706639293,1994.8038706639293,1994.7764921560579,1994.8312491718004,1997.639205924454,1997.6242405766066,1997.639205924454,-2.8353352605247437,2.8353352605247437,False,False,0.0,0.014965347847464727,30.7
sim0006_ME,176,29.915730349075602,0,3sml,3.097878165639972,4.999999999999999,9.656845346884548,True,0.9449873876742125,10.027024473359468,11.0,1993.1200924298428,1994.8038706639293,1994.8038706639293,1994.8038706639293,1994.7764921560579,1994.8312491718004,2003.625345063839,1997.639205924454,2003.625345063839,-8.821474399909675,8.821474399909675,False,False,0.0,5.986139139384932,30.7
sim0006_ME,176,29.915730349075602,0,3sml,3.097878165639972,4.999999999999999,9.656845346884548,True,0.9449873876742125,10.027024473359468,12.0,1993.1200924298428,1994.8038706639293,1994.8038706639293,1994.8038706639293,1994.7764921560579,1994.8312491718004,2003.625345063839,1997.639205924454,2003.625345063839,-8.821474399909675,8.821474399909675,False,False,0.0,5.986139139384932,30.7
sim0006_ME,176,29.915730349075602,0,3sml,3.097878165639972,4.999999999999999,9.656845346884548,True,0.9449873876742125,10.027024473359468,13.0,1993.1200924298428,1994.8038706639293,1994.8038706639293,1994.8038706639293,1994.7764921560579,1994.8312491718004,2003.625345063839,1997.639205924454,2003.625345063839,-8.821474399909675,8.821474399909675,False,False,0.0,5.986139139384932,30.7
sim0006_ME,176,29.915730349075602,0,3sml,3.097878165639972,4.999999999999999,9.656845346884548,True,0.9449873876742125,10.027024473359468,14.0,1993.1200924298428,1994.8038706639293,1994.8038706639293,1994.8038706639293,1994.7764921560579,1994.8312491718004,2003.625345063839,1997.639205924454,2003.625345063839,-8.821474399909675,8.821474399909675,False,False,0.0,5.986139139384932,30.7
sim0006_ME,176,29.915730349075602,0,3sml,3.097878165639972,4.999999999999999,9.656845346884548,True,0.9449873876742125,10.027024473359468,15.0,1993.1200924298428,1994.8038706639293,1994.8038706639293,1994.8038706639293,1994.7764921560579,1994.8312491718004,2003.625345063839,1997.639205924454,2003.625345063839,-8.821474399909675,8.821474399909675,False,False,0.0,5.986139139384932,30.7
sim0006_ME,176,29.915730349075602,0,3sml,3.097878165639972,4.999999999999999,9.656845346884548,True,0.9449873876742125,10.027024473359468,16.0,1993.1200924298428,1994.8038706639293,1994.8038706639293,1994.8038706639293,1994.7764921560579,1994.8312491718004,2003.625345063839,1997.639205924454,2003.625345063839,-8.821474399909675,8.821474399909675,False,False,0.0,5.986139139384932,30.7
sim0006_ME,176,29.915730349075602,0,3sml,3.097878165639972,4.999999999999999,9.656845346884548,True,0.9449873876742125,10.027024473359468,17.0,1993.1200924298428,1994.8038706639293,1994.8038706639293,1994.8038706639293,1994.7764921560579,1994.8312491718004,2009.6264495510727,1997.639205924454,2009.6264495510727,-14.822578887143436,14.822578887143436,False,False,0.0,11.987243626618692,30.7
sim0006_ME,176,29.915730349075602,0,3sml,3.097878165639972,4.999999999999999,9.656845346884548,True,0.9449873876742125,10.027024473359468,18.0,1993.1200924298428,1994.8038706639293,1994.8038706639293,1994.8038706639293,1994.7764921560579,1994.8312491718004,2009.6264495510727,1997.639205924454,2009.6264495510727,-14.822578887143436,14.822578887143436,False,False,0.0,11.987243626618692,30.7
sim0006_ME,176,29.915730349075602,0,3sml,3.097878165639972,4.999999999999999,9.656845346884548,True,0.9449873876742125,10.027024473359468,18.960674168377636,1993.1200924298428,1994.8038706639293,1994.8038706639293,1994.8038706639293,1994.7764921560579,1994.8312491718004,2009.6264495510727,1997.639205924454,2009.6264495510727,-14.822578887143436,14.822578887143436,False,False,0.0,11.987243626618692,30.7
sim0006_ME,176,29.915730349075602,1,2sm,2.907280729213194,4.999999999999999,10.289935212817163,True,0.9992851064873651,8.858238155613007,1.0,2001.3785193976726,2001.4538102943188,2001.4538102943188,2001.4538102943188,2001.4538102943188,2001.4538102943188,2001.3805428865703,2001.3805428865703,2001.3805428865703,0.07326740774851714,0.07326740774851714,False,False,0.0,0.0,30.7
sim0006_ME,176,29.915730349075602,1,2sm,2.907280729213194,4.999999999999999,10.289935212817163,True,0.9992851064873651,8.858238155613007,2.0,2001.3785193976726,2003.3634612183434,2003.3634612183434,2003.3634612183434,2003.3634612183434,2003.3634612183434,2003.3709341504157,2003.3709341504157,2003.3709341504157,-0.007472932072232652,0.007472932072232652,False,False,0.0,0.0,30.7
sim0006_ME,176,29.915730349075602,1,2sm,2.907280729213194,4.999999999999999,10.289935212817163,True,0.9992851064873651,8.858238155613007,3.0,2001.3785193976726,2003.4455967419574,2003.4182182340862,2003.4455967419574,2003.4182182340862,2003.4455967419574,2003.4457608896585,2003.4457608896585,2003.460726237506,-0.00016414770107076038,0.00016414770107076038,False,False,0.027378507871162583,0.014965347847464727,30.7
sim0006_ME,176,29.915730349075602,1,2sm,2.907280729213194,4.999999999999999,10.289935212817163,True,0.9992851064873651,8.858238155613007,4.0,2001.3785193976726,2003.4455967419574,2003.4182182340862,2003.4455967419574,2003.4182182340862,2003.4455967419574,2003.4457608896585,2003.4457608896585,2003.460726237506,-0.00016414770107076038,0.00016414770107076038,False,False,0.027378507871162583,0.014965347847464727,30.7
sim0006_ME,176,29.915730349075602,1,2sm,2.907280729213194,4.999999999999999,10.289935212817163,True,0.9992851064873651,8.858238155613007,5.0,2001.3785193976726,2003.4455967419574,2003.4182182340862,2003.4455967419574,2003.4182182340862,2003.4455967419574,2003.4457608896585,2003.4457608896585,2006.3640037201076,-0.00016414770107076038,0.00016414770107076038,False,False,0.027378507871162583,2.918242830449117,30.7
sim0006_ME,176,29.915730349075602,1,2sm,2.907280729213194,4.999999999999999,10.289935212817163,True,0.9992851064873651,8.858238155613007,6.0,2001.3785193976726,2003.4455967419574,2003.4182182340862,2003.4455967419574,2003.4182182340862,2003.4455967419574,2003.4457608896585,2003.4457608896585,2006.3640037201076,-0.00016414770107076038,0.00016414770107076038,False,False,0.027378507871162583,2.918242830449117,30.7
sim0006_ME,176,29.915730349075602,1,2sm,2.907280729213194,4.999999999999999,10.289935212817163,True,0.9992851064873651,8.858238155613007,7.0,2001.3785193976726,2003.4455967419574,2003.4182182340862,2003.4455967419574,2003.4182182340862,2003.4455967419574,2003.4457608896585,2003.4457608896585,2006.3640037201076,-0.00016414770107076038,0.00016414770107076038,False,False,0.027378507871162583,2.918242830449117,30.7
sim0006_ME,176,29.915730349075602,1,2sm,2.907280729213194,4.999999999999999,10.289935212817163,True,0.9992851064873651,8.858238155613007,8.0,2001.3785193976726,2003.4455967419574,2003.4182182340862,2003.4455967419574,2003.4182182340862,2003.4455967419574,2003.4457608896585,2003.4457608896585,2009.2672812027092,-0.00016414770107076038,0.00016414770107076038,False,False,0.027378507871162583,5.821520313050769,30.7
sim0006_ME,176,29.915730349075602,1,2sm,2.907280729213194,4.999999999999999,10.289935212817163,True,0.9992851064873651,8.858238155613007,9.0,2001.3785193976726,2003.4455967419574,2003.4182182340862,2003.4455967419574,2003.4182182340862,2003.4455967419574,2003.4457608896585,2003.4457608896585,2009.2672812027092,-0.00016414770107076038,0.00016414770107076038,False,False,0.027378507871162583,5.821520313050769,30.7
sim0006_ME,176,29.915730349075602,1,2sm,2.907280729213194,4.999999999999999,10.289935212817163,True,0.9992851064873651,8.858238155613007,10.0,2001.3785193976726,2003.4455967419574,2003.4182182340862,2003.4455967419574,2003.4182182340862,2003.4455967419574,2003.4457608896585,2003.4457608896585,2009.2672812027092,-0.00016414770107076038,0.00016414770107076038,False,False,0.027378507871162583,5.821520313050769,30.7
sim0006_ME,176,29.915730349075602,1,2sm,2.907280729213194,4.999999999999999,10.289935212817163,True,0.9992851064873651,8.858238155613007,10.702247200547845,2001.3785193976726,2003.4455967419574,2003.4182182340862,2003.4455967419574,2003.4182182340862,2003.4455967419574,2003.4457608896585,2003.4457608896585,2009.2672812027092,-0.00016414770107076038,0.00016414770107076038,False,False,0.027378507871162583,5.821520313050769,30.7
sim0007_K,176,29.915730349075602,0,2sm,5.636628633852398,4.999999999999999,5.3073800479613045,True,0.9965524091259897,4.6924562070669475,1.0,1993.1200924298428,1994.1194079671461,1994.1194079671461,1994.1194079671461,1994.1194079671461,1994.1194079671461,1993.2693243527035,1993.2543590048547,1993.3291857440975,0.8500836144426103,0.8500836144426103,False,False,0.0,0.0748267392427806,30.7
sim0007_K,176,29.915730349075602,0,2sm,5.636628633852398,4.999999999999999,5.3073800479613045,True,0.9965524091259897,4.6924562070669475,2.0,1993.1200924298428,1995.1050342505137,1995.1050342505137,1995.1050342505137,1995.1050342505137,1995.1050342505137,1993.2693243527035,1993.2543590048547,1993.3291857440975,1.8357098978101476,1.8357098978101476,False,False,0.0,0.0748267392427806,30.7
sim0007_K,176,29.915730349075602,0,2sm,5.636628633852398,4.999999999999999,5.3073800479613045,True,0.9965524091259897,4.6924562070669475,3.0,1993.1200924298428,1996.0359035181386,1996.0359035181386,1996.06328202601,1996.0085250102672,1996.0906605338812,1993.2693243527035,1993.2543590048547,1993.3291857440975,2.7665791654351324,2.7665791654351324,False,False,0.027378507871389957,0.0748267392427806,30.7
sim0007_K,176,29.915730349075602,0,2sm,5.636628633852398,4.999999999999999,5.3073800479613045,True,0.9965524091259897,4.6924562070669475,4.0,1993.1200924298428,1996.0359035181386,1996.0359035181386,1996.06328202601,1996.0085250102672,1996.0906605338812,1993.2693243527035,1993.2543590048547,1993.3291857440975,2.7665791654351324,2.7665791654351324,False,False,0.027378507871389957,0.0748267392427806,30.7
sim0007_K,176,29.915730349075602,0,2sm,5.636628633852398,4.999999999999999,5.3073800479613045,True,0.9965524091259897,4.6924562070669475,5.0,1993.1200924298428,1996.0359035181386,1996.0359035181386,1996.06328202601,1996.0085250102672,1996.0906605338812,1993.2693243527035,1993.2543590048547,1993.3291857440975,2.7665791654351324,2.7665791654351324,False,False,0.027378507871389957,0.0748267392427806,30.7
sim0007_K,176,29.915730349075602,0,2sm,5.636628633852398,4.999999999999999,5.3073800479613045,True,0.9965524091259897,4.6924562070669475,6.0,1993.1200924298428,1996.0359035181386,1996.0359035181386,1996.06328202601,1996.0085250102672,1996.0906605338812,1993.2693243527035,1993.2543590048547,1998.8214684044835,2.7665791654351324,2.7665791654351324,False,False,0.027378507871389957,5.567109399628862,30.7
sim0007_K,176,29.915730349075602,0,2sm,5.636628633852398,4.999999999999999,5.3073800479613045,True,0.9965524091259897,4.6924562070669475,7.0,1993.1200924298428,1996.0359035181386,1996.0359035181386,1996.06328202601,1996.0085250102672,1996.0906605338812,1993.2693243527035,1993.2543590048547,1998.8214684044835,2.7665791654351324,2.7665791654351324,False,False,0.027378507871389957,5.567109399628862,30.7
sim0007_K,176,29.915730349075602,0,2sm,5.636628633852398,4.999999999999999,5.3073800479613045,True,0.9965524091259897,4.6924562070669475,8.0,1993.1200924298428,1996.0359035181386,1996.0359035181386,1996.06328202601,1996.0085250102672,1996.0906605338812,1993.2693243527035,1993.2543590048547,1998.8214684044835,2.7665791654351324,2.7665791654351324,False,False,0.027378507871389957,5.567109399628862,30.7
sim0007_K,176,29.915730349075602,0,2sm,5.636628633852398,4.999999999999999,5.3073800479613045,True,0.9965524091259897,4.6924562070669475,9.0,1993.1200924298428,1996.0359035181386,1996.0359035181386,1996.06328202601,1996.0085250102672,1996.0906605338812,1998.8663644480287,1993.2693243527035,2001.7546765827815,-2.830460929890023,2.830460929890023,False,False,0.027378507871389957,8.485352230077979,30.7
sim0007_K,176,29.915730349075602,0,2sm,5.636628633852398,4.999999999999999,5.3073800479613045,True,0.9965524091259897,4.6924562070669475,10.0,1993.1200924298428,1996.0359035181386,1996.0359035181386,1996.06328202601,1996.0085250102672,1996.0906605338812,1998.8663644480287,1993.2693243527035,2001.7546765827815,-2.830460929890023,2.830460929890023,False,False,0.027378507871389957,8.485352230077979,30.7
sim0007_K,176,29.915730349075602,0,2sm,5.636628633852398,4.999999999999999,5.3073800479613045,True,0.9965524091259897,4.6924562070669475,11.0,1993.1200924298428,1996.0359035181386,1996.0359035181386,1996.06328202601,1996.0085250102672,1996.0906605338812,1998.8663644480287,1993.2693243527035,2001.7546765827815,-2.830460929890023,2.830460929890023,False,False,0.027378507871389957,8.485352230077979,30.7
sim0007_K,176,29.915730349075602,0,2sm,5.636628633852398,4.999999999999999,5.3073800479613045,True,0.9965524091259897,4.6924562070669475,12.0,1993.1200924298428,1996.0359035181386,1996.0359035181386,1996.06328202601,1996.0085250102672,1996.0906605338812,1998.8663644480287,1993.2693243527035,2001.7546765827815,-2.830460929890023,2.830460929890023,False,False,0.027378507871389957,8.485352230077979,30.7
sim0007_K,176,29.915730349075602,0,2sm,5.636628633852398,4.999999999999999,5.3073800479613045,True,0.9965524091259897,4.6924562070669475,13.0,1993.1200924298428,1996.0359035181386,1996.0359035181386,1996.06328202601,1996.0085250102672,1996.0906605338812,1998.8663644480287,1993.2693243527035,2001.7546765827815,-2.830460929890023,2.830460929890023,False,False,0.027378507871389957,8.485352230077979,30.7
sim0007_K,176,29.915730349075602,0,2sm,5.636628633852398,4.999999999999999,5.3073800479613045,True,0.9965524091259897,4.6924562070669475,14.0,1993.1200924298428,1996.0359035181386,1996.0359035181386,1996.06328202601,1996.0085250102672,1996.0906605338812,1998.8663644480287,1993.2693243527035,2001.7546765827815,-2.830460929890023,2.830460929890023,False,False,0.027378507871389957,8.485352230077979,30.7
sim0007_K,176,29.915730349075602,0,2sm,5.636628633852398,4.999999999999999,5.3073800479613045,True,0.9965524091259897,4.6924562070669475,15.0,1993.1200924298428,1996.0359035181386,1996.0359035181386,1996.06328202601,1996.0085250102672,1996.0906605338812,1998.9112604915738,1993.2693243527035,2001.7546765827815,-2.875356973435146,2.875356973435146,False,False,0.027378507871389957,8.485352230077979,30.7
sim0007_K,176,29.915730349075602,0,2sm,5.636628633852398,4.999999999999999,5.3073800479613045,True,0.9965524091259897,4.6924562070669475,16.0,1993.1200924298428,1996.0359035181386,1996.0359035181386,1996.06328202601,1996.0085250102672,1996.0906605338812,1998.9112604915738,1993.2693243527035,2001.7546765827815,-2.875356973435146,2.875356973435146,False,False,0.027378507871389957,8.485352230077979,30.7
sim0007_K,176,29.915730349075602,0,2sm,5.636628633852398,4.999999999999999,5.3073800479613045,True,0.9965524091259897,4.6924562070669475,17.0,1993.1200924298428,1996.0359035181386,1996.0359035181386,1996.06328202601,1996.0085250102672,1996.0906605338812,1998.9112604915738,1993.2693243527035,2001.7546765827815,-2.875356973435146,2.875356973435146,False,False,0.027378507871389957,8.485352230077979,30.7
sim0007_K,176,29.915730349075602,0,2sm,5.636628633852398,4.999999999999999,5.3073800479613045,True,0.9965524091259897,4.6924562070669475,18.0,1993.1200924298428,1996.0359035181386,1996.0359035181386,1996.06328202601,1996.0085250102672,1996.0906605338812,2001.7397112349327,1993.2693243527035,2010.2400288128592,-5.703807716794017,5.703807716794017,False,False,0.027378507871389957,16.97070446015573,30.7
sim0007_K,176,29.915730349075602,0,2sm,5.636628633852398,4.999999999999999,5.3073800479613045,True,0.9965524091259897,4.6924562070669475,18.960674168377636,1993.1200924298428,1996.0359035181386,1996.0359035181386,1996.06328202601,1996.0085250102672,1996.0906605338812,2001.7397112349327,1993.2693243527035,2010.2400288128592,-5.703807716794017,5.703807716794017,False,False,0.027378507871389957,16.97070446015573,30.7
sim0007_K,176,29.915730349075602,1,3sml,5.613518007075491,4.999999999999999,5.329230317132444,True,0.9988474514915527,3.464831514913212,1.0,1997.1650362491448,1997.2403271457908,1997.2403271457908,1997.2403271457908,1997.2403271457908,1997.2403271457908,1997.1752801411528,1997.1752801411528,1997.1752801411528,0.06504700463801782,0.06504700463801782,False,False,0.0,0.0,30.7
sim0007_K,176,29.915730349075602,1,3sml,5.613518007075491,4.999999999999999,5.329230317132444,True,0.9988474514915527,3.464831514913212,2.0,1997.1650362491448,1997.2403271457908,1997.2403271457908,1997.2403271457908,1997.2403271457908,1997.2403271457908,1997.1752801411528,1997.1752801411528,1997.1752801411528,0.06504700463801782,0.06504700463801782,False,False,0.0,0.0,30.7
sim0007_K,176,29.915730349075602,1,3sml,5.613518007075491,4.999999999999999,5.329230317132444,True,0.9988474514915527,3.464831514913212,3.0,1997.1650362491448,1997.2403271457908,1997.2403271457908,1997.2403271457908,1997.2403271457908,1997.2403271457908,1997.1752801411528,1997.1752801411528,1997.1752801411528,0.06504700463801782,0.06504700463801782,False,False,0.0,0.0,30.7
sim0007_K,176,29.915730349075602,1,3sml,5.613518007075491,4.999999999999999,5.329230317132444,True,0.9988474514915527,3.464831514913212,4.0,1997.1650362491448,2001.148609144422,2001.148609144422,2001.148609144422,1997.2403271457908,2001.148609144422,2001.1560626688436,2001.1560626688436,2001.1560626688436,-0.007453524421634938,0.007453524421634938,False,False,0.0,0.0,30.7
sim0007_K,176,29.915730349075602,1,3sml,5.613518007075491,4.999999999999999,5.329230317132444,True,0.9988474514915527,3.464831514913212,5.0,1997.1650362491448,2001.6140437782344,2001.6140437782344,2001.6414222861058,2001.5866652703633,2001.6688007939772,2001.4853003215094,2001.4853003215094,2001.4853003215094,0.12874345672503296,0.12874345672503296,False,False,0.027378507871389957,0.0,30.7
sim0007_K,176,29.915730349075602,1,3sml,5.613518007075491,4.999999999999999,5.329230317132444,True,0.9988474514915527,3.464831514913212,6.0,1997.1650362491448,2001.6140437782344,2001.6140437782344,2001.6414222861058,2001.5866652703633,2001.6688007939772,2001.4853003215094,2001.4853003215094,2001.4853003215094,0.12874345672503296,0.12874345672503296,False,False,0.027378507871389957,0.0,30.7
sim0007_K,176,29.915730349075602,1,3sml,5.613518007075491,4.999999999999999,5.329230317132444,True,0.9988474514915527,3.464831514913212,7.0,1997.1650362491448,2001.6140437782344,2001.6140437782344,2001.6414222861058,2001.5866652703633,2001.6688007939772,2001.4853003215094,2001.4853003215094,2001.4853003215094,0.12874345672503296,0.12874345672503296,False,False,0.027378507871389957,0.0,30.7
sim0007_K,176,29.915730349075602,1,3sml,5.613518007075491,4.999999999999999,5.329230317132444,True,0.9988474514915527,3.464831514913212,8.0,1997.1650362491448,2001.6140437782344,2001.6140437782344,2001.6414222861058,2001.5866652703633,2001.6688007939772,2001.4853003215094,2001.4853003215094,2001.4853003215094,0.12874345672503296,0.12874345672503296,False,False,0.027378507871389957,0.0,30.7
sim0007_K,176,29.915730349075602,1,3sml,5.613518007075491,4.999999999999999,5.329230317132444,True,0.9988474514915527,3.464831514913212,9.0,1997.1650362491448,2001.6140437782344,2001.6140437782344,2001.6414222861058,2001.5866652703633,2001.6688007939772,2001.4853003215094,2001.4853003215094,2001.4853003215094,0.12874345672503296,0.12874345672503296,False,False,0.027378507871389957,0.0,30.7
sim0007_K,176,29.915730349075602,1,3sml,5.613518007075491,4.999999999999999,5.329230317132444,True,0.9988474514915527,3.464831514913212,10.0,1997.1650362491448,2001.6140437782344,2001.6140437782344,2001.6414222861058,2001.5866652703633,2001.6688007939772,2001.4853003215094,2001.4853003215094,2001.4853003215094,0.12874345672503296,0.12874345672503296,False,False,0.027378507871389957,0.0,30.7
sim0007_K,176,29.915730349075602,1,3sml,5.613518007075491,4.999999999999999,5.329230317132444,True,0.9988474514915527,3.464831514913212,11.0,1997.1650362491448,2001.6140437782344,2001.6140437782344,2001.6414222861058,2001.5866652703633,2001.6688007939772,2007.2020631996224,2001.4853003215094,2007.2020631996224,-5.588019421388026,5.588019421388026,False,False,0.027378507871389957,5.716762878113059,30.7
sim0007_K,176,29.915730349075602,1,3sml,5.613518007075491,4.999999999999999,5.329230317132444,True,0.9988474514915527,3.464831514913212,12.0,1997.1650362491448,2001.6140437782344,2001.6140437782344,2001.6414222861058,2001.5866652703633,2001.6688007939772,2007.2020631996224,2001.4853003215094,2007.2020631996224,-5.588019421388026,5.588019421388026,False,False,0.027378507871389957,5.716762878113059,30.7
sim0007_K,176,29.915730349075602,1,3sml,5.613518007075491,4.999999999999999,5.329230317132444,True,0.9988474514915527,3.464831514913212,13.0,1997.1650362491448,2001.6140437782344,2001.6140437782344,2001.6414222861058,2001.5866652703633,2001.6688007939772,2007.2020631996224,2001.4853003215094,2007.2020631996224,-5.588019421388026,5.588019421388026,False,False,0.027378507871389957,5.716762878113059,30.7
sim0007_K,176,29.915730349075602,1,3sml,5.613518007075491,4.999999999999999,5.329230317132444,True,0.9988474514915527,3.464831514913212,14.0,1997.1650362491448,2001.6140437782344,2001.6140437782344,2001.6414222861058,2001.5866652703633,2001.6688007939772,2007.2020631996224,2001.4853003215094,2007.2020631996224,-5.588019421388026,5.588019421388026,False,False,0.027378507871389957,5.716762878113059,30.7
sim0007_K,176,29.915730349075602,1,3sml,5.613518007075491,4.999999999999999,5.329230317132444,True,0.9988474514915527,3.464831514913212,14.915730349075602,1997.1650362491448,2001.6140437782344,2001.6140437782344,2001.6414222861058,2001.5866652703633,2001.6688007939772,2007.2020631996224,2001.4853003215094,2007.2020631996224,-5.588019421388026,5.588019421388026,False,False,0.027378507871389957,5.716762878113059,30.7
sim0007_K,176,29.915730349075602,2,3sml,5.581020178037599,4.999999999999999,5.360261994178022,True,0.9946895591038812,4.123684254706746,1.0,2001.3785193976726,2001.4538102943188,2001.4538102943188,2001.4538102943188,2001.4538102943188,2001.4538102943188,2001.889364713418,2001.7097805392364,2001.9043300612668,-0.43555441909916226,0.43555441909916226,False,False,0.0,0.1945495220304565,30.7
sim0007_K,176,29.915730349075602,2,3sml,5.581020178037599,4.999999999999999,5.360261994178022,True,0.9946895591038812,4.123684254706746,2.0,2001.3785193976726,2001.4538102943188,2001.4538102943188,2001.4538102943188,2001.4538102943188,2001.4538102943188,2001.889364713418,2001.7097805392364,2001.9043300612668,-0.43555441909916226,0.43555441909916226,False,False,0.0,0.1945495220304565,30.7
sim0007_K,176,29.915730349075602,2,3sml,5.581020178037599,4.999999999999999,5.360261994178022,True,0.9946895591038812,4.123684254706746,3.0,2001.3785193976726,2001.4538102943188,2001.4538102943188,2001.4538102943188,2001.4538102943188,2001.4538102943188,2001.889364713418,2001.7097805392364,2001.9043300612668,-0.43555441909916226,0.43555441909916226,False,False,0.0,0.1945495220304565,30.7
sim0007_K,176,29.915730349075602,2,3sml,5.581020178037599,4.999999999999999,5.360261994178022,True,0.9946895591038812,4.123684254706746,4.0,2001.3785193976726,2001.4538102943188,2001.4538102943188,2001.4538102943188,2001.4538102943188,2001.4538102943188,2001.889364713418,2001.7097805392364,2001.9043300612668,-0.43555441909916226,0.43555441909916226,False,False,0.0,0.1945495220304565,30.7
sim0007_K,176,29.915730349075602,2,3sml,5.581020178037599,4.999999999999999,5.360261994178022,True,0.9946895591038812,4.123684254706746,5.0,2001.3785193976726,2001.4538102943188,2001.4538102943188,2001.4538102943188,2001.4538102943188,2001.4538102943188,2001.889364713418,2001.7097805392364,2001.9043300612668,-0.43555441909916226,0.43555441909916226,False,False,0.0,0.1945495220304565,30.7
sim0007_K,176,29.915730349075602,2,3sml,5.581020178037599,4.999999999999999,5.360261994178022,True,0.9946895591038812,4.123684254706746,6.0,2001.3785193976726,2001.4538102943188,2001.4538102943188,2001.4538102943188,2001.4538102943188,2001.4538102943188,2001.9192954091143,2001.782212822823,2007.1870978517736,-0.46548511479545596,0.46548511479545596,False,False,0.0,5.404885028950503,30.7
sim0007_K,176,29.915730349075602,2,3sml,5.581020178037599,4.999999999999999,5.360261994178022,True,0.9946895591038812,4.123684254706746,7.0,2001.3785193976726,2001.4538102943188,2001.4538102943188,2001.4538102943188,2001.4538102943188,2001.4538102943188,2001.9192954091143,2001.782212822823,2007.1870978517736,-0.46548511479545596,0.46548511479545596,False,False,0.0,5.404885028950503,30.7
sim0007_K,176,29.915730349075602,2,3sml,5.581020178037599,4.999999999999999,5.360261994178022,True,0.9946895591038812,4.123684254706746,8.0,2001.3785193976726,2001.4538102943188,2001.4538102943188,2001.4538102943188,2001.4538102943188,2001.4538102943188,2001.9192954091143,2001.782212822823,2007.1870978517736,-0.46548511479545596,0.46548511479545596,False,False,0.0,5.404885028950503,30.7
sim0007_K,176,29.915730349075602,2,3sml,5.581020178037599,4.999999999999999,5.360261994178022,True,0.9946895591038812,4.123684254706746,9.0,2001.3785193976726,2001.4538102943188,2001.4538102943188,2001.4538102943188,2001.4538102943188,2001.4538102943188,2001.9192954091143,2001.782212822823,2007.1870978517736,-0.46548511479545596,0.46548511479545596,False,False,0.0,5.404885028950503,30.7
sim0007_K,176,29.915730349075602,2,3sml,5.581020178037599,4.999999999999999,5.360261994178022,True,0.9946895591038812,4.123684254706746,10.0,2001.3785193976726,2001.4538102943188,2001.4538102943188,2001.4538102943188,2001.4538102943188,2001.4538102943188,2001.9192954091143,2001.782212822823,2007.1870978517736,-0.46548511479545596,0.46548511479545596,False,False,0.0,5.404885028950503,30.7
sim0007_K,176,29.915730349075602,2,3sml,5.581020178037599,4.999999999999999,5.360261994178022,True,0.9946895591038812,4.123684254706746,10.702247200547845,2001.3785193976726,2001.4538102943188,2001.4538102943188,2001.4538102943188,2001.4538102943188,2001.4538102943188,2001.9192954091143,2001.782212822823,2007.1870978517736,-0.46548511479545596,0.46548511479545596,False,False,0.0,5.404885028950503,30.7
sim0007_K,176,29.915730349075602,3,2sm,5.588895110347733,4.999999999999999,5.352709213255264,True,0.9897846911550494,4.710102387664292,1.0,2006.1818901848055,2006.9964007939775,2006.9964007939775,2006.9964007939775,2006.9142652703636,2007.0785363175914,2007.1721325039248,2007.1721325039248,2007.1721325039248,-0.1757317099472857,0.1757317099472857,False,False,0.0,0.0,30.7
sim0007_K,176,29.915730349075602,3,2sm,5.588895110347733,4.999999999999999,5.352709213255264,True,0.9897846911550494,4.710102387664292,2.0,2006.1818901848055,2006.9964007939775,2006.9964007939775,2006.9964007939775,2006.9142652703636,2007.0785363175914,2007.2020631996224,2007.2020631996224,2007.2020631996224,-0.20566240564494365,0.20566240564494365,False,False,0.0,0.0,30.7
sim0007_K,176,29.915730349075602,3,2sm,5.588895110347733,4.999999999999999,5.352709213255264,True,0.9897846911550494,4.710102387664292,3.0,2006.1818901848055,2006.9964007939775,2006.9964007939775,2006.9964007939775,2006.9142652703636,2007.0785363175914,2007.2020631996224,2007.2020631996224,2007.2020631996224,-0.20566240564494365,0.20566240564494365,False,False,0.0,0.0,30.7
sim0007_K,176,29.915730349075602,3,2sm,5.588895110347733,4.999999999999999,5.352709213255264,True,0.9897846911550494,4.710102387664292,4.0,2006.1818901848055,2006.9964007939775,2006.9964007939775,2006.9964007939775,2006.9142652703636,2007.0785363175914,2007.2020631996224,2007.2020631996224,2007.2020631996224,-0.20566240564494365,0.20566240564494365,False,False,0.0,0.0,30.7
sim0007_K,176,29.915730349075602,3,2sm,5.588895110347733,4.999999999999999,5.352709213255264,True,0.9897846911550494,4.710102387664292,5.0,2006.1818901848055,2006.9964007939775,2006.9964007939775,2006.9964007939775,2006.9142652703636,2007.0785363175914,2007.2020631996224,2007.2020631996224,2007.2020631996224,-0.20566240564494365,0.20566240564494365,False,False,0.0,0.0,30.7
sim0007_K,176,29.915730349075602,3,2sm,5.588895110347733,4.999999999999999,5.352709213255264,True,0.9897846911550494,4.710102387664292,5.898876413414882,2006.1818901848055,2006.9964007939775,2006.9964007939775,2006.9964007939775,2006.9142652703636,2007.0785363175914,2007.2020631996224,2007.2020631996224,2007.2020631996224,-0.20566240564494365,0.20566240564494365,False,False,0.0,0.0,30.7
sim0007_K,176,29.915730349075602,4,3sml,6.095984653673719,4.999999999999999,4.907448435101787,True,0.9918186882617893,4.274346866397051,1.0,2010.3953733333335,2011.3946888706369,2011.3946888706369,2011.3946888706369,2011.3946888706369,2011.3946888706369,2011.392360597191,2011.392360597191,2011.392360597191,0.002328273445755258,0.002328273445755258,False,False,0.0,0.0,30.7
sim0007_K,176,29.915730349075602,4,3sml,6.095984653673719,4.999999999999999,4.907448435101787,True,0.9918186882617893,4.274346866397051,1.6853932648868977,2010.3953733333335,2012.0791515674198,2012.0791515674198,2012.0791515674198,2012.0791515674198,2012.0791515674198,2011.6916675541606,2011.6916675541606,2011.6916675541606,0.3874840132591544,0.3874840132591544,False,False,0.0,0.0,30.7
sim0008_MM,176,29.915730349075602,0,3sml,7.669274204821183,4.999999999999999,3.9007250947253254,True,0.9945962014154475,6.679592993747973,1.0,1997.1650362491448,1997.2403271457908,1997.2403271457908,1997.2403271457908,1997.2403271457908,1997.2403271457908,1997.1752801411528,1997.1752801411528,1997.1752801411528,0.06504700463801782,0.06504700463801782,False,False,0.0,0.0,30.7
sim0008_MM,176,29.915730349075602,0,3sml,7.669274204821183,4.999999999999999,3.9007250947253254,True,0.9945962014154475,6.679592993747973,2.0,1997.1650362491448,1997.2403271457908,1997.2403271457908,1997.2403271457908,1997.2403271457908,1997.2403271457908,1997.1752801411528,1997.1752801411528,1997.1752801411528,0.06504700463801782,0.06504700463801782,False,False,0.0,0.0,30.7
sim0008_MM,176,29.915730349075602,0,3sml,7.669274204821183,4.999999999999999,3.9007250947253254,True,0.9945962014154475,6.679592993747973,3.0,1997.1650362491448,2000.1629828610544,2000.1629828610544,2000.1629828610544,2000.1629828610544,2000.1629828610544,2000.153384362996,2000.153384362996,2000.153384362996,0.009598498058494442,0.009598498058494442,False,False,0.0,0.0,30.7
sim0008_MM,176,29.915730349075602,0,3sml,7.669274204821183,4.999999999999999,3.9007250947253254,True,0.9945962014154475,6.679592993747973,4.0,1997.1650362491448,2001.148609144422,2001.148609144422,2001.148609144422,2001.148609144422,2001.148609144422,2001.1560626688436,2001.1560626688436,2001.1560626688436,-0.007453524421634938,0.007453524421634938,False,False,0.0,0.0,30.7
sim0008_MM,176,29.915730349075602,0,3sml,7.669274204821183,4.999999999999999,3.9007250947253254,True,0.9945962014154475,6.679592993747973,5.0,1997.1650362491448,2002.1616139356609,2002.1616139356609,2002.1616139356609,2002.1616139356609,2002.1616139356609,2002.15874097469,2002.15874097469,2002.15874097469,0.002872960970762506,0.002872960970762506,False,False,0.0,0.0,30.7
sim0008_MM,176,29.915730349075602,0,3sml,7.669274204821183,4.999999999999999,3.9007250947253254,True,0.9945962014154475,6.679592993747973,6.0,1997.1650362491448,2002.3258849828887,2002.2985064750176,2002.3532634907601,2002.2711279671462,2002.3806419986315,2002.5777707144473,2002.5628053665985,2002.5927360622961,-0.2518857315585592,0.2518857315585592,False,False,0.05475701574255254,0.02993069569765794,30.7
sim0008_MM,176,29.915730349075602,0,3sml,7.669274204821183,4.999999999999999,3.9007250947253254,True,0.9945962014154475,6.679592993747973,7.0,1997.1650362491448,2002.3258849828887,2002.2985064750176,2002.3532634907601,2002.2711279671462,2002.3806419986315,2002.5777707144473,2002.5628053665985,2002.5927360622961,-0.2518857315585592,0.2518857315585592,False,False,0.05475701574255254,0.02993069569765794,30.7
sim0008_MM,176,29.915730349075602,0,3sml,7.669274204821183,4.999999999999999,3.9007250947253254,True,0.9945962014154475,6.679592993747973,8.0,1997.1650362491448,2002.3258849828887,2002.2985064750176,2002.3532634907601,2002.2711279671462,2002.3806419986315,2002.5777707144473,2002.5628053665985,2002.5927360622961,-0.2518857315585592,0.2518857315585592,False,False,0.05475701574255254,0.02993069569765794,30.7
sim0008_MM,176,29.915730349075602,0,3sml,7.669274204821183,4.999999999999999,3.9007250947253254,True,0.9945962014154475,6.679592993747973,9.0,1997.1650362491448,2002.3258849828887,2002.2985064750176,2002.3532634907601,2002.2711279671462,2002.3806419986315,2002.5777707144473,2002.5628053665985,2002.5927360622961,-0.2518857315585592,0.2518857315585592,False,False,0.05475701574255254,0.02993069569765794,30.7
sim0008_MM,176,29.915730349075602,0,3sml,7.669274204821183,4.999999999999999,3.9007250947253254,True,0.9945962014154475,6.679592993747973,10.0,1997.1650362491448,2002.3258849828887,2002.2985064750176,2002.3532634907601,2002.2711279671462,2002.3806419986315,2002.5777707144473,2002.5628053665985,2002.5927360622961,-0.2518857315585592,0.2518857315585592,False,False,0.05475701574255254,0.02993069569765794,30.7
sim0008_MM,176,29.915730349075602,0,3sml,7.669274204821183,4.999999999999999,3.9007250947253254,True,0.9945962014154475,6.679592993747973,11.0,1997.1650362491448,2002.3258849828887,2002.2985064750176,2002.3532634907601,2002.2711279671462,2002.3806419986315,2002.5777707144473,2002.5628053665985,2002.5927360622961,-0.2518857315585592,0.2518857315585592,False,False,0.05475701574255254,0.02993069569765794,30.7
sim0008_MM,176,29.915730349075602,0,3sml,7.669274204821183,4.999999999999999,3.9007250947253254,True,0.9945962014154475,6.679592993747973,12.0,1997.1650362491448,2002.3258849828887,2002.2985064750176,2002.3532634907601,2002.2711279671462,2002.3806419986315,2002.5777707144473,2002.5628053665985,2002.5927360622961,-0.2518857315585592,0.2518857315585592,False,False,0.05475701574255254,0.02993069569765794,30.7
sim0008_MM,176,29.915730349075602,0,3sml,7.669274204821183,4.999999999999999,3.9007250947253254,True,0.9945962014154475,6.679592993747973,13.0,1997.1650362491448,2002.3258849828887,2002.2985064750176,2002.3532634907601,2002.2711279671462,2002.3806419986315,2002.5777707144473,2002.5628053665985,2002.5927360622961,-0.2518857315585592,0.2518857315585592,False,False,0.05475701574255254,0.02993069569765794,30.7
sim0008_MM,176,29.915730349075602,0,3sml,7.669274204821183,4.999999999999999,3.9007250947253254,True,0.9945962014154475,6.679592993747973,14.0,1997.1650362491448,2002.3258849828887,2002.2985064750176,2002.3532634907601,2002.2711279671462,2002.3806419986315,2010.3896822913448,2002.5777707144473,2010.419612987041,-8.06379730845606,8.06379730845606,False,False,0.05475701574255254,7.841842272593794,30.7
sim0008_MM,176,29.915730349075602,0,3sml,7.669274204821183,4.999999999999999,3.9007250947253254,True,0.9945962014154475,6.679592993747973,14.915730349075602,1997.1650362491448,2002.3258849828887,2002.2985064750176,2002.3532634907601,2002.2711279671462,2002.3806419986315,2010.3896822913448,2002.5777707144473,2010.419612987041,-8.06379730845606,8.06379730845606,False,False,0.05475701574255254,7.841842272593794,30.7
sim0008_MM,176,29.915730349075602,1,2sm,7.689745048720634,4.999999999999999,3.8903409878397426,True,0.9939167979246135,5.777340852800821,1.0,2001.3785193976726,2002.2751655304585,2002.2751655304585,2002.3573010540724,2002.1930300068445,2002.3573010540724,2002.368255844568,2002.368255844568,2002.368255844568,-0.09309031410953139,0.09309031410953139,False,False,0.0821355236139425,0.0,30.7
sim0008_MM,176,29.915730349075602,1,2sm,7.689745048720634,4.999999999999999,3.8903409878397426,True,0.9939167979246135,5.777340852800821,2.0,2001.3785193976726,2002.2751655304585,2002.2751655304585,2002.3573010540724,2002.1930300068445,2002.3573010540724,2002.6974934972352,2002.6974934972352,2002.7124588450827,-0.42232796677672013,0.42232796677672013,False,False,0.0821355236139425,0.014965347847464727,30.7
sim0008_MM,176,29.915730349075602,1,2sm,7.689745048720634,4.999999999999999,3.8903409878397426,True,0.9939167979246135,5.777340852800821,3.0,2001.3785193976726,2002.2751655304585,2002.2751655304585,2002.3573010540724,2002.1930300068445,2002.3573010540724,2002.6974934972352,2002.6974934972352,2002.7124588450827,-0.42232796677672013,0.42232796677672013,False,False,0.0821355236139425,0.014965347847464727,30.7
sim0008_MM,176,29.915730349075602,1,2sm,7.689745048720634,4.999999999999999,3.8903409878397426,True,0.9939167979246135,5.777340852800821,4.0,2001.3785193976726,2002.2751655304585,2002.2751655304585,2002.3573010540724,2002.1930300068445,2002.3573010540724,2002.6974934972352,2002.6974934972352,2002.7124588450827,-0.42232796677672013,0.42232796677672013,False,False,0.0821355236139425,0.014965347847464727,30.7
sim0008_MM,176,29.915730349075602,1,2sm,7.689745048720634,4.999999999999999,3.8903409878397426,True,0.9939167979246135,5.777340852800821,5.0,2001.3785193976726,2002.2751655304585,2002.2751655304585,2002.3573010540724,2002.1930300068445,2002.3573010540724,2002.6974934972352,2002.6974934972352,2002.7124588450827,-0.42232796677672013,0.42232796677672013,False,False,0.0821355236139425,0.014965347847464727,30.7
sim0008_MM,176,29.915730349075602,1,2sm,7.689745048720634,4.999999999999999,3.8903409878397426,True,0.9939167979246135,5.777340852800821,6.0,2001.3785193976726,2002.2751655304585,2002.2751655304585,2002.3573010540724,2002.1930300068445,2002.3573010540724,2002.6974934972352,2002.6974934972352,2002.7124588450827,-0.42232796677672013,0.42232796677672013,False,False,0.0821355236139425,0.014965347847464727,30.7
sim0008_MM,176,29.915730349075602,1,2sm,7.689745048720634,4.999999999999999,3.8903409878397426,True,0.9939167979246135,5.777340852800821,7.0,2001.3785193976726,2002.2751655304585,2002.2751655304585,2002.3573010540724,2002.1930300068445,2002.3573010540724,2002.6974934972352,2002.6974934972352,2002.7124588450827,-0.42232796677672013,0.42232796677672013,False,False,0.0821355236139425,0.014965347847464727,30.7
sim0008_MM,176,29.915730349075602,1,2sm,7.689745048720634,4.999999999999999,3.8903409878397426,True,0.9939167979246135,5.777340852800821,8.0,2001.3785193976726,2002.2751655304585,2002.2751655304585,2002.3573010540724,2002.1930300068445,2002.3573010540724,2002.6974934972352,2002.6974934972352,2002.7124588450827,-0.42232796677672013,0.42232796677672013,False,False,0.0821355236139425,0.014965347847464727,30.7
sim0008_MM,176,29.915730349075602,1,2sm,7.689745048720634,4.999999999999999,3.8903409878397426,True,0.9939167979246135,5.777340852800821,9.0,2001.3785193976726,2002.2751655304585,2002.2751655304585,2002.3573010540724,2002.1930300068445,2002.3573010540724,2002.6974934972352,2002.6974934972352,2002.7124588450827,-0.42232796677672013,0.42232796677672013,False,False,0.0821355236139425,0.014965347847464727,30.7
sim0008_MM,176,29.915730349075602,1,2sm,7.689745048720634,4.999999999999999,3.8903409878397426,True,0.9939167979246135,5.777340852800821,10.0,2001.3785193976726,2002.2751655304585,2002.2751655304585,2002.3573010540724,2002.1930300068445,2002.3573010540724,2010.4495436827385,2002.6974934972352,2010.4495436827385,-8.174378152280042,8.174378152280042,False,False,0.0821355236139425,7.752050185503322,30.7
sim0008_MM,176,29.915730349075602,1,2sm,7.689745048720634,4.999999999999999,3.8903409878397426,True,0.9939167979246135,5.777340852800821,10.702247200547845,2001.3785193976726,2002.2751655304585,2002.2751655304585,2002.3573010540724,2002.1930300068445,2002.3573010540724,2010.4495436827385,2002.6974934972352,2010.4495436827385,-8.174378152280042,8.174378152280042,False,False,0.0821355236139425,7.752050185503322,30.7
sim0008_MM,176,29.915730349075602,2,3sml,7.713307423359293,4.999999999999999,3.878456893663747,True,0.998838399760983,5.839172645403583,1.0,2006.1818901848055,2007.1812057221089,2007.1812057221089,2007.1812057221089,2007.1812057221089,2007.1812057221089,2007.1721325039248,2007.1721325039248,2007.1721325039248,0.009073218184084908,0.009073218184084908,False,False,0.0,0.0,30.7
sim0008_MM,176,29.915730349075602,2,3sml,7.713307423359293,4.999999999999999,3.878456893663747,True,0.998838399760983,5.839172645403583,2.0,2006.1818901848055,2008.1668320054764,2008.1668320054764,2008.1668320054764,2008.1668320054764,2008.1668320054764,2008.1748108097725,2008.1748108097725,2008.1748108097725,-0.007978804296044473,0.007978804296044473,False,False,0.0,0.0,30.7
sim0008_MM,176,29.915730349075602,2,3sml,7.713307423359293,4.999999999999999,3.878456893663747,True,0.998838399760983,5.839172645403583,3.0,2006.1818901848055,2009.1798367967153,2009.1798367967153,2009.1798367967153,2009.1798367967153,2009.1798367967153,2009.177489115619,2009.177489115619,2009.177489115619,0.0023476810963529715,0.0023476810963529715,False,False,0.0,0.0,30.7
sim0008_MM,176,29.915730349075602,2,3sml,7.713307423359293,4.999999999999999,3.878456893663747,True,0.998838399760983,5.839172645403583,4.0,2006.1818901848055,2010.1654630800829,2010.1380845722115,2010.1654630800829,2010.1107060643403,2010.1654630800829,2010.1203060300716,2010.1203060300716,2010.1203060300716,0.045157050011312094,0.045157050011312094,False,True,0.027378507871389957,0.0,30.7
sim0008_MM,176,29.915730349075602,2,3sml,7.713307423359293,4.999999999999999,3.878456893663747,True,0.998838399760983,5.839172645403583,5.0,2006.1818901848055,2010.1654630800829,2010.1380845722115,2010.1654630800829,2010.1107060643403,2010.1928415879543,2010.1203060300716,2010.1203060300716,2010.1203060300716,0.045157050011312094,0.045157050011312094,False,True,0.027378507871389957,0.0,30.7
sim0008_MM,176,29.915730349075602,2,3sml,7.713307423359293,4.999999999999999,3.878456893663747,True,0.998838399760983,5.839172645403583,5.898876413414882,2006.1818901848055,2010.1654630800829,2010.1380845722115,2010.1654630800829,2010.1107060643403,2010.1928415879543,2010.1203060300716,2010.1203060300716,2010.1203060300716,0.045157050011312094,0.045157050011312094,False,True,0.027378507871389957,0.0,30.7
sim0008_MM,176,29.915730349075602,3,3sml,7.704920493240126,4.999999999999999,3.882678656492565,True,0.9988184644613107,4.782869276520432,1.0,2010.3953733333335,2010.4706642299798,2010.4706642299798,2010.4706642299798,2010.4706642299798,2010.4706642299798,2010.4046476391923,2010.4046476391923,2010.4046476391923,0.06601659078751254,0.06601659078751254,False,False,0.0,0.0,30.7
sim0008_MM,176,29.915730349075602,3,3sml,7.704920493240126,4.999999999999999,3.882678656492565,True,0.9988184644613107,4.782869276520432,1.6853932648868977,2010.3953733333335,2010.4706642299798,2010.4706642299798,2010.4706642299798,2010.4706642299798,2010.4706642299798,2010.4046476391923,2010.4046476391923,2010.4046476391923,0.06601659078751254,0.06601659078751254,False,False,0.0,0.0,30.7
sim0009_ME,176,29.915730349075602,0,2sm,6.186025920424516,4.999999999999999,4.836017620020356,True,0.9986263212452207,8.9626326186469,1.0,2001.3785193976726,2001.4538102943188,2001.4538102943188,2001.4538102943188,2001.4538102943188,2001.4538102943188,2001.3805428865703,2001.3805428865703,2001.3805428865703,0.07326740774851714,0.07326740774851714,False,False,0.0,0.0,30.7
sim0009_ME,176,29.915730349075602,0,2sm,6.186025920424516,4.999999999999999,4.836017620020356,True,0.9986263212452207,8.9626326186469,2.0,2001.3785193976726,2003.3634612183434,2003.3634612183434,2003.3634612183434,2001.4538102943188,2003.3634612183434,2003.3709341504157,2003.3709341504157,2003.3709341504157,-0.007472932072232652,0.007472932072232652,False,False,0.0,0.0,30.7
sim0009_ME,176,29.915730349075602,0,2sm,6.186025920424516,4.999999999999999,4.836017620020356,True,0.9986263212452207,8.9626326186469,3.0,2001.3785193976726,2004.3764660095824,2004.3764660095824,2004.3764660095824,2004.3764660095824,2004.3764660095824,2004.3736124562622,2004.3736124562622,2004.3736124562622,0.0028535533201647922,0.0028535533201647922,False,False,0.0,0.0,30.7
sim0009_ME,176,29.915730349075602,0,2sm,6.186025920424516,4.999999999999999,4.836017620020356,True,0.9986263212452207,8.9626326186469,4.0,2001.3785193976726,2005.36209229295,2005.36209229295,2005.36209229295,2005.36209229295,2005.36209229295,2004.88243428311,2004.88243428311,2004.8973996309587,0.4796580098400227,0.4796580098400227,False,False,0.0,0.01496534784882897,30.7
sim0009_ME,176,29.915730349075602,0,2sm,6.186025920424516,4.999999999999999,4.836017620020356,True,0.9986263212452207,8.9626326186469,5.0,2001.3785193976726,2005.4442278165639,2005.4442278165639,2005.4716063244352,2005.4168493086927,2005.5681155646816,2004.88243428311,2004.88243428311,2004.8973996309587,0.5617935334539652,0.5617935334539652,False,False,0.027378507871389957,0.01496534784882897,30.7
sim0009_ME,176,29.915730349075602,0,2sm,6.186025920424516,4.999999999999999,4.836017620020356,True,0.9986263212452207,8.9626326186469,6.0,2001.3785193976726,2005.4442278165639,2005.4442278165639,2005.4716063244352,2005.4168493086927,2005.5681155646816,2004.88243428311,2004.88243428311,2004.8973996309587,0.5617935334539652,0.5617935334539652,False,False,0.027378507871389957,0.01496534784882897,30.7
sim0009_ME,176,29.915730349075602,0,2sm,6.186025920424516,4.999999999999999,4.836017620020356,True,0.9986263212452207,8.9626326186469,7.0,2001.3785193976726,2005.4442278165639,2005.4442278165639,2005.4716063244352,2005.4168493086927,2005.5681155646816,2004.88243428311,2004.88243428311,2004.8973996309587,0.5617935334539652,0.5617935334539652,False,False,0.027378507871389957,0.01496534784882897,30.7
sim0009_ME,176,29.915730349075602,0,2sm,6.186025920424516,4.999999999999999,4.836017620020356,True,0.9986263212452207,8.9626326186469,8.0,2001.3785193976726,2005.4442278165639,2005.4442278165639,2005.4716063244352,2005.4168493086927,2005.5681155646816,2004.88243428311,2004.88243428311,2004.8973996309587,0.5617935334539652,0.5617935334539652,False,False,0.027378507871389957,0.01496534784882897,30.7
sim0009_ME,176,29.915730349075602,0,2sm,6.186025920424516,4.999999999999999,4.836017620020356,True,0.9986263212452207,8.9626326186469,9.0,2001.3785193976726,2005.4442278165639,2005.4442278165639,2005.4716063244352,2005.4168493086927,2005.5681155646816,2004.88243428311,2004.88243428311,2004.8973996309587,0.5617935334539652,0.5617935334539652,False,False,0.027378507871389957,0.01496534784882897,30.7
sim0009_ME,176,29.915730349075602,0,2sm,6.186025920424516,4.999999999999999,4.836017620020356,True,0.9986263212452207,8.9626326186469,10.0,2001.3785193976726,2005.4442278165639,2005.4442278165639,2005.4716063244352,2005.4168493086927,2005.5681155646816,2004.8973996309587,2004.88243428311,2010.8985041181922,0.5468281856051362,0.5468281856051362,False,False,0.027378507871389957,6.016069835082362,30.7
sim0009_ME,176,29.915730349075602,0,2sm,6.186025920424516,4.999999999999999,4.836017620020356,True,0.9986263212452207,8.9626326186469,10.702247200547845,2001.3785193976726,2005.4442278165639,2005.4442278165639,2005.4716063244352,2005.4168493086927,2005.5681155646816,2004.8973996309587,2004.88243428311,2010.8985041181922,0.5468281856051362,0.5468281856051362,False,False,0.027378507871389957,6.016069835082362,30.7
sim0009_ME,176,29.915730349075602,1,3sml,6.113704998592739,4.999999999999999,4.893224379645672,True,0.9927304750152509,8.584534611450225,1.0,2006.1818901848055,2006.3393166050657,2006.3393166050657,2006.3393166050657,2006.3393166050657,2006.3393166050657,2006.1844195459257,2006.1844195459257,2006.1844195459257,0.15489705914001206,0.15489705914001206,False,False,0.0,0.0,30.7
sim0009_ME,176,29.915730349075602,1,3sml,6.113704998592739,4.999999999999999,4.893224379645672,True,0.9927304750152509,8.584534611450225,2.0,2006.1818901848055,2006.3393166050657,2006.3393166050657,2006.3393166050657,2006.3393166050657,2006.3393166050657,2006.1844195459257,2006.1844195459257,2006.1844195459257,0.15489705914001206,0.15489705914001206,False,False,0.0,0.0,30.7
sim0009_ME,176,29.915730349075602,1,3sml,6.113704998592739,4.999999999999999,4.893224379645672,True,0.9927304750152509,8.584534611450225,3.0,2006.1818901848055,2006.3393166050657,2006.3393166050657,2006.3393166050657,2006.3393166050657,2006.3393166050657,2006.1844195459257,2006.1844195459257,2006.1844195459257,0.15489705914001206,0.15489705914001206,False,False,0.0,0.0,30.7
sim0009_ME,176,29.915730349075602,1,3sml,6.113704998592739,4.999999999999999,4.893224379645672,True,0.9927304750152509,8.584534611450225,4.0,2006.1818901848055,2006.3393166050657,2006.3393166050657,2006.3393166050657,2006.3393166050657,2006.3393166050657,2010.1801674214653,2010.1801674214653,2010.1801674214653,-3.840850816399552,3.840850816399552,False,False,0.0,0.0,30.7
sim0009_ME,176,29.915730349075602,1,3sml,6.113704998592739,4.999999999999999,4.893224379645672,True,0.9927304750152509,8.584534611450225,5.0,2006.1818901848055,2006.3393166050657,2006.3393166050657,2006.3393166050657,2006.3393166050657,2006.3393166050657,2010.8685734224948,2010.8685734224948,2010.8685734224948,-4.529256817429086,4.529256817429086,False,False,0.0,0.0,30.7
sim0009_ME,176,29.915730349075602,1,3sml,6.113704998592739,4.999999999999999,4.893224379645672,True,0.9927304750152509,8.584534611450225,5.898876413414882,2006.1818901848055,2006.3393166050657,2006.3393166050657,2006.3393166050657,2006.3393166050657,2006.3393166050657,2010.8685734224948,2010.8685734224948,2010.8685734224948,-4.529256817429086,4.529256817429086,False,False,0.0,0.0,30.7
sim0009_ME,176,29.915730349075602,2,2sm,6.1476052685970926,4.999999999999999,4.866241250375935,True,0.9976371083297871,8.834783904258831,1.0,2010.3953733333335,2011.2920194661194,2011.2920194661194,2011.2920194661194,2011.2098839425055,2011.2920194661194,2010.9284348138885,2010.9284348138885,2010.9434001617374,0.3635846522308839,0.3635846522308839,False,False,0.0,0.01496534784882897,30.7
sim0009_ME,176,29.915730349075602,2,2sm,6.1476052685970926,4.999999999999999,4.866241250375935,True,0.9976371083297871,8.834783904258831,1.6853932648868977,2010.3953733333335,2011.2920194661194,2011.2920194661194,2011.2920194661194,2011.2098839425055,2011.2920194661194,2010.9284348138885,2010.9284348138885,2010.9434001617374,0.3635846522308839,0.3635846522308839,False,False,0.0,0.01496534784882897,30.7
sim0010_ME,176,29.915730349075602,0,3sml,3.097878165639972,1.1747336589930824,9.656845346884548,True,0.9945835274015136,5.778470989473565,1.0,1993.1200924298428,1993.195383326489,1993.195383326489,1993.195383326489,1993.195383326489,1993.195383326489,1993.1346362220668,1993.1346362220668,1993.1346362220668,0.060747104422262055,0.060747104422262055,False,False,0.0,0.0,30.7
sim0010_ME,176,29.915730349075602,0,3sml,3.097878165639972,1.1747336589930824,9.656845346884548,True,0.9945835274015136,5.778470989473565,2.0,1993.1200924298428,1993.195383326489,1993.195383326489,1995.1050342505137,1993.195383326489,1995.1050342505137,1993.1346362220668,1993.1346362220668,1993.1346362220668,0.060747104422262055,0.060747104422262055,False,False,1.9096509240246178,0.0,30.7
sim0010_ME,176,29.915730349075602,0,3sml,3.097878165639972,1.1747336589930824,9.656845346884548,True,0.9945835274015136,5.778470989473565,3.0,1993.1200924298428,1993.195383326489,1993.195383326489,1995.5704688843261,1993.195383326489,1995.5978473921975,1993.1346362220668,1993.1346362220668,1993.1346362220668,0.060747104422262055,0.060747104422262055,False,False,2.37508555783711,0.0,30.7
sim0010_ME,176,29.915730349075602,0,3sml,3.097878165639972,1.1747336589930824,9.656845346884548,True,0.9945835274015136,5.778470989473565,4.0,1993.1200924298428,1993.195383326489,1993.195383326489,1995.5704688843261,1993.195383326489,1995.5978473921975,1993.1346362220668,1993.1346362220668,1993.1346362220668,0.060747104422262055,0.060747104422262055,False,False,2.37508555783711,0.0,30.7
sim0010_ME,176,29.915730349075602,0,3sml,3.097878165639972,1.1747336589930824,9.656845346884548,True,0.9945835274015136,5.778470989473565,5.0,1993.1200924298428,1993.195383326489,1993.195383326489,1995.5704688843261,1993.195383326489,1995.5978473921975,1993.1346362220668,1993.1346362220668,1993.1346362220668,0.060747104422262055,0.060747104422262055,False,False,2.37508555783711,0.0,30.7
sim0010_ME,176,29.915730349075602,0,3sml,3.097878165639972,1.1747336589930824,9.656845346884548,True,0.9945835274015136,5.778470989473565,6.0,1993.1200924298428,1993.195383326489,1993.195383326489,1995.5704688843261,1993.195383326489,1995.5978473921975,1999.1058100136042,1993.1346362220668,1999.1058100136042,-5.910426687115205,5.910426687115205,False,False,2.37508555783711,5.971173791537467,30.7
sim0010_ME,176,29.915730349075602,0,3sml,3.097878165639972,1.1747336589930824,9.656845346884548,True,0.9945835274015136,5.778470989473565,7.0,1993.1200924298428,1993.195383326489,1993.195383326489,1995.5704688843261,1993.195383326489,1995.5978473921975,1999.3302902313312,1999.3003595356336,1999.3775807305321,-6.1349069048421825,6.1349069048421825,False,False,2.37508555783711,0.07722119489858414,30.7
sim0010_ME,176,29.915730349075602,0,3sml,3.097878165639972,1.1747336589930824,9.656845346884548,True,0.9945835274015136,5.778470989473565,8.0,1993.1200924298428,1993.195383326489,1993.195383326489,1995.5704688843261,1993.195383326489,1995.5978473921975,1999.3302902313312,1999.3003595356336,1999.3775807305321,-6.1349069048421825,6.1349069048421825,False,False,2.37508555783711,0.07722119489858414,30.7
sim0010_ME,176,29.915730349075602,0,3sml,3.097878165639972,1.1747336589930824,9.656845346884548,True,0.9945835274015136,5.778470989473565,9.0,1993.1200924298428,1993.195383326489,1993.195383326489,1995.5704688843261,1993.195383326489,1995.5978473921975,1999.3302902313312,1999.3003595356336,1999.3775807305321,-6.1349069048421825,6.1349069048421825,False,False,2.37508555783711,0.07722119489858414,30.7
sim0010_ME,176,29.915730349075602,0,3sml,3.097878165639972,1.1747336589930824,9.656845346884548,True,0.9945835274015136,5.778470989473565,10.0,1993.1200924298428,1993.195383326489,1993.195383326489,1995.5704688843261,1993.195383326489,1995.5978473921975,1999.3302902313312,1999.3003595356336,1999.3775807305321,-6.1349069048421825,6.1349069048421825,False,False,2.37508555783711,0.07722119489858414,30.7
sim0010_ME,176,29.915730349075602,0,3sml,3.097878165639972,1.1747336589930824,9.656845346884548,True,0.9945835274015136,5.778470989473565,11.0,1993.1200924298428,1993.195383326489,1993.195383326489,1995.5704688843261,1993.195383326489,1995.5978473921975,1999.3302902313312,1999.3003595356336,1999.3775807305321,-6.1349069048421825,6.1349069048421825,False,False,2.37508555783711,0.07722119489858414,30.7
sim0010_ME,176,29.915730349075602,0,3sml,3.097878165639972,1.1747336589930824,9.656845346884548,True,0.9945835274015136,5.778470989473565,12.0,1993.1200924298428,1993.195383326489,1993.195383326489,1995.5704688843261,1993.195383326489,1995.5978473921975,1999.3302902313312,1999.3003595356336,1999.3775807305321,-6.1349069048421825,6.1349069048421825,False,False,2.37508555783711,0.07722119489858414,30.7
sim0010_ME,176,29.915730349075602,0,3sml,3.097878165639972,1.1747336589930824,9.656845346884548,True,0.9945835274015136,5.778470989473565,13.0,1993.1200924298428,1993.195383326489,1993.195383326489,1995.5704688843261,1993.195383326489,1995.5978473921975,1999.4051169705726,1999.3003595356336,2005.7552133696324,-6.209733644083599,6.209733644083599,False,False,2.37508555783711,6.454853833998868,30.7
sim0010_ME,176,29.915730349075602,0,3sml,3.097878165639972,1.1747336589930824,9.656845346884548,True,0.9945835274015136,5.778470989473565,14.0,1993.1200924298428,1993.195383326489,1993.195383326489,1995.5704688843261,1993.195383326489,1995.5978473921975,1999.4051169705726,1999.3003595356336,2005.7552133696324,-6.209733644083599,6.209733644083599,False,False,2.37508555783711,6.454853833998868,30.7
sim0010_ME,176,29.915730349075602,0,3sml,3.097878165639972,1.1747336589930824,9.656845346884548,True,0.9945835274015136,5.778470989473565,15.0,1993.1200924298428,1993.195383326489,1993.195383326489,1995.5704688843261,1993.195383326489,1995.5978473921975,1999.4051169705726,1999.3003595356336,2005.7552133696324,-6.209733644083599,6.209733644083599,False,False,2.37508555783711,6.454853833998868,30.7
sim0010_ME,176,29.915730349075602,0,3sml,3.097878165639972,1.1747336589930824,9.656845346884548,True,0.9945835274015136,5.778470989473565,16.0,1993.1200924298428,1993.195383326489,1993.195383326489,1995.5704688843261,1993.195383326489,1995.5978473921975,1999.4051169705726,1999.3003595356336,2005.7803551540185,-6.209733644083599,6.209733644083599,False,False,2.37508555783711,6.479995618384919,30.7
sim0010_ME,176,29.915730349075602,0,3sml,3.097878165639972,1.1747336589930824,9.656845346884548,True,0.9945835274015136,5.778470989473565,17.0,1993.1200924298428,1993.195383326489,1993.195383326489,1995.5704688843261,1993.195383326489,1995.5978473921975,1999.4051169705726,1999.3003595356336,2005.7803551540185,-6.209733644083599,6.209733644083599,False,False,2.37508555783711,6.479995618384919,30.7
sim0010_ME,176,29.915730349075602,0,3sml,3.097878165639972,1.1747336589930824,9.656845346884548,True,0.9945835274015136,5.778470989473565,18.0,1993.1200924298428,1993.195383326489,1993.195383326489,1995.5704688843261,1993.195383326489,1995.5978473921975,1999.4051169705726,1999.3003595356336,2005.7803551540185,-6.209733644083599,6.209733644083599,False,False,2.37508555783711,6.479995618384919,30.7
sim0010_ME,176,29.915730349075602,0,3sml,3.097878165639972,1.1747336589930824,9.656845346884548,True,0.9945835274015136,5.778470989473565,18.960674168377636,1993.1200924298428,1993.195383326489,1993.195383326489,1995.5704688843261,1993.195383326489,1995.5978473921975,1999.4051169705726,1999.3003595356336,2005.7803551540185,-6.209733644083599,6.209733644083599,False,False,2.37508555783711,6.479995618384919,30.7
sim0010_ME,176,29.915730349075602,1,3sml,4.027355967659715,1.0,7.428131654937755,True,0.9977283257568722,6.129958029534027,1.0,1997.1650362491448,1997.2403271457908,1997.2403271457908,1997.2403271457908,1997.2403271457908,1997.2403271457908,1997.1752801411528,1997.1752801411528,1997.1752801411528,0.06504700463801782,0.06504700463801782,False,False,0.0,0.0,30.7
sim0010_ME,176,29.915730349075602,1,3sml,4.027355967659715,1.0,7.428131654937755,True,0.9977283257568722,6.129958029534027,2.0,1997.1650362491448,1999.1499780698157,1999.1499780698157,1999.1499780698157,1999.1499780698157,1999.1499780698157,1997.1752801411528,1997.1752801411528,1997.1752801411528,1.974697928662863,1.974697928662863,False,False,0.0,0.0,30.7
sim0010_ME,176,29.915730349075602,1,3sml,4.027355967659715,1.0,7.428131654937755,True,0.9977283257568722,6.129958029534027,3.0,1997.1650362491448,2000.1356043531832,2000.0808473374404,2000.1629828610544,2000.0808473374404,2000.1629828610544,1997.1752801411528,1997.1752801411528,1997.1752801411528,2.9603242120304003,2.9603242120304003,False,False,0.0821355236139425,0.0,30.7
sim0010_ME,176,29.915730349075602,1,3sml,4.027355967659715,1.0,7.428131654937755,True,0.9977283257568722,6.129958029534027,4.0,1997.1650362491448,2000.1356043531832,2000.0808473374404,2000.1903613689258,2000.0808473374404,2000.2177398767972,2000.8717210597229,2000.8717210597229,2000.8866864075703,-0.736116706539633,0.736116706539633,False,False,0.10951403148533245,0.014965347847464727,30.7
sim0010_ME,176,29.915730349075602,1,3sml,4.027355967659715,1.0,7.428131654937755,True,0.9977283257568722,6.129958029534027,5.0,1997.1650362491448,2000.1356043531832,2000.0808473374404,2000.1903613689258,2000.0808473374404,2000.2177398767972,2000.8717210597229,2000.8717210597229,2000.8866864075703,-0.736116706539633,0.736116706539633,False,False,0.10951403148533245,0.014965347847464727,30.7
sim0010_ME,176,29.915730349075602,1,3sml,4.027355967659715,1.0,7.428131654937755,True,0.9977283257568722,6.129958029534027,6.0,1997.1650362491448,2000.1356043531832,2000.0808473374404,2000.1903613689258,2000.0808473374404,2000.2177398767972,2000.8717210597229,2000.8717210597229,2000.8866864075703,-0.736116706539633,0.736116706539633,False,False,0.10951403148533245,0.014965347847464727,30.7
sim0010_ME,176,29.915730349075602,1,3sml,4.027355967659715,1.0,7.428131654937755,True,0.9977283257568722,6.129958029534027,7.0,1997.1650362491448,2000.1356043531832,2000.0808473374404,2000.1903613689258,2000.0808473374404,2000.2177398767972,2000.8717210597229,2000.8717210597229,2000.8866864075703,-0.736116706539633,0.736116706539633,False,False,0.10951403148533245,0.014965347847464727,30.7
sim0010_ME,176,29.915730349075602,1,3sml,4.027355967659715,1.0,7.428131654937755,True,0.9977283257568722,6.129958029534027,8.0,1997.1650362491448,2000.1356043531832,2000.0808473374404,2000.1903613689258,2000.0808473374404,2000.2177398767972,2000.8717210597229,2000.8717210597229,2000.8866864075703,-0.736116706539633,0.736116706539633,False,False,0.10951403148533245,0.014965347847464727,30.7
sim0010_ME,176,29.915730349075602,1,3sml,4.027355967659715,1.0,7.428131654937755,True,0.9977283257568722,6.129958029534027,9.0,1997.1650362491448,2000.1356043531832,2000.0808473374404,2000.1903613689258,2000.0808473374404,2000.2177398767972,2001.0213745382068,2000.8717210597229,2005.3463600664122,-0.8857701850236026,0.8857701850236026,False,False,0.10951403148533245,4.474639006689358,30.7
sim0010_ME,176,29.915730349075602,1,3sml,4.027355967659715,1.0,7.428131654937755,True,0.9977283257568722,6.129958029534027,10.0,1997.1650362491448,2000.1356043531832,2000.0808473374404,2000.1903613689258,2000.0808473374404,2000.2177398767972,2001.0213745382068,2000.8717210597229,2005.3463600664122,-0.8857701850236026,0.8857701850236026,False,False,0.10951403148533245,4.474639006689358,30.7
sim0010_ME,176,29.915730349075602,1,3sml,4.027355967659715,1.0,7.428131654937755,True,0.9977283257568722,6.129958029534027,11.0,1997.1650362491448,2000.1356043531832,2000.0808473374404,2000.1903613689258,2000.0808473374404,2000.2177398767972,2001.0213745382068,2000.8717210597229,2005.3463600664122,-0.8857701850236026,0.8857701850236026,False,False,0.10951403148533245,4.474639006689358,30.7
sim0010_ME,176,29.915730349075602,1,3sml,4.027355967659715,1.0,7.428131654937755,True,0.9977283257568722,6.129958029534027,12.0,1997.1650362491448,2000.1356043531832,2000.0808473374404,2000.1903613689258,2000.0808473374404,2000.2177398767972,2001.0213745382068,2000.8717210597229,2005.3463600664122,-0.8857701850236026,0.8857701850236026,False,False,0.10951403148533245,4.474639006689358,30.7
sim0010_ME,176,29.915730349075602,1,3sml,4.027355967659715,1.0,7.428131654937755,True,0.9977283257568722,6.129958029534027,13.0,1997.1650362491448,2000.1356043531832,2000.0808473374404,2000.1903613689258,2000.0808473374404,2000.2177398767972,2005.3463600664122,2000.8717210597229,2009.8060337252543,-5.210755713228991,5.210755713228991,False,False,0.10951403148533245,8.934312665531479,30.7
sim0010_ME,176,29.915730349075602,1,3sml,4.027355967659715,1.0,7.428131654937755,True,0.9977283257568722,6.129958029534027,14.0,1997.1650362491448,2000.1356043531832,2000.0808473374404,2000.1903613689258,2000.0808473374404,2000.2177398767972,2005.3463600664122,2000.8717210597229,2009.8060337252543,-5.210755713228991,5.210755713228991,False,False,0.10951403148533245,8.934312665531479,30.7
sim0010_ME,176,29.915730349075602,1,3sml,4.027355967659715,1.0,7.428131654937755,True,0.9977283257568722,6.129958029534027,14.915730349075602,1997.1650362491448,2000.1356043531832,2000.0808473374404,2000.1903613689258,2000.0808473374404,2000.2177398767972,2005.3463600664122,2000.8717210597229,2009.8060337252543,-5.210755713228991,5.210755713228991,False,False,0.10951403148533245,8.934312665531479,30.7
sim0010_ME,176,29.915730349075602,2,3sml,2.076459804563608,3.1139886058427435,14.407083769850646,True,0.986782063879877,4.863897560663745,1.0,2006.1818901848055,2006.2571810814518,2006.2571810814518,2006.2571810814518,2006.2571810814518,2006.2571810814518,2006.1844195459257,2006.1844195459257,2006.1844195459257,0.07276153552606957,0.07276153552606957,False,False,0.0,0.0,30.7
sim0010_ME,176,29.915730349075602,2,3sml,2.076459804563608,3.1139886058427435,14.407083769850646,True,0.986782063879877,4.863897560663745,2.0,2006.1818901848055,2007.8382899110206,2007.8382899110206,2007.8656684188918,2006.2571810814518,2007.8656684188918,2007.7857117657113,2007.7707464178638,2007.7857117657113,0.05257814530932592,0.05257814530932592,False,True,0.027378507871162583,0.014965347847464727,30.7
sim0010_ME,176,29.915730349075602,2,3sml,2.076459804563608,3.1139886058427435,14.407083769850646,True,0.986782063879877,4.863897560663745,3.0,2006.1818901848055,2007.8382899110206,2007.8382899110206,2007.8656684188918,2006.2571810814518,2007.8656684188918,2007.7857117657113,2007.7707464178638,2007.7857117657113,0.05257814530932592,0.05257814530932592,False,True,0.027378507871162583,0.014965347847464727,30.7
sim0010_ME,176,29.915730349075602,2,3sml,2.076459804563608,3.1139886058427435,14.407083769850646,True,0.986782063879877,4.863897560663745,4.0,2006.1818901848055,2007.8382899110206,2007.8382899110206,2007.8656684188918,2006.2571810814518,2007.8656684188918,2007.8006771135601,2007.7857117657113,2009.6713455946178,0.03761279746049695,0.03761279746049695,False,True,0.027378507871162583,1.8856338289065206,30.7
sim0010_ME,176,29.915730349075602,2,3sml,2.076459804563608,3.1139886058427435,14.407083769850646,True,0.986782063879877,4.863897560663745,5.0,2006.1818901848055,2007.8382899110206,2007.8382899110206,2007.8656684188918,2006.2571810814518,2007.8656684188918,2007.8006771135601,2007.7857117657113,2009.6713455946178,0.03761279746049695,0.03761279746049695,False,True,0.027378507871162583,1.8856338289065206,30.7
sim0010_ME,176,29.915730349075602,2,3sml,2.076459804563608,3.1139886058427435,14.407083769850646,True,0.986782063879877,4.863897560663745,5.898876413414882,2006.1818901848055,2007.8382899110206,2007.8382899110206,2007.8656684188918,2006.2571810814518,2007.8656684188918,2009.6713455946178,2007.7857117657113,2011.5569794235241,-1.8330556835971947,1.8330556835971947,False,False,0.027378507871162583,3.771267657812814,30.7
sim0010_ME,176,29.915730349075602,3,3sml,4.015509681381903,1.0,7.450045628773173,True,0.9952655865173509,6.734949014798293,1.0,2010.3953733333335,2010.4706642299798,2010.4706642299798,2010.4706642299798,2010.4706642299798,2010.4706642299798,2011.287603162252,2011.287603162252,2011.3025685101009,-0.8169389322722509,0.8169389322722509,False,False,0.0,0.01496534784882897,30.7
sim0010_ME,176,29.915730349075602,3,3sml,4.015509681381903,1.0,7.450045628773173,True,0.9952655865173509,6.734949014798293,1.6853932648868977,2010.3953733333335,2010.4706642299798,2010.4706642299798,2010.4706642299798,2010.4706642299798,2010.4706642299798,2011.287603162252,2011.287603162252,2011.3025685101009,-0.8169389322722509,0.8169389322722509,False,False,0.0,0.01496534784882897,30.7
sim0011_K,176,29.915730349075602,0,3sml,6.415219084565585,4.999999999999999,4.663243757496925,True,0.994139184597482,0.8752682218707205,1.0,1993.1200924298428,1993.195383326489,1993.195383326489,1993.606060944559,1993.195383326489,1993.9387098151954,1993.568631309673,1993.568631309673,1993.568631309673,-0.373247983184001,0.373247983184001,True,True,0.41067761806993985,0.0,30.7
sim0011_K,176,29.915730349075602,0,3sml,6.415219084565585,4.999999999999999,4.663243757496925,True,0.994139184597482,0.8752682218707205,2.0,1993.1200924298428,1993.4417898973309,1993.195383326489,1995.1050342505137,1993.195383326489,1995.1050342505137,1993.568631309673,1993.568631309673,1993.568631309673,-0.1268414123421735,0.1268414123421735,True,True,1.9096509240246178,0.0,30.7
sim0011_K,176,29.915730349075602,0,3sml,6.415219084565585,4.999999999999999,4.663243757496925,True,0.994139184597482,0.8752682218707205,3.0,1993.1200924298428,1993.606060944559,1993.195383326489,1996.1180390417526,1993.195383326489,1996.1180390417526,1993.568631309673,1993.568631309673,1993.568631309673,0.03742963488593887,0.03742963488593887,True,True,2.922655715263545,0.0,30.7
sim0011_K,176,29.915730349075602,0,3sml,6.415219084565585,4.999999999999999,4.663243757496925,True,0.994139184597482,0.8752682218707205,4.0,1993.1200924298428,1993.688196468173,1993.195383326489,1997.1036653251201,1993.195383326489,1997.1036653251201,1993.568631309673,1993.568631309673,1993.568631309673,0.11956515849988136,0.11956515849988136,True,True,3.9082819986310824,0.0,30.7
sim0011_K,176,29.915730349075602,0,3sml,6.415219084565585,4.999999999999999,4.663243757496925,True,0.994139184597482,0.8752682218707205,5.0,1993.1200924298428,1993.688196468173,1993.195383326489,1997.2953148802194,1993.195383326489,1998.116670116359,1998.1180970556054,1998.1180970556054,1998.1180970556054,-4.429900587432485,4.429900587432485,False,False,4.099931553730357,0.0,30.7
sim0011_K,176,29.915730349075602,0,3sml,6.415219084565585,4.999999999999999,4.663243757496925,True,0.994139184597482,0.8752682218707205,6.0,1993.1200924298428,1993.688196468173,1993.195383326489,1997.3226933880908,1993.195383326489,1999.1022963997266,1998.2078891426956,1998.2078891426956,1998.2228544905443,-4.51969267452273,4.51969267452273,False,True,4.127310061601747,0.014965347848601596,30.7
sim0011_K,176,29.915730349075602,0,3sml,6.415219084565585,4.999999999999999,4.663243757496925,True,0.994139184597482,0.8752682218707205,7.0,1993.1200924298428,1993.688196468173,1993.195383326489,1997.3226933880908,1993.195383326489,2000.1153011909655,1998.2078891426956,1998.2078891426956,1998.2228544905443,-4.51969267452273,4.51969267452273,False,True,4.127310061601747,0.014965347848601596,30.7
sim0011_K,176,29.915730349075602,0,3sml,6.415219084565585,4.999999999999999,4.663243757496925,True,0.994139184597482,0.8752682218707205,8.0,1993.1200924298428,1993.688196468173,1993.195383326489,1997.3226933880908,1993.195383326489,2001.100927474333,1998.2078891426956,1998.2078891426956,1998.2228544905443,-4.51969267452273,4.51969267452273,False,True,4.127310061601747,0.014965347848601596,30.7
sim0011_K,176,29.915730349075602,0,3sml,6.415219084565585,4.999999999999999,4.663243757496925,True,0.994139184597482,0.8752682218707205,9.0,1993.1200924298428,1993.72926422998,1993.195383326489,1997.3226933880908,1993.195383326489,2002.113932265572,1998.2078891426956,1998.2078891426956,1998.2228544905443,-4.478624912715759,4.478624912715759,False,True,4.127310061601747,0.014965347848601596,30.7
sim0011_K,176,29.915730349075602,0,3sml,6.415219084565585,4.999999999999999,4.663243757496925,True,0.994139184597482,0.8752682218707205,10.0,1993.1200924298428,1993.72926422998,1993.195383326489,1997.3226933880908,1993.195383326489,2003.0995585489395,1998.2078891426956,1998.2078891426956,1998.2228544905443,-4.478624912715759,4.478624912715759,False,True,4.127310061601747,0.014965347848601596,30.7
sim0011_K,176,29.915730349075602,0,3sml,6.415219084565585,4.999999999999999,4.663243757496925,True,0.994139184597482,0.8752682218707205,11.0,1993.1200924298428,1993.72926422998,1993.195383326489,1997.3226933880908,1993.195383326489,2004.1125633401782,1998.2078891426956,1998.2078891426956,1998.2228544905443,-4.478624912715759,4.478624912715759,False,True,4.127310061601747,0.014965347848601596,30.7
sim0011_K,176,29.915730349075602,0,3sml,6.415219084565585,4.999999999999999,4.663243757496925,True,0.994139184597482,0.8752682218707205,12.0,1993.1200924298428,1993.72926422998,1993.195383326489,1997.3226933880908,1993.195383326489,2005.098189623546,1998.2078891426956,1998.2078891426956,1998.2228544905443,-4.478624912715759,4.478624912715759,False,True,4.127310061601747,0.014965347848601596,30.7
sim0011_K,176,29.915730349075602,0,3sml,6.415219084565585,4.999999999999999,4.663243757496925,True,0.994139184597482,0.8752682218707205,13.0,1993.1200924298428,1993.72926422998,1993.195383326489,1997.3226933880908,1993.195383326489,2006.1111944147847,1998.2078891426956,1998.2078891426956,1998.2228544905443,-4.478624912715759,4.478624912715759,False,True,4.127310061601747,0.014965347848601596,30.7
sim0011_K,176,29.915730349075602,0,3sml,6.415219084565585,4.999999999999999,4.663243757496925,True,0.994139184597482,0.8752682218707205,14.0,1993.1200924298428,1993.72926422998,1993.195383326489,1997.3226933880908,1993.195383326489,2007.0968206981522,2006.2293155894722,1998.2228544905443,2006.2293155894722,-12.500051359492318,12.500051359492318,False,True,4.127310061601747,8.006461098927957,30.7
sim0011_K,176,29.915730349075602,0,3sml,6.415219084565585,4.999999999999999,4.663243757496925,True,0.994139184597482,0.8752682218707205,15.0,1993.1200924298428,1993.72926422998,1993.195383326489,1997.3226933880908,1993.195383326489,2008.1098254893911,2006.2293155894722,1998.2228544905443,2006.2293155894722,-12.500051359492318,12.500051359492318,False,True,4.127310061601747,8.006461098927957,30.7
sim0011_K,176,29.915730349075602,0,3sml,6.415219084565585,4.999999999999999,4.663243757496925,True,0.994139184597482,0.8752682218707205,16.0,1993.1200924298428,1993.72926422998,1993.195383326489,1997.3226933880908,1993.195383326489,2009.0954517727587,2006.2293155894722,1998.2228544905443,2006.2293155894722,-12.500051359492318,12.500051359492318,False,True,4.127310061601747,8.006461098927957,30.7
sim0011_K,176,29.915730349075602,0,3sml,6.415219084565585,4.999999999999999,4.663243757496925,True,0.994139184597482,0.8752682218707205,17.0,1993.1200924298428,1993.72926422998,1993.195383326489,1997.3226933880908,1993.195383326489,2010.1084565639976,2006.2293155894722,1998.2228544905443,2006.2293155894722,-12.500051359492318,12.500051359492318,False,True,4.127310061601747,8.006461098927957,30.7
sim0011_K,176,29.915730349075602,0,3sml,6.415219084565585,4.999999999999999,4.663243757496925,True,0.994139184597482,0.8752682218707205,18.0,1993.1200924298428,1993.72926422998,1993.195383326489,1997.3226933880908,1993.195383326489,2011.0940828473651,2006.2293155894722,1998.2228544905443,2006.2293155894722,-12.500051359492318,12.500051359492318,False,True,4.127310061601747,8.006461098927957,30.7
sim0011_K,176,29.915730349075602,0,3sml,6.415219084565585,4.999999999999999,4.663243757496925,True,0.994139184597482,0.8752682218707205,18.960674168377636,1993.1200924298428,1993.72926422998,1993.195383326489,1997.3226933880908,1993.195383326489,2012.0797091307327,2006.2293155894722,1998.2228544905443,2006.2293155894722,-12.500051359492318,12.500051359492318,False,True,4.127310061601747,8.006461098927957,30.7
sim0011_K,176,29.915730349075602,1,2sm,6.364055695483798,4.999999999999999,4.700733585707784,True,0.9890312686106904,0.9213676331035985,1.0,1997.1650362491448,1997.2403271457908,1997.2403271457908,1997.2403271457908,1997.2403271457908,1997.322462669405,1998.1629930991505,1998.1629930991505,1998.1629930991505,-0.922665953359683,0.922665953359683,False,False,0.0,0.0,30.7
sim0011_K,176,29.915730349075602,1,2sm,6.364055695483798,4.999999999999999,4.700733585707784,True,0.9890312686106904,0.9213676331035985,2.0,1997.1650362491448,1997.2403271457908,1997.2403271457908,1997.2403271457908,1997.2403271457908,1997.322462669405,1998.9112604915738,1998.9112604915738,1998.9112604915738,-1.6709333457829416,1.6709333457829416,False,False,0.0,0.0,30.7
sim0011_K,176,29.915730349075602,1,2sm,6.364055695483798,4.999999999999999,4.700733585707784,True,0.9890312686106904,0.9213676331035985,3.0,1997.1650362491448,1997.2403271457908,1997.2403271457908,1997.2403271457908,1997.2403271457908,1997.322462669405,1998.9112604915738,1998.9112604915738,1998.9112604915738,-1.6709333457829416,1.6709333457829416,False,False,0.0,0.0,30.7
sim0011_K,176,29.915730349075602,1,2sm,6.364055695483798,4.999999999999999,4.700733585707784,True,0.9890312686106904,0.9213676331035985,4.0,1997.1650362491448,1997.2403271457908,1997.2403271457908,1997.2403271457908,1997.2403271457908,1997.322462669405,1998.9112604915738,1998.9112604915738,1998.9112604915738,-1.6709333457829416,1.6709333457829416,False,False,0.0,0.0,30.7
sim0011_K,176,29.915730349075602,1,2sm,6.364055695483798,4.999999999999999,4.700733585707784,True,0.9890312686106904,0.9213676331035985,5.0,1997.1650362491448,1997.2403271457908,1997.2403271457908,1997.2403271457908,1997.2403271457908,1997.322462669405,2001.6050231042973,2001.6050231042973,2001.6199884521461,-4.364695958506445,4.364695958506445,False,False,0.0,0.01496534784882897,30.7
sim0011_K,176,29.915730349075602,1,2sm,6.364055695483798,4.999999999999999,4.700733585707784,True,0.9890312686106904,0.9213676331035985,6.0,1997.1650362491448,1997.2403271457908,1997.2403271457908,1997.2403271457908,1997.2403271457908,1997.322462669405,2001.6050231042973,2001.6050231042973,2001.6199884521461,-4.364695958506445,4.364695958506445,False,False,0.0,0.01496534784882897,30.7
sim0011_K,176,29.915730349075602,1,2sm,6.364055695483798,4.999999999999999,4.700733585707784,True,0.9890312686106904,0.9213676331035985,7.0,1997.1650362491448,1997.2403271457908,1997.2403271457908,1997.2403271457908,1997.2403271457908,1997.322462669405,2001.6050231042973,2001.6050231042973,2001.6199884521461,-4.364695958506445,4.364695958506445,False,False,0.0,0.01496534784882897,30.7
sim0011_K,176,29.915730349075602,1,2sm,6.364055695483798,4.999999999999999,4.700733585707784,True,0.9890312686106904,0.9213676331035985,8.0,1997.1650362491448,1997.2403271457908,1997.2403271457908,1997.2403271457908,1997.2403271457908,1997.322462669405,2004.5382312825952,2004.5382312825952,2004.5382312825952,-7.297904136804391,7.297904136804391,False,False,0.0,0.0,30.7
sim0011_K,176,29.915730349075602,1,2sm,6.364055695483798,4.999999999999999,4.700733585707784,True,0.9890312686106904,0.9213676331035985,9.0,1997.1650362491448,1997.2403271457908,1997.2403271457908,1997.2403271457908,1997.2403271457908,1997.322462669405,2004.5382312825952,2004.5382312825952,2004.5382312825952,-7.297904136804391,7.297904136804391,False,False,0.0,0.0,30.7
sim0011_K,176,29.915730349075602,1,2sm,6.364055695483798,4.999999999999999,4.700733585707784,True,0.9890312686106904,0.9213676331035985,10.0,1997.1650362491448,1997.2403271457908,1997.2403271457908,1997.2403271457908,1997.2403271457908,1997.322462669405,2004.5382312825952,2004.5382312825952,2004.5382312825952,-7.297904136804391,7.297904136804391,False,False,0.0,0.0,30.7
sim0011_K,176,29.915730349075602,1,2sm,6.364055695483798,4.999999999999999,4.700733585707784,True,0.9890312686106904,0.9213676331035985,11.0,1997.1650362491448,1997.2403271457908,1997.2403271457908,1997.2403271457908,1997.2403271457908,1997.322462669405,2004.5382312825952,2004.5382312825952,2004.5382312825952,-7.297904136804391,7.297904136804391,False,False,0.0,0.0,30.7
sim0011_K,176,29.915730349075602,1,2sm,6.364055695483798,4.999999999999999,4.700733585707784,True,0.9890312686106904,0.9213676331035985,12.0,1997.1650362491448,1997.2403271457908,1997.2403271457908,1997.2403271457908,1997.2403271457908,1997.322462669405,2004.5382312825952,2004.5382312825952,2004.5382312825952,-7.297904136804391,7.297904136804391,False,False,0.0,0.0,30.7
sim0011_K,176,29.915730349075602,1,2sm,6.364055695483798,4.999999999999999,4.700733585707784,True,0.9890312686106904,0.9213676331035985,13.0,1997.1650362491448,1997.2403271457908,1997.2403271457908,1997.2403271457908,1997.2403271457908,1997.322462669405,2004.5382312825952,2004.5382312825952,2004.5382312825952,-7.297904136804391,7.297904136804391,False,False,0.0,0.0,30.7
sim0011_K,176,29.915730349075602,1,2sm,6.364055695483798,4.999999999999999,4.700733585707784,True,0.9890312686106904,0.9213676331035985,14.0,1997.1650362491448,1997.2403271457908,1997.2403271457908,1997.2403271457908,1997.2403271457908,1997.322462669405,2004.5382312825952,2004.5382312825952,2004.5382312825952,-7.297904136804391,7.297904136804391,False,False,0.0,0.0,30.7
sim0011_K,176,29.915730349075602,1,2sm,6.364055695483798,4.999999999999999,4.700733585707784,True,0.9890312686106904,0.9213676331035985,14.915730349075602,1997.1650362491448,1997.2403271457908,1997.2403271457908,1997.2403271457908,1997.2403271457908,1997.322462669405,2004.5382312825952,2004.5382312825952,2004.5382312825952,-7.297904136804391,7.297904136804391,False,False,0.0,0.0,30.7
sim0011_K,176,29.915730349075602,2,2sm,3.7255745552975155,1.4512874213944573,8.029830004753885,True,0.9932541053932502,1.1721959707782574,1.0,2001.3785193976726,2002.377834934976,2002.377834934976,2002.377834934976,2002.377834934976,2002.377834934976,2001.3805428865703,2001.3805428865703,2001.3805428865703,0.9972920484055976,0.9972920484055976,False,False,0.0,0.0,30.7
sim0011_K,176,29.915730349075602,2,2sm,3.7255745552975155,1.4512874213944573,8.029830004753885,True,0.9932541053932502,1.1721959707782574,2.0,2001.3785193976726,2002.5147274743326,2002.4599704585899,2002.5968629979466,2002.4325919507187,2002.706377029432,2001.3805428865703,2001.3805428865703,2003.3709341504157,1.13418458776232,1.13418458776232,False,False,0.1368925393567224,1.9903912638453676,30.7
sim0011_K,176,29.915730349075602,2,2sm,3.7255745552975155,1.4512874213944573,8.029830004753885,True,0.9932541053932502,1.1721959707782574,3.0,2001.3785193976726,2002.5147274743326,2002.4599704585899,2002.5968629979466,2002.4325919507187,2002.706377029432,2004.3736124562622,2004.3736124562622,2004.3736124562622,-1.8588849819295774,1.8588849819295774,False,False,0.1368925393567224,0.0,30.7
sim0011_K,176,29.915730349075602,2,2sm,3.7255745552975155,1.4512874213944573,8.029830004753885,True,0.9932541053932502,1.1721959707782574,4.0,2001.3785193976726,2002.5147274743326,2002.4599704585899,2002.5968629979466,2002.4325919507187,2002.706377029432,2004.8973996309587,2004.8674689352622,2004.9123649788073,-2.382672156626086,2.382672156626086,False,False,0.1368925393567224,0.044896043545122666,30.7
sim0011_K,176,29.915730349075602,2,2sm,3.7255745552975155,1.4512874213944573,8.029830004753885,True,0.9932541053932502,1.1721959707782574,5.0,2001.3785193976726,2002.5147274743326,2002.4599704585899,2002.5968629979466,2002.4325919507187,2002.706377029432,2004.8973996309587,2004.8674689352622,2004.9123649788073,-2.382672156626086,2.382672156626086,False,False,0.1368925393567224,0.044896043545122666,30.7
sim0011_K,176,29.915730349075602,2,2sm,3.7255745552975155,1.4512874213944573,8.029830004753885,True,0.9932541053932502,1.1721959707782574,6.0,2001.3785193976726,2002.5147274743326,2002.4599704585899,2002.5968629979466,2002.4325919507187,2002.706377029432,2004.8973996309587,2004.8674689352622,2004.9123649788073,-2.382672156626086,2.382672156626086,False,False,0.1368925393567224,0.044896043545122666,30.7
sim0011_K,176,29.915730349075602,2,2sm,3.7255745552975155,1.4512874213944573,8.029830004753885,True,0.9932541053932502,1.1721959707782574,7.0,2001.3785193976726,2002.5147274743326,2002.4599704585899,2002.5968629979466,2002.4325919507187,2002.706377029432,2004.8973996309587,2004.8674689352622,2004.9123649788073,-2.382672156626086,2.382672156626086,False,False,0.1368925393567224,0.044896043545122666,30.7
sim0011_K,176,29.915730349075602,2,2sm,3.7255745552975155,1.4512874213944573,8.029830004753885,True,0.9932541053932502,1.1721959707782574,8.0,2001.3785193976726,2002.5147274743326,2002.4599704585899,2002.5968629979466,2002.4325919507187,2002.706377029432,2004.8973996309587,2004.8674689352622,2004.9123649788073,-2.382672156626086,2.382672156626086,False,False,0.1368925393567224,0.044896043545122666,30.7
sim0011_K,176,29.915730349075602,2,2sm,3.7255745552975155,1.4512874213944573,8.029830004753885,True,0.9932541053932502,1.1721959707782574,9.0,2001.3785193976726,2002.5147274743326,2002.4599704585899,2002.5968629979466,2002.4325919507187,2002.706377029432,2004.9273303266561,2004.88243428311,2009.716241638163,-2.4126028523235163,2.4126028523235163,False,False,0.1368925393567224,4.833807355053068,30.7
sim0011_K,176,29.915730349075602,2,2sm,3.7255745552975155,1.4512874213944573,8.029830004753885,True,0.9932541053932502,1.1721959707782574,10.0,2001.3785193976726,2002.5147274743326,2002.4599704585899,2002.5968629979466,2002.4325919507187,2002.706377029432,2004.9273303266561,2004.88243428311,2009.716241638163,-2.4126028523235163,2.4126028523235163,False,False,0.1368925393567224,4.833807355053068,30.7
sim0011_K,176,29.915730349075602,2,2sm,3.7255745552975155,1.4512874213944573,8.029830004753885,True,0.9932541053932502,1.1721959707782574,10.702247200547845,2001.3785193976726,2002.5147274743326,2002.4599704585899,2002.5968629979466,2002.4325919507187,2002.706377029432,2004.9273303266561,2004.88243428311,2009.716241638163,-2.4126028523235163,2.4126028523235163,False,False,0.1368925393567224,4.833807355053068,30.7
sim0011_K,176,29.915730349075602,3,2sm,0.7971539566533318,4.999999999999999,37.52817143964253,True,0.9928070913186022,0.9408351567920749,1.0,2006.1818901848055,2006.6678586995215,2006.6678586995215,2006.7499942231357,2006.6678586995215,2006.7499942231357,2006.9177215905015,2006.9027562426527,2006.9775829818955,-0.2498628909800118,0.2498628909800118,False,False,0.08213552361416987,0.0748267392427806,30.7
sim0011_K,176,29.915730349075602,3,2sm,0.7971539566533318,4.999999999999999,37.52817143964253,True,0.9928070913186022,0.9408351567920749,2.0,2006.1818901848055,2006.6678586995215,2006.6678586995215,2006.7499942231357,2006.6678586995215,2006.7499942231357,2006.9626176340466,2006.9027562426527,2007.8306078092578,-0.29475893452513446,0.29475893452513446,False,False,0.08213552361416987,0.9278515666051135,30.7
sim0011_K,176,29.915730349075602,3,2sm,0.7971539566533318,4.999999999999999,37.52817143964253,True,0.9928070913186022,0.9408351567920749,3.0,2006.1818901848055,2006.6678586995215,2006.6678586995215,2006.7499942231357,2006.6678586995215,2006.7499942231357,2006.9775829818955,2006.9027562426527,2008.7135633323164,-0.30972428237396343,0.30972428237396343,False,False,0.08213552361416987,1.81080708966374,30.7
sim0011_K,176,29.915730349075602,3,2sm,0.7971539566533318,4.999999999999999,37.52817143964253,True,0.9928070913186022,0.9408351567920749,4.0,2006.1818901848055,2006.6678586995215,2006.6678586995215,2006.7499942231357,2006.6678586995215,2006.7499942231357,2007.7707464178638,2006.9027562426527,2009.5067267682848,-1.1028877183423447,1.1028877183423447,False,False,0.08213552361416987,2.6039705256321213,30.7
sim0011_K,176,29.915730349075602,3,2sm,0.7971539566533318,4.999999999999999,37.52817143964253,True,0.9928070913186022,0.9408351567920749,5.0,2006.1818901848055,2006.6678586995215,2006.6678586995215,2006.7499942231357,2006.6678586995215,2006.7499942231357,2007.815642461409,2006.9027562426527,2010.3896822913448,-1.1477837618874673,1.1477837618874673,False,False,0.08213552361416987,3.486926048692112,30.7
sim0011_K,176,29.915730349075602,3,2sm,0.7971539566533318,4.999999999999999,37.52817143964253,True,0.9928070913186022,0.9408351567920749,5.898876413414882,2006.1818901848055,2006.6678586995215,2006.6678586995215,2006.7499942231357,2006.6678586995215,2006.7499942231357,2008.7285286801653,2006.9626176340466,2011.2576724665546,-2.060669980643752,2.060669980643752,False,False,0.08213552361416987,4.295054832507958,30.7
sim0011_K,176,29.915730349075602,4,3sml,4.428369001218891,1.2140126736384083,6.755473706197794,True,0.965598975946881,1.0430764560966654,1.0,2010.3953733333335,2010.4706642299798,2010.4706642299798,2010.4706642299798,2010.4706642299798,2010.4706642299798,2010.4046476391923,2010.4046476391923,2010.4046476391923,0.06601659078751254,0.06601659078751254,False,False,0.0,0.0,30.7
sim0011_K,176,29.915730349075602,4,3sml,4.428369001218891,1.2140126736384083,6.755473706197794,True,0.965598975946881,1.0430764560966654,1.6853932648868977,2010.3953733333335,2010.4706642299798,2010.4706642299798,2010.4706642299798,2010.4706642299798,2010.4706642299798,2010.4046476391923,2010.4046476391923,2010.4046476391923,0.06601659078751254,0.06601659078751254,False,False,0.0,0.0,30.7
sim0012_ME,176,29.915730349075602,0,3sml,9.765894737731797,2.7112528709596857,3.063286176277562,True,0.9980181076007799,6.232693876025085,1.0,2001.3785193976726,2001.4538102943188,2001.4538102943188,2001.4538102943188,2001.4538102943188,2001.4538102943188,2001.3805428865703,2001.3805428865703,2001.3805428865703,0.07326740774851714,0.07326740774851714,False,False,0.0,0.0,30.7
sim0012_ME,176,29.915730349075602,0,3sml,9.765894737731797,2.7112528709596857,3.063286176277562,True,0.9980181076007799,6.232693876025085,2.0,2001.3785193976726,2001.4538102943188,2001.4538102943188,2001.4538102943188,2001.4538102943188,2001.4538102943188,2001.3805428865703,2001.3805428865703,2001.3805428865703,0.07326740774851714,0.07326740774851714,False,False,0.0,0.0,30.7
sim0012_ME,176,29.915730349075602,0,3sml,9.765894737731797,2.7112528709596857,3.063286176277562,True,0.9980181076007799,6.232693876025085,3.0,2001.3785193976726,2001.4538102943188,2001.4538102943188,2001.4538102943188,2001.4538102943188,2001.4538102943188,2001.3805428865703,2001.3805428865703,2001.3805428865703,0.07326740774851714,0.07326740774851714,False,False,0.0,0.0,30.7
sim0012_ME,176,29.915730349075602,0,3sml,9.765894737731797,2.7112528709596857,3.063286176277562,True,0.9980181076007799,6.232693876025085,4.0,2001.3785193976726,2001.4538102943188,2001.4538102943188,2001.4538102943188,2001.4538102943188,2001.4538102943188,2004.9123649788073,2004.8973996309587,2004.9123649788073,-3.4585546844884902,3.4585546844884902,False,False,0.0,0.014965347848601596,30.7
sim0012_ME,176,29.915730349075602,0,3sml,9.765894737731797,2.7112528709596857,3.063286176277562,True,0.9980181076007799,6.232693876025085,5.0,2001.3785193976726,2001.4538102943188,2001.4538102943188,2001.4538102943188,2001.4538102943188,2001.4538102943188,2004.9123649788073,2004.8973996309587,2004.9123649788073,-3.4585546844884902,3.4585546844884902,False,False,0.0,0.014965347848601596,30.7
sim0012_ME,176,29.915730349075602,0,3sml,9.765894737731797,2.7112528709596857,3.063286176277562,True,0.9980181076007799,6.232693876025085,6.0,2001.3785193976726,2001.4538102943188,2001.4538102943188,2001.4538102943188,2001.4538102943188,2001.4538102943188,2004.9123649788073,2004.8973996309587,2004.9123649788073,-3.4585546844884902,3.4585546844884902,False,False,0.0,0.014965347848601596,30.7
sim0012_ME,176,29.915730349075602,0,3sml,9.765894737731797,2.7112528709596857,3.063286176277562,True,0.9980181076007799,6.232693876025085,7.0,2001.3785193976726,2001.4538102943188,2001.4538102943188,2001.4538102943188,2001.4538102943188,2001.4538102943188,2004.9123649788073,2004.8973996309587,2004.9123649788073,-3.4585546844884902,3.4585546844884902,False,False,0.0,0.014965347848601596,30.7
sim0012_ME,176,29.915730349075602,0,3sml,9.765894737731797,2.7112528709596857,3.063286176277562,True,0.9980181076007799,6.232693876025085,8.0,2001.3785193976726,2001.4538102943188,2001.4538102943188,2001.4538102943188,2001.4538102943188,2001.4538102943188,2004.9123649788073,2004.8973996309587,2004.9123649788073,-3.4585546844884902,3.4585546844884902,False,False,0.0,0.014965347848601596,30.7
sim0012_ME,176,29.915730349075602,0,3sml,9.765894737731797,2.7112528709596857,3.063286176277562,True,0.9980181076007799,6.232693876025085,9.0,2001.3785193976726,2001.4538102943188,2001.4538102943188,2001.4538102943188,2001.4538102943188,2001.4538102943188,2004.9123649788073,2004.8973996309587,2004.9123649788073,-3.4585546844884902,3.4585546844884902,False,False,0.0,0.014965347848601596,30.7
sim0012_ME,176,29.915730349075602,0,3sml,9.765894737731797,2.7112528709596857,3.063286176277562,True,0.9980181076007799,6.232693876025085,10.0,2001.3785193976726,2001.4538102943188,2001.4538102943188,2001.4538102943188,2001.4538102943188,2001.4538102943188,2011.3773952493423,2011.3773952493423,2011.3773952493423,-9.923584955023443,9.923584955023443,False,False,0.0,0.0,30.7
sim0012_ME,176,29.915730349075602,0,3sml,9.765894737731797,2.7112528709596857,3.063286176277562,True,0.9980181076007799,6.232693876025085,10.702247200547845,2001.3785193976726,2001.4538102943188,2001.4538102943188,2001.4538102943188,2001.4538102943188,2001.4538102943188,2011.7515289455546,2011.7365635977058,2011.7515289455546,-10.297718651235755,10.297718651235755,False,False,0.0,0.01496534784882897,30.7
sim0012_ME,176,29.915730349075602,1,2sm,6.746413975516111,4.999999999999999,4.4343158391472715,True,0.9952067198362219,2.08307429741961,1.0,2010.3953733333335,2011.3946888706369,2010.4706642299798,2011.3946888706369,2010.4706642299798,2011.3946888706369,2010.4046476391923,2010.4046476391923,2010.4046476391923,0.990041231444593,0.990041231444593,False,False,0.9240246406570805,0.0,30.7
sim0012_ME,176,29.915730349075602,1,2sm,6.746413975516111,4.999999999999999,4.4343158391472715,True,0.9952067198362219,2.08307429741961,1.6853932648868977,2010.3953733333335,2012.0791515674198,2012.0791515674198,2012.0791515674198,2012.0791515674198,2012.0791515674198,2012.0807665982204,2012.0807665982204,2012.0807665982204,-0.0016150308006217529,0.0016150308006217529,False,False,0.0,0.0,30.7
sim0013_MM,176,29.915730349075602,0,2sm,5.359204742965998,4.999999999999999,5.58212118847302,True,0.9937547859462187,1.1540616186566544,1.0,1993.1200924298428,1993.277518850103,1993.277518850103,1993.277518850103,1993.277518850103,1993.277518850103,1993.1346362220668,1993.1346362220668,1993.1346362220668,0.14288262803620455,0.14288262803620455,False,False,0.0,0.0,30.7
sim0013_MM,176,29.915730349075602,0,2sm,5.359204742965998,4.999999999999999,5.58212118847302,True,0.9937547859462187,1.1540616186566544,2.0,1993.1200924298428,1993.277518850103,1993.277518850103,1993.277518850103,1993.277518850103,1993.277518850103,1995.1100621380647,1995.1100621380647,1995.1100621380647,-1.8325432879616983,1.8325432879616983,False,False,0.0,0.0,30.7
sim0013_MM,176,29.915730349075602,0,2sm,5.359204742965998,4.999999999999999,5.58212118847302,True,0.9937547859462187,1.1540616186566544,3.0,1993.1200924298428,1993.277518850103,1993.277518850103,1993.277518850103,1993.277518850103,1993.277518850103,1996.0079830089721,1995.9930176611233,1996.0079830089721,-2.730464158869154,2.730464158869154,False,False,0.0,0.01496534784882897,30.7
sim0013_MM,176,29.915730349075602,0,2sm,5.359204742965998,4.999999999999999,5.58212118847302,True,0.9937547859462187,1.1540616186566544,4.0,1993.1200924298428,1993.277518850103,1993.277518850103,1993.277518850103,1993.277518850103,1993.277518850103,1996.0079830089721,1995.9930176611233,1996.0079830089721,-2.730464158869154,2.730464158869154,False,False,0.0,0.01496534784882897,30.7
sim0013_MM,176,29.915730349075602,0,2sm,5.359204742965998,4.999999999999999,5.58212118847302,True,0.9937547859462187,1.1540616186566544,5.0,1993.1200924298428,1993.277518850103,1993.277518850103,1993.277518850103,1993.277518850103,1993.277518850103,1996.0079830089721,1995.9930176611233,1996.0079830089721,-2.730464158869154,2.730464158869154,False,False,0.0,0.01496534784882897,30.7
sim0013_MM,176,29.915730349075602,0,2sm,5.359204742965998,4.999999999999999,5.58212118847302,True,0.9937547859462187,1.1540616186566544,6.0,1993.1200924298428,1993.277518850103,1993.277518850103,1993.277518850103,1993.277518850103,1993.277518850103,1996.0079830089721,1995.9930176611233,1996.0079830089721,-2.730464158869154,2.730464158869154,False,False,0.0,0.01496534784882897,30.7
sim0013_MM,176,29.915730349075602,0,2sm,5.359204742965998,4.999999999999999,5.58212118847302,True,0.9937547859462187,1.1540616186566544,7.0,1993.1200924298428,1993.277518850103,1993.277518850103,1993.277518850103,1993.277518850103,1993.277518850103,1996.0079830089721,1995.9930176611233,1996.0079830089721,-2.730464158869154,2.730464158869154,False,False,0.0,0.01496534784882897,30.7
sim0013_MM,176,29.915730349075602,0,2sm,5.359204742965998,4.999999999999999,5.58212118847302,True,0.9937547859462187,1.1540616186566544,8.0,1993.1200924298428,1993.277518850103,1993.277518850103,1993.277518850103,1993.277518850103,1993.277518850103,1996.0079830089721,1995.9930176611233,1996.0079830089721,-2.730464158869154,2.730464158869154,False,False,0.0,0.01496534784882897,30.7
sim0013_MM,176,29.915730349075602,0,2sm,5.359204742965998,4.999999999999999,5.58212118847302,True,0.9937547859462187,1.1540616186566544,9.0,1993.1200924298428,1993.277518850103,1993.277518850103,1993.277518850103,1993.277518850103,1993.277518850103,1996.0079830089721,1995.9930176611233,1996.0079830089721,-2.730464158869154,2.730464158869154,False,False,0.0,0.01496534784882897,30.7
sim0013_MM,176,29.915730349075602,0,2sm,5.359204742965998,4.999999999999999,5.58212118847302,True,0.9937547859462187,1.1540616186566544,10.0,1993.1200924298428,1993.277518850103,1993.277518850103,1993.277518850103,1993.277518850103,1993.277518850103,2003.086592541295,1996.0079830089721,2003.086592541295,-9.809073691191998,9.809073691191998,False,False,0.0,7.078609532322844,30.7
sim0013_MM,176,29.915730349075602,0,2sm,5.359204742965998,4.999999999999999,5.58212118847302,True,0.9937547859462187,1.1540616186566544,11.0,1993.1200924298428,1993.277518850103,1993.277518850103,1993.277518850103,1993.277518850103,1993.277518850103,2003.086592541295,1996.0079830089721,2003.086592541295,-9.809073691191998,9.809073691191998,False,False,0.0,7.078609532322844,30.7
sim0013_MM,176,29.915730349075602,0,2sm,5.359204742965998,4.999999999999999,5.58212118847302,True,0.9937547859462187,1.1540616186566544,12.0,1993.1200924298428,1993.277518850103,1993.277518850103,1993.277518850103,1993.277518850103,1993.277518850103,2003.086592541295,1996.0079830089721,2003.086592541295,-9.809073691191998,9.809073691191998,False,False,0.0,7.078609532322844,30.7
sim0013_MM,176,29.915730349075602,0,2sm,5.359204742965998,4.999999999999999,5.58212118847302,True,0.9937547859462187,1.1540616186566544,13.0,1993.1200924298428,1993.277518850103,1993.277518850103,1993.277518850103,1993.277518850103,1993.277518850103,2003.086592541295,1996.0079830089721,2003.086592541295,-9.809073691191998,9.809073691191998,False,False,0.0,7.078609532322844,30.7
sim0013_MM,176,29.915730349075602,0,2sm,5.359204742965998,4.999999999999999,5.58212118847302,True,0.9937547859462187,1.1540616186566544,14.0,1993.1200924298428,1993.277518850103,1993.277518850103,1993.277518850103,1993.277518850103,1993.277518850103,2003.086592541295,1996.0079830089721,2003.086592541295,-9.809073691191998,9.809073691191998,False,False,0.0,7.078609532322844,30.7
sim0013_MM,176,29.915730349075602,0,2sm,5.359204742965998,4.999999999999999,5.58212118847302,True,0.9937547859462187,1.1540616186566544,15.0,1993.1200924298428,1993.277518850103,1993.277518850103,1993.277518850103,1993.277518850103,1993.277518850103,2003.086592541295,1996.0079830089721,2003.086592541295,-9.809073691191998,9.809073691191998,False,False,0.0,7.078609532322844,30.7
sim0013_MM,176,29.915730349075602,0,2sm,5.359204742965998,4.999999999999999,5.58212118847302,True,0.9937547859462187,1.1540616186566544,16.0,1993.1200924298428,1993.277518850103,1993.277518850103,1993.277518850103,1993.277518850103,1993.277518850103,2003.086592541295,1996.0079830089721,2003.086592541295,-9.809073691191998,9.809073691191998,False,False,0.0,7.078609532322844,30.7
sim0013_MM,176,29.915730349075602,0,2sm,5.359204742965998,4.999999999999999,5.58212118847302,True,0.9937547859462187,1.1540616186566544,17.0,1993.1200924298428,1993.277518850103,1993.277518850103,1993.277518850103,1993.277518850103,1993.277518850103,2003.086592541295,1996.0079830089721,2003.086592541295,-9.809073691191998,9.809073691191998,False,False,0.0,7.078609532322844,30.7
sim0013_MM,176,29.915730349075602,0,2sm,5.359204742965998,4.999999999999999,5.58212118847302,True,0.9937547859462187,1.1540616186566544,18.0,1993.1200924298428,1993.277518850103,1993.277518850103,1993.277518850103,1993.277518850103,1993.277518850103,2003.086592541295,1996.0079830089721,2010.1652020736178,-9.809073691191998,9.809073691191998,False,False,0.0,14.157219064645687,30.7
sim0013_MM,176,29.915730349075602,0,2sm,5.359204742965998,4.999999999999999,5.58212118847302,True,0.9937547859462187,1.1540616186566544,18.960674168377636,1993.1200924298428,1993.277518850103,1993.277518850103,1993.277518850103,1993.277518850103,1993.277518850103,2003.086592541295,1996.0079830089721,2010.1652020736178,-9.809073691191998,9.809073691191998,False,False,0.0,14.157219064645687,30.7
sim0013_MM,176,29.915730349075602,1,3sml,5.335516380467824,4.999999999999999,5.606904414836143,True,0.9914258946169918,1.2756908721343294,1.0,2001.3785193976726,2002.377834934976,2002.377834934976,2002.377834934976,2002.377834934976,2002.377834934976,2001.949226104812,2001.934260756963,2001.9641914526608,0.42860883016396656,0.42860883016396656,False,False,0.0,0.02993069569765794,30.7
sim0013_MM,176,29.915730349075602,1,3sml,5.335516380467824,4.999999999999999,5.606904414836143,True,0.9914258946169918,1.2756908721343294,2.0,2001.3785193976726,2003.3634612183434,2003.3634612183434,2003.3634612183434,2003.3634612183434,2003.3634612183434,2003.3709341504157,2003.3709341504157,2003.3709341504157,-0.007472932072232652,0.007472932072232652,False,False,0.0,0.0,30.7
sim0013_MM,176,29.915730349075602,1,3sml,5.335516380467824,4.999999999999999,5.606904414836143,True,0.9914258946169918,1.2756908721343294,3.0,2001.3785193976726,2004.2121949623545,2004.2121949623545,2004.2121949623545,2004.184816454483,2004.2395734702259,2004.223958977778,2004.2089936299292,2004.223958977778,-0.011764015423523233,0.011764015423523233,False,True,0.0,0.01496534784882897,30.7
sim0013_MM,176,29.915730349075602,1,3sml,5.335516380467824,4.999999999999999,5.606904414836143,True,0.9914258946169918,1.2756908721343294,4.0,2001.3785193976726,2004.2121949623545,2004.2121949623545,2004.2121949623545,2004.184816454483,2004.2395734702259,2004.223958977778,2004.2089936299292,2004.223958977778,-0.011764015423523233,0.011764015423523233,False,True,0.0,0.01496534784882897,30.7
sim0013_MM,176,29.915730349075602,1,3sml,5.335516380467824,4.999999999999999,5.606904414836143,True,0.9914258946169918,1.2756908721343294,5.0,2001.3785193976726,2004.2121949623545,2004.2121949623545,2004.2121949623545,2004.184816454483,2004.2395734702259,2004.223958977778,2004.2089936299292,2004.223958977778,-0.011764015423523233,0.011764015423523233,False,True,0.0,0.01496534784882897,30.7
sim0013_MM,176,29.915730349075602,1,3sml,5.335516380467824,4.999999999999999,5.606904414836143,True,0.9914258946169918,1.2756908721343294,6.0,2001.3785193976726,2004.2121949623545,2004.2121949623545,2004.2121949623545,2004.184816454483,2004.2395734702259,2004.223958977778,2004.2089936299292,2004.223958977778,-0.011764015423523233,0.011764015423523233,False,True,0.0,0.01496534784882897,30.7
sim0013_MM,176,29.915730349075602,1,3sml,5.335516380467824,4.999999999999999,5.606904414836143,True,0.9914258946169918,1.2756908721343294,7.0,2001.3785193976726,2004.2121949623545,2004.2121949623545,2004.2121949623545,2004.184816454483,2004.2395734702259,2004.223958977778,2004.2089936299292,2004.223958977778,-0.011764015423523233,0.011764015423523233,False,True,0.0,0.01496534784882897,30.7
sim0013_MM,176,29.915730349075602,1,3sml,5.335516380467824,4.999999999999999,5.606904414836143,True,0.9914258946169918,1.2756908721343294,8.0,2001.3785193976726,2004.2121949623545,2004.2121949623545,2004.2121949623545,2004.184816454483,2004.2395734702259,2004.223958977778,2004.2089936299292,2004.223958977778,-0.011764015423523233,0.011764015423523233,False,True,0.0,0.01496534784882897,30.7
sim0013_MM,176,29.915730349075602,1,3sml,5.335516380467824,4.999999999999999,5.606904414836143,True,0.9914258946169918,1.2756908721343294,9.0,2001.3785193976726,2004.2121949623545,2004.2121949623545,2004.2121949623545,2004.184816454483,2004.2395734702259,2009.7012762903153,2004.223958977778,2009.7012762903153,-5.4890813279607755,5.4890813279607755,False,False,0.0,5.477317312537252,30.7
sim0013_MM,176,29.915730349075602,1,3sml,5.335516380467824,4.999999999999999,5.606904414836143,True,0.9914258946169918,1.2756908721343294,10.0,2001.3785193976726,2004.2121949623545,2004.2121949623545,2004.2121949623545,2004.184816454483,2004.2395734702259,2009.7012762903153,2004.223958977778,2009.7012762903153,-5.4890813279607755,5.4890813279607755,False,False,0.0,5.477317312537252,30.7
sim0013_MM,176,29.915730349075602,1,3sml,5.335516380467824,4.999999999999999,5.606904414836143,True,0.9914258946169918,1.2756908721343294,10.702247200547845,2001.3785193976726,2004.2121949623545,2004.2121949623545,2004.2121949623545,2004.184816454483,2004.2395734702259,2009.7012762903153,2004.223958977778,2009.7012762903153,-5.4890813279607755,5.4890813279607755,False,False,0.0,5.477317312537252,30.7
sim0013_MM,176,29.915730349075602,2,3sml,5.364838907530119,4.999999999999999,5.57625883362233,True,0.9889769278672788,1.1765440573750974,1.0,2006.1818901848055,2006.2571810814518,2006.2571810814518,2006.3393166050657,2006.2571810814518,2006.3393166050657,2006.1844195459257,2006.1844195459257,2006.1844195459257,0.07276153552606957,0.07276153552606957,False,False,0.0821355236139425,0.0,30.7
sim0013_MM,176,29.915730349075602,2,3sml,5.364838907530119,4.999999999999999,5.57625883362233,True,0.9889769278672788,1.1765440573750974,2.0,2006.1818901848055,2006.2571810814518,2006.2571810814518,2008.1668320054764,2006.2571810814518,2008.1668320054764,2008.1748108097725,2008.1748108097725,2008.1748108097725,-1.9176297283206623,1.9176297283206623,False,False,1.9096509240246178,0.0,30.7
sim0013_MM,176,29.915730349075602,2,3sml,5.364838907530119,4.999999999999999,5.57625883362233,True,0.9889769278672788,1.1765440573750974,3.0,2006.1818901848055,2009.1798367967153,2009.1798367967153,2009.1798367967153,2009.1798367967153,2009.1798367967153,2009.177489115619,2009.177489115619,2009.177489115619,0.0023476810963529715,0.0023476810963529715,False,False,0.0,0.0,30.7
sim0013_MM,176,29.915730349075602,2,3sml,5.364838907530119,4.999999999999999,5.57625883362233,True,0.9889769278672788,1.1765440573750974,4.0,2006.1818901848055,2009.7274069541418,2009.7274069541418,2009.7547854620132,2009.7274069541418,2009.7821639698843,2009.7461723338604,2009.7461723338604,2009.7461723338604,-0.018765379718615804,0.018765379718615804,True,True,0.027378507871389957,0.0,30.7
sim0013_MM,176,29.915730349075602,2,3sml,5.364838907530119,4.999999999999999,5.57625883362233,True,0.9889769278672788,1.1765440573750974,5.0,2006.1818901848055,2009.7274069541418,2009.7274069541418,2009.7547854620132,2009.7274069541418,2009.7821639698843,2009.7461723338604,2009.7461723338604,2009.7461723338604,-0.018765379718615804,0.018765379718615804,True,True,0.027378507871389957,0.0,30.7
sim0013_MM,176,29.915730349075602,2,3sml,5.364838907530119,4.999999999999999,5.57625883362233,True,0.9889769278672788,1.1765440573750974,5.898876413414882,2006.1818901848055,2009.7274069541418,2009.7274069541418,2009.7547854620132,2009.7274069541418,2009.7821639698843,2009.7461723338604,2009.7461723338604,2009.7461723338604,-0.018765379718615804,0.018765379718615804,True,True,0.027378507871389957,0.0,30.7
sim0013_MM,176,29.915730349075602,3,2sm,5.376973916788497,4.999999999999999,5.563674068730346,True,0.9997045223269012,1.3059690068597192,1.0,2010.3953733333335,2010.4706642299798,2010.4706642299798,2010.4706642299798,2010.4706642299798,2010.4706642299798,2010.4046476391923,2010.4046476391923,2010.4046476391923,0.06601659078751254,0.06601659078751254,False,False,0.0,0.0,30.7
sim0013_MM,176,29.915730349075602,3,2sm,5.376973916788497,4.999999999999999,5.563674068730346,True,0.9997045223269012,1.3059690068597192,1.6853932648868977,2010.3953733333335,2010.4706642299798,2010.4706642299798,2010.4706642299798,2010.4706642299798,2010.4706642299798,2010.4046476391923,2010.4046476391923,2010.4046476391923,0.06601659078751254,0.06601659078751254,False,False,0.0,0.0,30.7
sim0014_ME,176,29.915730349075602,0,2sm,7.5708187248685865,4.999999999999999,3.9514524698377156,True,0.9904664978652578,0.8207171781620339,1.0,2001.3785193976726,2001.5359458179328,2001.5359458179328,2001.5359458179328,2001.5359458179328,2001.5359458179328,2001.5750924085996,2001.5750924085996,2001.5750924085996,-0.03914659066685999,0.03914659066685999,False,False,0.0,0.0,30.7
sim0014_ME,176,29.915730349075602,0,2sm,7.5708187248685865,4.999999999999999,3.9514524698377156,True,0.9904664978652578,0.8207171781620339,2.0,2001.3785193976726,2001.5359458179328,2001.5359458179328,2001.5359458179328,2001.5359458179328,2001.5359458179328,2001.5750924085996,2001.5750924085996,2001.5750924085996,-0.03914659066685999,0.03914659066685999,False,False,0.0,0.0,30.7
sim0014_ME,176,29.915730349075602,0,2sm,7.5708187248685865,4.999999999999999,3.9514524698377156,True,0.9904664978652578,0.8207171781620339,3.0,2001.3785193976726,2001.5359458179328,2001.5359458179328,2001.5359458179328,2001.5359458179328,2001.5359458179328,2001.5750924085996,2001.5750924085996,2001.5750924085996,-0.03914659066685999,0.03914659066685999,False,False,0.0,0.0,30.7
sim0014_ME,176,29.915730349075602,0,2sm,7.5708187248685865,4.999999999999999,3.9514524698377156,True,0.9904664978652578,0.8207171781620339,4.0,2001.3785193976726,2001.5359458179328,2001.5359458179328,2001.5359458179328,2001.5359458179328,2001.5359458179328,2001.5750924085996,2001.5750924085996,2001.5750924085996,-0.03914659066685999,0.03914659066685999,False,False,0.0,0.0,30.7
sim0014_ME,176,29.915730349075602,0,2sm,7.5708187248685865,4.999999999999999,3.9514524698377156,True,0.9904664978652578,0.8207171781620339,5.0,2001.3785193976726,2001.5359458179328,2001.5359458179328,2001.5359458179328,2001.5359458179328,2001.5359458179328,2001.5750924085996,2001.5750924085996,2001.5750924085996,-0.03914659066685999,0.03914659066685999,False,False,0.0,0.0,30.7
sim0014_ME,176,29.915730349075602,0,2sm,7.5708187248685865,4.999999999999999,3.9514524698377156,True,0.9904664978652578,0.8207171781620339,6.0,2001.3785193976726,2001.5359458179328,2001.5359458179328,2001.5359458179328,2001.5359458179328,2001.5359458179328,2001.5750924085996,2001.5750924085996,2001.5750924085996,-0.03914659066685999,0.03914659066685999,False,False,0.0,0.0,30.7
sim0014_ME,176,29.915730349075602,0,2sm,7.5708187248685865,4.999999999999999,3.9514524698377156,True,0.9904664978652578,0.8207171781620339,7.0,2001.3785193976726,2001.5359458179328,2001.5359458179328,2001.5359458179328,2001.5359458179328,2001.5359458179328,2001.5750924085996,2001.5750924085996,2001.5750924085996,-0.03914659066685999,0.03914659066685999,False,False,0.0,0.0,30.7
sim0014_ME,176,29.915730349075602,0,2sm,7.5708187248685865,4.999999999999999,3.9514524698377156,True,0.9904664978652578,0.8207171781620339,8.0,2001.3785193976726,2001.5359458179328,2001.5359458179328,2001.5359458179328,2001.5359458179328,2001.5359458179328,2001.5750924085996,2001.5750924085996,2001.5750924085996,-0.03914659066685999,0.03914659066685999,False,False,0.0,0.0,30.7
sim0014_ME,176,29.915730349075602,0,2sm,7.5708187248685865,4.999999999999999,3.9514524698377156,True,0.9904664978652578,0.8207171781620339,9.0,2001.3785193976726,2001.5359458179328,2001.5359458179328,2001.5359458179328,2001.5359458179328,2001.5359458179328,2001.5750924085996,2001.5750924085996,2001.5750924085996,-0.03914659066685999,0.03914659066685999,False,False,0.0,0.0,30.7
sim0014_ME,176,29.915730349075602,0,2sm,7.5708187248685865,4.999999999999999,3.9514524698377156,True,0.9904664978652578,0.8207171781620339,10.0,2001.3785193976726,2001.5359458179328,2001.5359458179328,2001.5359458179328,2001.5359458179328,2001.5359458179328,2001.5750924085996,2001.5750924085996,2001.5750924085996,-0.03914659066685999,0.03914659066685999,False,False,0.0,0.0,30.7
sim0014_ME,176,29.915730349075602,0,2sm,7.5708187248685865,4.999999999999999,3.9514524698377156,True,0.9904664978652578,0.8207171781620339,10.702247200547845,2001.3785193976726,2001.5359458179328,2001.5359458179328,2001.5359458179328,2001.5359458179328,2001.5359458179328,2001.5750924085996,2001.5750924085996,2001.5750924085996,-0.03914659066685999,0.03914659066685999,False,False,0.0,0.0,30.7
sim0014_ME,176,29.915730349075602,1,3sml,7.565163802703934,4.999999999999999,3.9544061608267027,True,0.9994990446026696,0.9752747839930969,1.0,2006.1818901848055,2007.1812057221089,2007.1812057221089,2007.1812057221089,2007.1812057221089,2007.1812057221089,2007.1721325039248,2007.1721325039248,2007.1721325039248,0.009073218184084908,0.009073218184084908,False,False,0.0,0.0,30.7
sim0014_ME,176,29.915730349075602,1,3sml,7.565163802703934,4.999999999999999,3.9544061608267027,True,0.9994990446026696,0.9752747839930969,2.0,2006.1818901848055,2008.1668320054764,2008.1668320054764,2008.1668320054764,2008.1668320054764,2008.1668320054764,2008.1748108097725,2008.1748108097725,2008.1748108097725,-0.007978804296044473,0.007978804296044473,False,False,0.0,0.0,30.7
sim0014_ME,176,29.915730349075602,1,3sml,7.565163802703934,4.999999999999999,3.9544061608267027,True,0.9994990446026696,0.9752747839930969,3.0,2006.1818901848055,2008.988187241616,2008.988187241616,2008.988187241616,2008.9608087337447,2009.0155657494875,2008.9380435500432,2008.9380435500432,2008.953008897892,0.05014369157288456,0.05014369157288456,False,False,0.0,0.01496534784882897,30.7
sim0014_ME,176,29.915730349075602,1,3sml,7.565163802703934,4.999999999999999,3.9544061608267027,True,0.9994990446026696,0.9752747839930969,4.0,2006.1818901848055,2008.988187241616,2008.988187241616,2008.988187241616,2008.9608087337447,2009.0155657494875,2008.9380435500432,2008.9380435500432,2008.953008897892,0.05014369157288456,0.05014369157288456,False,False,0.0,0.01496534784882897,30.7
sim0014_ME,176,29.915730349075602,1,3sml,7.565163802703934,4.999999999999999,3.9544061608267027,True,0.9994990446026696,0.9752747839930969,5.0,2006.1818901848055,2008.988187241616,2008.988187241616,2008.988187241616,2008.9608087337447,2009.0155657494875,2008.9380435500432,2008.9380435500432,2008.953008897892,0.05014369157288456,0.05014369157288456,False,False,0.0,0.01496534784882897,30.7
sim0014_ME,176,29.915730349075602,1,3sml,7.565163802703934,4.999999999999999,3.9544061608267027,True,0.9994990446026696,0.9752747839930969,5.898876413414882,2006.1818901848055,2008.988187241616,2008.988187241616,2008.988187241616,2008.9608087337447,2009.0155657494875,2008.9380435500432,2008.9380435500432,2008.953008897892,0.05014369157288456,0.05014369157288456,False,False,0.0,0.01496534784882897,30.7
sim0014_ME,176,29.915730349075602,2,2sm,7.579123549201168,4.999999999999999,3.9471226659484513,True,0.9973626597387826,0.8304834443760646,1.0,2010.3953733333335,2010.4706642299798,2010.4706642299798,2010.4706642299798,2010.4706642299798,2010.4706642299798,2011.392360597191,2011.392360597191,2011.392360597191,-0.9216963672113252,0.9216963672113252,False,False,0.0,0.0,30.7
sim0014_ME,176,29.915730349075602,2,2sm,7.579123549201168,4.999999999999999,3.9471226659484513,True,0.9973626597387826,0.8304834443760646,1.6853932648868977,2010.3953733333335,2010.4706642299798,2010.4706642299798,2010.4706642299798,2010.4706642299798,2010.4706642299798,2012.0807665982204,2012.0807665982204,2012.0807665982204,-1.6101023682406321,1.6101023682406321,False,False,0.0,0.0,30.7
