star,n_obs,span_years,split_idx,best_combo,rho_mid_years,Q_mid,n_cycles_obs,is_const,aleatoric_frac_at_t0,valid_metric_value,lookahead_years,t0_year,gpr_med,gpr_lb68,gpr_ub68,gpr_lb95,gpr_ub95,truth_med,truth_lb,truth_ub,error,abs_error,in_68,in_95,gpr_width_68,truth_width,sampling_rate_days
sim0000_ME,108,29.861111101984534,0,2sm,3.097878165639972,4.303158396000443,9.63921416703478,True,0.9966130528423144,36.58175434752959,1.0,1992.4974332648871,1992.5727241615332,1992.5727241615332,1992.5727241615332,1992.5727241615332,1992.5727241615332,1992.8704670098502,1992.855528985287,1992.8704670098502,-0.297742848317057,0.297742848317057,False,False,0.0,0.014938024563207364,50.4
sim0000_ME,108,29.861111101984534,0,2sm,3.097878165639972,4.303158396000443,9.63921416703478,True,0.9966130528423144,36.58175434752959,2.0,1992.4974332648871,1992.5727241615332,1992.5727241615332,1992.5727241615332,1992.5727241615332,1992.5727241615332,1992.8704670098502,1992.855528985287,1992.8704670098502,-0.297742848317057,0.297742848317057,False,False,0.0,0.014938024563207364,50.4
sim0000_ME,108,29.861111101984534,0,2sm,3.097878165639972,4.303158396000443,9.63921416703478,True,0.9966130528423144,36.58175434752959,3.0,1992.4974332648871,1992.5727241615332,1992.5727241615332,1992.5727241615332,1992.5727241615332,1992.5727241615332,1992.8704670098502,1992.855528985287,1992.8704670098502,-0.297742848317057,0.297742848317057,False,False,0.0,0.014938024563207364,50.4
sim0000_ME,108,29.861111101984534,0,2sm,3.097878165639972,4.303158396000443,9.63921416703478,True,0.9966130528423144,36.58175434752959,4.0,1992.4974332648871,1992.5727241615332,1992.5727241615332,1992.5727241615332,1992.5727241615332,1992.5727241615332,1992.8704670098502,1992.855528985287,1992.8704670098502,-0.297742848317057,0.297742848317057,False,False,0.0,0.014938024563207364,50.4
sim0000_ME,108,29.861111101984534,0,2sm,3.097878165639972,4.303158396000443,9.63921416703478,True,0.9966130528423144,36.58175434752959,5.0,1992.4974332648871,1992.5727241615332,1992.5727241615332,1992.5727241615332,1992.5727241615332,1992.5727241615332,1992.8704670098502,1992.855528985287,1992.8704670098502,-0.297742848317057,0.297742848317057,False,False,0.0,0.014938024563207364,50.4
sim0000_ME,108,29.861111101984534,0,2sm,3.097878165639972,4.303158396000443,9.63921416703478,True,0.9966130528423144,36.58175434752959,6.0,1992.4974332648871,1992.5727241615332,1992.5727241615332,1992.5727241615332,1992.5727241615332,1992.5727241615332,1992.8704670098502,1992.855528985287,1992.8704670098502,-0.297742848317057,0.297742848317057,False,False,0.0,0.014938024563207364,50.4
sim0000_ME,108,29.861111101984534,0,2sm,3.097878165639972,4.303158396000443,9.63921416703478,True,0.9966130528423144,36.58175434752959,7.0,1992.4974332648871,1992.5727241615332,1992.5727241615332,1992.5727241615332,1992.5727241615332,1992.5727241615332,1998.8606148597228,1992.855528985287,1998.8755528842858,-6.287890698189585,6.287890698189585,False,False,0.0,6.020023898998716,50.4
sim0000_ME,108,29.861111101984534,0,2sm,3.097878165639972,4.303158396000443,9.63921416703478,True,0.9966130528423144,36.58175434752959,8.0,1992.4974332648871,1992.5727241615332,1992.5727241615332,1992.5727241615332,1992.5727241615332,1992.5727241615332,1998.8606148597228,1992.855528985287,1998.8755528842858,-6.287890698189585,6.287890698189585,False,False,0.0,6.020023898998716,50.4
sim0000_ME,108,29.861111101984534,0,2sm,3.097878165639972,4.303158396000443,9.63921416703478,True,0.9966130528423144,36.58175434752959,9.0,1992.4974332648871,1992.5727241615332,1992.5727241615332,1992.5727241615332,1992.5727241615332,1992.5727241615332,1998.8606148597228,1992.855528985287,1998.8755528842858,-6.287890698189585,6.287890698189585,False,False,0.0,6.020023898998716,50.4
sim0000_ME,108,29.861111101984534,0,2sm,3.097878165639972,4.303158396000443,9.63921416703478,True,0.9966130528423144,36.58175434752959,10.0,1992.4974332648871,1992.5727241615332,1992.5727241615332,1992.5727241615332,1992.5727241615332,1992.5727241615332,1998.8606148597228,1992.855528985287,1998.8755528842858,-6.287890698189585,6.287890698189585,False,False,0.0,6.020023898998716,50.4
sim0000_ME,108,29.861111101984534,0,2sm,3.097878165639972,4.303158396000443,9.63921416703478,True,0.9966130528423144,36.58175434752959,11.0,1992.4974332648871,1992.5727241615332,1992.5727241615332,1992.5727241615332,1992.5727241615332,1992.5727241615332,1998.8606148597228,1992.855528985287,1998.8755528842858,-6.287890698189585,6.287890698189585,False,False,0.0,6.020023898998716,50.4
sim0000_ME,108,29.861111101984534,0,2sm,3.097878165639972,4.303158396000443,9.63921416703478,True,0.9966130528423144,36.58175434752959,12.0,1992.4974332648871,1992.5727241615332,1992.5727241615332,1992.5727241615332,1992.5727241615332,1992.5727241615332,1998.8606148597228,1992.855528985287,1998.8755528842858,-6.287890698189585,6.287890698189585,False,False,0.0,6.020023898998716,50.4
sim0000_ME,108,29.861111101984534,0,2sm,3.097878165639972,4.303158396000443,9.63921416703478,True,0.9966130528423144,36.58175434752959,13.0,1992.4974332648871,1992.5727241615332,1992.5727241615332,1992.5727241615332,1992.5727241615332,1992.5727241615332,2004.8507627095953,1992.8680769259201,2004.8657007341596,-12.278038548062113,12.278038548062113,False,False,0.0,11.997623808239496,50.4
sim0000_ME,108,29.861111101984534,0,2sm,3.097878165639972,4.303158396000443,9.63921416703478,True,0.9966130528423144,36.58175434752959,14.0,1992.4974332648871,1992.5727241615332,1992.5727241615332,1992.5727241615332,1992.5727241615332,1992.5727241615332,2004.8507627095953,1992.8680769259201,2004.8657007341596,-12.278038548062113,12.278038548062113,False,False,0.0,11.997623808239496,50.4
sim0000_ME,108,29.861111101984534,0,2sm,3.097878165639972,4.303158396000443,9.63921416703478,True,0.9966130528423144,36.58175434752959,15.0,1992.4974332648871,1992.5727241615332,1992.5727241615332,1992.5727241615332,1992.5727241615332,1992.5727241615332,2004.8507627095953,1992.8680769259201,2004.8657007341596,-12.278038548062113,12.278038548062113,False,False,0.0,11.997623808239496,50.4
sim0000_ME,108,29.861111101984534,0,2sm,3.097878165639972,4.303158396000443,9.63921416703478,True,0.9966130528423144,36.58175434752959,16.0,1992.4974332648871,1992.5727241615332,1992.5727241615332,1992.5727241615332,1992.5727241615332,1992.5727241615332,2004.8507627095953,1992.8680769259201,2004.8657007341596,-12.278038548062113,12.278038548062113,False,False,0.0,11.997623808239496,50.4
sim0000_ME,108,29.861111101984534,0,2sm,3.097878165639972,4.303158396000443,9.63921416703478,True,0.9966130528423144,36.58175434752959,17.0,1992.4974332648871,1992.5727241615332,1992.5727241615332,1992.5727241615332,1992.5727241615332,1992.5727241615332,2004.8507627095953,1992.8680769259201,2004.8657007341596,-12.278038548062113,12.278038548062113,False,False,0.0,11.997623808239496,50.4
sim0000_ME,108,29.861111101984534,0,2sm,3.097878165639972,4.303158396000443,9.63921416703478,True,0.9966130528423144,36.58175434752959,18.0,1992.4974332648871,1992.5727241615332,1992.5727241615332,1992.5727241615332,1992.5727241615332,1992.5727241615332,2004.8507627095953,1992.8680769259201,2004.8657007341596,-12.278038548062113,12.278038548062113,False,False,0.0,11.997623808239496,50.4
sim0000_ME,108,29.861111101984534,0,2sm,3.097878165639972,4.303158396000443,9.63921416703478,True,0.9966130528423144,36.58175434752959,19.0,1992.4974332648871,1992.5727241615332,1992.5727241615332,1992.5727241615332,1992.5727241615332,1992.5727241615332,2004.8657007341596,1992.8704670098502,2010.8558485840322,-12.292976572626458,12.292976572626458,False,False,0.0,17.98538157418193,50.4
sim0000_ME,108,29.861111101984534,0,2sm,3.097878165639972,4.303158396000443,9.63921416703478,True,0.9966130528423144,36.58175434752959,19.583333333333258,1992.4974332648871,1992.5727241615332,1992.5727241615332,1992.5727241615332,1992.5727241615332,1992.5727241615332,2004.8657007341596,1992.8704670098502,2010.8558485840322,-12.292976572626458,12.292976572626458,False,False,0.0,17.98538157418193,50.4
sim0000_ME,108,29.861111101984534,1,2sm,3.097878165639972,3.0152045725927694,9.63921416703478,True,0.9957632817629105,21.093702164483748,1.0,1997.0807665982204,1997.1560574948664,1997.1560574948664,1997.1560574948664,1997.1560574948664,1997.1560574948664,1997.0829899366931,1997.0829899366931,1997.0829899366931,0.07306755817330668,0.07306755817330668,False,False,0.0,0.0,50.4
sim0000_ME,108,29.861111101984534,1,2sm,3.097878165639972,3.0152045725927694,9.63921416703478,True,0.9957632817629105,21.093702164483748,2.0,1997.0807665982204,1997.1560574948664,1997.1560574948664,1997.1560574948664,1997.1560574948664,1997.1560574948664,1998.8606148597228,1998.8307388105966,1998.905428933413,-1.7045573648563277,1.7045573648563277,False,False,0.0,0.07469012281649157,50.4
sim0000_ME,108,29.861111101984534,1,2sm,3.097878165639972,3.0152045725927694,9.63921416703478,True,0.9957632817629105,21.093702164483748,3.0,1997.0807665982204,1997.1560574948664,1997.1560574948664,1997.1560574948664,1997.1560574948664,1997.1560574948664,1998.8606148597228,1998.8307388105966,1998.905428933413,-1.7045573648563277,1.7045573648563277,False,False,0.0,0.07469012281649157,50.4
sim0000_ME,108,29.861111101984534,1,2sm,3.097878165639972,3.0152045725927694,9.63921416703478,True,0.9957632817629105,21.093702164483748,4.0,1997.0807665982204,1997.1560574948664,1997.1560574948664,1997.1560574948664,1997.1560574948664,1997.1560574948664,1998.8606148597228,1998.8307388105966,1998.905428933413,-1.7045573648563277,1.7045573648563277,False,False,0.0,0.07469012281649157,50.4
sim0000_ME,108,29.861111101984534,1,2sm,3.097878165639972,3.0152045725927694,9.63921416703478,True,0.9957632817629105,21.093702164483748,5.0,1997.0807665982204,1997.1560574948664,1997.1560574948664,1997.1560574948664,1997.1560574948664,1997.1560574948664,1998.8606148597228,1998.8307388105966,1998.905428933413,-1.7045573648563277,1.7045573648563277,False,False,0.0,0.07469012281649157,50.4
sim0000_ME,108,29.861111101984534,1,2sm,3.097878165639972,3.0152045725927694,9.63921416703478,True,0.9957632817629105,21.093702164483748,6.0,1997.0807665982204,1997.1560574948664,1997.1560574948664,1997.1560574948664,1997.1560574948664,1997.1560574948664,1998.8606148597228,1998.8307388105966,1998.905428933413,-1.7045573648563277,1.7045573648563277,False,False,0.0,0.07469012281649157,50.4
sim0000_ME,108,29.861111101984534,1,2sm,3.097878165639972,3.0152045725927694,9.63921416703478,True,0.9957632817629105,21.093702164483748,7.0,1997.0807665982204,1997.1560574948664,1997.1560574948664,1997.1560574948664,1997.1560574948664,1997.1560574948664,1998.8606148597228,1998.8307388105966,1998.905428933413,-1.7045573648563277,1.7045573648563277,False,False,0.0,0.07469012281649157,50.4
sim0000_ME,108,29.861111101984534,1,2sm,3.097878165639972,3.0152045725927694,9.63921416703478,True,0.9957632817629105,21.093702164483748,8.0,1997.0807665982204,1997.1560574948664,1997.1560574948664,1997.1560574948664,1997.1560574948664,1997.1560574948664,1998.905428933413,1998.8307388105966,2004.8806387587226,-1.749371438546632,1.749371438546632,False,False,0.0,6.04989994812604,50.4
sim0000_ME,108,29.861111101984534,1,2sm,3.097878165639972,3.0152045725927694,9.63921416703478,True,0.9957632817629105,21.093702164483748,9.0,1997.0807665982204,1997.1560574948664,1997.1560574948664,1997.1560574948664,1997.1560574948664,1997.1560574948664,1998.905428933413,1998.8307388105966,2004.8806387587226,-1.749371438546632,1.749371438546632,False,False,0.0,6.04989994812604,50.4
sim0000_ME,108,29.861111101984534,1,2sm,3.097878165639972,3.0152045725927694,9.63921416703478,True,0.9957632817629105,21.093702164483748,10.0,1997.0807665982204,1997.1560574948664,1997.1560574948664,1997.1560574948664,1997.1560574948664,1997.1560574948664,1998.905428933413,1998.8307388105966,2004.8806387587226,-1.749371438546632,1.749371438546632,False,False,0.0,6.04989994812604,50.4
sim0000_ME,108,29.861111101984534,1,2sm,3.097878165639972,3.0152045725927694,9.63921416703478,True,0.9957632817629105,21.093702164483748,11.0,1997.0807665982204,1997.1560574948664,1997.1560574948664,1997.1560574948664,1997.1560574948664,1997.1560574948664,1998.905428933413,1998.8307388105966,2004.8806387587226,-1.749371438546632,1.749371438546632,False,False,0.0,6.04989994812604,50.4
sim0000_ME,108,29.861111101984534,1,2sm,3.097878165639972,3.0152045725927694,9.63921416703478,True,0.9957632817629105,21.093702164483748,12.0,1997.0807665982204,1997.1560574948664,1997.1560574948664,1997.1560574948664,1997.1560574948664,1997.1560574948664,1998.905428933413,1998.8307388105966,2004.8806387587226,-1.749371438546632,1.749371438546632,False,False,0.0,6.04989994812604,50.4
sim0000_ME,108,29.861111101984534,1,2sm,3.097878165639972,3.0152045725927694,9.63921416703478,True,0.9957632817629105,21.093702164483748,13.0,1997.0807665982204,1997.1560574948664,1997.1560574948664,1997.1560574948664,1997.1560574948664,1997.1560574948664,1998.905428933413,1998.8307388105966,2004.8806387587226,-1.749371438546632,1.749371438546632,False,False,0.0,6.04989994812604,50.4
sim0000_ME,108,29.861111101984534,1,2sm,3.097878165639972,3.0152045725927694,9.63921416703478,True,0.9957632817629105,21.093702164483748,14.0,1997.0807665982204,1997.1560574948664,1997.1560574948664,1997.1560574948664,1997.1560574948664,1997.1560574948664,2004.8208866604691,1998.8307388105966,2010.8558485840322,-7.664829165602669,7.664829165602669,False,False,0.0,12.025109773435588,50.4
sim0000_ME,108,29.861111101984534,1,2sm,3.097878165639972,3.0152045725927694,9.63921416703478,True,0.9957632817629105,21.093702164483748,15.0,1997.0807665982204,1997.1560574948664,1997.1560574948664,1997.1560574948664,1997.1560574948664,1997.1560574948664,2004.8208866604691,1998.8307388105966,2010.8558485840322,-7.664829165602669,7.664829165602669,False,False,0.0,12.025109773435588,50.4
sim0000_ME,108,29.861111101984534,1,2sm,3.097878165639972,3.0152045725927694,9.63921416703478,True,0.9957632817629105,21.093702164483748,15.0,1997.0807665982204,1997.1560574948664,1997.1560574948664,1997.1560574948664,1997.1560574948664,1997.1560574948664,2004.8208866604691,1998.8307388105966,2010.8558485840322,-7.664829165602669,7.664829165602669,False,False,0.0,12.025109773435588,50.4
sim0000_ME,108,29.861111101984534,2,1m,2.200839721862887,1.0,13.568053504918016,True,0.9982627288832617,35.64814175230659,1.0,2001.5252110335382,2002.5245265708413,2002.5245265708413,2002.5245265708413,2002.5245265708413,2002.5245265708413,2001.5345212565485,2001.5345212565485,2001.5345212565485,0.99000531429283,0.99000531429283,False,False,0.0,0.0,50.4
sim0000_ME,108,29.861111101984534,2,1m,2.200839721862887,1.0,13.568053504918016,True,0.9982627288832617,35.64814175230659,2.0,2001.5252110335382,2003.1542322518817,2003.1268537440103,2003.181610759753,2003.1268537440103,2003.2089892676242,2001.5345212565485,2001.5345212565485,2001.5345212565485,1.6197109953332074,1.6197109953332074,False,False,0.05475701574277991,0.0,50.4
sim0000_ME,108,29.861111101984534,2,1m,2.200839721862887,1.0,13.568053504918016,True,0.9982627288832617,35.64814175230659,3.0,2001.5252110335382,2003.1542322518817,2003.1268537440103,2003.181610759753,2003.1268537440103,2003.2089892676242,2003.8200390147304,2003.8200390147304,2003.8349770392933,-0.6658067628486606,0.6658067628486606,False,False,0.05475701574277991,0.01493802456297999,50.4
sim0000_ME,108,29.861111101984534,2,1m,2.200839721862887,1.0,13.568053504918016,True,0.9982627288832617,35.64814175230659,4.0,2001.5252110335382,2003.1542322518817,2003.1268537440103,2003.181610759753,2003.1268537440103,2003.2089892676242,2003.8200390147304,2003.8200390147304,2003.8349770392933,-0.6658067628486606,0.6658067628486606,False,False,0.05475701574277991,0.01493802456297999,50.4
sim0000_ME,108,29.861111101984534,2,1m,2.200839721862887,1.0,13.568053504918016,True,0.9982627288832617,35.64814175230659,5.0,2001.5252110335382,2003.1542322518817,2003.1268537440103,2003.181610759753,2003.1268537440103,2003.2089892676242,2003.8200390147304,2003.8200390147304,2006.2698750431068,-0.6658067628486606,0.6658067628486606,False,False,0.05475701574277991,2.449836028376467,50.4
sim0000_ME,108,29.861111101984534,2,1m,2.200839721862887,1.0,13.568053504918016,True,0.9982627288832617,35.64814175230659,6.0,2001.5252110335382,2003.1542322518817,2003.1268537440103,2003.181610759753,2003.1268537440103,2003.2089892676242,2003.8200390147304,2003.8200390147304,2006.2698750431068,-0.6658067628486606,0.6658067628486606,False,False,0.05475701574277991,2.449836028376467,50.4
sim0000_ME,108,29.861111101984534,2,1m,2.200839721862887,1.0,13.568053504918016,True,0.9982627288832617,35.64814175230659,7.0,2001.5252110335382,2003.1542322518817,2003.1268537440103,2003.181610759753,2003.1268537440103,2003.2089892676242,2003.8200390147304,2003.8200390147304,2006.2698750431068,-0.6658067628486606,0.6658067628486606,False,False,0.05475701574277991,2.449836028376467,50.4
sim0000_ME,108,29.861111101984534,2,1m,2.200839721862887,1.0,13.568053504918016,True,0.9982627288832617,35.64814175230659,8.0,2001.5252110335382,2003.1542322518817,2003.1268537440103,2003.181610759753,2003.1268537440103,2003.2089892676242,2003.8499150638563,2003.8200390147304,2008.7047730469203,-0.6956828119746206,0.6956828119746206,False,False,0.05475701574277991,4.884734032189954,50.4
sim0000_ME,108,29.861111101984534,2,1m,2.200839721862887,1.0,13.568053504918016,True,0.9982627288832617,35.64814175230659,9.0,2001.5252110335382,2003.1542322518817,2003.1268537440103,2003.181610759753,2003.1268537440103,2003.2089892676242,2003.8499150638563,2003.8200390147304,2008.7047730469203,-0.6956828119746206,0.6956828119746206,False,False,0.05475701574277991,4.884734032189954,50.4
sim0000_ME,108,29.861111101984534,2,1m,2.200839721862887,1.0,13.568053504918016,True,0.9982627288832617,35.64814175230659,10.0,2001.5252110335382,2003.1542322518817,2003.1268537440103,2003.181610759753,2003.1268537440103,2003.2089892676242,2006.2549370185438,2003.8200390147304,2008.7197110714833,-3.1007047666621474,3.1007047666621474,False,False,0.05475701574277991,4.899672056752934,50.4
sim0000_ME,108,29.861111101984534,2,1m,2.200839721862887,1.0,13.568053504918016,True,0.9982627288832617,35.64814175230659,10.555555564682209,2001.5252110335382,2003.1542322518817,2003.1268537440103,2003.181610759753,2003.1268537440103,2003.2089892676242,2006.2549370185438,2003.8200390147304,2008.7197110714833,-3.1007047666621474,3.1007047666621474,False,False,0.05475701574277991,4.899672056752934,50.4
sim0001_K,108,29.861111101984534,0,2sm,6.991345522539542,4.999999999999999,4.271153672167208,True,0.9421343252777111,2.284961305933344,1.0,1992.4974332648871,1992.6548596851471,1992.5727241615332,1992.6548596851471,1992.5727241615332,1992.736995208761,1992.5119544203321,1992.5119544203321,1992.5119544203321,0.1429052648149991,0.1429052648149991,False,False,0.0821355236139425,0.0,50.4
sim0001_K,108,29.861111101984534,0,2sm,6.991345522539542,4.999999999999999,4.271153672167208,True,0.9421343252777111,2.284961305933344,2.0,1992.4974332648871,1994.4823750855578,1994.4823750855578,1994.4823750855578,1994.4823750855578,1994.4823750855578,1994.4837736626837,1994.4837736626837,1994.4837736626837,-0.0013985771258830937,0.0013985771258830937,False,False,0.0,0.0,50.4
sim0001_K,108,29.861111101984534,0,2sm,6.991345522539542,4.999999999999999,4.271153672167208,True,0.9421343252777111,2.284961305933344,3.0,1992.4974332648871,1995.4953798767967,1995.4953798767967,1995.4953798767967,1995.4953798767967,1995.4953798767967,1995.185860817158,1995.1410467434675,1995.200798841721,0.3095190596386601,0.3095190596386601,False,False,0.0,0.059752098253511576,50.4
sim0001_K,108,29.861111101984534,0,2sm,6.991345522539542,4.999999999999999,4.271153672167208,True,0.9421343252777111,2.284961305933344,4.0,1992.4974332648871,1996.4810061601643,1996.4810061601643,1996.4810061601643,1996.4810061601643,1996.4810061601643,1995.185860817158,1995.1410467434675,1995.200798841721,1.2951453430061974,1.2951453430061974,False,False,0.0,0.059752098253511576,50.4
sim0001_K,108,29.861111101984534,0,2sm,6.991345522539542,4.999999999999999,4.271153672167208,True,0.9421343252777111,2.284961305933344,5.0,1992.4974332648871,1996.6452772073922,1996.6178986995208,1996.6726557152635,1996.6178986995208,1996.76916495551,1995.185860817158,1995.1410467434675,1995.200798841721,1.4594163902340824,1.4594163902340824,False,False,0.05475701574277991,0.059752098253511576,50.4
sim0001_K,108,29.861111101984534,0,2sm,6.991345522539542,4.999999999999999,4.271153672167208,True,0.9421343252777111,2.284961305933344,6.0,1992.4974332648871,1996.6452772073922,1996.6178986995208,1996.6726557152635,1996.6178986995208,1996.76916495551,1995.185860817158,1995.1410467434675,1995.200798841721,1.4594163902340824,1.4594163902340824,False,False,0.05475701574277991,0.059752098253511576,50.4
sim0001_K,108,29.861111101984534,0,2sm,6.991345522539542,4.999999999999999,4.271153672167208,True,0.9421343252777111,2.284961305933344,7.0,1992.4974332648871,1996.6452772073922,1996.6178986995208,1996.6726557152635,1996.6178986995208,1996.76916495551,1995.185860817158,1995.1410467434675,1995.200798841721,1.4594163902340824,1.4594163902340824,False,False,0.05475701574277991,0.059752098253511576,50.4
sim0001_K,108,29.861111101984534,0,2sm,6.991345522539542,4.999999999999999,4.271153672167208,True,0.9421343252777111,2.284961305933344,8.0,1992.4974332648871,1996.6452772073922,1996.6178986995208,1996.6726557152635,1996.6178986995208,1996.76916495551,1995.185860817158,1995.1410467434675,1995.200798841721,1.4594163902340824,1.4594163902340824,False,False,0.05475701574277991,0.059752098253511576,50.4
sim0001_K,108,29.861111101984534,0,2sm,6.991345522539542,4.999999999999999,4.271153672167208,True,0.9421343252777111,2.284961305933344,9.0,1992.4974332648871,1996.6452772073922,1996.6178986995208,1996.6726557152635,1996.6178986995208,1996.76916495551,1995.185860817158,1995.1410467434675,1995.200798841721,1.4594163902340824,1.4594163902340824,False,False,0.05475701574277991,0.059752098253511576,50.4
sim0001_K,108,29.861111101984534,0,2sm,6.991345522539542,4.999999999999999,4.271153672167208,True,0.9421343252777111,2.284961305933344,10.0,1992.4974332648871,1996.6452772073922,1996.6178986995208,1996.6726557152635,1996.6178986995208,1996.76916495551,1995.185860817158,1995.1410467434675,1995.200798841721,1.4594163902340824,1.4594163902340824,False,False,0.05475701574277991,0.059752098253511576,50.4
sim0001_K,108,29.861111101984534,0,2sm,6.991345522539542,4.999999999999999,4.271153672167208,True,0.9421343252777111,2.284961305933344,11.0,1992.4974332648871,1996.6452772073922,1996.6178986995208,1996.6726557152635,1996.6178986995208,1996.76916495551,1995.185860817158,1995.1410467434675,1995.200798841721,1.4594163902340824,1.4594163902340824,False,False,0.05475701574277991,0.059752098253511576,50.4
sim0001_K,108,29.861111101984534,0,2sm,6.991345522539542,4.999999999999999,4.271153672167208,True,0.9421343252777111,2.284961305933344,12.0,1992.4974332648871,1996.6452772073922,1996.6178986995208,1996.6726557152635,1996.6178986995208,1996.76916495551,1995.200798841721,1995.1709227925937,2003.6706587690974,1.4444783656711024,1.4444783656711024,False,False,0.05475701574277991,8.499735976503644,50.4
sim0001_K,108,29.861111101984534,0,2sm,6.991345522539542,4.999999999999999,4.271153672167208,True,0.9421343252777111,2.284961305933344,13.0,1992.4974332648871,1996.6452772073922,1996.6178986995208,1996.6726557152635,1996.6178986995208,1996.76916495551,1995.200798841721,1995.1709227925937,2003.6706587690974,1.4444783656711024,1.4444783656711024,False,False,0.05475701574277991,8.499735976503644,50.4
sim0001_K,108,29.861111101984534,0,2sm,6.991345522539542,4.999999999999999,4.271153672167208,True,0.9421343252777111,2.284961305933344,14.0,1992.4974332648871,1996.6452772073922,1996.6178986995208,1996.6726557152635,1996.6178986995208,1996.76916495551,1995.200798841721,1995.1709227925937,2003.6706587690974,1.4444783656711024,1.4444783656711024,False,False,0.05475701574277991,8.499735976503644,50.4
sim0001_K,108,29.861111101984534,0,2sm,6.991345522539542,4.999999999999999,4.271153672167208,True,0.9421343252777111,2.284961305933344,15.0,1992.4974332648871,1996.6452772073922,1996.6178986995208,1996.6726557152635,1996.6178986995208,1996.76916495551,1995.200798841721,1995.1709227925937,2003.6706587690974,1.4444783656711024,1.4444783656711024,False,False,0.05475701574277991,8.499735976503644,50.4
sim0001_K,108,29.861111101984534,0,2sm,6.991345522539542,4.999999999999999,4.271153672167208,True,0.9421343252777111,2.284961305933344,16.0,1992.4974332648871,1996.6452772073922,1996.6178986995208,1996.6726557152635,1996.6178986995208,1996.76916495551,1995.200798841721,1995.1709227925937,2003.6706587690974,1.4444783656711024,1.4444783656711024,False,False,0.05475701574277991,8.499735976503644,50.4
sim0001_K,108,29.861111101984534,0,2sm,6.991345522539542,4.999999999999999,4.271153672167208,True,0.9421343252777111,2.284961305933344,17.0,1992.4974332648871,1996.6452772073922,1996.6178986995208,1996.6726557152635,1996.6178986995208,1996.76916495551,1995.200798841721,1995.1709227925937,2003.6706587690974,1.4444783656711024,1.4444783656711024,False,False,0.05475701574277991,8.499735976503644,50.4
sim0001_K,108,29.861111101984534,0,2sm,6.991345522539542,4.999999999999999,4.271153672167208,True,0.9421343252777111,2.284961305933344,18.0,1992.4974332648871,1996.6452772073922,1996.6178986995208,1996.6726557152635,1996.6178986995208,1996.76916495551,1995.200798841721,1995.1709227925937,2003.6706587690974,1.4444783656711024,1.4444783656711024,False,False,0.05475701574277991,8.499735976503644,50.4
sim0001_K,108,29.861111101984534,0,2sm,6.991345522539542,4.999999999999999,4.271153672167208,True,0.9421343252777111,2.284961305933344,19.0,1992.4974332648871,1996.6452772073922,1996.6178986995208,1996.6726557152635,1996.6178986995208,1996.76916495551,1995.200798841721,1995.1709227925937,2003.6706587690974,1.4444783656711024,1.4444783656711024,False,False,0.05475701574277991,8.499735976503644,50.4
sim0001_K,108,29.861111101984534,0,2sm,6.991345522539542,4.999999999999999,4.271153672167208,True,0.9421343252777111,2.284961305933344,19.583333333333258,1992.4974332648871,1996.6452772073922,1996.6178986995208,1996.6726557152635,1996.6178986995208,1996.76916495551,1995.200798841721,1995.1709227925937,2003.6706587690974,1.4444783656711024,1.4444783656711024,False,False,0.05475701574277991,8.499735976503644,50.4
sim0001_K,108,29.861111101984534,1,2sm,7.013723947278897,4.999999999999999,4.2575258630716,True,0.9978238068176112,1.845820499160842,1.0,1997.0807665982204,1997.1560574948664,1997.1560574948664,1997.1560574948664,1997.1560574948664,1997.1560574948664,1997.0829899366931,1997.0829899366931,1997.0829899366931,0.07306755817330668,0.07306755817330668,False,False,0.0,0.0,50.4
sim0001_K,108,29.861111101984534,1,2sm,7.013723947278897,4.999999999999999,4.2575258630716,True,0.9978238068176112,1.845820499160842,2.0,1997.0807665982204,1997.1560574948664,1997.1560574948664,1997.1560574948664,1997.1560574948664,1997.1560574948664,1998.7411106632171,1998.7261726386541,1998.7411106632171,-1.5850531683506688,1.5850531683506688,False,False,0.0,0.01493802456297999,50.4
sim0001_K,108,29.861111101984534,1,2sm,7.013723947278897,4.999999999999999,4.2575258630716,True,0.9978238068176112,1.845820499160842,3.0,1997.0807665982204,1997.1560574948664,1997.1560574948664,1997.1560574948664,1997.1560574948664,1997.1560574948664,1998.7411106632171,1998.7261726386541,1998.7411106632171,-1.5850531683506688,1.5850531683506688,False,False,0.0,0.01493802456297999,50.4
sim0001_K,108,29.861111101984534,1,2sm,7.013723947278897,4.999999999999999,4.2575258630716,True,0.9978238068176112,1.845820499160842,4.0,1997.0807665982204,1997.1560574948664,1997.1560574948664,1997.1560574948664,1997.1560574948664,1997.1560574948664,1998.7411106632171,1998.7261726386541,1998.7411106632171,-1.5850531683506688,1.5850531683506688,False,False,0.0,0.01493802456297999,50.4
sim0001_K,108,29.861111101984534,1,2sm,7.013723947278897,4.999999999999999,4.2575258630716,True,0.9978238068176112,1.845820499160842,5.0,1997.0807665982204,1997.1560574948664,1997.1560574948664,1997.1560574948664,1997.1560574948664,1997.1560574948664,1998.7411106632171,1998.7261726386541,1998.7411106632171,-1.5850531683506688,1.5850531683506688,False,False,0.0,0.01493802456297999,50.4
sim0001_K,108,29.861111101984534,1,2sm,7.013723947278897,4.999999999999999,4.2575258630716,True,0.9978238068176112,1.845820499160842,6.0,1997.0807665982204,1997.1560574948664,1997.1560574948664,1997.1560574948664,1997.1560574948664,1997.1560574948664,2003.0507307497212,2003.0432617374397,2003.0581997620027,-5.894673254854752,5.894673254854752,False,False,0.0,0.01493802456297999,50.4
sim0001_K,108,29.861111101984534,1,2sm,7.013723947278897,4.999999999999999,4.2575258630716,True,0.9978238068176112,1.845820499160842,7.0,1997.0807665982204,1997.1560574948664,1997.1560574948664,1997.1560574948664,1997.1560574948664,1997.1560574948664,2003.0507307497212,2003.0432617374397,2003.0581997620027,-5.894673254854752,5.894673254854752,False,False,0.0,0.01493802456297999,50.4
sim0001_K,108,29.861111101984534,1,2sm,7.013723947278897,4.999999999999999,4.2575258630716,True,0.9978238068176112,1.845820499160842,8.0,1997.0807665982204,1997.1560574948664,1997.1560574948664,1997.1560574948664,1997.1560574948664,1997.1560574948664,2005.000142955228,2004.985204930665,2005.000142955228,-7.844085460361612,7.844085460361612,False,False,0.0,0.01493802456297999,50.4
sim0001_K,108,29.861111101984534,1,2sm,7.013723947278897,4.999999999999999,4.2575258630716,True,0.9978238068176112,1.845820499160842,9.0,1997.0807665982204,1997.1560574948664,1997.1560574948664,1997.1560574948664,1997.1560574948664,1997.1560574948664,2005.000142955228,2004.985204930665,2005.000142955228,-7.844085460361612,7.844085460361612,False,False,0.0,0.01493802456297999,50.4
sim0001_K,108,29.861111101984534,1,2sm,7.013723947278897,4.999999999999999,4.2575258630716,True,0.9978238068176112,1.845820499160842,10.0,1997.0807665982204,1997.1560574948664,1997.1560574948664,1997.1560574948664,1997.1560574948664,1997.1560574948664,2005.000142955228,2004.985204930665,2005.000142955228,-7.844085460361612,7.844085460361612,False,False,0.0,0.01493802456297999,50.4
sim0001_K,108,29.861111101984534,1,2sm,7.013723947278897,4.999999999999999,4.2575258630716,True,0.9978238068176112,1.845820499160842,11.0,1997.0807665982204,1997.1560574948664,1997.1560574948664,1997.1560574948664,1997.1560574948664,1997.1560574948664,2005.000142955228,2004.985204930665,2005.000142955228,-7.844085460361612,7.844085460361612,False,False,0.0,0.01493802456297999,50.4
sim0001_K,108,29.861111101984534,1,2sm,7.013723947278897,4.999999999999999,4.2575258630716,True,0.9978238068176112,1.845820499160842,12.0,1997.0807665982204,1997.1560574948664,1997.1560574948664,1997.1560574948664,1997.1560574948664,1997.1560574948664,2005.000142955228,2004.985204930665,2005.000142955228,-7.844085460361612,7.844085460361612,False,False,0.0,0.01493802456297999,50.4
sim0001_K,108,29.861111101984534,1,2sm,7.013723947278897,4.999999999999999,4.2575258630716,True,0.9978238068176112,1.845820499160842,13.0,1997.0807665982204,1997.1560574948664,1997.1560574948664,1997.1560574948664,1997.1560574948664,1997.1560574948664,2005.000142955228,2004.985204930665,2005.000142955228,-7.844085460361612,7.844085460361612,False,False,0.0,0.01493802456297999,50.4
sim0001_K,108,29.861111101984534,1,2sm,7.013723947278897,4.999999999999999,4.2575258630716,True,0.9978238068176112,1.845820499160842,14.0,1997.0807665982204,1997.1560574948664,1997.1560574948664,1997.1560574948664,1997.1560574948664,1997.1560574948664,2005.000142955228,2004.985204930665,2005.000142955228,-7.844085460361612,7.844085460361612,False,False,0.0,0.01493802456297999,50.4
sim0001_K,108,29.861111101984534,1,2sm,7.013723947278897,4.999999999999999,4.2575258630716,True,0.9978238068176112,1.845820499160842,15.0,1997.0807665982204,1997.1560574948664,1997.1560574948664,1997.1560574948664,1997.1560574948664,1997.1560574948664,2005.000142955228,2004.985204930665,2005.000142955228,-7.844085460361612,7.844085460361612,False,False,0.0,0.01493802456297999,50.4
sim0001_K,108,29.861111101984534,1,2sm,7.013723947278897,4.999999999999999,4.2575258630716,True,0.9978238068176112,1.845820499160842,15.0,1997.0807665982204,1997.1560574948664,1997.1560574948664,1997.1560574948664,1997.1560574948664,1997.1560574948664,2005.000142955228,2004.985204930665,2005.000142955228,-7.844085460361612,7.844085460361612,False,False,0.0,0.01493802456297999,50.4
sim0001_K,108,29.861111101984534,2,3sml,7.287807770864829,4.999999999999999,4.0974065234490915,True,0.9915066147281448,1.7564735969012586,1.0,2001.5252110335382,2002.5245265708413,2002.5245265708413,2002.5245265708413,2002.5245265708413,2002.5245265708413,2002.5204308777256,2002.5204308777256,2002.5204308777256,0.004095693115687027,0.004095693115687027,False,False,0.0,0.0,50.4
sim0001_K,108,29.861111101984534,2,3sml,7.287807770864829,4.999999999999999,4.0974065234490915,True,0.9915066147281448,1.7564735969012586,2.0,2001.5252110335382,2003.5101528542089,2003.5101528542089,2003.5101528542089,2003.5101528542089,2003.5101528542089,2003.5212785234644,2003.5212785234644,2003.5212785234644,-0.011125669255534376,0.011125669255534376,False,False,0.0,0.0,50.4
sim0001_K,108,29.861111101984534,2,3sml,7.287807770864829,4.999999999999999,4.0974065234490915,True,0.9915066147281448,1.7564735969012586,3.0,2001.5252110335382,2004.4136436139624,2004.35888659822,2004.468400629705,2004.3315080903485,2004.5231576454478,2004.0291713586155,2004.0142333340523,2004.0291713586155,0.3844722553469637,0.3844722553469637,False,False,0.10951403148510508,0.014938024563207364,50.4
sim0001_K,108,29.861111101984534,2,3sml,7.287807770864829,4.999999999999999,4.0974065234490915,True,0.9915066147281448,1.7564735969012586,4.0,2001.5252110335382,2004.4136436139624,2004.35888659822,2004.468400629705,2004.3315080903485,2004.6052931690617,2004.0291713586155,2004.0142333340523,2004.0291713586155,0.3844722553469637,0.3844722553469637,False,False,0.10951403148510508,0.014938024563207364,50.4
sim0001_K,108,29.861111101984534,2,3sml,7.287807770864829,4.999999999999999,4.0974065234490915,True,0.9915066147281448,1.7564735969012586,5.0,2001.5252110335382,2004.4136436139624,2004.35888659822,2004.468400629705,2004.3315080903485,2004.6052931690617,2004.0291713586155,2004.0142333340523,2004.0291713586155,0.3844722553469637,0.3844722553469637,False,False,0.10951403148510508,0.014938024563207364,50.4
sim0001_K,108,29.861111101984534,2,3sml,7.287807770864829,4.999999999999999,4.0974065234490915,True,0.9915066147281448,1.7564735969012586,6.0,2001.5252110335382,2004.4136436139624,2004.35888659822,2004.468400629705,2004.3315080903485,2004.6052931690617,2004.0291713586155,2004.0142333340523,2004.0291713586155,0.3844722553469637,0.3844722553469637,False,False,0.10951403148510508,0.014938024563207364,50.4
sim0001_K,108,29.861111101984534,2,3sml,7.287807770864829,4.999999999999999,4.0974065234490915,True,0.9915066147281448,1.7564735969012586,7.0,2001.5252110335382,2004.4136436139624,2004.35888659822,2004.468400629705,2004.3315080903485,2004.6052931690617,2004.0291713586155,2004.0142333340523,2004.0291713586155,0.3844722553469637,0.3844722553469637,False,False,0.10951403148510508,0.014938024563207364,50.4
sim0001_K,108,29.861111101984534,2,3sml,7.287807770864829,4.999999999999999,4.0974065234490915,True,0.9915066147281448,1.7564735969012586,8.0,2001.5252110335382,2004.4136436139624,2004.35888659822,2004.468400629705,2004.3315080903485,2004.6052931690617,2004.0291713586155,2004.0142333340523,2004.0291713586155,0.3844722553469637,0.3844722553469637,False,False,0.10951403148510508,0.014938024563207364,50.4
sim0001_K,108,29.861111101984534,2,3sml,7.287807770864829,4.999999999999999,4.0974065234490915,True,0.9915066147281448,1.7564735969012586,9.0,2001.5252110335382,2004.4136436139624,2004.35888659822,2004.468400629705,2004.3315080903485,2004.6052931690617,2004.0291713586155,2004.0142333340523,2004.0291713586155,0.3844722553469637,0.3844722553469637,False,False,0.10951403148510508,0.014938024563207364,50.4
sim0001_K,108,29.861111101984534,2,3sml,7.287807770864829,4.999999999999999,4.0974065234490915,True,0.9915066147281448,1.7564735969012586,10.0,2001.5252110335382,2004.4136436139624,2004.35888659822,2004.468400629705,2004.3315080903485,2004.6052931690617,2011.184485124424,2004.0291713586155,2011.184485124424,-6.770841510461651,6.770841510461651,False,False,0.10951403148510508,7.155313765808614,50.4
sim0001_K,108,29.861111101984534,2,3sml,7.287807770864829,4.999999999999999,4.0974065234490915,True,0.9915066147281448,1.7564735969012586,10.555555564682209,2001.5252110335382,2004.4136436139624,2004.35888659822,2004.468400629705,2004.3315080903485,2004.6052931690617,2011.184485124424,2004.0291713586155,2011.184485124424,-6.770841510461651,6.770841510461651,False,False,0.10951403148510508,7.155313765808614,50.4
sim0001_K,108,29.861111101984534,3,2sm,7.1047914421995655,4.999999999999999,4.202953928333731,True,0.9898905452034616,2.0709943126661803,1.0,2006.2474332648871,2006.3227241615332,2006.3227241615332,2006.3227241615332,2006.3227241615332,2006.3227241615332,2007.2408466397196,2007.2408466397196,2007.2408466397196,-0.918122478186433,0.918122478186433,False,False,0.0,0.0,50.4
sim0001_K,108,29.861111101984534,3,2sm,7.1047914421995655,4.999999999999999,4.202953928333731,True,0.9898905452034616,2.0709943126661803,2.0,2006.2474332648871,2006.3227241615332,2006.3227241615332,2006.3227241615332,2006.3227241615332,2006.3227241615332,2008.2416942854584,2008.2416942854584,2008.2416942854584,-1.9189701239251917,1.9189701239251917,False,False,0.0,0.0,50.4
sim0001_K,108,29.861111101984534,3,2sm,7.1047914421995655,4.999999999999999,4.202953928333731,True,0.9898905452034616,2.0709943126661803,3.0,2006.2474332648871,2009.2453798767967,2009.2453798767967,2009.2453798767967,2009.2453798767967,2009.2453798767967,2008.4807026784708,2008.4209505802187,2008.5105787275982,0.7646771983258986,0.7646771983258986,False,False,0.0,0.08962814737947156,50.4
sim0001_K,108,29.861111101984534,3,2sm,7.1047914421995655,4.999999999999999,4.202953928333731,True,0.9898905452034616,2.0709943126661803,4.0,2006.2474332648871,2010.2310061601643,2010.2310061601643,2010.2310061601643,2010.2310061601643,2010.2310061601643,2010.2433895769373,2010.2433895769373,2010.2433895769373,-0.01238341677299104,0.01238341677299104,False,False,0.0,0.0,50.4
sim0001_K,108,29.861111101984534,3,2sm,7.1047914421995655,4.999999999999999,4.202953928333731,True,0.9898905452034616,2.0709943126661803,5.0,2006.2474332648871,2011.1071184120465,2011.079739904175,2011.1344969199179,2011.052361396304,2011.1892539356604,2011.1247330261706,2011.1247330261706,2011.1396710507336,-0.01761461412411336,0.01761461412411336,True,True,0.05475701574277991,0.01493802456297999,50.4
sim0001_K,108,29.861111101984534,3,2sm,7.1047914421995655,4.999999999999999,4.202953928333731,True,0.9898905452034616,2.0709943126661803,5.8333333333332575,2006.2474332648871,2011.1071184120465,2011.079739904175,2011.1344969199179,2011.052361396304,2011.1892539356604,2011.1247330261706,2011.1247330261706,2011.1396710507336,-0.01761461412411336,0.01761461412411336,True,True,0.05475701574277991,0.01493802456297999,50.4
sim0001_K,108,29.861111101984534,4,3sml,7.184308257285312,4.999999999999999,4.156435112831303,True,0.9892511688932323,2.3289931890814146,0.972222231348951,2011.1085443668715,2011.3481063107456,2011.3481063107456,2011.3481063107456,2011.3481063107456,2011.3481063107456,2011.3039893209295,2011.3039893209295,2011.3189273454939,0.04411698981607515,0.04411698981607515,False,False,0.0,0.014938024564344232,50.4
sim0002_ME,108,29.861111101984534,0,2sm,3.2396308494362085,4.999999999999999,9.217442508050338,True,0.9919943399138198,4.122709048192821,1.0,1992.4974332648871,1993.3940793976728,1993.0655373032168,1993.3940793976728,1992.6548596851471,1993.3940793976728,1993.482926016945,1993.482926016945,1993.482926016945,-0.08884661927208981,0.08884661927208981,False,False,0.32854209445599736,0.0,50.4
sim0002_ME,108,29.861111101984534,0,2sm,3.2396308494362085,4.999999999999999,9.217442508050338,True,0.9919943399138198,4.122709048192821,2.0,1992.4974332648871,1993.3940793976728,1993.0655373032168,1993.3940793976728,1992.6548596851471,1993.5111225188227,1993.856376631026,1993.856376631026,1993.856376631026,-0.4622972333531834,0.4622972333531834,False,False,0.32854209445599736,0.0,50.4
sim0002_ME,108,29.861111101984534,0,2sm,3.2396308494362085,4.999999999999999,9.217442508050338,True,0.9919943399138198,4.122709048192821,3.0,1992.4974332648871,1993.3940793976728,1993.0655373032168,1993.3940793976728,1992.6548596851471,1993.5111225188227,1993.856376631026,1993.856376631026,1993.856376631026,-0.4622972333531834,0.4622972333531834,False,False,0.32854209445599736,0.0,50.4
sim0002_ME,108,29.861111101984534,0,2sm,3.2396308494362085,4.999999999999999,9.217442508050338,True,0.9919943399138198,4.122709048192821,4.0,1992.4974332648871,1993.3940793976728,1993.0655373032168,1993.3940793976728,1992.6548596851471,1993.5111225188227,1993.856376631026,1993.856376631026,1993.856376631026,-0.4622972333531834,0.4622972333531834,False,False,0.32854209445599736,0.0,50.4
sim0002_ME,108,29.861111101984534,0,2sm,3.2396308494362085,4.999999999999999,9.217442508050338,True,0.9919943399138198,4.122709048192821,5.0,1992.4974332648871,1993.3940793976728,1993.0655373032168,1993.3940793976728,1992.6548596851471,1993.5111225188227,1993.856376631026,1993.856376631026,1993.856376631026,-0.4622972333531834,0.4622972333531834,False,False,0.32854209445599736,0.0,50.4
sim0002_ME,108,29.861111101984534,0,2sm,3.2396308494362085,4.999999999999999,9.217442508050338,True,0.9919943399138198,4.122709048192821,6.0,1992.4974332648871,1993.3940793976728,1993.0655373032168,1993.3940793976728,1992.6548596851471,1993.5111225188227,1993.856376631026,1993.856376631026,1993.856376631026,-0.4622972333531834,0.4622972333531834,False,False,0.32854209445599736,0.0,50.4
sim0002_ME,108,29.861111101984534,0,2sm,3.2396308494362085,4.999999999999999,9.217442508050338,True,0.9919943399138198,4.122709048192821,7.0,1992.4974332648871,1993.3940793976728,1993.0655373032168,1993.3940793976728,1992.6548596851471,1993.5111225188227,1993.856376631026,1993.856376631026,1993.856376631026,-0.4622972333531834,0.4622972333531834,False,False,0.32854209445599736,0.0,50.4
sim0002_ME,108,29.861111101984534,0,2sm,3.2396308494362085,4.999999999999999,9.217442508050338,True,0.9919943399138198,4.122709048192821,8.0,1992.4974332648871,1993.3940793976728,1993.0655373032168,1993.3940793976728,1992.6548596851471,1993.5111225188227,1993.856376631026,1993.856376631026,1993.856376631026,-0.4622972333531834,0.4622972333531834,False,False,0.32854209445599736,0.0,50.4
sim0002_ME,108,29.861111101984534,0,2sm,3.2396308494362085,4.999999999999999,9.217442508050338,True,0.9919943399138198,4.122709048192821,9.0,1992.4974332648871,1993.3940793976728,1993.0655373032168,1993.3940793976728,1992.6548596851471,1993.5111225188227,1993.856376631026,1993.856376631026,1993.856376631026,-0.4622972333531834,0.4622972333531834,False,False,0.32854209445599736,0.0,50.4
sim0002_ME,108,29.861111101984534,0,2sm,3.2396308494362085,4.999999999999999,9.217442508050338,True,0.9919943399138198,4.122709048192821,10.0,1992.4974332648871,1993.3940793976728,1993.0655373032168,1993.3940793976728,1992.6548596851471,1993.5111225188227,1993.856376631026,1993.856376631026,1993.856376631026,-0.4622972333531834,0.4622972333531834,False,False,0.32854209445599736,0.0,50.4
sim0002_ME,108,29.861111101984534,0,2sm,3.2396308494362085,4.999999999999999,9.217442508050338,True,0.9919943399138198,4.122709048192821,11.0,1992.4974332648871,1993.3940793976728,1993.0655373032168,1993.3940793976728,1992.6548596851471,1993.5111225188227,1993.856376631026,1993.856376631026,1993.856376631026,-0.4622972333531834,0.4622972333531834,False,False,0.32854209445599736,0.0,50.4
sim0002_ME,108,29.861111101984534,0,2sm,3.2396308494362085,4.999999999999999,9.217442508050338,True,0.9919943399138198,4.122709048192821,12.0,1992.4974332648871,1993.3940793976728,1993.0655373032168,1993.3940793976728,1992.6548596851471,1993.5111225188227,1993.856376631026,1993.856376631026,1993.856376631026,-0.4622972333531834,0.4622972333531834,False,False,0.32854209445599736,0.0,50.4
sim0002_ME,108,29.861111101984534,0,2sm,3.2396308494362085,4.999999999999999,9.217442508050338,True,0.9919943399138198,4.122709048192821,13.0,1992.4974332648871,1993.3940793976728,1993.0655373032168,1993.3940793976728,1992.6548596851471,1993.5111225188227,1993.856376631026,1993.856376631026,1993.856376631026,-0.4622972333531834,0.4622972333531834,False,False,0.32854209445599736,0.0,50.4
sim0002_ME,108,29.861111101984534,0,2sm,3.2396308494362085,4.999999999999999,9.217442508050338,True,0.9919943399138198,4.122709048192821,14.0,1992.4974332648871,1993.3940793976728,1993.0655373032168,1993.3940793976728,1992.6548596851471,1993.5111225188227,2005.8516103553354,1993.856376631026,2005.8516103553354,-12.457530957662584,12.457530957662584,False,False,0.32854209445599736,11.9952337243094,50.4
sim0002_ME,108,29.861111101984534,0,2sm,3.2396308494362085,4.999999999999999,9.217442508050338,True,0.9919943399138198,4.122709048192821,15.0,1992.4974332648871,1993.3940793976728,1993.0655373032168,1993.3940793976728,1992.6548596851471,1993.5111225188227,2005.8516103553354,1993.856376631026,2005.8516103553354,-12.457530957662584,12.457530957662584,False,False,0.32854209445599736,11.9952337243094,50.4
sim0002_ME,108,29.861111101984534,0,2sm,3.2396308494362085,4.999999999999999,9.217442508050338,True,0.9919943399138198,4.122709048192821,16.0,1992.4974332648871,1993.3940793976728,1993.0655373032168,1993.3940793976728,1992.6548596851471,1993.5111225188227,2005.8516103553354,1993.856376631026,2005.8516103553354,-12.457530957662584,12.457530957662584,False,False,0.32854209445599736,11.9952337243094,50.4
sim0002_ME,108,29.861111101984534,0,2sm,3.2396308494362085,4.999999999999999,9.217442508050338,True,0.9919943399138198,4.122709048192821,17.0,1992.4974332648871,1993.3940793976728,1993.0655373032168,1993.3940793976728,1992.6548596851471,1993.5111225188227,2005.8516103553354,1993.856376631026,2005.8516103553354,-12.457530957662584,12.457530957662584,False,False,0.32854209445599736,11.9952337243094,50.4
sim0002_ME,108,29.861111101984534,0,2sm,3.2396308494362085,4.999999999999999,9.217442508050338,True,0.9919943399138198,4.122709048192821,18.0,1992.4974332648871,1993.3940793976728,1993.0655373032168,1993.3940793976728,1992.6548596851471,1993.5111225188227,2005.8516103553354,1993.856376631026,2005.8516103553354,-12.457530957662584,12.457530957662584,False,False,0.32854209445599736,11.9952337243094,50.4
sim0002_ME,108,29.861111101984534,0,2sm,3.2396308494362085,4.999999999999999,9.217442508050338,True,0.9919943399138198,4.122709048192821,19.0,1992.4974332648871,1993.3940793976728,1993.0655373032168,1993.3940793976728,1992.6548596851471,1993.5111225188227,2005.8516103553354,1993.856376631026,2005.8516103553354,-12.457530957662584,12.457530957662584,False,False,0.32854209445599736,11.9952337243094,50.4
sim0002_ME,108,29.861111101984534,0,2sm,3.2396308494362085,4.999999999999999,9.217442508050338,True,0.9919943399138198,4.122709048192821,19.583333333333258,1992.4974332648871,1993.3940793976728,1993.0655373032168,1993.3940793976728,1992.6548596851471,1993.5111225188227,2005.8516103553354,1993.856376631026,2005.8516103553354,-12.457530957662584,12.457530957662584,False,False,0.32854209445599736,11.9952337243094,50.4
sim0002_ME,108,29.861111101984534,1,2sm,3.1520101238031937,4.999999999999999,9.473672332611141,True,0.9815525141638405,3.7499782268930955,1.0,1997.0807665982204,1997.1560574948664,1997.1560574948664,1997.1560574948664,1997.1560574948664,1997.1560574948664,1997.6655728946605,1997.6506348700975,1997.6655728946605,-0.5095153997940542,0.5095153997940542,False,False,0.0,0.01493802456297999,50.4
sim0002_ME,108,29.861111101984534,1,2sm,3.1520101238031937,4.999999999999999,9.473672332611141,True,0.9815525141638405,3.7499782268930955,2.0,1997.0807665982204,1997.1560574948664,1997.1560574948664,1997.1560574948664,1997.1560574948664,1999.065708418891,1997.6655728946605,1997.6506348700975,1997.6655728946605,-0.5095153997940542,0.5095153997940542,False,True,0.0,0.01493802456297999,50.4
sim0002_ME,108,29.861111101984534,1,2sm,3.1520101238031937,4.999999999999999,9.473672332611141,True,0.9815525141638405,3.7499782268930955,3.0,1997.0807665982204,1997.1560574948664,1997.1560574948664,1997.1560574948664,1997.1560574948664,1999.3394934976043,1999.861462505463,1999.861462505463,1999.861462505463,-2.7054050105964507,2.7054050105964507,False,False,0.0,0.0,50.4
sim0002_ME,108,29.861111101984534,1,2sm,3.1520101238031937,4.999999999999999,9.473672332611141,True,0.9815525141638405,3.7499782268930955,4.0,1997.0807665982204,1997.1560574948664,1997.1560574948664,1997.1560574948664,1997.1560574948664,1999.3394934976043,1999.861462505463,1999.861462505463,1999.861462505463,-2.7054050105964507,2.7054050105964507,False,False,0.0,0.0,50.4
sim0002_ME,108,29.861111101984534,1,2sm,3.1520101238031937,4.999999999999999,9.473672332611141,True,0.9815525141638405,3.7499782268930955,5.0,1997.0807665982204,1997.1560574948664,1997.1560574948664,1997.1560574948664,1997.1560574948664,1999.3394934976043,1999.861462505463,1999.861462505463,1999.861462505463,-2.7054050105964507,2.7054050105964507,False,False,0.0,0.0,50.4
sim0002_ME,108,29.861111101984534,1,2sm,3.1520101238031937,4.999999999999999,9.473672332611141,True,0.9815525141638405,3.7499782268930955,6.0,1997.0807665982204,1997.1560574948664,1997.1560574948664,1997.1560574948664,1997.1560574948664,1999.3394934976043,1999.861462505463,1999.861462505463,1999.861462505463,-2.7054050105964507,2.7054050105964507,False,False,0.0,0.0,50.4
sim0002_ME,108,29.861111101984534,1,2sm,3.1520101238031937,4.999999999999999,9.473672332611141,True,0.9815525141638405,3.7499782268930955,7.0,1997.0807665982204,1997.1560574948664,1997.1560574948664,1997.1560574948664,1997.1560574948664,1999.3394934976043,1999.861462505463,1999.861462505463,1999.861462505463,-2.7054050105964507,2.7054050105964507,False,False,0.0,0.0,50.4
sim0002_ME,108,29.861111101984534,1,2sm,3.1520101238031937,4.999999999999999,9.473672332611141,True,0.9815525141638405,3.7499782268930955,8.0,1997.0807665982204,1997.1560574948664,1997.1560574948664,1997.1560574948664,1997.1560574948664,1999.3394934976043,1999.861462505463,1999.861462505463,1999.861462505463,-2.7054050105964507,2.7054050105964507,False,False,0.0,0.0,50.4
sim0002_ME,108,29.861111101984534,1,2sm,3.1520101238031937,4.999999999999999,9.473672332611141,True,0.9815525141638405,3.7499782268930955,9.0,1997.0807665982204,1997.1560574948664,1997.1560574948664,1997.1560574948664,1997.1560574948664,1999.3394934976043,1999.861462505463,1999.861462505463,2005.8516103553354,-2.7054050105964507,2.7054050105964507,False,False,0.0,5.990147849872528,50.4
sim0002_ME,108,29.861111101984534,1,2sm,3.1520101238031937,4.999999999999999,9.473672332611141,True,0.9815525141638405,3.7499782268930955,10.0,1997.0807665982204,1997.1560574948664,1997.1560574948664,1997.1560574948664,1997.1560574948664,1999.3394934976043,1999.861462505463,1999.861462505463,2005.8516103553354,-2.7054050105964507,2.7054050105964507,False,False,0.0,5.990147849872528,50.4
sim0002_ME,108,29.861111101984534,1,2sm,3.1520101238031937,4.999999999999999,9.473672332611141,True,0.9815525141638405,3.7499782268930955,11.0,1997.0807665982204,1997.1560574948664,1997.1560574948664,1997.1560574948664,1997.1560574948664,1999.3394934976043,1999.861462505463,1999.861462505463,2005.8516103553354,-2.7054050105964507,2.7054050105964507,False,False,0.0,5.990147849872528,50.4
sim0002_ME,108,29.861111101984534,1,2sm,3.1520101238031937,4.999999999999999,9.473672332611141,True,0.9815525141638405,3.7499782268930955,12.0,1997.0807665982204,1997.1560574948664,1997.1560574948664,1997.1560574948664,1997.1560574948664,1999.3394934976043,1999.861462505463,1999.861462505463,2005.8516103553354,-2.7054050105964507,2.7054050105964507,False,False,0.0,5.990147849872528,50.4
sim0002_ME,108,29.861111101984534,1,2sm,3.1520101238031937,4.999999999999999,9.473672332611141,True,0.9815525141638405,3.7499782268930955,13.0,1997.0807665982204,1997.1560574948664,1997.1560574948664,1997.1560574948664,1997.1560574948664,1999.3394934976043,1999.861462505463,1999.861462505463,2005.8516103553354,-2.7054050105964507,2.7054050105964507,False,False,0.0,5.990147849872528,50.4
sim0002_ME,108,29.861111101984534,1,2sm,3.1520101238031937,4.999999999999999,9.473672332611141,True,0.9815525141638405,3.7499782268930955,14.0,1997.0807665982204,1997.1560574948664,1997.1560574948664,1997.1560574948664,1997.1560574948664,1999.3394934976043,1999.861462505463,1999.861462505463,2005.8516103553354,-2.7054050105964507,2.7054050105964507,False,False,0.0,5.990147849872528,50.4
sim0002_ME,108,29.861111101984534,1,2sm,3.1520101238031937,4.999999999999999,9.473672332611141,True,0.9815525141638405,3.7499782268930955,15.0,1997.0807665982204,1997.1560574948664,1997.1560574948664,1997.1560574948664,1997.1560574948664,1999.3394934976043,1999.861462505463,1999.861462505463,2011.856696229771,-2.7054050105964507,2.7054050105964507,False,False,0.0,11.995233724308036,50.4
sim0002_ME,108,29.861111101984534,1,2sm,3.1520101238031937,4.999999999999999,9.473672332611141,True,0.9815525141638405,3.7499782268930955,15.0,1997.0807665982204,1997.1560574948664,1997.1560574948664,1997.1560574948664,1997.1560574948664,1999.3394934976043,1999.861462505463,1999.861462505463,2011.856696229771,-2.7054050105964507,2.7054050105964507,False,False,0.0,11.995233724308036,50.4
sim0002_ME,108,29.861111101984534,2,3sml,3.2374616105983804,4.999999999999999,9.22361859187121,True,0.9763030437949902,3.974838582889569,1.0,2001.5252110335382,2002.5245265708413,2002.5245265708413,2002.5245265708413,2002.5245265708413,2002.5245265708413,2002.5204308777256,2002.5204308777256,2002.5204308777256,0.004095693115687027,0.004095693115687027,False,False,0.0,0.0,50.4
sim0002_ME,108,29.861111101984534,2,3sml,3.2374616105983804,4.999999999999999,9.22361859187121,True,0.9763030437949902,3.974838582889569,2.0,2001.5252110335382,2003.2911247912384,2003.263746283367,2003.345881806981,2003.2363677754956,2003.3876340314848,2003.1777039585095,2003.1627659339465,2003.1777039585095,0.11342083272893433,0.11342083272893433,False,False,0.0821355236139425,0.01493802456297999,50.4
sim0002_ME,108,29.861111101984534,2,3sml,3.2374616105983804,4.999999999999999,9.22361859187121,True,0.9763030437949902,3.974838582889569,3.0,2001.5252110335382,2003.2911247912384,2003.263746283367,2003.345881806981,2003.2363677754956,2003.3876340314848,2003.1777039585095,2003.1627659339465,2003.1777039585095,0.11342083272893433,0.11342083272893433,False,False,0.0821355236139425,0.01493802456297999,50.4
sim0002_ME,108,29.861111101984534,2,3sml,3.2374616105983804,4.999999999999999,9.22361859187121,True,0.9763030437949902,3.974838582889569,4.0,2001.5252110335382,2003.2911247912384,2003.263746283367,2003.345881806981,2003.2363677754956,2003.3876340314848,2003.1777039585095,2003.1627659339465,2003.1777039585095,0.11342083272893433,0.11342083272893433,False,False,0.0821355236139425,0.01493802456297999,50.4
sim0002_ME,108,29.861111101984534,2,3sml,3.2374616105983804,4.999999999999999,9.22361859187121,True,0.9763030437949902,3.974838582889569,5.0,2001.5252110335382,2003.2911247912384,2003.263746283367,2003.345881806981,2003.2363677754956,2003.3876340314848,2003.1926419830725,2003.1627659339465,2006.4192552887398,0.09848280816595434,0.09848280816595434,False,False,0.0821355236139425,3.2564893547933025,50.4
sim0002_ME,108,29.861111101984534,2,3sml,3.2374616105983804,4.999999999999999,9.22361859187121,True,0.9763030437949902,3.974838582889569,6.0,2001.5252110335382,2003.2911247912384,2003.263746283367,2003.345881806981,2003.2363677754956,2003.3876340314848,2003.1926419830725,2003.1627659339465,2006.4192552887398,0.09848280816595434,0.09848280816595434,False,False,0.0821355236139425,3.2564893547933025,50.4
sim0002_ME,108,29.861111101984534,2,3sml,3.2374616105983804,4.999999999999999,9.22361859187121,True,0.9763030437949902,3.974838582889569,7.0,2001.5252110335382,2003.2911247912384,2003.263746283367,2003.345881806981,2003.2363677754956,2003.3876340314848,2003.1926419830725,2003.1627659339465,2006.4192552887398,0.09848280816595434,0.09848280816595434,False,False,0.0821355236139425,3.2564893547933025,50.4
sim0002_ME,108,29.861111101984534,2,3sml,3.2374616105983804,4.999999999999999,9.22361859187121,True,0.9763030437949902,3.974838582889569,8.0,2001.5252110335382,2003.2911247912384,2003.263746283367,2003.345881806981,2003.2363677754956,2003.3876340314848,2003.1926419830725,2003.1627659339465,2006.4192552887398,0.09848280816595434,0.09848280816595434,False,False,0.0821355236139425,3.2564893547933025,50.4
sim0002_ME,108,29.861111101984534,2,3sml,3.2374616105983804,4.999999999999999,9.22361859187121,True,0.9763030437949902,3.974838582889569,9.0,2001.5252110335382,2003.2911247912384,2003.263746283367,2003.345881806981,2003.2363677754956,2003.3876340314848,2006.4192552887398,2003.1777039585095,2009.66080661897,-3.128130497501388,3.128130497501388,False,False,0.0821355236139425,6.483102660460418,50.4
sim0002_ME,108,29.861111101984534,2,3sml,3.2374616105983804,4.999999999999999,9.22361859187121,True,0.9763030437949902,3.974838582889569,10.0,2001.5252110335382,2003.2911247912384,2003.263746283367,2003.345881806981,2003.2363677754956,2003.3876340314848,2006.4192552887398,2003.1777039585095,2009.66080661897,-3.128130497501388,3.128130497501388,False,False,0.0821355236139425,6.483102660460418,50.4
sim0002_ME,108,29.861111101984534,2,3sml,3.2374616105983804,4.999999999999999,9.22361859187121,True,0.9763030437949902,3.974838582889569,10.555555564682209,2001.5252110335382,2003.2911247912384,2003.263746283367,2003.345881806981,2003.2363677754956,2003.3876340314848,2006.4192552887398,2003.1777039585095,2009.66080661897,-3.128130497501388,3.128130497501388,False,False,0.0821355236139425,6.483102660460418,50.4
sim0002_ME,108,29.861111101984534,3,3sml,3.2489127130222495,4.999999999999999,9.191109069288201,True,0.9960269741925986,3.4637712662710674,0.972222231348951,2011.1085443668715,2011.1838352635175,2011.1838352635175,2011.5945128815874,2011.1838352635175,2011.6766484052014,2012.0807665982204,2012.0807665982204,2012.0807665982204,-0.8969313347029129,0.8969313347029129,False,False,0.41067761806993985,0.0,50.4
sim0003_ME,108,29.861111101984534,0,2sm,3.097878165639972,4.999999999999999,9.63921416703478,True,0.9696590943997363,6.550079842263084,1.0,1992.4974332648871,1992.6548596851471,1992.5727241615332,1992.6548596851471,1992.5727241615332,1992.736995208761,1992.5119544203321,1992.5119544203321,1992.5119544203321,0.1429052648149991,0.1429052648149991,False,False,0.0821355236139425,0.0,50.4
sim0003_ME,108,29.861111101984534,0,2sm,3.097878165639972,4.999999999999999,9.63921416703478,True,0.9696590943997363,6.550079842263084,2.0,1992.4974332648871,1992.6548596851471,1992.5727241615332,1992.6548596851471,1992.5727241615332,1992.736995208761,1992.5119544203321,1992.5119544203321,1992.5119544203321,0.1429052648149991,0.1429052648149991,False,False,0.0821355236139425,0.0,50.4
sim0003_ME,108,29.861111101984534,0,2sm,3.097878165639972,4.999999999999999,9.63921416703478,True,0.9696590943997363,6.550079842263084,3.0,1992.4974332648871,1992.6548596851471,1992.5727241615332,1992.6548596851471,1992.5727241615332,1992.736995208761,1992.5119544203321,1992.5119544203321,1995.0962326697786,0.1429052648149991,0.1429052648149991,False,False,0.0821355236139425,2.58427824944647,50.4
sim0003_ME,108,29.861111101984534,0,2sm,3.097878165639972,4.999999999999999,9.63921416703478,True,0.9696590943997363,6.550079842263084,4.0,1992.4974332648871,1992.6548596851471,1992.5727241615332,1992.6548596851471,1992.5727241615332,1992.736995208761,1992.5119544203321,1992.5119544203321,1995.0962326697786,0.1429052648149991,0.1429052648149991,False,False,0.0821355236139425,2.58427824944647,50.4
sim0003_ME,108,29.861111101984534,0,2sm,3.097878165639972,4.999999999999999,9.63921416703478,True,0.9696590943997363,6.550079842263084,5.0,1992.4974332648871,1992.6548596851471,1992.5727241615332,1992.6548596851471,1992.5727241615332,1992.736995208761,1992.5119544203321,1992.5119544203321,1995.0962326697786,0.1429052648149991,0.1429052648149991,False,False,0.0821355236139425,2.58427824944647,50.4
sim0003_ME,108,29.861111101984534,0,2sm,3.097878165639972,4.999999999999999,9.63921416703478,True,0.9696590943997363,6.550079842263084,6.0,1992.4974332648871,1992.6548596851471,1992.5727241615332,1992.6548596851471,1992.5727241615332,1992.736995208761,1997.8597672139838,1997.8448291894208,1997.874705238547,-5.204907528836657,5.204907528836657,False,False,0.0821355236139425,0.029876049126187354,50.4
sim0003_ME,108,29.861111101984534,0,2sm,3.097878165639972,4.999999999999999,9.63921416703478,True,0.9696590943997363,6.550079842263084,7.0,1992.4974332648871,1992.6548596851471,1992.5727241615332,1992.6548596851471,1992.5727241615332,1992.736995208761,1997.8597672139838,1997.8448291894208,1997.874705238547,-5.204907528836657,5.204907528836657,False,False,0.0821355236139425,0.029876049126187354,50.4
sim0003_ME,108,29.861111101984534,0,2sm,3.097878165639972,4.999999999999999,9.63921416703478,True,0.9696590943997363,6.550079842263084,8.0,1992.4974332648871,1992.6548596851471,1992.5727241615332,1992.6548596851471,1992.5727241615332,1992.736995208761,1997.8597672139838,1997.8448291894208,1997.874705238547,-5.204907528836657,5.204907528836657,False,False,0.0821355236139425,0.029876049126187354,50.4
sim0003_ME,108,29.861111101984534,0,2sm,3.097878165639972,4.999999999999999,9.63921416703478,True,0.9696590943997363,6.550079842263084,9.0,1992.4974332648871,1992.6548596851471,1992.5727241615332,1992.6548596851471,1992.5727241615332,1992.736995208761,1997.8597672139838,1997.8448291894208,1997.874705238547,-5.204907528836657,5.204907528836657,False,False,0.0821355236139425,0.029876049126187354,50.4
sim0003_ME,108,29.861111101984534,0,2sm,3.097878165639972,4.999999999999999,9.63921416703478,True,0.9696590943997363,6.550079842263084,10.0,1992.4974332648871,1992.6548596851471,1992.5727241615332,1992.6548596851471,1992.5727241615332,1992.736995208761,1997.8597672139838,1997.8448291894208,1997.874705238547,-5.204907528836657,5.204907528836657,False,False,0.0821355236139425,0.029876049126187354,50.4
sim0003_ME,108,29.861111101984534,0,2sm,3.097878165639972,4.999999999999999,9.63921416703478,True,0.9696590943997363,6.550079842263084,11.0,1992.4974332648871,1992.6548596851471,1992.5727241615332,1992.6548596851471,1992.5727241615332,1992.736995208761,2003.3121461795781,1997.8597672139838,2003.3593503371985,-10.657286494430991,10.657286494430991,False,False,0.0821355236139425,5.499583123214734,50.4
sim0003_ME,108,29.861111101984534,0,2sm,3.097878165639972,4.999999999999999,9.63921416703478,True,0.9696590943997363,6.550079842263084,12.0,1992.4974332648871,1992.6548596851471,1992.5727241615332,1992.6548596851471,1992.5727241615332,1992.736995208761,2003.3121461795781,1997.8597672139838,2003.3593503371985,-10.657286494430991,10.657286494430991,False,False,0.0821355236139425,5.499583123214734,50.4
sim0003_ME,108,29.861111101984534,0,2sm,3.097878165639972,4.999999999999999,9.63921416703478,True,0.9696590943997363,6.550079842263084,13.0,1992.4974332648871,1992.6548596851471,1992.5727241615332,1992.6548596851471,1992.5727241615332,1992.736995208761,2003.3121461795781,1997.8597672139838,2003.3593503371985,-10.657286494430991,10.657286494430991,False,False,0.0821355236139425,5.499583123214734,50.4
sim0003_ME,108,29.861111101984534,0,2sm,3.097878165639972,4.999999999999999,9.63921416703478,True,0.9696590943997363,6.550079842263084,14.0,1992.4974332648871,1992.6548596851471,1992.5727241615332,1992.6548596851471,1992.5727241615332,1992.736995208761,2003.3121461795781,1997.8597672139838,2003.3593503371985,-10.657286494430991,10.657286494430991,False,False,0.0821355236139425,5.499583123214734,50.4
sim0003_ME,108,29.861111101984534,0,2sm,3.097878165639972,4.999999999999999,9.63921416703478,True,0.9696590943997363,6.550079842263084,15.0,1992.4974332648871,1992.6548596851471,1992.5727241615332,1992.6548596851471,1992.5727241615332,1992.736995208761,2003.3121461795781,1997.8597672139838,2003.3593503371985,-10.657286494430991,10.657286494430991,False,False,0.0821355236139425,5.499583123214734,50.4
sim0003_ME,108,29.861111101984534,0,2sm,3.097878165639972,4.999999999999999,9.63921416703478,True,0.9696590943997363,6.550079842263084,16.0,1992.4974332648871,1992.6548596851471,1992.5727241615332,1992.6548596851471,1992.5727241615332,1992.736995208761,2003.3121461795781,1997.8597672139838,2003.3593503371985,-10.657286494430991,10.657286494430991,False,False,0.0821355236139425,5.499583123214734,50.4
sim0003_ME,108,29.861111101984534,0,2sm,3.097878165639972,4.999999999999999,9.63921416703478,True,0.9696590943997363,6.550079842263084,17.0,1992.4974332648871,1992.6548596851471,1992.5727241615332,1992.6548596851471,1992.5727241615332,1992.736995208761,2003.3718982778316,1997.8597672139838,2008.7944011942998,-10.717038592684503,10.717038592684503,False,False,0.0821355236139425,10.934633980315994,50.4
sim0003_ME,108,29.861111101984534,0,2sm,3.097878165639972,4.999999999999999,9.63921416703478,True,0.9696590943997363,6.550079842263084,18.0,1992.4974332648871,1992.6548596851471,1992.5727241615332,1992.6548596851471,1992.5727241615332,1992.736995208761,2003.3718982778316,1997.8597672139838,2008.7944011942998,-10.717038592684503,10.717038592684503,False,False,0.0821355236139425,10.934633980315994,50.4
sim0003_ME,108,29.861111101984534,0,2sm,3.097878165639972,4.999999999999999,9.63921416703478,True,0.9696590943997363,6.550079842263084,19.0,1992.4974332648871,1992.6548596851471,1992.5727241615332,1992.6548596851471,1992.5727241615332,1992.736995208761,2003.3718982778316,1997.8597672139838,2008.7944011942998,-10.717038592684503,10.717038592684503,False,False,0.0821355236139425,10.934633980315994,50.4
sim0003_ME,108,29.861111101984534,0,2sm,3.097878165639972,4.999999999999999,9.63921416703478,True,0.9696590943997363,6.550079842263084,19.583333333333258,1992.4974332648871,1992.6548596851471,1992.5727241615332,1992.6548596851471,1992.5727241615332,1992.736995208761,2003.3718982778316,1997.8597672139838,2008.7944011942998,-10.717038592684503,10.717038592684503,False,False,0.0821355236139425,10.934633980315994,50.4
sim0003_ME,108,29.861111101984534,1,2sm,3.097878165639972,4.999999999999999,9.63921416703478,True,0.9816863600694398,6.48746892511752,1.0,1997.0807665982204,1997.8952772073922,1997.8131416837782,1997.977412731006,1997.7310061601643,1997.977412731006,1997.0829899366931,1997.0829899366931,1997.0829899366931,0.8122872706990165,0.8122872706990165,False,False,0.164271047227885,0.0,50.4
sim0003_ME,108,29.861111101984534,1,2sm,3.097878165639972,4.999999999999999,9.63921416703478,True,0.9816863600694398,6.48746892511752,2.0,1997.0807665982204,1997.8952772073922,1997.8131416837782,1997.977412731006,1997.7310061601643,1997.977412731006,1998.7709867123433,1998.75604868778,1998.7859247369063,-0.8757095049511463,0.8757095049511463,False,False,0.164271047227885,0.029876049126187354,50.4
sim0003_ME,108,29.861111101984534,1,2sm,3.097878165639972,4.999999999999999,9.63921416703478,True,0.9816863600694398,6.48746892511752,3.0,1997.0807665982204,1997.8952772073922,1997.8131416837782,1997.977412731006,1997.7310061601643,1997.977412731006,1998.7709867123433,1998.75604868778,1998.7859247369063,-0.8757095049511463,0.8757095049511463,False,False,0.164271047227885,0.029876049126187354,50.4
sim0003_ME,108,29.861111101984534,1,2sm,3.097878165639972,4.999999999999999,9.63921416703478,True,0.9816863600694398,6.48746892511752,4.0,1997.0807665982204,1997.8952772073922,1997.8131416837782,1997.977412731006,1997.7310061601643,1997.977412731006,1999.7793033703642,1998.7709867123433,2000.8025580529481,-1.8840261629720771,1.8840261629720771,False,False,0.164271047227885,2.0315713406048417,50.4
sim0003_ME,108,29.861111101984534,1,2sm,3.097878165639972,4.999999999999999,9.63921416703478,True,0.9816863600694398,6.48746892511752,5.0,1997.0807665982204,1997.8952772073922,1997.8131416837782,1997.977412731006,1997.7310061601643,1997.977412731006,1999.7793033703642,1998.7709867123433,2000.8025580529481,-1.8840261629720771,1.8840261629720771,False,False,0.164271047227885,2.0315713406048417,50.4
sim0003_ME,108,29.861111101984534,1,2sm,3.097878165639972,4.999999999999999,9.63921416703478,True,0.9816863600694398,6.48746892511752,6.0,1997.0807665982204,1997.8952772073922,1997.8131416837782,1997.977412731006,1997.7310061601643,1997.977412731006,1999.7793033703642,1998.7709867123433,2000.8025580529481,-1.8840261629720771,1.8840261629720771,False,False,0.164271047227885,2.0315713406048417,50.4
sim0003_ME,108,29.861111101984534,1,2sm,3.097878165639972,4.999999999999999,9.63921416703478,True,0.9816863600694398,6.48746892511752,7.0,1997.0807665982204,1997.8952772073922,1997.8131416837782,1997.977412731006,1997.7310061601643,1997.977412731006,1999.7793033703642,1998.7709867123433,2000.8025580529481,-1.8840261629720771,1.8840261629720771,False,False,0.164271047227885,2.0315713406048417,50.4
sim0003_ME,108,29.861111101984534,1,2sm,3.097878165639972,4.999999999999999,9.63921416703478,True,0.9816863600694398,6.48746892511752,8.0,1997.0807665982204,1997.8952772073922,1997.8131416837782,1997.977412731006,1997.7310061601643,1997.977412731006,2000.8025580529481,1998.7859247369063,2004.8208866604691,-2.907280845555988,2.907280845555988,False,False,0.164271047227885,6.0349619235628325,50.4
sim0003_ME,108,29.861111101984534,1,2sm,3.097878165639972,4.999999999999999,9.63921416703478,True,0.9816863600694398,6.48746892511752,9.0,1997.0807665982204,1997.8952772073922,1997.8131416837782,1997.977412731006,1997.7310061601643,1997.977412731006,2000.8025580529481,1998.7859247369063,2004.8208866604691,-2.907280845555988,2.907280845555988,False,False,0.164271047227885,6.0349619235628325,50.4
sim0003_ME,108,29.861111101984534,1,2sm,3.097878165639972,4.999999999999999,9.63921416703478,True,0.9816863600694398,6.48746892511752,10.0,1997.0807665982204,1997.8952772073922,1997.8131416837782,1997.977412731006,1997.7310061601643,1997.977412731006,2004.8208866604691,1998.7859247369063,2006.8375199765112,-6.925609453076959,6.925609453076959,False,False,0.164271047227885,8.051595239604922,50.4
sim0003_ME,108,29.861111101984534,1,2sm,3.097878165639972,4.999999999999999,9.63921416703478,True,0.9816863600694398,6.48746892511752,11.0,1997.0807665982204,1997.8952772073922,1997.8131416837782,1997.977412731006,1997.7310061601643,1997.977412731006,2004.8208866604691,1998.7859247369063,2006.8375199765112,-6.925609453076959,6.925609453076959,False,False,0.164271047227885,8.051595239604922,50.4
sim0003_ME,108,29.861111101984534,1,2sm,3.097878165639972,4.999999999999999,9.63921416703478,True,0.9816863600694398,6.48746892511752,12.0,1997.0807665982204,1997.8952772073922,1997.8131416837782,1997.977412731006,1997.7310061601643,1997.977412731006,2004.8208866604691,1998.7859247369063,2006.8375199765112,-6.925609453076959,6.925609453076959,False,False,0.164271047227885,8.051595239604922,50.4
sim0003_ME,108,29.861111101984534,1,2sm,3.097878165639972,4.999999999999999,9.63921416703478,True,0.9816863600694398,6.48746892511752,13.0,1997.0807665982204,1997.8952772073922,1997.8131416837782,1997.977412731006,1997.7310061601643,1997.977412731006,2004.8208866604691,1998.7859247369063,2006.8375199765112,-6.925609453076959,6.925609453076959,False,False,0.164271047227885,8.051595239604922,50.4
sim0003_ME,108,29.861111101984534,1,2sm,3.097878165639972,4.999999999999999,9.63921416703478,True,0.9816863600694398,6.48746892511752,14.0,1997.0807665982204,1997.8952772073922,1997.8131416837782,1997.977412731006,1997.7310061601643,1997.977412731006,2006.8375199765112,2000.7876200283852,2010.8707866085952,-8.942242769119048,8.942242769119048,False,False,0.164271047227885,10.08316658020999,50.4
sim0003_ME,108,29.861111101984534,1,2sm,3.097878165639972,4.999999999999999,9.63921416703478,True,0.9816863600694398,6.48746892511752,15.0,1997.0807665982204,1997.8952772073922,1997.8131416837782,1997.977412731006,1997.7310061601643,1997.977412731006,2006.8375199765112,2000.7876200283852,2010.8707866085952,-8.942242769119048,8.942242769119048,False,False,0.164271047227885,10.08316658020999,50.4
sim0003_ME,108,29.861111101984534,1,2sm,3.097878165639972,4.999999999999999,9.63921416703478,True,0.9816863600694398,6.48746892511752,15.0,1997.0807665982204,1997.8952772073922,1997.8131416837782,1997.977412731006,1997.7310061601643,1997.977412731006,2006.8375199765112,2000.7876200283852,2010.8707866085952,-8.942242769119048,8.942242769119048,False,False,0.164271047227885,10.08316658020999,50.4
sim0003_ME,108,29.861111101984534,2,2sm,2.728241942371023,4.999999999999999,10.94518438347636,True,0.9833406504993273,5.895937597495803,1.0,2006.2474332648871,2006.3227241615332,2006.3227241615332,2006.3227241615332,2006.3227241615332,2006.3227241615332,2006.2549370185438,2006.2549370185438,2006.2549370185438,0.06778714298934574,0.06778714298934574,False,False,0.0,0.0,50.4
sim0003_ME,108,29.861111101984534,2,2sm,2.728241942371023,4.999999999999999,10.94518438347636,True,0.9833406504993273,5.895937597495803,2.0,2006.2474332648871,2006.3227241615332,2006.3227241615332,2006.3227241615332,2006.3227241615332,2006.3227241615332,2006.2549370185438,2006.2549370185438,2006.2549370185438,0.06778714298934574,0.06778714298934574,False,False,0.0,0.0,50.4
sim0003_ME,108,29.861111101984534,2,2sm,2.728241942371023,4.999999999999999,10.94518438347636,True,0.9833406504993273,5.895937597495803,3.0,2006.2474332648871,2006.3227241615332,2006.3227241615332,2006.3227241615332,2006.3227241615332,2006.3227241615332,2008.7197110714833,2008.7047730469203,2008.7197110714833,-2.396986909950101,2.396986909950101,False,False,0.0,0.01493802456297999,50.4
sim0003_ME,108,29.861111101984534,2,2sm,2.728241942371023,4.999999999999999,10.94518438347636,True,0.9833406504993273,5.895937597495803,4.0,2006.2474332648871,2006.3227241615332,2006.3227241615332,2006.3227241615332,2006.3227241615332,2006.3227241615332,2008.7197110714833,2008.7047730469203,2008.7197110714833,-2.396986909950101,2.396986909950101,False,False,0.0,0.01493802456297999,50.4
sim0003_ME,108,29.861111101984534,2,2sm,2.728241942371023,4.999999999999999,10.94518438347636,True,0.9833406504993273,5.895937597495803,5.0,2006.2474332648871,2006.3227241615332,2006.3227241615332,2006.3227241615332,2006.3227241615332,2006.3227241615332,2008.7197110714833,2008.7047730469203,2008.7197110714833,-2.396986909950101,2.396986909950101,False,False,0.0,0.01493802456297999,50.4
sim0003_ME,108,29.861111101984534,2,2sm,2.728241942371023,4.999999999999999,10.94518438347636,True,0.9833406504993273,5.895937597495803,5.8333333333332575,2006.2474332648871,2006.3227241615332,2006.3227241615332,2006.3227241615332,2006.3227241615332,2006.3227241615332,2011.4234935174366,2008.7047730469203,2011.4234935174366,-5.100769355903367,5.100769355903367,False,False,0.0,2.7187204705162458,50.4
sim0003_ME,108,29.861111101984534,3,3sml,2.7304234288311044,4.999999999999999,10.936439669640576,True,0.9986640510926591,4.724139371436572,0.972222231348951,2011.1085443668715,2011.5945128815874,2011.5123773579735,2011.5945128815874,2011.5123773579735,2011.6766484052014,2011.3189273454939,2011.3039893209295,2011.3338653700569,0.2755855360935584,0.2755855360935584,False,False,0.0821355236139425,0.029876049127324222,50.4
sim0004_ME,108,29.861111101984534,0,3sml,3.097878165639972,4.999999999999999,9.63921416703478,True,0.9518369094708092,8.485150263648194,1.0,1997.0807665982204,1998.0800821355235,1998.0800821355235,1998.0800821355235,1998.0800821355235,1998.0800821355235,1998.068899557869,1997.9643333859265,1998.068899557869,0.011182577654608394,0.011182577654608394,False,False,0.0,0.10456617194245155,50.4
sim0004_ME,108,29.861111101984534,0,3sml,3.097878165639972,4.999999999999999,9.63921416703478,True,0.9518369094708092,8.485150263648194,2.0,1997.0807665982204,1998.5728952772074,1998.545516769336,1998.6002737850786,1998.545516769336,1998.6550308008214,1998.1137136315594,1997.9643333859265,1998.1137136315594,0.45918164564795916,0.45918164564795916,False,False,0.05475701574255254,0.14938024563298313,50.4
sim0004_ME,108,29.861111101984534,0,3sml,3.097878165639972,4.999999999999999,9.63921416703478,True,0.9518369094708092,8.485150263648194,3.0,1997.0807665982204,1998.5728952772074,1998.545516769336,1998.6002737850786,1998.545516769336,1998.6550308008214,1998.1137136315594,1997.9643333859265,1998.1137136315594,0.45918164564795916,0.45918164564795916,False,False,0.05475701574255254,0.14938024563298313,50.4
sim0004_ME,108,29.861111101984534,0,3sml,3.097878165639972,4.999999999999999,9.63921416703478,True,0.9518369094708092,8.485150263648194,4.0,1997.0807665982204,1998.5728952772074,1998.545516769336,1998.6002737850786,1998.545516769336,1998.6550308008214,1998.1137136315594,1997.9643333859265,1998.1137136315594,0.45918164564795916,0.45918164564795916,False,False,0.05475701574255254,0.14938024563298313,50.4
sim0004_ME,108,29.861111101984534,0,3sml,3.097878165639972,4.999999999999999,9.63921416703478,True,0.9518369094708092,8.485150263648194,5.0,1997.0807665982204,1998.5728952772074,1998.545516769336,1998.6002737850786,1998.545516769336,1998.6550308008214,1998.1137136315594,1997.9643333859265,1998.1137136315594,0.45918164564795916,0.45918164564795916,False,False,0.05475701574255254,0.14938024563298313,50.4
sim0004_ME,108,29.861111101984534,0,3sml,3.097878165639972,4.999999999999999,9.63921416703478,True,0.9518369094708092,8.485150263648194,6.0,1997.0807665982204,1998.5728952772074,1998.545516769336,1998.6002737850786,1998.545516769336,1998.6550308008214,1998.1137136315594,1997.9643333859265,1998.1137136315594,0.45918164564795916,0.45918164564795916,False,False,0.05475701574255254,0.14938024563298313,50.4
sim0004_ME,108,29.861111101984534,0,3sml,3.097878165639972,4.999999999999999,9.63921416703478,True,0.9518369094708092,8.485150263648194,7.0,1997.0807665982204,1998.5728952772074,1998.545516769336,1998.6002737850786,1998.545516769336,1998.6550308008214,1998.1137136315594,1997.9643333859265,1998.1286516561224,0.45918164564795916,0.45918164564795916,False,False,0.05475701574255254,0.16431827019596312,50.4
sim0004_ME,108,29.861111101984534,0,3sml,3.097878165639972,4.999999999999999,9.63921416703478,True,0.9518369094708092,8.485150263648194,8.0,1997.0807665982204,1998.5728952772074,1998.545516769336,1998.6002737850786,1998.545516769336,1998.6550308008214,1998.1137136315594,1997.9643333859265,2004.103861481432,0.45918164564795916,0.45918164564795916,False,False,0.05475701574255254,6.139528095505511,50.4
sim0004_ME,108,29.861111101984534,0,3sml,3.097878165639972,4.999999999999999,9.63921416703478,True,0.9518369094708092,8.485150263648194,9.0,1997.0807665982204,1998.5728952772074,1998.545516769336,1998.6002737850786,1998.545516769336,1998.6550308008214,1998.1137136315594,1997.9643333859265,2004.103861481432,0.45918164564795916,0.45918164564795916,False,False,0.05475701574255254,6.139528095505511,50.4
sim0004_ME,108,29.861111101984534,0,3sml,3.097878165639972,4.999999999999999,9.63921416703478,True,0.9518369094708092,8.485150263648194,10.0,1997.0807665982204,1998.5728952772074,1998.545516769336,1998.6002737850786,1998.545516769336,1998.6550308008214,1998.1137136315594,1997.9643333859265,2004.103861481432,0.45918164564795916,0.45918164564795916,False,False,0.05475701574255254,6.139528095505511,50.4
sim0004_ME,108,29.861111101984534,0,3sml,3.097878165639972,4.999999999999999,9.63921416703478,True,0.9518369094708092,8.485150263648194,11.0,1997.0807665982204,1998.5728952772074,1998.545516769336,1998.6002737850786,1998.545516769336,1998.6550308008214,1998.1137136315594,1997.9643333859265,2004.103861481432,0.45918164564795916,0.45918164564795916,False,False,0.05475701574255254,6.139528095505511,50.4
sim0004_ME,108,29.861111101984534,0,3sml,3.097878165639972,4.999999999999999,9.63921416703478,True,0.9518369094708092,8.485150263648194,12.0,1997.0807665982204,1998.5728952772074,1998.545516769336,1998.6002737850786,1998.545516769336,1998.6550308008214,1998.1137136315594,1997.9643333859265,2004.103861481432,0.45918164564795916,0.45918164564795916,False,False,0.05475701574255254,6.139528095505511,50.4
sim0004_ME,108,29.861111101984534,0,3sml,3.097878165639972,4.999999999999999,9.63921416703478,True,0.9518369094708092,8.485150263648194,13.0,1997.0807665982204,1998.5728952772074,1998.545516769336,1998.6002737850786,1998.545516769336,1998.6550308008214,1998.1137136315594,1997.9643333859265,2004.103861481432,0.45918164564795916,0.45918164564795916,False,False,0.05475701574255254,6.139528095505511,50.4
sim0004_ME,108,29.861111101984534,0,3sml,3.097878165639972,4.999999999999999,9.63921416703478,True,0.9518369094708092,8.485150263648194,14.0,1997.0807665982204,1998.5728952772074,1998.545516769336,1998.6002737850786,1998.545516769336,1998.6550308008214,1998.1137136315594,1997.9643333859265,2010.0940093313045,0.45918164564795916,0.45918164564795916,False,False,0.05475701574255254,12.12967594537804,50.4
sim0004_ME,108,29.861111101984534,0,3sml,3.097878165639972,4.999999999999999,9.63921416703478,True,0.9518369094708092,8.485150263648194,15.0,1997.0807665982204,1998.5728952772074,1998.545516769336,1998.6002737850786,1998.545516769336,1998.6550308008214,1998.1137136315594,1997.9643333859265,2010.0940093313045,0.45918164564795916,0.45918164564795916,False,False,0.05475701574255254,12.12967594537804,50.4
sim0004_ME,108,29.861111101984534,0,3sml,3.097878165639972,4.999999999999999,9.63921416703478,True,0.9518369094708092,8.485150263648194,15.0,1997.0807665982204,1998.5728952772074,1998.545516769336,1998.6002737850786,1998.545516769336,1998.6550308008214,1998.1137136315594,1997.9643333859265,2010.0940093313045,0.45918164564795916,0.45918164564795916,False,False,0.05475701574255254,12.12967594537804,50.4
sim0005_ME,108,29.861111101984534,0,2sm,7.171405167797712,4.999999999999999,4.163913543202395,True,0.942737280587783,12.610639634400231,1.0,1992.4974332648871,1993.4967488021903,1993.4967488021903,1993.4967488021903,1992.5727241615332,1993.4967488021903,1992.9003430589762,1992.9003430589762,1992.9302191081035,0.5964057432140635,0.5964057432140635,False,True,0.0,0.029876049127324222,50.4
sim0005_ME,108,29.861111101984534,0,2sm,7.171405167797712,4.999999999999999,4.163913543202395,True,0.942737280587783,12.610639634400231,2.0,1992.4974332648871,1994.4823750855578,1994.4823750855578,1994.4823750855578,1994.4823750855578,1994.4823750855578,1992.9003430589762,1992.9003430589762,1994.4837736626837,1.5820320265816008,1.5820320265816008,False,False,0.0,1.583430603707484,50.4
sim0005_ME,108,29.861111101984534,0,2sm,7.171405167797712,4.999999999999999,4.163913543202395,True,0.942737280587783,12.610639634400231,3.0,1992.4974332648871,1995.4953798767967,1995.4953798767967,1995.4953798767967,1995.4953798767967,1995.4953798767967,1992.9003430589762,1992.9003430589762,1994.7675961293853,2.595036817820528,2.595036817820528,False,False,0.0,1.867253070409106,50.4
sim0005_ME,108,29.861111101984534,0,2sm,7.171405167797712,4.999999999999999,4.163913543202395,True,0.942737280587783,12.610639634400231,4.0,1992.4974332648871,1996.3167351129362,1996.289356605065,1996.3988706365503,1996.2619780971936,1996.4810061601643,1992.9003430589762,1992.9003430589762,1994.7675961293853,3.416392053959953,3.416392053959953,False,False,0.10951403148533245,1.867253070409106,50.4
sim0005_ME,108,29.861111101984534,0,2sm,7.171405167797712,4.999999999999999,4.163913543202395,True,0.942737280587783,12.610639634400231,5.0,1992.4974332648871,1996.3167351129362,1996.289356605065,1996.3988706365503,1996.2619780971936,1996.6178986995208,1992.9003430589762,1992.9003430589762,1994.7675961293853,3.416392053959953,3.416392053959953,False,False,0.10951403148533245,1.867253070409106,50.4
sim0005_ME,108,29.861111101984534,0,2sm,7.171405167797712,4.999999999999999,4.163913543202395,True,0.942737280587783,12.610639634400231,6.0,1992.4974332648871,1996.3167351129362,1996.289356605065,1996.3988706365503,1996.2619780971936,1996.6178986995208,1992.9003430589762,1992.9003430589762,1994.7675961293853,3.416392053959953,3.416392053959953,False,False,0.10951403148533245,1.867253070409106,50.4
sim0005_ME,108,29.861111101984534,0,2sm,7.171405167797712,4.999999999999999,4.163913543202395,True,0.942737280587783,12.610639634400231,7.0,1992.4974332648871,1996.3167351129362,1996.289356605065,1996.3988706365503,1996.2619780971936,1996.6178986995208,1998.89049090885,1994.7227820556961,1998.89049090885,-2.5737557959139394,2.5737557959139394,False,False,0.10951403148533245,4.167708853153954,50.4
sim0005_ME,108,29.861111101984534,0,2sm,7.171405167797712,4.999999999999999,4.163913543202395,True,0.942737280587783,12.610639634400231,8.0,1992.4974332648871,1996.3167351129362,1996.289356605065,1996.3988706365503,1996.2619780971936,1996.6178986995208,1998.89049090885,1994.7227820556961,1998.89049090885,-2.5737557959139394,2.5737557959139394,False,False,0.10951403148533245,4.167708853153954,50.4
sim0005_ME,108,29.861111101984534,0,2sm,7.171405167797712,4.999999999999999,4.163913543202395,True,0.942737280587783,12.610639634400231,9.0,1992.4974332648871,1996.3167351129362,1996.289356605065,1996.3988706365503,1996.2619780971936,1996.6178986995208,1998.89049090885,1994.7526581048223,1998.89049090885,-2.5737557959139394,2.5737557959139394,False,False,0.10951403148533245,4.1378328040277665,50.4
sim0005_ME,108,29.861111101984534,0,2sm,7.171405167797712,4.999999999999999,4.163913543202395,True,0.942737280587783,12.610639634400231,10.0,1992.4974332648871,1996.3167351129362,1996.289356605065,1996.3988706365503,1996.2619780971936,1996.6178986995208,1998.89049090885,1994.7526581048223,1998.89049090885,-2.5737557959139394,2.5737557959139394,False,False,0.10951403148533245,4.1378328040277665,50.4
sim0005_ME,108,29.861111101984534,0,2sm,7.171405167797712,4.999999999999999,4.163913543202395,True,0.942737280587783,12.610639634400231,11.0,1992.4974332648871,1996.3167351129362,1996.289356605065,1996.3988706365503,1996.2619780971936,1996.6178986995208,1998.89049090885,1994.7526581048223,1998.89049090885,-2.5737557959139394,2.5737557959139394,False,False,0.10951403148533245,4.1378328040277665,50.4
sim0005_ME,108,29.861111101984534,0,2sm,7.171405167797712,4.999999999999999,4.163913543202395,True,0.942737280587783,12.610639634400231,12.0,1992.4974332648871,1996.3167351129362,1996.289356605065,1996.3988706365503,1996.2619780971936,1996.6178986995208,1998.89049090885,1994.7526581048223,1998.89049090885,-2.5737557959139394,2.5737557959139394,False,False,0.10951403148533245,4.1378328040277665,50.4
sim0005_ME,108,29.861111101984534,0,2sm,7.171405167797712,4.999999999999999,4.163913543202395,True,0.942737280587783,12.610639634400231,13.0,1992.4974332648871,1996.3167351129362,1996.289356605065,1996.3988706365503,1996.2619780971936,1996.6178986995208,1998.89049090885,1994.7526581048223,2000.7750720877523,-2.5737557959139394,2.5737557959139394,False,False,0.10951403148533245,6.0224139829299475,50.4
sim0005_ME,108,29.861111101984534,0,2sm,7.171405167797712,4.999999999999999,4.163913543202395,True,0.942737280587783,12.610639634400231,14.0,1992.4974332648871,1996.3167351129362,1996.289356605065,1996.3988706365503,1996.2619780971936,1996.6178986995208,1998.89049090885,1994.7526581048223,2000.7750720877523,-2.5737557959139394,2.5737557959139394,False,False,0.10951403148533245,6.0224139829299475,50.4
sim0005_ME,108,29.861111101984534,0,2sm,7.171405167797712,4.999999999999999,4.163913543202395,True,0.942737280587783,12.610639634400231,15.0,1992.4974332648871,1996.3167351129362,1996.289356605065,1996.3988706365503,1996.2619780971936,1996.6178986995208,1998.89049090885,1994.7675961293853,2004.8806387587226,-2.5737557959139394,2.5737557959139394,False,False,0.10951403148533245,10.113042629337315,50.4
sim0005_ME,108,29.861111101984534,0,2sm,7.171405167797712,4.999999999999999,4.163913543202395,True,0.942737280587783,12.610639634400231,16.0,1992.4974332648871,1996.3167351129362,1996.289356605065,1996.3988706365503,1996.2619780971936,1996.6178986995208,1998.89049090885,1994.7675961293853,2004.8806387587226,-2.5737557959139394,2.5737557959139394,False,False,0.10951403148533245,10.113042629337315,50.4
sim0005_ME,108,29.861111101984534,0,2sm,7.171405167797712,4.999999999999999,4.163913543202395,True,0.942737280587783,12.610639634400231,17.0,1992.4974332648871,1996.3167351129362,1996.289356605065,1996.3988706365503,1996.2619780971936,1996.6178986995208,1998.89049090885,1994.7675961293853,2004.8806387587226,-2.5737557959139394,2.5737557959139394,False,False,0.10951403148533245,10.113042629337315,50.4
sim0005_ME,108,29.861111101984534,0,2sm,7.171405167797712,4.999999999999999,4.163913543202395,True,0.942737280587783,12.610639634400231,18.0,1992.4974332648871,1996.3167351129362,1996.289356605065,1996.3988706365503,1996.2619780971936,1996.6178986995208,1998.89049090885,1994.7675961293853,2004.8806387587226,-2.5737557959139394,2.5737557959139394,False,False,0.10951403148533245,10.113042629337315,50.4
sim0005_ME,108,29.861111101984534,0,2sm,7.171405167797712,4.999999999999999,4.163913543202395,True,0.942737280587783,12.610639634400231,19.0,1992.4974332648871,1996.3167351129362,1996.289356605065,1996.3988706365503,1996.2619780971936,1996.6178986995208,1998.89049090885,1994.7675961293853,2004.8806387587226,-2.5737557959139394,2.5737557959139394,False,False,0.10951403148533245,10.113042629337315,50.4
sim0005_ME,108,29.861111101984534,0,2sm,7.171405167797712,4.999999999999999,4.163913543202395,True,0.942737280587783,12.610639634400231,19.583333333333258,1992.4974332648871,1996.3167351129362,1996.289356605065,1996.3988706365503,1996.2619780971936,1996.6178986995208,1998.89049090885,1994.7675961293853,2004.8806387587226,-2.5737557959139394,2.5737557959139394,False,False,0.10951403148533245,10.113042629337315,50.4
sim0005_ME,108,29.861111101984534,1,3sml,8.013783226886407,4.999999999999999,3.7262189725571684,True,0.9616739302137768,15.031714546131132,1.0,1997.0807665982204,1997.2381930184804,1997.2381930184804,1997.2381930184804,1997.2381930184804,1997.2381930184804,1997.381750427959,1997.0829899366931,1997.546068698155,-0.1435574094787171,0.1435574094787171,False,False,0.0,0.4630787614619294,50.4
sim0005_ME,108,29.861111101984534,1,3sml,8.013783226886407,4.999999999999999,3.7262189725571684,True,0.9616739302137768,15.031714546131132,2.0,1997.0807665982204,1997.2381930184804,1997.2381930184804,1997.2381930184804,1997.2381930184804,1997.2381930184804,1997.546068698155,1997.4564405507754,1998.89049090885,-0.3078756796746802,0.3078756796746802,False,False,0.0,1.4340503580747281,50.4
sim0005_ME,108,29.861111101984534,1,3sml,8.013783226886407,4.999999999999999,3.7262189725571684,True,0.9616739302137768,15.031714546131132,3.0,1997.0807665982204,1997.2381930184804,1997.2381930184804,1997.2381930184804,1997.2381930184804,1997.2381930184804,1998.89049090885,1997.5161926490289,2000.0257807756589,-1.6522978903697094,1.6522978903697094,False,False,0.0,2.5095881266299784,50.4
sim0005_ME,108,29.861111101984534,1,3sml,8.013783226886407,4.999999999999999,3.7262189725571684,True,0.9616739302137768,15.031714546131132,4.0,1997.0807665982204,1997.2381930184804,1997.2381930184804,1997.2381930184804,1997.2381930184804,1997.2381930184804,1998.89049090885,1997.5311306735919,2000.0257807756589,-1.6522978903697094,1.6522978903697094,False,False,0.0,2.4946501020669984,50.4
sim0005_ME,108,29.861111101984534,1,3sml,8.013783226886407,4.999999999999999,3.7262189725571684,True,0.9616739302137768,15.031714546131132,5.0,1997.0807665982204,1997.2381930184804,1997.2381930184804,1997.2381930184804,1997.2381930184804,1997.2381930184804,1998.89049090885,1997.5311306735919,2000.0257807756589,-1.6522978903697094,1.6522978903697094,False,False,0.0,2.4946501020669984,50.4
sim0005_ME,108,29.861111101984534,1,3sml,8.013783226886407,4.999999999999999,3.7262189725571684,True,0.9616739302137768,15.031714546131132,6.0,1997.0807665982204,1997.2381930184804,1997.2381930184804,1997.2381930184804,1997.2381930184804,1997.2381930184804,1998.89049090885,1997.5311306735919,2000.0705948493478,-1.6522978903697094,1.6522978903697094,False,False,0.0,2.5394641757559384,50.4
sim0005_ME,108,29.861111101984534,1,3sml,8.013783226886407,4.999999999999999,3.7262189725571684,True,0.9616739302137768,15.031714546131132,7.0,1997.0807665982204,1997.2381930184804,1997.2381930184804,1997.2381930184804,1997.2381930184804,1997.2381930184804,1999.9959047265315,1998.8606148597228,2003.0157757722436,-2.757711708051147,2.757711708051147,False,False,0.0,4.1551609125208415,50.4
sim0005_ME,108,29.861111101984534,1,3sml,8.013783226886407,4.999999999999999,3.7262189725571684,True,0.9616739302137768,15.031714546131132,8.0,1997.0807665982204,1997.2381930184804,1997.2381930184804,1997.2381930184804,1997.2381930184804,1997.2381930184804,2000.0257807756589,1998.8606148597228,2003.5362165480276,-2.7875877571784713,2.7875877571784713,False,False,0.0,4.675601688304823,50.4
sim0005_ME,108,29.861111101984534,1,3sml,8.013783226886407,4.999999999999999,3.7262189725571684,True,0.9616739302137768,15.031714546131132,9.0,1997.0807665982204,1997.2381930184804,1997.2381930184804,1997.2381930184804,1997.2381930184804,1997.2381930184804,2000.0930018861932,1998.8606148597228,2004.8806387587226,-2.8548088677127907,2.8548088677127907,False,False,0.0,6.0200238989998525,50.4
sim0005_ME,108,29.861111101984534,1,3sml,8.013783226886407,4.999999999999999,3.7262189725571684,True,0.9616739302137768,15.031714546131132,10.0,1997.0807665982204,1997.2381930184804,1997.2381930184804,1997.2381930184804,1997.2381930184804,1997.2381930184804,2000.1602229967275,1998.8606148597228,2004.8806387587226,-2.92202997824711,2.92202997824711,False,False,0.0,6.0200238989998525,50.4
sim0005_ME,108,29.861111101984534,1,3sml,8.013783226886407,4.999999999999999,3.7262189725571684,True,0.9616739302137768,15.031714546131132,11.0,1997.0807665982204,1997.2381930184804,1997.2381930184804,1997.2381930184804,1997.2381930184804,1997.2381930184804,2000.1602229967275,1998.8606148597228,2004.8806387587226,-2.92202997824711,2.92202997824711,False,False,0.0,6.0200238989998525,50.4
sim0005_ME,108,29.861111101984534,1,3sml,8.013783226886407,4.999999999999999,3.7262189725571684,True,0.9616739302137768,15.031714546131132,12.0,1997.0807665982204,1997.2381930184804,1997.2381930184804,1997.2381930184804,1997.2381930184804,1997.2381930184804,2000.1602229967275,1998.8606148597228,2006.0009906009682,-2.92202997824711,2.92202997824711,False,False,0.0,7.140375741245407,50.4
sim0005_ME,108,29.861111101984534,1,3sml,8.013783226886407,4.999999999999999,3.7262189725571684,True,0.9616739302137768,15.031714546131132,13.0,1997.0807665982204,1997.2381930184804,1997.2381930184804,1997.2381930184804,1997.2381930184804,1997.2381930184804,2003.0133856883135,1998.8755528842858,2006.0756807237847,-5.775192669833132,5.775192669833132,False,False,0.0,7.2001278394989185,50.4
sim0005_ME,108,29.861111101984534,1,3sml,8.013783226886407,4.999999999999999,3.7262189725571684,True,0.9616739302137768,15.031714546131132,14.0,1997.0807665982204,1997.2381930184804,1997.2381930184804,1997.2381930184804,1997.2381930184804,1997.2381930184804,2003.476464449774,1998.89049090885,2008.9909855975532,-6.238271431293697,6.238271431293697,False,False,0.0,10.100494688703066,50.4
sim0005_ME,108,29.861111101984534,1,3sml,8.013783226886407,4.999999999999999,3.7262189725571684,True,0.9616739302137768,15.031714546131132,15.0,1997.0807665982204,1997.2381930184804,1997.2381930184804,1997.2381930184804,1997.2381930184804,1997.2381930184804,2003.5212785234644,1998.89049090885,2010.8558485840322,-6.283085504984001,6.283085504984001,False,False,0.0,11.965357675182076,50.4
sim0005_ME,108,29.861111101984534,1,3sml,8.013783226886407,4.999999999999999,3.7262189725571684,True,0.9616739302137768,15.031714546131132,15.0,1997.0807665982204,1997.2381930184804,1997.2381930184804,1997.2381930184804,1997.2381930184804,1997.2381930184804,2003.5212785234644,1998.89049090885,2010.8558485840322,-6.283085504984001,6.283085504984001,False,False,0.0,11.965357675182076,50.4
sim0005_ME,108,29.861111101984534,2,2sm,8.476884445661492,3.211346588749072,3.522651664464718,True,0.9948563536933607,8.187792248411354,1.0,2001.5252110335382,2001.6005019301842,2001.6005019301842,2001.6005019301842,2001.6005019301842,2001.6005019301842,2002.5204308777256,2002.5204308777256,2002.5204308777256,-0.9199289475413934,0.9199289475413934,False,False,0.0,0.0,50.4
sim0005_ME,108,29.861111101984534,2,2sm,8.476884445661492,3.211346588749072,3.522651664464718,True,0.9948563536933607,8.187792248411354,2.0,2001.5252110335382,2003.5101528542089,2003.5101528542089,2003.5101528542089,2001.6005019301842,2003.5101528542089,2003.5212785234644,2003.5212785234644,2003.5212785234644,-0.011125669255534376,0.011125669255534376,False,False,0.0,0.0,50.4
sim0005_ME,108,29.861111101984534,2,2sm,8.476884445661492,3.211346588749072,3.522651664464718,True,0.9948563536933607,8.187792248411354,3.0,2001.5252110335382,2004.5231576454478,2004.5231576454478,2004.5231576454478,2004.5231576454478,2004.5231576454478,2004.5221261692034,2004.5221261692034,2004.5221261692034,0.0010314762444068037,0.0010314762444068037,False,False,0.0,0.0,50.4
sim0005_ME,108,29.861111101984534,2,2sm,8.476884445661492,3.211346588749072,3.522651664464718,True,0.9948563536933607,8.187792248411354,4.0,2001.5252110335382,2005.5087839288153,2005.5087839288153,2005.5087839288153,2005.5087839288153,2005.5087839288153,2005.0300190043556,2005.0300190043556,2005.0300190043556,0.47876492445971053,0.47876492445971053,False,False,0.0,0.0,50.4
sim0005_ME,108,29.861111101984534,2,2sm,8.476884445661492,3.211346588749072,3.522651664464718,True,0.9948563536933607,8.187792248411354,5.0,2001.5252110335382,2006.5217887200542,2006.5217887200542,2006.5217887200542,2006.5217887200542,2006.5217887200542,2005.0300190043556,2005.0300190043556,2005.0300190043556,1.4917697156986378,1.4917697156986378,False,False,0.0,0.0,50.4
sim0005_ME,108,29.861111101984534,2,2sm,8.476884445661492,3.211346588749072,3.522651664464718,True,0.9948563536933607,8.187792248411354,6.0,2001.5252110335382,2006.7955737987675,2006.768195290896,2006.8777093223814,2006.6860597672821,2007.0419803696093,2005.0300190043556,2005.0300190043556,2005.0300190043556,1.7655547944118553,1.7655547944118553,False,False,0.10951403148533245,0.0,50.4
sim0005_ME,108,29.861111101984534,2,2sm,8.476884445661492,3.211346588749072,3.522651664464718,True,0.9948563536933607,8.187792248411354,7.0,2001.5252110335382,2006.7955737987675,2006.768195290896,2006.8777093223814,2006.6860597672821,2007.0419803696093,2005.0300190043556,2005.0300190043556,2005.0300190043556,1.7655547944118553,1.7655547944118553,False,False,0.10951403148533245,0.0,50.4
sim0005_ME,108,29.861111101984534,2,2sm,8.476884445661492,3.211346588749072,3.522651664464718,True,0.9948563536933607,8.187792248411354,8.0,2001.5252110335382,2006.7955737987675,2006.768195290896,2006.8777093223814,2006.6860597672821,2007.0419803696093,2005.0300190043556,2005.0300190043556,2005.0300190043556,1.7655547944118553,1.7655547944118553,False,False,0.10951403148533245,0.0,50.4
sim0005_ME,108,29.861111101984534,2,2sm,8.476884445661492,3.211346588749072,3.522651664464718,True,0.9948563536933607,8.187792248411354,9.0,2001.5252110335382,2006.7955737987675,2006.768195290896,2006.8777093223814,2006.6860597672821,2007.0419803696093,2005.0300190043556,2005.0300190043556,2005.0300190043556,1.7655547944118553,1.7655547944118553,False,False,0.10951403148533245,0.0,50.4
sim0005_ME,108,29.861111101984534,2,2sm,8.476884445661492,3.211346588749072,3.522651664464718,True,0.9948563536933607,8.187792248411354,10.0,2001.5252110335382,2006.7955737987675,2006.768195290896,2006.8777093223814,2006.6860597672821,2007.0419803696093,2005.0300190043556,2005.0300190043556,2005.0300190043556,1.7655547944118553,1.7655547944118553,False,False,0.10951403148533245,0.0,50.4
sim0005_ME,108,29.861111101984534,2,2sm,8.476884445661492,3.211346588749072,3.522651664464718,True,0.9948563536933607,8.187792248411354,10.555555564682209,2001.5252110335382,2006.7955737987675,2006.768195290896,2006.8777093223814,2006.6860597672821,2007.0419803696093,2005.0300190043556,2005.0300190043556,2005.0300190043556,1.7655547944118553,1.7655547944118553,False,False,0.10951403148533245,0.0,50.4
sim0005_ME,108,29.861111101984534,3,2sm,8.365791646263066,3.5588346909173674,3.5694304095325227,True,0.997299610488265,9.326209130030806,0.972222231348951,2011.1085443668715,2012.0051904996571,2012.0051904996571,2012.0051904996571,2012.0051904996571,2012.0051904996571,2012.0807665982204,2012.0807665982204,2012.0807665982204,-0.07557609856326053,0.07557609856326053,False,False,0.0,0.0,50.4
sim0006_ME,108,29.861111101984534,0,3sml,3.097878165639972,4.999999999999999,9.63921416703478,True,0.9719978081496864,14.714386838828187,1.0,1992.4974332648871,1992.5727241615332,1992.5727241615332,1992.5727241615332,1992.5727241615332,1992.5727241615332,1993.482926016945,1993.482926016945,1993.482926016945,-0.9102018554117421,0.9102018554117421,False,False,0.0,0.0,50.4
sim0006_ME,108,29.861111101984534,0,3sml,3.097878165639972,4.999999999999999,9.63921416703478,True,0.9719978081496864,14.714386838828187,2.0,1992.4974332648871,1992.5727241615332,1992.5727241615332,1994.4823750855578,1992.5727241615332,1994.4823750855578,1994.4837736626837,1994.4837736626837,1994.4837736626837,-1.9110495011505009,1.9110495011505009,False,False,1.9096509240246178,0.0,50.4
sim0006_ME,108,29.861111101984534,0,3sml,3.097878165639972,4.999999999999999,9.63921416703478,True,0.9719978081496864,14.714386838828187,3.0,1992.4974332648871,1994.7287816563996,1992.5727241615332,1994.756160164271,1992.5727241615332,1994.7835386721422,1994.6929060065702,1994.6630299574429,1994.7078440311332,0.035875649829449685,0.035875649829449685,True,True,2.1834360027378352,0.04481407369030421,50.4
sim0006_ME,108,29.861111101984534,0,3sml,3.097878165639972,4.999999999999999,9.63921416703478,True,0.9719978081496864,14.714386838828187,4.0,1992.4974332648871,1994.7287816563996,1992.5727241615332,1994.756160164271,1992.5727241615332,1994.7835386721422,1994.6929060065702,1994.6630299574429,1994.7078440311332,0.035875649829449685,0.035875649829449685,True,True,2.1834360027378352,0.04481407369030421,50.4
sim0006_ME,108,29.861111101984534,0,3sml,3.097878165639972,4.999999999999999,9.63921416703478,True,0.9719978081496864,14.714386838828187,5.0,1992.4974332648871,1994.7287816563996,1992.5727241615332,1994.756160164271,1992.5727241615332,1994.7835386721422,1997.4415025262124,1997.426564501648,1997.4863165999016,-2.712720869812756,2.712720869812756,False,False,2.1834360027378352,0.059752098253511576,50.4
sim0006_ME,108,29.861111101984534,0,3sml,3.097878165639972,4.999999999999999,9.63921416703478,True,0.9719978081496864,14.714386838828187,6.0,1992.4974332648871,1994.7287816563996,1992.5727241615332,1994.756160164271,1992.5727241615332,1994.7835386721422,1997.4415025262124,1997.426564501648,1997.5311306735919,-2.712720869812756,2.712720869812756,False,False,2.1834360027378352,0.10456617194381579,50.4
sim0006_ME,108,29.861111101984534,0,3sml,3.097878165639972,4.999999999999999,9.63921416703478,True,0.9719978081496864,14.714386838828187,7.0,1992.4974332648871,1994.7287816563996,1992.5727241615332,1994.756160164271,1992.5727241615332,1994.7835386721422,1997.4415025262124,1997.426564501648,1997.5311306735919,-2.712720869812756,2.712720869812756,False,False,2.1834360027378352,0.10456617194381579,50.4
sim0006_ME,108,29.861111101984534,0,3sml,3.097878165639972,4.999999999999999,9.63921416703478,True,0.9719978081496864,14.714386838828187,8.0,1992.4974332648871,1994.7287816563996,1992.5727241615332,1994.756160164271,1992.5727241615332,1994.7835386721422,1997.4415025262124,1997.426564501648,1997.5311306735919,-2.712720869812756,2.712720869812756,False,False,2.1834360027378352,0.10456617194381579,50.4
sim0006_ME,108,29.861111101984534,0,3sml,3.097878165639972,4.999999999999999,9.63921416703478,True,0.9719978081496864,14.714386838828187,9.0,1992.4974332648871,1994.7287816563996,1992.5727241615332,1994.756160164271,1992.5727241615332,1994.7835386721422,1997.4415025262124,1997.426564501648,1997.5311306735919,-2.712720869812756,2.712720869812756,False,False,2.1834360027378352,0.10456617194381579,50.4
sim0006_ME,108,29.861111101984534,0,3sml,3.097878165639972,4.999999999999999,9.63921416703478,True,0.9719978081496864,14.714386838828187,10.0,1992.4974332648871,1994.7287816563996,1992.5727241615332,1994.756160164271,1992.5727241615332,1994.7835386721422,1997.4415025262124,1997.426564501648,1997.5311306735919,-2.712720869812756,2.712720869812756,False,False,2.1834360027378352,0.10456617194381579,50.4
sim0006_ME,108,29.861111101984534,0,3sml,3.097878165639972,4.999999999999999,9.63921416703478,True,0.9719978081496864,14.714386838828187,11.0,1992.4974332648871,1994.7287816563996,1992.5727241615332,1994.756160164271,1992.5727241615332,1994.7835386721422,1997.5311306735919,1997.426564501648,2003.416712351522,-2.8023490171922276,2.8023490171922276,False,False,2.1834360027378352,5.9901478498738925,50.4
sim0006_ME,108,29.861111101984534,0,3sml,3.097878165639972,4.999999999999999,9.63921416703478,True,0.9719978081496864,14.714386838828187,12.0,1992.4974332648871,1994.7287816563996,1992.5727241615332,1994.756160164271,1992.5727241615332,1994.7835386721422,1997.5311306735919,1997.426564501648,2003.4914024743384,-2.8023490171922276,2.8023490171922276,False,False,2.1834360027378352,6.064837972690384,50.4
sim0006_ME,108,29.861111101984534,0,3sml,3.097878165639972,4.999999999999999,9.63921416703478,True,0.9719978081496864,14.714386838828187,13.0,1992.4974332648871,1994.7287816563996,1992.5727241615332,1994.756160164271,1992.5727241615332,1994.7835386721422,1997.5311306735919,1997.426564501648,2003.4914024743384,-2.8023490171922276,2.8023490171922276,False,False,2.1834360027378352,6.064837972690384,50.4
sim0006_ME,108,29.861111101984534,0,3sml,3.097878165639972,4.999999999999999,9.63921416703478,True,0.9719978081496864,14.714386838828187,14.0,1992.4974332648871,1994.7287816563996,1992.5727241615332,1994.756160164271,1992.5727241615332,1994.7835386721422,1997.5311306735919,1997.426564501648,2003.4914024743384,-2.8023490171922276,2.8023490171922276,False,False,2.1834360027378352,6.064837972690384,50.4
sim0006_ME,108,29.861111101984534,0,3sml,3.097878165639972,4.999999999999999,9.63921416703478,True,0.9719978081496864,14.714386838828187,15.0,1992.4974332648871,1994.7287816563996,1992.5727241615332,1994.756160164271,1992.5727241615332,1994.7835386721422,1997.5311306735919,1997.426564501648,2003.4914024743384,-2.8023490171922276,2.8023490171922276,False,False,2.1834360027378352,6.064837972690384,50.4
sim0006_ME,108,29.861111101984534,0,3sml,3.097878165639972,4.999999999999999,9.63921416703478,True,0.9719978081496864,14.714386838828187,16.0,1992.4974332648871,1994.7287816563996,1992.5727241615332,1994.756160164271,1992.5727241615332,1994.7835386721422,1997.5311306735919,1997.426564501648,2003.4914024743384,-2.8023490171922276,2.8023490171922276,False,False,2.1834360027378352,6.064837972690384,50.4
sim0006_ME,108,29.861111101984534,0,3sml,3.097878165639972,4.999999999999999,9.63921416703478,True,0.9719978081496864,14.714386838828187,17.0,1992.4974332648871,1994.7287816563996,1992.5727241615332,1994.756160164271,1992.5727241615332,1994.7835386721422,2003.416712351522,1997.5012546244645,2009.4217982259574,-8.687930695122304,8.687930695122304,False,False,2.1834360027378352,11.92054360149291,50.4
sim0006_ME,108,29.861111101984534,0,3sml,3.097878165639972,4.999999999999999,9.63921416703478,True,0.9719978081496864,14.714386838828187,18.0,1992.4974332648871,1994.7287816563996,1992.5727241615332,1994.756160164271,1992.5727241615332,1994.7835386721422,2003.416712351522,1997.5012546244645,2009.4217982259574,-8.687930695122304,8.687930695122304,False,False,2.1834360027378352,11.92054360149291,50.4
sim0006_ME,108,29.861111101984534,0,3sml,3.097878165639972,4.999999999999999,9.63921416703478,True,0.9719978081496864,14.714386838828187,19.0,1992.4974332648871,1994.7287816563996,1992.5727241615332,1994.756160164271,1992.5727241615332,1994.7835386721422,2003.416712351522,1997.5012546244645,2009.4217982259574,-8.687930695122304,8.687930695122304,False,False,2.1834360027378352,11.92054360149291,50.4
sim0006_ME,108,29.861111101984534,0,3sml,3.097878165639972,4.999999999999999,9.63921416703478,True,0.9719978081496864,14.714386838828187,19.583333333333258,1992.4974332648871,1994.7287816563996,1992.5727241615332,1994.756160164271,1992.5727241615332,1994.7835386721422,2003.416712351522,1997.5012546244645,2009.4217982259574,-8.687930695122304,8.687930695122304,False,False,2.1834360027378352,11.92054360149291,50.4
sim0006_ME,108,29.861111101984534,1,3sml,3.097878165639972,4.999999999999999,9.63921416703478,True,0.991152235357183,9.148371328820867,1.0,1997.0807665982204,1997.6488706365503,1997.6488706365503,1997.7310061601643,1997.6488706365503,1997.7310061601643,1997.4713785753386,1997.4415025262124,1997.4863165999016,0.1774920612117512,0.1774920612117512,False,False,0.0821355236139425,0.044814073689167344,50.4
sim0006_ME,108,29.861111101984534,1,3sml,3.097878165639972,4.999999999999999,9.63921416703478,True,0.991152235357183,9.148371328820867,2.0,1997.0807665982204,1997.6488706365503,1997.6488706365503,1997.7310061601643,1997.6488706365503,1997.7310061601643,1997.4713785753386,1997.4415025262124,1997.4863165999016,0.1774920612117512,0.1774920612117512,False,False,0.0821355236139425,0.044814073689167344,50.4
sim0006_ME,108,29.861111101984534,1,3sml,3.097878165639972,4.999999999999999,9.63921416703478,True,0.991152235357183,9.148371328820867,3.0,1997.0807665982204,1997.6488706365503,1997.6488706365503,1997.7310061601643,1997.6488706365503,1997.7310061601643,1997.4713785753386,1997.4415025262124,1997.4863165999016,0.1774920612117512,0.1774920612117512,False,False,0.0821355236139425,0.044814073689167344,50.4
sim0006_ME,108,29.861111101984534,1,3sml,3.097878165639972,4.999999999999999,9.63921416703478,True,0.991152235357183,9.148371328820867,4.0,1997.0807665982204,1997.6488706365503,1997.6488706365503,1997.7310061601643,1997.6488706365503,1997.7310061601643,1997.4713785753386,1997.4415025262124,1997.4863165999016,0.1774920612117512,0.1774920612117512,False,False,0.0821355236139425,0.044814073689167344,50.4
sim0006_ME,108,29.861111101984534,1,3sml,3.097878165639972,4.999999999999999,9.63921416703478,True,0.991152235357183,9.148371328820867,5.0,1997.0807665982204,1997.6488706365503,1997.6488706365503,1997.7310061601643,1997.6488706365503,1997.7310061601643,1997.4713785753386,1997.4415025262124,1997.4863165999016,0.1774920612117512,0.1774920612117512,False,False,0.0821355236139425,0.044814073689167344,50.4
sim0006_ME,108,29.861111101984534,1,3sml,3.097878165639972,4.999999999999999,9.63921416703478,True,0.991152235357183,9.148371328820867,6.0,1997.0807665982204,1997.6488706365503,1997.6488706365503,1997.7310061601643,1997.6488706365503,1997.7310061601643,1997.4713785753386,1997.4415025262124,1997.4863165999016,0.1774920612117512,0.1774920612117512,False,False,0.0821355236139425,0.044814073689167344,50.4
sim0006_ME,108,29.861111101984534,1,3sml,3.097878165639972,4.999999999999999,9.63921416703478,True,0.991152235357183,9.148371328820867,7.0,1997.0807665982204,1997.6488706365503,1997.6488706365503,1997.7310061601643,1997.6488706365503,1997.7310061601643,1997.4863165999016,1997.4564405507754,2003.476464449774,0.16255403664877122,0.16255403664877122,False,False,0.0821355236139425,6.020023898998716,50.4
sim0006_ME,108,29.861111101984534,1,3sml,3.097878165639972,4.999999999999999,9.63921416703478,True,0.991152235357183,9.148371328820867,8.0,1997.0807665982204,1997.6488706365503,1997.6488706365503,1997.7310061601643,1997.6488706365503,1997.7310061601643,1997.4863165999016,1997.4564405507754,2003.476464449774,0.16255403664877122,0.16255403664877122,False,False,0.0821355236139425,6.020023898998716,50.4
sim0006_ME,108,29.861111101984534,1,3sml,3.097878165639972,4.999999999999999,9.63921416703478,True,0.991152235357183,9.148371328820867,9.0,1997.0807665982204,1997.6488706365503,1997.6488706365503,1997.7310061601643,1997.6488706365503,1997.7310061601643,1997.4863165999016,1997.4564405507754,2003.476464449774,0.16255403664877122,0.16255403664877122,False,False,0.0821355236139425,6.020023898998716,50.4
sim0006_ME,108,29.861111101984534,1,3sml,3.097878165639972,4.999999999999999,9.63921416703478,True,0.991152235357183,9.148371328820867,10.0,1997.0807665982204,1997.6488706365503,1997.6488706365503,1997.7310061601643,1997.6488706365503,1997.7310061601643,1997.4863165999016,1997.4564405507754,2003.476464449774,0.16255403664877122,0.16255403664877122,False,False,0.0821355236139425,6.020023898998716,50.4
sim0006_ME,108,29.861111101984534,1,3sml,3.097878165639972,4.999999999999999,9.63921416703478,True,0.991152235357183,9.148371328820867,11.0,1997.0807665982204,1997.6488706365503,1997.6488706365503,1997.7310061601643,1997.6488706365503,1997.7310061601643,1997.4863165999016,1997.4564405507754,2003.476464449774,0.16255403664877122,0.16255403664877122,False,False,0.0821355236139425,6.020023898998716,50.4
sim0006_ME,108,29.861111101984534,1,3sml,3.097878165639972,4.999999999999999,9.63921416703478,True,0.991152235357183,9.148371328820867,12.0,1997.0807665982204,1997.6488706365503,1997.6488706365503,1997.7310061601643,1997.6488706365503,1997.7310061601643,1997.4863165999016,1997.4564405507754,2003.476464449774,0.16255403664877122,0.16255403664877122,False,False,0.0821355236139425,6.020023898998716,50.4
sim0006_ME,108,29.861111101984534,1,3sml,3.097878165639972,4.999999999999999,9.63921416703478,True,0.991152235357183,9.148371328820867,13.0,1997.0807665982204,1997.6488706365503,1997.6488706365503,1997.7310061601643,1997.6488706365503,1997.7310061601643,2009.4367362505207,1997.4713785753386,2009.466612299648,-11.787865613970325,11.787865613970325,False,False,0.0821355236139425,11.9952337243094,50.4
sim0006_ME,108,29.861111101984534,1,3sml,3.097878165639972,4.999999999999999,9.63921416703478,True,0.991152235357183,9.148371328820867,14.0,1997.0807665982204,1997.6488706365503,1997.6488706365503,1997.7310061601643,1997.6488706365503,1997.7310061601643,2009.4367362505207,1997.4713785753386,2009.466612299648,-11.787865613970325,11.787865613970325,False,False,0.0821355236139425,11.9952337243094,50.4
sim0006_ME,108,29.861111101984534,1,3sml,3.097878165639972,4.999999999999999,9.63921416703478,True,0.991152235357183,9.148371328820867,15.0,1997.0807665982204,1997.6488706365503,1997.6488706365503,1997.7310061601643,1997.6488706365503,1997.7310061601643,2009.4367362505207,1997.4713785753386,2009.466612299648,-11.787865613970325,11.787865613970325,False,False,0.0821355236139425,11.9952337243094,50.4
sim0006_ME,108,29.861111101984534,1,3sml,3.097878165639972,4.999999999999999,9.63921416703478,True,0.991152235357183,9.148371328820867,15.0,1997.0807665982204,1997.6488706365503,1997.6488706365503,1997.7310061601643,1997.6488706365503,1997.7310061601643,2009.4367362505207,1997.4713785753386,2009.466612299648,-11.787865613970325,11.787865613970325,False,False,0.0821355236139425,11.9952337243094,50.4
sim0006_ME,108,29.861111101984534,2,3sml,1.232922973820392,1.0,24.219770201422655,True,0.9803076677005782,11.413940732510845,1.0,2001.5252110335382,2002.33972164271,2002.33972164271,2002.33972164271,2002.257586119096,2002.33972164271,2002.1917943373323,2002.1917943373323,2002.2366084110229,0.1479273053776069,0.1479273053776069,False,False,0.0,0.044814073690531586,50.4
sim0006_ME,108,29.861111101984534,2,3sml,1.232922973820392,1.0,24.219770201422655,True,0.9803076677005782,11.413940732510845,2.0,2001.5252110335382,2002.33972164271,2002.33972164271,2002.33972164271,2002.257586119096,2002.33972164271,2003.3121461795781,2002.2067323618967,2003.3121461795781,-0.972424536868175,0.972424536868175,False,False,0.0,1.1054138176814376,50.4
sim0006_ME,108,29.861111101984534,2,3sml,1.232922973820392,1.0,24.219770201422655,True,0.9803076677005782,11.413940732510845,3.0,2001.5252110335382,2002.33972164271,2002.33972164271,2002.33972164271,2002.257586119096,2002.33972164271,2004.432498021824,2002.2067323618967,2004.432498021824,-2.092776379113957,2.092776379113957,False,False,0.0,2.2257656599272195,50.4
sim0006_ME,108,29.861111101984534,2,3sml,1.232922973820392,1.0,24.219770201422655,True,0.9803076677005782,11.413940732510845,4.0,2001.5252110335382,2002.33972164271,2002.33972164271,2002.33972164271,2002.257586119096,2002.33972164271,2004.432498021824,2002.2067323618967,2004.432498021824,-2.092776379113957,2.092776379113957,False,False,0.0,2.2257656599272195,50.4
sim0006_ME,108,29.861111101984534,2,3sml,1.232922973820392,1.0,24.219770201422655,True,0.9803076677005782,11.413940732510845,5.0,2001.5252110335382,2002.33972164271,2002.33972164271,2002.33972164271,2002.257586119096,2002.33972164271,2005.5528498640695,2002.2067323618967,2005.5528498640695,-3.2131282213595114,3.2131282213595114,False,False,0.0,3.346117502172774,50.4
sim0006_ME,108,29.861111101984534,2,3sml,1.232922973820392,1.0,24.219770201422655,True,0.9803076677005782,11.413940732510845,6.0,2001.5252110335382,2002.33972164271,2002.33972164271,2002.33972164271,2002.257586119096,2002.33972164271,2006.6732017063152,2002.2067323618967,2006.6732017063152,-4.333480063605293,4.333480063605293,False,False,0.0,4.466469344418556,50.4
sim0006_ME,108,29.861111101984534,2,3sml,1.232922973820392,1.0,24.219770201422655,True,0.9803076677005782,11.413940732510845,7.0,2001.5252110335382,2002.33972164271,2002.33972164271,2002.33972164271,2002.257586119096,2002.33972164271,2007.7935535485608,2002.2067323618967,2007.7935535485608,-5.453831905850848,5.453831905850848,False,False,0.0,5.58682118666411,50.4
sim0006_ME,108,29.861111101984534,2,3sml,1.232922973820392,1.0,24.219770201422655,True,0.9803076677005782,11.413940732510845,8.0,2001.5252110335382,2002.33972164271,2002.33972164271,2002.33972164271,2002.257586119096,2002.33972164271,2007.7935535485608,2002.2067323618967,2008.9139053908066,-5.453831905850848,5.453831905850848,False,False,0.0,6.707173028909892,50.4
sim0006_ME,108,29.861111101984534,2,3sml,1.232922973820392,1.0,24.219770201422655,True,0.9803076677005782,11.413940732510845,9.0,2001.5252110335382,2002.33972164271,2002.33972164271,2002.33972164271,2002.257586119096,2002.33972164271,2007.7935535485608,2002.2067323618967,2010.0342572330524,-5.453831905850848,5.453831905850848,False,False,0.0,7.827524871155674,50.4
sim0006_ME,108,29.861111101984534,2,3sml,1.232922973820392,1.0,24.219770201422655,True,0.9803076677005782,11.413940732510845,10.0,2001.5252110335382,2002.33972164271,2002.33972164271,2002.33972164271,2002.257586119096,2002.33972164271,2007.7935535485608,2002.2067323618967,2011.154609075298,-5.453831905850848,5.453831905850848,False,False,0.0,8.947876713401229,50.4
sim0006_ME,108,29.861111101984534,2,3sml,1.232922973820392,1.0,24.219770201422655,True,0.9803076677005782,11.413940732510845,10.555555564682209,2001.5252110335382,2002.33972164271,2002.33972164271,2002.33972164271,2002.257586119096,2002.33972164271,2007.7935535485608,2002.2067323618967,2011.154609075298,-5.453831905850848,5.453831905850848,False,False,0.0,8.947876713401229,50.4
sim0007_K,108,29.861111101984534,0,3sml,5.416990002993628,4.999999999999999,5.512491454752951,True,0.9827084142410824,3.9339860381901044,1.0,1992.4974332648871,1993.4967488021903,1992.6548596851471,1993.4967488021903,1992.6548596851471,1993.4967488021903,1993.1244134274257,1993.1244134274257,1993.1393514519887,0.3723353747645888,0.3723353747645888,True,True,0.841889117043138,0.01493802456297999,50.4
sim0007_K,108,29.861111101984534,0,3sml,5.416990002993628,4.999999999999999,5.512491454752951,True,0.9827084142410824,3.9339860381901044,2.0,1992.4974332648871,1994.4823750855578,1994.4823750855578,1994.4823750855578,1994.4823750855578,1994.4823750855578,1993.1244134274257,1993.1244134274257,1993.1393514519887,1.357961658132126,1.357961658132126,False,False,0.0,0.01493802456297999,50.4
sim0007_K,108,29.861111101984534,0,3sml,5.416990002993628,4.999999999999999,5.512491454752951,True,0.9827084142410824,3.9339860381901044,3.0,1992.4974332648871,1995.4953798767967,1995.4953798767967,1995.4953798767967,1995.4953798767967,1995.4953798767967,1993.1244134274257,1993.1244134274257,1993.1393514519887,2.3709664493710534,2.3709664493710534,False,False,0.0,0.01493802456297999,50.4
sim0007_K,108,29.861111101984534,0,3sml,5.416990002993628,4.999999999999999,5.512491454752951,True,0.9827084142410824,3.9339860381901044,4.0,1992.4974332648871,1995.7144079397672,1995.687029431896,1995.7417864476386,1995.687029431896,1995.76916495551,1995.843133897942,1995.843133897942,1995.858071922505,-0.12872595817475485,0.12872595817475485,False,False,0.05475701574255254,0.01493802456297999,50.4
sim0007_K,108,29.861111101984534,0,3sml,5.416990002993628,4.999999999999999,5.512491454752951,True,0.9827084142410824,3.9339860381901044,5.0,1992.4974332648871,1995.7144079397672,1995.687029431896,1995.7417864476386,1995.687029431896,1995.76916495551,1995.843133897942,1995.843133897942,1995.858071922505,-0.12872595817475485,0.12872595817475485,False,False,0.05475701574255254,0.01493802456297999,50.4
sim0007_K,108,29.861111101984534,0,3sml,5.416990002993628,4.999999999999999,5.512491454752951,True,0.9827084142410824,3.9339860381901044,6.0,1992.4974332648871,1995.7144079397672,1995.687029431896,1995.7417864476386,1995.687029431896,1995.76916495551,1998.4871642456417,1995.843133897942,1998.4871642456417,-2.772756305874509,2.772756305874509,False,False,0.05475701574255254,2.644030347699754,50.4
sim0007_K,108,29.861111101984534,0,3sml,5.416990002993628,4.999999999999999,5.512491454752951,True,0.9827084142410824,3.9339860381901044,7.0,1992.4974332648871,1995.7144079397672,1995.687029431896,1995.7417864476386,1995.687029431896,1995.76916495551,1998.75604868778,1998.7411106632171,1998.75604868778,-3.0416407480129237,3.0416407480129237,False,False,0.05475701574255254,0.01493802456297999,50.4
sim0007_K,108,29.861111101984534,0,3sml,5.416990002993628,4.999999999999999,5.512491454752951,True,0.9827084142410824,3.9339860381901044,8.0,1992.4974332648871,1995.7144079397672,1995.687029431896,1995.7417864476386,1995.687029431896,1995.76916495551,1998.75604868778,1998.7411106632171,1998.75604868778,-3.0416407480129237,3.0416407480129237,False,False,0.05475701574255254,0.01493802456297999,50.4
sim0007_K,108,29.861111101984534,0,3sml,5.416990002993628,4.999999999999999,5.512491454752951,True,0.9827084142410824,3.9339860381901044,9.0,1992.4974332648871,1995.7144079397672,1995.687029431896,1995.7417864476386,1995.687029431896,1995.76916495551,1998.75604868778,1998.7411106632171,1998.75604868778,-3.0416407480129237,3.0416407480129237,False,False,0.05475701574255254,0.01493802456297999,50.4
sim0007_K,108,29.861111101984534,0,3sml,5.416990002993628,4.999999999999999,5.512491454752951,True,0.9827084142410824,3.9339860381901044,10.0,1992.4974332648871,1995.7144079397672,1995.687029431896,1995.7417864476386,1995.687029431896,1995.76916495551,1998.75604868778,1998.7411106632171,1998.75604868778,-3.0416407480129237,3.0416407480129237,False,False,0.05475701574255254,0.01493802456297999,50.4
sim0007_K,108,29.861111101984534,0,3sml,5.416990002993628,4.999999999999999,5.512491454752951,True,0.9827084142410824,3.9339860381901044,11.0,1992.4974332648871,1995.7144079397672,1995.687029431896,1995.7417864476386,1995.687029431896,1995.76916495551,1998.75604868778,1998.7411106632171,1998.75604868778,-3.0416407480129237,3.0416407480129237,False,False,0.05475701574255254,0.01493802456297999,50.4
sim0007_K,108,29.861111101984534,0,3sml,5.416990002993628,4.999999999999999,5.512491454752951,True,0.9827084142410824,3.9339860381901044,12.0,1992.4974332648871,1995.7144079397672,1995.687029431896,1995.7417864476386,1995.687029431896,1995.76916495551,1998.75604868778,1998.7411106632171,1998.75604868778,-3.0416407480129237,3.0416407480129237,False,False,0.05475701574255254,0.01493802456297999,50.4
sim0007_K,108,29.861111101984534,0,3sml,5.416990002993628,4.999999999999999,5.512491454752951,True,0.9827084142410824,3.9339860381901044,13.0,1992.4974332648871,1995.7144079397672,1995.687029431896,1995.7417864476386,1995.687029431896,1995.76916495551,1998.75604868778,1998.7411106632171,1998.75604868778,-3.0416407480129237,3.0416407480129237,False,False,0.05475701574255254,0.01493802456297999,50.4
sim0007_K,108,29.861111101984534,0,3sml,5.416990002993628,4.999999999999999,5.512491454752951,True,0.9827084142410824,3.9339860381901044,14.0,1992.4974332648871,1995.7144079397672,1995.687029431896,1995.7417864476386,1995.687029431896,1995.76916495551,1998.75604868778,1998.7411106632171,1998.75604868778,-3.0416407480129237,3.0416407480129237,False,False,0.05475701574255254,0.01493802456297999,50.4
sim0007_K,108,29.861111101984534,0,3sml,5.416990002993628,4.999999999999999,5.512491454752951,True,0.9827084142410824,3.9339860381901044,15.0,1992.4974332648871,1995.7144079397672,1995.687029431896,1995.7417864476386,1995.687029431896,1995.76916495551,1998.75604868778,1998.75604868778,2007.2408466397196,-3.0416407480129237,3.0416407480129237,False,False,0.05475701574255254,8.484797951939527,50.4
sim0007_K,108,29.861111101984534,0,3sml,5.416990002993628,4.999999999999999,5.512491454752951,True,0.9827084142410824,3.9339860381901044,16.0,1992.4974332648871,1995.7144079397672,1995.687029431896,1995.7417864476386,1995.687029431896,1995.76916495551,1998.75604868778,1998.75604868778,2007.2408466397196,-3.0416407480129237,3.0416407480129237,False,False,0.05475701574255254,8.484797951939527,50.4
sim0007_K,108,29.861111101984534,0,3sml,5.416990002993628,4.999999999999999,5.512491454752951,True,0.9827084142410824,3.9339860381901044,17.0,1992.4974332648871,1995.7144079397672,1995.687029431896,1995.7417864476386,1995.687029431896,1995.76916495551,1998.75604868778,1998.75604868778,2007.2408466397196,-3.0416407480129237,3.0416407480129237,False,False,0.05475701574255254,8.484797951939527,50.4
sim0007_K,108,29.861111101984534,0,3sml,5.416990002993628,4.999999999999999,5.512491454752951,True,0.9827084142410824,3.9339860381901044,18.0,1992.4974332648871,1995.7144079397672,1995.687029431896,1995.7417864476386,1995.687029431896,1995.76916495551,1998.75604868778,1998.75604868778,2007.2408466397196,-3.0416407480129237,3.0416407480129237,False,False,0.05475701574255254,8.484797951939527,50.4
sim0007_K,108,29.861111101984534,0,3sml,5.416990002993628,4.999999999999999,5.512491454752951,True,0.9827084142410824,3.9339860381901044,19.0,1992.4974332648871,1995.7144079397672,1995.687029431896,1995.7417864476386,1995.687029431896,1995.76916495551,1998.75604868778,1998.75604868778,2007.2408466397196,-3.0416407480129237,3.0416407480129237,False,False,0.05475701574255254,8.484797951939527,50.4
sim0007_K,108,29.861111101984534,0,3sml,5.416990002993628,4.999999999999999,5.512491454752951,True,0.9827084142410824,3.9339860381901044,19.583333333333258,1992.4974332648871,1995.7144079397672,1995.687029431896,1995.7417864476386,1995.687029431896,1995.76916495551,1998.75604868778,1998.75604868778,2007.2408466397196,-3.0416407480129237,3.0416407480129237,False,False,0.05475701574255254,8.484797951939527,50.4
sim0007_K,108,29.861111101984534,1,2sm,5.581573901556102,4.999999999999999,5.34994459065739,True,0.9972057885702269,3.605448753418644,1.0,1997.0807665982204,1997.1560574948664,1997.1560574948664,1997.1560574948664,1997.1560574948664,1997.1560574948664,1998.068899557869,1998.068899557869,1998.068899557869,-0.9128420630024721,0.9128420630024721,False,False,0.0,0.0,50.4
sim0007_K,108,29.861111101984534,1,2sm,5.581573901556102,4.999999999999999,5.34994459065739,True,0.9972057885702269,3.605448753418644,2.0,1997.0807665982204,1997.1560574948664,1997.1560574948664,1997.1560574948664,1997.1560574948664,1997.1560574948664,1998.7411106632171,1998.7411106632171,1998.7411106632171,-1.5850531683506688,1.5850531683506688,False,False,0.0,0.0,50.4
sim0007_K,108,29.861111101984534,1,2sm,5.581573901556102,4.999999999999999,5.34994459065739,True,0.9972057885702269,3.605448753418644,3.0,1997.0807665982204,1997.1560574948664,1997.1560574948664,1997.1560574948664,1997.1560574948664,1997.1560574948664,1998.7411106632171,1998.7411106632171,1998.7411106632171,-1.5850531683506688,1.5850531683506688,False,False,0.0,0.0,50.4
sim0007_K,108,29.861111101984534,1,2sm,5.581573901556102,4.999999999999999,5.34994459065739,True,0.9972057885702269,3.605448753418644,4.0,1997.0807665982204,2001.0643394934975,1997.1560574948664,2001.0643394934975,1997.1560574948664,2001.0643394934975,1998.7411106632171,1998.7411106632171,1998.7411106632171,2.3232288302804136,2.3232288302804136,True,True,3.9082819986310824,0.0,50.4
sim0007_K,108,29.861111101984534,1,2sm,5.581573901556102,4.999999999999999,5.34994459065739,True,0.9972057885702269,3.605448753418644,5.0,1997.0807665982204,2001.611909650924,2001.5845311430526,2001.6392881587954,1997.1560574948664,2001.6666666666665,1998.7411106632171,1998.7411106632171,1998.7411106632171,2.8707989877068485,2.8707989877068485,False,True,0.05475701574277991,0.0,50.4
sim0007_K,108,29.861111101984534,1,2sm,5.581573901556102,4.999999999999999,5.34994459065739,True,0.9972057885702269,3.605448753418644,6.0,1997.0807665982204,2001.611909650924,2001.5845311430526,2001.6392881587954,1997.1560574948664,2001.6666666666665,1998.7411106632171,1998.7411106632171,1998.7411106632171,2.8707989877068485,2.8707989877068485,False,True,0.05475701574277991,0.0,50.4
sim0007_K,108,29.861111101984534,1,2sm,5.581573901556102,4.999999999999999,5.34994459065739,True,0.9972057885702269,3.605448753418644,7.0,1997.0807665982204,2001.611909650924,2001.5845311430526,2001.6392881587954,1997.1560574948664,2001.6666666666665,1998.7411106632171,1998.7411106632171,1998.7411106632171,2.8707989877068485,2.8707989877068485,False,True,0.05475701574277991,0.0,50.4
sim0007_K,108,29.861111101984534,1,2sm,5.581573901556102,4.999999999999999,5.34994459065739,True,0.9972057885702269,3.605448753418644,8.0,1997.0807665982204,2001.611909650924,2001.5845311430526,2001.6392881587954,1997.1560574948664,2001.6666666666665,1998.7411106632171,1998.7411106632171,1998.7411106632171,2.8707989877068485,2.8707989877068485,False,True,0.05475701574277991,0.0,50.4
sim0007_K,108,29.861111101984534,1,2sm,5.581573901556102,4.999999999999999,5.34994459065739,True,0.9972057885702269,3.605448753418644,9.0,1997.0807665982204,2001.611909650924,2001.5845311430526,2001.6392881587954,1997.1560574948664,2001.6666666666665,1998.7411106632171,1998.7411106632171,1998.7411106632171,2.8707989877068485,2.8707989877068485,False,True,0.05475701574277991,0.0,50.4
sim0007_K,108,29.861111101984534,1,2sm,5.581573901556102,4.999999999999999,5.34994459065739,True,0.9972057885702269,3.605448753418644,10.0,1997.0807665982204,2001.611909650924,2001.5845311430526,2001.6392881587954,1997.1560574948664,2001.6666666666665,1998.7411106632171,1998.7411106632171,1998.7411106632171,2.8707989877068485,2.8707989877068485,False,True,0.05475701574277991,0.0,50.4
sim0007_K,108,29.861111101984534,1,2sm,5.581573901556102,4.999999999999999,5.34994459065739,True,0.9972057885702269,3.605448753418644,11.0,1997.0807665982204,2001.611909650924,2001.5845311430526,2001.6392881587954,1997.1560574948664,2001.6666666666665,2007.2259086151564,1998.7411106632171,2007.2259086151564,-5.613998964232451,5.613998964232451,False,False,0.05475701574277991,8.4847979519393,50.4
sim0007_K,108,29.861111101984534,1,2sm,5.581573901556102,4.999999999999999,5.34994459065739,True,0.9972057885702269,3.605448753418644,12.0,1997.0807665982204,2001.611909650924,2001.5845311430526,2001.6392881587954,1997.1560574948664,2001.6666666666665,2007.2259086151564,1998.7411106632171,2007.2259086151564,-5.613998964232451,5.613998964232451,False,False,0.05475701574277991,8.4847979519393,50.4
sim0007_K,108,29.861111101984534,1,2sm,5.581573901556102,4.999999999999999,5.34994459065739,True,0.9972057885702269,3.605448753418644,13.0,1997.0807665982204,2001.611909650924,2001.5845311430526,2001.6392881587954,1997.1560574948664,2001.6666666666665,2007.2259086151564,1998.7411106632171,2007.2259086151564,-5.613998964232451,5.613998964232451,False,False,0.05475701574277991,8.4847979519393,50.4
sim0007_K,108,29.861111101984534,1,2sm,5.581573901556102,4.999999999999999,5.34994459065739,True,0.9972057885702269,3.605448753418644,14.0,1997.0807665982204,2001.611909650924,2001.5845311430526,2001.6392881587954,1997.1560574948664,2001.6666666666665,2007.2259086151564,1998.7411106632171,2007.2259086151564,-5.613998964232451,5.613998964232451,False,False,0.05475701574277991,8.4847979519393,50.4
sim0007_K,108,29.861111101984534,1,2sm,5.581573901556102,4.999999999999999,5.34994459065739,True,0.9972057885702269,3.605448753418644,15.0,1997.0807665982204,2001.611909650924,2001.5845311430526,2001.6392881587954,1997.1560574948664,2001.6666666666665,2007.2259086151564,1998.7411106632171,2007.2259086151564,-5.613998964232451,5.613998964232451,False,False,0.05475701574277991,8.4847979519393,50.4
sim0007_K,108,29.861111101984534,1,2sm,5.581573901556102,4.999999999999999,5.34994459065739,True,0.9972057885702269,3.605448753418644,15.0,1997.0807665982204,2001.611909650924,2001.5845311430526,2001.6392881587954,1997.1560574948664,2001.6666666666665,2007.2259086151564,1998.7411106632171,2007.2259086151564,-5.613998964232451,5.613998964232451,False,False,0.05475701574277991,8.4847979519393,50.4
sim0007_K,108,29.861111101984534,2,2sm,5.535798110403166,4.999999999999999,5.394183549769986,True,0.9928391003188162,4.100890892729603,1.0,2001.5252110335382,2001.6005019301842,2001.6005019301842,2001.6005019301842,2001.6005019301842,2001.6005019301842,2001.8332817478145,2001.8034056986883,2001.8332817478145,-0.2327798176302167,0.2327798176302167,False,False,0.0,0.029876049126187354,50.4
sim0007_K,108,29.861111101984534,2,2sm,5.535798110403166,4.999999999999999,5.394183549769986,True,0.9928391003188162,4.100890892729603,2.0,2001.5252110335382,2001.6005019301842,2001.6005019301842,2001.6005019301842,2001.6005019301842,2001.6005019301842,2001.8332817478145,2001.8034056986883,2001.8332817478145,-0.2327798176302167,0.2327798176302167,False,False,0.0,0.029876049126187354,50.4
sim0007_K,108,29.861111101984534,2,2sm,5.535798110403166,4.999999999999999,5.394183549769986,True,0.9928391003188162,4.100890892729603,3.0,2001.5252110335382,2001.6005019301842,2001.6005019301842,2001.6005019301842,2001.6005019301842,2001.6005019301842,2001.8332817478145,2001.8034056986883,2001.8332817478145,-0.2327798176302167,0.2327798176302167,False,False,0.0,0.029876049126187354,50.4
sim0007_K,108,29.861111101984534,2,2sm,5.535798110403166,4.999999999999999,5.394183549769986,True,0.9928391003188162,4.100890892729603,4.0,2001.5252110335382,2001.6005019301842,2001.6005019301842,2001.6005019301842,2001.6005019301842,2001.6005019301842,2001.8332817478145,2001.8034056986883,2001.8332817478145,-0.2327798176302167,0.2327798176302167,False,False,0.0,0.029876049126187354,50.4
sim0007_K,108,29.861111101984534,2,2sm,5.535798110403166,4.999999999999999,5.394183549769986,True,0.9928391003188162,4.100890892729603,5.0,2001.5252110335382,2001.6005019301842,2001.6005019301842,2001.6005019301842,2001.6005019301842,2001.6005019301842,2001.8332817478145,2001.8034056986883,2001.8332817478145,-0.2327798176302167,0.2327798176302167,False,False,0.0,0.029876049126187354,50.4
sim0007_K,108,29.861111101984534,2,2sm,5.535798110403166,4.999999999999999,5.394183549769986,True,0.9928391003188162,4.100890892729603,6.0,2001.5252110335382,2001.6005019301842,2001.6005019301842,2001.6005019301842,2001.6005019301842,2001.6005019301842,2001.8332817478145,2001.8034056986883,2007.2259086151564,-0.2327798176302167,0.2327798176302167,False,False,0.0,5.422502916468147,50.4
sim0007_K,108,29.861111101984534,2,2sm,5.535798110403166,4.999999999999999,5.394183549769986,True,0.9928391003188162,4.100890892729603,7.0,2001.5252110335382,2001.6005019301842,2001.6005019301842,2001.6005019301842,2001.6005019301842,2001.6005019301842,2001.8332817478145,2001.8034056986883,2007.2259086151564,-0.2327798176302167,0.2327798176302167,False,False,0.0,5.422502916468147,50.4
sim0007_K,108,29.861111101984534,2,2sm,5.535798110403166,4.999999999999999,5.394183549769986,True,0.9928391003188162,4.100890892729603,8.0,2001.5252110335382,2001.6005019301842,2001.6005019301842,2001.6005019301842,2001.6005019301842,2001.6005019301842,2001.8332817478145,2001.8034056986883,2007.2259086151564,-0.2327798176302167,0.2327798176302167,False,False,0.0,5.422502916468147,50.4
sim0007_K,108,29.861111101984534,2,2sm,5.535798110403166,4.999999999999999,5.394183549769986,True,0.9928391003188162,4.100890892729603,9.0,2001.5252110335382,2001.6005019301842,2001.6005019301842,2001.6005019301842,2001.6005019301842,2001.6005019301842,2001.8332817478145,2001.8034056986883,2007.2259086151564,-0.2327798176302167,0.2327798176302167,False,False,0.0,5.422502916468147,50.4
sim0007_K,108,29.861111101984534,2,2sm,5.535798110403166,4.999999999999999,5.394183549769986,True,0.9928391003188162,4.100890892729603,10.0,2001.5252110335382,2001.6005019301842,2001.6005019301842,2001.6005019301842,2001.6005019301842,2001.6005019301842,2001.8332817478145,2001.8034056986883,2007.2259086151564,-0.2327798176302167,0.2327798176302167,False,False,0.0,5.422502916468147,50.4
sim0007_K,108,29.861111101984534,2,2sm,5.535798110403166,4.999999999999999,5.394183549769986,True,0.9928391003188162,4.100890892729603,10.555555564682209,2001.5252110335382,2001.6005019301842,2001.6005019301842,2001.6005019301842,2001.6005019301842,2001.6005019301842,2001.8332817478145,2001.8034056986883,2007.2259086151564,-0.2327798176302167,0.2327798176302167,False,False,0.0,5.422502916468147,50.4
sim0007_K,108,29.861111101984534,3,2sm,5.539694777970399,4.999999999999999,5.390389236015793,True,0.9953422284434729,4.272040959417053,1.0,2006.2474332648871,2006.9798083504447,2006.9798083504447,2006.9798083504447,2006.8976728268308,2006.9798083504447,2007.2408466397196,2007.2408466397196,2007.2408466397196,-0.26103828927489303,0.26103828927489303,False,False,0.0,0.0,50.4
sim0007_K,108,29.861111101984534,3,2sm,5.539694777970399,4.999999999999999,5.390389236015793,True,0.9953422284434729,4.272040959417053,2.0,2006.2474332648871,2006.9798083504447,2006.9798083504447,2006.9798083504447,2006.8976728268308,2006.9798083504447,2007.2408466397196,2007.2408466397196,2007.2408466397196,-0.26103828927489303,0.26103828927489303,False,False,0.0,0.0,50.4
sim0007_K,108,29.861111101984534,3,2sm,5.539694777970399,4.999999999999999,5.390389236015793,True,0.9953422284434729,4.272040959417053,3.0,2006.2474332648871,2006.9798083504447,2006.9798083504447,2006.9798083504447,2006.8976728268308,2006.9798083504447,2007.2408466397196,2007.2408466397196,2007.2408466397196,-0.26103828927489303,0.26103828927489303,False,False,0.0,0.0,50.4
sim0007_K,108,29.861111101984534,3,2sm,5.539694777970399,4.999999999999999,5.390389236015793,True,0.9953422284434729,4.272040959417053,4.0,2006.2474332648871,2006.9798083504447,2006.9798083504447,2006.9798083504447,2006.8976728268308,2006.9798083504447,2007.2408466397196,2007.2408466397196,2007.2408466397196,-0.26103828927489303,0.26103828927489303,False,False,0.0,0.0,50.4
sim0007_K,108,29.861111101984534,3,2sm,5.539694777970399,4.999999999999999,5.390389236015793,True,0.9953422284434729,4.272040959417053,5.0,2006.2474332648871,2006.9798083504447,2006.9798083504447,2006.9798083504447,2006.8976728268308,2006.9798083504447,2007.2408466397196,2007.2408466397196,2007.2408466397196,-0.26103828927489303,0.26103828927489303,False,False,0.0,0.0,50.4
sim0007_K,108,29.861111101984534,3,2sm,5.539694777970399,4.999999999999999,5.390389236015793,True,0.9953422284434729,4.272040959417053,5.8333333333332575,2006.2474332648871,2006.9798083504447,2006.9798083504447,2006.9798083504447,2006.8976728268308,2006.9798083504447,2007.2408466397196,2007.2408466397196,2007.2408466397196,-0.26103828927489303,0.26103828927489303,False,False,0.0,0.0,50.4
sim0007_K,108,29.861111101984534,4,2sm,5.560528085930366,4.999999999999999,5.370193377413414,True,0.984866801690867,4.33240232541995,0.972222231348951,2011.1085443668715,2011.9230549760432,2011.9230549760432,2011.9230549760432,2011.9230549760432,2011.9230549760432,2012.0807665982204,2012.0807665982204,2012.0807665982204,-0.15771162217720303,0.15771162217720303,False,False,0.0,0.0,50.4
sim0008_MM,108,29.861111101984534,0,3sml,7.625200204257308,4.999999999999999,3.916108469560242,True,0.977056792369165,6.5270176837567275,1.0,1992.4974332648871,1993.4967488021903,1993.4967488021903,1993.4967488021903,1993.4967488021903,1993.4967488021903,1993.482926016945,1993.482926016945,1993.482926016945,0.01382278524533831,0.01382278524533831,False,False,0.0,0.0,50.4
sim0008_MM,108,29.861111101984534,0,3sml,7.625200204257308,4.999999999999999,3.916108469560242,True,0.977056792369165,6.5270176837567275,2.0,1992.4974332648871,1994.4823750855578,1994.427618069815,1994.4823750855578,1994.345482546201,1994.4823750855578,1994.4837736626837,1994.4837736626837,1994.4837736626837,-0.0013985771258830937,0.0013985771258830937,False,False,0.05475701574277991,0.0,50.4
sim0008_MM,108,29.861111101984534,0,3sml,7.625200204257308,4.999999999999999,3.916108469560242,True,0.977056792369165,6.5270176837567275,3.0,1992.4974332648871,1994.5097535934292,1994.427618069815,1994.5645106091717,1994.345482546201,1994.6466461327857,1994.9617904487086,1994.9468524241456,1994.9617904487086,-0.4520368552794025,0.4520368552794025,False,False,0.1368925393567224,0.01493802456297999,50.4
sim0008_MM,108,29.861111101984534,0,3sml,7.625200204257308,4.999999999999999,3.916108469560242,True,0.977056792369165,6.5270176837567275,4.0,1992.4974332648871,1994.5097535934292,1994.427618069815,1994.5645106091717,1994.345482546201,1994.6466461327857,1994.9617904487086,1994.9468524241456,1994.9617904487086,-0.4520368552794025,0.4520368552794025,False,False,0.1368925393567224,0.01493802456297999,50.4
sim0008_MM,108,29.861111101984534,0,3sml,7.625200204257308,4.999999999999999,3.916108469560242,True,0.977056792369165,6.5270176837567275,5.0,1992.4974332648871,1994.5097535934292,1994.427618069815,1994.5645106091717,1994.345482546201,1994.6466461327857,1994.9617904487086,1994.9468524241456,1994.9617904487086,-0.4520368552794025,0.4520368552794025,False,False,0.1368925393567224,0.01493802456297999,50.4
sim0008_MM,108,29.861111101984534,0,3sml,7.625200204257308,4.999999999999999,3.916108469560242,True,0.977056792369165,6.5270176837567275,6.0,1992.4974332648871,1994.5097535934292,1994.427618069815,1994.5645106091717,1994.345482546201,1994.6466461327857,1994.9617904487086,1994.9468524241456,1994.9617904487086,-0.4520368552794025,0.4520368552794025,False,False,0.1368925393567224,0.01493802456297999,50.4
sim0008_MM,108,29.861111101984534,0,3sml,7.625200204257308,4.999999999999999,3.916108469560242,True,0.977056792369165,6.5270176837567275,7.0,1992.4974332648871,1994.5097535934292,1994.427618069815,1994.5645106091717,1994.345482546201,1994.6466461327857,1994.9617904487086,1994.9468524241456,1994.9617904487086,-0.4520368552794025,0.4520368552794025,False,False,0.1368925393567224,0.01493802456297999,50.4
sim0008_MM,108,29.861111101984534,0,3sml,7.625200204257308,4.999999999999999,3.916108469560242,True,0.977056792369165,6.5270176837567275,8.0,1992.4974332648871,1994.5097535934292,1994.427618069815,1994.5645106091717,1994.345482546201,1994.6466461327857,1994.9617904487086,1994.9468524241456,1994.9617904487086,-0.4520368552794025,0.4520368552794025,False,False,0.1368925393567224,0.01493802456297999,50.4
sim0008_MM,108,29.861111101984534,0,3sml,7.625200204257308,4.999999999999999,3.916108469560242,True,0.977056792369165,6.5270176837567275,9.0,1992.4974332648871,1994.5097535934292,1994.427618069815,1994.5645106091717,1994.345482546201,1994.6466461327857,1994.9617904487086,1994.9468524241456,1994.9617904487086,-0.4520368552794025,0.4520368552794025,False,False,0.1368925393567224,0.01493802456297999,50.4
sim0008_MM,108,29.861111101984534,0,3sml,7.625200204257308,4.999999999999999,3.916108469560242,True,0.977056792369165,6.5270176837567275,10.0,1992.4974332648871,1994.5097535934292,1994.427618069815,1994.5645106091717,1994.345482546201,1994.6466461327857,1994.9617904487086,1994.9468524241456,1994.9617904487086,-0.4520368552794025,0.4520368552794025,False,False,0.1368925393567224,0.01493802456297999,50.4
sim0008_MM,108,29.861111101984534,0,3sml,7.625200204257308,4.999999999999999,3.916108469560242,True,0.977056792369165,6.5270176837567275,11.0,1992.4974332648871,1994.5097535934292,1994.427618069815,1994.5645106091717,1994.345482546201,1994.6466461327857,2002.6399350742313,1994.9617904487086,2002.6698111233572,-8.130181480802094,8.130181480802094,False,False,0.1368925393567224,7.708020674648651,50.4
sim0008_MM,108,29.861111101984534,0,3sml,7.625200204257308,4.999999999999999,3.916108469560242,True,0.977056792369165,6.5270176837567275,12.0,1992.4974332648871,1994.5097535934292,1994.427618069815,1994.5645106091717,1994.345482546201,1994.6466461327857,2002.6399350742313,1994.9617904487086,2002.6698111233572,-8.130181480802094,8.130181480802094,False,False,0.1368925393567224,7.708020674648651,50.4
sim0008_MM,108,29.861111101984534,0,3sml,7.625200204257308,4.999999999999999,3.916108469560242,True,0.977056792369165,6.5270176837567275,13.0,1992.4974332648871,1994.5097535934292,1994.427618069815,1994.5645106091717,1994.345482546201,1994.6466461327857,2002.6399350742313,1994.9617904487086,2002.6698111233572,-8.130181480802094,8.130181480802094,False,False,0.1368925393567224,7.708020674648651,50.4
sim0008_MM,108,29.861111101984534,0,3sml,7.625200204257308,4.999999999999999,3.916108469560242,True,0.977056792369165,6.5270176837567275,14.0,1992.4974332648871,1994.5097535934292,1994.427618069815,1994.5645106091717,1994.345482546201,1994.6466461327857,2002.6399350742313,1994.9617904487086,2002.6698111233572,-8.130181480802094,8.130181480802094,False,False,0.1368925393567224,7.708020674648651,50.4
sim0008_MM,108,29.861111101984534,0,3sml,7.625200204257308,4.999999999999999,3.916108469560242,True,0.977056792369165,6.5270176837567275,15.0,1992.4974332648871,1994.5097535934292,1994.427618069815,1994.5645106091717,1994.345482546201,1994.6466461327857,2002.6399350742313,1994.9617904487086,2002.6698111233572,-8.130181480802094,8.130181480802094,False,False,0.1368925393567224,7.708020674648651,50.4
sim0008_MM,108,29.861111101984534,0,3sml,7.625200204257308,4.999999999999999,3.916108469560242,True,0.977056792369165,6.5270176837567275,16.0,1992.4974332648871,1994.5097535934292,1994.427618069815,1994.5645106091717,1994.345482546201,1994.6466461327857,2002.6399350742313,1994.9617904487086,2002.6698111233572,-8.130181480802094,8.130181480802094,False,False,0.1368925393567224,7.708020674648651,50.4
sim0008_MM,108,29.861111101984534,0,3sml,7.625200204257308,4.999999999999999,3.916108469560242,True,0.977056792369165,6.5270176837567275,17.0,1992.4974332648871,1994.5097535934292,1994.427618069815,1994.5645106091717,1994.345482546201,1994.6466461327857,2002.6399350742313,1994.9617904487086,2002.6698111233572,-8.130181480802094,8.130181480802094,False,False,0.1368925393567224,7.708020674648651,50.4
sim0008_MM,108,29.861111101984534,0,3sml,7.625200204257308,4.999999999999999,3.916108469560242,True,0.977056792369165,6.5270176837567275,18.0,1992.4974332648871,1994.5097535934292,1994.427618069815,1994.5645106091717,1994.345482546201,1994.6466461327857,2002.6698111233572,1994.9617904487086,2010.3330177243167,-8.160057529928054,8.160057529928054,False,False,0.1368925393567224,15.371227275608135,50.4
sim0008_MM,108,29.861111101984534,0,3sml,7.625200204257308,4.999999999999999,3.916108469560242,True,0.977056792369165,6.5270176837567275,19.0,1992.4974332648871,1994.5097535934292,1994.427618069815,1994.5645106091717,1994.345482546201,1994.6466461327857,2002.6698111233572,1994.9617904487086,2010.3330177243167,-8.160057529928054,8.160057529928054,False,False,0.1368925393567224,15.371227275608135,50.4
sim0008_MM,108,29.861111101984534,0,3sml,7.625200204257308,4.999999999999999,3.916108469560242,True,0.977056792369165,6.5270176837567275,19.583333333333258,1992.4974332648871,1994.5097535934292,1994.427618069815,1994.5645106091717,1994.345482546201,1994.6466461327857,2002.6698111233572,1994.9617904487086,2010.3330177243167,-8.160057529928054,8.160057529928054,False,False,0.1368925393567224,15.371227275608135,50.4
sim0008_MM,108,29.861111101984534,1,3sml,7.673255745573758,4.999999999999999,3.8915829332561507,True,0.9848432014988916,4.644573747601066,1.0,1997.0807665982204,1997.1560574948664,1997.1560574948664,1997.2381930184804,1997.1560574948664,1997.2381930184804,1997.0829899366931,1997.0829899366931,1997.247308206889,0.07306755817330668,0.07306755817330668,False,False,0.0821355236139425,0.16431827019596312,50.4
sim0008_MM,108,29.861111101984534,1,3sml,7.673255745573758,4.999999999999999,3.8915829332561507,True,0.9848432014988916,4.644573747601066,2.0,1997.0807665982204,1997.1560574948664,1997.1560574948664,1997.2381930184804,1997.1560574948664,1997.2381930184804,1997.0829899366931,1997.0829899366931,1997.247308206889,0.07306755817330668,0.07306755817330668,False,False,0.0821355236139425,0.16431827019596312,50.4
sim0008_MM,108,29.861111101984534,1,3sml,7.673255745573758,4.999999999999999,3.8915829332561507,True,0.9848432014988916,4.644573747601066,3.0,1997.0807665982204,1997.1560574948664,1997.1560574948664,2000.07871321013,1997.1560574948664,2000.07871321013,1997.0829899366931,1997.0829899366931,1997.247308206889,0.07306755817330668,0.07306755817330668,False,False,2.922655715263545,0.16431827019596312,50.4
sim0008_MM,108,29.861111101984534,1,3sml,7.673255745573758,4.999999999999999,3.8915829332561507,True,0.9848432014988916,4.644573747601066,4.0,1997.0807665982204,2001.0643394934975,2001.0643394934975,2001.0643394934975,2001.0643394934975,2001.0643394934975,2001.071442495088,2000.966876323144,2001.071442495088,-0.007103001590394342,0.007103001590394342,False,False,0.0,0.10456617194381579,50.4
sim0008_MM,108,29.861111101984534,1,3sml,7.673255745573758,4.999999999999999,3.8915829332561507,True,0.9848432014988916,4.644573747601066,5.0,1997.0807665982204,2002.0773442847365,2002.0773442847365,2002.0773442847365,2002.0773442847365,2002.0773442847365,2002.072290140827,2002.072290140827,2002.072290140827,0.005054143909546838,0.005054143909546838,False,False,0.0,0.0,50.4
sim0008_MM,108,29.861111101984534,1,3sml,7.673255745573758,4.999999999999999,3.8915829332561507,True,0.9848432014988916,4.644573747601066,6.0,1997.0807665982204,2002.3785078713208,2002.3511293634497,2002.4058863791922,2002.3237508555783,2002.4332648870636,2002.8640054426805,2002.8490674181176,2002.8938814918067,-0.4854975713597014,0.4854975713597014,False,False,0.05475701574255254,0.044814073689167344,50.4
sim0008_MM,108,29.861111101984534,1,3sml,7.673255745573758,4.999999999999999,3.8915829332561507,True,0.9848432014988916,4.644573747601066,7.0,1997.0807665982204,2002.3785078713208,2002.3511293634497,2002.4058863791922,2002.3237508555783,2002.4332648870636,2002.8640054426805,2002.8490674181176,2002.8938814918067,-0.4854975713597014,0.4854975713597014,False,False,0.05475701574255254,0.044814073689167344,50.4
sim0008_MM,108,29.861111101984534,1,3sml,7.673255745573758,4.999999999999999,3.8915829332561507,True,0.9848432014988916,4.644573747601066,8.0,1997.0807665982204,2002.3785078713208,2002.3511293634497,2002.4058863791922,2002.3237508555783,2002.4332648870636,2002.8640054426805,2002.8490674181176,2002.8938814918067,-0.4854975713597014,0.4854975713597014,False,False,0.05475701574255254,0.044814073689167344,50.4
sim0008_MM,108,29.861111101984534,1,3sml,7.673255745573758,4.999999999999999,3.8915829332561507,True,0.9848432014988916,4.644573747601066,9.0,1997.0807665982204,2002.3785078713208,2002.3511293634497,2002.4058863791922,2002.3237508555783,2002.4332648870636,2002.8640054426805,2002.8490674181176,2002.8938814918067,-0.4854975713597014,0.4854975713597014,False,False,0.05475701574255254,0.044814073689167344,50.4
sim0008_MM,108,29.861111101984534,1,3sml,7.673255745573758,4.999999999999999,3.8915829332561507,True,0.9848432014988916,4.644573747601066,10.0,1997.0807665982204,2002.3785078713208,2002.3511293634497,2002.4058863791922,2002.3237508555783,2002.4332648870636,2002.8640054426805,2002.8490674181176,2002.8938814918067,-0.4854975713597014,0.4854975713597014,False,False,0.05475701574255254,0.044814073689167344,50.4
sim0008_MM,108,29.861111101984534,1,3sml,7.673255745573758,4.999999999999999,3.8915829332561507,True,0.9848432014988916,4.644573747601066,11.0,1997.0807665982204,2002.3785078713208,2002.3511293634497,2002.4058863791922,2002.3237508555783,2002.4332648870636,2002.8640054426805,2002.8490674181176,2002.8938814918067,-0.4854975713597014,0.4854975713597014,False,False,0.05475701574255254,0.044814073689167344,50.4
sim0008_MM,108,29.861111101984534,1,3sml,7.673255745573758,4.999999999999999,3.8915829332561507,True,0.9848432014988916,4.644573747601066,12.0,1997.0807665982204,2002.3785078713208,2002.3511293634497,2002.4058863791922,2002.3237508555783,2002.4332648870636,2002.8640054426805,2002.8490674181176,2002.8938814918067,-0.4854975713597014,0.4854975713597014,False,False,0.05475701574255254,0.044814073689167344,50.4
sim0008_MM,108,29.861111101984534,1,3sml,7.673255745573758,4.999999999999999,3.8915829332561507,True,0.9848432014988916,4.644573747601066,13.0,1997.0807665982204,2002.3785078713208,2002.3511293634497,2002.4058863791922,2002.3237508555783,2002.4332648870636,2002.8640054426805,2002.8490674181176,2002.8938814918067,-0.4854975713597014,0.4854975713597014,False,False,0.05475701574255254,0.044814073689167344,50.4
sim0008_MM,108,29.861111101984534,1,3sml,7.673255745573758,4.999999999999999,3.8915829332561507,True,0.9848432014988916,4.644573747601066,14.0,1997.0807665982204,2002.3785078713208,2002.3511293634497,2002.4058863791922,2002.3237508555783,2002.4332648870636,2002.8789434672437,2002.8640054426805,2010.7214063629622,-0.5004355959229088,0.5004355959229088,False,False,0.05475701574255254,7.857400920281634,50.4
sim0008_MM,108,29.861111101984534,1,3sml,7.673255745573758,4.999999999999999,3.8915829332561507,True,0.9848432014988916,4.644573747601066,15.0,1997.0807665982204,2002.3785078713208,2002.3511293634497,2002.4058863791922,2002.3237508555783,2002.4332648870636,2002.8789434672437,2002.8640054426805,2010.7214063629622,-0.5004355959229088,0.5004355959229088,False,False,0.05475701574255254,7.857400920281634,50.4
sim0008_MM,108,29.861111101984534,1,3sml,7.673255745573758,4.999999999999999,3.8915829332561507,True,0.9848432014988916,4.644573747601066,15.0,1997.0807665982204,2002.3785078713208,2002.3511293634497,2002.4058863791922,2002.3237508555783,2002.4332648870636,2002.8789434672437,2002.8640054426805,2010.7214063629622,-0.5004355959229088,0.5004355959229088,False,False,0.05475701574255254,7.857400920281634,50.4
sim0009_ME,108,29.861111101984534,0,2sm,5.688150483675651,4.999999999999999,5.249704835988877,True,0.9355124894103759,10.636985496147052,1.0,1992.4974332648871,1992.5727241615332,1992.5727241615332,1992.5727241615332,1992.5727241615332,1992.5727241615332,1993.169227501116,1993.169227501116,1993.184165525679,-0.5965033395827959,0.5965033395827959,False,False,0.0,0.01493802456297999,50.4
sim0009_ME,108,29.861111101984534,0,2sm,5.688150483675651,4.999999999999999,5.249704835988877,True,0.9355124894103759,10.636985496147052,2.0,1992.4974332648871,1992.5727241615332,1992.5727241615332,1992.5727241615332,1992.5727241615332,1992.5727241615332,1993.169227501116,1993.169227501116,1993.184165525679,-0.5965033395827959,0.5965033395827959,False,False,0.0,0.01493802456297999,50.4
sim0009_ME,108,29.861111101984534,0,2sm,5.688150483675651,4.999999999999999,5.249704835988877,True,0.9355124894103759,10.636985496147052,3.0,1992.4974332648871,1992.5727241615332,1992.5727241615332,1992.5727241615332,1992.5727241615332,1992.5727241615332,1993.169227501116,1993.169227501116,1993.184165525679,-0.5965033395827959,0.5965033395827959,False,False,0.0,0.01493802456297999,50.4
sim0009_ME,108,29.861111101984534,0,2sm,5.688150483675651,4.999999999999999,5.249704835988877,True,0.9355124894103759,10.636985496147052,4.0,1992.4974332648871,1992.5727241615332,1992.5727241615332,1992.5727241615332,1992.5727241615332,1992.5727241615332,1993.169227501116,1993.169227501116,1993.184165525679,-0.5965033395827959,0.5965033395827959,False,False,0.0,0.01493802456297999,50.4
sim0009_ME,108,29.861111101984534,0,2sm,5.688150483675651,4.999999999999999,5.249704835988877,True,0.9355124894103759,10.636985496147052,5.0,1992.4974332648871,1992.5727241615332,1992.5727241615332,1992.5727241615332,1992.5727241615332,1992.5727241615332,1993.169227501116,1993.169227501116,1993.184165525679,-0.5965033395827959,0.5965033395827959,False,False,0.0,0.01493802456297999,50.4
sim0009_ME,108,29.861111101984534,0,2sm,5.688150483675651,4.999999999999999,5.249704835988877,True,0.9355124894103759,10.636985496147052,6.0,1992.4974332648871,1992.5727241615332,1992.5727241615332,1992.5727241615332,1992.5727241615332,1992.5727241615332,1993.169227501116,1993.169227501116,1993.184165525679,-0.5965033395827959,0.5965033395827959,False,False,0.0,0.01493802456297999,50.4
sim0009_ME,108,29.861111101984534,0,2sm,5.688150483675651,4.999999999999999,5.249704835988877,True,0.9355124894103759,10.636985496147052,7.0,1992.4974332648871,1992.5727241615332,1992.5727241615332,1992.5727241615332,1992.5727241615332,1992.5727241615332,1993.1991035502422,1993.169227501116,1999.1593753509885,-0.6263793887089832,0.6263793887089832,False,False,0.0,5.990147849872528,50.4
sim0009_ME,108,29.861111101984534,0,2sm,5.688150483675651,4.999999999999999,5.249704835988877,True,0.9355124894103759,10.636985496147052,8.0,1992.4974332648871,1992.5727241615332,1992.5727241615332,1992.5727241615332,1992.5727241615332,1992.5727241615332,1993.1991035502422,1993.169227501116,1999.1593753509885,-0.6263793887089832,0.6263793887089832,False,False,0.0,5.990147849872528,50.4
sim0009_ME,108,29.861111101984534,0,2sm,5.688150483675651,4.999999999999999,5.249704835988877,True,0.9355124894103759,10.636985496147052,9.0,1992.4974332648871,1992.5727241615332,1992.5727241615332,1992.5727241615332,1992.5727241615332,1992.5727241615332,1993.1991035502422,1993.169227501116,1999.1593753509885,-0.6263793887089832,0.6263793887089832,False,False,0.0,5.990147849872528,50.4
sim0009_ME,108,29.861111101984534,0,2sm,5.688150483675651,4.999999999999999,5.249704835988877,True,0.9355124894103759,10.636985496147052,10.0,1992.4974332648871,1992.5727241615332,1992.5727241615332,1992.5727241615332,1992.5727241615332,1992.5727241615332,1993.1991035502422,1993.169227501116,1999.1593753509885,-0.6263793887089832,0.6263793887089832,False,False,0.0,5.990147849872528,50.4
sim0009_ME,108,29.861111101984534,0,2sm,5.688150483675651,4.999999999999999,5.249704835988877,True,0.9355124894103759,10.636985496147052,11.0,1992.4974332648871,1992.5727241615332,1992.5727241615332,1992.5727241615332,1992.5727241615332,1992.5727241615332,1993.1991035502422,1993.169227501116,1999.1593753509885,-0.6263793887089832,0.6263793887089832,False,False,0.0,5.990147849872528,50.4
sim0009_ME,108,29.861111101984534,0,2sm,5.688150483675651,4.999999999999999,5.249704835988877,True,0.9355124894103759,10.636985496147052,12.0,1992.4974332648871,1992.5727241615332,1992.5727241615332,1992.5727241615332,1992.5727241615332,1992.5727241615332,1993.1991035502422,1993.169227501116,1999.1593753509885,-0.6263793887089832,0.6263793887089832,False,False,0.0,5.990147849872528,50.4
sim0009_ME,108,29.861111101984534,0,2sm,5.688150483675651,4.999999999999999,5.249704835988877,True,0.9355124894103759,10.636985496147052,13.0,1992.4974332648871,1992.5727241615332,1992.5727241615332,1992.5727241615332,1992.5727241615332,1992.5727241615332,1999.1593753509885,1993.169227501116,2005.149523200861,-6.586651189455324,6.586651189455324,False,False,0.0,11.980295699745056,50.4
sim0009_ME,108,29.861111101984534,0,2sm,5.688150483675651,4.999999999999999,5.249704835988877,True,0.9355124894103759,10.636985496147052,14.0,1992.4974332648871,1992.5727241615332,1992.5727241615332,1992.5727241615332,1992.5727241615332,1992.5727241615332,1999.1593753509885,1993.169227501116,2005.149523200861,-6.586651189455324,6.586651189455324,False,False,0.0,11.980295699745056,50.4
sim0009_ME,108,29.861111101984534,0,2sm,5.688150483675651,4.999999999999999,5.249704835988877,True,0.9355124894103759,10.636985496147052,15.0,1992.4974332648871,1992.5727241615332,1992.5727241615332,1992.5727241615332,1992.5727241615332,1992.5727241615332,1999.1593753509885,1993.169227501116,2005.149523200861,-6.586651189455324,6.586651189455324,False,False,0.0,11.980295699745056,50.4
sim0009_ME,108,29.861111101984534,0,2sm,5.688150483675651,4.999999999999999,5.249704835988877,True,0.9355124894103759,10.636985496147052,16.0,1992.4974332648871,1992.5727241615332,1992.5727241615332,1992.5727241615332,1992.5727241615332,1992.5727241615332,1999.1593753509885,1993.169227501116,2005.149523200861,-6.586651189455324,6.586651189455324,False,False,0.0,11.980295699745056,50.4
sim0009_ME,108,29.861111101984534,0,2sm,5.688150483675651,4.999999999999999,5.249704835988877,True,0.9355124894103759,10.636985496147052,17.0,1992.4974332648871,1992.5727241615332,1992.5727241615332,1992.5727241615332,1992.5727241615332,1992.5727241615332,1999.1593753509885,1993.169227501116,2005.149523200861,-6.586651189455324,6.586651189455324,False,False,0.0,11.980295699745056,50.4
sim0009_ME,108,29.861111101984534,0,2sm,5.688150483675651,4.999999999999999,5.249704835988877,True,0.9355124894103759,10.636985496147052,18.0,1992.4974332648871,1992.5727241615332,1992.5727241615332,1992.5727241615332,1992.5727241615332,1992.5727241615332,1999.1593753509885,1993.169227501116,2005.149523200861,-6.586651189455324,6.586651189455324,False,False,0.0,11.980295699745056,50.4
sim0009_ME,108,29.861111101984534,0,2sm,5.688150483675651,4.999999999999999,5.249704835988877,True,0.9355124894103759,10.636985496147052,19.0,1992.4974332648871,1992.5727241615332,1992.5727241615332,1992.5727241615332,1992.5727241615332,1992.5727241615332,2005.149523200861,1993.169227501116,2011.1396710507336,-12.576799039327852,12.576799039327852,False,False,0.0,17.970443549617585,50.4
sim0009_ME,108,29.861111101984534,0,2sm,5.688150483675651,4.999999999999999,5.249704835988877,True,0.9355124894103759,10.636985496147052,19.583333333333258,1992.4974332648871,1992.5727241615332,1992.5727241615332,1992.5727241615332,1992.5727241615332,1992.5727241615332,2005.149523200861,1993.169227501116,2011.1396710507336,-12.576799039327852,12.576799039327852,False,False,0.0,17.970443549617585,50.4
sim0009_ME,108,29.861111101984534,1,2sm,5.9955969405146465,4.999999999999999,4.980506761587168,True,0.9486444179051001,11.412797121500738,1.0,1997.0807665982204,1998.0800821355235,1997.1560574948664,1998.0800821355235,1997.1560574948664,1998.0800821355235,1998.068899557869,1998.068899557869,1998.068899557869,0.011182577654608394,0.011182577654608394,True,True,0.9240246406570805,0.0,50.4
sim0009_ME,108,29.861111101984534,1,2sm,5.9955969405146465,4.999999999999999,4.980506761587168,True,0.9486444179051001,11.412797121500738,2.0,1997.0807665982204,1999.065708418891,1999.065708418891,1999.065708418891,1997.1560574948664,1999.065708418891,1999.069747203609,1999.069747203609,1999.069747203609,-0.004038784717977251,0.004038784717977251,False,False,0.0,0.0,50.4
sim0009_ME,108,29.861111101984534,1,2sm,5.9955969405146465,4.999999999999999,4.980506761587168,True,0.9486444179051001,11.412797121500738,3.0,1997.0807665982204,1999.4216290212182,1999.312114989733,1999.5037645448322,1997.1560574948664,1999.7919233401778,1999.0996232527352,1999.0996232527352,1999.1145612772982,0.32200576848299534,0.32200576848299534,False,True,0.19164955509927495,0.01493802456297999,50.4
sim0009_ME,108,29.861111101984534,1,2sm,5.9955969405146465,4.999999999999999,4.980506761587168,True,0.9486444179051001,11.412797121500738,4.0,1997.0807665982204,1999.4216290212182,1999.312114989733,1999.5037645448322,1997.1560574948664,1999.7919233401778,1999.0996232527352,1999.0996232527352,1999.1145612772982,0.32200576848299534,0.32200576848299534,False,True,0.19164955509927495,0.01493802456297999,50.4
sim0009_ME,108,29.861111101984534,1,2sm,5.9955969405146465,4.999999999999999,4.980506761587168,True,0.9486444179051001,11.412797121500738,5.0,1997.0807665982204,1999.4216290212182,1999.312114989733,1999.5037645448322,1997.1560574948664,1999.7919233401778,1999.0996232527352,1999.0996232527352,1999.1145612772982,0.32200576848299534,0.32200576848299534,False,True,0.19164955509927495,0.01493802456297999,50.4
sim0009_ME,108,29.861111101984534,1,2sm,5.9955969405146465,4.999999999999999,4.980506761587168,True,0.9486444179051001,11.412797121500738,6.0,1997.0807665982204,1999.4216290212182,1999.312114989733,1999.5037645448322,1997.1560574948664,1999.7919233401778,1999.0996232527352,1999.0996232527352,1999.1145612772982,0.32200576848299534,0.32200576848299534,False,True,0.19164955509927495,0.01493802456297999,50.4
sim0009_ME,108,29.861111101984534,1,2sm,5.9955969405146465,4.999999999999999,4.980506761587168,True,0.9486444179051001,11.412797121500738,7.0,1997.0807665982204,1999.4216290212182,1999.312114989733,1999.5037645448322,1997.1560574948664,1999.7919233401778,1999.0996232527352,1999.0996232527352,1999.1145612772982,0.32200576848299534,0.32200576848299534,False,True,0.19164955509927495,0.01493802456297999,50.4
sim0009_ME,108,29.861111101984534,1,2sm,5.9955969405146465,4.999999999999999,4.980506761587168,True,0.9486444179051001,11.412797121500738,8.0,1997.0807665982204,1999.4216290212182,1999.312114989733,1999.5037645448322,1997.1560574948664,1999.7919233401778,1999.1145612772982,1999.0996232527352,2005.0150809797913,0.30706774392001535,0.30706774392001535,False,True,0.19164955509927495,5.915457727056037,50.4
sim0009_ME,108,29.861111101984534,1,2sm,5.9955969405146465,4.999999999999999,4.980506761587168,True,0.9486444179051001,11.412797121500738,9.0,1997.0807665982204,1999.4216290212182,1999.312114989733,1999.5037645448322,1997.1560574948664,1999.7919233401778,1999.1145612772982,1999.0996232527352,2005.0897711026078,0.30706774392001535,0.30706774392001535,False,True,0.19164955509927495,5.990147849872528,50.4
sim0009_ME,108,29.861111101984534,1,2sm,5.9955969405146465,4.999999999999999,4.980506761587168,True,0.9486444179051001,11.412797121500738,10.0,1997.0807665982204,1999.4216290212182,1999.312114989733,1999.5037645448322,1997.1560574948664,1999.7919233401778,1999.1145612772982,1999.0996232527352,2005.0897711026078,0.30706774392001535,0.30706774392001535,False,True,0.19164955509927495,5.990147849872528,50.4
sim0009_ME,108,29.861111101984534,1,2sm,5.9955969405146465,4.999999999999999,4.980506761587168,True,0.9486444179051001,11.412797121500738,11.0,1997.0807665982204,1999.4216290212182,1999.312114989733,1999.5037645448322,1997.1560574948664,1999.7919233401778,1999.1145612772982,1999.0996232527352,2005.0897711026078,0.30706774392001535,0.30706774392001535,False,True,0.19164955509927495,5.990147849872528,50.4
sim0009_ME,108,29.861111101984534,1,2sm,5.9955969405146465,4.999999999999999,4.980506761587168,True,0.9486444179051001,11.412797121500738,12.0,1997.0807665982204,1999.4216290212182,1999.312114989733,1999.5037645448322,1997.1560574948664,1999.7919233401778,1999.1145612772982,1999.0996232527352,2005.0897711026078,0.30706774392001535,0.30706774392001535,False,True,0.19164955509927495,5.990147849872528,50.4
sim0009_ME,108,29.861111101984534,1,2sm,5.9955969405146465,4.999999999999999,4.980506761587168,True,0.9486444179051001,11.412797121500738,13.0,1997.0807665982204,1999.4216290212182,1999.312114989733,1999.5037645448322,1997.1560574948664,1999.7919233401778,1999.1145612772982,1999.0996232527352,2005.0897711026078,0.30706774392001535,0.30706774392001535,False,True,0.19164955509927495,5.990147849872528,50.4
sim0009_ME,108,29.861111101984534,1,2sm,5.9955969405146465,4.999999999999999,4.980506761587168,True,0.9486444179051001,11.412797121500738,14.0,1997.0807665982204,1999.4216290212182,1999.312114989733,1999.5037645448322,1997.1560574948664,1999.7919233401778,2005.0449570289186,1999.0996232527352,2011.050042903354,-5.623328007700366,5.623328007700366,False,False,0.19164955509927495,11.95041965061887,50.4
sim0009_ME,108,29.861111101984534,1,2sm,5.9955969405146465,4.999999999999999,4.980506761587168,True,0.9486444179051001,11.412797121500738,15.0,1997.0807665982204,1999.4216290212182,1999.312114989733,1999.5037645448322,1997.1560574948664,1999.7919233401778,2005.0598950534816,1999.0996232527352,2011.050042903354,-5.6382660322633456,5.6382660322633456,False,False,0.19164955509927495,11.95041965061887,50.4
sim0009_ME,108,29.861111101984534,1,2sm,5.9955969405146465,4.999999999999999,4.980506761587168,True,0.9486444179051001,11.412797121500738,15.0,1997.0807665982204,1999.4216290212182,1999.312114989733,1999.5037645448322,1997.1560574948664,1999.7919233401778,2005.0598950534816,1999.0996232527352,2011.050042903354,-5.6382660322633456,5.6382660322633456,False,False,0.19164955509927495,11.95041965061887,50.4
sim0009_ME,108,29.861111101984534,2,2sm,5.93012046502438,4.999999999999999,5.035498229438037,True,0.9874418577925623,9.356797746241217,1.0,2001.5252110335382,2001.6005019301842,2001.6005019301842,2001.6005019301842,2001.6005019301842,2001.6005019301842,2002.5204308777256,2002.5204308777256,2002.5204308777256,-0.9199289475413934,0.9199289475413934,False,False,0.0,0.0,50.4
sim0009_ME,108,29.861111101984534,2,2sm,5.93012046502438,4.999999999999999,5.035498229438037,True,0.9874418577925623,9.356797746241217,2.0,2001.5252110335382,2003.5101528542089,2003.5101528542089,2003.5101528542089,2003.5101528542089,2003.5101528542089,2003.5212785234644,2003.5212785234644,2003.5212785234644,-0.011125669255534376,0.011125669255534376,False,False,0.0,0.0,50.4
sim0009_ME,108,29.861111101984534,2,2sm,5.93012046502438,4.999999999999999,5.035498229438037,True,0.9874418577925623,9.356797746241217,3.0,2001.5252110335382,2004.5231576454478,2004.5231576454478,2004.5231576454478,2004.5231576454478,2004.5231576454478,2004.5221261692034,2004.5221261692034,2004.5221261692034,0.0010314762444068037,0.0010314762444068037,False,False,0.0,0.0,50.4
sim0009_ME,108,29.861111101984534,2,2sm,5.93012046502438,4.999999999999999,5.035498229438037,True,0.9874418577925623,9.356797746241217,4.0,2001.5252110335382,2005.0707278028742,2005.0707278028742,2005.1254848186168,2005.0433492950028,2005.2897558658447,2004.970266906102,2004.970266906102,2004.985204930665,0.10046089677211967,0.10046089677211967,False,False,0.05475701574255254,0.01493802456297999,50.4
sim0009_ME,108,29.861111101984534,2,2sm,5.93012046502438,4.999999999999999,5.035498229438037,True,0.9874418577925623,9.356797746241217,5.0,2001.5252110335382,2005.0707278028742,2005.0707278028742,2005.1254848186168,2005.0433492950028,2005.2897558658447,2004.970266906102,2004.970266906102,2004.985204930665,0.10046089677211967,0.10046089677211967,False,False,0.05475701574255254,0.01493802456297999,50.4
sim0009_ME,108,29.861111101984534,2,2sm,5.93012046502438,4.999999999999999,5.035498229438037,True,0.9874418577925623,9.356797746241217,6.0,2001.5252110335382,2005.0707278028742,2005.0707278028742,2005.1254848186168,2005.0433492950028,2005.2897558658447,2004.970266906102,2004.970266906102,2004.985204930665,0.10046089677211967,0.10046089677211967,False,False,0.05475701574255254,0.01493802456297999,50.4
sim0009_ME,108,29.861111101984534,2,2sm,5.93012046502438,4.999999999999999,5.035498229438037,True,0.9874418577925623,9.356797746241217,7.0,2001.5252110335382,2005.0707278028742,2005.0707278028742,2005.1254848186168,2005.0433492950028,2005.2897558658447,2004.970266906102,2004.970266906102,2004.985204930665,0.10046089677211967,0.10046089677211967,False,False,0.05475701574255254,0.01493802456297999,50.4
sim0009_ME,108,29.861111101984534,2,2sm,5.93012046502438,4.999999999999999,5.035498229438037,True,0.9874418577925623,9.356797746241217,8.0,2001.5252110335382,2005.0707278028742,2005.0707278028742,2005.1254848186168,2005.0433492950028,2005.2897558658447,2004.970266906102,2004.970266906102,2004.985204930665,0.10046089677211967,0.10046089677211967,False,False,0.05475701574255254,0.01493802456297999,50.4
sim0009_ME,108,29.861111101984534,2,2sm,5.93012046502438,4.999999999999999,5.035498229438037,True,0.9874418577925623,9.356797746241217,9.0,2001.5252110335382,2005.0707278028742,2005.0707278028742,2005.1254848186168,2005.0433492950028,2005.2897558658447,2004.970266906102,2004.970266906102,2004.985204930665,0.10046089677211967,0.10046089677211967,False,False,0.05475701574255254,0.01493802456297999,50.4
sim0009_ME,108,29.861111101984534,2,2sm,5.93012046502438,4.999999999999999,5.035498229438037,True,0.9874418577925623,9.356797746241217,10.0,2001.5252110335382,2005.0707278028742,2005.0707278028742,2005.1254848186168,2005.0433492950028,2005.2897558658447,2004.985204930665,2004.970266906102,2010.9156006822855,0.08552287220913968,0.08552287220913968,False,False,0.05475701574255254,5.945333776183361,50.4
sim0009_ME,108,29.861111101984534,2,2sm,5.93012046502438,4.999999999999999,5.035498229438037,True,0.9874418577925623,9.356797746241217,10.555555564682209,2001.5252110335382,2005.0707278028742,2005.0707278028742,2005.1254848186168,2005.0433492950028,2005.2897558658447,2004.985204930665,2004.970266906102,2010.9156006822855,0.08552287220913968,0.08552287220913968,False,False,0.05475701574255254,5.945333776183361,50.4
sim0009_ME,108,29.861111101984534,3,2sm,5.944196745244839,4.999999999999999,5.023573811864898,True,0.9978763012098387,7.913220438893898,1.0,2006.2474332648871,2006.3227241615332,2006.3227241615332,2006.3227241615332,2006.3227241615332,2006.3227241615332,2006.2549370185438,2006.2549370185438,2006.2549370185438,0.06778714298934574,0.06778714298934574,False,False,0.0,0.0,50.4
sim0009_ME,108,29.861111101984534,3,2sm,5.944196745244839,4.999999999999999,5.023573811864898,True,0.9978763012098387,7.913220438893898,2.0,2006.2474332648871,2006.3227241615332,2006.3227241615332,2006.3227241615332,2006.3227241615332,2006.3227241615332,2006.2549370185438,2006.2549370185438,2006.2549370185438,0.06778714298934574,0.06778714298934574,False,False,0.0,0.0,50.4
sim0009_ME,108,29.861111101984534,3,2sm,5.944196745244839,4.999999999999999,5.023573811864898,True,0.9978763012098387,7.913220438893898,3.0,2006.2474332648871,2006.3227241615332,2006.3227241615332,2006.3227241615332,2006.3227241615332,2006.3227241615332,2006.2549370185438,2006.2549370185438,2006.2549370185438,0.06778714298934574,0.06778714298934574,False,False,0.0,0.0,50.4
sim0009_ME,108,29.861111101984534,3,2sm,5.944196745244839,4.999999999999999,5.023573811864898,True,0.9978763012098387,7.913220438893898,4.0,2006.2474332648871,2006.3227241615332,2006.3227241615332,2006.3227241615332,2006.3227241615332,2006.3227241615332,2010.2433895769373,2010.2433895769373,2010.2433895769373,-3.9206654154040734,3.9206654154040734,False,False,0.0,0.0,50.4
sim0009_ME,108,29.861111101984534,3,2sm,5.944196745244839,4.999999999999999,5.023573811864898,True,0.9978763012098387,7.913220438893898,5.0,2006.2474332648871,2011.079739904175,2006.3227241615332,2011.1344969199179,2006.3227241615332,2011.1344969199179,2011.0948569770446,2011.0799189524814,2011.199423148987,-0.015117072869543335,0.015117072869543335,True,True,4.811772758384677,0.11950419650565891,50.4
sim0009_ME,108,29.861111101984534,3,2sm,5.944196745244839,4.999999999999999,5.023573811864898,True,0.9978763012098387,7.913220438893898,5.8333333333332575,2006.2474332648871,2011.079739904175,2006.3227241615332,2011.1344969199179,2006.3227241615332,2011.1344969199179,2011.0948569770446,2011.0799189524814,2011.199423148987,-0.015117072869543335,0.015117072869543335,True,True,4.811772758384677,0.11950419650565891,50.4
sim0009_ME,108,29.861111101984534,4,3sml,5.9369874404620315,4.999999999999999,5.029673955257797,True,0.9768430146765257,8.270193369565929,0.972222231348951,2011.1085443668715,2011.2659707871314,2011.1838352635175,2011.2659707871314,2011.1838352635175,2011.3481063107456,2011.1097950016076,2011.1097950016076,2011.1097950016076,0.15617578552382838,0.15617578552382838,False,False,0.0821355236139425,0.0,50.4
sim0010_ME,108,29.861111101984534,0,2sm,4.4539481567013235,4.999999999999999,6.70441371371961,True,0.9807348433953611,5.5990785491081745,1.0,1992.4974332648871,1992.6548596851471,1992.5727241615332,1992.6548596851471,1992.5727241615332,1992.736995208761,1993.482926016945,1993.482926016945,1993.482926016945,-0.8280663317977996,0.8280663317977996,False,False,0.0821355236139425,0.0,50.4
sim0010_ME,108,29.861111101984534,0,2sm,4.4539481567013235,4.999999999999999,6.70441371371961,True,0.9807348433953611,5.5990785491081745,2.0,1992.4974332648871,1992.6548596851471,1992.5727241615332,1992.6548596851471,1992.5727241615332,1992.736995208761,1993.8265005818998,1993.8265005818998,1993.8265005818998,-1.1716408967527059,1.1716408967527059,False,False,0.0821355236139425,0.0,50.4
sim0010_ME,108,29.861111101984534,0,2sm,4.4539481567013235,4.999999999999999,6.70441371371961,True,0.9807348433953611,5.5990785491081745,3.0,1992.4974332648871,1992.6548596851471,1992.5727241615332,1992.6548596851471,1992.5727241615332,1992.736995208761,1993.8265005818998,1993.8265005818998,1993.8265005818998,-1.1716408967527059,1.1716408967527059,False,False,0.0821355236139425,0.0,50.4
sim0010_ME,108,29.861111101984534,0,2sm,4.4539481567013235,4.999999999999999,6.70441371371961,True,0.9807348433953611,5.5990785491081745,4.0,1992.4974332648871,1992.6548596851471,1992.5727241615332,1992.6548596851471,1992.5727241615332,1992.736995208761,1993.8265005818998,1993.8265005818998,1993.8265005818998,-1.1716408967527059,1.1716408967527059,False,False,0.0821355236139425,0.0,50.4
sim0010_ME,108,29.861111101984534,0,2sm,4.4539481567013235,4.999999999999999,6.70441371371961,True,0.9807348433953611,5.5990785491081745,5.0,1992.4974332648871,1992.6548596851471,1992.5727241615332,1992.6548596851471,1992.5727241615332,1992.736995208761,1993.8265005818998,1993.8265005818998,1993.8265005818998,-1.1716408967527059,1.1716408967527059,False,False,0.0821355236139425,0.0,50.4
sim0010_ME,108,29.861111101984534,0,2sm,4.4539481567013235,4.999999999999999,6.70441371371961,True,0.9807348433953611,5.5990785491081745,6.0,1992.4974332648871,1992.6548596851471,1992.5727241615332,1992.6548596851471,1992.5727241615332,1992.736995208761,1993.8265005818998,1993.8265005818998,1993.8265005818998,-1.1716408967527059,1.1716408967527059,False,False,0.0821355236139425,0.0,50.4
sim0010_ME,108,29.861111101984534,0,2sm,4.4539481567013235,4.999999999999999,6.70441371371961,True,0.9807348433953611,5.5990785491081745,7.0,1992.4974332648871,1992.6548596851471,1992.5727241615332,1992.6548596851471,1992.5727241615332,1992.736995208761,1993.8265005818998,1993.8265005818998,1993.8265005818998,-1.1716408967527059,1.1716408967527059,False,False,0.0821355236139425,0.0,50.4
sim0010_ME,108,29.861111101984534,0,2sm,4.4539481567013235,4.999999999999999,6.70441371371961,True,0.9807348433953611,5.5990785491081745,8.0,1992.4974332648871,1992.6548596851471,1992.5727241615332,1992.6548596851471,1992.5727241615332,1992.736995208761,1993.8265005818998,1993.8265005818998,1999.8315864563356,-1.1716408967527059,1.1716408967527059,False,False,0.0821355236139425,6.005085874435736,50.4
sim0010_ME,108,29.861111101984534,0,2sm,4.4539481567013235,4.999999999999999,6.70441371371961,True,0.9807348433953611,5.5990785491081745,9.0,1992.4974332648871,1992.6548596851471,1992.5727241615332,1992.6548596851471,1992.5727241615332,1992.736995208761,1993.8265005818998,1993.8265005818998,1999.8315864563356,-1.1716408967527059,1.1716408967527059,False,False,0.0821355236139425,6.005085874435736,50.4
sim0010_ME,108,29.861111101984534,0,2sm,4.4539481567013235,4.999999999999999,6.70441371371961,True,0.9807348433953611,5.5990785491081745,10.0,1992.4974332648871,1992.6548596851471,1992.5727241615332,1992.6548596851471,1992.5727241615332,1992.736995208761,1993.8265005818998,1993.8265005818998,1999.8315864563356,-1.1716408967527059,1.1716408967527059,False,False,0.0821355236139425,6.005085874435736,50.4
sim0010_ME,108,29.861111101984534,0,2sm,4.4539481567013235,4.999999999999999,6.70441371371961,True,0.9807348433953611,5.5990785491081745,11.0,1992.4974332648871,1992.6548596851471,1992.5727241615332,1992.6548596851471,1992.5727241615332,1992.736995208761,1993.8265005818998,1993.8265005818998,1999.8315864563356,-1.1716408967527059,1.1716408967527059,False,False,0.0821355236139425,6.005085874435736,50.4
sim0010_ME,108,29.861111101984534,0,2sm,4.4539481567013235,4.999999999999999,6.70441371371961,True,0.9807348433953611,5.5990785491081745,12.0,1992.4974332648871,1992.6548596851471,1992.5727241615332,1992.6548596851471,1992.5727241615332,1992.736995208761,1993.8265005818998,1993.8265005818998,1999.8315864563356,-1.1716408967527059,1.1716408967527059,False,False,0.0821355236139425,6.005085874435736,50.4
sim0010_ME,108,29.861111101984534,0,2sm,4.4539481567013235,4.999999999999999,6.70441371371961,True,0.9807348433953611,5.5990785491081745,13.0,1992.4974332648871,1992.6548596851471,1992.5727241615332,1992.6548596851471,1992.5727241615332,1992.736995208761,1993.8265005818998,1993.8265005818998,1999.8315864563356,-1.1716408967527059,1.1716408967527059,False,False,0.0821355236139425,6.005085874435736,50.4
sim0010_ME,108,29.861111101984534,0,2sm,4.4539481567013235,4.999999999999999,6.70441371371961,True,0.9807348433953611,5.5990785491081745,14.0,1992.4974332648871,1992.6548596851471,1992.5727241615332,1992.6548596851471,1992.5727241615332,1992.736995208761,2005.821734306208,1999.8315864563356,2005.821734306208,-13.16687462106097,13.16687462106097,False,False,0.0821355236139425,5.990147849872528,50.4
sim0010_ME,108,29.861111101984534,0,2sm,4.4539481567013235,4.999999999999999,6.70441371371961,True,0.9807348433953611,5.5990785491081745,15.0,1992.4974332648871,1992.6548596851471,1992.5727241615332,1992.6548596851471,1992.5727241615332,1992.736995208761,2005.821734306208,1999.8315864563356,2005.821734306208,-13.16687462106097,13.16687462106097,False,False,0.0821355236139425,5.990147849872528,50.4
sim0010_ME,108,29.861111101984534,0,2sm,4.4539481567013235,4.999999999999999,6.70441371371961,True,0.9807348433953611,5.5990785491081745,16.0,1992.4974332648871,1992.6548596851471,1992.5727241615332,1992.6548596851471,1992.5727241615332,1992.736995208761,2005.821734306208,1999.8315864563356,2005.821734306208,-13.16687462106097,13.16687462106097,False,False,0.0821355236139425,5.990147849872528,50.4
sim0010_ME,108,29.861111101984534,0,2sm,4.4539481567013235,4.999999999999999,6.70441371371961,True,0.9807348433953611,5.5990785491081745,17.0,1992.4974332648871,1992.6548596851471,1992.5727241615332,1992.6548596851471,1992.5727241615332,1992.736995208761,2005.821734306208,1999.8315864563356,2005.821734306208,-13.16687462106097,13.16687462106097,False,False,0.0821355236139425,5.990147849872528,50.4
sim0010_ME,108,29.861111101984534,0,2sm,4.4539481567013235,4.999999999999999,6.70441371371961,True,0.9807348433953611,5.5990785491081745,18.0,1992.4974332648871,1992.6548596851471,1992.5727241615332,1992.6548596851471,1992.5727241615332,1992.736995208761,2005.821734306208,1999.8315864563356,2005.821734306208,-13.16687462106097,13.16687462106097,False,False,0.0821355236139425,5.990147849872528,50.4
sim0010_ME,108,29.861111101984534,0,2sm,4.4539481567013235,4.999999999999999,6.70441371371961,True,0.9807348433953611,5.5990785491081745,19.0,1992.4974332648871,1992.6548596851471,1992.5727241615332,1992.6548596851471,1992.5727241615332,1992.736995208761,2005.821734306208,1999.8315864563356,2005.821734306208,-13.16687462106097,13.16687462106097,False,False,0.0821355236139425,5.990147849872528,50.4
sim0010_ME,108,29.861111101984534,0,2sm,4.4539481567013235,4.999999999999999,6.70441371371961,True,0.9807348433953611,5.5990785491081745,19.583333333333258,1992.4974332648871,1992.6548596851471,1992.5727241615332,1992.6548596851471,1992.5727241615332,1992.736995208761,2005.821734306208,2005.821734306208,2005.821734306208,-13.16687462106097,13.16687462106097,False,False,0.0821355236139425,0.0,50.4
sim0010_ME,108,29.861111101984534,1,2sm,4.458553703620358,4.999999999999999,6.697488263455755,True,0.9968055109118167,4.414649049452756,1.0,1997.0807665982204,1997.2381930184804,1997.2381930184804,1997.2381930184804,1997.195071868583,1997.2381930184804,1997.9195193122373,1997.9195193122373,1997.9344573368003,-0.6813262937569107,0.6813262937569107,False,False,0.0,0.01493802456297999,50.4
sim0010_ME,108,29.861111101984534,1,2sm,4.458553703620358,4.999999999999999,6.697488263455755,True,0.9968055109118167,4.414649049452756,2.0,1997.0807665982204,1997.2381930184804,1997.2381930184804,1997.2381930184804,1997.195071868583,1997.2381930184804,1997.9195193122373,1997.9195193122373,1997.9344573368003,-0.6813262937569107,0.6813262937569107,False,False,0.0,0.01493802456297999,50.4
sim0010_ME,108,29.861111101984534,1,2sm,4.458553703620358,4.999999999999999,6.697488263455755,True,0.9968055109118167,4.414649049452756,3.0,1997.0807665982204,1997.2381930184804,1997.2381930184804,1997.2381930184804,1997.195071868583,1997.2381930184804,1999.8166484317724,1999.8166484317724,1999.8166484317724,-2.5784554132919766,2.5784554132919766,False,False,0.0,0.0,50.4
sim0010_ME,108,29.861111101984534,1,2sm,4.458553703620358,4.999999999999999,6.697488263455755,True,0.9968055109118167,4.414649049452756,4.0,1997.0807665982204,1997.2381930184804,1997.2381930184804,1997.2381930184804,1997.195071868583,1997.2381930184804,1999.8166484317724,1999.8166484317724,1999.8166484317724,-2.5784554132919766,2.5784554132919766,False,False,0.0,0.0,50.4
sim0010_ME,108,29.861111101984534,1,2sm,4.458553703620358,4.999999999999999,6.697488263455755,True,0.9968055109118167,4.414649049452756,5.0,1997.0807665982204,1997.2381930184804,1997.2381930184804,1997.2381930184804,1997.195071868583,1997.2381930184804,1999.8166484317724,1999.8166484317724,1999.8166484317724,-2.5784554132919766,2.5784554132919766,False,False,0.0,0.0,50.4
sim0010_ME,108,29.861111101984534,1,2sm,4.458553703620358,4.999999999999999,6.697488263455755,True,0.9968055109118167,4.414649049452756,6.0,1997.0807665982204,1997.2381930184804,1997.2381930184804,1997.2381930184804,1997.195071868583,1997.2381930184804,1999.8166484317724,1999.8166484317724,1999.8166484317724,-2.5784554132919766,2.5784554132919766,False,False,0.0,0.0,50.4
sim0010_ME,108,29.861111101984534,1,2sm,4.458553703620358,4.999999999999999,6.697488263455755,True,0.9968055109118167,4.414649049452756,7.0,1997.0807665982204,1997.2381930184804,1997.2381930184804,1997.2381930184804,1997.195071868583,1997.2381930184804,1999.8166484317724,1999.8166484317724,1999.8166484317724,-2.5784554132919766,2.5784554132919766,False,False,0.0,0.0,50.4
sim0010_ME,108,29.861111101984534,1,2sm,4.458553703620358,4.999999999999999,6.697488263455755,True,0.9968055109118167,4.414649049452756,8.0,1997.0807665982204,1997.2381930184804,1997.2381930184804,1997.2381930184804,1997.195071868583,1997.2381930184804,1999.8166484317724,1999.8166484317724,1999.8166484317724,-2.5784554132919766,2.5784554132919766,False,False,0.0,0.0,50.4
sim0010_ME,108,29.861111101984534,1,2sm,4.458553703620358,4.999999999999999,6.697488263455755,True,0.9968055109118167,4.414649049452756,9.0,1997.0807665982204,1997.2381930184804,1997.2381930184804,1997.2381930184804,1997.195071868583,1997.2381930184804,1999.8166484317724,1999.8166484317724,1999.8166484317724,-2.5784554132919766,2.5784554132919766,False,False,0.0,0.0,50.4
sim0010_ME,108,29.861111101984534,1,2sm,4.458553703620358,4.999999999999999,6.697488263455755,True,0.9968055109118167,4.414649049452756,10.0,1997.0807665982204,1997.2381930184804,1997.2381930184804,1997.2381930184804,1997.195071868583,1997.2381930184804,1999.8166484317724,1999.8166484317724,1999.8166484317724,-2.5784554132919766,2.5784554132919766,False,False,0.0,0.0,50.4
sim0010_ME,108,29.861111101984534,1,2sm,4.458553703620358,4.999999999999999,6.697488263455755,True,0.9968055109118167,4.414649049452756,11.0,1997.0807665982204,1997.2381930184804,1997.2381930184804,1997.2381930184804,1997.195071868583,1997.2381930184804,1999.8166484317724,1999.8166484317724,1999.8166484317724,-2.5784554132919766,2.5784554132919766,False,False,0.0,0.0,50.4
sim0010_ME,108,29.861111101984534,1,2sm,4.458553703620358,4.999999999999999,6.697488263455755,True,0.9968055109118167,4.414649049452756,12.0,1997.0807665982204,1997.2381930184804,1997.2381930184804,1997.2381930184804,1997.195071868583,1997.2381930184804,1999.8166484317724,1999.8166484317724,1999.8166484317724,-2.5784554132919766,2.5784554132919766,False,False,0.0,0.0,50.4
sim0010_ME,108,29.861111101984534,1,2sm,4.458553703620358,4.999999999999999,6.697488263455755,True,0.9968055109118167,4.414649049452756,13.0,1997.0807665982204,1997.2381930184804,1997.2381930184804,1997.2381930184804,1997.195071868583,1997.2381930184804,1999.8166484317724,1999.8166484317724,1999.8166484317724,-2.5784554132919766,2.5784554132919766,False,False,0.0,0.0,50.4
sim0010_ME,108,29.861111101984534,1,2sm,4.458553703620358,4.999999999999999,6.697488263455755,True,0.9968055109118167,4.414649049452756,14.0,1997.0807665982204,1997.2381930184804,1997.2381930184804,1997.2381930184804,1997.195071868583,1997.2381930184804,1999.8166484317724,1999.8166484317724,1999.8166484317724,-2.5784554132919766,2.5784554132919766,False,False,0.0,0.0,50.4
sim0010_ME,108,29.861111101984534,1,2sm,4.458553703620358,4.999999999999999,6.697488263455755,True,0.9968055109118167,4.414649049452756,15.0,1997.0807665982204,1997.2381930184804,1997.2381930184804,1997.2381930184804,1997.195071868583,1997.2381930184804,1999.8166484317724,1999.8166484317724,2011.8118821560818,-2.5784554132919766,2.5784554132919766,False,False,0.0,11.9952337243094,50.4
sim0010_ME,108,29.861111101984534,1,2sm,4.458553703620358,4.999999999999999,6.697488263455755,True,0.9968055109118167,4.414649049452756,15.0,1997.0807665982204,1997.2381930184804,1997.2381930184804,1997.2381930184804,1997.195071868583,1997.2381930184804,1999.8166484317724,1999.8166484317724,2011.8118821560818,-2.5784554132919766,2.5784554132919766,False,False,0.0,11.9952337243094,50.4
sim0010_ME,108,29.861111101984534,2,3sml,4.477597316254734,4.999999999999999,6.669003260650899,True,0.988582685419125,4.031263813492665,1.0,2001.5252110335382,2001.6005019301842,2001.6005019301842,2001.6005019301842,2001.6005019301842,2001.6005019301842,2001.5345212565485,2001.5345212565485,2001.5345212565485,0.06598067363574955,0.06598067363574955,False,False,0.0,0.0,50.4
sim0010_ME,108,29.861111101984534,2,3sml,4.477597316254734,4.999999999999999,6.669003260650899,True,0.988582685419125,4.031263813492665,2.0,2001.5252110335382,2001.6005019301842,2001.6005019301842,2001.6005019301842,2001.6005019301842,2001.6005019301842,2001.5345212565485,2001.5345212565485,2001.5345212565485,0.06598067363574955,0.06598067363574955,False,False,0.0,0.0,50.4
sim0010_ME,108,29.861111101984534,2,3sml,4.477597316254734,4.999999999999999,6.669003260650899,True,0.988582685419125,4.031263813492665,3.0,2001.5252110335382,2001.6005019301842,2001.6005019301842,2001.6005019301842,2001.6005019301842,2001.6005019301842,2001.5345212565485,2001.5345212565485,2001.5345212565485,0.06598067363574955,0.06598067363574955,False,False,0.0,0.0,50.4
sim0010_ME,108,29.861111101984534,2,3sml,4.477597316254734,4.999999999999999,6.669003260650899,True,0.988582685419125,4.031263813492665,4.0,2001.5252110335382,2001.6005019301842,2001.6005019301842,2001.6005019301842,2001.6005019301842,2001.6005019301842,2001.5345212565485,2001.5345212565485,2001.5345212565485,0.06598067363574955,0.06598067363574955,False,False,0.0,0.0,50.4
sim0010_ME,108,29.861111101984534,2,3sml,4.477597316254734,4.999999999999999,6.669003260650899,True,0.988582685419125,4.031263813492665,5.0,2001.5252110335382,2001.6005019301842,2001.6005019301842,2001.6005019301842,2001.6005019301842,2001.6005019301842,2005.776920232519,2005.761982207956,2005.776920232519,-4.176418302334696,4.176418302334696,False,False,0.0,0.01493802456297999,50.4
sim0010_ME,108,29.861111101984534,2,3sml,4.477597316254734,4.999999999999999,6.669003260650899,True,0.988582685419125,4.031263813492665,6.0,2001.5252110335382,2001.6005019301842,2001.6005019301842,2001.6005019301842,2001.6005019301842,2001.6005019301842,2005.776920232519,2005.761982207956,2005.776920232519,-4.176418302334696,4.176418302334696,False,False,0.0,0.01493802456297999,50.4
sim0010_ME,108,29.861111101984534,2,3sml,4.477597316254734,4.999999999999999,6.669003260650899,True,0.988582685419125,4.031263813492665,7.0,2001.5252110335382,2001.6005019301842,2001.6005019301842,2001.6005019301842,2001.6005019301842,2001.6005019301842,2005.776920232519,2005.761982207956,2005.776920232519,-4.176418302334696,4.176418302334696,False,False,0.0,0.01493802456297999,50.4
sim0010_ME,108,29.861111101984534,2,3sml,4.477597316254734,4.999999999999999,6.669003260650899,True,0.988582685419125,4.031263813492665,8.0,2001.5252110335382,2001.6005019301842,2001.6005019301842,2001.6005019301842,2001.6005019301842,2001.6005019301842,2005.776920232519,2005.761982207956,2005.776920232519,-4.176418302334696,4.176418302334696,False,False,0.0,0.01493802456297999,50.4
sim0010_ME,108,29.861111101984534,2,3sml,4.477597316254734,4.999999999999999,6.669003260650899,True,0.988582685419125,4.031263813492665,9.0,2001.5252110335382,2001.6005019301842,2001.6005019301842,2001.6005019301842,2001.6005019301842,2001.6005019301842,2005.791858257082,2005.776920232519,2010.2284515523743,-4.191356326897676,4.191356326897676,False,False,0.0,4.451531319855349,50.4
sim0010_ME,108,29.861111101984534,2,3sml,4.477597316254734,4.999999999999999,6.669003260650899,True,0.988582685419125,4.031263813492665,10.0,2001.5252110335382,2001.6005019301842,2001.6005019301842,2001.6005019301842,2001.6005019301842,2001.6005019301842,2005.791858257082,2005.776920232519,2010.2284515523743,-4.191356326897676,4.191356326897676,False,False,0.0,4.451531319855349,50.4
sim0010_ME,108,29.861111101984534,2,3sml,4.477597316254734,4.999999999999999,6.669003260650899,True,0.988582685419125,4.031263813492665,10.555555564682209,2001.5252110335382,2001.6005019301842,2001.6005019301842,2001.6005019301842,2001.6005019301842,2001.6005019301842,2005.791858257082,2005.776920232519,2010.2284515523743,-4.191356326897676,4.191356326897676,False,False,0.0,4.451531319855349,50.4
sim0010_ME,108,29.861111101984534,3,3sml,4.4541233073859825,4.999999999999999,6.704150074262156,True,0.9986345664895295,4.929514390392324,1.0,2006.2474332648871,2006.3227241615332,2006.3227241615332,2006.3227241615332,2006.3227241615332,2006.3227241615332,2006.2549370185438,2006.2549370185438,2006.2549370185438,0.06778714298934574,0.06778714298934574,False,False,0.0,0.0,50.4
sim0010_ME,108,29.861111101984534,3,3sml,4.4541233073859825,4.999999999999999,6.704150074262156,True,0.9986345664895295,4.929514390392324,2.0,2006.2474332648871,2006.3227241615332,2006.3227241615332,2006.3227241615332,2006.3227241615332,2006.3227241615332,2006.2549370185438,2006.2549370185438,2006.2549370185438,0.06778714298934574,0.06778714298934574,False,False,0.0,0.0,50.4
sim0010_ME,108,29.861111101984534,3,3sml,4.4541233073859825,4.999999999999999,6.704150074262156,True,0.9986345664895295,4.929514390392324,3.0,2006.2474332648871,2006.3227241615332,2006.3227241615332,2006.3227241615332,2006.3227241615332,2006.3227241615332,2006.2549370185438,2006.2549370185438,2006.2549370185438,0.06778714298934574,0.06778714298934574,False,False,0.0,0.0,50.4
sim0010_ME,108,29.861111101984534,3,3sml,4.4541233073859825,4.999999999999999,6.704150074262156,True,0.9986345664895295,4.929514390392324,4.0,2006.2474332648871,2006.3227241615332,2006.3227241615332,2006.3227241615332,2006.3227241615332,2006.3227241615332,2010.2433895769373,2010.2433895769373,2010.2433895769373,-3.9206654154040734,3.9206654154040734,False,False,0.0,0.0,50.4
sim0010_ME,108,29.861111101984534,3,3sml,4.4541233073859825,4.999999999999999,6.704150074262156,True,0.9986345664895295,4.929514390392324,5.0,2006.2474332648871,2006.3227241615332,2006.3227241615332,2006.3227241615332,2006.3227241615332,2006.3227241615332,2010.3778317980073,2010.3628937734443,2010.3927698225702,-4.055107636474077,4.055107636474077,False,False,0.0,0.02987604912595998,50.4
sim0010_ME,108,29.861111101984534,3,3sml,4.4541233073859825,4.999999999999999,6.704150074262156,True,0.9986345664895295,4.929514390392324,5.8333333333332575,2006.2474332648871,2006.3227241615332,2006.3227241615332,2006.3227241615332,2006.3227241615332,2006.3227241615332,2010.3778317980073,2010.3628937734443,2010.3927698225702,-4.055107636474077,4.055107636474077,False,False,0.0,0.02987604912595998,50.4
sim0011_K,108,29.861111101984534,0,3sml,6.378239701684729,4.999999999999999,4.681716664567673,True,0.925898484817598,1.0772229784071234,1.0,1992.4974332648871,1992.6548596851471,1992.6548596851471,1992.736995208761,1992.5727241615332,1992.901266255989,1993.482926016945,1993.482926016945,1993.482926016945,-0.8280663317977996,0.8280663317977996,False,False,0.0821355236139425,0.0,50.4
sim0011_K,108,29.861111101984534,0,3sml,6.378239701684729,4.999999999999999,4.681716664567673,True,0.925898484817598,1.0772229784071234,2.0,1992.4974332648871,1992.6548596851471,1992.6548596851471,1992.736995208761,1992.5727241615332,1994.4823750855578,1993.8115625573369,1993.7966245327725,1993.8115625573369,-1.156702872189726,1.156702872189726,False,True,0.0821355236139425,0.014938024564344232,50.4
sim0011_K,108,29.861111101984534,0,3sml,6.378239701684729,4.999999999999999,4.681716664567673,True,0.925898484817598,1.0772229784071234,3.0,1992.4974332648871,1992.695927446954,1992.6548596851471,1995.4953798767967,1992.5727241615332,1995.4953798767967,1993.8115625573369,1993.7966245327725,1993.8115625573369,-1.1156351103827546,1.1156351103827546,True,True,2.8405201916496026,0.014938024564344232,50.4
sim0011_K,108,29.861111101984534,0,3sml,6.378239701684729,4.999999999999999,4.681716664567673,True,0.925898484817598,1.0772229784071234,4.0,1992.4974332648871,1993.5241273100614,1992.6548596851471,1996.4810061601643,1992.5727241615332,1996.4810061601643,1995.992514143575,1995.992514143575,1996.007452168138,-2.4683868335134775,2.4683868335134775,True,True,3.82614647501714,0.01493802456297999,50.4
sim0011_K,108,29.861111101984534,0,3sml,6.378239701684729,4.999999999999999,4.681716664567673,True,0.925898484817598,1.0772229784071234,5.0,1992.4974332648871,1996.6726557152635,1992.6548596851471,1996.891683778234,1992.5727241615332,1996.973819301848,1995.992514143575,1995.992514143575,1996.007452168138,0.6801415716886368,0.6801415716886368,True,True,4.236824093086852,0.01493802456297999,50.4
sim0011_K,108,29.861111101984534,0,3sml,6.378239701684729,4.999999999999999,4.681716664567673,True,0.925898484817598,1.0772229784071234,6.0,1992.4974332648871,1996.6726557152635,1992.6548596851471,1996.891683778234,1992.5727241615332,1996.973819301848,1995.992514143575,1995.992514143575,1996.007452168138,0.6801415716886368,0.6801415716886368,True,True,4.236824093086852,0.01493802456297999,50.4
sim0011_K,108,29.861111101984534,0,3sml,6.378239701684729,4.999999999999999,4.681716664567673,True,0.925898484817598,1.0772229784071234,7.0,1992.4974332648871,1996.6726557152635,1992.6548596851471,1996.891683778234,1992.5727241615332,1996.973819301848,1995.992514143575,1995.992514143575,1996.007452168138,0.6801415716886368,0.6801415716886368,True,True,4.236824093086852,0.01493802456297999,50.4
sim0011_K,108,29.861111101984534,0,3sml,6.378239701684729,4.999999999999999,4.681716664567673,True,0.925898484817598,1.0772229784071234,8.0,1992.4974332648871,1996.6726557152635,1992.6548596851471,1996.891683778234,1992.5727241615332,1996.973819301848,1995.992514143575,1995.992514143575,1996.007452168138,0.6801415716886368,0.6801415716886368,True,True,4.236824093086852,0.01493802456297999,50.4
sim0011_K,108,29.861111101984534,0,3sml,6.378239701684729,4.999999999999999,4.681716664567673,True,0.925898484817598,1.0772229784071234,9.0,1992.4974332648871,1996.6726557152635,1992.6548596851471,1996.891683778234,1992.5727241615332,1996.973819301848,1995.992514143575,1995.992514143575,1996.007452168138,0.6801415716886368,0.6801415716886368,True,True,4.236824093086852,0.01493802456297999,50.4
sim0011_K,108,29.861111101984534,0,3sml,6.378239701684729,4.999999999999999,4.681716664567673,True,0.925898484817598,1.0772229784071234,10.0,1992.4974332648871,1996.6726557152635,1992.6548596851471,1996.891683778234,1992.5727241615332,1996.973819301848,1995.992514143575,1995.992514143575,1996.007452168138,0.6801415716886368,0.6801415716886368,True,True,4.236824093086852,0.01493802456297999,50.4
sim0011_K,108,29.861111101984534,0,3sml,6.378239701684729,4.999999999999999,4.681716664567673,True,0.925898484817598,1.0772229784071234,11.0,1992.4974332648871,1996.6726557152635,1992.6548596851471,1996.891683778234,1992.5727241615332,1996.973819301848,1995.992514143575,1995.992514143575,1996.007452168138,0.6801415716886368,0.6801415716886368,True,True,4.236824093086852,0.01493802456297999,50.4
sim0011_K,108,29.861111101984534,0,3sml,6.378239701684729,4.999999999999999,4.681716664567673,True,0.925898484817598,1.0772229784071234,12.0,1992.4974332648871,1996.6726557152635,1992.6548596851471,1996.891683778234,1992.5727241615332,1996.973819301848,1996.007452168138,1995.992514143575,2004.4922501200772,0.6652035471256568,0.6652035471256568,True,True,4.236824093086852,8.49973597650228,50.4
sim0011_K,108,29.861111101984534,0,3sml,6.378239701684729,4.999999999999999,4.681716664567673,True,0.925898484817598,1.0772229784071234,13.0,1992.4974332648871,1996.6726557152635,1992.6548596851471,1996.891683778234,1992.5727241615332,1996.973819301848,2004.4773120955142,1995.992514143575,2004.4922501200772,-7.8046563802506626,7.8046563802506626,False,False,4.236824093086852,8.49973597650228,50.4
sim0011_K,108,29.861111101984534,0,3sml,6.378239701684729,4.999999999999999,4.681716664567673,True,0.925898484817598,1.0772229784071234,14.0,1992.4974332648871,1996.6726557152635,1992.6548596851471,1996.891683778234,1992.5727241615332,1996.973819301848,2004.4773120955142,1995.992514143575,2004.4922501200772,-7.8046563802506626,7.8046563802506626,False,False,4.236824093086852,8.49973597650228,50.4
sim0011_K,108,29.861111101984534,0,3sml,6.378239701684729,4.999999999999999,4.681716664567673,True,0.925898484817598,1.0772229784071234,15.0,1992.4974332648871,1996.6726557152635,1992.6548596851471,1996.891683778234,1992.5727241615332,1996.973819301848,2004.4773120955142,1995.992514143575,2004.4922501200772,-7.8046563802506626,7.8046563802506626,False,False,4.236824093086852,8.49973597650228,50.4
sim0011_K,108,29.861111101984534,0,3sml,6.378239701684729,4.999999999999999,4.681716664567673,True,0.925898484817598,1.0772229784071234,16.0,1992.4974332648871,1996.6726557152635,1992.6548596851471,1996.891683778234,1992.5727241615332,1996.973819301848,2004.4773120955142,1995.992514143575,2004.4922501200772,-7.8046563802506626,7.8046563802506626,False,False,4.236824093086852,8.49973597650228,50.4
sim0011_K,108,29.861111101984534,0,3sml,6.378239701684729,4.999999999999999,4.681716664567673,True,0.925898484817598,1.0772229784071234,17.0,1992.4974332648871,1996.6726557152635,1992.6548596851471,1996.891683778234,1992.5727241615332,1996.973819301848,2004.4773120955142,1995.992514143575,2004.4922501200772,-7.8046563802506626,7.8046563802506626,False,False,4.236824093086852,8.49973597650228,50.4
sim0011_K,108,29.861111101984534,0,3sml,6.378239701684729,4.999999999999999,4.681716664567673,True,0.925898484817598,1.0772229784071234,18.0,1992.4974332648871,1996.6726557152635,1992.6548596851471,1996.891683778234,1992.5727241615332,1996.973819301848,2004.4773120955142,1995.992514143575,2004.4922501200772,-7.8046563802506626,7.8046563802506626,False,False,4.236824093086852,8.49973597650228,50.4
sim0011_K,108,29.861111101984534,0,3sml,6.378239701684729,4.999999999999999,4.681716664567673,True,0.925898484817598,1.0772229784071234,19.0,1992.4974332648871,1996.6726557152635,1992.6548596851471,1996.891683778234,1992.5727241615332,1996.973819301848,2004.4773120955142,1995.992514143575,2004.4922501200772,-7.8046563802506626,7.8046563802506626,False,False,4.236824093086852,8.49973597650228,50.4
sim0011_K,108,29.861111101984534,0,3sml,6.378239701684729,4.999999999999999,4.681716664567673,True,0.925898484817598,1.0772229784071234,19.583333333333258,1992.4974332648871,1996.6726557152635,1992.6548596851471,1996.891683778234,1992.5727241615332,1996.973819301848,2004.4773120955142,1995.992514143575,2004.4922501200772,-7.8046563802506626,7.8046563802506626,False,False,4.236824093086852,8.49973597650228,50.4
sim0011_K,108,29.861111101984534,1,2sm,6.631620275755894,4.999999999999999,4.5028378978741905,True,0.9816601791134383,0.9154246159527444,1.0,1997.0807665982204,1997.5667351129362,1997.1560574948664,1997.6488706365503,1997.1560574948664,1997.7310061601643,1997.0829899366931,1997.0829899366931,1997.0829899366931,0.48374517624301916,0.48374517624301916,False,False,0.49281314168388235,0.0,50.4
sim0011_K,108,29.861111101984534,1,2sm,6.631620275755894,4.999999999999999,4.5028378978741905,True,0.9816601791134383,0.9154246159527444,2.0,1997.0807665982204,1997.5667351129362,1997.1560574948664,1997.6488706365503,1997.1560574948664,1997.7310061601643,1997.0829899366931,1997.0829899366931,1997.0829899366931,0.48374517624301916,0.48374517624301916,False,False,0.49281314168388235,0.0,50.4
sim0011_K,108,29.861111101984534,1,2sm,6.631620275755894,4.999999999999999,4.5028378978741905,True,0.9816601791134383,0.9154246159527444,3.0,1997.0807665982204,1997.5667351129362,1997.1560574948664,1997.6488706365503,1997.1560574948664,1997.7310061601643,1997.0829899366931,1997.0829899366931,1997.0829899366931,0.48374517624301916,0.48374517624301916,False,False,0.49281314168388235,0.0,50.4
sim0011_K,108,29.861111101984534,1,2sm,6.631620275755894,4.999999999999999,4.5028378978741905,True,0.9816601791134383,0.9154246159527444,4.0,1997.0807665982204,1997.5667351129362,1997.1560574948664,1997.6488706365503,1997.1560574948664,1997.7310061601643,1997.0829899366931,1997.0829899366931,1997.0829899366931,0.48374517624301916,0.48374517624301916,False,False,0.49281314168388235,0.0,50.4
sim0011_K,108,29.861111101984534,1,2sm,6.631620275755894,4.999999999999999,4.5028378978741905,True,0.9816601791134383,0.9154246159527444,5.0,1997.0807665982204,1997.5667351129362,1997.1560574948664,1997.6488706365503,1997.1560574948664,1997.7310061601643,2002.072290140827,2002.072290140827,2002.072290140827,-4.50555502789075,4.50555502789075,False,False,0.49281314168388235,0.0,50.4
sim0011_K,108,29.861111101984534,1,2sm,6.631620275755894,4.999999999999999,4.5028378978741905,True,0.9816601791134383,0.9154246159527444,6.0,1997.0807665982204,1997.5667351129362,1997.1560574948664,1997.6488706365503,1997.1560574948664,1997.7310061601643,2002.2515464355859,2002.2366084110229,2002.2664844601488,-4.6848113226496935,4.6848113226496935,False,False,0.49281314168388235,0.02987604912595998,50.4
sim0011_K,108,29.861111101984534,1,2sm,6.631620275755894,4.999999999999999,4.5028378978741905,True,0.9816601791134383,0.9154246159527444,7.0,1997.0807665982204,1997.5667351129362,1997.1560574948664,1997.6488706365503,1997.1560574948664,1997.7310061601643,2004.0739854323058,2004.0739854323058,2004.0739854323058,-6.507250319369632,6.507250319369632,False,False,0.49281314168388235,0.0,50.4
sim0011_K,108,29.861111101984534,1,2sm,6.631620275755894,4.999999999999999,4.5028378978741905,True,0.9816601791134383,0.9154246159527444,8.0,1997.0807665982204,1997.5667351129362,1997.1560574948664,1997.6488706365503,1997.1560574948664,1997.7310061601643,2004.432498021824,2004.432498021824,2004.4474360463869,-6.865762908887746,6.865762908887746,False,False,0.49281314168388235,0.01493802456297999,50.4
sim0011_K,108,29.861111101984534,1,2sm,6.631620275755894,4.999999999999999,4.5028378978741905,True,0.9816601791134383,0.9154246159527444,9.0,1997.0807665982204,1997.5667351129362,1997.1560574948664,1997.6488706365503,1997.1560574948664,1997.7310061601643,2004.432498021824,2004.432498021824,2004.4474360463869,-6.865762908887746,6.865762908887746,False,False,0.49281314168388235,0.01493802456297999,50.4
sim0011_K,108,29.861111101984534,1,2sm,6.631620275755894,4.999999999999999,4.5028378978741905,True,0.9816601791134383,0.9154246159527444,10.0,1997.0807665982204,1997.5667351129362,1997.1560574948664,1997.6488706365503,1997.1560574948664,1997.7310061601643,2004.432498021824,2004.432498021824,2004.4474360463869,-6.865762908887746,6.865762908887746,False,False,0.49281314168388235,0.01493802456297999,50.4
sim0011_K,108,29.861111101984534,1,2sm,6.631620275755894,4.999999999999999,4.5028378978741905,True,0.9816601791134383,0.9154246159527444,11.0,1997.0807665982204,1997.5667351129362,1997.1560574948664,1997.6488706365503,1997.1560574948664,1997.7310061601643,2004.432498021824,2004.432498021824,2004.4474360463869,-6.865762908887746,6.865762908887746,False,False,0.49281314168388235,0.01493802456297999,50.4
sim0011_K,108,29.861111101984534,1,2sm,6.631620275755894,4.999999999999999,4.5028378978741905,True,0.9816601791134383,0.9154246159527444,12.0,1997.0807665982204,1997.5667351129362,1997.1560574948664,1997.6488706365503,1997.1560574948664,1997.7310061601643,2004.432498021824,2004.432498021824,2004.4474360463869,-6.865762908887746,6.865762908887746,False,False,0.49281314168388235,0.01493802456297999,50.4
sim0011_K,108,29.861111101984534,1,2sm,6.631620275755894,4.999999999999999,4.5028378978741905,True,0.9816601791134383,0.9154246159527444,13.0,1997.0807665982204,1997.5667351129362,1997.1560574948664,1997.6488706365503,1997.1560574948664,1997.7310061601643,2004.432498021824,2004.432498021824,2004.4474360463869,-6.865762908887746,6.865762908887746,False,False,0.49281314168388235,0.01493802456297999,50.4
sim0011_K,108,29.861111101984534,1,2sm,6.631620275755894,4.999999999999999,4.5028378978741905,True,0.9816601791134383,0.9154246159527444,14.0,1997.0807665982204,1997.5667351129362,1997.1560574948664,1997.6488706365503,1997.1560574948664,1997.7310061601643,2004.432498021824,2004.432498021824,2004.4474360463869,-6.865762908887746,6.865762908887746,False,False,0.49281314168388235,0.01493802456297999,50.4
sim0011_K,108,29.861111101984534,1,2sm,6.631620275755894,4.999999999999999,4.5028378978741905,True,0.9816601791134383,0.9154246159527444,15.0,1997.0807665982204,1997.5667351129362,1997.1560574948664,1997.6488706365503,1997.1560574948664,1997.7310061601643,2004.432498021824,2004.432498021824,2004.4474360463869,-6.865762908887746,6.865762908887746,False,False,0.49281314168388235,0.01493802456297999,50.4
sim0011_K,108,29.861111101984534,1,2sm,6.631620275755894,4.999999999999999,4.5028378978741905,True,0.9816601791134383,0.9154246159527444,15.0,1997.0807665982204,1997.5667351129362,1997.1560574948664,1997.6488706365503,1997.1560574948664,1997.7310061601643,2004.432498021824,2004.432498021824,2004.4474360463869,-6.865762908887746,6.865762908887746,False,False,0.49281314168388235,0.01493802456297999,50.4
sim0011_K,108,29.861111101984534,2,3sml,6.567195185046865,4.999999999999999,4.547011358818238,True,0.9884821725989978,0.8882786947547541,1.0,2001.5252110335382,2002.5245265708413,2002.5245265708413,2002.5245265708413,2001.6005019301842,2002.5245265708413,2002.0274760671364,2002.0125380425734,2002.0424140917007,0.49705050370494064,0.49705050370494064,False,True,0.0,0.029876049127324222,50.4
sim0011_K,108,29.861111101984534,2,3sml,6.567195185046865,4.999999999999999,4.547011358818238,True,0.9884821725989978,0.8882786947547541,2.0,2001.5252110335382,2003.5101528542089,2003.3612137713887,2003.5101528542089,2001.6005019301842,2003.5101528542089,2003.4017743269576,2003.3868363023946,2003.431650376085,0.1083785272512614,0.1083785272512614,True,True,0.1489390828201067,0.04481407369030421,50.4
sim0011_K,108,29.861111101984534,2,3sml,6.567195185046865,4.999999999999999,4.547011358818238,True,0.9884821725989978,0.8882786947547541,3.0,2001.5252110335382,2004.1398585352492,2003.3612137713887,2004.276751074606,2001.6005019301842,2004.5231576454478,2003.4017743269576,2003.3868363023946,2003.431650376085,0.7380842082916388,0.7380842082916388,True,True,0.9155373032172065,0.04481407369030421,50.4
sim0011_K,108,29.861111101984534,2,3sml,6.567195185046865,4.999999999999999,4.547011358818238,True,0.9884821725989978,0.8882786947547541,4.0,2001.5252110335382,2004.1398585352492,2003.3612137713887,2004.276751074606,2001.6005019301842,2004.5375313620802,2004.9105148078486,2004.8955767832856,2004.9254528324118,-0.7706562725993535,0.7706562725993535,False,False,0.9155373032172065,0.029876049126187354,50.4
sim0011_K,108,29.861111101984534,2,3sml,6.567195185046865,4.999999999999999,4.547011358818238,True,0.9884821725989978,0.8882786947547541,5.0,2001.5252110335382,2004.1398585352492,2003.3612137713887,2004.276751074606,2001.6005019301842,2004.5375313620802,2004.9105148078486,2004.8955767832856,2004.9254528324118,-0.7706562725993535,0.7706562725993535,False,False,0.9155373032172065,0.029876049126187354,50.4
sim0011_K,108,29.861111101984534,2,3sml,6.567195185046865,4.999999999999999,4.547011358818238,True,0.9884821725989978,0.8882786947547541,6.0,2001.5252110335382,2004.1398585352492,2003.3612137713887,2004.276751074606,2001.6005019301842,2004.5375313620802,2004.9105148078486,2004.8955767832856,2004.9254528324118,-0.7706562725993535,0.7706562725993535,False,False,0.9155373032172065,0.029876049126187354,50.4
sim0011_K,108,29.861111101984534,2,3sml,6.567195185046865,4.999999999999999,4.547011358818238,True,0.9884821725989978,0.8882786947547541,7.0,2001.5252110335382,2004.1398585352492,2003.3612137713887,2004.276751074606,2001.6005019301842,2004.5375313620802,2004.9105148078486,2004.8955767832856,2004.9254528324118,-0.7706562725993535,0.7706562725993535,False,False,0.9155373032172065,0.029876049126187354,50.4
sim0011_K,108,29.861111101984534,2,3sml,6.567195185046865,4.999999999999999,4.547011358818238,True,0.9884821725989978,0.8882786947547541,8.0,2001.5252110335382,2004.1398585352492,2003.3612137713887,2004.276751074606,2001.6005019301842,2004.5375313620802,2004.9105148078486,2004.8955767832856,2004.9254528324118,-0.7706562725993535,0.7706562725993535,False,False,0.9155373032172065,0.029876049126187354,50.4
sim0011_K,108,29.861111101984534,2,3sml,6.567195185046865,4.999999999999999,4.547011358818238,True,0.9884821725989978,0.8882786947547541,9.0,2001.5252110335382,2004.1398585352492,2003.3612137713887,2004.276751074606,2001.6005019301842,2004.5375313620802,2004.9105148078486,2004.8955767832856,2004.9254528324118,-0.7706562725993535,0.7706562725993535,False,False,0.9155373032172065,0.029876049126187354,50.4
sim0011_K,108,29.861111101984534,2,3sml,6.567195185046865,4.999999999999999,4.547011358818238,True,0.9884821725989978,0.8882786947547541,10.0,2001.5252110335382,2004.1398585352492,2003.3612137713887,2004.276751074606,2001.6005019301842,2004.5375313620802,2004.9254528324118,2004.9105148078486,2010.5869641418924,-0.7855942971625609,0.7855942971625609,False,False,0.9155373032172065,5.676449334043809,50.4
sim0011_K,108,29.861111101984534,2,3sml,6.567195185046865,4.999999999999999,4.547011358818238,True,0.9884821725989978,0.8882786947547541,10.555555564682209,2001.5252110335382,2004.1398585352492,2003.3612137713887,2004.276751074606,2001.6005019301842,2004.5375313620802,2004.9254528324118,2004.9105148078486,2010.5869641418924,-0.7855942971625609,0.7855942971625609,False,False,0.9155373032172065,5.676449334043809,50.4
sim0011_K,108,29.861111101984534,3,3sml,6.679333025886473,4.999999999999999,4.4706725935440845,True,0.9980278287684863,0.844382795397243,1.0,2006.2474332648871,2006.3227241615332,2006.3227241615332,2006.3227241615332,2006.3227241615332,2006.4048596851471,2006.6209186203432,2006.2549370185438,2006.8823340502015,-0.2981944588100305,0.2981944588100305,False,False,0.0,0.6273970316576651,50.4
sim0011_K,108,29.861111101984534,3,3sml,6.679333025886473,4.999999999999999,4.4706725935440845,True,0.9980278287684863,0.844382795397243,2.0,2006.2474332648871,2006.3227241615332,2006.3227241615332,2006.3227241615332,2006.3227241615332,2006.4048596851471,2006.6209186203432,2006.2549370185438,2006.8823340502015,-0.2981944588100305,0.2981944588100305,False,False,0.0,0.6273970316576651,50.4
sim0011_K,108,29.861111101984534,3,3sml,6.679333025886473,4.999999999999999,4.4706725935440845,True,0.9980278287684863,0.844382795397243,3.0,2006.2474332648871,2006.3227241615332,2006.3227241615332,2009.2453798767967,2006.3227241615332,2009.2453798767967,2006.6209186203432,2006.2549370185438,2006.8823340502015,-0.2981944588100305,0.2981944588100305,True,True,2.922655715263545,0.6273970316576651,50.4
sim0011_K,108,29.861111101984534,3,3sml,6.679333025886473,4.999999999999999,4.4706725935440845,True,0.9980278287684863,0.844382795397243,4.0,2006.2474332648871,2010.2310061601643,2010.2310061601643,2010.2310061601643,2006.3227241615332,2010.2310061601643,2010.2433895769373,2010.2433895769373,2010.2433895769373,-0.01238341677299104,0.01238341677299104,False,False,0.0,0.0,50.4
sim0011_K,108,29.861111101984534,3,3sml,6.679333025886473,4.999999999999999,4.4706725935440845,True,0.9980278287684863,0.844382795397243,5.0,2006.2474332648871,2011.0249828884325,2010.9702258726898,2011.1344969199179,2006.3227241615332,2011.244010951403,2010.6019021664565,2010.5272120436402,2010.8110345103416,0.42308072197602087,0.42308072197602087,False,True,0.16427104722811237,0.28382246670139466,50.4
sim0011_K,108,29.861111101984534,3,3sml,6.679333025886473,4.999999999999999,4.4706725935440845,True,0.9980278287684863,0.844382795397243,5.8333333333332575,2006.2474332648871,2011.0249828884325,2010.9702258726898,2011.1344969199179,2006.3227241615332,2011.4356605065022,2010.6019021664565,2010.5272120436402,2010.8110345103416,0.42308072197602087,0.42308072197602087,False,True,0.16427104722811237,0.28382246670139466,50.4
sim0011_K,108,29.861111101984534,4,2sm,6.036054726891834,4.999999999999999,4.947123982979694,True,0.9972175409096157,0.9052189865824937,0.972222231348951,2011.1085443668715,2011.1838352635175,2011.1838352635175,2011.1838352635175,2011.1838352635175,2011.1838352635175,2011.871634254334,2011.856696229771,2011.871634254334,-0.6877989908164182,0.6877989908164182,False,False,0.0,0.01493802456297999,50.4
sim0012_ME,108,29.861111101984534,0,3sml,7.384663014751604,4.999999999999999,4.0436660470943595,True,0.9304849282150307,4.936426072694198,1.0,1992.4974332648871,1992.5727241615332,1992.5727241615332,1992.901266255989,1992.5727241615332,1992.983401779603,1993.2588556484955,1993.2588556484955,1993.2737936730587,-0.6861314869622674,0.6861314869622674,False,False,0.32854209445577,0.014938024563207364,50.4
sim0012_ME,108,29.861111101984534,0,3sml,7.384663014751604,4.999999999999999,4.0436660470943595,True,0.9304849282150307,4.936426072694198,2.0,1992.4974332648871,1992.5727241615332,1992.5727241615332,1992.901266255989,1992.5727241615332,1992.983401779603,1993.2588556484955,1993.2588556484955,1993.2737936730587,-0.6861314869622674,0.6861314869622674,False,False,0.32854209445577,0.014938024563207364,50.4
sim0012_ME,108,29.861111101984534,0,3sml,7.384663014751604,4.999999999999999,4.0436660470943595,True,0.9304849282150307,4.936426072694198,3.0,1992.4974332648871,1992.5727241615332,1992.5727241615332,1992.901266255989,1992.5727241615332,1992.983401779603,1995.1261087189046,1995.1111706943416,1995.1559847680307,-2.5533845573713734,2.5533845573713734,False,False,0.32854209445577,0.044814073689167344,50.4
sim0012_ME,108,29.861111101984534,0,3sml,7.384663014751604,4.999999999999999,4.0436660470943595,True,0.9304849282150307,4.936426072694198,4.0,1992.4974332648871,1992.5727241615332,1992.5727241615332,1992.901266255989,1992.5727241615332,1992.983401779603,1995.1261087189046,1995.1111706943416,1995.1559847680307,-2.5533845573713734,2.5533845573713734,False,False,0.32854209445577,0.044814073689167344,50.4
sim0012_ME,108,29.861111101984534,0,3sml,7.384663014751604,4.999999999999999,4.0436660470943595,True,0.9304849282150307,4.936426072694198,5.0,1992.4974332648871,1992.5727241615332,1992.5727241615332,1992.901266255989,1992.5727241615332,1992.983401779603,1995.1261087189046,1995.1111706943416,1995.1559847680307,-2.5533845573713734,2.5533845573713734,False,False,0.32854209445577,0.044814073689167344,50.4
sim0012_ME,108,29.861111101984534,0,3sml,7.384663014751604,4.999999999999999,4.0436660470943595,True,0.9304849282150307,4.936426072694198,6.0,1992.4974332648871,1992.5727241615332,1992.5727241615332,1992.901266255989,1992.5727241615332,1992.983401779603,1995.1261087189046,1995.1111706943416,1995.1559847680307,-2.5533845573713734,2.5533845573713734,False,False,0.32854209445577,0.044814073689167344,50.4
sim0012_ME,108,29.861111101984534,0,3sml,7.384663014751604,4.999999999999999,4.0436660470943595,True,0.9304849282150307,4.936426072694198,7.0,1992.4974332648871,1992.5727241615332,1992.5727241615332,1992.901266255989,1992.5727241615332,1992.983401779603,1995.1261087189046,1995.1111706943416,1995.1559847680307,-2.5533845573713734,2.5533845573713734,False,False,0.32854209445577,0.044814073689167344,50.4
sim0012_ME,108,29.861111101984534,0,3sml,7.384663014751604,4.999999999999999,4.0436660470943595,True,0.9304849282150307,4.936426072694198,8.0,1992.4974332648871,1992.5727241615332,1992.5727241615332,1992.901266255989,1992.5727241615332,1992.983401779603,1995.1261087189046,1995.1111706943416,1995.1559847680307,-2.5533845573713734,2.5533845573713734,False,False,0.32854209445577,0.044814073689167344,50.4
sim0012_ME,108,29.861111101984534,0,3sml,7.384663014751604,4.999999999999999,4.0436660470943595,True,0.9304849282150307,4.936426072694198,9.0,1992.4974332648871,1992.5727241615332,1992.5727241615332,1992.901266255989,1992.5727241615332,1992.983401779603,1995.1559847680307,1995.1261087189046,2000.9967523722717,-2.5832606064975607,2.5832606064975607,False,False,0.32854209445577,5.870643653367097,50.4
sim0012_ME,108,29.861111101984534,0,3sml,7.384663014751604,4.999999999999999,4.0436660470943595,True,0.9304849282150307,4.936426072694198,10.0,1992.4974332648871,1992.5727241615332,1992.5727241615332,1992.901266255989,1992.5727241615332,1992.983401779603,1995.1559847680307,1995.1261087189046,2000.9967523722717,-2.5832606064975607,2.5832606064975607,False,False,0.32854209445577,5.870643653367097,50.4
sim0012_ME,108,29.861111101984534,0,3sml,7.384663014751604,4.999999999999999,4.0436660470943595,True,0.9304849282150307,4.936426072694198,11.0,1992.4974332648871,1992.5727241615332,1992.5727241615332,1992.901266255989,1992.5727241615332,1992.983401779603,1995.1559847680307,1995.1261087189046,2000.9967523722717,-2.5832606064975607,2.5832606064975607,False,False,0.32854209445577,5.870643653367097,50.4
sim0012_ME,108,29.861111101984534,0,3sml,7.384663014751604,4.999999999999999,4.0436660470943595,True,0.9304849282150307,4.936426072694198,12.0,1992.4974332648871,1992.5727241615332,1992.5727241615332,1992.901266255989,1992.5727241615332,1992.983401779603,1995.1559847680307,1995.1261087189046,2000.9967523722717,-2.5832606064975607,2.5832606064975607,False,False,0.32854209445577,5.870643653367097,50.4
sim0012_ME,108,29.861111101984534,0,3sml,7.384663014751604,4.999999999999999,4.0436660470943595,True,0.9304849282150307,4.936426072694198,13.0,1992.4974332648871,1992.5727241615332,1992.5727241615332,1992.901266255989,1992.5727241615332,1992.983401779603,1995.1559847680307,1995.1261087189046,2000.9967523722717,-2.5832606064975607,2.5832606064975607,False,False,0.32854209445577,5.870643653367097,50.4
sim0012_ME,108,29.861111101984534,0,3sml,7.384663014751604,4.999999999999999,4.0436660470943595,True,0.9304849282150307,4.936426072694198,14.0,1992.4974332648871,1992.5727241615332,1992.5727241615332,1992.901266255989,1992.5727241615332,1992.983401779603,1995.1559847680307,1995.1261087189046,2000.9967523722717,-2.5832606064975607,2.5832606064975607,False,False,0.32854209445577,5.870643653367097,50.4
sim0012_ME,108,29.861111101984534,0,3sml,7.384663014751604,4.999999999999999,4.0436660470943595,True,0.9304849282150307,4.936426072694198,15.0,1992.4974332648871,1992.5727241615332,1992.5727241615332,1992.901266255989,1992.5727241615332,1992.983401779603,2000.9519382985811,1995.1261087189046,2006.8823340502015,-8.379214137047938,8.379214137047938,False,False,0.32854209445577,11.756225331296946,50.4
sim0012_ME,108,29.861111101984534,0,3sml,7.384663014751604,4.999999999999999,4.0436660470943595,True,0.9304849282150307,4.936426072694198,16.0,1992.4974332648871,1992.5727241615332,1992.5727241615332,1992.901266255989,1992.5727241615332,1992.983401779603,2000.9519382985811,1995.1261087189046,2006.8823340502015,-8.379214137047938,8.379214137047938,False,False,0.32854209445577,11.756225331296946,50.4
sim0012_ME,108,29.861111101984534,0,3sml,7.384663014751604,4.999999999999999,4.0436660470943595,True,0.9304849282150307,4.936426072694198,17.0,1992.4974332648871,1992.5727241615332,1992.5727241615332,1992.901266255989,1992.5727241615332,1992.983401779603,2000.9519382985811,1995.1261087189046,2006.8823340502015,-8.379214137047938,8.379214137047938,False,False,0.32854209445577,11.756225331296946,50.4
sim0012_ME,108,29.861111101984534,0,3sml,7.384663014751604,4.999999999999999,4.0436660470943595,True,0.9304849282150307,4.936426072694198,18.0,1992.4974332648871,1992.5727241615332,1992.5727241615332,1992.901266255989,1992.5727241615332,1992.983401779603,2000.9519382985811,1995.1261087189046,2006.8823340502015,-8.379214137047938,8.379214137047938,False,False,0.32854209445577,11.756225331296946,50.4
sim0012_ME,108,29.861111101984534,0,3sml,7.384663014751604,4.999999999999999,4.0436660470943595,True,0.9304849282150307,4.936426072694198,19.0,1992.4974332648871,1992.5727241615332,1992.5727241615332,1992.901266255989,1992.5727241615332,1992.983401779603,2000.9519382985811,1995.1261087189046,2006.8823340502015,-8.379214137047938,8.379214137047938,False,False,0.32854209445577,11.756225331296946,50.4
sim0012_ME,108,29.861111101984534,0,3sml,7.384663014751604,4.999999999999999,4.0436660470943595,True,0.9304849282150307,4.936426072694198,19.583333333333258,1992.4974332648871,1992.5727241615332,1992.5727241615332,1992.901266255989,1992.5727241615332,1992.983401779603,2000.9519382985811,1995.1261087189046,2006.8823340502015,-8.379214137047938,8.379214137047938,False,False,0.32854209445577,11.756225331296946,50.4
sim0012_ME,108,29.861111101984534,1,2sm,7.595721761599607,4.999999999999999,3.9313066011643887,True,0.9283861934369102,5.808951108273643,1.0,1997.0807665982204,1997.3203285420943,1997.2381930184804,1998.0800821355235,1997.2381930184804,1998.0800821355235,1997.561006722718,1997.5311306735919,1997.561006722718,-0.2406781806237177,0.2406781806237177,True,True,0.841889117043138,0.029876049126187354,50.4
sim0012_ME,108,29.861111101984534,1,2sm,7.595721761599607,4.999999999999999,3.9313066011643887,True,0.9283861934369102,5.808951108273643,2.0,1997.0807665982204,1999.065708418891,1997.2381930184804,1999.065708418891,1997.2381930184804,1999.065708418891,1997.561006722718,1997.5311306735919,1997.561006722718,1.504701696173015,1.504701696173015,True,True,1.8275154004106753,0.029876049126187354,50.4
sim0012_ME,108,29.861111101984534,1,2sm,7.595721761599607,4.999999999999999,3.9313066011643887,True,0.9283861934369102,5.808951108273643,3.0,1997.0807665982204,2000.07871321013,2000.07871321013,2000.07871321013,1997.2381930184804,2000.07871321013,1999.5178879405066,1999.5178879405066,1999.532825965071,0.5608252696233649,0.5608252696233649,False,True,0.0,0.014938024564344232,50.4
sim0012_ME,108,29.861111101984534,1,2sm,7.595721761599607,4.999999999999999,3.9313066011643887,True,0.9283861934369102,5.808951108273643,4.0,1997.0807665982204,2000.8453114305269,2000.7905544147843,2000.9548254620122,1997.2381930184804,2001.0643394934975,1999.5178879405066,1999.5178879405066,1999.532825965071,1.3274234900202373,1.3274234900202373,False,True,0.164271047227885,0.014938024564344232,50.4
sim0012_ME,108,29.861111101984534,1,2sm,7.595721761599607,4.999999999999999,3.9313066011643887,True,0.9283861934369102,5.808951108273643,5.0,1997.0807665982204,2000.8453114305269,2000.7905544147843,2000.9548254620122,1997.2381930184804,2001.1464750171115,2001.7137775513088,2001.6988395267445,2001.7287155758718,-0.8684661207819317,0.8684661207819317,False,False,0.164271047227885,0.029876049127324222,50.4
sim0012_ME,108,29.861111101984534,1,2sm,7.595721761599607,4.999999999999999,3.9313066011643887,True,0.9283861934369102,5.808951108273643,6.0,1997.0807665982204,2000.8453114305269,2000.7905544147843,2000.9548254620122,1997.2381930184804,2001.1464750171115,2001.7137775513088,2001.6988395267445,2001.7287155758718,-0.8684661207819317,0.8684661207819317,False,False,0.164271047227885,0.029876049127324222,50.4
sim0012_ME,108,29.861111101984534,1,2sm,7.595721761599607,4.999999999999999,3.9313066011643887,True,0.9283861934369102,5.808951108273643,7.0,1997.0807665982204,2000.8453114305269,2000.7905544147843,2000.9548254620122,1997.2381930184804,2001.1464750171115,2001.7137775513088,2001.6988395267445,2001.7287155758718,-0.8684661207819317,0.8684661207819317,False,False,0.164271047227885,0.029876049127324222,50.4
sim0012_ME,108,29.861111101984534,1,2sm,7.595721761599607,4.999999999999999,3.9313066011643887,True,0.9283861934369102,5.808951108273643,8.0,1997.0807665982204,2000.8453114305269,2000.7905544147843,2000.9548254620122,1997.2381930184804,2001.1464750171115,2001.7137775513088,2001.6988395267445,2001.7287155758718,-0.8684661207819317,0.8684661207819317,False,False,0.164271047227885,0.029876049127324222,50.4
sim0012_ME,108,29.861111101984534,1,2sm,7.595721761599607,4.999999999999999,3.9313066011643887,True,0.9283861934369102,5.808951108273643,9.0,1997.0807665982204,2000.8453114305269,2000.7905544147843,2000.9548254620122,1997.2381930184804,2001.1464750171115,2001.7137775513088,2001.6988395267445,2001.7287155758718,-0.8684661207819317,0.8684661207819317,False,False,0.164271047227885,0.029876049127324222,50.4
sim0012_ME,108,29.861111101984534,1,2sm,7.595721761599607,4.999999999999999,3.9313066011643887,True,0.9283861934369102,5.808951108273643,10.0,1997.0807665982204,2000.8453114305269,2000.7905544147843,2000.9548254620122,1997.2381930184804,2001.1464750171115,2001.7137775513088,2001.6988395267445,2001.7287155758718,-0.8684661207819317,0.8684661207819317,False,False,0.164271047227885,0.029876049127324222,50.4
sim0012_ME,108,29.861111101984534,1,2sm,7.595721761599607,4.999999999999999,3.9313066011643887,True,0.9283861934369102,5.808951108273643,11.0,1997.0807665982204,2000.8453114305269,2000.7905544147843,2000.9548254620122,1997.2381930184804,2001.1464750171115,2007.8981197205035,2001.6988395267445,2007.9279957696308,-7.0528082899766105,7.0528082899766105,False,False,0.164271047227885,6.229156242886347,50.4
sim0012_ME,108,29.861111101984534,1,2sm,7.595721761599607,4.999999999999999,3.9313066011643887,True,0.9283861934369102,5.808951108273643,12.0,1997.0807665982204,2000.8453114305269,2000.7905544147843,2000.9548254620122,1997.2381930184804,2001.1464750171115,2007.8981197205035,2001.6988395267445,2007.9279957696308,-7.0528082899766105,7.0528082899766105,False,False,0.164271047227885,6.229156242886347,50.4
sim0012_ME,108,29.861111101984534,1,2sm,7.595721761599607,4.999999999999999,3.9313066011643887,True,0.9283861934369102,5.808951108273643,13.0,1997.0807665982204,2000.8453114305269,2000.7905544147843,2000.9548254620122,1997.2381930184804,2001.1464750171115,2007.8981197205035,2001.6988395267445,2007.9279957696308,-7.0528082899766105,7.0528082899766105,False,False,0.164271047227885,6.229156242886347,50.4
sim0012_ME,108,29.861111101984534,1,2sm,7.595721761599607,4.999999999999999,3.9313066011643887,True,0.9283861934369102,5.808951108273643,14.0,1997.0807665982204,2000.8453114305269,2000.7905544147843,2000.9548254620122,1997.2381930184804,2001.1464750171115,2007.8981197205035,2001.6988395267445,2007.9279957696308,-7.0528082899766105,7.0528082899766105,False,False,0.164271047227885,6.229156242886347,50.4
sim0012_ME,108,29.861111101984534,1,2sm,7.595721761599607,4.999999999999999,3.9313066011643887,True,0.9283861934369102,5.808951108273643,15.0,1997.0807665982204,2000.8453114305269,2000.7905544147843,2000.9548254620122,1997.2381930184804,2001.1464750171115,2007.8981197205035,2001.6988395267445,2007.9279957696308,-7.0528082899766105,7.0528082899766105,False,False,0.164271047227885,6.229156242886347,50.4
sim0012_ME,108,29.861111101984534,1,2sm,7.595721761599607,4.999999999999999,3.9313066011643887,True,0.9283861934369102,5.808951108273643,15.0,1997.0807665982204,2000.8453114305269,2000.7905544147843,2000.9548254620122,1997.2381930184804,2001.1464750171115,2007.8981197205035,2001.6988395267445,2007.9279957696308,-7.0528082899766105,7.0528082899766105,False,False,0.164271047227885,6.229156242886347,50.4
sim0012_ME,108,29.861111101984534,2,2sm,7.599271216399304,4.999999999999999,3.92947037309893,True,0.9822842105816764,5.183729321049622,1.0,2001.5252110335382,2001.6005019301842,2001.6005019301842,2001.6005019301842,2001.6005019301842,2001.6005019301842,2001.5345212565485,2001.5345212565485,2001.5345212565485,0.06598067363574955,0.06598067363574955,False,False,0.0,0.0,50.4
sim0012_ME,108,29.861111101984534,2,2sm,7.599271216399304,4.999999999999999,3.92947037309893,True,0.9822842105816764,5.183729321049622,2.0,2001.5252110335382,2001.6005019301842,2001.6005019301842,2001.6005019301842,2001.6005019301842,2001.6005019301842,2001.5345212565485,2001.5345212565485,2001.5345212565485,0.06598067363574955,0.06598067363574955,False,False,0.0,0.0,50.4
sim0012_ME,108,29.861111101984534,2,2sm,7.599271216399304,4.999999999999999,3.92947037309893,True,0.9822842105816764,5.183729321049622,3.0,2001.5252110335382,2001.6005019301842,2001.6005019301842,2001.6005019301842,2001.6005019301842,2001.6005019301842,2001.5345212565485,2001.5345212565485,2001.5345212565485,0.06598067363574955,0.06598067363574955,False,False,0.0,0.0,50.4
sim0012_ME,108,29.861111101984534,2,2sm,7.599271216399304,4.999999999999999,3.92947037309893,True,0.9822842105816764,5.183729321049622,4.0,2001.5252110335382,2001.6005019301842,2001.6005019301842,2001.6005019301842,2001.6005019301842,2001.6005019301842,2001.5345212565485,2001.5345212565485,2001.5345212565485,0.06598067363574955,0.06598067363574955,False,False,0.0,0.0,50.4
sim0012_ME,108,29.861111101984534,2,2sm,7.599271216399304,4.999999999999999,3.92947037309893,True,0.9822842105816764,5.183729321049622,5.0,2001.5252110335382,2001.6005019301842,2001.6005019301842,2001.6005019301842,2001.6005019301842,2001.6005019301842,2001.5345212565485,2001.5345212565485,2001.5345212565485,0.06598067363574955,0.06598067363574955,False,False,0.0,0.0,50.4
sim0012_ME,108,29.861111101984534,2,2sm,7.599271216399304,4.999999999999999,3.92947037309893,True,0.9822842105816764,5.183729321049622,6.0,2001.5252110335382,2001.6005019301842,2001.6005019301842,2001.6005019301842,2001.6005019301842,2001.6005019301842,2001.5345212565485,2001.5345212565485,2001.5345212565485,0.06598067363574955,0.06598067363574955,False,False,0.0,0.0,50.4
sim0012_ME,108,29.861111101984534,2,2sm,7.599271216399304,4.999999999999999,3.92947037309893,True,0.9822842105816764,5.183729321049622,7.0,2001.5252110335382,2001.6005019301842,2001.6005019301842,2001.6005019301842,2001.6005019301842,2001.6005019301842,2008.4956407030352,2008.4358886047817,2008.5105787275982,-6.895138772850942,6.895138772850942,False,False,0.0,0.07469012281649157,50.4
sim0012_ME,108,29.861111101984534,2,2sm,7.599271216399304,4.999999999999999,3.92947037309893,True,0.9822842105816764,5.183729321049622,8.0,2001.5252110335382,2001.6005019301842,2001.6005019301842,2001.6005019301842,2001.6005019301842,2001.6005019301842,2008.4956407030352,2008.4358886047817,2008.5703308258517,-6.895138772850942,6.895138772850942,False,False,0.0,0.13444222107000314,50.4
sim0012_ME,108,29.861111101984534,2,2sm,7.599271216399304,4.999999999999999,3.92947037309893,True,0.9822842105816764,5.183729321049622,9.0,2001.5252110335382,2001.6005019301842,2001.6005019301842,2001.6005019301842,2001.6005019301842,2001.6005019301842,2008.4956407030352,2008.4358886047817,2008.5703308258517,-6.895138772850942,6.895138772850942,False,False,0.0,0.13444222107000314,50.4
sim0012_ME,108,29.861111101984534,2,2sm,7.599271216399304,4.999999999999999,3.92947037309893,True,0.9822842105816764,5.183729321049622,10.0,2001.5252110335382,2001.6005019301842,2001.6005019301842,2001.6005019301842,2001.6005019301842,2001.6005019301842,2008.4956407030352,2008.4358886047817,2008.5703308258517,-6.895138772850942,6.895138772850942,False,False,0.0,0.13444222107000314,50.4
sim0012_ME,108,29.861111101984534,2,2sm,7.599271216399304,4.999999999999999,3.92947037309893,True,0.9822842105816764,5.183729321049622,10.555555564682209,2001.5252110335382,2001.6005019301842,2001.6005019301842,2001.6005019301842,2001.6005019301842,2001.6005019301842,2008.4956407030352,2008.4358886047817,2008.5703308258517,-6.895138772850942,6.895138772850942,False,False,0.0,0.13444222107000314,50.4
sim0012_ME,108,29.861111101984534,3,2sm,7.71506891427263,4.999999999999999,3.8704918172205094,True,0.9975061061223762,4.407956801910692,1.0,2006.2474332648871,2007.2467488021903,2007.2467488021903,2007.2467488021903,2006.3227241615332,2007.2467488021903,2007.2408466397196,2007.2408466397196,2007.2408466397196,0.005902162470647454,0.005902162470647454,False,True,0.0,0.0,50.4
sim0012_ME,108,29.861111101984534,3,2sm,7.71506891427263,4.999999999999999,3.8704918172205094,True,0.9975061061223762,4.407956801910692,2.0,2006.2474332648871,2008.2323750855578,2008.2323750855578,2008.2323750855578,2006.3227241615332,2008.2323750855578,2008.2416942854584,2008.2416942854584,2008.2416942854584,-0.009319199900573949,0.009319199900573949,False,False,0.0,0.0,50.4
sim0012_ME,108,29.861111101984534,3,2sm,7.71506891427263,4.999999999999999,3.8704918172205094,True,0.9975061061223762,4.407956801910692,3.0,2006.2474332648871,2008.7799452429842,2008.670431211499,2008.9168377823407,2006.3227241615332,2009.2453798767967,2008.7346490960476,2008.7346490960476,2008.7495871206106,0.04529614693660733,0.04529614693660733,True,True,0.2464065708418275,0.01493802456297999,50.4
sim0012_ME,108,29.861111101984534,3,2sm,7.71506891427263,4.999999999999999,3.8704918172205094,True,0.9975061061223762,4.407956801910692,4.0,2006.2474332648871,2008.7799452429842,2008.670431211499,2008.9168377823407,2006.3227241615332,2009.2597535934292,2008.7346490960476,2008.7346490960476,2008.7495871206106,0.04529614693660733,0.04529614693660733,True,True,0.2464065708418275,0.01493802456297999,50.4
sim0012_ME,108,29.861111101984534,3,2sm,7.71506891427263,4.999999999999999,3.8704918172205094,True,0.9975061061223762,4.407956801910692,5.0,2006.2474332648871,2008.7799452429842,2008.670431211499,2008.9168377823407,2006.3227241615332,2009.2597535934292,2008.7346490960476,2008.7346490960476,2008.7495871206106,0.04529614693660733,0.04529614693660733,True,True,0.2464065708418275,0.01493802456297999,50.4
sim0012_ME,108,29.861111101984534,3,2sm,7.71506891427263,4.999999999999999,3.8704918172205094,True,0.9975061061223762,4.407956801910692,5.8333333333332575,2006.2474332648871,2008.7799452429842,2008.670431211499,2008.9168377823407,2006.3227241615332,2009.2597535934292,2008.7346490960476,2008.7346490960476,2008.7495871206106,0.04529614693660733,0.04529614693660733,True,True,0.2464065708418275,0.01493802456297999,50.4
sim0013_MM,108,29.861111101984534,0,2sm,5.264826049219743,4.999999999999999,5.671813431786603,True,0.9162286765618408,1.3435203504376374,1.0,1992.4974332648871,1993.4967488021903,1993.3940793976728,1993.4967488021903,1992.6548596851471,1993.4967488021903,1993.482926016945,1993.4679879923806,1993.482926016945,0.01382278524533831,0.01382278524533831,True,True,0.10266940451742812,0.014938024564344232,50.4
sim0013_MM,108,29.861111101984534,0,2sm,5.264826049219743,4.999999999999999,5.671813431786603,True,0.9162286765618408,1.3435203504376374,2.0,1992.4974332648871,1993.5515058179328,1993.3940793976728,1993.6610198494182,1992.6548596851471,1993.6883983572895,1994.4837736626837,1994.4837736626837,1994.4837736626837,-0.9322678447508679,0.9322678447508679,False,False,0.2669404517453131,0.0,50.4
sim0013_MM,108,29.861111101984534,0,2sm,5.264826049219743,4.999999999999999,5.671813431786603,True,0.9162286765618408,1.3435203504376374,3.0,1992.4974332648871,1993.5515058179328,1993.3940793976728,1993.6610198494182,1992.6548596851471,1993.6883983572895,1995.4099311856062,1995.4099311856062,1995.4248692101705,-1.8584253676733624,1.8584253676733624,False,False,0.2669404517453131,0.014938024564344232,50.4
sim0013_MM,108,29.861111101984534,0,2sm,5.264826049219743,4.999999999999999,5.671813431786603,True,0.9162286765618408,1.3435203504376374,4.0,1992.4974332648871,1993.5515058179328,1993.3940793976728,1993.6610198494182,1992.6548596851471,1993.6883983572895,1995.4099311856062,1995.4099311856062,1995.4248692101705,-1.8584253676733624,1.8584253676733624,False,False,0.2669404517453131,0.014938024564344232,50.4
sim0013_MM,108,29.861111101984534,0,2sm,5.264826049219743,4.999999999999999,5.671813431786603,True,0.9162286765618408,1.3435203504376374,5.0,1992.4974332648871,1993.5515058179328,1993.3940793976728,1993.6610198494182,1992.6548596851471,1993.6883983572895,1995.4099311856062,1995.4099311856062,1995.4248692101705,-1.8584253676733624,1.8584253676733624,False,False,0.2669404517453131,0.014938024564344232,50.4
sim0013_MM,108,29.861111101984534,0,2sm,5.264826049219743,4.999999999999999,5.671813431786603,True,0.9162286765618408,1.3435203504376374,6.0,1992.4974332648871,1993.5515058179328,1993.3940793976728,1993.6610198494182,1992.6548596851471,1993.6883983572895,1995.4099311856062,1995.4099311856062,1995.4248692101705,-1.8584253676733624,1.8584253676733624,False,False,0.2669404517453131,0.014938024564344232,50.4
sim0013_MM,108,29.861111101984534,0,2sm,5.264826049219743,4.999999999999999,5.671813431786603,True,0.9162286765618408,1.3435203504376374,7.0,1992.4974332648871,1993.5515058179328,1993.3940793976728,1993.6610198494182,1992.6548596851471,1993.6883983572895,1995.4099311856062,1995.4099311856062,1995.4248692101705,-1.8584253676733624,1.8584253676733624,False,False,0.2669404517453131,0.014938024564344232,50.4
sim0013_MM,108,29.861111101984534,0,2sm,5.264826049219743,4.999999999999999,5.671813431786603,True,0.9162286765618408,1.3435203504376374,8.0,1992.4974332648871,1993.5515058179328,1993.3940793976728,1993.6610198494182,1992.6548596851471,1993.6883983572895,1995.4099311856062,1995.4099311856062,1995.4248692101705,-1.8584253676733624,1.8584253676733624,False,False,0.2669404517453131,0.014938024564344232,50.4
sim0013_MM,108,29.861111101984534,0,2sm,5.264826049219743,4.999999999999999,5.671813431786603,True,0.9162286765618408,1.3435203504376374,9.0,1992.4974332648871,1993.5515058179328,1993.3940793976728,1993.6610198494182,1992.6548596851471,1993.6883983572895,1995.4099311856062,1995.4099311856062,1995.4248692101705,-1.8584253676733624,1.8584253676733624,False,False,0.2669404517453131,0.014938024564344232,50.4
sim0013_MM,108,29.861111101984534,0,2sm,5.264826049219743,4.999999999999999,5.671813431786603,True,0.9162286765618408,1.3435203504376374,10.0,1992.4974332648871,1993.5515058179328,1993.3940793976728,1993.6610198494182,1992.6548596851471,1993.6883983572895,1995.4099311856062,1995.4099311856062,2002.4905548285983,-1.8584253676733624,1.8584253676733624,False,False,0.2669404517453131,7.080623642992123,50.4
sim0013_MM,108,29.861111101984534,0,2sm,5.264826049219743,4.999999999999999,5.671813431786603,True,0.9162286765618408,1.3435203504376374,11.0,1992.4974332648871,1993.5515058179328,1993.3940793976728,1993.6610198494182,1992.6548596851471,1993.6883983572895,2002.4905548285983,1995.4099311856062,2002.5054928531613,-8.939049010665485,8.939049010665485,False,False,0.2669404517453131,7.095561667555103,50.4
sim0013_MM,108,29.861111101984534,0,2sm,5.264826049219743,4.999999999999999,5.671813431786603,True,0.9162286765618408,1.3435203504376374,12.0,1992.4974332648871,1993.5515058179328,1993.3940793976728,1993.6610198494182,1992.6548596851471,1993.6883983572895,2002.4905548285983,1995.4099311856062,2002.5054928531613,-8.939049010665485,8.939049010665485,False,False,0.2669404517453131,7.095561667555103,50.4
sim0013_MM,108,29.861111101984534,0,2sm,5.264826049219743,4.999999999999999,5.671813431786603,True,0.9162286765618408,1.3435203504376374,13.0,1992.4974332648871,1993.5515058179328,1993.3940793976728,1993.6610198494182,1992.6548596851471,1993.6883983572895,2002.4905548285983,1995.4099311856062,2002.5054928531613,-8.939049010665485,8.939049010665485,False,False,0.2669404517453131,7.095561667555103,50.4
sim0013_MM,108,29.861111101984534,0,2sm,5.264826049219743,4.999999999999999,5.671813431786603,True,0.9162286765618408,1.3435203504376374,14.0,1992.4974332648871,1993.5515058179328,1993.3940793976728,1993.6610198494182,1992.6548596851471,1993.6883983572895,2002.4905548285983,1995.4099311856062,2002.5054928531613,-8.939049010665485,8.939049010665485,False,False,0.2669404517453131,7.095561667555103,50.4
sim0013_MM,108,29.861111101984534,0,2sm,5.264826049219743,4.999999999999999,5.671813431786603,True,0.9162286765618408,1.3435203504376374,15.0,1992.4974332648871,1993.5515058179328,1993.3940793976728,1993.6610198494182,1992.6548596851471,1993.6883983572895,2002.4905548285983,1995.4099311856062,2002.5054928531613,-8.939049010665485,8.939049010665485,False,False,0.2669404517453131,7.095561667555103,50.4
sim0013_MM,108,29.861111101984534,0,2sm,5.264826049219743,4.999999999999999,5.671813431786603,True,0.9162286765618408,1.3435203504376374,16.0,1992.4974332648871,1993.5515058179328,1993.3940793976728,1993.6610198494182,1992.6548596851471,1993.6883983572895,2002.4905548285983,1995.4099311856062,2002.5054928531613,-8.939049010665485,8.939049010665485,False,False,0.2669404517453131,7.095561667555103,50.4
sim0013_MM,108,29.861111101984534,0,2sm,5.264826049219743,4.999999999999999,5.671813431786603,True,0.9162286765618408,1.3435203504376374,17.0,1992.4974332648871,1993.5515058179328,1993.3940793976728,1993.6610198494182,1992.6548596851471,1993.6883983572895,2002.4905548285983,1995.4099311856062,2002.5054928531613,-8.939049010665485,8.939049010665485,False,False,0.2669404517453131,7.095561667555103,50.4
sim0013_MM,108,29.861111101984534,0,2sm,5.264826049219743,4.999999999999999,5.671813431786603,True,0.9162286765618408,1.3435203504376374,18.0,1992.4974332648871,1993.5515058179328,1993.3940793976728,1993.6610198494182,1992.6548596851471,1993.6883983572895,2002.5054928531613,1995.4099311856062,2009.5861164961534,-8.953987035228465,8.953987035228465,False,False,0.2669404517453131,14.176185310547226,50.4
sim0013_MM,108,29.861111101984534,0,2sm,5.264826049219743,4.999999999999999,5.671813431786603,True,0.9162286765618408,1.3435203504376374,19.0,1992.4974332648871,1993.5515058179328,1993.3940793976728,1993.6610198494182,1992.6548596851471,1993.6883983572895,2002.5054928531613,1995.4099311856062,2009.5861164961534,-8.953987035228465,8.953987035228465,False,False,0.2669404517453131,14.176185310547226,50.4
sim0013_MM,108,29.861111101984534,0,2sm,5.264826049219743,4.999999999999999,5.671813431786603,True,0.9162286765618408,1.3435203504376374,19.583333333333258,1992.4974332648871,1993.5515058179328,1993.3940793976728,1993.6610198494182,1992.6548596851471,1993.6883983572895,2002.5054928531613,1995.4099311856062,2009.5861164961534,-8.953987035228465,8.953987035228465,False,False,0.2669404517453131,14.176185310547226,50.4
sim0013_MM,108,29.861111101984534,1,2sm,5.236778983248826,4.999999999999999,5.70219044903421,True,0.9863554757199288,1.2787610889945733,1.0,1997.0807665982204,1998.0800821355235,1998.0800821355235,1998.0800821355235,1998.0800821355235,1998.0800821355235,1997.411626477085,1997.366812403396,1997.4564405507754,0.6684556584384609,0.6684556584384609,False,False,0.0,0.08962814737947156,50.4
sim0013_MM,108,29.861111101984534,1,2sm,5.236778983248826,4.999999999999999,5.70219044903421,True,0.9863554757199288,1.2787610889945733,2.0,1997.0807665982204,1998.8193018480492,1998.709787816564,1998.9014373716632,1998.6002737850786,1998.9288158795346,1997.411626477085,1997.366812403396,1997.4564405507754,1.4076753709641707,1.4076753709641707,False,False,0.19164955509927495,0.08962814737947156,50.4
sim0013_MM,108,29.861111101984534,1,2sm,5.236778983248826,4.999999999999999,5.70219044903421,True,0.9863554757199288,1.2787610889945733,3.0,1997.0807665982204,1998.8193018480492,1998.709787816564,1998.9014373716632,1998.6002737850786,1998.9288158795346,1997.411626477085,1997.366812403396,1997.4564405507754,1.4076753709641707,1.4076753709641707,False,False,0.19164955509927495,0.08962814737947156,50.4
sim0013_MM,108,29.861111101984534,1,2sm,5.236778983248826,4.999999999999999,5.70219044903421,True,0.9863554757199288,1.2787610889945733,4.0,1997.0807665982204,1998.8193018480492,1998.709787816564,1998.9014373716632,1998.6002737850786,1998.9288158795346,1997.411626477085,1997.366812403396,1997.4564405507754,1.4076753709641707,1.4076753709641707,False,False,0.19164955509927495,0.08962814737947156,50.4
sim0013_MM,108,29.861111101984534,1,2sm,5.236778983248826,4.999999999999999,5.70219044903421,True,0.9863554757199288,1.2787610889945733,5.0,1997.0807665982204,1998.8193018480492,1998.709787816564,1998.9014373716632,1998.6002737850786,1998.9288158795346,1997.411626477085,1997.366812403396,1997.4564405507754,1.4076753709641707,1.4076753709641707,False,False,0.19164955509927495,0.08962814737947156,50.4
sim0013_MM,108,29.861111101984534,1,2sm,5.236778983248826,4.999999999999999,5.70219044903421,True,0.9863554757199288,1.2787610889945733,6.0,1997.0807665982204,1998.8193018480492,1998.709787816564,1998.9014373716632,1998.6002737850786,1998.9288158795346,1997.411626477085,1997.366812403396,1997.4564405507754,1.4076753709641707,1.4076753709641707,False,False,0.19164955509927495,0.08962814737947156,50.4
sim0013_MM,108,29.861111101984534,1,2sm,5.236778983248826,4.999999999999999,5.70219044903421,True,0.9863554757199288,1.2787610889945733,7.0,1997.0807665982204,1998.8193018480492,1998.709787816564,1998.9014373716632,1998.6002737850786,1998.9288158795346,1997.411626477085,1997.366812403396,1997.4564405507754,1.4076753709641707,1.4076753709641707,False,False,0.19164955509927495,0.08962814737947156,50.4
sim0013_MM,108,29.861111101984534,1,2sm,5.236778983248826,4.999999999999999,5.70219044903421,True,0.9863554757199288,1.2787610889945733,8.0,1997.0807665982204,1998.8193018480492,1998.709787816564,1998.9014373716632,1998.6002737850786,1998.9288158795346,1997.5012546244645,1997.381750427959,2004.5221261692034,1.3180472235846992,1.3180472235846992,False,False,0.19164955509927495,7.14037574124427,50.4
sim0013_MM,108,29.861111101984534,1,2sm,5.236778983248826,4.999999999999999,5.70219044903421,True,0.9863554757199288,1.2787610889945733,9.0,1997.0807665982204,1998.8193018480492,1998.709787816564,1998.9014373716632,1998.6002737850786,1998.9288158795346,1997.5012546244645,1997.381750427959,2004.5221261692034,1.3180472235846992,1.3180472235846992,False,False,0.19164955509927495,7.14037574124427,50.4
sim0013_MM,108,29.861111101984534,1,2sm,5.236778983248826,4.999999999999999,5.70219044903421,True,0.9863554757199288,1.2787610889945733,10.0,1997.0807665982204,1998.8193018480492,1998.709787816564,1998.9014373716632,1998.6002737850786,1998.9288158795346,1997.5012546244645,1997.381750427959,2004.5221261692034,1.3180472235846992,1.3180472235846992,False,False,0.19164955509927495,7.14037574124427,50.4
sim0013_MM,108,29.861111101984534,1,2sm,5.236778983248826,4.999999999999999,5.70219044903421,True,0.9863554757199288,1.2787610889945733,11.0,1997.0807665982204,1998.8193018480492,1998.709787816564,1998.9014373716632,1998.6002737850786,1998.9288158795346,1997.5012546244645,1997.381750427959,2004.5221261692034,1.3180472235846992,1.3180472235846992,False,False,0.19164955509927495,7.14037574124427,50.4
sim0013_MM,108,29.861111101984534,1,2sm,5.236778983248826,4.999999999999999,5.70219044903421,True,0.9863554757199288,1.2787610889945733,12.0,1997.0807665982204,1998.8193018480492,1998.709787816564,1998.9014373716632,1998.6002737850786,1998.9288158795346,1997.5012546244645,1997.381750427959,2004.5221261692034,1.3180472235846992,1.3180472235846992,False,False,0.19164955509927495,7.14037574124427,50.4
sim0013_MM,108,29.861111101984534,1,2sm,5.236778983248826,4.999999999999999,5.70219044903421,True,0.9863554757199288,1.2787610889945733,13.0,1997.0807665982204,1998.8193018480492,1998.709787816564,1998.9014373716632,1998.6002737850786,1998.9288158795346,1997.5012546244645,1997.381750427959,2004.5221261692034,1.3180472235846992,1.3180472235846992,False,False,0.19164955509927495,7.14037574124427,50.4
sim0013_MM,108,29.861111101984534,1,2sm,5.236778983248826,4.999999999999999,5.70219044903421,True,0.9863554757199288,1.2787610889945733,14.0,1997.0807665982204,1998.8193018480492,1998.709787816564,1998.9014373716632,1998.6002737850786,1998.9288158795346,1997.5012546244645,1997.381750427959,2004.5221261692034,1.3180472235846992,1.3180472235846992,False,False,0.19164955509927495,7.14037574124427,50.4
sim0013_MM,108,29.861111101984534,1,2sm,5.236778983248826,4.999999999999999,5.70219044903421,True,0.9863554757199288,1.2787610889945733,15.0,1997.0807665982204,1998.8193018480492,1998.709787816564,1998.9014373716632,1998.6002737850786,1998.9288158795346,2004.5071881446402,1997.381750427959,2011.6027498121955,-5.687886296590932,5.687886296590932,False,False,0.19164955509927495,14.220999384236393,50.4
sim0013_MM,108,29.861111101984534,1,2sm,5.236778983248826,4.999999999999999,5.70219044903421,True,0.9863554757199288,1.2787610889945733,15.0,1997.0807665982204,1998.8193018480492,1998.709787816564,1998.9014373716632,1998.6002737850786,1998.9288158795346,2004.5071881446402,1997.381750427959,2011.6027498121955,-5.687886296590932,5.687886296590932,False,False,0.19164955509927495,14.220999384236393,50.4
sim0013_MM,108,29.861111101984534,2,2sm,5.250459529328008,4.999999999999999,5.687332877281767,True,0.9945088233391639,1.0914239676225634,1.0,2001.5252110335382,2002.5245265708413,2002.5245265708413,2002.5245265708413,2002.5245265708413,2002.5245265708413,2002.5204308777256,2002.5204308777256,2002.5204308777256,0.004095693115687027,0.004095693115687027,False,False,0.0,0.0,50.4
sim0013_MM,108,29.861111101984534,2,2sm,5.250459529328008,4.999999999999999,5.687332877281767,True,0.9945088233391639,1.0914239676225634,2.0,2001.5252110335382,2003.5101528542089,2003.5101528542089,2003.5101528542089,2003.5101528542089,2003.5101528542089,2003.5212785234644,2003.5212785234644,2003.5212785234644,-0.011125669255534376,0.011125669255534376,False,False,0.0,0.0,50.4
sim0013_MM,108,29.861111101984534,2,2sm,5.250459529328008,4.999999999999999,5.687332877281767,True,0.9945088233391639,1.0914239676225634,3.0,2001.5252110335382,2004.1672370431206,2004.1398585352492,2004.194615550992,2004.1124800273778,2004.194615550992,2004.3129938253182,2004.3129938253182,2004.3279318498812,-0.14575678219762267,0.14575678219762267,False,False,0.05475701574277991,0.01493802456297999,50.4
sim0013_MM,108,29.861111101984534,2,2sm,5.250459529328008,4.999999999999999,5.687332877281767,True,0.9945088233391639,1.0914239676225634,4.0,2001.5252110335382,2004.1672370431206,2004.1398585352492,2004.194615550992,2004.1124800273778,2004.194615550992,2004.3129938253182,2004.3129938253182,2004.3279318498812,-0.14575678219762267,0.14575678219762267,False,False,0.05475701574277991,0.01493802456297999,50.4
sim0013_MM,108,29.861111101984534,2,2sm,5.250459529328008,4.999999999999999,5.687332877281767,True,0.9945088233391639,1.0914239676225634,5.0,2001.5252110335382,2004.1672370431206,2004.1398585352492,2004.194615550992,2004.1124800273778,2004.194615550992,2004.3129938253182,2004.3129938253182,2004.3279318498812,-0.14575678219762267,0.14575678219762267,False,False,0.05475701574277991,0.01493802456297999,50.4
sim0013_MM,108,29.861111101984534,2,2sm,5.250459529328008,4.999999999999999,5.687332877281767,True,0.9945088233391639,1.0914239676225634,6.0,2001.5252110335382,2004.1672370431206,2004.1398585352492,2004.194615550992,2004.1124800273778,2004.194615550992,2004.3129938253182,2004.3129938253182,2004.3279318498812,-0.14575678219762267,0.14575678219762267,False,False,0.05475701574277991,0.01493802456297999,50.4
sim0013_MM,108,29.861111101984534,2,2sm,5.250459529328008,4.999999999999999,5.687332877281767,True,0.9945088233391639,1.0914239676225634,7.0,2001.5252110335382,2004.1672370431206,2004.1398585352492,2004.194615550992,2004.1124800273778,2004.194615550992,2004.3129938253182,2004.3129938253182,2004.3279318498812,-0.14575678219762267,0.14575678219762267,False,False,0.05475701574277991,0.01493802456297999,50.4
sim0013_MM,108,29.861111101984534,2,2sm,5.250459529328008,4.999999999999999,5.687332877281767,True,0.9945088233391639,1.0914239676225634,8.0,2001.5252110335382,2004.1672370431206,2004.1398585352492,2004.194615550992,2004.1124800273778,2004.194615550992,2004.3129938253182,2004.3129938253182,2004.3279318498812,-0.14575678219762267,0.14575678219762267,False,False,0.05475701574277991,0.01493802456297999,50.4
sim0013_MM,108,29.861111101984534,2,2sm,5.250459529328008,4.999999999999999,5.687332877281767,True,0.9945088233391639,1.0914239676225634,9.0,2001.5252110335382,2004.1672370431206,2004.1398585352492,2004.194615550992,2004.1124800273778,2004.194615550992,2004.3129938253182,2004.3129938253182,2009.7056206926604,-0.14575678219762267,0.14575678219762267,False,False,0.05475701574277991,5.392626867342187,50.4
sim0013_MM,108,29.861111101984534,2,2sm,5.250459529328008,4.999999999999999,5.687332877281767,True,0.9945088233391639,1.0914239676225634,10.0,2001.5252110335382,2004.1672370431206,2004.1398585352492,2004.194615550992,2004.1124800273778,2004.194615550992,2004.3129938253182,2004.3129938253182,2009.7056206926604,-0.14575678219762267,0.14575678219762267,False,False,0.05475701574277991,5.392626867342187,50.4
sim0013_MM,108,29.861111101984534,2,2sm,5.250459529328008,4.999999999999999,5.687332877281767,True,0.9945088233391639,1.0914239676225634,10.555555564682209,2001.5252110335382,2004.1672370431206,2004.1398585352492,2004.194615550992,2004.1124800273778,2004.194615550992,2004.3129938253182,2004.3129938253182,2009.7056206926604,-0.14575678219762267,0.14575678219762267,False,False,0.05475701574277991,5.392626867342187,50.4
sim0013_MM,108,29.861111101984534,3,2sm,5.344946963315187,4.999999999999999,5.586792779598185,True,0.9954062746510084,1.2541905146315548,1.0,2006.2474332648871,2006.3227241615332,2006.3227241615332,2006.3227241615332,2006.3227241615332,2006.3227241615332,2006.2549370185438,2006.2549370185438,2006.2549370185438,0.06778714298934574,0.06778714298934574,False,False,0.0,0.0,50.4
sim0013_MM,108,29.861111101984534,3,2sm,5.344946963315187,4.999999999999999,5.586792779598185,True,0.9954062746510084,1.2541905146315548,2.0,2006.2474332648871,2006.3227241615332,2006.3227241615332,2006.3227241615332,2006.3227241615332,2006.3227241615332,2008.2416942854584,2008.2416942854584,2008.2416942854584,-1.9189701239251917,1.9189701239251917,False,False,0.0,0.0,50.4
sim0013_MM,108,29.861111101984534,3,2sm,5.344946963315187,4.999999999999999,5.586792779598185,True,0.9954062746510084,1.2541905146315548,3.0,2006.2474332648871,2009.2453798767967,2009.2453798767967,2009.2453798767967,2009.2453798767967,2009.2453798767967,2009.2425419311985,2009.2425419311985,2009.2425419311985,0.0028379455982303625,0.0028379455982303625,False,False,0.0,0.0,50.4
sim0013_MM,108,29.861111101984534,3,2sm,5.344946963315187,4.999999999999999,5.586792779598185,True,0.9954062746510084,1.2541905146315548,4.0,2006.2474332648871,2010.039356605065,2009.9845995893222,2010.0941136208075,2009.957221081451,2010.2036276522929,2009.6010545207166,2009.5861164961534,2009.6930727520264,0.43830208434837914,0.43830208434837914,False,False,0.10951403148533245,0.10695625587300128,50.4
sim0013_MM,108,29.861111101984534,3,2sm,5.344946963315187,4.999999999999999,5.586792779598185,True,0.9954062746510084,1.2541905146315548,5.0,2006.2474332648871,2010.039356605065,2009.9845995893222,2010.0941136208075,2009.957221081451,2010.2036276522929,2009.6010545207166,2009.5861164961534,2009.6930727520264,0.43830208434837914,0.43830208434837914,False,False,0.10951403148533245,0.10695625587300128,50.4
sim0013_MM,108,29.861111101984534,3,2sm,5.344946963315187,4.999999999999999,5.586792779598185,True,0.9954062746510084,1.2541905146315548,5.8333333333332575,2006.2474332648871,2010.039356605065,2009.9845995893222,2010.0941136208075,2009.957221081451,2010.2036276522929,2009.6010545207166,2009.5861164961534,2009.6930727520264,0.43830208434837914,0.43830208434837914,False,False,0.10951403148533245,0.10695625587300128,50.4
sim0013_MM,108,29.861111101984534,4,3sml,5.328540268460063,4.999999999999999,5.6039946397204075,True,0.9963067730279016,1.1553181260984007,0.972222231348951,2011.1085443668715,2011.3481063107456,2011.3481063107456,2011.3481063107456,2011.3481063107456,2011.3481063107456,2011.1097950016076,2011.1097950016076,2011.1097950016076,0.23831130913799825,0.23831130913799825,False,False,0.0,0.0,50.4
sim0014_ME,108,29.861111101984534,0,2sm,3.097878165639972,1.0,9.63921416703478,True,0.9990349304767734,1.1078959804504669,1.0,1992.4974332648871,1992.5727241615332,1992.5727241615332,1992.5727241615332,1992.5727241615332,1992.5727241615332,1992.6613346659638,1992.6463966414008,1992.676272690528,-0.08861050443056229,0.08861050443056229,False,False,0.0,0.029876049127324222,50.4
sim0014_ME,108,29.861111101984534,0,2sm,3.097878165639972,1.0,9.63921416703478,True,0.9990349304767734,1.1078959804504669,2.0,1992.4974332648871,1992.5727241615332,1992.5727241615332,1992.5727241615332,1992.5727241615332,1992.5727241615332,1994.4837736626837,1994.4837736626837,1994.4837736626837,-1.9110495011505009,1.9110495011505009,False,False,0.0,0.0,50.4
sim0014_ME,108,29.861111101984534,0,2sm,3.097878165639972,1.0,9.63921416703478,True,0.9990349304767734,1.1078959804504669,3.0,1992.4974332648871,1992.5727241615332,1992.5727241615332,1992.5727241615332,1992.5727241615332,1992.5727241615332,1994.7675961293853,1994.7675961293853,1994.7675961293853,-2.194871967852123,2.194871967852123,False,False,0.0,0.0,50.4
sim0014_ME,108,29.861111101984534,0,2sm,3.097878165639972,1.0,9.63921416703478,True,0.9990349304767734,1.1078959804504669,4.0,1992.4974332648871,1992.5727241615332,1992.5727241615332,1992.5727241615332,1992.5727241615332,1992.5727241615332,1994.7675961293853,1994.7675961293853,1994.7675961293853,-2.194871967852123,2.194871967852123,False,False,0.0,0.0,50.4
sim0014_ME,108,29.861111101984534,0,2sm,3.097878165639972,1.0,9.63921416703478,True,0.9990349304767734,1.1078959804504669,5.0,1992.4974332648871,1992.5727241615332,1992.5727241615332,1992.5727241615332,1992.5727241615332,1992.5727241615332,1994.7675961293853,1994.7675961293853,1994.7675961293853,-2.194871967852123,2.194871967852123,False,False,0.0,0.0,50.4
sim0014_ME,108,29.861111101984534,0,2sm,3.097878165639972,1.0,9.63921416703478,True,0.9990349304767734,1.1078959804504669,6.0,1992.4974332648871,1992.5727241615332,1992.5727241615332,1992.5727241615332,1992.5727241615332,1992.5727241615332,1994.7675961293853,1994.7675961293853,1994.7675961293853,-2.194871967852123,2.194871967852123,False,False,0.0,0.0,50.4
sim0014_ME,108,29.861111101984534,0,2sm,3.097878165639972,1.0,9.63921416703478,True,0.9990349304767734,1.1078959804504669,7.0,1992.4974332648871,1992.5727241615332,1992.5727241615332,1992.5727241615332,1992.5727241615332,1992.5727241615332,1994.7675961293853,1994.7675961293853,1994.7675961293853,-2.194871967852123,2.194871967852123,False,False,0.0,0.0,50.4
sim0014_ME,108,29.861111101984534,0,2sm,3.097878165639972,1.0,9.63921416703478,True,0.9990349304767734,1.1078959804504669,8.0,1992.4974332648871,1992.5727241615332,1992.5727241615332,1992.5727241615332,1992.5727241615332,1992.5727241615332,1994.7675961293853,1994.7675961293853,1994.7675961293853,-2.194871967852123,2.194871967852123,False,False,0.0,0.0,50.4
sim0014_ME,108,29.861111101984534,0,2sm,3.097878165639972,1.0,9.63921416703478,True,0.9990349304767734,1.1078959804504669,9.0,1992.4974332648871,1992.5727241615332,1992.5727241615332,1992.5727241615332,1992.5727241615332,1992.5727241615332,1994.7675961293853,1994.7675961293853,2000.7577439792592,-2.194871967852123,2.194871967852123,False,False,0.0,5.9901478498738925,50.4
sim0014_ME,108,29.861111101984534,0,2sm,3.097878165639972,1.0,9.63921416703478,True,0.9990349304767734,1.1078959804504669,10.0,1992.4974332648871,1992.5727241615332,1992.5727241615332,1992.5727241615332,1992.5727241615332,1992.5727241615332,1994.7675961293853,1994.7675961293853,2000.7577439792592,-2.194871967852123,2.194871967852123,False,False,0.0,5.9901478498738925,50.4
sim0014_ME,108,29.861111101984534,0,2sm,3.097878165639972,1.0,9.63921416703478,True,0.9990349304767734,1.1078959804504669,11.0,1992.4974332648871,1992.5727241615332,1992.5727241615332,1992.5727241615332,1992.5727241615332,1992.5727241615332,1994.7675961293853,1994.7675961293853,2000.7577439792592,-2.194871967852123,2.194871967852123,False,False,0.0,5.9901478498738925,50.4
sim0014_ME,108,29.861111101984534,0,2sm,3.097878165639972,1.0,9.63921416703478,True,0.9990349304767734,1.1078959804504669,12.0,1992.4974332648871,1992.5727241615332,1992.5727241615332,1992.5727241615332,1992.5727241615332,1992.5727241615332,1994.7675961293853,1994.7675961293853,2000.7577439792592,-2.194871967852123,2.194871967852123,False,False,0.0,5.9901478498738925,50.4
sim0014_ME,108,29.861111101984534,0,2sm,3.097878165639972,1.0,9.63921416703478,True,0.9990349304767734,1.1078959804504669,13.0,1992.4974332648871,1992.5727241615332,1992.5727241615332,1992.5727241615332,1992.5727241615332,1992.5727241615332,1994.7675961293853,1994.7675961293853,2000.7577439792592,-2.194871967852123,2.194871967852123,False,False,0.0,5.9901478498738925,50.4
sim0014_ME,108,29.861111101984534,0,2sm,3.097878165639972,1.0,9.63921416703478,True,0.9990349304767734,1.1078959804504669,14.0,1992.4974332648871,1992.5727241615332,1992.5727241615332,1992.5727241615332,1992.5727241615332,1992.5727241615332,1994.7675961293853,1994.7675961293853,2000.7577439792592,-2.194871967852123,2.194871967852123,False,False,0.0,5.9901478498738925,50.4
sim0014_ME,108,29.861111101984534,0,2sm,3.097878165639972,1.0,9.63921416703478,True,0.9990349304767734,1.1078959804504669,15.0,1992.4974332648871,1992.5727241615332,1992.5727241615332,1992.5727241615332,1992.5727241615332,1992.5727241615332,2000.7577439792592,1994.7675961293853,2000.7577439792592,-8.185019817726015,8.185019817726015,False,False,0.0,5.9901478498738925,50.4
sim0014_ME,108,29.861111101984534,0,2sm,3.097878165639972,1.0,9.63921416703478,True,0.9990349304767734,1.1078959804504669,16.0,1992.4974332648871,1992.5727241615332,1992.5727241615332,1992.5727241615332,1992.5727241615332,1992.5727241615332,2000.7577439792592,1994.7675961293853,2000.7577439792592,-8.185019817726015,8.185019817726015,False,False,0.0,5.9901478498738925,50.4
sim0014_ME,108,29.861111101984534,0,2sm,3.097878165639972,1.0,9.63921416703478,True,0.9990349304767734,1.1078959804504669,17.0,1992.4974332648871,1992.5727241615332,1992.5727241615332,1992.5727241615332,1992.5727241615332,1992.5727241615332,2000.7577439792592,1994.7675961293853,2000.7577439792592,-8.185019817726015,8.185019817726015,False,False,0.0,5.9901478498738925,50.4
sim0014_ME,108,29.861111101984534,0,2sm,3.097878165639972,1.0,9.63921416703478,True,0.9990349304767734,1.1078959804504669,18.0,1992.4974332648871,1992.5727241615332,1992.5727241615332,1992.5727241615332,1992.5727241615332,1992.5727241615332,2000.7577439792592,1994.7675961293853,2000.7577439792592,-8.185019817726015,8.185019817726015,False,False,0.0,5.9901478498738925,50.4
sim0014_ME,108,29.861111101984534,0,2sm,3.097878165639972,1.0,9.63921416703478,True,0.9990349304767734,1.1078959804504669,19.0,1992.4974332648871,1992.5727241615332,1992.5727241615332,1992.5727241615332,1992.5727241615332,1992.5727241615332,2000.7577439792592,1994.7675961293853,2000.7577439792592,-8.185019817726015,8.185019817726015,False,False,0.0,5.9901478498738925,50.4
sim0014_ME,108,29.861111101984534,0,2sm,3.097878165639972,1.0,9.63921416703478,True,0.9990349304767734,1.1078959804504669,19.583333333333258,1992.4974332648871,1992.5727241615332,1992.5727241615332,1992.5727241615332,1992.5727241615332,1992.5727241615332,2000.7577439792592,1994.7675961293853,2000.7577439792592,-8.185019817726015,8.185019817726015,False,False,0.0,5.9901478498738925,50.4
sim0014_ME,108,29.861111101984534,1,3sml,3.097878165639972,1.0,9.63921416703478,True,0.9970233074023774,1.2010727638742706,1.0,1997.0807665982204,1998.0800821355235,1998.0800821355235,1998.0800821355235,1998.0800821355235,1998.0800821355235,1997.0829899366931,1997.0829899366931,1997.0829899366931,0.9970921988303871,0.9970921988303871,False,False,0.0,0.0,50.4
sim0014_ME,108,29.861111101984534,1,3sml,3.097878165639972,1.0,9.63921416703478,True,0.9970233074023774,1.2010727638742706,2.0,1997.0807665982204,1998.709787816564,1998.62765229295,1998.7919233401778,1998.6002737850786,1998.8466803559206,1997.0829899366931,1997.0829899366931,1997.0829899366931,1.6267978798707645,1.6267978798707645,False,False,0.164271047227885,0.0,50.4
sim0014_ME,108,29.861111101984534,1,3sml,3.097878165639972,1.0,9.63921416703478,True,0.9970233074023774,1.2010727638742706,3.0,1997.0807665982204,1998.709787816564,1998.62765229295,1998.7919233401778,1998.6002737850786,1998.8466803559206,2000.0705948493478,2000.0705948493478,2000.0705948493478,-1.360807032783896,1.360807032783896,False,False,0.164271047227885,0.0,50.4
sim0014_ME,108,29.861111101984534,1,3sml,3.097878165639972,1.0,9.63921416703478,True,0.9970233074023774,1.2010727638742706,4.0,1997.0807665982204,1998.709787816564,1998.62765229295,1998.7919233401778,1998.6002737850786,1998.8466803559206,2000.7876200283852,2000.7726820038222,2000.7876200283852,-2.07783221182126,2.07783221182126,False,False,0.164271047227885,0.01493802456297999,50.4
sim0014_ME,108,29.861111101984534,1,3sml,3.097878165639972,1.0,9.63921416703478,True,0.9970233074023774,1.2010727638742706,5.0,1997.0807665982204,1998.709787816564,1998.62765229295,1998.7919233401778,1998.6002737850786,1998.8466803559206,2000.7876200283852,2000.7726820038222,2000.7876200283852,-2.07783221182126,2.07783221182126,False,False,0.164271047227885,0.01493802456297999,50.4
sim0014_ME,108,29.861111101984534,1,3sml,3.097878165639972,1.0,9.63921416703478,True,0.9970233074023774,1.2010727638742706,6.0,1997.0807665982204,1998.709787816564,1998.62765229295,1998.7919233401778,1998.6002737850786,1998.8466803559206,2000.7876200283852,2000.7726820038222,2000.7876200283852,-2.07783221182126,2.07783221182126,False,False,0.164271047227885,0.01493802456297999,50.4
sim0014_ME,108,29.861111101984534,1,3sml,3.097878165639972,1.0,9.63921416703478,True,0.9970233074023774,1.2010727638742706,7.0,1997.0807665982204,1998.709787816564,1998.62765229295,1998.7919233401778,1998.6002737850786,1998.8466803559206,2000.7876200283852,2000.7726820038222,2000.7876200283852,-2.07783221182126,2.07783221182126,False,False,0.164271047227885,0.01493802456297999,50.4
sim0014_ME,108,29.861111101984534,1,3sml,3.097878165639972,1.0,9.63921416703478,True,0.9970233074023774,1.2010727638742706,8.0,1997.0807665982204,1998.709787816564,1998.62765229295,1998.7919233401778,1998.6002737850786,1998.8466803559206,2000.7876200283852,2000.7726820038222,2000.7876200283852,-2.07783221182126,2.07783221182126,False,False,0.164271047227885,0.01493802456297999,50.4
sim0014_ME,108,29.861111101984534,1,3sml,3.097878165639972,1.0,9.63921416703478,True,0.9970233074023774,1.2010727638742706,9.0,1997.0807665982204,1998.709787816564,1998.62765229295,1998.7919233401778,1998.6002737850786,1998.8466803559206,2000.7876200283852,2000.7726820038222,2000.7876200283852,-2.07783221182126,2.07783221182126,False,False,0.164271047227885,0.01493802456297999,50.4
sim0014_ME,108,29.861111101984534,1,3sml,3.097878165639972,1.0,9.63921416703478,True,0.9970233074023774,1.2010727638742706,10.0,1997.0807665982204,1998.709787816564,1998.62765229295,1998.7919233401778,1998.6002737850786,1998.8466803559206,2006.7777678782577,2000.7876200283852,2006.7777678782577,-8.067980061693788,8.067980061693788,False,False,0.164271047227885,5.990147849872528,50.4
sim0014_ME,108,29.861111101984534,1,3sml,3.097878165639972,1.0,9.63921416703478,True,0.9970233074023774,1.2010727638742706,11.0,1997.0807665982204,1998.709787816564,1998.62765229295,1998.7919233401778,1998.6002737850786,1998.8466803559206,2006.7777678782577,2000.7876200283852,2006.7777678782577,-8.067980061693788,8.067980061693788,False,False,0.164271047227885,5.990147849872528,50.4
sim0014_ME,108,29.861111101984534,1,3sml,3.097878165639972,1.0,9.63921416703478,True,0.9970233074023774,1.2010727638742706,12.0,1997.0807665982204,1998.709787816564,1998.62765229295,1998.7919233401778,1998.6002737850786,1998.8466803559206,2006.7777678782577,2000.7876200283852,2006.7777678782577,-8.067980061693788,8.067980061693788,False,False,0.164271047227885,5.990147849872528,50.4
sim0014_ME,108,29.861111101984534,1,3sml,3.097878165639972,1.0,9.63921416703478,True,0.9970233074023774,1.2010727638742706,13.0,1997.0807665982204,1998.709787816564,1998.62765229295,1998.7919233401778,1998.6002737850786,1998.8466803559206,2006.7777678782577,2000.7876200283852,2006.7777678782577,-8.067980061693788,8.067980061693788,False,False,0.164271047227885,5.990147849872528,50.4
sim0014_ME,108,29.861111101984534,1,3sml,3.097878165639972,1.0,9.63921416703478,True,0.9970233074023774,1.2010727638742706,14.0,1997.0807665982204,1998.709787816564,1998.62765229295,1998.7919233401778,1998.6002737850786,1998.8466803559206,2006.7777678782577,2000.7876200283852,2006.7777678782577,-8.067980061693788,8.067980061693788,False,False,0.164271047227885,5.990147849872528,50.4
sim0014_ME,108,29.861111101984534,1,3sml,3.097878165639972,1.0,9.63921416703478,True,0.9970233074023774,1.2010727638742706,15.0,1997.0807665982204,1998.709787816564,1998.62765229295,1998.7919233401778,1998.6002737850786,1998.8466803559206,2006.7777678782577,2000.7876200283852,2006.7777678782577,-8.067980061693788,8.067980061693788,False,False,0.164271047227885,5.990147849872528,50.4
sim0014_ME,108,29.861111101984534,1,3sml,3.097878165639972,1.0,9.63921416703478,True,0.9970233074023774,1.2010727638742706,15.0,1997.0807665982204,1998.709787816564,1998.62765229295,1998.7919233401778,1998.6002737850786,1998.8466803559206,2006.7777678782577,2000.7876200283852,2006.7777678782577,-8.067980061693788,8.067980061693788,False,False,0.164271047227885,5.990147849872528,50.4
sim0014_ME,108,29.861111101984534,2,2sm,6.749846686071424,1.0,4.423968793780771,True,0.9133561238508427,2.2785969719684935,1.0,2006.2474332648871,2007.2467488021903,2007.2467488021903,2007.2467488021903,2007.2467488021903,2007.2467488021903,2006.2549370185438,2006.2549370185438,2006.2549370185438,0.9918117836464262,0.9918117836464262,False,False,0.0,0.0,50.4
sim0014_ME,108,29.861111101984534,2,2sm,6.749846686071424,1.0,4.423968793780771,True,0.9133561238508427,2.2785969719684935,2.0,2006.2474332648871,2007.7669404517453,2007.7121834360028,2007.8260780287474,2007.670431211499,2007.9585900068446,2008.2416942854584,2008.2416942854584,2008.2416942854584,-0.47475383371306634,0.47475383371306634,False,False,0.11389459274460023,0.0,50.4
sim0014_ME,108,29.861111101984534,2,2sm,6.749846686071424,1.0,4.423968793780771,True,0.9133561238508427,2.2785969719684935,3.0,2006.2474332648871,2007.7669404517453,2007.7121834360028,2007.8260780287474,2007.670431211499,2007.9585900068446,2008.6151448995406,2008.6151448995406,2008.6151448995406,-0.8482044477952968,0.8482044477952968,False,False,0.11389459274460023,0.0,50.4
sim0014_ME,108,29.861111101984534,2,2sm,6.749846686071424,1.0,4.423968793780771,True,0.9133561238508427,2.2785969719684935,4.0,2006.2474332648871,2007.7669404517453,2007.7121834360028,2007.8260780287474,2007.670431211499,2007.9585900068446,2008.6151448995406,2008.6151448995406,2008.6151448995406,-0.8482044477952968,0.8482044477952968,False,False,0.11389459274460023,0.0,50.4
sim0014_ME,108,29.861111101984534,2,2sm,6.749846686071424,1.0,4.423968793780771,True,0.9133561238508427,2.2785969719684935,5.0,2006.2474332648871,2007.7669404517453,2007.7121834360028,2007.8260780287474,2007.670431211499,2007.9585900068446,2008.6151448995406,2008.6151448995406,2008.6151448995406,-0.8482044477952968,0.8482044477952968,False,False,0.11389459274460023,0.0,50.4
sim0014_ME,108,29.861111101984534,2,2sm,6.749846686071424,1.0,4.423968793780771,True,0.9133561238508427,2.2785969719684935,5.8333333333332575,2006.2474332648871,2007.7669404517453,2007.7121834360028,2007.8260780287474,2007.670431211499,2007.9585900068446,2012.0807665982204,2012.0807665982204,2012.0807665982204,-4.313826146475094,4.313826146475094,False,False,0.11389459274460023,0.0,50.4
